feature_id,part,seq,longitude,latitude,resource_class
MAT-CARB-41,0,0,-83.0650589131895,41.12022208084579,dolomite
MAT-CARB-41,0,1,-83.06433149299419,41.120594031289215,dolomite
MAT-CARB-41,0,2,-83.06311557505687,41.12078402678728,dolomite
MAT-CARB-41,0,3,-83.05897620992285,41.1208034759675,dolomite
MAT-CARB-41,0,4,-83.05726728787735,41.12025869845907,dolomite
MAT-CARB-41,0,5,-83.05556285399197,41.12026664085766,dolomite
MAT-CARB-41,0,6,-83.053862903157,41.12082730317704,dolomite
MAT-CARB-41,0,7,-83.04973691910796,41.1225046359005,dolomite
MAT-CARB-41,0,8,-83.0473167059638,41.1243582990203,dolomite
MAT-CARB-41,0,9,-83.04587630639324,41.12694442426121,dolomite
MAT-CARB-41,0,10,-83.04687398181395,41.129887894586346,dolomite
MAT-CARB-41,0,11,-83.04810637753341,41.13172475336234,dolomite
MAT-CARB-41,0,12,-83.0481344835091,41.135225408748965,dolomite
MAT-CARB-41,0,13,-83.04742158536715,41.137439685423004,dolomite
MAT-CARB-41,0,14,-83.04597501924786,41.139288805140886,dolomite
MAT-CARB-41,0,15,-83.04452396578047,41.14058519571747,dolomite
MAT-CARB-41,0,16,-83.04404566519739,41.14169286099358,dolomite
MAT-CARB-41,0,17,-83.04405447606034,41.1427983331645,dolomite
MAT-CARB-41,0,18,-83.04430389797496,41.14353420457898,dolomite
MAT-CARB-41,0,19,-83.0455261997239,41.14408138414654,dolomite
MAT-CARB-41,0,20,-83.04772132176355,41.14443981512235,dolomite
MAT-CARB-41,0,21,-83.04894511258043,41.145171204460446,dolomite
MAT-CARB-41,0,22,-83.05016595949483,41.14553409122071,dolomite
MAT-CARB-41,0,23,-83.05188145274742,41.146815939227366,dolomite
MAT-CARB-41,0,24,-83.05213548104588,41.148104498155746,dolomite
MAT-CARB-41,0,25,-83.05116855510317,41.14903021992293,dolomite
MAT-CARB-41,0,26,-83.04923169530336,41.150513122168064,dolomite
MAT-CARB-41,0,27,-83.04704818370978,41.15162864654574,dolomite
MAT-CARB-41,0,28,-83.04608113862,41.15255429736043,dolomite
MAT-CARB-41,0,29,-83.04486460052127,41.152744102686846,dolomite
MAT-CARB-41,0,30,-83.04292159952635,41.153489950995706,dolomite
MAT-CARB-41,0,31,-83.04194719329965,41.153494375228654,dolomite
MAT-CARB-41,0,32,-83.03999976566091,41.15368744409363,dolomite
MAT-CARB-41,0,33,-83.0370764649869,41.153700621781944,dolomite
MAT-CARB-41,0,34,-83.03390669616822,41.15334632879128,dolomite
MAT-CARB-41,0,35,-83.02975962751225,41.15262778850609,dolomite
MAT-CARB-41,0,36,-83.02634348932926,41.15190591357692,dolomite
MAT-CARB-41,0,37,-83.02341884937348,41.151734512780436,dolomite
MAT-CARB-41,0,38,-83.0214756791144,41.15248001266102,dolomite
MAT-CARB-41,0,39,-83.02051108551383,41.15377394416512,dolomite
MAT-CARB-41,0,40,-83.02003367061937,41.15506577434291,dolomite
MAT-CARB-41,0,41,-83.02004209405293,41.15617121021603,dolomite
MAT-CARB-41,0,42,-83.02127568579569,41.158192554643406,dolomite
MAT-CARB-41,0,43,-83.02299519052764,41.16002753572958,dolomite
MAT-CARB-41,0,44,-83.02495698373691,41.16167714910949,dolomite
MAT-CARB-41,0,45,-83.02570350777926,41.1637005797953,dolomite
MAT-CARB-41,0,46,-83.02644154767515,41.164618575051655,dolomite
MAT-CARB-41,0,47,-83.0259656256407,41.16609466111185,dolomite
MAT-CARB-41,0,48,-83.02524175784814,41.167019060780206,dolomite
MAT-CARB-41,0,49,-83.02329813593366,41.16776458226033,dolomite
MAT-CARB-41,0,50,-83.02233621797075,41.169426998165314,dolomite
MAT-CARB-41,0,51,-83.02065866977613,41.17311925017981,dolomite
MAT-CARB-41,0,52,-83.0194542823711,41.17496693939127,dolomite
MAT-CARB-41,0,53,-83.01824706716728,41.17644615904581,dolomite
MAT-CARB-41,0,54,-83.0172820734904,41.177740042095635,dolomite
MAT-CARB-41,0,55,-83.01631289663977,41.17848122087084,dolomite
MAT-CARB-41,0,56,-83.01509577716448,41.17867071966358,dolomite
MAT-CARB-41,0,57,-83.0141223979763,41.17885915773963,dolomite
MAT-CARB-41,0,58,-83.01168539918251,41.17886961630481,dolomite
MAT-CARB-41,0,59,-83.01070645453764,41.17832106304483,dolomite
MAT-CARB-41,0,60,-83.00825853018134,41.17685755046624,dolomite
MAT-CARB-41,0,61,-83.00556561058227,41.17521074867561,dolomite
MAT-CARB-41,0,62,-83.00263459475376,41.17430190332667,dolomite
MAT-CARB-41,0,63,-82.9995067838483,41.171189477098444,dolomite
MAT-CARB-41,0,64,-82.9993402772355,41.17106493611805,dolomite
MAT-CARB-41,0,65,-82.99784240568809,41.17006942771561,dolomite
MAT-CARB-41,0,66,-82.99692926801208,41.16976017724288,dolomite
MAT-CARB-41,0,67,-82.9959356028133,41.16976430526078,dolomite
MAT-CARB-41,0,68,-82.99494330003404,41.16995626106284,dolomite
MAT-CARB-41,0,69,-82.99420165843568,41.170460195839354,dolomite
MAT-CARB-41,0,70,-82.99370980411797,41.17115096300342,dolomite
MAT-CARB-41,0,71,-82.99346819300521,41.17209111326971,dolomite
MAT-CARB-41,0,72,-82.9933161444256,41.17397001627797,dolomite
MAT-CARB-41,0,73,-82.99340892216392,41.17534707006037,dolomite
MAT-CARB-41,0,74,-82.993748314532,41.176472631158354,dolomite
MAT-CARB-41,0,75,-82.9935098554443,41.17785105041235,dolomite
MAT-CARB-41,0,76,-82.99335190942399,41.178916058936075,dolomite
MAT-CARB-41,0,77,-82.99311252858071,41.18016924270581,dolomite
MAT-CARB-41,0,78,-82.9928726503407,41.18135982264914,dolomite
MAT-CARB-41,0,79,-82.99155973019305,41.18305567965986,dolomite
MAT-CARB-41,0,80,-82.99048979567443,41.1839992192263,dolomite
MAT-CARB-41,0,81,-82.98925462065581,41.18500602898482,dolomite
MAT-CARB-41,0,82,-82.98801989355475,41.18607545468757,dolomite
MAT-CARB-41,0,83,-82.98637319637764,41.18745956332275,dolomite
MAT-CARB-41,0,84,-82.98546741624814,41.18821454720916,dolomite
MAT-CARB-41,0,85,-82.98473088144507,41.18946972306379,dolomite
MAT-CARB-41,0,86,-82.9844912688626,41.19072288007962,dolomite
MAT-CARB-41,0,87,-82.98450016301366,41.191975028470445,dolomite
MAT-CARB-41,0,88,-82.98467251314356,41.19291346738364,dolomite
MAT-CARB-41,0,89,-82.98500962296198,41.19372602981718,dolomite
MAT-CARB-41,0,90,-82.9855115326137,41.1944126870209,dolomite
MAT-CARB-41,0,91,-82.9857645159328,41.195037750009156,dolomite
MAT-CARB-41,0,92,-82.98617476336177,41.1956468098926,dolomite
MAT-CARB-41,0,93,-82.98690778552448,41.19646826179109,dolomite
MAT-CARB-41,0,94,-82.98802714343518,41.19778372017785,dolomite
MAT-CARB-41,0,95,-82.98940055459147,41.198604953946244,dolomite
MAT-CARB-41,0,96,-82.98976867378009,41.19908578348754,dolomite
MAT-CARB-41,0,97,-82.99069026991081,41.20046007418886,dolomite
MAT-CARB-41,0,98,-82.99079680775948,41.20259566560703,dolomite
MAT-CARB-41,0,99,-82.99026366177702,41.20452716725355,dolomite
MAT-CARB-41,0,100,-82.98972748037453,41.20604525440663,dolomite
MAT-CARB-41,0,101,-82.98864619491629,41.207841189626905,dolomite
MAT-CARB-41,0,102,-82.9874741662925,41.20970636758981,dolomite
MAT-CARB-41,0,103,-82.9862069620176,41.2110207006703,dolomite
MAT-CARB-41,0,104,-82.9840288282169,41.21247653450264,dolomite
MAT-CARB-41,0,105,-82.98148534060945,41.21386485861109,dolomite
MAT-CARB-41,0,106,-82.98057588919814,41.214213051271294,dolomite
MAT-CARB-41,0,107,-82.97902958359695,41.21477047177907,dolomite
MAT-CARB-41,0,108,-82.97693850844732,41.2156745797153,dolomite
MAT-CARB-41,0,109,-82.9760290094883,41.21602270989755,dolomite
MAT-CARB-41,0,110,-82.97439619537954,41.217269453018424,dolomite
MAT-CARB-41,0,111,-82.97367813608052,41.21892599759936,dolomite
MAT-CARB-41,0,112,-82.97314246474225,41.220581786821455,dolomite
MAT-CARB-41,0,113,-82.97269123870235,41.22127260831453,dolomite
MAT-CARB-41,0,114,-82.97151091821567,41.222035188925034,dolomite
MAT-CARB-41,0,115,-82.97014770363411,41.22272959207082,dolomite
MAT-CARB-41,0,116,-82.96878114483096,41.22294166449082,dolomite
MAT-CARB-41,0,117,-82.96441150748586,41.224130075497854,dolomite
MAT-CARB-41,0,118,-82.96277224279697,41.22448093351554,dolomite
MAT-CARB-41,0,119,-82.96113152694123,41.22462509425546,dolomite
MAT-CARB-41,0,120,-82.96040562241267,41.22517910213966,dolomite
MAT-CARB-41,0,121,-82.95832046602737,41.227047477817734,dolomite
MAT-CARB-41,0,122,-82.95777880580872,41.22787640856753,dolomite
MAT-CARB-41,0,123,-82.95787556234475,41.228702866590645,dolomite
MAT-CARB-41,0,124,-82.95842695819161,41.22932087544923,dolomite
MAT-CARB-41,0,125,-82.95897747262208,41.22980108946857,dolomite
MAT-CARB-41,0,126,-82.95916916606566,41.231178389747356,dolomite
MAT-CARB-41,0,127,-82.95837347023658,41.23222303983087,dolomite
MAT-CARB-41,0,128,-82.95700760830167,41.23257276783942,dolomite
MAT-CARB-41,0,129,-82.95564357464035,41.23319809074021,dolomite
MAT-CARB-41,0,130,-82.95510041660978,41.23382030476973,dolomite
MAT-CARB-41,0,131,-82.95493041002425,41.235681306119524,dolomite
MAT-CARB-41,0,132,-82.95474936173581,41.23588870044956,dolomite
MAT-CARB-41,0,133,-82.95456739342565,41.23595830319544,dolomite
MAT-CARB-41,0,134,-82.95429325573814,41.23589043352961,dolomite
MAT-CARB-41,0,135,-82.95401823713063,41.2356847717838,dolomite
MAT-CARB-41,0,136,-82.95246711101144,41.23562173797098,dolomite
MAT-CARB-41,0,137,-82.95110613035325,41.23672931836131,dolomite
MAT-CARB-41,0,138,-82.95083613103708,41.23728156968979,dolomite
MAT-CARB-41,0,139,-82.95076359695425,41.240106807932136,dolomite
MAT-CARB-41,0,140,-82.95123474799922,41.24237881444081,dolomite
MAT-CARB-41,0,141,-82.95179582205238,41.24444374384715,dolomite
MAT-CARB-41,0,142,-82.95181135197147,41.246786343782716,dolomite
MAT-CARB-41,0,143,-82.95145237128044,41.24768342585896,dolomite
MAT-CARB-41,0,144,-82.95054869223674,41.24899596639147,dolomite
MAT-CARB-41,0,145,-82.94882475020022,41.250449371771786,dolomite
MAT-CARB-41,0,146,-82.94764139463915,41.25086723950302,dolomite
MAT-CARB-41,0,147,-82.94564498708728,41.25252831891755,dolomite
MAT-CARB-41,0,148,-82.94482697280714,41.25301367942736,dolomite
MAT-CARB-41,0,149,-82.94409973534525,41.25342978706781,dolomite
MAT-CARB-41,0,150,-82.94291943376865,41.25432988412653,dolomite
MAT-CARB-41,0,151,-82.9423733435673,41.254538607226294,dolomite
MAT-CARB-41,0,152,-82.94146047119922,41.25447306863383,dolomite
MAT-CARB-41,0,153,-82.93954393750806,41.25441121421091,dolomite
MAT-CARB-41,0,154,-82.93899779996597,41.254619922025775,dolomite
MAT-CARB-41,0,155,-82.9385518033782,41.256206296471134,dolomite
MAT-CARB-41,0,156,-82.93755740466418,41.257656854037016,dolomite
MAT-CARB-41,0,157,-82.93684199975716,41.25993321902211,dolomite
MAT-CARB-41,0,158,-82.93657709027534,41.261312189098405,dolomite
MAT-CARB-41,0,159,-82.935307504587,41.26255705149638,dolomite
MAT-CARB-41,0,160,-82.93321920187205,41.26421824089081,dolomite
MAT-CARB-41,0,161,-82.93122161538012,41.26581015508088,dolomite
MAT-CARB-41,0,162,-82.92976843075296,41.266917796426284,dolomite
MAT-CARB-41,0,163,-82.92868329832883,41.26850641177442,dolomite
MAT-CARB-41,0,164,-82.92761819445664,41.270032700378394,dolomite
MAT-CARB-41,0,165,-82.92690322729472,41.272446772310815,dolomite
MAT-CARB-41,0,166,-82.92554884249216,41.274794201484845,dolomite
MAT-CARB-41,0,167,-82.92456162517671,41.277484825892856,dolomite
MAT-CARB-41,0,168,-82.92374230370429,41.277832218521276,dolomite
MAT-CARB-41,0,169,-82.92283345028916,41.27845552948027,dolomite
MAT-CARB-41,0,170,-82.92201410849785,41.27880293745521,dolomite
MAT-CARB-41,0,171,-82.92165197137304,41.27928652008627,dolomite
MAT-CARB-41,0,172,-82.92110518995374,41.27942623496171,dolomite
MAT-CARB-41,0,173,-82.91946900258236,41.280534381900836,dolomite
MAT-CARB-41,0,174,-82.91874008212513,41.280743632573106,dolomite
MAT-CARB-41,0,175,-82.917741100356,41.281573916852146,dolomite
MAT-CARB-41,0,176,-82.9168333706362,41.28240387446702,dolomite
MAT-CARB-41,0,177,-82.91629030788773,41.283163675909236,dolomite
MAT-CARB-41,0,178,-82.91484242139727,41.28523568179829,dolomite
MAT-CARB-41,0,179,-82.9143051811972,41.286960031864155,dolomite
MAT-CARB-41,0,180,-82.91387305139818,41.29095768146128,dolomite
MAT-CARB-41,0,181,-82.91380897461592,41.295436373381335,dolomite
MAT-CARB-41,0,182,-82.91436386454147,41.296605722960905,dolomite
MAT-CARB-41,0,183,-82.91583854817365,41.298874291901555,dolomite
MAT-CARB-41,0,184,-82.91603124734249,41.30052718669056,dolomite
MAT-CARB-41,0,185,-82.91622858857524,41.30293796320066,dolomite
MAT-CARB-41,0,186,-82.91541438265338,41.304180960055156,dolomite
MAT-CARB-41,0,187,-82.91368913095201,41.30577161014314,dolomite
MAT-CARB-41,0,188,-82.9122344274718,41.30681009899787,dolomite
MAT-CARB-41,0,189,-82.91013839439442,41.307506286212394,dolomite
MAT-CARB-41,0,190,-82.90722007066354,41.308136328068656,dolomite
MAT-CARB-41,0,191,-82.9045511173162,41.30835667659714,dolomite
MAT-CARB-41,0,192,-82.90208845227404,41.30884726572811,dolomite
MAT-CARB-41,0,193,-82.89907989532347,41.30968410483727,dolomite
MAT-CARB-41,0,194,-82.8947964248559,41.31114515791888,dolomite
MAT-CARB-41,0,195,-82.89306494613484,41.311770933676954,dolomite
MAT-CARB-41,0,196,-82.8894208708233,41.313298597912215,dolomite
MAT-CARB-41,0,197,-82.88769124972633,41.3142687951083,dolomite
MAT-CARB-41,0,198,-82.8869622257385,41.31454675249894,dolomite
MAT-CARB-41,0,199,-82.88532311521061,41.31537880844613,dolomite
MAT-CARB-41,0,200,-82.88368586967412,41.31655531376737,dolomite
MAT-CARB-41,0,201,-82.8821403148056,41.31780043696212,dolomite
MAT-CARB-41,0,202,-82.88015111950047,41.32138943773555,dolomite
MAT-CARB-41,0,203,-82.87871201628855,41.32539003916532,dolomite
MAT-CARB-41,0,204,-82.8775403025084,41.32821853090921,dolomite
MAT-CARB-41,0,205,-82.87672394376068,41.329254553604684,dolomite
MAT-CARB-41,0,206,-82.87490505199908,41.330707119393935,dolomite
MAT-CARB-41,0,207,-82.87226663038473,41.33264446327031,dolomite
MAT-CARB-41,0,208,-82.87135540965788,41.33306067098246,dolomite
MAT-CARB-41,0,209,-82.86962652543731,41.33430615566929,dolomite
MAT-CARB-41,0,210,-82.86853443818849,41.33506739987069,dolomite
MAT-CARB-41,0,211,-82.86680882971528,41.3369328990456,dolomite
MAT-CARB-41,0,212,-82.8644480153941,41.3396270591758,dolomite
MAT-CARB-41,0,213,-82.8632703147668,41.341490859663224,dolomite
MAT-CARB-41,0,214,-82.86027698087422,41.345564779954344,dolomite
MAT-CARB-41,0,215,-82.85712385632921,41.35089533804643,dolomite
MAT-CARB-41,0,216,-82.85459020139025,41.35565667597239,dolomite
MAT-CARB-41,0,217,-82.85232145248831,41.35869477618551,dolomite
MAT-CARB-41,0,218,-82.85150612394055,41.36007509094037,dolomite
MAT-CARB-41,0,219,-82.85041909804448,41.36193843989418,dolomite
MAT-CARB-41,0,220,-82.84941950600475,41.363043686534766,dolomite
MAT-CARB-41,0,221,-82.84678542628777,41.366220507778486,dolomite
MAT-CARB-41,0,222,-82.84633335471312,41.367186359072775,dolomite
MAT-CARB-41,0,223,-82.84580357385225,41.37083931976106,dolomite
MAT-CARB-41,0,224,-82.84499216059838,41.37304629754651,dolomite
MAT-CARB-41,0,225,-82.8419185280613,41.37492608481345,dolomite
MAT-CARB-41,0,226,-82.84027703070342,41.37568861028199,dolomite
MAT-CARB-41,0,227,-82.83964375375224,41.37699937704823,dolomite
MAT-CARB-41,0,228,-82.83975236474026,41.38044378943771,dolomite
MAT-CARB-41,0,229,-82.83912311962747,41.38258131799433,dolomite
MAT-CARB-41,0,230,-82.83821993519824,41.384788460602394,dolomite
MAT-CARB-41,0,231,-82.83776970804625,41.38616762139696,dolomite
MAT-CARB-41,0,232,-82.83677160135144,41.387686097005826,dolomite
MAT-CARB-41,0,233,-82.83549881343153,41.38913642864971,dolomite
MAT-CARB-41,0,234,-82.83449725993417,41.38996594808191,dolomite
MAT-CARB-41,0,235,-82.83203248047649,41.39073064420445,dolomite
MAT-CARB-41,0,236,-82.82901643957476,41.39094563803119,dolomite
MAT-CARB-41,0,237,-82.82664169910953,41.391434393044555,dolomite
MAT-CARB-41,0,238,-82.82344538464086,41.392200874474504,dolomite
MAT-CARB-41,0,239,-82.8170460786852,41.392355742675996,dolomite
MAT-CARB-41,0,240,-82.81613311587225,41.392633735146944,dolomite
MAT-CARB-41,0,241,-82.81494930729285,41.3936702480578,dolomite
MAT-CARB-41,0,242,-82.81422171835075,41.394498901850845,dolomite
MAT-CARB-41,0,243,-82.81321978989673,41.395328240102174,dolomite
MAT-CARB-41,0,244,-82.81112789677236,41.397744958749136,dolomite
MAT-CARB-41,0,245,-82.80875901079276,41.39961118868481,dolomite
MAT-CARB-41,0,246,-82.80648457352646,41.402166063383966,dolomite
MAT-CARB-41,0,247,-82.8051200838071,41.40375409121798,dolomite
MAT-CARB-41,0,248,-82.80485221528258,41.405201515659904,dolomite
MAT-CARB-41,0,249,-82.80449909960676,41.40802702010122,dolomite
MAT-CARB-41,0,250,-82.80331672633126,41.409476754306084,dolomite
MAT-CARB-41,0,251,-82.80051937980632,41.41100829307186,dolomite
MAT-CARB-41,0,252,-82.7983290529296,41.41204717032712,dolomite
MAT-CARB-41,0,253,-82.79632126333681,41.41301662713781,dolomite
MAT-CARB-41,0,254,-82.79449871143918,41.41453674885318,dolomite
MAT-CARB-41,0,255,-82.7927666806556,41.415849944308974,dolomite
MAT-CARB-41,0,256,-82.78985495882661,41.41937052349124,dolomite
MAT-CARB-41,0,257,-82.787306759086,41.422407901711765,dolomite
MAT-CARB-41,0,258,-82.78558075718212,41.425236589488605,dolomite
MAT-CARB-41,0,259,-82.7846758444644,41.42758105268328,dolomite
MAT-CARB-41,0,260,-82.78404673414538,41.43026929805802,dolomite
MAT-CARB-41,0,261,-82.78441955605824,41.431921826649244,dolomite
MAT-CARB-41,0,262,-82.78561578851024,41.43357236726882,dolomite
MAT-CARB-41,0,263,-82.78836815299117,41.43542583653703,dolomite
MAT-CARB-41,0,264,-82.79066029625253,41.43659146716207,dolomite
MAT-CARB-41,0,265,-82.79276780244005,41.43734413223184,dolomite
MAT-CARB-41,0,266,-82.79633762935696,41.43774871332721,dolomite
MAT-CARB-41,0,267,-82.797529391065,41.438296907817325,dolomite
MAT-CARB-41,0,268,-82.79826464400246,41.4390528702666,dolomite
MAT-CARB-41,0,269,-82.79845215738933,41.440085762727314,dolomite
MAT-CARB-41,0,270,-82.7977250411618,41.44118982639797,dolomite
MAT-CARB-41,0,271,-82.79553669500228,41.442917505800395,dolomite
MAT-CARB-41,0,272,-82.79207171554168,41.445681637670724,dolomite
MAT-CARB-41,0,273,-82.78833162524084,41.448377397259215,dolomite
MAT-CARB-41,0,274,-82.78787412582244,41.448378495525496,dolomite
MAT-CARB-41,0,275,-82.78441984119493,41.451530363062034,dolomite
MAT-CARB-41,0,276,-82.78329913228306,41.452918206788745,dolomite
MAT-CARB-41,0,277,-82.78194634998823,41.45459328745856,dolomite
MAT-CARB-41,0,278,-82.78170233927383,41.45438266568767,dolomite
MAT-CARB-41,0,279,-82.78095542868387,41.45386227159031,dolomite
MAT-CARB-41,0,280,-82.78068410080486,41.45357710768056,dolomite
MAT-CARB-41,0,281,-82.78033978860957,41.453292086162094,dolomite
MAT-CARB-41,0,282,-82.77996714716711,41.45322699184368,dolomite
MAT-CARB-41,0,283,-82.77967392931983,41.452936363566494,dolomite
MAT-CARB-41,0,284,-82.77952676727035,41.452656393036975,dolomite
MAT-CARB-41,0,285,-82.77916133109652,41.45256930964358,dolomite
MAT-CARB-41,0,286,-82.77903570921325,41.452322750408854,dolomite
MAT-CARB-41,0,287,-82.7786625907321,41.452015327307095,dolomite
MAT-CARB-41,0,288,-82.77825273645963,41.451763447451945,dolomite
MAT-CARB-41,0,289,-82.77748445669015,41.45135301155094,dolomite
MAT-CARB-41,0,290,-82.77708209791912,41.451167047058235,dolomite
MAT-CARB-41,0,291,-82.77689063016204,41.451175772180974,dolomite
MAT-CARB-41,0,292,-82.77670251571772,41.45118435212733,dolomite
MAT-CARB-41,0,293,-82.776482408443,41.450910113533226,dolomite
MAT-CARB-41,0,294,-82.77610168852264,41.450647160406795,dolomite
MAT-CARB-41,0,295,-82.77528949569468,41.45019830228094,dolomite
MAT-CARB-41,0,296,-82.77447749932311,41.44980443117791,dolomite
MAT-CARB-41,0,297,-82.77370916792607,41.44936094737694,dolomite
MAT-CARB-41,0,298,-82.77295576743431,41.449010899188515,dolomite
MAT-CARB-41,0,299,-82.77161691183893,41.44830489536751,dolomite
MAT-CARB-41,0,300,-82.77124388922628,41.44813535618887,dolomite
MAT-CARB-41,0,301,-82.7708783928867,41.448015251564875,dolomite
MAT-CARB-41,0,302,-82.77047561976096,41.44769736407088,dolomite
MAT-CARB-41,0,303,-82.7700811097488,41.44763228813817,dolomite
MAT-CARB-41,0,304,-82.76966368118853,41.44730345960096,dolomite
MAT-CARB-41,0,305,-82.76928332751679,41.447111933400514,dolomite
MAT-CARB-41,0,306,-82.7688958228734,41.446964389143005,dolomite
MAT-CARB-41,0,307,-82.7684711057396,41.44665205688928,dolomite
MAT-CARB-41,0,308,-82.76808328015602,41.44642206195817,dolomite
MAT-CARB-41,0,309,-82.7676813741733,41.446318540481016,dolomite
MAT-CARB-41,0,310,-82.76650414251053,41.4458429797451,dolomite
MAT-CARB-41,0,311,-82.7656926939129,41.445553465495784,dolomite
MAT-CARB-41,0,312,-82.76347838100868,41.444948237365,dolomite
MAT-CARB-41,0,313,-82.76265279091275,41.44478514949601,dolomite
MAT-CARB-41,0,314,-82.7619878706805,41.44462721832727,dolomite
MAT-CARB-41,0,315,-82.75877409365982,41.444172494306564,dolomite
MAT-CARB-41,0,316,-82.75794906150027,41.44414127452937,dolomite
MAT-CARB-41,0,317,-82.75646664797505,41.44401255007619,dolomite
MAT-CARB-41,0,318,-82.7559480908575,41.443947692606216,dolomite
MAT-CARB-41,0,319,-82.75480930495902,41.44396111467812,dolomite
MAT-CARB-41,0,320,-82.75442927943452,41.44384099051353,dolomite
MAT-CARB-41,0,321,-82.75369221630231,41.4439085155083,dolomite
MAT-CARB-41,0,322,-82.75325449847138,41.443986375853996,dolomite
MAT-CARB-41,0,323,-82.75284612088892,41.444102681820965,dolomite
MAT-CARB-41,0,324,-82.75247436878375,41.444246364850855,dolomite
MAT-CARB-41,0,325,-82.75217638776904,41.44460426959522,dolomite
MAT-CARB-41,0,326,-82.75211182265063,41.4449066900717,dolomite
MAT-CARB-41,0,327,-82.752105597227,41.445203557138605,dolomite
MAT-CARB-41,0,328,-82.75204094972378,41.44548400772626,dolomite
MAT-CARB-41,0,329,-82.75188864876856,41.44575912918512,dolomite
MAT-CARB-41,0,330,-82.75162693960307,41.446050991520096,dolomite
MAT-CARB-41,0,331,-82.75089035714642,41.446255912615094,dolomite
MAT-CARB-41,0,332,-82.75051152549518,41.44647105411683,dolomite
MAT-CARB-41,0,333,-82.75013303144283,41.446768642334796,dolomite
MAT-CARB-41,0,334,-82.74979050260521,41.44693425306231,dolomite
MAT-CARB-41,0,335,-82.74940469422522,41.446939005098564,dolomite
MAT-CARB-41,0,336,-82.74902649793887,41.44717067955114,dolomite
MAT-CARB-41,0,337,-82.74858968034346,41.447292542720454,dolomite
MAT-CARB-41,0,338,-82.74817191698246,41.44751156975843,dolomite
MAT-CARB-41,0,339,-82.74731644311757,41.44789993348034,dolomite
MAT-CARB-41,0,340,-82.74701133887643,41.44817544523518,dolomite
MAT-CARB-41,0,341,-82.7462329678615,41.448578398533456,dolomite
MAT-CARB-41,0,342,-82.74586225813376,41.44885955480849,dolomite
MAT-CARB-41,0,343,-82.74563738687078,41.44915689567733,dolomite
MAT-CARB-41,0,344,-82.7452375243695,41.44943262394995,dolomite
MAT-CARB-41,0,345,-82.74483746033698,41.44965333074556,dolomite
MAT-CARB-41,0,346,-82.74445162284454,41.44978607315893,dolomite
MAT-CARB-41,0,347,-82.74407293354031,41.449869319747684,dolomite
MAT-CARB-41,0,348,-82.74370214569929,41.45012298637773,dolomite
MAT-CARB-41,0,349,-82.74328688310088,41.450184280075035,dolomite
MAT-CARB-41,0,350,-82.74282875219039,41.450471089338656,dolomite
MAT-CARB-41,0,351,-82.74244998137259,41.45054333231008,dolomite
MAT-CARB-41,0,352,-82.74207091304099,41.45052207284002,dolomite
MAT-CARB-41,0,353,-82.7413060552405,41.45065008330876,dolomite
MAT-CARB-41,0,354,-82.74091252151838,41.45066184507054,dolomite
MAT-CARB-41,0,355,-82.7404888916765,41.45042078027115,dolomite
MAT-CARB-41,0,356,-82.7402108716434,41.45011894396906,dolomite
MAT-CARB-41,0,357,-82.73980052928455,41.44950943775143,dolomite
MAT-CARB-41,0,358,-82.73874045862969,41.448587859459586,dolomite
MAT-CARB-41,0,359,-82.7383460470929,41.44833572998351,dolomite
MAT-CARB-41,0,360,-82.73795947265359,41.44825953416898,dolomite
MAT-CARB-41,0,361,-82.73758778832475,41.44827126918185,dolomite
MAT-CARB-41,0,362,-82.73730984745954,41.44798588231481,dolomite
MAT-CARB-41,0,363,-82.73729421164863,41.44769451821549,dolomite
MAT-CARB-41,0,364,-82.73710269076635,41.44711210651193,dolomite
MAT-CARB-41,0,365,-82.73694137109001,41.44682651550216,dolomite
MAT-CARB-41,0,366,-82.73666343904154,41.44654118165966,dolomite
MAT-CARB-41,0,367,-82.73629184029824,41.446574882370456,dolomite
MAT-CARB-41,0,368,-82.73638030541895,41.44686610342893,dolomite
MAT-CARB-41,0,369,-82.73665094513825,41.44714048102839,dolomite
MAT-CARB-41,0,370,-82.7368487180256,41.44742600041852,dolomite
MAT-CARB-41,0,371,-82.73692254762015,41.44770076553971,dolomite
MAT-CARB-41,0,372,-82.73682158653058,41.44800884404277,dolomite
MAT-CARB-41,0,373,-82.73642873709792,41.44821305199711,dolomite
MAT-CARB-41,0,374,-82.73620376928349,41.44849386381427,dolomite
MAT-CARB-41,0,375,-82.73621210981399,41.44878526964476,dolomite
MAT-CARB-41,0,376,-82.73614128403136,41.44938471008322,dolomite
MAT-CARB-41,0,377,-82.73617879000405,41.449687029497504,dolomite
MAT-CARB-41,0,378,-82.73639220243983,41.45027488392951,dolomite
MAT-CARB-41,0,379,-82.73656083817079,41.450565946057274,dolomite
MAT-CARB-41,0,380,-82.73649623104846,41.45084646911578,dolomite
MAT-CARB-41,0,381,-82.73595651893334,41.45241489928586,dolomite
MAT-CARB-41,0,382,-82.73439647399847,41.45699187752308,dolomite
MAT-CARB-41,0,383,-82.73337136074885,41.45988031715115,dolomite
MAT-CARB-41,0,384,-82.73129746246757,41.460956370755994,dolomite
MAT-CARB-41,0,385,-82.73091824711243,41.46091861980096,dolomite
MAT-CARB-41,0,386,-82.73212200100757,41.456924765942716,dolomite
MAT-CARB-41,0,387,-82.73363741988996,41.45241938127667,dolomite
MAT-CARB-41,0,388,-82.73394023778592,41.45152220078911,dolomite
MAT-CARB-41,0,389,-82.73378953135342,41.450093005804376,dolomite
MAT-CARB-41,0,390,-82.73273927250067,41.449886073585276,dolomite
MAT-CARB-41,0,391,-82.73268188603438,41.45016109512508,dolomite
MAT-CARB-41,0,392,-82.73285054204197,41.45045216242206,dolomite
MAT-CARB-41,0,393,-82.73249805566442,41.45181636984804,dolomite
MAT-CARB-41,0,394,-82.732037939986,41.449414573716794,dolomite
MAT-CARB-41,0,395,-82.73154215020884,41.44936056562902,dolomite
MAT-CARB-41,0,396,-82.73143390874264,41.44967965178594,dolomite
MAT-CARB-41,0,397,-82.73147148354407,41.45214820199419,dolomite
MAT-CARB-41,0,398,-82.73108635132365,41.45035658482131,dolomite
MAT-CARB-41,0,399,-82.73084488435053,41.450071113267335,dolomite
MAT-CARB-41,0,400,-82.73044318475587,41.44982448519863,dolomite
MAT-CARB-41,0,401,-82.73003484937668,41.44978127412409,dolomite
MAT-CARB-41,0,402,-82.72745200507265,41.45114418104069,dolomite
MAT-CARB-41,0,403,-82.72781048762302,41.45243044560489,dolomite
MAT-CARB-41,0,404,-82.72805698650414,41.45331477331261,dolomite
MAT-CARB-41,0,405,-82.72788302583825,41.45361195548463,dolomite
MAT-CARB-41,0,406,-82.72748278888166,41.45380514857051,dolomite
MAT-CARB-41,0,407,-82.72711033719365,41.45359693592431,dolomite
MAT-CARB-41,0,408,-82.72697813620552,41.45328930825375,dolomite
MAT-CARB-41,0,409,-82.72693341459303,41.45299799914326,dolomite
MAT-CARB-41,0,410,-82.7266871934835,41.45243254502978,dolomite
MAT-CARB-41,0,411,-82.72656598647272,41.45210797284814,dolomite
MAT-CARB-41,0,412,-82.72634638790707,41.45182799182524,dolomite
MAT-CARB-41,0,413,-82.72511719917671,41.45243547262422,dolomite
MAT-CARB-41,0,414,-82.72457084153062,41.4527054813695,dolomite
MAT-CARB-41,0,415,-82.7244843088542,41.45298603839824,dolomite
MAT-CARB-41,0,416,-82.7242155642097,41.45326693582963,dolomite
MAT-CARB-41,0,417,-82.72383013682729,41.45354253724897,dolomite
MAT-CARB-41,0,418,-82.72346753922808,41.45410951574155,dolomite
MAT-CARB-41,0,419,-82.72317694760554,41.45440144981164,dolomite
MAT-CARB-41,0,420,-82.72246452734436,41.45498004594255,dolomite
MAT-CARB-41,0,421,-82.72260499367106,41.45559005445275,dolomite
MAT-CARB-41,0,422,-82.7226571527536,41.455919859371036,dolomite
MAT-CARB-41,0,423,-82.722067609832,41.45619583296583,dolomite
MAT-CARB-41,0,424,-82.72172912484167,41.45523429124608,dolomite
MAT-CARB-41,0,425,-82.72131445732543,41.455471456899325,dolomite
MAT-CARB-41,0,426,-82.72088450580941,41.45550524456387,dolomite
MAT-CARB-41,0,427,-82.72111435607181,41.45669787572396,dolomite
MAT-CARB-41,0,428,-82.72062658134466,41.456880208080406,dolomite
MAT-CARB-41,0,429,-82.72024363343935,41.45568234421223,dolomite
MAT-CARB-41,0,430,-82.72,41.45579464447556,dolomite
MAT-CARB-41,0,431,-82.72,41.43775630552453,dolomite
MAT-CARB-41,0,432,-82.72070254950107,41.436048822156934,dolomite
MAT-CARB-41,0,433,-82.72325329533993,41.432737349693134,dolomite
MAT-CARB-41,0,434,-82.72360969043254,41.429843241865825,dolomite
MAT-CARB-41,0,435,-82.72232404409499,41.42833002007141,dolomite
MAT-CARB-41,0,436,-82.72030843680787,41.42736927251351,dolomite
MAT-CARB-41,0,437,-82.72,41.42722709962324,dolomite
MAT-CARB-41,0,438,-82.72,41.408070311243335,dolomite
MAT-CARB-41,0,439,-82.7210897235153,41.40781554116854,dolomite
MAT-CARB-41,0,440,-82.7229168986054,41.40726100333366,dolomite
MAT-CARB-41,0,441,-82.72511255736524,41.4075324802793,dolomite
MAT-CARB-41,0,442,-82.72639511928091,41.408218997033835,dolomite
MAT-CARB-41,0,443,-82.72676228211313,41.40863165627947,dolomite
MAT-CARB-41,0,444,-82.72676687829586,41.410009507757174,dolomite
MAT-CARB-41,0,445,-82.7262255241459,41.412215064717756,dolomite
MAT-CARB-41,0,446,-82.72385493848269,41.414424070423934,dolomite
MAT-CARB-41,0,447,-82.72239704170781,41.416080184552975,dolomite
MAT-CARB-41,0,448,-82.72149096975645,41.41869976160122,dolomite
MAT-CARB-41,0,449,-82.72149456172878,41.41980202870164,dolomite
MAT-CARB-41,0,450,-82.72241237027858,41.42076482957898,dolomite
MAT-CARB-41,0,451,-82.72534477384316,41.422412750963375,dolomite
MAT-CARB-41,0,452,-82.72681009110173,41.422961111251134,dolomite
MAT-CARB-41,0,453,-82.7291901707251,41.4235077367627,dolomite
MAT-CARB-41,0,454,-82.73083520151037,41.4230912347663,dolomite
MAT-CARB-41,0,455,-82.7326627077365,41.42253655524719,dolomite
MAT-CARB-41,0,456,-82.73394183496465,41.422120719325456,dolomite
MAT-CARB-41,0,457,-82.73485556617631,41.42184338662693,dolomite
MAT-CARB-41,0,458,-82.73485604224445,41.42198115938328,dolomite
MAT-CARB-41,0,459,-82.73430868019001,41.4223955781082,dolomite
MAT-CARB-41,0,460,-82.73431058014978,41.42294669623499,dolomite
MAT-CARB-41,0,461,-82.73614280496406,41.42376982714399,dolomite
MAT-CARB-41,0,462,-82.74236375474743,41.42403296762032,dolomite
MAT-CARB-41,0,463,-82.74565921109439,41.42471518692918,dolomite
MAT-CARB-41,0,464,-82.74693880037152,41.424436985601155,dolomite
MAT-CARB-41,0,465,-82.74968041194484,41.42374241609374,dolomite
MAT-CARB-41,0,466,-82.75132226575153,41.422498915466186,dolomite
MAT-CARB-41,0,467,-82.75223235175045,41.42125695926446,dolomite
MAT-CARB-41,0,468,-82.75259414564763,41.420153924573064,dolomite
MAT-CARB-41,0,469,-82.75387001829212,41.41891118271124,dolomite
MAT-CARB-41,0,470,-82.75459808818226,41.417945165737535,dolomite
MAT-CARB-41,0,471,-82.75477846033883,41.417255856685614,dolomite
MAT-CARB-41,0,472,-82.75587132571728,41.41601345158812,dolomite
MAT-CARB-41,0,473,-82.7573299702074,41.414770278496576,dolomite
MAT-CARB-41,0,474,-82.75860670361995,41.413803055474496,dolomite
MAT-CARB-41,0,475,-82.75915283415391,41.41311294831987,dolomite
MAT-CARB-41,0,476,-82.76079905199829,41.41310938029677,dolomite
MAT-CARB-41,0,477,-82.76245002095737,41.41434583394051,dolomite
MAT-CARB-41,0,478,-82.76300198088448,41.4151713274234,dolomite
MAT-CARB-41,0,479,-82.76392245461341,41.41668493459661,dolomite
MAT-CARB-41,0,480,-82.76447227060322,41.416959299818515,dolomite
MAT-CARB-41,0,481,-82.76502105300715,41.416958088629464,dolomite
MAT-CARB-41,0,482,-82.76575055954248,41.41640534967125,dolomite
MAT-CARB-41,0,483,-82.76611480525114,41.41599116394303,dolomite
MAT-CARB-41,0,484,-82.76611210824822,41.415302269935765,dolomite
MAT-CARB-41,0,485,-82.76592596319772,41.41447598032426,dolomite
MAT-CARB-41,0,486,-82.76647306857997,41.414061387308,dolomite
MAT-CARB-41,0,487,-82.76738655867238,41.41378380505842,dolomite
MAT-CARB-41,0,488,-82.76866585321284,41.41350536955943,dolomite
MAT-CARB-41,0,489,-82.77067734340682,41.413363072499926,dolomite
MAT-CARB-41,0,490,-82.77140790197633,41.413085844650304,dolomite
MAT-CARB-41,0,491,-82.77250094876796,41.411981085053185,dolomite
MAT-CARB-41,0,492,-82.77249321629552,41.41005211475539,dolomite
MAT-CARB-41,0,493,-82.77285458536902,41.4089490091809,dolomite
MAT-CARB-41,0,494,-82.77358508762366,41.40867176709323,dolomite
MAT-CARB-41,0,495,-82.77468248184398,41.40866925889231,dolomite
MAT-CARB-41,0,496,-82.77486593197358,41.40880664136171,dolomite
MAT-CARB-41,0,497,-82.7757809939274,41.40894231612929,dolomite
MAT-CARB-41,0,498,-82.77651316548747,41.40907840568802,dolomite
MAT-CARB-41,0,499,-82.7766954987604,41.40894020990273,dolomite
MAT-CARB-41,0,500,-82.77706072459229,41.40880159148171,dolomite
MAT-CARB-41,0,501,-82.77742429840326,41.40824959482501,dolomite
MAT-CARB-41,0,502,-82.77778726701531,41.407559850191284,dolomite
MAT-CARB-41,0,503,-82.77814970076747,41.40673227490371,dolomite
MAT-CARB-41,0,504,-82.77979289136681,41.406039547438816,dolomite
MAT-CARB-41,0,505,-82.78162011021777,41.40562188899452,dolomite
MAT-CARB-41,0,506,-82.7827157359568,41.405205956747736,dolomite
MAT-CARB-41,0,507,-82.7832627008849,41.40479131143314,dolomite
MAT-CARB-41,0,508,-82.78380847229796,41.404101087167334,dolomite
MAT-CARB-41,0,509,-82.78417020212895,41.40313574431953,dolomite
MAT-CARB-41,0,510,-82.78508231759756,41.40258244815393,dolomite
MAT-CARB-41,0,511,-82.78654424105794,41.402303384548446,dolomite
MAT-CARB-41,0,512,-82.7869088296258,41.40202693326736,dolomite
MAT-CARB-41,0,513,-82.78727286951072,41.401612705977286,dolomite
MAT-CARB-41,0,514,-82.78781740809305,41.40064688459123,dolomite
MAT-CARB-41,0,515,-82.78873238617695,41.400782488858006,dolomite
MAT-CARB-41,0,516,-82.7900136996244,41.401054977030114,dolomite
MAT-CARB-41,0,517,-82.79147911420696,41.40160255654602,dolomite
MAT-CARB-41,0,518,-82.79330788892943,41.401598097800814,dolomite
MAT-CARB-41,0,519,-82.79458628743285,41.40118160829519,dolomite
MAT-CARB-41,0,520,-82.79531598272568,41.40076645742591,dolomite
MAT-CARB-41,0,521,-82.79558098611697,41.399497153933225,dolomite
MAT-CARB-41,0,522,-82.79575965863191,41.39853219575949,dolomite
MAT-CARB-41,0,523,-82.7952062761539,41.3974312916957,dolomite
MAT-CARB-41,0,524,-82.7942865593335,41.39619345210327,dolomite
MAT-CARB-41,0,525,-82.79318580249306,41.39536943262326,dolomite
MAT-CARB-41,0,526,-82.79318045557268,41.394129370992566,dolomite
MAT-CARB-41,0,527,-82.79336033698368,41.393439990990515,dolomite
MAT-CARB-41,0,528,-82.79408999310894,41.39302484493799,dolomite
MAT-CARB-41,0,529,-82.79426986237699,41.39233546296756,dolomite
MAT-CARB-41,0,530,-82.79408462988364,41.39178478104088,dolomite
MAT-CARB-41,0,531,-82.79316857418623,41.39137366496781,dolomite
MAT-CARB-41,0,532,-82.792435967302,41.39109987186144,dolomite
MAT-CARB-41,0,533,-82.79142317343798,41.3909993955122,dolomite
MAT-CARB-41,0,534,-82.79042400438266,41.390966984542565,dolomite
MAT-CARB-41,0,535,-82.78950856841563,41.390693616189246,dolomite
MAT-CARB-41,0,536,-82.78841029602043,41.39042068072293,dolomite
MAT-CARB-41,0,537,-82.78805851233888,41.39013549356364,dolomite
MAT-CARB-41,0,538,-82.78804169016435,41.389732624806534,dolomite
MAT-CARB-41,0,539,-82.78840445224222,41.38904283789248,dolomite
MAT-CARB-41,0,540,-82.78931634411192,41.3884894759036,dolomite
MAT-CARB-41,0,541,-82.79040811621464,41.38724675520973,dolomite
MAT-CARB-41,0,542,-82.79052348576472,41.38676594043931,dolomite
MAT-CARB-41,0,543,-82.79022116464513,41.38628268104269,dolomite
MAT-CARB-41,0,544,-82.78912003173565,41.385320841249666,dolomite
MAT-CARB-41,0,545,-82.7880165957211,41.383807829065994,dolomite
MAT-CARB-41,0,546,-82.78764624492254,41.38270641059346,dolomite
MAT-CARB-41,0,547,-82.78873210494272,41.38008581942141,dolomite
MAT-CARB-41,0,548,-82.78999896415081,41.377051411178115,dolomite
MAT-CARB-41,0,549,-82.79199868356903,41.3744285640408,dolomite
MAT-CARB-41,0,550,-82.79344983131998,41.371807049364996,dolomite
MAT-CARB-41,0,551,-82.79353970766098,41.37077102816943,dolomite
MAT-CARB-41,0,552,-82.79298424471202,41.369692697547904,dolomite
MAT-CARB-41,0,553,-82.79160764399127,41.36850458760768,dolomite
MAT-CARB-41,0,554,-82.79050383703185,41.3668537997497,dolomite
MAT-CARB-41,0,555,-82.7904306965777,41.365047914473855,dolomite
MAT-CARB-41,0,556,-82.79103983474275,41.363958897622965,dolomite
MAT-CARB-41,0,557,-82.79212763157011,41.36188940828145,dolomite
MAT-CARB-41,0,558,-82.79194013406591,41.360787538378396,dolomite
MAT-CARB-41,0,559,-82.79138649377764,41.3595487772616,dolomite
MAT-CARB-41,0,560,-82.79046677033595,41.358173091941296,dolomite
MAT-CARB-41,0,561,-82.79009538074187,41.35679607211802,dolomite
MAT-CARB-41,0,562,-82.79099739725775,41.35403806941961,dolomite
MAT-CARB-41,0,563,-82.79226600158474,41.35155475097597,dolomite
MAT-CARB-41,0,564,-82.79335772119968,41.350449747648796,dolomite
MAT-CARB-41,0,565,-82.79408393860925,41.34934563090457,dolomite
MAT-CARB-41,0,566,-82.79444403902373,41.34810462695702,dolomite
MAT-CARB-41,0,567,-82.79498450000135,41.34631199331446,dolomite
MAT-CARB-41,0,568,-82.79570282634452,41.343416573986794,dolomite
MAT-CARB-41,0,569,-82.79752284416355,41.34175856754326,dolomite
MAT-CARB-41,0,570,-82.79825010906669,41.34093000811052,dolomite
MAT-CARB-41,0,571,-82.79842919428957,41.34010281034854,dolomite
MAT-CARB-41,0,572,-82.79823320097381,41.33707185216909,dolomite
MAT-CARB-41,0,573,-82.79859557892931,41.336381978521885,dolomite
MAT-CARB-41,0,574,-82.79968452544294,41.33472574943596,dolomite
MAT-CARB-41,0,575,-82.80095919143407,41.33375798720965,dolomite
MAT-CARB-41,0,576,-82.80204926149842,41.33237732508424,dolomite
MAT-CARB-41,0,577,-82.80328808460554,41.33038229582664,dolomite
MAT-CARB-41,0,578,-82.8036125697346,41.32907333500644,dolomite
MAT-CARB-41,0,579,-82.80349893464302,41.32828458052096,dolomite
MAT-CARB-41,0,580,-82.80238953681571,41.326726910378305,dolomite
MAT-CARB-41,0,581,-82.80091898191498,41.32466368266483,dolomite
MAT-CARB-41,0,582,-82.80072776768428,41.322309452440265,dolomite
MAT-CARB-41,0,583,-82.80052442361625,41.317624942617826,dolomite
MAT-CARB-41,0,584,-82.80177673164808,41.311696574175535,dolomite
MAT-CARB-41,0,585,-82.80357793595496,41.306042402773976,dolomite
MAT-CARB-41,0,586,-82.80575208820264,41.30217856843885,dolomite
MAT-CARB-41,0,587,-82.80756826946536,41.299969159579994,dolomite
MAT-CARB-41,0,588,-82.81029294834175,41.29679280099165,dolomite
MAT-CARB-41,0,589,-82.81101765316515,41.295550722579755,dolomite
MAT-CARB-41,0,590,-82.81282652433224,41.29182549075772,dolomite
MAT-CARB-41,0,591,-82.81391314201217,41.28989347503489,dolomite
MAT-CARB-41,0,592,-82.81608427384774,41.2856159895592,dolomite
MAT-CARB-41,0,593,-82.81861124721068,41.27940834365569,dolomite
MAT-CARB-41,0,594,-82.81988263158605,41.27802697577395,dolomite
MAT-CARB-41,0,595,-82.82114876708515,41.275543179135376,dolomite
MAT-CARB-41,0,596,-82.82242136852892,41.27443735654506,dolomite
MAT-CARB-41,0,597,-82.82460394860158,41.272777867136995,dolomite
MAT-CARB-41,0,598,-82.82678311736568,41.270429338318976,dolomite
MAT-CARB-41,0,599,-82.8282333665597,41.2683583478373,dolomite
MAT-CARB-41,0,600,-82.82968756495889,41.267114152387926,dolomite
MAT-CARB-41,0,601,-82.83150337622786,41.26517992740973,dolomite
MAT-CARB-41,0,602,-82.83404301274794,41.262003450183904,dolomite
MAT-CARB-41,0,603,-82.8351326197964,41.260897990554255,dolomite
MAT-CARB-41,0,604,-82.83658517154896,41.2593780975654,dolomite
MAT-CARB-41,0,605,-82.83858649112311,41.25813224440256,dolomite
MAT-CARB-41,0,606,-82.8429490194093,41.25467477595868,dolomite
MAT-CARB-41,0,607,-82.84549401857339,41.25273822634801,dolomite
MAT-CARB-41,0,608,-82.84749006149778,41.25052760245474,dolomite
MAT-CARB-41,0,609,-82.85039761314185,41.248176482355056,dolomite
MAT-CARB-41,0,610,-82.8532404845163,41.245677754248234,dolomite
MAT-CARB-41,0,611,-82.85578561092942,41.24387876377075,dolomite
MAT-CARB-41,0,612,-82.85905893235967,41.241801945941106,dolomite
MAT-CARB-41,0,613,-82.86049179169811,41.24085231192849,dolomite
MAT-CARB-41,0,614,-82.86224174175406,41.2391027267316,dolomite
MAT-CARB-41,0,615,-82.86504808208568,41.23585824513678,dolomite
MAT-CARB-41,0,616,-82.86639391273077,41.23427247292161,dolomite
MAT-CARB-41,0,617,-82.86890547886787,41.231108372953415,dolomite
MAT-CARB-41,0,618,-82.87084774120966,41.22881238885168,dolomite
MAT-CARB-41,0,619,-82.87302168542679,41.22604953501261,dolomite
MAT-CARB-41,0,620,-82.87627917449844,41.22135392796235,dolomite
MAT-CARB-41,0,621,-82.87844956491541,41.218039758348056,dolomite
MAT-CARB-41,0,622,-82.88043660343848,41.214588300165005,dolomite
MAT-CARB-41,0,623,-82.88333606331497,41.211271674733986,dolomite
MAT-CARB-41,0,624,-82.88660229261818,41.20836723092022,dolomite
MAT-CARB-41,0,625,-82.88787646146663,41.207949685515516,dolomite
MAT-CARB-41,0,626,-82.88969140886323,41.206427904644286,dolomite
MAT-CARB-41,0,627,-82.89368494800657,41.20324523240482,dolomite
MAT-CARB-41,0,628,-82.89695436263975,41.2010295201178,dolomite
MAT-CARB-41,0,629,-82.89895367273802,41.19992039897941,dolomite
MAT-CARB-41,0,630,-82.89931833709025,41.19991918152471,dolomite
MAT-CARB-41,0,631,-82.90495284933307,41.19686844826448,dolomite
MAT-CARB-41,0,632,-82.90567890268638,41.19631473807848,dolomite
MAT-CARB-41,0,633,-82.90895255297951,41.19492551643619,dolomite
MAT-CARB-41,0,634,-82.91349395658678,41.19215369911466,dolomite
MAT-CARB-41,0,635,-82.91512560503273,41.19063217253461,dolomite
MAT-CARB-41,0,636,-82.91620687131051,41.188561259988006,dolomite
MAT-CARB-41,0,637,-82.916918426336,41.18566479964445,dolomite
MAT-CARB-41,0,638,-82.91727458439473,41.18428545034109,dolomite
MAT-CARB-41,0,639,-82.91799787059766,41.18331824219631,dolomite
MAT-CARB-41,0,640,-82.91962920709626,41.18179661691449,dolomite
MAT-CARB-41,0,641,-82.92071784541308,41.18096593457633,dolomite
MAT-CARB-41,0,642,-82.92234732252952,41.17916867517266,dolomite
MAT-CARB-41,0,643,-82.92561121324903,41.176400867984306,dolomite
MAT-CARB-41,0,644,-82.9283315150628,41.174186200476925,dolomite
MAT-CARB-41,0,645,-82.92960479004695,41.17376820001372,dolomite
MAT-CARB-41,0,646,-82.92993087700853,41.17379778082179,dolomite
MAT-CARB-41,0,647,-82.9303347434892,41.17390337458074,dolomite
MAT-CARB-41,0,648,-82.93143358239972,41.17472627256594,dolomite
MAT-CARB-41,0,649,-82.93216529558889,41.17513705854688,dolomite
MAT-CARB-41,0,650,-82.9328961432544,41.17541004235623,dolomite
MAT-CARB-41,0,651,-82.93331938512914,41.175488396159494,dolomite
MAT-CARB-41,0,652,-82.93380747501232,41.17540673774862,dolomite
MAT-CARB-41,0,653,-82.93419593926812,41.17513219453654,dolomite
MAT-CARB-41,0,654,-82.93444017802261,41.17467444910079,dolomite
MAT-CARB-41,0,655,-82.93438048487188,41.173927062788685,dolomite
MAT-CARB-41,0,656,-82.93378995102765,41.17265059156692,dolomite
MAT-CARB-41,0,657,-82.93376458215828,41.172081071214436,dolomite
MAT-CARB-41,0,658,-82.93403484336535,41.17139478792567,dolomite
MAT-CARB-41,0,659,-82.93486776720297,41.17016606141737,dolomite
MAT-CARB-41,0,660,-82.9367959928736,41.168494466093414,dolomite
MAT-CARB-41,0,661,-82.94169277901301,41.16475554650422,dolomite
MAT-CARB-41,0,662,-82.94260132278553,41.16433875146194,dolomite
MAT-CARB-41,0,663,-82.94314624289193,41.164061100441856,dolomite
MAT-CARB-41,0,664,-82.94513922413425,41.16226215593084,dolomite
MAT-CARB-41,0,665,-82.94604681276576,41.16170750766405,dolomite
MAT-CARB-41,0,666,-82.94676854966944,41.1606023107021,dolomite
MAT-CARB-41,0,667,-82.94657550108863,41.15894929384651,dolomite
MAT-CARB-41,0,668,-82.94638696892454,41.15798532580112,dolomite
MAT-CARB-41,0,669,-82.9461930358725,41.15619447839934,dolomite
MAT-CARB-41,0,670,-82.94691467580932,41.15508927630473,dolomite
MAT-CARB-41,0,671,-82.94854378710555,41.1534294257336,dolomite
MAT-CARB-41,0,672,-82.94999875739434,41.15301051748928,dolomite
MAT-CARB-41,0,673,-82.95127245202045,41.1527300793644,dolomite
MAT-CARB-41,0,674,-82.95163595135479,41.152590902582915,dolomite
MAT-CARB-41,0,675,-82.95199853641789,41.15231389752529,dolomite
MAT-CARB-41,0,676,-82.95199488566297,41.15176264363144,dolomite
MAT-CARB-41,0,677,-82.95290045013661,41.150932339412826,dolomite
MAT-CARB-41,0,678,-82.9539918577276,41.15065256262337,dolomite
MAT-CARB-41,0,679,-82.95654092325417,41.15036724145405,dolomite
MAT-CARB-41,0,680,-82.95745010839224,41.15008812911866,dolomite
MAT-CARB-41,0,681,-82.95799485431182,41.14981040753909,dolomite
MAT-CARB-41,0,682,-82.96016550446879,41.14745923991742,dolomite
MAT-CARB-41,0,683,-82.96215568614848,41.14538436203009,dolomite
MAT-CARB-41,0,684,-82.96341889655811,41.143587878324645,dolomite
MAT-CARB-41,0,685,-82.96384244579285,41.142960834447535,dolomite
MAT-CARB-41,0,686,-82.96510740869813,41.14143995879633,dolomite
MAT-CARB-41,0,687,-82.9655872820547,41.14096097278657,dolomite
MAT-CARB-41,0,688,-82.96718074531239,41.13926630969614,dolomite
MAT-CARB-41,0,689,-82.968118889734,41.138194794592486,dolomite
MAT-CARB-41,0,690,-82.97065412887449,41.135979789459945,dolomite
MAT-CARB-41,0,691,-82.97191976344232,41.13459666286231,dolomite
MAT-CARB-41,0,692,-82.97226882375432,41.13239023537467,dolomite
MAT-CARB-41,0,693,-82.974587080611,41.12521462930489,dolomite
MAT-CARB-41,0,694,-82.97602783859125,41.12286602552456,dolomite
MAT-CARB-41,0,695,-82.97772540732907,41.12,dolomite
MAT-CARB-41,0,696,-83.06525192104947,41.12,dolomite
MAT-CARB-41,0,697,-83.0650589131895,41.12022208084579,dolomite
MAT-CARB-70,0,0,-82.97602783859125,41.12286602552456,dolomite
MAT-CARB-70,0,1,-82.974587080611,41.12521462930489,dolomite
MAT-CARB-70,0,2,-82.97226882375432,41.13239023537467,dolomite
MAT-CARB-70,0,3,-82.97191976344232,41.13459666286231,dolomite
MAT-CARB-70,0,4,-82.97065412887449,41.135979789459945,dolomite
MAT-CARB-70,0,5,-82.968118889734,41.138194794592486,dolomite
MAT-CARB-70,0,6,-82.96718074531239,41.13926630969614,dolomite
MAT-CARB-70,0,7,-82.9655872820547,41.14096097278657,dolomite
MAT-CARB-70,0,8,-82.96510740869813,41.14143995879633,dolomite
MAT-CARB-70,0,9,-82.96384244579285,41.142960834447535,dolomite
MAT-CARB-70,0,10,-82.96341889655811,41.143587878324645,dolomite
MAT-CARB-70,0,11,-82.96215568614848,41.14538436203009,dolomite
MAT-CARB-70,0,12,-82.96016550446879,41.14745923991742,dolomite
MAT-CARB-70,0,13,-82.95799485431182,41.14981040753909,dolomite
MAT-CARB-70,0,14,-82.95745010839224,41.15008812911866,dolomite
MAT-CARB-70,0,15,-82.95654092325417,41.15036724145405,dolomite
MAT-CARB-70,0,16,-82.9539918577276,41.15065256262337,dolomite
MAT-CARB-70,0,17,-82.95290045013661,41.150932339412826,dolomite
MAT-CARB-70,0,18,-82.95199488566297,41.15176264363144,dolomite
MAT-CARB-70,0,19,-82.95199853641789,41.15231389752529,dolomite
MAT-CARB-70,0,20,-82.95163595135479,41.152590902582915,dolomite
MAT-CARB-70,0,21,-82.95127245202045,41.1527300793644,dolomite
MAT-CARB-70,0,22,-82.94999875739434,41.15301051748928,dolomite
MAT-CARB-70,0,23,-82.94854378710555,41.1534294257336,dolomite
MAT-CARB-70,0,24,-82.94691467580932,41.15508927630473,dolomite
MAT-CARB-70,0,25,-82.9461930358725,41.15619447839934,dolomite
MAT-CARB-70,0,26,-82.94638696892454,41.15798532580112,dolomite
MAT-CARB-70,0,27,-82.94657550108863,41.15894929384651,dolomite
MAT-CARB-70,0,28,-82.94676854966944,41.1606023107021,dolomite
MAT-CARB-70,0,29,-82.94604681276576,41.16170750766405,dolomite
MAT-CARB-70,0,30,-82.94513922413425,41.16226215593084,dolomite
MAT-CARB-70,0,31,-82.94314624289193,41.164061100441856,dolomite
MAT-CARB-70,0,32,-82.94260132278553,41.16433875146194,dolomite
MAT-CARB-70,0,33,-82.94169277901301,41.16475554650422,dolomite
MAT-CARB-70,0,34,-82.9367959928736,41.168494466093414,dolomite
MAT-CARB-70,0,35,-82.93486776720297,41.17016606141737,dolomite
MAT-CARB-70,0,36,-82.93403484336535,41.17139478792567,dolomite
MAT-CARB-70,0,37,-82.93376458215828,41.172081071214436,dolomite
MAT-CARB-70,0,38,-82.93378995102765,41.17265059156692,dolomite
MAT-CARB-70,0,39,-82.93438048487188,41.173927062788685,dolomite
MAT-CARB-70,0,40,-82.93444017802261,41.17467444910079,dolomite
MAT-CARB-70,0,41,-82.93419593926812,41.17513219453654,dolomite
MAT-CARB-70,0,42,-82.93380747501232,41.17540673774862,dolomite
MAT-CARB-70,0,43,-82.93331938512914,41.175488396159494,dolomite
MAT-CARB-70,0,44,-82.9328961432544,41.17541004235623,dolomite
MAT-CARB-70,0,45,-82.93216529558889,41.17513705854688,dolomite
MAT-CARB-70,0,46,-82.93143358239972,41.17472627256594,dolomite
MAT-CARB-70,0,47,-82.9303347434892,41.17390337458074,dolomite
MAT-CARB-70,0,48,-82.92993087700853,41.17379778082179,dolomite
MAT-CARB-70,0,49,-82.92960479004695,41.17376820001372,dolomite
MAT-CARB-70,0,50,-82.9283315150628,41.174186200476925,dolomite
MAT-CARB-70,0,51,-82.92561121324903,41.176400867984306,dolomite
MAT-CARB-70,0,52,-82.92234732252952,41.17916867517266,dolomite
MAT-CARB-70,0,53,-82.92071784541308,41.18096593457633,dolomite
MAT-CARB-70,0,54,-82.91962920709626,41.18179661691449,dolomite
MAT-CARB-70,0,55,-82.91799787059766,41.18331824219631,dolomite
MAT-CARB-70,0,56,-82.91727458439473,41.18428545034109,dolomite
MAT-CARB-70,0,57,-82.916918426336,41.18566479964445,dolomite
MAT-CARB-70,0,58,-82.91620687131051,41.188561259988006,dolomite
MAT-CARB-70,0,59,-82.91512560503273,41.19063217253461,dolomite
MAT-CARB-70,0,60,-82.91349395658678,41.19215369911466,dolomite
MAT-CARB-70,0,61,-82.90895255297951,41.19492551643619,dolomite
MAT-CARB-70,0,62,-82.90567890268638,41.19631473807848,dolomite
MAT-CARB-70,0,63,-82.90495284933307,41.19686844826448,dolomite
MAT-CARB-70,0,64,-82.89931833709025,41.19991918152471,dolomite
MAT-CARB-70,0,65,-82.89895367273802,41.19992039897941,dolomite
MAT-CARB-70,0,66,-82.89695436263975,41.2010295201178,dolomite
MAT-CARB-70,0,67,-82.89368494800657,41.20324523240482,dolomite
MAT-CARB-70,0,68,-82.88969140886323,41.206427904644286,dolomite
MAT-CARB-70,0,69,-82.88787646146663,41.207949685515516,dolomite
MAT-CARB-70,0,70,-82.88660229261818,41.20836723092022,dolomite
MAT-CARB-70,0,71,-82.88333606331497,41.211271674733986,dolomite
MAT-CARB-70,0,72,-82.88043660343848,41.214588300165005,dolomite
MAT-CARB-70,0,73,-82.87844956491541,41.218039758348056,dolomite
MAT-CARB-70,0,74,-82.87627917449844,41.22135392796235,dolomite
MAT-CARB-70,0,75,-82.87302168542679,41.22604953501261,dolomite
MAT-CARB-70,0,76,-82.87084774120966,41.22881238885168,dolomite
MAT-CARB-70,0,77,-82.86890547886787,41.231108372953415,dolomite
MAT-CARB-70,0,78,-82.86639391273077,41.23427247292161,dolomite
MAT-CARB-70,0,79,-82.86504808208568,41.23585824513678,dolomite
MAT-CARB-70,0,80,-82.86224174175406,41.2391027267316,dolomite
MAT-CARB-70,0,81,-82.86049179169811,41.24085231192849,dolomite
MAT-CARB-70,0,82,-82.85905893235967,41.241801945941106,dolomite
MAT-CARB-70,0,83,-82.85578561092942,41.24387876377075,dolomite
MAT-CARB-70,0,84,-82.8532404845163,41.245677754248234,dolomite
MAT-CARB-70,0,85,-82.85039761314185,41.248176482355056,dolomite
MAT-CARB-70,0,86,-82.84749006149778,41.25052760245474,dolomite
MAT-CARB-70,0,87,-82.84549401857339,41.25273822634801,dolomite
MAT-CARB-70,0,88,-82.8429490194093,41.25467477595868,dolomite
MAT-CARB-70,0,89,-82.83858649112311,41.25813224440256,dolomite
MAT-CARB-70,0,90,-82.83658517154896,41.2593780975654,dolomite
MAT-CARB-70,0,91,-82.8351326197964,41.260897990554255,dolomite
MAT-CARB-70,0,92,-82.83404301274794,41.262003450183904,dolomite
MAT-CARB-70,0,93,-82.83150337622786,41.26517992740973,dolomite
MAT-CARB-70,0,94,-82.82968756495889,41.267114152387926,dolomite
MAT-CARB-70,0,95,-82.8282333665597,41.2683583478373,dolomite
MAT-CARB-70,0,96,-82.82678311736568,41.270429338318976,dolomite
MAT-CARB-70,0,97,-82.82460394860158,41.272777867136995,dolomite
MAT-CARB-70,0,98,-82.82242136852892,41.27443735654506,dolomite
MAT-CARB-70,0,99,-82.82114876708515,41.275543179135376,dolomite
MAT-CARB-70,0,100,-82.81988263158605,41.27802697577395,dolomite
MAT-CARB-70,0,101,-82.81861124721068,41.27940834365569,dolomite
MAT-CARB-70,0,102,-82.81608427384774,41.2856159895592,dolomite
MAT-CARB-70,0,103,-82.81391314201217,41.28989347503489,dolomite
MAT-CARB-70,0,104,-82.81282652433224,41.29182549075772,dolomite
MAT-CARB-70,0,105,-82.81101765316515,41.295550722579755,dolomite
MAT-CARB-70,0,106,-82.81029294834175,41.29679280099165,dolomite
MAT-CARB-70,0,107,-82.80756826946536,41.299969159579994,dolomite
MAT-CARB-70,0,108,-82.80575208820264,41.30217856843885,dolomite
MAT-CARB-70,0,109,-82.80357793595496,41.306042402773976,dolomite
MAT-CARB-70,0,110,-82.80177673164808,41.311696574175535,dolomite
MAT-CARB-70,0,111,-82.80052442361625,41.317624942617826,dolomite
MAT-CARB-70,0,112,-82.80072776768428,41.322309452440265,dolomite
MAT-CARB-70,0,113,-82.80091898191498,41.32466368266483,dolomite
MAT-CARB-70,0,114,-82.80238953681571,41.326726910378305,dolomite
MAT-CARB-70,0,115,-82.80349893464302,41.32828458052096,dolomite
MAT-CARB-70,0,116,-82.8036125697346,41.32907333500644,dolomite
MAT-CARB-70,0,117,-82.80328808460554,41.33038229582664,dolomite
MAT-CARB-70,0,118,-82.80204926149842,41.33237732508424,dolomite
MAT-CARB-70,0,119,-82.80095919143407,41.33375798720965,dolomite
MAT-CARB-70,0,120,-82.79968452544294,41.33472574943596,dolomite
MAT-CARB-70,0,121,-82.79859557892931,41.336381978521885,dolomite
MAT-CARB-70,0,122,-82.79823320097381,41.33707185216909,dolomite
MAT-CARB-70,0,123,-82.79842919428957,41.34010281034854,dolomite
MAT-CARB-70,0,124,-82.79825010906669,41.34093000811052,dolomite
MAT-CARB-70,0,125,-82.79752284416355,41.34175856754326,dolomite
MAT-CARB-70,0,126,-82.79570282634452,41.343416573986794,dolomite
MAT-CARB-70,0,127,-82.79498450000135,41.34631199331446,dolomite
MAT-CARB-70,0,128,-82.79444403902373,41.34810462695702,dolomite
MAT-CARB-70,0,129,-82.79408393860925,41.34934563090457,dolomite
MAT-CARB-70,0,130,-82.79335772119968,41.350449747648796,dolomite
MAT-CARB-70,0,131,-82.79226600158474,41.35155475097597,dolomite
MAT-CARB-70,0,132,-82.79099739725775,41.35403806941961,dolomite
MAT-CARB-70,0,133,-82.79009538074187,41.35679607211802,dolomite
MAT-CARB-70,0,134,-82.79046677033595,41.358173091941296,dolomite
MAT-CARB-70,0,135,-82.79138649377764,41.3595487772616,dolomite
MAT-CARB-70,0,136,-82.79194013406591,41.360787538378396,dolomite
MAT-CARB-70,0,137,-82.79212763157011,41.36188940828145,dolomite
MAT-CARB-70,0,138,-82.79103983474275,41.363958897622965,dolomite
MAT-CARB-70,0,139,-82.7904306965777,41.365047914473855,dolomite
MAT-CARB-70,0,140,-82.79050383703185,41.3668537997497,dolomite
MAT-CARB-70,0,141,-82.79160764399127,41.36850458760768,dolomite
MAT-CARB-70,0,142,-82.79298424471202,41.369692697547904,dolomite
MAT-CARB-70,0,143,-82.79353970766098,41.37077102816943,dolomite
MAT-CARB-70,0,144,-82.79344983131998,41.371807049364996,dolomite
MAT-CARB-70,0,145,-82.79199868356903,41.3744285640408,dolomite
MAT-CARB-70,0,146,-82.78999896415081,41.377051411178115,dolomite
MAT-CARB-70,0,147,-82.78873210494272,41.38008581942141,dolomite
MAT-CARB-70,0,148,-82.78764624492254,41.38270641059346,dolomite
MAT-CARB-70,0,149,-82.7880165957211,41.383807829065994,dolomite
MAT-CARB-70,0,150,-82.78912003173565,41.385320841249666,dolomite
MAT-CARB-70,0,151,-82.79022116464513,41.38628268104269,dolomite
MAT-CARB-70,0,152,-82.79052348576472,41.38676594043931,dolomite
MAT-CARB-70,0,153,-82.79040811621464,41.38724675520973,dolomite
MAT-CARB-70,0,154,-82.78931634411192,41.3884894759036,dolomite
MAT-CARB-70,0,155,-82.78840445224222,41.38904283789248,dolomite
MAT-CARB-70,0,156,-82.78804169016435,41.389732624806534,dolomite
MAT-CARB-70,0,157,-82.78805851233888,41.39013549356364,dolomite
MAT-CARB-70,0,158,-82.78841029602043,41.39042068072293,dolomite
MAT-CARB-70,0,159,-82.78950856841563,41.390693616189246,dolomite
MAT-CARB-70,0,160,-82.79042400438266,41.390966984542565,dolomite
MAT-CARB-70,0,161,-82.79142317343798,41.3909993955122,dolomite
MAT-CARB-70,0,162,-82.792435967302,41.39109987186144,dolomite
MAT-CARB-70,0,163,-82.79316857418623,41.39137366496781,dolomite
MAT-CARB-70,0,164,-82.79408462988364,41.39178478104088,dolomite
MAT-CARB-70,0,165,-82.79426986237699,41.39233546296756,dolomite
MAT-CARB-70,0,166,-82.79408999310894,41.39302484493799,dolomite
MAT-CARB-70,0,167,-82.79336033698368,41.393439990990515,dolomite
MAT-CARB-70,0,168,-82.79318045557268,41.394129370992566,dolomite
MAT-CARB-70,0,169,-82.79318580249306,41.39536943262326,dolomite
MAT-CARB-70,0,170,-82.7942865593335,41.39619345210327,dolomite
MAT-CARB-70,0,171,-82.7952062761539,41.3974312916957,dolomite
MAT-CARB-70,0,172,-82.79575965863191,41.39853219575949,dolomite
MAT-CARB-70,0,173,-82.79558098611697,41.399497153933225,dolomite
MAT-CARB-70,0,174,-82.79531598272568,41.40076645742591,dolomite
MAT-CARB-70,0,175,-82.79458628743285,41.40118160829519,dolomite
MAT-CARB-70,0,176,-82.79330788892943,41.401598097800814,dolomite
MAT-CARB-70,0,177,-82.79147911420696,41.40160255654602,dolomite
MAT-CARB-70,0,178,-82.7900136996244,41.401054977030114,dolomite
MAT-CARB-70,0,179,-82.78873238617695,41.400782488858006,dolomite
MAT-CARB-70,0,180,-82.78781740809305,41.40064688459123,dolomite
MAT-CARB-70,0,181,-82.78727286951072,41.401612705977286,dolomite
MAT-CARB-70,0,182,-82.7869088296258,41.40202693326736,dolomite
MAT-CARB-70,0,183,-82.78654424105794,41.402303384548446,dolomite
MAT-CARB-70,0,184,-82.78508231759756,41.40258244815393,dolomite
MAT-CARB-70,0,185,-82.78417020212895,41.40313574431953,dolomite
MAT-CARB-70,0,186,-82.78380847229796,41.404101087167334,dolomite
MAT-CARB-70,0,187,-82.7832627008849,41.40479131143314,dolomite
MAT-CARB-70,0,188,-82.7827157359568,41.405205956747736,dolomite
MAT-CARB-70,0,189,-82.78162011021777,41.40562188899452,dolomite
MAT-CARB-70,0,190,-82.77979289136681,41.406039547438816,dolomite
MAT-CARB-70,0,191,-82.77814970076747,41.40673227490371,dolomite
MAT-CARB-70,0,192,-82.77778726701531,41.407559850191284,dolomite
MAT-CARB-70,0,193,-82.77742429840326,41.40824959482501,dolomite
MAT-CARB-70,0,194,-82.77706072459229,41.40880159148171,dolomite
MAT-CARB-70,0,195,-82.7766954987604,41.40894020990273,dolomite
MAT-CARB-70,0,196,-82.77651316548747,41.40907840568802,dolomite
MAT-CARB-70,0,197,-82.7757809939274,41.40894231612929,dolomite
MAT-CARB-70,0,198,-82.77486593197358,41.40880664136171,dolomite
MAT-CARB-70,0,199,-82.77468248184398,41.40866925889231,dolomite
MAT-CARB-70,0,200,-82.77358508762366,41.40867176709323,dolomite
MAT-CARB-70,0,201,-82.77285458536902,41.4089490091809,dolomite
MAT-CARB-70,0,202,-82.77249321629552,41.41005211475539,dolomite
MAT-CARB-70,0,203,-82.77250094876796,41.411981085053185,dolomite
MAT-CARB-70,0,204,-82.77140790197633,41.413085844650304,dolomite
MAT-CARB-70,0,205,-82.77067734340682,41.413363072499926,dolomite
MAT-CARB-70,0,206,-82.76866585321284,41.41350536955943,dolomite
MAT-CARB-70,0,207,-82.76738655867238,41.41378380505842,dolomite
MAT-CARB-70,0,208,-82.76647306857997,41.414061387308,dolomite
MAT-CARB-70,0,209,-82.76592596319772,41.41447598032426,dolomite
MAT-CARB-70,0,210,-82.76611210824822,41.415302269935765,dolomite
MAT-CARB-70,0,211,-82.76611480525114,41.41599116394303,dolomite
MAT-CARB-70,0,212,-82.76575055954248,41.41640534967125,dolomite
MAT-CARB-70,0,213,-82.76502105300715,41.416958088629464,dolomite
MAT-CARB-70,0,214,-82.76447227060322,41.416959299818515,dolomite
MAT-CARB-70,0,215,-82.76392245461341,41.41668493459661,dolomite
MAT-CARB-70,0,216,-82.76300198088448,41.4151713274234,dolomite
MAT-CARB-70,0,217,-82.76245002095737,41.41434583394051,dolomite
MAT-CARB-70,0,218,-82.76079905199829,41.41310938029677,dolomite
MAT-CARB-70,0,219,-82.75915283415391,41.41311294831987,dolomite
MAT-CARB-70,0,220,-82.75860670361995,41.413803055474496,dolomite
MAT-CARB-70,0,221,-82.7573299702074,41.414770278496576,dolomite
MAT-CARB-70,0,222,-82.75587132571728,41.41601345158812,dolomite
MAT-CARB-70,0,223,-82.75477846033883,41.417255856685614,dolomite
MAT-CARB-70,0,224,-82.75459808818226,41.417945165737535,dolomite
MAT-CARB-70,0,225,-82.75387001829212,41.41891118271124,dolomite
MAT-CARB-70,0,226,-82.75259414564763,41.420153924573064,dolomite
MAT-CARB-70,0,227,-82.75223235175045,41.42125695926446,dolomite
MAT-CARB-70,0,228,-82.75132226575153,41.422498915466186,dolomite
MAT-CARB-70,0,229,-82.74968041194484,41.42374241609374,dolomite
MAT-CARB-70,0,230,-82.74693880037152,41.424436985601155,dolomite
MAT-CARB-70,0,231,-82.74565921109439,41.42471518692918,dolomite
MAT-CARB-70,0,232,-82.74236375474743,41.42403296762032,dolomite
MAT-CARB-70,0,233,-82.73614280496406,41.42376982714399,dolomite
MAT-CARB-70,0,234,-82.73431058014978,41.42294669623499,dolomite
MAT-CARB-70,0,235,-82.73430868019001,41.4223955781082,dolomite
MAT-CARB-70,0,236,-82.73485604224445,41.42198115938328,dolomite
MAT-CARB-70,0,237,-82.73485556617631,41.42184338662693,dolomite
MAT-CARB-70,0,238,-82.73394183496465,41.422120719325456,dolomite
MAT-CARB-70,0,239,-82.7326627077365,41.42253655524719,dolomite
MAT-CARB-70,0,240,-82.73083520151037,41.4230912347663,dolomite
MAT-CARB-70,0,241,-82.7291901707251,41.4235077367627,dolomite
MAT-CARB-70,0,242,-82.72681009110173,41.422961111251134,dolomite
MAT-CARB-70,0,243,-82.72534477384316,41.422412750963375,dolomite
MAT-CARB-70,0,244,-82.72241237027858,41.42076482957898,dolomite
MAT-CARB-70,0,245,-82.72149456172878,41.41980202870164,dolomite
MAT-CARB-70,0,246,-82.72149096975645,41.41869976160122,dolomite
MAT-CARB-70,0,247,-82.72239704170781,41.416080184552975,dolomite
MAT-CARB-70,0,248,-82.72385493848269,41.414424070423934,dolomite
MAT-CARB-70,0,249,-82.7262255241459,41.412215064717756,dolomite
MAT-CARB-70,0,250,-82.72676687829586,41.410009507757174,dolomite
MAT-CARB-70,0,251,-82.72676228211313,41.40863165627947,dolomite
MAT-CARB-70,0,252,-82.72639511928091,41.408218997033835,dolomite
MAT-CARB-70,0,253,-82.72511255736524,41.4075324802793,dolomite
MAT-CARB-70,0,254,-82.7229168986054,41.40726100333366,dolomite
MAT-CARB-70,0,255,-82.7210897235153,41.40781554116854,dolomite
MAT-CARB-70,0,256,-82.72,41.408070311243335,dolomite
MAT-CARB-70,0,257,-82.72,41.38185289965782,dolomite
MAT-CARB-70,0,258,-82.72152987551927,41.381969368124736,dolomite
MAT-CARB-70,0,259,-82.72464022481735,41.38265252537168,dolomite
MAT-CARB-70,0,260,-82.72793115266026,41.38264631399581,dolomite
MAT-CARB-70,0,261,-82.73185823947513,41.38153647706005,dolomite
MAT-CARB-70,0,262,-82.73422999243121,41.380085099750445,dolomite
MAT-CARB-70,0,263,-82.73504936891013,41.37911899293146,dolomite
MAT-CARB-70,0,264,-82.7357763611082,41.377877449595715,dolomite
MAT-CARB-70,0,265,-82.7363212015335,41.37684296890965,dolomite
MAT-CARB-70,0,266,-82.7367633877587,41.372570649844256,dolomite
MAT-CARB-70,0,267,-82.7365760388449,41.371262021639296,dolomite
MAT-CARB-70,0,268,-82.73629846280174,41.37029803182628,dolomite
MAT-CARB-70,0,269,-82.7363980508139,41.35690779645322,dolomite
MAT-CARB-70,0,270,-82.73603039164455,41.35628846628018,dolomite
MAT-CARB-70,0,271,-82.73601915866304,41.353050401085625,dolomite
MAT-CARB-70,0,272,-82.73628896748546,41.35180975566785,dolomite
MAT-CARB-70,0,273,-82.73692496015836,41.35077507089026,dolomite
MAT-CARB-70,0,274,-82.73801712022296,41.349532790572084,dolomite
MAT-CARB-70,0,275,-82.7382892912915,41.34898106831426,dolomite
MAT-CARB-70,0,276,-82.73791848969041,41.34746609637344,dolomite
MAT-CARB-70,0,277,-82.73782134635164,41.34581279671477,dolomite
MAT-CARB-70,0,278,-82.73809088893206,41.344503235870754,dolomite
MAT-CARB-70,0,279,-82.738071365034,41.33892268861872,dolomite
MAT-CARB-70,0,280,-82.73834132165449,41.33775090217232,dolomite
MAT-CARB-70,0,281,-82.73879541893993,41.33699215088153,dolomite
MAT-CARB-70,0,282,-82.73934137629242,41.33637099693541,dolomite
MAT-CARB-70,0,283,-82.7400726941667,41.3365073167124,dolomite
MAT-CARB-70,0,284,-82.74034722959476,41.33664454925599,dolomite
MAT-CARB-70,0,285,-82.74108172526388,41.33767654146139,dolomite
MAT-CARB-70,0,286,-82.7419984217987,41.33857032286855,dolomite
MAT-CARB-70,0,287,-82.74309570752253,41.33884369445013,dolomite
MAT-CARB-70,0,288,-82.74382677631638,41.33891111396641,dolomite
MAT-CARB-70,0,289,-82.74492279865828,41.33883997333304,dolomite
MAT-CARB-70,0,290,-82.74528700441421,41.33849475757616,dolomite
MAT-CARB-70,0,291,-82.7454684663737,41.33814988773316,dolomite
MAT-CARB-70,0,292,-82.74518522701673,41.33560130439559,dolomite
MAT-CARB-70,0,293,-82.74462942337983,41.33346664978477,dolomite
MAT-CARB-70,0,294,-82.74414024747703,41.32725240567257,dolomite
MAT-CARB-70,0,295,-82.74486453725754,41.32545962436242,dolomite
MAT-CARB-70,0,296,-82.74595785239673,41.32469950255388,dolomite
MAT-CARB-70,0,297,-82.74659294565873,41.3235269613348,dolomite
MAT-CARB-70,0,298,-82.74686547930852,41.32311299182502,dolomite
MAT-CARB-70,0,299,-82.7469420645763,41.31904789835587,dolomite
MAT-CARB-70,0,300,-82.74775676482099,41.31704821010089,dolomite
MAT-CARB-70,0,301,-82.74911908973462,41.31497844148969,dolomite
MAT-CARB-70,0,302,-82.75039457507619,41.31414901454375,dolomite
MAT-CARB-70,0,303,-82.75294600081995,41.31262790275054,dolomite
MAT-CARB-70,0,304,-82.75467900853926,41.312073060038756,dolomite
MAT-CARB-70,0,305,-82.75641046743335,41.31110478318918,dolomite
MAT-CARB-70,0,306,-82.75795977086072,41.31027468628212,dolomite
MAT-CARB-70,0,307,-82.76124032348869,41.308476220251876,dolomite
MAT-CARB-70,0,308,-82.76406602564528,41.307160958343495,dolomite
MAT-CARB-70,0,309,-82.7659801130391,41.30626104293626,dolomite
MAT-CARB-70,0,310,-82.76880777136134,41.30549686276939,dolomite
MAT-CARB-70,0,311,-82.7714533381042,41.304870814657484,dolomite
MAT-CARB-70,0,312,-82.77364339611633,41.30452132257836,dolomite
MAT-CARB-70,0,313,-82.78194488313133,41.30264182082971,dolomite
MAT-CARB-70,0,314,-82.78367829777773,41.30229324610384,dolomite
MAT-CARB-70,0,315,-82.78623023687054,41.30118479579363,dolomite
MAT-CARB-70,0,316,-82.78832413131666,41.29973291234447,dolomite
MAT-CARB-70,0,317,-82.79141488165884,41.2965560754657,dolomite
MAT-CARB-70,0,318,-82.79373281922575,41.29454452276855,dolomite
MAT-CARB-70,0,319,-82.79464310439663,41.29392220019887,dolomite
MAT-CARB-70,0,320,-82.79609366936616,41.29157606306964,dolomite
MAT-CARB-70,0,321,-82.79872360001794,41.28757339703288,dolomite
MAT-CARB-70,0,322,-82.80126563628588,41.28439764188613,dolomite
MAT-CARB-70,0,323,-82.80281037968665,41.28280907630134,dolomite
MAT-CARB-70,0,324,-82.80326588278604,41.28260122602001,dolomite
MAT-CARB-70,0,325,-82.80717416537546,41.27887067829255,dolomite
MAT-CARB-70,0,326,-82.81053972043115,41.27631270940535,dolomite
MAT-CARB-70,0,327,-82.81263201592549,41.27479146564583,dolomite
MAT-CARB-70,0,328,-82.81399819342185,41.27416779379487,dolomite
MAT-CARB-70,0,329,-82.81509118837398,41.273682615455925,dolomite
MAT-CARB-70,0,330,-82.81736778984387,41.27257419785123,dolomite
MAT-CARB-70,0,331,-82.81955043332458,41.27091479826249,dolomite
MAT-CARB-70,0,332,-82.82082131552268,41.26946447603884,dolomite
MAT-CARB-70,0,333,-82.82181316391474,41.26691250912264,dolomite
MAT-CARB-70,0,334,-82.8228952110391,41.26415358533445,dolomite
MAT-CARB-70,0,335,-82.82480008681485,41.26173690722325,dolomite
MAT-CARB-70,0,336,-82.82679871702491,41.25987115888256,dolomite
MAT-CARB-70,0,337,-82.82861774017034,41.258625971159184,dolomite
MAT-CARB-70,0,338,-82.8306707647491,41.25751455303672,dolomite
MAT-CARB-70,0,339,-82.8327664077093,41.256888639367205,dolomite
MAT-CARB-70,0,340,-82.83449700888802,41.25626370961118,dolomite
MAT-CARB-70,0,341,-82.83531754262542,41.25612359369844,dolomite
MAT-CARB-70,0,342,-82.83622897446004,41.25591433450254,dolomite
MAT-CARB-70,0,343,-82.83804977047969,41.25508239752601,dolomite
MAT-CARB-70,0,344,-82.83959779873766,41.25445790855665,dolomite
MAT-CARB-70,0,345,-82.83994457502465,41.25080516748961,dolomite
MAT-CARB-70,0,346,-82.84112686475927,41.25004390244879,dolomite
MAT-CARB-70,0,347,-82.84303694220638,41.2488671078649,dolomite
MAT-CARB-70,0,348,-82.84558172199375,41.24693054796649,dolomite
MAT-CARB-70,0,349,-82.84649194846084,41.2465145090511,dolomite
MAT-CARB-70,0,350,-82.8474004076447,41.245753944464845,dolomite
MAT-CARB-70,0,351,-82.84894464704966,41.244440347150295,dolomite
MAT-CARB-70,0,352,-82.85121719916756,41.24284895091656,dolomite
MAT-CARB-70,0,353,-82.85685088284833,41.238560374877274,dolomite
MAT-CARB-70,0,354,-82.85737343777859,41.23731041252777,dolomite
MAT-CARB-70,0,355,-82.85809886653172,41.23568708487768,dolomite
MAT-CARB-70,0,356,-82.85864397595009,41.23527204183119,dolomite
MAT-CARB-70,0,357,-82.85936718184924,41.23402961326579,dolomite
MAT-CARB-70,0,358,-82.86027205368387,41.23264886504164,dolomite
MAT-CARB-70,0,359,-82.86244797778913,41.23016179647176,dolomite
MAT-CARB-70,0,360,-82.8628084040559,41.22933388019717,dolomite
MAT-CARB-70,0,361,-82.86371093807358,41.22753966800223,dolomite
MAT-CARB-70,0,362,-82.8644280765317,41.22519480317824,dolomite
MAT-CARB-70,0,363,-82.86569530379491,41.223399485813225,dolomite
MAT-CARB-70,0,364,-82.86732208417445,41.22063836908478,dolomite
MAT-CARB-70,0,365,-82.86912962138486,41.21760110172504,dolomite
MAT-CARB-70,0,366,-82.87093624764258,41.21442595131234,dolomite
MAT-CARB-70,0,367,-82.8725678361987,41.21262941486456,dolomite
MAT-CARB-70,0,368,-82.87473812915502,41.20931526385087,dolomite
MAT-CARB-70,0,369,-82.87673271415242,41.20724187574177,dolomite
MAT-CARB-70,0,370,-82.87945276592039,41.204477136101715,dolomite
MAT-CARB-70,0,371,-82.88035683894431,41.20309620583103,dolomite
MAT-CARB-70,0,372,-82.8816294051997,41.202403107527125,dolomite
MAT-CARB-70,0,373,-82.88362590415272,41.20074303499001,dolomite
MAT-CARB-70,0,374,-82.88580541546219,41.199220134355095,dolomite
MAT-CARB-70,0,375,-82.88980186435481,41.19658881307837,dolomite
MAT-CARB-70,0,376,-82.8925249266972,41.19451276188521,dolomite
MAT-CARB-70,0,377,-82.89487917363331,41.19174884240409,dolomite
MAT-CARB-70,0,378,-82.89596267224117,41.18995373494937,dolomite
MAT-CARB-70,0,379,-82.89777294250605,41.18774280109779,dolomite
MAT-CARB-70,0,380,-82.8999452588216,41.18511717156934,dolomite
MAT-CARB-70,0,381,-82.9017577062596,41.18331956069206,dolomite
MAT-CARB-70,0,382,-82.9046637923785,41.1815182492999,dolomite
MAT-CARB-70,0,383,-82.90720760000967,41.180131499578515,dolomite
MAT-CARB-70,0,384,-82.9141110397062,41.17624909574979,dolomite
MAT-CARB-70,0,385,-82.9171970768574,41.174171188159065,dolomite
MAT-CARB-70,0,386,-82.9177405277507,41.173618059149675,dolomite
MAT-CARB-70,0,387,-82.91846281281082,41.17251304285977,dolomite
MAT-CARB-70,0,388,-82.9199099296493,41.17071641618626,dolomite
MAT-CARB-70,0,389,-82.92172146871006,41.168918511269574,dolomite
MAT-CARB-70,0,390,-82.9237117335551,41.16656868161143,dolomite
MAT-CARB-70,0,391,-82.92552646328747,41.165321908455475,dolomite
MAT-CARB-70,0,392,-82.92624943169018,41.16435466452097,dolomite
MAT-CARB-70,0,393,-82.92715547648721,41.1635245630095,dolomite
MAT-CARB-70,0,394,-82.92915059676506,41.162001482451124,dolomite
MAT-CARB-70,0,395,-82.93114736920548,41.1607539650324,dolomite
MAT-CARB-70,0,396,-82.93296271936924,41.159644927616654,dolomite
MAT-CARB-70,0,397,-82.93441440868256,41.15867495932391,dolomite
MAT-CARB-70,0,398,-82.93532555318414,41.1586716429671,dolomite
MAT-CARB-70,0,399,-82.93569175614242,41.158945940382104,dolomite
MAT-CARB-70,0,400,-82.9360632818189,41.160047086097535,dolomite
MAT-CARB-70,0,401,-82.93716284945091,41.161007738633636,dolomite
MAT-CARB-70,0,402,-82.93825979306594,41.16155498369693,dolomite
MAT-CARB-70,0,403,-82.93898874654707,41.161552307686215,dolomite
MAT-CARB-70,0,404,-82.94026260953795,41.161271988800515,dolomite
MAT-CARB-70,0,405,-82.94153200377578,41.160302606497254,dolomite
MAT-CARB-70,0,406,-82.94207246880016,41.15933593660582,dolomite
MAT-CARB-70,0,407,-82.94188310673577,41.15823413507818,dolomite
MAT-CARB-70,0,408,-82.94133195313574,41.15754710463076,dolomite
MAT-CARB-70,0,409,-82.94005194363906,41.156862758120596,dolomite
MAT-CARB-70,0,410,-82.9383623780461,41.15603337425106,dolomite
MAT-CARB-70,0,411,-82.93762821742213,41.15520916695835,dolomite
MAT-CARB-70,0,412,-82.93725580997005,41.15397022260791,dolomite
MAT-CARB-70,0,413,-82.93743363887427,41.15328050203749,dolomite
MAT-CARB-70,0,414,-82.93997572819191,41.15189305409733,dolomite
MAT-CARB-70,0,415,-82.94106987588655,41.15202682259726,dolomite
MAT-CARB-70,0,416,-82.94234623204893,41.15215990655194,dolomite
MAT-CARB-70,0,417,-82.94380124960612,41.15174107327006,dolomite
MAT-CARB-70,0,418,-82.94452647153147,41.15118713665394,dolomite
MAT-CARB-70,0,419,-82.94543211922102,41.150356888706746,dolomite
MAT-CARB-70,0,420,-82.94578935329388,41.14925304680272,dolomite
MAT-CARB-70,0,421,-82.94669315609497,41.14814716036117,dolomite
MAT-CARB-70,0,422,-82.94778183231395,41.14745401162549,dolomite
MAT-CARB-70,0,423,-82.94923758704653,41.14717293856535,dolomite
MAT-CARB-70,0,424,-82.95124084698136,41.14702755700058,dolomite
MAT-CARB-70,0,425,-82.95269570054579,41.14660861384992,dolomite
MAT-CARB-70,0,426,-82.95559085292815,41.14434303345924,dolomite
MAT-CARB-70,0,427,-82.95740228943488,41.14204282303909,dolomite
MAT-CARB-70,0,428,-82.95796875691752,41.141523317225825,dolomite
MAT-CARB-70,0,429,-82.95866830490651,41.1406598428637,dolomite
MAT-CARB-70,0,430,-82.95957178528343,41.13955385219731,dolomite
MAT-CARB-70,0,431,-82.96120021787834,41.13789378315401,dolomite
MAT-CARB-70,0,432,-82.9639159574112,41.13540261440757,dolomite
MAT-CARB-70,0,433,-82.96481928319798,41.134296579903406,dolomite
MAT-CARB-70,0,434,-82.96608406380584,41.13277568450882,dolomite
MAT-CARB-70,0,435,-82.9673336945171,41.129049780802085,dolomite
MAT-CARB-70,0,436,-82.9680424602505,41.12615289255559,dolomite
MAT-CARB-70,0,437,-82.96848800285429,41.12,dolomite
MAT-CARB-70,0,438,-82.97772540732907,41.12,dolomite
MAT-CARB-70,0,439,-82.97602783859125,41.12286602552456,dolomite
MAT-CARB-104,0,0,-82.72057970807552,41.33525759221337,dolomite
MAT-CARB-104,0,1,-82.72349842764446,41.333874269126014,dolomite
MAT-CARB-104,0,2,-82.72531899991304,41.33194175524761,dolomite
MAT-CARB-104,0,3,-82.72622514350952,41.32973534624408,dolomite
MAT-CARB-104,0,4,-82.72677000960006,41.328769747755345,dolomite
MAT-CARB-104,0,5,-82.727858736628,41.32656300245609,dolomite
MAT-CARB-104,0,6,-82.72839750721272,41.323806101319164,dolomite
MAT-CARB-104,0,7,-82.7291193920941,41.321186626263746,dolomite
MAT-CARB-104,0,8,-82.73038870841974,41.318428277398496,dolomite
MAT-CARB-104,0,9,-82.73184482517017,41.31690975071693,dolomite
MAT-CARB-104,0,10,-82.73329847944052,41.31470220069506,dolomite
MAT-CARB-104,0,11,-82.73493851468663,41.31359662964358,dolomite
MAT-CARB-104,0,12,-82.73530236149101,41.31318253160952,dolomite
MAT-CARB-104,0,13,-82.7354826150791,41.31249319500585,dolomite
MAT-CARB-104,0,14,-82.73675538131701,41.31083714847773,dolomite
MAT-CARB-104,0,15,-82.7382130856369,41.30986967515737,dolomite
MAT-CARB-104,0,16,-82.73966738961133,41.30793763341267,dolomite
MAT-CARB-104,0,17,-82.74057222558022,41.30559328990745,dolomite
MAT-CARB-104,0,18,-82.7431186301141,41.30269441245889,dolomite
MAT-CARB-104,0,19,-82.74366596250535,41.302555513337026,dolomite
MAT-CARB-104,0,20,-82.74657981725967,41.300344796042516,dolomite
MAT-CARB-104,0,21,-82.74712465966925,41.29951689653357,dolomite
MAT-CARB-104,0,22,-82.74967506866717,41.297858051367555,dolomite
MAT-CARB-104,0,23,-82.75131544944173,41.29702784158997,dolomite
MAT-CARB-104,0,24,-82.75404777417465,41.295230702890095,dolomite
MAT-CARB-104,0,25,-82.75514127598181,41.29467720038369,dolomite
MAT-CARB-104,0,26,-82.75879364674172,41.29480714895901,dolomite
MAT-CARB-104,0,27,-82.76062064660172,41.29507878835008,dolomite
MAT-CARB-104,0,28,-82.76218217675394,41.29518008441032,dolomite
MAT-CARB-104,0,29,-82.76436161166299,41.29482321113801,dolomite
MAT-CARB-104,0,30,-82.76728257577346,41.2946789110293,dolomite
MAT-CARB-104,0,31,-82.76801693041763,41.294641910418626,dolomite
MAT-CARB-104,0,32,-82.77057434885516,41.294911760732234,dolomite
MAT-CARB-104,0,33,-82.77203343353072,41.294495064351814,dolomite
MAT-CARB-104,0,34,-82.77294198333554,41.293390613146464,dolomite
MAT-CARB-104,0,35,-82.77403197522693,41.29201016321609,dolomite
MAT-CARB-104,0,36,-82.77384607096889,41.29118377892444,dolomite
MAT-CARB-104,0,37,-82.77402643069364,41.290632186941465,dolomite
MAT-CARB-104,0,38,-82.7751202528771,41.29021628681658,dolomite
MAT-CARB-104,0,39,-82.77857744709031,41.2873145202243,dolomite
MAT-CARB-104,0,40,-82.78076324822803,41.28606923562056,dolomite
MAT-CARB-104,0,41,-82.78385832544554,41.28399497007536,dolomite
MAT-CARB-104,0,42,-82.78440484898395,41.28371806794485,dolomite
MAT-CARB-104,0,43,-82.78458567912931,41.28330424438111,dolomite
MAT-CARB-104,0,44,-82.78275092758957,41.28110380486164,dolomite
MAT-CARB-104,0,45,-82.78236465506328,41.27600615598606,dolomite
MAT-CARB-104,0,46,-82.78345417772529,41.27462557463182,dolomite
MAT-CARB-104,0,47,-82.78527323276991,41.273105455351896,dolomite
MAT-CARB-104,0,48,-82.78599875669188,41.27200132206031,dolomite
MAT-CARB-104,0,49,-82.78763279952224,41.26993041736164,dolomite
MAT-CARB-104,0,50,-82.78981494638914,41.2679959512815,dolomite
MAT-CARB-104,0,51,-82.79090242486255,41.26620189881045,dolomite
MAT-CARB-104,0,52,-82.79181025511438,41.26509728085267,dolomite
MAT-CARB-104,0,53,-82.79326149021045,41.26302673332528,dolomite
MAT-CARB-104,0,54,-82.79580522191982,41.26040224941745,dolomite
MAT-CARB-104,0,55,-82.79725623562358,41.25833164613637,dolomite
MAT-CARB-104,0,56,-82.79962200330623,41.256809928889815,dolomite
MAT-CARB-104,0,57,-82.80216468319988,41.25404747962099,dolomite
MAT-CARB-104,0,58,-82.8030722054328,41.25294279349118,dolomite
MAT-CARB-104,0,59,-82.80452465037106,41.25128546268463,dolomite
MAT-CARB-104,0,60,-82.80433848756635,41.25045912781061,dolomite
MAT-CARB-104,0,61,-82.80470095934554,41.24990700841711,dolomite
MAT-CARB-104,0,62,-82.80633951521882,41.2490760148288,dolomite
MAT-CARB-104,0,63,-82.8087066313902,41.24796750792891,dolomite
MAT-CARB-104,0,64,-82.811252389265,41.24603167696296,dolomite
MAT-CARB-104,0,65,-82.81342799427793,41.24299433202148,dolomite
MAT-CARB-104,0,66,-82.81615136436085,41.24009328719948,dolomite
MAT-CARB-104,0,67,-82.81742017622452,41.23829847393432,dolomite
MAT-CARB-104,0,68,-82.81851289364141,41.23788216099777,dolomite
MAT-CARB-104,0,69,-82.82160268318536,41.23539344048128,dolomite
MAT-CARB-104,0,70,-82.82469684185541,41.233869237245486,dolomite
MAT-CARB-104,0,71,-82.82815437430898,41.23206833943504,dolomite
MAT-CARB-104,0,72,-82.83015638105356,41.2310982145528,dolomite
MAT-CARB-104,0,73,-82.83234007242407,41.22998972862215,dolomite
MAT-CARB-104,0,74,-82.83324745880218,41.229022559243305,dolomite
MAT-CARB-104,0,75,-82.83356674864638,41.22795947288512,dolomite
MAT-CARB-104,0,76,-82.83891168176665,41.22940397945861,dolomite
MAT-CARB-104,0,77,-82.84329733676284,41.23090732275028,dolomite
MAT-CARB-104,0,78,-82.84695140297742,41.23199921767641,dolomite
MAT-CARB-104,0,79,-82.85444514058216,41.2347333255941,dolomite
MAT-CARB-104,0,80,-82.8557250332366,41.23528075788446,dolomite
MAT-CARB-104,0,81,-82.85736911737752,41.23568926726965,dolomite
MAT-CARB-104,0,82,-82.85809886653172,41.23568708487768,dolomite
MAT-CARB-104,0,83,-82.85737343777859,41.23731041252777,dolomite
MAT-CARB-104,0,84,-82.85555586838268,41.238624966736424,dolomite
MAT-CARB-104,0,85,-82.85182862260315,41.24111643776853,dolomite
MAT-CARB-104,0,86,-82.84810141993768,41.24367669746759,dolomite
MAT-CARB-104,0,87,-82.84546385958147,41.245269087794924,dolomite
MAT-CARB-104,0,88,-82.8445522500904,41.245409509757664,dolomite
MAT-CARB-104,0,89,-82.84337108423371,41.24637753899962,dolomite
MAT-CARB-104,0,90,-82.83964228230789,41.24873082520334,dolomite
MAT-CARB-104,0,91,-82.83800653312461,41.25004458343162,dolomite
MAT-CARB-104,0,92,-82.83691850871742,41.251425659222484,dolomite
MAT-CARB-104,0,93,-82.83592303607132,41.253082103099935,dolomite
MAT-CARB-104,0,94,-82.83428342904513,41.253637891258336,dolomite
MAT-CARB-104,0,95,-82.83227510748245,41.25343678327944,dolomite
MAT-CARB-104,0,96,-82.83118017924946,41.253439818898215,dolomite
MAT-CARB-104,0,97,-82.82917520097905,41.25392766517742,dolomite
MAT-CARB-104,0,98,-82.82712718828522,41.254422480751366,dolomite
MAT-CARB-104,0,99,-82.82485171687819,41.25560000781584,dolomite
MAT-CARB-104,0,100,-82.82294113668651,41.25677650611991,dolomite
MAT-CARB-104,0,101,-82.82039790123454,41.25926375679819,dolomite
MAT-CARB-104,0,102,-82.8200345360339,41.25960922156957,dolomite
MAT-CARB-104,0,103,-82.81921554279351,41.26009372028201,dolomite
MAT-CARB-104,0,104,-82.81775973280523,41.26099330729235,dolomite
MAT-CARB-104,0,105,-82.81484668757705,41.2625168201347,dolomite
MAT-CARB-104,0,106,-82.81256978537888,41.26348740873906,dolomite
MAT-CARB-104,0,107,-82.81038403462468,41.26445768933522,dolomite
MAT-CARB-104,0,108,-82.80555490609055,41.26612371604856,dolomite
MAT-CARB-104,0,109,-82.80364124095344,41.266748685851745,dolomite
MAT-CARB-104,0,110,-82.80182001839815,41.26764900009428,dolomite
MAT-CARB-104,0,111,-82.79963341140072,41.268481292301594,dolomite
MAT-CARB-104,0,112,-82.79844943282298,41.26903546713842,dolomite
MAT-CARB-104,0,113,-82.79417350313078,41.27214656602854,dolomite
MAT-CARB-104,0,114,-82.7928062599358,41.272563316136356,dolomite
MAT-CARB-104,0,115,-82.79144227868808,41.27373792802332,dolomite
MAT-CARB-104,0,116,-82.79044243671339,41.274704969270225,dolomite
MAT-CARB-104,0,117,-82.79054487003187,41.277322915150954,dolomite
MAT-CARB-104,0,118,-82.79072917456243,41.27773586340789,dolomite
MAT-CARB-104,0,119,-82.79082838750617,41.27959590176533,dolomite
MAT-CARB-104,0,120,-82.79055574368948,41.27987216974263,dolomite
MAT-CARB-104,0,121,-82.79055691918657,41.280147745262646,dolomite
MAT-CARB-104,0,122,-82.7908316233419,41.2803537756051,dolomite
MAT-CARB-104,0,123,-82.79110515143212,41.280284229856484,dolomite
MAT-CARB-104,0,124,-82.79238158217126,41.27993660475941,dolomite
MAT-CARB-104,0,125,-82.79447886238567,41.279449187517564,dolomite
MAT-CARB-104,0,126,-82.79493552527464,41.279516944108316,dolomite
MAT-CARB-104,0,127,-82.79521083740963,41.27986077969168,dolomite
MAT-CARB-104,0,128,-82.79512016090825,41.27999879250479,dolomite
MAT-CARB-104,0,129,-82.7944833303365,41.28048266418484,dolomite
MAT-CARB-104,0,130,-82.79329880454418,41.28096787550537,dolomite
MAT-CARB-104,0,131,-82.7918418745996,41.28179822560124,dolomite
MAT-CARB-104,0,132,-82.79102300278649,41.2824203107367,dolomite
MAT-CARB-104,0,133,-82.79066171726637,41.28331688488693,dolomite
MAT-CARB-104,0,134,-82.79011694680725,41.284007205284,dolomite
MAT-CARB-104,0,135,-82.78929719112921,41.28442258283206,dolomite
MAT-CARB-104,0,136,-82.787928797908,41.28463257872576,dolomite
MAT-CARB-104,0,137,-82.78610403168805,41.28484365051356,dolomite
MAT-CARB-104,0,138,-82.78537375380645,41.28484539363142,dolomite
MAT-CARB-104,0,139,-82.78300579882507,41.2861601025955,dolomite
MAT-CARB-104,0,140,-82.78100239148375,41.287336092259245,dolomite
MAT-CARB-104,0,141,-82.78018250378821,41.287751406424675,dolomite
MAT-CARB-104,0,142,-82.77927273407872,41.28851143633007,dolomite
MAT-CARB-104,0,143,-82.77669457623725,41.29121461850525,dolomite
MAT-CARB-104,0,144,-82.77524227319819,41.293284920815935,dolomite
MAT-CARB-104,0,145,-82.77433514990769,41.29473389649587,dolomite
MAT-CARB-104,0,146,-82.77214761284212,41.29563457623285,dolomite
MAT-CARB-104,0,147,-82.76968363807414,41.29591572639103,dolomite
MAT-CARB-104,0,148,-82.7631104389689,41.29599925897632,dolomite
MAT-CARB-104,0,149,-82.76183359407902,41.29634654017139,dolomite
MAT-CARB-104,0,150,-82.7592782550292,41.2966277030869,dolomite
MAT-CARB-104,0,151,-82.75800111785408,41.29690606389497,dolomite
MAT-CARB-104,0,152,-82.75635796848427,41.29697850064515,dolomite
MAT-CARB-104,0,153,-82.75508261927334,41.29773909526291,dolomite
MAT-CARB-104,0,154,-82.7514392201383,41.30008934579204,dolomite
MAT-CARB-104,0,155,-82.74943532641755,41.30140260785433,dolomite
MAT-CARB-104,0,156,-82.74542979049114,41.30471800931084,dolomite
MAT-CARB-104,0,157,-82.74261024890951,41.30782415050467,dolomite
MAT-CARB-104,0,158,-82.73988391382704,41.31155013486139,dolomite
MAT-CARB-104,0,159,-82.73742959810194,41.31479321736748,dolomite
MAT-CARB-104,0,160,-82.73597436772799,41.316518531821586,dolomite
MAT-CARB-104,0,161,-82.73397726967102,41.32003622571195,dolomite
MAT-CARB-104,0,162,-82.73297852532666,41.32176060383379,dolomite
MAT-CARB-104,0,163,-82.73198536559089,41.32513848126332,dolomite
MAT-CARB-104,0,164,-82.73148246064167,41.32824731600016,dolomite
MAT-CARB-104,0,165,-82.73085500807761,41.33176224306328,dolomite
MAT-CARB-104,0,166,-82.73031600457728,41.33445026094138,dolomite
MAT-CARB-104,0,167,-82.73050896551686,41.33748133553339,dolomite
MAT-CARB-104,0,168,-82.72951010965676,41.339274566068596,dolomite
MAT-CARB-104,0,169,-82.72814369924943,41.34044839633779,dolomite
MAT-CARB-104,0,170,-82.72631950628016,41.341347510635146,dolomite
MAT-CARB-104,0,171,-82.72385576358506,41.342247793033266,dolomite
MAT-CARB-104,0,172,-82.72057259520415,41.34404518790022,dolomite
MAT-CARB-104,0,173,-82.72,41.34469627734767,dolomite
MAT-CARB-104,0,174,-82.72,41.33554015787455,dolomite
MAT-CARB-104,0,175,-82.72057970807552,41.33525759221337,dolomite
MAT-CARB-80,0,0,-82.72057259520415,41.34404518790022,limestone
MAT-CARB-80,0,1,-82.72385576358506,41.342247793033266,limestone
MAT-CARB-80,0,2,-82.72631950628016,41.341347510635146,limestone
MAT-CARB-80,0,3,-82.72814369924943,41.34044839633779,limestone
MAT-CARB-80,0,4,-82.72951010965676,41.339274566068596,limestone
MAT-CARB-80,0,5,-82.73050896551686,41.33748133553339,limestone
MAT-CARB-80,0,6,-82.73031600457728,41.33445026094138,limestone
MAT-CARB-80,0,7,-82.73085500807761,41.33176224306328,limestone
MAT-CARB-80,0,8,-82.73148246064167,41.32824731600016,limestone
MAT-CARB-80,0,9,-82.73198536559089,41.32513848126332,limestone
MAT-CARB-80,0,10,-82.73297852532666,41.32176060383379,limestone
MAT-CARB-80,0,11,-82.73397726967102,41.32003622571195,limestone
MAT-CARB-80,0,12,-82.73597436772799,41.316518531821586,limestone
MAT-CARB-80,0,13,-82.73742959810194,41.31479321736748,limestone
MAT-CARB-80,0,14,-82.73988391382704,41.31155013486139,limestone
MAT-CARB-80,0,15,-82.74261024890951,41.30782415050467,limestone
MAT-CARB-80,0,16,-82.74542979049114,41.30471800931084,limestone
MAT-CARB-80,0,17,-82.74943532641755,41.30140260785433,limestone
MAT-CARB-80,0,18,-82.7514392201383,41.30008934579204,limestone
MAT-CARB-80,0,19,-82.75508261927334,41.29773909526291,limestone
MAT-CARB-80,0,20,-82.75635796848427,41.29697850064515,limestone
MAT-CARB-80,0,21,-82.75800111785408,41.29690606389497,limestone
MAT-CARB-80,0,22,-82.7592782550292,41.2966277030869,limestone
MAT-CARB-80,0,23,-82.76183359407902,41.29634654017139,limestone
MAT-CARB-80,0,24,-82.7631104389689,41.29599925897632,limestone
MAT-CARB-80,0,25,-82.76968363807414,41.29591572639103,limestone
MAT-CARB-80,0,26,-82.77214761284212,41.29563457623285,limestone
MAT-CARB-80,0,27,-82.77433514990769,41.29473389649587,limestone
MAT-CARB-80,0,28,-82.77524227319819,41.293284920815935,limestone
MAT-CARB-80,0,29,-82.77669457623725,41.29121461850525,limestone
MAT-CARB-80,0,30,-82.77927273407872,41.28851143633007,limestone
MAT-CARB-80,0,31,-82.78018250378821,41.287751406424675,limestone
MAT-CARB-80,0,32,-82.78100239148375,41.287336092259245,limestone
MAT-CARB-80,0,33,-82.78300579882507,41.2861601025955,limestone
MAT-CARB-80,0,34,-82.78537375380645,41.28484539363142,limestone
MAT-CARB-80,0,35,-82.78610403168805,41.28484365051356,limestone
MAT-CARB-80,0,36,-82.787928797908,41.28463257872576,limestone
MAT-CARB-80,0,37,-82.78929719112921,41.28442258283206,limestone
MAT-CARB-80,0,38,-82.79011694680725,41.284007205284,limestone
MAT-CARB-80,0,39,-82.79066171726637,41.28331688488693,limestone
MAT-CARB-80,0,40,-82.79102300278649,41.2824203107367,limestone
MAT-CARB-80,0,41,-82.7918418745996,41.28179822560124,limestone
MAT-CARB-80,0,42,-82.79329880454418,41.28096787550537,limestone
MAT-CARB-80,0,43,-82.7944833303365,41.28048266418484,limestone
MAT-CARB-80,0,44,-82.79512016090825,41.27999879250479,limestone
MAT-CARB-80,0,45,-82.79521083740963,41.27986077969168,limestone
MAT-CARB-80,0,46,-82.79493552527464,41.279516944108316,limestone
MAT-CARB-80,0,47,-82.79447886238567,41.279449187517564,limestone
MAT-CARB-80,0,48,-82.79238158217126,41.27993660475941,limestone
MAT-CARB-80,0,49,-82.79110515143212,41.280284229856484,limestone
MAT-CARB-80,0,50,-82.7908316233419,41.2803537756051,limestone
MAT-CARB-80,0,51,-82.79055691918657,41.280147745262646,limestone
MAT-CARB-80,0,52,-82.79055574368948,41.27987216974263,limestone
MAT-CARB-80,0,53,-82.79082838750617,41.27959590176533,limestone
MAT-CARB-80,0,54,-82.79072917456243,41.27773586340789,limestone
MAT-CARB-80,0,55,-82.79054487003187,41.277322915150954,limestone
MAT-CARB-80,0,56,-82.79044243671339,41.274704969270225,limestone
MAT-CARB-80,0,57,-82.79144227868808,41.27373792802332,limestone
MAT-CARB-80,0,58,-82.7928062599358,41.272563316136356,limestone
MAT-CARB-80,0,59,-82.79417350313078,41.27214656602854,limestone
MAT-CARB-80,0,60,-82.79844943282298,41.26903546713842,limestone
MAT-CARB-80,0,61,-82.79963341140072,41.268481292301594,limestone
MAT-CARB-80,0,62,-82.80182001839815,41.26764900009428,limestone
MAT-CARB-80,0,63,-82.80364124095344,41.266748685851745,limestone
MAT-CARB-80,0,64,-82.80555490609055,41.26612371604856,limestone
MAT-CARB-80,0,65,-82.81038403462468,41.26445768933522,limestone
MAT-CARB-80,0,66,-82.81256978537888,41.26348740873906,limestone
MAT-CARB-80,0,67,-82.81484668757705,41.2625168201347,limestone
MAT-CARB-80,0,68,-82.81775973280523,41.26099330729235,limestone
MAT-CARB-80,0,69,-82.81921554279351,41.26009372028201,limestone
MAT-CARB-80,0,70,-82.8200345360339,41.25960922156957,limestone
MAT-CARB-80,0,71,-82.82039790123454,41.25926375679819,limestone
MAT-CARB-80,0,72,-82.82294113668651,41.25677650611991,limestone
MAT-CARB-80,0,73,-82.82485171687819,41.25560000781584,limestone
MAT-CARB-80,0,74,-82.82712718828522,41.254422480751366,limestone
MAT-CARB-80,0,75,-82.82917520097905,41.25392766517742,limestone
MAT-CARB-80,0,76,-82.83118017924946,41.253439818898215,limestone
MAT-CARB-80,0,77,-82.83227510748245,41.25343678327944,limestone
MAT-CARB-80,0,78,-82.83428342904513,41.253637891258336,limestone
MAT-CARB-80,0,79,-82.83592303607132,41.253082103099935,limestone
MAT-CARB-80,0,80,-82.83691850871742,41.251425659222484,limestone
MAT-CARB-80,0,81,-82.83800653312461,41.25004458343162,limestone
MAT-CARB-80,0,82,-82.83964228230789,41.24873082520334,limestone
MAT-CARB-80,0,83,-82.84337108423371,41.24637753899962,limestone
MAT-CARB-80,0,84,-82.8445522500904,41.245409509757664,limestone
MAT-CARB-80,0,85,-82.84546385958147,41.245269087794924,limestone
MAT-CARB-80,0,86,-82.84810141993768,41.24367669746759,limestone
MAT-CARB-80,0,87,-82.85182862260315,41.24111643776853,limestone
MAT-CARB-80,0,88,-82.85555586838268,41.238624966736424,limestone
MAT-CARB-80,0,89,-82.85737343777859,41.23731041252777,limestone
MAT-CARB-80,0,90,-82.85685088284833,41.238560374877274,limestone
MAT-CARB-80,0,91,-82.85121719916756,41.24284895091656,limestone
MAT-CARB-80,0,92,-82.84894464704966,41.244440347150295,limestone
MAT-CARB-80,0,93,-82.8474004076447,41.245753944464845,limestone
MAT-CARB-80,0,94,-82.84649194846084,41.2465145090511,limestone
MAT-CARB-80,0,95,-82.84558172199375,41.24693054796649,limestone
MAT-CARB-80,0,96,-82.84303694220638,41.2488671078649,limestone
MAT-CARB-80,0,97,-82.84112686475927,41.25004390244879,limestone
MAT-CARB-80,0,98,-82.83994457502465,41.25080516748961,limestone
MAT-CARB-80,0,99,-82.83959779873766,41.25445790855665,limestone
MAT-CARB-80,0,100,-82.83804977047969,41.25508239752601,limestone
MAT-CARB-80,0,101,-82.83622897446004,41.25591433450254,limestone
MAT-CARB-80,0,102,-82.83531754262542,41.25612359369844,limestone
MAT-CARB-80,0,103,-82.83449700888802,41.25626370961118,limestone
MAT-CARB-80,0,104,-82.8327664077093,41.256888639367205,limestone
MAT-CARB-80,0,105,-82.8306707647491,41.25751455303672,limestone
MAT-CARB-80,0,106,-82.82861774017034,41.258625971159184,limestone
MAT-CARB-80,0,107,-82.82679871702491,41.25987115888256,limestone
MAT-CARB-80,0,108,-82.82480008681485,41.26173690722325,limestone
MAT-CARB-80,0,109,-82.8228952110391,41.26415358533445,limestone
MAT-CARB-80,0,110,-82.82181316391474,41.26691250912264,limestone
MAT-CARB-80,0,111,-82.82082131552268,41.26946447603884,limestone
MAT-CARB-80,0,112,-82.81955043332458,41.27091479826249,limestone
MAT-CARB-80,0,113,-82.81736778984387,41.27257419785123,limestone
MAT-CARB-80,0,114,-82.81509118837398,41.273682615455925,limestone
MAT-CARB-80,0,115,-82.81399819342185,41.27416779379487,limestone
MAT-CARB-80,0,116,-82.81263201592549,41.27479146564583,limestone
MAT-CARB-80,0,117,-82.81053972043115,41.27631270940535,limestone
MAT-CARB-80,0,118,-82.80717416537546,41.27887067829255,limestone
MAT-CARB-80,0,119,-82.80326588278604,41.28260122602001,limestone
MAT-CARB-80,0,120,-82.80281037968665,41.28280907630134,limestone
MAT-CARB-80,0,121,-82.80126563628588,41.28439764188613,limestone
MAT-CARB-80,0,122,-82.79872360001794,41.28757339703288,limestone
MAT-CARB-80,0,123,-82.79609366936616,41.29157606306964,limestone
MAT-CARB-80,0,124,-82.79464310439663,41.29392220019887,limestone
MAT-CARB-80,0,125,-82.79373281922575,41.29454452276855,limestone
MAT-CARB-80,0,126,-82.79141488165884,41.2965560754657,limestone
MAT-CARB-80,0,127,-82.78832413131666,41.29973291234447,limestone
MAT-CARB-80,0,128,-82.78623023687054,41.30118479579363,limestone
MAT-CARB-80,0,129,-82.78367829777773,41.30229324610384,limestone
MAT-CARB-80,0,130,-82.78194488313133,41.30264182082971,limestone
MAT-CARB-80,0,131,-82.77364339611633,41.30452132257836,limestone
MAT-CARB-80,0,132,-82.7714533381042,41.304870814657484,limestone
MAT-CARB-80,0,133,-82.76880777136134,41.30549686276939,limestone
MAT-CARB-80,0,134,-82.7659801130391,41.30626104293626,limestone
MAT-CARB-80,0,135,-82.76406602564528,41.307160958343495,limestone
MAT-CARB-80,0,136,-82.76124032348869,41.308476220251876,limestone
MAT-CARB-80,0,137,-82.75795977086072,41.31027468628212,limestone
MAT-CARB-80,0,138,-82.75641046743335,41.31110478318918,limestone
MAT-CARB-80,0,139,-82.75467900853926,41.312073060038756,limestone
MAT-CARB-80,0,140,-82.75294600081995,41.31262790275054,limestone
MAT-CARB-80,0,141,-82.75039457507619,41.31414901454375,limestone
MAT-CARB-80,0,142,-82.74911908973462,41.31497844148969,limestone
MAT-CARB-80,0,143,-82.74775676482099,41.31704821010089,limestone
MAT-CARB-80,0,144,-82.7469420645763,41.31904789835587,limestone
MAT-CARB-80,0,145,-82.74686547930852,41.32311299182502,limestone
MAT-CARB-80,0,146,-82.74659294565873,41.3235269613348,limestone
MAT-CARB-80,0,147,-82.74595785239673,41.32469950255388,limestone
MAT-CARB-80,0,148,-82.74486453725754,41.32545962436242,limestone
MAT-CARB-80,0,149,-82.74414024747703,41.32725240567257,limestone
MAT-CARB-80,0,150,-82.74462942337983,41.33346664978477,limestone
MAT-CARB-80,0,151,-82.74518522701673,41.33560130439559,limestone
MAT-CARB-80,0,152,-82.7454684663737,41.33814988773316,limestone
MAT-CARB-80,0,153,-82.74528700441421,41.33849475757616,limestone
MAT-CARB-80,0,154,-82.74492279865828,41.33883997333304,limestone
MAT-CARB-80,0,155,-82.74382677631638,41.33891111396641,limestone
MAT-CARB-80,0,156,-82.74309570752253,41.33884369445013,limestone
MAT-CARB-80,0,157,-82.7419984217987,41.33857032286855,limestone
MAT-CARB-80,0,158,-82.74108172526388,41.33767654146139,limestone
MAT-CARB-80,0,159,-82.74034722959476,41.33664454925599,limestone
MAT-CARB-80,0,160,-82.7400726941667,41.3365073167124,limestone
MAT-CARB-80,0,161,-82.73934137629242,41.33637099693541,limestone
MAT-CARB-80,0,162,-82.73879541893993,41.33699215088153,limestone
MAT-CARB-80,0,163,-82.73834132165449,41.33775090217232,limestone
MAT-CARB-80,0,164,-82.738071365034,41.33892268861872,limestone
MAT-CARB-80,0,165,-82.73809088893206,41.344503235870754,limestone
MAT-CARB-80,0,166,-82.73782134635164,41.34581279671477,limestone
MAT-CARB-80,0,167,-82.73791848969041,41.34746609637344,limestone
MAT-CARB-80,0,168,-82.7382892912915,41.34898106831426,limestone
MAT-CARB-80,0,169,-82.73801712022296,41.349532790572084,limestone
MAT-CARB-80,0,170,-82.73692496015836,41.35077507089026,limestone
MAT-CARB-80,0,171,-82.73628896748546,41.35180975566785,limestone
MAT-CARB-80,0,172,-82.73601915866304,41.353050401085625,limestone
MAT-CARB-80,0,173,-82.73603039164455,41.35628846628018,limestone
MAT-CARB-80,0,174,-82.7363980508139,41.35690779645322,limestone
MAT-CARB-80,0,175,-82.73629846280174,41.37029803182628,limestone
MAT-CARB-80,0,176,-82.7365760388449,41.371262021639296,limestone
MAT-CARB-80,0,177,-82.7367633877587,41.372570649844256,limestone
MAT-CARB-80,0,178,-82.7363212015335,41.37684296890965,limestone
MAT-CARB-80,0,179,-82.7357763611082,41.377877449595715,limestone
MAT-CARB-80,0,180,-82.73504936891013,41.37911899293146,limestone
MAT-CARB-80,0,181,-82.73422999243121,41.380085099750445,limestone
MAT-CARB-80,0,182,-82.73185823947513,41.38153647706005,limestone
MAT-CARB-80,0,183,-82.72793115266026,41.38264631399581,limestone
MAT-CARB-80,0,184,-82.72464022481735,41.38265252537168,limestone
MAT-CARB-80,0,185,-82.72152987551927,41.381969368124736,limestone
MAT-CARB-80,0,186,-82.72,41.38185289965782,limestone
MAT-CARB-80,0,187,-82.72,41.34469627734767,limestone
MAT-CARB-80,0,188,-82.72057259520415,41.34404518790022,limestone
MAT-CARB-121,0,0,-82.75187497056342,41.342998344358136,limestone
MAT-CARB-121,0,1,-82.75297467242392,41.34389168112257,limestone
MAT-CARB-121,0,2,-82.75416855817836,41.34554267774586,limestone
MAT-CARB-121,0,3,-82.75445346351312,41.348435685604606,limestone
MAT-CARB-121,0,4,-82.75373123716557,41.35077966962751,limestone
MAT-CARB-121,0,5,-82.75255184595449,41.35305573232184,limestone
MAT-CARB-121,0,6,-82.7515520687652,41.35450463363065,limestone
MAT-CARB-121,0,7,-82.75082663010014,41.356021855186555,limestone
MAT-CARB-121,0,8,-82.75028141665064,41.35684973530626,limestone
MAT-CARB-121,0,9,-82.74927699160204,41.357058513711465,limestone
MAT-CARB-121,0,10,-82.74790454011861,41.35657908647002,limestone
MAT-CARB-121,0,11,-82.74753724296885,41.35609759884099,limestone
MAT-CARB-121,0,12,-82.7472583580521,41.35478915914441,limestone
MAT-CARB-121,0,13,-82.74715847461165,41.352446920430836,limestone
MAT-CARB-121,0,14,-82.74743133482603,41.35210186287354,limestone
MAT-CARB-121,0,15,-82.74724383709744,41.35079323036643,limestone
MAT-CARB-121,0,16,-82.74641599254346,41.34927922858127,limestone
MAT-CARB-121,0,17,-82.7459544271578,41.34797115452073,limestone
MAT-CARB-121,0,18,-82.74567258472396,41.34583596234588,limestone
MAT-CARB-121,0,19,-82.7462163067029,41.344594725261416,limestone
MAT-CARB-121,0,20,-82.74712619458029,41.34355941694203,limestone
MAT-CARB-121,0,21,-82.74858495579197,41.342729650602166,limestone
MAT-CARB-121,0,22,-82.75086872299607,41.34265598579993,limestone
MAT-CARB-121,0,23,-82.75187497056342,41.342998344358136,limestone
MAT-CARB-99,0,0,-82.77228457603032,41.38905309829358,dolomite
MAT-CARB-99,0,1,-82.773133204943,41.38979178694867,dolomite
MAT-CARB-99,0,2,-82.77327244949957,41.390308182755874,dolomite
MAT-CARB-99,0,3,-82.77299966889112,41.39068771228562,dolomite
MAT-CARB-99,0,4,-82.77240728683948,41.39115409549151,dolomite
MAT-CARB-99,0,5,-82.77179050796794,41.391241595592405,dolomite
MAT-CARB-99,0,6,-82.77053276966198,41.391089437076694,dolomite
MAT-CARB-99,0,7,-82.76950284274616,41.39074729954514,dolomite
MAT-CARB-99,0,8,-82.76783256554994,41.39030323161005,dolomite
MAT-CARB-99,0,9,-82.767305720965,41.39001159961269,dolomite
MAT-CARB-99,0,10,-82.76725899485895,41.389753347249844,dolomite
MAT-CARB-99,0,11,-82.76755443736113,41.38932210318444,dolomite
MAT-CARB-99,0,12,-82.76810200956889,41.389079749014435,dolomite
MAT-CARB-99,0,13,-82.76837559031618,41.388906908314546,dolomite
MAT-CARB-99,0,14,-82.77228457603032,41.38905309829358,dolomite
MAT-CARB-63,0,0,-82.72030843680787,41.42736927251351,dolomite
MAT-CARB-63,0,1,-82.72232404409499,41.42833002007141,dolomite
MAT-CARB-63,0,2,-82.72360969043254,41.429843241865825,dolomite
MAT-CARB-63,0,3,-82.72325329533993,41.432737349693134,dolomite
MAT-CARB-63,0,4,-82.72070254950107,41.436048822156934,dolomite
MAT-CARB-63,0,5,-82.72,41.43775630552453,dolomite
MAT-CARB-63,0,6,-82.72,41.42722709962324,dolomite
MAT-CARB-63,0,7,-82.72030843680787,41.42736927251351,dolomite
MAT-CARB-34,0,0,-82.7332434566934,41.50170493351218,dolomite
MAT-CARB-34,0,1,-82.73296746233687,41.501864434753784,dolomite
MAT-CARB-34,0,2,-82.73285368305146,41.501889120067474,dolomite
MAT-CARB-34,0,3,-82.7327562643292,41.501950443169996,dolomite
MAT-CARB-34,0,4,-82.73249687434442,41.50220774240818,dolomite
MAT-CARB-34,0,5,-82.73246454086113,41.50226896668447,dolomite
MAT-CARB-34,0,6,-82.73204209328053,41.50241648930387,dolomite
MAT-CARB-34,0,7,-82.7314729862944,41.50249095397215,dolomite
MAT-CARB-34,0,8,-82.73124554937172,41.50257699097294,dolomite
MAT-CARB-34,0,9,-82.73064406825308,41.50271264826448,dolomite
MAT-CARB-34,0,10,-82.73031911937316,41.50282333535872,dolomite
MAT-CARB-34,0,11,-82.73017313090278,41.502958115994424,dolomite
MAT-CARB-34,0,12,-82.73022256795478,41.50314145134584,dolomite
MAT-CARB-34,0,13,-82.72976769092519,41.5033257524003,dolomite
MAT-CARB-34,0,14,-82.72955552828357,41.50311826333206,dolomite
MAT-CARB-34,0,15,-82.72948977518274,41.50291049421828,dolomite
MAT-CARB-34,0,16,-82.72919683960751,41.50288658887506,dolomite
MAT-CARB-34,0,17,-82.72882274268956,41.502899507026115,dolomite
MAT-CARB-34,0,18,-82.7286595273564,41.5027408523852,dolomite
MAT-CARB-34,0,19,-82.72859381855613,41.50254531497221,dolomite
MAT-CARB-34,0,20,-82.72838163012979,41.50235005609353,dolomite
MAT-CARB-34,0,21,-82.72789309721279,41.50219199102648,dolomite
MAT-CARB-34,0,22,-82.72764905718324,41.50218022145946,dolomite
MAT-CARB-34,0,23,-82.7273885863701,41.5021317854887,dolomite
MAT-CARB-34,0,24,-82.72719291083222,41.50198542255021,dolomite
MAT-CARB-34,0,25,-82.72715983604381,41.50182651953309,dolomite
MAT-CARB-34,0,26,-82.7271697108299,41.50170297065991,dolomite
MAT-CARB-34,0,27,-82.72717545261901,41.501630827374576,dolomite
MAT-CARB-34,0,28,-82.72727238903971,41.50143498133941,dolomite
MAT-CARB-34,0,29,-82.72738584189091,41.50131247058192,dolomite
MAT-CARB-34,0,30,-82.72727140642696,41.50114148915609,dolomite
MAT-CARB-34,0,31,-82.7272221789705,41.50100705388073,dolomite
MAT-CARB-34,0,32,-82.72733571312705,41.500909007673805,dolomite
MAT-CARB-34,0,33,-82.72759589221954,41.50087184532402,dolomite
MAT-CARB-34,0,34,-82.7278392708297,41.500687953478014,dolomite
MAT-CARB-34,0,35,-82.72809834393605,41.50033283317591,dolomite
MAT-CARB-34,0,36,-82.72866587123202,41.49979369479658,dolomite
MAT-CARB-34,0,37,-82.72873046038798,41.49964683830946,dolomite
MAT-CARB-34,0,38,-82.72893495551136,41.49931554401504,dolomite
MAT-CARB-34,0,39,-82.72914048682205,41.49876222700923,dolomite
MAT-CARB-34,0,40,-82.72918184832129,41.49831665376302,dolomite
MAT-CARB-34,0,41,-82.72914713096434,41.49797459736205,dolomite
MAT-CARB-34,0,42,-82.729180448524,41.497826373868115,dolomite
MAT-CARB-34,0,43,-82.7295533218589,41.49731963599163,dolomite
MAT-CARB-34,0,44,-82.72970618233471,41.4965452198465,dolomite
MAT-CARB-34,0,45,-82.72988626240415,41.496118222425615,dolomite
MAT-CARB-34,0,46,-82.73012662736177,41.49454633651327,dolomite
MAT-CARB-34,0,47,-82.73054721222434,41.493627165813464,dolomite
MAT-CARB-34,0,48,-82.73085422300436,41.493113911166795,dolomite
MAT-CARB-34,0,49,-82.73091690103664,41.49296612382907,dolomite
MAT-CARB-34,0,50,-82.7308784143509,41.49276172968651,dolomite
MAT-CARB-34,0,51,-82.7307356373177,41.49262187962146,dolomite
MAT-CARB-34,0,52,-82.73022325225122,41.49232780341083,dolomite
MAT-CARB-34,0,53,-82.72999310656154,41.492164587509876,dolomite
MAT-CARB-34,0,54,-82.72987262098523,41.49201407941519,dolomite
MAT-CARB-34,0,55,-82.72965656000572,41.491873134022995,dolomite
MAT-CARB-34,0,56,-82.72945591071579,41.49170489633947,dolomite
MAT-CARB-34,0,57,-82.72944721339874,41.49148439981437,dolomite
MAT-CARB-34,0,58,-82.72956831507767,41.49134300155056,dolomite
MAT-CARB-34,0,59,-82.72984010238751,41.49131949786323,dolomite
MAT-CARB-34,0,60,-82.73009904653291,41.4914996363103,dolomite
MAT-CARB-34,0,61,-82.73023452403638,41.49163939154072,dolomite
MAT-CARB-34,0,62,-82.73046417731709,41.49181909162151,dolomite
MAT-CARB-34,0,63,-82.73082587533268,41.49226515535221,dolomite
MAT-CARB-34,0,64,-82.73101206493683,41.49242768625296,dolomite
MAT-CARB-34,0,65,-82.73125009151698,41.49256897083497,dolomite
MAT-CARB-34,0,66,-82.73146458649492,41.492495053296004,dolomite
MAT-CARB-34,0,67,-82.73147609894818,41.49234097370048,dolomite
MAT-CARB-34,0,68,-82.7314446526114,41.492147701422184,dolomite
MAT-CARB-34,0,69,-82.73157441022887,41.491956833643094,dolomite
MAT-CARB-34,0,70,-82.73143234218757,41.49178947366127,dolomite
MAT-CARB-34,0,71,-82.73134935175595,41.49160644858326,dolomite
MAT-CARB-34,0,72,-82.73110171681526,41.49127771894109,dolomite
MAT-CARB-34,0,73,-82.73106969040414,41.491106471411726,dolomite
MAT-CARB-34,0,74,-82.73086879143253,41.49121917143142,dolomite
MAT-CARB-34,0,75,-82.73061825641349,41.491270529916406,dolomite
MAT-CARB-34,0,76,-82.73042747044083,41.49127868540758,dolomite
MAT-CARB-34,0,77,-82.730299489414,41.491133567709674,dolomite
MAT-CARB-34,0,78,-82.73032011873975,41.49091353600969,dolomite
MAT-CARB-34,0,79,-82.7306431157255,41.49062087312862,dolomite
MAT-CARB-34,0,80,-82.73086510106722,41.49054153901981,dolomite
MAT-CARB-34,0,81,-82.73111882128154,41.490644478337025,dolomite
MAT-CARB-34,0,82,-82.73128317400555,41.490801209093746,dolomite
MAT-CARB-34,0,83,-82.73168108850709,41.491534251998864,dolomite
MAT-CARB-34,0,84,-82.73195772962586,41.49187441627793,dolomite
MAT-CARB-34,0,85,-82.73213671545415,41.49203130944215,dolomite
MAT-CARB-34,0,86,-82.73237126142472,41.4920293199374,dolomite
MAT-CARB-34,0,87,-82.73255931189195,41.491850323866,dolomite
MAT-CARB-34,0,88,-82.73265360263703,41.49161487237121,dolomite
MAT-CARB-34,0,89,-82.73261485735223,41.491421477282515,dolomite
MAT-CARB-34,0,90,-82.7323975817253,41.49105467759116,dolomite
MAT-CARB-34,0,91,-82.73209985330608,41.49068114873184,dolomite
MAT-CARB-34,0,92,-82.73189721083781,41.49031456648256,dolomite
MAT-CARB-34,0,93,-82.7320268000426,41.4901291836509,dolomite
MAT-CARB-34,0,94,-82.73221907215137,41.49006594922695,dolomite
MAT-CARB-34,0,95,-82.73238264463644,41.490250161959416,dolomite
MAT-CARB-34,0,96,-82.73294314570028,41.49120603256292,dolomite
MAT-CARB-34,0,97,-82.73314587195239,41.49129716312767,dolomite
MAT-CARB-34,0,98,-82.73366232997888,41.49089723334382,dolomite
MAT-CARB-34,0,99,-82.73379846718946,41.4907395098157,dolomite
MAT-CARB-34,0,100,-82.73400747274111,41.49059938943608,dolomite
MAT-CARB-34,0,101,-82.73424812886007,41.49037160498258,dolomite
MAT-CARB-34,0,102,-82.7345829588334,41.4901837892742,dolomite
MAT-CARB-34,0,103,-82.73513876803777,41.48995519493659,dolomite
MAT-CARB-34,0,104,-82.73539003836906,41.489876316176044,dolomite
MAT-CARB-34,0,105,-82.73564835014544,41.4898085310231,dolomite
MAT-CARB-34,0,106,-82.73606023799157,41.48975407477239,dolomite
MAT-CARB-34,0,107,-82.73626742308777,41.48968002568977,dolomite
MAT-CARB-34,0,108,-82.73678630830786,41.489461891108505,dolomite
MAT-CARB-34,0,109,-82.73706324895161,41.48924565830123,dolomite
MAT-CARB-34,0,110,-82.73738986412239,41.48909076326777,dolomite
MAT-CARB-34,0,111,-82.73764100193456,41.48901736540632,dolomite
MAT-CARB-34,0,112,-82.73786387949555,41.488904994266015,dolomite
MAT-CARB-34,0,113,-82.73837962148411,41.488802491430924,dolomite
MAT-CARB-34,0,114,-82.73888477196152,41.48882101571206,dolomite
MAT-CARB-34,0,115,-82.73983167223702,41.48876345140524,dolomite
MAT-CARB-34,0,116,-82.74064509379664,41.48876451200626,dolomite
MAT-CARB-34,0,117,-82.74076472983042,41.48894806106254,dolomite
MAT-CARB-34,0,118,-82.74082776381483,41.4898744483891,dolomite
MAT-CARB-34,0,119,-82.74106592123738,41.49028562316831,dolomite
MAT-CARB-34,0,120,-82.74124517675622,41.490431531637526,dolomite
MAT-CARB-34,0,121,-82.74146302835263,41.490506353617064,dolomite
MAT-CARB-34,0,122,-82.74137075164795,41.49094018799731,dolomite
MAT-CARB-34,0,123,-82.74143234399136,41.49137626362795,dolomite
MAT-CARB-34,0,124,-82.74149937725474,41.491608627693026,dolomite
MAT-CARB-34,0,125,-82.74175522269532,41.49217980154833,dolomite
MAT-CARB-34,0,126,-82.74191569982032,41.492479639495095,dolomite
MAT-CARB-34,0,127,-82.74208737789259,41.49263645023882,dolomite
MAT-CARB-34,0,128,-82.74239270310257,41.49272911358706,dolomite
MAT-CARB-34,0,129,-82.74257859618362,41.49290262537173,dolomite
MAT-CARB-34,0,130,-82.7425740261149,41.49307331274044,dolomite
MAT-CARB-34,0,131,-82.74242246231171,41.493258366930135,dolomite
MAT-CARB-34,0,132,-82.74179480263928,41.49370630796407,dolomite
MAT-CARB-34,0,133,-82.74182273719589,41.494031727526625,dolomite
MAT-CARB-34,0,134,-82.7417834444389,41.49467565440844,dolomite
MAT-CARB-34,0,135,-82.74155944628026,41.49510199071707,dolomite
MAT-CARB-34,0,136,-82.74153142953399,41.495327441619224,dolomite
MAT-CARB-34,0,137,-82.74198316043709,41.495973122087854,dolomite
MAT-CARB-34,0,138,-82.74183101036462,41.496180200065226,dolomite
MAT-CARB-34,0,139,-82.74108705277982,41.49686325434475,dolomite
MAT-CARB-34,0,140,-82.74066745861683,41.497204079642664,dolomite
MAT-CARB-34,0,141,-82.7403992766608,41.497365365718196,dolomite
MAT-CARB-34,0,142,-82.74010241301256,41.49750419104162,dolomite
MAT-CARB-34,0,143,-82.73978049654825,41.49802822123187,dolomite
MAT-CARB-34,0,144,-82.73958433649217,41.49823464331687,dolomite
MAT-CARB-34,0,145,-82.7391426367992,41.49858063578497,dolomite
MAT-CARB-34,0,146,-82.73884440742414,41.4987690208871,dolomite
MAT-CARB-34,0,147,-82.73843670416974,41.49893921917672,dolomite
MAT-CARB-34,0,148,-82.73822009567604,41.49909024980465,dolomite
MAT-CARB-34,0,149,-82.73796129828588,41.49917455182681,dolomite
MAT-CARB-34,0,150,-82.73722388711846,41.499339858482045,dolomite
MAT-CARB-34,0,151,-82.73676216861456,41.49933852052329,dolomite
MAT-CARB-34,0,152,-82.73649632511047,41.49941167053313,dolomite
MAT-CARB-34,0,153,-82.7358963655458,41.49965917075228,dolomite
MAT-CARB-34,0,154,-82.73560682996754,41.499928275117554,dolomite
MAT-CARB-34,0,155,-82.73527152390052,41.50016019533876,dolomite
MAT-CARB-34,0,156,-82.73471921781017,41.50038140354451,dolomite
MAT-CARB-34,0,157,-82.7342322933377,41.50070025824295,dolomite
MAT-CARB-34,0,158,-82.733745743466,41.501129228732964,dolomite
MAT-CARB-34,0,159,-82.73343573765668,41.50147593029941,dolomite
MAT-CARB-34,0,160,-82.7332434566934,41.50170493351218,dolomite
MAT-CARB-17,0,0,-82.72022688123069,41.508542706794344,dolomite
MAT-CARB-17,0,1,-82.72101167861118,41.508992158960375,dolomite
MAT-CARB-17,0,2,-82.72142933603229,41.50911239600375,dolomite
MAT-CARB-17,0,3,-82.72183960809663,41.50919411084821,dolomite
MAT-CARB-17,0,4,-82.723465106515,41.50932658544677,dolomite
MAT-CARB-17,0,5,-82.72402286106647,41.50930802099886,dolomite
MAT-CARB-17,0,6,-82.72450582102442,41.50918046331058,dolomite
MAT-CARB-17,0,7,-82.72460840378527,41.50898729794014,dolomite
MAT-CARB-17,0,8,-82.72476947423675,41.508827126950194,dolomite
MAT-CARB-17,0,9,-82.72496706786197,41.50879924817506,dolomite
MAT-CARB-17,0,10,-82.72519377887245,41.50888165175955,dolomite
MAT-CARB-17,0,11,-82.72527412424829,41.5090249148623,dolomite
MAT-CARB-17,0,12,-82.72535425415104,41.50942187437802,dolomite
MAT-CARB-17,0,13,-82.72520781489159,41.50957099315243,dolomite
MAT-CARB-17,0,14,-82.7250028856159,41.509654040924985,dolomite
MAT-CARB-17,0,15,-82.72481995734482,41.50968189228927,dolomite
MAT-CARB-17,0,16,-82.72456390842264,41.50968774682511,dolomite
MAT-CARB-17,0,17,-82.7237080113146,41.509606296039564,dolomite
MAT-CARB-17,0,18,-82.7226326079515,41.509591316833145,dolomite
MAT-CARB-17,0,19,-82.72241313775994,41.50959161366984,dolomite
MAT-CARB-17,0,20,-82.72217892379076,41.50968019615153,dolomite
MAT-CARB-17,0,21,-82.7220251422246,41.5098513755566,dolomite
MAT-CARB-17,0,22,-82.72201767548279,41.509989262806435,dolomite
MAT-CARB-17,0,23,-82.72213438526383,41.510364105540816,dolomite
MAT-CARB-17,0,24,-82.7222071444362,41.51081072239835,dolomite
MAT-CARB-17,0,25,-82.72225822255956,41.51095404141384,dolomite
MAT-CARB-17,0,26,-82.72235281759664,41.51151643989335,dolomite
MAT-CARB-17,0,27,-82.72244756597357,41.51189134992938,dolomite
MAT-CARB-17,0,28,-82.72268159938423,41.51200130817043,dolomite
MAT-CARB-17,0,29,-82.72288646382002,41.51199549779689,dolomite
MAT-CARB-17,0,30,-82.72384501637401,41.51183968806908,dolomite
MAT-CARB-17,0,31,-82.72411568689695,41.51182824022585,dolomite
MAT-CARB-17,0,32,-82.72472287139225,41.511921124133764,dolomite
MAT-CARB-17,0,33,-82.72582993475505,41.51158126276688,dolomite
MAT-CARB-17,0,34,-82.7261234390314,41.51149116296827,dolomite
MAT-CARB-17,0,35,-82.72636946778701,41.511367197837565,dolomite
MAT-CARB-17,0,36,-82.72678655948646,41.51125629353406,dolomite
MAT-CARB-17,0,37,-82.72797914988324,41.51120488781161,dolomite
MAT-CARB-17,0,38,-82.72823529018476,41.511105226994786,dolomite
MAT-CARB-17,0,39,-82.72849883090994,41.510906267371,dolomite
MAT-CARB-17,0,40,-82.72869640915647,41.510850818844766,dolomite
MAT-CARB-17,0,41,-82.72898895856673,41.510977246565915,dolomite
MAT-CARB-17,0,42,-82.72912782406975,41.51113698836991,dolomite
MAT-CARB-17,0,43,-82.72922277711005,41.51130227167668,dolomite
MAT-CARB-17,0,44,-82.72943476917453,41.51150600285923,dolomite
MAT-CARB-17,0,45,-82.72966153031926,41.51157737228386,dolomite
MAT-CARB-17,0,46,-82.7298809729753,41.511610138694536,dolomite
MAT-CARB-17,0,47,-82.73121971761462,41.51171288741212,dolomite
MAT-CARB-17,0,48,-82.73205388016153,41.51158478771906,dolomite
MAT-CARB-17,0,49,-82.73277101264239,41.51137962098552,dolomite
MAT-CARB-17,0,50,-82.73316637162708,41.5110315790971,dolomite
MAT-CARB-17,0,51,-82.73305672646433,41.51089389106244,dolomite
MAT-CARB-17,0,52,-82.73328359348058,41.51078322331737,dolomite
MAT-CARB-17,0,53,-82.73353239327693,41.510705616376214,dolomite
MAT-CARB-17,0,54,-82.73371514776044,41.510881833255716,dolomite
MAT-CARB-17,0,55,-82.73386867932385,41.511080130262684,dolomite
MAT-CARB-17,0,56,-82.73409537544438,41.511184595342684,dolomite
MAT-CARB-17,0,57,-82.73434409808605,41.51120073090634,dolomite
MAT-CARB-17,0,58,-82.73495872466329,41.5111115184999,dolomite
MAT-CARB-17,0,59,-82.7352367437671,41.51110559880433,dolomite
MAT-CARB-17,0,60,-82.73578535825322,41.51121505234133,dolomite
MAT-CARB-17,0,61,-82.73629019477126,41.511148099521456,dolomite
MAT-CARB-17,0,62,-82.73655357264225,41.51119179281337,dolomite
MAT-CARB-17,0,63,-82.7372633815881,41.51094251165007,dolomite
MAT-CARB-17,0,64,-82.73738060290263,41.510771357647585,dolomite
MAT-CARB-17,0,65,-82.73745387533668,41.51060580312776,dolomite
MAT-CARB-17,0,66,-82.73763670634662,41.51065513856376,dolomite
MAT-CARB-17,0,67,-82.73783413717798,41.51082026726109,dolomite
MAT-CARB-17,0,68,-82.73804624947405,41.51086405877647,dolomite
MAT-CARB-17,0,69,-82.73830232759478,41.51089673722565,dolomite
MAT-CARB-17,0,70,-82.73872666492727,41.510818880887705,dolomite
MAT-CARB-17,0,71,-82.73899736301776,41.510796373952346,dolomite
MAT-CARB-17,0,72,-82.73926807530259,41.51084004671448,dolomite
MAT-CARB-17,0,73,-82.73969960959528,41.51097173908538,dolomite
MAT-CARB-17,0,74,-82.73999227622217,41.510960238985525,dolomite
MAT-CARB-17,0,75,-82.7402482589701,41.51104806832047,dolomite
MAT-CARB-17,0,76,-82.74062853491364,41.51127360385835,dolomite
MAT-CARB-17,0,77,-82.74117717625329,41.511377492556264,dolomite
MAT-CARB-17,0,78,-82.74150626996067,41.51155345849973,dolomite
MAT-CARB-17,0,79,-82.74225984054006,41.51154673014915,dolomite
MAT-CARB-17,0,80,-82.74265498390774,41.5114578659395,dolomite
MAT-CARB-17,0,81,-82.74288914376113,41.51138026921766,dolomite
MAT-CARB-17,0,82,-82.74301341395805,41.511551022544936,dolomite
MAT-CARB-17,0,83,-82.74312281065681,41.51210234930839,dolomite
MAT-CARB-17,0,84,-82.74314459999714,41.512389104642295,dolomite
MAT-CARB-17,0,85,-82.74311497633452,41.51294065746973,dolomite
MAT-CARB-17,0,86,-82.74331975982285,41.513034069045716,dolomite
MAT-CARB-17,0,87,-82.74338571625165,41.5128464476509,dolomite
MAT-CARB-17,0,88,-82.74350319547125,41.51214033260747,dolomite
MAT-CARB-17,0,89,-82.74345996850032,41.51113666282782,dolomite
MAT-CARB-17,0,90,-82.74365024195177,41.5110315898205,dolomite
MAT-CARB-17,0,91,-82.74375985781187,41.5112465015058,dolomite
MAT-CARB-17,0,92,-82.74381819718691,41.51154974840291,dolomite
MAT-CARB-17,0,93,-82.74400828449014,41.51174795820435,dolomite
MAT-CARB-17,0,94,-82.7440740213372,41.51188572540981,dolomite
MAT-CARB-17,0,95,-82.74411051460376,41.51202906472864,dolomite
MAT-CARB-17,0,96,-82.7440884732728,41.51221108469793,dolomite
MAT-CARB-17,0,97,-82.74419049106211,41.512889272935375,dolomite
MAT-CARB-17,0,98,-82.74444650637282,41.51298260587678,dolomite
MAT-CARB-17,0,99,-82.74468067941277,41.512938136996205,dolomite
MAT-CARB-17,0,100,-82.7445932919858,41.51221024992104,dolomite
MAT-CARB-17,0,101,-82.74460070661611,41.51205031058931,dolomite
MAT-CARB-17,0,102,-82.74481294683731,41.5119451910933,dolomite
MAT-CARB-17,0,103,-82.74500324360524,41.511795986629295,dolomite
MAT-CARB-17,0,104,-82.74526668540368,41.51172383830853,dolomite
MAT-CARB-17,0,105,-82.74545689196964,41.51170148114575,dolomite
MAT-CARB-17,0,106,-82.74570573696101,41.51156869411282,dolomite
MAT-CARB-17,0,107,-82.74582286519079,41.51139755953795,dolomite
MAT-CARB-17,0,108,-82.74604970463312,41.511375126461296,dolomite
MAT-CARB-17,0,109,-82.74623262172929,41.51132519185862,dolomite
MAT-CARB-17,0,110,-82.74635688375828,41.51150145450919,dolomite
MAT-CARB-17,0,111,-82.74655433470284,41.51165554328612,dolomite
MAT-CARB-17,0,112,-82.74680304939056,41.51168824614642,dolomite
MAT-CARB-17,0,113,-82.74725665484739,41.511693018112425,dolomite
MAT-CARB-17,0,114,-82.74771762088605,41.51161502723502,dolomite
MAT-CARB-17,0,115,-82.7479225459439,41.51147684083394,dolomite
MAT-CARB-17,0,116,-82.74776169485516,41.5112840621807,dolomite
MAT-CARB-17,0,117,-82.74799587231036,41.51122302109709,dolomite
MAT-CARB-17,0,118,-82.74831038461,41.511338303550104,dolomite
MAT-CARB-17,0,119,-82.74870542385361,41.511392778331064,dolomite
MAT-CARB-17,0,120,-82.74899074447119,41.511397837172645,dolomite
MAT-CARB-17,0,121,-82.74947361565638,41.511363950912965,dolomite
MAT-CARB-17,0,122,-82.74985408844967,41.5112971169956,dolomite
MAT-CARB-17,0,123,-82.75017754079506,41.511134380172244,dolomite
MAT-CARB-17,0,124,-82.75027353241558,41.51140907681908,dolomite
MAT-CARB-17,0,125,-82.75069658957146,41.51120477177861,dolomite
MAT-CARB-17,0,126,-82.7505859040727,41.51091362269354,dolomite
MAT-CARB-17,0,127,-82.75019101728151,41.51082097594954,dolomite
MAT-CARB-17,0,128,-82.75051875298686,41.51053442557212,dolomite
MAT-CARB-17,0,129,-82.7507734219082,41.510253512098515,dolomite
MAT-CARB-17,0,130,-82.75038599846114,41.51020484264305,dolomite
MAT-CARB-17,0,131,-82.75002121319183,41.51034852242966,dolomite
MAT-CARB-17,0,132,-82.74983960930159,41.51063479508967,dolomite
MAT-CARB-17,0,133,-82.74986046971188,41.51035436961865,dolomite
MAT-CARB-17,0,134,-82.74999825149877,41.51006818806423,dolomite
MAT-CARB-17,0,135,-82.75036274725507,41.509836524350014,dolomite
MAT-CARB-17,0,136,-82.75073559820257,41.509901735127094,dolomite
MAT-CARB-17,0,137,-82.75112322352385,41.51000536596512,dolomite
MAT-CARB-17,0,138,-82.75234335371223,41.50999181107433,dolomite
MAT-CARB-17,0,139,-82.75272378696448,41.51012296074018,dolomite
MAT-CARB-17,0,140,-82.75293459916234,41.50982565142925,dolomite
MAT-CARB-17,0,141,-82.75266320138701,41.50954032751302,dolomite
MAT-CARB-17,0,142,-82.75303643786036,41.5096990002669,dolomite
MAT-CARB-17,0,143,-82.75387631346204,41.50960375831194,dolomite
MAT-CARB-17,0,144,-82.75383025151152,41.50900461130116,dolomite
MAT-CARB-17,0,145,-82.75361726366985,41.5087081678266,dolomite
MAT-CARB-17,0,146,-82.75398341079821,41.508932813767636,dolomite
MAT-CARB-17,0,147,-82.75436322315448,41.5088990158889,dolomite
MAT-CARB-17,0,148,-82.75512241283417,41.50871597872378,dolomite
MAT-CARB-17,0,149,-82.75549455852541,41.50859423629799,dolomite
MAT-CARB-17,0,150,-82.75585894469181,41.50834055962795,dolomite
MAT-CARB-17,0,151,-82.75584323613792,41.50805472508323,dolomite
MAT-CARB-17,0,152,-82.75621624349053,41.50815288544197,dolomite
MAT-CARB-17,0,153,-82.75658786459678,41.507893705693405,dolomite
MAT-CARB-17,0,154,-82.75682062765435,41.50761831083318,dolomite
MAT-CARB-17,0,155,-82.75711179758576,41.507331819786195,dolomite
MAT-CARB-17,0,156,-82.75751266706654,41.50706157627776,dolomite
MAT-CARB-17,0,157,-82.75789911678427,41.506857323503084,dolomite
MAT-CARB-17,0,158,-82.75845959455921,41.50630635083358,dolomite
MAT-CARB-17,0,159,-82.75880920101686,41.506019702157424,dolomite
MAT-CARB-17,0,160,-82.75917379739138,41.505837488388174,dolomite
MAT-CARB-17,0,161,-82.75985836622382,41.50526424464807,dolomite
MAT-CARB-17,0,162,-82.7604406788371,41.504696731238155,dolomite
MAT-CARB-17,0,163,-82.76123503524605,41.50417820417538,dolomite
MAT-CARB-17,0,164,-82.76146776681465,41.503902826889444,dolomite
MAT-CARB-17,0,165,-82.76183295371109,41.50386903701849,dolomite
MAT-CARB-17,0,166,-82.7622195846787,41.50371975999656,dolomite
MAT-CARB-17,0,167,-82.76262035468132,41.503443985980816,dolomite
MAT-CARB-17,0,168,-82.7633642125839,41.50310149740611,dolomite
MAT-CARB-17,0,169,-82.76373626373477,41.502957732713064,dolomite
MAT-CARB-17,0,170,-82.76389590486441,41.502682510875275,dolomite
MAT-CARB-17,0,171,-82.76418698074632,41.502384948605425,dolomite
MAT-CARB-17,0,172,-82.7642245704126,41.50265976462933,dolomite
MAT-CARB-17,0,173,-82.76460363536236,41.50244450754312,dolomite
MAT-CARB-17,0,174,-82.76496826142771,41.50227878643607,dolomite
MAT-CARB-17,0,175,-82.76498900739,41.50197636021359,dolomite
MAT-CARB-17,0,176,-82.76518515382682,41.50169003030325,dolomite
MAT-CARB-17,0,177,-82.76523734032594,41.501964813948746,dolomite
MAT-CARB-17,0,178,-82.76555257031872,41.50223901625219,dolomite
MAT-CARB-17,0,179,-82.76594714801965,41.502260112121924,dolomite
MAT-CARB-17,0,180,-82.76750313167038,41.5022236898979,dolomite
MAT-CARB-17,0,181,-82.76862740656544,41.50201227083903,dolomite
MAT-CARB-17,0,182,-82.76986142903522,41.501850045220316,dolomite
MAT-CARB-17,0,183,-82.77068687589257,41.5018262189592,dolomite
MAT-CARB-17,0,184,-82.77147600810308,41.501862917798256,dolomite
MAT-CARB-17,0,185,-82.77189151323466,41.501625558836324,dolomite
MAT-CARB-17,0,186,-82.77228657460168,41.50176761247359,dolomite
MAT-CARB-17,0,187,-82.77190698718154,41.50184543200145,dolomite
MAT-CARB-17,0,188,-82.77209074438207,41.50212542756868,dolomite
MAT-CARB-17,0,189,-82.77288703707067,41.502118108321284,dolomite
MAT-CARB-17,0,190,-82.77304155386251,41.5023926560223,dolomite
MAT-CARB-17,0,191,-82.77342945824408,41.50256768910454,dolomite
MAT-CARB-17,0,192,-82.77348178168243,41.50285895223385,dolomite
MAT-CARB-17,0,193,-82.77309409662278,41.502738882152805,dolomite
MAT-CARB-17,0,194,-82.77313901924413,41.50301367871516,dolomite
MAT-CARB-17,0,195,-82.77333018416364,41.503310111356896,dolomite
MAT-CARB-17,0,196,-82.77362352632814,41.50358434206578,dolomite
MAT-CARB-17,0,197,-82.77385862307978,41.50390815527159,dolomite
MAT-CARB-17,0,198,-82.77417388259288,41.50418781989167,dolomite
MAT-CARB-17,0,199,-82.77454010984435,41.504412403928676,dolomite
MAT-CARB-17,0,200,-82.77492818559402,41.50462593868077,dolomite
MAT-CARB-17,0,201,-82.77565939585364,41.50478369455371,dolomite
MAT-CARB-17,0,202,-82.77606915839661,41.504936672398365,dolomite
MAT-CARB-17,0,203,-82.77647169311355,41.50510617636465,dolomite
MAT-CARB-17,0,204,-82.77689652433001,41.50537458323457,dolomite
MAT-CARB-17,0,205,-82.77727718124056,41.50555513300028,dolomite
MAT-CARB-17,0,206,-82.77764280495413,41.50563676064579,dolomite
MAT-CARB-17,0,207,-82.77805275732375,41.50583372366922,dolomite
MAT-CARB-17,0,208,-82.77841844256749,41.5059208615699,dolomite
MAT-CARB-17,0,209,-82.77879123112778,41.50596947474724,dolomite
MAT-CARB-17,0,210,-82.77917115023514,41.50596859238533,dolomite
MAT-CARB-17,0,211,-82.77955818516448,41.50592369979388,dolomite
MAT-CARB-17,0,212,-82.78033259420287,41.50591640966657,dolomite
MAT-CARB-17,0,213,-82.78144890938638,41.50553994549186,dolomite
MAT-CARB-17,0,214,-82.7818135564937,41.505385144265894,dolomite
MAT-CARB-17,0,215,-82.78219326659742,41.505334774986835,dolomite
MAT-CARB-17,0,216,-82.78295913406355,41.50503059344757,dolomite
MAT-CARB-17,0,217,-82.78371877788665,41.50498483650932,dolomite
MAT-CARB-17,0,218,-82.7841057812401,41.50493444393266,dolomite
MAT-CARB-17,0,219,-82.78448627048189,41.505070978848586,dolomite
MAT-CARB-17,0,220,-82.78523876507741,41.50506919431194,dolomite
MAT-CARB-17,0,221,-82.78560427032653,41.50511231832513,dolomite
MAT-CARB-17,0,222,-82.78603520679198,41.50508929667428,dolomite
MAT-CARB-17,0,223,-82.78678072965731,41.50516445111575,dolomite
MAT-CARB-17,0,224,-82.78716839620358,41.505262480663035,dolomite
MAT-CARB-17,0,225,-82.78680353972138,41.50537333361881,dolomite
MAT-CARB-17,0,226,-82.7870896947683,41.50565854640359,dolomite
MAT-CARB-17,0,227,-82.78746288382136,41.50580057462754,dolomite
MAT-CARB-17,0,228,-82.78757859367994,41.50551988668042,dolomite
MAT-CARB-17,0,229,-82.78773323748916,41.505799927335794,dolomite
MAT-CARB-17,0,230,-82.78806321676309,41.50608500530499,dolomite
MAT-CARB-17,0,231,-82.78845735665952,41.50599610194201,dolomite
MAT-CARB-17,0,232,-82.78859735104669,41.50627063636484,dolomite
MAT-CARB-17,0,233,-82.7889699850004,41.506280738635496,dolomite
MAT-CARB-17,0,234,-82.7893428195766,41.50632931896435,dolomite
MAT-CARB-17,0,235,-82.78953888894121,41.50603746494902,dolomite
MAT-CARB-17,0,236,-82.7897519313709,41.506311849358624,dolomite
MAT-CARB-17,0,237,-82.79013192270439,41.50632741562353,dolomite
MAT-CARB-17,0,238,-82.79051907016625,41.506309996453304,dolomite
MAT-CARB-17,0,239,-82.79089840203201,41.506171643083974,dolomite
MAT-CARB-17,0,240,-82.79109443844752,41.50589078467583,dolomite
MAT-CARB-17,0,241,-82.79115166115513,41.505604749644135,dolomite
MAT-CARB-17,0,242,-82.79125269093169,41.50530763760558,dolomite
MAT-CARB-17,0,243,-82.79129768864627,41.50558239936017,dolomite
MAT-CARB-17,0,244,-82.79129289252039,41.50616517432479,dolomite
MAT-CARB-17,0,245,-82.79149869260914,41.506450571304725,dolomite
MAT-CARB-17,0,246,-82.79187847236312,41.5064166547456,dolomite
MAT-CARB-17,0,247,-82.7922581205447,41.50636074106829,dolomite
MAT-CARB-17,0,248,-82.79263735431903,41.50620038620514,dolomite
MAT-CARB-17,0,249,-82.79339607789117,41.50594014814524,dolomite
MAT-CARB-17,0,250,-82.79376786684207,41.50574681345659,dolomite
MAT-CARB-17,0,251,-82.79451082952659,41.505228219337546,dolomite
MAT-CARB-17,0,252,-82.79488269430422,41.505062362495146,dolomite
MAT-CARB-17,0,253,-82.79564878923732,41.50482408807927,dolomite
MAT-CARB-17,0,254,-82.79639216040712,41.50438792575656,dolomite
MAT-CARB-17,0,255,-82.7967791269626,41.50433200702788,dolomite
MAT-CARB-17,0,256,-82.79750956547984,41.50430269103107,dolomite
MAT-CARB-17,0,257,-82.7982564094202,41.504669207955445,dolomite
MAT-CARB-17,0,258,-82.79868081595903,41.50482207243799,dolomite
MAT-CARB-17,0,259,-82.79906084957413,41.5048486359171,dolomite
MAT-CARB-17,0,260,-82.79979267670632,41.505132680844106,dolomite
MAT-CARB-17,0,261,-82.80017273675249,41.50516472609073,dolomite
MAT-CARB-17,0,262,-82.80091883684696,41.50536628359862,dolomite
MAT-CARB-17,0,263,-82.80166475784819,41.505518331604776,dolomite
MAT-CARB-17,0,264,-82.80204429518636,41.505440418368835,dolomite
MAT-CARB-17,0,265,-82.80208937315624,41.5057151759569,dolomite
MAT-CARB-17,0,266,-82.80247014798002,41.50590664383277,dolomite
MAT-CARB-17,0,267,-82.8028429782696,41.505960695080915,dolomite
MAT-CARB-17,0,268,-82.80323018136326,41.50594872013451,dolomite
MAT-CARB-17,0,269,-82.80360989142422,41.505909281275706,dolomite
MAT-CARB-17,0,270,-82.80397496959324,41.50585336733801,dolomite
MAT-CARB-17,0,271,-82.80434713525831,41.50575898202106,dolomite
MAT-CARB-17,0,272,-82.80507841311021,41.505905560559945,dolomite
MAT-CARB-17,0,273,-82.80588875767984,41.50576055150491,dolomite
MAT-CARB-17,0,274,-82.80626083254256,41.50563865143624,dolomite
MAT-CARB-17,0,275,-82.8066327322431,41.50547827089911,dolomite
MAT-CARB-17,0,276,-82.80693827643812,41.50519159393162,dolomite
MAT-CARB-17,0,277,-82.80699545672401,41.5049110639093,dolomite
MAT-CARB-17,0,278,-82.80736168532306,41.50511906452289,dolomite
MAT-CARB-17,0,279,-82.8077559054197,41.505046553549164,dolomite
MAT-CARB-17,0,280,-82.8081206895585,41.50493566444558,dolomite
MAT-CARB-17,0,281,-82.80887903934897,41.50460934025007,dolomite
MAT-CARB-17,0,282,-82.8092729930758,41.504487374442476,dolomite
MAT-CARB-17,0,283,-82.80965997460648,41.50443689951655,dolomite
MAT-CARB-17,0,284,-82.81004635287317,41.50425447459871,dolomite
MAT-CARB-17,0,285,-82.8104478117217,41.504170965314934,dolomite
MAT-CARB-17,0,286,-82.8108195059258,41.50397757766406,dolomite
MAT-CARB-17,0,287,-82.81087444275704,41.50390398651948,dolomite
MAT-CARB-17,0,288,-82.81223787564973,41.504588807829904,dolomite
MAT-CARB-17,0,289,-82.81279240801368,41.50568956496843,dolomite
MAT-CARB-17,0,290,-82.81316383777292,41.50679079608417,dolomite
MAT-CARB-17,0,291,-82.81350885281586,41.50815832511179,dolomite
MAT-CARB-17,0,292,-82.81365850696399,41.50931594439666,dolomite
MAT-CARB-17,0,293,-82.81391752946149,41.511335433291876,dolomite
MAT-CARB-17,0,294,-82.81391172434247,41.51206049881834,dolomite
MAT-CARB-17,0,295,-82.81391427326959,41.51261160254356,dolomite
MAT-CARB-17,0,296,-82.81356452079622,41.51422961507361,dolomite
MAT-CARB-17,0,297,-82.81302197912392,41.51574656637323,dolomite
MAT-CARB-17,0,298,-82.81248001101268,41.517401275057,dolomite
MAT-CARB-17,0,299,-82.81193611669094,41.5186426671438,dolomite
MAT-CARB-17,0,300,-82.81084388719852,41.52016100130628,dolomite
MAT-CARB-17,0,301,-82.81047935528547,41.52057526012355,dolomite
MAT-CARB-17,0,302,-82.80974846469636,41.52099049014985,dolomite
MAT-CARB-17,0,303,-82.80920260829305,41.52181852791008,dolomite
MAT-CARB-17,0,304,-82.809204491515,41.522231838732374,dolomite
MAT-CARB-17,0,305,-82.8088424466067,41.523197190836584,dolomite
MAT-CARB-17,0,306,-82.80847792266042,41.52361144243905,dolomite
MAT-CARB-17,0,307,-82.80646631873795,41.52444324739335,dolomite
MAT-CARB-17,0,308,-82.80500250171582,41.52486028675335,dolomite
MAT-CARB-17,0,309,-82.80390381021924,41.525000833011426,dolomite
MAT-CARB-17,0,310,-82.80262255847735,41.52527961889671,dolomite
MAT-CARB-17,0,311,-82.80079282119799,41.52583531730366,dolomite
MAT-CARB-17,0,312,-82.79987674184328,41.525837607038305,dolomite
MAT-CARB-17,0,313,-82.7984097883857,41.52556570716779,dolomite
MAT-CARB-17,0,314,-82.79730809015383,41.52501733407049,dolomite
MAT-CARB-17,0,315,-82.79565795918397,41.52474588101879,dolomite
MAT-CARB-17,0,316,-82.7945610808051,41.525299651744405,dolomite
MAT-CARB-17,0,317,-82.79438202098176,41.52626450852852,dolomite
MAT-CARB-17,0,318,-82.79438620493512,41.52722891546038,dolomite
MAT-CARB-17,0,319,-82.79475865085806,41.52860573208264,dolomite
MAT-CARB-17,0,320,-82.79457663101753,41.52888172966251,dolomite
MAT-CARB-17,0,321,-82.7943969641335,41.52970879584036,dolomite
MAT-CARB-17,0,322,-82.7934873873472,41.53122653658396,dolomite
MAT-CARB-17,0,323,-82.79257658167103,41.53246872109181,dolomite
MAT-CARB-17,0,324,-82.79221250191253,41.533020680091795,dolomite
MAT-CARB-17,0,325,-82.79111897201771,41.53440105697925,dolomite
MAT-CARB-17,0,326,-82.79002366736263,41.53536811579917,dolomite
MAT-CARB-17,0,327,-82.78929480547339,41.53633428222718,dolomite
MAT-CARB-17,0,328,-82.78801499774173,41.53702621580727,dolomite
MAT-CARB-17,0,329,-82.78673694720062,41.538131440936,dolomite
MAT-CARB-17,0,330,-82.78525847756723,41.54052765550352,dolomite
MAT-CARB-17,0,331,-82.7850865231895,41.54047935504141,dolomite
MAT-CARB-17,0,332,-82.7837137223089,41.54022735031183,dolomite
MAT-CARB-17,0,333,-82.7797174684678,41.540148981992004,dolomite
MAT-CARB-17,0,334,-82.77908923593486,41.54005088631701,dolomite
MAT-CARB-17,0,335,-82.77757392024347,41.54003991468125,dolomite
MAT-CARB-17,0,336,-82.77584709142798,41.53997236362923,dolomite
MAT-CARB-17,0,337,-82.77463850903428,41.54001308898559,dolomite
MAT-CARB-17,0,338,-82.77340506472139,41.53974548144197,dolomite
MAT-CARB-17,0,339,-82.77270334026814,41.539668829507775,dolomite
MAT-CARB-17,0,340,-82.76908076397741,41.54058876986599,dolomite
MAT-CARB-17,0,341,-82.76768735584282,41.54126088177271,dolomite
MAT-CARB-17,0,342,-82.7661001992025,41.5421681443691,dolomite
MAT-CARB-17,0,343,-82.76366443892331,41.54251337398194,dolomite
MAT-CARB-17,0,344,-82.76332378835585,41.5427804808525,dolomite
MAT-CARB-17,0,345,-82.76250294535825,41.54284044669341,dolomite
MAT-CARB-17,0,346,-82.76104705341228,41.54326989776582,dolomite
MAT-CARB-17,0,347,-82.76012111828756,41.5435051621316,dolomite
MAT-CARB-17,0,348,-82.75954124552459,41.54360542301315,dolomite
MAT-CARB-17,0,349,-82.7586434489351,41.543917901153954,dolomite
MAT-CARB-17,0,350,-82.75778669614711,41.54392805178986,dolomite
MAT-CARB-17,0,351,-82.75728535327974,41.54416644175138,dolomite
MAT-CARB-17,0,352,-82.75634530164356,41.544363064027976,dolomite
MAT-CARB-17,0,353,-82.75431306037231,41.5451457806289,dolomite
MAT-CARB-17,0,354,-82.75401774610984,41.54581488148471,dolomite
MAT-CARB-17,0,355,-82.75338703233375,41.54588721812594,dolomite
MAT-CARB-17,0,356,-82.75283361726399,41.54567950870702,dolomite
MAT-CARB-17,0,357,-82.75246458611,41.54537961541889,dolomite
MAT-CARB-17,0,358,-82.75119418699099,41.545634237899264,dolomite
MAT-CARB-17,0,359,-82.75043524182013,41.545958705397595,dolomite
MAT-CARB-17,0,360,-82.75009069243396,41.545989152340724,dolomite
MAT-CARB-17,0,361,-82.74955384631158,41.54580728332409,dolomite
MAT-CARB-17,0,362,-82.749265688641,41.54575505919633,dolomite
MAT-CARB-17,0,363,-82.74850420928134,41.545839077876686,dolomite
MAT-CARB-17,0,364,-82.74810108158472,41.5457739242282,dolomite
MAT-CARB-17,0,365,-82.74731671803072,41.54559957686168,dolomite
MAT-CARB-17,0,366,-82.7456312392742,41.545377538283006,dolomite
MAT-CARB-17,0,367,-82.74519142188248,41.54529048177478,dolomite
MAT-CARB-17,0,368,-82.74478115801904,41.545269295080914,dolomite
MAT-CARB-17,0,369,-82.74404100269194,41.54517182046472,dolomite
MAT-CARB-17,0,370,-82.7436598736705,41.545090096903316,dolomite
MAT-CARB-17,0,371,-82.74328587522359,41.54498087704582,dolomite
MAT-CARB-17,0,372,-82.74288977756814,41.54481673936932,dolomite
MAT-CARB-17,0,373,-82.74212015575665,41.54466429628044,dolomite
MAT-CARB-17,0,374,-82.74153020723087,41.54461065905019,dolomite
MAT-CARB-17,0,375,-82.74135079440322,41.54459434455821,dolomite
MAT-CARB-17,0,376,-82.74094797143387,41.544600665347346,dolomite
MAT-CARB-17,0,377,-82.74012741370333,41.544536293576954,dolomite
MAT-CARB-17,0,378,-82.73967287515923,41.54443273591158,dolomite
MAT-CARB-17,0,379,-82.73928422393212,41.544296024690745,dolomite
MAT-CARB-17,0,380,-82.73847688203223,41.54383572365791,dolomite
MAT-CARB-17,0,381,-82.73807331282123,41.54363859154315,dolomite
MAT-CARB-17,0,382,-82.73768474652864,41.543523897846946,dolomite
MAT-CARB-17,0,383,-82.73724500694603,41.543442269756284,dolomite
MAT-CARB-17,0,384,-82.73641718854738,41.543405395068234,dolomite
MAT-CARB-17,0,385,-82.73602880028959,41.543351169613764,dolomite
MAT-CARB-17,0,386,-82.73563987783939,41.543142975317714,dolomite
MAT-CARB-17,0,387,-82.73524402065628,41.54305025608703,dolomite
MAT-CARB-17,0,388,-82.73478244431848,41.54300716758197,dolomite
MAT-CARB-17,0,389,-82.73437233064283,41.54302447836141,dolomite
MAT-CARB-17,0,390,-82.73354417815509,41.54288860468438,dolomite
MAT-CARB-17,0,391,-82.73312663146346,41.54286739235392,dolomite
MAT-CARB-17,0,392,-82.73234262255303,41.54277544323392,dolomite
MAT-CARB-17,0,393,-82.73228550173008,41.54321540921017,dolomite
MAT-CARB-17,0,394,-82.73218455718529,41.54367197000559,dolomite
MAT-CARB-17,0,395,-82.73190347683082,41.54286421860111,dolomite
MAT-CARB-17,0,396,-82.73153645309227,41.54263951321026,dolomite
MAT-CARB-17,0,397,-82.73127410939371,41.543030397709494,dolomite
MAT-CARB-17,0,398,-82.73140838515415,41.543739425994154,dolomite
MAT-CARB-17,0,399,-82.73088129023617,41.54382836683883,dolomite
MAT-CARB-17,0,400,-82.73047701372911,41.54340577035224,dolomite
MAT-CARB-17,0,401,-82.73025633679919,41.543125791643185,dolomite
MAT-CARB-17,0,402,-82.72986763826813,41.5429780522055,dolomite
MAT-CARB-17,0,403,-82.7294865579966,41.54291279386855,dolomite
MAT-CARB-17,0,404,-82.72869519789413,41.542826292745936,dolomite
MAT-CARB-17,0,405,-82.72832938682976,41.54293696585035,dolomite
MAT-CARB-17,0,406,-82.72825712077412,41.543245012923,dolomite
MAT-CARB-17,0,407,-82.72838263899732,41.54353068870403,dolomite
MAT-CARB-17,0,408,-82.72841289698738,41.54381106019494,dolomite
MAT-CARB-17,0,409,-82.72816480013259,41.54410293066746,dolomite
MAT-CARB-17,0,410,-82.72779936894972,41.54432903651211,dolomite
MAT-CARB-17,0,411,-82.72778369667031,41.544032154440586,dolomite
MAT-CARB-17,0,412,-82.72780467599614,41.543735202831364,dolomite
MAT-CARB-17,0,413,-82.7277304308456,41.54343291901644,dolomite
MAT-CARB-17,0,414,-82.72778804336855,41.543141410436306,dolomite
MAT-CARB-17,0,415,-82.72797723465783,41.54277818051643,dolomite
MAT-CARB-17,0,416,-82.72808619018964,41.54250305716346,dolomite
MAT-CARB-17,0,417,-82.7279240974775,41.5422174501969,dolomite
MAT-CARB-17,0,418,-82.72635640438936,41.54213237593689,dolomite
MAT-CARB-17,0,419,-82.72554309991787,41.54204041018432,dolomite
MAT-CARB-17,0,420,-82.72474467281731,41.54201991030826,dolomite
MAT-CARB-17,0,421,-82.72397601305718,41.54213678060231,dolomite
MAT-CARB-17,0,422,-82.72357343826044,41.54222548483749,dolomite
MAT-CARB-17,0,423,-82.72278977438812,41.54224345040128,dolomite
MAT-CARB-17,0,424,-82.72119282833279,41.54216384819424,dolomite
MAT-CARB-17,0,425,-82.72082627406378,41.54206005717784,dolomite
MAT-CARB-17,0,426,-82.72063488210354,41.541769008991395,dolomite
MAT-CARB-17,0,427,-82.72053871342436,41.54147227314083,dolomite
MAT-CARB-17,0,428,-82.72024487432327,41.541197867659555,dolomite
MAT-CARB-17,0,429,-82.72,41.541066208358735,dolomite
MAT-CARB-17,0,430,-82.72,41.51919097354445,dolomite
MAT-CARB-17,0,431,-82.72003422889236,41.51913314287868,dolomite
MAT-CARB-17,0,432,-82.72022275315874,41.518560957413776,dolomite
MAT-CARB-17,0,433,-82.72061032554974,41.51841178732663,dolomite
MAT-CARB-17,0,434,-82.72099009659698,41.518108685950025,dolomite
MAT-CARB-17,0,435,-82.72123081181675,41.51783334811201,dolomite
MAT-CARB-17,0,436,-82.72158111208176,41.51749179229026,dolomite
MAT-CARB-17,0,437,-82.72181441655104,41.517183445390756,dolomite
MAT-CARB-17,0,438,-82.72192959336672,41.51658391039218,dolomite
MAT-CARB-17,0,439,-82.7219066010492,41.51627052352895,dolomite
MAT-CARB-17,0,440,-82.72187537619028,41.51567125844886,dolomite
MAT-CARB-17,0,441,-82.72179387163693,41.51537449010513,dolomite
MAT-CARB-17,0,442,-82.72108754035433,41.514314552056724,dolomite
MAT-CARB-17,0,443,-82.72042154569759,41.51437627866542,dolomite
MAT-CARB-17,0,444,-82.72,41.514030409431854,dolomite
MAT-CARB-17,0,445,-82.72,41.51398576789299,dolomite
MAT-CARB-17,0,446,-82.72033307083318,41.514200472630826,dolomite
MAT-CARB-17,0,447,-82.7214383807145,41.514121509079175,dolomite
MAT-CARB-17,0,448,-82.72141657587962,41.51404812855187,dolomite
MAT-CARB-17,0,449,-82.7218018024229,41.51397141913137,dolomite
MAT-CARB-17,0,450,-82.72175817315163,41.513673675340065,dolomite
MAT-CARB-17,0,451,-82.72150959669844,41.51351410028936,dolomite
MAT-CARB-17,0,452,-82.72102303754951,41.51335438682278,dolomite
MAT-CARB-17,0,453,-82.72076711041349,41.51258313009492,dolomite
MAT-CARB-17,0,454,-82.72070024631832,41.51228633335765,dolomite
MAT-CARB-17,0,455,-82.72046407886916,41.51169844032943,dolomite
MAT-CARB-17,0,456,-82.7203020918002,41.511412815735014,dolomite
MAT-CARB-17,0,457,-82.7200889126352,41.511138255278695,dolomite
MAT-CARB-17,0,458,-82.72007321042625,41.51081936799589,dolomite
MAT-CARB-17,0,459,-82.72,41.510764648659254,dolomite
MAT-CARB-17,0,460,-82.72,41.50838253325294,dolomite
MAT-CARB-17,0,461,-82.72022688123069,41.508542706794344,dolomite
MAT-CARB-17,1,0,-82.72033293328735,41.50060264528809,dolomite
MAT-CARB-17,1,1,-82.72064128077885,41.50088251822423,dolomite
MAT-CARB-17,1,2,-82.72081808901629,41.501223108265236,dolomite
MAT-CARB-17,1,3,-82.72077507604034,41.50150362615868,dolomite
MAT-CARB-17,1,4,-82.72063362538508,41.50193947805901,dolomite
MAT-CARB-17,1,5,-82.72,41.503480705001564,dolomite
MAT-CARB-17,1,6,-82.72,41.50041601468087,dolomite
MAT-CARB-17,1,7,-82.72033293328735,41.50060264528809,dolomite
MAT-CARB-48,0,0,-83.09811511486397,41.121533281341414,dolomite
MAT-CARB-48,0,1,-83.09617522896804,41.122464259319926,dolomite
MAT-CARB-48,0,2,-83.09496899888029,41.123760034597304,dolomite
MAT-CARB-48,0,3,-83.09522532468509,41.125232797486774,dolomite
MAT-CARB-48,0,4,-83.09596388304593,41.126150360879755,dolomite
MAT-CARB-48,0,5,-83.09864896914102,41.126873949743775,dolomite
MAT-CARB-48,0,6,-83.10084868095916,41.1277841759476,dolomite
MAT-CARB-48,0,7,-83.10305496084483,41.12943131892215,dolomite
MAT-CARB-48,0,8,-83.10379692900206,41.13071735083653,dolomite
MAT-CARB-48,0,9,-83.10356967989088,41.132561014279055,dolomite
MAT-CARB-48,0,10,-83.10068133968701,41.13644487883108,dolomite
MAT-CARB-48,0,11,-83.0982733186959,41.1395892166011,dolomite
MAT-CARB-48,0,12,-83.09731362426743,41.14125229657269,dolomite
MAT-CARB-48,0,13,-83.09708294169894,41.14272744464457,dolomite
MAT-CARB-48,0,14,-83.09612474693797,41.14457475589933,dolomite
MAT-CARB-48,0,15,-83.09596001880399,41.15360380712482,dolomite
MAT-CARB-48,0,16,-83.09548564100183,41.155080181528994,dolomite
MAT-CARB-48,0,17,-83.0955274413132,41.15987043652857,dolomite
MAT-CARB-48,0,18,-83.09456257894011,41.160980743648395,dolomite
MAT-CARB-48,0,19,-83.09262308672493,41.162095852537576,dolomite
MAT-CARB-48,0,20,-83.0906787831927,41.16265823021898,dolomite
MAT-CARB-48,0,21,-83.08898283569552,41.16377210134423,dolomite
MAT-CARB-48,0,22,-83.0877789129264,41.16543624919983,dolomite
MAT-CARB-48,0,23,-83.0873074472356,41.167281034134476,dolomite
MAT-CARB-48,0,24,-83.08661290935562,41.17152214526949,dolomite
MAT-CARB-48,0,25,-83.0866271658128,41.17318028528557,dolomite
MAT-CARB-48,0,26,-83.08516984326846,41.1737401755254,dolomite
MAT-CARB-48,0,27,-83.08419988340522,41.174297666179925,dolomite
MAT-CARB-48,0,28,-83.08200832403325,41.17449260775077,dolomite
MAT-CARB-48,0,29,-83.08079459529536,41.17505125721145,dolomite
MAT-CARB-48,0,30,-83.08055563861343,41.17560513522981,dolomite
MAT-CARB-48,0,31,-83.08056190978547,41.1763420969258,dolomite
MAT-CARB-48,0,32,-83.08129925461331,41.17707550452112,dolomite
MAT-CARB-48,0,33,-83.08155391486994,41.17836397288699,dolomite
MAT-CARB-48,0,34,-83.08083694494886,41.1800256880531,dolomite
MAT-CARB-48,0,35,-83.07869857982728,41.1828243239781,dolomite
MAT-CARB-48,0,36,-83.07605043330575,41.18670627190221,dolomite
MAT-CARB-48,0,37,-83.07488150316006,41.19260772103817,dolomite
MAT-CARB-48,0,38,-83.07445915609851,41.20034796787161,dolomite
MAT-CARB-48,0,39,-83.07423246954023,41.202375719473885,dolomite
MAT-CARB-48,0,40,-83.07253990605632,41.20404203534276,dolomite
MAT-CARB-48,0,41,-83.07230229057384,41.2047801219841,dolomite
MAT-CARB-48,0,42,-83.07255537399243,41.20588437421687,dolomite
MAT-CARB-48,0,43,-83.07427125466639,41.206981608217106,dolomite
MAT-CARB-48,0,44,-83.07501041643134,41.20789924699176,dolomite
MAT-CARB-48,0,45,-83.07477281447966,41.208637363883255,dolomite
MAT-CARB-48,0,46,-83.07429918290576,41.21029780333876,dolomite
MAT-CARB-48,0,47,-83.07412051018906,41.218036804536474,dolomite
MAT-CARB-48,0,48,-83.0748722170997,41.22042831358287,dolomite
MAT-CARB-48,0,49,-83.07513783353288,41.223006394188566,dolomite
MAT-CARB-48,0,50,-83.07441713288885,41.22429952112711,dolomite
MAT-CARB-48,0,51,-83.07199552297621,41.226337781315586,dolomite
MAT-CARB-48,0,52,-83.0715155225818,41.22726125381393,dolomite
MAT-CARB-48,0,53,-83.07176709514232,41.228181256095034,dolomite
MAT-CARB-48,0,54,-83.07299423205983,41.229096587624696,dolomite
MAT-CARB-48,0,55,-83.07421981345934,41.22982764547016,dolomite
MAT-CARB-48,0,56,-83.07545164236035,41.231295650037126,dolomite
MAT-CARB-48,0,57,-83.0762035421854,41.23368712722457,dolomite
MAT-CARB-48,0,58,-83.0759721263355,41.235162134906616,dolomite
MAT-CARB-48,0,59,-83.07526375197371,41.23792911285204,dolomite
MAT-CARB-48,0,60,-83.07454755516144,41.23977494934799,dolomite
MAT-CARB-48,0,61,-83.07433312359173,41.243276494051266,dolomite
MAT-CARB-48,0,62,-83.07532439924346,41.24511409080339,dolomite
MAT-CARB-48,0,63,-83.07778402422298,41.24749730987329,dolomite
MAT-CARB-48,0,64,-83.07827975087795,41.24841610602445,dolomite
MAT-CARB-48,0,65,-83.0780436055198,41.249338410311765,dolomite
MAT-CARB-48,0,66,-83.07708027550434,41.250816964119934,dolomite
MAT-CARB-48,0,67,-83.07562277050388,41.251560936152266,dolomite
MAT-CARB-48,0,68,-83.0744092058594,41.252303691574205,dolomite
MAT-CARB-48,0,69,-83.07294854191618,41.252679170081336,dolomite
MAT-CARB-48,0,70,-83.07246836912373,41.253602655706764,dolomite
MAT-CARB-48,0,71,-83.07174729423289,41.25489573708463,dolomite
MAT-CARB-48,0,72,-83.0702896437695,41.25563964187715,dolomite
MAT-CARB-48,0,73,-83.06785604932675,41.256388163874846,dolomite
MAT-CARB-48,0,74,-83.06664384609577,41.257315067388646,dolomite
MAT-CARB-48,0,75,-83.06471031646565,41.259535047477364,dolomite
MAT-CARB-48,0,76,-83.06424829089273,41.2626691882791,dolomite
MAT-CARB-48,0,77,-83.062801044784,41.26470259799535,dolomite
MAT-CARB-48,0,78,-83.06111272234503,41.26710556060966,dolomite
MAT-CARB-48,0,79,-83.0604049278143,41.27005661217625,dolomite
MAT-CARB-48,0,80,-83.05896647951077,41.273195301753404,dolomite
MAT-CARB-48,0,81,-83.05876905649087,41.27654006450868,dolomite
MAT-CARB-48,0,82,-83.05710444246954,41.28189057188494,dolomite
MAT-CARB-48,0,83,-83.055900624079,41.28392270515779,dolomite
MAT-CARB-48,0,84,-83.05444217937426,41.28466640060091,dolomite
MAT-CARB-48,0,85,-83.05346589738528,41.28467091835194,dolomite
MAT-CARB-48,0,86,-83.05248659016773,41.284306976419735,dolomite
MAT-CARB-48,0,87,-83.05150431002819,41.28357457425719,dolomite
MAT-CARB-48,0,88,-83.05173794860129,41.282283866274135,dolomite
MAT-CARB-48,0,89,-83.05270077903837,41.280621352568375,dolomite
MAT-CARB-48,0,90,-83.05317692211922,41.27914531259287,dolomite
MAT-CARB-48,0,91,-83.05145508923894,41.277495154290435,dolomite
MAT-CARB-48,0,92,-83.05071548941756,41.27657739014448,dolomite
MAT-CARB-48,0,93,-83.04973634983146,41.27621345074424,dolomite
MAT-CARB-48,0,94,-83.04852202744242,41.27695592996281,dolomite
MAT-CARB-48,0,95,-83.04779580641342,41.27769619092843,dolomite
MAT-CARB-48,0,96,-83.04731511630158,41.27861955817632,dolomite
MAT-CARB-48,0,97,-83.04732695831649,41.280093344554714,dolomite
MAT-CARB-48,0,98,-83.04833583812392,41.28414182848329,dolomite
MAT-CARB-48,0,99,-83.0478698921369,41.286907424051435,dolomite
MAT-CARB-48,0,100,-83.04739357977843,41.28838343421855,dolomite
MAT-CARB-48,0,101,-83.04424689592759,41.291713928732946,dolomite
MAT-CARB-48,0,102,-83.03868064708487,41.297818678753266,dolomite
MAT-CARB-48,0,103,-83.03699065251617,41.30022124063872,dolomite
MAT-CARB-48,0,104,-83.03433700869302,41.30428611995267,dolomite
MAT-CARB-48,0,105,-83.03289663568123,41.30742441439267,dolomite
MAT-CARB-48,0,106,-83.03193726058097,41.30963940289107,dolomite
MAT-CARB-48,0,107,-83.02806344747188,41.31389378000331,dolomite
MAT-CARB-48,0,108,-83.02515316033474,41.316485743953756,dolomite
MAT-CARB-48,0,109,-83.02418351253328,41.31741113132986,dolomite
MAT-CARB-48,0,110,-83.02346226135093,41.31888808033574,dolomite
MAT-CARB-48,0,111,-83.0198485018409,41.325351714727915,dolomite
MAT-CARB-48,0,112,-83.01766590572005,41.327387631218905,dolomite
MAT-CARB-48,0,113,-83.01572460072558,41.32905401345713,dolomite
MAT-CARB-48,0,114,-83.0152417183257,41.329792995582515,dolomite
MAT-CARB-48,0,115,-83.01525008577251,41.33089831510115,dolomite
MAT-CARB-48,0,116,-83.01623545304338,41.33199940008079,dolomite
MAT-CARB-48,0,117,-83.0157594989696,41.333659480272836,dolomite
MAT-CARB-48,0,118,-83.01527658427285,41.334398459904556,dolomite
MAT-CARB-48,0,119,-83.0116667638894,41.34159861594743,dolomite
MAT-CARB-48,0,120,-83.00974560563107,41.34602812426795,dolomite
MAT-CARB-48,0,121,-83.00491844706663,41.35397006862873,dolomite
MAT-CARB-48,0,122,-83.00395341148848,41.35563213135092,dolomite
MAT-CARB-48,0,123,-83.00275218271088,41.35840047859202,dolomite
MAT-CARB-48,0,124,-83.00107433949744,41.3628287644788,dolomite
MAT-CARB-48,0,125,-83.00085848765721,41.366698276353354,dolomite
MAT-CARB-48,0,126,-83.00114160246096,41.37041252174778,dolomite
MAT-CARB-48,0,127,-83.00215451283394,41.37519793913941,dolomite
MAT-CARB-48,0,128,-83.00292858311302,41.38072120702989,dolomite
MAT-CARB-48,0,129,-83.00350609829115,41.39269282106433,dolomite
MAT-CARB-48,0,130,-83.00524470423706,41.39636978384329,dolomite
MAT-CARB-48,0,131,-83.00550973772538,41.399131880482095,dolomite
MAT-CARB-48,0,132,-83.00527618916081,41.40060659078681,dolomite
MAT-CARB-48,0,133,-83.00512888984785,41.41368631685392,dolomite
MAT-CARB-48,0,134,-83.00441440496311,41.41626828550235,dolomite
MAT-CARB-48,0,135,-83.00394576643251,41.41903342471305,dolomite
MAT-CARB-48,0,136,-83.00379407445546,41.431560367751075,dolomite
MAT-CARB-48,0,137,-83.00258328629609,41.43322331657905,dolomite
MAT-CARB-48,0,138,-83.0018630574269,41.43506841043254,dolomite
MAT-CARB-48,0,139,-83.0019147592962,41.44206811946182,dolomite
MAT-CARB-48,0,140,-83.00119170090935,41.44354478901899,dolomite
MAT-CARB-48,0,141,-83.00141889466944,41.44716847267458,dolomite
MAT-CARB-48,0,142,-83.00118690685542,41.44699151408434,dolomite
MAT-CARB-48,0,143,-83.0006836195358,41.44681818317573,dolomite
MAT-CARB-48,0,144,-83.00058350132267,41.446860621050774,dolomite
MAT-CARB-48,0,145,-83.0004267644094,41.446927075318314,dolomite
MAT-CARB-48,0,146,-83.00020717302824,41.44694798604386,dolomite
MAT-CARB-48,0,147,-82.99973239286321,41.446868446974754,dolomite
MAT-CARB-48,0,148,-82.99955278800716,41.44681450261564,dolomite
MAT-CARB-48,0,149,-82.99932698583706,41.44689802905996,dolomite
MAT-CARB-48,0,150,-82.99913005857012,41.44693741249917,dolomite
MAT-CARB-48,0,151,-82.99894707356817,41.44689969144481,dolomite
MAT-CARB-48,0,152,-82.99847032741775,41.44667615676435,dolomite
MAT-CARB-48,0,153,-82.99822926906889,41.446682725730234,dolomite
MAT-CARB-48,0,154,-82.99804743563108,41.4467770659888,dolomite
MAT-CARB-48,0,155,-82.99781418390883,41.446844136066275,dolomite
MAT-CARB-48,0,156,-82.99758041156767,41.44684516040589,dolomite
MAT-CARB-48,0,157,-82.99747665319205,41.44666952804223,dolomite
MAT-CARB-48,0,158,-82.99727136267208,41.44658236130441,dolomite
MAT-CARB-48,0,159,-82.99703094107598,41.44666597144029,dolomite
MAT-CARB-48,0,160,-82.99678255174211,41.44666705476498,dolomite
MAT-CARB-48,0,161,-82.99651110320742,41.446530679843164,dolomite
MAT-CARB-48,0,162,-82.99621798867344,41.44642739018407,dolomite
MAT-CARB-48,0,163,-82.99584397882589,41.44625844146252,dolomite
MAT-CARB-48,0,164,-82.99441296403133,41.445488781320435,dolomite
MAT-CARB-48,0,165,-82.99349518061506,41.4449369699132,dolomite
MAT-CARB-48,0,166,-82.99325381193698,41.4449050207569,dolomite
MAT-CARB-48,0,167,-82.99310192271449,41.44508727563958,dolomite
MAT-CARB-48,0,168,-82.99286067326445,41.44507180965565,dolomite
MAT-CARB-48,0,169,-82.99257655241125,41.44516658920701,dolomite
MAT-CARB-48,0,170,-82.99231371080354,41.44518974760396,dolomite
MAT-CARB-48,0,171,-82.99206501124655,41.44515228560546,dolomite
MAT-CARB-48,0,172,-82.99153164238668,41.445149095432384,dolomite
MAT-CARB-48,0,173,-82.99128956413838,41.44502907275007,dolomite
MAT-CARB-48,0,174,-82.99081533436735,41.4451081692321,dolomite
MAT-CARB-48,0,175,-82.99057325772831,41.444988172528426,dolomite
MAT-CARB-48,0,176,-82.99012740144119,41.44496807904099,dolomite
MAT-CARB-48,0,177,-82.98901042308398,41.44506644077451,dolomite
MAT-CARB-48,0,178,-82.98853658282997,41.445195034841475,dolomite
MAT-CARB-48,0,179,-82.98825994355455,41.44531728432257,dolomite
MAT-CARB-48,0,180,-82.98755471708161,41.445738543590664,dolomite
MAT-CARB-48,0,181,-82.98730181869207,41.44608631987162,dolomite
MAT-CARB-48,0,182,-82.98704010070215,41.44624152955459,dolomite
MAT-CARB-48,0,183,-82.9863355237575,41.44675082355414,dolomite
MAT-CARB-48,0,184,-82.98588645808061,41.4472314860724,dolomite
MAT-CARB-48,0,185,-82.9858514521335,41.44741871628752,dolomite
MAT-CARB-48,0,186,-82.98604172192057,41.44745642776613,dolomite
MAT-CARB-48,0,187,-82.986487399168,41.4474545122491,dolomite
MAT-CARB-48,0,188,-82.98730664264848,41.447572065052526,dolomite
MAT-CARB-48,0,189,-82.9873589983188,41.44772043157293,dolomite
MAT-CARB-48,0,190,-82.98713356669421,41.44784795585613,dolomite
MAT-CARB-48,0,191,-82.9870061060061,41.44834925893294,dolomite
MAT-CARB-48,0,192,-82.98678121775855,41.44854282758022,dolomite
MAT-CARB-48,0,193,-82.98670200784069,41.44868624217707,dolomite
MAT-CARB-48,0,194,-82.98665936382604,41.44883499408887,dolomite
MAT-CARB-48,0,195,-82.98666794050149,41.44898902392813,dolomite
MAT-CARB-48,0,196,-82.98681113218181,41.44952771034763,dolomite
MAT-CARB-48,0,197,-82.98671905905375,41.44988577568228,dolomite
MAT-CARB-48,0,198,-82.98670854155412,41.45039208892419,dolomite
MAT-CARB-48,0,199,-82.98658586222709,41.45057970181634,dolomite
MAT-CARB-48,0,200,-82.9865510111899,41.45078344289623,dolomite
MAT-CARB-48,0,201,-82.98633293784611,41.450921961629035,dolomite
MAT-CARB-48,0,202,-82.98588711975573,41.450907365251396,dolomite
MAT-CARB-48,0,203,-82.98544913754034,41.45095875526827,dolomite
MAT-CARB-48,0,204,-82.98521578027591,41.45101477480381,dolomite
MAT-CARB-48,0,205,-82.98436346865982,41.45132659303427,dolomite
MAT-CARB-48,0,206,-82.98410137625673,41.451443260411416,dolomite
MAT-CARB-48,0,207,-82.98366354603698,41.45151666811154,dolomite
MAT-CARB-48,0,208,-82.98342316572406,41.45160573598898,dolomite
MAT-CARB-48,0,209,-82.98332682063976,41.45167370712256,dolomite
MAT-CARB-48,0,210,-82.98322699298791,41.45174413330638,dolomite
MAT-CARB-48,0,211,-82.98288045864444,41.45167550382641,dolomite
MAT-CARB-48,0,212,-82.98271316402906,41.4516761767958,dolomite
MAT-CARB-48,0,213,-82.98249650457942,41.45176374855345,dolomite
MAT-CARB-48,0,214,-82.98223386574574,41.45181439430583,dolomite
MAT-CARB-48,0,215,-82.98182406635306,41.45173359098608,dolomite
MAT-CARB-48,0,216,-82.98133577883378,41.45188975159612,dolomite
MAT-CARB-48,0,217,-82.98043287197855,41.45227876283443,dolomite
MAT-CARB-48,0,218,-82.97998091167902,41.45240723451611,dolomite
MAT-CARB-48,0,219,-82.97979124842975,41.452446556886805,dolomite
MAT-CARB-48,0,220,-82.97916308590557,41.452471255766724,dolomite
MAT-CARB-48,0,221,-82.9788786481666,41.45253849291871,dolomite
MAT-CARB-48,0,222,-82.97866082248537,41.45270999253791,dolomite
MAT-CARB-48,0,223,-82.97842054767146,41.45281556160691,dolomite
MAT-CARB-48,0,224,-82.97821733891544,41.45298700210892,dolomite
MAT-CARB-48,0,225,-82.97803734692437,41.45332343989111,dolomite
MAT-CARB-48,0,226,-82.97781924806849,41.45346194286848,dolomite
MAT-CARB-48,0,227,-82.97759347210958,41.45355091330135,dolomite
MAT-CARB-48,0,228,-82.97713505262222,41.45378946895386,dolomite
MAT-CARB-48,0,229,-82.976879577402,41.45382356263528,dolomite
MAT-CARB-48,0,230,-82.97664566710785,41.45381354795399,dolomite
MAT-CARB-48,0,231,-82.97641828054363,41.45370443644361,dolomite
MAT-CARB-48,0,232,-82.97609259581743,41.45318305781981,dolomite
MAT-CARB-48,0,233,-82.97593040524555,41.45300212662624,dolomite
MAT-CARB-48,0,234,-82.97540864793275,41.45262464344195,dolomite
MAT-CARB-48,0,235,-82.97517413017857,41.45253758256454,dolomite
MAT-CARB-48,0,236,-82.97467769025863,41.452589164556755,dolomite
MAT-CARB-48,0,237,-82.97449458848365,41.452534922516314,dolomite
MAT-CARB-48,0,238,-82.97431049387882,41.45235410308402,dolomite
MAT-CARB-48,0,239,-82.97391192607856,41.45184949040987,dolomite
MAT-CARB-48,0,240,-82.97379080426364,41.45171175796376,dolomite
MAT-CARB-48,0,241,-82.97366126929064,41.451569916927774,dolomite
MAT-CARB-48,0,242,-82.97316900238216,41.45122527597057,dolomite
MAT-CARB-48,0,243,-82.97293418779859,41.451099702620716,dolomite
MAT-CARB-48,0,244,-82.97269223437972,41.4509906686987,dolomite
MAT-CARB-48,0,245,-82.9717102716761,41.45063157467255,dolomite
MAT-CARB-48,0,246,-82.971533555156,41.45045620739544,dolomite
MAT-CARB-48,0,247,-82.97126977497555,41.4503637681068,dolomite
MAT-CARB-48,0,248,-82.97104202888016,41.45020513965948,dolomite
MAT-CARB-48,0,249,-82.97039430181732,41.44960247630308,dolomite
MAT-CARB-48,0,250,-82.97028358368586,41.449459871963455,dolomite
MAT-CARB-48,0,251,-82.97017875427622,41.4491356420533,dolomite
MAT-CARB-48,0,252,-82.97000926202463,41.4489547583978,dolomite
MAT-CARB-48,0,253,-82.96979447696012,41.44858696367646,dolomite
MAT-CARB-48,0,254,-82.96971994751331,41.44840016726147,dolomite
MAT-CARB-48,0,255,-82.96961421433465,41.44796038484502,dolomite
MAT-CARB-48,0,256,-82.96941476354343,41.446761589257754,dolomite
MAT-CARB-48,0,257,-82.96925097974332,41.4463715685214,dolomite
MAT-CARB-48,0,258,-82.9692118078813,41.44603605406438,dolomite
MAT-CARB-48,0,259,-82.969078925644,41.4458605111996,dolomite
MAT-CARB-48,0,260,-82.96885153999493,41.44574589913519,dolomite
MAT-CARB-48,0,261,-82.96876983971568,41.44557564158631,dolomite
MAT-CARB-48,0,262,-82.96875737531616,41.44492086639025,dolomite
MAT-CARB-48,0,263,-82.96871937752213,41.444733926123995,dolomite
MAT-CARB-48,0,264,-82.96863050232086,41.44458020823224,dolomite
MAT-CARB-48,0,265,-82.96837970580135,41.44427859784497,dolomite
MAT-CARB-48,0,266,-82.9682758750374,41.44408091550503,dolomite
MAT-CARB-48,0,267,-82.96821585813467,41.44387757643669,dolomite
MAT-CARB-48,0,268,-82.96790324141698,41.44314697955842,dolomite
MAT-CARB-48,0,269,-82.96736450197386,41.44245585408015,dolomite
MAT-CARB-48,0,270,-82.9672099517984,41.442313416851974,dolomite
MAT-CARB-48,0,271,-82.9667547967111,41.44202913736557,dolomite
MAT-CARB-48,0,272,-82.96651224717172,41.441843046295844,dolomite
MAT-CARB-48,0,273,-82.96632068747738,41.441634731570296,dolomite
MAT-CARB-48,0,274,-82.9656592182929,41.44112567810981,dolomite
MAT-CARB-48,0,275,-82.96553356945148,41.440939103829976,dolomite
MAT-CARB-48,0,276,-82.96545169613086,41.440746846491976,dolomite
MAT-CARB-48,0,277,-82.96544328038217,41.44060381247798,dolomite
MAT-CARB-48,0,278,-82.96546165805965,41.44015248866307,dolomite
MAT-CARB-48,0,279,-82.96559038954791,41.43979975323956,dolomite
MAT-CARB-48,0,280,-82.9655817486751,41.43962920926672,dolomite
MAT-CARB-48,0,281,-82.96541124199831,41.43931625380491,dolomite
MAT-CARB-48,0,282,-82.965130495086,41.43891019434226,dolomite
MAT-CARB-48,0,283,-82.96478828893213,41.43811919410337,dolomite
MAT-CARB-48,0,284,-82.96444815124066,41.437592320796604,dolomite
MAT-CARB-48,0,285,-82.96398399165277,41.437087951038606,dolomite
MAT-CARB-48,0,286,-82.9638730829295,41.43691780199157,dolomite
MAT-CARB-48,0,287,-82.96334942345652,41.43627613296494,dolomite
MAT-CARB-48,0,288,-82.9626646315066,41.435580061140314,dolomite
MAT-CARB-48,0,289,-82.96253929971054,41.4354319914024,dolomite
MAT-CARB-48,0,290,-82.96242824761295,41.43523984368152,dolomite
MAT-CARB-48,0,291,-82.96220767593302,41.43505914403546,dolomite
MAT-CARB-48,0,292,-82.96206096366505,41.43497720403789,dolomite
MAT-CARB-48,0,293,-82.961869698898,41.434807417154154,dolomite
MAT-CARB-48,0,294,-82.96177333948656,41.43462621103314,dolomite
MAT-CARB-48,0,295,-82.96173570223209,41.43448328854121,dolomite
MAT-CARB-48,0,296,-82.96150791947838,41.43430812840489,dolomite
MAT-CARB-48,0,297,-82.96133833776601,41.43410520577568,dolomite
MAT-CARB-48,0,298,-82.96092480062032,41.433529094574354,dolomite
MAT-CARB-48,0,299,-82.96082108255291,41.43334240264242,dolomite
MAT-CARB-48,0,300,-82.9606516538621,41.43315601774951,dolomite
MAT-CARB-48,0,301,-82.96040212358622,41.43300293657253,dolomite
MAT-CARB-48,0,302,-82.96016051547537,41.43293238452781,dolomite
MAT-CARB-48,0,303,-82.95998380121198,41.43275151230045,dolomite
MAT-CARB-48,0,304,-82.95984992932813,41.43244389263167,dolomite
MAT-CARB-48,0,305,-82.95947326688574,41.431911657327056,dolomite
MAT-CARB-48,0,306,-82.959457612915,41.43177413536724,dolomite
MAT-CARB-48,0,307,-82.95909006258175,41.43147297725416,dolomite
MAT-CARB-48,0,308,-82.95889197118693,41.43136371886711,dolomite
MAT-CARB-48,0,309,-82.95870767907405,41.43114436375575,dolomite
MAT-CARB-48,0,310,-82.95866268687092,41.430990441741926,dolomite
MAT-CARB-48,0,311,-82.95847895274673,41.43084813111111,dolomite
MAT-CARB-48,0,312,-82.95824416137071,41.430711500927366,dolomite
MAT-CARB-48,0,313,-82.95809546464443,41.43037091137931,dolomite
MAT-CARB-48,0,314,-82.95795539008532,41.4302008948236,dolomite
MAT-CARB-48,0,315,-82.95773510552823,41.430053209325116,dolomite
MAT-CARB-48,0,316,-82.95663884378106,41.42902307949821,dolomite
MAT-CARB-48,0,317,-82.956197846188,41.42866716956501,dolomite
MAT-CARB-48,0,318,-82.95546181667008,41.427932737875764,dolomite
MAT-CARB-48,0,319,-82.95512286986167,41.42754892528498,dolomite
MAT-CARB-48,0,320,-82.95481241768037,41.42706590369722,dolomite
MAT-CARB-48,0,321,-82.95433367799235,41.42654506349131,dolomite
MAT-CARB-48,0,322,-82.95411311900465,41.42635334892371,dolomite
MAT-CARB-48,0,323,-82.95340105571552,41.4258829514022,dolomite
MAT-CARB-48,0,324,-82.95272687493768,41.425315418531966,dolomite
MAT-CARB-48,0,325,-82.95223259451241,41.42495215128554,dolomite
MAT-CARB-48,0,326,-82.95198314998513,41.424804564631295,dolomite
MAT-CARB-48,0,327,-82.95163709620257,41.4244372528217,dolomite
MAT-CARB-48,0,328,-82.9509252525129,41.42398883706881,dolomite
MAT-CARB-48,0,329,-82.95054291422646,41.423654709954256,dolomite
MAT-CARB-48,0,330,-82.95010267578971,41.423386819874786,dolomite
MAT-CARB-48,0,331,-82.94961138781059,41.423130118413845,dolomite
MAT-CARB-48,0,332,-82.94891534716432,41.42284123928842,dolomite
MAT-CARB-48,0,333,-82.9484394429929,41.422689061377724,dolomite
MAT-CARB-48,0,334,-82.948015210617,41.4226026822937,dolomite
MAT-CARB-48,0,335,-82.94776621911427,41.4225156203253,dolomite
MAT-CARB-48,0,336,-82.94662261688818,41.421947855672165,dolomite
MAT-CARB-48,0,337,-82.94616144503313,41.421806612762154,dolomite
MAT-CARB-48,0,338,-82.945670689323,41.42161594154241,dolomite
MAT-CARB-48,0,339,-82.94515096467633,41.421458400091424,dolomite
MAT-CARB-48,0,340,-82.94490187295114,41.4213548203505,dolomite
MAT-CARB-48,0,341,-82.94443172647065,41.420993487727074,dolomite
MAT-CARB-48,0,342,-82.94424837375082,41.420889663035176,dolomite
MAT-CARB-48,0,343,-82.94402179741701,41.420868531396636,dolomite
MAT-CARB-48,0,344,-82.94353249351893,41.42087045120011,dolomite
MAT-CARB-48,0,345,-82.9433497179485,41.420843670575955,dolomite
MAT-CARB-48,0,346,-82.9431591869539,41.42075635546992,dolomite
MAT-CARB-48,0,347,-82.94250581347993,41.4203021870039,dolomite
MAT-CARB-48,0,348,-82.94200739630867,41.42006201984693,dolomite
MAT-CARB-48,0,349,-82.94153238766536,41.42001985554937,dolomite
MAT-CARB-48,0,350,-82.94133468016207,41.41995458928106,dolomite
MAT-CARB-48,0,351,-82.94107098873076,41.41984556944489,dolomite
MAT-CARB-48,0,352,-82.94014115965116,41.41953552777162,dolomite
MAT-CARB-48,0,353,-82.93973167611847,41.41946557734128,dolomite
MAT-CARB-48,0,354,-82.93949070864859,41.4194720284633,dolomite
MAT-CARB-48,0,355,-82.93930825922415,41.41948923635474,dolomite
MAT-CARB-48,0,356,-82.93905335788024,41.41958378423281,dolomite
MAT-CARB-48,0,357,-82.93878573321973,41.41993151889739,dolomite
MAT-CARB-48,0,358,-82.93853050884422,41.419982016088476,dolomite
MAT-CARB-48,0,359,-82.93807029212279,41.419967295140594,dolomite
MAT-CARB-48,0,360,-82.93788791204534,41.419995526998555,dolomite
MAT-CARB-48,0,361,-82.93766123340886,41.41996338475895,dolomite
MAT-CARB-48,0,362,-82.93717047957158,41.41976719284557,dolomite
MAT-CARB-48,0,363,-82.93690032350743,41.4197737451263,dolomite
MAT-CARB-48,0,364,-82.93662309181911,41.419813346876275,dolomite
MAT-CARB-48,0,365,-82.93638983649832,41.41987475851435,dolomite
MAT-CARB-48,0,366,-82.93549155437438,41.41987272914517,dolomite
MAT-CARB-48,0,367,-82.93500275298877,41.419940660996865,dolomite
MAT-CARB-48,0,368,-82.93476227855993,41.42001312202598,dolomite
MAT-CARB-48,0,369,-82.93451486898616,41.420135144155466,dolomite
MAT-CARB-48,0,370,-82.93434812370491,41.4203008695598,dolomite
MAT-CARB-48,0,371,-82.93410000566263,41.420329361073556,dolomite
MAT-CARB-48,0,372,-82.93335212650074,41.419925021256724,dolomite
MAT-CARB-48,0,373,-82.93306640526869,41.419805037058126,dolomite
MAT-CARB-48,0,374,-82.93191955088022,41.419765422829606,dolomite
MAT-CARB-48,0,375,-82.93126146545796,41.41965788313936,dolomite
MAT-CARB-48,0,376,-82.93080051693043,41.41953857821714,dolomite
MAT-CARB-48,0,377,-82.92967483065961,41.41940530675312,dolomite
MAT-CARB-48,0,378,-82.9289943284858,41.41922630049293,dolomite
MAT-CARB-48,0,379,-82.9287531873094,41.41920521953965,dolomite
MAT-CARB-48,0,380,-82.9285700366554,41.41912885381982,dolomite
MAT-CARB-48,0,381,-82.92829953389499,41.4190858789167,dolomite
MAT-CARB-48,0,382,-82.92741594155548,41.41910024882757,dolomite
MAT-CARB-48,0,383,-82.92715328400207,41.41913423614922,dolomite
MAT-CARB-48,0,384,-82.92694248066681,41.41926711131995,dolomite
MAT-CARB-48,0,385,-82.92692922641044,41.419454278012424,dolomite
MAT-CARB-48,0,386,-82.92671831598246,41.41957612674105,dolomite
MAT-CARB-48,0,387,-82.92600891072203,41.41943574391321,dolomite
MAT-CARB-48,0,388,-82.92555567603044,41.41937692689833,dolomite
MAT-CARB-48,0,389,-82.92489104523578,41.41936842101666,dolomite
MAT-CARB-48,0,390,-82.92450424016847,41.41940289704132,dolomite
MAT-CARB-48,0,391,-82.92427822874879,41.4194587737148,dolomite
MAT-CARB-48,0,392,-82.92375394568309,41.41966988139978,dolomite
MAT-CARB-48,0,393,-82.9230975313691,41.41979340633032,dolomite
MAT-CARB-48,0,394,-82.92266757843527,41.41992158828419,dolomite
MAT-CARB-48,0,395,-82.92218636150928,41.420033464388915,dolomite
MAT-CARB-48,0,396,-82.92151619126872,41.42027258659477,dolomite
MAT-CARB-48,0,397,-82.9210795288888,41.420483347062024,dolomite
MAT-CARB-48,0,398,-82.92066404120463,41.42059495882226,dolomite
MAT-CARB-48,0,399,-82.9204019921301,41.42071700302551,dolomite
MAT-CARB-48,0,400,-82.92024383780927,41.42106977029757,dolomite
MAT-CARB-48,0,401,-82.91960146741748,41.42111620665942,dolomite
MAT-CARB-48,0,402,-82.91861689899604,41.421312498189465,dolomite
MAT-CARB-48,0,403,-82.91836202973916,41.42141800066464,dolomite
MAT-CARB-48,0,404,-82.91789639888748,41.42166736031067,dolomite
MAT-CARB-48,0,405,-82.91763495715915,41.42187192938201,dolomite
MAT-CARB-48,0,406,-82.91750457514338,41.42202650545,dolomite
MAT-CARB-48,0,407,-82.91727868705925,41.422098880453696,dolomite
MAT-CARB-48,0,408,-82.91700882635547,41.42214941002156,dolomite
MAT-CARB-48,0,409,-82.91682677437258,41.422221604348636,dolomite
MAT-CARB-48,0,410,-82.9166305172654,41.42235441042237,dolomite
MAT-CARB-48,0,411,-82.91640479570822,41.422454294215974,dolomite
MAT-CARB-48,0,412,-82.91615799271663,41.42266432227914,dolomite
MAT-CARB-48,0,413,-82.91598404323022,41.42285207191388,dolomite
MAT-CARB-48,0,414,-82.91571465254745,41.42297413105449,dolomite
MAT-CARB-48,0,415,-82.91460552421073,41.423110285585864,dolomite
MAT-CARB-48,0,416,-82.91411691331804,41.423216641288334,dolomite
MAT-CARB-48,0,417,-82.91387654202723,41.42330557188109,dolomite
MAT-CARB-48,0,418,-82.91345299194826,41.423312655240835,dolomite
MAT-CARB-48,0,419,-82.91324177480456,41.423395970896145,dolomite
MAT-CARB-48,0,420,-82.91187352446111,41.424083349589296,dolomite
MAT-CARB-48,0,421,-82.91047491429033,41.42460575019198,dolomite
MAT-CARB-48,0,422,-82.91024202406976,41.42472215875444,dolomite
MAT-CARB-48,0,423,-82.90996562938763,41.424888251740946,dolomite
MAT-CARB-48,0,424,-82.90962531021506,41.42530770166678,dolomite
MAT-CARB-48,0,425,-82.90931985452164,41.42549591752316,dolomite
MAT-CARB-48,0,426,-82.90878795154941,41.42567944606904,dolomite
MAT-CARB-48,0,427,-82.9083501433425,41.425736068679385,dolomite
MAT-CARB-48,0,428,-82.90736661438523,41.426091870656926,dolomite
MAT-CARB-48,0,429,-82.90695896183634,41.42628594047696,dolomite
MAT-CARB-48,0,430,-82.90625329404537,41.42669021668748,dolomite
MAT-CARB-48,0,431,-82.90607148150833,41.42680641651148,dolomite
MAT-CARB-48,0,432,-82.90589746063004,41.42698863785023,dolomite
MAT-CARB-48,0,433,-82.90600441753722,41.42766510485334,dolomite
MAT-CARB-48,0,434,-82.90587439943728,41.42787468801355,dolomite
MAT-CARB-48,0,435,-82.90567783828716,41.42796896668892,dolomite
MAT-CARB-48,0,436,-82.90523232300525,41.42797055458723,dolomite
MAT-CARB-48,0,437,-82.90505027219412,41.428053756909044,dolomite
MAT-CARB-48,0,438,-82.90406129452978,41.4286846582275,dolomite
MAT-CARB-48,0,439,-82.90382128688327,41.42883410185908,dolomite
MAT-CARB-48,0,440,-82.90360324977983,41.42898895680046,dolomite
MAT-CARB-48,0,441,-82.90345811026953,41.429127054196584,dolomite
MAT-CARB-48,0,442,-82.90332784908604,41.4293036111173,dolomite
MAT-CARB-48,0,443,-82.90309456772749,41.42936498484926,dolomite
MAT-CARB-48,0,444,-82.90291310920529,41.429530714419386,dolomite
MAT-CARB-48,0,445,-82.90292059752565,41.42955820013582,dolomite
MAT-CARB-48,0,446,-82.90269969856774,41.42974745837285,dolomite
MAT-CARB-48,0,447,-82.90232184899398,41.42985978428935,dolomite
MAT-CARB-48,0,448,-82.90194298965456,41.42989402325009,dolomite
MAT-CARB-48,0,449,-82.90148528043949,41.430159391127845,dolomite
MAT-CARB-48,0,450,-82.90129013706871,41.43044036385164,dolomite
MAT-CARB-48,0,451,-82.9012498113784,41.4310176228389,dolomite
MAT-CARB-48,0,452,-82.90112758264833,41.43130935006829,dolomite
MAT-CARB-48,0,453,-82.90063277177697,41.43145941912118,dolomite
MAT-CARB-48,0,454,-82.90019555437227,41.43149384733706,dolomite
MAT-CARB-48,0,455,-82.89939369349003,41.43149651923588,dolomite
MAT-CARB-48,0,456,-82.89902939761018,41.43153624099948,dolomite
MAT-CARB-48,0,457,-82.89865836445396,41.43166389246839,dolomite
MAT-CARB-48,0,458,-82.89825733638156,41.43164873972776,dolomite
MAT-CARB-48,0,459,-82.89787133692586,41.43171047282331,dolomite
MAT-CARB-48,0,460,-82.89737914722758,41.43231673816912,dolomite
MAT-CARB-48,0,461,-82.89732638823503,41.43202008152637,dolomite
MAT-CARB-48,0,462,-82.89696051922849,41.43178494101078,dolomite
MAT-CARB-48,0,463,-82.89676531603678,41.43206590612771,dolomite
MAT-CARB-48,0,464,-82.89640233436613,41.432325455048044,dolomite
MAT-CARB-48,0,465,-82.89625441953349,41.433216382401625,dolomite
MAT-CARB-48,0,466,-82.89609581996426,41.43351922283478,dolomite
MAT-CARB-48,0,467,-82.8957177372899,41.433690856073355,dolomite
MAT-CARB-48,0,468,-82.89535455096906,41.433917405666286,dolomite
MAT-CARB-48,0,469,-82.89499023959117,41.43395708766072,dolomite
MAT-CARB-48,0,470,-82.89462666634826,41.43411767080345,dolomite
MAT-CARB-48,0,471,-82.89426251738536,41.43417932024291,dolomite
MAT-CARB-48,0,472,-82.89389954666441,41.43444434673679,dolomite
MAT-CARB-48,0,473,-82.89352065768196,41.434478586403884,dolomite
MAT-CARB-48,0,474,-82.89277162435484,41.43480532724432,dolomite
MAT-CARB-48,0,475,-82.89239311354235,41.43490550008019,dolomite
MAT-CARB-48,0,476,-82.89202214462235,41.4350496148634,dolomite
MAT-CARB-48,0,477,-82.89162898936125,41.43513886173005,dolomite
MAT-CARB-48,0,478,-82.8912641943719,41.43509605660552,dolomite
MAT-CARB-48,0,479,-82.89090003727352,41.43515772321955,dolomite
MAT-CARB-48,0,480,-82.89073408820035,41.435455066826776,dolomite
MAT-CARB-48,0,481,-82.89035569219472,41.435582716072844,dolomite
MAT-CARB-48,0,482,-82.88996887477077,41.43550703711977,dolomite
MAT-CARB-48,0,483,-82.88972263731993,41.43579364134212,dolomite
MAT-CARB-48,0,484,-82.88960029244807,41.43606887141368,dolomite
MAT-CARB-48,0,485,-82.88885044144845,41.43625268787869,dolomite
MAT-CARB-48,0,486,-82.88848488814067,41.43607797354735,dolomite
MAT-CARB-48,0,487,-82.8882970265344,41.43636992621088,dolomite
MAT-CARB-48,0,488,-82.88835691330573,41.436644565018184,dolomite
MAT-CARB-48,0,489,-82.88871159522958,41.43747337230738,dolomite
MAT-CARB-48,0,490,-82.88818984549255,41.43675503865211,dolomite
MAT-CARB-48,0,491,-82.88504746339008,41.43929902351169,dolomite
MAT-CARB-48,0,492,-82.88383019641205,41.43935240404924,dolomite
MAT-CARB-48,0,493,-82.88146709535606,41.44178940178003,dolomite
MAT-CARB-48,0,494,-82.88141766355258,41.44208087462424,dolomite
MAT-CARB-48,0,495,-82.88128078591488,41.44237262524973,dolomite
MAT-CARB-48,0,496,-82.88090975265936,41.442516704807254,dolomite
MAT-CARB-48,0,497,-82.87831032869833,41.4418433627041,dolomite
MAT-CARB-48,0,498,-82.87124534911294,41.43986472592735,dolomite
MAT-CARB-48,0,499,-82.8704343352726,41.439724330787094,dolomite
MAT-CARB-48,0,500,-82.8700620413697,41.43972547948848,dolomite
MAT-CARB-48,0,501,-82.8694861528601,41.439870155584835,dolomite
MAT-CARB-48,0,502,-82.86910735116342,41.44000873716535,dolomite
MAT-CARB-48,0,503,-82.86787731746381,41.44067756822629,dolomite
MAT-CARB-48,0,504,-82.86746897784992,41.44076126878976,dolomite
MAT-CARB-48,0,505,-82.86710409371351,41.440778870003264,dolomite
MAT-CARB-48,0,506,-82.86630045635965,41.440654908853816,dolomite
MAT-CARB-48,0,507,-82.86588387793283,41.440562759006276,dolomite
MAT-CARB-48,0,508,-82.8650517577472,41.44057077896201,dolomite
MAT-CARB-48,0,509,-82.86467996065689,41.44066535760267,dolomite
MAT-CARB-48,0,510,-82.8642857326013,41.4406555562814,dolomite
MAT-CARB-48,0,511,-82.86348939181157,41.44053155416335,dolomite
MAT-CARB-48,0,512,-82.86310233012713,41.44050524284928,dolomite
MAT-CARB-48,0,513,-82.86273744623486,41.44052283078875,dolomite
MAT-CARB-48,0,514,-82.86233621538408,41.44057352359685,dolomite
MAT-CARB-48,0,515,-82.86193528380471,41.44067366734563,dolomite
MAT-CARB-48,0,516,-82.86156362791101,41.44079569158731,dolomite
MAT-CARB-48,0,517,-82.86113999874874,41.440747514071425,dolomite
MAT-CARB-48,0,518,-82.8607385975268,41.44075972016291,dolomite
MAT-CARB-48,0,519,-82.86032277643727,41.44081593573522,dolomite
MAT-CARB-48,0,520,-82.85954991793899,41.44098863833411,dolomite
MAT-CARB-48,0,521,-82.85917106060147,41.44112167542846,dolomite
MAT-CARB-48,0,522,-82.85880018115044,41.44139213047144,dolomite
MAT-CARB-48,0,523,-82.85836219449683,41.44139343924746,dolomite
MAT-CARB-48,0,524,-82.85793963512482,41.44154860035861,dolomite
MAT-CARB-48,0,525,-82.85756102431434,41.441736597770955,dolomite
MAT-CARB-48,0,526,-82.8570071433313,41.441908631138915,dolomite
MAT-CARB-48,0,527,-82.85658414496511,41.441981339400975,dolomite
MAT-CARB-48,0,528,-82.85534508119163,41.44234778075659,dolomite
MAT-CARB-48,0,529,-82.85497375686573,41.44253029005579,dolomite
MAT-CARB-48,0,530,-82.85471987171803,41.44284435341865,dolomite
MAT-CARB-48,0,531,-82.85434153927555,41.443081820110066,dolomite
MAT-CARB-48,0,532,-82.85397005704932,41.4432423017869,dolomite
MAT-CARB-48,0,533,-82.85359191212983,41.44352373288647,dolomite
MAT-CARB-48,0,534,-82.8533233012482,41.44380486770513,dolomite
MAT-CARB-48,0,535,-82.8530108079129,41.44408059045058,dolomite
MAT-CARB-48,0,536,-82.85262533550639,41.44435655420523,dolomite
MAT-CARB-48,0,537,-82.8522460675357,41.44442363283139,dolomite
MAT-CARB-48,0,538,-82.851873926367,41.44445220761571,dolomite
MAT-CARB-48,0,539,-82.85148050270658,41.44460174700189,dolomite
MAT-CARB-48,0,540,-82.85108763740764,41.44486672862882,dolomite
MAT-CARB-48,0,541,-82.8507087703347,41.44500525156782,dolomite
MAT-CARB-48,0,542,-82.84991217691777,41.44483719308898,dolomite
MAT-CARB-48,0,543,-82.84913189925406,41.444998850755105,dolomite
MAT-CARB-48,0,544,-82.84874567238518,41.44513190324637,dolomite
MAT-CARB-48,0,545,-82.84798213724206,41.445716748593775,dolomite
MAT-CARB-48,0,546,-82.84721794276118,41.44617514695792,dolomite
MAT-CARB-48,0,547,-82.84694193981316,41.44645077511439,dolomite
MAT-CARB-48,0,548,-82.84657833766344,41.446726655577905,dolomite
MAT-CARB-48,0,549,-82.84642689331098,41.44709534281168,dolomite
MAT-CARB-48,0,550,-82.84639191684143,41.44739227083195,dolomite
MAT-CARB-48,0,551,-82.8462692297483,41.44766745453122,dolomite
MAT-CARB-48,0,552,-82.84598591760646,41.44794858683574,dolomite
MAT-CARB-48,0,553,-82.84555658545844,41.44821914026276,dolomite
MAT-CARB-48,0,554,-82.84516328526932,41.44840716706005,dolomite
MAT-CARB-48,0,555,-82.84478433055772,41.44853467239678,dolomite
MAT-CARB-48,0,556,-82.84440553304458,41.44870065766595,dolomite
MAT-CARB-48,0,557,-82.84403357911894,41.448778660250504,dolomite
MAT-CARB-48,0,558,-82.84366063216694,41.448653312745705,dolomite
MAT-CARB-48,0,559,-82.84328099805742,41.44865439922872,dolomite
MAT-CARB-48,0,560,-82.84288794740706,41.44888638496834,dolomite
MAT-CARB-48,0,561,-82.8425151958439,41.44879948752437,dolomite
MAT-CARB-48,0,562,-82.84213450907832,41.44859170856949,dolomite
MAT-CARB-48,0,563,-82.8417548476944,41.44858730468773,dolomite
MAT-CARB-48,0,564,-82.8413319295054,41.448687441333725,dolomite
MAT-CARB-48,0,565,-82.84093110327444,41.44883148092461,dolomite
MAT-CARB-48,0,566,-82.84083775687874,41.44913954386321,dolomite
MAT-CARB-48,0,567,-82.84045154534446,41.449283567711205,dolomite
MAT-CARB-48,0,568,-82.84008663591335,41.449306572186,dolomite
MAT-CARB-48,0,569,-82.8397224594785,41.449483499744126,dolomite
MAT-CARB-48,0,570,-82.83938083086996,41.449781265260796,dolomite
MAT-CARB-48,0,571,-82.83899480447627,41.449963737924676,dolomite
MAT-CARB-48,0,572,-82.83858540573046,41.44986047502705,dolomite
MAT-CARB-48,0,573,-82.83819181214079,41.44998800063694,dolomite
MAT-CARB-48,0,574,-82.83779777984974,41.450027591869706,dolomite
MAT-CARB-48,0,575,-82.83755100533612,41.450319571967796,dolomite
MAT-CARB-48,0,576,-82.83744285924953,41.45059470497644,dolomite
MAT-CARB-48,0,577,-82.83706285970194,41.45052432276539,dolomite
MAT-CARB-48,0,578,-82.83694747478883,41.45081047424308,dolomite
MAT-CARB-48,0,579,-82.8367080939061,41.45112442891709,dolomite
MAT-CARB-48,0,580,-82.83641018196177,41.45140557863362,dolomite
MAT-CARB-48,0,581,-82.83604659220272,41.451697937508435,dolomite
MAT-CARB-48,0,582,-82.83566819018358,41.45195182772221,dolomite
MAT-CARB-48,0,583,-82.83564203689421,41.45217774297909,dolomite
MAT-CARB-48,0,584,-82.83563319129186,41.45225423695787,dolomite
MAT-CARB-48,0,585,-82.83525407943192,41.452365227912246,dolomite
MAT-CARB-48,0,586,-82.83487567073414,41.45261911548992,dolomite
MAT-CARB-48,0,587,-82.83449672737612,41.452757586374965,dolomite
MAT-CARB-48,0,588,-82.8340671474808,41.45300061529254,dolomite
MAT-CARB-48,0,589,-82.83363697074049,41.45312274179069,dolomite
MAT-CARB-48,0,590,-82.83326496274222,41.45318971215433,dolomite
MAT-CARB-48,0,591,-82.8328640834003,41.453339237323405,dolomite
MAT-CARB-48,0,592,-82.83249979533092,41.45349414535935,dolomite
MAT-CARB-48,0,593,-82.83212859048965,41.4537260342488,dolomite
MAT-CARB-48,0,594,-82.83175041369873,41.45402387799798,dolomite
MAT-CARB-48,0,595,-82.83147434287625,41.454304954337445,dolomite
MAT-CARB-48,0,596,-82.83125667453766,41.45458586880094,dolomite
MAT-CARB-48,0,597,-82.83055120764699,41.45515395358909,dolomite
MAT-CARB-48,0,598,-82.83037011704064,41.455445764086704,dolomite
MAT-CARB-48,0,599,-82.82998454147507,41.45573262358191,dolomite
MAT-CARB-48,0,600,-82.82965742203167,41.45603031981476,dolomite
MAT-CARB-48,0,601,-82.82942531745884,41.45634429335934,dolomite
MAT-CARB-48,0,602,-82.82907777210819,41.45694983960789,dolomite
MAT-CARB-48,0,603,-82.82886005882763,41.45722526361924,dolomite
MAT-CARB-48,0,604,-82.82877425721455,41.45759925823523,dolomite
MAT-CARB-48,0,605,-82.8285289848629,41.45821552063606,dolomite
MAT-CARB-48,0,606,-82.82855227925532,41.458501255045576,dolomite
MAT-CARB-48,0,607,-82.82869276302287,41.45886363104667,dolomite
MAT-CARB-48,0,608,-82.82865045429557,41.4591770550275,dolomite
MAT-CARB-48,0,609,-82.8284620163318,41.459468881756194,dolomite
MAT-CARB-48,0,610,-82.82849986841865,41.4597490904852,dolomite
MAT-CARB-48,0,611,-82.82863404622488,41.46031483320402,dolomite
MAT-CARB-48,0,612,-82.82860617088649,41.460589736079896,dolomite
MAT-CARB-48,0,613,-82.82835932856844,41.46087623661264,dolomite
MAT-CARB-48,0,614,-82.82829495435783,41.46115121169534,dolomite
MAT-CARB-48,0,615,-82.8283036013623,41.4614314999732,dolomite
MAT-CARB-48,0,616,-82.82815167999276,41.46172873876189,dolomite
MAT-CARB-48,0,617,-82.82801586454809,41.46233370018322,dolomite
MAT-CARB-48,0,618,-82.82798069366785,41.462608649815635,dolomite
MAT-CARB-48,0,619,-82.82799688070595,41.46293288385342,dolomite
MAT-CARB-48,0,620,-82.82812394423624,41.46354263920039,dolomite
MAT-CARB-48,0,621,-82.82814723875165,41.4638283724486,dolomite
MAT-CARB-48,0,622,-82.82824358472628,41.464124931840395,dolomite
MAT-CARB-48,0,623,-82.82823035428726,41.46440527926364,dolomite
MAT-CARB-48,0,624,-82.82846687770285,41.46499822271498,dolomite
MAT-CARB-48,0,625,-82.82852087000242,41.46559169251183,dolomite
MAT-CARB-48,0,626,-82.82886920817862,41.468152043085006,dolomite
MAT-CARB-48,0,627,-82.82891617955184,41.46880046793778,dolomite
MAT-CARB-48,0,628,-82.82903716766246,41.46965760560078,dolomite
MAT-CARB-48,0,629,-82.82922285080006,41.47028916531492,dolomite
MAT-CARB-48,0,630,-82.82937022929103,41.47056358540526,dolomite
MAT-CARB-48,0,631,-82.82956881435152,41.47085432123962,dolomite
MAT-CARB-48,0,632,-82.82970174236613,41.47115626288854,dolomite
MAT-CARB-48,0,633,-82.82979818557074,41.47146930299886,dolomite
MAT-CARB-48,0,634,-82.82976301690873,41.47174419624818,dolomite
MAT-CARB-48,0,635,-82.82962591542915,41.472085359997045,dolomite
MAT-CARB-48,0,636,-82.82954696584272,41.47237137167791,dolomite
MAT-CARB-48,0,637,-82.82916802473139,41.472542791063404,dolomite
MAT-CARB-48,0,638,-82.82878893201128,41.472675756246375,dolomite
MAT-CARB-48,0,639,-82.82842398937913,41.472726206940074,dolomite
MAT-CARB-48,0,640,-82.82802297737767,41.47285922963633,dolomite
MAT-CARB-48,0,641,-82.82763686881836,41.47305814605777,dolomite
MAT-CARB-48,0,642,-82.82727217174693,41.473152586290944,dolomite
MAT-CARB-48,0,643,-82.82691577241201,41.47345583587267,dolomite
MAT-CARB-48,0,644,-82.82660039239276,41.473181897990486,dolomite
MAT-CARB-48,0,645,-82.82622026133859,41.47310048435781,dolomite
MAT-CARB-48,0,646,-82.82585571010598,41.47323337325443,dolomite
MAT-CARB-48,0,647,-82.82553702952235,41.473038158473315,dolomite
MAT-CARB-48,0,648,-82.82548948174389,41.47300902222869,dolomite
MAT-CARB-48,0,649,-82.8247617660233,41.47203265305217,dolomite
MAT-CARB-48,0,650,-82.8245046996651,41.47172555629664,dolomite
MAT-CARB-48,0,651,-82.82308197346453,41.47047622834003,dolomite
MAT-CARB-48,0,652,-82.82268615787423,41.47017498616406,dolomite
MAT-CARB-48,0,653,-82.82231987824461,41.469934141142645,dolomite
MAT-CARB-48,0,654,-82.82105312681058,41.46923401779696,dolomite
MAT-CARB-48,0,655,-82.82065790882993,41.46904818241799,dolomite
MAT-CARB-48,0,656,-82.819889746801,41.46875892315204,dolomite
MAT-CARB-48,0,657,-82.81957457968876,41.46871330016982,dolomite
MAT-CARB-48,0,658,-82.81951707083486,41.46870495068558,dolomite
MAT-CARB-48,0,659,-82.81915256667494,41.468837847036234,dolomite
MAT-CARB-48,0,660,-82.8189639836839,41.46911317277417,dolomite
MAT-CARB-48,0,661,-82.81859975969401,41.46930648963479,dolomite
MAT-CARB-48,0,662,-82.81823446711503,41.46927997605846,dolomite
MAT-CARB-48,0,663,-82.81745984191042,41.46916661162227,dolomite
MAT-CARB-48,0,664,-82.8170945869941,41.46914009447811,dolomite
MAT-CARB-48,0,665,-82.8167226545359,41.46924552055938,dolomite
MAT-CARB-48,0,666,-82.81634418485211,41.46952131544072,dolomite
MAT-CARB-48,0,667,-82.81597936321273,41.46958823954273,dolomite
MAT-CARB-48,0,668,-82.81561405549665,41.46955071957709,dolomite
MAT-CARB-48,0,669,-82.81651854124419,41.469328478785165,dolomite
MAT-CARB-48,0,670,-82.81643546805151,41.46874059527864,dolomite
MAT-CARB-48,0,671,-82.81566904996568,41.46881406187862,dolomite
MAT-CARB-48,0,672,-82.81488825164203,41.46894803914632,dolomite
MAT-CARB-48,0,673,-82.81452350798394,41.46903144263918,dolomite
MAT-CARB-48,0,674,-82.8141592464198,41.46921926058934,dolomite
MAT-CARB-48,0,675,-82.81406002224249,41.46987358573641,dolomite
MAT-CARB-48,0,676,-82.81381710181701,41.46945101343305,dolomite
MAT-CARB-48,0,677,-82.81343811198833,41.469616898127626,dolomite
MAT-CARB-48,0,678,-82.81305929755743,41.4698212346007,dolomite
MAT-CARB-48,0,679,-82.8119527934022,41.470588109697545,dolomite
MAT-CARB-48,0,680,-82.81160355673543,41.47087481174568,dolomite
MAT-CARB-48,0,681,-82.81133460228895,41.47115036094923,dolomite
MAT-CARB-48,0,682,-82.81060638875982,41.47160293645879,dolomite
MAT-CARB-48,0,683,-82.8104251321347,41.47189471303859,dolomite
MAT-CARB-48,0,684,-82.81066017992553,41.472185412769996,dolomite
MAT-CARB-48,0,685,-82.81069819201184,41.47251510284454,dolomite
MAT-CARB-48,0,686,-82.81053150641192,41.4727958432236,dolomite
MAT-CARB-48,0,687,-82.8104305588243,41.47308192627384,dolomite
MAT-CARB-48,0,688,-82.81059269186011,41.473400269292775,dolomite
MAT-CARB-48,0,689,-82.81117221359933,41.47395941392072,dolomite
MAT-CARB-48,0,690,-82.81168625613446,41.47456814981961,dolomite
MAT-CARB-48,0,691,-82.8118483370731,41.47488103285087,dolomite
MAT-CARB-48,0,692,-82.81182780481706,41.475166880271814,dolomite
MAT-CARB-48,0,693,-82.81176336427313,41.47545286907152,dolomite
MAT-CARB-48,0,694,-82.80844625925222,41.471954778133636,dolomite
MAT-CARB-48,0,695,-82.80598654121107,41.46903150810716,dolomite
MAT-CARB-48,0,696,-82.80470107390623,41.467369401047605,dolomite
MAT-CARB-48,0,697,-82.80387910915955,41.46645359143498,dolomite
MAT-CARB-48,0,698,-82.80255914053971,41.465225752988495,dolomite
MAT-CARB-48,0,699,-82.8019385622767,41.465249285037835,dolomite
MAT-CARB-48,0,700,-82.80183037029857,41.46555186480057,dolomite
MAT-CARB-48,0,701,-82.80154677530342,41.46582740260891,dolomite
MAT-CARB-48,0,702,-82.80116766588795,41.46596025387252,dolomite
MAT-CARB-48,0,703,-82.80042365145165,41.46614901009758,dolomite
MAT-CARB-48,0,704,-82.79995615101338,41.46611718367832,dolomite
MAT-CARB-48,0,705,-82.79912303255436,41.46597087891313,dolomite
MAT-CARB-48,0,706,-82.79837083790107,41.465967237864554,dolomite
MAT-CARB-48,0,707,-82.79718839191348,41.466085586487495,dolomite
MAT-CARB-48,0,708,-82.79637739777881,41.465994172903926,dolomite
MAT-CARB-48,0,709,-82.79596188451828,41.46616009300207,dolomite
MAT-CARB-48,0,710,-82.79559703686618,41.46622144245209,dolomite
MAT-CARB-48,0,711,-82.79485200190025,41.466179308173054,dolomite
MAT-CARB-48,0,712,-82.79466780673137,41.46580600397552,dolomite
MAT-CARB-48,0,713,-82.79391328336659,41.46526371651338,dolomite
MAT-CARB-48,0,714,-82.7936126485299,41.46497862855786,dolomite
MAT-CARB-48,0,715,-82.7934508177814,41.46469871352069,dolomite
MAT-CARB-48,0,716,-82.79337654817273,41.46441309870935,dolomite
MAT-CARB-48,0,717,-82.79297220845842,41.463787500811044,dolomite
MAT-CARB-48,0,718,-82.7925024082481,41.46321702588849,dolomite
MAT-CARB-48,0,719,-82.79215075251645,41.462943056654396,dolomite
MAT-CARB-48,0,720,-82.79174105271284,41.46276267363123,dolomite
MAT-CARB-48,0,721,-82.7899941060412,41.462360181063126,dolomite
MAT-CARB-48,0,722,-82.78916797297391,41.46212582934839,dolomite
MAT-CARB-48,0,723,-82.78880272021796,41.46208822757227,dolomite
MAT-CARB-48,0,724,-82.78841592801,41.4621386371441,dolomite
MAT-CARB-48,0,725,-82.78802862244092,41.46206811787577,dolomite
MAT-CARB-48,0,726,-82.7876265569171,41.4619646371711,dolomite
MAT-CARB-48,0,727,-82.78724624328882,41.461822649392005,dolomite
MAT-CARB-48,0,728,-82.78690070108122,41.46126285289524,dolomite
MAT-CARB-48,0,729,-82.78658557542853,41.460988779684584,dolomite
MAT-CARB-48,0,730,-82.78588830765736,41.46014399445574,dolomite
MAT-CARB-48,0,731,-82.78558032167406,41.45983144764061,dolomite
MAT-CARB-48,0,732,-82.78536011373379,41.45955714506059,dolomite
MAT-CARB-48,0,733,-82.78489643076858,41.45868431496633,dolomite
MAT-CARB-48,0,734,-82.78472005377269,41.45840993435851,dolomite
MAT-CARB-48,0,735,-82.78432482374697,41.458191009935796,dolomite
MAT-CARB-48,0,736,-82.78410462607964,41.4579166772588,dolomite
MAT-CARB-48,0,737,-82.78371711948779,41.45779117904287,dolomite
MAT-CARB-48,0,738,-82.78375940517765,41.45742283320129,dolomite
MAT-CARB-48,0,739,-82.7840867783095,41.457136233454385,dolomite
MAT-CARB-48,0,740,-82.78403447754215,41.45686155778192,dolomite
MAT-CARB-48,0,741,-82.78388722001495,41.456565082095175,dolomite
MAT-CARB-48,0,742,-82.7838494943505,41.45627937317717,dolomite
MAT-CARB-48,0,743,-82.78373880254075,41.4559993222624,dolomite
MAT-CARB-48,0,744,-82.78323270807832,41.45544537769791,dolomite
MAT-CARB-48,0,745,-82.78283730770147,41.45517148285049,dolomite
MAT-CARB-48,0,746,-82.78208337571607,41.454711563661554,dolomite
MAT-CARB-48,0,747,-82.78194634998823,41.45459328745856,dolomite
MAT-CARB-48,0,748,-82.78329913228306,41.452918206788745,dolomite
MAT-CARB-48,0,749,-82.78441984119493,41.451530363062034,dolomite
MAT-CARB-48,0,750,-82.78787412582244,41.448378495525496,dolomite
MAT-CARB-48,0,751,-82.78833162524084,41.448377397259215,dolomite
MAT-CARB-48,0,752,-82.79207171554168,41.445681637670724,dolomite
MAT-CARB-48,0,753,-82.79553669500228,41.442917505800395,dolomite
MAT-CARB-48,0,754,-82.7977250411618,41.44118982639797,dolomite
MAT-CARB-48,0,755,-82.79845215738933,41.440085762727314,dolomite
MAT-CARB-48,0,756,-82.79826464400246,41.4390528702666,dolomite
MAT-CARB-48,0,757,-82.797529391065,41.438296907817325,dolomite
MAT-CARB-48,0,758,-82.79633762935696,41.43774871332721,dolomite
MAT-CARB-48,0,759,-82.79276780244005,41.43734413223184,dolomite
MAT-CARB-48,0,760,-82.79066029625253,41.43659146716207,dolomite
MAT-CARB-48,0,761,-82.78836815299117,41.43542583653703,dolomite
MAT-CARB-48,0,762,-82.78561578851024,41.43357236726882,dolomite
MAT-CARB-48,0,763,-82.78441955605824,41.431921826649244,dolomite
MAT-CARB-48,0,764,-82.78404673414538,41.43026929805802,dolomite
MAT-CARB-48,0,765,-82.7846758444644,41.42758105268328,dolomite
MAT-CARB-48,0,766,-82.78558075718212,41.425236589488605,dolomite
MAT-CARB-48,0,767,-82.787306759086,41.422407901711765,dolomite
MAT-CARB-48,0,768,-82.78985495882661,41.41937052349124,dolomite
MAT-CARB-48,0,769,-82.7927666806556,41.415849944308974,dolomite
MAT-CARB-48,0,770,-82.79449871143918,41.41453674885318,dolomite
MAT-CARB-48,0,771,-82.79632126333681,41.41301662713781,dolomite
MAT-CARB-48,0,772,-82.7983290529296,41.41204717032712,dolomite
MAT-CARB-48,0,773,-82.80051937980632,41.41100829307186,dolomite
MAT-CARB-48,0,774,-82.80331672633126,41.409476754306084,dolomite
MAT-CARB-48,0,775,-82.80449909960676,41.40802702010122,dolomite
MAT-CARB-48,0,776,-82.80485221528258,41.405201515659904,dolomite
MAT-CARB-48,0,777,-82.8051200838071,41.40375409121798,dolomite
MAT-CARB-48,0,778,-82.80648457352646,41.402166063383966,dolomite
MAT-CARB-48,0,779,-82.80875901079276,41.39961118868481,dolomite
MAT-CARB-48,0,780,-82.81112789677236,41.397744958749136,dolomite
MAT-CARB-48,0,781,-82.81321978989673,41.395328240102174,dolomite
MAT-CARB-48,0,782,-82.81422171835075,41.394498901850845,dolomite
MAT-CARB-48,0,783,-82.81494930729285,41.3936702480578,dolomite
MAT-CARB-48,0,784,-82.81613311587225,41.392633735146944,dolomite
MAT-CARB-48,0,785,-82.8170460786852,41.392355742675996,dolomite
MAT-CARB-48,0,786,-82.82344538464086,41.392200874474504,dolomite
MAT-CARB-48,0,787,-82.82664169910953,41.391434393044555,dolomite
MAT-CARB-48,0,788,-82.82901643957476,41.39094563803119,dolomite
MAT-CARB-48,0,789,-82.83203248047649,41.39073064420445,dolomite
MAT-CARB-48,0,790,-82.83449725993417,41.38996594808191,dolomite
MAT-CARB-48,0,791,-82.83549881343153,41.38913642864971,dolomite
MAT-CARB-48,0,792,-82.83677160135144,41.387686097005826,dolomite
MAT-CARB-48,0,793,-82.83776970804625,41.38616762139696,dolomite
MAT-CARB-48,0,794,-82.83821993519824,41.384788460602394,dolomite
MAT-CARB-48,0,795,-82.83912311962747,41.38258131799433,dolomite
MAT-CARB-48,0,796,-82.83975236474026,41.38044378943771,dolomite
MAT-CARB-48,0,797,-82.83964375375224,41.37699937704823,dolomite
MAT-CARB-48,0,798,-82.84027703070342,41.37568861028199,dolomite
MAT-CARB-48,0,799,-82.8419185280613,41.37492608481345,dolomite
MAT-CARB-48,0,800,-82.84499216059838,41.37304629754651,dolomite
MAT-CARB-48,0,801,-82.84580357385225,41.37083931976106,dolomite
MAT-CARB-48,0,802,-82.84633335471312,41.367186359072775,dolomite
MAT-CARB-48,0,803,-82.84678542628777,41.366220507778486,dolomite
MAT-CARB-48,0,804,-82.84941950600475,41.363043686534766,dolomite
MAT-CARB-48,0,805,-82.85041909804448,41.36193843989418,dolomite
MAT-CARB-48,0,806,-82.85150612394055,41.36007509094037,dolomite
MAT-CARB-48,0,807,-82.85232145248831,41.35869477618551,dolomite
MAT-CARB-48,0,808,-82.85459020139025,41.35565667597239,dolomite
MAT-CARB-48,0,809,-82.85712385632921,41.35089533804643,dolomite
MAT-CARB-48,0,810,-82.86027698087422,41.345564779954344,dolomite
MAT-CARB-48,0,811,-82.8632703147668,41.341490859663224,dolomite
MAT-CARB-48,0,812,-82.8644480153941,41.3396270591758,dolomite
MAT-CARB-48,0,813,-82.86680882971528,41.3369328990456,dolomite
MAT-CARB-48,0,814,-82.86853443818849,41.33506739987069,dolomite
MAT-CARB-48,0,815,-82.86962652543731,41.33430615566929,dolomite
MAT-CARB-48,0,816,-82.87135540965788,41.33306067098246,dolomite
MAT-CARB-48,0,817,-82.87226663038473,41.33264446327031,dolomite
MAT-CARB-48,0,818,-82.87490505199908,41.330707119393935,dolomite
MAT-CARB-48,0,819,-82.87672394376068,41.329254553604684,dolomite
MAT-CARB-48,0,820,-82.8775403025084,41.32821853090921,dolomite
MAT-CARB-48,0,821,-82.87871201628855,41.32539003916532,dolomite
MAT-CARB-48,0,822,-82.88015111950047,41.32138943773555,dolomite
MAT-CARB-48,0,823,-82.8821403148056,41.31780043696212,dolomite
MAT-CARB-48,0,824,-82.88368586967412,41.31655531376737,dolomite
MAT-CARB-48,0,825,-82.88532311521061,41.31537880844613,dolomite
MAT-CARB-48,0,826,-82.8869622257385,41.31454675249894,dolomite
MAT-CARB-48,0,827,-82.88769124972633,41.3142687951083,dolomite
MAT-CARB-48,0,828,-82.8894208708233,41.313298597912215,dolomite
MAT-CARB-48,0,829,-82.89306494613484,41.311770933676954,dolomite
MAT-CARB-48,0,830,-82.8947964248559,41.31114515791888,dolomite
MAT-CARB-48,0,831,-82.89907989532347,41.30968410483727,dolomite
MAT-CARB-48,0,832,-82.90208845227404,41.30884726572811,dolomite
MAT-CARB-48,0,833,-82.9045511173162,41.30835667659714,dolomite
MAT-CARB-48,0,834,-82.90722007066354,41.308136328068656,dolomite
MAT-CARB-48,0,835,-82.91013839439442,41.307506286212394,dolomite
MAT-CARB-48,0,836,-82.9122344274718,41.30681009899787,dolomite
MAT-CARB-48,0,837,-82.91368913095201,41.30577161014314,dolomite
MAT-CARB-48,0,838,-82.91541438265338,41.304180960055156,dolomite
MAT-CARB-48,0,839,-82.91622858857524,41.30293796320066,dolomite
MAT-CARB-48,0,840,-82.91603124734249,41.30052718669056,dolomite
MAT-CARB-48,0,841,-82.91583854817365,41.298874291901555,dolomite
MAT-CARB-48,0,842,-82.91436386454147,41.296605722960905,dolomite
MAT-CARB-48,0,843,-82.91380897461592,41.295436373381335,dolomite
MAT-CARB-48,0,844,-82.91387305139818,41.29095768146128,dolomite
MAT-CARB-48,0,845,-82.9143051811972,41.286960031864155,dolomite
MAT-CARB-48,0,846,-82.91484242139727,41.28523568179829,dolomite
MAT-CARB-48,0,847,-82.91629030788773,41.283163675909236,dolomite
MAT-CARB-48,0,848,-82.9168333706362,41.28240387446702,dolomite
MAT-CARB-48,0,849,-82.917741100356,41.281573916852146,dolomite
MAT-CARB-48,0,850,-82.91874008212513,41.280743632573106,dolomite
MAT-CARB-48,0,851,-82.91946900258236,41.280534381900836,dolomite
MAT-CARB-48,0,852,-82.92110518995374,41.27942623496171,dolomite
MAT-CARB-48,0,853,-82.92165197137304,41.27928652008627,dolomite
MAT-CARB-48,0,854,-82.92201410849785,41.27880293745521,dolomite
MAT-CARB-48,0,855,-82.92283345028916,41.27845552948027,dolomite
MAT-CARB-48,0,856,-82.92374230370429,41.277832218521276,dolomite
MAT-CARB-48,0,857,-82.92456162517671,41.277484825892856,dolomite
MAT-CARB-48,0,858,-82.92554884249216,41.274794201484845,dolomite
MAT-CARB-48,0,859,-82.92690322729472,41.272446772310815,dolomite
MAT-CARB-48,0,860,-82.92761819445664,41.270032700378394,dolomite
MAT-CARB-48,0,861,-82.92868329832883,41.26850641177442,dolomite
MAT-CARB-48,0,862,-82.92976843075296,41.266917796426284,dolomite
MAT-CARB-48,0,863,-82.93122161538012,41.26581015508088,dolomite
MAT-CARB-48,0,864,-82.93321920187205,41.26421824089081,dolomite
MAT-CARB-48,0,865,-82.935307504587,41.26255705149638,dolomite
MAT-CARB-48,0,866,-82.93657709027534,41.261312189098405,dolomite
MAT-CARB-48,0,867,-82.93684199975716,41.25993321902211,dolomite
MAT-CARB-48,0,868,-82.93755740466418,41.257656854037016,dolomite
MAT-CARB-48,0,869,-82.9385518033782,41.256206296471134,dolomite
MAT-CARB-48,0,870,-82.93899779996597,41.254619922025775,dolomite
MAT-CARB-48,0,871,-82.93954393750806,41.25441121421091,dolomite
MAT-CARB-48,0,872,-82.94146047119922,41.25447306863383,dolomite
MAT-CARB-48,0,873,-82.9423733435673,41.254538607226294,dolomite
MAT-CARB-48,0,874,-82.94291943376865,41.25432988412653,dolomite
MAT-CARB-48,0,875,-82.94409973534525,41.25342978706781,dolomite
MAT-CARB-48,0,876,-82.94482697280714,41.25301367942736,dolomite
MAT-CARB-48,0,877,-82.94564498708728,41.25252831891755,dolomite
MAT-CARB-48,0,878,-82.94764139463915,41.25086723950302,dolomite
MAT-CARB-48,0,879,-82.94882475020022,41.250449371771786,dolomite
MAT-CARB-48,0,880,-82.95054869223674,41.24899596639147,dolomite
MAT-CARB-48,0,881,-82.95145237128044,41.24768342585896,dolomite
MAT-CARB-48,0,882,-82.95181135197147,41.246786343782716,dolomite
MAT-CARB-48,0,883,-82.95179582205238,41.24444374384715,dolomite
MAT-CARB-48,0,884,-82.95123474799922,41.24237881444081,dolomite
MAT-CARB-48,0,885,-82.95076359695425,41.240106807932136,dolomite
MAT-CARB-48,0,886,-82.95083613103708,41.23728156968979,dolomite
MAT-CARB-48,0,887,-82.95110613035325,41.23672931836131,dolomite
MAT-CARB-48,0,888,-82.95246711101144,41.23562173797098,dolomite
MAT-CARB-48,0,889,-82.95401823713063,41.2356847717838,dolomite
MAT-CARB-48,0,890,-82.95429325573814,41.23589043352961,dolomite
MAT-CARB-48,0,891,-82.95456739342565,41.23595830319544,dolomite
MAT-CARB-48,0,892,-82.95474936173581,41.23588870044956,dolomite
MAT-CARB-48,0,893,-82.95493041002425,41.235681306119524,dolomite
MAT-CARB-48,0,894,-82.95510041660978,41.23382030476973,dolomite
MAT-CARB-48,0,895,-82.95564357464035,41.23319809074021,dolomite
MAT-CARB-48,0,896,-82.95700760830167,41.23257276783942,dolomite
MAT-CARB-48,0,897,-82.95837347023658,41.23222303983087,dolomite
MAT-CARB-48,0,898,-82.95916916606566,41.231178389747356,dolomite
MAT-CARB-48,0,899,-82.95897747262208,41.22980108946857,dolomite
MAT-CARB-48,0,900,-82.95842695819161,41.22932087544923,dolomite
MAT-CARB-48,0,901,-82.95787556234475,41.228702866590645,dolomite
MAT-CARB-48,0,902,-82.95777880580872,41.22787640856753,dolomite
MAT-CARB-48,0,903,-82.95832046602737,41.227047477817734,dolomite
MAT-CARB-48,0,904,-82.96040562241267,41.22517910213966,dolomite
MAT-CARB-48,0,905,-82.96113152694123,41.22462509425546,dolomite
MAT-CARB-48,0,906,-82.96277224279697,41.22448093351554,dolomite
MAT-CARB-48,0,907,-82.96441150748586,41.224130075497854,dolomite
MAT-CARB-48,0,908,-82.96878114483096,41.22294166449082,dolomite
MAT-CARB-48,0,909,-82.97014770363411,41.22272959207082,dolomite
MAT-CARB-48,0,910,-82.97151091821567,41.222035188925034,dolomite
MAT-CARB-48,0,911,-82.97269123870235,41.22127260831453,dolomite
MAT-CARB-48,0,912,-82.97314246474225,41.220581786821455,dolomite
MAT-CARB-48,0,913,-82.97367813608052,41.21892599759936,dolomite
MAT-CARB-48,0,914,-82.97439619537954,41.217269453018424,dolomite
MAT-CARB-48,0,915,-82.9760290094883,41.21602270989755,dolomite
MAT-CARB-48,0,916,-82.97693850844732,41.2156745797153,dolomite
MAT-CARB-48,0,917,-82.97902958359695,41.21477047177907,dolomite
MAT-CARB-48,0,918,-82.98057588919814,41.214213051271294,dolomite
MAT-CARB-48,0,919,-82.98148534060945,41.21386485861109,dolomite
MAT-CARB-48,0,920,-82.9840288282169,41.21247653450264,dolomite
MAT-CARB-48,0,921,-82.9862069620176,41.2110207006703,dolomite
MAT-CARB-48,0,922,-82.9874741662925,41.20970636758981,dolomite
MAT-CARB-48,0,923,-82.98864619491629,41.207841189626905,dolomite
MAT-CARB-48,0,924,-82.98972748037453,41.20604525440663,dolomite
MAT-CARB-48,0,925,-82.99026366177702,41.20452716725355,dolomite
MAT-CARB-48,0,926,-82.99079680775948,41.20259566560703,dolomite
MAT-CARB-48,0,927,-82.99069026991081,41.20046007418886,dolomite
MAT-CARB-48,0,928,-82.98976867378009,41.19908578348754,dolomite
MAT-CARB-48,0,929,-82.98940055459147,41.198604953946244,dolomite
MAT-CARB-48,0,930,-82.98802714343518,41.19778372017785,dolomite
MAT-CARB-48,0,931,-82.98690778552448,41.19646826179109,dolomite
MAT-CARB-48,0,932,-82.98617476336177,41.1956468098926,dolomite
MAT-CARB-48,0,933,-82.9857645159328,41.195037750009156,dolomite
MAT-CARB-48,0,934,-82.9855115326137,41.1944126870209,dolomite
MAT-CARB-48,0,935,-82.98500962296198,41.19372602981718,dolomite
MAT-CARB-48,0,936,-82.98467251314356,41.19291346738364,dolomite
MAT-CARB-48,0,937,-82.98450016301366,41.191975028470445,dolomite
MAT-CARB-48,0,938,-82.9844912688626,41.19072288007962,dolomite
MAT-CARB-48,0,939,-82.98473088144507,41.18946972306379,dolomite
MAT-CARB-48,0,940,-82.98546741624814,41.18821454720916,dolomite
MAT-CARB-48,0,941,-82.98637319637764,41.18745956332275,dolomite
MAT-CARB-48,0,942,-82.98801989355475,41.18607545468757,dolomite
MAT-CARB-48,0,943,-82.98925462065581,41.18500602898482,dolomite
MAT-CARB-48,0,944,-82.99048979567443,41.1839992192263,dolomite
MAT-CARB-48,0,945,-82.99155973019305,41.18305567965986,dolomite
MAT-CARB-48,0,946,-82.9928726503407,41.18135982264914,dolomite
MAT-CARB-48,0,947,-82.99311252858071,41.18016924270581,dolomite
MAT-CARB-48,0,948,-82.99335190942399,41.178916058936075,dolomite
MAT-CARB-48,0,949,-82.9935098554443,41.17785105041235,dolomite
MAT-CARB-48,0,950,-82.993748314532,41.176472631158354,dolomite
MAT-CARB-48,0,951,-82.99340892216392,41.17534707006037,dolomite
MAT-CARB-48,0,952,-82.9933161444256,41.17397001627797,dolomite
MAT-CARB-48,0,953,-82.99346819300521,41.17209111326971,dolomite
MAT-CARB-48,0,954,-82.99370980411797,41.17115096300342,dolomite
MAT-CARB-48,0,955,-82.99420165843568,41.170460195839354,dolomite
MAT-CARB-48,0,956,-82.99494330003404,41.16995626106284,dolomite
MAT-CARB-48,0,957,-82.9959356028133,41.16976430526078,dolomite
MAT-CARB-48,0,958,-82.99692926801208,41.16976017724288,dolomite
MAT-CARB-48,0,959,-82.99784240568809,41.17006942771561,dolomite
MAT-CARB-48,0,960,-82.9993402772355,41.17106493611805,dolomite
MAT-CARB-48,0,961,-82.9995067838483,41.171189477098444,dolomite
MAT-CARB-48,0,962,-83.00263459475376,41.17430190332667,dolomite
MAT-CARB-48,0,963,-83.00556561058227,41.17521074867561,dolomite
MAT-CARB-48,0,964,-83.00825853018134,41.17685755046624,dolomite
MAT-CARB-48,0,965,-83.01070645453764,41.17832106304483,dolomite
MAT-CARB-48,0,966,-83.01168539918251,41.17886961630481,dolomite
MAT-CARB-48,0,967,-83.0141223979763,41.17885915773963,dolomite
MAT-CARB-48,0,968,-83.01509577716448,41.17867071966358,dolomite
MAT-CARB-48,0,969,-83.01631289663977,41.17848122087084,dolomite
MAT-CARB-48,0,970,-83.0172820734904,41.177740042095635,dolomite
MAT-CARB-48,0,971,-83.01824706716728,41.17644615904581,dolomite
MAT-CARB-48,0,972,-83.0194542823711,41.17496693939127,dolomite
MAT-CARB-48,0,973,-83.02065866977613,41.17311925017981,dolomite
MAT-CARB-48,0,974,-83.02233621797075,41.169426998165314,dolomite
MAT-CARB-48,0,975,-83.02329813593366,41.16776458226033,dolomite
MAT-CARB-48,0,976,-83.02524175784814,41.167019060780206,dolomite
MAT-CARB-48,0,977,-83.0259656256407,41.16609466111185,dolomite
MAT-CARB-48,0,978,-83.02644154767515,41.164618575051655,dolomite
MAT-CARB-48,0,979,-83.02570350777926,41.1637005797953,dolomite
MAT-CARB-48,0,980,-83.02495698373691,41.16167714910949,dolomite
MAT-CARB-48,0,981,-83.02299519052764,41.16002753572958,dolomite
MAT-CARB-48,0,982,-83.02127568579569,41.158192554643406,dolomite
MAT-CARB-48,0,983,-83.02004209405293,41.15617121021603,dolomite
MAT-CARB-48,0,984,-83.02003367061937,41.15506577434291,dolomite
MAT-CARB-48,0,985,-83.02051108551383,41.15377394416512,dolomite
MAT-CARB-48,0,986,-83.0214756791144,41.15248001266102,dolomite
MAT-CARB-48,0,987,-83.02341884937348,41.151734512780436,dolomite
MAT-CARB-48,0,988,-83.02634348932926,41.15190591357692,dolomite
MAT-CARB-48,0,989,-83.02975962751225,41.15262778850609,dolomite
MAT-CARB-48,0,990,-83.03390669616822,41.15334632879128,dolomite
MAT-CARB-48,0,991,-83.0370764649869,41.153700621781944,dolomite
MAT-CARB-48,0,992,-83.03999976566091,41.15368744409363,dolomite
MAT-CARB-48,0,993,-83.04194719329965,41.153494375228654,dolomite
MAT-CARB-48,0,994,-83.04292159952635,41.153489950995706,dolomite
MAT-CARB-48,0,995,-83.04486460052127,41.152744102686846,dolomite
MAT-CARB-48,0,996,-83.04608113862,41.15255429736043,dolomite
MAT-CARB-48,0,997,-83.04704818370978,41.15162864654574,dolomite
MAT-CARB-48,0,998,-83.04923169530336,41.150513122168064,dolomite
MAT-CARB-48,0,999,-83.05116855510317,41.14903021992293,dolomite
MAT-CARB-48,0,1000,-83.05213548104588,41.148104498155746,dolomite
MAT-CARB-48,0,1001,-83.05188145274742,41.146815939227366,dolomite
MAT-CARB-48,0,1002,-83.05016595949483,41.14553409122071,dolomite
MAT-CARB-48,0,1003,-83.04894511258043,41.145171204460446,dolomite
MAT-CARB-48,0,1004,-83.04772132176355,41.14443981512235,dolomite
MAT-CARB-48,0,1005,-83.0455261997239,41.14408138414654,dolomite
MAT-CARB-48,0,1006,-83.04430389797496,41.14353420457898,dolomite
MAT-CARB-48,0,1007,-83.04405447606034,41.1427983331645,dolomite
MAT-CARB-48,0,1008,-83.04404566519739,41.14169286099358,dolomite
MAT-CARB-48,0,1009,-83.04452396578047,41.14058519571747,dolomite
MAT-CARB-48,0,1010,-83.04597501924786,41.139288805140886,dolomite
MAT-CARB-48,0,1011,-83.04742158536715,41.137439685423004,dolomite
MAT-CARB-48,0,1012,-83.0481344835091,41.135225408748965,dolomite
MAT-CARB-48,0,1013,-83.04810637753341,41.13172475336234,dolomite
MAT-CARB-48,0,1014,-83.04687398181395,41.129887894586346,dolomite
MAT-CARB-48,0,1015,-83.04587630639324,41.12694442426121,dolomite
MAT-CARB-48,0,1016,-83.0473167059638,41.1243582990203,dolomite
MAT-CARB-48,0,1017,-83.04973691910796,41.1225046359005,dolomite
MAT-CARB-48,0,1018,-83.053862903157,41.12082730317704,dolomite
MAT-CARB-48,0,1019,-83.05556285399197,41.12026664085766,dolomite
MAT-CARB-48,0,1020,-83.05726728787735,41.12025869845907,dolomite
MAT-CARB-48,0,1021,-83.05897620992285,41.1208034759675,dolomite
MAT-CARB-48,0,1022,-83.06311557505687,41.12078402678728,dolomite
MAT-CARB-48,0,1023,-83.06433149299419,41.120594031289215,dolomite
MAT-CARB-48,0,1024,-83.0650589131895,41.12022208084579,dolomite
MAT-CARB-48,0,1025,-83.06525192104947,41.12,dolomite
MAT-CARB-48,0,1026,-83.10011471429696,41.12,dolomite
MAT-CARB-48,0,1027,-83.09811511486397,41.121533281341414,dolomite
MAT-CARB-180,0,0,-82.9680424602505,41.12615289255559,limestone
MAT-CARB-180,0,1,-82.9673336945171,41.129049780802085,limestone
MAT-CARB-180,0,2,-82.96608406380584,41.13277568450882,limestone
MAT-CARB-180,0,3,-82.96481928319798,41.134296579903406,limestone
MAT-CARB-180,0,4,-82.9639159574112,41.13540261440757,limestone
MAT-CARB-180,0,5,-82.96120021787834,41.13789378315401,limestone
MAT-CARB-180,0,6,-82.95957178528343,41.13955385219731,limestone
MAT-CARB-180,0,7,-82.95866830490651,41.1406598428637,limestone
MAT-CARB-180,0,8,-82.95796875691752,41.141523317225825,limestone
MAT-CARB-180,0,9,-82.95740228943488,41.14204282303909,limestone
MAT-CARB-180,0,10,-82.95559085292815,41.14434303345924,limestone
MAT-CARB-180,0,11,-82.95269570054579,41.14660861384992,limestone
MAT-CARB-180,0,12,-82.95124084698136,41.14702755700058,limestone
MAT-CARB-180,0,13,-82.94923758704653,41.14717293856535,limestone
MAT-CARB-180,0,14,-82.94778183231395,41.14745401162549,limestone
MAT-CARB-180,0,15,-82.94669315609497,41.14814716036117,limestone
MAT-CARB-180,0,16,-82.94578935329388,41.14925304680272,limestone
MAT-CARB-180,0,17,-82.94543211922102,41.150356888706746,limestone
MAT-CARB-180,0,18,-82.94452647153147,41.15118713665394,limestone
MAT-CARB-180,0,19,-82.94380124960612,41.15174107327006,limestone
MAT-CARB-180,0,20,-82.94234623204893,41.15215990655194,limestone
MAT-CARB-180,0,21,-82.94106987588655,41.15202682259726,limestone
MAT-CARB-180,0,22,-82.93997572819191,41.15189305409733,limestone
MAT-CARB-180,0,23,-82.93743363887427,41.15328050203749,limestone
MAT-CARB-180,0,24,-82.93725580997005,41.15397022260791,limestone
MAT-CARB-180,0,25,-82.93762821742213,41.15520916695835,limestone
MAT-CARB-180,0,26,-82.9383623780461,41.15603337425106,limestone
MAT-CARB-180,0,27,-82.94005194363906,41.156862758120596,limestone
MAT-CARB-180,0,28,-82.94133195313574,41.15754710463076,limestone
MAT-CARB-180,0,29,-82.94188310673577,41.15823413507818,limestone
MAT-CARB-180,0,30,-82.94207246880016,41.15933593660582,limestone
MAT-CARB-180,0,31,-82.94153200377578,41.160302606497254,limestone
MAT-CARB-180,0,32,-82.94026260953795,41.161271988800515,limestone
MAT-CARB-180,0,33,-82.93898874654707,41.161552307686215,limestone
MAT-CARB-180,0,34,-82.93825979306594,41.16155498369693,limestone
MAT-CARB-180,0,35,-82.93716284945091,41.161007738633636,limestone
MAT-CARB-180,0,36,-82.9360632818189,41.160047086097535,limestone
MAT-CARB-180,0,37,-82.93569175614242,41.158945940382104,limestone
MAT-CARB-180,0,38,-82.93532555318414,41.1586716429671,limestone
MAT-CARB-180,0,39,-82.93441440868256,41.15867495932391,limestone
MAT-CARB-180,0,40,-82.93296271936924,41.159644927616654,limestone
MAT-CARB-180,0,41,-82.93114736920548,41.1607539650324,limestone
MAT-CARB-180,0,42,-82.92915059676506,41.162001482451124,limestone
MAT-CARB-180,0,43,-82.92715547648721,41.1635245630095,limestone
MAT-CARB-180,0,44,-82.92624943169018,41.16435466452097,limestone
MAT-CARB-180,0,45,-82.92552646328747,41.165321908455475,limestone
MAT-CARB-180,0,46,-82.9237117335551,41.16656868161143,limestone
MAT-CARB-180,0,47,-82.92172146871006,41.168918511269574,limestone
MAT-CARB-180,0,48,-82.9199099296493,41.17071641618626,limestone
MAT-CARB-180,0,49,-82.91846281281082,41.17251304285977,limestone
MAT-CARB-180,0,50,-82.9177405277507,41.173618059149675,limestone
MAT-CARB-180,0,51,-82.9171970768574,41.174171188159065,limestone
MAT-CARB-180,0,52,-82.9141110397062,41.17624909574979,limestone
MAT-CARB-180,0,53,-82.90720760000967,41.180131499578515,limestone
MAT-CARB-180,0,54,-82.9046637923785,41.1815182492999,limestone
MAT-CARB-180,0,55,-82.9017577062596,41.18331956069206,limestone
MAT-CARB-180,0,56,-82.8999452588216,41.18511717156934,limestone
MAT-CARB-180,0,57,-82.89777294250605,41.18774280109779,limestone
MAT-CARB-180,0,58,-82.89596267224117,41.18995373494937,limestone
MAT-CARB-180,0,59,-82.89487917363331,41.19174884240409,limestone
MAT-CARB-180,0,60,-82.8925249266972,41.19451276188521,limestone
MAT-CARB-180,0,61,-82.88980186435481,41.19658881307837,limestone
MAT-CARB-180,0,62,-82.88580541546219,41.199220134355095,limestone
MAT-CARB-180,0,63,-82.88362590415272,41.20074303499001,limestone
MAT-CARB-180,0,64,-82.8816294051997,41.202403107527125,limestone
MAT-CARB-180,0,65,-82.88035683894431,41.20309620583103,limestone
MAT-CARB-180,0,66,-82.87945276592039,41.204477136101715,limestone
MAT-CARB-180,0,67,-82.87673271415242,41.20724187574177,limestone
MAT-CARB-180,0,68,-82.87473812915502,41.20931526385087,limestone
MAT-CARB-180,0,69,-82.8725678361987,41.21262941486456,limestone
MAT-CARB-180,0,70,-82.87093624764258,41.21442595131234,limestone
MAT-CARB-180,0,71,-82.86912962138486,41.21760110172504,limestone
MAT-CARB-180,0,72,-82.86732208417445,41.22063836908478,limestone
MAT-CARB-180,0,73,-82.86569530379491,41.223399485813225,limestone
MAT-CARB-180,0,74,-82.8644280765317,41.22519480317824,limestone
MAT-CARB-180,0,75,-82.86371093807358,41.22753966800223,limestone
MAT-CARB-180,0,76,-82.8628084040559,41.22933388019717,limestone
MAT-CARB-180,0,77,-82.86244797778913,41.23016179647176,limestone
MAT-CARB-180,0,78,-82.86027205368387,41.23264886504164,limestone
MAT-CARB-180,0,79,-82.85936718184924,41.23402961326579,limestone
MAT-CARB-180,0,80,-82.85864397595009,41.23527204183119,limestone
MAT-CARB-180,0,81,-82.85809886653172,41.23568708487768,limestone
MAT-CARB-180,0,82,-82.85736911737752,41.23568926726965,limestone
MAT-CARB-180,0,83,-82.8557250332366,41.23528075788446,limestone
MAT-CARB-180,0,84,-82.85444514058216,41.2347333255941,limestone
MAT-CARB-180,0,85,-82.84695140297742,41.23199921767641,limestone
MAT-CARB-180,0,86,-82.84329733676284,41.23090732275028,limestone
MAT-CARB-180,0,87,-82.83891168176665,41.22940397945861,limestone
MAT-CARB-180,0,88,-82.83356674864638,41.22795947288512,limestone
MAT-CARB-180,0,89,-82.83378595529503,41.22722961588168,limestone
MAT-CARB-180,0,90,-82.83431019593823,41.222542761397456,limestone
MAT-CARB-180,0,91,-82.8349493368991,41.21921336075772,limestone
MAT-CARB-180,0,92,-82.83657998350496,41.21700388487527,limestone
MAT-CARB-180,0,93,-82.83857253231119,41.21424214655544,limestone
MAT-CARB-180,0,94,-82.84093309192026,41.2121683574844,limestone
MAT-CARB-180,0,95,-82.84129437398256,41.21147828960407,limestone
MAT-CARB-180,0,96,-82.84347520990069,41.209956172736085,limestone
MAT-CARB-180,0,97,-82.84656562429207,41.208017963143256,limestone
MAT-CARB-180,0,98,-82.84765838100418,41.207739169560185,limestone
MAT-CARB-180,0,99,-82.85038525922653,41.206077535641064,limestone
MAT-CARB-180,0,100,-82.85292826991008,41.20414075795159,limestone
MAT-CARB-180,0,101,-82.85309777041543,41.201659711350324,limestone
MAT-CARB-180,0,102,-82.85345173183325,41.19959156303738,limestone
MAT-CARB-180,0,103,-82.8552636356292,41.19738126135469,limestone
MAT-CARB-180,0,104,-82.85707902934371,41.195859963826344,limestone
MAT-CARB-180,0,105,-82.85871564831982,41.19502821981591,limestone
MAT-CARB-180,0,106,-82.86071467539634,41.19378193715445,limestone
MAT-CARB-180,0,107,-82.86125877894533,41.19349004774562,limestone
MAT-CARB-180,0,108,-82.86156969899781,41.19272928197688,limestone
MAT-CARB-180,0,109,-82.86149477206948,41.192029761832686,limestone
MAT-CARB-180,0,110,-82.8606971850926,41.190474577045286,limestone
MAT-CARB-180,0,111,-82.86034118306566,41.18931490910679,limestone
MAT-CARB-180,0,112,-82.86001668765556,41.18853537393087,limestone
MAT-CARB-180,0,113,-82.85989242831319,41.18742279422312,limestone
MAT-CARB-180,0,114,-82.8599734292134,41.18708215396615,limestone
MAT-CARB-180,0,115,-82.860254151561,41.18687045337754,limestone
MAT-CARB-180,0,116,-82.8610413758339,41.1866148931629,limestone
MAT-CARB-180,0,117,-82.86523434985585,41.18660215458467,limestone
MAT-CARB-180,0,118,-82.86760502411117,41.18673268637637,limestone
MAT-CARB-180,0,119,-82.87070044063934,41.18603410296757,limestone
MAT-CARB-180,0,120,-82.87288281989643,41.185062637128595,limestone
MAT-CARB-180,0,121,-82.87506131243198,41.183402117754994,limestone
MAT-CARB-180,0,122,-82.8774204578234,41.1814653590852,limestone
MAT-CARB-180,0,123,-82.87923493386326,41.17994370748867,limestone
MAT-CARB-180,0,124,-82.881771488002,41.17717943832832,limestone
MAT-CARB-180,0,125,-82.88376647011306,41.175381507542085,limestone
MAT-CARB-180,0,126,-82.88665863531425,41.17110006356462,limestone
MAT-CARB-180,0,127,-82.88792583979141,41.16958003659338,limestone
MAT-CARB-180,0,128,-82.88992280005772,41.16819541646496,limestone
MAT-CARB-180,0,129,-82.89408677938223,41.1633583771039,limestone
MAT-CARB-180,0,130,-82.89716883288928,41.160591916074054,limestone
MAT-CARB-180,0,131,-82.89862350238965,41.16003583626645,limestone
MAT-CARB-180,0,132,-82.90116420169896,41.15823576766636,limestone
MAT-CARB-180,0,133,-82.90643979267254,41.15670200194367,limestone
MAT-CARB-180,0,134,-82.9109853940493,41.155032711590685,limestone
MAT-CARB-180,0,135,-82.91334754694894,41.15392205852,limestone
MAT-CARB-180,0,136,-82.91570294412382,41.15170887542677,limestone
MAT-CARB-180,0,137,-82.91769122756992,41.14908348889602,limestone
MAT-CARB-180,0,138,-82.91982484201124,41.14603053496762,limestone
MAT-CARB-180,0,139,-82.92072307686077,41.1439601824301,limestone
MAT-CARB-180,0,140,-82.92125941840477,41.142304536065524,limestone
MAT-CARB-180,0,141,-82.92234143840771,41.140509125475106,limestone
MAT-CARB-180,0,142,-82.9232378153859,41.138163115763554,limestone
MAT-CARB-180,0,143,-82.92359188764374,41.136508070014266,limestone
MAT-CARB-180,0,144,-82.92500722026455,41.12975013690943,limestone
MAT-CARB-180,0,145,-82.92607518239001,41.12574967288647,limestone
MAT-CARB-180,0,146,-82.92697037561393,41.12326580775833,limestone
MAT-CARB-180,0,147,-82.92787327569881,41.1220222403632,limestone
MAT-CARB-180,0,148,-82.92822628770314,41.12022935883986,limestone
MAT-CARB-180,0,149,-82.92830960374621,41.12,limestone
MAT-CARB-180,0,150,-82.96848800285429,41.12,limestone
MAT-CARB-180,0,151,-82.9680424602505,41.12615289255559,limestone
MAT-CARB-232,0,0,-83.30853721325647,41.12029531215753,dolomite
MAT-CARB-232,0,1,-83.30729194367451,41.12057367885105,dolomite
MAT-CARB-232,0,2,-83.30587469223673,41.121393047447896,dolomite
MAT-CARB-232,0,3,-83.30356719143008,41.12235337681362,dolomite
MAT-CARB-232,0,4,-83.30143642689598,41.12317749058555,dolomite
MAT-CARB-232,0,5,-83.29948396192319,41.124000371894006,dolomite
MAT-CARB-232,0,6,-83.29842009561433,41.12454734251695,dolomite
MAT-CARB-232,0,7,-83.29700423047098,41.12550154914512,dolomite
MAT-CARB-232,0,8,-83.29611553032697,41.125777416945226,dolomite
MAT-CARB-232,0,9,-83.29433975104457,41.12646407764453,dolomite
MAT-CARB-232,0,10,-83.29202408850502,41.12674937060011,dolomite
MAT-CARB-232,0,11,-83.28988055722023,41.12649365629835,dolomite
MAT-CARB-232,0,12,-83.28863042178277,41.12636693540305,dolomite
MAT-CARB-232,0,13,-83.28665746103654,41.12543520195078,dolomite
MAT-CARB-232,0,14,-83.28486297925576,41.124502262687116,dolomite
MAT-CARB-232,0,15,-83.28198442585615,41.122361684822934,dolomite
MAT-CARB-232,0,16,-83.27876014432066,41.12116806774867,dolomite
MAT-CARB-232,0,17,-83.27661376796563,41.120642194218036,dolomite
MAT-CARB-232,0,18,-83.27447044954964,41.12038617500738,dolomite
MAT-CARB-232,0,19,-83.27054670680931,41.12041156019219,dolomite
MAT-CARB-232,0,20,-83.26822507690106,41.12015657958393,dolomite
MAT-CARB-232,0,21,-83.26776654489565,41.12,dolomite
MAT-CARB-232,0,22,-83.30901621239558,41.12,dolomite
MAT-CARB-232,0,23,-83.30853721325647,41.12029531215753,dolomite
MAT-CARB-236,0,0,-83.18250054709159,41.12031653290628,dolomite
MAT-CARB-236,0,1,-83.18250729184103,41.12099132527853,dolomite
MAT-CARB-236,0,2,-83.18188810202237,41.12150099265594,dolomite
MAT-CARB-236,0,3,-83.18139828668224,41.1215712800543,dolomite
MAT-CARB-236,0,4,-83.18072978690032,41.12160881115482,dolomite
MAT-CARB-236,0,5,-83.17898408801422,41.12094394740014,dolomite
MAT-CARB-236,0,6,-83.17848790360623,41.120373146644944,dolomite
MAT-CARB-236,0,7,-83.17848419588648,41.12,dolomite
MAT-CARB-236,0,8,-83.18208675099713,41.12,dolomite
MAT-CARB-236,0,9,-83.18250054709159,41.12031653290628,dolomite
MAT-CARB-231,0,0,-83.2538430026901,41.12561566791715,dolomite
MAT-CARB-231,0,1,-83.25573167965305,41.12702094164757,dolomite
MAT-CARB-231,0,2,-83.25672323746743,41.12795948773809,dolomite
MAT-CARB-231,0,3,-83.25735656000047,41.12876531481948,dolomite
MAT-CARB-231,0,4,-83.25843363656108,41.12936584671862,dolomite
MAT-CARB-231,0,5,-83.25906399131786,41.129901745111816,dolomite
MAT-CARB-231,0,6,-83.25908049762026,41.13138633908689,dolomite
MAT-CARB-231,0,7,-83.25819303040116,41.1317968966859,dolomite
MAT-CARB-231,0,8,-83.25712863994723,41.132343551691335,dolomite
MAT-CARB-231,0,9,-83.25570296402677,41.132487536439086,dolomite
MAT-CARB-231,0,10,-83.25355998827676,41.1322986312267,dolomite
MAT-CARB-231,0,11,-83.25265982846891,41.13156195932414,dolomite
MAT-CARB-231,0,12,-83.25184370709596,41.13035233995709,dolomite
MAT-CARB-231,0,13,-83.25067081157125,41.129144957332635,dolomite
MAT-CARB-231,0,14,-83.25064781113187,41.12705300658794,dolomite
MAT-CARB-231,0,15,-83.25188458440947,41.125965444970944,dolomite
MAT-CARB-231,0,16,-83.25303958380599,41.12555324553188,dolomite
MAT-CARB-231,0,17,-83.2538430026901,41.12561566791715,dolomite
MAT-CARB-226,0,0,-83.24474333519156,41.136947222093575,dolomite
MAT-CARB-226,0,1,-83.24547371520826,41.138477945846795,dolomite
MAT-CARB-226,0,2,-83.24553102540524,41.13964169490803,dolomite
MAT-CARB-226,0,3,-83.24506747750698,41.140083249979746,dolomite
MAT-CARB-226,0,4,-83.24477775329665,41.140101929595524,dolomite
MAT-CARB-226,0,5,-83.24417543520536,41.14008881114068,dolomite
MAT-CARB-226,0,6,-83.24397340040656,41.139971960915204,dolomite
MAT-CARB-226,0,7,-83.24390655667611,41.137930972363954,dolomite
MAT-CARB-226,0,8,-83.24365849763893,41.137679426389596,dolomite
MAT-CARB-226,0,9,-83.24365280062287,41.137156462411546,dolomite
MAT-CARB-226,0,10,-83.24396262293502,41.136935214955194,dolomite
MAT-CARB-226,0,11,-83.24474333519156,41.136947222093575,dolomite
MAT-CARB-215,0,0,-83.24209212178081,41.12054342356801,dolomite
MAT-CARB-215,0,1,-83.24316379338586,41.120671741817276,dolomite
MAT-CARB-215,0,2,-83.24584516492989,41.12119492931912,dolomite
MAT-CARB-215,0,3,-83.24727801075102,41.12172584928475,dolomite
MAT-CARB-215,0,4,-83.2481728433486,41.12199021251113,dolomite
MAT-CARB-215,0,5,-83.24871387518068,41.122526699598566,dolomite
MAT-CARB-215,0,6,-83.24889666405278,41.122930475613664,dolomite
MAT-CARB-215,0,7,-83.24837189924429,41.12387859286496,dolomite
MAT-CARB-215,0,8,-83.24731493953185,41.12509997741975,dolomite
MAT-CARB-215,0,9,-83.24590266435855,41.1264585540846,dolomite
MAT-CARB-215,0,10,-83.2452009432431,41.12754274249464,dolomite
MAT-CARB-215,0,11,-83.2450593662574,41.13091797050429,dolomite
MAT-CARB-215,0,12,-83.24401404126607,41.133219021557,dolomite
MAT-CARB-215,0,13,-83.2429524525874,41.13403546810576,dolomite
MAT-CARB-215,0,14,-83.24224323349944,41.13444482405013,dolomite
MAT-CARB-215,0,15,-83.2418923053277,41.134986877610885,dolomite
MAT-CARB-215,0,16,-83.24189670549562,41.13539176870108,dolomite
MAT-CARB-215,0,17,-83.24226524509291,41.13646927904844,dolomite
MAT-CARB-215,0,18,-83.24228872566437,41.138628703632925,dolomite
MAT-CARB-215,0,19,-83.24212207335928,41.13970950950145,dolomite
MAT-CARB-215,0,20,-83.2410603611166,41.14052593545438,dolomite
MAT-CARB-215,0,21,-83.2403466715945,41.14053036128864,dolomite
MAT-CARB-215,0,22,-83.23981291257408,41.140668649930596,dolomite
MAT-CARB-215,0,23,-83.23820275607238,41.14027369542232,dolomite
MAT-CARB-215,0,24,-83.23766458301166,41.14000708493765,dolomite
MAT-CARB-215,0,25,-83.23534807981794,41.14029130443267,dolomite
MAT-CARB-215,0,26,-83.23374666234048,41.14070606945657,dolomite
MAT-CARB-215,0,27,-83.23304025333131,41.14138525842738,dolomite
MAT-CARB-215,0,28,-83.23162446408442,41.14247373343224,dolomite
MAT-CARB-215,0,29,-83.23092376028492,41.14369277050997,dolomite
MAT-CARB-215,0,30,-83.22933813557673,41.14559208538139,dolomite
MAT-CARB-215,0,31,-83.22810637011362,41.147219258534356,dolomite
MAT-CARB-215,0,32,-83.2279394722622,41.148300037962436,dolomite
MAT-CARB-215,0,33,-83.22812508702499,41.14897378173494,dolomite
MAT-CARB-215,0,34,-83.22848483909631,41.14924152187753,dolomite
MAT-CARB-215,0,35,-83.22866185256474,41.149105461835504,dolomite
MAT-CARB-215,0,36,-83.22972096078769,41.148019235061206,dolomite
MAT-CARB-215,0,37,-83.23025772219302,41.14815093551445,dolomite
MAT-CARB-215,0,38,-83.23080604619962,41.14936232453567,dolomite
MAT-CARB-215,0,39,-83.23064781843111,41.151252880234686,dolomite
MAT-CARB-215,0,40,-83.2301586795011,41.15557495812755,dolomite
MAT-CARB-215,0,41,-83.22965649115451,41.158682366945264,dolomite
MAT-CARB-215,0,42,-83.2280676028498,41.160311703423055,dolomite
MAT-CARB-215,0,43,-83.22648434975166,41.16248087130448,dolomite
MAT-CARB-215,0,44,-83.22471680388999,41.16411124388414,dolomite
MAT-CARB-215,0,45,-83.22382866809122,41.1645215366971,dolomite
MAT-CARB-215,0,46,-83.22240653645896,41.165070031222825,dolomite
MAT-CARB-215,0,47,-83.21974212682022,41.16630083646841,dolomite
MAT-CARB-215,0,48,-83.21760173720217,41.1664486884794,dolomite
MAT-CARB-215,0,49,-83.21564546375689,41.16713525892885,dolomite
MAT-CARB-215,0,50,-83.21386902998124,41.16795570096698,dolomite
MAT-CARB-215,0,51,-83.21262807078867,41.16877292364988,dolomite
MAT-CARB-215,0,52,-83.21098334055662,41.16885021015363,dolomite
MAT-CARB-215,0,53,-83.21010141404676,41.16879641499584,dolomite
MAT-CARB-215,0,54,-83.20942070890892,41.16846441153473,dolomite
MAT-CARB-215,0,55,-83.20790401930891,41.167763425645674,dolomite
MAT-CARB-215,0,56,-83.20654729062062,41.16710504081282,dolomite
MAT-CARB-215,0,57,-83.20546605416558,41.16665590439604,dolomite
MAT-CARB-215,0,58,-83.20367980415314,41.16653148594503,dolomite
MAT-CARB-215,0,59,-83.20260331762437,41.16599793407082,dolomite
MAT-CARB-215,0,60,-83.2022408006873,41.165460178483315,dolomite
MAT-CARB-215,0,61,-83.20115047472125,41.16357701781312,dolomite
MAT-CARB-215,0,62,-83.20059840606125,41.16196062037818,dolomite
MAT-CARB-215,0,63,-83.2009387101354,41.1603389593451,dolomite
MAT-CARB-215,0,64,-83.20146302712043,41.15925613180329,dolomite
MAT-CARB-215,0,65,-83.2014560905978,41.15858130408407,dolomite
MAT-CARB-215,0,66,-83.20109084915212,41.15777362730849,dolomite
MAT-CARB-215,0,67,-83.19999652478317,41.155485559067195,dolomite
MAT-CARB-215,0,68,-83.1989008913233,41.15306247798456,dolomite
MAT-CARB-215,0,69,-83.19904894372688,41.15009224687472,dolomite
MAT-CARB-215,0,70,-83.19974747891519,41.14860348600712,dolomite
MAT-CARB-215,0,71,-83.19955384562985,41.147119919922105,dolomite
MAT-CARB-215,0,72,-83.19918868802336,41.146312230686156,dolomite
MAT-CARB-215,0,73,-83.19898259862546,41.14361401886363,dolomite
MAT-CARB-215,0,74,-83.19843902845957,41.14280736936553,dolomite
MAT-CARB-215,0,75,-83.19788857163995,41.14132588065148,dolomite
MAT-CARB-215,0,76,-83.19662311272437,41.139713606710615,dolomite
MAT-CARB-215,0,77,-83.19695926677201,41.13768706664706,dolomite
MAT-CARB-215,0,78,-83.19730091496649,41.13620036104575,dolomite
MAT-CARB-215,0,79,-83.19782372457267,41.13498255736395,dolomite
MAT-CARB-215,0,80,-83.19958700931414,41.13294765545907,dolomite
MAT-CARB-215,0,81,-83.20170838982236,41.13104557486537,dolomite
MAT-CARB-215,0,82,-83.20277042511738,41.13022949326546,dolomite
MAT-CARB-215,0,83,-83.20436896390879,41.12954522048413,dolomite
MAT-CARB-215,0,84,-83.20579050045494,41.128996926700864,dolomite
MAT-CARB-215,0,85,-83.20809278190549,41.12736362093179,dolomite
MAT-CARB-215,0,86,-83.20880069491793,41.12681951936115,dolomite
MAT-CARB-215,0,87,-83.20967997717618,41.12559953761169,dolomite
MAT-CARB-215,0,88,-83.21073621274479,41.124243512443165,dolomite
MAT-CARB-215,0,89,-83.21106765522597,41.1218120143976,dolomite
MAT-CARB-215,0,90,-83.21104938404737,41.12005745461129,dolomite
MAT-CARB-215,0,91,-83.21108241691398,41.12,dolomite
MAT-CARB-215,0,92,-83.21532980428437,41.12,dolomite
MAT-CARB-215,0,93,-83.21533155202047,41.120166833432044,dolomite
MAT-CARB-215,0,94,-83.21618470641984,41.12,dolomite
MAT-CARB-215,0,95,-83.21943881566162,41.12,dolomite
MAT-CARB-215,0,96,-83.21943254748199,41.1200072391095,dolomite
MAT-CARB-215,0,97,-83.21925843427772,41.12041320994975,dolomite
MAT-CARB-215,0,98,-83.21979638103268,41.1206799070759,dolomite
MAT-CARB-215,0,99,-83.2205126766076,41.1209455531461,dolomite
MAT-CARB-215,0,100,-83.2208694378043,41.120943399877085,dolomite
MAT-CARB-215,0,101,-83.2212218857412,41.12053632233089,dolomite
MAT-CARB-215,0,102,-83.2212162210565,41.12,dolomite
MAT-CARB-215,0,103,-83.24121582079479,41.12,dolomite
MAT-CARB-215,0,104,-83.24209212178081,41.12054342356801,dolomite
MAT-CARB-221,0,0,-83.16445815166654,41.15779186577759,dolomite
MAT-CARB-221,0,1,-83.16509394958926,41.1589355657486,dolomite
MAT-CARB-221,0,2,-83.16519895795616,41.16055456076589,dolomite
MAT-CARB-221,0,3,-83.16502704912702,41.16123035572846,dolomite
MAT-CARB-221,0,4,-83.16423445865475,41.16231448271332,dolomite
MAT-CARB-221,0,5,-83.16361045577901,41.16238543927407,dolomite
MAT-CARB-221,0,6,-83.16348055105,41.15820220777794,dolomite
MAT-CARB-221,0,7,-83.16365509242912,41.15779632929332,dolomite
MAT-CARB-221,0,8,-83.16445815166654,41.15779186577759,dolomite
MAT-CARB-176,0,0,-83.16842117321016,41.23817127253448,dolomite
MAT-CARB-176,0,1,-83.1668026726524,41.23710070194091,dolomite
MAT-CARB-176,0,2,-83.1660827652665,41.23656491076008,dolomite
MAT-CARB-176,0,3,-83.16553496360349,41.23535338403049,dolomite
MAT-CARB-176,0,4,-83.16534969675006,41.23467966816659,dolomite
MAT-CARB-176,0,5,-83.1653075485811,41.230361445546976,dolomite
MAT-CARB-176,0,6,-83.16600365254395,41.22846824037278,dolomite
MAT-CARB-176,0,7,-83.16689025645871,41.227788522649696,dolomite
MAT-CARB-176,0,8,-83.16777019717397,41.226434084331075,dolomite
MAT-CARB-176,0,9,-83.16954190154016,41.22493970412376,dolomite
MAT-CARB-176,0,10,-83.17113624340938,41.22358123605693,dolomite
MAT-CARB-176,0,11,-83.17202003603863,41.22263160274551,dolomite
MAT-CARB-176,0,12,-83.17378491664114,41.22046243864369,dolomite
MAT-CARB-176,0,13,-83.17609083615717,41.21882996912078,dolomite
MAT-CARB-176,0,14,-83.17679854253757,41.21815121054625,dolomite
MAT-CARB-176,0,15,-83.17715309672383,41.21787928467763,dolomite
MAT-CARB-176,0,16,-83.17822338185336,41.21773827369181,dolomite
MAT-CARB-176,0,17,-83.17893377936588,41.217329377987795,dolomite
MAT-CARB-176,0,18,-83.18320409887373,41.21568562443643,dolomite
MAT-CARB-176,0,19,-83.18409845248644,41.21581545731806,dolomite
MAT-CARB-176,0,20,-83.18427298255905,41.215409593402775,dolomite
MAT-CARB-176,0,21,-83.18516326664596,41.215134603607446,dolomite
MAT-CARB-176,0,22,-83.18623488654093,41.21512845869049,dolomite
MAT-CARB-176,0,23,-83.18819537577139,41.214712326252254,dolomite
MAT-CARB-176,0,24,-83.18926289624815,41.21430131191143,dolomite
MAT-CARB-176,0,25,-83.18961324982926,41.21362450608798,dolomite
MAT-CARB-176,0,26,-83.18958458963944,41.210790633053584,dolomite
MAT-CARB-176,0,27,-83.18993628758501,41.21024879066438,dolomite
MAT-CARB-176,0,28,-83.19010943933424,41.20970797762245,dolomite
MAT-CARB-176,0,29,-83.19223873533524,41.208346119777936,dolomite
MAT-CARB-176,0,30,-83.19384463110725,41.20820186480759,dolomite
MAT-CARB-176,0,31,-83.19526912296232,41.20778872204763,dolomite
MAT-CARB-176,0,32,-83.19580349787545,41.2076506666199,dolomite
MAT-CARB-176,0,33,-83.19704529405062,41.20683369711017,dolomite
MAT-CARB-176,0,34,-83.19828978795888,41.20628661985473,dolomite
MAT-CARB-176,0,35,-83.20114146824977,41.20573011521121,dolomite
MAT-CARB-176,0,36,-83.20292720413103,41.20571962991846,dolomite
MAT-CARB-176,0,37,-83.20364289794536,41.20585036726389,dolomite
MAT-CARB-176,0,38,-83.20525425692463,41.20624574225255,dolomite
MAT-CARB-176,0,39,-83.20561841015083,41.206918356701365,dolomite
MAT-CARB-176,0,40,-83.20652247881324,41.207992676448825,dolomite
MAT-CARB-176,0,41,-83.20796654016327,41.20946863321614,dolomite
MAT-CARB-176,0,42,-83.2090450484738,41.21013700413001,dolomite
MAT-CARB-176,0,43,-83.21084355960662,41.21134092870317,dolomite
MAT-CARB-176,0,44,-83.21174780526826,41.21241517779641,dolomite
MAT-CARB-176,0,45,-83.21264922242844,41.21321954318645,dolomite
MAT-CARB-176,0,46,-83.21354783632428,41.21375399776847,dolomite
MAT-CARB-176,0,47,-83.21533944335157,41.21428310675098,dolomite
MAT-CARB-176,0,48,-83.21641671859079,41.21481647065401,dolomite
MAT-CARB-176,0,49,-83.21803689027205,41.216021352704736,dolomite
MAT-CARB-176,0,50,-83.21840118547196,41.216693923592636,dolomite
MAT-CARB-176,0,51,-83.21931412711642,41.21857779171601,dolomite
MAT-CARB-176,0,52,-83.22003996365542,41.21965307416514,dolomite
MAT-CARB-176,0,53,-83.22075868955643,41.22005358246501,dolomite
MAT-CARB-176,0,54,-83.22147456830439,41.22018423912388,dolomite
MAT-CARB-176,0,55,-83.22344361554235,41.22057720903147,dolomite
MAT-CARB-176,0,56,-83.22469675460012,41.22083951361581,dolomite
MAT-CARB-176,0,57,-83.22523547865505,41.22110616708162,dolomite
MAT-CARB-176,0,58,-83.22541982825243,41.22164485991532,dolomite
MAT-CARB-176,0,59,-83.2259873010758,41.22461038652338,dolomite
MAT-CARB-176,0,60,-83.22689048624524,41.22554957405265,dolomite
MAT-CARB-176,0,61,-83.22725779901994,41.22649201395026,dolomite
MAT-CARB-176,0,62,-83.22744365568549,41.227165665298244,dolomite
MAT-CARB-176,0,63,-83.22691494762363,41.22784363367415,dolomite
MAT-CARB-176,0,64,-83.22602466636576,41.22811895912223,dolomite
MAT-CARB-176,0,65,-83.22513294227352,41.22825931398194,dolomite
MAT-CARB-176,0,66,-83.22477996019153,41.22866631642393,dolomite
MAT-CARB-176,0,67,-83.22442557597347,41.228938353635414,dolomite
MAT-CARB-176,0,68,-83.22461137498449,41.22961200838226,dolomite
MAT-CARB-176,0,69,-83.22516452306675,41.23122807786761,dolomite
MAT-CARB-176,0,70,-83.22518318587021,41.232982356825794,dolomite
MAT-CARB-176,0,71,-83.22537618340132,41.23433071531967,dolomite
MAT-CARB-176,0,72,-83.2250260418782,41.23500758828241,dolomite
MAT-CARB-176,0,73,-83.22431430282998,41.235281816601486,dolomite
MAT-CARB-176,0,74,-83.22395701601091,41.2352839795425,dolomite
MAT-CARB-176,0,75,-83.22341961729572,41.23515228636947,dolomite
MAT-CARB-176,0,76,-83.22270214694254,41.2348867069644,dolomite
MAT-CARB-176,0,77,-83.22180604046804,41.23462220132886,dolomite
MAT-CARB-176,0,78,-83.2202010438566,41.23490179209489,dolomite
MAT-CARB-176,0,79,-83.21966792970296,41.235174917061286,dolomite
MAT-CARB-176,0,80,-83.21878179220468,41.23585499451253,dolomite
MAT-CARB-176,0,81,-83.2173625008585,41.236808179414965,dolomite
MAT-CARB-176,0,82,-83.21611334945577,41.236950608297796,dolomite
MAT-CARB-176,0,83,-83.21343207249235,41.23683168572269,dolomite
MAT-CARB-176,0,84,-83.21057500727176,41.2369836357532,dolomite
MAT-CARB-176,0,85,-83.20968454064743,41.23725883770201,dolomite
MAT-CARB-176,0,86,-83.20843813387438,41.23767108550328,dolomite
MAT-CARB-176,0,87,-83.20754764935698,41.2379462439728,dolomite
MAT-CARB-176,0,88,-83.20647567267532,41.237952579771864,dolomite
MAT-CARB-176,0,89,-83.20307977143754,41.23783764348913,dolomite
MAT-CARB-176,0,90,-83.19826843181639,41.239080402381866,dolomite
MAT-CARB-176,0,91,-83.19505664588814,41.23950393824242,dolomite
MAT-CARB-176,0,92,-83.19274088023155,41.24019214419482,dolomite
MAT-CARB-176,0,93,-83.1904195996929,41.24034050751057,dolomite
MAT-CARB-176,0,94,-83.18559831420175,41.240638150652394,dolomite
MAT-CARB-176,0,95,-83.18095167319983,41.24052972006771,dolomite
MAT-CARB-176,0,96,-83.17827031700656,41.24041000968962,dolomite
MAT-CARB-176,0,97,-83.17271968883601,41.239226806789944,dolomite
MAT-CARB-176,0,98,-83.17003441833691,41.23870204877606,dolomite
MAT-CARB-176,0,99,-83.16842117321016,41.23817127253448,dolomite
MAT-CARB-161,0,0,-83.18868220019147,41.26821537382952,dolomite
MAT-CARB-161,0,1,-83.18871270820667,41.269024897231894,dolomite
MAT-CARB-161,0,2,-83.1882498221483,41.269651677525886,dolomite
MAT-CARB-161,0,3,-83.18747618291623,41.2704826930016,dolomite
MAT-CARB-161,0,4,-83.1867657923458,41.27094220580915,dolomite
MAT-CARB-161,0,5,-83.18562951182223,41.271269241790975,dolomite
MAT-CARB-161,0,6,-83.18489270636162,41.27132404594473,dolomite
MAT-CARB-161,0,7,-83.1840434925621,41.27131203160803,dolomite
MAT-CARB-161,0,8,-83.18305481326556,41.270761018356545,dolomite
MAT-CARB-161,0,9,-83.18306787167587,41.26983317681078,dolomite
MAT-CARB-161,0,10,-83.18428754144082,41.268915312675134,dolomite
MAT-CARB-161,0,11,-83.18562301307294,41.26840162142731,dolomite
MAT-CARB-161,0,12,-83.18668999390604,41.267855713782,dolomite
MAT-CARB-161,0,13,-83.18820892546941,41.26781324668872,dolomite
MAT-CARB-161,0,14,-83.18868220019147,41.26821537382952,dolomite
MAT-CARB-141,0,0,-83.11658727635609,41.320224646200884,dolomite
MAT-CARB-141,0,1,-83.11676706130612,41.320324942068105,dolomite
MAT-CARB-141,0,2,-83.11717287866531,41.32069391488167,dolomite
MAT-CARB-141,0,3,-83.11717685476646,41.32113246590599,dolomite
MAT-CARB-141,0,4,-83.11664696683816,41.32187737581001,dolomite
MAT-CARB-141,0,5,-83.11607017515882,41.32238636844431,dolomite
MAT-CARB-141,0,6,-83.11566954026281,41.322590843647546,dolomite
MAT-CARB-141,0,7,-83.1153117556242,41.32259268214537,dolomite
MAT-CARB-141,0,8,-83.11468539146996,41.322562157740954,dolomite
MAT-CARB-141,0,9,-83.11401183883515,41.32226200328381,dolomite
MAT-CARB-141,0,10,-83.113916621553,41.32162150499541,dolomite
MAT-CARB-141,0,11,-83.11404681950711,41.321182293783394,dolomite
MAT-CARB-141,0,12,-83.1146251390024,41.32084197761372,dolomite
MAT-CARB-141,0,13,-83.1153816749628,41.32043326202722,dolomite
MAT-CARB-141,0,14,-83.11605063627488,41.320227407570215,dolomite
MAT-CARB-141,0,15,-83.11658727635609,41.320224646200884,dolomite
MAT-CARB-97,0,0,-83.16389912378433,41.347293774538,dolomite
MAT-CARB-97,0,1,-83.16247411238828,41.34797637742824,dolomite
MAT-CARB-97,0,2,-83.16087013012049,41.34865992261549,dolomite
MAT-CARB-97,0,3,-83.15820416360123,41.350563753491,dolomite
MAT-CARB-97,0,4,-83.15607360317023,41.352329659689374,dolomite
MAT-CARB-97,0,5,-83.15429698850487,41.353688771150004,dolomite
MAT-CARB-97,0,6,-83.15251771455509,41.354777978807995,dolomite
MAT-CARB-97,0,7,-83.15144906013727,41.35532354554332,dolomite
MAT-CARB-97,0,8,-83.15002375566628,41.35600599609097,dolomite
MAT-CARB-97,0,9,-83.14769971556846,41.35628844163215,dolomite
MAT-CARB-97,0,10,-83.14591001980254,41.35629810095482,dolomite
MAT-CARB-97,0,11,-83.14411521373945,41.35576800905248,dolomite
MAT-CARB-97,0,12,-83.14285986437625,41.35550488738863,dolomite
MAT-CARB-97,0,13,-83.14106256013766,41.354704873196816,dolomite
MAT-CARB-97,0,14,-83.14070206590038,41.35443691114976,dolomite
MAT-CARB-97,0,15,-83.139262726076,41.35363495519973,dolomite
MAT-CARB-97,0,16,-83.13836664662745,41.353504800626354,dolomite
MAT-CARB-97,0,17,-83.13746677792014,41.352969837990614,dolomite
MAT-CARB-97,0,18,-83.13692482793611,41.35243296662496,dolomite
MAT-CARB-97,0,19,-83.13620397202676,41.351897042589634,dolomite
MAT-CARB-97,0,20,-83.13476473894825,41.35109503102639,dolomite
MAT-CARB-97,0,21,-83.13421905200853,41.350153344315,dolomite
MAT-CARB-97,0,22,-83.13330544542677,41.34813409035608,dolomite
MAT-CARB-97,0,23,-83.13291489439925,41.34462770161153,dolomite
MAT-CARB-97,0,24,-83.13325898162931,41.34314154600988,dolomite
MAT-CARB-97,0,25,-83.13378700458897,41.34219417225226,dolomite
MAT-CARB-97,0,26,-83.13519829174525,41.340027639747404,dolomite
MAT-CARB-97,0,27,-83.1366246726934,41.33948031056306,dolomite
MAT-CARB-97,0,28,-83.13715514714944,41.3388027990422,dolomite
MAT-CARB-97,0,29,-83.13768687533994,41.338260211027126,dolomite
MAT-CARB-97,0,30,-83.13786199614512,41.33785445250424,dolomite
MAT-CARB-97,0,31,-83.13768181792723,41.33772047866973,dolomite
MAT-CARB-97,0,32,-83.13749781177594,41.33718167099267,dolomite
MAT-CARB-97,0,33,-83.13603988629282,41.33432455179245,dolomite
MAT-CARB-97,0,34,-83.13531163520159,41.33297899978923,dolomite
MAT-CARB-97,0,35,-83.13332352320246,41.330830480088366,dolomite
MAT-CARB-97,0,36,-83.13278307300459,41.33042850763787,dolomite
MAT-CARB-97,0,37,-83.13135184418772,41.330436059258304,dolomite
MAT-CARB-97,0,38,-83.13010325722969,41.3308474616152,dolomite
MAT-CARB-97,0,39,-83.12956906647594,41.33112013742505,dolomite
MAT-CARB-97,0,40,-83.12885344465752,41.33112389617137,dolomite
MAT-CARB-97,0,41,-83.12795640022671,41.33085873460511,dolomite
MAT-CARB-97,0,42,-83.12723833030846,41.33059260189724,dolomite
MAT-CARB-97,0,43,-83.12687553277259,41.330054738923984,dolomite
MAT-CARB-97,0,44,-83.12686931900858,41.32938007544523,dolomite
MAT-CARB-97,0,45,-83.12758119004604,41.32897151933912,dolomite
MAT-CARB-97,0,46,-83.12882975783567,41.32856014267222,dolomite
MAT-CARB-97,0,47,-83.130259661702,41.32841769406151,dolomite
MAT-CARB-97,0,48,-83.13169084819955,41.32841015547817,dolomite
MAT-CARB-97,0,49,-83.13276049275328,41.32799968087418,dolomite
MAT-CARB-97,0,50,-83.13436804292861,41.32772128311701,dolomite
MAT-CARB-97,0,51,-83.13508236972707,41.32758256407898,dolomite
MAT-CARB-97,0,52,-83.13669116293197,41.327439089855176,dolomite
MAT-CARB-97,0,53,-83.13777463335951,41.32851285306547,dolomite
MAT-CARB-97,0,54,-83.13867671358202,41.32931770526945,dolomite
MAT-CARB-97,0,55,-83.13939738621536,41.32985362363722,dolomite
MAT-CARB-97,0,56,-83.14047716482135,41.33052255185499,dolomite
MAT-CARB-97,0,57,-83.1415543845919,41.33092161635684,dolomite
MAT-CARB-97,0,58,-83.1445957556131,41.33090528975786,dolomite
MAT-CARB-97,0,59,-83.14584293930288,41.33035880963551,dolomite
MAT-CARB-97,0,60,-83.14709142214043,41.329947243081094,dolomite
MAT-CARB-97,0,61,-83.14976465719394,41.32885324625367,dolomite
MAT-CARB-97,0,62,-83.15154588066545,41.32803391181302,dolomite
MAT-CARB-97,0,63,-83.1526140694637,41.3274883328455,dolomite
MAT-CARB-97,0,64,-83.15332576616015,41.32707962317077,dolomite
MAT-CARB-97,0,65,-83.15367968568161,41.326672862036155,dolomite
MAT-CARB-97,0,66,-83.15366154413346,41.324783769531976,dolomite
MAT-CARB-97,0,67,-83.15436672048128,41.32370038779925,dolomite
MAT-CARB-97,0,68,-83.15435893750166,41.32289076741384,dolomite
MAT-CARB-97,0,69,-83.15417483969854,41.32235200660902,dolomite
MAT-CARB-97,0,70,-83.15452872956676,41.32194524148178,dolomite
MAT-CARB-97,0,71,-83.15612174105816,41.32018226205354,dolomite
MAT-CARB-97,0,72,-83.15629150188342,41.31923673164923,dolomite
MAT-CARB-97,0,73,-83.156458655725,41.31802134411735,dolomite
MAT-CARB-97,0,74,-83.15966261743796,41.31638440627017,dolomite
MAT-CARB-97,0,75,-83.16037284688726,41.31584072293147,dolomite
MAT-CARB-97,0,76,-83.16107651358148,41.31462236582066,dolomite
MAT-CARB-97,0,77,-83.16142507817054,41.31367583652535,dolomite
MAT-CARB-97,0,78,-83.16088325180172,41.313139029763704,dolomite
MAT-CARB-97,0,79,-83.15998635602621,41.31287410418207,dolomite
MAT-CARB-97,0,80,-83.15909338597191,41.31301395770498,dolomite
MAT-CARB-97,0,81,-83.15802283153363,41.31328974358811,dolomite
MAT-CARB-97,0,82,-83.15749149683957,41.31383243210749,dolomite
MAT-CARB-97,0,83,-83.15678386900338,41.31464598357703,dolomite
MAT-CARB-97,0,84,-83.15624857522687,41.31478385351184,dolomite
MAT-CARB-97,0,85,-83.155888268993,41.314515928662736,dolomite
MAT-CARB-97,0,86,-83.15588566914057,41.31424607166825,dolomite
MAT-CARB-97,0,87,-83.15623036556639,41.312894744097655,dolomite
MAT-CARB-97,0,88,-83.15617887384666,41.31258793004545,dolomite
MAT-CARB-97,0,89,-83.15653396603874,41.31231611228211,dolomite
MAT-CARB-97,0,90,-83.15681606781634,41.31128579926162,dolomite
MAT-CARB-97,0,91,-83.15692886765528,41.31113663853156,dolomite
MAT-CARB-97,0,92,-83.15656593925651,41.31059885744247,dolomite
MAT-CARB-97,0,93,-83.15620565392098,41.31033093268702,dolomite
MAT-CARB-97,0,94,-83.15566909347959,41.310333871582465,dolomite
MAT-CARB-97,0,95,-83.15513776335627,41.31087657832114,dolomite
MAT-CARB-97,0,96,-83.15461157775054,41.31195899783557,dolomite
MAT-CARB-97,0,97,-83.15356955614335,41.31520333726574,dolomite
MAT-CARB-97,0,98,-83.15145289454523,41.31831854636747,dolomite
MAT-CARB-97,0,99,-83.15021238443991,41.31953978532153,dolomite
MAT-CARB-97,0,100,-83.14932831659306,41.32062411589309,dolomite
MAT-CARB-97,0,101,-83.14915845559023,41.321569635414825,dolomite
MAT-CARB-97,0,102,-83.14934762416041,41.322648170259626,dolomite
MAT-CARB-97,0,103,-83.1493579218247,41.32372764634226,dolomite
MAT-CARB-97,0,104,-83.14973245530088,41.32547987339059,dolomite
MAT-CARB-97,0,105,-83.14920220986829,41.326157447581515,dolomite
MAT-CARB-97,0,106,-83.14885083869356,41.32683405023389,dolomite
MAT-CARB-97,0,107,-83.14796023179744,41.327243701172755,dolomite
MAT-CARB-97,0,108,-83.14670799397678,41.327250468305124,dolomite
MAT-CARB-97,0,109,-83.14617258093134,41.327388319295885,dolomite
MAT-CARB-97,0,110,-83.14375082106093,41.32719853216974,dolomite
MAT-CARB-97,0,111,-83.1418765447214,41.32714152077725,dolomite
MAT-CARB-97,0,112,-83.14097826756766,41.326741500925834,dolomite
MAT-CARB-97,0,113,-83.13820292562004,41.325870483172466,dolomite
MAT-CARB-97,0,114,-83.1376658896436,41.3257386284662,dolomite
MAT-CARB-97,0,115,-83.13550752012998,41.32507641523786,dolomite
MAT-CARB-97,0,116,-83.13372855118338,41.324883726915616,dolomite
MAT-CARB-97,0,117,-83.1321086464467,41.32509439965604,dolomite
MAT-CARB-97,0,118,-83.13025839804986,41.32624940272844,dolomite
MAT-CARB-97,0,119,-83.1290125357496,41.326727521180125,dolomite
MAT-CARB-97,0,120,-83.12776482835385,41.32700352311069,dolomite
MAT-CARB-97,0,121,-83.12631398206514,41.32735883537303,dolomite
MAT-CARB-97,0,122,-83.12559839961217,41.32736257468564,dolomite
MAT-CARB-97,0,123,-83.1252331898392,41.32655485012798,dolomite
MAT-CARB-97,0,124,-83.12415366013389,41.32588575484702,dolomite
MAT-CARB-97,0,125,-83.12289399960662,41.325082652298654,dolomite
MAT-CARB-97,0,126,-83.12090774094531,41.3230688414047,dolomite
MAT-CARB-97,0,127,-83.12054383988921,41.322396027915595,dolomite
MAT-CARB-97,0,128,-83.12052415887116,41.32023704035996,dolomite
MAT-CARB-97,0,129,-83.12067472935593,41.31713256782833,dolomite
MAT-CARB-97,0,130,-83.12101648314274,41.315376558286516,dolomite
MAT-CARB-97,0,131,-83.1217146878051,41.31348373264159,dolomite
MAT-CARB-97,0,132,-83.12295432768899,41.3121278543296,dolomite
MAT-CARB-97,0,133,-83.12384365090735,41.31158345543375,dolomite
MAT-CARB-97,0,134,-83.12527324478279,41.31144103686009,dolomite
MAT-CARB-97,0,135,-83.1258122960193,41.31170811979613,dolomite
MAT-CARB-97,0,136,-83.12885405878043,41.31182712168633,dolomite
MAT-CARB-97,0,137,-83.12957197347407,41.31209324836778,dolomite
MAT-CARB-97,0,138,-83.13100156632198,41.31195078890072,dolomite
MAT-CARB-97,0,139,-83.1322535242809,41.31194418588153,dolomite
MAT-CARB-97,0,140,-83.13332416190373,41.31166863007388,dolomite
MAT-CARB-97,0,141,-83.13635328722224,41.31043806863171,dolomite
MAT-CARB-97,0,142,-83.13848937541601,41.309347156934834,dolomite
MAT-CARB-97,0,143,-83.14168700236056,41.30703601460143,dolomite
MAT-CARB-97,0,144,-83.14630869502096,41.3040423937433,dolomite
MAT-CARB-97,0,145,-83.14949683414123,41.30078646872607,dolomite
MAT-CARB-97,0,146,-83.15073697907282,41.29956521981507,dolomite
MAT-CARB-97,0,147,-83.15195902938827,41.296454850307484,dolomite
MAT-CARB-97,0,148,-83.15300731019877,41.29388515916487,dolomite
MAT-CARB-97,0,149,-83.15458154711652,41.29023304709082,dolomite
MAT-CARB-97,0,150,-83.15527985935117,41.288474920691996,dolomite
MAT-CARB-97,0,151,-83.15722315305395,41.286035239137675,dolomite
MAT-CARB-97,0,152,-83.15899141653809,41.28400130083821,dolomite
MAT-CARB-97,0,153,-83.16076481083246,41.282507115164826,dolomite
MAT-CARB-97,0,154,-83.16147598862055,41.28209834299172,dolomite
MAT-CARB-97,0,155,-83.16254603910404,41.28182254710758,dolomite
MAT-CARB-97,0,156,-83.166476439688,41.281530822524125,dolomite
MAT-CARB-97,0,157,-83.16683132887793,41.281258967787984,dolomite
MAT-CARB-97,0,158,-83.16788807642902,41.27963369559149,dolomite
MAT-CARB-97,0,159,-83.1685806387934,41.27733572144771,dolomite
MAT-CARB-97,0,160,-83.1690983822321,41.275443563241325,dolomite
MAT-CARB-97,0,161,-83.16908910435895,41.27449898153393,dolomite
MAT-CARB-97,0,162,-83.16799409054205,41.27221098126126,dolomite
MAT-CARB-97,0,163,-83.16762467010196,41.27099852637391,dolomite
MAT-CARB-97,0,164,-83.16743271170455,41.26965011201122,dolomite
MAT-CARB-97,0,165,-83.16796101275423,41.268837467439276,dolomite
MAT-CARB-97,0,166,-83.16830788744623,41.26775595217553,dolomite
MAT-CARB-97,0,167,-83.16990192908621,41.26626261072474,dolomite
MAT-CARB-97,0,168,-83.17114909196944,41.26585077330023,dolomite
MAT-CARB-97,0,169,-83.17417419791553,41.26448427876039,dolomite
MAT-CARB-97,0,170,-83.17578141869625,41.26434027262242,dolomite
MAT-CARB-97,0,171,-83.17774607254529,41.26419422107979,dolomite
MAT-CARB-97,0,172,-83.17810086254501,41.26392230173656,dolomite
MAT-CARB-97,0,173,-83.17881308668026,41.26364835429399,dolomite
MAT-CARB-97,0,174,-83.18130445900859,41.262554612143596,dolomite
MAT-CARB-97,0,175,-83.18290891402282,41.262140615518256,dolomite
MAT-CARB-97,0,176,-83.1838038768373,41.26227044611211,dolomite
MAT-CARB-97,0,177,-83.18434141309378,41.26240234200466,dolomite
MAT-CARB-97,0,178,-83.18469748707207,41.2622653364822,dolomite
MAT-CARB-97,0,179,-83.18700864196389,41.26103756321613,dolomite
MAT-CARB-97,0,180,-83.19415883618211,41.261131240970606,dolomite
MAT-CARB-97,0,181,-83.19523251913644,41.261259949375834,dolomite
MAT-CARB-97,0,182,-83.19684375964306,41.26152048795548,dolomite
MAT-CARB-97,0,183,-83.19809896841033,41.26191802386481,dolomite
MAT-CARB-97,0,184,-83.19970884944267,41.262043562920994,dolomite
MAT-CARB-97,0,185,-83.20096682491135,41.26271096287894,dolomite
MAT-CARB-97,0,186,-83.2029369825235,41.26310423051565,dolomite
MAT-CARB-97,0,187,-83.20365606650942,41.263504856043355,dolomite
MAT-CARB-97,0,188,-83.20490991917349,41.263767386984114,dolomite
MAT-CARB-97,0,189,-83.21010706901926,41.26508615633575,dolomite
MAT-CARB-97,0,190,-83.21208440008652,41.26615399188901,dolomite
MAT-CARB-97,0,191,-83.21423906949722,41.267085794909086,dolomite
MAT-CARB-97,0,192,-83.21567746288083,41.267886903287724,dolomite
MAT-CARB-97,0,193,-83.21729604188016,41.26882185528793,dolomite
MAT-CARB-97,0,194,-83.22036030428485,41.271232523901084,dolomite
MAT-CARB-97,0,195,-83.2218031465176,41.2724383798684,dolomite
MAT-CARB-97,0,196,-83.22396678819973,41.274179622073646,dolomite
MAT-CARB-97,0,197,-83.22540831980476,41.27525050015584,dolomite
MAT-CARB-97,0,198,-83.22721460111592,41.27699384630908,dolomite
MAT-CARB-97,0,199,-83.22793974254427,41.27793407497939,dolomite
MAT-CARB-97,0,200,-83.22794551099621,41.27847385542535,dolomite
MAT-CARB-97,0,201,-83.22831312374808,41.27941625471565,dolomite
MAT-CARB-97,0,202,-83.2285049077321,41.280629602381204,dolomite
MAT-CARB-97,0,203,-83.22833765208908,41.281710193994236,dolomite
MAT-CARB-97,0,204,-83.22745676071526,41.282930090537604,dolomite
MAT-CARB-97,0,205,-83.22479522899357,41.28483549869119,dolomite
MAT-CARB-97,0,206,-83.22053299875786,41.28756017897729,dolomite
MAT-CARB-97,0,207,-83.21875651222082,41.28865042533981,dolomite
MAT-CARB-97,0,208,-83.21484717021191,41.29096792980321,dolomite
MAT-CARB-97,0,209,-83.21183157725899,41.29327999039406,dolomite
MAT-CARB-97,0,210,-83.21059542217529,41.29477173770208,dolomite
MAT-CARB-97,0,211,-83.20971966927969,41.29653123801671,dolomite
MAT-CARB-97,0,212,-83.20976748751063,41.30111908777631,dolomite
MAT-CARB-97,0,213,-83.21104463771913,41.30354054983264,dolomite
MAT-CARB-97,0,214,-83.21268377376194,41.3063646518193,dolomite
MAT-CARB-97,0,215,-83.21376810688669,41.3074377447198,dolomite
MAT-CARB-97,0,216,-83.21557494433013,41.309181251201906,dolomite
MAT-CARB-97,0,217,-83.21683682385482,41.31011831676975,dolomite
MAT-CARB-97,0,218,-83.22080148165954,41.312928353572225,dolomite
MAT-CARB-97,0,219,-83.22278753276908,41.31467063967292,dolomite
MAT-CARB-97,0,220,-83.22369186855822,41.315609787526014,dolomite
MAT-CARB-97,0,221,-83.22495681659066,41.31681664552314,dolomite
MAT-CARB-97,0,222,-83.225862685878,41.31789070256532,dolomite
MAT-CARB-97,0,223,-83.22640934526446,41.31883199522135,dolomite
MAT-CARB-97,0,224,-83.22713780402552,41.32004208037863,dolomite
MAT-CARB-97,0,225,-83.22750999279369,41.32138926034218,dolomite
MAT-CARB-97,0,226,-83.22806680567193,41.32327508537303,dolomite
MAT-CARB-97,0,227,-83.22845491500095,41.32610653315035,dolomite
MAT-CARB-97,0,228,-83.22829191459083,41.3275918932409,dolomite
MAT-CARB-97,0,229,-83.22705838000279,41.32935365088739,dolomite
MAT-CARB-97,0,230,-83.22600227331417,41.33097935577195,dolomite
MAT-CARB-97,0,231,-83.22405442027039,41.332880338449854,dolomite
MAT-CARB-97,0,232,-83.22265449489394,41.334925809006215,dolomite
MAT-CARB-97,0,233,-83.22195028946871,41.336009583036876,dolomite
MAT-CARB-97,0,234,-83.22197176123115,41.33803360096249,dolomite
MAT-CARB-97,0,235,-83.22252572785892,41.33964954962329,dolomite
MAT-CARB-97,0,236,-83.22326724720217,41.342074017910356,dolomite
MAT-CARB-97,0,237,-83.22330597095599,41.34571720286629,dolomite
MAT-CARB-97,0,238,-83.22242129556125,41.34666712623326,dolomite
MAT-CARB-97,0,239,-83.22135765710867,41.347618119729084,dolomite
MAT-CARB-97,0,240,-83.22083224089259,41.348700799135564,dolomite
MAT-CARB-97,0,241,-83.2208408177434,41.34951039877928,dolomite
MAT-CARB-97,0,242,-83.2212058555986,41.350182920434136,dolomite
MAT-CARB-97,0,243,-83.22192453550123,41.35044845805561,dolomite
MAT-CARB-97,0,244,-83.22282216778335,41.35071293946058,dolomite
MAT-CARB-97,0,245,-83.22461174146183,41.350702131299215,dolomite
MAT-CARB-97,0,246,-83.22532468657839,41.35042792531872,dolomite
MAT-CARB-97,0,247,-83.2267519645897,41.350014452078454,dolomite
MAT-CARB-97,0,248,-83.22853140609503,41.34905906240936,dolomite
MAT-CARB-97,0,249,-83.22995722485234,41.348510626235694,dolomite
MAT-CARB-97,0,250,-83.23174089882457,41.347959987927496,dolomite
MAT-CARB-97,0,251,-83.23550025895317,41.34807190453265,dolomite
MAT-CARB-97,0,252,-83.23747158898647,41.348329681566945,dolomite
MAT-CARB-97,0,253,-83.23926696155773,41.34885837789264,dolomite
MAT-CARB-97,0,254,-83.24178401674871,41.349922341058935,dolomite
MAT-CARB-97,0,255,-83.2432259592402,41.35085799114746,dolomite
MAT-CARB-97,0,256,-83.24449190900336,41.35206460985261,dolomite
MAT-CARB-97,0,257,-83.24576681378758,41.35408078133403,dolomite
MAT-CARB-97,0,258,-83.24687168501394,41.356907644818484,dolomite
MAT-CARB-97,0,259,-83.24759943273001,41.35798264687378,dolomite
MAT-CARB-97,0,260,-83.24849874831597,41.35838182978437,dolomite
MAT-CARB-97,0,261,-83.25011993111107,41.3593162728513,dolomite
MAT-CARB-97,0,262,-83.25084477735903,41.360121380545934,dolomite
MAT-CARB-97,0,263,-83.25139662912586,41.36146732291353,dolomite
MAT-CARB-97,0,264,-83.25160989094198,41.3645696053531,dolomite
MAT-CARB-97,0,265,-83.25200070735183,41.36753580756934,dolomite
MAT-CARB-97,0,266,-83.25292257780148,41.369958916278804,dolomite
MAT-CARB-97,0,267,-83.25474854858422,41.373185963258635,dolomite
MAT-CARB-97,0,268,-83.25839653249619,41.37923516012339,dolomite
MAT-CARB-97,0,269,-83.25844317829944,41.3834179350495,dolomite
MAT-CARB-97,0,270,-83.25755700035701,41.384233169710186,dolomite
MAT-CARB-97,0,271,-83.25595461930493,41.38505288767608,dolomite
MAT-CARB-97,0,272,-83.25452674712835,41.38546669755646,dolomite
MAT-CARB-97,0,273,-83.25220512085325,41.38602103000275,dolomite
MAT-CARB-97,0,274,-83.25006249713277,41.386574197324386,dolomite
MAT-CARB-97,0,275,-83.24755878837348,41.386859719717876,dolomite
MAT-CARB-97,0,276,-83.24523705775077,41.38741391662791,dolomite
MAT-CARB-97,0,277,-83.2407681194094,41.388116309590814,dolomite
MAT-CARB-97,0,278,-83.23987579580414,41.388391676876154,dolomite
MAT-CARB-97,0,279,-83.2382628497888,41.38826669036088,dolomite
MAT-CARB-97,0,280,-83.23701238605821,41.38854424087061,dolomite
MAT-CARB-97,0,281,-83.23504718457801,41.38896111812539,dolomite
MAT-CARB-97,0,282,-83.23344005510774,41.38937577309492,dolomite
MAT-CARB-97,0,283,-83.23165527214854,41.38992641899162,dolomite
MAT-CARB-97,0,284,-83.2298676003739,41.39020719856013,dolomite
MAT-CARB-97,0,285,-83.22807846892653,41.39035300432248,dolomite
MAT-CARB-97,0,286,-83.22556585399401,41.38982849387388,dolomite
MAT-CARB-97,0,287,-83.2225190008519,41.38957700820118,dolomite
MAT-CARB-97,0,288,-83.2192959767343,41.38959638647181,dolomite
MAT-CARB-97,0,289,-83.21695709499227,41.38949370721379,dolomite
MAT-CARB-97,0,290,-83.21391453845901,41.38964678996102,dolomite
MAT-CARB-97,0,291,-83.20890938374176,41.39048611109524,dolomite
MAT-CARB-97,0,292,-83.2073006188083,41.39076546813071,dolomite
MAT-CARB-97,0,293,-83.2037236188159,41.391191326661094,dolomite
MAT-CARB-97,0,294,-83.20122232853504,41.39174572004713,dolomite
MAT-CARB-97,0,295,-83.19710108191775,41.39149989467979,dolomite
MAT-CARB-97,0,296,-83.19602395777943,41.39123626860013,dolomite
MAT-CARB-97,0,297,-83.195302188501,41.39070071673582,dolomite
MAT-CARB-97,0,298,-83.19422095167906,41.390032314086156,dolomite
MAT-CARB-97,0,299,-83.1936782580875,41.38949568770163,dolomite
MAT-CARB-97,0,300,-83.19313282284043,41.38868924557206,dolomite
MAT-CARB-97,0,301,-83.19186573005052,41.38734719883564,dolomite
MAT-CARB-97,0,302,-83.19095950897996,41.38627294275799,dolomite
MAT-CARB-97,0,303,-83.1898756111029,41.385334630108105,dolomite
MAT-CARB-97,0,304,-83.18879041273422,41.38426135855173,dolomite
MAT-CARB-97,0,305,-83.18681137623761,41.38332815641587,dolomite
MAT-CARB-97,0,306,-83.1859120927848,41.382928491114384,dolomite
MAT-CARB-97,0,307,-83.18429937581121,41.38280277815471,dolomite
MAT-CARB-97,0,308,-83.18250221719002,41.38213835118054,dolomite
MAT-CARB-97,0,309,-83.18088547254547,41.38160780145019,dolomite
MAT-CARB-97,0,310,-83.17926201471147,41.38040256851653,dolomite
MAT-CARB-97,0,311,-83.17745283587371,41.378523689591574,dolomite
MAT-CARB-97,0,312,-83.176366600465,41.37731537817969,dolomite
MAT-CARB-97,0,313,-83.1750986747855,41.375838220609545,dolomite
MAT-CARB-97,0,314,-83.17490225570769,41.37408513382744,dolomite
MAT-CARB-97,0,315,-83.17417682247299,41.37314465383067,dolomite
MAT-CARB-97,0,316,-83.17345274544482,41.37233911840652,dolomite
MAT-CARB-97,0,317,-83.17200730852353,41.37099785026843,dolomite
MAT-CARB-97,0,318,-83.17127529013287,41.36938268298769,dolomite
MAT-CARB-97,0,319,-83.17108963782184,41.36870904485822,dolomite
MAT-CARB-97,0,320,-83.17108564421925,41.36830424946278,dolomite
MAT-CARB-97,0,321,-83.17196998488728,41.36721979855099,dolomite
MAT-CARB-97,0,322,-83.1728556683396,41.36627026286709,dolomite
MAT-CARB-97,0,323,-83.17374797255336,41.3659953622034,dolomite
MAT-CARB-97,0,324,-83.17552719992085,41.36490584893474,dolomite
MAT-CARB-97,0,325,-83.17713679031179,41.36476183572639,dolomite
MAT-CARB-97,0,326,-83.17857008190397,41.364888660276506,dolomite
MAT-CARB-97,0,327,-83.18054033309029,41.36501242008779,dolomite
MAT-CARB-97,0,328,-83.18232893613153,41.36486732056262,dolomite
MAT-CARB-97,0,329,-83.18411342424349,41.364317398314526,dolomite
MAT-CARB-97,0,330,-83.18571890211528,41.36376847339252,dolomite
MAT-CARB-97,0,331,-83.18802802785464,41.36200102871052,dolomite
MAT-CARB-97,0,332,-83.1881988144861,41.36119040710474,dolomite
MAT-CARB-97,0,333,-83.18817970525974,41.359301370666685,dolomite
MAT-CARB-97,0,334,-83.18780676024441,41.35781918448205,dolomite
MAT-CARB-97,0,335,-83.18726573745502,41.3574174665434,dolomite
MAT-CARB-97,0,336,-83.18742561488435,41.35552739796179,dolomite
MAT-CARB-97,0,337,-83.1877794784983,41.35512054509985,dolomite
MAT-CARB-97,0,338,-83.1877644745436,41.353636299239874,dolomite
MAT-CARB-97,0,339,-83.1884721374144,41.35282258934807,dolomite
MAT-CARB-97,0,340,-83.18970295697741,41.35065648857511,dolomite
MAT-CARB-97,0,341,-83.19076301212579,41.349300977409435,dolomite
MAT-CARB-97,0,342,-83.19145962457839,41.34740779543389,dolomite
MAT-CARB-97,0,343,-83.19198271723218,41.346055367016355,dolomite
MAT-CARB-97,0,344,-83.19249758635607,41.343893330018226,dolomite
MAT-CARB-97,0,345,-83.1921273766475,41.34268101719866,dolomite
MAT-CARB-97,0,346,-83.19140341100719,41.341875543598604,dolomite
MAT-CARB-97,0,347,-83.19068083220397,41.34120501786912,dolomite
MAT-CARB-97,0,348,-83.18978208267269,41.34080536840357,dolomite
MAT-CARB-97,0,349,-83.18870302191456,41.34027181546341,dolomite
MAT-CARB-97,0,350,-83.18690830510529,41.339742330462435,dolomite
MAT-CARB-97,0,351,-83.18547552759395,41.339615603138334,dolomite
MAT-CARB-97,0,352,-83.18422167297739,41.339487837020734,dolomite
MAT-CARB-97,0,353,-83.18368492028617,41.33949090116082,dolomite
MAT-CARB-97,0,354,-83.18332840354893,41.33962786836115,dolomite
MAT-CARB-97,0,355,-83.18171942073155,41.339771967546916,dolomite
MAT-CARB-97,0,356,-83.17957636988484,41.340188969378005,dolomite
MAT-CARB-97,0,357,-83.17779244169425,41.34073886207194,dolomite
MAT-CARB-97,0,358,-83.17618878390043,41.3414226161474,dolomite
MAT-CARB-97,0,359,-83.17476669451176,41.34237521907059,dolomite
MAT-CARB-97,0,360,-83.1736984496675,41.3429209892618,dolomite
MAT-CARB-97,0,361,-83.17192243268883,41.34428037195896,dolomite
MAT-CARB-97,0,362,-83.16996471726759,41.34537085010132,dolomite
MAT-CARB-97,0,363,-83.16836484802208,41.346459326899954,dolomite
MAT-CARB-97,0,364,-83.16711486785104,41.34673615745381,dolomite
MAT-CARB-97,0,365,-83.16389912378433,41.347293774538,dolomite
MAT-CARB-109,0,0,-83.14159890409083,41.36346304034941,dolomite
MAT-CARB-109,0,1,-83.14276550588028,41.363794156614375,dolomite
MAT-CARB-109,0,2,-83.14528028649217,41.364725183193485,dolomite
MAT-CARB-109,0,3,-83.14627242900613,41.36552947366346,dolomite
MAT-CARB-109,0,4,-83.14655248734039,41.36674238895671,dolomite
MAT-CARB-109,0,5,-83.14638243592718,41.367687843388296,dolomite
MAT-CARB-109,0,6,-83.14567991476864,41.369108461745476,dolomite
MAT-CARB-109,0,7,-83.14426001436338,41.370398002525455,dolomite
MAT-CARB-109,0,8,-83.14310094633376,41.370876493889966,dolomite
MAT-CARB-109,0,9,-83.14175967765064,41.37101863934281,dolomite
MAT-CARB-109,0,10,-83.139699188259,41.3708272452342,dolomite
MAT-CARB-109,0,11,-83.13736321999818,41.369895127132544,dolomite
MAT-CARB-109,0,12,-83.13600744985966,41.36848549851169,dolomite
MAT-CARB-109,0,13,-83.13554735685051,41.36713858608697,dolomite
MAT-CARB-109,0,14,-83.13544336627908,41.36558737443776,dolomite
MAT-CARB-109,0,15,-83.13597212745314,41.36470748328889,dolomite
MAT-CARB-109,0,16,-83.13659419030807,41.36423188423178,dolomite
MAT-CARB-109,0,17,-83.13801913283785,41.36348214994071,dolomite
MAT-CARB-109,0,18,-83.14159890409083,41.36346304034941,dolomite
MAT-CARB-101,0,0,-83.13631392642692,41.38211236034184,dolomite
MAT-CARB-101,0,1,-83.13730305524572,41.38257936910497,dolomite
MAT-CARB-101,0,2,-83.13811633017603,41.3833846673283,dolomite
MAT-CARB-101,0,3,-83.13831056089877,41.385002825268806,dolomite
MAT-CARB-101,0,4,-83.13733656425536,41.38615496276131,dolomite
MAT-CARB-101,0,5,-83.13671244719286,41.386428134455684,dolomite
MAT-CARB-101,0,6,-83.13492573610235,41.38684242024864,dolomite
MAT-CARB-101,0,7,-83.13420889893811,41.38677873655917,dolomite
MAT-CARB-101,0,8,-83.1334000284562,41.38644567926297,dolomite
MAT-CARB-101,0,9,-83.13249537071435,41.38543845510737,dolomite
MAT-CARB-101,0,10,-83.13247968451246,41.38375186952086,dolomite
MAT-CARB-101,0,11,-83.13292165680865,41.38314231949187,dolomite
MAT-CARB-101,0,12,-83.13416674674983,41.382258665569154,dolomite
MAT-CARB-101,0,13,-83.13488164677415,41.382119953640235,dolomite
MAT-CARB-101,0,14,-83.13631392642692,41.38211236034184,dolomite
MAT-CARB-88,0,0,-83.1776430573848,41.40889808790026,dolomite
MAT-CARB-88,0,1,-83.1742787938004,41.40830986843594,dolomite
MAT-CARB-88,0,2,-83.17180540804915,41.40724428587302,dolomite
MAT-CARB-88,0,3,-83.17005353274115,41.406680616265355,dolomite
MAT-CARB-88,0,4,-83.16869830565219,41.40547379054453,dolomite
MAT-CARB-88,0,5,-83.1675637112748,41.40392839132848,dolomite
MAT-CARB-88,0,6,-83.16678571717567,41.40221230525841,dolomite
MAT-CARB-88,0,7,-83.16668357011113,41.4009310299548,dolomite
MAT-CARB-88,0,8,-83.16796473629057,41.39916977131142,dolomite
MAT-CARB-88,0,9,-83.16974259843442,41.39784424267966,dolomite
MAT-CARB-88,0,10,-83.1710800097381,41.397263291693555,dolomite
MAT-CARB-88,0,11,-83.1734417315063,41.39613686865369,dolomite
MAT-CARB-88,0,12,-83.17558189118981,41.395247762080956,dolomite
MAT-CARB-88,0,13,-83.1768317211934,41.394869643356955,dolomite
MAT-CARB-88,0,14,-83.17835312307729,41.39479356893099,dolomite
MAT-CARB-88,0,15,-83.1806769644068,41.39437559053102,dolomite
MAT-CARB-88,0,16,-83.18394533062909,41.394390731871425,dolomite
MAT-CARB-88,0,17,-83.18726320051759,41.394877760405585,dolomite
MAT-CARB-88,0,18,-83.18973565801653,41.395875588830556,dolomite
MAT-CARB-88,0,19,-83.19172124030153,41.397415884522275,dolomite
MAT-CARB-88,0,20,-83.19188437591988,41.40024854982836,dolomite
MAT-CARB-88,0,21,-83.19021152683494,41.4030580506564,dolomite
MAT-CARB-88,0,22,-83.18737232095607,41.405671808304874,dolomite
MAT-CARB-88,0,23,-83.18550539019174,41.407031810892484,dolomite
MAT-CARB-88,0,24,-83.18376762001388,41.40788508053527,dolomite
MAT-CARB-88,0,25,-83.18198202192079,41.40843497846483,dolomite
MAT-CARB-88,0,26,-83.17974890783026,41.40902109741951,dolomite
MAT-CARB-88,0,27,-83.1788533682258,41.40902616951267,dolomite
MAT-CARB-88,0,28,-83.1776430573848,41.40889808790026,dolomite
MAT-CARB-58,0,0,-83.18677128761263,41.451482621066944,dolomite
MAT-CARB-58,0,1,-83.18749120941324,41.45178207920374,dolomite
MAT-CARB-58,0,2,-83.18897522793044,41.45231325448271,dolomite
MAT-CARB-58,0,3,-83.18947525710688,41.45301875383065,dolomite
MAT-CARB-58,0,4,-83.18957414626999,41.45392895152218,dolomite
MAT-CARB-58,0,5,-83.18913324796715,41.4546398262811,dolomite
MAT-CARB-58,0,6,-83.18797647484313,41.45545601570999,dolomite
MAT-CARB-58,0,7,-83.18668525537996,41.45627298997438,dolomite
MAT-CARB-58,0,8,-83.18543544436389,41.45675237019332,dolomite
MAT-CARB-58,0,9,-83.18418625854413,41.45729918017343,dolomite
MAT-CARB-58,0,10,-83.18311085495071,41.45730530535736,dolomite
MAT-CARB-58,0,11,-83.18248318224346,41.45727516635061,dolomite
MAT-CARB-58,0,12,-83.1811308197898,41.45647326927567,dolomite
MAT-CARB-58,0,13,-83.18107079557973,41.45495571642552,dolomite
MAT-CARB-58,0,14,-83.18159969778137,41.454075686699454,dolomite
MAT-CARB-58,0,15,-83.18275313402873,41.452922260578376,dolomite
MAT-CARB-58,0,16,-83.1844462098906,41.451968141430164,dolomite
MAT-CARB-58,0,17,-83.18587518881225,41.451487745415356,dolomite
MAT-CARB-58,0,18,-83.18677128761263,41.451482621066944,dolomite
MAT-CARB-10,0,0,-83.21700866808861,41.551738307786984,dolomite
MAT-CARB-10,0,1,-83.21838128064246,41.5523121830815,dolomite
MAT-CARB-10,0,2,-83.2204823152125,41.55284742328535,dolomite
MAT-CARB-10,0,3,-83.22117137453735,41.55339110596261,dolomite
MAT-CARB-10,0,4,-83.2213717634509,41.555101829631276,dolomite
MAT-CARB-10,0,5,-83.22042940695823,41.556442786304565,dolomite
MAT-CARB-10,0,6,-83.21961383281952,41.55685851718432,dolomite
MAT-CARB-10,0,7,-83.21870424994987,41.55700092548066,dolomite
MAT-CARB-10,0,8,-83.2180669016148,41.55703896218449,dolomite
MAT-CARB-10,0,9,-83.21665011367134,41.55660231531874,dolomite
MAT-CARB-10,0,10,-83.21586634928241,41.55571678217216,dolomite
MAT-CARB-10,0,11,-83.21480604136775,41.55452475321841,dolomite
MAT-CARB-10,0,12,-83.21297755672032,41.553919314708025,dolomite
MAT-CARB-10,0,13,-83.2123760898499,41.55303267588383,dolomite
MAT-CARB-10,0,14,-83.21223008789677,41.55214333567338,dolomite
MAT-CARB-10,0,15,-83.21290360078125,41.55121490891741,dolomite
MAT-CARB-10,0,16,-83.21371839112254,41.550730742299194,dolomite
MAT-CARB-10,0,17,-83.21558549622466,41.55068538606188,dolomite
MAT-CARB-10,0,18,-83.21700866808861,41.551738307786984,dolomite
MAT-CARB-7,0,0,-83.21585993082174,41.55816335476562,dolomite
MAT-CARB-7,0,1,-83.21652278732947,41.55838196987757,dolomite
MAT-CARB-7,0,2,-83.21702894934518,41.558858280535226,dolomite
MAT-CARB-7,0,3,-83.2170157572012,41.55976567386791,dolomite
MAT-CARB-7,0,4,-83.21631292228537,41.56007799720946,dolomite
MAT-CARB-7,0,5,-83.21583481664106,41.56009798634695,dolomite
MAT-CARB-7,0,6,-83.21540224242919,41.56011767521783,dolomite
MAT-CARB-7,0,7,-83.21450763618373,41.559523814929186,dolomite
MAT-CARB-7,0,8,-83.21418390181165,41.55906352435886,dolomite
MAT-CARB-7,0,9,-83.21417903482387,41.55860133888984,dolomite
MAT-CARB-7,0,10,-83.21453891996654,41.55817121376679,dolomite
MAT-CARB-7,0,11,-83.21585993082174,41.55816335476562,dolomite
MAT-CARB-6,0,0,-83.30190402533862,41.55796461116173,dolomite
MAT-CARB-6,0,1,-83.30282516241472,41.558814443424254,dolomite
MAT-CARB-6,0,2,-83.30292963580466,41.55994360578675,dolomite
MAT-CARB-6,0,3,-83.30216252348328,41.56056499862365,dolomite
MAT-CARB-6,0,4,-83.301524784234,41.56056925218434,dolomite
MAT-CARB-6,0,5,-83.3006137436734,41.56057532272702,dolomite
MAT-CARB-6,0,6,-83.29904798562954,41.55914774459124,dolomite
MAT-CARB-6,0,7,-83.29899479133559,41.55849757008815,dolomite
MAT-CARB-6,0,8,-83.2998542170051,41.55797826697481,dolomite
MAT-CARB-6,0,9,-83.30190402533862,41.55796461116173,dolomite
MAT-CARB-5846,0,0,-83.3162725282996,41.603958400193264,dolomite
MAT-CARB-5846,0,1,-83.31668894803983,41.60446911536371,dolomite
MAT-CARB-5846,0,2,-83.31670379961744,41.60570154034142,dolomite
MAT-CARB-5846,0,3,-83.3163432793953,41.60604633849434,dolomite
MAT-CARB-5846,0,4,-83.31561436355318,41.60608550926976,dolomite
MAT-CARB-5846,0,5,-83.31483943635108,41.60609076037965,dolomite
MAT-CARB-5846,0,6,-83.3134169281831,41.60531294869558,dolomite
MAT-CARB-5846,0,7,-83.3134091216565,41.60466252552591,dolomite
MAT-CARB-5846,0,8,-83.31444846031647,41.60390228166583,dolomite
MAT-CARB-5846,0,9,-83.3162725282996,41.603958400193264,dolomite
MAT-CARB-5841,0,0,-82.7949632400586,41.54724090140313,dolomite
MAT-CARB-5841,0,1,-82.79431493236962,41.54648246674785,dolomite
MAT-CARB-5841,0,2,-82.79297135287754,41.54517984106207,dolomite
MAT-CARB-5841,0,3,-82.7918492776246,41.54426945463377,dolomite
MAT-CARB-5841,0,4,-82.79071372339386,41.54328191328193,dolomite
MAT-CARB-5841,0,5,-82.78935613313456,41.5424633451039,dolomite
MAT-CARB-5841,0,6,-82.78832589688218,41.541795668980114,dolomite
MAT-CARB-5841,0,7,-82.78733774698367,41.54126035031239,dolomite
MAT-CARB-5841,0,8,-82.78641370262574,41.54085204462433,dolomite
MAT-CARB-5841,0,9,-82.78525847756723,41.54052765550352,dolomite
MAT-CARB-5841,0,10,-82.78673694720062,41.538131440936,dolomite
MAT-CARB-5841,0,11,-82.78801499774173,41.53702621580727,dolomite
MAT-CARB-5841,0,12,-82.78929480547339,41.53633428222718,dolomite
MAT-CARB-5841,0,13,-82.79002366736263,41.53536811579917,dolomite
MAT-CARB-5841,0,14,-82.79111897201771,41.53440105697925,dolomite
MAT-CARB-5841,0,15,-82.79221250191253,41.533020680091795,dolomite
MAT-CARB-5841,0,16,-82.79257658167103,41.53246872109181,dolomite
MAT-CARB-5841,0,17,-82.7934873873472,41.53122653658396,dolomite
MAT-CARB-5841,0,18,-82.7943969641335,41.52970879584036,dolomite
MAT-CARB-5841,0,19,-82.79457663101753,41.52888172966251,dolomite
MAT-CARB-5841,0,20,-82.79475865085806,41.52860573208264,dolomite
MAT-CARB-5841,0,21,-82.79438620493512,41.52722891546038,dolomite
MAT-CARB-5841,0,22,-82.79438202098176,41.52626450852852,dolomite
MAT-CARB-5841,0,23,-82.7945610808051,41.525299651744405,dolomite
MAT-CARB-5841,0,24,-82.79565795918397,41.52474588101879,dolomite
MAT-CARB-5841,0,25,-82.79730809015383,41.52501733407049,dolomite
MAT-CARB-5841,0,26,-82.7984097883857,41.52556570716779,dolomite
MAT-CARB-5841,0,27,-82.79987674184328,41.525837607038305,dolomite
MAT-CARB-5841,0,28,-82.80079282119799,41.52583531730366,dolomite
MAT-CARB-5841,0,29,-82.80262255847735,41.52527961889671,dolomite
MAT-CARB-5841,0,30,-82.80390381021924,41.525000833011426,dolomite
MAT-CARB-5841,0,31,-82.80500250171582,41.52486028675335,dolomite
MAT-CARB-5841,0,32,-82.80646631873795,41.52444324739335,dolomite
MAT-CARB-5841,0,33,-82.80847792266042,41.52361144243905,dolomite
MAT-CARB-5841,0,34,-82.8088424466067,41.523197190836584,dolomite
MAT-CARB-5841,0,35,-82.809204491515,41.522231838732374,dolomite
MAT-CARB-5841,0,36,-82.80920260829305,41.52181852791008,dolomite
MAT-CARB-5841,0,37,-82.80974846469636,41.52099049014985,dolomite
MAT-CARB-5841,0,38,-82.81047935528547,41.52057526012355,dolomite
MAT-CARB-5841,0,39,-82.81084388719852,41.52016100130628,dolomite
MAT-CARB-5841,0,40,-82.81193611669094,41.5186426671438,dolomite
MAT-CARB-5841,0,41,-82.81248001101268,41.517401275057,dolomite
MAT-CARB-5841,0,42,-82.81302197912392,41.51574656637323,dolomite
MAT-CARB-5841,0,43,-82.81356452079622,41.51422961507361,dolomite
MAT-CARB-5841,0,44,-82.81391427326959,41.51261160254356,dolomite
MAT-CARB-5841,0,45,-82.81391172434247,41.51206049881834,dolomite
MAT-CARB-5841,0,46,-82.81391752946149,41.511335433291876,dolomite
MAT-CARB-5841,0,47,-82.81365850696399,41.50931594439666,dolomite
MAT-CARB-5841,0,48,-82.81350885281586,41.50815832511179,dolomite
MAT-CARB-5841,0,49,-82.81316383777292,41.50679079608417,dolomite
MAT-CARB-5841,0,50,-82.81279240801368,41.50568956496843,dolomite
MAT-CARB-5841,0,51,-82.81223787564973,41.504588807829904,dolomite
MAT-CARB-5841,0,52,-82.81087444275704,41.50390398651948,dolomite
MAT-CARB-5841,0,53,-82.81103736656283,41.5036856587777,dolomite
MAT-CARB-5841,0,54,-82.81140329808584,41.50382763174607,dolomite
MAT-CARB-5841,0,55,-82.81176810619941,41.50371673135944,dolomite
MAT-CARB-5841,0,56,-82.8121324216164,41.50350687519413,dolomite
MAT-CARB-5841,0,57,-82.81244526703178,41.503220192121546,dolomite
MAT-CARB-5841,0,58,-82.8135599011336,41.502535566305674,dolomite
MAT-CARB-5841,0,59,-82.81392480037597,41.50244662788346,dolomite
MAT-CARB-5841,0,60,-82.81504064615878,41.50203688399416,dolomite
MAT-CARB-5841,0,61,-82.81541207107875,41.501783006216584,dolomite
MAT-CARB-5841,0,62,-82.81522086521355,41.501508608758286,dolomite
MAT-CARB-5841,0,63,-82.8149273641348,41.501234506619966,dolomite
MAT-CARB-5841,0,64,-82.81565960218266,41.5016009272896,dolomite
MAT-CARB-5841,0,65,-82.81602390515994,41.501385573552234,dolomite
MAT-CARB-5841,0,66,-82.8159130322231,41.50111096571304,dolomite
MAT-CARB-5841,0,67,-82.81628557589815,41.50109898711241,dolomite
MAT-CARB-5841,0,68,-82.81637923284987,41.500818355505125,dolomite
MAT-CARB-5841,0,69,-82.81663365477945,41.50054278543736,dolomite
MAT-CARB-5841,0,70,-82.81679301481823,41.50025443775361,dolomite
MAT-CARB-5841,0,71,-82.81718553951582,41.49971012981697,dolomite
MAT-CARB-5841,0,72,-82.81686141088441,41.499557010689905,dolomite
MAT-CARB-5841,0,73,-82.81650806116049,41.49899689739936,dolomite
MAT-CARB-5841,0,74,-82.81687441206599,41.49921603245179,dolomite
MAT-CARB-5841,0,75,-82.8170291741196,41.499490743413375,dolomite
MAT-CARB-5841,0,76,-82.81739407373526,41.49939074112623,dolomite
MAT-CARB-5841,0,77,-82.81710042179849,41.49909988637048,dolomite
MAT-CARB-5841,0,78,-82.81748001458985,41.499021841381854,dolomite
MAT-CARB-5841,0,79,-82.81785915358333,41.49883927238005,dolomite
MAT-CARB-5841,0,80,-82.81804031965046,41.49851962562442,dolomite
MAT-CARB-5841,0,81,-82.81818517300378,41.49824409494922,dolomite
MAT-CARB-5841,0,82,-82.81848207985274,41.49766553197885,dolomite
MAT-CARB-5841,0,83,-82.81862692971943,41.49739002800311,dolomite
MAT-CARB-5841,0,84,-82.81859638129453,41.497114989186784,dolomite
MAT-CARB-5841,0,85,-82.8189690895845,41.49711951276037,dolomite
MAT-CARB-5841,0,86,-82.81936262473944,41.49689836555987,dolomite
MAT-CARB-5841,0,87,-82.8190471281402,41.49662405666835,dolomite
MAT-CARB-5841,0,88,-82.81900931886672,41.496349037067304,dolomite
MAT-CARB-5841,0,89,-82.81913203255228,41.49602957064604,dolomite
MAT-CARB-5841,0,90,-82.81932802059652,41.495753929542246,dolomite
MAT-CARB-5841,0,91,-82.81945823458918,41.49547843559529,dolomite
MAT-CARB-5841,0,92,-82.81955190598978,41.49519755327399,dolomite
MAT-CARB-5841,0,93,-82.81994682688425,41.49373283116824,dolomite
MAT-CARB-5841,0,94,-82.8200316419723,41.493121832210804,dolomite
MAT-CARB-5841,0,95,-82.81995702031942,41.49279186408259,dolomite
MAT-CARB-5841,0,96,-82.82012364711673,41.49248876235102,dolomite
MAT-CARB-5841,0,97,-82.8204626594759,41.49155791556246,dolomite
MAT-CARB-5841,0,98,-82.82070927627551,41.4911775839219,dolomite
MAT-CARB-5841,0,99,-82.82109537177192,41.49093442575304,dolomite
MAT-CARB-5841,0,100,-82.82147534168834,41.4909389220662,dolomite
MAT-CARB-5841,0,101,-82.8218402409276,41.49084990369722,dolomite
MAT-CARB-5841,0,102,-82.82305046912626,41.49030189686022,dolomite
MAT-CARB-5841,0,103,-82.82340704540775,41.48999830620253,dolomite
MAT-CARB-5841,0,104,-82.82328874980793,41.48970699199643,dolomite
MAT-CARB-5841,0,105,-82.82306048813912,41.48933341777608,dolomite
MAT-CARB-5841,0,106,-82.82287640288148,41.48903676712084,dolomite
MAT-CARB-5841,0,107,-82.82264129528266,41.4887567917838,dolomite
MAT-CARB-5841,0,108,-82.82268367468579,41.48844853375217,dolomite
MAT-CARB-5841,0,109,-82.82305663941008,41.48852454647627,dolomite
MAT-CARB-5841,0,110,-82.82383534196188,41.4894138865093,dolomite
MAT-CARB-5841,0,111,-82.82475443734897,41.49063295416655,dolomite
MAT-CARB-5841,0,112,-82.825121096077,41.49091259633288,dolomite
MAT-CARB-5841,0,113,-82.82589715891352,41.49124066037705,dolomite
MAT-CARB-5841,0,114,-82.82611773424915,41.49152069571724,dolomite
MAT-CARB-5841,0,115,-82.82627990736596,41.49182288580626,dolomite
MAT-CARB-5841,0,116,-82.82665399023259,41.49211901398867,dolomite
MAT-CARB-5841,0,117,-82.8270732379287,41.49269562437605,dolomite
MAT-CARB-5841,0,118,-82.82743973162829,41.49293675188919,dolomite
MAT-CARB-5841,0,119,-82.8276896341403,41.49324421336427,dolomite
MAT-CARB-5841,0,120,-82.82809288701101,41.493534744322986,dolomite
MAT-CARB-5841,0,121,-82.82829885098695,41.49381481508797,dolomite
MAT-CARB-5841,0,122,-82.82864359115669,41.49408899293099,dolomite
MAT-CARB-5841,0,123,-82.82900983119424,41.49427507003629,dolomite
MAT-CARB-5841,0,124,-82.82937543267252,41.49432911399062,dolomite
MAT-CARB-5841,0,125,-82.82915026018458,41.49461036475686,dolomite
MAT-CARB-5841,0,126,-82.8293927570512,41.49488482045721,dolomite
MAT-CARB-5841,0,127,-82.82978764498633,41.49494426821874,dolomite
MAT-CARB-5841,0,128,-82.82977165372259,41.494663678762834,dolomite
MAT-CARB-5841,0,129,-82.8299775915699,41.494943746488175,dolomite
MAT-CARB-5841,0,130,-82.83035897678376,41.49523432956468,dolomite
MAT-CARB-5841,0,131,-82.83105739703133,41.49611284089408,dolomite
MAT-CARB-5841,0,132,-82.83138029900682,41.496392583444134,dolomite
MAT-CARB-5841,0,133,-82.83176850069519,41.49658958946482,dolomite
MAT-CARB-5841,0,134,-82.83215542201928,41.49651699043116,dolomite
MAT-CARB-5841,0,135,-82.83207642945541,41.496797841827956,dolomite
MAT-CARB-5841,0,136,-82.83244207382215,41.496857361657405,dolomite
MAT-CARB-5841,0,137,-82.83280655889276,41.49668027096196,dolomite
MAT-CARB-5841,0,138,-82.83261368621014,41.496092002488055,dolomite
MAT-CARB-5841,0,139,-82.8326634826282,41.495816744266996,dolomite
MAT-CARB-5841,0,140,-82.83303623867604,41.49583222227413,dolomite
MAT-CARB-5841,0,141,-82.83325102899668,41.496425887363074,dolomite
MAT-CARB-5841,0,142,-82.83353166056028,41.497024909213785,dolomite
MAT-CARB-5841,0,143,-82.83354766792081,41.49730549762181,dolomite
MAT-CARB-5841,0,144,-82.83365102836113,41.49779746981758,dolomite
MAT-CARB-5841,0,145,-82.83370434999391,41.497965366689094,dolomite
MAT-CARB-5841,0,146,-82.83407738882632,41.49803585917047,dolomite
MAT-CARB-5841,0,147,-82.83407613806456,41.49778169697421,dolomite
MAT-CARB-5841,0,148,-82.83411850344066,41.49747999216098,dolomite
MAT-CARB-5841,0,149,-82.83448344841793,41.49739644860436,dolomite
MAT-CARB-5841,0,150,-82.83458712254789,41.497676792622684,dolomite
MAT-CARB-5841,0,151,-82.83496698594152,41.49765922277155,dolomite
MAT-CARB-5841,0,152,-82.83535396427061,41.497597611562334,dolomite
MAT-CARB-5841,0,153,-82.83524565358664,41.49773825774403,dolomite
MAT-CARB-5841,0,154,-82.83493299363138,41.49817104987851,dolomite
MAT-CARB-5841,0,155,-82.83517557163383,41.498462003995314,dolomite
MAT-CARB-5841,0,156,-82.83554953018411,41.49872508135887,dolomite
MAT-CARB-5841,0,157,-82.83747242579072,41.4997497399643,dolomite
MAT-CARB-5841,0,158,-82.83938258187325,41.50042566992981,dolomite
MAT-CARB-5841,0,159,-82.84225737623532,41.501165197495524,dolomite
MAT-CARB-5841,0,160,-82.8430838726396,41.501355266681955,dolomite
MAT-CARB-5841,0,161,-82.84345662669497,41.50139268132031,dolomite
MAT-CARB-5841,0,162,-82.84382972395548,41.50149057012199,dolomite
MAT-CARB-5841,0,163,-82.84422393137392,41.50143447753505,dolomite
MAT-CARB-5841,0,164,-82.8446031823021,41.50130695206453,dolomite
MAT-CARB-5841,0,165,-82.84496828554235,41.50126736923126,dolomite
MAT-CARB-5841,0,166,-82.84535566976662,41.50130476338801,dolomite
MAT-CARB-5841,0,167,-82.84572023224682,41.50116625098593,dolomite
MAT-CARB-5841,0,168,-82.84613633401551,41.50110457626879,dolomite
MAT-CARB-5841,0,169,-82.84641983896272,41.50081788826333,dolomite
MAT-CARB-5841,0,170,-82.846791580855,41.50065738287347,dolomite
MAT-CARB-5841,0,171,-82.84715628589841,41.500540861997976,dolomite
MAT-CARB-5841,0,172,-82.8475433011188,41.50050674820004,dolomite
MAT-CARB-5841,0,173,-82.84833121812044,41.50030106769342,dolomite
MAT-CARB-5841,0,174,-82.84872470114274,41.50009891395045,dolomite
MAT-CARB-5841,0,175,-82.84946153792029,41.49990094406486,dolomite
MAT-CARB-5841,0,176,-82.84984796318489,41.499675411911866,dolomite
MAT-CARB-5841,0,177,-82.84917526320994,41.49968847734446,dolomite
MAT-CARB-5841,0,178,-82.84866181854085,41.4999593837109,dolomite
MAT-CARB-5841,0,179,-82.84824570666989,41.500017282374955,dolomite
MAT-CARB-5841,0,180,-82.8486174911295,41.49986675448394,dolomite
MAT-CARB-5841,0,181,-82.84872945348624,41.49967468773384,dolomite
MAT-CARB-5841,0,182,-82.84872195062256,41.49963450162183,dolomite
MAT-CARB-5841,0,183,-82.8490938087941,41.49947763636124,dolomite
MAT-CARB-5841,0,184,-82.84945861053662,41.49936771796499,dolomite
MAT-CARB-5841,0,185,-82.849822894523,41.49915755444339,dolomite
MAT-CARB-5841,0,186,-82.85023872037694,41.499024281812595,dolomite
MAT-CARB-5841,0,187,-82.85061217194134,41.4991772494478,dolomite
MAT-CARB-5841,0,188,-82.8508331961406,41.49932172005326,dolomite
MAT-CARB-5841,0,189,-82.85097877685624,41.49941687765061,dolomite
MAT-CARB-5841,0,190,-82.85136572951498,41.499351128388795,dolomite
MAT-CARB-5841,0,191,-82.85251250344534,41.49925972762152,dolomite
MAT-CARB-5841,0,192,-82.85292140024812,41.49919799554179,dolomite
MAT-CARB-5841,0,193,-82.8536950544882,41.49901963869668,dolomite
MAT-CARB-5841,0,194,-82.85406684944968,41.49885348778814,dolomite
MAT-CARB-5841,0,195,-82.85444533535752,41.49857173869845,dolomite
MAT-CARB-5841,0,196,-82.85474345850105,41.49828471290235,dolomite
MAT-CARB-5841,0,197,-82.85509271739878,41.498003047943435,dolomite
MAT-CARB-5841,0,198,-82.85547183597208,41.49783687086714,dolomite
MAT-CARB-5841,0,199,-82.85620124312727,41.49758709895507,dolomite
MAT-CARB-5841,0,200,-82.8565872402547,41.49734931341052,dolomite
MAT-CARB-5841,0,201,-82.85687077823698,41.49707332353446,dolomite
MAT-CARB-5841,0,202,-82.8571908017137,41.49679176644018,dolomite
MAT-CARB-5841,0,203,-82.85734279605481,41.49651068104653,dolomite
MAT-CARB-5841,0,204,-82.85809998009039,41.49599117946416,dolomite
MAT-CARB-5841,0,205,-82.85840539406732,41.495715147819325,dolomite
MAT-CARB-5841,0,206,-82.85864341290151,41.495125660832336,dolomite
MAT-CARB-5841,0,207,-82.85897078098051,41.494849534545935,dolomite
MAT-CARB-5841,0,208,-82.85914468006825,41.494573893753184,dolomite
MAT-CARB-5841,0,209,-82.85938434882235,41.494298055850805,dolomite
MAT-CARB-5841,0,210,-82.85975668709088,41.4942419223749,dolomite
MAT-CARB-5841,0,211,-82.86012237103866,41.49430684338595,dolomite
MAT-CARB-5841,0,212,-82.86053899436595,41.49433310275867,dolomite
MAT-CARB-5841,0,213,-82.86091840076077,41.494227411158555,dolomite
MAT-CARB-5841,0,214,-82.86169352391403,41.494346142402144,dolomite
MAT-CARB-5841,0,215,-82.8620948522558,41.49424038105874,dolomite
MAT-CARB-5841,0,216,-82.86248817147683,41.494008093968766,dolomite
MAT-CARB-5841,0,217,-82.86274238654649,41.49372669243856,dolomite
MAT-CARB-5841,0,218,-82.86308424134143,41.493428514260536,dolomite
MAT-CARB-5841,0,219,-82.8634702792581,41.493207244056336,dolomite
MAT-CARB-5841,0,220,-82.8638922236453,41.492859287651086,dolomite
MAT-CARB-5841,0,221,-82.86395646352204,41.492825494772816,dolomite
MAT-CARB-5841,0,222,-82.86427107830066,41.4926600604925,dolomite
MAT-CARB-5841,0,223,-82.8646721562141,41.49251027057663,dolomite
MAT-CARB-5841,0,224,-82.86589749629384,41.49211035870173,dolomite
MAT-CARB-5841,0,225,-82.86635015403542,41.49204293418333,dolomite
MAT-CARB-5841,0,226,-82.86712442855064,41.49200754748802,dolomite
MAT-CARB-5841,0,227,-82.86751107748185,41.49189632721934,dolomite
MAT-CARB-5841,0,228,-82.8680952928154,41.49183951915099,dolomite
MAT-CARB-5841,0,229,-82.86847524093842,41.491838353991895,dolomite
MAT-CARB-5841,0,230,-82.86884737879925,41.49174917048798,dolomite
MAT-CARB-5841,0,231,-82.86922663804621,41.49162142878498,dolomite
MAT-CARB-5841,0,232,-82.86965658105875,41.4914165144261,dolomite
MAT-CARB-5841,0,233,-82.87002818171698,41.49122277655265,dolomite
MAT-CARB-5841,0,234,-82.87039337907,41.49119965418129,dolomite
MAT-CARB-5841,0,235,-82.87079406778858,41.490989313023,dolomite
MAT-CARB-5841,0,236,-82.87030412766491,41.49091378183758,dolomite
MAT-CARB-5841,0,237,-82.87071262750975,41.49079145802532,dolomite
MAT-CARB-5841,0,238,-82.87109944412974,41.49071324784929,dolomite
MAT-CARB-5841,0,239,-82.87146518008849,41.49078913262082,dolomite
MAT-CARB-5841,0,240,-82.87184503199776,41.490771473349625,dolomite
MAT-CARB-5841,0,241,-82.87223844843383,41.49056663522862,dolomite
MAT-CARB-5841,0,242,-82.87266795916734,41.490279182812586,dolomite
MAT-CARB-5841,0,243,-82.87304002254626,41.49017898808884,dolomite
MAT-CARB-5841,0,244,-82.87341990065083,41.49016678174428,dolomite
MAT-CARB-5841,0,245,-82.87420008692146,41.48987823280108,dolomite
MAT-CARB-5841,0,246,-82.87457214584218,41.48977803329753,dolomite
MAT-CARB-5841,0,247,-82.87495167484259,41.48988140138712,dolomite
MAT-CARB-5841,0,248,-82.87533186740636,41.489946230992125,dolomite
MAT-CARB-5841,0,249,-82.87652119148478,41.489727890176134,dolomite
MAT-CARB-5841,0,250,-82.87688666606259,41.48977624983983,dolomite
MAT-CARB-5841,0,251,-82.87763086090996,41.489630851705556,dolomite
MAT-CARB-5841,0,252,-82.87801785984122,41.48960763752521,dolomite
MAT-CARB-5841,0,253,-82.87840384052424,41.48940831520609,dolomite
MAT-CARB-5841,0,254,-82.87914590792343,41.48888323934215,dolomite
MAT-CARB-5841,0,255,-82.87952513965064,41.48878297429788,dolomite
MAT-CARB-5841,0,256,-82.88093366790406,41.48858043511896,dolomite
MAT-CARB-5841,0,257,-82.88129734168889,41.48831515668428,dolomite
MAT-CARB-5841,0,258,-82.88167595414514,41.488099363204554,dolomite
MAT-CARB-5841,0,259,-82.88204816141963,41.4880486460332,dolomite
MAT-CARB-5841,0,260,-82.88286587704076,41.48799650814874,dolomite
MAT-CARB-5841,0,261,-82.88380747326548,41.48789446263646,dolomite
MAT-CARB-5841,0,262,-82.88424665170285,41.488063628249414,dolomite
MAT-CARB-5841,0,263,-82.88461315164285,41.48829358438699,dolomite
MAT-CARB-5841,0,264,-82.88500859531476,41.48846840011139,dolomite
MAT-CARB-5841,0,265,-82.88620139918729,41.488871754749646,dolomite
MAT-CARB-5841,0,266,-82.88657429659516,41.48894208516668,dolomite
MAT-CARB-5841,0,267,-82.88697591010633,41.48892428048333,dolomite
MAT-CARB-5841,0,268,-82.88719622240907,41.48883380101275,dolomite
MAT-CARB-5841,0,269,-82.88743498424476,41.48873571911832,dolomite
MAT-CARB-5841,0,270,-82.88782175461023,41.48867393876874,dolomite
MAT-CARB-5841,0,271,-82.88820182197604,41.48872224434583,dolomite
MAT-CARB-5841,0,272,-82.88858824020788,41.48860544361928,dolomite
MAT-CARB-5841,0,273,-82.88897381085069,41.48833455811361,dolomite
MAT-CARB-5841,0,274,-82.88930811393693,41.48804184085561,dolomite
MAT-CARB-5841,0,275,-82.89005289530063,41.488006401644164,dolomite
MAT-CARB-5841,0,276,-82.89045462408588,41.48801609445651,dolomite
MAT-CARB-5841,0,277,-82.89121574324489,41.488277741786696,dolomite
MAT-CARB-5841,0,278,-82.89160377233958,41.48844156167865,dolomite
MAT-CARB-5841,0,279,-82.89237888673749,41.48859860328006,dolomite
MAT-CARB-5841,0,280,-82.89275121614901,41.48856987661976,dolomite
MAT-CARB-5841,0,281,-82.89313759832159,41.48844203557488,dolomite
MAT-CARB-5841,0,282,-82.8935026359847,41.48840781757079,dolomite
MAT-CARB-5841,0,283,-82.89388292929098,41.48849461230628,dolomite
MAT-CARB-5841,0,284,-82.8942847618546,41.48851529030012,dolomite
MAT-CARB-5841,0,285,-82.89503616878353,41.488364274860366,dolomite
MAT-CARB-5841,0,286,-82.89623925767148,41.48801363063739,dolomite
MAT-CARB-5841,0,287,-82.89701848760176,41.48762586839474,dolomite
MAT-CARB-5841,0,288,-82.89741999410397,41.48759154529104,dolomite
MAT-CARB-5841,0,289,-82.89820905677989,41.487638437571476,dolomite
MAT-CARB-5841,0,290,-82.89857321130603,41.48746114635467,dolomite
MAT-CARB-5841,0,291,-82.89894562887183,41.48744891136314,dolomite
MAT-CARB-5841,0,292,-82.8996967220444,41.48724833392071,dolomite
MAT-CARB-5841,0,293,-82.90006965683196,41.48732410787529,dolomite
MAT-CARB-5841,0,294,-82.90044077528903,41.48709176858329,dolomite
MAT-CARB-5841,0,295,-82.90082009965883,41.487007974357205,dolomite
MAT-CARB-5841,0,296,-82.9012144315649,41.48700114462663,dolomite
MAT-CARB-5841,0,297,-82.90198945398983,41.48714161347937,dolomite
MAT-CARB-5841,0,298,-82.9023838556996,41.48714029256376,dolomite
MAT-CARB-5841,0,299,-82.90275760911351,41.48735365815318,dolomite
MAT-CARB-5841,0,300,-82.90312426577312,41.48760004139501,dolomite
MAT-CARB-5841,0,301,-82.90348974411455,41.4876538330764,dolomite
MAT-CARB-5841,0,302,-82.90424414222346,41.487997949320025,dolomite
MAT-CARB-5841,0,303,-82.90463975855566,41.48820572245715,dolomite
MAT-CARB-5841,0,304,-82.90502782321299,41.48836398608869,dolomite
MAT-CARB-5841,0,305,-82.90539360664664,41.48846181912255,dolomite
MAT-CARB-5841,0,306,-82.90579560340416,41.48851548048549,dolomite
MAT-CARB-5841,0,307,-82.90618278371474,41.488525169856985,dolomite
MAT-CARB-5841,0,308,-82.90661311224915,41.48842467369275,dolomite
MAT-CARB-5841,0,309,-82.90699190511516,41.48825830577333,dolomite
MAT-CARB-5841,0,310,-82.90739291496963,41.488141394923744,dolomite
MAT-CARB-5841,0,311,-82.90776516946525,41.488101623589024,dolomite
MAT-CARB-5841,0,312,-82.90815997349347,41.488166299813564,dolomite
MAT-CARB-5841,0,313,-82.90856170926914,41.488170446584085,dolomite
MAT-CARB-5841,0,314,-82.90894168895136,41.488202148232155,dolomite
MAT-CARB-5841,0,315,-82.90930747715225,41.48829996935762,dolomite
MAT-CARB-5841,0,316,-82.91027119215643,41.48823614876299,dolomite
MAT-CARB-5841,0,317,-82.9106358475488,41.48815234627865,dolomite
MAT-CARB-5841,0,318,-82.91099990580442,41.48796401934202,dolomite
MAT-CARB-5841,0,319,-82.91131952208235,41.48767129066189,dolomite
MAT-CARB-5841,0,320,-82.9117429733262,41.48764784282588,dolomite
MAT-CARB-5841,0,321,-82.91212395659912,41.48783910295416,dolomite
MAT-CARB-5841,0,322,-82.91248978075338,41.48794239975877,dolomite
MAT-CARB-5841,0,323,-82.91289138153887,41.487924508393284,dolomite
MAT-CARB-5841,0,324,-82.91328551963383,41.48787913179527,dolomite
MAT-CARB-5841,0,325,-82.91371590040701,41.48778958081293,dolomite
MAT-CARB-5841,0,326,-82.91412509709852,41.48782119283785,dolomite
MAT-CARB-5841,0,327,-82.91448934548707,41.48766587704226,dolomite
MAT-CARB-5841,0,328,-82.91489107851977,41.48766997521402,dolomite
MAT-CARB-5841,0,329,-82.91526420099002,41.487773238377315,dolomite
MAT-CARB-5841,0,330,-82.91565235253901,41.487947978737836,dolomite
MAT-CARB-5841,0,331,-82.91601767698698,41.48796873781701,dolomite
MAT-CARB-5841,0,332,-82.91639722034789,41.487928887019855,dolomite
MAT-CARB-5841,0,333,-82.91683570327089,41.48797138660446,dolomite
MAT-CARB-5841,0,334,-82.91720153530571,41.488074669044266,dolomite
MAT-CARB-5841,0,335,-82.91758894898992,41.488128341633185,dolomite
MAT-CARB-5841,0,336,-82.91799784728899,41.4881049223578,dolomite
MAT-CARB-5841,0,337,-82.91837769546778,41.488114597934086,dolomite
MAT-CARB-5841,0,338,-82.91875801891547,41.48820131391406,dolomite
MAT-CARB-5841,0,339,-82.9191596536127,41.48818891435696,dolomite
MAT-CARB-5841,0,340,-82.9195401143925,41.488297624066874,dolomite
MAT-CARB-5841,0,341,-82.9199416473963,41.488268711023146,dolomite
MAT-CARB-5841,0,342,-82.92032112456316,41.488212364260725,dolomite
MAT-CARB-5841,0,343,-82.92108883703732,41.48834173713459,dolomite
MAT-CARB-5841,0,344,-82.92146841372686,41.488307383087815,dolomite
MAT-CARB-5841,0,345,-82.92221962309685,41.48812866100709,dolomite
MAT-CARB-5841,0,346,-82.92262115179906,41.48810525189466,dolomite
MAT-CARB-5841,0,347,-82.92335820974017,41.48800361573844,dolomite
MAT-CARB-5841,0,348,-82.92513841963876,41.48769466621113,dolomite
MAT-CARB-5841,0,349,-82.92594873381795,41.487631262671954,dolomite
MAT-CARB-5841,0,350,-82.9264886999935,41.48755233028835,dolomite
MAT-CARB-5841,0,351,-82.92687508197193,41.4874353787061,dolomite
MAT-CARB-5841,0,352,-82.92723908954888,41.48725251532953,dolomite
MAT-CARB-5841,0,353,-82.92805631154654,41.48712302793874,dolomite
MAT-CARB-5841,0,354,-82.92961115728181,41.48699092577001,dolomite
MAT-CARB-5841,0,355,-82.93000517421136,41.486928983381,dolomite
MAT-CARB-5841,0,356,-82.93039877024826,41.48680650906665,dolomite
MAT-CARB-5841,0,357,-82.93095303657736,41.486677971479885,dolomite
MAT-CARB-5841,0,358,-82.9321129111452,41.486448158606926,dolomite
MAT-CARB-5841,0,359,-82.93298209208308,41.486456053585165,dolomite
MAT-CARB-5841,0,360,-82.93379862432008,41.486227489263165,dolomite
MAT-CARB-5841,0,361,-82.93455837483552,41.486257764828316,dolomite
MAT-CARB-5841,0,362,-82.93492344912876,41.486239931877584,dolomite
MAT-CARB-5841,0,363,-82.93684220140933,41.48591382233899,dolomite
MAT-CARB-5841,0,364,-82.93724431520879,41.48597837652132,dolomite
MAT-CARB-5841,0,365,-82.93844407725148,41.48628214844562,dolomite
MAT-CARB-5841,0,366,-82.9395992596889,41.486470520087636,dolomite
MAT-CARB-5841,0,367,-82.94001711042381,41.48671111842696,dolomite
MAT-CARB-5841,0,368,-82.94023641050654,41.487860343132915,dolomite
MAT-CARB-5841,0,369,-82.94030880689087,41.48663849125997,dolomite
MAT-CARB-5841,0,370,-82.94144107840508,41.48666735681472,dolomite
MAT-CARB-5841,0,371,-82.94222286593246,41.48671401416615,dolomite
MAT-CARB-5841,0,372,-82.9442260172948,41.48700925414547,dolomite
MAT-CARB-5841,0,373,-82.94461380669799,41.48711788496,dolomite
MAT-CARB-5841,0,374,-82.94498628611498,41.487116505286394,dolomite
MAT-CARB-5841,0,375,-82.94541781148517,41.48720843273403,dolomite
MAT-CARB-5841,0,376,-82.94582716401968,41.48726196037532,dolomite
MAT-CARB-5841,0,377,-82.94665305740196,41.48734693314576,dolomite
MAT-CARB-5841,0,378,-82.9470548267606,41.487356436482784,dolomite
MAT-CARB-5841,0,379,-82.94742792374456,41.48744857420716,dolomite
MAT-CARB-5841,0,380,-82.94783713404772,41.48748007136614,dolomite
MAT-CARB-5841,0,381,-82.94826129817582,41.48756104510408,dolomite
MAT-CARB-5841,0,382,-82.94864140227423,41.48760364653479,dolomite
MAT-CARB-5841,0,383,-82.94905025002203,41.48758009422778,dolomite
MAT-CARB-5841,0,384,-82.94942338743267,41.48767773849594,dolomite
MAT-CARB-5841,0,385,-82.9498182288171,41.48774230520715,dolomite
MAT-CARB-5841,0,386,-82.95100191667301,41.48781490895924,dolomite
MAT-CARB-5841,0,387,-82.95136695853876,41.4877970261784,dolomite
MAT-CARB-5841,0,388,-82.95173145094257,41.48769110256172,dolomite
MAT-CARB-5841,0,389,-82.95252850713406,41.48783116267762,dolomite
MAT-CARB-5841,0,390,-82.95275532181496,41.487941635352165,dolomite
MAT-CARB-5841,0,391,-82.95316500267803,41.488130243846705,dolomite
MAT-CARB-5841,0,392,-82.95366389230702,41.48832761982254,dolomite
MAT-CARB-5841,0,393,-82.95402930393202,41.48835926134238,dolomite
MAT-CARB-5841,0,394,-82.95442374834931,41.488363254843,dolomite
MAT-CARB-5841,0,395,-82.9548397833045,41.48832317182052,dolomite
MAT-CARB-5841,0,396,-82.95520431007438,41.48822275046509,dolomite
MAT-CARB-5841,0,397,-82.95556842962094,41.48806179737998,dolomite
MAT-CARB-5841,0,398,-82.95642970979652,41.487975970575825,dolomite
MAT-CARB-5841,0,399,-82.95717234345713,41.48762649130338,dolomite
MAT-CARB-5841,0,400,-82.95795944273631,41.48737033764175,dolomite
MAT-CARB-5841,0,401,-82.95833802960516,41.48719280955247,dolomite
MAT-CARB-5841,0,402,-82.95914834401644,41.4871346947311,dolomite
MAT-CARB-5841,0,403,-82.95951419855685,41.48723233557229,dolomite
MAT-CARB-5841,0,404,-82.95987897336948,41.487170406973824,dolomite
MAT-CARB-5841,0,405,-82.96027902780463,41.486926772794384,dolomite
MAT-CARB-5841,0,406,-82.96064241980567,41.48666673914988,dolomite
MAT-CARB-5841,0,407,-82.96165192516335,41.48582646394785,dolomite
MAT-CARB-5841,0,408,-82.96192743395571,41.4855282558773,dolomite
MAT-CARB-5841,0,409,-82.9619619227678,41.485231001978605,dolomite
MAT-CARB-5841,0,410,-82.96232739647941,41.48527361643709,dolomite
MAT-CARB-5841,0,411,-82.96271419136454,41.485228105603525,dolomite
MAT-CARB-5841,0,412,-82.96307764014296,41.48497908976345,dolomite
MAT-CARB-5841,0,413,-82.96336791514953,41.48470281800158,dolomite
MAT-CARB-5841,0,414,-82.96454102376042,41.48323459195811,dolomite
MAT-CARB-5841,0,415,-82.96514324097855,41.482659986344686,dolomite
MAT-CARB-5841,0,416,-82.96559134145025,41.48091388780484,dolomite
MAT-CARB-5841,0,417,-82.9655529474552,41.48063891114203,dolomite
MAT-CARB-5841,0,418,-82.96593396878725,41.480824516405356,dolomite
MAT-CARB-5841,0,419,-82.96631370749019,41.48082304226714,dolomite
MAT-CARB-5841,0,420,-82.96603400743535,41.480504981422776,dolomite
MAT-CARB-5841,0,421,-82.96632425128843,41.48022870149937,dolomite
MAT-CARB-5841,0,422,-82.96661249043771,41.479666331806726,dolomite
MAT-CARB-5841,0,423,-82.96699773684387,41.47940070669124,dolomite
MAT-CARB-5841,0,424,-82.96690820640276,41.47912590155126,dolomite
MAT-CARB-5841,0,425,-82.96713260957969,41.4788389043072,dolomite
MAT-CARB-5841,0,426,-82.96742284203087,41.478562648777505,dolomite
MAT-CARB-5841,0,427,-82.96749924711659,41.47799556022759,dolomite
MAT-CARB-5841,0,428,-82.96740971668736,41.477720782571716,dolomite
MAT-CARB-5841,0,429,-82.9674058535232,41.47715951908701,dolomite
MAT-CARB-5841,0,430,-82.96759370305115,41.47686163687623,dolomite
MAT-CARB-5841,0,431,-82.96767207540321,41.47658069220107,dolomite
MAT-CARB-5841,0,432,-82.9676701429503,41.476300087659865,dolomite
MAT-CARB-5841,0,433,-82.96771930143241,41.47601374365442,dolomite
MAT-CARB-5841,0,434,-82.96808294662334,41.475797732636835,dolomite
MAT-CARB-5841,0,435,-82.96818327104944,41.475522187315676,dolomite
MAT-CARB-5841,0,436,-82.96833460947741,41.47522995884261,dolomite
MAT-CARB-5841,0,437,-82.96870740311566,41.47528355140321,dolomite
MAT-CARB-5841,0,438,-82.9690392835514,41.47469892379453,dolomite
MAT-CARB-5841,0,439,-82.9690810307157,41.47440712224685,dolomite
MAT-CARB-5841,0,440,-82.96870968497377,41.47456266119336,dolomite
MAT-CARB-5841,0,441,-82.96834411301423,41.47449804195618,dolomite
MAT-CARB-5841,0,442,-82.96838604985452,41.4742227513367,dolomite
MAT-CARB-5841,0,443,-82.96834742195404,41.473920237545684,dolomite
MAT-CARB-5841,0,444,-82.96849153868945,41.47363906257851,dolomite
MAT-CARB-5841,0,445,-82.96929161337849,41.47317921186437,dolomite
MAT-CARB-5841,0,446,-82.9697347014197,41.47284181879035,dolomite
MAT-CARB-5841,0,447,-82.97064675459488,41.47168266188133,dolomite
MAT-CARB-5841,0,448,-82.97102522084458,41.47150509151075,dolomite
MAT-CARB-5841,0,449,-82.97162013713022,41.470946987422664,dolomite
MAT-CARB-5841,0,450,-82.97199859673536,41.47076941387677,dolomite
MAT-CARB-5841,0,451,-82.97274737417797,41.47029322897474,dolomite
MAT-CARB-5841,0,452,-82.97302277142838,41.469995019079114,dolomite
MAT-CARB-5841,0,453,-82.97318129295269,41.469691728771586,dolomite
MAT-CARB-5841,0,454,-82.97339109064092,41.4694102605125,dolomite
MAT-CARB-5841,0,455,-82.97352055428571,41.46912910870358,dolomite
MAT-CARB-5841,0,456,-82.97388456651748,41.46897361040157,dolomite
MAT-CARB-5841,0,457,-82.97424834649595,41.468785088803195,dolomite
MAT-CARB-5841,0,458,-82.97412018700369,41.46820780061901,dolomite
MAT-CARB-5841,0,459,-82.97432264669895,41.46792633190967,dolomite
MAT-CARB-5841,0,460,-82.97413614983425,41.467360299816335,dolomite
MAT-CARB-5841,0,461,-82.97398086022426,41.46708027132306,dolomite
MAT-CARB-5841,0,462,-82.97375978757556,41.46678950362681,dolomite
MAT-CARB-5841,0,463,-82.97338830226855,41.46691752120745,dolomite
MAT-CARB-5841,0,464,-82.97292067430718,41.466869857038496,dolomite
MAT-CARB-5841,0,465,-82.9732104887129,41.466549537025266,dolomite
MAT-CARB-5841,0,466,-82.97355883006762,41.46624552435891,dolomite
MAT-CARB-5841,0,467,-82.9736883254336,41.465969884493255,dolomite
MAT-CARB-5841,0,468,-82.97342358035607,41.46569577240817,dolomite
MAT-CARB-5841,0,469,-82.97347270887448,41.465414936561956,dolomite
MAT-CARB-5841,0,470,-82.97363110096602,41.465089675244776,dolomite
MAT-CARB-5841,0,471,-82.97365827371482,41.464797899787335,dolomite
MAT-CARB-5841,0,472,-82.97383884985908,41.464522057859384,dolomite
MAT-CARB-5841,0,473,-82.97396085637337,41.46421893665876,dolomite
MAT-CARB-5841,0,474,-82.97402456263838,41.46392704408181,dolomite
MAT-CARB-5841,0,475,-82.97551502929844,41.462801760394484,dolomite
MAT-CARB-5841,0,476,-82.97570770894691,41.46295437404807,dolomite
MAT-CARB-5841,0,477,-82.97610632196218,41.46302767200903,dolomite
MAT-CARB-5841,0,478,-82.9763556613767,41.46310153367084,dolomite
MAT-CARB-5841,0,479,-82.9769551605275,41.46343605055962,dolomite
MAT-CARB-5841,0,480,-82.97715552083133,41.463622422524445,dolomite
MAT-CARB-5841,0,481,-82.97760736816979,41.46418213010957,dolomite
MAT-CARB-5841,0,482,-82.97770818993446,41.46436886961292,dolomite
MAT-CARB-5841,0,483,-82.97785855701278,41.46451802754606,dolomite
MAT-CARB-5841,0,484,-82.97826034414257,41.46504046506236,dolomite
MAT-CARB-5841,0,485,-82.97856101104593,41.465338724611804,dolomite
MAT-CARB-5841,0,486,-82.97866160996507,41.46548805240018,dolomite
MAT-CARB-5841,0,487,-82.97886171724636,41.465637010617314,dolomite
MAT-CARB-5841,0,488,-82.97936279943386,41.46612160884348,dolomite
MAT-CARB-5841,0,489,-82.97971483498402,41.466644266973624,dolomite
MAT-CARB-5841,0,490,-82.97984862679638,41.466784053223655,dolomite
MAT-CARB-5841,0,491,-82.9825439279285,41.46688830932824,dolomite
MAT-CARB-5841,0,492,-82.98337796590064,41.466629189032396,dolomite
MAT-CARB-5841,0,493,-82.98400975906988,41.466625025167616,dolomite
MAT-CARB-5841,0,494,-82.98513988343309,41.466682889224515,dolomite
MAT-CARB-5841,0,495,-82.98608182190874,41.466558231696176,dolomite
MAT-CARB-5841,0,496,-82.9871901458307,41.46603721689281,dolomite
MAT-CARB-5841,0,497,-82.98803727704784,41.46550323805626,dolomite
MAT-CARB-5841,0,498,-82.98877470316904,41.46495283151264,dolomite
MAT-CARB-5841,0,499,-82.98937350256547,41.464561985076244,dolomite
MAT-CARB-5841,0,500,-82.98991359481795,41.464055656625845,dolomite
MAT-CARB-5841,0,501,-82.99032928813448,41.463521912038786,dolomite
MAT-CARB-5841,0,502,-82.99077368594342,41.462707624830124,dolomite
MAT-CARB-5841,0,503,-82.99107983197243,41.46223444696968,dolomite
MAT-CARB-5841,0,504,-82.99202707649361,41.46062238186875,dolomite
MAT-CARB-5841,0,505,-82.99239861566687,41.459973145421,dolomite
MAT-CARB-5841,0,506,-82.99273321271357,41.45914794356476,dolomite
MAT-CARB-5841,0,507,-82.99304771893163,41.45920274248779,dolomite
MAT-CARB-5841,0,508,-82.99366969358682,41.459422380726664,dolomite
MAT-CARB-5841,0,509,-82.9941377414015,41.4594826068118,dolomite
MAT-CARB-5841,0,510,-82.99445926365674,41.45938890510267,dolomite
MAT-CARB-5841,0,511,-82.9956953452651,41.459597142299714,dolomite
MAT-CARB-5841,0,512,-82.99664632577556,41.45982755660283,dolomite
MAT-CARB-5841,0,513,-82.99691003842725,41.4600803940381,dolomite
MAT-CARB-5841,0,514,-82.99731270252182,41.460327635916585,dolomite
MAT-CARB-5841,0,515,-82.99753270440183,41.46063550905025,dolomite
MAT-CARB-5841,0,516,-82.99770890080275,41.46097090909121,dolomite
MAT-CARB-5841,0,517,-82.99793586042665,41.46110825992287,dolomite
MAT-CARB-5841,0,518,-82.99819191115137,41.46118509308136,dolomite
MAT-CARB-5841,0,519,-82.99830197119229,41.461366538863224,dolomite
MAT-CARB-5841,0,520,-82.99871914526727,41.461542265610966,dolomite
MAT-CARB-5841,0,521,-82.99900447740025,41.461619085072925,dolomite
MAT-CARB-5841,0,522,-82.99960354654738,41.4618915590074,dolomite
MAT-CARB-5841,0,523,-83.00003407391496,41.4620625353715,dolomite
MAT-CARB-5841,0,524,-83.00039968918222,41.46198945213854,dolomite
MAT-CARB-5841,0,525,-83.00053483625135,41.46199687022979,dolomite
MAT-CARB-5841,0,526,-83.00223173540147,41.4618074685382,dolomite
MAT-CARB-5841,0,527,-83.00290698988564,41.461971732867966,dolomite
MAT-CARB-5841,0,528,-83.003818182843,41.46219334273051,dolomite
MAT-CARB-5841,0,529,-83.00534813327121,41.46275587808545,dolomite
MAT-CARB-5841,0,530,-83.00588306821,41.46339124340846,dolomite
MAT-CARB-5841,0,531,-83.00685259101087,41.46362703881798,dolomite
MAT-CARB-5841,0,532,-83.00940044506105,41.46530386925166,dolomite
MAT-CARB-5841,0,533,-83.00954129750443,41.46529795045021,dolomite
MAT-CARB-5841,0,534,-83.01000123458479,41.4652079261751,dolomite
MAT-CARB-5841,0,535,-83.01037982355295,41.46499712416753,dolomite
MAT-CARB-5841,0,536,-83.01112137398597,41.464437976857695,dolomite
MAT-CARB-5841,0,537,-83.01153760486065,41.46437015734617,dolomite
MAT-CARB-5841,0,538,-83.01193229929214,41.4643574487441,dolomite
MAT-CARB-5841,0,539,-83.0126405262695,41.464279712560625,dolomite
MAT-CARB-5841,0,540,-83.01382930800966,41.46542693365166,dolomite
MAT-CARB-5841,0,541,-83.01579693746616,41.46670791038899,dolomite
MAT-CARB-5841,0,542,-83.01899530989954,41.46890459552887,dolomite
MAT-CARB-5841,0,543,-83.02242734912681,41.469626504538525,dolomite
MAT-CARB-5841,0,544,-83.02463287000535,41.46998529780094,dolomite
MAT-CARB-5841,0,545,-83.0297739075104,41.47014692699356,dolomite
MAT-CARB-5841,0,546,-83.03320030318405,41.470131758048545,dolomite
MAT-CARB-5841,0,547,-83.0341865327952,41.471048401744966,dolomite
MAT-CARB-5841,0,548,-83.03469051571601,41.47288818465524,dolomite
MAT-CARB-5841,0,549,-83.03421406184611,41.474548151690605,dolomite
MAT-CARB-5841,0,550,-83.03397798026809,41.47565440391038,dolomite
MAT-CARB-5841,0,551,-83.03399246432801,41.47749638633003,dolomite
MAT-CARB-5841,0,552,-83.03548432296799,41.48043695670404,dolomite
MAT-CARB-5841,0,553,-83.03550901732136,41.4835682851389,dolomite
MAT-CARB-5841,0,554,-83.03381283952781,41.48578625157343,dolomite
MAT-CARB-5841,0,555,-83.0306563781599,41.489115868271945,dolomite
MAT-CARB-5841,0,556,-83.02871076821037,41.49078227325294,dolomite
MAT-CARB-5841,0,557,-83.02774583858081,41.49262851327565,dolomite
MAT-CARB-5841,0,558,-83.0267822492371,41.49465893849785,dolomite
MAT-CARB-5841,0,559,-83.0273162520388,41.50036678455065,dolomite
MAT-CARB-5841,0,560,-83.03006574538209,41.507538446022856,dolomite
MAT-CARB-5841,0,561,-83.0315537668377,41.509926440240484,dolomite
MAT-CARB-5841,0,562,-83.03181739122456,41.51231983831813,dolomite
MAT-CARB-5841,0,563,-83.03355339149955,41.515075098727536,dolomite
MAT-CARB-5841,0,564,-83.03577498879818,41.51727556841585,dolomite
MAT-CARB-5841,0,565,-83.03873149383094,41.51947270056769,dolomite
MAT-CARB-5841,0,566,-83.04340123120939,41.521477850061714,dolomite
MAT-CARB-5841,0,567,-83.04684357361563,41.523119985503854,dolomite
MAT-CARB-5841,0,568,-83.05151080741048,41.52475640485457,dolomite
MAT-CARB-5841,0,569,-83.05593783562746,41.52694637270131,dolomite
MAT-CARB-5841,0,570,-83.05963635853675,41.52987630269229,dolomite
MAT-CARB-5841,0,571,-83.06235226012443,41.53244237735773,dolomite
MAT-CARB-5841,0,572,-83.06432887672898,41.53445924400627,dolomite
MAT-CARB-5841,0,573,-83.06506993745747,41.5351925464531,dolomite
MAT-CARB-5841,0,574,-83.066299424704,41.535739319899484,dolomite
MAT-CARB-5841,0,575,-83.07023768440251,41.53793104852249,dolomite
MAT-CARB-5841,0,576,-83.07663082162249,41.54066342364688,dolomite
MAT-CARB-5841,0,577,-83.07885151081531,41.54249470172256,dolomite
MAT-CARB-5841,0,578,-83.08082891081013,41.54451127994473,dolomite
MAT-CARB-5841,0,579,-83.08330750271145,41.54781475310141,dolomite
MAT-CARB-5841,0,580,-83.08456121121225,41.551124130042446,dolomite
MAT-CARB-5841,0,581,-83.08654058876697,41.553324785685824,dolomite
MAT-CARB-5841,0,582,-83.08729485406651,41.55553139675339,dolomite
MAT-CARB-5841,0,583,-83.08759794572141,41.56530492621799,dolomite
MAT-CARB-5841,0,584,-83.08909886027446,41.56879716497676,dolomite
MAT-CARB-5841,0,585,-83.0913400816356,41.572838336388344,dolomite
MAT-CARB-5841,0,586,-83.0928252522278,41.57448871059395,dolomite
MAT-CARB-5841,0,587,-83.09529909243702,41.57705512459432,dolomite
MAT-CARB-5841,0,588,-83.09678931558469,41.57925801644154,dolomite
MAT-CARB-5841,0,589,-83.09730070578817,41.58164991360813,dolomite
MAT-CARB-5841,0,590,-83.0992879004695,41.5845870257757,dolomite
MAT-CARB-5841,0,591,-83.10004455871456,41.586977678674394,dolomite
MAT-CARB-5841,0,592,-83.10079310869176,41.58844742160653,dolomite
MAT-CARB-5841,0,593,-83.1010497212146,41.58973545685938,dolomite
MAT-CARB-5841,0,594,-83.10086330527358,41.59636705839147,dolomite
MAT-CARB-5841,0,595,-83.1023590440085,41.599122352934415,dolomite
MAT-CARB-5841,0,596,-83.10507604881684,41.6013189551286,dolomite
MAT-CARB-5841,0,597,-83.10562927058608,41.60177792597203,dolomite
MAT-CARB-5841,0,598,-83.10622365645389,41.60259395190372,dolomite
MAT-CARB-5841,0,599,-83.10643813065762,41.60312839830318,dolomite
MAT-CARB-5841,0,600,-83.10640125949823,41.603695595131256,dolomite
MAT-CARB-5841,0,601,-83.10620541575457,41.605240139524724,dolomite
MAT-CARB-5841,0,602,-83.10546830878955,41.607228398588,dolomite
MAT-CARB-5841,0,603,-83.10522907936513,41.6086156540747,dolomite
MAT-CARB-5841,0,604,-83.10536135708267,41.609339497547765,dolomite
MAT-CARB-5841,0,605,-83.10562000940565,41.610125699142046,dolomite
MAT-CARB-5841,0,606,-83.10664005238107,41.61163259816393,dolomite
MAT-CARB-5841,0,607,-83.10779016439784,41.61337997546754,dolomite
MAT-CARB-5841,0,608,-83.1072666239573,41.61327256351934,dolomite
MAT-CARB-5841,0,609,-83.10668757620142,41.61309179379297,dolomite
MAT-CARB-5841,0,610,-83.10615309475443,41.61309262271311,dolomite
MAT-CARB-5841,0,611,-83.10580147135676,41.61304363044071,dolomite
MAT-CARB-5841,0,612,-83.10523684774752,41.61280782194017,dolomite
MAT-CARB-5841,0,613,-83.10470911816017,41.61265999586811,dolomite
MAT-CARB-5841,0,614,-83.10432822705401,41.61261103668104,dolomite
MAT-CARB-5841,0,615,-83.10381562491668,41.6125897781307,dolomite
MAT-CARB-5841,0,616,-83.10350224225891,41.61299759291439,dolomite
MAT-CARB-5841,0,617,-83.10314976847235,41.61270086960476,dolomite
MAT-CARB-5841,0,618,-83.10240194157534,41.612421318563186,dolomite
MAT-CARB-5841,0,619,-83.10163931906668,41.612092170615746,dolomite
MAT-CARB-5841,0,620,-83.09885387652137,41.611177080748604,dolomite
MAT-CARB-5841,0,621,-83.0972853688326,41.610689476575565,dolomite
MAT-CARB-5841,0,622,-83.09381798903216,41.60944499041203,dolomite
MAT-CARB-5841,0,623,-83.09177296715923,41.60873782577463,dolomite
MAT-CARB-5841,0,624,-83.08774073896576,41.60710313457638,dolomite
MAT-CARB-5841,0,625,-83.08457324279773,41.60564327486204,dolomite
MAT-CARB-5841,0,626,-83.08261564502179,41.604765192562226,dolomite
MAT-CARB-5841,0,627,-83.08123671125294,41.603957892033435,dolomite
MAT-CARB-5841,0,628,-83.0794039677503,41.603167653533,dolomite
MAT-CARB-5841,0,629,-83.07798823883464,41.60228329104927,dolomite
MAT-CARB-5841,0,630,-83.07743829690212,41.602003263269,dolomite
MAT-CARB-5841,0,631,-83.07702058987223,41.60186068328519,dolomite
MAT-CARB-5841,0,632,-83.07663178858098,41.60160247687707,dolomite
MAT-CARB-5841,0,633,-83.07613320685665,41.60134989601748,dolomite
MAT-CARB-5841,0,634,-83.07222401219039,41.598987902863435,dolomite
MAT-CARB-5841,0,635,-83.06991401427928,41.59765320636147,dolomite
MAT-CARB-5841,0,636,-83.06774241398934,41.596059522155564,dolomite
MAT-CARB-5841,0,637,-83.06659049319646,41.595169196153634,dolomite
MAT-CARB-5841,0,638,-83.06530576193842,41.59393219885912,dolomite
MAT-CARB-5841,0,639,-83.06277988440279,41.591265486184035,dolomite
MAT-CARB-5841,0,640,-83.06164795359305,41.589670463398086,dolomite
MAT-CARB-5841,0,641,-83.06102257023474,41.58857025813577,dolomite
MAT-CARB-5841,0,642,-83.06083623735448,41.58743651800034,dolomite
MAT-CARB-5841,0,643,-83.06106919363975,41.58701790952498,dolomite
MAT-CARB-5841,0,644,-83.0611633446169,41.58667100700749,dolomite
MAT-CARB-5841,0,645,-83.06105253129851,41.58632434756688,dolomite
MAT-CARB-5841,0,646,-83.06004047785176,41.58561540394485,dolomite
MAT-CARB-5841,0,647,-83.05935744906394,41.584812498398875,dolomite
MAT-CARB-5841,0,648,-83.05867514555872,41.58424634787837,dolomite
MAT-CARB-5841,0,649,-83.05778036136395,41.58358129588219,dolomite
MAT-CARB-5841,0,650,-83.05758690634704,41.58346530620587,dolomite
MAT-CARB-5841,0,651,-83.05661461492424,41.582855976281934,dolomite
MAT-CARB-5841,0,652,-83.0562188975917,41.582680282870996,dolomite
MAT-CARB-5841,0,653,-83.05575690969589,41.582356029607546,dolomite
MAT-CARB-5841,0,654,-83.05545649941853,41.58222975246262,dolomite
MAT-CARB-5841,0,655,-83.05513350383063,41.58188332575832,dolomite
MAT-CARB-5841,0,656,-83.0548616164784,41.58149278171698,dolomite
MAT-CARB-5841,0,657,-83.0544804518334,41.581295074996426,dolomite
MAT-CARB-5841,0,658,-83.0541430383078,41.58102020984185,dolomite
MAT-CARB-5841,0,659,-83.05385651347736,41.58062970330442,dolomite
MAT-CARB-5841,0,660,-83.05343089689558,41.580211807391294,dolomite
MAT-CARB-5841,0,661,-83.05297712297477,41.58020127911042,dolomite
MAT-CARB-5841,0,662,-83.05255928055479,41.57994301495049,dolomite
MAT-CARB-5841,0,663,-83.05258043356827,41.57965676107679,dolomite
MAT-CARB-5841,0,664,-83.05238145868466,41.57918357206259,dolomite
MAT-CARB-5841,0,665,-83.0519332321234,41.578534495611926,dolomite
MAT-CARB-5841,0,666,-83.05137588049459,41.57810573250863,dolomite
MAT-CARB-5841,0,667,-83.05100159607223,41.577726316607155,dolomite
MAT-CARB-5841,0,668,-83.05073712353811,41.57735780556395,dolomite
MAT-CARB-5841,0,669,-83.05031127826007,41.57685732058868,dolomite
MAT-CARB-5841,0,670,-83.04995128305674,41.576351267093386,dolomite
MAT-CARB-5841,0,671,-83.04967872224736,41.57569101051777,dolomite
MAT-CARB-5841,0,672,-83.04920875641457,41.57510252225223,dolomite
MAT-CARB-5841,0,673,-83.04855042996304,41.574633369549346,dolomite
MAT-CARB-5841,0,674,-83.04802761734787,41.57402484981541,dolomite
MAT-CARB-5841,0,675,-83.04774836957814,41.57359578807147,dolomite
MAT-CARB-5841,0,676,-83.04779078021107,41.57304527383593,dolomite
MAT-CARB-5841,0,677,-83.04599209531243,41.57088930226211,dolomite
MAT-CARB-5841,0,678,-83.04553817208286,41.570779658096534,dolomite
MAT-CARB-5841,0,679,-83.04517082154017,41.5702406009165,dolomite
MAT-CARB-5841,0,680,-83.04491343433885,41.56975093131594,dolomite
MAT-CARB-5841,0,681,-83.04451045254254,41.56955318062174,dolomite
MAT-CARB-5841,0,682,-83.04415824021632,41.56920123128526,dolomite
MAT-CARB-5841,0,683,-83.04379808475646,41.56859606832486,dolomite
MAT-CARB-5841,0,684,-83.04111324658099,41.56601157295982,dolomite
MAT-CARB-5841,0,685,-83.03784999341853,41.56319083319427,dolomite
MAT-CARB-5841,0,686,-83.03262251682959,41.55888008742264,dolomite
MAT-CARB-5841,0,687,-83.0314645779315,41.5580884632589,dolomite
MAT-CARB-5841,0,688,-83.03085677450372,41.55784681161561,dolomite
MAT-CARB-5841,0,689,-83.03041784539501,41.55784721318934,dolomite
MAT-CARB-5841,0,690,-83.03031495405943,41.55766566899294,dolomite
MAT-CARB-5841,0,691,-83.03052637838948,41.557368207495244,dolomite
MAT-CARB-5841,0,692,-83.02892870731242,41.556213651074934,dolomite
MAT-CARB-5841,0,693,-83.02726520399062,41.555042604054805,dolomite
MAT-CARB-5841,0,694,-83.02519914635164,41.5537727764053,dolomite
MAT-CARB-5841,0,695,-83.02315492934525,41.55240386420966,dolomite
MAT-CARB-5841,0,696,-83.02083978385828,41.55089747915542,dolomite
MAT-CARB-5841,0,697,-83.01894284656488,41.5498971461909,dolomite
MAT-CARB-5841,0,698,-83.01794715556852,41.549523619540636,dolomite
MAT-CARB-5841,0,699,-83.01755867635931,41.549171633947495,dolomite
MAT-CARB-5841,0,700,-83.01662107126263,41.54859439950643,dolomite
MAT-CARB-5841,0,701,-83.01580789756635,41.54805005602264,dolomite
MAT-CARB-5841,0,702,-83.01498760880655,41.5476103129972,dolomite
MAT-CARB-5841,0,703,-83.01425566949018,41.54739069207129,dolomite
MAT-CARB-5841,0,704,-83.01355217215223,41.54681871178496,dolomite
MAT-CARB-5841,0,705,-83.01205795449893,41.54590603775863,dolomite
MAT-CARB-5841,0,706,-83.01152306372069,41.54547706695033,dolomite
MAT-CARB-5841,0,707,-83.0110985206207,41.545350792945285,dolomite
MAT-CARB-5841,0,708,-83.00766416446278,41.54353670942805,dolomite
MAT-CARB-5841,0,709,-83.00699757544594,41.54306927400134,dolomite
MAT-CARB-5841,0,710,-83.00644864008882,41.54289351015257,dolomite
MAT-CARB-5841,0,711,-83.00571643800514,41.542525215298525,dolomite
MAT-CARB-5841,0,712,-83.00482263708517,41.54184323569546,dolomite
MAT-CARB-5841,0,713,-83.00425184075814,41.541700492389076,dolomite
MAT-CARB-5841,0,714,-83.00362962964269,41.54144219580389,dolomite
MAT-CARB-5841,0,715,-83.00367321228505,41.54129904033528,dolomite
MAT-CARB-5841,0,716,-83.00187962186403,41.54048002695258,dolomite
MAT-CARB-5841,0,717,-82.99961060941949,41.53965580547093,dolomite
MAT-CARB-5841,0,718,-82.99949079129975,41.5381667284949,dolomite
MAT-CARB-5841,0,719,-82.99903575831493,41.53793055872578,dolomite
MAT-CARB-5841,0,720,-82.99808874471474,41.53733168501175,dolomite
MAT-CARB-5841,0,721,-82.997810139022,41.53730445317014,dolomite
MAT-CARB-5841,0,722,-82.99757513051546,41.53713960701965,dolomite
MAT-CARB-5841,0,723,-82.99757476311868,41.53698001490738,dolomite
MAT-CARB-5841,0,724,-82.9963787394931,41.536458430648736,dolomite
MAT-CARB-5841,0,725,-82.99454409311048,41.535535721136746,dolomite
MAT-CARB-5841,0,726,-82.99367798628211,41.53502479160545,dolomite
MAT-CARB-5841,0,727,-82.99329640396799,41.53485458736715,dolomite
MAT-CARB-5841,0,728,-82.9927825996461,41.53454140208378,dolomite
MAT-CARB-5841,0,729,-82.99203474780819,41.53444858386429,dolomite
MAT-CARB-5841,0,730,-82.99182875244473,41.53411858300823,dolomite
MAT-CARB-5841,0,731,-82.99044895624054,41.533327458837526,dolomite
MAT-CARB-5841,0,732,-82.9899064636618,41.53328395188859,dolomite
MAT-CARB-5841,0,733,-82.98974471187162,41.53306399343453,dolomite
MAT-CARB-5841,0,734,-82.98948770247225,41.5328551190627,dolomite
MAT-CARB-5841,0,735,-82.9869053008493,41.531800945089024,dolomite
MAT-CARB-5841,0,736,-82.98559183375927,41.53110875146613,dolomite
MAT-CARB-5841,0,737,-82.98514434002622,41.53093856787319,dolomite
MAT-CARB-5841,0,738,-82.98432244430238,41.5304825455232,dolomite
MAT-CARB-5841,0,739,-82.98390402333061,41.53019126207758,dolomite
MAT-CARB-5841,0,740,-82.98319965052552,41.52984520479424,dolomite
MAT-CARB-5841,0,741,-82.98240754600297,41.52958174746008,dolomite
MAT-CARB-5841,0,742,-82.9804631225573,41.528570891784504,dolomite
MAT-CARB-5841,0,743,-82.97836457660881,41.5274335507743,dolomite
MAT-CARB-5841,0,744,-82.9775139593475,41.5272141487285,dolomite
MAT-CARB-5841,0,745,-82.97724976011715,41.527038270048095,dolomite
MAT-CARB-5841,0,746,-82.97350866831938,41.52541247175447,dolomite
MAT-CARB-5841,0,747,-82.97290004183458,41.52524786852959,dolomite
MAT-CARB-5841,0,748,-82.97253371418086,41.525303202852996,dolomite
MAT-CARB-5841,0,749,-82.9722036820177,41.5251934228573,dolomite
MAT-CARB-5841,0,750,-82.97176271828965,41.52456088891271,dolomite
MAT-CARB-5841,0,751,-82.97062594089365,41.52415455201832,dolomite
MAT-CARB-5841,0,752,-82.965661615215,41.52267807674688,dolomite
MAT-CARB-5841,0,753,-82.9641585886909,41.52233250315966,dolomite
MAT-CARB-5841,0,754,-82.96226097004586,41.52181097947557,dolomite
MAT-CARB-5841,0,755,-82.96207713293624,41.52176045374794,dolomite
MAT-CARB-5841,0,756,-82.96076377307587,41.521399462195596,dolomite
MAT-CARB-5841,0,757,-82.95975959096467,41.5212790938911,dolomite
MAT-CARB-5841,0,758,-82.95900424362982,41.5210099922949,dolomite
MAT-CARB-5841,0,759,-82.95778659738329,41.52037795656683,dolomite
MAT-CARB-5841,0,760,-82.95576307243019,41.51985104987852,dolomite
MAT-CARB-5841,0,761,-82.95306964468972,41.519318985039035,dolomite
MAT-CARB-5841,0,762,-82.95003790185298,41.518754145869146,dolomite
MAT-CARB-5841,0,763,-82.94753071212665,41.51814484829218,dolomite
MAT-CARB-5841,0,764,-82.94726683942024,41.518106501099474,dolomite
MAT-CARB-5841,0,765,-82.94558794165197,41.517650737505576,dolomite
MAT-CARB-5841,0,766,-82.94495018497801,41.517502528767125,dolomite
MAT-CARB-5841,0,767,-82.94467175116448,41.51752470558835,dolomite
MAT-CARB-5841,0,768,-82.94455426039067,41.51736516065549,dolomite
MAT-CARB-5841,0,769,-82.94440753521235,41.517271712296164,dolomite
MAT-CARB-5841,0,770,-82.94412169962614,41.51723335714627,dolomite
MAT-CARB-5841,0,771,-82.94389471183943,41.51734354614605,dolomite
MAT-CARB-5841,0,772,-82.94352079280067,41.51722819920907,dolomite
MAT-CARB-5841,0,773,-82.94297852693934,41.517234012144236,dolomite
MAT-CARB-5841,0,774,-82.94293417956722,41.5169808903567,dolomite
MAT-CARB-5841,0,775,-82.93777491480385,41.516730635308576,dolomite
MAT-CARB-5841,0,776,-82.9368224028457,41.51680818176988,dolomite
MAT-CARB-5841,0,777,-82.93646195051963,41.51584525208927,dolomite
MAT-CARB-5841,0,778,-82.93613941904096,41.51579039067691,dolomite
MAT-CARB-5841,0,779,-82.93589740625606,41.51564193067635,dolomite
MAT-CARB-5841,0,780,-82.93556033785795,41.51565864926269,dolomite
MAT-CARB-5841,0,781,-82.93541344136447,41.51541653777743,dolomite
MAT-CARB-5841,0,782,-82.93517888916236,41.51537262725757,dolomite
MAT-CARB-5841,0,783,-82.93499580016139,41.51544429804149,dolomite
MAT-CARB-5841,0,784,-82.93484141135211,41.51510314770191,dolomite
MAT-CARB-5841,0,785,-82.93476772711595,41.514822510053,dolomite
MAT-CARB-5841,0,786,-82.93400550821579,41.51470733119341,dolomite
MAT-CARB-5841,0,787,-82.93378580929223,41.514823015159664,dolomite
MAT-CARB-5841,0,788,-82.931682550678,41.514664467522685,dolomite
MAT-CARB-5841,0,789,-82.93069318275306,41.514565881432915,dolomite
MAT-CARB-5841,0,790,-82.92950605946376,41.5145279217246,dolomite
MAT-CARB-5841,0,791,-82.92872184752116,41.514418218473516,dolomite
MAT-CARB-5841,0,792,-82.92774718221388,41.51435263227476,dolomite
MAT-CARB-5841,0,793,-82.92718302917908,41.51440241694929,dolomite
MAT-CARB-5841,0,794,-82.9267949238618,41.514606205437325,dolomite
MAT-CARB-5841,0,795,-82.9259521944688,41.51457356904982,dolomite
MAT-CARB-5841,0,796,-82.92553417731692,41.51433161099454,dolomite
MAT-CARB-5841,0,797,-82.92491124544144,41.51426031228436,dolomite
MAT-CARB-5841,0,798,-82.92435436309168,41.51428257639901,dolomite
MAT-CARB-5841,0,799,-82.9241128631462,41.514497302638816,dolomite
MAT-CARB-5841,0,800,-82.92356342261807,41.514613116701454,dolomite
MAT-CARB-5841,0,801,-82.92300656668696,41.51465185790189,dolomite
MAT-CARB-5841,0,802,-82.92267691948251,41.514729044947494,dolomite
MAT-CARB-5841,0,803,-82.92222261118106,41.514740241817115,dolomite
MAT-CARB-5841,0,804,-82.92184177581463,41.51488348536106,dolomite
MAT-CARB-5841,0,805,-82.92154887385838,41.51504320429131,dolomite
MAT-CARB-5841,0,806,-82.92094788228546,41.51494438138996,dolomite
MAT-CARB-5841,0,807,-82.9201345652304,41.51498872497754,dolomite
MAT-CARB-5841,0,808,-82.9192112850517,41.514989097865175,dolomite
MAT-CARB-5841,0,809,-82.9188963461338,41.515126781281396,dolomite
MAT-CARB-5841,0,810,-82.91723297407759,41.5151824587268,dolomite
MAT-CARB-5841,0,811,-82.91700587491324,41.5152210686007,dolomite
MAT-CARB-5841,0,812,-82.9167863901961,41.51550731446771,dolomite
MAT-CARB-5841,0,813,-82.91609768849958,41.515606627583075,dolomite
MAT-CARB-5841,0,814,-82.91587004793689,41.51519395875196,dolomite
MAT-CARB-5841,0,815,-82.91548919370855,41.515342667448195,dolomite
MAT-CARB-5841,0,816,-82.9143684526191,41.51570078101526,dolomite
MAT-CARB-5841,0,817,-82.91379691620118,41.51573398989187,dolomite
MAT-CARB-5841,0,818,-82.91340865197957,41.51580567594528,dolomite
MAT-CARB-5841,0,819,-82.91304227186066,41.51582780781472,dolomite
MAT-CARB-5841,0,820,-82.9128003553168,41.51572883368372,dolomite
MAT-CARB-5841,0,821,-82.91231678194967,41.515789516442446,dolomite
MAT-CARB-5841,0,822,-82.91208933622191,41.51552543757933,dolomite
MAT-CARB-5841,0,823,-82.91167165443542,41.51554209134518,dolomite
MAT-CARB-5841,0,824,-82.9114374832739,41.515817352091794,dolomite
MAT-CARB-5841,0,825,-82.91054360271576,41.515944213915795,dolomite
MAT-CARB-5841,0,826,-82.91036053321771,41.516059839301136,dolomite
MAT-CARB-5841,0,827,-82.90986974448563,41.51621957443336,dolomite
MAT-CARB-5841,0,828,-82.90948889493049,41.516390314917665,dolomite
MAT-CARB-5841,0,829,-82.9085877937472,41.51661071151997,dolomite
MAT-CARB-5841,0,830,-82.9078328815182,41.516462347777484,dolomite
MAT-CARB-5841,0,831,-82.9071586683241,41.5164075049136,dolomite
MAT-CARB-5841,0,832,-82.9065798170678,41.516451674848085,dolomite
MAT-CARB-5841,0,833,-82.90660205024517,41.516721340506564,dolomite
MAT-CARB-5841,0,834,-82.90637936077496,41.516742554227584,dolomite
MAT-CARB-5841,0,835,-82.90602322541996,41.516776533151166,dolomite
MAT-CARB-5841,0,836,-82.90570800826039,41.51667206037694,dolomite
MAT-CARB-5841,0,837,-82.90552509020124,41.51693076246453,dolomite
MAT-CARB-5841,0,838,-82.90510007067878,41.516936392595916,dolomite
MAT-CARB-5841,0,839,-82.90482169171659,41.517024520147665,dolomite
MAT-CARB-5841,0,840,-82.90432351593937,41.51712369935506,dolomite
MAT-CARB-5841,0,841,-82.90376634906286,41.51687618292365,dolomite
MAT-CARB-5841,0,842,-82.90327560308991,41.51710196150685,dolomite
MAT-CARB-5841,0,843,-82.90287264256419,41.51718460591235,dolomite
MAT-CARB-5841,0,844,-82.90261624497104,41.517300245778216,dolomite
MAT-CARB-5841,0,845,-82.90240435295112,41.51795518979604,dolomite
MAT-CARB-5841,0,846,-82.90197193692366,41.517883764881724,dolomite
MAT-CARB-5841,0,847,-82.90151762476154,41.517916879483444,dolomite
MAT-CARB-5841,0,848,-82.90105595202995,41.51788397370285,dolomite
MAT-CARB-5841,0,849,-82.90057978209681,41.518065700127075,dolomite
MAT-CARB-5841,0,850,-82.89972258676633,41.51825851163279,dolomite
MAT-CARB-5841,0,851,-82.89885816351133,41.51854486559354,dolomite
MAT-CARB-5841,0,852,-82.8988225479472,41.519656554942856,dolomite
MAT-CARB-5841,0,853,-82.89745241860118,41.51994301267541,dolomite
MAT-CARB-5841,0,854,-82.89721732871192,41.519288158510946,dolomite
MAT-CARB-5841,0,855,-82.8966307854211,41.51895807035235,dolomite
MAT-CARB-5841,0,856,-82.89608122826327,41.5190242260385,dolomite
MAT-CARB-5841,0,857,-82.8954732597155,41.519299506982286,dolomite
MAT-CARB-5841,0,858,-82.89503361495774,41.51936565255142,dolomite
MAT-CARB-5841,0,859,-82.89452805927736,41.51948132589049,dolomite
MAT-CARB-5841,0,860,-82.89403707111742,41.51949791205583,dolomite
MAT-CARB-5841,0,861,-82.89300408767487,41.51982278934973,dolomite
MAT-CARB-5841,0,862,-82.89175135082587,41.520296285626706,dolomite
MAT-CARB-5841,0,863,-82.89119461229139,41.520588052806225,dolomite
MAT-CARB-5841,0,864,-82.88920178944625,41.5211881989671,dolomite
MAT-CARB-5841,0,865,-82.88777317506097,41.521738715122794,dolomite
MAT-CARB-5841,0,866,-82.8865132165583,41.52248180874076,dolomite
MAT-CARB-5841,0,867,-82.88466710450759,41.523434083088624,dolomite
MAT-CARB-5841,0,868,-82.8830700336139,41.52422670802478,dolomite
MAT-CARB-5841,0,869,-82.88146561851863,41.52506338120953,dolomite
MAT-CARB-5841,0,870,-82.88034470984405,41.52567983219617,dolomite
MAT-CARB-5841,0,871,-82.88002228493991,41.52576790370747,dolomite
MAT-CARB-5841,0,872,-82.87842514381954,41.52673105721191,dolomite
MAT-CARB-5841,0,873,-82.87772172695502,41.52695122771748,dolomite
MAT-CARB-5841,0,874,-82.87690868523563,41.527765737668375,dolomite
MAT-CARB-5841,0,875,-82.87616330442934,41.527819004077095,dolomite
MAT-CARB-5841,0,876,-82.87591992304904,41.527993758368986,dolomite
MAT-CARB-5841,0,877,-82.87468129344502,41.52888297588568,dolomite
MAT-CARB-5841,0,878,-82.87381976314039,41.52961212687667,dolomite
MAT-CARB-5841,0,879,-82.873288698159,41.52992783616506,dolomite
MAT-CARB-5841,0,880,-82.87291081108698,41.53028305525564,dolomite
MAT-CARB-5841,0,881,-82.87201832763014,41.530805521866256,dolomite
MAT-CARB-5841,0,882,-82.86935232650134,41.53262055870362,dolomite
MAT-CARB-5841,0,883,-82.86890811440057,41.53300835847955,dolomite
MAT-CARB-5841,0,884,-82.86847773157663,41.53345678081079,dolomite
MAT-CARB-5841,0,885,-82.86810980706143,41.534169700173514,dolomite
MAT-CARB-5841,0,886,-82.86800150722891,41.53462017761655,dolomite
MAT-CARB-5841,0,887,-82.8678925496893,41.53488904078292,dolomite
MAT-CARB-5841,0,888,-82.86785026299489,41.534993362205284,dolomite
MAT-CARB-5841,0,889,-82.86753239718541,41.53523340854393,dolomite
MAT-CARB-5841,0,890,-82.86731453731467,41.53566118200498,dolomite
MAT-CARB-5841,0,891,-82.86672452488507,41.535998487838604,dolomite
MAT-CARB-5841,0,892,-82.86618257385472,41.53657820085072,dolomite
MAT-CARB-5841,0,893,-82.86561299203123,41.537031204280666,dolomite
MAT-CARB-5841,0,894,-82.86483020354541,41.53755432253717,dolomite
MAT-CARB-5841,0,895,-82.86428294317143,41.53797993509775,dolomite
MAT-CARB-5841,0,896,-82.8638106845296,41.53826846185576,dolomite
MAT-CARB-5841,0,897,-82.8633444717019,41.53865060099765,dolomite
MAT-CARB-5841,0,898,-82.86284240366297,41.53897744580843,dolomite
MAT-CARB-5841,0,899,-82.8623752047467,41.53943659625614,dolomite
MAT-CARB-5841,0,900,-82.86192896282549,41.5399729133021,dolomite
MAT-CARB-5841,0,901,-82.86165302256084,41.54036176744982,dolomite
MAT-CARB-5841,0,902,-82.86175609732281,41.54087967190142,dolomite
MAT-CARB-5841,0,903,-82.8613833196078,41.54139445507968,dolomite
MAT-CARB-5841,0,904,-82.861076305846,41.541920667928096,dolomite
MAT-CARB-5841,0,905,-82.8608710314502,41.542502578158484,dolomite
MAT-CARB-5841,0,906,-82.86143500580334,41.54360678064658,dolomite
MAT-CARB-5841,0,907,-82.86126849716725,41.544023853950705,dolomite
MAT-CARB-5841,0,908,-82.86074460621288,41.54433405157176,dolomite
MAT-CARB-5841,0,909,-82.85986867472606,41.54469145919951,dolomite
MAT-CARB-5841,0,910,-82.85858325087902,41.54556889858888,dolomite
MAT-CARB-5841,0,911,-82.85782808146747,41.54620770415731,dolomite
MAT-CARB-5841,0,912,-82.85689322398328,41.54714795488534,dolomite
MAT-CARB-5841,0,913,-82.85661800267658,41.547476263956575,dolomite
MAT-CARB-5841,0,914,-82.85666509811479,41.54779571768213,dolomite
MAT-CARB-5841,0,915,-82.85680044627446,41.54808273885531,dolomite
MAT-CARB-5841,0,916,-82.85665563526776,41.548516469429984,dolomite
MAT-CARB-5841,0,917,-82.85643064811161,41.54892216141465,dolomite
MAT-CARB-5841,0,918,-82.85651962726986,41.54939595278801,dolomite
MAT-CARB-5841,0,919,-82.85636873409025,41.54973609629805,dolomite
MAT-CARB-5841,0,920,-82.85631330836476,41.55005486612795,dolomite
MAT-CARB-5841,0,921,-82.85631636462708,41.55037952360282,dolomite
MAT-CARB-5841,0,922,-82.85608570293878,41.55065863369719,dolomite
MAT-CARB-5841,0,923,-82.85601677856765,41.550889269253545,dolomite
MAT-CARB-5841,0,924,-82.85582416525746,41.55105856293641,dolomite
MAT-CARB-5841,0,925,-82.8556965951048,41.55129433587597,dolomite
MAT-CARB-5841,0,926,-82.85541539968564,41.55151805680739,dolomite
MAT-CARB-5841,0,927,-82.85531633115914,41.55181454787066,dolomite
MAT-CARB-5841,0,928,-82.85496205154747,41.55202677284328,dolomite
MAT-CARB-5841,0,929,-82.85508247343535,41.552335724748744,dolomite
MAT-CARB-5841,0,930,-82.85538001531188,41.552541251591066,dolomite
MAT-CARB-5841,0,931,-82.85549492813641,41.55275291274715,dolomite
MAT-CARB-5841,0,932,-82.85556589648674,41.552883633293405,dolomite
MAT-CARB-5841,0,933,-82.85539267092773,41.55380688387856,dolomite
MAT-CARB-5841,0,934,-82.85563846476397,41.55405060227628,dolomite
MAT-CARB-5841,0,935,-82.85557360853376,41.554528878894445,dolomite
MAT-CARB-5841,0,936,-82.85556870564525,41.55490300720377,dolomite
MAT-CARB-5841,0,937,-82.85530449081573,41.55550652250136,dolomite
MAT-CARB-5841,0,938,-82.85493317762446,41.555900245191786,dolomite
MAT-CARB-5841,0,939,-82.85485739389735,41.55604985647727,dolomite
MAT-CARB-5841,0,940,-82.85467756384854,41.55640478144797,dolomite
MAT-CARB-5841,0,941,-82.85440196347325,41.55676061920047,dolomite
MAT-CARB-5841,0,942,-82.85411376939486,41.55695679384573,dolomite
MAT-CARB-5841,0,943,-82.85380740842297,41.55742245058177,dolomite
MAT-CARB-5841,0,944,-82.85343159841617,41.55760154830456,dolomite
MAT-CARB-5841,0,945,-82.85293713871229,41.55788990031805,dolomite
MAT-CARB-5841,0,946,-82.85245358251453,41.558464431816674,dolomite
MAT-CARB-5841,0,947,-82.85202366605691,41.5588577402982,dolomite
MAT-CARB-5841,0,948,-82.85185504885186,41.559175301092026,dolomite
MAT-CARB-5841,0,949,-82.85150547898675,41.55983371464651,dolomite
MAT-CARB-5841,0,950,-82.85124793672904,41.56048129912591,dolomite
MAT-CARB-5841,0,951,-82.85128628216854,41.56090521342698,dolomite
MAT-CARB-5841,0,952,-82.85143824572603,41.56104378935457,dolomite
MAT-CARB-5841,0,953,-82.85173749556444,41.56112280480257,dolomite
MAT-CARB-5841,0,954,-82.85197661883915,41.56131696337741,dolomite
MAT-CARB-5841,0,955,-82.85222771943819,41.56171480315083,dolomite
MAT-CARB-5841,0,956,-82.85261684807831,41.56219607731447,dolomite
MAT-CARB-5841,0,957,-82.85327813307416,41.56258560767343,dolomite
MAT-CARB-5841,0,958,-82.85386013308671,41.562881106243125,dolomite
MAT-CARB-5841,0,959,-82.8548591897321,41.56376257873418,dolomite
MAT-CARB-5841,0,960,-82.85515224236931,41.564314720625234,dolomite
MAT-CARB-5841,0,961,-82.85513954832663,41.56472180679855,dolomite
MAT-CARB-5841,0,962,-82.85519875911716,41.565233911854925,dolomite
MAT-CARB-5841,0,963,-82.85556610616825,41.56570404993025,dolomite
MAT-CARB-5841,0,964,-82.85583845817516,41.56615702532302,dolomite
MAT-CARB-5841,0,965,-82.85599407056729,41.56657622842515,dolomite
MAT-CARB-5841,0,966,-82.8562446053909,41.567018050186554,dolomite
MAT-CARB-5841,0,967,-82.85626895011328,41.567397874677205,dolomite
MAT-CARB-5841,0,968,-82.85598971911486,41.5677159860775,dolomite
MAT-CARB-5841,0,969,-82.85580795608979,41.567923037235296,dolomite
MAT-CARB-5841,0,970,-82.85550951479566,41.5683392499191,dolomite
MAT-CARB-5841,0,971,-82.85503921866045,41.5684571973545,dolomite
MAT-CARB-5841,0,972,-82.85478124313106,41.56858203118688,dolomite
MAT-CARB-5841,0,973,-82.85448241722804,41.56932463130092,dolomite
MAT-CARB-5841,0,974,-82.8539862340562,41.57055760021927,dolomite
MAT-CARB-5841,0,975,-82.85392163716229,41.57101384589716,dolomite
MAT-CARB-5841,0,976,-82.85426746882767,41.57145083699182,dolomite
MAT-CARB-5841,0,977,-82.8544446217085,41.57190318878162,dolomite
MAT-CARB-5841,0,978,-82.85508242363753,41.572419096366936,dolomite
MAT-CARB-5841,0,979,-82.8555239768434,41.57281820062857,dolomite
MAT-CARB-5841,0,980,-82.8557622127101,41.57308387761007,dolomite
MAT-CARB-5841,0,981,-82.85602579100569,41.57309113309917,dolomite
MAT-CARB-5841,0,982,-82.85622915046017,41.57322453064296,dolomite
MAT-CARB-5841,0,983,-82.8563760549558,41.573192474027714,dolomite
MAT-CARB-5841,0,984,-82.85652067842207,41.57277523614793,dolomite
MAT-CARB-5841,0,985,-82.85677230052325,41.57257881052767,dolomite
MAT-CARB-5841,0,986,-82.8569555497919,41.57256902436489,dolomite
MAT-CARB-5841,0,987,-82.8569671753098,41.572800184897424,dolomite
MAT-CARB-5841,0,988,-82.85689011335116,41.57309131343763,dolomite
MAT-CARB-5841,0,989,-82.85778871348877,41.57382904266103,dolomite
MAT-CARB-5841,0,990,-82.85855681199877,41.57390562979962,dolomite
MAT-CARB-5841,0,991,-82.8589781120824,41.57417802190041,dolomite
MAT-CARB-5841,0,992,-82.85926349998535,41.57475762465763,dolomite
MAT-CARB-5841,0,993,-82.85916116025928,41.57530166278226,dolomite
MAT-CARB-5841,0,994,-82.85928768254841,41.5757096736126,dolomite
MAT-CARB-5841,0,995,-82.85916359509942,41.57623707432858,dolomite
MAT-CARB-5841,0,996,-82.85883686161038,41.57657606519063,dolomite
MAT-CARB-5841,0,997,-82.85829129084881,41.57684207067564,dolomite
MAT-CARB-5841,0,998,-82.85799100654094,41.577155886207045,dolomite
MAT-CARB-5841,0,999,-82.8578308561602,41.57732324500074,dolomite
MAT-CARB-5841,0,1000,-82.85777480698162,41.577686027242606,dolomite
MAT-CARB-5841,0,1001,-82.85726279499228,41.57818885376906,dolomite
MAT-CARB-5841,0,1002,-82.85692727123751,41.578637812301494,dolomite
MAT-CARB-5841,0,1003,-82.85630558051436,41.57912340770538,dolomite
MAT-CARB-5841,0,1004,-82.85510269496892,41.579797756458824,dolomite
MAT-CARB-5841,0,1005,-82.85459913583763,41.580212593402536,dolomite
MAT-CARB-5841,0,1006,-82.85441124123743,41.58057450025717,dolomite
MAT-CARB-5841,0,1007,-82.85394431663208,41.580984070273246,dolomite
MAT-CARB-5841,0,1008,-82.85357700428371,41.58161990393161,dolomite
MAT-CARB-5841,0,1009,-82.85315303262377,41.58266250612964,dolomite
MAT-CARB-5841,0,1010,-82.85301082680394,41.58289266311914,dolomite
MAT-CARB-5841,0,1011,-82.8524229998132,41.583026328919104,dolomite
MAT-CARB-5841,0,1012,-82.85167605756382,41.58300487505229,dolomite
MAT-CARB-5841,0,1013,-82.85097924987441,41.58307177079717,dolomite
MAT-CARB-5841,0,1014,-82.85049427689586,41.58318409193421,dolomite
MAT-CARB-5841,0,1015,-82.84930665692184,41.58379794565444,dolomite
MAT-CARB-5841,0,1016,-82.84851139661289,41.58410628836765,dolomite
MAT-CARB-5841,0,1017,-82.84831078689122,41.5843195229211,dolomite
MAT-CARB-5841,0,1018,-82.84783158064474,41.58454744020062,dolomite
MAT-CARB-5841,0,1019,-82.84758644500172,41.58480440793761,dolomite
MAT-CARB-5841,0,1020,-82.84718187468594,41.58492824841661,dolomite
MAT-CARB-5841,0,1021,-82.84703333175108,41.585081324523316,dolomite
MAT-CARB-5841,0,1022,-82.84623462889765,41.58509248477072,dolomite
MAT-CARB-5841,0,1023,-82.84527281188113,41.5852511333427,dolomite
MAT-CARB-5841,0,1024,-82.8446544111862,41.58547809343144,dolomite
MAT-CARB-5841,0,1025,-82.84381798509982,41.585571538303306,dolomite
MAT-CARB-5841,0,1026,-82.84292789992001,41.58584618987652,dolomite
MAT-CARB-5841,0,1027,-82.84224437649888,41.586012192889164,dolomite
MAT-CARB-5841,0,1028,-82.84155429805996,41.586117601483515,dolomite
MAT-CARB-5841,0,1029,-82.84058415727398,41.586347677941006,dolomite
MAT-CARB-5841,0,1030,-82.83991452451805,41.58656875238099,dolomite
MAT-CARB-5841,0,1031,-82.8394063504707,41.58676890852182,dolomite
MAT-CARB-5841,0,1032,-82.83876683708574,41.58692966635169,dolomite
MAT-CARB-5841,0,1033,-82.83734645518554,41.587409782567484,dolomite
MAT-CARB-5841,0,1034,-82.83678067751278,41.58753250394134,dolomite
MAT-CARB-5841,0,1035,-82.836608695395,41.58724524328733,dolomite
MAT-CARB-5841,0,1036,-82.83659757725778,41.587198432659086,dolomite
MAT-CARB-5841,0,1037,-82.8364908010131,41.58674923709001,dolomite
MAT-CARB-5841,0,1038,-82.83605502928991,41.58646567508199,dolomite
MAT-CARB-5841,0,1039,-82.83519699992578,41.58653139361615,dolomite
MAT-CARB-5841,0,1040,-82.83454316934717,41.58666452458154,dolomite
MAT-CARB-5841,0,1041,-82.83447430230467,41.5866698994287,dolomite
MAT-CARB-5841,0,1042,-82.83369978459022,41.58673032880132,dolomite
MAT-CARB-5841,0,1043,-82.83339591043642,41.58699239382831,dolomite
MAT-CARB-5841,0,1044,-82.83288658497196,41.58727504701559,dolomite
MAT-CARB-5841,0,1045,-82.83254548663251,41.5875753333835,dolomite
MAT-CARB-5841,0,1046,-82.83231870623175,41.587551798861895,dolomite
MAT-CARB-5841,0,1047,-82.83218330035028,41.58727027237462,dolomite
MAT-CARB-5841,0,1048,-82.83238643988237,41.586875478106734,dolomite
MAT-CARB-5841,0,1049,-82.83279062634024,41.58678468094662,dolomite
MAT-CARB-5841,0,1050,-82.8332621804473,41.58658432519282,dolomite
MAT-CARB-5841,0,1051,-82.83331726463032,41.58575936778977,dolomite
MAT-CARB-5841,0,1052,-82.83270250343739,41.58516644229793,dolomite
MAT-CARB-5841,0,1053,-82.83227686486379,41.58467937247227,dolomite
MAT-CARB-5841,0,1054,-82.83135872154358,41.584309968209965,dolomite
MAT-CARB-5841,0,1055,-82.83118865559273,41.58388515755194,dolomite
MAT-CARB-5841,0,1056,-82.83076312825867,41.58338705673568,dolomite
MAT-CARB-5841,0,1057,-82.82978680418724,41.582450541309434,dolomite
MAT-CARB-5841,0,1058,-82.82919987797948,41.58197333595366,dolomite
MAT-CARB-5841,0,1059,-82.82873178102925,41.58137590055226,dolomite
MAT-CARB-5841,0,1060,-82.82834701878251,41.58112017102532,dolomite
MAT-CARB-5841,0,1061,-82.82802228885889,41.58075482312051,dolomite
MAT-CARB-5841,0,1062,-82.8277030487735,41.58052705078628,dolomite
MAT-CARB-5841,0,1063,-82.82748481732816,41.580415504199834,dolomite
MAT-CARB-5841,0,1064,-82.82743158377464,41.580018945623,dolomite
MAT-CARB-5841,0,1065,-82.82730398008788,41.57970445317279,dolomite
MAT-CARB-5841,0,1066,-82.82668493213725,41.57889690449307,dolomite
MAT-CARB-5841,0,1067,-82.8257011379784,41.57797680058014,dolomite
MAT-CARB-5841,0,1068,-82.82532273976916,41.577792623040445,dolomite
MAT-CARB-5841,0,1069,-82.8255400750516,41.577430955750344,dolomite
MAT-CARB-5841,0,1070,-82.82514379289378,41.576944052518,dolomite
MAT-CARB-5841,0,1071,-82.82459463698571,41.57639006724828,dolomite
MAT-CARB-5841,0,1072,-82.82417849227767,41.575748947519116,dolomite
MAT-CARB-5841,0,1073,-82.8236800503939,41.575233819427424,dolomite
MAT-CARB-5841,0,1074,-82.82318734293749,41.57483978326797,dolomite
MAT-CARB-5841,0,1075,-82.8228149190988,41.574754668550895,dolomite
MAT-CARB-5841,0,1076,-82.82280717666576,41.57424842031478,dolomite
MAT-CARB-5841,0,1077,-82.82272947241296,41.57349959167992,dolomite
MAT-CARB-5841,0,1078,-82.82234961468804,41.572886203351416,dolomite
MAT-CARB-5841,0,1079,-82.82175004558037,41.57227134472921,dolomite
MAT-CARB-5841,0,1080,-82.82096872319381,41.571556180302146,dolomite
MAT-CARB-5841,0,1081,-82.82084388026897,41.57104360620989,dolomite
MAT-CARB-5841,0,1082,-82.82034770261612,41.5703688960706,dolomite
MAT-CARB-5841,0,1083,-82.81957142069575,41.56982432085761,dolomite
MAT-CARB-5841,0,1084,-82.81882362984415,41.569340466778094,dolomite
MAT-CARB-5841,0,1085,-82.81812534423865,41.568983483544876,dolomite
MAT-CARB-5841,0,1086,-82.81733846950051,41.568680922443086,dolomite
MAT-CARB-5841,0,1087,-82.81702951984629,41.568244111525544,dolomite
MAT-CARB-5841,0,1088,-82.8155522922545,41.56701234861617,dolomite
MAT-CARB-5841,0,1089,-82.81527422910158,41.56699390773423,dolomite
MAT-CARB-5841,0,1090,-82.81533831550318,41.56659269860198,dolomite
MAT-CARB-5841,0,1091,-82.81523051617653,41.565909678067904,dolomite
MAT-CARB-5841,0,1092,-82.81418254773651,41.56478622468826,dolomite
MAT-CARB-5841,0,1093,-82.81271991859866,41.56473672287597,dolomite
MAT-CARB-5841,0,1094,-82.81191513193505,41.56467611894443,dolomite
MAT-CARB-5841,0,1095,-82.80978270723317,41.56369832128559,dolomite
MAT-CARB-5841,0,1096,-82.8085562574515,41.56288641855935,dolomite
MAT-CARB-5841,0,1097,-82.80756146015777,41.562268713503535,dolomite
MAT-CARB-5841,0,1098,-82.80690268815191,41.5617138519995,dolomite
MAT-CARB-5841,0,1099,-82.80586653449888,41.56091424242406,dolomite
MAT-CARB-5841,0,1100,-82.80562663028493,41.56025779249629,dolomite
MAT-CARB-5841,0,1101,-82.80436198626566,41.559038398679306,dolomite
MAT-CARB-5841,0,1102,-82.80348200743039,41.55806929291069,dolomite
MAT-CARB-5841,0,1103,-82.80274285959753,41.55698014018585,dolomite
MAT-CARB-5841,0,1104,-82.80183416915654,41.55597231330131,dolomite
MAT-CARB-5841,0,1105,-82.80129657773595,41.555137647059404,dolomite
MAT-CARB-5841,0,1106,-82.8006647245412,41.55434361161858,dolomite
MAT-CARB-5841,0,1107,-82.80211115046605,41.55415222929084,dolomite
MAT-CARB-5841,0,1108,-82.80302764866866,41.55414992248262,dolomite
MAT-CARB-5841,0,1109,-82.80412615982287,41.553871602868284,dolomite
MAT-CARB-5841,0,1110,-82.80559188614473,41.55373009924707,dolomite
MAT-CARB-5841,0,1111,-82.806324436002,41.55359047569305,dolomite
MAT-CARB-5841,0,1112,-82.80797343476395,41.55344847581019,dolomite
MAT-CARB-5841,0,1113,-82.80888737722974,41.552895066833564,dolomite
MAT-CARB-5841,0,1114,-82.81016790135561,41.55234067786778,dolomite
MAT-CARB-5841,0,1115,-82.81126508957927,41.55178677724594,dolomite
MAT-CARB-5841,0,1116,-82.81199633922714,41.551371548616885,dolomite
MAT-CARB-5841,0,1117,-82.81290640759337,41.54999147879699,dolomite
MAT-CARB-5841,0,1118,-82.8132723188177,41.549852766174155,dolomite
MAT-CARB-5841,0,1119,-82.81418939662392,41.54998813214989,dolomite
MAT-CARB-5841,0,1120,-82.81492185186075,41.54984845585977,dolomite
MAT-CARB-5841,0,1121,-82.81547106751884,41.54970922870605,dolomite
MAT-CARB-5841,0,1122,-82.81601835554099,41.54915672520717,dolomite
MAT-CARB-5841,0,1123,-82.81638361324023,41.548880217602424,dolomite
MAT-CARB-5841,0,1124,-82.81674440127162,41.54763931989064,dolomite
MAT-CARB-5841,0,1125,-82.8167424714054,41.54722601798538,dolomite
MAT-CARB-5841,0,1126,-82.81765819391036,41.54708584152355,dolomite
MAT-CARB-5841,0,1127,-82.8187584727523,41.54722068857898,dolomite
MAT-CARB-5841,0,1128,-82.81949092520543,41.547080984025264,dolomite
MAT-CARB-5841,0,1129,-82.82076994995272,41.54625093545059,dolomite
MAT-CARB-5841,0,1130,-82.82168173100943,41.54528409590788,dolomite
MAT-CARB-5841,0,1131,-82.82184538280129,41.5411505175692,dolomite
MAT-CARB-5841,0,1132,-82.8214749660851,41.540324862714925,dolomite
MAT-CARB-5841,0,1133,-82.82110713039744,41.540050324613894,dolomite
MAT-CARB-5841,0,1134,-82.82074063677011,41.54005130324458,dolomite
MAT-CARB-5841,0,1135,-82.81890939061684,41.54033169780117,dolomite
MAT-CARB-5841,0,1136,-82.81781305918044,41.5410234873863,dolomite
MAT-CARB-5841,0,1137,-82.81341488879147,41.54103503712067,dolomite
MAT-CARB-5841,0,1138,-82.81195071998175,41.54145215542927,dolomite
MAT-CARB-5841,0,1139,-82.80847503890195,41.54283884035977,dolomite
MAT-CARB-5841,0,1140,-82.80445253264477,41.54491566463542,dolomite
MAT-CARB-5841,0,1141,-82.80170719815665,41.5457492022115,dolomite
MAT-CARB-5841,0,1142,-82.79950976530584,41.546168032640765,dolomite
MAT-CARB-5841,0,1143,-82.79534918763096,41.547624024445874,dolomite
MAT-CARB-5841,0,1144,-82.7949632400586,41.54724090140313,dolomite
MAT-CARB-14,0,0,-82.80062727429404,41.55429656061181,dolomite
MAT-CARB-14,0,1,-82.79949924256006,41.55274793452299,dolomite
MAT-CARB-14,0,2,-82.7988077005516,41.55192869519275,dolomite
MAT-CARB-14,0,3,-82.79688790707297,41.54940600766023,dolomite
MAT-CARB-14,0,4,-82.79653756442737,41.548803780157165,dolomite
MAT-CARB-14,0,5,-82.79534918763096,41.547624024445874,dolomite
MAT-CARB-14,0,6,-82.79950976530584,41.546168032640765,dolomite
MAT-CARB-14,0,7,-82.80170719815665,41.5457492022115,dolomite
MAT-CARB-14,0,8,-82.80445253264477,41.54491566463542,dolomite
MAT-CARB-14,0,9,-82.80847503890195,41.54283884035977,dolomite
MAT-CARB-14,0,10,-82.81195071998175,41.54145215542927,dolomite
MAT-CARB-14,0,11,-82.81341488879147,41.54103503712067,dolomite
MAT-CARB-14,0,12,-82.81781305918044,41.5410234873863,dolomite
MAT-CARB-14,0,13,-82.81890939061684,41.54033169780117,dolomite
MAT-CARB-14,0,14,-82.82074063677011,41.54005130324458,dolomite
MAT-CARB-14,0,15,-82.82110713039744,41.540050324613894,dolomite
MAT-CARB-14,0,16,-82.8214749660851,41.540324862714925,dolomite
MAT-CARB-14,0,17,-82.82184538280129,41.5411505175692,dolomite
MAT-CARB-14,0,18,-82.82168173100943,41.54528409590788,dolomite
MAT-CARB-14,0,19,-82.82076994995272,41.54625093545059,dolomite
MAT-CARB-14,0,20,-82.81949092520543,41.547080984025264,dolomite
MAT-CARB-14,0,21,-82.8187584727523,41.54722068857898,dolomite
MAT-CARB-14,0,22,-82.81765819391036,41.54708584152355,dolomite
MAT-CARB-14,0,23,-82.8167424714054,41.54722601798538,dolomite
MAT-CARB-14,0,24,-82.81674440127162,41.54763931989064,dolomite
MAT-CARB-14,0,25,-82.81638361324023,41.548880217602424,dolomite
MAT-CARB-14,0,26,-82.81601835554099,41.54915672520717,dolomite
MAT-CARB-14,0,27,-82.81547106751884,41.54970922870605,dolomite
MAT-CARB-14,0,28,-82.81492185186075,41.54984845585977,dolomite
MAT-CARB-14,0,29,-82.81418939662392,41.54998813214989,dolomite
MAT-CARB-14,0,30,-82.8132723188177,41.549852766174155,dolomite
MAT-CARB-14,0,31,-82.81290640759337,41.54999147879699,dolomite
MAT-CARB-14,0,32,-82.81199633922714,41.551371548616885,dolomite
MAT-CARB-14,0,33,-82.81126508957927,41.55178677724594,dolomite
MAT-CARB-14,0,34,-82.81016790135561,41.55234067786778,dolomite
MAT-CARB-14,0,35,-82.80888737722974,41.552895066833564,dolomite
MAT-CARB-14,0,36,-82.80797343476395,41.55344847581019,dolomite
MAT-CARB-14,0,37,-82.806324436002,41.55359047569305,dolomite
MAT-CARB-14,0,38,-82.80559188614473,41.55373009924707,dolomite
MAT-CARB-14,0,39,-82.80412615982287,41.553871602868284,dolomite
MAT-CARB-14,0,40,-82.80302764866866,41.55414992248262,dolomite
MAT-CARB-14,0,41,-82.80211115046605,41.55415222929084,dolomite
MAT-CARB-14,0,42,-82.8006647245412,41.55434361161858,dolomite
MAT-CARB-14,0,43,-82.80062727429404,41.55429656061181,dolomite
MAT-CARB-5858,0,0,-82.83333610926942,41.59010456972556,dolomite
MAT-CARB-5858,0,1,-82.8335385999794,41.59012696296822,dolomite
MAT-CARB-5858,0,2,-82.83372277622536,41.59031003394449,dolomite
MAT-CARB-5858,0,3,-82.8338109824,41.59039582087627,dolomite
MAT-CARB-5858,0,4,-82.83384606390892,41.59053915536769,dolomite
MAT-CARB-5858,0,5,-82.83378937727834,41.59065978995509,dolomite
MAT-CARB-5858,0,6,-82.83366369390525,41.59072324319474,dolomite
MAT-CARB-5858,0,7,-82.83323655425579,41.59081621822664,dolomite
MAT-CARB-5858,0,8,-82.83289701934643,41.59088026294101,dolomite
MAT-CARB-5858,0,9,-82.83280593540593,41.59098950122208,dolomite
MAT-CARB-5858,0,10,-82.8326690051271,41.59109889365746,dolomite
MAT-CARB-5858,0,11,-82.83219963484272,41.591140368264995,dolomite
MAT-CARB-5858,0,12,-82.83177597230731,41.5911759283336,dolomite
MAT-CARB-5858,0,13,-82.83140549081213,41.59114255896774,dolomite
MAT-CARB-5858,0,14,-82.8311005047408,41.591235189737354,dolomite
MAT-CARB-5858,0,15,-82.83073417757582,41.59128207928224,dolomite
MAT-CARB-5858,0,16,-82.83048982223643,41.59128275093365,dolomite
MAT-CARB-5858,0,17,-82.83030680682384,41.5913291627819,dolomite
MAT-CARB-5858,0,18,-82.83019615666656,41.59135239372737,dolomite
MAT-CARB-5858,0,19,-82.83012353105654,41.59132966594089,dolomite
MAT-CARB-5858,0,20,-82.83010397825105,41.59123790135289,dolomite
MAT-CARB-5858,0,21,-82.83012241346272,41.59110017821644,dolomite
MAT-CARB-5858,0,22,-82.8301825988201,41.59091643132003,dolomite
MAT-CARB-5858,0,23,-82.8302932309301,41.59090463657402,dolomite
MAT-CARB-5858,0,24,-82.83042695284206,41.59091576029256,dolomite
MAT-CARB-5858,0,25,-82.83091521278992,41.59082262711923,dolomite
MAT-CARB-5858,0,26,-82.83128105224014,41.59068394746655,dolomite
MAT-CARB-5858,0,27,-82.83170778111602,41.590499189616175,dolomite
MAT-CARB-5858,0,28,-82.83219581133041,41.59036014266695,dolomite
MAT-CARB-5858,0,29,-82.83243971318502,41.5902676778823,dolomite
MAT-CARB-5858,0,30,-82.83298881902272,41.59012848628085,dolomite
MAT-CARB-5858,0,31,-82.8331757413236,41.590105014056874,dolomite
MAT-CARB-5858,0,32,-82.83333610926942,41.59010456972556,dolomite
MAT-CARB-5834,0,0,-82.72046994363929,41.594782933707926,dolomite
MAT-CARB-5834,0,1,-82.721279081063,41.595018232123714,dolomite
MAT-CARB-5834,0,2,-82.72154954530873,41.59506548053785,dolomite
MAT-CARB-5834,0,3,-82.72184295552536,41.595068888914156,dolomite
MAT-CARB-5834,0,4,-82.72204908576836,41.59503825922577,dolomite
MAT-CARB-5834,0,5,-82.72229416554389,41.59490896570179,dolomite
MAT-CARB-5834,0,6,-82.72231293278433,41.59472743486272,dolomite
MAT-CARB-5834,0,7,-82.72209967973488,41.594746943767696,dolomite
MAT-CARB-5834,0,8,-82.72219129635248,41.594588315079136,dolomite
MAT-CARB-5834,0,9,-82.72240582950572,41.59451373498497,dolomite
MAT-CARB-5834,0,10,-82.72234548385146,41.59425967504595,dolomite
MAT-CARB-5834,0,11,-82.7223528207852,41.593934816622614,dolomite
MAT-CARB-5834,0,12,-82.72237085576398,41.593786333676334,dolomite
MAT-CARB-5834,0,13,-82.72250623762496,41.593639196899964,dolomite
MAT-CARB-5834,0,14,-82.72275549035349,41.59364762115579,dolomite
MAT-CARB-5834,0,15,-82.72284169865962,41.594056198402555,dolomite
MAT-CARB-5834,0,16,-82.72280094792404,41.59456239553618,dolomite
MAT-CARB-5834,0,17,-82.72282715739227,41.59470040256346,dolomite
MAT-CARB-5834,0,18,-82.72296941743902,41.594900338703525,dolomite
MAT-CARB-5834,0,19,-82.72320935638754,41.59499675746523,dolomite
MAT-CARB-5834,0,20,-82.72368620729442,41.59500237129753,dolomite
MAT-CARB-5834,0,21,-82.72392145440173,41.594983065465435,dolomite
MAT-CARB-5834,0,22,-82.72413556656225,41.59492499271652,dolomite
MAT-CARB-5834,0,23,-82.724524223691,41.59461011880273,dolomite
MAT-CARB-5834,0,24,-82.72495735825568,41.59459864136619,dolomite
MAT-CARB-5834,0,25,-82.72510174157811,41.59438001633111,dolomite
MAT-CARB-5834,0,26,-82.72552928412473,41.5942914017909,dolomite
MAT-CARB-5834,0,27,-82.72547896091874,41.59457172104862,dolomite
MAT-CARB-5834,0,28,-82.7256743122252,41.59469514948199,dolomite
MAT-CARB-5834,0,29,-82.72573708056274,41.59483909326896,dolomite
MAT-CARB-5834,0,30,-82.7254728106936,41.59517197532633,dolomite
MAT-CARB-5834,0,31,-82.72552007029009,41.5953542604217,dolomite
MAT-CARB-5834,0,32,-82.72600162051164,41.59547553328046,dolomite
MAT-CARB-5834,0,33,-82.72629233188792,41.595600097800066,dolomite
MAT-CARB-5834,0,34,-82.72673039886124,41.59602380574887,dolomite
MAT-CARB-5834,0,35,-82.7270768345984,41.59628116285683,dolomite
MAT-CARB-5834,0,36,-82.72749829056036,41.596792767494776,dolomite
MAT-CARB-5834,0,37,-82.72757575215803,41.59693690168198,dolomite
MAT-CARB-5834,0,38,-82.7283566927584,41.59777763019206,dolomite
MAT-CARB-5834,0,39,-82.72861623934274,41.59798446684753,dolomite
MAT-CARB-5834,0,40,-82.7291296323158,41.59832086686725,dolomite
MAT-CARB-5834,0,41,-82.7293308879792,41.598510480597604,dolomite
MAT-CARB-5834,0,42,-82.72945921589793,41.59867719648101,dolomite
MAT-CARB-5834,0,43,-82.7296824321807,41.59886706934768,dolomite
MAT-CARB-5834,0,44,-82.72986683025103,41.59882516896145,dolomite
MAT-CARB-5834,0,45,-82.7301681108702,41.59880662980898,dolomite
MAT-CARB-5834,0,46,-82.73077170119203,41.59905048418348,dolomite
MAT-CARB-5834,0,47,-82.73144144557764,41.599289573484214,dolomite
MAT-CARB-5834,0,48,-82.73143097772326,41.5991022018297,dolomite
MAT-CARB-5834,0,49,-82.73134603436769,41.59896354224308,dolomite
MAT-CARB-5834,0,50,-82.73138591873155,41.598820803105966,dolomite
MAT-CARB-5834,0,51,-82.73157091562526,41.598751337291795,dolomite
MAT-CARB-5834,0,52,-82.73183243963605,41.598870075451316,dolomite
MAT-CARB-5834,0,53,-82.73205967977218,41.59920865935554,dolomite
MAT-CARB-5834,0,54,-82.73201216152822,41.59936232835483,dolomite
MAT-CARB-5834,0,55,-82.73218468878282,41.599524046981436,dolomite
MAT-CARB-5834,0,56,-82.73242529349885,41.59959291153314,dolomite
MAT-CARB-5834,0,57,-82.73276176998463,41.5996408846259,dolomite
MAT-CARB-5834,0,58,-82.7332943901744,41.59977927912193,dolomite
MAT-CARB-5834,0,59,-82.73373730423074,41.59998818945096,dolomite
MAT-CARB-5834,0,60,-82.73414275712562,41.600235236249155,dolomite
MAT-CARB-5834,0,61,-82.73430829240158,41.60038034608413,dolomite
MAT-CARB-5834,0,62,-82.73454728677005,41.600520814855045,dolomite
MAT-CARB-5834,0,63,-82.73485436878087,41.60089886573114,dolomite
MAT-CARB-5834,0,64,-82.73489494891226,41.60105357031112,dolomite
MAT-CARB-5834,0,65,-82.73490529960328,41.601246453919124,dolomite
MAT-CARB-5834,0,66,-82.73504846947296,41.60206323156578,dolomite
MAT-CARB-5834,0,67,-82.73501897864188,41.60239885485576,dolomite
MAT-CARB-5834,0,68,-82.73498653466325,41.60253617761964,dolomite
MAT-CARB-5834,0,69,-82.73490228160621,41.60269491032778,dolomite
MAT-CARB-5834,0,70,-82.73454958555872,41.60304328557364,dolomite
MAT-CARB-5834,0,71,-82.73416788976114,41.60337482267564,dolomite
MAT-CARB-5834,0,72,-82.73361552582693,41.60379247359238,dolomite
MAT-CARB-5834,0,73,-82.73294508041238,41.6042363214234,dolomite
MAT-CARB-5834,0,74,-82.73229302400219,41.60451511720887,dolomite
MAT-CARB-5834,0,75,-82.73206799850868,41.60473280758475,dolomite
MAT-CARB-5834,0,76,-82.73185873344062,41.60490110321682,dolomite
MAT-CARB-5834,0,77,-82.73146629039714,41.60505625822704,dolomite
MAT-CARB-5834,0,78,-82.7300199204003,41.605738882678246,dolomite
MAT-CARB-5834,0,79,-82.72886462932793,41.60620458516107,dolomite
MAT-CARB-5834,0,80,-82.72836941891008,41.60635849925231,dolomite
MAT-CARB-5834,0,81,-82.72768788988304,41.606642481212944,dolomite
MAT-CARB-5834,0,82,-82.72748719302555,41.606755794329096,dolomite
MAT-CARB-5834,0,83,-82.72682005370439,41.60705090575844,dolomite
MAT-CARB-5834,0,84,-82.72620215012763,41.60744026053699,dolomite
MAT-CARB-5834,0,85,-82.7256760521858,41.60799036572197,dolomite
MAT-CARB-5834,0,86,-82.72540685419717,41.608537957903934,dolomite
MAT-CARB-5834,0,87,-82.72542410642438,41.60866032023518,dolomite
MAT-CARB-5834,0,88,-82.726247146579,41.60918526693232,dolomite
MAT-CARB-5834,0,89,-82.7263378849676,41.60927496565497,dolomite
MAT-CARB-5834,0,90,-82.72703224345689,41.609691466336585,dolomite
MAT-CARB-5834,0,91,-82.72696763881021,41.60974608026208,dolomite
MAT-CARB-5834,0,92,-82.72630617052387,41.6093415566273,dolomite
MAT-CARB-5834,0,93,-82.72608693335336,41.60930042101115,dolomite
MAT-CARB-5834,0,94,-82.72536176440357,41.60891194524729,dolomite
MAT-CARB-5834,0,95,-82.72487483939881,41.608696972273414,dolomite
MAT-CARB-5834,0,96,-82.72467016727086,41.608661538512784,dolomite
MAT-CARB-5834,0,97,-82.72448548341883,41.6087144556239,dolomite
MAT-CARB-5834,0,98,-82.72402947037664,41.60908364128009,dolomite
MAT-CARB-5834,0,99,-82.72383460592056,41.609263084554655,dolomite
MAT-CARB-5834,0,100,-82.72341132417881,41.60980890137202,dolomite
MAT-CARB-5834,0,101,-82.72333425209821,41.60997323355747,dolomite
MAT-CARB-5834,0,102,-82.72329366747967,41.61014347644774,dolomite
MAT-CARB-5834,0,103,-82.7232929469178,41.61050147405545,dolomite
MAT-CARB-5834,0,104,-82.72320092733375,41.610676638949656,dolomite
MAT-CARB-5834,0,105,-82.72287601020135,41.61109137478792,dolomite
MAT-CARB-5834,0,106,-82.72277664347038,41.61126644317771,dolomite
MAT-CARB-5834,0,107,-82.72274971265158,41.611811385051446,dolomite
MAT-CARB-5834,0,108,-82.72259858732394,41.61232732228416,dolomite
MAT-CARB-5834,0,109,-82.72261625005144,41.61252027375992,dolomite
MAT-CARB-5834,0,110,-82.72253419557052,41.61290485800397,dolomite
MAT-CARB-5834,0,111,-82.72253656352882,41.61312517960124,dolomite
MAT-CARB-5834,0,112,-82.72256926501656,41.61330181316872,dolomite
MAT-CARB-5834,0,113,-82.72281081408053,41.61365711262282,dolomite
MAT-CARB-5834,0,114,-82.72281666793657,41.61404819793771,dolomite
MAT-CARB-5834,0,115,-82.72275987814689,41.614614804029614,dolomite
MAT-CARB-5834,0,116,-82.72287653872202,41.614974173483404,dolomite
MAT-CARB-5834,0,117,-82.72288338116068,41.61532124077658,dolomite
MAT-CARB-5834,0,118,-82.72278443751402,41.61580471952862,dolomite
MAT-CARB-5834,0,119,-82.72249267188548,41.61637406308063,dolomite
MAT-CARB-5834,0,120,-82.72211023791097,41.616733093036984,dolomite
MAT-CARB-5834,0,121,-82.72162545184753,41.61707437485754,dolomite
MAT-CARB-5834,0,122,-82.72072436084221,41.61764763144361,dolomite
MAT-CARB-5834,0,123,-82.72005580185257,41.617997772489225,dolomite
MAT-CARB-5834,0,124,-82.72,41.618040430883326,dolomite
MAT-CARB-5834,0,125,-82.72,41.59461356591787,dolomite
MAT-CARB-5834,0,126,-82.72046994363929,41.594782933707926,dolomite
MAT-CARB-5828,0,0,-82.86594577491734,41.64438934838583,dolomite
MAT-CARB-5828,0,1,-82.86645032644888,41.64445423347366,dolomite
MAT-CARB-5828,0,2,-82.8673387960926,41.64433012136946,dolomite
MAT-CARB-5828,0,3,-82.86768957618003,41.644388175725815,dolomite
MAT-CARB-5828,0,4,-82.8678554755138,41.64455454143711,dolomite
MAT-CARB-5828,0,5,-82.86793841829669,41.64486858965912,dolomite
MAT-CARB-5828,0,6,-82.8680812780394,41.64510070487692,dolomite
MAT-CARB-5828,0,7,-82.86790966955802,41.645297088624915,dolomite
MAT-CARB-5828,0,8,-82.8674793882601,41.6456340947437,dolomite
MAT-CARB-5828,0,9,-82.86719357222655,41.64563707849678,dolomite
MAT-CARB-5828,0,10,-82.86676792324164,41.64568280223197,dolomite
MAT-CARB-5828,0,11,-82.86636552029374,41.64564629273154,dolomite
MAT-CARB-5828,0,12,-82.86590248534667,41.64573564836341,dolomite
MAT-CARB-5828,0,13,-82.86551951661838,41.645858709486056,dolomite
MAT-CARB-5828,0,14,-82.86486196807921,41.64620470520384,dolomite
MAT-CARB-5828,0,15,-82.86453029251817,41.64632821096253,dolomite
MAT-CARB-5828,0,16,-82.86382648793901,41.64635499382764,dolomite
MAT-CARB-5828,0,17,-82.86356073285845,41.646479092930406,dolomite
MAT-CARB-5828,0,18,-82.86325464535116,41.64637742546892,dolomite
MAT-CARB-5828,0,19,-82.86293709711444,41.64561057874605,dolomite
MAT-CARB-5828,0,20,-82.86267899044095,41.645251011032045,dolomite
MAT-CARB-5828,0,21,-82.86265249161404,41.64507489444246,dolomite
MAT-CARB-5828,0,22,-82.86287509049075,41.64490096152691,dolomite
MAT-CARB-5828,0,23,-82.86359843384302,41.64456654226896,dolomite
MAT-CARB-5828,0,24,-82.86407624879254,41.64446631837751,dolomite
MAT-CARB-5828,0,25,-82.86457448459761,41.6444652218497,dolomite
MAT-CARB-5828,0,26,-82.86491234923456,41.644413217699615,dolomite
MAT-CARB-5828,0,27,-82.86520658630374,41.644338857617406,dolomite
MAT-CARB-5828,0,28,-82.86531855828213,41.64420792672355,dolomite
MAT-CARB-5828,0,29,-82.86563365437964,41.644205214977646,dolomite
MAT-CARB-5828,0,30,-82.86594577491734,41.64438934838583,dolomite
MAT-CARB-5820,0,0,-82.80896061989267,41.66093082456637,dolomite
MAT-CARB-5820,0,1,-82.80844570137732,41.661486722455855,dolomite
MAT-CARB-5820,0,2,-82.80796580698512,41.66169664065904,dolomite
MAT-CARB-5820,0,3,-82.80742456075859,41.662070895662175,dolomite
MAT-CARB-5820,0,4,-82.80689885817408,41.66239031714478,dolomite
MAT-CARB-5820,0,5,-82.80659402434434,41.66265131136291,dolomite
MAT-CARB-5820,0,6,-82.8059532120731,41.663282986433686,dolomite
MAT-CARB-5820,0,7,-82.80520316817464,41.663869659154315,dolomite
MAT-CARB-5820,0,8,-82.80426966396918,41.66403137689141,dolomite
MAT-CARB-5820,0,9,-82.80397023233643,41.66396812772133,dolomite
MAT-CARB-5820,0,10,-82.80392106043415,41.66384122826104,dolomite
MAT-CARB-5820,0,11,-82.80367277038083,41.663789449208544,dolomite
MAT-CARB-5820,0,12,-82.80320322366342,41.663818055467004,dolomite
MAT-CARB-5820,0,13,-82.80275624030699,41.66381388746432,dolomite
MAT-CARB-5820,0,14,-82.80229147619208,41.66399643114125,dolomite
MAT-CARB-5820,0,15,-82.80173686622305,41.66428809505079,dolomite
MAT-CARB-5820,0,16,-82.80061669570196,41.66465691194011,dolomite
MAT-CARB-5820,0,17,-82.8000869551631,41.664778373518374,dolomite
MAT-CARB-5820,0,18,-82.79945795732422,41.664701043302884,dolomite
MAT-CARB-5820,0,19,-82.7989137198072,41.66481140201141,dolomite
MAT-CARB-5820,0,20,-82.79807920906966,41.66475409975829,dolomite
MAT-CARB-5820,0,21,-82.79743241942982,41.664863498955505,dolomite
MAT-CARB-5820,0,22,-82.7969540686049,41.66497993847243,dolomite
MAT-CARB-5820,0,23,-82.79671724135004,41.665115141844055,dolomite
MAT-CARB-5820,0,24,-82.79662255637791,41.6650812608817,dolomite
MAT-CARB-5820,0,25,-82.79663219466883,41.66494393009115,dolomite
MAT-CARB-5820,0,26,-82.795322249452,41.665261444950595,dolomite
MAT-CARB-5820,0,27,-82.79476087234221,41.665520020761065,dolomite
MAT-CARB-5820,0,28,-82.79351135072754,41.6648651673765,dolomite
MAT-CARB-5820,0,29,-82.79307430090402,41.66470715091783,dolomite
MAT-CARB-5820,0,30,-82.79271604272657,41.664654328033016,dolomite
MAT-CARB-5820,0,31,-82.79222514379164,41.66464419460889,dolomite
MAT-CARB-5820,0,32,-82.79146899833245,41.664719548319994,dolomite
MAT-CARB-5820,0,33,-82.79097052632844,41.66472582707665,dolomite
MAT-CARB-5820,0,34,-82.79052732329947,41.66493054049638,dolomite
MAT-CARB-5820,0,35,-82.79038584117397,41.665061113639965,dolomite
MAT-CARB-5820,0,36,-82.79022696582543,41.66492221517843,dolomite
MAT-CARB-5820,0,37,-82.79023053234954,41.664713380316456,dolomite
MAT-CARB-5820,0,38,-82.79017458820775,41.664553446968974,dolomite
MAT-CARB-5820,0,39,-82.79051116089809,41.66415535805747,dolomite
MAT-CARB-5820,0,40,-82.79081836231025,41.664191226282625,dolomite
MAT-CARB-5820,0,41,-82.79101358781803,41.66434698364178,dolomite
MAT-CARB-5820,0,42,-82.7912102515299,41.66442027614975,dolomite
MAT-CARB-5820,0,43,-82.79177419433599,41.66444208349301,dolomite
MAT-CARB-5820,0,44,-82.79211935691313,41.66440134616408,dolomite
MAT-CARB-5820,0,45,-82.79281780552186,41.66427051474466,dolomite
MAT-CARB-5820,0,46,-82.79316491718517,41.66411437354095,dolomite
MAT-CARB-5820,0,47,-82.79358542235083,41.663519173980404,dolomite
MAT-CARB-5820,0,48,-82.79373929793448,41.66308639197668,dolomite
MAT-CARB-5820,0,49,-82.79384942104318,41.662642198694115,dolomite
MAT-CARB-5820,0,50,-82.79401072949494,41.662203968092136,dolomite
MAT-CARB-5820,0,51,-82.79430558731882,41.66210230341591,dolomite
MAT-CARB-5820,0,52,-82.79492353802496,41.66153093962012,dolomite
MAT-CARB-5820,0,53,-82.79522350986214,41.66112700262481,dolomite
MAT-CARB-5820,0,54,-82.7953075762336,41.66092441391558,dolomite
MAT-CARB-5820,0,55,-82.79533658299883,41.66050693546839,dolomite
MAT-CARB-5820,0,56,-82.79580286390214,41.659802222983544,dolomite
MAT-CARB-5820,0,57,-82.79597916011501,41.659342150377526,dolomite
MAT-CARB-5820,0,58,-82.79670379398452,41.658524445564254,dolomite
MAT-CARB-5820,0,59,-82.79712783116281,41.65814915579906,dolomite
MAT-CARB-5820,0,60,-82.79743385408315,41.6578222014214,dolomite
MAT-CARB-5820,0,61,-82.79765882514563,41.65751650758068,dolomite
MAT-CARB-5820,0,62,-82.79802241151266,41.65725056294364,dolomite
MAT-CARB-5820,0,63,-82.79847285539046,41.65704591212238,dolomite
MAT-CARB-5820,0,64,-82.79904657877911,41.65691935642113,dolomite
MAT-CARB-5820,0,65,-82.80008861689078,41.656835645940504,dolomite
MAT-CARB-5820,0,66,-82.80041569457428,41.65612412996396,dolomite
MAT-CARB-5820,0,67,-82.80109764837003,41.65609752619897,dolomite
MAT-CARB-5820,0,68,-82.80155328233315,41.65601932660997,dolomite
MAT-CARB-5820,0,69,-82.8018809227222,41.65570906170215,dolomite
MAT-CARB-5820,0,70,-82.80219776635033,41.65516783681502,dolomite
MAT-CARB-5820,0,71,-82.8023863101618,41.65485078927687,dolomite
MAT-CARB-5820,0,72,-82.80246707299358,41.65440630196447,dolomite
MAT-CARB-5820,0,73,-82.80243598080935,41.65407620374928,dolomite
MAT-CARB-5820,0,74,-82.80235879453265,41.6538721215343,dolomite
MAT-CARB-5820,0,75,-82.80251129033256,41.65351625029085,dolomite
MAT-CARB-5820,0,76,-82.80308926188708,41.653571096729195,dolomite
MAT-CARB-5820,0,77,-82.80346016347745,41.65373944646824,dolomite
MAT-CARB-5820,0,78,-82.80386842362388,41.65386417999771,dolomite
MAT-CARB-5820,0,79,-82.80426130543792,41.65403274599065,dolomite
MAT-CARB-5820,0,80,-82.80532514781174,41.6539546936381,dolomite
MAT-CARB-5820,0,81,-82.80584984546675,41.654129995303435,dolomite
MAT-CARB-5820,0,82,-82.80632441826346,41.65423332638372,dolomite
MAT-CARB-5820,0,83,-82.80670331176741,41.6543632805569,dolomite
MAT-CARB-5820,0,84,-82.80773523830858,41.654438831208,dolomite
MAT-CARB-5820,0,85,-82.80855704842794,41.65437499808502,dolomite
MAT-CARB-5820,0,86,-82.8091415434146,41.65415803395635,dolomite
MAT-CARB-5820,0,87,-82.80926492490858,41.654112221852415,dolomite
MAT-CARB-5820,0,88,-82.81018056898964,41.65369196273882,dolomite
MAT-CARB-5820,0,89,-82.81121864859053,41.65295949465133,dolomite
MAT-CARB-5820,0,90,-82.81191842427229,41.652300867539985,dolomite
MAT-CARB-5820,0,91,-82.81242788531681,41.651629484490044,dolomite
MAT-CARB-5820,0,92,-82.8124066875057,41.65114005992142,dolomite
MAT-CARB-5820,0,93,-82.81260173769569,41.650867047596975,dolomite
MAT-CARB-5820,0,94,-82.81281777756244,41.65021490689708,dolomite
MAT-CARB-5820,0,95,-82.81289492931903,41.64909978052442,dolomite
MAT-CARB-5820,0,96,-82.81277822724796,41.64862598765689,dolomite
MAT-CARB-5820,0,97,-82.81241299800013,41.648116914977344,dolomite
MAT-CARB-5820,0,98,-82.81227252976377,41.64775282184982,dolomite
MAT-CARB-5820,0,99,-82.81214237879419,41.64720743263222,dolomite
MAT-CARB-5820,0,100,-82.81212001477097,41.646789474722674,dolomite
MAT-CARB-5820,0,101,-82.81214226291793,41.64633344689296,dolomite
MAT-CARB-5820,0,102,-82.81245689499538,41.64591861828979,dolomite
MAT-CARB-5820,0,103,-82.81260613066381,41.64531535263716,dolomite
MAT-CARB-5820,0,104,-82.81301718251724,41.64439016680239,dolomite
MAT-CARB-5820,0,105,-82.81322758247376,41.64407328907199,dolomite
MAT-CARB-5820,0,106,-82.81344230558317,41.6434980972244,dolomite
MAT-CARB-5820,0,107,-82.8135740023298,41.64337374493489,dolomite
MAT-CARB-5820,0,108,-82.81385166345345,41.64311161998384,dolomite
MAT-CARB-5820,0,109,-82.81421776226158,41.64312599470085,dolomite
MAT-CARB-5820,0,110,-82.81499490494141,41.643094675289674,dolomite
MAT-CARB-5820,0,111,-82.81556125125455,41.64296249128431,dolomite
MAT-CARB-5820,0,112,-82.81616073846308,41.64259972242662,dolomite
MAT-CARB-5820,0,113,-82.81649243994057,41.642036612491374,dolomite
MAT-CARB-5820,0,114,-82.81694700190319,41.64157357573088,dolomite
MAT-CARB-5820,0,115,-82.81782562806056,41.64116390885599,dolomite
MAT-CARB-5820,0,116,-82.81840578539476,41.64108128404154,dolomite
MAT-CARB-5820,0,117,-82.81887798531369,41.64088225495928,dolomite
MAT-CARB-5820,0,118,-82.81914843863048,41.64047797214792,dolomite
MAT-CARB-5820,0,119,-82.81953491940067,41.63970096754722,dolomite
MAT-CARB-5820,0,120,-82.82006857164959,41.63932658806166,dolomite
MAT-CARB-5820,0,121,-82.8202586722012,41.63935032494521,dolomite
MAT-CARB-5820,0,122,-82.82119114876924,41.63878170624404,dolomite
MAT-CARB-5820,0,123,-82.82176867550872,41.6388584583914,dolomite
MAT-CARB-5820,0,124,-82.82233398131845,41.6387866864638,dolomite
MAT-CARB-5820,0,125,-82.82286108714189,41.63836278459754,dolomite
MAT-CARB-5820,0,126,-82.82300372886391,41.63815518853534,dolomite
MAT-CARB-5820,0,127,-82.82338887990055,41.63790037553532,dolomite
MAT-CARB-5820,0,128,-82.82372347741932,41.637601106269855,dolomite
MAT-CARB-5820,0,129,-82.82372607138295,41.63699648875114,dolomite
MAT-CARB-5820,0,130,-82.82382691318027,41.636656602125164,dolomite
MAT-CARB-5820,0,131,-82.82434498822744,41.636337037090016,dolomite
MAT-CARB-5820,0,132,-82.82502234332878,41.63613435848705,dolomite
MAT-CARB-5820,0,133,-82.8252502883358,41.635636221155316,dolomite
MAT-CARB-5820,0,134,-82.82524835813753,41.634861148616174,dolomite
MAT-CARB-5820,0,135,-82.82568901185871,41.63434847619958,dolomite
MAT-CARB-5820,0,136,-82.82632151961168,41.63374960998147,dolomite
MAT-CARB-5820,0,137,-82.82613369551498,41.63358848318864,dolomite
MAT-CARB-5820,0,138,-82.82609284026572,41.633401207034524,dolomite
MAT-CARB-5820,0,139,-82.8269297849735,41.633287925004694,dolomite
MAT-CARB-5820,0,140,-82.8274095390478,41.63307244093014,dolomite
MAT-CARB-5820,0,141,-82.82756912088874,41.63272207878236,dolomite
MAT-CARB-5820,0,142,-82.82812595217811,41.63271617420667,dolomite
MAT-CARB-5820,0,143,-82.82851647459796,41.63257681056068,dolomite
MAT-CARB-5820,0,144,-82.82909317715868,41.63225226460087,dolomite
MAT-CARB-5820,0,145,-82.82958327615086,41.63229521302666,dolomite
MAT-CARB-5820,0,146,-82.83062664770006,41.63165606332895,dolomite
MAT-CARB-5820,0,147,-82.83141655745473,41.630833231705665,dolomite
MAT-CARB-5820,0,148,-82.83251248793748,41.630112114531954,dolomite
MAT-CARB-5820,0,149,-82.8337713945461,41.629727739341334,dolomite
MAT-CARB-5820,0,150,-82.83445985303425,41.6292832610657,dolomite
MAT-CARB-5820,0,151,-82.83504695169377,41.62921712703464,dolomite
MAT-CARB-5820,0,152,-82.8359575313292,41.62907694799208,dolomite
MAT-CARB-5820,0,153,-82.83668607256223,41.6288691503973,dolomite
MAT-CARB-5820,0,154,-82.8372795344004,41.628863539665275,dolomite
MAT-CARB-5820,0,155,-82.83873789643015,41.62837099614796,dolomite
MAT-CARB-5820,0,156,-82.83945070537712,41.62822901596775,dolomite
MAT-CARB-5820,0,157,-82.84018255249872,41.62826860652225,dolomite
MAT-CARB-5820,0,158,-82.84080004589721,41.62813673290542,dolomite
MAT-CARB-5820,0,159,-82.84107385576367,41.62796329604618,dolomite
MAT-CARB-5820,0,160,-82.84153250296754,41.628137837727245,dolomite
MAT-CARB-5820,0,161,-82.84179701426957,41.628541480278194,dolomite
MAT-CARB-5820,0,162,-82.84171065031784,41.62889801728301,dolomite
MAT-CARB-5820,0,163,-82.84134235006569,41.62947735069453,dolomite
MAT-CARB-5820,0,164,-82.84103905743521,41.63011225127131,dolomite
MAT-CARB-5820,0,165,-82.84059371596857,41.63092177671732,dolomite
MAT-CARB-5820,0,166,-82.84048841740636,41.63154196389652,dolomite
MAT-CARB-5820,0,167,-82.84006124472262,41.63258802042189,dolomite
MAT-CARB-5820,0,168,-82.83983674345339,41.63333356806116,dolomite
MAT-CARB-5820,0,169,-82.83976627526403,41.63406400832965,dolomite
MAT-CARB-5820,0,170,-82.83954530627891,41.63458968795064,dolomite
MAT-CARB-5820,0,171,-82.83887457027296,41.63529272211859,dolomite
MAT-CARB-5820,0,172,-82.83828280287838,41.636095434911184,dolomite
MAT-CARB-5820,0,173,-82.83785355672475,41.636811632442324,dolomite
MAT-CARB-5820,0,174,-82.83771948842883,41.6378493110851,dolomite
MAT-CARB-5820,0,175,-82.83771048458824,41.63840439215958,dolomite
MAT-CARB-5820,0,176,-82.83755863535292,41.639183568621064,dolomite
MAT-CARB-5820,0,177,-82.83721201466871,41.639774094286466,dolomite
MAT-CARB-5820,0,178,-82.83693767444379,41.64042573561773,dolomite
MAT-CARB-5820,0,179,-82.83699083100485,41.641212261382336,dolomite
MAT-CARB-5820,0,180,-82.8372875644615,41.64188555783089,dolomite
MAT-CARB-5820,0,181,-82.83744755835292,41.6424091746134,dolomite
MAT-CARB-5820,0,182,-82.83800233092416,41.64298589956159,dolomite
MAT-CARB-5820,0,183,-82.83874411140673,41.6433278982232,dolomite
MAT-CARB-5820,0,184,-82.83952116298596,41.643301932854,dolomite
MAT-CARB-5820,0,185,-82.83996768474955,41.64332793167948,dolomite
MAT-CARB-5820,0,186,-82.84037882953776,41.64372740092487,dolomite
MAT-CARB-5820,0,187,-82.84151867358409,41.64436980564866,dolomite
MAT-CARB-5820,0,188,-82.84168763292388,41.64434384970515,dolomite
MAT-CARB-5820,0,189,-82.84232173558416,41.6445474232456,dolomite
MAT-CARB-5820,0,190,-82.84256092491351,41.64470898059585,dolomite
MAT-CARB-5820,0,191,-82.84309259564353,41.64490615012117,dolomite
MAT-CARB-5820,0,192,-82.84343531787485,41.64500817571284,dolomite
MAT-CARB-5820,0,193,-82.84374721820598,41.64520336384962,dolomite
MAT-CARB-5820,0,194,-82.84389714466005,41.64544656638667,dolomite
MAT-CARB-5820,0,195,-82.84395836705315,41.645738452123744,dolomite
MAT-CARB-5820,0,196,-82.84353166636716,41.64630078326273,dolomite
MAT-CARB-5820,0,197,-82.84324411764688,41.646864361331914,dolomite
MAT-CARB-5820,0,198,-82.84324770087242,41.64709525699262,dolomite
MAT-CARB-5820,0,199,-82.84288195347493,41.647509708420095,dolomite
MAT-CARB-5820,0,200,-82.84258954402374,41.64746861038529,dolomite
MAT-CARB-5820,0,201,-82.84242435815608,41.64771449311891,dolomite
MAT-CARB-5820,0,202,-82.84167224290158,41.64846076598586,dolomite
MAT-CARB-5820,0,203,-82.8412123226739,41.64880842868526,dolomite
MAT-CARB-5820,0,204,-82.84109672366723,41.64915917311509,dolomite
MAT-CARB-5820,0,205,-82.840701946578,41.64955688878211,dolomite
MAT-CARB-5820,0,206,-82.84020476482443,41.64994266157675,dolomite
MAT-CARB-5820,0,207,-82.83959173762507,41.65023946834803,dolomite
MAT-CARB-5820,0,208,-82.83941101342229,41.65054015468347,dolomite
MAT-CARB-5820,0,209,-82.83914360829876,41.650763092710626,dolomite
MAT-CARB-5820,0,210,-82.83868553209982,41.65099534212332,dolomite
MAT-CARB-5820,0,211,-82.83863873041236,41.65117079155371,dolomite
MAT-CARB-5820,0,212,-82.83744594186558,41.652424290247524,dolomite
MAT-CARB-5820,0,213,-82.83706330808555,41.65297048357249,dolomite
MAT-CARB-5820,0,214,-82.83705662075211,41.65338270259652,dolomite
MAT-CARB-5820,0,215,-82.83673988849651,41.65348425995749,dolomite
MAT-CARB-5820,0,216,-82.83668037540025,41.65353869717808,dolomite
MAT-CARB-5820,0,217,-82.83655215925143,41.65376291232271,dolomite
MAT-CARB-5820,0,218,-82.83627783066267,41.653958302205446,dolomite
MAT-CARB-5820,0,219,-82.83598475299038,41.65440639477234,dolomite
MAT-CARB-5820,0,220,-82.83562476351578,41.65536504796371,dolomite
MAT-CARB-5820,0,221,-82.8353160299667,41.65542272923504,dolomite
MAT-CARB-5820,0,222,-82.83536231313524,41.655730947752794,dolomite
MAT-CARB-5820,0,223,-82.83522534526132,41.656043022157725,dolomite
MAT-CARB-5820,0,224,-82.83498310862636,41.65606832244985,dolomite
MAT-CARB-5820,0,225,-82.83462935280282,41.65619153166754,dolomite
MAT-CARB-5820,0,226,-82.83451555043216,41.656426865298116,dolomite
MAT-CARB-5820,0,227,-82.83406040132873,41.656477710234434,dolomite
MAT-CARB-5820,0,228,-82.83353005071704,41.65664330873985,dolomite
MAT-CARB-5820,0,229,-82.83307105209818,41.65693046675894,dolomite
MAT-CARB-5820,0,230,-82.83119080315697,41.65718822144761,dolomite
MAT-CARB-5820,0,231,-82.83049365251308,41.65724786296507,dolomite
MAT-CARB-5820,0,232,-82.8296102884985,41.657492678412666,dolomite
MAT-CARB-5820,0,233,-82.82888684184016,41.657815892377194,dolomite
MAT-CARB-5820,0,234,-82.82836135651293,41.65812989644963,dolomite
MAT-CARB-5820,0,235,-82.82763046365532,41.65845855275144,dolomite
MAT-CARB-5820,0,236,-82.82715159142477,41.658613589310185,dolomite
MAT-CARB-5820,0,237,-82.82686069531763,41.65892423406568,dolomite
MAT-CARB-5820,0,238,-82.82645071840416,41.65889852640902,dolomite
MAT-CARB-5820,0,239,-82.82589900772786,41.659025399787524,dolomite
MAT-CARB-5820,0,240,-82.82561251389056,41.659066761199156,dolomite
MAT-CARB-5820,0,241,-82.82528321915525,41.65903627910897,dolomite
MAT-CARB-5820,0,242,-82.8249458242017,41.659055179722586,dolomite
MAT-CARB-5820,0,243,-82.8246591628419,41.65910750859066,dolomite
MAT-CARB-5820,0,244,-82.82451506221197,41.65895778249989,dolomite
MAT-CARB-5820,0,245,-82.82461010923254,41.65852443173695,dolomite
MAT-CARB-5820,0,246,-82.82475167823321,41.658382793065144,dolomite
MAT-CARB-5820,0,247,-82.82490482169185,41.65842817667644,dolomite
MAT-CARB-5820,0,248,-82.82511088130563,41.658375077608355,dolomite
MAT-CARB-5820,0,249,-82.82605827988233,41.657806582923705,dolomite
MAT-CARB-5820,0,250,-82.82639669338913,41.65772723560918,dolomite
MAT-CARB-5820,0,251,-82.82664198703851,41.65751508249026,dolomite
MAT-CARB-5820,0,252,-82.82666956144224,41.6571745482373,dolomite
MAT-CARB-5820,0,253,-82.82662992838213,41.656910350564516,dolomite
MAT-CARB-5820,0,254,-82.82641981215929,41.656765522332286,dolomite
MAT-CARB-5820,0,255,-82.82621898765319,41.65649984169513,dolomite
MAT-CARB-5820,0,256,-82.82584727518123,41.65637552395946,dolomite
MAT-CARB-5820,0,257,-82.8251278838805,41.65600615776407,dolomite
MAT-CARB-5820,0,258,-82.82471040836623,41.65599135144998,dolomite
MAT-CARB-5820,0,259,-82.82470569464323,41.6558318978714,dolomite
MAT-CARB-5820,0,260,-82.82565460657382,41.65561521416419,dolomite
MAT-CARB-5820,0,261,-82.82607583179286,41.655399185327234,dolomite
MAT-CARB-5820,0,262,-82.82628434765815,41.655197717469726,dolomite
MAT-CARB-5820,0,263,-82.82634934867343,41.654808020897285,dolomite
MAT-CARB-5820,0,264,-82.82593650593397,41.654067695383326,dolomite
MAT-CARB-5820,0,265,-82.82558834592162,41.653850155857164,dolomite
MAT-CARB-5820,0,266,-82.82529707546978,41.65373754775749,dolomite
MAT-CARB-5820,0,267,-82.82503253349495,41.65378460762439,dolomite
MAT-CARB-5820,0,268,-82.82388003302411,41.65390599020243,dolomite
MAT-CARB-5820,0,269,-82.82421994179516,41.654623675626624,dolomite
MAT-CARB-5820,0,270,-82.82398324176928,41.654758933745335,dolomite
MAT-CARB-5820,0,271,-82.82391160863143,41.6546593331143,dolomite
MAT-CARB-5820,0,272,-82.82397146667415,41.654582935300695,dolomite
MAT-CARB-5820,0,273,-82.82353857939441,41.654172201346796,dolomite
MAT-CARB-5820,0,274,-82.8234869057322,41.654193730372754,dolomite
MAT-CARB-5820,0,275,-82.82367036349598,41.65462413964637,dolomite
MAT-CARB-5820,0,276,-82.82363264887637,41.654689755279676,dolomite
MAT-CARB-5820,0,277,-82.82376289891188,41.654789884045506,dolomite
MAT-CARB-5820,0,278,-82.82370354106493,41.65483331760083,dolomite
MAT-CARB-5820,0,279,-82.82322525514327,41.65451013013664,dolomite
MAT-CARB-5820,0,280,-82.82291492195895,41.65424904291277,dolomite
MAT-CARB-5820,0,281,-82.82284219418626,41.654187837170475,dolomite
MAT-CARB-5820,0,282,-82.82246496666085,41.65439874604513,dolomite
MAT-CARB-5820,0,283,-82.82238792313413,41.65418365201968,dolomite
MAT-CARB-5820,0,284,-82.82265295932211,41.654109145934804,dolomite
MAT-CARB-5820,0,285,-82.82261904408753,41.65394392911264,dolomite
MAT-CARB-5820,0,286,-82.82229159254429,41.65380349377562,dolomite
MAT-CARB-5820,0,287,-82.82221009100222,41.65385773584432,dolomite
MAT-CARB-5820,0,288,-82.82205026781793,41.653773809344855,dolomite
MAT-CARB-5820,0,289,-82.82200912453466,41.65360304470711,dolomite
MAT-CARB-5820,0,290,-82.82059507048655,41.653144845057454,dolomite
MAT-CARB-5820,0,291,-82.81938436520709,41.6532436605625,dolomite
MAT-CARB-5820,0,292,-82.81938082096528,41.65390322814248,dolomite
MAT-CARB-5820,0,293,-82.81912409040511,41.65391737374085,dolomite
MAT-CARB-5820,0,294,-82.81901878661941,41.65319633732273,dolomite
MAT-CARB-5820,0,295,-82.81881456054877,41.653139481271,dolomite
MAT-CARB-5820,0,296,-82.81826504161137,41.65313443582793,dolomite
MAT-CARB-5820,0,297,-82.81754474413066,41.6532652273695,dolomite
MAT-CARB-5820,0,298,-82.81689826347689,41.65336370760346,dolomite
MAT-CARB-5820,0,299,-82.81611286098769,41.65344442237035,dolomite
MAT-CARB-5820,0,300,-82.81586223126189,41.65353554966998,dolomite
MAT-CARB-5820,0,301,-82.81558842159237,41.65369792811338,dolomite
MAT-CARB-5820,0,302,-82.81577486907518,41.65394150667936,dolomite
MAT-CARB-5820,0,303,-82.81564147029725,41.654033724538834,dolomite
MAT-CARB-5820,0,304,-82.81618194549779,41.654582883895806,dolomite
MAT-CARB-5820,0,305,-82.81597331749522,41.6547898466652,dolomite
MAT-CARB-5820,0,306,-82.81577760522443,41.6546616078034,dolomite
MAT-CARB-5820,0,307,-82.81568832693769,41.65474323423404,dolomite
MAT-CARB-5820,0,308,-82.81594174286228,41.65492696366273,dolomite
MAT-CARB-5820,0,309,-82.81602752820187,41.65549941873931,dolomite
MAT-CARB-5820,0,310,-82.81587356766866,41.65550349747072,dolomite
MAT-CARB-5820,0,311,-82.81576352213256,41.655068249731215,dolomite
MAT-CARB-5820,0,312,-82.81566123940041,41.655050802498074,dolomite
MAT-CARB-5820,0,313,-82.81536296648402,41.6540366482152,dolomite
MAT-CARB-5820,0,314,-82.81528877245992,41.65409094870114,dolomite
MAT-CARB-5820,0,315,-82.81540824427405,41.65483959326954,dolomite
MAT-CARB-5820,0,316,-82.81531281842906,41.65484971559643,dolomite
MAT-CARB-5820,0,317,-82.81502813019873,41.654341402343995,dolomite
MAT-CARB-5820,0,318,-82.8143838387717,41.654307957186475,dolomite
MAT-CARB-5820,0,319,-82.81435302536181,41.6539558950793,dolomite
MAT-CARB-5820,0,320,-82.81417277620352,41.6537783334759,dolomite
MAT-CARB-5820,0,321,-82.81370562864846,41.65366958410554,dolomite
MAT-CARB-5820,0,322,-82.8133667626653,41.653776375375585,dolomite
MAT-CARB-5820,0,323,-82.8126846684547,41.65381404586803,dolomite
MAT-CARB-5820,0,324,-82.81226704049621,41.65381019356332,dolomite
MAT-CARB-5820,0,325,-82.81165293870525,41.65416181571663,dolomite
MAT-CARB-5820,0,326,-82.81122315437565,41.654449171746414,dolomite
MAT-CARB-5820,0,327,-82.81106043028552,41.654980836044494,dolomite
MAT-CARB-5820,0,328,-82.81114120274417,41.65541032253273,dolomite
MAT-CARB-5820,0,329,-82.81105105592151,41.655630681969235,dolomite
MAT-CARB-5820,0,330,-82.81097316667187,41.655821036020726,dolomite
MAT-CARB-5820,0,331,-82.8106191687954,41.65639490368081,dolomite
MAT-CARB-5820,0,332,-82.81031208068882,41.656793332415816,dolomite
MAT-CARB-5820,0,333,-82.81056440264064,41.657043028488346,dolomite
MAT-CARB-5820,0,334,-82.8103866606831,41.65715679956761,dolomite
MAT-CARB-5820,0,335,-82.80991991864396,41.657020556671405,dolomite
MAT-CARB-5820,0,336,-82.80931659390549,41.65760312378382,dolomite
MAT-CARB-5820,0,337,-82.80904650973493,41.657979899134276,dolomite
MAT-CARB-5820,0,338,-82.80863524334741,41.65847078710336,dolomite
MAT-CARB-5820,0,339,-82.80851891451746,41.65885446131952,dolomite
MAT-CARB-5820,0,340,-82.80852780628881,41.65920084806632,dolomite
MAT-CARB-5820,0,341,-82.80882262341841,41.65953887807391,dolomite
MAT-CARB-5820,0,342,-82.80909015892306,41.65975573953182,dolomite
MAT-CARB-5820,0,343,-82.80931261399671,41.66003812038588,dolomite
MAT-CARB-5820,0,344,-82.80914208791168,41.6605972225924,dolomite
MAT-CARB-5820,0,345,-82.80896061989267,41.66093082456637,dolomite
MAT-CARB-5822,0,0,-82.82266644177358,41.65729185436593,dolomite
MAT-CARB-5822,0,1,-82.8224285336565,41.65749854982018,dolomite
MAT-CARB-5822,0,2,-82.82194085920396,41.65774145333932,dolomite
MAT-CARB-5822,0,3,-82.8216142099066,41.657996786306335,dolomite
MAT-CARB-5822,0,4,-82.8213264374231,41.65811509050482,dolomite
MAT-CARB-5822,0,5,-82.82088960611078,41.65838590785444,dolomite
MAT-CARB-5822,0,6,-82.82025712326787,41.6585230349695,dolomite
MAT-CARB-5822,0,7,-82.82002230622578,41.65854285554094,dolomite
MAT-CARB-5822,0,8,-82.81967929948131,41.65845724651589,dolomite
MAT-CARB-5822,0,9,-82.81938112426836,41.658317109969744,dolomite
MAT-CARB-5822,0,10,-82.81914792582765,41.658238009055154,dolomite
MAT-CARB-5822,0,11,-82.8189718608565,41.65824738814208,dolomite
MAT-CARB-5822,0,12,-82.8189246919476,41.65799960730284,dolomite
MAT-CARB-5822,0,13,-82.8191033328163,41.65783083774788,dolomite
MAT-CARB-5822,0,14,-82.81934760787203,41.657684682533194,dolomite
MAT-CARB-5822,0,15,-82.81960588631212,41.657577101526336,dolomite
MAT-CARB-5822,0,16,-82.8197311826653,41.65753429030371,dolomite
MAT-CARB-5822,0,17,-82.82003944734068,41.65750412847859,dolomite
MAT-CARB-5822,0,18,-82.82060652662557,41.65733344596123,dolomite
MAT-CARB-5822,0,19,-82.82081122173929,41.65736281947962,dolomite
MAT-CARB-5822,0,20,-82.82129654051182,41.65726282920351,dolomite
MAT-CARB-5822,0,21,-82.8216341312897,41.65723294152605,dolomite
MAT-CARB-5822,0,22,-82.821892117182,41.65714186512617,dolomite
MAT-CARB-5822,0,23,-82.82253928441595,41.657004881840464,dolomite
MAT-CARB-5822,0,24,-82.82268102156984,41.65685224824769,dolomite
MAT-CARB-5822,0,25,-82.82273621146463,41.65706164129305,dolomite
MAT-CARB-5822,0,26,-82.82280259709992,41.6570804950583,dolomite
MAT-CARB-5822,0,27,-82.82266644177358,41.65729185436593,dolomite
MAT-CARB-5818,0,0,-82.78639164191402,41.67624763821642,dolomite
MAT-CARB-5818,0,1,-82.7865720009997,41.67641972563349,dolomite
MAT-CARB-5818,0,2,-82.78670832018486,41.67659142399162,dolomite
MAT-CARB-5818,0,3,-82.78668428785622,41.676712113772425,dolomite
MAT-CARB-5818,0,4,-82.78654532795613,41.67669431803375,dolomite
MAT-CARB-5818,0,5,-82.78658630941817,41.67687060348404,dolomite
MAT-CARB-5818,0,6,-82.78674136814199,41.67723484687467,dolomite
MAT-CARB-5818,0,7,-82.78740141085144,41.67764782276367,dolomite
MAT-CARB-5818,0,8,-82.7872817076531,41.67778960947884,dolomite
MAT-CARB-5818,0,9,-82.78681817588911,41.6778896827183,dolomite
MAT-CARB-5818,0,10,-82.78665462529862,41.678025540191044,dolomite
MAT-CARB-5818,0,11,-82.78653491986833,41.67816732611673,dolomite
MAT-CARB-5818,0,12,-82.78638685150369,41.67825386778816,dolomite
MAT-CARB-5818,0,13,-82.78543720047605,41.678486746847504,dolomite
MAT-CARB-5818,0,14,-82.78496690124533,41.67855372974754,dolomite
MAT-CARB-5818,0,15,-82.78466605088558,41.678572869208246,dolomite
MAT-CARB-5818,0,16,-82.78427149257115,41.67849767572463,dolomite
MAT-CARB-5818,0,17,-82.78392663667313,41.67851639616142,dolomite
MAT-CARB-5818,0,18,-82.78361308497335,41.678420003761076,dolomite
MAT-CARB-5818,0,19,-82.78354499738731,41.677682795362365,dolomite
MAT-CARB-5818,0,20,-82.7835723266477,41.6773697557172,dolomite
MAT-CARB-5818,0,21,-82.78423841531874,41.67699679984504,dolomite
MAT-CARB-5818,0,22,-82.78443151437936,41.67685020832059,dolomite
MAT-CARB-5818,0,23,-82.78454407936653,41.67669736241478,dolomite
MAT-CARB-5818,0,24,-82.78475822153302,41.676605949979134,dolomite
MAT-CARB-5818,0,25,-82.78512517450348,41.6765819370563,dolomite
MAT-CARB-5818,0,26,-82.78542695464925,41.6765078390429,dolomite
MAT-CARB-5818,0,27,-82.78597619166985,41.6765405129458,dolomite
MAT-CARB-5818,0,28,-82.7861240838267,41.67646496857435,dolomite
MAT-CARB-5818,0,29,-82.78630447189835,41.67620284475241,dolomite
MAT-CARB-5818,0,30,-82.78639164191402,41.67624763821642,dolomite
MAT-CARB-5817,0,0,-82.84893632682221,41.67652050801296,dolomite
MAT-CARB-5817,0,1,-82.8494600633429,41.67677254068357,dolomite
MAT-CARB-5817,0,2,-82.84981811266982,41.67684167619635,dolomite
MAT-CARB-5817,0,3,-82.8500780888443,41.6770858611597,dolomite
MAT-CARB-5817,0,4,-82.85071025024088,41.67788849658797,dolomite
MAT-CARB-5817,0,5,-82.85144760881062,41.67853267427199,dolomite
MAT-CARB-5817,0,6,-82.85170008239204,41.67878779154985,dolomite
MAT-CARB-5817,0,7,-82.85196120112808,41.67896053249651,dolomite
MAT-CARB-5817,0,8,-82.85238641745458,41.67941502764628,dolomite
MAT-CARB-5817,0,9,-82.8527207671687,41.6795939146643,dolomite
MAT-CARB-5817,0,10,-82.85300359682203,41.6797833175248,dolomite
MAT-CARB-5817,0,11,-82.85327376168127,41.6798516581118,dolomite
MAT-CARB-5817,0,12,-82.85362318999063,41.68000318531611,dolomite
MAT-CARB-5817,0,13,-82.85427630482559,41.67995952868363,dolomite
MAT-CARB-5817,0,14,-82.85443614875425,41.68004889524983,dolomite
MAT-CARB-5817,0,15,-82.85480041151023,41.6801895433976,dolomite
MAT-CARB-5817,0,16,-82.85496909481319,41.68018553628652,dolomite
MAT-CARB-5817,0,17,-82.85527596213564,41.680248745842,dolomite
MAT-CARB-5817,0,18,-82.85550931503133,41.68032774771836,dolomite
MAT-CARB-5817,0,19,-82.85579886927226,41.680555680402755,dolomite
MAT-CARB-5817,0,20,-82.85612247240715,41.680948815719795,dolomite
MAT-CARB-5817,0,21,-82.85618526331011,41.68114725263764,dolomite
MAT-CARB-5817,0,22,-82.85618361800447,41.681251683112954,dolomite
MAT-CARB-5817,0,23,-82.85609487485172,41.681300346550444,dolomite
MAT-CARB-5817,0,24,-82.85626655160264,41.68156572925347,dolomite
MAT-CARB-5817,0,25,-82.85588524325927,41.68157332822892,dolomite
MAT-CARB-5817,0,26,-82.85535120388755,41.68150261873393,dolomite
MAT-CARB-5817,0,27,-82.854889755006,41.681476529102824,dolomite
MAT-CARB-5817,0,28,-82.8547049500575,41.68157384810656,dolomite
MAT-CARB-5817,0,29,-82.85439896009741,41.68145567951669,dolomite
MAT-CARB-5817,0,30,-82.85410566715697,41.68100236754279,dolomite
MAT-CARB-5817,0,31,-82.85371459555901,41.68070205889607,dolomite
MAT-CARB-5817,0,32,-82.85281252376969,41.68027079511132,dolomite
MAT-CARB-5817,0,33,-82.85225755950665,41.68013393472214,dolomite
MAT-CARB-5817,0,34,-82.85186122859827,41.68016339340296,dolomite
MAT-CARB-5817,0,35,-82.85138551916639,41.68011517445372,dolomite
MAT-CARB-5817,0,36,-82.85079855582333,41.68014842150263,dolomite
MAT-CARB-5817,0,37,-82.84998507373984,41.68013565064365,dolomite
MAT-CARB-5817,0,38,-82.84820761074478,41.679894381812616,dolomite
MAT-CARB-5817,0,39,-82.84768898694347,41.67977982708228,dolomite
MAT-CARB-5817,0,40,-82.84712081934255,41.67955487192233,dolomite
MAT-CARB-5817,0,41,-82.84674889683849,41.679436105912295,dolomite
MAT-CARB-5817,0,42,-82.84646540516596,41.67928516435215,dolomite
MAT-CARB-5817,0,43,-82.84575103117814,41.67903692989311,dolomite
MAT-CARB-5817,0,44,-82.84525024764642,41.67872462288625,dolomite
MAT-CARB-5817,0,45,-82.84489271993635,41.67862248284372,dolomite
MAT-CARB-5817,0,46,-82.84447223889967,41.678332895374844,dolomite
MAT-CARB-5817,0,47,-82.84429229134577,41.6781279038059,dolomite
MAT-CARB-5817,0,48,-82.84467945268595,41.67775760389702,dolomite
MAT-CARB-5817,0,49,-82.8456115265358,41.67723277598255,dolomite
MAT-CARB-5817,0,50,-82.8458613508014,41.67719654635426,dolomite
MAT-CARB-5817,0,51,-82.84610216145342,41.67726465834892,dolomite
MAT-CARB-5817,0,52,-82.84638852000232,41.67723424595742,dolomite
MAT-CARB-5817,0,53,-82.84675500993878,41.677237524186246,dolomite
MAT-CARB-5817,0,54,-82.8472038618251,41.677131613202434,dolomite
MAT-CARB-5817,0,55,-82.84748468023668,41.67699122139031,dolomite
MAT-CARB-5817,0,56,-82.8478183133516,41.676757850254916,dolomite
MAT-CARB-5817,0,57,-82.84819466208008,41.67660182405216,dolomite
MAT-CARB-5817,0,58,-82.8484662671947,41.67657676936543,dolomite
MAT-CARB-5817,0,59,-82.84859238645083,41.67648445577122,dolomite
MAT-CARB-5817,0,60,-82.84893632682221,41.67652050801296,dolomite
MAT-CARB-5813,0,0,-82.78147553964213,41.69711015591197,dolomite
MAT-CARB-5813,0,1,-82.78065079226783,41.696887958072736,dolomite
MAT-CARB-5813,0,2,-82.78009695523629,41.69668481419757,dolomite
MAT-CARB-5813,0,3,-82.77977703751648,41.69652787968114,dolomite
MAT-CARB-5813,0,4,-82.7795859339001,41.696553551769505,dolomite
MAT-CARB-5813,0,5,-82.77946922323773,41.696519462491054,dolomite
MAT-CARB-5813,0,6,-82.77944506979244,41.69621691408671,dolomite
MAT-CARB-5813,0,7,-82.77894231540508,41.69603075779164,dolomite
MAT-CARB-5813,0,8,-82.77931290443571,41.6957979343693,dolomite
MAT-CARB-5813,0,9,-82.77962608007907,41.69549309505208,dolomite
MAT-CARB-5813,0,10,-82.77991880184149,41.695100112332206,dolomite
MAT-CARB-5813,0,11,-82.78028180366681,41.69488370186792,dolomite
MAT-CARB-5813,0,12,-82.78079581609644,41.694839122899005,dolomite
MAT-CARB-5813,0,13,-82.78110832359334,41.69500150183376,dolomite
MAT-CARB-5813,0,14,-82.78154019453984,41.69504406736636,dolomite
MAT-CARB-5813,0,15,-82.78202545750698,41.694966232272726,dolomite
MAT-CARB-5813,0,16,-82.78255567693444,41.694833856560145,dolomite
MAT-CARB-5813,0,17,-82.78334570949048,41.694511544247106,dolomite
MAT-CARB-5813,0,18,-82.7843983509087,41.69383993241873,dolomite
MAT-CARB-5813,0,19,-82.78525628274102,41.693408333536674,dolomite
MAT-CARB-5813,0,20,-82.78597100031241,41.693200724893195,dolomite
MAT-CARB-5813,0,21,-82.78653914315066,41.69299173306615,dolomite
MAT-CARB-5813,0,22,-82.78690640715226,41.69295123371384,dolomite
MAT-CARB-5813,0,23,-82.78730390164272,41.69286154775014,dolomite
MAT-CARB-5813,0,24,-82.7876431772035,41.69274383674523,dolomite
MAT-CARB-5813,0,25,-82.78797381502545,41.692702982812385,dolomite
MAT-CARB-5813,0,26,-82.78818587061328,41.69273796023705,dolomite
MAT-CARB-5813,0,27,-82.78859927879323,41.69257144935081,dolomite
MAT-CARB-5813,0,28,-82.78876974654692,41.69246313393843,dolomite
MAT-CARB-5813,0,29,-82.78944799202269,41.69224418416413,dolomite
MAT-CARB-5813,0,30,-82.79001500315974,41.69253533469366,dolomite
MAT-CARB-5813,0,31,-82.79056931644719,41.692705470911804,dolomite
MAT-CARB-5813,0,32,-82.79124662688311,41.69297567302266,dolomite
MAT-CARB-5813,0,33,-82.79187503045776,41.693102516138346,dolomite
MAT-CARB-5813,0,34,-82.79277124879661,41.69300101779418,dolomite
MAT-CARB-5813,0,35,-82.79336063396146,41.692836146894564,dolomite
MAT-CARB-5813,0,36,-82.79354428190594,41.692815900624566,dolomite
MAT-CARB-5813,0,37,-82.79390582975647,41.69268188365206,dolomite
MAT-CARB-5813,0,38,-82.79419866257233,41.69270661682985,dolomite
MAT-CARB-5813,0,39,-82.79438657469125,41.69286778507917,dolomite
MAT-CARB-5813,0,40,-82.79398709018751,41.693078376949835,dolomite
MAT-CARB-5813,0,41,-82.79386720172481,41.69323116504686,dolomite
MAT-CARB-5813,0,42,-82.79400509372532,41.69331490547543,dolomite
MAT-CARB-5813,0,43,-82.79431399882982,41.69325735957347,dolomite
MAT-CARB-5813,0,44,-82.79453587765424,41.69314400184436,dolomite
MAT-CARB-5813,0,45,-82.79461969173572,41.69295790088466,dolomite
MAT-CARB-5813,0,46,-82.79480490831452,41.69284422094472,dolomite
MAT-CARB-5813,0,47,-82.79508476114187,41.69276987938408,dolomite
MAT-CARB-5813,0,48,-82.79529699226987,41.692793874931915,dolomite
MAT-CARB-5813,0,49,-82.79533179122458,41.692904137133254,dolomite
MAT-CARB-5813,0,50,-82.79510492469808,41.692880012965496,dolomite
MAT-CARB-5813,0,51,-82.79513913540463,41.693023238304725,dolomite
MAT-CARB-5813,0,52,-82.79543348885171,41.69296004873604,dolomite
MAT-CARB-5813,0,53,-82.79559602874049,41.6928901069752,dolomite
MAT-CARB-5813,0,54,-82.79595465936494,41.692926466027956,dolomite
MAT-CARB-5813,0,55,-82.79625319567013,41.693050174844274,dolomite
MAT-CARB-5813,0,56,-82.79704047576452,41.6928871574446,dolomite
MAT-CARB-5813,0,57,-82.79728945442021,41.69290598573749,dolomite
MAT-CARB-5813,0,58,-82.79832800490762,41.6930586014596,dolomite
MAT-CARB-5813,0,59,-82.79901129621932,41.692977053616794,dolomite
MAT-CARB-5813,0,60,-82.7994990140276,41.6927507595026,dolomite
MAT-CARB-5813,0,61,-82.80009167424949,41.69238802257504,dolomite
MAT-CARB-5813,0,62,-82.8006047872186,41.69195859796033,dolomite
MAT-CARB-5813,0,63,-82.80105772120801,41.69162203644745,dolomite
MAT-CARB-5813,0,64,-82.801753077615,41.6908205227725,dolomite
MAT-CARB-5813,0,65,-82.80212965986128,41.6902248966215,dolomite
MAT-CARB-5813,0,66,-82.80253545577435,41.68963506399863,dolomite
MAT-CARB-5813,0,67,-82.80287178424845,41.68881919660899,dolomite
MAT-CARB-5813,0,68,-82.803077663936,41.68703473747548,dolomite
MAT-CARB-5813,0,69,-82.80310743180011,41.68525960332196,dolomite
MAT-CARB-5813,0,70,-82.80286377649875,41.68405359661753,dolomite
MAT-CARB-5813,0,71,-82.80259427611192,41.68351240395016,dolomite
MAT-CARB-5813,0,72,-82.80256132004992,41.683292228581294,dolomite
MAT-CARB-5813,0,73,-82.80262980705085,41.682704746950286,dolomite
MAT-CARB-5813,0,74,-82.80250496264696,41.68228033930635,dolomite
MAT-CARB-5813,0,75,-82.80229629214136,41.6820475242065,dolomite
MAT-CARB-5813,0,76,-82.80226897398948,41.68149212020995,dolomite
MAT-CARB-5813,0,77,-82.80235704904487,41.681047707387904,dolomite
MAT-CARB-5813,0,78,-82.8024863552173,41.680768604178944,dolomite
MAT-CARB-5813,0,79,-82.802636465089,41.680561131294326,dolomite
MAT-CARB-5813,0,80,-82.80301878324359,41.68049323139925,dolomite
MAT-CARB-5813,0,81,-82.80331593277138,41.68025963773232,dolomite
MAT-CARB-5813,0,82,-82.8034895319241,41.67996443427748,dolomite
MAT-CARB-5813,0,83,-82.80350786071541,41.67974473254003,dolomite
MAT-CARB-5813,0,84,-82.80359823243266,41.67960267473301,dolomite
MAT-CARB-5813,0,85,-82.80372156388745,41.67924104261507,dolomite
MAT-CARB-5813,0,86,-82.80390874534335,41.67900643559095,dolomite
MAT-CARB-5813,0,87,-82.80419150841207,41.678756230157525,dolomite
MAT-CARB-5813,0,88,-82.80451538357698,41.67867679089286,dolomite
MAT-CARB-5813,0,89,-82.80458347548974,41.67855099534557,dolomite
MAT-CARB-5813,0,90,-82.80493820416187,41.67837840424863,dolomite
MAT-CARB-5813,0,91,-82.80582689202144,41.67827674371173,dolomite
MAT-CARB-5813,0,92,-82.80609601991748,41.677965936621845,dolomite
MAT-CARB-5813,0,93,-82.80627396746956,41.67740693826965,dolomite
MAT-CARB-5813,0,94,-82.806636474079,41.675893212664946,dolomite
MAT-CARB-5813,0,95,-82.80666792738202,41.67532734595322,dolomite
MAT-CARB-5813,0,96,-82.80718854430116,41.67531570824148,dolomite
MAT-CARB-5813,0,97,-82.8072727144953,41.67642131657737,dolomite
MAT-CARB-5813,0,98,-82.80775743872354,41.676365343142386,dolomite
MAT-CARB-5813,0,99,-82.8078058034127,41.67610196107236,dolomite
MAT-CARB-5813,0,100,-82.81113663104239,41.675489717619705,dolomite
MAT-CARB-5813,0,101,-82.81121477652606,41.67519910844542,dolomite
MAT-CARB-5813,0,102,-82.8111463530722,41.67490715025131,dolomite
MAT-CARB-5813,0,103,-82.80781764958887,41.6753929973545,dolomite
MAT-CARB-5813,0,104,-82.80782740028982,41.674810457627245,dolomite
MAT-CARB-5813,0,105,-82.811389477472,41.6739529761199,dolomite
MAT-CARB-5813,0,106,-82.81127190986403,41.673528665061625,dolomite
MAT-CARB-5813,0,107,-82.80725665984936,41.67431046174889,dolomite
MAT-CARB-5813,0,108,-82.80716410497867,41.67502415669893,dolomite
MAT-CARB-5813,0,109,-82.80663049592529,41.67493674886273,dolomite
MAT-CARB-5813,0,110,-82.80674887557525,41.674432169650494,dolomite
MAT-CARB-5813,0,111,-82.80660616412406,41.67419996025334,dolomite
MAT-CARB-5813,0,112,-82.80620572257259,41.674036853522594,dolomite
MAT-CARB-5813,0,113,-82.8061003800707,41.673761028428515,dolomite
MAT-CARB-5813,0,114,-82.80628644664067,41.67359237123372,dolomite
MAT-CARB-5813,0,115,-82.80623372008944,41.67324006717416,dolomite
MAT-CARB-5813,0,116,-82.8060919349813,41.6729529266409,dolomite
MAT-CARB-5813,0,117,-82.80593098290224,41.67249520962391,dolomite
MAT-CARB-5813,0,118,-82.80550814580751,41.67235936071346,dolomite
MAT-CARB-5813,0,119,-82.80515151281807,41.67220762928336,dolomite
MAT-CARB-5813,0,120,-82.8049942660107,41.67196980526672,dolomite
MAT-CARB-5813,0,121,-82.80561811187751,41.67148091946329,dolomite
MAT-CARB-5813,0,122,-82.80618033386673,41.671172821397434,dolomite
MAT-CARB-5813,0,123,-82.80763159771764,41.67073559461069,dolomite
MAT-CARB-5813,0,124,-82.80828364784772,41.67075262963684,dolomite
MAT-CARB-5813,0,125,-82.80883995848289,41.67079626009011,dolomite
MAT-CARB-5813,0,126,-82.80907787012492,41.67059507869819,dolomite
MAT-CARB-5813,0,127,-82.80952489863861,41.670599223210694,dolomite
MAT-CARB-5813,0,128,-82.80979540593323,41.670640210460554,dolomite
MAT-CARB-5813,0,129,-82.81099338844173,41.67044793222415,dolomite
MAT-CARB-5813,0,130,-82.81143978833515,41.670490518157614,dolomite
MAT-CARB-5813,0,131,-82.81187315116526,41.67043408467959,dolomite
MAT-CARB-5813,0,132,-82.81253911826492,41.670495184073474,dolomite
MAT-CARB-5813,0,133,-82.81337938919233,41.67065687972802,dolomite
MAT-CARB-5813,0,134,-82.81361387660868,41.67065906646007,dolomite
MAT-CARB-5813,0,135,-82.81371218239956,41.67091831328274,dolomite
MAT-CARB-5813,0,136,-82.81358908798171,41.671268961267906,dolomite
MAT-CARB-5813,0,137,-82.81383489793343,41.671914321657596,dolomite
MAT-CARB-5813,0,138,-82.81391620268583,41.67231634832588,dolomite
MAT-CARB-5813,0,139,-82.8147372170106,41.67319239483466,dolomite
MAT-CARB-5813,0,140,-82.81516335079232,41.6735755840529,dolomite
MAT-CARB-5813,0,141,-82.81542530748894,41.67413314468126,dolomite
MAT-CARB-5813,0,142,-82.81549412173571,41.67440313399517,dolomite
MAT-CARB-5813,0,143,-82.81560764915815,41.67462954089914,dolomite
MAT-CARB-5813,0,144,-82.81565759868604,41.675152170806335,dolomite
MAT-CARB-5813,0,145,-82.81561504132061,41.67550905280876,dolomite
MAT-CARB-5813,0,146,-82.81590767983171,41.67598445470577,dolomite
MAT-CARB-5813,0,147,-82.81571406508822,41.67660929647394,dolomite
MAT-CARB-5813,0,148,-82.81579231069308,41.67763788303545,dolomite
MAT-CARB-5813,0,149,-82.81564124933858,41.677905842576926,dolomite
MAT-CARB-5813,0,150,-82.81608017935152,41.67884430339444,dolomite
MAT-CARB-5813,0,151,-82.81663541018155,41.680284016917426,dolomite
MAT-CARB-5813,0,152,-82.81702997840037,41.68080433870131,dolomite
MAT-CARB-5813,0,153,-82.81746212012592,41.68127001630363,dolomite
MAT-CARB-5813,0,154,-82.81835296796515,41.681926823040826,dolomite
MAT-CARB-5813,0,155,-82.81884151245373,41.68208521280067,dolomite
MAT-CARB-5813,0,156,-82.81939251303503,41.68201333170324,dolomite
MAT-CARB-5813,0,157,-82.82001117069412,41.681837610791774,dolomite
MAT-CARB-5813,0,158,-82.82067919809741,41.68178326495055,dolomite
MAT-CARB-5813,0,159,-82.82200678401698,41.6817404813825,dolomite
MAT-CARB-5813,0,160,-82.82277593791981,41.6817750045178,dolomite
MAT-CARB-5813,0,161,-82.82328767251911,41.68186212497902,dolomite
MAT-CARB-5813,0,162,-82.82435900816101,41.68224568454834,dolomite
MAT-CARB-5813,0,163,-82.82485317685575,41.68206333601502,dolomite
MAT-CARB-5813,0,164,-82.82525214782444,41.682319812707725,dolomite
MAT-CARB-5813,0,165,-82.82573556106543,41.68279143696816,dolomite
MAT-CARB-5813,0,166,-82.82596941032155,41.68328276602138,dolomite
MAT-CARB-5813,0,167,-82.826255005079,41.68374708013013,dolomite
MAT-CARB-5813,0,168,-82.82630180263426,41.684022358462904,dolomite
MAT-CARB-5813,0,169,-82.82599776880761,41.684233924250755,dolomite
MAT-CARB-5813,0,170,-82.82545427711663,41.684294928339526,dolomite
MAT-CARB-5813,0,171,-82.82516713948814,41.684369278584015,dolomite
MAT-CARB-5813,0,172,-82.82493584039041,41.68461451212466,dolomite
MAT-CARB-5813,0,173,-82.82468482037356,41.68472213702775,dolomite
MAT-CARB-5813,0,174,-82.82443438349519,41.68479131338468,dolomite
MAT-CARB-5813,0,175,-82.82393366473231,41.68492415216743,dolomite
MAT-CARB-5813,0,176,-82.82344934647202,41.68495268423016,dolomite
MAT-CARB-5813,0,177,-82.8231142631164,41.68526842192433,dolomite
MAT-CARB-5813,0,178,-82.82252025869339,41.68527947459096,dolomite
MAT-CARB-5813,0,179,-82.82229754357424,41.68544784186808,dolomite
MAT-CARB-5813,0,180,-82.82200593516767,41.68579145840604,dolomite
MAT-CARB-5813,0,181,-82.82175540791987,41.68586611385933,dolomite
MAT-CARB-5813,0,182,-82.82118726635399,41.6860862699509,dolomite
MAT-CARB-5813,0,183,-82.82013696853372,41.686648265975315,dolomite
MAT-CARB-5813,0,184,-82.81997813194413,41.6869436445653,dolomite
MAT-CARB-5813,0,185,-82.81967819343204,41.687347634017684,dolomite
MAT-CARB-5813,0,186,-82.81939901864145,41.68826848135223,dolomite
MAT-CARB-5813,0,187,-82.81932174667345,41.688949366757825,dolomite
MAT-CARB-5813,0,188,-82.81920762106093,41.68920116058933,dolomite
MAT-CARB-5813,0,189,-82.81903575886497,41.68939743960199,dolomite
MAT-CARB-5813,0,190,-82.81800940313845,41.6893935171539,dolomite
MAT-CARB-5813,0,191,-82.81734067389087,41.68948629573825,dolomite
MAT-CARB-5813,0,192,-82.81601476575703,41.68985885988572,dolomite
MAT-CARB-5813,0,193,-82.81501969372944,41.690179484042744,dolomite
MAT-CARB-5813,0,194,-82.81388316976899,41.69062521307993,dolomite
MAT-CARB-5813,0,195,-82.81320887662399,41.69105322201643,dolomite
MAT-CARB-5813,0,196,-82.81249202068119,41.69139290018693,dolomite
MAT-CARB-5813,0,197,-82.8119692773495,41.6915254711758,dolomite
MAT-CARB-5813,0,198,-82.81122791079491,41.69157359547278,dolomite
MAT-CARB-5813,0,199,-82.8102547762684,41.69145465182789,dolomite
MAT-CARB-5813,0,200,-82.8098463622589,41.69132445938809,dolomite
MAT-CARB-5813,0,201,-82.80916707361264,41.69073004161611,dolomite
MAT-CARB-5813,0,202,-82.8087807391198,41.690594523727135,dolomite
MAT-CARB-5813,0,203,-82.80826402558537,41.69036437446267,dolomite
MAT-CARB-5813,0,204,-82.80770141243411,41.690249240127955,dolomite
MAT-CARB-5813,0,205,-82.8067637132516,41.69020205185217,dolomite
MAT-CARB-5813,0,206,-82.80592691690543,41.69026025865034,dolomite
MAT-CARB-5813,0,207,-82.8044042494667,41.69055940036482,dolomite
MAT-CARB-5813,0,208,-82.80335601732996,41.6909838558999,dolomite
MAT-CARB-5813,0,209,-82.80268207993956,41.691384327474736,dolomite
MAT-CARB-5813,0,210,-82.80178682074605,41.691865176278,dolomite
MAT-CARB-5813,0,211,-82.80126370549893,41.69245392748336,dolomite
MAT-CARB-5813,0,212,-82.8012197574572,41.692887749300745,dolomite
MAT-CARB-5813,0,213,-82.8010743617758,41.693249155310916,dolomite
MAT-CARB-5813,0,214,-82.8008208337118,41.69349963352992,dolomite
MAT-CARB-5813,0,215,-82.8005087749289,41.6937440871446,dolomite
MAT-CARB-5813,0,216,-82.79982371739955,41.694369788825576,dolomite
MAT-CARB-5813,0,217,-82.79941772893172,41.69453088994676,dolomite
MAT-CARB-5813,0,218,-82.79870511487067,41.694612156160616,dolomite
MAT-CARB-5813,0,219,-82.79813254996948,41.694650786473254,dolomite
MAT-CARB-5813,0,220,-82.7978667780778,41.694758226302014,dolomite
MAT-CARB-5813,0,221,-82.79762942047698,41.6949209061076,dolomite
MAT-CARB-5813,0,222,-82.79711364514885,41.695069985350464,dolomite
MAT-CARB-5813,0,223,-82.79663850631546,41.69498307578519,dolomite
MAT-CARB-5813,0,224,-82.79550390620524,41.694868003067285,dolomite
MAT-CARB-5813,0,225,-82.7947836229012,41.69497117526169,dolomite
MAT-CARB-5813,0,226,-82.793655018666,41.69493861156224,dolomite
MAT-CARB-5813,0,227,-82.79302337916648,41.694998641241014,dolomite
MAT-CARB-5813,0,228,-82.7922307861047,41.69504065777015,dolomite
MAT-CARB-5813,0,229,-82.7913624828626,41.6952248447804,dolomite
MAT-CARB-5813,0,230,-82.79071395248403,41.69541663978934,dolomite
MAT-CARB-5813,0,231,-82.79055785747707,41.695541568315015,dolomite
MAT-CARB-5813,0,232,-82.79009977916061,41.695746145438484,dolomite
MAT-CARB-5813,0,233,-82.78867296085618,41.69600202199083,dolomite
MAT-CARB-5813,0,234,-82.78827369916159,41.69619611293456,dolomite
MAT-CARB-5813,0,235,-82.78731959338013,41.696247587606095,dolomite
MAT-CARB-5813,0,236,-82.78659936934106,41.696345198665554,dolomite
MAT-CARB-5813,0,237,-82.78516337881612,41.69670539689658,dolomite
MAT-CARB-5813,0,238,-82.78449842426113,41.6970014014731,dolomite
MAT-CARB-5813,0,239,-82.78385870910171,41.69710527756218,dolomite
MAT-CARB-5813,0,240,-82.78312585388043,41.69708185580457,dolomite
MAT-CARB-5813,0,241,-82.7822305954634,41.697122813612786,dolomite
MAT-CARB-5813,0,242,-82.78147553964213,41.69711015591197,dolomite
MAT-CARB-5835,0,0,-83.33908617114133,41.605667335326736,dolomite
MAT-CARB-5835,0,1,-83.34018950928628,41.60641284779623,dolomite
MAT-CARB-5835,0,2,-83.34046893809425,41.60689021059367,dolomite
MAT-CARB-5835,0,3,-83.34048592047307,41.608259525826696,dolomite
MAT-CARB-5835,0,4,-83.34012805434669,41.608809820360776,dolomite
MAT-CARB-5835,0,5,-83.33998896934384,41.61230288947165,dolomite
MAT-CARB-5835,0,6,-83.33855394200333,41.61423011901396,dolomite
MAT-CARB-5835,0,7,-83.33692376226072,41.61513161047389,dolomite
MAT-CARB-5835,0,8,-83.33474729821073,41.61610535065547,dolomite
MAT-CARB-5835,0,9,-83.33193001681435,41.61687804045286,dolomite
MAT-CARB-5835,0,10,-83.32911183362508,41.61758221634866,dolomite
MAT-CARB-5835,0,11,-83.32638556821834,41.618354174739885,dolomite
MAT-CARB-5835,0,12,-83.32402486188134,41.619192020697824,dolomite
MAT-CARB-5835,0,13,-83.32175441030179,41.619960722590015,dolomite
MAT-CARB-5835,0,14,-83.32039492607191,41.620654720609124,dolomite
MAT-CARB-5835,0,15,-83.31912001087358,41.62080036653861,dolomite
MAT-CARB-5835,0,16,-83.31784340058528,41.62080904972814,dolomite
MAT-CARB-5835,0,17,-83.31692164536378,41.61999362868801,dolomite
MAT-CARB-5835,0,18,-83.31690183436149,41.61835045193979,dolomite
MAT-CARB-5835,0,19,-83.31761559723242,41.61704463854098,dolomite
MAT-CARB-5835,0,20,-83.3191317301659,41.614226976062945,dolomite
MAT-CARB-5835,0,21,-83.3197476098251,41.61237401919138,dolomite
MAT-CARB-5835,0,22,-83.32065022444378,41.61161468600728,dolomite
MAT-CARB-5835,0,23,-83.32228219749504,41.61085033547443,dolomite
MAT-CARB-5835,0,24,-83.32483250477563,41.61062746305178,dolomite
MAT-CARB-5835,0,25,-83.32756011292422,41.60999248557945,dolomite
MAT-CARB-5835,0,26,-83.33065149348113,41.60928645347101,dolomite
MAT-CARB-5835,0,27,-83.33382390181623,41.607758114689844,dolomite
MAT-CARB-5835,0,28,-83.33581018705836,41.60616945417131,dolomite
MAT-CARB-5835,0,29,-83.33671592002662,41.60568384362216,dolomite
MAT-CARB-5835,0,30,-83.33908617114133,41.605667335326736,dolomite
MAT-CARB-5810,0,0,-83.31840924216385,41.692938802678114,dolomite
MAT-CARB-5810,0,1,-83.31874788924902,41.69074554070905,dolomite
MAT-CARB-5810,0,2,-83.31981669421528,41.6885473063985,dolomite
MAT-CARB-5810,0,3,-83.31997601573593,41.68662913061166,dolomite
MAT-CARB-5810,0,4,-83.32048881549856,41.68374998174202,dolomite
MAT-CARB-5810,0,5,-83.32057341302746,41.67567017974109,dolomite
MAT-CARB-5810,0,6,-83.32165525208289,41.67456730701959,dolomite
MAT-CARB-5810,0,7,-83.32238195411293,41.674288465694545,dolomite
MAT-CARB-5810,0,8,-83.32384374480979,41.67441540201228,dolomite
MAT-CARB-5810,0,9,-83.32439797148963,41.67495937206611,dolomite
MAT-CARB-5810,0,10,-83.3266282694298,41.67823057306947,dolomite
MAT-CARB-5810,0,11,-83.32793530386478,41.6801902316659,dolomite
MAT-CARB-5810,0,12,-83.32941146654106,41.68190872465617,dolomite
MAT-CARB-5810,0,13,-83.3303392538198,41.68313474917957,dolomite
MAT-CARB-5810,0,14,-83.33278879679283,41.686687397746844,dolomite
MAT-CARB-5810,0,15,-83.33332727294683,41.688591553388434,dolomite
MAT-CARB-5810,0,16,-83.33482485925352,41.691593758066,dolomite
MAT-CARB-5810,0,17,-83.33538616063501,41.69235733799576,dolomite
MAT-CARB-5810,0,18,-83.33630471852632,41.692824950439274,dolomite
MAT-CARB-5810,0,19,-83.33868067221668,41.693347137748965,dolomite
MAT-CARB-5810,0,20,-83.34067953480283,41.693709097747174,dolomite
MAT-CARB-5810,0,21,-83.34051131880082,41.69387829441542,dolomite
MAT-CARB-5810,0,22,-83.34032746320679,41.69403150240083,dolomite
MAT-CARB-5810,0,23,-83.33929648671945,41.6950941039633,dolomite
MAT-CARB-5810,0,24,-83.33907582164399,41.695280172591204,dolomite
MAT-CARB-5810,0,25,-83.33849279968173,41.69605861120167,dolomite
MAT-CARB-5810,0,26,-83.3382638376215,41.69638761124547,dolomite
MAT-CARB-5810,0,27,-83.33784220163518,41.697089755616695,dolomite
MAT-CARB-5810,0,28,-83.33772264357799,41.69745770229078,dolomite
MAT-CARB-5810,0,29,-83.33756811729582,41.6977882945391,dolomite
MAT-CARB-5810,0,30,-83.33727912302592,41.69814872515108,dolomite
MAT-CARB-5810,0,31,-83.33718726862699,41.6987422264383,dolomite
MAT-CARB-5810,0,32,-83.33683419224354,41.70009349008113,dolomite
MAT-CARB-5810,0,33,-83.33680245276135,41.70045627254904,dolomite
MAT-CARB-5810,0,34,-83.33683063105808,41.70061035968036,dolomite
MAT-CARB-5810,0,35,-83.33686087515252,41.70152325899813,dolomite
MAT-CARB-5810,0,36,-83.33700460491661,41.70188676921659,dolomite
MAT-CARB-5810,0,37,-83.33711821012356,41.702376634917236,dolomite
MAT-CARB-5810,0,38,-83.33724797804905,41.70264659159041,dolomite
MAT-CARB-5810,0,39,-83.33740022036916,41.702834177326075,dolomite
MAT-CARB-5810,0,40,-83.33761828735895,41.703033014934256,dolomite
MAT-CARB-5810,0,41,-83.33832494658891,41.70342079941667,dolomite
MAT-CARB-5810,0,42,-83.33882812724428,41.70362634383436,dolomite
MAT-CARB-5810,0,43,-83.33943303410369,41.70392573235743,dolomite
MAT-CARB-5810,0,44,-83.33956613139657,41.703985245554804,dolomite
MAT-CARB-5810,0,45,-83.34009558301533,41.70427830066421,dolomite
MAT-CARB-5810,0,46,-83.34016325672991,41.704453144693886,dolomite
MAT-CARB-5810,0,47,-83.3400801063609,41.70453788594508,dolomite
MAT-CARB-5810,0,48,-83.33970509519432,41.70476813907732,dolomite
MAT-CARB-5810,0,49,-83.33930227797954,41.70485447635298,dolomite
MAT-CARB-5810,0,50,-83.33876079641867,41.70490176732725,dolomite
MAT-CARB-5810,0,51,-83.33797076951481,41.70493153363763,dolomite
MAT-CARB-5810,0,52,-83.33715094904251,41.70504368872774,dolomite
MAT-CARB-5810,0,53,-83.33666756338928,41.705146180609894,dolomite
MAT-CARB-5810,0,54,-83.3361543867944,41.70532552474402,dolomite
MAT-CARB-5810,0,55,-83.33589077410403,41.70537394556897,dolomite
MAT-CARB-5810,0,56,-83.33523952889755,41.705426287480094,dolomite
MAT-CARB-5810,0,57,-83.3350934215068,41.70540368892839,dolomite
MAT-CARB-5810,0,58,-83.33486019114046,41.70529276088705,dolomite
MAT-CARB-5810,0,59,-83.33476524015329,41.705275867976134,dolomite
MAT-CARB-5810,0,60,-83.33450852067085,41.705384788137536,dolomite
MAT-CARB-5810,0,61,-83.33432632149987,41.70529607480657,dolomite
MAT-CARB-5810,0,62,-83.3338604692165,41.70498072585034,dolomite
MAT-CARB-5810,0,63,-83.33302295296916,41.704482400581334,dolomite
MAT-CARB-5810,0,64,-83.33275325961596,41.70435480045884,dolomite
MAT-CARB-5810,0,65,-83.33243176929183,41.70431498236993,dolomite
MAT-CARB-5810,0,66,-83.33233691029614,41.704281605637,dolomite
MAT-CARB-5810,0,67,-83.33216246305906,41.70413242238346,dolomite
MAT-CARB-5810,0,68,-83.3312363585973,41.70375469973419,dolomite
MAT-CARB-5810,0,69,-83.33051686087788,41.7034120186968,dolomite
MAT-CARB-5810,0,70,-83.32988057875951,41.703116723188764,dolomite
MAT-CARB-5810,0,71,-83.32942160356458,41.702872883651864,dolomite
MAT-CARB-5810,0,72,-83.3293336372038,41.7029000073097,dolomite
MAT-CARB-5810,0,73,-83.32850397184883,41.70233569832365,dolomite
MAT-CARB-5810,0,74,-83.32839383118318,41.70239574440985,dolomite
MAT-CARB-5810,0,75,-83.32816846265955,41.70220785478519,dolomite
MAT-CARB-5810,0,76,-83.32689532387997,41.70127875541101,dolomite
MAT-CARB-5810,0,77,-83.3254459770923,41.700192178998094,dolomite
MAT-CARB-5810,0,78,-83.32473442218817,41.69973006275217,dolomite
MAT-CARB-5810,0,79,-83.324058291855,41.69917736793085,dolomite
MAT-CARB-5810,0,80,-83.32357797172766,41.698856400475314,dolomite
MAT-CARB-5810,0,81,-83.32287266529865,41.69829808441547,dolomite
MAT-CARB-5810,0,82,-83.32216654120077,41.697855221329526,dolomite
MAT-CARB-5810,0,83,-83.3215778962872,41.697341349480645,dolomite
MAT-CARB-5810,0,84,-83.32115377946155,41.69715715969959,dolomite
MAT-CARB-5810,0,85,-83.3207100164361,41.69702427398717,dolomite
MAT-CARB-5810,0,86,-83.3204257330064,41.69690209270618,dolomite
MAT-CARB-5810,0,87,-83.31976343942198,41.69645941032617,dolomite
MAT-CARB-5810,0,88,-83.31931187053297,41.69621005119421,dolomite
MAT-CARB-5810,0,89,-83.31904232277172,41.69607144955745,dolomite
MAT-CARB-5810,0,90,-83.31881721696548,41.69585600697725,dolomite
MAT-CARB-5810,0,91,-83.31863493409415,41.69578375142553,dolomite
MAT-CARB-5810,0,92,-83.31833567048703,41.69571100136058,dolomite
MAT-CARB-5810,0,93,-83.31830723354908,41.695595413542456,dolomite
MAT-CARB-5810,0,94,-83.31833007357704,41.69546902915462,dolomite
MAT-CARB-5810,0,95,-83.318242718381,41.695419163693124,dolomite
MAT-CARB-5810,0,96,-83.31789919477912,41.69539571849671,dolomite
MAT-CARB-5810,0,97,-83.31752087794277,41.695130169072975,dolomite
MAT-CARB-5810,0,98,-83.31730967277329,41.695013791755095,dolomite
MAT-CARB-5810,0,99,-83.3170927970215,41.694948925993124,dolomite
MAT-CARB-5810,0,100,-83.31840924216385,41.692938802678114,dolomite
MAT-CARB-5795,0,0,-83.10996485148448,41.738573598208944,dolomite
MAT-CARB-5795,0,1,-83.10994287996235,41.73863398226564,dolomite
MAT-CARB-5795,0,2,-83.10992831744838,41.73869992285718,dolomite
MAT-CARB-5795,0,3,-83.10989177650922,41.7387767787794,dolomite
MAT-CARB-5795,0,4,-83.10977464643719,41.73889756055078,dolomite
MAT-CARB-5795,0,5,-83.10967211080705,41.73901281147297,dolomite
MAT-CARB-5795,0,6,-83.10952570410377,41.739139170516566,dolomite
MAT-CARB-5795,0,7,-83.10940842630936,41.739259952633084,dolomite
MAT-CARB-5795,0,8,-83.10925480594629,41.73949603448289,dolomite
MAT-CARB-5795,0,9,-83.10911569058688,41.73968825039125,dolomite
MAT-CARB-5795,0,10,-83.10892539324306,41.73991330156036,dolomite
MAT-CARB-5795,0,11,-83.108808177316,41.740061559187474,dolomite
MAT-CARB-5795,0,12,-83.108698440833,41.74019883767465,dolomite
MAT-CARB-5795,0,13,-83.10858134091451,41.74041298868104,dolomite
MAT-CARB-5795,0,14,-83.10847149307455,41.74055021263165,dolomite
MAT-CARB-5795,0,15,-83.10836901035383,41.74062709910207,dolomite
MAT-CARB-5795,0,16,-83.10825177645005,41.74073699329448,dolomite
MAT-CARB-5795,0,17,-83.1081126323016,41.74082481377098,dolomite
MAT-CARB-5795,0,18,-83.10801005014831,41.74089073175954,dolomite
MAT-CARB-5795,0,19,-83.10786362191413,41.74099512391368,dolomite
MAT-CARB-5795,0,20,-83.10768780557575,41.74110498380735,dolomite
MAT-CARB-5795,0,21,-83.1075559108274,41.74120927488501,dolomite
MAT-CARB-5795,0,22,-83.10748269108609,41.74127518153353,dolomite
MAT-CARB-5795,0,23,-83.1074315406839,41.74138501607244,dolomite
MAT-CARB-5795,0,24,-83.10739498363917,41.74147278491686,dolomite
MAT-CARB-5795,0,25,-83.10736570078025,41.74155516988157,dolomite
MAT-CARB-5795,0,26,-83.10731439889472,41.741615563927255,dolomite
MAT-CARB-5795,0,27,-83.10724853587567,41.74166495295597,dolomite
MAT-CARB-5795,0,28,-83.10713861816504,41.741741903157234,dolomite
MAT-CARB-5795,0,29,-83.10699215980868,41.74181881785278,dolomite
MAT-CARB-5795,0,30,-83.10686761916813,41.74189016514013,dolomite
MAT-CARB-5795,0,31,-83.1067064669497,41.74197806723712,dolomite
MAT-CARB-5795,0,32,-83.10656723541322,41.74209339011868,dolomite
MAT-CARB-5795,0,33,-83.1064793923218,41.742153803080434,dolomite
MAT-CARB-5795,0,34,-83.10639153519122,41.742192251341514,dolomite
MAT-CARB-5795,0,35,-83.10626688179723,41.74223074746719,dolomite
MAT-CARB-5795,0,36,-83.10614970836927,41.74225820979429,dolomite
MAT-CARB-5795,0,37,-83.10602515300464,41.7423076738131,dolomite
MAT-CARB-5795,0,38,-83.1059371879991,41.74237908303739,dolomite
MAT-CARB-5795,0,39,-83.10591528366419,41.74242298541184,dolomite
MAT-CARB-5795,0,40,-83.10580549993337,41.74254380820649,dolomite
MAT-CARB-5795,0,41,-83.10575423343596,41.7426206543001,dolomite
MAT-CARB-5795,0,42,-83.10568093628503,41.74267010718954,dolomite
MAT-CARB-5795,0,43,-83.1056369870364,41.742664596856514,dolomite
MAT-CARB-5795,0,44,-83.10558571561884,41.74265915070775,dolomite
MAT-CARB-5795,0,45,-83.10549772005753,41.74265364218317,dolomite
MAT-CARB-5795,0,46,-83.10540989931346,41.742692199209145,dolomite
MAT-CARB-5795,0,47,-83.10530723741287,41.74274163478648,dolomite
MAT-CARB-5795,0,48,-83.10524125991498,41.74275806248454,dolomite
MAT-CARB-5795,0,49,-83.10515330160126,41.74275263578637,dolomite
MAT-CARB-5795,0,50,-83.10508742016647,41.742730700119196,dolomite
MAT-CARB-5795,0,51,-83.10499206355486,41.74267589673409,dolomite
MAT-CARB-5795,0,52,-83.10494070626662,41.74266493900309,dolomite
MAT-CARB-5795,0,53,-83.10481619387872,41.74263751140087,dolomite
MAT-CARB-5795,0,54,-83.10469156023721,41.74262108033494,dolomite
MAT-CARB-5795,0,55,-83.10453758611781,41.74258272188418,dolomite
MAT-CARB-5795,0,56,-83.10439097227285,41.742560834136285,dolomite
MAT-CARB-5795,0,57,-83.10422244981392,41.74250052867571,dolomite
MAT-CARB-5795,0,58,-83.10408319575404,41.74247865851195,dolomite
MAT-CARB-5795,0,59,-83.10397319478268,41.74242384542358,dolomite
MAT-CARB-5795,0,60,-83.10384127386008,41.74235800885321,dolomite
MAT-CARB-5795,0,61,-83.10372391355051,41.74230315012727,dolomite
MAT-CARB-5795,0,62,-83.10362865589963,41.74224283341503,dolomite
MAT-CARB-5795,0,63,-83.1035626766913,41.74219342095978,dolomite
MAT-CARB-5795,0,64,-83.10343800602664,41.74209475141108,dolomite
MAT-CARB-5795,0,65,-83.10335003509199,41.74206727649683,dolomite
MAT-CARB-5795,0,66,-83.10326940018683,41.742061811776665,dolomite
MAT-CARB-5795,0,67,-83.10317416900295,41.74206184950437,dolomite
MAT-CARB-5795,0,68,-83.1030495746725,41.742061979188854,dolomite
MAT-CARB-5795,0,69,-83.10290299901222,41.74207294051332,dolomite
MAT-CARB-5795,0,70,-83.10280035995822,41.742067530670326,dolomite
MAT-CARB-5795,0,71,-83.10272706002667,41.74205111511767,dolomite
MAT-CARB-5795,0,72,-83.10264649825146,41.742029196656524,dolomite
MAT-CARB-5795,0,73,-83.10252921384223,41.74202377752293,dolomite
MAT-CARB-5795,0,74,-83.1024266108815,41.74203473787584,dolomite
MAT-CARB-5795,0,75,-83.10235338481979,41.742067708024585,dolomite
MAT-CARB-5795,0,76,-83.10230201651419,41.74206774528353,dolomite
MAT-CARB-5795,0,77,-83.10223613728658,41.74207876880131,dolomite
MAT-CARB-5795,0,78,-83.10220679784452,41.7420897468834,dolomite
MAT-CARB-5795,0,79,-83.10215545362747,41.742067819260775,dolomite
MAT-CARB-5795,0,80,-83.10212608893906,41.74203484062953,dolomite
MAT-CARB-5795,0,81,-83.1021114439167,41.74200198043047,dolomite
MAT-CARB-5795,0,82,-83.10210413295226,41.74195806011927,dolomite
MAT-CARB-5795,0,83,-83.1020893409667,41.74189223988553,dolomite
MAT-CARB-5795,0,84,-83.10205272701013,41.741842817051335,dolomite
MAT-CARB-5795,0,85,-83.10200868068198,41.74176049797033,dolomite
MAT-CARB-5795,0,86,-83.10195729944859,41.741689129289256,dolomite
MAT-CARB-5795,0,87,-83.10189869363099,41.74162876529328,dolomite
MAT-CARB-5795,0,88,-83.10184000250209,41.741562917370224,dolomite
MAT-CARB-5795,0,89,-83.10177400142604,41.74148613725806,dolomite
MAT-CARB-5795,0,90,-83.10170795134846,41.74137091224883,dolomite
MAT-CARB-5795,0,91,-83.1016713021474,41.741305118750425,dolomite
MAT-CARB-5795,0,92,-83.1016565220943,41.74126115339591,dolomite
MAT-CARB-5795,0,93,-83.1016198113254,41.74113492293709,dolomite
MAT-CARB-5795,0,94,-83.10161976232665,41.741030638760705,dolomite
MAT-CARB-5795,0,95,-83.10163434611245,41.740920852072506,dolomite
MAT-CARB-5795,0,96,-83.10167825657693,41.74081105612461,dolomite
MAT-CARB-5795,0,97,-83.10170015078187,41.7407451897935,dolomite
MAT-CARB-5795,0,98,-83.10175140822405,41.74067931400695,dolomite
MAT-CARB-5795,0,99,-83.10177335111338,41.74061893173755,dolomite
MAT-CARB-5795,0,100,-83.1018026047023,41.74055311090643,dolomite
MAT-CARB-5795,0,101,-83.10185386189914,41.74048723506488,dolomite
MAT-CARB-5795,0,102,-83.1019344570512,41.74037739294582,dolomite
MAT-CARB-5795,0,103,-83.10198567688249,41.740278556411454,dolomite
MAT-CARB-5795,0,104,-83.10205156600782,41.74017424452778,dolomite
MAT-CARB-5795,0,105,-83.10208817737613,41.74009187902484,dolomite
MAT-CARB-5795,0,106,-83.10204418148662,41.74004800472931,dolomite
MAT-CARB-5795,0,107,-83.10200739795835,41.74000409440217,dolomite
MAT-CARB-5795,0,108,-83.10199274023954,41.73991628120984,dolomite
MAT-CARB-5795,0,109,-83.10203665001765,41.73987235183634,dolomite
MAT-CARB-5795,0,110,-83.10208795583675,41.73984492076445,dolomite
MAT-CARB-5795,0,111,-83.10212450678188,41.73980102810616,dolomite
MAT-CARB-5795,0,112,-83.10213922467983,41.73978455644959,dolomite
MAT-CARB-5795,0,113,-83.10217581119299,41.739740553908725,dolomite
MAT-CARB-5795,0,114,-83.10225638172986,41.73968566461607,dolomite
MAT-CARB-5795,0,115,-83.10231497272375,41.739641744054296,dolomite
MAT-CARB-5795,0,116,-83.1023955295089,41.73953190172612,dolomite
MAT-CARB-5795,0,117,-83.10244671177459,41.73944954552068,dolomite
MAT-CARB-5795,0,118,-83.10250527730307,41.739312391323445,dolomite
MAT-CARB-5795,0,119,-83.10253455223824,41.73920801525919,dolomite
MAT-CARB-5795,0,120,-83.10254913487893,41.73909831054112,dolomite
MAT-CARB-5795,0,121,-83.10259298200856,41.739026904725314,dolomite
MAT-CARB-5795,0,122,-83.102702863228,41.73886772105971,dolomite
MAT-CARB-5795,0,123,-83.10277609772817,41.73882378187189,dolomite
MAT-CARB-5795,0,124,-83.10291518182471,41.73870838149916,dolomite
MAT-CARB-5795,0,125,-83.10306167465228,41.73859862017998,dolomite
MAT-CARB-5795,0,126,-83.10318622403071,41.73851617077517,dolomite
MAT-CARB-5795,0,127,-83.10329612885319,41.73841734150618,dolomite
MAT-CARB-5795,0,128,-83.10342787853095,41.738313082979474,dolomite
MAT-CARB-5795,0,129,-83.1036476887671,41.738197716355565,dolomite
MAT-CARB-5795,0,130,-83.10379419229051,41.73812631698629,dolomite
MAT-CARB-5795,0,131,-83.10408728250957,41.737972438910845,dolomite
MAT-CARB-5795,0,132,-83.10426303732565,41.73790102948402,dolomite
MAT-CARB-5795,0,133,-83.10443156740465,41.73784056985634,dolomite
MAT-CARB-5795,0,134,-83.10460009894952,41.73781307087324,dolomite
MAT-CARB-5795,0,135,-83.10480526410136,41.73774716201341,dolomite
MAT-CARB-5795,0,136,-83.10501766506779,41.73767573214305,dolomite
MAT-CARB-5795,0,137,-83.10524475786262,41.737593286868986,dolomite
MAT-CARB-5795,0,138,-83.10545720588391,41.737510859865175,dolomite
MAT-CARB-5795,0,139,-83.10568443267044,41.737439409181384,dolomite
MAT-CARB-5795,0,140,-83.10584555438041,41.737406379058335,dolomite
MAT-CARB-5795,0,141,-83.1059480500389,41.737367939687566,dolomite
MAT-CARB-5795,0,142,-83.10605064262936,41.73732398797433,dolomite
MAT-CARB-5795,0,143,-83.1061018681659,41.737247141571444,dolomite
MAT-CARB-5795,0,144,-83.10611654392514,41.73718120080361,dolomite
MAT-CARB-5795,0,145,-83.1061310711696,41.737066011353235,dolomite
MAT-CARB-5795,0,146,-83.10617490886796,41.73692876454905,dolomite
MAT-CARB-5795,0,147,-83.10620420499465,41.73686834426897,dolomite
MAT-CARB-5795,0,148,-83.10623344113678,41.73681349089212,dolomite
MAT-CARB-5795,0,149,-83.10629213664075,41.736769540310966,dolomite
MAT-CARB-5795,0,150,-83.10636529463308,41.73674207968547,dolomite
MAT-CARB-5795,0,151,-83.10645325645817,41.73673650935581,dolomite
MAT-CARB-5795,0,152,-83.106621844822,41.736703495445816,dolomite
MAT-CARB-5795,0,153,-83.10674641907497,41.73671446792451,dolomite
MAT-CARB-5795,0,154,-83.1068635847884,41.73671988353445,dolomite
MAT-CARB-5795,0,155,-83.10697347795922,41.73673081999491,dolomite
MAT-CARB-5795,0,156,-83.10711271886593,41.73671980828041,dolomite
MAT-CARB-5795,0,157,-83.10732526581,41.736714185691845,dolomite
MAT-CARB-5795,0,158,-83.10750846565382,41.73673056574783,dolomite
MAT-CARB-5795,0,159,-83.10770636994393,41.73674141447585,dolomite
MAT-CARB-5795,0,160,-83.10790428891644,41.73677425504045,dolomite
MAT-CARB-5795,0,161,-83.10808747859105,41.73680168522935,dolomite
MAT-CARB-5795,0,162,-83.10821199201366,41.73681805858418,dolomite
MAT-CARB-5795,0,163,-83.10835122172934,41.73681801419222,dolomite
MAT-CARB-5795,0,164,-83.10842456379818,41.73680703185106,dolomite
MAT-CARB-5795,0,165,-83.10856376616712,41.73677953818954,dolomite
MAT-CARB-5795,0,166,-83.10862239965152,41.73674107112617,dolomite
MAT-CARB-5795,0,167,-83.10870288930839,41.736702575943156,dolomite
MAT-CARB-5795,0,168,-83.10872497086697,41.73675198811292,dolomite
MAT-CARB-5795,0,169,-83.10878361301026,41.73679584099435,dolomite
MAT-CARB-5795,0,170,-83.10885698385488,41.73682873302895,dolomite
MAT-CARB-5795,0,171,-83.10893021577948,41.73681772351445,dolomite
MAT-CARB-5795,0,172,-83.10902542483949,41.736795716500055,dolomite
MAT-CARB-5795,0,173,-83.10910606473078,41.73679018122367,dolomite
MAT-CARB-5795,0,174,-83.10917933542846,41.736795679249646,dolomite
MAT-CARB-5795,0,175,-83.10926003229198,41.73686149495212,dolomite
MAT-CARB-5795,0,176,-83.10935526431918,41.73692737423731,dolomite
MAT-CARB-5795,0,177,-83.10947256605915,41.73694375532144,dolomite
MAT-CARB-5795,0,178,-83.1096190684017,41.73693818835117,dolomite
MAT-CARB-5795,0,179,-83.10980957671278,41.736932617985644,dolomite
MAT-CARB-5795,0,180,-83.10991956332575,41.73690510601074,dolomite
MAT-CARB-5795,0,181,-83.11001474843272,41.73688858268516,dolomite
MAT-CARB-5795,0,182,-83.11016865475148,41.736855583260976,dolomite
MAT-CARB-5795,0,183,-83.11033716031011,41.736850068578455,dolomite
MAT-CARB-5795,0,184,-83.11047641513228,41.73686090803717,dolomite
MAT-CARB-5795,0,185,-83.11068158748448,41.73691027004861,dolomite
MAT-CARB-5795,0,186,-83.11083564237684,41.73698698340728,dolomite
MAT-CARB-5795,0,187,-83.11090898241183,41.73705280785814,dolomite
MAT-CARB-5795,0,188,-83.11093103393992,41.7371351806971,dolomite
MAT-CARB-5795,0,189,-83.1109163465432,41.73717904763959,dolomite
MAT-CARB-5795,0,190,-83.11086513321244,41.737212048706155,dolomite
MAT-CARB-5795,0,191,-83.11076255922151,41.73727796925145,dolomite
MAT-CARB-5795,0,192,-83.11071124808184,41.73731637282566,dolomite
MAT-CARB-5795,0,193,-83.11070402952818,41.73736028416329,dolomite
MAT-CARB-5795,0,194,-83.11070397396247,41.737398729710414,dolomite
MAT-CARB-5795,0,195,-83.11071878413411,41.73745358040793,dolomite
MAT-CARB-5795,0,196,-83.11074806464254,41.737481045752865,dolomite
MAT-CARB-5795,0,197,-83.11075544481633,41.73755233227534,dolomite
MAT-CARB-5795,0,198,-83.11076287075062,41.737596251679925,dolomite
MAT-CARB-5795,0,199,-83.11075558588482,41.73768957729073,dolomite
MAT-CARB-5795,0,200,-83.11069704365921,41.73776649015127,dolomite
MAT-CARB-5795,0,201,-83.11064579713806,41.737832369913896,dolomite
MAT-CARB-5795,0,202,-83.11057990621481,41.737898268977176,dolomite
MAT-CARB-5795,0,203,-83.11057989934592,41.737942116336676,dolomite
MAT-CARB-5795,0,204,-83.11058728699952,41.73796963774451,dolomite
MAT-CARB-5795,0,205,-83.1105726853181,41.73801898851881,dolomite
MAT-CARB-5795,0,206,-83.11049937528352,41.7380904094429,dolomite
MAT-CARB-5795,0,207,-83.11047741497244,41.73813979746375,dolomite
MAT-CARB-5795,0,208,-83.11041164860168,41.73822766057252,dolomite
MAT-CARB-5795,0,209,-83.1103164203342,41.738304512156915,dolomite
MAT-CARB-5795,0,210,-83.110213822912,41.738392424484864,dolomite
MAT-CARB-5795,0,211,-83.11014064318647,41.73844185229786,dolomite
MAT-CARB-5795,0,212,-83.11002347165555,41.738513275502314,dolomite
MAT-CARB-5795,0,213,-83.10999417309027,41.7385406534988,dolomite
MAT-CARB-5795,0,214,-83.10996485148448,41.738573598208944,dolomite
MAT-CARB-5814,0,0,-82.82962128445975,41.69037915590477,dolomite
MAT-CARB-5814,0,1,-82.82985173130703,41.69063410223602,dolomite
MAT-CARB-5814,0,2,-82.83008453237073,41.69119137383245,dolomite
MAT-CARB-5814,0,3,-82.83003052909405,41.69135575464395,dolomite
MAT-CARB-5814,0,4,-82.82971394061389,41.6914353238626,dolomite
MAT-CARB-5814,0,5,-82.829175038089,41.69166127742783,dolomite
MAT-CARB-5814,0,6,-82.8290627981558,41.69179768145775,dolomite
MAT-CARB-5814,0,7,-82.8287185415229,41.691778054497604,dolomite
MAT-CARB-5814,0,8,-82.82844522616178,41.691901981392036,dolomite
MAT-CARB-5814,0,9,-82.82834075388512,41.69201096856304,dolomite
MAT-CARB-5814,0,10,-82.82741845788253,41.69236533544767,dolomite
MAT-CARB-5814,0,11,-82.8268193291877,41.692684184405365,dolomite
MAT-CARB-5814,0,12,-82.82630284919873,41.69288283357171,dolomite
MAT-CARB-5814,0,13,-82.82576557983728,41.693004370151435,dolomite
MAT-CARB-5814,0,14,-82.82497385396404,41.69299712998188,dolomite
MAT-CARB-5814,0,15,-82.8244615793557,41.692937495980566,dolomite
MAT-CARB-5814,0,16,-82.8239718686817,41.69284505681204,dolomite
MAT-CARB-5814,0,17,-82.82362549838328,41.69250660844698,dolomite
MAT-CARB-5814,0,18,-82.82335319392642,41.692124852223394,dolomite
MAT-CARB-5814,0,19,-82.82269292122028,41.69170108194191,dolomite
MAT-CARB-5814,0,20,-82.8223902898703,41.69137948701565,dolomite
MAT-CARB-5814,0,21,-82.82220123894068,41.69128431601292,dolomite
MAT-CARB-5814,0,22,-82.82223364329016,41.691097729528515,dolomite
MAT-CARB-5814,0,23,-82.82268696597309,41.69117332628991,dolomite
MAT-CARB-5814,0,24,-82.82365646920724,41.69107227901995,dolomite
MAT-CARB-5814,0,25,-82.82423249912986,41.69081921163271,dolomite
MAT-CARB-5814,0,26,-82.82482807920894,41.69071474568383,dolomite
MAT-CARB-5814,0,27,-82.82515380077086,41.69052533778421,dolomite
MAT-CARB-5814,0,28,-82.8254469954254,41.69053351320129,dolomite
MAT-CARB-5814,0,29,-82.82565096998212,41.69061232249497,dolomite
MAT-CARB-5814,0,30,-82.82645816156823,41.69057021071667,dolomite
MAT-CARB-5814,0,31,-82.82691239070977,41.69059083461155,dolomite
MAT-CARB-5814,0,32,-82.827484868358,41.690552094906565,dolomite
MAT-CARB-5814,0,33,-82.82788760045862,41.69058324820765,dolomite
MAT-CARB-5814,0,34,-82.82856651419428,41.690765320672654,dolomite
MAT-CARB-5814,0,35,-82.82884705894635,41.69064694038421,dolomite
MAT-CARB-5814,0,36,-82.82914399786843,41.69042428195947,dolomite
MAT-CARB-5814,0,37,-82.8294322261571,41.6902839961653,dolomite
MAT-CARB-5814,0,38,-82.82962128445975,41.69037915590477,dolomite
MAT-CARB-5804,0,0,-82.82106750334961,41.72397799567072,dolomite
MAT-CARB-5804,0,1,-82.8198481735624,41.724076746976806,dolomite
MAT-CARB-5804,0,2,-82.81728606442158,41.723756406392155,dolomite
MAT-CARB-5804,0,3,-82.81641010347403,41.72394073371668,dolomite
MAT-CARB-5804,0,4,-82.81618603687126,41.72374078751695,dolomite
MAT-CARB-5804,0,5,-82.8159462579881,41.723601182179614,dolomite
MAT-CARB-5804,0,6,-82.81564014578929,41.72348294698771,dolomite
MAT-CARB-5804,0,7,-82.81511122367591,41.72352751999221,dolomite
MAT-CARB-5804,0,8,-82.8146218464898,41.72340208314506,dolomite
MAT-CARB-5804,0,9,-82.81440319184166,41.72331761927853,dolomite
MAT-CARB-5804,0,10,-82.81449276727206,41.72322500215775,dolomite
MAT-CARB-5804,0,11,-82.81432572181626,41.72312452634773,dolomite
MAT-CARB-5804,0,12,-82.81387202577879,41.72305989678838,dolomite
MAT-CARB-5804,0,13,-82.81351439541794,41.72295215567873,dolomite
MAT-CARB-5804,0,14,-82.81345488679091,41.72300106610172,dolomite
MAT-CARB-5804,0,15,-82.81330168924521,41.72295018598356,dolomite
MAT-CARB-5804,0,16,-82.81321561118374,41.72283397748261,dolomite
MAT-CARB-5804,0,17,-82.81296677112654,41.72279870155065,dolomite
MAT-CARB-5804,0,18,-82.8125695089825,41.72286647667197,dolomite
MAT-CARB-5804,0,19,-82.81179294691604,41.72280986060974,dolomite
MAT-CARB-5804,0,20,-82.81184601702284,41.72270590503185,dolomite
MAT-CARB-5804,0,21,-82.81213956630972,41.722697631641,dolomite
MAT-CARB-5804,0,22,-82.81266154844396,41.722625503474525,dolomite
MAT-CARB-5804,0,23,-82.81255393162431,41.72248159964889,dolomite
MAT-CARB-5804,0,24,-82.81240027718862,41.7224581960296,dolomite
MAT-CARB-5804,0,25,-82.81208343792075,41.72254320125452,dolomite
MAT-CARB-5804,0,26,-82.81208957212647,41.72217499504867,dolomite
MAT-CARB-5804,0,27,-82.81205865523813,41.72182843807363,dolomite
MAT-CARB-5804,0,28,-82.81128308800824,41.72083193865362,dolomite
MAT-CARB-5804,0,29,-82.81080590545704,41.72041529118375,dolomite
MAT-CARB-5804,0,30,-82.8106326705817,41.71980908772761,dolomite
MAT-CARB-5804,0,31,-82.81066206745771,41.71936414965596,dolomite
MAT-CARB-5804,0,32,-82.81089252620129,41.718739683908524,dolomite
MAT-CARB-5804,0,33,-82.81077747780373,41.71860119927176,dolomite
MAT-CARB-5804,0,34,-82.81083870070373,41.71844786360097,dolomite
MAT-CARB-5804,0,35,-82.81104030501885,41.71823537345672,dolomite
MAT-CARB-5804,0,36,-82.81109374748571,41.718109452002615,dolomite
MAT-CARB-5804,0,37,-82.81121887114679,41.71808313314944,dolomite
MAT-CARB-5804,0,38,-82.81134290730408,41.71812273884102,dolomite
MAT-CARB-5804,0,39,-82.81149717957688,41.718107669573875,dolomite
MAT-CARB-5804,0,40,-82.81163798278408,41.718021036768356,dolomite
MAT-CARB-5804,0,41,-82.81172103159301,41.71787888704028,dolomite
MAT-CARB-5804,0,42,-82.81174670086709,41.717659282117,dolomite
MAT-CARB-5804,0,43,-82.81170202870237,41.71725761407606,dolomite
MAT-CARB-5804,0,44,-82.81156682028332,41.71700902891358,dolomite
MAT-CARB-5804,0,45,-82.81166525745869,41.716823074160196,dolomite
MAT-CARB-5804,0,46,-82.81171056761893,41.716306824249926,dolomite
MAT-CARB-5804,0,47,-82.81169760359434,41.7148831177724,dolomite
MAT-CARB-5804,0,48,-82.81156982892905,41.714189401696494,dolomite
MAT-CARB-5804,0,49,-82.81134734466535,41.71345630520674,dolomite
MAT-CARB-5804,0,50,-82.81094905264939,41.711831161558756,dolomite
MAT-CARB-5804,0,51,-82.81056284246196,41.71123948793447,dolomite
MAT-CARB-5804,0,52,-82.81030124156703,41.71065442971986,dolomite
MAT-CARB-5804,0,53,-82.80973678613177,41.709758773330826,dolomite
MAT-CARB-5804,0,54,-82.80924496797331,41.709347500677566,dolomite
MAT-CARB-5804,0,55,-82.80817275378816,41.708557067258724,dolomite
MAT-CARB-5804,0,56,-82.8078722489652,41.70810904732589,dolomite
MAT-CARB-5804,0,57,-82.80759607966843,41.70795808161194,dolomite
MAT-CARB-5804,0,58,-82.80718782568891,41.70781140080629,dolomite
MAT-CARB-5804,0,59,-82.80684705963385,41.70757737225065,dolomite
MAT-CARB-5804,0,60,-82.80635974245965,41.707336503385775,dolomite
MAT-CARB-5804,0,61,-82.80610741842543,41.70707584037163,dolomite
MAT-CARB-5804,0,62,-82.80567613892104,41.7061154370078,dolomite
MAT-CARB-5804,0,63,-82.80589833229668,41.70598557826965,dolomite
MAT-CARB-5804,0,64,-82.80628116711117,41.70589570354741,dolomite
MAT-CARB-5804,0,65,-82.8068605957768,41.70589008862187,dolomite
MAT-CARB-5804,0,66,-82.80718123937707,41.706013987046646,dolomite
MAT-CARB-5804,0,67,-82.80784460792327,41.70669071501003,dolomite
MAT-CARB-5804,0,68,-82.80862741001427,41.70724211619777,dolomite
MAT-CARB-5804,0,69,-82.80942013386056,41.70763970404497,dolomite
MAT-CARB-5804,0,70,-82.80998456384599,41.70765591314342,dolomite
MAT-CARB-5804,0,71,-82.81051353437148,41.707600365347076,dolomite
MAT-CARB-5804,0,72,-82.81116288605376,41.70735902200651,dolomite
MAT-CARB-5804,0,73,-82.81143474944537,41.707328566798054,dolomite
MAT-CARB-5804,0,74,-82.81168010089449,41.70712745012928,dolomite
MAT-CARB-5804,0,75,-82.81196091201235,41.70699814164664,dolomite
MAT-CARB-5804,0,76,-82.81257705486662,41.70699284295832,dolomite
MAT-CARB-5804,0,77,-82.81287651608777,41.70706703756176,dolomite
MAT-CARB-5804,0,78,-82.81313881457451,41.707168420944775,dolomite
MAT-CARB-5804,0,79,-82.81344759789303,41.70712179593763,dolomite
MAT-CARB-5804,0,80,-82.81428276491114,41.707173477400374,dolomite
MAT-CARB-5804,0,81,-82.81517176926042,41.70707723504288,dolomite
MAT-CARB-5804,0,82,-82.81550471078546,41.70689891587799,dolomite
MAT-CARB-5804,0,83,-82.81587152810013,41.7068912913207,dolomite
MAT-CARB-5804,0,84,-82.81626591414243,41.70698837282943,dolomite
MAT-CARB-5804,0,85,-82.81687578249172,41.706917008981186,dolomite
MAT-CARB-5804,0,86,-82.81739501882976,41.707004242971955,dolomite
MAT-CARB-5804,0,87,-82.8180770589688,41.70700502221042,dolomite
MAT-CARB-5804,0,88,-82.8199968545918,41.70709959091256,dolomite
MAT-CARB-5804,0,89,-82.82139831151524,41.7070574702239,dolomite
MAT-CARB-5804,0,90,-82.82240889688389,41.70714367271777,dolomite
MAT-CARB-5804,0,91,-82.82289469053366,41.707038195675715,dolomite
MAT-CARB-5804,0,92,-82.82369282435316,41.70711143745799,dolomite
MAT-CARB-5804,0,93,-82.82412108490402,41.70737918660876,dolomite
MAT-CARB-5804,0,94,-82.8244928709593,41.707514500842656,dolomite
MAT-CARB-5804,0,95,-82.82521300970883,41.70787285723644,dolomite
MAT-CARB-5804,0,96,-82.82584835124261,41.70803805861323,dolomite
MAT-CARB-5804,0,97,-82.8264260680052,41.70813674985464,dolomite
MAT-CARB-5804,0,98,-82.82827338189624,41.709076994975135,dolomite
MAT-CARB-5804,0,99,-82.82895980155226,41.70925912455468,dolomite
MAT-CARB-5804,0,100,-82.83019969011902,41.70878122340516,dolomite
MAT-CARB-5804,0,101,-82.8306506649603,41.70855995272788,dolomite
MAT-CARB-5804,0,102,-82.83096271988889,41.70831545159804,dolomite
MAT-CARB-5804,0,103,-82.83113569995876,41.70805320591053,dolomite
MAT-CARB-5804,0,104,-82.83183013543054,41.708191422062264,dolomite
MAT-CARB-5804,0,105,-82.83236530803866,41.70820176602448,dolomite
MAT-CARB-5804,0,106,-82.83348568464346,41.70830536962525,dolomite
MAT-CARB-5804,0,107,-82.83406995366202,41.70845355765882,dolomite
MAT-CARB-5804,0,108,-82.83455847873142,41.708628388669375,dolomite
MAT-CARB-5804,0,109,-82.83506961531718,41.70876492854603,dolomite
MAT-CARB-5804,0,110,-82.83517991838214,41.70919465344174,dolomite
MAT-CARB-5804,0,111,-82.83547169394815,41.7097414584318,dolomite
MAT-CARB-5804,0,112,-82.83548151213886,41.71048906350105,dolomite
MAT-CARB-5804,0,113,-82.8349243705548,41.71092374293965,dolomite
MAT-CARB-5804,0,114,-82.83421006575593,41.711104133239395,dolomite
MAT-CARB-5804,0,115,-82.83267416012008,41.71084288388693,dolomite
MAT-CARB-5804,0,116,-82.83184684797548,41.71120365194126,dolomite
MAT-CARB-5804,0,117,-82.83117022802494,41.71221433827957,dolomite
MAT-CARB-5804,0,118,-82.83117985957215,41.712522232360655,dolomite
MAT-CARB-5804,0,119,-82.83114414641061,41.71291216015372,dolomite
MAT-CARB-5804,0,120,-82.8313905852174,41.71309027343134,dolomite
MAT-CARB-5804,0,121,-82.83232279767283,41.71349448253237,dolomite
MAT-CARB-5804,0,122,-82.8326893112225,41.713954021605,dolomite
MAT-CARB-5804,0,123,-82.83274216089494,41.71431175841037,dolomite
MAT-CARB-5804,0,124,-82.83284620456601,41.71467546876968,dolomite
MAT-CARB-5804,0,125,-82.83249082342327,41.714881099007826,dolomite
MAT-CARB-5804,0,126,-82.83234329468154,41.715379952666936,dolomite
MAT-CARB-5804,0,127,-82.83201603851751,41.715657294133536,dolomite
MAT-CARB-5804,0,128,-82.83133647240817,41.71594794358169,dolomite
MAT-CARB-5804,0,129,-82.83021116263637,41.71614109274673,dolomite
MAT-CARB-5804,0,130,-82.82955378343858,41.7164209218426,dolomite
MAT-CARB-5804,0,131,-82.8289676529888,41.71682781734616,dolomite
MAT-CARB-5804,0,132,-82.82832008416706,41.717404563185504,dolomite
MAT-CARB-5804,0,133,-82.82663489732188,41.719527307779515,dolomite
MAT-CARB-5804,0,134,-82.82633515344662,41.72080523089117,dolomite
MAT-CARB-5804,0,135,-82.8259578742631,41.72144487538976,dolomite
MAT-CARB-5804,0,136,-82.82570707333059,41.721975751355586,dolomite
MAT-CARB-5804,0,137,-82.82537959133278,41.722264069695804,dolomite
MAT-CARB-5804,0,138,-82.82483249762947,41.722522897588554,dolomite
MAT-CARB-5804,0,139,-82.82301882318768,41.72308344400629,dolomite
MAT-CARB-5804,0,140,-82.82210679453927,41.72322899827616,dolomite
MAT-CARB-5804,0,141,-82.82184756350235,41.723380537130474,dolomite
MAT-CARB-5804,0,142,-82.82139418544484,41.72373913286389,dolomite
MAT-CARB-5804,0,143,-82.82106750334961,41.72397799567072,dolomite
MAT-CARB-5812,0,0,-83.17212487438599,41.12056225048579,dolomite
MAT-CARB-5812,0,1,-83.17141018839519,41.12152522302051,dolomite
MAT-CARB-5812,0,2,-83.17123450760474,41.12207420637638,dolomite
MAT-CARB-5812,0,3,-83.17032930787566,41.122079291348605,dolomite
MAT-CARB-5812,0,4,-83.16979158464575,41.12263027671393,dolomite
MAT-CARB-5812,0,5,-83.16871201501446,41.123321307472864,dolomite
MAT-CARB-5812,0,6,-83.16780813853799,41.12346337826508,dolomite
MAT-CARB-5812,0,7,-83.16709064818042,41.124152340884365,dolomite
MAT-CARB-5812,0,8,-83.16637050619161,41.12456737128479,dolomite
MAT-CARB-5812,0,9,-83.16565966742283,41.125941266206674,dolomite
MAT-CARB-5812,0,10,-83.16476508602256,41.12704220916962,dolomite
MAT-CARB-5812,0,11,-83.16480910359923,41.131562805881266,dolomite
MAT-CARB-5812,0,12,-83.16336988466959,41.132529752544265,dolomite
MAT-CARB-5812,0,13,-83.16301441549281,41.133216701500245,dolomite
MAT-CARB-5812,0,14,-83.1626602324603,41.13404062580417,dolomite
MAT-CARB-5812,0,15,-83.16049268656633,41.13460062301793,dolomite
MAT-CARB-5812,0,16,-83.15923573410366,41.13570352012149,dolomite
MAT-CARB-5812,0,17,-83.15925557723482,41.13775830192896,dolomite
MAT-CARB-5812,0,18,-83.15836734355867,41.13954412291251,dolomite
MAT-CARB-5812,0,19,-83.15729006521892,41.140509021253465,dolomite
MAT-CARB-5812,0,20,-83.15585186750124,41.14161287444475,dolomite
MAT-CARB-5812,0,21,-83.15441493647896,41.14285368521897,dolomite
MAT-CARB-5812,0,22,-83.15297405821097,41.143683522939526,dolomite
MAT-CARB-5812,0,23,-83.15118395601388,41.145885183573796,dolomite
MAT-CARB-5812,0,24,-83.15065503164949,41.14739498352228,dolomite
MAT-CARB-5812,0,25,-83.1510329113679,41.14903685060003,dolomite
MAT-CARB-5812,0,26,-83.15140300086694,41.14985678163394,dolomite
MAT-CARB-5812,0,27,-83.15213528060679,41.15067473445738,dolomite
MAT-CARB-5812,0,28,-83.15286338865236,41.151916079400706,dolomite
MAT-CARB-5812,0,29,-83.15359705604534,41.152870996661484,dolomite
MAT-CARB-5812,0,30,-83.15432811747057,41.15355195935938,dolomite
MAT-CARB-5812,0,31,-83.15469823474506,41.15437187772632,dolomite
MAT-CARB-5812,0,32,-83.15489775655112,41.15628869311234,dolomite
MAT-CARB-5812,0,33,-83.15454601985189,41.157386555670705,dolomite
MAT-CARB-5812,0,34,-83.15455390300251,41.158208456302866,dolomite
MAT-CARB-5812,0,35,-83.1543767147813,41.15862039863055,dolomite
MAT-CARB-5812,0,36,-83.15439904558202,41.16094912293154,dolomite
MAT-CARB-5812,0,37,-83.15531133939547,41.16162908342999,dolomite
MAT-CARB-5812,0,38,-83.15658593064708,41.162307046371886,dolomite
MAT-CARB-5812,0,39,-83.15767544512029,41.16257504384601,dolomite
MAT-CARB-5812,0,40,-83.15822286632407,41.162982999966026,dolomite
MAT-CARB-5812,0,41,-83.15913654851981,41.163799903928656,dolomite
MAT-CARB-5812,0,42,-83.16059903069021,41.16516174600221,dolomite
MAT-CARB-5812,0,43,-83.16133693167863,41.16652755421304,dolomite
MAT-CARB-5812,0,44,-83.1617218167446,41.168854285535524,dolomite
MAT-CARB-5812,0,45,-83.16209214217238,41.16967417175002,dolomite
MAT-CARB-5812,0,46,-83.16264227120432,41.17035607913163,dolomite
MAT-CARB-5812,0,47,-83.16283141646126,41.17117696680677,dolomite
MAT-CARB-5812,0,48,-83.16229457560851,41.1718648992915,dolomite
MAT-CARB-5812,0,49,-83.16085181750772,41.172557842172395,dolomite
MAT-CARB-5812,0,50,-83.16031358361957,41.17310876513412,dolomite
MAT-CARB-5812,0,51,-83.15941432570166,41.17379868546096,dolomite
MAT-CARB-5812,0,52,-83.15869625783795,41.17448760001947,dolomite
MAT-CARB-5812,0,53,-83.15888007560179,41.1747605738854,dolomite
MAT-CARB-5812,0,54,-83.15942491742224,41.17489454858842,dolomite
MAT-CARB-5812,0,55,-83.1606905477935,41.17461357103885,dolomite
MAT-CARB-5812,0,56,-83.16123144576969,41.174336619609065,dolomite
MAT-CARB-5812,0,57,-83.16231053212594,41.173508681858735,dolomite
MAT-CARB-5812,0,58,-83.16303524550473,41.1735046631651,dolomite
MAT-CARB-5812,0,59,-83.16447663115687,41.17267472189467,dolomite
MAT-CARB-5812,0,60,-83.16519599356481,41.17212277169882,dolomite
MAT-CARB-5812,0,61,-83.16519332247077,41.17184879871872,dolomite
MAT-CARB-5812,0,62,-83.16423595992521,41.170393787444176,dolomite
MAT-CARB-5812,0,63,-83.16388781152027,41.168020333233144,dolomite
MAT-CARB-5812,0,64,-83.16368667060463,41.16596657569476,dolomite
MAT-CARB-5812,0,65,-83.16403830446686,41.16486869301989,dolomite
MAT-CARB-5812,0,66,-83.16457777731323,41.16445472353395,dolomite
MAT-CARB-5812,0,67,-83.16511587194562,41.1639037506899,dolomite
MAT-CARB-5812,0,68,-83.16546884453659,41.16294286307839,dolomite
MAT-CARB-5812,0,69,-83.16836452818048,41.16265271067918,dolomite
MAT-CARB-5812,0,70,-83.16908241020022,41.16196373193566,dolomite
MAT-CARB-5812,0,71,-83.1696137644686,41.16072784116088,dolomite
MAT-CARB-5812,0,72,-83.16961107608437,41.160453866025165,dolomite
MAT-CARB-5812,0,73,-83.16779828137597,41.16032703052128,dolomite
MAT-CARB-5812,0,74,-83.16725353915699,41.16019306515037,dolomite
MAT-CARB-5812,0,75,-83.1674132372311,41.15800030446449,dolomite
MAT-CARB-5812,0,76,-83.16885696369121,41.15744427670027,dolomite
MAT-CARB-5812,0,77,-83.16975322184743,41.156480301262164,dolomite
MAT-CARB-5812,0,78,-83.17010739940646,41.15565636935853,dolomite
MAT-CARB-5812,0,79,-83.17045756751978,41.15442148499153,dolomite
MAT-CARB-5812,0,80,-83.17135376337279,41.153457495452145,dolomite
MAT-CARB-5812,0,81,-83.17261351078352,41.15262846170107,dolomite
MAT-CARB-5812,0,82,-83.17423954661852,41.152208321550205,dolomite
MAT-CARB-5812,0,83,-83.17695634329664,41.15219295743946,dolomite
MAT-CARB-5812,0,84,-83.17877302607585,41.15273060579744,dolomite
MAT-CARB-5812,0,85,-83.18076671755709,41.15285627119243,dolomite
MAT-CARB-5812,0,86,-83.18277412042815,41.1543517294454,dolomite
MAT-CARB-5812,0,87,-83.18441249825324,41.155164302330626,dolomite
MAT-CARB-5812,0,88,-83.18568454136789,41.15556798201499,dolomite
MAT-CARB-5812,0,89,-83.18623341507345,41.15611281360204,dolomite
MAT-CARB-5812,0,90,-83.18787601856447,41.15733628740405,dolomite
MAT-CARB-5812,0,91,-83.18970257909241,41.15883266712659,dolomite
MAT-CARB-5812,0,92,-83.19133975933782,41.159508168672716,dolomite
MAT-CARB-5812,0,93,-83.19297558077238,41.16004664639241,dolomite
MAT-CARB-5812,0,94,-83.19390217606761,41.162096157379445,dolomite
MAT-CARB-5812,0,95,-83.19393282217695,41.16510978890355,dolomite
MAT-CARB-5812,0,96,-83.19449163403395,41.16661344463468,dolomite
MAT-CARB-5812,0,97,-83.19522604221748,41.16756812347429,dolomite
MAT-CARB-5812,0,98,-83.19632138389653,41.168383686210994,dolomite
MAT-CARB-5812,0,99,-83.19669212249015,41.16920346541933,dolomite
MAT-CARB-5812,0,100,-83.19634095541991,41.17030144088784,dolomite
MAT-CARB-5812,0,101,-83.19598701863865,41.17112544182141,dolomite
MAT-CARB-5812,0,102,-83.19526931193242,41.17181457761995,dolomite
MAT-CARB-5812,0,103,-83.19418786484052,41.17236884172001,dolomite
MAT-CARB-5812,0,104,-83.18820775530048,41.172266422933625,dolomite
MAT-CARB-5812,0,105,-83.1869353859441,41.17186277497525,dolomite
MAT-CARB-5812,0,106,-83.18547911562933,41.17118618004075,dolomite
MAT-CARB-5812,0,107,-83.18365643486615,41.17010072227015,dolomite
MAT-CARB-5812,0,108,-83.18165402315721,41.169153214826125,dolomite
MAT-CARB-5812,0,109,-83.17929341206263,41.16861867990809,dolomite
MAT-CARB-5812,0,110,-83.17748177876165,41.16862896481995,dolomite
MAT-CARB-5812,0,111,-83.17585808537537,41.16932311742132,dolomite
MAT-CARB-5812,0,112,-83.17441687294036,41.170153225612964,dolomite
MAT-CARB-5812,0,113,-83.17352320530298,41.17139117203016,dolomite
MAT-CARB-5812,0,114,-83.1735475462591,41.17385687115704,dolomite
MAT-CARB-5812,0,115,-83.17179916692949,41.18030522836422,dolomite
MAT-CARB-5812,0,116,-83.17091205474107,41.18222805958399,dolomite
MAT-CARB-5812,0,117,-83.16948529726191,41.184564897130905,dolomite
MAT-CARB-5812,0,118,-83.16912693111483,41.184977868273144,dolomite
MAT-CARB-5812,0,119,-83.16841283405077,41.186077777296475,dolomite
MAT-CARB-5812,0,120,-83.16751348708422,41.18676775206471,dolomite
MAT-CARB-5812,0,121,-83.16715774041847,41.1874546592874,dolomite
MAT-CARB-5812,0,122,-83.16625970073964,41.18828162249926,dolomite
MAT-CARB-5812,0,123,-83.16499788205468,41.188973569348185,dolomite
MAT-CARB-5812,0,124,-83.16410379717581,41.19021145582493,dolomite
MAT-CARB-5812,0,125,-83.16302443176701,41.191039372478656,dolomite
MAT-CARB-5812,0,126,-83.16140407895858,41.19214425704348,dolomite
MAT-CARB-5812,0,127,-83.16068580174174,41.19283317456261,dolomite
MAT-CARB-5812,0,128,-83.15997281167562,41.19406999748642,dolomite
MAT-CARB-5812,0,129,-83.15961430167711,41.19448293744297,dolomite
MAT-CARB-5812,0,130,-83.15924787960743,41.1940739975482,dolomite
MAT-CARB-5812,0,131,-83.158513689919,41.19311914348697,dolomite
MAT-CARB-5812,0,132,-83.15760094300664,41.19243922297329,dolomite
MAT-CARB-5812,0,133,-83.15650831481013,41.191897261446506,dolomite
MAT-CARB-5812,0,134,-83.1557834056314,41.19190124050539,dolomite
MAT-CARB-5812,0,135,-83.15451611990923,41.192045191663894,dolomite
MAT-CARB-5812,0,136,-83.15397640410329,41.19245910723031,dolomite
MAT-CARB-5812,0,137,-83.15361917884694,41.19300900050329,dolomite
MAT-CARB-5812,0,138,-83.15380437548002,41.19341894907134,dolomite
MAT-CARB-5812,0,139,-83.15489306083529,41.19354999512106,dolomite
MAT-CARB-5812,0,140,-83.15561667072377,41.193409023294855,dolomite
MAT-CARB-5812,0,141,-83.15652545525904,41.19367801898075,dolomite
MAT-CARB-5812,0,142,-83.15707440269686,41.1942229694442,dolomite
MAT-CARB-5812,0,143,-83.157088919035,41.1957297554715,dolomite
MAT-CARB-5812,0,144,-83.15601337010014,41.196968543891956,dolomite
MAT-CARB-5812,0,145,-83.15566539219016,41.19847731553428,dolomite
MAT-CARB-5812,0,146,-83.15459499695012,41.20026402410822,dolomite
MAT-CARB-5812,0,147,-83.1533393998767,41.201640773950466,dolomite
MAT-CARB-5812,0,148,-83.15243838454258,41.202193630121954,dolomite
MAT-CARB-5812,0,149,-83.15045110589041,41.202889398343395,dolomite
MAT-CARB-5812,0,150,-83.14683510431651,41.203867936837085,dolomite
MAT-CARB-5812,0,151,-83.14611525846429,41.204419763723315,dolomite
MAT-CARB-5812,0,152,-83.14431819996545,41.20607331870573,dolomite
MAT-CARB-5812,0,153,-83.14324225591335,41.207311982822276,dolomite
MAT-CARB-5812,0,154,-83.14217014267957,41.20896157161436,dolomite
MAT-CARB-5812,0,155,-83.14200044956998,41.210195378347784,dolomite
MAT-CARB-5812,0,156,-83.14202495419643,41.212797982827695,dolomite
MAT-CARB-5812,0,157,-83.14241851184285,41.216083532993494,dolomite
MAT-CARB-5812,0,158,-83.1427939907703,41.21745135232647,dolomite
MAT-CARB-5812,0,159,-83.14209073907752,41.21978390222783,dolomite
MAT-CARB-5812,0,160,-83.1399612411703,41.223923411548235,dolomite
MAT-CARB-5812,0,161,-83.13799118448125,41.2265366459296,dolomite
MAT-CARB-5812,0,162,-83.13655725483123,41.22832508981769,dolomite
MAT-CARB-5812,0,163,-83.13584984424322,41.23024662772797,dolomite
MAT-CARB-5812,0,164,-83.13549231135326,41.2307964787608,dolomite
MAT-CARB-5812,0,165,-83.13568768435336,41.23230226322197,dolomite
MAT-CARB-5812,0,166,-83.1380847784988,41.2365359841139,dolomite
MAT-CARB-5812,0,167,-83.13954711548277,41.23776104475186,dolomite
MAT-CARB-5812,0,168,-83.14028277089345,41.2388529777803,dolomite
MAT-CARB-5812,0,169,-83.14138894885322,41.24076481275496,dolomite
MAT-CARB-5812,0,170,-83.14121787356132,41.2418615958872,dolomite
MAT-CARB-5812,0,171,-83.14158834901426,41.24268150165109,dolomite
MAT-CARB-5812,0,172,-83.14178518055019,41.24432422858028,dolomite
MAT-CARB-5812,0,173,-83.14179420995389,41.245283070746815,dolomite
MAT-CARB-5812,0,174,-83.14019534817068,41.248853193105,dolomite
MAT-CARB-5812,0,175,-83.13803935545963,41.251056427542615,dolomite
MAT-CARB-5812,0,176,-83.13551275876203,41.25243967511692,dolomite
MAT-CARB-5812,0,177,-83.13298097041287,41.25327500832665,dolomite
MAT-CARB-5812,0,178,-83.12917429977222,41.25356902918356,dolomite
MAT-CARB-5812,0,179,-83.12754809072511,41.254262481910224,dolomite
MAT-CARB-5812,0,180,-83.12682881653947,41.254951164286965,dolomite
MAT-CARB-5812,0,181,-83.12522517327041,41.25811013985418,dolomite
MAT-CARB-5812,0,182,-83.12450332409593,41.258524849930595,dolomite
MAT-CARB-5812,0,183,-83.12324479247802,41.25976423236432,dolomite
MAT-CARB-5812,0,184,-83.1212793034603,41.263061996683255,dolomite
MAT-CARB-5812,0,185,-83.11896319847168,41.26773134407108,dolomite
MAT-CARB-5812,0,186,-83.11702576980352,41.27417938915739,dolomite
MAT-CARB-5812,0,187,-83.11615695172232,41.27843023627023,dolomite
MAT-CARB-5812,0,188,-83.11547075947375,41.28281709241668,dolomite
MAT-CARB-5812,0,189,-83.11532514688675,41.28679019341256,dolomite
MAT-CARB-5812,0,190,-83.11569555526535,41.28761017901634,dolomite
MAT-CARB-5812,0,191,-83.11592162138191,41.29254020877475,dolomite
MAT-CARB-5812,0,192,-83.11538578927082,41.293501817965726,dolomite
MAT-CARB-5812,0,193,-83.11540311775553,41.2954194069187,dolomite
MAT-CARB-5812,0,194,-83.11544882227194,41.29775992757215,dolomite
MAT-CARB-5812,0,195,-83.11582053015255,41.298716838911396,dolomite
MAT-CARB-5812,0,196,-83.11802847405608,41.30199290830199,dolomite
MAT-CARB-5812,0,197,-83.11932030738352,41.304314853412436,dolomite
MAT-CARB-5812,0,198,-83.11987608352415,41.30554475534678,dolomite
MAT-CARB-5812,0,199,-83.12007635176741,41.30759837285332,dolomite
MAT-CARB-5812,0,200,-83.11954045958026,41.30855996214094,dolomite
MAT-CARB-5812,0,201,-83.11882426554122,41.30965947316402,dolomite
MAT-CARB-5812,0,202,-83.11792154085119,41.310212051824216,dolomite
MAT-CARB-5812,0,203,-83.11719909480671,41.31062670143776,dolomite
MAT-CARB-5812,0,204,-83.115563970402,41.310498124389866,dolomite
MAT-CARB-5812,0,205,-83.11247531079827,41.310240029663504,dolomite
MAT-CARB-5812,0,206,-83.11047710125496,41.31011323961866,dolomite
MAT-CARB-5812,0,207,-83.10848505648845,41.310671294585305,dolomite
MAT-CARB-5812,0,208,-83.1057728898661,41.31191781477388,dolomite
MAT-CARB-5812,0,209,-83.1039707627775,41.31343364352656,dolomite
MAT-CARB-5812,0,210,-83.10290209229123,41.31576762458484,dolomite
MAT-CARB-5812,0,211,-83.10022343421959,41.320849123794574,dolomite
MAT-CARB-5812,0,212,-83.09861579929702,41.32387059895221,dolomite
MAT-CARB-5812,0,213,-83.09627207287436,41.32579994700452,dolomite
MAT-CARB-5812,0,214,-83.09500819151224,41.326628068579154,dolomite
MAT-CARB-5812,0,215,-83.09284107872439,41.328008558485415,dolomite
MAT-CARB-5812,0,216,-83.0912162903626,41.32911237789857,dolomite
MAT-CARB-5812,0,217,-83.0903225868759,41.33076045370027,dolomite
MAT-CARB-5812,0,218,-83.08925436208193,41.33323123878883,dolomite
MAT-CARB-5812,0,219,-83.08782163608237,41.33556680822247,dolomite
MAT-CARB-5812,0,220,-83.08728746834124,41.33680217299354,dolomite
MAT-CARB-5812,0,221,-83.0847872583078,41.34174542523464,dolomite
MAT-CARB-5812,0,222,-83.08281046290789,41.34422053346504,dolomite
MAT-CARB-5812,0,223,-83.08101870031233,41.34710564538132,dolomite
MAT-CARB-5812,0,224,-83.08051816953484,41.35231297414952,dolomite
MAT-CARB-5812,0,225,-83.07910809439474,41.35738771765982,dolomite
MAT-CARB-5812,0,226,-83.0776826525951,41.360681883943755,dolomite
MAT-CARB-5812,0,227,-83.07643062633386,41.36301639139799,dolomite
MAT-CARB-5812,0,228,-83.07662278646264,41.364248212204124,dolomite
MAT-CARB-5812,0,229,-83.0771736320092,41.36493041267663,dolomite
MAT-CARB-5812,0,230,-83.07918388437706,41.36629039078366,dolomite
MAT-CARB-5812,0,231,-83.08100898399813,41.36724035437312,dolomite
MAT-CARB-5812,0,232,-83.08338745991276,41.36914636562514,dolomite
MAT-CARB-5812,0,233,-83.08759248349163,41.37201935253294,dolomite
MAT-CARB-5812,0,234,-83.09088697031756,41.374742521722716,dolomite
MAT-CARB-5812,0,235,-83.09490145994766,41.37664024823284,dolomite
MAT-CARB-5812,0,236,-83.09671984665269,41.376768168962364,dolomite
MAT-CARB-5812,0,237,-83.10053476147532,41.376612160553464,dolomite
MAT-CARB-5812,0,238,-83.10126648534948,41.37715635341042,dolomite
MAT-CARB-5812,0,239,-83.10290804153522,41.37783295499451,dolomite
MAT-CARB-5812,0,240,-83.10400201283515,41.378238350260624,dolomite
MAT-CARB-5812,0,241,-83.10418981184003,41.378922249559785,dolomite
MAT-CARB-5812,0,242,-83.10529477884222,41.38056028184906,dolomite
MAT-CARB-5812,0,243,-83.10585828184165,41.38261196773712,dolomite
MAT-CARB-5812,0,244,-83.10605953783522,41.384802437023204,dolomite
MAT-CARB-5812,0,245,-83.10588878710783,41.386035999217874,dolomite
MAT-CARB-5812,0,246,-83.10518862077319,41.38905281313623,dolomite
MAT-CARB-5812,0,247,-83.10412732131662,41.39234537625894,dolomite
MAT-CARB-5812,0,248,-83.10306106018928,41.395090093099384,dolomite
MAT-CARB-5812,0,249,-83.10289262171439,41.396597568774176,dolomite
MAT-CARB-5812,0,250,-83.10362822726889,41.397552616043626,dolomite
MAT-CARB-5812,0,251,-83.10472499291984,41.39823192545606,dolomite
MAT-CARB-5812,0,252,-83.10581930326461,41.39863729759329,dolomite
MAT-CARB-5812,0,253,-83.10782374241732,41.39917503349849,dolomite
MAT-CARB-5812,0,254,-83.11037110867395,41.399436034393595,dolomite
MAT-CARB-5812,0,255,-83.11146550848697,41.39984135443402,dolomite
MAT-CARB-5812,0,256,-83.11292590260305,41.400518733572596,dolomite
MAT-CARB-5812,0,257,-83.11474124672468,41.40023550242292,dolomite
MAT-CARB-5812,0,258,-83.1154671393288,41.400094795842165,dolomite
MAT-CARB-5812,0,259,-83.11763857888404,41.398987928898535,dolomite
MAT-CARB-5812,0,260,-83.11818264545515,41.39884814198259,dolomite
MAT-CARB-5812,0,261,-83.11890851637469,41.39870744184467,dolomite
MAT-CARB-5812,0,262,-83.12290763523876,41.39868673566449,dolomite
MAT-CARB-5812,0,263,-83.12363098211449,41.39827208013588,dolomite
MAT-CARB-5812,0,264,-83.12381023753555,41.39799720789418,dolomite
MAT-CARB-5812,0,265,-83.12488325905021,41.396074094997886,dolomite
MAT-CARB-5812,0,266,-83.12595373455673,41.3938770416927,dolomite
MAT-CARB-5812,0,267,-83.12594616972102,41.39305528572168,dolomite
MAT-CARB-5812,0,268,-83.12520274347544,41.391278587369534,dolomite
MAT-CARB-5812,0,269,-83.12317828033055,41.38854976413297,dolomite
MAT-CARB-5812,0,270,-83.12243375855905,41.386636091134065,dolomite
MAT-CARB-5812,0,271,-83.12315066847088,41.38553662464268,dolomite
MAT-CARB-5812,0,272,-83.12369088444659,41.38498595771821,dolomite
MAT-CARB-5812,0,273,-83.12459832853246,41.38484424865186,dolomite
MAT-CARB-5812,0,274,-83.12660380789069,41.38551862740255,dolomite
MAT-CARB-5812,0,275,-83.12806784000423,41.38660671009729,dolomite
MAT-CARB-5812,0,276,-83.13263952430043,41.38959595744661,dolomite
MAT-CARB-5812,0,277,-83.13520581783187,41.39191085328164,dolomite
MAT-CARB-5812,0,278,-83.13612870589276,41.39341259706012,dolomite
MAT-CARB-5812,0,279,-83.13614664478058,41.39533003391286,dolomite
MAT-CARB-5812,0,280,-83.13490621953687,41.398760766671565,dolomite
MAT-CARB-5812,0,281,-83.13311140436463,41.40123565810401,dolomite
MAT-CARB-5812,0,282,-83.132402097374,41.40315692014255,dolomite
MAT-CARB-5812,0,283,-83.1311613767897,41.406587592605405,dolomite
MAT-CARB-5812,0,284,-83.12936368261555,41.408788488198134,dolomite
MAT-CARB-5812,0,285,-83.12774767466188,41.41098840161164,dolomite
MAT-CARB-5812,0,286,-83.12651032701955,41.41482990313332,dolomite
MAT-CARB-5812,0,287,-83.12599764566208,41.4183936369443,dolomite
MAT-CARB-5812,0,288,-83.12656334967282,41.42058211094319,dolomite
MAT-CARB-5812,0,289,-83.12823912102924,41.424819237203245,dolomite
MAT-CARB-5812,0,290,-83.12881889009451,41.42851420950079,dolomite
MAT-CARB-5812,0,291,-83.12957169963819,41.43124950989188,dolomite
MAT-CARB-5812,0,292,-83.12925614038278,41.43645573968337,dolomite
MAT-CARB-5812,0,293,-83.12837081353014,41.43906265808161,dolomite
MAT-CARB-5812,0,294,-83.12694099198387,41.441809388967464,dolomite
MAT-CARB-5812,0,295,-83.12623361166116,41.44400446868298,dolomite
MAT-CARB-5812,0,296,-83.12588623084802,41.445786782678795,dolomite
MAT-CARB-5812,0,297,-83.12603177367407,41.446766047190536,dolomite
MAT-CARB-5812,0,298,-83.12678340980716,41.44936438071632,dolomite
MAT-CARB-5812,0,299,-83.12826908541203,41.45264367057525,dolomite
MAT-CARB-5812,0,300,-83.12920659873873,41.455651881587826,dolomite
MAT-CARB-5812,0,301,-83.12940251553506,41.45715741277084,dolomite
MAT-CARB-5812,0,302,-83.12959713527226,41.45852599900188,dolomite
MAT-CARB-5812,0,303,-83.13053351737598,41.46139724259806,dolomite
MAT-CARB-5812,0,304,-83.131655744694,41.464678369262636,dolomite
MAT-CARB-5812,0,305,-83.13167994480717,41.46728046179058,dolomite
MAT-CARB-5812,0,306,-83.1315081787165,41.468377036783586,dolomite
MAT-CARB-5812,0,307,-83.13064032612314,41.47290122201748,dolomite
MAT-CARB-5812,0,308,-83.12999245411314,41.48153295042819,dolomite
MAT-CARB-5812,0,309,-83.1303691507228,41.482900553149044,dolomite
MAT-CARB-5812,0,310,-83.13202757526253,41.48508314911438,dolomite
MAT-CARB-5812,0,311,-83.13240309331417,41.486313774005254,dolomite
MAT-CARB-5812,0,312,-83.13260040912664,41.48795622949488,dolomite
MAT-CARB-5812,0,313,-83.13136196958666,41.491797513493445,dolomite
MAT-CARB-5812,0,314,-83.13156819403233,41.4943985910949,dolomite
MAT-CARB-5812,0,315,-83.13048741220378,41.49563688954308,dolomite
MAT-CARB-5812,0,316,-83.12976437663868,41.49618849228513,dolomite
MAT-CARB-5812,0,317,-83.12958865976373,41.496874195291326,dolomite
MAT-CARB-5812,0,318,-83.12742571242556,41.49921374683715,dolomite
MAT-CARB-5812,0,319,-83.1265306489725,41.50086189572834,dolomite
MAT-CARB-5812,0,320,-83.1265407609965,41.50195748361531,dolomite
MAT-CARB-5812,0,321,-83.12691117739519,41.502640329187685,dolomite
MAT-CARB-5812,0,322,-83.12929314649352,41.50427131813486,dolomite
MAT-CARB-5812,0,323,-83.13112138327475,41.50508344775488,dolomite
MAT-CARB-5812,0,324,-83.13313172078965,41.505894616974494,dolomite
MAT-CARB-5812,0,325,-83.1355049779629,41.50656683361792,dolomite
MAT-CARB-5812,0,326,-83.13751544827976,41.50737792828157,dolomite
MAT-CARB-5812,0,327,-83.13916180430701,41.50819089952843,dolomite
MAT-CARB-5812,0,328,-83.14098767805709,41.50872897447303,dolomite
MAT-CARB-5812,0,329,-83.14226605154718,41.50913300601603,dolomite
MAT-CARB-5812,0,330,-83.14390471186765,41.50912423355445,dolomite
MAT-CARB-5812,0,331,-83.14608178236217,41.50829082426106,dolomite
MAT-CARB-5812,0,332,-83.14661622953588,41.50705536760712,dolomite
MAT-CARB-5812,0,333,-83.14640547761688,41.504043502668644,dolomite
MAT-CARB-5812,0,334,-83.14546913806527,41.50130942146315,dolomite
MAT-CARB-5812,0,335,-83.14508943249582,41.499668010509495,dolomite
MAT-CARB-5812,0,336,-83.14561080549775,41.49706305562872,dolomite
MAT-CARB-5812,0,337,-83.14687075404808,41.495549765012335,dolomite
MAT-CARB-5812,0,338,-83.14921890200702,41.49361968882486,dolomite
MAT-CARB-5812,0,339,-83.15265643025374,41.491409755161385,dolomite
MAT-CARB-5812,0,340,-83.15627574661514,41.48919875196748,dolomite
MAT-CARB-5812,0,341,-83.15860822459982,41.48787674778008,dolomite
MAT-CARB-5812,0,342,-83.16183968535469,41.486249712564714,dolomite
MAT-CARB-5812,0,343,-83.1635767902244,41.48570369325162,dolomite
MAT-CARB-5812,0,344,-83.1706068348099,41.48510941789066,dolomite
MAT-CARB-5812,0,345,-83.17521156760638,41.48492359985672,dolomite
MAT-CARB-5812,0,346,-83.18008183479724,41.485231475830176,dolomite
MAT-CARB-5812,0,347,-83.18555174948513,41.48615908503185,dolomite
MAT-CARB-5812,0,348,-83.19010761020684,41.486680805373354,dolomite
MAT-CARB-5812,0,349,-83.19538735615305,41.486787321783645,dolomite
MAT-CARB-5812,0,350,-83.19883994950108,41.486219434681615,dolomite
MAT-CARB-5812,0,351,-83.20228823563448,41.48524060314737,dolomite
MAT-CARB-5812,0,352,-83.20500270763166,41.48371816382677,dolomite
MAT-CARB-5812,0,353,-83.20670408998869,41.48211983714591,dolomite
MAT-CARB-5812,0,354,-83.20769711176851,41.48027836994167,dolomite
MAT-CARB-5812,0,355,-83.20800871940354,41.47811874145188,dolomite
MAT-CARB-5812,0,356,-83.20764716003997,41.47548511530612,dolomite
MAT-CARB-5812,0,357,-83.20690639688468,41.474256858619235,dolomite
MAT-CARB-5812,0,358,-83.2058031486659,41.47316767669985,dolomite
MAT-CARB-5812,0,359,-83.20266420364786,41.46880338965512,dolomite
MAT-CARB-5812,0,360,-83.20173316027123,41.466754429683135,dolomite
MAT-CARB-5812,0,361,-83.20098694532605,41.46497830713413,dolomite
MAT-CARB-5812,0,362,-83.2013366961385,41.46360668394311,dolomite
MAT-CARB-5812,0,363,-83.20277955436869,41.46236558594579,dolomite
MAT-CARB-5812,0,364,-83.20495013925667,41.46112022485683,dolomite
MAT-CARB-5812,0,365,-83.20858328235218,41.4605510044799,dolomite
MAT-CARB-5812,0,366,-83.21367477478023,41.460246912406745,dolomite
MAT-CARB-5812,0,367,-83.21931060469078,41.459802392759634,dolomite
MAT-CARB-5812,0,368,-83.22330741721535,41.45923051765712,dolomite
MAT-CARB-5812,0,369,-83.22730566545061,41.45879547826593,dolomite
MAT-CARB-5812,0,370,-83.23167361866587,41.45890588280679,dolomite
MAT-CARB-5812,0,371,-83.23313060401517,41.45903397085001,dolomite
MAT-CARB-5812,0,372,-83.23787434320066,41.460237542423805,dolomite
MAT-CARB-5812,0,373,-83.23988466304834,41.46104692663936,dolomite
MAT-CARB-5812,0,374,-83.24189649039157,41.4619932456201,dolomite
MAT-CARB-5812,0,375,-83.24317911551812,41.46280706942042,dolomite
MAT-CARB-5812,0,376,-83.24373393157862,41.463625390667495,dolomite
MAT-CARB-5812,0,377,-83.24392190985107,41.464172082176525,dolomite
MAT-CARB-5812,0,378,-83.24338653630603,41.46513413301133,dolomite
MAT-CARB-5812,0,379,-83.24194436110734,41.46637568873714,dolomite
MAT-CARB-5812,0,380,-83.24049765372085,41.46720637629387,dolomite
MAT-CARB-5812,0,381,-83.23922992001913,41.46776204397219,dolomite
MAT-CARB-5812,0,382,-83.2386959411611,41.4688610116485,dolomite
MAT-CARB-5812,0,383,-83.23890028287072,41.470914135739186,dolomite
MAT-CARB-5812,0,384,-83.23982802876375,41.47255195250677,dolomite
MAT-CARB-5812,0,385,-83.24002939451083,41.47433116140001,dolomite
MAT-CARB-5812,0,386,-83.24040677381335,41.47556148617991,dolomite
MAT-CARB-5812,0,387,-83.24005625821984,41.47679627000281,dolomite
MAT-CARB-5812,0,388,-83.23863313976636,41.479818123884804,dolomite
MAT-CARB-5812,0,389,-83.2381109656115,41.48201267372487,dolomite
MAT-CARB-5812,0,390,-83.23830639493148,41.48324411571094,dolomite
MAT-CARB-5812,0,391,-83.23959232545027,41.484331869061506,dolomite
MAT-CARB-5812,0,392,-83.24050981579337,41.48501098192024,dolomite
MAT-CARB-5812,0,393,-83.24234185746579,41.48609533572689,dolomite
MAT-CARB-5812,0,394,-83.24307889464733,41.4869125463308,dolomite
MAT-CARB-5812,0,395,-83.24326839472134,41.48759616708964,dolomite
MAT-CARB-5812,0,396,-83.24400996113324,41.488824185881285,dolomite
MAT-CARB-5812,0,397,-83.24511260988356,41.489776036825845,dolomite
MAT-CARB-5812,0,398,-83.24621224289793,41.490454001037186,dolomite
MAT-CARB-5812,0,399,-83.24694334707648,41.490723378142654,dolomite
MAT-CARB-5812,0,400,-83.24985417199478,41.49056829059557,dolomite
MAT-CARB-5812,0,401,-83.25039873609967,41.490427914169786,dolomite
MAT-CARB-5812,0,402,-83.25276501978358,41.490413104821755,dolomite
MAT-CARB-5812,0,403,-83.25330954045388,41.49027274283367,dolomite
MAT-CARB-5812,0,404,-83.25421964174897,41.4902670304237,dolomite
MAT-CARB-5812,0,405,-83.25913880172996,41.4906469052106,dolomite
MAT-CARB-5812,0,406,-83.2611456694316,41.491045072344896,dolomite
MAT-CARB-5812,0,407,-83.26315714234707,41.4918540466011,dolomite
MAT-CARB-5812,0,408,-83.2651779244332,41.493484694046906,dolomite
MAT-CARB-5812,0,409,-83.26592149668643,41.494849536295426,dolomite
MAT-CARB-5812,0,410,-83.26594158259734,41.49662982976429,dolomite
MAT-CARB-5812,0,411,-83.26504528710176,41.49786817415824,dolomite
MAT-CARB-5812,0,412,-83.26287463012355,41.49911458403903,dolomite
MAT-CARB-5812,0,413,-83.26143519828801,41.50063023985134,dolomite
MAT-CARB-5812,0,414,-83.26018691250613,41.50296642610363,dolomite
MAT-CARB-5812,0,415,-83.25877183250469,41.50667318847389,dolomite
MAT-CARB-5812,0,416,-83.25825010287548,41.50886777721148,dolomite
MAT-CARB-5812,0,417,-83.25809863168041,41.51160783166285,dolomite
MAT-CARB-5812,0,418,-83.25793946509262,41.51366317627778,dolomite
MAT-CARB-5812,0,419,-83.25848507322885,41.51558304918734,dolomite
MAT-CARB-5812,0,420,-83.25905432709959,41.517633787559035,dolomite
MAT-CARB-5812,0,421,-83.26108499323436,41.52008613139123,dolomite
MAT-CARB-5812,0,422,-83.26220373442744,41.52240725391313,dolomite
MAT-CARB-5812,0,423,-83.2624181442473,41.52528193332682,dolomite
MAT-CARB-5812,0,424,-83.26080678462016,41.527757322026474,dolomite
MAT-CARB-5812,0,425,-83.26064766187427,41.52981261514235,dolomite
MAT-CARB-5812,0,426,-83.25992681843798,41.530501946203614,dolomite
MAT-CARB-5812,0,427,-83.25865806099144,41.5310577625296,dolomite
MAT-CARB-5812,0,428,-83.25629646712079,41.53162047545974,dolomite
MAT-CARB-5812,0,429,-83.25412003990338,41.53245586509198,dolomite
MAT-CARB-5812,0,430,-83.25030883724754,41.533712315131716,dolomite
MAT-CARB-5812,0,431,-83.24904598838252,41.53481578787335,dolomite
MAT-CARB-5812,0,432,-83.24778457180828,41.53605623425996,dolomite
MAT-CARB-5812,0,433,-83.24707710295276,41.53797796121505,dolomite
MAT-CARB-5812,0,434,-83.24692963905242,41.541128786742505,dolomite
MAT-CARB-5812,0,435,-83.24621004221467,41.54195496116937,dolomite
MAT-CARB-5812,0,436,-83.24439896990137,41.54292483716235,dolomite
MAT-CARB-5812,0,437,-83.2422175024182,41.54334920743699,dolomite
MAT-CARB-5812,0,438,-83.23985538053823,41.54391156381315,dolomite
MAT-CARB-5812,0,439,-83.23822036395705,41.54433246838159,dolomite
MAT-CARB-5812,0,440,-83.23676302457496,41.54434141061091,dolomite
MAT-CARB-5812,0,441,-83.23603138298648,41.54407198355383,dolomite
MAT-CARB-5812,0,442,-83.23529381000331,41.54325479596641,dolomite
MAT-CARB-5812,0,443,-83.23455773750122,41.54257453556623,dolomite
MAT-CARB-5812,0,444,-83.23434741829456,41.539973740779345,dolomite
MAT-CARB-5812,0,445,-83.23397423554243,41.539154315581484,dolomite
MAT-CARB-5812,0,446,-83.23305755802545,41.53861211607524,dolomite
MAT-CARB-5812,0,447,-83.2314167212102,41.53848514421832,dolomite
MAT-CARB-5812,0,448,-83.22886661354077,41.53850063712762,dolomite
MAT-CARB-5812,0,449,-83.22886367098008,41.53822674406131,dolomite
MAT-CARB-5812,0,450,-83.22739471534715,41.53714002728299,dolomite
MAT-CARB-5812,0,451,-83.22519433439506,41.53578382386693,dolomite
MAT-CARB-5812,0,452,-83.22335242848413,41.53387759843535,dolomite
MAT-CARB-5812,0,453,-83.22224503128182,41.53251472686882,dolomite
MAT-CARB-5812,0,454,-83.22223482703009,41.53155610920095,dolomite
MAT-CARB-5812,0,455,-83.22168259155482,41.53101162970849,dolomite
MAT-CARB-5812,0,456,-83.22075157523139,41.52909988402294,dolomite
MAT-CARB-5812,0,457,-83.21982496931099,41.52759893063397,dolomite
MAT-CARB-5812,0,458,-83.21872354762189,41.526783811468455,dolomite
MAT-CARB-5812,0,459,-83.21708447106798,41.526793604379655,dolomite
MAT-CARB-5812,0,460,-83.21509993265921,41.52858582489949,dolomite
MAT-CARB-5812,0,461,-83.21383657050637,41.529688959939655,dolomite
MAT-CARB-5812,0,462,-83.21348529181243,41.53092361081447,dolomite
MAT-CARB-5812,0,463,-83.21386106355057,41.53201700018141,dolomite
MAT-CARB-5812,0,464,-83.21459969872454,41.53297128802062,dolomite
MAT-CARB-5812,0,465,-83.21570550502793,41.534197268637946,dolomite
MAT-CARB-5812,0,466,-83.21662487720496,41.535013496655814,dolomite
MAT-CARB-5812,0,467,-83.21663644911348,41.536109045258485,dolomite
MAT-CARB-5812,0,468,-83.21573006411836,41.53652532713592,dolomite
MAT-CARB-5812,0,469,-83.21554503773085,41.53625251790421,dolomite
MAT-CARB-5812,0,470,-83.21426427540503,41.5357123147091,dolomite
MAT-CARB-5812,0,471,-83.21353569678868,41.535716642831396,dolomite
MAT-CARB-5812,0,472,-83.21317282888836,41.53585576607605,dolomite
MAT-CARB-5812,0,473,-83.21300364542361,41.53708932815651,dolomite
MAT-CARB-5812,0,474,-83.21337804018015,41.53804578012851,dolomite
MAT-CARB-5812,0,475,-83.2141181390772,41.53913699925047,dolomite
MAT-CARB-5812,0,476,-83.2137653758877,41.54023470839399,dolomite
MAT-CARB-5812,0,477,-83.2130425059099,41.54078679196136,dolomite
MAT-CARB-5812,0,478,-83.2123153105003,41.540928045392285,dolomite
MAT-CARB-5812,0,479,-83.21158380313055,41.54065849617949,dolomite
MAT-CARB-5812,0,480,-83.21121519847912,41.540249826744386,dolomite
MAT-CARB-5812,0,481,-83.2102958201413,41.539433533501835,dolomite
MAT-CARB-5812,0,482,-83.2097493469009,41.53943676200732,dolomite
MAT-CARB-5812,0,483,-83.20847858173974,41.53985513884376,dolomite
MAT-CARB-5812,0,484,-83.20774995826527,41.539859431875215,dolomite
MAT-CARB-5812,0,485,-83.20738420014767,41.5397246165014,dolomite
MAT-CARB-5812,0,486,-83.20683205387527,41.539180072283415,dolomite
MAT-CARB-5812,0,487,-83.20645917105095,41.538360533930664,dolomite
MAT-CARB-5812,0,488,-83.20680922601987,41.53698897783727,dolomite
MAT-CARB-5812,0,489,-83.20716065731816,41.53575432532652,dolomite
MAT-CARB-5812,0,490,-83.20931632926097,41.53286564770428,dolomite
MAT-CARB-5812,0,491,-83.2102184043113,41.53203858425433,dolomite
MAT-CARB-5812,0,492,-83.21003054636202,41.53149189787042,dolomite
MAT-CARB-5812,0,493,-83.20873986823348,41.529993041337875,dolomite
MAT-CARB-5812,0,494,-83.20836133084046,41.52862573834453,dolomite
MAT-CARB-5812,0,495,-83.20778780319856,41.52602701364872,dolomite
MAT-CARB-5812,0,496,-83.20650444416982,41.52521285400196,dolomite
MAT-CARB-5812,0,497,-83.20503612836981,41.52412585213287,dolomite
MAT-CARB-5812,0,498,-83.20210247172014,41.52222568904868,dolomite
MAT-CARB-5812,0,499,-83.19972521986178,41.521280871787845,dolomite
MAT-CARB-5812,0,500,-83.19662239475284,41.520614130517096,dolomite
MAT-CARB-5812,0,501,-83.19225332097116,41.52077632667591,dolomite
MAT-CARB-5812,0,502,-83.18789116753366,41.52162312253505,dolomite
MAT-CARB-5812,0,503,-83.18644400619301,41.5225900558426,dolomite
MAT-CARB-5812,0,504,-83.18354269940609,41.523839192703534,dolomite
MAT-CARB-5812,0,505,-83.18118485855115,41.524811237526,dolomite
MAT-CARB-5812,0,506,-83.17773288936664,41.525652468634426,dolomite
MAT-CARB-5812,0,507,-83.17373446417066,41.52649669218622,dolomite
MAT-CARB-5812,0,508,-83.17064925142036,41.52760957268972,dolomite
MAT-CARB-5812,0,509,-83.16883478305432,41.52830445208023,dolomite
MAT-CARB-5812,0,510,-83.1679322530529,41.529131179950454,dolomite
MAT-CARB-5812,0,511,-83.16830596825447,41.53008775116273,dolomite
MAT-CARB-5812,0,512,-83.17050096740135,41.531034199402384,dolomite
MAT-CARB-5812,0,513,-83.17287275790514,41.53143179509778,dolomite
MAT-CARB-5812,0,514,-83.17523912486696,41.53128157948702,dolomite
MAT-CARB-5812,0,515,-83.17705770675965,41.53099743545029,dolomite
MAT-CARB-5812,0,516,-83.17887764378123,41.53085022553125,dolomite
MAT-CARB-5812,0,517,-83.18143572702608,41.53165745327138,dolomite
MAT-CARB-5812,0,518,-83.18491145597538,41.53314416383208,dolomite
MAT-CARB-5812,0,519,-83.18692881349247,41.53450217633244,dolomite
MAT-CARB-5812,0,520,-83.18840956936455,41.53682187424244,dolomite
MAT-CARB-5812,0,521,-83.18897410157408,41.53859901370845,dolomite
MAT-CARB-5812,0,522,-83.1891938068419,41.54229543607832,dolomite
MAT-CARB-5812,0,523,-83.1897597974673,41.544209496315815,dolomite
MAT-CARB-5812,0,524,-83.19123105757903,41.545570559099616,dolomite
MAT-CARB-5812,0,525,-83.19197231563912,41.54679883976119,dolomite
MAT-CARB-5812,0,526,-83.19253842224093,41.54871287966285,dolomite
MAT-CARB-5812,0,527,-83.19256219146718,41.55104091442438,dolomite
MAT-CARB-5812,0,528,-83.19276534787103,41.553093976889166,dolomite
MAT-CARB-5812,0,529,-83.19240797262957,41.55378078864334,dolomite
MAT-CARB-5812,0,530,-83.19114656314841,41.55515755185867,dolomite
MAT-CARB-5812,0,531,-83.18988792464225,41.55680816237742,dolomite
MAT-CARB-5812,0,532,-83.18826757383141,41.55873473375366,dolomite
MAT-CARB-5812,0,533,-83.18664574458788,41.56052434939362,dolomite
MAT-CARB-5812,0,534,-83.18521157177187,41.56286067914139,dolomite
MAT-CARB-5812,0,535,-83.18431569076172,41.56437221274439,dolomite
MAT-CARB-5812,0,536,-83.18487619573536,41.56573848483929,dolomite
MAT-CARB-5812,0,537,-83.18597645805785,41.56641695738331,dolomite
MAT-CARB-5812,0,538,-83.18853457710115,41.56708707983874,dolomite
MAT-CARB-5812,0,539,-83.19220009327964,41.56912026555138,dolomite
MAT-CARB-5812,0,540,-83.1943981280078,41.57020317552976,dolomite
MAT-CARB-5812,0,541,-83.19640974586214,41.570876284417416,dolomite
MAT-CARB-5812,0,542,-83.19951345587003,41.57140604618569,dolomite
MAT-CARB-5812,0,543,-83.2015194930379,41.57153129682421,dolomite
MAT-CARB-5812,0,544,-83.20497777357086,41.57110023035309,dolomite
MAT-CARB-5812,0,545,-83.20971598932012,41.57107235673067,dolomite
MAT-CARB-5812,0,546,-83.21281833624667,41.57146484598208,dolomite
MAT-CARB-5812,0,547,-83.21701563569052,41.571987696128744,dolomite
MAT-CARB-5812,0,548,-83.21975654266167,41.57265606409123,dolomite
MAT-CARB-5812,0,549,-83.22250330361395,41.57387211213661,dolomite
MAT-CARB-5812,0,550,-83.22360699720826,41.57482412040502,dolomite
MAT-CARB-5812,0,551,-83.22417423075815,41.57673796580593,dolomite
MAT-CARB-5812,0,552,-83.22402123091443,41.579477820752764,dolomite
MAT-CARB-5812,0,553,-83.22295538395761,41.58208622347877,dolomite
MAT-CARB-5812,0,554,-83.22316981581136,41.58509778259766,dolomite
MAT-CARB-5812,0,555,-83.22318442342521,41.586467138814506,dolomite
MAT-CARB-5812,0,556,-83.22374439626766,41.58769630438948,dolomite
MAT-CARB-5812,0,557,-83.22523050377822,41.5902893251922,dolomite
MAT-CARB-5812,0,558,-83.22651678718512,41.59124016676763,dolomite
MAT-CARB-5812,0,559,-83.22798396002372,41.59205299128982,dolomite
MAT-CARB-5812,0,560,-83.22962756056924,41.59231690337419,dolomite
MAT-CARB-5812,0,561,-83.23253834788996,41.59175144157662,dolomite
MAT-CARB-5812,0,562,-83.23525495627514,41.59009150016767,dolomite
MAT-CARB-5812,0,563,-83.23597668417617,41.58940235185791,dolomite
MAT-CARB-5812,0,564,-83.2379639418048,41.587746833132606,dolomite
MAT-CARB-5812,0,565,-83.23886639787729,41.586919620496566,dolomite
MAT-CARB-5812,0,566,-83.23977032612088,41.58622932765115,dolomite
MAT-CARB-5812,0,567,-83.24084154024409,41.58416852240606,dolomite
MAT-CARB-5812,0,568,-83.24209198787929,41.58183272403156,dolomite
MAT-CARB-5812,0,569,-83.2431495531491,41.57853945680823,dolomite
MAT-CARB-5812,0,570,-83.24365578628816,41.57483874080871,dolomite
MAT-CARB-5812,0,571,-83.2441529107612,41.570316383061865,dolomite
MAT-CARB-5812,0,572,-83.24504904080631,41.56894134064005,dolomite
MAT-CARB-5812,0,573,-83.24613191177478,41.567975974113516,dolomite
MAT-CARB-5812,0,574,-83.24740146258524,41.5674203073216,dolomite
MAT-CARB-5812,0,575,-83.24958972695498,41.56754362332593,dolomite
MAT-CARB-5812,0,576,-83.25032167563703,41.56781296250843,dolomite
MAT-CARB-5812,0,577,-83.25196781300714,41.56835048782083,dolomite
MAT-CARB-5812,0,578,-83.25343628020708,41.56929991946811,dolomite
MAT-CARB-5812,0,579,-83.2551007770961,41.57148065629621,dolomite
MAT-CARB-5812,0,580,-83.25657856039811,41.573251700133355,dolomite
MAT-CARB-5812,0,581,-83.25751119295977,41.575163096922914,dolomite
MAT-CARB-5812,0,582,-83.2582646952006,41.57734951601901,dolomite
MAT-CARB-5812,0,583,-83.2599387543041,41.580351791639664,dolomite
MAT-CARB-5812,0,584,-83.26104461599013,41.58144037841796,dolomite
MAT-CARB-5812,0,585,-83.26214589495923,41.582118144655325,dolomite
MAT-CARB-5812,0,586,-83.26361329712589,41.582930513426156,dolomite
MAT-CARB-5812,0,587,-83.2654421698806,41.58346668994317,dolomite
MAT-CARB-5812,0,588,-83.26744717164583,41.58345391204726,dolomite
MAT-CARB-5812,0,589,-83.26998807399711,41.58247902888451,dolomite
MAT-CARB-5812,0,590,-83.27179827767107,41.581371845106894,dolomite
MAT-CARB-5812,0,591,-83.27360060965056,41.57957994096463,dolomite
MAT-CARB-5812,0,592,-83.27521277058376,41.57710451609593,dolomite
MAT-CARB-5812,0,593,-83.27683265804937,41.57531373172561,dolomite
MAT-CARB-5812,0,594,-83.2786299784711,41.573110931026676,dolomite
MAT-CARB-5812,0,595,-83.28007532714679,41.57200597336721,dolomite
MAT-CARB-5812,0,596,-83.2820578392737,41.57007581733617,dolomite
MAT-CARB-5812,0,597,-83.28405290521769,41.56924113665607,dolomite
MAT-CARB-5812,0,598,-83.2864076382371,41.56799319814315,dolomite
MAT-CARB-5812,0,599,-83.28840740215864,41.567569257140114,dolomite
MAT-CARB-5812,0,600,-83.29022488589685,41.56714648072204,dolomite
MAT-CARB-5812,0,601,-83.29314049327292,41.567127282756154,dolomite
MAT-CARB-5812,0,602,-83.29588513107745,41.56806780278967,dolomite
MAT-CARB-5812,0,603,-83.29726278634874,41.56933583240332,dolomite
MAT-CARB-5812,0,604,-83.29873355863225,41.570421665363796,dolomite
MAT-CARB-5812,0,605,-83.29840780101995,41.57371060543906,dolomite
MAT-CARB-5812,0,606,-83.2969707627132,41.57550047513889,dolomite
MAT-CARB-5812,0,607,-83.29607399138483,41.57673896911838,dolomite
MAT-CARB-5812,0,608,-83.29483834061703,41.58017083836891,dolomite
MAT-CARB-5812,0,609,-83.2934155306606,41.5831930794688,dolomite
MAT-CARB-5812,0,610,-83.29198935766566,41.585941415791375,dolomite
MAT-CARB-5812,0,611,-83.29091487760027,41.587591866833264,dolomite
MAT-CARB-5812,0,612,-83.28928550243882,41.588561210188445,dolomite
MAT-CARB-5812,0,613,-83.28784154229031,41.58980318906554,dolomite
MAT-CARB-5812,0,614,-83.28566042513533,41.59036522951256,dolomite
MAT-CARB-5812,0,615,-83.28329544341568,41.59079149109278,dolomite
MAT-CARB-5812,0,616,-83.28038193192867,41.59108432972899,dolomite
MAT-CARB-5812,0,617,-83.27838617792368,41.59191893395743,dolomite
MAT-CARB-5812,0,618,-83.27748099661294,41.59247258768474,dolomite
MAT-CARB-5812,0,619,-83.27694665553052,41.59357161074385,dolomite
MAT-CARB-5812,0,620,-83.27713993531954,41.59452899563487,dolomite
MAT-CARB-5812,0,621,-83.27787699891019,41.5952089377756,dolomite
MAT-CARB-5812,0,622,-83.28080805022884,41.596422478561294,dolomite
MAT-CARB-5812,0,623,-83.28318906621739,41.597365603800334,dolomite
MAT-CARB-5812,0,624,-83.28629625466287,41.59803006604224,dolomite
MAT-CARB-5812,0,625,-83.28776269927361,41.59870520400863,dolomite
MAT-CARB-5812,0,626,-83.28886611954061,41.599519640505854,dolomite
MAT-CARB-5812,0,627,-83.28943061741683,41.60102233554196,dolomite
MAT-CARB-5812,0,628,-83.28943859237343,41.60170701401863,dolomite
MAT-CARB-5812,0,629,-83.28926581206346,41.60252981319597,dolomite
MAT-CARB-5812,0,630,-83.28819737273032,41.6047279413878,dolomite
MAT-CARB-5812,0,631,-83.28748555950487,41.606238994076136,dolomite
MAT-CARB-5812,0,632,-83.28750624516805,41.60801914414326,dolomite
MAT-CARB-5812,0,633,-83.28788845104472,41.60952302875219,dolomite
MAT-CARB-5812,0,634,-83.2899404726186,41.613480961090154,dolomite
MAT-CARB-5812,0,635,-83.29031477787174,41.614300160293574,dolomite
MAT-CARB-5812,0,636,-83.29069065367759,41.61525630849652,dolomite
MAT-CARB-5812,0,637,-83.29071462225163,41.61731031728767,dolomite
MAT-CARB-5812,0,638,-83.29126811551764,41.617854439456494,dolomite
MAT-CARB-5812,0,639,-83.29236388315557,41.61798416209195,dolomite
MAT-CARB-5812,0,640,-83.29327569630027,41.61797815435727,dolomite
MAT-CARB-5812,0,641,-83.29418590442775,41.61783521700106,dolomite
MAT-CARB-5812,0,642,-83.29564160062438,41.61755170626177,dolomite
MAT-CARB-5812,0,643,-83.29636783506473,41.61727303522416,dolomite
MAT-CARB-5812,0,644,-83.29709241563755,41.616857382343596,dolomite
MAT-CARB-5812,0,645,-83.29800102466692,41.61657749292668,dolomite
MAT-CARB-5812,0,646,-83.29854969262907,41.61671078643007,dolomite
MAT-CARB-5812,0,647,-83.299287212632,41.617390611815004,dolomite
MAT-CARB-5812,0,648,-83.29947764456406,41.618074068531435,dolomite
MAT-CARB-5812,0,649,-83.29967616082646,41.61944219187521,dolomite
MAT-CARB-5812,0,650,-83.29913715820804,41.620130465832666,dolomite
MAT-CARB-5812,0,651,-83.29898386231382,41.62259646902012,dolomite
MAT-CARB-5812,0,652,-83.29936313738013,41.623826427198004,dolomite
MAT-CARB-5812,0,653,-83.30010074300124,41.62450624341362,dolomite
MAT-CARB-5812,0,654,-83.30138710700567,41.62531936170406,dolomite
MAT-CARB-5812,0,655,-83.30230063949077,41.62545020735203,dolomite
MAT-CARB-5812,0,656,-83.30412450134658,41.625438034215406,dolomite
MAT-CARB-5812,0,657,-83.30667460211683,41.62514707491828,dolomite
MAT-CARB-5812,0,658,-83.30994926409737,41.62444036136632,dolomite
MAT-CARB-5812,0,659,-83.31250094463898,41.624286227533695,dolomite
MAT-CARB-5812,0,660,-83.31414894661438,41.6248228480338,dolomite
MAT-CARB-5812,0,661,-83.31763239987748,41.62630562792624,dolomite
MAT-CARB-5812,0,662,-83.31983259868363,41.62724924247394,dolomite
MAT-CARB-5812,0,663,-83.32329962370981,41.62736253414088,dolomite
MAT-CARB-5812,0,664,-83.32622285916716,41.627753325723575,dolomite
MAT-CARB-5812,0,665,-83.33078928183241,41.628269646876106,dolomite
MAT-CARB-5812,0,666,-83.33609379481112,41.62946538716872,dolomite
MAT-CARB-5812,0,667,-83.33975353007844,41.63039851647874,dolomite
MAT-CARB-5812,0,668,-83.3421400013123,41.631614315202434,dolomite
MAT-CARB-5812,0,669,-83.34397933893213,41.632833931277496,dolomite
MAT-CARB-5812,0,670,-83.34564318246818,41.63460250725217,dolomite
MAT-CARB-5812,0,671,-83.3469508652726,41.6370582512374,dolomite
MAT-CARB-5812,0,672,-83.34696798658463,41.638427557223736,dolomite
MAT-CARB-5812,0,673,-83.34734479586987,41.639383508271564,dolomite
MAT-CARB-5812,0,674,-83.34738076890221,41.64225900462381,dolomite
MAT-CARB-5812,0,675,-83.34631701111913,41.64473143793556,dolomite
MAT-CARB-5812,0,676,-83.34612541104039,41.64775326707944,dolomite
MAT-CARB-5812,0,677,-83.34743161542391,41.6500720597889,dolomite
MAT-CARB-5812,0,678,-83.34817341917025,41.65102542927689,dolomite
MAT-CARB-5812,0,679,-83.34965365298075,41.652658261726266,dolomite
MAT-CARB-5812,0,680,-83.35114256355305,41.6549757436667,dolomite
MAT-CARB-5812,0,681,-83.3520876049148,41.65757091219514,dolomite
MAT-CARB-5812,0,682,-83.35231487526084,41.661129708781075,dolomite
MAT-CARB-5812,0,683,-83.35143347828462,41.66360085473161,dolomite
MAT-CARB-5812,0,684,-83.35035401907531,41.66484092187012,dolomite
MAT-CARB-5812,0,685,-83.3485463012414,41.66622306738658,dolomite
MAT-CARB-5812,0,686,-83.34727915581375,41.66705361395587,dolomite
MAT-CARB-5812,0,687,-83.34692271025548,41.66774081683954,dolomite
MAT-CARB-5812,0,688,-83.34674878422967,41.668426734966026,dolomite
MAT-CARB-5812,0,689,-83.34748392335372,41.66883237501225,dolomite
MAT-CARB-5812,0,690,-83.34822078697123,41.66937495367727,dolomite
MAT-CARB-5812,0,691,-83.35060534333024,41.67031668433238,dolomite
MAT-CARB-5812,0,692,-83.35464458139656,41.67220521231738,dolomite
MAT-CARB-5812,0,693,-83.356485283597,41.67342459371201,dolomite
MAT-CARB-5812,0,694,-83.35814694332564,41.674919076803796,dolomite
MAT-CARB-5812,0,695,-83.35926117854144,41.67641744234149,dolomite
MAT-CARB-5812,0,696,-83.36002083272078,41.67873994518145,dolomite
MAT-CARB-5812,0,697,-83.36024511122186,41.682024832250065,dolomite
MAT-CARB-5812,0,698,-83.35829130050378,41.68657924802047,dolomite
MAT-CARB-5812,0,699,-83.35804973619709,41.68658513737302,dolomite
MAT-CARB-5812,0,700,-83.35767652676097,41.68663315387023,dolomite
MAT-CARB-5812,0,701,-83.35747882053016,41.68668186708654,dolomite
MAT-CARB-5812,0,702,-83.35626925923165,41.68716103236314,dolomite
MAT-CARB-5812,0,703,-83.35602288315613,41.687232110226475,dolomite
MAT-CARB-5812,0,704,-83.35539837916488,41.68728961114913,dolomite
MAT-CARB-5812,0,705,-83.35495917611455,41.68737033787446,dolomite
MAT-CARB-5812,0,706,-83.35321495250544,41.687990355807166,dolomite
MAT-CARB-5812,0,707,-83.35261490672461,41.68807045791274,dolomite
MAT-CARB-5812,0,708,-83.35214597630898,41.688217064025785,dolomite
MAT-CARB-5812,0,709,-83.35204323324494,41.688277135307814,dolomite
MAT-CARB-5812,0,710,-83.3515013212913,41.688406978236536,dolomite
MAT-CARB-5812,0,711,-83.35108307570334,41.68855508664875,dolomite
MAT-CARB-5812,0,712,-83.35099542544339,41.68861392601015,dolomite
MAT-CARB-5812,0,713,-83.3506877317455,41.688706185553585,dolomite
MAT-CARB-5812,0,714,-83.35043138165653,41.68878217619883,dolomite
MAT-CARB-5812,0,715,-83.35016061145106,41.68881408878824,dolomite
MAT-CARB-5812,0,716,-83.34977944381359,41.68896105334705,dolomite
MAT-CARB-5812,0,717,-83.3492661024583,41.68923723569582,dolomite
MAT-CARB-5812,0,718,-83.34881104143675,41.68944658542703,dolomite
MAT-CARB-5812,0,719,-83.34657599481996,41.690196494616096,dolomite
MAT-CARB-5812,0,720,-83.34504319416351,41.69088321745502,dolomite
MAT-CARB-5812,0,721,-83.34408342530776,41.69116527753759,dolomite
MAT-CARB-5812,0,722,-83.34319750022772,41.691343179877926,dolomite
MAT-CARB-5812,0,723,-83.3429629244117,41.691435730203466,dolomite
MAT-CARB-5812,0,724,-83.34274980539905,41.69159433009533,dolomite
MAT-CARB-5812,0,725,-83.34256433140922,41.69198399787348,dolomite
MAT-CARB-5812,0,726,-83.34177035473395,41.69260764443332,dolomite
MAT-CARB-5812,0,727,-83.3415180188573,41.69276127808731,dolomite
MAT-CARB-5812,0,728,-83.34119291093509,41.69306224413198,dolomite
MAT-CARB-5812,0,729,-83.340946113238,41.69344098372598,dolomite
MAT-CARB-5812,0,730,-83.34067953480283,41.693709097747174,dolomite
MAT-CARB-5812,0,731,-83.33868067221668,41.693347137748965,dolomite
MAT-CARB-5812,0,732,-83.33630471852632,41.692824950439274,dolomite
MAT-CARB-5812,0,733,-83.33538616063501,41.69235733799576,dolomite
MAT-CARB-5812,0,734,-83.33482485925352,41.691593758066,dolomite
MAT-CARB-5812,0,735,-83.33332727294683,41.688591553388434,dolomite
MAT-CARB-5812,0,736,-83.33278879679283,41.686687397746844,dolomite
MAT-CARB-5812,0,737,-83.3303392538198,41.68313474917957,dolomite
MAT-CARB-5812,0,738,-83.32941146654106,41.68190872465617,dolomite
MAT-CARB-5812,0,739,-83.32793530386478,41.6801902316659,dolomite
MAT-CARB-5812,0,740,-83.3266282694298,41.67823057306947,dolomite
MAT-CARB-5812,0,741,-83.32439797148963,41.67495937206611,dolomite
MAT-CARB-5812,0,742,-83.32384374480979,41.67441540201228,dolomite
MAT-CARB-5812,0,743,-83.32238195411293,41.674288465694545,dolomite
MAT-CARB-5812,0,744,-83.32165525208289,41.67456730701959,dolomite
MAT-CARB-5812,0,745,-83.32057341302746,41.67567017974109,dolomite
MAT-CARB-5812,0,746,-83.32048881549856,41.68374998174202,dolomite
MAT-CARB-5812,0,747,-83.31997601573593,41.68662913061166,dolomite
MAT-CARB-5812,0,748,-83.31981669421528,41.6885473063985,dolomite
MAT-CARB-5812,0,749,-83.31874788924902,41.69074554070905,dolomite
MAT-CARB-5812,0,750,-83.31840924216385,41.692938802678114,dolomite
MAT-CARB-5812,0,751,-83.3170927970215,41.694948925993124,dolomite
MAT-CARB-5812,0,752,-83.31680622475685,41.69486319709762,dolomite
MAT-CARB-5812,0,753,-83.31659502164942,41.694746818499276,dolomite
MAT-CARB-5812,0,754,-83.31620194054038,41.694503221266,dolomite
MAT-CARB-5812,0,755,-83.3150003535492,41.69383273952533,dolomite
MAT-CARB-5812,0,756,-83.31385056772939,41.693074497558904,dolomite
MAT-CARB-5812,0,757,-83.31250399271603,41.69223291590632,dolomite
MAT-CARB-5812,0,758,-83.31228580128229,41.69207253486293,dolomite
MAT-CARB-5812,0,759,-83.31184852300504,41.69187817170037,dolomite
MAT-CARB-5812,0,760,-83.3110186046838,41.691385205612015,dolomite
MAT-CARB-5812,0,761,-83.3107206635426,41.69113647947991,dolomite
MAT-CARB-5812,0,762,-83.31024761318913,41.690831999603276,dolomite
MAT-CARB-5812,0,763,-83.3096211758311,41.69051039453344,dolomite
MAT-CARB-5812,0,764,-83.30949759724291,41.69041636762906,dolomite
MAT-CARB-5812,0,765,-83.30930240573166,41.69011308785722,dolomite
MAT-CARB-5812,0,766,-83.3083349573781,41.68943257322693,dolomite
MAT-CARB-5812,0,767,-83.3080871100493,41.68932701067493,dolomite
MAT-CARB-5812,0,768,-83.30794885680876,41.68923842811061,dolomite
MAT-CARB-5812,0,769,-83.30778178300139,41.68908924100653,dolomite
MAT-CARB-5812,0,770,-83.30748449716792,41.688752527881356,dolomite
MAT-CARB-5812,0,771,-83.30738265640713,41.688686105460334,dolomite
MAT-CARB-5812,0,772,-83.30716425971606,41.68855867909226,dolomite
MAT-CARB-5812,0,773,-83.3069089601078,41.68847510272035,dolomite
MAT-CARB-5812,0,774,-83.3067270269714,41.68835883942382,dolomite
MAT-CARB-5812,0,775,-83.3063185611548,41.68823342467543,dolomite
MAT-CARB-5812,0,776,-83.30590481274724,41.688174271395816,dolomite
MAT-CARB-5812,0,777,-83.3055890846729,41.688023634908966,dolomite
MAT-CARB-5812,0,778,-83.30501076119747,41.687556887994454,dolomite
MAT-CARB-5812,0,779,-83.30463655076166,41.687299496481785,dolomite
MAT-CARB-5812,0,780,-83.30448394598959,41.68717236610298,dolomite
MAT-CARB-5812,0,781,-83.30451385189946,41.68708449368995,dolomite
MAT-CARB-5812,0,782,-83.30458017440557,41.68701329828404,dolomite
MAT-CARB-5812,0,783,-83.30458812871332,41.68692535307112,dolomite
MAT-CARB-5812,0,784,-83.3045304343927,41.6868206244156,dolomite
MAT-CARB-5812,0,785,-83.30489655828903,41.68673974753371,dolomite
MAT-CARB-5812,0,786,-83.30508034072585,41.68660304759529,dolomite
MAT-CARB-5812,0,787,-83.30513992918887,41.686454836984055,dolomite
MAT-CARB-5812,0,788,-83.30511896905325,41.68632279608715,dolomite
MAT-CARB-5812,0,789,-83.30489457696048,41.68601937437185,dolomite
MAT-CARB-5812,0,790,-83.30448039951561,41.685676633105246,dolomite
MAT-CARB-5812,0,791,-83.3038787989788,41.68497567444876,dolomite
MAT-CARB-5812,0,792,-83.3038803858383,41.68476121227576,dolomite
MAT-CARB-5812,0,793,-83.3039184369568,41.684213338746595,dolomite
MAT-CARB-5812,0,794,-83.30407681957367,41.68340474170806,dolomite
MAT-CARB-5812,0,795,-83.30412872236928,41.68278207328478,dolomite
MAT-CARB-5812,0,796,-83.30402220621946,41.68239183447006,dolomite
MAT-CARB-5812,0,797,-83.30375433198773,41.68203873424195,dolomite
MAT-CARB-5812,0,798,-83.30351093362182,41.68151922846479,dolomite
MAT-CARB-5812,0,799,-83.3032755477369,41.68083921323709,dolomite
MAT-CARB-5812,0,800,-83.30308251912156,41.68039596422988,dolomite
MAT-CARB-5812,0,801,-83.30264446855044,41.680124758011814,dolomite
MAT-CARB-5812,0,802,-83.3021189062051,41.67997268517151,dolomite
MAT-CARB-5812,0,803,-83.30151566894173,41.679939651713426,dolomite
MAT-CARB-5812,0,804,-83.30060740938725,41.68001976349615,dolomite
MAT-CARB-5812,0,805,-83.30032156094549,41.68008092556898,dolomite
MAT-CARB-5812,0,806,-83.30006177973253,41.68017493179805,dolomite
MAT-CARB-5812,0,807,-83.29971765185701,41.68024492599025,dolomite
MAT-CARB-5812,0,808,-83.2994757019735,41.68033735908777,dolomite
MAT-CARB-5812,0,809,-83.29892711690404,41.680378925937404,dolomite
MAT-CARB-5812,0,810,-83.29859848886966,41.68033349797898,dolomite
MAT-CARB-5812,0,811,-83.29848126518583,41.68036597680256,dolomite
MAT-CARB-5812,0,812,-83.2984004892458,41.6804151068341,dolomite
MAT-CARB-5812,0,813,-83.2980472929216,41.680721465180255,dolomite
MAT-CARB-5812,0,814,-83.2978128886653,41.68078093660685,dolomite
MAT-CARB-5812,0,815,-83.29746271421963,41.68068590193723,dolomite
MAT-CARB-5812,0,816,-83.29703190729292,41.68061802812237,dolomite
MAT-CARB-5812,0,817,-83.29682978419507,41.68061371620854,dolomite
MAT-CARB-5812,0,818,-83.29633664702362,41.68071394730811,dolomite
MAT-CARB-5812,0,819,-83.29561834607534,41.680969208367586,dolomite
MAT-CARB-5812,0,820,-83.29536170110413,41.68107256245613,dolomite
MAT-CARB-5812,0,821,-83.29513410431059,41.68119801956505,dolomite
MAT-CARB-5812,0,822,-83.29487082698694,41.68121333195065,dolomite
MAT-CARB-5812,0,823,-83.2946736962932,41.68117947573424,dolomite
MAT-CARB-5812,0,824,-83.2943966709619,41.68107377542965,dolomite
MAT-CARB-5812,0,825,-83.29411946717613,41.680906016177595,dolomite
MAT-CARB-5812,0,826,-83.29386460890187,41.68086244736063,dolomite
MAT-CARB-5812,0,827,-83.29369031567221,41.68070772055204,dolomite
MAT-CARB-5812,0,828,-83.2936932650619,41.680322811532726,dolomite
MAT-CARB-5812,0,829,-83.29358507403518,41.68012434709701,dolomite
MAT-CARB-5812,0,830,-83.29336710218317,41.67994742019118,dolomite
MAT-CARB-5812,0,831,-83.29325121667944,41.679803935495706,dolomite
MAT-CARB-5812,0,832,-83.29320874861092,41.67961677506479,dolomite
MAT-CARB-5812,0,833,-83.2932102248159,41.67942433410265,dolomite
MAT-CARB-5812,0,834,-83.29328488221033,41.679221209560914,dolomite
MAT-CARB-5812,0,835,-83.29346917518582,41.679018596778484,dolomite
MAT-CARB-5812,0,836,-83.29351437591012,41.67884281542647,dolomite
MAT-CARB-5812,0,837,-83.29345735705212,41.6786501015262,dolomite
MAT-CARB-5812,0,838,-83.29314560117217,41.67830779674388,dolomite
MAT-CARB-5812,0,839,-83.29293625651115,41.67795491695946,dolomite
MAT-CARB-5812,0,840,-83.29298981723053,41.67775579795212,dolomite
MAT-CARB-5812,0,841,-83.29345156578118,41.67747879489646,dolomite
MAT-CARB-5812,0,842,-83.29362098573954,41.677309078180784,dolomite
MAT-CARB-5812,0,843,-83.29384153612479,41.677145084820964,dolomite
MAT-CARB-5812,0,844,-83.29413335797256,41.67676114969089,dolomite
MAT-CARB-5812,0,845,-83.29416034886201,41.676558118989036,dolomite
MAT-CARB-5812,0,846,-83.29411051032842,41.67638192155139,dolomite
MAT-CARB-5812,0,847,-83.29378450890415,41.67598456272448,dolomite
MAT-CARB-5812,0,848,-83.29356659497562,41.6758021230784,dolomite
MAT-CARB-5812,0,849,-83.29332621863723,41.67569107767667,dolomite
MAT-CARB-5812,0,850,-83.29289487324922,41.675536670865306,dolomite
MAT-CARB-5812,0,851,-83.29223181004305,41.675416777640265,dolomite
MAT-CARB-5812,0,852,-83.29174982097659,41.67535413037483,dolomite
MAT-CARB-5812,0,853,-83.29147212477376,41.67534191470458,dolomite
MAT-CARB-5812,0,854,-83.29099657105161,41.675394785493175,dolomite
MAT-CARB-5812,0,855,-83.29076883105039,41.675547741933435,dolomite
MAT-CARB-5812,0,856,-83.29060663334211,41.675728486632416,dolomite
MAT-CARB-5812,0,857,-83.2904735618905,41.6759258231948,dolomite
MAT-CARB-5812,0,858,-83.29032446491216,41.676304589902614,dolomite
MAT-CARB-5812,0,859,-83.29010409980008,41.67644106977631,dolomite
MAT-CARB-5812,0,860,-83.28982610794195,41.67647283975729,dolomite
MAT-CARB-5812,0,861,-83.28957068373006,41.67641670549504,dolomite
MAT-CARB-5812,0,862,-83.28862954447295,41.675759521101504,dolomite
MAT-CARB-5812,0,863,-83.28810015063918,41.67561827179313,dolomite
MAT-CARB-5812,0,864,-83.28758585987374,41.675407347563045,dolomite
MAT-CARB-5812,0,865,-83.28691035414577,41.675392977866366,dolomite
MAT-CARB-5812,0,866,-83.28665555099639,41.67525437040156,dolomite
MAT-CARB-5812,0,867,-83.28654732447256,41.675072408224096,dolomite
MAT-CARB-5812,0,868,-83.28661463512691,41.67487473757993,dolomite
MAT-CARB-5812,0,869,-83.28682060870555,41.674705202712715,dolomite
MAT-CARB-5812,0,870,-83.28682939136992,41.67450728348966,dolomite
MAT-CARB-5812,0,871,-83.28669908061252,41.67434172785828,dolomite
MAT-CARB-5812,0,872,-83.28644394215743,41.674252594367914,dolomite
MAT-CARB-5812,0,873,-83.28623234167765,41.67420214517394,dolomite
MAT-CARB-5812,0,874,-83.28597735167374,41.67409104334761,dolomite
MAT-CARB-5812,0,875,-83.28575951062967,41.67390307681123,dolomite
MAT-CARB-5812,0,876,-83.28556278237274,41.67381970324053,dolomite
MAT-CARB-5812,0,877,-83.28530714213552,41.673791067268766,dolomite
MAT-CARB-5812,0,878,-83.28507865907216,41.67393104655647,dolomite
MAT-CARB-5812,0,879,-83.28477716235327,41.674272571634454,dolomite
MAT-CARB-5812,0,880,-83.28462269103493,41.674398355844055,dolomite
MAT-CARB-5812,0,881,-83.2841244353218,41.67455007267751,dolomite
MAT-CARB-5812,0,882,-83.28402099864091,41.67469258131127,dolomite
MAT-CARB-5812,0,883,-83.2838818203406,41.674730426946134,dolomite
MAT-CARB-5812,0,884,-83.2838651606449,41.674994323612275,dolomite
MAT-CARB-5812,0,885,-83.28312611690693,41.67508995860633,dolomite
MAT-CARB-5812,0,886,-83.2830323255592,41.67520012594489,dolomite
MAT-CARB-5812,0,887,-83.28280254605801,41.675190842167446,dolomite
MAT-CARB-5812,0,888,-83.282514597632,41.675117380625245,dolomite
MAT-CARB-5812,0,889,-83.2823011924154,41.67494871290344,dolomite
MAT-CARB-5812,0,890,-83.28187294490539,41.674556346301664,dolomite
MAT-CARB-5812,0,891,-83.28150323870838,41.67415874422131,dolomite
MAT-CARB-5812,0,892,-83.28129272601768,41.67397083183675,dolomite
MAT-CARB-5812,0,893,-83.2810888358216,41.67386542139537,dolomite
MAT-CARB-5812,0,894,-83.28094361179488,41.673743806735615,dolomite
MAT-CARB-5812,0,895,-83.28075397399408,41.67368794016603,dolomite
MAT-CARB-5812,0,896,-83.28040396280464,41.673576373008316,dolomite
MAT-CARB-5812,0,897,-83.28020832809818,41.6733555360949,dolomite
MAT-CARB-5812,0,898,-83.28010644452851,41.673300087215196,dolomite
MAT-CARB-5812,0,899,-83.27999716226374,41.673250088634056,dolomite
MAT-CARB-5812,0,900,-83.27990925117868,41.67327717667921,dolomite
MAT-CARB-5812,0,901,-83.2798136534454,41.67334824718483,dolomite
MAT-CARB-5812,0,902,-83.27948669965731,41.67308830297897,dolomite
MAT-CARB-5812,0,903,-83.27937233315369,41.67301598642023,dolomite
MAT-CARB-5812,0,904,-83.27931967214406,41.67295007154594,dolomite
MAT-CARB-5812,0,905,-83.27928445970267,41.67277942231826,dolomite
MAT-CARB-5812,0,906,-83.27912423828947,41.67270172550899,dolomite
MAT-CARB-5812,0,907,-83.27886954409432,41.672557588542226,dolomite
MAT-CARB-5812,0,908,-83.27849963380447,41.672187456609436,dolomite
MAT-CARB-5812,0,909,-83.2779979144897,41.67184973972961,dolomite
MAT-CARB-5812,0,910,-83.2775186889172,41.67143511644826,dolomite
MAT-CARB-5812,0,911,-83.27719852630352,41.67125220998452,dolomite
MAT-CARB-5812,0,912,-83.27676827601495,41.67112376329458,dolomite
MAT-CARB-5812,0,913,-83.27666645534003,41.67105731411102,dolomite
MAT-CARB-5812,0,914,-83.27675488761618,41.67096421606641,dolomite
MAT-CARB-5812,0,915,-83.27615815844037,41.67062606194214,dolomite
MAT-CARB-5812,0,916,-83.2739154972933,41.669521441274604,dolomite
MAT-CARB-5812,0,917,-83.27369775148287,41.66932796710981,dolomite
MAT-CARB-5812,0,918,-83.27196514714835,41.6684401620745,dolomite
MAT-CARB-5812,0,919,-83.27132490236946,41.668063265854705,dolomite
MAT-CARB-5812,0,920,-83.26969449971673,41.66720337594115,dolomite
MAT-CARB-5812,0,921,-83.26829002095813,41.666421496623265,dolomite
MAT-CARB-5812,0,922,-83.26772947496897,41.66613843777334,dolomite
MAT-CARB-5812,0,923,-83.26764108380638,41.66622601709442,dolomite
MAT-CARB-5812,0,924,-83.26633926880282,41.66541156619627,dolomite
MAT-CARB-5812,0,925,-83.26470212927136,41.66449109847779,dolomite
MAT-CARB-5812,0,926,-83.2642784393587,41.66446162017095,dolomite
MAT-CARB-5812,0,927,-83.26393802971307,41.66434511718911,dolomite
MAT-CARB-5812,0,928,-83.2636081240987,41.66420002580636,dolomite
MAT-CARB-5812,0,929,-83.2631128758034,41.663983253342536,dolomite
MAT-CARB-5812,0,930,-83.26294541528806,41.66390547083981,dolomite
MAT-CARB-5812,0,931,-83.2628144446112,41.66383338050605,dolomite
MAT-CARB-5812,0,932,-83.26256635058824,41.663723665798464,dolomite
MAT-CARB-5812,0,933,-83.26234156163281,41.66355621288244,dolomite
MAT-CARB-5812,0,934,-83.2614314731357,41.66312299705556,dolomite
MAT-CARB-5812,0,935,-83.26074017188341,41.66274581785771,dolomite
MAT-CARB-5812,0,936,-83.2600187220934,41.662483977879454,dolomite
MAT-CARB-5812,0,937,-83.25976420303098,41.66232880162443,dolomite
MAT-CARB-5812,0,938,-83.25923229997055,41.6621282872703,dolomite
MAT-CARB-5812,0,939,-83.25806809871294,41.661490392432555,dolomite
MAT-CARB-5812,0,940,-83.2577475539123,41.661362420664034,dolomite
MAT-CARB-5812,0,941,-83.25729684475411,41.661063318725326,dolomite
MAT-CARB-5812,0,942,-83.25704921774408,41.66095767573291,dolomite
MAT-CARB-5812,0,943,-83.25683841613737,41.660819193708065,dolomite
MAT-CARB-5812,0,944,-83.25642992423278,41.66072377488675,dolomite
MAT-CARB-5812,0,945,-83.25635814428554,41.660563960310796,dolomite
MAT-CARB-5812,0,946,-83.25618339751111,41.66048064698207,dolomite
MAT-CARB-5812,0,947,-83.25575406438641,41.66024766112353,dolomite
MAT-CARB-5812,0,948,-83.25552828872482,41.66015309420183,dolomite
MAT-CARB-5812,0,949,-83.2543497702095,41.65948760922671,dolomite
MAT-CARB-5812,0,950,-83.25381118557723,41.659215590829106,dolomite
MAT-CARB-5812,0,951,-83.25367302827529,41.65912694386654,dolomite
MAT-CARB-5812,0,952,-83.25357776242177,41.65915948905657,dolomite
MAT-CARB-5812,0,953,-83.2534252077898,41.659048773348744,dolomite
MAT-CARB-5812,0,954,-83.25349150786903,41.658983089421966,dolomite
MAT-CARB-5812,0,955,-83.25322179424346,41.65889932387387,dolomite
MAT-CARB-5812,0,956,-83.25287997143435,41.658694218763145,dolomite
MAT-CARB-5812,0,957,-83.25267750746511,41.658429307445914,dolomite
MAT-CARB-5812,0,958,-83.25261937120653,41.65839053683256,dolomite
MAT-CARB-5812,0,959,-83.25222563729152,41.65827866673096,dolomite
MAT-CARB-5812,0,960,-83.25209459164584,41.65821756200789,dolomite
MAT-CARB-5812,0,961,-83.25184772502828,41.65802392726981,dolomite
MAT-CARB-5812,0,962,-83.2517383299037,41.65799586998193,dolomite
MAT-CARB-5812,0,963,-83.25177566680946,41.65789710246892,dolomite
MAT-CARB-5812,0,964,-83.25168160589577,41.657781165182875,dolomite
MAT-CARB-5812,0,965,-83.25151397913311,41.657725361619754,dolomite
MAT-CARB-5812,0,966,-83.25123665441367,41.65768003267824,dolomite
MAT-CARB-5812,0,967,-83.25127393043732,41.65759220785181,dolomite
MAT-CARB-5812,0,968,-83.25123795690644,41.65752055400896,dolomite
MAT-CARB-5812,0,969,-83.2509313650649,41.6574805901024,dolomite
MAT-CARB-5812,0,970,-83.25080118716932,41.6573095082875,dolomite
MAT-CARB-5812,0,971,-83.25069179393644,41.65728147745331,dolomite
MAT-CARB-5812,0,972,-83.25058280316966,41.657203971106966,dolomite
MAT-CARB-5812,0,973,-83.2503282890105,41.657048774417554,dolomite
MAT-CARB-5812,0,974,-83.24941404009829,41.656588150501925,dolomite
MAT-CARB-5812,0,975,-83.24897907753386,41.6563212240913,dolomite
MAT-CARB-5812,0,976,-83.2487320232511,41.65621501170115,dolomite
MAT-CARB-5812,0,977,-83.2485074136828,41.656065027640786,dolomite
MAT-CARB-5812,0,978,-83.24837113658327,41.65587727972412,dolomite
MAT-CARB-5812,0,979,-83.24815383054401,41.655732844077946,dolomite
MAT-CARB-5812,0,980,-83.24789912312063,41.65564853445755,dolomite
MAT-CARB-5812,0,981,-83.24741260691145,41.655414173144855,dolomite
MAT-CARB-5812,0,982,-83.24717143967432,41.65540683947297,dolomite
MAT-CARB-5812,0,983,-83.24694362614551,41.65549293844379,dolomite
MAT-CARB-5812,0,984,-83.2467225981176,41.655517948988006,dolomite
MAT-CARB-5812,0,985,-83.24647666661971,41.65542343503604,dolomite
MAT-CARB-5812,0,986,-83.24600628132734,41.655079381545896,dolomite
MAT-CARB-5812,0,987,-83.24548504217297,41.654576389555615,dolomite
MAT-CARB-5812,0,988,-83.2444997171521,41.65407390732955,dolomite
MAT-CARB-5812,0,989,-83.24407911086593,41.65382906014632,dolomite
MAT-CARB-5812,0,990,-83.24382598850985,41.65363492606295,dolomite
MAT-CARB-5812,0,991,-83.24367501606187,41.65345258360266,dolomite
MAT-CARB-5812,0,992,-83.24344289170395,41.65331900845193,dolomite
MAT-CARB-5812,0,993,-83.24295570632039,41.6531340237584,dolomite
MAT-CARB-5812,0,994,-83.2422953071835,41.6527884675786,dolomite
MAT-CARB-5812,0,995,-83.24162179106673,41.65233301788114,dolomite
MAT-CARB-5812,0,996,-83.24067186770918,41.65178204663162,dolomite
MAT-CARB-5812,0,997,-83.24046921862725,41.65163772600104,dolomite
MAT-CARB-5812,0,998,-83.2397503380879,41.65129169252887,dolomite
MAT-CARB-5812,0,999,-83.23907803932047,41.650753866059695,dolomite
MAT-CARB-5812,0,1000,-83.23892650480367,41.65061542679334,dolomite
MAT-CARB-5812,0,1001,-83.23881199653286,41.65043883252422,dolomite
MAT-CARB-5812,0,1002,-83.23861269825693,41.650275812244914,dolomite
MAT-CARB-5812,0,1003,-83.23837526127744,41.65030365074974,dolomite
MAT-CARB-5812,0,1004,-83.23813238120448,41.65042254286974,dolomite
MAT-CARB-5812,0,1005,-83.23736802375367,41.65071309598698,dolomite
MAT-CARB-5812,0,1006,-83.23716925546167,41.650635468868465,dolomite
MAT-CARB-5812,0,1007,-83.23702321145402,41.65028215292854,dolomite
MAT-CARB-5812,0,1008,-83.23669972417635,41.64989525855366,dolomite
MAT-CARB-5812,0,1009,-83.23597112516225,41.64920322368723,dolomite
MAT-CARB-5812,0,1010,-83.23536399006838,41.64871530077306,dolomite
MAT-CARB-5812,0,1011,-83.23516969785399,41.64852717835631,dolomite
MAT-CARB-5812,0,1012,-83.23491463807126,41.64821769064627,dolomite
MAT-CARB-5812,0,1013,-83.23451333748925,41.64786853430617,dolomite
MAT-CARB-5812,0,1014,-83.23433332345817,41.64767494817067,dolomite
MAT-CARB-5812,0,1015,-83.23410924433192,41.64749748164349,dolomite
MAT-CARB-5812,0,1016,-83.23284767914885,41.646246698590645,dolomite
MAT-CARB-5812,0,1017,-83.2320017764588,41.6455866705109,dolomite
MAT-CARB-5812,0,1018,-83.23169177175139,41.64528222639644,dolomite
MAT-CARB-5812,0,1019,-83.23135474798364,41.64481836385125,dolomite
MAT-CARB-5812,0,1020,-83.23116247869196,41.64445994494249,dolomite
MAT-CARB-5812,0,1021,-83.23103683701754,41.64404163778367,dolomite
MAT-CARB-5812,0,1022,-83.23105417794117,41.64384958997953,dolomite
MAT-CARB-5812,0,1023,-83.23121030057032,41.64366410377318,dolomite
MAT-CARB-5812,0,1024,-83.23148888530103,41.6436058897949,dolomite
MAT-CARB-5812,0,1025,-83.23167819747361,41.64365679055589,dolomite
MAT-CARB-5812,0,1026,-83.2318753569047,41.64384177546329,dolomite
MAT-CARB-5812,0,1027,-83.23187055418492,41.64400972350836,dolomite
MAT-CARB-5812,0,1028,-83.23180920141444,41.644212405357266,dolomite
MAT-CARB-5812,0,1029,-83.2317261707922,41.64439846268239,dolomite
MAT-CARB-5812,0,1030,-83.23173822016064,41.64457974608914,dolomite
MAT-CARB-5812,0,1031,-83.23212978678673,41.644883886204035,dolomite
MAT-CARB-5812,0,1032,-83.23220658039232,41.645061128289136,dolomite
MAT-CARB-5812,0,1033,-83.23240250150855,41.64516151586924,dolomite
MAT-CARB-5812,0,1034,-83.23270883896568,41.645207836105705,dolomite
MAT-CARB-5812,0,1035,-83.23289793242488,41.64527519078964,dolomite
MAT-CARB-5812,0,1036,-83.23313667772167,41.64542369280501,dolomite
MAT-CARB-5812,0,1037,-83.2333568370753,41.64538859255615,dolomite
MAT-CARB-5812,0,1038,-83.23343977788386,41.64520804706861,dolomite
MAT-CARB-5812,0,1039,-83.23363875617537,41.645094285463905,dolomite
MAT-CARB-5812,0,1040,-83.23377253305298,41.64524603121808,dolomite
MAT-CARB-5812,0,1041,-83.23367802587708,41.64541855727513,dolomite
MAT-CARB-5812,0,1042,-83.23366804159146,41.64561067009903,dolomite
MAT-CARB-5812,0,1043,-83.23370186190468,41.645803119250324,dolomite
MAT-CARB-5812,0,1044,-83.23371129591018,41.646171094942204,dolomite
MAT-CARB-5812,0,1045,-83.23375327119682,41.646367032008726,dolomite
MAT-CARB-5812,0,1046,-83.23389644402671,41.64651847338529,dolomite
MAT-CARB-5812,0,1047,-83.23410753645564,41.64659444033203,dolomite
MAT-CARB-5812,0,1048,-83.23428082252333,41.646747836681186,dolomite
MAT-CARB-5812,0,1049,-83.23429259619057,41.64693337193907,dolomite
MAT-CARB-5812,0,1050,-83.23435570772382,41.647126025970366,dolomite
MAT-CARB-5812,0,1051,-83.23463523930732,41.647518077167085,dolomite
MAT-CARB-5812,0,1052,-83.23480057736727,41.647717045329,dolomite
MAT-CARB-5812,0,1053,-83.23496663680933,41.647861105603994,dolomite
MAT-CARB-5812,0,1054,-83.23615973419497,41.648787389699066,dolomite
MAT-CARB-5812,0,1055,-83.23645669630558,41.6489818756318,dolomite
MAT-CARB-5812,0,1056,-83.23671065886468,41.649115632611974,dolomite
MAT-CARB-5812,0,1057,-83.23695823779046,41.64918347301396,dolomite
MAT-CARB-5812,0,1058,-83.23828954849999,41.649122442197765,dolomite
MAT-CARB-5812,0,1059,-83.23978213462033,41.649024205802895,dolomite
MAT-CARB-5812,0,1060,-83.24017022479784,41.648977804559806,dolomite
MAT-CARB-5812,0,1061,-83.24041974293388,41.64890836794192,dolomite
MAT-CARB-5812,0,1062,-83.24088226041381,41.64876368456071,dolomite
MAT-CARB-5812,0,1063,-83.24152202042,41.64849411498595,dolomite
MAT-CARB-5812,0,1064,-83.24339607437119,41.64777830357545,dolomite
MAT-CARB-5812,0,1065,-83.24433066489999,41.64732979209602,dolomite
MAT-CARB-5812,0,1066,-83.24588263601593,41.64663894082475,dolomite
MAT-CARB-5812,0,1067,-83.24653847716229,41.64625962945499,dolomite
MAT-CARB-5812,0,1068,-83.24667134977265,41.6461673180591,dolomite
MAT-CARB-5812,0,1069,-83.24718555266527,41.64598455353711,dolomite
MAT-CARB-5812,0,1070,-83.24726679193621,41.64592478543442,dolomite
MAT-CARB-5812,0,1071,-83.24725312076342,41.64585877781175,dolomite
MAT-CARB-5812,0,1072,-83.24715856603564,41.645825111799276,dolomite
MAT-CARB-5812,0,1073,-83.24701960676896,41.64582953933708,dolomite
MAT-CARB-5812,0,1074,-83.24687411856334,41.64577902156241,dolomite
MAT-CARB-5812,0,1075,-83.24656220791239,41.64560637341599,dolomite
MAT-CARB-5812,0,1076,-83.24613148963401,41.645564616491,dolomite
MAT-CARB-5812,0,1077,-83.24601525422372,41.64551430029925,dolomite
MAT-CARB-5812,0,1078,-83.24596537551739,41.64542057155534,dolomite
MAT-CARB-5812,0,1079,-83.24598665958031,41.64494303776783,dolomite
MAT-CARB-5812,0,1080,-83.2459089638955,41.644750232826304,dolomite
MAT-CARB-5812,0,1081,-83.24579448389436,41.64457364406788,dolomite
MAT-CARB-5812,0,1082,-83.24581099841097,41.64443650253915,dolomite
MAT-CARB-5812,0,1083,-83.2458777828731,41.644365635728796,dolomite
MAT-CARB-5812,0,1084,-83.24601017457444,41.644306264460354,dolomite
MAT-CARB-5812,0,1085,-83.24644846743458,41.64432611767724,dolomite
MAT-CARB-5812,0,1086,-83.24653645465342,41.64430483927718,dolomite
MAT-CARB-5812,0,1087,-83.24658891867264,41.644211874603485,dolomite
MAT-CARB-5812,0,1088,-83.2465609785047,41.64411831160298,dolomite
MAT-CARB-5812,0,1089,-83.24617440384392,41.644060429807816,dolomite
MAT-CARB-5812,0,1090,-83.24595652718284,41.643959898827575,dolomite
MAT-CARB-5812,0,1091,-83.24579738746661,41.643837914262676,dolomite
MAT-CARB-5812,0,1092,-83.24579108028533,41.64376648557587,dolomite
MAT-CARB-5812,0,1093,-83.24612829619267,41.64317057704108,dolomite
MAT-CARB-5812,0,1094,-83.2462215280474,41.642775938857014,dolomite
MAT-CARB-5812,0,1095,-83.24636867655046,41.64270569784475,dolomite
MAT-CARB-5812,0,1096,-83.24653009441909,41.642663011891536,dolomite
MAT-CARB-5812,0,1097,-83.24694569922808,41.64264877838168,dolomite
MAT-CARB-5812,0,1098,-83.24730493057515,41.64265795729639,dolomite
MAT-CARB-5812,0,1099,-83.24743709742371,41.64261506777023,dolomite
MAT-CARB-5812,0,1100,-83.24746683770434,41.642576845533185,dolomite
MAT-CARB-5812,0,1101,-83.24738713317286,41.64252682478029,dolomite
MAT-CARB-5812,0,1102,-83.24684395119475,41.642476252375154,dolomite
MAT-CARB-5812,0,1103,-83.24651082779378,41.642470667318875,dolomite
MAT-CARB-5812,0,1104,-83.24567897603168,41.64237089764998,dolomite
MAT-CARB-5812,0,1105,-83.24557675838142,41.64236461987169,dolomite
MAT-CARB-5812,0,1106,-83.24535276258463,41.642252305694974,dolomite
MAT-CARB-5812,0,1107,-83.24534338774099,41.64192198255033,dolomite
MAT-CARB-5812,0,1108,-83.24510201550711,41.6418118597184,dolomite
MAT-CARB-5812,0,1109,-83.24488687217134,41.641759604040885,dolomite
MAT-CARB-5812,0,1110,-83.24467674373639,41.64190740507803,dolomite
MAT-CARB-5812,0,1111,-83.2443762765165,41.64196551085106,dolomite
MAT-CARB-5812,0,1112,-83.24409933115037,41.64190845272923,dolomite
MAT-CARB-5812,0,1113,-83.24338578270198,41.641710771375216,dolomite
MAT-CARB-5812,0,1114,-83.24292359950654,41.641637741569156,dolomite
MAT-CARB-5812,0,1115,-83.24276053035264,41.64146981383155,dolomite
MAT-CARB-5812,0,1116,-83.24267544946214,41.641282454470975,dolomite
MAT-CARB-5812,0,1117,-83.24244243272771,41.6412202399534,dolomite
MAT-CARB-5812,0,1118,-83.24199772276756,41.641139941054256,dolomite
MAT-CARB-5812,0,1119,-83.24085833691208,41.641081689036106,dolomite
MAT-CARB-5812,0,1120,-83.24066823620977,41.6410857110344,dolomite
MAT-CARB-5812,0,1121,-83.24042633139358,41.64113324477157,dolomite
MAT-CARB-5812,0,1122,-83.24017023257454,41.64115322154012,dolomite
MAT-CARB-5812,0,1123,-83.23991238103682,41.64115332587336,dolomite
MAT-CARB-5812,0,1124,-83.23970120601894,41.64124293019052,dolomite
MAT-CARB-5812,0,1125,-83.23951757751591,41.641307381306724,dolomite
MAT-CARB-5812,0,1126,-83.2393197190484,41.641344303209934,dolomite
MAT-CARB-5812,0,1127,-83.23909106634181,41.64149078218953,dolomite
MAT-CARB-5812,0,1128,-83.2387021783355,41.64159760125459,dolomite
MAT-CARB-5812,0,1129,-83.23849000221344,41.641612423342096,dolomite
MAT-CARB-5812,0,1130,-83.23802991444003,41.64158686089304,dolomite
MAT-CARB-5812,0,1131,-83.23702415618891,41.64138136204204,dolomite
MAT-CARB-5812,0,1132,-83.23655654852017,41.64136672747904,dolomite
MAT-CARB-5812,0,1133,-83.23630842946723,41.641337338208004,dolomite
MAT-CARB-5812,0,1134,-83.23605374085096,41.641258487645715,dolomite
MAT-CARB-5812,0,1135,-83.23522914554825,41.64116422346551,dolomite
MAT-CARB-5812,0,1136,-83.23500251832354,41.64116793854589,dolomite
MAT-CARB-5812,0,1137,-83.23460684665946,41.64123622717148,dolomite
MAT-CARB-5812,0,1138,-83.23389783394948,41.641413407653395,dolomite
MAT-CARB-5812,0,1139,-83.23365459877222,41.64138252965299,dolomite
MAT-CARB-5812,0,1140,-83.23340718909388,41.641303738845366,dolomite
MAT-CARB-5812,0,1141,-83.23263267787269,41.64128670777991,dolomite
MAT-CARB-5812,0,1142,-83.23250224430156,41.64115918307401,dolomite
MAT-CARB-5812,0,1143,-83.23265808488486,41.641039816313295,dolomite
MAT-CARB-5812,0,1144,-83.23355785025133,41.6409864261114,dolomite
MAT-CARB-5812,0,1145,-83.23377800907633,41.64092225505656,dolomite
MAT-CARB-5812,0,1146,-83.23403552403018,41.64080347330161,dolomite
MAT-CARB-5812,0,1147,-83.23430110802012,41.64062984788228,dolomite
MAT-CARB-5812,0,1148,-83.2345881438873,41.640489301837526,dolomite
MAT-CARB-5812,0,1149,-83.23495469845436,41.64040980987422,dolomite
MAT-CARB-5812,0,1150,-83.23563469537206,41.640393150566126,dolomite
MAT-CARB-5812,0,1151,-83.23588396316812,41.64034017881765,dolomite
MAT-CARB-5812,0,1152,-83.23610465063811,41.640237578664305,dolomite
MAT-CARB-5812,0,1153,-83.2360851412209,41.640067200615725,dolomite
MAT-CARB-5812,0,1154,-83.23582257583926,41.640026736958525,dolomite
MAT-CARB-5812,0,1155,-83.23536229021941,41.64001216273556,dolomite
MAT-CARB-5812,0,1156,-83.23514014826102,41.63994709778322,dolomite
MAT-CARB-5812,0,1157,-83.23502920548309,41.6397899205551,dolomite
MAT-CARB-5812,0,1158,-83.23492495178806,41.63941020829509,dolomite
MAT-CARB-5812,0,1159,-83.23469310283484,41.63926564359782,dolomite
MAT-CARB-5812,0,1160,-83.23388293452845,41.63918795616541,dolomite
MAT-CARB-5812,0,1161,-83.23384380032249,41.63908516130251,dolomite
MAT-CARB-5812,0,1162,-83.23399458336537,41.63900915393797,dolomite
MAT-CARB-5812,0,1163,-83.2348866601419,41.63901457091583,dolomite
MAT-CARB-5812,0,1164,-83.2356460249394,41.63906990954409,dolomite
MAT-CARB-5812,0,1165,-83.23633390342795,41.63900940124015,dolomite
MAT-CARB-5812,0,1166,-83.23795670303512,41.63899455414978,dolomite
MAT-CARB-5812,0,1167,-83.23908437825547,41.63884409593032,dolomite
MAT-CARB-5812,0,1168,-83.24106221817233,41.638524507575006,dolomite
MAT-CARB-5812,0,1169,-83.24218137172554,41.63846177599367,dolomite
MAT-CARB-5812,0,1170,-83.24284593572253,41.63849985526851,dolomite
MAT-CARB-5812,0,1171,-83.2433069265257,41.63845952019203,dolomite
MAT-CARB-5812,0,1172,-83.24368794865636,41.638391073767515,dolomite
MAT-CARB-5812,0,1173,-83.24410663693975,41.63824055874892,dolomite
MAT-CARB-5812,0,1174,-83.24432075853079,41.6381975771352,dolomite
MAT-CARB-5812,0,1175,-83.24518966423359,41.63814459206067,dolomite
MAT-CARB-5812,0,1176,-83.24569578669109,41.63801670377843,dolomite
MAT-CARB-5812,0,1177,-83.2455986801849,41.63789959957947,dolomite
MAT-CARB-5812,0,1178,-83.24536867741809,41.637887887774916,dolomite
MAT-CARB-5812,0,1179,-83.24490787664521,41.63791180237608,dolomite
MAT-CARB-5812,0,1180,-83.24408853183172,41.637803771792434,dolomite
MAT-CARB-5812,0,1181,-83.24256432413021,41.63772893666982,dolomite
MAT-CARB-5812,0,1182,-83.24153244836124,41.63782530513499,dolomite
MAT-CARB-5812,0,1183,-83.24127667032317,41.63782331543705,dolomite
MAT-CARB-5812,0,1184,-83.24034174813721,41.63778310615354,dolomite
MAT-CARB-5812,0,1185,-83.23983103199717,41.63771875479262,dolomite
MAT-CARB-5812,0,1186,-83.23920750082378,41.63769461277736,dolomite
MAT-CARB-5812,0,1187,-83.23891819789158,41.63766224569917,dolomite
MAT-CARB-5812,0,1188,-83.23790979974376,41.637648933170055,dolomite
MAT-CARB-5812,0,1189,-83.2373467878685,41.63766650700692,dolomite
MAT-CARB-5812,0,1190,-83.23660892759167,41.637644285947786,dolomite
MAT-CARB-5812,0,1191,-83.23636116824736,41.63759292759676,dolomite
MAT-CARB-5812,0,1192,-83.23618814194946,41.63742134913849,dolomite
MAT-CARB-5812,0,1193,-83.23607215224092,41.637082159917234,dolomite
MAT-CARB-5812,0,1194,-83.23582953703804,41.636935386758935,dolomite
MAT-CARB-5812,0,1195,-83.2356183908871,41.636878811782005,dolomite
MAT-CARB-5812,0,1196,-83.23543556365067,41.636888375737485,dolomite
MAT-CARB-5812,0,1197,-83.23522260836904,41.63695810072593,dolomite
MAT-CARB-5812,0,1198,-83.23452659394918,41.637078958917975,dolomite
MAT-CARB-5812,0,1199,-83.23437222002212,41.63714363529516,dolomite
MAT-CARB-5812,0,1200,-83.23418895802507,41.63718062444586,dolomite
MAT-CARB-5812,0,1201,-83.23390419480404,41.63716192986107,dolomite
MAT-CARB-5812,0,1202,-83.23381710773255,41.637117320192246,dolomite
MAT-CARB-5812,0,1203,-83.23380336493531,41.63705682337728,dolomite
MAT-CARB-5812,0,1204,-83.23388741265896,41.636793913826786,dolomite
MAT-CARB-5812,0,1205,-83.23381503674659,41.63674392152782,dolomite
MAT-CARB-5812,0,1206,-83.23373450450521,41.63675428527722,dolomite
MAT-CARB-5812,0,1207,-83.23369018481789,41.63678686144347,dolomite
MAT-CARB-5812,0,1208,-83.23354800102062,41.6370218779907,dolomite
MAT-CARB-5812,0,1209,-83.233445171301,41.637059500204415,dolomite
MAT-CARB-5812,0,1210,-83.23337200103155,41.63706444365429,dolomite
MAT-CARB-5812,0,1211,-83.23308839436002,41.636963384487224,dolomite
MAT-CARB-5812,0,1212,-83.2329207251855,41.63693462261947,dolomite
MAT-CARB-5812,0,1213,-83.23273879329973,41.63687830350319,dolomite
MAT-CARB-5812,0,1214,-83.23246848181695,41.636870679298895,dolomite
MAT-CARB-5812,0,1215,-83.23196379727783,41.636899665551816,dolomite
MAT-CARB-5812,0,1216,-83.2317147634444,41.63693617331138,dolomite
MAT-CARB-5812,0,1217,-83.23102588104659,41.63706804734291,dolomite
MAT-CARB-5812,0,1218,-83.2307701427329,41.637066035095934,dolomite
MAT-CARB-5812,0,1219,-83.23058705311021,41.63709204793335,dolomite
MAT-CARB-5812,0,1220,-83.23014690553453,41.63720392281302,dolomite
MAT-CARB-5812,0,1221,-83.22929726194548,41.63733454058892,dolomite
MAT-CARB-5812,0,1222,-83.2290925467878,41.63733841353196,dolomite
MAT-CARB-5812,0,1223,-83.22882272057731,41.63729786888285,dolomite
MAT-CARB-5812,0,1224,-83.22860489142272,41.63719730590742,dolomite
MAT-CARB-5812,0,1225,-83.22834996559995,41.63713489500429,dolomite
MAT-CARB-5812,0,1226,-83.22811465252565,41.63723737771046,dolomite
MAT-CARB-5812,0,1227,-83.22789039054959,41.63736814996834,dolomite
MAT-CARB-5812,0,1228,-83.22765246229096,41.637360044862966,dolomite
MAT-CARB-5812,0,1229,-83.22743392248215,41.63730890289202,dolomite
MAT-CARB-5812,0,1230,-83.22701798038591,41.637261722879295,dolomite
MAT-CARB-5812,0,1231,-83.22636811225867,41.637218174707414,dolomite
MAT-CARB-5812,0,1232,-83.22612072597211,41.6371393412157,dolomite
MAT-CARB-5812,0,1233,-83.22557600937687,41.6368989326126,dolomite
MAT-CARB-5812,0,1234,-83.22508702678067,41.63676944670482,dolomite
MAT-CARB-5812,0,1235,-83.22438664038894,41.636763242572904,dolomite
MAT-CARB-5812,0,1236,-83.22391309804317,41.63665521457847,dolomite
MAT-CARB-5812,0,1237,-83.22364318973436,41.63662011628509,dolomite
MAT-CARB-5812,0,1238,-83.22339464118997,41.63662363973641,dolomite
MAT-CARB-5812,0,1239,-83.22288878638109,41.63673495052163,dolomite
MAT-CARB-5812,0,1240,-83.22243561165749,41.63673687604919,dolomite
MAT-CARB-5812,0,1241,-83.2221805543149,41.63668542265937,dolomite
MAT-CARB-5812,0,1242,-83.22167672216226,41.636653972069105,dolomite
MAT-CARB-5812,0,1243,-83.22117850584932,41.63673791512254,dolomite
MAT-CARB-5812,0,1244,-83.2205429556743,41.63671640867734,dolomite
MAT-CARB-5812,0,1245,-83.22003760067695,41.63678925541332,dolomite
MAT-CARB-5812,0,1246,-83.21952568760473,41.636812665573906,dolomite
MAT-CARB-5812,0,1247,-83.21927664709901,41.63684912017947,dolomite
MAT-CARB-5812,0,1248,-83.21907219682986,41.63683651985588,dolomite
MAT-CARB-5812,0,1249,-83.21881786043093,41.63673566367809,dolomite
MAT-CARB-5812,0,1250,-83.21851402411812,41.63666211550946,dolomite
MAT-CARB-5812,0,1251,-83.21812534140706,41.636609366888365,dolomite
MAT-CARB-5812,0,1252,-83.21767365755682,41.636506943111186,dolomite
MAT-CARB-5812,0,1253,-83.21747657194099,41.63648889355884,dolomite
MAT-CARB-5812,0,1254,-83.21724987153407,41.63649808806365,dolomite
MAT-CARB-5812,0,1255,-83.21705932673721,41.63653501223378,dolomite
MAT-CARB-5812,0,1256,-83.21680215068184,41.63663178905685,dolomite
MAT-CARB-5812,0,1257,-83.21637687153653,41.63672723486358,dolomite
MAT-CARB-5812,0,1258,-83.21592373323523,41.63672913565684,dolomite
MAT-CARB-5812,0,1259,-83.21563085582298,41.63676524010722,dolomite
MAT-CARB-5812,0,1260,-83.21536690946003,41.636823522789896,dolomite
MAT-CARB-5812,0,1261,-83.21510210166358,41.63694222596658,dolomite
MAT-CARB-5812,0,1262,-83.21504133456703,41.63712487696396,dolomite
MAT-CARB-5812,0,1263,-83.21504395395458,41.63742496655238,dolomite
MAT-CARB-5812,0,1264,-83.2149829413313,41.638110856279404,dolomite
MAT-CARB-5812,0,1265,-83.21486672070338,41.63857117899388,dolomite
MAT-CARB-5812,0,1266,-83.21493194583104,41.638689511666406,dolomite
MAT-CARB-5812,0,1267,-83.2149220158088,41.638791260169846,dolomite
MAT-CARB-5812,0,1268,-83.21454214050758,41.638777225750545,dolomite
MAT-CARB-5812,0,1269,-83.2140755065896,41.63869665229858,dolomite
MAT-CARB-5812,0,1270,-83.21383602331305,41.63857940757425,dolomite
MAT-CARB-5812,0,1271,-83.21358977490047,41.638423726091574,dolomite
MAT-CARB-5812,0,1272,-83.21337721100268,41.63824505480976,dolomite
MAT-CARB-5812,0,1273,-83.21292362597033,41.63799011767478,dolomite
MAT-CARB-5812,0,1274,-83.21242315456058,41.63772253943183,dolomite
MAT-CARB-5812,0,1275,-83.21179109141035,41.63745941218344,dolomite
MAT-CARB-5812,0,1276,-83.21133436007284,41.63720317118714,dolomite
MAT-CARB-5812,0,1277,-83.21035474560566,41.63671213624787,dolomite
MAT-CARB-5812,0,1278,-83.20892985456818,41.63619006692181,dolomite
MAT-CARB-5812,0,1279,-83.20826848281983,41.63593216712728,dolomite
MAT-CARB-5812,0,1280,-83.20752049264081,41.63560218043753,dolomite
MAT-CARB-5812,0,1281,-83.20653931677538,41.635226415520016,dolomite
MAT-CARB-5812,0,1282,-83.20445205774999,41.634517716575395,dolomite
MAT-CARB-5812,0,1283,-83.20350716887683,41.63415869011844,dolomite
MAT-CARB-5812,0,1284,-83.20186225930755,41.63345402373799,dolomite
MAT-CARB-5812,0,1285,-83.20133510799641,41.6332571175011,dolomite
MAT-CARB-5812,0,1286,-83.20085444072402,41.63314339090026,dolomite
MAT-CARB-5812,0,1287,-83.20059256548282,41.63305891243143,dolomite
MAT-CARB-5812,0,1288,-83.19915325667063,41.63253113365939,dolomite
MAT-CARB-5812,0,1289,-83.19894206527158,41.632479979548286,dolomite
MAT-CARB-5812,0,1290,-83.19782710927613,41.63232661940708,dolomite
MAT-CARB-5812,0,1291,-83.1975862042769,41.632243850229614,dolomite
MAT-CARB-5812,0,1292,-83.19714332406996,41.63204257023519,dolomite
MAT-CARB-5812,0,1293,-83.19640862105773,41.63181149420494,dolomite
MAT-CARB-5812,0,1294,-83.1959509812987,41.63162107300838,dolomite
MAT-CARB-5812,0,1295,-83.1956608773726,41.63147046201302,dolomite
MAT-CARB-5812,0,1296,-83.19514487741385,41.63127406740133,dolomite
MAT-CARB-5812,0,1297,-83.19489860828457,41.63112380469089,dolomite
MAT-CARB-5812,0,1298,-83.1946371612882,41.63101185881234,dolomite
MAT-CARB-5812,0,1299,-83.19443425905978,41.630894884985224,dolomite
MAT-CARB-5812,0,1300,-83.19388165744594,41.63070371477371,dolomite
MAT-CARB-5812,0,1301,-83.19336608200773,41.6304798580918,dolomite
MAT-CARB-5812,0,1302,-83.19291126517966,41.630359999637946,dolomite
MAT-CARB-5812,0,1303,-83.19204957200733,41.630057282049385,dolomite
MAT-CARB-5812,0,1304,-83.1906155410604,41.62967219710459,dolomite
MAT-CARB-5812,0,1305,-83.1899320273988,41.62944147319966,dolomite
MAT-CARB-5812,0,1306,-83.1894816792527,41.629256580012026,dolomite
MAT-CARB-5812,0,1307,-83.18900123023404,41.62913076533945,dolomite
MAT-CARB-5812,0,1308,-83.18876064335804,41.62909147187477,dolomite
MAT-CARB-5812,0,1309,-83.18765452797007,41.628774900646484,dolomite
MAT-CARB-5812,0,1310,-83.18666402397808,41.62854711848649,dolomite
MAT-CARB-5812,0,1311,-83.18539627010128,41.62828961604711,dolomite
MAT-CARB-5812,0,1312,-83.18489997358098,41.62824710870863,dolomite
MAT-CARB-5812,0,1313,-83.18419860689903,41.62823585006891,dolomite
MAT-CARB-5812,0,1314,-83.18391422161864,41.62819506816551,dolomite
MAT-CARB-5812,0,1315,-83.18279976091797,41.62794977609323,dolomite
MAT-CARB-5812,0,1316,-83.1822895006965,41.627863211136656,dolomite
MAT-CARB-5812,0,1317,-83.18196841790318,41.62783310885629,dolomite
MAT-CARB-5812,0,1318,-83.18171351585077,41.62777608389957,dolomite
MAT-CARB-5812,0,1319,-83.17969119642682,41.62715538661027,dolomite
MAT-CARB-5812,0,1320,-83.17814079759133,41.62674719742689,dolomite
MAT-CARB-5812,0,1321,-83.1773773568378,41.62648830343189,dolomite
MAT-CARB-5812,0,1322,-83.17652597836195,41.62623288822486,dolomite
MAT-CARB-5812,0,1323,-83.17577355057128,41.626043525658254,dolomite
MAT-CARB-5812,0,1324,-83.17513781289297,41.6258007114948,dolomite
MAT-CARB-5812,0,1325,-83.17486668091227,41.625661461908045,dolomite
MAT-CARB-5812,0,1326,-83.17356045080574,41.62521122822686,dolomite
MAT-CARB-5812,0,1327,-83.17333668968809,41.62511569904673,dolomite
MAT-CARB-5812,0,1328,-83.17295922594899,41.62489783779601,dolomite
MAT-CARB-5812,0,1329,-83.1723556771578,41.62460752137736,dolomite
MAT-CARB-5812,0,1330,-83.17211457436132,41.62451359513601,dolomite
MAT-CARB-5812,0,1331,-83.17164676779407,41.62438067457938,dolomite
MAT-CARB-5812,0,1332,-83.17139087929434,41.624325168993174,dolomite
MAT-CARB-5812,0,1333,-83.17091535730371,41.6242802119055,dolomite
MAT-CARB-5812,0,1334,-83.17064481270914,41.62422464931889,dolomite
MAT-CARB-5812,0,1335,-83.17014048017965,41.62407517001663,dolomite
MAT-CARB-5812,0,1336,-83.16850300190991,41.623659442899786,dolomite
MAT-CARB-5812,0,1337,-83.16796197941893,41.62353187854877,dolomite
MAT-CARB-5812,0,1338,-83.167238005661,41.62340938513876,dolomite
MAT-CARB-5812,0,1339,-83.16655079116298,41.6232485087097,dolomite
MAT-CARB-5812,0,1340,-83.16584920468583,41.62303812416418,dolomite
MAT-CARB-5812,0,1341,-83.1650245415264,41.62270654070452,dolomite
MAT-CARB-5812,0,1342,-83.16392709359513,41.62243174491112,dolomite
MAT-CARB-5812,0,1343,-83.16137417524712,41.62174167533451,dolomite
MAT-CARB-5812,0,1344,-83.16026225371196,41.6214111713018,dolomite
MAT-CARB-5812,0,1345,-83.15908418175407,41.62110227339158,dolomite
MAT-CARB-5812,0,1346,-83.15699101728708,41.62059599699056,dolomite
MAT-CARB-5812,0,1347,-83.15591575512238,41.62027660634322,dolomite
MAT-CARB-5812,0,1348,-83.15490558882769,41.62005116522224,dolomite
MAT-CARB-5812,0,1349,-83.15342802869284,41.619614067868525,dolomite
MAT-CARB-5812,0,1350,-83.15301876281119,41.61945774751863,dolomite
MAT-CARB-5812,0,1351,-83.14893488315792,41.6184950203726,dolomite
MAT-CARB-5812,0,1352,-83.14784528520842,41.618147990636245,dolomite
MAT-CARB-5812,0,1353,-83.14561370149062,41.6175636619512,dolomite
MAT-CARB-5812,0,1354,-83.14222445487675,41.61685216461213,dolomite
MAT-CARB-5812,0,1355,-83.14097880786541,41.616718967941196,dolomite
MAT-CARB-5812,0,1356,-83.13923594398882,41.616428980997306,dolomite
MAT-CARB-5812,0,1357,-83.1364102442203,41.61585792053162,dolomite
MAT-CARB-5812,0,1358,-83.13526786803293,41.61567017409718,dolomite
MAT-CARB-5812,0,1359,-83.13324617464625,41.61539514743229,dolomite
MAT-CARB-5812,0,1360,-83.13107008155299,41.615157837817314,dolomite
MAT-CARB-5812,0,1361,-83.12959085940619,41.61491865458217,dolomite
MAT-CARB-5812,0,1362,-83.12869703320193,41.61481478108101,dolomite
MAT-CARB-5812,0,1363,-83.12827877944817,41.614834572423405,dolomite
MAT-CARB-5812,0,1364,-83.128093557675,41.61502636069239,dolomite
MAT-CARB-5812,0,1365,-83.12767185154514,41.61615308417613,dolomite
MAT-CARB-5812,0,1366,-83.1275599967436,41.61633971674766,dolomite
MAT-CARB-5812,0,1367,-83.1272953698852,41.61639888043708,dolomite
MAT-CARB-5812,0,1368,-83.1274086040424,41.61606905657962,dolomite
MAT-CARB-5812,0,1369,-83.12441027248695,41.61516085201404,dolomite
MAT-CARB-5812,0,1370,-83.12365920006472,41.6149304030642,dolomite
MAT-CARB-5812,0,1371,-83.12230421183044,41.61481710631334,dolomite
MAT-CARB-5812,0,1372,-83.12170306087324,41.6146309559111,dolomite
MAT-CARB-5812,0,1373,-83.12102169722384,41.61451649337923,dolomite
MAT-CARB-5812,0,1374,-83.12043568025062,41.61444590858598,dolomite
MAT-CARB-5812,0,1375,-83.11993041842322,41.61443022056944,dolomite
MAT-CARB-5812,0,1376,-83.119468752566,41.614326382325785,dolomite
MAT-CARB-5812,0,1377,-83.11889742057765,41.614266794030364,dolomite
MAT-CARB-5812,0,1378,-83.1182524906863,41.614119246168876,dolomite
MAT-CARB-5812,0,1379,-83.11732956105935,41.61401066593444,dolomite
MAT-CARB-5812,0,1380,-83.11574766943833,41.61391417372252,dolomite
MAT-CARB-5812,0,1381,-83.1149711669135,41.613816316946256,dolomite
MAT-CARB-5812,0,1382,-83.11450265798442,41.61383908717368,dolomite
MAT-CARB-5812,0,1383,-83.11358007383117,41.61382404960447,dolomite
MAT-CARB-5812,0,1384,-83.1131704657244,41.6139347944461,dolomite
MAT-CARB-5812,0,1385,-83.1128708890141,41.614105915196596,dolomite
MAT-CARB-5812,0,1386,-83.112629658922,41.61421089137206,dolomite
MAT-CARB-5812,0,1387,-83.1114507751821,41.61419075218852,dolomite
MAT-CARB-5812,0,1388,-83.11096734185683,41.61414749091106,dolomite
MAT-CARB-5812,0,1389,-83.1092668138158,41.61363822541999,dolomite
MAT-CARB-5812,0,1390,-83.10865151983656,41.61355665193993,dolomite
MAT-CARB-5812,0,1391,-83.10779016439784,41.61337997546754,dolomite
MAT-CARB-5812,0,1392,-83.10664005238107,41.61163259816393,dolomite
MAT-CARB-5812,0,1393,-83.10562000940565,41.610125699142046,dolomite
MAT-CARB-5812,0,1394,-83.10536135708267,41.609339497547765,dolomite
MAT-CARB-5812,0,1395,-83.10522907936513,41.6086156540747,dolomite
MAT-CARB-5812,0,1396,-83.10546830878955,41.607228398588,dolomite
MAT-CARB-5812,0,1397,-83.10620541575457,41.605240139524724,dolomite
MAT-CARB-5812,0,1398,-83.10640125949823,41.603695595131256,dolomite
MAT-CARB-5812,0,1399,-83.10643813065762,41.60312839830318,dolomite
MAT-CARB-5812,0,1400,-83.10622365645389,41.60259395190372,dolomite
MAT-CARB-5812,0,1401,-83.10562927058608,41.60177792597203,dolomite
MAT-CARB-5812,0,1402,-83.10507604881684,41.6013189551286,dolomite
MAT-CARB-5812,0,1403,-83.1023590440085,41.599122352934415,dolomite
MAT-CARB-5812,0,1404,-83.10086330527358,41.59636705839147,dolomite
MAT-CARB-5812,0,1405,-83.1010497212146,41.58973545685938,dolomite
MAT-CARB-5812,0,1406,-83.10079310869176,41.58844742160653,dolomite
MAT-CARB-5812,0,1407,-83.10004455871456,41.586977678674394,dolomite
MAT-CARB-5812,0,1408,-83.0992879004695,41.5845870257757,dolomite
MAT-CARB-5812,0,1409,-83.09730070578817,41.58164991360813,dolomite
MAT-CARB-5812,0,1410,-83.09678931558469,41.57925801644154,dolomite
MAT-CARB-5812,0,1411,-83.09529909243702,41.57705512459432,dolomite
MAT-CARB-5812,0,1412,-83.0928252522278,41.57448871059395,dolomite
MAT-CARB-5812,0,1413,-83.0913400816356,41.572838336388344,dolomite
MAT-CARB-5812,0,1414,-83.08909886027446,41.56879716497676,dolomite
MAT-CARB-5812,0,1415,-83.08759794572141,41.56530492621799,dolomite
MAT-CARB-5812,0,1416,-83.08729485406651,41.55553139675339,dolomite
MAT-CARB-5812,0,1417,-83.08654058876697,41.553324785685824,dolomite
MAT-CARB-5812,0,1418,-83.08456121121225,41.551124130042446,dolomite
MAT-CARB-5812,0,1419,-83.08330750271145,41.54781475310141,dolomite
MAT-CARB-5812,0,1420,-83.08082891081013,41.54451127994473,dolomite
MAT-CARB-5812,0,1421,-83.07885151081531,41.54249470172256,dolomite
MAT-CARB-5812,0,1422,-83.07663082162249,41.54066342364688,dolomite
MAT-CARB-5812,0,1423,-83.07023768440251,41.53793104852249,dolomite
MAT-CARB-5812,0,1424,-83.066299424704,41.535739319899484,dolomite
MAT-CARB-5812,0,1425,-83.06506993745747,41.5351925464531,dolomite
MAT-CARB-5812,0,1426,-83.06432887672898,41.53445924400627,dolomite
MAT-CARB-5812,0,1427,-83.06235226012443,41.53244237735773,dolomite
MAT-CARB-5812,0,1428,-83.05963635853675,41.52987630269229,dolomite
MAT-CARB-5812,0,1429,-83.05593783562746,41.52694637270131,dolomite
MAT-CARB-5812,0,1430,-83.05151080741048,41.52475640485457,dolomite
MAT-CARB-5812,0,1431,-83.04684357361563,41.523119985503854,dolomite
MAT-CARB-5812,0,1432,-83.04340123120939,41.521477850061714,dolomite
MAT-CARB-5812,0,1433,-83.03873149383094,41.51947270056769,dolomite
MAT-CARB-5812,0,1434,-83.03577498879818,41.51727556841585,dolomite
MAT-CARB-5812,0,1435,-83.03355339149955,41.515075098727536,dolomite
MAT-CARB-5812,0,1436,-83.03181739122456,41.51231983831813,dolomite
MAT-CARB-5812,0,1437,-83.0315537668377,41.509926440240484,dolomite
MAT-CARB-5812,0,1438,-83.03006574538209,41.507538446022856,dolomite
MAT-CARB-5812,0,1439,-83.0273162520388,41.50036678455065,dolomite
MAT-CARB-5812,0,1440,-83.0267822492371,41.49465893849785,dolomite
MAT-CARB-5812,0,1441,-83.02774583858081,41.49262851327565,dolomite
MAT-CARB-5812,0,1442,-83.02871076821037,41.49078227325294,dolomite
MAT-CARB-5812,0,1443,-83.0306563781599,41.489115868271945,dolomite
MAT-CARB-5812,0,1444,-83.03381283952781,41.48578625157343,dolomite
MAT-CARB-5812,0,1445,-83.03550901732136,41.4835682851389,dolomite
MAT-CARB-5812,0,1446,-83.03548432296799,41.48043695670404,dolomite
MAT-CARB-5812,0,1447,-83.03399246432801,41.47749638633003,dolomite
MAT-CARB-5812,0,1448,-83.03397798026809,41.47565440391038,dolomite
MAT-CARB-5812,0,1449,-83.03421406184611,41.474548151690605,dolomite
MAT-CARB-5812,0,1450,-83.03469051571601,41.47288818465524,dolomite
MAT-CARB-5812,0,1451,-83.0341865327952,41.471048401744966,dolomite
MAT-CARB-5812,0,1452,-83.03320030318405,41.470131758048545,dolomite
MAT-CARB-5812,0,1453,-83.0297739075104,41.47014692699356,dolomite
MAT-CARB-5812,0,1454,-83.02463287000535,41.46998529780094,dolomite
MAT-CARB-5812,0,1455,-83.02242734912681,41.469626504538525,dolomite
MAT-CARB-5812,0,1456,-83.01899530989954,41.46890459552887,dolomite
MAT-CARB-5812,0,1457,-83.01579693746616,41.46670791038899,dolomite
MAT-CARB-5812,0,1458,-83.01382930800966,41.46542693365166,dolomite
MAT-CARB-5812,0,1459,-83.0126405262695,41.464279712560625,dolomite
MAT-CARB-5812,0,1460,-83.01266285983725,41.464277258377464,dolomite
MAT-CARB-5812,0,1461,-83.01322426178861,41.464071179330126,dolomite
MAT-CARB-5812,0,1462,-83.0144188274395,41.46348253570137,dolomite
MAT-CARB-5812,0,1463,-83.01488511465769,41.46326583020939,dolomite
MAT-CARB-5812,0,1464,-83.01533703391375,41.46308774831625,dolomite
MAT-CARB-5812,0,1465,-83.01580402614388,41.46296462050907,dolomite
MAT-CARB-5812,0,1466,-83.01617700748328,41.46297952891835,dolomite
MAT-CARB-5812,0,1467,-83.01657253045703,41.463076924905614,dolomite
MAT-CARB-5812,0,1468,-83.01697592799957,41.463245845343785,dolomite
MAT-CARB-5812,0,1469,-83.01735582598621,41.463211157898215,dolomite
MAT-CARB-5812,0,1470,-83.01775561773157,41.4629066838022,dolomite
MAT-CARB-5812,0,1471,-83.01825079652151,41.46264581847944,dolomite
MAT-CARB-5812,0,1472,-83.01863789316148,41.46259458419299,dolomite
MAT-CARB-5812,0,1473,-83.01988779064763,41.462556154084226,dolomite
MAT-CARB-5812,0,1474,-83.02027493353431,41.46251594037458,dolomite
MAT-CARB-5812,0,1475,-83.02063998833093,41.46244831090251,dolomite
MAT-CARB-5812,0,1476,-83.02127874813428,41.461850981160104,dolomite
MAT-CARB-5812,0,1477,-83.0220273242178,41.462222065967964,dolomite
MAT-CARB-5812,0,1478,-83.02281315707734,41.46268105517472,dolomite
MAT-CARB-5812,0,1479,-83.02324886297738,41.46324614883679,dolomite
MAT-CARB-5812,0,1480,-83.02363066167378,41.46345367746966,dolomite
MAT-CARB-5812,0,1481,-83.02606629201055,41.46453298981334,dolomite
MAT-CARB-5812,0,1482,-83.02646195991913,41.46464135118359,dolomite
MAT-CARB-5812,0,1483,-83.02687114669503,41.46461204567957,dolomite
MAT-CARB-5812,0,1484,-83.02726485072945,41.464467197783115,dolomite
MAT-CARB-5812,0,1485,-83.02800205121711,41.4643098121528,dolomite
MAT-CARB-5812,0,1486,-83.02841106399097,41.46425847745886,dolomite
MAT-CARB-5812,0,1487,-83.02877731983443,41.46434493600985,dolomite
MAT-CARB-5812,0,1488,-83.02915117577163,41.464475409309046,dolomite
MAT-CARB-5812,0,1489,-83.02951833499135,41.46467747062025,dolomite
MAT-CARB-5812,0,1490,-83.02990680255465,41.46479685103806,dolomite
MAT-CARB-5812,0,1491,-83.03028627305615,41.46470710405152,dolomite
MAT-CARB-5812,0,1492,-83.03066745624385,41.46483202721677,dolomite
MAT-CARB-5812,0,1493,-83.0310555958082,41.46491840948905,dolomite
MAT-CARB-5812,0,1494,-83.03145049855407,41.46492766047479,dolomite
MAT-CARB-5812,0,1495,-83.0318296228464,41.46479386078275,dolomite
MAT-CARB-5812,0,1496,-83.03220192767425,41.464720651131266,dolomite
MAT-CARB-5812,0,1497,-83.03258199882198,41.46470793946099,dolomite
MAT-CARB-5812,0,1498,-83.03296870771783,41.464607125799304,dolomite
MAT-CARB-5812,0,1499,-83.03335493992398,41.46444575195589,dolomite
MAT-CARB-5812,0,1500,-83.03375626775959,41.464344898198426,dolomite
MAT-CARB-5812,0,1501,-83.03412973684284,41.46442030974024,dolomite
MAT-CARB-5812,0,1502,-83.03425187169685,41.464144498697095,dolomite
MAT-CARB-5812,0,1503,-83.03428624174553,41.46386910555003,dolomite
MAT-CARB-5812,0,1504,-83.03451505546337,41.464143327101446,dolomite
MAT-CARB-5812,0,1505,-83.03489607677382,41.46425172597298,dolomite
MAT-CARB-5812,0,1506,-83.03528330034207,41.46421697659154,dolomite
MAT-CARB-5812,0,1507,-83.0356550774351,41.46407771184702,dolomite
MAT-CARB-5812,0,1508,-83.03602824304437,41.4641145824878,dolomite
MAT-CARB-5812,0,1509,-83.03647525458696,41.46424467894461,dolomite
MAT-CARB-5812,0,1510,-83.03651409439644,41.46453628458597,dolomite
MAT-CARB-5812,0,1511,-83.03684091879697,41.46425958331331,dolomite
MAT-CARB-5812,0,1512,-83.03710921180817,41.46397762994726,dolomite
MAT-CARB-5812,0,1513,-83.03749460301782,41.46371166332337,dolomite
MAT-CARB-5812,0,1514,-83.03744114546781,41.46342563626881,dolomite
MAT-CARB-5812,0,1515,-83.03706897702884,41.46350988776358,dolomite
MAT-CARB-5812,0,1516,-83.03725683173896,41.46322829373666,dolomite
MAT-CARB-5812,0,1517,-83.03754698867971,41.462940728234045,dolomite
MAT-CARB-5812,0,1518,-83.0379181437877,41.46272438623726,dolomite
MAT-CARB-5812,0,1519,-83.03788388333427,41.46301629194374,dolomite
MAT-CARB-5812,0,1520,-83.03818092099506,41.46359297915616,dolomite
MAT-CARB-5812,0,1521,-83.0385461891107,41.4635583176376,dolomite
MAT-CARB-5812,0,1522,-83.03891276710293,41.463688793334974,dolomite
MAT-CARB-5812,0,1523,-83.03871788748934,41.464003444744534,dolomite
MAT-CARB-5812,0,1524,-83.03869816394726,41.464284286516424,dolomite
MAT-CARB-5812,0,1525,-83.03907783101033,41.46421650803022,dolomite
MAT-CARB-5812,0,1526,-83.03914133677227,41.46392998393723,dolomite
MAT-CARB-5812,0,1527,-83.0390831028031,41.46303845017538,dolomite
MAT-CARB-5812,0,1528,-83.03911745248652,41.462763027970006,dolomite
MAT-CARB-5812,0,1529,-83.03902700741713,41.461497272135794,dolomite
MAT-CARB-5812,0,1530,-83.03893452944419,41.460903156076085,dolomite
MAT-CARB-5812,0,1531,-83.03859598562411,41.46061843592943,dolomite
MAT-CARB-5812,0,1532,-83.03896703721668,41.460391064573045,dolomite
MAT-CARB-5812,0,1533,-83.0389209920105,41.46011603020744,dolomite
MAT-CARB-5812,0,1534,-83.03882323329668,41.45885584484439,dolomite
MAT-CARB-5812,0,1535,-83.03884526835212,41.45794740778028,dolomite
MAT-CARB-5812,0,1536,-83.03882100598115,41.45765576329033,dolomite
MAT-CARB-5812,0,1537,-83.03869387554388,41.45742656812007,dolomite
MAT-CARB-5812,0,1538,-83.03865045077991,41.45734826356464,dolomite
MAT-CARB-5812,0,1539,-83.0383852458291,41.45718310152027,dolomite
MAT-CARB-5812,0,1540,-83.03815133625407,41.45700101251648,dolomite
MAT-CARB-5812,0,1541,-83.03791046188869,41.456933741204736,dolomite
MAT-CARB-5812,0,1542,-83.03748648065664,41.45689315427509,dolomite
MAT-CARB-5812,0,1543,-83.03722309433417,41.45689743280956,dolomite
MAT-CARB-5812,0,1544,-83.03670442693335,41.45680128595278,dolomite
MAT-CARB-5812,0,1545,-83.03620808494476,41.45665569381265,dolomite
MAT-CARB-5812,0,1546,-83.03598987568357,41.45648938390717,dolomite
MAT-CARB-5812,0,1547,-83.03583031156737,41.45630682115948,dolomite
MAT-CARB-5812,0,1548,-83.03570853052403,41.45595916378091,dolomite
MAT-CARB-5812,0,1549,-83.03567410655225,41.45566704246415,dolomite
MAT-CARB-5812,0,1550,-83.03553627374093,41.45551211214989,dolomite
MAT-CARB-5812,0,1551,-83.03482756879811,41.455398565136576,dolomite
MAT-CARB-5812,0,1552,-83.03387846680046,41.455151630362366,dolomite
MAT-CARB-5812,0,1553,-83.03292110478547,41.45503133339888,dolomite
MAT-CARB-5812,0,1554,-83.03129920319915,41.454764653046915,dolomite
MAT-CARB-5812,0,1555,-83.030582842583,41.45470059536716,dolomite
MAT-CARB-5812,0,1556,-83.03039373787236,41.45455644559504,dolomite
MAT-CARB-5812,0,1557,-83.03035116225453,41.45437996853022,dolomite
MAT-CARB-5812,0,1558,-83.0302209250961,41.45419202971839,dolomite
MAT-CARB-5812,0,1559,-83.02996594708911,41.45405307986282,dolomite
MAT-CARB-5812,0,1560,-83.02971001924286,41.45403531159071,dolomite
MAT-CARB-5812,0,1561,-83.0294609208729,41.45408921004814,dolomite
MAT-CARB-5812,0,1562,-83.02919647303145,41.454236678498,dolomite
MAT-CARB-5812,0,1563,-83.02895453868365,41.45430711095261,dolomite
MAT-CARB-5812,0,1564,-83.02880197725774,41.45416863980463,dolomite
MAT-CARB-5812,0,1565,-83.02872994244667,41.454019555580444,dolomite
MAT-CARB-5812,0,1566,-83.02851921490992,41.453836741955094,dolomite
MAT-CARB-5812,0,1567,-83.0282858401399,41.453741962557025,dolomite
MAT-CARB-5812,0,1568,-83.02809582588424,41.453719018479674,dolomite
MAT-CARB-5812,0,1569,-83.02786134734032,41.45377295901616,dolomite
MAT-CARB-5812,0,1570,-83.02768456437934,41.45393737322463,dolomite
MAT-CARB-5812,0,1571,-83.0274422188453,41.454062907767735,dolomite
MAT-CARB-5812,0,1572,-83.02719314870541,41.45411128831127,dolomite
MAT-CARB-5812,0,1573,-83.02692999619447,41.454087977917645,dolomite
MAT-CARB-5812,0,1574,-83.02644263941532,41.45372751531649,dolomite
MAT-CARB-5812,0,1575,-83.02595354291213,41.45359844290761,dolomite
MAT-CARB-5812,0,1576,-83.02568290695382,41.45359713259156,dolomite
MAT-CARB-5812,0,1577,-83.02544058920724,41.453717149920315,dolomite
MAT-CARB-5812,0,1578,-83.02531489226523,41.453892829392586,dolomite
MAT-CARB-5812,0,1579,-83.02511596621603,41.4540846826269,dolomite
MAT-CARB-5812,0,1580,-83.0248749209146,41.45403943813997,dolomite
MAT-CARB-5812,0,1581,-83.02464177513325,41.453917085321336,dolomite
MAT-CARB-5812,0,1582,-83.02440811987796,41.45386086372824,dolomite
MAT-CARB-5812,0,1583,-83.02415904831814,41.453909237983446,dolomite
MAT-CARB-5812,0,1584,-83.02390351196122,41.45384740589411,dolomite
MAT-CARB-5812,0,1585,-83.02365568156938,41.45373049118244,dolomite
MAT-CARB-5812,0,1586,-83.02344502945348,41.453536642190045,dolomite
MAT-CARB-5812,0,1587,-83.02318946469292,41.45348032176985,dolomite
MAT-CARB-5812,0,1588,-83.02275002808983,41.453549792250236,dolomite
MAT-CARB-5812,0,1589,-83.02230378069514,41.45355861950582,dolomite
MAT-CARB-5812,0,1590,-83.02211338430037,41.453585230441995,dolomite
MAT-CARB-5812,0,1591,-83.0216144087593,41.45379217915578,dolomite
MAT-CARB-5812,0,1592,-83.02143137045286,41.45381332623443,dolomite
MAT-CARB-5812,0,1593,-83.02118271270909,41.45380658920786,dolomite
MAT-CARB-5812,0,1594,-83.02064233326192,41.45368273724891,dolomite
MAT-CARB-5812,0,1595,-83.02040836355306,41.45367058640027,dolomite
MAT-CARB-5812,0,1596,-83.01994691288887,41.45375094875819,dolomite
MAT-CARB-5812,0,1597,-83.01969802891489,41.45377177500082,dolomite
MAT-CARB-5812,0,1598,-83.01923638617659,41.45387967337776,dolomite
MAT-CARB-5812,0,1599,-83.01897352599866,41.453817780209775,dolomite
MAT-CARB-5812,0,1600,-83.01879945560134,41.45362412151817,dolomite
MAT-CARB-5812,0,1601,-83.01872767031782,41.45344746487609,dolomite
MAT-CARB-5812,0,1602,-83.01861173095386,41.45330366598714,dolomite
MAT-CARB-5812,0,1603,-83.01818294028061,41.45294346532152,dolomite
MAT-CARB-5812,0,1604,-83.01765845492345,41.452659926333745,dolomite
MAT-CARB-5812,0,1605,-83.01710405637714,41.45246439399748,dolomite
MAT-CARB-5812,0,1606,-83.01687060913846,41.45238610450556,dolomite
MAT-CARB-5812,0,1607,-83.01660036666622,41.45233518176251,dolomite
MAT-CARB-5812,0,1608,-83.01641749140576,41.45233429564492,dolomite
MAT-CARB-5812,0,1609,-83.01567251195618,41.45219286963588,dolomite
MAT-CARB-5812,0,1610,-83.01525638480379,41.45208615066538,dolomite
MAT-CARB-5812,0,1611,-83.01454719274464,41.45203856064381,dolomite
MAT-CARB-5812,0,1612,-83.01436558784935,41.45187792380894,dolomite
MAT-CARB-5812,0,1613,-83.01412514043557,41.45175552689676,dolomite
MAT-CARB-5812,0,1614,-83.01360982238111,41.45154787964282,dolomite
MAT-CARB-5812,0,1615,-83.01337385538217,41.45148736761919,dolomite
MAT-CARB-5812,0,1616,-83.01315418552403,41.4515138153271,dolomite
MAT-CARB-5812,0,1617,-83.01295676060222,41.45150733593162,dolomite
MAT-CARB-5812,0,1618,-83.01270847215142,41.4514565025817,dolomite
MAT-CARB-5812,0,1619,-83.01221062218373,41.451514636823134,dolomite
MAT-CARB-5812,0,1620,-83.01178682094373,41.45145744656693,dolomite
MAT-CARB-5812,0,1621,-83.01139177275628,41.451466481264035,dolomite
MAT-CARB-5812,0,1622,-83.01118731330784,41.45142140994313,dolomite
MAT-CARB-5812,0,1623,-83.0103757257171,41.451378784462726,dolomite
MAT-CARB-5812,0,1624,-83.0094969574903,41.45151217155005,dolomite
MAT-CARB-5812,0,1625,-83.00931066858327,41.45156622789733,dolomite
MAT-CARB-5812,0,1626,-83.00910841228941,41.451620406541416,dolomite
MAT-CARB-5812,0,1627,-83.00860329795928,41.45167296124502,dolomite
MAT-CARB-5812,0,1628,-83.00846304279165,41.451569821875815,dolomite
MAT-CARB-5812,0,1629,-83.00839966052312,41.45152321549626,dolomite
MAT-CARB-5812,0,1630,-83.00835721184933,41.45134118940471,dolomite
MAT-CARB-5812,0,1631,-83.00813140152877,41.4512243687083,dolomite
MAT-CARB-5812,0,1632,-83.00749391348937,41.45136442670785,dolomite
MAT-CARB-5812,0,1633,-83.00706830778627,41.4515385847464,dolomite
MAT-CARB-5812,0,1634,-83.00682728354312,41.45149330392191,dolomite
MAT-CARB-5812,0,1635,-83.00676299159434,41.451300151363895,dolomite
MAT-CARB-5812,0,1636,-83.00674951827004,41.45114584202393,dolomite
MAT-CARB-5812,0,1637,-83.0066130118966,41.45083113044549,dolomite
MAT-CARB-5812,0,1638,-83.0062002404187,41.45030570075304,dolomite
MAT-CARB-5812,0,1639,-83.0060269395021,41.45001835235296,dolomite
MAT-CARB-5812,0,1640,-83.00557784385853,41.4494652062175,dolomite
MAT-CARB-5812,0,1641,-83.00541801324258,41.44932668081916,dolomite
MAT-CARB-5812,0,1642,-83.0046679766384,41.44890420474267,dolomite
MAT-CARB-5812,0,1643,-83.00415750306249,41.44870881157662,dolomite
MAT-CARB-5812,0,1644,-83.0039166235066,41.448647012403455,dolomite
MAT-CARB-5812,0,1645,-83.00365346811785,41.44862916409844,dolomite
MAT-CARB-5812,0,1646,-83.0034339727945,41.4486390540974,dolomite
MAT-CARB-5812,0,1647,-83.00319952448969,41.44868746087822,dolomite
MAT-CARB-5812,0,1648,-83.00228705572033,41.447948003383694,dolomite
MAT-CARB-5812,0,1649,-83.00162313146913,41.447324262405544,dolomite
MAT-CARB-5812,0,1650,-83.00141889466944,41.44716847267458,dolomite
MAT-CARB-5812,0,1651,-83.00119170090935,41.44354478901899,dolomite
MAT-CARB-5812,0,1652,-83.0019147592962,41.44206811946182,dolomite
MAT-CARB-5812,0,1653,-83.0018630574269,41.43506841043254,dolomite
MAT-CARB-5812,0,1654,-83.00258328629609,41.43322331657905,dolomite
MAT-CARB-5812,0,1655,-83.00379407445546,41.431560367751075,dolomite
MAT-CARB-5812,0,1656,-83.00394576643251,41.41903342471305,dolomite
MAT-CARB-5812,0,1657,-83.00441440496311,41.41626828550235,dolomite
MAT-CARB-5812,0,1658,-83.00512888984785,41.41368631685392,dolomite
MAT-CARB-5812,0,1659,-83.00527618916081,41.40060659078681,dolomite
MAT-CARB-5812,0,1660,-83.00550973772538,41.399131880482095,dolomite
MAT-CARB-5812,0,1661,-83.00524470423706,41.39636978384329,dolomite
MAT-CARB-5812,0,1662,-83.00350609829115,41.39269282106433,dolomite
MAT-CARB-5812,0,1663,-83.00292858311302,41.38072120702989,dolomite
MAT-CARB-5812,0,1664,-83.00215451283394,41.37519793913941,dolomite
MAT-CARB-5812,0,1665,-83.00114160246096,41.37041252174778,dolomite
MAT-CARB-5812,0,1666,-83.00085848765721,41.366698276353354,dolomite
MAT-CARB-5812,0,1667,-83.00107433949744,41.3628287644788,dolomite
MAT-CARB-5812,0,1668,-83.00275218271088,41.35840047859202,dolomite
MAT-CARB-5812,0,1669,-83.00395341148848,41.35563213135092,dolomite
MAT-CARB-5812,0,1670,-83.00491844706663,41.35397006862873,dolomite
MAT-CARB-5812,0,1671,-83.00974560563107,41.34602812426795,dolomite
MAT-CARB-5812,0,1672,-83.0116667638894,41.34159861594743,dolomite
MAT-CARB-5812,0,1673,-83.01527658427285,41.334398459904556,dolomite
MAT-CARB-5812,0,1674,-83.0157594989696,41.333659480272836,dolomite
MAT-CARB-5812,0,1675,-83.01623545304338,41.33199940008079,dolomite
MAT-CARB-5812,0,1676,-83.01525008577251,41.33089831510115,dolomite
MAT-CARB-5812,0,1677,-83.0152417183257,41.329792995582515,dolomite
MAT-CARB-5812,0,1678,-83.01572460072558,41.32905401345713,dolomite
MAT-CARB-5812,0,1679,-83.01766590572005,41.327387631218905,dolomite
MAT-CARB-5812,0,1680,-83.0198485018409,41.325351714727915,dolomite
MAT-CARB-5812,0,1681,-83.02346226135093,41.31888808033574,dolomite
MAT-CARB-5812,0,1682,-83.02418351253328,41.31741113132986,dolomite
MAT-CARB-5812,0,1683,-83.02515316033474,41.316485743953756,dolomite
MAT-CARB-5812,0,1684,-83.02806344747188,41.31389378000331,dolomite
MAT-CARB-5812,0,1685,-83.03193726058097,41.30963940289107,dolomite
MAT-CARB-5812,0,1686,-83.03289663568123,41.30742441439267,dolomite
MAT-CARB-5812,0,1687,-83.03433700869302,41.30428611995267,dolomite
MAT-CARB-5812,0,1688,-83.03699065251617,41.30022124063872,dolomite
MAT-CARB-5812,0,1689,-83.03868064708487,41.297818678753266,dolomite
MAT-CARB-5812,0,1690,-83.04424689592759,41.291713928732946,dolomite
MAT-CARB-5812,0,1691,-83.04739357977843,41.28838343421855,dolomite
MAT-CARB-5812,0,1692,-83.0478698921369,41.286907424051435,dolomite
MAT-CARB-5812,0,1693,-83.04833583812392,41.28414182848329,dolomite
MAT-CARB-5812,0,1694,-83.04732695831649,41.280093344554714,dolomite
MAT-CARB-5812,0,1695,-83.04731511630158,41.27861955817632,dolomite
MAT-CARB-5812,0,1696,-83.04779580641342,41.27769619092843,dolomite
MAT-CARB-5812,0,1697,-83.04852202744242,41.27695592996281,dolomite
MAT-CARB-5812,0,1698,-83.04973634983146,41.27621345074424,dolomite
MAT-CARB-5812,0,1699,-83.05071548941756,41.27657739014448,dolomite
MAT-CARB-5812,0,1700,-83.05145508923894,41.277495154290435,dolomite
MAT-CARB-5812,0,1701,-83.05317692211922,41.27914531259287,dolomite
MAT-CARB-5812,0,1702,-83.05270077903837,41.280621352568375,dolomite
MAT-CARB-5812,0,1703,-83.05173794860129,41.282283866274135,dolomite
MAT-CARB-5812,0,1704,-83.05150431002819,41.28357457425719,dolomite
MAT-CARB-5812,0,1705,-83.05248659016773,41.284306976419735,dolomite
MAT-CARB-5812,0,1706,-83.05346589738528,41.28467091835194,dolomite
MAT-CARB-5812,0,1707,-83.05444217937426,41.28466640060091,dolomite
MAT-CARB-5812,0,1708,-83.055900624079,41.28392270515779,dolomite
MAT-CARB-5812,0,1709,-83.05710444246954,41.28189057188494,dolomite
MAT-CARB-5812,0,1710,-83.05876905649087,41.27654006450868,dolomite
MAT-CARB-5812,0,1711,-83.05896647951077,41.273195301753404,dolomite
MAT-CARB-5812,0,1712,-83.0604049278143,41.27005661217625,dolomite
MAT-CARB-5812,0,1713,-83.06111272234503,41.26710556060966,dolomite
MAT-CARB-5812,0,1714,-83.062801044784,41.26470259799535,dolomite
MAT-CARB-5812,0,1715,-83.06424829089273,41.2626691882791,dolomite
MAT-CARB-5812,0,1716,-83.06471031646565,41.259535047477364,dolomite
MAT-CARB-5812,0,1717,-83.06664384609577,41.257315067388646,dolomite
MAT-CARB-5812,0,1718,-83.06785604932675,41.256388163874846,dolomite
MAT-CARB-5812,0,1719,-83.0702896437695,41.25563964187715,dolomite
MAT-CARB-5812,0,1720,-83.07174729423289,41.25489573708463,dolomite
MAT-CARB-5812,0,1721,-83.07246836912373,41.253602655706764,dolomite
MAT-CARB-5812,0,1722,-83.07294854191618,41.252679170081336,dolomite
MAT-CARB-5812,0,1723,-83.0744092058594,41.252303691574205,dolomite
MAT-CARB-5812,0,1724,-83.07562277050388,41.251560936152266,dolomite
MAT-CARB-5812,0,1725,-83.07708027550434,41.250816964119934,dolomite
MAT-CARB-5812,0,1726,-83.0780436055198,41.249338410311765,dolomite
MAT-CARB-5812,0,1727,-83.07827975087795,41.24841610602445,dolomite
MAT-CARB-5812,0,1728,-83.07778402422298,41.24749730987329,dolomite
MAT-CARB-5812,0,1729,-83.07532439924346,41.24511409080339,dolomite
MAT-CARB-5812,0,1730,-83.07433312359173,41.243276494051266,dolomite
MAT-CARB-5812,0,1731,-83.07454755516144,41.23977494934799,dolomite
MAT-CARB-5812,0,1732,-83.07526375197371,41.23792911285204,dolomite
MAT-CARB-5812,0,1733,-83.0759721263355,41.235162134906616,dolomite
MAT-CARB-5812,0,1734,-83.0762035421854,41.23368712722457,dolomite
MAT-CARB-5812,0,1735,-83.07545164236035,41.231295650037126,dolomite
MAT-CARB-5812,0,1736,-83.07421981345934,41.22982764547016,dolomite
MAT-CARB-5812,0,1737,-83.07299423205983,41.229096587624696,dolomite
MAT-CARB-5812,0,1738,-83.07176709514232,41.228181256095034,dolomite
MAT-CARB-5812,0,1739,-83.0715155225818,41.22726125381393,dolomite
MAT-CARB-5812,0,1740,-83.07199552297621,41.226337781315586,dolomite
MAT-CARB-5812,0,1741,-83.07441713288885,41.22429952112711,dolomite
MAT-CARB-5812,0,1742,-83.07513783353288,41.223006394188566,dolomite
MAT-CARB-5812,0,1743,-83.0748722170997,41.22042831358287,dolomite
MAT-CARB-5812,0,1744,-83.07412051018906,41.218036804536474,dolomite
MAT-CARB-5812,0,1745,-83.07429918290576,41.21029780333876,dolomite
MAT-CARB-5812,0,1746,-83.07477281447966,41.208637363883255,dolomite
MAT-CARB-5812,0,1747,-83.07501041643134,41.20789924699176,dolomite
MAT-CARB-5812,0,1748,-83.07427125466639,41.206981608217106,dolomite
MAT-CARB-5812,0,1749,-83.07255537399243,41.20588437421687,dolomite
MAT-CARB-5812,0,1750,-83.07230229057384,41.2047801219841,dolomite
MAT-CARB-5812,0,1751,-83.07253990605632,41.20404203534276,dolomite
MAT-CARB-5812,0,1752,-83.07423246954023,41.202375719473885,dolomite
MAT-CARB-5812,0,1753,-83.07445915609851,41.20034796787161,dolomite
MAT-CARB-5812,0,1754,-83.07488150316006,41.19260772103817,dolomite
MAT-CARB-5812,0,1755,-83.07605043330575,41.18670627190221,dolomite
MAT-CARB-5812,0,1756,-83.07869857982728,41.1828243239781,dolomite
MAT-CARB-5812,0,1757,-83.08083694494886,41.1800256880531,dolomite
MAT-CARB-5812,0,1758,-83.08155391486994,41.17836397288699,dolomite
MAT-CARB-5812,0,1759,-83.08129925461331,41.17707550452112,dolomite
MAT-CARB-5812,0,1760,-83.08056190978547,41.1763420969258,dolomite
MAT-CARB-5812,0,1761,-83.08055563861343,41.17560513522981,dolomite
MAT-CARB-5812,0,1762,-83.08079459529536,41.17505125721145,dolomite
MAT-CARB-5812,0,1763,-83.08200832403325,41.17449260775077,dolomite
MAT-CARB-5812,0,1764,-83.08419988340522,41.174297666179925,dolomite
MAT-CARB-5812,0,1765,-83.08516984326846,41.1737401755254,dolomite
MAT-CARB-5812,0,1766,-83.0866271658128,41.17318028528557,dolomite
MAT-CARB-5812,0,1767,-83.08661290935562,41.17152214526949,dolomite
MAT-CARB-5812,0,1768,-83.0873074472356,41.167281034134476,dolomite
MAT-CARB-5812,0,1769,-83.0877789129264,41.16543624919983,dolomite
MAT-CARB-5812,0,1770,-83.08898283569552,41.16377210134423,dolomite
MAT-CARB-5812,0,1771,-83.0906787831927,41.16265823021898,dolomite
MAT-CARB-5812,0,1772,-83.09262308672493,41.162095852537576,dolomite
MAT-CARB-5812,0,1773,-83.09456257894011,41.160980743648395,dolomite
MAT-CARB-5812,0,1774,-83.0955274413132,41.15987043652857,dolomite
MAT-CARB-5812,0,1775,-83.09548564100183,41.155080181528994,dolomite
MAT-CARB-5812,0,1776,-83.09596001880399,41.15360380712482,dolomite
MAT-CARB-5812,0,1777,-83.09612474693797,41.14457475589933,dolomite
MAT-CARB-5812,0,1778,-83.09708294169894,41.14272744464457,dolomite
MAT-CARB-5812,0,1779,-83.09731362426743,41.14125229657269,dolomite
MAT-CARB-5812,0,1780,-83.0982733186959,41.1395892166011,dolomite
MAT-CARB-5812,0,1781,-83.10068133968701,41.13644487883108,dolomite
MAT-CARB-5812,0,1782,-83.10356967989088,41.132561014279055,dolomite
MAT-CARB-5812,0,1783,-83.10379692900206,41.13071735083653,dolomite
MAT-CARB-5812,0,1784,-83.10305496084483,41.12943131892215,dolomite
MAT-CARB-5812,0,1785,-83.10084868095916,41.1277841759476,dolomite
MAT-CARB-5812,0,1786,-83.09864896914102,41.126873949743775,dolomite
MAT-CARB-5812,0,1787,-83.09596388304593,41.126150360879755,dolomite
MAT-CARB-5812,0,1788,-83.09522532468509,41.125232797486774,dolomite
MAT-CARB-5812,0,1789,-83.09496899888029,41.123760034597304,dolomite
MAT-CARB-5812,0,1790,-83.09617522896804,41.122464259319926,dolomite
MAT-CARB-5812,0,1791,-83.09811511486397,41.121533281341414,dolomite
MAT-CARB-5812,0,1792,-83.10011471429696,41.12,dolomite
MAT-CARB-5812,0,1793,-83.14639182253454,41.12,dolomite
MAT-CARB-5812,0,1794,-83.1464111791029,41.12001924099598,dolomite
MAT-CARB-5812,0,1795,-83.14768624084455,41.12083429682885,dolomite
MAT-CARB-5812,0,1796,-83.14914232862031,41.12164835476277,dolomite
MAT-CARB-5812,0,1797,-83.1516768831436,41.121634549207826,dolomite
MAT-CARB-5812,0,1798,-83.15384674985211,41.12134871726618,dolomite
MAT-CARB-5812,0,1799,-83.15746619490821,41.12119183071243,dolomite
MAT-CARB-5812,0,1800,-83.15999543456451,41.12062990967586,dolomite
MAT-CARB-5812,0,1801,-83.1616194585488,41.120072926364095,dolomite
MAT-CARB-5812,0,1802,-83.1617333971517,41.12,dolomite
MAT-CARB-5812,0,1803,-83.17264731269098,41.12,dolomite
MAT-CARB-5812,0,1804,-83.17212487438599,41.12056225048579,dolomite
MAT-CARB-5812,1,0,-83.18606055234152,41.120072010797784,dolomite
MAT-CARB-5812,1,1,-83.18679296404976,41.12088976826494,dolomite
MAT-CARB-5812,1,2,-83.1877050451701,41.12156950083479,dolomite
MAT-CARB-5812,1,3,-83.18897782776703,41.12211013275373,dolomite
MAT-CARB-5812,1,4,-83.18988998321748,41.1227898478376,dolomite
MAT-CARB-5812,1,5,-83.19046079101781,41.12552647191096,dolomite
MAT-CARB-5812,1,6,-83.19082984030538,41.126209290063706,dolomite
MAT-CARB-5812,1,7,-83.19247180701267,41.12743275424961,dolomite
MAT-CARB-5812,1,8,-83.1933882057041,41.12852339794571,dolomite
MAT-CARB-5812,1,9,-83.19323493829764,41.13126417307493,dolomite
MAT-CARB-5812,1,10,-83.19234628887665,41.132913278589584,dolomite
MAT-CARB-5812,1,11,-83.1920036061833,41.13483318151422,dolomite
MAT-CARB-5812,1,12,-83.19167752365287,41.13839692851452,dolomite
MAT-CARB-5812,1,13,-83.1918697426675,41.13949176763057,dolomite
MAT-CARB-5812,1,14,-83.19225690486368,41.14195539366215,dolomite
MAT-CARB-5812,1,15,-83.19208415303149,41.14277835020033,dolomite
MAT-CARB-5812,1,16,-83.19101007393645,41.144017528272705,dolomite
MAT-CARB-5812,1,17,-83.19047508003219,41.14484257613772,dolomite
MAT-CARB-5812,1,18,-83.18957926735762,41.14580671504948,dolomite
MAT-CARB-5812,1,19,-83.18885899709827,41.14622184742603,dolomite
MAT-CARB-5812,1,20,-83.18632353731724,41.14623644192454,dolomite
MAT-CARB-5812,1,21,-83.18560186657704,41.146514552061504,dolomite
MAT-CARB-5812,1,22,-83.18487881580936,41.146655710174876,dolomite
MAT-CARB-5812,1,23,-83.18361795571293,41.147347901815614,dolomite
MAT-CARB-5812,1,24,-83.18271927278785,41.1480380102897,dolomite
MAT-CARB-5812,1,25,-83.18181920309523,41.14859110934131,dolomite
MAT-CARB-5812,1,26,-83.18055414227177,41.14887231591973,dolomite
MAT-CARB-5812,1,27,-83.1789295873176,41.14942951787346,dolomite
MAT-CARB-5812,1,28,-83.1760304391617,41.14930897703708,dolomite
MAT-CARB-5812,1,29,-83.17494102810737,41.149041144587535,dolomite
MAT-CARB-5812,1,30,-83.1731245100084,41.14850343633207,dolomite
MAT-CARB-5812,1,31,-83.17221895991707,41.148508535534134,dolomite
MAT-CARB-5812,1,32,-83.1705929997859,41.148928649298654,dolomite
MAT-CARB-5812,1,33,-83.16914681807923,41.14921075131267,dolomite
MAT-CARB-5812,1,34,-83.1671692866794,41.15072872821367,dolomite
MAT-CARB-5812,1,35,-83.16645284105519,41.15155467581356,dolomite
MAT-CARB-5812,1,36,-83.16537415179184,41.15238263664328,dolomite
MAT-CARB-5812,1,37,-83.16429410311832,41.15307361259635,dolomite
MAT-CARB-5812,1,38,-83.16357093854731,41.153214613636315,dolomite
MAT-CARB-5812,1,39,-83.16302622536607,41.15308065594175,dolomite
MAT-CARB-5812,1,40,-83.16266000513617,41.15267171423949,dolomite
MAT-CARB-5812,1,41,-83.16192222720767,41.15130587314257,dolomite
MAT-CARB-5812,1,42,-83.16190894199804,41.14993601421864,dolomite
MAT-CARB-5812,1,43,-83.16244565081792,41.149248099830906,dolomite
MAT-CARB-5812,1,44,-83.16298497330051,41.14883410565285,dolomite
MAT-CARB-5812,1,45,-83.16442587486978,41.14800415003813,dolomite
MAT-CARB-5812,1,46,-83.16605452452438,41.14785809768483,dolomite
MAT-CARB-5812,1,47,-83.1669547120161,41.14730508969652,dolomite
MAT-CARB-5812,1,48,-83.16785220441594,41.14647812421385,dolomite
MAT-CARB-5812,1,49,-83.16802659834099,41.14579218025965,dolomite
MAT-CARB-5812,1,50,-83.16819834322243,41.144832284704165,dolomite
MAT-CARB-5812,1,51,-83.16764832810314,41.144150390584635,dolomite
MAT-CARB-5812,1,52,-83.1665563931044,41.143608501988055,dolomite
MAT-CARB-5812,1,53,-83.16583066120901,41.143475566553036,dolomite
MAT-CARB-5812,1,54,-83.16492250839065,41.143206631851164,dolomite
MAT-CARB-5812,1,55,-83.16437253909456,41.14252472185598,dolomite
MAT-CARB-5812,1,56,-83.16435387366289,41.14060692377231,dolomite
MAT-CARB-5812,1,57,-83.16471203574572,41.140193953729465,dolomite
MAT-CARB-5812,1,58,-83.16468935992681,41.13786519671964,dolomite
MAT-CARB-5812,1,59,-83.16432187810555,41.13731925204067,dolomite
MAT-CARB-5812,1,60,-83.16431121360462,41.13622335974803,dolomite
MAT-CARB-5812,1,61,-83.1648517924481,41.13594635685563,dolomite
MAT-CARB-5812,1,62,-83.16502752424367,41.135397415937675,dolomite
MAT-CARB-5812,1,63,-83.16537230339185,41.13361456782192,dolomite
MAT-CARB-5812,1,64,-83.16608322756925,41.13224065466773,dolomite
MAT-CARB-5812,1,65,-83.17058302555546,41.129475594924855,dolomite
MAT-CARB-5812,1,66,-83.1732840584626,41.12795345771691,dolomite
MAT-CARB-5812,1,67,-83.17490408588753,41.126985337946145,dolomite
MAT-CARB-5812,1,68,-83.17543909173803,41.12616034953889,dolomite
MAT-CARB-5812,1,69,-83.1754350262841,41.12574939057208,dolomite
MAT-CARB-5812,1,70,-83.17451895161211,41.1246586069855,dolomite
MAT-CARB-5812,1,71,-83.17451218517155,41.12397366538109,dolomite
MAT-CARB-5812,1,72,-83.17486888097014,41.1234236823647,dolomite
MAT-CARB-5812,1,73,-83.17486481911105,41.12301272258094,dolomite
MAT-CARB-5812,1,74,-83.17395284654395,41.12233289263665,dolomite
MAT-CARB-5812,1,75,-83.17412306022649,41.12123596765667,dolomite
MAT-CARB-5812,1,76,-83.1746593838576,41.120547957104236,dolomite
MAT-CARB-5812,1,77,-83.17547459338897,41.12,dolomite
MAT-CARB-5812,1,78,-83.17848419588648,41.12,dolomite
MAT-CARB-5812,1,79,-83.17848790360623,41.120373146644944,dolomite
MAT-CARB-5812,1,80,-83.17898408801422,41.12094394740014,dolomite
MAT-CARB-5812,1,81,-83.18072978690032,41.12160881115482,dolomite
MAT-CARB-5812,1,82,-83.18139828668224,41.1215712800543,dolomite
MAT-CARB-5812,1,83,-83.18188810202237,41.12150099265594,dolomite
MAT-CARB-5812,1,84,-83.18250729184103,41.12099132527853,dolomite
MAT-CARB-5812,1,85,-83.18250054709159,41.12031653290628,dolomite
MAT-CARB-5812,1,86,-83.18208675099713,41.12,dolomite
MAT-CARB-5812,1,87,-83.18606933802944,41.12,dolomite
MAT-CARB-5812,1,88,-83.18606055234152,41.120072010797784,dolomite
MAT-CARB-5812,2,0,-83.4078982933867,41.12053285554451,dolomite
MAT-CARB-5812,2,1,-83.40717601574369,41.12067536111597,dolomite
MAT-CARB-5812,2,2,-83.40518644912949,41.120827448645926,dolomite
MAT-CARB-5812,2,3,-83.40500542384896,41.12082882082661,dolomite
MAT-CARB-5812,2,4,-83.40430548988698,41.12,dolomite
MAT-CARB-5812,2,5,-83.40858847730597,41.12,dolomite
MAT-CARB-5812,2,6,-83.4078982933867,41.12053285554451,dolomite
MAT-CARB-5812,3,0,-83.49029500441726,41.121795906359324,dolomite
MAT-CARB-5812,3,1,-83.4901278832995,41.122756301788286,dolomite
MAT-CARB-5812,3,2,-83.48887052989667,41.12345172350261,dolomite
MAT-CARB-5812,3,3,-83.48743215481149,41.12414862847081,dolomite
MAT-CARB-5812,3,4,-83.48471652349491,41.124171053776074,dolomite
MAT-CARB-5812,3,5,-83.48398844513966,41.12390304955012,dolomite
MAT-CARB-5812,3,6,-83.482528290918,41.123093081894176,dolomite
MAT-CARB-5812,3,7,-83.48106423477935,41.122009121896546,dolomite
MAT-CARB-5812,3,8,-83.47924210631885,41.121202087119116,dolomite
MAT-CARB-5812,3,9,-83.47815003417253,41.1208000147658,dolomite
MAT-CARB-5812,3,10,-83.47561950769784,41.121094724224584,dolomite
MAT-CARB-5812,3,11,-83.47346077486945,41.12207135109796,dolomite
MAT-CARB-5812,3,12,-83.47021965785234,41.123330715646766,dolomite
MAT-CARB-5812,3,13,-83.46733082209883,41.12390216426159,dolomite
MAT-CARB-5812,3,14,-83.4635289641216,41.123932902250104,dolomite
MAT-CARB-5812,3,15,-83.45067701439778,41.12417290254812,dolomite
MAT-CARB-5812,3,16,-83.44414626400624,41.12326571456607,dolomite
MAT-CARB-5812,3,17,-83.43868874932518,41.12139076155602,dolomite
MAT-CARB-5812,3,18,-83.43541512045323,41.12032045863116,dolomite
MAT-CARB-5812,3,19,-83.4342791021066,41.12,dolomite
MAT-CARB-5812,3,20,-83.49056527324552,41.12,dolomite
MAT-CARB-5812,3,21,-83.49029500441726,41.121795906359324,dolomite
MAT-CARB-5812,4,0,-83.73842272115272,41.12140847610964,dolomite
MAT-CARB-5812,4,1,-83.7382293479372,41.12417437311604,dolomite
MAT-CARB-5812,4,2,-83.73682524570712,41.127321291632065,dolomite
MAT-CARB-5812,4,3,-83.73468719761992,41.13029153580483,dolomite
MAT-CARB-5812,4,4,-83.73255894154029,41.133814378619405,dolomite
MAT-CARB-5812,4,5,-83.72997328949398,41.139000225936925,dolomite
MAT-CARB-5812,4,6,-83.72786771658366,41.14381252886194,dolomite
MAT-CARB-5812,4,7,-83.72431039942478,41.14919240270002,dolomite
MAT-CARB-5812,4,8,-83.72122647450544,41.15383033215574,dolomite
MAT-CARB-5812,4,9,-83.71740152017856,41.157922925582746,dolomite
MAT-CARB-5812,4,10,-83.71405346710277,41.161457801340624,dolomite
MAT-CARB-5812,4,11,-83.71263766159348,41.1640517189066,dolomite
MAT-CARB-5812,4,12,-83.71123482907,41.167382475384585,dolomite
MAT-CARB-5812,4,13,-83.7099658057144,41.17826611201712,dolomite
MAT-CARB-5812,4,14,-83.70925439838591,41.17937879255331,dolomite
MAT-CARB-5812,4,15,-83.70733762527776,41.18124069092077,dolomite
MAT-CARB-5812,4,16,-83.70251277594684,41.18405306538451,dolomite
MAT-CARB-5812,4,17,-83.69720335484368,41.18705434896875,dolomite
MAT-CARB-5812,4,18,-83.69455492141427,41.18892332522347,dolomite
MAT-CARB-5812,4,19,-83.69215651851077,41.191158234468375,dolomite
MAT-CARB-5812,4,20,-83.69098940776576,41.19411783281823,dolomite
MAT-CARB-5812,4,21,-83.69104719128974,41.196904633995025,dolomite
MAT-CARB-5812,4,22,-83.692307702655,41.19928727637526,dolomite
MAT-CARB-5812,4,23,-83.69454332892911,41.20166016286341,dolomite
MAT-CARB-5812,4,24,-83.6962948487486,41.204222106653965,dolomite
MAT-CARB-5812,4,25,-83.69855667861954,41.208068617969886,dolomite
MAT-CARB-5812,4,26,-83.70032144864066,41.2113673293598,dolomite
MAT-CARB-5812,4,27,-83.71013314294632,41.22840314355884,dolomite
MAT-CARB-5812,4,28,-83.71616947833498,41.23865948777634,dolomite
MAT-CARB-5812,4,29,-83.71767888262279,41.24122352734458,dolomite
MAT-CARB-5812,4,30,-83.71943884447165,41.24415346649544,dolomite
MAT-CARB-5812,4,31,-83.72120225835809,41.24726756363852,dolomite
MAT-CARB-5812,4,32,-83.72221757904194,41.24946810084069,dolomite
MAT-CARB-5812,4,33,-83.72186184184969,41.25684132014812,dolomite
MAT-CARB-5812,4,34,-83.72116631610741,41.25887506035994,dolomite
MAT-CARB-5812,4,35,-83.7209949961662,41.26293005119768,dolomite
MAT-CARB-5812,4,36,-83.72056974782095,41.26643492815791,dolomite
MAT-CARB-5812,4,37,-83.71989387630096,41.26957385232,dolomite
MAT-CARB-5812,4,38,-83.71848922567517,41.27290443439661,dolomite
MAT-CARB-5812,4,39,-83.71610834722664,41.27624494075028,dolomite
MAT-CARB-5812,4,40,-83.71397128777262,41.27958288886242,dolomite
MAT-CARB-5812,4,41,-83.71156705299641,41.28163382367664,dolomite
MAT-CARB-5812,4,42,-83.70821261636426,41.28516821249314,dolomite
MAT-CARB-5812,4,43,-83.7050921027584,41.288147431400006,dolomite
MAT-CARB-5812,4,44,-83.70269380473532,41.29056659897817,dolomite
MAT-CARB-5812,4,45,-83.70102339616722,41.29262838616605,dolomite
MAT-CARB-5812,4,46,-83.69864100734421,41.295968467209136,dolomite
MAT-CARB-5812,4,47,-83.69818523080905,41.29781538585531,dolomite
MAT-CARB-5812,4,48,-83.69827274966036,41.30278877990898,dolomite
MAT-CARB-5812,4,49,-83.69928163140285,41.30462099896244,dolomite
MAT-CARB-5812,4,50,-83.70103597798406,41.30718267554795,dolomite
MAT-CARB-5812,4,51,-83.70278391138258,41.30937590271716,dolomite
MAT-CARB-5812,4,52,-83.70304434607081,41.31029444261957,dolomite
MAT-CARB-5812,4,53,-83.70455154847417,41.31267430015194,dolomite
MAT-CARB-5812,4,54,-83.70705506504837,41.31614949173099,dolomite
MAT-CARB-5812,4,55,-83.70908687526216,41.32055053677899,dolomite
MAT-CARB-5812,4,56,-83.70956670138702,41.333810196509,dolomite
MAT-CARB-5812,4,57,-83.70884711819802,41.33455436064799,dolomite
MAT-CARB-5812,4,58,-83.70862253169686,41.33566200430527,dolomite
MAT-CARB-5812,4,59,-83.7076652358033,41.33677703496789,dolomite
MAT-CARB-5812,4,60,-83.70526527913685,41.339196164050485,dolomite
MAT-CARB-5812,4,61,-83.70218369010165,41.34267985523089,dolomite
MAT-CARB-5812,4,62,-83.70049088710152,41.34550779088427,dolomite
MAT-CARB-5812,4,63,-83.69908683154945,41.34964871410512,dolomite
MAT-CARB-5812,4,64,-83.69868189590035,41.35277476760994,dolomite
MAT-CARB-5812,4,65,-83.6992168236246,41.35638988275209,dolomite
MAT-CARB-5812,4,66,-83.70156521067709,41.36484067035572,dolomite
MAT-CARB-5812,4,67,-83.7027184355422,41.37477714118336,dolomite
MAT-CARB-5812,4,68,-83.70455297824927,41.38175914062291,dolomite
MAT-CARB-5812,4,69,-83.70709173300402,41.387076019483935,dolomite
MAT-CARB-5812,4,70,-83.7078602371362,41.38905164411239,dolomite
MAT-CARB-5812,4,71,-83.70743352314868,41.392556132788854,dolomite
MAT-CARB-5812,4,72,-83.7063191747672,41.39864658039519,dolomite
MAT-CARB-5812,4,73,-83.70398225939839,41.40474926617367,dolomite
MAT-CARB-5812,4,74,-83.69952444880836,41.41167368030934,dolomite
MAT-CARB-5812,4,75,-83.69950164260354,41.41159337062801,dolomite
MAT-CARB-5812,4,76,-83.69574897486073,41.39713662910062,dolomite
MAT-CARB-5812,4,77,-83.6950815855238,41.39534646832201,dolomite
MAT-CARB-5812,4,78,-83.69407110246175,41.39212225292287,dolomite
MAT-CARB-5812,4,79,-83.685668459296,41.37519564123732,dolomite
MAT-CARB-5812,4,80,-83.67897278185275,41.36483998598117,dolomite
MAT-CARB-5812,4,81,-83.66724559732253,41.345536577104134,dolomite
MAT-CARB-5812,4,82,-83.6597289393878,41.33327096847143,dolomite
MAT-CARB-5812,4,83,-83.65792706768225,41.330053976203324,dolomite
MAT-CARB-5812,4,84,-83.65498738081146,41.32529062268448,dolomite
MAT-CARB-5812,4,85,-83.6540455371322,41.32230513294298,dolomite
MAT-CARB-5812,4,86,-83.6531413049301,41.31943851850778,dolomite
MAT-CARB-5812,4,87,-83.65143198468931,41.312267301165534,dolomite
MAT-CARB-5812,4,88,-83.65090914547915,41.309517029615854,dolomite
MAT-CARB-5812,4,89,-83.6508837065175,41.302844534490646,dolomite
MAT-CARB-5812,4,90,-83.65086290262751,41.297388686418806,dolomite
MAT-CARB-5812,4,91,-83.6511621209683,41.296307650285854,dolomite
MAT-CARB-5812,4,92,-83.65081800195286,41.27594542597028,dolomite
MAT-CARB-5812,4,93,-83.65064921426693,41.27534805857749,dolomite
MAT-CARB-5812,4,94,-83.64985480469063,41.26589161885286,dolomite
MAT-CARB-5812,4,95,-83.64968200755534,41.26505467549684,dolomite
MAT-CARB-5812,4,96,-83.64967288680023,41.25511142160327,dolomite
MAT-CARB-5812,4,97,-83.64957300822265,41.24900810999957,dolomite
MAT-CARB-5812,4,98,-83.64951367957684,41.24538108286919,dolomite
MAT-CARB-5812,4,99,-83.64934699876049,41.24490345935127,dolomite
MAT-CARB-5812,4,100,-83.6482642219406,41.23712678480465,dolomite
MAT-CARB-5812,4,101,-83.64788850292142,41.235597234336446,dolomite
MAT-CARB-5812,4,102,-83.64741284012146,41.23366071372295,dolomite
MAT-CARB-5812,4,103,-83.64638078465485,41.22887853170315,dolomite
MAT-CARB-5812,4,104,-83.6461114555439,41.22229197810442,dolomite
MAT-CARB-5812,4,105,-83.64600674940534,41.21606321365202,dolomite
MAT-CARB-5812,4,106,-83.64842685334656,41.210088032551624,dolomite
MAT-CARB-5812,4,107,-83.64844241026682,41.210049665947764,dolomite
MAT-CARB-5812,4,108,-83.65689846517765,41.196389960692635,dolomite
MAT-CARB-5812,4,109,-83.66324931202655,41.18770230824044,dolomite
MAT-CARB-5812,4,110,-83.66789259355963,41.18118748602185,dolomite
MAT-CARB-5812,4,111,-83.67081885424268,41.17624676239793,dolomite
MAT-CARB-5812,4,112,-83.67125418427148,41.17424510462223,dolomite
MAT-CARB-5812,4,113,-83.6719937972072,41.17084390962305,dolomite
MAT-CARB-5812,4,114,-83.67271798220698,41.1668831281955,dolomite
MAT-CARB-5812,4,115,-83.67244429743216,41.1601765417524,dolomite
MAT-CARB-5812,4,116,-83.67224062489213,41.15754276458544,dolomite
MAT-CARB-5812,4,117,-83.67205342632447,41.15586728188341,dolomite
MAT-CARB-5812,4,118,-83.67136842064386,41.152878745228875,dolomite
MAT-CARB-5812,4,119,-83.6692995090683,41.14307464154,dolomite
MAT-CARB-5812,4,120,-83.66839678275247,41.136602695098574,dolomite
MAT-CARB-5812,4,121,-83.66822818576685,41.136005291356305,dolomite
MAT-CARB-5812,4,122,-83.66834962709257,41.13384752138402,dolomite
MAT-CARB-5812,4,123,-83.6674825210187,41.13027371738442,dolomite
MAT-CARB-5812,4,124,-83.66698665790605,41.12822971822741,dolomite
MAT-CARB-5812,4,125,-83.66513053591562,41.12153839201787,dolomite
MAT-CARB-5812,4,126,-83.66510428521178,41.12,dolomite
MAT-CARB-5812,4,127,-83.73783636315272,41.12,dolomite
MAT-CARB-5812,4,128,-83.73842272115272,41.12140847610964,dolomite
MAT-CARB-24,0,0,-83.94835104378105,41.261750901166394,dolomite
MAT-CARB-24,0,1,-83.94601716287963,41.26273648598847,dolomite
MAT-CARB-24,0,2,-83.94168829321214,41.26360933828717,dolomite
MAT-CARB-24,0,3,-83.93735350620797,41.26420854569051,dolomite
MAT-CARB-24,0,4,-83.93229717714324,41.264952998285615,dolomite
MAT-CARB-24,0,5,-83.92254633134024,41.26643698429115,dolomite
MAT-CARB-24,0,6,-83.91966007306297,41.26701831734996,dolomite
MAT-CARB-24,0,7,-83.91531635360364,41.26720653354128,dolomite
MAT-CARB-24,0,8,-83.91080286202487,41.267943649539546,dolomite
MAT-CARB-24,0,9,-83.90393485732066,41.26870823906147,dolomite
MAT-CARB-24,0,10,-83.89797221018189,41.26946188704619,dolomite
MAT-CARB-24,0,11,-83.88768500106953,41.27135953751857,dolomite
MAT-CARB-24,0,12,-83.87930018411438,41.27312664805286,dolomite
MAT-CARB-24,0,13,-83.87352907176415,41.274423910616235,dolomite
MAT-CARB-24,0,14,-83.8621754919299,41.27742570109379,dolomite
MAT-CARB-24,0,15,-83.8562388819515,41.2795445708335,dolomite
MAT-CARB-24,0,16,-83.85227819750936,41.280820236528974,dolomite
MAT-CARB-24,0,17,-83.84796051002012,41.28237333876591,dolomite
MAT-CARB-24,0,18,-83.84562717278813,41.28349368028255,dolomite
MAT-CARB-24,0,19,-83.84346146823641,41.28392828935954,dolomite
MAT-CARB-24,0,20,-83.84256376965703,41.284348643625314,dolomite
MAT-CARB-24,0,21,-83.84222035286373,41.28530984710127,dolomite
MAT-CARB-24,0,22,-83.84296922417542,41.28653229301804,dolomite
MAT-CARB-24,0,23,-83.84356666427401,41.28926082422454,dolomite
MAT-CARB-24,0,24,-83.84429940897117,41.289662878784284,dolomite
MAT-CARB-24,0,25,-83.84739819737842,41.29058538991414,dolomite
MAT-CARB-24,0,26,-83.85267115382696,41.291483247179706,dolomite
MAT-CARB-24,0,27,-83.85575924941553,41.29185859529371,dolomite
MAT-CARB-24,0,28,-83.85685717560871,41.292393197389686,dolomite
MAT-CARB-24,0,29,-83.85741161479653,41.29293398039574,dolomite
MAT-CARB-24,0,30,-83.85726849149576,41.2938088378459,dolomite
MAT-CARB-24,0,31,-83.85627933071156,41.294784281594374,dolomite
MAT-CARB-24,0,32,-83.85546493246798,41.295280957332324,dolomite
MAT-CARB-24,0,33,-83.85474838309615,41.295699374848425,dolomite
MAT-CARB-24,0,34,-83.84786338280801,41.295777085924364,dolomite
MAT-CARB-24,0,35,-83.84533762427144,41.29635253321692,dolomite
MAT-CARB-24,0,36,-83.84425048491882,41.296364744514555,dolomite
MAT-CARB-24,0,37,-83.84244944009693,41.296931990858035,dolomite
MAT-CARB-24,0,38,-83.84137575809261,41.29762782188488,dolomite
MAT-CARB-24,0,39,-83.83943111547514,41.30011128561412,dolomite
MAT-CARB-24,0,40,-83.83818421207634,41.30121929983856,dolomite
MAT-CARB-24,0,41,-83.83621251726186,41.30233541783197,dolomite
MAT-CARB-24,0,42,-83.8333293203191,41.30318811064849,dolomite
MAT-CARB-24,0,43,-83.83260987511866,41.303469636987714,dolomite
MAT-CARB-24,0,44,-83.8315467222805,41.3047123179813,dolomite
MAT-CARB-24,0,45,-83.83139224659273,41.3060816186774,dolomite
MAT-CARB-24,0,46,-83.8306807433933,41.30677331854134,dolomite
MAT-CARB-24,0,47,-83.82889528701459,41.30816075433673,dolomite
MAT-CARB-24,0,48,-83.82736296001612,41.31323783769225,dolomite
MAT-CARB-24,0,49,-83.82635816591582,41.317488469317176,dolomite
MAT-CARB-24,0,50,-83.82607557882132,41.321594354236034,dolomite
MAT-CARB-24,0,51,-83.82434550502762,41.325852966801456,dolomite
MAT-CARB-24,0,52,-83.82292993724961,41.32764646348912,dolomite
MAT-CARB-24,0,53,-83.82154615338418,41.33108065500784,dolomite
MAT-CARB-24,0,54,-83.82017814435801,41.33533520308267,dolomite
MAT-CARB-24,0,55,-83.81988185016294,41.33875736299086,dolomite
MAT-CARB-24,0,56,-83.82102212282845,41.34081918288852,dolomite
MAT-CARB-24,0,57,-83.82248850113582,41.34162353104901,dolomite
MAT-CARB-24,0,58,-83.82431754096068,41.342423880419496,dolomite
MAT-CARB-24,0,59,-83.82596797233874,41.34336290542091,dolomite
MAT-CARB-24,0,60,-83.8274558030471,41.345261014932994,dolomite
MAT-CARB-24,0,61,-83.82784245755295,41.34648751594551,dolomite
MAT-CARB-24,0,62,-83.82778119785584,41.35264215938528,dolomite
MAT-CARB-24,0,63,-83.8287332934344,41.35495643613362,dolomite
MAT-CARB-24,0,64,-83.82923486020596,41.362062092423194,dolomite
MAT-CARB-24,0,65,-83.82872551804577,41.36384551837915,dolomite
MAT-CARB-24,0,66,-83.82801872263703,41.364810643576625,dolomite
MAT-CARB-24,0,67,-83.82605830785596,41.366610123339136,dolomite
MAT-CARB-24,0,68,-83.82408718027999,41.36786270721115,dolomite
MAT-CARB-24,0,69,-83.82121964485292,41.36967214635177,dolomite
MAT-CARB-24,0,70,-83.81872007595449,41.37175093941489,dolomite
MAT-CARB-24,0,71,-83.81514783447868,41.37466198028388,dolomite
MAT-CARB-24,0,72,-83.81212214718094,41.37770370106773,dolomite
MAT-CARB-24,0,73,-83.80928550116191,41.38115349263121,dolomite
MAT-CARB-24,0,74,-83.80664575591742,41.38542155434813,dolomite
MAT-CARB-24,0,75,-83.804707791513,41.38845116611689,dolomite
MAT-CARB-24,0,76,-83.80330350564438,41.39092794344534,dolomite
MAT-CARB-24,0,77,-83.80278799202976,41.39243780655102,dolomite
MAT-CARB-24,0,78,-83.80088631549435,41.39738143961349,dolomite
MAT-CARB-24,0,79,-83.80002607060084,41.399852254328714,dolomite
MAT-CARB-24,0,80,-83.7992102173102,41.40464727725702,dolomite
MAT-CARB-24,0,81,-83.79914892657371,41.41093836885437,dolomite
MAT-CARB-24,0,82,-83.7989329420133,41.415605407571356,dolomite
MAT-CARB-24,0,83,-83.79845109818338,41.41889254622831,dolomite
MAT-CARB-24,0,84,-83.79671681709158,41.42315043361958,dolomite
MAT-CARB-24,0,85,-83.79408246226066,41.42782825197492,dolomite
MAT-CARB-24,0,86,-83.79304007253816,41.43030091414709,dolomite
MAT-CARB-24,0,87,-83.79146333504443,41.43332628936125,dolomite
MAT-CARB-24,0,88,-83.7898605041178,41.43498448170409,dolomite
MAT-CARB-24,0,89,-83.78701256787971,41.43802344296245,dolomite
MAT-CARB-24,0,90,-83.78629146691101,41.438304661558966,dolomite
MAT-CARB-24,0,91,-83.78485962486346,41.43941394597988,dolomite
MAT-CARB-24,0,92,-83.78401122074715,41.44256816387805,dolomite
MAT-CARB-24,0,93,-83.78347422413742,41.442984136163965,dolomite
MAT-CARB-24,0,94,-83.78239766706845,41.443679357971234,dolomite
MAT-CARB-24,0,95,-83.78148974413287,41.443689057373085,dolomite
MAT-CARB-24,0,96,-83.77916010534544,41.44535484706641,dolomite
MAT-CARB-24,0,97,-83.77774085479969,41.44714761260316,dolomite
MAT-CARB-24,0,98,-83.77579727331238,41.450039893048405,dolomite
MAT-CARB-24,0,99,-83.77348774425096,41.452799276003816,dolomite
MAT-CARB-24,0,100,-83.77008325156051,41.455296717003584,dolomite
MAT-CARB-24,0,101,-83.76757131452148,41.45696418781545,dolomite
MAT-CARB-24,0,102,-83.76559899756535,41.458352405652356,dolomite
MAT-CARB-24,0,103,-83.76491072636195,41.46041079177134,dolomite
MAT-CARB-24,0,104,-83.76492091047304,41.46095764473052,dolomite
MAT-CARB-24,0,105,-83.76564994643398,41.461086699720134,dolomite
MAT-CARB-24,0,106,-83.76765551130391,41.46147575564122,dolomite
MAT-CARB-24,0,107,-83.7687529318408,41.461874408253934,dolomite
MAT-CARB-24,0,108,-83.76912897175968,41.462554132820024,dolomite
MAT-CARB-24,0,109,-83.76897543331513,41.464059894620135,dolomite
MAT-CARB-24,0,110,-83.76844076495549,41.46461253213166,dolomite
MAT-CARB-24,0,111,-83.76753766312993,41.4648955512364,dolomite
MAT-CARB-24,0,112,-83.76555237757614,41.46560019634689,dolomite
MAT-CARB-24,0,113,-83.76502530808861,41.46656292830791,dolomite
MAT-CARB-24,0,114,-83.7648614853333,41.46752185756552,dolomite
MAT-CARB-24,0,115,-83.76432926439921,41.468211160571485,dolomite
MAT-CARB-24,0,116,-83.76288880639979,41.468910018924745,dolomite
MAT-CARB-24,0,117,-83.76144577937902,41.469472147269755,dolomite
MAT-CARB-24,0,118,-83.76001033849165,41.47044442226951,dolomite
MAT-CARB-24,0,119,-83.75785834722635,41.47197111625927,dolomite
MAT-CARB-24,0,120,-83.75680131013699,41.473759815377164,dolomite
MAT-CARB-24,0,121,-83.75612775308379,41.47663839566583,dolomite
MAT-CARB-24,0,122,-83.75605991302646,41.48279235931179,dolomite
MAT-CARB-24,0,123,-83.75613326010352,41.48675702536648,dolomite
MAT-CARB-24,0,124,-83.7547638167558,41.490917523729266,dolomite
MAT-CARB-24,0,125,-83.75317639516771,41.493532116882314,dolomite
MAT-CARB-24,0,126,-83.75270944255927,41.49777582880368,dolomite
MAT-CARB-24,0,127,-83.75339599065346,41.50542592114748,dolomite
MAT-CARB-24,0,128,-83.75440576937405,41.51088481516156,dolomite
MAT-CARB-24,0,129,-83.75433521211652,41.51690189666019,dolomite
MAT-CARB-24,0,130,-83.75296930525606,41.52170186782665,dolomite
MAT-CARB-24,0,131,-83.75172452207535,41.523218931675316,dolomite
MAT-CARB-24,0,132,-83.75047212473304,41.52432583424174,dolomite
MAT-CARB-24,0,133,-83.74774517770778,41.52435418455208,dolomite
MAT-CARB-24,0,134,-83.74681858681953,41.52340667567185,dolomite
MAT-CARB-24,0,135,-83.74625062905386,41.52218194675396,dolomite
MAT-CARB-24,0,136,-83.74513978710704,41.52109960200194,dolomite
MAT-CARB-24,0,137,-83.74403402946056,41.520290659588326,dolomite
MAT-CARB-24,0,138,-83.74036080537229,41.518277617076215,dolomite
MAT-CARB-24,0,139,-83.73718887656632,41.51679358770546,dolomite
MAT-CARB-24,0,140,-83.7372798312587,41.51560717240948,dolomite
MAT-CARB-24,0,141,-83.73714437966885,41.49943860023755,dolomite
MAT-CARB-24,0,142,-83.73645958741508,41.496810515204444,dolomite
MAT-CARB-24,0,143,-83.73464974135386,41.493595126087726,dolomite
MAT-CARB-24,0,144,-83.7331801595654,41.49157397275951,dolomite
MAT-CARB-24,0,145,-83.72857373829747,41.4833564172444,dolomite
MAT-CARB-24,0,146,-83.72480730560663,41.4775256548316,dolomite
MAT-CARB-24,0,147,-83.71957281724062,41.46967341767816,dolomite
MAT-CARB-24,0,148,-83.71939649284296,41.46871697187402,dolomite
MAT-CARB-24,0,149,-83.71417853311279,41.45976601449188,dolomite
MAT-CARB-24,0,150,-83.71416068603702,41.45971410523972,dolomite
MAT-CARB-24,0,151,-83.71233225435783,41.45439448454615,dolomite
MAT-CARB-24,0,152,-83.71082358973614,41.45009753914367,dolomite
MAT-CARB-24,0,153,-83.70575579173627,41.4334986460119,dolomite
MAT-CARB-24,0,154,-83.70558612990177,41.432901429704046,dolomite
MAT-CARB-24,0,155,-83.70372216794597,41.42645178460284,dolomite
MAT-CARB-24,0,156,-83.69952444880836,41.41167368030934,dolomite
MAT-CARB-24,0,157,-83.70398225939839,41.40474926617367,dolomite
MAT-CARB-24,0,158,-83.7063191747672,41.39864658039519,dolomite
MAT-CARB-24,0,159,-83.70743352314868,41.392556132788854,dolomite
MAT-CARB-24,0,160,-83.7078602371362,41.38905164411239,dolomite
MAT-CARB-24,0,161,-83.70709173300402,41.387076019483935,dolomite
MAT-CARB-24,0,162,-83.70455297824927,41.38175914062291,dolomite
MAT-CARB-24,0,163,-83.7027184355422,41.37477714118336,dolomite
MAT-CARB-24,0,164,-83.70156521067709,41.36484067035572,dolomite
MAT-CARB-24,0,165,-83.6992168236246,41.35638988275209,dolomite
MAT-CARB-24,0,166,-83.69868189590035,41.35277476760994,dolomite
MAT-CARB-24,0,167,-83.69908683154945,41.34964871410512,dolomite
MAT-CARB-24,0,168,-83.70049088710152,41.34550779088427,dolomite
MAT-CARB-24,0,169,-83.70218369010165,41.34267985523089,dolomite
MAT-CARB-24,0,170,-83.70526527913685,41.339196164050485,dolomite
MAT-CARB-24,0,171,-83.7076652358033,41.33677703496789,dolomite
MAT-CARB-24,0,172,-83.70862253169686,41.33566200430527,dolomite
MAT-CARB-24,0,173,-83.70884711819802,41.33455436064799,dolomite
MAT-CARB-24,0,174,-83.70956670138702,41.333810196509,dolomite
MAT-CARB-24,0,175,-83.70908687526216,41.32055053677899,dolomite
MAT-CARB-24,0,176,-83.70705506504837,41.31614949173099,dolomite
MAT-CARB-24,0,177,-83.70455154847417,41.31267430015194,dolomite
MAT-CARB-24,0,178,-83.70304434607081,41.31029444261957,dolomite
MAT-CARB-24,0,179,-83.70278391138258,41.30937590271716,dolomite
MAT-CARB-24,0,180,-83.70103597798406,41.30718267554795,dolomite
MAT-CARB-24,0,181,-83.69928163140285,41.30462099896244,dolomite
MAT-CARB-24,0,182,-83.69827274966036,41.30278877990898,dolomite
MAT-CARB-24,0,183,-83.69818523080905,41.29781538585531,dolomite
MAT-CARB-24,0,184,-83.69864100734421,41.295968467209136,dolomite
MAT-CARB-24,0,185,-83.70102339616722,41.29262838616605,dolomite
MAT-CARB-24,0,186,-83.70269380473532,41.29056659897817,dolomite
MAT-CARB-24,0,187,-83.7050921027584,41.288147431400006,dolomite
MAT-CARB-24,0,188,-83.70821261636426,41.28516821249314,dolomite
MAT-CARB-24,0,189,-83.71156705299641,41.28163382367664,dolomite
MAT-CARB-24,0,190,-83.71397128777262,41.27958288886242,dolomite
MAT-CARB-24,0,191,-83.71610834722664,41.27624494075028,dolomite
MAT-CARB-24,0,192,-83.71848922567517,41.27290443439661,dolomite
MAT-CARB-24,0,193,-83.71989387630096,41.26957385232,dolomite
MAT-CARB-24,0,194,-83.72056974782095,41.26643492815791,dolomite
MAT-CARB-24,0,195,-83.7209949961662,41.26293005119768,dolomite
MAT-CARB-24,0,196,-83.72116631610741,41.25887506035994,dolomite
MAT-CARB-24,0,197,-83.72186184184969,41.25684132014812,dolomite
MAT-CARB-24,0,198,-83.72221757904194,41.24946810084069,dolomite
MAT-CARB-24,0,199,-83.72120225835809,41.24726756363852,dolomite
MAT-CARB-24,0,200,-83.71943884447165,41.24415346649544,dolomite
MAT-CARB-24,0,201,-83.71767888262279,41.24122352734458,dolomite
MAT-CARB-24,0,202,-83.71616947833498,41.23865948777634,dolomite
MAT-CARB-24,0,203,-83.71013314294632,41.22840314355884,dolomite
MAT-CARB-24,0,204,-83.70032144864066,41.2113673293598,dolomite
MAT-CARB-24,0,205,-83.69855667861954,41.208068617969886,dolomite
MAT-CARB-24,0,206,-83.6962948487486,41.204222106653965,dolomite
MAT-CARB-24,0,207,-83.69454332892911,41.20166016286341,dolomite
MAT-CARB-24,0,208,-83.692307702655,41.19928727637526,dolomite
MAT-CARB-24,0,209,-83.69104719128974,41.196904633995025,dolomite
MAT-CARB-24,0,210,-83.69098940776576,41.19411783281823,dolomite
MAT-CARB-24,0,211,-83.69215651851077,41.191158234468375,dolomite
MAT-CARB-24,0,212,-83.69455492141427,41.18892332522347,dolomite
MAT-CARB-24,0,213,-83.69720335484368,41.18705434896875,dolomite
MAT-CARB-24,0,214,-83.70251277594684,41.18405306538451,dolomite
MAT-CARB-24,0,215,-83.70733762527776,41.18124069092077,dolomite
MAT-CARB-24,0,216,-83.70925439838591,41.17937879255331,dolomite
MAT-CARB-24,0,217,-83.7099658057144,41.17826611201712,dolomite
MAT-CARB-24,0,218,-83.71123482907,41.167382475384585,dolomite
MAT-CARB-24,0,219,-83.71263766159348,41.1640517189066,dolomite
MAT-CARB-24,0,220,-83.71405346710277,41.161457801340624,dolomite
MAT-CARB-24,0,221,-83.71740152017856,41.157922925582746,dolomite
MAT-CARB-24,0,222,-83.72122647450544,41.15383033215574,dolomite
MAT-CARB-24,0,223,-83.72431039942478,41.14919240270002,dolomite
MAT-CARB-24,0,224,-83.72786771658366,41.14381252886194,dolomite
MAT-CARB-24,0,225,-83.72997328949398,41.139000225936925,dolomite
MAT-CARB-24,0,226,-83.73255894154029,41.133814378619405,dolomite
MAT-CARB-24,0,227,-83.73468719761992,41.13029153580483,dolomite
MAT-CARB-24,0,228,-83.73682524570712,41.127321291632065,dolomite
MAT-CARB-24,0,229,-83.7382293479372,41.12417437311604,dolomite
MAT-CARB-24,0,230,-83.73842272115272,41.12140847610964,dolomite
MAT-CARB-24,0,231,-83.73783636315272,41.12,dolomite
MAT-CARB-24,0,232,-83.95,41.12,dolomite
MAT-CARB-24,0,233,-83.95,41.22710460357129,dolomite
MAT-CARB-24,0,234,-83.94996897553348,41.22712880646393,dolomite
MAT-CARB-24,0,235,-83.94942887500063,41.22727212257029,dolomite
MAT-CARB-24,0,236,-83.94783763892234,41.229069421057105,dolomite
MAT-CARB-24,0,237,-83.94589303128319,41.231281273382024,dolomite
MAT-CARB-24,0,238,-83.94398012516481,41.23499715707556,dolomite
MAT-CARB-24,0,239,-83.94188019192826,41.238441743913526,dolomite
MAT-CARB-24,0,240,-83.94048398322735,41.2409203833023,dolomite
MAT-CARB-24,0,241,-83.939817635792,41.243663779956,dolomite
MAT-CARB-24,0,242,-83.93985230296843,41.245304595534044,dolomite
MAT-CARB-24,0,243,-83.94133248773024,41.24679123509732,dolomite
MAT-CARB-24,0,244,-83.94371220147481,41.247993442396115,dolomite
MAT-CARB-24,0,245,-83.94917582044758,41.249431846846655,dolomite
MAT-CARB-24,0,246,-83.95,41.24975106549059,dolomite
MAT-CARB-24,0,247,-83.95,41.260266794624094,dolomite
MAT-CARB-24,0,248,-83.94835104378105,41.261750901166394,dolomite
MAT-CARB-225,0,0,-83.66513053591562,41.12153839201787,dolomite
MAT-CARB-225,0,1,-83.66698665790605,41.12822971822741,dolomite
MAT-CARB-225,0,2,-83.6674825210187,41.13027371738442,dolomite
MAT-CARB-225,0,3,-83.66510603035104,41.12953876544154,dolomite
MAT-CARB-225,0,4,-83.66368139672949,41.12968761808875,dolomite
MAT-CARB-225,0,5,-83.66261347378384,41.129832981410935,dolomite
MAT-CARB-225,0,6,-83.66119112420137,41.13011677102325,dolomite
MAT-CARB-225,0,7,-83.65941200651581,41.130404007806696,dolomite
MAT-CARB-225,0,8,-83.65799192057676,41.13082269846605,dolomite
MAT-CARB-225,0,9,-83.65674789261284,41.1311046778748,dolomite
MAT-CARB-225,0,10,-83.65442904194832,41.131127116375474,dolomite
MAT-CARB-225,0,11,-83.65317131720687,41.130599395018756,dolomite
MAT-CARB-225,0,12,-83.65245100401066,41.13020143679662,dolomite
MAT-CARB-225,0,13,-83.65188628896414,41.12845227587349,dolomite
MAT-CARB-225,0,14,-83.65186579760625,41.127237736387954,dolomite
MAT-CARB-225,0,15,-83.65150226555778,41.12683632985815,dolomite
MAT-CARB-225,0,16,-83.65024236863205,41.12617360876596,dolomite
MAT-CARB-225,0,17,-83.64970273965977,41.12590885453808,dolomite
MAT-CARB-225,0,18,-83.64898249616394,41.12551087407012,dolomite
MAT-CARB-225,0,19,-83.64858263066152,41.12295027961397,dolomite
MAT-CARB-225,0,20,-83.64839748050764,41.122547146801196,dolomite
MAT-CARB-225,0,21,-83.64768635331465,41.122688946092076,dolomite
MAT-CARB-225,0,22,-83.64697975726885,41.12310064906207,dolomite
MAT-CARB-225,0,23,-83.64556427555569,41.12378910190867,dolomite
MAT-CARB-225,0,24,-83.64485312954471,41.12393088420231,dolomite
MAT-CARB-225,0,25,-83.64271286219994,41.12395138528932,dolomite
MAT-CARB-225,0,26,-83.64181659463873,41.12369003532922,dolomite
MAT-CARB-225,0,27,-83.64091582331002,41.12315874306631,dolomite
MAT-CARB-225,0,28,-83.63930388474567,41.12276922095042,dolomite
MAT-CARB-225,0,29,-83.63752036976582,41.12278622487014,dolomite
MAT-CARB-225,0,30,-83.63663312328124,41.12306462499422,dolomite
MAT-CARB-225,0,31,-83.63503242830498,41.12334980225205,dolomite
MAT-CARB-225,0,32,-83.63308623138899,41.12431307266072,dolomite
MAT-CARB-225,0,33,-83.63149447416738,41.12513799064127,dolomite
MAT-CARB-225,0,34,-83.63044666333059,41.1264976114177,dolomite
MAT-CARB-225,0,35,-83.63011230013149,41.127850499019125,dolomite
MAT-CARB-225,0,36,-83.63032416750055,41.12987304812504,dolomite
MAT-CARB-225,0,37,-83.6310488193977,41.13054101955595,dolomite
MAT-CARB-225,0,38,-83.63266761121075,41.1313354975923,dolomite
MAT-CARB-225,0,39,-83.63410355545116,41.13186174088061,dolomite
MAT-CARB-225,0,40,-83.63482377920276,41.132259809285905,dolomite
MAT-CARB-225,0,41,-83.63537911107022,41.133469260954755,dolomite
MAT-CARB-225,0,42,-83.6348596727801,41.13441900560417,dolomite
MAT-CARB-225,0,43,-83.6341528779825,41.134830629240376,dolomite
MAT-CARB-225,0,44,-83.63308929176094,41.135245634097636,dolomite
MAT-CARB-225,0,45,-83.63005679895507,41.135274366479,dolomite
MAT-CARB-225,0,46,-83.62845578977776,41.13555942567487,dolomite
MAT-CARB-225,0,47,-83.62685925938426,41.13611439663071,dolomite
MAT-CARB-225,0,48,-83.62526489065338,41.136804258270566,dolomite
MAT-CARB-225,0,49,-83.62385557110305,41.137897292231465,dolomite
MAT-CARB-225,0,50,-83.62314867394645,41.13830884972335,dolomite
MAT-CARB-225,0,51,-83.62208052993412,41.13845384968957,dolomite
MAT-CARB-225,0,52,-83.62118193419556,41.1380573808671,dolomite
MAT-CARB-225,0,53,-83.6200938613705,41.136987854269236,dolomite
MAT-CARB-225,0,54,-83.61951221439844,41.13415894950359,dolomite
MAT-CARB-225,0,55,-83.61876994385524,41.13241128150983,dolomite
MAT-CARB-225,0,56,-83.61750363529762,41.13134339782329,dolomite
MAT-CARB-225,0,57,-83.6167768995811,41.130540377078304,dolomite
MAT-CARB-225,0,58,-83.61498215597615,41.129882288823005,dolomite
MAT-CARB-225,0,59,-83.61265237315438,41.12922918734645,dolomite
MAT-CARB-225,0,60,-83.610864291116,41.128975885027884,dolomite
MAT-CARB-225,0,61,-83.60995930328295,41.128174480453815,dolomite
MAT-CARB-225,0,62,-83.60816030707926,41.12724640754062,dolomite
MAT-CARB-225,0,63,-83.60690301116287,41.12671817009761,dolomite
MAT-CARB-225,0,64,-83.60546738480937,41.126191597867034,dolomite
MAT-CARB-225,0,65,-83.60314432349958,41.12594313179799,dolomite
MAT-CARB-225,0,66,-83.6013541860575,41.12555474568846,dolomite
MAT-CARB-225,0,67,-83.60009918491437,41.1251614039706,dolomite
MAT-CARB-225,0,68,-83.59937051063902,41.12422333313445,dolomite
MAT-CARB-225,0,69,-83.59841361652155,41.12018302903933,dolomite
MAT-CARB-225,0,70,-83.59828896636931,41.12,dolomite
MAT-CARB-225,0,71,-83.66510428521178,41.12,dolomite
MAT-CARB-225,0,72,-83.66513053591562,41.12153839201787,dolomite
MAT-CARB-230,0,0,-83.6435835621743,41.126676168848846,dolomite
MAT-CARB-230,0,1,-83.64430717923985,41.127276605109046,dolomite
MAT-CARB-230,0,2,-83.64488074281736,41.12956561691735,dolomite
MAT-CARB-230,0,3,-83.64498463275002,41.13044191053893,dolomite
MAT-CARB-230,0,4,-83.64427794017341,41.130853595256035,dolomite
MAT-CARB-230,0,5,-83.64330256539249,41.131200381298996,dolomite
MAT-CARB-230,0,6,-83.64241632567278,41.1315462791096,dolomite
MAT-CARB-230,0,7,-83.64142464338306,41.13158950874122,dolomite
MAT-CARB-230,0,8,-83.63973734882155,41.13136942132215,dolomite
MAT-CARB-230,0,9,-83.63874618634678,41.130771510584346,dolomite
MAT-CARB-230,0,10,-83.63872705363741,41.12962445445932,dolomite
MAT-CARB-230,0,11,-83.63933895774822,41.12887626242543,dolomite
MAT-CARB-230,0,12,-83.64047914961935,41.127718138231074,dolomite
MAT-CARB-230,0,13,-83.64145001319085,41.12710149415497,dolomite
MAT-CARB-230,0,14,-83.64260146770704,41.126618075500076,dolomite
MAT-CARB-230,0,15,-83.6435835621743,41.126676168848846,dolomite
MAT-CARB-207,0,0,-83.63376766554579,41.18019162629017,dolomite
MAT-CARB-207,0,1,-83.63457543512268,41.18045387298919,dolomite
MAT-CARB-207,0,2,-83.63557065236569,41.18125421293688,dolomite
MAT-CARB-207,0,3,-83.63621452066818,41.182395289007744,dolomite
MAT-CARB-207,0,4,-83.63641212590555,41.18354063234083,dolomite
MAT-CARB-207,0,5,-83.63626397114933,41.18536404107441,dolomite
MAT-CARB-207,0,6,-83.63593617653459,41.187121717881354,dolomite
MAT-CARB-207,0,7,-83.63498686279684,41.18908771405388,dolomite
MAT-CARB-207,0,8,-83.63322515342104,41.19052155590599,dolomite
MAT-CARB-207,0,9,-83.63198556989533,41.19114064082399,dolomite
MAT-CARB-207,0,10,-83.63083183215672,41.191556453998814,dolomite
MAT-CARB-207,0,11,-83.62958323203883,41.191635723579694,dolomite
MAT-CARB-207,0,12,-83.62815387649714,41.1915817586312,dolomite
MAT-CARB-207,0,13,-83.62599926486428,41.19085975340653,dolomite
MAT-CARB-207,0,14,-83.62473509588192,41.18999440631463,dolomite
MAT-CARB-207,0,15,-83.62292204929868,41.18832438991784,dolomite
MAT-CARB-207,0,16,-83.62165574701581,41.1873240467771,dolomite
MAT-CARB-207,0,17,-83.62152322679968,41.184693508511515,dolomite
MAT-CARB-207,0,18,-83.62231324095855,41.18387630420049,dolomite
MAT-CARB-207,0,19,-83.6238116722788,41.18271500429957,dolomite
MAT-CARB-207,0,20,-83.62637997923714,41.18147616891719,dolomite
MAT-CARB-207,0,21,-83.62860010398141,41.18078038929692,dolomite
MAT-CARB-207,0,22,-83.63011065579683,41.18036121929158,dolomite
MAT-CARB-207,0,23,-83.63082242065856,41.180219530532206,dolomite
MAT-CARB-207,0,24,-83.63376766554579,41.18019162629017,dolomite
MAT-CARB-197,0,0,-83.64639893809151,41.2094256747099,dolomite
MAT-CARB-197,0,1,-83.64443462768641,41.209444492473224,dolomite
MAT-CARB-197,0,2,-83.64157059358347,41.2090669836332,dolomite
MAT-CARB-197,0,3,-83.64048787476807,41.20840249364588,dolomite
MAT-CARB-197,0,4,-83.63993860962964,41.20759795519856,dolomite
MAT-CARB-197,0,5,-83.63867507984841,41.20680021854299,dolomite
MAT-CARB-197,0,6,-83.637590174227,41.20600076889689,dolomite
MAT-CARB-197,0,7,-83.63613015965198,41.20412518857079,dolomite
MAT-CARB-197,0,8,-83.63521036325947,41.20251436831333,dolomite
MAT-CARB-197,0,9,-83.63393804428131,41.20117681950365,dolomite
MAT-CARB-197,0,10,-83.63338891460485,41.200372246702955,dolomite
MAT-CARB-197,0,11,-83.63388195288506,41.197803273720545,dolomite
MAT-CARB-197,0,12,-83.63528785728764,41.19644030213769,dolomite
MAT-CARB-197,0,13,-83.6368744844229,41.195210548322905,dolomite
MAT-CARB-197,0,14,-83.63900568552235,41.194515458741044,dolomite
MAT-CARB-197,0,15,-83.64149393161392,41.19381689396049,dolomite
MAT-CARB-197,0,16,-83.64256060410624,41.193536765631436,dolomite
MAT-CARB-197,0,17,-83.64630758807373,41.19336593699944,dolomite
MAT-CARB-197,0,18,-83.6471979795684,41.19322243993872,dolomite
MAT-CARB-197,0,19,-83.6489833338594,41.19320529233235,dolomite
MAT-CARB-197,0,20,-83.65004769080574,41.192790163648816,dolomite
MAT-CARB-197,0,21,-83.65321794070691,41.19019530160702,dolomite
MAT-CARB-197,0,22,-83.65371928831918,41.18816599052241,dolomite
MAT-CARB-197,0,23,-83.65388410267647,41.18735460946766,dolomite
MAT-CARB-197,0,24,-83.65494376863545,41.186669540135895,dolomite
MAT-CARB-197,0,25,-83.65600802410508,41.18625438348464,dolomite
MAT-CARB-197,0,26,-83.65761007107902,41.18596893830938,dolomite
MAT-CARB-197,0,27,-83.65867429892485,41.18555373027549,dolomite
MAT-CARB-197,0,28,-83.65937917785614,41.18500704259132,dolomite
MAT-CARB-197,0,29,-83.66096280821314,41.18364202472883,dolomite
MAT-CARB-197,0,30,-83.66130605882421,41.18282889639161,dolomite
MAT-CARB-197,0,31,-83.6627157064323,41.181735456010905,dolomite
MAT-CARB-197,0,32,-83.66431070960512,41.18104508974971,dolomite
MAT-CARB-197,0,33,-83.66500166955696,41.17968870594463,dolomite
MAT-CARB-197,0,34,-83.66570413146007,41.17900704415875,dolomite
MAT-CARB-197,0,35,-83.66623040047983,41.178462026884254,dolomite
MAT-CARB-197,0,36,-83.66745908768674,41.17723536153059,dolomite
MAT-CARB-197,0,37,-83.66815456738497,41.17614882519386,dolomite
MAT-CARB-197,0,38,-83.67125418427148,41.17424510462223,dolomite
MAT-CARB-197,0,39,-83.67081885424268,41.17624676239793,dolomite
MAT-CARB-197,0,40,-83.66789259355963,41.18118748602185,dolomite
MAT-CARB-197,0,41,-83.66324931202655,41.18770230824044,dolomite
MAT-CARB-197,0,42,-83.65689846517765,41.196389960692635,dolomite
MAT-CARB-197,0,43,-83.64844241026682,41.210049665947764,dolomite
MAT-CARB-197,0,44,-83.64842685334656,41.210088032551624,dolomite
MAT-CARB-197,0,45,-83.64639893809151,41.2094256747099,dolomite
MAT-CARB-167,0,0,-83.6476097914106,41.24916177038116,dolomite
MAT-CARB-167,0,1,-83.64654677304583,41.24971178820565,dolomite
MAT-CARB-167,0,2,-83.64565564213467,41.24985527441924,dolomite
MAT-CARB-167,0,3,-83.6431541105969,41.24987920258307,dolomite
MAT-CARB-167,0,4,-83.6424302968268,41.249346291021965,dolomite
MAT-CARB-167,0,5,-83.64152786037664,41.24881507944129,dolomite
MAT-CARB-167,0,6,-83.64061188676655,41.24747423741574,dolomite
MAT-CARB-167,0,7,-83.63897900378537,41.246005237718784,dolomite
MAT-CARB-167,0,8,-83.63806758865692,41.24493425804673,dolomite
MAT-CARB-167,0,9,-83.63662698074995,41.244273149824345,dolomite
MAT-CARB-167,0,10,-83.63555049593758,41.24401344563737,dolomite
MAT-CARB-167,0,11,-83.63108379099819,41.24405576128896,dolomite
MAT-CARB-167,0,12,-83.62965221642155,41.24393433830195,dolomite
MAT-CARB-167,0,13,-83.62820501031644,41.24286834181926,dolomite
MAT-CARB-167,0,14,-83.62781197154374,41.240712683332255,dolomite
MAT-CARB-167,0,15,-83.62833675023396,41.24003295635657,dolomite
MAT-CARB-167,0,16,-83.62868290847688,41.23935488470975,dolomite
MAT-CARB-167,0,17,-83.62938187631204,41.238403580427445,dolomite
MAT-CARB-167,0,18,-83.63080214057663,41.237850333447035,dolomite
MAT-CARB-167,0,19,-83.63150778381899,41.237303831199355,dolomite
MAT-CARB-167,0,20,-83.63272470085522,41.23526791681941,dolomite
MAT-CARB-167,0,21,-83.6332516678804,41.23472306732761,dolomite
MAT-CARB-167,0,22,-83.63485045617642,41.2341680781899,dolomite
MAT-CARB-167,0,23,-83.63770871436488,41.234140925351376,dolomite
MAT-CARB-167,0,24,-83.63877381547493,41.23372590922751,dolomite
MAT-CARB-167,0,25,-83.6405534225563,41.23330407222763,dolomite
MAT-CARB-167,0,26,-83.64179938255391,41.2330222824455,dolomite
MAT-CARB-167,0,27,-83.64539481624129,41.23433749977706,dolomite
MAT-CARB-167,0,28,-83.64683983973913,41.23526836583161,dolomite
MAT-CARB-167,0,29,-83.64788850292142,41.235597234336446,dolomite
MAT-CARB-167,0,30,-83.6482642219406,41.23712678480465,dolomite
MAT-CARB-167,0,31,-83.64934699876049,41.24490345935127,dolomite
MAT-CARB-167,0,32,-83.64951367957684,41.24538108286919,dolomite
MAT-CARB-167,0,33,-83.64957300822265,41.24900810999957,dolomite
MAT-CARB-167,0,34,-83.6476097914106,41.24916177038116,dolomite
MAT-CARB-5798,0,0,-83.94672812231266,41.272366979446915,dolomite
MAT-CARB-5798,0,1,-83.94560874338445,41.27208777241721,dolomite
MAT-CARB-5798,0,2,-83.94369297983602,41.2710255892969,dolomite
MAT-CARB-5798,0,3,-83.94234354055783,41.26983515034295,dolomite
MAT-CARB-5798,0,4,-83.94087772554613,41.26916783275252,dolomite
MAT-CARB-5798,0,5,-83.93923925249908,41.268913553572936,dolomite
MAT-CARB-5798,0,6,-83.93706228489533,41.268939715258895,dolomite
MAT-CARB-5798,0,7,-83.93579815073207,41.269228884180905,dolomite
MAT-CARB-5798,0,8,-83.93363850193329,41.27007673371087,dolomite
MAT-CARB-5798,0,9,-83.93238585129411,41.27091369071467,dolomite
MAT-CARB-5798,0,10,-83.92935636657427,41.27355279049814,dolomite
MAT-CARB-5798,0,11,-83.92882356935422,41.27410714071903,dolomite
MAT-CARB-5798,0,12,-83.92658843297288,41.2757898379803,dolomite
MAT-CARB-5798,0,13,-83.92497560463899,41.27676801446329,dolomite
MAT-CARB-5798,0,14,-83.9226455593135,41.278165643356836,dolomite
MAT-CARB-5798,0,15,-83.91745512171205,41.28165206003312,dolomite
MAT-CARB-5798,0,16,-83.91603200734107,41.28303880794859,dolomite
MAT-CARB-5798,0,17,-83.91370728686253,41.28471020705521,dolomite
MAT-CARB-5798,0,18,-83.90905459627542,41.287915861436296,dolomite
MAT-CARB-5798,0,19,-83.90672101462123,41.28917624804283,dolomite
MAT-CARB-5798,0,20,-83.904381733467,41.29016263688483,dolomite
MAT-CARB-5798,0,21,-83.90186934157838,41.291562003211695,dolomite
MAT-CARB-5798,0,22,-83.89846629842641,41.29379365981154,dolomite
MAT-CARB-5798,0,23,-83.89596488141098,41.29574071576102,dolomite
MAT-CARB-5798,0,24,-83.89256707435197,41.29824611912976,dolomite
MAT-CARB-5798,0,25,-83.88847094379899,41.30212939575151,dolomite
MAT-CARB-5798,0,26,-83.88544672923157,41.30517818886299,dolomite
MAT-CARB-5798,0,27,-83.88420397875218,41.306562460660444,dolomite
MAT-CARB-5798,0,28,-83.88063757237381,41.3097543895169,dolomite
MAT-CARB-5798,0,29,-83.87902605354971,41.310868867742975,dolomite
MAT-CARB-5798,0,30,-83.87831380724451,41.31156201376697,dolomite
MAT-CARB-5798,0,31,-83.87563240282067,41.31364765361652,dolomite
MAT-CARB-5798,0,32,-83.87350371943305,41.316137878092874,dolomite
MAT-CARB-5798,0,33,-83.87102283501056,41.31918002700271,dolomite
MAT-CARB-5798,0,34,-83.86907539397268,41.32166808341612,dolomite
MAT-CARB-5798,0,35,-83.8668389219643,41.327858010184165,dolomite
MAT-CARB-5798,0,36,-83.86598054102842,41.330333563182386,dolomite
MAT-CARB-5798,0,37,-83.86409024322573,41.335697563948194,dolomite
MAT-CARB-5798,0,38,-83.86326184269599,41.339679545534814,dolomite
MAT-CARB-5798,0,39,-83.86232948966719,41.3475379109083,dolomite
MAT-CARB-5798,0,40,-83.86266959804449,41.364519970937266,dolomite
MAT-CARB-5798,0,41,-83.86275096631427,41.36625134653273,dolomite
MAT-CARB-5798,0,42,-83.86296556328533,41.36789270667641,dolomite
MAT-CARB-5798,0,43,-83.86294730204564,41.369311187990846,dolomite
MAT-CARB-5798,0,44,-83.86224525116948,41.370551995941085,dolomite
MAT-CARB-5798,0,45,-83.86192577050585,41.37274733373042,dolomite
MAT-CARB-5798,0,46,-83.86178243895978,41.374666723466106,dolomite
MAT-CARB-5798,0,47,-83.86165832847173,41.377544714911494,dolomite
MAT-CARB-5798,0,48,-83.86224501017132,41.382916850263264,dolomite
MAT-CARB-5798,0,49,-83.86254429136652,41.38547953259957,dolomite
MAT-CARB-5798,0,50,-83.86262609019833,41.38849459889066,dolomite
MAT-CARB-5798,0,51,-83.86264583031702,41.390546640154305,dolomite
MAT-CARB-5798,0,52,-83.86253819418764,41.39424630571753,dolomite
MAT-CARB-5798,0,53,-83.86239761450203,41.39630257331132,dolomite
MAT-CARB-5798,0,54,-83.86227071080025,41.39904360668268,dolomite
MAT-CARB-5798,0,55,-83.86105048426035,41.40166005221388,dolomite
MAT-CARB-5798,0,56,-83.85964014198794,41.403867703441904,dolomite
MAT-CARB-5798,0,57,-83.85732353919863,41.406222561156405,dolomite
MAT-CARB-5798,0,58,-83.85624925352326,41.407056574815066,dolomite
MAT-CARB-5798,0,59,-83.85591028622689,41.40829322370079,dolomite
MAT-CARB-5798,0,60,-83.85654520650193,41.41049005525694,dolomite
MAT-CARB-5798,0,61,-83.85802144824088,41.41156916758746,dolomite
MAT-CARB-5798,0,62,-83.86095484149583,41.41276870274058,dolomite
MAT-CARB-5798,0,63,-83.86461555160109,41.41395989344084,dolomite
MAT-CARB-5798,0,64,-83.86570638947246,41.41394747762284,dolomite
MAT-CARB-5798,0,65,-83.86626828868691,41.41476296181222,dolomite
MAT-CARB-5798,0,66,-83.86573665777672,41.4154538777735,dolomite
MAT-CARB-5798,0,67,-83.86447774354826,41.41615309395828,dolomite
MAT-CARB-5798,0,68,-83.86430419002386,41.416565995409684,dolomite
MAT-CARB-5798,0,69,-83.86340064182708,41.41685022977084,dolomite
MAT-CARB-5798,0,70,-83.86326278871279,41.41904342381717,dolomite
MAT-CARB-5798,0,71,-83.86273105788693,41.4197343519285,dolomite
MAT-CARB-5798,0,72,-83.86130942258701,41.42139419685223,dolomite
MAT-CARB-5798,0,73,-83.86097047585466,41.42263084585081,dolomite
MAT-CARB-5798,0,74,-83.86122909538543,41.42646322368166,dolomite
MAT-CARB-5798,0,75,-83.86179382485211,41.42741565444145,dolomite
MAT-CARB-5798,0,76,-83.8621657203818,41.427822355711726,dolomite
MAT-CARB-5798,0,77,-83.86217944577113,41.4285070810507,dolomite
MAT-CARB-5798,0,78,-83.86200584673422,41.428919975083254,dolomite
MAT-CARB-5798,0,79,-83.86165041017335,41.42933493268403,dolomite
MAT-CARB-5798,0,80,-83.8607384544796,41.429208314738524,dolomite
MAT-CARB-5798,0,81,-83.85946005614844,41.42894885032919,dolomite
MAT-CARB-5798,0,82,-83.85800530728883,41.428965326334094,dolomite
MAT-CARB-5798,0,83,-83.85619235467307,41.42925979201187,dolomite
MAT-CARB-5798,0,84,-83.85240091720256,41.4306723228487,dolomite
MAT-CARB-5798,0,85,-83.84825646884873,41.432636638305304,dolomite
MAT-CARB-5798,0,86,-83.84627777332543,41.433754655017395,dolomite
MAT-CARB-5798,0,87,-83.8448446372731,41.43486649607031,dolomite
MAT-CARB-5798,0,88,-83.84380220961016,41.43734371944412,dolomite
MAT-CARB-5798,0,89,-83.84384283723028,41.43939788482117,dolomite
MAT-CARB-5798,0,90,-83.84460013619078,41.44089610957992,dolomite
MAT-CARB-5798,0,91,-83.84481724092456,41.44267433746119,dolomite
MAT-CARB-5798,0,92,-83.84687766346482,41.445664636767724,dolomite
MAT-CARB-5798,0,93,-83.8491146791579,41.44837895749213,dolomite
MAT-CARB-5798,0,94,-83.8496930248512,41.45001614328045,dolomite
MAT-CARB-5798,0,95,-83.84955738232311,41.452346194619544,dolomite
MAT-CARB-5798,0,96,-83.8493918064732,41.45316988478815,dolomite
MAT-CARB-5798,0,97,-83.84850673903159,41.45441260160328,dolomite
MAT-CARB-5798,0,98,-83.84581603187785,41.45636040757053,dolomite
MAT-CARB-5798,0,99,-83.84385018824183,41.45816307314668,dolomite
MAT-CARB-5798,0,100,-83.84351615723024,41.45967349814083,dolomite
MAT-CARB-5798,0,101,-83.8435459538117,41.461179848243574,dolomite
MAT-CARB-5798,0,102,-83.84392334431938,41.46186048396254,dolomite
MAT-CARB-5798,0,103,-83.84520769030408,41.46239396880934,dolomite
MAT-CARB-5798,0,104,-83.84702975953986,41.46251052341981,dolomite
MAT-CARB-5798,0,105,-83.84866443450726,41.46235517895324,dolomite
MAT-CARB-5798,0,106,-83.85014480390609,41.46176081962223,dolomite
MAT-CARB-5798,0,107,-83.8511720863161,41.46096397478832,dolomite
MAT-CARB-5798,0,108,-83.85352471529659,41.459698011737295,dolomite
MAT-CARB-5798,0,109,-83.85514837930981,41.458994827798726,dolomite
MAT-CARB-5798,0,110,-83.85622900506016,41.45843474769842,dolomite
MAT-CARB-5798,0,111,-83.85822738690351,41.458275160831064,dolomite
MAT-CARB-5798,0,112,-83.85914794918551,41.45881264211513,dolomite
MAT-CARB-5798,0,113,-83.85971017669321,41.45962809966107,dolomite
MAT-CARB-5798,0,114,-83.85974033237903,41.46113444577542,dolomite
MAT-CARB-5798,0,115,-83.85946321765654,41.46301203358952,dolomite
MAT-CARB-5798,0,116,-83.85854225059586,41.46437882410655,dolomite
MAT-CARB-5798,0,117,-83.8578985330054,41.46538557000223,dolomite
MAT-CARB-5798,0,118,-83.85729184984224,41.466093146121246,dolomite
MAT-CARB-5798,0,119,-83.85496484685332,41.46803702337559,dolomite
MAT-CARB-5798,0,120,-83.85407422616584,41.469005851916826,dolomite
MAT-CARB-5798,0,121,-83.85228200197919,41.47039576846348,dolomite
MAT-CARB-5798,0,122,-83.8481541558565,41.47331857747004,dolomite
MAT-CARB-5798,0,123,-83.84653822308475,41.47443247400406,dolomite
MAT-CARB-5798,0,124,-83.84581850184172,41.47485145090643,dolomite
MAT-CARB-5798,0,125,-83.84276298160748,41.476803234896344,dolomite
MAT-CARB-5798,0,126,-83.83699113066692,41.47947006526224,dolomite
MAT-CARB-5798,0,127,-83.8348316404221,41.480726832722546,dolomite
MAT-CARB-5798,0,128,-83.8315062270145,41.48283429218797,dolomite
MAT-CARB-5798,0,129,-83.83007177733342,41.48394594021007,dolomite
MAT-CARB-5798,0,130,-83.82775141776985,41.48630010143132,dolomite
MAT-CARB-5798,0,131,-83.82722147570816,41.48712776268096,dolomite
MAT-CARB-5798,0,132,-83.82633020878579,41.4880963701949,dolomite
MAT-CARB-5798,0,133,-83.82417825951686,41.48976374876136,dolomite
MAT-CARB-5798,0,134,-83.82236353692296,41.49005768870853,dolomite
MAT-CARB-5798,0,135,-83.82146949692488,41.49088932981462,dolomite
MAT-CARB-5798,0,136,-83.819127314267,41.49214777868417,dolomite
MAT-CARB-5798,0,137,-83.81731782060335,41.492715524999646,dolomite
MAT-CARB-5798,0,138,-83.81658975807355,41.4927235093004,dolomite
MAT-CARB-5798,0,139,-83.81550825967064,41.493283216761,dolomite
MAT-CARB-5798,0,140,-83.81405215831381,41.493299158602056,dolomite
MAT-CARB-5798,0,141,-83.81260661095965,41.49386284969119,dolomite
MAT-CARB-5798,0,142,-83.80989485034344,41.494851210676316,dolomite
MAT-CARB-5798,0,143,-83.80917468655917,41.49526996085528,dolomite
MAT-CARB-5798,0,144,-83.80826722143146,41.49541683394839,dolomite
MAT-CARB-5798,0,145,-83.80736766351599,41.4959744835157,dolomite
MAT-CARB-5798,0,146,-83.80737293818973,41.49624836642769,dolomite
MAT-CARB-5798,0,147,-83.8062966145246,41.49708187163226,dolomite
MAT-CARB-5798,0,148,-83.80503820715987,41.49791734506047,dolomite
MAT-CARB-5798,0,149,-83.80341572317677,41.49875678359952,dolomite
MAT-CARB-5798,0,150,-83.80159541873127,41.498776525082434,dolomite
MAT-CARB-5798,0,151,-83.80087253750226,41.49905826916718,dolomite
MAT-CARB-5798,0,152,-83.80050586618266,41.49892528423491,dolomite
MAT-CARB-5798,0,153,-83.79995975875997,41.49893119650354,dolomite
MAT-CARB-5798,0,154,-83.79649593030074,41.49869469951869,dolomite
MAT-CARB-5798,0,155,-83.7955857780392,41.49870452127278,dolomite
MAT-CARB-5798,0,156,-83.79487070960076,41.499397067058595,dolomite
MAT-CARB-5798,0,157,-83.79379157267464,41.50009353046454,dolomite
MAT-CARB-5798,0,158,-83.79290226719462,41.50119883435802,dolomite
MAT-CARB-5798,0,159,-83.7922444985926,41.50490398162871,dolomite
MAT-CARB-5798,0,160,-83.79050213346142,41.50903166182255,dolomite
MAT-CARB-5798,0,161,-83.79039815177887,41.51314171211392,dolomite
MAT-CARB-5798,0,162,-83.78934736791375,41.515344423543155,dolomite
MAT-CARB-5798,0,163,-83.78940981063305,41.51863088876051,dolomite
MAT-CARB-5798,0,164,-83.7901615853908,41.51985550853489,dolomite
MAT-CARB-5798,0,165,-83.79200853011142,41.521205276019,dolomite
MAT-CARB-5798,0,166,-83.79494814485754,41.52254326973338,dolomite
MAT-CARB-5798,0,167,-83.79614056695014,41.522713253589465,dolomite
MAT-CARB-5798,0,168,-83.79750271020659,41.52278964273859,dolomite
MAT-CARB-5798,0,169,-83.79841056466275,41.52264285431286,dolomite
MAT-CARB-5798,0,170,-83.79895682654646,41.52263694959835,dolomite
MAT-CARB-5798,0,171,-83.80002923934522,41.52256415610238,dolomite
MAT-CARB-5798,0,172,-83.80150878368556,41.522746312517526,dolomite
MAT-CARB-5798,0,173,-83.80297344454547,41.52314132454226,dolomite
MAT-CARB-5798,0,174,-83.80432147405547,41.52365978141481,dolomite
MAT-CARB-5798,0,175,-83.80552828269815,41.52471744919923,dolomite
MAT-CARB-5798,0,176,-83.80597110326136,41.525533560014495,dolomite
MAT-CARB-5798,0,177,-83.80615607724393,41.52762654832216,dolomite
MAT-CARB-5798,0,178,-83.80598975441372,41.52845012784005,dolomite
MAT-CARB-5798,0,179,-83.80524201655588,41.52957469263128,dolomite
MAT-CARB-5798,0,180,-83.80454395720403,41.530296110776874,dolomite
MAT-CARB-5798,0,181,-83.80366707404305,41.53080373637212,dolomite
MAT-CARB-5798,0,182,-83.80091882418212,41.531834483244765,dolomite
MAT-CARB-5798,0,183,-83.7982690482282,41.53428622988141,dolomite
MAT-CARB-5798,0,184,-83.79595894235747,41.53732432217402,dolomite
MAT-CARB-5798,0,185,-83.79473105878319,41.539802873635246,dolomite
MAT-CARB-5798,0,186,-83.7949863832505,41.54363502432399,dolomite
MAT-CARB-5798,0,187,-83.79504651102907,41.54678448659678,dolomite
MAT-CARB-5798,0,188,-83.79434138187621,41.54802471735506,dolomite
MAT-CARB-5798,0,189,-83.79291542214166,41.54968360339589,dolomite
MAT-CARB-5798,0,190,-83.79260847556802,41.55270002056523,dolomite
MAT-CARB-5798,0,191,-83.79209584684438,41.5544860133811,dolomite
MAT-CARB-5798,0,192,-83.791021017699,41.55545626246486,dolomite
MAT-CARB-5798,0,193,-83.78975877181615,41.556154613453174,dolomite
MAT-CARB-5798,0,194,-83.78867604116951,41.556714077071994,dolomite
MAT-CARB-5798,0,195,-83.78759592818032,41.55741042403335,dolomite
MAT-CARB-5798,0,196,-83.78650540356628,41.557559076324814,dolomite
MAT-CARB-5798,0,197,-83.78527564249173,41.558677284796524,dolomite
MAT-CARB-5798,0,198,-83.78492683982668,41.55950276097459,dolomite
MAT-CARB-5798,0,199,-83.78476540593891,41.5606001577933,dolomite
MAT-CARB-5798,0,200,-83.7858819477915,41.56182086648348,dolomite
MAT-CARB-5798,0,201,-83.78662374488648,41.56249769939278,dolomite
MAT-CARB-5798,0,202,-83.78681633320694,41.56304348644596,dolomite
MAT-CARB-5798,0,203,-83.7873733557528,41.56358534361593,dolomite
MAT-CARB-5798,0,204,-83.78721711384368,41.56495660836936,dolomite
MAT-CARB-5798,0,205,-83.78652208093322,41.566744509162795,dolomite
MAT-CARB-5798,0,206,-83.7860221707105,41.569215108994435,dolomite
MAT-CARB-5798,0,207,-83.7840903638284,41.57307055611516,dolomite
MAT-CARB-5798,0,208,-83.78231722610397,41.57569166268697,dolomite
MAT-CARB-5798,0,209,-83.77947636862177,41.57969367423731,dolomite
MAT-CARB-5798,0,210,-83.77556477884087,41.584939556096856,dolomite
MAT-CARB-5798,0,211,-83.77360105740406,41.58715165894869,dolomite
MAT-CARB-5798,0,212,-83.77324678610256,41.58770324579307,dolomite
MAT-CARB-5798,0,213,-83.77181433680533,41.58908793525231,dolomite
MAT-CARB-5798,0,214,-83.76912377353145,41.59144461033688,dolomite
MAT-CARB-5798,0,215,-83.76713917506932,41.59256117388217,dolomite
MAT-CARB-5798,0,216,-83.76660510339883,41.59325154881085,dolomite
MAT-CARB-5798,0,217,-83.76498245366717,41.59422731778123,dolomite
MAT-CARB-5798,0,218,-83.7628128344376,41.59520880733641,dolomite
MAT-CARB-5798,0,219,-83.76154187505244,41.59549603225604,dolomite
MAT-CARB-5798,0,220,-83.76047359811838,41.59687678061541,dolomite
MAT-CARB-5798,0,221,-83.76013702595112,41.59838679787911,dolomite
MAT-CARB-5798,0,222,-83.75981821916066,41.60085531213255,dolomite
MAT-CARB-5798,0,223,-83.76000564566107,41.60112726316522,dolomite
MAT-CARB-5798,0,224,-83.76037788334676,41.601534220915696,dolomite
MAT-CARB-5798,0,225,-83.7604008015059,41.60276655192943,dolomite
MAT-CARB-5798,0,226,-83.76004892334241,41.60345500851382,dolomite
MAT-CARB-5798,0,227,-83.75953505277549,41.6052407851685,dolomite
MAT-CARB-5798,0,228,-83.75865398133074,41.60689342890309,dolomite
MAT-CARB-5798,0,229,-83.75759054814661,41.60854799721888,dolomite
MAT-CARB-5798,0,230,-83.75669665305931,41.609515989057925,dolomite
MAT-CARB-5798,0,231,-83.75689932917147,41.61060949169302,dolomite
MAT-CARB-5798,0,232,-83.7574640900925,41.611562267155485,dolomite
MAT-CARB-5798,0,233,-83.7589329573226,41.61209470162582,dolomite
MAT-CARB-5798,0,234,-83.76058672540097,41.612762150406425,dolomite
MAT-CARB-5798,0,235,-83.76242540916553,41.61356457821881,dolomite
MAT-CARB-5798,0,236,-83.76316498653112,41.61410463826637,dolomite
MAT-CARB-5798,0,237,-83.76427180128489,41.614777777164235,dolomite
MAT-CARB-5798,0,238,-83.76503952615148,41.61682397022915,dolomite
MAT-CARB-5798,0,239,-83.76530624782605,41.62134058555431,dolomite
MAT-CARB-5798,0,240,-83.76462280054986,41.62381287071452,dolomite
MAT-CARB-5798,0,241,-83.76355924756527,41.625467467613,dolomite
MAT-CARB-5798,0,242,-83.76340752417444,41.62711245534813,dolomite
MAT-CARB-5798,0,243,-83.76398021481447,41.62847595380025,dolomite
MAT-CARB-5798,0,244,-83.76472248686417,41.62915291096133,dolomite
MAT-CARB-5798,0,245,-83.76564466470633,41.62969100394486,dolomite
MAT-CARB-5798,0,246,-83.76655914119995,41.629818350690556,dolomite
MAT-CARB-5798,0,247,-83.76711139179717,41.63008641750596,dolomite
MAT-CARB-5798,0,248,-83.76713188108295,41.631181803907886,dolomite
MAT-CARB-5798,0,249,-83.76642024329455,41.632147955692,dolomite
MAT-CARB-5798,0,250,-83.76572783466713,41.63285302075227,dolomite
MAT-CARB-5798,0,251,-83.76449452077775,41.63519412146603,dolomite
MAT-CARB-5798,0,252,-83.76311450794122,41.63945405349189,dolomite
MAT-CARB-5798,0,253,-83.76171132817868,41.64248163976585,dolomite
MAT-CARB-5798,0,254,-83.76013324699412,41.645921872961445,dolomite
MAT-CARB-5798,0,255,-83.75802548606467,41.65032625462896,dolomite
MAT-CARB-5798,0,256,-83.75714379175619,41.651978850104356,dolomite
MAT-CARB-5798,0,257,-83.75589971217006,41.65377215415633,dolomite
MAT-CARB-5798,0,258,-83.75340371501433,41.656947930363025,dolomite
MAT-CARB-5798,0,259,-83.75162723001596,41.659568394102344,dolomite
MAT-CARB-5798,0,260,-83.75073767171658,41.66081017271787,dolomite
MAT-CARB-5798,0,261,-83.74788376931333,41.664400360915955,dolomite
MAT-CARB-5798,0,262,-83.74609931514047,41.66660997124477,dolomite
MAT-CARB-5798,0,263,-83.74484708506122,41.66799238412025,dolomite
MAT-CARB-5798,0,264,-83.7439648385419,41.66964483003735,dolomite
MAT-CARB-5798,0,265,-83.74328519063796,41.67239076120673,dolomite
MAT-CARB-5798,0,266,-83.74242040222354,41.67500162988547,dolomite
MAT-CARB-5798,0,267,-83.74201106888694,41.682537752975236,dolomite
MAT-CARB-5798,0,268,-83.74165855247217,41.683226108257664,dolomite
MAT-CARB-5798,0,269,-83.74265861183301,41.707865330902266,dolomite
MAT-CARB-5798,0,270,-83.74195728843723,41.70962163511201,dolomite
MAT-CARB-5798,0,271,-83.74220523766299,41.713179526123746,dolomite
MAT-CARB-5798,0,272,-83.74265845824536,41.717967732316325,dolomite
MAT-CARB-5798,0,273,-83.74362945696573,41.72110732408422,dolomite
MAT-CARB-5798,0,274,-83.74382218604035,41.721653076696285,dolomite
MAT-CARB-5798,0,275,-83.74424574944409,41.7238325927588,dolomite
MAT-CARB-5798,0,276,-83.74346632402751,41.72385816070954,dolomite
MAT-CARB-5798,0,277,-83.7432832938923,41.72386418995372,dolomite
MAT-CARB-5798,0,278,-83.74241028549318,41.72389282805064,dolomite
MAT-CARB-5798,0,279,-83.74100429578615,41.71951219329979,dolomite
MAT-CARB-5798,0,280,-83.73852097433573,41.714747503012745,dolomite
MAT-CARB-5798,0,281,-83.73785151203025,41.71307779964007,dolomite
MAT-CARB-5798,0,282,-83.73766334279782,41.71152288255097,dolomite
MAT-CARB-5798,0,283,-83.73781208013017,41.71092257210073,dolomite
MAT-CARB-5798,0,284,-83.73678609553731,41.70722066980505,dolomite
MAT-CARB-5798,0,285,-83.73593297973028,41.704235496324735,dolomite
MAT-CARB-5798,0,286,-83.73491156872679,41.70077298251632,dolomite
MAT-CARB-5798,0,287,-83.73411535379111,41.68358084455929,dolomite
MAT-CARB-5798,0,288,-83.73386829435307,41.678244185546674,dolomite
MAT-CARB-5798,0,289,-83.73369122482657,41.677287930288145,dolomite
MAT-CARB-5798,0,290,-83.73313823399072,41.67322172235011,dolomite
MAT-CARB-5798,0,291,-83.7331316909598,41.6728625187953,dolomite
MAT-CARB-5798,0,292,-83.73326729572486,41.67154375811135,dolomite
MAT-CARB-5798,0,293,-83.7329136229945,41.66088863618377,dolomite
MAT-CARB-5798,0,294,-83.73257922284279,41.66005371615792,dolomite
MAT-CARB-5798,0,295,-83.73217728375185,41.6555068540381,dolomite
MAT-CARB-5798,0,296,-83.73133438189667,41.63146707329293,dolomite
MAT-CARB-5798,0,297,-83.73379363105435,41.63036121047246,dolomite
MAT-CARB-5798,0,298,-83.73610481625323,41.62898836780481,dolomite
MAT-CARB-5798,0,299,-83.7375225019698,41.627894462502454,dolomite
MAT-CARB-5798,0,300,-83.73841590728422,41.62761545170031,dolomite
MAT-CARB-5798,0,301,-83.74001072225627,41.626384809221065,dolomite
MAT-CARB-5798,0,302,-83.74212220093322,41.62393456137785,dolomite
MAT-CARB-5798,0,303,-83.74349016868626,41.62014278968862,dolomite
MAT-CARB-5798,0,304,-83.74447889088506,41.615275618048976,dolomite
MAT-CARB-5798,0,305,-83.74497565847157,41.61297689438393,dolomite
MAT-CARB-5798,0,306,-83.74618595373515,41.61040095043171,dolomite
MAT-CARB-5798,0,307,-83.74719916498886,41.60688261443299,dolomite
MAT-CARB-5798,0,308,-83.74746899629122,41.60202278165239,dolomite
MAT-CARB-5798,0,309,-83.74864665754453,41.59769319014213,dolomite
MAT-CARB-5798,0,310,-83.7500012923483,41.593226788538956,dolomite
MAT-CARB-5798,0,311,-83.75029077302806,41.589446059911026,dolomite
MAT-CARB-5798,0,312,-83.75011663242495,41.580003490039225,dolomite
MAT-CARB-5798,0,313,-83.74973517228084,41.57879315604445,dolomite
MAT-CARB-5798,0,314,-83.75043594076546,41.57784143062063,dolomite
MAT-CARB-5798,0,315,-83.75036877032207,41.5741992762795,dolomite
MAT-CARB-5798,0,316,-83.74961582844391,41.57231821476193,dolomite
MAT-CARB-5798,0,317,-83.74884308854394,41.569357960086926,dolomite
MAT-CARB-5798,0,318,-83.74807534557338,41.56666750416643,dolomite
MAT-CARB-5798,0,319,-83.74822012346182,41.56477710064596,dolomite
MAT-CARB-5798,0,320,-83.74856670441132,41.56409888586757,dolomite
MAT-CARB-5798,0,321,-83.74837478958511,41.563426262532424,dolomite
MAT-CARB-5798,0,322,-83.7470860291507,41.561685650658866,dolomite
MAT-CARB-5798,0,323,-83.74669976655235,41.56020550340348,dolomite
MAT-CARB-5798,0,324,-83.7461463939923,41.55940170437902,dolomite
MAT-CARB-5798,0,325,-83.74542349667502,41.55913935933189,dolomite
MAT-CARB-5798,0,326,-83.74435149993043,41.55942029690636,dolomite
MAT-CARB-5798,0,327,-83.7440222223594,41.56104277673863,dolomite
MAT-CARB-5798,0,328,-83.74351590815029,41.56280200240035,dolomite
MAT-CARB-5798,0,329,-83.74247103277358,41.56456679007166,dolomite
MAT-CARB-5798,0,330,-83.74089252783813,41.566606936395544,dolomite
MAT-CARB-5798,0,331,-83.73929420410133,41.5675678701971,dolomite
MAT-CARB-5798,0,332,-83.73751386316087,41.56839573808461,dolomite
MAT-CARB-5798,0,333,-83.7360802438211,41.568545402432306,dolomite
MAT-CARB-5798,0,334,-83.73482363578935,41.56855831482678,dolomite
MAT-CARB-5798,0,335,-83.73409328267367,41.56789120132631,dolomite
MAT-CARB-5798,0,336,-83.73407364265078,41.56681203893331,dolomite
MAT-CARB-5798,0,337,-83.73459991582787,41.56613202256449,dolomite
MAT-CARB-5798,0,338,-83.73636547597881,41.56449481618291,dolomite
MAT-CARB-5798,0,339,-83.73652529737483,41.56341380500443,dolomite
MAT-CARB-5798,0,340,-83.73613679659432,41.56179873353827,dolomite
MAT-CARB-5798,0,341,-83.73556878974193,41.560185503880255,dolomite
MAT-CARB-5798,0,342,-83.73411324645048,41.559121083983904,dolomite
MAT-CARB-5798,0,343,-83.73338300194779,41.558453960837376,dolomite
MAT-CARB-5798,0,344,-83.7330024929501,41.55741538244763,dolomite
MAT-CARB-5798,0,345,-83.73352134364013,41.556330686006504,dolomite
MAT-CARB-5798,0,346,-83.73420243259,41.55429986353271,dolomite
MAT-CARB-5798,0,347,-83.7339419688977,41.54985005227023,dolomite
MAT-CARB-5798,0,348,-83.733002977256,41.547566007518945,dolomite
MAT-CARB-5798,0,349,-83.73279896830053,41.54621885157731,dolomite
MAT-CARB-5798,0,350,-83.73313338330392,41.54486617077072,dolomite
MAT-CARB-5798,0,351,-83.73292941687833,41.543519039039715,dolomite
MAT-CARB-5798,0,352,-83.73167474535529,41.540540680870635,dolomite
MAT-CARB-5798,0,353,-83.73484741494477,41.53026451658808,dolomite
MAT-CARB-5798,0,354,-83.73636855605832,41.52493646225226,dolomite
MAT-CARB-5798,0,355,-83.73663643836908,41.52399813837297,dolomite
MAT-CARB-5798,0,356,-83.73718887656632,41.51679358770546,dolomite
MAT-CARB-5798,0,357,-83.74036080537229,41.518277617076215,dolomite
MAT-CARB-5798,0,358,-83.74403402946056,41.520290659588326,dolomite
MAT-CARB-5798,0,359,-83.74513978710704,41.52109960200194,dolomite
MAT-CARB-5798,0,360,-83.74625062905386,41.52218194675396,dolomite
MAT-CARB-5798,0,361,-83.74681858681953,41.52340667567185,dolomite
MAT-CARB-5798,0,362,-83.74774517770778,41.52435418455208,dolomite
MAT-CARB-5798,0,363,-83.75047212473304,41.52432583424174,dolomite
MAT-CARB-5798,0,364,-83.75172452207535,41.523218931675316,dolomite
MAT-CARB-5798,0,365,-83.75296930525606,41.52170186782665,dolomite
MAT-CARB-5798,0,366,-83.75433521211652,41.51690189666019,dolomite
MAT-CARB-5798,0,367,-83.75440576937405,41.51088481516156,dolomite
MAT-CARB-5798,0,368,-83.75339599065346,41.50542592114748,dolomite
MAT-CARB-5798,0,369,-83.75270944255927,41.49777582880368,dolomite
MAT-CARB-5798,0,370,-83.75317639516771,41.493532116882314,dolomite
MAT-CARB-5798,0,371,-83.7547638167558,41.490917523729266,dolomite
MAT-CARB-5798,0,372,-83.75613326010352,41.48675702536648,dolomite
MAT-CARB-5798,0,373,-83.75605991302646,41.48279235931179,dolomite
MAT-CARB-5798,0,374,-83.75612775308379,41.47663839566583,dolomite
MAT-CARB-5798,0,375,-83.75680131013699,41.473759815377164,dolomite
MAT-CARB-5798,0,376,-83.75785834722635,41.47197111625927,dolomite
MAT-CARB-5798,0,377,-83.76001033849165,41.47044442226951,dolomite
MAT-CARB-5798,0,378,-83.76144577937902,41.469472147269755,dolomite
MAT-CARB-5798,0,379,-83.76288880639979,41.468910018924745,dolomite
MAT-CARB-5798,0,380,-83.76432926439921,41.468211160571485,dolomite
MAT-CARB-5798,0,381,-83.7648614853333,41.46752185756552,dolomite
MAT-CARB-5798,0,382,-83.76502530808861,41.46656292830791,dolomite
MAT-CARB-5798,0,383,-83.76555237757614,41.46560019634689,dolomite
MAT-CARB-5798,0,384,-83.76753766312993,41.4648955512364,dolomite
MAT-CARB-5798,0,385,-83.76844076495549,41.46461253213166,dolomite
MAT-CARB-5798,0,386,-83.76897543331513,41.464059894620135,dolomite
MAT-CARB-5798,0,387,-83.76912897175968,41.462554132820024,dolomite
MAT-CARB-5798,0,388,-83.7687529318408,41.461874408253934,dolomite
MAT-CARB-5798,0,389,-83.76765551130391,41.46147575564122,dolomite
MAT-CARB-5798,0,390,-83.76564994643398,41.461086699720134,dolomite
MAT-CARB-5798,0,391,-83.76492091047304,41.46095764473052,dolomite
MAT-CARB-5798,0,392,-83.76491072636195,41.46041079177134,dolomite
MAT-CARB-5798,0,393,-83.76559899756535,41.458352405652356,dolomite
MAT-CARB-5798,0,394,-83.76757131452148,41.45696418781545,dolomite
MAT-CARB-5798,0,395,-83.77008325156051,41.455296717003584,dolomite
MAT-CARB-5798,0,396,-83.77348774425096,41.452799276003816,dolomite
MAT-CARB-5798,0,397,-83.77579727331238,41.450039893048405,dolomite
MAT-CARB-5798,0,398,-83.77774085479969,41.44714761260316,dolomite
MAT-CARB-5798,0,399,-83.77916010534544,41.44535484706641,dolomite
MAT-CARB-5798,0,400,-83.78148974413287,41.443689057373085,dolomite
MAT-CARB-5798,0,401,-83.78239766706845,41.443679357971234,dolomite
MAT-CARB-5798,0,402,-83.78347422413742,41.442984136163965,dolomite
MAT-CARB-5798,0,403,-83.78401122074715,41.44256816387805,dolomite
MAT-CARB-5798,0,404,-83.78485962486346,41.43941394597988,dolomite
MAT-CARB-5798,0,405,-83.78629146691101,41.438304661558966,dolomite
MAT-CARB-5798,0,406,-83.78701256787971,41.43802344296245,dolomite
MAT-CARB-5798,0,407,-83.7898605041178,41.43498448170409,dolomite
MAT-CARB-5798,0,408,-83.79146333504443,41.43332628936125,dolomite
MAT-CARB-5798,0,409,-83.79304007253816,41.43030091414709,dolomite
MAT-CARB-5798,0,410,-83.79408246226066,41.42782825197492,dolomite
MAT-CARB-5798,0,411,-83.79671681709158,41.42315043361958,dolomite
MAT-CARB-5798,0,412,-83.79845109818338,41.41889254622831,dolomite
MAT-CARB-5798,0,413,-83.7989329420133,41.415605407571356,dolomite
MAT-CARB-5798,0,414,-83.79914892657371,41.41093836885437,dolomite
MAT-CARB-5798,0,415,-83.7992102173102,41.40464727725702,dolomite
MAT-CARB-5798,0,416,-83.80002607060084,41.399852254328714,dolomite
MAT-CARB-5798,0,417,-83.80088631549435,41.39738143961349,dolomite
MAT-CARB-5798,0,418,-83.80278799202976,41.39243780655102,dolomite
MAT-CARB-5798,0,419,-83.80330350564438,41.39092794344534,dolomite
MAT-CARB-5798,0,420,-83.804707791513,41.38845116611689,dolomite
MAT-CARB-5798,0,421,-83.80664575591742,41.38542155434813,dolomite
MAT-CARB-5798,0,422,-83.80928550116191,41.38115349263121,dolomite
MAT-CARB-5798,0,423,-83.81212214718094,41.37770370106773,dolomite
MAT-CARB-5798,0,424,-83.81514783447868,41.37466198028388,dolomite
MAT-CARB-5798,0,425,-83.81872007595449,41.37175093941489,dolomite
MAT-CARB-5798,0,426,-83.82121964485292,41.36967214635177,dolomite
MAT-CARB-5798,0,427,-83.82408718027999,41.36786270721115,dolomite
MAT-CARB-5798,0,428,-83.82605830785596,41.366610123339136,dolomite
MAT-CARB-5798,0,429,-83.82801872263703,41.364810643576625,dolomite
MAT-CARB-5798,0,430,-83.82872551804577,41.36384551837915,dolomite
MAT-CARB-5798,0,431,-83.82923486020596,41.362062092423194,dolomite
MAT-CARB-5798,0,432,-83.8287332934344,41.35495643613362,dolomite
MAT-CARB-5798,0,433,-83.82778119785584,41.35264215938528,dolomite
MAT-CARB-5798,0,434,-83.82784245755295,41.34648751594551,dolomite
MAT-CARB-5798,0,435,-83.8274558030471,41.345261014932994,dolomite
MAT-CARB-5798,0,436,-83.82596797233874,41.34336290542091,dolomite
MAT-CARB-5798,0,437,-83.82431754096068,41.342423880419496,dolomite
MAT-CARB-5798,0,438,-83.82248850113582,41.34162353104901,dolomite
MAT-CARB-5798,0,439,-83.82102212282845,41.34081918288852,dolomite
MAT-CARB-5798,0,440,-83.81988185016294,41.33875736299086,dolomite
MAT-CARB-5798,0,441,-83.82017814435801,41.33533520308267,dolomite
MAT-CARB-5798,0,442,-83.82154615338418,41.33108065500784,dolomite
MAT-CARB-5798,0,443,-83.82292993724961,41.32764646348912,dolomite
MAT-CARB-5798,0,444,-83.82434550502762,41.325852966801456,dolomite
MAT-CARB-5798,0,445,-83.82607557882132,41.321594354236034,dolomite
MAT-CARB-5798,0,446,-83.82635816591582,41.317488469317176,dolomite
MAT-CARB-5798,0,447,-83.82736296001612,41.31323783769225,dolomite
MAT-CARB-5798,0,448,-83.82889528701459,41.30816075433673,dolomite
MAT-CARB-5798,0,449,-83.8306807433933,41.30677331854134,dolomite
MAT-CARB-5798,0,450,-83.83139224659273,41.3060816186774,dolomite
MAT-CARB-5798,0,451,-83.8315467222805,41.3047123179813,dolomite
MAT-CARB-5798,0,452,-83.83260987511866,41.303469636987714,dolomite
MAT-CARB-5798,0,453,-83.8333293203191,41.30318811064849,dolomite
MAT-CARB-5798,0,454,-83.83621251726186,41.30233541783197,dolomite
MAT-CARB-5798,0,455,-83.83818421207634,41.30121929983856,dolomite
MAT-CARB-5798,0,456,-83.83943111547514,41.30011128561412,dolomite
MAT-CARB-5798,0,457,-83.84137575809261,41.29762782188488,dolomite
MAT-CARB-5798,0,458,-83.84244944009693,41.296931990858035,dolomite
MAT-CARB-5798,0,459,-83.84425048491882,41.296364744514555,dolomite
MAT-CARB-5798,0,460,-83.84533762427144,41.29635253321692,dolomite
MAT-CARB-5798,0,461,-83.84786338280801,41.295777085924364,dolomite
MAT-CARB-5798,0,462,-83.85474838309615,41.295699374848425,dolomite
MAT-CARB-5798,0,463,-83.85546493246798,41.295280957332324,dolomite
MAT-CARB-5798,0,464,-83.85627933071156,41.294784281594374,dolomite
MAT-CARB-5798,0,465,-83.85726849149576,41.2938088378459,dolomite
MAT-CARB-5798,0,466,-83.85741161479653,41.29293398039574,dolomite
MAT-CARB-5798,0,467,-83.85685717560871,41.292393197389686,dolomite
MAT-CARB-5798,0,468,-83.85575924941553,41.29185859529371,dolomite
MAT-CARB-5798,0,469,-83.85267115382696,41.291483247179706,dolomite
MAT-CARB-5798,0,470,-83.84739819737842,41.29058538991414,dolomite
MAT-CARB-5798,0,471,-83.84429940897117,41.289662878784284,dolomite
MAT-CARB-5798,0,472,-83.84356666427401,41.28926082422454,dolomite
MAT-CARB-5798,0,473,-83.84296922417542,41.28653229301804,dolomite
MAT-CARB-5798,0,474,-83.84222035286373,41.28530984710127,dolomite
MAT-CARB-5798,0,475,-83.84256376965703,41.284348643625314,dolomite
MAT-CARB-5798,0,476,-83.84346146823641,41.28392828935954,dolomite
MAT-CARB-5798,0,477,-83.84562717278813,41.28349368028255,dolomite
MAT-CARB-5798,0,478,-83.84796051002012,41.28237333876591,dolomite
MAT-CARB-5798,0,479,-83.85227819750936,41.280820236528974,dolomite
MAT-CARB-5798,0,480,-83.8562388819515,41.2795445708335,dolomite
MAT-CARB-5798,0,481,-83.8621754919299,41.27742570109379,dolomite
MAT-CARB-5798,0,482,-83.87352907176415,41.274423910616235,dolomite
MAT-CARB-5798,0,483,-83.87930018411438,41.27312664805286,dolomite
MAT-CARB-5798,0,484,-83.88768500106953,41.27135953751857,dolomite
MAT-CARB-5798,0,485,-83.89797221018189,41.26946188704619,dolomite
MAT-CARB-5798,0,486,-83.90393485732066,41.26870823906147,dolomite
MAT-CARB-5798,0,487,-83.91080286202487,41.267943649539546,dolomite
MAT-CARB-5798,0,488,-83.91531635360364,41.26720653354128,dolomite
MAT-CARB-5798,0,489,-83.91966007306297,41.26701831734996,dolomite
MAT-CARB-5798,0,490,-83.92254633134024,41.26643698429115,dolomite
MAT-CARB-5798,0,491,-83.93229717714324,41.264952998285615,dolomite
MAT-CARB-5798,0,492,-83.93735350620797,41.26420854569051,dolomite
MAT-CARB-5798,0,493,-83.94168829321214,41.26360933828717,dolomite
MAT-CARB-5798,0,494,-83.94601716287963,41.26273648598847,dolomite
MAT-CARB-5798,0,495,-83.94835104378105,41.261750901166394,dolomite
MAT-CARB-5798,0,496,-83.95,41.260266794624094,dolomite
MAT-CARB-5798,0,497,-83.95,41.27271079350698,dolomite
MAT-CARB-5798,0,498,-83.94672812231266,41.272366979446915,dolomite
MAT-CARB-5798,1,0,-83.94917582044758,41.249431846846655,dolomite
MAT-CARB-5798,1,1,-83.94371220147481,41.247993442396115,dolomite
MAT-CARB-5798,1,2,-83.94133248773024,41.24679123509732,dolomite
MAT-CARB-5798,1,3,-83.93985230296843,41.245304595534044,dolomite
MAT-CARB-5798,1,4,-83.939817635792,41.243663779956,dolomite
MAT-CARB-5798,1,5,-83.94048398322735,41.2409203833023,dolomite
MAT-CARB-5798,1,6,-83.94188019192826,41.238441743913526,dolomite
MAT-CARB-5798,1,7,-83.94398012516481,41.23499715707556,dolomite
MAT-CARB-5798,1,8,-83.94589303128319,41.231281273382024,dolomite
MAT-CARB-5798,1,9,-83.94783763892234,41.229069421057105,dolomite
MAT-CARB-5798,1,10,-83.94942887500063,41.22727212257029,dolomite
MAT-CARB-5798,1,11,-83.94996897553348,41.22712880646393,dolomite
MAT-CARB-5798,1,12,-83.95,41.22710460357129,dolomite
MAT-CARB-5798,1,13,-83.95,41.24975106549059,dolomite
MAT-CARB-5798,1,14,-83.94917582044758,41.249431846846655,dolomite
MAT-CARB-5799,0,0,-83.94824575460636,41.43186956118518,dolomite
MAT-CARB-5799,0,1,-83.94698155329635,41.43229574310564,dolomite
MAT-CARB-5799,0,2,-83.94335033669478,41.432613444201145,dolomite
MAT-CARB-5799,0,3,-83.94262293361243,41.432622192967116,dolomite
MAT-CARB-5799,0,4,-83.94135581486975,41.43291138324346,dolomite
MAT-CARB-5799,0,5,-83.93936123911487,41.43320928949626,dolomite
MAT-CARB-5799,0,6,-83.93664502273508,41.43378973848935,dolomite
MAT-CARB-5799,0,7,-83.93338318411914,41.434376672395494,dolomite
MAT-CARB-5799,0,8,-83.93157614847057,41.4349461670222,dolomite
MAT-CARB-5799,0,9,-83.92959011369886,41.43565473277919,dolomite
MAT-CARB-5799,0,10,-83.92868946420676,41.436076386128086,dolomite
MAT-CARB-5799,0,11,-83.92724033313505,41.43636759223242,dolomite
MAT-CARB-5799,0,12,-83.92398976985228,41.43750205070486,dolomite
MAT-CARB-5799,0,13,-83.92218830477617,41.43834526559929,dolomite
MAT-CARB-5799,0,14,-83.92183032100549,41.43862346670342,dolomite
MAT-CARB-5799,0,15,-83.92002879997457,41.43946667583895,dolomite
MAT-CARB-5799,0,16,-83.91750260240441,41.44045538521516,dolomite
MAT-CARB-5799,0,17,-83.9155162598691,41.44116371487036,dolomite
MAT-CARB-5799,0,18,-83.91498203495898,41.441717903388756,dolomite
MAT-CARB-5799,0,19,-83.91335655480823,41.44228497505456,dolomite
MAT-CARB-5799,0,20,-83.9122709642077,41.44257171404336,dolomite
MAT-CARB-5799,0,21,-83.90939499867147,41.4442492415791,dolomite
MAT-CARB-5799,0,22,-83.9081360003309,41.44494889965806,dolomite
MAT-CARB-5799,0,23,-83.90633697622599,41.445928829991665,dolomite
MAT-CARB-5799,0,24,-83.90560942588267,41.44593735427371,dolomite
MAT-CARB-5799,0,25,-83.90344940616288,41.447058459246804,dolomite
MAT-CARB-5799,0,26,-83.90309129975849,41.447336602480874,dolomite
MAT-CARB-5799,0,27,-83.90146837435309,41.44804044191918,dolomite
MAT-CARB-5799,0,28,-83.89858627179461,41.44944381392637,dolomite
MAT-CARB-5799,0,29,-83.89713672664672,41.44973465331416,dolomite
MAT-CARB-5799,0,30,-83.89660228498722,41.45028878357719,dolomite
MAT-CARB-5799,0,31,-83.89407815426073,41.45141392187744,dolomite
MAT-CARB-5799,0,32,-83.89192899398022,41.45308256446963,dolomite
MAT-CARB-5799,0,33,-83.889950422447,41.45420131017374,dolomite
MAT-CARB-5799,0,34,-83.887982978232,41.455867771527636,dolomite
MAT-CARB-5799,0,35,-83.88709578487892,41.45697381233037,dolomite
MAT-CARB-5799,0,36,-83.8856739667352,41.4586339508434,dolomite
MAT-CARB-5799,0,37,-83.88497416405212,41.460011761080985,dolomite
MAT-CARB-5799,0,38,-83.88409523984848,41.461528620512595,dolomite
MAT-CARB-5799,0,39,-83.88230936518006,41.463192881013526,dolomite
MAT-CARB-5799,0,40,-83.88178309117717,41.46415775521379,dolomite
MAT-CARB-5799,0,41,-83.88116673618218,41.46964377123291,dolomite
MAT-CARB-5799,0,42,-83.88046119759584,41.47074765710804,dolomite
MAT-CARB-5799,0,43,-83.87870557402003,41.47391820403408,dolomite
MAT-CARB-5799,0,44,-83.87676504743007,41.47695387551374,dolomite
MAT-CARB-5799,0,45,-83.87480493814569,41.47903090170875,dolomite
MAT-CARB-5799,0,46,-83.87230151927349,41.48125108902171,dolomite
MAT-CARB-5799,0,47,-83.87121793421015,41.481674375014585,dolomite
MAT-CARB-5799,0,48,-83.86781811456645,41.48458954573604,dolomite
MAT-CARB-5799,0,49,-83.86621325916548,41.48625148913903,dolomite
MAT-CARB-5799,0,50,-83.86262279051184,41.48875773532565,dolomite
MAT-CARB-5799,0,51,-83.86028964025867,41.49042785324038,dolomite
MAT-CARB-5799,0,52,-83.85813019579582,41.4916850013364,dolomite
MAT-CARB-5799,0,53,-83.8570682187771,41.49320368209591,dolomite
MAT-CARB-5799,0,54,-83.85624721329931,41.49460233943944,dolomite
MAT-CARB-5799,0,55,-83.85536993391885,41.49625589952071,dolomite
MAT-CARB-5799,0,56,-83.8550523368073,41.49858795073449,dolomite
MAT-CARB-5799,0,57,-83.85470195884434,41.49927674427025,dolomite
MAT-CARB-5799,0,58,-83.8538081577248,41.5001086475744,dolomite
MAT-CARB-5799,0,59,-83.85272961438775,41.500805639949654,dolomite
MAT-CARB-5799,0,60,-83.85182486004857,41.50108976804979,dolomite
MAT-CARB-5799,0,61,-83.84891226605936,41.50112251530093,dolomite
MAT-CARB-5799,0,62,-83.84837158573997,41.501402527566626,dolomite
MAT-CARB-5799,0,63,-83.84637187413438,41.50156191768127,dolomite
MAT-CARB-5799,0,64,-83.8451084501914,41.50212395540462,dolomite
MAT-CARB-5799,0,65,-83.84258699279634,41.5035218420644,dolomite
MAT-CARB-5799,0,66,-83.84223371868893,41.50407367076731,dolomite
MAT-CARB-5799,0,67,-83.84189401162395,41.505310182484706,dolomite
MAT-CARB-5799,0,68,-83.84262762325223,41.50557589667372,dolomite
MAT-CARB-5799,0,69,-83.84590449143374,41.505539222831054,dolomite
MAT-CARB-5799,0,70,-83.84700223967424,41.505800857060215,dolomite
MAT-CARB-5799,0,71,-83.84737451305264,41.50620760516016,dolomite
MAT-CARB-5799,0,72,-83.8473881050925,41.50689228835544,dolomite
MAT-CARB-5799,0,73,-83.84703213440993,41.507307176629496,dolomite
MAT-CARB-5799,0,74,-83.84614088578064,41.50827594242457,dolomite
MAT-CARB-5799,0,75,-83.84434200139452,41.50939184518991,dolomite
MAT-CARB-5799,0,76,-83.84344526564811,41.51008671124398,dolomite
MAT-CARB-5799,0,77,-83.84253763961912,41.51023381444644,dolomite
MAT-CARB-5799,0,78,-83.84181209981715,41.51037890430953,dolomite
MAT-CARB-5799,0,79,-83.8400050134065,41.51108390915569,dolomite
MAT-CARB-5799,0,80,-83.83802119552037,41.51206479277531,dolomite
MAT-CARB-5799,0,81,-83.83513233292774,41.513329642312215,dolomite
MAT-CARB-5799,0,82,-83.83188192043598,41.51473538381325,dolomite
MAT-CARB-5799,0,83,-83.829164206497,41.51545031319332,dolomite
MAT-CARB-5799,0,84,-83.82862336705797,41.515730232827345,dolomite
MAT-CARB-5799,0,85,-83.82607426976296,41.51575839810545,dolomite
MAT-CARB-5799,0,86,-83.82552535414052,41.51562747399919,dolomite
MAT-CARB-5799,0,87,-83.8247943738069,41.51549858275176,dolomite
MAT-CARB-5799,0,88,-83.82336446462058,41.51688399809088,dolomite
MAT-CARB-5799,0,89,-83.823383157532,41.51784255520886,dolomite
MAT-CARB-5799,0,90,-83.82412217666406,41.51838228424489,dolomite
MAT-CARB-5799,0,91,-83.8250406099514,41.51878304824453,dolomite
MAT-CARB-5799,0,92,-83.82559757490101,41.51932477583104,dolomite
MAT-CARB-5799,0,93,-83.82542084660847,41.51960066153354,dolomite
MAT-CARB-5799,0,94,-83.82507269720756,41.52042630900794,dolomite
MAT-CARB-5799,0,95,-83.82381408813792,41.52126196295601,dolomite
MAT-CARB-5799,0,96,-83.8227509168809,41.5227803025188,dolomite
MAT-CARB-5799,0,97,-83.82257950616682,41.52333005932428,dolomite
MAT-CARB-5799,0,98,-83.82297038125138,41.52469540185535,dolomite
MAT-CARB-5799,0,99,-83.82354874660214,41.526332610744475,dolomite
MAT-CARB-5799,0,100,-83.824137829516,41.52851756433288,dolomite
MAT-CARB-5799,0,101,-83.82379229025481,41.52948012553823,dolomite
MAT-CARB-5799,0,102,-83.82309587792439,41.53113136802758,dolomite
MAT-CARB-5799,0,103,-83.82185038597416,41.53265169258628,dolomite
MAT-CARB-5799,0,104,-83.8206075034731,41.53430892541119,dolomite
MAT-CARB-5799,0,105,-83.8190189518364,41.53692868415644,dolomite
MAT-CARB-5799,0,106,-83.81654877654861,41.54106468124625,dolomite
MAT-CARB-5799,0,107,-83.81585472553212,41.542852815374445,dolomite
MAT-CARB-5799,0,108,-83.81553293297725,41.545047748948804,dolomite
MAT-CARB-5799,0,109,-83.81605514175048,41.56257314640587,dolomite
MAT-CARB-5799,0,110,-83.81570931425892,41.56353565678712,dolomite
MAT-CARB-5799,0,111,-83.81555899504002,41.56518082471439,dolomite
MAT-CARB-5799,0,112,-83.81522111468125,41.56655411753938,dolomite
MAT-CARB-5799,0,113,-83.81419419523866,41.56998935707664,dolomite
MAT-CARB-5799,0,114,-83.81352962030496,41.571371749804854,dolomite
MAT-CARB-5799,0,115,-83.81194787550865,41.574402116521384,dolomite
MAT-CARB-5799,0,116,-83.81071457450734,41.5766069172255,dolomite
MAT-CARB-5799,0,117,-83.80982718711446,41.577849221163184,dolomite
MAT-CARB-5799,0,118,-83.80662065962144,41.5817189462607,dolomite
MAT-CARB-5799,0,119,-83.80519161907999,41.58324101320355,dolomite
MAT-CARB-5799,0,120,-83.80358285671984,41.58490195490632,dolomite
MAT-CARB-5799,0,121,-83.80071393101085,41.58739826508839,dolomite
MAT-CARB-5799,0,122,-83.79963866739631,41.58836859191374,dolomite
MAT-CARB-5799,0,123,-83.79801657360585,41.58934481091338,dolomite
MAT-CARB-5799,0,124,-83.79657146386658,41.59004518069486,dolomite
MAT-CARB-5799,0,125,-83.7963943965703,41.59032100761558,dolomite
MAT-CARB-5799,0,126,-83.79530859459236,41.590743569821775,dolomite
MAT-CARB-5799,0,127,-83.79332441150652,41.59186056641924,dolomite
MAT-CARB-5799,0,128,-83.7897021707217,41.5931320765313,dolomite
MAT-CARB-5799,0,129,-83.78825689434456,41.593832344144936,dolomite
MAT-CARB-5799,0,130,-83.78717618612201,41.59452869277358,dolomite
MAT-CARB-5799,0,131,-83.78682198673417,41.595080316116224,dolomite
MAT-CARB-5799,0,132,-83.78654319175241,41.599602845376424,dolomite
MAT-CARB-5799,0,133,-83.78620974978243,41.60124990330969,dolomite
MAT-CARB-5799,0,134,-83.78586593543459,41.60234921162505,dolomite
MAT-CARB-5799,0,135,-83.78499589298725,41.604549797893085,dolomite
MAT-CARB-5799,0,136,-83.78358922729292,41.607303927249056,dolomite
MAT-CARB-5799,0,137,-83.78165357063219,41.61102232247748,dolomite
MAT-CARB-5799,0,138,-83.78059322226964,41.61281403041681,dolomite
MAT-CARB-5799,0,139,-83.77954570913852,41.61529032710588,dolomite
MAT-CARB-5799,0,140,-83.77921719018894,41.61721119954828,dolomite
MAT-CARB-5799,0,141,-83.778351944001,41.619685537339144,dolomite
MAT-CARB-5799,0,142,-83.77729649909831,41.62175105832787,dolomite
MAT-CARB-5799,0,143,-83.7765876851071,41.62285419185158,dolomite
MAT-CARB-5799,0,144,-83.77569390976241,41.62382233988605,dolomite
MAT-CARB-5799,0,145,-83.77361873972079,41.629870227379385,dolomite
MAT-CARB-5799,0,146,-83.77277367253377,41.633439908879716,dolomite
MAT-CARB-5799,0,147,-83.77157661446962,41.63769807032038,dolomite
MAT-CARB-5799,0,148,-83.76968819867368,41.6440177127047,dolomite
MAT-CARB-5799,0,149,-83.76862954529139,41.645946175465255,dolomite
MAT-CARB-5799,0,150,-83.76793315462366,41.6477338720132,dolomite
MAT-CARB-5799,0,151,-83.76710146495923,41.65022100296239,dolomite
MAT-CARB-5799,0,152,-83.76588324008226,41.653383654256885,dolomite
MAT-CARB-5799,0,153,-83.76481665918594,41.65490128249227,dolomite
MAT-CARB-5799,0,154,-83.76411240765361,41.65627818557722,dolomite
MAT-CARB-5799,0,155,-83.76360083536775,41.65820083455378,dolomite
MAT-CARB-5799,0,156,-83.76200968774137,41.66095647086961,dolomite
MAT-CARB-5799,0,157,-83.76059326784339,41.66329944127663,dolomite
MAT-CARB-5799,0,158,-83.7568425793582,41.66772094503232,dolomite
MAT-CARB-5799,0,159,-83.75416105308322,41.67076174929589,dolomite
MAT-CARB-5799,0,160,-83.75183924893982,41.673524848065156,dolomite
MAT-CARB-5799,0,161,-83.75130691373143,41.67435204203692,dolomite
MAT-CARB-5799,0,162,-83.75005717545879,41.67587143502065,dolomite
MAT-CARB-5799,0,163,-83.74810256948577,41.67876756777304,dolomite
MAT-CARB-5799,0,164,-83.74686781009372,41.68110842107444,dolomite
MAT-CARB-5799,0,165,-83.74546052158038,41.683998827575394,dolomite
MAT-CARB-5799,0,166,-83.74530570875932,41.68550682867372,dolomite
MAT-CARB-5799,0,167,-83.74532586195569,41.68660216553624,dolomite
MAT-CARB-5799,0,168,-83.74610895472134,41.6894698992414,dolomite
MAT-CARB-5799,0,169,-83.74706456769651,41.691788079294476,dolomite
MAT-CARB-5799,0,170,-83.74713269017667,41.69548483933893,dolomite
MAT-CARB-5799,0,171,-83.74808593423045,41.697666065744265,dolomite
MAT-CARB-5799,0,172,-83.74849147006802,41.69985295803476,dolomite
MAT-CARB-5799,0,173,-83.74890970384732,41.70272442299085,dolomite
MAT-CARB-5799,0,174,-83.74948527084102,41.70422483174767,dolomite
MAT-CARB-5799,0,175,-83.74971589440463,41.70682434052487,dolomite
MAT-CARB-5799,0,176,-83.74956618148141,41.70860615194016,dolomite
MAT-CARB-5799,0,177,-83.74903354249042,41.709433310121,dolomite
MAT-CARB-5799,0,178,-83.74868348457146,41.710258600736005,dolomite
MAT-CARB-5799,0,179,-83.74870875386141,41.71162774765524,dolomite
MAT-CARB-5799,0,180,-83.75041296970923,41.71489668892187,dolomite
MAT-CARB-5799,0,181,-83.75135136093434,41.71625635192797,dolomite
MAT-CARB-5799,0,182,-83.75227965195303,41.71706833967274,dolomite
MAT-CARB-5799,0,183,-83.75229232463774,41.717752936214985,dolomite
MAT-CARB-5799,0,184,-83.75249778852444,41.71898324495983,dolomite
MAT-CARB-5799,0,185,-83.75178755204146,41.72008616534824,dolomite
MAT-CARB-5799,0,186,-83.75108231967879,41.721462885645344,dolomite
MAT-CARB-5799,0,187,-83.7507347923805,41.72242507523104,dolomite
MAT-CARB-5799,0,188,-83.7507130316951,41.72362590018499,dolomite
MAT-CARB-5799,0,189,-83.74897262773179,41.72367735090037,dolomite
MAT-CARB-5799,0,190,-83.74424574944409,41.7238325927588,dolomite
MAT-CARB-5799,0,191,-83.74382218604035,41.721653076696285,dolomite
MAT-CARB-5799,0,192,-83.74362945696573,41.72110732408422,dolomite
MAT-CARB-5799,0,193,-83.74265845824536,41.717967732316325,dolomite
MAT-CARB-5799,0,194,-83.74220523766299,41.713179526123746,dolomite
MAT-CARB-5799,0,195,-83.74195728843723,41.70962163511201,dolomite
MAT-CARB-5799,0,196,-83.74265861183301,41.707865330902266,dolomite
MAT-CARB-5799,0,197,-83.74165855247217,41.683226108257664,dolomite
MAT-CARB-5799,0,198,-83.74201106888694,41.682537752975236,dolomite
MAT-CARB-5799,0,199,-83.74242040222354,41.67500162988547,dolomite
MAT-CARB-5799,0,200,-83.74328519063796,41.67239076120673,dolomite
MAT-CARB-5799,0,201,-83.7439648385419,41.66964483003735,dolomite
MAT-CARB-5799,0,202,-83.74484708506122,41.66799238412025,dolomite
MAT-CARB-5799,0,203,-83.74609931514047,41.66660997124477,dolomite
MAT-CARB-5799,0,204,-83.74788376931333,41.664400360915955,dolomite
MAT-CARB-5799,0,205,-83.75073767171658,41.66081017271787,dolomite
MAT-CARB-5799,0,206,-83.75162723001596,41.659568394102344,dolomite
MAT-CARB-5799,0,207,-83.75340371501433,41.656947930363025,dolomite
MAT-CARB-5799,0,208,-83.75589971217006,41.65377215415633,dolomite
MAT-CARB-5799,0,209,-83.75714379175619,41.651978850104356,dolomite
MAT-CARB-5799,0,210,-83.75802548606467,41.65032625462896,dolomite
MAT-CARB-5799,0,211,-83.76013324699412,41.645921872961445,dolomite
MAT-CARB-5799,0,212,-83.76171132817868,41.64248163976585,dolomite
MAT-CARB-5799,0,213,-83.76311450794122,41.63945405349189,dolomite
MAT-CARB-5799,0,214,-83.76449452077775,41.63519412146603,dolomite
MAT-CARB-5799,0,215,-83.76572783466713,41.63285302075227,dolomite
MAT-CARB-5799,0,216,-83.76642024329455,41.632147955692,dolomite
MAT-CARB-5799,0,217,-83.76713188108295,41.631181803907886,dolomite
MAT-CARB-5799,0,218,-83.76711139179717,41.63008641750596,dolomite
MAT-CARB-5799,0,219,-83.76655914119995,41.629818350690556,dolomite
MAT-CARB-5799,0,220,-83.76564466470633,41.62969100394486,dolomite
MAT-CARB-5799,0,221,-83.76472248686417,41.62915291096133,dolomite
MAT-CARB-5799,0,222,-83.76398021481447,41.62847595380025,dolomite
MAT-CARB-5799,0,223,-83.76340752417444,41.62711245534813,dolomite
MAT-CARB-5799,0,224,-83.76355924756527,41.625467467613,dolomite
MAT-CARB-5799,0,225,-83.76462280054986,41.62381287071452,dolomite
MAT-CARB-5799,0,226,-83.76530624782605,41.62134058555431,dolomite
MAT-CARB-5799,0,227,-83.76503952615148,41.61682397022915,dolomite
MAT-CARB-5799,0,228,-83.76427180128489,41.614777777164235,dolomite
MAT-CARB-5799,0,229,-83.76316498653112,41.61410463826637,dolomite
MAT-CARB-5799,0,230,-83.76242540916553,41.61356457821881,dolomite
MAT-CARB-5799,0,231,-83.76058672540097,41.612762150406425,dolomite
MAT-CARB-5799,0,232,-83.7589329573226,41.61209470162582,dolomite
MAT-CARB-5799,0,233,-83.7574640900925,41.611562267155485,dolomite
MAT-CARB-5799,0,234,-83.75689932917147,41.61060949169302,dolomite
MAT-CARB-5799,0,235,-83.75669665305931,41.609515989057925,dolomite
MAT-CARB-5799,0,236,-83.75759054814661,41.60854799721888,dolomite
MAT-CARB-5799,0,237,-83.75865398133074,41.60689342890309,dolomite
MAT-CARB-5799,0,238,-83.75953505277549,41.6052407851685,dolomite
MAT-CARB-5799,0,239,-83.76004892334241,41.60345500851382,dolomite
MAT-CARB-5799,0,240,-83.7604008015059,41.60276655192943,dolomite
MAT-CARB-5799,0,241,-83.76037788334676,41.601534220915696,dolomite
MAT-CARB-5799,0,242,-83.76000564566107,41.60112726316522,dolomite
MAT-CARB-5799,0,243,-83.75981821916066,41.60085531213255,dolomite
MAT-CARB-5799,0,244,-83.76013702595112,41.59838679787911,dolomite
MAT-CARB-5799,0,245,-83.76047359811838,41.59687678061541,dolomite
MAT-CARB-5799,0,246,-83.76154187505244,41.59549603225604,dolomite
MAT-CARB-5799,0,247,-83.7628128344376,41.59520880733641,dolomite
MAT-CARB-5799,0,248,-83.76498245366717,41.59422731778123,dolomite
MAT-CARB-5799,0,249,-83.76660510339883,41.59325154881085,dolomite
MAT-CARB-5799,0,250,-83.76713917506932,41.59256117388217,dolomite
MAT-CARB-5799,0,251,-83.76912377353145,41.59144461033688,dolomite
MAT-CARB-5799,0,252,-83.77181433680533,41.58908793525231,dolomite
MAT-CARB-5799,0,253,-83.77324678610256,41.58770324579307,dolomite
MAT-CARB-5799,0,254,-83.77360105740406,41.58715165894869,dolomite
MAT-CARB-5799,0,255,-83.77556477884087,41.584939556096856,dolomite
MAT-CARB-5799,0,256,-83.77947636862177,41.57969367423731,dolomite
MAT-CARB-5799,0,257,-83.78231722610397,41.57569166268697,dolomite
MAT-CARB-5799,0,258,-83.7840903638284,41.57307055611516,dolomite
MAT-CARB-5799,0,259,-83.7860221707105,41.569215108994435,dolomite
MAT-CARB-5799,0,260,-83.78652208093322,41.566744509162795,dolomite
MAT-CARB-5799,0,261,-83.78721711384368,41.56495660836936,dolomite
MAT-CARB-5799,0,262,-83.7873733557528,41.56358534361593,dolomite
MAT-CARB-5799,0,263,-83.78681633320694,41.56304348644596,dolomite
MAT-CARB-5799,0,264,-83.78662374488648,41.56249769939278,dolomite
MAT-CARB-5799,0,265,-83.7858819477915,41.56182086648348,dolomite
MAT-CARB-5799,0,266,-83.78476540593891,41.5606001577933,dolomite
MAT-CARB-5799,0,267,-83.78492683982668,41.55950276097459,dolomite
MAT-CARB-5799,0,268,-83.78527564249173,41.558677284796524,dolomite
MAT-CARB-5799,0,269,-83.78650540356628,41.557559076324814,dolomite
MAT-CARB-5799,0,270,-83.78759592818032,41.55741042403335,dolomite
MAT-CARB-5799,0,271,-83.78867604116951,41.556714077071994,dolomite
MAT-CARB-5799,0,272,-83.78975877181615,41.556154613453174,dolomite
MAT-CARB-5799,0,273,-83.791021017699,41.55545626246486,dolomite
MAT-CARB-5799,0,274,-83.79209584684438,41.5544860133811,dolomite
MAT-CARB-5799,0,275,-83.79260847556802,41.55270002056523,dolomite
MAT-CARB-5799,0,276,-83.79291542214166,41.54968360339589,dolomite
MAT-CARB-5799,0,277,-83.79434138187621,41.54802471735506,dolomite
MAT-CARB-5799,0,278,-83.79504651102907,41.54678448659678,dolomite
MAT-CARB-5799,0,279,-83.7949863832505,41.54363502432399,dolomite
MAT-CARB-5799,0,280,-83.79473105878319,41.539802873635246,dolomite
MAT-CARB-5799,0,281,-83.79595894235747,41.53732432217402,dolomite
MAT-CARB-5799,0,282,-83.7982690482282,41.53428622988141,dolomite
MAT-CARB-5799,0,283,-83.80091882418212,41.531834483244765,dolomite
MAT-CARB-5799,0,284,-83.80366707404305,41.53080373637212,dolomite
MAT-CARB-5799,0,285,-83.80454395720403,41.530296110776874,dolomite
MAT-CARB-5799,0,286,-83.80524201655588,41.52957469263128,dolomite
MAT-CARB-5799,0,287,-83.80598975441372,41.52845012784005,dolomite
MAT-CARB-5799,0,288,-83.80615607724393,41.52762654832216,dolomite
MAT-CARB-5799,0,289,-83.80597110326136,41.525533560014495,dolomite
MAT-CARB-5799,0,290,-83.80552828269815,41.52471744919923,dolomite
MAT-CARB-5799,0,291,-83.80432147405547,41.52365978141481,dolomite
MAT-CARB-5799,0,292,-83.80297344454547,41.52314132454226,dolomite
MAT-CARB-5799,0,293,-83.80150878368556,41.522746312517526,dolomite
MAT-CARB-5799,0,294,-83.80002923934522,41.52256415610238,dolomite
MAT-CARB-5799,0,295,-83.79895682654646,41.52263694959835,dolomite
MAT-CARB-5799,0,296,-83.79841056466275,41.52264285431286,dolomite
MAT-CARB-5799,0,297,-83.79750271020659,41.52278964273859,dolomite
MAT-CARB-5799,0,298,-83.79614056695014,41.522713253589465,dolomite
MAT-CARB-5799,0,299,-83.79494814485754,41.52254326973338,dolomite
MAT-CARB-5799,0,300,-83.79200853011142,41.521205276019,dolomite
MAT-CARB-5799,0,301,-83.7901615853908,41.51985550853489,dolomite
MAT-CARB-5799,0,302,-83.78940981063305,41.51863088876051,dolomite
MAT-CARB-5799,0,303,-83.78934736791375,41.515344423543155,dolomite
MAT-CARB-5799,0,304,-83.79039815177887,41.51314171211392,dolomite
MAT-CARB-5799,0,305,-83.79050213346142,41.50903166182255,dolomite
MAT-CARB-5799,0,306,-83.7922444985926,41.50490398162871,dolomite
MAT-CARB-5799,0,307,-83.79290226719462,41.50119883435802,dolomite
MAT-CARB-5799,0,308,-83.79379157267464,41.50009353046454,dolomite
MAT-CARB-5799,0,309,-83.79487070960076,41.499397067058595,dolomite
MAT-CARB-5799,0,310,-83.7955857780392,41.49870452127278,dolomite
MAT-CARB-5799,0,311,-83.79649593030074,41.49869469951869,dolomite
MAT-CARB-5799,0,312,-83.79995975875997,41.49893119650354,dolomite
MAT-CARB-5799,0,313,-83.80050586618266,41.49892528423491,dolomite
MAT-CARB-5799,0,314,-83.80087253750226,41.49905826916718,dolomite
MAT-CARB-5799,0,315,-83.80159541873127,41.498776525082434,dolomite
MAT-CARB-5799,0,316,-83.80341572317677,41.49875678359952,dolomite
MAT-CARB-5799,0,317,-83.80503820715987,41.49791734506047,dolomite
MAT-CARB-5799,0,318,-83.8062966145246,41.49708187163226,dolomite
MAT-CARB-5799,0,319,-83.80737293818973,41.49624836642769,dolomite
MAT-CARB-5799,0,320,-83.80736766351599,41.4959744835157,dolomite
MAT-CARB-5799,0,321,-83.80826722143146,41.49541683394839,dolomite
MAT-CARB-5799,0,322,-83.80917468655917,41.49526996085528,dolomite
MAT-CARB-5799,0,323,-83.80989485034344,41.494851210676316,dolomite
MAT-CARB-5799,0,324,-83.81260661095965,41.49386284969119,dolomite
MAT-CARB-5799,0,325,-83.81405215831381,41.493299158602056,dolomite
MAT-CARB-5799,0,326,-83.81550825967064,41.493283216761,dolomite
MAT-CARB-5799,0,327,-83.81658975807355,41.4927235093004,dolomite
MAT-CARB-5799,0,328,-83.81731782060335,41.492715524999646,dolomite
MAT-CARB-5799,0,329,-83.819127314267,41.49214777868417,dolomite
MAT-CARB-5799,0,330,-83.82146949692488,41.49088932981462,dolomite
MAT-CARB-5799,0,331,-83.82236353692296,41.49005768870853,dolomite
MAT-CARB-5799,0,332,-83.82417825951686,41.48976374876136,dolomite
MAT-CARB-5799,0,333,-83.82633020878579,41.4880963701949,dolomite
MAT-CARB-5799,0,334,-83.82722147570816,41.48712776268096,dolomite
MAT-CARB-5799,0,335,-83.82775141776985,41.48630010143132,dolomite
MAT-CARB-5799,0,336,-83.83007177733342,41.48394594021007,dolomite
MAT-CARB-5799,0,337,-83.8315062270145,41.48283429218797,dolomite
MAT-CARB-5799,0,338,-83.8348316404221,41.480726832722546,dolomite
MAT-CARB-5799,0,339,-83.83699113066692,41.47947006526224,dolomite
MAT-CARB-5799,0,340,-83.84276298160748,41.476803234896344,dolomite
MAT-CARB-5799,0,341,-83.84581850184172,41.47485145090643,dolomite
MAT-CARB-5799,0,342,-83.84653822308475,41.47443247400406,dolomite
MAT-CARB-5799,0,343,-83.8481541558565,41.47331857747004,dolomite
MAT-CARB-5799,0,344,-83.85228200197919,41.47039576846348,dolomite
MAT-CARB-5799,0,345,-83.85407422616584,41.469005851916826,dolomite
MAT-CARB-5799,0,346,-83.85496484685332,41.46803702337559,dolomite
MAT-CARB-5799,0,347,-83.85729184984224,41.466093146121246,dolomite
MAT-CARB-5799,0,348,-83.8578985330054,41.46538557000223,dolomite
MAT-CARB-5799,0,349,-83.85854225059586,41.46437882410655,dolomite
MAT-CARB-5799,0,350,-83.85946321765654,41.46301203358952,dolomite
MAT-CARB-5799,0,351,-83.85974033237903,41.46113444577542,dolomite
MAT-CARB-5799,0,352,-83.85971017669321,41.45962809966107,dolomite
MAT-CARB-5799,0,353,-83.85914794918551,41.45881264211513,dolomite
MAT-CARB-5799,0,354,-83.85822738690351,41.458275160831064,dolomite
MAT-CARB-5799,0,355,-83.85622900506016,41.45843474769842,dolomite
MAT-CARB-5799,0,356,-83.85514837930981,41.458994827798726,dolomite
MAT-CARB-5799,0,357,-83.85352471529659,41.459698011737295,dolomite
MAT-CARB-5799,0,358,-83.8511720863161,41.46096397478832,dolomite
MAT-CARB-5799,0,359,-83.85014480390609,41.46176081962223,dolomite
MAT-CARB-5799,0,360,-83.84866443450726,41.46235517895324,dolomite
MAT-CARB-5799,0,361,-83.84702975953986,41.46251052341981,dolomite
MAT-CARB-5799,0,362,-83.84520769030408,41.46239396880934,dolomite
MAT-CARB-5799,0,363,-83.84392334431938,41.46186048396254,dolomite
MAT-CARB-5799,0,364,-83.8435459538117,41.461179848243574,dolomite
MAT-CARB-5799,0,365,-83.84351615723024,41.45967349814083,dolomite
MAT-CARB-5799,0,366,-83.84385018824183,41.45816307314668,dolomite
MAT-CARB-5799,0,367,-83.84581603187785,41.45636040757053,dolomite
MAT-CARB-5799,0,368,-83.84850673903159,41.45441260160328,dolomite
MAT-CARB-5799,0,369,-83.8493918064732,41.45316988478815,dolomite
MAT-CARB-5799,0,370,-83.84955738232311,41.452346194619544,dolomite
MAT-CARB-5799,0,371,-83.8496930248512,41.45001614328045,dolomite
MAT-CARB-5799,0,372,-83.8491146791579,41.44837895749213,dolomite
MAT-CARB-5799,0,373,-83.84687766346482,41.445664636767724,dolomite
MAT-CARB-5799,0,374,-83.84481724092456,41.44267433746119,dolomite
MAT-CARB-5799,0,375,-83.84460013619078,41.44089610957992,dolomite
MAT-CARB-5799,0,376,-83.84384283723028,41.43939788482117,dolomite
MAT-CARB-5799,0,377,-83.84380220961016,41.43734371944412,dolomite
MAT-CARB-5799,0,378,-83.8448446372731,41.43486649607031,dolomite
MAT-CARB-5799,0,379,-83.84627777332543,41.433754655017395,dolomite
MAT-CARB-5799,0,380,-83.84825646884873,41.432636638305304,dolomite
MAT-CARB-5799,0,381,-83.85240091720256,41.4306723228487,dolomite
MAT-CARB-5799,0,382,-83.85619235467307,41.42925979201187,dolomite
MAT-CARB-5799,0,383,-83.85800530728883,41.428965326334094,dolomite
MAT-CARB-5799,0,384,-83.85946005614844,41.42894885032919,dolomite
MAT-CARB-5799,0,385,-83.8607384544796,41.429208314738524,dolomite
MAT-CARB-5799,0,386,-83.86165041017335,41.42933493268403,dolomite
MAT-CARB-5799,0,387,-83.86200584673422,41.428919975083254,dolomite
MAT-CARB-5799,0,388,-83.86217944577113,41.4285070810507,dolomite
MAT-CARB-5799,0,389,-83.8621657203818,41.427822355711726,dolomite
MAT-CARB-5799,0,390,-83.86179382485211,41.42741565444145,dolomite
MAT-CARB-5799,0,391,-83.86122909538543,41.42646322368166,dolomite
MAT-CARB-5799,0,392,-83.86097047585466,41.42263084585081,dolomite
MAT-CARB-5799,0,393,-83.86130942258701,41.42139419685223,dolomite
MAT-CARB-5799,0,394,-83.86273105788693,41.4197343519285,dolomite
MAT-CARB-5799,0,395,-83.86326278871279,41.41904342381717,dolomite
MAT-CARB-5799,0,396,-83.86340064182708,41.41685022977084,dolomite
MAT-CARB-5799,0,397,-83.86430419002386,41.416565995409684,dolomite
MAT-CARB-5799,0,398,-83.86447774354826,41.41615309395828,dolomite
MAT-CARB-5799,0,399,-83.86573665777672,41.4154538777735,dolomite
MAT-CARB-5799,0,400,-83.86626828868691,41.41476296181222,dolomite
MAT-CARB-5799,0,401,-83.86570638947246,41.41394747762284,dolomite
MAT-CARB-5799,0,402,-83.86461555160109,41.41395989344084,dolomite
MAT-CARB-5799,0,403,-83.86095484149583,41.41276870274058,dolomite
MAT-CARB-5799,0,404,-83.85802144824088,41.41156916758746,dolomite
MAT-CARB-5799,0,405,-83.85654520650193,41.41049005525694,dolomite
MAT-CARB-5799,0,406,-83.85591028622689,41.40829322370079,dolomite
MAT-CARB-5799,0,407,-83.85624925352326,41.407056574815066,dolomite
MAT-CARB-5799,0,408,-83.85732353919863,41.406222561156405,dolomite
MAT-CARB-5799,0,409,-83.85964014198794,41.403867703441904,dolomite
MAT-CARB-5799,0,410,-83.86105048426035,41.40166005221388,dolomite
MAT-CARB-5799,0,411,-83.86227071080025,41.39904360668268,dolomite
MAT-CARB-5799,0,412,-83.86239761450203,41.39630257331132,dolomite
MAT-CARB-5799,0,413,-83.86253819418764,41.39424630571753,dolomite
MAT-CARB-5799,0,414,-83.86264583031702,41.390546640154305,dolomite
MAT-CARB-5799,0,415,-83.86262609019833,41.38849459889066,dolomite
MAT-CARB-5799,0,416,-83.86254429136652,41.38547953259957,dolomite
MAT-CARB-5799,0,417,-83.86224501017132,41.382916850263264,dolomite
MAT-CARB-5799,0,418,-83.86165832847173,41.377544714911494,dolomite
MAT-CARB-5799,0,419,-83.86178243895978,41.374666723466106,dolomite
MAT-CARB-5799,0,420,-83.86192577050585,41.37274733373042,dolomite
MAT-CARB-5799,0,421,-83.86224525116948,41.370551995941085,dolomite
MAT-CARB-5799,0,422,-83.86294730204564,41.369311187990846,dolomite
MAT-CARB-5799,0,423,-83.86296556328533,41.36789270667641,dolomite
MAT-CARB-5799,0,424,-83.86275096631427,41.36625134653273,dolomite
MAT-CARB-5799,0,425,-83.86266959804449,41.364519970937266,dolomite
MAT-CARB-5799,0,426,-83.86232948966719,41.3475379109083,dolomite
MAT-CARB-5799,0,427,-83.86326184269599,41.339679545534814,dolomite
MAT-CARB-5799,0,428,-83.86409024322573,41.335697563948194,dolomite
MAT-CARB-5799,0,429,-83.86598054102842,41.330333563182386,dolomite
MAT-CARB-5799,0,430,-83.8668389219643,41.327858010184165,dolomite
MAT-CARB-5799,0,431,-83.86907539397268,41.32166808341612,dolomite
MAT-CARB-5799,0,432,-83.87102283501056,41.31918002700271,dolomite
MAT-CARB-5799,0,433,-83.87350371943305,41.316137878092874,dolomite
MAT-CARB-5799,0,434,-83.87563240282067,41.31364765361652,dolomite
MAT-CARB-5799,0,435,-83.87831380724451,41.31156201376697,dolomite
MAT-CARB-5799,0,436,-83.87902605354971,41.310868867742975,dolomite
MAT-CARB-5799,0,437,-83.88063757237381,41.3097543895169,dolomite
MAT-CARB-5799,0,438,-83.88420397875218,41.306562460660444,dolomite
MAT-CARB-5799,0,439,-83.88544672923157,41.30517818886299,dolomite
MAT-CARB-5799,0,440,-83.88847094379899,41.30212939575151,dolomite
MAT-CARB-5799,0,441,-83.89256707435197,41.29824611912976,dolomite
MAT-CARB-5799,0,442,-83.89596488141098,41.29574071576102,dolomite
MAT-CARB-5799,0,443,-83.89846629842641,41.29379365981154,dolomite
MAT-CARB-5799,0,444,-83.90186934157838,41.291562003211695,dolomite
MAT-CARB-5799,0,445,-83.904381733467,41.29016263688483,dolomite
MAT-CARB-5799,0,446,-83.90672101462123,41.28917624804283,dolomite
MAT-CARB-5799,0,447,-83.90905459627542,41.287915861436296,dolomite
MAT-CARB-5799,0,448,-83.91370728686253,41.28471020705521,dolomite
MAT-CARB-5799,0,449,-83.91603200734107,41.28303880794859,dolomite
MAT-CARB-5799,0,450,-83.91745512171205,41.28165206003312,dolomite
MAT-CARB-5799,0,451,-83.9226455593135,41.278165643356836,dolomite
MAT-CARB-5799,0,452,-83.92497560463899,41.27676801446329,dolomite
MAT-CARB-5799,0,453,-83.92658843297288,41.2757898379803,dolomite
MAT-CARB-5799,0,454,-83.92882356935422,41.27410714071903,dolomite
MAT-CARB-5799,0,455,-83.92935636657427,41.27355279049814,dolomite
MAT-CARB-5799,0,456,-83.93238585129411,41.27091369071467,dolomite
MAT-CARB-5799,0,457,-83.93363850193329,41.27007673371087,dolomite
MAT-CARB-5799,0,458,-83.93579815073207,41.269228884180905,dolomite
MAT-CARB-5799,0,459,-83.93706228489533,41.268939715258895,dolomite
MAT-CARB-5799,0,460,-83.93923925249908,41.268913553572936,dolomite
MAT-CARB-5799,0,461,-83.94087772554613,41.26916783275252,dolomite
MAT-CARB-5799,0,462,-83.94234354055783,41.26983515034295,dolomite
MAT-CARB-5799,0,463,-83.94369297983602,41.2710255892969,dolomite
MAT-CARB-5799,0,464,-83.94560874338445,41.27208777241721,dolomite
MAT-CARB-5799,0,465,-83.94672812231266,41.272366979446915,dolomite
MAT-CARB-5799,0,466,-83.95,41.27271079350698,dolomite
MAT-CARB-5799,0,467,-83.95,41.43160739401685,dolomite
MAT-CARB-5799,0,468,-83.94824575460636,41.43186956118518,dolomite
MAT-CARB-5800,0,0,-83.94967998936343,41.46987658575104,dolomite
MAT-CARB-5800,0,1,-83.94468869951774,41.46623848848318,dolomite
MAT-CARB-5800,0,2,-83.94303087396707,41.46529960619825,dolomite
MAT-CARB-5800,0,3,-83.94210956096128,41.464762798720166,dolomite
MAT-CARB-5800,0,4,-83.93973568062124,41.46438035123152,dolomite
MAT-CARB-5800,0,5,-83.93737631832322,41.46468258054152,dolomite
MAT-CARB-5800,0,6,-83.93574758034121,41.46511298925614,dolomite
MAT-CARB-5800,0,7,-83.93375496208604,41.46554774976269,dolomite
MAT-CARB-5800,0,8,-83.93122803018879,41.46653669927489,dolomite
MAT-CARB-5800,0,9,-83.92619120127713,41.46933611446829,dolomite
MAT-CARB-5800,0,10,-83.92332309233439,41.471424722282016,dolomite
MAT-CARB-5800,0,11,-83.92115968827734,41.47240916756101,dolomite
MAT-CARB-5800,0,12,-83.91772538221771,41.4735455490706,dolomite
MAT-CARB-5800,0,13,-83.91601438470956,41.47406289642293,dolomite
MAT-CARB-5800,0,14,-83.91483686325601,41.47467539905459,dolomite
MAT-CARB-5800,0,15,-83.91417685131213,41.475027512576894,dolomite
MAT-CARB-5800,0,16,-83.9134966092325,41.47555577319014,dolomite
MAT-CARB-5800,0,17,-83.91302895482477,41.47591894635089,dolomite
MAT-CARB-5800,0,18,-83.91269032559927,41.4764813092112,dolomite
MAT-CARB-5800,0,19,-83.91164692354216,41.47882208228462,dolomite
MAT-CARB-5800,0,20,-83.91094747629099,41.48020002072553,dolomite
MAT-CARB-5800,0,21,-83.91060341365251,41.48116286964875,dolomite
MAT-CARB-5800,0,22,-83.91011152921463,41.48377108595979,dolomite
MAT-CARB-5800,0,23,-83.90957692498118,41.48432523116942,dolomite
MAT-CARB-5800,0,24,-83.90777975401829,41.48544207785259,dolomite
MAT-CARB-5800,0,25,-83.90342893044541,41.486314850269665,dolomite
MAT-CARB-5800,0,26,-83.89907517280217,41.48705051032294,dolomite
MAT-CARB-5800,0,27,-83.8945421059593,41.48792505290436,dolomite
MAT-CARB-5800,0,28,-83.88890295215242,41.488127370298876,dolomite
MAT-CARB-5800,0,29,-83.8869093217801,41.48856131798877,dolomite
MAT-CARB-5800,0,30,-83.88529086821404,41.48953879536949,dolomite
MAT-CARB-5800,0,31,-83.88350711299387,41.49133996160494,dolomite
MAT-CARB-5800,0,32,-83.88245132228545,41.49313271951903,dolomite
MAT-CARB-5800,0,33,-83.88119392572892,41.493968993287616,dolomite
MAT-CARB-5800,0,34,-83.8790264470076,41.49481570697061,dolomite
MAT-CARB-5800,0,35,-83.87594877867646,41.49567283953259,dolomite
MAT-CARB-5800,0,36,-83.87449541301986,41.49582644040387,dolomite
MAT-CARB-5800,0,37,-83.87323509863381,41.4965257028071,dolomite
MAT-CARB-5800,0,38,-83.87199140059529,41.498046562719104,dolomite
MAT-CARB-5800,0,39,-83.87060429638522,41.501486584243004,dolomite
MAT-CARB-5800,0,40,-83.86797586987826,41.50658434031653,dolomite
MAT-CARB-5800,0,41,-83.86676492423425,41.50974837013809,dolomite
MAT-CARB-5800,0,42,-83.86555941240748,41.51318622806282,dolomite
MAT-CARB-5800,0,43,-83.86525861499517,41.516339873511036,dolomite
MAT-CARB-5800,0,44,-83.86368321469786,41.519507984335924,dolomite
MAT-CARB-5800,0,45,-83.86374650884959,41.522657447528765,dolomite
MAT-CARB-5800,0,46,-83.8630401357401,41.523761182684815,dolomite
MAT-CARB-5800,0,47,-83.86231453165176,41.52390639432236,dolomite
MAT-CARB-5800,0,48,-83.86140401452104,41.52391671502658,dolomite
MAT-CARB-5800,0,49,-83.86103434336492,41.52364696682921,dolomite
MAT-CARB-5800,0,50,-83.86030320925752,41.5235182925017,dolomite
MAT-CARB-5800,0,51,-83.85938450370095,41.523117799671,dolomite
MAT-CARB-5800,0,52,-83.85845758433067,41.52230647403356,dolomite
MAT-CARB-5800,0,53,-83.85752794841115,41.521358244373914,dolomite
MAT-CARB-5800,0,54,-83.8562423526432,41.520824890252065,dolomite
MAT-CARB-5800,0,55,-83.85550855881365,41.520559234745186,dolomite
MAT-CARB-5800,0,56,-83.85495681411952,41.52029154914928,dolomite
MAT-CARB-5800,0,57,-83.85423119279952,41.52043668538022,dolomite
MAT-CARB-5800,0,58,-83.85314686937366,41.52085979457784,dolomite
MAT-CARB-5800,0,59,-83.8518940543794,41.52196961734987,dolomite
MAT-CARB-5800,0,60,-83.85100813546524,41.52321228223765,dolomite
MAT-CARB-5800,0,61,-83.85066849193048,41.52444877166721,dolomite
MAT-CARB-5800,0,62,-83.85087511778431,41.52567911812303,dolomite
MAT-CARB-5800,0,63,-83.85197430532699,41.526775991732386,dolomite
MAT-CARB-5800,0,64,-83.85401023331764,41.52839662249817,dolomite
MAT-CARB-5800,0,65,-83.85676924038326,41.529735147734925,dolomite
MAT-CARB-5800,0,66,-83.8597214777585,41.53161926481328,dolomite
MAT-CARB-5800,0,67,-83.86029526118986,41.53298241549346,dolomite
MAT-CARB-5800,0,68,-83.86012961891645,41.533806065696645,dolomite
MAT-CARB-5800,0,69,-83.85961616648339,41.53545545224339,dolomite
MAT-CARB-5800,0,70,-83.8589041435923,41.536285279473375,dolomite
MAT-CARB-5800,0,71,-83.85747723273688,41.537807998506274,dolomite
MAT-CARB-5800,0,72,-83.85657751791011,41.53836602430611,dolomite
MAT-CARB-5800,0,73,-83.8493574370834,41.5417344149197,dolomite
MAT-CARB-5800,0,74,-83.84809876837477,41.542570307914154,dolomite
MAT-CARB-5800,0,75,-83.84737017447442,41.54257847847614,dolomite
MAT-CARB-5800,0,76,-83.8455813014021,41.54424205300563,dolomite
MAT-CARB-5800,0,77,-83.84434964145902,41.54644722734011,dolomite
MAT-CARB-5800,0,78,-83.84401518739632,41.54795757076521,dolomite
MAT-CARB-5800,0,79,-83.8440314670105,41.548779151380394,dolomite
MAT-CARB-5800,0,80,-83.84423804659602,41.55000948414433,dolomite
MAT-CARB-5800,0,81,-83.84630166798885,41.55299955604059,dolomite
MAT-CARB-5800,0,82,-83.84779989591365,41.5550371640926,dolomite
MAT-CARB-5800,0,83,-83.84912965596995,41.55776147598371,dolomite
MAT-CARB-5800,0,84,-83.84890960654906,41.56502283894417,dolomite
MAT-CARB-5800,0,85,-83.84753628859195,41.56928396678723,dolomite
MAT-CARB-5800,0,86,-83.84683464231298,41.5706614270045,dolomite
MAT-CARB-5800,0,87,-83.84508300860082,41.57424197175787,dolomite
MAT-CARB-5800,0,88,-83.84241188532737,41.577421875424534,dolomite
MAT-CARB-5800,0,89,-83.8390088031108,41.580472886014796,dolomite
MAT-CARB-5800,0,90,-83.83649510366756,41.582418248875996,dolomite
MAT-CARB-5800,0,91,-83.83489525314182,41.58449038839036,dolomite
MAT-CARB-5800,0,92,-83.8336598572444,41.58655846083713,dolomite
MAT-CARB-5800,0,93,-83.83278083596952,41.588211673341696,dolomite
MAT-CARB-5800,0,94,-83.83228514446641,41.590819336311256,dolomite
MAT-CARB-5800,0,95,-83.83157216901348,41.59164896307906,dolomite
MAT-CARB-5800,0,96,-83.8306742142708,41.592343685631484,dolomite
MAT-CARB-5800,0,97,-83.8301327310634,41.59262359430319,dolomite
MAT-CARB-5800,0,98,-83.82375821477507,41.59296784010003,dolomite
MAT-CARB-5800,0,99,-83.82085503778603,41.59368453994062,dolomite
MAT-CARB-5800,0,100,-83.81976396555189,41.5938334623023,dolomite
MAT-CARB-5800,0,101,-83.81886319674247,41.59439117923253,dolomite
MAT-CARB-5800,0,102,-83.81705895308038,41.59536962112434,dolomite
MAT-CARB-5800,0,103,-83.81651738948376,41.5956494677757,dolomite
MAT-CARB-5800,0,104,-83.81489005169445,41.59635204885446,dolomite
MAT-CARB-5800,0,105,-83.81253883642755,41.59733642549884,dolomite
MAT-CARB-5800,0,106,-83.8110963549422,41.59817388086507,dolomite
MAT-CARB-5800,0,107,-83.81110430123083,41.59858465591431,dolomite
MAT-CARB-5800,0,108,-83.80949006476766,41.599971795658746,dolomite
MAT-CARB-5800,0,109,-83.80912283011618,41.599838820914705,dolomite
MAT-CARB-5800,0,110,-83.8066101949872,41.60192046975737,dolomite
MAT-CARB-5800,0,111,-83.8055692352016,41.60262293823613,dolomite
MAT-CARB-5800,0,112,-83.8046735048923,41.60345440295214,dolomite
MAT-CARB-5800,0,113,-83.8039600585662,41.60428385702371,dolomite
MAT-CARB-5800,0,114,-83.8018117608959,41.60636144455731,dolomite
MAT-CARB-5800,0,115,-83.80126741694315,41.60650427736947,dolomite
MAT-CARB-5800,0,116,-83.80019714848298,41.607748422907356,dolomite
MAT-CARB-5800,0,117,-83.79930390967435,41.608716758884334,dolomite
MAT-CARB-5800,0,118,-83.79841851608444,41.61009585924065,dolomite
MAT-CARB-5800,0,119,-83.79735334522302,41.611613832672006,dolomite
MAT-CARB-5800,0,120,-83.79613202396806,41.61450301215212,dolomite
MAT-CARB-5800,0,121,-83.79509028652653,41.61725326850979,dolomite
MAT-CARB-5800,0,122,-83.79457988793222,41.61917611428886,dolomite
MAT-CARB-5800,0,123,-83.79467407823374,41.62410535649931,dolomite
MAT-CARB-5800,0,124,-83.79506235512852,41.62533375971525,dolomite
MAT-CARB-5800,0,125,-83.79622210238304,41.62874504575241,dolomite
MAT-CARB-5800,0,126,-83.79634262898173,41.63504347494104,dolomite
MAT-CARB-5800,0,127,-83.7958294755865,41.63682935769739,dolomite
MAT-CARB-5800,0,128,-83.79513127811452,41.63848028682139,dolomite
MAT-CARB-5800,0,129,-83.79407085590942,41.64027204346903,dolomite
MAT-CARB-5800,0,130,-83.79196025386055,41.64440319166428,dolomite
MAT-CARB-5800,0,131,-83.79125405195866,41.6456433005491,dolomite
MAT-CARB-5800,0,132,-83.79018819857103,41.64716119077689,dolomite
MAT-CARB-5800,0,133,-83.78878346344793,41.65005213450204,dolomite
MAT-CARB-5800,0,134,-83.78737083671193,41.65253232430201,dolomite
MAT-CARB-5800,0,135,-83.78416471940822,41.65667501962332,dolomite
MAT-CARB-5800,0,136,-83.7809530286313,41.66054374142293,dolomite
MAT-CARB-5800,0,137,-83.7795243349861,41.66220230850676,dolomite
MAT-CARB-5800,0,138,-83.77737861608078,41.6645531725664,dolomite
MAT-CARB-5800,0,139,-83.77540744971738,41.66649130832148,dolomite
MAT-CARB-5800,0,140,-83.77325887712303,41.66870518183274,dolomite
MAT-CARB-5800,0,141,-83.77219736616541,41.67049669871858,dolomite
MAT-CARB-5800,0,142,-83.77135432415898,41.67420312330174,dolomite
MAT-CARB-5800,0,143,-83.77034924045228,41.67900682243007,dolomite
MAT-CARB-5800,0,144,-83.76861631277144,41.682499065231106,dolomite
MAT-CARB-5800,0,145,-83.76701714523902,41.684843934140694,dolomite
MAT-CARB-5800,0,146,-83.76523785925536,41.6873276284313,dolomite
MAT-CARB-5800,0,147,-83.76382103531176,41.68967055450476,dolomite
MAT-CARB-5800,0,148,-83.7637126357052,41.69364301069483,dolomite
MAT-CARB-5800,0,149,-83.76409307724492,41.6944606952383,dolomite
MAT-CARB-5800,0,150,-83.76412632502344,41.69624060124454,dolomite
MAT-CARB-5800,0,151,-83.76365787781202,41.70049070200062,dolomite
MAT-CARB-5800,0,152,-83.76330296874859,41.70104220464825,dolomite
MAT-CARB-5800,0,153,-83.76240797021237,41.70201016013209,dolomite
MAT-CARB-5800,0,154,-83.76186532733708,41.70228973463348,dolomite
MAT-CARB-5800,0,155,-83.76097284352505,41.703394610178066,dolomite
MAT-CARB-5800,0,156,-83.76103153034433,41.706543653430685,dolomite
MAT-CARB-5800,0,157,-83.7612294260932,41.707363220944224,dolomite
MAT-CARB-5800,0,158,-83.76129578541918,41.710922990802445,dolomite
MAT-CARB-5800,0,159,-83.76225732970242,41.713514784941836,dolomite
MAT-CARB-5800,0,160,-83.76301333414237,41.71487627139209,dolomite
MAT-CARB-5800,0,161,-83.76321127827066,41.7156958295501,dolomite
MAT-CARB-5800,0,162,-83.76358931676904,41.71637656906306,dolomite
MAT-CARB-5800,0,163,-83.76341693498182,41.71692614935596,dolomite
MAT-CARB-5800,0,164,-83.76290229095518,41.718711735160376,dolomite
MAT-CARB-5800,0,165,-83.76237229069538,41.719675874597506,dolomite
MAT-CARB-5800,0,166,-83.76221777269093,41.7211838220686,dolomite
MAT-CARB-5800,0,167,-83.7626009429184,41.72213839292269,dolomite
MAT-CARB-5800,0,168,-83.76334692539804,41.72325172959042,dolomite
MAT-CARB-5800,0,169,-83.7507130316951,41.72362590018499,dolomite
MAT-CARB-5800,0,170,-83.7507347923805,41.72242507523104,dolomite
MAT-CARB-5800,0,171,-83.75108231967879,41.721462885645344,dolomite
MAT-CARB-5800,0,172,-83.75178755204146,41.72008616534824,dolomite
MAT-CARB-5800,0,173,-83.75249778852444,41.71898324495983,dolomite
MAT-CARB-5800,0,174,-83.75229232463774,41.717752936214985,dolomite
MAT-CARB-5800,0,175,-83.75227965195303,41.71706833967274,dolomite
MAT-CARB-5800,0,176,-83.75135136093434,41.71625635192797,dolomite
MAT-CARB-5800,0,177,-83.75041296970923,41.71489668892187,dolomite
MAT-CARB-5800,0,178,-83.74870875386141,41.71162774765524,dolomite
MAT-CARB-5800,0,179,-83.74868348457146,41.710258600736005,dolomite
MAT-CARB-5800,0,180,-83.74903354249042,41.709433310121,dolomite
MAT-CARB-5800,0,181,-83.74956618148141,41.70860615194016,dolomite
MAT-CARB-5800,0,182,-83.74971589440463,41.70682434052487,dolomite
MAT-CARB-5800,0,183,-83.74948527084102,41.70422483174767,dolomite
MAT-CARB-5800,0,184,-83.74890970384732,41.70272442299085,dolomite
MAT-CARB-5800,0,185,-83.74849147006802,41.69985295803476,dolomite
MAT-CARB-5800,0,186,-83.74808593423045,41.697666065744265,dolomite
MAT-CARB-5800,0,187,-83.74713269017667,41.69548483933893,dolomite
MAT-CARB-5800,0,188,-83.74706456769651,41.691788079294476,dolomite
MAT-CARB-5800,0,189,-83.74610895472134,41.6894698992414,dolomite
MAT-CARB-5800,0,190,-83.74532586195569,41.68660216553624,dolomite
MAT-CARB-5800,0,191,-83.74530570875932,41.68550682867372,dolomite
MAT-CARB-5800,0,192,-83.74546052158038,41.683998827575394,dolomite
MAT-CARB-5800,0,193,-83.74686781009372,41.68110842107444,dolomite
MAT-CARB-5800,0,194,-83.74810256948577,41.67876756777304,dolomite
MAT-CARB-5800,0,195,-83.75005717545879,41.67587143502065,dolomite
MAT-CARB-5800,0,196,-83.75130691373143,41.67435204203692,dolomite
MAT-CARB-5800,0,197,-83.75183924893982,41.673524848065156,dolomite
MAT-CARB-5800,0,198,-83.75416105308322,41.67076174929589,dolomite
MAT-CARB-5800,0,199,-83.7568425793582,41.66772094503232,dolomite
MAT-CARB-5800,0,200,-83.76059326784339,41.66329944127663,dolomite
MAT-CARB-5800,0,201,-83.76200968774137,41.66095647086961,dolomite
MAT-CARB-5800,0,202,-83.76360083536775,41.65820083455378,dolomite
MAT-CARB-5800,0,203,-83.76411240765361,41.65627818557722,dolomite
MAT-CARB-5800,0,204,-83.76481665918594,41.65490128249227,dolomite
MAT-CARB-5800,0,205,-83.76588324008226,41.653383654256885,dolomite
MAT-CARB-5800,0,206,-83.76710146495923,41.65022100296239,dolomite
MAT-CARB-5800,0,207,-83.76793315462366,41.6477338720132,dolomite
MAT-CARB-5800,0,208,-83.76862954529139,41.645946175465255,dolomite
MAT-CARB-5800,0,209,-83.76968819867368,41.6440177127047,dolomite
MAT-CARB-5800,0,210,-83.77157661446962,41.63769807032038,dolomite
MAT-CARB-5800,0,211,-83.77277367253377,41.633439908879716,dolomite
MAT-CARB-5800,0,212,-83.77361873972079,41.629870227379385,dolomite
MAT-CARB-5800,0,213,-83.77569390976241,41.62382233988605,dolomite
MAT-CARB-5800,0,214,-83.7765876851071,41.62285419185158,dolomite
MAT-CARB-5800,0,215,-83.77729649909831,41.62175105832787,dolomite
MAT-CARB-5800,0,216,-83.778351944001,41.619685537339144,dolomite
MAT-CARB-5800,0,217,-83.77921719018894,41.61721119954828,dolomite
MAT-CARB-5800,0,218,-83.77954570913852,41.61529032710588,dolomite
MAT-CARB-5800,0,219,-83.78059322226964,41.61281403041681,dolomite
MAT-CARB-5800,0,220,-83.78165357063219,41.61102232247748,dolomite
MAT-CARB-5800,0,221,-83.78358922729292,41.607303927249056,dolomite
MAT-CARB-5800,0,222,-83.78499589298725,41.604549797893085,dolomite
MAT-CARB-5800,0,223,-83.78586593543459,41.60234921162505,dolomite
MAT-CARB-5800,0,224,-83.78620974978243,41.60124990330969,dolomite
MAT-CARB-5800,0,225,-83.78654319175241,41.599602845376424,dolomite
MAT-CARB-5800,0,226,-83.78682198673417,41.595080316116224,dolomite
MAT-CARB-5800,0,227,-83.78717618612201,41.59452869277358,dolomite
MAT-CARB-5800,0,228,-83.78825689434456,41.593832344144936,dolomite
MAT-CARB-5800,0,229,-83.7897021707217,41.5931320765313,dolomite
MAT-CARB-5800,0,230,-83.79332441150652,41.59186056641924,dolomite
MAT-CARB-5800,0,231,-83.79530859459236,41.590743569821775,dolomite
MAT-CARB-5800,0,232,-83.7963943965703,41.59032100761558,dolomite
MAT-CARB-5800,0,233,-83.79657146386658,41.59004518069486,dolomite
MAT-CARB-5800,0,234,-83.79801657360585,41.58934481091338,dolomite
MAT-CARB-5800,0,235,-83.79963866739631,41.58836859191374,dolomite
MAT-CARB-5800,0,236,-83.80071393101085,41.58739826508839,dolomite
MAT-CARB-5800,0,237,-83.80358285671984,41.58490195490632,dolomite
MAT-CARB-5800,0,238,-83.80519161907999,41.58324101320355,dolomite
MAT-CARB-5800,0,239,-83.80662065962144,41.5817189462607,dolomite
MAT-CARB-5800,0,240,-83.80982718711446,41.577849221163184,dolomite
MAT-CARB-5800,0,241,-83.81071457450734,41.5766069172255,dolomite
MAT-CARB-5800,0,242,-83.81194787550865,41.574402116521384,dolomite
MAT-CARB-5800,0,243,-83.81352962030496,41.571371749804854,dolomite
MAT-CARB-5800,0,244,-83.81419419523866,41.56998935707664,dolomite
MAT-CARB-5800,0,245,-83.81522111468125,41.56655411753938,dolomite
MAT-CARB-5800,0,246,-83.81555899504002,41.56518082471439,dolomite
MAT-CARB-5800,0,247,-83.81570931425892,41.56353565678712,dolomite
MAT-CARB-5800,0,248,-83.81605514175048,41.56257314640587,dolomite
MAT-CARB-5800,0,249,-83.81553293297725,41.545047748948804,dolomite
MAT-CARB-5800,0,250,-83.81585472553212,41.542852815374445,dolomite
MAT-CARB-5800,0,251,-83.81654877654861,41.54106468124625,dolomite
MAT-CARB-5800,0,252,-83.8190189518364,41.53692868415644,dolomite
MAT-CARB-5800,0,253,-83.8206075034731,41.53430892541119,dolomite
MAT-CARB-5800,0,254,-83.82185038597416,41.53265169258628,dolomite
MAT-CARB-5800,0,255,-83.82309587792439,41.53113136802758,dolomite
MAT-CARB-5800,0,256,-83.82379229025481,41.52948012553823,dolomite
MAT-CARB-5800,0,257,-83.824137829516,41.52851756433288,dolomite
MAT-CARB-5800,0,258,-83.82354874660214,41.526332610744475,dolomite
MAT-CARB-5800,0,259,-83.82297038125138,41.52469540185535,dolomite
MAT-CARB-5800,0,260,-83.82257950616682,41.52333005932428,dolomite
MAT-CARB-5800,0,261,-83.8227509168809,41.5227803025188,dolomite
MAT-CARB-5800,0,262,-83.82381408813792,41.52126196295601,dolomite
MAT-CARB-5800,0,263,-83.82507269720756,41.52042630900794,dolomite
MAT-CARB-5800,0,264,-83.82542084660847,41.51960066153354,dolomite
MAT-CARB-5800,0,265,-83.82559757490101,41.51932477583104,dolomite
MAT-CARB-5800,0,266,-83.8250406099514,41.51878304824453,dolomite
MAT-CARB-5800,0,267,-83.82412217666406,41.51838228424489,dolomite
MAT-CARB-5800,0,268,-83.823383157532,41.51784255520886,dolomite
MAT-CARB-5800,0,269,-83.82336446462058,41.51688399809088,dolomite
MAT-CARB-5800,0,270,-83.8247943738069,41.51549858275176,dolomite
MAT-CARB-5800,0,271,-83.82552535414052,41.51562747399919,dolomite
MAT-CARB-5800,0,272,-83.82607426976296,41.51575839810545,dolomite
MAT-CARB-5800,0,273,-83.82862336705797,41.515730232827345,dolomite
MAT-CARB-5800,0,274,-83.829164206497,41.51545031319332,dolomite
MAT-CARB-5800,0,275,-83.83188192043598,41.51473538381325,dolomite
MAT-CARB-5800,0,276,-83.83513233292774,41.513329642312215,dolomite
MAT-CARB-5800,0,277,-83.83802119552037,41.51206479277531,dolomite
MAT-CARB-5800,0,278,-83.8400050134065,41.51108390915569,dolomite
MAT-CARB-5800,0,279,-83.84181209981715,41.51037890430953,dolomite
MAT-CARB-5800,0,280,-83.84253763961912,41.51023381444644,dolomite
MAT-CARB-5800,0,281,-83.84344526564811,41.51008671124398,dolomite
MAT-CARB-5800,0,282,-83.84434200139452,41.50939184518991,dolomite
MAT-CARB-5800,0,283,-83.84614088578064,41.50827594242457,dolomite
MAT-CARB-5800,0,284,-83.84703213440993,41.507307176629496,dolomite
MAT-CARB-5800,0,285,-83.8473881050925,41.50689228835544,dolomite
MAT-CARB-5800,0,286,-83.84737451305264,41.50620760516016,dolomite
MAT-CARB-5800,0,287,-83.84700223967424,41.505800857060215,dolomite
MAT-CARB-5800,0,288,-83.84590449143374,41.505539222831054,dolomite
MAT-CARB-5800,0,289,-83.84262762325223,41.50557589667372,dolomite
MAT-CARB-5800,0,290,-83.84189401162395,41.505310182484706,dolomite
MAT-CARB-5800,0,291,-83.84223371868893,41.50407367076731,dolomite
MAT-CARB-5800,0,292,-83.84258699279634,41.5035218420644,dolomite
MAT-CARB-5800,0,293,-83.8451084501914,41.50212395540462,dolomite
MAT-CARB-5800,0,294,-83.84637187413438,41.50156191768127,dolomite
MAT-CARB-5800,0,295,-83.84837158573997,41.501402527566626,dolomite
MAT-CARB-5800,0,296,-83.84891226605936,41.50112251530093,dolomite
MAT-CARB-5800,0,297,-83.85182486004857,41.50108976804979,dolomite
MAT-CARB-5800,0,298,-83.85272961438775,41.500805639949654,dolomite
MAT-CARB-5800,0,299,-83.8538081577248,41.5001086475744,dolomite
MAT-CARB-5800,0,300,-83.85470195884434,41.49927674427025,dolomite
MAT-CARB-5800,0,301,-83.8550523368073,41.49858795073449,dolomite
MAT-CARB-5800,0,302,-83.85536993391885,41.49625589952071,dolomite
MAT-CARB-5800,0,303,-83.85624721329931,41.49460233943944,dolomite
MAT-CARB-5800,0,304,-83.8570682187771,41.49320368209591,dolomite
MAT-CARB-5800,0,305,-83.85813019579582,41.4916850013364,dolomite
MAT-CARB-5800,0,306,-83.86028964025867,41.49042785324038,dolomite
MAT-CARB-5800,0,307,-83.86262279051184,41.48875773532565,dolomite
MAT-CARB-5800,0,308,-83.86621325916548,41.48625148913903,dolomite
MAT-CARB-5800,0,309,-83.86781811456645,41.48458954573604,dolomite
MAT-CARB-5800,0,310,-83.87121793421015,41.481674375014585,dolomite
MAT-CARB-5800,0,311,-83.87230151927349,41.48125108902171,dolomite
MAT-CARB-5800,0,312,-83.87480493814569,41.47903090170875,dolomite
MAT-CARB-5800,0,313,-83.87676504743007,41.47695387551374,dolomite
MAT-CARB-5800,0,314,-83.87870557402003,41.47391820403408,dolomite
MAT-CARB-5800,0,315,-83.88046119759584,41.47074765710804,dolomite
MAT-CARB-5800,0,316,-83.88116673618218,41.46964377123291,dolomite
MAT-CARB-5800,0,317,-83.88178309117717,41.46415775521379,dolomite
MAT-CARB-5800,0,318,-83.88230936518006,41.463192881013526,dolomite
MAT-CARB-5800,0,319,-83.88409523984848,41.461528620512595,dolomite
MAT-CARB-5800,0,320,-83.88497416405212,41.460011761080985,dolomite
MAT-CARB-5800,0,321,-83.8856739667352,41.4586339508434,dolomite
MAT-CARB-5800,0,322,-83.88709578487892,41.45697381233037,dolomite
MAT-CARB-5800,0,323,-83.887982978232,41.455867771527636,dolomite
MAT-CARB-5800,0,324,-83.889950422447,41.45420131017374,dolomite
MAT-CARB-5800,0,325,-83.89192899398022,41.45308256446963,dolomite
MAT-CARB-5800,0,326,-83.89407815426073,41.45141392187744,dolomite
MAT-CARB-5800,0,327,-83.89660228498722,41.45028878357719,dolomite
MAT-CARB-5800,0,328,-83.89713672664672,41.44973465331416,dolomite
MAT-CARB-5800,0,329,-83.89858627179461,41.44944381392637,dolomite
MAT-CARB-5800,0,330,-83.90146837435309,41.44804044191918,dolomite
MAT-CARB-5800,0,331,-83.90309129975849,41.447336602480874,dolomite
MAT-CARB-5800,0,332,-83.90344940616288,41.447058459246804,dolomite
MAT-CARB-5800,0,333,-83.90560942588267,41.44593735427371,dolomite
MAT-CARB-5800,0,334,-83.90633697622599,41.445928829991665,dolomite
MAT-CARB-5800,0,335,-83.9081360003309,41.44494889965806,dolomite
MAT-CARB-5800,0,336,-83.90939499867147,41.4442492415791,dolomite
MAT-CARB-5800,0,337,-83.9122709642077,41.44257171404336,dolomite
MAT-CARB-5800,0,338,-83.91335655480823,41.44228497505456,dolomite
MAT-CARB-5800,0,339,-83.91498203495898,41.441717903388756,dolomite
MAT-CARB-5800,0,340,-83.9155162598691,41.44116371487036,dolomite
MAT-CARB-5800,0,341,-83.91750260240441,41.44045538521516,dolomite
MAT-CARB-5800,0,342,-83.92002879997457,41.43946667583895,dolomite
MAT-CARB-5800,0,343,-83.92183032100549,41.43862346670342,dolomite
MAT-CARB-5800,0,344,-83.92218830477617,41.43834526559929,dolomite
MAT-CARB-5800,0,345,-83.92398976985228,41.43750205070486,dolomite
MAT-CARB-5800,0,346,-83.92724033313505,41.43636759223242,dolomite
MAT-CARB-5800,0,347,-83.92868946420676,41.436076386128086,dolomite
MAT-CARB-5800,0,348,-83.92959011369886,41.43565473277919,dolomite
MAT-CARB-5800,0,349,-83.93157614847057,41.4349461670222,dolomite
MAT-CARB-5800,0,350,-83.93338318411914,41.434376672395494,dolomite
MAT-CARB-5800,0,351,-83.93664502273508,41.43378973848935,dolomite
MAT-CARB-5800,0,352,-83.93936123911487,41.43320928949626,dolomite
MAT-CARB-5800,0,353,-83.94135581486975,41.43291138324346,dolomite
MAT-CARB-5800,0,354,-83.94262293361243,41.432622192967116,dolomite
MAT-CARB-5800,0,355,-83.94335033669478,41.432613444201145,dolomite
MAT-CARB-5800,0,356,-83.94698155329635,41.43229574310564,dolomite
MAT-CARB-5800,0,357,-83.94824575460636,41.43186956118518,dolomite
MAT-CARB-5800,0,358,-83.95,41.43160739401685,dolomite
MAT-CARB-5800,0,359,-83.95,41.470018502759174,dolomite
MAT-CARB-5800,0,360,-83.94967998936343,41.46987658575104,dolomite
MAT-CARB-162,0,0,-83.5175682624141,41.20578423624045,dolomite
MAT-CARB-162,0,1,-83.51792541979505,41.2057811959622,dolomite
MAT-CARB-162,0,2,-83.51846311661083,41.20591156848921,dolomite
MAT-CARB-162,0,3,-83.51864977683302,41.20644981220074,dolomite
MAT-CARB-162,0,4,-83.51865380861229,41.20671970844009,dolomite
MAT-CARB-162,0,5,-83.5184873023222,41.207530890936106,dolomite
MAT-CARB-162,0,6,-83.51778710440617,41.20848156827005,dolomite
MAT-CARB-162,0,7,-83.51637659311989,41.209708210716755,dolomite
MAT-CARB-162,0,8,-83.5154977700717,41.21066039092108,dolomite
MAT-CARB-162,0,9,-83.51479348194438,41.21134118059185,dolomite
MAT-CARB-162,0,10,-83.51535938497109,41.2133607504173,dolomite
MAT-CARB-162,0,11,-83.5155439950078,41.21376406259531,dolomite
MAT-CARB-162,0,12,-83.5168343862792,41.216452275006496,dolomite
MAT-CARB-162,0,13,-83.51811480392895,41.218465774737105,dolomite
MAT-CARB-162,0,14,-83.52011376737937,41.22074303157005,dolomite
MAT-CARB-162,0,15,-83.52137613090572,41.22154201253405,dolomite
MAT-CARB-162,0,16,-83.52246400436223,41.22261239947625,dolomite
MAT-CARB-162,0,17,-83.52409786904398,41.22435287889137,dolomite
MAT-CARB-162,0,18,-83.52555929381144,41.22649968989959,dolomite
MAT-CARB-162,0,19,-83.5268584518842,41.22972752427827,dolomite
MAT-CARB-162,0,20,-83.52758518546877,41.2305310338765,dolomite
MAT-CARB-162,0,21,-83.52907333628022,41.234432012152524,dolomite
MAT-CARB-162,0,22,-83.52981645643519,41.236315038198256,dolomite
MAT-CARB-162,0,23,-83.52982868939912,41.2371246803052,dolomite
MAT-CARB-162,0,24,-83.52968266389425,41.23928525229301,dolomite
MAT-CARB-162,0,25,-83.52918743609119,41.24198864580013,dolomite
MAT-CARB-162,0,26,-83.52797544842845,41.24456324468497,dolomite
MAT-CARB-162,0,27,-83.52658063493345,41.24686947172493,dolomite
MAT-CARB-162,0,28,-83.52412378592317,41.249859565241394,dolomite
MAT-CARB-162,0,29,-83.52236728462967,41.25189893317649,dolomite
MAT-CARB-162,0,30,-83.52201396986914,41.252171873332465,dolomite
MAT-CARB-162,0,31,-83.52025532515306,41.25407624971673,dolomite
MAT-CARB-162,0,32,-83.5184864976365,41.25530592264347,dolomite
MAT-CARB-162,0,33,-83.51707100122988,41.25626264435533,dolomite
MAT-CARB-162,0,34,-83.51618152561035,41.25654012225731,dolomite
MAT-CARB-162,0,35,-83.51494466730834,41.25749530020756,dolomite
MAT-CARB-162,0,36,-83.51352506115028,41.25818209240851,dolomite
MAT-CARB-162,0,37,-83.51086246315813,41.25941921390895,dolomite
MAT-CARB-162,0,38,-83.50712551028536,41.260530375327406,dolomite
MAT-CARB-162,0,39,-83.5057017787717,41.260947214886514,dolomite
MAT-CARB-162,0,40,-83.50391461573498,41.26096222180463,dolomite
MAT-CARB-162,0,41,-83.50249284086205,41.26151395219766,dolomite
MAT-CARB-162,0,42,-83.50053293630084,41.261935220175545,dolomite
MAT-CARB-162,0,43,-83.49624960533194,41.26237582161774,dolomite
MAT-CARB-162,0,44,-83.49392430577697,41.262260184947856,dolomite
MAT-CARB-162,0,45,-83.49087825548567,41.261745636807106,dolomite
MAT-CARB-162,0,46,-83.48800704406342,41.26095964923049,dolomite
MAT-CARB-162,0,47,-83.48655387892445,41.25935220831588,dolomite
MAT-CARB-162,0,48,-83.4852794793559,41.257743249076555,dolomite
MAT-CARB-162,0,49,-83.48199273252142,41.252911879564614,dolomite
MAT-CARB-162,0,50,-83.48109150092986,41.25237946013021,dolomite
MAT-CARB-162,0,51,-83.47891617445121,41.25023799763371,dolomite
MAT-CARB-162,0,52,-83.47638553697237,41.248234340262414,dolomite
MAT-CARB-162,0,53,-83.47566887811473,41.248105240146536,dolomite
MAT-CARB-162,0,54,-83.4751270684649,41.24770478984506,dolomite
MAT-CARB-162,0,55,-83.47475810874622,41.246898060992024,dolomite
MAT-CARB-162,0,56,-83.47349578590519,41.24609860342489,dolomite
MAT-CARB-162,0,57,-83.47205097848558,41.24503072127,dolomite
MAT-CARB-162,0,58,-83.47079064402966,41.24436616544802,dolomite
MAT-CARB-162,0,59,-83.46844682741923,41.24290066233809,dolomite
MAT-CARB-162,0,60,-83.46609928586074,41.24116522067843,dolomite
MAT-CARB-162,0,61,-83.46554416957612,41.23982014703108,dolomite
MAT-CARB-162,0,62,-83.46622820105843,41.237655326613364,dolomite
MAT-CARB-162,0,63,-83.46656639155094,41.23630303520522,dolomite
MAT-CARB-162,0,64,-83.46690644637938,41.23508567419194,dolomite
MAT-CARB-162,0,65,-83.46953626184487,41.23155551692898,dolomite
MAT-CARB-162,0,66,-83.47024697286449,41.23127982978422,dolomite
MAT-CARB-162,0,67,-83.47147821224667,41.229920269345655,dolomite
MAT-CARB-162,0,68,-83.47182969027585,41.22951254104913,dolomite
MAT-CARB-162,0,69,-83.47288802368782,41.228559242028034,dolomite
MAT-CARB-162,0,70,-83.47535986663273,41.22651474081596,dolomite
MAT-CARB-162,0,71,-83.47589575020068,41.226510369336836,dolomite
MAT-CARB-162,0,72,-83.47659671737392,41.22555995006552,dolomite
MAT-CARB-162,0,73,-83.47694817864307,41.225152205113886,dolomite
MAT-CARB-162,0,74,-83.47765492276646,41.22460660607295,dolomite
MAT-CARB-162,0,75,-83.47854413847794,41.22432940798442,dolomite
MAT-CARB-162,0,76,-83.47924892269813,41.223648838398745,dolomite
MAT-CARB-162,0,77,-83.48084093691084,41.222556142798574,dolomite
MAT-CARB-162,0,78,-83.48155150839796,41.22228038664718,dolomite
MAT-CARB-162,0,79,-83.48367150700693,41.22064349125479,dolomite
MAT-CARB-162,0,80,-83.4849120334326,41.2199584777017,dolomite
MAT-CARB-162,0,81,-83.48739105772552,41.21845350464705,dolomite
MAT-CARB-162,0,82,-83.48952058883144,41.21749117030578,dolomite
MAT-CARB-162,0,83,-83.48987189488876,41.21708338524812,dolomite
MAT-CARB-162,0,84,-83.49076296033019,41.21694105576379,dolomite
MAT-CARB-162,0,85,-83.49324367510437,41.215570892318624,dolomite
MAT-CARB-162,0,86,-83.4951964193417,41.214744899564955,dolomite
MAT-CARB-162,0,87,-83.49679191534523,41.213921852619805,dolomite
MAT-CARB-162,0,88,-83.49910176588249,41.21309281688831,dolomite
MAT-CARB-162,0,89,-83.50070311749622,41.21267454662554,dolomite
MAT-CARB-162,0,90,-83.50301681210543,41.212115330579195,dolomite
MAT-CARB-162,0,91,-83.50496735024089,41.21115424196316,dolomite
MAT-CARB-162,0,92,-83.50868965547447,41.20923347413655,dolomite
MAT-CARB-162,0,93,-83.51046346354279,41.20840873455145,dolomite
MAT-CARB-162,0,94,-83.51294150354761,41.20690319165667,dolomite
MAT-CARB-162,0,95,-83.51542743570882,41.2059373891091,dolomite
MAT-CARB-162,0,96,-83.51595913386946,41.20566294155288,dolomite
MAT-CARB-162,0,97,-83.5175682624141,41.20578423624045,dolomite
MAT-CARB-5815,0,0,-83.59841361652155,41.12018302903933,dolomite
MAT-CARB-5815,0,1,-83.59937051063902,41.12422333313445,dolomite
MAT-CARB-5815,0,2,-83.60009918491437,41.1251614039706,dolomite
MAT-CARB-5815,0,3,-83.6013541860575,41.12555474568846,dolomite
MAT-CARB-5815,0,4,-83.60314432349958,41.12594313179799,dolomite
MAT-CARB-5815,0,5,-83.60546738480937,41.126191597867034,dolomite
MAT-CARB-5815,0,6,-83.60690301116287,41.12671817009761,dolomite
MAT-CARB-5815,0,7,-83.60816030707926,41.12724640754062,dolomite
MAT-CARB-5815,0,8,-83.60995930328295,41.128174480453815,dolomite
MAT-CARB-5815,0,9,-83.610864291116,41.128975885027884,dolomite
MAT-CARB-5815,0,10,-83.61265237315438,41.12922918734645,dolomite
MAT-CARB-5815,0,11,-83.61498215597615,41.129882288823005,dolomite
MAT-CARB-5815,0,12,-83.6167768995811,41.130540377078304,dolomite
MAT-CARB-5815,0,13,-83.61750363529762,41.13134339782329,dolomite
MAT-CARB-5815,0,14,-83.61876994385524,41.13241128150983,dolomite
MAT-CARB-5815,0,15,-83.61951221439844,41.13415894950359,dolomite
MAT-CARB-5815,0,16,-83.6200938613705,41.136987854269236,dolomite
MAT-CARB-5815,0,17,-83.62118193419556,41.1380573808671,dolomite
MAT-CARB-5815,0,18,-83.62208052993412,41.13845384968957,dolomite
MAT-CARB-5815,0,19,-83.62314867394645,41.13830884972335,dolomite
MAT-CARB-5815,0,20,-83.62385557110305,41.137897292231465,dolomite
MAT-CARB-5815,0,21,-83.62526489065338,41.136804258270566,dolomite
MAT-CARB-5815,0,22,-83.62685925938426,41.13611439663071,dolomite
MAT-CARB-5815,0,23,-83.62845578977776,41.13555942567487,dolomite
MAT-CARB-5815,0,24,-83.63005679895507,41.135274366479,dolomite
MAT-CARB-5815,0,25,-83.63308929176094,41.135245634097636,dolomite
MAT-CARB-5815,0,26,-83.6341528779825,41.134830629240376,dolomite
MAT-CARB-5815,0,27,-83.6348596727801,41.13441900560417,dolomite
MAT-CARB-5815,0,28,-83.63537911107022,41.133469260954755,dolomite
MAT-CARB-5815,0,29,-83.63482377920276,41.132259809285905,dolomite
MAT-CARB-5815,0,30,-83.63410355545116,41.13186174088061,dolomite
MAT-CARB-5815,0,31,-83.63266761121075,41.1313354975923,dolomite
MAT-CARB-5815,0,32,-83.6310488193977,41.13054101955595,dolomite
MAT-CARB-5815,0,33,-83.63032416750055,41.12987304812504,dolomite
MAT-CARB-5815,0,34,-83.63011230013149,41.127850499019125,dolomite
MAT-CARB-5815,0,35,-83.63044666333059,41.1264976114177,dolomite
MAT-CARB-5815,0,36,-83.63149447416738,41.12513799064127,dolomite
MAT-CARB-5815,0,37,-83.63308623138899,41.12431307266072,dolomite
MAT-CARB-5815,0,38,-83.63503242830498,41.12334980225205,dolomite
MAT-CARB-5815,0,39,-83.63663312328124,41.12306462499422,dolomite
MAT-CARB-5815,0,40,-83.63752036976582,41.12278622487014,dolomite
MAT-CARB-5815,0,41,-83.63930388474567,41.12276922095042,dolomite
MAT-CARB-5815,0,42,-83.64091582331002,41.12315874306631,dolomite
MAT-CARB-5815,0,43,-83.64181659463873,41.12369003532922,dolomite
MAT-CARB-5815,0,44,-83.64271286219994,41.12395138528932,dolomite
MAT-CARB-5815,0,45,-83.64485312954471,41.12393088420231,dolomite
MAT-CARB-5815,0,46,-83.64556427555569,41.12378910190867,dolomite
MAT-CARB-5815,0,47,-83.64697975726885,41.12310064906207,dolomite
MAT-CARB-5815,0,48,-83.64768635331465,41.122688946092076,dolomite
MAT-CARB-5815,0,49,-83.64839748050764,41.122547146801196,dolomite
MAT-CARB-5815,0,50,-83.64858263066152,41.12295027961397,dolomite
MAT-CARB-5815,0,51,-83.64898249616394,41.12551087407012,dolomite
MAT-CARB-5815,0,52,-83.64970273965977,41.12590885453808,dolomite
MAT-CARB-5815,0,53,-83.65024236863205,41.12617360876596,dolomite
MAT-CARB-5815,0,54,-83.65150226555778,41.12683632985815,dolomite
MAT-CARB-5815,0,55,-83.65186579760625,41.127237736387954,dolomite
MAT-CARB-5815,0,56,-83.65188628896414,41.12845227587349,dolomite
MAT-CARB-5815,0,57,-83.65245100401066,41.13020143679662,dolomite
MAT-CARB-5815,0,58,-83.65317131720687,41.130599395018756,dolomite
MAT-CARB-5815,0,59,-83.65442904194832,41.131127116375474,dolomite
MAT-CARB-5815,0,60,-83.65674789261284,41.1311046778748,dolomite
MAT-CARB-5815,0,61,-83.65799192057676,41.13082269846605,dolomite
MAT-CARB-5815,0,62,-83.65941200651581,41.130404007806696,dolomite
MAT-CARB-5815,0,63,-83.66119112420137,41.13011677102325,dolomite
MAT-CARB-5815,0,64,-83.66261347378384,41.129832981410935,dolomite
MAT-CARB-5815,0,65,-83.66368139672949,41.12968761808875,dolomite
MAT-CARB-5815,0,66,-83.66510603035104,41.12953876544154,dolomite
MAT-CARB-5815,0,67,-83.6674825210187,41.13027371738442,dolomite
MAT-CARB-5815,0,68,-83.66834962709257,41.13384752138402,dolomite
MAT-CARB-5815,0,69,-83.66822818576685,41.136005291356305,dolomite
MAT-CARB-5815,0,70,-83.66839678275247,41.136602695098574,dolomite
MAT-CARB-5815,0,71,-83.6692995090683,41.14307464154,dolomite
MAT-CARB-5815,0,72,-83.67136842064386,41.152878745228875,dolomite
MAT-CARB-5815,0,73,-83.67205342632447,41.15586728188341,dolomite
MAT-CARB-5815,0,74,-83.67224062489213,41.15754276458544,dolomite
MAT-CARB-5815,0,75,-83.67244429743216,41.1601765417524,dolomite
MAT-CARB-5815,0,76,-83.67271798220698,41.1668831281955,dolomite
MAT-CARB-5815,0,77,-83.6719937972072,41.17084390962305,dolomite
MAT-CARB-5815,0,78,-83.67125418427148,41.17424510462223,dolomite
MAT-CARB-5815,0,79,-83.66815456738497,41.17614882519386,dolomite
MAT-CARB-5815,0,80,-83.66745908768674,41.17723536153059,dolomite
MAT-CARB-5815,0,81,-83.66623040047983,41.178462026884254,dolomite
MAT-CARB-5815,0,82,-83.66570413146007,41.17900704415875,dolomite
MAT-CARB-5815,0,83,-83.66500166955696,41.17968870594463,dolomite
MAT-CARB-5815,0,84,-83.66431070960512,41.18104508974971,dolomite
MAT-CARB-5815,0,85,-83.6627157064323,41.181735456010905,dolomite
MAT-CARB-5815,0,86,-83.66130605882421,41.18282889639161,dolomite
MAT-CARB-5815,0,87,-83.66096280821314,41.18364202472883,dolomite
MAT-CARB-5815,0,88,-83.65937917785614,41.18500704259132,dolomite
MAT-CARB-5815,0,89,-83.65867429892485,41.18555373027549,dolomite
MAT-CARB-5815,0,90,-83.65761007107902,41.18596893830938,dolomite
MAT-CARB-5815,0,91,-83.65600802410508,41.18625438348464,dolomite
MAT-CARB-5815,0,92,-83.65494376863545,41.186669540135895,dolomite
MAT-CARB-5815,0,93,-83.65388410267647,41.18735460946766,dolomite
MAT-CARB-5815,0,94,-83.65371928831918,41.18816599052241,dolomite
MAT-CARB-5815,0,95,-83.65321794070691,41.19019530160702,dolomite
MAT-CARB-5815,0,96,-83.65004769080574,41.192790163648816,dolomite
MAT-CARB-5815,0,97,-83.6489833338594,41.19320529233235,dolomite
MAT-CARB-5815,0,98,-83.6471979795684,41.19322243993872,dolomite
MAT-CARB-5815,0,99,-83.64630758807373,41.19336593699944,dolomite
MAT-CARB-5815,0,100,-83.64256060410624,41.193536765631436,dolomite
MAT-CARB-5815,0,101,-83.64149393161392,41.19381689396049,dolomite
MAT-CARB-5815,0,102,-83.63900568552235,41.194515458741044,dolomite
MAT-CARB-5815,0,103,-83.6368744844229,41.195210548322905,dolomite
MAT-CARB-5815,0,104,-83.63528785728764,41.19644030213769,dolomite
MAT-CARB-5815,0,105,-83.63388195288506,41.197803273720545,dolomite
MAT-CARB-5815,0,106,-83.63338891460485,41.200372246702955,dolomite
MAT-CARB-5815,0,107,-83.63393804428131,41.20117681950365,dolomite
MAT-CARB-5815,0,108,-83.63521036325947,41.20251436831333,dolomite
MAT-CARB-5815,0,109,-83.63613015965198,41.20412518857079,dolomite
MAT-CARB-5815,0,110,-83.637590174227,41.20600076889689,dolomite
MAT-CARB-5815,0,111,-83.63867507984841,41.20680021854299,dolomite
MAT-CARB-5815,0,112,-83.63993860962964,41.20759795519856,dolomite
MAT-CARB-5815,0,113,-83.64048787476807,41.20840249364588,dolomite
MAT-CARB-5815,0,114,-83.64157059358347,41.2090669836332,dolomite
MAT-CARB-5815,0,115,-83.64443462768641,41.209444492473224,dolomite
MAT-CARB-5815,0,116,-83.64639893809151,41.2094256747099,dolomite
MAT-CARB-5815,0,117,-83.64842685334656,41.210088032551624,dolomite
MAT-CARB-5815,0,118,-83.64600674940534,41.21606321365202,dolomite
MAT-CARB-5815,0,119,-83.6461114555439,41.22229197810442,dolomite
MAT-CARB-5815,0,120,-83.64638078465485,41.22887853170315,dolomite
MAT-CARB-5815,0,121,-83.64741284012146,41.23366071372295,dolomite
MAT-CARB-5815,0,122,-83.64788850292142,41.235597234336446,dolomite
MAT-CARB-5815,0,123,-83.64683983973913,41.23526836583161,dolomite
MAT-CARB-5815,0,124,-83.64539481624129,41.23433749977706,dolomite
MAT-CARB-5815,0,125,-83.64179938255391,41.2330222824455,dolomite
MAT-CARB-5815,0,126,-83.6405534225563,41.23330407222763,dolomite
MAT-CARB-5815,0,127,-83.63877381547493,41.23372590922751,dolomite
MAT-CARB-5815,0,128,-83.63770871436488,41.234140925351376,dolomite
MAT-CARB-5815,0,129,-83.63485045617642,41.2341680781899,dolomite
MAT-CARB-5815,0,130,-83.6332516678804,41.23472306732761,dolomite
MAT-CARB-5815,0,131,-83.63272470085522,41.23526791681941,dolomite
MAT-CARB-5815,0,132,-83.63150778381899,41.237303831199355,dolomite
MAT-CARB-5815,0,133,-83.63080214057663,41.237850333447035,dolomite
MAT-CARB-5815,0,134,-83.62938187631204,41.238403580427445,dolomite
MAT-CARB-5815,0,135,-83.62868290847688,41.23935488470975,dolomite
MAT-CARB-5815,0,136,-83.62833675023396,41.24003295635657,dolomite
MAT-CARB-5815,0,137,-83.62781197154374,41.240712683332255,dolomite
MAT-CARB-5815,0,138,-83.62820501031644,41.24286834181926,dolomite
MAT-CARB-5815,0,139,-83.62965221642155,41.24393433830195,dolomite
MAT-CARB-5815,0,140,-83.63108379099819,41.24405576128896,dolomite
MAT-CARB-5815,0,141,-83.63555049593758,41.24401344563737,dolomite
MAT-CARB-5815,0,142,-83.63662698074995,41.244273149824345,dolomite
MAT-CARB-5815,0,143,-83.63806758865692,41.24493425804673,dolomite
MAT-CARB-5815,0,144,-83.63897900378537,41.246005237718784,dolomite
MAT-CARB-5815,0,145,-83.64061188676655,41.24747423741574,dolomite
MAT-CARB-5815,0,146,-83.64152786037664,41.24881507944129,dolomite
MAT-CARB-5815,0,147,-83.6424302968268,41.249346291021965,dolomite
MAT-CARB-5815,0,148,-83.6431541105969,41.24987920258307,dolomite
MAT-CARB-5815,0,149,-83.64565564213467,41.24985527441924,dolomite
MAT-CARB-5815,0,150,-83.64654677304583,41.24971178820565,dolomite
MAT-CARB-5815,0,151,-83.6476097914106,41.24916177038116,dolomite
MAT-CARB-5815,0,152,-83.64957300822265,41.24900810999957,dolomite
MAT-CARB-5815,0,153,-83.64967288680023,41.25511142160327,dolomite
MAT-CARB-5815,0,154,-83.64968200755534,41.26505467549684,dolomite
MAT-CARB-5815,0,155,-83.64985480469063,41.26589161885286,dolomite
MAT-CARB-5815,0,156,-83.65064921426693,41.27534805857749,dolomite
MAT-CARB-5815,0,157,-83.65081800195286,41.27594542597028,dolomite
MAT-CARB-5815,0,158,-83.6511621209683,41.296307650285854,dolomite
MAT-CARB-5815,0,159,-83.65086290262751,41.297388686418806,dolomite
MAT-CARB-5815,0,160,-83.6508837065175,41.302844534490646,dolomite
MAT-CARB-5815,0,161,-83.64708014679118,41.30314963161889,dolomite
MAT-CARB-5815,0,162,-83.64643869478756,41.30317936752143,dolomite
MAT-CARB-5815,0,163,-83.6458072381736,41.303024845023096,dolomite
MAT-CARB-5815,0,164,-83.64513941982148,41.302717616918,dolomite
MAT-CARB-5815,0,165,-83.64471438093257,41.30235289603175,dolomite
MAT-CARB-5815,0,166,-83.64428495686732,41.30172480136047,dolomite
MAT-CARB-5815,0,167,-83.6441696536125,41.30109367620126,dolomite
MAT-CARB-5815,0,168,-83.64430222696446,41.29988858186433,dolomite
MAT-CARB-5815,0,169,-83.6443471799223,41.299195324116,dolomite
MAT-CARB-5815,0,170,-83.64423671263403,41.29885392979619,dolomite
MAT-CARB-5815,0,171,-83.64409998339217,41.298657661634074,dolomite
MAT-CARB-5815,0,172,-83.64134534555492,41.29676617041014,dolomite
MAT-CARB-5815,0,173,-83.63951664465071,41.29596165863006,dolomite
MAT-CARB-5815,0,174,-83.63786489348715,41.294881487540955,dolomite
MAT-CARB-5815,0,175,-83.63529890921897,41.29339901405243,dolomite
MAT-CARB-5815,0,176,-83.63089319598313,41.290427041846264,dolomite
MAT-CARB-5815,0,177,-83.62502703898433,41.28692068201731,dolomite
MAT-CARB-5815,0,178,-83.62209871836896,41.28544132687776,dolomite
MAT-CARB-5815,0,179,-83.61990760143435,41.284639937801344,dolomite
MAT-CARB-5815,0,180,-83.6175350823497,41.28384020230427,dolomite
MAT-CARB-5815,0,181,-83.61553677506626,41.283721866026156,dolomite
MAT-CARB-5815,0,182,-83.6104603226122,41.28404301789295,dolomite
MAT-CARB-5815,0,183,-83.60697896724997,41.28468774283463,dolomite
MAT-CARB-5815,0,184,-83.605397160239,41.28518576531569,dolomite
MAT-CARB-5815,0,185,-83.60233440241893,41.28658386949482,dolomite
MAT-CARB-5815,0,186,-83.59927376579749,41.288118848037186,dolomite
MAT-CARB-5815,0,187,-83.5963966294181,41.28978903944879,dolomite
MAT-CARB-5815,0,188,-83.59521854397963,41.290216946705456,dolomite
MAT-CARB-5815,0,189,-83.59422991834141,41.290493791065614,dolomite
MAT-CARB-5815,0,190,-83.59259274704495,41.29069268427892,dolomite
MAT-CARB-5815,0,191,-83.59073407257904,41.290483774839956,dolomite
MAT-CARB-5815,0,192,-83.58932338010258,41.29012758677626,dolomite
MAT-CARB-5815,0,193,-83.58768131681299,41.289594591965475,dolomite
MAT-CARB-5815,0,194,-83.58421798019398,41.28866710512273,dolomite
MAT-CARB-5815,0,195,-83.58039177195009,41.28774282119931,dolomite
MAT-CARB-5815,0,196,-83.57747738684544,41.287084160717676,dolomite
MAT-CARB-5815,0,197,-83.5760277709433,41.287234174111745,dolomite
MAT-CARB-5815,0,198,-83.57313934767303,41.28821900533998,dolomite
MAT-CARB-5815,0,199,-83.56970854815604,41.28934558724183,dolomite
MAT-CARB-5815,0,200,-83.5664633971154,41.29074436313778,dolomite
MAT-CARB-5815,0,201,-83.56495829098782,41.29161343000828,dolomite
MAT-CARB-5815,0,202,-83.56268646897321,41.292969694445915,dolomite
MAT-CARB-5815,0,203,-83.5614755792979,41.293524380743136,dolomite
MAT-CARB-5815,0,204,-83.55989796165383,41.293935232681356,dolomite
MAT-CARB-5815,0,205,-83.55736135652676,41.29423160920258,dolomite
MAT-CARB-5815,0,206,-83.55325068474956,41.294416530288686,dolomite
MAT-CARB-5815,0,207,-83.5513700484936,41.2941473996122,dolomite
MAT-CARB-5815,0,208,-83.54645716405261,41.29336854767467,dolomite
MAT-CARB-5815,0,209,-83.54499376969896,41.29323552316141,dolomite
MAT-CARB-5815,0,210,-83.54373484177188,41.29339231191576,dolomite
MAT-CARB-5815,0,211,-83.54156537633264,41.293959126015565,dolomite
MAT-CARB-5815,0,212,-83.54031166466518,41.295065893688644,dolomite
MAT-CARB-5815,0,213,-83.5392436177147,41.29644500873146,dolomite
MAT-CARB-5815,0,214,-83.53746621349993,41.29892612468847,dolomite
MAT-CARB-5815,0,215,-83.53713447684957,41.30098372312233,dolomite
MAT-CARB-5815,0,216,-83.53660039838505,41.30167326457143,dolomite
MAT-CARB-5815,0,217,-83.5353381333172,41.30223210215822,dolomite
MAT-CARB-5815,0,218,-83.53244433194749,41.302942004524844,dolomite
MAT-CARB-5815,0,219,-83.52755583312077,41.30380596955251,dolomite
MAT-CARB-5815,0,220,-83.52484957942701,41.30492501943452,dolomite
MAT-CARB-5815,0,221,-83.52323030534416,41.3058977240016,dolomite
MAT-CARB-5815,0,222,-83.52216581876485,41.30755061075204,dolomite
MAT-CARB-5815,0,223,-83.5212972221946,41.31016066821119,dolomite
MAT-CARB-5815,0,224,-83.52026549913074,41.31400492277287,dolomite
MAT-CARB-5815,0,225,-83.51872792690752,41.32045611216541,dolomite
MAT-CARB-5815,0,226,-83.51695528631996,41.323347734786225,dolomite
MAT-CARB-5815,0,227,-83.51679213852233,41.32458195606422,dolomite
MAT-CARB-5815,0,228,-83.51523765348158,41.329937325905895,dolomite
MAT-CARB-5815,0,229,-83.51345646027877,41.33228107013742,dolomite
MAT-CARB-5815,0,230,-83.51168732347423,41.33544651830236,dolomite
MAT-CARB-5815,0,231,-83.5100956316582,41.33833649934322,dolomite
MAT-CARB-5815,0,232,-83.50762407734528,41.34315153704962,dolomite
MAT-CARB-5815,0,233,-83.50640942050045,41.34699710169482,dolomite
MAT-CARB-5815,0,234,-83.50555793324371,41.35083962174206,dolomite
MAT-CARB-5815,0,235,-83.50524120354733,41.35399272557637,dolomite
MAT-CARB-5815,0,236,-83.50451863764548,41.35427274453652,dolomite
MAT-CARB-5815,0,237,-83.50415531278645,41.35427578957251,dolomite
MAT-CARB-5815,0,238,-83.50324099640382,41.35387252164904,dolomite
MAT-CARB-5815,0,239,-83.5027001038886,41.35415100852385,dolomite
MAT-CARB-5815,0,240,-83.50216118780497,41.35456644244413,dolomite
MAT-CARB-5815,0,241,-83.50181197801686,41.35552817951866,dolomite
MAT-CARB-5815,0,242,-83.50091579328276,41.35635754600332,dolomite
MAT-CARB-5815,0,243,-83.49983592112541,41.35705141707106,dolomite
MAT-CARB-5815,0,244,-83.49820500145222,41.35733897185274,dolomite
MAT-CARB-5815,0,245,-83.496927376177,41.35693868231093,dolomite
MAT-CARB-5815,0,246,-83.49582937541749,41.35639992085494,dolomite
MAT-CARB-5815,0,247,-83.49436012386904,41.35531631198415,dolomite
MAT-CARB-5815,0,248,-83.49287689154443,41.35327395585391,dolomite
MAT-CARB-5815,0,249,-83.49121011674016,41.35109613094039,dolomite
MAT-CARB-5815,0,250,-83.4901102986436,41.35042033704443,dolomite
MAT-CARB-5815,0,251,-83.48864322119528,41.349473630745585,dolomite
MAT-CARB-5815,0,252,-83.48590672708298,41.34867429658471,dolomite
MAT-CARB-5815,0,253,-83.4833657811307,41.348832170212695,dolomite
MAT-CARB-5815,0,254,-83.4817409172975,41.34953038053591,dolomite
MAT-CARB-5815,0,255,-83.48066490611534,41.35049801002233,dolomite
MAT-CARB-5815,0,256,-83.47978427132766,41.352422875924844,dolomite
MAT-CARB-5815,0,257,-83.47946436861076,41.35543898552718,dolomite
MAT-CARB-5815,0,258,-83.47822824328529,41.35791462563176,dolomite
MAT-CARB-5815,0,259,-83.47865065783881,41.36202043268361,dolomite
MAT-CARB-5815,0,260,-83.479953919277,41.36420138529484,dolomite
MAT-CARB-5815,0,261,-83.48234146583717,41.36596251784449,dolomite
MAT-CARB-5815,0,262,-83.48379890747198,41.36622452037519,dolomite
MAT-CARB-5815,0,263,-83.48961679433745,41.36645058199666,dolomite
MAT-CARB-5815,0,264,-83.48962077908048,41.366724478309244,dolomite
MAT-CARB-5815,0,265,-83.49089056496062,41.36657702281718,dolomite
MAT-CARB-5815,0,266,-83.49181096966747,41.36739125254643,dolomite
MAT-CARB-5815,0,267,-83.49272943413604,41.368068526448006,dolomite
MAT-CARB-5815,0,268,-83.49349674526187,41.36944015231945,dolomite
MAT-CARB-5815,0,269,-83.49354675834667,41.372864116602265,dolomite
MAT-CARB-5815,0,270,-83.49265020761396,41.37369338287267,dolomite
MAT-CARB-5815,0,271,-83.49196137359051,41.37630158820167,dolomite
MAT-CARB-5815,0,272,-83.48946125159767,41.379335664534054,dolomite
MAT-CARB-5815,0,273,-83.48802141447588,41.38030636420312,dolomite
MAT-CARB-5815,0,274,-83.48693904312422,41.38086315936836,dolomite
MAT-CARB-5815,0,275,-83.48478016086817,41.38238761446809,dolomite
MAT-CARB-5815,0,276,-83.48207403249506,41.3837795494434,dolomite
MAT-CARB-5815,0,277,-83.47990310768468,41.384482180514766,dolomite
MAT-CARB-5815,0,278,-83.4752035934068,41.38630114642998,dolomite
MAT-CARB-5815,0,279,-83.46796133537761,41.38827744049902,dolomite
MAT-CARB-5815,0,280,-83.4641660958449,41.38981470926614,dolomite
MAT-CARB-5815,0,281,-83.46235827729161,41.39051409586954,dolomite
MAT-CARB-5815,0,282,-83.46164293058898,41.391341659214746,dolomite
MAT-CARB-5815,0,283,-83.46004003211166,41.393683010960885,dolomite
MAT-CARB-5815,0,284,-83.4582494398901,41.39561495330283,dolomite
MAT-CARB-5815,0,285,-83.457352195185,41.396443940315,dolomite
MAT-CARB-5815,0,286,-83.45554031707181,41.39686930193986,dolomite
MAT-CARB-5815,0,287,-83.45408428603035,41.39674393478026,dolomite
MAT-CARB-5815,0,288,-83.45243687248028,41.395935183978324,dolomite
MAT-CARB-5815,0,289,-83.45133476205004,41.3951221127468,dolomite
MAT-CARB-5815,0,290,-83.45001269064468,41.39157133225982,dolomite
MAT-CARB-5815,0,291,-83.44810923309441,41.385422689125484,dolomite
MAT-CARB-5815,0,292,-83.44548113768391,41.37941664093915,dolomite
MAT-CARB-5815,0,293,-83.44436036062993,41.37723390873731,dolomite
MAT-CARB-5815,0,294,-83.44325108862859,41.37587293202025,dolomite
MAT-CARB-5815,0,295,-83.44251474944512,41.375193854468336,dolomite
MAT-CARB-5815,0,296,-83.44087178472,41.37465885456256,dolomite
MAT-CARB-5815,0,297,-83.43923830275423,41.374808654819496,dolomite
MAT-CARB-5815,0,298,-83.43652022869645,41.37537779956583,dolomite
MAT-CARB-5815,0,299,-83.43380775072065,41.37635778136704,dolomite
MAT-CARB-5815,0,300,-83.43254701182983,41.37718942598385,dolomite
MAT-CARB-5815,0,301,-83.42751129240321,41.3810637111981,dolomite
MAT-CARB-5815,0,302,-83.42571082335249,41.382310394587186,dolomite
MAT-CARB-5815,0,303,-83.42390284540029,41.383009205206996,dolomite
MAT-CARB-5815,0,304,-83.42208554514326,41.383023196166214,dolomite
MAT-CARB-5815,0,305,-83.42099517191389,41.383031577463605,dolomite
MAT-CARB-5815,0,306,-83.42008096243127,41.38262768436313,dolomite
MAT-CARB-5815,0,307,-83.41970636899326,41.38180870550745,dolomite
MAT-CARB-5815,0,308,-83.4184250472771,41.38113366412777,dolomite
MAT-CARB-5815,0,309,-83.41624432382243,41.381150350528664,dolomite
MAT-CARB-5815,0,310,-83.4151576659941,41.381432601666724,dolomite
MAT-CARB-5815,0,311,-83.41353132352685,41.3821298690637,dolomite
MAT-CARB-5815,0,312,-83.4122628810242,41.38241347858293,dolomite
MAT-CARB-5815,0,313,-83.4104565956191,41.38324903397204,dolomite
MAT-CARB-5815,0,314,-83.4088338222884,41.384220159138046,dolomite
MAT-CARB-5815,0,315,-83.40704206085844,41.38615132331357,dolomite
MAT-CARB-5815,0,316,-83.40543011084287,41.38794413830084,dolomite
MAT-CARB-5815,0,317,-83.40472863971542,41.38986702251791,dolomite
MAT-CARB-5815,0,318,-83.40401259861291,41.390694242309536,dolomite
MAT-CARB-5815,0,319,-83.40365817541498,41.39138177181977,dolomite
MAT-CARB-5815,0,320,-83.4036709165421,41.39234048165032,dolomite
MAT-CARB-5815,0,321,-83.40313655037873,41.39316632498493,dolomite
MAT-CARB-5815,0,322,-83.40319294617433,41.39741196594346,dolomite
MAT-CARB-5815,0,323,-83.40357288700143,41.39864185192036,dolomite
MAT-CARB-5815,0,324,-83.40394734205182,41.399460843092264,dolomite
MAT-CARB-5815,0,325,-83.40397283548377,41.40137822222981,dolomite
MAT-CARB-5815,0,326,-83.40361657243456,41.40192879982311,dolomite
MAT-CARB-5815,0,327,-83.40327664348558,41.40371194142927,dolomite
MAT-CARB-5815,0,328,-83.40238407580148,41.40495140271396,dolomite
MAT-CARB-5815,0,329,-83.40094793471467,41.40633187199808,dolomite
MAT-CARB-5815,0,330,-83.400049850381,41.407160450459656,dolomite
MAT-CARB-5815,0,331,-83.39842454738024,41.4079944437883,dolomite
MAT-CARB-5815,0,332,-83.39734638937998,41.4089613078329,dolomite
MAT-CARB-5815,0,333,-83.39589923142091,41.40951998787563,dolomite
MAT-CARB-5815,0,334,-83.3920957491887,41.41064408740155,dolomite
MAT-CARB-5815,0,335,-83.38810497293052,41.411358549513494,dolomite
MAT-CARB-5815,0,336,-83.38557394769829,41.412473010402515,dolomite
MAT-CARB-5815,0,337,-83.38414443213202,41.414401103565254,dolomite
MAT-CARB-5815,0,338,-83.38343852603987,41.41604993381817,dolomite
MAT-CARB-5815,0,339,-83.38364704452553,41.41810289689167,dolomite
MAT-CARB-5815,0,340,-83.3847700748817,41.42056004087488,dolomite
MAT-CARB-5815,0,341,-83.38587358617302,41.42151065097235,dolomite
MAT-CARB-5815,0,342,-83.38769907803508,41.422045039225026,dolomite
MAT-CARB-5815,0,343,-83.38897370013903,41.422172557406995,dolomite
MAT-CARB-5815,0,344,-83.39096673705151,41.4216099159173,dolomite
MAT-CARB-5815,0,345,-83.39295610574658,41.42077332634352,dolomite
MAT-CARB-5815,0,346,-83.39404168294709,41.42035431402444,dolomite
MAT-CARB-5815,0,347,-83.39513089104861,41.420209234005625,dolomite
MAT-CARB-5815,0,348,-83.39622728152631,41.42061194696176,dolomite
MAT-CARB-5815,0,349,-83.39750008439091,41.42060243093887,dolomite
MAT-CARB-5815,0,350,-83.3989674272923,41.4215502267115,dolomite
MAT-CARB-5815,0,351,-83.39915831287253,41.422233636750974,dolomite
MAT-CARB-5815,0,352,-83.39899097708945,41.42333062964589,dolomite
MAT-CARB-5815,0,353,-83.39811074215952,41.425528697183154,dolomite
MAT-CARB-5815,0,354,-83.39705583842819,41.42827591337101,dolomite
MAT-CARB-5815,0,355,-83.39708657192797,41.43060410521834,dolomite
MAT-CARB-5815,0,356,-83.39785019979722,41.433337733102576,dolomite
MAT-CARB-5815,0,357,-83.39914498633067,41.434971616435185,dolomite
MAT-CARB-5815,0,358,-83.39988335333754,41.43578786997593,dolomite
MAT-CARB-5815,0,359,-83.40097820755531,41.43605359246486,dolomite
MAT-CARB-5815,0,360,-83.40226406508462,41.43700270160903,dolomite
MAT-CARB-5815,0,361,-83.40354810071831,41.43781482734254,dolomite
MAT-CARB-5815,0,362,-83.40537964403808,41.43875979199715,dolomite
MAT-CARB-5815,0,363,-83.40630182804456,41.43971157265346,dolomite
MAT-CARB-5815,0,364,-83.4077788551267,41.44134400774588,dolomite
MAT-CARB-5815,0,365,-83.40870110781455,41.442295767975914,dolomite
MAT-CARB-5815,0,366,-83.40981080893145,41.443657019237435,dolomite
MAT-CARB-5815,0,367,-83.4109150095692,41.44460740897113,dolomite
MAT-CARB-5815,0,368,-83.41183183640362,41.445148292763946,dolomite
MAT-CARB-5815,0,369,-83.41274131850152,41.445141378779184,dolomite
MAT-CARB-5815,0,370,-83.41382716337077,41.44472222308372,dolomite
MAT-CARB-5815,0,371,-83.41473110801618,41.444304444006626,dolomite
MAT-CARB-5815,0,372,-83.41526758020606,41.44361552379151,dolomite
MAT-CARB-5815,0,373,-83.41507462816062,41.442795210143125,dolomite
MAT-CARB-5815,0,374,-83.41396852023209,41.44170791640602,dolomite
MAT-CARB-5815,0,375,-83.4143231016098,41.44102038412377,dolomite
MAT-CARB-5815,0,376,-83.41612718198874,41.43991089898089,dolomite
MAT-CARB-5815,0,377,-83.41756745936993,41.43880416777788,dolomite
MAT-CARB-5815,0,378,-83.41845834371895,41.43742768560354,dolomite
MAT-CARB-5815,0,379,-83.41952364364992,41.43550200730552,dolomite
MAT-CARB-5815,0,380,-83.41988184448405,41.43508836624295,dolomite
MAT-CARB-5815,0,381,-83.42113645094167,41.43385633993171,dolomite
MAT-CARB-5815,0,382,-83.42275465501444,41.43247426063333,dolomite
MAT-CARB-5815,0,383,-83.42402395167214,41.43219055171987,dolomite
MAT-CARB-5815,0,384,-83.42601139298723,41.431216451289586,dolomite
MAT-CARB-5815,0,385,-83.42781502226127,41.43010678166242,dolomite
MAT-CARB-5815,0,386,-83.42943487414723,41.428861550481415,dolomite
MAT-CARB-5815,0,387,-83.4312308782213,41.42720400254331,dolomite
MAT-CARB-5815,0,388,-83.43321239257895,41.425818951309104,dolomite
MAT-CARB-5815,0,389,-83.43356857752588,41.42526829606346,dolomite
MAT-CARB-5815,0,390,-83.43447025909005,41.42471341902252,dolomite
MAT-CARB-5815,0,391,-83.43627169073886,41.42346664618664,dolomite
MAT-CARB-5815,0,392,-83.43770751275791,41.422085772673704,dolomite
MAT-CARB-5815,0,393,-83.43986867495785,41.42056221382707,dolomite
MAT-CARB-5815,0,394,-83.44453918475966,41.41641645331763,dolomite
MAT-CARB-5815,0,395,-83.44560151139451,41.414353567359285,dolomite
MAT-CARB-5815,0,396,-83.44594800663353,41.41311812394687,dolomite
MAT-CARB-5815,0,397,-83.44683225673401,41.41133054337121,dolomite
MAT-CARB-5815,0,398,-83.44809341720578,41.4104987439253,dolomite
MAT-CARB-5815,0,399,-83.45044538052198,41.40965831877321,dolomite
MAT-CARB-5815,0,400,-83.45334650038365,41.40908742888859,dolomite
MAT-CARB-5815,0,401,-83.45643132490028,41.408651962878736,dolomite
MAT-CARB-5815,0,402,-83.45988549002867,41.40862436784659,dolomite
MAT-CARB-5815,0,403,-83.46411253278812,41.4089962672024,dolomite
MAT-CARB-5815,0,404,-83.46895971805391,41.409766811184426,dolomite
MAT-CARB-5815,0,405,-83.47130540589563,41.41096223267371,dolomite
MAT-CARB-5815,0,406,-83.47293086347437,41.41189359311337,dolomite
MAT-CARB-5815,0,407,-83.4736646680543,41.4131020590399,dolomite
MAT-CARB-5815,0,408,-83.4762206296644,41.4164546260791,dolomite
MAT-CARB-5815,0,409,-83.4771298169341,41.41739175431253,dolomite
MAT-CARB-5815,0,410,-83.48007358198109,41.42276505518001,dolomite
MAT-CARB-5815,0,411,-83.48136256789402,41.42518331102591,dolomite
MAT-CARB-5815,0,412,-83.48174812884834,41.42706920577126,dolomite
MAT-CARB-5815,0,413,-83.48159042214532,41.428554759014865,dolomite
MAT-CARB-5815,0,414,-83.48107635523036,41.43017815254857,dolomite
MAT-CARB-5815,0,415,-83.48020006134045,41.431534646311476,dolomite
MAT-CARB-5815,0,416,-83.48004032784733,41.43288525353506,dolomite
MAT-CARB-5815,0,417,-83.48005005704954,41.43355983839852,dolomite
MAT-CARB-5815,0,418,-83.48024093066068,41.43436787038541,dolomite
MAT-CARB-5815,0,419,-83.48198931081913,41.43505114133343,dolomite
MAT-CARB-5815,0,420,-83.48432238342261,41.43530187862166,dolomite
MAT-CARB-5815,0,421,-83.4868346750107,41.435551124196664,dolomite
MAT-CARB-5815,0,422,-83.48791554875855,41.435947011282614,dolomite
MAT-CARB-5815,0,423,-83.48935087680272,41.43607011207581,dolomite
MAT-CARB-5815,0,424,-83.49096144153276,41.435921894093276,dolomite
MAT-CARB-5815,0,425,-83.49328866070698,41.43576772383401,dolomite
MAT-CARB-5815,0,426,-83.49418057601862,41.43549048222046,dolomite
MAT-CARB-5815,0,427,-83.49578913899197,41.435207260909955,dolomite
MAT-CARB-5815,0,428,-83.49704526550873,41.435331784261344,dolomite
MAT-CARB-5815,0,429,-83.49776988241835,41.43586547035457,dolomite
MAT-CARB-5815,0,430,-83.49850835263231,41.43734358251618,dolomite
MAT-CARB-5815,0,431,-83.49942408029378,41.438685285275646,dolomite
MAT-CARB-5815,0,432,-83.50051103732801,41.439485816854756,dolomite
MAT-CARB-5815,0,433,-83.50196237901571,41.440688077048236,dolomite
MAT-CARB-5815,0,434,-83.50341775730274,41.44216016623638,dolomite
MAT-CARB-5815,0,435,-83.50579509199302,41.44537861297422,dolomite
MAT-CARB-5815,0,436,-83.50801150554024,41.44981272017689,dolomite
MAT-CARB-5815,0,437,-83.50878841520267,41.45385410405559,dolomite
MAT-CARB-5815,0,438,-83.50883449749662,41.456957083947,dolomite
MAT-CARB-5815,0,439,-83.5076259441797,41.460070622293756,dolomite
MAT-CARB-5815,0,440,-83.50555305040322,41.46535022867188,dolomite
MAT-CARB-5815,0,441,-83.50346986752902,41.46995524128915,dolomite
MAT-CARB-5815,0,442,-83.50083265636259,41.47348537698465,dolomite
MAT-CARB-5815,0,443,-83.49923908860377,41.47484793788131,dolomite
MAT-CARB-5815,0,444,-83.49746420294036,41.47607703170133,dolomite
MAT-CARB-5815,0,445,-83.49532674847009,41.47703925813276,dolomite
MAT-CARB-5815,0,446,-83.49283857009279,41.47854406398643,dolomite
MAT-CARB-5815,0,447,-83.49088419047297,41.4797745391476,dolomite
MAT-CARB-5815,0,448,-83.48996965887137,41.48065777563602,dolomite
MAT-CARB-5815,0,449,-83.48947742454271,41.48167513527209,dolomite
MAT-CARB-5815,0,450,-83.48939658586474,41.48456053863813,dolomite
MAT-CARB-5815,0,451,-83.49027327191074,41.487065616104296,dolomite
MAT-CARB-5815,0,452,-83.4911255247452,41.48791754089266,dolomite
MAT-CARB-5815,0,453,-83.49208997137728,41.48866973440828,dolomite
MAT-CARB-5815,0,454,-83.49373840476736,41.48947622068644,dolomite
MAT-CARB-5815,0,455,-83.49569394858982,41.48985422651865,dolomite
MAT-CARB-5815,0,456,-83.49820433307386,41.48983338557584,dolomite
MAT-CARB-5815,0,457,-83.50052940748238,41.48940927168239,dolomite
MAT-CARB-5815,0,458,-83.50331751925887,41.4887117852831,dolomite
MAT-CARB-5815,0,459,-83.50570542797914,41.487746919208845,dolomite
MAT-CARB-5815,0,460,-83.50856631931872,41.48718320991128,dolomite
MAT-CARB-5815,0,461,-83.50973341468313,41.4870777303912,dolomite
MAT-CARB-5815,0,462,-83.51125787448508,41.48729549536236,dolomite
MAT-CARB-5815,0,463,-83.51233773969405,41.48755626788523,dolomite
MAT-CARB-5815,0,464,-83.51432621697889,41.48861889063612,dolomite
MAT-CARB-5815,0,465,-83.51541213142886,41.48928434988523,dolomite
MAT-CARB-5815,0,466,-83.51677280555792,41.48970481137188,dolomite
MAT-CARB-5815,0,467,-83.51846850143838,41.48979815446335,dolomite
MAT-CARB-5815,0,468,-83.52013513434044,41.489532568981105,dolomite
MAT-CARB-5815,0,469,-83.521732144355,41.48897793262819,dolomite
MAT-CARB-5815,0,470,-83.52284172006273,41.48828370071694,dolomite
MAT-CARB-5815,0,471,-83.52346530045793,41.487856972127865,dolomite
MAT-CARB-5815,0,472,-83.52434711217207,41.487184552261795,dolomite
MAT-CARB-5815,0,473,-83.52858907646201,41.48310050726798,dolomite
MAT-CARB-5815,0,474,-83.53022628470498,41.48131999424152,dolomite
MAT-CARB-5815,0,475,-83.53263073525483,41.477668701878905,dolomite
MAT-CARB-5815,0,476,-83.53469782549645,41.47211886839806,dolomite
MAT-CARB-5815,0,477,-83.53608048799683,41.46873372800404,dolomite
MAT-CARB-5815,0,478,-83.53596730201988,41.461313592058914,dolomite
MAT-CARB-5815,0,479,-83.5341071287917,41.456876955053296,dolomite
MAT-CARB-5815,0,480,-83.53152425505758,41.45204168305238,dolomite
MAT-CARB-5815,0,481,-83.52986226432154,41.44881761448547,dolomite
MAT-CARB-5815,0,482,-83.52930013840206,41.44720326312782,dolomite
MAT-CARB-5815,0,483,-83.52711101083,41.44465832825001,dolomite
MAT-CARB-5815,0,484,-83.52673832623026,41.44371700135298,dolomite
MAT-CARB-5815,0,485,-83.52668328057948,41.44007432791075,dolomite
MAT-CARB-5815,0,486,-83.52774000595565,41.43885087946435,dolomite
MAT-CARB-5815,0,487,-83.52970071882342,41.438159404141544,dolomite
MAT-CARB-5815,0,488,-83.53166548894312,41.43773774412511,dolomite
MAT-CARB-5815,0,489,-83.53291971303764,41.4377269537891,dolomite
MAT-CARB-5815,0,490,-83.53399887317276,41.43798751461973,dolomite
MAT-CARB-5815,0,491,-83.53544868289245,41.439054461553276,dolomite
MAT-CARB-5815,0,492,-83.53854831320105,41.442535926850866,dolomite
MAT-CARB-5815,0,493,-83.53963582914564,41.44333610115213,dolomite
MAT-CARB-5815,0,494,-83.54162550744356,41.444533219416314,dolomite
MAT-CARB-5815,0,495,-83.54435690446404,41.447343030445296,dolomite
MAT-CARB-5815,0,496,-83.54545079438621,41.44854790264406,dolomite
MAT-CARB-5815,0,497,-83.5465426444022,41.44961782769241,dolomite
MAT-CARB-5815,0,498,-83.54890353439338,41.45162117111894,dolomite
MAT-CARB-5815,0,499,-83.55145212822117,41.454162581947706,dolomite
MAT-CARB-5815,0,500,-83.5549159012411,41.45791022900813,dolomite
MAT-CARB-5815,0,501,-83.55818190798064,41.46044515332226,dolomite
MAT-CARB-5815,0,502,-83.56325955830732,41.4641783362111,dolomite
MAT-CARB-5815,0,503,-83.56631092407017,41.46442112034207,dolomite
MAT-CARB-5815,0,504,-83.56810547446784,41.46454009129875,dolomite
MAT-CARB-5815,0,505,-83.56971441703342,41.464255913182946,dolomite
MAT-CARB-5815,0,506,-83.5707813415543,41.463706670962424,dolomite
MAT-CARB-5815,0,507,-83.57683491043059,41.46108884479949,dolomite
MAT-CARB-5815,0,508,-83.58145848625556,41.45875344913021,dolomite
MAT-CARB-5815,0,509,-83.5839439757599,41.45724681064689,dolomite
MAT-CARB-5815,0,510,-83.58589170683906,41.455744956947896,dolomite
MAT-CARB-5815,0,511,-83.59015618825161,41.45341245845308,dolomite
MAT-CARB-5815,0,512,-83.59158119354457,41.45285977037666,dolomite
MAT-CARB-5815,0,513,-83.59265430895519,41.452715078179075,dolomite
MAT-CARB-5815,0,514,-83.59319844574156,41.45311493197254,dolomite
MAT-CARB-5815,0,515,-83.59356341508922,41.453516388441834,dolomite
MAT-CARB-5815,0,516,-83.59376434757723,41.45486388273944,dolomite
MAT-CARB-5815,0,517,-83.59255755443355,41.45784334585625,dolomite
MAT-CARB-5815,0,518,-83.59208713115248,41.46203048201851,dolomite
MAT-CARB-5815,0,519,-83.59125162378083,41.46581614381248,dolomite
MAT-CARB-5815,0,520,-83.5893188693561,41.46826244041722,dolomite
MAT-CARB-5815,0,521,-83.58684820953633,41.47071357076202,dolomite
MAT-CARB-5815,0,522,-83.58296041391806,41.47425686045505,dolomite
MAT-CARB-5815,0,523,-83.58065354891616,41.47576184418754,dolomite
MAT-CARB-5815,0,524,-83.57940720802856,41.47631278092497,dolomite
MAT-CARB-5815,0,525,-83.57762303135681,41.47686853287629,dolomite
MAT-CARB-5815,0,526,-83.57352529671843,41.47852438632542,dolomite
MAT-CARB-5815,0,527,-83.56942523713919,41.4800451654206,dolomite
MAT-CARB-5815,0,528,-83.56514567331843,41.48156742092257,dolomite
MAT-CARB-5815,0,529,-83.56230026330849,41.483076840803164,dolomite
MAT-CARB-5815,0,530,-83.5605178760151,41.48376724004035,dolomite
MAT-CARB-5815,0,531,-83.5573158191133,41.48541460966306,dolomite
MAT-CARB-5815,0,532,-83.5551914628107,41.48718734776714,dolomite
MAT-CARB-5815,0,533,-83.553782155589,41.48881884957127,dolomite
MAT-CARB-5815,0,534,-83.55291283421954,41.49058052104316,dolomite
MAT-CARB-5815,0,535,-83.55203925024257,41.49207237640332,dolomite
MAT-CARB-5815,0,536,-83.55174959466473,41.496527472274565,dolomite
MAT-CARB-5815,0,537,-83.55161415721,41.499362091174824,dolomite
MAT-CARB-5815,0,538,-83.55093651306129,41.501931606642714,dolomite
MAT-CARB-5815,0,539,-83.54741627874529,41.50627995599103,dolomite
MAT-CARB-5815,0,540,-83.54659572179378,41.50818608672577,dolomite
MAT-CARB-5815,0,541,-83.546829175483,41.511692083070315,dolomite
MAT-CARB-5815,0,542,-83.5475695754396,41.51316980101128,dolomite
MAT-CARB-5815,0,543,-83.54780669696336,41.51382683430111,dolomite
MAT-CARB-5815,0,544,-83.54781970769429,41.51466953613031,dolomite
MAT-CARB-5815,0,545,-83.54760497601507,41.51546317964018,dolomite
MAT-CARB-5815,0,546,-83.54673511652648,41.51722476785477,dolomite
MAT-CARB-5815,0,547,-83.54568586492265,41.51898793575508,dolomite
MAT-CARB-5815,0,548,-83.54447582088872,41.52196675779976,dolomite
MAT-CARB-5815,0,549,-83.54359753451956,41.5231887117337,dolomite
MAT-CARB-5815,0,550,-83.5393683962135,41.52821747912132,dolomite
MAT-CARB-5815,0,551,-83.53760315719798,41.53012166573198,dolomite
MAT-CARB-5815,0,552,-83.53672257982524,41.53120863399951,dolomite
MAT-CARB-5815,0,553,-83.53566663725168,41.532566968173136,dolomite
MAT-CARB-5815,0,554,-83.53337728883207,41.53542001864438,dolomite
MAT-CARB-5815,0,555,-83.53232121373907,41.536778318630425,dolomite
MAT-CARB-5815,0,556,-83.53055555377657,41.538682360635335,dolomite
MAT-CARB-5815,0,557,-83.52970440293451,41.53979383739718,dolomite
MAT-CARB-5815,0,558,-83.52962203257242,41.540136921833415,dolomite
MAT-CARB-5815,0,559,-83.5296849538987,41.54044379119658,dolomite
MAT-CARB-5815,0,560,-83.5297351137275,41.540662672402284,dolomite
MAT-CARB-5815,0,561,-83.52991281041511,41.54083235270318,dolomite
MAT-CARB-5815,0,562,-83.5301066657111,41.54090971013911,dolomite
MAT-CARB-5815,0,563,-83.5304109501578,41.54097723398634,dolomite
MAT-CARB-5815,0,564,-83.53148555306461,41.54083309953604,dolomite
MAT-CARB-5815,0,565,-83.53202186320837,41.54069357904292,dolomite
MAT-CARB-5815,0,566,-83.53471146492424,41.54053553647704,dolomite
MAT-CARB-5815,0,567,-83.53540814118641,41.54056127010582,dolomite
MAT-CARB-5815,0,568,-83.53614909035484,41.540658066922084,dolomite
MAT-CARB-5815,0,569,-83.53681510356294,41.54094418016401,dolomite
MAT-CARB-5815,0,570,-83.53741553140583,41.54132175089688,dolomite
MAT-CARB-5815,0,571,-83.5385045810115,41.5421218706056,dolomite
MAT-CARB-5815,0,572,-83.5387309961232,41.54253420748948,dolomite
MAT-CARB-5815,0,573,-83.53887590354296,41.54292818624482,dolomite
MAT-CARB-5815,0,574,-83.53895335241019,41.54390179824884,dolomite
MAT-CARB-5815,0,575,-83.53858618542088,41.544824260108015,dolomite
MAT-CARB-5815,0,576,-83.53751978783225,41.54550807732284,dolomite
MAT-CARB-5815,0,577,-83.53676575885257,41.5457797255182,dolomite
MAT-CARB-5815,0,578,-83.53533011919657,41.54579210072853,dolomite
MAT-CARB-5815,0,579,-83.53390677952382,41.546613874746555,dolomite
MAT-CARB-5815,0,580,-83.53319918816922,41.54729456497139,dolomite
MAT-CARB-5815,0,581,-83.53267518737582,41.548243504287434,dolomite
MAT-CARB-5815,0,582,-83.53162095024595,41.549736681150186,dolomite
MAT-CARB-5815,0,583,-83.53038108554921,41.55082666508189,dolomite
MAT-CARB-5815,0,584,-83.52859454758165,41.551381654040895,dolomite
MAT-CARB-5815,0,585,-83.52716692282691,41.55193352203242,dolomite
MAT-CARB-5815,0,586,-83.52646329176237,41.552883991791646,dolomite
MAT-CARB-5815,0,587,-83.52665505398292,41.55369187032002,dolomite
MAT-CARB-5815,0,588,-83.5268488265879,41.554634645510006,dolomite
MAT-CARB-5815,0,589,-83.52758104774665,41.55557281810086,dolomite
MAT-CARB-5815,0,590,-83.52867433869139,41.556642810907825,dolomite
MAT-CARB-5815,0,591,-83.52977582101181,41.55825240761105,dolomite
MAT-CARB-5815,0,592,-83.52998399136068,41.56013947756542,dolomite
MAT-CARB-5815,0,593,-83.52892954657499,41.56163261551726,dolomite
MAT-CARB-5815,0,594,-83.52805656485377,41.563259104038,dolomite
MAT-CARB-5815,0,595,-83.52773436164613,41.56569038477096,dolomite
MAT-CARB-5815,0,596,-83.52742031082438,41.56866124210547,dolomite
MAT-CARB-5815,0,597,-83.52674714924393,41.57163518536591,dolomite
MAT-CARB-5815,0,598,-83.52569449501028,41.57326317547253,dolomite
MAT-CARB-5815,0,599,-83.52446018327261,41.574757789190784,dolomite
MAT-CARB-5815,0,600,-83.52376649768118,41.576382671016525,dolomite
MAT-CARB-5815,0,601,-83.52289116703777,41.577874207080846,dolomite
MAT-CARB-5815,0,602,-83.52202803571629,41.58017512842355,dolomite
MAT-CARB-5815,0,603,-83.5217075323511,41.58274125243312,dolomite
MAT-CARB-5815,0,604,-83.52013215162468,41.58545293161468,dolomite
MAT-CARB-5815,0,605,-83.51856908548922,41.58643238779319,dolomite
MAT-CARB-5815,0,606,-83.51713052119295,41.58630965181795,dolomite
MAT-CARB-5815,0,607,-83.5162306856742,41.58618234773559,dolomite
MAT-CARB-5815,0,608,-83.51532071490972,41.58538054062333,dolomite
MAT-CARB-5815,0,609,-83.51476789924244,41.584440802156855,dolomite
MAT-CARB-5815,0,610,-83.51367841349715,41.58364049637435,dolomite
MAT-CARB-5815,0,611,-83.51240943642887,41.58284169156393,dolomite
MAT-CARB-5815,0,612,-83.5116851461139,41.5824430258031,dolomite
MAT-CARB-5815,0,613,-83.510434273594,41.5828583031333,dolomite
MAT-CARB-5815,0,614,-83.50937301916318,41.583946531003015,dolomite
MAT-CARB-5815,0,615,-83.50902996848815,41.585028724590025,dolomite
MAT-CARB-5815,0,616,-83.50689922500563,41.58666556641077,dolomite
MAT-CARB-5815,0,617,-83.50459684361785,41.58884347006001,dolomite
MAT-CARB-5815,0,618,-83.5024659097211,41.5904802276998,dolomite
MAT-CARB-5815,0,619,-83.50068805511704,41.591709250198896,dolomite
MAT-CARB-5815,0,620,-83.49819376385517,41.593079129563264,dolomite
MAT-CARB-5815,0,621,-83.49694264855586,41.59349423506618,dolomite
MAT-CARB-5815,0,622,-83.4958651190928,41.59350316128021,dolomite
MAT-CARB-5815,0,623,-83.49478165028353,41.59310739794221,dolomite
MAT-CARB-5815,0,624,-83.49423301346239,41.59243735815135,dolomite
MAT-CARB-5815,0,625,-83.49350283276301,41.591633905427194,dolomite
MAT-CARB-5815,0,626,-83.49259108242303,41.59069703649,dolomite
MAT-CARB-5815,0,627,-83.49185896616363,41.589758678852526,dolomite
MAT-CARB-5815,0,628,-83.49113472281913,41.58935989169418,dolomite
MAT-CARB-5815,0,629,-83.49005926500712,41.589503659435906,dolomite
MAT-CARB-5815,0,630,-83.48935078579203,41.59018406669715,dolomite
MAT-CARB-5815,0,631,-83.4881154012784,41.5916782853743,dolomite
MAT-CARB-5815,0,632,-83.48760021709309,41.593301487299726,dolomite
MAT-CARB-5815,0,633,-83.48690742268303,41.595061051300576,dolomite
MAT-CARB-5815,0,634,-83.4856777438673,41.59695991809288,dolomite
MAT-CARB-5815,0,635,-83.48408292724685,41.59845702970831,dolomite
MAT-CARB-5815,0,636,-83.48338020247161,41.599542074616835,dolomite
MAT-CARB-5815,0,637,-83.48195901323392,41.60063298116278,dolomite
MAT-CARB-5815,0,638,-83.48106686447144,41.601045013578954,dolomite
MAT-CARB-5815,0,639,-83.48018052090768,41.60186171724864,dolomite
MAT-CARB-5815,0,640,-83.47893689068665,41.60281622993767,dolomite
MAT-CARB-5815,0,641,-83.4771621761353,41.604314703698044,dolomite
MAT-CARB-5815,0,642,-83.47573496035743,41.605000855608026,dolomite
MAT-CARB-5815,0,643,-83.47430387325295,41.60541717803067,dolomite
MAT-CARB-5815,0,644,-83.4723280433375,41.60543316346638,dolomite
MAT-CARB-5815,0,645,-83.4703503176181,41.60531422385841,dolomite
MAT-CARB-5815,0,646,-83.46873568271258,41.605462144278796,dolomite
MAT-CARB-5815,0,647,-83.46748608457332,41.60601185865361,dolomite
MAT-CARB-5815,0,648,-83.4657052661107,41.607105455488266,dolomite
MAT-CARB-5815,0,649,-83.46446709551792,41.60846451782367,dolomite
MAT-CARB-5815,0,650,-83.46376203451099,41.60941454685589,dolomite
MAT-CARB-5815,0,651,-83.46306075127607,41.610634354915376,dolomite
MAT-CARB-5815,0,652,-83.46216452502604,41.61077643262882,dolomite
MAT-CARB-5815,0,653,-83.46145362950783,41.61132177138182,dolomite
MAT-CARB-5815,0,654,-83.46002610712733,41.61200773278971,dolomite
MAT-CARB-5815,0,655,-83.4577137321915,41.61364509803053,dolomite
MAT-CARB-5815,0,656,-83.45539553936149,41.61487771486283,dolomite
MAT-CARB-5815,0,657,-83.4528899948155,41.61557214336856,dolomite
MAT-CARB-5815,0,658,-83.45128454653529,41.61639431238001,dolomite
MAT-CARB-5815,0,659,-83.44752704266426,41.617503237275855,dolomite
MAT-CARB-5815,0,660,-83.44485111367362,41.618873394140245,dolomite
MAT-CARB-5815,0,661,-83.44039156637056,41.62120178052826,dolomite
MAT-CARB-5815,0,662,-83.43557424954719,41.6236677092314,dolomite
MAT-CARB-5815,0,663,-83.43324787870647,41.624360326232086,dolomite
MAT-CARB-5815,0,664,-83.43075661861768,41.62613343953688,dolomite
MAT-CARB-5815,0,665,-83.42897282890866,41.627091583203935,dolomite
MAT-CARB-5815,0,666,-83.42682960177251,41.62805246793123,dolomite
MAT-CARB-5815,0,667,-83.42433067603683,41.62928588187395,dolomite
MAT-CARB-5815,0,668,-83.42255038633388,41.630513707943784,dolomite
MAT-CARB-5815,0,669,-83.42058851426418,41.631608018333324,dolomite
MAT-CARB-5815,0,670,-83.41880077715408,41.632296199406085,dolomite
MAT-CARB-5815,0,671,-83.41772262064255,41.63230442533996,dolomite
MAT-CARB-5815,0,672,-83.41700204790568,41.63217501374345,dolomite
MAT-CARB-5815,0,673,-83.41519239067549,41.6312444331761,dolomite
MAT-CARB-5815,0,674,-83.41392910708386,41.63084932085048,dolomite
MAT-CARB-5815,0,675,-83.41248615597851,41.63045553016386,dolomite
MAT-CARB-5815,0,676,-83.41032993630537,41.63047185899301,dolomite
MAT-CARB-5815,0,677,-83.40889787342877,41.630887421850574,dolomite
MAT-CARB-5815,0,678,-83.40818818278628,41.631567298827875,dolomite
MAT-CARB-5815,0,679,-83.40765993579579,41.63238073407278,dolomite
MAT-CARB-5815,0,680,-83.40786674043407,41.634402811161266,dolomite
MAT-CARB-5815,0,681,-83.40805909064757,41.635345711823746,dolomite
MAT-CARB-5815,0,682,-83.40844203465444,41.63709662007794,dolomite
MAT-CARB-5815,0,683,-83.40848364583597,41.64019918548075,dolomite
MAT-CARB-5815,0,684,-83.40742704818535,41.64182604317937,dolomite
MAT-CARB-5815,0,685,-83.40707846291821,41.642638113447696,dolomite
MAT-CARB-5815,0,686,-83.40584387887239,41.64440119662449,dolomite
MAT-CARB-5815,0,687,-83.4035470842594,41.64738638675342,dolomite
MAT-CARB-5815,0,688,-83.40196723077449,41.65023128035065,dolomite
MAT-CARB-5815,0,689,-83.4002075020484,41.653077462817,dolomite
MAT-CARB-5815,0,690,-83.39938896497075,41.65525806824696,dolomite
MAT-CARB-5815,0,691,-83.39926295594725,41.659306167603354,dolomite
MAT-CARB-5815,0,692,-83.40056974126689,41.66293881751427,dolomite
MAT-CARB-5815,0,693,-83.40151707434873,41.66657413427246,dolomite
MAT-CARB-5815,0,694,-83.4017543424748,41.670889302466854,dolomite
MAT-CARB-5815,0,695,-83.40089308932353,41.67372870846778,dolomite
MAT-CARB-5815,0,696,-83.399504860103,41.67751635352511,dolomite
MAT-CARB-5815,0,697,-83.39845820620268,41.67995241472067,dolomite
MAT-CARB-5815,0,698,-83.397044686751,41.681851602933634,dolomite
MAT-CARB-5815,0,699,-83.39473553503576,41.68402719453003,dolomite
MAT-CARB-5815,0,700,-83.39223929237689,41.68566453376109,dolomite
MAT-CARB-5815,0,701,-83.3902752949903,41.686758269946274,dolomite
MAT-CARB-5815,0,702,-83.3883165819313,41.68825665167749,dolomite
MAT-CARB-5815,0,703,-83.38736834513902,41.689184388609064,dolomite
MAT-CARB-5815,0,704,-83.38720183202193,41.689108170818734,dolomite
MAT-CARB-5815,0,705,-83.38608686365565,41.68869597342736,dolomite
MAT-CARB-5815,0,706,-83.38515721327506,41.68839566363187,dolomite
MAT-CARB-5815,0,707,-83.38348784946135,41.68777816262504,dolomite
MAT-CARB-5815,0,708,-83.38264619074315,41.687538095884904,dolomite
MAT-CARB-5815,0,709,-83.38239018703915,41.68750012490192,dolomite
MAT-CARB-5815,0,710,-83.38190717101068,41.687369204056345,dolomite
MAT-CARB-5815,0,711,-83.38042972644588,41.687157852853574,dolomite
MAT-CARB-5815,0,712,-83.37992666743912,41.68702122933031,dolomite
MAT-CARB-5815,0,713,-83.37942757275354,41.686984012879996,dolomite
MAT-CARB-5815,0,714,-83.37873995268815,41.68685898813089,dolomite
MAT-CARB-5815,0,715,-83.37803726000568,41.68663506998276,dolomite
MAT-CARB-5815,0,716,-83.37779586117826,41.68659158033311,dolomite
MAT-CARB-5815,0,717,-83.37718875634982,41.68649936197741,dolomite
MAT-CARB-5815,0,718,-83.37706451897397,41.68649958103922,dolomite
MAT-CARB-5815,0,719,-83.37685292577414,41.68658791731729,dolomite
MAT-CARB-5815,0,720,-83.37612178805142,41.68653987091581,dolomite
MAT-CARB-5815,0,721,-83.37585129479514,41.68652941508266,dolomite
MAT-CARB-5815,0,722,-83.37530278938222,41.686464568715984,dolomite
MAT-CARB-5815,0,723,-83.3751537952552,41.68645429790482,dolomite
MAT-CARB-5815,0,724,-83.3745277921266,41.68641104496259,dolomite
MAT-CARB-5815,0,725,-83.37429364666485,41.68635106888843,dolomite
MAT-CARB-5815,0,726,-83.37396797732664,41.6862833099596,dolomite
MAT-CARB-5815,0,727,-83.37372669311276,41.686282400250334,dolomite
MAT-CARB-5815,0,728,-83.37347836102961,41.686248468256785,dolomite
MAT-CARB-5815,0,729,-83.37302393519795,41.68615942722654,dolomite
MAT-CARB-5815,0,730,-83.37225068449683,41.68615584205734,dolomite
MAT-CARB-5815,0,731,-83.37198764392393,41.68612736111129,dolomite
MAT-CARB-5815,0,732,-83.37150690344345,41.68612250345922,dolomite
MAT-CARB-5815,0,733,-83.37118345065086,41.6861243221681,dolomite
MAT-CARB-5815,0,734,-83.37086151450629,41.68616156037828,dolomite
MAT-CARB-5815,0,735,-83.3706059051986,41.68621019279474,dolomite
MAT-CARB-5815,0,736,-83.37045861128556,41.686286507718755,dolomite
MAT-CARB-5815,0,737,-83.3702900694298,41.686346357253505,dolomite
MAT-CARB-5815,0,738,-83.37017310643408,41.68634040118404,dolomite
MAT-CARB-5815,0,739,-83.3700486264462,41.68637294721988,dolomite
MAT-CARB-5815,0,740,-83.36985065609979,41.686460158073466,dolomite
MAT-CARB-5815,0,741,-83.36953658548062,41.68641498277798,dolomite
MAT-CARB-5815,0,742,-83.36913494119003,41.686341972847075,dolomite
MAT-CARB-5815,0,743,-83.36887917907171,41.68631899960122,dolomite
MAT-CARB-5815,0,744,-83.36800196073786,41.68631015869262,dolomite
MAT-CARB-5815,0,745,-83.36754953016086,41.686176437029225,dolomite
MAT-CARB-5815,0,746,-83.36682630825452,41.686085688373595,dolomite
MAT-CARB-5815,0,747,-83.36657034540485,41.68610118702026,dolomite
MAT-CARB-5815,0,748,-83.36631470336289,41.68606172587669,dolomite
MAT-CARB-5815,0,749,-83.36607437109977,41.68591783465025,dolomite
MAT-CARB-5815,0,750,-83.3658116493653,41.68584535044946,dolomite
MAT-CARB-5815,0,751,-83.36557780210343,41.68582794422225,dolomite
MAT-CARB-5815,0,752,-83.36459795028192,41.68585168228424,dolomite
MAT-CARB-5815,0,753,-83.36389628837921,41.68582147721022,dolomite
MAT-CARB-5815,0,754,-83.36347213855586,41.68584182272058,dolomite
MAT-CARB-5815,0,755,-83.36248440684716,41.68595349275522,dolomite
MAT-CARB-5815,0,756,-83.36202363038353,41.68597919619222,dolomite
MAT-CARB-5815,0,757,-83.36055979488737,41.68622646579546,dolomite
MAT-CARB-5815,0,758,-83.36030339176418,41.68630245071634,dolomite
MAT-CARB-5815,0,759,-83.35984977005562,41.686350198126895,dolomite
MAT-CARB-5815,0,760,-83.35959316272906,41.686459173559584,dolomite
MAT-CARB-5815,0,761,-83.35863472077152,41.6865709044991,dolomite
MAT-CARB-5815,0,762,-83.35829130050378,41.68657924802047,dolomite
MAT-CARB-5815,0,763,-83.36024511122186,41.682024832250065,dolomite
MAT-CARB-5815,0,764,-83.36002083272078,41.67873994518145,dolomite
MAT-CARB-5815,0,765,-83.35926117854144,41.67641744234149,dolomite
MAT-CARB-5815,0,766,-83.35814694332564,41.674919076803796,dolomite
MAT-CARB-5815,0,767,-83.356485283597,41.67342459371201,dolomite
MAT-CARB-5815,0,768,-83.35464458139656,41.67220521231738,dolomite
MAT-CARB-5815,0,769,-83.35060534333024,41.67031668433238,dolomite
MAT-CARB-5815,0,770,-83.34822078697123,41.66937495367727,dolomite
MAT-CARB-5815,0,771,-83.34748392335372,41.66883237501225,dolomite
MAT-CARB-5815,0,772,-83.34674878422967,41.668426734966026,dolomite
MAT-CARB-5815,0,773,-83.34692271025548,41.66774081683954,dolomite
MAT-CARB-5815,0,774,-83.34727915581375,41.66705361395587,dolomite
MAT-CARB-5815,0,775,-83.3485463012414,41.66622306738658,dolomite
MAT-CARB-5815,0,776,-83.35035401907531,41.66484092187012,dolomite
MAT-CARB-5815,0,777,-83.35143347828462,41.66360085473161,dolomite
MAT-CARB-5815,0,778,-83.35231487526084,41.661129708781075,dolomite
MAT-CARB-5815,0,779,-83.3520876049148,41.65757091219514,dolomite
MAT-CARB-5815,0,780,-83.35114256355305,41.6549757436667,dolomite
MAT-CARB-5815,0,781,-83.34965365298075,41.652658261726266,dolomite
MAT-CARB-5815,0,782,-83.34817341917025,41.65102542927689,dolomite
MAT-CARB-5815,0,783,-83.34743161542391,41.6500720597889,dolomite
MAT-CARB-5815,0,784,-83.34612541104039,41.64775326707944,dolomite
MAT-CARB-5815,0,785,-83.34631701111913,41.64473143793556,dolomite
MAT-CARB-5815,0,786,-83.34738076890221,41.64225900462381,dolomite
MAT-CARB-5815,0,787,-83.34734479586987,41.639383508271564,dolomite
MAT-CARB-5815,0,788,-83.34696798658463,41.638427557223736,dolomite
MAT-CARB-5815,0,789,-83.3469508652726,41.6370582512374,dolomite
MAT-CARB-5815,0,790,-83.34564318246818,41.63460250725217,dolomite
MAT-CARB-5815,0,791,-83.34397933893213,41.632833931277496,dolomite
MAT-CARB-5815,0,792,-83.3421400013123,41.631614315202434,dolomite
MAT-CARB-5815,0,793,-83.33975353007844,41.63039851647874,dolomite
MAT-CARB-5815,0,794,-83.33609379481112,41.62946538716872,dolomite
MAT-CARB-5815,0,795,-83.33078928183241,41.628269646876106,dolomite
MAT-CARB-5815,0,796,-83.32622285916716,41.627753325723575,dolomite
MAT-CARB-5815,0,797,-83.32329962370981,41.62736253414088,dolomite
MAT-CARB-5815,0,798,-83.31983259868363,41.62724924247394,dolomite
MAT-CARB-5815,0,799,-83.31763239987748,41.62630562792624,dolomite
MAT-CARB-5815,0,800,-83.31414894661438,41.6248228480338,dolomite
MAT-CARB-5815,0,801,-83.31250094463898,41.624286227533695,dolomite
MAT-CARB-5815,0,802,-83.30994926409737,41.62444036136632,dolomite
MAT-CARB-5815,0,803,-83.30667460211683,41.62514707491828,dolomite
MAT-CARB-5815,0,804,-83.30412450134658,41.625438034215406,dolomite
MAT-CARB-5815,0,805,-83.30230063949077,41.62545020735203,dolomite
MAT-CARB-5815,0,806,-83.30138710700567,41.62531936170406,dolomite
MAT-CARB-5815,0,807,-83.30010074300124,41.62450624341362,dolomite
MAT-CARB-5815,0,808,-83.29936313738013,41.623826427198004,dolomite
MAT-CARB-5815,0,809,-83.29898386231382,41.62259646902012,dolomite
MAT-CARB-5815,0,810,-83.29913715820804,41.620130465832666,dolomite
MAT-CARB-5815,0,811,-83.29967616082646,41.61944219187521,dolomite
MAT-CARB-5815,0,812,-83.29947764456406,41.618074068531435,dolomite
MAT-CARB-5815,0,813,-83.299287212632,41.617390611815004,dolomite
MAT-CARB-5815,0,814,-83.29854969262907,41.61671078643007,dolomite
MAT-CARB-5815,0,815,-83.29800102466692,41.61657749292668,dolomite
MAT-CARB-5815,0,816,-83.29709241563755,41.616857382343596,dolomite
MAT-CARB-5815,0,817,-83.29636783506473,41.61727303522416,dolomite
MAT-CARB-5815,0,818,-83.29564160062438,41.61755170626177,dolomite
MAT-CARB-5815,0,819,-83.29418590442775,41.61783521700106,dolomite
MAT-CARB-5815,0,820,-83.29327569630027,41.61797815435727,dolomite
MAT-CARB-5815,0,821,-83.29236388315557,41.61798416209195,dolomite
MAT-CARB-5815,0,822,-83.29126811551764,41.617854439456494,dolomite
MAT-CARB-5815,0,823,-83.29071462225163,41.61731031728767,dolomite
MAT-CARB-5815,0,824,-83.29069065367759,41.61525630849652,dolomite
MAT-CARB-5815,0,825,-83.29031477787174,41.614300160293574,dolomite
MAT-CARB-5815,0,826,-83.2899404726186,41.613480961090154,dolomite
MAT-CARB-5815,0,827,-83.28788845104472,41.60952302875219,dolomite
MAT-CARB-5815,0,828,-83.28750624516805,41.60801914414326,dolomite
MAT-CARB-5815,0,829,-83.28748555950487,41.606238994076136,dolomite
MAT-CARB-5815,0,830,-83.28819737273032,41.6047279413878,dolomite
MAT-CARB-5815,0,831,-83.28926581206346,41.60252981319597,dolomite
MAT-CARB-5815,0,832,-83.28943859237343,41.60170701401863,dolomite
MAT-CARB-5815,0,833,-83.28943061741683,41.60102233554196,dolomite
MAT-CARB-5815,0,834,-83.28886611954061,41.599519640505854,dolomite
MAT-CARB-5815,0,835,-83.28776269927361,41.59870520400863,dolomite
MAT-CARB-5815,0,836,-83.28629625466287,41.59803006604224,dolomite
MAT-CARB-5815,0,837,-83.28318906621739,41.597365603800334,dolomite
MAT-CARB-5815,0,838,-83.28080805022884,41.596422478561294,dolomite
MAT-CARB-5815,0,839,-83.27787699891019,41.5952089377756,dolomite
MAT-CARB-5815,0,840,-83.27713993531954,41.59452899563487,dolomite
MAT-CARB-5815,0,841,-83.27694665553052,41.59357161074385,dolomite
MAT-CARB-5815,0,842,-83.27748099661294,41.59247258768474,dolomite
MAT-CARB-5815,0,843,-83.27838617792368,41.59191893395743,dolomite
MAT-CARB-5815,0,844,-83.28038193192867,41.59108432972899,dolomite
MAT-CARB-5815,0,845,-83.28329544341568,41.59079149109278,dolomite
MAT-CARB-5815,0,846,-83.28566042513533,41.59036522951256,dolomite
MAT-CARB-5815,0,847,-83.28784154229031,41.58980318906554,dolomite
MAT-CARB-5815,0,848,-83.28928550243882,41.588561210188445,dolomite
MAT-CARB-5815,0,849,-83.29091487760027,41.587591866833264,dolomite
MAT-CARB-5815,0,850,-83.29198935766566,41.585941415791375,dolomite
MAT-CARB-5815,0,851,-83.2934155306606,41.5831930794688,dolomite
MAT-CARB-5815,0,852,-83.29483834061703,41.58017083836891,dolomite
MAT-CARB-5815,0,853,-83.29607399138483,41.57673896911838,dolomite
MAT-CARB-5815,0,854,-83.2969707627132,41.57550047513889,dolomite
MAT-CARB-5815,0,855,-83.29840780101995,41.57371060543906,dolomite
MAT-CARB-5815,0,856,-83.29873355863225,41.570421665363796,dolomite
MAT-CARB-5815,0,857,-83.29726278634874,41.56933583240332,dolomite
MAT-CARB-5815,0,858,-83.29588513107745,41.56806780278967,dolomite
MAT-CARB-5815,0,859,-83.29314049327292,41.567127282756154,dolomite
MAT-CARB-5815,0,860,-83.29022488589685,41.56714648072204,dolomite
MAT-CARB-5815,0,861,-83.28840740215864,41.567569257140114,dolomite
MAT-CARB-5815,0,862,-83.2864076382371,41.56799319814315,dolomite
MAT-CARB-5815,0,863,-83.28405290521769,41.56924113665607,dolomite
MAT-CARB-5815,0,864,-83.2820578392737,41.57007581733617,dolomite
MAT-CARB-5815,0,865,-83.28007532714679,41.57200597336721,dolomite
MAT-CARB-5815,0,866,-83.2786299784711,41.573110931026676,dolomite
MAT-CARB-5815,0,867,-83.27683265804937,41.57531373172561,dolomite
MAT-CARB-5815,0,868,-83.27521277058376,41.57710451609593,dolomite
MAT-CARB-5815,0,869,-83.27360060965056,41.57957994096463,dolomite
MAT-CARB-5815,0,870,-83.27179827767107,41.581371845106894,dolomite
MAT-CARB-5815,0,871,-83.26998807399711,41.58247902888451,dolomite
MAT-CARB-5815,0,872,-83.26744717164583,41.58345391204726,dolomite
MAT-CARB-5815,0,873,-83.2654421698806,41.58346668994317,dolomite
MAT-CARB-5815,0,874,-83.26361329712589,41.582930513426156,dolomite
MAT-CARB-5815,0,875,-83.26214589495923,41.582118144655325,dolomite
MAT-CARB-5815,0,876,-83.26104461599013,41.58144037841796,dolomite
MAT-CARB-5815,0,877,-83.2599387543041,41.580351791639664,dolomite
MAT-CARB-5815,0,878,-83.2582646952006,41.57734951601901,dolomite
MAT-CARB-5815,0,879,-83.25751119295977,41.575163096922914,dolomite
MAT-CARB-5815,0,880,-83.25657856039811,41.573251700133355,dolomite
MAT-CARB-5815,0,881,-83.2551007770961,41.57148065629621,dolomite
MAT-CARB-5815,0,882,-83.25343628020708,41.56929991946811,dolomite
MAT-CARB-5815,0,883,-83.25196781300714,41.56835048782083,dolomite
MAT-CARB-5815,0,884,-83.25032167563703,41.56781296250843,dolomite
MAT-CARB-5815,0,885,-83.24958972695498,41.56754362332593,dolomite
MAT-CARB-5815,0,886,-83.24740146258524,41.5674203073216,dolomite
MAT-CARB-5815,0,887,-83.24613191177478,41.567975974113516,dolomite
MAT-CARB-5815,0,888,-83.24504904080631,41.56894134064005,dolomite
MAT-CARB-5815,0,889,-83.2441529107612,41.570316383061865,dolomite
MAT-CARB-5815,0,890,-83.24365578628816,41.57483874080871,dolomite
MAT-CARB-5815,0,891,-83.2431495531491,41.57853945680823,dolomite
MAT-CARB-5815,0,892,-83.24209198787929,41.58183272403156,dolomite
MAT-CARB-5815,0,893,-83.24084154024409,41.58416852240606,dolomite
MAT-CARB-5815,0,894,-83.23977032612088,41.58622932765115,dolomite
MAT-CARB-5815,0,895,-83.23886639787729,41.586919620496566,dolomite
MAT-CARB-5815,0,896,-83.2379639418048,41.587746833132606,dolomite
MAT-CARB-5815,0,897,-83.23597668417617,41.58940235185791,dolomite
MAT-CARB-5815,0,898,-83.23525495627514,41.59009150016767,dolomite
MAT-CARB-5815,0,899,-83.23253834788996,41.59175144157662,dolomite
MAT-CARB-5815,0,900,-83.22962756056924,41.59231690337419,dolomite
MAT-CARB-5815,0,901,-83.22798396002372,41.59205299128982,dolomite
MAT-CARB-5815,0,902,-83.22651678718512,41.59124016676763,dolomite
MAT-CARB-5815,0,903,-83.22523050377822,41.5902893251922,dolomite
MAT-CARB-5815,0,904,-83.22374439626766,41.58769630438948,dolomite
MAT-CARB-5815,0,905,-83.22318442342521,41.586467138814506,dolomite
MAT-CARB-5815,0,906,-83.22316981581136,41.58509778259766,dolomite
MAT-CARB-5815,0,907,-83.22295538395761,41.58208622347877,dolomite
MAT-CARB-5815,0,908,-83.22402123091443,41.579477820752764,dolomite
MAT-CARB-5815,0,909,-83.22417423075815,41.57673796580593,dolomite
MAT-CARB-5815,0,910,-83.22360699720826,41.57482412040502,dolomite
MAT-CARB-5815,0,911,-83.22250330361395,41.57387211213661,dolomite
MAT-CARB-5815,0,912,-83.21975654266167,41.57265606409123,dolomite
MAT-CARB-5815,0,913,-83.21701563569052,41.571987696128744,dolomite
MAT-CARB-5815,0,914,-83.21281833624667,41.57146484598208,dolomite
MAT-CARB-5815,0,915,-83.20971598932012,41.57107235673067,dolomite
MAT-CARB-5815,0,916,-83.20497777357086,41.57110023035309,dolomite
MAT-CARB-5815,0,917,-83.2015194930379,41.57153129682421,dolomite
MAT-CARB-5815,0,918,-83.19951345587003,41.57140604618569,dolomite
MAT-CARB-5815,0,919,-83.19640974586214,41.570876284417416,dolomite
MAT-CARB-5815,0,920,-83.1943981280078,41.57020317552976,dolomite
MAT-CARB-5815,0,921,-83.19220009327964,41.56912026555138,dolomite
MAT-CARB-5815,0,922,-83.18853457710115,41.56708707983874,dolomite
MAT-CARB-5815,0,923,-83.18597645805785,41.56641695738331,dolomite
MAT-CARB-5815,0,924,-83.18487619573536,41.56573848483929,dolomite
MAT-CARB-5815,0,925,-83.18431569076172,41.56437221274439,dolomite
MAT-CARB-5815,0,926,-83.18521157177187,41.56286067914139,dolomite
MAT-CARB-5815,0,927,-83.18664574458788,41.56052434939362,dolomite
MAT-CARB-5815,0,928,-83.18826757383141,41.55873473375366,dolomite
MAT-CARB-5815,0,929,-83.18988792464225,41.55680816237742,dolomite
MAT-CARB-5815,0,930,-83.19114656314841,41.55515755185867,dolomite
MAT-CARB-5815,0,931,-83.19240797262957,41.55378078864334,dolomite
MAT-CARB-5815,0,932,-83.19276534787103,41.553093976889166,dolomite
MAT-CARB-5815,0,933,-83.19256219146718,41.55104091442438,dolomite
MAT-CARB-5815,0,934,-83.19253842224093,41.54871287966285,dolomite
MAT-CARB-5815,0,935,-83.19197231563912,41.54679883976119,dolomite
MAT-CARB-5815,0,936,-83.19123105757903,41.545570559099616,dolomite
MAT-CARB-5815,0,937,-83.1897597974673,41.544209496315815,dolomite
MAT-CARB-5815,0,938,-83.1891938068419,41.54229543607832,dolomite
MAT-CARB-5815,0,939,-83.18897410157408,41.53859901370845,dolomite
MAT-CARB-5815,0,940,-83.18840956936455,41.53682187424244,dolomite
MAT-CARB-5815,0,941,-83.18692881349247,41.53450217633244,dolomite
MAT-CARB-5815,0,942,-83.18491145597538,41.53314416383208,dolomite
MAT-CARB-5815,0,943,-83.18143572702608,41.53165745327138,dolomite
MAT-CARB-5815,0,944,-83.17887764378123,41.53085022553125,dolomite
MAT-CARB-5815,0,945,-83.17705770675965,41.53099743545029,dolomite
MAT-CARB-5815,0,946,-83.17523912486696,41.53128157948702,dolomite
MAT-CARB-5815,0,947,-83.17287275790514,41.53143179509778,dolomite
MAT-CARB-5815,0,948,-83.17050096740135,41.531034199402384,dolomite
MAT-CARB-5815,0,949,-83.16830596825447,41.53008775116273,dolomite
MAT-CARB-5815,0,950,-83.1679322530529,41.529131179950454,dolomite
MAT-CARB-5815,0,951,-83.16883478305432,41.52830445208023,dolomite
MAT-CARB-5815,0,952,-83.17064925142036,41.52760957268972,dolomite
MAT-CARB-5815,0,953,-83.17373446417066,41.52649669218622,dolomite
MAT-CARB-5815,0,954,-83.17773288936664,41.525652468634426,dolomite
MAT-CARB-5815,0,955,-83.18118485855115,41.524811237526,dolomite
MAT-CARB-5815,0,956,-83.18354269940609,41.523839192703534,dolomite
MAT-CARB-5815,0,957,-83.18644400619301,41.5225900558426,dolomite
MAT-CARB-5815,0,958,-83.18789116753366,41.52162312253505,dolomite
MAT-CARB-5815,0,959,-83.19225332097116,41.52077632667591,dolomite
MAT-CARB-5815,0,960,-83.19662239475284,41.520614130517096,dolomite
MAT-CARB-5815,0,961,-83.19972521986178,41.521280871787845,dolomite
MAT-CARB-5815,0,962,-83.20210247172014,41.52222568904868,dolomite
MAT-CARB-5815,0,963,-83.20503612836981,41.52412585213287,dolomite
MAT-CARB-5815,0,964,-83.20650444416982,41.52521285400196,dolomite
MAT-CARB-5815,0,965,-83.20778780319856,41.52602701364872,dolomite
MAT-CARB-5815,0,966,-83.20836133084046,41.52862573834453,dolomite
MAT-CARB-5815,0,967,-83.20873986823348,41.529993041337875,dolomite
MAT-CARB-5815,0,968,-83.21003054636202,41.53149189787042,dolomite
MAT-CARB-5815,0,969,-83.2102184043113,41.53203858425433,dolomite
MAT-CARB-5815,0,970,-83.20931632926097,41.53286564770428,dolomite
MAT-CARB-5815,0,971,-83.20716065731816,41.53575432532652,dolomite
MAT-CARB-5815,0,972,-83.20680922601987,41.53698897783727,dolomite
MAT-CARB-5815,0,973,-83.20645917105095,41.538360533930664,dolomite
MAT-CARB-5815,0,974,-83.20683205387527,41.539180072283415,dolomite
MAT-CARB-5815,0,975,-83.20738420014767,41.5397246165014,dolomite
MAT-CARB-5815,0,976,-83.20774995826527,41.539859431875215,dolomite
MAT-CARB-5815,0,977,-83.20847858173974,41.53985513884376,dolomite
MAT-CARB-5815,0,978,-83.2097493469009,41.53943676200732,dolomite
MAT-CARB-5815,0,979,-83.2102958201413,41.539433533501835,dolomite
MAT-CARB-5815,0,980,-83.21121519847912,41.540249826744386,dolomite
MAT-CARB-5815,0,981,-83.21158380313055,41.54065849617949,dolomite
MAT-CARB-5815,0,982,-83.2123153105003,41.540928045392285,dolomite
MAT-CARB-5815,0,983,-83.2130425059099,41.54078679196136,dolomite
MAT-CARB-5815,0,984,-83.2137653758877,41.54023470839399,dolomite
MAT-CARB-5815,0,985,-83.2141181390772,41.53913699925047,dolomite
MAT-CARB-5815,0,986,-83.21337804018015,41.53804578012851,dolomite
MAT-CARB-5815,0,987,-83.21300364542361,41.53708932815651,dolomite
MAT-CARB-5815,0,988,-83.21317282888836,41.53585576607605,dolomite
MAT-CARB-5815,0,989,-83.21353569678868,41.535716642831396,dolomite
MAT-CARB-5815,0,990,-83.21426427540503,41.5357123147091,dolomite
MAT-CARB-5815,0,991,-83.21554503773085,41.53625251790421,dolomite
MAT-CARB-5815,0,992,-83.21573006411836,41.53652532713592,dolomite
MAT-CARB-5815,0,993,-83.21663644911348,41.536109045258485,dolomite
MAT-CARB-5815,0,994,-83.21662487720496,41.535013496655814,dolomite
MAT-CARB-5815,0,995,-83.21570550502793,41.534197268637946,dolomite
MAT-CARB-5815,0,996,-83.21459969872454,41.53297128802062,dolomite
MAT-CARB-5815,0,997,-83.21386106355057,41.53201700018141,dolomite
MAT-CARB-5815,0,998,-83.21348529181243,41.53092361081447,dolomite
MAT-CARB-5815,0,999,-83.21383657050637,41.529688959939655,dolomite
MAT-CARB-5815,0,1000,-83.21509993265921,41.52858582489949,dolomite
MAT-CARB-5815,0,1001,-83.21708447106798,41.526793604379655,dolomite
MAT-CARB-5815,0,1002,-83.21872354762189,41.526783811468455,dolomite
MAT-CARB-5815,0,1003,-83.21982496931099,41.52759893063397,dolomite
MAT-CARB-5815,0,1004,-83.22075157523139,41.52909988402294,dolomite
MAT-CARB-5815,0,1005,-83.22168259155482,41.53101162970849,dolomite
MAT-CARB-5815,0,1006,-83.22223482703009,41.53155610920095,dolomite
MAT-CARB-5815,0,1007,-83.22224503128182,41.53251472686882,dolomite
MAT-CARB-5815,0,1008,-83.22335242848413,41.53387759843535,dolomite
MAT-CARB-5815,0,1009,-83.22519433439506,41.53578382386693,dolomite
MAT-CARB-5815,0,1010,-83.22739471534715,41.53714002728299,dolomite
MAT-CARB-5815,0,1011,-83.22886367098008,41.53822674406131,dolomite
MAT-CARB-5815,0,1012,-83.22886661354077,41.53850063712762,dolomite
MAT-CARB-5815,0,1013,-83.2314167212102,41.53848514421832,dolomite
MAT-CARB-5815,0,1014,-83.23305755802545,41.53861211607524,dolomite
MAT-CARB-5815,0,1015,-83.23397423554243,41.539154315581484,dolomite
MAT-CARB-5815,0,1016,-83.23434741829456,41.539973740779345,dolomite
MAT-CARB-5815,0,1017,-83.23455773750122,41.54257453556623,dolomite
MAT-CARB-5815,0,1018,-83.23529381000331,41.54325479596641,dolomite
MAT-CARB-5815,0,1019,-83.23603138298648,41.54407198355383,dolomite
MAT-CARB-5815,0,1020,-83.23676302457496,41.54434141061091,dolomite
MAT-CARB-5815,0,1021,-83.23822036395705,41.54433246838159,dolomite
MAT-CARB-5815,0,1022,-83.23985538053823,41.54391156381315,dolomite
MAT-CARB-5815,0,1023,-83.2422175024182,41.54334920743699,dolomite
MAT-CARB-5815,0,1024,-83.24439896990137,41.54292483716235,dolomite
MAT-CARB-5815,0,1025,-83.24621004221467,41.54195496116937,dolomite
MAT-CARB-5815,0,1026,-83.24692963905242,41.541128786742505,dolomite
MAT-CARB-5815,0,1027,-83.24707710295276,41.53797796121505,dolomite
MAT-CARB-5815,0,1028,-83.24778457180828,41.53605623425996,dolomite
MAT-CARB-5815,0,1029,-83.24904598838252,41.53481578787335,dolomite
MAT-CARB-5815,0,1030,-83.25030883724754,41.533712315131716,dolomite
MAT-CARB-5815,0,1031,-83.25412003990338,41.53245586509198,dolomite
MAT-CARB-5815,0,1032,-83.25629646712079,41.53162047545974,dolomite
MAT-CARB-5815,0,1033,-83.25865806099144,41.5310577625296,dolomite
MAT-CARB-5815,0,1034,-83.25992681843798,41.530501946203614,dolomite
MAT-CARB-5815,0,1035,-83.26064766187427,41.52981261514235,dolomite
MAT-CARB-5815,0,1036,-83.26080678462016,41.527757322026474,dolomite
MAT-CARB-5815,0,1037,-83.2624181442473,41.52528193332682,dolomite
MAT-CARB-5815,0,1038,-83.26220373442744,41.52240725391313,dolomite
MAT-CARB-5815,0,1039,-83.26108499323436,41.52008613139123,dolomite
MAT-CARB-5815,0,1040,-83.25905432709959,41.517633787559035,dolomite
MAT-CARB-5815,0,1041,-83.25848507322885,41.51558304918734,dolomite
MAT-CARB-5815,0,1042,-83.25793946509262,41.51366317627778,dolomite
MAT-CARB-5815,0,1043,-83.25809863168041,41.51160783166285,dolomite
MAT-CARB-5815,0,1044,-83.25825010287548,41.50886777721148,dolomite
MAT-CARB-5815,0,1045,-83.25877183250469,41.50667318847389,dolomite
MAT-CARB-5815,0,1046,-83.26018691250613,41.50296642610363,dolomite
MAT-CARB-5815,0,1047,-83.26143519828801,41.50063023985134,dolomite
MAT-CARB-5815,0,1048,-83.26287463012355,41.49911458403903,dolomite
MAT-CARB-5815,0,1049,-83.26504528710176,41.49786817415824,dolomite
MAT-CARB-5815,0,1050,-83.26594158259734,41.49662982976429,dolomite
MAT-CARB-5815,0,1051,-83.26592149668643,41.494849536295426,dolomite
MAT-CARB-5815,0,1052,-83.2651779244332,41.493484694046906,dolomite
MAT-CARB-5815,0,1053,-83.26315714234707,41.4918540466011,dolomite
MAT-CARB-5815,0,1054,-83.2611456694316,41.491045072344896,dolomite
MAT-CARB-5815,0,1055,-83.25913880172996,41.4906469052106,dolomite
MAT-CARB-5815,0,1056,-83.25421964174897,41.4902670304237,dolomite
MAT-CARB-5815,0,1057,-83.25330954045388,41.49027274283367,dolomite
MAT-CARB-5815,0,1058,-83.25276501978358,41.490413104821755,dolomite
MAT-CARB-5815,0,1059,-83.25039873609967,41.490427914169786,dolomite
MAT-CARB-5815,0,1060,-83.24985417199478,41.49056829059557,dolomite
MAT-CARB-5815,0,1061,-83.24694334707648,41.490723378142654,dolomite
MAT-CARB-5815,0,1062,-83.24621224289793,41.490454001037186,dolomite
MAT-CARB-5815,0,1063,-83.24511260988356,41.489776036825845,dolomite
MAT-CARB-5815,0,1064,-83.24400996113324,41.488824185881285,dolomite
MAT-CARB-5815,0,1065,-83.24326839472134,41.48759616708964,dolomite
MAT-CARB-5815,0,1066,-83.24307889464733,41.4869125463308,dolomite
MAT-CARB-5815,0,1067,-83.24234185746579,41.48609533572689,dolomite
MAT-CARB-5815,0,1068,-83.24050981579337,41.48501098192024,dolomite
MAT-CARB-5815,0,1069,-83.23959232545027,41.484331869061506,dolomite
MAT-CARB-5815,0,1070,-83.23830639493148,41.48324411571094,dolomite
MAT-CARB-5815,0,1071,-83.2381109656115,41.48201267372487,dolomite
MAT-CARB-5815,0,1072,-83.23863313976636,41.479818123884804,dolomite
MAT-CARB-5815,0,1073,-83.24005625821984,41.47679627000281,dolomite
MAT-CARB-5815,0,1074,-83.24040677381335,41.47556148617991,dolomite
MAT-CARB-5815,0,1075,-83.24002939451083,41.47433116140001,dolomite
MAT-CARB-5815,0,1076,-83.23982802876375,41.47255195250677,dolomite
MAT-CARB-5815,0,1077,-83.23890028287072,41.470914135739186,dolomite
MAT-CARB-5815,0,1078,-83.2386959411611,41.4688610116485,dolomite
MAT-CARB-5815,0,1079,-83.23922992001913,41.46776204397219,dolomite
MAT-CARB-5815,0,1080,-83.24049765372085,41.46720637629387,dolomite
MAT-CARB-5815,0,1081,-83.24194436110734,41.46637568873714,dolomite
MAT-CARB-5815,0,1082,-83.24338653630603,41.46513413301133,dolomite
MAT-CARB-5815,0,1083,-83.24392190985107,41.464172082176525,dolomite
MAT-CARB-5815,0,1084,-83.24373393157862,41.463625390667495,dolomite
MAT-CARB-5815,0,1085,-83.24317911551812,41.46280706942042,dolomite
MAT-CARB-5815,0,1086,-83.24189649039157,41.4619932456201,dolomite
MAT-CARB-5815,0,1087,-83.23988466304834,41.46104692663936,dolomite
MAT-CARB-5815,0,1088,-83.23787434320066,41.460237542423805,dolomite
MAT-CARB-5815,0,1089,-83.23313060401517,41.45903397085001,dolomite
MAT-CARB-5815,0,1090,-83.23167361866587,41.45890588280679,dolomite
MAT-CARB-5815,0,1091,-83.22730566545061,41.45879547826593,dolomite
MAT-CARB-5815,0,1092,-83.22330741721535,41.45923051765712,dolomite
MAT-CARB-5815,0,1093,-83.21931060469078,41.459802392759634,dolomite
MAT-CARB-5815,0,1094,-83.21367477478023,41.460246912406745,dolomite
MAT-CARB-5815,0,1095,-83.20858328235218,41.4605510044799,dolomite
MAT-CARB-5815,0,1096,-83.20495013925667,41.46112022485683,dolomite
MAT-CARB-5815,0,1097,-83.20277955436869,41.46236558594579,dolomite
MAT-CARB-5815,0,1098,-83.2013366961385,41.46360668394311,dolomite
MAT-CARB-5815,0,1099,-83.20098694532605,41.46497830713413,dolomite
MAT-CARB-5815,0,1100,-83.20173316027123,41.466754429683135,dolomite
MAT-CARB-5815,0,1101,-83.20266420364786,41.46880338965512,dolomite
MAT-CARB-5815,0,1102,-83.2058031486659,41.47316767669985,dolomite
MAT-CARB-5815,0,1103,-83.20690639688468,41.474256858619235,dolomite
MAT-CARB-5815,0,1104,-83.20764716003997,41.47548511530612,dolomite
MAT-CARB-5815,0,1105,-83.20800871940354,41.47811874145188,dolomite
MAT-CARB-5815,0,1106,-83.20769711176851,41.48027836994167,dolomite
MAT-CARB-5815,0,1107,-83.20670408998869,41.48211983714591,dolomite
MAT-CARB-5815,0,1108,-83.20500270763166,41.48371816382677,dolomite
MAT-CARB-5815,0,1109,-83.20228823563448,41.48524060314737,dolomite
MAT-CARB-5815,0,1110,-83.19883994950108,41.486219434681615,dolomite
MAT-CARB-5815,0,1111,-83.19538735615305,41.486787321783645,dolomite
MAT-CARB-5815,0,1112,-83.19010761020684,41.486680805373354,dolomite
MAT-CARB-5815,0,1113,-83.18555174948513,41.48615908503185,dolomite
MAT-CARB-5815,0,1114,-83.18008183479724,41.485231475830176,dolomite
MAT-CARB-5815,0,1115,-83.17521156760638,41.48492359985672,dolomite
MAT-CARB-5815,0,1116,-83.1706068348099,41.48510941789066,dolomite
MAT-CARB-5815,0,1117,-83.1635767902244,41.48570369325162,dolomite
MAT-CARB-5815,0,1118,-83.16183968535469,41.486249712564714,dolomite
MAT-CARB-5815,0,1119,-83.15860822459982,41.48787674778008,dolomite
MAT-CARB-5815,0,1120,-83.15627574661514,41.48919875196748,dolomite
MAT-CARB-5815,0,1121,-83.15265643025374,41.491409755161385,dolomite
MAT-CARB-5815,0,1122,-83.14921890200702,41.49361968882486,dolomite
MAT-CARB-5815,0,1123,-83.14687075404808,41.495549765012335,dolomite
MAT-CARB-5815,0,1124,-83.14561080549775,41.49706305562872,dolomite
MAT-CARB-5815,0,1125,-83.14508943249582,41.499668010509495,dolomite
MAT-CARB-5815,0,1126,-83.14546913806527,41.50130942146315,dolomite
MAT-CARB-5815,0,1127,-83.14640547761688,41.504043502668644,dolomite
MAT-CARB-5815,0,1128,-83.14661622953588,41.50705536760712,dolomite
MAT-CARB-5815,0,1129,-83.14608178236217,41.50829082426106,dolomite
MAT-CARB-5815,0,1130,-83.14390471186765,41.50912423355445,dolomite
MAT-CARB-5815,0,1131,-83.14226605154718,41.50913300601603,dolomite
MAT-CARB-5815,0,1132,-83.14098767805709,41.50872897447303,dolomite
MAT-CARB-5815,0,1133,-83.13916180430701,41.50819089952843,dolomite
MAT-CARB-5815,0,1134,-83.13751544827976,41.50737792828157,dolomite
MAT-CARB-5815,0,1135,-83.1355049779629,41.50656683361792,dolomite
MAT-CARB-5815,0,1136,-83.13313172078965,41.505894616974494,dolomite
MAT-CARB-5815,0,1137,-83.13112138327475,41.50508344775488,dolomite
MAT-CARB-5815,0,1138,-83.12929314649352,41.50427131813486,dolomite
MAT-CARB-5815,0,1139,-83.12691117739519,41.502640329187685,dolomite
MAT-CARB-5815,0,1140,-83.1265407609965,41.50195748361531,dolomite
MAT-CARB-5815,0,1141,-83.1265306489725,41.50086189572834,dolomite
MAT-CARB-5815,0,1142,-83.12742571242556,41.49921374683715,dolomite
MAT-CARB-5815,0,1143,-83.12958865976373,41.496874195291326,dolomite
MAT-CARB-5815,0,1144,-83.12976437663868,41.49618849228513,dolomite
MAT-CARB-5815,0,1145,-83.13048741220378,41.49563688954308,dolomite
MAT-CARB-5815,0,1146,-83.13156819403233,41.4943985910949,dolomite
MAT-CARB-5815,0,1147,-83.13136196958666,41.491797513493445,dolomite
MAT-CARB-5815,0,1148,-83.13260040912664,41.48795622949488,dolomite
MAT-CARB-5815,0,1149,-83.13240309331417,41.486313774005254,dolomite
MAT-CARB-5815,0,1150,-83.13202757526253,41.48508314911438,dolomite
MAT-CARB-5815,0,1151,-83.1303691507228,41.482900553149044,dolomite
MAT-CARB-5815,0,1152,-83.12999245411314,41.48153295042819,dolomite
MAT-CARB-5815,0,1153,-83.13064032612314,41.47290122201748,dolomite
MAT-CARB-5815,0,1154,-83.1315081787165,41.468377036783586,dolomite
MAT-CARB-5815,0,1155,-83.13167994480717,41.46728046179058,dolomite
MAT-CARB-5815,0,1156,-83.131655744694,41.464678369262636,dolomite
MAT-CARB-5815,0,1157,-83.13053351737598,41.46139724259806,dolomite
MAT-CARB-5815,0,1158,-83.12959713527226,41.45852599900188,dolomite
MAT-CARB-5815,0,1159,-83.12940251553506,41.45715741277084,dolomite
MAT-CARB-5815,0,1160,-83.12920659873873,41.455651881587826,dolomite
MAT-CARB-5815,0,1161,-83.12826908541203,41.45264367057525,dolomite
MAT-CARB-5815,0,1162,-83.12678340980716,41.44936438071632,dolomite
MAT-CARB-5815,0,1163,-83.12603177367407,41.446766047190536,dolomite
MAT-CARB-5815,0,1164,-83.12588623084802,41.445786782678795,dolomite
MAT-CARB-5815,0,1165,-83.12623361166116,41.44400446868298,dolomite
MAT-CARB-5815,0,1166,-83.12694099198387,41.441809388967464,dolomite
MAT-CARB-5815,0,1167,-83.12837081353014,41.43906265808161,dolomite
MAT-CARB-5815,0,1168,-83.12925614038278,41.43645573968337,dolomite
MAT-CARB-5815,0,1169,-83.12957169963819,41.43124950989188,dolomite
MAT-CARB-5815,0,1170,-83.12881889009451,41.42851420950079,dolomite
MAT-CARB-5815,0,1171,-83.12823912102924,41.424819237203245,dolomite
MAT-CARB-5815,0,1172,-83.12656334967282,41.42058211094319,dolomite
MAT-CARB-5815,0,1173,-83.12599764566208,41.4183936369443,dolomite
MAT-CARB-5815,0,1174,-83.12651032701955,41.41482990313332,dolomite
MAT-CARB-5815,0,1175,-83.12774767466188,41.41098840161164,dolomite
MAT-CARB-5815,0,1176,-83.12936368261555,41.408788488198134,dolomite
MAT-CARB-5815,0,1177,-83.1311613767897,41.406587592605405,dolomite
MAT-CARB-5815,0,1178,-83.132402097374,41.40315692014255,dolomite
MAT-CARB-5815,0,1179,-83.13311140436463,41.40123565810401,dolomite
MAT-CARB-5815,0,1180,-83.13490621953687,41.398760766671565,dolomite
MAT-CARB-5815,0,1181,-83.13614664478058,41.39533003391286,dolomite
MAT-CARB-5815,0,1182,-83.13612870589276,41.39341259706012,dolomite
MAT-CARB-5815,0,1183,-83.13520581783187,41.39191085328164,dolomite
MAT-CARB-5815,0,1184,-83.13263952430043,41.38959595744661,dolomite
MAT-CARB-5815,0,1185,-83.12806784000423,41.38660671009729,dolomite
MAT-CARB-5815,0,1186,-83.12660380789069,41.38551862740255,dolomite
MAT-CARB-5815,0,1187,-83.12459832853246,41.38484424865186,dolomite
MAT-CARB-5815,0,1188,-83.12369088444659,41.38498595771821,dolomite
MAT-CARB-5815,0,1189,-83.12315066847088,41.38553662464268,dolomite
MAT-CARB-5815,0,1190,-83.12243375855905,41.386636091134065,dolomite
MAT-CARB-5815,0,1191,-83.12317828033055,41.38854976413297,dolomite
MAT-CARB-5815,0,1192,-83.12520274347544,41.391278587369534,dolomite
MAT-CARB-5815,0,1193,-83.12594616972102,41.39305528572168,dolomite
MAT-CARB-5815,0,1194,-83.12595373455673,41.3938770416927,dolomite
MAT-CARB-5815,0,1195,-83.12488325905021,41.396074094997886,dolomite
MAT-CARB-5815,0,1196,-83.12381023753555,41.39799720789418,dolomite
MAT-CARB-5815,0,1197,-83.12363098211449,41.39827208013588,dolomite
MAT-CARB-5815,0,1198,-83.12290763523876,41.39868673566449,dolomite
MAT-CARB-5815,0,1199,-83.11890851637469,41.39870744184467,dolomite
MAT-CARB-5815,0,1200,-83.11818264545515,41.39884814198259,dolomite
MAT-CARB-5815,0,1201,-83.11763857888404,41.398987928898535,dolomite
MAT-CARB-5815,0,1202,-83.1154671393288,41.400094795842165,dolomite
MAT-CARB-5815,0,1203,-83.11474124672468,41.40023550242292,dolomite
MAT-CARB-5815,0,1204,-83.11292590260305,41.400518733572596,dolomite
MAT-CARB-5815,0,1205,-83.11146550848697,41.39984135443402,dolomite
MAT-CARB-5815,0,1206,-83.11037110867395,41.399436034393595,dolomite
MAT-CARB-5815,0,1207,-83.10782374241732,41.39917503349849,dolomite
MAT-CARB-5815,0,1208,-83.10581930326461,41.39863729759329,dolomite
MAT-CARB-5815,0,1209,-83.10472499291984,41.39823192545606,dolomite
MAT-CARB-5815,0,1210,-83.10362822726889,41.397552616043626,dolomite
MAT-CARB-5815,0,1211,-83.10289262171439,41.396597568774176,dolomite
MAT-CARB-5815,0,1212,-83.10306106018928,41.395090093099384,dolomite
MAT-CARB-5815,0,1213,-83.10412732131662,41.39234537625894,dolomite
MAT-CARB-5815,0,1214,-83.10518862077319,41.38905281313623,dolomite
MAT-CARB-5815,0,1215,-83.10588878710783,41.386035999217874,dolomite
MAT-CARB-5815,0,1216,-83.10605953783522,41.384802437023204,dolomite
MAT-CARB-5815,0,1217,-83.10585828184165,41.38261196773712,dolomite
MAT-CARB-5815,0,1218,-83.10529477884222,41.38056028184906,dolomite
MAT-CARB-5815,0,1219,-83.10418981184003,41.378922249559785,dolomite
MAT-CARB-5815,0,1220,-83.10400201283515,41.378238350260624,dolomite
MAT-CARB-5815,0,1221,-83.10290804153522,41.37783295499451,dolomite
MAT-CARB-5815,0,1222,-83.10126648534948,41.37715635341042,dolomite
MAT-CARB-5815,0,1223,-83.10053476147532,41.376612160553464,dolomite
MAT-CARB-5815,0,1224,-83.09671984665269,41.376768168962364,dolomite
MAT-CARB-5815,0,1225,-83.09490145994766,41.37664024823284,dolomite
MAT-CARB-5815,0,1226,-83.09088697031756,41.374742521722716,dolomite
MAT-CARB-5815,0,1227,-83.08759248349163,41.37201935253294,dolomite
MAT-CARB-5815,0,1228,-83.08338745991276,41.36914636562514,dolomite
MAT-CARB-5815,0,1229,-83.08100898399813,41.36724035437312,dolomite
MAT-CARB-5815,0,1230,-83.07918388437706,41.36629039078366,dolomite
MAT-CARB-5815,0,1231,-83.0771736320092,41.36493041267663,dolomite
MAT-CARB-5815,0,1232,-83.07662278646264,41.364248212204124,dolomite
MAT-CARB-5815,0,1233,-83.07643062633386,41.36301639139799,dolomite
MAT-CARB-5815,0,1234,-83.0776826525951,41.360681883943755,dolomite
MAT-CARB-5815,0,1235,-83.07910809439474,41.35738771765982,dolomite
MAT-CARB-5815,0,1236,-83.08051816953484,41.35231297414952,dolomite
MAT-CARB-5815,0,1237,-83.08101870031233,41.34710564538132,dolomite
MAT-CARB-5815,0,1238,-83.08281046290789,41.34422053346504,dolomite
MAT-CARB-5815,0,1239,-83.0847872583078,41.34174542523464,dolomite
MAT-CARB-5815,0,1240,-83.08728746834124,41.33680217299354,dolomite
MAT-CARB-5815,0,1241,-83.08782163608237,41.33556680822247,dolomite
MAT-CARB-5815,0,1242,-83.08925436208193,41.33323123878883,dolomite
MAT-CARB-5815,0,1243,-83.0903225868759,41.33076045370027,dolomite
MAT-CARB-5815,0,1244,-83.0912162903626,41.32911237789857,dolomite
MAT-CARB-5815,0,1245,-83.09284107872439,41.328008558485415,dolomite
MAT-CARB-5815,0,1246,-83.09500819151224,41.326628068579154,dolomite
MAT-CARB-5815,0,1247,-83.09627207287436,41.32579994700452,dolomite
MAT-CARB-5815,0,1248,-83.09861579929702,41.32387059895221,dolomite
MAT-CARB-5815,0,1249,-83.10022343421959,41.320849123794574,dolomite
MAT-CARB-5815,0,1250,-83.10290209229123,41.31576762458484,dolomite
MAT-CARB-5815,0,1251,-83.1039707627775,41.31343364352656,dolomite
MAT-CARB-5815,0,1252,-83.1057728898661,41.31191781477388,dolomite
MAT-CARB-5815,0,1253,-83.10848505648845,41.310671294585305,dolomite
MAT-CARB-5815,0,1254,-83.11047710125496,41.31011323961866,dolomite
MAT-CARB-5815,0,1255,-83.11247531079827,41.310240029663504,dolomite
MAT-CARB-5815,0,1256,-83.115563970402,41.310498124389866,dolomite
MAT-CARB-5815,0,1257,-83.11719909480671,41.31062670143776,dolomite
MAT-CARB-5815,0,1258,-83.11792154085119,41.310212051824216,dolomite
MAT-CARB-5815,0,1259,-83.11882426554122,41.30965947316402,dolomite
MAT-CARB-5815,0,1260,-83.11954045958026,41.30855996214094,dolomite
MAT-CARB-5815,0,1261,-83.12007635176741,41.30759837285332,dolomite
MAT-CARB-5815,0,1262,-83.11987608352415,41.30554475534678,dolomite
MAT-CARB-5815,0,1263,-83.11932030738352,41.304314853412436,dolomite
MAT-CARB-5815,0,1264,-83.11802847405608,41.30199290830199,dolomite
MAT-CARB-5815,0,1265,-83.11582053015255,41.298716838911396,dolomite
MAT-CARB-5815,0,1266,-83.11544882227194,41.29775992757215,dolomite
MAT-CARB-5815,0,1267,-83.11540311775553,41.2954194069187,dolomite
MAT-CARB-5815,0,1268,-83.11538578927082,41.293501817965726,dolomite
MAT-CARB-5815,0,1269,-83.11592162138191,41.29254020877475,dolomite
MAT-CARB-5815,0,1270,-83.11569555526535,41.28761017901634,dolomite
MAT-CARB-5815,0,1271,-83.11532514688675,41.28679019341256,dolomite
MAT-CARB-5815,0,1272,-83.11547075947375,41.28281709241668,dolomite
MAT-CARB-5815,0,1273,-83.11615695172232,41.27843023627023,dolomite
MAT-CARB-5815,0,1274,-83.11702576980352,41.27417938915739,dolomite
MAT-CARB-5815,0,1275,-83.11896319847168,41.26773134407108,dolomite
MAT-CARB-5815,0,1276,-83.1212793034603,41.263061996683255,dolomite
MAT-CARB-5815,0,1277,-83.12324479247802,41.25976423236432,dolomite
MAT-CARB-5815,0,1278,-83.12450332409593,41.258524849930595,dolomite
MAT-CARB-5815,0,1279,-83.12522517327041,41.25811013985418,dolomite
MAT-CARB-5815,0,1280,-83.12682881653947,41.254951164286965,dolomite
MAT-CARB-5815,0,1281,-83.12754809072511,41.254262481910224,dolomite
MAT-CARB-5815,0,1282,-83.12917429977222,41.25356902918356,dolomite
MAT-CARB-5815,0,1283,-83.13298097041287,41.25327500832665,dolomite
MAT-CARB-5815,0,1284,-83.13551275876203,41.25243967511692,dolomite
MAT-CARB-5815,0,1285,-83.13803935545963,41.251056427542615,dolomite
MAT-CARB-5815,0,1286,-83.14019534817068,41.248853193105,dolomite
MAT-CARB-5815,0,1287,-83.14179420995389,41.245283070746815,dolomite
MAT-CARB-5815,0,1288,-83.14178518055019,41.24432422858028,dolomite
MAT-CARB-5815,0,1289,-83.14158834901426,41.24268150165109,dolomite
MAT-CARB-5815,0,1290,-83.14121787356132,41.2418615958872,dolomite
MAT-CARB-5815,0,1291,-83.14138894885322,41.24076481275496,dolomite
MAT-CARB-5815,0,1292,-83.14028277089345,41.2388529777803,dolomite
MAT-CARB-5815,0,1293,-83.13954711548277,41.23776104475186,dolomite
MAT-CARB-5815,0,1294,-83.1380847784988,41.2365359841139,dolomite
MAT-CARB-5815,0,1295,-83.13568768435336,41.23230226322197,dolomite
MAT-CARB-5815,0,1296,-83.13549231135326,41.2307964787608,dolomite
MAT-CARB-5815,0,1297,-83.13584984424322,41.23024662772797,dolomite
MAT-CARB-5815,0,1298,-83.13655725483123,41.22832508981769,dolomite
MAT-CARB-5815,0,1299,-83.13799118448125,41.2265366459296,dolomite
MAT-CARB-5815,0,1300,-83.1399612411703,41.223923411548235,dolomite
MAT-CARB-5815,0,1301,-83.14209073907752,41.21978390222783,dolomite
MAT-CARB-5815,0,1302,-83.1427939907703,41.21745135232647,dolomite
MAT-CARB-5815,0,1303,-83.14241851184285,41.216083532993494,dolomite
MAT-CARB-5815,0,1304,-83.14202495419643,41.212797982827695,dolomite
MAT-CARB-5815,0,1305,-83.14200044956998,41.210195378347784,dolomite
MAT-CARB-5815,0,1306,-83.14217014267957,41.20896157161436,dolomite
MAT-CARB-5815,0,1307,-83.14324225591335,41.207311982822276,dolomite
MAT-CARB-5815,0,1308,-83.14431819996545,41.20607331870573,dolomite
MAT-CARB-5815,0,1309,-83.14611525846429,41.204419763723315,dolomite
MAT-CARB-5815,0,1310,-83.14683510431651,41.203867936837085,dolomite
MAT-CARB-5815,0,1311,-83.15045110589041,41.202889398343395,dolomite
MAT-CARB-5815,0,1312,-83.15243838454258,41.202193630121954,dolomite
MAT-CARB-5815,0,1313,-83.1533393998767,41.201640773950466,dolomite
MAT-CARB-5815,0,1314,-83.15459499695012,41.20026402410822,dolomite
MAT-CARB-5815,0,1315,-83.15566539219016,41.19847731553428,dolomite
MAT-CARB-5815,0,1316,-83.15601337010014,41.196968543891956,dolomite
MAT-CARB-5815,0,1317,-83.157088919035,41.1957297554715,dolomite
MAT-CARB-5815,0,1318,-83.15707440269686,41.1942229694442,dolomite
MAT-CARB-5815,0,1319,-83.15652545525904,41.19367801898075,dolomite
MAT-CARB-5815,0,1320,-83.15561667072377,41.193409023294855,dolomite
MAT-CARB-5815,0,1321,-83.15489306083529,41.19354999512106,dolomite
MAT-CARB-5815,0,1322,-83.15380437548002,41.19341894907134,dolomite
MAT-CARB-5815,0,1323,-83.15361917884694,41.19300900050329,dolomite
MAT-CARB-5815,0,1324,-83.15397640410329,41.19245910723031,dolomite
MAT-CARB-5815,0,1325,-83.15451611990923,41.192045191663894,dolomite
MAT-CARB-5815,0,1326,-83.1557834056314,41.19190124050539,dolomite
MAT-CARB-5815,0,1327,-83.15650831481013,41.191897261446506,dolomite
MAT-CARB-5815,0,1328,-83.15760094300664,41.19243922297329,dolomite
MAT-CARB-5815,0,1329,-83.158513689919,41.19311914348697,dolomite
MAT-CARB-5815,0,1330,-83.15924787960743,41.1940739975482,dolomite
MAT-CARB-5815,0,1331,-83.15961430167711,41.19448293744297,dolomite
MAT-CARB-5815,0,1332,-83.15997281167562,41.19406999748642,dolomite
MAT-CARB-5815,0,1333,-83.16068580174174,41.19283317456261,dolomite
MAT-CARB-5815,0,1334,-83.16140407895858,41.19214425704348,dolomite
MAT-CARB-5815,0,1335,-83.16302443176701,41.191039372478656,dolomite
MAT-CARB-5815,0,1336,-83.16410379717581,41.19021145582493,dolomite
MAT-CARB-5815,0,1337,-83.16499788205468,41.188973569348185,dolomite
MAT-CARB-5815,0,1338,-83.16625970073964,41.18828162249926,dolomite
MAT-CARB-5815,0,1339,-83.16715774041847,41.1874546592874,dolomite
MAT-CARB-5815,0,1340,-83.16751348708422,41.18676775206471,dolomite
MAT-CARB-5815,0,1341,-83.16841283405077,41.186077777296475,dolomite
MAT-CARB-5815,0,1342,-83.16912693111483,41.184977868273144,dolomite
MAT-CARB-5815,0,1343,-83.16948529726191,41.184564897130905,dolomite
MAT-CARB-5815,0,1344,-83.17091205474107,41.18222805958399,dolomite
MAT-CARB-5815,0,1345,-83.17179916692949,41.18030522836422,dolomite
MAT-CARB-5815,0,1346,-83.1735475462591,41.17385687115704,dolomite
MAT-CARB-5815,0,1347,-83.17352320530298,41.17139117203016,dolomite
MAT-CARB-5815,0,1348,-83.17441687294036,41.170153225612964,dolomite
MAT-CARB-5815,0,1349,-83.17585808537537,41.16932311742132,dolomite
MAT-CARB-5815,0,1350,-83.17748177876165,41.16862896481995,dolomite
MAT-CARB-5815,0,1351,-83.17929341206263,41.16861867990809,dolomite
MAT-CARB-5815,0,1352,-83.18165402315721,41.169153214826125,dolomite
MAT-CARB-5815,0,1353,-83.18365643486615,41.17010072227015,dolomite
MAT-CARB-5815,0,1354,-83.18547911562933,41.17118618004075,dolomite
MAT-CARB-5815,0,1355,-83.1869353859441,41.17186277497525,dolomite
MAT-CARB-5815,0,1356,-83.18820775530048,41.172266422933625,dolomite
MAT-CARB-5815,0,1357,-83.19418786484052,41.17236884172001,dolomite
MAT-CARB-5815,0,1358,-83.19526931193242,41.17181457761995,dolomite
MAT-CARB-5815,0,1359,-83.19598701863865,41.17112544182141,dolomite
MAT-CARB-5815,0,1360,-83.19634095541991,41.17030144088784,dolomite
MAT-CARB-5815,0,1361,-83.19669212249015,41.16920346541933,dolomite
MAT-CARB-5815,0,1362,-83.19632138389653,41.168383686210994,dolomite
MAT-CARB-5815,0,1363,-83.19522604221748,41.16756812347429,dolomite
MAT-CARB-5815,0,1364,-83.19449163403395,41.16661344463468,dolomite
MAT-CARB-5815,0,1365,-83.19393282217695,41.16510978890355,dolomite
MAT-CARB-5815,0,1366,-83.19390217606761,41.162096157379445,dolomite
MAT-CARB-5815,0,1367,-83.19297558077238,41.16004664639241,dolomite
MAT-CARB-5815,0,1368,-83.19133975933782,41.159508168672716,dolomite
MAT-CARB-5815,0,1369,-83.18970257909241,41.15883266712659,dolomite
MAT-CARB-5815,0,1370,-83.18787601856447,41.15733628740405,dolomite
MAT-CARB-5815,0,1371,-83.18623341507345,41.15611281360204,dolomite
MAT-CARB-5815,0,1372,-83.18568454136789,41.15556798201499,dolomite
MAT-CARB-5815,0,1373,-83.18441249825324,41.155164302330626,dolomite
MAT-CARB-5815,0,1374,-83.18277412042815,41.1543517294454,dolomite
MAT-CARB-5815,0,1375,-83.18076671755709,41.15285627119243,dolomite
MAT-CARB-5815,0,1376,-83.17877302607585,41.15273060579744,dolomite
MAT-CARB-5815,0,1377,-83.17695634329664,41.15219295743946,dolomite
MAT-CARB-5815,0,1378,-83.17423954661852,41.152208321550205,dolomite
MAT-CARB-5815,0,1379,-83.17261351078352,41.15262846170107,dolomite
MAT-CARB-5815,0,1380,-83.17135376337279,41.153457495452145,dolomite
MAT-CARB-5815,0,1381,-83.17045756751978,41.15442148499153,dolomite
MAT-CARB-5815,0,1382,-83.17010739940646,41.15565636935853,dolomite
MAT-CARB-5815,0,1383,-83.16975322184743,41.156480301262164,dolomite
MAT-CARB-5815,0,1384,-83.16885696369121,41.15744427670027,dolomite
MAT-CARB-5815,0,1385,-83.1674132372311,41.15800030446449,dolomite
MAT-CARB-5815,0,1386,-83.16725353915699,41.16019306515037,dolomite
MAT-CARB-5815,0,1387,-83.16779828137597,41.16032703052128,dolomite
MAT-CARB-5815,0,1388,-83.16961107608437,41.160453866025165,dolomite
MAT-CARB-5815,0,1389,-83.1696137644686,41.16072784116088,dolomite
MAT-CARB-5815,0,1390,-83.16908241020022,41.16196373193566,dolomite
MAT-CARB-5815,0,1391,-83.16836452818048,41.16265271067918,dolomite
MAT-CARB-5815,0,1392,-83.16546884453659,41.16294286307839,dolomite
MAT-CARB-5815,0,1393,-83.16511587194562,41.1639037506899,dolomite
MAT-CARB-5815,0,1394,-83.16457777731323,41.16445472353395,dolomite
MAT-CARB-5815,0,1395,-83.16403830446686,41.16486869301989,dolomite
MAT-CARB-5815,0,1396,-83.16368667060463,41.16596657569476,dolomite
MAT-CARB-5815,0,1397,-83.16388781152027,41.168020333233144,dolomite
MAT-CARB-5815,0,1398,-83.16423595992521,41.170393787444176,dolomite
MAT-CARB-5815,0,1399,-83.16519332247077,41.17184879871872,dolomite
MAT-CARB-5815,0,1400,-83.16519599356481,41.17212277169882,dolomite
MAT-CARB-5815,0,1401,-83.16447663115687,41.17267472189467,dolomite
MAT-CARB-5815,0,1402,-83.16303524550473,41.1735046631651,dolomite
MAT-CARB-5815,0,1403,-83.16231053212594,41.173508681858735,dolomite
MAT-CARB-5815,0,1404,-83.16123144576969,41.174336619609065,dolomite
MAT-CARB-5815,0,1405,-83.1606905477935,41.17461357103885,dolomite
MAT-CARB-5815,0,1406,-83.15942491742224,41.17489454858842,dolomite
MAT-CARB-5815,0,1407,-83.15888007560179,41.1747605738854,dolomite
MAT-CARB-5815,0,1408,-83.15869625783795,41.17448760001947,dolomite
MAT-CARB-5815,0,1409,-83.15941432570166,41.17379868546096,dolomite
MAT-CARB-5815,0,1410,-83.16031358361957,41.17310876513412,dolomite
MAT-CARB-5815,0,1411,-83.16085181750772,41.172557842172395,dolomite
MAT-CARB-5815,0,1412,-83.16229457560851,41.1718648992915,dolomite
MAT-CARB-5815,0,1413,-83.16283141646126,41.17117696680677,dolomite
MAT-CARB-5815,0,1414,-83.16264227120432,41.17035607913163,dolomite
MAT-CARB-5815,0,1415,-83.16209214217238,41.16967417175002,dolomite
MAT-CARB-5815,0,1416,-83.1617218167446,41.168854285535524,dolomite
MAT-CARB-5815,0,1417,-83.16133693167863,41.16652755421304,dolomite
MAT-CARB-5815,0,1418,-83.16059903069021,41.16516174600221,dolomite
MAT-CARB-5815,0,1419,-83.15913654851981,41.163799903928656,dolomite
MAT-CARB-5815,0,1420,-83.15822286632407,41.162982999966026,dolomite
MAT-CARB-5815,0,1421,-83.15767544512029,41.16257504384601,dolomite
MAT-CARB-5815,0,1422,-83.15658593064708,41.162307046371886,dolomite
MAT-CARB-5815,0,1423,-83.15531133939547,41.16162908342999,dolomite
MAT-CARB-5815,0,1424,-83.15439904558202,41.16094912293154,dolomite
MAT-CARB-5815,0,1425,-83.1543767147813,41.15862039863055,dolomite
MAT-CARB-5815,0,1426,-83.15455390300251,41.158208456302866,dolomite
MAT-CARB-5815,0,1427,-83.15454601985189,41.157386555670705,dolomite
MAT-CARB-5815,0,1428,-83.15489775655112,41.15628869311234,dolomite
MAT-CARB-5815,0,1429,-83.15469823474506,41.15437187772632,dolomite
MAT-CARB-5815,0,1430,-83.15432811747057,41.15355195935938,dolomite
MAT-CARB-5815,0,1431,-83.15359705604534,41.152870996661484,dolomite
MAT-CARB-5815,0,1432,-83.15286338865236,41.151916079400706,dolomite
MAT-CARB-5815,0,1433,-83.15213528060679,41.15067473445738,dolomite
MAT-CARB-5815,0,1434,-83.15140300086694,41.14985678163394,dolomite
MAT-CARB-5815,0,1435,-83.1510329113679,41.14903685060003,dolomite
MAT-CARB-5815,0,1436,-83.15065503164949,41.14739498352228,dolomite
MAT-CARB-5815,0,1437,-83.15118395601388,41.145885183573796,dolomite
MAT-CARB-5815,0,1438,-83.15297405821097,41.143683522939526,dolomite
MAT-CARB-5815,0,1439,-83.15441493647896,41.14285368521897,dolomite
MAT-CARB-5815,0,1440,-83.15585186750124,41.14161287444475,dolomite
MAT-CARB-5815,0,1441,-83.15729006521892,41.140509021253465,dolomite
MAT-CARB-5815,0,1442,-83.15836734355867,41.13954412291251,dolomite
MAT-CARB-5815,0,1443,-83.15925557723482,41.13775830192896,dolomite
MAT-CARB-5815,0,1444,-83.15923573410366,41.13570352012149,dolomite
MAT-CARB-5815,0,1445,-83.16049268656633,41.13460062301793,dolomite
MAT-CARB-5815,0,1446,-83.1626602324603,41.13404062580417,dolomite
MAT-CARB-5815,0,1447,-83.16301441549281,41.133216701500245,dolomite
MAT-CARB-5815,0,1448,-83.16336988466959,41.132529752544265,dolomite
MAT-CARB-5815,0,1449,-83.16480910359923,41.131562805881266,dolomite
MAT-CARB-5815,0,1450,-83.16476508602256,41.12704220916962,dolomite
MAT-CARB-5815,0,1451,-83.16565966742283,41.125941266206674,dolomite
MAT-CARB-5815,0,1452,-83.16637050619161,41.12456737128479,dolomite
MAT-CARB-5815,0,1453,-83.16709064818042,41.124152340884365,dolomite
MAT-CARB-5815,0,1454,-83.16780813853799,41.12346337826508,dolomite
MAT-CARB-5815,0,1455,-83.16871201501446,41.123321307472864,dolomite
MAT-CARB-5815,0,1456,-83.16979158464575,41.12263027671393,dolomite
MAT-CARB-5815,0,1457,-83.17032930787566,41.122079291348605,dolomite
MAT-CARB-5815,0,1458,-83.17123450760474,41.12207420637638,dolomite
MAT-CARB-5815,0,1459,-83.17141018839519,41.12152522302051,dolomite
MAT-CARB-5815,0,1460,-83.17212487438599,41.12056225048579,dolomite
MAT-CARB-5815,0,1461,-83.17264731269098,41.12,dolomite
MAT-CARB-5815,0,1462,-83.17547459338897,41.12,dolomite
MAT-CARB-5815,0,1463,-83.1746593838576,41.120547957104236,dolomite
MAT-CARB-5815,0,1464,-83.17412306022649,41.12123596765667,dolomite
MAT-CARB-5815,0,1465,-83.17395284654395,41.12233289263665,dolomite
MAT-CARB-5815,0,1466,-83.17486481911105,41.12301272258094,dolomite
MAT-CARB-5815,0,1467,-83.17486888097014,41.1234236823647,dolomite
MAT-CARB-5815,0,1468,-83.17451218517155,41.12397366538109,dolomite
MAT-CARB-5815,0,1469,-83.17451895161211,41.1246586069855,dolomite
MAT-CARB-5815,0,1470,-83.1754350262841,41.12574939057208,dolomite
MAT-CARB-5815,0,1471,-83.17543909173803,41.12616034953889,dolomite
MAT-CARB-5815,0,1472,-83.17490408588753,41.126985337946145,dolomite
MAT-CARB-5815,0,1473,-83.1732840584626,41.12795345771691,dolomite
MAT-CARB-5815,0,1474,-83.17058302555546,41.129475594924855,dolomite
MAT-CARB-5815,0,1475,-83.16608322756925,41.13224065466773,dolomite
MAT-CARB-5815,0,1476,-83.16537230339185,41.13361456782192,dolomite
MAT-CARB-5815,0,1477,-83.16502752424367,41.135397415937675,dolomite
MAT-CARB-5815,0,1478,-83.1648517924481,41.13594635685563,dolomite
MAT-CARB-5815,0,1479,-83.16431121360462,41.13622335974803,dolomite
MAT-CARB-5815,0,1480,-83.16432187810555,41.13731925204067,dolomite
MAT-CARB-5815,0,1481,-83.16468935992681,41.13786519671964,dolomite
MAT-CARB-5815,0,1482,-83.16471203574572,41.140193953729465,dolomite
MAT-CARB-5815,0,1483,-83.16435387366289,41.14060692377231,dolomite
MAT-CARB-5815,0,1484,-83.16437253909456,41.14252472185598,dolomite
MAT-CARB-5815,0,1485,-83.16492250839065,41.143206631851164,dolomite
MAT-CARB-5815,0,1486,-83.16583066120901,41.143475566553036,dolomite
MAT-CARB-5815,0,1487,-83.1665563931044,41.143608501988055,dolomite
MAT-CARB-5815,0,1488,-83.16764832810314,41.144150390584635,dolomite
MAT-CARB-5815,0,1489,-83.16819834322243,41.144832284704165,dolomite
MAT-CARB-5815,0,1490,-83.16802659834099,41.14579218025965,dolomite
MAT-CARB-5815,0,1491,-83.16785220441594,41.14647812421385,dolomite
MAT-CARB-5815,0,1492,-83.1669547120161,41.14730508969652,dolomite
MAT-CARB-5815,0,1493,-83.16605452452438,41.14785809768483,dolomite
MAT-CARB-5815,0,1494,-83.16442587486978,41.14800415003813,dolomite
MAT-CARB-5815,0,1495,-83.16298497330051,41.14883410565285,dolomite
MAT-CARB-5815,0,1496,-83.16244565081792,41.149248099830906,dolomite
MAT-CARB-5815,0,1497,-83.16190894199804,41.14993601421864,dolomite
MAT-CARB-5815,0,1498,-83.16192222720767,41.15130587314257,dolomite
MAT-CARB-5815,0,1499,-83.16266000513617,41.15267171423949,dolomite
MAT-CARB-5815,0,1500,-83.16302622536607,41.15308065594175,dolomite
MAT-CARB-5815,0,1501,-83.16357093854731,41.153214613636315,dolomite
MAT-CARB-5815,0,1502,-83.16429410311832,41.15307361259635,dolomite
MAT-CARB-5815,0,1503,-83.16537415179184,41.15238263664328,dolomite
MAT-CARB-5815,0,1504,-83.16645284105519,41.15155467581356,dolomite
MAT-CARB-5815,0,1505,-83.1671692866794,41.15072872821367,dolomite
MAT-CARB-5815,0,1506,-83.16914681807923,41.14921075131267,dolomite
MAT-CARB-5815,0,1507,-83.1705929997859,41.148928649298654,dolomite
MAT-CARB-5815,0,1508,-83.17221895991707,41.148508535534134,dolomite
MAT-CARB-5815,0,1509,-83.1731245100084,41.14850343633207,dolomite
MAT-CARB-5815,0,1510,-83.17494102810737,41.149041144587535,dolomite
MAT-CARB-5815,0,1511,-83.1760304391617,41.14930897703708,dolomite
MAT-CARB-5815,0,1512,-83.1789295873176,41.14942951787346,dolomite
MAT-CARB-5815,0,1513,-83.18055414227177,41.14887231591973,dolomite
MAT-CARB-5815,0,1514,-83.18181920309523,41.14859110934131,dolomite
MAT-CARB-5815,0,1515,-83.18271927278785,41.1480380102897,dolomite
MAT-CARB-5815,0,1516,-83.18361795571293,41.147347901815614,dolomite
MAT-CARB-5815,0,1517,-83.18487881580936,41.146655710174876,dolomite
MAT-CARB-5815,0,1518,-83.18560186657704,41.146514552061504,dolomite
MAT-CARB-5815,0,1519,-83.18632353731724,41.14623644192454,dolomite
MAT-CARB-5815,0,1520,-83.18885899709827,41.14622184742603,dolomite
MAT-CARB-5815,0,1521,-83.18957926735762,41.14580671504948,dolomite
MAT-CARB-5815,0,1522,-83.19047508003219,41.14484257613772,dolomite
MAT-CARB-5815,0,1523,-83.19101007393645,41.144017528272705,dolomite
MAT-CARB-5815,0,1524,-83.19208415303149,41.14277835020033,dolomite
MAT-CARB-5815,0,1525,-83.19225690486368,41.14195539366215,dolomite
MAT-CARB-5815,0,1526,-83.1918697426675,41.13949176763057,dolomite
MAT-CARB-5815,0,1527,-83.19167752365287,41.13839692851452,dolomite
MAT-CARB-5815,0,1528,-83.1920036061833,41.13483318151422,dolomite
MAT-CARB-5815,0,1529,-83.19234628887665,41.132913278589584,dolomite
MAT-CARB-5815,0,1530,-83.19323493829764,41.13126417307493,dolomite
MAT-CARB-5815,0,1531,-83.1933882057041,41.12852339794571,dolomite
MAT-CARB-5815,0,1532,-83.19247180701267,41.12743275424961,dolomite
MAT-CARB-5815,0,1533,-83.19082984030538,41.126209290063706,dolomite
MAT-CARB-5815,0,1534,-83.19046079101781,41.12552647191096,dolomite
MAT-CARB-5815,0,1535,-83.18988998321748,41.1227898478376,dolomite
MAT-CARB-5815,0,1536,-83.18897782776703,41.12211013275373,dolomite
MAT-CARB-5815,0,1537,-83.1877050451701,41.12156950083479,dolomite
MAT-CARB-5815,0,1538,-83.18679296404976,41.12088976826494,dolomite
MAT-CARB-5815,0,1539,-83.18606055234152,41.120072010797784,dolomite
MAT-CARB-5815,0,1540,-83.18606933802944,41.12,dolomite
MAT-CARB-5815,0,1541,-83.21108241691398,41.12,dolomite
MAT-CARB-5815,0,1542,-83.21104938404737,41.12005745461129,dolomite
MAT-CARB-5815,0,1543,-83.21106765522597,41.1218120143976,dolomite
MAT-CARB-5815,0,1544,-83.21073621274479,41.124243512443165,dolomite
MAT-CARB-5815,0,1545,-83.20967997717618,41.12559953761169,dolomite
MAT-CARB-5815,0,1546,-83.20880069491793,41.12681951936115,dolomite
MAT-CARB-5815,0,1547,-83.20809278190549,41.12736362093179,dolomite
MAT-CARB-5815,0,1548,-83.20579050045494,41.128996926700864,dolomite
MAT-CARB-5815,0,1549,-83.20436896390879,41.12954522048413,dolomite
MAT-CARB-5815,0,1550,-83.20277042511738,41.13022949326546,dolomite
MAT-CARB-5815,0,1551,-83.20170838982236,41.13104557486537,dolomite
MAT-CARB-5815,0,1552,-83.19958700931414,41.13294765545907,dolomite
MAT-CARB-5815,0,1553,-83.19782372457267,41.13498255736395,dolomite
MAT-CARB-5815,0,1554,-83.19730091496649,41.13620036104575,dolomite
MAT-CARB-5815,0,1555,-83.19695926677201,41.13768706664706,dolomite
MAT-CARB-5815,0,1556,-83.19662311272437,41.139713606710615,dolomite
MAT-CARB-5815,0,1557,-83.19788857163995,41.14132588065148,dolomite
MAT-CARB-5815,0,1558,-83.19843902845957,41.14280736936553,dolomite
MAT-CARB-5815,0,1559,-83.19898259862546,41.14361401886363,dolomite
MAT-CARB-5815,0,1560,-83.19918868802336,41.146312230686156,dolomite
MAT-CARB-5815,0,1561,-83.19955384562985,41.147119919922105,dolomite
MAT-CARB-5815,0,1562,-83.19974747891519,41.14860348600712,dolomite
MAT-CARB-5815,0,1563,-83.19904894372688,41.15009224687472,dolomite
MAT-CARB-5815,0,1564,-83.1989008913233,41.15306247798456,dolomite
MAT-CARB-5815,0,1565,-83.19999652478317,41.155485559067195,dolomite
MAT-CARB-5815,0,1566,-83.20109084915212,41.15777362730849,dolomite
MAT-CARB-5815,0,1567,-83.2014560905978,41.15858130408407,dolomite
MAT-CARB-5815,0,1568,-83.20146302712043,41.15925613180329,dolomite
MAT-CARB-5815,0,1569,-83.2009387101354,41.1603389593451,dolomite
MAT-CARB-5815,0,1570,-83.20059840606125,41.16196062037818,dolomite
MAT-CARB-5815,0,1571,-83.20115047472125,41.16357701781312,dolomite
MAT-CARB-5815,0,1572,-83.2022408006873,41.165460178483315,dolomite
MAT-CARB-5815,0,1573,-83.20260331762437,41.16599793407082,dolomite
MAT-CARB-5815,0,1574,-83.20367980415314,41.16653148594503,dolomite
MAT-CARB-5815,0,1575,-83.20546605416558,41.16665590439604,dolomite
MAT-CARB-5815,0,1576,-83.20654729062062,41.16710504081282,dolomite
MAT-CARB-5815,0,1577,-83.20790401930891,41.167763425645674,dolomite
MAT-CARB-5815,0,1578,-83.20942070890892,41.16846441153473,dolomite
MAT-CARB-5815,0,1579,-83.21010141404676,41.16879641499584,dolomite
MAT-CARB-5815,0,1580,-83.21098334055662,41.16885021015363,dolomite
MAT-CARB-5815,0,1581,-83.21262807078867,41.16877292364988,dolomite
MAT-CARB-5815,0,1582,-83.21386902998124,41.16795570096698,dolomite
MAT-CARB-5815,0,1583,-83.21564546375689,41.16713525892885,dolomite
MAT-CARB-5815,0,1584,-83.21760173720217,41.1664486884794,dolomite
MAT-CARB-5815,0,1585,-83.21974212682022,41.16630083646841,dolomite
MAT-CARB-5815,0,1586,-83.22240653645896,41.165070031222825,dolomite
MAT-CARB-5815,0,1587,-83.22382866809122,41.1645215366971,dolomite
MAT-CARB-5815,0,1588,-83.22471680388999,41.16411124388414,dolomite
MAT-CARB-5815,0,1589,-83.22648434975166,41.16248087130448,dolomite
MAT-CARB-5815,0,1590,-83.2280676028498,41.160311703423055,dolomite
MAT-CARB-5815,0,1591,-83.22965649115451,41.158682366945264,dolomite
MAT-CARB-5815,0,1592,-83.2301586795011,41.15557495812755,dolomite
MAT-CARB-5815,0,1593,-83.23064781843111,41.151252880234686,dolomite
MAT-CARB-5815,0,1594,-83.23080604619962,41.14936232453567,dolomite
MAT-CARB-5815,0,1595,-83.23025772219302,41.14815093551445,dolomite
MAT-CARB-5815,0,1596,-83.22972096078769,41.148019235061206,dolomite
MAT-CARB-5815,0,1597,-83.22866185256474,41.149105461835504,dolomite
MAT-CARB-5815,0,1598,-83.22848483909631,41.14924152187753,dolomite
MAT-CARB-5815,0,1599,-83.22812508702499,41.14897378173494,dolomite
MAT-CARB-5815,0,1600,-83.2279394722622,41.148300037962436,dolomite
MAT-CARB-5815,0,1601,-83.22810637011362,41.147219258534356,dolomite
MAT-CARB-5815,0,1602,-83.22933813557673,41.14559208538139,dolomite
MAT-CARB-5815,0,1603,-83.23092376028492,41.14369277050997,dolomite
MAT-CARB-5815,0,1604,-83.23162446408442,41.14247373343224,dolomite
MAT-CARB-5815,0,1605,-83.23304025333131,41.14138525842738,dolomite
MAT-CARB-5815,0,1606,-83.23374666234048,41.14070606945657,dolomite
MAT-CARB-5815,0,1607,-83.23534807981794,41.14029130443267,dolomite
MAT-CARB-5815,0,1608,-83.23766458301166,41.14000708493765,dolomite
MAT-CARB-5815,0,1609,-83.23820275607238,41.14027369542232,dolomite
MAT-CARB-5815,0,1610,-83.23981291257408,41.140668649930596,dolomite
MAT-CARB-5815,0,1611,-83.2403466715945,41.14053036128864,dolomite
MAT-CARB-5815,0,1612,-83.2410603611166,41.14052593545438,dolomite
MAT-CARB-5815,0,1613,-83.24212207335928,41.13970950950145,dolomite
MAT-CARB-5815,0,1614,-83.24228872566437,41.138628703632925,dolomite
MAT-CARB-5815,0,1615,-83.24226524509291,41.13646927904844,dolomite
MAT-CARB-5815,0,1616,-83.24189670549562,41.13539176870108,dolomite
MAT-CARB-5815,0,1617,-83.2418923053277,41.134986877610885,dolomite
MAT-CARB-5815,0,1618,-83.24224323349944,41.13444482405013,dolomite
MAT-CARB-5815,0,1619,-83.2429524525874,41.13403546810576,dolomite
MAT-CARB-5815,0,1620,-83.24401404126607,41.133219021557,dolomite
MAT-CARB-5815,0,1621,-83.2450593662574,41.13091797050429,dolomite
MAT-CARB-5815,0,1622,-83.2452009432431,41.12754274249464,dolomite
MAT-CARB-5815,0,1623,-83.24590266435855,41.1264585540846,dolomite
MAT-CARB-5815,0,1624,-83.24731493953185,41.12509997741975,dolomite
MAT-CARB-5815,0,1625,-83.24837189924429,41.12387859286496,dolomite
MAT-CARB-5815,0,1626,-83.24889666405278,41.122930475613664,dolomite
MAT-CARB-5815,0,1627,-83.24871387518068,41.122526699598566,dolomite
MAT-CARB-5815,0,1628,-83.2481728433486,41.12199021251113,dolomite
MAT-CARB-5815,0,1629,-83.24727801075102,41.12172584928475,dolomite
MAT-CARB-5815,0,1630,-83.24584516492989,41.12119492931912,dolomite
MAT-CARB-5815,0,1631,-83.24316379338586,41.120671741817276,dolomite
MAT-CARB-5815,0,1632,-83.24209212178081,41.12054342356801,dolomite
MAT-CARB-5815,0,1633,-83.24121582079479,41.12,dolomite
MAT-CARB-5815,0,1634,-83.26776654489565,41.12,dolomite
MAT-CARB-5815,0,1635,-83.26822507690106,41.12015657958393,dolomite
MAT-CARB-5815,0,1636,-83.27054670680931,41.12041156019219,dolomite
MAT-CARB-5815,0,1637,-83.27447044954964,41.12038617500738,dolomite
MAT-CARB-5815,0,1638,-83.27661376796563,41.120642194218036,dolomite
MAT-CARB-5815,0,1639,-83.27876014432066,41.12116806774867,dolomite
MAT-CARB-5815,0,1640,-83.28198442585615,41.122361684822934,dolomite
MAT-CARB-5815,0,1641,-83.28486297925576,41.124502262687116,dolomite
MAT-CARB-5815,0,1642,-83.28665746103654,41.12543520195078,dolomite
MAT-CARB-5815,0,1643,-83.28863042178277,41.12636693540305,dolomite
MAT-CARB-5815,0,1644,-83.28988055722023,41.12649365629835,dolomite
MAT-CARB-5815,0,1645,-83.29202408850502,41.12674937060011,dolomite
MAT-CARB-5815,0,1646,-83.29433975104457,41.12646407764453,dolomite
MAT-CARB-5815,0,1647,-83.29611553032697,41.125777416945226,dolomite
MAT-CARB-5815,0,1648,-83.29700423047098,41.12550154914512,dolomite
MAT-CARB-5815,0,1649,-83.29842009561433,41.12454734251695,dolomite
MAT-CARB-5815,0,1650,-83.29948396192319,41.124000371894006,dolomite
MAT-CARB-5815,0,1651,-83.30143642689598,41.12317749058555,dolomite
MAT-CARB-5815,0,1652,-83.30356719143008,41.12235337681362,dolomite
MAT-CARB-5815,0,1653,-83.30587469223673,41.121393047447896,dolomite
MAT-CARB-5815,0,1654,-83.30729194367451,41.12057367885105,dolomite
MAT-CARB-5815,0,1655,-83.30853721325647,41.12029531215753,dolomite
MAT-CARB-5815,0,1656,-83.30901621239558,41.12,dolomite
MAT-CARB-5815,0,1657,-83.40430548988698,41.12,dolomite
MAT-CARB-5815,0,1658,-83.40500542384896,41.12082882082661,dolomite
MAT-CARB-5815,0,1659,-83.40518644912949,41.120827448645926,dolomite
MAT-CARB-5815,0,1660,-83.40717601574369,41.12067536111597,dolomite
MAT-CARB-5815,0,1661,-83.4078982933867,41.12053285554451,dolomite
MAT-CARB-5815,0,1662,-83.40858847730597,41.12,dolomite
MAT-CARB-5815,0,1663,-83.4342791021066,41.12,dolomite
MAT-CARB-5815,0,1664,-83.43541512045323,41.12032045863116,dolomite
MAT-CARB-5815,0,1665,-83.43868874932518,41.12139076155602,dolomite
MAT-CARB-5815,0,1666,-83.44414626400624,41.12326571456607,dolomite
MAT-CARB-5815,0,1667,-83.45067701439778,41.12417290254812,dolomite
MAT-CARB-5815,0,1668,-83.4635289641216,41.123932902250104,dolomite
MAT-CARB-5815,0,1669,-83.46733082209883,41.12390216426159,dolomite
MAT-CARB-5815,0,1670,-83.47021965785234,41.123330715646766,dolomite
MAT-CARB-5815,0,1671,-83.47346077486945,41.12207135109796,dolomite
MAT-CARB-5815,0,1672,-83.47561950769784,41.121094724224584,dolomite
MAT-CARB-5815,0,1673,-83.47815003417253,41.1208000147658,dolomite
MAT-CARB-5815,0,1674,-83.47924210631885,41.121202087119116,dolomite
MAT-CARB-5815,0,1675,-83.48106423477935,41.122009121896546,dolomite
MAT-CARB-5815,0,1676,-83.482528290918,41.123093081894176,dolomite
MAT-CARB-5815,0,1677,-83.48398844513966,41.12390304955012,dolomite
MAT-CARB-5815,0,1678,-83.48471652349491,41.124171053776074,dolomite
MAT-CARB-5815,0,1679,-83.48743215481149,41.12414862847081,dolomite
MAT-CARB-5815,0,1680,-83.48887052989667,41.12345172350261,dolomite
MAT-CARB-5815,0,1681,-83.4901278832995,41.122756301788286,dolomite
MAT-CARB-5815,0,1682,-83.49029500441726,41.121795906359324,dolomite
MAT-CARB-5815,0,1683,-83.49056527324552,41.12,dolomite
MAT-CARB-5815,0,1684,-83.59828896636931,41.12,dolomite
MAT-CARB-5815,0,1685,-83.59841361652155,41.12018302903933,dolomite
MAT-CARB-5815,1,0,-83.1616194585488,41.120072926364095,dolomite
MAT-CARB-5815,1,1,-83.15999543456451,41.12062990967586,dolomite
MAT-CARB-5815,1,2,-83.15746619490821,41.12119183071243,dolomite
MAT-CARB-5815,1,3,-83.15384674985211,41.12134871726618,dolomite
MAT-CARB-5815,1,4,-83.1516768831436,41.121634549207826,dolomite
MAT-CARB-5815,1,5,-83.14914232862031,41.12164835476277,dolomite
MAT-CARB-5815,1,6,-83.14768624084455,41.12083429682885,dolomite
MAT-CARB-5815,1,7,-83.1464111791029,41.12001924099598,dolomite
MAT-CARB-5815,1,8,-83.14639182253454,41.12,dolomite
MAT-CARB-5815,1,9,-83.1617333971517,41.12,dolomite
MAT-CARB-5815,1,10,-83.1616194585488,41.120072926364095,dolomite
MAT-CARB-5815,2,0,-83.21533155202047,41.120166833432044,dolomite
MAT-CARB-5815,2,1,-83.21532980428437,41.12,dolomite
MAT-CARB-5815,2,2,-83.21618470641984,41.12,dolomite
MAT-CARB-5815,2,3,-83.21533155202047,41.120166833432044,dolomite
MAT-CARB-5815,3,0,-83.2212218857412,41.12053632233089,dolomite
MAT-CARB-5815,3,1,-83.2208694378043,41.120943399877085,dolomite
MAT-CARB-5815,3,2,-83.2205126766076,41.1209455531461,dolomite
MAT-CARB-5815,3,3,-83.21979638103268,41.1206799070759,dolomite
MAT-CARB-5815,3,4,-83.21925843427772,41.12041320994975,dolomite
MAT-CARB-5815,3,5,-83.21943254748199,41.1200072391095,dolomite
MAT-CARB-5815,3,6,-83.21943881566162,41.12,dolomite
MAT-CARB-5815,3,7,-83.2212162210565,41.12,dolomite
MAT-CARB-5815,3,8,-83.2212218857412,41.12053632233089,dolomite
MAT-CARB-111,0,0,-83.51671758101833,41.356340861742204,dolomite
MAT-CARB-111,0,1,-83.51716803253845,41.356539457272824,dolomite
MAT-CARB-111,0,2,-83.51719375342326,41.35825974989453,dolomite
MAT-CARB-111,0,3,-83.51618786931358,41.35982008772728,dolomite
MAT-CARB-111,0,4,-83.51556951280854,41.360365099956525,dolomite
MAT-CARB-111,0,5,-83.51498787236021,41.36037002734898,dolomite
MAT-CARB-111,0,6,-83.51440623182762,41.360374951918715,dolomite
MAT-CARB-111,0,7,-83.51400000198286,41.360142258940364,dolomite
MAT-CARB-111,0,8,-83.51397938864015,41.358759279191425,dolomite
MAT-CARB-111,0,9,-83.51520799830027,41.357129590541916,dolomite
MAT-CARB-111,0,10,-83.51582683202885,41.356618315430985,dolomite
MAT-CARB-111,0,11,-83.51640440858769,41.35634351831276,dolomite
MAT-CARB-111,0,12,-83.51671758101833,41.356340861742204,dolomite
MAT-CARB-112,0,0,-83.45059264126725,41.357861032004884,dolomite
MAT-CARB-112,0,1,-83.45167403025876,41.358392216802734,dolomite
MAT-CARB-112,0,2,-83.45230795408001,41.35892697569348,dolomite
MAT-CARB-112,0,3,-83.45240876937201,41.359735811127045,dolomite
MAT-CARB-112,0,4,-83.45179088326616,41.360347967494896,dolomite
MAT-CARB-112,0,5,-83.45152711342988,41.36068741251375,dolomite
MAT-CARB-112,0,6,-83.45036660899069,41.36089903646151,dolomite
MAT-CARB-112,0,7,-83.44938130122685,41.360839392103536,dolomite
MAT-CARB-112,0,8,-83.44811716255953,41.360039736527455,dolomite
MAT-CARB-112,0,9,-83.44810117890185,41.358892848801226,dolomite
MAT-CARB-112,0,10,-83.44854294465962,41.35848452108492,dolomite
MAT-CARB-112,0,11,-83.4487162989701,41.35807831671604,dolomite
MAT-CARB-112,0,12,-83.44915993848188,41.357804933967216,dolomite
MAT-CARB-112,0,13,-83.45059264126725,41.357861032004884,dolomite
MAT-CARB-110,0,0,-83.50584600670389,41.362504957613965,dolomite
MAT-CARB-110,0,1,-83.50652367643744,41.362937815152506,dolomite
MAT-CARB-110,0,2,-83.50653665293116,41.3638148268214,dolomite
MAT-CARB-110,0,3,-83.50604992123729,41.364190005941495,dolomite
MAT-CARB-110,0,4,-83.50488703503207,41.36423347483085,dolomite
MAT-CARB-110,0,5,-83.50381367256789,41.36427621009464,dolomite
MAT-CARB-110,0,6,-83.50183541558106,41.36365179977263,dolomite
MAT-CARB-110,0,7,-83.50182796413166,41.36314583438301,dolomite
MAT-CARB-110,0,8,-83.5027581662828,41.36249709199905,dolomite
MAT-CARB-110,0,9,-83.50584600670389,41.362504957613965,dolomite
MAT-CARB-107,0,0,-83.4170817646223,41.368175322315444,dolomite
MAT-CARB-107,0,1,-83.4185192145187,41.36856914304147,dolomite
MAT-CARB-107,0,2,-83.41942149550472,41.36910198613165,dolomite
MAT-CARB-107,0,3,-83.41960413527191,41.36937047906848,dolomite
MAT-CARB-107,0,4,-83.4198086711901,41.371258084065396,dolomite
MAT-CARB-107,0,5,-83.41883599864745,41.372142649834196,dolomite
MAT-CARB-107,0,6,-83.41688417533828,41.37343952633949,dolomite
MAT-CARB-107,0,7,-83.41430938352613,41.375011015030395,dolomite
MAT-CARB-107,0,8,-83.4133266204751,41.37515343937675,dolomite
MAT-CARB-107,0,9,-83.41261055458479,41.375158892975975,dolomite
MAT-CARB-107,0,10,-83.41189177539786,41.37496197780332,dolomite
MAT-CARB-107,0,11,-83.41108168915612,41.3746307648688,dolomite
MAT-CARB-107,0,12,-83.41088009572296,41.37294554229703,dolomite
MAT-CARB-107,0,13,-83.41158167182583,41.37186069142331,dolomite
MAT-CARB-107,0,14,-83.4125435733838,41.37016661383146,dolomite
MAT-CARB-107,0,15,-83.41316012695054,41.369419744916286,dolomite
MAT-CARB-107,0,16,-83.41386888129647,41.36887458296541,dolomite
MAT-CARB-107,0,17,-83.41493651021104,41.36839413059622,dolomite
MAT-CARB-107,0,18,-83.41600775817628,41.36818353494069,dolomite
MAT-CARB-107,0,19,-83.4170817646223,41.368175322315444,dolomite
MAT-CARB-89,0,0,-83.4407108170909,41.39459255439514,dolomite
MAT-CARB-89,0,1,-83.44250330341761,41.394713437068454,dolomite
MAT-CARB-89,0,2,-83.44305357735541,41.3956536543285,dolomite
MAT-CARB-89,0,3,-83.44306667692854,41.396598094315294,dolomite
MAT-CARB-89,0,4,-83.44219566651347,41.398359094405706,dolomite
MAT-CARB-89,0,5,-83.44097389901657,41.40066258679236,dolomite
MAT-CARB-89,0,6,-83.4390338645971,41.402836730702234,dolomite
MAT-CARB-89,0,7,-83.43761793721796,41.40406223346025,dolomite
MAT-CARB-89,0,8,-83.43583449942156,41.404615882671976,dolomite
MAT-CARB-89,0,9,-83.43297277750159,41.40490806612826,dolomite
MAT-CARB-89,0,10,-83.42885189705522,41.40480509605309,dolomite
MAT-CARB-89,0,11,-83.42525175796523,41.403483601085064,dolomite
MAT-CARB-89,0,12,-83.424345306278,41.40268098506878,dolomite
MAT-CARB-89,0,13,-83.42449869989838,41.40079072908459,dolomite
MAT-CARB-89,0,14,-83.42609386697167,41.39956399526645,dolomite
MAT-CARB-89,0,15,-83.42875973539145,41.39805909006296,dolomite
MAT-CARB-89,0,16,-83.43160451307858,41.39655276050858,dolomite
MAT-CARB-89,0,17,-83.43481102917657,41.39531337527358,dolomite
MAT-CARB-89,0,18,-83.43641888900854,41.39503096827059,dolomite
MAT-CARB-89,0,19,-83.4385601856959,41.394474476210625,dolomite
MAT-CARB-89,0,20,-83.4407108170909,41.39459255439514,dolomite
MAT-CARB-77,0,0,-83.54553944058304,41.3988519535257,dolomite
MAT-CARB-77,0,1,-83.54734469428514,41.399780752817215,dolomite
MAT-CARB-77,0,2,-83.54843367396586,41.40071578902126,dolomite
MAT-CARB-77,0,3,-83.5488293189332,41.4031411861573,dolomite
MAT-CARB-77,0,4,-83.54905211693121,41.405972884135416,dolomite
MAT-CARB-77,0,5,-83.5476734562294,41.40949325843377,dolomite
MAT-CARB-77,0,6,-83.54591983651672,41.411937402732015,dolomite
MAT-CARB-77,0,7,-83.54432446969865,41.41303077719489,dolomite
MAT-CARB-77,0,8,-83.54272491232445,41.413854304439205,dolomite
MAT-CARB-77,0,9,-83.5413085589493,41.41494610736896,dolomite
MAT-CARB-77,0,10,-83.53953599837217,41.41617588261895,dolomite
MAT-CARB-77,0,11,-83.53775719408512,41.41700089368427,dolomite
MAT-CARB-77,0,12,-83.53436009608613,41.41743502570692,dolomite
MAT-CARB-77,0,13,-83.53149010594294,41.417189879782576,dolomite
MAT-CARB-77,0,14,-83.52950954389478,41.41653221746346,dolomite
MAT-CARB-77,0,15,-83.52717694912533,41.41628235505659,dolomite
MAT-CARB-77,0,16,-83.52591293782771,41.415618495142674,dolomite
MAT-CARB-77,0,17,-83.5244719116801,41.41509109130761,dolomite
MAT-CARB-77,0,18,-83.52355600749998,41.413749554310606,dolomite
MAT-CARB-77,0,19,-83.52263814620451,41.41227309552767,dolomite
MAT-CARB-77,0,20,-83.522621908489,41.41119376323437,dolomite
MAT-CARB-77,0,21,-83.52296386545515,41.410111375470045,dolomite
MAT-CARB-77,0,22,-83.52348896831707,41.40929728435478,dolomite
MAT-CARB-77,0,23,-83.52437228054085,41.40848013135241,dolomite
MAT-CARB-77,0,24,-83.5250784789226,41.40779941594898,dolomite
MAT-CARB-77,0,25,-83.52525350035165,41.40752805811389,dolomite
MAT-CARB-77,0,26,-83.52666384447326,41.40603169741001,dolomite
MAT-CARB-77,0,27,-83.52719294856462,41.405487414883495,dolomite
MAT-CARB-77,0,28,-83.52772819975912,41.40534789809506,dolomite
MAT-CARB-77,0,29,-83.53162718010798,41.40261571220992,dolomite
MAT-CARB-77,0,30,-83.53446576140664,41.400837093308525,dolomite
MAT-CARB-77,0,31,-83.53588604238308,41.400015214635395,dolomite
MAT-CARB-77,0,32,-83.53678348704408,41.40014239087912,dolomite
MAT-CARB-77,0,33,-83.53802465718175,41.399322034475354,dolomite
MAT-CARB-77,0,34,-83.5407065870684,41.399028925201684,dolomite
MAT-CARB-77,0,35,-83.5432094267575,41.39873728636944,dolomite
MAT-CARB-77,0,36,-83.54553944058304,41.3988519535257,dolomite
MAT-CARB-64,0,0,-83.48789630207698,41.4478154684415,dolomite
MAT-CARB-64,0,1,-83.4882186939381,41.44808680779536,dolomite
MAT-CARB-64,0,2,-83.48824990867851,41.44866879740225,dolomite
MAT-CARB-64,0,3,-83.48790443022291,41.449938830277354,dolomite
MAT-CARB-64,0,4,-83.48698809600985,41.451059458011386,dolomite
MAT-CARB-64,0,5,-83.4864432344361,41.45113242902993,dolomite
MAT-CARB-64,0,6,-83.48594262356649,41.45111942669418,dolomite
MAT-CARB-64,0,7,-83.48568946097194,41.45091600466116,dolomite
MAT-CARB-64,0,8,-83.48574627319041,41.45012781838757,dolomite
MAT-CARB-64,0,9,-83.48601696110539,41.449971495889294,dolomite
MAT-CARB-64,0,10,-83.48608106942814,41.4481215071087,dolomite
MAT-CARB-64,0,11,-83.48637225709336,41.447810888480525,dolomite
MAT-CARB-64,0,12,-83.48789630207698,41.4478154684415,dolomite
MAT-CARB-90,0,0,-83.92814651297664,41.39571929765025,dolomite
MAT-CARB-90,0,1,-83.92837946426455,41.39599046356391,dolomite
MAT-CARB-90,0,2,-83.92844124879443,41.39730818639209,dolomite
MAT-CARB-90,0,3,-83.92807354370355,41.398194381739636,dolomite
MAT-CARB-90,0,4,-83.92764145953585,41.39872175773554,dolomite
MAT-CARB-90,0,5,-83.92711871700097,41.39871942131662,dolomite
MAT-CARB-90,0,6,-83.92655019574013,41.398700509420095,dolomite
MAT-CARB-90,0,7,-83.92602152882775,41.39841571235344,dolomite
MAT-CARB-90,0,8,-83.92603930003617,41.39709704388071,dolomite
MAT-CARB-90,0,9,-83.92721412598478,41.39622695431556,dolomite
MAT-CARB-90,0,10,-83.92769215430465,41.39572470842713,dolomite
MAT-CARB-90,0,11,-83.92814651297664,41.39571929765025,dolomite
MAT-CARB-35,0,0,-83.71161778722082,41.456969165615966,dolomite
MAT-CARB-35,0,1,-83.71033198852177,41.45522800609309,dolomite
MAT-CARB-35,0,2,-83.70869024239197,41.45362534557388,dolomite
MAT-CARB-35,0,3,-83.70669492391832,41.45229607567269,dolomite
MAT-CARB-35,0,4,-83.70450616715199,41.45015910884758,dolomite
MAT-CARB-35,0,5,-83.70287184696028,41.44896107935881,dolomite
MAT-CARB-35,0,6,-83.70071427912987,41.44857789674049,dolomite
MAT-CARB-35,0,7,-83.69909673226218,41.448324183110316,dolomite
MAT-CARB-35,0,8,-83.69175197538625,41.44853230301751,dolomite
MAT-CARB-35,0,9,-83.68907815587163,41.44936842982737,dolomite
MAT-CARB-35,0,10,-83.68623213880252,41.45061098564046,dolomite
MAT-CARB-35,0,11,-83.68463341873387,41.451436379257906,dolomite
MAT-CARB-35,0,12,-83.68357697416415,41.452526289287036,dolomite
MAT-CARB-35,0,13,-83.68290710285928,41.4552315784487,dolomite
MAT-CARB-35,0,14,-83.68264263121027,41.46063150903108,dolomite
MAT-CARB-35,0,15,-83.68229826827628,41.46144449667523,dolomite
MAT-CARB-35,0,16,-83.6812557084431,41.46334383254405,dolomite
MAT-CARB-35,0,17,-83.68038298655321,41.46470174850829,dolomite
MAT-CARB-35,0,18,-83.6795008213613,41.465520012114105,dolomite
MAT-CARB-35,0,19,-83.67843705257752,41.466205124103475,dolomite
MAT-CARB-35,0,20,-83.67775517965003,41.46823577878522,dolomite
MAT-CARB-35,0,21,-83.67764607719022,41.4722848192873,dolomite
MAT-CARB-35,0,22,-83.67712467429793,41.473234446219934,dolomite
MAT-CARB-35,0,23,-83.67589551539432,41.47473073710769,dolomite
MAT-CARB-35,0,24,-83.67537640472476,41.47581528530377,dolomite
MAT-CARB-35,0,25,-83.67470364276377,41.47838554679339,dolomite
MAT-CARB-35,0,26,-83.67418681789282,41.47960498953387,dolomite
MAT-CARB-35,0,27,-83.6726012472367,41.48123964759331,dolomite
MAT-CARB-35,0,28,-83.67082464682737,41.4822014904202,dolomite
MAT-CARB-35,0,29,-83.66868481614603,41.48289699110015,dolomite
MAT-CARB-35,0,30,-83.66689656116863,41.48318426108378,dolomite
MAT-CARB-35,0,31,-83.66312681430972,41.48295095948127,dolomite
MAT-CARB-35,0,32,-83.65827908059347,41.482593045741496,dolomite
MAT-CARB-35,0,33,-83.65755960421468,41.48246505894826,dolomite
MAT-CARB-35,0,34,-83.65558743574024,41.482484055603805,dolomite
MAT-CARB-35,0,35,-83.6543346990396,41.48263103064126,dolomite
MAT-CARB-35,0,36,-83.65272796617212,41.4830512414737,dolomite
MAT-CARB-35,0,37,-83.65093960318583,41.48333827413172,dolomite
MAT-CARB-35,0,38,-83.64933511612125,41.48389334224034,dolomite
MAT-CARB-35,0,39,-83.64827531859522,41.48484800974506,dolomite
MAT-CARB-35,0,40,-83.64722236599363,41.48620737504224,dolomite
MAT-CARB-35,0,41,-83.64600825330022,41.488647688921745,dolomite
MAT-CARB-35,0,42,-83.64547714103834,41.489057528918956,dolomite
MAT-CARB-35,0,43,-83.64369544326416,41.489749159086806,dolomite
MAT-CARB-35,0,44,-83.64227913115778,41.49084208622145,dolomite
MAT-CARB-35,0,45,-83.63980726065371,41.49315935886676,dolomite
MAT-CARB-35,0,46,-83.63874495767622,41.493979005207635,dolomite
MAT-CARB-35,0,47,-83.6371491226742,41.49507356854165,dolomite
MAT-CARB-35,0,48,-83.63554650253711,41.495763376329165,dolomite
MAT-CARB-35,0,49,-83.6312674315661,41.497287968309685,dolomite
MAT-CARB-35,0,50,-83.62984177999006,41.497841080301384,dolomite
MAT-CARB-35,0,51,-83.62787364038111,41.49812945246148,dolomite
MAT-CARB-35,0,52,-83.62339035836831,41.498171471418054,dolomite
MAT-CARB-35,0,53,-83.62176519524118,41.49751202062152,dolomite
MAT-CARB-35,0,54,-83.61942058110941,41.496724333001275,dolomite
MAT-CARB-35,0,55,-83.61435951712892,41.49434267875686,dolomite
MAT-CARB-35,0,56,-83.61327694099535,41.493947950195675,dolomite
MAT-CARB-35,0,57,-83.61219883409754,41.49382301650767,dolomite
MAT-CARB-35,0,58,-83.61004697087569,41.49384292590597,dolomite
MAT-CARB-35,0,59,-83.60826258397495,41.49439909768273,dolomite
MAT-CARB-35,0,60,-83.6075474786161,41.49454061757964,dolomite
MAT-CARB-35,0,61,-83.60611289936325,41.49455383911599,dolomite
MAT-CARB-35,0,62,-83.6050260125856,41.493889230669346,dolomite
MAT-CARB-35,0,63,-83.60286099502356,41.493099540257504,dolomite
MAT-CARB-35,0,64,-83.60231867174687,41.4928346736105,dolomite
MAT-CARB-35,0,65,-83.60052546402703,41.49285112005635,dolomite
MAT-CARB-35,0,66,-83.59999189504242,41.49312585426812,dolomite
MAT-CARB-35,0,67,-83.59963326650742,41.493129138616595,dolomite
MAT-CARB-35,0,68,-83.5983714820948,41.49273591708114,dolomite
MAT-CARB-35,0,69,-83.59746615558545,41.492204474946206,dolomite
MAT-CARB-35,0,70,-83.59691732105563,41.491534847182955,dolomite
MAT-CARB-35,0,71,-83.59774843016997,41.487479419113086,dolomite
MAT-CARB-35,0,72,-83.59751461073152,41.4841083286103,dolomite
MAT-CARB-35,0,73,-83.59714077022873,41.483167250581154,dolomite
MAT-CARB-35,0,74,-83.5971298707369,41.482492703006685,dolomite
MAT-CARB-35,0,75,-83.59764373965982,41.48100378685658,dolomite
MAT-CARB-35,0,76,-83.59814889520563,41.47897522129544,dolomite
MAT-CARB-35,0,77,-83.60062385723013,41.47679368394981,dolomite
MAT-CARB-35,0,78,-83.60238375248436,41.47475358314196,dolomite
MAT-CARB-35,0,79,-83.60485842462266,41.472571950964635,dolomite
MAT-CARB-35,0,80,-83.60571079223784,41.46986551351399,dolomite
MAT-CARB-35,0,81,-83.60656532597497,41.46729394184549,dolomite
MAT-CARB-35,0,82,-83.6066896128727,41.46391953577889,dolomite
MAT-CARB-35,0,83,-83.60649499043384,41.462976791283616,dolomite
MAT-CARB-35,0,84,-83.60608159608155,41.45960732935497,dolomite
MAT-CARB-35,0,85,-83.60694694306521,41.457710294592516,dolomite
MAT-CARB-35,0,86,-83.60816850845387,41.45567503464011,dolomite
MAT-CARB-35,0,87,-83.60868857497358,41.45459078659328,dolomite
MAT-CARB-35,0,88,-83.60864894135221,41.45216234972133,dolomite
MAT-CARB-35,0,89,-83.60808487935509,41.4505483727128,dolomite
MAT-CARB-35,0,90,-83.60714929362747,41.448128224391155,dolomite
MAT-CARB-35,0,91,-83.60674690908792,41.44543326443971,dolomite
MAT-CARB-35,0,92,-83.60654794471603,41.44422071712298,dolomite
MAT-CARB-35,0,93,-83.60630724708645,41.44044477190854,dolomite
MAT-CARB-35,0,94,-83.60665680780502,41.43990183330935,dolomite
MAT-CARB-35,0,95,-83.60628747704764,41.439230567190535,dolomite
MAT-CARB-35,0,96,-83.6059115656989,41.43815454587602,dolomite
MAT-CARB-35,0,97,-83.60587423700296,41.435861012235314,dolomite
MAT-CARB-35,0,98,-83.60657331216815,41.43477510485925,dolomite
MAT-CARB-35,0,99,-83.60708445135435,41.433151153441344,dolomite
MAT-CARB-35,0,100,-83.60760212739193,41.43193198124933,dolomite
MAT-CARB-35,0,101,-83.60901997107253,41.43097432024666,dolomite
MAT-CARB-35,0,102,-83.61025421943617,41.429748507970594,dolomite
MAT-CARB-35,0,103,-83.61265631427347,41.42324934810935,dolomite
MAT-CARB-35,0,104,-83.61713151928184,41.415094899940726,dolomite
MAT-CARB-35,0,105,-83.6185333365237,41.413192707560405,dolomite
MAT-CARB-35,0,106,-83.62010305771801,41.41061426611968,dolomite
MAT-CARB-35,0,107,-83.62273386162116,41.407216218603445,dolomite
MAT-CARB-35,0,108,-83.62412866697727,41.4049092127316,dolomite
MAT-CARB-35,0,109,-83.6249995486488,41.40341672804596,dolomite
MAT-CARB-35,0,110,-83.62659339179888,41.402322272615194,dolomite
MAT-CARB-35,0,111,-83.62765892108031,41.40177249720256,dolomite
MAT-CARB-35,0,112,-83.63016600996359,41.40174889606005,dolomite
MAT-CARB-35,0,113,-83.63250972057374,41.402671346731964,dolomite
MAT-CARB-35,0,114,-83.63451113766291,41.404541577684995,dolomite
MAT-CARB-35,0,115,-83.63613867490791,41.405470729654276,dolomite
MAT-CARB-35,0,116,-83.63740583020154,41.406268344597265,dolomite
MAT-CARB-35,0,117,-83.63812894364753,41.40666631102658,dolomite
MAT-CARB-35,0,118,-83.64010121651967,41.406782511180644,dolomite
MAT-CARB-35,0,119,-83.64081755853817,41.40677569925429,dolomite
MAT-CARB-35,0,120,-83.64314347329118,41.40661861875843,dolomite
MAT-CARB-35,0,121,-83.64617206642681,41.405645125273146,dolomite
MAT-CARB-35,0,122,-83.64706296178508,41.40536674092572,dolomite
MAT-CARB-35,0,123,-83.6493705287115,41.40413019190604,dolomite
MAT-CARB-35,0,124,-83.65115224623307,41.403573368343025,dolomite
MAT-CARB-35,0,125,-83.65221527350961,41.40288846392988,dolomite
MAT-CARB-35,0,126,-83.65434362738515,41.401653536843256,dolomite
MAT-CARB-35,0,127,-83.65647416289771,41.40055351045538,dolomite
MAT-CARB-35,0,128,-83.658971996727,41.39998963195674,dolomite
MAT-CARB-35,0,129,-83.661116266078,41.39969899320288,dolomite
MAT-CARB-35,0,130,-83.66253960518245,41.39914546599666,dolomite
MAT-CARB-35,0,131,-83.66377923859791,41.39832380821606,dolomite
MAT-CARB-35,0,132,-83.66430256329231,41.39750906653527,dolomite
MAT-CARB-35,0,133,-83.66463295125536,41.39588658809912,dolomite
MAT-CARB-35,0,134,-83.6637191965624,41.39481595426057,dolomite
MAT-CARB-35,0,135,-83.66173339908863,41.39389063915625,dolomite
MAT-CARB-35,0,136,-83.65866186773242,41.39230105810761,dolomite
MAT-CARB-35,0,137,-83.6572225673289,41.39191015298546,dolomite
MAT-CARB-35,0,138,-83.65595315314754,41.39097779797592,dolomite
MAT-CARB-35,0,139,-83.65396074113185,41.38964761182545,dolomite
MAT-CARB-35,0,140,-83.65179390401978,41.388588910714155,dolomite
MAT-CARB-35,0,141,-83.65035243884981,41.38806298123451,dolomite
MAT-CARB-35,0,142,-83.64695068101628,41.388095571478814,dolomite
MAT-CARB-35,0,143,-83.6453438642838,41.38838082957804,dolomite
MAT-CARB-35,0,144,-83.64374607471207,41.3892057199645,dolomite
MAT-CARB-35,0,145,-83.64179246550671,41.39016891198732,dolomite
MAT-CARB-35,0,146,-83.63911806688837,41.390869051455084,dolomite
MAT-CARB-35,0,147,-83.63464411518724,41.39104640728796,dolomite
MAT-CARB-35,0,148,-83.63374435857428,41.390785049167484,dolomite
MAT-CARB-35,0,149,-83.63052150039134,41.39081548012097,dolomite
MAT-CARB-35,0,150,-83.62854302546872,41.39029435268397,dolomite
MAT-CARB-35,0,151,-83.6261975243615,41.389236902097856,dolomite
MAT-CARB-35,0,152,-83.62383648704942,41.387234952669864,dolomite
MAT-CARB-35,0,153,-83.6218203292501,41.38442009054485,dolomite
MAT-CARB-35,0,154,-83.62071500071568,41.382541253312844,dolomite
MAT-CARB-35,0,155,-83.61943737877759,41.381068846381204,dolomite
MAT-CARB-35,0,156,-83.61870355028404,41.37999618533017,dolomite
MAT-CARB-35,0,157,-83.61668113705524,41.376776448222515,dolomite
MAT-CARB-35,0,158,-83.61448216419724,41.37369327584747,dolomite
MAT-CARB-35,0,159,-83.61298831578206,41.36992880252948,dolomite
MAT-CARB-35,0,160,-83.61185700181555,41.36643081212713,dolomite
MAT-CARB-35,0,161,-83.6119389388594,41.36049259810159,dolomite
MAT-CARB-35,0,162,-83.61261511271798,41.3580573634289,dolomite
MAT-CARB-35,0,163,-83.61329340954576,41.35575703812237,dolomite
MAT-CARB-35,0,164,-83.61430528033264,41.35196919913831,dolomite
MAT-CARB-35,0,165,-83.61568869005445,41.34930970372879,dolomite
MAT-CARB-35,0,166,-83.61778717976914,41.34632138057061,dolomite
MAT-CARB-35,0,167,-83.61952764707738,41.34333635786757,dolomite
MAT-CARB-35,0,168,-83.62057231326027,41.34157232338657,dolomite
MAT-CARB-35,0,169,-83.62108241830255,41.33994819255357,dolomite
MAT-CARB-35,0,170,-83.62248702849278,41.33831570708697,dolomite
MAT-CARB-35,0,171,-83.62442158752054,41.33627338156685,dolomite
MAT-CARB-35,0,172,-83.62848941880263,41.333401300447065,dolomite
MAT-CARB-35,0,173,-83.6314925314981,41.3310788696501,dolomite
MAT-CARB-35,0,174,-83.63574988983868,41.32887944056125,dolomite
MAT-CARB-35,0,175,-83.6366308099276,41.32806140977007,dolomite
MAT-CARB-35,0,176,-83.63930502518593,41.32749623878182,dolomite
MAT-CARB-35,0,177,-83.64252261601466,41.32733062293633,dolomite
MAT-CARB-35,0,178,-83.6437747870909,41.3273186728637,dolomite
MAT-CARB-35,0,179,-83.64519221303635,41.326495452809716,dolomite
MAT-CARB-35,0,180,-83.64678847664719,41.32567050305324,dolomite
MAT-CARB-35,0,181,-83.64821266025876,41.32525203383866,dolomite
MAT-CARB-35,0,182,-83.64927225225676,41.32443219299755,dolomite
MAT-CARB-35,0,183,-83.65069411334517,41.323878746317526,dolomite
MAT-CARB-35,0,184,-83.6540455371322,41.32230513294298,dolomite
MAT-CARB-35,0,185,-83.65498738081146,41.32529062268448,dolomite
MAT-CARB-35,0,186,-83.65792706768225,41.330053976203324,dolomite
MAT-CARB-35,0,187,-83.6597289393878,41.33327096847143,dolomite
MAT-CARB-35,0,188,-83.66724559732253,41.345536577104134,dolomite
MAT-CARB-35,0,189,-83.67897278185275,41.36483998598117,dolomite
MAT-CARB-35,0,190,-83.685668459296,41.37519564123732,dolomite
MAT-CARB-35,0,191,-83.69407110246175,41.39212225292287,dolomite
MAT-CARB-35,0,192,-83.6950815855238,41.39534646832201,dolomite
MAT-CARB-35,0,193,-83.69574897486073,41.39713662910062,dolomite
MAT-CARB-35,0,194,-83.69950164260354,41.41159337062801,dolomite
MAT-CARB-35,0,195,-83.69952444880836,41.41167368030934,dolomite
MAT-CARB-35,0,196,-83.70372216794597,41.42645178460284,dolomite
MAT-CARB-35,0,197,-83.70558612990177,41.432901429704046,dolomite
MAT-CARB-35,0,198,-83.70575579173627,41.4334986460119,dolomite
MAT-CARB-35,0,199,-83.71082358973614,41.45009753914367,dolomite
MAT-CARB-35,0,200,-83.71233225435783,41.45439448454615,dolomite
MAT-CARB-35,0,201,-83.71416068603702,41.45971410523972,dolomite
MAT-CARB-35,0,202,-83.71161778722082,41.456969165615966,dolomite
MAT-CARB-44,0,0,-83.8108104397219,41.47590443366298,dolomite
MAT-CARB-44,0,1,-83.81171310710464,41.476699265886516,dolomite
MAT-CARB-44,0,2,-83.8118294529251,41.47683498084373,dolomite
MAT-CARB-44,0,3,-83.8118823011493,41.478392407292475,dolomite
MAT-CARB-44,0,4,-83.8116268734427,41.47930264058012,dolomite
MAT-CARB-44,0,5,-83.81073185201636,41.48008284341082,dolomite
MAT-CARB-44,0,6,-83.80986742626986,41.48009227708749,dolomite
MAT-CARB-44,0,7,-83.80875180709917,41.48005309382111,dolomite
MAT-CARB-44,0,8,-83.80775221037479,41.47895112030056,dolomite
MAT-CARB-44,0,9,-83.80778915636756,41.47732419526953,dolomite
MAT-CARB-44,0,10,-83.80865845146543,41.47639019047441,dolomite
MAT-CARB-44,0,11,-83.8094453242925,41.47590221407717,dolomite
MAT-CARB-44,0,12,-83.8108104397219,41.47590443366298,dolomite
MAT-CARB-32,0,0,-83.85247069907459,41.48062149072634,dolomite
MAT-CARB-32,0,1,-83.85412354930422,41.48135620513345,dolomite
MAT-CARB-32,0,2,-83.85449709682379,41.48183138980402,dolomite
MAT-CARB-32,0,3,-83.85470093035538,41.4829248449269,dolomite
MAT-CARB-32,0,4,-83.85444298562734,41.48368107029787,dolomite
MAT-CARB-32,0,5,-83.85338105077685,41.48519970103382,dolomite
MAT-CARB-32,0,6,-83.85276180036523,41.486096978907774,dolomite
MAT-CARB-32,0,7,-83.85079391829414,41.48783126423296,dolomite
MAT-CARB-32,0,8,-83.84774475286034,41.49012548658448,dolomite
MAT-CARB-32,0,9,-83.84666223143114,41.49061702532762,dolomite
MAT-CARB-32,0,10,-83.84522922238965,41.49179732467267,dolomite
MAT-CARB-32,0,11,-83.84496571293779,41.492279669523285,dolomite
MAT-CARB-32,0,12,-83.84407327633186,41.493179954686696,dolomite
MAT-CARB-32,0,13,-83.84283843065192,41.495179803093855,dolomite
MAT-CARB-32,0,14,-83.84213741848227,41.49655732176347,dolomite
MAT-CARB-32,0,15,-83.84080603385522,41.49828427988272,dolomite
MAT-CARB-32,0,16,-83.83964042838723,41.49918757550085,dolomite
MAT-CARB-32,0,17,-83.83846939144722,41.49981697847233,dolomite
MAT-CARB-32,0,18,-83.83684457832749,41.500519913237525,dolomite
MAT-CARB-32,0,19,-83.83431220622249,41.5013698677493,dolomite
MAT-CARB-32,0,20,-83.83232190652693,41.502008307457544,dolomite
MAT-CARB-32,0,21,-83.82986571969303,41.502104020402356,dolomite
MAT-CARB-32,0,22,-83.82667734822644,41.50200232486004,dolomite
MAT-CARB-32,0,23,-83.82439116138674,41.50147967644689,dolomite
MAT-CARB-32,0,24,-83.82291753879706,41.50060563284722,dolomite
MAT-CARB-32,0,25,-83.8218026348365,41.499453683362354,dolomite
MAT-CARB-32,0,26,-83.8218723138167,41.498357182539216,dolomite
MAT-CARB-32,0,27,-83.8223033968479,41.4971197453819,dolomite
MAT-CARB-32,0,28,-83.82301949600972,41.49649551239689,dolomite
MAT-CARB-32,0,29,-83.82562942775542,41.494960096419135,dolomite
MAT-CARB-32,0,30,-83.82798096208921,41.49418078374115,dolomite
MAT-CARB-32,0,31,-83.83069109030363,41.493123536371506,dolomite
MAT-CARB-32,0,32,-83.83358317431572,41.49206417805638,dolomite
MAT-CARB-32,0,33,-83.83638143608631,41.4908688620652,dolomite
MAT-CARB-32,0,34,-83.83827096004325,41.48975207474392,dolomite
MAT-CARB-32,0,35,-83.83988874395119,41.488706753708875,dolomite
MAT-CARB-32,0,36,-83.84132039179603,41.48745806522456,dolomite
MAT-CARB-32,0,37,-83.84266238296279,41.486278825813294,dolomite
MAT-CARB-32,0,38,-83.84354526313341,41.484899256264605,dolomite
MAT-CARB-32,0,39,-83.84497544344374,41.48358204200175,dolomite
MAT-CARB-32,0,40,-83.84658754587778,41.48226276851569,dolomite
MAT-CARB-32,0,41,-83.84920319992601,41.4810691574793,dolomite
MAT-CARB-32,0,42,-83.85092249257401,41.48057042709076,dolomite
MAT-CARB-32,0,43,-83.85247069907459,41.48062149072634,dolomite
MAT-CARB-27,0,0,-83.80173394470272,41.50815961579588,dolomite
MAT-CARB-27,0,1,-83.80118123667117,41.50782320316306,dolomite
MAT-CARB-27,0,2,-83.80071033586144,41.50700651831401,dolomite
MAT-CARB-27,0,3,-83.80014977248977,41.506259265614545,dolomite
MAT-CARB-27,0,4,-83.80013403422073,41.50543764997016,dolomite
MAT-CARB-27,0,5,-83.80075805649572,41.50474606244738,dolomite
MAT-CARB-27,0,6,-83.80202058327295,41.504116042744684,dolomite
MAT-CARB-27,0,7,-83.80329619689311,41.504170699485975,dolomite
MAT-CARB-27,0,8,-83.80412461074108,41.50464106541335,dolomite
MAT-CARB-27,0,9,-83.804777577772,41.50545578853878,dolomite
MAT-CARB-27,0,10,-83.80497673205315,41.50634390293197,dolomite
MAT-CARB-27,0,11,-83.80462580543724,41.50703251843759,dolomite
MAT-CARB-27,0,12,-83.80400308069696,41.50779260209905,dolomite
MAT-CARB-27,0,13,-83.80301098520428,41.508282751945806,dolomite
MAT-CARB-27,0,14,-83.80173394470272,41.50815961579588,dolomite
MAT-CARB-5861,0,0,-83.62046205225872,41.530588334022774,dolomite
MAT-CARB-5861,0,1,-83.621316910083,41.53210550086014,dolomite
MAT-CARB-5861,0,2,-83.6221855628453,41.53445436972979,dolomite
MAT-CARB-5861,0,3,-83.62234537104918,41.538542970156655,dolomite
MAT-CARB-5861,0,4,-83.62115835810832,41.54463091891814,dolomite
MAT-CARB-5861,0,5,-83.62002035606844,41.54831564429874,dolomite
MAT-CARB-5861,0,6,-83.61815942008609,41.55290826311576,dolomite
MAT-CARB-5861,0,7,-83.61727156120396,41.55499618863265,dolomite
MAT-CARB-5861,0,8,-83.61729325529035,41.556313085516074,dolomite
MAT-CARB-5861,0,9,-83.61805499844013,41.557761773761634,dolomite
MAT-CARB-5861,0,10,-83.61927329695122,41.55892891395538,dolomite
MAT-CARB-5861,0,11,-83.62151413425464,41.56057175268488,dolomite
MAT-CARB-5861,0,12,-83.62217346241505,41.56139747449664,dolomite
MAT-CARB-5861,0,13,-83.62211334419874,41.56333904641103,dolomite
MAT-CARB-5861,0,14,-83.62020977186425,41.56536711441227,dolomite
MAT-CARB-5861,0,15,-83.61829576181512,41.56677135621357,dolomite
MAT-CARB-5861,0,16,-83.61601621103671,41.568386939576506,dolomite
MAT-CARB-5861,0,17,-83.61409637159983,41.56944456570389,dolomite
MAT-CARB-5861,0,18,-83.61171412382191,41.5704371275064,dolomite
MAT-CARB-5861,0,19,-83.60876817952442,41.57081092694991,dolomite
MAT-CARB-5861,0,20,-83.60656803159685,41.57166303352266,dolomite
MAT-CARB-5861,0,21,-83.60389648321149,41.571895570202244,dolomite
MAT-CARB-5861,0,22,-83.60288186713785,41.57190488092643,dolomite
MAT-CARB-5861,0,23,-83.60223281187548,41.5717028526916,dolomite
MAT-CARB-5861,0,24,-83.59928114203625,41.571729874435384,dolomite
MAT-CARB-5861,0,25,-83.59817540629163,41.571809314215116,dolomite
MAT-CARB-5861,0,26,-83.5948838512181,41.57364167438345,dolomite
MAT-CARB-5861,0,27,-83.59398382064879,41.57503627537901,dolomite
MAT-CARB-5861,0,28,-83.59289027749867,41.57587808034397,dolomite
MAT-CARB-5861,0,29,-83.59169333228589,41.57602759648606,dolomite
MAT-CARB-5861,0,30,-83.59077644161263,41.57638251189942,dolomite
MAT-CARB-5861,0,31,-83.58940834520527,41.57736541703324,dolomite
MAT-CARB-5861,0,32,-83.58786352310156,41.57883511378056,dolomite
MAT-CARB-5861,0,33,-83.58594513264376,41.58003090406764,dolomite
MAT-CARB-5861,0,34,-83.58502486667716,41.58017785368025,dolomite
MAT-CARB-5861,0,35,-83.58282965186103,41.581376089440475,dolomite
MAT-CARB-5861,0,36,-83.57973456209903,41.581470264066446,dolomite
MAT-CARB-5861,0,37,-83.577202322495,41.581425832320576,dolomite
MAT-CARB-5861,0,38,-83.57481361927785,41.5820710824652,dolomite
MAT-CARB-5861,0,39,-83.57426120190809,41.582145325897386,dolomite
MAT-CARB-5861,0,40,-83.57389110566452,41.58207932389363,dolomite
MAT-CARB-5861,0,41,-83.5735187785513,41.58187469829588,dolomite
MAT-CARB-5861,0,42,-83.57359567041851,41.580903514800724,dolomite
MAT-CARB-5861,0,43,-83.57431721571594,41.57985726543687,dolomite
MAT-CARB-5861,0,44,-83.57641697668724,41.57845208836976,dolomite
MAT-CARB-5861,0,45,-83.5774295279031,41.57830437754834,dolomite
MAT-CARB-5861,0,46,-83.5781476795984,41.57705015426808,dolomite
MAT-CARB-5861,0,47,-83.57810139069515,41.57413911681533,dolomite
MAT-CARB-5861,0,48,-83.57854495299934,41.57302601885414,dolomite
MAT-CARB-5861,0,49,-83.58002615231433,41.56776866730551,dolomite
MAT-CARB-5861,0,50,-83.58109099406634,41.565124882270965,dolomite
MAT-CARB-5861,0,51,-83.58205795486329,41.562135363763716,dolomite
MAT-CARB-5861,0,52,-83.58182751247122,41.55347222574832,dolomite
MAT-CARB-5861,0,53,-83.58336085317192,41.55130944384599,dolomite
MAT-CARB-5861,0,54,-83.5852773311318,41.55004433915503,dolomite
MAT-CARB-5861,0,55,-83.5873837200819,41.54912411396319,dolomite
MAT-CARB-5861,0,56,-83.58976446193667,41.54806271684506,dolomite
MAT-CARB-5861,0,57,-83.59241056274854,41.54630565254789,dolomite
MAT-CARB-5861,0,58,-83.59449548995158,41.54406835896333,dolomite
MAT-CARB-5861,0,59,-83.59649591826604,41.54231704715793,dolomite
MAT-CARB-5861,0,60,-83.59923719171883,41.540766909908214,dolomite
MAT-CARB-5861,0,61,-83.60273280376475,41.540249632936224,dolomite
MAT-CARB-5861,0,62,-83.6068748614797,41.53979561167554,dolomite
MAT-CARB-5861,0,63,-83.60843540606412,41.53936528464639,dolomite
MAT-CARB-5861,0,64,-83.6094359327094,41.538524191311204,dolomite
MAT-CARB-5861,0,65,-83.61006654523716,41.53761716847752,dolomite
MAT-CARB-5861,0,66,-83.61076550574239,41.53525371474306,dolomite
MAT-CARB-5861,0,67,-83.61154411767431,41.53212695999223,dolomite
MAT-CARB-5861,0,68,-83.61307830291096,41.530102388497156,dolomite
MAT-CARB-5861,0,69,-83.61435747084265,41.52939728625588,dolomite
MAT-CARB-5861,0,70,-83.61730611542829,41.52930059346978,dolomite
MAT-CARB-5861,0,71,-83.62046205225872,41.530588334022774,dolomite
MAT-CARB-5831,0,0,-83.73118933295315,41.62732801301348,dolomite
MAT-CARB-5831,0,1,-83.73085729535208,41.62661281232813,dolomite
MAT-CARB-5831,0,2,-83.73028745650133,41.62158847417226,dolomite
MAT-CARB-5831,0,3,-83.7289225769956,41.616692007027375,dolomite
MAT-CARB-5831,0,4,-83.72737891887921,41.61071943347335,dolomite
MAT-CARB-5831,0,5,-83.72615441080308,41.60474355964021,dolomite
MAT-CARB-5831,0,6,-83.72541485187217,41.59912199878258,dolomite
MAT-CARB-5831,0,7,-83.72503106887882,41.595532860521324,dolomite
MAT-CARB-5831,0,8,-83.7248218821035,41.59278032477077,dolomite
MAT-CARB-5831,0,9,-83.7249553242343,41.591341729435214,dolomite
MAT-CARB-5831,0,10,-83.72535808900926,41.57815096420873,dolomite
MAT-CARB-5831,0,11,-83.72588733360807,41.572157043566094,dolomite
MAT-CARB-5831,0,12,-83.72675254842719,41.5671178217858,dolomite
MAT-CARB-5831,0,13,-83.7272859181815,41.56136334953193,dolomite
MAT-CARB-5831,0,14,-83.72815952894464,41.55680306770769,dolomite
MAT-CARB-5831,0,15,-83.72887153746957,41.552124662040576,dolomite
MAT-CARB-5831,0,16,-83.72943065485808,41.54780710587088,dolomite
MAT-CARB-5831,0,17,-83.73167474535529,41.540540680870635,dolomite
MAT-CARB-5831,0,18,-83.73292941687833,41.543519039039715,dolomite
MAT-CARB-5831,0,19,-83.73313338330392,41.54486617077072,dolomite
MAT-CARB-5831,0,20,-83.73279896830053,41.54621885157731,dolomite
MAT-CARB-5831,0,21,-83.733002977256,41.547566007518945,dolomite
MAT-CARB-5831,0,22,-83.7339419688977,41.54985005227023,dolomite
MAT-CARB-5831,0,23,-83.73420243259,41.55429986353271,dolomite
MAT-CARB-5831,0,24,-83.73352134364013,41.556330686006504,dolomite
MAT-CARB-5831,0,25,-83.7330024929501,41.55741538244763,dolomite
MAT-CARB-5831,0,26,-83.73338300194779,41.558453960837376,dolomite
MAT-CARB-5831,0,27,-83.73411324645048,41.559121083983904,dolomite
MAT-CARB-5831,0,28,-83.73556878974193,41.560185503880255,dolomite
MAT-CARB-5831,0,29,-83.73613679659432,41.56179873353827,dolomite
MAT-CARB-5831,0,30,-83.73652529737483,41.56341380500443,dolomite
MAT-CARB-5831,0,31,-83.73636547597881,41.56449481618291,dolomite
MAT-CARB-5831,0,32,-83.73459991582787,41.56613202256449,dolomite
MAT-CARB-5831,0,33,-83.73407364265078,41.56681203893331,dolomite
MAT-CARB-5831,0,34,-83.73409328267367,41.56789120132631,dolomite
MAT-CARB-5831,0,35,-83.73482363578935,41.56855831482678,dolomite
MAT-CARB-5831,0,36,-83.7360802438211,41.568545402432306,dolomite
MAT-CARB-5831,0,37,-83.73751386316087,41.56839573808461,dolomite
MAT-CARB-5831,0,38,-83.73929420410133,41.5675678701971,dolomite
MAT-CARB-5831,0,39,-83.74089252783813,41.566606936395544,dolomite
MAT-CARB-5831,0,40,-83.74247103277358,41.56456679007166,dolomite
MAT-CARB-5831,0,41,-83.74351590815029,41.56280200240035,dolomite
MAT-CARB-5831,0,42,-83.7440222223594,41.56104277673863,dolomite
MAT-CARB-5831,0,43,-83.74435149993043,41.55942029690636,dolomite
MAT-CARB-5831,0,44,-83.74542349667502,41.55913935933189,dolomite
MAT-CARB-5831,0,45,-83.7461463939923,41.55940170437902,dolomite
MAT-CARB-5831,0,46,-83.74669976655235,41.56020550340348,dolomite
MAT-CARB-5831,0,47,-83.7470860291507,41.561685650658866,dolomite
MAT-CARB-5831,0,48,-83.74837478958511,41.563426262532424,dolomite
MAT-CARB-5831,0,49,-83.74856670441132,41.56409888586757,dolomite
MAT-CARB-5831,0,50,-83.74822012346182,41.56477710064596,dolomite
MAT-CARB-5831,0,51,-83.74807534557338,41.56666750416643,dolomite
MAT-CARB-5831,0,52,-83.74884308854394,41.569357960086926,dolomite
MAT-CARB-5831,0,53,-83.74961582844391,41.57231821476193,dolomite
MAT-CARB-5831,0,54,-83.75036877032207,41.5741992762795,dolomite
MAT-CARB-5831,0,55,-83.75043594076546,41.57784143062063,dolomite
MAT-CARB-5831,0,56,-83.74973517228084,41.57879315604445,dolomite
MAT-CARB-5831,0,57,-83.75011663242495,41.580003490039225,dolomite
MAT-CARB-5831,0,58,-83.75029077302806,41.589446059911026,dolomite
MAT-CARB-5831,0,59,-83.7500012923483,41.593226788538956,dolomite
MAT-CARB-5831,0,60,-83.74864665754453,41.59769319014213,dolomite
MAT-CARB-5831,0,61,-83.74746899629122,41.60202278165239,dolomite
MAT-CARB-5831,0,62,-83.74719916498886,41.60688261443299,dolomite
MAT-CARB-5831,0,63,-83.74618595373515,41.61040095043171,dolomite
MAT-CARB-5831,0,64,-83.74497565847157,41.61297689438393,dolomite
MAT-CARB-5831,0,65,-83.74447889088506,41.615275618048976,dolomite
MAT-CARB-5831,0,66,-83.74349016868626,41.62014278968862,dolomite
MAT-CARB-5831,0,67,-83.74212220093322,41.62393456137785,dolomite
MAT-CARB-5831,0,68,-83.74001072225627,41.626384809221065,dolomite
MAT-CARB-5831,0,69,-83.73841590728422,41.62761545170031,dolomite
MAT-CARB-5831,0,70,-83.7375225019698,41.627894462502454,dolomite
MAT-CARB-5831,0,71,-83.73610481625323,41.62898836780481,dolomite
MAT-CARB-5831,0,72,-83.73379363105435,41.63036121047246,dolomite
MAT-CARB-5831,0,73,-83.73133438189667,41.63146707329293,dolomite
MAT-CARB-5831,0,74,-83.73118933295315,41.62732801301348,dolomite
MAT-CARB-62,0,0,-83.42467756553273,41.45098011147913,dolomite
MAT-CARB-62,0,1,-83.42542209585166,41.45136227749108,dolomite
MAT-CARB-62,0,2,-83.42545895263167,41.452424575021,dolomite
MAT-CARB-62,0,3,-83.42490536637645,41.45290109153413,dolomite
MAT-CARB-62,0,4,-83.42394755196494,41.45331324193741,dolomite
MAT-CARB-62,0,5,-83.42358074148578,41.45331609262793,dolomite
MAT-CARB-62,0,6,-83.42296445812434,41.45330396453905,dolomite
MAT-CARB-62,0,7,-83.42189845666316,41.452553163644254,dolomite
MAT-CARB-62,0,8,-83.4218886158467,41.45182801032164,dolomite
MAT-CARB-62,0,9,-83.42219811079585,41.45152201827355,dolomite
MAT-CARB-62,0,10,-83.42318081424803,41.451295221176785,dolomite
MAT-CARB-62,0,11,-83.42411752565546,41.45098442509759,dolomite
MAT-CARB-62,0,12,-83.42467756553273,41.45098011147913,dolomite
MAT-CARB-61,0,0,-83.48051545176205,41.45176324973476,dolomite
MAT-CARB-61,0,1,-83.48074585466368,41.451966868429444,dolomite
MAT-CARB-61,0,2,-83.48075351758936,41.45249764737817,dolomite
MAT-CARB-61,0,3,-83.4793841202268,41.45375889722223,dolomite
MAT-CARB-61,0,4,-83.47892919743884,41.453762608615136,dolomite
MAT-CARB-61,0,5,-83.47792892588666,41.45380502234822,dolomite
MAT-CARB-61,0,6,-83.4777227518081,41.453703951645586,dolomite
MAT-CARB-61,0,7,-83.47774328165326,41.453549658718835,dolomite
MAT-CARB-61,0,8,-83.47818830445752,41.45286106576768,dolomite
MAT-CARB-61,0,9,-83.47992384823236,41.45175096563588,dolomite
MAT-CARB-61,0,10,-83.48051545176205,41.45176324973476,dolomite
MAT-CARB-37,0,0,-83.44013797116281,41.48509441073569,dolomite
MAT-CARB-37,0,1,-83.44124254183404,41.48597617047516,dolomite
MAT-CARB-37,0,2,-83.4417607372314,41.48723922301413,dolomite
MAT-CARB-37,0,3,-83.44184330690021,41.48990980760421,dolomite
MAT-CARB-37,0,4,-83.4411767509017,41.49107942540539,dolomite
MAT-CARB-37,0,5,-83.43991703752077,41.49215093534116,dolomite
MAT-CARB-37,0,6,-83.43851933285588,41.49312076261593,dolomite
MAT-CARB-37,0,7,-83.43820879302679,41.49370538338881,dolomite
MAT-CARB-37,0,8,-83.43832062704536,41.495211367544634,dolomite
MAT-CARB-37,0,9,-83.43855294435494,41.49555202216983,dolomite
MAT-CARB-37,0,10,-83.43866577205135,41.49712645700555,dolomite
MAT-CARB-37,0,11,-83.43803657245263,41.497713565347965,dolomite
MAT-CARB-37,0,12,-83.4365420051856,41.49827319066084,dolomite
MAT-CARB-37,0,13,-83.43554152313285,41.49834947637071,dolomite
MAT-CARB-37,0,14,-83.43440355440045,41.49835833514699,dolomite
MAT-CARB-37,0,15,-83.43238427446924,41.49717538656445,dolomite
MAT-CARB-37,0,16,-83.4305062959211,41.496333805561996,dolomite
MAT-CARB-37,0,17,-83.42931205427928,41.49555539462541,dolomite
MAT-CARB-37,0,18,-83.42930127283793,41.49476779239026,dolomite
MAT-CARB-37,0,19,-83.43015528572397,41.49397352223097,dolomite
MAT-CARB-37,0,20,-83.43127533170303,41.4926634771197,dolomite
MAT-CARB-37,0,21,-83.43124433073082,41.49040342707671,dolomite
MAT-CARB-37,0,22,-83.43245204447909,41.48885296206595,dolomite
MAT-CARB-37,0,23,-83.43330924110676,41.48829836477477,dolomite
MAT-CARB-37,0,24,-83.43439684580022,41.4879474350551,dolomite
MAT-CARB-37,0,25,-83.43652737491033,41.487314410342115,dolomite
MAT-CARB-37,0,26,-83.43783115090828,41.4861398400533,dolomite
MAT-CARB-37,0,27,-83.43913674012376,41.485102245551936,dolomite
MAT-CARB-37,0,28,-83.44013797116281,41.48509441073569,dolomite
MAT-CARB-38,0,0,-83.46900000195424,41.49092761960425,dolomite
MAT-CARB-38,0,1,-83.47037711896033,41.49173839502333,dolomite
MAT-CARB-38,0,2,-83.47113274463464,41.49365003142156,dolomite
MAT-CARB-38,0,3,-83.47131871811207,41.49392248284157,dolomite
MAT-CARB-38,0,4,-83.47167988770603,41.493714094612706,dolomite
MAT-CARB-38,0,5,-83.47203615251969,41.49316330050755,dolomite
MAT-CARB-38,0,6,-83.47257936790182,41.492953408342565,dolomite
MAT-CARB-38,0,7,-83.47294347272162,41.49295045906901,dolomite
MAT-CARB-38,0,8,-83.47321853334134,41.493085235585255,dolomite
MAT-CARB-38,0,9,-83.47334586988971,41.49561834555074,dolomite
MAT-CARB-38,0,10,-83.47281048617204,41.49637608702665,dolomite
MAT-CARB-38,0,11,-83.47181798894005,41.497000547884845,dolomite
MAT-CARB-38,0,12,-83.47064141326047,41.49748948320038,dolomite
MAT-CARB-38,0,13,-83.4699131547008,41.49749536666302,dolomite
MAT-CARB-38,0,14,-83.46836558660335,41.49750785450639,dolomite
MAT-CARB-38,0,15,-83.46588723177152,41.49608952274898,dolomite
MAT-CARB-38,0,16,-83.46468824605607,41.495003285431714,dolomite
MAT-CARB-38,0,17,-83.46403841887674,41.49411814967881,dolomite
MAT-CARB-38,0,18,-83.46410997719282,41.4927477440397,dolomite
MAT-CARB-38,0,19,-83.46464640243804,41.49205852016818,dolomite
MAT-CARB-38,0,20,-83.46563698219354,41.491297180932996,dolomite
MAT-CARB-38,0,21,-83.46645134229497,41.490948157683995,dolomite
MAT-CARB-38,0,22,-83.46900000195424,41.49092761960425,dolomite
MAT-CARB-29,0,0,-83.46123898941741,41.4998463715802,dolomite
MAT-CARB-29,0,1,-83.46261130224322,41.50031479977292,dolomite
MAT-CARB-29,0,2,-83.46325537640791,41.50078908231499,dolomite
MAT-CARB-29,0,3,-83.46372516221278,41.5018126392824,dolomite
MAT-CARB-29,0,4,-83.46385896819517,41.50482513111811,dolomite
MAT-CARB-29,0,5,-83.46306389735409,41.50654373878973,dolomite
MAT-CARB-29,0,6,-83.4618948574063,41.507580453846565,dolomite
MAT-CARB-29,0,7,-83.46027056325077,41.50862079656011,dolomite
MAT-CARB-29,0,8,-83.45909273529303,41.50904113388368,dolomite
MAT-CARB-29,0,9,-83.45673514186235,41.50974484029742,dolomite
MAT-CARB-29,0,10,-83.45401137491837,41.51031443271345,dolomite
MAT-CARB-29,0,11,-83.45328297732445,41.51032021527875,dolomite
MAT-CARB-29,0,12,-83.45191337106132,41.51005709777152,dolomite
MAT-CARB-29,0,13,-83.44998697416383,41.509045003482484,dolomite
MAT-CARB-29,0,14,-83.4487937584726,41.5083695557371,dolomite
MAT-CARB-29,0,15,-83.44777309624398,41.507007828192044,dolomite
MAT-CARB-29,0,16,-83.44784981482653,41.50597987620665,dolomite
MAT-CARB-29,0,17,-83.44802903328952,41.505772997906774,dolomite
MAT-CARB-29,0,18,-83.44811240589495,41.505224408384564,dolomite
MAT-CARB-29,0,19,-83.4485590257738,41.50460448987061,dolomite
MAT-CARB-29,0,20,-83.45036069070146,41.5032204587408,dolomite
MAT-CARB-29,0,21,-83.45388625418369,41.50141176289752,dolomite
MAT-CARB-29,0,22,-83.4566949293094,41.50043055989636,dolomite
MAT-CARB-29,0,23,-83.45896308121709,41.49986456468867,dolomite
MAT-CARB-29,0,24,-83.46123898941741,41.4998463715802,dolomite
MAT-CARB-28,0,0,-83.52939512177615,41.50403768315453,dolomite
MAT-CARB-28,0,1,-83.53004166497745,41.50464845688456,dolomite
MAT-CARB-28,0,2,-83.53008426820008,41.50745576982378,dolomite
MAT-CARB-28,0,3,-83.528474763574,41.50938699265333,dolomite
MAT-CARB-28,0,4,-83.52703065372246,41.51022112689889,dolomite
MAT-CARB-28,0,5,-83.5255823692125,41.51078132518567,dolomite
MAT-CARB-28,0,6,-83.52367167167826,41.510866111026246,dolomite
MAT-CARB-28,0,7,-83.52066542810445,41.510754714951446,dolomite
MAT-CARB-28,0,8,-83.51965684672444,41.510283944371785,dolomite
MAT-CARB-28,0,9,-83.51964141659427,41.50925685974913,dolomite
MAT-CARB-28,0,10,-83.52036145273932,41.508702920743296,dolomite
MAT-CARB-28,0,11,-83.52261251613565,41.50704024655157,dolomite
MAT-CARB-28,0,12,-83.52567130449894,41.504617366741385,dolomite
MAT-CARB-28,0,13,-83.52693430411522,41.50385328142521,dolomite
MAT-CARB-28,0,14,-83.52939512177615,41.50403768315453,dolomite
MAT-CARB-5796,0,0,-83.49165755716845,41.73143711792431,dolomite
MAT-CARB-5796,0,1,-83.46578487188856,41.732116474712114,dolomite
MAT-CARB-5796,0,2,-83.45320154097888,41.73244484744317,dolomite
MAT-CARB-5796,0,3,-83.4532978641756,41.73209965589199,dolomite
MAT-CARB-5796,0,4,-83.4534401135731,41.73137407607945,dolomite
MAT-CARB-5796,0,5,-83.45364272371681,41.73097799656203,dolomite
MAT-CARB-5796,0,6,-83.4540344078257,41.73039460331268,dolomite
MAT-CARB-5796,0,7,-83.45408464220353,41.730218672315225,dolomite
MAT-CARB-5796,0,8,-83.45406893455836,41.73002642561042,dolomite
MAT-CARB-5796,0,9,-83.45416187207215,41.72964160594927,dolomite
MAT-CARB-5796,0,10,-83.45420333383501,41.72920199141363,dolomite
MAT-CARB-5796,0,11,-83.4541952464997,41.729064667018264,dolomite
MAT-CARB-5796,0,12,-83.45403933159402,41.728802312814956,dolomite
MAT-CARB-5796,0,13,-83.45416348700032,41.72861425139776,dolomite
MAT-CARB-5796,0,14,-83.45441147114036,41.728492724461475,dolomite
MAT-CARB-5796,0,15,-83.45464459464444,41.72832730100447,dolomite
MAT-CARB-5796,0,16,-83.45486307463155,41.72816191079922,dolomite
MAT-CARB-5796,0,17,-83.4549939005613,41.72801874162871,dolomite
MAT-CARB-5796,0,18,-83.45515911331344,41.727479889346846,dolomite
MAT-CARB-5796,0,19,-83.4550671694218,41.727102236933646,dolomite
MAT-CARB-5796,0,20,-83.45928890495702,41.72704614221035,dolomite
MAT-CARB-5796,0,21,-83.45971273641585,41.72697911973813,dolomite
MAT-CARB-5796,0,22,-83.46020870886764,41.72673606928116,dolomite
MAT-CARB-5796,0,23,-83.46040516095272,41.726559737843786,dolomite
MAT-CARB-5796,0,24,-83.46053570419237,41.72636160904406,dolomite
MAT-CARB-5796,0,25,-83.46073486013141,41.72617475246427,dolomite
MAT-CARB-5796,0,26,-83.46083353675527,41.72600372431462,dolomite
MAT-CARB-5796,0,27,-83.4611827095738,41.72567315389957,dolomite
MAT-CARB-5796,0,28,-83.46128400735212,41.72548063221645,dolomite
MAT-CARB-5796,0,29,-83.46142205211801,41.72532642881916,dolomite
MAT-CARB-5796,0,30,-83.46165557701724,41.72523239729173,dolomite
MAT-CARB-5796,0,31,-83.46189660335261,41.72517683469239,dolomite
MAT-CARB-5796,0,32,-83.46218334124259,41.72505377528572,dolomite
MAT-CARB-5796,0,33,-83.46258990905089,41.72491678716342,dolomite
MAT-CARB-5796,0,34,-83.46307805734878,41.724591325840905,dolomite
MAT-CARB-5796,0,35,-83.4633407409708,41.72448625329738,dolomite
MAT-CARB-5796,0,36,-83.46371334331451,41.72441932423788,dolomite
MAT-CARB-5796,0,37,-83.46395414665331,41.72432531220205,dolomite
MAT-CARB-5796,0,38,-83.46439813645475,41.723956047411406,dolomite
MAT-CARB-5796,0,39,-83.46464599653183,41.72381801839689,dolomite
MAT-CARB-5796,0,40,-83.4648058568741,41.72363629546276,dolomite
MAT-CARB-5796,0,41,-83.46489280212585,41.723493219176454,dolomite
MAT-CARB-5796,0,42,-83.46511301793977,41.723359962651166,dolomite
MAT-CARB-5796,0,43,-83.46535975615994,41.72330516990963,dolomite
MAT-CARB-5796,0,44,-83.46561488557775,41.72315613877698,dolomite
MAT-CARB-5796,0,45,-83.46581797521111,41.72286443074353,dolomite
MAT-CARB-5796,0,46,-83.46624738243825,41.722500677693695,dolomite
MAT-CARB-5796,0,47,-83.46650546491395,41.722361410880424,dolomite
MAT-CARB-5796,0,48,-83.46671874763189,41.722276252008164,dolomite
MAT-CARB-5796,0,49,-83.4668233266608,41.722196955796285,dolomite
MAT-CARB-5796,0,50,-83.46715868602124,41.7220147538251,dolomite
MAT-CARB-5796,0,51,-83.46726061694125,41.72193207799891,dolomite
MAT-CARB-5796,0,52,-83.4673039309516,41.72183306220944,dolomite
MAT-CARB-5796,0,53,-83.46730270280325,41.72162430029302,dolomite
MAT-CARB-5796,0,54,-83.46752059441697,41.72136000285873,dolomite
MAT-CARB-5796,0,55,-83.46748341442246,41.72125570972297,dolomite
MAT-CARB-5796,0,56,-83.46751975376286,41.72121165077739,dolomite
MAT-CARB-5796,0,57,-83.4679137752529,41.721062267169856,dolomite
MAT-CARB-5796,0,58,-83.46806686799518,41.720973969292395,dolomite
MAT-CARB-5796,0,59,-83.46813219405024,41.72089136726258,dolomite
MAT-CARB-5796,0,60,-83.46816086573625,41.72079241383026,dolomite
MAT-CARB-5796,0,61,-83.46867435693821,41.7198020982026,dolomite
MAT-CARB-5796,0,62,-83.46879674670036,41.71946660722992,dolomite
MAT-CARB-5796,0,63,-83.46885302171539,41.71908187455785,dolomite
MAT-CARB-5796,0,64,-83.46902529058802,41.718521002650895,dolomite
MAT-CARB-5796,0,65,-83.4690814056918,41.718370546815756,dolomite
MAT-CARB-5796,0,66,-83.46932795606895,41.71797715332534,dolomite
MAT-CARB-5796,0,67,-83.46939414005793,41.71781679878287,dolomite
MAT-CARB-5796,0,68,-83.4695006901354,41.71727809099847,dolomite
MAT-CARB-5796,0,69,-83.46949150671699,41.716953968009086,dolomite
MAT-CARB-5796,0,70,-83.46952476401097,41.716753840257425,dolomite
MAT-CARB-5796,0,71,-83.46962826353455,41.71657450999249,dolomite
MAT-CARB-5796,0,72,-83.46992596249393,41.7162110879347,dolomite
MAT-CARB-5796,0,73,-83.47008610246087,41.71608428294061,dolomite
MAT-CARB-5796,0,74,-83.47037784712909,41.715951646448836,dolomite
MAT-CARB-5796,0,75,-83.47043585132687,41.71587455891365,dolomite
MAT-CARB-5796,0,76,-83.47039178335099,41.715836219609685,dolomite
MAT-CARB-5796,0,77,-83.47024540111278,41.715814636958825,dolomite
MAT-CARB-5796,0,78,-83.47023040162091,41.71574875003401,dolomite
MAT-CARB-5796,0,79,-83.47032514266525,41.7156990367958,dolomite
MAT-CARB-5796,0,80,-83.47066112186631,41.71562670355338,dolomite
MAT-CARB-5796,0,81,-83.47077702234964,41.715439593694306,dolomite
MAT-CARB-5796,0,82,-83.47100876824501,41.71504892003306,dolomite
MAT-CARB-5796,0,83,-83.47126167486945,41.71452627908048,dolomite
MAT-CARB-5796,0,84,-83.47168384034367,41.71294282911955,dolomite
MAT-CARB-5796,0,85,-83.47207311824533,41.711985824776804,dolomite
MAT-CARB-5796,0,86,-83.47214422421084,41.711633985839036,dolomite
MAT-CARB-5796,0,87,-83.47214817070045,41.711068100951536,dolomite
MAT-CARB-5796,0,88,-83.47238743556416,41.71071580980464,dolomite
MAT-CARB-5796,0,89,-83.47251675961517,41.71032538194945,dolomite
MAT-CARB-5796,0,90,-83.4725072908114,41.70995178761411,dolomite
MAT-CARB-5796,0,91,-83.47240257172422,41.70955101741525,dolomite
MAT-CARB-5796,0,92,-83.47241511512478,41.70919386375673,dolomite
MAT-CARB-5796,0,93,-83.4726321972467,41.70880867786493,dolomite
MAT-CARB-5796,0,94,-83.47268237289381,41.70863822035274,dolomite
MAT-CARB-5796,0,95,-83.47272432922905,41.70830844429971,dolomite
MAT-CARB-5796,0,96,-83.47291533013146,41.70779460544272,dolomite
MAT-CARB-5796,0,97,-83.47291033068934,41.70760471116954,dolomite
MAT-CARB-5796,0,98,-83.4730262055322,41.707412113165795,dolomite
MAT-CARB-5796,0,99,-83.47325948291974,41.707296092846974,dolomite
MAT-CARB-5796,0,100,-83.47348574385595,41.70722406109327,dolomite
MAT-CARB-5796,0,101,-83.47394658225393,41.707261252857116,dolomite
MAT-CARB-5796,0,102,-83.47416561989907,41.70721118953183,dolomite
MAT-CARB-5796,0,103,-83.47428877877921,41.70702407085869,dolomite
MAT-CARB-5796,0,104,-83.4744925407957,41.70685867771324,dolomite
MAT-CARB-5796,0,105,-83.47473164512697,41.70648441547599,dolomite
MAT-CARB-5796,0,106,-83.47469297504496,41.706121915851554,dolomite
MAT-CARB-5796,0,107,-83.47462610458801,41.70594077626427,dolomite
MAT-CARB-5796,0,108,-83.47450826470195,41.705798249753144,dolomite
MAT-CARB-5796,0,109,-83.47439086268318,41.705721673038155,dolomite
MAT-CARB-5796,0,110,-83.4740613580583,41.705640147125614,dolomite
MAT-CARB-5796,0,111,-83.4706470706033,41.70440229810905,dolomite
MAT-CARB-5796,0,112,-83.46646391911247,41.70293563927248,dolomite
MAT-CARB-5796,0,113,-83.46489667815266,41.702472786215516,dolomite
MAT-CARB-5796,0,114,-83.4647504937494,41.702473188962124,dolomite
MAT-CARB-5796,0,115,-83.46437910695451,41.70273240751465,dolomite
MAT-CARB-5796,0,116,-83.46421088298756,41.70272185205658,dolomite
MAT-CARB-5796,0,117,-83.46404187354928,41.702573965663134,dolomite
MAT-CARB-5796,0,118,-83.46388789672673,41.702497451884945,dolomite
MAT-CARB-5796,0,119,-83.4634853051121,41.70241061308249,dolomite
MAT-CARB-5796,0,120,-83.46329455615162,41.702295752844115,dolomite
MAT-CARB-5796,0,121,-83.46316284223866,41.702274126577514,dolomite
MAT-CARB-5796,0,122,-83.46297231199021,41.70219771185943,dolomite
MAT-CARB-5796,0,123,-83.46258284082334,41.701847115350816,dolomite
MAT-CARB-5796,0,124,-83.462436268651,41.7017815647981,dolomite
MAT-CARB-5796,0,125,-83.46207089497058,41.701815471442686,dolomite
MAT-CARB-5796,0,126,-83.46172072172904,41.70194825458929,dolomite
MAT-CARB-5796,0,127,-83.46169815190518,41.7018329542546,dolomite
MAT-CARB-5796,0,128,-83.46182193555067,41.70174470448372,dolomite
MAT-CARB-5796,0,129,-83.46221576348785,41.70157337139189,dolomite
MAT-CARB-5796,0,130,-83.4623838178851,41.70156193729616,dolomite
MAT-CARB-5796,0,131,-83.46242733903023,41.70149591027732,dolomite
MAT-CARB-5796,0,132,-83.46283537893466,41.70126404749532,dolomite
MAT-CARB-5796,0,133,-83.46325150900498,41.70115856859246,dolomite
MAT-CARB-5796,0,134,-83.463682892627,41.70116841939808,dolomite
MAT-CARB-5796,0,135,-83.46381494776494,41.70124497174972,dolomite
MAT-CARB-5796,0,136,-83.4644393978159,41.701776242325344,dolomite
MAT-CARB-5796,0,137,-83.46457995133274,41.70205607132132,dolomite
MAT-CARB-5796,0,138,-83.46471933818692,41.702143615631336,dolomite
MAT-CARB-5796,0,139,-83.46603734706885,41.70249723977755,dolomite
MAT-CARB-5796,0,140,-83.47364922405572,41.70517977443842,dolomite
MAT-CARB-5796,0,141,-83.47415495485119,41.70539266138273,dolomite
MAT-CARB-5796,0,142,-83.47422048300767,41.705348528239206,dolomite
MAT-CARB-5796,0,143,-83.4742184156665,41.70499143625613,dolomite
MAT-CARB-5796,0,144,-83.47397336230004,41.70435477884001,dolomite
MAT-CARB-5796,0,145,-83.4739445954252,41.70415366794405,dolomite
MAT-CARB-5796,0,146,-83.47411037774613,41.70402475357328,dolomite
MAT-CARB-5796,0,147,-83.47434391479676,41.703958200628726,dolomite
MAT-CARB-5796,0,148,-83.47505971895735,41.70383536650175,dolomite
MAT-CARB-5796,0,149,-83.47532984654742,41.70376868004786,dolomite
MAT-CARB-5796,0,150,-83.47580481238553,41.703728909546065,dolomite
MAT-CARB-5796,0,151,-83.4760016443927,41.70362946813175,dolomite
MAT-CARB-5796,0,152,-83.4760298401366,41.703448079849224,dolomite
MAT-CARB-5796,0,153,-83.47620730287476,41.703347944836786,dolomite
MAT-CARB-5796,0,154,-83.47693601446935,41.703379691058544,dolomite
MAT-CARB-5796,0,155,-83.47740383526197,41.703367395688794,dolomite
MAT-CARB-5796,0,156,-83.47757810314633,41.703256507094245,dolomite
MAT-CARB-5796,0,157,-83.47765069456256,41.703081010693396,dolomite
MAT-CARB-5796,0,158,-83.47783653824315,41.7023607584388,dolomite
MAT-CARB-5796,0,159,-83.47791298903527,41.70169026217353,dolomite
MAT-CARB-5796,0,160,-83.47792418574156,41.70110783125164,dolomite
MAT-CARB-5796,0,161,-83.4780691885481,41.700547377133766,dolomite
MAT-CARB-5796,0,162,-83.47806616198068,41.70039873826863,dolomite
MAT-CARB-5796,0,163,-83.47802856078664,41.70021752655098,dolomite
MAT-CARB-5796,0,164,-83.47770241495392,41.699460237358345,dolomite
MAT-CARB-5796,0,165,-83.47745182770578,41.69912027033864,dolomite
MAT-CARB-5796,0,166,-83.47737013177492,41.698900748609056,dolomite
MAT-CARB-5796,0,167,-83.4773690008455,41.69870843567937,dolomite
MAT-CARB-5796,0,168,-83.47729034426195,41.69852955845821,dolomite
MAT-CARB-5796,0,169,-83.4770891406054,41.69836308333271,dolomite
MAT-CARB-5796,0,170,-83.47656871980419,41.69812827816594,dolomite
MAT-CARB-5796,0,171,-83.47613685988898,41.69803604191658,dolomite
MAT-CARB-5796,0,172,-83.47566032749698,41.697812093486334,dolomite
MAT-CARB-5796,0,173,-83.47541150263794,41.697763347057865,dolomite
MAT-CARB-5796,0,174,-83.47492145654918,41.697726232913325,dolomite
MAT-CARB-5796,0,175,-83.47467954921174,41.69761150248108,dolomite
MAT-CARB-5796,0,176,-83.47445996649799,41.69756816679084,dolomite
MAT-CARB-5796,0,177,-83.47372904136608,41.69758666400869,dolomite
MAT-CARB-5796,0,178,-83.47348027246217,41.6975543673525,dolomite
MAT-CARB-5796,0,179,-83.47323135907148,41.69748910809373,dolomite
MAT-CARB-5796,0,180,-83.47297526742351,41.697451357392126,dolomite
MAT-CARB-5796,0,181,-83.46101399749438,41.697598590394804,dolomite
MAT-CARB-5796,0,182,-83.46388926511395,41.69624047261868,dolomite
MAT-CARB-5796,0,183,-83.4647354163254,41.695548135059504,dolomite
MAT-CARB-5796,0,184,-83.45930813222037,41.696201403575984,dolomite
MAT-CARB-5796,0,185,-83.45562890258712,41.69770617256137,dolomite
MAT-CARB-5796,0,186,-83.452433960941,41.69897806646259,dolomite
MAT-CARB-5796,0,187,-83.45112906820081,41.69965169604218,dolomite
MAT-CARB-5796,0,188,-83.44801753039069,41.70065205845097,dolomite
MAT-CARB-5796,0,189,-83.4474947122265,41.70082013627317,dolomite
MAT-CARB-5796,0,190,-83.44510407054273,41.7008206213194,dolomite
MAT-CARB-5796,0,191,-83.44443902000454,41.70086623112654,dolomite
MAT-CARB-5796,0,192,-83.44365454357538,41.70045614395247,dolomite
MAT-CARB-5796,0,193,-83.44264673318693,41.7006564364669,dolomite
MAT-CARB-5796,0,194,-83.44032450787343,41.70114015141365,dolomite
MAT-CARB-5796,0,195,-83.43957972001978,41.70131779733936,dolomite
MAT-CARB-5796,0,196,-83.43925258564872,41.70143928359407,dolomite
MAT-CARB-5796,0,197,-83.43892324392831,41.701599562919384,dolomite
MAT-CARB-5796,0,198,-83.43877035850335,41.70172081415585,dolomite
MAT-CARB-5796,0,199,-83.43860324119954,41.70191353188505,dolomite
MAT-CARB-5796,0,200,-83.43819976532966,41.70195026808342,dolomite
MAT-CARB-5796,0,201,-83.43782996988152,41.702223103476236,dolomite
MAT-CARB-5796,0,202,-83.43750931183857,41.7024216765709,dolomite
MAT-CARB-5796,0,203,-83.437319660325,41.7024990601817,dolomite
MAT-CARB-5796,0,204,-83.43705677886952,41.70256012019881,dolomite
MAT-CARB-5796,0,205,-83.43664006954477,41.702561139031666,dolomite
MAT-CARB-5796,0,206,-83.4363992691286,41.70265509860717,dolomite
MAT-CARB-5796,0,207,-83.43620181027137,41.702639109479904,dolomite
MAT-CARB-5796,0,208,-83.43597532217466,41.70267259801951,dolomite
MAT-CARB-5796,0,209,-83.43563964869972,41.70278879298274,dolomite
MAT-CARB-5796,0,210,-83.43551534542279,41.70278910002829,dolomite
MAT-CARB-5796,0,211,-83.43530369582895,41.70286102941359,dolomite
MAT-CARB-5796,0,212,-83.43515731105,41.7028284348506,dolomite
MAT-CARB-5796,0,213,-83.43498148694825,41.70275742895889,dolomite
MAT-CARB-5796,0,214,-83.43499539985777,41.702625551434345,dolomite
MAT-CARB-5796,0,215,-83.43516313551767,41.70254820449947,dolomite
MAT-CARB-5796,0,216,-83.43554348939024,41.70258027149094,dolomite
MAT-CARB-5796,0,217,-83.43567466635317,41.70249753104617,dolomite
MAT-CARB-5796,0,218,-83.43576904882251,41.7023764366028,dolomite
MAT-CARB-5796,0,219,-83.43578983097315,41.70215661345319,dolomite
MAT-CARB-5796,0,220,-83.43592084633683,41.70204639566485,dolomite
MAT-CARB-5796,0,221,-83.43606939195537,41.70201044133659,dolomite
MAT-CARB-5796,0,222,-83.43629363727295,41.702034531825355,dolomite
MAT-CARB-5796,0,223,-83.43649096792926,41.70201758623465,dolomite
MAT-CARB-5796,0,224,-83.43662198499057,41.70191287975953,dolomite
MAT-CARB-5796,0,225,-83.43698664056573,41.701741664477076,dolomite
MAT-CARB-5796,0,226,-83.43721284241096,41.70165870429062,dolomite
MAT-CARB-5796,0,227,-83.437709287346,41.7015366190551,dolomite
MAT-CARB-5796,0,228,-83.43782561954069,41.70141546171983,dolomite
MAT-CARB-5796,0,229,-83.43797870670699,41.701327173095706,dolomite
MAT-CARB-5796,0,230,-83.43802485053844,41.701258584263385,dolomite
MAT-CARB-5796,0,231,-83.43375124165436,41.70126068219123,dolomite
MAT-CARB-5796,0,232,-83.43367347356364,41.69645972907297,dolomite
MAT-CARB-5796,0,233,-83.43399704988191,41.696304169972564,dolomite
MAT-CARB-5796,0,234,-83.43444797793548,41.695874538172745,dolomite
MAT-CARB-5796,0,235,-83.43480411646934,41.695478082145605,dolomite
MAT-CARB-5796,0,236,-83.43548101071625,41.69492155853766,dolomite
MAT-CARB-5796,0,237,-83.43595370677762,41.694453413162684,dolomite
MAT-CARB-5796,0,238,-83.43590866112855,41.69397947134878,dolomite
MAT-CARB-5796,0,239,-83.43573610776055,41.693741183957094,dolomite
MAT-CARB-5796,0,240,-83.43518021845391,41.69342864763586,dolomite
MAT-CARB-5796,0,241,-83.43460137720714,41.69308313156381,dolomite
MAT-CARB-5796,0,242,-83.43432260173014,41.69289151840522,dolomite
MAT-CARB-5796,0,243,-83.43412424755249,41.69270517710106,dolomite
MAT-CARB-5796,0,244,-83.43342042588976,41.69231128908646,dolomite
MAT-CARB-5796,0,245,-83.43320020019651,41.69213051812766,dolomite
MAT-CARB-5796,0,246,-83.4327881056627,41.69160956087338,dolomite
MAT-CARB-5796,0,247,-83.43266350223709,41.69154942565218,dolomite
MAT-CARB-5796,0,248,-83.43253189737167,41.691538761988916,dolomite
MAT-CARB-5796,0,249,-83.43241521288193,41.69159396409358,dolomite
MAT-CARB-5796,0,250,-83.43220331369962,41.691610933858826,dolomite
MAT-CARB-5796,0,251,-83.43207842722973,41.691490358416885,dolomite
MAT-CARB-5796,0,252,-83.43203299727057,41.69118830885019,dolomite
MAT-CARB-5796,0,253,-83.43195921986396,41.69106212730631,dolomite
MAT-CARB-5796,0,254,-83.4317466409119,41.690947220974046,dolomite
MAT-CARB-5796,0,255,-83.43160744189022,41.69088711526063,dolomite
MAT-CARB-5796,0,256,-83.43128437892737,41.69061318226728,dolomite
MAT-CARB-5796,0,257,-83.43109375673755,41.690503754296024,dolomite
MAT-CARB-5796,0,258,-83.43094751991393,41.690493119731244,dolomite
MAT-CARB-5796,0,259,-83.43067040317875,41.69062014853547,dolomite
MAT-CARB-5796,0,260,-83.43059778473675,41.69071373074739,dolomite
MAT-CARB-5796,0,261,-83.43055459745379,41.69084569813363,dolomite
MAT-CARB-5796,0,262,-83.43056287078686,41.69102698714011,dolomite
MAT-CARB-5796,0,263,-83.4305046864559,41.691082064585615,dolomite
MAT-CARB-5796,0,264,-83.43002867238546,41.69091837368824,dolomite
MAT-CARB-5796,0,265,-83.42988235436583,41.690891229390054,dolomite
MAT-CARB-5796,0,266,-83.42934143532199,41.69089252410073,dolomite
MAT-CARB-5796,0,267,-83.42899093702049,41.69096477403789,dolomite
MAT-CARB-5796,0,268,-83.42885197783056,41.690948623490584,dolomite
MAT-CARB-5796,0,269,-83.42864605149602,41.690712859042044,dolomite
MAT-CARB-5796,0,270,-83.42835998533111,41.69052123324404,dolomite
MAT-CARB-5796,0,271,-83.42806727560406,41.690455998931824,dolomite
MAT-CARB-5796,0,272,-83.42763640177658,41.69053391011663,dolomite
MAT-CARB-5796,0,273,-83.4274761652322,41.690649665270776,dolomite
MAT-CARB-5796,0,274,-83.42733653470317,41.69050166501219,dolomite
MAT-CARB-5796,0,275,-83.42692021695224,41.690568574362615,dolomite
MAT-CARB-5796,0,276,-83.42667161210436,41.69055266160852,dolomite
MAT-CARB-5796,0,277,-83.42651042645085,41.69048161255885,dolomite
MAT-CARB-5796,0,278,-83.42580619949062,41.68999427778119,dolomite
MAT-CARB-5796,0,279,-83.42511748349611,41.689682742759075,dolomite
MAT-CARB-5796,0,280,-83.4245318853288,41.68952475306098,dolomite
MAT-CARB-5796,0,281,-83.42424862979102,41.68962077061421,dolomite
MAT-CARB-5796,0,282,-83.42397478018013,41.689615247620665,dolomite
MAT-CARB-5796,0,283,-83.42363908882422,41.689528475533116,dolomite
MAT-CARB-5796,0,284,-83.42348661513488,41.68952169164391,dolomite
MAT-CARB-5796,0,285,-83.42311404813243,41.68956650550709,dolomite
MAT-CARB-5796,0,286,-83.42263144553182,41.68953466163805,dolomite
MAT-CARB-5796,0,287,-83.4222643267263,41.689461152692544,dolomite
MAT-CARB-5796,0,288,-83.42160844050808,41.68944176529795,dolomite
MAT-CARB-5796,0,289,-83.42049995266274,41.689331194488084,dolomite
MAT-CARB-5796,0,290,-83.41996956871932,41.689304504226584,dolomite
MAT-CARB-5796,0,291,-83.41947248925561,41.68930015455976,dolomite
MAT-CARB-5796,0,292,-83.41910053790633,41.68946583497723,dolomite
MAT-CARB-5796,0,293,-83.4187206893385,41.68951614810736,dolomite
MAT-CARB-5796,0,294,-83.41850170583105,41.68957159587552,dolomite
MAT-CARB-5796,0,295,-83.41832635822009,41.689588481970155,dolomite
MAT-CARB-5796,0,296,-83.41821655866133,41.689555779782,dolomite
MAT-CARB-5796,0,297,-83.41805573090198,41.68955612801358,dolomite
MAT-CARB-5796,0,298,-83.41790976786423,41.6896004326368,dolomite
MAT-CARB-5796,0,299,-83.41774951532469,41.68971066279928,dolomite
MAT-CARB-5796,0,300,-83.41701754762484,41.68950902370227,dolomite
MAT-CARB-5796,0,301,-83.41656448568247,41.6895375096005,dolomite
MAT-CARB-5796,0,302,-83.41648353550246,41.68942782741957,dolomite
MAT-CARB-5796,0,303,-83.41641756411963,41.68938949736813,dolomite
MAT-CARB-5796,0,304,-83.41618356386567,41.68937356159493,dolomite
MAT-CARB-5796,0,305,-83.41570846749343,41.68932827759478,dolomite
MAT-CARB-5796,0,306,-83.4150352066861,41.689222300221815,dolomite
MAT-CARB-5796,0,307,-83.414596171131,41.68912989825163,dolomite
MAT-CARB-5796,0,308,-83.41397367357973,41.68888956477924,dolomite
MAT-CARB-5796,0,309,-83.41359336942783,41.688851944853546,dolomite
MAT-CARB-5796,0,310,-83.41307437925957,41.688847597865866,dolomite
MAT-CARB-5796,0,311,-83.4129206424124,41.68879849543232,dolomite
MAT-CARB-5796,0,312,-83.41243854248242,41.688870981553634,dolomite
MAT-CARB-5796,0,313,-83.41219820999915,41.68904735350294,dolomite
MAT-CARB-5796,0,314,-83.41186199715513,41.689053573785856,dolomite
MAT-CARB-5796,0,315,-83.41140859646327,41.68901063160058,dolomite
MAT-CARB-5796,0,316,-83.41124067848992,41.68904947239354,dolomite
MAT-CARB-5796,0,317,-83.41077996207586,41.68901204049847,dolomite
MAT-CARB-5796,0,318,-83.4106189469495,41.68896844748668,dolomite
MAT-CARB-5796,0,319,-83.41035579263422,41.68896352572434,dolomite
MAT-CARB-5796,0,320,-83.40992528407423,41.689123778978015,dolomite
MAT-CARB-5796,0,321,-83.40985995479852,41.68921183623498,dolomite
MAT-CARB-5796,0,322,-83.40963417377829,41.68937717842561,dolomite
MAT-CARB-5796,0,323,-83.40954708095157,41.689509222849026,dolomite
MAT-CARB-5796,0,324,-83.40937184346693,41.68954806142047,dolomite
MAT-CARB-5796,0,325,-83.40914575960414,41.689647451007026,dolomite
MAT-CARB-5796,0,326,-83.40903660107524,41.68974658861571,dolomite
MAT-CARB-5796,0,327,-83.40895223953599,41.69043355692924,dolomite
MAT-CARB-5796,0,328,-83.40896112943412,41.690757692118304,dolomite
MAT-CARB-5796,0,329,-83.40892589035731,41.69102149911436,dolomite
MAT-CARB-5796,0,330,-83.40884802442358,41.691099832582125,dolomite
MAT-CARB-5796,0,331,-83.40844380726655,41.69109399625076,dolomite
MAT-CARB-5796,0,332,-83.40815152568904,41.691122087924924,dolomite
MAT-CARB-5796,0,333,-83.40752212516365,41.69096412676621,dolomite
MAT-CARB-5796,0,334,-83.40731025902426,41.69098656462282,dolomite
MAT-CARB-5796,0,335,-83.40704026456446,41.691086061396554,dolomite
MAT-CARB-5796,0,336,-83.40670400423205,41.691086782826176,dolomite
MAT-CARB-5796,0,337,-83.40649904624367,41.69102681412066,dolomite
MAT-CARB-5796,0,338,-83.4064182589815,41.69095005997702,dolomite
MAT-CARB-5796,0,339,-83.40594939805061,41.69073131844376,dolomite
MAT-CARB-5796,0,340,-83.4058679069951,41.69050623479359,dolomite
MAT-CARB-5796,0,341,-83.40577987835678,41.690445988830234,dolomite
MAT-CARB-5796,0,342,-83.4051577698114,41.690282503180235,dolomite
MAT-CARB-5796,0,343,-83.40496774591318,41.690288428331726,dolomite
MAT-CARB-5796,0,344,-83.40482927452204,41.69037662080401,dolomite
MAT-CARB-5796,0,345,-83.40469168945522,41.690646104053016,dolomite
MAT-CARB-5796,0,346,-83.40431895587336,41.69064692820918,dolomite
MAT-CARB-5796,0,347,-83.4042982966274,41.69091619128611,dolomite
MAT-CARB-5796,0,348,-83.40412294199162,41.690933056686454,dolomite
MAT-CARB-5796,0,349,-83.40385235274665,41.690906155309406,dolomite
MAT-CARB-5796,0,350,-83.40365504627003,41.69091756288994,dolomite
MAT-CARB-5796,0,351,-83.40347222716065,41.690901492726574,dolomite
MAT-CARB-5796,0,352,-83.4031939899796,41.69080318128754,dolomite
MAT-CARB-5796,0,353,-83.40301859877258,41.69081456063318,dolomite
MAT-CARB-5796,0,354,-83.40270487886708,41.69093609492659,dolomite
MAT-CARB-5796,0,355,-83.40187928599742,41.691025783552604,dolomite
MAT-CARB-5796,0,356,-83.40177735863686,41.69111391821019,dolomite
MAT-CARB-5796,0,357,-83.40169793135124,41.69131185300115,dolomite
MAT-CARB-5796,0,358,-83.40146378121227,41.69126289917013,dolomite
MAT-CARB-5796,0,359,-83.4011488865592,41.69114818380779,dolomite
MAT-CARB-5796,0,360,-83.40094371417423,41.69103876253574,dolomite
MAT-CARB-5796,0,361,-83.40086995811524,41.69090705007307,dolomite
MAT-CARB-5796,0,362,-83.40081054441791,41.6907038740673,dolomite
MAT-CARB-5796,0,363,-83.40072270277203,41.69068209838156,dolomite
MAT-CARB-5796,0,364,-83.40056937206671,41.690715385219406,dolomite
MAT-CARB-5796,0,365,-83.40034276082727,41.69071587246361,dolomite
MAT-CARB-5796,0,366,-83.39984479820116,41.69053012342801,dolomite
MAT-CARB-5796,0,367,-83.39972823975224,41.690434270951094,dolomite
MAT-CARB-5796,0,368,-83.39891415376762,41.6900431173697,dolomite
MAT-CARB-5796,0,369,-83.3984532563197,41.689961679649485,dolomite
MAT-CARB-5796,0,370,-83.39796349067716,41.68995724150579,dolomite
MAT-CARB-5796,0,371,-83.39776392333391,41.690002167977724,dolomite
MAT-CARB-5796,0,372,-83.39754754499796,41.69010094223824,dolomite
MAT-CARB-5796,0,373,-83.39738026603547,41.690282581013086,dolomite
MAT-CARB-5796,0,374,-83.3971698790426,41.690623679758346,dolomite
MAT-CARB-5796,0,375,-83.39696590507137,41.69076695128843,dolomite
MAT-CARB-5796,0,376,-83.39649866067816,41.690894301802146,dolomite
MAT-CARB-5796,0,377,-83.39557804788227,41.69097316380339,dolomite
MAT-CARB-5796,0,378,-83.39507403504759,41.69105111796648,dolomite
MAT-CARB-5796,0,379,-83.39482593681221,41.69115050680096,dolomite
MAT-CARB-5796,0,380,-83.39455721319419,41.6915191832541,dolomite
MAT-CARB-5796,0,381,-83.39411237588509,41.6917453844669,dolomite
MAT-CARB-5796,0,382,-83.39365896843145,41.69170237558042,dolomite
MAT-CARB-5796,0,383,-83.39315469872098,41.69172539411427,dolomite
MAT-CARB-5796,0,384,-83.39295728118013,41.69171481868345,dolomite
MAT-CARB-5796,0,385,-83.39252564767548,41.69163879070681,dolomite
MAT-CARB-5796,0,386,-83.39218156925205,41.691535100568075,dolomite
MAT-CARB-5796,0,387,-83.3920643199897,41.6914694118698,dolomite
MAT-CARB-5796,0,388,-83.39199786385814,41.69132121337517,dolomite
MAT-CARB-5796,0,389,-83.39173420341469,41.69121733781398,dolomite
MAT-CARB-5796,0,390,-83.39117779772052,41.69102619941436,dolomite
MAT-CARB-5796,0,391,-83.39078254263079,41.690911612755166,dolomite
MAT-CARB-5796,0,392,-83.39066554238372,41.69090636240052,dolomite
MAT-CARB-5796,0,393,-83.3905925862339,41.690933996275945,dolomite
MAT-CARB-5796,0,394,-83.39051280720284,41.69107151195474,dolomite
MAT-CARB-5796,0,395,-83.39011037782927,41.69098442713226,dolomite
MAT-CARB-5796,0,396,-83.39001494037149,41.69089671867235,dolomite
MAT-CARB-5796,0,397,-83.38983212313576,41.69088608511114,dolomite
MAT-CARB-5796,0,398,-83.3898058098799,41.69086604087616,dolomite
MAT-CARB-5796,0,399,-83.38972078410983,41.69051271274571,dolomite
MAT-CARB-5796,0,400,-83.38961007886434,41.690287669682704,dolomite
MAT-CARB-5796,0,401,-83.3895293127255,41.690205419438215,dolomite
MAT-CARB-5796,0,402,-83.3884522019654,41.68964172339858,dolomite
MAT-CARB-5796,0,403,-83.38796159707428,41.68945592594811,dolomite
MAT-CARB-5796,0,404,-83.38736834513902,41.689184388609064,dolomite
MAT-CARB-5796,0,405,-83.3883165819313,41.68825665167749,dolomite
MAT-CARB-5796,0,406,-83.3902752949903,41.686758269946274,dolomite
MAT-CARB-5796,0,407,-83.39223929237689,41.68566453376109,dolomite
MAT-CARB-5796,0,408,-83.39473553503576,41.68402719453003,dolomite
MAT-CARB-5796,0,409,-83.397044686751,41.681851602933634,dolomite
MAT-CARB-5796,0,410,-83.39845820620268,41.67995241472067,dolomite
MAT-CARB-5796,0,411,-83.399504860103,41.67751635352511,dolomite
MAT-CARB-5796,0,412,-83.40089308932353,41.67372870846778,dolomite
MAT-CARB-5796,0,413,-83.4017543424748,41.670889302466854,dolomite
MAT-CARB-5796,0,414,-83.40151707434873,41.66657413427246,dolomite
MAT-CARB-5796,0,415,-83.40056974126689,41.66293881751427,dolomite
MAT-CARB-5796,0,416,-83.39926295594725,41.659306167603354,dolomite
MAT-CARB-5796,0,417,-83.39938896497075,41.65525806824696,dolomite
MAT-CARB-5796,0,418,-83.4002075020484,41.653077462817,dolomite
MAT-CARB-5796,0,419,-83.40196723077449,41.65023128035065,dolomite
MAT-CARB-5796,0,420,-83.4035470842594,41.64738638675342,dolomite
MAT-CARB-5796,0,421,-83.40584387887239,41.64440119662449,dolomite
MAT-CARB-5796,0,422,-83.40707846291821,41.642638113447696,dolomite
MAT-CARB-5796,0,423,-83.40742704818535,41.64182604317937,dolomite
MAT-CARB-5796,0,424,-83.40848364583597,41.64019918548075,dolomite
MAT-CARB-5796,0,425,-83.40844203465444,41.63709662007794,dolomite
MAT-CARB-5796,0,426,-83.40805909064757,41.635345711823746,dolomite
MAT-CARB-5796,0,427,-83.40786674043407,41.634402811161266,dolomite
MAT-CARB-5796,0,428,-83.40765993579579,41.63238073407278,dolomite
MAT-CARB-5796,0,429,-83.40818818278628,41.631567298827875,dolomite
MAT-CARB-5796,0,430,-83.40889787342877,41.630887421850574,dolomite
MAT-CARB-5796,0,431,-83.41032993630537,41.63047185899301,dolomite
MAT-CARB-5796,0,432,-83.41248615597851,41.63045553016386,dolomite
MAT-CARB-5796,0,433,-83.41392910708386,41.63084932085048,dolomite
MAT-CARB-5796,0,434,-83.41519239067549,41.6312444331761,dolomite
MAT-CARB-5796,0,435,-83.41700204790568,41.63217501374345,dolomite
MAT-CARB-5796,0,436,-83.41772262064255,41.63230442533996,dolomite
MAT-CARB-5796,0,437,-83.41880077715408,41.632296199406085,dolomite
MAT-CARB-5796,0,438,-83.42058851426418,41.631608018333324,dolomite
MAT-CARB-5796,0,439,-83.42255038633388,41.630513707943784,dolomite
MAT-CARB-5796,0,440,-83.42433067603683,41.62928588187395,dolomite
MAT-CARB-5796,0,441,-83.42682960177251,41.62805246793123,dolomite
MAT-CARB-5796,0,442,-83.42897282890866,41.627091583203935,dolomite
MAT-CARB-5796,0,443,-83.43075661861768,41.62613343953688,dolomite
MAT-CARB-5796,0,444,-83.43324787870647,41.624360326232086,dolomite
MAT-CARB-5796,0,445,-83.43557424954719,41.6236677092314,dolomite
MAT-CARB-5796,0,446,-83.44039156637056,41.62120178052826,dolomite
MAT-CARB-5796,0,447,-83.44485111367362,41.618873394140245,dolomite
MAT-CARB-5796,0,448,-83.44752704266426,41.617503237275855,dolomite
MAT-CARB-5796,0,449,-83.45128454653529,41.61639431238001,dolomite
MAT-CARB-5796,0,450,-83.4528899948155,41.61557214336856,dolomite
MAT-CARB-5796,0,451,-83.45539553936149,41.61487771486283,dolomite
MAT-CARB-5796,0,452,-83.4577137321915,41.61364509803053,dolomite
MAT-CARB-5796,0,453,-83.46002610712733,41.61200773278971,dolomite
MAT-CARB-5796,0,454,-83.46145362950783,41.61132177138182,dolomite
MAT-CARB-5796,0,455,-83.46216452502604,41.61077643262882,dolomite
MAT-CARB-5796,0,456,-83.46306075127607,41.610634354915376,dolomite
MAT-CARB-5796,0,457,-83.46376203451099,41.60941454685589,dolomite
MAT-CARB-5796,0,458,-83.46446709551792,41.60846451782367,dolomite
MAT-CARB-5796,0,459,-83.4657052661107,41.607105455488266,dolomite
MAT-CARB-5796,0,460,-83.46748608457332,41.60601185865361,dolomite
MAT-CARB-5796,0,461,-83.46873568271258,41.605462144278796,dolomite
MAT-CARB-5796,0,462,-83.4703503176181,41.60531422385841,dolomite
MAT-CARB-5796,0,463,-83.4723280433375,41.60543316346638,dolomite
MAT-CARB-5796,0,464,-83.47430387325295,41.60541717803067,dolomite
MAT-CARB-5796,0,465,-83.47573496035743,41.605000855608026,dolomite
MAT-CARB-5796,0,466,-83.4771621761353,41.604314703698044,dolomite
MAT-CARB-5796,0,467,-83.47893689068665,41.60281622993767,dolomite
MAT-CARB-5796,0,468,-83.48018052090768,41.60186171724864,dolomite
MAT-CARB-5796,0,469,-83.48106686447144,41.601045013578954,dolomite
MAT-CARB-5796,0,470,-83.48195901323392,41.60063298116278,dolomite
MAT-CARB-5796,0,471,-83.48338020247161,41.599542074616835,dolomite
MAT-CARB-5796,0,472,-83.48408292724685,41.59845702970831,dolomite
MAT-CARB-5796,0,473,-83.4856777438673,41.59695991809288,dolomite
MAT-CARB-5796,0,474,-83.48690742268303,41.595061051300576,dolomite
MAT-CARB-5796,0,475,-83.48760021709309,41.593301487299726,dolomite
MAT-CARB-5796,0,476,-83.4881154012784,41.5916782853743,dolomite
MAT-CARB-5796,0,477,-83.48935078579203,41.59018406669715,dolomite
MAT-CARB-5796,0,478,-83.49005926500712,41.589503659435906,dolomite
MAT-CARB-5796,0,479,-83.49113472281913,41.58935989169418,dolomite
MAT-CARB-5796,0,480,-83.49185896616363,41.589758678852526,dolomite
MAT-CARB-5796,0,481,-83.49259108242303,41.59069703649,dolomite
MAT-CARB-5796,0,482,-83.49350283276301,41.591633905427194,dolomite
MAT-CARB-5796,0,483,-83.49423301346239,41.59243735815135,dolomite
MAT-CARB-5796,0,484,-83.49478165028353,41.59310739794221,dolomite
MAT-CARB-5796,0,485,-83.4958651190928,41.59350316128021,dolomite
MAT-CARB-5796,0,486,-83.49694264855586,41.59349423506618,dolomite
MAT-CARB-5796,0,487,-83.49819376385517,41.593079129563264,dolomite
MAT-CARB-5796,0,488,-83.50068805511704,41.591709250198896,dolomite
MAT-CARB-5796,0,489,-83.5024659097211,41.5904802276998,dolomite
MAT-CARB-5796,0,490,-83.50459684361785,41.58884347006001,dolomite
MAT-CARB-5796,0,491,-83.50689922500563,41.58666556641077,dolomite
MAT-CARB-5796,0,492,-83.50902996848815,41.585028724590025,dolomite
MAT-CARB-5796,0,493,-83.50937301916318,41.583946531003015,dolomite
MAT-CARB-5796,0,494,-83.510434273594,41.5828583031333,dolomite
MAT-CARB-5796,0,495,-83.5116851461139,41.5824430258031,dolomite
MAT-CARB-5796,0,496,-83.51240943642887,41.58284169156393,dolomite
MAT-CARB-5796,0,497,-83.51367841349715,41.58364049637435,dolomite
MAT-CARB-5796,0,498,-83.51476789924244,41.584440802156855,dolomite
MAT-CARB-5796,0,499,-83.51532071490972,41.58538054062333,dolomite
MAT-CARB-5796,0,500,-83.5162306856742,41.58618234773559,dolomite
MAT-CARB-5796,0,501,-83.51713052119295,41.58630965181795,dolomite
MAT-CARB-5796,0,502,-83.51856908548922,41.58643238779319,dolomite
MAT-CARB-5796,0,503,-83.52013215162468,41.58545293161468,dolomite
MAT-CARB-5796,0,504,-83.5217075323511,41.58274125243312,dolomite
MAT-CARB-5796,0,505,-83.52202803571629,41.58017512842355,dolomite
MAT-CARB-5796,0,506,-83.52289116703777,41.577874207080846,dolomite
MAT-CARB-5796,0,507,-83.52376649768118,41.576382671016525,dolomite
MAT-CARB-5796,0,508,-83.52446018327261,41.574757789190784,dolomite
MAT-CARB-5796,0,509,-83.52569449501028,41.57326317547253,dolomite
MAT-CARB-5796,0,510,-83.52674714924393,41.57163518536591,dolomite
MAT-CARB-5796,0,511,-83.52742031082438,41.56866124210547,dolomite
MAT-CARB-5796,0,512,-83.52773436164613,41.56569038477096,dolomite
MAT-CARB-5796,0,513,-83.52805656485377,41.563259104038,dolomite
MAT-CARB-5796,0,514,-83.52892954657499,41.56163261551726,dolomite
MAT-CARB-5796,0,515,-83.52998399136068,41.56013947756542,dolomite
MAT-CARB-5796,0,516,-83.52977582101181,41.55825240761105,dolomite
MAT-CARB-5796,0,517,-83.52867433869139,41.556642810907825,dolomite
MAT-CARB-5796,0,518,-83.52758104774665,41.55557281810086,dolomite
MAT-CARB-5796,0,519,-83.5268488265879,41.554634645510006,dolomite
MAT-CARB-5796,0,520,-83.52665505398292,41.55369187032002,dolomite
MAT-CARB-5796,0,521,-83.52646329176237,41.552883991791646,dolomite
MAT-CARB-5796,0,522,-83.52716692282691,41.55193352203242,dolomite
MAT-CARB-5796,0,523,-83.52859454758165,41.551381654040895,dolomite
MAT-CARB-5796,0,524,-83.53038108554921,41.55082666508189,dolomite
MAT-CARB-5796,0,525,-83.53162095024595,41.549736681150186,dolomite
MAT-CARB-5796,0,526,-83.53267518737582,41.548243504287434,dolomite
MAT-CARB-5796,0,527,-83.53319918816922,41.54729456497139,dolomite
MAT-CARB-5796,0,528,-83.53390677952382,41.546613874746555,dolomite
MAT-CARB-5796,0,529,-83.53533011919657,41.54579210072853,dolomite
MAT-CARB-5796,0,530,-83.53676575885257,41.5457797255182,dolomite
MAT-CARB-5796,0,531,-83.53751978783225,41.54550807732284,dolomite
MAT-CARB-5796,0,532,-83.53858618542088,41.544824260108015,dolomite
MAT-CARB-5796,0,533,-83.53895335241019,41.54390179824884,dolomite
MAT-CARB-5796,0,534,-83.53887590354296,41.54292818624482,dolomite
MAT-CARB-5796,0,535,-83.5387309961232,41.54253420748948,dolomite
MAT-CARB-5796,0,536,-83.5385045810115,41.5421218706056,dolomite
MAT-CARB-5796,0,537,-83.53741553140583,41.54132175089688,dolomite
MAT-CARB-5796,0,538,-83.53681510356294,41.54094418016401,dolomite
MAT-CARB-5796,0,539,-83.53614909035484,41.540658066922084,dolomite
MAT-CARB-5796,0,540,-83.53540814118641,41.54056127010582,dolomite
MAT-CARB-5796,0,541,-83.53471146492424,41.54053553647704,dolomite
MAT-CARB-5796,0,542,-83.53202186320837,41.54069357904292,dolomite
MAT-CARB-5796,0,543,-83.53148555306461,41.54083309953604,dolomite
MAT-CARB-5796,0,544,-83.5304109501578,41.54097723398634,dolomite
MAT-CARB-5796,0,545,-83.5301066657111,41.54090971013911,dolomite
MAT-CARB-5796,0,546,-83.52991281041511,41.54083235270318,dolomite
MAT-CARB-5796,0,547,-83.5297351137275,41.540662672402284,dolomite
MAT-CARB-5796,0,548,-83.5296849538987,41.54044379119658,dolomite
MAT-CARB-5796,0,549,-83.52962203257242,41.540136921833415,dolomite
MAT-CARB-5796,0,550,-83.52970440293451,41.53979383739718,dolomite
MAT-CARB-5796,0,551,-83.53055555377657,41.538682360635335,dolomite
MAT-CARB-5796,0,552,-83.53232121373907,41.536778318630425,dolomite
MAT-CARB-5796,0,553,-83.53337728883207,41.53542001864438,dolomite
MAT-CARB-5796,0,554,-83.53566663725168,41.532566968173136,dolomite
MAT-CARB-5796,0,555,-83.53672257982524,41.53120863399951,dolomite
MAT-CARB-5796,0,556,-83.53760315719798,41.53012166573198,dolomite
MAT-CARB-5796,0,557,-83.5393683962135,41.52821747912132,dolomite
MAT-CARB-5796,0,558,-83.54359753451956,41.5231887117337,dolomite
MAT-CARB-5796,0,559,-83.54447582088872,41.52196675779976,dolomite
MAT-CARB-5796,0,560,-83.54568586492265,41.51898793575508,dolomite
MAT-CARB-5796,0,561,-83.54673511652648,41.51722476785477,dolomite
MAT-CARB-5796,0,562,-83.54760497601507,41.51546317964018,dolomite
MAT-CARB-5796,0,563,-83.54781970769429,41.51466953613031,dolomite
MAT-CARB-5796,0,564,-83.54780669696336,41.51382683430111,dolomite
MAT-CARB-5796,0,565,-83.5475695754396,41.51316980101128,dolomite
MAT-CARB-5796,0,566,-83.546829175483,41.511692083070315,dolomite
MAT-CARB-5796,0,567,-83.54659572179378,41.50818608672577,dolomite
MAT-CARB-5796,0,568,-83.54741627874529,41.50627995599103,dolomite
MAT-CARB-5796,0,569,-83.55093651306129,41.501931606642714,dolomite
MAT-CARB-5796,0,570,-83.55161415721,41.499362091174824,dolomite
MAT-CARB-5796,0,571,-83.55174959466473,41.496527472274565,dolomite
MAT-CARB-5796,0,572,-83.55203925024257,41.49207237640332,dolomite
MAT-CARB-5796,0,573,-83.55291283421954,41.49058052104316,dolomite
MAT-CARB-5796,0,574,-83.553782155589,41.48881884957127,dolomite
MAT-CARB-5796,0,575,-83.5551914628107,41.48718734776714,dolomite
MAT-CARB-5796,0,576,-83.5573158191133,41.48541460966306,dolomite
MAT-CARB-5796,0,577,-83.5605178760151,41.48376724004035,dolomite
MAT-CARB-5796,0,578,-83.56230026330849,41.483076840803164,dolomite
MAT-CARB-5796,0,579,-83.56514567331843,41.48156742092257,dolomite
MAT-CARB-5796,0,580,-83.56942523713919,41.4800451654206,dolomite
MAT-CARB-5796,0,581,-83.57352529671843,41.47852438632542,dolomite
MAT-CARB-5796,0,582,-83.57762303135681,41.47686853287629,dolomite
MAT-CARB-5796,0,583,-83.57940720802856,41.47631278092497,dolomite
MAT-CARB-5796,0,584,-83.58065354891616,41.47576184418754,dolomite
MAT-CARB-5796,0,585,-83.58296041391806,41.47425686045505,dolomite
MAT-CARB-5796,0,586,-83.58684820953633,41.47071357076202,dolomite
MAT-CARB-5796,0,587,-83.5893188693561,41.46826244041722,dolomite
MAT-CARB-5796,0,588,-83.59125162378083,41.46581614381248,dolomite
MAT-CARB-5796,0,589,-83.59208713115248,41.46203048201851,dolomite
MAT-CARB-5796,0,590,-83.59255755443355,41.45784334585625,dolomite
MAT-CARB-5796,0,591,-83.59376434757723,41.45486388273944,dolomite
MAT-CARB-5796,0,592,-83.59356341508922,41.453516388441834,dolomite
MAT-CARB-5796,0,593,-83.59319844574156,41.45311493197254,dolomite
MAT-CARB-5796,0,594,-83.59265430895519,41.452715078179075,dolomite
MAT-CARB-5796,0,595,-83.59158119354457,41.45285977037666,dolomite
MAT-CARB-5796,0,596,-83.59015618825161,41.45341245845308,dolomite
MAT-CARB-5796,0,597,-83.58589170683906,41.455744956947896,dolomite
MAT-CARB-5796,0,598,-83.5839439757599,41.45724681064689,dolomite
MAT-CARB-5796,0,599,-83.58145848625556,41.45875344913021,dolomite
MAT-CARB-5796,0,600,-83.57683491043059,41.46108884479949,dolomite
MAT-CARB-5796,0,601,-83.5707813415543,41.463706670962424,dolomite
MAT-CARB-5796,0,602,-83.56971441703342,41.464255913182946,dolomite
MAT-CARB-5796,0,603,-83.56810547446784,41.46454009129875,dolomite
MAT-CARB-5796,0,604,-83.56631092407017,41.46442112034207,dolomite
MAT-CARB-5796,0,605,-83.56325955830732,41.4641783362111,dolomite
MAT-CARB-5796,0,606,-83.55818190798064,41.46044515332226,dolomite
MAT-CARB-5796,0,607,-83.5549159012411,41.45791022900813,dolomite
MAT-CARB-5796,0,608,-83.55145212822117,41.454162581947706,dolomite
MAT-CARB-5796,0,609,-83.54890353439338,41.45162117111894,dolomite
MAT-CARB-5796,0,610,-83.5465426444022,41.44961782769241,dolomite
MAT-CARB-5796,0,611,-83.54545079438621,41.44854790264406,dolomite
MAT-CARB-5796,0,612,-83.54435690446404,41.447343030445296,dolomite
MAT-CARB-5796,0,613,-83.54162550744356,41.444533219416314,dolomite
MAT-CARB-5796,0,614,-83.53963582914564,41.44333610115213,dolomite
MAT-CARB-5796,0,615,-83.53854831320105,41.442535926850866,dolomite
MAT-CARB-5796,0,616,-83.53544868289245,41.439054461553276,dolomite
MAT-CARB-5796,0,617,-83.53399887317276,41.43798751461973,dolomite
MAT-CARB-5796,0,618,-83.53291971303764,41.4377269537891,dolomite
MAT-CARB-5796,0,619,-83.53166548894312,41.43773774412511,dolomite
MAT-CARB-5796,0,620,-83.52970071882342,41.438159404141544,dolomite
MAT-CARB-5796,0,621,-83.52774000595565,41.43885087946435,dolomite
MAT-CARB-5796,0,622,-83.52668328057948,41.44007432791075,dolomite
MAT-CARB-5796,0,623,-83.52673832623026,41.44371700135298,dolomite
MAT-CARB-5796,0,624,-83.52711101083,41.44465832825001,dolomite
MAT-CARB-5796,0,625,-83.52930013840206,41.44720326312782,dolomite
MAT-CARB-5796,0,626,-83.52986226432154,41.44881761448547,dolomite
MAT-CARB-5796,0,627,-83.53152425505758,41.45204168305238,dolomite
MAT-CARB-5796,0,628,-83.5341071287917,41.456876955053296,dolomite
MAT-CARB-5796,0,629,-83.53596730201988,41.461313592058914,dolomite
MAT-CARB-5796,0,630,-83.53608048799683,41.46873372800404,dolomite
MAT-CARB-5796,0,631,-83.53469782549645,41.47211886839806,dolomite
MAT-CARB-5796,0,632,-83.53263073525483,41.477668701878905,dolomite
MAT-CARB-5796,0,633,-83.53022628470498,41.48131999424152,dolomite
MAT-CARB-5796,0,634,-83.52858907646201,41.48310050726798,dolomite
MAT-CARB-5796,0,635,-83.52434711217207,41.487184552261795,dolomite
MAT-CARB-5796,0,636,-83.52346530045793,41.487856972127865,dolomite
MAT-CARB-5796,0,637,-83.52284172006273,41.48828370071694,dolomite
MAT-CARB-5796,0,638,-83.521732144355,41.48897793262819,dolomite
MAT-CARB-5796,0,639,-83.52013513434044,41.489532568981105,dolomite
MAT-CARB-5796,0,640,-83.51846850143838,41.48979815446335,dolomite
MAT-CARB-5796,0,641,-83.51677280555792,41.48970481137188,dolomite
MAT-CARB-5796,0,642,-83.51541213142886,41.48928434988523,dolomite
MAT-CARB-5796,0,643,-83.51432621697889,41.48861889063612,dolomite
MAT-CARB-5796,0,644,-83.51233773969405,41.48755626788523,dolomite
MAT-CARB-5796,0,645,-83.51125787448508,41.48729549536236,dolomite
MAT-CARB-5796,0,646,-83.50973341468313,41.4870777303912,dolomite
MAT-CARB-5796,0,647,-83.50856631931872,41.48718320991128,dolomite
MAT-CARB-5796,0,648,-83.50570542797914,41.487746919208845,dolomite
MAT-CARB-5796,0,649,-83.50331751925887,41.4887117852831,dolomite
MAT-CARB-5796,0,650,-83.50052940748238,41.48940927168239,dolomite
MAT-CARB-5796,0,651,-83.49820433307386,41.48983338557584,dolomite
MAT-CARB-5796,0,652,-83.49569394858982,41.48985422651865,dolomite
MAT-CARB-5796,0,653,-83.49373840476736,41.48947622068644,dolomite
MAT-CARB-5796,0,654,-83.49208997137728,41.48866973440828,dolomite
MAT-CARB-5796,0,655,-83.4911255247452,41.48791754089266,dolomite
MAT-CARB-5796,0,656,-83.49027327191074,41.487065616104296,dolomite
MAT-CARB-5796,0,657,-83.48939658586474,41.48456053863813,dolomite
MAT-CARB-5796,0,658,-83.48947742454271,41.48167513527209,dolomite
MAT-CARB-5796,0,659,-83.48996965887137,41.48065777563602,dolomite
MAT-CARB-5796,0,660,-83.49088419047297,41.4797745391476,dolomite
MAT-CARB-5796,0,661,-83.49283857009279,41.47854406398643,dolomite
MAT-CARB-5796,0,662,-83.49532674847009,41.47703925813276,dolomite
MAT-CARB-5796,0,663,-83.49746420294036,41.47607703170133,dolomite
MAT-CARB-5796,0,664,-83.49923908860377,41.47484793788131,dolomite
MAT-CARB-5796,0,665,-83.50083265636259,41.47348537698465,dolomite
MAT-CARB-5796,0,666,-83.50346986752902,41.46995524128915,dolomite
MAT-CARB-5796,0,667,-83.50555305040322,41.46535022867188,dolomite
MAT-CARB-5796,0,668,-83.5076259441797,41.460070622293756,dolomite
MAT-CARB-5796,0,669,-83.50883449749662,41.456957083947,dolomite
MAT-CARB-5796,0,670,-83.50878841520267,41.45385410405559,dolomite
MAT-CARB-5796,0,671,-83.50801150554024,41.44981272017689,dolomite
MAT-CARB-5796,0,672,-83.50579509199302,41.44537861297422,dolomite
MAT-CARB-5796,0,673,-83.50341775730274,41.44216016623638,dolomite
MAT-CARB-5796,0,674,-83.50196237901571,41.440688077048236,dolomite
MAT-CARB-5796,0,675,-83.50051103732801,41.439485816854756,dolomite
MAT-CARB-5796,0,676,-83.49942408029378,41.438685285275646,dolomite
MAT-CARB-5796,0,677,-83.49850835263231,41.43734358251618,dolomite
MAT-CARB-5796,0,678,-83.49776988241835,41.43586547035457,dolomite
MAT-CARB-5796,0,679,-83.49704526550873,41.435331784261344,dolomite
MAT-CARB-5796,0,680,-83.49578913899197,41.435207260909955,dolomite
MAT-CARB-5796,0,681,-83.49418057601862,41.43549048222046,dolomite
MAT-CARB-5796,0,682,-83.49328866070698,41.43576772383401,dolomite
MAT-CARB-5796,0,683,-83.49096144153276,41.435921894093276,dolomite
MAT-CARB-5796,0,684,-83.48935087680272,41.43607011207581,dolomite
MAT-CARB-5796,0,685,-83.48791554875855,41.435947011282614,dolomite
MAT-CARB-5796,0,686,-83.4868346750107,41.435551124196664,dolomite
MAT-CARB-5796,0,687,-83.48432238342261,41.43530187862166,dolomite
MAT-CARB-5796,0,688,-83.48198931081913,41.43505114133343,dolomite
MAT-CARB-5796,0,689,-83.48024093066068,41.43436787038541,dolomite
MAT-CARB-5796,0,690,-83.48005005704954,41.43355983839852,dolomite
MAT-CARB-5796,0,691,-83.48004032784733,41.43288525353506,dolomite
MAT-CARB-5796,0,692,-83.48020006134045,41.431534646311476,dolomite
MAT-CARB-5796,0,693,-83.48107635523036,41.43017815254857,dolomite
MAT-CARB-5796,0,694,-83.48159042214532,41.428554759014865,dolomite
MAT-CARB-5796,0,695,-83.48174812884834,41.42706920577126,dolomite
MAT-CARB-5796,0,696,-83.48136256789402,41.42518331102591,dolomite
MAT-CARB-5796,0,697,-83.48007358198109,41.42276505518001,dolomite
MAT-CARB-5796,0,698,-83.4771298169341,41.41739175431253,dolomite
MAT-CARB-5796,0,699,-83.4762206296644,41.4164546260791,dolomite
MAT-CARB-5796,0,700,-83.4736646680543,41.4131020590399,dolomite
MAT-CARB-5796,0,701,-83.47293086347437,41.41189359311337,dolomite
MAT-CARB-5796,0,702,-83.47130540589563,41.41096223267371,dolomite
MAT-CARB-5796,0,703,-83.46895971805391,41.409766811184426,dolomite
MAT-CARB-5796,0,704,-83.46411253278812,41.4089962672024,dolomite
MAT-CARB-5796,0,705,-83.45988549002867,41.40862436784659,dolomite
MAT-CARB-5796,0,706,-83.45643132490028,41.408651962878736,dolomite
MAT-CARB-5796,0,707,-83.45334650038365,41.40908742888859,dolomite
MAT-CARB-5796,0,708,-83.45044538052198,41.40965831877321,dolomite
MAT-CARB-5796,0,709,-83.44809341720578,41.4104987439253,dolomite
MAT-CARB-5796,0,710,-83.44683225673401,41.41133054337121,dolomite
MAT-CARB-5796,0,711,-83.44594800663353,41.41311812394687,dolomite
MAT-CARB-5796,0,712,-83.44560151139451,41.414353567359285,dolomite
MAT-CARB-5796,0,713,-83.44453918475966,41.41641645331763,dolomite
MAT-CARB-5796,0,714,-83.43986867495785,41.42056221382707,dolomite
MAT-CARB-5796,0,715,-83.43770751275791,41.422085772673704,dolomite
MAT-CARB-5796,0,716,-83.43627169073886,41.42346664618664,dolomite
MAT-CARB-5796,0,717,-83.43447025909005,41.42471341902252,dolomite
MAT-CARB-5796,0,718,-83.43356857752588,41.42526829606346,dolomite
MAT-CARB-5796,0,719,-83.43321239257895,41.425818951309104,dolomite
MAT-CARB-5796,0,720,-83.4312308782213,41.42720400254331,dolomite
MAT-CARB-5796,0,721,-83.42943487414723,41.428861550481415,dolomite
MAT-CARB-5796,0,722,-83.42781502226127,41.43010678166242,dolomite
MAT-CARB-5796,0,723,-83.42601139298723,41.431216451289586,dolomite
MAT-CARB-5796,0,724,-83.42402395167214,41.43219055171987,dolomite
MAT-CARB-5796,0,725,-83.42275465501444,41.43247426063333,dolomite
MAT-CARB-5796,0,726,-83.42113645094167,41.43385633993171,dolomite
MAT-CARB-5796,0,727,-83.41988184448405,41.43508836624295,dolomite
MAT-CARB-5796,0,728,-83.41952364364992,41.43550200730552,dolomite
MAT-CARB-5796,0,729,-83.41845834371895,41.43742768560354,dolomite
MAT-CARB-5796,0,730,-83.41756745936993,41.43880416777788,dolomite
MAT-CARB-5796,0,731,-83.41612718198874,41.43991089898089,dolomite
MAT-CARB-5796,0,732,-83.4143231016098,41.44102038412377,dolomite
MAT-CARB-5796,0,733,-83.41396852023209,41.44170791640602,dolomite
MAT-CARB-5796,0,734,-83.41507462816062,41.442795210143125,dolomite
MAT-CARB-5796,0,735,-83.41526758020606,41.44361552379151,dolomite
MAT-CARB-5796,0,736,-83.41473110801618,41.444304444006626,dolomite
MAT-CARB-5796,0,737,-83.41382716337077,41.44472222308372,dolomite
MAT-CARB-5796,0,738,-83.41274131850152,41.445141378779184,dolomite
MAT-CARB-5796,0,739,-83.41183183640362,41.445148292763946,dolomite
MAT-CARB-5796,0,740,-83.4109150095692,41.44460740897113,dolomite
MAT-CARB-5796,0,741,-83.40981080893145,41.443657019237435,dolomite
MAT-CARB-5796,0,742,-83.40870110781455,41.442295767975914,dolomite
MAT-CARB-5796,0,743,-83.4077788551267,41.44134400774588,dolomite
MAT-CARB-5796,0,744,-83.40630182804456,41.43971157265346,dolomite
MAT-CARB-5796,0,745,-83.40537964403808,41.43875979199715,dolomite
MAT-CARB-5796,0,746,-83.40354810071831,41.43781482734254,dolomite
MAT-CARB-5796,0,747,-83.40226406508462,41.43700270160903,dolomite
MAT-CARB-5796,0,748,-83.40097820755531,41.43605359246486,dolomite
MAT-CARB-5796,0,749,-83.39988335333754,41.43578786997593,dolomite
MAT-CARB-5796,0,750,-83.39914498633067,41.434971616435185,dolomite
MAT-CARB-5796,0,751,-83.39785019979722,41.433337733102576,dolomite
MAT-CARB-5796,0,752,-83.39708657192797,41.43060410521834,dolomite
MAT-CARB-5796,0,753,-83.39705583842819,41.42827591337101,dolomite
MAT-CARB-5796,0,754,-83.39811074215952,41.425528697183154,dolomite
MAT-CARB-5796,0,755,-83.39899097708945,41.42333062964589,dolomite
MAT-CARB-5796,0,756,-83.39915831287253,41.422233636750974,dolomite
MAT-CARB-5796,0,757,-83.3989674272923,41.4215502267115,dolomite
MAT-CARB-5796,0,758,-83.39750008439091,41.42060243093887,dolomite
MAT-CARB-5796,0,759,-83.39622728152631,41.42061194696176,dolomite
MAT-CARB-5796,0,760,-83.39513089104861,41.420209234005625,dolomite
MAT-CARB-5796,0,761,-83.39404168294709,41.42035431402444,dolomite
MAT-CARB-5796,0,762,-83.39295610574658,41.42077332634352,dolomite
MAT-CARB-5796,0,763,-83.39096673705151,41.4216099159173,dolomite
MAT-CARB-5796,0,764,-83.38897370013903,41.422172557406995,dolomite
MAT-CARB-5796,0,765,-83.38769907803508,41.422045039225026,dolomite
MAT-CARB-5796,0,766,-83.38587358617302,41.42151065097235,dolomite
MAT-CARB-5796,0,767,-83.3847700748817,41.42056004087488,dolomite
MAT-CARB-5796,0,768,-83.38364704452553,41.41810289689167,dolomite
MAT-CARB-5796,0,769,-83.38343852603987,41.41604993381817,dolomite
MAT-CARB-5796,0,770,-83.38414443213202,41.414401103565254,dolomite
MAT-CARB-5796,0,771,-83.38557394769829,41.412473010402515,dolomite
MAT-CARB-5796,0,772,-83.38810497293052,41.411358549513494,dolomite
MAT-CARB-5796,0,773,-83.3920957491887,41.41064408740155,dolomite
MAT-CARB-5796,0,774,-83.39589923142091,41.40951998787563,dolomite
MAT-CARB-5796,0,775,-83.39734638937998,41.4089613078329,dolomite
MAT-CARB-5796,0,776,-83.39842454738024,41.4079944437883,dolomite
MAT-CARB-5796,0,777,-83.400049850381,41.407160450459656,dolomite
MAT-CARB-5796,0,778,-83.40094793471467,41.40633187199808,dolomite
MAT-CARB-5796,0,779,-83.40238407580148,41.40495140271396,dolomite
MAT-CARB-5796,0,780,-83.40327664348558,41.40371194142927,dolomite
MAT-CARB-5796,0,781,-83.40361657243456,41.40192879982311,dolomite
MAT-CARB-5796,0,782,-83.40397283548377,41.40137822222981,dolomite
MAT-CARB-5796,0,783,-83.40394734205182,41.399460843092264,dolomite
MAT-CARB-5796,0,784,-83.40357288700143,41.39864185192036,dolomite
MAT-CARB-5796,0,785,-83.40319294617433,41.39741196594346,dolomite
MAT-CARB-5796,0,786,-83.40313655037873,41.39316632498493,dolomite
MAT-CARB-5796,0,787,-83.4036709165421,41.39234048165032,dolomite
MAT-CARB-5796,0,788,-83.40365817541498,41.39138177181977,dolomite
MAT-CARB-5796,0,789,-83.40401259861291,41.390694242309536,dolomite
MAT-CARB-5796,0,790,-83.40472863971542,41.38986702251791,dolomite
MAT-CARB-5796,0,791,-83.40543011084287,41.38794413830084,dolomite
MAT-CARB-5796,0,792,-83.40704206085844,41.38615132331357,dolomite
MAT-CARB-5796,0,793,-83.4088338222884,41.384220159138046,dolomite
MAT-CARB-5796,0,794,-83.4104565956191,41.38324903397204,dolomite
MAT-CARB-5796,0,795,-83.4122628810242,41.38241347858293,dolomite
MAT-CARB-5796,0,796,-83.41353132352685,41.3821298690637,dolomite
MAT-CARB-5796,0,797,-83.4151576659941,41.381432601666724,dolomite
MAT-CARB-5796,0,798,-83.41624432382243,41.381150350528664,dolomite
MAT-CARB-5796,0,799,-83.4184250472771,41.38113366412777,dolomite
MAT-CARB-5796,0,800,-83.41970636899326,41.38180870550745,dolomite
MAT-CARB-5796,0,801,-83.42008096243127,41.38262768436313,dolomite
MAT-CARB-5796,0,802,-83.42099517191389,41.383031577463605,dolomite
MAT-CARB-5796,0,803,-83.42208554514326,41.383023196166214,dolomite
MAT-CARB-5796,0,804,-83.42390284540029,41.383009205206996,dolomite
MAT-CARB-5796,0,805,-83.42571082335249,41.382310394587186,dolomite
MAT-CARB-5796,0,806,-83.42751129240321,41.3810637111981,dolomite
MAT-CARB-5796,0,807,-83.43254701182983,41.37718942598385,dolomite
MAT-CARB-5796,0,808,-83.43380775072065,41.37635778136704,dolomite
MAT-CARB-5796,0,809,-83.43652022869645,41.37537779956583,dolomite
MAT-CARB-5796,0,810,-83.43923830275423,41.374808654819496,dolomite
MAT-CARB-5796,0,811,-83.44087178472,41.37465885456256,dolomite
MAT-CARB-5796,0,812,-83.44251474944512,41.375193854468336,dolomite
MAT-CARB-5796,0,813,-83.44325108862859,41.37587293202025,dolomite
MAT-CARB-5796,0,814,-83.44436036062993,41.37723390873731,dolomite
MAT-CARB-5796,0,815,-83.44548113768391,41.37941664093915,dolomite
MAT-CARB-5796,0,816,-83.44810923309441,41.385422689125484,dolomite
MAT-CARB-5796,0,817,-83.45001269064468,41.39157133225982,dolomite
MAT-CARB-5796,0,818,-83.45133476205004,41.3951221127468,dolomite
MAT-CARB-5796,0,819,-83.45243687248028,41.395935183978324,dolomite
MAT-CARB-5796,0,820,-83.45408428603035,41.39674393478026,dolomite
MAT-CARB-5796,0,821,-83.45554031707181,41.39686930193986,dolomite
MAT-CARB-5796,0,822,-83.457352195185,41.396443940315,dolomite
MAT-CARB-5796,0,823,-83.4582494398901,41.39561495330283,dolomite
MAT-CARB-5796,0,824,-83.46004003211166,41.393683010960885,dolomite
MAT-CARB-5796,0,825,-83.46164293058898,41.391341659214746,dolomite
MAT-CARB-5796,0,826,-83.46235827729161,41.39051409586954,dolomite
MAT-CARB-5796,0,827,-83.4641660958449,41.38981470926614,dolomite
MAT-CARB-5796,0,828,-83.46796133537761,41.38827744049902,dolomite
MAT-CARB-5796,0,829,-83.4752035934068,41.38630114642998,dolomite
MAT-CARB-5796,0,830,-83.47990310768468,41.384482180514766,dolomite
MAT-CARB-5796,0,831,-83.48207403249506,41.3837795494434,dolomite
MAT-CARB-5796,0,832,-83.48478016086817,41.38238761446809,dolomite
MAT-CARB-5796,0,833,-83.48693904312422,41.38086315936836,dolomite
MAT-CARB-5796,0,834,-83.48802141447588,41.38030636420312,dolomite
MAT-CARB-5796,0,835,-83.48946125159767,41.379335664534054,dolomite
MAT-CARB-5796,0,836,-83.49196137359051,41.37630158820167,dolomite
MAT-CARB-5796,0,837,-83.49265020761396,41.37369338287267,dolomite
MAT-CARB-5796,0,838,-83.49354675834667,41.372864116602265,dolomite
MAT-CARB-5796,0,839,-83.49349674526187,41.36944015231945,dolomite
MAT-CARB-5796,0,840,-83.49272943413604,41.368068526448006,dolomite
MAT-CARB-5796,0,841,-83.49181096966747,41.36739125254643,dolomite
MAT-CARB-5796,0,842,-83.49089056496062,41.36657702281718,dolomite
MAT-CARB-5796,0,843,-83.48962077908048,41.366724478309244,dolomite
MAT-CARB-5796,0,844,-83.48961679433745,41.36645058199666,dolomite
MAT-CARB-5796,0,845,-83.48379890747198,41.36622452037519,dolomite
MAT-CARB-5796,0,846,-83.48234146583717,41.36596251784449,dolomite
MAT-CARB-5796,0,847,-83.479953919277,41.36420138529484,dolomite
MAT-CARB-5796,0,848,-83.47865065783881,41.36202043268361,dolomite
MAT-CARB-5796,0,849,-83.47822824328529,41.35791462563176,dolomite
MAT-CARB-5796,0,850,-83.47946436861076,41.35543898552718,dolomite
MAT-CARB-5796,0,851,-83.47978427132766,41.352422875924844,dolomite
MAT-CARB-5796,0,852,-83.48066490611534,41.35049801002233,dolomite
MAT-CARB-5796,0,853,-83.4817409172975,41.34953038053591,dolomite
MAT-CARB-5796,0,854,-83.4833657811307,41.348832170212695,dolomite
MAT-CARB-5796,0,855,-83.48590672708298,41.34867429658471,dolomite
MAT-CARB-5796,0,856,-83.48864322119528,41.349473630745585,dolomite
MAT-CARB-5796,0,857,-83.4901102986436,41.35042033704443,dolomite
MAT-CARB-5796,0,858,-83.49121011674016,41.35109613094039,dolomite
MAT-CARB-5796,0,859,-83.49287689154443,41.35327395585391,dolomite
MAT-CARB-5796,0,860,-83.49436012386904,41.35531631198415,dolomite
MAT-CARB-5796,0,861,-83.49582937541749,41.35639992085494,dolomite
MAT-CARB-5796,0,862,-83.496927376177,41.35693868231093,dolomite
MAT-CARB-5796,0,863,-83.49820500145222,41.35733897185274,dolomite
MAT-CARB-5796,0,864,-83.49983592112541,41.35705141707106,dolomite
MAT-CARB-5796,0,865,-83.50091579328276,41.35635754600332,dolomite
MAT-CARB-5796,0,866,-83.50181197801686,41.35552817951866,dolomite
MAT-CARB-5796,0,867,-83.50216118780497,41.35456644244413,dolomite
MAT-CARB-5796,0,868,-83.5027001038886,41.35415100852385,dolomite
MAT-CARB-5796,0,869,-83.50324099640382,41.35387252164904,dolomite
MAT-CARB-5796,0,870,-83.50415531278645,41.35427578957251,dolomite
MAT-CARB-5796,0,871,-83.50451863764548,41.35427274453652,dolomite
MAT-CARB-5796,0,872,-83.50524120354733,41.35399272557637,dolomite
MAT-CARB-5796,0,873,-83.50555793324371,41.35083962174206,dolomite
MAT-CARB-5796,0,874,-83.50640942050045,41.34699710169482,dolomite
MAT-CARB-5796,0,875,-83.50762407734528,41.34315153704962,dolomite
MAT-CARB-5796,0,876,-83.5100956316582,41.33833649934322,dolomite
MAT-CARB-5796,0,877,-83.51168732347423,41.33544651830236,dolomite
MAT-CARB-5796,0,878,-83.51345646027877,41.33228107013742,dolomite
MAT-CARB-5796,0,879,-83.51523765348158,41.329937325905895,dolomite
MAT-CARB-5796,0,880,-83.51679213852233,41.32458195606422,dolomite
MAT-CARB-5796,0,881,-83.51695528631996,41.323347734786225,dolomite
MAT-CARB-5796,0,882,-83.51872792690752,41.32045611216541,dolomite
MAT-CARB-5796,0,883,-83.52026549913074,41.31400492277287,dolomite
MAT-CARB-5796,0,884,-83.5212972221946,41.31016066821119,dolomite
MAT-CARB-5796,0,885,-83.52216581876485,41.30755061075204,dolomite
MAT-CARB-5796,0,886,-83.52323030534416,41.3058977240016,dolomite
MAT-CARB-5796,0,887,-83.52484957942701,41.30492501943452,dolomite
MAT-CARB-5796,0,888,-83.52755583312077,41.30380596955251,dolomite
MAT-CARB-5796,0,889,-83.53244433194749,41.302942004524844,dolomite
MAT-CARB-5796,0,890,-83.5353381333172,41.30223210215822,dolomite
MAT-CARB-5796,0,891,-83.53660039838505,41.30167326457143,dolomite
MAT-CARB-5796,0,892,-83.53713447684957,41.30098372312233,dolomite
MAT-CARB-5796,0,893,-83.53746621349993,41.29892612468847,dolomite
MAT-CARB-5796,0,894,-83.5392436177147,41.29644500873146,dolomite
MAT-CARB-5796,0,895,-83.54031166466518,41.295065893688644,dolomite
MAT-CARB-5796,0,896,-83.54156537633264,41.293959126015565,dolomite
MAT-CARB-5796,0,897,-83.54373484177188,41.29339231191576,dolomite
MAT-CARB-5796,0,898,-83.54499376969896,41.29323552316141,dolomite
MAT-CARB-5796,0,899,-83.54645716405261,41.29336854767467,dolomite
MAT-CARB-5796,0,900,-83.5513700484936,41.2941473996122,dolomite
MAT-CARB-5796,0,901,-83.55325068474956,41.294416530288686,dolomite
MAT-CARB-5796,0,902,-83.55736135652676,41.29423160920258,dolomite
MAT-CARB-5796,0,903,-83.55989796165383,41.293935232681356,dolomite
MAT-CARB-5796,0,904,-83.5614755792979,41.293524380743136,dolomite
MAT-CARB-5796,0,905,-83.56268646897321,41.292969694445915,dolomite
MAT-CARB-5796,0,906,-83.56495829098782,41.29161343000828,dolomite
MAT-CARB-5796,0,907,-83.5664633971154,41.29074436313778,dolomite
MAT-CARB-5796,0,908,-83.56970854815604,41.28934558724183,dolomite
MAT-CARB-5796,0,909,-83.57313934767303,41.28821900533998,dolomite
MAT-CARB-5796,0,910,-83.5760277709433,41.287234174111745,dolomite
MAT-CARB-5796,0,911,-83.57747738684544,41.287084160717676,dolomite
MAT-CARB-5796,0,912,-83.58039177195009,41.28774282119931,dolomite
MAT-CARB-5796,0,913,-83.58421798019398,41.28866710512273,dolomite
MAT-CARB-5796,0,914,-83.58768131681299,41.289594591965475,dolomite
MAT-CARB-5796,0,915,-83.58932338010258,41.29012758677626,dolomite
MAT-CARB-5796,0,916,-83.59073407257904,41.290483774839956,dolomite
MAT-CARB-5796,0,917,-83.59259274704495,41.29069268427892,dolomite
MAT-CARB-5796,0,918,-83.59422991834141,41.290493791065614,dolomite
MAT-CARB-5796,0,919,-83.59521854397963,41.290216946705456,dolomite
MAT-CARB-5796,0,920,-83.5963966294181,41.28978903944879,dolomite
MAT-CARB-5796,0,921,-83.59927376579749,41.288118848037186,dolomite
MAT-CARB-5796,0,922,-83.60233440241893,41.28658386949482,dolomite
MAT-CARB-5796,0,923,-83.605397160239,41.28518576531569,dolomite
MAT-CARB-5796,0,924,-83.60697896724997,41.28468774283463,dolomite
MAT-CARB-5796,0,925,-83.6104603226122,41.28404301789295,dolomite
MAT-CARB-5796,0,926,-83.61553677506626,41.283721866026156,dolomite
MAT-CARB-5796,0,927,-83.6175350823497,41.28384020230427,dolomite
MAT-CARB-5796,0,928,-83.61990760143435,41.284639937801344,dolomite
MAT-CARB-5796,0,929,-83.62209871836896,41.28544132687776,dolomite
MAT-CARB-5796,0,930,-83.62502703898433,41.28692068201731,dolomite
MAT-CARB-5796,0,931,-83.63089319598313,41.290427041846264,dolomite
MAT-CARB-5796,0,932,-83.63529890921897,41.29339901405243,dolomite
MAT-CARB-5796,0,933,-83.63786489348715,41.294881487540955,dolomite
MAT-CARB-5796,0,934,-83.63951664465071,41.29596165863006,dolomite
MAT-CARB-5796,0,935,-83.64134534555492,41.29676617041014,dolomite
MAT-CARB-5796,0,936,-83.64409998339217,41.298657661634074,dolomite
MAT-CARB-5796,0,937,-83.64423671263403,41.29885392979619,dolomite
MAT-CARB-5796,0,938,-83.6443471799223,41.299195324116,dolomite
MAT-CARB-5796,0,939,-83.64430222696446,41.29988858186433,dolomite
MAT-CARB-5796,0,940,-83.6441696536125,41.30109367620126,dolomite
MAT-CARB-5796,0,941,-83.64428495686732,41.30172480136047,dolomite
MAT-CARB-5796,0,942,-83.64471438093257,41.30235289603175,dolomite
MAT-CARB-5796,0,943,-83.64513941982148,41.302717616918,dolomite
MAT-CARB-5796,0,944,-83.6458072381736,41.303024845023096,dolomite
MAT-CARB-5796,0,945,-83.64643869478756,41.30317936752143,dolomite
MAT-CARB-5796,0,946,-83.64708014679118,41.30314963161889,dolomite
MAT-CARB-5796,0,947,-83.6508837065175,41.302844534490646,dolomite
MAT-CARB-5796,0,948,-83.65090914547915,41.309517029615854,dolomite
MAT-CARB-5796,0,949,-83.65143198468931,41.312267301165534,dolomite
MAT-CARB-5796,0,950,-83.6531413049301,41.31943851850778,dolomite
MAT-CARB-5796,0,951,-83.6540455371322,41.32230513294298,dolomite
MAT-CARB-5796,0,952,-83.65069411334517,41.323878746317526,dolomite
MAT-CARB-5796,0,953,-83.64927225225676,41.32443219299755,dolomite
MAT-CARB-5796,0,954,-83.64821266025876,41.32525203383866,dolomite
MAT-CARB-5796,0,955,-83.64678847664719,41.32567050305324,dolomite
MAT-CARB-5796,0,956,-83.64519221303635,41.326495452809716,dolomite
MAT-CARB-5796,0,957,-83.6437747870909,41.3273186728637,dolomite
MAT-CARB-5796,0,958,-83.64252261601466,41.32733062293633,dolomite
MAT-CARB-5796,0,959,-83.63930502518593,41.32749623878182,dolomite
MAT-CARB-5796,0,960,-83.6366308099276,41.32806140977007,dolomite
MAT-CARB-5796,0,961,-83.63574988983868,41.32887944056125,dolomite
MAT-CARB-5796,0,962,-83.6314925314981,41.3310788696501,dolomite
MAT-CARB-5796,0,963,-83.62848941880263,41.333401300447065,dolomite
MAT-CARB-5796,0,964,-83.62442158752054,41.33627338156685,dolomite
MAT-CARB-5796,0,965,-83.62248702849278,41.33831570708697,dolomite
MAT-CARB-5796,0,966,-83.62108241830255,41.33994819255357,dolomite
MAT-CARB-5796,0,967,-83.62057231326027,41.34157232338657,dolomite
MAT-CARB-5796,0,968,-83.61952764707738,41.34333635786757,dolomite
MAT-CARB-5796,0,969,-83.61778717976914,41.34632138057061,dolomite
MAT-CARB-5796,0,970,-83.61568869005445,41.34930970372879,dolomite
MAT-CARB-5796,0,971,-83.61430528033264,41.35196919913831,dolomite
MAT-CARB-5796,0,972,-83.61329340954576,41.35575703812237,dolomite
MAT-CARB-5796,0,973,-83.61261511271798,41.3580573634289,dolomite
MAT-CARB-5796,0,974,-83.6119389388594,41.36049259810159,dolomite
MAT-CARB-5796,0,975,-83.61185700181555,41.36643081212713,dolomite
MAT-CARB-5796,0,976,-83.61298831578206,41.36992880252948,dolomite
MAT-CARB-5796,0,977,-83.61448216419724,41.37369327584747,dolomite
MAT-CARB-5796,0,978,-83.61668113705524,41.376776448222515,dolomite
MAT-CARB-5796,0,979,-83.61870355028404,41.37999618533017,dolomite
MAT-CARB-5796,0,980,-83.61943737877759,41.381068846381204,dolomite
MAT-CARB-5796,0,981,-83.62071500071568,41.382541253312844,dolomite
MAT-CARB-5796,0,982,-83.6218203292501,41.38442009054485,dolomite
MAT-CARB-5796,0,983,-83.62383648704942,41.387234952669864,dolomite
MAT-CARB-5796,0,984,-83.6261975243615,41.389236902097856,dolomite
MAT-CARB-5796,0,985,-83.62854302546872,41.39029435268397,dolomite
MAT-CARB-5796,0,986,-83.63052150039134,41.39081548012097,dolomite
MAT-CARB-5796,0,987,-83.63374435857428,41.390785049167484,dolomite
MAT-CARB-5796,0,988,-83.63464411518724,41.39104640728796,dolomite
MAT-CARB-5796,0,989,-83.63911806688837,41.390869051455084,dolomite
MAT-CARB-5796,0,990,-83.64179246550671,41.39016891198732,dolomite
MAT-CARB-5796,0,991,-83.64374607471207,41.3892057199645,dolomite
MAT-CARB-5796,0,992,-83.6453438642838,41.38838082957804,dolomite
MAT-CARB-5796,0,993,-83.64695068101628,41.388095571478814,dolomite
MAT-CARB-5796,0,994,-83.65035243884981,41.38806298123451,dolomite
MAT-CARB-5796,0,995,-83.65179390401978,41.388588910714155,dolomite
MAT-CARB-5796,0,996,-83.65396074113185,41.38964761182545,dolomite
MAT-CARB-5796,0,997,-83.65595315314754,41.39097779797592,dolomite
MAT-CARB-5796,0,998,-83.6572225673289,41.39191015298546,dolomite
MAT-CARB-5796,0,999,-83.65866186773242,41.39230105810761,dolomite
MAT-CARB-5796,0,1000,-83.66173339908863,41.39389063915625,dolomite
MAT-CARB-5796,0,1001,-83.6637191965624,41.39481595426057,dolomite
MAT-CARB-5796,0,1002,-83.66463295125536,41.39588658809912,dolomite
MAT-CARB-5796,0,1003,-83.66430256329231,41.39750906653527,dolomite
MAT-CARB-5796,0,1004,-83.66377923859791,41.39832380821606,dolomite
MAT-CARB-5796,0,1005,-83.66253960518245,41.39914546599666,dolomite
MAT-CARB-5796,0,1006,-83.661116266078,41.39969899320288,dolomite
MAT-CARB-5796,0,1007,-83.658971996727,41.39998963195674,dolomite
MAT-CARB-5796,0,1008,-83.65647416289771,41.40055351045538,dolomite
MAT-CARB-5796,0,1009,-83.65434362738515,41.401653536843256,dolomite
MAT-CARB-5796,0,1010,-83.65221527350961,41.40288846392988,dolomite
MAT-CARB-5796,0,1011,-83.65115224623307,41.403573368343025,dolomite
MAT-CARB-5796,0,1012,-83.6493705287115,41.40413019190604,dolomite
MAT-CARB-5796,0,1013,-83.64706296178508,41.40536674092572,dolomite
MAT-CARB-5796,0,1014,-83.64617206642681,41.405645125273146,dolomite
MAT-CARB-5796,0,1015,-83.64314347329118,41.40661861875843,dolomite
MAT-CARB-5796,0,1016,-83.64081755853817,41.40677569925429,dolomite
MAT-CARB-5796,0,1017,-83.64010121651967,41.406782511180644,dolomite
MAT-CARB-5796,0,1018,-83.63812894364753,41.40666631102658,dolomite
MAT-CARB-5796,0,1019,-83.63740583020154,41.406268344597265,dolomite
MAT-CARB-5796,0,1020,-83.63613867490791,41.405470729654276,dolomite
MAT-CARB-5796,0,1021,-83.63451113766291,41.404541577684995,dolomite
MAT-CARB-5796,0,1022,-83.63250972057374,41.402671346731964,dolomite
MAT-CARB-5796,0,1023,-83.63016600996359,41.40174889606005,dolomite
MAT-CARB-5796,0,1024,-83.62765892108031,41.40177249720256,dolomite
MAT-CARB-5796,0,1025,-83.62659339179888,41.402322272615194,dolomite
MAT-CARB-5796,0,1026,-83.6249995486488,41.40341672804596,dolomite
MAT-CARB-5796,0,1027,-83.62412866697727,41.4049092127316,dolomite
MAT-CARB-5796,0,1028,-83.62273386162116,41.407216218603445,dolomite
MAT-CARB-5796,0,1029,-83.62010305771801,41.41061426611968,dolomite
MAT-CARB-5796,0,1030,-83.6185333365237,41.413192707560405,dolomite
MAT-CARB-5796,0,1031,-83.61713151928184,41.415094899940726,dolomite
MAT-CARB-5796,0,1032,-83.61265631427347,41.42324934810935,dolomite
MAT-CARB-5796,0,1033,-83.61025421943617,41.429748507970594,dolomite
MAT-CARB-5796,0,1034,-83.60901997107253,41.43097432024666,dolomite
MAT-CARB-5796,0,1035,-83.60760212739193,41.43193198124933,dolomite
MAT-CARB-5796,0,1036,-83.60708445135435,41.433151153441344,dolomite
MAT-CARB-5796,0,1037,-83.60657331216815,41.43477510485925,dolomite
MAT-CARB-5796,0,1038,-83.60587423700296,41.435861012235314,dolomite
MAT-CARB-5796,0,1039,-83.6059115656989,41.43815454587602,dolomite
MAT-CARB-5796,0,1040,-83.60628747704764,41.439230567190535,dolomite
MAT-CARB-5796,0,1041,-83.60665680780502,41.43990183330935,dolomite
MAT-CARB-5796,0,1042,-83.60630724708645,41.44044477190854,dolomite
MAT-CARB-5796,0,1043,-83.60654794471603,41.44422071712298,dolomite
MAT-CARB-5796,0,1044,-83.60674690908792,41.44543326443971,dolomite
MAT-CARB-5796,0,1045,-83.60714929362747,41.448128224391155,dolomite
MAT-CARB-5796,0,1046,-83.60808487935509,41.4505483727128,dolomite
MAT-CARB-5796,0,1047,-83.60864894135221,41.45216234972133,dolomite
MAT-CARB-5796,0,1048,-83.60868857497358,41.45459078659328,dolomite
MAT-CARB-5796,0,1049,-83.60816850845387,41.45567503464011,dolomite
MAT-CARB-5796,0,1050,-83.60694694306521,41.457710294592516,dolomite
MAT-CARB-5796,0,1051,-83.60608159608155,41.45960732935497,dolomite
MAT-CARB-5796,0,1052,-83.60649499043384,41.462976791283616,dolomite
MAT-CARB-5796,0,1053,-83.6066896128727,41.46391953577889,dolomite
MAT-CARB-5796,0,1054,-83.60656532597497,41.46729394184549,dolomite
MAT-CARB-5796,0,1055,-83.60571079223784,41.46986551351399,dolomite
MAT-CARB-5796,0,1056,-83.60485842462266,41.472571950964635,dolomite
MAT-CARB-5796,0,1057,-83.60238375248436,41.47475358314196,dolomite
MAT-CARB-5796,0,1058,-83.60062385723013,41.47679368394981,dolomite
MAT-CARB-5796,0,1059,-83.59814889520563,41.47897522129544,dolomite
MAT-CARB-5796,0,1060,-83.59764373965982,41.48100378685658,dolomite
MAT-CARB-5796,0,1061,-83.5971298707369,41.482492703006685,dolomite
MAT-CARB-5796,0,1062,-83.59714077022873,41.483167250581154,dolomite
MAT-CARB-5796,0,1063,-83.59751461073152,41.4841083286103,dolomite
MAT-CARB-5796,0,1064,-83.59774843016997,41.487479419113086,dolomite
MAT-CARB-5796,0,1065,-83.59691732105563,41.491534847182955,dolomite
MAT-CARB-5796,0,1066,-83.59746615558545,41.492204474946206,dolomite
MAT-CARB-5796,0,1067,-83.5983714820948,41.49273591708114,dolomite
MAT-CARB-5796,0,1068,-83.59963326650742,41.493129138616595,dolomite
MAT-CARB-5796,0,1069,-83.59999189504242,41.49312585426812,dolomite
MAT-CARB-5796,0,1070,-83.60052546402703,41.49285112005635,dolomite
MAT-CARB-5796,0,1071,-83.60231867174687,41.4928346736105,dolomite
MAT-CARB-5796,0,1072,-83.60286099502356,41.493099540257504,dolomite
MAT-CARB-5796,0,1073,-83.6050260125856,41.493889230669346,dolomite
MAT-CARB-5796,0,1074,-83.60611289936325,41.49455383911599,dolomite
MAT-CARB-5796,0,1075,-83.6075474786161,41.49454061757964,dolomite
MAT-CARB-5796,0,1076,-83.60826258397495,41.49439909768273,dolomite
MAT-CARB-5796,0,1077,-83.61004697087569,41.49384292590597,dolomite
MAT-CARB-5796,0,1078,-83.61219883409754,41.49382301650767,dolomite
MAT-CARB-5796,0,1079,-83.61327694099535,41.493947950195675,dolomite
MAT-CARB-5796,0,1080,-83.61435951712892,41.49434267875686,dolomite
MAT-CARB-5796,0,1081,-83.61942058110941,41.496724333001275,dolomite
MAT-CARB-5796,0,1082,-83.62176519524118,41.49751202062152,dolomite
MAT-CARB-5796,0,1083,-83.62339035836831,41.498171471418054,dolomite
MAT-CARB-5796,0,1084,-83.62787364038111,41.49812945246148,dolomite
MAT-CARB-5796,0,1085,-83.62984177999006,41.497841080301384,dolomite
MAT-CARB-5796,0,1086,-83.6312674315661,41.497287968309685,dolomite
MAT-CARB-5796,0,1087,-83.63554650253711,41.495763376329165,dolomite
MAT-CARB-5796,0,1088,-83.6371491226742,41.49507356854165,dolomite
MAT-CARB-5796,0,1089,-83.63874495767622,41.493979005207635,dolomite
MAT-CARB-5796,0,1090,-83.63980726065371,41.49315935886676,dolomite
MAT-CARB-5796,0,1091,-83.64227913115778,41.49084208622145,dolomite
MAT-CARB-5796,0,1092,-83.64369544326416,41.489749159086806,dolomite
MAT-CARB-5796,0,1093,-83.64547714103834,41.489057528918956,dolomite
MAT-CARB-5796,0,1094,-83.64600825330022,41.488647688921745,dolomite
MAT-CARB-5796,0,1095,-83.64722236599363,41.48620737504224,dolomite
MAT-CARB-5796,0,1096,-83.64827531859522,41.48484800974506,dolomite
MAT-CARB-5796,0,1097,-83.64933511612125,41.48389334224034,dolomite
MAT-CARB-5796,0,1098,-83.65093960318583,41.48333827413172,dolomite
MAT-CARB-5796,0,1099,-83.65272796617212,41.4830512414737,dolomite
MAT-CARB-5796,0,1100,-83.6543346990396,41.48263103064126,dolomite
MAT-CARB-5796,0,1101,-83.65558743574024,41.482484055603805,dolomite
MAT-CARB-5796,0,1102,-83.65755960421468,41.48246505894826,dolomite
MAT-CARB-5796,0,1103,-83.65827908059347,41.482593045741496,dolomite
MAT-CARB-5796,0,1104,-83.66312681430972,41.48295095948127,dolomite
MAT-CARB-5796,0,1105,-83.66689656116863,41.48318426108378,dolomite
MAT-CARB-5796,0,1106,-83.66868481614603,41.48289699110015,dolomite
MAT-CARB-5796,0,1107,-83.67082464682737,41.4822014904202,dolomite
MAT-CARB-5796,0,1108,-83.6726012472367,41.48123964759331,dolomite
MAT-CARB-5796,0,1109,-83.67418681789282,41.47960498953387,dolomite
MAT-CARB-5796,0,1110,-83.67470364276377,41.47838554679339,dolomite
MAT-CARB-5796,0,1111,-83.67537640472476,41.47581528530377,dolomite
MAT-CARB-5796,0,1112,-83.67589551539432,41.47473073710769,dolomite
MAT-CARB-5796,0,1113,-83.67712467429793,41.473234446219934,dolomite
MAT-CARB-5796,0,1114,-83.67764607719022,41.4722848192873,dolomite
MAT-CARB-5796,0,1115,-83.67775517965003,41.46823577878522,dolomite
MAT-CARB-5796,0,1116,-83.67843705257752,41.466205124103475,dolomite
MAT-CARB-5796,0,1117,-83.6795008213613,41.465520012114105,dolomite
MAT-CARB-5796,0,1118,-83.68038298655321,41.46470174850829,dolomite
MAT-CARB-5796,0,1119,-83.6812557084431,41.46334383254405,dolomite
MAT-CARB-5796,0,1120,-83.68229826827628,41.46144449667523,dolomite
MAT-CARB-5796,0,1121,-83.68264263121027,41.46063150903108,dolomite
MAT-CARB-5796,0,1122,-83.68290710285928,41.4552315784487,dolomite
MAT-CARB-5796,0,1123,-83.68357697416415,41.452526289287036,dolomite
MAT-CARB-5796,0,1124,-83.68463341873387,41.451436379257906,dolomite
MAT-CARB-5796,0,1125,-83.68623213880252,41.45061098564046,dolomite
MAT-CARB-5796,0,1126,-83.68907815587163,41.44936842982737,dolomite
MAT-CARB-5796,0,1127,-83.69175197538625,41.44853230301751,dolomite
MAT-CARB-5796,0,1128,-83.69909673226218,41.448324183110316,dolomite
MAT-CARB-5796,0,1129,-83.70071427912987,41.44857789674049,dolomite
MAT-CARB-5796,0,1130,-83.70287184696028,41.44896107935881,dolomite
MAT-CARB-5796,0,1131,-83.70450616715199,41.45015910884758,dolomite
MAT-CARB-5796,0,1132,-83.70669492391832,41.45229607567269,dolomite
MAT-CARB-5796,0,1133,-83.70869024239197,41.45362534557388,dolomite
MAT-CARB-5796,0,1134,-83.71033198852177,41.45522800609309,dolomite
MAT-CARB-5796,0,1135,-83.71161778722082,41.456969165615966,dolomite
MAT-CARB-5796,0,1136,-83.71416068603702,41.45971410523972,dolomite
MAT-CARB-5796,0,1137,-83.71417853311279,41.45976601449188,dolomite
MAT-CARB-5796,0,1138,-83.71939649284296,41.46871697187402,dolomite
MAT-CARB-5796,0,1139,-83.71957281724062,41.46967341767816,dolomite
MAT-CARB-5796,0,1140,-83.72480730560663,41.4775256548316,dolomite
MAT-CARB-5796,0,1141,-83.72857373829747,41.4833564172444,dolomite
MAT-CARB-5796,0,1142,-83.7331801595654,41.49157397275951,dolomite
MAT-CARB-5796,0,1143,-83.73464974135386,41.493595126087726,dolomite
MAT-CARB-5796,0,1144,-83.73645958741508,41.496810515204444,dolomite
MAT-CARB-5796,0,1145,-83.73714437966885,41.49943860023755,dolomite
MAT-CARB-5796,0,1146,-83.7372798312587,41.51560717240948,dolomite
MAT-CARB-5796,0,1147,-83.73718887656632,41.51679358770546,dolomite
MAT-CARB-5796,0,1148,-83.73663643836908,41.52399813837297,dolomite
MAT-CARB-5796,0,1149,-83.73636855605832,41.52493646225226,dolomite
MAT-CARB-5796,0,1150,-83.73322953439606,41.52627740070306,dolomite
MAT-CARB-5796,0,1151,-83.73130362070377,41.52813915157029,dolomite
MAT-CARB-5796,0,1152,-83.73009906838938,41.529256698016816,dolomite
MAT-CARB-5796,0,1153,-83.72867950102678,41.53203421166588,dolomite
MAT-CARB-5796,0,1154,-83.72728983797937,41.53646919834771,dolomite
MAT-CARB-5796,0,1155,-83.7256350729971,41.53980165724535,dolomite
MAT-CARB-5796,0,1156,-83.72444680428511,41.54183995460061,dolomite
MAT-CARB-5796,0,1157,-83.72276189064283,41.5435148736778,dolomite
MAT-CARB-5796,0,1158,-83.72060016969715,41.545931412747215,dolomite
MAT-CARB-5796,0,1159,-83.71649483360176,41.54928857443249,dolomite
MAT-CARB-5796,0,1160,-83.71335265039627,41.5517148861131,dolomite
MAT-CARB-5796,0,1161,-83.70908039195854,41.55949414348338,dolomite
MAT-CARB-5796,0,1162,-83.70828068592971,41.56963285260139,dolomite
MAT-CARB-5796,0,1163,-83.70648396548088,41.57886049078471,dolomite
MAT-CARB-5796,0,1164,-83.70386299731244,41.58312315193422,dolomite
MAT-CARB-5796,0,1165,-83.70219937387327,41.58608684792618,dolomite
MAT-CARB-5796,0,1166,-83.70026442425292,41.587579698238045,dolomite
MAT-CARB-5796,0,1167,-83.69642019964343,41.5920385589981,dolomite
MAT-CARB-5796,0,1168,-83.69377214107791,41.59482769908592,dolomite
MAT-CARB-5796,0,1169,-83.69062383497942,41.59706915560678,dolomite
MAT-CARB-5796,0,1170,-83.68649779751709,41.599504369717685,dolomite
MAT-CARB-5796,0,1171,-83.68297290754673,41.60176748274186,dolomite
MAT-CARB-5796,0,1172,-83.68128868953642,41.60362590103451,dolomite
MAT-CARB-5796,0,1173,-83.67865557002216,41.607335453451284,dolomite
MAT-CARB-5796,0,1174,-83.67504766713044,41.61142285031272,dolomite
MAT-CARB-5796,0,1175,-83.66997103243033,41.615708578877864,dolomite
MAT-CARB-5796,0,1176,-83.6672987887078,41.61720801250937,dolomite
MAT-CARB-5796,0,1177,-83.66462322464874,41.618523221086235,dolomite
MAT-CARB-5796,0,1178,-83.66365484721965,41.61926934131609,dolomite
MAT-CARB-5796,0,1179,-83.66319281719734,41.6209314492417,dolomite
MAT-CARB-5796,0,1180,-83.66393492348345,41.621292634553434,dolomite
MAT-CARB-5796,0,1181,-83.66565173824327,41.621276016009745,dolomite
MAT-CARB-5796,0,1182,-83.66663911190543,41.62163483598381,dolomite
MAT-CARB-5796,0,1183,-83.66714551010476,41.622550841813364,dolomite
MAT-CARB-5796,0,1184,-83.66717723472006,41.6243923649233,dolomite
MAT-CARB-5796,0,1185,-83.66624053797212,41.62697999337093,dolomite
MAT-CARB-5796,0,1186,-83.6650552875956,41.6293858488723,dolomite
MAT-CARB-5796,0,1187,-83.66120006022317,41.633475127130815,dolomite
MAT-CARB-5796,0,1188,-83.65685060606103,41.63738482257432,dolomite
MAT-CARB-5796,0,1189,-83.65152555129318,41.641672033962266,dolomite
MAT-CARB-5796,0,1190,-83.64861275564527,41.6435416594357,dolomite
MAT-CARB-5796,0,1191,-83.6461873931999,41.64522240708885,dolomite
MAT-CARB-5796,0,1192,-83.64400725221668,41.646900744677176,dolomite
MAT-CARB-5796,0,1193,-83.63914660804618,41.64970951426348,dolomite
MAT-CARB-5796,0,1194,-83.63646612342801,41.650839927408974,dolomite
MAT-CARB-5796,0,1195,-83.63231330988243,41.651984135770064,dolomite
MAT-CARB-5796,0,1196,-83.62962647724488,41.65274607545908,dolomite
MAT-CARB-5796,0,1197,-83.62601625828718,41.657015971843336,dolomite
MAT-CARB-5796,0,1198,-83.62094834596317,41.662220197868365,dolomite
MAT-CARB-5796,0,1199,-83.61707646956934,41.66557136904116,dolomite
MAT-CARB-5796,0,1200,-83.61269819426398,41.668006182837445,dolomite
MAT-CARB-5796,0,1201,-83.60781966998229,41.66989290466955,dolomite
MAT-CARB-5796,0,1202,-83.60440754165829,41.67139764224161,dolomite
MAT-CARB-5796,0,1203,-83.60221053171234,41.672154454149506,dolomite
MAT-CARB-5796,0,1204,-83.59706504838141,41.67275396366458,dolomite
MAT-CARB-5796,0,1205,-83.59291617083225,41.67426507746838,dolomite
MAT-CARB-5796,0,1206,-83.59146125171321,41.67538329286895,dolomite
MAT-CARB-5796,0,1207,-83.58710212175441,41.67910619461014,dolomite
MAT-CARB-5796,0,1208,-83.58540150094782,41.68022654763656,dolomite
MAT-CARB-5796,0,1209,-83.58419478537456,41.68152664016717,dolomite
MAT-CARB-5796,0,1210,-83.57425855057315,41.68971919866078,dolomite
MAT-CARB-5796,0,1211,-83.56939193847039,41.69252504546994,dolomite
MAT-CARB-5796,0,1212,-83.56671733760416,41.694206270767395,dolomite
MAT-CARB-5796,0,1213,-83.56501889848326,41.69551050261889,dolomite
MAT-CARB-5796,0,1214,-83.5611279109546,41.69793903444214,dolomite
MAT-CARB-5796,0,1215,-83.55529228689367,41.701673650207,dolomite
MAT-CARB-5796,0,1216,-83.55147505521087,41.704412025880295,dolomite
MAT-CARB-5796,0,1217,-83.55049280306415,41.70442059370183,dolomite
MAT-CARB-5796,0,1218,-83.54879379488366,41.70572458494916,dolomite
MAT-CARB-5796,0,1219,-83.54367940688222,41.70853149020506,dolomite
MAT-CARB-5796,0,1220,-83.5427141208068,41.70964485474369,dolomite
MAT-CARB-5796,0,1221,-83.54149185072349,41.71002375162211,dolomite
MAT-CARB-5796,0,1222,-83.53880169211786,41.71078362508967,dolomite
MAT-CARB-5796,0,1223,-83.53782781969602,41.7113445190698,dolomite
MAT-CARB-5796,0,1224,-83.53319529513733,41.7135943060695,dolomite
MAT-CARB-5796,0,1225,-83.52905369161624,41.71583974423918,dolomite
MAT-CARB-5796,0,1226,-83.52006888134827,41.72273021738536,dolomite
MAT-CARB-5796,0,1227,-83.51812042878375,41.72385165528289,dolomite
MAT-CARB-5796,0,1228,-83.51445795434034,41.725355846225796,dolomite
MAT-CARB-5796,0,1229,-83.51175146663662,41.72706193506389,dolomite
MAT-CARB-5796,0,1230,-83.51077018334281,41.72716225465647,dolomite
MAT-CARB-5796,0,1231,-83.50885757774674,41.728717780769884,dolomite
MAT-CARB-5796,0,1232,-83.50739461395597,41.729466681006095,dolomite
MAT-CARB-5796,0,1233,-83.50472934257064,41.73109179958923,dolomite
MAT-CARB-5796,0,1234,-83.49165755716845,41.73143711792431,dolomite
MAT-CARB-23,0,0,-83.4930854155665,41.53010193878386,dolomite
MAT-CARB-23,0,1,-83.49253295025474,41.529695581524955,dolomite
MAT-CARB-23,0,2,-83.49251491919769,41.52846293661346,dolomite
MAT-CARB-23,0,3,-83.49305133864915,41.52777363376289,dolomite
MAT-CARB-23,0,4,-83.49448638398435,41.52625502027543,dolomite
MAT-CARB-23,0,5,-83.49647183555163,41.525005772895035,dolomite
MAT-CARB-23,0,6,-83.49646379019805,41.52445791375041,dolomite
MAT-CARB-23,0,7,-83.49518080058688,41.52392064862299,dolomite
MAT-CARB-23,0,8,-83.49172027065039,41.52394926156148,dolomite
MAT-CARB-23,0,9,-83.49098372939234,41.52340744013539,dolomite
MAT-CARB-23,0,10,-83.49041933689199,41.52217929386416,dolomite
MAT-CARB-23,0,11,-83.48949470461604,41.52122806108351,dolomite
MAT-CARB-23,0,12,-83.48876419737361,41.52109710027725,dolomite
MAT-CARB-23,0,13,-83.48730916926301,41.52124604081056,dolomite
MAT-CARB-23,0,14,-83.48658463959868,41.521525942171564,dolomite
MAT-CARB-23,0,15,-83.48512959790851,41.52167488368163,dolomite
MAT-CARB-23,0,16,-83.48403086406532,41.52127293586042,dolomite
MAT-CARB-23,0,17,-83.4832963977873,41.5208680246901,dolomite
MAT-CARB-23,0,18,-83.48327059903289,41.51908753426685,dolomite
MAT-CARB-23,0,19,-83.48414347182228,41.51647780365067,dolomite
MAT-CARB-23,0,20,-83.48539441434883,41.514823816620606,dolomite
MAT-CARB-23,0,21,-83.48791007193662,41.51247454076537,dolomite
MAT-CARB-23,0,22,-83.48917881394682,41.51205314512406,dolomite
MAT-CARB-23,0,23,-83.49099184714527,41.511490298325185,dolomite
MAT-CARB-23,0,24,-83.49153214965575,41.51107491169874,dolomite
MAT-CARB-23,0,25,-83.49225054000803,41.5103840718075,dolomite
MAT-CARB-23,0,26,-83.49477178121653,41.50844552354918,dolomite
MAT-CARB-23,0,27,-83.49638649473609,41.50678839452086,dolomite
MAT-CARB-23,0,28,-83.49801522627283,41.50608998951158,dolomite
MAT-CARB-23,0,29,-83.50036620895638,41.50497459062178,dolomite
MAT-CARB-23,0,30,-83.50236711041731,41.50482093269692,dolomite
MAT-CARB-23,0,31,-83.50437408260518,41.50507812159898,dolomite
MAT-CARB-23,0,32,-83.50584090405258,41.50575073229664,dolomite
MAT-CARB-23,0,33,-83.50713375957747,41.50697271850738,dolomite
MAT-CARB-23,0,34,-83.50954369900047,41.50982905365233,dolomite
MAT-CARB-23,0,35,-83.51084081502887,41.51132491403218,dolomite
MAT-CARB-23,0,36,-83.51175744424,41.511728126433376,dolomite
MAT-CARB-23,0,37,-83.51449716127765,41.51225295323876,dolomite
MAT-CARB-23,0,38,-83.51687886727034,41.51319165019119,dolomite
MAT-CARB-23,0,39,-83.51816182620126,41.51372871584124,dolomite
MAT-CARB-23,0,40,-83.52091605886469,41.51521210662289,dolomite
MAT-CARB-23,0,41,-83.5227557449685,41.51642924329872,dolomite
MAT-CARB-23,0,42,-83.52384843045238,41.516419935982604,dolomite
MAT-CARB-23,0,43,-83.5254791799686,41.515858122699804,dolomite
MAT-CARB-23,0,44,-83.5274824189156,41.51584100627655,dolomite
MAT-CARB-23,0,45,-83.52913181629829,41.51651176884342,dolomite
MAT-CARB-23,0,46,-83.53097376605001,41.517865763949395,dolomite
MAT-CARB-23,0,47,-83.5313608982876,41.519369203505555,dolomite
MAT-CARB-23,0,48,-83.5295563014878,41.520480514761324,dolomite
MAT-CARB-23,0,49,-83.52702520628473,41.521734985264686,dolomite
MAT-CARB-23,0,50,-83.52448988160815,41.52271545837191,dolomite
MAT-CARB-23,0,51,-83.5217579141329,41.52273872248849,dolomite
MAT-CARB-23,0,52,-83.52065894661291,41.52233713743116,dolomite
MAT-CARB-23,0,53,-83.5179085391859,41.52112766554016,dolomite
MAT-CARB-23,0,54,-83.51570866495456,41.52018745563082,dolomite
MAT-CARB-23,0,55,-83.51249708442805,41.519617319119696,dolomite
MAT-CARB-23,0,56,-83.5099801342152,41.51965356224362,dolomite
MAT-CARB-23,0,57,-83.50851028823794,41.519839227000006,dolomite
MAT-CARB-23,0,58,-83.5067947499031,41.52094736054584,dolomite
MAT-CARB-23,0,59,-83.50589832752053,41.52191372251361,dolomite
MAT-CARB-23,0,60,-83.50467614325933,41.52548535007383,dolomite
MAT-CARB-23,0,61,-83.50253094560581,41.52824281240699,dolomite
MAT-CARB-23,0,62,-83.50054955011181,41.52976607112664,dolomite
MAT-CARB-23,0,63,-83.498918259993,41.530327539486024,dolomite
MAT-CARB-23,0,64,-83.49858440230696,41.530467315823124,dolomite
MAT-CARB-23,0,65,-83.49473076714753,41.53049925128244,dolomite
MAT-CARB-23,0,66,-83.4930854155665,41.53010193878386,dolomite
MAT-CARB-8,0,0,-83.47075352969787,41.55463878184143,dolomite
MAT-CARB-8,0,1,-83.47074544731832,41.55566599013099,dolomite
MAT-CARB-8,0,2,-83.46973900726556,41.55695805438587,dolomite
MAT-CARB-8,0,3,-83.46838792344926,41.558047457224646,dolomite
MAT-CARB-8,0,4,-83.4674328323013,41.55815786115055,dolomite
MAT-CARB-8,0,5,-83.46654389188966,41.55811366834526,dolomite
MAT-CARB-8,0,6,-83.46543243474821,41.55683866031093,dolomite
MAT-CARB-8,0,7,-83.46539210916616,41.55560638700706,dolomite
MAT-CARB-8,0,8,-83.46801361180586,41.55416441987389,dolomite
MAT-CARB-8,0,9,-83.46999443299919,41.55411422330732,dolomite
MAT-CARB-8,0,10,-83.47075352969787,41.55463878184143,dolomite
MAT-CARB-5853,0,0,-83.36021036941072,41.563993095963454,dolomite
MAT-CARB-5853,0,1,-83.36075963976818,41.56419458925338,dolomite
MAT-CARB-5853,0,2,-83.3611301447642,41.56467126896349,dolomite
MAT-CARB-5853,0,3,-83.36131760975036,41.565080774884535,dolomite
MAT-CARB-5853,0,4,-83.36086725912476,41.56549487638433,dolomite
MAT-CARB-5853,0,5,-83.36050800967325,41.565908296595666,dolomite
MAT-CARB-5853,0,6,-83.36051582918248,41.56652451304531,dolomite
MAT-CARB-5853,0,7,-83.36088464338538,41.56686426454509,dolomite
MAT-CARB-5853,0,8,-83.36270691862022,41.56685120291922,dolomite
MAT-CARB-5853,0,9,-83.36316158829788,41.56677945581216,dolomite
MAT-CARB-5853,0,10,-83.36451519002233,41.56574258199549,dolomite
MAT-CARB-5853,0,11,-83.36569003628226,41.564980914861486,dolomite
MAT-CARB-5853,0,12,-83.36659675491939,41.56463199026328,dolomite
MAT-CARB-5853,0,13,-83.36741765101085,41.56469455448574,dolomite
MAT-CARB-5853,0,14,-83.36824464822695,41.56523637464466,dolomite
MAT-CARB-5853,0,15,-83.36889383216975,41.56612189379156,dolomite
MAT-CARB-5853,0,16,-83.36945192430376,41.56700804022248,dolomite
MAT-CARB-5853,0,17,-83.36968595037825,41.571046423148076,dolomite
MAT-CARB-5853,0,18,-83.36933199212623,41.57187067644258,dolomite
MAT-CARB-5853,0,19,-83.36888255899943,41.57235325510658,dolomite
MAT-CARB-5853,0,20,-83.36824822025517,41.572631743976295,dolomite
MAT-CARB-5853,0,21,-83.36761212423842,41.57277330245925,dolomite
MAT-CARB-5853,0,22,-83.36560483618945,41.572582346107495,dolomite
MAT-CARB-5853,0,23,-83.36423715107026,41.572523700502,dolomite
MAT-CARB-5853,0,24,-83.36269507711613,41.57308258720626,dolomite
MAT-CARB-5853,0,25,-83.36124840687609,41.573983132641786,dolomite
MAT-CARB-5853,0,26,-83.36108790949741,41.5756961740402,dolomite
MAT-CARB-5853,0,27,-83.36046480343673,41.576864712858665,dolomite
MAT-CARB-5853,0,28,-83.36057243690163,41.578164958838954,dolomite
MAT-CARB-5853,0,29,-83.36094131470715,41.57850470680477,dolomite
MAT-CARB-5853,0,30,-83.361128780278,41.57891420846989,dolomite
MAT-CARB-5853,0,31,-83.36231434249878,41.57897419610476,dolomite
MAT-CARB-5853,0,32,-83.36294963652549,41.57876421693084,dolomite
MAT-CARB-5853,0,33,-83.36512100208728,41.577516055177874,dolomite
MAT-CARB-5853,0,34,-83.36593502039938,41.57703086829004,dolomite
MAT-CARB-5853,0,35,-83.36666315687579,41.576957139470125,dolomite
MAT-CARB-5853,0,36,-83.36684631249513,41.577024302582636,dolomite
MAT-CARB-5853,0,37,-83.36703205862878,41.57729686910181,dolomite
MAT-CARB-5853,0,38,-83.36704519223379,41.57832388569254,dolomite
MAT-CARB-5853,0,39,-83.36641953978719,41.5792870497075,dolomite
MAT-CARB-5853,0,40,-83.36597437310135,41.58011197126765,dolomite
MAT-CARB-5853,0,41,-83.36565008294167,41.58326416711539,dolomite
MAT-CARB-5853,0,42,-83.36515306849395,41.58717079588935,dolomite
MAT-CARB-5853,0,43,-83.36430103687944,41.59183321245581,dolomite
MAT-CARB-5853,0,44,-83.36277678826438,41.593829896132476,dolomite
MAT-CARB-5853,0,45,-83.36079149706816,41.59541904605245,dolomite
MAT-CARB-5853,0,46,-83.35997635232779,41.59583571459413,dolomite
MAT-CARB-5853,0,47,-83.35842764297126,41.595915259058756,dolomite
MAT-CARB-5853,0,48,-83.35623913091294,41.5958623753836,dolomite
MAT-CARB-5853,0,49,-83.35440485480575,41.59498526068026,dolomite
MAT-CARB-5853,0,50,-83.35264971308354,41.59314888824457,dolomite
MAT-CARB-5853,0,51,-83.35172017274775,41.59171751100268,dolomite
MAT-CARB-5853,0,52,-83.35177431962963,41.58877274128918,dolomite
MAT-CARB-5853,0,53,-83.35230568774334,41.587536428795396,dolomite
MAT-CARB-5853,0,54,-83.35328068020453,41.585338318364165,dolomite
MAT-CARB-5853,0,55,-83.35416961890236,41.583551676129204,dolomite
MAT-CARB-5853,0,56,-83.35505332927612,41.581354191333205,dolomite
MAT-CARB-5853,0,57,-83.35594047653986,41.579430575875016,dolomite
MAT-CARB-5853,0,58,-83.35691346751219,41.577095494420895,dolomite
MAT-CARB-5853,0,59,-83.35753057514324,41.575447689336315,dolomite
MAT-CARB-5853,0,60,-83.35814072025198,41.57325211579953,dolomite
MAT-CARB-5853,0,61,-83.35857640076183,41.57167407770392,dolomite
MAT-CARB-5853,0,62,-83.35893392117477,41.57112371083118,dolomite
MAT-CARB-5853,0,63,-83.35900855454821,41.56982212645883,dolomite
MAT-CARB-5853,0,64,-83.35872567992703,41.5690709365588,dolomite
MAT-CARB-5853,0,65,-83.3579785601325,41.56763827674726,dolomite
MAT-CARB-5853,0,66,-83.3575073916557,41.56640906702318,dolomite
MAT-CARB-5853,0,67,-83.35749353856386,41.56531353387018,dolomite
MAT-CARB-5853,0,68,-83.35866412128141,41.56420957371872,dolomite
MAT-CARB-5853,0,69,-83.35957086575213,41.563860701878674,dolomite
MAT-CARB-5853,0,70,-83.36021036941072,41.563993095963454,dolomite
MAT-CARB-5855,0,0,-83.578931401719,41.58835099506967,dolomite
MAT-CARB-5855,0,1,-83.57911585143187,41.58848630893725,dolomite
MAT-CARB-5855,0,2,-83.57913329026856,41.589581764224185,dolomite
MAT-CARB-5855,0,3,-83.57796477429532,41.59061936925914,dolomite
MAT-CARB-5855,0,4,-83.5769818010332,41.59186072541137,dolomite
MAT-CARB-5855,0,5,-83.57643931280492,41.59213949071967,dolomite
MAT-CARB-5855,0,6,-83.57589134976024,41.59207590943372,dolomite
MAT-CARB-5855,0,7,-83.57515567853589,41.59167163804747,dolomite
MAT-CARB-5855,0,8,-83.57514916286303,41.59126084638162,dolomite
MAT-CARB-5855,0,9,-83.57576978554874,41.59015968732584,dolomite
MAT-CARB-5855,0,10,-83.57648043647428,41.5889892338143,dolomite
MAT-CARB-5855,0,11,-83.5775653946751,41.58843172590719,dolomite
MAT-CARB-5855,0,12,-83.57801783950111,41.58822224579349,dolomite
MAT-CARB-5855,0,13,-83.578931401719,41.58835099506967,dolomite
MAT-CARB-5797,0,0,-83.70020260327088,41.72527007935012,dolomite
MAT-CARB-5797,0,1,-83.6813760232762,41.72591096018237,dolomite
MAT-CARB-5797,0,2,-83.64487559368291,41.72714505521439,dolomite
MAT-CARB-5797,0,3,-83.62393124593588,41.72781945454812,dolomite
MAT-CARB-5797,0,4,-83.60438865166586,41.72841238165861,dolomite
MAT-CARB-5797,0,5,-83.50472934257064,41.73109179958923,dolomite
MAT-CARB-5797,0,6,-83.50739461395597,41.729466681006095,dolomite
MAT-CARB-5797,0,7,-83.50885757774674,41.728717780769884,dolomite
MAT-CARB-5797,0,8,-83.51077018334281,41.72716225465647,dolomite
MAT-CARB-5797,0,9,-83.51175146663662,41.72706193506389,dolomite
MAT-CARB-5797,0,10,-83.51445795434034,41.725355846225796,dolomite
MAT-CARB-5797,0,11,-83.51812042878375,41.72385165528289,dolomite
MAT-CARB-5797,0,12,-83.52006888134827,41.72273021738536,dolomite
MAT-CARB-5797,0,13,-83.52905369161624,41.71583974423918,dolomite
MAT-CARB-5797,0,14,-83.53319529513733,41.7135943060695,dolomite
MAT-CARB-5797,0,15,-83.53782781969602,41.7113445190698,dolomite
MAT-CARB-5797,0,16,-83.53880169211786,41.71078362508967,dolomite
MAT-CARB-5797,0,17,-83.54149185072349,41.71002375162211,dolomite
MAT-CARB-5797,0,18,-83.5427141208068,41.70964485474369,dolomite
MAT-CARB-5797,0,19,-83.54367940688222,41.70853149020506,dolomite
MAT-CARB-5797,0,20,-83.54879379488366,41.70572458494916,dolomite
MAT-CARB-5797,0,21,-83.55049280306415,41.70442059370183,dolomite
MAT-CARB-5797,0,22,-83.55147505521087,41.704412025880295,dolomite
MAT-CARB-5797,0,23,-83.55529228689367,41.701673650207,dolomite
MAT-CARB-5797,0,24,-83.5611279109546,41.69793903444214,dolomite
MAT-CARB-5797,0,25,-83.56501889848326,41.69551050261889,dolomite
MAT-CARB-5797,0,26,-83.56671733760416,41.694206270767395,dolomite
MAT-CARB-5797,0,27,-83.56939193847039,41.69252504546994,dolomite
MAT-CARB-5797,0,28,-83.57425855057315,41.68971919866078,dolomite
MAT-CARB-5797,0,29,-83.58419478537456,41.68152664016717,dolomite
MAT-CARB-5797,0,30,-83.58540150094782,41.68022654763656,dolomite
MAT-CARB-5797,0,31,-83.58710212175441,41.67910619461014,dolomite
MAT-CARB-5797,0,32,-83.59146125171321,41.67538329286895,dolomite
MAT-CARB-5797,0,33,-83.59291617083225,41.67426507746838,dolomite
MAT-CARB-5797,0,34,-83.59706504838141,41.67275396366458,dolomite
MAT-CARB-5797,0,35,-83.60221053171234,41.672154454149506,dolomite
MAT-CARB-5797,0,36,-83.60440754165829,41.67139764224161,dolomite
MAT-CARB-5797,0,37,-83.60781966998229,41.66989290466955,dolomite
MAT-CARB-5797,0,38,-83.61269819426398,41.668006182837445,dolomite
MAT-CARB-5797,0,39,-83.61707646956934,41.66557136904116,dolomite
MAT-CARB-5797,0,40,-83.62094834596317,41.662220197868365,dolomite
MAT-CARB-5797,0,41,-83.62601625828718,41.657015971843336,dolomite
MAT-CARB-5797,0,42,-83.62962647724488,41.65274607545908,dolomite
MAT-CARB-5797,0,43,-83.63231330988243,41.651984135770064,dolomite
MAT-CARB-5797,0,44,-83.63646612342801,41.650839927408974,dolomite
MAT-CARB-5797,0,45,-83.63914660804618,41.64970951426348,dolomite
MAT-CARB-5797,0,46,-83.64400725221668,41.646900744677176,dolomite
MAT-CARB-5797,0,47,-83.6461873931999,41.64522240708885,dolomite
MAT-CARB-5797,0,48,-83.64861275564527,41.6435416594357,dolomite
MAT-CARB-5797,0,49,-83.65152555129318,41.641672033962266,dolomite
MAT-CARB-5797,0,50,-83.65685060606103,41.63738482257432,dolomite
MAT-CARB-5797,0,51,-83.66120006022317,41.633475127130815,dolomite
MAT-CARB-5797,0,52,-83.6650552875956,41.6293858488723,dolomite
MAT-CARB-5797,0,53,-83.66624053797212,41.62697999337093,dolomite
MAT-CARB-5797,0,54,-83.66717723472006,41.6243923649233,dolomite
MAT-CARB-5797,0,55,-83.66714551010476,41.622550841813364,dolomite
MAT-CARB-5797,0,56,-83.66663911190543,41.62163483598381,dolomite
MAT-CARB-5797,0,57,-83.66565173824327,41.621276016009745,dolomite
MAT-CARB-5797,0,58,-83.66393492348345,41.621292634553434,dolomite
MAT-CARB-5797,0,59,-83.66319281719734,41.6209314492417,dolomite
MAT-CARB-5797,0,60,-83.66365484721965,41.61926934131609,dolomite
MAT-CARB-5797,0,61,-83.66462322464874,41.618523221086235,dolomite
MAT-CARB-5797,0,62,-83.6672987887078,41.61720801250937,dolomite
MAT-CARB-5797,0,63,-83.66997103243033,41.615708578877864,dolomite
MAT-CARB-5797,0,64,-83.67504766713044,41.61142285031272,dolomite
MAT-CARB-5797,0,65,-83.67865557002216,41.607335453451284,dolomite
MAT-CARB-5797,0,66,-83.68128868953642,41.60362590103451,dolomite
MAT-CARB-5797,0,67,-83.68297290754673,41.60176748274186,dolomite
MAT-CARB-5797,0,68,-83.68649779751709,41.599504369717685,dolomite
MAT-CARB-5797,0,69,-83.69062383497942,41.59706915560678,dolomite
MAT-CARB-5797,0,70,-83.69377214107791,41.59482769908592,dolomite
MAT-CARB-5797,0,71,-83.69642019964343,41.5920385589981,dolomite
MAT-CARB-5797,0,72,-83.70026442425292,41.587579698238045,dolomite
MAT-CARB-5797,0,73,-83.70219937387327,41.58608684792618,dolomite
MAT-CARB-5797,0,74,-83.70386299731244,41.58312315193422,dolomite
MAT-CARB-5797,0,75,-83.70648396548088,41.57886049078471,dolomite
MAT-CARB-5797,0,76,-83.70828068592971,41.56963285260139,dolomite
MAT-CARB-5797,0,77,-83.70908039195854,41.55949414348338,dolomite
MAT-CARB-5797,0,78,-83.71335265039627,41.5517148861131,dolomite
MAT-CARB-5797,0,79,-83.71649483360176,41.54928857443249,dolomite
MAT-CARB-5797,0,80,-83.72060016969715,41.545931412747215,dolomite
MAT-CARB-5797,0,81,-83.72276189064283,41.5435148736778,dolomite
MAT-CARB-5797,0,82,-83.72444680428511,41.54183995460061,dolomite
MAT-CARB-5797,0,83,-83.7256350729971,41.53980165724535,dolomite
MAT-CARB-5797,0,84,-83.72728983797937,41.53646919834771,dolomite
MAT-CARB-5797,0,85,-83.72867950102678,41.53203421166588,dolomite
MAT-CARB-5797,0,86,-83.73009906838938,41.529256698016816,dolomite
MAT-CARB-5797,0,87,-83.73130362070377,41.52813915157029,dolomite
MAT-CARB-5797,0,88,-83.73322953439606,41.52627740070306,dolomite
MAT-CARB-5797,0,89,-83.73636855605832,41.52493646225226,dolomite
MAT-CARB-5797,0,90,-83.73484741494477,41.53026451658808,dolomite
MAT-CARB-5797,0,91,-83.73167474535529,41.540540680870635,dolomite
MAT-CARB-5797,0,92,-83.72943065485808,41.54780710587088,dolomite
MAT-CARB-5797,0,93,-83.72887153746957,41.552124662040576,dolomite
MAT-CARB-5797,0,94,-83.72815952894464,41.55680306770769,dolomite
MAT-CARB-5797,0,95,-83.7272859181815,41.56136334953193,dolomite
MAT-CARB-5797,0,96,-83.72675254842719,41.5671178217858,dolomite
MAT-CARB-5797,0,97,-83.72588733360807,41.572157043566094,dolomite
MAT-CARB-5797,0,98,-83.72535808900926,41.57815096420873,dolomite
MAT-CARB-5797,0,99,-83.7249553242343,41.591341729435214,dolomite
MAT-CARB-5797,0,100,-83.7248218821035,41.59278032477077,dolomite
MAT-CARB-5797,0,101,-83.72503106887882,41.595532860521324,dolomite
MAT-CARB-5797,0,102,-83.72541485187217,41.59912199878258,dolomite
MAT-CARB-5797,0,103,-83.72615441080308,41.60474355964021,dolomite
MAT-CARB-5797,0,104,-83.72737891887921,41.61071943347335,dolomite
MAT-CARB-5797,0,105,-83.7289225769956,41.616692007027375,dolomite
MAT-CARB-5797,0,106,-83.73028745650133,41.62158847417226,dolomite
MAT-CARB-5797,0,107,-83.73085729535208,41.62661281232813,dolomite
MAT-CARB-5797,0,108,-83.73118933295315,41.62732801301348,dolomite
MAT-CARB-5797,0,109,-83.73133438189667,41.63146707329293,dolomite
MAT-CARB-5797,0,110,-83.73217728375185,41.6555068540381,dolomite
MAT-CARB-5797,0,111,-83.73257922284279,41.66005371615792,dolomite
MAT-CARB-5797,0,112,-83.7329136229945,41.66088863618377,dolomite
MAT-CARB-5797,0,113,-83.73326729572486,41.67154375811135,dolomite
MAT-CARB-5797,0,114,-83.7331316909598,41.6728625187953,dolomite
MAT-CARB-5797,0,115,-83.73313823399072,41.67322172235011,dolomite
MAT-CARB-5797,0,116,-83.73369122482657,41.677287930288145,dolomite
MAT-CARB-5797,0,117,-83.73386829435307,41.678244185546674,dolomite
MAT-CARB-5797,0,118,-83.73411535379111,41.68358084455929,dolomite
MAT-CARB-5797,0,119,-83.73491156872679,41.70077298251632,dolomite
MAT-CARB-5797,0,120,-83.73593297973028,41.704235496324735,dolomite
MAT-CARB-5797,0,121,-83.73678609553731,41.70722066980505,dolomite
MAT-CARB-5797,0,122,-83.73781208013017,41.71092257210073,dolomite
MAT-CARB-5797,0,123,-83.73766334279782,41.71152288255097,dolomite
MAT-CARB-5797,0,124,-83.73785151203025,41.71307779964007,dolomite
MAT-CARB-5797,0,125,-83.73852097433573,41.714747503012745,dolomite
MAT-CARB-5797,0,126,-83.74100429578615,41.71951219329979,dolomite
MAT-CARB-5797,0,127,-83.74241028549318,41.72389282805064,dolomite
MAT-CARB-5797,0,128,-83.70020260327088,41.72527007935012,dolomite
MAT-CARB-5848,0,0,-83.4921699718275,41.59695484079181,dolomite
MAT-CARB-5848,0,1,-83.4959345837683,41.59879534457656,dolomite
MAT-CARB-5848,0,2,-83.49617089242794,41.59917463822384,dolomite
MAT-CARB-5848,0,3,-83.49633325994533,41.60080226598793,dolomite
MAT-CARB-5848,0,4,-83.4961958513043,41.60087273708533,dolomite
MAT-CARB-5848,0,5,-83.49536583029659,41.600914274401255,dolomite
MAT-CARB-5848,0,6,-83.49299997188889,41.60006732804388,dolomite
MAT-CARB-5848,0,7,-83.49127356501964,41.598764538831695,dolomite
MAT-CARB-5848,0,8,-83.49125329138677,41.597378315736805,dolomite
MAT-CARB-5848,0,9,-83.49157015256549,41.59695978679415,dolomite
MAT-CARB-5848,0,10,-83.4921699718275,41.59695484079181,dolomite
MAT-CARB-5847,0,0,-83.33181992002913,41.60419425591624,dolomite
MAT-CARB-5847,0,1,-83.33186929975103,41.604502067161924,dolomite
MAT-CARB-5847,0,2,-83.33178020456755,41.60467384558221,dolomite
MAT-CARB-5847,0,3,-83.32987039480909,41.60506364131097,dolomite
MAT-CARB-5847,0,4,-83.32886885481716,41.60517325418271,dolomite
MAT-CARB-5847,0,5,-83.32786605705223,41.60518015903887,dolomite
MAT-CARB-5847,0,6,-83.32749678200925,41.60480609330342,dolomite
MAT-CARB-5847,0,7,-83.3274926022587,41.60446377003058,dolomite
MAT-CARB-5847,0,8,-83.32780875034969,41.604221923856386,dolomite
MAT-CARB-5847,0,9,-83.3282624893941,41.60404763841365,dolomite
MAT-CARB-5847,0,10,-83.3314979061703,41.603956838130905,dolomite
MAT-CARB-5847,0,11,-83.33181992002913,41.60419425591624,dolomite
MAT-CARB-5819,0,0,-83.37815203421864,41.63965971446977,dolomite
MAT-CARB-5819,0,1,-83.38052524372384,41.639779309234285,dolomite
MAT-CARB-5819,0,2,-83.38253724116112,41.64017539743941,dolomite
MAT-CARB-5819,0,3,-83.38474058287288,41.64125475988366,dolomite
MAT-CARB-5819,0,4,-83.38621790158514,41.642613319615094,dolomite
MAT-CARB-5819,0,5,-83.38716232087822,41.645071322518405,dolomite
MAT-CARB-5819,0,6,-83.38756485622082,41.6479441303179,dolomite
MAT-CARB-5819,0,7,-83.3870372809876,41.64945436900951,dolomite
MAT-CARB-5819,0,8,-83.38560814066334,41.65179287715447,dolomite
MAT-CARB-5819,0,9,-83.3834508843398,41.654273665511866,dolomite
MAT-CARB-5819,0,10,-83.38146876176212,41.65620535202791,dolomite
MAT-CARB-5819,0,11,-83.3804006884251,41.658267251404155,dolomite
MAT-CARB-5819,0,12,-83.37897291057641,41.66074260655893,dolomite
MAT-CARB-5819,0,13,-83.37863107060404,41.66252531918618,dolomite
MAT-CARB-5819,0,14,-83.37814221445403,41.66704786776061,dolomite
MAT-CARB-5819,0,15,-83.37744062643783,41.6692440020461,dolomite
MAT-CARB-5819,0,16,-83.37601786066212,41.672130070711255,dolomite
MAT-CARB-5819,0,17,-83.37456840329051,41.67296222771284,dolomite
MAT-CARB-5819,0,18,-83.37238709270851,41.673662742252155,dolomite
MAT-CARB-5819,0,19,-83.36928793359151,41.67395903468643,dolomite
MAT-CARB-5819,0,20,-83.36398804897838,41.67344940728045,dolomite
MAT-CARB-5819,0,21,-83.36178399042929,41.6723696954618,dolomite
MAT-CARB-5819,0,22,-83.36012227641501,41.6708752594545,dolomite
MAT-CARB-5819,0,23,-83.35864660149984,41.669653356231684,dolomite
MAT-CARB-5819,0,24,-83.35863791871662,41.668968722990044,dolomite
MAT-CARB-5819,0,25,-83.35826078534322,41.66801283205291,dolomite
MAT-CARB-5819,0,26,-83.35879435730914,41.6669135195021,dolomite
MAT-CARB-5819,0,27,-83.35968943743816,41.66553776603979,dolomite
MAT-CARB-5819,0,28,-83.36076525526812,41.66402375602355,dolomite
MAT-CARB-5819,0,29,-83.36219373130642,41.66154862420301,dolomite
MAT-CARB-5819,0,30,-83.36308692593576,41.66003589484761,dolomite
MAT-CARB-5819,0,31,-83.36374521987577,41.65441664989288,dolomite
MAT-CARB-5819,0,32,-83.3648085300729,41.65194408327839,dolomite
MAT-CARB-5819,0,33,-83.36605416481818,41.64947018988322,dolomite
MAT-CARB-5819,0,34,-83.36731026638877,41.64781786935562,dolomite
MAT-CARB-5819,0,35,-83.36802069892235,41.646306399699085,dolomite
MAT-CARB-5819,0,36,-83.36891184206048,41.64465666078125,dolomite
MAT-CARB-5819,0,37,-83.37106932492216,41.64217613954497,dolomite
MAT-CARB-5819,0,38,-83.37269352609346,41.64079494953272,dolomite
MAT-CARB-5819,0,39,-83.37432826588153,41.6402353047055,dolomite
MAT-CARB-5819,0,40,-83.3763278033395,41.63967300933206,dolomite
MAT-CARB-5819,0,41,-83.37815203421864,41.63965971446977,dolomite
