{"type": "FeatureCollection", "features": [{"type": "Feature", "id": 583, "geometry": {"type": "LineString", "coordinates": [[-83.39073799968301, 41.50051999982158], [-83.39067499993381, 41.50049299996133], [-83.39036600013732, 41.50034599985183], [-83.38471200014583, 41.4977570001625], [-83.3824099998566, 41.49670400011718], [-83.37865800012122, 41.49500000018108], [-83.37774799955189, 41.49460500018175], [-83.37772599981058, 41.49459500021865], [-83.37509200015867, 41.4934110002682], [-83.37491999973122, 41.4933320002725], [-83.3729399996573, 41.492436000162066], [-83.37226199978987, 41.49212499972786], [-83.37171699999183, 41.491886000322474], [-83.3716450000218, 41.4918460001275], [-83.37109600002582, 41.49160200015282], [-83.37034700001327, 41.49126599990805], [-83.36947300032726, 41.49086200006986], [-83.36645299998767, 41.48948500014464], [-83.3657380003103, 41.48915999976294], [-83.36498000007694, 41.488816000030106], [-83.36447200008882, 41.488585000166424], [-83.36435699956279, 41.48853299981552], [-83.36400799958332, 41.48837100011118], [-83.36301599989653, 41.48790599985631], [-83.36251200010638, 41.48767800001845], [-83.36028699981006, 41.486647999965705], [-83.36026500006876, 41.48663900010478], [-83.35928099987959, 41.48619999998642], [-83.35922900000105, 41.486178000172025], [-83.35888800041751, 41.48602399991615], [-83.35845999989702, 41.48582400011244], [-83.35817100019203, 41.485682999681245], [-83.35633500005814, 41.48485400028112], [-83.3536140003676, 41.48361699966755], [-83.35212800003809, 41.48293699974363], [-83.34967099993818, 41.4818020002903], [-83.34782499975856, 41.48095399966696], [-83.34748400017503, 41.48079700023092], [-83.34705700037776, 41.48061599990327], [-83.34667599971294, 41.48045500000126], [-83.3466010002682, 41.48041999988187], [-83.346053999922, 41.480165999775735], [-83.34531800032826, 41.47982400025415], [-83.34461199997344, 41.479501000058285], [-83.34282699989318, 41.47871500021186], [-83.34045799965682, 41.477615999930585], [-83.33913999955679, 41.47702100022462], [-83.33876899983603, 41.476860000141144], [-83.33849799967439, 41.4767380003174]]}, "properties": {"BASENAME": "Ohio", "MTFCC": "S1100", "NAME": "Ohio Tpke", "OBJECTID": 583, "OID": "110454701891", "PREDIR": null, "PREDIRABRV": null, "PREQUAL": null, "PREQUALABRV": null, "PRETYP": null, "PRETYPEABRV": null, "RTTYP": "M", "SUFDIR": null, "SUFDIRABRV": null, "SUFQUAL": null, "SUFQUALABRV": null, "SUFTYP": 635, "SUFTYPEABRV": "Tpke"}}, {"type": "Feature", "id": 584, "geometry": {"type": "LineString", "coordinates": [[-83.39120399983832, 41.50051300008316], [-83.39113100004339, 41.500475000048255], [-83.3908230000718, 41.50033199966382], [-83.38562199981683, 41.49800499973789], [-83.38438099970972, 41.497428000293986], [-83.38256100036766, 41.496616000280106], [-83.3805000001029, 41.495679999996455], [-83.37820700003451, 41.49463199980528], [-83.37774500007716, 41.49440599981816], [-83.37772800035872, 41.49439800022692], [-83.375037999732, 41.493150999970204], [-83.37465500031567, 41.49297599982903], [-83.37374899994428, 41.492550000219914], [-83.37214700016214, 41.49181999992024], [-83.37065099978689, 41.49113900004056], [-83.36631900009336, 41.4891689999466], [-83.36563100018017, 41.48885600007721], [-83.36535499999566, 41.48872900019559], [-83.3644999996779, 41.48834100002179], [-83.36345100008971, 41.48787500025902], [-83.36251100028147, 41.48744900007903], [-83.36120900007498, 41.48687100015858], [-83.36051600013893, 41.48655400001056], [-83.36044900019178, 41.48652699971187], [-83.36040399998593, 41.48650999994171], [-83.36004099976279, 41.48633999997623], [-83.35933299975811, 41.48601799995118], [-83.3585979999893, 41.48568899967718], [-83.35855399960835, 41.48566599968968], [-83.35849400023221, 41.48564199969399], [-83.3574099995856, 41.48515599988718], [-83.35608300016305, 41.48454599983916], [-83.35140199959176, 41.48244500021465], [-83.35048000022519, 41.482004999890115], [-83.34794899960713, 41.4808439996905], [-83.34755799979486, 41.480665000320755], [-83.34726099969396, 41.48052099986733], [-83.34689499999605, 41.48034399976902], [-83.34618399961835, 41.4800259999064], [-83.34527099957427, 41.47961700018054], [-83.33921999992275, 41.47683100024249], [-83.33876499963806, 41.47662199975344], [-83.33856600034476, 41.4765399997285], [-83.33851399956791, 41.476517999999615], [-83.33849100000168, 41.47650900007778]]}, "properties": {"BASENAME": "Ohio", "MTFCC": "S1100", "NAME": "Ohio Tpke", "OBJECTID": 584, "OID": "110454701893", "PREDIR": null, "PREDIRABRV": null, "PREQUAL": null, "PREQUALABRV": null, "PRETYP": null, "PRETYPEABRV": null, "RTTYP": "M", "SUFDIR": null, "SUFDIRABRV": null, "SUFQUAL": null, "SUFQUALABRV": null, "SUFTYP": 635, "SUFTYPEABRV": "Tpke"}}, {"type": "Feature", "id": 585, "geometry": {"type": "LineString", "coordinates": [[-82.84401899956629, 41.35037900018672], [-82.84403799983285, 41.35038100031019], [-82.84707900008887, 41.35069800022401], [-82.84955999957988, 41.35096900023265], [-82.8538899996236, 41.351410999769726], [-82.85855399957815, 41.35190699974434], [-82.8607749996765, 41.35214999982775], [-82.8637180000232, 41.35245999968588], [-82.86712099977913, 41.35282700014374], [-82.87004200038453, 41.353127999974426], [-82.87316999978084, 41.35346400027423], [-82.87467100017898, 41.353663000131725], [-82.87670599960617, 41.35399999969918], [-82.87765499963527, 41.354169999845354], [-82.87766899987895, 41.35417199985241], [-82.87815000010289, 41.35424900007557], [-82.87825300003506, 41.35426600011256], [-82.87913900031494, 41.35442700024293], [-82.87952199973128, 41.35450500016282], [-82.88198899987692, 41.35500600011765], [-82.88412100028681, 41.355457999729055], [-82.8864929999979, 41.355979999933766], [-82.88803100020594, 41.35630100011235], [-82.88953300042897, 41.35663299967987], [-82.89211799967708, 41.35717900022947], [-82.89294600023067, 41.357353999937764], [-82.89462599983062, 41.35766799976054], [-82.89557400003478, 41.357830000189054], [-82.89635099963641, 41.35794999982201], [-82.89716699959611, 41.35808000001749], [-82.89798799957866, 41.35818500006366], [-82.90002799992705, 41.358432000062955], [-82.90364199957017, 41.35884600006692], [-82.90603400027108, 41.35911899972317], [-82.9086989998851, 41.359455000113854], [-82.91635100039221, 41.3603349999797], [-82.91693800002302, 41.360401999903424], [-82.93158900038584, 41.36208799990147], [-82.9325790004228, 41.36220199981955], [-82.93496299982945, 41.36248999971672], [-82.93560300006206, 41.36258400010023], [-82.9363090004169, 41.36268600000412], [-82.93827100004916, 41.3630430000943], [-82.93972100039366, 41.36335299998893], [-82.94076800033204, 41.36359999992664], [-82.94190200030903, 41.363895999886246], [-82.94250900003135, 41.36406499995406], [-82.94334500008252, 41.36432300023238], [-82.94428200041604, 41.3646200001172], [-82.94566599973999, 41.36509800015891], [-82.94857099955354, 41.366131000145224], [-82.94958599970487, 41.36647400011457], [-82.95070299996344, 41.3668210002092], [-82.9510379996992, 41.366913000114344], [-82.95227399978344, 41.367286999942934], [-82.95444800002613, 41.3678100001251], [-82.95520399971137, 41.367998000217824], [-82.95552900029969, 41.368079000097474], [-82.95991200004684, 41.36917199984019], [-82.96117099969732, 41.36948899992398], [-82.96165600011922, 41.369610999838095], [-82.96260699979811, 41.36984899973044], [-82.96360900042896, 41.37007699981348], [-82.96781200025106, 41.37113599968559], [-82.97292399991926, 41.37241700011011], [-82.97365500038846, 41.37259900002837], [-82.97730300036677, 41.373513000244856], [-82.9782480001979, 41.37374400007722], [-82.98001200036175, 41.37419000012623], [-82.9825570003252, 41.374823000043826], [-82.98446899972875, 41.37530400033619], [-82.99267899955436, 41.377345000285565], [-82.99269899964584, 41.377349999870596], [-82.99575199959742, 41.378103999895764], [-82.9962999997685, 41.378242999671215], [-82.99691700043486, 41.37840300016998], [-82.9985529996539, 41.378807000216895], [-82.99969400020191, 41.37907099975272], [-83.00061200026883, 41.37927900010295], [-83.00201700040752, 41.37956399971646], [-83.0023489997702, 41.37962700026421], [-83.00236800003678, 41.37963100006155], [-83.00313700014081, 41.379776000300474], [-83.00446199991353, 41.38000500024713], [-83.00556800030144, 41.38017699974744], [-83.00632499981158, 41.38028399974001], [-83.00788800013399, 41.3804890001097], [-83.01139200017225, 41.380922000325135], [-83.01207500006257, 41.38098799967984], [-83.01718000005809, 41.38162300000579], [-83.01737699970157, 41.381647000071645], [-83.02173500023268, 41.3822110000805], [-83.0217500003013, 41.38221299989975], [-83.02205099970186, 41.38225200006971], [-83.02485900032936, 41.38269700018006], [-83.02713499978098, 41.38313200031334], [-83.02765199998991, 41.383239000162064], [-83.03131300038703, 41.38406699999293], [-83.03324400005715, 41.3845040001464], [-83.03745299972704, 41.38546500004259], [-83.0426170001721, 41.386633000125855], [-83.04372900040778, 41.38688500016873], [-83.04673999962826, 41.38756599968317], [-83.04903400041982, 41.388026000159385], [-83.05086600035575, 41.38835700012805], [-83.05091300021142, 41.388366000148466], [-83.0555920002346, 41.38922999967686], [-83.05644699965403, 41.389371000206665], [-83.05906799978546, 41.389845999961054], [-83.06052499980264, 41.39010700013502], [-83.06333300043015, 41.3906109999458], [-83.06644800030598, 41.39117499970651], [-83.06853200013698, 41.39156100010399], [-83.0778049997945, 41.393220999972634], [-83.08160299956063, 41.3938939999755], [-83.08289399989648, 41.394146000178246], [-83.08729099988733, 41.394916999737674], [-83.08830000019086, 41.395115000136265], [-83.08975499965993, 41.395380000222836], [-83.09236900011867, 41.395898000092295], [-83.09406700016027, 41.39629000025459], [-83.09632300041872, 41.396851999893826], [-83.09832400040906, 41.39742400019154], [-83.09960899999881, 41.397791999748286], [-83.10083000001444, 41.39814599989727], [-83.10230200010025, 41.39856499985096], [-83.10582799987984, 41.39955200028157], [-83.1081639996059, 41.400248000065], [-83.10860100034722, 41.400375000067534], [-83.10971600005766, 41.40068899979359], [-83.11232299994539, 41.40143199993584], [-83.11397499995626, 41.4019020001113], [-83.11571300018083, 41.40243099985119], [-83.11624999958295, 41.402560000171505], [-83.11695199973984, 41.4027500000777], [-83.12197100041993, 41.40416800016045], [-83.12834599993657, 41.405989999885975], [-83.12845899991447, 41.40602200010652], [-83.13085300026519, 41.40670600021006], [-83.13473499969692, 41.40781099987429], [-83.13580099990186, 41.408125999900214], [-83.13633099963128, 41.40828799999262], [-83.13820199992527, 41.40889799986893], [-83.13827700026835, 41.40892299980793], [-83.13938100010813, 41.40930700024986], [-83.14148800040365, 41.4100980002393], [-83.14314700008721, 41.410767999882], [-83.14499200044192, 41.41158900018294], [-83.14759000010882, 41.41284099982112], [-83.15015699981359, 41.41409400001212], [-83.15165200036392, 41.41483000024007], [-83.1541710003881, 41.41605900031099], [-83.15623400030272, 41.41703699967995], [-83.15820599998071, 41.41791400015456], [-83.15868700020465, 41.41811800005749], [-83.15965399977708, 41.418515000026204], [-83.16063200011848, 41.41889599996082], [-83.16161899978239, 41.419263999846045], [-83.16261700021526, 41.41961699988714], [-83.16387599986575, 41.42004699983731], [-83.16463900012198, 41.420296000013856], [-83.16540499985297, 41.42053499997247], [-83.16642400020224, 41.42083399977579], [-83.16792300005224, 41.421253999925305], [-83.16889600037075, 41.42151299997704], [-83.16987399981383, 41.42175499976031], [-83.17085800000302, 41.421987999910336], [-83.17184700021508, 41.422206000042465], [-83.17406300029054, 41.422662000028886], [-83.17513299979512, 41.4228990001221], [-83.17903100001871, 41.423683999960765], [-83.18158900040095, 41.42424300030255], [-83.18261299987478, 41.424498999749034], [-83.18389499998979, 41.424824999898654], [-83.18581399996437, 41.42537700007712], [-83.18855499974639, 41.42618999968326], [-83.18861900021881, 41.42620900026483], [-83.18907899962802, 41.42634699999701], [-83.19871899970666, 41.42921699991797], [-83.20066600016862, 41.42978699982131], [-83.20179599994766, 41.43012600004574], [-83.20181699986406, 41.43013199979535], [-83.20336699976767, 41.430579999963534], [-83.20667199961433, 41.43157800006302], [-83.20800999980581, 41.43197099996853], [-83.2088469996819, 41.43222000021984], [-83.21114899997112, 41.4329050000621], [-83.21430099965688, 41.43385000022076], [-83.22074600039204, 41.43578199966555], [-83.22076300011048, 41.43578700014376], [-83.22459500021182, 41.43690200018531], [-83.23128799974577, 41.43889099975579], [-83.2337399998228, 41.43961600003888], [-83.23636099995424, 41.44039999975734], [-83.23723299999043, 41.44065300008109], [-83.23775000019937, 41.44080699970744], [-83.24019399988047, 41.44153300014244], [-83.24021200032213, 41.441538000177616], [-83.24354899995583, 41.44255599997865], [-83.24504299978295, 41.4429999999838], [-83.2469409998411, 41.44357299999563], [-83.24932299959795, 41.444369999917775], [-83.25122200037933, 41.44506600030172], [-83.25326199982938, 41.445823999688365], [-83.25463199980794, 41.4463380002891], [-83.25621199984879, 41.4469230002145], [-83.25969800034372, 41.44822699978335], [-83.25982600039023, 41.44827499986636], [-83.25996100010944, 41.448324999718615], [-83.25999000042178, 41.44833599999072], [-83.26025099963937, 41.44841600019935], [-83.26143400002016, 41.44888399998198], [-83.26158299998308, 41.44893099968584], [-83.26200499975748, 41.449065999920904], [-83.26262099970062, 41.449300000246446], [-83.2641339997943, 41.44988200008932], [-83.26874500004541, 41.45158699995281], [-83.26915299957611, 41.45173799966592], [-83.26936799966126, 41.45181799971926], [-83.26974599995305, 41.45195899975834], [-83.27101399982433, 41.452429999758515], [-83.27391600016315, 41.45352299986992], [-83.27606100009353, 41.45442799969284], [-83.27720799959101, 41.454928000228236], [-83.27780599999082, 41.45521500027294], [-83.27912999993862, 41.455849999710615], [-83.28074299959142, 41.45664899985182], [-83.28190599988075, 41.457232999943905], [-83.28308900026155, 41.45787299994508], [-83.28316899972918, 41.457916000177356]]}, "properties": {"BASENAME": "Ohio", "MTFCC": "S1100", "NAME": "Ohio Tpke", "OBJECTID": 585, "OID": "110454701890", "PREDIR": null, "PREDIRABRV": null, "PREQUAL": null, "PREQUALABRV": null, "PRETYP": null, "PRETYPEABRV": null, "RTTYP": "M", "SUFDIR": null, "SUFDIRABRV": null, "SUFQUAL": null, "SUFQUALABRV": null, "SUFTYP": 635, "SUFTYPEABRV": "Tpke"}}, {"type": "Feature", "id": 586, "geometry": {"type": "LineString", "coordinates": [[-83.28358300000599, 41.457911000057905], [-83.28350199981512, 41.45787000000607], [-83.28203300010236, 41.45712999982077], [-83.28040700003075, 41.45629800009787], [-83.2796630000411, 41.455920999991854], [-83.27912699956556, 41.45565100016765], [-83.27878500015711, 41.45547899979328], [-83.27723100005555, 41.45474100021258], [-83.27596400000915, 41.45417099996743], [-83.27337200019002, 41.45312999984914], [-83.2697919999838, 41.451761000246805], [-83.26940799984422, 41.451613999994194], [-83.26915599994915, 41.45151800002038], [-83.26877799965737, 41.45137699969609], [-83.26411100022808, 41.449630999826766], [-83.26191900044206, 41.44882000001528], [-83.26090900031362, 41.44843999983866], [-83.2599929998965, 41.4480950002137], [-83.25969900016862, 41.44798499969384], [-83.25691099963262, 41.44694900025335], [-83.25299400004079, 41.445482000132216], [-83.25078600036123, 41.44466100004607], [-83.24853599995058, 41.44385799983077], [-83.24653400013534, 41.443211999709405], [-83.2436100000552, 41.44234200014095], [-83.240209999774, 41.44135099994844], [-83.24019200023065, 41.44134599989891], [-83.23774600000141, 41.44062000006553], [-83.23633900021292, 41.440200999959515], [-83.23358900021006, 41.43939000012743], [-83.22472499990815, 41.43675199969723], [-83.22357599986253, 41.43640300021469], [-83.22076200028557, 41.435554999773565], [-83.22074700021696, 41.435549999950965], [-83.21623800007312, 41.43422900018866], [-83.21444899979488, 41.43370799976246], [-83.21179699970132, 41.43290600020207], [-83.21110899978814, 41.43270399989611], [-83.21083500015176, 41.43262299970356], [-83.20885300042802, 41.432033000082534], [-83.20797899984368, 41.43177000027813], [-83.20181500021422, 41.42993700024029], [-83.20179500012276, 41.42993099979912], [-83.20115999991303, 41.42973500012502], [-83.18890500044907, 41.4261079998747], [-83.18862199969354, 41.42602499971661], [-83.1872600001109, 41.42561699977456], [-83.18548199970334, 41.425091999915665], [-83.18347700041338, 41.424528999744396], [-83.18260899967683, 41.42431200027375], [-83.18209099964297, 41.42417999988408], [-83.17996300032935, 41.42368099978809], [-83.17725900035724, 41.423111999783394], [-83.17537499964448, 41.422721999682324], [-83.17406800031343, 41.42248099976162], [-83.17364200034108, 41.42239599975233], [-83.1718410003673, 41.42202400021742], [-83.17124700016547, 41.421893999837664], [-83.17065799998647, 41.42175999997177], [-83.17006799998262, 41.42162100028122], [-83.16889700019567, 41.42132999991231], [-83.16773200025652, 41.4210209998362], [-83.1665770003631, 41.42069599977854], [-83.1665199995634, 41.42067900026134], [-83.16546900032539, 41.42036399980411], [-83.16440999979312, 41.420030999815], [-83.1633579998319, 41.41968400004472], [-83.16283599960006, 41.41950500025367], [-83.16179899970744, 41.41913400000398], [-83.16128300022173, 41.41894400018126], [-83.16025999967448, 41.418551000237635], [-83.15924399969825, 41.41814699993882], [-83.15823699994284, 41.41772600020506], [-83.15724299970793, 41.41729400029448], [-83.15625799969385, 41.41684800017289], [-83.1557689999723, 41.4166189999869], [-83.15394899973194, 41.415740000080234], [-83.15250199976049, 41.41502599976967], [-83.15210699975027, 41.414833999892664], [-83.15061700012112, 41.41411200033501], [-83.14883000039104, 41.41323900014985], [-83.14749300002444, 41.412579000206854], [-83.14630600034398, 41.41200600011917], [-83.1431450004374, 41.41057700003036], [-83.14120700019626, 41.409788999950194], [-83.13975500020193, 41.40925200015737], [-83.13849700037638, 41.40880100020307], [-83.1384570001934, 41.408788000292425], [-83.13758500015722, 41.408494000167195], [-83.13580500009982, 41.40793700006794], [-83.13544199987666, 41.40782599968558], [-83.12832300037036, 41.405794000044025], [-83.12822200008802, 41.40576500003783], [-83.12445699993384, 41.4046889997662], [-83.12197300006976, 41.403983999827894], [-83.1195750004194, 41.40327400003967], [-83.11885900001883, 41.40306800016002], [-83.11828900010644, 41.402902000141694], [-83.11799600020346, 41.40279399970719], [-83.11669599964681, 41.402443999686156], [-83.11242800042568, 41.40122600028136], [-83.11114999961032, 41.40085899991357], [-83.109809999769, 41.40048399977097], [-83.10945300029194, 41.40039100021471], [-83.10854000024786, 41.40012900025659], [-83.10592999998708, 41.39940599968715], [-83.10364899961426, 41.398754999981904], [-83.1009880001982, 41.39800700021337], [-83.09977700022829, 41.39765499999929], [-83.09863900005331, 41.3973260002293], [-83.09687900008743, 41.39681099967681], [-83.09490300021146, 41.3962809999834], [-83.0927239999459, 41.39576399983502], [-83.09080300032151, 41.39535499979038], [-83.08845500000156, 41.39491599968648], [-83.08834299984858, 41.394896000007186], [-83.08728900023752, 41.39473100005948], [-83.08302600014096, 41.393939999668184], [-83.08178000001097, 41.39373499992251], [-83.08042699975084, 41.393476999708405], [-83.07780300014467, 41.39300300028211], [-83.06853700015985, 41.39133500006212], [-83.06644499993294, 41.39098199999617], [-83.05669500024945, 41.38922500033116], [-83.05559399988441, 41.38902800033031], [-83.05086700018067, 41.38817499982237], [-83.0490519999632, 41.38784199995503], [-83.04731299991369, 41.38747699982919], [-83.04529500020493, 41.387022999874674], [-83.04401700028788, 41.38672500031889], [-83.04290599987709, 41.386473999836916], [-83.03827299988467, 41.38543599972686], [-83.03132799955732, 41.38387200030789], [-83.03131599986176, 41.38386900031852], [-83.02786600025016, 41.383091000204985], [-83.02781600002145, 41.38308099989516], [-83.02710700019188, 41.382930999781316], [-83.02628399966119, 41.382763999993536], [-83.02555100044049, 41.38262600001068], [-83.02461699958171, 41.38244399983951], [-83.02283099967653, 41.38214399969733], [-83.02175399960095, 41.38199200029229], [-83.02174000025555, 41.38198999979222], [-83.02055299967678, 41.38183699977488], [-83.01903100026057, 41.381661999855545], [-83.0174219999074, 41.381469999798995], [-83.01728499964007, 41.3814549999708], [-83.0163730003192, 41.38134600003689], [-83.01317700025253, 41.38095400008191], [-83.01207699971239, 41.38081300017198], [-83.01141800011153, 41.38072699997162], [-83.010296999655, 41.38059600026304], [-83.00889900008737, 41.380418999826006], [-83.0079309997917, 41.38029199992771], [-83.00702100012069, 41.380183999670415], [-83.00585500035662, 41.380019999735715], [-83.00475900001446, 41.37983099972544], [-83.00324599992075, 41.379570999705415], [-83.00237100040984, 41.379409999768185], [-83.00235200014326, 41.379407000247035], [-83.00217300004311, 41.37937499972907], [-83.00001499969396, 41.37893600023888], [-82.99869400011922, 41.37863299986036], [-82.99793500006092, 41.37845099997323], [-82.99653400012022, 41.3781059998413], [-82.99555599977883, 41.37785299983972], [-82.99270399966872, 41.37712400031319], [-82.99268600012536, 41.3771190000367], [-82.98346899964604, 41.37482900018291], [-82.98189199997825, 41.37444800002803], [-82.98022800027181, 41.37402399983647], [-82.97875000033821, 41.373655000180555], [-82.97676100004345, 41.373159000109325], [-82.97451599965567, 41.372610000321984], [-82.97365899968811, 41.37239300000876], [-82.97287899971343, 41.372179999901434], [-82.97251100036571, 41.37209099988738], [-82.97111700009769, 41.371740999711484], [-82.96722200024718, 41.3707799999269], [-82.96412599973958, 41.370008999978765], [-82.96321500024366, 41.369765999830065], [-82.96268700016405, 41.36962899967345], [-82.96221299961282, 41.36951100021277], [-82.96134399994968, 41.36930000032366], [-82.96062300042453, 41.369120000161715], [-82.96061099983066, 41.36911199994824], [-82.95503600038019, 41.367725999850734], [-82.95445300004901, 41.36757999991836], [-82.95384299995364, 41.36740699966675], [-82.9530529999332, 41.367218999888834], [-82.95180799962813, 41.36690200020581], [-82.95133700034825, 41.36677299991397], [-82.95102299963058, 41.366680999810875], [-82.95056499987118, 41.36654700001424], [-82.94983099992726, 41.36631399993717], [-82.94909699998333, 41.36607100014556], [-82.94837200026022, 41.36582499997321], [-82.94749199982813, 41.36550599990768], [-82.94556500035596, 41.36482199977055], [-82.94417799976064, 41.364349000308216], [-82.94242000034288, 41.36380799985669], [-82.94089600037854, 41.36340500023117], [-82.93983600002139, 41.363148000224015], [-82.93862900024943, 41.36288900013695], [-82.93655700011402, 41.36250399999766], [-82.93560300006206, 41.36235799980973], [-82.93510199974664, 41.3622809997403], [-82.93143100020211, 41.361848000166276], [-82.93127899986614, 41.361830000201046], [-82.9291299997378, 41.36158699984572], [-82.9169430000459, 41.36018500000101], [-82.91635200021713, 41.36011699994174], [-82.90520200041784, 41.35883600007509], [-82.90322200034392, 41.358604999902866], [-82.8990599996314, 41.358151000009485], [-82.89758199969779, 41.35796299978579], [-82.89662299962298, 41.35782000004111], [-82.89567600014203, 41.35766499991113], [-82.89520099976589, 41.35759200016144], [-82.89472600028803, 41.357509000134094], [-82.89337499967775, 41.35726000009129], [-82.89212199987504, 41.35700400005071], [-82.88981899976093, 41.35651300031597], [-82.88639699973842, 41.35579100020362], [-82.88446699989322, 41.35538200024664], [-82.88228199977988, 41.354919000196254], [-82.880341000064, 41.35449300018126], [-82.87942899984486, 41.35428900015559], [-82.87940899975338, 41.35428500014871], [-82.87835799961704, 41.354073000105885], [-82.87767499972674, 41.35395400007515], [-82.87765999965812, 41.353951000054515], [-82.87687300001075, 41.35381400031571], [-82.87519000003776, 41.353553000143386], [-82.87305799962786, 41.35326499980839], [-82.86824100041075, 41.352774000190784], [-82.86473499982435, 41.35239299967844], [-82.86168600007073, 41.35205299977559], [-82.85958499962298, 41.35184900019532], [-82.85757000028728, 41.35162199967292], [-82.85545200012109, 41.35140700026035], [-82.84880899991752, 41.35068899971169], [-82.84668900010152, 41.35046999967391], [-82.84502700004491, 41.35028899996115], [-82.84403000033525, 41.35018700018446], [-82.8440119998936, 41.35018500005502]]}, "properties": {"BASENAME": "Ohio", "MTFCC": "S1100", "NAME": "Ohio Tpke", "OBJECTID": 586, "OID": "110454701892", "PREDIR": null, "PREDIRABRV": null, "PREQUAL": null, "PREQUALABRV": null, "PRETYP": null, "PRETYPEABRV": null, "RTTYP": "M", "SUFDIR": null, "SUFDIRABRV": null, "SUFQUAL": null, "SUFQUALABRV": null, "SUFTYP": 635, "SUFTYPEABRV": "Tpke"}}, {"type": "Feature", "id": 612, "geometry": {"type": "LineString", "coordinates": [[-83.8824869998797, 41.59980100021168], [-83.88062499980657, 41.599814999699554], [-83.87861899979337, 41.59981599995072], [-83.87591300017145, 41.599820999862956], [-83.86691699962505, 41.599838000099105], [-83.86374200037308, 41.59984499983936], [-83.85607300014755, 41.599871999886105], [-83.8543879996264, 41.59986699997781], [-83.85183299961722, 41.59987100030753], [-83.850635999891, 41.5998970000935], [-83.84962099973968, 41.59991900021422], [-83.84844599975479, 41.599967000085215], [-83.84698000041509, 41.60005199968516], [-83.84613500014308, 41.60011400022372], [-83.84453599983567, 41.6002310000809], [-83.84301100004639, 41.60033199986743], [-83.84187299987143, 41.60041400027621], [-83.84062099989366, 41.60050200000916], [-83.83929199992298, 41.60059500014615], [-83.83812100013604, 41.60067599998287], [-83.83698799998395, 41.60075699971793], [-83.83492300041952, 41.60090500030646], [-83.83405600040622, 41.60096800025881], [-83.83291099966023, 41.60104900029912], [-83.83189499968401, 41.60111500013236], [-83.82915700027503, 41.60130800010226], [-83.82835800003376, 41.60136299985923], [-83.82685800035887, 41.60146999989941], [-83.82523599958691, 41.601592999983765], [-83.82359799981975, 41.60169900009236], [-83.82240899959118, 41.601784000097936], [-83.82110100043519, 41.601882999702546], [-83.82005600014664, 41.601956999755615], [-83.81858300023592, 41.602061000176946], [-83.81768600008539, 41.60212000015417], [-83.81688799966905, 41.60218200004932], [-83.81599399989155, 41.60223799994673], [-83.81502700031912, 41.602308000086055], [-83.81382700021987, 41.60239700013435], [-83.81301799993288, 41.60244500017737], [-83.81240100016483, 41.60248499985008], [-83.81182500040465, 41.602503999803446], [-83.81120100006558, 41.60249300018468], [-83.81055099978724, 41.60244100000722], [-83.80985299982832, 41.60234099970318], [-83.80958400021481, 41.6022930002545], [-83.80893700030951, 41.60216400021591], [-83.80843900036714, 41.60201599982792], [-83.80796300016608, 41.601880999935936], [-83.80627400034528, 41.601400000194545], [-83.80605099986423, 41.601336999992185], [-83.80376100016889, 41.600666999856756], [-83.80331000008218, 41.60054299978269], [-83.80248599972658, 41.60030300019763], [-83.80078100001226, 41.59980799995599], [-83.79818199962214, 41.599031000192014], [-83.79771499964193, 41.59887800002309], [-83.79631700007425, 41.59851699982032], [-83.7949260001793, 41.598109000016805], [-83.79349799957612, 41.5977089999052], [-83.79234000020797, 41.59737099981649], [-83.79153400029402, 41.597151000334165], [-83.78972499992433, 41.59670699993768], [-83.78840099997652, 41.59640399987909], [-83.78642599992546, 41.59596400029006], [-83.78474999962515, 41.59561200007143], [-83.78331299969945, 41.5953579998359], [-83.78259999967193, 41.595231000015076], [-83.78130000001356, 41.59501099995627], [-83.78010199956412, 41.594825000249884], [-83.77892400010451, 41.59466400022661], [-83.77696499994698, 41.59441499995056], [-83.77542500008911, 41.59423400021537], [-83.77352399965791, 41.594038000237894], [-83.77217499959575, 41.59387700026702], [-83.77108499999966, 41.593760000311605], [-83.76968700043201, 41.59361299980865], [-83.76840699996683, 41.59347100004694], [-83.7644340002985, 41.59303599971265], [-83.76202400005427, 41.59277700030363], [-83.76138200017185, 41.59271900020793], [-83.75809999989141, 41.59235200030558], [-83.75561000017956, 41.5920640001549], [-83.75280800029815, 41.59176999982343], [-83.75085599981334, 41.5915540002349], [-83.74955399960682, 41.59141899995705], [-83.74720100016232, 41.591164000304275], [-83.7465879996939, 41.591092000069764], [-83.74425100014291, 41.590836000078575], [-83.742343000039, 41.59063200007267], [-83.74172600027094, 41.59056999983113], [-83.74108699986327, 41.59051899984792], [-83.7403000002159, 41.59048999979993], [-83.73953000028695, 41.590479000149024], [-83.73852900037934, 41.59055799979918], [-83.7374630001744, 41.59066300017106], [-83.73107699988878, 41.591330999932495], [-83.7293450004103, 41.5915240002722], [-83.72812600004447, 41.59161400011843], [-83.72722200022123, 41.591678000111926], [-83.72551900015675, 41.59176799974349], [-83.72449700033273, 41.59179999967181], [-83.72377300043455, 41.59183799981807], [-83.72225100012002, 41.591859000295926], [-83.72048399958312, 41.591859000295926], [-83.71628499995899, 41.59186400015274], [-83.71332599971875, 41.59186999971168], [-83.70579100028584, 41.59186699993225], [-83.69998999998123, 41.59187800001856], [-83.69803699967149, 41.59187800001856], [-83.69570599996828, 41.59187800001856], [-83.69269900004747, 41.59186200007567], [-83.6918000002471, 41.5918719997885], [-83.69148200022978, 41.59186699993225], [-83.69107200015095, 41.5918719997885], [-83.69073300021724, 41.591877000316174], [-83.6899349998009, 41.59187399986522], [-83.68863400031762, 41.5918719997885], [-83.68773200014422, 41.59188600032439], [-83.68710199995736, 41.591884000248], [-83.6819290001898, 41.59187800001856], [-83.68046899979954, 41.59187800001856], [-83.6768459999356, 41.59189100017912], [-83.67452600010304, 41.59188600032439], [-83.67342899993595, 41.59188600032439], [-83.67076500014682, 41.59188600032439], [-83.66618599968278, 41.591842999676516], [-83.66578700037292, 41.59183799981807], [-83.66570600018206, 41.59184499975413], [-83.66484599984143, 41.59179999967181], [-83.66466500009149, 41.591791000323454], [-83.66429000017274, 41.59176200017507], [-83.66354299981002, 41.5917019997572], [-83.6629340004379, 41.59165000029056], [-83.66245599968867, 41.59160799986384], [-83.66173799963829, 41.59152499998006], [-83.66113699976376, 41.591455999946845], [-83.66014400025205, 41.59133300002602], [-83.65932800029236, 41.59123599978658], [-83.65885299991622, 41.59117299974004], [-83.65788299997074, 41.59107199972907], [-83.65683600003237, 41.590948999748434], [-83.6559580001484, 41.59088600009367], [-83.6554939996429, 41.59087200001271], [-83.65511399970131, 41.590852000275724], [-83.6540290001281, 41.590829000033054], [-83.64560500004224, 41.59060899975162], [-83.64489600021267, 41.590591999771924], [-83.64423800043674, 41.59057499978779], [-83.643603000227, 41.590545999765], [-83.64285300038956, 41.5904999997253], [-83.64214299983676, 41.590448999686735], [-83.64154799981002, 41.59036900017745], [-83.6407450002691, 41.590259000018506], [-83.64062700026835, 41.59023999981935], [-83.63963700023137, 41.590045000210495], [-83.63727999969059, 41.58947299984112], [-83.6321980001596, 41.58817699977602], [-83.63157800001851, 41.5880139997721], [-83.62937000033895, 41.58744999973225], [-83.62832900024836, 41.58718100031757], [-83.6267209997201, 41.58676300024708], [-83.62495800027948, 41.58631099996417], [-83.62432899991754, 41.586145999698324], [-83.62252600029393, 41.5856699999362], [-83.62147299960947, 41.5854009998244], [-83.62017399977601, 41.58507500017012], [-83.61978100031394, 41.58496900030712], [-83.6196740001838, 41.5849439996929], [-83.61854900042765, 41.58465200016034], [-83.61807999989927, 41.58454000003526], [-83.61482600010626, 41.58369400031369], [-83.61334099960166, 41.58331599997203], [-83.61291499962931, 41.583209999909094], [-83.61204799961598, 41.58295800027805], [-83.61125799959558, 41.5826980002359], [-83.61058300010119, 41.58242099970338], [-83.61021400003025, 41.582248999944], [-83.60956999959969, 41.58191200006383], [-83.6085999996542, 41.581345000208735], [-83.60856899969208, 41.58132699993986], [-83.60655799965602, 41.580093999813904]]}, "properties": {"BASENAME": "Ohio", "MTFCC": "S1100", "NAME": "Ohio Tpke", "OBJECTID": 612, "OID": "1104755863671", "PREDIR": null, "PREDIRABRV": null, "PREQUAL": null, "PREQUALABRV": null, "PRETYP": null, "PRETYPEABRV": null, "RTTYP": "M", "SUFDIR": null, "SUFDIRABRV": null, "SUFQUAL": null, "SUFQUALABRV": null, "SUFTYP": 635, "SUFTYPEABRV": "Tpke"}}, {"type": "Feature", "id": 613, "geometry": {"type": "LineString", "coordinates": [[-83.41457899986264, 41.51013299988413], [-83.41358399980281, 41.50994800027515], [-83.41312000019563, 41.509853000197786], [-83.41265999988808, 41.50974799966687], [-83.4121469998771, 41.50962000008341], [-83.41169499996548, 41.50949699975121], [-83.41119100017532, 41.5093499999009], [-83.41074799958623, 41.50921100017011], [-83.41025499966672, 41.50904400017149], [-83.409767999595, 41.508868000278696], [-83.40928600044447, 41.50868499970695], [-83.40875599981673, 41.50847100013201], [-83.40828700018668, 41.50827099966978], [-83.40766799987048, 41.507994000313204], [-83.40340999979679, 41.506058000288384], [-83.40177200002964, 41.50530600014716], [-83.39755199959077, 41.50339800021079], [-83.3972920001981, 41.50328099987989], [-83.39699799957191, 41.503148000299234], [-83.39468299976224, 41.50210599966996], [-83.3941730001243, 41.50186799983923], [-83.39392100022923, 41.501746000005284], [-83.39158600032806, 41.500688000044754], [-83.39151799965767, 41.50065699983614], [-83.39120399983832, 41.50051300008316]]}, "properties": {"BASENAME": "Ohio", "MTFCC": "S1100", "NAME": "Ohio Tpke", "OBJECTID": 613, "OID": "110471688356", "PREDIR": null, "PREDIRABRV": null, "PREQUAL": null, "PREQUALABRV": null, "PRETYP": null, "PRETYPEABRV": null, "RTTYP": "M", "SUFDIR": null, "SUFDIRABRV": null, "SUFQUAL": null, "SUFQUALABRV": null, "SUFTYP": 635, "SUFTYPEABRV": "Tpke"}}, {"type": "Feature", "id": 615, "geometry": {"type": "LineString", "coordinates": [[-83.60655799965602, 41.580093999813904], [-83.60499900042988, 41.57913899991273], [-83.60497799961517, 41.579125999872254], [-83.60434499995358, 41.57871099978883], [-83.60377300039136, 41.57837199976578], [-83.60319799955778, 41.57806100033037], [-83.60271499968401, 41.577818999966986], [-83.60221199971879, 41.57759300016384], [-83.60160800036951, 41.577357000298456], [-83.60063000002812, 41.576989999756876], [-83.59837899979254, 41.57615200014576], [-83.59649900017604, 41.57545299992124], [-83.59428499975037, 41.57461699979608], [-83.5933840003002, 41.574259000263154], [-83.59269399983889, 41.57397200002681], [-83.59217699962994, 41.57375700001647], [-83.5916030004179, 41.573512999681746], [-83.586217000215, 41.57121600006353], [-83.58521799995721, 41.57078999991433], [-83.58166500041344, 41.56927500021239], [-83.58146799987162, 41.56919099979356], [-83.5811620004482, 41.56906100008219], [-83.58105299976994, 41.569015000194064], [-83.58102000015798, 41.56900100007551], [-83.58098599982279, 41.56898599989706], [-83.58086299979915, 41.568934000282155], [-83.58075300019428, 41.56888800030361], [-83.58013700025114, 41.56862499988478], [-83.57704800031456, 41.56730500013568], [-83.5766709998477, 41.56714400004044], [-83.57559600032023, 41.56669100012457], [-83.57521100035578, 41.566521000333566], [-83.575121999769, 41.56648099988285], [-83.57451800041973, 41.566201000067075], [-83.57406599960979, 41.56597899968188], [-83.57352599983464, 41.56569399984037], [-83.57291900011231, 41.56535199971539], [-83.57222799982608, 41.564968000188706], [-83.57190800015896, 41.56479299996066], [-83.5698770000314, 41.56364700019173], [-83.56743199962706, 41.56225600026946], [-83.56510099992386, 41.5609409996902], [-83.56440100031512, 41.560546000119665], [-83.56409199962032, 41.56037100001465], [-83.55743800044442, 41.55661300020667], [-83.55578399988542, 41.55567999974964], [-83.55349699966483, 41.55438899987432], [-83.5528120001247, 41.55402599974405], [-83.55191599979906, 41.5535749998795], [-83.55125999967295, 41.55326099982245], [-83.55049399994198, 41.55290799977608], [-83.54971899999018, 41.552565999878865], [-83.54898699969606, 41.55226000013541], [-83.54803199981922, 41.55188299968354], [-83.5449820002407, 41.55072799985191], [-83.53800299957815, 41.54809600021993], [-83.5346960000817, 41.546852999835934], [-83.52856900026217, 41.54453799999953], [-83.52741699984348, 41.54409899975618], [-83.5248969999944, 41.54315199987151], [-83.52227599986298, 41.54216699979917], [-83.52151900035282, 41.54189800005855], [-83.52069599982212, 41.54162800006343], [-83.51997399957378, 41.541408000279795], [-83.51924600037594, 41.54120100002616], [-83.51851099970878, 41.54100899973448], [-83.51777099991709, 41.54082900007799], [-83.51702399955437, 41.54066399995268], [-83.51632999979341, 41.540523999740365], [-83.51551600038187, 41.5403750001084], [-83.5146960002242, 41.540242000092746], [-83.51393200014307, 41.54013400028833], [-83.51280900003671, 41.53999500010646], [-83.51132199988228, 41.5398190003328], [-83.51061800007558, 41.53973499995105], [-83.50256999973335, 41.53877400009055], [-83.49949300039067, 41.5384049998748], [-83.4981920000091, 41.538245000262144], [-83.49736600000364, 41.53813099996884], [-83.496369000294, 41.53797200021509], [-83.49537699970888, 41.53779700018225], [-83.49456400012225, 41.53763900014931], [-83.49364100003244, 41.537442000005875], [-83.492554999736, 41.53719699983683], [-83.49239200042771, 41.53716299999801], [-83.49207699988511, 41.53707800032278], [-83.49122400011552, 41.53684599992874], [-83.48990299964244, 41.53646400026069], [-83.48876399964256, 41.53609600020716], [-83.48739600021213, 41.53562700010821], [-83.48561500032984, 41.53495500020144], [-83.48490200030233, 41.534670000059876], [-83.48417599985599, 41.53435399979619], [-83.48325399959108, 41.53393299970855], [-83.48315499985691, 41.53388699969744], [-83.48222699974421, 41.53345200018243], [-83.48005400022475, 41.5324349999005], [-83.47959399991721, 41.532220000216896], [-83.4784239999552, 41.53167100000341], [-83.47765200037645, 41.53132600017151], [-83.47697500033391, 41.53103700029374], [-83.47597100005326, 41.53063499971753], [-83.4746920003113, 41.53014200005364], [-83.47258800038881, 41.529345000059045], [-83.46800800009986, 41.52760500013824], [-83.46524999970107, 41.5265619996882], [-83.46331300018316, 41.525830000030474], [-83.46303100015086, 41.52572299975337], [-83.46297699972418, 41.52570199996736], [-83.46236699962883, 41.52546899973827], [-83.45917800013314, 41.524265999935785], [-83.45806599989743, 41.52385099992896], [-83.45777999966715, 41.523750000247354], [-83.45758100037385, 41.52367499994228], [-83.45698100032423, 41.523447999673], [-83.45491599986148, 41.52266199970774], [-83.45483200019589, 41.52262999983035], [-83.45393300039554, 41.52228799985806], [-83.45374199970152, 41.522217000307876], [-83.45365700021101, 41.52218500021043], [-83.45313300032937, 41.52198900019295], [-83.45162699990838, 41.521422999898505], [-83.44969399969011, 41.52067999984365], [-83.44890600021783, 41.52037799973837], [-83.44216699975479, 41.517822999879535], [-83.4397029999822, 41.516895000261066], [-83.43559999971922, 41.51533800028126], [-83.43442599955925, 41.51489600028514], [-83.43378700004989, 41.51465499970814], [-83.43167599955639, 41.513861000019375], [-83.43086499961956, 41.513572000159066], [-83.43004500036022, 41.51329699975961], [-83.42916199955508, 41.51301799988247], [-83.42838300030361, 41.512784999724175], [-83.42754200022958, 41.51254799971616], [-83.42658200032984, 41.51229600030547], [-83.42572700001209, 41.51208800012755], [-83.42486699967147, 41.51189600019804], [-83.42405900010769, 41.511729999996206], [-83.42301399981915, 41.51153300033081], [-83.42167099960476, 41.5113029996932], [-83.42059600007731, 41.511123999722415], [-83.41871999976046, 41.510811999946746], [-83.41492700001719, 41.510180000260554], [-83.41457899986264, 41.51013299988413]]}, "properties": {"BASENAME": "Ohio", "MTFCC": "S1100", "NAME": "Ohio Tpke", "OBJECTID": 615, "OID": "110461578942", "PREDIR": null, "PREDIRABRV": null, "PREQUAL": null, "PREQUALABRV": null, "PRETYP": null, "PRETYPEABRV": null, "RTTYP": "M", "SUFDIR": null, "SUFDIRABRV": null, "SUFQUAL": null, "SUFQUALABRV": null, "SUFTYP": 635, "SUFTYPEABRV": "Tpke"}}, {"type": "Feature", "id": 630, "geometry": {"type": "LineString", "coordinates": [[-82.8440119998936, 41.35018500005502], [-82.84300299959007, 41.35008799977239], [-82.84132999966279, 41.349897999724604], [-82.84077900001698, 41.34983600012848], [-82.83912399963305, 41.349653999928925], [-82.83504200018479, 41.34922300012831], [-82.83323299981508, 41.34902799984123], [-82.83053499969077, 41.348739000305834], [-82.8301990001301, 41.34870099968809], [-82.82892899971066, 41.34857000022807], [-82.827242000438, 41.34839599992514], [-82.82664999988599, 41.34834100022488], [-82.82605599968414, 41.34829199969255], [-82.8255810002063, 41.34826200024302], [-82.8223630003983, 41.348094999795244], [-82.81884599994123, 41.3479249999695], [-82.81674100019384, 41.34781699992903], [-82.81379399964916, 41.34766499989322], [-82.81246899987646, 41.34759799967162], [-82.81026299984671, 41.34749199997529], [-82.80805799964189, 41.347379000026315], [-82.80495199998688, 41.347227000316764], [-82.80477899973452, 41.34721900010925], [-82.80245499970403, 41.34709599991414], [-82.80200600016545, 41.347069000251416], [-82.80162100020097, 41.347045999680674], [-82.80090700034853, 41.346993999855734], [-82.80042399957647, 41.34695199978524], [-82.79971899994486, 41.34689299975283], [-82.798948000191, 41.34682100017806], [-82.79811899981252, 41.34673299999024], [-82.79711500043017, 41.346615000149484], [-82.79617200024889, 41.34649499985207], [-82.7956950002229, 41.3464289998977], [-82.79529000016696, 41.3463739998846], [-82.79458700018517, 41.346267000093896], [-82.79412699987762, 41.34619200012317], [-82.79336100014665, 41.34606699975519], [-82.79277799981546, 41.34596799982221], [-82.79259700006548, 41.34593400013064], [-82.79190800032742, 41.34580600022021], [-82.79051999990719, 41.34553599976318], [-82.78803100002024, 41.34503400029356], [-82.78651100025385, 41.344728000064464], [-82.7860640003651, 41.34463699997019], [-82.78596100043293, 41.34461699966564], [-82.78472299980054, 41.34436800021517], [-82.78427699973672, 41.344278999928726], [-82.78095900036958, 41.343613999712595], [-82.78025800003762, 41.34347299980525], [-82.77949599960631, 41.34332000024922], [-82.77816699963563, 41.343058999819846], [-82.77297299995166, 41.34201400026538], [-82.77193100003615, 41.341813000159135], [-82.77082999967111, 41.34160900019199], [-82.77001500043465, 41.341466999791386], [-82.76925600037636, 41.34134599992286], [-82.7680839998662, 41.34117300007712], [-82.76726299988366, 41.34105700001283], [-82.76643299968026, 41.34095699967528], [-82.7658019996685, 41.340881000125336], [-82.76570899978208, 41.34086999986368], [-82.76559499997926, 41.34085600032502], [-82.76525500022062, 41.340814999876336], [-82.76514200024272, 41.340801999860254], [-82.75983499968254, 41.340080000185864], [-82.75948599970309, 41.34003199972755], [-82.75653999988162, 41.3396879997919], [-82.74840299985095, 41.338758999744634], [-82.74821000040542, 41.33873500004485], [-82.7476310002722, 41.33866399978504], [-82.74743899975327, 41.3386410002923], [-82.74673400012166, 41.338555000328135], [-82.74462099997834, 41.3382969997542], [-82.74408000037826, 41.338231000258915], [-82.74391700017166, 41.3382110000103], [-82.7430550001812, 41.3381060001219], [-82.74047000003478, 41.337791000115615], [-82.73960899986925, 41.33768600022461], [-82.73605999962513, 41.33725200000353], [-82.73315499981159, 41.33689800023366], [-82.73179900007672, 41.33673199991521], [-82.73079599962097, 41.33661600003479], [-82.72996799996571, 41.33653000009476], [-82.72901999976155, 41.33644200016404], [-82.72789300035554, 41.33634999968015], [-82.72700100022787, 41.33628699972104], [-82.72598899955129, 41.33622800014306], [-82.72539299969961, 41.33619799985698], [-82.72527499969885, 41.33619299980794], [-82.72444000037089, 41.336165000065954], [-82.7223509996187, 41.33611399992678], [-82.72182000006437, 41.33610300020893], [-82.72030600014578, 41.33607099997678], [-82.71576699986468, 41.33597600014351], [-82.714253999771, 41.33594500013243], [-82.71100800037392, 41.335876999708354], [-82.70933500044664, 41.33584800022006], [-82.70808199974563, 41.33581700014806], [-82.70551500004089, 41.33576100032873], [-82.70390300021299, 41.33573000021532], [-82.7020529998354, 41.33568800029922], [-82.69974499969842, 41.33564199987829], [-82.69933200014486, 41.33563400027101], [-82.69906699983099, 41.33562900017868], [-82.69818800012212, 41.33561000009418], [-82.69475699987878, 41.335536000280236], [-82.69361399968092, 41.335512000067304], [-82.69039800042107, 41.33544300024903], [-82.68855999973904, 41.33540399967423], [-82.6866499999853, 41.33535099970314], [-82.6858740002086, 41.33532000006907], [-82.68503899998234, 41.33527700026943], [-82.68402700020408, 41.33521300032686], [-82.68307499980193, 41.335144999813075], [-82.6823619997744, 41.33508399995636], [-82.68141399957024, 41.33499099995432], [-82.68076699966495, 41.3349209999595], [-82.68046799991421, 41.33488899982119], [-82.67958199963432, 41.334782999672235], [-82.67864000017626, 41.33466099989822], [-82.67781800036877, 41.33454499970212], [-82.67757800016925, 41.33450900018074], [-82.67705599993744, 41.33442899997398], [-82.67677999975294, 41.334383000012934], [-82.6759470000748, 41.334246000244484], [-82.6750740002137, 41.33409299992129], [-82.67439600034628, 41.33396599998403], [-82.6740880003747, 41.333909000282205], [-82.6736039997777, 41.33381299967765], [-82.67351000006639, 41.33379399973798], [-82.66818499996283, 41.33267100023991], [-82.66798800031934, 41.33263000003484], [-82.66585799955928, 41.33218700015528], [-82.66229300031996, 41.33143199992629], [-82.65941600009549, 41.33082999996824], [-82.65573499960689, 41.330053000073946], [-82.65423900012995, 41.32974100003513], [-82.65291699983197, 41.32946000026506], [-82.65192699979501, 41.329253000247306], [-82.64963700009969, 41.32877500006588], [-82.64871300018497, 41.328591999968545], [-82.64790100042323, 41.32844399982715], [-82.64691100038627, 41.32827499969666], [-82.6464900004368, 41.32820900016535], [-82.64609399970335, 41.328145999753154], [-82.64588899966394, 41.3281150000633], [-82.64462900018856, 41.327929000265485], [-82.6440840003905, 41.327851999947164], [-82.64378200026673, 41.32780899994008], [-82.64348199979275, 41.327767000313614], [-82.64108800034036, 41.32742799973554], [-82.64005100044774, 41.32728199980685], [-82.63911300028931, 41.327142000039196], [-82.63829499978146, 41.327009999963494], [-82.637072000116, 41.32679800016131], [-82.63643400043156, 41.32667900020234], [-82.6353949999908, 41.32646999993547], [-82.63424299957212, 41.32622999976078], [-82.63395100039239, 41.32616499994076], [-82.63344099985615, 41.32605299984974], [-82.6315939998516, 41.325634000259335], [-82.63156899973724, 41.32562800030683], [-82.63149500011741, 41.32561100021351], [-82.63147099982795, 41.325606000026475], [-82.63141700029959, 41.325594000115714], [-82.63098200010641, 41.32549500009309], [-82.63021899985017, 41.325324999962305], [-82.62932099987472, 41.325125999848936], [-82.62760699993957, 41.324733999858125], [-82.62662600012344, 41.3245129999889], [-82.62542900039725, 41.32424499988368], [-82.62377300018841, 41.323872999924646], [-82.62362599987532, 41.32384099975643], [-82.62308399955202, 41.32372700012568], [-82.6224480004157, 41.32360300028911], [-82.62186799955924, 41.32349900026599], [-82.62111100004911, 41.323374000193674], [-82.620350000341, 41.32325800013876], [-82.61964599963599, 41.32316200003022], [-82.61905700035534, 41.323089000049755], [-82.61846700035146, 41.323026000084084], [-82.61815299963379, 41.32299599978987], [-82.61775599997375, 41.32295999995833], [-82.61704399977113, 41.3229030000719], [-82.61644600026963, 41.32286499989508], [-82.61631200037534, 41.32285700006806], [-82.61627200019237, 41.322853999964], [-82.61621500029096, 41.32285099985985], [-82.61592400003782, 41.322836000011485], [-82.61582699995346, 41.32283200009632], [-82.61581400043298, 41.32283100028617], [-82.6157750000749, 41.32282899999117], [-82.61576199965612, 41.32282899999117], [-82.61571099960251, 41.322825999885815], [-82.61464399957264, 41.3227939998781], [-82.61421699977538, 41.32279200025655], [-82.613430000128, 41.32278999996035], [-82.61268699996324, 41.32279799979559], [-82.6110640002647, 41.32285899968761], [-82.60974100014181, 41.32295999995833], [-82.60910900030512, 41.32300899998652], [-82.60825499981229, 41.323105000320496], [-82.60820100028393, 41.323110999830675], [-82.6081000000016, 41.323121999718374], [-82.60704800004036, 41.32327999986261], [-82.60570300017616, 41.323480999816994], [-82.60530999981576, 41.32354000014572], [-82.60220099978771, 41.32408099996036], [-82.60167400043133, 41.324163000310925], [-82.60120300025312, 41.324228000104135], [-82.60073000042513, 41.32428399971835], [-82.60025500004896, 41.32433000006413], [-82.5997789998479, 41.32436599981346], [-82.59924200044578, 41.32439699993768], [-82.59870500014534, 41.324416999705385], [-82.59819700015723, 41.324427000261544], [-82.59810699974555, 41.32442899983286], [-82.59750900024406, 41.32443000029313], [-82.59708999994442, 41.3244229997694], [-82.59667099964474, 41.32440800028294], [-82.59613500006753, 41.32437799995033], [-82.59567499976, 41.32434399978161], [-82.59559899959201, 41.324337999710316], [-82.5954279998878, 41.324321999742324], [-82.59506499966464, 41.32428900000682], [-82.59468999974592, 41.32424700013527], [-82.59444500042186, 41.32421999976986], [-82.5935690001877, 41.324120999683544], [-82.5933509997295, 41.324096999987525], [-82.59116300014142, 41.32386699980994], [-82.59094300003339, 41.323842000225724], [-82.59006799962417, 41.32374400003594], [-82.58970899959897, 41.323704000081335], [-82.5886340000715, 41.32358400007025], [-82.58827599987121, 41.32354400001743], [-82.58818499963462, 41.32353300020096], [-82.58791400037127, 41.323503000140214], [-82.5878239999596, 41.32349300011684], [-82.58779200017254, 41.32348900024205], [-82.58769699973799, 41.32347799974166], [-82.58766599977585, 41.32347499966624], [-82.5871700003816, 41.32341900003144], [-82.5865560000883, 41.32335100002473], [-82.58568300022719, 41.323259999746], [-82.58537299970746, 41.32322799995135], [-82.58518799975955, 41.323210999906536], [-82.58466200022808, 41.32316100022508], [-82.58416099991267, 41.32312099991262], [-82.58401000029991, 41.323110000024805], [-82.58323699999795, 41.32306199987917], [-82.58246299987104, 41.323022999987806], [-82.58174800019368, 41.3229980000798], [-82.5810739996259, 41.322983000265275], [-82.58091299996742, 41.322980000167064], [-82.58004400030428, 41.32297199967952], [-82.58001800036502, 41.32297199967952], [-82.57912399968922, 41.32298099997493], [-82.57840900001186, 41.32299899988739], [-82.57780300011446, 41.32302099969869], [-82.57751500023438, 41.32303200027618], [-82.57685999993316, 41.32306499997365], [-82.57596799980548, 41.32312099991262], [-82.57394699972367, 41.32326699972003], [-82.57216300036666, 41.3233899997198], [-82.57109299996375, 41.32346600011364], [-82.5688579996217, 41.3236249998965], [-82.56794100027798, 41.32369000022636], [-82.56679700025524, 41.32377199971968], [-82.5606140003592, 41.32422100023334], [-82.55855399991934, 41.324371000095645], [-82.55801400014417, 41.324409999854836], [-82.55552899955687, 41.324581999915594], [-82.55242399972677, 41.324797999976404], [-82.54855999983837, 41.32507900028936], [-82.54701400013272, 41.32518400026339], [-82.54645599991589, 41.325223999984075], [-82.54540899997752, 41.325301000035104], [-82.54469400030018, 41.32534399967353], [-82.54362100042253, 41.32539699969087], [-82.54342999972852, 41.325404000110005], [-82.54302399984765, 41.325419999812276], [-82.5427729997775, 41.32542500001358], [-82.54212800042033, 41.32544099971075], [-82.54080199992438, 41.32545700007854], [-82.54014599979827, 41.325465000261], [-82.53926299989143, 41.32547499998169], [-82.53902199986699, 41.32547799996503], [-82.53661499999583, 41.325504000040034], [-82.53573299991389, 41.32551399975475], [-82.53416000044406, 41.325530000104635], [-82.53412699993378, 41.32553099987343], [-82.5317979998804, 41.325559000138554], [-82.53000699995235, 41.32557300026656], [-82.52944100023792, 41.325577999781544], [-82.52786899969468, 41.32559299967331], [-82.5268419998478, 41.325603000048986], [-82.52637800024063, 41.32561100021351], [-82.5255890000451, 41.32562600009768], [-82.5245749997187, 41.32565099967208], [-82.5236800001163, 41.32568199985964], [-82.52290599998939, 41.32571800021122], [-82.52191000010464, 41.325776999863734], [-82.52189400021112, 41.325778000303316], [-82.52042399977515, 41.32588100029877], [-82.52023100032962, 41.32589499968308], [-82.51928200030052, 41.32597999973492], [-82.51839500019572, 41.32606999982774], [-82.51750999974075, 41.32617000008489], [-82.51674400000978, 41.32626500005212], [-82.51586299975277, 41.32638499984823], [-82.51498400004388, 41.32651300015168], [-82.51269900037143, 41.32685400026518], [-82.51230199981308, 41.32691399998581], [-82.51027900008144, 41.32722199975049], [-82.50917400041676, 41.32739000017371], [-82.50743000034439, 41.327656000014095], [-82.50585899962606, 41.3278879997744], [-82.50526199994948, 41.32797700019888], [-82.50475300013646, 41.3280450001002], [-82.50455599959466, 41.32807099982544], [-82.50451499958676, 41.32807599982331], [-82.50379999990942, 41.3281640002626], [-82.50367199986289, 41.32817999996173], [-82.50356200025806, 41.32819200007085], [-82.50339300020363, 41.328209999893], [-82.50288799969027, 41.328266000132466], [-82.50272000035908, 41.328286000061766], [-82.50225300037884, 41.328337999984186], [-82.50150600001612, 41.32841499972814], [-82.50136600027403, 41.32843000031598], [-82.49993699984593, 41.328538000129086], [-82.4992229999935, 41.328587000010266], [-82.49803200011509, 41.328655999670275], [-82.49785200019004, 41.32866400013454], [-82.49731700043775, 41.32869000028735], [-82.4966329998242, 41.3287140003154], [-82.49624299983688, 41.32872700004585], [-82.4960040003606, 41.328732999713], [-82.49522900040877, 41.328753000173535], [-82.49433300008315, 41.32876500017706], [-82.49411999964781, 41.32876500017706], [-82.4934920000091, 41.328768000008964], [-82.49320199958086, 41.32876899972803], [-82.49307899955723, 41.328770000121665], [-82.49233200009283, 41.328768000008964], [-82.4920419996646, 41.328768000008964], [-82.48999200016878, 41.32876300006421], [-82.4895569999756, 41.32876300006421], [-82.48806399997339, 41.32876700028989], [-82.48430300001719, 41.32876399978334], [-82.48384500025777, 41.32876700028989], [-82.48352700024046, 41.328770000121665], [-82.48281199966479, 41.32878499995318], [-82.48209600016254, 41.32881100005772], [-82.48179700041179, 41.328825000161615], [-82.48132200003565, 41.32884799974755], [-82.48101499988897, 41.32886600006306], [-82.48025099980781, 41.32891399998068], [-82.47867400014003, 41.32901899984591], [-82.47789400016535, 41.329070999857834], [-82.47757500032313, 41.32909199992872], [-82.47694400031135, 41.32913199994866], [-82.47409700022412, 41.329316999974324], [-82.47314800019504, 41.3293790002191], [-82.47311200021002, 41.32938100031304], [-82.47027900036647, 41.32957399998417], [-82.46795500033598, 41.329732999703154], [-82.46373099969918, 41.33000600002098], [-82.46167299980745, 41.33014099986666], [-82.4588049998038, 41.33032999985514], [-82.45846599987009, 41.33035199988955], [-82.45837600035672, 41.330358000081624], [-82.45744999989387, 41.33041799994827], [-82.45711199978506, 41.33043999995296], [-82.45668300033796, 41.3304669997646], [-82.45539799984991, 41.330549999865], [-82.45497000022775, 41.33057799999693], [-82.4532920002776, 41.33068600029672], [-82.45183100006246, 41.33078099975036], [-82.44980800033082, 41.33091399996688], [-82.44855800000286, 41.33099199972415], [-82.44826099990193, 41.33101099980651], [-82.44658399977672, 41.33111999974603], [-82.44596399963561, 41.331159999869975], [-82.44410699958532, 41.33128099977487], [-82.44348800016743, 41.33132200015436], [-82.4400500002514, 41.33154499989109], [-82.43852700011197, 41.33164000011574], [-82.43749000021936, 41.331704000196055], [-82.43421799998468, 41.33192099992667], [-82.42487699965679, 41.33252800025188], [-82.42399899977282, 41.33258400015249], [-82.42260799987785, 41.33267300023278], [-82.41843699984281, 41.33294100007361], [-82.41767699995962, 41.33299099967014], [-82.41704699977277, 41.3330320003225], [-82.41692299992421, 41.33304000024938], [-82.41655399985328, 41.333062999696345], [-82.41643099982961, 41.333071999946945], [-82.41479999973515, 41.33317800018205], [-82.41261899981977, 41.33332199974141], [-82.41047700026245, 41.33345500016655], [-82.40990899999989, 41.333493000238114], [-82.40863299973266, 41.33358100010578], [-82.40827999955523, 41.33360400003627], [-82.40452699999494, 41.33384400002886], [-82.40220700016239, 41.33399900021459], [-82.401412999944, 41.33404899967364], [-82.39173299968242, 41.33466900029951], [-82.39042399980322, 41.33474799990976], [-82.3884010000716, 41.33488199974668], [-82.38762600011977, 41.33492499980707], [-82.38708799999443, 41.334944999715674], [-82.38654999986909, 41.334956000303556], [-82.38589200009314, 41.33495899985039], [-82.38523400031721, 41.33495100015923], [-82.38469700001679, 41.334935999723804], [-82.3841000003402, 41.334908000115995], [-82.38344400021408, 41.33486699996989], [-82.38080700018912, 41.33467700002536], [-82.37512100041057, 41.334270000249354], [-82.37458599975996, 41.33423999973604], [-82.37410899973398, 41.33422099992085], [-82.37394200022771, 41.33421899997551], [-82.37363300043123, 41.33421399977456], [-82.37321599978141, 41.33421799966555], [-82.37279900002987, 41.33423100032129], [-82.37238200027835, 41.33425400002228], [-82.37196700017665, 41.33428500016362], [-82.37155299989988, 41.3343249996932], [-82.37114100017124, 41.334373999943466], [-82.37102499982026, 41.33439000014107], [-82.37067300036608, 41.33444199991308], [-82.370265999762, 41.33451100011718], [-82.36992000015559, 41.334578000313876], [-82.3695200001225, 41.33466600006484], [-82.36912299956414, 41.334762999713895], [-82.36873099992698, 41.33487000019531], [-82.36834299958947, 41.33498500018897], [-82.36796000017316, 41.33510899994877], [-82.36752699962977, 41.33525899970178], [-82.36699100005258, 41.335457000276705], [-82.36630300013941, 41.33572700002952], [-82.36346400044809, 41.33687899984483], [-82.36273100032908, 41.33716899967383], [-82.36256499974941, 41.337235000245265], [-82.3613040004491, 41.33774900017954], [-82.36024900011482, 41.33816999991986], [-82.36001700031123, 41.338258999787264], [-82.35998299997604, 41.3382720003109], [-82.35924400000924, 41.338566999875034], [-82.35826700039108, 41.33894700012237], [-82.35823600042895, 41.33895999983425], [-82.35743399981463, 41.339263000166], [-82.35673400020589, 41.33951700004575], [-82.35613599980609, 41.339723999823235], [-82.35553400010664, 41.339922000314345], [-82.35292100037114, 41.340737999950896], [-82.35255499977492, 41.34085299970087], [-82.35112899971988, 41.341304999782665], [-82.35053100021838, 41.34149399975369], [-82.3479350002013, 41.342309999926535], [-82.34677899958467, 41.342666999821944], [-82.34616900038763, 41.34284700031355], [-82.34467899986015, 41.34325300027756], [-82.34466499961646, 41.34325399977432]]}, "properties": {"BASENAME": "Ohio", "MTFCC": "S1100", "NAME": "Ohio Tpke", "OBJECTID": 630, "OID": "110514901008", "PREDIR": null, "PREDIRABRV": null, "PREQUAL": null, "PREQUALABRV": null, "PRETYP": null, "PRETYPEABRV": null, "RTTYP": "M", "SUFDIR": null, "SUFDIRABRV": null, "SUFQUAL": null, "SUFQUALABRV": null, "SUFTYP": 635, "SUFTYPEABRV": "Tpke"}}, {"type": "Feature", "id": 631, "geometry": {"type": "LineString", "coordinates": [[-82.84401899956629, 41.35037900018672], [-82.8416820000153, 41.35013199997408], [-82.8386199998429, 41.3498100003238], [-82.83601899980296, 41.34952800006327], [-82.83461799986226, 41.34937900020723], [-82.83226299986961, 41.34913100016594], [-82.83191800008811, 41.349093999858546], [-82.83088600021836, 41.34898500032527], [-82.83054200026177, 41.348949000018635], [-82.83019400010723, 41.34891200028214], [-82.82939499986598, 41.34882799989109], [-82.82915300001663, 41.34880100027221], [-82.82880700041024, 41.34876399977728], [-82.82827199975962, 41.34870500003814], [-82.8270879995539, 41.34858199995277], [-82.82643499980082, 41.34852199995843], [-82.82640200018886, 41.34851899968751], [-82.82583999977408, 41.348479000108284], [-82.82500600027105, 41.348431999863166], [-82.82160900036288, 41.34826200024302], [-82.82071499968708, 41.3482139997463], [-82.82029899976048, 41.34818799996822], [-82.81934600043174, 41.34813599970661], [-82.81916300013363, 41.34812700018883], [-82.81674899969144, 41.34801399999314], [-82.81630600000067, 41.34799299995307], [-82.81588900024914, 41.34796700008673], [-82.81381000044102, 41.347861999742854], [-82.81356500021863, 41.34784999988546], [-82.80814300003071, 41.34757200032194], [-82.8062349999268, 41.34748100015599], [-82.80499600036782, 41.347418000174116], [-82.80265999974343, 41.347300000225985], [-82.80205800004397, 41.34726499977163], [-82.80188700033976, 41.34725500002373], [-82.80111400003777, 41.347200000034015], [-82.80046700013249, 41.347147000220616], [-82.800046000183, 41.34711299979596], [-82.79933499980531, 41.34704699979361], [-82.79832999969972, 41.34694500033284], [-82.79750299986938, 41.346851000291544], [-82.7965610004113, 41.34673400010799], [-82.79571299976625, 41.346616999714236], [-82.79568000015429, 41.34661299991031], [-82.79456600026877, 41.34644900032009], [-82.79413500027354, 41.34639200007793], [-82.79386099973884, 41.34635500023713], [-82.79351099993448, 41.346300000161584], [-82.79287099970189, 41.346190999997084], [-82.792576999974, 41.346135999783], [-82.79177000023516, 41.3459879997118], [-82.79107800012402, 41.34584999994383], [-82.79032900011147, 41.34569500031024], [-82.78917300039316, 41.3454700001855], [-82.78793300011094, 41.34522099995048], [-82.78638599968207, 41.34491200016304], [-82.7858829997168, 41.344811000202654], [-82.78585799960247, 41.34480600014043], [-82.78427300043707, 41.344492000320564], [-82.78420800013974, 41.34447899968966], [-82.78374600018238, 41.344386000288615], [-82.78184300010135, 41.34400099995556], [-82.78085899991217, 41.34380399988924], [-82.77843799979728, 41.34332000024922], [-82.77343499990901, 41.342307000043824], [-82.77318300001394, 41.34225599999303], [-82.77130400022236, 41.34189799967581], [-82.77001100023668, 41.34166700009559], [-82.76894300038192, 41.341494999951905], [-82.76607799985301, 41.34110499971563], [-82.7657609996606, 41.34106599983333], [-82.76567199997217, 41.34105500027733], [-82.76512499962597, 41.340987999998674], [-82.76414299998493, 41.34086800012248], [-82.76375899984536, 41.34082099977911], [-82.7611989998133, 41.340519000164484], [-82.76021799999718, 41.34040399982472], [-82.7600449997448, 41.340384000243404], [-82.75952699971096, 41.34032400011371], [-82.75935500018183, 41.34030399983336], [-82.75873699969054, 41.340232999935175], [-82.757149999977, 41.340043999676844], [-82.75637699967503, 41.33995299978154], [-82.75360699958067, 41.339607000323106], [-82.75054199993355, 41.339234000161824], [-82.74918500037379, 41.33907000019778], [-82.74834000010176, 41.338962999871136], [-82.74816000017671, 41.33893999980949], [-82.74762000040155, 41.33887100025027], [-82.74743999957816, 41.33884899972052], [-82.74673300029674, 41.33876300003101], [-82.74606100027711, 41.33868200008624], [-82.74461599995546, 41.33849600010662], [-82.74435300018975, 41.3384630001309], [-82.74408000037826, 41.33842899989316], [-82.74391100032385, 41.33840800013422], [-82.74305699983101, 41.33830100006895], [-82.74205199972545, 41.338187000108526], [-82.74051600006553, 41.3380059999745], [-82.7396680003188, 41.337905999673524], [-82.73768499987182, 41.33767300025845], [-82.73611900007468, 41.33748099988536], [-82.73591599968509, 41.3374569997146], [-82.73385100012067, 41.33721499969085], [-82.73190600020683, 41.33697399971007], [-82.73101900010205, 41.336870999714954], [-82.72995399972201, 41.336758999817036], [-82.72876799986646, 41.33664799999917], [-82.72793600001324, 41.336579000035265], [-82.72704399988558, 41.33651600029766], [-82.72555400025642, 41.336425999795985], [-82.72545100032426, 41.33642000016282], [-82.72454099975494, 41.33637199970502], [-82.72370600042697, 41.33633700012184], [-82.7226310000012, 41.336305000004664], [-82.72221300042476, 41.336296000200704], [-82.72188000033884, 41.33629300004097], [-82.72155599957541, 41.33629100015919], [-82.72032200003929, 41.336264999667456], [-82.71594400031502, 41.33617300028253], [-82.71565200023697, 41.33616699995155], [-82.7143309997639, 41.3361440002515], [-82.71409499976234, 41.33613900019838], [-82.71176400005913, 41.33608600015078], [-82.70991299985666, 41.33605000013209], [-82.70149399979366, 41.33587100002462], [-82.69976300014007, 41.335838000067874], [-82.69975100044452, 41.335838000067874], [-82.69935499971108, 41.33582900019944], [-82.6982080002136, 41.33580300019775], [-82.69476899957434, 41.33572800031631], [-82.69362299990176, 41.335702999886955], [-82.69313599983005, 41.335692000099705], [-82.69140400035157, 41.33565799976448], [-82.69037199958348, 41.33563999997658], [-82.6897320002492, 41.33562999979246], [-82.68800099969731, 41.335592999907355], [-82.6871060000949, 41.33556600019672], [-82.6859729999428, 41.33551999968963], [-82.68472199978993, 41.33545599998576], [-82.68388999993671, 41.33540399967423], [-82.6831769999092, 41.33535000008502], [-82.68210999987933, 41.33525699978825], [-82.68122199994961, 41.33516900016123], [-82.68063799979353, 41.33510500011255], [-82.68033499984482, 41.33507199976773], [-82.6793330001123, 41.33495199978341], [-82.67839300030406, 41.33482599979798], [-82.67741499996265, 41.33468499975018], [-82.67727900041852, 41.33466499976175], [-82.67664599985861, 41.33456499972744], [-82.67651899963703, 41.33454600000706], [-82.67564599977591, 41.33439799990118], [-82.67471699983832, 41.334230000011516], [-82.67434699994247, 41.33415799992617], [-82.67367499992282, 41.33402900016441], [-82.67358399968623, 41.33401099992636], [-82.67286800018397, 41.333864999910276], [-82.6683220002302, 41.33291199995275], [-82.66808399968049, 41.33286099996473], [-82.6656199999079, 41.33234000023346], [-82.65159200005925, 41.32938800030414], [-82.65043200014298, 41.32914399988238], [-82.64950900005319, 41.328956000216884], [-82.64840900041135, 41.32874499972025], [-82.64742100002421, 41.32856599977661], [-82.64672100041548, 41.3284469996738], [-82.64607299978695, 41.3283450000873], [-82.64572700018056, 41.32829100004314], [-82.64449500029426, 41.3281129999305], [-82.64376800002303, 41.328010000090416], [-82.64346699972414, 41.32796799991892], [-82.64005899994535, 41.327481999820364], [-82.63893599983899, 41.327309999994085], [-82.63799299965768, 41.32715700024552], [-82.63711200029897, 41.32700299971694], [-82.6363520004158, 41.32686099985318], [-82.63547700000656, 41.326687000234756], [-82.63449000034264, 41.32647899974774], [-82.63321700044847, 41.326198000075436], [-82.63116200003147, 41.325733000070755], [-82.62890499994812, 41.325227999752414], [-82.62650300009979, 41.32468600023416], [-82.62358400004253, 41.32403400032173], [-82.62295100038094, 41.3239010002276], [-82.62231399962307, 41.32377799984314], [-82.62144199958689, 41.3236219998278], [-82.62085800032911, 41.323527000055], [-82.62021200024873, 41.323432999944636], [-82.61950699971881, 41.323340999978086], [-82.61885700033879, 41.32326500011306], [-82.61814599996109, 41.32319300005263], [-82.61743399975846, 41.323130000187454], [-82.61677900035558, 41.323081000250234], [-82.61661799979878, 41.323071999968626], [-82.61648800010244, 41.32306499997365], [-82.61612400005438, 41.32304399998411], [-82.61570300010489, 41.32302699989125], [-82.6153790002398, 41.32301299989082], [-82.61510999972796, 41.32300299979231], [-82.6145719996026, 41.32298899978673], [-82.6144079995711, 41.322987000171175], [-82.61408500042921, 41.32298499988095], [-82.61385500027544, 41.322983000265275], [-82.61354300010592, 41.32298599968875], [-82.61291299991905, 41.32300100017718], [-82.61136200019052, 41.32303799979312], [-82.61025300032789, 41.323102000227856], [-82.60940200020809, 41.32317299990927], [-82.6091360000693, 41.32319600014103], [-82.6082909997973, 41.32328299994707], [-82.60823600044402, 41.32328800031235], [-82.6081500002303, 41.323296999889486], [-82.60705399988814, 41.32344200017639], [-82.60694900030616, 41.32345600008464], [-82.60479699980476, 41.32381699995724], [-82.60353099958328, 41.32403999974637], [-82.60235800014654, 41.324247999923706], [-82.60149799980591, 41.3243770001639], [-82.6010269996277, 41.32443400011021], [-82.60076100038727, 41.324459999927164], [-82.60043699962385, 41.324494000035365], [-82.59984499997014, 41.32454400004323], [-82.59931199986767, 41.324578999891], [-82.5988359996666, 41.32460099984352], [-82.59818200008861, 41.32461699974296], [-82.59782399988833, 41.324619999765844], [-82.59734799968727, 41.32461800020033], [-82.59681299993497, 41.324603999867094], [-82.59633699973391, 41.32458299969893], [-82.595935000051, 41.32455699993106], [-82.595863000081, 41.32455300012153], [-82.59532999997852, 41.32450999996112], [-82.59433200044394, 41.32440800028294], [-82.59311700027607, 41.324273000026785], [-82.58947400032064, 41.32386900007313], [-82.58854399965982, 41.32376700006617], [-82.58825999997768, 41.32373700011314], [-82.58817999961175, 41.323727999922134], [-82.58794199996036, 41.323704000081335], [-82.58789400027979, 41.32369899974797], [-82.58786300031765, 41.32369599968271], [-82.58781599956367, 41.32369000022636], [-82.58767499999668, 41.323674999896525], [-82.58762899996591, 41.323670000235566], [-82.58609900015378, 41.3235019996657], [-82.58547300016491, 41.32343399974556], [-82.58476299961211, 41.3233659997545], [-82.58422500038509, 41.323323000160094], [-82.58319699981497, 41.323252999771164], [-82.58187700006513, 41.32318999996404], [-82.58149700012352, 41.323179999892695], [-82.5803270001615, 41.323152999759806], [-82.57995999974038, 41.32315800013507], [-82.57895399980991, 41.3231710002994], [-82.57823800030764, 41.32318900015938], [-82.57771299970277, 41.32320900029779], [-82.57746300035583, 41.323220000168945], [-82.57668800040403, 41.323259999746], [-82.57555799972666, 41.3233330002095], [-82.57389400002023, 41.32345699988526], [-82.5709850000087, 41.32366400010218], [-82.56874399981888, 41.323823999871486], [-82.5667100002166, 41.32396799986766], [-82.56061099998617, 41.32440399978963], [-82.55857800020878, 41.32455000009554], [-82.55647400028629, 41.32470100033126], [-82.55555000037158, 41.324764000026825], [-82.55469000003096, 41.32482400032275], [-82.54646599996164, 41.32541300006953], [-82.54583199957683, 41.32545900029288], [-82.54493899962424, 41.32551500019836], [-82.54398600029553, 41.32556200011803], [-82.5434359995763, 41.32558099976015], [-82.54278000034849, 41.325603000048986], [-82.54201700009226, 41.32562999984135], [-82.54112199959152, 41.325644999721135], [-82.54081500034319, 41.325646999929695], [-82.54016000004196, 41.32565400032198], [-82.53968800003886, 41.325658000063925], [-82.539274999587, 41.32566199980558], [-82.5366219996685, 41.32569399975416], [-82.53573799993677, 41.32570499988041], [-82.5346130001806, 41.32571800021122], [-82.53416700011674, 41.325721999949245], [-82.5294539997584, 41.3257689997196], [-82.5278839997633, 41.32578599977173], [-82.5263909997611, 41.325799999851014], [-82.52589399964364, 41.32580599978768], [-82.52499900004122, 41.32582299983012], [-82.52428299964065, 41.32584500003725], [-82.52332899958868, 41.325887000228036], [-82.52243499981121, 41.32593600007907], [-82.52191799960227, 41.32597000009172], [-82.52148300030738, 41.325999999691376], [-82.52042999962293, 41.32608099989051], [-82.52017600007802, 41.3261000000559], [-82.51934599987463, 41.32617399979517], [-82.51833999994415, 41.32627600008197], [-82.51745399966426, 41.32637699977873], [-82.51728999963271, 41.32639700028788], [-82.51668799993327, 41.326472999873054], [-82.51551299994838, 41.32663499966929], [-82.51416499971114, 41.326830999975385], [-82.51246599984461, 41.32709799981881], [-82.50792699956352, 41.32778599998736], [-82.5070799996417, 41.32791499996911], [-82.50532200022394, 41.32817499997186], [-82.5048059998399, 41.32824499979534], [-82.50458699955678, 41.32827499969666], [-82.5043830002406, 41.328303000131804], [-82.50392899978085, 41.32835900029132], [-82.50371000039604, 41.328387000015724], [-82.50367600006085, 41.328391000264496], [-82.50295399981249, 41.32847000006777], [-82.5023770002274, 41.32853500028658], [-82.5014900001226, 41.32862500022311], [-82.50068500003358, 41.328696999678066], [-82.50060100036798, 41.3287050001373], [-82.49992799962511, 41.328758000119066], [-82.49977000033968, 41.32877099984074], [-82.498878000212, 41.32883000010162], [-82.49864300003536, 41.32884299980893], [-82.49798500025942, 41.32888000015513], [-82.49709200030684, 41.32891899991385], [-82.4960190004292, 41.32895499982612], [-82.49518400020294, 41.328973999828015], [-82.49478199962172, 41.32897800004075], [-82.4942889997022, 41.32898399968477], [-82.49349500038215, 41.32898399968477], [-82.49118499969703, 41.32898399968477], [-82.49115399973489, 41.32898299996901], [-82.4874229999159, 41.328977000324834], [-82.48575099981355, 41.32898500007511], [-82.48461699983653, 41.32898000014699], [-82.48413099958972, 41.3289809998628], [-82.48377999996045, 41.32898200025318], [-82.48294399990928, 41.328992000108705], [-82.48240599978394, 41.32900699988912], [-82.48186799965858, 41.32903099980044], [-82.48179200038892, 41.32903500000967], [-82.48160999991572, 41.329044999857054], [-82.48099200032274, 41.32908200008853], [-82.48061800022893, 41.3291039998698], [-82.47859299994917, 41.32923799984895], [-82.47779399970793, 41.32929100007171], [-82.47627399994154, 41.32939100010733], [-82.47460799968697, 41.32949599987839], [-82.47400000013975, 41.32953600032483], [-82.47216900002873, 41.329659999663996], [-82.47097899997522, 41.32973400008199], [-82.4681829999416, 41.32992099982474], [-82.46562299990956, 41.33008200011844], [-82.46389800010374, 41.33020099993311], [-82.46262100001161, 41.33028099993576], [-82.46217300029795, 41.33030999987877], [-82.45882800026834, 41.330527999897456], [-82.45805599979126, 41.33057799999693], [-82.4557419998065, 41.33072899975414], [-82.45497100005264, 41.33078000006217], [-82.45267399978631, 41.330928999979356], [-82.44578299988562, 41.33137799974257], [-82.44348700034254, 41.3315289996692], [-82.44182199991286, 41.331638000091104], [-82.43890600022866, 41.331822999746194], [-82.43853100030994, 41.331848000315574], [-82.43521700024245, 41.33206599990957], [-82.4290529997147, 41.33245899997087], [-82.4280450001344, 41.33252299992118], [-82.42575399971585, 41.33266900024692], [-82.42502399996988, 41.33271799971928], [-82.42401700021449, 41.33278600006855], [-82.42263899983999, 41.332870999899356], [-82.42194500007905, 41.33291399993822], [-82.41850799998792, 41.33313799994815], [-82.41713100033667, 41.33322899992184], [-82.41696999977987, 41.33323899980003], [-82.41648699990613, 41.333271000074426], [-82.41632700007254, 41.333282000270465], [-82.41617399991168, 41.33329200014052], [-82.41469400032825, 41.33338600019289], [-82.41397399972972, 41.33343200018346], [-82.41165100042244, 41.33358199975103], [-82.40979900039501, 41.33370499984022], [-82.40945000041559, 41.333729000044414], [-82.40816699957733, 41.33380800012008], [-82.40647399955859, 41.33391300019192], [-82.40132400025556, 41.334244000299904], [-82.39939199986219, 41.33436899975442], [-82.3923100001658, 41.334830999951954], [-82.38832300025378, 41.335085000253024], [-82.38772800022703, 41.3351170002951], [-82.38719199975151, 41.33513599984888], [-82.38641599997479, 41.33515199985931], [-82.38575999984867, 41.3351559996927], [-82.385163999997, 41.3351490003214], [-82.38462699969658, 41.335133000310186], [-82.38409199994427, 41.33510899994877], [-82.38355700019198, 41.335074999983746], [-82.38153600011017, 41.33492600010618], [-82.38079100029559, 41.33487299974611], [-82.38004899995576, 41.33482100031815], [-82.37654099971952, 41.334560999857764], [-82.37481500008882, 41.33444900003487], [-82.37433800006283, 41.33442500009595], [-82.37395100044854, 41.33441400009288], [-82.37385900038703, 41.33441099984646], [-82.37350000036183, 41.334408000274394], [-82.37313999961341, 41.33441299978591], [-82.37272200003699, 41.33442899997398], [-82.3723639998367, 41.33445200027958], [-82.37194700008517, 41.33448700020111], [-82.37153199998347, 41.334529000217074], [-82.3711179997067, 41.33458099987813], [-82.37102900001823, 41.33459399978689], [-82.37070699980295, 41.334642000205875], [-82.37029800044735, 41.33471199982605], [-82.3699500002928, 41.33478099974415], [-82.3695479997116, 41.33487099982078], [-82.36915000022665, 41.334969999761434], [-82.36875699986626, 41.33507899982186], [-82.36831199962734, 41.33521300032686], [-82.3679280003861, 41.33533900023821], [-82.36754800044449, 41.33547300020834], [-82.36712099974892, 41.33563499988471], [-82.36506399968209, 41.33645999973032], [-82.36272499958298, 41.337402999803956], [-82.3619039996004, 41.33773499997], [-82.36000600044058, 41.33849600010662], [-82.35963700036963, 41.33864399966944], [-82.35852699978375, 41.3390829998851], [-82.35794099997783, 41.33930600003208], [-82.35718899959224, 41.339580999806095], [-82.35654000003713, 41.33980799981899], [-82.35588499973593, 41.34002599975213], [-82.35122800035239, 41.34149799987201], [-82.3504550000504, 41.341741999882714], [-82.34944300027212, 41.34206499983131], [-82.34762899987955, 41.34263999967153], [-82.3468570003008, 41.34287899991423], [-82.34619100012893, 41.34307499990723], [-82.34523999955172, 41.34333699976801], [-82.34469399992877, 41.343475000140884], [-82.34467399983727, 41.343477999969835]]}, "properties": {"BASENAME": "Ohio", "MTFCC": "S1100", "NAME": "Ohio Tpke", "OBJECTID": 631, "OID": "110514901009", "PREDIR": null, "PREDIRABRV": null, "PREQUAL": null, "PREQUALABRV": null, "PRETYP": null, "PRETYPEABRV": null, "RTTYP": "M", "SUFDIR": null, "SUFDIRABRV": null, "SUFQUAL": null, "SUFQUALABRV": null, "SUFTYP": 635, "SUFTYPEABRV": "Tpke"}}, {"type": "Feature", "id": 649, "geometry": {"type": "LineString", "coordinates": [[-84.38119999977204, 41.601919999739714], [-84.38024300024537, 41.60165599993619], [-84.37893299964294, 41.601288999796736], [-84.37736199982294, 41.60085300019284], [-84.37600400043824, 41.60050300024973], [-84.37531200032711, 41.60026799972175], [-84.37458400023098, 41.60001100027145], [-84.37383100002049, 41.59973700021116], [-84.373073999612, 41.5994490000951], [-84.37233200017049, 41.599157000335346], [-84.37198599966577, 41.59902600021857], [-84.37154600034803, 41.59884499997863], [-84.3711350004443, 41.598682000040775], [-84.37083699962015, 41.59855699991251], [-84.37063499995378, 41.598471999687014], [-84.370116000095, 41.59826199999346], [-84.36973799980325, 41.59810500024965], [-84.36683999966237, 41.59687999976994], [-84.36528399991097, 41.596214000271864], [-84.36449999973834, 41.595880000320655], [-84.36297300029926, 41.59524000022748], [-84.3607580000487, 41.594308000305794], [-84.36002300027985, 41.593996999690894], [-84.3592879996127, 41.59368400024419], [-84.35854299979812, 41.59336899992124], [-84.35780399983135, 41.59306000019672], [-84.35707300026046, 41.59274500018775], [-84.35669499996868, 41.59258099993294], [-84.3562740000192, 41.592412999813384], [-84.35597299972031, 41.592282999812696], [-84.35556500018964, 41.59211599995991], [-84.35499100007927, 41.5918719997885], [-84.35384899970636, 41.59137700005191], [-84.353274999596, 41.591139000073305], [-84.3526980000109, 41.59090099988905], [-84.35236300027516, 41.59076600026118], [-84.35212399990056, 41.59066199977805], [-84.35167899966163, 41.59047499990905], [-84.3511430000844, 41.59024600020109], [-84.35060900015704, 41.590015999949614], [-84.35035899991179, 41.589910999869076], [-84.34996800009952, 41.589743000191284], [-84.34889900041985, 41.589293000100064], [-84.34867900031183, 41.58920199996163], [-84.34738700015109, 41.588652000115516], [-84.34693699988927, 41.58846699998151], [-84.3465159999398, 41.58831099968534], [-84.34608999996745, 41.58816299977947], [-84.34556100006293, 41.5880150002062], [-84.34500899969389, 41.58787699995338], [-84.3446859996537, 41.58780899981768], [-84.34439299975074, 41.58775399993223], [-84.34405499964194, 41.58770199997299], [-84.3436589998068, 41.587650999739665], [-84.34330399997957, 41.58761299981633], [-84.34283899964916, 41.58758399980676], [-84.34242899957034, 41.587571999891615], [-84.3420879999868, 41.587563999723045], [-84.34166899968714, 41.58756800014339], [-84.34139400022585, 41.58757499987062], [-84.34106399961465, 41.58759499995093], [-84.34063099996962, 41.58763299988487], [-84.33991399974411, 41.587733999901175], [-84.3395039996653, 41.587802999881326], [-84.33909699995952, 41.58788700028346], [-84.33869799975135, 41.5879750002996], [-84.33818200026562, 41.588083000124875], [-84.33746500004014, 41.588276000096855], [-84.3365970002019, 41.58848199966712], [-84.33571199974693, 41.58868299982103], [-84.33480500044897, 41.58888300027225], [-84.33392699966667, 41.58908300010386], [-84.33309900001143, 41.58927899967369], [-84.33224000039402, 41.58947799988274], [-84.33134700044145, 41.58969000008219], [-84.33044199989497, 41.58989799998159], [-84.32953100039904, 41.59011099987529], [-84.32861599980683, 41.59032300001164], [-84.32770299976276, 41.59053000016388], [-84.32720099962245, 41.59064299969751], [-84.32656700013594, 41.59079500018514], [-84.32629699979921, 41.590845999950346], [-84.32568099985605, 41.59096900012724], [-84.32482899991135, 41.59112700014713], [-84.32411800043197, 41.591247999692506], [-84.32369300028452, 41.59131800033096], [-84.3231219996489, 41.591404999991695], [-84.32243200008591, 41.591497000092325], [-84.32156199969954, 41.591607000157325], [-84.32097699971854, 41.59167199986329], [-84.32035400010268, 41.59173500009468], [-84.32011599955301, 41.591755000229966], [-84.3197850000152, 41.59178200030193], [-84.31948700008938, 41.59180399982968], [-84.31923900039227, 41.591821000162014], [-84.31891999965173, 41.59184499975413], [-84.31873999972665, 41.59185599984413], [-84.31832499962496, 41.591884000248], [-84.31790200002567, 41.59190799981669], [-84.31660300019222, 41.59195600027102], [-84.31591399955582, 41.59196599996924], [-84.3151660002665, 41.591974000264216], [-84.31443200032258, 41.591970000116824], [-84.31317399959869, 41.59194100004891], [-84.31245100042375, 41.5919140000434], [-84.31105100030796, 41.59183299995919], [-84.31038900033406, 41.59179299973082], [-84.30959000009281, 41.59174400012275], [-84.30872300007948, 41.59169499980559], [-84.30786000026413, 41.59163900016544], [-84.30706799969558, 41.59159399993951], [-84.30568400037161, 41.591511000037684], [-84.30481300016035, 41.591460000126034], [-84.30417100027793, 41.59142100004785], [-84.30345900007532, 41.5913759996699], [-84.30259000041218, 41.59132899983891], [-84.30172599987361, 41.59127700007179], [-84.30100500034847, 41.591228999784484], [-84.30012999993922, 41.5911810001333], [-84.2992410001846, 41.591125000047214], [-84.29778400016741, 41.5910440003167], [-84.29692399982679, 41.59100299988351], [-84.2960450001179, 41.59093699978693], [-84.29517499973154, 41.59088800020093], [-84.29428599997692, 41.59083100014213], [-84.29166200037076, 41.5906870001937], [-84.29079399963422, 41.59065699982808], [-84.28991099972738, 41.590634000187805], [-84.28902000032294, 41.59062400028324], [-84.28813800024099, 41.59062400028324], [-84.28780900035302, 41.59062500000503], [-84.28723199986963, 41.59062700012038], [-84.28632899987129, 41.59063200007267], [-84.28567199992025, 41.59062799984212], [-84.28480599973186, 41.59063600030292], [-84.28392399964994, 41.59063600030292], [-84.2827310001217, 41.59063999986106], [-84.28213699991986, 41.590639000139504], [-84.28124399996727, 41.590646999927074], [-84.27944800001636, 41.59065800022122], [-84.27855500006379, 41.59066100005683], [-84.27766799995896, 41.590666000006436], [-84.27588500042685, 41.59067399979066], [-84.27498599972819, 41.59067700029734], [-84.27409000030087, 41.590678000018315], [-84.2732049998459, 41.59068200024572], [-84.27232100011413, 41.590687999914515], [-84.27143300018442, 41.59068900030717], [-84.27054000023185, 41.590687999914515], [-84.26964300008129, 41.590697000088554], [-84.26841600021787, 41.59070699998181], [-84.26785100032833, 41.590704000148335], [-84.26694400013206, 41.59070699998181], [-84.26637400021966, 41.59070799970231], [-84.26609399983718, 41.590714999760955], [-84.2657580002765, 41.59071199992785], [-84.26545600015272, 41.59071199992785], [-84.26527200002971, 41.590714000040556], [-84.26456599967487, 41.590714999760955], [-84.26412899983187, 41.59071899998606], [-84.26397099964812, 41.590718000265724], [-84.26382300040842, 41.59072100009855], [-84.26342400020025, 41.59071999970637], [-84.26219200031397, 41.59072899987591], [-84.26204599982577, 41.59072600004351], [-84.26159700028721, 41.59073199970822], [-84.26099600041267, 41.5907350002122], [-84.26024999987487, 41.5907350002122], [-84.25966300024405, 41.590738000044226], [-84.25892199972911, 41.590740000156075], [-84.25848999990897, 41.590742000267916], [-84.25716799961099, 41.59074799993113], [-84.25698799968593, 41.590745000099616], [-84.2559499999684, 41.590752000154204], [-84.25299400010121, 41.590769000091775], [-84.2515150003427, 41.59077199992217], [-84.24987099982944, 41.59077800025447], [-84.24914799975618, 41.59078300019501], [-84.24854799970656, 41.59078300019501], [-84.24765899995192, 41.590785000305516], [-84.24675500012869, 41.59079000024552], [-84.24527200017222, 41.590793000074996], [-84.24366000034432, 41.590802999953375], [-84.24214600042572, 41.5908059997822], [-84.24037899988882, 41.59081799976805], [-84.23874500031962, 41.59082199998684], [-84.23681200010137, 41.59082999975167], [-84.23353599966873, 41.59084100001463], [-84.23147699995208, 41.59085299999398], [-84.22978999978112, 41.59087100029475], [-84.22967400032847, 41.590857999928765], [-84.2281820001512, 41.590864999971096], [-84.22655699990449, 41.590869000186956], [-84.22433400015633, 41.59087200001271], [-84.22226299984581, 41.59088300026851], [-84.22209200014157, 41.59088600009367], [-84.22150100031278, 41.59088499970405], [-84.21972600027827, 41.59089100002585], [-84.21838800008676, 41.59090000017154], [-84.2172490000869, 41.59090500010269], [-84.21588499995612, 41.59090599982012], [-84.21417699986876, 41.59090900031602], [-84.21274300031608, 41.590914999963715], [-84.21184600016555, 41.59091999989366], [-84.20915899991186, 41.5909339999642], [-84.20873399976443, 41.59093100014128], [-84.20842400014304, 41.59092999975236], [-84.20694000036166, 41.59093800017574], [-84.20531400029006, 41.59094099999833], [-84.20337799969876, 41.590948999748434], [-84.20099699976684, 41.590952999959086], [-84.19876800017089, 41.59096299981269], [-84.19410400021634, 41.590972999664736], [-84.19348599972506, 41.59097699987386], [-84.19287800017781, 41.59098500029141], [-84.1920949998301, 41.590981000082785], [-84.1901659998098, 41.590990999932046], [-84.18882500014355, 41.59099200032002], [-84.18750100019574, 41.590995000140055], [-84.1863089995941, 41.5909959998561], [-84.1822880002452, 41.59101100029784], [-84.18157400039277, 41.59100900019433], [-84.17617399994616, 41.591031999701], [-84.17541400006296, 41.59103800000912], [-84.17475000043925, 41.591049999951856], [-84.17424599975077, 41.59106399999421], [-84.17345699955526, 41.591094000170685], [-84.17276799981717, 41.591124000333174], [-84.17155000017459, 41.591195000147195], [-84.17107800017148, 41.59122399987844], [-84.17070499990258, 41.591247999692506], [-84.17035900029616, 41.59127400026486], [-84.16997000013373, 41.591307000149285], [-84.16946600034358, 41.591351000192944], [-84.16841000018437, 41.59144899996855], [-84.16761500014108, 41.59153499974504], [-84.166926000403, 41.591611000327156], [-84.1662500001854, 41.59167699973464], [-84.16591100025168, 41.59172100019791], [-84.16514700017055, 41.59181700000519], [-84.16412799982125, 41.59192700019676], [-84.16268800042081, 41.592086999957544], [-84.16136600012283, 41.592240999797845], [-84.15912999995585, 41.59248999972649], [-84.15788600037399, 41.592626999833456], [-84.15687000039777, 41.59274300013802], [-84.15613100043097, 41.59282900020607], [-84.15499099970786, 41.59295800009336], [-84.15413100026555, 41.59305400007654], [-84.15374499957787, 41.593101999678645], [-84.15254000035405, 41.593230999692196], [-84.15168099983835, 41.5933269999412], [-84.15117899969802, 41.593385999841416], [-84.15050699967837, 41.5934620002597], [-84.15004800009406, 41.593510999907345], [-84.14976199986378, 41.59354399999186], [-84.14899100010994, 41.59363700007818], [-84.14891900013993, 41.59364399981921], [-84.14838600003745, 41.593701999755545], [-84.14793999997362, 41.593754000256496], [-84.14751400000127, 41.59380200000995], [-84.14722199992322, 41.59383400027361], [-84.14712400001393, 41.59384500002468], [-84.14685000037754, 41.59386999987944], [-84.14654800025374, 41.59390099976651], [-84.14626000037366, 41.59392000023178], [-84.14600199973249, 41.59393400032347], [-84.1456639996237, 41.593947000070024], [-84.14511399980277, 41.59395599978963], [-84.14480300035646, 41.59395799980182], [-84.14446299969953, 41.593947000070024], [-84.14405900036681, 41.59392800028453], [-84.14369600014365, 41.593906000137004], [-84.14341400011132, 41.593881999967536], [-84.14306400030698, 41.593847000040256], [-84.14250400044031, 41.59379700030319], [-84.14215399973764, 41.59376500002118], [-84.14200899997269, 41.59375200023803], [-84.14132799973218, 41.593678999856515], [-84.14089599991206, 41.59363700007818], [-84.13988300030888, 41.5935330001895], [-84.13894699980028, 41.593444000009576], [-84.13784499961031, 41.59332600026126], [-84.13709399994796, 41.593257000137626], [-84.13635599980607, 41.59320299987262], [-84.13620799966807, 41.59317200032214], [-84.13431899983074, 41.59298399997696], [-84.11489999975633, 41.59104500003198], [-84.11183199973614, 41.590714000040556], [-84.11128199991522, 41.59074399970782], [-84.11049699991767, 41.59068500008021], [-84.10896600028065, 41.59065600010683], [-84.10731699974451, 41.59059699972693], [-84.10053799999682, 41.590769999811265], [-84.07624800027861, 41.59124699998036], [-84.06454500028538, 41.59148100005499], [-84.0633569998817, 41.59150199997718], [-84.06275400035736, 41.591508999949724], [-84.06212199962236, 41.59151500021346], [-84.06145399980066, 41.59153400003735], [-84.06078799962881, 41.59154700026724], [-84.05939500008402, 41.59157099996123], [-84.05869899977492, 41.59159100014727], [-84.05845699992561, 41.59159600002484], [-84.05817400006839, 41.59160399969382], [-84.05756700034607, 41.591611000327156], [-84.0569720003193, 41.5916250002478], [-84.05680800028779, 41.59162800003847], [-84.0558380003423, 41.59164899991278], [-84.05453600013581, 41.59167100015771], [-84.05308900016436, 41.59169499980559], [-84.05159399961401, 41.59173000022788], [-84.0515090001235, 41.59172899985139], [-84.0507349999966, 41.59174400012275], [-84.0492980000709, 41.59177600006296], [-84.04839900027055, 41.59178900024411], [-84.0480100001081, 41.59179600018554], [-84.04750399976982, 41.59180899969081], [-84.04439200026701, 41.59186699993225], [-84.04335899967404, 41.59188999980513], [-84.04237399965994, 41.59190000018544], [-84.04178500037929, 41.591914999745214], [-84.04139100019401, 41.59192399974818], [-84.0404759996018, 41.591947000272505], [-84.03964799994652, 41.591961000120314], [-84.03883000033701, 41.591970999817775], [-84.03805299983708, 41.591990000179294], [-84.0375609997425, 41.59200499971816], [-84.03676099967632, 41.59201399970858], [-84.03635200032072, 41.5920179998532], [-84.03438999979015, 41.59205700024254], [-84.03380700035727, 41.592069999695255], [-84.03321599963017, 41.59208000004768], [-84.03270500016733, 41.59209399986665], [-84.03203599962241, 41.592100999775], [-84.03139499956491, 41.59212499993481], [-84.03090900021641, 41.59214999978392], [-84.03039899968016, 41.59219199985799], [-84.0296689999342, 41.592271000099174], [-84.02923200009118, 41.59233000029275], [-84.02838599999427, 41.59246999981899], [-84.02766000044626, 41.592615000183876], [-84.02699299955118, 41.59276599969873], [-84.0262619999803, 41.592964999908006], [-84.02585600009944, 41.59308300031632], [-84.02546299973905, 41.593211999696], [-84.02505500020837, 41.593347000255015], [-84.02478700041976, 41.59344100030335], [-84.02449100014375, 41.59355499979233], [-84.024044000255, 41.593723000298816], [-84.02360300021404, 41.59390299978041], [-84.02333600025035, 41.59400899975534], [-84.02299999979137, 41.59414699966473], [-84.02259300008558, 41.59430699996922], [-84.02191500021816, 41.594577000255505], [-84.02083399994461, 41.59501200028195], [-84.02046499987367, 41.59515799996265], [-84.01991000002987, 41.595378999840335], [-84.0193769999274, 41.595602999910895], [-84.0193400001175, 41.595614999676805], [-84.01924700023106, 41.59564600006945], [-84.0186170000442, 41.595893999987275], [-84.01798699985737, 41.59614800012889], [-84.01737199973913, 41.59640000000628], [-84.01700100001837, 41.59654700020817], [-84.01617199963988, 41.59687200008307], [-84.01560500010054, 41.59709699996796], [-84.01461500006357, 41.597491999749586], [-84.01425199984041, 41.59764100004947], [-84.01391999957939, 41.597767000219484], [-84.01360599976003, 41.59788100012938], [-84.01312700008424, 41.59803599986059], [-84.01282199958739, 41.59811700022214], [-84.01234899975937, 41.59824699989328], [-84.01199599958196, 41.59832400023638], [-84.01176100030364, 41.59836199990079], [-84.01146500002763, 41.59841500027919], [-84.0110480002761, 41.59847799997529], [-84.01064499986997, 41.598528000116865], [-84.01042099956399, 41.59854600029269], [-84.01011799961528, 41.598571999940695], [-84.00985900004753, 41.598585000096634], [-84.00943899992295, 41.59860099971657], [-84.00923399988355, 41.59860300025656], [-84.00898799983625, 41.59860199998654], [-84.0087030003292, 41.59859699997991], [-84.00840100020541, 41.598585999695125], [-84.00796000016445, 41.59856800020224], [-84.00769200037585, 41.598558999782135], [-84.00718100001467, 41.5985319998578], [-84.00629399990989, 41.598498000036564], [-84.00397400007733, 41.59839300031753], [-84.00341900023354, 41.59836399977641], [-84.00146300044905, 41.59828099984669], [-84.0004249998332, 41.59822900030581], [-83.99968500004151, 41.598197000205786], [-83.99941600042798, 41.59818399997168], [-83.99863300008026, 41.59815100024409], [-83.99827300023016, 41.598134000235376], [-83.99792000005273, 41.598120999988595], [-83.99705899988719, 41.59808699995084], [-83.99573999996227, 41.59802199998685], [-83.99427500044744, 41.597956999957454], [-83.99332899989312, 41.59791299971433], [-83.99234100040428, 41.597869999722555], [-83.99164699974503, 41.597845000073555], [-83.99070500028695, 41.59781599995797], [-83.98931600004182, 41.5977889997228], [-83.98924900009467, 41.597788000111954], [-83.98888199967355, 41.59779000000541], [-83.98815000027777, 41.5977889997228], [-83.98699799985908, 41.59781599995797], [-83.98651900018329, 41.597826000091914], [-83.98590200041524, 41.597846999965185], [-83.9847600000423, 41.59789300014356], [-83.98404799983969, 41.59792700028352], [-83.98324100010082, 41.597972999733024], [-83.98275400002912, 41.59799499983791], [-83.98205100004733, 41.59803299969599], [-83.9812970000119, 41.59806299999243], [-83.98047799967917, 41.598112999783694], [-83.9787610002693, 41.59819599992947], [-83.97840700026697, 41.59821100004156], [-83.97783099960847, 41.59824500001399], [-83.97642499964492, 41.59832100008516], [-83.9734889998692, 41.59846400019743], [-83.97093800005797, 41.59859300024296], [-83.970024000189, 41.59863800029194], [-83.9698069995557, 41.59864700002925], [-83.96746400015694, 41.598770999715796], [-83.96128899975852, 41.599084000021044], [-83.96013100039038, 41.5991360002166], [-83.95933299997405, 41.59918099988691], [-83.95751000025894, 41.599273000324494], [-83.95598700011952, 41.5993450001665], [-83.95462299998873, 41.599421000285844], [-83.9535569997838, 41.599478000148665], [-83.95234499998897, 41.59953499996114], [-83.95166999959629, 41.59956800032456], [-83.95157099986208, 41.599573000255965], [-83.94993300009493, 41.59965799970312], [-83.94829399960453, 41.599748999880234], [-83.94725500006207, 41.59979500004641], [-83.94603300022153, 41.599838000099105], [-83.94587800041084, 41.59984499983936], [-83.94496899966641, 41.599858999989415], [-83.94374900037398, 41.59987399971497], [-83.94179500023934, 41.59988100012309], [-83.94070999976782, 41.599876999794], [-83.9398350002569, 41.59988199970151], [-83.92803500017929, 41.59990800015477], [-83.92114199973047, 41.59992700019518], [-83.91323900005152, 41.599946000230005], [-83.90690299999461, 41.59996099993534], [-83.90576399999475, 41.599967000085215], [-83.90507299970852, 41.59997500006023], [-83.90432000039634, 41.599973000234485], [-83.90341599967479, 41.59997800013456], [-83.90295799991539, 41.59998400028286], [-83.902564999555, 41.599979999960155], [-83.90072199974841, 41.59998100020881], [-83.9000299996373, 41.59999299983246], [-83.89915299957823, 41.59998900018209], [-83.89665700001858, 41.599987999933546], [-83.89394600037379, 41.59999100000728], [-83.89265099983999, 41.5999950003293], [-83.89145800031174, 41.599995999905964], [-83.8896659996605, 41.60000200005258], [-83.88847899998002, 41.6000089997751], [-83.88753599979873, 41.6000069999504], [-83.88712999991786, 41.6000069999504], [-83.88428299983063, 41.600013999672385], [-83.88352299994743, 41.600013999672385], [-83.88326100000661, 41.60001300009601], [-83.88293600031659, 41.600011999847844], [-83.88248600005481, 41.600013999672385]]}, "properties": {"BASENAME": "Ohio", "MTFCC": "S1100", "NAME": "Ohio Tpke", "OBJECTID": 649, "OID": "1104755863755", "PREDIR": null, "PREDIRABRV": null, "PREQUAL": null, "PREQUALABRV": null, "PRETYP": null, "PRETYPEABRV": null, "RTTYP": "M", "SUFDIR": null, "SUFDIRABRV": null, "SUFQUAL": null, "SUFQUALABRV": null, "SUFTYP": 635, "SUFTYPEABRV": "Tpke"}}, {"type": "Feature", "id": 650, "geometry": {"type": "LineString", "coordinates": [[-83.88248600005481, 41.600013999672385], [-83.87865999980124, 41.60004100032013], [-83.87625200010515, 41.60004399971968], [-83.86679899962428, 41.60006000032139], [-83.8637449998478, 41.60006500021472], [-83.85603799998742, 41.60008799985341], [-83.85535500009713, 41.600084000208916], [-83.85181000005099, 41.60009599981347], [-83.8497489997862, 41.60012899989001], [-83.84763300016816, 41.60023200032567], [-83.84565399991914, 41.60036900012213], [-83.84453300036093, 41.6004459999487], [-83.84345700011025, 41.60052399992364], [-83.84031799994494, 41.60074500023629], [-83.83922900017377, 41.60081900025089], [-83.83773299979852, 41.6009259998496], [-83.83644099963777, 41.60102200007306], [-83.83505999978856, 41.60111500013236], [-83.83354199967201, 41.60121799966608], [-83.8320570000657, 41.60133299975334], [-83.830071000144, 41.601465999668804], [-83.82906799968825, 41.60153499974932], [-83.82714200004101, 41.60167999990191], [-83.82589799956082, 41.60177899966609], [-83.82523300011218, 41.60181899975162], [-83.82400700007366, 41.60189400009705], [-83.82332800038132, 41.60194900002631], [-83.82121900043597, 41.60209699989621], [-83.81831700009715, 41.602296000221116], [-83.8154549999413, 41.602496000141954], [-83.8147090003018, 41.60255100022981], [-83.81360499956371, 41.60262100002957], [-83.81284800005356, 41.60268000016652], [-83.81241200003548, 41.6027060001642], [-83.81181399963567, 41.602725000052494], [-83.81130399999775, 41.60271000031793], [-83.81079400035979, 41.602684000321865], [-83.81025500040954, 41.60263200029832], [-83.80930300000742, 41.602465999891066], [-83.80831299997044, 41.60222300009896], [-83.8074290002387, 41.601968999683635], [-83.80605500006219, 41.60157099976197], [-83.80362200025172, 41.60086500032612], [-83.80327300027227, 41.6007629997938], [-83.80132699963521, 41.600196000237744], [-83.80127899995465, 41.60018099991525], [-83.80013999995475, 41.59985100000002], [-83.79914800026798, 41.59956800032456], [-83.79841500014896, 41.599348000270176], [-83.79778999998499, 41.599167999851026], [-83.7973120001341, 41.59902999992863], [-83.79629299978481, 41.598743999880206], [-83.79505199967768, 41.59837300022371], [-83.7929069997473, 41.5977570000764], [-83.79162100033265, 41.59741000033048], [-83.78955900024297, 41.596877000223394], [-83.78642500010056, 41.59619299986725], [-83.78486699980101, 41.59586599997924], [-83.78315600023892, 41.59555799976119], [-83.78089800033065, 41.595167000185235], [-83.77978400044513, 41.59500100005794], [-83.77792200037199, 41.59475100008041], [-83.77691499971826, 41.59462900005153], [-83.77271699991903, 41.59417000006879], [-83.76846499969314, 41.59370999983537], [-83.76415899993889, 41.593230999692196], [-83.76138299999674, 41.592938000330854], [-83.76089599992503, 41.59287299988415], [-83.75774300041435, 41.5925269997742], [-83.75358300024996, 41.59207500020758], [-83.74941200021493, 41.591621999785175], [-83.74633099977596, 41.591279999878644], [-83.74527499961675, 41.59116299991898], [-83.743032999602, 41.59092600021219], [-83.7414490002615, 41.590750000042725], [-83.74074100025686, 41.59071600015315], [-83.73998300002349, 41.59070499986889], [-83.73916799988872, 41.59072800015573], [-83.73866400009857, 41.590762000038985], [-83.73746399999932, 41.59090900031602], [-83.7366670003062, 41.59096400020109], [-83.7319360004045, 41.59147499978804], [-83.73079300020665, 41.59158900006179], [-83.72968500016891, 41.59169899997001], [-83.72829599992377, 41.591826999725], [-83.72624700025288, 41.59195999974737], [-83.72508200031373, 41.5920130000083], [-83.72386299994791, 41.592055000171506], [-83.72276099975797, 41.592071000066504], [-83.72048899960599, 41.592082000118], [-83.71587999990302, 41.59207700027806], [-83.71332900009179, 41.59208800032852], [-83.70998400006218, 41.59208499988738], [-83.70632299966508, 41.59208999972674], [-83.70251200037845, 41.59208999972674], [-83.6972009996203, 41.59209500023753], [-83.69148100040486, 41.592100000076066], [-83.69107200015095, 41.59209500023753], [-83.68974700037825, 41.59210299984461], [-83.68868500037127, 41.5920919997967], [-83.68746799965527, 41.592098999705264], [-83.68681800027524, 41.592100000076066], [-83.68196799964953, 41.592111000122614], [-83.68078099996907, 41.59210999975198], [-83.67452299972999, 41.59210400021535], [-83.67297600019941, 41.5920980000063], [-83.67170900015302, 41.5920980000063], [-83.67076500014682, 41.5920980000063], [-83.6672589995604, 41.59211399989065], [-83.66661000000528, 41.592082000118], [-83.66626799969852, 41.592071000066504], [-83.66564900028065, 41.59205000032942], [-83.66540200040845, 41.59204200004392], [-83.6648430003667, 41.592010999935844], [-83.6646669997413, 41.59200199994505], [-83.66451000028076, 41.59199299995301], [-83.6639289995994, 41.59195299982379], [-83.66327099982347, 41.591902000261285], [-83.66270099991108, 41.59184400005123], [-83.66202899989142, 41.59178200030193], [-83.6613710001155, 41.59170399983923], [-83.66079899965494, 41.5916379997875], [-83.65984299995318, 41.591518000009245], [-83.65892400006133, 41.59140099980909], [-83.65780000013007, 41.59126399978758], [-83.65706199998816, 41.591191999664595], [-83.65640400021223, 41.59114300027214], [-83.65574800008612, 41.59109499988515], [-83.65511100022657, 41.59108000013484], [-83.6540569997172, 41.59104099982708], [-83.65188300037282, 41.59099200032002], [-83.64839199985504, 41.590912000139916], [-83.64560699969206, 41.590826000205304], [-83.64456300012675, 41.590809000282796], [-83.64380200041863, 41.590779999693254], [-83.64324199965367, 41.590740000156075], [-83.64284099979567, 41.59072300021092], [-83.6416109995592, 41.59060800002958], [-83.64096899967679, 41.5905359998468], [-83.64058600026046, 41.59046499997985], [-83.63979600024004, 41.59031899976198], [-83.63828599962108, 41.589993000080966], [-83.6369009995739, 41.58961000030421], [-83.63336999977143, 41.5887170001094], [-83.63195100028742, 41.58835900012671], [-83.63132299975037, 41.58820000029164], [-83.6299879999319, 41.58783300022944], [-83.62847099964026, 41.58745499993055], [-83.62593599972257, 41.58678599992269], [-83.62399500000669, 41.5862949999854], [-83.62297800020556, 41.586024999996894], [-83.62125500004959, 41.585583999737615], [-83.61983999986518, 41.58521299969294], [-83.61947599981711, 41.58511700014375], [-83.61846999988661, 41.584863000270154], [-83.61796799974627, 41.584736999771614], [-83.61780899973762, 41.584696999849925], [-83.61692300035605, 41.584474000050555], [-83.61549200027812, 41.58409099978507], [-83.61333800012692, 41.58354199990546], [-83.6123360003944, 41.58328099969155], [-83.61178400002535, 41.583110000045224], [-83.61106000012717, 41.58286900030138], [-83.61032799983306, 41.58257499975557], [-83.60955500042938, 41.58217400028831], [-83.6093589997125, 41.582060000187916], [-83.6090209996037, 41.5818629996756], [-83.60886900016604, 41.58177400020554], [-83.60837200004858, 41.581509999976234], [-83.60640799986818, 41.58026599993759]]}, "properties": {"BASENAME": "Ohio", "MTFCC": "S1100", "NAME": "Ohio Tpke", "OBJECTID": 650, "OID": "1104755863756", "PREDIR": null, "PREDIRABRV": null, "PREQUAL": null, "PREQUALABRV": null, "PRETYP": null, "PRETYPEABRV": null, "RTTYP": "M", "SUFDIR": null, "SUFDIRABRV": null, "SUFQUAL": null, "SUFQUALABRV": null, "SUFTYP": 635, "SUFTYPEABRV": "Tpke"}}, {"type": "Feature", "id": 651, "geometry": {"type": "LineString", "coordinates": [[-83.28316899972918, 41.457916000177356], [-83.28318899982067, 41.457925999741974], [-83.28395299990183, 41.45832099982372], [-83.28422400006347, 41.45846100011893], [-83.2849160001746, 41.45881800007608], [-83.28498899996953, 41.45885499989512], [-83.28882799974357, 41.46083399997851], [-83.28889200021598, 41.46086699981125], [-83.29022200001157, 41.46154899977538], [-83.29141500043814, 41.46215500007447], [-83.29148999988288, 41.46219499974833], [-83.29211699969669, 41.46252600017556], [-83.29222800002476, 41.462583000286074], [-83.2940470004402, 41.46351399971063], [-83.29449799962859, 41.46373500007081], [-83.29495700011122, 41.46394700003141], [-83.29537100038802, 41.46412799978589], [-83.29584400021604, 41.46432199994728], [-83.29637599959527, 41.464526999747385], [-83.29686199984208, 41.4647019999834], [-83.29735399993667, 41.46486800022852], [-83.29779499997764, 41.46500799985346], [-83.29835300019447, 41.465170999713955], [-83.29897199961236, 41.46533900005814], [-83.29966299989856, 41.465508999915286], [-83.29999699980941, 41.465586999866886], [-83.30595299992471, 41.467037000211874], [-83.30751500042221, 41.46742600032979], [-83.30769399962405, 41.46747100017381], [-83.30790600023447, 41.4675240002043], [-83.30813300001518, 41.46757999968145], [-83.311436000212, 41.468382000156836], [-83.31240199995952, 41.4686229999508], [-83.3177580000252, 41.46991600016711], [-83.3192929998602, 41.470295999727504], [-83.32108799998619, 41.4707340003332], [-83.3215599999893, 41.47084800020839], [-83.32582999975855, 41.47187899987595], [-83.32585200039817, 41.47188400026461], [-83.32698700020008, 41.472156999765296], [-83.32766900026547, 41.47233400001062], [-83.32846000011081, 41.47255199999087], [-83.32867799967069, 41.472616000099066], [-83.32896100042623, 41.472701000302784], [-83.32989200001364, 41.47300400020143], [-83.33037999991028, 41.47317400015298], [-83.33097199956399, 41.47339200000063], [-83.3315570004433, 41.473616999741445], [-83.33213599967821, 41.47385199984844], [-83.33270700031385, 41.474096000034635], [-83.33394000002504, 41.4746500001313], [-83.33847799958289, 41.476728999753114], [-83.33849799967439, 41.4767380003174]]}, "properties": {"BASENAME": "Ohio", "MTFCC": "S1100", "NAME": "Ohio Tpke", "OBJECTID": 651, "OID": "110471688354", "PREDIR": null, "PREDIRABRV": null, "PREQUAL": null, "PREQUALABRV": null, "PRETYP": null, "PRETYPEABRV": null, "RTTYP": "M", "SUFDIR": null, "SUFDIRABRV": null, "SUFQUAL": null, "SUFQUALABRV": null, "SUFTYP": 635, "SUFTYPEABRV": "Tpke"}}, {"type": "Feature", "id": 652, "geometry": {"type": "LineString", "coordinates": [[-83.41457899986264, 41.51032999977377], [-83.4138359996979, 41.51019399966478], [-83.4133140003644, 41.51009100027749], [-83.41285400005684, 41.50999100027143], [-83.41239700012237, 41.50988299974162], [-83.4118869995861, 41.50975200019629], [-83.41138199997103, 41.50961100005063], [-83.4108809996556, 41.509459999911854], [-83.41038600008628, 41.50930000001758], [-83.40984200011314, 41.50911100015016], [-83.4093590002394, 41.50893200017278], [-83.40893400009195, 41.50876599977021], [-83.40846200008885, 41.50857000014904], [-83.407944000055, 41.50834300004192], [-83.40558999988725, 41.50726799985611], [-83.4045089996137, 41.50678400018618], [-83.40338499968244, 41.50626700001295], [-83.40031099981447, 41.50486799975795], [-83.39754900011606, 41.50361699969273], [-83.39729600039605, 41.50350199987894], [-83.39639500004756, 41.503089000069004], [-83.39073799968301, 41.50051999982158]]}, "properties": {"BASENAME": "Ohio", "MTFCC": "S1100", "NAME": "Ohio Tpke", "OBJECTID": 652, "OID": "110471688355", "PREDIR": null, "PREDIRABRV": null, "PREQUAL": null, "PREQUALABRV": null, "PRETYP": null, "PRETYPEABRV": null, "RTTYP": "M", "SUFDIR": null, "SUFDIRABRV": null, "SUFQUAL": null, "SUFQUALABRV": null, "SUFTYP": 635, "SUFTYPEABRV": "Tpke"}}, {"type": "Feature", "id": 691, "geometry": {"type": "LineString", "coordinates": [[-83.4889770000779, 41.732029000205706], [-83.48872799965754, 41.73291100009052], [-83.48772299955196, 41.736661000104206], [-83.48759700005358, 41.737125000260605], [-83.48752699973339, 41.73736599989312], [-83.48685399988885, 41.73967400024661], [-83.48444700001765, 41.74824099979153], [-83.48405799985522, 41.74960299979103], [-83.4839859998852, 41.74986899983801], [-83.48366299984501, 41.75107000013911], [-83.48334900002565, 41.752162000025976], [-83.4825640000281, 41.75494800008763], [-83.48174700024352, 41.757762999690044], [-83.48144799959444, 41.758833000166206], [-83.4814009997388, 41.759001999798656], [-83.48117800015602, 41.76009499987021], [-83.48113799997304, 41.76035500003825], [-83.48110799983581, 41.76065199983547], [-83.48103099984291, 41.7618349999492], [-83.48106000015524, 41.7629590003194], [-83.48111700005666, 41.765977999998626], [-83.4811200004297, 41.766966000129905], [-83.48112299990443, 41.76803900020238], [-83.48109100011737, 41.76855100028567], [-83.48102499999514, 41.76906700017689], [-83.48097700031458, 41.769358000065324], [-83.48081999995573, 41.769960999956425], [-83.48064500005356, 41.77042399969358], [-83.48055100034222, 41.7706380001287], [-83.48033399970892, 41.77108899975669], [-83.48022199955594, 41.77128799997185], [-83.48002499991243, 41.771611999839585], [-83.47985900023109, 41.77187400008673], [-83.47973500038253, 41.772053000100605], [-83.47968699980363, 41.77212100011714], [-83.47948400031235, 41.77239999988366], [-83.47942200038808, 41.77247900027666], [-83.4771560000839, 41.77536700020601], [-83.4742839998823, 41.77905899990388], [-83.47362600010634, 41.77990600015401], [-83.47254800020583, 41.781288999721724], [-83.47027699987878, 41.784159999673754], [-83.46659299991543, 41.78888000009446], [-83.46525700027208, 41.79055699974174], [-83.46415099988415, 41.791975000109986], [-83.46223399955943, 41.79443300027778], [-83.46046699992083, 41.796713000151634], [-83.45931899970012, 41.79819500003799], [-83.45840700037928, 41.79934099977824], [-83.45700399989045, 41.801119999763515], [-83.45515400041118, 41.803466999954345], [-83.45384899983164, 41.80516000017352], [-83.4536279998987, 41.80544700005367], [-83.4528670001906, 41.806394000207014], [-83.45245100026398, 41.80692599969605], [-83.45073899997865, 41.80911799990537], [-83.44958300026035, 41.81060099979708], [-83.4495520002982, 41.810641000069516], [-83.44910299986132, 41.81117400009363], [-83.44872100026991, 41.81166500014585], [-83.44864299955378, 41.811752000148495], [-83.44748600001056, 41.81304899978248], [-83.44742300026135, 41.81311899974364], [-83.44702300022828, 41.81351600018041], [-83.44644599974487, 41.814063999766276], [-83.44590699979462, 41.8145629998581], [-83.43583700044401, 41.823706999759764], [-83.43575799990296, 41.82379000033351], [-83.43436100016022, 41.82505399992872], [-83.43249400006421, 41.8267510002491], [-83.43220600018411, 41.82700500019517], [-83.43177400036399, 41.827397999983845], [-83.43116799956827, 41.82799900010991], [-83.4308670001677, 41.82831999972245], [-83.43032400001948, 41.8289229999728], [-83.43004799983497, 41.82925500001061], [-83.42936400011976, 41.83010400032843], [-83.42809000040067, 41.83196200016436], [-83.42717200033373, 41.83330200021372], [-83.42465300030953, 41.836977000133516], [-83.42389300042633, 41.838091000128564], [-83.4207430003904, 41.84274399984756], [-83.4202999998013, 41.84338799977445], [-83.41986100030847, 41.84403400018671], [-83.41980600005688, 41.8441199999092], [-83.41978500014048, 41.844152000243334], [-83.41976500004901, 41.84418499969277], [-83.41804000024321, 41.84669499992201], [-83.41606299964401, 41.84957099966936], [-83.40883199998471, 41.86016399983152], [-83.40850899994453, 41.860633999744465], [-83.40303400005315, 41.868647000207304], [-83.4027839998079, 41.869013000289506], [-83.40184200034982, 41.87035200031996], [-83.40162300006672, 41.870656999980454], [-83.40143499974573, 41.87089600014055], [-83.40043399983811, 41.87211699976888], [-83.40007900001089, 41.87254399967153], [-83.399340999869, 41.873335000113265], [-83.39803000033997, 41.87472500019602], [-83.39790099957024, 41.87485799967228], [-83.3976789998124, 41.875086000328245], [-83.39762199991098, 41.87513700028446], [-83.39630200016114, 41.87646100031593], [-83.39579199962489, 41.87698299993404], [-83.39461800036322, 41.87818600011655], [-83.39427600005646, 41.87853099984019], [-83.39286099987206, 41.879958999894185], [-83.39259700028141, 41.88022600010092], [-83.39255100025066, 41.88027400025271], [-83.39174699998654, 41.881125000232586], [-83.38854000004918, 41.884377999950686], [-83.38826499968957, 41.88466300015475], [-83.38372100028393, 41.88931200015548], [-83.38283900020201, 41.89021400009325], [-83.38240700038189, 41.89065299971065], [-83.37962700024178, 41.89348199995032], [-83.37955000024888, 41.89355999979381], [-83.37944200029386, 41.89366900014428], [-83.37600199982968, 41.89716899977031], [-83.37511399989998, 41.898093000229906], [-83.37464500026991, 41.89860000002278], [-83.3742009998559, 41.899118000197376], [-83.37402099993086, 41.899326999988205], [-83.37364600001213, 41.89975299967036], [-83.37323900030636, 41.90021499992744], [-83.37273700016603, 41.90087599971477], [-83.37227000018578, 41.901530999904985], [-83.37162699958016, 41.90240699989699], [-83.37152700002103, 41.90254299992929], [-83.37143400013461, 41.90267899967197], [-83.37133000037754, 41.90282499999748], [-83.3709479998878, 41.90335900005739], [-83.37058399983974, 41.90385099976545], [-83.37030099998252, 41.904237000105816], [-83.37016500043839, 41.904407000242934], [-83.37012600008033, 41.90445400008304], [-83.36996299987372, 41.9046519996837], [-83.36931099994555, 41.90555300009352], [-83.36902399989037, 41.90594399969583], [-83.36866999988804, 41.90643799986976], [-83.36836299974138, 41.90683999980237], [-83.36800799991414, 41.90732300008057], [-83.36760600023125, 41.90789100010072], [-83.3667719998299, 41.90915000008158], [-83.3663509998804, 41.90983099984809], [-83.36599500022825, 41.91045899970442], [-83.3657030001502, 41.91098899971947], [-83.36551700037738, 41.91133699971495], [-83.3654360001865, 41.911489000139625], [-83.36536099984345, 41.91164399978211], [-83.36522100010136, 41.91193100015356], [-83.36470200024259, 41.913023000043], [-83.36403100004786, 41.914665999785775], [-83.36376999993193, 41.91542800014383], [-83.36285799971279, 41.9181310002706], [-83.36281699970492, 41.91825299985293], [-83.36211399972314, 41.920306000295064], [-83.36116999971692, 41.923034999866715], [-83.36102400012705, 41.92349600017832], [-83.36100200038575, 41.923564999719446], [-83.36067000012473, 41.924549000021585], [-83.36054799992598, 41.92490999998105], [-83.35993100015791, 41.9267080002884], [-83.3597119998748, 41.92733199981583], [-83.35913299974159, 41.92898200010145], [-83.35876399967064, 41.9302569997385], [-83.35869400024876, 41.93053000025757], [-83.35862700030161, 41.93089000000776], [-83.3585710002251, 41.9312489999556], [-83.3585489995855, 41.93154500031956], [-83.35854399956261, 41.931915999777495], [-83.35856899967696, 41.932333999778905], [-83.35858999959336, 41.93256499971243], [-83.35862700030161, 41.93281399967593], [-83.35867499998218, 41.93305899967892], [-83.35869400024876, 41.93321500013966], [-83.3588039998536, 41.9336740002592], [-83.35886199957993, 41.9338870001273], [-83.35899700019746, 41.934282999883386], [-83.35910000012962, 41.93454800008346], [-83.35987799955615, 41.936354000295275], [-83.35998899988425, 41.93661499980729], [-83.3607730000569, 41.938425000279764], [-83.36083300033133, 41.93855600010544], [-83.36142699963486, 41.93986400031717], [-83.36184099991165, 41.940863000173835], [-83.36192600030046, 41.941083000110254], [-83.3623809996868, 41.942123000104026], [-83.36275300013081, 41.943006000066426], [-83.36295899999513, 41.94357200004611], [-83.36303000014024, 41.94380799993222], [-83.36313800009529, 41.94422799998111], [-83.36317599973012, 41.94441100024905], [-83.36320199966937, 41.94457099993975], [-83.36322900033187, 41.94481900023699], [-83.36328899970802, 41.945211000032565], [-83.36330999962442, 41.9454690000487], [-83.36330600032477, 41.94568499992744], [-83.36328600023329, 41.94664899973246], [-83.36322099993595, 41.94714799981459], [-83.36319900019464, 41.94731900009167], [-83.3631399997451, 41.947609999766634], [-83.36308799986655, 41.94782999980779], [-83.3629149996142, 41.948437999702506], [-83.36285600006296, 41.94862600010062], [-83.36279400013869, 41.94879500008478], [-83.36263400030512, 41.949188000315935], [-83.36243900031145, 41.94959099968597], [-83.36235800012058, 41.94974299984602], [-83.36200400011826, 41.950411000138466], [-83.36186100000313, 41.95062199994422], [-83.36138200032734, 41.95129800007739], [-83.36119400000635, 41.951514999707015], [-83.36080300019411, 41.951994000088874], [-83.35873100005867, 41.954475000323306], [-83.35863999982207, 41.95458500028356], [-83.35451900001574, 41.95953399972907], [-83.35363600010892, 41.96061400000246], [-83.3533039998479, 41.961014000010785], [-83.35294700037083, 41.96143800013713], [-83.35107000022907, 41.96366499970215], [-83.3505379999515, 41.96429599979858], [-83.35004400020709, 41.96489100001983], [-83.34879399987912, 41.96639699998939], [-83.34736699999917, 41.96811700002723], [-83.34667099969008, 41.96895999984169], [-83.34548999985739, 41.97034899972207], [-83.34541600023755, 41.970437000092076], [-83.34324500036792, 41.97302799978354], [-83.34238500002729, 41.97407599969426], [-83.3413980003634, 41.975250000166795], [-83.33905099986833, 41.97810700023902], [-83.33846300041259, 41.97882200020474], [-83.33801099960266, 41.979362999776924], [-83.33541100028594, 41.98247499982485], [-83.3338739999028, 41.98431600021325], [-83.33268800004726, 41.985753000041655], [-83.33201199982966, 41.98657100006946], [-83.33146399965857, 41.98722700010857], [-83.33100000005138, 41.98778099996201], [-83.3305580001855, 41.988313999809506], [-83.3297060002408, 41.98929899997132], [-83.32729400034675, 41.9921490002359], [-83.32697399978129, 41.99252699990013], [-83.32646400014335, 41.99311999984707], [-83.32628900024118, 41.993324000139076], [-83.32481799998028, 41.99485099984178], [-83.32304600031883, 41.99667099974742], [-83.32210899998529, 41.99761199971499], [-83.32187200015883, 41.99783600029193], [-83.32158500010367, 41.9981219999421], [-83.31958300028842, 42.00011900007122], [-83.31855100041867, 42.00115599989055], [-83.31755100033595, 42.00216000022683], [-83.31581399993627, 42.003905000259905], [-83.31406700038917, 42.00569300005837], [-83.31383499968727, 42.005927000285084], [-83.3129009997268, 42.006835000032794], [-83.31138500015837, 42.008333000139416], [-83.31063199994786, 42.009143999782886], [-83.30986000036911, 42.010035999676134], [-83.29969399986071, 42.02244100009505], [-83.29663300041155, 42.02619100010239], [-83.29320499964294, 42.030372000261025], [-83.29053500000602, 42.03362600005019], [-83.28750399979577, 42.037293000136415], [-83.28702299957183, 42.03789299988287], [-83.28679400014128, 42.03815499985888], [-83.28644599998673, 42.03853700010372], [-83.28622400022888, 42.038771999670665], [-83.28578499983774, 42.039213999882996], [-83.28551799987405, 42.03947400025929], [-83.28506099993956, 42.039906000205384], [-83.28451600014152, 42.04039400018237], [-83.2840709999026, 42.040761000099344], [-83.2793180002596, 42.04456400008422], [-83.27847499963741, 42.04522899983355], [-83.27756300031658, 42.045970000236885], [-83.27720799959101, 42.04626400004661], [-83.27317499964822, 42.04947899970524], [-83.27244499990226, 42.05007099982143], [-83.27148099980458, 42.05083500015495], [-83.27083600044742, 42.05135099988895], [-83.27044499973684, 42.05166400000164], [-83.27005599957442, 42.05195800014119], [-83.2663299997783, 42.05495400020058], [-83.26502300044726, 42.056028000310704], [-83.26345599992689, 42.05727600016742], [-83.26278399990724, 42.05785099988966], [-83.26253899968486, 42.05807000013959], [-83.26209500016915, 42.058507999707714], [-83.26189500015262, 42.05872299992222], [-83.26156600026464, 42.059095000190176], [-83.26090000009279, 42.05989200003505], [-83.25932900027279, 42.06182800000721], [-83.25916400041632, 42.06203299974642], [-83.25877100005594, 42.06252299992232], [-83.25857400041244, 42.06276000022672], [-83.25631399995605, 42.06554299980532], [-83.2553259995689, 42.066785999810946], [-83.25434700030091, 42.067942000324614], [-83.2542769999807, 42.068029999783036]]}, "properties": {"BASENAME": "Detroit-Toledo", "MTFCC": "S1100", "NAME": "Detroit-Toledo Expy", "OBJECTID": 691, "OID": "11063093748", "PREDIR": null, "PREDIRABRV": null, "PREQUAL": null, "PREQUALABRV": null, "PRETYP": null, "PRETYPEABRV": null, "RTTYP": "M", "SUFDIR": null, "SUFDIRABRV": null, "SUFQUAL": null, "SUFQUALABRV": null, "SUFTYP": 262, "SUFTYPEABRV": "Expy"}}, {"type": "Feature", "id": 692, "geometry": {"type": "LineString", "coordinates": [[-83.48871000011421, 41.731997000167716], [-83.48866499990835, 41.732193999855504], [-83.48845900004405, 41.73290500025075], [-83.48743899986985, 41.73665299966757], [-83.48731900021924, 41.73709400021163], [-83.48724999972397, 41.73732000005257], [-83.48660600019173, 41.739590999981445], [-83.48417800040414, 41.74820999974701], [-83.48383500027246, 41.74943400020653], [-83.48379900028745, 41.7495609997534], [-83.48370100037816, 41.74990600001422], [-83.48333999980481, 41.75117399981174], [-83.48314300016132, 41.751767999906306], [-83.4830219997875, 41.75207400032804], [-83.48281099990031, 41.752522999983974], [-83.48269100024972, 41.75276699979337], [-83.48183099990909, 41.75441500024369], [-83.48150200002111, 41.7550669999651], [-83.48123199968437, 41.7556769997079], [-83.48114700019389, 41.75590199997851], [-83.48108000024673, 41.75610300006255], [-83.48078800016867, 41.75706800024495]]}, "properties": {"BASENAME": "Detroit-Toledo", "MTFCC": "S1100", "NAME": "Detroit-Toledo Expy", "OBJECTID": 692, "OID": "11063093750", "PREDIR": null, "PREDIRABRV": null, "PREQUAL": null, "PREQUALABRV": null, "PRETYP": null, "PRETYPEABRV": null, "RTTYP": "M", "SUFDIR": null, "SUFDIRABRV": null, "SUFQUAL": null, "SUFQUALABRV": null, "SUFTYP": 262, "SUFTYPEABRV": "Expy"}}, {"type": "Feature", "id": 693, "geometry": {"type": "LineString", "coordinates": [[-83.48063199963475, 41.7630070000089], [-83.48068600006143, 41.76548100018459], [-83.48072000039662, 41.76704299984488], [-83.48072200004644, 41.7676599999232], [-83.48070299977985, 41.76820199981773], [-83.48066500014502, 41.768581000244964], [-83.48053000042582, 41.76935899969428], [-83.48040499985403, 41.76978000022002], [-83.4803189996403, 41.77007500003539], [-83.48024400019555, 41.77029100019366], [-83.48005900024762, 41.77076499992722], [-83.47986900027684, 41.771185999935334], [-83.47954200003868, 41.771776000017276], [-83.47937600035732, 41.772048000155635], [-83.47922999986913, 41.772277000316265], [-83.47765800022422, 41.774325999832115], [-83.47690800038677, 41.775303999972536], [-83.47376400019861, 41.7793190002595], [-83.4732910003706, 41.779922999758185], [-83.47230299998346, 41.78118000005053], [-83.47118800027302, 41.78262199970856], [-83.46959900001136, 41.784652999879576], [-83.4676320003562, 41.78714999966717], [-83.46633099997463, 41.788813999753856], [-83.46534699978545, 41.79005099970059], [-83.46192999978582, 41.79443500009351], [-83.45915999969145, 41.79787900003936], [-83.45815700013402, 41.79923199999237], [-83.4568530002777, 41.800905999928666], [-83.45490599981575, 41.80340600008058], [-83.45369300019603, 41.80491399992262], [-83.45327499972127, 41.8054340001359], [-83.4528610003428, 41.80601199975213], [-83.45264100023478, 41.80633200004962], [-83.4524460002411, 41.80656499985494], [-83.45225500044539, 41.8067919998533], [-83.45166600026643, 41.807548999966485], [-83.45133900002828, 41.80795599975397], [-83.45043799967976, 41.809119999932385], [-83.45023099999054, 41.8093880003122], [-83.44927100009082, 41.81059699983547], [-83.44839800022972, 41.81169500002159], [-83.44763800034653, 41.81249299986086], [-83.44676700013524, 41.813373000203754], [-83.44632199989631, 41.813844000007144], [-83.44524399999581, 41.81485999970279], [-83.44478399968827, 41.81527699975054], [-83.44439000040128, 41.815625999760194], [-83.44128700022101, 41.81843199982522], [-83.4393149996447, 41.82023200026168], [-83.43561099958987, 41.82356800026774], [-83.43552199990141, 41.82365199980417], [-83.43399600028724, 41.82506200005431], [-83.43322499963507, 41.825765999826785], [-83.43265300007286, 41.826274999913345], [-83.43207399993965, 41.82681699967315], [-83.43155799955561, 41.82728300001945], [-83.4311769997891, 41.827645999687135], [-83.43081199991613, 41.82802999975072], [-83.42997900023799, 41.828952999797], [-83.42970300005346, 41.82928499967924], [-83.42914099963868, 41.82999500000387], [-83.42873999978067, 41.83055299994795], [-83.42778599972874, 41.8319189998451], [-83.42443599967625, 41.83685699973173], [-83.42402700032066, 41.83747399989265], [-83.4202219999835, 41.8430230000661], [-83.42003200001271, 41.8432810002865], [-83.41960500021543, 41.84390599985659], [-83.41954900013894, 41.84399499983093], [-83.41948899986447, 41.844092000105626], [-83.41773499974636, 41.846680999916], [-83.4158300000155, 41.84949199994446], [-83.40860000018111, 41.860044000097346], [-83.40824700000371, 41.86053300027947], [-83.40806999955338, 41.860792999883856], [-83.40350600005625, 41.86750899992614], [-83.40211599998622, 41.86955600006011], [-83.40157000036326, 41.87031299995575], [-83.40108800031442, 41.870955999886505], [-83.40052900027268, 41.87165000010141], [-83.40034199977661, 41.87186400031525], [-83.40020100020963, 41.87201599971313], [-83.39950700044866, 41.872813000132055], [-83.39781899955449, 41.87458799979742], [-83.39770599957659, 41.87469699974295], [-83.39759599997171, 41.87480300019902], [-83.39747999962076, 41.874914999745315], [-83.39712700034165, 41.8752770001256], [-83.39628100024474, 41.876110000297366], [-83.39612200023609, 41.876283000293974], [-83.39596400005233, 41.876455999822326], [-83.39571399980709, 41.876709999789135], [-83.39556700039229, 41.876858999826574], [-83.3953280000177, 41.87710100007178], [-83.39458400002803, 41.87785700029698], [-83.39433999963056, 41.878141000218875], [-83.39414899983485, 41.87833200025018], [-83.3925250003114, 41.87994900012279], [-83.39244699959526, 41.88003600028873], [-83.39242599967886, 41.880056999711364], [-83.39161100044241, 41.88088899988528], [-83.39127699963326, 41.881253000317095], [-83.39075000027688, 41.88180199973073], [-83.38807499971877, 41.88451999995784], [-83.38349100013018, 41.88918599969749], [-83.38254200010108, 41.89015200020122], [-83.3821429998929, 41.890555000095745], [-83.37936199992791, 41.89336399997177], [-83.37930000000364, 41.89342600008967], [-83.37920899976704, 41.8935260000452], [-83.37914799966768, 41.893592999827526], [-83.37886599963537, 41.89390300004129], [-83.37666999965138, 41.896163999769], [-83.37475900007274, 41.89816600032812], [-83.37400800041038, 41.89903499972277], [-83.37385299970137, 41.89921299988318], [-83.37298300021331, 41.90020899969371], [-83.37263800043182, 41.90068500021515], [-83.37213200009353, 41.90138300014538], [-83.37210500032934, 41.901427000145866], [-83.37146000007388, 41.9023180003188], [-83.37139499977654, 41.902408000124424], [-83.37130100006522, 41.9025359996889], [-83.37120200033102, 41.90266799989032], [-83.37074500039652, 41.9033169998088], [-83.37040899993755, 41.903762000194256], [-83.3701160000346, 41.90414400027182], [-83.36998100031538, 41.904325999683444], [-83.36979200016948, 41.904572999822136], [-83.36912900037066, 41.905463000040974], [-83.36890500006469, 41.90578199969974], [-83.36857700000162, 41.90622099995013], [-83.36834000017517, 41.90655699992228], [-83.36783999968466, 41.907235000152625], [-83.3674549997202, 41.90777599976548], [-83.36682600025657, 41.90868999988423], [-83.36655799956965, 41.90910999987627], [-83.36640799978181, 41.90936399971799], [-83.36609399996246, 41.909865999717354], [-83.36530599959185, 41.911278999958874], [-83.36523399962185, 41.91140799987476], [-83.36471599958799, 41.91242799966857], [-83.36428499959277, 41.91339500030836], [-83.36350899981605, 41.915358999825436], [-83.36261000001566, 41.91803999992072], [-83.3625770004037, 41.91813900011887], [-83.36109000024929, 41.922493000001715], [-83.36068600001823, 41.923744000225064], [-83.36042099970437, 41.92450099972317], [-83.36028900035822, 41.92487999971787], [-83.36000999980065, 41.9256780001776], [-83.35962300018635, 41.92678499979868], [-83.35946400017768, 41.92725600013549], [-83.35906599979442, 41.928436000016625], [-83.35858000044594, 41.92994100015371], [-83.35852099999639, 41.93017500011088], [-83.35840600036866, 41.93072700005325], [-83.3583729998584, 41.93097100027298], [-83.35833100002559, 41.931429000060604], [-83.35832099997985, 41.93167100006222], [-83.35832099997985, 41.93246899978087], [-83.35832799965254, 41.932490000007995], [-83.35835199994199, 41.93270700016765], [-83.35839200012497, 41.93294300016849], [-83.35843399995775, 41.93315400031338], [-83.35850400027795, 41.93346599972037], [-83.3585489995855, 41.933641999963406], [-83.35862200027873, 41.933867999829076], [-83.35872100001293, 41.93414600025097], [-83.35891000015882, 41.9346150002547], [-83.35973699998917, 41.936527000173115], [-83.35984800031726, 41.93680100027479], [-83.36059399995673, 41.93854400016321], [-83.3606540002312, 41.93867899971716], [-83.36126500015146, 41.9400640002653], [-83.36161699960567, 41.94081599974884], [-83.36170600019243, 41.941042000252565], [-83.36187699989667, 41.94144799984911], [-83.36220300030989, 41.9421909999394], [-83.36238700043292, 41.94262799978447], [-83.36251700012926, 41.9429550001804], [-83.36265900041947, 41.943337000208864], [-83.36282699975065, 41.94389100031873], [-83.36287199995648, 41.94405899991705], [-83.36297700043679, 41.94451699993033], [-83.36304000018598, 41.945034000085855], [-83.36306399957712, 41.945280000139206], [-83.36308299984368, 41.94568199994341], [-83.36308500039183, 41.94572600014038], [-83.36305899955424, 41.94651600008899], [-83.36300300037607, 41.947035999990156], [-83.36298999995726, 41.94710699984799], [-83.36292700020807, 41.94745499996504], [-83.36281300040527, 41.947957000296796], [-83.36266500026726, 41.948445000253265], [-83.36254999974122, 41.94876999987418], [-83.36245100000701, 41.94903200017757], [-83.36237599966395, 41.94920400024002], [-83.36228299977752, 41.949396999843046], [-83.36210000037772, 41.94972999985086], [-83.36203199970736, 41.94985699989522], [-83.36165599996372, 41.95047799967754], [-83.36150299980285, 41.95070400000646], [-83.36115899984625, 41.95118100020764], [-83.35841499969119, 41.95448499978093], [-83.35327600025879, 41.96059800027054], [-83.35304399955689, 41.960877999675176], [-83.35084300044835, 41.963546999887114], [-83.35022499995705, 41.96429599979858], [-83.34980099963452, 41.96478799990548], [-83.34966000006754, 41.964952000210076], [-83.34949100001313, 41.965131000113594], [-83.34722399988404, 41.96785400016153], [-83.3463839996349, 41.968837999730994], [-83.3452649997265, 41.97020899994542], [-83.34521399967288, 41.97026999971895], [-83.34282500024334, 41.97310200010217], [-83.34215599969843, 41.97391800015265], [-83.34117400005739, 41.97509899982486], [-83.33876299998825, 41.977969000240456], [-83.33804400011294, 41.97882499996444], [-83.33771900042294, 41.979215000246946], [-83.33504499968973, 41.98242800003431], [-83.33353599979401, 41.98430999987555], [-83.33242600010644, 41.98562199972531], [-83.3317399998431, 41.98643200013986], [-83.33119400022014, 41.98709199988139], [-83.33091700021072, 41.98742699967164], [-83.33062699978248, 41.98777799995651], [-83.33023599997024, 41.98824899975762], [-83.32857700028667, 41.99018600006533], [-83.32706199964484, 41.992001999871505], [-83.32688099989488, 41.99221899974962], [-83.32622499976875, 41.99299299990447], [-83.32593100004087, 41.99334000033069], [-83.3250869995938, 41.99423599996839], [-83.32453699977287, 41.99480499995482], [-83.32178699977003, 41.99757499978823], [-83.31925699987518, 42.00006799983014], [-83.31782599979725, 42.00151699999035], [-83.31551500018554, 42.00386500007207], [-83.31545099971311, 42.00393000019763], [-83.31445800020143, 42.00490100029886], [-83.31367200037896, 42.00571300024828], [-83.31263100028838, 42.0066949997052], [-83.31065500041241, 42.00877600031001], [-83.3100560001877, 42.00943000000346], [-83.30954400000162, 42.01002299996954], [-83.30839300030617, 42.011447000042644], [-83.30239500035808, 42.01876800032478], [-83.29938599988913, 42.022451000227235], [-83.29630199997543, 42.026196000207406], [-83.29296899964139, 42.03026499975144], [-83.28720400022011, 42.03729400024966], [-83.28675099958527, 42.037827999772524], [-83.28624500014529, 42.0383999997962], [-83.28592399975491, 42.03874700008456], [-83.28535499966745, 42.03931999992364], [-83.28512000038911, 42.03953900002038], [-83.2847110001352, 42.03990799968249], [-83.28399599955954, 42.04053200025621], [-83.27918400036529, 42.04438700004343], [-83.27900299971701, 42.04453100011403], [-83.27819699980307, 42.04517199980376], [-83.27109800038824, 42.05084599972248], [-83.270475999699, 42.05135199978098], [-83.26972000001376, 42.05196699974966], [-83.26811599968346, 42.05321599989396], [-83.26603400040061, 42.05490799975671], [-83.26502099989912, 42.05571399986941], [-83.26342300031492, 42.0569919999997], [-83.26310799977233, 42.05726300011471], [-83.26262200042385, 42.05770600020701], [-83.26210699986473, 42.05818999971873], [-83.26184400009899, 42.05843300020619], [-83.26162300016605, 42.0586849997542], [-83.26081399987906, 42.05965600012514], [-83.25962499965046, 42.06115700019809], [-83.25897000024759, 42.06198399992098], [-83.25858500028309, 42.06246899988961], [-83.2583810000686, 42.06271299972172], [-83.25772099974452, 42.06352899981603], [-83.25582799970924, 42.06587300027937], [-83.2546929999073, 42.06725100027713], [-83.25413300004067, 42.067930999716886], [-83.25407500031434, 42.068013000079056]]}, "properties": {"BASENAME": "Detroit-Toledo", "MTFCC": "S1100", "NAME": "Detroit-Toledo Expy", "OBJECTID": 693, "OID": "11063093749", "PREDIR": null, "PREDIRABRV": null, "PREQUAL": null, "PREQUALABRV": null, "PRETYP": null, "PRETYPEABRV": null, "RTTYP": "M", "SUFDIR": null, "SUFDIRABRV": null, "SUFQUAL": null, "SUFQUALABRV": null, "SUFTYP": 262, "SUFTYPEABRV": "Expy"}}, {"type": "Feature", "id": 842, "geometry": {"type": "LineString", "coordinates": [[-83.60640799986818, 41.58026599993759], [-83.60485700013965, 41.57931799984243], [-83.60442000029666, 41.57905099994935], [-83.60348100031331, 41.57849099987745], [-83.60309399980072, 41.578277000038774], [-83.60274700036939, 41.57809899982743], [-83.6023890001691, 41.57793200024395], [-83.60186600011238, 41.577710999773196], [-83.60137300019286, 41.57751899972938], [-83.60053499959355, 41.57720599968727], [-83.59815399966163, 41.576314999854525], [-83.59649900017604, 41.575695999694794], [-83.59430800021492, 41.574865999821746], [-83.59314199955254, 41.57440399986253], [-83.59239599991307, 41.57409500009222], [-83.59214499984289, 41.57399100030898], [-83.59160000004485, 41.57375899998237], [-83.58618899972758, 41.57145000015223], [-83.58498000030582, 41.57093599993478], [-83.58147899974229, 41.56944700024919], [-83.5812820000988, 41.569363000053954], [-83.58098699964769, 41.56923700022846], [-83.58097400012723, 41.56923500012262], [-83.58093499976916, 41.569214999732374], [-83.58088200006573, 41.56919299990083], [-83.58080099987485, 41.5691580000312], [-83.5806219997747, 41.56908099984801], [-83.5805220002156, 41.56903199980588], [-83.58042000010835, 41.56898499984024], [-83.57996599964859, 41.56878799976961], [-83.57991700014311, 41.56877000003344], [-83.5795360003766, 41.568602999852324], [-83.5770509997893, 41.567572000194126], [-83.57680499974201, 41.567470000151026], [-83.57672100007642, 41.56743399993919], [-83.57591900036041, 41.56709299970115], [-83.57506099966963, 41.56670999985997], [-83.57497199998116, 41.566670000198336], [-83.57448400008454, 41.56644300027188], [-83.57398600014216, 41.56619500013934], [-83.5730589998544, 41.565698000271354], [-83.57214400016049, 41.56519000001481], [-83.57175199962502, 41.564965999950644], [-83.57156000000441, 41.564857000325624], [-83.57142899958484, 41.56479099971723], [-83.57130499973628, 41.56471200013253], [-83.57018199962992, 41.56407700025169], [-83.56926600011111, 41.56356900002116], [-83.56779200037549, 41.562720000037054], [-83.56742800032742, 41.56251499977269], [-83.56606599984646, 41.56175400017866], [-83.56481300004377, 41.56104599982495], [-83.56438899972123, 41.56080700012179], [-83.56408800032068, 41.56063700030964], [-83.55744000009426, 41.55688199989696], [-83.5556700000826, 41.555883999925776], [-83.55351199973344, 41.55466699989938], [-83.55282800001824, 41.554300999805854], [-83.55208599967838, 41.55392000001404], [-83.5513330003662, 41.55354999988592], [-83.55057000010997, 41.55319199991164], [-83.5498470000367, 41.552870999884334], [-83.54895800028206, 41.55249600025868], [-83.54811200018516, 41.55215699980586], [-83.54666699986352, 41.55160800009082], [-83.54500599963183, 41.55098400017911], [-83.53800099992834, 41.548336000243154], [-83.53719099981642, 41.5480270001744], [-83.52904799993796, 41.544960999818905], [-83.52857099991198, 41.544777000024524], [-83.52465500014507, 41.54330000004655], [-83.52219600039534, 41.542372000057476], [-83.52149199969033, 41.542121000265276], [-83.52088999999089, 41.541916999687054], [-83.52028200044366, 41.541725000176505], [-83.51949999992084, 41.54149499993529], [-83.51882399970324, 41.54130999987854], [-83.51802799983503, 41.54110900022366], [-83.51728300002044, 41.540937000066506], [-83.51641699983205, 41.54075499989456], [-83.51554399997094, 41.54059100007669], [-83.51478200043792, 41.54046599978456], [-83.51395800008233, 41.5403480000616], [-83.51253899969996, 41.540170000243165], [-83.51132799973007, 41.5400260003035], [-83.51063099959606, 41.53994399985839], [-83.50904600043064, 41.539758000234514], [-83.50307000022389, 41.53904200020291], [-83.49868999995145, 41.53852100006929], [-83.49780600021971, 41.53840400001714], [-83.49668999978604, 41.53823600017551], [-83.49569599955112, 41.53807000029559], [-83.49476599978863, 41.53789599972108], [-83.4938429996988, 41.537703999703155], [-83.49281099982905, 41.53746999979318], [-83.49208199990801, 41.53728999970013], [-83.49077499967864, 41.53693799974405], [-83.48993600015272, 41.536696999891824], [-83.48910400029949, 41.53644299992661], [-83.48833400037056, 41.5361929998763], [-83.48746599963403, 41.535890000330156], [-83.48660500036681, 41.535573000073455], [-83.48580699995047, 41.53526400020313], [-83.48501600010513, 41.53494399983471], [-83.4843390000626, 41.53465499998224], [-83.48346500037661, 41.53426300026173], [-83.48322699982691, 41.534152000116855], [-83.48223000011727, 41.53368900029945], [-83.47959399991721, 41.532452999669594], [-83.47939100042595, 41.53235799967372], [-83.47832799969572, 41.53185899993845], [-83.47750599988825, 41.53148899998226], [-83.47682800002083, 41.53119900019111], [-83.47603499962736, 41.5308809998348], [-83.47411499982789, 41.530144000024386], [-83.47304600014822, 41.52974099995976], [-83.47277499998656, 41.5296489999952], [-83.47259400023658, 41.529578999773726], [-83.4716510000553, 41.529227000221034], [-83.46512099982964, 41.52675599990154], [-83.46331200035824, 41.52607200006746], [-83.4630269999529, 41.52596400014055], [-83.46216099976449, 41.52563499967569], [-83.45996899997846, 41.52480300030186], [-83.45794000039905, 41.52403800031496], [-83.45669199972092, 41.52356599996276], [-83.45650500012317, 41.523495999885235], [-83.45551900028417, 41.52312300024181], [-83.45485399993721, 41.52287199972951], [-83.45477199992145, 41.52284100005419], [-83.45363100027176, 41.52240999999267], [-83.45313400015426, 41.52222200017455], [-83.45169300003062, 41.52167399997813], [-83.43533199993061, 41.515479000060495], [-83.43527500002921, 41.51546000006523], [-83.43501100043856, 41.51535700031234], [-83.43374299966895, 41.51487700011869], [-83.4331629997108, 41.5146570001576], [-83.43260399966906, 41.514444999927875], [-83.43142299983639, 41.51400400012243], [-83.43044700004315, 41.5136599998249], [-83.4297340000156, 41.51342300032982], [-83.42884799973572, 41.513146999722], [-83.42800900020981, 41.51290400020141], [-83.4271079998613, 41.512657999674516], [-83.42631399964291, 41.5124530000909], [-83.42557200020138, 41.51227500019814], [-83.42476799993726, 41.51209499996008], [-83.42378600029622, 41.5118919998011], [-83.42297199998634, 41.51173800013727], [-83.42168700039662, 41.51151800027029], [-83.42024899974767, 41.51128199993647], [-83.41958000010108, 41.511172000330575], [-83.41898599989923, 41.51107300025645], [-83.41492700001719, 41.51039800005747], [-83.41457899986264, 41.51032999977377]]}, "properties": {"BASENAME": "Ohio", "MTFCC": "S1100", "NAME": "Ohio Tpke", "OBJECTID": 842, "OID": "110461578943", "PREDIR": null, "PREDIRABRV": null, "PREQUAL": null, "PREQUALABRV": null, "PRETYP": null, "PRETYPEABRV": null, "RTTYP": "M", "SUFDIR": null, "SUFDIRABRV": null, "SUFQUAL": null, "SUFQUALABRV": null, "SUFTYP": 635, "SUFTYPEABRV": "Tpke"}}, {"type": "Feature", "id": 865, "geometry": {"type": "LineString", "coordinates": [[-83.8824869998797, 41.59980100021168], [-83.88292000042308, 41.59980199979133], [-83.88450399976357, 41.599793000215094], [-83.88568100029659, 41.599793999794876], [-83.88677599991553, 41.599796000297935], [-83.88753900017177, 41.599788000300684], [-83.88759600007319, 41.599788000300684], [-83.88877100005807, 41.59978500021752], [-83.88995299971566, 41.59978399996583], [-83.89128599988429, 41.599780000302495], [-83.89168900029041, 41.599779000050724], [-83.89278300008446, 41.59977799979898], [-83.89426000019314, 41.599769999799506], [-83.8957570003933, 41.59977299988342], [-83.89915199975331, 41.59977100005141], [-83.89981600027537, 41.5997660001353], [-83.90036400044646, 41.59976900021935], [-83.9008039997642, 41.59976199979908], [-83.90127800031543, 41.59976300005111], [-83.90176700003697, 41.5997610002188], [-83.90210900034373, 41.59975699988227], [-83.90240700026956, 41.59975800013438], [-83.90302400003763, 41.59975800013438], [-83.90361599969134, 41.59975699988227], [-83.9043520001834, 41.59975399979767], [-83.9050919999751, 41.59975300021726], [-83.90577400004048, 41.599748999880234], [-83.90661500011453, 41.599748000299755], [-83.9103450001086, 41.599740999877206], [-83.91325099974708, 41.59973599995877], [-83.9211440002786, 41.599711999941825], [-83.92779300032994, 41.59969599992556], [-83.9291120002549, 41.59968600008132], [-83.94071399996578, 41.59966500013472], [-83.94124500041842, 41.59965899995676], [-83.94198900040809, 41.59966000021039], [-83.94287399996476, 41.59965500028568], [-83.9437710001153, 41.5996559998676], [-83.94463499975556, 41.59964700027099], [-83.94523800017825, 41.59963800000138], [-83.94612699993286, 41.59962099971254], [-83.94761300026238, 41.59956299972094], [-83.94897599966993, 41.599494000218925], [-83.95078000001675, 41.599397000151754], [-83.95153400005216, 41.59936000001153], [-83.95206399978159, 41.59933299975057], [-83.96014200026104, 41.59892599999659], [-83.96980200043116, 41.59843200021393], [-83.97323699997413, 41.59826099971821], [-83.97641200012443, 41.598103999971926], [-83.97784099965422, 41.59803099981006], [-83.97852100006979, 41.59799800000428], [-83.97899300007289, 41.59797200012504], [-83.97964500000104, 41.59793999989759], [-83.9820350001538, 41.59781599995797], [-83.9824429996845, 41.597791999898746], [-83.98299500005353, 41.59776599993656], [-83.98342500022386, 41.597746999931715], [-83.9847800001338, 41.59767599993478], [-83.9853430003735, 41.59764900031287], [-83.98594400024803, 41.59762799970337], [-83.98654900032052, 41.59761500002646], [-83.9871390003244, 41.597599000162084], [-83.9877510000696, 41.597588999992915], [-83.98843800015784, 41.597580000108074], [-83.98905300027609, 41.59758200000792], [-83.9892580003155, 41.59757899982221], [-83.98931000019404, 41.59757899982221], [-83.9893300002855, 41.59757899982221], [-83.98948199972318, 41.59758099972213], [-83.99008599997074, 41.59759099989254], [-83.99064300036268, 41.59760299996059], [-83.99186199983016, 41.59763599996833], [-83.99245400038218, 41.59766099969834], [-83.99306699995229, 41.59768499980623], [-83.99362799964386, 41.59771500026446], [-83.99407700008075, 41.59773699978549], [-83.99457900022107, 41.59776000025384], [-83.99511399997337, 41.597779999865836], [-83.9967769998549, 41.59785899998569], [-83.99735299961507, 41.59788400030106], [-83.99826200035949, 41.59792099994397], [-83.99851400025457, 41.59792799989215], [-83.99863100043042, 41.597929000172606], [-84.00023900006038, 41.59801300016239], [-84.00121499985364, 41.598057999944], [-84.00219099964688, 41.598100000204475], [-84.00413700028395, 41.59818200009044], [-84.00499900027438, 41.59822299999433], [-84.00577699970093, 41.59825300020247], [-84.00716099992319, 41.59831799993379], [-84.00795599996648, 41.59835399972578], [-84.0084079998781, 41.59837199995018], [-84.00866300014624, 41.59838000012291], [-84.00930400020373, 41.59838300027139], [-84.0096969996658, 41.59837599970078], [-84.0100339999497, 41.59836000002507], [-84.0104840002115, 41.598327999990005], [-84.01102999983445, 41.598260000114685], [-84.01133799980603, 41.59821100004156], [-84.01178999971764, 41.598132999958096], [-84.01207500012299, 41.598074999972724], [-84.01221400004016, 41.59804099991074], [-84.0125899997838, 41.5979519999008], [-84.01306099996198, 41.59781499967576], [-84.0132099999249, 41.59776900011359], [-84.0133370001465, 41.5977270003095], [-84.01370000036968, 41.597601000061395], [-84.01435800014562, 41.597354999891685], [-84.01504100003592, 41.597082999890524], [-84.01631800012805, 41.596571999688194], [-84.01684600020765, 41.5963569996783], [-84.01693900009408, 41.59631900017698], [-84.01753099974778, 41.59608900006608], [-84.01867700031868, 41.595625000151834], [-84.01913400025316, 41.59543199998123], [-84.01953699976097, 41.595277999692236], [-84.02011800044234, 41.59505100020595], [-84.02077200002032, 41.594792999805705], [-84.02138499959041, 41.59454600002126], [-84.02203599969367, 41.59428600028779], [-84.02252799978827, 41.59408700012011], [-84.02300700036237, 41.59388800001075], [-84.02342699958864, 41.59372899968498], [-84.02355600035837, 41.59367299979387], [-84.02393299992693, 41.593521999713445], [-84.02465199980223, 41.59324900000171], [-84.02537400005059, 41.59299899995669], [-84.0258329996349, 41.59285599982887], [-84.02616700044406, 41.592760000223066], [-84.0266849995796, 41.59262099967303], [-84.02728600035246, 41.592473999935336], [-84.02748100034613, 41.59242999998533], [-84.02793699955738, 41.592333000050665], [-84.02840500026085, 41.59224400023169], [-84.02897500017325, 41.592153999920114], [-84.02924399978676, 41.59211500026121], [-84.02970800029225, 41.59205100002914], [-84.03023100034898, 41.59199400032539], [-84.0308799999041, 41.59194399982485], [-84.0313879998922, 41.59191100026607], [-84.03179799997103, 41.59189699973556], [-84.03222599959321, 41.591878999720876], [-84.03269599994648, 41.59186400015274], [-84.03313699998746, 41.59186600022975], [-84.03390899956621, 41.59185199968948], [-84.03454899979882, 41.59184199997359], [-84.03517899998567, 41.591826999725], [-84.03648899968975, 41.5918019997508], [-84.03683600001939, 41.59179400010636], [-84.03722000015895, 41.59178300000579], [-84.03756400011554, 41.59178300000579], [-84.03791800011787, 41.59177399998321], [-84.03852200036545, 41.5917660003353], [-84.03914400015638, 41.59175399985382], [-84.03976299957426, 41.59174400012275], [-84.04037699986759, 41.5917280001467], [-84.0410399996664, 41.591714000248345], [-84.04176399956458, 41.59170300013415], [-84.04232199978142, 41.59169299972333], [-84.04293799972456, 41.59167899981739], [-84.04361599959198, 41.59167199986329], [-84.04419999974809, 41.591651999702336], [-84.04476499963762, 41.59163499999735], [-84.04538099958076, 41.59162700033221], [-84.04592899975185, 41.591621000078824], [-84.0465020000373, 41.59161299974016], [-84.04707500032274, 41.591602000280545], [-84.04759099980846, 41.59158999976863], [-84.04800300043541, 41.59157700021926], [-84.04926499956063, 41.59156100020176], [-84.04961500026332, 41.59155200014823], [-84.05012200042651, 41.591543999801], [-84.05109999986959, 41.591518999717195], [-84.05584300036517, 41.591427000319825], [-84.05681199958744, 41.59141400006576], [-84.05723599990996, 41.591402000190705], [-84.05879900023237, 41.5913749999598], [-84.06046700013675, 41.591340999727535], [-84.06209900005614, 41.59131099966589], [-84.0637290003257, 41.591275999688285], [-84.06453600006455, 41.59125699978847], [-84.06541499977342, 41.59123599978658], [-84.06672799985057, 41.591214000065264], [-84.06839999995293, 41.591183000231425], [-84.06999300041257, 41.59115500019535], [-84.07162500033195, 41.59112000013316], [-84.07519399976923, 41.59105099966705], [-84.07625300030148, 41.591031999701], [-84.07669699981717, 41.59102100014245], [-84.07715899977455, 41.59100700009078], [-84.07754100026428, 41.59100200016757], [-84.07847699987457, 41.59098699972379], [-84.08032100040437, 41.590943999820745], [-84.08127000043343, 41.59092900003535], [-84.08221100006661, 41.590912000139916], [-84.08315300042298, 41.590888999918626], [-84.08415000013265, 41.59087100029475], [-84.0850820004433, 41.59085700021058], [-84.08604099961978, 41.590836999797084], [-84.0877860004154, 41.590803999672396], [-84.0887220000257, 41.590783999914336], [-84.08959700043494, 41.59076799970035], [-84.09035200029524, 41.590750000042725], [-84.09092300003255, 41.59074099987607], [-84.09209200016964, 41.590716999873514], [-84.09296599985566, 41.59069599969602], [-84.09385999963315, 41.59068299996661], [-84.09474599991304, 41.59066199977805], [-84.09559899968266, 41.5906449998123], [-84.09649800038135, 41.590629000235715], [-84.09734899960283, 41.590617999936626], [-84.09827199969263, 41.59059399988834], [-84.09913899970596, 41.5905760001822], [-84.09956899987625, 41.59057199994823], [-84.10054300001968, 41.59055499995884], [-84.10090799989266, 41.590549000277626], [-84.10251600042092, 41.590508000201915], [-84.10325200001466, 41.59049900000157], [-84.10413099972354, 41.590477999753105], [-84.10487399988831, 41.59046599970406], [-84.10560799983223, 41.59044799996222], [-84.10634799962394, 41.59043500018288], [-84.10690400019095, 41.590423999850735], [-84.10763300011199, 41.59041899988238], [-84.10836399968288, 41.59042000027922], [-84.10909500015207, 41.590425000247485], [-84.10969100000372, 41.59044399972032], [-84.11028600003048, 41.59046400025558], [-84.11101400012662, 41.59049600015844], [-84.11160099975746, 41.59053099988713], [-84.11216900002002, 41.59056999983113], [-84.11277599974234, 41.590620999774096], [-84.11350399983849, 41.5906870001937], [-84.11403500029114, 41.590742000267916], [-84.11489999975633, 41.59083499968824], [-84.115018999582, 41.590845999950346], [-84.1152439997129, 41.590862000145016], [-84.1154970003312, 41.59088399998629], [-84.1207970003204, 41.59141499977532], [-84.1221000003518, 41.59155200014823], [-84.12801000043633, 41.59213899974402], [-84.12945599968457, 41.59228400018059], [-84.13105300034216, 41.59244099997565], [-84.13177700024035, 41.59251000029964], [-84.1325200004051, 41.59258399967914], [-84.13326299967153, 41.59266399980264], [-84.13351600028986, 41.59268599970164], [-84.13378699955318, 41.59271100000533], [-84.13432100037888, 41.5927650000101], [-84.13620400036844, 41.59295800009336], [-84.13640199983683, 41.59297599980716], [-84.13671900002923, 41.59300500008198], [-84.13718500018456, 41.593049999996126], [-84.14093500027013, 41.593421999697085], [-84.14142800018963, 41.593475999778896], [-84.14181900000187, 41.59351400028216], [-84.14209199981335, 41.59353900026516], [-84.14254200007515, 41.59358500015476], [-84.14326299960028, 41.593647000187836], [-84.14342300033216, 41.593659999992184], [-84.14371100021225, 41.59368600026481], [-84.14400800031318, 41.59370599979556], [-84.14444500015618, 41.593728000011254], [-84.1447420002571, 41.59373499974241], [-84.14515399998575, 41.59373800010681], [-84.14561099992024, 41.59373299972331], [-84.1460589996339, 41.593715000220655], [-84.14649899984995, 41.59368600026481], [-84.14678699973004, 41.59366099966696], [-84.1471780004406, 41.593618000201445], [-84.14751300017635, 41.59358199978325], [-84.1479879996542, 41.59352399973908], [-84.14891699959178, 41.593416000282396], [-84.14922499956336, 41.59338399981151], [-84.14964600041117, 41.5933390001302], [-84.15037100013424, 41.59325799981864], [-84.15109900023039, 41.59317500004088], [-84.15167199961752, 41.59311100018796], [-84.15225599977363, 41.593041999834504], [-84.15371399961573, 41.592878000334274], [-84.15402099976241, 41.592844999909275], [-84.15489000032383, 41.59274500018775], [-84.15604199984419, 41.592617000237574], [-84.15678699965878, 41.59253299994337], [-84.15779400031248, 41.59241699993328], [-84.1591049998415, 41.592271000099174], [-84.16129199960467, 41.59202499976978], [-84.16408400033862, 41.591714000248345], [-84.16621099982733, 41.591471999990304], [-84.16694200029653, 41.591393000114955], [-84.1675330001253, 41.591328000128065], [-84.16840000013863, 41.59123500007425], [-84.16896599985306, 41.59117699993677], [-84.16985100030806, 41.591101999901824], [-84.17070999992544, 41.591031999701], [-84.17101200004923, 41.591016000220336], [-84.17130800032524, 41.590990999932046], [-84.17189199958304, 41.590952000242375], [-84.17272299961134, 41.590912000139916], [-84.17345900010339, 41.59088199987891], [-84.17420100044323, 41.59085299999398], [-84.17466199967737, 41.59083899990591], [-84.17539200032166, 41.590828000314474], [-84.17611600021984, 41.590816000330484], [-84.18141600020901, 41.59079800001438], [-84.19154900020715, 41.59076600026118], [-84.19287800017781, 41.59076499986971], [-84.1934549997629, 41.59076400015009], [-84.19411400026208, 41.59075900020807], [-84.19913600041691, 41.590738999764255], [-84.20621999976312, 41.59072100009855], [-84.20914300001834, 41.59071199992785], [-84.21184399961741, 41.590704000148335], [-84.2129979996859, 41.59070499986889], [-84.21422899974729, 41.590694000254615], [-84.21725300028486, 41.59068900030717], [-84.21937300010086, 41.59067700029734], [-84.22915600029461, 41.5906449998123], [-84.22978300010843, 41.5906449998123], [-84.23014799998141, 41.590641999976], [-84.23048400044037, 41.590641999976], [-84.24235399993988, 41.59058399997758], [-84.24665100037161, 41.59057100022563], [-84.24855699992737, 41.59057100022563], [-84.24914799975618, 41.59056200003402], [-84.24957600027668, 41.59056499987409], [-84.25853699976464, 41.59052500020369], [-84.26740799973923, 41.590487999680334], [-84.26841399966973, 41.590486999956426], [-84.26919899966728, 41.59048100026895], [-84.27112100001489, 41.590474000184926], [-84.27356999971887, 41.59046799982438], [-84.27563099998363, 41.5904579998941], [-84.28273199994662, 41.59042800009392], [-84.28781199982775, 41.590408999944515], [-84.28871700037422, 41.59041100006661], [-84.2906730001587, 41.590440000150046], [-84.2925879999353, 41.59052000024315], [-84.29385300033188, 41.59058699981658], [-84.30583699963418, 41.59130099986616], [-84.30706400039593, 41.591381000236], [-84.30801199970179, 41.59143299991938], [-84.3083239998713, 41.59145199976735], [-84.31041299972517, 41.59157500013329], [-84.31110300018649, 41.59161600020318], [-84.3124709996169, 41.59169699988784], [-84.31376799980053, 41.59173900025663], [-84.31469000006545, 41.59175899971877], [-84.3159970002948, 41.59175399985382], [-84.31660300019222, 41.59173900025663], [-84.31787000023861, 41.59169100031281], [-84.31888299984179, 41.5916340002912], [-84.32007700009326, 41.591538000211706], [-84.32063799978482, 41.59148199976351], [-84.32144100022403, 41.59139399982483], [-84.32235199971997, 41.591289999681585], [-84.3233259998634, 41.591153999809904], [-84.32452500013773, 41.59095700016945], [-84.32553500026619, 41.59077400003301], [-84.32629599997429, 41.59062299988957], [-84.32678399987091, 41.59051300016337], [-84.32723199958458, 41.59041399991364], [-84.32828000024617, 41.590172000157], [-84.33163699997135, 41.58938900015879], [-84.33246200015188, 41.58919800031441], [-84.33453400028732, 41.58872899981167], [-84.33558899972329, 41.58848199966712], [-84.3373849996742, 41.58805299989293], [-84.33784599980665, 41.587934999696316], [-84.33819099958815, 41.58785499975921], [-84.3385250003973, 41.587779000130304], [-84.33901800031678, 41.58767599997767], [-84.33940499993109, 41.58759899969747], [-84.33969700000914, 41.58754400030498], [-84.34009299984426, 41.5874800002444], [-84.34051299996884, 41.58742899983576], [-84.34097800029923, 41.587387000022275], [-84.34141000011937, 41.58736000012777], [-84.34189800001602, 41.587337999757466], [-84.34216400015478, 41.58733699998478], [-84.3424260000956, 41.587346999726584], [-84.34256599983767, 41.587348000171026], [-84.34290700031954, 41.58736900009387], [-84.34308600041969, 41.58737599984266], [-84.34339400039126, 41.58740700016082], [-84.34366100035496, 41.58742899983576], [-84.34397500017431, 41.58746500032599], [-84.34423799994003, 41.58750199989446], [-84.34449200038326, 41.58754599984393], [-84.34480600020261, 41.58761100027945], [-84.34508599968677, 41.58767000002891], [-84.34535900039657, 41.58773199969615], [-84.34559100020017, 41.58778800003795], [-84.3458120001331, 41.58784899982712], [-84.34618899970165, 41.58796599974607], [-84.34651900031284, 41.5880740002583], [-84.34691000012509, 41.588220999937356], [-84.34741700028829, 41.58842899986656], [-84.34811299969908, 41.588722999960815], [-84.34879499976446, 41.58900900007042], [-84.34905000003259, 41.589112999857186], [-84.349507999792, 41.58930600010938], [-84.34985000009875, 41.58944399999511], [-84.3503809996531, 41.58966999997906], [-84.35078700043226, 41.589849000278825], [-84.3513599998194, 41.59008300004611], [-84.35168600023265, 41.59022299974252], [-84.35212399990056, 41.59041300018859], [-84.3527750000038, 41.590670999955655], [-84.35695500025967, 41.59243899991645], [-84.35739600030064, 41.592633999683954], [-84.35778700011289, 41.592797000116015], [-84.35827599983445, 41.59300700012359], [-84.35871100002761, 41.59319499973], [-84.35951100009378, 41.59352999981557], [-84.36021099970252, 41.59382600020916], [-84.36092399973003, 41.594125999931244], [-84.36158599970395, 41.59440299996154], [-84.36224900040108, 41.59468699977463], [-84.3646880000593, 41.59571799992704], [-84.36597199982414, 41.59626800003325], [-84.36690900015766, 41.59665900032916], [-84.36761899981214, 41.596959999943316], [-84.36829199965669, 41.597250000328394], [-84.36917499956354, 41.597625999804904], [-84.36999200024647, 41.597958000237405], [-84.37081700042697, 41.59831299990511], [-84.37154100032515, 41.59860300025656], [-84.37228500031483, 41.59889299997666], [-84.37285500022723, 41.599097000073854], [-84.37335099962145, 41.59928399982036], [-84.37393399995265, 41.59949299996278], [-84.37467399974435, 41.5997610002188], [-84.37530300010629, 41.59997399981148], [-84.37581500029236, 41.60014199973231], [-84.37682100022286, 41.60045999996837], [-84.37778699997037, 41.6007530001149], [-84.37863899991507, 41.601000999889436], [-84.37986900015154, 41.60134199978658], [-84.3802819997051, 41.60145300009322], [-84.38057399978315, 41.60153599997382], [-84.380915000265, 41.60162499974337], [-84.38119599957408, 41.6016919998814]]}, "properties": {"BASENAME": "Ohio", "MTFCC": "S1100", "NAME": "Ohio Tpke", "OBJECTID": 865, "OID": "1103699001589", "PREDIR": null, "PREDIRABRV": null, "PREQUAL": null, "PREQUALABRV": null, "PRETYP": null, "PRETYPEABRV": null, "RTTYP": "M", "SUFDIR": null, "SUFDIRABRV": null, "SUFQUAL": null, "SUFQUALABRV": null, "SUFTYP": 635, "SUFTYPEABRV": "Tpke"}}, {"type": "Feature", "id": 884, "geometry": {"type": "LineString", "coordinates": [[-83.33849100000168, 41.47650900007778], [-83.33847299956003, 41.476501999763805], [-83.33458000025763, 41.47474200019187], [-83.33361000031216, 41.474296999865], [-83.33293900011742, 41.474002000044095], [-83.33226299989981, 41.473714999680524], [-83.33173800019327, 41.473501000322585], [-83.33125899961915, 41.473316999913436], [-83.33061400026199, 41.47308199988613], [-83.32990799990718, 41.472837999921474], [-83.3293050003828, 41.472640000207484], [-83.32892500044122, 41.47252199998154], [-83.32875499966357, 41.47246600006155], [-83.328670999998, 41.47244099968502], [-83.32819999981982, 41.472299000217234], [-83.32769799967947, 41.47215600023026], [-83.32696399973555, 41.471963999699916], [-83.32622399994385, 41.47177600012997], [-83.32618799995883, 41.47176700022281], [-83.32406700031791, 41.471246000326445], [-83.3160969997935, 41.46930900012434], [-83.31433299962963, 41.46887700019407], [-83.30932200024378, 41.46766299987527], [-83.30785500018084, 41.46730400025156], [-83.30776700031728, 41.46728200008063], [-83.30760300028577, 41.46724200017904], [-83.30609100001698, 41.46687199975108], [-83.30283800004888, 41.466075999910835], [-83.2996589997006, 41.46530500016788], [-83.29913800019203, 41.46517900022101], [-83.29862799965576, 41.465047000142334], [-83.2982350001937, 41.46493500012999], [-83.29768100017483, 41.46476500011427], [-83.29707699992724, 41.46456600032556], [-83.29664199973405, 41.46441399985562], [-83.29626599999041, 41.46427400029448], [-83.29584300039112, 41.464103999892124], [-83.2954259997413, 41.46392599972967], [-83.29491100008046, 41.46369700000466], [-83.29445300032108, 41.46348200022048], [-83.29395299983057, 41.46323399976568], [-83.29245700035364, 41.46246499993097], [-83.29069300018976, 41.46155799975462], [-83.28980600008495, 41.46109800018973], [-83.28888700019311, 41.46063500024365], [-83.28882500026883, 41.46060399971914], [-83.2851270000618, 41.458706000076674], [-83.28505300044196, 41.45866799975641], [-83.28422200041365, 41.4582399999621], [-83.2841909995532, 41.45822499967746], [-83.28358300000599, 41.457911000057905]]}, "properties": {"BASENAME": "Ohio", "MTFCC": "S1100", "NAME": "Ohio Tpke", "OBJECTID": 884, "OID": "110471688357", "PREDIR": null, "PREDIRABRV": null, "PREQUAL": null, "PREQUALABRV": null, "PRETYP": null, "PRETYPEABRV": null, "RTTYP": "M", "SUFDIR": null, "SUFDIRABRV": null, "SUFQUAL": null, "SUFQUALABRV": null, "SUFTYP": 635, "SUFTYPEABRV": "Tpke"}}, {"type": "Feature", "id": 2709, "geometry": {"type": "LineString", "coordinates": [[-83.07674399961242, 41.35618599999928], [-83.07637899973945, 41.35583699987805], [-83.07601399986645, 41.3554650002891], [-83.07567499993274, 41.355097999869265], [-83.0753550002656, 41.354725000107756], [-83.07514900040127, 41.35447000021031], [-83.07471800040605, 41.35389999968341], [-83.07349700039042, 41.352185999713036]]}, "properties": {"BASENAME": "By-Pass", "MTFCC": "S1100", "NAME": "By-Pass Hwy", "OBJECTID": 2709, "OID": "1108296398190", "PREDIR": null, "PREDIRABRV": null, "PREQUAL": null, "PREQUALABRV": null, "PRETYP": null, "PRETYPEABRV": null, "RTTYP": "M", "SUFDIR": null, "SUFDIRABRV": null, "SUFQUAL": null, "SUFQUALABRV": null, "SUFTYP": 322, "SUFTYPEABRV": "Hwy"}}, {"type": "Feature", "id": 2710, "geometry": {"type": "LineString", "coordinates": [[-83.07320500031237, 41.352204999681945], [-83.07353599985015, 41.35266700012871], [-83.07417000023497, 41.35349800007953], [-83.07494400036187, 41.354541000094386], [-83.07514100000535, 41.354789999749954], [-83.07545399999981, 41.355154999906716], [-83.07567199955969, 41.355393000079594], [-83.07590000006363, 41.355626000151], [-83.07617600024817, 41.35591900003804], [-83.07648699969447, 41.356227000209486]]}, "properties": {"BASENAME": "By-Pass", "MTFCC": "S1100", "NAME": "By-Pass Hwy", "OBJECTID": 2710, "OID": "1108296398971", "PREDIR": null, "PREDIRABRV": null, "PREQUAL": null, "PREQUALABRV": null, "PRETYP": null, "PRETYPEABRV": null, "RTTYP": "M", "SUFDIR": null, "SUFDIRABRV": null, "SUFQUAL": null, "SUFQUALABRV": null, "SUFTYP": 322, "SUFTYPEABRV": "Hwy"}}, {"type": "Feature", "id": 2716, "geometry": {"type": "LineString", "coordinates": [[-82.81828199987662, 41.45980299970489], [-82.8192660000658, 41.459977000175975], [-82.81965500022824, 41.460045999862054], [-82.82221699991011, 41.46050699987162], [-82.82320100009929, 41.46068499999429], [-82.82323100023653, 41.4606899998999], [-82.8233219995748, 41.460705999999206], [-82.82335300043525, 41.46071200028789], [-82.82422399974821, 41.46085600031766], [-82.8249119996614, 41.46098699979582], [-82.82539899973311, 41.461094999726726], [-82.82591699976696, 41.461210999801246], [-82.82647400015888, 41.46135000021499], [-82.82670599996247, 41.46142000016045], [-82.82704599972111, 41.46154399993601], [-82.82757200015088, 41.46173700005416], [-82.82785800038114, 41.461860999896786], [-82.82846900030142, 41.46216199991822], [-82.82886299958841, 41.462370999905204], [-82.82914100032109, 41.46252600017556], [-82.8294040000868, 41.46267299993334], [-82.8297210002792, 41.46288099994173], [-82.82999900011356, 41.46310599981128], [-82.83041699968997, 41.4634299999214], [-82.8306569998895, 41.463662000260555], [-82.83088100019548, 41.463863000129955], [-82.83121299955819, 41.46418800015456], [-82.83145299975772, 41.46445899977057], [-82.83163900042885, 41.46468299989982], [-82.83184699994301, 41.46497700007316], [-82.83206399967797, 41.465316999893616], [-82.8323110004485, 41.46570299998381], [-82.83248899982542, 41.466019999807834], [-82.83261299967398, 41.466344999791474], [-82.83273599969762, 41.466631000179774], [-82.83286799994211, 41.46707200015366], [-82.83296099982852, 41.467404000200254], [-82.83303000032382, 41.46787600005682], [-82.83307700017949, 41.46815400028397], [-82.83335500001382, 41.47043500018649], [-82.83369499977245, 41.47324199973951], [-82.83378000016127, 41.47398400017356], [-82.83393499997196, 41.47552100001404], [-82.83423500044593, 41.47774400017934], [-82.83426600040808, 41.4781019997537], [-82.83428499977633, 41.478341000203585], [-82.83426899988281, 41.4785729996819], [-82.83440000030238, 41.479653000153014]]}, "properties": {"BASENAME": "269", "MTFCC": "S1100", "NAME": "State Rte 269", "OBJECTID": 2716, "OID": "11013851034875", "PREDIR": null, "PREDIRABRV": null, "PREQUAL": null, "PREQUALABRV": null, "PRETYP": 586, "PRETYPEABRV": "State Rte", "RTTYP": "S", "SUFDIR": null, "SUFDIRABRV": null, "SUFQUAL": null, "SUFQUALABRV": null, "SUFTYP": null, "SUFTYPEABRV": null}}, {"type": "Feature", "id": 2717, "geometry": {"type": "LineString", "coordinates": [[-82.83440000030238, 41.479653000153014], [-82.83452300032602, 41.48075900007021], [-82.83469300020532, 41.4821039999881], [-82.83482499955149, 41.483070999816164], [-82.83489400004679, 41.483573000296104], [-82.83495500014617, 41.48385099982981], [-82.8350999999111, 41.48505299970504], [-82.83626400002535, 41.49474799975446], [-82.83631900027692, 41.49519699968757], [-82.83644099957733, 41.496200999941514], [-82.83675500029503, 41.49878600007212], [-82.83681200019642, 41.49914399978831], [-82.83687400012072, 41.499456999736054], [-82.83691000010573, 41.49960699987126], [-82.8369369998699, 41.49972300032969], [-82.8369999996191, 41.49994399968842], [-82.83705999989354, 41.50012300029362], [-82.83707300031233, 41.50016300008689], [-82.83717299987144, 41.500422999822675], [-82.83728400019955, 41.500681000324505], [-82.8373879999566, 41.50089200011429], [-82.83742099956856, 41.50095200009159]]}, "properties": {"BASENAME": "269", "MTFCC": "S1100", "NAME": "State Rte 269", "OBJECTID": 2717, "OID": "11013851034876", "PREDIR": null, "PREDIRABRV": null, "PREQUAL": null, "PREQUALABRV": null, "PRETYP": 586, "PRETYPEABRV": "State Rte", "RTTYP": "S", "SUFDIR": null, "SUFDIRABRV": null, "SUFQUAL": null, "SUFQUALABRV": null, "SUFTYP": null, "SUFTYPEABRV": null}}, {"type": "Feature", "id": 2718, "geometry": {"type": "LineString", "coordinates": [[-82.83728400019955, 41.50097500003451], [-82.83713699988644, 41.50066599976804], [-82.83702999975633, 41.50040900032407], [-82.83693500022007, 41.50014899985927], [-82.83690900028081, 41.50007000000813], [-82.83684999983124, 41.49988700013603], [-82.83677700003632, 41.49962299978444], [-82.83671599993696, 41.499357999913975], [-82.83666700043148, 41.49909100004724], [-82.83661399982971, 41.49873300003803], [-82.8363100000561, 41.49620199977851], [-82.8361900004055, 41.49520599970536], [-82.83482799992454, 41.483865000215395], [-82.8347679996501, 41.48377399967413], [-82.8347059997258, 41.483478999917715], [-82.83455500011307, 41.48235499974896], [-82.83433300035523, 41.48039299971915], [-82.83423600027083, 41.47970799982938]]}, "properties": {"BASENAME": "269", "MTFCC": "S1100", "NAME": "State Rte 269", "OBJECTID": 2718, "OID": "11013851034905", "PREDIR": null, "PREDIRABRV": null, "PREQUAL": null, "PREQUALABRV": null, "PRETYP": 586, "PRETYPEABRV": "State Rte", "RTTYP": "S", "SUFDIR": null, "SUFDIRABRV": null, "SUFQUAL": null, "SUFQUALABRV": null, "SUFTYP": null, "SUFTYPEABRV": null}}, {"type": "Feature", "id": 2719, "geometry": {"type": "LineString", "coordinates": [[-82.81831700003673, 41.45990999986412], [-82.81902300039155, 41.46004099990681], [-82.81973499969585, 41.460166000019406], [-82.82062599999863, 41.460324000000114], [-82.82399199994462, 41.460931000010156], [-82.8242220000984, 41.46097299985395], [-82.82502999966216, 41.46112300022799], [-82.82540899977884, 41.4611999996928], [-82.82600899982847, 41.461339999831935], [-82.82628099981504, 41.46141500031109], [-82.82662599959653, 41.46151600028969], [-82.82696600025348, 41.461630000216566], [-82.82749799963273, 41.46182799989666], [-82.82777899984012, 41.46194300031393], [-82.82838100043789, 41.46222899992295], [-82.82873999956476, 41.46241700024995], [-82.82884300039524, 41.46247500014054], [-82.82902099977217, 41.462577000170505], [-82.82930600017751, 41.462752000283714], [-82.82958599966169, 41.462937000063036], [-82.82984299957964, 41.46311799994397], [-82.83031100028309, 41.463480999878556], [-82.83053999971364, 41.46368400031347], [-82.83076499984455, 41.46389300010723], [-82.83097999992968, 41.464109999866395], [-82.83116300022779, 41.46430200009626], [-82.83137800031294, 41.464543000246294], [-82.83171999972139, 41.46497700007316], [-82.83191300006523, 41.46526699967547], [-82.83206799987595, 41.4655160000701], [-82.8321990002955, 41.46574300016175], [-82.8323409996874, 41.46601200007767], [-82.83256199962034, 41.46653000009022], [-82.83268999966687, 41.46689799987199], [-82.83273700042086, 41.46704800000327], [-82.83283699997996, 41.46747199978109], [-82.83287100031515, 41.46763300029598], [-82.83294300028518, 41.46809499981727], [-82.83302500030094, 41.46869800008376], [-82.83331300018102, 41.47121299971785], [-82.83339699984661, 41.47187700012422], [-82.83350800017469, 41.472741999727745], [-82.83370900001614, 41.47446900013577], [-82.83383000038998, 41.47545000032729], [-82.83383799988758, 41.47552899991697], [-82.8340920003308, 41.47798299993036], [-82.83412800031581, 41.478189999838825], [-82.83411900009497, 41.47834000009093], [-82.83414900023222, 41.4786059999086], [-82.8341629995776, 41.47878099983087], [-82.83418799969195, 41.47910599977885], [-82.83423600027083, 41.47970799982938]]}, "properties": {"BASENAME": "269", "MTFCC": "S1100", "NAME": "State Rte 269", "OBJECTID": 2719, "OID": "11013851034911", "PREDIR": null, "PREDIRABRV": null, "PREQUAL": null, "PREQUALABRV": null, "PRETYP": 586, "PRETYPEABRV": "State Rte", "RTTYP": "S", "SUFDIR": null, "SUFDIRABRV": null, "SUFQUAL": null, "SUFQUALABRV": null, "SUFTYP": null, "SUFTYPEABRV": null}}, {"type": "Feature", "id": 2849, "geometry": {"type": "LineString", "coordinates": [[-83.28316899972918, 41.457916000177356], [-83.28318899982067, 41.457925999741974], [-83.28395299990183, 41.45832099982372], [-83.28422400006347, 41.45846100011893], [-83.2849160001746, 41.45881800007608], [-83.28498899996953, 41.45885499989512], [-83.28882799974357, 41.46083399997851], [-83.28889200021598, 41.46086699981125], [-83.29022200001157, 41.46154899977538], [-83.29141500043814, 41.46215500007447], [-83.29148999988288, 41.46219499974833], [-83.29211699969669, 41.46252600017556], [-83.29222800002476, 41.462583000286074], [-83.2940470004402, 41.46351399971063], [-83.29449799962859, 41.46373500007081], [-83.29495700011122, 41.46394700003141], [-83.29537100038802, 41.46412799978589], [-83.29584400021604, 41.46432199994728], [-83.29637599959527, 41.464526999747385], [-83.29686199984208, 41.4647019999834], [-83.29735399993667, 41.46486800022852], [-83.29779499997764, 41.46500799985346], [-83.29835300019447, 41.465170999713955], [-83.29897199961236, 41.46533900005814], [-83.29966299989856, 41.465508999915286], [-83.29999699980941, 41.465586999866886], [-83.30595299992471, 41.467037000211874], [-83.30751500042221, 41.46742600032979], [-83.30769399962405, 41.46747100017381], [-83.30790600023447, 41.4675240002043], [-83.30813300001518, 41.46757999968145], [-83.311436000212, 41.468382000156836], [-83.31240199995952, 41.4686229999508], [-83.3177580000252, 41.46991600016711], [-83.3192929998602, 41.470295999727504], [-83.32108799998619, 41.4707340003332], [-83.3215599999893, 41.47084800020839], [-83.32582999975855, 41.47187899987595], [-83.32585200039817, 41.47188400026461], [-83.32698700020008, 41.472156999765296], [-83.32766900026547, 41.47233400001062], [-83.32846000011081, 41.47255199999087], [-83.32867799967069, 41.472616000099066], [-83.32896100042623, 41.472701000302784], [-83.32989200001364, 41.47300400020143], [-83.33037999991028, 41.47317400015298], [-83.33097199956399, 41.47339200000063], [-83.3315570004433, 41.473616999741445], [-83.33213599967821, 41.47385199984844], [-83.33270700031385, 41.474096000034635], [-83.33394000002504, 41.4746500001313], [-83.33847799958289, 41.476728999753114], [-83.33849799967439, 41.4767380003174]]}, "properties": {"BASENAME": "80", "MTFCC": "S1100", "NAME": "I- 80", "OBJECTID": 2849, "OID": "110471686171", "PREDIR": null, "PREDIRABRV": null, "PREQUAL": null, "PREQUALABRV": null, "PRETYP": 344, "PRETYPEABRV": "I-", "RTTYP": "I", "SUFDIR": null, "SUFDIRABRV": null, "SUFQUAL": null, "SUFQUALABRV": null, "SUFTYP": null, "SUFTYPEABRV": null}}, {"type": "Feature", "id": 2853, "geometry": {"type": "LineString", "coordinates": [[-83.88297499977635, 41.43174499970344], [-83.88274899982054, 41.43182500016143], [-83.88228400038844, 41.4320099999168], [-83.88150100004071, 41.4323050001654], [-83.88080700027976, 41.432548999755234], [-83.88026800032951, 41.432711999693446], [-83.8796330001198, 41.432896000148396], [-83.87901200015376, 41.43305100013417], [-83.87859899970188, 41.43314000021077], [-83.87791900018462, 41.433265999762476], [-83.8774379999607, 41.4333329999804], [-83.87685600035275, 41.43341299982833], [-83.87619799967848, 41.433493999708624], [-83.87526000041838, 41.4336129996903], [-83.87402000013616, 41.433818999691894], [-83.87358199956992, 41.43391000031157], [-83.87310200006921, 41.43400700019515], [-83.87273999967097, 41.43408099982838], [-83.87196800009221, 41.43428899992915], [-83.8709680000095, 41.43454400005955], [-83.87027000005058, 41.43472200003757], [-83.86976600026043, 41.43486300018825], [-83.86727300017553, 41.435486999728504], [-83.86630099968191, 41.435732000250006], [-83.86507999966626, 41.43602799983894], [-83.86457099985323, 41.43616199989151], [-83.86423299974444, 41.436252999920264], [-83.86344699992196, 41.436462999965975], [-83.86279499999381, 41.43661600002359], [-83.86218700044658, 41.43677600028351], [-83.86163400025262, 41.43692100032566], [-83.86091299982917, 41.43710599970017], [-83.85975600028594, 41.437383999828995], [-83.85922200035857, 41.437525000258034], [-83.85860399986727, 41.43768899988934], [-83.85725800017818, 41.43802699986725], [-83.85620399966878, 41.43830900031896], [-83.85517699982191, 41.438563000092486], [-83.85427399982358, 41.43879299971386], [-83.85420900042456, 41.43880999987603], [-83.85360000015412, 41.43896599992845], [-83.85249399976621, 41.43924799966727], [-83.85080599977032, 41.43967300007997], [-83.84987900038085, 41.43988599993227], [-83.84914100023897, 41.44010299987543], [-83.84853899964122, 41.44027900004435], [-83.84802599963022, 41.44046399994839], [-83.8475169998172, 41.44067699989823], [-83.84712400035512, 41.440862000014555], [-83.84663800010831, 41.44114400026921], [-83.84605499977714, 41.441578999777704], [-83.8455739995532, 41.441994999741155], [-83.84504700019681, 41.44252700022452], [-83.84460699998077, 41.44297499969415], [-83.84449700037591, 41.44308699992006], [-83.84379400039413, 41.44379900015427], [-83.84281299967968, 41.44480300010928], [-83.84222100002599, 41.445418000176545], [-83.84137400010415, 41.446273999831014], [-83.84063900033532, 41.4470280002298], [-83.84004199976043, 41.44763400019138], [-83.83990000036852, 41.44777900021408], [-83.83916800007442, 41.4485310001581], [-83.83827099992388, 41.449438000042804], [-83.83751199986558, 41.450233000222916], [-83.83631900033735, 41.45144999986883], [-83.83602899990912, 41.451745999810335], [-83.83552799959371, 41.45225900011096], [-83.834062000254, 41.45375300032975], [-83.83352499995355, 41.454230000311426], [-83.83293800032274, 41.454618000027146], [-83.83239199980146, 41.454928000228236], [-83.83172099960674, 41.45521999992702], [-83.83094900002797, 41.4554830003082], [-83.83074800018652, 41.45553299999124], [-83.83044900043578, 41.45560799978019], [-83.82979699960931, 41.45570999983867], [-83.82947799976708, 41.45574700008429], [-83.82887199986965, 41.45578800013163], [-83.82813600027592, 41.45581199973679], [-83.82724400014824, 41.45581199973679], [-83.82627199965464, 41.4558019998463], [-83.82568400019889, 41.45581700001812], [-83.8249030003993, 41.45582099983892], [-83.82381600027796, 41.45582099983892], [-83.82138299956918, 41.455825000332744], [-83.82025000031541, 41.45582999993981], [-83.81807600007272, 41.455825000332744], [-83.81792999958455, 41.455825000332744], [-83.81687299960042, 41.455825000332744], [-83.81597200015024, 41.45582799969308], [-83.81541599958324, 41.45582999993981], [-83.81415199990988, 41.45583600000635], [-83.81104299988182, 41.45584899992423], [-83.81046299992369, 41.455849999710615], [-83.80629799973643, 41.455864000085164], [-83.8052120003383, 41.45586700011691], [-83.80452400042513, 41.45586499987133], [-83.80305499981405, 41.455863000298955], [-83.80267700042062, 41.45586199983949], [-83.80051200039875, 41.455858000021216], [-83.79773300008357, 41.45588500030466], [-83.79720500000397, 41.455893999723386], [-83.79669500036603, 41.45591299968906], [-83.7965380000072, 41.455934999677815], [-83.79603900023992, 41.45600400029797], [-83.795265000113, 41.45613999973445], [-83.79429000014467, 41.45645900008081], [-83.79353399956112, 41.456814000069585], [-83.79294199990743, 41.45716099998618], [-83.79226800023795, 41.45759800002408], [-83.7914689999967, 41.458223999927625], [-83.79066399990765, 41.45885499989512], [-83.78883299979665, 41.46026699992365], [-83.78746700001605, 41.46134199990867], [-83.78697800029451, 41.46169799979408], [-83.78469699992169, 41.46347400017718], [-83.77959600012416, 41.46738200006324], [-83.77773800024896, 41.4688389997758], [-83.77715499991778, 41.46951300006305], [-83.77677199960314, 41.47013299996214], [-83.77646199998172, 41.470771000084426], [-83.77628000040686, 41.47144499980566], [-83.77618900017026, 41.47221000000355], [-83.77622000013241, 41.47398400017356], [-83.77629799995022, 41.47838599987432], [-83.7762619999652, 41.47918799992243], [-83.77609799993367, 41.47978899979392], [-83.77593399990214, 41.48031700024765], [-83.77564199982409, 41.48101000032971], [-83.77489500035968, 41.48206699997598], [-83.77304199960905, 41.48470899970046], [-83.7709600003262, 41.48767800001845], [-83.76892900019865, 41.49051300032993], [-83.7683640003091, 41.49131499967379], [-83.7680889999495, 41.49170200029771], [-83.76756199969482, 41.49244499989065], [-83.76717900027849, 41.492937000194566], [-83.76692800020832, 41.4932219997773], [-83.76610499967762, 41.49415700005067], [-83.76508399967851, 41.49514099984784], [-83.76421599984029, 41.496031999677285], [-83.76302499996187, 41.49725499991144], [-83.76158600038636, 41.49862099969641], [-83.76041800007415, 41.49979899991414], [-83.75993100000241, 41.5002899997544], [-83.75985300018463, 41.50036900000998], [-83.75950900022804, 41.50071600026382], [-83.75821600024237, 41.50208300012872], [-83.75756000011626, 41.50288399978619], [-83.75615699962742, 41.50508899972253], [-83.75411100032956, 41.50841599998242], [-83.75362400025786, 41.509207000279915], [-83.75202400012553, 41.5118319998708], [-83.75154700009954, 41.512613999848114], [-83.75074600020847, 41.513870999698156], [-83.75046800037413, 41.51428299978567], [-83.75013699993801, 41.51477400011077], [-83.75007099981578, 41.51487299990597], [-83.74937899970465, 41.51560199978881], [-83.74846800020872, 41.516440000264026], [-83.74766499976951, 41.51702900004072], [-83.74737500023959, 41.51724099987841], [-83.74677299964182, 41.51773599999708], [-83.7465590002799, 41.51791300016828], [-83.74500600000323, 41.51919099990927], [-83.74262000004845, 41.52103100003468], [-83.74231600027483, 41.52127299986047], [-83.74207500025041, 41.52146500022348], [-83.74172700009586, 41.521741000335844], [-83.74132200003991, 41.521972999753544], [-83.74061599968506, 41.52237900009604], [-83.73997999965044, 41.52268700021048], [-83.73941300011109, 41.52296199972238], [-83.73780999960573, 41.52349100011699], [-83.7363159997786, 41.52374599991043], [-83.7329160003957, 41.52425599984541], [-83.73077700031313, 41.5245770000259], [-83.72758999956895, 41.525045000144715], [-83.72577199987673, 41.52533600000782], [-83.7240510002689, 41.52560099981232], [-83.72263799973432, 41.525777999993366], [-83.72150799995528, 41.525971999867345], [-83.72073200017856, 41.52615700008239], [-83.71942499994918, 41.52660800020043], [-83.71830400039097, 41.52711999983456], [-83.71728900023965, 41.527736999889584], [-83.71671099993134, 41.52815999998384], [-83.7165619999684, 41.528269000294465], [-83.7164830003257, 41.52833999992917], [-83.71632299959381, 41.52846700014223], [-83.71530499996776, 41.52933700007684], [-83.7148289997667, 41.530077000297766], [-83.71423799993791, 41.53114399985217], [-83.71352300026055, 41.53254700025018], [-83.71289999974641, 41.533430000280724], [-83.7118439995872, 41.5344230003111], [-83.70999800030589, 41.53574100010819], [-83.70934600037772, 41.53624500028375], [-83.70884900026026, 41.536619000146295], [-83.70840800021931, 41.536941999937675], [-83.70740999978642, 41.53767299973789], [-83.70696999957038, 41.53798600033173], [-83.70514699985527, 41.53933199979603], [-83.70408499984829, 41.540146000275506], [-83.70362299989092, 41.540515999795915], [-83.70345600038466, 41.54065299988453], [-83.70296699976481, 41.541062000120604], [-83.70273699961103, 41.54126800033346], [-83.7021850001403, 41.54172900007405], [-83.70191599962847, 41.541945000226384], [-83.70157000002207, 41.542235000248795], [-83.70042599999931, 41.54310199988121], [-83.69978199956877, 41.543551999746846], [-83.69956999985666, 41.543707999901585], [-83.6982989996123, 41.54463999993257], [-83.69782499995938, 41.54498799995661], [-83.69641399997293, 41.546024000284866], [-83.6909840002874, 41.550008000219215], [-83.68761400014343, 41.55243699997251], [-83.68670100009938, 41.552991000219315], [-83.68623099974609, 41.553240000237345], [-83.68612500033919, 41.553296000236195], [-83.68608299960809, 41.55331699980311], [-83.68601599966094, 41.553350000261126], [-83.68599100044489, 41.5533619998124], [-83.68567300042758, 41.55352100004254], [-83.68554600020596, 41.55358399984798], [-83.68552500028957, 41.553594000110216], [-83.68550100000013, 41.5536060002884], [-83.685429999855, 41.5536420001374], [-83.68498899981405, 41.55386099968316], [-83.68445800025971, 41.55412499998174], [-83.68345999982682, 41.55456000026826], [-83.682873000196, 41.554765999827545], [-83.68229300023788, 41.554973999949944], [-83.68184799999895, 41.5551330002482], [-83.67963600012142, 41.55590899968887]]}, "properties": {"BASENAME": "24", "MTFCC": "S1100", "NAME": "US Hwy 24", "OBJECTID": 2853, "OID": "1108296490519", "PREDIR": null, "PREDIRABRV": null, "PREQUAL": null, "PREQUALABRV": null, "PRETYP": 640, "PRETYPEABRV": "US Hwy", "RTTYP": "U", "SUFDIR": null, "SUFDIRABRV": null, "SUFQUAL": null, "SUFQUALABRV": null, "SUFTYP": null, "SUFTYPEABRV": null}}, {"type": "Feature", "id": 2854, "geometry": {"type": "LineString", "coordinates": [[-84.0701440000253, 41.41672800006137], [-84.06961900031877, 41.41667699972794], [-84.06930799997413, 41.41662800013592], [-84.06878400009249, 41.416542999876135], [-84.06798499985122, 41.41637100025451], [-84.06743500003034, 41.416236999771456], [-84.06693700008795, 41.41612100012542], [-84.06627799958878, 41.41595199991617], [-84.06565699962276, 41.41582500004351], [-84.06511400037287, 41.41573099980817], [-84.0645400002625, 41.41564400025743], [-84.06397899967264, 41.415577999707466], [-84.06328099971371, 41.4155189999246], [-84.06237000021778, 41.41548200031886], [-84.06095500003337, 41.415467999989175], [-84.06005799988284, 41.415460000088146], [-84.05796700037915, 41.41545299992125], [-84.05723000006216, 41.41544900030678], [-84.05636700024682, 41.415439000259006], [-84.05570600009783, 41.4154329998254], [-84.05422599961608, 41.41542400018444], [-84.05346300025818, 41.415421000303795], [-84.052002000043, 41.41541299972334], [-84.05139699997052, 41.415406999960965], [-84.05081399963933, 41.4154040000796], [-84.0502260001836, 41.4153980003164], [-84.04948899986663, 41.41539600017068], [-84.0491719996742, 41.4153930002888], [-84.0481620004441, 41.415365999998166], [-84.04806399963647, 41.41536500026169], [-84.04787700003871, 41.41535899982119], [-84.04765699993068, 41.4153539997906], [-84.04684299962082, 41.41542600032929], [-84.04599499987408, 41.415442999874095], [-84.04549699993173, 41.41545799994427], [-84.0447270000028, 41.41554100013534], [-84.04422900006041, 41.415632000101176], [-84.04316600022851, 41.4158879998098], [-84.04226800025306, 41.416167000253786], [-84.03759099987971, 41.41791000001797], [-84.03316399975164, 41.41958599997186], [-84.03287099984868, 41.41967700033313], [-84.02812999990122, 41.42142699973112], [-84.02650100035491, 41.42211299991803], [-84.0256130004252, 41.422525999800754], [-84.02470899970365, 41.42295499973075], [-84.01847800012705, 41.42614000028874], [-84.01629700021167, 41.42722200024896], [-84.01561299959813, 41.42758199967305], [-84.01499699965498, 41.42787200009622], [-84.01456900003281, 41.42806099985135], [-84.01385099998242, 41.428333999948194], [-84.01313799995489, 41.42854500022593], [-84.01225900024602, 41.42871100005507], [-84.01151899955597, 41.42880800029835], [-84.01054799978559, 41.428831000251485], [-84.00899500040724, 41.42883800032347], [-84.00881899978182, 41.42885400019647], [-84.00337599967753, 41.42882599991098], [-83.99919200012201, 41.42887599993122], [-83.9950100002163, 41.42891199978722], [-83.99344400041916, 41.42891899985047], [-83.99285799971493, 41.42893800030692], [-83.99218700041851, 41.42900299987681], [-83.99145900032238, 41.42910600020185], [-83.99065099986029, 41.42929599992798], [-83.98932699991248, 41.42965499978562], [-83.98857200005216, 41.429872999771646], [-83.98779799992525, 41.43009199988255], [-83.98714699982202, 41.430265999896065], [-83.98649599971877, 41.430388000270014], [-83.98584499961551, 41.43047900031132], [-83.98522600019763, 41.43054300018251], [-83.98450499977419, 41.430582000315155], [-83.9840279997482, 41.43058800002267], [-83.97891600008, 41.43060699999066], [-83.9775500002994, 41.43060699999066], [-83.97671199970007, 41.43063299983158], [-83.97589400009058, 41.430685000155606], [-83.9750229998793, 41.430768999917575], [-83.97383100017596, 41.430929999943324], [-83.97239400025025, 41.43117500015346], [-83.97116900003667, 41.43140000021926], [-83.97006400037198, 41.43157999971035], [-83.965708000389, 41.4323500001311], [-83.96550300034959, 41.432383999785216], [-83.96450099971874, 41.43255499995442], [-83.96386700023224, 41.43263000004013], [-83.9633159996881, 41.43268399972494], [-83.96258699976705, 41.432745999831425], [-83.9616529998066, 41.43278600012947], [-83.96117599978062, 41.432800000093245], [-83.95635000034267, 41.432855999918175], [-83.95414599996276, 41.43287999992453], [-83.94110399995311, 41.433034999948575], [-83.9355970002747, 41.43310900001633], [-83.93144600033114, 41.43314599968187], [-83.92696599960128, 41.43321599975583], [-83.92178000031323, 41.43328500029369], [-83.91938500013762, 41.433336999840414], [-83.91758099979079, 41.433336999840414], [-83.91629200000308, 41.43335000022574], [-83.91535100036994, 41.433298000015924], [-83.91457800006795, 41.43316900011856], [-83.91364999995525, 41.4329630000747], [-83.9128640001328, 41.432705000039185], [-83.91197000035531, 41.43230699979035], [-83.9098520001891, 41.43106899991214], [-83.90856500005123, 41.430392000311535], [-83.90797400022245, 41.43016300006437], [-83.90719300042285, 41.4299349998688], [-83.90642099994578, 41.42978200022797], [-83.90579199958383, 41.429686999798484], [-83.90514399985364, 41.429657999682256], [-83.90272299973874, 41.42969699967301], [-83.89711099958002, 41.42974399980347], [-83.89478700044783, 41.42978600030683], [-83.89026800025825, 41.42984300022484], [-83.88904899989242, 41.42988699969015], [-83.88840100016223, 41.4299349998688], [-83.88791499991542, 41.43001099979846], [-83.88734300035321, 41.43013499966994], [-83.88651399997472, 41.430373000280575], [-83.88297499977635, 41.43174499970344]]}, "properties": {"BASENAME": "24", "MTFCC": "S1100", "NAME": "US Hwy 24", "OBJECTID": 2854, "OID": "1108296490522", "PREDIR": null, "PREDIRABRV": null, "PREQUAL": null, "PREQUALABRV": null, "PRETYP": 640, "PRETYPEABRV": "US Hwy", "RTTYP": "U", "SUFDIR": null, "SUFDIRABRV": null, "SUFQUAL": null, "SUFQUALABRV": null, "SUFTYP": null, "SUFTYPEABRV": null}}, {"type": "Feature", "id": 2855, "geometry": {"type": "LineString", "coordinates": [[-83.8829720003016, 41.4320099999168], [-83.88266799962967, 41.432127999773], [-83.88198899993735, 41.432393999917764], [-83.88102800021271, 41.43274900025874], [-83.8804230001402, 41.4329630000747], [-83.87986900012133, 41.43312500018374], [-83.87940399979092, 41.43323599976309], [-83.87896799977283, 41.4333469998262], [-83.87862100034151, 41.43341299982833], [-83.877719999993, 41.43356099969116], [-83.87747399994572, 41.433596000187336], [-83.87661899962796, 41.43371600010956], [-83.87571800017778, 41.43381200015705], [-83.87487600027882, 41.433937999751315], [-83.87402699980885, 41.43408500031579], [-83.87340099981996, 41.43418300005821], [-83.87310500044227, 41.43424600019934], [-83.87257800018757, 41.43435900011751], [-83.87175899985482, 41.43456200010218], [-83.87082499989437, 41.43479299986987], [-83.8702840002943, 41.43494400027958], [-83.87009400032349, 41.434996999952034], [-83.86922899995999, 41.43522399977508], [-83.8678830002709, 41.43556099969489], [-83.8666160002245, 41.43588500001039], [-83.86581100013545, 41.43607899979102], [-83.86479799963395, 41.43634800016944], [-83.86423600011749, 41.43648399973116], [-83.86396099975786, 41.43655099999477], [-83.86336900010416, 41.436703999844944], [-83.8631399997753, 41.43675199969723], [-83.8624710001287, 41.43693500007107], [-83.86165299962089, 41.43715199977948], [-83.86083400018647, 41.43735100017153], [-83.86008000015104, 41.43754599967963], [-83.85924999994766, 41.437759999843465], [-83.85882599962514, 41.43786900012454], [-83.85713799962926, 41.438295000196476], [-83.85523700009635, 41.43877600022064], [-83.8542760003717, 41.439033000323626], [-83.85421400044744, 41.43904999974953], [-83.853853999699, 41.43914599998918], [-83.85256400008637, 41.43946000020203], [-83.85153200021664, 41.43972900003617], [-83.85075499971668, 41.43993700022002], [-83.8501000003138, 41.440096999700586], [-83.84948799967029, 41.440246999865465], [-83.84875700009943, 41.44045499973597], [-83.8481789997911, 41.4406449999156], [-83.84803999987393, 41.440699999686586], [-83.84737799990003, 41.44100500032546], [-83.84681399983542, 41.44133399977846], [-83.84638399966511, 41.441634000103896], [-83.84590699963913, 41.44205099971388], [-83.84532900022913, 41.442637999886806], [-83.84485300002807, 41.44313299980053], [-83.84461299982856, 41.443380999677466], [-83.84430200038224, 41.443702000090234], [-83.84364600025613, 41.44434999997441], [-83.84273400003698, 41.44526999974253], [-83.8422019997594, 41.445833999770336], [-83.841447999724, 41.446587999895485], [-83.84094399993386, 41.44710600018888], [-83.83990799986611, 41.448168000039495], [-83.83962099981093, 41.448461999668616], [-83.83864099981972, 41.449465000305274], [-83.8376600000036, 41.45045499992549], [-83.83692900043272, 41.45122800020465], [-83.83641300004868, 41.45174400011098], [-83.83630000007078, 41.451856999861015], [-83.8356670004092, 41.45249999990553], [-83.83504700026808, 41.45313300000738], [-83.83446399993689, 41.45372999978186], [-83.83407099957651, 41.45409999979046], [-83.83368700033527, 41.45441900007071], [-83.83333099978479, 41.45467799976905], [-83.83270599962081, 41.45505300009651], [-83.83204500037014, 41.455357999922086], [-83.83146700006183, 41.45556599982827], [-83.83092100043888, 41.45572400024345], [-83.83076200043023, 41.45577200016553], [-83.83059699967546, 41.45582099983892], [-83.82989899971656, 41.45592300023571], [-83.82945500020085, 41.455983000117016], [-83.82877899998326, 41.45602000020685], [-83.82822900016234, 41.45604299994277], [-83.82755799996761, 41.45604299994277], [-83.82643900005921, 41.456052000012846], [-83.82569000004668, 41.45604699974964], [-83.82470900023054, 41.45603799967887], [-83.82403300001293, 41.45604800020623], [-83.82263200007223, 41.456052000012846], [-83.82149899992014, 41.45604800020623], [-83.82113800024513, 41.45605100022952], [-83.82024100009458, 41.45606100008162], [-83.8189549997816, 41.456052000012846], [-83.81770600017687, 41.45605899984202], [-83.81726599996081, 41.45606100008162], [-83.81597799999801, 41.45606499988743], [-83.81542999982693, 41.456065999670486], [-83.8141529997348, 41.456065999670486], [-83.81208099959935, 41.45606700012684], [-83.80942100000819, 41.45608600004184], [-83.80630299975928, 41.45608600004184], [-83.80557700021129, 41.45608600004184], [-83.80452799972477, 41.456089000063315], [-83.80306099966185, 41.4560920000847], [-83.80268200044347, 41.45609299986739], [-83.80200600022586, 41.456095000105954], [-83.7991640001615, 41.456095000105954], [-83.79711399976738, 41.456113000230374], [-83.79655100042598, 41.45617200015446], [-83.79615700024068, 41.45621299993316], [-83.79535600034961, 41.45638600015898], [-83.79476399979758, 41.45654999992364], [-83.79402599965572, 41.45683299976575], [-83.79328800041215, 41.45723399970896], [-83.79248599979785, 41.4577709999219], [-83.79155400038552, 41.45848899973778], [-83.79141100027037, 41.45859899995066], [-83.79034500006543, 41.45942000004113], [-83.7883780004103, 41.46094099978306], [-83.78698699961703, 41.462053000053935], [-83.78469699992169, 41.46380199979672], [-83.78078000032987, 41.46683499979414], [-83.77875800042315, 41.46838400001637], [-83.77788300001392, 41.46916699985407], [-83.7775010004225, 41.46958600001716], [-83.77720900034446, 41.469986999857404], [-83.77677199960314, 41.47082499966516], [-83.77659000002825, 41.47149900017122], [-83.77655300021834, 41.472172999727476], [-83.77655300021834, 41.473777000293474], [-83.77655700041629, 41.47398100030685], [-83.77664399955663, 41.4783679998752], [-83.77660799957161, 41.47918799992243], [-83.77640799955506, 41.4799169997891], [-83.77622500015526, 41.480462999968196], [-83.77584299966554, 41.4812280000692], [-83.77538699955596, 41.48195699986976], [-83.77380200039056, 41.48418000001491], [-83.77339399996157, 41.48476099975572], [-83.7713059999326, 41.48773300028592], [-83.76998500035783, 41.489566000000494], [-83.768982999727, 41.49098699997249], [-83.76823100023972, 41.492055999866174], [-83.76692400001035, 41.493726000085154], [-83.76663299975722, 41.494029999795245], [-83.7655399997881, 41.495177999795445], [-83.76467600014783, 41.4959960000577], [-83.76382699967786, 41.49679899997532], [-83.76291600018193, 41.49774700001321], [-83.760351000127, 41.50029599974314], [-83.76027699960882, 41.50036999978269], [-83.75978200003951, 41.5008619997684], [-83.75872599988031, 41.50197299969427], [-83.75790599972267, 41.502921000019754], [-83.75726800003821, 41.503904999874656], [-83.75624100019132, 41.505588999738386], [-83.75508200009996, 41.5074940000334], [-83.7544519999131, 41.50851100015036], [-83.75253100028871, 41.511612000323275], [-83.75202400012553, 41.51241400007688], [-83.7512769997628, 41.513600000187985], [-83.75063599970531, 41.514618000126205], [-83.75051500022978, 41.51477299988786], [-83.75005300027243, 41.515365000005154], [-83.7493970001463, 41.516020999701034], [-83.74896000030331, 41.51640299968459], [-83.74786700033417, 41.517277999978795], [-83.74766999979236, 41.51743400027847], [-83.74699000027512, 41.51796899982144], [-83.74528999968537, 41.51930899989054], [-83.74416800030222, 41.52019299981519], [-83.74314800012804, 41.52097599979519], [-83.74292499964697, 41.52114799989949], [-83.74289500040805, 41.52117100006646], [-83.74231600027483, 41.521618000168], [-83.74207100005245, 41.521806999837395], [-83.74203699971726, 41.521833000111705], [-83.74182199963211, 41.52197200031446], [-83.74130799979622, 41.5223059997601], [-83.74065199967008, 41.52268899973912], [-83.74031299973637, 41.52283299994034], [-83.73957700014263, 41.52314400019231], [-83.73861100039511, 41.52350899968435], [-83.73751800042598, 41.52378200024344], [-83.73637100003019, 41.52403700023522], [-83.73494900017307, 41.524237999813245], [-83.73291499967249, 41.524491999952936], [-83.73089199994085, 41.52482399970714], [-83.7274309995603, 41.52530099992713], [-83.72460699993759, 41.52566299986625], [-83.72289399982735, 41.52591000010951], [-83.72198499998125, 41.52604300000516], [-83.72090799990565, 41.52628099973777], [-83.72012299990809, 41.52651899993998], [-83.71877200019611, 41.52704900020607], [-83.7179419999927, 41.52750799969582], [-83.71664999983196, 41.52841100015844], [-83.71650800044006, 41.52853300018096], [-83.71615799973738, 41.52876200010918], [-83.71565300012229, 41.52926900018803], [-83.71559100019803, 41.52933900007247], [-83.71528999989914, 41.529675999800986], [-83.7141600001201, 41.53162399976619], [-83.71328399988596, 41.53345100024815], [-83.71198400022759, 41.534638999985255], [-83.71090799997691, 41.53547899985567], [-83.7102519998508, 41.53594799968291], [-83.70970299985478, 41.53632000013828], [-83.70928500027837, 41.53662500013007], [-83.70887100000158, 41.53692800026748], [-83.70624900004523, 41.53884299992457], [-83.70499799989236, 41.53976799994594], [-83.70408200037355, 41.54045799983293], [-83.70363799995954, 41.540799999907144], [-83.70282500037291, 41.54144899992336], [-83.7019380002681, 41.542131000283675], [-83.70057099976427, 41.54314599982096], [-83.70017699957899, 41.5434169999815], [-83.70011300000488, 41.54346299993819], [-83.69976400002541, 41.54371399990005], [-83.69907699993716, 41.54422099977371], [-83.69838999984889, 41.544727999706005], [-83.69794700015812, 41.54505499970175], [-83.69653500034677, 41.546097000078476], [-83.69480200014505, 41.54737600018311], [-83.69222500039454, 41.54926300032795], [-83.69002799968732, 41.5508729998256], [-83.68920500005493, 41.55147599997834], [-83.68785500016787, 41.55243399970585], [-83.68761499996835, 41.552586000044556], [-83.68716399988165, 41.55287200019057], [-83.68674100028235, 41.55310600016323], [-83.68631199993695, 41.55334199988681], [-83.68617600039282, 41.553415999782196], [-83.68611500029346, 41.553449999814745], [-83.68606099986678, 41.5534799999868], [-83.68603900012546, 41.553492000186154], [-83.68572699995593, 41.553663999885885], [-83.68560599958211, 41.55372999975855], [-83.6855770001681, 41.55374599973794], [-83.6854840002817, 41.553796999855784], [-83.68521999979272, 41.5539419996679], [-83.68479100034564, 41.55412899978444], [-83.68403200028737, 41.554459999742946], [-83.68317199994675, 41.55478200022269], [-83.68229400006277, 41.55509399974194], [-83.68156099994376, 41.5553539999835], [-83.6807829996189, 41.555611999996], [-83.67979599995499, 41.55597399969992]]}, "properties": {"BASENAME": "24", "MTFCC": "S1100", "NAME": "US Hwy 24", "OBJECTID": 2855, "OID": "1108296490539", "PREDIR": null, "PREDIRABRV": null, "PREQUAL": null, "PREQUALABRV": null, "PRETYP": 640, "PRETYPEABRV": "US Hwy", "RTTYP": "U", "SUFDIR": null, "SUFDIRABRV": null, "SUFQUAL": null, "SUFQUALABRV": null, "SUFTYP": null, "SUFTYPEABRV": null}}, {"type": "Feature", "id": 2856, "geometry": {"type": "LineString", "coordinates": [[-83.8829720003016, 41.4320099999168], [-83.88660000018844, 41.430639999709214], [-83.88734300035321, 41.430392000311535], [-83.88791499991542, 41.43025899997811], [-83.88843899979705, 41.430172999865576], [-83.88909599974808, 41.43014399996643], [-83.89055500031343, 41.43008700031264], [-83.89485199984685, 41.43002299999191], [-83.90273299978449, 41.4299540000279], [-83.90520099975504, 41.42992500003094], [-83.90580099980465, 41.429962999676], [-83.9064019996792, 41.430039999757014], [-83.90709700016339, 41.430172999865576], [-83.90790700027529, 41.430429999683206], [-83.90846999961667, 41.430639999709214], [-83.90970900007399, 41.431306999792696], [-83.91118600018267, 41.43218400017765], [-83.91196899963207, 41.43260099989154], [-83.91283800019353, 41.4329630000747], [-83.9136109995972, 41.4332330000318], [-83.91451299977061, 41.43342600019838], [-83.91531200001187, 41.43355500025846], [-83.91627899958429, 41.4335939999286], [-83.91759300038467, 41.4335939999286], [-83.91939699983318, 41.43356799992662], [-83.92178299978798, 41.433579000006425], [-83.92697700037026, 41.43347499991204], [-83.93144200013317, 41.43341699968345], [-83.93574600023761, 41.43337100032453], [-83.94110700032617, 41.43329300001941], [-83.95401700009133, 41.433137999937976], [-83.956408000069, 41.433119000037244], [-83.96122400035951, 41.43305200027194], [-83.96260699985854, 41.4329770000003], [-83.9633359997796, 41.432929000050336], [-83.96390200039234, 41.43287499989589], [-83.96451499996245, 41.432800000093245], [-83.9656740000538, 41.43262799975162], [-83.9668909998715, 41.43240799996608], [-83.97006400037198, 41.431844999923754], [-83.97366999961918, 41.43121299974039], [-83.97503600029809, 41.43102600006986], [-83.97591300035715, 41.43095500015834], [-83.97668599976083, 41.430896999698696], [-83.97761499969842, 41.4308650002822], [-83.97891000023222, 41.430858999926805], [-83.98092700011605, 41.4308459997162], [-83.98230700014037, 41.43085200007273], [-83.98420799967327, 41.43083899986072], [-83.98523299987032, 41.4307940001946], [-83.98588399997358, 41.43074899982376], [-83.98652800040412, 41.43064600008485], [-83.98719200002785, 41.4305170003056], [-83.98783700028332, 41.43036900023788], [-83.988617000258, 41.430130000103354], [-83.9893289995623, 41.42992500003094], [-83.99060700037766, 41.42957099992927], [-83.99148500026163, 41.429363000202166], [-83.99219400009119, 41.429253999781174], [-83.99341799958158, 41.429157000204185], [-83.99506200009483, 41.4291309997722], [-83.99918899974895, 41.42913799981183], [-84.00337599967753, 41.4291309997722], [-84.00881799995693, 41.42910399980476], [-84.00915699989064, 41.42911499996745], [-84.01003499977462, 41.42910399980476], [-84.01095899968932, 41.42908699979452], [-84.01183200044875, 41.42901899970916], [-84.01254999960082, 41.42893299997465], [-84.01342300036025, 41.428745000267945], [-84.01446600010065, 41.42845400016793], [-84.01540799955873, 41.42804300002663], [-84.01629700021167, 41.427599000077365], [-84.01847700030213, 41.42646000019383], [-84.02490799989526, 41.42318500009473], [-84.025719999657, 41.422787000086366], [-84.02654700038566, 41.42240400014629], [-84.02740500017815, 41.422020999968055], [-84.02812800025141, 41.421717999665375], [-84.03287199967359, 41.41995799999983], [-84.03359599957176, 41.41971400024364], [-84.0376739997204, 41.41815900030408], [-84.04227599975066, 41.41646100001152], [-84.04323400000057, 41.41615199967365], [-84.04427500009116, 41.4158879998098], [-84.04604699975263, 41.41561700007118], [-84.04775800021304, 41.41556699994608], [-84.04805199994091, 41.41559400015313], [-84.04839900027055, 41.415619000210086], [-84.05723199971199, 41.41566599975214], [-84.05797999989963, 41.41567900030751], [-84.05830100028999, 41.41568000003921], [-84.05854700033728, 41.41568299990782], [-84.05873700030807, 41.415687999913146], [-84.0591969997173, 41.41569799992259], [-84.05947100025199, 41.41570500006302], [-84.0596329997354, 41.4157120002027], [-84.05976099978191, 41.415720000072696], [-84.05992499981345, 41.41573399967443], [-84.06019699980001, 41.41576399967694], [-84.06035800035681, 41.41578000007682], [-84.0606549995594, 41.415824000314096], [-84.0608150002913, 41.41584900028249], [-84.06096799955387, 41.41587799982961], [-84.06109999979834, 41.41590600030927], [-84.06120100008069, 41.41592400013002], [-84.06141000031805, 41.41596899999699], [-84.06160000028885, 41.41601500023295], [-84.06179000025965, 41.416065000013134], [-84.06198500025332, 41.41611300030481], [-84.0621810000719, 41.41616599985591], [-84.06236699984473, 41.41621999976078], [-84.06255199979266, 41.416275999739476], [-84.06274500013652, 41.41633199966985], [-84.06293699975713, 41.4163889999464], [-84.06392900034224, 41.41667899983421], [-84.06459100031613, 41.41686999993348], [-84.06511400037287, 41.41699199987929], [-84.06562099963774, 41.4170930003016], [-84.06580800013381, 41.417119999874295], [-84.0660740002726, 41.417152999711035], [-84.06669500023861, 41.41720700014265], [-84.06735499966439, 41.41722899978165], [-84.06804000010281, 41.417221000097506], [-84.06873800006173, 41.4172050000526], [-84.06941500010424, 41.417179000223854], [-84.0700539996136, 41.41714500001753]]}, "properties": {"BASENAME": "24", "MTFCC": "S1100", "NAME": "US Hwy 24", "OBJECTID": 2856, "OID": "1108296490540", "PREDIR": null, "PREDIRABRV": null, "PREQUAL": null, "PREQUALABRV": null, "PRETYP": 640, "PRETYPEABRV": "US Hwy", "RTTYP": "U", "SUFDIR": null, "SUFDIRABRV": null, "SUFQUAL": null, "SUFQUALABRV": null, "SUFTYP": null, "SUFTYPEABRV": null}}, {"type": "Feature", "id": 2874, "geometry": {"type": "LineString", "coordinates": [[-83.41457899986264, 41.51032999977377], [-83.4138359996979, 41.51019399966478], [-83.4133140003644, 41.51009100027749], [-83.41285400005684, 41.50999100027143], [-83.41239700012237, 41.50988299974162], [-83.4118869995861, 41.50975200019629], [-83.41138199997103, 41.50961100005063], [-83.4108809996556, 41.509459999911854], [-83.41038600008628, 41.50930000001758], [-83.40984200011314, 41.50911100015016], [-83.4093590002394, 41.50893200017278], [-83.40893400009195, 41.50876599977021], [-83.40846200008885, 41.50857000014904], [-83.407944000055, 41.50834300004192], [-83.40558999988725, 41.50726799985611], [-83.4045089996137, 41.50678400018618], [-83.40338499968244, 41.50626700001295], [-83.40031099981447, 41.50486799975795], [-83.39754900011606, 41.50361699969273], [-83.39729600039605, 41.50350199987894], [-83.39639500004756, 41.503089000069004], [-83.39073799968301, 41.50051999982158]]}, "properties": {"BASENAME": "80", "MTFCC": "S1100", "NAME": "I- 80", "OBJECTID": 2874, "OID": "110471686172", "PREDIR": null, "PREDIRABRV": null, "PREQUAL": null, "PREQUALABRV": null, "PRETYP": 344, "PRETYPEABRV": "I-", "RTTYP": "I", "SUFDIR": null, "SUFDIRABRV": null, "SUFQUAL": null, "SUFQUALABRV": null, "SUFTYP": null, "SUFTYPEABRV": null}}, {"type": "Feature", "id": 2875, "geometry": {"type": "LineString", "coordinates": [[-83.41457899986264, 41.51013299988413], [-83.41358399980281, 41.50994800027515], [-83.41312000019563, 41.509853000197786], [-83.41265999988808, 41.50974799966687], [-83.4121469998771, 41.50962000008341], [-83.41169499996548, 41.50949699975121], [-83.41119100017532, 41.5093499999009], [-83.41074799958623, 41.50921100017011], [-83.41025499966672, 41.50904400017149], [-83.409767999595, 41.508868000278696], [-83.40928600044447, 41.50868499970695], [-83.40875599981673, 41.50847100013201], [-83.40828700018668, 41.50827099966978], [-83.40766799987048, 41.507994000313204], [-83.40340999979679, 41.506058000288384], [-83.40177200002964, 41.50530600014716], [-83.39755199959077, 41.50339800021079], [-83.3972920001981, 41.50328099987989], [-83.39699799957191, 41.503148000299234], [-83.39468299976224, 41.50210599966996], [-83.3941730001243, 41.50186799983923], [-83.39392100022923, 41.501746000005284], [-83.39158600032806, 41.500688000044754], [-83.39151799965767, 41.50065699983614], [-83.39120399983832, 41.50051300008316]]}, "properties": {"BASENAME": "80", "MTFCC": "S1100", "NAME": "I- 80", "OBJECTID": 2875, "OID": "110471686173", "PREDIR": null, "PREDIRABRV": null, "PREQUAL": null, "PREQUALABRV": null, "PRETYP": 344, "PRETYPEABRV": "I-", "RTTYP": "I", "SUFDIR": null, "SUFDIRABRV": null, "SUFQUAL": null, "SUFQUALABRV": null, "SUFTYP": null, "SUFTYPEABRV": null}}, {"type": "Feature", "id": 2877, "geometry": {"type": "LineString", "coordinates": [[-83.33849100000168, 41.47650900007778], [-83.33847299956003, 41.476501999763805], [-83.33458000025763, 41.47474200019187], [-83.33361000031216, 41.474296999865], [-83.33293900011742, 41.474002000044095], [-83.33226299989981, 41.473714999680524], [-83.33173800019327, 41.473501000322585], [-83.33125899961915, 41.473316999913436], [-83.33061400026199, 41.47308199988613], [-83.32990799990718, 41.472837999921474], [-83.3293050003828, 41.472640000207484], [-83.32892500044122, 41.47252199998154], [-83.32875499966357, 41.47246600006155], [-83.328670999998, 41.47244099968502], [-83.32819999981982, 41.472299000217234], [-83.32769799967947, 41.47215600023026], [-83.32696399973555, 41.471963999699916], [-83.32622399994385, 41.47177600012997], [-83.32618799995883, 41.47176700022281], [-83.32406700031791, 41.471246000326445], [-83.3160969997935, 41.46930900012434], [-83.31433299962963, 41.46887700019407], [-83.30932200024378, 41.46766299987527], [-83.30785500018084, 41.46730400025156], [-83.30776700031728, 41.46728200008063], [-83.30760300028577, 41.46724200017904], [-83.30609100001698, 41.46687199975108], [-83.30283800004888, 41.466075999910835], [-83.2996589997006, 41.46530500016788], [-83.29913800019203, 41.46517900022101], [-83.29862799965576, 41.465047000142334], [-83.2982350001937, 41.46493500012999], [-83.29768100017483, 41.46476500011427], [-83.29707699992724, 41.46456600032556], [-83.29664199973405, 41.46441399985562], [-83.29626599999041, 41.46427400029448], [-83.29584300039112, 41.464103999892124], [-83.2954259997413, 41.46392599972967], [-83.29491100008046, 41.46369700000466], [-83.29445300032108, 41.46348200022048], [-83.29395299983057, 41.46323399976568], [-83.29245700035364, 41.46246499993097], [-83.29069300018976, 41.46155799975462], [-83.28980600008495, 41.46109800018973], [-83.28888700019311, 41.46063500024365], [-83.28882500026883, 41.46060399971914], [-83.2851270000618, 41.458706000076674], [-83.28505300044196, 41.45866799975641], [-83.28422200041365, 41.4582399999621], [-83.2841909995532, 41.45822499967746], [-83.28358300000599, 41.457911000057905]]}, "properties": {"BASENAME": "80", "MTFCC": "S1100", "NAME": "I- 80", "OBJECTID": 2877, "OID": "110471686174", "PREDIR": null, "PREDIRABRV": null, "PREQUAL": null, "PREQUALABRV": null, "PRETYP": 344, "PRETYPEABRV": "I-", "RTTYP": "I", "SUFDIR": null, "SUFDIRABRV": null, "SUFQUAL": null, "SUFQUALABRV": null, "SUFTYP": null, "SUFTYPEABRV": null}}, {"type": "Feature", "id": 2912, "geometry": {"type": "LineString", "coordinates": [[-83.8824869998797, 41.59980100021168], [-83.88062499980657, 41.599814999699554], [-83.87861899979337, 41.59981599995072], [-83.87591300017145, 41.599820999862956], [-83.86691699962505, 41.599838000099105], [-83.86374200037308, 41.59984499983936], [-83.85607300014755, 41.599871999886105], [-83.8543879996264, 41.59986699997781], [-83.85183299961722, 41.59987100030753], [-83.850635999891, 41.5998970000935], [-83.84962099973968, 41.59991900021422], [-83.84844599975479, 41.599967000085215], [-83.84698000041509, 41.60005199968516], [-83.84613500014308, 41.60011400022372], [-83.84453599983567, 41.6002310000809], [-83.84301100004639, 41.60033199986743], [-83.84187299987143, 41.60041400027621], [-83.84062099989366, 41.60050200000916], [-83.83929199992298, 41.60059500014615], [-83.83812100013604, 41.60067599998287], [-83.83698799998395, 41.60075699971793], [-83.83492300041952, 41.60090500030646], [-83.83405600040622, 41.60096800025881], [-83.83291099966023, 41.60104900029912], [-83.83189499968401, 41.60111500013236], [-83.82915700027503, 41.60130800010226], [-83.82835800003376, 41.60136299985923], [-83.82685800035887, 41.60146999989941], [-83.82523599958691, 41.601592999983765], [-83.82359799981975, 41.60169900009236], [-83.82240899959118, 41.601784000097936], [-83.82110100043519, 41.601882999702546], [-83.82005600014664, 41.601956999755615], [-83.81858300023592, 41.602061000176946], [-83.81768600008539, 41.60212000015417], [-83.81688799966905, 41.60218200004932], [-83.81599399989155, 41.60223799994673], [-83.81502700031912, 41.602308000086055], [-83.81382700021987, 41.60239700013435], [-83.81301799993288, 41.60244500017737], [-83.81240100016483, 41.60248499985008], [-83.81182500040465, 41.602503999803446], [-83.81120100006558, 41.60249300018468], [-83.81055099978724, 41.60244100000722], [-83.80985299982832, 41.60234099970318], [-83.80958400021481, 41.6022930002545], [-83.80893700030951, 41.60216400021591], [-83.80843900036714, 41.60201599982792], [-83.80796300016608, 41.601880999935936], [-83.80627400034528, 41.601400000194545], [-83.80605099986423, 41.601336999992185], [-83.80376100016889, 41.600666999856756], [-83.80331000008218, 41.60054299978269], [-83.80248599972658, 41.60030300019763], [-83.80078100001226, 41.59980799995599], [-83.79818199962214, 41.599031000192014], [-83.79771499964193, 41.59887800002309], [-83.79631700007425, 41.59851699982032], [-83.7949260001793, 41.598109000016805], [-83.79349799957612, 41.5977089999052], [-83.79234000020797, 41.59737099981649], [-83.79153400029402, 41.597151000334165], [-83.78972499992433, 41.59670699993768], [-83.78840099997652, 41.59640399987909], [-83.78642599992546, 41.59596400029006], [-83.78474999962515, 41.59561200007143], [-83.78331299969945, 41.5953579998359], [-83.78259999967193, 41.595231000015076], [-83.78130000001356, 41.59501099995627], [-83.78010199956412, 41.594825000249884], [-83.77892400010451, 41.59466400022661], [-83.77696499994698, 41.59441499995056], [-83.77542500008911, 41.59423400021537], [-83.77352399965791, 41.594038000237894], [-83.77217499959575, 41.59387700026702], [-83.77108499999966, 41.593760000311605], [-83.76968700043201, 41.59361299980865], [-83.76840699996683, 41.59347100004694], [-83.7644340002985, 41.59303599971265], [-83.76202400005427, 41.59277700030363], [-83.76138200017185, 41.59271900020793], [-83.75809999989141, 41.59235200030558], [-83.75561000017956, 41.5920640001549], [-83.75280800029815, 41.59176999982343], [-83.75085599981334, 41.5915540002349], [-83.74955399960682, 41.59141899995705], [-83.74720100016232, 41.591164000304275], [-83.7465879996939, 41.591092000069764], [-83.74425100014291, 41.590836000078575], [-83.742343000039, 41.59063200007267], [-83.74172600027094, 41.59056999983113], [-83.74108699986327, 41.59051899984792], [-83.7403000002159, 41.59048999979993], [-83.73953000028695, 41.590479000149024], [-83.73852900037934, 41.59055799979918], [-83.7374630001744, 41.59066300017106], [-83.73107699988878, 41.591330999932495], [-83.7293450004103, 41.5915240002722], [-83.72812600004447, 41.59161400011843], [-83.72722200022123, 41.591678000111926], [-83.72551900015675, 41.59176799974349], [-83.72449700033273, 41.59179999967181], [-83.72377300043455, 41.59183799981807], [-83.72225100012002, 41.591859000295926], [-83.72048399958312, 41.591859000295926], [-83.71628499995899, 41.59186400015274], [-83.71332599971875, 41.59186999971168], [-83.70579100028584, 41.59186699993225], [-83.69998999998123, 41.59187800001856], [-83.69803699967149, 41.59187800001856], [-83.69570599996828, 41.59187800001856], [-83.69269900004747, 41.59186200007567], [-83.6918000002471, 41.5918719997885], [-83.69148200022978, 41.59186699993225], [-83.69107200015095, 41.5918719997885], [-83.69073300021724, 41.591877000316174], [-83.6899349998009, 41.59187399986522], [-83.68863400031762, 41.5918719997885], [-83.68773200014422, 41.59188600032439], [-83.68710199995736, 41.591884000248], [-83.6819290001898, 41.59187800001856], [-83.68046899979954, 41.59187800001856], [-83.6768459999356, 41.59189100017912], [-83.67452600010304, 41.59188600032439], [-83.67342899993595, 41.59188600032439], [-83.67076500014682, 41.59188600032439], [-83.66618599968278, 41.591842999676516], [-83.66578700037292, 41.59183799981807], [-83.66570600018206, 41.59184499975413], [-83.66484599984143, 41.59179999967181], [-83.66466500009149, 41.591791000323454], [-83.66429000017274, 41.59176200017507], [-83.66354299981002, 41.5917019997572], [-83.6629340004379, 41.59165000029056], [-83.66245599968867, 41.59160799986384], [-83.66173799963829, 41.59152499998006], [-83.66113699976376, 41.591455999946845], [-83.66014400025205, 41.59133300002602], [-83.65932800029236, 41.59123599978658], [-83.65885299991622, 41.59117299974004], [-83.65788299997074, 41.59107199972907], [-83.65683600003237, 41.590948999748434], [-83.6559580001484, 41.59088600009367], [-83.6554939996429, 41.59087200001271], [-83.65511399970131, 41.590852000275724], [-83.6540290001281, 41.590829000033054], [-83.64560500004224, 41.59060899975162], [-83.64489600021267, 41.590591999771924], [-83.64423800043674, 41.59057499978779], [-83.643603000227, 41.590545999765], [-83.64285300038956, 41.5904999997253], [-83.64214299983676, 41.590448999686735], [-83.64154799981002, 41.59036900017745], [-83.6407450002691, 41.590259000018506], [-83.64062700026835, 41.59023999981935], [-83.63963700023137, 41.590045000210495], [-83.63727999969059, 41.58947299984112], [-83.6321980001596, 41.58817699977602], [-83.63157800001851, 41.5880139997721], [-83.62937000033895, 41.58744999973225], [-83.62832900024836, 41.58718100031757], [-83.6267209997201, 41.58676300024708], [-83.62495800027948, 41.58631099996417], [-83.62432899991754, 41.586145999698324], [-83.62252600029393, 41.5856699999362], [-83.62147299960947, 41.5854009998244], [-83.62017399977601, 41.58507500017012], [-83.61978100031394, 41.58496900030712], [-83.6196740001838, 41.5849439996929], [-83.61854900042765, 41.58465200016034], [-83.61807999989927, 41.58454000003526], [-83.61482600010626, 41.58369400031369], [-83.61334099960166, 41.58331599997203], [-83.61291499962931, 41.583209999909094], [-83.61204799961598, 41.58295800027805], [-83.61125799959558, 41.5826980002359], [-83.61058300010119, 41.58242099970338], [-83.61021400003025, 41.582248999944], [-83.60956999959969, 41.58191200006383], [-83.6085999996542, 41.581345000208735], [-83.60856899969208, 41.58132699993986], [-83.60655799965602, 41.580093999813904]]}, "properties": {"BASENAME": "80", "MTFCC": "S1100", "NAME": "I- 80", "OBJECTID": 2912, "OID": "1104755863799", "PREDIR": null, "PREDIRABRV": null, "PREQUAL": null, "PREQUALABRV": null, "PRETYP": 344, "PRETYPEABRV": "I-", "RTTYP": "I", "SUFDIR": null, "SUFDIRABRV": null, "SUFQUAL": null, "SUFQUALABRV": null, "SUFTYP": null, "SUFTYPEABRV": null}}, {"type": "Feature", "id": 2913, "geometry": {"type": "LineString", "coordinates": [[-83.88248600005481, 41.600013999672385], [-83.87865999980124, 41.60004100032013], [-83.87625200010515, 41.60004399971968], [-83.86679899962428, 41.60006000032139], [-83.8637449998478, 41.60006500021472], [-83.85603799998742, 41.60008799985341], [-83.85535500009713, 41.600084000208916], [-83.85181000005099, 41.60009599981347], [-83.8497489997862, 41.60012899989001], [-83.84763300016816, 41.60023200032567], [-83.84565399991914, 41.60036900012213], [-83.84453300036093, 41.6004459999487], [-83.84345700011025, 41.60052399992364], [-83.84031799994494, 41.60074500023629], [-83.83922900017377, 41.60081900025089], [-83.83773299979852, 41.6009259998496], [-83.83644099963777, 41.60102200007306], [-83.83505999978856, 41.60111500013236], [-83.83354199967201, 41.60121799966608], [-83.8320570000657, 41.60133299975334], [-83.830071000144, 41.601465999668804], [-83.82906799968825, 41.60153499974932], [-83.82714200004101, 41.60167999990191], [-83.82589799956082, 41.60177899966609], [-83.82523300011218, 41.60181899975162], [-83.82400700007366, 41.60189400009705], [-83.82332800038132, 41.60194900002631], [-83.82121900043597, 41.60209699989621], [-83.81831700009715, 41.602296000221116], [-83.8154549999413, 41.602496000141954], [-83.8147090003018, 41.60255100022981], [-83.81360499956371, 41.60262100002957], [-83.81284800005356, 41.60268000016652], [-83.81241200003548, 41.6027060001642], [-83.81181399963567, 41.602725000052494], [-83.81130399999775, 41.60271000031793], [-83.81079400035979, 41.602684000321865], [-83.81025500040954, 41.60263200029832], [-83.80930300000742, 41.602465999891066], [-83.80831299997044, 41.60222300009896], [-83.8074290002387, 41.601968999683635], [-83.80605500006219, 41.60157099976197], [-83.80362200025172, 41.60086500032612], [-83.80327300027227, 41.6007629997938], [-83.80132699963521, 41.600196000237744], [-83.80127899995465, 41.60018099991525], [-83.80013999995475, 41.59985100000002], [-83.79914800026798, 41.59956800032456], [-83.79841500014896, 41.599348000270176], [-83.79778999998499, 41.599167999851026], [-83.7973120001341, 41.59902999992863], [-83.79629299978481, 41.598743999880206], [-83.79505199967768, 41.59837300022371], [-83.7929069997473, 41.5977570000764], [-83.79162100033265, 41.59741000033048], [-83.78955900024297, 41.596877000223394], [-83.78642500010056, 41.59619299986725], [-83.78486699980101, 41.59586599997924], [-83.78315600023892, 41.59555799976119], [-83.78089800033065, 41.595167000185235], [-83.77978400044513, 41.59500100005794], [-83.77792200037199, 41.59475100008041], [-83.77691499971826, 41.59462900005153], [-83.77271699991903, 41.59417000006879], [-83.76846499969314, 41.59370999983537], [-83.76415899993889, 41.593230999692196], [-83.76138299999674, 41.592938000330854], [-83.76089599992503, 41.59287299988415], [-83.75774300041435, 41.5925269997742], [-83.75358300024996, 41.59207500020758], [-83.74941200021493, 41.591621999785175], [-83.74633099977596, 41.591279999878644], [-83.74527499961675, 41.59116299991898], [-83.743032999602, 41.59092600021219], [-83.7414490002615, 41.590750000042725], [-83.74074100025686, 41.59071600015315], [-83.73998300002349, 41.59070499986889], [-83.73916799988872, 41.59072800015573], [-83.73866400009857, 41.590762000038985], [-83.73746399999932, 41.59090900031602], [-83.7366670003062, 41.59096400020109], [-83.7319360004045, 41.59147499978804], [-83.73079300020665, 41.59158900006179], [-83.72968500016891, 41.59169899997001], [-83.72829599992377, 41.591826999725], [-83.72624700025288, 41.59195999974737], [-83.72508200031373, 41.5920130000083], [-83.72386299994791, 41.592055000171506], [-83.72276099975797, 41.592071000066504], [-83.72048899960599, 41.592082000118], [-83.71587999990302, 41.59207700027806], [-83.71332900009179, 41.59208800032852], [-83.70998400006218, 41.59208499988738], [-83.70632299966508, 41.59208999972674], [-83.70251200037845, 41.59208999972674], [-83.6972009996203, 41.59209500023753], [-83.69148100040486, 41.592100000076066], [-83.69107200015095, 41.59209500023753], [-83.68974700037825, 41.59210299984461], [-83.68868500037127, 41.5920919997967], [-83.68746799965527, 41.592098999705264], [-83.68681800027524, 41.592100000076066], [-83.68196799964953, 41.592111000122614], [-83.68078099996907, 41.59210999975198], [-83.67452299972999, 41.59210400021535], [-83.67297600019941, 41.5920980000063], [-83.67170900015302, 41.5920980000063], [-83.67076500014682, 41.5920980000063], [-83.6672589995604, 41.59211399989065], [-83.66661000000528, 41.592082000118], [-83.66626799969852, 41.592071000066504], [-83.66564900028065, 41.59205000032942], [-83.66540200040845, 41.59204200004392], [-83.6648430003667, 41.592010999935844], [-83.6646669997413, 41.59200199994505], [-83.66451000028076, 41.59199299995301], [-83.6639289995994, 41.59195299982379], [-83.66327099982347, 41.591902000261285], [-83.66270099991108, 41.59184400005123], [-83.66202899989142, 41.59178200030193], [-83.6613710001155, 41.59170399983923], [-83.66079899965494, 41.5916379997875], [-83.65984299995318, 41.591518000009245], [-83.65892400006133, 41.59140099980909], [-83.65780000013007, 41.59126399978758], [-83.65706199998816, 41.591191999664595], [-83.65640400021223, 41.59114300027214], [-83.65574800008612, 41.59109499988515], [-83.65511100022657, 41.59108000013484], [-83.6540569997172, 41.59104099982708], [-83.65188300037282, 41.59099200032002], [-83.64839199985504, 41.590912000139916], [-83.64560699969206, 41.590826000205304], [-83.64456300012675, 41.590809000282796], [-83.64380200041863, 41.590779999693254], [-83.64324199965367, 41.590740000156075], [-83.64284099979567, 41.59072300021092], [-83.6416109995592, 41.59060800002958], [-83.64096899967679, 41.5905359998468], [-83.64058600026046, 41.59046499997985], [-83.63979600024004, 41.59031899976198], [-83.63828599962108, 41.589993000080966], [-83.6369009995739, 41.58961000030421], [-83.63336999977143, 41.5887170001094], [-83.63195100028742, 41.58835900012671], [-83.63132299975037, 41.58820000029164], [-83.6299879999319, 41.58783300022944], [-83.62847099964026, 41.58745499993055], [-83.62593599972257, 41.58678599992269], [-83.62399500000669, 41.5862949999854], [-83.62297800020556, 41.586024999996894], [-83.62125500004959, 41.585583999737615], [-83.61983999986518, 41.58521299969294], [-83.61947599981711, 41.58511700014375], [-83.61846999988661, 41.584863000270154], [-83.61796799974627, 41.584736999771614], [-83.61780899973762, 41.584696999849925], [-83.61692300035605, 41.584474000050555], [-83.61549200027812, 41.58409099978507], [-83.61333800012692, 41.58354199990546], [-83.6123360003944, 41.58328099969155], [-83.61178400002535, 41.583110000045224], [-83.61106000012717, 41.58286900030138], [-83.61032799983306, 41.58257499975557], [-83.60955500042938, 41.58217400028831], [-83.6093589997125, 41.582060000187916], [-83.6090209996037, 41.5818629996756], [-83.60886900016604, 41.58177400020554], [-83.60837200004858, 41.581509999976234], [-83.60640799986818, 41.58026599993759]]}, "properties": {"BASENAME": "80", "MTFCC": "S1100", "NAME": "I- 80", "OBJECTID": 2913, "OID": "1104755863800", "PREDIR": null, "PREDIRABRV": null, "PREQUAL": null, "PREQUALABRV": null, "PRETYP": 344, "PRETYPEABRV": "I-", "RTTYP": "I", "SUFDIR": null, "SUFDIRABRV": null, "SUFQUAL": null, "SUFQUALABRV": null, "SUFTYP": null, "SUFTYPEABRV": null}}, {"type": "Feature", "id": 2914, "geometry": {"type": "LineString", "coordinates": [[-84.38119999977204, 41.601919999739714], [-84.38024300024537, 41.60165599993619], [-84.37893299964294, 41.601288999796736], [-84.37736199982294, 41.60085300019284], [-84.37600400043824, 41.60050300024973], [-84.37531200032711, 41.60026799972175], [-84.37458400023098, 41.60001100027145], [-84.37383100002049, 41.59973700021116], [-84.373073999612, 41.5994490000951], [-84.37233200017049, 41.599157000335346], [-84.37198599966577, 41.59902600021857], [-84.37154600034803, 41.59884499997863], [-84.3711350004443, 41.598682000040775], [-84.37083699962015, 41.59855699991251], [-84.37063499995378, 41.598471999687014], [-84.370116000095, 41.59826199999346], [-84.36973799980325, 41.59810500024965], [-84.36683999966237, 41.59687999976994], [-84.36528399991097, 41.596214000271864], [-84.36449999973834, 41.595880000320655], [-84.36297300029926, 41.59524000022748], [-84.3607580000487, 41.594308000305794], [-84.36002300027985, 41.593996999690894], [-84.3592879996127, 41.59368400024419], [-84.35854299979812, 41.59336899992124], [-84.35780399983135, 41.59306000019672], [-84.35707300026046, 41.59274500018775], [-84.35669499996868, 41.59258099993294], [-84.3562740000192, 41.592412999813384], [-84.35597299972031, 41.592282999812696], [-84.35556500018964, 41.59211599995991], [-84.35499100007927, 41.5918719997885], [-84.35384899970636, 41.59137700005191], [-84.353274999596, 41.591139000073305], [-84.3526980000109, 41.59090099988905], [-84.35236300027516, 41.59076600026118], [-84.35212399990056, 41.59066199977805], [-84.35167899966163, 41.59047499990905], [-84.3511430000844, 41.59024600020109], [-84.35060900015704, 41.590015999949614], [-84.35035899991179, 41.589910999869076], [-84.34996800009952, 41.589743000191284], [-84.34889900041985, 41.589293000100064], [-84.34867900031183, 41.58920199996163], [-84.34738700015109, 41.588652000115516], [-84.34693699988927, 41.58846699998151], [-84.3465159999398, 41.58831099968534], [-84.34608999996745, 41.58816299977947], [-84.34556100006293, 41.5880150002062], [-84.34500899969389, 41.58787699995338], [-84.3446859996537, 41.58780899981768], [-84.34439299975074, 41.58775399993223], [-84.34405499964194, 41.58770199997299], [-84.3436589998068, 41.587650999739665], [-84.34330399997957, 41.58761299981633], [-84.34283899964916, 41.58758399980676], [-84.34242899957034, 41.587571999891615], [-84.3420879999868, 41.587563999723045], [-84.34166899968714, 41.58756800014339], [-84.34139400022585, 41.58757499987062], [-84.34106399961465, 41.58759499995093], [-84.34063099996962, 41.58763299988487], [-84.33991399974411, 41.587733999901175], [-84.3395039996653, 41.587802999881326], [-84.33909699995952, 41.58788700028346], [-84.33869799975135, 41.5879750002996], [-84.33818200026562, 41.588083000124875], [-84.33746500004014, 41.588276000096855], [-84.3365970002019, 41.58848199966712], [-84.33571199974693, 41.58868299982103], [-84.33480500044897, 41.58888300027225], [-84.33392699966667, 41.58908300010386], [-84.33309900001143, 41.58927899967369], [-84.33224000039402, 41.58947799988274], [-84.33134700044145, 41.58969000008219], [-84.33044199989497, 41.58989799998159], [-84.32953100039904, 41.59011099987529], [-84.32861599980683, 41.59032300001164], [-84.32770299976276, 41.59053000016388], [-84.32720099962245, 41.59064299969751], [-84.32656700013594, 41.59079500018514], [-84.32629699979921, 41.590845999950346], [-84.32568099985605, 41.59096900012724], [-84.32482899991135, 41.59112700014713], [-84.32411800043197, 41.591247999692506], [-84.32369300028452, 41.59131800033096], [-84.3231219996489, 41.591404999991695], [-84.32243200008591, 41.591497000092325], [-84.32156199969954, 41.591607000157325], [-84.32097699971854, 41.59167199986329], [-84.32035400010268, 41.59173500009468], [-84.32011599955301, 41.591755000229966], [-84.3197850000152, 41.59178200030193], [-84.31948700008938, 41.59180399982968], [-84.31923900039227, 41.591821000162014], [-84.31891999965173, 41.59184499975413], [-84.31873999972665, 41.59185599984413], [-84.31832499962496, 41.591884000248], [-84.31790200002567, 41.59190799981669], [-84.31660300019222, 41.59195600027102], [-84.31591399955582, 41.59196599996924], [-84.3151660002665, 41.591974000264216], [-84.31443200032258, 41.591970000116824], [-84.31317399959869, 41.59194100004891], [-84.31245100042375, 41.5919140000434], [-84.31105100030796, 41.59183299995919], [-84.31038900033406, 41.59179299973082], [-84.30959000009281, 41.59174400012275], [-84.30872300007948, 41.59169499980559], [-84.30786000026413, 41.59163900016544], [-84.30706799969558, 41.59159399993951], [-84.30568400037161, 41.591511000037684], [-84.30481300016035, 41.591460000126034], [-84.30417100027793, 41.59142100004785], [-84.30345900007532, 41.5913759996699], [-84.30259000041218, 41.59132899983891], [-84.30172599987361, 41.59127700007179], [-84.30100500034847, 41.591228999784484], [-84.30012999993922, 41.5911810001333], [-84.2992410001846, 41.591125000047214], [-84.29778400016741, 41.5910440003167], [-84.29692399982679, 41.59100299988351], [-84.2960450001179, 41.59093699978693], [-84.29517499973154, 41.59088800020093], [-84.29428599997692, 41.59083100014213], [-84.29166200037076, 41.5906870001937], [-84.29079399963422, 41.59065699982808], [-84.28991099972738, 41.590634000187805], [-84.28902000032294, 41.59062400028324], [-84.28813800024099, 41.59062400028324], [-84.28780900035302, 41.59062500000503], [-84.28723199986963, 41.59062700012038], [-84.28632899987129, 41.59063200007267], [-84.28567199992025, 41.59062799984212], [-84.28480599973186, 41.59063600030292], [-84.28392399964994, 41.59063600030292], [-84.2827310001217, 41.59063999986106], [-84.28213699991986, 41.590639000139504], [-84.28124399996727, 41.590646999927074], [-84.27944800001636, 41.59065800022122], [-84.27855500006379, 41.59066100005683], [-84.27766799995896, 41.590666000006436], [-84.27588500042685, 41.59067399979066], [-84.27498599972819, 41.59067700029734], [-84.27409000030087, 41.590678000018315], [-84.2732049998459, 41.59068200024572], [-84.27232100011413, 41.590687999914515], [-84.27143300018442, 41.59068900030717], [-84.27054000023185, 41.590687999914515], [-84.26964300008129, 41.590697000088554], [-84.26841600021787, 41.59070699998181], [-84.26785100032833, 41.590704000148335], [-84.26694400013206, 41.59070699998181], [-84.26637400021966, 41.59070799970231], [-84.26609399983718, 41.590714999760955], [-84.2657580002765, 41.59071199992785], [-84.26545600015272, 41.59071199992785], [-84.26527200002971, 41.590714000040556], [-84.26456599967487, 41.590714999760955], [-84.26412899983187, 41.59071899998606], [-84.26397099964812, 41.590718000265724], [-84.26382300040842, 41.59072100009855], [-84.26342400020025, 41.59071999970637], [-84.26219200031397, 41.59072899987591], [-84.26204599982577, 41.59072600004351], [-84.26159700028721, 41.59073199970822], [-84.26099600041267, 41.5907350002122], [-84.26024999987487, 41.5907350002122], [-84.25966300024405, 41.590738000044226], [-84.25892199972911, 41.590740000156075], [-84.25848999990897, 41.590742000267916], [-84.25716799961099, 41.59074799993113], [-84.25698799968593, 41.590745000099616], [-84.2559499999684, 41.590752000154204], [-84.25299400010121, 41.590769000091775], [-84.2515150003427, 41.59077199992217], [-84.24987099982944, 41.59077800025447], [-84.24914799975618, 41.59078300019501], [-84.24854799970656, 41.59078300019501], [-84.24765899995192, 41.590785000305516], [-84.24675500012869, 41.59079000024552], [-84.24527200017222, 41.590793000074996], [-84.24366000034432, 41.590802999953375], [-84.24214600042572, 41.5908059997822], [-84.24037899988882, 41.59081799976805], [-84.23874500031962, 41.59082199998684], [-84.23681200010137, 41.59082999975167], [-84.23353599966873, 41.59084100001463], [-84.23147699995208, 41.59085299999398], [-84.22978999978112, 41.59087100029475], [-84.22967400032847, 41.590857999928765], [-84.2281820001512, 41.590864999971096], [-84.22655699990449, 41.590869000186956], [-84.22433400015633, 41.59087200001271], [-84.22226299984581, 41.59088300026851], [-84.22209200014157, 41.59088600009367], [-84.22150100031278, 41.59088499970405], [-84.21972600027827, 41.59089100002585], [-84.21838800008676, 41.59090000017154], [-84.2172490000869, 41.59090500010269], [-84.21588499995612, 41.59090599982012], [-84.21417699986876, 41.59090900031602], [-84.21274300031608, 41.590914999963715], [-84.21184600016555, 41.59091999989366], [-84.20915899991186, 41.5909339999642], [-84.20873399976443, 41.59093100014128], [-84.20842400014304, 41.59092999975236], [-84.20694000036166, 41.59093800017574], [-84.20531400029006, 41.59094099999833], [-84.20337799969876, 41.590948999748434], [-84.20099699976684, 41.590952999959086], [-84.19876800017089, 41.59096299981269], [-84.19410400021634, 41.590972999664736], [-84.19348599972506, 41.59097699987386], [-84.19287800017781, 41.59098500029141], [-84.1920949998301, 41.590981000082785], [-84.1901659998098, 41.590990999932046], [-84.18882500014355, 41.59099200032002], [-84.18750100019574, 41.590995000140055], [-84.1863089995941, 41.5909959998561], [-84.1822880002452, 41.59101100029784], [-84.18157400039277, 41.59100900019433], [-84.17617399994616, 41.591031999701], [-84.17541400006296, 41.59103800000912], [-84.17475000043925, 41.591049999951856], [-84.17424599975077, 41.59106399999421], [-84.17345699955526, 41.591094000170685], [-84.17276799981717, 41.591124000333174], [-84.17155000017459, 41.591195000147195], [-84.17107800017148, 41.59122399987844], [-84.17070499990258, 41.591247999692506], [-84.17035900029616, 41.59127400026486], [-84.16997000013373, 41.591307000149285], [-84.16946600034358, 41.591351000192944], [-84.16841000018437, 41.59144899996855], [-84.16761500014108, 41.59153499974504], [-84.166926000403, 41.591611000327156], [-84.1662500001854, 41.59167699973464], [-84.16591100025168, 41.59172100019791], [-84.16514700017055, 41.59181700000519], [-84.16412799982125, 41.59192700019676], [-84.16268800042081, 41.592086999957544], [-84.16136600012283, 41.592240999797845], [-84.15912999995585, 41.59248999972649], [-84.15788600037399, 41.592626999833456], [-84.15687000039777, 41.59274300013802], [-84.15613100043097, 41.59282900020607], [-84.15499099970786, 41.59295800009336], [-84.15413100026555, 41.59305400007654], [-84.15374499957787, 41.593101999678645], [-84.15254000035405, 41.593230999692196], [-84.15168099983835, 41.5933269999412], [-84.15117899969802, 41.593385999841416], [-84.15050699967837, 41.5934620002597], [-84.15004800009406, 41.593510999907345], [-84.14976199986378, 41.59354399999186], [-84.14899100010994, 41.59363700007818], [-84.14891900013993, 41.59364399981921], [-84.14838600003745, 41.593701999755545], [-84.14793999997362, 41.593754000256496], [-84.14751400000127, 41.59380200000995], [-84.14722199992322, 41.59383400027361], [-84.14712400001393, 41.59384500002468], [-84.14685000037754, 41.59386999987944], [-84.14654800025374, 41.59390099976651], [-84.14626000037366, 41.59392000023178], [-84.14600199973249, 41.59393400032347], [-84.1456639996237, 41.593947000070024], [-84.14511399980277, 41.59395599978963], [-84.14480300035646, 41.59395799980182], [-84.14446299969953, 41.593947000070024], [-84.14405900036681, 41.59392800028453], [-84.14369600014365, 41.593906000137004], [-84.14341400011132, 41.593881999967536], [-84.14306400030698, 41.593847000040256], [-84.14250400044031, 41.59379700030319], [-84.14215399973764, 41.59376500002118], [-84.14200899997269, 41.59375200023803], [-84.14132799973218, 41.593678999856515], [-84.14089599991206, 41.59363700007818], [-84.13988300030888, 41.5935330001895], [-84.13894699980028, 41.593444000009576], [-84.13784499961031, 41.59332600026126], [-84.13709399994796, 41.593257000137626], [-84.13635599980607, 41.59320299987262], [-84.13620799966807, 41.59317200032214], [-84.13431899983074, 41.59298399997696], [-84.11489999975633, 41.59104500003198], [-84.11183199973614, 41.590714000040556], [-84.11128199991522, 41.59074399970782], [-84.11049699991767, 41.59068500008021], [-84.10896600028065, 41.59065600010683], [-84.10731699974451, 41.59059699972693], [-84.10053799999682, 41.590769999811265], [-84.07624800027861, 41.59124699998036], [-84.06454500028538, 41.59148100005499], [-84.0633569998817, 41.59150199997718], [-84.06275400035736, 41.591508999949724], [-84.06212199962236, 41.59151500021346], [-84.06145399980066, 41.59153400003735], [-84.06078799962881, 41.59154700026724], [-84.05939500008402, 41.59157099996123], [-84.05869899977492, 41.59159100014727], [-84.05845699992561, 41.59159600002484], [-84.05817400006839, 41.59160399969382], [-84.05756700034607, 41.591611000327156], [-84.0569720003193, 41.5916250002478], [-84.05680800028779, 41.59162800003847], [-84.0558380003423, 41.59164899991278], [-84.05453600013581, 41.59167100015771], [-84.05308900016436, 41.59169499980559], [-84.05159399961401, 41.59173000022788], [-84.0515090001235, 41.59172899985139], [-84.0507349999966, 41.59174400012275], [-84.0492980000709, 41.59177600006296], [-84.04839900027055, 41.59178900024411], [-84.0480100001081, 41.59179600018554], [-84.04750399976982, 41.59180899969081], [-84.04439200026701, 41.59186699993225], [-84.04335899967404, 41.59188999980513], [-84.04237399965994, 41.59190000018544], [-84.04178500037929, 41.591914999745214], [-84.04139100019401, 41.59192399974818], [-84.0404759996018, 41.591947000272505], [-84.03964799994652, 41.591961000120314], [-84.03883000033701, 41.591970999817775], [-84.03805299983708, 41.591990000179294], [-84.0375609997425, 41.59200499971816], [-84.03676099967632, 41.59201399970858], [-84.03635200032072, 41.5920179998532], [-84.03438999979015, 41.59205700024254], [-84.03380700035727, 41.592069999695255], [-84.03321599963017, 41.59208000004768], [-84.03270500016733, 41.59209399986665], [-84.03203599962241, 41.592100999775], [-84.03139499956491, 41.59212499993481], [-84.03090900021641, 41.59214999978392], [-84.03039899968016, 41.59219199985799], [-84.0296689999342, 41.592271000099174], [-84.02923200009118, 41.59233000029275], [-84.02838599999427, 41.59246999981899], [-84.02766000044626, 41.592615000183876], [-84.02699299955118, 41.59276599969873], [-84.0262619999803, 41.592964999908006], [-84.02585600009944, 41.59308300031632], [-84.02546299973905, 41.593211999696], [-84.02505500020837, 41.593347000255015], [-84.02478700041976, 41.59344100030335], [-84.02449100014375, 41.59355499979233], [-84.024044000255, 41.593723000298816], [-84.02360300021404, 41.59390299978041], [-84.02333600025035, 41.59400899975534], [-84.02299999979137, 41.59414699966473], [-84.02259300008558, 41.59430699996922], [-84.02191500021816, 41.594577000255505], [-84.02083399994461, 41.59501200028195], [-84.02046499987367, 41.59515799996265], [-84.01991000002987, 41.595378999840335], [-84.0193769999274, 41.595602999910895], [-84.0193400001175, 41.595614999676805], [-84.01924700023106, 41.59564600006945], [-84.0186170000442, 41.595893999987275], [-84.01798699985737, 41.59614800012889], [-84.01737199973913, 41.59640000000628], [-84.01700100001837, 41.59654700020817], [-84.01617199963988, 41.59687200008307], [-84.01560500010054, 41.59709699996796], [-84.01461500006357, 41.597491999749586], [-84.01425199984041, 41.59764100004947], [-84.01391999957939, 41.597767000219484], [-84.01360599976003, 41.59788100012938], [-84.01312700008424, 41.59803599986059], [-84.01282199958739, 41.59811700022214], [-84.01234899975937, 41.59824699989328], [-84.01199599958196, 41.59832400023638], [-84.01176100030364, 41.59836199990079], [-84.01146500002763, 41.59841500027919], [-84.0110480002761, 41.59847799997529], [-84.01064499986997, 41.598528000116865], [-84.01042099956399, 41.59854600029269], [-84.01011799961528, 41.598571999940695], [-84.00985900004753, 41.598585000096634], [-84.00943899992295, 41.59860099971657], [-84.00923399988355, 41.59860300025656], [-84.00898799983625, 41.59860199998654], [-84.0087030003292, 41.59859699997991], [-84.00840100020541, 41.598585999695125], [-84.00796000016445, 41.59856800020224], [-84.00769200037585, 41.598558999782135], [-84.00718100001467, 41.5985319998578], [-84.00629399990989, 41.598498000036564], [-84.00397400007733, 41.59839300031753], [-84.00341900023354, 41.59836399977641], [-84.00146300044905, 41.59828099984669], [-84.0004249998332, 41.59822900030581], [-83.99968500004151, 41.598197000205786], [-83.99941600042798, 41.59818399997168], [-83.99863300008026, 41.59815100024409], [-83.99827300023016, 41.598134000235376], [-83.99792000005273, 41.598120999988595], [-83.99705899988719, 41.59808699995084], [-83.99573999996227, 41.59802199998685], [-83.99427500044744, 41.597956999957454], [-83.99332899989312, 41.59791299971433], [-83.99234100040428, 41.597869999722555], [-83.99164699974503, 41.597845000073555], [-83.99070500028695, 41.59781599995797], [-83.98931600004182, 41.5977889997228], [-83.98924900009467, 41.597788000111954], [-83.98888199967355, 41.59779000000541], [-83.98815000027777, 41.5977889997228], [-83.98699799985908, 41.59781599995797], [-83.98651900018329, 41.597826000091914], [-83.98590200041524, 41.597846999965185], [-83.9847600000423, 41.59789300014356], [-83.98404799983969, 41.59792700028352], [-83.98324100010082, 41.597972999733024], [-83.98275400002912, 41.59799499983791], [-83.98205100004733, 41.59803299969599], [-83.9812970000119, 41.59806299999243], [-83.98047799967917, 41.598112999783694], [-83.9787610002693, 41.59819599992947], [-83.97840700026697, 41.59821100004156], [-83.97783099960847, 41.59824500001399], [-83.97642499964492, 41.59832100008516], [-83.9734889998692, 41.59846400019743], [-83.97093800005797, 41.59859300024296], [-83.970024000189, 41.59863800029194], [-83.9698069995557, 41.59864700002925], [-83.96746400015694, 41.598770999715796], [-83.96128899975852, 41.599084000021044], [-83.96013100039038, 41.5991360002166], [-83.95933299997405, 41.59918099988691], [-83.95751000025894, 41.599273000324494], [-83.95598700011952, 41.5993450001665], [-83.95462299998873, 41.599421000285844], [-83.9535569997838, 41.599478000148665], [-83.95234499998897, 41.59953499996114], [-83.95166999959629, 41.59956800032456], [-83.95157099986208, 41.599573000255965], [-83.94993300009493, 41.59965799970312], [-83.94829399960453, 41.599748999880234], [-83.94725500006207, 41.59979500004641], [-83.94603300022153, 41.599838000099105], [-83.94587800041084, 41.59984499983936], [-83.94496899966641, 41.599858999989415], [-83.94374900037398, 41.59987399971497], [-83.94179500023934, 41.59988100012309], [-83.94070999976782, 41.599876999794], [-83.9398350002569, 41.59988199970151], [-83.92803500017929, 41.59990800015477], [-83.92114199973047, 41.59992700019518], [-83.91323900005152, 41.599946000230005], [-83.90690299999461, 41.59996099993534], [-83.90576399999475, 41.599967000085215], [-83.90507299970852, 41.59997500006023], [-83.90432000039634, 41.599973000234485], [-83.90341599967479, 41.59997800013456], [-83.90295799991539, 41.59998400028286], [-83.902564999555, 41.599979999960155], [-83.90072199974841, 41.59998100020881], [-83.9000299996373, 41.59999299983246], [-83.89915299957823, 41.59998900018209], [-83.89665700001858, 41.599987999933546], [-83.89394600037379, 41.59999100000728], [-83.89265099983999, 41.5999950003293], [-83.89145800031174, 41.599995999905964], [-83.8896659996605, 41.60000200005258], [-83.88847899998002, 41.6000089997751], [-83.88753599979873, 41.6000069999504], [-83.88712999991786, 41.6000069999504], [-83.88428299983063, 41.600013999672385], [-83.88352299994743, 41.600013999672385], [-83.88326100000661, 41.60001300009601], [-83.88293600031659, 41.600011999847844], [-83.88248600005481, 41.600013999672385]]}, "properties": {"BASENAME": "80", "MTFCC": "S1100", "NAME": "I- 80", "OBJECTID": 2914, "OID": "1104755863798", "PREDIR": null, "PREDIRABRV": null, "PREQUAL": null, "PREQUALABRV": null, "PRETYP": 344, "PRETYPEABRV": "I-", "RTTYP": "I", "SUFDIR": null, "SUFDIRABRV": null, "SUFQUAL": null, "SUFQUALABRV": null, "SUFTYP": null, "SUFTYPEABRV": null}}, {"type": "Feature", "id": 3013, "geometry": {"type": "LineString", "coordinates": [[-83.67963600012142, 41.55590899968887], [-83.68184799999895, 41.5551330002482], [-83.68229300023788, 41.554973999949944], [-83.682873000196, 41.554765999827545], [-83.68345999982682, 41.55456000026826], [-83.68445800025971, 41.55412499998174], [-83.68498899981405, 41.55386099968316], [-83.685429999855, 41.5536420001374], [-83.68550100000013, 41.5536060002884], [-83.68552500028957, 41.553594000110216], [-83.68554600020596, 41.55358399984798], [-83.68567300042758, 41.55352100004254], [-83.68599100044489, 41.5533619998124], [-83.68601599966094, 41.553350000261126], [-83.68608299960809, 41.55331699980311], [-83.68612500033919, 41.553296000236195], [-83.68623099974609, 41.553240000237345], [-83.68670100009938, 41.552991000219315], [-83.68761400014343, 41.55243699997251], [-83.6909840002874, 41.550008000219215], [-83.69641399997293, 41.546024000284866], [-83.69782499995938, 41.54498799995661], [-83.6982989996123, 41.54463999993257], [-83.69956999985666, 41.543707999901585], [-83.69978199956877, 41.543551999746846], [-83.70042599999931, 41.54310199988121], [-83.70157000002207, 41.542235000248795], [-83.70191599962847, 41.541945000226384], [-83.7021850001403, 41.54172900007405], [-83.70273699961103, 41.54126800033346], [-83.70296699976481, 41.541062000120604], [-83.70345600038466, 41.54065299988453], [-83.70362299989092, 41.540515999795915], [-83.70408499984829, 41.540146000275506], [-83.70514699985527, 41.53933199979603], [-83.70696999957038, 41.53798600033173], [-83.70740999978642, 41.53767299973789], [-83.70840800021931, 41.536941999937675], [-83.70884900026026, 41.536619000146295], [-83.70934600037772, 41.53624500028375], [-83.70999800030589, 41.53574100010819], [-83.7118439995872, 41.5344230003111], [-83.71289999974641, 41.533430000280724], [-83.71352300026055, 41.53254700025018], [-83.71423799993791, 41.53114399985217], [-83.7148289997667, 41.530077000297766], [-83.71530499996776, 41.52933700007684]]}, "properties": {"BASENAME": "Toledo Napoleon", "MTFCC": "S1100", "NAME": "Toledo Napoleon Rd", "OBJECTID": 3013, "OID": "1108296491252", "PREDIR": null, "PREDIRABRV": null, "PREQUAL": null, "PREQUALABRV": null, "PRETYP": null, "PRETYPEABRV": null, "RTTYP": "M", "SUFDIR": null, "SUFDIRABRV": null, "SUFQUAL": null, "SUFQUALABRV": null, "SUFTYP": 531, "SUFTYPEABRV": "Rd"}}, {"type": "Feature", "id": 3014, "geometry": {"type": "LineString", "coordinates": [[-83.71090799997691, 41.53547899985567], [-83.7102519998508, 41.53594799968291], [-83.70970299985478, 41.53632000013828], [-83.70928500027837, 41.53662500013007], [-83.70887100000158, 41.53692800026748], [-83.70624900004523, 41.53884299992457], [-83.70499799989236, 41.53976799994594], [-83.70408200037355, 41.54045799983293], [-83.70363799995954, 41.540799999907144], [-83.70282500037291, 41.54144899992336], [-83.7019380002681, 41.542131000283675], [-83.70057099976427, 41.54314599982096], [-83.70017699957899, 41.5434169999815], [-83.70011300000488, 41.54346299993819], [-83.69976400002541, 41.54371399990005], [-83.69907699993716, 41.54422099977371], [-83.69838999984889, 41.544727999706005], [-83.69794700015812, 41.54505499970175], [-83.69653500034677, 41.546097000078476], [-83.69480200014505, 41.54737600018311], [-83.69222500039454, 41.54926300032795], [-83.69002799968732, 41.5508729998256], [-83.68920500005493, 41.55147599997834], [-83.68785500016787, 41.55243399970585], [-83.68761499996835, 41.552586000044556], [-83.68716399988165, 41.55287200019057], [-83.68674100028235, 41.55310600016323], [-83.68631199993695, 41.55334199988681], [-83.68617600039282, 41.553415999782196], [-83.68611500029346, 41.553449999814745], [-83.68606099986678, 41.5534799999868], [-83.68603900012546, 41.553492000186154], [-83.68572699995593, 41.553663999885885], [-83.68560599958211, 41.55372999975855], [-83.6855770001681, 41.55374599973794], [-83.6854840002817, 41.553796999855784], [-83.68521999979272, 41.5539419996679], [-83.68479100034564, 41.55412899978444], [-83.68403200028737, 41.554459999742946], [-83.68317199994675, 41.55478200022269], [-83.68229400006277, 41.55509399974194], [-83.68156099994376, 41.5553539999835], [-83.6807829996189, 41.555611999996], [-83.67979599995499, 41.55597399969992]]}, "properties": {"BASENAME": "Toledo Napoleon", "MTFCC": "S1100", "NAME": "Toledo Napoleon Rd", "OBJECTID": 3014, "OID": "1108296491242", "PREDIR": null, "PREDIRABRV": null, "PREQUAL": null, "PREQUALABRV": null, "PRETYP": null, "PRETYPEABRV": null, "RTTYP": "M", "SUFDIR": null, "SUFDIRABRV": null, "SUFQUAL": null, "SUFQUALABRV": null, "SUFTYP": 531, "SUFTYPEABRV": "Rd"}}, {"type": "Feature", "id": 3122, "geometry": {"type": "LineString", "coordinates": [[-83.60640799986818, 41.58026599993759], [-83.60485700013965, 41.57931799984243], [-83.60442000029666, 41.57905099994935], [-83.60348100031331, 41.57849099987745], [-83.60309399980072, 41.578277000038774], [-83.60274700036939, 41.57809899982743], [-83.6023890001691, 41.57793200024395], [-83.60186600011238, 41.577710999773196], [-83.60137300019286, 41.57751899972938], [-83.60053499959355, 41.57720599968727], [-83.59815399966163, 41.576314999854525], [-83.59649900017604, 41.575695999694794], [-83.59430800021492, 41.574865999821746], [-83.59314199955254, 41.57440399986253], [-83.59239599991307, 41.57409500009222], [-83.59214499984289, 41.57399100030898], [-83.59160000004485, 41.57375899998237], [-83.58618899972758, 41.57145000015223], [-83.58498000030582, 41.57093599993478], [-83.58147899974229, 41.56944700024919], [-83.5812820000988, 41.569363000053954], [-83.58098699964769, 41.56923700022846], [-83.58097400012723, 41.56923500012262], [-83.58093499976916, 41.569214999732374], [-83.58088200006573, 41.56919299990083], [-83.58080099987485, 41.5691580000312], [-83.5806219997747, 41.56908099984801], [-83.5805220002156, 41.56903199980588], [-83.58042000010835, 41.56898499984024], [-83.57996599964859, 41.56878799976961], [-83.57991700014311, 41.56877000003344], [-83.5795360003766, 41.568602999852324], [-83.5770509997893, 41.567572000194126], [-83.57680499974201, 41.567470000151026], [-83.57672100007642, 41.56743399993919], [-83.57591900036041, 41.56709299970115], [-83.57506099966963, 41.56670999985997], [-83.57497199998116, 41.566670000198336], [-83.57448400008454, 41.56644300027188], [-83.57398600014216, 41.56619500013934], [-83.5730589998544, 41.565698000271354], [-83.57214400016049, 41.56519000001481], [-83.57175199962502, 41.564965999950644], [-83.57156000000441, 41.564857000325624], [-83.57142899958484, 41.56479099971723], [-83.57130499973628, 41.56471200013253], [-83.57018199962992, 41.56407700025169], [-83.56926600011111, 41.56356900002116], [-83.56779200037549, 41.562720000037054], [-83.56742800032742, 41.56251499977269], [-83.56606599984646, 41.56175400017866], [-83.56481300004377, 41.56104599982495], [-83.56438899972123, 41.56080700012179], [-83.56408800032068, 41.56063700030964], [-83.55744000009426, 41.55688199989696], [-83.5556700000826, 41.555883999925776], [-83.55351199973344, 41.55466699989938], [-83.55282800001824, 41.554300999805854], [-83.55208599967838, 41.55392000001404], [-83.5513330003662, 41.55354999988592], [-83.55057000010997, 41.55319199991164], [-83.5498470000367, 41.552870999884334], [-83.54895800028206, 41.55249600025868], [-83.54811200018516, 41.55215699980586], [-83.54666699986352, 41.55160800009082], [-83.54500599963183, 41.55098400017911], [-83.53800099992834, 41.548336000243154], [-83.53719099981642, 41.5480270001744], [-83.52904799993796, 41.544960999818905], [-83.52857099991198, 41.544777000024524], [-83.52465500014507, 41.54330000004655], [-83.52219600039534, 41.542372000057476], [-83.52149199969033, 41.542121000265276], [-83.52088999999089, 41.541916999687054], [-83.52028200044366, 41.541725000176505], [-83.51949999992084, 41.54149499993529], [-83.51882399970324, 41.54130999987854], [-83.51802799983503, 41.54110900022366], [-83.51728300002044, 41.540937000066506], [-83.51641699983205, 41.54075499989456], [-83.51554399997094, 41.54059100007669], [-83.51478200043792, 41.54046599978456], [-83.51395800008233, 41.5403480000616], [-83.51253899969996, 41.540170000243165], [-83.51132799973007, 41.5400260003035], [-83.51063099959606, 41.53994399985839], [-83.50904600043064, 41.539758000234514], [-83.50307000022389, 41.53904200020291], [-83.49868999995145, 41.53852100006929], [-83.49780600021971, 41.53840400001714], [-83.49668999978604, 41.53823600017551], [-83.49569599955112, 41.53807000029559], [-83.49476599978863, 41.53789599972108], [-83.4938429996988, 41.537703999703155], [-83.49281099982905, 41.53746999979318], [-83.49208199990801, 41.53728999970013], [-83.49077499967864, 41.53693799974405], [-83.48993600015272, 41.536696999891824], [-83.48910400029949, 41.53644299992661], [-83.48833400037056, 41.5361929998763], [-83.48746599963403, 41.535890000330156], [-83.48660500036681, 41.535573000073455], [-83.48580699995047, 41.53526400020313], [-83.48501600010513, 41.53494399983471], [-83.4843390000626, 41.53465499998224], [-83.48346500037661, 41.53426300026173], [-83.48322699982691, 41.534152000116855], [-83.48223000011727, 41.53368900029945], [-83.47959399991721, 41.532452999669594], [-83.47939100042595, 41.53235799967372], [-83.47832799969572, 41.53185899993845], [-83.47750599988825, 41.53148899998226], [-83.47682800002083, 41.53119900019111], [-83.47603499962736, 41.5308809998348], [-83.47411499982789, 41.530144000024386], [-83.47304600014822, 41.52974099995976], [-83.47277499998656, 41.5296489999952], [-83.47259400023658, 41.529578999773726], [-83.4716510000553, 41.529227000221034], [-83.46512099982964, 41.52675599990154], [-83.46331200035824, 41.52607200006746], [-83.4630269999529, 41.52596400014055], [-83.46216099976449, 41.52563499967569], [-83.45996899997846, 41.52480300030186], [-83.45794000039905, 41.52403800031496], [-83.45669199972092, 41.52356599996276], [-83.45650500012317, 41.523495999885235], [-83.45551900028417, 41.52312300024181], [-83.45485399993721, 41.52287199972951], [-83.45477199992145, 41.52284100005419], [-83.45363100027176, 41.52240999999267], [-83.45313400015426, 41.52222200017455], [-83.45169300003062, 41.52167399997813], [-83.43533199993061, 41.515479000060495], [-83.43527500002921, 41.51546000006523], [-83.43501100043856, 41.51535700031234], [-83.43374299966895, 41.51487700011869], [-83.4331629997108, 41.5146570001576], [-83.43260399966906, 41.514444999927875], [-83.43142299983639, 41.51400400012243], [-83.43044700004315, 41.5136599998249], [-83.4297340000156, 41.51342300032982], [-83.42884799973572, 41.513146999722], [-83.42800900020981, 41.51290400020141], [-83.4271079998613, 41.512657999674516], [-83.42631399964291, 41.5124530000909], [-83.42557200020138, 41.51227500019814], [-83.42476799993726, 41.51209499996008], [-83.42378600029622, 41.5118919998011], [-83.42297199998634, 41.51173800013727], [-83.42168700039662, 41.51151800027029], [-83.42024899974767, 41.51128199993647], [-83.41958000010108, 41.511172000330575], [-83.41898599989923, 41.51107300025645], [-83.41492700001719, 41.51039800005747], [-83.41457899986264, 41.51032999977377]]}, "properties": {"BASENAME": "80", "MTFCC": "S1100", "NAME": "I- 80", "OBJECTID": 3122, "OID": "110461570452", "PREDIR": null, "PREDIRABRV": null, "PREQUAL": null, "PREQUALABRV": null, "PRETYP": 344, "PRETYPEABRV": "I-", "RTTYP": "I", "SUFDIR": null, "SUFDIRABRV": null, "SUFQUAL": null, "SUFQUALABRV": null, "SUFTYP": null, "SUFTYPEABRV": null}}, {"type": "Feature", "id": 3210, "geometry": {"type": "LineString", "coordinates": [[-82.8440119998936, 41.35018500005502], [-82.84300299959007, 41.35008799977239], [-82.84132999966279, 41.349897999724604], [-82.84077900001698, 41.34983600012848], [-82.83912399963305, 41.349653999928925], [-82.83504200018479, 41.34922300012831], [-82.83323299981508, 41.34902799984123], [-82.83053499969077, 41.348739000305834], [-82.8301990001301, 41.34870099968809], [-82.82892899971066, 41.34857000022807], [-82.827242000438, 41.34839599992514], [-82.82664999988599, 41.34834100022488], [-82.82605599968414, 41.34829199969255], [-82.8255810002063, 41.34826200024302], [-82.8223630003983, 41.348094999795244], [-82.81884599994123, 41.3479249999695], [-82.81674100019384, 41.34781699992903], [-82.81379399964916, 41.34766499989322], [-82.81246899987646, 41.34759799967162], [-82.81026299984671, 41.34749199997529], [-82.80805799964189, 41.347379000026315], [-82.80495199998688, 41.347227000316764], [-82.80477899973452, 41.34721900010925], [-82.80245499970403, 41.34709599991414], [-82.80200600016545, 41.347069000251416], [-82.80162100020097, 41.347045999680674], [-82.80090700034853, 41.346993999855734], [-82.80042399957647, 41.34695199978524], [-82.79971899994486, 41.34689299975283], [-82.798948000191, 41.34682100017806], [-82.79811899981252, 41.34673299999024], [-82.79711500043017, 41.346615000149484], [-82.79617200024889, 41.34649499985207], [-82.7956950002229, 41.3464289998977], [-82.79529000016696, 41.3463739998846], [-82.79458700018517, 41.346267000093896], [-82.79412699987762, 41.34619200012317], [-82.79336100014665, 41.34606699975519], [-82.79277799981546, 41.34596799982221], [-82.79259700006548, 41.34593400013064], [-82.79190800032742, 41.34580600022021], [-82.79051999990719, 41.34553599976318], [-82.78803100002024, 41.34503400029356], [-82.78651100025385, 41.344728000064464], [-82.7860640003651, 41.34463699997019], [-82.78596100043293, 41.34461699966564], [-82.78472299980054, 41.34436800021517], [-82.78427699973672, 41.344278999928726], [-82.78095900036958, 41.343613999712595], [-82.78025800003762, 41.34347299980525], [-82.77949599960631, 41.34332000024922], [-82.77816699963563, 41.343058999819846], [-82.77297299995166, 41.34201400026538], [-82.77193100003615, 41.341813000159135], [-82.77082999967111, 41.34160900019199], [-82.77001500043465, 41.341466999791386], [-82.76925600037636, 41.34134599992286], [-82.7680839998662, 41.34117300007712], [-82.76726299988366, 41.34105700001283], [-82.76643299968026, 41.34095699967528], [-82.7658019996685, 41.340881000125336], [-82.76570899978208, 41.34086999986368], [-82.76559499997926, 41.34085600032502], [-82.76525500022062, 41.340814999876336], [-82.76514200024272, 41.340801999860254], [-82.75983499968254, 41.340080000185864], [-82.75948599970309, 41.34003199972755], [-82.75653999988162, 41.3396879997919], [-82.74840299985095, 41.338758999744634], [-82.74821000040542, 41.33873500004485], [-82.7476310002722, 41.33866399978504], [-82.74743899975327, 41.3386410002923], [-82.74673400012166, 41.338555000328135], [-82.74462099997834, 41.3382969997542], [-82.74408000037826, 41.338231000258915], [-82.74391700017166, 41.3382110000103], [-82.7430550001812, 41.3381060001219], [-82.74047000003478, 41.337791000115615], [-82.73960899986925, 41.33768600022461], [-82.73605999962513, 41.33725200000353], [-82.73315499981159, 41.33689800023366], [-82.73179900007672, 41.33673199991521], [-82.73079599962097, 41.33661600003479], [-82.72996799996571, 41.33653000009476], [-82.72901999976155, 41.33644200016404], [-82.72789300035554, 41.33634999968015], [-82.72700100022787, 41.33628699972104], [-82.72598899955129, 41.33622800014306], [-82.72539299969961, 41.33619799985698], [-82.72527499969885, 41.33619299980794], [-82.72444000037089, 41.336165000065954], [-82.7223509996187, 41.33611399992678], [-82.72182000006437, 41.33610300020893], [-82.72030600014578, 41.33607099997678], [-82.71576699986468, 41.33597600014351], [-82.714253999771, 41.33594500013243], [-82.71100800037392, 41.335876999708354], [-82.70933500044664, 41.33584800022006], [-82.70808199974563, 41.33581700014806], [-82.70551500004089, 41.33576100032873], [-82.70390300021299, 41.33573000021532], [-82.7020529998354, 41.33568800029922], [-82.69974499969842, 41.33564199987829], [-82.69933200014486, 41.33563400027101], [-82.69906699983099, 41.33562900017868], [-82.69818800012212, 41.33561000009418], [-82.69475699987878, 41.335536000280236], [-82.69361399968092, 41.335512000067304], [-82.69039800042107, 41.33544300024903], [-82.68855999973904, 41.33540399967423], [-82.6866499999853, 41.33535099970314], [-82.6858740002086, 41.33532000006907], [-82.68503899998234, 41.33527700026943], [-82.68402700020408, 41.33521300032686], [-82.68307499980193, 41.335144999813075], [-82.6823619997744, 41.33508399995636], [-82.68141399957024, 41.33499099995432], [-82.68076699966495, 41.3349209999595], [-82.68046799991421, 41.33488899982119], [-82.67958199963432, 41.334782999672235], [-82.67864000017626, 41.33466099989822], [-82.67781800036877, 41.33454499970212], [-82.67757800016925, 41.33450900018074], [-82.67705599993744, 41.33442899997398], [-82.67677999975294, 41.334383000012934], [-82.6759470000748, 41.334246000244484], [-82.6750740002137, 41.33409299992129], [-82.67439600034628, 41.33396599998403], [-82.6740880003747, 41.333909000282205], [-82.6736039997777, 41.33381299967765], [-82.67351000006639, 41.33379399973798], [-82.66818499996283, 41.33267100023991], [-82.66798800031934, 41.33263000003484], [-82.66585799955928, 41.33218700015528], [-82.66229300031996, 41.33143199992629], [-82.65941600009549, 41.33082999996824], [-82.65573499960689, 41.330053000073946], [-82.65423900012995, 41.32974100003513], [-82.65291699983197, 41.32946000026506], [-82.65192699979501, 41.329253000247306], [-82.64963700009969, 41.32877500006588], [-82.64871300018497, 41.328591999968545], [-82.64790100042323, 41.32844399982715], [-82.64691100038627, 41.32827499969666], [-82.6464900004368, 41.32820900016535], [-82.64609399970335, 41.328145999753154], [-82.64588899966394, 41.3281150000633], [-82.64462900018856, 41.327929000265485], [-82.6440840003905, 41.327851999947164], [-82.64378200026673, 41.32780899994008], [-82.64348199979275, 41.327767000313614], [-82.64108800034036, 41.32742799973554], [-82.64005100044774, 41.32728199980685], [-82.63911300028931, 41.327142000039196], [-82.63829499978146, 41.327009999963494], [-82.637072000116, 41.32679800016131], [-82.63643400043156, 41.32667900020234], [-82.6353949999908, 41.32646999993547], [-82.63424299957212, 41.32622999976078], [-82.63395100039239, 41.32616499994076], [-82.63344099985615, 41.32605299984974], [-82.6315939998516, 41.325634000259335], [-82.63156899973724, 41.32562800030683], [-82.63149500011741, 41.32561100021351], [-82.63147099982795, 41.325606000026475], [-82.63141700029959, 41.325594000115714], [-82.63098200010641, 41.32549500009309], [-82.63021899985017, 41.325324999962305], [-82.62932099987472, 41.325125999848936], [-82.62760699993957, 41.324733999858125], [-82.62662600012344, 41.3245129999889], [-82.62542900039725, 41.32424499988368], [-82.62377300018841, 41.323872999924646], [-82.62362599987532, 41.32384099975643], [-82.62308399955202, 41.32372700012568], [-82.6224480004157, 41.32360300028911], [-82.62186799955924, 41.32349900026599], [-82.62111100004911, 41.323374000193674], [-82.620350000341, 41.32325800013876], [-82.61964599963599, 41.32316200003022], [-82.61905700035534, 41.323089000049755], [-82.61846700035146, 41.323026000084084], [-82.61815299963379, 41.32299599978987], [-82.61775599997375, 41.32295999995833], [-82.61704399977113, 41.3229030000719], [-82.61644600026963, 41.32286499989508], [-82.61631200037534, 41.32285700006806], [-82.61627200019237, 41.322853999964], [-82.61621500029096, 41.32285099985985], [-82.61592400003782, 41.322836000011485], [-82.61582699995346, 41.32283200009632], [-82.61581400043298, 41.32283100028617], [-82.6157750000749, 41.32282899999117], [-82.61576199965612, 41.32282899999117], [-82.61571099960251, 41.322825999885815], [-82.61464399957264, 41.3227939998781], [-82.61421699977538, 41.32279200025655], [-82.613430000128, 41.32278999996035], [-82.61268699996324, 41.32279799979559], [-82.6110640002647, 41.32285899968761], [-82.60974100014181, 41.32295999995833], [-82.60910900030512, 41.32300899998652], [-82.60825499981229, 41.323105000320496], [-82.60820100028393, 41.323110999830675], [-82.6081000000016, 41.323121999718374], [-82.60704800004036, 41.32327999986261], [-82.60570300017616, 41.323480999816994], [-82.60530999981576, 41.32354000014572], [-82.60220099978771, 41.32408099996036], [-82.60167400043133, 41.324163000310925], [-82.60120300025312, 41.324228000104135], [-82.60073000042513, 41.32428399971835], [-82.60025500004896, 41.32433000006413], [-82.5997789998479, 41.32436599981346], [-82.59924200044578, 41.32439699993768], [-82.59870500014534, 41.324416999705385], [-82.59819700015723, 41.324427000261544], [-82.59810699974555, 41.32442899983286], [-82.59750900024406, 41.32443000029313], [-82.59708999994442, 41.3244229997694], [-82.59667099964474, 41.32440800028294], [-82.59613500006753, 41.32437799995033], [-82.59567499976, 41.32434399978161], [-82.59559899959201, 41.324337999710316], [-82.5954279998878, 41.324321999742324], [-82.59506499966464, 41.32428900000682], [-82.59468999974592, 41.32424700013527], [-82.59444500042186, 41.32421999976986], [-82.5935690001877, 41.324120999683544], [-82.5933509997295, 41.324096999987525], [-82.59116300014142, 41.32386699980994], [-82.59094300003339, 41.323842000225724], [-82.59006799962417, 41.32374400003594], [-82.58970899959897, 41.323704000081335], [-82.5886340000715, 41.32358400007025], [-82.58827599987121, 41.32354400001743], [-82.58818499963462, 41.32353300020096], [-82.58791400037127, 41.323503000140214], [-82.5878239999596, 41.32349300011684], [-82.58779200017254, 41.32348900024205], [-82.58769699973799, 41.32347799974166], [-82.58766599977585, 41.32347499966624], [-82.5871700003816, 41.32341900003144], [-82.5865560000883, 41.32335100002473], [-82.58568300022719, 41.323259999746], [-82.58537299970746, 41.32322799995135], [-82.58518799975955, 41.323210999906536], [-82.58466200022808, 41.32316100022508], [-82.58416099991267, 41.32312099991262], [-82.58401000029991, 41.323110000024805], [-82.58323699999795, 41.32306199987917], [-82.58246299987104, 41.323022999987806], [-82.58174800019368, 41.3229980000798], [-82.5810739996259, 41.322983000265275], [-82.58091299996742, 41.322980000167064], [-82.58004400030428, 41.32297199967952], [-82.58001800036502, 41.32297199967952], [-82.57912399968922, 41.32298099997493], [-82.57840900001186, 41.32299899988739], [-82.57780300011446, 41.32302099969869], [-82.57751500023438, 41.32303200027618], [-82.57685999993316, 41.32306499997365], [-82.57596799980548, 41.32312099991262], [-82.57394699972367, 41.32326699972003], [-82.57216300036666, 41.3233899997198], [-82.57109299996375, 41.32346600011364], [-82.5688579996217, 41.3236249998965], [-82.56794100027798, 41.32369000022636], [-82.56679700025524, 41.32377199971968], [-82.5606140003592, 41.32422100023334], [-82.55855399991934, 41.324371000095645], [-82.55801400014417, 41.324409999854836], [-82.55552899955687, 41.324581999915594], [-82.55242399972677, 41.324797999976404], [-82.54855999983837, 41.32507900028936], [-82.54701400013272, 41.32518400026339], [-82.54645599991589, 41.325223999984075], [-82.54540899997752, 41.325301000035104], [-82.54469400030018, 41.32534399967353], [-82.54362100042253, 41.32539699969087], [-82.54342999972852, 41.325404000110005], [-82.54302399984765, 41.325419999812276], [-82.5427729997775, 41.32542500001358], [-82.54212800042033, 41.32544099971075], [-82.54080199992438, 41.32545700007854], [-82.54014599979827, 41.325465000261], [-82.53926299989143, 41.32547499998169], [-82.53902199986699, 41.32547799996503], [-82.53661499999583, 41.325504000040034], [-82.53573299991389, 41.32551399975475], [-82.53416000044406, 41.325530000104635], [-82.53412699993378, 41.32553099987343], [-82.5317979998804, 41.325559000138554], [-82.53000699995235, 41.32557300026656], [-82.52944100023792, 41.325577999781544], [-82.52786899969468, 41.32559299967331], [-82.5268419998478, 41.325603000048986], [-82.52637800024063, 41.32561100021351], [-82.5255890000451, 41.32562600009768], [-82.5245749997187, 41.32565099967208], [-82.5236800001163, 41.32568199985964], [-82.52290599998939, 41.32571800021122], [-82.52191000010464, 41.325776999863734], [-82.52189400021112, 41.325778000303316], [-82.52042399977515, 41.32588100029877], [-82.52023100032962, 41.32589499968308], [-82.51928200030052, 41.32597999973492], [-82.51839500019572, 41.32606999982774], [-82.51750999974075, 41.32617000008489], [-82.51674400000978, 41.32626500005212], [-82.51586299975277, 41.32638499984823], [-82.51498400004388, 41.32651300015168], [-82.51269900037143, 41.32685400026518], [-82.51230199981308, 41.32691399998581], [-82.51027900008144, 41.32722199975049], [-82.50917400041676, 41.32739000017371], [-82.50743000034439, 41.327656000014095], [-82.50585899962606, 41.3278879997744], [-82.50526199994948, 41.32797700019888], [-82.50475300013646, 41.3280450001002], [-82.50455599959466, 41.32807099982544], [-82.50451499958676, 41.32807599982331], [-82.50379999990942, 41.3281640002626], [-82.50367199986289, 41.32817999996173], [-82.50356200025806, 41.32819200007085], [-82.50339300020363, 41.328209999893], [-82.50288799969027, 41.328266000132466], [-82.50272000035908, 41.328286000061766], [-82.50225300037884, 41.328337999984186], [-82.50150600001612, 41.32841499972814], [-82.50136600027403, 41.32843000031598], [-82.49993699984593, 41.328538000129086], [-82.4992229999935, 41.328587000010266], [-82.49803200011509, 41.328655999670275], [-82.49785200019004, 41.32866400013454], [-82.49731700043775, 41.32869000028735], [-82.4966329998242, 41.3287140003154], [-82.49624299983688, 41.32872700004585], [-82.4960040003606, 41.328732999713], [-82.49522900040877, 41.328753000173535], [-82.49433300008315, 41.32876500017706], [-82.49411999964781, 41.32876500017706], [-82.4934920000091, 41.328768000008964], [-82.49320199958086, 41.32876899972803], [-82.49307899955723, 41.328770000121665], [-82.49233200009283, 41.328768000008964], [-82.4920419996646, 41.328768000008964], [-82.48999200016878, 41.32876300006421], [-82.4895569999756, 41.32876300006421], [-82.48806399997339, 41.32876700028989], [-82.48430300001719, 41.32876399978334], [-82.48384500025777, 41.32876700028989], [-82.48352700024046, 41.328770000121665], [-82.48281199966479, 41.32878499995318], [-82.48209600016254, 41.32881100005772], [-82.48179700041179, 41.328825000161615], [-82.48132200003565, 41.32884799974755], [-82.48101499988897, 41.32886600006306], [-82.48025099980781, 41.32891399998068], [-82.47867400014003, 41.32901899984591], [-82.47789400016535, 41.329070999857834], [-82.47757500032313, 41.32909199992872], [-82.47694400031135, 41.32913199994866], [-82.47409700022412, 41.329316999974324], [-82.47314800019504, 41.3293790002191], [-82.47311200021002, 41.32938100031304], [-82.47027900036647, 41.32957399998417], [-82.46795500033598, 41.329732999703154], [-82.46373099969918, 41.33000600002098], [-82.46167299980745, 41.33014099986666], [-82.4588049998038, 41.33032999985514], [-82.45846599987009, 41.33035199988955], [-82.45837600035672, 41.330358000081624], [-82.45744999989387, 41.33041799994827], [-82.45711199978506, 41.33043999995296], [-82.45668300033796, 41.3304669997646], [-82.45539799984991, 41.330549999865], [-82.45497000022775, 41.33057799999693], [-82.4532920002776, 41.33068600029672], [-82.45183100006246, 41.33078099975036], [-82.44980800033082, 41.33091399996688], [-82.44855800000286, 41.33099199972415], [-82.44826099990193, 41.33101099980651], [-82.44658399977672, 41.33111999974603], [-82.44596399963561, 41.331159999869975], [-82.44410699958532, 41.33128099977487], [-82.44348800016743, 41.33132200015436], [-82.4400500002514, 41.33154499989109], [-82.43852700011197, 41.33164000011574], [-82.43749000021936, 41.331704000196055], [-82.43421799998468, 41.33192099992667], [-82.42487699965679, 41.33252800025188], [-82.42399899977282, 41.33258400015249], [-82.42260799987785, 41.33267300023278], [-82.41843699984281, 41.33294100007361], [-82.41767699995962, 41.33299099967014], [-82.41704699977277, 41.3330320003225], [-82.41692299992421, 41.33304000024938], [-82.41655399985328, 41.333062999696345], [-82.41643099982961, 41.333071999946945], [-82.41479999973515, 41.33317800018205], [-82.41261899981977, 41.33332199974141], [-82.41047700026245, 41.33345500016655], [-82.40990899999989, 41.333493000238114], [-82.40863299973266, 41.33358100010578], [-82.40827999955523, 41.33360400003627], [-82.40452699999494, 41.33384400002886], [-82.40220700016239, 41.33399900021459], [-82.401412999944, 41.33404899967364], [-82.39173299968242, 41.33466900029951], [-82.39042399980322, 41.33474799990976], [-82.3884010000716, 41.33488199974668], [-82.38762600011977, 41.33492499980707], [-82.38708799999443, 41.334944999715674], [-82.38654999986909, 41.334956000303556], [-82.38589200009314, 41.33495899985039], [-82.38523400031721, 41.33495100015923], [-82.38469700001679, 41.334935999723804], [-82.3841000003402, 41.334908000115995], [-82.38344400021408, 41.33486699996989], [-82.38080700018912, 41.33467700002536], [-82.37512100041057, 41.334270000249354], [-82.37458599975996, 41.33423999973604], [-82.37410899973398, 41.33422099992085], [-82.37394200022771, 41.33421899997551], [-82.37363300043123, 41.33421399977456], [-82.37321599978141, 41.33421799966555], [-82.37279900002987, 41.33423100032129], [-82.37238200027835, 41.33425400002228], [-82.37196700017665, 41.33428500016362], [-82.37155299989988, 41.3343249996932], [-82.37114100017124, 41.334373999943466], [-82.37102499982026, 41.33439000014107], [-82.37067300036608, 41.33444199991308], [-82.370265999762, 41.33451100011718], [-82.36992000015559, 41.334578000313876], [-82.3695200001225, 41.33466600006484], [-82.36912299956414, 41.334762999713895], [-82.36873099992698, 41.33487000019531], [-82.36834299958947, 41.33498500018897], [-82.36796000017316, 41.33510899994877], [-82.36752699962977, 41.33525899970178], [-82.36699100005258, 41.335457000276705], [-82.36630300013941, 41.33572700002952], [-82.36346400044809, 41.33687899984483], [-82.36273100032908, 41.33716899967383], [-82.36256499974941, 41.337235000245265], [-82.3613040004491, 41.33774900017954], [-82.36024900011482, 41.33816999991986], [-82.36001700031123, 41.338258999787264], [-82.35998299997604, 41.3382720003109], [-82.35924400000924, 41.338566999875034], [-82.35826700039108, 41.33894700012237], [-82.35823600042895, 41.33895999983425], [-82.35743399981463, 41.339263000166], [-82.35673400020589, 41.33951700004575], [-82.35613599980609, 41.339723999823235], [-82.35553400010664, 41.339922000314345], [-82.35292100037114, 41.340737999950896], [-82.35255499977492, 41.34085299970087], [-82.35112899971988, 41.341304999782665], [-82.35053100021838, 41.34149399975369], [-82.3479350002013, 41.342309999926535], [-82.34677899958467, 41.342666999821944], [-82.34616900038763, 41.34284700031355], [-82.34467899986015, 41.34325300027756], [-82.34466499961646, 41.34325399977432]]}, "properties": {"BASENAME": "80", "MTFCC": "S1100", "NAME": "I- 80", "OBJECTID": 3210, "OID": "110514900671", "PREDIR": null, "PREDIRABRV": null, "PREQUAL": null, "PREQUALABRV": null, "PRETYP": 344, "PRETYPEABRV": "I-", "RTTYP": "I", "SUFDIR": null, "SUFDIRABRV": null, "SUFQUAL": null, "SUFQUALABRV": null, "SUFTYP": null, "SUFTYPEABRV": null}}, {"type": "Feature", "id": 3211, "geometry": {"type": "LineString", "coordinates": [[-82.84401899956629, 41.35037900018672], [-82.8416820000153, 41.35013199997408], [-82.8386199998429, 41.3498100003238], [-82.83601899980296, 41.34952800006327], [-82.83461799986226, 41.34937900020723], [-82.83226299986961, 41.34913100016594], [-82.83191800008811, 41.349093999858546], [-82.83088600021836, 41.34898500032527], [-82.83054200026177, 41.348949000018635], [-82.83019400010723, 41.34891200028214], [-82.82939499986598, 41.34882799989109], [-82.82915300001663, 41.34880100027221], [-82.82880700041024, 41.34876399977728], [-82.82827199975962, 41.34870500003814], [-82.8270879995539, 41.34858199995277], [-82.82643499980082, 41.34852199995843], [-82.82640200018886, 41.34851899968751], [-82.82583999977408, 41.348479000108284], [-82.82500600027105, 41.348431999863166], [-82.82160900036288, 41.34826200024302], [-82.82071499968708, 41.3482139997463], [-82.82029899976048, 41.34818799996822], [-82.81934600043174, 41.34813599970661], [-82.81916300013363, 41.34812700018883], [-82.81674899969144, 41.34801399999314], [-82.81630600000067, 41.34799299995307], [-82.81588900024914, 41.34796700008673], [-82.81381000044102, 41.347861999742854], [-82.81356500021863, 41.34784999988546], [-82.80814300003071, 41.34757200032194], [-82.8062349999268, 41.34748100015599], [-82.80499600036782, 41.347418000174116], [-82.80265999974343, 41.347300000225985], [-82.80205800004397, 41.34726499977163], [-82.80188700033976, 41.34725500002373], [-82.80111400003777, 41.347200000034015], [-82.80046700013249, 41.347147000220616], [-82.800046000183, 41.34711299979596], [-82.79933499980531, 41.34704699979361], [-82.79832999969972, 41.34694500033284], [-82.79750299986938, 41.346851000291544], [-82.7965610004113, 41.34673400010799], [-82.79571299976625, 41.346616999714236], [-82.79568000015429, 41.34661299991031], [-82.79456600026877, 41.34644900032009], [-82.79413500027354, 41.34639200007793], [-82.79386099973884, 41.34635500023713], [-82.79351099993448, 41.346300000161584], [-82.79287099970189, 41.346190999997084], [-82.792576999974, 41.346135999783], [-82.79177000023516, 41.3459879997118], [-82.79107800012402, 41.34584999994383], [-82.79032900011147, 41.34569500031024], [-82.78917300039316, 41.3454700001855], [-82.78793300011094, 41.34522099995048], [-82.78638599968207, 41.34491200016304], [-82.7858829997168, 41.344811000202654], [-82.78585799960247, 41.34480600014043], [-82.78427300043707, 41.344492000320564], [-82.78420800013974, 41.34447899968966], [-82.78374600018238, 41.344386000288615], [-82.78184300010135, 41.34400099995556], [-82.78085899991217, 41.34380399988924], [-82.77843799979728, 41.34332000024922], [-82.77343499990901, 41.342307000043824], [-82.77318300001394, 41.34225599999303], [-82.77130400022236, 41.34189799967581], [-82.77001100023668, 41.34166700009559], [-82.76894300038192, 41.341494999951905], [-82.76607799985301, 41.34110499971563], [-82.7657609996606, 41.34106599983333], [-82.76567199997217, 41.34105500027733], [-82.76512499962597, 41.340987999998674], [-82.76414299998493, 41.34086800012248], [-82.76375899984536, 41.34082099977911], [-82.7611989998133, 41.340519000164484], [-82.76021799999718, 41.34040399982472], [-82.7600449997448, 41.340384000243404], [-82.75952699971096, 41.34032400011371], [-82.75935500018183, 41.34030399983336], [-82.75873699969054, 41.340232999935175], [-82.757149999977, 41.340043999676844], [-82.75637699967503, 41.33995299978154], [-82.75360699958067, 41.339607000323106], [-82.75054199993355, 41.339234000161824], [-82.74918500037379, 41.33907000019778], [-82.74834000010176, 41.338962999871136], [-82.74816000017671, 41.33893999980949], [-82.74762000040155, 41.33887100025027], [-82.74743999957816, 41.33884899972052], [-82.74673300029674, 41.33876300003101], [-82.74606100027711, 41.33868200008624], [-82.74461599995546, 41.33849600010662], [-82.74435300018975, 41.3384630001309], [-82.74408000037826, 41.33842899989316], [-82.74391100032385, 41.33840800013422], [-82.74305699983101, 41.33830100006895], [-82.74205199972545, 41.338187000108526], [-82.74051600006553, 41.3380059999745], [-82.7396680003188, 41.337905999673524], [-82.73768499987182, 41.33767300025845], [-82.73611900007468, 41.33748099988536], [-82.73591599968509, 41.3374569997146], [-82.73385100012067, 41.33721499969085], [-82.73190600020683, 41.33697399971007], [-82.73101900010205, 41.336870999714954], [-82.72995399972201, 41.336758999817036], [-82.72876799986646, 41.33664799999917], [-82.72793600001324, 41.336579000035265], [-82.72704399988558, 41.33651600029766], [-82.72555400025642, 41.336425999795985], [-82.72545100032426, 41.33642000016282], [-82.72454099975494, 41.33637199970502], [-82.72370600042697, 41.33633700012184], [-82.7226310000012, 41.336305000004664], [-82.72221300042476, 41.336296000200704], [-82.72188000033884, 41.33629300004097], [-82.72155599957541, 41.33629100015919], [-82.72032200003929, 41.336264999667456], [-82.71594400031502, 41.33617300028253], [-82.71565200023697, 41.33616699995155], [-82.7143309997639, 41.3361440002515], [-82.71409499976234, 41.33613900019838], [-82.71176400005913, 41.33608600015078], [-82.70991299985666, 41.33605000013209], [-82.70149399979366, 41.33587100002462], [-82.69976300014007, 41.335838000067874], [-82.69975100044452, 41.335838000067874], [-82.69935499971108, 41.33582900019944], [-82.6982080002136, 41.33580300019775], [-82.69476899957434, 41.33572800031631], [-82.69362299990176, 41.335702999886955], [-82.69313599983005, 41.335692000099705], [-82.69140400035157, 41.33565799976448], [-82.69037199958348, 41.33563999997658], [-82.6897320002492, 41.33562999979246], [-82.68800099969731, 41.335592999907355], [-82.6871060000949, 41.33556600019672], [-82.6859729999428, 41.33551999968963], [-82.68472199978993, 41.33545599998576], [-82.68388999993671, 41.33540399967423], [-82.6831769999092, 41.33535000008502], [-82.68210999987933, 41.33525699978825], [-82.68122199994961, 41.33516900016123], [-82.68063799979353, 41.33510500011255], [-82.68033499984482, 41.33507199976773], [-82.6793330001123, 41.33495199978341], [-82.67839300030406, 41.33482599979798], [-82.67741499996265, 41.33468499975018], [-82.67727900041852, 41.33466499976175], [-82.67664599985861, 41.33456499972744], [-82.67651899963703, 41.33454600000706], [-82.67564599977591, 41.33439799990118], [-82.67471699983832, 41.334230000011516], [-82.67434699994247, 41.33415799992617], [-82.67367499992282, 41.33402900016441], [-82.67358399968623, 41.33401099992636], [-82.67286800018397, 41.333864999910276], [-82.6683220002302, 41.33291199995275], [-82.66808399968049, 41.33286099996473], [-82.6656199999079, 41.33234000023346], [-82.65159200005925, 41.32938800030414], [-82.65043200014298, 41.32914399988238], [-82.64950900005319, 41.328956000216884], [-82.64840900041135, 41.32874499972025], [-82.64742100002421, 41.32856599977661], [-82.64672100041548, 41.3284469996738], [-82.64607299978695, 41.3283450000873], [-82.64572700018056, 41.32829100004314], [-82.64449500029426, 41.3281129999305], [-82.64376800002303, 41.328010000090416], [-82.64346699972414, 41.32796799991892], [-82.64005899994535, 41.327481999820364], [-82.63893599983899, 41.327309999994085], [-82.63799299965768, 41.32715700024552], [-82.63711200029897, 41.32700299971694], [-82.6363520004158, 41.32686099985318], [-82.63547700000656, 41.326687000234756], [-82.63449000034264, 41.32647899974774], [-82.63321700044847, 41.326198000075436], [-82.63116200003147, 41.325733000070755], [-82.62890499994812, 41.325227999752414], [-82.62650300009979, 41.32468600023416], [-82.62358400004253, 41.32403400032173], [-82.62295100038094, 41.3239010002276], [-82.62231399962307, 41.32377799984314], [-82.62144199958689, 41.3236219998278], [-82.62085800032911, 41.323527000055], [-82.62021200024873, 41.323432999944636], [-82.61950699971881, 41.323340999978086], [-82.61885700033879, 41.32326500011306], [-82.61814599996109, 41.32319300005263], [-82.61743399975846, 41.323130000187454], [-82.61677900035558, 41.323081000250234], [-82.61661799979878, 41.323071999968626], [-82.61648800010244, 41.32306499997365], [-82.61612400005438, 41.32304399998411], [-82.61570300010489, 41.32302699989125], [-82.6153790002398, 41.32301299989082], [-82.61510999972796, 41.32300299979231], [-82.6145719996026, 41.32298899978673], [-82.6144079995711, 41.322987000171175], [-82.61408500042921, 41.32298499988095], [-82.61385500027544, 41.322983000265275], [-82.61354300010592, 41.32298599968875], [-82.61291299991905, 41.32300100017718], [-82.61136200019052, 41.32303799979312], [-82.61025300032789, 41.323102000227856], [-82.60940200020809, 41.32317299990927], [-82.6091360000693, 41.32319600014103], [-82.6082909997973, 41.32328299994707], [-82.60823600044402, 41.32328800031235], [-82.6081500002303, 41.323296999889486], [-82.60705399988814, 41.32344200017639], [-82.60694900030616, 41.32345600008464], [-82.60479699980476, 41.32381699995724], [-82.60353099958328, 41.32403999974637], [-82.60235800014654, 41.324247999923706], [-82.60149799980591, 41.3243770001639], [-82.6010269996277, 41.32443400011021], [-82.60076100038727, 41.324459999927164], [-82.60043699962385, 41.324494000035365], [-82.59984499997014, 41.32454400004323], [-82.59931199986767, 41.324578999891], [-82.5988359996666, 41.32460099984352], [-82.59818200008861, 41.32461699974296], [-82.59782399988833, 41.324619999765844], [-82.59734799968727, 41.32461800020033], [-82.59681299993497, 41.324603999867094], [-82.59633699973391, 41.32458299969893], [-82.595935000051, 41.32455699993106], [-82.595863000081, 41.32455300012153], [-82.59532999997852, 41.32450999996112], [-82.59433200044394, 41.32440800028294], [-82.59311700027607, 41.324273000026785], [-82.58947400032064, 41.32386900007313], [-82.58854399965982, 41.32376700006617], [-82.58825999997768, 41.32373700011314], [-82.58817999961175, 41.323727999922134], [-82.58794199996036, 41.323704000081335], [-82.58789400027979, 41.32369899974797], [-82.58786300031765, 41.32369599968271], [-82.58781599956367, 41.32369000022636], [-82.58767499999668, 41.323674999896525], [-82.58762899996591, 41.323670000235566], [-82.58609900015378, 41.3235019996657], [-82.58547300016491, 41.32343399974556], [-82.58476299961211, 41.3233659997545], [-82.58422500038509, 41.323323000160094], [-82.58319699981497, 41.323252999771164], [-82.58187700006513, 41.32318999996404], [-82.58149700012352, 41.323179999892695], [-82.5803270001615, 41.323152999759806], [-82.57995999974038, 41.32315800013507], [-82.57895399980991, 41.3231710002994], [-82.57823800030764, 41.32318900015938], [-82.57771299970277, 41.32320900029779], [-82.57746300035583, 41.323220000168945], [-82.57668800040403, 41.323259999746], [-82.57555799972666, 41.3233330002095], [-82.57389400002023, 41.32345699988526], [-82.5709850000087, 41.32366400010218], [-82.56874399981888, 41.323823999871486], [-82.5667100002166, 41.32396799986766], [-82.56061099998617, 41.32440399978963], [-82.55857800020878, 41.32455000009554], [-82.55647400028629, 41.32470100033126], [-82.55555000037158, 41.324764000026825], [-82.55469000003096, 41.32482400032275], [-82.54646599996164, 41.32541300006953], [-82.54583199957683, 41.32545900029288], [-82.54493899962424, 41.32551500019836], [-82.54398600029553, 41.32556200011803], [-82.5434359995763, 41.32558099976015], [-82.54278000034849, 41.325603000048986], [-82.54201700009226, 41.32562999984135], [-82.54112199959152, 41.325644999721135], [-82.54081500034319, 41.325646999929695], [-82.54016000004196, 41.32565400032198], [-82.53968800003886, 41.325658000063925], [-82.539274999587, 41.32566199980558], [-82.5366219996685, 41.32569399975416], [-82.53573799993677, 41.32570499988041], [-82.5346130001806, 41.32571800021122], [-82.53416700011674, 41.325721999949245], [-82.5294539997584, 41.3257689997196], [-82.5278839997633, 41.32578599977173], [-82.5263909997611, 41.325799999851014], [-82.52589399964364, 41.32580599978768], [-82.52499900004122, 41.32582299983012], [-82.52428299964065, 41.32584500003725], [-82.52332899958868, 41.325887000228036], [-82.52243499981121, 41.32593600007907], [-82.52191799960227, 41.32597000009172], [-82.52148300030738, 41.325999999691376], [-82.52042999962293, 41.32608099989051], [-82.52017600007802, 41.3261000000559], [-82.51934599987463, 41.32617399979517], [-82.51833999994415, 41.32627600008197], [-82.51745399966426, 41.32637699977873], [-82.51728999963271, 41.32639700028788], [-82.51668799993327, 41.326472999873054], [-82.51551299994838, 41.32663499966929], [-82.51416499971114, 41.326830999975385], [-82.51246599984461, 41.32709799981881], [-82.50792699956352, 41.32778599998736], [-82.5070799996417, 41.32791499996911], [-82.50532200022394, 41.32817499997186], [-82.5048059998399, 41.32824499979534], [-82.50458699955678, 41.32827499969666], [-82.5043830002406, 41.328303000131804], [-82.50392899978085, 41.32835900029132], [-82.50371000039604, 41.328387000015724], [-82.50367600006085, 41.328391000264496], [-82.50295399981249, 41.32847000006777], [-82.5023770002274, 41.32853500028658], [-82.5014900001226, 41.32862500022311], [-82.50068500003358, 41.328696999678066], [-82.50060100036798, 41.3287050001373], [-82.49992799962511, 41.328758000119066], [-82.49977000033968, 41.32877099984074], [-82.498878000212, 41.32883000010162], [-82.49864300003536, 41.32884299980893], [-82.49798500025942, 41.32888000015513], [-82.49709200030684, 41.32891899991385], [-82.4960190004292, 41.32895499982612], [-82.49518400020294, 41.328973999828015], [-82.49478199962172, 41.32897800004075], [-82.4942889997022, 41.32898399968477], [-82.49349500038215, 41.32898399968477], [-82.49118499969703, 41.32898399968477], [-82.49115399973489, 41.32898299996901], [-82.4874229999159, 41.328977000324834], [-82.48575099981355, 41.32898500007511], [-82.48461699983653, 41.32898000014699], [-82.48413099958972, 41.3289809998628], [-82.48377999996045, 41.32898200025318], [-82.48294399990928, 41.328992000108705], [-82.48240599978394, 41.32900699988912], [-82.48186799965858, 41.32903099980044], [-82.48179200038892, 41.32903500000967], [-82.48160999991572, 41.329044999857054], [-82.48099200032274, 41.32908200008853], [-82.48061800022893, 41.3291039998698], [-82.47859299994917, 41.32923799984895], [-82.47779399970793, 41.32929100007171], [-82.47627399994154, 41.32939100010733], [-82.47460799968697, 41.32949599987839], [-82.47400000013975, 41.32953600032483], [-82.47216900002873, 41.329659999663996], [-82.47097899997522, 41.32973400008199], [-82.4681829999416, 41.32992099982474], [-82.46562299990956, 41.33008200011844], [-82.46389800010374, 41.33020099993311], [-82.46262100001161, 41.33028099993576], [-82.46217300029795, 41.33030999987877], [-82.45882800026834, 41.330527999897456], [-82.45805599979126, 41.33057799999693], [-82.4557419998065, 41.33072899975414], [-82.45497100005264, 41.33078000006217], [-82.45267399978631, 41.330928999979356], [-82.44578299988562, 41.33137799974257], [-82.44348700034254, 41.3315289996692], [-82.44182199991286, 41.331638000091104], [-82.43890600022866, 41.331822999746194], [-82.43853100030994, 41.331848000315574], [-82.43521700024245, 41.33206599990957], [-82.4290529997147, 41.33245899997087], [-82.4280450001344, 41.33252299992118], [-82.42575399971585, 41.33266900024692], [-82.42502399996988, 41.33271799971928], [-82.42401700021449, 41.33278600006855], [-82.42263899983999, 41.332870999899356], [-82.42194500007905, 41.33291399993822], [-82.41850799998792, 41.33313799994815], [-82.41713100033667, 41.33322899992184], [-82.41696999977987, 41.33323899980003], [-82.41648699990613, 41.333271000074426], [-82.41632700007254, 41.333282000270465], [-82.41617399991168, 41.33329200014052], [-82.41469400032825, 41.33338600019289], [-82.41397399972972, 41.33343200018346], [-82.41165100042244, 41.33358199975103], [-82.40979900039501, 41.33370499984022], [-82.40945000041559, 41.333729000044414], [-82.40816699957733, 41.33380800012008], [-82.40647399955859, 41.33391300019192], [-82.40132400025556, 41.334244000299904], [-82.39939199986219, 41.33436899975442], [-82.3923100001658, 41.334830999951954], [-82.38832300025378, 41.335085000253024], [-82.38772800022703, 41.3351170002951], [-82.38719199975151, 41.33513599984888], [-82.38641599997479, 41.33515199985931], [-82.38575999984867, 41.3351559996927], [-82.385163999997, 41.3351490003214], [-82.38462699969658, 41.335133000310186], [-82.38409199994427, 41.33510899994877], [-82.38355700019198, 41.335074999983746], [-82.38153600011017, 41.33492600010618], [-82.38079100029559, 41.33487299974611], [-82.38004899995576, 41.33482100031815], [-82.37654099971952, 41.334560999857764], [-82.37481500008882, 41.33444900003487], [-82.37433800006283, 41.33442500009595], [-82.37395100044854, 41.33441400009288], [-82.37385900038703, 41.33441099984646], [-82.37350000036183, 41.334408000274394], [-82.37313999961341, 41.33441299978591], [-82.37272200003699, 41.33442899997398], [-82.3723639998367, 41.33445200027958], [-82.37194700008517, 41.33448700020111], [-82.37153199998347, 41.334529000217074], [-82.3711179997067, 41.33458099987813], [-82.37102900001823, 41.33459399978689], [-82.37070699980295, 41.334642000205875], [-82.37029800044735, 41.33471199982605], [-82.3699500002928, 41.33478099974415], [-82.3695479997116, 41.33487099982078], [-82.36915000022665, 41.334969999761434], [-82.36875699986626, 41.33507899982186], [-82.36831199962734, 41.33521300032686], [-82.3679280003861, 41.33533900023821], [-82.36754800044449, 41.33547300020834], [-82.36712099974892, 41.33563499988471], [-82.36506399968209, 41.33645999973032], [-82.36272499958298, 41.337402999803956], [-82.3619039996004, 41.33773499997], [-82.36000600044058, 41.33849600010662], [-82.35963700036963, 41.33864399966944], [-82.35852699978375, 41.3390829998851], [-82.35794099997783, 41.33930600003208], [-82.35718899959224, 41.339580999806095], [-82.35654000003713, 41.33980799981899], [-82.35588499973593, 41.34002599975213], [-82.35122800035239, 41.34149799987201], [-82.3504550000504, 41.341741999882714], [-82.34944300027212, 41.34206499983131], [-82.34762899987955, 41.34263999967153], [-82.3468570003008, 41.34287899991423], [-82.34619100012893, 41.34307499990723], [-82.34523999955172, 41.34333699976801], [-82.34469399992877, 41.343475000140884], [-82.34467399983727, 41.343477999969835]]}, "properties": {"BASENAME": "80", "MTFCC": "S1100", "NAME": "I- 80", "OBJECTID": 3211, "OID": "110514900672", "PREDIR": null, "PREDIRABRV": null, "PREQUAL": null, "PREQUALABRV": null, "PRETYP": 344, "PRETYPEABRV": "I-", "RTTYP": "I", "SUFDIR": null, "SUFDIRABRV": null, "SUFQUAL": null, "SUFQUALABRV": null, "SUFTYP": null, "SUFTYPEABRV": null}}, {"type": "Feature", "id": 3232, "geometry": {"type": "LineString", "coordinates": [[-83.60655799965602, 41.580093999813904], [-83.60499900042988, 41.57913899991273], [-83.60497799961517, 41.579125999872254], [-83.60434499995358, 41.57871099978883], [-83.60377300039136, 41.57837199976578], [-83.60319799955778, 41.57806100033037], [-83.60271499968401, 41.577818999966986], [-83.60221199971879, 41.57759300016384], [-83.60160800036951, 41.577357000298456], [-83.60063000002812, 41.576989999756876], [-83.59837899979254, 41.57615200014576], [-83.59649900017604, 41.57545299992124], [-83.59428499975037, 41.57461699979608], [-83.5933840003002, 41.574259000263154], [-83.59269399983889, 41.57397200002681], [-83.59217699962994, 41.57375700001647], [-83.5916030004179, 41.573512999681746], [-83.586217000215, 41.57121600006353], [-83.58521799995721, 41.57078999991433], [-83.58166500041344, 41.56927500021239], [-83.58146799987162, 41.56919099979356], [-83.5811620004482, 41.56906100008219], [-83.58105299976994, 41.569015000194064], [-83.58102000015798, 41.56900100007551], [-83.58098599982279, 41.56898599989706], [-83.58086299979915, 41.568934000282155], [-83.58075300019428, 41.56888800030361], [-83.58013700025114, 41.56862499988478], [-83.57704800031456, 41.56730500013568], [-83.5766709998477, 41.56714400004044], [-83.57559600032023, 41.56669100012457], [-83.57521100035578, 41.566521000333566], [-83.575121999769, 41.56648099988285], [-83.57451800041973, 41.566201000067075], [-83.57406599960979, 41.56597899968188], [-83.57352599983464, 41.56569399984037], [-83.57291900011231, 41.56535199971539], [-83.57222799982608, 41.564968000188706], [-83.57190800015896, 41.56479299996066], [-83.5698770000314, 41.56364700019173], [-83.56743199962706, 41.56225600026946], [-83.56510099992386, 41.5609409996902], [-83.56440100031512, 41.560546000119665], [-83.56409199962032, 41.56037100001465], [-83.55743800044442, 41.55661300020667], [-83.55578399988542, 41.55567999974964], [-83.55349699966483, 41.55438899987432], [-83.5528120001247, 41.55402599974405], [-83.55191599979906, 41.5535749998795], [-83.55125999967295, 41.55326099982245], [-83.55049399994198, 41.55290799977608], [-83.54971899999018, 41.552565999878865], [-83.54898699969606, 41.55226000013541], [-83.54803199981922, 41.55188299968354], [-83.5449820002407, 41.55072799985191], [-83.53800299957815, 41.54809600021993], [-83.5346960000817, 41.546852999835934], [-83.52856900026217, 41.54453799999953], [-83.52741699984348, 41.54409899975618], [-83.5248969999944, 41.54315199987151], [-83.52227599986298, 41.54216699979917], [-83.52151900035282, 41.54189800005855], [-83.52069599982212, 41.54162800006343], [-83.51997399957378, 41.541408000279795], [-83.51924600037594, 41.54120100002616], [-83.51851099970878, 41.54100899973448], [-83.51777099991709, 41.54082900007799], [-83.51702399955437, 41.54066399995268], [-83.51632999979341, 41.540523999740365], [-83.51551600038187, 41.5403750001084], [-83.5146960002242, 41.540242000092746], [-83.51393200014307, 41.54013400028833], [-83.51280900003671, 41.53999500010646], [-83.51132199988228, 41.5398190003328], [-83.51061800007558, 41.53973499995105], [-83.50256999973335, 41.53877400009055], [-83.49949300039067, 41.5384049998748], [-83.4981920000091, 41.538245000262144], [-83.49736600000364, 41.53813099996884], [-83.496369000294, 41.53797200021509], [-83.49537699970888, 41.53779700018225], [-83.49456400012225, 41.53763900014931], [-83.49364100003244, 41.537442000005875], [-83.492554999736, 41.53719699983683], [-83.49239200042771, 41.53716299999801], [-83.49207699988511, 41.53707800032278], [-83.49122400011552, 41.53684599992874], [-83.48990299964244, 41.53646400026069], [-83.48876399964256, 41.53609600020716], [-83.48739600021213, 41.53562700010821], [-83.48561500032984, 41.53495500020144], [-83.48490200030233, 41.534670000059876], [-83.48417599985599, 41.53435399979619], [-83.48325399959108, 41.53393299970855], [-83.48315499985691, 41.53388699969744], [-83.48222699974421, 41.53345200018243], [-83.48005400022475, 41.5324349999005], [-83.47959399991721, 41.532220000216896], [-83.4784239999552, 41.53167100000341], [-83.47765200037645, 41.53132600017151], [-83.47697500033391, 41.53103700029374], [-83.47597100005326, 41.53063499971753], [-83.4746920003113, 41.53014200005364], [-83.47258800038881, 41.529345000059045], [-83.46800800009986, 41.52760500013824], [-83.46524999970107, 41.5265619996882], [-83.46331300018316, 41.525830000030474], [-83.46303100015086, 41.52572299975337], [-83.46297699972418, 41.52570199996736], [-83.46236699962883, 41.52546899973827], [-83.45917800013314, 41.524265999935785], [-83.45806599989743, 41.52385099992896], [-83.45777999966715, 41.523750000247354], [-83.45758100037385, 41.52367499994228], [-83.45698100032423, 41.523447999673], [-83.45491599986148, 41.52266199970774], [-83.45483200019589, 41.52262999983035], [-83.45393300039554, 41.52228799985806], [-83.45374199970152, 41.522217000307876], [-83.45365700021101, 41.52218500021043], [-83.45313300032937, 41.52198900019295], [-83.45162699990838, 41.521422999898505], [-83.44969399969011, 41.52067999984365], [-83.44890600021783, 41.52037799973837], [-83.44216699975479, 41.517822999879535], [-83.4397029999822, 41.516895000261066], [-83.43559999971922, 41.51533800028126], [-83.43442599955925, 41.51489600028514], [-83.43378700004989, 41.51465499970814], [-83.43167599955639, 41.513861000019375], [-83.43086499961956, 41.513572000159066], [-83.43004500036022, 41.51329699975961], [-83.42916199955508, 41.51301799988247], [-83.42838300030361, 41.512784999724175], [-83.42754200022958, 41.51254799971616], [-83.42658200032984, 41.51229600030547], [-83.42572700001209, 41.51208800012755], [-83.42486699967147, 41.51189600019804], [-83.42405900010769, 41.511729999996206], [-83.42301399981915, 41.51153300033081], [-83.42167099960476, 41.5113029996932], [-83.42059600007731, 41.511123999722415], [-83.41871999976046, 41.510811999946746], [-83.41492700001719, 41.510180000260554], [-83.41457899986264, 41.51013299988413]]}, "properties": {"BASENAME": "80", "MTFCC": "S1100", "NAME": "I- 80", "OBJECTID": 3232, "OID": "110461570451", "PREDIR": null, "PREDIRABRV": null, "PREQUAL": null, "PREQUALABRV": null, "PRETYP": 344, "PRETYPEABRV": "I-", "RTTYP": "I", "SUFDIR": null, "SUFDIRABRV": null, "SUFQUAL": null, "SUFQUALABRV": null, "SUFTYP": null, "SUFTYPEABRV": null}}, {"type": "Feature", "id": 3366, "geometry": {"type": "LineString", "coordinates": [[-83.39073799968301, 41.50051999982158], [-83.39067499993381, 41.50049299996133], [-83.39036600013732, 41.50034599985183], [-83.38471200014583, 41.4977570001625], [-83.3824099998566, 41.49670400011718], [-83.37865800012122, 41.49500000018108], [-83.37774799955189, 41.49460500018175], [-83.37772599981058, 41.49459500021865], [-83.37509200015867, 41.4934110002682], [-83.37491999973122, 41.4933320002725], [-83.3729399996573, 41.492436000162066], [-83.37226199978987, 41.49212499972786], [-83.37171699999183, 41.491886000322474], [-83.3716450000218, 41.4918460001275], [-83.37109600002582, 41.49160200015282], [-83.37034700001327, 41.49126599990805], [-83.36947300032726, 41.49086200006986], [-83.36645299998767, 41.48948500014464], [-83.3657380003103, 41.48915999976294], [-83.36498000007694, 41.488816000030106], [-83.36447200008882, 41.488585000166424], [-83.36435699956279, 41.48853299981552], [-83.36400799958332, 41.48837100011118], [-83.36301599989653, 41.48790599985631], [-83.36251200010638, 41.48767800001845], [-83.36028699981006, 41.486647999965705], [-83.36026500006876, 41.48663900010478], [-83.35928099987959, 41.48619999998642], [-83.35922900000105, 41.486178000172025], [-83.35888800041751, 41.48602399991615], [-83.35845999989702, 41.48582400011244], [-83.35817100019203, 41.485682999681245], [-83.35633500005814, 41.48485400028112], [-83.3536140003676, 41.48361699966755], [-83.35212800003809, 41.48293699974363], [-83.34967099993818, 41.4818020002903], [-83.34782499975856, 41.48095399966696], [-83.34748400017503, 41.48079700023092], [-83.34705700037776, 41.48061599990327], [-83.34667599971294, 41.48045500000126], [-83.3466010002682, 41.48041999988187], [-83.346053999922, 41.480165999775735], [-83.34531800032826, 41.47982400025415], [-83.34461199997344, 41.479501000058285], [-83.34282699989318, 41.47871500021186], [-83.34045799965682, 41.477615999930585], [-83.33913999955679, 41.47702100022462], [-83.33876899983603, 41.476860000141144], [-83.33849799967439, 41.4767380003174]]}, "properties": {"BASENAME": "80", "MTFCC": "S1100", "NAME": "I- 80", "OBJECTID": 3366, "OID": "110454700910", "PREDIR": null, "PREDIRABRV": null, "PREQUAL": null, "PREQUALABRV": null, "PRETYP": 344, "PRETYPEABRV": "I-", "RTTYP": "I", "SUFDIR": null, "SUFDIRABRV": null, "SUFQUAL": null, "SUFQUALABRV": null, "SUFTYP": null, "SUFTYPEABRV": null}}, {"type": "Feature", "id": 3367, "geometry": {"type": "LineString", "coordinates": [[-83.28358300000599, 41.457911000057905], [-83.28350199981512, 41.45787000000607], [-83.28203300010236, 41.45712999982077], [-83.28040700003075, 41.45629800009787], [-83.2796630000411, 41.455920999991854], [-83.27912699956556, 41.45565100016765], [-83.27878500015711, 41.45547899979328], [-83.27723100005555, 41.45474100021258], [-83.27596400000915, 41.45417099996743], [-83.27337200019002, 41.45312999984914], [-83.2697919999838, 41.451761000246805], [-83.26940799984422, 41.451613999994194], [-83.26915599994915, 41.45151800002038], [-83.26877799965737, 41.45137699969609], [-83.26411100022808, 41.449630999826766], [-83.26191900044206, 41.44882000001528], [-83.26090900031362, 41.44843999983866], [-83.2599929998965, 41.4480950002137], [-83.25969900016862, 41.44798499969384], [-83.25691099963262, 41.44694900025335], [-83.25299400004079, 41.445482000132216], [-83.25078600036123, 41.44466100004607], [-83.24853599995058, 41.44385799983077], [-83.24653400013534, 41.443211999709405], [-83.2436100000552, 41.44234200014095], [-83.240209999774, 41.44135099994844], [-83.24019200023065, 41.44134599989891], [-83.23774600000141, 41.44062000006553], [-83.23633900021292, 41.440200999959515], [-83.23358900021006, 41.43939000012743], [-83.22472499990815, 41.43675199969723], [-83.22357599986253, 41.43640300021469], [-83.22076200028557, 41.435554999773565], [-83.22074700021696, 41.435549999950965], [-83.21623800007312, 41.43422900018866], [-83.21444899979488, 41.43370799976246], [-83.21179699970132, 41.43290600020207], [-83.21110899978814, 41.43270399989611], [-83.21083500015176, 41.43262299970356], [-83.20885300042802, 41.432033000082534], [-83.20797899984368, 41.43177000027813], [-83.20181500021422, 41.42993700024029], [-83.20179500012276, 41.42993099979912], [-83.20115999991303, 41.42973500012502], [-83.18890500044907, 41.4261079998747], [-83.18862199969354, 41.42602499971661], [-83.1872600001109, 41.42561699977456], [-83.18548199970334, 41.425091999915665], [-83.18347700041338, 41.424528999744396], [-83.18260899967683, 41.42431200027375], [-83.18209099964297, 41.42417999988408], [-83.17996300032935, 41.42368099978809], [-83.17725900035724, 41.423111999783394], [-83.17537499964448, 41.422721999682324], [-83.17406800031343, 41.42248099976162], [-83.17364200034108, 41.42239599975233], [-83.1718410003673, 41.42202400021742], [-83.17124700016547, 41.421893999837664], [-83.17065799998647, 41.42175999997177], [-83.17006799998262, 41.42162100028122], [-83.16889700019567, 41.42132999991231], [-83.16773200025652, 41.4210209998362], [-83.1665770003631, 41.42069599977854], [-83.1665199995634, 41.42067900026134], [-83.16546900032539, 41.42036399980411], [-83.16440999979312, 41.420030999815], [-83.1633579998319, 41.41968400004472], [-83.16283599960006, 41.41950500025367], [-83.16179899970744, 41.41913400000398], [-83.16128300022173, 41.41894400018126], [-83.16025999967448, 41.418551000237635], [-83.15924399969825, 41.41814699993882], [-83.15823699994284, 41.41772600020506], [-83.15724299970793, 41.41729400029448], [-83.15625799969385, 41.41684800017289], [-83.1557689999723, 41.4166189999869], [-83.15394899973194, 41.415740000080234], [-83.15250199976049, 41.41502599976967], [-83.15210699975027, 41.414833999892664], [-83.15061700012112, 41.41411200033501], [-83.14883000039104, 41.41323900014985], [-83.14749300002444, 41.412579000206854], [-83.14630600034398, 41.41200600011917], [-83.1431450004374, 41.41057700003036], [-83.14120700019626, 41.409788999950194], [-83.13975500020193, 41.40925200015737], [-83.13849700037638, 41.40880100020307], [-83.1384570001934, 41.408788000292425], [-83.13758500015722, 41.408494000167195], [-83.13580500009982, 41.40793700006794], [-83.13544199987666, 41.40782599968558], [-83.12832300037036, 41.405794000044025], [-83.12822200008802, 41.40576500003783], [-83.12445699993384, 41.4046889997662], [-83.12197300006976, 41.403983999827894], [-83.1195750004194, 41.40327400003967], [-83.11885900001883, 41.40306800016002], [-83.11828900010644, 41.402902000141694], [-83.11799600020346, 41.40279399970719], [-83.11669599964681, 41.402443999686156], [-83.11242800042568, 41.40122600028136], [-83.11114999961032, 41.40085899991357], [-83.109809999769, 41.40048399977097], [-83.10945300029194, 41.40039100021471], [-83.10854000024786, 41.40012900025659], [-83.10592999998708, 41.39940599968715], [-83.10364899961426, 41.398754999981904], [-83.1009880001982, 41.39800700021337], [-83.09977700022829, 41.39765499999929], [-83.09863900005331, 41.3973260002293], [-83.09687900008743, 41.39681099967681], [-83.09490300021146, 41.3962809999834], [-83.0927239999459, 41.39576399983502], [-83.09080300032151, 41.39535499979038], [-83.08845500000156, 41.39491599968648], [-83.08834299984858, 41.394896000007186], [-83.08728900023752, 41.39473100005948], [-83.08302600014096, 41.393939999668184], [-83.08178000001097, 41.39373499992251], [-83.08042699975084, 41.393476999708405], [-83.07780300014467, 41.39300300028211], [-83.06853700015985, 41.39133500006212], [-83.06644499993294, 41.39098199999617], [-83.05669500024945, 41.38922500033116], [-83.05559399988441, 41.38902800033031], [-83.05086700018067, 41.38817499982237], [-83.0490519999632, 41.38784199995503], [-83.04731299991369, 41.38747699982919], [-83.04529500020493, 41.387022999874674], [-83.04401700028788, 41.38672500031889], [-83.04290599987709, 41.386473999836916], [-83.03827299988467, 41.38543599972686], [-83.03132799955732, 41.38387200030789], [-83.03131599986176, 41.38386900031852], [-83.02786600025016, 41.383091000204985], [-83.02781600002145, 41.38308099989516], [-83.02710700019188, 41.382930999781316], [-83.02628399966119, 41.382763999993536], [-83.02555100044049, 41.38262600001068], [-83.02461699958171, 41.38244399983951], [-83.02283099967653, 41.38214399969733], [-83.02175399960095, 41.38199200029229], [-83.02174000025555, 41.38198999979222], [-83.02055299967678, 41.38183699977488], [-83.01903100026057, 41.381661999855545], [-83.0174219999074, 41.381469999798995], [-83.01728499964007, 41.3814549999708], [-83.0163730003192, 41.38134600003689], [-83.01317700025253, 41.38095400008191], [-83.01207699971239, 41.38081300017198], [-83.01141800011153, 41.38072699997162], [-83.010296999655, 41.38059600026304], [-83.00889900008737, 41.380418999826006], [-83.0079309997917, 41.38029199992771], [-83.00702100012069, 41.380183999670415], [-83.00585500035662, 41.380019999735715], [-83.00475900001446, 41.37983099972544], [-83.00324599992075, 41.379570999705415], [-83.00237100040984, 41.379409999768185], [-83.00235200014326, 41.379407000247035], [-83.00217300004311, 41.37937499972907], [-83.00001499969396, 41.37893600023888], [-82.99869400011922, 41.37863299986036], [-82.99793500006092, 41.37845099997323], [-82.99653400012022, 41.3781059998413], [-82.99555599977883, 41.37785299983972], [-82.99270399966872, 41.37712400031319], [-82.99268600012536, 41.3771190000367], [-82.98346899964604, 41.37482900018291], [-82.98189199997825, 41.37444800002803], [-82.98022800027181, 41.37402399983647], [-82.97875000033821, 41.373655000180555], [-82.97676100004345, 41.373159000109325], [-82.97451599965567, 41.372610000321984], [-82.97365899968811, 41.37239300000876], [-82.97287899971343, 41.372179999901434], [-82.97251100036571, 41.37209099988738], [-82.97111700009769, 41.371740999711484], [-82.96722200024718, 41.3707799999269], [-82.96412599973958, 41.370008999978765], [-82.96321500024366, 41.369765999830065], [-82.96268700016405, 41.36962899967345], [-82.96221299961282, 41.36951100021277], [-82.96134399994968, 41.36930000032366], [-82.96062300042453, 41.369120000161715], [-82.96061099983066, 41.36911199994824], [-82.95503600038019, 41.367725999850734], [-82.95445300004901, 41.36757999991836], [-82.95384299995364, 41.36740699966675], [-82.9530529999332, 41.367218999888834], [-82.95180799962813, 41.36690200020581], [-82.95133700034825, 41.36677299991397], [-82.95102299963058, 41.366680999810875], [-82.95056499987118, 41.36654700001424], [-82.94983099992726, 41.36631399993717], [-82.94909699998333, 41.36607100014556], [-82.94837200026022, 41.36582499997321], [-82.94749199982813, 41.36550599990768], [-82.94556500035596, 41.36482199977055], [-82.94417799976064, 41.364349000308216], [-82.94242000034288, 41.36380799985669], [-82.94089600037854, 41.36340500023117], [-82.93983600002139, 41.363148000224015], [-82.93862900024943, 41.36288900013695], [-82.93655700011402, 41.36250399999766], [-82.93560300006206, 41.36235799980973], [-82.93510199974664, 41.3622809997403], [-82.93143100020211, 41.361848000166276], [-82.93127899986614, 41.361830000201046], [-82.9291299997378, 41.36158699984572], [-82.9169430000459, 41.36018500000101], [-82.91635200021713, 41.36011699994174], [-82.90520200041784, 41.35883600007509], [-82.90322200034392, 41.358604999902866], [-82.8990599996314, 41.358151000009485], [-82.89758199969779, 41.35796299978579], [-82.89662299962298, 41.35782000004111], [-82.89567600014203, 41.35766499991113], [-82.89520099976589, 41.35759200016144], [-82.89472600028803, 41.357509000134094], [-82.89337499967775, 41.35726000009129], [-82.89212199987504, 41.35700400005071], [-82.88981899976093, 41.35651300031597], [-82.88639699973842, 41.35579100020362], [-82.88446699989322, 41.35538200024664], [-82.88228199977988, 41.354919000196254], [-82.880341000064, 41.35449300018126], [-82.87942899984486, 41.35428900015559], [-82.87940899975338, 41.35428500014871], [-82.87835799961704, 41.354073000105885], [-82.87767499972674, 41.35395400007515], [-82.87765999965812, 41.353951000054515], [-82.87687300001075, 41.35381400031571], [-82.87519000003776, 41.353553000143386], [-82.87305799962786, 41.35326499980839], [-82.86824100041075, 41.352774000190784], [-82.86473499982435, 41.35239299967844], [-82.86168600007073, 41.35205299977559], [-82.85958499962298, 41.35184900019532], [-82.85757000028728, 41.35162199967292], [-82.85545200012109, 41.35140700026035], [-82.84880899991752, 41.35068899971169], [-82.84668900010152, 41.35046999967391], [-82.84502700004491, 41.35028899996115], [-82.84403000033525, 41.35018700018446], [-82.8440119998936, 41.35018500005502]]}, "properties": {"BASENAME": "80", "MTFCC": "S1100", "NAME": "I- 80", "OBJECTID": 3367, "OID": "110454700911", "PREDIR": null, "PREDIRABRV": null, "PREQUAL": null, "PREQUALABRV": null, "PRETYP": 344, "PRETYPEABRV": "I-", "RTTYP": "I", "SUFDIR": null, "SUFDIRABRV": null, "SUFQUAL": null, "SUFQUALABRV": null, "SUFTYP": null, "SUFTYPEABRV": null}}, {"type": "Feature", "id": 3430, "geometry": {"type": "LineString", "coordinates": [[-83.8824869998797, 41.59980100021168], [-83.88292000042308, 41.59980199979133], [-83.88450399976357, 41.599793000215094], [-83.88568100029659, 41.599793999794876], [-83.88677599991553, 41.599796000297935], [-83.88753900017177, 41.599788000300684], [-83.88759600007319, 41.599788000300684], [-83.88877100005807, 41.59978500021752], [-83.88995299971566, 41.59978399996583], [-83.89128599988429, 41.599780000302495], [-83.89168900029041, 41.599779000050724], [-83.89278300008446, 41.59977799979898], [-83.89426000019314, 41.599769999799506], [-83.8957570003933, 41.59977299988342], [-83.89915199975331, 41.59977100005141], [-83.89981600027537, 41.5997660001353], [-83.90036400044646, 41.59976900021935], [-83.9008039997642, 41.59976199979908], [-83.90127800031543, 41.59976300005111], [-83.90176700003697, 41.5997610002188], [-83.90210900034373, 41.59975699988227], [-83.90240700026956, 41.59975800013438], [-83.90302400003763, 41.59975800013438], [-83.90361599969134, 41.59975699988227], [-83.9043520001834, 41.59975399979767], [-83.9050919999751, 41.59975300021726], [-83.90577400004048, 41.599748999880234], [-83.90661500011453, 41.599748000299755], [-83.9103450001086, 41.599740999877206], [-83.91325099974708, 41.59973599995877], [-83.9211440002786, 41.599711999941825], [-83.92779300032994, 41.59969599992556], [-83.9291120002549, 41.59968600008132], [-83.94071399996578, 41.59966500013472], [-83.94124500041842, 41.59965899995676], [-83.94198900040809, 41.59966000021039], [-83.94287399996476, 41.59965500028568], [-83.9437710001153, 41.5996559998676], [-83.94463499975556, 41.59964700027099], [-83.94523800017825, 41.59963800000138], [-83.94612699993286, 41.59962099971254], [-83.94761300026238, 41.59956299972094], [-83.94897599966993, 41.599494000218925], [-83.95078000001675, 41.599397000151754], [-83.95153400005216, 41.59936000001153], [-83.95206399978159, 41.59933299975057], [-83.96014200026104, 41.59892599999659], [-83.96980200043116, 41.59843200021393], [-83.97323699997413, 41.59826099971821], [-83.97641200012443, 41.598103999971926], [-83.97784099965422, 41.59803099981006], [-83.97852100006979, 41.59799800000428], [-83.97899300007289, 41.59797200012504], [-83.97964500000104, 41.59793999989759], [-83.9820350001538, 41.59781599995797], [-83.9824429996845, 41.597791999898746], [-83.98299500005353, 41.59776599993656], [-83.98342500022386, 41.597746999931715], [-83.9847800001338, 41.59767599993478], [-83.9853430003735, 41.59764900031287], [-83.98594400024803, 41.59762799970337], [-83.98654900032052, 41.59761500002646], [-83.9871390003244, 41.597599000162084], [-83.9877510000696, 41.597588999992915], [-83.98843800015784, 41.597580000108074], [-83.98905300027609, 41.59758200000792], [-83.9892580003155, 41.59757899982221], [-83.98931000019404, 41.59757899982221], [-83.9893300002855, 41.59757899982221], [-83.98948199972318, 41.59758099972213], [-83.99008599997074, 41.59759099989254], [-83.99064300036268, 41.59760299996059], [-83.99186199983016, 41.59763599996833], [-83.99245400038218, 41.59766099969834], [-83.99306699995229, 41.59768499980623], [-83.99362799964386, 41.59771500026446], [-83.99407700008075, 41.59773699978549], [-83.99457900022107, 41.59776000025384], [-83.99511399997337, 41.597779999865836], [-83.9967769998549, 41.59785899998569], [-83.99735299961507, 41.59788400030106], [-83.99826200035949, 41.59792099994397], [-83.99851400025457, 41.59792799989215], [-83.99863100043042, 41.597929000172606], [-84.00023900006038, 41.59801300016239], [-84.00121499985364, 41.598057999944], [-84.00219099964688, 41.598100000204475], [-84.00413700028395, 41.59818200009044], [-84.00499900027438, 41.59822299999433], [-84.00577699970093, 41.59825300020247], [-84.00716099992319, 41.59831799993379], [-84.00795599996648, 41.59835399972578], [-84.0084079998781, 41.59837199995018], [-84.00866300014624, 41.59838000012291], [-84.00930400020373, 41.59838300027139], [-84.0096969996658, 41.59837599970078], [-84.0100339999497, 41.59836000002507], [-84.0104840002115, 41.598327999990005], [-84.01102999983445, 41.598260000114685], [-84.01133799980603, 41.59821100004156], [-84.01178999971764, 41.598132999958096], [-84.01207500012299, 41.598074999972724], [-84.01221400004016, 41.59804099991074], [-84.0125899997838, 41.5979519999008], [-84.01306099996198, 41.59781499967576], [-84.0132099999249, 41.59776900011359], [-84.0133370001465, 41.5977270003095], [-84.01370000036968, 41.597601000061395], [-84.01435800014562, 41.597354999891685], [-84.01504100003592, 41.597082999890524], [-84.01631800012805, 41.596571999688194], [-84.01684600020765, 41.5963569996783], [-84.01693900009408, 41.59631900017698], [-84.01753099974778, 41.59608900006608], [-84.01867700031868, 41.595625000151834], [-84.01913400025316, 41.59543199998123], [-84.01953699976097, 41.595277999692236], [-84.02011800044234, 41.59505100020595], [-84.02077200002032, 41.594792999805705], [-84.02138499959041, 41.59454600002126], [-84.02203599969367, 41.59428600028779], [-84.02252799978827, 41.59408700012011], [-84.02300700036237, 41.59388800001075], [-84.02342699958864, 41.59372899968498], [-84.02355600035837, 41.59367299979387], [-84.02393299992693, 41.593521999713445], [-84.02465199980223, 41.59324900000171], [-84.02537400005059, 41.59299899995669], [-84.0258329996349, 41.59285599982887], [-84.02616700044406, 41.592760000223066], [-84.0266849995796, 41.59262099967303], [-84.02728600035246, 41.592473999935336], [-84.02748100034613, 41.59242999998533], [-84.02793699955738, 41.592333000050665], [-84.02840500026085, 41.59224400023169], [-84.02897500017325, 41.592153999920114], [-84.02924399978676, 41.59211500026121], [-84.02970800029225, 41.59205100002914], [-84.03023100034898, 41.59199400032539], [-84.0308799999041, 41.59194399982485], [-84.0313879998922, 41.59191100026607], [-84.03179799997103, 41.59189699973556], [-84.03222599959321, 41.591878999720876], [-84.03269599994648, 41.59186400015274], [-84.03313699998746, 41.59186600022975], [-84.03390899956621, 41.59185199968948], [-84.03454899979882, 41.59184199997359], [-84.03517899998567, 41.591826999725], [-84.03648899968975, 41.5918019997508], [-84.03683600001939, 41.59179400010636], [-84.03722000015895, 41.59178300000579], [-84.03756400011554, 41.59178300000579], [-84.03791800011787, 41.59177399998321], [-84.03852200036545, 41.5917660003353], [-84.03914400015638, 41.59175399985382], [-84.03976299957426, 41.59174400012275], [-84.04037699986759, 41.5917280001467], [-84.0410399996664, 41.591714000248345], [-84.04176399956458, 41.59170300013415], [-84.04232199978142, 41.59169299972333], [-84.04293799972456, 41.59167899981739], [-84.04361599959198, 41.59167199986329], [-84.04419999974809, 41.591651999702336], [-84.04476499963762, 41.59163499999735], [-84.04538099958076, 41.59162700033221], [-84.04592899975185, 41.591621000078824], [-84.0465020000373, 41.59161299974016], [-84.04707500032274, 41.591602000280545], [-84.04759099980846, 41.59158999976863], [-84.04800300043541, 41.59157700021926], [-84.04926499956063, 41.59156100020176], [-84.04961500026332, 41.59155200014823], [-84.05012200042651, 41.591543999801], [-84.05109999986959, 41.591518999717195], [-84.05584300036517, 41.591427000319825], [-84.05681199958744, 41.59141400006576], [-84.05723599990996, 41.591402000190705], [-84.05879900023237, 41.5913749999598], [-84.06046700013675, 41.591340999727535], [-84.06209900005614, 41.59131099966589], [-84.0637290003257, 41.591275999688285], [-84.06453600006455, 41.59125699978847], [-84.06541499977342, 41.59123599978658], [-84.06672799985057, 41.591214000065264], [-84.06839999995293, 41.591183000231425], [-84.06999300041257, 41.59115500019535], [-84.07162500033195, 41.59112000013316], [-84.07519399976923, 41.59105099966705], [-84.07625300030148, 41.591031999701], [-84.07669699981717, 41.59102100014245], [-84.07715899977455, 41.59100700009078], [-84.07754100026428, 41.59100200016757], [-84.07847699987457, 41.59098699972379], [-84.08032100040437, 41.590943999820745], [-84.08127000043343, 41.59092900003535], [-84.08221100006661, 41.590912000139916], [-84.08315300042298, 41.590888999918626], [-84.08415000013265, 41.59087100029475], [-84.0850820004433, 41.59085700021058], [-84.08604099961978, 41.590836999797084], [-84.0877860004154, 41.590803999672396], [-84.0887220000257, 41.590783999914336], [-84.08959700043494, 41.59076799970035], [-84.09035200029524, 41.590750000042725], [-84.09092300003255, 41.59074099987607], [-84.09209200016964, 41.590716999873514], [-84.09296599985566, 41.59069599969602], [-84.09385999963315, 41.59068299996661], [-84.09474599991304, 41.59066199977805], [-84.09559899968266, 41.5906449998123], [-84.09649800038135, 41.590629000235715], [-84.09734899960283, 41.590617999936626], [-84.09827199969263, 41.59059399988834], [-84.09913899970596, 41.5905760001822], [-84.09956899987625, 41.59057199994823], [-84.10054300001968, 41.59055499995884], [-84.10090799989266, 41.590549000277626], [-84.10251600042092, 41.590508000201915], [-84.10325200001466, 41.59049900000157], [-84.10413099972354, 41.590477999753105], [-84.10487399988831, 41.59046599970406], [-84.10560799983223, 41.59044799996222], [-84.10634799962394, 41.59043500018288], [-84.10690400019095, 41.590423999850735], [-84.10763300011199, 41.59041899988238], [-84.10836399968288, 41.59042000027922], [-84.10909500015207, 41.590425000247485], [-84.10969100000372, 41.59044399972032], [-84.11028600003048, 41.59046400025558], [-84.11101400012662, 41.59049600015844], [-84.11160099975746, 41.59053099988713], [-84.11216900002002, 41.59056999983113], [-84.11277599974234, 41.590620999774096], [-84.11350399983849, 41.5906870001937], [-84.11403500029114, 41.590742000267916], [-84.11489999975633, 41.59083499968824], [-84.115018999582, 41.590845999950346], [-84.1152439997129, 41.590862000145016], [-84.1154970003312, 41.59088399998629], [-84.1207970003204, 41.59141499977532], [-84.1221000003518, 41.59155200014823], [-84.12801000043633, 41.59213899974402], [-84.12945599968457, 41.59228400018059], [-84.13105300034216, 41.59244099997565], [-84.13177700024035, 41.59251000029964], [-84.1325200004051, 41.59258399967914], [-84.13326299967153, 41.59266399980264], [-84.13351600028986, 41.59268599970164], [-84.13378699955318, 41.59271100000533], [-84.13432100037888, 41.5927650000101], [-84.13620400036844, 41.59295800009336], [-84.13640199983683, 41.59297599980716], [-84.13671900002923, 41.59300500008198], [-84.13718500018456, 41.593049999996126], [-84.14093500027013, 41.593421999697085], [-84.14142800018963, 41.593475999778896], [-84.14181900000187, 41.59351400028216], [-84.14209199981335, 41.59353900026516], [-84.14254200007515, 41.59358500015476], [-84.14326299960028, 41.593647000187836], [-84.14342300033216, 41.593659999992184], [-84.14371100021225, 41.59368600026481], [-84.14400800031318, 41.59370599979556], [-84.14444500015618, 41.593728000011254], [-84.1447420002571, 41.59373499974241], [-84.14515399998575, 41.59373800010681], [-84.14561099992024, 41.59373299972331], [-84.1460589996339, 41.593715000220655], [-84.14649899984995, 41.59368600026481], [-84.14678699973004, 41.59366099966696], [-84.1471780004406, 41.593618000201445], [-84.14751300017635, 41.59358199978325], [-84.1479879996542, 41.59352399973908], [-84.14891699959178, 41.593416000282396], [-84.14922499956336, 41.59338399981151], [-84.14964600041117, 41.5933390001302], [-84.15037100013424, 41.59325799981864], [-84.15109900023039, 41.59317500004088], [-84.15167199961752, 41.59311100018796], [-84.15225599977363, 41.593041999834504], [-84.15371399961573, 41.592878000334274], [-84.15402099976241, 41.592844999909275], [-84.15489000032383, 41.59274500018775], [-84.15604199984419, 41.592617000237574], [-84.15678699965878, 41.59253299994337], [-84.15779400031248, 41.59241699993328], [-84.1591049998415, 41.592271000099174], [-84.16129199960467, 41.59202499976978], [-84.16408400033862, 41.591714000248345], [-84.16621099982733, 41.591471999990304], [-84.16694200029653, 41.591393000114955], [-84.1675330001253, 41.591328000128065], [-84.16840000013863, 41.59123500007425], [-84.16896599985306, 41.59117699993677], [-84.16985100030806, 41.591101999901824], [-84.17070999992544, 41.591031999701], [-84.17101200004923, 41.591016000220336], [-84.17130800032524, 41.590990999932046], [-84.17189199958304, 41.590952000242375], [-84.17272299961134, 41.590912000139916], [-84.17345900010339, 41.59088199987891], [-84.17420100044323, 41.59085299999398], [-84.17466199967737, 41.59083899990591], [-84.17539200032166, 41.590828000314474], [-84.17611600021984, 41.590816000330484], [-84.18141600020901, 41.59079800001438], [-84.19154900020715, 41.59076600026118], [-84.19287800017781, 41.59076499986971], [-84.1934549997629, 41.59076400015009], [-84.19411400026208, 41.59075900020807], [-84.19913600041691, 41.590738999764255], [-84.20621999976312, 41.59072100009855], [-84.20914300001834, 41.59071199992785], [-84.21184399961741, 41.590704000148335], [-84.2129979996859, 41.59070499986889], [-84.21422899974729, 41.590694000254615], [-84.21725300028486, 41.59068900030717], [-84.21937300010086, 41.59067700029734], [-84.22915600029461, 41.5906449998123], [-84.22978300010843, 41.5906449998123], [-84.23014799998141, 41.590641999976], [-84.23048400044037, 41.590641999976], [-84.24235399993988, 41.59058399997758], [-84.24665100037161, 41.59057100022563], [-84.24855699992737, 41.59057100022563], [-84.24914799975618, 41.59056200003402], [-84.24957600027668, 41.59056499987409], [-84.25853699976464, 41.59052500020369], [-84.26740799973923, 41.590487999680334], [-84.26841399966973, 41.590486999956426], [-84.26919899966728, 41.59048100026895], [-84.27112100001489, 41.590474000184926], [-84.27356999971887, 41.59046799982438], [-84.27563099998363, 41.5904579998941], [-84.28273199994662, 41.59042800009392], [-84.28781199982775, 41.590408999944515], [-84.28871700037422, 41.59041100006661], [-84.2906730001587, 41.590440000150046], [-84.2925879999353, 41.59052000024315], [-84.29385300033188, 41.59058699981658], [-84.30583699963418, 41.59130099986616], [-84.30706400039593, 41.591381000236], [-84.30801199970179, 41.59143299991938], [-84.3083239998713, 41.59145199976735], [-84.31041299972517, 41.59157500013329], [-84.31110300018649, 41.59161600020318], [-84.3124709996169, 41.59169699988784], [-84.31376799980053, 41.59173900025663], [-84.31469000006545, 41.59175899971877], [-84.3159970002948, 41.59175399985382], [-84.31660300019222, 41.59173900025663], [-84.31787000023861, 41.59169100031281], [-84.31888299984179, 41.5916340002912], [-84.32007700009326, 41.591538000211706], [-84.32063799978482, 41.59148199976351], [-84.32144100022403, 41.59139399982483], [-84.32235199971997, 41.591289999681585], [-84.3233259998634, 41.591153999809904], [-84.32452500013773, 41.59095700016945], [-84.32553500026619, 41.59077400003301], [-84.32629599997429, 41.59062299988957], [-84.32678399987091, 41.59051300016337], [-84.32723199958458, 41.59041399991364], [-84.32828000024617, 41.590172000157], [-84.33163699997135, 41.58938900015879], [-84.33246200015188, 41.58919800031441], [-84.33453400028732, 41.58872899981167], [-84.33558899972329, 41.58848199966712], [-84.3373849996742, 41.58805299989293], [-84.33784599980665, 41.587934999696316], [-84.33819099958815, 41.58785499975921], [-84.3385250003973, 41.587779000130304], [-84.33901800031678, 41.58767599997767], [-84.33940499993109, 41.58759899969747], [-84.33969700000914, 41.58754400030498], [-84.34009299984426, 41.5874800002444], [-84.34051299996884, 41.58742899983576], [-84.34097800029923, 41.587387000022275], [-84.34141000011937, 41.58736000012777], [-84.34189800001602, 41.587337999757466], [-84.34216400015478, 41.58733699998478], [-84.3424260000956, 41.587346999726584], [-84.34256599983767, 41.587348000171026], [-84.34290700031954, 41.58736900009387], [-84.34308600041969, 41.58737599984266], [-84.34339400039126, 41.58740700016082], [-84.34366100035496, 41.58742899983576], [-84.34397500017431, 41.58746500032599], [-84.34423799994003, 41.58750199989446], [-84.34449200038326, 41.58754599984393], [-84.34480600020261, 41.58761100027945], [-84.34508599968677, 41.58767000002891], [-84.34535900039657, 41.58773199969615], [-84.34559100020017, 41.58778800003795], [-84.3458120001331, 41.58784899982712], [-84.34618899970165, 41.58796599974607], [-84.34651900031284, 41.5880740002583], [-84.34691000012509, 41.588220999937356], [-84.34741700028829, 41.58842899986656], [-84.34811299969908, 41.588722999960815], [-84.34879499976446, 41.58900900007042], [-84.34905000003259, 41.589112999857186], [-84.349507999792, 41.58930600010938], [-84.34985000009875, 41.58944399999511], [-84.3503809996531, 41.58966999997906], [-84.35078700043226, 41.589849000278825], [-84.3513599998194, 41.59008300004611], [-84.35168600023265, 41.59022299974252], [-84.35212399990056, 41.59041300018859], [-84.3527750000038, 41.590670999955655], [-84.35695500025967, 41.59243899991645], [-84.35739600030064, 41.592633999683954], [-84.35778700011289, 41.592797000116015], [-84.35827599983445, 41.59300700012359], [-84.35871100002761, 41.59319499973], [-84.35951100009378, 41.59352999981557], [-84.36021099970252, 41.59382600020916], [-84.36092399973003, 41.594125999931244], [-84.36158599970395, 41.59440299996154], [-84.36224900040108, 41.59468699977463], [-84.3646880000593, 41.59571799992704], [-84.36597199982414, 41.59626800003325], [-84.36690900015766, 41.59665900032916], [-84.36761899981214, 41.596959999943316], [-84.36829199965669, 41.597250000328394], [-84.36917499956354, 41.597625999804904], [-84.36999200024647, 41.597958000237405], [-84.37081700042697, 41.59831299990511], [-84.37154100032515, 41.59860300025656], [-84.37228500031483, 41.59889299997666], [-84.37285500022723, 41.599097000073854], [-84.37335099962145, 41.59928399982036], [-84.37393399995265, 41.59949299996278], [-84.37467399974435, 41.5997610002188], [-84.37530300010629, 41.59997399981148], [-84.37581500029236, 41.60014199973231], [-84.37682100022286, 41.60045999996837], [-84.37778699997037, 41.6007530001149], [-84.37863899991507, 41.601000999889436], [-84.37986900015154, 41.60134199978658], [-84.3802819997051, 41.60145300009322], [-84.38057399978315, 41.60153599997382], [-84.380915000265, 41.60162499974337], [-84.38119599957408, 41.6016919998814]]}, "properties": {"BASENAME": "80", "MTFCC": "S1100", "NAME": "I- 80", "OBJECTID": 3430, "OID": "1103699001183", "PREDIR": null, "PREDIRABRV": null, "PREQUAL": null, "PREQUALABRV": null, "PRETYP": 344, "PRETYPEABRV": "I-", "RTTYP": "I", "SUFDIR": null, "SUFDIRABRV": null, "SUFQUAL": null, "SUFQUALABRV": null, "SUFTYP": null, "SUFTYPEABRV": null}}, {"type": "Feature", "id": 3475, "geometry": {"type": "LineString", "coordinates": [[-83.39120399983832, 41.50051300008316], [-83.39113100004339, 41.500475000048255], [-83.3908230000718, 41.50033199966382], [-83.38562199981683, 41.49800499973789], [-83.38438099970972, 41.497428000293986], [-83.38256100036766, 41.496616000280106], [-83.3805000001029, 41.495679999996455], [-83.37820700003451, 41.49463199980528], [-83.37774500007716, 41.49440599981816], [-83.37772800035872, 41.49439800022692], [-83.375037999732, 41.493150999970204], [-83.37465500031567, 41.49297599982903], [-83.37374899994428, 41.492550000219914], [-83.37214700016214, 41.49181999992024], [-83.37065099978689, 41.49113900004056], [-83.36631900009336, 41.4891689999466], [-83.36563100018017, 41.48885600007721], [-83.36535499999566, 41.48872900019559], [-83.3644999996779, 41.48834100002179], [-83.36345100008971, 41.48787500025902], [-83.36251100028147, 41.48744900007903], [-83.36120900007498, 41.48687100015858], [-83.36051600013893, 41.48655400001056], [-83.36044900019178, 41.48652699971187], [-83.36040399998593, 41.48650999994171], [-83.36004099976279, 41.48633999997623], [-83.35933299975811, 41.48601799995118], [-83.3585979999893, 41.48568899967718], [-83.35855399960835, 41.48566599968968], [-83.35849400023221, 41.48564199969399], [-83.3574099995856, 41.48515599988718], [-83.35608300016305, 41.48454599983916], [-83.35140199959176, 41.48244500021465], [-83.35048000022519, 41.482004999890115], [-83.34794899960713, 41.4808439996905], [-83.34755799979486, 41.480665000320755], [-83.34726099969396, 41.48052099986733], [-83.34689499999605, 41.48034399976902], [-83.34618399961835, 41.4800259999064], [-83.34527099957427, 41.47961700018054], [-83.33921999992275, 41.47683100024249], [-83.33876499963806, 41.47662199975344], [-83.33856600034476, 41.4765399997285], [-83.33851399956791, 41.476517999999615], [-83.33849100000168, 41.47650900007778]]}, "properties": {"BASENAME": "80", "MTFCC": "S1100", "NAME": "I- 80", "OBJECTID": 3475, "OID": "110454700912", "PREDIR": null, "PREDIRABRV": null, "PREQUAL": null, "PREQUALABRV": null, "PRETYP": 344, "PRETYPEABRV": "I-", "RTTYP": "I", "SUFDIR": null, "SUFDIRABRV": null, "SUFQUAL": null, "SUFQUALABRV": null, "SUFTYP": null, "SUFTYPEABRV": null}}, {"type": "Feature", "id": 3481, "geometry": {"type": "LineString", "coordinates": [[-82.84401899956629, 41.35037900018672], [-82.84403799983285, 41.35038100031019], [-82.84707900008887, 41.35069800022401], [-82.84955999957988, 41.35096900023265], [-82.8538899996236, 41.351410999769726], [-82.85855399957815, 41.35190699974434], [-82.8607749996765, 41.35214999982775], [-82.8637180000232, 41.35245999968588], [-82.86712099977913, 41.35282700014374], [-82.87004200038453, 41.353127999974426], [-82.87316999978084, 41.35346400027423], [-82.87467100017898, 41.353663000131725], [-82.87670599960617, 41.35399999969918], [-82.87765499963527, 41.354169999845354], [-82.87766899987895, 41.35417199985241], [-82.87815000010289, 41.35424900007557], [-82.87825300003506, 41.35426600011256], [-82.87913900031494, 41.35442700024293], [-82.87952199973128, 41.35450500016282], [-82.88198899987692, 41.35500600011765], [-82.88412100028681, 41.355457999729055], [-82.8864929999979, 41.355979999933766], [-82.88803100020594, 41.35630100011235], [-82.88953300042897, 41.35663299967987], [-82.89211799967708, 41.35717900022947], [-82.89294600023067, 41.357353999937764], [-82.89462599983062, 41.35766799976054], [-82.89557400003478, 41.357830000189054], [-82.89635099963641, 41.35794999982201], [-82.89716699959611, 41.35808000001749], [-82.89798799957866, 41.35818500006366], [-82.90002799992705, 41.358432000062955], [-82.90364199957017, 41.35884600006692], [-82.90603400027108, 41.35911899972317], [-82.9086989998851, 41.359455000113854], [-82.91635100039221, 41.3603349999797], [-82.91693800002302, 41.360401999903424], [-82.93158900038584, 41.36208799990147], [-82.9325790004228, 41.36220199981955], [-82.93496299982945, 41.36248999971672], [-82.93560300006206, 41.36258400010023], [-82.9363090004169, 41.36268600000412], [-82.93827100004916, 41.3630430000943], [-82.93972100039366, 41.36335299998893], [-82.94076800033204, 41.36359999992664], [-82.94190200030903, 41.363895999886246], [-82.94250900003135, 41.36406499995406], [-82.94334500008252, 41.36432300023238], [-82.94428200041604, 41.3646200001172], [-82.94566599973999, 41.36509800015891], [-82.94857099955354, 41.366131000145224], [-82.94958599970487, 41.36647400011457], [-82.95070299996344, 41.3668210002092], [-82.9510379996992, 41.366913000114344], [-82.95227399978344, 41.367286999942934], [-82.95444800002613, 41.3678100001251], [-82.95520399971137, 41.367998000217824], [-82.95552900029969, 41.368079000097474], [-82.95991200004684, 41.36917199984019], [-82.96117099969732, 41.36948899992398], [-82.96165600011922, 41.369610999838095], [-82.96260699979811, 41.36984899973044], [-82.96360900042896, 41.37007699981348], [-82.96781200025106, 41.37113599968559], [-82.97292399991926, 41.37241700011011], [-82.97365500038846, 41.37259900002837], [-82.97730300036677, 41.373513000244856], [-82.9782480001979, 41.37374400007722], [-82.98001200036175, 41.37419000012623], [-82.9825570003252, 41.374823000043826], [-82.98446899972875, 41.37530400033619], [-82.99267899955436, 41.377345000285565], [-82.99269899964584, 41.377349999870596], [-82.99575199959742, 41.378103999895764], [-82.9962999997685, 41.378242999671215], [-82.99691700043486, 41.37840300016998], [-82.9985529996539, 41.378807000216895], [-82.99969400020191, 41.37907099975272], [-83.00061200026883, 41.37927900010295], [-83.00201700040752, 41.37956399971646], [-83.0023489997702, 41.37962700026421], [-83.00236800003678, 41.37963100006155], [-83.00313700014081, 41.379776000300474], [-83.00446199991353, 41.38000500024713], [-83.00556800030144, 41.38017699974744], [-83.00632499981158, 41.38028399974001], [-83.00788800013399, 41.3804890001097], [-83.01139200017225, 41.380922000325135], [-83.01207500006257, 41.38098799967984], [-83.01718000005809, 41.38162300000579], [-83.01737699970157, 41.381647000071645], [-83.02173500023268, 41.3822110000805], [-83.0217500003013, 41.38221299989975], [-83.02205099970186, 41.38225200006971], [-83.02485900032936, 41.38269700018006], [-83.02713499978098, 41.38313200031334], [-83.02765199998991, 41.383239000162064], [-83.03131300038703, 41.38406699999293], [-83.03324400005715, 41.3845040001464], [-83.03745299972704, 41.38546500004259], [-83.0426170001721, 41.386633000125855], [-83.04372900040778, 41.38688500016873], [-83.04673999962826, 41.38756599968317], [-83.04903400041982, 41.388026000159385], [-83.05086600035575, 41.38835700012805], [-83.05091300021142, 41.388366000148466], [-83.0555920002346, 41.38922999967686], [-83.05644699965403, 41.389371000206665], [-83.05906799978546, 41.389845999961054], [-83.06052499980264, 41.39010700013502], [-83.06333300043015, 41.3906109999458], [-83.06644800030598, 41.39117499970651], [-83.06853200013698, 41.39156100010399], [-83.0778049997945, 41.393220999972634], [-83.08160299956063, 41.3938939999755], [-83.08289399989648, 41.394146000178246], [-83.08729099988733, 41.394916999737674], [-83.08830000019086, 41.395115000136265], [-83.08975499965993, 41.395380000222836], [-83.09236900011867, 41.395898000092295], [-83.09406700016027, 41.39629000025459], [-83.09632300041872, 41.396851999893826], [-83.09832400040906, 41.39742400019154], [-83.09960899999881, 41.397791999748286], [-83.10083000001444, 41.39814599989727], [-83.10230200010025, 41.39856499985096], [-83.10582799987984, 41.39955200028157], [-83.1081639996059, 41.400248000065], [-83.10860100034722, 41.400375000067534], [-83.10971600005766, 41.40068899979359], [-83.11232299994539, 41.40143199993584], [-83.11397499995626, 41.4019020001113], [-83.11571300018083, 41.40243099985119], [-83.11624999958295, 41.402560000171505], [-83.11695199973984, 41.4027500000777], [-83.12197100041993, 41.40416800016045], [-83.12834599993657, 41.405989999885975], [-83.12845899991447, 41.40602200010652], [-83.13085300026519, 41.40670600021006], [-83.13473499969692, 41.40781099987429], [-83.13580099990186, 41.408125999900214], [-83.13633099963128, 41.40828799999262], [-83.13820199992527, 41.40889799986893], [-83.13827700026835, 41.40892299980793], [-83.13938100010813, 41.40930700024986], [-83.14148800040365, 41.4100980002393], [-83.14314700008721, 41.410767999882], [-83.14499200044192, 41.41158900018294], [-83.14759000010882, 41.41284099982112], [-83.15015699981359, 41.41409400001212], [-83.15165200036392, 41.41483000024007], [-83.1541710003881, 41.41605900031099], [-83.15623400030272, 41.41703699967995], [-83.15820599998071, 41.41791400015456], [-83.15868700020465, 41.41811800005749], [-83.15965399977708, 41.418515000026204], [-83.16063200011848, 41.41889599996082], [-83.16161899978239, 41.419263999846045], [-83.16261700021526, 41.41961699988714], [-83.16387599986575, 41.42004699983731], [-83.16463900012198, 41.420296000013856], [-83.16540499985297, 41.42053499997247], [-83.16642400020224, 41.42083399977579], [-83.16792300005224, 41.421253999925305], [-83.16889600037075, 41.42151299997704], [-83.16987399981383, 41.42175499976031], [-83.17085800000302, 41.421987999910336], [-83.17184700021508, 41.422206000042465], [-83.17406300029054, 41.422662000028886], [-83.17513299979512, 41.4228990001221], [-83.17903100001871, 41.423683999960765], [-83.18158900040095, 41.42424300030255], [-83.18261299987478, 41.424498999749034], [-83.18389499998979, 41.424824999898654], [-83.18581399996437, 41.42537700007712], [-83.18855499974639, 41.42618999968326], [-83.18861900021881, 41.42620900026483], [-83.18907899962802, 41.42634699999701], [-83.19871899970666, 41.42921699991797], [-83.20066600016862, 41.42978699982131], [-83.20179599994766, 41.43012600004574], [-83.20181699986406, 41.43013199979535], [-83.20336699976767, 41.430579999963534], [-83.20667199961433, 41.43157800006302], [-83.20800999980581, 41.43197099996853], [-83.2088469996819, 41.43222000021984], [-83.21114899997112, 41.4329050000621], [-83.21430099965688, 41.43385000022076], [-83.22074600039204, 41.43578199966555], [-83.22076300011048, 41.43578700014376], [-83.22459500021182, 41.43690200018531], [-83.23128799974577, 41.43889099975579], [-83.2337399998228, 41.43961600003888], [-83.23636099995424, 41.44039999975734], [-83.23723299999043, 41.44065300008109], [-83.23775000019937, 41.44080699970744], [-83.24019399988047, 41.44153300014244], [-83.24021200032213, 41.441538000177616], [-83.24354899995583, 41.44255599997865], [-83.24504299978295, 41.4429999999838], [-83.2469409998411, 41.44357299999563], [-83.24932299959795, 41.444369999917775], [-83.25122200037933, 41.44506600030172], [-83.25326199982938, 41.445823999688365], [-83.25463199980794, 41.4463380002891], [-83.25621199984879, 41.4469230002145], [-83.25969800034372, 41.44822699978335], [-83.25982600039023, 41.44827499986636], [-83.25996100010944, 41.448324999718615], [-83.25999000042178, 41.44833599999072], [-83.26025099963937, 41.44841600019935], [-83.26143400002016, 41.44888399998198], [-83.26158299998308, 41.44893099968584], [-83.26200499975748, 41.449065999920904], [-83.26262099970062, 41.449300000246446], [-83.2641339997943, 41.44988200008932], [-83.26874500004541, 41.45158699995281], [-83.26915299957611, 41.45173799966592], [-83.26936799966126, 41.45181799971926], [-83.26974599995305, 41.45195899975834], [-83.27101399982433, 41.452429999758515], [-83.27391600016315, 41.45352299986992], [-83.27606100009353, 41.45442799969284], [-83.27720799959101, 41.454928000228236], [-83.27780599999082, 41.45521500027294], [-83.27912999993862, 41.455849999710615], [-83.28074299959142, 41.45664899985182], [-83.28190599988075, 41.457232999943905], [-83.28308900026155, 41.45787299994508], [-83.28316899972918, 41.457916000177356]]}, "properties": {"BASENAME": "80", "MTFCC": "S1100", "NAME": "I- 80", "OBJECTID": 3481, "OID": "110454700909", "PREDIR": null, "PREDIRABRV": null, "PREQUAL": null, "PREQUALABRV": null, "PRETYP": 344, "PRETYPEABRV": "I-", "RTTYP": "I", "SUFDIR": null, "SUFDIRABRV": null, "SUFQUAL": null, "SUFQUALABRV": null, "SUFTYP": null, "SUFTYPEABRV": null}}, {"type": "Feature", "id": 3601, "geometry": {"type": "LineString", "coordinates": [[-82.84401899956629, 41.35037900018672], [-82.84403799983285, 41.35038100031019], [-82.84707900008887, 41.35069800022401], [-82.84955999957988, 41.35096900023265], [-82.8538899996236, 41.351410999769726], [-82.85855399957815, 41.35190699974434], [-82.8607749996765, 41.35214999982775], [-82.8637180000232, 41.35245999968588], [-82.86712099977913, 41.35282700014374], [-82.87004200038453, 41.353127999974426], [-82.87316999978084, 41.35346400027423], [-82.87467100017898, 41.353663000131725], [-82.87670599960617, 41.35399999969918], [-82.87765499963527, 41.354169999845354], [-82.87766899987895, 41.35417199985241], [-82.87815000010289, 41.35424900007557], [-82.87825300003506, 41.35426600011256], [-82.87913900031494, 41.35442700024293], [-82.87952199973128, 41.35450500016282], [-82.88198899987692, 41.35500600011765], [-82.88412100028681, 41.355457999729055], [-82.8864929999979, 41.355979999933766], [-82.88803100020594, 41.35630100011235], [-82.88953300042897, 41.35663299967987], [-82.89211799967708, 41.35717900022947], [-82.89294600023067, 41.357353999937764], [-82.89462599983062, 41.35766799976054], [-82.89557400003478, 41.357830000189054], [-82.89635099963641, 41.35794999982201], [-82.89716699959611, 41.35808000001749], [-82.89798799957866, 41.35818500006366], [-82.90002799992705, 41.358432000062955], [-82.90364199957017, 41.35884600006692], [-82.90603400027108, 41.35911899972317], [-82.9086989998851, 41.359455000113854], [-82.91635100039221, 41.3603349999797], [-82.91693800002302, 41.360401999903424], [-82.93158900038584, 41.36208799990147], [-82.9325790004228, 41.36220199981955], [-82.93496299982945, 41.36248999971672], [-82.93560300006206, 41.36258400010023], [-82.9363090004169, 41.36268600000412], [-82.93827100004916, 41.3630430000943], [-82.93972100039366, 41.36335299998893], [-82.94076800033204, 41.36359999992664], [-82.94190200030903, 41.363895999886246], [-82.94250900003135, 41.36406499995406], [-82.94334500008252, 41.36432300023238], [-82.94428200041604, 41.3646200001172], [-82.94566599973999, 41.36509800015891], [-82.94857099955354, 41.366131000145224], [-82.94958599970487, 41.36647400011457], [-82.95070299996344, 41.3668210002092], [-82.9510379996992, 41.366913000114344], [-82.95227399978344, 41.367286999942934], [-82.95444800002613, 41.3678100001251], [-82.95520399971137, 41.367998000217824], [-82.95552900029969, 41.368079000097474], [-82.95991200004684, 41.36917199984019], [-82.96117099969732, 41.36948899992398], [-82.96165600011922, 41.369610999838095], [-82.96260699979811, 41.36984899973044], [-82.96360900042896, 41.37007699981348], [-82.96781200025106, 41.37113599968559], [-82.97292399991926, 41.37241700011011], [-82.97365500038846, 41.37259900002837], [-82.97730300036677, 41.373513000244856], [-82.9782480001979, 41.37374400007722], [-82.98001200036175, 41.37419000012623], [-82.9825570003252, 41.374823000043826], [-82.98446899972875, 41.37530400033619], [-82.99267899955436, 41.377345000285565], [-82.99269899964584, 41.377349999870596], [-82.99575199959742, 41.378103999895764], [-82.9962999997685, 41.378242999671215], [-82.99691700043486, 41.37840300016998], [-82.9985529996539, 41.378807000216895], [-82.99969400020191, 41.37907099975272], [-83.00061200026883, 41.37927900010295], [-83.00201700040752, 41.37956399971646], [-83.0023489997702, 41.37962700026421], [-83.00236800003678, 41.37963100006155], [-83.00313700014081, 41.379776000300474], [-83.00446199991353, 41.38000500024713], [-83.00556800030144, 41.38017699974744], [-83.00632499981158, 41.38028399974001], [-83.00788800013399, 41.3804890001097], [-83.01139200017225, 41.380922000325135], [-83.01207500006257, 41.38098799967984], [-83.01718000005809, 41.38162300000579], [-83.01737699970157, 41.381647000071645], [-83.02173500023268, 41.3822110000805], [-83.0217500003013, 41.38221299989975], [-83.02205099970186, 41.38225200006971], [-83.02485900032936, 41.38269700018006], [-83.02713499978098, 41.38313200031334], [-83.02765199998991, 41.383239000162064], [-83.03131300038703, 41.38406699999293], [-83.03324400005715, 41.3845040001464], [-83.03745299972704, 41.38546500004259], [-83.0426170001721, 41.386633000125855], [-83.04372900040778, 41.38688500016873], [-83.04673999962826, 41.38756599968317], [-83.04903400041982, 41.388026000159385], [-83.05086600035575, 41.38835700012805], [-83.05091300021142, 41.388366000148466], [-83.0555920002346, 41.38922999967686], [-83.05644699965403, 41.389371000206665], [-83.05906799978546, 41.389845999961054], [-83.06052499980264, 41.39010700013502], [-83.06333300043015, 41.3906109999458], [-83.06644800030598, 41.39117499970651], [-83.06853200013698, 41.39156100010399], [-83.0778049997945, 41.393220999972634], [-83.08160299956063, 41.3938939999755], [-83.08289399989648, 41.394146000178246], [-83.08729099988733, 41.394916999737674], [-83.08830000019086, 41.395115000136265], [-83.08975499965993, 41.395380000222836], [-83.09236900011867, 41.395898000092295], [-83.09406700016027, 41.39629000025459], [-83.09632300041872, 41.396851999893826], [-83.09832400040906, 41.39742400019154], [-83.09960899999881, 41.397791999748286], [-83.10083000001444, 41.39814599989727], [-83.10230200010025, 41.39856499985096], [-83.10582799987984, 41.39955200028157], [-83.1081639996059, 41.400248000065], [-83.10860100034722, 41.400375000067534], [-83.10971600005766, 41.40068899979359], [-83.11232299994539, 41.40143199993584], [-83.11397499995626, 41.4019020001113], [-83.11571300018083, 41.40243099985119], [-83.11624999958295, 41.402560000171505], [-83.11695199973984, 41.4027500000777], [-83.12197100041993, 41.40416800016045], [-83.12834599993657, 41.405989999885975], [-83.12845899991447, 41.40602200010652], [-83.13085300026519, 41.40670600021006], [-83.13473499969692, 41.40781099987429], [-83.13580099990186, 41.408125999900214], [-83.13633099963128, 41.40828799999262], [-83.13820199992527, 41.40889799986893], [-83.13827700026835, 41.40892299980793], [-83.13938100010813, 41.40930700024986], [-83.14148800040365, 41.4100980002393], [-83.14314700008721, 41.410767999882], [-83.14499200044192, 41.41158900018294], [-83.14759000010882, 41.41284099982112], [-83.15015699981359, 41.41409400001212], [-83.15165200036392, 41.41483000024007], [-83.1541710003881, 41.41605900031099], [-83.15623400030272, 41.41703699967995], [-83.15820599998071, 41.41791400015456], [-83.15868700020465, 41.41811800005749], [-83.15965399977708, 41.418515000026204], [-83.16063200011848, 41.41889599996082], [-83.16161899978239, 41.419263999846045], [-83.16261700021526, 41.41961699988714], [-83.16387599986575, 41.42004699983731], [-83.16463900012198, 41.420296000013856], [-83.16540499985297, 41.42053499997247], [-83.16642400020224, 41.42083399977579], [-83.16792300005224, 41.421253999925305], [-83.16889600037075, 41.42151299997704], [-83.16987399981383, 41.42175499976031], [-83.17085800000302, 41.421987999910336], [-83.17184700021508, 41.422206000042465], [-83.17406300029054, 41.422662000028886], [-83.17513299979512, 41.4228990001221], [-83.17903100001871, 41.423683999960765], [-83.18158900040095, 41.42424300030255], [-83.18261299987478, 41.424498999749034], [-83.18389499998979, 41.424824999898654], [-83.18581399996437, 41.42537700007712], [-83.18855499974639, 41.42618999968326], [-83.18861900021881, 41.42620900026483], [-83.18907899962802, 41.42634699999701], [-83.19871899970666, 41.42921699991797], [-83.20066600016862, 41.42978699982131], [-83.20179599994766, 41.43012600004574], [-83.20181699986406, 41.43013199979535], [-83.20336699976767, 41.430579999963534], [-83.20667199961433, 41.43157800006302], [-83.20800999980581, 41.43197099996853], [-83.2088469996819, 41.43222000021984], [-83.21114899997112, 41.4329050000621], [-83.21430099965688, 41.43385000022076], [-83.22074600039204, 41.43578199966555], [-83.22076300011048, 41.43578700014376], [-83.22459500021182, 41.43690200018531], [-83.23128799974577, 41.43889099975579], [-83.2337399998228, 41.43961600003888], [-83.23636099995424, 41.44039999975734], [-83.23723299999043, 41.44065300008109], [-83.23775000019937, 41.44080699970744], [-83.24019399988047, 41.44153300014244], [-83.24021200032213, 41.441538000177616], [-83.24354899995583, 41.44255599997865], [-83.24504299978295, 41.4429999999838], [-83.2469409998411, 41.44357299999563], [-83.24932299959795, 41.444369999917775], [-83.25122200037933, 41.44506600030172], [-83.25326199982938, 41.445823999688365], [-83.25463199980794, 41.4463380002891], [-83.25621199984879, 41.4469230002145], [-83.25969800034372, 41.44822699978335], [-83.25982600039023, 41.44827499986636], [-83.25996100010944, 41.448324999718615], [-83.25999000042178, 41.44833599999072], [-83.26025099963937, 41.44841600019935], [-83.26143400002016, 41.44888399998198], [-83.26158299998308, 41.44893099968584], [-83.26200499975748, 41.449065999920904], [-83.26262099970062, 41.449300000246446], [-83.2641339997943, 41.44988200008932], [-83.26874500004541, 41.45158699995281], [-83.26915299957611, 41.45173799966592], [-83.26936799966126, 41.45181799971926], [-83.26974599995305, 41.45195899975834], [-83.27101399982433, 41.452429999758515], [-83.27391600016315, 41.45352299986992], [-83.27606100009353, 41.45442799969284], [-83.27720799959101, 41.454928000228236], [-83.27780599999082, 41.45521500027294], [-83.27912999993862, 41.455849999710615], [-83.28074299959142, 41.45664899985182], [-83.28190599988075, 41.457232999943905], [-83.28308900026155, 41.45787299994508], [-83.28316899972918, 41.457916000177356]]}, "properties": {"BASENAME": "90", "MTFCC": "S1100", "NAME": "I- 90", "OBJECTID": 3601, "OID": "110454700933", "PREDIR": null, "PREDIRABRV": null, "PREQUAL": null, "PREQUALABRV": null, "PRETYP": 344, "PRETYPEABRV": "I-", "RTTYP": "I", "SUFDIR": null, "SUFDIRABRV": null, "SUFQUAL": null, "SUFQUALABRV": null, "SUFTYP": null, "SUFTYPEABRV": null}}, {"type": "Feature", "id": 3643, "geometry": {"type": "LineString", "coordinates": [[-83.28358300000599, 41.457911000057905], [-83.28350199981512, 41.45787000000607], [-83.28203300010236, 41.45712999982077], [-83.28040700003075, 41.45629800009787], [-83.2796630000411, 41.455920999991854], [-83.27912699956556, 41.45565100016765], [-83.27878500015711, 41.45547899979328], [-83.27723100005555, 41.45474100021258], [-83.27596400000915, 41.45417099996743], [-83.27337200019002, 41.45312999984914], [-83.2697919999838, 41.451761000246805], [-83.26940799984422, 41.451613999994194], [-83.26915599994915, 41.45151800002038], [-83.26877799965737, 41.45137699969609], [-83.26411100022808, 41.449630999826766], [-83.26191900044206, 41.44882000001528], [-83.26090900031362, 41.44843999983866], [-83.2599929998965, 41.4480950002137], [-83.25969900016862, 41.44798499969384], [-83.25691099963262, 41.44694900025335], [-83.25299400004079, 41.445482000132216], [-83.25078600036123, 41.44466100004607], [-83.24853599995058, 41.44385799983077], [-83.24653400013534, 41.443211999709405], [-83.2436100000552, 41.44234200014095], [-83.240209999774, 41.44135099994844], [-83.24019200023065, 41.44134599989891], [-83.23774600000141, 41.44062000006553], [-83.23633900021292, 41.440200999959515], [-83.23358900021006, 41.43939000012743], [-83.22472499990815, 41.43675199969723], [-83.22357599986253, 41.43640300021469], [-83.22076200028557, 41.435554999773565], [-83.22074700021696, 41.435549999950965], [-83.21623800007312, 41.43422900018866], [-83.21444899979488, 41.43370799976246], [-83.21179699970132, 41.43290600020207], [-83.21110899978814, 41.43270399989611], [-83.21083500015176, 41.43262299970356], [-83.20885300042802, 41.432033000082534], [-83.20797899984368, 41.43177000027813], [-83.20181500021422, 41.42993700024029], [-83.20179500012276, 41.42993099979912], [-83.20115999991303, 41.42973500012502], [-83.18890500044907, 41.4261079998747], [-83.18862199969354, 41.42602499971661], [-83.1872600001109, 41.42561699977456], [-83.18548199970334, 41.425091999915665], [-83.18347700041338, 41.424528999744396], [-83.18260899967683, 41.42431200027375], [-83.18209099964297, 41.42417999988408], [-83.17996300032935, 41.42368099978809], [-83.17725900035724, 41.423111999783394], [-83.17537499964448, 41.422721999682324], [-83.17406800031343, 41.42248099976162], [-83.17364200034108, 41.42239599975233], [-83.1718410003673, 41.42202400021742], [-83.17124700016547, 41.421893999837664], [-83.17065799998647, 41.42175999997177], [-83.17006799998262, 41.42162100028122], [-83.16889700019567, 41.42132999991231], [-83.16773200025652, 41.4210209998362], [-83.1665770003631, 41.42069599977854], [-83.1665199995634, 41.42067900026134], [-83.16546900032539, 41.42036399980411], [-83.16440999979312, 41.420030999815], [-83.1633579998319, 41.41968400004472], [-83.16283599960006, 41.41950500025367], [-83.16179899970744, 41.41913400000398], [-83.16128300022173, 41.41894400018126], [-83.16025999967448, 41.418551000237635], [-83.15924399969825, 41.41814699993882], [-83.15823699994284, 41.41772600020506], [-83.15724299970793, 41.41729400029448], [-83.15625799969385, 41.41684800017289], [-83.1557689999723, 41.4166189999869], [-83.15394899973194, 41.415740000080234], [-83.15250199976049, 41.41502599976967], [-83.15210699975027, 41.414833999892664], [-83.15061700012112, 41.41411200033501], [-83.14883000039104, 41.41323900014985], [-83.14749300002444, 41.412579000206854], [-83.14630600034398, 41.41200600011917], [-83.1431450004374, 41.41057700003036], [-83.14120700019626, 41.409788999950194], [-83.13975500020193, 41.40925200015737], [-83.13849700037638, 41.40880100020307], [-83.1384570001934, 41.408788000292425], [-83.13758500015722, 41.408494000167195], [-83.13580500009982, 41.40793700006794], [-83.13544199987666, 41.40782599968558], [-83.12832300037036, 41.405794000044025], [-83.12822200008802, 41.40576500003783], [-83.12445699993384, 41.4046889997662], [-83.12197300006976, 41.403983999827894], [-83.1195750004194, 41.40327400003967], [-83.11885900001883, 41.40306800016002], [-83.11828900010644, 41.402902000141694], [-83.11799600020346, 41.40279399970719], [-83.11669599964681, 41.402443999686156], [-83.11242800042568, 41.40122600028136], [-83.11114999961032, 41.40085899991357], [-83.109809999769, 41.40048399977097], [-83.10945300029194, 41.40039100021471], [-83.10854000024786, 41.40012900025659], [-83.10592999998708, 41.39940599968715], [-83.10364899961426, 41.398754999981904], [-83.1009880001982, 41.39800700021337], [-83.09977700022829, 41.39765499999929], [-83.09863900005331, 41.3973260002293], [-83.09687900008743, 41.39681099967681], [-83.09490300021146, 41.3962809999834], [-83.0927239999459, 41.39576399983502], [-83.09080300032151, 41.39535499979038], [-83.08845500000156, 41.39491599968648], [-83.08834299984858, 41.394896000007186], [-83.08728900023752, 41.39473100005948], [-83.08302600014096, 41.393939999668184], [-83.08178000001097, 41.39373499992251], [-83.08042699975084, 41.393476999708405], [-83.07780300014467, 41.39300300028211], [-83.06853700015985, 41.39133500006212], [-83.06644499993294, 41.39098199999617], [-83.05669500024945, 41.38922500033116], [-83.05559399988441, 41.38902800033031], [-83.05086700018067, 41.38817499982237], [-83.0490519999632, 41.38784199995503], [-83.04731299991369, 41.38747699982919], [-83.04529500020493, 41.387022999874674], [-83.04401700028788, 41.38672500031889], [-83.04290599987709, 41.386473999836916], [-83.03827299988467, 41.38543599972686], [-83.03132799955732, 41.38387200030789], [-83.03131599986176, 41.38386900031852], [-83.02786600025016, 41.383091000204985], [-83.02781600002145, 41.38308099989516], [-83.02710700019188, 41.382930999781316], [-83.02628399966119, 41.382763999993536], [-83.02555100044049, 41.38262600001068], [-83.02461699958171, 41.38244399983951], [-83.02283099967653, 41.38214399969733], [-83.02175399960095, 41.38199200029229], [-83.02174000025555, 41.38198999979222], [-83.02055299967678, 41.38183699977488], [-83.01903100026057, 41.381661999855545], [-83.0174219999074, 41.381469999798995], [-83.01728499964007, 41.3814549999708], [-83.0163730003192, 41.38134600003689], [-83.01317700025253, 41.38095400008191], [-83.01207699971239, 41.38081300017198], [-83.01141800011153, 41.38072699997162], [-83.010296999655, 41.38059600026304], [-83.00889900008737, 41.380418999826006], [-83.0079309997917, 41.38029199992771], [-83.00702100012069, 41.380183999670415], [-83.00585500035662, 41.380019999735715], [-83.00475900001446, 41.37983099972544], [-83.00324599992075, 41.379570999705415], [-83.00237100040984, 41.379409999768185], [-83.00235200014326, 41.379407000247035], [-83.00217300004311, 41.37937499972907], [-83.00001499969396, 41.37893600023888], [-82.99869400011922, 41.37863299986036], [-82.99793500006092, 41.37845099997323], [-82.99653400012022, 41.3781059998413], [-82.99555599977883, 41.37785299983972], [-82.99270399966872, 41.37712400031319], [-82.99268600012536, 41.3771190000367], [-82.98346899964604, 41.37482900018291], [-82.98189199997825, 41.37444800002803], [-82.98022800027181, 41.37402399983647], [-82.97875000033821, 41.373655000180555], [-82.97676100004345, 41.373159000109325], [-82.97451599965567, 41.372610000321984], [-82.97365899968811, 41.37239300000876], [-82.97287899971343, 41.372179999901434], [-82.97251100036571, 41.37209099988738], [-82.97111700009769, 41.371740999711484], [-82.96722200024718, 41.3707799999269], [-82.96412599973958, 41.370008999978765], [-82.96321500024366, 41.369765999830065], [-82.96268700016405, 41.36962899967345], [-82.96221299961282, 41.36951100021277], [-82.96134399994968, 41.36930000032366], [-82.96062300042453, 41.369120000161715], [-82.96061099983066, 41.36911199994824], [-82.95503600038019, 41.367725999850734], [-82.95445300004901, 41.36757999991836], [-82.95384299995364, 41.36740699966675], [-82.9530529999332, 41.367218999888834], [-82.95180799962813, 41.36690200020581], [-82.95133700034825, 41.36677299991397], [-82.95102299963058, 41.366680999810875], [-82.95056499987118, 41.36654700001424], [-82.94983099992726, 41.36631399993717], [-82.94909699998333, 41.36607100014556], [-82.94837200026022, 41.36582499997321], [-82.94749199982813, 41.36550599990768], [-82.94556500035596, 41.36482199977055], [-82.94417799976064, 41.364349000308216], [-82.94242000034288, 41.36380799985669], [-82.94089600037854, 41.36340500023117], [-82.93983600002139, 41.363148000224015], [-82.93862900024943, 41.36288900013695], [-82.93655700011402, 41.36250399999766], [-82.93560300006206, 41.36235799980973], [-82.93510199974664, 41.3622809997403], [-82.93143100020211, 41.361848000166276], [-82.93127899986614, 41.361830000201046], [-82.9291299997378, 41.36158699984572], [-82.9169430000459, 41.36018500000101], [-82.91635200021713, 41.36011699994174], [-82.90520200041784, 41.35883600007509], [-82.90322200034392, 41.358604999902866], [-82.8990599996314, 41.358151000009485], [-82.89758199969779, 41.35796299978579], [-82.89662299962298, 41.35782000004111], [-82.89567600014203, 41.35766499991113], [-82.89520099976589, 41.35759200016144], [-82.89472600028803, 41.357509000134094], [-82.89337499967775, 41.35726000009129], [-82.89212199987504, 41.35700400005071], [-82.88981899976093, 41.35651300031597], [-82.88639699973842, 41.35579100020362], [-82.88446699989322, 41.35538200024664], [-82.88228199977988, 41.354919000196254], [-82.880341000064, 41.35449300018126], [-82.87942899984486, 41.35428900015559], [-82.87940899975338, 41.35428500014871], [-82.87835799961704, 41.354073000105885], [-82.87767499972674, 41.35395400007515], [-82.87765999965812, 41.353951000054515], [-82.87687300001075, 41.35381400031571], [-82.87519000003776, 41.353553000143386], [-82.87305799962786, 41.35326499980839], [-82.86824100041075, 41.352774000190784], [-82.86473499982435, 41.35239299967844], [-82.86168600007073, 41.35205299977559], [-82.85958499962298, 41.35184900019532], [-82.85757000028728, 41.35162199967292], [-82.85545200012109, 41.35140700026035], [-82.84880899991752, 41.35068899971169], [-82.84668900010152, 41.35046999967391], [-82.84502700004491, 41.35028899996115], [-82.84403000033525, 41.35018700018446], [-82.8440119998936, 41.35018500005502]]}, "properties": {"BASENAME": "90", "MTFCC": "S1100", "NAME": "I- 90", "OBJECTID": 3643, "OID": "110454700935", "PREDIR": null, "PREDIRABRV": null, "PREQUAL": null, "PREQUALABRV": null, "PRETYP": 344, "PRETYPEABRV": "I-", "RTTYP": "I", "SUFDIR": null, "SUFDIRABRV": null, "SUFQUAL": null, "SUFQUALABRV": null, "SUFTYP": null, "SUFTYPEABRV": null}}, {"type": "Feature", "id": 3647, "geometry": {"type": "LineString", "coordinates": [[-83.60640799986818, 41.58026599993759], [-83.60485700013965, 41.57931799984243], [-83.60442000029666, 41.57905099994935], [-83.60348100031331, 41.57849099987745], [-83.60309399980072, 41.578277000038774], [-83.60274700036939, 41.57809899982743], [-83.6023890001691, 41.57793200024395], [-83.60186600011238, 41.577710999773196], [-83.60137300019286, 41.57751899972938], [-83.60053499959355, 41.57720599968727], [-83.59815399966163, 41.576314999854525], [-83.59649900017604, 41.575695999694794], [-83.59430800021492, 41.574865999821746], [-83.59314199955254, 41.57440399986253], [-83.59239599991307, 41.57409500009222], [-83.59214499984289, 41.57399100030898], [-83.59160000004485, 41.57375899998237], [-83.58618899972758, 41.57145000015223], [-83.58498000030582, 41.57093599993478], [-83.58147899974229, 41.56944700024919], [-83.5812820000988, 41.569363000053954], [-83.58098699964769, 41.56923700022846], [-83.58097400012723, 41.56923500012262], [-83.58093499976916, 41.569214999732374], [-83.58088200006573, 41.56919299990083], [-83.58080099987485, 41.5691580000312], [-83.5806219997747, 41.56908099984801], [-83.5805220002156, 41.56903199980588], [-83.58042000010835, 41.56898499984024], [-83.57996599964859, 41.56878799976961], [-83.57991700014311, 41.56877000003344], [-83.5795360003766, 41.568602999852324], [-83.5770509997893, 41.567572000194126], [-83.57680499974201, 41.567470000151026], [-83.57672100007642, 41.56743399993919], [-83.57591900036041, 41.56709299970115], [-83.57506099966963, 41.56670999985997], [-83.57497199998116, 41.566670000198336], [-83.57448400008454, 41.56644300027188], [-83.57398600014216, 41.56619500013934], [-83.5730589998544, 41.565698000271354], [-83.57214400016049, 41.56519000001481], [-83.57175199962502, 41.564965999950644], [-83.57156000000441, 41.564857000325624], [-83.57142899958484, 41.56479099971723], [-83.57130499973628, 41.56471200013253], [-83.57018199962992, 41.56407700025169], [-83.56926600011111, 41.56356900002116], [-83.56779200037549, 41.562720000037054], [-83.56742800032742, 41.56251499977269], [-83.56606599984646, 41.56175400017866], [-83.56481300004377, 41.56104599982495], [-83.56438899972123, 41.56080700012179], [-83.56408800032068, 41.56063700030964], [-83.55744000009426, 41.55688199989696], [-83.5556700000826, 41.555883999925776], [-83.55351199973344, 41.55466699989938], [-83.55282800001824, 41.554300999805854], [-83.55208599967838, 41.55392000001404], [-83.5513330003662, 41.55354999988592], [-83.55057000010997, 41.55319199991164], [-83.5498470000367, 41.552870999884334], [-83.54895800028206, 41.55249600025868], [-83.54811200018516, 41.55215699980586], [-83.54666699986352, 41.55160800009082], [-83.54500599963183, 41.55098400017911], [-83.53800099992834, 41.548336000243154], [-83.53719099981642, 41.5480270001744], [-83.52904799993796, 41.544960999818905], [-83.52857099991198, 41.544777000024524], [-83.52465500014507, 41.54330000004655], [-83.52219600039534, 41.542372000057476], [-83.52149199969033, 41.542121000265276], [-83.52088999999089, 41.541916999687054], [-83.52028200044366, 41.541725000176505], [-83.51949999992084, 41.54149499993529], [-83.51882399970324, 41.54130999987854], [-83.51802799983503, 41.54110900022366], [-83.51728300002044, 41.540937000066506], [-83.51641699983205, 41.54075499989456], [-83.51554399997094, 41.54059100007669], [-83.51478200043792, 41.54046599978456], [-83.51395800008233, 41.5403480000616], [-83.51253899969996, 41.540170000243165], [-83.51132799973007, 41.5400260003035], [-83.51063099959606, 41.53994399985839], [-83.50904600043064, 41.539758000234514], [-83.50307000022389, 41.53904200020291], [-83.49868999995145, 41.53852100006929], [-83.49780600021971, 41.53840400001714], [-83.49668999978604, 41.53823600017551], [-83.49569599955112, 41.53807000029559], [-83.49476599978863, 41.53789599972108], [-83.4938429996988, 41.537703999703155], [-83.49281099982905, 41.53746999979318], [-83.49208199990801, 41.53728999970013], [-83.49077499967864, 41.53693799974405], [-83.48993600015272, 41.536696999891824], [-83.48910400029949, 41.53644299992661], [-83.48833400037056, 41.5361929998763], [-83.48746599963403, 41.535890000330156], [-83.48660500036681, 41.535573000073455], [-83.48580699995047, 41.53526400020313], [-83.48501600010513, 41.53494399983471], [-83.4843390000626, 41.53465499998224], [-83.48346500037661, 41.53426300026173], [-83.48322699982691, 41.534152000116855], [-83.48223000011727, 41.53368900029945], [-83.47959399991721, 41.532452999669594], [-83.47939100042595, 41.53235799967372], [-83.47832799969572, 41.53185899993845], [-83.47750599988825, 41.53148899998226], [-83.47682800002083, 41.53119900019111], [-83.47603499962736, 41.5308809998348], [-83.47411499982789, 41.530144000024386], [-83.47304600014822, 41.52974099995976], [-83.47277499998656, 41.5296489999952], [-83.47259400023658, 41.529578999773726], [-83.4716510000553, 41.529227000221034], [-83.46512099982964, 41.52675599990154], [-83.46331200035824, 41.52607200006746], [-83.4630269999529, 41.52596400014055], [-83.46216099976449, 41.52563499967569], [-83.45996899997846, 41.52480300030186], [-83.45794000039905, 41.52403800031496], [-83.45669199972092, 41.52356599996276], [-83.45650500012317, 41.523495999885235], [-83.45551900028417, 41.52312300024181], [-83.45485399993721, 41.52287199972951], [-83.45477199992145, 41.52284100005419], [-83.45363100027176, 41.52240999999267], [-83.45313400015426, 41.52222200017455], [-83.45169300003062, 41.52167399997813], [-83.43533199993061, 41.515479000060495], [-83.43527500002921, 41.51546000006523], [-83.43501100043856, 41.51535700031234], [-83.43374299966895, 41.51487700011869], [-83.4331629997108, 41.5146570001576], [-83.43260399966906, 41.514444999927875], [-83.43142299983639, 41.51400400012243], [-83.43044700004315, 41.5136599998249], [-83.4297340000156, 41.51342300032982], [-83.42884799973572, 41.513146999722], [-83.42800900020981, 41.51290400020141], [-83.4271079998613, 41.512657999674516], [-83.42631399964291, 41.5124530000909], [-83.42557200020138, 41.51227500019814], [-83.42476799993726, 41.51209499996008], [-83.42378600029622, 41.5118919998011], [-83.42297199998634, 41.51173800013727], [-83.42168700039662, 41.51151800027029], [-83.42024899974767, 41.51128199993647], [-83.41958000010108, 41.511172000330575], [-83.41898599989923, 41.51107300025645], [-83.41492700001719, 41.51039800005747], [-83.41457899986264, 41.51032999977377]]}, "properties": {"BASENAME": "90", "MTFCC": "S1100", "NAME": "I- 90", "OBJECTID": 3647, "OID": "110461570567", "PREDIR": null, "PREDIRABRV": null, "PREQUAL": null, "PREQUALABRV": null, "PRETYP": 344, "PRETYPEABRV": "I-", "RTTYP": "I", "SUFDIR": null, "SUFDIRABRV": null, "SUFQUAL": null, "SUFQUALABRV": null, "SUFTYP": null, "SUFTYPEABRV": null}}, {"type": "Feature", "id": 3649, "geometry": {"type": "LineString", "coordinates": [[-83.15401900005214, 41.368530999929995], [-83.15389900040154, 41.36853999999769], [-83.15379100044652, 41.368543000019976], [-83.15374000039289, 41.368543999802654], [-83.15362400004193, 41.36853900021495], [-83.15353600017838, 41.36853499973551], [-83.15333199996388, 41.36852599966712], [-83.15324699957507, 41.368524999884166], [-83.15305999997732, 41.368521999861045], [-83.1512649998513, 41.36849399986331], [-83.15072699972598, 41.36848600024699], [-83.14953500002264, 41.36845999980176], [-83.14904100027825, 41.36844300010138], [-83.14894599984368, 41.36844200031715], [-83.14848399988631, 41.36844099985874], [-83.14844399970335, 41.36844000007448], [-83.14369899955796, 41.36834800030597], [-83.14251100005258, 41.36832499983794], [-83.14200999973717, 41.368314999954315], [-83.14168300039734, 41.368308999888576], [-83.13958199994957, 41.368263000265046], [-83.13939700000165, 41.368258999768685], [-83.13672999983946, 41.36821699993487], [-83.13468199999348, 41.36818499997909], [-83.13365400032167, 41.368162999916095], [-83.1335429999936, 41.36816099966484], [-83.13187300043938, 41.36812600031436], [-83.13043999981332, 41.3680969996825], [-83.12961200015808, 41.36807999988728], [-83.12831999999732, 41.36804400002866], [-83.12790099969764, 41.368035999682874], [-83.12728999977739, 41.36804000019295], [-83.12524399958122, 41.367993999705114], [-83.12112199994996, 41.367921999872785], [-83.12105599982773, 41.36792100008055], [-83.11900499960869, 41.36788100028852], [-83.11763899982809, 41.36785900012273], [-83.11710700044884, 41.367849999960825], [-83.11704600034949, 41.36784900016748], [-83.11693099982344, 41.36784600011319], [-83.11610200034328, 41.36782499972929], [-83.11285900042091, 41.36775700023746], [-83.11268799981836, 41.3677500003254], [-83.11266199987911, 41.367748999856396], [-83.11262800044223, 41.3677480000615], [-83.11233999966383, 41.36773700029414], [-83.11192700011027, 41.36770999975406], [-83.11110399957957, 41.367642999938575], [-83.11076999966872, 41.36760299997559], [-83.11060300016246, 41.36758299998492], [-83.11013799983206, 41.36752699984338], [-83.10790000001526, 41.36721999969185], [-83.10765999981577, 41.36718700011639], [-83.10739600022512, 41.36715099976371], [-83.10726200033079, 41.367132999916976], [-83.1061840004303, 41.366984999714866], [-83.10215999981003, 41.36643400010711], [-83.10100999993949, 41.36626599994206], [-83.10076700026525, 41.36622800011747], [-83.10072999955702, 41.36622199985926], [-83.10071600021162, 41.366220000222526], [-83.09974500044123, 41.366068000009335], [-83.09755899960467, 41.36576899966698], [-83.09333999988905, 41.36518499995806], [-83.09269800000665, 41.36509800015891], [-83.09214700036082, 41.36502400014525], [-83.09210100033008, 41.36501799977601], [-83.09200800044364, 41.36500499987306], [-83.09159099979381, 41.36493300010412], [-83.09124199981436, 41.36488099973457], [-83.09086799972053, 41.36484500012854], [-83.09053700018275, 41.36479800023842], [-83.09023599988386, 41.36475600019308], [-83.08969399956057, 41.36466200025033], [-83.0893579999999, 41.36459000010186], [-83.0890269995638, 41.36450499987089], [-83.08870199987379, 41.36440800002689], [-83.08848299959067, 41.364333000055325], [-83.08838399985646, 41.364298999842], [-83.08807400023505, 41.36417799993013], [-83.08775799986756, 41.36404199999458], [-83.08745200044413, 41.36389099994139], [-83.08730199975798, 41.363810000241756], [-83.08701499970282, 41.36364000032784], [-83.08674299971625, 41.36345800029268], [-83.08655799976832, 41.36332600032653], [-83.08642499969893, 41.363203000224345], [-83.08592799958147, 41.362844999793246]]}, "properties": {"BASENAME": "6", "MTFCC": "S1100", "NAME": "US Hwy 6", "OBJECTID": 3649, "OID": "1108296491688", "PREDIR": null, "PREDIRABRV": null, "PREQUAL": null, "PREQUALABRV": null, "PRETYP": 640, "PRETYPEABRV": "US Hwy", "RTTYP": "U", "SUFDIR": null, "SUFDIRABRV": null, "SUFQUAL": null, "SUFQUALABRV": null, "SUFTYP": null, "SUFTYPEABRV": null}}, {"type": "Feature", "id": 3661, "geometry": {"type": "LineString", "coordinates": [[-83.39073799968301, 41.50051999982158], [-83.39067499993381, 41.50049299996133], [-83.39036600013732, 41.50034599985183], [-83.38471200014583, 41.4977570001625], [-83.3824099998566, 41.49670400011718], [-83.37865800012122, 41.49500000018108], [-83.37774799955189, 41.49460500018175], [-83.37772599981058, 41.49459500021865], [-83.37509200015867, 41.4934110002682], [-83.37491999973122, 41.4933320002725], [-83.3729399996573, 41.492436000162066], [-83.37226199978987, 41.49212499972786], [-83.37171699999183, 41.491886000322474], [-83.3716450000218, 41.4918460001275], [-83.37109600002582, 41.49160200015282], [-83.37034700001327, 41.49126599990805], [-83.36947300032726, 41.49086200006986], [-83.36645299998767, 41.48948500014464], [-83.3657380003103, 41.48915999976294], [-83.36498000007694, 41.488816000030106], [-83.36447200008882, 41.488585000166424], [-83.36435699956279, 41.48853299981552], [-83.36400799958332, 41.48837100011118], [-83.36301599989653, 41.48790599985631], [-83.36251200010638, 41.48767800001845], [-83.36028699981006, 41.486647999965705], [-83.36026500006876, 41.48663900010478], [-83.35928099987959, 41.48619999998642], [-83.35922900000105, 41.486178000172025], [-83.35888800041751, 41.48602399991615], [-83.35845999989702, 41.48582400011244], [-83.35817100019203, 41.485682999681245], [-83.35633500005814, 41.48485400028112], [-83.3536140003676, 41.48361699966755], [-83.35212800003809, 41.48293699974363], [-83.34967099993818, 41.4818020002903], [-83.34782499975856, 41.48095399966696], [-83.34748400017503, 41.48079700023092], [-83.34705700037776, 41.48061599990327], [-83.34667599971294, 41.48045500000126], [-83.3466010002682, 41.48041999988187], [-83.346053999922, 41.480165999775735], [-83.34531800032826, 41.47982400025415], [-83.34461199997344, 41.479501000058285], [-83.34282699989318, 41.47871500021186], [-83.34045799965682, 41.477615999930585], [-83.33913999955679, 41.47702100022462], [-83.33876899983603, 41.476860000141144], [-83.33849799967439, 41.4767380003174]]}, "properties": {"BASENAME": "90", "MTFCC": "S1100", "NAME": "I- 90", "OBJECTID": 3661, "OID": "110454700934", "PREDIR": null, "PREDIRABRV": null, "PREQUAL": null, "PREQUALABRV": null, "PRETYP": 344, "PRETYPEABRV": "I-", "RTTYP": "I", "SUFDIR": null, "SUFDIRABRV": null, "SUFQUAL": null, "SUFQUALABRV": null, "SUFTYP": null, "SUFTYPEABRV": null}}, {"type": "Feature", "id": 3696, "geometry": {"type": "LineString", "coordinates": [[-82.8440119998936, 41.35018500005502], [-82.84300299959007, 41.35008799977239], [-82.84132999966279, 41.349897999724604], [-82.84077900001698, 41.34983600012848], [-82.83912399963305, 41.349653999928925], [-82.83504200018479, 41.34922300012831], [-82.83323299981508, 41.34902799984123], [-82.83053499969077, 41.348739000305834], [-82.8301990001301, 41.34870099968809], [-82.82892899971066, 41.34857000022807], [-82.827242000438, 41.34839599992514], [-82.82664999988599, 41.34834100022488], [-82.82605599968414, 41.34829199969255], [-82.8255810002063, 41.34826200024302], [-82.8223630003983, 41.348094999795244], [-82.81884599994123, 41.3479249999695], [-82.81674100019384, 41.34781699992903], [-82.81379399964916, 41.34766499989322], [-82.81246899987646, 41.34759799967162], [-82.81026299984671, 41.34749199997529], [-82.80805799964189, 41.347379000026315], [-82.80495199998688, 41.347227000316764], [-82.80477899973452, 41.34721900010925], [-82.80245499970403, 41.34709599991414], [-82.80200600016545, 41.347069000251416], [-82.80162100020097, 41.347045999680674], [-82.80090700034853, 41.346993999855734], [-82.80042399957647, 41.34695199978524], [-82.79971899994486, 41.34689299975283], [-82.798948000191, 41.34682100017806], [-82.79811899981252, 41.34673299999024], [-82.79711500043017, 41.346615000149484], [-82.79617200024889, 41.34649499985207], [-82.7956950002229, 41.3464289998977], [-82.79529000016696, 41.3463739998846], [-82.79458700018517, 41.346267000093896], [-82.79412699987762, 41.34619200012317], [-82.79336100014665, 41.34606699975519], [-82.79277799981546, 41.34596799982221], [-82.79259700006548, 41.34593400013064], [-82.79190800032742, 41.34580600022021], [-82.79051999990719, 41.34553599976318], [-82.78803100002024, 41.34503400029356], [-82.78651100025385, 41.344728000064464], [-82.7860640003651, 41.34463699997019], [-82.78596100043293, 41.34461699966564], [-82.78472299980054, 41.34436800021517], [-82.78427699973672, 41.344278999928726], [-82.78095900036958, 41.343613999712595], [-82.78025800003762, 41.34347299980525], [-82.77949599960631, 41.34332000024922], [-82.77816699963563, 41.343058999819846], [-82.77297299995166, 41.34201400026538], [-82.77193100003615, 41.341813000159135], [-82.77082999967111, 41.34160900019199], [-82.77001500043465, 41.341466999791386], [-82.76925600037636, 41.34134599992286], [-82.7680839998662, 41.34117300007712], [-82.76726299988366, 41.34105700001283], [-82.76643299968026, 41.34095699967528], [-82.7658019996685, 41.340881000125336], [-82.76570899978208, 41.34086999986368], [-82.76559499997926, 41.34085600032502], [-82.76525500022062, 41.340814999876336], [-82.76514200024272, 41.340801999860254], [-82.75983499968254, 41.340080000185864], [-82.75948599970309, 41.34003199972755], [-82.75653999988162, 41.3396879997919], [-82.74840299985095, 41.338758999744634], [-82.74821000040542, 41.33873500004485], [-82.7476310002722, 41.33866399978504], [-82.74743899975327, 41.3386410002923], [-82.74673400012166, 41.338555000328135], [-82.74462099997834, 41.3382969997542], [-82.74408000037826, 41.338231000258915], [-82.74391700017166, 41.3382110000103], [-82.7430550001812, 41.3381060001219], [-82.74047000003478, 41.337791000115615], [-82.73960899986925, 41.33768600022461], [-82.73605999962513, 41.33725200000353], [-82.73315499981159, 41.33689800023366], [-82.73179900007672, 41.33673199991521], [-82.73079599962097, 41.33661600003479], [-82.72996799996571, 41.33653000009476], [-82.72901999976155, 41.33644200016404], [-82.72789300035554, 41.33634999968015], [-82.72700100022787, 41.33628699972104], [-82.72598899955129, 41.33622800014306], [-82.72539299969961, 41.33619799985698], [-82.72527499969885, 41.33619299980794], [-82.72444000037089, 41.336165000065954], [-82.7223509996187, 41.33611399992678], [-82.72182000006437, 41.33610300020893], [-82.72030600014578, 41.33607099997678], [-82.71576699986468, 41.33597600014351], [-82.714253999771, 41.33594500013243], [-82.71100800037392, 41.335876999708354], [-82.70933500044664, 41.33584800022006], [-82.70808199974563, 41.33581700014806], [-82.70551500004089, 41.33576100032873], [-82.70390300021299, 41.33573000021532], [-82.7020529998354, 41.33568800029922], [-82.69974499969842, 41.33564199987829], [-82.69933200014486, 41.33563400027101], [-82.69906699983099, 41.33562900017868], [-82.69818800012212, 41.33561000009418], [-82.69475699987878, 41.335536000280236], [-82.69361399968092, 41.335512000067304], [-82.69039800042107, 41.33544300024903], [-82.68855999973904, 41.33540399967423], [-82.6866499999853, 41.33535099970314], [-82.6858740002086, 41.33532000006907], [-82.68503899998234, 41.33527700026943], [-82.68402700020408, 41.33521300032686], [-82.68307499980193, 41.335144999813075], [-82.6823619997744, 41.33508399995636], [-82.68141399957024, 41.33499099995432], [-82.68076699966495, 41.3349209999595], [-82.68046799991421, 41.33488899982119], [-82.67958199963432, 41.334782999672235], [-82.67864000017626, 41.33466099989822], [-82.67781800036877, 41.33454499970212], [-82.67757800016925, 41.33450900018074], [-82.67705599993744, 41.33442899997398], [-82.67677999975294, 41.334383000012934], [-82.6759470000748, 41.334246000244484], [-82.6750740002137, 41.33409299992129], [-82.67439600034628, 41.33396599998403], [-82.6740880003747, 41.333909000282205], [-82.6736039997777, 41.33381299967765], [-82.67351000006639, 41.33379399973798], [-82.66818499996283, 41.33267100023991], [-82.66798800031934, 41.33263000003484], [-82.66585799955928, 41.33218700015528], [-82.66229300031996, 41.33143199992629], [-82.65941600009549, 41.33082999996824], [-82.65573499960689, 41.330053000073946], [-82.65423900012995, 41.32974100003513], [-82.65291699983197, 41.32946000026506], [-82.65192699979501, 41.329253000247306], [-82.64963700009969, 41.32877500006588], [-82.64871300018497, 41.328591999968545], [-82.64790100042323, 41.32844399982715], [-82.64691100038627, 41.32827499969666], [-82.6464900004368, 41.32820900016535], [-82.64609399970335, 41.328145999753154], [-82.64588899966394, 41.3281150000633], [-82.64462900018856, 41.327929000265485], [-82.6440840003905, 41.327851999947164], [-82.64378200026673, 41.32780899994008], [-82.64348199979275, 41.327767000313614], [-82.64108800034036, 41.32742799973554], [-82.64005100044774, 41.32728199980685], [-82.63911300028931, 41.327142000039196], [-82.63829499978146, 41.327009999963494], [-82.637072000116, 41.32679800016131], [-82.63643400043156, 41.32667900020234], [-82.6353949999908, 41.32646999993547], [-82.63424299957212, 41.32622999976078], [-82.63395100039239, 41.32616499994076], [-82.63344099985615, 41.32605299984974], [-82.6315939998516, 41.325634000259335], [-82.63156899973724, 41.32562800030683], [-82.63149500011741, 41.32561100021351], [-82.63147099982795, 41.325606000026475], [-82.63141700029959, 41.325594000115714], [-82.63098200010641, 41.32549500009309], [-82.63021899985017, 41.325324999962305], [-82.62932099987472, 41.325125999848936], [-82.62760699993957, 41.324733999858125], [-82.62662600012344, 41.3245129999889], [-82.62542900039725, 41.32424499988368], [-82.62377300018841, 41.323872999924646], [-82.62362599987532, 41.32384099975643], [-82.62308399955202, 41.32372700012568], [-82.6224480004157, 41.32360300028911], [-82.62186799955924, 41.32349900026599], [-82.62111100004911, 41.323374000193674], [-82.620350000341, 41.32325800013876], [-82.61964599963599, 41.32316200003022], [-82.61905700035534, 41.323089000049755], [-82.61846700035146, 41.323026000084084], [-82.61815299963379, 41.32299599978987], [-82.61775599997375, 41.32295999995833], [-82.61704399977113, 41.3229030000719], [-82.61644600026963, 41.32286499989508], [-82.61631200037534, 41.32285700006806], [-82.61627200019237, 41.322853999964], [-82.61621500029096, 41.32285099985985], [-82.61592400003782, 41.322836000011485], [-82.61582699995346, 41.32283200009632], [-82.61581400043298, 41.32283100028617], [-82.6157750000749, 41.32282899999117], [-82.61576199965612, 41.32282899999117], [-82.61571099960251, 41.322825999885815], [-82.61464399957264, 41.3227939998781], [-82.61421699977538, 41.32279200025655], [-82.613430000128, 41.32278999996035], [-82.61268699996324, 41.32279799979559], [-82.6110640002647, 41.32285899968761], [-82.60974100014181, 41.32295999995833], [-82.60910900030512, 41.32300899998652], [-82.60825499981229, 41.323105000320496], [-82.60820100028393, 41.323110999830675], [-82.6081000000016, 41.323121999718374], [-82.60704800004036, 41.32327999986261], [-82.60570300017616, 41.323480999816994], [-82.60530999981576, 41.32354000014572], [-82.60220099978771, 41.32408099996036], [-82.60167400043133, 41.324163000310925], [-82.60120300025312, 41.324228000104135], [-82.60073000042513, 41.32428399971835], [-82.60025500004896, 41.32433000006413], [-82.5997789998479, 41.32436599981346], [-82.59924200044578, 41.32439699993768], [-82.59870500014534, 41.324416999705385], [-82.59819700015723, 41.324427000261544], [-82.59810699974555, 41.32442899983286], [-82.59750900024406, 41.32443000029313], [-82.59708999994442, 41.3244229997694], [-82.59667099964474, 41.32440800028294], [-82.59613500006753, 41.32437799995033], [-82.59567499976, 41.32434399978161], [-82.59559899959201, 41.324337999710316], [-82.5954279998878, 41.324321999742324], [-82.59506499966464, 41.32428900000682], [-82.59468999974592, 41.32424700013527], [-82.59444500042186, 41.32421999976986], [-82.5935690001877, 41.324120999683544], [-82.5933509997295, 41.324096999987525], [-82.59116300014142, 41.32386699980994], [-82.59094300003339, 41.323842000225724], [-82.59006799962417, 41.32374400003594], [-82.58970899959897, 41.323704000081335], [-82.5886340000715, 41.32358400007025], [-82.58827599987121, 41.32354400001743], [-82.58818499963462, 41.32353300020096], [-82.58791400037127, 41.323503000140214], [-82.5878239999596, 41.32349300011684], [-82.58779200017254, 41.32348900024205], [-82.58769699973799, 41.32347799974166], [-82.58766599977585, 41.32347499966624], [-82.5871700003816, 41.32341900003144], [-82.5865560000883, 41.32335100002473], [-82.58568300022719, 41.323259999746], [-82.58537299970746, 41.32322799995135], [-82.58518799975955, 41.323210999906536], [-82.58466200022808, 41.32316100022508], [-82.58416099991267, 41.32312099991262], [-82.58401000029991, 41.323110000024805], [-82.58323699999795, 41.32306199987917], [-82.58246299987104, 41.323022999987806], [-82.58174800019368, 41.3229980000798], [-82.5810739996259, 41.322983000265275], [-82.58091299996742, 41.322980000167064], [-82.58004400030428, 41.32297199967952], [-82.58001800036502, 41.32297199967952], [-82.57912399968922, 41.32298099997493], [-82.57840900001186, 41.32299899988739], [-82.57780300011446, 41.32302099969869], [-82.57751500023438, 41.32303200027618], [-82.57685999993316, 41.32306499997365], [-82.57596799980548, 41.32312099991262], [-82.57394699972367, 41.32326699972003], [-82.57216300036666, 41.3233899997198], [-82.57109299996375, 41.32346600011364], [-82.5688579996217, 41.3236249998965], [-82.56794100027798, 41.32369000022636], [-82.56679700025524, 41.32377199971968], [-82.5606140003592, 41.32422100023334], [-82.55855399991934, 41.324371000095645], [-82.55801400014417, 41.324409999854836], [-82.55552899955687, 41.324581999915594], [-82.55242399972677, 41.324797999976404], [-82.54855999983837, 41.32507900028936], [-82.54701400013272, 41.32518400026339], [-82.54645599991589, 41.325223999984075], [-82.54540899997752, 41.325301000035104], [-82.54469400030018, 41.32534399967353], [-82.54362100042253, 41.32539699969087], [-82.54342999972852, 41.325404000110005], [-82.54302399984765, 41.325419999812276], [-82.5427729997775, 41.32542500001358], [-82.54212800042033, 41.32544099971075], [-82.54080199992438, 41.32545700007854], [-82.54014599979827, 41.325465000261], [-82.53926299989143, 41.32547499998169], [-82.53902199986699, 41.32547799996503], [-82.53661499999583, 41.325504000040034], [-82.53573299991389, 41.32551399975475], [-82.53416000044406, 41.325530000104635], [-82.53412699993378, 41.32553099987343], [-82.5317979998804, 41.325559000138554], [-82.53000699995235, 41.32557300026656], [-82.52944100023792, 41.325577999781544], [-82.52786899969468, 41.32559299967331], [-82.5268419998478, 41.325603000048986], [-82.52637800024063, 41.32561100021351], [-82.5255890000451, 41.32562600009768], [-82.5245749997187, 41.32565099967208], [-82.5236800001163, 41.32568199985964], [-82.52290599998939, 41.32571800021122], [-82.52191000010464, 41.325776999863734], [-82.52189400021112, 41.325778000303316], [-82.52042399977515, 41.32588100029877], [-82.52023100032962, 41.32589499968308], [-82.51928200030052, 41.32597999973492], [-82.51839500019572, 41.32606999982774], [-82.51750999974075, 41.32617000008489], [-82.51674400000978, 41.32626500005212], [-82.51586299975277, 41.32638499984823], [-82.51498400004388, 41.32651300015168], [-82.51269900037143, 41.32685400026518], [-82.51230199981308, 41.32691399998581], [-82.51027900008144, 41.32722199975049], [-82.50917400041676, 41.32739000017371], [-82.50743000034439, 41.327656000014095], [-82.50585899962606, 41.3278879997744], [-82.50526199994948, 41.32797700019888], [-82.50475300013646, 41.3280450001002], [-82.50455599959466, 41.32807099982544], [-82.50451499958676, 41.32807599982331], [-82.50379999990942, 41.3281640002626], [-82.50367199986289, 41.32817999996173], [-82.50356200025806, 41.32819200007085], [-82.50339300020363, 41.328209999893], [-82.50288799969027, 41.328266000132466], [-82.50272000035908, 41.328286000061766], [-82.50225300037884, 41.328337999984186], [-82.50150600001612, 41.32841499972814], [-82.50136600027403, 41.32843000031598], [-82.49993699984593, 41.328538000129086], [-82.4992229999935, 41.328587000010266], [-82.49803200011509, 41.328655999670275], [-82.49785200019004, 41.32866400013454], [-82.49731700043775, 41.32869000028735], [-82.4966329998242, 41.3287140003154], [-82.49624299983688, 41.32872700004585], [-82.4960040003606, 41.328732999713], [-82.49522900040877, 41.328753000173535], [-82.49433300008315, 41.32876500017706], [-82.49411999964781, 41.32876500017706], [-82.4934920000091, 41.328768000008964], [-82.49320199958086, 41.32876899972803], [-82.49307899955723, 41.328770000121665], [-82.49233200009283, 41.328768000008964], [-82.4920419996646, 41.328768000008964], [-82.48999200016878, 41.32876300006421], [-82.4895569999756, 41.32876300006421], [-82.48806399997339, 41.32876700028989], [-82.48430300001719, 41.32876399978334], [-82.48384500025777, 41.32876700028989], [-82.48352700024046, 41.328770000121665], [-82.48281199966479, 41.32878499995318], [-82.48209600016254, 41.32881100005772], [-82.48179700041179, 41.328825000161615], [-82.48132200003565, 41.32884799974755], [-82.48101499988897, 41.32886600006306], [-82.48025099980781, 41.32891399998068], [-82.47867400014003, 41.32901899984591], [-82.47789400016535, 41.329070999857834], [-82.47757500032313, 41.32909199992872], [-82.47694400031135, 41.32913199994866], [-82.47409700022412, 41.329316999974324], [-82.47314800019504, 41.3293790002191], [-82.47311200021002, 41.32938100031304], [-82.47027900036647, 41.32957399998417], [-82.46795500033598, 41.329732999703154], [-82.46373099969918, 41.33000600002098], [-82.46167299980745, 41.33014099986666], [-82.4588049998038, 41.33032999985514], [-82.45846599987009, 41.33035199988955], [-82.45837600035672, 41.330358000081624], [-82.45744999989387, 41.33041799994827], [-82.45711199978506, 41.33043999995296], [-82.45668300033796, 41.3304669997646], [-82.45539799984991, 41.330549999865], [-82.45497000022775, 41.33057799999693], [-82.4532920002776, 41.33068600029672], [-82.45183100006246, 41.33078099975036], [-82.44980800033082, 41.33091399996688], [-82.44855800000286, 41.33099199972415], [-82.44826099990193, 41.33101099980651], [-82.44658399977672, 41.33111999974603], [-82.44596399963561, 41.331159999869975], [-82.44410699958532, 41.33128099977487], [-82.44348800016743, 41.33132200015436], [-82.4400500002514, 41.33154499989109], [-82.43852700011197, 41.33164000011574], [-82.43749000021936, 41.331704000196055], [-82.43421799998468, 41.33192099992667], [-82.42487699965679, 41.33252800025188], [-82.42399899977282, 41.33258400015249], [-82.42260799987785, 41.33267300023278], [-82.41843699984281, 41.33294100007361], [-82.41767699995962, 41.33299099967014], [-82.41704699977277, 41.3330320003225], [-82.41692299992421, 41.33304000024938], [-82.41655399985328, 41.333062999696345], [-82.41643099982961, 41.333071999946945], [-82.41479999973515, 41.33317800018205], [-82.41261899981977, 41.33332199974141], [-82.41047700026245, 41.33345500016655], [-82.40990899999989, 41.333493000238114], [-82.40863299973266, 41.33358100010578], [-82.40827999955523, 41.33360400003627], [-82.40452699999494, 41.33384400002886], [-82.40220700016239, 41.33399900021459], [-82.401412999944, 41.33404899967364], [-82.39173299968242, 41.33466900029951], [-82.39042399980322, 41.33474799990976], [-82.3884010000716, 41.33488199974668], [-82.38762600011977, 41.33492499980707], [-82.38708799999443, 41.334944999715674], [-82.38654999986909, 41.334956000303556], [-82.38589200009314, 41.33495899985039], [-82.38523400031721, 41.33495100015923], [-82.38469700001679, 41.334935999723804], [-82.3841000003402, 41.334908000115995], [-82.38344400021408, 41.33486699996989], [-82.38080700018912, 41.33467700002536], [-82.37512100041057, 41.334270000249354], [-82.37458599975996, 41.33423999973604], [-82.37410899973398, 41.33422099992085], [-82.37394200022771, 41.33421899997551], [-82.37363300043123, 41.33421399977456], [-82.37321599978141, 41.33421799966555], [-82.37279900002987, 41.33423100032129], [-82.37238200027835, 41.33425400002228], [-82.37196700017665, 41.33428500016362], [-82.37155299989988, 41.3343249996932], [-82.37114100017124, 41.334373999943466], [-82.37102499982026, 41.33439000014107], [-82.37067300036608, 41.33444199991308], [-82.370265999762, 41.33451100011718], [-82.36992000015559, 41.334578000313876], [-82.3695200001225, 41.33466600006484], [-82.36912299956414, 41.334762999713895], [-82.36873099992698, 41.33487000019531], [-82.36834299958947, 41.33498500018897], [-82.36796000017316, 41.33510899994877], [-82.36752699962977, 41.33525899970178], [-82.36699100005258, 41.335457000276705], [-82.36630300013941, 41.33572700002952], [-82.36346400044809, 41.33687899984483], [-82.36273100032908, 41.33716899967383], [-82.36256499974941, 41.337235000245265], [-82.3613040004491, 41.33774900017954], [-82.36024900011482, 41.33816999991986], [-82.36001700031123, 41.338258999787264], [-82.35998299997604, 41.3382720003109], [-82.35924400000924, 41.338566999875034], [-82.35826700039108, 41.33894700012237], [-82.35823600042895, 41.33895999983425], [-82.35743399981463, 41.339263000166], [-82.35673400020589, 41.33951700004575], [-82.35613599980609, 41.339723999823235], [-82.35553400010664, 41.339922000314345], [-82.35292100037114, 41.340737999950896], [-82.35255499977492, 41.34085299970087], [-82.35112899971988, 41.341304999782665], [-82.35053100021838, 41.34149399975369], [-82.3479350002013, 41.342309999926535], [-82.34677899958467, 41.342666999821944], [-82.34616900038763, 41.34284700031355], [-82.34467899986015, 41.34325300027756], [-82.34466499961646, 41.34325399977432]]}, "properties": {"BASENAME": "90", "MTFCC": "S1100", "NAME": "I- 90", "OBJECTID": 3696, "OID": "110514900684", "PREDIR": null, "PREDIRABRV": null, "PREQUAL": null, "PREQUALABRV": null, "PRETYP": 344, "PRETYPEABRV": "I-", "RTTYP": "I", "SUFDIR": null, "SUFDIRABRV": null, "SUFQUAL": null, "SUFQUALABRV": null, "SUFTYP": null, "SUFTYPEABRV": null}}, {"type": "Feature", "id": 3697, "geometry": {"type": "LineString", "coordinates": [[-82.84401899956629, 41.35037900018672], [-82.8416820000153, 41.35013199997408], [-82.8386199998429, 41.3498100003238], [-82.83601899980296, 41.34952800006327], [-82.83461799986226, 41.34937900020723], [-82.83226299986961, 41.34913100016594], [-82.83191800008811, 41.349093999858546], [-82.83088600021836, 41.34898500032527], [-82.83054200026177, 41.348949000018635], [-82.83019400010723, 41.34891200028214], [-82.82939499986598, 41.34882799989109], [-82.82915300001663, 41.34880100027221], [-82.82880700041024, 41.34876399977728], [-82.82827199975962, 41.34870500003814], [-82.8270879995539, 41.34858199995277], [-82.82643499980082, 41.34852199995843], [-82.82640200018886, 41.34851899968751], [-82.82583999977408, 41.348479000108284], [-82.82500600027105, 41.348431999863166], [-82.82160900036288, 41.34826200024302], [-82.82071499968708, 41.3482139997463], [-82.82029899976048, 41.34818799996822], [-82.81934600043174, 41.34813599970661], [-82.81916300013363, 41.34812700018883], [-82.81674899969144, 41.34801399999314], [-82.81630600000067, 41.34799299995307], [-82.81588900024914, 41.34796700008673], [-82.81381000044102, 41.347861999742854], [-82.81356500021863, 41.34784999988546], [-82.80814300003071, 41.34757200032194], [-82.8062349999268, 41.34748100015599], [-82.80499600036782, 41.347418000174116], [-82.80265999974343, 41.347300000225985], [-82.80205800004397, 41.34726499977163], [-82.80188700033976, 41.34725500002373], [-82.80111400003777, 41.347200000034015], [-82.80046700013249, 41.347147000220616], [-82.800046000183, 41.34711299979596], [-82.79933499980531, 41.34704699979361], [-82.79832999969972, 41.34694500033284], [-82.79750299986938, 41.346851000291544], [-82.7965610004113, 41.34673400010799], [-82.79571299976625, 41.346616999714236], [-82.79568000015429, 41.34661299991031], [-82.79456600026877, 41.34644900032009], [-82.79413500027354, 41.34639200007793], [-82.79386099973884, 41.34635500023713], [-82.79351099993448, 41.346300000161584], [-82.79287099970189, 41.346190999997084], [-82.792576999974, 41.346135999783], [-82.79177000023516, 41.3459879997118], [-82.79107800012402, 41.34584999994383], [-82.79032900011147, 41.34569500031024], [-82.78917300039316, 41.3454700001855], [-82.78793300011094, 41.34522099995048], [-82.78638599968207, 41.34491200016304], [-82.7858829997168, 41.344811000202654], [-82.78585799960247, 41.34480600014043], [-82.78427300043707, 41.344492000320564], [-82.78420800013974, 41.34447899968966], [-82.78374600018238, 41.344386000288615], [-82.78184300010135, 41.34400099995556], [-82.78085899991217, 41.34380399988924], [-82.77843799979728, 41.34332000024922], [-82.77343499990901, 41.342307000043824], [-82.77318300001394, 41.34225599999303], [-82.77130400022236, 41.34189799967581], [-82.77001100023668, 41.34166700009559], [-82.76894300038192, 41.341494999951905], [-82.76607799985301, 41.34110499971563], [-82.7657609996606, 41.34106599983333], [-82.76567199997217, 41.34105500027733], [-82.76512499962597, 41.340987999998674], [-82.76414299998493, 41.34086800012248], [-82.76375899984536, 41.34082099977911], [-82.7611989998133, 41.340519000164484], [-82.76021799999718, 41.34040399982472], [-82.7600449997448, 41.340384000243404], [-82.75952699971096, 41.34032400011371], [-82.75935500018183, 41.34030399983336], [-82.75873699969054, 41.340232999935175], [-82.757149999977, 41.340043999676844], [-82.75637699967503, 41.33995299978154], [-82.75360699958067, 41.339607000323106], [-82.75054199993355, 41.339234000161824], [-82.74918500037379, 41.33907000019778], [-82.74834000010176, 41.338962999871136], [-82.74816000017671, 41.33893999980949], [-82.74762000040155, 41.33887100025027], [-82.74743999957816, 41.33884899972052], [-82.74673300029674, 41.33876300003101], [-82.74606100027711, 41.33868200008624], [-82.74461599995546, 41.33849600010662], [-82.74435300018975, 41.3384630001309], [-82.74408000037826, 41.33842899989316], [-82.74391100032385, 41.33840800013422], [-82.74305699983101, 41.33830100006895], [-82.74205199972545, 41.338187000108526], [-82.74051600006553, 41.3380059999745], [-82.7396680003188, 41.337905999673524], [-82.73768499987182, 41.33767300025845], [-82.73611900007468, 41.33748099988536], [-82.73591599968509, 41.3374569997146], [-82.73385100012067, 41.33721499969085], [-82.73190600020683, 41.33697399971007], [-82.73101900010205, 41.336870999714954], [-82.72995399972201, 41.336758999817036], [-82.72876799986646, 41.33664799999917], [-82.72793600001324, 41.336579000035265], [-82.72704399988558, 41.33651600029766], [-82.72555400025642, 41.336425999795985], [-82.72545100032426, 41.33642000016282], [-82.72454099975494, 41.33637199970502], [-82.72370600042697, 41.33633700012184], [-82.7226310000012, 41.336305000004664], [-82.72221300042476, 41.336296000200704], [-82.72188000033884, 41.33629300004097], [-82.72155599957541, 41.33629100015919], [-82.72032200003929, 41.336264999667456], [-82.71594400031502, 41.33617300028253], [-82.71565200023697, 41.33616699995155], [-82.7143309997639, 41.3361440002515], [-82.71409499976234, 41.33613900019838], [-82.71176400005913, 41.33608600015078], [-82.70991299985666, 41.33605000013209], [-82.70149399979366, 41.33587100002462], [-82.69976300014007, 41.335838000067874], [-82.69975100044452, 41.335838000067874], [-82.69935499971108, 41.33582900019944], [-82.6982080002136, 41.33580300019775], [-82.69476899957434, 41.33572800031631], [-82.69362299990176, 41.335702999886955], [-82.69313599983005, 41.335692000099705], [-82.69140400035157, 41.33565799976448], [-82.69037199958348, 41.33563999997658], [-82.6897320002492, 41.33562999979246], [-82.68800099969731, 41.335592999907355], [-82.6871060000949, 41.33556600019672], [-82.6859729999428, 41.33551999968963], [-82.68472199978993, 41.33545599998576], [-82.68388999993671, 41.33540399967423], [-82.6831769999092, 41.33535000008502], [-82.68210999987933, 41.33525699978825], [-82.68122199994961, 41.33516900016123], [-82.68063799979353, 41.33510500011255], [-82.68033499984482, 41.33507199976773], [-82.6793330001123, 41.33495199978341], [-82.67839300030406, 41.33482599979798], [-82.67741499996265, 41.33468499975018], [-82.67727900041852, 41.33466499976175], [-82.67664599985861, 41.33456499972744], [-82.67651899963703, 41.33454600000706], [-82.67564599977591, 41.33439799990118], [-82.67471699983832, 41.334230000011516], [-82.67434699994247, 41.33415799992617], [-82.67367499992282, 41.33402900016441], [-82.67358399968623, 41.33401099992636], [-82.67286800018397, 41.333864999910276], [-82.6683220002302, 41.33291199995275], [-82.66808399968049, 41.33286099996473], [-82.6656199999079, 41.33234000023346], [-82.65159200005925, 41.32938800030414], [-82.65043200014298, 41.32914399988238], [-82.64950900005319, 41.328956000216884], [-82.64840900041135, 41.32874499972025], [-82.64742100002421, 41.32856599977661], [-82.64672100041548, 41.3284469996738], [-82.64607299978695, 41.3283450000873], [-82.64572700018056, 41.32829100004314], [-82.64449500029426, 41.3281129999305], [-82.64376800002303, 41.328010000090416], [-82.64346699972414, 41.32796799991892], [-82.64005899994535, 41.327481999820364], [-82.63893599983899, 41.327309999994085], [-82.63799299965768, 41.32715700024552], [-82.63711200029897, 41.32700299971694], [-82.6363520004158, 41.32686099985318], [-82.63547700000656, 41.326687000234756], [-82.63449000034264, 41.32647899974774], [-82.63321700044847, 41.326198000075436], [-82.63116200003147, 41.325733000070755], [-82.62890499994812, 41.325227999752414], [-82.62650300009979, 41.32468600023416], [-82.62358400004253, 41.32403400032173], [-82.62295100038094, 41.3239010002276], [-82.62231399962307, 41.32377799984314], [-82.62144199958689, 41.3236219998278], [-82.62085800032911, 41.323527000055], [-82.62021200024873, 41.323432999944636], [-82.61950699971881, 41.323340999978086], [-82.61885700033879, 41.32326500011306], [-82.61814599996109, 41.32319300005263], [-82.61743399975846, 41.323130000187454], [-82.61677900035558, 41.323081000250234], [-82.61661799979878, 41.323071999968626], [-82.61648800010244, 41.32306499997365], [-82.61612400005438, 41.32304399998411], [-82.61570300010489, 41.32302699989125], [-82.6153790002398, 41.32301299989082], [-82.61510999972796, 41.32300299979231], [-82.6145719996026, 41.32298899978673], [-82.6144079995711, 41.322987000171175], [-82.61408500042921, 41.32298499988095], [-82.61385500027544, 41.322983000265275], [-82.61354300010592, 41.32298599968875], [-82.61291299991905, 41.32300100017718], [-82.61136200019052, 41.32303799979312], [-82.61025300032789, 41.323102000227856], [-82.60940200020809, 41.32317299990927], [-82.6091360000693, 41.32319600014103], [-82.6082909997973, 41.32328299994707], [-82.60823600044402, 41.32328800031235], [-82.6081500002303, 41.323296999889486], [-82.60705399988814, 41.32344200017639], [-82.60694900030616, 41.32345600008464], [-82.60479699980476, 41.32381699995724], [-82.60353099958328, 41.32403999974637], [-82.60235800014654, 41.324247999923706], [-82.60149799980591, 41.3243770001639], [-82.6010269996277, 41.32443400011021], [-82.60076100038727, 41.324459999927164], [-82.60043699962385, 41.324494000035365], [-82.59984499997014, 41.32454400004323], [-82.59931199986767, 41.324578999891], [-82.5988359996666, 41.32460099984352], [-82.59818200008861, 41.32461699974296], [-82.59782399988833, 41.324619999765844], [-82.59734799968727, 41.32461800020033], [-82.59681299993497, 41.324603999867094], [-82.59633699973391, 41.32458299969893], [-82.595935000051, 41.32455699993106], [-82.595863000081, 41.32455300012153], [-82.59532999997852, 41.32450999996112], [-82.59433200044394, 41.32440800028294], [-82.59311700027607, 41.324273000026785], [-82.58947400032064, 41.32386900007313], [-82.58854399965982, 41.32376700006617], [-82.58825999997768, 41.32373700011314], [-82.58817999961175, 41.323727999922134], [-82.58794199996036, 41.323704000081335], [-82.58789400027979, 41.32369899974797], [-82.58786300031765, 41.32369599968271], [-82.58781599956367, 41.32369000022636], [-82.58767499999668, 41.323674999896525], [-82.58762899996591, 41.323670000235566], [-82.58609900015378, 41.3235019996657], [-82.58547300016491, 41.32343399974556], [-82.58476299961211, 41.3233659997545], [-82.58422500038509, 41.323323000160094], [-82.58319699981497, 41.323252999771164], [-82.58187700006513, 41.32318999996404], [-82.58149700012352, 41.323179999892695], [-82.5803270001615, 41.323152999759806], [-82.57995999974038, 41.32315800013507], [-82.57895399980991, 41.3231710002994], [-82.57823800030764, 41.32318900015938], [-82.57771299970277, 41.32320900029779], [-82.57746300035583, 41.323220000168945], [-82.57668800040403, 41.323259999746], [-82.57555799972666, 41.3233330002095], [-82.57389400002023, 41.32345699988526], [-82.5709850000087, 41.32366400010218], [-82.56874399981888, 41.323823999871486], [-82.5667100002166, 41.32396799986766], [-82.56061099998617, 41.32440399978963], [-82.55857800020878, 41.32455000009554], [-82.55647400028629, 41.32470100033126], [-82.55555000037158, 41.324764000026825], [-82.55469000003096, 41.32482400032275], [-82.54646599996164, 41.32541300006953], [-82.54583199957683, 41.32545900029288], [-82.54493899962424, 41.32551500019836], [-82.54398600029553, 41.32556200011803], [-82.5434359995763, 41.32558099976015], [-82.54278000034849, 41.325603000048986], [-82.54201700009226, 41.32562999984135], [-82.54112199959152, 41.325644999721135], [-82.54081500034319, 41.325646999929695], [-82.54016000004196, 41.32565400032198], [-82.53968800003886, 41.325658000063925], [-82.539274999587, 41.32566199980558], [-82.5366219996685, 41.32569399975416], [-82.53573799993677, 41.32570499988041], [-82.5346130001806, 41.32571800021122], [-82.53416700011674, 41.325721999949245], [-82.5294539997584, 41.3257689997196], [-82.5278839997633, 41.32578599977173], [-82.5263909997611, 41.325799999851014], [-82.52589399964364, 41.32580599978768], [-82.52499900004122, 41.32582299983012], [-82.52428299964065, 41.32584500003725], [-82.52332899958868, 41.325887000228036], [-82.52243499981121, 41.32593600007907], [-82.52191799960227, 41.32597000009172], [-82.52148300030738, 41.325999999691376], [-82.52042999962293, 41.32608099989051], [-82.52017600007802, 41.3261000000559], [-82.51934599987463, 41.32617399979517], [-82.51833999994415, 41.32627600008197], [-82.51745399966426, 41.32637699977873], [-82.51728999963271, 41.32639700028788], [-82.51668799993327, 41.326472999873054], [-82.51551299994838, 41.32663499966929], [-82.51416499971114, 41.326830999975385], [-82.51246599984461, 41.32709799981881], [-82.50792699956352, 41.32778599998736], [-82.5070799996417, 41.32791499996911], [-82.50532200022394, 41.32817499997186], [-82.5048059998399, 41.32824499979534], [-82.50458699955678, 41.32827499969666], [-82.5043830002406, 41.328303000131804], [-82.50392899978085, 41.32835900029132], [-82.50371000039604, 41.328387000015724], [-82.50367600006085, 41.328391000264496], [-82.50295399981249, 41.32847000006777], [-82.5023770002274, 41.32853500028658], [-82.5014900001226, 41.32862500022311], [-82.50068500003358, 41.328696999678066], [-82.50060100036798, 41.3287050001373], [-82.49992799962511, 41.328758000119066], [-82.49977000033968, 41.32877099984074], [-82.498878000212, 41.32883000010162], [-82.49864300003536, 41.32884299980893], [-82.49798500025942, 41.32888000015513], [-82.49709200030684, 41.32891899991385], [-82.4960190004292, 41.32895499982612], [-82.49518400020294, 41.328973999828015], [-82.49478199962172, 41.32897800004075], [-82.4942889997022, 41.32898399968477], [-82.49349500038215, 41.32898399968477], [-82.49118499969703, 41.32898399968477], [-82.49115399973489, 41.32898299996901], [-82.4874229999159, 41.328977000324834], [-82.48575099981355, 41.32898500007511], [-82.48461699983653, 41.32898000014699], [-82.48413099958972, 41.3289809998628], [-82.48377999996045, 41.32898200025318], [-82.48294399990928, 41.328992000108705], [-82.48240599978394, 41.32900699988912], [-82.48186799965858, 41.32903099980044], [-82.48179200038892, 41.32903500000967], [-82.48160999991572, 41.329044999857054], [-82.48099200032274, 41.32908200008853], [-82.48061800022893, 41.3291039998698], [-82.47859299994917, 41.32923799984895], [-82.47779399970793, 41.32929100007171], [-82.47627399994154, 41.32939100010733], [-82.47460799968697, 41.32949599987839], [-82.47400000013975, 41.32953600032483], [-82.47216900002873, 41.329659999663996], [-82.47097899997522, 41.32973400008199], [-82.4681829999416, 41.32992099982474], [-82.46562299990956, 41.33008200011844], [-82.46389800010374, 41.33020099993311], [-82.46262100001161, 41.33028099993576], [-82.46217300029795, 41.33030999987877], [-82.45882800026834, 41.330527999897456], [-82.45805599979126, 41.33057799999693], [-82.4557419998065, 41.33072899975414], [-82.45497100005264, 41.33078000006217], [-82.45267399978631, 41.330928999979356], [-82.44578299988562, 41.33137799974257], [-82.44348700034254, 41.3315289996692], [-82.44182199991286, 41.331638000091104], [-82.43890600022866, 41.331822999746194], [-82.43853100030994, 41.331848000315574], [-82.43521700024245, 41.33206599990957], [-82.4290529997147, 41.33245899997087], [-82.4280450001344, 41.33252299992118], [-82.42575399971585, 41.33266900024692], [-82.42502399996988, 41.33271799971928], [-82.42401700021449, 41.33278600006855], [-82.42263899983999, 41.332870999899356], [-82.42194500007905, 41.33291399993822], [-82.41850799998792, 41.33313799994815], [-82.41713100033667, 41.33322899992184], [-82.41696999977987, 41.33323899980003], [-82.41648699990613, 41.333271000074426], [-82.41632700007254, 41.333282000270465], [-82.41617399991168, 41.33329200014052], [-82.41469400032825, 41.33338600019289], [-82.41397399972972, 41.33343200018346], [-82.41165100042244, 41.33358199975103], [-82.40979900039501, 41.33370499984022], [-82.40945000041559, 41.333729000044414], [-82.40816699957733, 41.33380800012008], [-82.40647399955859, 41.33391300019192], [-82.40132400025556, 41.334244000299904], [-82.39939199986219, 41.33436899975442], [-82.3923100001658, 41.334830999951954], [-82.38832300025378, 41.335085000253024], [-82.38772800022703, 41.3351170002951], [-82.38719199975151, 41.33513599984888], [-82.38641599997479, 41.33515199985931], [-82.38575999984867, 41.3351559996927], [-82.385163999997, 41.3351490003214], [-82.38462699969658, 41.335133000310186], [-82.38409199994427, 41.33510899994877], [-82.38355700019198, 41.335074999983746], [-82.38153600011017, 41.33492600010618], [-82.38079100029559, 41.33487299974611], [-82.38004899995576, 41.33482100031815], [-82.37654099971952, 41.334560999857764], [-82.37481500008882, 41.33444900003487], [-82.37433800006283, 41.33442500009595], [-82.37395100044854, 41.33441400009288], [-82.37385900038703, 41.33441099984646], [-82.37350000036183, 41.334408000274394], [-82.37313999961341, 41.33441299978591], [-82.37272200003699, 41.33442899997398], [-82.3723639998367, 41.33445200027958], [-82.37194700008517, 41.33448700020111], [-82.37153199998347, 41.334529000217074], [-82.3711179997067, 41.33458099987813], [-82.37102900001823, 41.33459399978689], [-82.37070699980295, 41.334642000205875], [-82.37029800044735, 41.33471199982605], [-82.3699500002928, 41.33478099974415], [-82.3695479997116, 41.33487099982078], [-82.36915000022665, 41.334969999761434], [-82.36875699986626, 41.33507899982186], [-82.36831199962734, 41.33521300032686], [-82.3679280003861, 41.33533900023821], [-82.36754800044449, 41.33547300020834], [-82.36712099974892, 41.33563499988471], [-82.36506399968209, 41.33645999973032], [-82.36272499958298, 41.337402999803956], [-82.3619039996004, 41.33773499997], [-82.36000600044058, 41.33849600010662], [-82.35963700036963, 41.33864399966944], [-82.35852699978375, 41.3390829998851], [-82.35794099997783, 41.33930600003208], [-82.35718899959224, 41.339580999806095], [-82.35654000003713, 41.33980799981899], [-82.35588499973593, 41.34002599975213], [-82.35122800035239, 41.34149799987201], [-82.3504550000504, 41.341741999882714], [-82.34944300027212, 41.34206499983131], [-82.34762899987955, 41.34263999967153], [-82.3468570003008, 41.34287899991423], [-82.34619100012893, 41.34307499990723], [-82.34523999955172, 41.34333699976801], [-82.34469399992877, 41.343475000140884], [-82.34467399983727, 41.343477999969835]]}, "properties": {"BASENAME": "90", "MTFCC": "S1100", "NAME": "I- 90", "OBJECTID": 3697, "OID": "110514900685", "PREDIR": null, "PREDIRABRV": null, "PREQUAL": null, "PREQUALABRV": null, "PRETYP": 344, "PRETYPEABRV": "I-", "RTTYP": "I", "SUFDIR": null, "SUFDIRABRV": null, "SUFQUAL": null, "SUFQUALABRV": null, "SUFTYP": null, "SUFTYPEABRV": null}}, {"type": "Feature", "id": 3700, "geometry": {"type": "LineString", "coordinates": [[-83.08568499990723, 41.36298600022262], [-83.0864160003764, 41.36349899996713], [-83.08677700005144, 41.36371999970812], [-83.0872249997651, 41.36398899973451], [-83.0876900000955, 41.36423500010606], [-83.0882109996041, 41.364446000240164], [-83.08848000011592, 41.36453499992541], [-83.08864300032255, 41.36459900004049], [-83.0889439997231, 41.36473400031906], [-83.089028000287, 41.36475700003395], [-83.0892459998469, 41.36480300011359], [-83.08944000001567, 41.364837999903195], [-83.08986299961497, 41.36490899993872], [-83.0906040001299, 41.36502199979749], [-83.09273999983944, 41.36529499983982], [-83.09368399984564, 41.365406000040664], [-83.09704200029405, 41.365864999680866], [-83.09812199984438, 41.36601999983271], [-83.09882400000124, 41.3661069997475], [-83.10005199968958, 41.36626800025157], [-83.10069500029523, 41.366360000264436], [-83.10177300019575, 41.36648500009546], [-83.10336599975706, 41.36668700002676], [-83.10465899974272, 41.366864999886985], [-83.1050379998594, 41.366921999731666], [-83.1061559999429, 41.3670770000623], [-83.10678600012973, 41.36716499971597], [-83.10723499966831, 41.36722500005509], [-83.10738399963122, 41.36724500015586], [-83.107621000356, 41.36727699989977], [-83.10786400003025, 41.36730900030214], [-83.10824200032202, 41.367358999803784], [-83.10928300041262, 41.36750600003069], [-83.11111100015057, 41.36773700029414], [-83.11146099995494, 41.367787000141], [-83.11181300030745, 41.36782699999086], [-83.11248299977895, 41.3678790000286], [-83.11262900026713, 41.36788999977196], [-83.11266000022928, 41.367892000031546], [-83.11287899961408, 41.36790899987584], [-83.11291499959908, 41.36791100013483], [-83.11347500036405, 41.36794000017542], [-83.11569700028733, 41.36798500023607], [-83.11655199970676, 41.36802299970871], [-83.11705300002218, 41.368012999778664], [-83.11710700044884, 41.368011999987836], [-83.11764999969876, 41.36802199991802], [-83.11804200023421, 41.368028000010185], [-83.11853500015373, 41.368037000147474], [-83.11942700028139, 41.368059000253076], [-83.1210600000257, 41.36808900001736], [-83.12364099997414, 41.36813700001596], [-83.12717699979946, 41.36820600024681], [-83.12784999964404, 41.368219999972055], [-83.12824200017951, 41.36822699983356], [-83.13043700033859, 41.368270999908795], [-83.13061200024076, 41.36827399994348], [-83.13179499972325, 41.36829800021606], [-83.13187000006634, 41.3682990000025], [-83.13274600030049, 41.36831199992152], [-83.13467699997061, 41.36834999987735], [-83.136745999733, 41.368387999810935], [-83.13865399983689, 41.36842299969471], [-83.13943499963649, 41.368458000233765], [-83.13957799975161, 41.368465000069655], [-83.1399150000355, 41.36848000019701], [-83.14048199957485, 41.36848000019701], [-83.14092799963869, 41.36846599985353], [-83.14201800013308, 41.36848700003054], [-83.14572100036298, 41.36855899991175], [-83.1468429997461, 41.36857600025599], [-83.14770399991164, 41.36859699972332], [-83.14843399965761, 41.36860599978189], [-83.14847499966548, 41.36860599978189], [-83.14902600020963, 41.36862099987674], [-83.15137899965413, 41.36866799970204], [-83.15330799967444, 41.368700999874704], [-83.1535090004142, 41.368703999889576], [-83.1537699996318, 41.368709000138765], [-83.15397800004426, 41.36871299993333], [-83.15615200028694, 41.36875800013346], [-83.15629299985393, 41.36874600008312]]}, "properties": {"BASENAME": "6", "MTFCC": "S1100", "NAME": "US Hwy 6", "OBJECTID": 3700, "OID": "1108296491706", "PREDIR": null, "PREDIRABRV": null, "PREQUAL": null, "PREQUALABRV": null, "PRETYP": 640, "PRETYPEABRV": "US Hwy", "RTTYP": "U", "SUFDIR": null, "SUFDIRABRV": null, "SUFQUAL": null, "SUFQUALABRV": null, "SUFTYP": null, "SUFTYPEABRV": null}}, {"type": "Feature", "id": 3711, "geometry": {"type": "LineString", "coordinates": [[-83.39120399983832, 41.50051300008316], [-83.39113100004339, 41.500475000048255], [-83.3908230000718, 41.50033199966382], [-83.38562199981683, 41.49800499973789], [-83.38438099970972, 41.497428000293986], [-83.38256100036766, 41.496616000280106], [-83.3805000001029, 41.495679999996455], [-83.37820700003451, 41.49463199980528], [-83.37774500007716, 41.49440599981816], [-83.37772800035872, 41.49439800022692], [-83.375037999732, 41.493150999970204], [-83.37465500031567, 41.49297599982903], [-83.37374899994428, 41.492550000219914], [-83.37214700016214, 41.49181999992024], [-83.37065099978689, 41.49113900004056], [-83.36631900009336, 41.4891689999466], [-83.36563100018017, 41.48885600007721], [-83.36535499999566, 41.48872900019559], [-83.3644999996779, 41.48834100002179], [-83.36345100008971, 41.48787500025902], [-83.36251100028147, 41.48744900007903], [-83.36120900007498, 41.48687100015858], [-83.36051600013893, 41.48655400001056], [-83.36044900019178, 41.48652699971187], [-83.36040399998593, 41.48650999994171], [-83.36004099976279, 41.48633999997623], [-83.35933299975811, 41.48601799995118], [-83.3585979999893, 41.48568899967718], [-83.35855399960835, 41.48566599968968], [-83.35849400023221, 41.48564199969399], [-83.3574099995856, 41.48515599988718], [-83.35608300016305, 41.48454599983916], [-83.35140199959176, 41.48244500021465], [-83.35048000022519, 41.482004999890115], [-83.34794899960713, 41.4808439996905], [-83.34755799979486, 41.480665000320755], [-83.34726099969396, 41.48052099986733], [-83.34689499999605, 41.48034399976902], [-83.34618399961835, 41.4800259999064], [-83.34527099957427, 41.47961700018054], [-83.33921999992275, 41.47683100024249], [-83.33876499963806, 41.47662199975344], [-83.33856600034476, 41.4765399997285], [-83.33851399956791, 41.476517999999615], [-83.33849100000168, 41.47650900007778]]}, "properties": {"BASENAME": "90", "MTFCC": "S1100", "NAME": "I- 90", "OBJECTID": 3711, "OID": "110454700936", "PREDIR": null, "PREDIRABRV": null, "PREQUAL": null, "PREQUALABRV": null, "PRETYP": 344, "PRETYPEABRV": "I-", "RTTYP": "I", "SUFDIR": null, "SUFDIRABRV": null, "SUFQUAL": null, "SUFQUALABRV": null, "SUFTYP": null, "SUFTYPEABRV": null}}, {"type": "Feature", "id": 3752, "geometry": {"type": "LineString", "coordinates": [[-83.28316899972918, 41.457916000177356], [-83.28318899982067, 41.457925999741974], [-83.28395299990183, 41.45832099982372], [-83.28422400006347, 41.45846100011893], [-83.2849160001746, 41.45881800007608], [-83.28498899996953, 41.45885499989512], [-83.28882799974357, 41.46083399997851], [-83.28889200021598, 41.46086699981125], [-83.29022200001157, 41.46154899977538], [-83.29141500043814, 41.46215500007447], [-83.29148999988288, 41.46219499974833], [-83.29211699969669, 41.46252600017556], [-83.29222800002476, 41.462583000286074], [-83.2940470004402, 41.46351399971063], [-83.29449799962859, 41.46373500007081], [-83.29495700011122, 41.46394700003141], [-83.29537100038802, 41.46412799978589], [-83.29584400021604, 41.46432199994728], [-83.29637599959527, 41.464526999747385], [-83.29686199984208, 41.4647019999834], [-83.29735399993667, 41.46486800022852], [-83.29779499997764, 41.46500799985346], [-83.29835300019447, 41.465170999713955], [-83.29897199961236, 41.46533900005814], [-83.29966299989856, 41.465508999915286], [-83.29999699980941, 41.465586999866886], [-83.30595299992471, 41.467037000211874], [-83.30751500042221, 41.46742600032979], [-83.30769399962405, 41.46747100017381], [-83.30790600023447, 41.4675240002043], [-83.30813300001518, 41.46757999968145], [-83.311436000212, 41.468382000156836], [-83.31240199995952, 41.4686229999508], [-83.3177580000252, 41.46991600016711], [-83.3192929998602, 41.470295999727504], [-83.32108799998619, 41.4707340003332], [-83.3215599999893, 41.47084800020839], [-83.32582999975855, 41.47187899987595], [-83.32585200039817, 41.47188400026461], [-83.32698700020008, 41.472156999765296], [-83.32766900026547, 41.47233400001062], [-83.32846000011081, 41.47255199999087], [-83.32867799967069, 41.472616000099066], [-83.32896100042623, 41.472701000302784], [-83.32989200001364, 41.47300400020143], [-83.33037999991028, 41.47317400015298], [-83.33097199956399, 41.47339200000063], [-83.3315570004433, 41.473616999741445], [-83.33213599967821, 41.47385199984844], [-83.33270700031385, 41.474096000034635], [-83.33394000002504, 41.4746500001313], [-83.33847799958289, 41.476728999753114], [-83.33849799967439, 41.4767380003174]]}, "properties": {"BASENAME": "90", "MTFCC": "S1100", "NAME": "I- 90", "OBJECTID": 3752, "OID": "110471686256", "PREDIR": null, "PREDIRABRV": null, "PREQUAL": null, "PREQUALABRV": null, "PRETYP": 344, "PRETYPEABRV": "I-", "RTTYP": "I", "SUFDIR": null, "SUFDIRABRV": null, "SUFQUAL": null, "SUFQUALABRV": null, "SUFTYP": null, "SUFTYPEABRV": null}}, {"type": "Feature", "id": 3757, "geometry": {"type": "LineString", "coordinates": [[-83.41457899986264, 41.51032999977377], [-83.4138359996979, 41.51019399966478], [-83.4133140003644, 41.51009100027749], [-83.41285400005684, 41.50999100027143], [-83.41239700012237, 41.50988299974162], [-83.4118869995861, 41.50975200019629], [-83.41138199997103, 41.50961100005063], [-83.4108809996556, 41.509459999911854], [-83.41038600008628, 41.50930000001758], [-83.40984200011314, 41.50911100015016], [-83.4093590002394, 41.50893200017278], [-83.40893400009195, 41.50876599977021], [-83.40846200008885, 41.50857000014904], [-83.407944000055, 41.50834300004192], [-83.40558999988725, 41.50726799985611], [-83.4045089996137, 41.50678400018618], [-83.40338499968244, 41.50626700001295], [-83.40031099981447, 41.50486799975795], [-83.39754900011606, 41.50361699969273], [-83.39729600039605, 41.50350199987894], [-83.39639500004756, 41.503089000069004], [-83.39073799968301, 41.50051999982158]]}, "properties": {"BASENAME": "90", "MTFCC": "S1100", "NAME": "I- 90", "OBJECTID": 3757, "OID": "110471686257", "PREDIR": null, "PREDIRABRV": null, "PREQUAL": null, "PREQUALABRV": null, "PRETYP": 344, "PRETYPEABRV": "I-", "RTTYP": "I", "SUFDIR": null, "SUFDIRABRV": null, "SUFQUAL": null, "SUFQUALABRV": null, "SUFTYP": null, "SUFTYPEABRV": null}}, {"type": "Feature", "id": 3758, "geometry": {"type": "LineString", "coordinates": [[-83.41457899986264, 41.51013299988413], [-83.41358399980281, 41.50994800027515], [-83.41312000019563, 41.509853000197786], [-83.41265999988808, 41.50974799966687], [-83.4121469998771, 41.50962000008341], [-83.41169499996548, 41.50949699975121], [-83.41119100017532, 41.5093499999009], [-83.41074799958623, 41.50921100017011], [-83.41025499966672, 41.50904400017149], [-83.409767999595, 41.508868000278696], [-83.40928600044447, 41.50868499970695], [-83.40875599981673, 41.50847100013201], [-83.40828700018668, 41.50827099966978], [-83.40766799987048, 41.507994000313204], [-83.40340999979679, 41.506058000288384], [-83.40177200002964, 41.50530600014716], [-83.39755199959077, 41.50339800021079], [-83.3972920001981, 41.50328099987989], [-83.39699799957191, 41.503148000299234], [-83.39468299976224, 41.50210599966996], [-83.3941730001243, 41.50186799983923], [-83.39392100022923, 41.501746000005284], [-83.39158600032806, 41.500688000044754], [-83.39151799965767, 41.50065699983614], [-83.39120399983832, 41.50051300008316]]}, "properties": {"BASENAME": "90", "MTFCC": "S1100", "NAME": "I- 90", "OBJECTID": 3758, "OID": "110471686258", "PREDIR": null, "PREDIRABRV": null, "PREQUAL": null, "PREQUALABRV": null, "PRETYP": 344, "PRETYPEABRV": "I-", "RTTYP": "I", "SUFDIR": null, "SUFDIRABRV": null, "SUFQUAL": null, "SUFQUALABRV": null, "SUFTYP": null, "SUFTYPEABRV": null}}, {"type": "Feature", "id": 3759, "geometry": {"type": "LineString", "coordinates": [[-83.33849100000168, 41.47650900007778], [-83.33847299956003, 41.476501999763805], [-83.33458000025763, 41.47474200019187], [-83.33361000031216, 41.474296999865], [-83.33293900011742, 41.474002000044095], [-83.33226299989981, 41.473714999680524], [-83.33173800019327, 41.473501000322585], [-83.33125899961915, 41.473316999913436], [-83.33061400026199, 41.47308199988613], [-83.32990799990718, 41.472837999921474], [-83.3293050003828, 41.472640000207484], [-83.32892500044122, 41.47252199998154], [-83.32875499966357, 41.47246600006155], [-83.328670999998, 41.47244099968502], [-83.32819999981982, 41.472299000217234], [-83.32769799967947, 41.47215600023026], [-83.32696399973555, 41.471963999699916], [-83.32622399994385, 41.47177600012997], [-83.32618799995883, 41.47176700022281], [-83.32406700031791, 41.471246000326445], [-83.3160969997935, 41.46930900012434], [-83.31433299962963, 41.46887700019407], [-83.30932200024378, 41.46766299987527], [-83.30785500018084, 41.46730400025156], [-83.30776700031728, 41.46728200008063], [-83.30760300028577, 41.46724200017904], [-83.30609100001698, 41.46687199975108], [-83.30283800004888, 41.466075999910835], [-83.2996589997006, 41.46530500016788], [-83.29913800019203, 41.46517900022101], [-83.29862799965576, 41.465047000142334], [-83.2982350001937, 41.46493500012999], [-83.29768100017483, 41.46476500011427], [-83.29707699992724, 41.46456600032556], [-83.29664199973405, 41.46441399985562], [-83.29626599999041, 41.46427400029448], [-83.29584300039112, 41.464103999892124], [-83.2954259997413, 41.46392599972967], [-83.29491100008046, 41.46369700000466], [-83.29445300032108, 41.46348200022048], [-83.29395299983057, 41.46323399976568], [-83.29245700035364, 41.46246499993097], [-83.29069300018976, 41.46155799975462], [-83.28980600008495, 41.46109800018973], [-83.28888700019311, 41.46063500024365], [-83.28882500026883, 41.46060399971914], [-83.2851270000618, 41.458706000076674], [-83.28505300044196, 41.45866799975641], [-83.28422200041365, 41.4582399999621], [-83.2841909995532, 41.45822499967746], [-83.28358300000599, 41.457911000057905]]}, "properties": {"BASENAME": "90", "MTFCC": "S1100", "NAME": "I- 90", "OBJECTID": 3759, "OID": "110471686259", "PREDIR": null, "PREDIRABRV": null, "PREQUAL": null, "PREQUALABRV": null, "PRETYP": 344, "PRETYPEABRV": "I-", "RTTYP": "I", "SUFDIR": null, "SUFDIRABRV": null, "SUFQUAL": null, "SUFQUALABRV": null, "SUFTYP": null, "SUFTYPEABRV": null}}, {"type": "Feature", "id": 3798, "geometry": {"type": "LineString", "coordinates": [[-83.60655799965602, 41.580093999813904], [-83.60499900042988, 41.57913899991273], [-83.60497799961517, 41.579125999872254], [-83.60434499995358, 41.57871099978883], [-83.60377300039136, 41.57837199976578], [-83.60319799955778, 41.57806100033037], [-83.60271499968401, 41.577818999966986], [-83.60221199971879, 41.57759300016384], [-83.60160800036951, 41.577357000298456], [-83.60063000002812, 41.576989999756876], [-83.59837899979254, 41.57615200014576], [-83.59649900017604, 41.57545299992124], [-83.59428499975037, 41.57461699979608], [-83.5933840003002, 41.574259000263154], [-83.59269399983889, 41.57397200002681], [-83.59217699962994, 41.57375700001647], [-83.5916030004179, 41.573512999681746], [-83.586217000215, 41.57121600006353], [-83.58521799995721, 41.57078999991433], [-83.58166500041344, 41.56927500021239], [-83.58146799987162, 41.56919099979356], [-83.5811620004482, 41.56906100008219], [-83.58105299976994, 41.569015000194064], [-83.58102000015798, 41.56900100007551], [-83.58098599982279, 41.56898599989706], [-83.58086299979915, 41.568934000282155], [-83.58075300019428, 41.56888800030361], [-83.58013700025114, 41.56862499988478], [-83.57704800031456, 41.56730500013568], [-83.5766709998477, 41.56714400004044], [-83.57559600032023, 41.56669100012457], [-83.57521100035578, 41.566521000333566], [-83.575121999769, 41.56648099988285], [-83.57451800041973, 41.566201000067075], [-83.57406599960979, 41.56597899968188], [-83.57352599983464, 41.56569399984037], [-83.57291900011231, 41.56535199971539], [-83.57222799982608, 41.564968000188706], [-83.57190800015896, 41.56479299996066], [-83.5698770000314, 41.56364700019173], [-83.56743199962706, 41.56225600026946], [-83.56510099992386, 41.5609409996902], [-83.56440100031512, 41.560546000119665], [-83.56409199962032, 41.56037100001465], [-83.55743800044442, 41.55661300020667], [-83.55578399988542, 41.55567999974964], [-83.55349699966483, 41.55438899987432], [-83.5528120001247, 41.55402599974405], [-83.55191599979906, 41.5535749998795], [-83.55125999967295, 41.55326099982245], [-83.55049399994198, 41.55290799977608], [-83.54971899999018, 41.552565999878865], [-83.54898699969606, 41.55226000013541], [-83.54803199981922, 41.55188299968354], [-83.5449820002407, 41.55072799985191], [-83.53800299957815, 41.54809600021993], [-83.5346960000817, 41.546852999835934], [-83.52856900026217, 41.54453799999953], [-83.52741699984348, 41.54409899975618], [-83.5248969999944, 41.54315199987151], [-83.52227599986298, 41.54216699979917], [-83.52151900035282, 41.54189800005855], [-83.52069599982212, 41.54162800006343], [-83.51997399957378, 41.541408000279795], [-83.51924600037594, 41.54120100002616], [-83.51851099970878, 41.54100899973448], [-83.51777099991709, 41.54082900007799], [-83.51702399955437, 41.54066399995268], [-83.51632999979341, 41.540523999740365], [-83.51551600038187, 41.5403750001084], [-83.5146960002242, 41.540242000092746], [-83.51393200014307, 41.54013400028833], [-83.51280900003671, 41.53999500010646], [-83.51132199988228, 41.5398190003328], [-83.51061800007558, 41.53973499995105], [-83.50256999973335, 41.53877400009055], [-83.49949300039067, 41.5384049998748], [-83.4981920000091, 41.538245000262144], [-83.49736600000364, 41.53813099996884], [-83.496369000294, 41.53797200021509], [-83.49537699970888, 41.53779700018225], [-83.49456400012225, 41.53763900014931], [-83.49364100003244, 41.537442000005875], [-83.492554999736, 41.53719699983683], [-83.49239200042771, 41.53716299999801], [-83.49207699988511, 41.53707800032278], [-83.49122400011552, 41.53684599992874], [-83.48990299964244, 41.53646400026069], [-83.48876399964256, 41.53609600020716], [-83.48739600021213, 41.53562700010821], [-83.48561500032984, 41.53495500020144], [-83.48490200030233, 41.534670000059876], [-83.48417599985599, 41.53435399979619], [-83.48325399959108, 41.53393299970855], [-83.48315499985691, 41.53388699969744], [-83.48222699974421, 41.53345200018243], [-83.48005400022475, 41.5324349999005], [-83.47959399991721, 41.532220000216896], [-83.4784239999552, 41.53167100000341], [-83.47765200037645, 41.53132600017151], [-83.47697500033391, 41.53103700029374], [-83.47597100005326, 41.53063499971753], [-83.4746920003113, 41.53014200005364], [-83.47258800038881, 41.529345000059045], [-83.46800800009986, 41.52760500013824], [-83.46524999970107, 41.5265619996882], [-83.46331300018316, 41.525830000030474], [-83.46303100015086, 41.52572299975337], [-83.46297699972418, 41.52570199996736], [-83.46236699962883, 41.52546899973827], [-83.45917800013314, 41.524265999935785], [-83.45806599989743, 41.52385099992896], [-83.45777999966715, 41.523750000247354], [-83.45758100037385, 41.52367499994228], [-83.45698100032423, 41.523447999673], [-83.45491599986148, 41.52266199970774], [-83.45483200019589, 41.52262999983035], [-83.45393300039554, 41.52228799985806], [-83.45374199970152, 41.522217000307876], [-83.45365700021101, 41.52218500021043], [-83.45313300032937, 41.52198900019295], [-83.45162699990838, 41.521422999898505], [-83.44969399969011, 41.52067999984365], [-83.44890600021783, 41.52037799973837], [-83.44216699975479, 41.517822999879535], [-83.4397029999822, 41.516895000261066], [-83.43559999971922, 41.51533800028126], [-83.43442599955925, 41.51489600028514], [-83.43378700004989, 41.51465499970814], [-83.43167599955639, 41.513861000019375], [-83.43086499961956, 41.513572000159066], [-83.43004500036022, 41.51329699975961], [-83.42916199955508, 41.51301799988247], [-83.42838300030361, 41.512784999724175], [-83.42754200022958, 41.51254799971616], [-83.42658200032984, 41.51229600030547], [-83.42572700001209, 41.51208800012755], [-83.42486699967147, 41.51189600019804], [-83.42405900010769, 41.511729999996206], [-83.42301399981915, 41.51153300033081], [-83.42167099960476, 41.5113029996932], [-83.42059600007731, 41.511123999722415], [-83.41871999976046, 41.510811999946746], [-83.41492700001719, 41.510180000260554], [-83.41457899986264, 41.51013299988413]]}, "properties": {"BASENAME": "90", "MTFCC": "S1100", "NAME": "I- 90", "OBJECTID": 3798, "OID": "110461570566", "PREDIR": null, "PREDIRABRV": null, "PREQUAL": null, "PREQUALABRV": null, "PRETYP": 344, "PRETYPEABRV": "I-", "RTTYP": "I", "SUFDIR": null, "SUFDIRABRV": null, "SUFQUAL": null, "SUFQUALABRV": null, "SUFTYP": null, "SUFTYPEABRV": null}}, {"type": "Feature", "id": 3819, "geometry": {"type": "LineString", "coordinates": [[-83.8824869998797, 41.59980100021168], [-83.88292000042308, 41.59980199979133], [-83.88450399976357, 41.599793000215094], [-83.88568100029659, 41.599793999794876], [-83.88677599991553, 41.599796000297935], [-83.88753900017177, 41.599788000300684], [-83.88759600007319, 41.599788000300684], [-83.88877100005807, 41.59978500021752], [-83.88995299971566, 41.59978399996583], [-83.89128599988429, 41.599780000302495], [-83.89168900029041, 41.599779000050724], [-83.89278300008446, 41.59977799979898], [-83.89426000019314, 41.599769999799506], [-83.8957570003933, 41.59977299988342], [-83.89915199975331, 41.59977100005141], [-83.89981600027537, 41.5997660001353], [-83.90036400044646, 41.59976900021935], [-83.9008039997642, 41.59976199979908], [-83.90127800031543, 41.59976300005111], [-83.90176700003697, 41.5997610002188], [-83.90210900034373, 41.59975699988227], [-83.90240700026956, 41.59975800013438], [-83.90302400003763, 41.59975800013438], [-83.90361599969134, 41.59975699988227], [-83.9043520001834, 41.59975399979767], [-83.9050919999751, 41.59975300021726], [-83.90577400004048, 41.599748999880234], [-83.90661500011453, 41.599748000299755], [-83.9103450001086, 41.599740999877206], [-83.91325099974708, 41.59973599995877], [-83.9211440002786, 41.599711999941825], [-83.92779300032994, 41.59969599992556], [-83.9291120002549, 41.59968600008132], [-83.94071399996578, 41.59966500013472], [-83.94124500041842, 41.59965899995676], [-83.94198900040809, 41.59966000021039], [-83.94287399996476, 41.59965500028568], [-83.9437710001153, 41.5996559998676], [-83.94463499975556, 41.59964700027099], [-83.94523800017825, 41.59963800000138], [-83.94612699993286, 41.59962099971254], [-83.94761300026238, 41.59956299972094], [-83.94897599966993, 41.599494000218925], [-83.95078000001675, 41.599397000151754], [-83.95153400005216, 41.59936000001153], [-83.95206399978159, 41.59933299975057], [-83.96014200026104, 41.59892599999659], [-83.96980200043116, 41.59843200021393], [-83.97323699997413, 41.59826099971821], [-83.97641200012443, 41.598103999971926], [-83.97784099965422, 41.59803099981006], [-83.97852100006979, 41.59799800000428], [-83.97899300007289, 41.59797200012504], [-83.97964500000104, 41.59793999989759], [-83.9820350001538, 41.59781599995797], [-83.9824429996845, 41.597791999898746], [-83.98299500005353, 41.59776599993656], [-83.98342500022386, 41.597746999931715], [-83.9847800001338, 41.59767599993478], [-83.9853430003735, 41.59764900031287], [-83.98594400024803, 41.59762799970337], [-83.98654900032052, 41.59761500002646], [-83.9871390003244, 41.597599000162084], [-83.9877510000696, 41.597588999992915], [-83.98843800015784, 41.597580000108074], [-83.98905300027609, 41.59758200000792], [-83.9892580003155, 41.59757899982221], [-83.98931000019404, 41.59757899982221], [-83.9893300002855, 41.59757899982221], [-83.98948199972318, 41.59758099972213], [-83.99008599997074, 41.59759099989254], [-83.99064300036268, 41.59760299996059], [-83.99186199983016, 41.59763599996833], [-83.99245400038218, 41.59766099969834], [-83.99306699995229, 41.59768499980623], [-83.99362799964386, 41.59771500026446], [-83.99407700008075, 41.59773699978549], [-83.99457900022107, 41.59776000025384], [-83.99511399997337, 41.597779999865836], [-83.9967769998549, 41.59785899998569], [-83.99735299961507, 41.59788400030106], [-83.99826200035949, 41.59792099994397], [-83.99851400025457, 41.59792799989215], [-83.99863100043042, 41.597929000172606], [-84.00023900006038, 41.59801300016239], [-84.00121499985364, 41.598057999944], [-84.00219099964688, 41.598100000204475], [-84.00413700028395, 41.59818200009044], [-84.00499900027438, 41.59822299999433], [-84.00577699970093, 41.59825300020247], [-84.00716099992319, 41.59831799993379], [-84.00795599996648, 41.59835399972578], [-84.0084079998781, 41.59837199995018], [-84.00866300014624, 41.59838000012291], [-84.00930400020373, 41.59838300027139], [-84.0096969996658, 41.59837599970078], [-84.0100339999497, 41.59836000002507], [-84.0104840002115, 41.598327999990005], [-84.01102999983445, 41.598260000114685], [-84.01133799980603, 41.59821100004156], [-84.01178999971764, 41.598132999958096], [-84.01207500012299, 41.598074999972724], [-84.01221400004016, 41.59804099991074], [-84.0125899997838, 41.5979519999008], [-84.01306099996198, 41.59781499967576], [-84.0132099999249, 41.59776900011359], [-84.0133370001465, 41.5977270003095], [-84.01370000036968, 41.597601000061395], [-84.01435800014562, 41.597354999891685], [-84.01504100003592, 41.597082999890524], [-84.01631800012805, 41.596571999688194], [-84.01684600020765, 41.5963569996783], [-84.01693900009408, 41.59631900017698], [-84.01753099974778, 41.59608900006608], [-84.01867700031868, 41.595625000151834], [-84.01913400025316, 41.59543199998123], [-84.01953699976097, 41.595277999692236], [-84.02011800044234, 41.59505100020595], [-84.02077200002032, 41.594792999805705], [-84.02138499959041, 41.59454600002126], [-84.02203599969367, 41.59428600028779], [-84.02252799978827, 41.59408700012011], [-84.02300700036237, 41.59388800001075], [-84.02342699958864, 41.59372899968498], [-84.02355600035837, 41.59367299979387], [-84.02393299992693, 41.593521999713445], [-84.02465199980223, 41.59324900000171], [-84.02537400005059, 41.59299899995669], [-84.0258329996349, 41.59285599982887], [-84.02616700044406, 41.592760000223066], [-84.0266849995796, 41.59262099967303], [-84.02728600035246, 41.592473999935336], [-84.02748100034613, 41.59242999998533], [-84.02793699955738, 41.592333000050665], [-84.02840500026085, 41.59224400023169], [-84.02897500017325, 41.592153999920114], [-84.02924399978676, 41.59211500026121], [-84.02970800029225, 41.59205100002914], [-84.03023100034898, 41.59199400032539], [-84.0308799999041, 41.59194399982485], [-84.0313879998922, 41.59191100026607], [-84.03179799997103, 41.59189699973556], [-84.03222599959321, 41.591878999720876], [-84.03269599994648, 41.59186400015274], [-84.03313699998746, 41.59186600022975], [-84.03390899956621, 41.59185199968948], [-84.03454899979882, 41.59184199997359], [-84.03517899998567, 41.591826999725], [-84.03648899968975, 41.5918019997508], [-84.03683600001939, 41.59179400010636], [-84.03722000015895, 41.59178300000579], [-84.03756400011554, 41.59178300000579], [-84.03791800011787, 41.59177399998321], [-84.03852200036545, 41.5917660003353], [-84.03914400015638, 41.59175399985382], [-84.03976299957426, 41.59174400012275], [-84.04037699986759, 41.5917280001467], [-84.0410399996664, 41.591714000248345], [-84.04176399956458, 41.59170300013415], [-84.04232199978142, 41.59169299972333], [-84.04293799972456, 41.59167899981739], [-84.04361599959198, 41.59167199986329], [-84.04419999974809, 41.591651999702336], [-84.04476499963762, 41.59163499999735], [-84.04538099958076, 41.59162700033221], [-84.04592899975185, 41.591621000078824], [-84.0465020000373, 41.59161299974016], [-84.04707500032274, 41.591602000280545], [-84.04759099980846, 41.59158999976863], [-84.04800300043541, 41.59157700021926], [-84.04926499956063, 41.59156100020176], [-84.04961500026332, 41.59155200014823], [-84.05012200042651, 41.591543999801], [-84.05109999986959, 41.591518999717195], [-84.05584300036517, 41.591427000319825], [-84.05681199958744, 41.59141400006576], [-84.05723599990996, 41.591402000190705], [-84.05879900023237, 41.5913749999598], [-84.06046700013675, 41.591340999727535], [-84.06209900005614, 41.59131099966589], [-84.0637290003257, 41.591275999688285], [-84.06453600006455, 41.59125699978847], [-84.06541499977342, 41.59123599978658], [-84.06672799985057, 41.591214000065264], [-84.06839999995293, 41.591183000231425], [-84.06999300041257, 41.59115500019535], [-84.07162500033195, 41.59112000013316], [-84.07519399976923, 41.59105099966705], [-84.07625300030148, 41.591031999701], [-84.07669699981717, 41.59102100014245], [-84.07715899977455, 41.59100700009078], [-84.07754100026428, 41.59100200016757], [-84.07847699987457, 41.59098699972379], [-84.08032100040437, 41.590943999820745], [-84.08127000043343, 41.59092900003535], [-84.08221100006661, 41.590912000139916], [-84.08315300042298, 41.590888999918626], [-84.08415000013265, 41.59087100029475], [-84.0850820004433, 41.59085700021058], [-84.08604099961978, 41.590836999797084], [-84.0877860004154, 41.590803999672396], [-84.0887220000257, 41.590783999914336], [-84.08959700043494, 41.59076799970035], [-84.09035200029524, 41.590750000042725], [-84.09092300003255, 41.59074099987607], [-84.09209200016964, 41.590716999873514], [-84.09296599985566, 41.59069599969602], [-84.09385999963315, 41.59068299996661], [-84.09474599991304, 41.59066199977805], [-84.09559899968266, 41.5906449998123], [-84.09649800038135, 41.590629000235715], [-84.09734899960283, 41.590617999936626], [-84.09827199969263, 41.59059399988834], [-84.09913899970596, 41.5905760001822], [-84.09956899987625, 41.59057199994823], [-84.10054300001968, 41.59055499995884], [-84.10090799989266, 41.590549000277626], [-84.10251600042092, 41.590508000201915], [-84.10325200001466, 41.59049900000157], [-84.10413099972354, 41.590477999753105], [-84.10487399988831, 41.59046599970406], [-84.10560799983223, 41.59044799996222], [-84.10634799962394, 41.59043500018288], [-84.10690400019095, 41.590423999850735], [-84.10763300011199, 41.59041899988238], [-84.10836399968288, 41.59042000027922], [-84.10909500015207, 41.590425000247485], [-84.10969100000372, 41.59044399972032], [-84.11028600003048, 41.59046400025558], [-84.11101400012662, 41.59049600015844], [-84.11160099975746, 41.59053099988713], [-84.11216900002002, 41.59056999983113], [-84.11277599974234, 41.590620999774096], [-84.11350399983849, 41.5906870001937], [-84.11403500029114, 41.590742000267916], [-84.11489999975633, 41.59083499968824], [-84.115018999582, 41.590845999950346], [-84.1152439997129, 41.590862000145016], [-84.1154970003312, 41.59088399998629], [-84.1207970003204, 41.59141499977532], [-84.1221000003518, 41.59155200014823], [-84.12801000043633, 41.59213899974402], [-84.12945599968457, 41.59228400018059], [-84.13105300034216, 41.59244099997565], [-84.13177700024035, 41.59251000029964], [-84.1325200004051, 41.59258399967914], [-84.13326299967153, 41.59266399980264], [-84.13351600028986, 41.59268599970164], [-84.13378699955318, 41.59271100000533], [-84.13432100037888, 41.5927650000101], [-84.13620400036844, 41.59295800009336], [-84.13640199983683, 41.59297599980716], [-84.13671900002923, 41.59300500008198], [-84.13718500018456, 41.593049999996126], [-84.14093500027013, 41.593421999697085], [-84.14142800018963, 41.593475999778896], [-84.14181900000187, 41.59351400028216], [-84.14209199981335, 41.59353900026516], [-84.14254200007515, 41.59358500015476], [-84.14326299960028, 41.593647000187836], [-84.14342300033216, 41.593659999992184], [-84.14371100021225, 41.59368600026481], [-84.14400800031318, 41.59370599979556], [-84.14444500015618, 41.593728000011254], [-84.1447420002571, 41.59373499974241], [-84.14515399998575, 41.59373800010681], [-84.14561099992024, 41.59373299972331], [-84.1460589996339, 41.593715000220655], [-84.14649899984995, 41.59368600026481], [-84.14678699973004, 41.59366099966696], [-84.1471780004406, 41.593618000201445], [-84.14751300017635, 41.59358199978325], [-84.1479879996542, 41.59352399973908], [-84.14891699959178, 41.593416000282396], [-84.14922499956336, 41.59338399981151], [-84.14964600041117, 41.5933390001302], [-84.15037100013424, 41.59325799981864], [-84.15109900023039, 41.59317500004088], [-84.15167199961752, 41.59311100018796], [-84.15225599977363, 41.593041999834504], [-84.15371399961573, 41.592878000334274], [-84.15402099976241, 41.592844999909275], [-84.15489000032383, 41.59274500018775], [-84.15604199984419, 41.592617000237574], [-84.15678699965878, 41.59253299994337], [-84.15779400031248, 41.59241699993328], [-84.1591049998415, 41.592271000099174], [-84.16129199960467, 41.59202499976978], [-84.16408400033862, 41.591714000248345], [-84.16621099982733, 41.591471999990304], [-84.16694200029653, 41.591393000114955], [-84.1675330001253, 41.591328000128065], [-84.16840000013863, 41.59123500007425], [-84.16896599985306, 41.59117699993677], [-84.16985100030806, 41.591101999901824], [-84.17070999992544, 41.591031999701], [-84.17101200004923, 41.591016000220336], [-84.17130800032524, 41.590990999932046], [-84.17189199958304, 41.590952000242375], [-84.17272299961134, 41.590912000139916], [-84.17345900010339, 41.59088199987891], [-84.17420100044323, 41.59085299999398], [-84.17466199967737, 41.59083899990591], [-84.17539200032166, 41.590828000314474], [-84.17611600021984, 41.590816000330484], [-84.18141600020901, 41.59079800001438], [-84.19154900020715, 41.59076600026118], [-84.19287800017781, 41.59076499986971], [-84.1934549997629, 41.59076400015009], [-84.19411400026208, 41.59075900020807], [-84.19913600041691, 41.590738999764255], [-84.20621999976312, 41.59072100009855], [-84.20914300001834, 41.59071199992785], [-84.21184399961741, 41.590704000148335], [-84.2129979996859, 41.59070499986889], [-84.21422899974729, 41.590694000254615], [-84.21725300028486, 41.59068900030717], [-84.21937300010086, 41.59067700029734], [-84.22915600029461, 41.5906449998123], [-84.22978300010843, 41.5906449998123], [-84.23014799998141, 41.590641999976], [-84.23048400044037, 41.590641999976], [-84.24235399993988, 41.59058399997758], [-84.24665100037161, 41.59057100022563], [-84.24855699992737, 41.59057100022563], [-84.24914799975618, 41.59056200003402], [-84.24957600027668, 41.59056499987409], [-84.25853699976464, 41.59052500020369], [-84.26740799973923, 41.590487999680334], [-84.26841399966973, 41.590486999956426], [-84.26919899966728, 41.59048100026895], [-84.27112100001489, 41.590474000184926], [-84.27356999971887, 41.59046799982438], [-84.27563099998363, 41.5904579998941], [-84.28273199994662, 41.59042800009392], [-84.28781199982775, 41.590408999944515], [-84.28871700037422, 41.59041100006661], [-84.2906730001587, 41.590440000150046], [-84.2925879999353, 41.59052000024315], [-84.29385300033188, 41.59058699981658], [-84.30583699963418, 41.59130099986616], [-84.30706400039593, 41.591381000236], [-84.30801199970179, 41.59143299991938], [-84.3083239998713, 41.59145199976735], [-84.31041299972517, 41.59157500013329], [-84.31110300018649, 41.59161600020318], [-84.3124709996169, 41.59169699988784], [-84.31376799980053, 41.59173900025663], [-84.31469000006545, 41.59175899971877], [-84.3159970002948, 41.59175399985382], [-84.31660300019222, 41.59173900025663], [-84.31787000023861, 41.59169100031281], [-84.31888299984179, 41.5916340002912], [-84.32007700009326, 41.591538000211706], [-84.32063799978482, 41.59148199976351], [-84.32144100022403, 41.59139399982483], [-84.32235199971997, 41.591289999681585], [-84.3233259998634, 41.591153999809904], [-84.32452500013773, 41.59095700016945], [-84.32553500026619, 41.59077400003301], [-84.32629599997429, 41.59062299988957], [-84.32678399987091, 41.59051300016337], [-84.32723199958458, 41.59041399991364], [-84.32828000024617, 41.590172000157], [-84.33163699997135, 41.58938900015879], [-84.33246200015188, 41.58919800031441], [-84.33453400028732, 41.58872899981167], [-84.33558899972329, 41.58848199966712], [-84.3373849996742, 41.58805299989293], [-84.33784599980665, 41.587934999696316], [-84.33819099958815, 41.58785499975921], [-84.3385250003973, 41.587779000130304], [-84.33901800031678, 41.58767599997767], [-84.33940499993109, 41.58759899969747], [-84.33969700000914, 41.58754400030498], [-84.34009299984426, 41.5874800002444], [-84.34051299996884, 41.58742899983576], [-84.34097800029923, 41.587387000022275], [-84.34141000011937, 41.58736000012777], [-84.34189800001602, 41.587337999757466], [-84.34216400015478, 41.58733699998478], [-84.3424260000956, 41.587346999726584], [-84.34256599983767, 41.587348000171026], [-84.34290700031954, 41.58736900009387], [-84.34308600041969, 41.58737599984266], [-84.34339400039126, 41.58740700016082], [-84.34366100035496, 41.58742899983576], [-84.34397500017431, 41.58746500032599], [-84.34423799994003, 41.58750199989446], [-84.34449200038326, 41.58754599984393], [-84.34480600020261, 41.58761100027945], [-84.34508599968677, 41.58767000002891], [-84.34535900039657, 41.58773199969615], [-84.34559100020017, 41.58778800003795], [-84.3458120001331, 41.58784899982712], [-84.34618899970165, 41.58796599974607], [-84.34651900031284, 41.5880740002583], [-84.34691000012509, 41.588220999937356], [-84.34741700028829, 41.58842899986656], [-84.34811299969908, 41.588722999960815], [-84.34879499976446, 41.58900900007042], [-84.34905000003259, 41.589112999857186], [-84.349507999792, 41.58930600010938], [-84.34985000009875, 41.58944399999511], [-84.3503809996531, 41.58966999997906], [-84.35078700043226, 41.589849000278825], [-84.3513599998194, 41.59008300004611], [-84.35168600023265, 41.59022299974252], [-84.35212399990056, 41.59041300018859], [-84.3527750000038, 41.590670999955655], [-84.35695500025967, 41.59243899991645], [-84.35739600030064, 41.592633999683954], [-84.35778700011289, 41.592797000116015], [-84.35827599983445, 41.59300700012359], [-84.35871100002761, 41.59319499973], [-84.35951100009378, 41.59352999981557], [-84.36021099970252, 41.59382600020916], [-84.36092399973003, 41.594125999931244], [-84.36158599970395, 41.59440299996154], [-84.36224900040108, 41.59468699977463], [-84.3646880000593, 41.59571799992704], [-84.36597199982414, 41.59626800003325], [-84.36690900015766, 41.59665900032916], [-84.36761899981214, 41.596959999943316], [-84.36829199965669, 41.597250000328394], [-84.36917499956354, 41.597625999804904], [-84.36999200024647, 41.597958000237405], [-84.37081700042697, 41.59831299990511], [-84.37154100032515, 41.59860300025656], [-84.37228500031483, 41.59889299997666], [-84.37285500022723, 41.599097000073854], [-84.37335099962145, 41.59928399982036], [-84.37393399995265, 41.59949299996278], [-84.37467399974435, 41.5997610002188], [-84.37530300010629, 41.59997399981148], [-84.37581500029236, 41.60014199973231], [-84.37682100022286, 41.60045999996837], [-84.37778699997037, 41.6007530001149], [-84.37863899991507, 41.601000999889436], [-84.37986900015154, 41.60134199978658], [-84.3802819997051, 41.60145300009322], [-84.38057399978315, 41.60153599997382], [-84.380915000265, 41.60162499974337], [-84.38119599957408, 41.6016919998814]]}, "properties": {"BASENAME": "90", "MTFCC": "S1100", "NAME": "I- 90", "OBJECTID": 3819, "OID": "1103699001515", "PREDIR": null, "PREDIRABRV": null, "PREQUAL": null, "PREQUALABRV": null, "PRETYP": 344, "PRETYPEABRV": "I-", "RTTYP": "I", "SUFDIR": null, "SUFDIRABRV": null, "SUFQUAL": null, "SUFQUALABRV": null, "SUFTYP": null, "SUFTYPEABRV": null}}, {"type": "Feature", "id": 3822, "geometry": {"type": "LineString", "coordinates": [[-84.38119999977204, 41.601919999739714], [-84.38024300024537, 41.60165599993619], [-84.37893299964294, 41.601288999796736], [-84.37736199982294, 41.60085300019284], [-84.37600400043824, 41.60050300024973], [-84.37531200032711, 41.60026799972175], [-84.37458400023098, 41.60001100027145], [-84.37383100002049, 41.59973700021116], [-84.373073999612, 41.5994490000951], [-84.37233200017049, 41.599157000335346], [-84.37198599966577, 41.59902600021857], [-84.37154600034803, 41.59884499997863], [-84.3711350004443, 41.598682000040775], [-84.37083699962015, 41.59855699991251], [-84.37063499995378, 41.598471999687014], [-84.370116000095, 41.59826199999346], [-84.36973799980325, 41.59810500024965], [-84.36683999966237, 41.59687999976994], [-84.36528399991097, 41.596214000271864], [-84.36449999973834, 41.595880000320655], [-84.36297300029926, 41.59524000022748], [-84.3607580000487, 41.594308000305794], [-84.36002300027985, 41.593996999690894], [-84.3592879996127, 41.59368400024419], [-84.35854299979812, 41.59336899992124], [-84.35780399983135, 41.59306000019672], [-84.35707300026046, 41.59274500018775], [-84.35669499996868, 41.59258099993294], [-84.3562740000192, 41.592412999813384], [-84.35597299972031, 41.592282999812696], [-84.35556500018964, 41.59211599995991], [-84.35499100007927, 41.5918719997885], [-84.35384899970636, 41.59137700005191], [-84.353274999596, 41.591139000073305], [-84.3526980000109, 41.59090099988905], [-84.35236300027516, 41.59076600026118], [-84.35212399990056, 41.59066199977805], [-84.35167899966163, 41.59047499990905], [-84.3511430000844, 41.59024600020109], [-84.35060900015704, 41.590015999949614], [-84.35035899991179, 41.589910999869076], [-84.34996800009952, 41.589743000191284], [-84.34889900041985, 41.589293000100064], [-84.34867900031183, 41.58920199996163], [-84.34738700015109, 41.588652000115516], [-84.34693699988927, 41.58846699998151], [-84.3465159999398, 41.58831099968534], [-84.34608999996745, 41.58816299977947], [-84.34556100006293, 41.5880150002062], [-84.34500899969389, 41.58787699995338], [-84.3446859996537, 41.58780899981768], [-84.34439299975074, 41.58775399993223], [-84.34405499964194, 41.58770199997299], [-84.3436589998068, 41.587650999739665], [-84.34330399997957, 41.58761299981633], [-84.34283899964916, 41.58758399980676], [-84.34242899957034, 41.587571999891615], [-84.3420879999868, 41.587563999723045], [-84.34166899968714, 41.58756800014339], [-84.34139400022585, 41.58757499987062], [-84.34106399961465, 41.58759499995093], [-84.34063099996962, 41.58763299988487], [-84.33991399974411, 41.587733999901175], [-84.3395039996653, 41.587802999881326], [-84.33909699995952, 41.58788700028346], [-84.33869799975135, 41.5879750002996], [-84.33818200026562, 41.588083000124875], [-84.33746500004014, 41.588276000096855], [-84.3365970002019, 41.58848199966712], [-84.33571199974693, 41.58868299982103], [-84.33480500044897, 41.58888300027225], [-84.33392699966667, 41.58908300010386], [-84.33309900001143, 41.58927899967369], [-84.33224000039402, 41.58947799988274], [-84.33134700044145, 41.58969000008219], [-84.33044199989497, 41.58989799998159], [-84.32953100039904, 41.59011099987529], [-84.32861599980683, 41.59032300001164], [-84.32770299976276, 41.59053000016388], [-84.32720099962245, 41.59064299969751], [-84.32656700013594, 41.59079500018514], [-84.32629699979921, 41.590845999950346], [-84.32568099985605, 41.59096900012724], [-84.32482899991135, 41.59112700014713], [-84.32411800043197, 41.591247999692506], [-84.32369300028452, 41.59131800033096], [-84.3231219996489, 41.591404999991695], [-84.32243200008591, 41.591497000092325], [-84.32156199969954, 41.591607000157325], [-84.32097699971854, 41.59167199986329], [-84.32035400010268, 41.59173500009468], [-84.32011599955301, 41.591755000229966], [-84.3197850000152, 41.59178200030193], [-84.31948700008938, 41.59180399982968], [-84.31923900039227, 41.591821000162014], [-84.31891999965173, 41.59184499975413], [-84.31873999972665, 41.59185599984413], [-84.31832499962496, 41.591884000248], [-84.31790200002567, 41.59190799981669], [-84.31660300019222, 41.59195600027102], [-84.31591399955582, 41.59196599996924], [-84.3151660002665, 41.591974000264216], [-84.31443200032258, 41.591970000116824], [-84.31317399959869, 41.59194100004891], [-84.31245100042375, 41.5919140000434], [-84.31105100030796, 41.59183299995919], [-84.31038900033406, 41.59179299973082], [-84.30959000009281, 41.59174400012275], [-84.30872300007948, 41.59169499980559], [-84.30786000026413, 41.59163900016544], [-84.30706799969558, 41.59159399993951], [-84.30568400037161, 41.591511000037684], [-84.30481300016035, 41.591460000126034], [-84.30417100027793, 41.59142100004785], [-84.30345900007532, 41.5913759996699], [-84.30259000041218, 41.59132899983891], [-84.30172599987361, 41.59127700007179], [-84.30100500034847, 41.591228999784484], [-84.30012999993922, 41.5911810001333], [-84.2992410001846, 41.591125000047214], [-84.29778400016741, 41.5910440003167], [-84.29692399982679, 41.59100299988351], [-84.2960450001179, 41.59093699978693], [-84.29517499973154, 41.59088800020093], [-84.29428599997692, 41.59083100014213], [-84.29166200037076, 41.5906870001937], [-84.29079399963422, 41.59065699982808], [-84.28991099972738, 41.590634000187805], [-84.28902000032294, 41.59062400028324], [-84.28813800024099, 41.59062400028324], [-84.28780900035302, 41.59062500000503], [-84.28723199986963, 41.59062700012038], [-84.28632899987129, 41.59063200007267], [-84.28567199992025, 41.59062799984212], [-84.28480599973186, 41.59063600030292], [-84.28392399964994, 41.59063600030292], [-84.2827310001217, 41.59063999986106], [-84.28213699991986, 41.590639000139504], [-84.28124399996727, 41.590646999927074], [-84.27944800001636, 41.59065800022122], [-84.27855500006379, 41.59066100005683], [-84.27766799995896, 41.590666000006436], [-84.27588500042685, 41.59067399979066], [-84.27498599972819, 41.59067700029734], [-84.27409000030087, 41.590678000018315], [-84.2732049998459, 41.59068200024572], [-84.27232100011413, 41.590687999914515], [-84.27143300018442, 41.59068900030717], [-84.27054000023185, 41.590687999914515], [-84.26964300008129, 41.590697000088554], [-84.26841600021787, 41.59070699998181], [-84.26785100032833, 41.590704000148335], [-84.26694400013206, 41.59070699998181], [-84.26637400021966, 41.59070799970231], [-84.26609399983718, 41.590714999760955], [-84.2657580002765, 41.59071199992785], [-84.26545600015272, 41.59071199992785], [-84.26527200002971, 41.590714000040556], [-84.26456599967487, 41.590714999760955], [-84.26412899983187, 41.59071899998606], [-84.26397099964812, 41.590718000265724], [-84.26382300040842, 41.59072100009855], [-84.26342400020025, 41.59071999970637], [-84.26219200031397, 41.59072899987591], [-84.26204599982577, 41.59072600004351], [-84.26159700028721, 41.59073199970822], [-84.26099600041267, 41.5907350002122], [-84.26024999987487, 41.5907350002122], [-84.25966300024405, 41.590738000044226], [-84.25892199972911, 41.590740000156075], [-84.25848999990897, 41.590742000267916], [-84.25716799961099, 41.59074799993113], [-84.25698799968593, 41.590745000099616], [-84.2559499999684, 41.590752000154204], [-84.25299400010121, 41.590769000091775], [-84.2515150003427, 41.59077199992217], [-84.24987099982944, 41.59077800025447], [-84.24914799975618, 41.59078300019501], [-84.24854799970656, 41.59078300019501], [-84.24765899995192, 41.590785000305516], [-84.24675500012869, 41.59079000024552], [-84.24527200017222, 41.590793000074996], [-84.24366000034432, 41.590802999953375], [-84.24214600042572, 41.5908059997822], [-84.24037899988882, 41.59081799976805], [-84.23874500031962, 41.59082199998684], [-84.23681200010137, 41.59082999975167], [-84.23353599966873, 41.59084100001463], [-84.23147699995208, 41.59085299999398], [-84.22978999978112, 41.59087100029475], [-84.22967400032847, 41.590857999928765], [-84.2281820001512, 41.590864999971096], [-84.22655699990449, 41.590869000186956], [-84.22433400015633, 41.59087200001271], [-84.22226299984581, 41.59088300026851], [-84.22209200014157, 41.59088600009367], [-84.22150100031278, 41.59088499970405], [-84.21972600027827, 41.59089100002585], [-84.21838800008676, 41.59090000017154], [-84.2172490000869, 41.59090500010269], [-84.21588499995612, 41.59090599982012], [-84.21417699986876, 41.59090900031602], [-84.21274300031608, 41.590914999963715], [-84.21184600016555, 41.59091999989366], [-84.20915899991186, 41.5909339999642], [-84.20873399976443, 41.59093100014128], [-84.20842400014304, 41.59092999975236], [-84.20694000036166, 41.59093800017574], [-84.20531400029006, 41.59094099999833], [-84.20337799969876, 41.590948999748434], [-84.20099699976684, 41.590952999959086], [-84.19876800017089, 41.59096299981269], [-84.19410400021634, 41.590972999664736], [-84.19348599972506, 41.59097699987386], [-84.19287800017781, 41.59098500029141], [-84.1920949998301, 41.590981000082785], [-84.1901659998098, 41.590990999932046], [-84.18882500014355, 41.59099200032002], [-84.18750100019574, 41.590995000140055], [-84.1863089995941, 41.5909959998561], [-84.1822880002452, 41.59101100029784], [-84.18157400039277, 41.59100900019433], [-84.17617399994616, 41.591031999701], [-84.17541400006296, 41.59103800000912], [-84.17475000043925, 41.591049999951856], [-84.17424599975077, 41.59106399999421], [-84.17345699955526, 41.591094000170685], [-84.17276799981717, 41.591124000333174], [-84.17155000017459, 41.591195000147195], [-84.17107800017148, 41.59122399987844], [-84.17070499990258, 41.591247999692506], [-84.17035900029616, 41.59127400026486], [-84.16997000013373, 41.591307000149285], [-84.16946600034358, 41.591351000192944], [-84.16841000018437, 41.59144899996855], [-84.16761500014108, 41.59153499974504], [-84.166926000403, 41.591611000327156], [-84.1662500001854, 41.59167699973464], [-84.16591100025168, 41.59172100019791], [-84.16514700017055, 41.59181700000519], [-84.16412799982125, 41.59192700019676], [-84.16268800042081, 41.592086999957544], [-84.16136600012283, 41.592240999797845], [-84.15912999995585, 41.59248999972649], [-84.15788600037399, 41.592626999833456], [-84.15687000039777, 41.59274300013802], [-84.15613100043097, 41.59282900020607], [-84.15499099970786, 41.59295800009336], [-84.15413100026555, 41.59305400007654], [-84.15374499957787, 41.593101999678645], [-84.15254000035405, 41.593230999692196], [-84.15168099983835, 41.5933269999412], [-84.15117899969802, 41.593385999841416], [-84.15050699967837, 41.5934620002597], [-84.15004800009406, 41.593510999907345], [-84.14976199986378, 41.59354399999186], [-84.14899100010994, 41.59363700007818], [-84.14891900013993, 41.59364399981921], [-84.14838600003745, 41.593701999755545], [-84.14793999997362, 41.593754000256496], [-84.14751400000127, 41.59380200000995], [-84.14722199992322, 41.59383400027361], [-84.14712400001393, 41.59384500002468], [-84.14685000037754, 41.59386999987944], [-84.14654800025374, 41.59390099976651], [-84.14626000037366, 41.59392000023178], [-84.14600199973249, 41.59393400032347], [-84.1456639996237, 41.593947000070024], [-84.14511399980277, 41.59395599978963], [-84.14480300035646, 41.59395799980182], [-84.14446299969953, 41.593947000070024], [-84.14405900036681, 41.59392800028453], [-84.14369600014365, 41.593906000137004], [-84.14341400011132, 41.593881999967536], [-84.14306400030698, 41.593847000040256], [-84.14250400044031, 41.59379700030319], [-84.14215399973764, 41.59376500002118], [-84.14200899997269, 41.59375200023803], [-84.14132799973218, 41.593678999856515], [-84.14089599991206, 41.59363700007818], [-84.13988300030888, 41.5935330001895], [-84.13894699980028, 41.593444000009576], [-84.13784499961031, 41.59332600026126], [-84.13709399994796, 41.593257000137626], [-84.13635599980607, 41.59320299987262], [-84.13620799966807, 41.59317200032214], [-84.13431899983074, 41.59298399997696], [-84.11489999975633, 41.59104500003198], [-84.11183199973614, 41.590714000040556], [-84.11128199991522, 41.59074399970782], [-84.11049699991767, 41.59068500008021], [-84.10896600028065, 41.59065600010683], [-84.10731699974451, 41.59059699972693], [-84.10053799999682, 41.590769999811265], [-84.07624800027861, 41.59124699998036], [-84.06454500028538, 41.59148100005499], [-84.0633569998817, 41.59150199997718], [-84.06275400035736, 41.591508999949724], [-84.06212199962236, 41.59151500021346], [-84.06145399980066, 41.59153400003735], [-84.06078799962881, 41.59154700026724], [-84.05939500008402, 41.59157099996123], [-84.05869899977492, 41.59159100014727], [-84.05845699992561, 41.59159600002484], [-84.05817400006839, 41.59160399969382], [-84.05756700034607, 41.591611000327156], [-84.0569720003193, 41.5916250002478], [-84.05680800028779, 41.59162800003847], [-84.0558380003423, 41.59164899991278], [-84.05453600013581, 41.59167100015771], [-84.05308900016436, 41.59169499980559], [-84.05159399961401, 41.59173000022788], [-84.0515090001235, 41.59172899985139], [-84.0507349999966, 41.59174400012275], [-84.0492980000709, 41.59177600006296], [-84.04839900027055, 41.59178900024411], [-84.0480100001081, 41.59179600018554], [-84.04750399976982, 41.59180899969081], [-84.04439200026701, 41.59186699993225], [-84.04335899967404, 41.59188999980513], [-84.04237399965994, 41.59190000018544], [-84.04178500037929, 41.591914999745214], [-84.04139100019401, 41.59192399974818], [-84.0404759996018, 41.591947000272505], [-84.03964799994652, 41.591961000120314], [-84.03883000033701, 41.591970999817775], [-84.03805299983708, 41.591990000179294], [-84.0375609997425, 41.59200499971816], [-84.03676099967632, 41.59201399970858], [-84.03635200032072, 41.5920179998532], [-84.03438999979015, 41.59205700024254], [-84.03380700035727, 41.592069999695255], [-84.03321599963017, 41.59208000004768], [-84.03270500016733, 41.59209399986665], [-84.03203599962241, 41.592100999775], [-84.03139499956491, 41.59212499993481], [-84.03090900021641, 41.59214999978392], [-84.03039899968016, 41.59219199985799], [-84.0296689999342, 41.592271000099174], [-84.02923200009118, 41.59233000029275], [-84.02838599999427, 41.59246999981899], [-84.02766000044626, 41.592615000183876], [-84.02699299955118, 41.59276599969873], [-84.0262619999803, 41.592964999908006], [-84.02585600009944, 41.59308300031632], [-84.02546299973905, 41.593211999696], [-84.02505500020837, 41.593347000255015], [-84.02478700041976, 41.59344100030335], [-84.02449100014375, 41.59355499979233], [-84.024044000255, 41.593723000298816], [-84.02360300021404, 41.59390299978041], [-84.02333600025035, 41.59400899975534], [-84.02299999979137, 41.59414699966473], [-84.02259300008558, 41.59430699996922], [-84.02191500021816, 41.594577000255505], [-84.02083399994461, 41.59501200028195], [-84.02046499987367, 41.59515799996265], [-84.01991000002987, 41.595378999840335], [-84.0193769999274, 41.595602999910895], [-84.0193400001175, 41.595614999676805], [-84.01924700023106, 41.59564600006945], [-84.0186170000442, 41.595893999987275], [-84.01798699985737, 41.59614800012889], [-84.01737199973913, 41.59640000000628], [-84.01700100001837, 41.59654700020817], [-84.01617199963988, 41.59687200008307], [-84.01560500010054, 41.59709699996796], [-84.01461500006357, 41.597491999749586], [-84.01425199984041, 41.59764100004947], [-84.01391999957939, 41.597767000219484], [-84.01360599976003, 41.59788100012938], [-84.01312700008424, 41.59803599986059], [-84.01282199958739, 41.59811700022214], [-84.01234899975937, 41.59824699989328], [-84.01199599958196, 41.59832400023638], [-84.01176100030364, 41.59836199990079], [-84.01146500002763, 41.59841500027919], [-84.0110480002761, 41.59847799997529], [-84.01064499986997, 41.598528000116865], [-84.01042099956399, 41.59854600029269], [-84.01011799961528, 41.598571999940695], [-84.00985900004753, 41.598585000096634], [-84.00943899992295, 41.59860099971657], [-84.00923399988355, 41.59860300025656], [-84.00898799983625, 41.59860199998654], [-84.0087030003292, 41.59859699997991], [-84.00840100020541, 41.598585999695125], [-84.00796000016445, 41.59856800020224], [-84.00769200037585, 41.598558999782135], [-84.00718100001467, 41.5985319998578], [-84.00629399990989, 41.598498000036564], [-84.00397400007733, 41.59839300031753], [-84.00341900023354, 41.59836399977641], [-84.00146300044905, 41.59828099984669], [-84.0004249998332, 41.59822900030581], [-83.99968500004151, 41.598197000205786], [-83.99941600042798, 41.59818399997168], [-83.99863300008026, 41.59815100024409], [-83.99827300023016, 41.598134000235376], [-83.99792000005273, 41.598120999988595], [-83.99705899988719, 41.59808699995084], [-83.99573999996227, 41.59802199998685], [-83.99427500044744, 41.597956999957454], [-83.99332899989312, 41.59791299971433], [-83.99234100040428, 41.597869999722555], [-83.99164699974503, 41.597845000073555], [-83.99070500028695, 41.59781599995797], [-83.98931600004182, 41.5977889997228], [-83.98924900009467, 41.597788000111954], [-83.98888199967355, 41.59779000000541], [-83.98815000027777, 41.5977889997228], [-83.98699799985908, 41.59781599995797], [-83.98651900018329, 41.597826000091914], [-83.98590200041524, 41.597846999965185], [-83.9847600000423, 41.59789300014356], [-83.98404799983969, 41.59792700028352], [-83.98324100010082, 41.597972999733024], [-83.98275400002912, 41.59799499983791], [-83.98205100004733, 41.59803299969599], [-83.9812970000119, 41.59806299999243], [-83.98047799967917, 41.598112999783694], [-83.9787610002693, 41.59819599992947], [-83.97840700026697, 41.59821100004156], [-83.97783099960847, 41.59824500001399], [-83.97642499964492, 41.59832100008516], [-83.9734889998692, 41.59846400019743], [-83.97093800005797, 41.59859300024296], [-83.970024000189, 41.59863800029194], [-83.9698069995557, 41.59864700002925], [-83.96746400015694, 41.598770999715796], [-83.96128899975852, 41.599084000021044], [-83.96013100039038, 41.5991360002166], [-83.95933299997405, 41.59918099988691], [-83.95751000025894, 41.599273000324494], [-83.95598700011952, 41.5993450001665], [-83.95462299998873, 41.599421000285844], [-83.9535569997838, 41.599478000148665], [-83.95234499998897, 41.59953499996114], [-83.95166999959629, 41.59956800032456], [-83.95157099986208, 41.599573000255965], [-83.94993300009493, 41.59965799970312], [-83.94829399960453, 41.599748999880234], [-83.94725500006207, 41.59979500004641], [-83.94603300022153, 41.599838000099105], [-83.94587800041084, 41.59984499983936], [-83.94496899966641, 41.599858999989415], [-83.94374900037398, 41.59987399971497], [-83.94179500023934, 41.59988100012309], [-83.94070999976782, 41.599876999794], [-83.9398350002569, 41.59988199970151], [-83.92803500017929, 41.59990800015477], [-83.92114199973047, 41.59992700019518], [-83.91323900005152, 41.599946000230005], [-83.90690299999461, 41.59996099993534], [-83.90576399999475, 41.599967000085215], [-83.90507299970852, 41.59997500006023], [-83.90432000039634, 41.599973000234485], [-83.90341599967479, 41.59997800013456], [-83.90295799991539, 41.59998400028286], [-83.902564999555, 41.599979999960155], [-83.90072199974841, 41.59998100020881], [-83.9000299996373, 41.59999299983246], [-83.89915299957823, 41.59998900018209], [-83.89665700001858, 41.599987999933546], [-83.89394600037379, 41.59999100000728], [-83.89265099983999, 41.5999950003293], [-83.89145800031174, 41.599995999905964], [-83.8896659996605, 41.60000200005258], [-83.88847899998002, 41.6000089997751], [-83.88753599979873, 41.6000069999504], [-83.88712999991786, 41.6000069999504], [-83.88428299983063, 41.600013999672385], [-83.88352299994743, 41.600013999672385], [-83.88326100000661, 41.60001300009601], [-83.88293600031659, 41.600011999847844], [-83.88248600005481, 41.600013999672385]]}, "properties": {"BASENAME": "90", "MTFCC": "S1100", "NAME": "I- 90", "OBJECTID": 3822, "OID": "1104755863738", "PREDIR": null, "PREDIRABRV": null, "PREQUAL": null, "PREQUALABRV": null, "PRETYP": 344, "PRETYPEABRV": "I-", "RTTYP": "I", "SUFDIR": null, "SUFDIRABRV": null, "SUFQUAL": null, "SUFQUALABRV": null, "SUFTYP": null, "SUFTYPEABRV": null}}, {"type": "Feature", "id": 3839, "geometry": {"type": "LineString", "coordinates": [[-83.88248600005481, 41.600013999672385], [-83.87865999980124, 41.60004100032013], [-83.87625200010515, 41.60004399971968], [-83.86679899962428, 41.60006000032139], [-83.8637449998478, 41.60006500021472], [-83.85603799998742, 41.60008799985341], [-83.85535500009713, 41.600084000208916], [-83.85181000005099, 41.60009599981347], [-83.8497489997862, 41.60012899989001], [-83.84763300016816, 41.60023200032567], [-83.84565399991914, 41.60036900012213], [-83.84453300036093, 41.6004459999487], [-83.84345700011025, 41.60052399992364], [-83.84031799994494, 41.60074500023629], [-83.83922900017377, 41.60081900025089], [-83.83773299979852, 41.6009259998496], [-83.83644099963777, 41.60102200007306], [-83.83505999978856, 41.60111500013236], [-83.83354199967201, 41.60121799966608], [-83.8320570000657, 41.60133299975334], [-83.830071000144, 41.601465999668804], [-83.82906799968825, 41.60153499974932], [-83.82714200004101, 41.60167999990191], [-83.82589799956082, 41.60177899966609], [-83.82523300011218, 41.60181899975162], [-83.82400700007366, 41.60189400009705], [-83.82332800038132, 41.60194900002631], [-83.82121900043597, 41.60209699989621], [-83.81831700009715, 41.602296000221116], [-83.8154549999413, 41.602496000141954], [-83.8147090003018, 41.60255100022981], [-83.81360499956371, 41.60262100002957], [-83.81284800005356, 41.60268000016652], [-83.81241200003548, 41.6027060001642], [-83.81181399963567, 41.602725000052494], [-83.81130399999775, 41.60271000031793], [-83.81079400035979, 41.602684000321865], [-83.81025500040954, 41.60263200029832], [-83.80930300000742, 41.602465999891066], [-83.80831299997044, 41.60222300009896], [-83.8074290002387, 41.601968999683635], [-83.80605500006219, 41.60157099976197], [-83.80362200025172, 41.60086500032612], [-83.80327300027227, 41.6007629997938], [-83.80132699963521, 41.600196000237744], [-83.80127899995465, 41.60018099991525], [-83.80013999995475, 41.59985100000002], [-83.79914800026798, 41.59956800032456], [-83.79841500014896, 41.599348000270176], [-83.79778999998499, 41.599167999851026], [-83.7973120001341, 41.59902999992863], [-83.79629299978481, 41.598743999880206], [-83.79505199967768, 41.59837300022371], [-83.7929069997473, 41.5977570000764], [-83.79162100033265, 41.59741000033048], [-83.78955900024297, 41.596877000223394], [-83.78642500010056, 41.59619299986725], [-83.78486699980101, 41.59586599997924], [-83.78315600023892, 41.59555799976119], [-83.78089800033065, 41.595167000185235], [-83.77978400044513, 41.59500100005794], [-83.77792200037199, 41.59475100008041], [-83.77691499971826, 41.59462900005153], [-83.77271699991903, 41.59417000006879], [-83.76846499969314, 41.59370999983537], [-83.76415899993889, 41.593230999692196], [-83.76138299999674, 41.592938000330854], [-83.76089599992503, 41.59287299988415], [-83.75774300041435, 41.5925269997742], [-83.75358300024996, 41.59207500020758], [-83.74941200021493, 41.591621999785175], [-83.74633099977596, 41.591279999878644], [-83.74527499961675, 41.59116299991898], [-83.743032999602, 41.59092600021219], [-83.7414490002615, 41.590750000042725], [-83.74074100025686, 41.59071600015315], [-83.73998300002349, 41.59070499986889], [-83.73916799988872, 41.59072800015573], [-83.73866400009857, 41.590762000038985], [-83.73746399999932, 41.59090900031602], [-83.7366670003062, 41.59096400020109], [-83.7319360004045, 41.59147499978804], [-83.73079300020665, 41.59158900006179], [-83.72968500016891, 41.59169899997001], [-83.72829599992377, 41.591826999725], [-83.72624700025288, 41.59195999974737], [-83.72508200031373, 41.5920130000083], [-83.72386299994791, 41.592055000171506], [-83.72276099975797, 41.592071000066504], [-83.72048899960599, 41.592082000118], [-83.71587999990302, 41.59207700027806], [-83.71332900009179, 41.59208800032852], [-83.70998400006218, 41.59208499988738], [-83.70632299966508, 41.59208999972674], [-83.70251200037845, 41.59208999972674], [-83.6972009996203, 41.59209500023753], [-83.69148100040486, 41.592100000076066], [-83.69107200015095, 41.59209500023753], [-83.68974700037825, 41.59210299984461], [-83.68868500037127, 41.5920919997967], [-83.68746799965527, 41.592098999705264], [-83.68681800027524, 41.592100000076066], [-83.68196799964953, 41.592111000122614], [-83.68078099996907, 41.59210999975198], [-83.67452299972999, 41.59210400021535], [-83.67297600019941, 41.5920980000063], [-83.67170900015302, 41.5920980000063], [-83.67076500014682, 41.5920980000063], [-83.6672589995604, 41.59211399989065], [-83.66661000000528, 41.592082000118], [-83.66626799969852, 41.592071000066504], [-83.66564900028065, 41.59205000032942], [-83.66540200040845, 41.59204200004392], [-83.6648430003667, 41.592010999935844], [-83.6646669997413, 41.59200199994505], [-83.66451000028076, 41.59199299995301], [-83.6639289995994, 41.59195299982379], [-83.66327099982347, 41.591902000261285], [-83.66270099991108, 41.59184400005123], [-83.66202899989142, 41.59178200030193], [-83.6613710001155, 41.59170399983923], [-83.66079899965494, 41.5916379997875], [-83.65984299995318, 41.591518000009245], [-83.65892400006133, 41.59140099980909], [-83.65780000013007, 41.59126399978758], [-83.65706199998816, 41.591191999664595], [-83.65640400021223, 41.59114300027214], [-83.65574800008612, 41.59109499988515], [-83.65511100022657, 41.59108000013484], [-83.6540569997172, 41.59104099982708], [-83.65188300037282, 41.59099200032002], [-83.64839199985504, 41.590912000139916], [-83.64560699969206, 41.590826000205304], [-83.64456300012675, 41.590809000282796], [-83.64380200041863, 41.590779999693254], [-83.64324199965367, 41.590740000156075], [-83.64284099979567, 41.59072300021092], [-83.6416109995592, 41.59060800002958], [-83.64096899967679, 41.5905359998468], [-83.64058600026046, 41.59046499997985], [-83.63979600024004, 41.59031899976198], [-83.63828599962108, 41.589993000080966], [-83.6369009995739, 41.58961000030421], [-83.63336999977143, 41.5887170001094], [-83.63195100028742, 41.58835900012671], [-83.63132299975037, 41.58820000029164], [-83.6299879999319, 41.58783300022944], [-83.62847099964026, 41.58745499993055], [-83.62593599972257, 41.58678599992269], [-83.62399500000669, 41.5862949999854], [-83.62297800020556, 41.586024999996894], [-83.62125500004959, 41.585583999737615], [-83.61983999986518, 41.58521299969294], [-83.61947599981711, 41.58511700014375], [-83.61846999988661, 41.584863000270154], [-83.61796799974627, 41.584736999771614], [-83.61780899973762, 41.584696999849925], [-83.61692300035605, 41.584474000050555], [-83.61549200027812, 41.58409099978507], [-83.61333800012692, 41.58354199990546], [-83.6123360003944, 41.58328099969155], [-83.61178400002535, 41.583110000045224], [-83.61106000012717, 41.58286900030138], [-83.61032799983306, 41.58257499975557], [-83.60955500042938, 41.58217400028831], [-83.6093589997125, 41.582060000187916], [-83.6090209996037, 41.5818629996756], [-83.60886900016604, 41.58177400020554], [-83.60837200004858, 41.581509999976234], [-83.60640799986818, 41.58026599993759]]}, "properties": {"BASENAME": "90", "MTFCC": "S1100", "NAME": "I- 90", "OBJECTID": 3839, "OID": "1104755863739", "PREDIR": null, "PREDIRABRV": null, "PREQUAL": null, "PREQUALABRV": null, "PRETYP": 344, "PRETYPEABRV": "I-", "RTTYP": "I", "SUFDIR": null, "SUFDIRABRV": null, "SUFQUAL": null, "SUFQUALABRV": null, "SUFTYP": null, "SUFTYPEABRV": null}}, {"type": "Feature", "id": 3840, "geometry": {"type": "LineString", "coordinates": [[-83.8824869998797, 41.59980100021168], [-83.88062499980657, 41.599814999699554], [-83.87861899979337, 41.59981599995072], [-83.87591300017145, 41.599820999862956], [-83.86691699962505, 41.599838000099105], [-83.86374200037308, 41.59984499983936], [-83.85607300014755, 41.599871999886105], [-83.8543879996264, 41.59986699997781], [-83.85183299961722, 41.59987100030753], [-83.850635999891, 41.5998970000935], [-83.84962099973968, 41.59991900021422], [-83.84844599975479, 41.599967000085215], [-83.84698000041509, 41.60005199968516], [-83.84613500014308, 41.60011400022372], [-83.84453599983567, 41.6002310000809], [-83.84301100004639, 41.60033199986743], [-83.84187299987143, 41.60041400027621], [-83.84062099989366, 41.60050200000916], [-83.83929199992298, 41.60059500014615], [-83.83812100013604, 41.60067599998287], [-83.83698799998395, 41.60075699971793], [-83.83492300041952, 41.60090500030646], [-83.83405600040622, 41.60096800025881], [-83.83291099966023, 41.60104900029912], [-83.83189499968401, 41.60111500013236], [-83.82915700027503, 41.60130800010226], [-83.82835800003376, 41.60136299985923], [-83.82685800035887, 41.60146999989941], [-83.82523599958691, 41.601592999983765], [-83.82359799981975, 41.60169900009236], [-83.82240899959118, 41.601784000097936], [-83.82110100043519, 41.601882999702546], [-83.82005600014664, 41.601956999755615], [-83.81858300023592, 41.602061000176946], [-83.81768600008539, 41.60212000015417], [-83.81688799966905, 41.60218200004932], [-83.81599399989155, 41.60223799994673], [-83.81502700031912, 41.602308000086055], [-83.81382700021987, 41.60239700013435], [-83.81301799993288, 41.60244500017737], [-83.81240100016483, 41.60248499985008], [-83.81182500040465, 41.602503999803446], [-83.81120100006558, 41.60249300018468], [-83.81055099978724, 41.60244100000722], [-83.80985299982832, 41.60234099970318], [-83.80958400021481, 41.6022930002545], [-83.80893700030951, 41.60216400021591], [-83.80843900036714, 41.60201599982792], [-83.80796300016608, 41.601880999935936], [-83.80627400034528, 41.601400000194545], [-83.80605099986423, 41.601336999992185], [-83.80376100016889, 41.600666999856756], [-83.80331000008218, 41.60054299978269], [-83.80248599972658, 41.60030300019763], [-83.80078100001226, 41.59980799995599], [-83.79818199962214, 41.599031000192014], [-83.79771499964193, 41.59887800002309], [-83.79631700007425, 41.59851699982032], [-83.7949260001793, 41.598109000016805], [-83.79349799957612, 41.5977089999052], [-83.79234000020797, 41.59737099981649], [-83.79153400029402, 41.597151000334165], [-83.78972499992433, 41.59670699993768], [-83.78840099997652, 41.59640399987909], [-83.78642599992546, 41.59596400029006], [-83.78474999962515, 41.59561200007143], [-83.78331299969945, 41.5953579998359], [-83.78259999967193, 41.595231000015076], [-83.78130000001356, 41.59501099995627], [-83.78010199956412, 41.594825000249884], [-83.77892400010451, 41.59466400022661], [-83.77696499994698, 41.59441499995056], [-83.77542500008911, 41.59423400021537], [-83.77352399965791, 41.594038000237894], [-83.77217499959575, 41.59387700026702], [-83.77108499999966, 41.593760000311605], [-83.76968700043201, 41.59361299980865], [-83.76840699996683, 41.59347100004694], [-83.7644340002985, 41.59303599971265], [-83.76202400005427, 41.59277700030363], [-83.76138200017185, 41.59271900020793], [-83.75809999989141, 41.59235200030558], [-83.75561000017956, 41.5920640001549], [-83.75280800029815, 41.59176999982343], [-83.75085599981334, 41.5915540002349], [-83.74955399960682, 41.59141899995705], [-83.74720100016232, 41.591164000304275], [-83.7465879996939, 41.591092000069764], [-83.74425100014291, 41.590836000078575], [-83.742343000039, 41.59063200007267], [-83.74172600027094, 41.59056999983113], [-83.74108699986327, 41.59051899984792], [-83.7403000002159, 41.59048999979993], [-83.73953000028695, 41.590479000149024], [-83.73852900037934, 41.59055799979918], [-83.7374630001744, 41.59066300017106], [-83.73107699988878, 41.591330999932495], [-83.7293450004103, 41.5915240002722], [-83.72812600004447, 41.59161400011843], [-83.72722200022123, 41.591678000111926], [-83.72551900015675, 41.59176799974349], [-83.72449700033273, 41.59179999967181], [-83.72377300043455, 41.59183799981807], [-83.72225100012002, 41.591859000295926], [-83.72048399958312, 41.591859000295926], [-83.71628499995899, 41.59186400015274], [-83.71332599971875, 41.59186999971168], [-83.70579100028584, 41.59186699993225], [-83.69998999998123, 41.59187800001856], [-83.69803699967149, 41.59187800001856], [-83.69570599996828, 41.59187800001856], [-83.69269900004747, 41.59186200007567], [-83.6918000002471, 41.5918719997885], [-83.69148200022978, 41.59186699993225], [-83.69107200015095, 41.5918719997885], [-83.69073300021724, 41.591877000316174], [-83.6899349998009, 41.59187399986522], [-83.68863400031762, 41.5918719997885], [-83.68773200014422, 41.59188600032439], [-83.68710199995736, 41.591884000248], [-83.6819290001898, 41.59187800001856], [-83.68046899979954, 41.59187800001856], [-83.6768459999356, 41.59189100017912], [-83.67452600010304, 41.59188600032439], [-83.67342899993595, 41.59188600032439], [-83.67076500014682, 41.59188600032439], [-83.66618599968278, 41.591842999676516], [-83.66578700037292, 41.59183799981807], [-83.66570600018206, 41.59184499975413], [-83.66484599984143, 41.59179999967181], [-83.66466500009149, 41.591791000323454], [-83.66429000017274, 41.59176200017507], [-83.66354299981002, 41.5917019997572], [-83.6629340004379, 41.59165000029056], [-83.66245599968867, 41.59160799986384], [-83.66173799963829, 41.59152499998006], [-83.66113699976376, 41.591455999946845], [-83.66014400025205, 41.59133300002602], [-83.65932800029236, 41.59123599978658], [-83.65885299991622, 41.59117299974004], [-83.65788299997074, 41.59107199972907], [-83.65683600003237, 41.590948999748434], [-83.6559580001484, 41.59088600009367], [-83.6554939996429, 41.59087200001271], [-83.65511399970131, 41.590852000275724], [-83.6540290001281, 41.590829000033054], [-83.64560500004224, 41.59060899975162], [-83.64489600021267, 41.590591999771924], [-83.64423800043674, 41.59057499978779], [-83.643603000227, 41.590545999765], [-83.64285300038956, 41.5904999997253], [-83.64214299983676, 41.590448999686735], [-83.64154799981002, 41.59036900017745], [-83.6407450002691, 41.590259000018506], [-83.64062700026835, 41.59023999981935], [-83.63963700023137, 41.590045000210495], [-83.63727999969059, 41.58947299984112], [-83.6321980001596, 41.58817699977602], [-83.63157800001851, 41.5880139997721], [-83.62937000033895, 41.58744999973225], [-83.62832900024836, 41.58718100031757], [-83.6267209997201, 41.58676300024708], [-83.62495800027948, 41.58631099996417], [-83.62432899991754, 41.586145999698324], [-83.62252600029393, 41.5856699999362], [-83.62147299960947, 41.5854009998244], [-83.62017399977601, 41.58507500017012], [-83.61978100031394, 41.58496900030712], [-83.6196740001838, 41.5849439996929], [-83.61854900042765, 41.58465200016034], [-83.61807999989927, 41.58454000003526], [-83.61482600010626, 41.58369400031369], [-83.61334099960166, 41.58331599997203], [-83.61291499962931, 41.583209999909094], [-83.61204799961598, 41.58295800027805], [-83.61125799959558, 41.5826980002359], [-83.61058300010119, 41.58242099970338], [-83.61021400003025, 41.582248999944], [-83.60956999959969, 41.58191200006383], [-83.6085999996542, 41.581345000208735], [-83.60856899969208, 41.58132699993986], [-83.60655799965602, 41.580093999813904]]}, "properties": {"BASENAME": "90", "MTFCC": "S1100", "NAME": "I- 90", "OBJECTID": 3840, "OID": "1104755863685", "PREDIR": null, "PREDIRABRV": null, "PREQUAL": null, "PREQUALABRV": null, "PRETYP": 344, "PRETYPEABRV": "I-", "RTTYP": "I", "SUFDIR": null, "SUFDIRABRV": null, "SUFQUAL": null, "SUFQUALABRV": null, "SUFTYP": null, "SUFTYPEABRV": null}}, {"type": "Feature", "id": 4794, "geometry": {"type": "LineString", "coordinates": [[-83.71090799997691, 41.53547899985567], [-83.7102519998508, 41.53594799968291], [-83.70970299985478, 41.53632000013828], [-83.70928500027837, 41.53662500013007], [-83.70887100000158, 41.53692800026748], [-83.70624900004523, 41.53884299992457], [-83.70499799989236, 41.53976799994594], [-83.70408200037355, 41.54045799983293], [-83.70363799995954, 41.540799999907144], [-83.70282500037291, 41.54144899992336], [-83.7019380002681, 41.542131000283675], [-83.70057099976427, 41.54314599982096], [-83.70017699957899, 41.5434169999815], [-83.70011300000488, 41.54346299993819], [-83.69976400002541, 41.54371399990005], [-83.69907699993716, 41.54422099977371], [-83.69838999984889, 41.544727999706005], [-83.69794700015812, 41.54505499970175], [-83.69653500034677, 41.546097000078476], [-83.69480200014505, 41.54737600018311], [-83.69222500039454, 41.54926300032795], [-83.69002799968732, 41.5508729998256], [-83.68920500005493, 41.55147599997834], [-83.68785500016787, 41.55243399970585], [-83.68761499996835, 41.552586000044556], [-83.68716399988165, 41.55287200019057], [-83.68674100028235, 41.55310600016323], [-83.68631199993695, 41.55334199988681], [-83.68617600039282, 41.553415999782196], [-83.68611500029346, 41.553449999814745], [-83.68606099986678, 41.5534799999868], [-83.68603900012546, 41.553492000186154], [-83.68572699995593, 41.553663999885885], [-83.68560599958211, 41.55372999975855], [-83.6855770001681, 41.55374599973794], [-83.6854840002817, 41.553796999855784], [-83.68521999979272, 41.5539419996679], [-83.68479100034564, 41.55412899978444], [-83.68403200028737, 41.554459999742946], [-83.68317199994675, 41.55478200022269], [-83.68229400006277, 41.55509399974194], [-83.68156099994376, 41.5553539999835], [-83.6807829996189, 41.555611999996], [-83.67979599995499, 41.55597399969992]]}, "properties": {"BASENAME": "Anthony Wayne", "MTFCC": "S1100", "NAME": "Anthony Wayne Trl", "OBJECTID": 4794, "OID": "1108296491243", "PREDIR": null, "PREDIRABRV": null, "PREQUAL": null, "PREQUALABRV": null, "PRETYP": null, "PRETYPEABRV": null, "RTTYP": "M", "SUFDIR": null, "SUFDIRABRV": null, "SUFQUAL": null, "SUFQUALABRV": null, "SUFTYP": 622, "SUFTYPEABRV": "Trl"}}, {"type": "Feature", "id": 4795, "geometry": {"type": "LineString", "coordinates": [[-83.67963600012142, 41.55590899968887], [-83.68184799999895, 41.5551330002482], [-83.68229300023788, 41.554973999949944], [-83.682873000196, 41.554765999827545], [-83.68345999982682, 41.55456000026826], [-83.68445800025971, 41.55412499998174], [-83.68498899981405, 41.55386099968316], [-83.685429999855, 41.5536420001374], [-83.68550100000013, 41.5536060002884], [-83.68552500028957, 41.553594000110216], [-83.68554600020596, 41.55358399984798], [-83.68567300042758, 41.55352100004254], [-83.68599100044489, 41.5533619998124], [-83.68601599966094, 41.553350000261126], [-83.68608299960809, 41.55331699980311], [-83.68612500033919, 41.553296000236195], [-83.68623099974609, 41.553240000237345], [-83.68670100009938, 41.552991000219315], [-83.68761400014343, 41.55243699997251], [-83.6909840002874, 41.550008000219215], [-83.69641399997293, 41.546024000284866], [-83.69782499995938, 41.54498799995661], [-83.6982989996123, 41.54463999993257], [-83.69956999985666, 41.543707999901585], [-83.69978199956877, 41.543551999746846], [-83.70042599999931, 41.54310199988121], [-83.70157000002207, 41.542235000248795], [-83.70191599962847, 41.541945000226384], [-83.7021850001403, 41.54172900007405], [-83.70273699961103, 41.54126800033346], [-83.70296699976481, 41.541062000120604], [-83.70345600038466, 41.54065299988453], [-83.70362299989092, 41.540515999795915], [-83.70408499984829, 41.540146000275506], [-83.70514699985527, 41.53933199979603], [-83.70696999957038, 41.53798600033173], [-83.70740999978642, 41.53767299973789], [-83.70840800021931, 41.536941999937675], [-83.70884900026026, 41.536619000146295], [-83.70934600037772, 41.53624500028375], [-83.70999800030589, 41.53574100010819], [-83.7118439995872, 41.5344230003111], [-83.71289999974641, 41.533430000280724], [-83.71352300026055, 41.53254700025018], [-83.71423799993791, 41.53114399985217], [-83.7148289997667, 41.530077000297766], [-83.71530499996776, 41.52933700007684]]}, "properties": {"BASENAME": "Anthony Wayne", "MTFCC": "S1100", "NAME": "Anthony Wayne Trl", "OBJECTID": 4795, "OID": "1108296491248", "PREDIR": null, "PREDIRABRV": null, "PREQUAL": null, "PREQUALABRV": null, "PRETYP": null, "PRETYPEABRV": null, "RTTYP": "M", "SUFDIR": null, "SUFDIRABRV": null, "SUFQUAL": null, "SUFQUALABRV": null, "SUFTYP": 622, "SUFTYPEABRV": "Trl"}}, {"type": "Feature", "id": 8847, "geometry": {"type": "LineString", "coordinates": [[-83.6496070000229, 41.16767100026291], [-83.64959100012936, 41.167741999970055], [-83.64946599955758, 41.16841500023075], [-83.64936900037151, 41.16903999984771], [-83.64929200037862, 41.16966799997234], [-83.64928700035574, 41.16972200009183], [-83.64926700026427, 41.16992499986731], [-83.64921100018776, 41.17061100014393], [-83.6491719998297, 41.17128500011532], [-83.6491640003321, 41.17191499987048], [-83.64916799963174, 41.17264000011973], [-83.64917600002767, 41.17403200006935], [-83.64919799976896, 41.17497699972771], [-83.64927300011205, 41.176932999867105], [-83.64932900018853, 41.1783519997488], [-83.64933400021141, 41.17851100015741], [-83.64933800040937, 41.17862899988368], [-83.64935599995272, 41.179221000023254], [-83.64936799964828, 41.179612999912045], [-83.64939399958756, 41.18091900020472], [-83.64940600018143, 41.18231000007197], [-83.64940700000635, 41.18261100005209], [-83.64942100025004, 41.184794000034216], [-83.64943399977052, 41.186707999894004], [-83.64943399977052, 41.18681499984663], [-83.64943700014358, 41.187285000107686], [-83.64943999961831, 41.18769499978095], [-83.64944600036439, 41.18862699978596], [-83.6494530000371, 41.189239999928525], [-83.64945700023506, 41.18955999986899], [-83.64945800005998, 41.189636999802886], [-83.64946399990775, 41.19019199992253], [-83.64947800015145, 41.19127500029641], [-83.64950400009073, 41.19384199982316], [-83.64953500005286, 41.19681699997369], [-83.64960299982492, 41.20353999978075], [-83.64965999972632, 41.209038000316745], [-83.64966200027446, 41.20929600000253], [-83.64968099964273, 41.21113499995224], [-83.64968400001578, 41.211317999791675], [-83.64968700038882, 41.21234999971675], [-83.64969800025948, 41.213293000252285], [-83.64973199969636, 41.21617799987898], [-83.64973699971924, 41.21631200007953], [-83.6497550001609, 41.216761999722436], [-83.64979000032099, 41.21716600012212], [-83.64984499967426, 41.217568999981744], [-83.64991300034464, 41.21792500032738], [-83.64999799983514, 41.21827899996449], [-83.65012699970657, 41.218717999666794], [-83.65031900022551, 41.21928400033553], [-83.65255299984432, 41.225481999966796], [-83.653184999681, 41.22723599999638], [-83.65341999985763, 41.22793500003083], [-83.6535789998663, 41.22846200029766], [-83.65373000037734, 41.22903700015698], [-83.6538809999901, 41.229703000230906], [-83.65400099964069, 41.23032799993111], [-83.65409100005238, 41.23091000002155], [-83.65415200015174, 41.23140299997774], [-83.6542209997487, 41.232166999712774], [-83.654254000259, 41.232752999680656], [-83.6542619997566, 41.2333840002805], [-83.65425900028185, 41.233675000206176], [-83.6542330003426, 41.234375000121396], [-83.65418800013676, 41.235005000121376], [-83.65412600021247, 41.23558900005131], [-83.65405000004449, 41.23612600000458], [-83.65392299982288, 41.23684100005773], [-83.65380099962417, 41.23742000027918], [-83.6536480003616, 41.238039999687864], [-83.65348599997989, 41.23861300024443], [-83.65328900033639, 41.23922600028375], [-83.65308799959661, 41.239791999748455], [-83.65284599974729, 41.24040899977964], [-83.65260499972287, 41.2409520003002], [-83.65237600029232, 41.241417000272364], [-83.65208500003916, 41.24195999984806], [-83.6504880002799, 41.244866999767275], [-83.65019500037694, 41.245403999816666], [-83.64939500031079, 41.24687100011499], [-83.64918400042357, 41.24729100019114], [-83.64901399964596, 41.24767500007884], [-83.64887800010183, 41.24802000024313], [-83.64874500003243, 41.24841200007876], [-83.64863200005453, 41.24880699972242], [-83.64852800029746, 41.249250000158014], [-83.6484539997793, 41.24965100032841], [-83.64840100007585, 41.25005399988959], [-83.64837000011372, 41.250412999704466], [-83.64835599987002, 41.25081700020724], [-83.64834699964919, 41.2525280002115], [-83.64834699964919, 41.25392399990361], [-83.64835099984714, 41.253961999733576], [-83.64833999997647, 41.26378600005292], [-83.64833499995362, 41.26437200010587], [-83.64831800023518, 41.264777000057215], [-83.64828700027304, 41.26513700000596], [-83.64823100019653, 41.26554099992581], [-83.64815400020365, 41.26594300003249], [-83.64806999963974, 41.266298000296146], [-83.64795599983692, 41.2666949998151], [-83.6478060000491, 41.26713099988175], [-83.64765000041349, 41.26751999987325], [-83.64749499970448, 41.2678609999765], [-83.64727899979441, 41.26828100014305], [-83.64715999996874, 41.26849499976118], [-83.64693900003579, 41.26885800003042], [-83.6467499998899, 41.269139999683716], [-83.64648999959891, 41.26949500012041], [-83.6462140003127, 41.26984400029233], [-83.64589100027251, 41.270223000232924], [-83.64538199956115, 41.27078199969255], [-83.64425500015517, 41.27199699966632], [-83.64385900032005, 41.272447000169684], [-83.64357800011265, 41.27279199980518], [-83.64331500034692, 41.273144000272396], [-83.64306900029963, 41.27350399999917], [-83.64283999997078, 41.27386999975666], [-83.64260599961904, 41.2742829999185], [-83.64235100024922, 41.274787000043176], [-83.64181200029897, 41.27593299970714], [-83.63896199983867, 41.28205100005438], [-83.63867300013368, 41.282662000068335], [-83.63846200024649, 41.28311100020936], [-83.63815199972677, 41.283792999792205], [-83.63655400014258, 41.28723599975173], [-83.63645500040838, 41.287447000297526], [-83.63518199961588, 41.290165000296746], [-83.63384299959947, 41.29305600028324], [-83.63214499955785, 41.2966909997324], [-83.62857799977037, 41.30435700009429], [-83.62829800028621, 41.30499900031622], [-83.62802200010168, 41.305687999696666], [-83.62776699983357, 41.30638200020727], [-83.62753099983202, 41.307080000286625], [-83.62740899963327, 41.30747199984468], [-83.62731200044722, 41.30778099976495], [-83.62712699960097, 41.30844099989855], [-83.62692599975952, 41.30923700008701], [-83.62677900034474, 41.30990299970321], [-83.62662500035894, 41.310705000238094], [-83.626544999993, 41.31119599989655], [-83.62644700008372, 41.311866000331655], [-83.62636400024304, 41.31258299978744], [-83.62630200031876, 41.31330100008523], [-83.6262629999607, 41.31397500026174], [-83.6262260001508, 41.31519000029502], [-83.62609999975409, 41.32000800006677], [-83.62603899965472, 41.321944000034534], [-83.62594099974542, 41.325643999954146], [-83.62585500043001, 41.32851699987963], [-83.62572900003332, 41.33319399999888], [-83.62565500041347, 41.335676000221866], [-83.62561699988034, 41.33635099995737], [-83.62558900029124, 41.3367119998808], [-83.62558300044344, 41.336758000220584], [-83.62557800042057, 41.33680000012118], [-83.62555499995604, 41.33706999970293], [-83.62543600013036, 41.338101999795214], [-83.62533900004598, 41.338728999949886], [-83.62521799967216, 41.33939899994336], [-83.62501900037884, 41.340333000035514], [-83.62474099964618, 41.34146299967115], [-83.62470999968404, 41.34158999982862], [-83.62468000044512, 41.34171200011313], [-83.62398599978586, 41.34458299994306], [-83.6238970000974, 41.344944000097755], [-83.62338800028436, 41.347045999680674], [-83.62311899977254, 41.34817099969274], [-83.62300599979464, 41.34861400010699], [-83.62291799993109, 41.34892199977561], [-83.62285699983173, 41.34921099984744], [-83.62284099993819, 41.349321999832675], [-83.62258200037043, 41.350338999727185], [-83.62240800029315, 41.35107599971393], [-83.62235100039175, 41.35130899972793], [-83.62189699993199, 41.35318399969529], [-83.62179999984761, 41.3536190002936], [-83.62112600017814, 41.356335999754634], [-83.62101300020024, 41.35678199979031], [-83.62081599965843, 41.357600999719324], [-83.62043400006701, 41.35924200012765], [-83.62018200017194, 41.36026000003359], [-83.61996500043696, 41.36105399988681], [-83.6197789997658, 41.36167000006634], [-83.61954600013729, 41.3623689998122], [-83.61912900038578, 41.363536000177454], [-83.61865999985741, 41.364800999759034], [-83.61853699983376, 41.365173999757396], [-83.61833000014452, 41.365754000263024], [-83.6180949999679, 41.366383999894644], [-83.6177150000263, 41.36739999971703], [-83.61705499970222, 41.369221000160344], [-83.61691800033317, 41.3695989999451], [-83.61647599956899, 41.37083200030099], [-83.61647200026935, 41.37084499971389], [-83.61631999993338, 41.371312999768435], [-83.61619899955956, 41.37175299988348], [-83.61611200041924, 41.3721520001298], [-83.61605299996967, 41.37250799979583], [-83.61601000031199, 41.37286600031677], [-83.61598000017474, 41.373269999702195], [-83.61596400028124, 41.37385500002005], [-83.61595400023548, 41.374452999835746], [-83.61593800034196, 41.37616600018059], [-83.61592699957298, 41.378304000211116], [-83.61590999985455, 41.38015599997388], [-83.61589700033409, 41.38159899993108], [-83.61587200021971, 41.38371499978049], [-83.61586200017396, 41.385058000308284], [-83.61586100034907, 41.385117000117965], [-83.61586100034907, 41.385219999943025], [-83.61584399973232, 41.38659299970827], [-83.61579100002886, 41.39246100014604], [-83.61578299963294, 41.393347000152865], [-83.61571999988375, 41.399611999719994], [-83.61571800023393, 41.399849999664596], [-83.61563899969289, 41.40766500031751], [-83.61561600012666, 41.410570000010985], [-83.61554900017951, 41.41737700016035], [-83.61551099964638, 41.42123000033638], [-83.61550800017164, 41.42155400010118], [-83.61545999959276, 41.426440000119655], [-83.61547200018663, 41.42702400001796], [-83.61550099960063, 41.427563999715595], [-83.6155619997, 41.42823699967027], [-83.6156179997765, 41.42868500011796], [-83.61564299989087, 41.42884000005521], [-83.61570300016533, 41.42922100003159], [-83.61580699992238, 41.42975499985773], [-83.61592999994603, 41.43028799982587], [-83.61607100041135, 41.43081700011763], [-83.61624499959031, 41.43138800028033], [-83.61645399982768, 41.43199699993668], [-83.6166870003545, 41.43260200003624], [-83.61690499991438, 41.433116000300544], [-83.61714199974085, 41.43362600002034], [-83.6186160003748, 41.43655200007861], [-83.61952900041885, 41.43836600016106], [-83.61961999975715, 41.43854699991868], [-83.62034299983041, 41.43998300031309], [-83.62064199958115, 41.44062000006553], [-83.62087900030593, 41.441178000030824], [-83.6210940003911, 41.44174099993156], [-83.62127599996597, 41.44226499983787], [-83.6214609999139, 41.442879999717796], [-83.6215949998082, 41.443380999677466], [-83.62160900005189, 41.443431999912065], [-83.62174600031926, 41.444031999979465], [-83.62184800042651, 41.44456799976515], [-83.62193799993986, 41.44515100025893], [-83.62200700043515, 41.445735000170316], [-83.62205400029082, 41.44632000014562], [-83.62207299965908, 41.446726000073575], [-83.62208400042806, 41.44767200024261], [-83.62206599998639, 41.452759999694], [-83.62206099996352, 41.452943999867536], [-83.62204300042016, 41.457851999696004], [-83.62204300042016, 41.45798500003655], [-83.62201900013073, 41.46311399989999], [-83.62201999995564, 41.46419600010977], [-83.62200099968905, 41.467798000166354], [-83.6219820003208, 41.472501999967584], [-83.62195999968118, 41.47797900013044], [-83.62192899971905, 41.48416799974299], [-83.6218979997569, 41.49049099996138], [-83.62189199990911, 41.49265200003075], [-83.62188799971115, 41.494857999676775], [-83.62185699974901, 41.50016000008643], [-83.62185199972615, 41.50111600014956], [-83.62182999998484, 41.50733500032732], [-83.62180300022067, 41.51291200019739], [-83.62179800019778, 41.51507399969694], [-83.62177499973325, 41.516663000127096], [-83.62177300008344, 41.5191850003263], [-83.62175700018992, 41.52198400030827], [-83.62173899974825, 41.52274299976805], [-83.62170600013629, 41.52337200027301], [-83.62165900028062, 41.52391100015124], [-83.62153600025697, 41.52487900003872], [-83.62131600014894, 41.52591499969083], [-83.6211789998816, 41.5264460002395], [-83.62099599958349, 41.52706199996389], [-83.62082099968131, 41.52758699969273], [-83.62062700041085, 41.5281079998018], [-83.62039600043218, 41.52866800008106], [-83.6179190002408, 41.534223000019445], [-83.61765599957674, 41.53477499983343], [-83.61746099958307, 41.535152999758765], [-83.61722499958154, 41.53556799989365], [-83.61702100026534, 41.535894999812676], [-83.61696699983868, 41.53598900009832], [-83.61682100024879, 41.53631099978378], [-83.61670999992072, 41.5364530001506], [-83.61658500024726, 41.536614000047344], [-83.6164549996526, 41.536781000185016], [-83.61610800022127, 41.53719799971315], [-83.61579799970157, 41.537545000244435], [-83.61574199962504, 41.537609000022854], [-83.61522500031442, 41.538150999893276], [-83.61471999980105, 41.53866599985175], [-83.60796299979467, 41.54543599997328], [-83.60683499966545, 41.54656600022192], [-83.60508300009546, 41.548320999973654], [-83.60456699971144, 41.54881799969934], [-83.60396199963894, 41.54937699982085], [-83.60334099967292, 41.549926000331304], [-83.60315200042534, 41.55008799997679], [-83.60304500029523, 41.550179000101735], [-83.60238400014623, 41.55073300020413], [-83.60164500017943, 41.55132399971861], [-83.60094899987034, 41.55185100014307], [-83.5972790001507, 41.5545330000946], [-83.5969319998211, 41.55478700026133], [-83.59664700031405, 41.55500299981369], [-83.5961719999379, 41.55536299970423], [-83.59551199961382, 41.55588599977274], [-83.59490800026454, 41.556385999904336], [-83.59420000025989, 41.556997999882704], [-83.59362399960139, 41.55751699990018], [-83.59214900004083, 41.5588779999894], [-83.59213700034529, 41.558889999858756], [-83.59164100005275, 41.559351000323275], [-83.58681700026462, 41.56382600003757], [-83.58660999967707, 41.564018999916634], [-83.58562399983806, 41.56487700004864], [-83.58549400014172, 41.56499600015431], [-83.58383499955985, 41.56657500006263], [-83.58382200003936, 41.566586999846955], [-83.58366800005359, 41.56673299995663], [-83.58364700013719, 41.56675399986239], [-83.5811620004482, 41.56906100008219], [-83.58097400012723, 41.56923500012262], [-83.5800369997937, 41.57010199989706], [-83.57991600031819, 41.57021600027158], [-83.57716299994229, 41.57276899988971], [-83.57703700044391, 41.57289000023707], [-83.57624499987536, 41.57362900005495], [-83.57359600015482, 41.57600299997379], [-83.57338699991746, 41.57618199985919], [-83.57295500009732, 41.576608000065384], [-83.57259100004924, 41.57695600001318], [-83.57225899978822, 41.57726700006564], [-83.5708429997789, 41.57860199983476], [-83.56960400021993, 41.579762000233075], [-83.567511999993, 41.58172799996321], [-83.56744599987076, 41.581780999888935], [-83.56734600031164, 41.58186000010314], [-83.56712799985345, 41.582074000163914], [-83.56651600010827, 41.58262800032997], [-83.56634799987877, 41.582782999731705], [-83.56627699973366, 41.58284900010096], [-83.56616999960355, 41.58294799985647], [-83.56580599955545, 41.58328300003448], [-83.56503800017467, 41.58399499991151], [-83.56448499998072, 41.58450700005137], [-83.56342999964643, 41.58547000028221], [-83.56230400006532, 41.58649900025811], [-83.5618789999179, 41.586886999920225], [-83.55948799994022, 41.589075000122484], [-83.55877099971474, 41.58974000031301], [-83.55773100034739, 41.590687999914515], [-83.55750200001852, 41.590895999957645], [-83.5567539998309, 41.59158299980487], [-83.55627199978204, 41.592044000115415], [-83.5562609999114, 41.59205100002914], [-83.5559160001299, 41.59240599993887], [-83.5558380003121, 41.5924919997841], [-83.555542999861, 41.59281499987471], [-83.55505400013946, 41.59338199978158], [-83.55442999980038, 41.59413500029772], [-83.55440600040926, 41.59416400005183], [-83.55238699997727, 41.5965989997607], [-83.54957099985216, 41.5999950003293], [-83.5487719996109, 41.60095699970647], [-83.5480309999943, 41.60184900030331], [-83.54511699995992, 41.605356000315915], [-83.54217600016133, 41.608899999866104], [-83.54096000016855, 41.61034700029255], [-83.5404410003098, 41.61100599980858], [-83.54020799978298, 41.61132100001724], [-83.54002200001013, 41.61160299979466], [-83.53987999971991, 41.611851000180636], [-83.53975599987135, 41.61210499997758], [-83.53965200011429, 41.612363999729595], [-83.53958199979408, 41.61258299968097], [-83.53955900022785, 41.612671000279995], [-83.53950300015137, 41.612942999724126], [-83.5394760003872, 41.6131339998212], [-83.53945799994553, 41.61344100006504], [-83.53946100031858, 41.613668000010136], [-83.53948600043293, 41.61393899991916], [-83.53953099974045, 41.61420900000481], [-83.53959699986271, 41.61447700025561], [-83.53969399994708, 41.61478600019023], [-83.53977000011507, 41.614982000283426], [-83.53982899966628, 41.61513499987716], [-83.5399140000551, 41.615326000199445], [-83.5400899997822, 41.61572099988031], [-83.5402939999967, 41.616161999743454], [-83.54044600033266, 41.616492000185936], [-83.54070300025062, 41.6170499997303], [-83.54074400025848, 41.61713800027926], [-83.5408299995739, 41.61732500012368], [-83.5409550001457, 41.61762300012005], [-83.54101100022218, 41.617757999980704], [-83.54107300014647, 41.61791800017094]]}, "properties": {"BASENAME": "75", "MTFCC": "S1100", "NAME": "I- 75", "OBJECTID": 8847, "OID": "110461570326", "PREDIR": null, "PREDIRABRV": null, "PREQUAL": null, "PREQUALABRV": null, "PRETYP": 344, "PRETYPEABRV": "I-", "RTTYP": "I", "SUFDIR": null, "SUFDIRABRV": null, "SUFQUAL": null, "SUFQUALABRV": null, "SUFTYP": null, "SUFTYPEABRV": null}}, {"type": "Feature", "id": 8848, "geometry": {"type": "LineString", "coordinates": [[-83.64987700035962, 41.167691000045295], [-83.64985800009305, 41.16777599989777], [-83.6497340002445, 41.16845200024855], [-83.64964700020585, 41.169033999699046], [-83.64956299964194, 41.16970700021339], [-83.64950599974055, 41.170336000148446], [-83.64948700037229, 41.17063299993145], [-83.64945700023506, 41.1713260002751], [-83.64944399981627, 41.17218199996105], [-83.64944499964119, 41.17264499985575], [-83.64947099958044, 41.17470399990442], [-83.64956099999212, 41.17724699970162], [-83.64960500037307, 41.17853699996637], [-83.64960899967271, 41.17865800029383], [-83.64970400010726, 41.18145500016546], [-83.64971400015301, 41.182319000161094], [-83.64973500006941, 41.18472499967371], [-83.64973599989432, 41.18481399999771], [-83.6497550001609, 41.186724999670716], [-83.64976000018376, 41.187295000047804], [-83.64978199992507, 41.189593999965105], [-83.64978199992507, 41.18963400033391], [-83.64978899959776, 41.19022499987647], [-83.64979000032099, 41.19034799986546], [-83.64981799991008, 41.193719000314786], [-83.64984399984937, 41.196817999687], [-83.6498749998115, 41.200544999815364], [-83.6499529996293, 41.20810900027955], [-83.64996799969789, 41.20939099986893], [-83.64999100016244, 41.21133200010913], [-83.65000500040615, 41.2129559997084], [-83.65001999957646, 41.21459000003932], [-83.65003899984302, 41.216255999676136], [-83.65005999975942, 41.216752000229505], [-83.65009499991952, 41.217157000093614], [-83.65015400036907, 41.217560000008625], [-83.65021600029334, 41.21787300022309], [-83.65031400020263, 41.218272000211634], [-83.65044300007406, 41.21871200001548], [-83.65066700038004, 41.219365999985655], [-83.65173500023482, 41.222319999999165], [-83.65225900011646, 41.223752000322975], [-83.65281999980802, 41.22531299991721], [-83.65349199982766, 41.22718499978834], [-83.65370799973773, 41.227840000070586], [-83.65389100003584, 41.22845500028349], [-83.65404400019672, 41.229027999735216], [-83.65417499971795, 41.22960399990973], [-83.65430199993958, 41.23027200004381], [-83.65441300026765, 41.230987999814054], [-83.65448400041276, 41.23157000010932], [-83.65453399974317, 41.232154000326055], [-83.65456700025344, 41.23282799978505], [-83.65457599957595, 41.23336800029345], [-83.6545639998804, 41.23404299989167], [-83.65453299991826, 41.23467199990315], [-83.65448600006258, 41.23521100023884], [-83.65443199963592, 41.23566899993151], [-83.65434899979523, 41.236240999870105], [-83.6542330003426, 41.236864000335835], [-83.65408600002951, 41.23752999971003], [-83.65394000043963, 41.238105000200484], [-83.65376399981423, 41.23872100019694], [-83.6535510002772, 41.2393770001525], [-83.65328199976537, 41.24011399985098], [-83.65315899974173, 41.24041500014219], [-83.6528829995572, 41.241056999951205], [-83.65255399966924, 41.24178100011948], [-83.65224300022294, 41.242412999721765], [-83.65186999995402, 41.24312500017756], [-83.65044499972387, 41.24572599996108], [-83.65024100040769, 41.24610300011489], [-83.64968900003863, 41.24712199978395], [-83.64950300026581, 41.24750200018184], [-83.64933599986124, 41.247888000072386], [-83.64917500020275, 41.24832299979522], [-83.64905300000403, 41.24871799997694], [-83.64895099989675, 41.24911599991623], [-83.64887100042914, 41.24951799981707], [-83.64881000032976, 41.249921000198626], [-83.64876900032189, 41.25032599993797], [-83.64875000005532, 41.25068599984983], [-83.64874099983447, 41.251452000227786], [-83.64873800035976, 41.25396599982101], [-83.64873300033688, 41.264013000027916], [-83.64871900009318, 41.26459800004169], [-83.64869099960576, 41.26500199992013], [-83.6486429999252, 41.26540499998451], [-83.64857599997805, 41.26580700025323], [-83.64848999976432, 41.2662060000631], [-83.6483829996342, 41.26660300014142], [-83.64825799996073, 41.26699599986721], [-83.64811300019578, 41.267384999987776], [-83.64796699970758, 41.267728000080744], [-83.6477840003078, 41.26810800012517], [-83.64758099991819, 41.268489999920114], [-83.64737099985592, 41.268854000179815], [-83.64713700040251, 41.26921899971771], [-83.64691399992142, 41.26953600020054], [-83.6466439995847, 41.26988600010019], [-83.64632399991756, 41.27026499979698], [-83.64588600024963, 41.2707469999973], [-83.64538199956115, 41.27129499984397], [-83.6444900003318, 41.27226399993411], [-83.64409699997142, 41.27271599975441], [-83.64379099964967, 41.27310299975752], [-83.64353399973172, 41.273460000034035], [-83.64332200001961, 41.2737830001773], [-83.64310100008667, 41.274152999922116], [-83.64290000024522, 41.27452900020028], [-83.64257300000708, 41.275205999672146], [-83.64157799994723, 41.277329000057634], [-83.64073100002541, 41.279156999748785], [-83.6390890000603, 41.28267099985343], [-83.63686600031211, 41.28744500026674], [-83.63649300004322, 41.288245999919795], [-83.63518400016403, 41.29104900008834], [-83.63255200016194, 41.29669600011295], [-83.62899100022226, 41.30434500032013], [-83.62867400002986, 41.30507299972106], [-83.6283950003706, 41.30576199966929], [-83.62810599976727, 41.30654299994982], [-83.62789900007805, 41.307154000028994], [-83.6277969999708, 41.30749100003705], [-83.62768599964272, 41.307857000141155], [-83.62746399988487, 41.308649999953815], [-83.62725600037072, 41.309492000312204], [-83.62711200043067, 41.3101590000272], [-83.62700699995037, 41.3107390001], [-83.6269380003534, 41.311193999919155], [-83.62680899958366, 41.312170999774686], [-83.62673300031399, 41.31288899988707], [-83.62667999971222, 41.31356400022738], [-83.62664499955213, 41.314328999765515], [-83.62643600021306, 41.32175599983388], [-83.62639799967991, 41.32342200010949], [-83.62634300032664, 41.325446999680466], [-83.62633400010581, 41.32564600016274], [-83.62628100040237, 41.32738200022765], [-83.62618599996782, 41.33093100002575], [-83.62606200011926, 41.3354850003231], [-83.62602100011136, 41.33624899993037], [-83.6259590001871, 41.33698199982729], [-83.62587700017133, 41.33773000003896], [-83.62577699971388, 41.33844600001427], [-83.62565700006331, 41.3391599997439], [-83.6255380002376, 41.33977700028279], [-83.6253900000996, 41.34045000025478], [-83.62507799993008, 41.34171900012805], [-83.62488799995927, 41.342484000307074], [-83.62416999990887, 41.345466000311156], [-83.62378599976931, 41.34704699979361], [-83.62284299958803, 41.35100400004452], [-83.62278599968661, 41.35123700031625], [-83.62235200021667, 41.35299900002475], [-83.6221370001315, 41.353843999904164], [-83.62208600007787, 41.354020999824556], [-83.62157700026484, 41.3561169998339], [-83.62152600021123, 41.356337999695086], [-83.62095899977358, 41.3586220001507], [-83.62058100038011, 41.36017199980679], [-83.62026800038565, 41.36131800000349], [-83.6200819997145, 41.36193199993828], [-83.61987500002529, 41.36254199997434], [-83.61962899997798, 41.36323800020032], [-83.61953299971852, 41.363537999896664], [-83.61853000016107, 41.36630600005281], [-83.61852000011531, 41.366334000317956], [-83.61850099984875, 41.36638600020053], [-83.61746399995613, 41.3692289996863], [-83.61729300025189, 41.36969799967029], [-83.61687700032529, 41.370848000304036], [-83.6167860000887, 41.371100000169704], [-83.61670400007293, 41.37136399997711], [-83.6165969999428, 41.371807000293195], [-83.61651199955398, 41.372253000140226], [-83.61644100030719, 41.372747000268056], [-83.6163910000785, 41.373243000110136], [-83.61635199972044, 41.37387500010498], [-83.61634400022282, 41.374454999893544], [-83.61632199958319, 41.37666699987942], [-83.61627599955244, 41.378639000322], [-83.61624100029066, 41.38013200003183], [-83.61623000042, 41.38062600031218], [-83.61621700000121, 41.3818410001103], [-83.6162429999405, 41.384495999802866], [-83.61624100029066, 41.3850619997716], [-83.61624100029066, 41.38512000004975], [-83.61624100029066, 41.38522400007038], [-83.61619600008481, 41.39038700021271], [-83.61617500016843, 41.392463999738986], [-83.61612300028989, 41.397725999929875], [-83.61611300024416, 41.39916600016653], [-83.61610800022127, 41.399611999719994], [-83.61610800022127, 41.399645999669175], [-83.61610599967312, 41.399856000189835], [-83.61602700003043, 41.40767600006943], [-83.61598799967236, 41.41057099982131], [-83.61592200044844, 41.41719199980271], [-83.61588200026546, 41.42122599973039], [-83.61587899989242, 41.42149600000012], [-83.61583600023471, 41.42640400024006], [-83.61584700010536, 41.426990000250946], [-83.61587300004462, 41.427530999780565], [-83.61592400009826, 41.428114999968955], [-83.61598699984745, 41.42860899998313], [-83.61600399956589, 41.42871800013999], [-83.61602500038059, 41.42884599992367], [-83.6161170004421, 41.42936799982783], [-83.61622899969677, 41.42990299997812], [-83.61638299968257, 41.43052300001907], [-83.61653400019362, 41.43105199974297], [-83.61671900014156, 41.431621000213134], [-83.61690800028744, 41.43214199987868], [-83.6171319996951, 41.43270399989611], [-83.61733900028266, 41.433174000124616], [-83.61758500032994, 41.43368199980615], [-83.61902399990548, 41.43654999991091], [-83.61974000030607, 41.437976000098864], [-83.61982499979655, 41.438145000234], [-83.62069199980986, 41.43987300018263], [-83.62099300010875, 41.44050900031854], [-83.62119599960003, 41.44097899992508], [-83.62141599970805, 41.441540000191544], [-83.62161499989969, 41.44210500031523], [-83.62180700041861, 41.442717999713736], [-83.62198800016859, 41.443382000329414], [-83.62200400006212, 41.443439999733975], [-83.6221160002151, 41.44390899969046], [-83.62221199957627, 41.44439800023217], [-83.62231200003369, 41.44502400025806], [-83.62238999985149, 41.44565100024845], [-83.62243300040751, 41.44614400020018], [-83.62246000017169, 41.44668299982999], [-83.6224679996693, 41.44753799971474], [-83.62244500010308, 41.452400999704345], [-83.62245199977578, 41.45284700000943], [-83.62243099985936, 41.45546199995856], [-83.62242900020955, 41.457853999880314], [-83.62242900020955, 41.45799200033036], [-83.6224119995928, 41.46258800004533], [-83.62235899988936, 41.47108399980884], [-83.62235499969138, 41.47251399970749], [-83.62234499964565, 41.47567699996261], [-83.62234399982074, 41.477975000330325], [-83.62232799992721, 41.480493999746706], [-83.62231899970638, 41.48255700026076], [-83.62227500022377, 41.49264899968237], [-83.62224500008654, 41.50015900031048], [-83.62223099984284, 41.50363399968298], [-83.62221300029948, 41.50733300032428], [-83.62220800027663, 41.5097569996806], [-83.62218999983494, 41.51227800030999], [-83.62216100042095, 41.51970600015741], [-83.6221360003066, 41.52198699997012], [-83.62213200010864, 41.52296399991508], [-83.62212899973558, 41.524209000274055], [-83.62213999960623, 41.52474899997438], [-83.62215499967486, 41.525005000255355], [-83.62214100032948, 41.52586599987655], [-83.62212700008577, 41.52816400004786], [-83.62212600026085, 41.528188999769775], [-83.62211000036731, 41.52865900000684], [-83.62207699985704, 41.52901799997976], [-83.62202199960545, 41.529420999840774], [-83.62194499961257, 41.52982299989099], [-83.62186000012206, 41.53017800019034], [-83.62173100025063, 41.53061900007111], [-83.62159300015838, 41.53101099968295], [-83.6214540002412, 41.53135699981649], [-83.62127900033902, 41.53173900005731], [-83.62125300039975, 41.53178800013092], [-83.62123300030827, 41.53182999978023], [-83.62121999988946, 41.53185700002067], [-83.62101499985006, 41.532240999904715], [-83.62079200026731, 41.53261000031965], [-83.62055100024287, 41.53297199971097], [-83.62026099981465, 41.53336599972941], [-83.61998299998031, 41.5337129999735], [-83.61972400041255, 41.53401600030369], [-83.61941700026587, 41.53434900019455], [-83.61891900032349, 41.53485700010803], [-83.61818100018162, 41.53559200021538], [-83.61718600012178, 41.53658400011783], [-83.61711599980158, 41.536667000000854], [-83.61702200009024, 41.536772999777554], [-83.61579799970157, 41.53799800004509], [-83.61539400036882, 41.53840099977166], [-83.61116399988423, 41.5426490001973], [-83.6081849995525, 41.54563200022308], [-83.60627399997388, 41.54755000012557], [-83.6052260002106, 41.54859199995823], [-83.60463399965859, 41.54915900023777], [-83.60398699975329, 41.54975099970616], [-83.60346000039691, 41.550214000167415], [-83.6033530002668, 41.55030599978864], [-83.60263900041437, 41.55089899984677], [-83.60194099955712, 41.55145600014148], [-83.60131000044368, 41.55193799986506], [-83.60032700007942, 41.552664000026496], [-83.59826800036278, 41.55416699991456], [-83.59755899963488, 41.55468500020314], [-83.59688800033847, 41.55517599979661], [-83.59664099956794, 41.555363999971895], [-83.59629900015949, 41.555626000326775], [-83.59568499986618, 41.556119000006106], [-83.59504299998376, 41.55665400029172], [-83.59453099979768, 41.55709600003289], [-83.5939199998774, 41.55765100024062], [-83.59228100028534, 41.55916800001777], [-83.59165699994627, 41.55974700000389], [-83.58681200024174, 41.56423900005428], [-83.58663599961633, 41.56440299970622], [-83.58612199978045, 41.564879000289444], [-83.5859920000841, 41.564997000272875], [-83.5846410003721, 41.56625399996444], [-83.58368800014506, 41.56713199968746], [-83.58364499958905, 41.56717199973513], [-83.58146799987162, 41.56919099979356], [-83.5812820000988, 41.569363000053954], [-83.58037900010046, 41.5702029997792], [-83.58027100014544, 41.57030400017551], [-83.58025299970377, 41.570321000120224], [-83.57704900013947, 41.57324699997431], [-83.57451000002382, 41.5756120002332], [-83.5739740004466, 41.57610100019777], [-83.57276199975348, 41.577222999831555], [-83.56973999976405, 41.58003800019048], [-83.5694829998461, 41.58028700014788], [-83.56934499975384, 41.58043300020535], [-83.56855999975627, 41.58116999999468], [-83.56770399961363, 41.58196399998265], [-83.56754499960496, 41.58213900006079], [-83.56744699969568, 41.58221799983701], [-83.56729000023516, 41.58233899995335], [-83.56661200036773, 41.58295100005027], [-83.56649400036694, 41.58305699986644], [-83.56641800019896, 41.583127999817144], [-83.56503599962653, 41.58439799980134], [-83.56273300041073, 41.58651500018638], [-83.56232800035478, 41.58688799969989], [-83.5583380000697, 41.590545999765], [-83.55772999962414, 41.591104000002446], [-83.55696700026623, 41.59181099976947], [-83.55648799969211, 41.59227300016352], [-83.55627400033018, 41.59249100009123], [-83.55625099986564, 41.59251500010604], [-83.55616800002498, 41.592600000114864], [-83.55586599990119, 41.59292800011136], [-83.55582800026635, 41.59297100003647], [-83.5553100002325, 41.5935770000595], [-83.55486099979561, 41.59411799990297], [-83.55484200042736, 41.594141000317414], [-83.55480200024438, 41.59418899978304], [-83.55466099977906, 41.594360000318545], [-83.55302800003476, 41.59633000017636], [-83.55277899961443, 41.596629000051934], [-83.549179000215, 41.600962000202], [-83.54844199989803, 41.60184900030331], [-83.54594700016328, 41.604852000333494], [-83.54591200000318, 41.604886999666455], [-83.54259100026303, 41.608896000096124], [-83.5407159997711, 41.61116100025272], [-83.54041100017257, 41.611549000104205], [-83.54021500035397, 41.61182800003327], [-83.54006499966785, 41.61207300004237], [-83.53994699966707, 41.61229399975396], [-83.53981799979564, 41.61260500017777], [-83.53975000002357, 41.61282500003208], [-83.53969800014504, 41.61304699989988], [-83.53966299998494, 41.61327099976052], [-83.5396450004416, 41.613496000225645], [-83.5396450004416, 41.61372199994156], [-83.53966800000781, 41.61399200026394], [-83.53970599964265, 41.614216000200955], [-83.53975900024442, 41.614437999982634], [-83.53984200008507, 41.614700999851564], [-83.53995800043603, 41.61500499997774], [-83.54003799990367, 41.61518799991075], [-83.54014500003379, 41.61543399992742], [-83.5402300004226, 41.61562000000506], [-83.54023899974511, 41.61564000012591], [-83.54043399973878, 41.616065999883816], [-83.5405890004478, 41.61640500009273], [-83.54072499999192, 41.616703000310466], [-83.54086700028215, 41.61701300031073], [-83.54107899999426, 41.617507000213], [-83.54110699958333, 41.617572000024495], [-83.54124100037596, 41.61791700020035]]}, "properties": {"BASENAME": "75", "MTFCC": "S1100", "NAME": "I- 75", "OBJECTID": 8848, "OID": "110461570327", "PREDIR": null, "PREDIRABRV": null, "PREQUAL": null, "PREQUALABRV": null, "PRETYP": 344, "PRETYPEABRV": "I-", "RTTYP": "I", "SUFDIR": null, "SUFDIRABRV": null, "SUFQUAL": null, "SUFQUALABRV": null, "SUFTYP": null, "SUFTYPEABRV": null}}, {"type": "Feature", "id": 8859, "geometry": {"type": "LineString", "coordinates": [[-83.54107300014647, 41.61791800017094], [-83.54124399985069, 41.61839199992413], [-83.54139199998869, 41.61889600023519], [-83.54164200023395, 41.62004799968254], [-83.54166200032543, 41.62019000005874], [-83.5416730001961, 41.62027300001084], [-83.54171199965583, 41.62055399967058], [-83.5417650002576, 41.62087700032875], [-83.54178299980094, 41.62177899995705], [-83.54179299984668, 41.62226200000891], [-83.54179899969446, 41.622554999859545], [-83.54183100037983, 41.624091999717145], [-83.54184600044844, 41.624588000191444], [-83.54190199962662, 41.62651800027765], [-83.54190900019763, 41.627191999844925], [-83.54192500009117, 41.62867000014534], [-83.54193699978674, 41.630225000005126], [-83.54193900033488, 41.63053999967857], [-83.5419419998096, 41.630900999971495], [-83.54194400035773, 41.63123299971926], [-83.5419910002134, 41.63241500009646], [-83.54201700015268, 41.633078000008375], [-83.54208599974966, 41.63359899973969], [-83.54221899981904, 41.63409599997769], [-83.54249199963051, 41.63484099967358], [-83.54262100040026, 41.635113000278906], [-83.54291799960286, 41.63560499976117], [-83.54295000028824, 41.63565099987288], [-83.54315699997747, 41.635948000080944], [-83.54333500025268, 41.63616699983924], [-83.54353500026924, 41.63639399968317], [-83.5437229996919, 41.636591999929365], [-83.54383400001998, 41.63669200017517], [-83.54426699966501, 41.63708099984363], [-83.54503699959396, 41.6377709997256], [-83.54536899985499, 41.63806899989299], [-83.54572600023036, 41.638390999759544], [-83.54578300013178, 41.63844299982483], [-83.54589399956154, 41.63854400020608], [-83.54743500014263, 41.639951000249404], [-83.54776200038077, 41.64026999989711], [-83.54793399990992, 41.64047299976621], [-83.54809999959127, 41.64074700000409], [-83.54820300042174, 41.640907999825906], [-83.54822799963779, 41.640963999669644], [-83.54838599982155, 41.64131900032813], [-83.5484689996622, 41.64170099969565], [-83.54848000043118, 41.641764000083825], [-83.54852200026397, 41.64199199995076], [-83.54853800015752, 41.642449999801364], [-83.5485309995865, 41.64263099987234], [-83.5485020001725, 41.64337900033335], [-83.54849799997454, 41.643485000247296], [-83.54849799997454, 41.64402099996646], [-83.54851499969296, 41.644597000335274], [-83.54851100039332, 41.645131999982446], [-83.5485099996701, 41.64518999994959], [-83.54851399986805, 41.64533399975795], [-83.54851399986805, 41.64552900009032], [-83.54850700019536, 41.64788400030744], [-83.54850600037047, 41.64809899975602], [-83.54850700019536, 41.648137000305155], [-83.54850700019536, 41.648152999717105], [-83.54850700019536, 41.6481689997963], [-83.54850899984518, 41.64825899983224], [-83.54851200021824, 41.64841100017425], [-83.54852100043907, 41.648851999976024], [-83.54857599979233, 41.64935500030981], [-83.5486439995644, 41.64977100002877], [-83.54868999959514, 41.65005599989597], [-83.54878300037988, 41.650367000095244], [-83.54891599955096, 41.65067400027194], [-83.5490450003207, 41.65094199998446], [-83.54916900016927, 41.65115699996712], [-83.54939199975202, 41.651435999683514], [-83.54983899964077, 41.65197700027566], [-83.5500599995737, 41.65220900001721], [-83.55010999980242, 41.65225200003087], [-83.55058099998062, 41.65265499984076], [-83.55075699970772, 41.652789000078364], [-83.55106399985438, 41.652976999982], [-83.55208800022653, 41.65361300010063], [-83.5524039996957, 41.65377800033387], [-83.55274600000247, 41.653968000201], [-83.55311199970036, 41.65417099987065], [-83.55384700036751, 41.65456900006089], [-83.55488099988709, 41.6550799999052], [-83.55512500028456, 41.65520000025153], [-83.55637600043744, 41.655787999991844], [-83.55720400009268, 41.6561400000392], [-83.55754499967624, 41.65627499978532], [-83.55850200010123, 41.65665500033557], [-83.55880000002705, 41.65677299968283], [-83.56079199979655, 41.65753700015639], [-83.56097900029262, 41.65760800003447], [-83.5614279998312, 41.657827000006534], [-83.56171300023654, 41.65798099996079], [-83.56197299962922, 41.65815799995452], [-83.56253199967097, 41.65856799980444], [-83.56285399988624, 41.6588689997826], [-83.56317100007865, 41.65926999980213], [-83.56326700033812, 41.65943100031748], [-83.5634070000802, 41.65966800002702], [-83.56356100006597, 41.65999999989778], [-83.56362100034046, 41.66021499984701], [-83.56371099985381, 41.66053999971872], [-83.563773999603, 41.66109100007352], [-83.56378799984671, 41.66149500024775], [-83.56383200022765, 41.66278899994815], [-83.56385200031913, 41.663381999878006], [-83.5639150000683, 41.66378100012076], [-83.56392699976388, 41.663861999787365], [-83.56402999969605, 41.664251999763295], [-83.56429900020787, 41.664838000245055], [-83.56451599994286, 41.6650980001295], [-83.56471000011162, 41.66531899994394], [-83.565095999901, 41.66564699993119], [-83.56531199981107, 41.66580500024122], [-83.56539600037496, 41.665860000020366], [-83.56555899968326, 41.66596800031618], [-83.56585800033231, 41.66612499994463], [-83.5667019998811, 41.66652900007523], [-83.56818900003552, 41.66720499970008], [-83.56831000040935, 41.66726000029643], [-83.56850799987775, 41.66734999982878], [-83.56964100002985, 41.66785700012258], [-83.57059199970875, 41.66828299973652], [-83.57112300016139, 41.668603999728795], [-83.5714400003538, 41.668863999839154], [-83.57179600000595, 41.66924899981602], [-83.57202199996175, 41.66954899968346], [-83.5721790003206, 41.669862000045626], [-83.57219400038923, 41.6699070000219], [-83.57231700041287, 41.670285000325244], [-83.5723340001313, 41.67035099975648], [-83.57241799979688, 41.670854999770334], [-83.57251700042941, 41.67273600010882], [-83.5725879996762, 41.67377500018843], [-83.57269599963124, 41.67626499973036], [-83.5726930001565, 41.67658600017803], [-83.57266600039233, 41.67685199996095], [-83.57257799963045, 41.677444999855666], [-83.57249700033792, 41.67780200017956], [-83.57241600014707, 41.67805399968952], [-83.5721230002441, 41.67908500025137], [-83.57207100036555, 41.67918199987519], [-83.5710529998412, 41.68109199999308], [-83.57092999981755, 41.68128199977796], [-83.56962599996122, 41.68308100015018], [-83.56905000020105, 41.683745000249], [-83.56877800021451, 41.684084000065], [-83.56818900003552, 41.684752999911765], [-83.56752100021384, 41.685458000318405], [-83.56676700017842, 41.68615100002075], [-83.56630699987087, 41.68652499986825], [-83.56595100021873, 41.68679700028242], [-83.5654359996596, 41.68711600004539], [-83.56473000020308, 41.68754899994162], [-83.5642160003672, 41.68777800031056], [-83.5636890001125, 41.68800800008912], [-83.56316000020799, 41.68817000006961], [-83.56247399994463, 41.68832500011628], [-83.5619850002231, 41.688409999961735], [-83.56094499995743, 41.6884279998672], [-83.56051099958917, 41.68840800019552], [-83.56035400012864, 41.68839200005119], [-83.56023899960259, 41.68838000010802], [-83.55972499976669, 41.68829699999265], [-83.55929399977147, 41.68820400023735], [-83.55850100027632, 41.68797800004795], [-83.55826199990172, 41.68791000012648], [-83.55730899967467, 41.68763899995241], [-83.55587699977185, 41.687215000112865], [-83.55570299969456, 41.687159999796016], [-83.5555999997624, 41.68712699998585], [-83.55540800014178, 41.68708300021265], [-83.55498200016943, 41.68698699999316], [-83.55474699999279, 41.68694600017718], [-83.55428400021053, 41.68688399994773], [-83.55391099994162, 41.68685700011046], [-83.55356699998504, 41.68681900027062], [-83.55309900017988, 41.68681399972506], [-83.55262600035186, 41.68682799977571], [-83.55222200012084, 41.68685599986782], [-83.55186399992053, 41.68688800024566], [-83.55171599978253, 41.68690700014801], [-83.55122200003812, 41.68700400005642], [-83.55062700001137, 41.68715300014265], [-83.55005100025119, 41.68731299979246], [-83.54927499957616, 41.687535000047916], [-83.54876400011332, 41.68768799982336], [-83.54792100038944, 41.68791499991599], [-83.54754700029562, 41.68800600031041], [-83.54721300038479, 41.68808900013036], [-83.54636399991483, 41.688274000289304], [-83.54499700030931, 41.688522000186346], [-83.54458999970521, 41.688578000225554], [-83.54434500038114, 41.68860799998694], [-83.54339600035206, 41.68870600022796], [-83.54279899977718, 41.68875600017016], [-83.54007899991154, 41.68894900009259], [-83.53801299962389, 41.689094000209465], [-83.53444599983644, 41.689355999800135], [-83.53306300033739, 41.68945799971067], [-83.5296220000483, 41.68963299997615], [-83.52887300003577, 41.68966500031438], [-83.52867300001924, 41.68967299989334], [-83.5269459996653, 41.689745000084066], [-83.52389000023899, 41.68990099988551], [-83.52265499997965, 41.689951000240605], [-83.52160600039146, 41.690006999706725], [-83.52069400017231, 41.69004199976755], [-83.51898100006207, 41.690142999740466], [-83.51814800038395, 41.69018000010928], [-83.51632300012072, 41.690268000085176], [-83.51531200016736, 41.69032100005063], [-83.51424099993955, 41.69051999974648], [-83.51319999984895, 41.690815999695644], [-83.51246000005725, 41.69107700014582], [-83.51129900031606, 41.69134500007664], [-83.51078499958184, 41.691428000284375], [-83.51050900029564, 41.6914860001477], [-83.5102809997917, 41.691539999950365], [-83.51010800043764, 41.6915650001666], [-83.5079860000735, 41.69193299975717], [-83.50755900027623, 41.69200900008114], [-83.50725399977938, 41.692064999768114], [-83.50621299968881, 41.692272000032524], [-83.50580500015812, 41.6923649999442], [-83.50543699991208, 41.69246900009008], [-83.50520699975831, 41.69254300014309], [-83.50481699977098, 41.69269200014565], [-83.50458099976942, 41.692790999681904], [-83.50431800000369, 41.6929210003186], [-83.50410200009362, 41.69303599983724], [-83.50365400037997, 41.69331099998153], [-83.50348600015047, 41.69342700028499], [-83.50333700018756, 41.693546000124435], [-83.50319099969938, 41.6936569999905], [-83.50299599970572, 41.69381499996494], [-83.50284900029094, 41.69395599998802], [-83.50271500039663, 41.69408400002199], [-83.50246500015137, 41.69438099979558], [-83.50230299976967, 41.6945730001593], [-83.50185400023109, 41.6953740001994], [-83.50158499971926, 41.69622100011106], [-83.50150400042673, 41.696745999955716], [-83.50147699976424, 41.69765700002807], [-83.50152100014516, 41.69966600004542], [-83.50157700022166, 41.700537999854944], [-83.50163199957494, 41.701393000303135], [-83.50167000010808, 41.70197399995984], [-83.5016850001767, 41.70433400004888], [-83.5016850001767, 41.70541900021794], [-83.50173899970507, 41.706669000331594], [-83.50174399972794, 41.706777999814], [-83.50179300013173, 41.708452999691815], [-83.50187799962222, 41.71132099978055], [-83.50188099999527, 41.71140799980532], [-83.50188699984307, 41.711606999974165], [-83.50192399965299, 41.71287600008692], [-83.50203900017902, 41.71763199998046], [-83.50205699972237, 41.71876800016847], [-83.50186400027684, 41.71978100011768], [-83.50167400030604, 41.72028699994219], [-83.50150299970349, 41.72074299996189], [-83.50113700000561, 41.721377999979055], [-83.5007279997517, 41.72204900019597], [-83.50013500027309, 41.72272200015118], [-83.4995159999569, 41.72332800008815], [-83.49891400025744, 41.72379400001811], [-83.49833099992625, 41.724192999807585], [-83.49717400038303, 41.724812000125816], [-83.49638000016465, 41.72515400032947], [-83.49475400009304, 41.72583999991181], [-83.49392800008762, 41.72617800014193], [-83.49303699978486, 41.72661999982268], [-83.49213299996161, 41.727147999699625], [-83.49147400036077, 41.72762100002486], [-83.49098800011394, 41.728069000126624], [-83.4905320000044, 41.7285510000755], [-83.4899910004043, 41.729152000074286], [-83.48966599981597, 41.72969700009905], [-83.48935500036967, 41.730198999989476], [-83.48911699981998, 41.73074300028687], [-83.48887999999351, 41.73137500003303], [-83.48871000011421, 41.731997000167716]]}, "properties": {"BASENAME": "75", "MTFCC": "S1100", "NAME": "I- 75", "OBJECTID": 8859, "OID": "1105281262460", "PREDIR": null, "PREDIRABRV": null, "PREQUAL": null, "PREQUALABRV": null, "PRETYP": 344, "PRETYPEABRV": "I-", "RTTYP": "I", "SUFDIR": null, "SUFDIRABRV": null, "SUFQUAL": null, "SUFQUALABRV": null, "SUFTYP": null, "SUFTYPEABRV": null}}, {"type": "Feature", "id": 8875, "geometry": {"type": "LineString", "coordinates": [[-83.48871000011421, 41.731997000167716], [-83.48866499990835, 41.732193999855504], [-83.48845900004405, 41.73290500025075], [-83.48743899986985, 41.73665299966757], [-83.48731900021924, 41.73709400021163], [-83.48724999972397, 41.73732000005257], [-83.48660600019173, 41.739590999981445], [-83.48417800040414, 41.74820999974701], [-83.48383500027246, 41.74943400020653], [-83.48379900028745, 41.7495609997534], [-83.48370100037816, 41.74990600001422], [-83.48333999980481, 41.75117399981174], [-83.48314300016132, 41.751767999906306], [-83.4830219997875, 41.75207400032804], [-83.48281099990031, 41.752522999983974], [-83.48269100024972, 41.75276699979337], [-83.48183099990909, 41.75441500024369], [-83.48150200002111, 41.7550669999651], [-83.48123199968437, 41.7556769997079], [-83.48114700019389, 41.75590199997851], [-83.48108000024673, 41.75610300006255], [-83.48078800016867, 41.75706800024495], [-83.48067500019077, 41.75776800007822], [-83.48062999998493, 41.75808899979086], [-83.48058999980195, 41.75911100030489], [-83.48058899997706, 41.76017499977637], [-83.4805720002586, 41.76119800033003], [-83.48063199963475, 41.7630070000089], [-83.48068600006143, 41.76548100018459], [-83.48072000039662, 41.76704299984488], [-83.48072200004644, 41.7676599999232], [-83.48070299977985, 41.76820199981773], [-83.48066500014502, 41.768581000244964], [-83.48053000042582, 41.76935899969428], [-83.48040499985403, 41.76978000022002], [-83.4803189996403, 41.77007500003539], [-83.48024400019555, 41.77029100019366], [-83.48005900024762, 41.77076499992722], [-83.47986900027684, 41.771185999935334], [-83.47954200003868, 41.771776000017276], [-83.47937600035732, 41.772048000155635], [-83.47922999986913, 41.772277000316265], [-83.47765800022422, 41.774325999832115], [-83.47690800038677, 41.775303999972536], [-83.47376400019861, 41.7793190002595], [-83.4732910003706, 41.779922999758185], [-83.47230299998346, 41.78118000005053], [-83.47118800027302, 41.78262199970856], [-83.46959900001136, 41.784652999879576], [-83.4676320003562, 41.78714999966717], [-83.46633099997463, 41.788813999753856], [-83.46534699978545, 41.79005099970059], [-83.46192999978582, 41.79443500009351], [-83.45915999969145, 41.79787900003936], [-83.45815700013402, 41.79923199999237], [-83.4568530002777, 41.800905999928666], [-83.45490599981575, 41.80340600008058], [-83.45369300019603, 41.80491399992262], [-83.45327499972127, 41.8054340001359], [-83.4528610003428, 41.80601199975213], [-83.45264100023478, 41.80633200004962], [-83.4524460002411, 41.80656499985494], [-83.45225500044539, 41.8067919998533], [-83.45166600026643, 41.807548999966485], [-83.45133900002828, 41.80795599975397], [-83.45043799967976, 41.809119999932385], [-83.45023099999054, 41.8093880003122], [-83.44927100009082, 41.81059699983547], [-83.44839800022972, 41.81169500002159], [-83.44763800034653, 41.81249299986086], [-83.44676700013524, 41.813373000203754], [-83.44632199989631, 41.813844000007144], [-83.44524399999581, 41.81485999970279], [-83.44478399968827, 41.81527699975054], [-83.44439000040128, 41.815625999760194], [-83.44128700022101, 41.81843199982522], [-83.4393149996447, 41.82023200026168], [-83.43561099958987, 41.82356800026774], [-83.43552199990141, 41.82365199980417], [-83.43399600028724, 41.82506200005431], [-83.43322499963507, 41.825765999826785], [-83.43265300007286, 41.826274999913345], [-83.43207399993965, 41.82681699967315], [-83.43155799955561, 41.82728300001945], [-83.4311769997891, 41.827645999687135], [-83.43081199991613, 41.82802999975072], [-83.42997900023799, 41.828952999797], [-83.42970300005346, 41.82928499967924], [-83.42914099963868, 41.82999500000387], [-83.42873999978067, 41.83055299994795], [-83.42778599972874, 41.8319189998451], [-83.42443599967625, 41.83685699973173], [-83.42402700032066, 41.83747399989265], [-83.4202219999835, 41.8430230000661], [-83.42003200001271, 41.8432810002865], [-83.41960500021543, 41.84390599985659], [-83.41954900013894, 41.84399499983093], [-83.41948899986447, 41.844092000105626], [-83.41773499974636, 41.846680999916], [-83.4158300000155, 41.84949199994446], [-83.40860000018111, 41.860044000097346], [-83.40824700000371, 41.86053300027947], [-83.40806999955338, 41.860792999883856], [-83.40350600005625, 41.86750899992614], [-83.40211599998622, 41.86955600006011], [-83.40157000036326, 41.87031299995575], [-83.40108800031442, 41.870955999886505], [-83.40052900027268, 41.87165000010141], [-83.40034199977661, 41.87186400031525], [-83.40020100020963, 41.87201599971313], [-83.39950700044866, 41.872813000132055], [-83.39781899955449, 41.87458799979742], [-83.39770599957659, 41.87469699974295], [-83.39759599997171, 41.87480300019902], [-83.39747999962076, 41.874914999745315], [-83.39712700034165, 41.8752770001256], [-83.39628100024474, 41.876110000297366], [-83.39612200023609, 41.876283000293974], [-83.39596400005233, 41.876455999822326], [-83.39571399980709, 41.876709999789135], [-83.39556700039229, 41.876858999826574], [-83.3953280000177, 41.87710100007178], [-83.39458400002803, 41.87785700029698], [-83.39433999963056, 41.878141000218875], [-83.39414899983485, 41.87833200025018], [-83.3925250003114, 41.87994900012279], [-83.39244699959526, 41.88003600028873], [-83.39242599967886, 41.880056999711364], [-83.39161100044241, 41.88088899988528], [-83.39127699963326, 41.881253000317095], [-83.39075000027688, 41.88180199973073], [-83.38807499971877, 41.88451999995784], [-83.38349100013018, 41.88918599969749], [-83.38254200010108, 41.89015200020122], [-83.3821429998929, 41.890555000095745], [-83.37936199992791, 41.89336399997177], [-83.37930000000364, 41.89342600008967], [-83.37920899976704, 41.8935260000452], [-83.37914799966768, 41.893592999827526], [-83.37886599963537, 41.89390300004129], [-83.37666999965138, 41.896163999769], [-83.37475900007274, 41.89816600032812], [-83.37400800041038, 41.89903499972277], [-83.37385299970137, 41.89921299988318], [-83.37298300021331, 41.90020899969371], [-83.37263800043182, 41.90068500021515], [-83.37213200009353, 41.90138300014538], [-83.37210500032934, 41.901427000145866], [-83.37146000007388, 41.9023180003188], [-83.37139499977654, 41.902408000124424], [-83.37130100006522, 41.9025359996889], [-83.37120200033102, 41.90266799989032], [-83.37074500039652, 41.9033169998088], [-83.37040899993755, 41.903762000194256], [-83.3701160000346, 41.90414400027182], [-83.36998100031538, 41.904325999683444], [-83.36979200016948, 41.904572999822136], [-83.36912900037066, 41.905463000040974], [-83.36890500006469, 41.90578199969974], [-83.36857700000162, 41.90622099995013], [-83.36834000017517, 41.90655699992228], [-83.36783999968466, 41.907235000152625], [-83.3674549997202, 41.90777599976548], [-83.36682600025657, 41.90868999988423], [-83.36655799956965, 41.90910999987627], [-83.36640799978181, 41.90936399971799], [-83.36609399996246, 41.909865999717354], [-83.36530599959185, 41.911278999958874], [-83.36523399962185, 41.91140799987476], [-83.36471599958799, 41.91242799966857], [-83.36428499959277, 41.91339500030836], [-83.36350899981605, 41.915358999825436], [-83.36261000001566, 41.91803999992072], [-83.3625770004037, 41.91813900011887], [-83.36109000024929, 41.922493000001715], [-83.36068600001823, 41.923744000225064], [-83.36042099970437, 41.92450099972317], [-83.36028900035822, 41.92487999971787], [-83.36000999980065, 41.9256780001776], [-83.35962300018635, 41.92678499979868], [-83.35946400017768, 41.92725600013549], [-83.35906599979442, 41.928436000016625], [-83.35858000044594, 41.92994100015371], [-83.35852099999639, 41.93017500011088], [-83.35840600036866, 41.93072700005325], [-83.3583729998584, 41.93097100027298], [-83.35833100002559, 41.931429000060604], [-83.35832099997985, 41.93167100006222], [-83.35832099997985, 41.93246899978087], [-83.35832799965254, 41.932490000007995], [-83.35835199994199, 41.93270700016765], [-83.35839200012497, 41.93294300016849], [-83.35843399995775, 41.93315400031338], [-83.35850400027795, 41.93346599972037], [-83.3585489995855, 41.933641999963406], [-83.35862200027873, 41.933867999829076], [-83.35872100001293, 41.93414600025097], [-83.35891000015882, 41.9346150002547], [-83.35973699998917, 41.936527000173115], [-83.35984800031726, 41.93680100027479], [-83.36059399995673, 41.93854400016321], [-83.3606540002312, 41.93867899971716], [-83.36126500015146, 41.9400640002653], [-83.36161699960567, 41.94081599974884], [-83.36170600019243, 41.941042000252565], [-83.36187699989667, 41.94144799984911], [-83.36220300030989, 41.9421909999394], [-83.36238700043292, 41.94262799978447], [-83.36251700012926, 41.9429550001804], [-83.36265900041947, 41.943337000208864], [-83.36282699975065, 41.94389100031873], [-83.36287199995648, 41.94405899991705], [-83.36297700043679, 41.94451699993033], [-83.36304000018598, 41.945034000085855], [-83.36306399957712, 41.945280000139206], [-83.36308299984368, 41.94568199994341], [-83.36308500039183, 41.94572600014038], [-83.36305899955424, 41.94651600008899], [-83.36300300037607, 41.947035999990156], [-83.36298999995726, 41.94710699984799], [-83.36292700020807, 41.94745499996504], [-83.36281300040527, 41.947957000296796], [-83.36266500026726, 41.948445000253265], [-83.36254999974122, 41.94876999987418], [-83.36245100000701, 41.94903200017757], [-83.36237599966395, 41.94920400024002], [-83.36228299977752, 41.949396999843046], [-83.36210000037772, 41.94972999985086], [-83.36203199970736, 41.94985699989522], [-83.36165599996372, 41.95047799967754], [-83.36150299980285, 41.95070400000646], [-83.36115899984625, 41.95118100020764], [-83.35841499969119, 41.95448499978093], [-83.35327600025879, 41.96059800027054], [-83.35304399955689, 41.960877999675176], [-83.35084300044835, 41.963546999887114], [-83.35022499995705, 41.96429599979858], [-83.34980099963452, 41.96478799990548], [-83.34966000006754, 41.964952000210076], [-83.34949100001313, 41.965131000113594], [-83.34722399988404, 41.96785400016153], [-83.3463839996349, 41.968837999730994], [-83.3452649997265, 41.97020899994542], [-83.34521399967288, 41.97026999971895], [-83.34282500024334, 41.97310200010217], [-83.34215599969843, 41.97391800015265], [-83.34117400005739, 41.97509899982486], [-83.33876299998825, 41.977969000240456], [-83.33804400011294, 41.97882499996444], [-83.33771900042294, 41.979215000246946], [-83.33504499968973, 41.98242800003431], [-83.33353599979401, 41.98430999987555], [-83.33242600010644, 41.98562199972531], [-83.3317399998431, 41.98643200013986], [-83.33119400022014, 41.98709199988139], [-83.33091700021072, 41.98742699967164], [-83.33062699978248, 41.98777799995651], [-83.33023599997024, 41.98824899975762], [-83.32857700028667, 41.99018600006533], [-83.32706199964484, 41.992001999871505], [-83.32688099989488, 41.99221899974962], [-83.32622499976875, 41.99299299990447], [-83.32593100004087, 41.99334000033069], [-83.3250869995938, 41.99423599996839], [-83.32453699977287, 41.99480499995482], [-83.32178699977003, 41.99757499978823], [-83.31925699987518, 42.00006799983014], [-83.31782599979725, 42.00151699999035], [-83.31551500018554, 42.00386500007207], [-83.31545099971311, 42.00393000019763], [-83.31445800020143, 42.00490100029886], [-83.31367200037896, 42.00571300024828], [-83.31263100028838, 42.0066949997052], [-83.31065500041241, 42.00877600031001], [-83.3100560001877, 42.00943000000346], [-83.30954400000162, 42.01002299996954], [-83.30839300030617, 42.011447000042644], [-83.30239500035808, 42.01876800032478], [-83.29938599988913, 42.022451000227235], [-83.29630199997543, 42.026196000207406], [-83.29296899964139, 42.03026499975144], [-83.28720400022011, 42.03729400024966], [-83.28675099958527, 42.037827999772524], [-83.28624500014529, 42.0383999997962], [-83.28592399975491, 42.03874700008456], [-83.28535499966745, 42.03931999992364], [-83.28512000038911, 42.03953900002038], [-83.2847110001352, 42.03990799968249], [-83.28399599955954, 42.04053200025621], [-83.27918400036529, 42.04438700004343], [-83.27900299971701, 42.04453100011403], [-83.27819699980307, 42.04517199980376], [-83.27109800038824, 42.05084599972248], [-83.270475999699, 42.05135199978098], [-83.26972000001376, 42.05196699974966], [-83.26811599968346, 42.05321599989396], [-83.26603400040061, 42.05490799975671], [-83.26502099989912, 42.05571399986941], [-83.26342300031492, 42.0569919999997], [-83.26310799977233, 42.05726300011471], [-83.26262200042385, 42.05770600020701], [-83.26210699986473, 42.05818999971873], [-83.26184400009899, 42.05843300020619], [-83.26162300016605, 42.0586849997542], [-83.26081399987906, 42.05965600012514], [-83.25962499965046, 42.06115700019809], [-83.25897000024759, 42.06198399992098], [-83.25858500028309, 42.06246899988961], [-83.2583810000686, 42.06271299972172], [-83.25772099974452, 42.06352899981603], [-83.25582799970924, 42.06587300027937], [-83.2546929999073, 42.06725100027713], [-83.25413300004067, 42.067930999716886], [-83.25407500031434, 42.068013000079056]]}, "properties": {"BASENAME": "75", "MTFCC": "S1100", "NAME": "I- 75", "OBJECTID": 8875, "OID": "1105281262459", "PREDIR": null, "PREDIRABRV": null, "PREQUAL": null, "PREQUALABRV": null, "PRETYP": 344, "PRETYPEABRV": "I-", "RTTYP": "I", "SUFDIR": null, "SUFDIRABRV": null, "SUFQUAL": null, "SUFQUALABRV": null, "SUFTYP": null, "SUFTYPEABRV": null}}, {"type": "Feature", "id": 8918, "geometry": {"type": "LineString", "coordinates": [[-83.88030699978924, 40.884546999784], [-83.88013699990994, 40.88457799973048], [-83.8796699999297, 40.88466200003833], [-83.87891699971921, 40.88483300014157], [-83.87846800018063, 40.88494999999333], [-83.8780790000182, 40.88505899995358], [-83.87769499987864, 40.88517800017247], [-83.87737000018863, 40.885286999757156], [-83.87699600009482, 40.8854229999094], [-83.87662600019898, 40.8855659997081], [-83.87626299997582, 40.88571799985825], [-83.87590599960043, 40.88587799992505], [-83.87555599979608, 40.88604599985054], [-83.87521100001457, 40.886222000252914], [-83.87487299990576, 40.88640500002442], [-83.87449600033722, 40.88662200004396], [-83.87417300029703, 40.88682000001365], [-83.87385799975445, 40.88702499984168], [-83.87355200033102, 40.887237000142115], [-83.87337499988068, 40.887367999969015], [-83.87321199967407, 40.88748799977987], [-83.8727149995566, 40.88787400002736], [-83.87124699966876, 40.88902400027855], [-83.86973600012321, 40.89021100007066], [-83.86743300000909, 40.892016000310456], [-83.86680500037038, 40.89250500025977], [-83.8649480003201, 40.893951000323725], [-83.86298099976663, 40.89549699973917], [-83.86210100023287, 40.89618300001507], [-83.8619699998133, 40.896285999871864], [-83.86152200009964, 40.896636999847296], [-83.854923000277, 40.901814000055566], [-83.84772900042762, 40.9074480001821], [-83.84542100029064, 40.909254999952], [-83.84311099960551, 40.911063999883595], [-83.84248600033986, 40.91154499967459], [-83.84218699969078, 40.91176500000195], [-83.84192300010014, 40.91194699974417], [-83.84165199993849, 40.91212199983325], [-83.84137199955602, 40.91229100029817], [-83.84108600022405, 40.91245199988537], [-83.84079199959788, 40.912605000010984], [-83.84049100019732, 40.91275100001813], [-83.84018400005066, 40.912888999988915], [-83.83987100005619, 40.91301800001104], [-83.83955200021397, 40.91314000005821], [-83.83922800034888, 40.91325300025163], [-83.83889899956259, 40.91335799991583], [-83.83856499965175, 40.913453999811956], [-83.83822800026617, 40.913540999979325], [-83.8378859999594, 40.913619999727786], [-83.83754100017792, 40.91368899986051], [-83.83719300002335, 40.91374899968131], [-83.83684300021899, 40.91379999989344], [-83.83649000004158, 40.91384099988905], [-83.83613600003925, 40.91387400026439], [-83.835781000212, 40.913897999724774], [-83.83536600011031, 40.91391500021409], [-83.83483100035801, 40.91392499970124], [-83.8324570000988, 40.91393100007166], [-83.82927500027579, 40.913945000028754], [-83.82753000037852, 40.91395199966672], [-83.82705599982727, 40.91396199982713], [-83.82664099972558, 40.913979000299996], [-83.82622800017202, 40.91400500029603], [-83.82581499972012, 40.9140399998045], [-83.82540499964132, 40.9140840001689], [-83.82499600028572, 40.914137999958925], [-83.82458899968164, 40.91419899999553], [-83.82418500034889, 40.91427100003312], [-83.82384200021724, 40.91434200004993], [-83.82344600038212, 40.91443400011131], [-83.82341600024488, 40.91444200031723], [-83.82305300002172, 40.91453400023944], [-83.8226069999579, 40.91465900001713], [-83.82210999984041, 40.91480800004616], [-83.82156300039256, 40.91498599982747], [-83.82096599981767, 40.91519000001717], [-83.81757099955934, 40.91640899992032], [-83.81281100024366, 40.91811900018759], [-83.81217299966089, 40.9183590000316], [-83.81143600024221, 40.91865000022644], [-83.81080900042842, 40.91890600019001], [-83.81013599968553, 40.919191999989636], [-83.8094710002369, 40.9194879999127], [-83.80881299956263, 40.91979299996492], [-83.80816200035771, 40.92010700002171], [-83.80751700010224, 40.920429000104484], [-83.80688100006762, 40.92075999994163], [-83.80625199970568, 40.921097999717674], [-83.80562900008982, 40.92144399983876], [-83.80506300037538, 40.92177100002458], [-83.80450400033365, 40.922105999907245], [-83.80409500007974, 40.92236200006091], [-83.80390900030689, 40.92247800023894], [-83.80332099995285, 40.92285799970046], [-83.80274299964452, 40.92324499970367], [-83.80212900024952, 40.92367000007969], [-83.80143700013839, 40.924163000024144], [-83.80075400024808, 40.924663000224676], [-83.79126099958424, 40.93174800004904], [-83.78500999991616, 40.93641300001355], [-83.77751999979077, 40.942002999979685], [-83.77633599958503, 40.94288900032848], [-83.77552800002128, 40.943485999847574], [-83.76951400017965, 40.94796800012078], [-83.76820399957722, 40.94894900031015], [-83.76567600023053, 40.95083000029975], [-83.76546799981807, 40.95098499991249], [-83.76300200039566, 40.95281999984581], [-83.76048900021925, 40.954690000028414], [-83.75032400043408, 40.96226599971911], [-83.74708499981136, 40.964677000107436], [-83.74155100036877, 40.96879600008494], [-83.739562000074, 40.970281000026304], [-83.7382010003163, 40.9712880001559], [-83.7377250001152, 40.97162800001181], [-83.73723999969332, 40.971960000127396], [-83.73652599984088, 40.97243600014856], [-83.73588999980626, 40.972843000120456], [-83.73533800033552, 40.97318500024023], [-83.73472900006506, 40.9735460001389], [-83.73411399994681, 40.97390000002821], [-83.73344299975209, 40.97427200032508], [-83.72855399966664, 40.9769400000954], [-83.72744099960603, 40.97755100032953], [-83.72332599964749, 40.97980700031799], [-83.71678600027438, 40.983381000048375], [-83.71543300001427, 40.98412000025657], [-83.71461899970441, 40.98456399993865], [-83.71214400006117, 40.98591699981181], [-83.71103299965036, 40.986520000003836], [-83.71051799998956, 40.98680099966271], [-83.70970899970256, 40.987244000085965], [-83.70953499962529, 40.98733900023923], [-83.70182799976493, 40.99155199985685], [-83.6986569998126, 40.99328200017412], [-83.6985039996517, 40.993364999895064], [-83.69678899989165, 40.99430000000539], [-83.69396500026895, 40.99583900020969], [-83.69136500005393, 40.99726499971987], [-83.6910830000216, 40.99742999983529], [-83.69080900038523, 40.99760099976565], [-83.6905409996983, 40.9977790001775], [-83.6902369999247, 40.99799399994637], [-83.68985699998309, 40.998278000281594], [-83.68956999992791, 40.99850600009495], [-83.68933200027655, 40.99870599988847], [-83.68906299976472, 40.998945999788866], [-83.68880300037203, 40.999192000254475], [-83.68855300012677, 40.999443999862066], [-83.68831200010236, 40.99969999988672], [-83.68808100012367, 40.99996200028604], [-83.68786000019072, 41.00022800031433], [-83.68767900044078, 41.000460000140514], [-83.687477999701, 41.00073600009744], [-83.68728899955511, 41.00101600019922], [-83.6870829996908, 41.00134100031474], [-83.68691399963637, 41.00162799971844], [-83.68675700017587, 41.001919999768454], [-83.68661300023584, 41.0022149997846], [-83.68646199972478, 41.002556000173335], [-83.6863239996325, 41.002900000026294], [-83.68621400002766, 41.003203999978425], [-83.68613100018698, 41.003466000007414], [-83.68604599979815, 41.003773999837726], [-83.68597200017831, 41.004084000141496], [-83.68591100007895, 41.00439600021266], [-83.68585400017754, 41.00475299971405], [-83.68581800019254, 41.00506599993214], [-83.68578999970512, 41.00542600030703], [-83.68577899983447, 41.00573999995475], [-83.68577999965939, 41.00605500004968], [-83.68579300007816, 41.00636999999463], [-83.68581900001745, 41.00668399988956], [-83.6858650000482, 41.00705200007275], [-83.68592799979739, 41.007444000276756], [-83.68629900041645, 41.009491000075556], [-83.68638599955679, 41.009969000064984], [-83.6865689998549, 41.010978999730376], [-83.68718599962294, 41.01438300004569], [-83.6872300000039, 41.01467199982213], [-83.68724400024759, 41.01476200019727], [-83.68727400038483, 41.01503100013356], [-83.68727600003464, 41.01505899988492], [-83.68729100010324, 41.015301999865805], [-83.68729500030122, 41.01557200007359], [-83.68728600008038, 41.01584300029143], [-83.6872659999889, 41.01611300031524], [-83.68723400020185, 41.01638299991019], [-83.68719099964582, 41.01665100025631], [-83.6871339997444, 41.01691799976731], [-83.68706599997235, 41.01718399981084], [-83.68698499978149, 41.01744799998448], [-83.6868919998951, 41.01770899990165], [-83.68676999969634, 41.01801099985523], [-83.68665199969557, 41.01826700027563], [-83.68652299982413, 41.01851900014129], [-83.68641099967115, 41.01871700008556], [-83.68638200025714, 41.01876700017595], [-83.68622900009628, 41.01901200013778], [-83.68606699971455, 41.01925299967312], [-83.6858940003605, 41.019490000181406], [-83.68574100019964, 41.01968399975114], [-83.68554700003088, 41.019910999682075], [-83.68534399964128, 41.02013299967297], [-83.68512899955613, 41.020349999774304], [-83.68490500014848, 41.02056099966831], [-83.68467300034486, 41.020766999776775], [-83.68447300032834, 41.020934000059675], [-83.68422300008308, 41.02112699976176], [-83.68396399961698, 41.02131400015223], [-83.6836549998205, 41.02152499966894], [-83.68316799974879, 41.02184499991047], [-83.68299000037186, 41.02196199983301], [-83.68239000032223, 41.0223400000912], [-83.68196000015193, 41.02258900030778], [-83.68170900008177, 41.022724000186756], [-83.68148999979864, 41.022828000321525], [-83.6814439997679, 41.022850000185635], [-83.68119000022298, 41.02295899974272], [-83.68091800023643, 41.023067000145645], [-83.6806060000669, 41.023176000021365], [-83.67994599974281, 41.02337400019827], [-83.67966399971053, 41.023445000161246], [-83.67898500001817, 41.02359800000253], [-83.67852300006079, 41.02370200011254], [-83.6781280000506, 41.02379899986512], [-83.67779300031484, 41.02389000028563], [-83.67709799983066, 41.024107000207444], [-83.67690100018717, 41.02418199995169], [-83.67680099972974, 41.02422600012339], [-83.67660599973608, 41.024311000125294], [-83.67611199999168, 41.02455199992489], [-83.67587000014233, 41.02468100005142], [-83.67563400014078, 41.02481700001095], [-83.67540499981192, 41.024959999760185], [-83.67518399987898, 41.02510999993121], [-83.67497100034196, 41.025266000180345], [-83.67476600030255, 41.025427999787276], [-83.67456999958567, 41.02559600006311], [-83.6743839998128, 41.025770999894675], [-83.67424099969769, 41.0259169997856], [-83.67420700026081, 41.0259520002962], [-83.67403999985623, 41.02613699997528], [-83.67398700015276, 41.0262020000139], [-83.67394299977184, 41.0262560002891], [-83.67388400022062, 41.02632800013538], [-83.67373699990753, 41.02652300017084], [-83.67360200018832, 41.02672300031973], [-83.67347800033976, 41.026927000266035], [-83.67336399963861, 41.027133999705065], [-83.67324300016311, 41.02738800005593], [-83.67305400001723, 41.02793400007595], [-83.67296600015368, 41.02834500003482], [-83.67292699979562, 41.02856299975327], [-83.67290800042736, 41.02866799972072], [-83.67288999998568, 41.02888200011703], [-83.67287200044234, 41.02909299978249], [-83.6728620003966, 41.02920499987941], [-83.67285999984847, 41.02922199982299], [-83.67285499982559, 41.029302000335804], [-83.67281499964263, 41.03267100012463], [-83.67277500035797, 41.03692899998176], [-83.672763999589, 41.037905000127324], [-83.67273699982482, 41.04031300007969], [-83.67273299962686, 41.04183199997332], [-83.67273299962686, 41.041983999732494], [-83.67268099974832, 41.043750999797325], [-83.67267700044869, 41.04443599972223], [-83.67269199961899, 41.04609299999427], [-83.67269199961899, 41.04630799995582], [-83.67269099979407, 41.046718999701426], [-83.67267300025073, 41.04879300008046], [-83.67266200038007, 41.04910800023556], [-83.67264200028859, 41.04937899996877], [-83.67261399980119, 41.049603999971666], [-83.67257399961821, 41.04982799995989], [-83.67252099991475, 41.05005000002451], [-83.67245599961741, 41.05027100010162], [-83.67238000034776, 41.05048899969871], [-83.67227400004255, 41.05074800026072], [-83.67211699968372, 41.05108900006821], [-83.67190099977365, 41.051531999848784], [-83.67185200026815, 41.05163200028577], [-83.6718070000623, 41.05172599985339], [-83.67164700022876, 41.05205400010339], [-83.67108599963888, 41.05320600011834], [-83.67086600042916, 41.053659999734066], [-83.670651000344, 41.05410100010016], [-83.6703490002202, 41.05472200024828], [-83.66914800029606, 41.05718200027547], [-83.66842600004769, 41.05863700026678], [-83.66838300038998, 41.05872400011939], [-83.66767899968498, 41.06003900006316], [-83.66752600042241, 41.06033300012307], [-83.66739400017794, 41.06060200016006], [-83.66713200023712, 41.061133999783664], [-83.66696800020559, 41.061469000114116], [-83.66482900012299, 41.06585199999131], [-83.66275399961451, 41.07010699968438], [-83.66244700036617, 41.07073499968226], [-83.66175600007995, 41.072152000120525], [-83.66122899982525, 41.073203000052295], [-83.66103700020464, 41.07358500025092], [-83.66079399963208, 41.074092999689576], [-83.66060299983639, 41.07451899986918], [-83.6604439998277, 41.07490500006751], [-83.66031400013136, 41.07525100031192], [-83.6602110001992, 41.07555599967079], [-83.66011999996262, 41.07586300005428], [-83.66003999959668, 41.07617200007989], [-83.65997000017478, 41.07648200020205], [-83.6599140000983, 41.0767939999192], [-83.65986999971736, 41.07710699969496], [-83.65983399973234, 41.077466000166375], [-83.65981299981594, 41.07778000030301], [-83.6598029997702, 41.078139999976855], [-83.6597950002726, 41.07890600000506], [-83.65978799970159, 41.08019200001342], [-83.65978500022685, 41.08064100025862], [-83.65978500022685, 41.08065199967119], [-83.65978500022685, 41.08066600015197], [-83.65978100002889, 41.081454999890106], [-83.65976799961011, 41.083682999661555], [-83.65976299958723, 41.0846409996841], [-83.65974699969371, 41.087602000151755], [-83.65974599986879, 41.08770099988526], [-83.65974599986879, 41.08775699984628], [-83.65974800041693, 41.0878870000071], [-83.65975000006675, 41.08804599978112], [-83.65972900015036, 41.09192199975818], [-83.65971900010462, 41.0930439997632], [-83.65971699955648, 41.09409200029352], [-83.65971599973157, 41.0949359999776], [-83.65970599968581, 41.09615099976354], [-83.65969800018823, 41.09771400030175], [-83.65968599959434, 41.10005299997134], [-83.6596670002261, 41.10396799967487], [-83.65966200020321, 41.104932000327636], [-83.65965100033254, 41.106057999784795], [-83.65964100028681, 41.10907399987282], [-83.65963299989089, 41.110221000122905], [-83.65963200006597, 41.1104240000475], [-83.65961600017246, 41.1127119997797], [-83.65960199992875, 41.11479200023608], [-83.65959299970793, 41.11684700010623], [-83.65959000023318, 41.11767400031715], [-83.65957799963931, 41.11816900030145], [-83.65955699972291, 41.11857400021899], [-83.65952400011095, 41.11897899966781], [-83.6594780000802, 41.119382999782964], [-83.65942000035386, 41.11978599990616], [-83.6593450000108, 41.12018800005578], [-83.6590980001386, 41.12134400001357], [-83.65899400038153, 41.121877999664676], [-83.65893699958181, 41.12223500012549], [-83.65889200027428, 41.12259300016711], [-83.6588599995889, 41.12295199977322], [-83.65883399964964, 41.12340200026815], [-83.65882100012917, 41.12389699968472], [-83.65882000030425, 41.12413599979848], [-83.65881899958103, 41.12457199970034], [-83.65882799980186, 41.12646399970297], [-83.65883500037286, 41.1312359997958], [-83.65883299982472, 41.131726000184486], [-83.6588310001749, 41.13222699986904], [-83.65883500037286, 41.13354000011545], [-83.65884399969539, 41.13753999998822], [-83.65884200004555, 41.137851999959864], [-83.65883700002269, 41.13857600028257], [-83.6588169999312, 41.13952199969502], [-83.65878699979397, 41.14037700019126], [-83.658718000197, 41.14168199996846], [-83.65870200030348, 41.14217499974118], [-83.65869200025773, 41.14307700022123], [-83.65869800010552, 41.14687600033087], [-83.65869899993042, 41.14784999980972], [-83.65868600040994, 41.14830099977571], [-83.6586620001205, 41.148705999733785], [-83.65862899961023, 41.149064999859796], [-83.6585779995566, 41.14946900007402], [-83.65851399998249, 41.149872000074595], [-83.6584350003398, 41.15027300013251], [-83.65834300027828, 41.15067300002573], [-83.65822799975224, 41.15111499987326], [-83.65811099957637, 41.15151099977368], [-83.65799400029881, 41.151860000160966], [-83.65786500042739, 41.15220699993097], [-83.65770700024365, 41.15259500027449], [-83.65753800018922, 41.15297999987968], [-83.65737499998262, 41.15331900017247], [-83.65720000008045, 41.1536539999288], [-83.656991999668, 41.154028000105676], [-83.65677199955995, 41.154398000087184], [-83.65653899993146, 41.15476300026205], [-83.65632300002139, 41.155085000259675], [-83.65609700006557, 41.155402000329694], [-83.65479499985908, 41.157121999968034], [-83.65425900028185, 41.15782399989518], [-83.65367400030085, 41.158609000069724], [-83.65339300009346, 41.15900500001577], [-83.65301700034982, 41.15956800024028], [-83.6526499999287, 41.160133999830414], [-83.65253000027809, 41.160329000095025], [-83.65237499956909, 41.16058400024186], [-83.65213799974262, 41.16099700012018], [-83.65181999972532, 41.16157900018462], [-83.6515579997845, 41.16208099998373], [-83.65135100009525, 41.16250300000319], [-83.65117399964494, 41.162885000235306], [-83.65093099997068, 41.16344100006052], [-83.65073699980192, 41.163913000097445], [-83.65052000006695, 41.1644760000899], [-83.65033500011903, 41.16499699974364], [-83.6501640004148, 41.16552099988631], [-83.64999100016244, 41.16609199969625], [-83.64984899987222, 41.16662100006962], [-83.64971900017588, 41.1671519998861], [-83.6496070000229, 41.16767100026291]]}, "properties": {"BASENAME": "75", "MTFCC": "S1100", "NAME": "I- 75", "OBJECTID": 8918, "OID": "110461555945", "PREDIR": null, "PREDIRABRV": null, "PREQUAL": null, "PREQUALABRV": null, "PRETYP": 344, "PRETYPEABRV": "I-", "RTTYP": "I", "SUFDIR": null, "SUFDIRABRV": null, "SUFQUAL": null, "SUFQUALABRV": null, "SUFTYP": null, "SUFTYPEABRV": null}}, {"type": "Feature", "id": 8919, "geometry": {"type": "LineString", "coordinates": [[-83.88030599996434, 40.88475600006239], [-83.88024800023801, 40.88476700027322], [-83.88014699995568, 40.884784999811686], [-83.87981499969466, 40.884845999758], [-83.87941399983667, 40.88492900001774], [-83.87901600035173, 40.88501999986383], [-83.87862200016642, 40.88512199973656], [-83.878233000004, 40.88523199979601], [-83.87784700021462, 40.88535099970383], [-83.87741299984636, 40.88549700011451], [-83.87703799992761, 40.88563400021161], [-83.87661699997814, 40.88580099970349], [-83.87625399975498, 40.88595599974946], [-83.87589899992774, 40.886118999669094], [-83.87554999994829, 40.8862920001362], [-83.87515900013602, 40.88649599987823], [-83.8747769996463, 40.88671100023738], [-83.87449700016212, 40.88687799972793], [-83.8741780003199, 40.88707999967093], [-83.87386600015037, 40.88728900009924], [-83.87364799969215, 40.88744400005558], [-83.87360599985936, 40.887474000333846], [-83.87331100030659, 40.88769700027784], [-83.87162699961036, 40.88901500006778], [-83.86719899965738, 40.89249899998231], [-83.86679799979936, 40.89281400023064], [-83.86477400024283, 40.8943969999415], [-83.86398699969715, 40.89501900003951], [-83.86267299979508, 40.896050000226474], [-83.86235200030303, 40.89630000016961], [-83.86155499971159, 40.89692000029757], [-83.86060800023066, 40.89766600023164], [-83.85973799984428, 40.898343000122566], [-83.8575130004463, 40.900091999866724], [-83.85602399974373, 40.90125399992308], [-83.8525580002386, 40.90397300018488], [-83.84810199979822, 40.907451999689435], [-83.84582100032372, 40.90923400022289], [-83.84297400023647, 40.91147300006264], [-83.84247200009615, 40.91185600027514], [-83.84212899996447, 40.91210400026442], [-83.8418639996506, 40.91228399980545], [-83.84159199966405, 40.91245799971061], [-83.84131300000479, 40.91262500005895], [-83.84102599994961, 40.91278400025873], [-83.84073200022173, 40.91293600033134], [-83.84043099992284, 40.91307899972331], [-83.84012399977618, 40.913214999769586], [-83.83981099978175, 40.91334299987702], [-83.83949299976443, 40.91346300009209], [-83.83916899989934, 40.91357499977953], [-83.83884099983626, 40.91367900033768], [-83.83856399982683, 40.91375799992122], [-83.83822800026617, 40.91384600031723], [-83.83788799960922, 40.913923999752605], [-83.83748699975123, 40.91400500029603], [-83.83714000031992, 40.914063999883425], [-83.83678999961724, 40.914112999961034], [-83.83643899998796, 40.914153999762526], [-83.83608599981054, 40.91418600003696], [-83.83567200043206, 40.91421100000725], [-83.83519899970574, 40.91422799973723], [-83.8347240002279, 40.9142350000241], [-83.829774999868, 40.914254000314145], [-83.82754200007408, 40.9142629998065], [-83.82706699969793, 40.914272999919866], [-83.82671100004578, 40.914286999804524], [-83.82629500011917, 40.91431400030098], [-83.82588000001748, 40.91434900032473], [-83.82546699956559, 40.914393999746196], [-83.82505499983695, 40.9144470000211], [-83.82464499975812, 40.914510000331084], [-83.82423800005235, 40.91458100009122], [-83.8238329999964, 40.914661999829676], [-83.82344499965888, 40.91474799982886], [-83.82342200009265, 40.914754000124596], [-83.82303600030328, 40.91484900009549], [-83.82264299994289, 40.91495499987332], [-83.8222570001535, 40.9150739999466], [-83.82176699970874, 40.91523600015264], [-83.82111999980346, 40.91546299989499], [-83.81726299958778, 40.91684599966335], [-83.81296400040452, 40.91838999974708], [-83.81238000024842, 40.91861100025365], [-83.8115910000529, 40.91892499981631], [-83.81085999958371, 40.91922600027752], [-83.81024100016583, 40.91949299991375], [-83.80952499976527, 40.91981399973423], [-83.80891700021805, 40.92009600025674], [-83.80831700016842, 40.920387000271184], [-83.80767399956277, 40.920711999885526], [-83.80698999984756, 40.92107000011518], [-83.80640999988941, 40.92138400021442], [-83.8057889999234, 40.921731999857016], [-83.80517600035331, 40.922089000166835], [-83.8045710002808, 40.92245300000126], [-83.80409699972955, 40.922750000068625], [-83.80397500042913, 40.92282600023016], [-83.80338700007508, 40.92320599972707], [-83.80280999959167, 40.92359500001229], [-83.80228499988512, 40.923960000173004], [-83.80172500001846, 40.924362999879556], [-83.8006210001787, 40.92518199989989], [-83.79782900034303, 40.927266999680015], [-83.79609899961605, 40.928566000094094], [-83.79145999977585, 40.932027999843044], [-83.78750899984885, 40.93497699973475], [-83.78501599976393, 40.93681799966134], [-83.78444599985154, 40.93723800026756], [-83.77860299971415, 40.941595000282625], [-83.77075000026392, 40.947462999950844], [-83.76734199958679, 40.94999500006573], [-83.76600599994343, 40.95099700002927], [-83.76568999957593, 40.9512339996841], [-83.76345299958406, 40.9529129999749], [-83.76303699965744, 40.9532249999763], [-83.75363699977832, 40.960235000320644], [-83.75257499977133, 40.96102199999244], [-83.74701299984133, 40.965163000311854], [-83.74515900016411, 40.96654300016521], [-83.7438009998811, 40.96755100018114], [-83.73876000035801, 40.9713080000762], [-83.73811599992747, 40.97177399982718], [-83.73767900008447, 40.97207899994597], [-83.73710199960105, 40.97246800000401], [-83.736336999695, 40.97296699972624], [-83.73578799969901, 40.97331100001598], [-83.7353230002669, 40.973590999937095], [-83.73461699991206, 40.9740030001891], [-83.73404500034984, 40.974325000043464], [-83.73245199989023, 40.9751909999425], [-83.73086299962854, 40.97606100010532], [-83.72873899961456, 40.977216000180505], [-83.72867599986537, 40.97725100011371], [-83.72744399997909, 40.97792899968972], [-83.72069600019354, 40.98161200028255], [-83.71876200015038, 40.98266700021038], [-83.71614199984384, 40.98410000015167], [-83.71467599960582, 40.98490200007832], [-83.71365600032993, 40.985460000249866], [-83.71115800022216, 40.9868230000295], [-83.70807099993542, 40.988507999900094], [-83.70651900038197, 40.98935499967925], [-83.70303700008502, 40.99125999998417], [-83.70097800036837, 40.99238599969528], [-83.6993339998551, 40.99328300027758], [-83.69850299982679, 40.99373700025252], [-83.69690900044057, 40.994606999870555], [-83.69196099990559, 40.99730800020063], [-83.6915819997889, 40.997526000267136], [-83.6912579999238, 40.99772400025007], [-83.69089600042386, 40.99795800014116], [-83.69058799955398, 40.99816999991634], [-83.69028799997832, 40.99838899986997], [-83.68999699972518, 40.9986149999322], [-83.68971399986796, 40.998847000012105], [-83.6894410000565, 40.99908500004626], [-83.68917900011567, 40.99933099999309], [-83.68892700022059, 40.999581999739355], [-83.68868399964802, 40.999837999906], [-83.68845100001953, 41.00009999975677], [-83.68822800043677, 41.0003659999061], [-83.68801500000143, 41.00063800028928], [-83.68781400015997, 41.000914000178796], [-83.6876250000141, 41.001195000185724], [-83.68744599991396, 41.001480000267016], [-83.68727900040768, 41.00176899969284], [-83.68712299987375, 41.0020619997664], [-83.68695800001731, 41.00239999969551], [-83.6868440002145, 41.002656999725104], [-83.68672299984068, 41.00295900020696], [-83.68661400006073, 41.00326299988694], [-83.68651600015144, 41.003570000040654], [-83.68642999993773, 41.00387900000551], [-83.68635600031787, 41.00418999975341], [-83.68629699986832, 41.00450200000061], [-83.6862459998147, 41.00486000021141], [-83.68620900000478, 41.00521999967791], [-83.6861889999133, 41.00553500022474], [-83.6861820002406, 41.00585099985659], [-83.68618800008838, 41.00616700000678], [-83.68620499980682, 41.00648200009426], [-83.68623900014201, 41.00684100029273], [-83.68628900037072, 41.00724499977464], [-83.68635700014279, 41.00769199997622], [-83.68646199972478, 41.008271999773115], [-83.68669199987853, 41.009430999783696], [-83.68675899982568, 41.009796999832844], [-83.68693200007806, 41.01075200020002], [-83.68751799988397, 41.01398099985024], [-83.68760099972465, 41.01447199967805], [-83.68761300031852, 41.01456300010695], [-83.6876479995803, 41.014829999947274], [-83.68765699980115, 41.01493200011846], [-83.68766900039502, 41.01505700033881], [-83.68767699989262, 41.015144000194944], [-83.6876900003114, 41.01541299992701], [-83.68769100013633, 41.01568299967986], [-83.68768000026567, 41.01595199992216], [-83.68765500015132, 41.0162209997438], [-83.6876180003414, 41.016489999822525], [-83.6875689999376, 41.0167569999861], [-83.68750799983823, 41.01702300000198], [-83.6874350000433, 41.01728599972609], [-83.68734999965447, 41.017548000020426], [-83.68725299957009, 41.01780799981009], [-83.68714499961507, 41.01806500006904], [-83.68702499996446, 41.018319000154726], [-83.68689299971999, 41.018568999704144], [-83.68680400003154, 41.01872100031112], [-83.68672500038882, 41.018856999700716], [-83.6865699996798, 41.01909999990439], [-83.68640499982337, 41.01933899970161], [-83.68622800027136, 41.01957300010918], [-83.68603999995038, 41.01980199982482], [-83.68584099975877, 41.02002499988073], [-83.68563200041969, 41.02024399972668], [-83.68541399996148, 41.02045700002024], [-83.68518700018076, 41.02066499982993], [-83.6849500003543, 41.02086599983323], [-83.68474500031489, 41.021028000097616], [-83.6845340004277, 41.02118599988793], [-83.68415299976287, 41.02145900008228], [-83.68314299963443, 41.022126000121844], [-83.68243499962976, 41.022566999678745], [-83.68210400009198, 41.02275099972271], [-83.68187800013615, 41.02286600008216], [-83.68165999967796, 41.0229810002408], [-83.68148800014882, 41.023061000203235], [-83.68142100020167, 41.02309299988989], [-83.68122799985782, 41.02317000008885], [-83.68095699969616, 41.0232689999219], [-83.68073699958813, 41.023341999970405], [-83.68044700005822, 41.0234289997276], [-83.68007399978933, 41.02353199978238], [-83.67962199987771, 41.02364199988662], [-83.67898300036835, 41.02378500015418], [-83.67819599982265, 41.02396200000787], [-83.67774200026122, 41.02407000012143], [-83.67746100005384, 41.02414400027267], [-83.67718300021947, 41.02422499981175], [-83.67691100023292, 41.02431800026407], [-83.67680099972974, 41.02436100003531], [-83.67664500009414, 41.02442100028383], [-83.67660200043643, 41.024438999737804], [-83.67638599962805, 41.024531000258634], [-83.67613399973297, 41.02465200001873], [-83.6758890004089, 41.02478099994933], [-83.67565199968412, 41.024918000003474], [-83.67542400007851, 41.02506300013127], [-83.67456799993583, 41.02574199966432], [-83.67438800001077, 41.0259189996797], [-83.67421499975842, 41.026104999734635], [-83.67409900030577, 41.02623900025746], [-83.67405099972689, 41.026294000104855], [-83.67399999967326, 41.02635899998847], [-83.67389900028923, 41.02648799996368], [-83.67375799982393, 41.02668599967046], [-83.67362899995248, 41.026889999731395], [-83.6735109999517, 41.02709699996443], [-83.67340600036972, 41.02730799992836], [-83.67331299958501, 41.027523000262526], [-83.67323200029244, 41.02773999973344], [-83.6731789996907, 41.027914999966356], [-83.6731229996142, 41.02813599983222], [-83.67307800030667, 41.0283579998828], [-83.67303499975064, 41.02862699986308], [-83.6730170002073, 41.02878599996196], [-83.67300499961343, 41.02889799990339], [-83.67299600029091, 41.02901299969342], [-83.67299399974277, 41.029041999838626], [-83.6729810002223, 41.02921500020552], [-83.67297000035164, 41.029493000125065], [-83.67296500032877, 41.02962300028921], [-83.67294799971202, 41.031198999762], [-83.6729400002144, 41.032728999890374], [-83.67294500023728, 41.03331099982775], [-83.67293799966627, 41.03456900021255], [-83.67291400027516, 41.03693000010041], [-83.67290300040449, 41.03700199979358], [-83.672883000313, 41.03879800004546], [-83.67287099971912, 41.03992900024675], [-83.6728769995669, 41.041852000175645], [-83.6728769995669, 41.04201899983241], [-83.6728129999928, 41.04408599989974], [-83.67281899984059, 41.04593800029526], [-83.67280299994707, 41.048227000012716], [-83.67278399968049, 41.0490360002363], [-83.67276199993918, 41.049349999975675], [-83.67273000015214, 41.04961800028963], [-83.67269099979407, 41.049841000307794], [-83.6726509996111, 41.050017999890514], [-83.67258899968682, 41.05023700024231], [-83.67250099982327, 41.05049800026633], [-83.67239899971601, 41.05075600020692], [-83.67226599964663, 41.051054000050186], [-83.67200399970582, 41.05159300029597], [-83.67190999999447, 41.05178600022787], [-83.67175099998582, 41.05211400017873], [-83.67119100011917, 41.053265999820496], [-83.67097600003402, 41.053707999981796], [-83.67076799962156, 41.05413599985204], [-83.67051300025173, 41.05466099999266], [-83.66946299994032, 41.05683300032883], [-83.66868600033868, 41.05839899998862], [-83.66857900020857, 41.05863400022308], [-83.66832300011552, 41.05922500009105], [-83.66777699959427, 41.06041699980202], [-83.66752800007222, 41.060933000120976], [-83.66742900033803, 41.06113899989208], [-83.66733899992634, 41.061325999747076], [-83.6672080004051, 41.0615910001341], [-83.66596999977271, 41.06411799991109], [-83.66511500035327, 41.0658700003078], [-83.66301300008061, 41.07018100022881], [-83.66294000028567, 41.070330000001626], [-83.66283900000333, 41.07053800002885], [-83.66270099991108, 41.07081600013171], [-83.66200399977707, 41.07222500013557], [-83.66152799957601, 41.07319699993928], [-83.66146700037496, 41.07332300016591], [-83.66121899977952, 41.07384699996905], [-83.66098600015101, 41.074340000071196], [-83.66081000042392, 41.074722999979194], [-83.66066599958558, 41.075067000072025], [-83.66056699985137, 41.075327000231226], [-83.6604780001629, 41.07558899977857], [-83.66039899962186, 41.075853000044525], [-83.66031900015425, 41.076162000117144], [-83.66023999961321, 41.07651799975014], [-83.66018400043502, 41.076831000162926], [-83.66013800040427, 41.07714399976249], [-83.66010499989399, 41.07745900026272], [-83.66008599962743, 41.07777399993058], [-83.6600759995817, 41.07822500010119], [-83.66006700025916, 41.08017599983193], [-83.66006600043427, 41.08031799969809], [-83.66006499971103, 41.080638999995884], [-83.66006499971103, 41.08066799973674], [-83.6600630000612, 41.080973999818276], [-83.66006200023628, 41.08105899966328], [-83.66005899986325, 41.081451000091256], [-83.66004100031988, 41.08355600024708], [-83.66003700012193, 41.0840979997956], [-83.66002500042637, 41.0876989998374], [-83.66002399970316, 41.0878870000071], [-83.66000299978676, 41.09192600027372], [-83.65998900044136, 41.09492899990367], [-83.65998199987035, 41.09597100008495], [-83.6599719998246, 41.09749600019638], [-83.6599719998246, 41.097610999916675], [-83.65996799962664, 41.099084000202744], [-83.65996699980174, 41.09961199978072], [-83.65996599997682, 41.09978900011623], [-83.65996099995395, 41.100398999820904], [-83.6599500000833, 41.101728000242574], [-83.65994099986247, 41.10386399984289], [-83.65993300036486, 41.105450999783066], [-83.65990900007542, 41.11022199980397], [-83.65990800025051, 41.11037500023989], [-83.65990400005255, 41.11131799984195], [-83.6598940000068, 41.11271799966885], [-83.65987499974024, 41.11554900023495], [-83.65986899989244, 41.11685699996808], [-83.65986700024261, 41.117260000035266], [-83.65985600037197, 41.118069999791146], [-83.6598370001054, 41.118519999923194], [-83.65980699996817, 41.118924000156625], [-83.65976199976232, 41.11932799993362], [-83.6597030002111, 41.119730000181505], [-83.65962299984515, 41.12017600028894], [-83.65936199972924, 41.12142100026683], [-83.65927100039094, 41.12191199969556], [-83.65920799974344, 41.1223139996807], [-83.65916400026083, 41.12267300013631], [-83.65913099975056, 41.12307800000631], [-83.65910900000927, 41.12352800031396], [-83.6590980001386, 41.12406900014039], [-83.6590980001386, 41.12413599979848], [-83.6590980001386, 41.12740700027421], [-83.6590989999635, 41.12843699975297], [-83.65911099965908, 41.13055300028444], [-83.65911099965908, 41.131671999884745], [-83.65911099965908, 41.13350800002613], [-83.65911499985704, 41.13777999973382], [-83.65911599968194, 41.138702000281086], [-83.65910800018435, 41.139286999809535], [-83.65908600044304, 41.13991700002367], [-83.65900299970404, 41.14158199987257], [-83.65898099996274, 41.14220099976216], [-83.65897099991699, 41.142707999802354], [-83.65897799958968, 41.146883000278045], [-83.65897599993986, 41.14797499979603], [-83.6589640002443, 41.14837999973845], [-83.65894199960466, 41.148784999884946], [-83.6589089999927, 41.14914400025486], [-83.65886299996195, 41.149502000252745], [-83.65881199990834, 41.149814000138136], [-83.6587259996946, 41.15026000003244], [-83.65862500031058, 41.15070299969949], [-83.65852200037841, 41.15109999979412], [-83.65840600002747, 41.1514959997852], [-83.65827700015603, 41.15188900024521], [-83.65815099975934, 41.152235000144216], [-83.65801100001725, 41.15257900014535], [-83.6578389995898, 41.15296300013813], [-83.65765700001494, 41.15334400013262], [-83.65744100010487, 41.15376299983174], [-83.65721199977601, 41.15417800013049], [-83.65701799960723, 41.15450700010579], [-83.65681099991801, 41.15483100004039], [-83.65656599969563, 41.15519100011868], [-83.6563110003258, 41.15554700022836], [-83.65406000009024, 41.15851600014541], [-83.65371600013364, 41.158989999713], [-83.65343900012422, 41.159389000240374], [-83.65311899955877, 41.15987300032681], [-83.65282999985375, 41.16033400009417], [-83.65281300013531, 41.16036099994776], [-83.65252100005728, 41.16085500021485], [-83.65226400013933, 41.1613109999138], [-83.65195500034284, 41.16189599995826], [-83.6517410000826, 41.16231700025262], [-83.6514959998602, 41.162824999850585], [-83.65130300041469, 41.16325100004022], [-83.65110199967492, 41.16372199987448], [-83.65092900032086, 41.16415400023945], [-83.65076899958899, 41.16458699999082], [-83.65054199980827, 41.165240999866796], [-83.65037299975384, 41.16576600027444], [-83.6502289998138, 41.1662499999278], [-83.65010800033832, 41.166691000065015], [-83.64999100016244, 41.16717800014609], [-83.64987700035962, 41.167691000045295]]}, "properties": {"BASENAME": "75", "MTFCC": "S1100", "NAME": "I- 75", "OBJECTID": 8919, "OID": "110461555946", "PREDIR": null, "PREDIRABRV": null, "PREQUAL": null, "PREQUALABRV": null, "PRETYP": 344, "PRETYPEABRV": "I-", "RTTYP": "I", "SUFDIR": null, "SUFDIRABRV": null, "SUFQUAL": null, "SUFQUALABRV": null, "SUFTYP": null, "SUFTYPEABRV": null}}, {"type": "Feature", "id": 8930, "geometry": {"type": "LineString", "coordinates": [[-83.4889770000779, 41.732029000205706], [-83.48872799965754, 41.73291100009052], [-83.48772299955196, 41.736661000104206], [-83.48759700005358, 41.737125000260605], [-83.48752699973339, 41.73736599989312], [-83.48685399988885, 41.73967400024661], [-83.48444700001765, 41.74824099979153], [-83.48405799985522, 41.74960299979103], [-83.4839859998852, 41.74986899983801], [-83.48366299984501, 41.75107000013911], [-83.48334900002565, 41.752162000025976], [-83.4825640000281, 41.75494800008763], [-83.48174700024352, 41.757762999690044], [-83.48144799959444, 41.758833000166206], [-83.4814009997388, 41.759001999798656], [-83.48117800015602, 41.76009499987021], [-83.48113799997304, 41.76035500003825], [-83.48110799983581, 41.76065199983547], [-83.48103099984291, 41.7618349999492], [-83.48106000015524, 41.7629590003194], [-83.48111700005666, 41.765977999998626], [-83.4811200004297, 41.766966000129905], [-83.48112299990443, 41.76803900020238], [-83.48109100011737, 41.76855100028567], [-83.48102499999514, 41.76906700017689], [-83.48097700031458, 41.769358000065324], [-83.48081999995573, 41.769960999956425], [-83.48064500005356, 41.77042399969358], [-83.48055100034222, 41.7706380001287], [-83.48033399970892, 41.77108899975669], [-83.48022199955594, 41.77128799997185], [-83.48002499991243, 41.771611999839585], [-83.47985900023109, 41.77187400008673], [-83.47973500038253, 41.772053000100605], [-83.47968699980363, 41.77212100011714], [-83.47948400031235, 41.77239999988366], [-83.47942200038808, 41.77247900027666], [-83.4771560000839, 41.77536700020601], [-83.4742839998823, 41.77905899990388], [-83.47362600010634, 41.77990600015401], [-83.47254800020583, 41.781288999721724], [-83.47027699987878, 41.784159999673754], [-83.46659299991543, 41.78888000009446], [-83.46525700027208, 41.79055699974174], [-83.46415099988415, 41.791975000109986], [-83.46223399955943, 41.79443300027778], [-83.46046699992083, 41.796713000151634], [-83.45931899970012, 41.79819500003799], [-83.45840700037928, 41.79934099977824], [-83.45700399989045, 41.801119999763515], [-83.45515400041118, 41.803466999954345], [-83.45384899983164, 41.80516000017352], [-83.4536279998987, 41.80544700005367], [-83.4528670001906, 41.806394000207014], [-83.45245100026398, 41.80692599969605], [-83.45073899997865, 41.80911799990537], [-83.44958300026035, 41.81060099979708], [-83.4495520002982, 41.810641000069516], [-83.44910299986132, 41.81117400009363], [-83.44872100026991, 41.81166500014585], [-83.44864299955378, 41.811752000148495], [-83.44748600001056, 41.81304899978248], [-83.44742300026135, 41.81311899974364], [-83.44702300022828, 41.81351600018041], [-83.44644599974487, 41.814063999766276], [-83.44590699979462, 41.8145629998581], [-83.43583700044401, 41.823706999759764], [-83.43575799990296, 41.82379000033351], [-83.43436100016022, 41.82505399992872], [-83.43249400006421, 41.8267510002491], [-83.43220600018411, 41.82700500019517], [-83.43177400036399, 41.827397999983845], [-83.43116799956827, 41.82799900010991], [-83.4308670001677, 41.82831999972245], [-83.43032400001948, 41.8289229999728], [-83.43004799983497, 41.82925500001061], [-83.42936400011976, 41.83010400032843], [-83.42809000040067, 41.83196200016436], [-83.42717200033373, 41.83330200021372], [-83.42465300030953, 41.836977000133516], [-83.42389300042633, 41.838091000128564], [-83.4207430003904, 41.84274399984756], [-83.4202999998013, 41.84338799977445], [-83.41986100030847, 41.84403400018671], [-83.41980600005688, 41.8441199999092], [-83.41978500014048, 41.844152000243334], [-83.41976500004901, 41.84418499969277], [-83.41804000024321, 41.84669499992201], [-83.41606299964401, 41.84957099966936], [-83.40883199998471, 41.86016399983152], [-83.40850899994453, 41.860633999744465], [-83.40303400005315, 41.868647000207304], [-83.4027839998079, 41.869013000289506], [-83.40184200034982, 41.87035200031996], [-83.40162300006672, 41.870656999980454], [-83.40143499974573, 41.87089600014055], [-83.40043399983811, 41.87211699976888], [-83.40007900001089, 41.87254399967153], [-83.399340999869, 41.873335000113265], [-83.39803000033997, 41.87472500019602], [-83.39790099957024, 41.87485799967228], [-83.3976789998124, 41.875086000328245], [-83.39762199991098, 41.87513700028446], [-83.39630200016114, 41.87646100031593], [-83.39579199962489, 41.87698299993404], [-83.39461800036322, 41.87818600011655], [-83.39427600005646, 41.87853099984019], [-83.39286099987206, 41.879958999894185], [-83.39259700028141, 41.88022600010092], [-83.39255100025066, 41.88027400025271], [-83.39174699998654, 41.881125000232586], [-83.38854000004918, 41.884377999950686], [-83.38826499968957, 41.88466300015475], [-83.38372100028393, 41.88931200015548], [-83.38283900020201, 41.89021400009325], [-83.38240700038189, 41.89065299971065], [-83.37962700024178, 41.89348199995032], [-83.37955000024888, 41.89355999979381], [-83.37944200029386, 41.89366900014428], [-83.37600199982968, 41.89716899977031], [-83.37511399989998, 41.898093000229906], [-83.37464500026991, 41.89860000002278], [-83.3742009998559, 41.899118000197376], [-83.37402099993086, 41.899326999988205], [-83.37364600001213, 41.89975299967036], [-83.37323900030636, 41.90021499992744], [-83.37273700016603, 41.90087599971477], [-83.37227000018578, 41.901530999904985], [-83.37162699958016, 41.90240699989699], [-83.37152700002103, 41.90254299992929], [-83.37143400013461, 41.90267899967197], [-83.37133000037754, 41.90282499999748], [-83.3709479998878, 41.90335900005739], [-83.37058399983974, 41.90385099976545], [-83.37030099998252, 41.904237000105816], [-83.37016500043839, 41.904407000242934], [-83.37012600008033, 41.90445400008304], [-83.36996299987372, 41.9046519996837], [-83.36931099994555, 41.90555300009352], [-83.36902399989037, 41.90594399969583], [-83.36866999988804, 41.90643799986976], [-83.36836299974138, 41.90683999980237], [-83.36800799991414, 41.90732300008057], [-83.36760600023125, 41.90789100010072], [-83.3667719998299, 41.90915000008158], [-83.3663509998804, 41.90983099984809], [-83.36599500022825, 41.91045899970442], [-83.3657030001502, 41.91098899971947], [-83.36551700037738, 41.91133699971495], [-83.3654360001865, 41.911489000139625], [-83.36536099984345, 41.91164399978211], [-83.36522100010136, 41.91193100015356], [-83.36470200024259, 41.913023000043], [-83.36403100004786, 41.914665999785775], [-83.36376999993193, 41.91542800014383], [-83.36285799971279, 41.9181310002706], [-83.36281699970492, 41.91825299985293], [-83.36211399972314, 41.920306000295064], [-83.36116999971692, 41.923034999866715], [-83.36102400012705, 41.92349600017832], [-83.36100200038575, 41.923564999719446], [-83.36067000012473, 41.924549000021585], [-83.36054799992598, 41.92490999998105], [-83.35993100015791, 41.9267080002884], [-83.3597119998748, 41.92733199981583], [-83.35913299974159, 41.92898200010145], [-83.35876399967064, 41.9302569997385], [-83.35869400024876, 41.93053000025757], [-83.35862700030161, 41.93089000000776], [-83.3585710002251, 41.9312489999556], [-83.3585489995855, 41.93154500031956], [-83.35854399956261, 41.931915999777495], [-83.35856899967696, 41.932333999778905], [-83.35858999959336, 41.93256499971243], [-83.35862700030161, 41.93281399967593], [-83.35867499998218, 41.93305899967892], [-83.35869400024876, 41.93321500013966], [-83.3588039998536, 41.9336740002592], [-83.35886199957993, 41.9338870001273], [-83.35899700019746, 41.934282999883386], [-83.35910000012962, 41.93454800008346], [-83.35987799955615, 41.936354000295275], [-83.35998899988425, 41.93661499980729], [-83.3607730000569, 41.938425000279764], [-83.36083300033133, 41.93855600010544], [-83.36142699963486, 41.93986400031717], [-83.36184099991165, 41.940863000173835], [-83.36192600030046, 41.941083000110254], [-83.3623809996868, 41.942123000104026], [-83.36275300013081, 41.943006000066426], [-83.36295899999513, 41.94357200004611], [-83.36303000014024, 41.94380799993222], [-83.36313800009529, 41.94422799998111], [-83.36317599973012, 41.94441100024905], [-83.36320199966937, 41.94457099993975], [-83.36322900033187, 41.94481900023699], [-83.36328899970802, 41.945211000032565], [-83.36330999962442, 41.9454690000487], [-83.36330600032477, 41.94568499992744], [-83.36328600023329, 41.94664899973246], [-83.36322099993595, 41.94714799981459], [-83.36319900019464, 41.94731900009167], [-83.3631399997451, 41.947609999766634], [-83.36308799986655, 41.94782999980779], [-83.3629149996142, 41.948437999702506], [-83.36285600006296, 41.94862600010062], [-83.36279400013869, 41.94879500008478], [-83.36263400030512, 41.949188000315935], [-83.36243900031145, 41.94959099968597], [-83.36235800012058, 41.94974299984602], [-83.36200400011826, 41.950411000138466], [-83.36186100000313, 41.95062199994422], [-83.36138200032734, 41.95129800007739], [-83.36119400000635, 41.951514999707015], [-83.36080300019411, 41.951994000088874], [-83.35873100005867, 41.954475000323306], [-83.35863999982207, 41.95458500028356], [-83.35451900001574, 41.95953399972907], [-83.35363600010892, 41.96061400000246], [-83.3533039998479, 41.961014000010785], [-83.35294700037083, 41.96143800013713], [-83.35107000022907, 41.96366499970215], [-83.3505379999515, 41.96429599979858], [-83.35004400020709, 41.96489100001983], [-83.34879399987912, 41.96639699998939], [-83.34736699999917, 41.96811700002723], [-83.34667099969008, 41.96895999984169], [-83.34548999985739, 41.97034899972207], [-83.34541600023755, 41.970437000092076], [-83.34324500036792, 41.97302799978354], [-83.34238500002729, 41.97407599969426], [-83.3413980003634, 41.975250000166795], [-83.33905099986833, 41.97810700023902], [-83.33846300041259, 41.97882200020474], [-83.33801099960266, 41.979362999776924], [-83.33541100028594, 41.98247499982485], [-83.3338739999028, 41.98431600021325], [-83.33268800004726, 41.985753000041655], [-83.33201199982966, 41.98657100006946], [-83.33146399965857, 41.98722700010857], [-83.33100000005138, 41.98778099996201], [-83.3305580001855, 41.988313999809506], [-83.3297060002408, 41.98929899997132], [-83.32729400034675, 41.9921490002359], [-83.32697399978129, 41.99252699990013], [-83.32646400014335, 41.99311999984707], [-83.32628900024118, 41.993324000139076], [-83.32481799998028, 41.99485099984178], [-83.32304600031883, 41.99667099974742], [-83.32210899998529, 41.99761199971499], [-83.32187200015883, 41.99783600029193], [-83.32158500010367, 41.9981219999421], [-83.31958300028842, 42.00011900007122], [-83.31855100041867, 42.00115599989055], [-83.31755100033595, 42.00216000022683], [-83.31581399993627, 42.003905000259905], [-83.31406700038917, 42.00569300005837], [-83.31383499968727, 42.005927000285084], [-83.3129009997268, 42.006835000032794], [-83.31138500015837, 42.008333000139416], [-83.31063199994786, 42.009143999782886], [-83.30986000036911, 42.010035999676134], [-83.29969399986071, 42.02244100009505], [-83.29663300041155, 42.02619100010239], [-83.29320499964294, 42.030372000261025], [-83.29053500000602, 42.03362600005019], [-83.28750399979577, 42.037293000136415], [-83.28702299957183, 42.03789299988287], [-83.28679400014128, 42.03815499985888], [-83.28644599998673, 42.03853700010372], [-83.28622400022888, 42.038771999670665], [-83.28578499983774, 42.039213999882996], [-83.28551799987405, 42.03947400025929], [-83.28506099993956, 42.039906000205384], [-83.28451600014152, 42.04039400018237], [-83.2840709999026, 42.040761000099344], [-83.2793180002596, 42.04456400008422], [-83.27847499963741, 42.04522899983355], [-83.27756300031658, 42.045970000236885], [-83.27720799959101, 42.04626400004661], [-83.27317499964822, 42.04947899970524], [-83.27244499990226, 42.05007099982143], [-83.27148099980458, 42.05083500015495], [-83.27083600044742, 42.05135099988895], [-83.27044499973684, 42.05166400000164], [-83.27005599957442, 42.05195800014119], [-83.2663299997783, 42.05495400020058], [-83.26502300044726, 42.056028000310704], [-83.26345599992689, 42.05727600016742], [-83.26278399990724, 42.05785099988966], [-83.26253899968486, 42.05807000013959], [-83.26209500016915, 42.058507999707714], [-83.26189500015262, 42.05872299992222], [-83.26156600026464, 42.059095000190176], [-83.26090000009279, 42.05989200003505], [-83.25932900027279, 42.06182800000721], [-83.25916400041632, 42.06203299974642], [-83.25877100005594, 42.06252299992232], [-83.25857400041244, 42.06276000022672], [-83.25631399995605, 42.06554299980532], [-83.2553259995689, 42.066785999810946], [-83.25434700030091, 42.067942000324614], [-83.2542769999807, 42.068029999783036]]}, "properties": {"BASENAME": "75", "MTFCC": "S1100", "NAME": "I- 75", "OBJECTID": 8930, "OID": "11063083986", "PREDIR": null, "PREDIRABRV": null, "PREQUAL": null, "PREQUALABRV": null, "PRETYP": 344, "PRETYPEABRV": "I-", "RTTYP": "I", "SUFDIR": null, "SUFDIRABRV": null, "SUFQUAL": null, "SUFQUALABRV": null, "SUFTYP": null, "SUFTYPEABRV": null}}, {"type": "Feature", "id": 9561, "geometry": {"type": "LineString", "coordinates": [[-83.13468199999348, 41.36818499997909], [-83.13365400032167, 41.368162999916095], [-83.1335429999936, 41.36816099966484], [-83.13187300043938, 41.36812600031436], [-83.13043999981332, 41.3680969996825], [-83.12961200015808, 41.36807999988728], [-83.12831999999732, 41.36804400002866], [-83.12790099969764, 41.368035999682874], [-83.12728999977739, 41.36804000019295], [-83.12524399958122, 41.367993999705114], [-83.12112199994996, 41.367921999872785], [-83.12105599982773, 41.36792100008055], [-83.11900499960869, 41.36788100028852], [-83.11763899982809, 41.36785900012273], [-83.11710700044884, 41.367849999960825], [-83.11704600034949, 41.36784900016748], [-83.11693099982344, 41.36784600011319], [-83.11610200034328, 41.36782499972929], [-83.11285900042091, 41.36775700023746], [-83.11268799981836, 41.3677500003254], [-83.11266199987911, 41.367748999856396], [-83.11262800044223, 41.3677480000615], [-83.11233999966383, 41.36773700029414], [-83.11192700011027, 41.36770999975406], [-83.11110399957957, 41.367642999938575], [-83.11076999966872, 41.36760299997559], [-83.11060300016246, 41.36758299998492], [-83.11013799983206, 41.36752699984338], [-83.10790000001526, 41.36721999969185], [-83.10765999981577, 41.36718700011639], [-83.10739600022512, 41.36715099976371], [-83.10726200033079, 41.367132999916976], [-83.1061840004303, 41.366984999714866], [-83.10215999981003, 41.36643400010711], [-83.10100999993949, 41.36626599994206], [-83.10076700026525, 41.36622800011747], [-83.10072999955702, 41.36622199985926], [-83.10071600021162, 41.366220000222526], [-83.09974500044123, 41.366068000009335], [-83.09755899960467, 41.36576899966698], [-83.09333999988905, 41.36518499995806], [-83.09269800000665, 41.36509800015891], [-83.09214700036082, 41.36502400014525], [-83.09210100033008, 41.36501799977601], [-83.09200800044364, 41.36500499987306], [-83.09159099979381, 41.36493300010412], [-83.09124199981436, 41.36488099973457], [-83.09086799972053, 41.36484500012854], [-83.09053700018275, 41.36479800023842], [-83.09023599988386, 41.36475600019308], [-83.08969399956057, 41.36466200025033], [-83.0893579999999, 41.36459000010186], [-83.0890269995638, 41.36450499987089], [-83.08870199987379, 41.36440800002689], [-83.08848299959067, 41.364333000055325], [-83.08838399985646, 41.364298999842], [-83.08807400023505, 41.36417799993013], [-83.08775799986756, 41.36404199999458], [-83.08745200044413, 41.36389099994139], [-83.08730199975798, 41.363810000241756], [-83.08701499970282, 41.36364000032784], [-83.08674299971625, 41.36345800029268], [-83.08655799976832, 41.36332600032653], [-83.08642499969893, 41.363203000224345], [-83.08592799958147, 41.362844999793246], [-83.08577500031892, 41.36273800010512], [-83.08539200000426, 41.36247100005309], [-83.08444999964787, 41.36184499983529], [-83.08404100029227, 41.36155400011039], [-83.08252700037367, 41.36048700009988], [-83.08245899970329, 41.36043700003741], [-83.0823750000377, 41.36037399978267], [-83.08229499967176, 41.36031700027019], [-83.08126500035014, 41.35959300003668], [-83.08068700004183, 41.35913100020043], [-83.07987100008215, 41.35858100010066], [-83.07896300006094, 41.35796900013133], [-83.0784879996848, 41.357627999734156], [-83.07842400011069, 41.35758199997687], [-83.07839899999632, 41.35756300022888], [-83.07802800027557, 41.35728600029193], [-83.07763900011314, 41.3569830002134], [-83.07720599956978, 41.3566089998248], [-83.07674399961242, 41.35618599999928], [-83.07637899973945, 41.35583699987805], [-83.07601399986645, 41.3554650002891], [-83.07567499993274, 41.355097999869265], [-83.0753550002656, 41.354725000107756], [-83.07514900040127, 41.35447000021031], [-83.07471800040605, 41.35389999968341], [-83.07349700039042, 41.352185999713036]]}, "properties": {"BASENAME": "19", "MTFCC": "S1100", "NAME": "State Rte 19", "OBJECTID": 9561, "OID": "1108296491676", "PREDIR": null, "PREDIRABRV": null, "PREQUAL": null, "PREQUALABRV": null, "PRETYP": 586, "PRETYPEABRV": "State Rte", "RTTYP": "S", "SUFDIR": null, "SUFDIRABRV": null, "SUFQUAL": null, "SUFQUALABRV": null, "SUFTYP": null, "SUFTYPEABRV": null}}, {"type": "Feature", "id": 9562, "geometry": {"type": "LineString", "coordinates": [[-83.07320500031237, 41.352204999681945], [-83.07353599985015, 41.35266700012871], [-83.07417000023497, 41.35349800007953], [-83.07494400036187, 41.354541000094386], [-83.07514100000535, 41.354789999749954], [-83.07545399999981, 41.355154999906716], [-83.07567199955969, 41.355393000079594], [-83.07590000006363, 41.355626000151], [-83.07617600024817, 41.35591900003804], [-83.07648699969447, 41.356227000209486], [-83.07691799968968, 41.35662300002231], [-83.07763400009027, 41.35722199972746], [-83.07799899996326, 41.357511000038514], [-83.07837399988196, 41.35779000026229], [-83.07840499984411, 41.3578119997868], [-83.07847599998924, 41.35786299978991], [-83.07906000014532, 41.35828099980348], [-83.07990299986919, 41.35887699996449], [-83.07996399996856, 41.3589140001057], [-83.08122500016718, 41.359803999714515], [-83.08212700034058, 41.36043299973409], [-83.08219400028773, 41.3604790001734], [-83.08228899982397, 41.36055399986713], [-83.08235099974827, 41.36060200003029], [-83.08237800041076, 41.36062300004843], [-83.08265399969696, 41.36082099969349], [-83.08420600014871, 41.36191099966835], [-83.08427399992078, 41.36195900017911], [-83.08516299967539, 41.362611000070544], [-83.08568499990723, 41.36298600022262], [-83.0864160003764, 41.36349899996713], [-83.08677700005144, 41.36371999970812], [-83.0872249997651, 41.36398899973451], [-83.0876900000955, 41.36423500010606], [-83.0882109996041, 41.364446000240164], [-83.08848000011592, 41.36453499992541], [-83.08864300032255, 41.36459900004049], [-83.0889439997231, 41.36473400031906], [-83.089028000287, 41.36475700003395], [-83.0892459998469, 41.36480300011359], [-83.08944000001567, 41.364837999903195], [-83.08986299961497, 41.36490899993872], [-83.0906040001299, 41.36502199979749], [-83.09273999983944, 41.36529499983982], [-83.09368399984564, 41.365406000040664], [-83.09704200029405, 41.365864999680866], [-83.09812199984438, 41.36601999983271], [-83.09882400000124, 41.3661069997475], [-83.10005199968958, 41.36626800025157], [-83.10069500029523, 41.366360000264436], [-83.10177300019575, 41.36648500009546], [-83.10336599975706, 41.36668700002676], [-83.10465899974272, 41.366864999886985], [-83.1050379998594, 41.366921999731666], [-83.1061559999429, 41.3670770000623], [-83.10678600012973, 41.36716499971597], [-83.10723499966831, 41.36722500005509], [-83.10738399963122, 41.36724500015586], [-83.107621000356, 41.36727699989977], [-83.10786400003025, 41.36730900030214], [-83.10824200032202, 41.367358999803784], [-83.10928300041262, 41.36750600003069], [-83.11111100015057, 41.36773700029414], [-83.11146099995494, 41.367787000141], [-83.11181300030745, 41.36782699999086], [-83.11248299977895, 41.3678790000286], [-83.11262900026713, 41.36788999977196], [-83.11266000022928, 41.367892000031546], [-83.11287899961408, 41.36790899987584], [-83.11291499959908, 41.36791100013483], [-83.11347500036405, 41.36794000017542], [-83.11569700028733, 41.36798500023607], [-83.11655199970676, 41.36802299970871], [-83.11705300002218, 41.368012999778664], [-83.11710700044884, 41.368011999987836], [-83.11764999969876, 41.36802199991802], [-83.11804200023421, 41.368028000010185], [-83.11853500015373, 41.368037000147474], [-83.11942700028139, 41.368059000253076], [-83.1210600000257, 41.36808900001736], [-83.12364099997414, 41.36813700001596], [-83.12717699979946, 41.36820600024681], [-83.12784999964404, 41.368219999972055], [-83.12824200017951, 41.36822699983356], [-83.13043700033859, 41.368270999908795], [-83.13061200024076, 41.36827399994348], [-83.13179499972325, 41.36829800021606], [-83.13187000006634, 41.3682990000025], [-83.13274600030049, 41.36831199992152], [-83.13467699997061, 41.36834999987735]]}, "properties": {"BASENAME": "19", "MTFCC": "S1100", "NAME": "State Rte 19", "OBJECTID": 9562, "OID": "1108296491699", "PREDIR": null, "PREDIRABRV": null, "PREQUAL": null, "PREQUALABRV": null, "PRETYP": 586, "PRETYPEABRV": "State Rte", "RTTYP": "S", "SUFDIR": null, "SUFDIRABRV": null, "SUFQUAL": null, "SUFQUALABRV": null, "SUFTYP": null, "SUFTYPEABRV": null}}, {"type": "Feature", "id": 9715, "geometry": {"type": "LineString", "coordinates": [[-83.46303100015086, 41.52572299975337], [-83.46302899960271, 41.52584300003327], [-83.4630269999529, 41.52596400014055], [-83.46298099992214, 41.52915900021661], [-83.46294099973916, 41.53189699970867], [-83.46287799998998, 41.53585599980427], [-83.46285600024868, 41.536420999697405], [-83.46280600001995, 41.537161000244275], [-83.46272900002705, 41.53796999981395], [-83.46265899970686, 41.53859900021064], [-83.46231300010045, 41.54140200006741], [-83.46197800036471, 41.54413899994159], [-83.46181099996012, 41.54550500009471], [-83.46149600031586, 41.54864900032143], [-83.46144899956188, 41.54905700003853], [-83.46140900027721, 41.54940600017877], [-83.46136300024646, 41.54981500017797], [-83.46116400005484, 41.55146600006065], [-83.46101699974174, 41.55268499979873], [-83.46093800009903, 41.55339599987335], [-83.46088899969523, 41.55380700008507], [-83.4606619999145, 41.55564499995455], [-83.46044699982936, 41.55725799985939], [-83.4603029998893, 41.558221999931284], [-83.46027399957698, 41.55840999998513], [-83.46017499984278, 41.55905799981254], [-83.46008699997924, 41.55971999998053], [-83.46004799962118, 41.5601690002721], [-83.46003000007784, 41.56061800013282], [-83.46003299955257, 41.560977999667514], [-83.4600550001922, 41.56138299968759], [-83.46010200004784, 41.561830999683934], [-83.46016399997214, 41.56223299992338], [-83.46024199978994, 41.5626340001955], [-83.46034899992007, 41.56307700018769], [-83.46047600014167, 41.56351599993774], [-83.46061099986088, 41.56390799976757], [-83.46069000040191, 41.5641130003176], [-83.46086000028123, 41.56450899971882], [-83.46108500041213, 41.56497499967715], [-83.46131100036793, 41.56539100008048], [-83.46153300012577, 41.56576000019855], [-83.46177099977716, 41.56612300029114], [-83.46202699987019, 41.56647999978724], [-83.46236300032918, 41.56690500003998], [-83.46271999980623, 41.56732100011492], [-83.46323000034248, 41.56787699995532], [-83.46463100028319, 41.569374999992554], [-83.4651960001727, 41.56997800025172], [-83.46623499971516, 41.57108100027299], [-83.46823400005566, 41.57321400026775], [-83.47016600044901, 41.57528099974744], [-83.471517000161, 41.576715000150486], [-83.47303000025468, 41.57833800007763], [-83.4732279997231, 41.57854800007915], [-83.47359000012133, 41.578932000197554], [-83.47406299994935, 41.57944500005853], [-83.47441500030185, 41.579863999682786], [-83.47471800025056, 41.58025400000633], [-83.47511800028363, 41.58080800033136], [-83.4753750002016, 41.58121599996253], [-83.47556599999731, 41.58154700026937], [-83.47576199981587, 41.58192500021543], [-83.47595900035768, 41.58235100016913], [-83.47615299962813, 41.582824999852306], [-83.47628599969754, 41.583204000217286], [-83.47638600015495, 41.583525000080684], [-83.47649199956184, 41.58392299974475], [-83.47658199997353, 41.58432299995403], [-83.47665200029374, 41.584724999999295], [-83.47670099979922, 41.58513000032201], [-83.47673199976136, 41.5855799998662], [-83.47674600000505, 41.5861660002213], [-83.47675000020301, 41.58746099989925], [-83.47675199985284, 41.5879750002996], [-83.47675100002793, 41.58972300010452], [-83.47675299967776, 41.58994700031904], [-83.47675600005081, 41.5902179997586], [-83.47676400044672, 41.5903529998606], [-83.47679799988362, 41.59156899987507], [-83.47680399973139, 41.59185999999858], [-83.47683600041675, 41.59347100004694], [-83.47684899993722, 41.59503400005251], [-83.47685300013518, 41.59545200031462], [-83.47685700033314, 41.59593699995192], [-83.47685800015806, 41.59633999986879], [-83.47686499983077, 41.598503000050925], [-83.47686599965566, 41.59866399990283], [-83.4768749998765, 41.60135000026289], [-83.47687999989935, 41.60296200009854], [-83.47686300018093, 41.60476300031275], [-83.47687099967854, 41.60699600004901], [-83.47687900007446, 41.6088920003259], [-83.47688800029529, 41.61029400031115], [-83.4769030003639, 41.61444600017829], [-83.47690500001373, 41.616189999675576], [-83.47690800038677, 41.61834400032868]]}, "properties": {"BASENAME": "280", "MTFCC": "S1100", "NAME": "I- 280", "OBJECTID": 9715, "OID": "110461571712", "PREDIR": null, "PREDIRABRV": null, "PREQUAL": null, "PREQUALABRV": null, "PRETYP": 344, "PRETYPEABRV": "I-", "RTTYP": "I", "SUFDIR": null, "SUFDIRABRV": null, "SUFQUAL": null, "SUFQUALABRV": null, "SUFTYP": null, "SUFTYPEABRV": null}}, {"type": "Feature", "id": 9716, "geometry": {"type": "LineString", "coordinates": [[-83.46331300018316, 41.525830000030474], [-83.46331200035824, 41.52607200006746], [-83.46331300018316, 41.52660900024044], [-83.46328300004593, 41.52899799992128], [-83.46327899984797, 41.52928300017097], [-83.46324899971074, 41.53164399968533], [-83.46321100007592, 41.534758999866135], [-83.46319099998442, 41.53584000010437], [-83.46317000006803, 41.53641999980907], [-83.46312999988507, 41.537051000244354], [-83.46306899978569, 41.53772500030021], [-83.46277400023291, 41.540183000053865], [-83.46230300005472, 41.54412100006293], [-83.46162199981424, 41.54892500009543], [-83.46157599978349, 41.549283000170966], [-83.46131200019285, 41.551360000166234], [-83.46105699992471, 41.55336600033458], [-83.46103900038138, 41.55350300008682], [-83.46103299963526, 41.553544999751594], [-83.46069500042479, 41.55637100015834], [-83.46055499978438, 41.55783599992295], [-83.46045799970001, 41.55879400016924], [-83.46043500013378, 41.55897100026311], [-83.460429000286, 41.55906000023344], [-83.46035200029311, 41.55986600014665], [-83.4603239998057, 41.56031699980588], [-83.46031799995791, 41.56049700032622], [-83.46031899978283, 41.56090300018191], [-83.46034200024737, 41.561352999822915], [-83.46037700040745, 41.5617129999682], [-83.46043500013378, 41.562115999760614], [-83.46051999962428, 41.56256299989619], [-83.46062900030253, 41.56300599970297], [-83.46075899999887, 41.56344600007792], [-83.46090799996179, 41.56388299973798], [-83.46109399973463, 41.56433800010709], [-83.4612600003143, 41.56469700030255], [-83.46147799987419, 41.565117000274256], [-83.46171499970065, 41.565531000214904], [-83.46194599967933, 41.56589799999629], [-83.46222199986387, 41.56629899970374], [-83.46251800013988, 41.56669100012457], [-83.46286700011932, 41.567111999990395], [-83.46327300000019, 41.56755899984178], [-83.46491499996532, 41.56931500027744], [-83.4675810003026, 41.572165000137126], [-83.46855700009584, 41.57319699974026], [-83.47048799976596, 41.57525300020719], [-83.47165600007816, 41.576508000057956], [-83.47185400044488, 41.57673400029778], [-83.47250700019795, 41.57743499995072], [-83.47358300044864, 41.57857600020695], [-83.47442399962438, 41.57950399987819], [-83.47471099967956, 41.579847000233684], [-83.47498299966612, 41.58019699996646], [-83.47523899975916, 41.580552999756875], [-83.47550300024811, 41.58095600029787], [-83.47572300035614, 41.58132600007409], [-83.47592599984742, 41.58170099971812], [-83.47613099988682, 41.582124000245464], [-83.47629599974327, 41.58250899977817], [-83.47646099959971, 41.58294100029956], [-83.47654500016361, 41.583188999977416], [-83.47667099966199, 41.58359799984995], [-83.47677199994433, 41.58399499991151], [-83.4768470002874, 41.58434999977471], [-83.47692500010521, 41.584842000204155], [-83.47697000031106, 41.58524500018284], [-83.47699600025031, 41.58538099973637], [-83.47701299996876, 41.585689999934765], [-83.47702899986227, 41.58739399976912], [-83.47703499971007, 41.58797399986488], [-83.47703999973294, 41.58970300001155], [-83.4770380000831, 41.58994000017712], [-83.47702800003736, 41.59092100028273], [-83.47700499957284, 41.59213899974402], [-83.47700499957284, 41.59235700012422], [-83.47699600025031, 41.59263500004646], [-83.476966999938, 41.59440400029663], [-83.47697600015884, 41.59539999983799], [-83.47698200000661, 41.59766599977754], [-83.47698500037966, 41.59859099970266], [-83.47698500037966, 41.59874099974846], [-83.47698600020458, 41.599288000186206], [-83.47699600025031, 41.60134700025234], [-83.47700299992302, 41.60266700016376], [-83.47699899972505, 41.60291900011231], [-83.47702999968719, 41.607123999693165], [-83.47703999973294, 41.60879699983309], [-83.47704899995377, 41.61039699996901], [-83.47706099964932, 41.61197600007877], [-83.47705899999951, 41.61527600031389], [-83.47706700039542, 41.61554700018297], [-83.47707700044118, 41.615681999687915], [-83.47707599971795, 41.616215000276355], [-83.47708599976369, 41.61834099976515]]}, "properties": {"BASENAME": "280", "MTFCC": "S1100", "NAME": "I- 280", "OBJECTID": 9716, "OID": "110461571711", "PREDIR": null, "PREDIRABRV": null, "PREQUAL": null, "PREQUALABRV": null, "PRETYP": 344, "PRETYPEABRV": "I-", "RTTYP": "I", "SUFDIR": null, "SUFDIRABRV": null, "SUFQUAL": null, "SUFQUALABRV": null, "SUFTYP": null, "SUFTYPEABRV": null}}, {"type": "Feature", "id": 9743, "geometry": {"type": "LineString", "coordinates": [[-83.47708599976369, 41.61834099976515], [-83.477079000091, 41.62050100001724], [-83.47707499989303, 41.621934999939754], [-83.47707400006811, 41.62230399995923], [-83.4771209999238, 41.623457000190875], [-83.47708999996165, 41.62467499998963], [-83.47714199984019, 41.62599099997752], [-83.47725200034336, 41.626699000104246], [-83.47747699957594, 41.62730600013907], [-83.47793600005856, 41.62810900031706], [-83.47839100034322, 41.628664999783034], [-83.47866800035267, 41.62891299969393], [-83.47892799974535, 41.62914499989495], [-83.47941800019012, 41.62952800003801], [-83.47958100039673, 41.629646999845264], [-83.48004500000393, 41.62990199984367], [-83.4807399995898, 41.63021999976342], [-83.48126000017177, 41.63039499993479], [-83.4820700002837, 41.63068300022241], [-83.48294599961952, 41.63098500000458], [-83.48389899984656, 41.631303999716415], [-83.48463199996557, 41.631561000064146], [-83.48577900036138, 41.631954000168946], [-83.48644700018306, 41.632221999862395], [-83.48669099968221, 41.63232700025276], [-83.48724700024921, 41.63262299992085], [-83.48795500025389, 41.63303999997789], [-83.48893000022223, 41.63377400013767], [-83.48961300011253, 41.634395000067315], [-83.4904700000801, 41.63537700012416], [-83.4910130002283, 41.63599800005147], [-83.49148900042937, 41.63660299977604], [-83.49315499978562, 41.63851900020624], [-83.49329200005299, 41.63868299984051], [-83.49349899974222, 41.63895400002866], [-83.4944469999464, 41.63998900023347], [-83.49451399989354, 41.640070000283735], [-83.49518599991318, 41.640682999675505], [-83.49643600024115, 41.64167600024917], [-83.49648899994459, 41.64172300032841], [-83.49658299965591, 41.64180600008457], [-83.496693999984, 41.64190899976284], [-83.49704600033651, 41.64230000002114], [-83.49750699957065, 41.642942000335125], [-83.4979119996266, 41.64373600025382], [-83.49838899965258, 41.64469400023461], [-83.49884700031029, 41.64554800011872], [-83.49907099971797, 41.64595199978442], [-83.50037700012241, 41.647849000142], [-83.50055899969729, 41.64811399967517], [-83.50168299962857, 41.64975099975524], [-83.5020230002855, 41.65024700014229], [-83.5026369996805, 41.65101299974899], [-83.50313600034612, 41.65156700008373], [-83.50370799990834, 41.65211200002152], [-83.50402199972768, 41.65237499992707], [-83.50479500002967, 41.65291900031302], [-83.50485000028125, 41.65295700003257], [-83.50548200011792, 41.653489999883604], [-83.50562900043103, 41.65359700003112], [-83.50573700038606, 41.653687999953945], [-83.50599500012892, 41.65387299966629], [-83.50644899969035, 41.65425000005849], [-83.50648600039861, 41.654280999791396], [-83.50759799973598, 41.6552549996923], [-83.50801500038583, 41.655777000064205], [-83.50869900010103, 41.65666900023531], [-83.50894799962305, 41.657001000129895], [-83.5090149995702, 41.65709500004386], [-83.50905200027844, 41.6571469997803], [-83.51017799985954, 41.65872400001779], [-83.51045300021914, 41.65910800022371], [-83.51068099982477, 41.65945900024934], [-83.51106400013943, 41.65995599969793], [-83.51222200040588, 41.66162800025055], [-83.51253299985218, 41.66206800020963], [-83.51257700023311, 41.66210999972517], [-83.51265699970074, 41.66220800005419], [-83.5128099998616, 41.66240400026476], [-83.51295100032692, 41.662582000130804], [-83.51308500022122, 41.662764999906166], [-83.51313700009975, 41.662840999784734], [-83.51322900016127, 41.662961999706525], [-83.51325500010053, 41.662992999943846], [-83.51341199956106, 41.663192000267614], [-83.51349100010209, 41.663295999918965], [-83.51365199976057, 41.66354799984876], [-83.51369299976845, 41.6636109996771], [-83.51382300036312, 41.66382199993158], [-83.51394499966354, 41.66399600019692], [-83.51418400003813, 41.66443099980969], [-83.51436700033624, 41.66476100012423], [-83.51450600025342, 41.66512999991882], [-83.51466199988903, 41.66551699988652], [-83.5147730002171, 41.66589100020457], [-83.51485100003491, 41.666243999950815], [-83.5149919996019, 41.66705499984813], [-83.51500199964765, 41.667396999967], [-83.51501000004357, 41.66792499976169], [-83.51501699971625, 41.66873599995735], [-83.51503699980775, 41.669252999868206], [-83.51509399970915, 41.6708359998254], [-83.51511999964842, 41.67125000007457], [-83.51512999969417, 41.67141299978415], [-83.51516300020445, 41.671969000051995], [-83.51531600036532, 41.67450099983203], [-83.5153570003732, 41.6748610003281], [-83.5153869996121, 41.67512499968055], [-83.51541799957424, 41.675396000225234], [-83.51560099987236, 41.67668300021362], [-83.5157020001547, 41.67796399969025], [-83.51574300016257, 41.67847100025761], [-83.51575800023119, 41.67914299983647], [-83.51582500017834, 41.68105299977008], [-83.51583199985103, 41.681224000107946], [-83.51583600004899, 41.68135199998105], [-83.51586700001113, 41.68222199988856], [-83.51587200003401, 41.68236600009434], [-83.51590200017124, 41.68322099992061], [-83.5159070001941, 41.68336199968347], [-83.51593700033133, 41.68421600008018], [-83.51593899998116, 41.68426699976959], [-83.51595200039995, 41.68474099996074], [-83.515976999616, 41.68513800011586], [-83.51603900043858, 41.686096000136054], [-83.51611700025639, 41.68648300018029], [-83.5162029995718, 41.686759999980424], [-83.51651399991643, 41.68750900004549]]}, "properties": {"BASENAME": "280", "MTFCC": "S1100", "NAME": "I- 280", "OBJECTID": 9743, "OID": "1106081417043", "PREDIR": null, "PREDIRABRV": null, "PREQUAL": null, "PREQUALABRV": null, "PRETYP": 344, "PRETYPEABRV": "I-", "RTTYP": "I", "SUFDIR": null, "SUFDIRABRV": null, "SUFQUAL": null, "SUFQUALABRV": null, "SUFTYP": null, "SUFTYPEABRV": null}}, {"type": "Feature", "id": 9744, "geometry": {"type": "LineString", "coordinates": [[-83.47690800038677, 41.61834400032868], [-83.47690800038677, 41.62055999992002], [-83.47690800038677, 41.62230800024084], [-83.47696199991512, 41.62387999971514], [-83.47695400041752, 41.62555799966606], [-83.47699799990014, 41.62629099989923], [-83.4771219997487, 41.62683600010259], [-83.4772769995594, 41.627256999966626], [-83.4776349997597, 41.627937999915666], [-83.47800700020368, 41.628443999765175], [-83.47854500032904, 41.628998999900595], [-83.47921099960257, 41.62953300033339], [-83.47970000022242, 41.62986900022461], [-83.48019200031702, 41.63011700020402], [-83.48098300016235, 41.63045499996096], [-83.48187000026715, 41.630763999882596], [-83.48250999960142, 41.630973999870584], [-83.4833819996376, 41.63124800020751], [-83.48463399961541, 41.631667999703026], [-83.48553999998677, 41.63198400013492], [-83.48645200020592, 41.63234800031031], [-83.48669300023035, 41.632457999892445], [-83.487577999787, 41.632958000083164], [-83.48837500037845, 41.63348699996077], [-83.48908500003293, 41.63406400021155], [-83.48983599969529, 41.634846999936244], [-83.4907160001274, 41.63586399980146], [-83.4913079997811, 41.63660499980898], [-83.49273999968393, 41.63828700017455], [-83.49293200020288, 41.638517000232646], [-83.49300900019577, 41.638609000294636], [-83.4933909997872, 41.63909300012146], [-83.49399500003477, 41.63977799977376], [-83.49453599963483, 41.64033599988173], [-83.49475599974286, 41.64054100012506], [-83.49521500022551, 41.64087200028427], [-83.49612099969856, 41.64163299988958], [-83.49649300014255, 41.64197199994761], [-83.4965879996788, 41.64205800018567], [-83.49662799986177, 41.64209600026995], [-83.49720299979704, 41.642815000202276], [-83.49771400015818, 41.6437399998769], [-83.49794000011401, 41.64427499992698], [-83.4983340002993, 41.64507399996309], [-83.49854699983632, 41.64550500032913], [-83.49902200021246, 41.64631699981487], [-83.49908499996167, 41.64641799993802], [-83.50013400044817, 41.64787600023296], [-83.5002699999923, 41.64806499988163], [-83.50048799955218, 41.64836800028167], [-83.50146099987073, 41.649758000120165], [-83.50183499996452, 41.650292999871], [-83.50228699987615, 41.65089800030852], [-83.50296499974358, 41.65165499983407], [-83.50373100037287, 41.65235200013895], [-83.50462900034833, 41.65302800026106], [-83.50466100013537, 41.65305199990462], [-83.50469399974735, 41.653077999732176], [-83.5056550003703, 41.65383000006357], [-83.50607200012182, 41.654149000132435], [-83.50689899995216, 41.65489999997334], [-83.50749200032908, 41.655559999948956], [-83.50821500040234, 41.65644400008784], [-83.50848900003874, 41.656772000314966], [-83.50884800006395, 41.65722999980175], [-83.50935000020426, 41.65793799974475], [-83.51058999958816, 41.659758000104475], [-83.51087499999355, 41.66007800033067], [-83.51233200001073, 41.66215900024386], [-83.5123930001101, 41.66224099989173], [-83.51247000010298, 41.66234599968936], [-83.51263099976147, 41.66256099985931], [-83.51274299991445, 41.66271899968889], [-83.51290399957294, 41.66289600008243], [-83.51294899977879, 41.66295500010544], [-83.51305099988603, 41.66309400009394], [-83.51353700013284, 41.6638129998935], [-83.51362099979845, 41.663934999929886], [-83.51393200014307, 41.66450699973514], [-83.51424699978732, 41.665246000028404], [-83.51446000022266, 41.66586699997668], [-83.51456900000261, 41.66638699978005], [-83.51463099992687, 41.666804999989274], [-83.5147229999884, 41.66816300028168], [-83.51473300003414, 41.6682779997637], [-83.51479199958537, 41.66944999994883], [-83.51482199972259, 41.67049200020582], [-83.51485500023287, 41.67110800012704], [-83.5148569998827, 41.67147500015811], [-83.5148579997076, 41.671661000250744], [-83.51490499956327, 41.67224100026327], [-83.51498800030225, 41.67325399988638], [-83.5151399997399, 41.67466000031615], [-83.51515599963344, 41.67480799970487], [-83.51516300020445, 41.67487199967969], [-83.51517599972492, 41.67498999986483], [-83.51517800027305, 41.675006999742905], [-83.51519699964132, 41.67527200026122], [-83.51524100002226, 41.67562200032436], [-83.5152519998929, 41.675707999922054], [-83.51540900025174, 41.676933999682426], [-83.51551999968152, 41.67848300003603], [-83.5155769995829, 41.679146000253176], [-83.51561599994096, 41.68020699974689], [-83.51564000023043, 41.680852999975414], [-83.51565699994886, 41.681334999766214], [-83.51569399975878, 41.6823400000158], [-83.5157309995687, 41.68333299978604], [-83.51575300020833, 41.68452499978866], [-83.51574300016257, 41.68473900008053], [-83.51573800013972, 41.68484200020549], [-83.51571899987313, 41.685261000258315], [-83.51566899964442, 41.68553299997846]]}, "properties": {"BASENAME": "280", "MTFCC": "S1100", "NAME": "I- 280", "OBJECTID": 9744, "OID": "1106081417044", "PREDIR": null, "PREDIRABRV": null, "PREQUAL": null, "PREQUALABRV": null, "PRETYP": 344, "PRETYPEABRV": "I-", "RTTYP": "I", "SUFDIR": null, "SUFDIRABRV": null, "SUFQUAL": null, "SUFQUALABRV": null, "SUFTYP": null, "SUFTYPEABRV": null}}, {"type": "Feature", "id": 10087, "geometry": {"type": "LineString", "coordinates": [[-83.54124100037596, 41.61791700020035], [-83.541265999592, 41.6179759997809], [-83.54134699978286, 41.61817400018694], [-83.54144499969215, 41.61847700009951], [-83.54169900013535, 41.61942000025699], [-83.5417850003491, 41.61979899998006], [-83.54181700013615, 41.62000099991479], [-83.54184200025048, 41.6201580001053], [-83.54185499977098, 41.62024000016402], [-83.5419279995659, 41.62075599992655], [-83.54195500022838, 41.621123000135526], [-83.54199600023628, 41.62182200013201], [-83.54200799993185, 41.622392000054205], [-83.54200999958167, 41.622513000072715], [-83.54204300009194, 41.62410699985238], [-83.54204899993972, 41.62453099968115], [-83.5420759997039, 41.62652499980921], [-83.5420899999476, 41.62717999990825], [-83.54212299955957, 41.62878099976265], [-83.5421390003514, 41.63017500025648], [-83.54214199982616, 41.63045299973718], [-83.54214699984902, 41.63085100007571], [-83.54215500024495, 41.631328999829215], [-83.54216199991762, 41.631685000275674], [-83.54217299978829, 41.63234100006804], [-83.54218200000912, 41.63286899989923], [-83.54218399965895, 41.632963000112476], [-83.54224800013135, 41.63336599972317], [-83.54241499963761, 41.634105999859386], [-83.54251699974486, 41.634390999864166], [-83.54258000039236, 41.63456600012605], [-83.54272699980716, 41.63490400005416], [-83.54285999987654, 41.635175000019274], [-83.54290099988442, 41.6352580001523], [-83.54307800033475, 41.63554699989464], [-83.54315899962728, 41.63567999976585], [-83.54333899955233, 41.63591900030856], [-83.54335899964383, 41.635946000027616], [-83.54369699975264, 41.63631899983799], [-83.54389000009648, 41.636505000099575], [-83.54409400031099, 41.636690000144924], [-83.5444759999024, 41.637039000120204], [-83.5452709999457, 41.6377769997155], [-83.54554100028244, 41.63802700014203], [-83.54584400023114, 41.638312000264385], [-83.54618399998975, 41.6386210001179], [-83.54660599976415, 41.63900600031099], [-83.54669600017583, 41.639087999896354], [-83.54754800012053, 41.63986400025452], [-83.54799099981132, 41.640276999949535], [-83.54829299993511, 41.640608999740806], [-83.54837999997375, 41.640697999978535], [-83.5484689996622, 41.64080499989034], [-83.54858699966299, 41.64097700001001], [-83.54864100008966, 41.64105600026631], [-83.5487699999611, 41.64129000028719], [-83.5488489996038, 41.641444999775814], [-83.54897500000051, 41.64177400011843], [-83.5490379997497, 41.641973999813935], [-83.54911399991768, 41.64218100007695], [-83.54919400028363, 41.64262200022947], [-83.54921199982697, 41.642821999978246], [-83.54921900039798, 41.64290299982406], [-83.5492419999642, 41.64310999978795], [-83.54923699994131, 41.643556999747396], [-83.54922699989558, 41.64396600033204], [-83.5492069998041, 41.6443469998869], [-83.54920099995631, 41.64492400024967], [-83.54918099986483, 41.64533099977925], [-83.54913300018426, 41.647246000308556], [-83.54913599965897, 41.6477810001114], [-83.54911300009276, 41.64814899969663], [-83.54907999958249, 41.648665999774764], [-83.54906299986405, 41.64932300006529], [-83.5490660002371, 41.64956000005203], [-83.54908799997841, 41.64984199974148], [-83.54913499983407, 41.65014300022599], [-83.54918000003993, 41.65034700000675], [-83.54918900026074, 41.65038899978271], [-83.54931300010931, 41.65075199991762], [-83.54957199967708, 41.65129700003839], [-83.54989399989235, 41.65176999993683], [-83.55021799975746, 41.65211499968447], [-83.55059299967618, 41.65249200029792], [-83.5513269996201, 41.652976999982], [-83.55157400039063, 41.65314000031115], [-83.55244200022887, 41.653610999924354], [-83.55289999998826, 41.653840000239114], [-83.55407400014823, 41.654426000162616], [-83.55488000006218, 41.65481799970338], [-83.55505300031454, 41.654903000177704], [-83.55650000028601, 41.655559999948956], [-83.55726799966679, 41.65590200004622], [-83.55775800011156, 41.656095999886816], [-83.55914300015874, 41.65664299984378], [-83.56090700032259, 41.657340999897734], [-83.56127999969318, 41.65752199974676], [-83.56169599961979, 41.65772300024749], [-83.56199500026885, 41.65788199988863], [-83.56263700015127, 41.65836499989888], [-83.56283700016779, 41.658565999782034], [-83.56316500023087, 41.658895999952705], [-83.56340600025528, 41.65921299976078], [-83.56357299976155, 41.659498000134086], [-83.56371199967873, 41.659736000261226], [-83.56385300014404, 41.660128999685], [-83.56387499988533, 41.66021399986141], [-83.56395400042638, 41.660523000046936], [-83.56401700017557, 41.66108900012948], [-83.56403499971891, 41.66161300012268], [-83.5640690000541, 41.66264199971843], [-83.56410000001624, 41.66327399994219], [-83.56414600004699, 41.66364799986715], [-83.56416799978831, 41.66377599979831], [-83.56419100025283, 41.66391500002777], [-83.56421999966685, 41.664052000105144], [-83.56428900016212, 41.66423800016985], [-83.56461899987501, 41.664869000250235], [-83.56488300036396, 41.66516799981576], [-83.56505900009107, 41.66533900008103], [-83.565095999901, 41.66537200032717], [-83.56597799998292, 41.665976000156874], [-83.56660700034485, 41.66627300016713], [-83.56734100028879, 41.66659599988836], [-83.56776899991095, 41.66678399975293], [-83.56862400022871, 41.6671599998483], [-83.56978999999276, 41.66767699966535], [-83.57025100012521, 41.66788100027971], [-83.5706090003255, 41.66804500033122], [-83.57076499996113, 41.668116000031596], [-83.57111800013851, 41.66829000010045], [-83.57164200002018, 41.66868500003837], [-83.57199900039554, 41.66906399998378], [-83.5722629999862, 41.66941000020945], [-83.57238000016206, 41.66966099985709], [-83.5725390001707, 41.670004000057574], [-83.57262799985918, 41.670195000198675], [-83.5727070004002, 41.67043000022716], [-83.57286499968565, 41.6708509998177], [-83.57337100002391, 41.67246000012356], [-83.57341299985671, 41.672659000039886], [-83.57352599983464, 41.67319000031576], [-83.57390900014927, 41.67440399986285], [-83.57397899957115, 41.67489200020396], [-83.57405100043948, 41.67566700029986], [-83.574031000348, 41.67589399986048], [-83.57403299999784, 41.67613800021277], [-83.57399299981486, 41.676725000259765], [-83.5738680001414, 41.67734600018758], [-83.57366099955384, 41.67803299976804], [-83.57360000035277, 41.67817200007935], [-83.57328099961224, 41.67889099989415], [-83.57290200039387, 41.67972199983948], [-83.5718760003719, 41.68128399976566], [-83.57181699992235, 41.681383999741854], [-83.57029799998088, 41.683400000223315], [-83.57004199988783, 41.68369999988386], [-83.5692080003848, 41.684544999996575], [-83.56915300013321, 41.684601999749916], [-83.56763800038969, 41.68589799975927], [-83.56649299964373, 41.68670699976462], [-83.5663289996122, 41.68681699978409], [-83.5663000001982, 41.68684000000831], [-83.56604300028023, 41.68700799967602], [-83.5651600003734, 41.6874830000326], [-83.5643870000714, 41.68783900012196], [-83.56375600005966, 41.688102999903506], [-83.56288499984838, 41.68836699994347], [-83.56214099985871, 41.688498999892595], [-83.56091800019324, 41.688551999973846], [-83.56063600016094, 41.68853800029835], [-83.56018199970119, 41.68849400014846], [-83.56004899963179, 41.68847099984469], [-83.55955599971229, 41.68838400031293], [-83.55891399982987, 41.68822599974438], [-83.5584219997353, 41.68808499990711], [-83.55818200043409, 41.68801400009568], [-83.55632600020873, 41.68746600009586], [-83.55562599970166, 41.6872649998722], [-83.55542599968513, 41.68720799979463], [-83.55534200001955, 41.68718400013523], [-83.55494399963628, 41.68710800014847], [-83.55458600033431, 41.687033000311835], [-83.55431000014978, 41.687005000296764], [-83.55388800037541, 41.686954000094254], [-83.55342800006785, 41.6869260000448], [-83.55294099999614, 41.686921000178415], [-83.55244200022887, 41.686944999935925], [-83.5519810000964, 41.68699199985436], [-83.55180299982116, 41.68702499973377], [-83.55099100005943, 41.6871790002889], [-83.5505240000792, 41.6873010003189], [-83.5496720001345, 41.68754200033057], [-83.54892399994688, 41.68774599970453], [-83.54865100013542, 41.68783199987156], [-83.54755300014341, 41.688119999671926], [-83.54653200014431, 41.68836899971095], [-83.54562499994803, 41.68852599971162], [-83.54462800023836, 41.68867800027016], [-83.5439899996556, 41.68875799992555], [-83.54235699991132, 41.68889399991646], [-83.5410959997127, 41.6889910001832], [-83.54024999961578, 41.6890490002313], [-83.5383780003952, 41.6891829998649], [-83.53801900036999, 41.6892100000677], [-83.53445900025523, 41.68947499979181], [-83.53241700025703, 41.6896079996799], [-83.53069999994884, 41.6896950002397], [-83.52880600008862, 41.68977799989304], [-83.52867499966906, 41.689783999734516], [-83.52694999986326, 41.689856999997005], [-83.52389899956152, 41.69002400031363], [-83.52290199985185, 41.690134000028266], [-83.52166599976759, 41.69029600002171], [-83.5204320002315, 41.69043900008274], [-83.5187850002435, 41.69065700022084], [-83.51575300020833, 41.69100900014596], [-83.51569399975878, 41.6910160000506], [-83.51447199991821, 41.691150000282676], [-83.51394899986148, 41.691183000041676], [-83.51276100035614, 41.69131999977491], [-83.51241599967632, 41.691365999678666], [-83.5106199997254, 41.691668000096456], [-83.5103939997696, 41.69170599975542], [-83.51022100041556, 41.69173499990367], [-83.5100349997444, 41.691765999700785], [-83.50855000013811, 41.69204499988551], [-83.50822200007505, 41.69210299986332], [-83.50756699977384, 41.69221900033292], [-83.5064500004136, 41.69240100022014], [-83.50584799981584, 41.692535999733806], [-83.50518199964395, 41.692755999775166], [-83.5045580002032, 41.693039000276926], [-83.50400500000926, 41.69335100029481], [-83.50375200028927, 41.69353899982432], [-83.50285699978853, 41.69427099996483], [-83.50256600043372, 41.694616000053934], [-83.50205599989746, 41.6954590001215], [-83.50182200044405, 41.696075999960875], [-83.50170199989513, 41.696657000032054], [-83.50166599991012, 41.69728800023865], [-83.50167299958281, 41.69811699988918], [-83.50174100025319, 41.699662999914935], [-83.50177899988803, 41.70053599979504], [-83.50181599969795, 41.701391000269815], [-83.50189500023899, 41.70319600030579], [-83.50194700011753, 41.7043889997655], [-83.50194499956937, 41.705366999905586], [-83.50194200009464, 41.70640500029637], [-83.50194200009464, 41.70652500020286], [-83.50194200009464, 41.70661000014085], [-83.50208400038488, 41.71131400007408], [-83.50208900040774, 41.711468000146844], [-83.50209299970737, 41.711610000217966], [-83.50213500043849, 41.7130099997018], [-83.5022490002413, 41.71703899970569], [-83.50228000020344, 41.71789100003567], [-83.5021999998375, 41.718996000272746], [-83.50204599985173, 41.71986300010266], [-83.5019100003076, 41.72023300014023], [-83.50173899970507, 41.720698999718756], [-83.50134399969485, 41.72144399997037], [-83.5008199998132, 41.722211999944314], [-83.50029699975647, 41.72281199988584], [-83.49968400018639, 41.723394000088], [-83.49901200016673, 41.72392299999423], [-83.49865200031661, 41.724178999845144], [-83.49776299966368, 41.724698999754494], [-83.49715900031441, 41.72500800007315], [-83.49619299966858, 41.725404999742146], [-83.49467499955202, 41.72604399982309], [-83.49371300000246, 41.72645199971377], [-83.49286500025573, 41.72692499979969], [-83.49197599960279, 41.72750799990093], [-83.49124699968174, 41.72811100014361], [-83.49076100033324, 41.72857100000085], [-83.49024999997208, 41.729215000033], [-83.48981099958092, 41.72987000031731], [-83.48943099963934, 41.73058900014271], [-83.48924999988938, 41.73111100024186], [-83.48907099978923, 41.73168799994398], [-83.4889770000779, 41.732029000205706]]}, "properties": {"BASENAME": "75", "MTFCC": "S1100", "NAME": "I- 75", "OBJECTID": 10087, "OID": "11096582001", "PREDIR": null, "PREDIRABRV": null, "PREQUAL": null, "PREQUALABRV": null, "PRETYP": 344, "PRETYPEABRV": "I-", "RTTYP": "I", "SUFDIR": null, "SUFDIRABRV": null, "SUFQUAL": null, "SUFQUALABRV": null, "SUFTYP": null, "SUFTYPEABRV": null}}, {"type": "Feature", "id": 11450, "geometry": {"type": "LineString", "coordinates": [[-83.68904400039646, 41.7263930002497], [-83.68904100002341, 41.72630500009608], [-83.6890190002821, 41.72599000016594], [-83.68895200033495, 41.724152999906835], [-83.68895099961172, 41.72410899998724], [-83.68887600016697, 41.721674999741296], [-83.68886600012122, 41.72154100008853], [-83.68874599957232, 41.71988500017899], [-83.6887089997624, 41.71912699997556], [-83.68867199995246, 41.718355000328415], [-83.68865900043198, 41.71795099968986], [-83.68865699988385, 41.717882000183316], [-83.68863299959442, 41.71594399993342], [-83.68859400013464, 41.71522400003017]]}, "properties": {"BASENAME": "223", "MTFCC": "S1100", "NAME": "US Hwy 223", "OBJECTID": 11450, "OID": "1108296488055", "PREDIR": null, "PREDIRABRV": null, "PREQUAL": null, "PREQUALABRV": null, "PRETYP": 640, "PRETYPEABRV": "US Hwy", "RTTYP": "U", "SUFDIR": null, "SUFDIRABRV": null, "SUFQUAL": null, "SUFQUALABRV": null, "SUFTYP": null, "SUFTYPEABRV": null}}, {"type": "Feature", "id": 11451, "geometry": {"type": "LineString", "coordinates": [[-83.6881539999186, 41.71521899968136], [-83.68819400010157, 41.715688999926186], [-83.68820800034528, 41.71585900026695], [-83.68831200010236, 41.71836499986722], [-83.68837400002663, 41.71988700030745], [-83.6885680001954, 41.72387600024602], [-83.68857800024114, 41.7241329999471], [-83.68866399955655, 41.72641800032463]]}, "properties": {"BASENAME": "223", "MTFCC": "S1100", "NAME": "US Hwy 223", "OBJECTID": 11451, "OID": "1108296488056", "PREDIR": null, "PREDIRABRV": null, "PREQUAL": null, "PREQUALABRV": null, "PRETYP": 640, "PRETYPEABRV": "US Hwy", "RTTYP": "U", "SUFDIR": null, "SUFDIRABRV": null, "SUFQUAL": null, "SUFQUALABRV": null, "SUFTYP": null, "SUFTYPEABRV": null}}, {"type": "Feature", "id": 11471, "geometry": {"type": "LineString", "coordinates": [[-83.15401900005214, 41.368530999929995], [-83.15389900040154, 41.36853999999769], [-83.15379100044652, 41.368543000019976], [-83.15374000039289, 41.368543999802654], [-83.15362400004193, 41.36853900021495], [-83.15353600017838, 41.36853499973551], [-83.15333199996388, 41.36852599966712], [-83.15324699957507, 41.368524999884166], [-83.15305999997732, 41.368521999861045], [-83.1512649998513, 41.36849399986331], [-83.15072699972598, 41.36848600024699], [-83.14953500002264, 41.36845999980176], [-83.14904100027825, 41.36844300010138], [-83.14894599984368, 41.36844200031715], [-83.14848399988631, 41.36844099985874], [-83.14844399970335, 41.36844000007448], [-83.14369899955796, 41.36834800030597], [-83.14251100005258, 41.36832499983794], [-83.14200999973717, 41.368314999954315], [-83.14168300039734, 41.368308999888576], [-83.13958199994957, 41.368263000265046], [-83.13939700000165, 41.368258999768685], [-83.13672999983946, 41.36821699993487], [-83.13468199999348, 41.36818499997909], [-83.13365400032167, 41.368162999916095], [-83.1335429999936, 41.36816099966484], [-83.13187300043938, 41.36812600031436], [-83.13043999981332, 41.3680969996825], [-83.12961200015808, 41.36807999988728], [-83.12831999999732, 41.36804400002866], [-83.12790099969764, 41.368035999682874], [-83.12728999977739, 41.36804000019295], [-83.12524399958122, 41.367993999705114], [-83.12112199994996, 41.367921999872785], [-83.12105599982773, 41.36792100008055], [-83.11900499960869, 41.36788100028852], [-83.11763899982809, 41.36785900012273], [-83.11710700044884, 41.367849999960825], [-83.11704600034949, 41.36784900016748], [-83.11693099982344, 41.36784600011319], [-83.11610200034328, 41.36782499972929], [-83.11285900042091, 41.36775700023746], [-83.11268799981836, 41.3677500003254], [-83.11266199987911, 41.367748999856396], [-83.11262800044223, 41.3677480000615], [-83.11233999966383, 41.36773700029414], [-83.11192700011027, 41.36770999975406], [-83.11110399957957, 41.367642999938575], [-83.11076999966872, 41.36760299997559], [-83.11060300016246, 41.36758299998492], [-83.11013799983206, 41.36752699984338], [-83.10790000001526, 41.36721999969185], [-83.10765999981577, 41.36718700011639], [-83.10739600022512, 41.36715099976371], [-83.10726200033079, 41.367132999916976], [-83.1061840004303, 41.366984999714866], [-83.10215999981003, 41.36643400010711], [-83.10100999993949, 41.36626599994206], [-83.10076700026525, 41.36622800011747], [-83.10072999955702, 41.36622199985926], [-83.10071600021162, 41.366220000222526], [-83.09974500044123, 41.366068000009335], [-83.09755899960467, 41.36576899966698], [-83.09333999988905, 41.36518499995806], [-83.09269800000665, 41.36509800015891], [-83.09214700036082, 41.36502400014525], [-83.09210100033008, 41.36501799977601], [-83.09200800044364, 41.36500499987306], [-83.09159099979381, 41.36493300010412], [-83.09124199981436, 41.36488099973457], [-83.09086799972053, 41.36484500012854], [-83.09053700018275, 41.36479800023842], [-83.09023599988386, 41.36475600019308], [-83.08969399956057, 41.36466200025033], [-83.0893579999999, 41.36459000010186], [-83.0890269995638, 41.36450499987089], [-83.08870199987379, 41.36440800002689], [-83.08848299959067, 41.364333000055325], [-83.08838399985646, 41.364298999842], [-83.08807400023505, 41.36417799993013], [-83.08775799986756, 41.36404199999458], [-83.08745200044413, 41.36389099994139], [-83.08730199975798, 41.363810000241756], [-83.08701499970282, 41.36364000032784], [-83.08674299971625, 41.36345800029268], [-83.08655799976832, 41.36332600032653], [-83.08642499969893, 41.363203000224345], [-83.08592799958147, 41.362844999793246], [-83.08577500031892, 41.36273800010512], [-83.08539200000426, 41.36247100005309], [-83.08444999964787, 41.36184499983529], [-83.08404100029227, 41.36155400011039], [-83.08252700037367, 41.36048700009988], [-83.08245899970329, 41.36043700003741], [-83.0823750000377, 41.36037399978267], [-83.08229499967176, 41.36031700027019], [-83.08126500035014, 41.35959300003668], [-83.08068700004183, 41.35913100020043], [-83.07987100008215, 41.35858100010066], [-83.07896300006094, 41.35796900013133], [-83.0784879996848, 41.357627999734156], [-83.07842400011069, 41.35758199997687], [-83.07839899999632, 41.35756300022888], [-83.07802800027557, 41.35728600029193], [-83.07763900011314, 41.3569830002134], [-83.07720599956978, 41.3566089998248], [-83.07674399961242, 41.35618599999928]]}, "properties": {"BASENAME": "Bypass", "MTFCC": "S1100", "NAME": "Bypass Hwy", "OBJECTID": 11471, "OID": "1108296490772", "PREDIR": null, "PREDIRABRV": null, "PREQUAL": null, "PREQUALABRV": null, "PRETYP": null, "PRETYPEABRV": null, "RTTYP": "M", "SUFDIR": null, "SUFDIRABRV": null, "SUFQUAL": null, "SUFQUALABRV": null, "SUFTYP": 322, "SUFTYPEABRV": "Hwy"}}, {"type": "Feature", "id": 11472, "geometry": {"type": "LineString", "coordinates": [[-83.07648699969447, 41.356227000209486], [-83.07691799968968, 41.35662300002231], [-83.07763400009027, 41.35722199972746], [-83.07799899996326, 41.357511000038514], [-83.07837399988196, 41.35779000026229], [-83.07840499984411, 41.3578119997868], [-83.07847599998924, 41.35786299978991], [-83.07906000014532, 41.35828099980348], [-83.07990299986919, 41.35887699996449], [-83.07996399996856, 41.3589140001057], [-83.08122500016718, 41.359803999714515], [-83.08212700034058, 41.36043299973409], [-83.08219400028773, 41.3604790001734], [-83.08228899982397, 41.36055399986713], [-83.08235099974827, 41.36060200003029], [-83.08237800041076, 41.36062300004843], [-83.08265399969696, 41.36082099969349], [-83.08420600014871, 41.36191099966835], [-83.08427399992078, 41.36195900017911], [-83.08516299967539, 41.362611000070544], [-83.08568499990723, 41.36298600022262], [-83.0864160003764, 41.36349899996713], [-83.08677700005144, 41.36371999970812], [-83.0872249997651, 41.36398899973451], [-83.0876900000955, 41.36423500010606], [-83.0882109996041, 41.364446000240164], [-83.08848000011592, 41.36453499992541], [-83.08864300032255, 41.36459900004049], [-83.0889439997231, 41.36473400031906], [-83.089028000287, 41.36475700003395], [-83.0892459998469, 41.36480300011359], [-83.08944000001567, 41.364837999903195], [-83.08986299961497, 41.36490899993872], [-83.0906040001299, 41.36502199979749], [-83.09273999983944, 41.36529499983982], [-83.09368399984564, 41.365406000040664], [-83.09704200029405, 41.365864999680866], [-83.09812199984438, 41.36601999983271], [-83.09882400000124, 41.3661069997475], [-83.10005199968958, 41.36626800025157], [-83.10069500029523, 41.366360000264436], [-83.10177300019575, 41.36648500009546], [-83.10336599975706, 41.36668700002676], [-83.10465899974272, 41.366864999886985], [-83.1050379998594, 41.366921999731666], [-83.1061559999429, 41.3670770000623], [-83.10678600012973, 41.36716499971597], [-83.10723499966831, 41.36722500005509], [-83.10738399963122, 41.36724500015586], [-83.107621000356, 41.36727699989977], [-83.10786400003025, 41.36730900030214], [-83.10824200032202, 41.367358999803784], [-83.10928300041262, 41.36750600003069], [-83.11111100015057, 41.36773700029414], [-83.11146099995494, 41.367787000141], [-83.11181300030745, 41.36782699999086], [-83.11248299977895, 41.3678790000286], [-83.11262900026713, 41.36788999977196], [-83.11266000022928, 41.367892000031546], [-83.11287899961408, 41.36790899987584], [-83.11291499959908, 41.36791100013483], [-83.11347500036405, 41.36794000017542], [-83.11569700028733, 41.36798500023607], [-83.11655199970676, 41.36802299970871], [-83.11705300002218, 41.368012999778664], [-83.11710700044884, 41.368011999987836], [-83.11764999969876, 41.36802199991802], [-83.11804200023421, 41.368028000010185], [-83.11853500015373, 41.368037000147474], [-83.11942700028139, 41.368059000253076], [-83.1210600000257, 41.36808900001736], [-83.12364099997414, 41.36813700001596], [-83.12717699979946, 41.36820600024681], [-83.12784999964404, 41.368219999972055], [-83.12824200017951, 41.36822699983356], [-83.13043700033859, 41.368270999908795], [-83.13061200024076, 41.36827399994348], [-83.13179499972325, 41.36829800021606], [-83.13187000006634, 41.3682990000025], [-83.13274600030049, 41.36831199992152], [-83.13467699997061, 41.36834999987735], [-83.136745999733, 41.368387999810935], [-83.13865399983689, 41.36842299969471], [-83.13943499963649, 41.368458000233765], [-83.13957799975161, 41.368465000069655], [-83.1399150000355, 41.36848000019701], [-83.14048199957485, 41.36848000019701], [-83.14092799963869, 41.36846599985353], [-83.14201800013308, 41.36848700003054], [-83.14572100036298, 41.36855899991175], [-83.1468429997461, 41.36857600025599], [-83.14770399991164, 41.36859699972332], [-83.14843399965761, 41.36860599978189], [-83.14847499966548, 41.36860599978189], [-83.14902600020963, 41.36862099987674], [-83.15137899965413, 41.36866799970204], [-83.15330799967444, 41.368700999874704], [-83.1535090004142, 41.368703999889576], [-83.1537699996318, 41.368709000138765], [-83.15397800004426, 41.36871299993333], [-83.15615200028694, 41.36875800013346], [-83.15629299985393, 41.36874600008312]]}, "properties": {"BASENAME": "Bypass", "MTFCC": "S1100", "NAME": "Bypass Hwy", "OBJECTID": 11472, "OID": "1108296490788", "PREDIR": null, "PREDIRABRV": null, "PREQUAL": null, "PREQUALABRV": null, "PRETYP": null, "PRETYPEABRV": null, "RTTYP": "M", "SUFDIR": null, "SUFDIRABRV": null, "SUFQUAL": null, "SUFQUALABRV": null, "SUFTYP": 322, "SUFTYPEABRV": "Hwy"}}, {"type": "Feature", "id": 12126, "geometry": {"type": "LineString", "coordinates": [[-82.7591919999752, 41.4183289998509], [-82.75823000042566, 41.41747199973867], [-82.75634300023815, 41.4157900000721], [-82.75558199963173, 41.41510699968443], [-82.75534499980527, 41.41490499991683], [-82.7550100000695, 41.4146200002802], [-82.75434600044579, 41.41409400001212], [-82.75432299998126, 41.41407700011427], [-82.75425400038428, 41.41402799990825], [-82.75423099991976, 41.41401199975049], [-82.75363800044111, 41.413585000231556], [-82.75323199966195, 41.4133189998302], [-82.75284400022275, 41.41307599983105], [-82.75277200025272, 41.413030999980975], [-82.7523980001589, 41.41280700003888], [-82.7520170003924, 41.41258999980051], [-82.75157899982618, 41.41235400027071], [-82.75113399958725, 41.41212600019617], [-82.75073299972927, 41.41193000000067], [-82.75032600002348, 41.411742000247514], [-82.74985999986815, 41.41153900032593], [-82.74933599998651, 41.41132199989418], [-82.74832000001028, 41.41092300014248], [-82.746835000404, 41.410340000111006], [-82.74676300043397, 41.41031199992694], [-82.74638799961694, 41.41016400029371], [-82.74526299986076, 41.40972199969149], [-82.74488899976694, 41.409574999887234], [-82.74477599978904, 41.40953100013324], [-82.74443699985532, 41.40939900001874], [-82.74432399987741, 41.409355000145496], [-82.74425000025758, 41.409325999707505], [-82.74402799960141, 41.40923899966322], [-82.74395499980648, 41.40921099967845], [-82.74309700001399, 41.408876000103234], [-82.74052399956315, 41.407873000149806], [-82.73966699959557, 41.407539000270134], [-82.73923399995053, 41.4073699999673], [-82.73793500011708, 41.4068629997901], [-82.73750300029695, 41.406695000293965], [-82.73715699979222, 41.406560000191554], [-82.73713800042397, 41.40655299973937], [-82.73612099972449, 41.40615199991403], [-82.73577599994302, 41.40601600015057], [-82.73573400011021, 41.40599900016015], [-82.73560900043674, 41.405949999924985], [-82.73556800042887, 41.405933999798926], [-82.73426600022236, 41.40542199974932], [-82.73322599995669, 41.40501299984175], [-82.73035600030322, 41.40389700004219], [-82.72913799976233, 41.40342399971127], [-82.72905300027182, 41.40339100031184], [-82.7286659997592, 41.40323999996719], [-82.72757600016314, 41.40285500012442], [-82.72692199968684, 41.40262499986502], [-82.72550499985262, 41.40217800016131], [-82.72399900032993, 41.40174799983759], [-82.72306199999642, 41.40150700025627], [-82.7224350001826, 41.40134700000706], [-82.72153399983412, 41.40114399994937], [-82.72050799981214, 41.40091199978078], [-82.71928299959855, 41.40065900024158], [-82.7190419995741, 41.40061599980378], [-82.71864300026427, 41.40054500033505], [-82.71805900010816, 41.40045000026021], [-82.71741300002778, 41.40035799994893], [-82.7158239997661, 41.400147999702696], [-82.71517400038607, 41.40007199986348], [-82.71452300028282, 41.40000599966504], [-82.71369200025453, 41.399934000229685], [-82.71291899995255, 41.39987599969064], [-82.71214400000073, 41.3998270002289], [-82.7114510000647, 41.39979399967673], [-82.71142900032338, 41.39979299970057], [-82.7104729997233, 41.399759999804985], [-82.70969699994659, 41.399741000245456], [-82.70897999972108, 41.39973099980122], [-82.70890500027633, 41.39973099980122], [-82.70843800029611, 41.39973199977834], [-82.70832299977005, 41.39973299975544], [-82.7070380001803, 41.39975000003752], [-82.70657200002499, 41.39975699987493], [-82.70641499966617, 41.3997589998283], [-82.70357199977687, 41.399821999676675], [-82.70259599998361, 41.3998439998126], [-82.70169899983308, 41.399857000165035], [-82.70099599985129, 41.399857000165035], [-82.70092100040652, 41.39985800014021], [-82.7001439999066, 41.39984899968929], [-82.69930700003052, 41.3998270002289], [-82.69859099962993, 41.39979900023113], [-82.69787500012765, 41.39976199975832], [-82.69698100035016, 41.39970399973963], [-82.69632699987388, 41.39965300019158], [-82.69561399984634, 41.39958600026213], [-82.6946670003654, 41.39948700020974], [-82.69458799982438, 41.39947699972642], [-82.69395699981261, 41.399403999722864], [-82.69324999963287, 41.399310999968826], [-82.69254500000126, 41.39921000020112], [-82.69178500011807, 41.39908899986581], [-82.69161799971347, 41.39906000023649], [-82.69079300043128, 41.398918999832695], [-82.69035300021521, 41.39884099992243], [-82.6875920003417, 41.39835399987741], [-82.68655899974873, 41.39817999993951], [-82.68644099974796, 41.39815999991684], [-82.685782999972, 41.39804999968193], [-82.68529300042556, 41.39797300008056], [-82.68514000026468, 41.397948999976144], [-82.68425900000766, 41.3978229999564], [-82.6834940001016, 41.397720999889806], [-82.68334599996358, 41.39770299974252], [-82.68290400009772, 41.39765199997201], [-82.68207499971923, 41.39756799982676], [-82.68130300014047, 41.397498999746546], [-82.68047100028726, 41.39743400031695], [-82.6796369998859, 41.3973820003221], [-82.67892200020856, 41.39734399980712], [-82.67820599980799, 41.397318000115824], [-82.6774889995825, 41.397300999871455], [-82.6774679996661, 41.39729999985694], [-82.67659300015518, 41.39729099972565], [-82.67575700010399, 41.39729099972565], [-82.67550400038401, 41.39729399976953], [-82.6751589997042, 41.3972989998424], [-82.6746580002871, 41.39731500007304], [-82.67396500035105, 41.397337999723774], [-82.67330900022493, 41.39736700012145], [-82.67235599999789, 41.39742200016628], [-82.67212199964617, 41.39743699968035], [-82.671581999871, 41.397475000140965], [-82.6712789999223, 41.397499999758004], [-82.67103000040025, 41.39751999998383], [-82.67069099956824, 41.39754800028959], [-82.6702870002355, 41.397593000081905], [-82.6700400003633, 41.397620999682395], [-82.6693709998184, 41.39769699969232], [-82.66822000012296, 41.397850000125565], [-82.66719800029894, 41.39801300023494], [-82.66593000042762, 41.398215999964876], [-82.66272699978992, 41.39881500015613], [-82.65976300042512, 41.39937900016432], [-82.65873300020519, 41.399571999875874], [-82.65591399970704, 41.400101999686505], [-82.65588399956981, 41.40010700021719], [-82.65579300023154, 41.40012399972759], [-82.6557639999192, 41.400130000227584], [-82.6544259997277, 41.4003809998705], [-82.65225900005602, 41.400788999997324], [-82.65162100037158, 41.4009139996986], [-82.65148300027931, 41.400940999931386], [-82.65041000040166, 41.401116999800976], [-82.6502639999135, 41.40114200003857], [-82.64906499963915, 41.40132700028514], [-82.64900799973773, 41.40133399995269], [-82.64884100023149, 41.40136100001092], [-82.648785000155, 41.401363999866945], [-82.64843399962739, 41.4014099996637], [-82.64832499984745, 41.40142299970291], [-82.647975999868, 41.401466000280514], [-82.64698199963307, 41.40157999991906], [-82.64694300017334, 41.40158399971363], [-82.64648200004086, 41.40163499976773], [-82.64608299983271, 41.40167800020506], [-82.64567299975387, 41.40172299983308], [-82.64488899958126, 41.40180999983414], [-82.6444910000963, 41.40185500004459], [-82.64234699999083, 41.40209299986068], [-82.64154899957451, 41.40218199991908], [-82.63851499988951, 41.4025200001205], [-82.63638400020284, 41.4027529998696], [-82.63272500035387, 41.40315900007946], [-82.629783999657, 41.40348700004951], [-82.6282780001343, 41.40365499975457], [-82.62698099995069, 41.403795000075405], [-82.62626500044841, 41.403873000104056], [-82.62484600006607, 41.40403599993075], [-82.62354399985955, 41.40417500019579], [-82.61886999985927, 41.404698000220584], [-82.61857500030649, 41.40472999972988], [-82.6157730004251, 41.40503600013719], [-82.61354300010592, 41.40527999978159], [-82.6132040001722, 41.40531699980781], [-82.61123599979382, 41.405538000308844], [-82.6100509997632, 41.405663000308145], [-82.60933799973567, 41.40572699970804], [-82.60862300005833, 41.40578100020545], [-82.60790800038097, 41.40582599968731], [-82.6070720003298, 41.40586599972463], [-82.60641500037876, 41.40588899971809], [-82.60557799960436, 41.40590900005733], [-82.60547899987016, 41.405909999939375], [-82.60485999955397, 41.40591699978705], [-82.60408200012742, 41.405914000141166], [-82.60336400007701, 41.40590100032666], [-82.60289600027188, 41.405886000070964], [-82.60228799982633, 41.40586700028114], [-82.60169799982248, 41.405840999956865], [-82.60151200004961, 41.40583400010105], [-82.6007360002729, 41.405790999718675], [-82.60008099997168, 41.40574600021259], [-82.59930799966972, 41.405681000272104], [-82.59859700019032, 41.40561200004641], [-82.59811599996638, 41.40555800008234], [-82.5978859998126, 41.40553300019606], [-82.59692699973778, 41.4054139999587], [-82.59685599959268, 41.40540500027728], [-82.59664300005566, 41.40537799987792], [-82.59657299973546, 41.405370000081874], [-82.59597799970871, 41.40528099967333], [-82.59550700042882, 41.405209000018225], [-82.59458799963866, 41.405069000048755], [-82.59341799967665, 41.40484999977069], [-82.59232999973041, 41.40462300021406], [-82.5920760001855, 41.404570000004476], [-82.5912800003173, 41.40438299974613], [-82.59103099989694, 41.404324999808914], [-82.58977300007138, 41.40400499999106], [-82.58971500034505, 41.40399099988305], [-82.58853799981203, 41.403669999851495], [-82.58779499964727, 41.40344400013544], [-82.58672099994472, 41.40309400024626], [-82.58593000009938, 41.40282400029513], [-82.58533000004977, 41.40260900026786], [-82.5851149999646, 41.402532999937605], [-82.5838749996824, 41.40206700004776], [-82.58366700016826, 41.40198899987272], [-82.58304500037733, 41.40175700002552], [-82.58283799978977, 41.40168000009936], [-82.58262299970461, 41.40159900028861], [-82.58227600027331, 41.40147000008206], [-82.58197900017238, 41.401361999962965], [-82.58176400008723, 41.401284000289394], [-82.58036200032161, 41.400755999933644], [-82.57842300025557, 41.40002699976607], [-82.5780530003597, 41.39987900028906], [-82.57774100019017, 41.399744000176305], [-82.57748799957187, 41.39962300016134], [-82.5771930000191, 41.39946799989654], [-82.57695500036772, 41.399331000311214], [-82.5767229996658, 41.39918699986514], [-82.57650099990796, 41.39903499987177], [-82.57630099989142, 41.39888500017704], [-82.57628900019586, 41.39887600026525], [-82.57608699963117, 41.398709000327464], [-82.57589500001055, 41.39853599998778], [-82.57571400026059, 41.39835599987395], [-82.57554199983313, 41.39817099993008], [-82.57538000034974, 41.397981000113425], [-82.57525499977797, 41.39781999993688], [-82.57497600011871, 41.397407999987784], [-82.57496000022518, 41.39738300033536], [-82.57484800007218, 41.39717299991025], [-82.57474799961477, 41.39696000009521], [-82.57468099966759, 41.39678799983956], [-82.5746100004208, 41.39657200003349], [-82.57458899960609, 41.396495000028885], [-82.57455000014635, 41.39635200006715], [-82.57449999991765, 41.39613099999754], [-82.57445300006196, 41.3958620001308], [-82.574412999879, 41.39554599991241], [-82.57438500028991, 41.39522900013301], [-82.57436400037352, 41.39481900003877], [-82.57432300036564, 41.393531000276774], [-82.5742930002284, 41.392537000124214], [-82.57428700038062, 41.39233699977814], [-82.57427700033487, 41.39205300030515], [-82.57422799993107, 41.390601000118586], [-82.57421200003755, 41.390118000163255], [-82.57420299981672, 41.38987800004391], [-82.5741790004256, 41.389157999761544], [-82.57417100002968, 41.38891900028546], [-82.57413699969449, 41.38792400022031], [-82.57405800005176, 41.38558399973866], [-82.57403799996028, 41.38493999985426], [-82.57400799982304, 41.383945999776756], [-82.57400399962508, 41.38382800000083], [-82.57399600012748, 41.38361400004365], [-82.57396199979229, 41.38261500006295], [-82.57382600024818, 41.37862399984085], [-82.57380100013381, 41.37788400011928], [-82.57377699984436, 41.37747999973152], [-82.5737579995778, 41.377294999695664], [-82.57374900025528, 41.37721100020893], [-82.57370700042249, 41.376934999975916], [-82.57365100034598, 41.3766840001271], [-82.57358799969847, 41.37639900002678], [-82.57348099956835, 41.376022999991925], [-82.57328499974979, 41.375486999942176], [-82.57302799983182, 41.37493600021073], [-82.57302000033422, 41.37491700013674], [-82.57280100005111, 41.37453500013265], [-82.57270800016468, 41.374406000145115], [-82.57269499974589, 41.374388000283304], [-82.57265600028616, 41.374333999993816], [-82.57264399969226, 41.37431699980603], [-82.57246499959213, 41.374068999733545], [-82.57205600023653, 41.37357700029221], [-82.57162299969318, 41.373110999771264], [-82.57121299961435, 41.37270200013062], [-82.57095999989436, 41.37248599984645], [-82.57019199961525, 41.37192100003709], [-82.56990899975803, 41.37174299985262], [-82.56970899974148, 41.37161700027601], [-82.56934999971628, 41.37142599996554], [-82.56908000027785, 41.37129199982947], [-82.56868899956729, 41.37109800000874], [-82.56814999961703, 41.370862000134885], [-82.56777200022358, 41.37072399984059], [-82.56762900010845, 41.37067200005433], [-82.56717999967157, 41.37052500023923], [-82.5667600004453, 41.37040300001662], [-82.56613699993116, 41.37025900021103], [-82.565520999988, 41.370140999870586], [-82.56506200040369, 41.37007900000583], [-82.56456799976097, 41.37002000003618], [-82.56418600016956, 41.36998199970747], [-82.5637040001207, 41.369947999749314], [-82.56358100009705, 41.36994499979181], [-82.562155000042, 41.36991699973239], [-82.56161400044192, 41.36990700009346], [-82.56045799982529, 41.3698920002951], [-82.55933600044214, 41.369879000017626], [-82.55536899972329, 41.369811999739206], [-82.55443700031095, 41.36979699991895], [-82.55367300022981, 41.369787000261574], [-82.55312199968569, 41.36977900013007], [-82.55290800032375, 41.36977499972688], [-82.55197299964007, 41.369757999695985], [-82.54708899957748, 41.36967300014886], [-82.54687299966741, 41.36966899973914], [-82.5451739998009, 41.36964299976667], [-82.54514899968653, 41.36964200000089], [-82.54507599989161, 41.369641000235035], [-82.54505199960214, 41.369641000235035], [-82.54501599961715, 41.369639999795105], [-82.5449079996621, 41.36963800026343], [-82.54487300040033, 41.36963800026343], [-82.54364900001163, 41.36961899999026], [-82.54229199955354, 41.369598000178634], [-82.53997799956879, 41.3695570003022], [-82.53949999971789, 41.36954900014243], [-82.53875499990332, 41.36952699986648], [-82.5386689996896, 41.369523999889566], [-82.53729399968816, 41.36944700021008], [-82.53646199983496, 41.36938999988081], [-82.53627400041228, 41.36937199997932], [-82.53435999956227, 41.36919700022826], [-82.533283000385, 41.36908100020708], [-82.52885399970877, 41.36863800020473], [-82.52638099971534, 41.368390999840244], [-82.52531100021076, 41.36828300004674], [-82.52210099990035, 41.36795900026475], [-82.52103200022069, 41.36785099975415], [-82.5205750002862, 41.36780499980681], [-82.51920600013254, 41.367666999769725], [-82.51875000002298, 41.36762200016332], [-82.51858699981635, 41.36760500024399], [-82.51850399997566, 41.367596999844224], [-82.51843299983057, 41.36758999991495], [-82.5180980000948, 41.36755600005512], [-82.5179349998882, 41.367539999916644], [-82.5170620000271, 41.36745200009598], [-82.51677800034496, 41.36742400031195], [-82.5149420002111, 41.36724399967903], [-82.51444400026871, 41.36720400014494], [-82.51357100040761, 41.36713500019983], [-82.51228699974446, 41.3670660001815], [-82.51220899992666, 41.3670630000911], [-82.51166800032658, 41.367043999740126], [-82.51063300008377, 41.367018999873075], [-82.50915099995223, 41.36701000026917], [-82.50843399972672, 41.36702100015944], [-82.50811800025755, 41.367029999761826], [-82.50759799967555, 41.36704600002572], [-82.50688200017329, 41.367077999867504], [-82.5067559997766, 41.36708499985186], [-82.50580799957243, 41.36713500019983], [-82.50557499994392, 41.36714799967724], [-82.50270600011538, 41.3673109999054], [-82.50203499992064, 41.36735300032406], [-82.5008559997378, 41.36742800018552], [-82.49953799963777, 41.367502000161906], [-82.4987450001426, 41.3675469998513], [-82.49558599988583, 41.367714000284245], [-82.49452800007681, 41.367770000264784], [-82.49436900006816, 41.367774999911575], [-82.49426899961072, 41.367778999763566], [-82.49281800033962, 41.36782600019718], [-82.49252200006362, 41.36783600015595], [-82.4906120003099, 41.36785900012273], [-82.48846599965631, 41.367849999960825], [-82.4870150003852, 41.36784500031979], [-82.48636400028197, 41.36784200026531], [-82.48441400034527, 41.36783499968821], [-82.48409999962759, 41.36783499968821], [-82.48376400006693, 41.36783399989465], [-82.48268299979337, 41.36782900025239], [-82.47944200041916, 41.367816000236864], [-82.47836199997047, 41.367811999712956], [-82.47704200022066, 41.36780600027501], [-82.4730820000728, 41.36779000019801], [-82.47271399982677, 41.36778899972957], [-82.47176300014786, 41.36778499987819], [-82.47105000012034, 41.36778199982095], [-82.47074299997367, 41.36778100002656], [-82.46891299968757, 41.367777999969135], [-82.46870900037138, 41.367777999969135], [-82.46820100038327, 41.36777300032257], [-82.46673799961998, 41.36775800003222], [-82.46617000025573, 41.367754999973776], [-82.46464700011629, 41.367748999856396], [-82.46321100001549, 41.36774700026654], [-82.46007699987308, 41.36772999970574], [-82.45804699957043, 41.367719999730674], [-82.45756200004685, 41.367716999670435], [-82.45748300040414, 41.367716999670435], [-82.45611000005253, 41.36770599989783], [-82.45603700025758, 41.36770599989783], [-82.45562600035386, 41.367705000102276], [-82.45336500007254, 41.36769999977592], [-82.4526870002051, 41.36770800016306], [-82.45215099972958, 41.367724000260225], [-82.4521230001405, 41.367725000055486], [-82.45160599993156, 41.3677500003254], [-82.45110799998918, 41.3677830002895], [-82.45046699993166, 41.36784500031979], [-82.4499410004002, 41.3679080000834], [-82.44941199959737, 41.36797799967435], [-82.448885000241, 41.36805799978877], [-82.44830299973472, 41.36815699983633], [-82.44778200022614, 41.36825700019451], [-82.44720700029087, 41.36838000018159], [-82.4466950001048, 41.368500999695335], [-82.44618600029176, 41.36863200016882], [-82.44579399975629, 41.36874000005712], [-82.4453500002406, 41.36887300027881], [-82.44485499977296, 41.36903000023111], [-82.4443650002265, 41.36919800000089], [-82.44393500005619, 41.36935499984308], [-82.4434570002053, 41.369538999772764], [-82.44303700008074, 41.36971099998389], [-82.44257000010052, 41.36991099981438], [-82.44221299972513, 41.37007500029523], [-82.44198099992155, 41.37018599975715], [-82.4417599999886, 41.37029300000664], [-82.44131300009985, 41.37051799995083], [-82.44057999998083, 41.37090599977643], [-82.43888199993921, 41.37181700031417], [-82.43872299993055, 41.371901000025524], [-82.43824900027764, 41.3721559997127], [-82.43814600034547, 41.372211999914605], [-82.43809100009389, 41.37224000033454], [-82.43785000006946, 41.37236399993072], [-82.4370509998282, 41.37279199970028], [-82.43510300043965, 41.37383700000576], [-82.43394000015032, 41.37446199975831], [-82.43290400008262, 41.375019000256025], [-82.43220399957555, 41.37539500002783], [-82.4320529999628, 41.375476000135144], [-82.4307349998628, 41.37618600022907], [-82.42987100022253, 41.37665299994963], [-82.42950100032668, 41.37684999969516], [-82.42865000020689, 41.3773070001913], [-82.42756999975823, 41.377910999807156], [-82.4266319995998, 41.37841299985104], [-82.4211319995941, 41.38136000030454], [-82.42054599978817, 41.381674000219405], [-82.41851899985858, 41.38276299975538], [-82.41808100019067, 41.38299699979317], [-82.4167680001135, 41.38370299979327], [-82.4163310002705, 41.383939000258714], [-82.41576100035812, 41.384243999937], [-82.41560300017436, 41.38433000020429], [-82.41405200044584, 41.385161999754075], [-82.41348300035835, 41.38546799995834], [-82.41199000035616, 41.386269000136835], [-82.40751200017444, 41.38867300024833], [-82.40651700011462, 41.38920799999198], [-82.40601900017224, 41.38947400003238], [-82.40593299995851, 41.38951900002275], [-82.40567500021565, 41.389658000335615], [-82.40558999982683, 41.38970400033004], [-82.40359300003448, 41.39077199978261], [-82.40250699973805, 41.3913540000571], [-82.39818699974008, 41.39367100016864], [-82.39663400036173, 41.394513000041805], [-82.39429500026262, 41.39576599991126], [-82.3938990004275, 41.39596799988555], [-82.39354500042515, 41.396137000192304], [-82.39323599973036, 41.396273999771616], [-82.39281599960579, 41.39644800009501], [-82.39238899980853, 41.39661199970232], [-82.39201100041508, 41.396748000279025], [-82.39162800010041, 41.39687599972951], [-82.3912950000145, 41.396977999774386], [-82.3909019996541, 41.397087999802025], [-82.39056199989547, 41.397173999926714], [-82.390104999961, 41.39728100025212], [-82.38991499999018, 41.39732100015851], [-82.38970099972994, 41.397366000107944], [-82.38929400002417, 41.39744199974222], [-82.38894300039489, 41.397498999746546], [-82.38853099976792, 41.397555999700884], [-82.38811700038946, 41.397605000200954], [-82.38770099956454, 41.397644999907946], [-82.38728399981301, 41.39767500017741], [-82.38692599961273, 41.39769200032395], [-82.38650700021138, 41.397700999725885], [-82.38634700037781, 41.397700999725885], [-82.38590799998667, 41.39770299974252], [-82.38333700008396, 41.39769200032395], [-82.38124499985705, 41.39768800028989], [-82.3793910001798, 41.39767900021227], [-82.37789599962947, 41.39767800020357], [-82.37556499992625, 41.397670000133466], [-82.37197100037461, 41.39765900003539], [-82.37052900042603, 41.39765299998112], [-82.36724499959747, 41.39764099987094], [-82.36650599963069, 41.3976469999263], [-82.3662040004052, 41.39765900003539], [-82.36587899981689, 41.397673000159855], [-82.36547899978379, 41.397705999767446], [-82.36476800030441, 41.39778099967091], [-82.36470300000707, 41.39778799972038], [-82.36462099999132, 41.39780099981021], [-82.36418199960016, 41.39787200025516], [-82.36317300019495, 41.398077999759366], [-82.36268600012325, 41.39819099994941], [-82.36232399972498, 41.39827599996287], [-82.36169600008625, 41.39846400027161], [-82.36131199994671, 41.3985899997226], [-82.36093299983003, 41.398723000225715], [-82.36055999956112, 41.398863999707004], [-82.36013899961164, 41.39903499987177], [-82.3597770001117, 41.399192999777775], [-82.35942200028447, 41.399358999836764], [-82.35897399967251, 41.39958300032399], [-82.35789099974912, 41.40014599976125], [-82.35754099994475, 41.40031999982632], [-82.357234999623, 41.40046099988585], [-82.35692099980363, 41.40059399992924], [-82.35682299989435, 41.40063099992842], [-82.35660100013651, 41.400717000081755], [-82.3562760004465, 41.400832000320605], [-82.35594599983528, 41.40093900001434], [-82.35561100009954, 41.40103799987634], [-82.35521500026441, 41.40114299999397], [-82.35487200013274, 41.401223999699305], [-82.35479299959171, 41.4012400003113], [-82.3545239999782, 41.401292999867735], [-82.35417400017383, 41.40135500029843], [-82.35388000044597, 41.401399000198666], [-82.35346600016918, 41.40144999972417], [-82.35299099979301, 41.40149800003373], [-82.35233700021504, 41.40155200000271], [-82.35037200020973, 41.401697999819], [-82.34824700037085, 41.40186500016198], [-82.3469140002022, 41.4019610001326]]}, "properties": {"BASENAME": "2", "MTFCC": "S1100", "NAME": "State Rte 2", "OBJECTID": 12126, "OID": "1108296484863", "PREDIR": null, "PREDIRABRV": null, "PREQUAL": null, "PREQUALABRV": null, "PRETYP": 586, "PRETYPEABRV": "State Rte", "RTTYP": "S", "SUFDIR": null, "SUFDIRABRV": null, "SUFQUAL": null, "SUFQUALABRV": null, "SUFTYP": null, "SUFTYPEABRV": null}}, {"type": "Feature", "id": 12144, "geometry": {"type": "LineString", "coordinates": [[-82.34691900022507, 41.402177000221826], [-82.3482570004166, 41.40207800007355], [-82.35291799999808, 41.40173599980968], [-82.35333200027488, 41.40169899976585], [-82.35374200035368, 41.401641000128194], [-82.353904999662, 41.40163000002843], [-82.35409700018093, 41.40160300008197], [-82.35450499971164, 41.40153400024263], [-82.35485100021634, 41.40146700023094], [-82.3549890003086, 41.40143699969035], [-82.3551299998756, 41.4014049999071], [-82.355194000348, 41.40139199986428], [-82.35553400010664, 41.401307999836106], [-82.3555530003732, 41.40130200011872], [-82.35569300011531, 41.40126399987426], [-82.3558699996673, 41.40121500011135], [-82.35592699956872, 41.40119800021249], [-82.35597199977457, 41.401184000173565], [-82.35620199992833, 41.40111399993356], [-82.356396999922, 41.401047000162585], [-82.35652800034157, 41.40100399998157], [-82.35684899983363, 41.40088500020979], [-82.35716500020112, 41.400757999856275], [-82.3574739999976, 41.40062400018515], [-82.35782799999993, 41.400457000022165], [-82.35832599994231, 41.400208999908315], [-82.35841899982871, 41.40015800008276], [-82.35906900010704, 41.399808999991095], [-82.359438000178, 41.39962400014007], [-82.35981999976941, 41.39944199970726], [-82.3601550004035, 41.39929600021343], [-82.36032100008484, 41.39922499997642], [-82.36089500019519, 41.39899399968412], [-82.36148900039703, 41.39877399982968], [-82.36204599989064, 41.39860700030368], [-82.3626700002297, 41.398431999698325], [-82.36337599968623, 41.39827399996382], [-82.36358999994648, 41.39822999996937], [-82.3638669999559, 41.39817399993335], [-82.36443400039356, 41.398072999746425], [-82.36461900034149, 41.39804399966376], [-82.36477300032729, 41.398020000259436], [-82.36483199987852, 41.39801100022779], [-82.36521500019315, 41.397963000038146], [-82.3659290000456, 41.39790699977208], [-82.36613599973482, 41.39789699971951], [-82.36654499998873, 41.39787800028922], [-82.36733400018426, 41.39787100024944], [-82.37024300019579, 41.39788300031715], [-82.37161300017434, 41.39788899967631], [-82.37528000041922, 41.39790199974598], [-82.38570700014522, 41.3979409999394], [-82.3862829999054, 41.39793599991587], [-82.38630499964671, 41.39793599991587], [-82.38678199967268, 41.397923999857944], [-82.38725899969864, 41.397902999751246], [-82.38773499989973, 41.397870000243685], [-82.38820899955266, 41.39782699998215], [-82.38862299982944, 41.39777999966377], [-82.38897500018194, 41.397730999969504], [-82.38938400043585, 41.39766600009799], [-82.38984800004303, 41.397580999960645], [-82.38992699968576, 41.39756499979553], [-82.39019399964944, 41.39751099988295], [-82.39081700016361, 41.39735499995845], [-82.39121100034892, 41.3972489997702], [-82.39171199976602, 41.39710200004949], [-82.39215299980698, 41.39696200013471], [-82.39253500029672, 41.39683200013633], [-82.39291100004036, 41.39669399968771], [-82.3932809999362, 41.3965470000595], [-82.39364499998428, 41.39639199987137], [-82.3938990004275, 41.396273999771616], [-82.39424800040693, 41.396100999689295], [-82.39454399978463, 41.395948999891324], [-82.39610399973401, 41.395115000136265], [-82.39789600038527, 41.39413799967337], [-82.40032499999776, 41.39282599992145], [-82.4025460000961, 41.39164000009137], [-82.40271500015051, 41.39155000031997], [-82.40451500029938, 41.39058199990348], [-82.40562199961389, 41.389971999943484], [-82.40570299980475, 41.38992700026661], [-82.40576399990411, 41.38989400007942], [-82.4059470002022, 41.3897950000913], [-82.40602900021798, 41.389751999879294], [-82.40756200040316, 41.388928999697434], [-82.41039400042179, 41.38741100032072], [-82.41216199988529, 41.386459999996354], [-82.41219399967234, 41.38644300028211], [-82.41369800044352, 41.38564200022518], [-82.4143169998614, 41.38531099991446], [-82.41453699996941, 41.38519500032115], [-82.41617200026185, 41.38431299993316], [-82.41679099967973, 41.3839799998324], [-82.41713800000936, 41.38379200009509], [-82.41818099974978, 41.38323100033691], [-82.41852899990431, 41.383044000016056], [-82.41959299956113, 41.3824710003304], [-82.42059600001689, 41.38192499968348], [-82.42090200033863, 41.38175999984143], [-82.4230969995994, 41.38058899971032], [-82.42680999987503, 41.37859099998344], [-82.42815599956415, 41.37786799982462], [-82.42888100018557, 41.37747900008618], [-82.42969700014524, 41.37703999993148], [-82.4321490002223, 41.375726000254716], [-82.43232300029956, 41.37563199998275], [-82.43296600000689, 41.37528800008096], [-82.43309499987832, 41.375218000266166], [-82.43348300021584, 41.37500999973643], [-82.43361299991217, 41.37494099998093], [-82.43443600044289, 41.37449899980127], [-82.43452400030642, 41.37445099977789], [-82.43725800041575, 41.37297699973547], [-82.4381699997366, 41.37248599984645], [-82.43831500039987, 41.37240700018131], [-82.43875200024289, 41.3721720000642], [-82.43889799983275, 41.37209399974592], [-82.43939400012529, 41.371825999927296], [-82.44119400027417, 41.37085900021958], [-82.44183500033166, 41.37052699974365], [-82.44190599957847, 41.37049099989076], [-82.44223500036476, 41.37032899996909], [-82.4425910000169, 41.370162999938835], [-82.44305600034731, 41.36995899981704], [-82.44352900017533, 41.36976500006612], [-82.4440070000262, 41.36957899989384], [-82.44449200044811, 41.36940300025595], [-82.44498299981947, 41.3692349996672], [-82.44547800028712, 41.369076999760956], [-82.44592299962773, 41.368944999732854], [-82.44637299988952, 41.36882099968717], [-82.44688300042577, 41.36869100004887], [-82.44739700026167, 41.36857099999658], [-82.44791500029552, 41.36846100025983], [-82.44837800007781, 41.36837100009175], [-82.44884400023312, 41.36828900011488], [-82.44937200031274, 41.36820700003466], [-82.44984299959259, 41.36814300009751], [-82.45037499987016, 41.36808200014102], [-82.45090799997263, 41.36803000026553], [-82.45144400044815, 41.36798699981854], [-82.45174599967363, 41.367967999737395], [-82.4519199997509, 41.36795799979891], [-82.4523979996018, 41.36793799991732], [-82.4528770001759, 41.36792799997421], [-82.45353400012694, 41.36792700018208], [-82.45515400035075, 41.367933000283045], [-82.45573299958566, 41.367934999867124], [-82.45694100008082, 41.36794000017542], [-82.4574730003584, 41.36794199975929], [-82.45805300031653, 41.367946000275204], [-82.46008299972085, 41.367956000215536], [-82.4608250000607, 41.3679600000564], [-82.46617399955538, 41.36797999993123], [-82.46662100034244, 41.36798200018804], [-82.46820499968292, 41.36797699988298], [-82.47177099964547, 41.36800899994106], [-82.47310800001208, 41.368015000034475], [-82.47711900021355, 41.368035999682874], [-82.4773779997813, 41.36803799993792], [-82.47839399975754, 41.3680460002835], [-82.47845599968183, 41.3680460002835], [-82.47948300042702, 41.368049000328575], [-82.48084400018476, 41.36805300016372], [-82.48256499979259, 41.36806200029755], [-82.4835930003627, 41.36806799971189], [-82.4837130000133, 41.36806900017604], [-82.4844739997214, 41.368069999966], [-82.48711999996718, 41.36807600005378], [-82.48800299987403, 41.368079000097474], [-82.48925099965385, 41.36807600005378], [-82.49171399960154, 41.36807099975594], [-82.49299499989164, 41.36804099998336], [-82.49393100040024, 41.368020000336564], [-82.49424299967147, 41.36800699968507], [-82.4943430001289, 41.3680029998471], [-82.4953709998007, 41.36796200031384], [-82.4956810003204, 41.367944000017275], [-82.49999499957227, 41.36770699969336], [-82.5014340000461, 41.36762900008915], [-82.50256300000025, 41.36756399978579], [-82.5059530002357, 41.36736899983433], [-82.50666399971509, 41.36732899970289], [-82.50708399983967, 41.36730900030214], [-82.5074389996669, 41.36729200030102], [-82.50815599989238, 41.36726699985508], [-82.50879500030007, 41.36725399972726], [-82.50881299984343, 41.36725399972726], [-82.5095300000689, 41.367251000319726], [-82.5106060003196, 41.367258000285474], [-82.51132199982186, 41.3672709997383], [-82.5119789997729, 41.367290999824924], [-82.51275500044792, 41.36732700010019], [-82.51358899995095, 41.367374999986765], [-82.51393000043281, 41.3673980001165], [-82.51436200025294, 41.36742899998533], [-82.51507500028048, 41.367489000081044], [-82.51563699979694, 41.3675450002553], [-82.5160979999294, 41.36758999991495], [-82.51748399980147, 41.367727000320144], [-82.51758799955854, 41.3677380000892], [-82.51794599975885, 41.36777400011708], [-82.51810800014056, 41.36779000019801], [-82.51844299987631, 41.36782399993556], [-82.51851499984633, 41.36783099983966], [-82.51859400038735, 41.36783900021071], [-82.51875699969565, 41.3678560000689], [-82.51926399985886, 41.36790700029096], [-82.52078699999831, 41.36806099983329], [-82.52129499998642, 41.368112999684], [-82.5228929995706, 41.36827399994348], [-82.52768799994473, 41.36875800013346], [-82.52928700025213, 41.36891999992208], [-82.53010900005962, 41.36900300022763], [-82.53257700003016, 41.3692519998348], [-82.53339999966255, 41.369334999716756], [-82.53396799992511, 41.369392000094216], [-82.53454000038565, 41.36944799997886], [-82.53580599970883, 41.3695720001778], [-82.53645900036021, 41.369627000141435], [-82.53723199976389, 41.369682000058575], [-82.53794700033954, 41.369722999856236], [-82.53796599970781, 41.369722999856236], [-82.53860400029058, 41.36975199976332], [-82.53911099955546, 41.36976700026806], [-82.53955900016746, 41.36977999989375], [-82.54024200005775, 41.369793999954474], [-82.54111200044409, 41.369813000176535], [-82.54363599959284, 41.36985300012909], [-82.54368199962359, 41.36985399989164], [-82.54476799992003, 41.36987500029474], [-82.5448010004303, 41.36987500029474], [-82.54490199981433, 41.369876999819176], [-82.54493600014952, 41.36987800025547], [-82.54496700011165, 41.36987800025547], [-82.54506199964791, 41.36987999977982], [-82.54509400033325, 41.36988100021606], [-82.54583400012498, 41.36989600001695], [-82.54681099974314, 41.36991099981438], [-82.5519619997694, 41.36999499996431], [-82.5528489998742, 41.370008999978765], [-82.55367999990251, 41.37002399975015], [-82.55376399956809, 41.370025000184214], [-82.55555700004426, 41.37005399995664], [-82.5605359996431, 41.37013499997324], [-82.56118799957126, 41.370146000009335], [-82.56197000009406, 41.370160999749075], [-82.56306600043625, 41.37017499972781], [-82.56379700000711, 41.37019300008128], [-82.56428900010172, 41.37022199977881], [-82.56441799997313, 41.37022999985583], [-82.56503399991627, 41.370298999889414], [-82.56610900034207, 41.37049000013801], [-82.56700399994446, 41.370712999902224], [-82.56752299980323, 41.370867999965185], [-82.56783999999564, 41.37099400031837], [-82.56786599993491, 41.371003999790226], [-82.56851399966511, 41.3712730000394], [-82.56897800017062, 41.37151599995225], [-82.56904000009489, 41.371549000028594], [-82.56957200037246, 41.37184399982395], [-82.5697740000388, 41.37197300017329], [-82.57004199982742, 41.37214500001647], [-82.57050100031005, 41.37248300000598], [-82.57096699956706, 41.37285500006651], [-82.57162699989114, 41.373525000089984], [-82.57183899960324, 41.373776999697405], [-82.57203899961978, 41.37401499985335], [-82.5723859999494, 41.37451500025059], [-82.57239799964498, 41.37453199971256], [-82.57243600017813, 41.3745850001478], [-82.57244899969861, 41.37460299995516], [-82.57256699969938, 41.374769000115506], [-82.57277599993674, 41.375130000045445], [-82.57283200001325, 41.375225999728805], [-82.57296500008263, 41.37549199967003], [-82.57308599955815, 41.37579400018035], [-82.57317900034288, 41.37605599980409], [-82.57325999963543, 41.37631999972114], [-82.57332800030578, 41.376585000247985], [-82.57338799968194, 41.37688299976184], [-82.5733919998799, 41.376897999970446], [-82.57343999956048, 41.37721100020893], [-82.57347300007075, 41.37749899973092], [-82.57349599963696, 41.377702000158436], [-82.57354000001789, 41.378234999905544], [-82.57355599991143, 41.37874299992296], [-82.57357699982784, 41.379400999856244], [-82.57360899961488, 41.381383000208075], [-82.57364600032312, 41.382484000113394], [-82.57366100039172, 41.38290899998718], [-82.57367800011018, 41.38341399988167], [-82.57368300013303, 41.38354499997975], [-82.57368899998082, 41.38373099998465], [-82.57368999980574, 41.383777000128475], [-82.5736940000037, 41.38391599991116], [-82.57369599965351, 41.38396300014378], [-82.57372699961566, 41.38495299981769], [-82.57374800043037, 41.38561599989725], [-82.57378900043825, 41.38665200014709], [-82.5738289997229, 41.38792300006153], [-82.57384499961643, 41.38840799977792], [-82.57384899981439, 41.38891400024195], [-82.57384999963931, 41.389083000017735], [-82.57385100036252, 41.389151000130596], [-82.57387099955571, 41.38986499971731], [-82.57387800012671, 41.39010300030808], [-82.57388999982226, 41.39055100028552], [-82.57391099973866, 41.39130799988229], [-82.57393099983015, 41.391898000183275], [-82.57394699972367, 41.3923470000122], [-82.57395599994452, 41.392596999973264], [-82.57399100010461, 41.393382000084685], [-82.57406999974734, 41.39511800028063], [-82.57409200038694, 41.39552300030141], [-82.57411599977809, 41.39579200022339], [-82.57415400031124, 41.396059999672374], [-82.57419699996893, 41.3962820000136], [-82.5742439998246, 41.39647600018876], [-82.5742510003956, 41.39650300024366], [-82.57431699961954, 41.3967229996989], [-82.57439399961243, 41.396939999697075], [-82.57448499984902, 41.39715400026831], [-82.57458799978119, 41.39736400008093], [-82.57462799996415, 41.39743699968035], [-82.57482700015579, 41.39777000026548], [-82.57542999968014, 41.398566999841016], [-82.57602999972977, 41.39911900014259], [-82.57690099994103, 41.399681000252315], [-82.5778890003282, 41.400252999910606], [-82.57881999991561, 41.4005840002901], [-82.58161500012432, 41.40158299976501], [-82.58254599971173, 41.4019159999956], [-82.58294499991989, 41.402065000165365], [-82.58414300036932, 41.402512999906875], [-82.58454300040239, 41.40266299998745], [-82.58457799966418, 41.40267499984419], [-82.58468300014448, 41.40271399986858], [-82.58471800030459, 41.40272800025176], [-82.58499799978875, 41.40283300033402], [-82.58514000007897, 41.40288599993891], [-82.58584499971056, 41.40313499986875], [-82.58612799956781, 41.40323499967757], [-82.58714899956689, 41.40356200001965], [-82.5873660002002, 41.40363200031793], [-82.5882120002971, 41.40388499973736], [-82.58936200016764, 41.404215999809985], [-82.59024300042465, 41.40444599982845], [-82.59075200023769, 41.40457899980159], [-82.59128500034016, 41.40470000002195], [-82.59171100031251, 41.404795999847146], [-82.5926820000829, 41.40500599989673], [-82.59287999955129, 41.405049000124755], [-82.59391200031938, 41.405252000111915], [-82.59510200037288, 41.405451999797705], [-82.59624200019766, 41.40562800025171], [-82.5969130003924, 41.40571600029999], [-82.59741100033477, 41.40578200008948], [-82.59833400042459, 41.405882999749906], [-82.5983789997321, 41.40588699995336], [-82.5985119998015, 41.405905999737335], [-82.59855899965717, 41.405905999737335], [-82.59910500017843, 41.405961999848465], [-82.59956700013579, 41.40600000004082], [-82.60005500003243, 41.40604099985101], [-82.60094700016009, 41.40610500022615], [-82.60154300001174, 41.406140000025644], [-82.60237800023802, 41.40617899999177], [-82.60259800034605, 41.40618499993266], [-82.60297499991461, 41.406196999812735], [-82.60361099994924, 41.406207999813184], [-82.60410999971651, 41.40621700005717], [-82.60488700021646, 41.40621899981178], [-82.60566399981809, 41.406211999996636], [-82.60605299998052, 41.40620199987442], [-82.60626100039299, 41.406196999812735], [-82.60715599999538, 41.4061629999221], [-82.60805099959781, 41.40611799999985], [-82.60888499999913, 41.406067000095256], [-82.60947900020099, 41.40602100022618], [-82.61013199995406, 41.405960999967256], [-82.611374999711, 41.40582999989428], [-82.61335499978495, 41.40561100015978], [-82.61578400029575, 41.405342999667965], [-82.61616699971206, 41.405301000199714], [-82.617998999648, 41.405090999755934], [-82.61854699981909, 41.40503099998577], [-82.62048500006021, 41.404822999814506], [-82.62456599968357, 41.40436400019062], [-82.62683899966046, 41.404112999760436], [-82.62894299958295, 41.403881999997665], [-82.62960299990702, 41.403806999723095], [-82.63107199961978, 41.4036389997372], [-82.63278999975289, 41.40344899973516], [-82.63550899979361, 41.403149000161186], [-82.63686999955134, 41.403003000235856], [-82.6385130002397, 41.402818999973505], [-82.64165999990259, 41.402467000217094], [-82.64235600021168, 41.40239099972077], [-82.6431400003843, 41.40230599969876], [-82.64554499970737, 41.402036999784166], [-82.64573399985325, 41.4020149997169], [-82.64630299994074, 41.401951999972944], [-82.64649299991153, 41.40193099982013], [-82.64662900035395, 41.4019159999956], [-82.64696599973955, 41.40188099994233], [-82.6469840001812, 41.40187999999827], [-82.6483850001219, 41.40171700015401], [-82.64885799994993, 41.40166300032214], [-82.64989499984256, 41.40151200000507], [-82.65029999989852, 41.40144599992139], [-82.65119299985108, 41.401303000071614], [-82.65334399962924, 41.40090699998587], [-82.65460700037599, 41.40066999983186], [-82.65604199975357, 41.40040199985035], [-82.6561920004397, 41.40037400010031], [-82.65673700023775, 41.40027199999431], [-82.65770899983303, 41.400085000170336], [-82.66105399986266, 41.39944500032571], [-82.66271000007148, 41.39913699989771], [-82.66437899980077, 41.398828000040574], [-82.66574899977934, 41.39856999982605], [-82.66600099967441, 41.39852300004497], [-82.66664500010496, 41.398408999760875], [-82.66717200035966, 41.39831999992614], [-82.66774399992187, 41.398236999970486], [-82.66951800013149, 41.39799600017231], [-82.66988800002734, 41.39795399999862], [-82.6704069998861, 41.39789599971415], [-82.67127700027248, 41.39781999993688], [-82.67150800025114, 41.397799999803425], [-82.67216299965405, 41.3977570001694], [-82.67307099967523, 41.397698999709135], [-82.67482399996845, 41.39763399980563], [-82.67504099970341, 41.39762599973011], [-82.67557899982877, 41.39761400028881], [-82.67571299972306, 41.39761300027911], [-82.67671600017883, 41.39760400019111], [-82.67730299980964, 41.39761300027911], [-82.67765199978912, 41.39762199969193], [-82.67812200014238, 41.39763499981501], [-82.67958500000738, 41.397700999725885], [-82.68064100016657, 41.39776700024357], [-82.68179199986203, 41.3978640002089], [-82.68283299995261, 41.39796800005955], [-82.68345399991863, 41.39804399966376], [-82.68386900002032, 41.398094999800506], [-82.68460299996424, 41.39818899994775], [-82.68537600026623, 41.398308999938116], [-82.68558899980324, 41.39834199989665], [-82.68660899997744, 41.39851600007465], [-82.68675100026766, 41.39854099996515], [-82.6882040000869, 41.39879600032033], [-82.69030600035957, 41.39915600030763], [-82.69132700035865, 41.39933200029443], [-82.69153900007076, 41.39936599971628], [-82.69247899987901, 41.399516000322386], [-82.69328399996805, 41.39962800005504], [-82.69425899993641, 41.39975499992145], [-82.69450800035673, 41.39978199996185], [-82.6954909998227, 41.39989299993533], [-82.6964060004149, 41.39997499982433], [-82.69740200029965, 41.40004899983255], [-82.69833200006215, 41.400099999743645], [-82.69925699980179, 41.40013300014043], [-82.70093800012496, 41.40016799978745], [-82.7017149997266, 41.40017199966893], [-82.702432999777, 41.400165999846664], [-82.70349099958601, 41.4001449997905], [-82.70649000000923, 41.40008800008526], [-82.70694399957067, 41.4000789996662], [-82.70830900042466, 41.400051999749124], [-82.70833500036395, 41.400051999749124], [-82.70876399981101, 41.40005399969347], [-82.70991399968156, 41.40006100017197], [-82.71149000042276, 41.40011000013109], [-82.7115070001412, 41.40011100010238], [-82.71311599959604, 41.40020599999898], [-82.71490599969917, 41.400370000231305], [-82.7162239997992, 41.40052199979768], [-82.71824999990386, 41.40081500032156], [-82.71923999994083, 41.40098600006971], [-82.71960900001177, 41.40105399986029], [-82.72018300012213, 41.40116199981746], [-82.7212440003042, 41.40138300029965], [-82.72227500034906, 41.4016270001847], [-82.7225180000233, 41.40168399988773], [-82.72362299968798, 41.40196599984647], [-82.72411099958461, 41.40209099997909], [-82.72547100041574, 41.40249000006603], [-82.72714299961977, 41.40302599989508], [-82.72761100032324, 41.403192000270515], [-82.72824800018279, 41.40341800018924], [-82.72891500017957, 41.40367699994049], [-82.72899999967005, 41.40370999986848], [-82.73030699989941, 41.404215999809985], [-82.73152500044033, 41.4046889997662], [-82.73447899975938, 41.40584500016291], [-82.73586999965434, 41.40638900028801], [-82.73596699973872, 41.40642599968277], [-82.73625799999185, 41.4065400000527], [-82.73635500007624, 41.40657899977873], [-82.73656199976547, 41.40665900024914], [-82.73718399955641, 41.40690199999603], [-82.73739199996885, 41.406982999934286], [-82.73780000039785, 41.40714199991865], [-82.73902499971314, 41.40762000008802], [-82.73943399996706, 41.4077799997143], [-82.73954699994498, 41.40782399998042], [-82.74030199980528, 41.40812000013856], [-82.7429070000432, 41.40914000016813], [-82.74377599970634, 41.40948100003973], [-82.74385299969923, 41.409511000235234], [-82.74408600022605, 41.40960199988996], [-82.74416400004387, 41.40963299985429], [-82.74427500037193, 41.40967599971517], [-82.74458099979537, 41.40979699987596], [-82.7446090002828, 41.409807000118555], [-82.74472100043577, 41.40985099968566], [-82.7451259995934, 41.41000900024349], [-82.7463430003094, 41.41048400009684], [-82.74674900019028, 41.41064300027188], [-82.74685299994735, 41.4106830000385], [-82.74755099990625, 41.410955999759025], [-82.74839700000317, 41.4112879999906], [-82.74919299987138, 41.4116009997387], [-82.74966499987448, 41.41179499999646], [-82.75002800009764, 41.41195200007959], [-82.75043599962834, 41.41214099968494], [-82.75093799976867, 41.412385000269246], [-82.75138200018269, 41.41261399988735], [-82.75176999962189, 41.412825000044684], [-82.7521510002867, 41.41304299994405], [-82.75261700044203, 41.41332499978538], [-82.75307500020143, 41.413614999879236], [-82.75313700012572, 41.41365600027356], [-82.75343400022662, 41.41385299973695], [-82.75373999965007, 41.41406800028542], [-82.75408100013192, 41.41432100016359], [-82.75456700037871, 41.41469899986037], [-82.75458400009715, 41.41471199993554], [-82.7546359999757, 41.4147519998915], [-82.75465400041736, 41.41476599970188], [-82.75512999972011, 41.4151689997339], [-82.75551800005762, 41.41551300017202], [-82.7559540000757, 41.41589999991875], [-82.75755099983499, 41.41732700004281], [-82.75807499971664, 41.417793999991616], [-82.75892900020946, 41.41855399997365]]}, "properties": {"BASENAME": "2", "MTFCC": "S1100", "NAME": "State Rte 2", "OBJECTID": 12144, "OID": "1108296484950", "PREDIR": null, "PREDIRABRV": null, "PREQUAL": null, "PREQUALABRV": null, "PRETYP": 586, "PRETYPEABRV": "State Rte", "RTTYP": "S", "SUFDIR": null, "SUFDIRABRV": null, "SUFQUAL": null, "SUFQUALABRV": null, "SUFTYP": null, "SUFTYPEABRV": null}}, {"type": "Feature", "id": 12439, "geometry": {"type": "LineString", "coordinates": [[-82.75899100013376, 41.41860900027432], [-82.75986900001772, 41.41939099973071], [-82.76268900034077, 41.421902000293464], [-82.76362900014902, 41.422740000308536], [-82.76441900016945, 41.42344800032388], [-82.76476300012605, 41.423749999682876], [-82.76478599969226, 41.423769999912025], [-82.76816400023215, 41.42678499969343], [-82.76929800020915, 41.427796999901936], [-82.76930800025491, 41.427805999849], [-82.76933800039212, 41.427832999682735], [-82.76934900026279, 41.42784299984277], [-82.7693579995853, 41.42785300000131], [-82.76938100004985, 41.42787099987865], [-82.76939000027066, 41.42787900027161], [-82.76945399984477, 41.42793599984328], [-82.76996400038102, 41.42838700030271], [-82.77100499957331, 41.429308999775486], [-82.77168300033905, 41.42991500019154], [-82.77225599972616, 41.43042600031756], [-82.77301899998241, 41.43110700023458], [-82.77328000009831, 41.431340999993076], [-82.77361900003203, 41.43165699989404], [-82.77387099992711, 41.43190899979536], [-82.77411000030172, 41.43216899992967], [-82.77437100041762, 41.43247099980943], [-82.77459099962734, 41.432740000323406], [-82.77479900003979, 41.43301399974103], [-82.7749680000942, 41.43325300003384], [-82.77505799960755, 41.43338900001898], [-82.77512799992778, 41.43349499983952], [-82.77530399965487, 41.43378199973651], [-82.77547000023453, 41.43407200007773], [-82.77557499981651, 41.434271999929734], [-82.77560499995373, 41.43433000006785], [-82.7756159998244, 41.4343499997319], [-82.77564599996163, 41.434406999683496], [-82.7756939996422, 41.434506999843926], [-82.77572299995451, 41.4345670000009], [-82.77587100009251, 41.434872999938904], [-82.7763339998748, 41.43588100030734], [-82.77686799980216, 41.43704399971734], [-82.77801799967271, 41.439525000011244], [-82.77815199956702, 41.4398330002114], [-82.77817500003154, 41.43988499989985], [-82.7784529998659, 41.440446000195664], [-82.77854499992739, 41.440606999789495], [-82.77879699982248, 41.441042000203915], [-82.7788420000283, 41.4411069997755], [-82.77889999975464, 41.44119100019248], [-82.77901399955745, 41.441357000007386], [-82.77908300005275, 41.441449000168134], [-82.77914099977907, 41.44152700009982], [-82.77921299974909, 41.44162300004237], [-82.77940699991784, 41.441881000320734], [-82.7794320000322, 41.44191199969271], [-82.77950900002509, 41.44200599973962], [-82.77959699988865, 41.44211400029882], [-82.77983600026324, 41.44238199991249], [-82.78011699957233, 41.4426780001493], [-82.78020500033419, 41.442767999808005], [-82.78042999956675, 41.44299700003039], [-82.78087300015586, 41.44339999994119], [-82.7811150000052, 41.44360599985634], [-82.78150699964236, 41.443916000156605], [-82.78170900020704, 41.44407100008809], [-82.78199700008715, 41.44427799985792], [-82.78226400005082, 41.44446099988524], [-82.78262600044907, 41.44468900023489], [-82.78268300035049, 41.444725000075074], [-82.78310099992692, 41.44497699974402], [-82.78351900040165, 41.4452090001024], [-82.78410400038265, 41.44552199998833], [-82.78411899955296, 41.44553000022595], [-82.78451199991335, 41.44573400022803], [-82.78507900035102, 41.446029999988376], [-82.78581699959459, 41.446420000131475], [-82.78592899974758, 41.44647900011821], [-82.78653200017025, 41.446798000167085], [-82.78691299993676, 41.446998999780824], [-82.78742299957469, 41.447268999930166], [-82.78763099998714, 41.4473790003173], [-82.78963600017543, 41.44843899993806], [-82.79009999978263, 41.44868200025104], [-82.7908150003583, 41.449055999663734], [-82.79099399956011, 41.449151000024585], [-82.79190900015232, 41.44963699979338], [-82.79304700032729, 41.450240999879654], [-82.79423999985552, 41.45087499966856], [-82.79921299960655, 41.45350700001836], [-82.80126899984847, 41.454594999785975], [-82.80222399972533, 41.45510000004389], [-82.80333699978594, 41.45568499973358], [-82.80354900039636, 41.45579700023709], [-82.80409599984424, 41.456073000171465], [-82.80459999963438, 41.456314999713484], [-82.80521300010278, 41.456597000132795], [-82.80567800043322, 41.45680099967186], [-82.80614899971307, 41.456998000188634], [-82.80662699956397, 41.457184999756514], [-82.80727000016962, 41.457426000100206], [-82.80775700024134, 41.457598999783556], [-82.80835800011586, 41.45780000026821], [-82.80890999958659, 41.457974999807846], [-82.80941099990201, 41.45812300020786], [-82.8098529997679, 41.458245999805754], [-82.81002900039331, 41.458295000303046], [-82.81053800020634, 41.45842699998845], [-82.81122199992154, 41.45859199972232], [-82.81179600003189, 41.458719999834706], [-82.81212800029292, 41.458787999770635], [-82.81239600008152, 41.45884300032004], [-82.81243100024162, 41.45885100026142], [-82.81273400019033, 41.45890999971452], [-82.81320500036851, 41.45899199982379], [-82.81347499980694, 41.45904000002025], [-82.81382700015945, 41.459104999738734], [-82.81444300010259, 41.45921000023397], [-82.81497200000712, 41.45930100025635], [-82.81631400039657, 41.4595490002684], [-82.81734799991615, 41.45973399976027], [-82.81795700018661, 41.45984399988114], [-82.81831700003673, 41.45990999986412], [-82.81902300039155, 41.46004099990681], [-82.81973499969585, 41.460166000019406], [-82.82062599999863, 41.460324000000114], [-82.82399199994462, 41.460931000010156], [-82.8242220000984, 41.46097299985395], [-82.82502999966216, 41.46112300022799], [-82.82540899977884, 41.4611999996928], [-82.82600899982847, 41.461339999831935], [-82.82628099981504, 41.46141500031109], [-82.82662599959653, 41.46151600028969], [-82.82696600025348, 41.461630000216566], [-82.82749799963273, 41.46182799989666], [-82.82777899984012, 41.46194300031393], [-82.82838100043789, 41.46222899992295], [-82.82873999956476, 41.46241700024995], [-82.82884300039524, 41.46247500014054], [-82.82902099977217, 41.462577000170505], [-82.82930600017751, 41.462752000283714], [-82.82958599966169, 41.462937000063036], [-82.82984299957964, 41.46311799994397], [-82.83031100028309, 41.463480999878556], [-82.83053999971364, 41.46368400031347], [-82.83076499984455, 41.46389300010723], [-82.83097999992968, 41.464109999866395], [-82.83116300022779, 41.46430200009626], [-82.83137800031294, 41.464543000246294], [-82.83171999972139, 41.46497700007316], [-82.83191300006523, 41.46526699967547], [-82.83206799987595, 41.4655160000701], [-82.8321990002955, 41.46574300016175], [-82.8323409996874, 41.46601200007767], [-82.83256199962034, 41.46653000009022], [-82.83268999966687, 41.46689799987199], [-82.83273700042086, 41.46704800000327], [-82.83283699997996, 41.46747199978109], [-82.83287100031515, 41.46763300029598], [-82.83294300028518, 41.46809499981727], [-82.83302500030094, 41.46869800008376], [-82.83331300018102, 41.47121299971785], [-82.83339699984661, 41.47187700012422], [-82.83350800017469, 41.472741999727745], [-82.83370900001614, 41.47446900013577], [-82.83383000038998, 41.47545000032729], [-82.83383799988758, 41.47552899991697], [-82.8340920003308, 41.47798299993036], [-82.83412800031581, 41.478189999838825], [-82.83411900009497, 41.47834000009093], [-82.83414900023222, 41.4786059999086], [-82.8341629995776, 41.47878099983087], [-82.83418799969195, 41.47910599977885], [-82.83423600027083, 41.47970799982938]]}, "properties": {"BASENAME": "2", "MTFCC": "S1100", "NAME": "State Rte 2", "OBJECTID": 12439, "OID": "11013851031379", "PREDIR": null, "PREDIRABRV": null, "PREQUAL": null, "PREQUALABRV": null, "PRETYP": 586, "PRETYPEABRV": "State Rte", "RTTYP": "S", "SUFDIR": null, "SUFDIRABRV": null, "SUFQUAL": null, "SUFQUALABRV": null, "SUFTYP": null, "SUFTYPEABRV": null}}, {"type": "Feature", "id": 12440, "geometry": {"type": "LineString", "coordinates": [[-82.83440000030238, 41.479653000153014], [-82.83426899988281, 41.4785729996819], [-82.83428499977633, 41.478341000203585], [-82.83426600040808, 41.4781019997537], [-82.83423500044593, 41.47774400017934], [-82.83393499997196, 41.47552100001404], [-82.83378000016127, 41.47398400017356], [-82.83369499977245, 41.47324199973951], [-82.83335500001382, 41.47043500018649], [-82.83307700017949, 41.46815400028397], [-82.83303000032382, 41.46787600005682], [-82.83296099982852, 41.467404000200254], [-82.83286799994211, 41.46707200015366], [-82.83273599969762, 41.466631000179774], [-82.83261299967398, 41.466344999791474], [-82.83248899982542, 41.466019999807834], [-82.8323110004485, 41.46570299998381], [-82.83206399967797, 41.465316999893616], [-82.83184699994301, 41.46497700007316], [-82.83163900042885, 41.46468299989982], [-82.83145299975772, 41.46445899977057], [-82.83121299955819, 41.46418800015456], [-82.83088100019548, 41.463863000129955], [-82.8306569998895, 41.463662000260555], [-82.83041699968997, 41.4634299999214], [-82.82999900011356, 41.46310599981128], [-82.8297210002792, 41.46288099994173], [-82.8294040000868, 41.46267299993334], [-82.82914100032109, 41.46252600017556], [-82.82886299958841, 41.462370999905204], [-82.82846900030142, 41.46216199991822], [-82.82785800038114, 41.461860999896786], [-82.82757200015088, 41.46173700005416], [-82.82704599972111, 41.46154399993601], [-82.82670599996247, 41.46142000016045], [-82.82647400015888, 41.46135000021499], [-82.82591699976696, 41.461210999801246], [-82.82539899973311, 41.461094999726726], [-82.8249119996614, 41.46098699979582], [-82.82422399974821, 41.46085600031766], [-82.82335300043525, 41.46071200028789], [-82.8233219995748, 41.460705999999206], [-82.82323100023653, 41.4606899998999], [-82.82320100009929, 41.46068499999429], [-82.82221699991011, 41.46050699987162], [-82.81965500022824, 41.460045999862054], [-82.8192660000658, 41.459977000175975], [-82.81828199987662, 41.45980299970489], [-82.81704599979236, 41.45958400021274], [-82.8155989998209, 41.459327999779745], [-82.81363100034086, 41.45897599997478], [-82.81334299956245, 41.45891900006], [-82.8121120003994, 41.458680000037106], [-82.81209499978264, 41.45867599971937], [-82.81204399972901, 41.45866499985418], [-82.81202700001059, 41.45866199995185], [-82.81161199990888, 41.45857400028588], [-82.81119599998227, 41.45847499992984], [-82.81028700013617, 41.45824500005625], [-82.80975400003369, 41.45809699993458], [-82.8093239998634, 41.45796699975836], [-82.80875899997386, 41.45778600031159], [-82.80821699965057, 41.457595999831874], [-82.80773299995188, 41.45741700022079], [-82.80725599992591, 41.45722999997529], [-82.80673100021936, 41.45701399985235], [-82.80626400023911, 41.4568119998532], [-82.8058039999316, 41.4566009999055], [-82.80530199979125, 41.45635699985363], [-82.80480600039701, 41.45610499995127], [-82.80331699969446, 41.455315999808334], [-82.80124799993207, 41.45422000017704], [-82.80026000044325, 41.45369599986442], [-82.79927299988101, 41.45316999970316], [-82.79762500006811, 41.45229300010829], [-82.79334699990295, 41.450030000102885], [-82.79195299963494, 41.44929199980039], [-82.79160700002853, 41.44911499994673], [-82.79136900037716, 41.44899000008252], [-82.7904010000815, 41.4484809997912], [-82.78878800042871, 41.44763300027831], [-82.78840299956592, 41.44742399993219], [-82.787780999775, 41.44709399978695], [-82.78750100029082, 41.44694599980912], [-82.78698300025695, 41.44667100002313], [-82.78653499964499, 41.44643399984789], [-82.78595399986195, 41.44612699993912], [-82.78591299985405, 41.44610499999077], [-82.7844590002099, 41.445334999792735], [-82.784049999956, 41.44511499998172], [-82.78343099963979, 41.444783000299374], [-82.78306800031494, 41.4445780000407], [-82.78254799973296, 41.44423999983908], [-82.7824730002882, 41.44419200013783], [-82.78205200033871, 41.4438989999852], [-82.78176100008558, 41.44369099970591], [-82.78156799974174, 41.44352799973003], [-82.78131800039479, 41.443325000179094], [-82.78087499980568, 41.442925999745], [-82.78070599975129, 41.44277199976005], [-82.78035699977183, 41.442408999744345], [-82.78019000026556, 41.44222599999057], [-82.78015199973242, 41.44218500012583], [-82.77985200015677, 41.44183300022134], [-82.77958299964493, 41.441489999824455], [-82.77953400013945, 41.44142499996313], [-82.7794730000401, 41.441344999888976], [-82.77936500008505, 41.44120200032723], [-82.77930800018363, 41.4411109998299], [-82.77925799995492, 41.44102900001242], [-82.77895099980826, 41.440528000076334], [-82.77873300024837, 41.44013500012531], [-82.77872599967736, 41.44012199975212], [-82.77848600037616, 41.43963299998546], [-82.7778560001893, 41.438266999942435], [-82.7774119997753, 41.437318999895844], [-82.77737999998824, 41.43724900020586], [-82.77698300032822, 41.43637599990443], [-82.77681900029668, 41.436014999989965], [-82.77642299956325, 41.43513999971651], [-82.77632399982906, 41.43493499997508], [-82.77615200029992, 41.43457900002565], [-82.77612399981251, 41.43451999999489], [-82.77604900036776, 41.43436500014939], [-82.77604000014692, 41.43434599993426], [-82.77601199965952, 41.43428799981044], [-82.77599199956803, 41.43424700031864], [-82.77584000013039, 41.43395300026396], [-82.77569899966507, 41.43370500005297], [-82.77549699999871, 41.43338000017237], [-82.7754319997014, 41.43328400015955], [-82.77530700002791, 41.43309899999392], [-82.77507900042227, 41.43278200023546], [-82.77487000018492, 41.432510000130776], [-82.77464800042705, 41.432243000311175], [-82.77438200028827, 41.43194399983523], [-82.77413899971572, 41.43168800010835], [-82.77385099983562, 41.43140099970889], [-82.77355399973472, 41.43111900022545], [-82.773102999648, 41.430714999986854], [-82.77223900000773, 41.42994199982169], [-82.77182200025621, 41.42956900022005], [-82.77178399972306, 41.42953599995709], [-82.77085200031074, 41.42871200025966], [-82.77041700011755, 41.42832300032673], [-82.76996299965779, 41.42791699976709], [-82.76991800035026, 41.427876999836705], [-82.7697860001058, 41.427759000336216], [-82.769772999687, 41.42774699972428], [-82.76974199972486, 41.42771999985479], [-82.76971800033373, 41.42769899994857], [-82.76964700018861, 41.4276360001891], [-82.76962399972409, 41.42761500025571], [-82.76839199983779, 41.42652200018245], [-82.76822600015643, 41.4263739997639], [-82.76470500039972, 41.42323700032186], [-82.76347699981307, 41.42214200003628], [-82.76261900002059, 41.42138000031618], [-82.76190199979509, 41.420744000015844], [-82.76077100019114, 41.41973100001344], [-82.7600489999428, 41.41909099966731], [-82.75959899968099, 41.41869199980703], [-82.75925399989947, 41.41838399966846]]}, "properties": {"BASENAME": "2", "MTFCC": "S1100", "NAME": "State Rte 2", "OBJECTID": 12440, "OID": "11013851031443", "PREDIR": null, "PREDIRABRV": null, "PREQUAL": null, "PREQUALABRV": null, "PRETYP": 586, "PRETYPEABRV": "State Rte", "RTTYP": "S", "SUFDIR": null, "SUFDIRABRV": null, "SUFQUAL": null, "SUFQUALABRV": null, "SUFTYP": null, "SUFTYPEABRV": null}}, {"type": "Feature", "id": 12441, "geometry": {"type": "LineString", "coordinates": [[-82.99608700023147, 41.51578400010634], [-82.99131000029902, 41.51276600028347], [-82.99127099994097, 41.512740999984146], [-82.98998800000103, 41.511929999862716], [-82.98721200005892, 41.51017599975752], [-82.97923700040994, 41.50513000018403], [-82.97767499991245, 41.504146000107596], [-82.97539500026285, 41.5026990003194], [-82.97214099957152, 41.50063099980164], [-82.97199800035472, 41.500542999917926], [-82.97176999985078, 41.50040199990085], [-82.97143500011501, 41.500204000303434], [-82.97115499973253, 41.50005100019987], [-82.97084199973807, 41.4998859996831], [-82.97044799955277, 41.4996999999421], [-82.97022900016799, 41.499600000034164], [-82.96965599988255, 41.499357000125705], [-82.96902900006874, 41.499117999819184], [-82.96862099963974, 41.49897799985773], [-82.96821999978174, 41.49884900004348], [-82.96789799956647, 41.49875500029865], [-82.96758499957203, 41.498670999752726], [-82.96726300025504, 41.4985910003169], [-82.9668849999633, 41.49850499995542], [-82.96650199964864, 41.4984279997226], [-82.96607900004935, 41.49835000026717], [-82.9656680001456, 41.49828500020068], [-82.96525499969371, 41.49822899966673], [-82.96483999959203, 41.49817999974847], [-82.96442299984051, 41.4981409998832], [-82.96400400043918, 41.4981120000889], [-82.9635850001395, 41.498092999706216], [-82.96316500001497, 41.49808300028163], [-82.96268499961592, 41.498081999800796], [-82.96118699959084, 41.498105999897824], [-82.95962900018962, 41.49813900026899], [-82.95813100016456, 41.49816400015162], [-82.95531500003945, 41.498220000069], [-82.9537629995877, 41.49825499999275], [-82.95314400016981, 41.498268999956935], [-82.95302000032125, 41.49827100023995], [-82.95253300024953, 41.4982799998306], [-82.95113200030883, 41.498303999854215], [-82.94976999982788, 41.49833199975843], [-82.94945000016074, 41.498338999732624], [-82.94916899995333, 41.49834300029422], [-82.94819999983278, 41.49835700023938], [-82.94761999987465, 41.498360000323366], [-82.94754100023192, 41.498360000323366], [-82.9464619996082, 41.49835299967866], [-82.94079599992111, 41.49826400025845], [-82.93883000009089, 41.49823300023512], [-82.93506999995958, 41.49817500004312], [-82.93378399964661, 41.49815199977859], [-82.93124399970604, 41.498118000279426], [-82.93117699975889, 41.49811699979918], [-82.93094199958225, 41.4981120000889], [-82.930402999632, 41.49810899999344], [-82.92998400023063, 41.49811500018424], [-82.92956499993099, 41.49813099979319], [-82.92914700035456, 41.49815499987202], [-82.92872999970473, 41.498189999830956], [-82.92831399977811, 41.49823199975664], [-82.92790100022457, 41.49828399972301], [-82.92754800004714, 41.49833600032045], [-82.92713899979321, 41.49840600002368], [-82.92673299991237, 41.49848499988624], [-82.92633000040455, 41.49857200007479], [-82.92593100019637, 41.49866799968315], [-82.92553500036125, 41.4987739998143], [-82.92514399965069, 41.49888800015523], [-82.9247579998613, 41.49900999999094], [-82.92437600026989, 41.499140999740646], [-82.92400100035115, 41.499281000022506], [-82.92363099955699, 41.499430000105434], [-82.92326700040724, 41.499587000142434], [-82.92291000003186, 41.49975200007542], [-82.92255900040259, 41.499924000063665], [-82.92221500044599, 41.50010500027771], [-82.92187800016211, 41.50029299974884], [-82.92154900027414, 41.50048900020535], [-82.92122799988377, 41.50069100002075], [-82.92095900027026, 41.500870999671754], [-82.92069700032944, 41.50105600032421], [-82.92035599984757, 41.501307999755355], [-82.92006399976954, 41.50153500030691], [-82.91727600013184, 41.503787999787036], [-82.9149789998655, 41.50564400027139], [-82.91202399982325, 41.508031999972076], [-82.9118659996395, 41.50816000000436], [-82.91124300002365, 41.508665999735626], [-82.91060399961596, 41.50918500020668], [-82.91011300024459, 41.50958399994476], [-82.90976000006718, 41.50986000027199], [-82.90965799995993, 41.50993999991287], [-82.90932599969891, 41.51018799992047], [-82.90902199992529, 41.51040399978232], [-82.90871300012881, 41.51060699989868], [-82.90852099960988, 41.510723999772644], [-82.90823500027793, 41.51088699968731], [-82.90789200014625, 41.511068000201135], [-82.90759199967228, 41.511215999791744], [-82.90733599957925, 41.51133299991044], [-82.90702299958478, 41.511464000292634], [-82.90670399974256, 41.511587000250955], [-82.90632499962588, 41.511723000124206], [-82.90594200020955, 41.51184999999024], [-82.9055520002222, 41.5119649997758], [-82.9051220000519, 41.51207399978759], [-82.90504400023408, 41.51209199983974], [-82.90486900033191, 41.51213200031149], [-82.90452100017737, 41.51220100031037], [-82.9042979996963, 41.51223900019059], [-82.90422999992423, 41.512249999709226], [-82.90381800019559, 41.51230999992473], [-82.9034039999188, 41.51235899991376], [-82.90304800026665, 41.51239199974818], [-82.90269099989128, 41.512415999922965], [-82.90233199986606, 41.51243000018896], [-82.90197299984086, 41.51243599972548], [-82.90161399981567, 41.512432000034494], [-82.90125599961539, 41.51242000028752], [-82.90089800031342, 41.51239799996086], [-82.90054199976295, 41.512365000129485], [-82.90012800038448, 41.51231699973325], [-82.89971599975752, 41.51225900004779], [-82.89918900040114, 41.51217599979283], [-82.88243900013872, 41.50928500011232], [-82.87239400000414, 41.50755399994795], [-82.87072600009974, 41.507265999851], [-82.86537300040712, 41.506340000276005], [-82.86478800042609, 41.506243999931456], [-82.86425799979837, 41.50616599979894], [-82.86384299969667, 41.506114999790874], [-82.86348600021961, 41.50608000007872], [-82.86306799974486, 41.50605000011811], [-82.86258999989397, 41.50602400023073], [-82.86211000039326, 41.50600900023921], [-82.86097100039339, 41.50599400024422], [-82.85955399966085, 41.50598100029057], [-82.85949000008675, 41.505979999931796], [-82.85866099970828, 41.505960999839346], [-82.85774600001437, 41.50594900023839], [-82.85480699986563, 41.50590999966981], [-82.85109899961286, 41.505863000229894], [-82.84691400023242, 41.505807999882975], [-82.8463150000077, 41.50579099979074], [-82.84589700043126, 41.505770999953576], [-82.84547999978145, 41.505740999849785], [-82.84518299968053, 41.50571200009509], [-82.84482899967819, 41.50566600020238], [-82.84442000032259, 41.50560100007886], [-82.84407100034315, 41.505535999890085], [-82.84372599966333, 41.505461999699214], [-82.84338500007979, 41.50537799978013], [-82.84298900024466, 41.505266999864034], [-82.84271499970997, 41.505184000063046], [-82.8423869996469, 41.505074000187165], [-82.8421180000334, 41.50497500020636], [-82.841800999841, 41.5048480003084], [-82.84149000039469, 41.5047140002042], [-82.84118499989783, 41.50457099976206], [-82.84088799979692, 41.50441999997794], [-82.84059700044209, 41.50426100012318], [-82.84031500040979, 41.50409499985399], [-82.84005199974574, 41.50392399989766], [-82.83972200003285, 41.50369000025248], [-82.83940900003843, 41.50345500003667], [-82.8393029997332, 41.50337499978294], [-82.83924199963383, 41.50332700012145], [-82.83905199966304, 41.50316499973984], [-82.83887199973799, 41.503004999762496], [-82.8388299999052, 41.50296800024966], [-82.8386120003453, 41.5027610001123], [-82.83840200028303, 41.502541999753625], [-82.83820200026646, 41.50231899968407], [-82.83801200029568, 41.50208999969744], [-82.83783200037061, 41.501856999902245], [-82.83766400014113, 41.50161899982917], [-82.83750799960721, 41.501376999853036], [-82.83736399966716, 41.501130000168075], [-82.83728400019955, 41.50097500003451], [-82.83713699988644, 41.50066599976804], [-82.83702999975633, 41.50040900032407], [-82.83693500022007, 41.50014899985927], [-82.83690900028081, 41.50007000000813], [-82.83684999983124, 41.49988700013603], [-82.83677700003632, 41.49962299978444], [-82.83671599993696, 41.499357999913975], [-82.83666700043148, 41.49909100004724], [-82.83661399982971, 41.49873300003803], [-82.8363100000561, 41.49620199977851], [-82.8361900004055, 41.49520599970536], [-82.83482799992454, 41.483865000215395], [-82.8347679996501, 41.48377399967413], [-82.8347059997258, 41.483478999917715], [-82.83455500011307, 41.48235499974896], [-82.83433300035523, 41.48039299971915], [-82.83423600027083, 41.47970799982938]]}, "properties": {"BASENAME": "2", "MTFCC": "S1100", "NAME": "State Rte 2", "OBJECTID": 12441, "OID": "11013851031377", "PREDIR": null, "PREDIRABRV": null, "PREQUAL": null, "PREQUALABRV": null, "PRETYP": 586, "PRETYPEABRV": "State Rte", "RTTYP": "S", "SUFDIR": null, "SUFDIRABRV": null, "SUFQUAL": null, "SUFQUALABRV": null, "SUFTYP": null, "SUFTYPEABRV": null}}, {"type": "Feature", "id": 12442, "geometry": {"type": "LineString", "coordinates": [[-82.99666999966433, 41.51600799974291], [-82.99608600040658, 41.51563900015351], [-82.99144400019333, 41.51270299972593], [-82.99055799991343, 41.51214200025737], [-82.99009699978099, 41.511851000258325], [-82.98052700002256, 41.50579800030414], [-82.97542899969973, 41.50257799977126], [-82.97513499997186, 41.502393000103034], [-82.97214200029477, 41.500495000175654], [-82.9720679997766, 41.50045100015632], [-82.97137800021362, 41.50003999995424], [-82.97106299967102, 41.49986699982086], [-82.97072799993528, 41.49969000009283], [-82.97060800028467, 41.499631999860036], [-82.97039300019952, 41.49952700024605], [-82.96994499958755, 41.49932299991354], [-82.96945400021619, 41.499107000087854], [-82.96904099976432, 41.4989470001762], [-82.96869900035587, 41.498823999752446], [-82.96835600022418, 41.49871099976994], [-82.96793699992452, 41.49858299989693], [-82.96758899976999, 41.498483000282704], [-82.96724900001135, 41.4983920000891], [-82.96691599992543, 41.498310999831446], [-82.96636000025673, 41.49819200011636], [-82.96608099969916, 41.498137999789066], [-82.9657869999713, 41.498085999705474], [-82.96544600038774, 41.498034000252915], [-82.96510800027895, 41.4979890000978], [-82.96476299959915, 41.49795199973749], [-82.96439000022855, 41.49791700032282], [-82.96399000019545, 41.49788500032239], [-82.96354699960635, 41.49785899984782], [-82.9631059995654, 41.497850000198675], [-82.96254599969876, 41.49784799990267], [-82.96169399975405, 41.49786100014345], [-82.95755200003133, 41.497947000014534], [-82.9537490002423, 41.498017999947166], [-82.9531430003449, 41.49802899986346], [-82.95301299975023, 41.498031999962635], [-82.95251499980787, 41.49804200006792], [-82.94978300024668, 41.49809499999466], [-82.94948699997066, 41.49810100018671], [-82.94946400040445, 41.49810100018671], [-82.94916399993048, 41.498105999897824], [-82.9480740003344, 41.49812200018184], [-82.9476380003163, 41.49812500027671], [-82.94731100007816, 41.4981279996986], [-82.94636799989685, 41.49811999989422], [-82.94080699979176, 41.498031999962635], [-82.93883000009089, 41.498000000018976], [-82.93378700001966, 41.497921000237646], [-82.93124600025418, 41.49788099973251], [-82.93117500010906, 41.49787999992138], [-82.93055699961776, 41.49787399970886], [-82.93013800021643, 41.49787600000402], [-82.92971899991679, 41.497886999944434], [-82.9292410000659, 41.49791199992433], [-82.92882400031436, 41.49794200029114], [-82.92840800038776, 41.49798200008582], [-82.92799400011097, 41.49803100015383], [-82.92758200038233, 41.498090000282694], [-82.92717300012842, 41.49815700015856], [-82.92676600042263, 41.49823300023512], [-82.9263620001916, 41.49831799980786], [-82.92596299998343, 41.498412999989874], [-82.9255670001483, 41.49851599978894], [-82.92517399978792, 41.49862699983977], [-82.92478600034872, 41.49874600010118], [-82.92440300003408, 41.498874000324854], [-82.9240259995672, 41.49901099978462], [-82.92365300019662, 41.49915500018613], [-82.9232859997755, 41.49930699992624], [-82.92292500010048, 41.49946700029413], [-82.92257000027324, 41.4996340001009], [-82.9222220001187, 41.49981000020075], [-82.92188099963683, 41.499994000068895], [-82.92154900027414, 41.50018600031004], [-82.92122399968581, 41.50038499973491], [-82.92090700039172, 41.50059100029748], [-82.9205540002143, 41.500835000050685], [-82.92021000025773, 41.501085999907424], [-82.91987499962366, 41.50134500021667], [-82.9173570003227, 41.50337900003343], [-82.91498300006346, 41.50529700018738], [-82.91358600032073, 41.506426000323614], [-82.91164600042978, 41.508000000260836], [-82.91149200044399, 41.50812500005221], [-82.91082899974685, 41.50866300012909], [-82.91057299965382, 41.50887099987573], [-82.90978799965626, 41.50950799973574], [-82.90966100033297, 41.5096119996806], [-82.90915800036774, 41.510000000251424], [-82.90891800016823, 41.51016899971755], [-82.90866500044824, 41.51033699979639], [-82.90834499988279, 41.51053600031476], [-82.90798500003267, 41.51073799973192], [-82.90758900019755, 41.51094100014628], [-82.90723299964708, 41.51109900013429], [-82.90694099956903, 41.51122900003964], [-82.90662400027493, 41.511356000202134], [-82.90630100023475, 41.51147600021683], [-82.90608799979941, 41.511547999715205], [-82.9059730001717, 41.511587000250955], [-82.90563900026086, 41.51168899967818], [-82.90530100015205, 41.51178100028991], [-82.9049100003398, 41.51187499996099], [-82.90483199962367, 41.5118919998011], [-82.90461099969075, 41.5119399998398], [-82.90426099988638, 41.51200500032601], [-82.90390799970895, 41.51206099970943], [-82.90384199958672, 41.51207000007428], [-82.90355299988173, 41.512106999767305], [-82.90319600040465, 41.512144000111846], [-82.90277899975482, 41.51217599979283], [-82.90241899990471, 41.51219399981662], [-82.90213500022257, 41.512200000047656], [-82.90205999987951, 41.51220100031037], [-82.9017000000294, 41.512200000047656], [-82.90139999955542, 41.51219199996368], [-82.90104100042853, 41.51217200008583], [-82.90068300022826, 41.5121429998483], [-82.9003269996778, 41.51210600017586], [-82.89997199985055, 41.512058999852385], [-82.89950200039559, 41.51198599998365], [-82.89685699997472, 41.51153099978481], [-82.89372200000739, 41.510992999997576], [-82.89057199997143, 41.5104450002415], [-82.88429899966373, 41.50936699973131], [-82.88286900030903, 41.50912099989004], [-82.87240400004987, 41.50731399995613], [-82.87072500027485, 41.50702400012448], [-82.86518400026124, 41.50606700014234], [-82.86453999983068, 41.50596600028909], [-82.86418699965326, 41.50591700017034], [-82.8638800004049, 41.50588199967836], [-82.86383199982602, 41.50587699989487], [-82.86341699972432, 41.50583900031664], [-82.8629999999728, 41.505809999933085], [-82.86258200039637, 41.50578899974005], [-82.86204400027103, 41.50577599974525], [-82.86130799977897, 41.50576499979937], [-82.85955799985881, 41.5057420002123], [-82.85948900026183, 41.505740999849785], [-82.85806999987948, 41.50572300004996], [-82.85684200019114, 41.50570700029847], [-82.8536789997364, 41.50566600020238], [-82.85109399958998, 41.50563300030304], [-82.84686900002657, 41.50557799976074], [-82.84602899977743, 41.50555900022307], [-82.84566999975225, 41.50554200006547], [-82.84531099972705, 41.5055150002809], [-82.84495400024998, 41.50547699981747], [-82.84465799997398, 41.50543800031008], [-82.84430499979656, 41.5053839999702], [-82.84395400016727, 41.505319999932574], [-82.84360699983763, 41.50524699986495], [-82.84326399970595, 41.50516400003834], [-82.84292599959716, 41.50507000004138], [-82.84259199968632, 41.50496800027673], [-82.84226299979834, 41.50485599995438], [-82.84193999975815, 41.504735999778426], [-82.84162299956574, 41.5046069999972], [-82.84131200011946, 41.50446899988411], [-82.84105900039945, 41.504347999952465], [-82.84076300012345, 41.50419300012113], [-82.84052200009901, 41.5040580002912], [-82.84024099989163, 41.50388799995555], [-82.83994100031597, 41.50368899985831], [-82.83971399963693, 41.50352599998565], [-82.83965699973552, 41.50348100028286], [-82.83957300006995, 41.503415999984206], [-82.83947099996269, 41.503337999808736], [-82.83940700038859, 41.50328899971948], [-82.83934200009128, 41.5032389998648], [-82.83906500008183, 41.503006999899185], [-82.83903699959443, 41.502981999867785], [-82.83888900035474, 41.502848999673006], [-82.83868199976719, 41.50264300023838], [-82.83844499994072, 41.50238700030859], [-82.8381829999999, 41.50210499992405], [-82.83797499958743, 41.501830999676734], [-82.83780499970813, 41.501591999754325], [-82.83767199963874, 41.50139000005824], [-82.83752500022396, 41.501142999750066], [-82.83742099956856, 41.50095200009159], [-82.8373879999566, 41.50089200011429], [-82.83728400019955, 41.500681000324505], [-82.83717299987144, 41.500422999822675], [-82.83707300031233, 41.50016300008689], [-82.83705999989354, 41.50012300029362], [-82.8369999996191, 41.49994399968842], [-82.8369369998699, 41.49972300032969], [-82.83691000010573, 41.49960699987126], [-82.83687400012072, 41.499456999736054], [-82.83681200019642, 41.49914399978831], [-82.83675500029503, 41.49878600007212], [-82.83644099957733, 41.496200999941514], [-82.83631900027692, 41.49519699968757], [-82.83626400002535, 41.49474799975446], [-82.8350999999111, 41.48505299970504], [-82.83495500014617, 41.48385099982981], [-82.83489400004679, 41.483573000296104], [-82.83482499955149, 41.483070999816164], [-82.83469300020532, 41.4821039999881], [-82.83452300032602, 41.48075900007021], [-82.83440000030238, 41.479653000153014]]}, "properties": {"BASENAME": "2", "MTFCC": "S1100", "NAME": "State Rte 2", "OBJECTID": 12442, "OID": "11013851031437", "PREDIR": null, "PREDIRABRV": null, "PREQUAL": null, "PREQUALABRV": null, "PRETYP": 586, "PRETYPEABRV": "State Rte", "RTTYP": "S", "SUFDIR": null, "SUFDIRABRV": null, "SUFQUAL": null, "SUFQUALABRV": null, "SUFTYP": null, "SUFTYPEABRV": null}}, {"type": "Feature", "id": 13758, "geometry": {"type": "LineString", "coordinates": [[-83.68284100040894, 41.54528299987988], [-83.68264600041526, 41.544932000156436], [-83.6824859996834, 41.54466299981616], [-83.68235299961401, 41.544438999871076], [-83.68193599986249, 41.54379100005467], [-83.6816060001496, 41.54331099966443], [-83.68128399993434, 41.542880000156586], [-83.68085399976401, 41.54233900004665], [-83.68040500022543, 41.541806999708015], [-83.67996900020735, 41.54132200031987], [-83.67963000027363, 41.54096600017586], [-83.67951399992268, 41.54084700020063], [-83.67907600025477, 41.54041899988651], [-83.67858499998509, 41.53996399989454], [-83.67807699999697, 41.539520000325986], [-83.67751200010744, 41.53905399972035], [-83.67688699994346, 41.53856800000191], [-83.67628699989385, 41.538127999710696], [-83.67571399960839, 41.537732000049466], [-83.67501800019762, 41.537275000230146], [-83.67480999978515, 41.53714199989089], [-83.67443900006441, 41.53691399992178], [-83.67386900015201, 41.53658599988946], [-83.67323700031532, 41.53624399972026], [-83.67264300011348, 41.53594099974059], [-83.6719889996372, 41.53562299983325], [-83.67142700012073, 41.53536500006634], [-83.67069900002458, 41.53505300014638], [-83.67004799992134, 41.534791999710286], [-83.66929700025896, 41.53451299970261], [-83.6687010004073, 41.534302999806876], [-83.66809700015972, 41.53410600026149], [-83.66737499991136, 41.53388800029738], [-83.6667010002419, 41.53370000020721], [-83.66596499974983, 41.533509999703966], [-83.66533700011111, 41.53336199998708], [-83.66458800009858, 41.53320299994117], [-83.66377499961362, 41.53304699999841], [-83.66301700027856, 41.53291700020701], [-83.66231199974864, 41.53281399999545], [-83.6614840000934, 41.53271200023796], [-83.66077299971569, 41.53263800018139], [-83.66005899986325, 41.53257999987794], [-83.65934199963776, 41.532538000043125], [-83.65850499976167, 41.532502999823755], [-83.65766799988558, 41.532486999966885], [-83.65548100012242, 41.532485000068576], [-83.6541699996951, 41.5324830001702], [-83.65247099982855, 41.532482000220995], [-83.65215500035939, 41.532482000220995], [-83.65029599976096, 41.53247599985289], [-83.64464000011964, 41.5324690002073], [-83.64460400013462, 41.53246700030843], [-83.63735199966062, 41.53245500024137], [-83.6361690001781, 41.5324570001406], [-83.6360000001237, 41.5324580000902], [-83.63399499993544, 41.5324690002073], [-83.63285599993554, 41.532462999838], [-83.63177700021014, 41.53244000032255], [-83.63117799998541, 41.53241600017622], [-83.63063999986008, 41.53238499969383], [-83.63004300018349, 41.53233700002388], [-83.6293889997072, 41.53226899992618], [-83.62879100020572, 41.53219200017423]]}, "properties": {"BASENAME": "475", "MTFCC": "S1100", "NAME": "I- 475", "OBJECTID": 13758, "OID": "110461572487", "PREDIR": null, "PREDIRABRV": null, "PREQUAL": null, "PREQUALABRV": null, "PRETYP": 344, "PRETYPEABRV": "I-", "RTTYP": "I", "SUFDIR": null, "SUFDIRABRV": null, "SUFQUAL": null, "SUFQUALABRV": null, "SUFTYP": null, "SUFTYPEABRV": null}}, {"type": "Feature", "id": 13772, "geometry": {"type": "LineString", "coordinates": [[-83.57766799955735, 41.6751919999412], [-83.57777800006053, 41.67520800001314], [-83.57941099980482, 41.67544400027701], [-83.58043799965169, 41.675636999872374], [-83.58090600035517, 41.67570700017708], [-83.58148799996313, 41.67580999999816], [-83.58188499962314, 41.6759000003257], [-83.58238199974063, 41.67602000011937], [-83.5827890003447, 41.67613300017908], [-83.58356900031939, 41.6763900001995], [-83.58402600025387, 41.67657199991182], [-83.58429800024042, 41.67668600007404], [-83.58701899993099, 41.677886000125866], [-83.58916600040948, 41.67881100004694], [-83.58997700034631, 41.6791590002681], [-83.59124799969236, 41.67970600021878], [-83.59453499999563, 41.6811190002368], [-83.59585200027075, 41.681684999731914], [-83.59693799966887, 41.682151999960965], [-83.59783300016959, 41.6825410001949], [-83.59949299967806, 41.68326200009768], [-83.59997100042725, 41.68347000013503], [-83.60009199990277, 41.683522000039325], [-83.6009520002434, 41.68389599973852], [-83.6010450001298, 41.68393700015632], [-83.60107100006908, 41.68394499977664], [-83.60194499975508, 41.68432399976921], [-83.60275400004208, 41.684662000283225], [-83.60328100029679, 41.68486699967036], [-83.60370999974386, 41.68500599997958], [-83.60433400008293, 41.685201999881194], [-83.60524700012701, 41.68541099995023], [-83.60557600001498, 41.68546700001387], [-83.60600000033749, 41.68553100012282], [-83.60669400009846, 41.685610999666316], [-83.60699600022224, 41.68563600017411], [-83.60723100039888, 41.68564699969677], [-83.60736100009522, 41.68565200033298], [-83.60776299977812, 41.68565600003668], [-83.60852400038455, 41.68564100014034], [-83.61039800015327, 41.68557799973251], [-83.61129199993074, 41.68554999975504], [-83.61412899997225, 41.68544799968627], [-83.61586399982379, 41.68538400016568], [-83.61662000040735, 41.68535499983781], [-83.61725899991671, 41.68536199968679], [-83.61792300043876, 41.68538900015145], [-83.61841399981012, 41.68544000025282], [-83.61880100032272, 41.6854880001929], [-83.61931599998353, 41.68557700014081], [-83.61974899962858, 41.685662000262525], [-83.62013299976815, 41.68575200022957], [-83.62042200037145, 41.68583400001543], [-83.62103900013952, 41.68601799969443], [-83.62302900025917, 41.68669299968764], [-83.62480400029368, 41.6872959998108], [-83.62549100038196, 41.68753800007327], [-83.62615199963264, 41.68773799988595], [-83.62695699972166, 41.68795500023055], [-83.62759699995425, 41.688075999907], [-83.62823899983667, 41.68817600006107], [-83.62863899986975, 41.68822999995886], [-83.62905899999431, 41.68826400009488], [-83.62942899989018, 41.688279000050535], [-83.62981100037992, 41.68828900024263], [-83.63081899996021, 41.68828900024263], [-83.63083599967865, 41.688288000022254], [-83.632836999669, 41.68824199993001], [-83.63566299983982, 41.68817600006107], [-83.63831900013136, 41.68812099989491], [-83.6387590003474, 41.68811199989984], [-83.63960500044432, 41.68809500012936], [-83.64078799992681, 41.68807199968295], [-83.64444699977578, 41.68798899984106], [-83.64973800044244, 41.68786499999097], [-83.65168900020406, 41.68781900026713], [-83.6532979996589, 41.687807999774144], [-83.65382400008869, 41.687834999883115], [-83.65447600001684, 41.68789000029377], [-83.65503500005859, 41.68797800004795], [-83.65564400032903, 41.68808499990711], [-83.65609600024067, 41.68818300027398], [-83.65862899961023, 41.68889200016529], [-83.66060100018656, 41.68944499976395], [-83.66077699991365, 41.68948599999977], [-83.66147499987255, 41.68962000006479], [-83.66221499966426, 41.689725000150986], [-83.66269800043634, 41.689772000051], [-83.66312400040869, 41.689790999772455], [-83.66339300002221, 41.68979499988963], [-83.66386900022327, 41.68980199992638], [-83.66435299992193, 41.68979499988963], [-83.6644130001964, 41.68979399969267], [-83.6667930003034, 41.68975900016773], [-83.66801900034191, 41.68974200016159], [-83.67087300010185, 41.68968999991768], [-83.67240999958666, 41.68966599984257], [-83.67522700043499, 41.68962299999297], [-83.67538600044365, 41.6896210002645], [-83.68024200001882, 41.68953899993872], [-83.68086800000772, 41.68951400027673], [-83.68119299969773, 41.68949600000429], [-83.68200600018268, 41.68941800033061], [-83.68259799983639, 41.68931800009466], [-83.68326599965808, 41.6891799999162], [-83.68342499966673, 41.68914500005722], [-83.68372199976764, 41.68907800023574], [-83.68374699988202, 41.68907299986582], [-83.6839080004388, 41.689036999739834], [-83.68477399972889, 41.68882399986827], [-83.68515899969337, 41.688729999990386], [-83.6853589997099, 41.688684999757605], [-83.68618600043857, 41.688476999808074], [-83.68761499996835, 41.68813299988639], [-83.68986600020392, 41.687579999743384], [-83.69060500017073, 41.687421000320654], [-83.6912019998473, 41.6872419997999], [-83.69209700034803, 41.68683000026186], [-83.69250999990157, 41.68661300014782], [-83.69274099988027, 41.68647700003094], [-83.6929330003992, 41.686362999770715], [-83.6933490003258, 41.68605900010174], [-83.69369800030528, 41.68575400007834], [-83.69398799983516, 41.68540200024694], [-83.69418000035411, 41.68505799998426], [-83.69430099982962, 41.68472599985109], [-83.69436000027916, 41.68448300013689], [-83.6944320002492, 41.68407599979106], [-83.69450599986904, 41.68354399980557], [-83.69446400003625, 41.68309099980841], [-83.69445399999049, 41.68299099980145], [-83.69444399994475, 41.68288200025415], [-83.69440899978466, 41.68248500026817], [-83.69440299993687, 41.68242200012464], [-83.69412099990457, 41.67922799973556], [-83.69411599988169, 41.67916299970447], [-83.6940249996451, 41.67803900003385], [-83.69387499985726, 41.67670600003461], [-83.69385899996374, 41.67656900004609], [-83.69378799981864, 41.67571700031025], [-83.6935450001444, 41.67266999976782], [-83.69350699961124, 41.67236999968288], [-83.69338000028793, 41.669608000320466], [-83.69339299980842, 41.66796700015419], [-83.69357299973348, 41.66594500001361], [-83.69357699993144, 41.66589999995219], [-83.69427200041561, 41.661209999987825], [-83.69430300037774, 41.66096700006982], [-83.69457000034144, 41.65935099977407], [-83.69475899958901, 41.65735400028948], [-83.69481100036586, 41.656272000316044], [-83.69476799980986, 41.6538770000025], [-83.69453900037931, 41.64631200015026], [-83.69453699983117, 41.64626300032872], [-83.69435699990612, 41.640536000012254], [-83.69430599985249, 41.638728000121596], [-83.69426099964664, 41.63720599984958], [-83.69424899995107, 41.636780000102], [-83.69424800012618, 41.63674900000417], [-83.69418899967664, 41.635553999788726], [-83.69412599992744, 41.634802000302294], [-83.69402299999527, 41.63397000026107], [-83.6938699998344, 41.632988999990125], [-83.69376699990224, 41.63236899968959], [-83.69361299991645, 41.631488999918545], [-83.69360100022088, 41.63141699969246], [-83.69344899988491, 41.63051599970646], [-83.69337500026508, 41.63007400018931], [-83.69305700024775, 41.62818100020897], [-83.69233800037244, 41.62405299988629], [-83.6921319996098, 41.622611000204294], [-83.69212099973915, 41.622533999969555], [-83.69175400021633, 41.62052099996754], [-83.69124500040331, 41.617443000313955], [-83.69121199989304, 41.61655799966886], [-83.69109499971717, 41.613621000294174], [-83.69108399984653, 41.61305300017613], [-83.69109499971717, 41.60901200004144], [-83.69111499980866, 41.607678999961486], [-83.69112800022747, 41.60678800016965], [-83.69112700040255, 41.606520000214786], [-83.69110599958783, 41.600237999778585], [-83.69108800004449, 41.595403000125046], [-83.69107299997587, 41.592381000188894], [-83.69107200015095, 41.59209500023753], [-83.69107200015095, 41.59199500002597], [-83.69107200015095, 41.5918719997885], [-83.69107600034891, 41.59092699992931], [-83.69107700017383, 41.59058399997758], [-83.69107200015095, 41.59025699989169], [-83.69103699999086, 41.58782500009321], [-83.69103699999086, 41.587682999693186], [-83.69103699999086, 41.58761700023365], [-83.69103699999086, 41.58732700024136], [-83.69103699999086, 41.585924999789256], [-83.69103799981576, 41.5815899997117], [-83.69098099991436, 41.577999000112605], [-83.69095099977713, 41.576107999824046], [-83.69097699971641, 41.57325299991916], [-83.69097099986861, 41.57217800023466], [-83.69096500002084, 41.57162499982258], [-83.69093999990648, 41.57098899998028], [-83.69090700029452, 41.57048599982558], [-83.69080900038523, 41.5695499999074], [-83.69069100038445, 41.568647999971766], [-83.69060000014785, 41.56803299988263], [-83.6904360001163, 41.56722199992795], [-83.69031800011555, 41.56669200021691], [-83.69026200003904, 41.566476000076804], [-83.69019900028985, 41.566226999971455], [-83.69011999974883, 41.56583299988476], [-83.68975599970076, 41.56458599997398], [-83.68761300031852, 41.558800000112], [-83.68760699957244, 41.5587799998525], [-83.68757999980826, 41.558700000097], [-83.686231999571, 41.55501900015015], [-83.68590000020829, 41.554130000071204], [-83.68578300003243, 41.5538140001102], [-83.68572699995593, 41.553663999885885], [-83.68567300042758, 41.55352100004254], [-83.68563400006951, 41.553420999926495], [-83.68556700012236, 41.55325100018095], [-83.68529000011291, 41.55255200022982], [-83.68467900019265, 41.5508009997124], [-83.6841619999837, 41.54940000003621], [-83.68371000007208, 41.5481749999478], [-83.68318600019045, 41.54677199970847], [-83.68315900042626, 41.54671800023945], [-83.68304499972514, 41.54649100014795], [-83.68253000006433, 41.5454519999885]]}, "properties": {"BASENAME": "475", "MTFCC": "S1100", "NAME": "I- 475", "OBJECTID": 13772, "OID": "11096582766", "PREDIR": null, "PREDIRABRV": null, "PREQUAL": null, "PREQUALABRV": null, "PRETYP": 344, "PRETYPEABRV": "I-", "RTTYP": "I", "SUFDIR": null, "SUFDIRABRV": null, "SUFQUAL": null, "SUFQUALABRV": null, "SUFTYP": null, "SUFTYPEABRV": null}}, {"type": "Feature", "id": 13775, "geometry": {"type": "LineString", "coordinates": [[-83.68253000006433, 41.5454519999885], [-83.68233199969761, 41.54509299978728], [-83.68220600019922, 41.54488099976802], [-83.68201200003047, 41.54455700019698], [-83.68169900003603, 41.544068999937075], [-83.68133900018591, 41.54354799996207], [-83.68096199971905, 41.54303500012944], [-83.68059500019625, 41.542568000182065], [-83.68017800044473, 41.542071999951105], [-83.67974599972628, 41.54158299995464], [-83.67926399967743, 41.54107200030276], [-83.67889899980445, 41.54070699971211], [-83.67841199973272, 41.540246999911254], [-83.67790799994258, 41.5397990002518], [-83.67742599989371, 41.53939499998086], [-83.67693100032439, 41.53899999985726], [-83.67637899995535, 41.53858399969938], [-83.67581099969279, 41.53817999990718], [-83.67501200034984, 41.53764099988826], [-83.6745930000502, 41.53737499976917], [-83.67402800016066, 41.53703799980412], [-83.67345099967727, 41.536713000052146], [-83.67281499964263, 41.53637300033271], [-83.67216500026261, 41.53604700003474], [-83.67199700003312, 41.535968000282395], [-83.67155400034233, 41.53576000020071], [-83.67093400020123, 41.5354840000424], [-83.67076199977377, 41.53541200027517], [-83.67011099967053, 41.5351420000981], [-83.66947100033624, 41.53489400022252], [-83.66876599980633, 41.534641999732806], [-83.66810800003037, 41.534420999800155], [-83.6674429996834, 41.53421400004559], [-83.66676900001396, 41.53402099993101], [-83.66603199969698, 41.533827999913086], [-83.66534600033195, 41.533664000013125], [-83.66471199994713, 41.53352400011403], [-83.66401499981313, 41.53338699971765], [-83.66331500020439, 41.533260999685965], [-83.66260999967447, 41.53314799996115], [-83.66235600012958, 41.53311300007184], [-83.66190099984492, 41.53305099976026], [-83.66118899964228, 41.53296999982765], [-83.66047399996494, 41.532902999665616], [-83.65969700036331, 41.53284700015943], [-83.65897900031291, 41.532806999713955], [-83.65831899998882, 41.532785000265356], [-83.6575990002886, 41.53277500014669], [-83.65547899957429, 41.53276899980582], [-83.6541699996951, 41.53276699991618], [-83.6539870002953, 41.53276599997135], [-83.65225400009359, 41.53276300013682], [-83.64740400036621, 41.532753000014736], [-83.6446860001504, 41.532753000014736], [-83.6426669997184, 41.53274599972671], [-83.64200800011754, 41.532737000219754], [-83.64002499967059, 41.53275000017959], [-83.63611399992654, 41.53274800028941], [-83.63594599969704, 41.53274699967183], [-83.62969000000608, 41.53272899998454], [-83.62908999995645, 41.53274299989118], [-83.6283829997767, 41.53277799998073], [-83.62832900024836, 41.53278099981459], [-83.62816000019396, 41.532789000043365]]}, "properties": {"BASENAME": "475", "MTFCC": "S1100", "NAME": "I- 475", "OBJECTID": 13775, "OID": "110461572486", "PREDIR": null, "PREDIRABRV": null, "PREQUAL": null, "PREQUALABRV": null, "PRETYP": 344, "PRETYPEABRV": "I-", "RTTYP": "I", "SUFDIR": null, "SUFDIRABRV": null, "SUFQUAL": null, "SUFQUALABRV": null, "SUFTYP": null, "SUFTYPEABRV": null}}, {"type": "Feature", "id": 13776, "geometry": {"type": "LineString", "coordinates": [[-83.57893200012902, 41.67584499973044], [-83.57942500004852, 41.675841999830816], [-83.58080599989773, 41.67592299975553], [-83.58102900037882, 41.67595599994416], [-83.581092000128, 41.67596500029763], [-83.58156499995602, 41.676043999917106], [-83.58193200037714, 41.676123999849054], [-83.5828730000103, 41.676373000015786], [-83.58313499995111, 41.67645699981429], [-83.58379299972705, 41.67666800023841], [-83.58396099995655, 41.676735999963775], [-83.58416000014817, 41.67681799983305], [-83.58661999972281, 41.67788100022798], [-83.58706800033478, 41.67807500027505], [-83.58776499957048, 41.67837600031116], [-83.58917399990709, 41.678974000066695], [-83.59115900000388, 41.679843000238826], [-83.59202199981924, 41.680220999893294], [-83.59249499964724, 41.68042800002518], [-83.59279799959596, 41.680556999809504], [-83.59411099967312, 41.681117000243965], [-83.59451400007923, 41.68128900007009], [-83.59693099999618, 41.682319000151146], [-83.59722499972403, 41.682444000266976], [-83.59766599976501, 41.6826340000853], [-83.5994109996623, 41.68338099995622], [-83.5998900002364, 41.683586000070264], [-83.60000800023718, 41.68363700025902], [-83.60058999984514, 41.68388600020535], [-83.60071700006675, 41.6839399996786], [-83.60196900004453, 41.68446699968732], [-83.60269299994272, 41.6847649998606], [-83.60324600013668, 41.68498200016966], [-83.60371399994182, 41.685128999703494], [-83.60405399970044, 41.68523600027569], [-83.6052329998833, 41.68552999985957], [-83.60593800041322, 41.68563800002648], [-83.60664300004481, 41.685711000297495], [-83.60700299989493, 41.68574299990315], [-83.60723600042175, 41.68575400007834], [-83.60734699985153, 41.68575900003541], [-83.60779100026554, 41.68576700010002], [-83.60973399963123, 41.68571600025786], [-83.61040300017613, 41.68568099985611], [-83.61047000012329, 41.68567700015397], [-83.61196700032346, 41.685623999716896], [-83.61403199988787, 41.68555799984569], [-83.61433999985945, 41.685547999899974], [-83.61600600011403, 41.685486999928976], [-83.61629700036715, 41.68547500011485], [-83.61697299968645, 41.68545899991196], [-83.61754900034492, 41.685476999972224], [-83.6182509996035, 41.68554100007118], [-83.61882600043708, 41.68560300025313], [-83.61961300008444, 41.685739000204855], [-83.62018499964667, 41.685874000282084], [-83.62099700030672, 41.68611299976387], [-83.62303299955882, 41.68680399997456], [-83.62549899987955, 41.68764099974253], [-83.62610300012713, 41.68784200013319], [-83.62692099973664, 41.68805900012696], [-83.62784399982645, 41.68823799971627], [-83.6284799998611, 41.68832699988507], [-83.62865999978615, 41.68835200000834], [-83.62941800001951, 41.68838700029874], [-83.63082700035615, 41.68839200005119], [-83.63285400028572, 41.688347999801444], [-83.63566799986269, 41.68828699980181], [-83.63864999966916, 41.68822399997244], [-83.63884100036317, 41.68821999975759], [-83.63933500010756, 41.688210000225624], [-83.64082700028487, 41.68817900005658], [-83.64445099997374, 41.688093999905966], [-83.64974599994005, 41.687967999807505], [-83.65170300044777, 41.68792200015731], [-83.65282999985375, 41.68790599989211], [-83.65335600028354, 41.68791999970512], [-83.65398300009734, 41.687960000016524], [-83.65451600019982, 41.688011000092466], [-83.65502400018794, 41.68808099968357], [-83.65633100041731, 41.68836200018908], [-83.65987399991532, 41.689372999908244], [-83.66054000008718, 41.68954499980249], [-83.66063499962341, 41.689557999729004], [-83.66116900044912, 41.6896740000922], [-83.661639999729, 41.689753999850694], [-83.66211000008227, 41.68982000011325], [-83.66286300029277, 41.689878000084775], [-83.66327599984633, 41.68989300033489], [-83.66347099984002, 41.68989200013945], [-83.66435799994481, 41.68989099994399], [-83.66444099978548, 41.68989099994399], [-83.6654989995945, 41.689889000223815], [-83.66628100011732, 41.68987399997277], [-83.66732800005569, 41.68985299988369], [-83.66749499956197, 41.68984999996625], [-83.67086899990389, 41.68980199992638], [-83.67252099991475, 41.68977000032713], [-83.67285900002355, 41.68976399981351], [-83.6749460002276, 41.6897309999974], [-83.67538100042078, 41.68972399995293], [-83.67676399991983, 41.689695999767366], [-83.68023799982086, 41.68965599986452], [-83.68104499955972, 41.689614999736996], [-83.68158900043116, 41.689571999853314], [-83.68206399990902, 41.68951600000857], [-83.68256900042238, 41.689440000093335], [-83.68294400034111, 41.68937100017197], [-83.68375000025506, 41.689178000173975], [-83.68485599974466, 41.68892000002995], [-83.68579200025326, 41.68870600022796], [-83.68689500026812, 41.688476999808074], [-83.68762800038715, 41.68834000005771], [-83.68779900009136, 41.68830799973123], [-83.6887940001512, 41.68814000010399], [-83.69089499970065, 41.687860999753795], [-83.69251099972648, 41.68758899981289], [-83.69308400001192, 41.68746999968679], [-83.69354199977134, 41.6873589998781], [-83.69400600027683, 41.687193999826675], [-83.69441399980752, 41.68699400033545], [-83.69479399974911, 41.686692000113304], [-83.69521200022386, 41.686354999780164], [-83.69541399989022, 41.68610200032093], [-83.69560800005898, 41.68576700010002], [-83.69570699979317, 41.68550899969424], [-83.69577499956524, 41.685218000148], [-83.69579999967961, 41.68495200005924], [-83.69579100035708, 41.68463000013995], [-83.695680000029, 41.68366900022525], [-83.69544900005032, 41.68305900022563], [-83.69541600043837, 41.6829709997814], [-83.69536700003457, 41.68284400007925], [-83.69520600037607, 41.68240700014528], [-83.69518600028461, 41.68235500001082], [-83.69495199993287, 41.681718000320515], [-83.6947929999242, 41.68098200024958], [-83.69459399973259, 41.679205000144954], [-83.69459200008275, 41.679183999928114], [-83.69428999995897, 41.676103999707664], [-83.69425599962378, 41.675694000135834], [-83.69419500042272, 41.67500800016974], [-83.69381600030603, 41.670734999741526], [-83.69380500043539, 41.67022200031699], [-83.69379299984149, 41.66845200006577], [-83.69379000036676, 41.6680179999709], [-83.69394600000237, 41.66616200003214], [-83.69394799965221, 41.66613799990526], [-83.69472000012928, 41.66093700017377], [-83.69499999961344, 41.659294999804295], [-83.6951949996071, 41.65737700030499], [-83.6951949996071, 41.65734199992799], [-83.69521200022386, 41.65606100015594], [-83.69518899975932, 41.65428199986911], [-83.69516299982004, 41.653880000254524], [-83.69494000023731, 41.64623699976441], [-83.69470599988557, 41.638732999703315], [-83.69468499996917, 41.63816699987674], [-83.69462899989269, 41.6366599996837], [-83.69458899970971, 41.635581000332095], [-83.69453500018135, 41.63486700013648], [-83.69444099957171, 41.63406099970811], [-83.69438799986825, 41.633742000211676], [-83.69417600015615, 41.632470000189514], [-83.69402100034546, 41.631500999724565], [-83.69400000042906, 41.63137900002569], [-83.69385399994086, 41.63051199993403], [-83.69381799995584, 41.63029799999827], [-83.69346300012862, 41.62819699987564], [-83.69318699994409, 41.626557999797036], [-83.69284700018545, 41.624543999978656], [-83.69277299966733, 41.62406800003065], [-83.69257100000095, 41.622822999677865], [-83.69252800034324, 41.62255900012559], [-83.69251499992446, 41.62248600009937], [-83.69216000009722, 41.62045699970175], [-83.69173199957673, 41.61766499973388], [-83.6916589997818, 41.61648400024401], [-83.69158500016195, 41.615626000042006], [-83.69161199992612, 41.613598000106336], [-83.69160199988038, 41.61300399991858], [-83.69158599998686, 41.60856099984168], [-83.69157099991823, 41.607844000264265], [-83.69154800035201, 41.606793999684726], [-83.6915469996288, 41.60664499969566], [-83.69150300014617, 41.60056599992277], [-83.691476000382, 41.595420999828804], [-83.69148100040486, 41.592100000076066], [-83.69148200022978, 41.591990000179294], [-83.69148200022978, 41.59186699993225], [-83.69147800003182, 41.59093600006998], [-83.69147700020692, 41.59057900002157], [-83.691476000382, 41.59004000021279], [-83.691476000382, 41.5896659996889], [-83.69145799994033, 41.58783600019632], [-83.69145799994033, 41.58770199997299], [-83.69145600029051, 41.58698799975976], [-83.69145000044273, 41.5853159997434], [-83.69143899967375, 41.581637999774195], [-83.69140100003894, 41.57784300006017], [-83.69136599987883, 41.574307999700714], [-83.69137400027475, 41.5716759999445], [-83.69135099981021, 41.57087600032536], [-83.6911449999459, 41.568749000110856], [-83.6909969998079, 41.56775899985489], [-83.69071599960049, 41.566485000265104], [-83.69065100020148, 41.566236000194394], [-83.69059299957685, 41.56601299982668], [-83.69045000036003, 41.56547000017921], [-83.69013999984033, 41.56446600033071], [-83.68822300041388, 41.55910400006778], [-83.68810700006296, 41.5587799998525], [-83.68805199981136, 41.55864500029167], [-83.68749000029489, 41.55726200014038], [-83.68631699995983, 41.55399000010892], [-83.68606099986678, 41.5534799999868], [-83.68601599966094, 41.553350000261126], [-83.68453899955225, 41.54927700001699], [-83.68445700043479, 41.549072999829924], [-83.68435299977942, 41.54875099981979], [-83.68366700041437, 41.54696200024573], [-83.68349099978897, 41.546544999806606], [-83.68347099969749, 41.54649800029303], [-83.68340100027561, 41.5463659998314], [-83.68284100040894, 41.54528299987988]]}, "properties": {"BASENAME": "475", "MTFCC": "S1100", "NAME": "I- 475", "OBJECTID": 13776, "OID": "11096582765", "PREDIR": null, "PREDIRABRV": null, "PREQUAL": null, "PREQUALABRV": null, "PRETYP": 344, "PRETYPEABRV": "I-", "RTTYP": "I", "SUFDIR": null, "SUFDIRABRV": null, "SUFQUAL": null, "SUFQUALABRV": null, "SUFTYP": null, "SUFTYPEABRV": null}}, {"type": "Feature", "id": 14730, "geometry": {"type": "LineString", "coordinates": [[-83.15401900005214, 41.368530999929995], [-83.15389900040154, 41.36853999999769], [-83.15379100044652, 41.368543000019976], [-83.15374000039289, 41.368543999802654], [-83.15362400004193, 41.36853900021495], [-83.15353600017838, 41.36853499973551], [-83.15333199996388, 41.36852599966712], [-83.15324699957507, 41.368524999884166], [-83.15305999997732, 41.368521999861045], [-83.1512649998513, 41.36849399986331], [-83.15072699972598, 41.36848600024699], [-83.14953500002264, 41.36845999980176], [-83.14904100027825, 41.36844300010138], [-83.14894599984368, 41.36844200031715], [-83.14848399988631, 41.36844099985874], [-83.14844399970335, 41.36844000007448], [-83.14369899955796, 41.36834800030597], [-83.14251100005258, 41.36832499983794], [-83.14200999973717, 41.368314999954315], [-83.14168300039734, 41.368308999888576], [-83.13958199994957, 41.368263000265046], [-83.13939700000165, 41.368258999768685], [-83.13672999983946, 41.36821699993487], [-83.13468199999348, 41.36818499997909], [-83.13365400032167, 41.368162999916095], [-83.1335429999936, 41.36816099966484], [-83.13187300043938, 41.36812600031436], [-83.13043999981332, 41.3680969996825], [-83.12961200015808, 41.36807999988728], [-83.12831999999732, 41.36804400002866], [-83.12790099969764, 41.368035999682874], [-83.12728999977739, 41.36804000019295], [-83.12524399958122, 41.367993999705114], [-83.12112199994996, 41.367921999872785], [-83.12105599982773, 41.36792100008055], [-83.11900499960869, 41.36788100028852], [-83.11763899982809, 41.36785900012273], [-83.11710700044884, 41.367849999960825], [-83.11704600034949, 41.36784900016748]]}, "properties": {"BASENAME": "53", "MTFCC": "S1100", "NAME": "State Rte 53", "OBJECTID": 14730, "OID": "1108296491712", "PREDIR": null, "PREDIRABRV": null, "PREQUAL": null, "PREQUALABRV": null, "PRETYP": 586, "PRETYPEABRV": "State Rte", "RTTYP": "S", "SUFDIR": null, "SUFDIRABRV": null, "SUFQUAL": null, "SUFQUALABRV": null, "SUFTYP": null, "SUFTYPEABRV": null}}, {"type": "Feature", "id": 14731, "geometry": {"type": "LineString", "coordinates": [[-83.11705300002218, 41.368012999778664], [-83.11710700044884, 41.368011999987836], [-83.11764999969876, 41.36802199991802], [-83.11804200023421, 41.368028000010185], [-83.11853500015373, 41.368037000147474], [-83.11942700028139, 41.368059000253076], [-83.1210600000257, 41.36808900001736], [-83.12364099997414, 41.36813700001596], [-83.12717699979946, 41.36820600024681], [-83.12784999964404, 41.368219999972055], [-83.12824200017951, 41.36822699983356], [-83.13043700033859, 41.368270999908795], [-83.13061200024076, 41.36827399994348], [-83.13179499972325, 41.36829800021606], [-83.13187000006634, 41.3682990000025], [-83.13274600030049, 41.36831199992152], [-83.13467699997061, 41.36834999987735], [-83.136745999733, 41.368387999810935], [-83.13865399983689, 41.36842299969471], [-83.13943499963649, 41.368458000233765], [-83.13957799975161, 41.368465000069655], [-83.1399150000355, 41.36848000019701], [-83.14048199957485, 41.36848000019701], [-83.14092799963869, 41.36846599985353], [-83.14201800013308, 41.36848700003054], [-83.14572100036298, 41.36855899991175], [-83.1468429997461, 41.36857600025599], [-83.14770399991164, 41.36859699972332], [-83.14843399965761, 41.36860599978189], [-83.14847499966548, 41.36860599978189], [-83.14902600020963, 41.36862099987674], [-83.15137899965413, 41.36866799970204], [-83.15330799967444, 41.368700999874704], [-83.1535090004142, 41.368703999889576], [-83.1537699996318, 41.368709000138765], [-83.15397800004426, 41.36871299993333], [-83.15615200028694, 41.36875800013346], [-83.15629299985393, 41.36874600008312]]}, "properties": {"BASENAME": "53", "MTFCC": "S1100", "NAME": "State Rte 53", "OBJECTID": 14731, "OID": "1108296491718", "PREDIR": null, "PREDIRABRV": null, "PREQUAL": null, "PREQUALABRV": null, "PRETYP": 586, "PRETYPEABRV": "State Rte", "RTTYP": "S", "SUFDIR": null, "SUFDIRABRV": null, "SUFQUAL": null, "SUFQUALABRV": null, "SUFTYP": null, "SUFTYPEABRV": null}}, {"type": "Feature", "id": 14749, "geometry": {"type": "LineString", "coordinates": [[-82.97044799955277, 41.4996999999421], [-82.97022900016799, 41.499600000034164], [-82.96965599988255, 41.499357000125705], [-82.96902900006874, 41.499117999819184], [-82.96862099963974, 41.49897799985773], [-82.96821999978174, 41.49884900004348], [-82.96789799956647, 41.49875500029865], [-82.96758499957203, 41.498670999752726], [-82.96726300025504, 41.4985910003169], [-82.9668849999633, 41.49850499995542], [-82.96650199964864, 41.4984279997226], [-82.96607900004935, 41.49835000026717], [-82.9656680001456, 41.49828500020068], [-82.96525499969371, 41.49822899966673], [-82.96483999959203, 41.49817999974847], [-82.96442299984051, 41.4981409998832], [-82.96400400043918, 41.4981120000889], [-82.9635850001395, 41.498092999706216], [-82.96316500001497, 41.49808300028163], [-82.96268499961592, 41.498081999800796], [-82.96118699959084, 41.498105999897824], [-82.95962900018962, 41.49813900026899], [-82.95813100016456, 41.49816400015162], [-82.95531500003945, 41.498220000069], [-82.9537629995877, 41.49825499999275], [-82.95314400016981, 41.498268999956935], [-82.95302000032125, 41.49827100023995], [-82.95253300024953, 41.4982799998306], [-82.95113200030883, 41.498303999854215], [-82.94976999982788, 41.49833199975843], [-82.94945000016074, 41.498338999732624], [-82.94916899995333, 41.49834300029422], [-82.94819999983278, 41.49835700023938], [-82.94761999987465, 41.498360000323366], [-82.94754100023192, 41.498360000323366], [-82.9464619996082, 41.49835299967866], [-82.94079599992111, 41.49826400025845], [-82.93883000009089, 41.49823300023512], [-82.93506999995958, 41.49817500004312], [-82.93378399964661, 41.49815199977859], [-82.93124399970604, 41.498118000279426], [-82.93117699975889, 41.49811699979918], [-82.93094199958225, 41.4981120000889], [-82.930402999632, 41.49810899999344], [-82.92998400023063, 41.49811500018424], [-82.92956499993099, 41.49813099979319], [-82.92914700035456, 41.49815499987202], [-82.92872999970473, 41.498189999830956], [-82.92831399977811, 41.49823199975664], [-82.92790100022457, 41.49828399972301], [-82.92754800004714, 41.49833600032045], [-82.92713899979321, 41.49840600002368], [-82.92673299991237, 41.49848499988624], [-82.92633000040455, 41.49857200007479], [-82.92593100019637, 41.49866799968315], [-82.92553500036125, 41.4987739998143], [-82.92514399965069, 41.49888800015523], [-82.9247579998613, 41.49900999999094], [-82.92437600026989, 41.499140999740646], [-82.92400100035115, 41.499281000022506], [-82.92363099955699, 41.499430000105434], [-82.92326700040724, 41.499587000142434], [-82.92291000003186, 41.49975200007542], [-82.92255900040259, 41.499924000063665], [-82.92221500044599, 41.50010500027771], [-82.92187800016211, 41.50029299974884], [-82.92154900027414, 41.50048900020535], [-82.92122799988377, 41.50069100002075], [-82.92095900027026, 41.500870999671754], [-82.92069700032944, 41.50105600032421], [-82.92035599984757, 41.501307999755355], [-82.92006399976954, 41.50153500030691], [-82.91727600013184, 41.503787999787036], [-82.9149789998655, 41.50564400027139], [-82.91202399982325, 41.508031999972076], [-82.9118659996395, 41.50816000000436], [-82.91124300002365, 41.508665999735626], [-82.91060399961596, 41.50918500020668], [-82.91011300024459, 41.50958399994476], [-82.90976000006718, 41.50986000027199], [-82.90965799995993, 41.50993999991287], [-82.90932599969891, 41.51018799992047], [-82.90902199992529, 41.51040399978232], [-82.90871300012881, 41.51060699989868], [-82.90852099960988, 41.510723999772644], [-82.90823500027793, 41.51088699968731], [-82.90789200014625, 41.511068000201135], [-82.90759199967228, 41.511215999791744], [-82.90733599957925, 41.51133299991044], [-82.90702299958478, 41.511464000292634], [-82.90670399974256, 41.511587000250955], [-82.90632499962588, 41.511723000124206], [-82.90594200020955, 41.51184999999024], [-82.9055520002222, 41.5119649997758], [-82.9051220000519, 41.51207399978759], [-82.90504400023408, 41.51209199983974], [-82.90486900033191, 41.51213200031149], [-82.90452100017737, 41.51220100031037], [-82.9042979996963, 41.51223900019059], [-82.90422999992423, 41.512249999709226], [-82.90381800019559, 41.51230999992473], [-82.9034039999188, 41.51235899991376], [-82.90304800026665, 41.51239199974818], [-82.90269099989128, 41.512415999922965], [-82.90233199986606, 41.51243000018896], [-82.90197299984086, 41.51243599972548], [-82.90161399981567, 41.512432000034494], [-82.90125599961539, 41.51242000028752], [-82.90089800031342, 41.51239799996086], [-82.90054199976295, 41.512365000129485], [-82.90012800038448, 41.51231699973325], [-82.89971599975752, 41.51225900004779], [-82.89918900040114, 41.51217599979283], [-82.88243900013872, 41.50928500011232], [-82.87239400000414, 41.50755399994795], [-82.87072600009974, 41.507265999851], [-82.86537300040712, 41.506340000276005], [-82.86478800042609, 41.506243999931456], [-82.86425799979837, 41.50616599979894], [-82.86384299969667, 41.506114999790874], [-82.86348600021961, 41.50608000007872], [-82.86306799974486, 41.50605000011811], [-82.86258999989397, 41.50602400023073], [-82.86211000039326, 41.50600900023921], [-82.86097100039339, 41.50599400024422], [-82.85955399966085, 41.50598100029057], [-82.85949000008675, 41.505979999931796]]}, "properties": {"BASENAME": "53", "MTFCC": "S1100", "NAME": "State Rte 53", "OBJECTID": 14749, "OID": "1108296489442", "PREDIR": null, "PREDIRABRV": null, "PREQUAL": null, "PREQUALABRV": null, "PRETYP": 586, "PRETYPEABRV": "State Rte", "RTTYP": "S", "SUFDIR": null, "SUFDIRABRV": null, "SUFQUAL": null, "SUFQUALABRV": null, "SUFTYP": null, "SUFTYPEABRV": null}}, {"type": "Feature", "id": 14750, "geometry": {"type": "LineString", "coordinates": [[-82.97060800028467, 41.499631999860036], [-82.97039300019952, 41.49952700024605], [-82.96994499958755, 41.49932299991354], [-82.96945400021619, 41.499107000087854], [-82.96904099976432, 41.4989470001762], [-82.96869900035587, 41.498823999752446], [-82.96835600022418, 41.49871099976994], [-82.96793699992452, 41.49858299989693], [-82.96758899976999, 41.498483000282704], [-82.96724900001135, 41.4983920000891], [-82.96691599992543, 41.498310999831446], [-82.96636000025673, 41.49819200011636], [-82.96608099969916, 41.498137999789066], [-82.9657869999713, 41.498085999705474], [-82.96544600038774, 41.498034000252915], [-82.96510800027895, 41.4979890000978], [-82.96476299959915, 41.49795199973749], [-82.96439000022855, 41.49791700032282], [-82.96399000019545, 41.49788500032239], [-82.96354699960635, 41.49785899984782], [-82.9631059995654, 41.497850000198675], [-82.96254599969876, 41.49784799990267], [-82.96169399975405, 41.49786100014345], [-82.95755200003133, 41.497947000014534], [-82.9537490002423, 41.498017999947166], [-82.9531430003449, 41.49802899986346], [-82.95301299975023, 41.498031999962635], [-82.95251499980787, 41.49804200006792], [-82.94978300024668, 41.49809499999466], [-82.94948699997066, 41.49810100018671], [-82.94946400040445, 41.49810100018671], [-82.94916399993048, 41.498105999897824], [-82.9480740003344, 41.49812200018184], [-82.9476380003163, 41.49812500027671], [-82.94731100007816, 41.4981279996986], [-82.94636799989685, 41.49811999989422], [-82.94080699979176, 41.498031999962635], [-82.93883000009089, 41.498000000018976], [-82.93378700001966, 41.497921000237646], [-82.93124600025418, 41.49788099973251], [-82.93117500010906, 41.49787999992138], [-82.93055699961776, 41.49787399970886], [-82.93013800021643, 41.49787600000402], [-82.92971899991679, 41.497886999944434], [-82.9292410000659, 41.49791199992433], [-82.92882400031436, 41.49794200029114], [-82.92840800038776, 41.49798200008582], [-82.92799400011097, 41.49803100015383], [-82.92758200038233, 41.498090000282694], [-82.92717300012842, 41.49815700015856], [-82.92676600042263, 41.49823300023512], [-82.9263620001916, 41.49831799980786], [-82.92596299998343, 41.498412999989874], [-82.9255670001483, 41.49851599978894], [-82.92517399978792, 41.49862699983977], [-82.92478600034872, 41.49874600010118], [-82.92440300003408, 41.498874000324854], [-82.9240259995672, 41.49901099978462], [-82.92365300019662, 41.49915500018613], [-82.9232859997755, 41.49930699992624], [-82.92292500010048, 41.49946700029413], [-82.92257000027324, 41.4996340001009], [-82.9222220001187, 41.49981000020075], [-82.92188099963683, 41.499994000068895], [-82.92154900027414, 41.50018600031004], [-82.92122399968581, 41.50038499973491], [-82.92090700039172, 41.50059100029748], [-82.9205540002143, 41.500835000050685], [-82.92021000025773, 41.501085999907424], [-82.91987499962366, 41.50134500021667], [-82.9173570003227, 41.50337900003343], [-82.91498300006346, 41.50529700018738], [-82.91358600032073, 41.506426000323614], [-82.91164600042978, 41.508000000260836], [-82.91149200044399, 41.50812500005221], [-82.91082899974685, 41.50866300012909], [-82.91057299965382, 41.50887099987573], [-82.90978799965626, 41.50950799973574], [-82.90966100033297, 41.5096119996806], [-82.90915800036774, 41.510000000251424], [-82.90891800016823, 41.51016899971755], [-82.90866500044824, 41.51033699979639], [-82.90834499988279, 41.51053600031476], [-82.90798500003267, 41.51073799973192], [-82.90758900019755, 41.51094100014628], [-82.90723299964708, 41.51109900013429], [-82.90694099956903, 41.51122900003964], [-82.90662400027493, 41.511356000202134], [-82.90630100023475, 41.51147600021683], [-82.90608799979941, 41.511547999715205], [-82.9059730001717, 41.511587000250955], [-82.90563900026086, 41.51168899967818], [-82.90530100015205, 41.51178100028991], [-82.9049100003398, 41.51187499996099], [-82.90483199962367, 41.5118919998011], [-82.90461099969075, 41.5119399998398], [-82.90426099988638, 41.51200500032601], [-82.90390799970895, 41.51206099970943], [-82.90384199958672, 41.51207000007428], [-82.90355299988173, 41.512106999767305], [-82.90319600040465, 41.512144000111846], [-82.90277899975482, 41.51217599979283], [-82.90241899990471, 41.51219399981662], [-82.90213500022257, 41.512200000047656], [-82.90205999987951, 41.51220100031037], [-82.9017000000294, 41.512200000047656], [-82.90139999955542, 41.51219199996368], [-82.90104100042853, 41.51217200008583], [-82.90068300022826, 41.5121429998483], [-82.9003269996778, 41.51210600017586], [-82.89997199985055, 41.512058999852385], [-82.89950200039559, 41.51198599998365], [-82.89685699997472, 41.51153099978481], [-82.89372200000739, 41.510992999997576], [-82.89057199997143, 41.5104450002415], [-82.88429899966373, 41.50936699973131], [-82.88286900030903, 41.50912099989004], [-82.87240400004987, 41.50731399995613], [-82.87072500027485, 41.50702400012448], [-82.86518400026124, 41.50606700014234], [-82.86453999983068, 41.50596600028909], [-82.86418699965326, 41.50591700017034], [-82.8638800004049, 41.50588199967836], [-82.86383199982602, 41.50587699989487], [-82.86341699972432, 41.50583900031664], [-82.8629999999728, 41.505809999933085], [-82.86258200039637, 41.50578899974005], [-82.86204400027103, 41.50577599974525], [-82.86130799977897, 41.50576499979937], [-82.85955799985881, 41.5057420002123], [-82.85948900026183, 41.505740999849785]]}, "properties": {"BASENAME": "53", "MTFCC": "S1100", "NAME": "State Rte 53", "OBJECTID": 14750, "OID": "1108296489446", "PREDIR": null, "PREDIRABRV": null, "PREQUAL": null, "PREQUALABRV": null, "PRETYP": 586, "PRETYPEABRV": "State Rte", "RTTYP": "S", "SUFDIR": null, "SUFDIRABRV": null, "SUFQUAL": null, "SUFQUALABRV": null, "SUFTYP": null, "SUFTYPEABRV": null}}, {"type": "Feature", "id": 15430, "geometry": {"type": "LineString", "coordinates": [[-83.61579799970157, 41.53799800004509], [-83.61539400036882, 41.53840099977166], [-83.61116399988423, 41.5426490001973], [-83.6081849995525, 41.54563200022308], [-83.60627399997388, 41.54755000012557], [-83.6052260002106, 41.54859199995823], [-83.60463399965859, 41.54915900023777], [-83.60398699975329, 41.54975099970616], [-83.60346000039691, 41.550214000167415], [-83.6033530002668, 41.55030599978864]]}, "properties": {"BASENAME": "23", "MTFCC": "S1100", "NAME": "US Hwy 23", "OBJECTID": 15430, "OID": "110461569898", "PREDIR": null, "PREDIRABRV": null, "PREQUAL": null, "PREQUALABRV": null, "PRETYP": 640, "PRETYPEABRV": "US Hwy", "RTTYP": "U", "SUFDIR": null, "SUFDIRABRV": null, "SUFQUAL": null, "SUFQUALABRV": null, "SUFTYP": null, "SUFTYPEABRV": null}}, {"type": "Feature", "id": 15431, "geometry": {"type": "LineString", "coordinates": [[-83.68284100040894, 41.54528299987988], [-83.68264600041526, 41.544932000156436], [-83.6824859996834, 41.54466299981616], [-83.68235299961401, 41.544438999871076], [-83.68193599986249, 41.54379100005467], [-83.6816060001496, 41.54331099966443], [-83.68128399993434, 41.542880000156586], [-83.68085399976401, 41.54233900004665], [-83.68040500022543, 41.541806999708015], [-83.67996900020735, 41.54132200031987], [-83.67963000027363, 41.54096600017586], [-83.67951399992268, 41.54084700020063], [-83.67907600025477, 41.54041899988651], [-83.67858499998509, 41.53996399989454], [-83.67807699999697, 41.539520000325986], [-83.67751200010744, 41.53905399972035], [-83.67688699994346, 41.53856800000191], [-83.67628699989385, 41.538127999710696], [-83.67571399960839, 41.537732000049466], [-83.67501800019762, 41.537275000230146], [-83.67480999978515, 41.53714199989089], [-83.67443900006441, 41.53691399992178], [-83.67386900015201, 41.53658599988946], [-83.67323700031532, 41.53624399972026], [-83.67264300011348, 41.53594099974059], [-83.6719889996372, 41.53562299983325], [-83.67142700012073, 41.53536500006634], [-83.67069900002458, 41.53505300014638], [-83.67004799992134, 41.534791999710286], [-83.66929700025896, 41.53451299970261], [-83.6687010004073, 41.534302999806876], [-83.66809700015972, 41.53410600026149], [-83.66737499991136, 41.53388800029738], [-83.6667010002419, 41.53370000020721], [-83.66596499974983, 41.533509999703966], [-83.66533700011111, 41.53336199998708], [-83.66458800009858, 41.53320299994117], [-83.66377499961362, 41.53304699999841], [-83.66301700027856, 41.53291700020701], [-83.66231199974864, 41.53281399999545], [-83.6614840000934, 41.53271200023796], [-83.66077299971569, 41.53263800018139], [-83.66005899986325, 41.53257999987794], [-83.65934199963776, 41.532538000043125], [-83.65850499976167, 41.532502999823755], [-83.65766799988558, 41.532486999966885], [-83.65548100012242, 41.532485000068576], [-83.6541699996951, 41.5324830001702], [-83.65247099982855, 41.532482000220995], [-83.65215500035939, 41.532482000220995], [-83.65029599976096, 41.53247599985289], [-83.64464000011964, 41.5324690002073], [-83.64460400013462, 41.53246700030843], [-83.63735199966062, 41.53245500024137], [-83.6361690001781, 41.5324570001406], [-83.6360000001237, 41.5324580000902], [-83.63399499993544, 41.5324690002073], [-83.63285599993554, 41.532462999838], [-83.63177700021014, 41.53244000032255], [-83.63117799998541, 41.53241600017622], [-83.63063999986008, 41.53238499969383], [-83.63004300018349, 41.53233700002388], [-83.6293889997072, 41.53226899992618], [-83.62879100020572, 41.53219200017423]]}, "properties": {"BASENAME": "23", "MTFCC": "S1100", "NAME": "US Hwy 23", "OBJECTID": 15431, "OID": "110461569899", "PREDIR": null, "PREDIRABRV": null, "PREQUAL": null, "PREQUALABRV": null, "PRETYP": 640, "PRETYPEABRV": "US Hwy", "RTTYP": "U", "SUFDIR": null, "SUFDIRABRV": null, "SUFQUAL": null, "SUFQUALABRV": null, "SUFTYP": null, "SUFTYPEABRV": null}}, {"type": "Feature", "id": 15458, "geometry": {"type": "LineString", "coordinates": [[-83.68253000006433, 41.5454519999885], [-83.68233199969761, 41.54509299978728], [-83.68220600019922, 41.54488099976802], [-83.68201200003047, 41.54455700019698], [-83.68169900003603, 41.544068999937075], [-83.68133900018591, 41.54354799996207], [-83.68096199971905, 41.54303500012944], [-83.68059500019625, 41.542568000182065], [-83.68017800044473, 41.542071999951105], [-83.67974599972628, 41.54158299995464], [-83.67926399967743, 41.54107200030276], [-83.67889899980445, 41.54070699971211], [-83.67841199973272, 41.540246999911254], [-83.67790799994258, 41.5397990002518], [-83.67742599989371, 41.53939499998086], [-83.67693100032439, 41.53899999985726], [-83.67637899995535, 41.53858399969938], [-83.67581099969279, 41.53817999990718], [-83.67501200034984, 41.53764099988826], [-83.6745930000502, 41.53737499976917], [-83.67402800016066, 41.53703799980412], [-83.67345099967727, 41.536713000052146], [-83.67281499964263, 41.53637300033271], [-83.67216500026261, 41.53604700003474], [-83.67199700003312, 41.535968000282395], [-83.67155400034233, 41.53576000020071], [-83.67093400020123, 41.5354840000424], [-83.67076199977377, 41.53541200027517], [-83.67011099967053, 41.5351420000981], [-83.66947100033624, 41.53489400022252], [-83.66876599980633, 41.534641999732806], [-83.66810800003037, 41.534420999800155], [-83.6674429996834, 41.53421400004559], [-83.66676900001396, 41.53402099993101], [-83.66603199969698, 41.533827999913086], [-83.66534600033195, 41.533664000013125], [-83.66471199994713, 41.53352400011403], [-83.66401499981313, 41.53338699971765], [-83.66331500020439, 41.533260999685965], [-83.66260999967447, 41.53314799996115], [-83.66235600012958, 41.53311300007184], [-83.66190099984492, 41.53305099976026], [-83.66118899964228, 41.53296999982765], [-83.66047399996494, 41.532902999665616], [-83.65969700036331, 41.53284700015943], [-83.65897900031291, 41.532806999713955], [-83.65831899998882, 41.532785000265356], [-83.6575990002886, 41.53277500014669], [-83.65547899957429, 41.53276899980582], [-83.6541699996951, 41.53276699991618], [-83.6539870002953, 41.53276599997135], [-83.65225400009359, 41.53276300013682], [-83.64740400036621, 41.532753000014736], [-83.6446860001504, 41.532753000014736], [-83.6426669997184, 41.53274599972671], [-83.64200800011754, 41.532737000219754], [-83.64002499967059, 41.53275000017959], [-83.63611399992654, 41.53274800028941], [-83.63594599969704, 41.53274699967183], [-83.62969000000608, 41.53272899998454], [-83.62908999995645, 41.53274299989118], [-83.6283829997767, 41.53277799998073], [-83.62832900024836, 41.53278099981459], [-83.62816000019396, 41.532789000043365]]}, "properties": {"BASENAME": "23", "MTFCC": "S1100", "NAME": "US Hwy 23", "OBJECTID": 15458, "OID": "110461569900", "PREDIR": null, "PREDIRABRV": null, "PREQUAL": null, "PREQUALABRV": null, "PRETYP": 640, "PRETYPEABRV": "US Hwy", "RTTYP": "U", "SUFDIR": null, "SUFDIRABRV": null, "SUFQUAL": null, "SUFQUALABRV": null, "SUFTYP": null, "SUFTYPEABRV": null}}, {"type": "Feature", "id": 15475, "geometry": {"type": "LineString", "coordinates": [[-83.68284100040894, 41.54528299987988], [-83.68340100027561, 41.5463659998314], [-83.68347099969749, 41.54649800029303], [-83.68349099978897, 41.546544999806606], [-83.68366700041437, 41.54696200024573], [-83.68435299977942, 41.54875099981979], [-83.68445700043479, 41.549072999829924], [-83.68453899955225, 41.54927700001699], [-83.68601599966094, 41.553350000261126], [-83.68606099986678, 41.5534799999868], [-83.68631699995983, 41.55399000010892], [-83.68749000029489, 41.55726200014038], [-83.68805199981136, 41.55864500029167], [-83.68810700006296, 41.5587799998525], [-83.68822300041388, 41.55910400006778], [-83.69013999984033, 41.56446600033071], [-83.69045000036003, 41.56547000017921], [-83.69059299957685, 41.56601299982668], [-83.69065100020148, 41.566236000194394], [-83.69071599960049, 41.566485000265104], [-83.6909969998079, 41.56775899985489], [-83.6911449999459, 41.568749000110856], [-83.69135099981021, 41.57087600032536], [-83.69137400027475, 41.5716759999445], [-83.69136599987883, 41.574307999700714], [-83.69140100003894, 41.57784300006017], [-83.69143899967375, 41.581637999774195], [-83.69145000044273, 41.5853159997434], [-83.69145600029051, 41.58698799975976], [-83.69145799994033, 41.58770199997299], [-83.69145799994033, 41.58783600019632], [-83.691476000382, 41.5896659996889], [-83.691476000382, 41.59004000021279], [-83.69147700020692, 41.59057900002157], [-83.69147800003182, 41.59093600006998], [-83.69148200022978, 41.59186699993225], [-83.69148200022978, 41.591990000179294], [-83.69148100040486, 41.592100000076066], [-83.691476000382, 41.595420999828804], [-83.69150300014617, 41.60056599992277], [-83.6915469996288, 41.60664499969566], [-83.69154800035201, 41.606793999684726], [-83.69157099991823, 41.607844000264265], [-83.69158599998686, 41.60856099984168], [-83.69160199988038, 41.61300399991858], [-83.69161199992612, 41.613598000106336], [-83.69158500016195, 41.615626000042006], [-83.6916589997818, 41.61648400024401], [-83.69173199957673, 41.61766499973388], [-83.69216000009722, 41.62045699970175], [-83.69251499992446, 41.62248600009937], [-83.69252800034324, 41.62255900012559], [-83.69257100000095, 41.622822999677865], [-83.69277299966733, 41.62406800003065], [-83.69284700018545, 41.624543999978656], [-83.69318699994409, 41.626557999797036], [-83.69346300012862, 41.62819699987564], [-83.69381799995584, 41.63029799999827], [-83.69385399994086, 41.63051199993403], [-83.69400000042906, 41.63137900002569], [-83.69402100034546, 41.631500999724565], [-83.69417600015615, 41.632470000189514], [-83.69438799986825, 41.633742000211676], [-83.69444099957171, 41.63406099970811], [-83.69453500018135, 41.63486700013648], [-83.69458899970971, 41.635581000332095], [-83.69462899989269, 41.6366599996837], [-83.69468499996917, 41.63816699987674], [-83.69470599988557, 41.638732999703315], [-83.69494000023731, 41.64623699976441], [-83.69516299982004, 41.653880000254524], [-83.69518899975932, 41.65428199986911], [-83.69521200022386, 41.65606100015594], [-83.6951949996071, 41.65734199992799], [-83.6951949996071, 41.65737700030499], [-83.69499999961344, 41.659294999804295], [-83.69472000012928, 41.66093700017377], [-83.69394799965221, 41.66613799990526], [-83.69394600000237, 41.66616200003214], [-83.69379000036676, 41.6680179999709], [-83.69379299984149, 41.66845200006577], [-83.69380500043539, 41.67022200031699], [-83.69381600030603, 41.670734999741526], [-83.69419500042272, 41.67500800016974], [-83.69425599962378, 41.675694000135834], [-83.69428999995897, 41.676103999707664], [-83.69459200008275, 41.679183999928114], [-83.69459399973259, 41.679205000144954], [-83.6947929999242, 41.68098200024958], [-83.69495199993287, 41.681718000320515], [-83.69518600028461, 41.68235500001082], [-83.69520600037607, 41.68240700014528], [-83.69536700003457, 41.68284400007925], [-83.69541600043837, 41.6829709997814], [-83.69544900005032, 41.68305900022563], [-83.695680000029, 41.68366900022525], [-83.69594000032, 41.68420500031288], [-83.69622700037517, 41.684938999872834], [-83.69644199956203, 41.68566799981705], [-83.69657600035464, 41.68637800016959], [-83.6966590001953, 41.68724499983898], [-83.6966580003704, 41.6878770000302], [-83.6966290000581, 41.688399000240594], [-83.69655799991298, 41.68917299981177], [-83.69649799963851, 41.689641000229926], [-83.69644800030811, 41.69042200025633], [-83.69624999994139, 41.69290100003134], [-83.69622099962909, 41.693168000267896], [-83.69618299999424, 41.69364499968786], [-83.69616399972767, 41.69394600000607], [-83.6959600004115, 41.696360000036066], [-83.69591299965751, 41.69674399977793], [-83.69587800039574, 41.69703400009313], [-83.69585699958103, 41.69714999971894], [-83.69578700015913, 41.69753999989875], [-83.69572500023486, 41.697809999876114], [-83.6957000001205, 41.69791999969094], [-83.69557299989889, 41.69832300006389], [-83.69524200036109, 41.69922600020052], [-83.69493100001647, 41.69983000026015], [-83.69463899993842, 41.70033900029978], [-83.69413599997317, 41.70114999982828], [-83.69380700008522, 41.70151600021824], [-83.69373299956705, 41.70159700001756], [-83.69319299979186, 41.7021889998908], [-83.69317000022565, 41.70221199998437], [-83.6925600001303, 41.70282100013926], [-83.69197299960115, 41.70340800021918], [-83.6917090000105, 41.70367299979864], [-83.69115599981654, 41.704234000199726], [-83.69089899989861, 41.7044939998865], [-83.69045600020782, 41.7050179999711], [-83.69015499990893, 41.70541199986883], [-83.6898929999681, 41.705741999977995], [-83.689857999808, 41.70578599973044], [-83.68955700040743, 41.70619500008869], [-83.68890399975606, 41.70752500032621], [-83.68849299985233, 41.70895599981291], [-83.68833999969144, 41.71019899973271], [-83.68833999969144, 41.71085800021189], [-83.68838099969933, 41.71176599996285], [-83.68837999987441, 41.71196899977329], [-83.68838099969933, 41.71208499995189], [-83.68846600008814, 41.71354900021508], [-83.6885549997766, 41.714847999802956], [-83.68859400013464, 41.71522400003017], [-83.68863299959442, 41.71594399993342], [-83.68865699988385, 41.717882000183316], [-83.68865900043198, 41.71795099968986], [-83.68867199995246, 41.718355000328415], [-83.6887089997624, 41.71912699997556], [-83.68874599957232, 41.71988500017899], [-83.68886600012122, 41.72154100008853], [-83.68887600016697, 41.721674999741296], [-83.68895099961172, 41.72410899998724], [-83.68895200033495, 41.724152999906835], [-83.6890190002821, 41.72599000016594], [-83.68904100002341, 41.72630500009608], [-83.68904400039646, 41.7263930002497]]}, "properties": {"BASENAME": "23", "MTFCC": "S1100", "NAME": "US Hwy 23", "OBJECTID": 15475, "OID": "1108296483898", "PREDIR": null, "PREDIRABRV": null, "PREQUAL": null, "PREQUALABRV": null, "PRETYP": 640, "PRETYPEABRV": "US Hwy", "RTTYP": "U", "SUFDIR": null, "SUFDIRABRV": null, "SUFQUAL": null, "SUFQUALABRV": null, "SUFTYP": null, "SUFTYPEABRV": null}}, {"type": "Feature", "id": 15501, "geometry": {"type": "LineString", "coordinates": [[-83.68866399955655, 41.72641800032463], [-83.68877700043275, 41.72897200013905], [-83.68881300041777, 41.729404000208966], [-83.68885500025056, 41.72972599987364], [-83.68895399998478, 41.730355999766886], [-83.68902099993193, 41.73065200003298], [-83.68921400027577, 41.73142299987852], [-83.6892939997434, 41.73166700010264], [-83.68935400001784, 41.731880000186244], [-83.68943199983566, 41.73213199967523], [-83.6896040002631, 41.7326129997755], [-83.68964899957065, 41.73274099994523], [-83.68979199968577, 41.733088999997065], [-83.6899840002047, 41.733556999891164], [-83.69043299974328, 41.73437700022179], [-83.69065500039943, 41.73475899980988], [-83.69107299997587, 41.73545000017889], [-83.69139099999317, 41.735949999724454], [-83.69206899986061, 41.73707499972013], [-83.69236299958848, 41.73760900020902], [-83.69289700041419, 41.73876399979009], [-83.69316600002769, 41.73948199984178], [-83.6933769999149, 41.740125000329165], [-83.6933989996562, 41.74023999987317], [-83.69365099955128, 41.74153700002565], [-83.69373900031314, 41.742246000114854], [-83.69387900005522, 41.74448000017731], [-83.69400100025396, 41.74722400031507], [-83.69412099990457, 41.749550999708475], [-83.69417600015615, 41.75005499976529], [-83.69436799977677, 41.75496600012834], [-83.69479799994707, 41.76624199983059], [-83.69490199970416, 41.76899499972445], [-83.69498899974279, 41.771153999982424], [-83.69503200029881, 41.77278700025214], [-83.69506499991077, 41.77343999979374], [-83.69521200022386, 41.7763360001802], [-83.69521700024674, 41.77643100008584], [-83.69523399996517, 41.77669700014489], [-83.69546099974589, 41.78022799977226], [-83.69564999989177, 41.78336600028531], [-83.69565599973956, 41.78345199978273], [-83.69572299968672, 41.7852369996899], [-83.6957150001891, 41.78567699999718], [-83.69568800042492, 41.78605600032107], [-83.69566300031057, 41.78629000020653], [-83.69559700018834, 41.78677499989161], [-83.69553400043914, 41.78725599984735], [-83.69545900009605, 41.787610999875724], [-83.69528599984372, 41.78827999991838], [-83.6952080000259, 41.788555999718916], [-83.69511699978929, 41.78883700031665], [-83.69476699998494, 41.789720000015826], [-83.69474100004568, 41.78978000021096], [-83.69469900021288, 41.78988200014592], [-83.69449300034856, 41.790316000221615], [-83.69419299987459, 41.79090799972325], [-83.69391699969005, 41.791398999701244], [-83.693552999642, 41.79198400029508], [-83.69338899961046, 41.79223099989539], [-83.69310499992832, 41.792637999869285], [-83.69294900029273, 41.792850999921484], [-83.69183399968398, 41.79416999985745], [-83.69169700031493, 41.79431999987293], [-83.69119799964933, 41.794870000051546], [-83.689208000428, 41.797012000115515], [-83.68810600023804, 41.79819900010428], [-83.68754399982325, 41.79882499970023], [-83.68530299963341, 41.801327000281894], [-83.6852039998992, 41.80145599983967], [-83.68500100040792, 41.80173799993089], [-83.68482599960743, 41.80196600008039], [-83.68457200006253, 41.80239499977483], [-83.68444099964296, 41.80265599969622], [-83.68423499977864, 41.803067999969024], [-83.68401200019586, 41.80363400032166], [-83.6838249996998, 41.80430799997904], [-83.683710999897, 41.804792999939906], [-83.683710999897, 41.80480599998774], [-83.68360299994195, 41.80538300017548], [-83.68356100010917, 41.80568399999813], [-83.68352400029926, 41.806086000281034], [-83.68351199970537, 41.80638500003664], [-83.68355199988835, 41.807358000119116], [-83.68368699960756, 41.80962800009048], [-83.68375600010283, 41.81128799988487], [-83.68383100044592, 41.812782000280336], [-83.68416299980862, 41.819414000039934], [-83.68421200021243, 41.82047200024612], [-83.68422499973289, 41.820888999904184], [-83.68422599955781, 41.82092599995461], [-83.68422800010593, 41.821202999906156], [-83.68421499968714, 41.82155000011719], [-83.68417000037962, 41.821981000176415], [-83.68414799973999, 41.822114000233334], [-83.68412299962564, 41.82232700004604], [-83.68404399998292, 41.82274200007229], [-83.68398100023373, 41.8229909998681], [-83.68394600007363, 41.82312700022411], [-83.68388400014936, 41.82333700030496], [-83.68377000034654, 41.82367999984831], [-83.68362999970614, 41.82405399978967], [-83.68351699972824, 41.82432300005064], [-83.68322800002325, 41.82490099992874], [-83.68309599977876, 41.82514099981817], [-83.68296799973224, 41.825352000082354], [-83.68272300040817, 41.82572500020924], [-83.68230999995629, 41.82630500030903], [-83.68088899992411, 41.82809499981241], [-83.679655000388, 41.82965000009904], [-83.67905600016327, 41.83040499978179], [-83.67556899984343, 41.83482600016363], [-83.67413000026791, 41.83669499990324], [-83.67399300000056, 41.83687299970908], [-83.67152500003, 41.8399939996936], [-83.67136400037154, 41.84019099976918], [-83.67110099970748, 41.8405259998301], [-83.67089300019333, 41.84080100026744], [-83.67068899997884, 41.841055000010854], [-83.67015000002858, 41.84175300021051], [-83.66867600029295, 41.843612000324576], [-83.66830100037423, 41.8441080002817], [-83.66784199989158, 41.844683000147164], [-83.66707799981043, 41.84565599990121], [-83.6666250000739, 41.84623399988265], [-83.66634399986651, 41.84658299978826], [-83.66541499992891, 41.84773500021306], [-83.66453000037227, 41.84881200031974], [-83.66417999966959, 41.84926799990599], [-83.66405099979815, 41.849451999851716], [-83.66372899958287, 41.84990800022918], [-83.66355899970355, 41.85012099990362], [-83.66317600028722, 41.850640999742375], [-83.66278200010193, 41.85122300028788], [-83.6626609997281, 41.851434000224025], [-83.66260800002465, 41.851515999954295], [-83.66252000016111, 41.85165399996487], [-83.66227800031177, 41.85209300017621], [-83.66198100021086, 41.852685000247526], [-83.66181100033154, 41.853047999708565], [-83.6616549997976, 41.8534189997129], [-83.66148900011625, 41.85386900001158], [-83.66114199978664, 41.85491200033362], [-83.66103700020464, 41.85536099986951], [-83.66098899962576, 41.85559500022009], [-83.66086300012738, 41.856359000104625], [-83.66083499963996, 41.85656400017582], [-83.66078600013446, 41.857105000096986], [-83.66075900037029, 41.85768399992917], [-83.66075799964707, 41.857970999920454], [-83.66088300021885, 41.862507999879405], [-83.66094400031822, 41.86533099979029], [-83.66096199986157, 41.86617899968009], [-83.66097199990732, 41.86690800024422], [-83.66101799993807, 41.87012099997712], [-83.66107900003745, 41.8733669998786], [-83.66110099977874, 41.87553000011645], [-83.66112900026614, 41.87831799981204], [-83.6611750002969, 41.88070599999658], [-83.66127099965804, 41.88779800008207], [-83.6612740000311, 41.887995999833294], [-83.66134500017621, 41.891631999900255], [-83.66142999966671, 41.895173000092264], [-83.66143200021484, 41.89527099997756], [-83.66169800035364, 41.906131000170674], [-83.66171400024716, 41.90733300024706], [-83.66176100010283, 41.90914100032166], [-83.66176500030079, 41.90930000012683], [-83.66179000041514, 41.90994099994562], [-83.66179200006496, 41.91011799968037], [-83.66181299998136, 41.91197400016095], [-83.66186400003498, 41.91342600000978], [-83.66190099984492, 41.91431299968672], [-83.6620349997392, 41.920874999692735], [-83.66215199991507, 41.92444899986043], [-83.66215100009016, 41.92472000008112], [-83.66222899990798, 41.928274000296945], [-83.66225300019741, 41.92931799988725], [-83.66226900009096, 41.9300520001376], [-83.66228400015954, 41.93038500026686], [-83.66229800040325, 41.93070999971829], [-83.66240999965792, 41.93648699975252], [-83.66245599968867, 41.93750199991014], [-83.66248800037405, 41.93795299988033], [-83.66255500032119, 41.9385720000249], [-83.66260700019973, 41.938881000020736], [-83.66266499992606, 41.93911499992313], [-83.66278700012481, 41.93966300009821], [-83.66290599995048, 41.94006800015095], [-83.66313600010425, 41.94090900027194], [-83.66365400013811, 41.94216000018067], [-83.66464099980202, 41.94389300014156], [-83.66499700035249, 41.94446799972136], [-83.66572500044863, 41.94562100001493], [-83.66578399999986, 41.94571400021118], [-83.66584400027433, 41.9458060000563], [-83.66604599994068, 41.946120999667976], [-83.66826899968886, 41.949719000161295], [-83.66828100028273, 41.94973700025973], [-83.6683850000398, 41.94989800009748], [-83.66860599997274, 41.950241000284024], [-83.66885000037023, 41.95062800011532], [-83.6699759999513, 41.95241200010026], [-83.67073800038264, 41.953603999990015], [-83.67113400021776, 41.95425499983327], [-83.67114000006553, 41.95426499999348], [-83.67151800035731, 41.95493100018399], [-83.67190999999447, 41.955869000304624], [-83.67204399988879, 41.95623599967047], [-83.67209099974444, 41.95641199986345], [-83.67223600040772, 41.957044999716835], [-83.6722770004156, 41.95733100024474], [-83.67228599973812, 41.95739699982459], [-83.67230800037774, 41.95762599975991], [-83.67231599987534, 41.95772700003872], [-83.6723419998146, 41.958082999811104], [-83.67238600019554, 41.959355000133485], [-83.6723970000662, 41.96167400001243], [-83.6723970000662, 41.96231599997675], [-83.67242499965529, 41.963252999669194], [-83.67243600042426, 41.96342300021967], [-83.67244999976964, 41.96364199985157], [-83.67247599970892, 41.963947000186266], [-83.67249199960243, 41.964285999876516], [-83.67253099996049, 41.96454999969822], [-83.67262499967184, 41.96493399973293], [-83.67273199980195, 41.96530200023839], [-83.6728559996505, 41.965731000066384], [-83.6729600003059, 41.96599599981068], [-83.67309699967494, 41.96629199985004], [-83.67321100037606, 41.96652099988022], [-83.67334199989732, 41.9667559997437], [-83.67347300031687, 41.96697900014278], [-83.67364400002111, 41.96722700008917], [-83.6741439996133, 41.967879000233566], [-83.67420300006283, 41.96796200000156], [-83.67445300030809, 41.96830499981936], [-83.675916999998, 41.97031199997795], [-83.67597800009734, 41.970395999745094], [-83.67605799956499, 41.97050499977864], [-83.6769249995783, 41.97169299995536], [-83.67709600018085, 41.97200700005879], [-83.67727500028099, 41.97236700005506], [-83.67749299984087, 41.97276500015755], [-83.67766100007036, 41.97316899982912], [-83.67787000030775, 41.97382399992667], [-83.67795800017129, 41.97418099969271], [-83.67810999960894, 41.97498699969828], [-83.67813700027142, 41.97535800015634], [-83.67823500018072, 41.97893200020606], [-83.67823600000563, 41.97896599986453], [-83.67823900037868, 41.97908900030389], [-83.6782469998763, 41.979554999845796], [-83.67824799970121, 41.979643999869175], [-83.67827199999064, 41.98047000029685], [-83.67831499964836, 41.982928000062245], [-83.67831899984633, 41.98310500027435], [-83.67847600020515, 41.99162799974834], [-83.67850999964202, 41.99347299972314], [-83.67856200041888, 41.99700800002393], [-83.67856200041888, 41.997061000204155], [-83.67863699986361, 42.00004499977351], [-83.67865100010732, 42.00062300009863], [-83.67869600031318, 42.0036729998885], [-83.67869299994011, 42.003929000227], [-83.67869899978791, 42.00415299992858], [-83.67866899965067, 42.004402999892], [-83.67862500016807, 42.00500800010404], [-83.67855300019804, 42.00543400030154], [-83.67850999964202, 42.005841000113534], [-83.67824500022645, 42.00788200028643], [-83.6781780002793, 42.0083660002148], [-83.67815300016495, 42.008657999973835], [-83.67813300007346, 42.00900200008252], [-83.6781210003779, 42.01027800024981], [-83.6781709997083, 42.01155900010602], [-83.67829899975482, 42.01508299975242], [-83.67842299960338, 42.018872000289214], [-83.67864100006157, 42.02550799994143], [-83.67872399990227, 42.02790300027291], [-83.67869899978791, 42.02856500013903], [-83.67860199970353, 42.0293419999448], [-83.67853800012942, 42.029614000147056], [-83.67835900002929, 42.03023400014391], [-83.67820800041655, 42.030654000236], [-83.67805299970752, 42.031005999840595], [-83.67788100017837, 42.03135699995828], [-83.67769299985741, 42.03167900030441], [-83.6774810001453, 42.03201599996409], [-83.67730799989296, 42.03227500023849], [-83.67707000024157, 42.0325870000668], [-83.67679599970688, 42.03293599976443], [-83.6765449996367, 42.03326500002076], [-83.67639599967379, 42.033476000248136], [-83.67613700010602, 42.033797999867936], [-83.67339899979872, 42.03735800012678], [-83.67232799957091, 42.03888400031112], [-83.6711369996925, 42.04042199997982], [-83.67090700043703, 42.04075499974693], [-83.67084700016258, 42.04085400015255], [-83.6707080002454, 42.04108200011589], [-83.67052999997017, 42.0413879997817], [-83.67035099987002, 42.04173999998156], [-83.67011900006644, 42.04222399974101], [-83.66998799964686, 42.04254899982751], [-83.66988100041507, 42.04287100017668], [-83.66974900017058, 42.04335299995771], [-83.66968700024631, 42.043666000118954], [-83.66961899957592, 42.044091000207615], [-83.66958400031415, 42.04451200012341], [-83.66956500004757, 42.04495099978989], [-83.66964399969028, 42.046680999710055], [-83.66984999955461, 42.05353199972765], [-83.66996799955538, 42.05659900008947], [-83.67016199972414, 42.062602999836976], [-83.67016799957193, 42.062885000166034], [-83.6703979997257, 42.069841999949375], [-83.67040100009875, 42.06992199997754], [-83.67040199992366, 42.069953000228075], [-83.6705609999323, 42.074777000328666], [-83.67056199975723, 42.07482100000297], [-83.67058000019888, 42.075010999670766], [-83.67067499973513, 42.0780329998502], [-83.67070599969726, 42.079282000027845], [-83.67071599974301, 42.079570999743034], [-83.67086999972881, 42.081460999786145], [-83.67092199960733, 42.08183899997329], [-83.67134799957968, 42.083447000060865], [-83.67155599999214, 42.08388299980334], [-83.67162299993929, 42.08401299970637], [-83.6718199995828, 42.084325000120266]]}, "properties": {"BASENAME": "23", "MTFCC": "S1100", "NAME": "US Hwy 23", "OBJECTID": 15501, "OID": "1108296484023", "PREDIR": null, "PREDIRABRV": null, "PREQUAL": null, "PREQUALABRV": null, "PRETYP": 640, "PRETYPEABRV": "US Hwy", "RTTYP": "U", "SUFDIR": null, "SUFDIRABRV": null, "SUFQUAL": null, "SUFQUALABRV": null, "SUFTYP": null, "SUFTYPEABRV": null}}, {"type": "Feature", "id": 15516, "geometry": {"type": "LineString", "coordinates": [[-83.67194000013171, 42.08432800023862], [-83.6716799998407, 42.083785999891916], [-83.67150800031158, 42.0833929998261], [-83.67136699984626, 42.08293500003684], [-83.67121899970826, 42.082178999801855], [-83.67118799974611, 42.08190300030767], [-83.67114099989045, 42.08158899981946], [-83.67108399998904, 42.079507999838874], [-83.67107700031634, 42.07935299976605], [-83.67103499958523, 42.078015000019185], [-83.67097299966098, 42.07601600020849], [-83.67091599975956, 42.07501899982678], [-83.67090800026195, 42.074816999912606], [-83.67090700043703, 42.074794000221615], [-83.67089999986602, 42.073743999741104], [-83.67089599966806, 42.07363199988263], [-83.67077900039051, 42.06995199996205], [-83.6707779996673, 42.06992699997593], [-83.67076599997174, 42.06956600014537], [-83.67051499990156, 42.062885999876436], [-83.67050900005378, 42.062602000122084], [-83.67044299993155, 42.05996199969836], [-83.6702139996027, 42.053486000254935], [-83.6699259997226, 42.04494799981159], [-83.66992300024785, 42.044597000037285], [-83.66993599976833, 42.04414599986223], [-83.67000299971548, 42.04358200030803], [-83.670054999594, 42.04326699969455], [-83.67013300031013, 42.04292700024484], [-83.67023000039453, 42.042604000149815], [-83.670503000206, 42.041851000019236], [-83.67094599989679, 42.04096599979202], [-83.67097600003402, 42.040916999723855], [-83.6712220000813, 42.040512999736855], [-83.67141399970194, 42.04024100014172], [-83.67236600010406, 42.0389869999753], [-83.67245599961741, 42.03888100004636], [-83.67458999967714, 42.0363669999204], [-83.67680800030075, 42.03346000014159], [-83.6769239997534, 42.03332099988064], [-83.67712399976993, 42.03306099968521], [-83.6773890000838, 42.03272800030153], [-83.67784400036847, 42.03213000022264], [-83.67804100001196, 42.031798999697024], [-83.67838699961837, 42.03111999990885], [-83.67865699995512, 42.03048999967874], [-83.67892800011676, 42.02949200016102], [-83.67900500010965, 42.02897399989898], [-83.67904000026975, 42.02862299996815], [-83.67908299992747, 42.02800500012499], [-83.67900400028473, 42.02563099986241], [-83.67879500004739, 42.01926099974552], [-83.67878500000162, 42.018966999806466], [-83.67866000032816, 42.015365999926765], [-83.67865199993224, 42.01519800013553], [-83.67851600038813, 42.01155699973714], [-83.6784879999007, 42.01011499973568], [-83.67847200000719, 42.009124000004114], [-83.67849999959627, 42.008733000161925], [-83.67854099960417, 42.00839400010347], [-83.67856900009157, 42.00802399981686], [-83.67859900022879, 42.007764000294436], [-83.67901599998031, 42.00462799988698], [-83.6790639996609, 42.00420800009827], [-83.67904899959228, 42.00394499975505], [-83.6790500003155, 42.00370499973683], [-83.67900000008677, 42.00061699996282], [-83.67900500010965, 42.000171000301144], [-83.67900599993457, 42.00002799990047], [-83.67893399996454, 41.997056999889814], [-83.67892899994168, 41.99699799989679], [-83.67887299986519, 41.99346600011344], [-83.67882099998663, 41.99162799974834], [-83.6787409996207, 41.98879899989924], [-83.67867500039677, 41.98301399981553], [-83.67867200002371, 41.982920999960754], [-83.67861299957418, 41.980375999724544], [-83.67860400025167, 41.97975300010349], [-83.6786009998786, 41.979560000278106], [-83.6785220002359, 41.97571700016581], [-83.6784729998321, 41.9750670002858], [-83.67842000012865, 41.974615999750434], [-83.67835099963335, 41.97419999999831], [-83.67825299972407, 41.97384900032714], [-83.6781630002107, 41.97357300027746], [-83.67790499956952, 41.97287100010445], [-83.6776429996287, 41.97227600027964], [-83.67744400033538, 41.9719089997928], [-83.67734999972575, 41.971724999853855], [-83.6747560002568, 41.96815600010784], [-83.67456899976074, 41.96791299978141], [-83.67431900041379, 41.96757700030988], [-83.67407599984124, 41.967266999925435], [-83.67385800028136, 41.96696200012188], [-83.67363399997538, 41.96662100019808], [-83.6734399998066, 41.96630599970051], [-83.6732570004068, 41.965959000210034], [-83.673136000033, 41.96569400031185], [-83.67299299991785, 41.965329999703386], [-83.6728909998106, 41.964998000292994], [-83.67279399972624, 41.964738999915845], [-83.67270699968758, 41.96445000013737], [-83.67266400002988, 41.96416999973032], [-83.67260499958034, 41.96348499974957], [-83.67255600007485, 41.96237000027191], [-83.67256199992264, 41.9621350002618], [-83.67257600016633, 41.95938600021517], [-83.67252400028781, 41.95827699993823], [-83.67251699971679, 41.957952000024775], [-83.67248699957956, 41.95769399976016], [-83.67243399987613, 41.95715199980531], [-83.6723760001498, 41.95681599969784], [-83.67225300012615, 41.95628400013569], [-83.67217600013326, 41.95605600010907], [-83.67174599996297, 41.955009999834104], [-83.6715090001365, 41.95454800006909], [-83.67093099982816, 41.95359499981938], [-83.66906200008233, 41.95063400028581], [-83.6687649999814, 41.950163000214786], [-83.6684970001928, 41.94973399979826], [-83.66848600032215, 41.949716999853095], [-83.66831899991756, 41.949446999762614], [-83.666251999805, 41.94611100023449], [-83.66615399989573, 41.94595799988718], [-83.66605699981133, 41.94580400029348], [-83.66593100031295, 41.94560600007831], [-83.6653279998903, 41.944678000256374], [-83.66448900036437, 41.94332499982996], [-83.66415100025557, 41.942728000179585], [-83.6639420000182, 41.942295000097644], [-83.66358800001588, 41.94148900011396], [-83.66339100037239, 41.940991000132], [-83.66328300041734, 41.940675000270645], [-83.66312699988342, 41.94014700017987], [-83.66296600022494, 41.93947399968338], [-83.662857000445, 41.93887700006063], [-83.66278999959953, 41.93841500030752], [-83.66272500020051, 41.93775099997834], [-83.66271299960664, 41.9370970002666], [-83.6626880003906, 41.93631199970563], [-83.66254699992528, 41.92984799967536], [-83.66249800041979, 41.92752199995713], [-83.66242399990165, 41.92471400014539], [-83.66232099996948, 41.92086199982774], [-83.66216000031099, 41.91413800030756], [-83.66215000026524, 41.913387999920886], [-83.66213299964849, 41.912505999768385], [-83.66212199977785, 41.91197099992815], [-83.66205800020374, 41.910104000191346], [-83.66205200035596, 41.90994200005503], [-83.66202800006651, 41.909234999682546], [-83.66202600041669, 41.90909700028884], [-83.66200499960198, 41.90776900009883], [-83.66198899970846, 41.906132999840274], [-83.66195899957123, 41.9053010001615], [-83.6619219997613, 41.9042689997729], [-83.66171400024716, 41.89541600018701], [-83.6617100000492, 41.89526899996773], [-83.66161299996482, 41.89163300029646], [-83.66155000021563, 41.88800000030831], [-83.66144999975819, 41.88070500009809], [-83.66140999957523, 41.878395000177335], [-83.6613710001155, 41.87495999990788], [-83.66135299967382, 41.8733679998919], [-83.66128699955159, 41.87011600032534], [-83.66124100041915, 41.866861000203414], [-83.66123100037339, 41.86617899968009], [-83.66120999955868, 41.86532699990303], [-83.66114000013681, 41.86252400013246], [-83.66105200027326, 41.85864400016382], [-83.66102200013603, 41.85794499999762], [-83.66103999967937, 41.85735700015512], [-83.6610840000603, 41.85679100023872], [-83.66111800039549, 41.85650400030459], [-83.66115500020543, 41.85629200008574], [-83.66119000036552, 41.856006000204495], [-83.66123999969592, 41.8557100001644], [-83.66131699968881, 41.85537100014223], [-83.66139200003188, 41.855067999750304], [-83.66152799957601, 41.85456400000629], [-83.66174900040724, 41.85394900000084], [-83.66190000002, 41.85353800018009], [-83.66202999971632, 41.85322899984064], [-83.6621679998086, 41.852931000334024], [-83.66243999979517, 41.8523639997156], [-83.66275000031487, 41.85180599990346], [-83.66282999978249, 41.851649999891166], [-83.6629140003464, 41.85151799999537], [-83.66324700043232, 41.85099500017385], [-83.66343300020519, 41.850726999951725], [-83.66375899972009, 41.85027199976472], [-83.66432000030997, 41.84955599990698], [-83.66490799976572, 41.84880899979663], [-83.66564400025777, 41.84787299968122], [-83.66647600011099, 41.846814000183855], [-83.66676800018904, 41.846442000249276], [-83.66741799956907, 41.845625000097385], [-83.6680600003498, 41.844818000134694], [-83.66833599963601, 41.84446800017384], [-83.6688639997156, 41.84381999984646], [-83.66904899966354, 41.84356899980178], [-83.66927700016748, 41.843271999946175], [-83.67030099964131, 41.84196799993766], [-83.67090800026195, 41.8411749999026], [-83.67134299955683, 41.84063799985881], [-83.67164700022876, 41.8402710001329], [-83.67431600004076, 41.83686100006107], [-83.6744599999808, 41.83667700004575], [-83.67680900012566, 41.833676000169], [-83.67931999975393, 41.830482000286295], [-83.67971800013719, 41.82997800029269], [-83.6817400000439, 41.82741799989837], [-83.68248499985847, 41.82647300012289], [-83.68288599971648, 41.82592400019736], [-83.68299899969439, 41.825761000054435], [-83.68330099981817, 41.82529100029636], [-83.68341600034421, 41.825089000052344], [-83.68353199979686, 41.82486599970233], [-83.68370400022431, 41.82455100015086], [-83.68390500006575, 41.82408600011634], [-83.68407800031812, 41.82362499986957], [-83.68413600004443, 41.823451999993566], [-83.68421399986224, 41.82319500029379], [-83.68425499987012, 41.823034000159566], [-83.68428500000735, 41.822918999720166], [-83.68438899976444, 41.82235899989693], [-83.6844220002747, 41.822114000233334], [-83.68447300032834, 41.821766999731466], [-83.68449199969658, 41.82145799992614], [-83.68450299956723, 41.82114200018409], [-83.68449699971946, 41.820875999772845], [-83.68448199965084, 41.820210999935725], [-83.68443899999315, 41.81957799978916], [-83.68442300009961, 41.81910899969155], [-83.68438899976444, 41.818557000290824], [-83.68429000003023, 41.81640100013278], [-83.68409599986147, 41.812759000276195], [-83.68397299983782, 41.80963200011266], [-83.68377799984415, 41.806953999687785], [-83.68377700001923, 41.80651600023352], [-83.68379700011073, 41.80596499983328], [-83.68382700024794, 41.80564100011004], [-83.68384599961621, 41.80543600027797], [-83.68394799972347, 41.80490399979989], [-83.68408699964063, 41.804394999928796], [-83.68417600022741, 41.804033999888674], [-83.68435600015246, 41.80353099973757], [-83.68449500006963, 41.80321199995323], [-83.68465200042847, 41.80288199970576], [-83.68484200039927, 41.80253099967151], [-83.68500499970757, 41.80225199974936], [-83.68521399994493, 41.801921000123926], [-83.68527599986923, 41.801828000069165], [-83.68535700006007, 41.80170700028551], [-83.6858099997966, 41.801112999799], [-83.68630400043934, 41.8005539999726], [-83.68640200034862, 41.800453000092375], [-83.68756800011268, 41.79917699977816], [-83.6884769999588, 41.798182999837614], [-83.68954800018662, 41.79701899985834], [-83.69122199993879, 41.79519800024452], [-83.6916949997668, 41.7947139998934], [-83.69195900025576, 41.79444399993318], [-83.6922789999229, 41.79406600022113], [-83.69310800030138, 41.79314799996347], [-83.69522300009451, 41.790847999914114], [-83.69551199979952, 41.790525000077174], [-83.69616899975055, 41.789821000066425], [-83.69636799994217, 41.78956700000079], [-83.69657899982937, 41.78926600015734], [-83.69684300031834, 41.78883500032631], [-83.69708599999258, 41.788357000169114], [-83.69723300030567, 41.787950999814676], [-83.69729400040505, 41.787764999882384], [-83.69739499978907, 41.78728299970724], [-83.69743599979695, 41.787020000091594], [-83.69746599993418, 41.786757000066885], [-83.6974810000028, 41.78655800029133], [-83.6974829996526, 41.78635399972878], [-83.69747699980483, 41.786175000109075], [-83.69746299956113, 41.78599599998961], [-83.69744300036797, 41.785823000293604], [-83.69741400005564, 41.785635000125595], [-83.6965310001488, 41.78170100003169], [-83.69636000044457, 41.78091899975293], [-83.69602900000847, 41.77948200001702], [-83.69581999977109, 41.778507999901926], [-83.69574699997615, 41.77810399980541], [-83.69566699961021, 41.777525000197514], [-83.69560300003612, 41.77687899997274], [-83.69559200016546, 41.77668399975462], [-83.69557600027194, 41.77640600005377], [-83.69542300011106, 41.773154999762795], [-83.69536899968438, 41.77201200027255], [-83.69525800025461, 41.76897500032888], [-83.69519700015525, 41.766801999715454], [-83.69487499993997, 41.758426999848865], [-83.69470599988557, 41.75495700010862], [-83.69460899980118, 41.75242100027218], [-83.6944969996482, 41.7500950002918], [-83.69436000027916, 41.747202000217584], [-83.69426300019477, 41.74517699987557], [-83.69417699998105, 41.74343299979896], [-83.69415100004178, 41.74290499972564], [-83.69411199968373, 41.74201499990751], [-83.69388200042827, 41.74075500011338], [-83.69371099982573, 41.7400610002606], [-83.69347700037233, 41.7393629998962], [-83.69330300029505, 41.738865999750736], [-83.69313500006555, 41.73845000006393], [-83.69299399960025, 41.7381200003067], [-83.69283799996464, 41.73778500026096], [-83.6926310002754, 41.73737900020642], [-83.69100900040176, 41.73469800026322], [-83.6905409996983, 41.733886000120464], [-83.69034099968178, 41.733504000032845], [-83.69015699955875, 41.73306799994336], [-83.69001099996888, 41.732722999706304], [-83.68995200041765, 41.73253999978443], [-83.68994400002174, 41.7325180000188], [-83.6898639996558, 41.73229699973079], [-83.68978599983798, 41.73203900029812], [-83.68969700014954, 41.731777000312704], [-83.68956300025523, 41.73130699974364], [-83.6895039998057, 41.73110400000915], [-83.68939400020082, 41.73064799977577], [-83.68929200009359, 41.73008399989625], [-83.68921199972763, 41.72948799981073], [-83.68915800019928, 41.72893699981372], [-83.68911499964325, 41.727665999829036], [-83.68904400039646, 41.7263930002497]]}, "properties": {"BASENAME": "23", "MTFCC": "S1100", "NAME": "US Hwy 23", "OBJECTID": 15516, "OID": "1108296483896", "PREDIR": null, "PREDIRABRV": null, "PREQUAL": null, "PREQUALABRV": null, "PRETYP": 640, "PRETYPEABRV": "US Hwy", "RTTYP": "U", "SUFDIR": null, "SUFDIRABRV": null, "SUFQUAL": null, "SUFQUALABRV": null, "SUFTYP": null, "SUFTYPEABRV": null}}, {"type": "Feature", "id": 15519, "geometry": {"type": "LineString", "coordinates": [[-83.68866399955655, 41.72641800032463], [-83.68857800024114, 41.7241329999471], [-83.6885680001954, 41.72387600024602], [-83.68837400002663, 41.71988700030745], [-83.68831200010236, 41.71836499986722], [-83.68820800034528, 41.71585900026695], [-83.68819400010157, 41.715688999926186], [-83.6881539999186, 41.71521899968136], [-83.68814300004794, 41.714951999800526], [-83.68811499956055, 41.71430600000631], [-83.68810399968989, 41.71416900028673], [-83.68809600019229, 41.71367799996993], [-83.68803799956764, 41.712026000037525], [-83.688034000268, 41.71198400023592], [-83.68798999988708, 41.71085099978439], [-83.68801900019939, 41.709957000231846], [-83.68805600000933, 41.70931400021358], [-83.68817400001011, 41.708833999947714], [-83.68839599976795, 41.70794099975582], [-83.68880900021982, 41.70691399993044], [-83.68905299971898, 41.7064779998023], [-83.68941500011722, 41.705865000292626], [-83.6898779998995, 41.70521299997203], [-83.69044199996411, 41.70446900000099], [-83.69066700009499, 41.70425500028826], [-83.69127800001527, 41.70367299979864], [-83.69141500028263, 41.70353800018731], [-83.69147399983387, 41.70347999979031], [-83.69300199999617, 41.70194499973319], [-83.69341000042517, 41.70147100021116], [-83.69352000003003, 41.701342000105704], [-83.69359200000004, 41.70125799992911], [-83.69405499978234, 41.70065599992385], [-83.69434600003547, 41.70020000025529], [-83.69441600035566, 41.70007299968663], [-83.69473799967263, 41.69948499996912], [-83.69491799959768, 41.69911000029479], [-83.6951379997057, 41.69856499975837], [-83.6953620000117, 41.6978379998834], [-83.69536600020966, 41.697824000216634], [-83.69537999955504, 41.697779000308934], [-83.69548300038552, 41.697311000072936], [-83.69551099997462, 41.69713599990241], [-83.69552400039339, 41.69704900001604], [-83.69553000024119, 41.69701200024458], [-83.6956089998839, 41.69636700002917], [-83.69563499982316, 41.69593900029573], [-83.69562200030269, 41.69541899977759], [-83.69559499964019, 41.69505100000761], [-83.69555600018045, 41.69465699967703], [-83.69549000005821, 41.693831000102016], [-83.69536600020966, 41.692562999870866], [-83.69520700020098, 41.69111200029532], [-83.69512900038319, 41.69047900016961], [-83.69504300016948, 41.68974999973098], [-83.69504900001725, 41.68934899971486], [-83.69479399974911, 41.686692000113304], [-83.69478899972626, 41.686545999701956], [-83.69458299986192, 41.68402499995032], [-83.69450599986904, 41.68354399980557], [-83.69446400003625, 41.68309099980841], [-83.69445399999049, 41.68299099980145], [-83.69444399994475, 41.68288200025415], [-83.69440899978466, 41.68248500026817], [-83.69440299993687, 41.68242200012464], [-83.69412099990457, 41.67922799973556], [-83.69411599988169, 41.67916299970447], [-83.6940249996451, 41.67803900003385], [-83.69387499985726, 41.67670600003461], [-83.69385899996374, 41.67656900004609], [-83.69378799981864, 41.67571700031025], [-83.6935450001444, 41.67266999976782], [-83.69350699961124, 41.67236999968288], [-83.69338000028793, 41.669608000320466], [-83.69339299980842, 41.66796700015419], [-83.69357299973348, 41.66594500001361], [-83.69357699993144, 41.66589999995219], [-83.69427200041561, 41.661209999987825], [-83.69430300037774, 41.66096700006982], [-83.69457000034144, 41.65935099977407], [-83.69475899958901, 41.65735400028948], [-83.69481100036586, 41.656272000316044], [-83.69476799980986, 41.6538770000025], [-83.69453900037931, 41.64631200015026], [-83.69453699983117, 41.64626300032872], [-83.69435699990612, 41.640536000012254], [-83.69430599985249, 41.638728000121596], [-83.69426099964664, 41.63720599984958], [-83.69424899995107, 41.636780000102], [-83.69424800012618, 41.63674900000417], [-83.69418899967664, 41.635553999788726], [-83.69412599992744, 41.634802000302294], [-83.69402299999527, 41.63397000026107], [-83.6938699998344, 41.632988999990125], [-83.69376699990224, 41.63236899968959], [-83.69361299991645, 41.631488999918545], [-83.69360100022088, 41.63141699969246], [-83.69344899988491, 41.63051599970646], [-83.69337500026508, 41.63007400018931], [-83.69305700024775, 41.62818100020897], [-83.69233800037244, 41.62405299988629], [-83.6921319996098, 41.622611000204294], [-83.69212099973915, 41.622533999969555], [-83.69175400021633, 41.62052099996754], [-83.69124500040331, 41.617443000313955], [-83.69121199989304, 41.61655799966886], [-83.69109499971717, 41.613621000294174], [-83.69108399984653, 41.61305300017613], [-83.69109499971717, 41.60901200004144], [-83.69111499980866, 41.607678999961486], [-83.69112800022747, 41.60678800016965], [-83.69112700040255, 41.606520000214786], [-83.69110599958783, 41.600237999778585], [-83.69108800004449, 41.595403000125046], [-83.69107299997587, 41.592381000188894], [-83.69107200015095, 41.59209500023753], [-83.69107200015095, 41.59199500002597], [-83.69107200015095, 41.5918719997885], [-83.69107600034891, 41.59092699992931], [-83.69107700017383, 41.59058399997758], [-83.69107200015095, 41.59025699989169], [-83.69103699999086, 41.58782500009321], [-83.69103699999086, 41.587682999693186], [-83.69103699999086, 41.58761700023365], [-83.69103699999086, 41.58732700024136], [-83.69103699999086, 41.585924999789256], [-83.69103799981576, 41.5815899997117], [-83.69098099991436, 41.577999000112605], [-83.69095099977713, 41.576107999824046], [-83.69097699971641, 41.57325299991916], [-83.69097099986861, 41.57217800023466], [-83.69096500002084, 41.57162499982258], [-83.69093999990648, 41.57098899998028], [-83.69090700029452, 41.57048599982558], [-83.69080900038523, 41.5695499999074], [-83.69069100038445, 41.568647999971766], [-83.69060000014785, 41.56803299988263], [-83.6904360001163, 41.56722199992795], [-83.69031800011555, 41.56669200021691], [-83.69026200003904, 41.566476000076804], [-83.69019900028985, 41.566226999971455], [-83.69011999974883, 41.56583299988476], [-83.68975599970076, 41.56458599997398], [-83.68761300031852, 41.558800000112], [-83.68760699957244, 41.5587799998525], [-83.68757999980826, 41.558700000097], [-83.686231999571, 41.55501900015015], [-83.68590000020829, 41.554130000071204], [-83.68578300003243, 41.5538140001102], [-83.68572699995593, 41.553663999885885], [-83.68567300042758, 41.55352100004254], [-83.68563400006951, 41.553420999926495], [-83.68556700012236, 41.55325100018095], [-83.68529000011291, 41.55255200022982], [-83.68467900019265, 41.5508009997124], [-83.6841619999837, 41.54940000003621], [-83.68371000007208, 41.5481749999478], [-83.68318600019045, 41.54677199970847], [-83.68315900042626, 41.54671800023945], [-83.68304499972514, 41.54649100014795], [-83.68253000006433, 41.5454519999885]]}, "properties": {"BASENAME": "23", "MTFCC": "S1100", "NAME": "US Hwy 23", "OBJECTID": 15519, "OID": "1108296484025", "PREDIR": null, "PREDIRABRV": null, "PREQUAL": null, "PREQUALABRV": null, "PRETYP": 640, "PRETYPEABRV": "US Hwy", "RTTYP": "U", "SUFDIR": null, "SUFDIRABRV": null, "SUFQUAL": null, "SUFQUALABRV": null, "SUFTYP": null, "SUFTYPEABRV": null}}, {"type": "Feature", "id": 15554, "geometry": {"type": "LineString", "coordinates": [[-83.61522500031442, 41.538150999893276], [-83.61471999980105, 41.53866599985175], [-83.60796299979467, 41.54543599997328], [-83.60683499966545, 41.54656600022192], [-83.60508300009546, 41.548320999973654], [-83.60456699971144, 41.54881799969934], [-83.60396199963894, 41.54937699982085], [-83.60334099967292, 41.549926000331304], [-83.60315200042534, 41.55008799997679], [-83.60304500029523, 41.550179000101735]]}, "properties": {"BASENAME": "23", "MTFCC": "S1100", "NAME": "US Hwy 23", "OBJECTID": 15554, "OID": "110461569897", "PREDIR": null, "PREDIRABRV": null, "PREQUAL": null, "PREQUALABRV": null, "PRETYP": 640, "PRETYPEABRV": "US Hwy", "RTTYP": "U", "SUFDIR": null, "SUFDIRABRV": null, "SUFQUAL": null, "SUFQUALABRV": null, "SUFTYP": null, "SUFTYPEABRV": null}}, {"type": "Feature", "id": 15847, "geometry": {"type": "LineString", "coordinates": [[-83.15401900005214, 41.368530999929995], [-83.15389900040154, 41.36853999999769], [-83.15379100044652, 41.368543000019976], [-83.15374000039289, 41.368543999802654], [-83.15362400004193, 41.36853900021495], [-83.15353600017838, 41.36853499973551], [-83.15333199996388, 41.36852599966712], [-83.15324699957507, 41.368524999884166], [-83.15305999997732, 41.368521999861045], [-83.1512649998513, 41.36849399986331], [-83.15072699972598, 41.36848600024699], [-83.14953500002264, 41.36845999980176], [-83.14904100027825, 41.36844300010138], [-83.14894599984368, 41.36844200031715], [-83.14848399988631, 41.36844099985874], [-83.14844399970335, 41.36844000007448], [-83.14369899955796, 41.36834800030597], [-83.14251100005258, 41.36832499983794], [-83.14200999973717, 41.368314999954315], [-83.14168300039734, 41.368308999888576], [-83.13958199994957, 41.368263000265046], [-83.13939700000165, 41.368258999768685], [-83.13672999983946, 41.36821699993487], [-83.13468199999348, 41.36818499997909], [-83.13365400032167, 41.368162999916095], [-83.1335429999936, 41.36816099966484], [-83.13187300043938, 41.36812600031436], [-83.13043999981332, 41.3680969996825], [-83.12961200015808, 41.36807999988728], [-83.12831999999732, 41.36804400002866], [-83.12790099969764, 41.368035999682874], [-83.12728999977739, 41.36804000019295], [-83.12524399958122, 41.367993999705114], [-83.12112199994996, 41.367921999872785], [-83.12105599982773, 41.36792100008055], [-83.11900499960869, 41.36788100028852], [-83.11763899982809, 41.36785900012273], [-83.11710700044884, 41.367849999960825], [-83.11704600034949, 41.36784900016748], [-83.11693099982344, 41.36784600011319], [-83.11610200034328, 41.36782499972929], [-83.11285900042091, 41.36775700023746], [-83.11268799981836, 41.3677500003254], [-83.11266199987911, 41.367748999856396], [-83.11262800044223, 41.3677480000615], [-83.11233999966383, 41.36773700029414], [-83.11192700011027, 41.36770999975406], [-83.11110399957957, 41.367642999938575], [-83.11076999966872, 41.36760299997559], [-83.11060300016246, 41.36758299998492], [-83.11013799983206, 41.36752699984338], [-83.10790000001526, 41.36721999969185], [-83.10765999981577, 41.36718700011639], [-83.10739600022512, 41.36715099976371], [-83.10726200033079, 41.367132999916976], [-83.1061840004303, 41.366984999714866], [-83.10215999981003, 41.36643400010711], [-83.10100999993949, 41.36626599994206], [-83.10076700026525, 41.36622800011747], [-83.10072999955702, 41.36622199985926], [-83.10071600021162, 41.366220000222526], [-83.09974500044123, 41.366068000009335], [-83.09755899960467, 41.36576899966698], [-83.09333999988905, 41.36518499995806], [-83.09269800000665, 41.36509800015891], [-83.09214700036082, 41.36502400014525], [-83.09210100033008, 41.36501799977601], [-83.09200800044364, 41.36500499987306], [-83.09159099979381, 41.36493300010412], [-83.09124199981436, 41.36488099973457], [-83.09086799972053, 41.36484500012854], [-83.09053700018275, 41.36479800023842], [-83.09023599988386, 41.36475600019308], [-83.08969399956057, 41.36466200025033], [-83.0893579999999, 41.36459000010186], [-83.0890269995638, 41.36450499987089], [-83.08870199987379, 41.36440800002689], [-83.08848299959067, 41.364333000055325], [-83.08838399985646, 41.364298999842], [-83.08807400023505, 41.36417799993013], [-83.08775799986756, 41.36404199999458], [-83.08745200044413, 41.36389099994139], [-83.08730199975798, 41.363810000241756], [-83.08701499970282, 41.36364000032784], [-83.08674299971625, 41.36345800029268], [-83.08655799976832, 41.36332600032653], [-83.08642499969893, 41.363203000224345], [-83.08592799958147, 41.362844999793246], [-83.08577500031892, 41.36273800010512], [-83.08539200000426, 41.36247100005309], [-83.08444999964787, 41.36184499983529], [-83.08404100029227, 41.36155400011039], [-83.08252700037367, 41.36048700009988], [-83.08245899970329, 41.36043700003741], [-83.0823750000377, 41.36037399978267], [-83.08229499967176, 41.36031700027019], [-83.08126500035014, 41.35959300003668], [-83.08068700004183, 41.35913100020043], [-83.07987100008215, 41.35858100010066], [-83.07896300006094, 41.35796900013133], [-83.0784879996848, 41.357627999734156], [-83.07842400011069, 41.35758199997687], [-83.07839899999632, 41.35756300022888], [-83.07802800027557, 41.35728600029193], [-83.07763900011314, 41.3569830002134], [-83.07720599956978, 41.3566089998248], [-83.07674399961242, 41.35618599999928], [-83.07637899973945, 41.35583699987805], [-83.07601399986645, 41.3554650002891], [-83.07567499993274, 41.355097999869265], [-83.0753550002656, 41.354725000107756], [-83.07514900040127, 41.35447000021031], [-83.07471800040605, 41.35389999968341], [-83.07349700039042, 41.352185999713036]]}, "properties": {"BASENAME": "20", "MTFCC": "S1100", "NAME": "US Hwy 20", "OBJECTID": 15847, "OID": "1108296492361", "PREDIR": null, "PREDIRABRV": null, "PREQUAL": null, "PREQUALABRV": null, "PRETYP": 640, "PRETYPEABRV": "US Hwy", "RTTYP": "U", "SUFDIR": null, "SUFDIRABRV": null, "SUFQUAL": null, "SUFQUALABRV": null, "SUFTYP": null, "SUFTYPEABRV": null}}, {"type": "Feature", "id": 15868, "geometry": {"type": "LineString", "coordinates": [[-83.07320500031237, 41.352204999681945], [-83.07353599985015, 41.35266700012871], [-83.07417000023497, 41.35349800007953], [-83.07494400036187, 41.354541000094386], [-83.07514100000535, 41.354789999749954], [-83.07545399999981, 41.355154999906716], [-83.07567199955969, 41.355393000079594], [-83.07590000006363, 41.355626000151], [-83.07617600024817, 41.35591900003804], [-83.07648699969447, 41.356227000209486], [-83.07691799968968, 41.35662300002231], [-83.07763400009027, 41.35722199972746], [-83.07799899996326, 41.357511000038514], [-83.07837399988196, 41.35779000026229], [-83.07840499984411, 41.3578119997868], [-83.07847599998924, 41.35786299978991], [-83.07906000014532, 41.35828099980348], [-83.07990299986919, 41.35887699996449], [-83.07996399996856, 41.3589140001057], [-83.08122500016718, 41.359803999714515], [-83.08212700034058, 41.36043299973409], [-83.08219400028773, 41.3604790001734], [-83.08228899982397, 41.36055399986713], [-83.08235099974827, 41.36060200003029], [-83.08237800041076, 41.36062300004843], [-83.08265399969696, 41.36082099969349], [-83.08420600014871, 41.36191099966835], [-83.08427399992078, 41.36195900017911], [-83.08516299967539, 41.362611000070544], [-83.08568499990723, 41.36298600022262], [-83.0864160003764, 41.36349899996713], [-83.08677700005144, 41.36371999970812], [-83.0872249997651, 41.36398899973451], [-83.0876900000955, 41.36423500010606], [-83.0882109996041, 41.364446000240164], [-83.08848000011592, 41.36453499992541], [-83.08864300032255, 41.36459900004049], [-83.0889439997231, 41.36473400031906], [-83.089028000287, 41.36475700003395], [-83.0892459998469, 41.36480300011359], [-83.08944000001567, 41.364837999903195], [-83.08986299961497, 41.36490899993872], [-83.0906040001299, 41.36502199979749], [-83.09273999983944, 41.36529499983982], [-83.09368399984564, 41.365406000040664], [-83.09704200029405, 41.365864999680866], [-83.09812199984438, 41.36601999983271], [-83.09882400000124, 41.3661069997475], [-83.10005199968958, 41.36626800025157], [-83.10069500029523, 41.366360000264436], [-83.10177300019575, 41.36648500009546], [-83.10336599975706, 41.36668700002676], [-83.10465899974272, 41.366864999886985], [-83.1050379998594, 41.366921999731666], [-83.1061559999429, 41.3670770000623], [-83.10678600012973, 41.36716499971597], [-83.10723499966831, 41.36722500005509], [-83.10738399963122, 41.36724500015586], [-83.107621000356, 41.36727699989977], [-83.10786400003025, 41.36730900030214], [-83.10824200032202, 41.367358999803784], [-83.10928300041262, 41.36750600003069], [-83.11111100015057, 41.36773700029414], [-83.11146099995494, 41.367787000141], [-83.11181300030745, 41.36782699999086], [-83.11248299977895, 41.3678790000286], [-83.11262900026713, 41.36788999977196], [-83.11266000022928, 41.367892000031546], [-83.11287899961408, 41.36790899987584], [-83.11291499959908, 41.36791100013483], [-83.11347500036405, 41.36794000017542], [-83.11569700028733, 41.36798500023607], [-83.11655199970676, 41.36802299970871], [-83.11705300002218, 41.368012999778664], [-83.11710700044884, 41.368011999987836], [-83.11764999969876, 41.36802199991802], [-83.11804200023421, 41.368028000010185], [-83.11853500015373, 41.368037000147474], [-83.11942700028139, 41.368059000253076], [-83.1210600000257, 41.36808900001736], [-83.12364099997414, 41.36813700001596], [-83.12717699979946, 41.36820600024681], [-83.12784999964404, 41.368219999972055], [-83.12824200017951, 41.36822699983356], [-83.13043700033859, 41.368270999908795], [-83.13061200024076, 41.36827399994348], [-83.13179499972325, 41.36829800021606], [-83.13187000006634, 41.3682990000025], [-83.13274600030049, 41.36831199992152], [-83.13467699997061, 41.36834999987735], [-83.136745999733, 41.368387999810935], [-83.13865399983689, 41.36842299969471], [-83.13943499963649, 41.368458000233765], [-83.13957799975161, 41.368465000069655], [-83.1399150000355, 41.36848000019701], [-83.14048199957485, 41.36848000019701], [-83.14092799963869, 41.36846599985353], [-83.14201800013308, 41.36848700003054], [-83.14572100036298, 41.36855899991175], [-83.1468429997461, 41.36857600025599], [-83.14770399991164, 41.36859699972332], [-83.14843399965761, 41.36860599978189], [-83.14847499966548, 41.36860599978189], [-83.14902600020963, 41.36862099987674], [-83.15137899965413, 41.36866799970204], [-83.15330799967444, 41.368700999874704], [-83.1535090004142, 41.368703999889576], [-83.1537699996318, 41.368709000138765], [-83.15397800004426, 41.36871299993333], [-83.15615200028694, 41.36875800013346], [-83.15629299985393, 41.36874600008312]]}, "properties": {"BASENAME": "20", "MTFCC": "S1100", "NAME": "US Hwy 20", "OBJECTID": 15868, "OID": "1108296492366", "PREDIR": null, "PREDIRABRV": null, "PREQUAL": null, "PREQUALABRV": null, "PRETYP": 640, "PRETYPEABRV": "US Hwy", "RTTYP": "U", "SUFDIR": null, "SUFDIRABRV": null, "SUFQUAL": null, "SUFQUALABRV": null, "SUFTYP": null, "SUFTYPEABRV": null}}]}