{"type": "FeatureCollection", "features": [{"type": "Feature", "id": 61, "geometry": {"type": "Polygon", "coordinates": [[[-83.44546699957857, 41.695874999808744], [-83.44546300027893, 41.69574699998517], [-83.44545099968504, 41.695278000278584], [-83.44544599966218, 41.69504100019591], [-83.44544400001236, 41.69494900024545], [-83.44544200036253, 41.69486599988567], [-83.44543999981438, 41.69477800016304], [-83.44543300014169, 41.69469000032002], [-83.4454339999666, 41.694589000107854], [-83.44542800011882, 41.6945039997068], [-83.44542899994373, 41.694422000239314], [-83.44542700029392, 41.69434200024908], [-83.44542399992086, 41.6942489998419], [-83.44542100044615, 41.69416599992033], [-83.44540999967717, 41.69380999996318], [-83.44540300000446, 41.693678000179276], [-83.4453989998065, 41.69346199982658], [-83.44539499960855, 41.69332799971525], [-83.4453849995628, 41.69302199979601], [-83.445382999913, 41.6929309997891], [-83.44537799989011, 41.6928560000331], [-83.44537299986723, 41.69261499980479], [-83.44536100017167, 41.692228999912544], [-83.44535500032389, 41.69203100029935], [-83.44534500027815, 41.69178599967014], [-83.44534000025529, 41.691621000240104], [-83.44533900043037, 41.69157200001073], [-83.44533900043037, 41.69153400027267], [-83.44533600005732, 41.69143399997192], [-83.44533100003444, 41.691261000258535], [-83.4453279996614, 41.69117300029944], [-83.44532500018666, 41.69108500021998], [-83.44532199981361, 41.690998999705855], [-83.44531699979073, 41.69082099993013], [-83.44531299959277, 41.690738999792366], [-83.4446599998397, 41.69074800009071], [-83.44402499962999, 41.69075900008102], [-83.4440260003532, 41.69087199975043], [-83.44416500027037, 41.69530499993543], [-83.44416799974513, 41.69533899968588], [-83.44416699992021, 41.695373000089184], [-83.44416799974513, 41.695534000196204], [-83.44416799974513, 41.695591999711034], [-83.4442000004305, 41.695601000001176], [-83.44426800020254, 41.69562200022603], [-83.44436699993675, 41.69565300016208], [-83.44446499984603, 41.69568600029404], [-83.44456199993041, 41.69571999984309], [-83.44465900001481, 41.695755000149276], [-83.44473299963462, 41.69578299970975], [-83.44475399955104, 41.69579199997311], [-83.44478600023639, 41.69580399987518], [-83.44485900003133, 41.695820000188235], [-83.44489400019144, 41.6958289997757], [-83.44492799962833, 41.69583800003262], [-83.44496299978842, 41.695845000082535], [-83.4449979999485, 41.69585300023446], [-83.44503300010862, 41.69585900018009], [-83.44506900009361, 41.69586500012516], [-83.44510500007863, 41.69586899986462], [-83.44514100006364, 41.695873000274595], [-83.44517700004866, 41.69587700001355], [-83.44521300003368, 41.69587900021835], [-83.44524900001869, 41.69588099975227], [-83.4452859998286, 41.69588199985464], [-83.44532199981361, 41.69588199985464], [-83.44535899962354, 41.69588099975227], [-83.44539499960855, 41.695880000320706], [-83.44543099959355, 41.69587800011594], [-83.44546699957857, 41.695874999808744]]]}, "properties": {"AREALAND": "60072", "AREAWATER": "0", "BASENAME": "Harbor View", "CBSAPCI": "N", "CENTLAT": "+41.6932645", "CENTLON": "-083.4447535", "FUNCSTAT": "A", "GEOID": "3933376", "INTPTLAT": "+41.6932645", "INTPTLON": "-083.4447535", "LSADC": "47", "MTFCC": "G4110", "NAME": "Harbor View village", "NECTAPCI": "N", "OBJECTID": 61, "OID": "2789085243679", "PLACE": "33376", "PLACECC": "C2", "PLACENS": "01086524", "STATE": "39", "DISP_CLR": 3}}, {"type": "Feature", "id": 985, "geometry": {"type": "Polygon", "coordinates": [[[-83.25701299973986, 41.26627500025004], [-83.25705999959554, 41.266061000107925], [-83.25514399999402, 41.2660319999432], [-83.25480000003743, 41.26602499990149], [-83.25329500033968, 41.265994999714344], [-83.25319300023241, 41.265992999701375], [-83.25319599970715, 41.26595600012561], [-83.25299099966773, 41.26595400011145], [-83.25231600017335, 41.26594500004699], [-83.25178200024598, 41.265939000003314], [-83.25171799977356, 41.265937999995955], [-83.25171799977356, 41.26588100022786], [-83.25095000039275, 41.26586500009443], [-83.25095100021767, 41.26583599984265], [-83.25047900021457, 41.265827999770934], [-83.25048500006234, 41.265618000238646], [-83.24846499980546, 41.26558699985177], [-83.24858299980622, 41.2657759999561], [-83.24849900014064, 41.26577499994624], [-83.24733800039945, 41.265766999867054], [-83.24475499990287, 41.265712999982085], [-83.244645000298, 41.267502000174744], [-83.24464199992497, 41.26751499995752], [-83.24464299974986, 41.267530999686585], [-83.24465100014578, 41.26854400020925], [-83.2446519999707, 41.26887699999267], [-83.24743899978348, 41.26892600015406], [-83.24823800002474, 41.268940000289874], [-83.24954000023122, 41.26896200011139], [-83.2504399998565, 41.26897199972089], [-83.25048400023742, 41.26897199972089], [-83.25451800000513, 41.26904700011943], [-83.25697199973199, 41.26908499992835], [-83.25701600011291, 41.267867999821384], [-83.25702299978562, 41.26775000031069], [-83.25684299986055, 41.26774599971699], [-83.25688600041657, 41.26740399970345], [-83.25692599970124, 41.266864000228296], [-83.25696099986133, 41.266584000192665], [-83.25701299973986, 41.26627500025004]]]}, "properties": {"AREALAND": "358507", "AREAWATER": "0", "BASENAME": "Burgoon", "CBSAPCI": "N", "CENTLAT": "+41.2674137", "CENTLON": "-083.2507433", "FUNCSTAT": "A", "GEOID": "3910282", "INTPTLAT": "+41.2674137", "INTPTLON": "-083.2507433", "LSADC": "47", "MTFCC": "G4110", "NAME": "Burgoon village", "NECTAPCI": "N", "OBJECTID": 985, "OID": "27890367283344", "PLACE": "10282", "PLACECC": "C1", "PLACENS": "02397498", "STATE": "39", "DISP_CLR": 5}}, {"type": "Feature", "id": 2354, "geometry": {"type": "Polygon", "coordinates": [[[-83.29778099973393, 41.341267000221855], [-83.29775700034281, 41.336746999936985], [-83.29190699963439, 41.33676699996066], [-83.29177500028824, 41.33676699996066], [-83.28661900023911, 41.336831999995184], [-83.28664400035346, 41.338990999759275], [-83.28665400039921, 41.3408349999997], [-83.28653499967518, 41.34083600020804], [-83.28653200020047, 41.34015700021481], [-83.28430699990415, 41.340151999795275], [-83.28430699990415, 41.34069899984877], [-83.28430799972907, 41.34132499975561], [-83.2843310001936, 41.341324000229235], [-83.28470600011232, 41.34132499975561], [-83.28571700006567, 41.34132799968355], [-83.28660900019335, 41.34132599995642], [-83.28660800036846, 41.3413419997952], [-83.28659900014762, 41.343939000139336], [-83.29124300001068, 41.343924999911565], [-83.29675999973485, 41.34388400004627], [-83.2973149995786, 41.343881000236024], [-83.29727299974581, 41.34127000015253], [-83.2976019996338, 41.34126799974911], [-83.29778099973393, 41.341267000221855]]]}, "properties": {"AREALAND": "752466", "AREAWATER": "0", "BASENAME": "Helena", "CBSAPCI": "N", "CENTLAT": "+41.3403272", "CENTLON": "-083.2918963", "FUNCSTAT": "A", "GEOID": "3934860", "INTPTLAT": "+41.3403272", "INTPTLON": "-083.2918963", "LSADC": "47", "MTFCC": "G4110", "NAME": "Helena village", "NECTAPCI": "N", "OBJECTID": 2354, "OID": "27890367283349", "PLACE": "34860", "PLACECC": "C1", "PLACENS": "02398484", "STATE": "39", "DISP_CLR": 1}}, {"type": "Feature", "id": 2429, "geometry": {"type": "Polygon", "coordinates": [[[-83.65440499987173, 41.13851300019254], [-83.65440300022192, 41.13752500018642], [-83.654402000397, 41.13696599989349], [-83.65440099967378, 41.136041000083615], [-83.65439999984886, 41.13504100029934], [-83.65379399995145, 41.13504500021784], [-83.65367599995068, 41.135046000197484], [-83.6518060003799, 41.13505699997205], [-83.6496360003352, 41.135068999724005], [-83.64949099967194, 41.13507200033822], [-83.64865999964363, 41.13506999970323], [-83.64517900006989, 41.135061999868974], [-83.64494200024343, 41.135060999889625], [-83.64478800025763, 41.13505999991022], [-83.64455499973081, 41.13505999991022], [-83.6444900003318, 41.13505999991022], [-83.6444900003318, 41.13514400015386], [-83.6444900003318, 41.13519399971623], [-83.6444829997608, 41.13804600026945], [-83.6444829997608, 41.13819499971663], [-83.6444839995857, 41.13825999997329], [-83.64450100020245, 41.13926099998642], [-83.64450100020245, 41.13935799982052], [-83.64451500044618, 41.14226500023827], [-83.64451500044618, 41.14232700023821], [-83.645174000047, 41.142323000087245], [-83.64522099990268, 41.1423220002186], [-83.64523099994842, 41.14355700025498], [-83.64805100027148, 41.14348000027196], [-83.6493479995568, 41.143462000245286], [-83.64942799992274, 41.143460999717504], [-83.6494670002808, 41.14231899993599], [-83.64946800010571, 41.14228799993959], [-83.6503689995559, 41.14227500028584], [-83.65359700030797, 41.14227299987055], [-83.65385099985286, 41.142276000155256], [-83.65437800010756, 41.142272000001135], [-83.65438499978025, 41.140743999733346], [-83.65439400000108, 41.138880000016776], [-83.65439999984886, 41.13866299985637], [-83.65440499987173, 41.13851300019254]]]}, "properties": {"AREALAND": "714459", "AREAWATER": "0", "BASENAME": "Van Buren", "CBSAPCI": "N", "CENTLAT": "+41.1389519", "CENTLON": "-083.6493005", "FUNCSTAT": "A", "GEOID": "3979394", "INTPTLAT": "+41.1389519", "INTPTLON": "-083.6493005", "LSADC": "47", "MTFCC": "G4110", "NAME": "Van Buren village", "NECTAPCI": "N", "OBJECTID": 2429, "OID": "27890383581804", "PLACE": "79394", "PLACECC": "C1", "PLACENS": "02400043", "STATE": "39", "DISP_CLR": 5}}, {"type": "Feature", "id": 2455, "geometry": {"type": "Polygon", "coordinates": [[[-82.83010799989351, 41.472352999871354], [-82.83015999977204, 41.472299000217234], [-82.83001800038014, 41.47224600005175], [-82.83000499996135, 41.472114999761615], [-82.83007600010646, 41.47194100022573], [-82.82996599960327, 41.47184399983686], [-82.82988899961039, 41.47166000010907], [-82.8297139997082, 41.47153799992113], [-82.8294679996609, 41.47120399973253], [-82.82943000002608, 41.47094699984875], [-82.82935200020827, 41.47062200004809], [-82.82928100006316, 41.470292000126335], [-82.82910600016096, 41.46960399976267], [-82.82906699980292, 41.469254999953925], [-82.82901599974929, 41.46874599982718], [-82.82895800002296, 41.46842099976247], [-82.82887299963414, 41.46798000021355], [-82.82884099984712, 41.46768899967898], [-82.82876999970199, 41.467082999939116], [-82.82878899996855, 41.46686999984491], [-82.82883300034949, 41.46661500019606], [-82.8288269996034, 41.46659099987655], [-82.82882199958053, 41.466569000136786], [-82.8289189996649, 41.466544999800256], [-82.82907400037394, 41.46653500021836], [-82.82924199970509, 41.46653000009022], [-82.82920300024536, 41.466360999841825], [-82.82912600025246, 41.46636999982631], [-82.82910000031319, 41.46646299981741], [-82.82888600005295, 41.466482000052515], [-82.82883499999933, 41.466471999787736], [-82.82874399976272, 41.466457999683776], [-82.82871799982345, 41.46635100023155], [-82.8286919998842, 41.46615199992514], [-82.82867299961761, 41.465915000241644], [-82.82861499989129, 41.4654979998628], [-82.82862099973907, 41.46522600023517], [-82.82849799971542, 41.46511999973971], [-82.82846599992837, 41.46498400028541], [-82.8284530004079, 41.46479499967426], [-82.82834399972963, 41.46453400000821], [-82.82832100016343, 41.464503000001294], [-82.82825199966813, 41.464409999891586], [-82.82822999992683, 41.46438000015346], [-82.82809100000965, 41.46425700007236], [-82.82800700034407, 41.46412100015436], [-82.82806500007038, 41.46394599969666], [-82.82817499967524, 41.46368000030441], [-82.82815600030698, 41.463500000314305], [-82.82806500007038, 41.46333599994814], [-82.8280940003827, 41.46313899983424], [-82.82809799968234, 41.463113000225526], [-82.82818800009404, 41.46280700016409], [-82.82774700005307, 41.463551000216356], [-82.82697700012413, 41.46397200031765], [-82.8268750000169, 41.46397200031765], [-82.82514000016535, 41.46398099996061], [-82.82181799970195, 41.46375900010115], [-82.82135099972173, 41.46374199974401], [-82.82017999993478, 41.46369999967408], [-82.81950999956496, 41.46365000022854], [-82.81951700013597, 41.46367600029509], [-82.81954499972505, 41.463809000135825], [-82.81954999974793, 41.463843000137366], [-82.81957999988516, 41.46403600014489], [-82.81960499999951, 41.464296000139754], [-82.8196119996722, 41.464431000036626], [-82.8196240002661, 41.46462899991543], [-82.8196329995886, 41.46487499977936], [-82.81966299972584, 41.465612999829915], [-82.81967299977158, 41.46586000030483], [-82.81968199999241, 41.46607399998012], [-82.81971200012964, 41.46671600015315], [-82.81972300000031, 41.46693099998447], [-82.81976900003106, 41.467926000282475], [-82.81977499987883, 41.46808200033467], [-82.81980400019116, 41.468823999923345], [-82.81980800038912, 41.46903199972112], [-82.81982099990958, 41.46927400004395], [-82.82000900023056, 41.46925999987186], [-82.82013200025422, 41.469328000198544], [-82.82034499979122, 41.46940500001709], [-82.82049399975413, 41.46945400015993], [-82.82054499980777, 41.46951199981417], [-82.82049399975413, 41.469619000107734], [-82.82062900037167, 41.46954600019078], [-82.82071999970994, 41.46957999987649], [-82.8208229996421, 41.469570000089554], [-82.82088200009166, 41.46958900008726], [-82.82117300034479, 41.46968599981162], [-82.82137300036133, 41.46979799969448], [-82.82136699961524, 41.46989499977924], [-82.82137300036133, 41.469947999847534], [-82.82147000044571, 41.4699240000887], [-82.82166399971615, 41.46995800024925], [-82.8218000001586, 41.47004499970787], [-82.8219549999693, 41.47009899989333], [-82.82199400032735, 41.470176000142395], [-82.82199400032735, 41.47024400018137], [-82.82205200005367, 41.470219999859], [-82.82216800040463, 41.47025399986434], [-82.82231099962145, 41.47032199982149], [-82.82245899975943, 41.470418000233515], [-82.82257599993532, 41.470505999981505], [-82.82260799972235, 41.47059300005091], [-82.82283399967818, 41.47075799979223], [-82.82296400027283, 41.470792000188474], [-82.82314500002279, 41.470957000096405], [-82.82333900019155, 41.47111699980999], [-82.82344899979641, 41.471218000157876], [-82.82351300026883, 41.471315000137245], [-82.82347399991077, 41.47139299983499], [-82.82348099958347, 41.47146999989326], [-82.82353900020811, 41.471407000219514], [-82.82364899981295, 41.47138800008152], [-82.82366200023175, 41.47148499980656], [-82.82381100019465, 41.47157700032063], [-82.8239340002183, 41.47167200000478], [-82.82400500036343, 41.471761000284054], [-82.82392699964731, 41.471852999733315], [-82.82408900002902, 41.471820000106824], [-82.8242570002585, 41.47192100003253], [-82.8243209998326, 41.47200899975954], [-82.82431499998482, 41.472095999831126], [-82.82427599962675, 41.47217800009345], [-82.82439299980263, 41.472095999831126], [-82.82446399994774, 41.47212000013207], [-82.82460600023795, 41.472266000144685], [-82.8246449996977, 41.472329000329765], [-82.82466399996427, 41.472421000319116], [-82.82456100003212, 41.472489000022506], [-82.82448300021431, 41.47261499989805], [-82.82461200008572, 41.472531999986174], [-82.82470900017012, 41.4725270003206], [-82.82482600034598, 41.47259000025202], [-82.82496199989009, 41.47271199980629], [-82.82500000042324, 41.472799000280574], [-82.82501999961643, 41.472939000280306], [-82.82507200039328, 41.47310400010811], [-82.8251860001961, 41.47328600006748], [-82.82529800034908, 41.473312999825616], [-82.8254339998932, 41.47338500002309], [-82.82563399990975, 41.47338500002309], [-82.82572500014635, 41.47345300006136], [-82.82578299987267, 41.47354499980166], [-82.82578700007063, 41.47362399969392], [-82.82588199960688, 41.473839999683186], [-82.82725599978339, 41.47828200025898], [-82.82744099973131, 41.478972000256654], [-82.82757600034886, 41.47951500003765], [-82.82775100025103, 41.47948200027375], [-82.82793100017608, 41.47943300030783], [-82.82781300017531, 41.47891699995567], [-82.82763099970211, 41.47815800018883], [-82.82624499983002, 41.473802000154805], [-82.82622899993652, 41.47375400011643], [-82.82627400014235, 41.47358899992391], [-82.82641600043259, 41.47364199966444], [-82.8264749999838, 41.47359400018066], [-82.82656500039548, 41.47370099979445], [-82.82669400026691, 41.4737679999911], [-82.82676600023693, 41.473704999858384], [-82.82672699987887, 41.47357900008233], [-82.82687599984179, 41.4736380002697], [-82.82690799962884, 41.473725000174205], [-82.82706300033786, 41.47370099979445], [-82.82685599975031, 41.474029999683175], [-82.82670699978739, 41.47430700026888], [-82.82679800002398, 41.47433599995074], [-82.82692699989542, 41.474155999928726], [-82.82707599985834, 41.47395299997346], [-82.82724400008783, 41.47376399993107], [-82.82737299995924, 41.473675999894226], [-82.82748599993715, 41.473649000287296], [-82.82755399970922, 41.47363300001634], [-82.8278969998409, 41.47356500016689], [-82.82811699994893, 41.473583999666765], [-82.82835600032352, 41.47345300006136], [-82.82843400014133, 41.47336599979175], [-82.82867299961761, 41.47325500020666], [-82.82880900006006, 41.473249999923766], [-82.82894499960418, 41.47325500020666], [-82.82902199959706, 41.47319599967069], [-82.82913200010024, 41.473181999672484], [-82.82926099997165, 41.47316700015191], [-82.82951399969166, 41.47309499971229], [-82.82963000004261, 41.47292500022665], [-82.82963000004261, 41.47278900031713], [-82.82975899991403, 41.47269700017691], [-82.8298760000899, 41.47261499989805], [-82.82983000005915, 41.47247900001124], [-82.82988199993768, 41.472377000077145], [-82.82997900002206, 41.47233299980526], [-82.83010799989351, 41.472352999871354]]]}, "properties": {"AREALAND": "715103", "AREAWATER": "4377", "BASENAME": "Bay View", "CBSAPCI": "N", "CENTLAT": "+41.4684168", "CENTLON": "-082.8249694", "FUNCSTAT": "A", "GEOID": "3904402", "INTPTLAT": "+41.4693316", "INTPTLON": "-082.8241711", "LSADC": "47", "MTFCC": "G4110", "NAME": "Bay View village", "NECTAPCI": "N", "OBJECTID": 2455, "OID": "27890295177510", "PLACE": "04402", "PLACECC": "C1", "PLACENS": "02398051", "STATE": "39", "DISP_CLR": 4}}, {"type": "Feature", "id": 2722, "geometry": {"type": "Polygon", "coordinates": [[[-83.61450399989097, 41.17396399992738], [-83.61450200024116, 41.173016999702085], [-83.61184000010184, 41.17301600030155], [-83.61184299957658, 41.17284699996172], [-83.61185299962231, 41.172396999911626], [-83.61187600008685, 41.17120000008163], [-83.61193100033844, 41.1683240003173], [-83.61193299998827, 41.16782799991231], [-83.61191299989677, 41.16746800026626], [-83.61190600022408, 41.16738999980047], [-83.60513300032419, 41.167321000039294], [-83.60217900010682, 41.16728999969169], [-83.60234499978817, 41.17286999975352], [-83.60229999958233, 41.17292900032907], [-83.60227000034342, 41.173016999702085], [-83.6022610001226, 41.17307299991774], [-83.60224500022905, 41.173210000026124], [-83.60223699983312, 41.17367699968401], [-83.60223799965804, 41.17378099977138], [-83.602241999856, 41.17440500020925], [-83.60223099998535, 41.17469099991665], [-83.60222099993962, 41.17473600017538], [-83.60219300035052, 41.17478399987638], [-83.60361799968234, 41.17477800025377], [-83.60403199995913, 41.17479300032354], [-83.60587300011588, 41.17486000023256], [-83.60763800010466, 41.174923999930286], [-83.611794999896, 41.17501900032776], [-83.6117959997209, 41.17494100006137], [-83.61180099974378, 41.17473500012488], [-83.61182199966018, 41.173961999802806], [-83.61450399989097, 41.17396399992738]]]}, "properties": {"AREALAND": "700518", "AREAWATER": "0", "BASENAME": "Bairdstown", "CBSAPCI": "N", "CENTLAT": "+41.1711843", "CENTLON": "-083.6072888", "FUNCSTAT": "A", "GEOID": "3903646", "INTPTLAT": "+41.1711843", "INTPTLON": "-083.6072888", "LSADC": "47", "MTFCC": "G4110", "NAME": "Bairdstown village", "NECTAPCI": "N", "OBJECTID": 2722, "OID": "27890336755761", "PLACE": "03646", "PLACECC": "C1", "PLACENS": "02398018", "STATE": "39", "DISP_CLR": 2}}, {"type": "Feature", "id": 2893, "geometry": {"type": "Polygon", "coordinates": [[[-83.84876200012229, 41.28812400010017], [-83.84874799987858, 41.28735700020255], [-83.84869000015227, 41.28457800012793], [-83.84863599972559, 41.280997000244], [-83.84526700030484, 41.28101399982072], [-83.8450949998774, 41.281016000048616], [-83.8439059996488, 41.281024000284425], [-83.843503000141, 41.28102800006445], [-83.83883699963832, 41.28105200008955], [-83.83894899979131, 41.28460200019751], [-83.83896700023297, 41.28592600003633], [-83.83899499982206, 41.28821799982646], [-83.83921800030312, 41.28821500015326], [-83.8395460003662, 41.288209999797594], [-83.83969899962875, 41.288209999797594], [-83.84389999980102, 41.28817299998876], [-83.84436599995635, 41.28816499995437], [-83.84876200012229, 41.28812400010017]]]}, "properties": {"AREALAND": "649098", "AREAWATER": "0", "BASENAME": "Custar", "CBSAPCI": "N", "CENTLAT": "+41.2845959", "CENTLON": "-083.8438097", "FUNCSTAT": "A", "GEOID": "3919750", "INTPTLAT": "+41.2845959", "INTPTLON": "-083.8438097", "LSADC": "47", "MTFCC": "G4110", "NAME": "Custar village", "NECTAPCI": "N", "OBJECTID": 2893, "OID": "27890336755776", "PLACE": "19750", "PLACECC": "C1", "PLACENS": "02398662", "STATE": "39", "DISP_CLR": 5}}, {"type": "Feature", "id": 2958, "geometry": {"type": "Polygon", "coordinates": [[[-83.49636000007317, 41.24083499983415], [-83.49627200020963, 41.24078299970988], [-83.49626100033896, 41.24076599979019], [-83.49630900001954, 41.238839000141205], [-83.49386899963807, 41.238849000309905], [-83.49029500017792, 41.23886099996989], [-83.48693300042986, 41.23887400004936], [-83.48694000010256, 41.23922600028375], [-83.48697500026266, 41.24208400023301], [-83.48699500035414, 41.243724999987826], [-83.4861619997777, 41.244011999785414], [-83.48694099992747, 41.244926999950295], [-83.48693699972951, 41.24507499985094], [-83.4869719998896, 41.24769299983879], [-83.49014399966686, 41.24680400029055], [-83.49234499967372, 41.24618499990335], [-83.49276099960034, 41.24606999997334], [-83.4938350002012, 41.24607599981607], [-83.49629599960075, 41.24606499976622], [-83.4962579999659, 41.24342600011015], [-83.49624600027035, 41.24257199987681], [-83.49622299980581, 41.24093400003427], [-83.49636000007317, 41.24083499983415]]]}, "properties": {"AREALAND": "673365", "AREAWATER": "0", "BASENAME": "West Millgrove", "CBSAPCI": "N", "CENTLAT": "+41.2427453", "CENTLON": "-083.4914072", "FUNCSTAT": "A", "GEOID": "3983888", "INTPTLAT": "+41.2427453", "INTPTLON": "-083.4914072", "LSADC": "47", "MTFCC": "G4110", "NAME": "West Millgrove village", "NECTAPCI": "N", "OBJECTID": 2958, "OID": "27890336755796", "PLACE": "83888", "PLACECC": "C1", "PLACENS": "02400139", "STATE": "39", "DISP_CLR": 2}}, {"type": "Feature", "id": 3712, "geometry": {"type": "Polygon", "coordinates": [[[-83.65013799957721, 41.24391399986445], [-83.64998699996448, 41.24028300014476], [-83.64993300043612, 41.2395659997695], [-83.64993300043612, 41.239447999786805], [-83.64991199962141, 41.23639599969184], [-83.64515899997842, 41.23637599995343], [-83.64032599996946, 41.23635799977829], [-83.64035399955856, 41.23892900025315], [-83.64035899958141, 41.23921100011669], [-83.64037200000021, 41.240026999881074], [-83.63956899956099, 41.24002800028516], [-83.6388799998229, 41.24002900001372], [-83.63822500042002, 41.24002800028516], [-83.63818600006196, 41.24002800028516], [-83.6375759999666, 41.240026999881074], [-83.63653999989889, 41.24002499974843], [-83.63650100043913, 41.245103000214286], [-83.64041899985588, 41.245117999704476], [-83.64040799998523, 41.24414999970058], [-83.64040799998523, 41.243962000174925], [-83.64438999987439, 41.24394400006259], [-83.64520800038221, 41.243948000088], [-83.64681699983704, 41.243934999666884], [-83.64838600000725, 41.24392999997186], [-83.64981000041247, 41.243915000208986], [-83.65013799957721, 41.24391399986445]]]}, "properties": {"AREALAND": "857586", "AREAWATER": "3649", "BASENAME": "Cygnet", "CBSAPCI": "N", "CENTLAT": "+41.2406825", "CENTLON": "-083.6437438", "FUNCSTAT": "A", "GEOID": "3919820", "INTPTLAT": "+41.2411889", "INTPTLON": "-083.6440684", "LSADC": "47", "MTFCC": "G4110", "NAME": "Cygnet village", "NECTAPCI": "N", "OBJECTID": 3712, "OID": "27890336755777", "PLACE": "19820", "PLACECC": "C1", "PLACENS": "02398665", "STATE": "39", "DISP_CLR": 5}}, {"type": "Feature", "id": 3920, "geometry": {"type": "Polygon", "coordinates": [[[-83.47772699982119, 41.30033800026616], [-83.47781399985983, 41.29723400007968], [-83.47613799955953, 41.29721800020746], [-83.47111399975486, 41.29719599978614], [-83.47093200017997, 41.29721899973557], [-83.47083900029357, 41.297219999938584], [-83.46867900029459, 41.29724899974549], [-83.46645300017336, 41.29727899974161], [-83.46577699995575, 41.29729299987005], [-83.46569999996287, 41.30090500009143], [-83.46562100032016, 41.304518000113084], [-83.46561899977202, 41.30465300012419], [-83.46587499986505, 41.30465400021324], [-83.46629199961657, 41.30466000007219], [-83.46745400008098, 41.304662999664046], [-83.47354800028855, 41.30470999977508], [-83.47698100018171, 41.30473800021274], [-83.47761600039144, 41.30474299997634], [-83.47772699982119, 41.30033800026616]]]}, "properties": {"AREALAND": "834393", "AREAWATER": "0", "BASENAME": "Wayne", "CBSAPCI": "N", "CENTLAT": "+41.3009610", "CENTLON": "-083.4717265", "FUNCSTAT": "A", "GEOID": "3982334", "INTPTLAT": "+41.3009610", "INTPTLON": "-083.4717265", "LSADC": "47", "MTFCC": "G4110", "NAME": "Wayne village", "NECTAPCI": "N", "OBJECTID": 3920, "OID": "27890336755795", "PLACE": "82334", "PLACECC": "C1", "PLACENS": "02400111", "STATE": "39", "DISP_CLR": 1}}, {"type": "Feature", "id": 4077, "geometry": {"type": "Polygon", "coordinates": [[[-83.74705300002431, 41.42667899969346], [-83.74704700017652, 41.42094199986194], [-83.74327600017457, 41.42093300031073], [-83.74259400010918, 41.42087099970076], [-83.7425969995839, 41.42037799975209], [-83.74258999991122, 41.42010800022315], [-83.7425880002614, 41.41924299989955], [-83.74259199956104, 41.41805899988727], [-83.74258900008631, 41.416940999753145], [-83.74257499984262, 41.41596699986881], [-83.74256599962177, 41.41580900032839], [-83.74255800012416, 41.41571899966799], [-83.7425530001013, 41.41544799989789], [-83.74255800012416, 41.415260000220904], [-83.74256300014703, 41.41509200020689], [-83.74256899999482, 41.41485299975491], [-83.73817899967666, 41.41485200001049], [-83.73812199977525, 41.41485200001049], [-83.73785300016172, 41.41485200001049], [-83.73770800039676, 41.41485200001049], [-83.73770599984864, 41.41579299993569], [-83.73770599984864, 41.415839000296295], [-83.73770199965068, 41.416265999818975], [-83.73768099973428, 41.41692899983652], [-83.73764499974926, 41.41807499972175], [-83.73763399987862, 41.4183989997331], [-83.73282699980894, 41.41836599985578], [-83.73280400024272, 41.420335000239085], [-83.73389300001388, 41.42034300021331], [-83.73748499991571, 41.42037199977477], [-83.73759700006869, 41.420373000107816], [-83.73757699997722, 41.42081200001065], [-83.73748300026588, 41.42175499976031], [-83.73747700041811, 41.42189700009289], [-83.73747700041811, 41.42192800025229], [-83.73747499986995, 41.422116000163136], [-83.73747400004505, 41.42216099978159], [-83.73747800024302, 41.4222379996851], [-83.7374909997635, 41.422476000279296], [-83.73750800038025, 41.4226670001705], [-83.73759500041886, 41.42350900020947], [-83.73762100035815, 41.4237350001806], [-83.73765700034316, 41.42403799982862], [-83.73776199992514, 41.424944000279005], [-83.73777100014595, 41.42505400011394], [-83.73963400004403, 41.42502800005954], [-83.73963599969385, 41.42505200026558], [-83.7427220001557, 41.42495999976445], [-83.74276200033867, 41.42550700021982], [-83.74281699969193, 41.4266879997955], [-83.74372499971314, 41.42668199972762], [-83.7459469996364, 41.42667800013108], [-83.74705300002431, 41.42667899969346]], [[-83.73760899976428, 41.419221999946274], [-83.73760100026665, 41.419596999726195], [-83.73760000044174, 41.41977399992636], [-83.73721299992914, 41.41977399992636], [-83.73721299992914, 41.41921300015666], [-83.73760899976428, 41.419221999946274]]]}, "properties": {"AREALAND": "789530", "AREAWATER": "0", "BASENAME": "Tontogany", "CBSAPCI": "N", "CENTLAT": "+41.4210326", "CENTLON": "-083.7409765", "FUNCSTAT": "A", "GEOID": "3977070", "INTPTLAT": "+41.4210326", "INTPTLON": "-083.7409765", "LSADC": "47", "MTFCC": "G4110", "NAME": "Tontogany village", "NECTAPCI": "N", "OBJECTID": 4077, "OID": "27890336755793", "PLACE": "77070", "PLACECC": "C1", "PLACENS": "02399994", "STATE": "39", "DISP_CLR": 2}}, {"type": "Feature", "id": 4357, "geometry": {"type": "Polygon", "coordinates": [[[-83.83596600015993, 41.30087199997248], [-83.83591900030427, 41.29916600017885], [-83.83553400033979, 41.299163000334154], [-83.83490599980277, 41.29915500029766], [-83.83450900014275, 41.29914799975879], [-83.83438799976891, 41.295161000266596], [-83.83423399978314, 41.295164999855004], [-83.82504700033935, 41.295248999928454], [-83.8246509996059, 41.29525300018635], [-83.82470900023054, 41.298820000082436], [-83.82470400020766, 41.29900300009294], [-83.82469099978887, 41.29940499996159], [-83.8246849999411, 41.30057600032656], [-83.82469599981175, 41.30629400004585], [-83.82468999996397, 41.307419000095585], [-83.82469499998683, 41.30761200003146], [-83.82505099963899, 41.307150999876974], [-83.82571699981085, 41.30628800033725], [-83.82597899975167, 41.306289999790316], [-83.83436799967744, 41.306194000331715], [-83.83435799963169, 41.303670999784124], [-83.83444899986827, 41.303441999840736], [-83.83444800004338, 41.301819000042656], [-83.83450699959461, 41.30088999991673], [-83.83596600015993, 41.30087199997248]]]}, "properties": {"AREALAND": "1030771", "AREAWATER": "0", "BASENAME": "Milton Center", "CBSAPCI": "N", "CENTLAT": "+41.3007392", "CENTLON": "-083.8296611", "FUNCSTAT": "A", "GEOID": "3950708", "INTPTLAT": "+41.3007392", "INTPTLON": "-083.8296611", "LSADC": "47", "MTFCC": "G4110", "NAME": "Milton Center village", "NECTAPCI": "N", "OBJECTID": 4357, "OID": "27890336755785", "PLACE": "50708", "PLACECC": "C1", "PLACENS": "02399367", "STATE": "39", "DISP_CLR": 1}}, {"type": "Feature", "id": 5569, "geometry": {"type": "Polygon", "coordinates": [[[-82.83276699965975, 41.65205200002022], [-82.83248299997764, 41.65187000012195], [-82.83237599984751, 41.651806000101885], [-82.83220199977023, 41.651702000017615], [-82.8309160003556, 41.65082799987734], [-82.82766800041036, 41.653515000115924], [-82.82598000041448, 41.65240300024169], [-82.82490400016378, 41.651693000299346], [-82.82485499975998, 41.65165800018959], [-82.824814999577, 41.651629000103426], [-82.82475400037596, 41.65158599967389], [-82.82455099998637, 41.65145399986188], [-82.82436900041148, 41.65132799985001], [-82.82413400023485, 41.65117900005605], [-82.82369900004166, 41.65089700017821], [-82.82317500016003, 41.65054999967705], [-82.82255900021688, 41.650130999863414], [-82.82066700000651, 41.64887400018087], [-82.8200550002613, 41.6484679997066], [-82.81987399961302, 41.648348000243836], [-82.81943900031817, 41.648059999681394], [-82.81897499981267, 41.64774800024835], [-82.8187389998111, 41.647588000245605], [-82.81799700036959, 41.64708500021218], [-82.81837499976305, 41.64676700026142], [-82.81858499982533, 41.64658699992293], [-82.81414900037473, 41.643573000296705], [-82.81374900034164, 41.64369700022333], [-82.81361000042446, 41.64380099980459], [-82.8132310003078, 41.644085999900994], [-82.81315400031488, 41.644193999791916], [-82.81274300041115, 41.644771999736314], [-82.81249900001369, 41.64584700010995], [-82.8124079997771, 41.645938999776476], [-82.8122549996162, 41.646944999713774], [-82.8122549996162, 41.64704399981482], [-82.8122549996162, 41.64774599988996], [-82.8127740003733, 41.64868299989124], [-82.81304800000969, 41.64953000021236], [-82.81292599981094, 41.65037599999881], [-82.81259100007519, 41.65103899972832], [-82.81251300025738, 41.65111000005718], [-82.81211700042226, 41.65169100006345], [-82.8121769997984, 41.6519029998872], [-82.81223700007287, 41.65208400025158], [-82.81238799968561, 41.652144000223075], [-82.8125989995728, 41.65223500018499], [-82.8125989995728, 41.65253600022749], [-82.81244899978496, 41.652717000155654], [-82.81196599991121, 41.652747999955146], [-82.81183799986471, 41.65284300013544], [-82.81142500031115, 41.65315599982296], [-82.80974999983573, 41.65426499988783], [-82.8082629996813, 41.65500200013074], [-82.80793499961824, 41.655018999917516], [-82.80752999956229, 41.65504100002978], [-82.80530000014144, 41.65374899985977], [-82.8066349999599, 41.65507699970912], [-82.80673700006714, 41.65511700029872], [-82.80687299961126, 41.65518900022348], [-82.80698599958916, 41.65526300019281], [-82.80777800015774, 41.65583100030099], [-82.80842599988793, 41.65630499983965], [-82.80907299979323, 41.65677000023679], [-82.80914599958815, 41.656826999755715], [-82.80901599989181, 41.65685400011075], [-82.80892899985318, 41.656877999671046], [-82.80754999965377, 41.65734800010899], [-82.80668199981555, 41.65764999977422], [-82.8061710003527, 41.657828000029184], [-82.80579399988584, 41.65796000020227], [-82.80721699956786, 41.65898599976675], [-82.80748600007968, 41.65917899971212], [-82.80785500015062, 41.65944500028494], [-82.80800999996131, 41.659556999914855], [-82.80864099997308, 41.660011999763995], [-82.80883199976878, 41.65986299992405], [-82.80858999991946, 41.65969599985579], [-82.80856900000308, 41.65953599999908], [-82.8085720003761, 41.659363999760075], [-82.80859699959215, 41.65919199973284], [-82.80864500017105, 41.65910800022371], [-82.80868299980587, 41.65913700029834], [-82.80914399993833, 41.65947900019318], [-82.81607800039502, 41.65872800005271], [-82.81915100043808, 41.65846599992525], [-82.81907000024724, 41.65854700023732], [-82.81907899956973, 41.65859100005756], [-82.81908899961549, 41.65862899978658], [-82.81910799988206, 41.65867700026004], [-82.81915100043808, 41.658710999902596], [-82.81921400018727, 41.658710999902596], [-82.81929100018016, 41.65868699968303], [-82.81935300010443, 41.65867200021236], [-82.81952600035679, 41.658714999938326], [-82.81969399968797, 41.65876799971709], [-82.81986199991746, 41.6588689997826], [-82.81999599981175, 41.65895600029015], [-82.82014999979756, 41.659031999966196], [-82.8202939997376, 41.659061000075056], [-82.82041900030939, 41.659056000057184], [-82.82053399993711, 41.659022999929775], [-82.82066899965633, 41.65899899982643], [-82.82090399983296, 41.65893600018389], [-82.82108600030615, 41.65893600018389], [-82.82120599995676, 41.658917000077174], [-82.82142299969173, 41.658807000020296], [-82.82157099982975, 41.65873000007008], [-82.82169100037866, 41.65863899988818], [-82.82177800041728, 41.658552000294655], [-82.82188800002214, 41.658455999796836], [-82.82201299969562, 41.65835499975473], [-82.82211900000084, 41.658303000322526], [-82.8222239995828, 41.65828800009131], [-82.82232499986515, 41.65827399987238], [-82.82239299963722, 41.65822599976971], [-82.82242100012462, 41.65814899979596], [-82.82245499956149, 41.6580769998244], [-82.82248899989668, 41.65805800013538], [-82.82255599984383, 41.65803399967245], [-82.82261299974523, 41.65799000014283], [-82.82265200010329, 41.6579419998285], [-82.82274800036278, 41.65790899980137], [-82.8228489997468, 41.6578849999541], [-82.82286800001337, 41.65784199967395], [-82.82288200025707, 41.65779399992048], [-82.82292099971681, 41.65773599989096], [-82.82299299968683, 41.65768299993407], [-82.82300699993053, 41.657635000062086], [-82.82296400027283, 41.657635000062086], [-82.82293999998338, 41.65761100011265], [-82.82292999993764, 41.65755800005289], [-82.82276000005832, 41.65480600021172], [-82.82309499979408, 41.654547999861045], [-82.82311300023575, 41.65456399969432], [-82.8231810000078, 41.65463300002048], [-82.8232370000843, 41.65470000013027], [-82.82327999974201, 41.654737000070895], [-82.82331900010008, 41.65477600013038], [-82.82350999989579, 41.65460600007677], [-82.8235609999494, 41.654561000145364], [-82.82444300003135, 41.65377399999157], [-82.82466800016225, 41.65357400000812], [-82.82470599979706, 41.65353999966727], [-82.82489400011805, 41.65410800020362], [-82.8249119996614, 41.65417899983461], [-82.82505399995162, 41.65416199982612], [-82.82520399973944, 41.65415499993975], [-82.82518399964796, 41.654090000095714], [-82.82488400007232, 41.65338100004613], [-82.82505999979941, 41.653225000315054], [-82.82648300037972, 41.65413300019607], [-82.82695700003265, 41.654435000170245], [-82.82726900020218, 41.65407500022563], [-82.82748099991429, 41.65421600007447], [-82.82748400028733, 41.654207000036244], [-82.82748799958698, 41.65419699991769], [-82.82749299960985, 41.6541879998768], [-82.82749900035596, 41.65417999991395], [-82.8275090004017, 41.6541670002239], [-82.8275169998993, 41.65415900025845], [-82.82752500029521, 41.65415199970059], [-82.82753399961774, 41.65414499981312], [-82.82754399966348, 41.654137999924934], [-82.827559999557, 41.65412999995588], [-82.82757700017376, 41.65412199998583], [-82.82758800004441, 41.654117999664834], [-82.8276009995649, 41.65411400001479], [-82.82761300015876, 41.65411099977368], [-82.82762599967924, 41.654109000284066], [-82.82764499994582, 41.654107000123204], [-82.82765800036462, 41.654106000042766], [-82.82767099988509, 41.654106000042766], [-82.82768400030388, 41.654106000042766], [-82.82769699982435, 41.65410800020362], [-82.82771000024314, 41.654109999693304], [-82.82772199993872, 41.65411199985409], [-82.82773399963428, 41.65411600017545], [-82.82774600022816, 41.65411999982537], [-82.82776299994659, 41.65412699971551], [-82.82777399981724, 41.65413200011604], [-82.8277849996879, 41.654137999924934], [-82.8281570001319, 41.65384100032367], [-82.82851100013423, 41.654076999716295], [-82.8287839999457, 41.65425900009076], [-82.82905799958208, 41.654440999950964], [-82.82933200011679, 41.65462299996806], [-82.82954200017907, 41.6547639999597], [-82.82960599975317, 41.65480500014209], [-82.82995100043298, 41.6550310000407], [-82.83029600021447, 41.65525599975489], [-82.83048500036037, 41.655372000201346], [-82.83070200009534, 41.655159000320516], [-82.8309449997696, 41.654918999922806], [-82.83092399985318, 41.654694999773874], [-82.83068000035402, 41.6544769999656], [-82.83131100036579, 41.65354299993499], [-82.83111999967177, 41.6534200002555], [-82.83209100034048, 41.65262099968604], [-82.83234300023557, 41.65240800010479], [-82.83276699965975, 41.65205200002022]]]}, "properties": {"AREALAND": "1127660", "AREAWATER": "486777", "BASENAME": "Put-in-Bay", "CBSAPCI": "N", "CENTLAT": "+41.6531789", "CENTLON": "-082.8172241", "FUNCSTAT": "A", "GEOID": "3965032", "INTPTLAT": "+41.6533018", "INTPTLON": "-082.8174601", "LSADC": "47", "MTFCC": "G4110", "NAME": "Put-in-Bay village", "NECTAPCI": "N", "OBJECTID": 5569, "OID": "27890130431477", "PLACE": "65032", "PLACECC": "C1", "PLACENS": "02399030", "STATE": "39", "DISP_CLR": 5}}, {"type": "Feature", "id": 5987, "geometry": {"type": "Polygon", "coordinates": [[[-83.9480790004177, 41.15309400010198], [-83.9480790004177, 41.15302099999432], [-83.9480729996716, 41.149452999858376], [-83.94582700035721, 41.1494699998337], [-83.94558399978465, 41.1494699998337], [-83.94527800036121, 41.1494710002698], [-83.94504800020744, 41.14947200002945], [-83.94488599982573, 41.1494710002698], [-83.94483300012229, 41.1494710002698], [-83.94482499972636, 41.14947799993993], [-83.93848000034696, 41.14952800007446], [-83.93844699983667, 41.14952800007446], [-83.93834800010248, 41.14952899983325], [-83.93761499998347, 41.14953499973851], [-83.93603999996549, 41.149547000223805], [-83.93603699959245, 41.152684999998215], [-83.93603599976753, 41.152726000297335], [-83.93603699959245, 41.15274800000182], [-83.93603699959245, 41.15279799967172], [-83.93603599976753, 41.153103000146636], [-83.93603599976753, 41.15314400018439], [-83.93603599976753, 41.15315800009238], [-83.93603599976753, 41.15317699986615], [-83.93603599976753, 41.153208999828635], [-83.93603900014057, 41.156812999987224], [-83.9360409997904, 41.15893499992611], [-83.93604199961531, 41.1604559998201], [-83.93649600007505, 41.16045399995943], [-83.9366800001981, 41.16045299969093], [-83.93671100016023, 41.16045299969093], [-83.93692100022251, 41.16045099983021], [-83.93721499995038, 41.160450000238], [-83.9383220001632, 41.16044299971043], [-83.93841199967657, 41.16044299971043], [-83.93862000008903, 41.16044099984941], [-83.93979400024901, 41.16043099986703], [-83.94241899968009, 41.16040900003574], [-83.94325800010431, 41.160402000180056], [-83.94545200043848, 41.16038400006473], [-83.94567099982328, 41.16038200020191], [-83.94619800007797, 41.160377000206445], [-83.94695899978606, 41.16037099994078], [-83.94695899978606, 41.15508999998247], [-83.94695700013625, 41.155013999690354], [-83.94695700013625, 41.15461100018414], [-83.94695700013625, 41.15440200017793], [-83.94695799996117, 41.15316200025879], [-83.94695799996117, 41.153098999976635], [-83.94714100025928, 41.15309800027229], [-83.94734999959833, 41.15310100006167], [-83.94756600040671, 41.15309699989153], [-83.94772299986722, 41.15309499980638], [-83.9480790004177, 41.15309400010198]]]}, "properties": {"AREALAND": "1148703", "AREAWATER": "0", "BASENAME": "Belmore", "CBSAPCI": "N", "CENTLAT": "+41.1548382", "CENTLON": "-083.9416973", "FUNCSTAT": "A", "GEOID": "3905396", "INTPTLAT": "+41.1548382", "INTPTLON": "-083.9416973", "LSADC": "47", "MTFCC": "G4110", "NAME": "Belmore village", "NECTAPCI": "N", "OBJECTID": 5987, "OID": "27890364591436", "PLACE": "05396", "PLACECC": "C1", "PLACENS": "02398087", "STATE": "39", "DISP_CLR": 5}}, {"type": "Feature", "id": 6576, "geometry": {"type": "Polygon", "coordinates": [[[-83.95091100043634, 41.37236500032881], [-83.95092099958374, 41.37133899974763], [-83.95047299987009, 41.37134200031499], [-83.9497139998118, 41.37135699977903], [-83.9497260004057, 41.37067799990215], [-83.94970899978894, 41.36725500020393], [-83.94913999970146, 41.367180000142994], [-83.9483470002063, 41.367074999777664], [-83.94334400031802, 41.36633299982712], [-83.94297299969897, 41.36614300000367], [-83.9426100003741, 41.36593999990919], [-83.9426100003741, 41.363229000073446], [-83.94136300041922, 41.363253000184265], [-83.9413559998482, 41.363542999868635], [-83.94135099982532, 41.36384800013003], [-83.94134599980246, 41.36410599992034], [-83.94002100002973, 41.36415300031029], [-83.93510600000502, 41.36422899966407], [-83.93403300012737, 41.36424000002449], [-83.93374699989711, 41.364593000306286], [-83.93393500021809, 41.364955999748666], [-83.93429099987023, 41.36501399975428], [-83.93501399994352, 41.365135000134174], [-83.93506400017223, 41.365143999997436], [-83.93545800035753, 41.36520999985557], [-83.93605300038428, 41.36531499985962], [-83.93640300018865, 41.365374000050785], [-83.93666400030455, 41.365414999866445], [-83.9366600001066, 41.36571100033436], [-83.93669299971856, 41.36688900000506], [-83.93668799969569, 41.37089900020316], [-83.93662199957345, 41.371412000256015], [-83.93663699964206, 41.3722750001684], [-83.93663199961918, 41.37375599987977], [-83.93444200038128, 41.374885000106055], [-83.93452699987179, 41.375000000206285], [-83.9348220003229, 41.375263000011294], [-83.93503499985992, 41.375455000191906], [-83.93532199991509, 41.3756629999727], [-83.93572699997104, 41.37595100028228], [-83.93587500010904, 41.37608500025843], [-83.93600800017843, 41.37621600029026], [-83.93614100024782, 41.37637999970605], [-83.93618599955535, 41.3765120001521], [-83.93622200043868, 41.376648000311015], [-83.9362240000885, 41.37677600024055], [-83.93617999970758, 41.37687600015761], [-83.9360190000491, 41.377097999949825], [-83.93576499960588, 41.377387999939785], [-83.93566000002389, 41.377513000152646], [-83.9355400003733, 41.377738000065186], [-83.9355129997108, 41.37786799982462], [-83.93551600008384, 41.3779609999235], [-83.93553000032755, 41.37807999987055], [-83.93556200011459, 41.37818300005674], [-83.93560499977231, 41.378304999843785], [-83.93567099989454, 41.37843200025194], [-83.93580300013903, 41.37857400023419], [-83.93589299965241, 41.37861800005183], [-83.93595899977463, 41.37865699968152], [-83.93598899991186, 41.37869200010702], [-83.93600800017843, 41.37874800007455], [-83.93623400013425, 41.37875000000029], [-83.93634799993707, 41.37875000000029], [-83.93661099970278, 41.378744999848806], [-83.93678499978006, 41.378740999997014], [-83.93678599960496, 41.379842000144095], [-83.93651100014367, 41.37996600007772], [-83.93649299970203, 41.38067599968938], [-83.9368850002375, 41.38073099970132], [-83.93689399956001, 41.38082100029454], [-83.93772200011358, 41.38082100029454], [-83.93770899969479, 41.379730000022604], [-83.93687500019175, 41.379730000022604], [-83.93694899981159, 41.37873700014493], [-83.93705199974376, 41.378735000218796], [-83.93747500024138, 41.37871900013349], [-83.93762599985412, 41.37871299967923], [-83.93784199976417, 41.37870699989843], [-83.93808000031386, 41.37870199974364], [-83.9383079999195, 41.37869599996187], [-83.93880900023493, 41.3786900001795], [-83.93936200042887, 41.37868300009568], [-83.93994300021193, 41.37866800029873], [-83.94011999976394, 41.37865999991132], [-83.94071499979067, 41.3786459997365], [-83.94099299962504, 41.37864500010908], [-83.94118900034192, 41.37864300018011], [-83.94128200022836, 41.3786459997365], [-83.94143000036637, 41.378661999839764], [-83.94149099956739, 41.378670000226926], [-83.94157000010844, 41.37867400008313], [-83.9417309997669, 41.378679000240076], [-83.94197400033947, 41.37867999986698], [-83.94244399979443, 41.37868399972251], [-83.94266599955229, 41.3786889998787], [-83.94268200034413, 41.37645000029256], [-83.94268900001683, 41.37504999986401], [-83.94272800037488, 41.37278500032995], [-83.94372400025964, 41.37278199982914], [-83.94371599986371, 41.372370000296634], [-83.94971499963673, 41.37233100026786], [-83.95091100043634, 41.37236500032881]]]}, "properties": {"AREALAND": "1290003", "AREAWATER": "0", "BASENAME": "McClure", "CBSAPCI": "N", "CENTLAT": "+41.3709738", "CENTLON": "-083.9413694", "FUNCSTAT": "A", "GEOID": "3945794", "INTPTLAT": "+41.3709738", "INTPTLON": "-083.9413694", "LSADC": "47", "MTFCC": "G4110", "NAME": "McClure village", "NECTAPCI": "N", "OBJECTID": 6576, "OID": "27890299878341", "PLACE": "45794", "PLACECC": "C1", "PLACENS": "02399285", "STATE": "39", "DISP_CLR": 1}}, {"type": "Feature", "id": 6720, "geometry": {"type": "Polygon", "coordinates": [[[-83.24036200010997, 41.247012000287214], [-83.24035600026218, 41.246443000296246], [-83.24035299988914, 41.24613400029412], [-83.24031299970616, 41.2426020000156], [-83.24000800010762, 41.24189100031644], [-83.23952199986083, 41.24034200008447], [-83.23835000024899, 41.23755799992858], [-83.23538299961284, 41.237578999746894], [-83.23538500016097, 41.23769699972638], [-83.23418199968867, 41.23771699973612], [-83.22890699981384, 41.23780600027951], [-83.22832500020588, 41.23780600027951], [-83.22814799975556, 41.237809000242585], [-83.22814000025797, 41.239623000211495], [-83.22811599996851, 41.245313000193065], [-83.2281150001436, 41.24584499973041], [-83.22817200004502, 41.24584499973041], [-83.22817200004502, 41.24608600022823], [-83.22817200004502, 41.24639999996377], [-83.22817200004502, 41.24673299986739], [-83.22817200004502, 41.24687300003812], [-83.2281710002201, 41.24711700033272], [-83.22817299986991, 41.247181000303485], [-83.2281779998928, 41.247353000083045], [-83.2281849995655, 41.24760599982734], [-83.2281920001365, 41.247839999944205], [-83.22820100035733, 41.24810799998367], [-83.22820999967985, 41.24841700010627], [-83.22821899990068, 41.24875900026933], [-83.22822200027372, 41.248892999892526], [-83.22823300014439, 41.2492400002301], [-83.22823399996929, 41.24963299975712], [-83.2282359996191, 41.250302000098415], [-83.22822800012152, 41.25041200013476], [-83.22822800012152, 41.250719999926574], [-83.2282270002966, 41.25090700003249], [-83.2286929995536, 41.2508990001581], [-83.2307549996433, 41.250865000174514], [-83.23336900010203, 41.250853000017166], [-83.23495400016574, 41.25084500013616], [-83.235633999683, 41.25085499981841], [-83.23583399969954, 41.25085900009609], [-83.23583600024767, 41.25072299997223], [-83.2358310002248, 41.25057300022241], [-83.23582600020194, 41.25053799982604], [-83.2358100003084, 41.25043200030567], [-83.23577599997321, 41.25029299990307], [-83.23573099976737, 41.25016600016581], [-83.2356909995844, 41.25007799982025], [-83.23562000033762, 41.249947000007175], [-83.23555800041332, 41.2498499997856], [-83.23536800044253, 41.24957900003952], [-83.23519199981713, 41.249327999678286], [-83.23583700007258, 41.24877999986554], [-83.23608899996766, 41.248565000206966], [-83.23796000026165, 41.24822299970385], [-83.2381109998744, 41.24809700027585], [-83.23817799982154, 41.24804199968278], [-83.23970799963365, 41.24732399971605], [-83.24036200010997, 41.247012000287214]]]}, "properties": {"AREALAND": "1323945", "AREAWATER": "0", "BASENAME": "Bettsville", "CBSAPCI": "N", "CENTLAT": "+41.2439509", "CENTLON": "-083.2337121", "FUNCSTAT": "A", "GEOID": "3906194", "INTPTLAT": "+41.2439509", "INTPTLON": "-083.2337121", "LSADC": "47", "MTFCC": "G4110", "NAME": "Bettsville village", "NECTAPCI": "N", "OBJECTID": 6720, "OID": "27890369498268", "PLACE": "06194", "PLACECC": "C1", "PLACENS": "02398113", "STATE": "39", "DISP_CLR": 1}}, {"type": "Feature", "id": 6911, "geometry": {"type": "Polygon", "coordinates": [[[-83.44765500006496, 41.325215999772084], [-83.44765699971478, 41.32440399978963], [-83.44627699969048, 41.3244090000689], [-83.4462430002536, 41.32380399992178], [-83.44528300035387, 41.32377399998579], [-83.44449499998326, 41.323797000005435], [-83.44431900025617, 41.32381099983743], [-83.44433799962444, 41.32288400032358], [-83.44436299973879, 41.321818999678015], [-83.44437699998248, 41.32148200019937], [-83.44508699963697, 41.321001000164905], [-83.44668900031743, 41.31991100003819], [-83.44680200029534, 41.31983699993322], [-83.44680899996803, 41.31905700022632], [-83.4444260003863, 41.3190859997675], [-83.4444559996252, 41.31871400004429], [-83.44200000024854, 41.31869600029766], [-83.4374919999296, 41.318751999942926], [-83.4371830001331, 41.318760000273855], [-83.43258899960045, 41.31879099969151], [-83.43251400015569, 41.31926099998204], [-83.42752899981078, 41.31931099995702], [-83.42746799971141, 41.321415000027244], [-83.4274590003889, 41.32198600004114], [-83.42744799961993, 41.32226100007409], [-83.42743299955131, 41.322483999790904], [-83.42741800038101, 41.32297499977815], [-83.42734800006082, 41.325292000060124], [-83.42731799992359, 41.326660999957234], [-83.42744699979501, 41.32832500017611], [-83.42744199977214, 41.328999999857125], [-83.43053800027972, 41.32897800004075], [-83.43693100023803, 41.328937000209784], [-83.43926000029141, 41.32892100002196], [-83.43908899968889, 41.32795700017472], [-83.43942500014785, 41.327910999691106], [-83.43924100002484, 41.32720799997674], [-83.44171800021624, 41.327171999773796], [-83.44185999960814, 41.32717000028665], [-83.4421819998234, 41.32716500021925], [-83.44214800038655, 41.3267140002525], [-83.44520700018589, 41.326711000326064], [-83.44520600036097, 41.32646400005994], [-83.4465450003774, 41.32645600000015], [-83.44765300041513, 41.32644500000069], [-83.44765500006496, 41.325215999772084]]]}, "properties": {"AREALAND": "1596496", "AREAWATER": "5294", "BASENAME": "Bradner", "CBSAPCI": "N", "CENTLAT": "+41.3236722", "CENTLON": "-083.4363159", "FUNCSTAT": "A", "GEOID": "3908112", "INTPTLAT": "+41.3238842", "INTPTLON": "-083.4363659", "LSADC": "47", "MTFCC": "G4110", "NAME": "Bradner village", "NECTAPCI": "N", "OBJECTID": 6911, "OID": "27890336755775", "PLACE": "08112", "PLACECC": "C1", "PLACENS": "02398165", "STATE": "39", "DISP_CLR": 2}}, {"type": "Feature", "id": 7614, "geometry": {"type": "Polygon", "coordinates": [[[-83.4342749999465, 41.26849299982479], [-83.4344869996586, 41.26129700019623], [-83.43182000039474, 41.26142800020806], [-83.42748699997797, 41.26167799992406], [-83.42724599995357, 41.26169100019104], [-83.4195819997509, 41.26215000006331], [-83.41952700039762, 41.264045999884246], [-83.41950700030614, 41.264604000208585], [-83.41949800008531, 41.26486600020668], [-83.41948999968939, 41.26509199978326], [-83.41945899972725, 41.2659420000252], [-83.41945700007743, 41.26600799979716], [-83.41943000031326, 41.26647399970551], [-83.41942899959002, 41.266992999893716], [-83.41942299974224, 41.26718999988549], [-83.41941799971936, 41.267441999793405], [-83.41939400032824, 41.268502000213296], [-83.41938799958214, 41.268731999892246], [-83.41936699966575, 41.26919300015296], [-83.41936400019101, 41.269431999683555], [-83.41931599961212, 41.270241999797896], [-83.41931099958924, 41.270400999743195], [-83.41929700024387, 41.27119299995727], [-83.41930200026674, 41.27129699969453], [-83.41927799997728, 41.27197999976656], [-83.41927499960423, 41.27211700010383], [-83.41926200008378, 41.272422999680984], [-83.42491600007527, 41.27244999989254], [-83.42917400014895, 41.272486999839224], [-83.4293950000819, 41.27248300021096], [-83.43385099962397, 41.27251499993095], [-83.43377399963109, 41.268495999729375], [-83.43408800034875, 41.268493999793016], [-83.4342749999465, 41.26849299982479]]]}, "properties": {"AREALAND": "1475292", "AREAWATER": "0", "BASENAME": "Risingsun", "CBSAPCI": "N", "CENTLAT": "+41.2670533", "CENTLON": "-083.4269112", "FUNCSTAT": "A", "GEOID": "3967314", "INTPTLAT": "+41.2670533", "INTPTLON": "-083.4269112", "LSADC": "47", "MTFCC": "G4110", "NAME": "Risingsun village", "NECTAPCI": "N", "OBJECTID": 7614, "OID": "27890336755791", "PLACE": "67314", "PLACECC": "C1", "PLACENS": "02399082", "STATE": "39", "DISP_CLR": 3}}, {"type": "Feature", "id": 7823, "geometry": {"type": "Polygon", "coordinates": [[[-83.49242199966662, 41.45700799989478], [-83.49241900019189, 41.452340999876164], [-83.49241400016902, 41.4509100002538], [-83.49240800032122, 41.45052900033086], [-83.49240999997104, 41.449566999923675], [-83.49240499994818, 41.446511999847694], [-83.4923999999253, 41.44587799984335], [-83.49239800027549, 41.44569199994333], [-83.49179599967773, 41.44568900011434], [-83.48681500042909, 41.44566099968372], [-83.48282900034198, 41.44564300002574], [-83.48281500009827, 41.44598300020304], [-83.48239800034675, 41.44598500007997], [-83.4822750003231, 41.44598300020304], [-83.48189600020642, 41.44598200026457], [-83.48093600030668, 41.44597899977562], [-83.48061499991631, 41.44597899977562], [-83.48058300012927, 41.44755899993634], [-83.48009400040773, 41.44754000021709], [-83.47943800028159, 41.44751500032998], [-83.47944499995431, 41.44775899997482], [-83.47939300007576, 41.449513000145686], [-83.47608400003116, 41.449550999769656], [-83.47602600030484, 41.45194499988753], [-83.47314800025545, 41.45195399985291], [-83.47315499992816, 41.45340199971634], [-83.47319500011112, 41.45703099995357], [-83.47776700000416, 41.457027999975615], [-83.47974100023032, 41.45702400022924], [-83.48099800023097, 41.457025999765825], [-83.4816429995881, 41.45702400022924], [-83.48228000034598, 41.4645069999596], [-83.47894799983685, 41.46466399981072], [-83.47907500005843, 41.46611700015988], [-83.48285799975598, 41.465943000007925], [-83.48287199999969, 41.464551000157705], [-83.48257999992164, 41.4645209998117], [-83.48209299984993, 41.45702299978769], [-83.48345699998069, 41.457019000040965], [-83.48548899993314, 41.457019000040965], [-83.48556099990317, 41.457019000040965], [-83.48793799963714, 41.45701800027259], [-83.4887169997869, 41.45701399985235], [-83.49242199966662, 41.45700799989478]]]}, "properties": {"AREALAND": "1786705", "AREAWATER": "3378", "BASENAME": "Luckey", "CBSAPCI": "N", "CENTLAT": "+41.4524494", "CENTLON": "-083.4838678", "FUNCSTAT": "A", "GEOID": "3945332", "INTPTLAT": "+41.4519065", "INTPTLON": "-083.4829238", "LSADC": "47", "MTFCC": "G4110", "NAME": "Luckey village", "NECTAPCI": "N", "OBJECTID": 7823, "OID": "27890336755783", "PLACE": "45332", "PLACECC": "C1", "PLACENS": "02399199", "STATE": "39", "DISP_CLR": 4}}, {"type": "Feature", "id": 7950, "geometry": {"type": "Polygon", "coordinates": [[[-83.56368999993742, 41.1733079997453], [-83.56368699956437, 41.173205999730875], [-83.56367099967085, 41.16984799974671], [-83.56368800028761, 41.166731000222], [-83.56364800010464, 41.16673199971841], [-83.56362600036331, 41.16673199971841], [-83.56357799978443, 41.16673299989107], [-83.56355799969295, 41.16673400006371], [-83.56350900018745, 41.16673500023634], [-83.56094199958437, 41.16667799983964], [-83.56092900006391, 41.16667799983964], [-83.55998099985973, 41.16666000009562], [-83.55995999994332, 41.16665899992184], [-83.5599370003771, 41.16665899992184], [-83.55988100030062, 41.16665799974805], [-83.55980900033059, 41.16665700025046], [-83.55907600021159, 41.16664400001839], [-83.55854899995688, 41.16664100017255], [-83.55853200023846, 41.16664100017255], [-83.5585070001241, 41.16664100017255], [-83.5582180004191, 41.1666389998244], [-83.55655200016453, 41.16661099967775], [-83.55577899986254, 41.166595999763366], [-83.55571199991539, 41.16659500026487], [-83.5551980000795, 41.1665889998923], [-83.55470099996204, 41.166583000195395], [-83.55444300021918, 41.16658399969407], [-83.5544309996253, 41.16658399969407], [-83.54969100040108, 41.16638099971104], [-83.54466800042134, 41.166317999961535], [-83.54466900024626, 41.16785399990406], [-83.5447500004371, 41.17295100001436], [-83.54473600019341, 41.17358099997698], [-83.54474299986609, 41.17503999994146], [-83.54473199999545, 41.176803000240085], [-83.54473299982034, 41.17725899984629], [-83.55426400011902, 41.17727200000057], [-83.559205000083, 41.17728100010587], [-83.5591830003417, 41.17331500025092], [-83.55969600035269, 41.17332899990754], [-83.5606839998415, 41.17335300027792], [-83.56092900006391, 41.17335300027792], [-83.56096800042197, 41.17334400030911], [-83.56098400031547, 41.173334000267175], [-83.5617170004345, 41.17332599969158], [-83.56368999993742, 41.1733079997453]]]}, "properties": {"AREALAND": "1722138", "AREAWATER": "11124", "BASENAME": "Bloomdale", "CBSAPCI": "N", "CENTLAT": "+41.1715711", "CENTLON": "-083.5534366", "FUNCSTAT": "A", "GEOID": "3907062", "INTPTLAT": "+41.1710864", "INTPTLON": "-083.5536413", "LSADC": "47", "MTFCC": "G4110", "NAME": "Bloomdale village", "NECTAPCI": "N", "OBJECTID": 7950, "OID": "27890336755773", "PLACE": "07062", "PLACECC": "C1", "PLACENS": "02398135", "STATE": "39", "DISP_CLR": 4}}, {"type": "Feature", "id": 8686, "geometry": {"type": "Polygon", "coordinates": [[[-83.79411199986943, 41.19363400032713], [-83.79413500033398, 41.19303399982014], [-83.79411199986943, 41.19278900001473], [-83.79408299955712, 41.1904960002824], [-83.79405800034108, 41.19001299975969], [-83.7940459997472, 41.189497999926665], [-83.79385300030165, 41.18638200029984], [-83.7890329998132, 41.18638200029984], [-83.78907399982107, 41.18271500015261], [-83.78729799996167, 41.182711999690504], [-83.78539099968266, 41.18271300029531], [-83.78485400028055, 41.182719999795744], [-83.7843859995771, 41.18273799986002], [-83.78347000005827, 41.182751000279005], [-83.7831689997594, 41.1827620001634], [-83.78249000006706, 41.182758999703395], [-83.78153600001511, 41.18277300004595], [-83.77931699956659, 41.18279200002315], [-83.77946800007764, 41.18651799974307], [-83.77473999965066, 41.18652299977187], [-83.77473399980289, 41.189757000081265], [-83.77473399980289, 41.190067000007645], [-83.77473399980289, 41.191097999991904], [-83.77473399980289, 41.191315000314205], [-83.77476899996299, 41.19376599986293], [-83.77953599984968, 41.19370399984784], [-83.77959600012416, 41.19723400008982], [-83.7831250002768, 41.19719099983438], [-83.78433899972141, 41.19718700032791], [-83.78930499979975, 41.19707999975172], [-83.78931300019568, 41.193618000078544], [-83.79411199986943, 41.19363400032713]]]}, "properties": {"AREALAND": "1920211", "AREAWATER": "29912", "BASENAME": "Hoytville", "CBSAPCI": "N", "CENTLAT": "+41.1900033", "CENTLON": "-083.7843694", "FUNCSTAT": "A", "GEOID": "3936568", "INTPTLAT": "+41.1903996", "INTPTLON": "-083.7849103", "LSADC": "47", "MTFCC": "G4110", "NAME": "Hoytville village", "NECTAPCI": "N", "OBJECTID": 8686, "OID": "27890336755781", "PLACE": "36568", "PLACECC": "C1", "PLACENS": "02398551", "STATE": "39", "DISP_CLR": 5}}, {"type": "Feature", "id": 9217, "geometry": {"type": "Polygon", "coordinates": [[[-83.91876199962347, 41.713984999998296], [-83.91882199989793, 41.713297000258976], [-83.91465300041101, 41.71219799970495], [-83.91460900003008, 41.71129599986729], [-83.91457600041811, 41.71027099974645], [-83.91454200008293, 41.71003999989171], [-83.91452600018941, 41.70965499985406], [-83.91448000015866, 41.70905800016011], [-83.91449600005217, 41.7075919997101], [-83.91578800021293, 41.707589999869654], [-83.91578099964191, 41.70722199999851], [-83.91576999977127, 41.7068069998728], [-83.91495299998667, 41.706824000063094], [-83.9149200003747, 41.70557900003822], [-83.91490899960573, 41.705227000042186], [-83.91365599980303, 41.70525700008649], [-83.91364300028258, 41.704693999961954], [-83.91364199955933, 41.704599999802774], [-83.91363999990952, 41.704535999886886], [-83.9136390000846, 41.70450800011323], [-83.91275299980472, 41.704502000303876], [-83.91277500044434, 41.70531900004425], [-83.91158500039083, 41.70531400026622], [-83.91159100023862, 41.70553500014411], [-83.91160700013215, 41.706219000032156], [-83.90885399975623, 41.706220999915246], [-83.90890300016004, 41.70774500006328], [-83.903958999823, 41.70788599972448], [-83.90388699985297, 41.70398599984894], [-83.89914000005777, 41.70400200013844], [-83.8991860000885, 41.70611699987515], [-83.89460199960159, 41.70611699987515], [-83.89460199960159, 41.707968000131935], [-83.88966999985846, 41.70795800031685], [-83.88966999985846, 41.70939999970939], [-83.89450600024044, 41.70941599999278], [-83.89450799989027, 41.709450000330285], [-83.89451499956296, 41.70973500024325], [-83.89453800002748, 41.71034900028501], [-83.89454600042342, 41.710662999896684], [-83.8945530000961, 41.7110110001689], [-83.89457700038555, 41.7115620003235], [-83.89458900008111, 41.711927999787264], [-83.89459199955586, 41.71212199976827], [-83.89459900012686, 41.712367000044985], [-83.89460800034769, 41.71253699978396], [-83.89461800039342, 41.712897999872695], [-83.8946169996702, 41.71299900016427], [-83.8951449997498, 41.71299400031291], [-83.89600699974025, 41.71297500006955], [-83.89644899960614, 41.712967000035945], [-83.8966930000036, 41.71295800016467], [-83.89688299997441, 41.7129469999477], [-83.89711700032613, 41.71292100015891], [-83.8973759998939, 41.712880000109514], [-83.89758299958314, 41.71283999987254], [-83.89780299969115, 41.71278900003732], [-83.89825700015092, 41.71266600022868], [-83.89839100004522, 41.71262599985853], [-83.89856699977231, 41.71257300016804], [-83.89856500012249, 41.71298700011803], [-83.8985640002976, 41.713334000048306], [-83.89887200026915, 41.71326299994446], [-83.89903799995052, 41.71323800011589], [-83.89946999977064, 41.71320900027577], [-83.89948900003722, 41.713638000229565], [-83.899494999885, 41.71382299999352], [-83.89949999990786, 41.71446199991394], [-83.89950699958057, 41.71474400030772], [-83.89952699967205, 41.71526199985229], [-83.89954000009084, 41.715590999896236], [-83.89954000009084, 41.71579299990408], [-83.89957400042601, 41.71686700025212], [-83.89958799977141, 41.71757700019424], [-83.89959000031956, 41.71764800022639], [-83.9169690000456, 41.7170359997153], [-83.91806000036489, 41.71698400008254], [-83.91806899968742, 41.714350999747744], [-83.91875099975282, 41.714526999819526], [-83.9187499999279, 41.7144579999898], [-83.91875099975282, 41.71428099991287], [-83.91875800032382, 41.71406700000243], [-83.91876199962347, 41.713984999998296]]]}, "properties": {"AREALAND": "2116763", "AREAWATER": "35239", "BASENAME": "Metamora", "CBSAPCI": "N", "CENTLAT": "+41.7113237", "CENTLON": "-083.9056629", "FUNCSTAT": "A", "GEOID": "3949238", "INTPTLAT": "+41.7114695", "INTPTLON": "-083.9050167", "LSADC": "47", "MTFCC": "G4110", "NAME": "Metamora village", "NECTAPCI": "N", "OBJECTID": 9217, "OID": "2789078641892", "PLACE": "49238", "PLACECC": "C1", "PLACENS": "02399324", "STATE": "39", "DISP_CLR": 4}}, {"type": "Feature", "id": 10192, "geometry": {"type": "Polygon", "coordinates": [[[-83.88323199969429, 41.40915600017844], [-83.88323300041752, 41.408664000081], [-83.88323000004448, 41.40840999988704], [-83.88322800039464, 41.408186000181175], [-83.88322400019669, 41.40777899986107], [-83.88322199964855, 41.40758300002565], [-83.88322199964855, 41.407554000144216], [-83.88322300037177, 41.407155000158646], [-83.88322300037177, 41.40704000032933], [-83.8832250000216, 41.40602100022618], [-83.8832250000216, 41.4059480001621], [-83.8832250000216, 41.405736999903354], [-83.88321999999873, 41.405282000238785], [-83.88321499997585, 41.40481099968068], [-83.88321499997585, 41.404783999708286], [-83.88321400015094, 41.40474199987866], [-83.88321400015094, 41.404725000228716], [-83.88321400015094, 41.40470400029823], [-83.88321400015094, 41.40467999998437], [-83.88321400015094, 41.40465600033538], [-83.88321300032604, 41.404632999905495], [-83.8832119996028, 41.40456599971994], [-83.88321300032604, 41.404474999749524], [-83.8832180003489, 41.404161000124404], [-83.88321699962569, 41.40394800030245], [-83.88321499997585, 41.40340699971647], [-83.88321499997585, 41.40338300027112], [-83.88321400015094, 41.403169999920394], [-83.88321400015094, 41.40309899987296], [-83.88321499997585, 41.403028999674284], [-83.88321499997585, 41.40301200024996], [-83.88321999999873, 41.4020689999301], [-83.88321999999873, 41.402033999959215], [-83.88322300037177, 41.40166700011156], [-83.88322300037177, 41.40165300017365], [-83.88322300037177, 41.40163499976773], [-83.88322300037177, 41.40161500013445], [-83.88322300037177, 41.40158500033601], [-83.88322300037177, 41.401569999757804], [-83.88322400019669, 41.401414000142516], [-83.87681799981958, 41.40473499990445], [-83.87680699994893, 41.40462699982128], [-83.87645999961931, 41.40484600017719], [-83.87534300025904, 41.40542799976012], [-83.87420300043426, 41.40602200010652], [-83.8737709997158, 41.40620500018074], [-83.87371999966219, 41.40623099968557], [-83.8735940001638, 41.40629599974968], [-83.87347399961489, 41.4063879997396], [-83.87332899984993, 41.40647299981223], [-83.87294100041073, 41.40665299967829], [-83.8719110001908, 41.407154000295755], [-83.87124400019403, 41.40750999969524], [-83.87124699966876, 41.407525000249784], [-83.87137700026342, 41.40804800026065], [-83.87041999983842, 41.407959000151536], [-83.87033299979979, 41.40796000000205], [-83.87031600008133, 41.4079529997007], [-83.86923999983065, 41.40795099999951], [-83.86894899957753, 41.407955999926216], [-83.86888599982834, 41.40721300026485], [-83.86894500027788, 41.397459999961775], [-83.86889400022424, 41.39684399972206], [-83.86890799956963, 41.39470800016011], [-83.86872099997187, 41.394712999758006], [-83.8671099999689, 41.394735000275524], [-83.8640820001317, 41.39476599992002], [-83.8642029996072, 41.40086399971217], [-83.8642379997673, 41.40437100020485], [-83.86403799975076, 41.40437399992191], [-83.86378900022872, 41.40437499982759], [-83.86368899977131, 41.40437599973325], [-83.85986500006588, 41.40437599973325], [-83.85988400033247, 41.404716999678435], [-83.85989199983008, 41.40690299986276], [-83.85997499967075, 41.40770800013338], [-83.86000399998306, 41.40799100007611], [-83.85844499985862, 41.407964999928055], [-83.85556299961128, 41.4079180002041], [-83.85555099991572, 41.407736000092186], [-83.854338000296, 41.4077440002707], [-83.85434099977073, 41.407910999898235], [-83.85434800034173, 41.40862100022407], [-83.85437599993082, 41.412361000097796], [-83.85400199983701, 41.412476999721555], [-83.85384299982836, 41.412543000053866], [-83.8538660002929, 41.4126509997793], [-83.85389999972975, 41.41281900004333], [-83.8539309996919, 41.41302200000721], [-83.85397599989773, 41.41323900014985], [-83.85399099996636, 41.41336400015447], [-83.8543600000373, 41.413283999855835], [-83.85433200044822, 41.41409100007011], [-83.85433999994582, 41.41444499968276], [-83.86071299981263, 41.414242000123686], [-83.86078499978267, 41.41423999994237], [-83.86085000007999, 41.4142330003177], [-83.86094600033945, 41.41422999970841], [-83.86111000037099, 41.41420900015532], [-83.86117700031812, 41.41420300028179], [-83.8612790004254, 41.4141939997967], [-83.86129500031892, 41.41419300004214], [-83.86142599984016, 41.414181000291514], [-83.8614640003733, 41.41417799967982], [-83.86153100032045, 41.414171999803436], [-83.86193999967605, 41.41413500010412], [-83.86311300001113, 41.41422300008272], [-83.86319900022485, 41.41422899995445], [-83.8632179995931, 41.41422999970841], [-83.86329700013415, 41.414237000007105], [-83.86626999971978, 41.414510000286946], [-83.86736400041212, 41.41474800023387], [-83.86811099987652, 41.414998000258045], [-83.86967000000095, 41.4155860002676], [-83.87124400019403, 41.416241999734076], [-83.8723139996986, 41.416420000040354], [-83.87289799985471, 41.416369000138694], [-83.87378900015749, 41.41622699984495], [-83.87374899997451, 41.41480299971546], [-83.87374099957859, 41.41395099970233], [-83.87374099957859, 41.413750999904686], [-83.87374099957859, 41.41275099976422], [-83.8737420003018, 41.41228199969536], [-83.8737420003018, 41.41223900021197], [-83.87374099957859, 41.41215100024045], [-83.87374099957859, 41.41205100000562], [-83.87374099957859, 41.411951000290514], [-83.87384100003601, 41.410352999711094], [-83.87494099967783, 41.41007499971458], [-83.87515099974011, 41.40985799978246], [-83.87531999979451, 41.40983300020319], [-83.87579599999557, 41.40978000020102], [-83.87624600025737, 41.409744999667396], [-83.87649200030468, 41.4097209998681], [-83.87680699994893, 41.40969099976957], [-83.8770019999426, 41.40967199974499], [-83.87762600028167, 41.40961200016262], [-83.87793400025325, 41.40958200001381], [-83.87864599955756, 41.4095160000419], [-83.87892400029021, 41.40949900029343], [-83.8790640000323, 41.40948999983033], [-83.87921899984299, 41.409488000176445], [-83.87936399960796, 41.40948699967571], [-83.87972400035638, 41.40950099994702], [-83.88043800020883, 41.40955999980604], [-83.88269199991913, 41.4097810000235], [-83.88299300021801, 41.409815000042094], [-83.88321400015094, 41.409841000123535], [-83.88321499997585, 41.40982799974724], [-83.88323000004448, 41.40965500003734], [-83.8832309998694, 41.409489000003425], [-83.8832309998694, 41.40947399990233], [-83.88323199969429, 41.40915600017844]]]}, "properties": {"AREALAND": "2284617", "AREAWATER": "225331", "BASENAME": "Grand Rapids", "CBSAPCI": "N", "CENTLAT": "+41.4077581", "CENTLON": "-083.8679300", "FUNCSTAT": "A", "GEOID": "3931206", "INTPTLAT": "+41.4021413", "INTPTLON": "-083.8663773", "LSADC": "47", "MTFCC": "G4110", "NAME": "Grand Rapids village", "NECTAPCI": "N", "OBJECTID": 10192, "OID": "27890336755779", "PLACE": "31206", "PLACECC": "C1", "PLACENS": "02398187", "STATE": "39", "DISP_CLR": 2}}, {"type": "Feature", "id": 10282, "geometry": {"type": "MultiPolygon", "coordinates": [[[[-83.31367200037896, 41.48697900003945], [-83.3135970000359, 41.486926999745435], [-83.3119640002916, 41.485811000147564], [-83.31093599972148, 41.485116000247494], [-83.30852700020048, 41.483443000051636], [-83.30025700010042, 41.47742400009301], [-83.29876099972516, 41.4763020001848], [-83.29913499981897, 41.476283000135496], [-83.29976900020378, 41.47637899979632], [-83.30117599999225, 41.47637700018342], [-83.30297000029334, 41.47559900003523], [-83.30333500016633, 41.474844999936494], [-83.30329400015844, 41.47465299996705], [-83.30325599962529, 41.47447700016854], [-83.30322899986113, 41.47434900019849], [-83.30308499992108, 41.474211999734884], [-83.30256100003943, 41.473843999738484], [-83.30205499970113, 41.47339700027257], [-83.3019040000884, 41.47302100014931], [-83.30190099971536, 41.472833999804045], [-83.30188900001978, 41.47240599994935], [-83.30202200008918, 41.47194799968611], [-83.3020930002343, 41.471701000192375], [-83.3022270001286, 41.47123799989487], [-83.30239799983282, 41.47103899978017], [-83.30246099958202, 41.47096499988949], [-83.30266200032177, 41.470759000021886], [-83.30289800032334, 41.47058500021187], [-83.30300700010328, 41.47048700025255], [-83.30341499963396, 41.470115999929966], [-83.30455799983179, 41.4701540002729], [-83.30595700012267, 41.47065800030511], [-83.3066349999901, 41.470792999744546], [-83.30710299979523, 41.47077799967112], [-83.30748100008701, 41.47047399990339], [-83.30770600021792, 41.4700390002828], [-83.3080219996871, 41.46829600008048], [-83.30798300022735, 41.46784200015064], [-83.30762199965402, 41.467754000152226], [-83.30732600027632, 41.46768400031299], [-83.30602400006983, 41.46736499998285], [-83.30575799993103, 41.46727500011647], [-83.30549599999023, 41.46719399999528], [-83.30158199987314, 41.46623899977905], [-83.30004799986304, 41.46586400017941], [-83.29966700009652, 41.46577200030896], [-83.29968200016515, 41.46662900026617], [-83.29905000032848, 41.46662900026617], [-83.29780400019847, 41.46662400014529], [-83.29752700018902, 41.46663699992021], [-83.29753399986173, 41.46696599998347], [-83.29754700028053, 41.468613000016305], [-83.29691299989571, 41.46861699972101], [-83.29456600029899, 41.46863100003196], [-83.29443800025246, 41.46863100003196], [-83.28990499981916, 41.468657000120565], [-83.28984999956758, 41.468657000120565], [-83.28984299989489, 41.46844399981236], [-83.28984200006997, 41.46840299968852], [-83.28983000037441, 41.46805400014583], [-83.2891740002483, 41.46806299989536], [-83.28909700025538, 41.4680640001666], [-83.28910399992809, 41.46824600014023], [-83.28813499980753, 41.46845100032343], [-83.28729899975635, 41.46778699982906], [-83.28628699997809, 41.46708100003945], [-83.2856059997376, 41.46661900002407], [-83.28479700034893, 41.465970999762156], [-83.28231000011179, 41.46419400012106], [-83.28251000012834, 41.46419800009842], [-83.28546000014774, 41.46414599970033], [-83.2854640003457, 41.46504999974935], [-83.28762500016958, 41.46502099995239], [-83.28759099983439, 41.463411999808145], [-83.2889559997901, 41.46339799971662], [-83.28894099972148, 41.46291499975668], [-83.2889359996986, 41.46275900006303], [-83.28891099958425, 41.46169099990025], [-83.28889499969073, 41.46100000002763], [-83.28889200021598, 41.46086699981125], [-83.28888700019311, 41.46063500024365], [-83.28888399982007, 41.4604909997232], [-83.28728899971061, 41.45956099971285], [-83.28650600026118, 41.458685000097326], [-83.28707399962546, 41.458088000148315], [-83.28750499962067, 41.45812199978327], [-83.28751899986439, 41.45811899985578], [-83.28881400039816, 41.45809600018282], [-83.28940400040206, 41.458080999864826], [-83.29020000027027, 41.45805500024794], [-83.2914339998064, 41.45790899987535], [-83.2918790000453, 41.45780999985071], [-83.29151599982214, 41.45781400022185], [-83.29044899979229, 41.45782300004618], [-83.28880900037531, 41.45783199986922], [-83.28622199968075, 41.457850999940426], [-83.28480599967143, 41.45789700012519], [-83.284492999677, 41.458137999842904], [-83.2842190000406, 41.45801099968144], [-83.28398700023702, 41.457908000120646], [-83.28391699991681, 41.45786700006697], [-83.28350199981512, 41.45787000000607], [-83.28308900026155, 41.45787299994508], [-83.28253900044065, 41.45787700031234], [-83.28262300010623, 41.45791999986877], [-83.28321999978283, 41.458229999772705], [-83.2832480002702, 41.45826000033632], [-83.2843670001786, 41.45883900001237], [-83.2841269999791, 41.45910400000252], [-83.28439800014075, 41.45924300021985], [-83.28381499980956, 41.45979100030521], [-83.28371699990028, 41.46050800025942], [-83.28369299961082, 41.46076999968383], [-83.28536999973605, 41.46150800000385], [-83.28404900016127, 41.46152100013127], [-83.28362499983876, 41.461530999813206], [-83.27938600003166, 41.46156500033597], [-83.27924399974144, 41.46156699973256], [-83.27924999958923, 41.46181000001193], [-83.27925299996225, 41.46194300031393], [-83.27825200005465, 41.461224999691744], [-83.27728299993407, 41.460485999802216], [-83.27598400010062, 41.459557999851974], [-83.27390000026965, 41.45795799995406], [-83.27377700024599, 41.45795799995406], [-83.27350100006147, 41.45795899970794], [-83.2751439998515, 41.459152999851575], [-83.27824200000892, 41.46151600028969], [-83.27914599983215, 41.46220499999954], [-83.27926100035819, 41.46229500017143], [-83.28313199991925, 41.465183000137614], [-83.28431199992703, 41.46603200007436], [-83.28535999969031, 41.46678500007343], [-83.2855839999963, 41.4669469998902], [-83.28570199999707, 41.46703400002368], [-83.2867959997911, 41.46784500030144], [-83.28827000042506, 41.46893499969138], [-83.28859699976489, 41.469176999703166], [-83.28854200041162, 41.46921199983591], [-83.28852200032011, 41.469234000025075], [-83.28850499970338, 41.46926400020982], [-83.28849399983272, 41.4692839998765], [-83.28804000027128, 41.46924200003083], [-83.2876619999795, 41.469243999863835], [-83.28736099968063, 41.46924599969678], [-83.28720900024297, 41.46924599969678], [-83.28671799997329, 41.469243999863835], [-83.28658800027695, 41.46924300028389], [-83.28640699962867, 41.46922999968526], [-83.2860989996571, 41.46920699991428], [-83.28604299958062, 41.46920300024593], [-83.28532999955308, 41.46915099982305], [-83.28501499990881, 41.469129000278855], [-83.28501300025899, 41.46941799990749], [-83.28505400026687, 41.472024000221225], [-83.28431600012499, 41.472030999672626], [-83.28431600012499, 41.47239199978058], [-83.28388799960449, 41.47239599992523], [-83.28355899971652, 41.47239899986535], [-83.28151400024359, 41.4724130000326], [-83.27947200024538, 41.4724289999316], [-83.2794670002225, 41.47265899997848], [-83.27946800004742, 41.47298499985841], [-83.27947600044334, 41.4733279999855], [-83.27949200033686, 41.47382500031482], [-83.27959299972089, 41.47382400013242], [-83.27996000014201, 41.473821999767665], [-83.28069400008593, 41.47381899989341], [-83.28106099960874, 41.47381700020154], [-83.28142800002986, 41.47381499983652], [-83.28164700031297, 41.47381400032709], [-83.28201200018596, 41.47381199996199], [-83.28237700005893, 41.47381000026989], [-83.28274199993193, 41.473809000087314], [-83.28310799962982, 41.47380699972205], [-83.28347300040112, 41.4738050000298], [-83.28358200018106, 41.4738050000298], [-83.28369199978593, 41.47380399984714], [-83.2840569996589, 41.473802000154805], [-83.2844220004302, 41.473800999972056], [-83.28491799982443, 41.47379800009687], [-83.28549100010987, 41.47379500022149], [-83.28549100010987, 41.47471300001863], [-83.28549100010987, 41.47624399987517], [-83.28799300041563, 41.47621800013721], [-83.28800599993609, 41.47684899999547], [-83.2880279996774, 41.47800599995285], [-83.28803199987536, 41.47811700015139], [-83.28774499982019, 41.478202999986614], [-83.28754200032891, 41.47826499967178], [-83.28733899993931, 41.47832699997067], [-83.28713600044804, 41.47838800009827], [-83.28693300005847, 41.478450000279494], [-83.28650299988814, 41.478579999772144], [-83.2864860001697, 41.47839400009671], [-83.28647299975091, 41.478242999855375], [-83.28567500023289, 41.47831399984776], [-83.2856969999742, 41.47853799989211], [-83.28571500041585, 41.47873099990129], [-83.28535499966745, 41.478792000321725], [-83.28535600039065, 41.47880200003209], [-83.28515899984885, 41.47883500014224], [-83.28337100029387, 41.47912699987477], [-83.28277700009203, 41.47921700011251], [-83.2814020000906, 41.479349999704105], [-83.28141499961107, 41.47947799989332], [-83.28074900033751, 41.47947500028088], [-83.2807610000331, 41.47964000029613], [-83.27969599965306, 41.479633999740074], [-83.27959000024616, 41.479633999740074], [-83.27959100007106, 41.47969399989171], [-83.27959899956866, 41.48021800011166], [-83.27961500036052, 41.48029800002933], [-83.27964399977452, 41.48035399991293], [-83.27968999980527, 41.480417000313025], [-83.27976799962308, 41.480375999685705], [-83.28004100033287, 41.48025000009057], [-83.28012900019641, 41.480214999860465], [-83.28032500001498, 41.48014899968275], [-83.28045499971134, 41.4801150001564], [-83.28104999973809, 41.479984999704726], [-83.28146300018996, 41.479900999719426], [-83.28173299962839, 41.4798549996653], [-83.2833240004382, 41.479618000273504], [-83.28355399969365, 41.47958399979555], [-83.28383499990105, 41.47954299998727], [-83.283979999666, 41.47951899974273], [-83.28412199995623, 41.47949500016232], [-83.28412899962892, 41.47952099993171], [-83.28430400042942, 41.48020900003065], [-83.28491799982443, 41.48011400007111], [-83.28501699955862, 41.47975799967823], [-83.28521099972741, 41.47958800016944], [-83.28510000029763, 41.47933699978644], [-83.28520400005469, 41.47932100024655], [-83.28537399993401, 41.479289999907], [-83.28540800026921, 41.47928399999151], [-83.28545500012486, 41.47927499978074], [-83.28572200008855, 41.47922600033134], [-83.28576399992136, 41.47971699998002], [-83.2861189997486, 41.479664999915066], [-83.28612100029673, 41.47971100010406], [-83.28644599998673, 41.47964199980836], [-83.2864640004284, 41.47999900025256], [-83.28656700036056, 41.48182599968935], [-83.28658200042918, 41.48302099983158], [-83.28673899988969, 41.48301400022099], [-83.28702500011995, 41.482985999752096], [-83.28738199959702, 41.48293500033307], [-83.28751999968928, 41.482896000037734], [-83.28767100020033, 41.482852000176784], [-83.28810100037066, 41.48266099974565], [-83.28844899962688, 41.48242299979833], [-83.28863199992499, 41.48201599983372], [-83.28849399983272, 41.481164999784504], [-83.28833399999915, 41.48099700007197], [-83.28815800027205, 41.47934800018286], [-83.28745799976501, 41.47950599985897], [-83.2874140002824, 41.47938800001803], [-83.28907899981374, 41.47891699995567], [-83.28927600035554, 41.47951299984849], [-83.2893580003713, 41.47969399989171], [-83.29000299972846, 41.47896300000256], [-83.29088800018344, 41.47838699998633], [-83.29180399970224, 41.47795000005942], [-83.29421200029665, 41.477372000207374], [-83.29554000044241, 41.47713399968063], [-83.29573299988796, 41.477130999959705], [-83.29704099994223, 41.4765820002303], [-83.29776300019059, 41.47638100008215], [-83.29820500005646, 41.476293999704225], [-83.29840400024808, 41.47643699998515], [-83.29985100021955, 41.47749099980652], [-83.29990200027318, 41.4775470000965], [-83.30271800039826, 41.479632000227596], [-83.3030020000804, 41.47984199984889], [-83.30344999979405, 41.48017900020013], [-83.30354600005353, 41.48025100017382], [-83.30431799963229, 41.48083100007247], [-83.30424800021039, 41.480824000225304], [-83.3037629997885, 41.48077800015338], [-83.30311000003542, 41.48071700025629], [-83.3031080003856, 41.48072600026674], [-83.30310599983747, 41.48073599967875], [-83.30310300036275, 41.480744999686564], [-83.30309800033987, 41.48075399969319], [-83.30309300031699, 41.48076299969856], [-83.3030869995709, 41.480771000300486], [-83.30307400005043, 41.48078700015536], [-83.30306599965449, 41.48079400000652], [-83.30305700033199, 41.48080099985692], [-83.30304800011115, 41.48080799970656], [-83.30303800006541, 41.48081400015392], [-83.30302700019476, 41.480818999853305], [-83.30301700014901, 41.480824000225304], [-83.30299899970734, 41.48082999999823], [-83.3032060002949, 41.48119800003743], [-83.30333199979329, 41.48142300027366], [-83.30457999957311, 41.48102800026804], [-83.30490500016143, 41.48126700002245], [-83.30522999985145, 41.48150700030518], [-83.3096400002611, 41.48459599999296], [-83.31069100039743, 41.48532000023782], [-83.31171900006922, 41.4860149999685], [-83.31192300028373, 41.48615399969304], [-83.31197400033734, 41.48618900008015], [-83.31222799988225, 41.48636299972453], [-83.31262799991532, 41.48663600015081], [-83.3130699997812, 41.48693900017932], [-83.31313900027648, 41.48698799985315], [-83.31320700004855, 41.48698699987393], [-83.31339299982137, 41.48698399993612], [-83.31367200037896, 41.48697900003945]], [[-83.30080400044659, 41.4699740000811], [-83.30072300025573, 41.470564000040774], [-83.30051900004122, 41.470701999694555], [-83.30035300035989, 41.47081399984146], [-83.30031599965164, 41.47083900017241], [-83.29988200018168, 41.47049899969234], [-83.29973499986859, 41.47038100028086], [-83.29972599964775, 41.469536999974046], [-83.30080400044659, 41.4699740000811]], [[-83.30054599980542, 41.471518000276646], [-83.30061299975257, 41.47157700032063], [-83.30014999997029, 41.4719099997217], [-83.29996599984727, 41.47202199980088], [-83.29986799993799, 41.47205499999764], [-83.29983299977788, 41.47206099990919], [-83.29979099994509, 41.47204600012922], [-83.29971999979998, 41.471951999858206], [-83.29973999989146, 41.47190000029422], [-83.29975499996009, 41.47184000033119], [-83.29976300035601, 41.471783999822044], [-83.2997640001809, 41.471739999820755], [-83.29976699965565, 41.471542000118475], [-83.29975999998295, 41.47135999997433], [-83.29975300031026, 41.47118899975421], [-83.29985399969428, 41.47112500025645], [-83.29999699980941, 41.47103800022794], [-83.30054599980542, 41.471518000276646]]], [[[-83.29955099974558, 41.458490000156715], [-83.29954099969984, 41.45782200029016], [-83.29953999987492, 41.457789000254486], [-83.29953900005, 41.45774699969515], [-83.2995380002251, 41.45772099994438], [-83.29920000011629, 41.45772500032101], [-83.29923100007842, 41.4578839999446], [-83.29923899957603, 41.458490000156715], [-83.29955099974558, 41.458490000156715]]]]}, "properties": {"AREALAND": "2262304", "AREAWATER": "6521", "BASENAME": "Elmore", "CBSAPCI": "N", "CENTLAT": "+41.4710926", "CENTLON": "-083.2927509", "FUNCSTAT": "A", "GEOID": "3925144", "INTPTLAT": "+41.4700906", "INTPTLON": "-083.2925510", "LSADC": "47", "MTFCC": "G4110", "NAME": "Elmore village", "NECTAPCI": "N", "OBJECTID": 10282, "OID": "27890130431471", "PLACE": "25144", "PLACECC": "C1", "PLACENS": "02398815", "STATE": "39", "DISP_CLR": 5}}, {"type": "Feature", "id": 10364, "geometry": {"type": "Polygon", "coordinates": [[[-83.02497899997994, 41.120035000157756], [-83.02501099976699, 41.11718000023558], [-83.0235320000085, 41.11720299993417], [-83.0165759998105, 41.11724400008315], [-83.01546199992498, 41.11724799973315], [-83.0152669999313, 41.117280999881935], [-83.01514499973258, 41.11734200023635], [-83.01503099992975, 41.117361999807684], [-83.01419999990145, 41.1173669996996], [-83.01400499990777, 41.11731400001418], [-83.0138440002493, 41.11732099973247], [-83.0125139995554, 41.117320000159445], [-83.01222099965243, 41.11732899969962], [-83.01195500041197, 41.117333000021226], [-83.01195399968873, 41.11889799970724], [-83.01195899971161, 41.12026500031182], [-83.00918299976948, 41.12026700004484], [-83.00918299976948, 41.12470200007888], [-83.00674199956312, 41.12470899968594], [-83.00678299957099, 41.13186600020335], [-83.01059499958083, 41.13184400025882], [-83.01539900017579, 41.1318479996957], [-83.02495200021576, 41.131851999808944], [-83.02496599956116, 41.12505500021374], [-83.02498099962978, 41.12456200033723], [-83.02497899997994, 41.120035000157756]]]}, "properties": {"AREALAND": "2233182", "AREAWATER": "0", "BASENAME": "Republic", "CBSAPCI": "N", "CENTLAT": "+41.1250171", "CENTLON": "-083.0166569", "FUNCSTAT": "A", "GEOID": "3966320", "INTPTLAT": "+41.1250171", "INTPTLON": "-083.0166569", "LSADC": "47", "MTFCC": "G4110", "NAME": "Republic village", "NECTAPCI": "N", "OBJECTID": 10364, "OID": "27890369498271", "PLACE": "66320", "PLACECC": "C1", "PLACENS": "02399059", "STATE": "39", "DISP_CLR": 2}}, {"type": "Feature", "id": 10560, "geometry": {"type": "Polygon", "coordinates": [[[-83.7180189999856, 41.62129299989051], [-83.71800999976477, 41.62033900032531], [-83.71556500025875, 41.620331000189054], [-83.715547999642, 41.61673000001878], [-83.71554500016727, 41.61662899970879], [-83.71602200019325, 41.616547999751546], [-83.71800800011495, 41.61621100028833], [-83.71800800011495, 41.614416000110964], [-83.71599299988092, 41.61492900008056], [-83.71555699986284, 41.61503999984729], [-83.71555799968776, 41.61483799982065], [-83.71556600008367, 41.61379099967624], [-83.71559799987072, 41.610315000156916], [-83.71534199977769, 41.610311999891515], [-83.71498500030063, 41.61030800020908], [-83.7139559999056, 41.61029799999446], [-83.71324399970298, 41.61029599981698], [-83.71323399965723, 41.608617000247946], [-83.71322500033473, 41.60727799992551], [-83.71323200000741, 41.60673200019088], [-83.71323399965723, 41.60661399988461], [-83.70903900023106, 41.606606000060964], [-83.70890399961354, 41.60660899982701], [-83.70880300022951, 41.60660499991501], [-83.70808699982894, 41.606607000206914], [-83.70798800009473, 41.60660899982701], [-83.70794500043702, 41.60660899982701], [-83.7077400003976, 41.60660999997291], [-83.70753500035822, 41.60660999997291], [-83.70736799995362, 41.60660999997291], [-83.70733000031878, 41.60660999997291], [-83.70716700011218, 41.606611000118804], [-83.70712500027938, 41.606611000118804], [-83.70709699979196, 41.606611000118804], [-83.70692100006487, 41.606611000118804], [-83.70671600002545, 41.606611000118804], [-83.70651099998607, 41.606612000264626], [-83.70638100028971, 41.606612000264626], [-83.70630599994664, 41.606612000264626], [-83.7061400002653, 41.606612000264626], [-83.70610199973214, 41.606612000264626], [-83.70589699969271, 41.60661299973877], [-83.70589300039306, 41.606997000188905], [-83.70589099984494, 41.607162000220804], [-83.70589000002003, 41.60723000011932], [-83.70589000002003, 41.60724199973836], [-83.70585700040806, 41.61024900033075], [-83.70736899977854, 41.610249999748554], [-83.70736799995362, 41.6100949998021], [-83.70825099986047, 41.61009399971022], [-83.70825000003555, 41.61025099983802], [-83.70861800028158, 41.61025099983802], [-83.70861800028158, 41.61032599978555], [-83.70904300042902, 41.61032599978555], [-83.70901900013958, 41.61025099983802], [-83.70917800014824, 41.61025199992741], [-83.70932999958589, 41.61025199992741], [-83.70934600037772, 41.61029599981698], [-83.70951799990686, 41.61027000019116], [-83.70953100032565, 41.610268000012866], [-83.70955300006696, 41.61025199992741], [-83.71033100039182, 41.610254000106245], [-83.71031899979795, 41.61037399997489], [-83.7103029999044, 41.61050299971908], [-83.71031299995016, 41.610556000200475], [-83.7105149996165, 41.61139999967905], [-83.71103199982547, 41.6113220000901], [-83.7111039997955, 41.611312000032655], [-83.711167000443, 41.61130600026606], [-83.71122900036727, 41.6113069996675], [-83.71129200011646, 41.611313000105596], [-83.71135200039092, 41.611325999709656], [-83.71141000011724, 41.61134300027286], [-83.71174999987586, 41.61103000032636], [-83.71220400033562, 41.61103099973207], [-83.71261699988918, 41.611031999809434], [-83.71261299969122, 41.61149000001757], [-83.71261199986631, 41.61177000026772], [-83.71261000021649, 41.61192899980159], [-83.71260900039157, 41.6121650002331], [-83.71261100004139, 41.612384000188456], [-83.71260000017075, 41.61391499981207], [-83.70950600021129, 41.613904000123796], [-83.70931899971522, 41.61390300009102], [-83.7077119999102, 41.61389799992672], [-83.70343700011809, 41.613874999837655], [-83.70343700011809, 41.61390800025489], [-83.70343299992014, 41.61424799974463], [-83.70342700007235, 41.61477299994026], [-83.70194999996367, 41.614926000029705], [-83.70200000019238, 41.61526700020946], [-83.69877300016354, 41.61557499971052], [-83.69753299988133, 41.61569999977967], [-83.69785000007373, 41.617660999835785], [-83.6967639997773, 41.61775999992674], [-83.69707099992397, 41.61956499983646], [-83.69827600004609, 41.61937999966722], [-83.70042199980136, 41.619053999710964], [-83.7007909998723, 41.6189949997735], [-83.70256699973172, 41.61872300033118], [-83.70259699986894, 41.61871799986901], [-83.70306200019937, 41.61864700011407], [-83.70324200012443, 41.618618999905486], [-83.70327200026165, 41.61861400010682], [-83.70332800033815, 41.618605999756525], [-83.70335400027741, 41.61860199991679], [-83.70335400027741, 41.61867299972126], [-83.70335299955418, 41.61879499995944], [-83.70320299976636, 41.61881699968057], [-83.7030220000164, 41.6188459997594], [-83.7018810003667, 41.61903100011737], [-83.70187899981855, 41.61943500013601], [-83.7027829996418, 41.6194689996697], [-83.70334599988149, 41.61949199977865], [-83.70333699966066, 41.62023000014609], [-83.70333500001082, 41.6204369997316], [-83.70333599983574, 41.62045499983934], [-83.70187399979568, 41.620362000123976], [-83.70093999983521, 41.62030300004006], [-83.70072999977293, 41.62029000023057], [-83.7006710002217, 41.62028599982377], [-83.70067299987151, 41.62108100008755], [-83.69922300042533, 41.62097999987613], [-83.6986359998962, 41.62093900033025], [-83.69863900026925, 41.6204810000607], [-83.69864000009414, 41.620235999754115], [-83.6986440002921, 41.61955399976866], [-83.69684699961799, 41.61983900030993], [-83.69663300025606, 41.6198719996904], [-83.69553500026404, 41.62004699974502], [-83.69406099963011, 41.62028300002215], [-83.692750999926, 41.620491999970426], [-83.6928980002391, 41.62140300020412], [-83.69298600010264, 41.62194800008913], [-83.69308800020988, 41.622581999804], [-83.69317900044648, 41.62316899985564], [-83.69332199966331, 41.62409099984229], [-83.69380899973503, 41.62411199989674], [-83.69451199971681, 41.624164999939765], [-83.69500200016158, 41.62420699999357], [-83.69537200005743, 41.62423899995226], [-83.69554199993675, 41.62425300018101], [-83.69568099985393, 41.62426400011877], [-83.69576100021986, 41.62427099989508], [-83.69580899990045, 41.62427500005471], [-83.69581499974822, 41.62363399968175], [-83.69582099959601, 41.62318099986732], [-83.69582300014414, 41.62305000017863], [-83.69662599968504, 41.62310899976378], [-83.6986219996525, 41.62325600022545], [-83.69862099982758, 41.623396999695515], [-83.69861699962962, 41.624030999936835], [-83.69861499997978, 41.62451399990792], [-83.69919599976284, 41.62456499988556], [-83.69965400042057, 41.6246019996729], [-83.70009999958607, 41.62464300024731], [-83.70015800021072, 41.624646999712304], [-83.70038099979347, 41.62466300025599], [-83.70094200038335, 41.62471199971384], [-83.70169499969553, 41.62477800018552], [-83.7033109997214, 41.62491500023673], [-83.70942400019553, 41.62494699984406], [-83.71313400009812, 41.624970999874904], [-83.71428899999154, 41.624970999874904], [-83.71471499996387, 41.624970999874904], [-83.71469599969731, 41.62615800012857], [-83.71431300028097, 41.6261540000858], [-83.71416400031805, 41.62615700028581], [-83.71416500014297, 41.6261970000292], [-83.71417000016584, 41.62654700025064], [-83.71379900044508, 41.62654300023201], [-83.71309599956497, 41.62653399968549], [-83.71309499974006, 41.62657200019375], [-83.71305000043253, 41.6283909998822], [-83.71313499992304, 41.6283909998822], [-83.71309499974006, 41.63127600030377], [-83.71308800006737, 41.63182399993135], [-83.71371400005627, 41.63184299997212], [-83.7140329998985, 41.63185199977745], [-83.71490599975958, 41.631878000103235], [-83.71542100031871, 41.631895999702834], [-83.71759800003612, 41.63195700009903], [-83.71796399973402, 41.631968000065285], [-83.71796399973402, 41.631913999968845], [-83.71796399973402, 41.63168000014723], [-83.71796499955893, 41.63120300007527], [-83.71796700010708, 41.63058600004773], [-83.71796799993199, 41.63004300022335], [-83.71796799993199, 41.62962499979027], [-83.7179689997569, 41.629217999768144], [-83.7179699995818, 41.62879099979741], [-83.71797100030504, 41.62832600023233], [-83.71797200012995, 41.62775800002803], [-83.71797299995485, 41.62733099978787], [-83.71797399977976, 41.6268320001019], [-83.71797499960468, 41.62625900028749], [-83.71797700015281, 41.62565099994559], [-83.71797799997772, 41.62495800033494], [-83.71756299987604, 41.62496199978044], [-83.71732900042262, 41.62496400017459], [-83.71734199994309, 41.62565300031835], [-83.71711500016238, 41.62565800024282], [-83.7171029995685, 41.62496300031331], [-83.71692799966632, 41.62496300031331], [-83.71692299964344, 41.62565599987016], [-83.71665700040298, 41.62565800024282], [-83.7164270002492, 41.625659000093336], [-83.71624700032415, 41.62565999994387], [-83.71624099957805, 41.62496500003591], [-83.71581700015383, 41.62496699975844], [-83.7155409999693, 41.62496699975844], [-83.71556400043386, 41.62444799983751], [-83.71558299980211, 41.62405299988629], [-83.71615199988959, 41.624051000135395], [-83.71642999972394, 41.624050000259906], [-83.7168280001072, 41.62404799983741], [-83.71737100025541, 41.62404600008631], [-83.71746099976879, 41.62313399969695], [-83.71687999998574, 41.62313500025812], [-83.7164409995946, 41.623130000138055], [-83.71603800008678, 41.62313199991756], [-83.71558399962701, 41.62313500025812], [-83.71558700000007, 41.62247599975815], [-83.71557299975636, 41.62158500020113], [-83.71557199993146, 41.62129999998928], [-83.7161109998817, 41.62129800015301], [-83.71720200020101, 41.62129499972692], [-83.7180189999856, 41.62129299989051]]]}, "properties": {"AREALAND": "2557922", "AREAWATER": "0", "BASENAME": "Holland", "CBSAPCI": "N", "CENTLAT": "+41.6192533", "CENTLON": "-083.7082159", "FUNCSTAT": "A", "GEOID": "3935882", "INTPTLAT": "+41.6192533", "INTPTLON": "-083.7082159", "LSADC": "47", "MTFCC": "G4110", "NAME": "Holland village", "NECTAPCI": "N", "OBJECTID": 10560, "OID": "2789085243680", "PLACE": "35882", "PLACECC": "C1", "PLACENS": "02398524", "STATE": "39", "DISP_CLR": 5}}, {"type": "Feature", "id": 11310, "geometry": {"type": "Polygon", "coordinates": [[[-83.37297099961944, 41.57966599997141], [-83.37295800009895, 41.57409700004765], [-83.36962499976491, 41.57416699979236], [-83.36872400031471, 41.57419199987481], [-83.36858100019958, 41.57418600001722], [-83.36851599990226, 41.57416699979236], [-83.3684909997879, 41.574154000095106], [-83.36847700044251, 41.574141999700224], [-83.36846700039678, 41.57412899999795], [-83.36845200032816, 41.57407999975256], [-83.36844399993224, 41.57390799995475], [-83.36841600034315, 41.57015800007082], [-83.36840499957417, 41.568645999847675], [-83.36840999959705, 41.56833099968759], [-83.3683979999015, 41.56756699980039], [-83.36840299992436, 41.56626200008469], [-83.36842100036603, 41.56459800012771], [-83.36841799999297, 41.563335999760966], [-83.36841700016807, 41.5626229998324], [-83.36841899981789, 41.56246300032682], [-83.36842600038888, 41.561995000070276], [-83.36842100036603, 41.561770000188176], [-83.3684270002138, 41.561409999688266], [-83.36842600038888, 41.55956199974221], [-83.36775400036925, 41.559570000018816], [-83.36535699964548, 41.55960000003898], [-83.36183800043692, 41.559644000177855], [-83.35949500013983, 41.55966599989996], [-83.3585920001415, 41.55966800030209], [-83.35859399979132, 41.559969000291005], [-83.35857899972271, 41.56158899968155], [-83.35856700002714, 41.56230900004206], [-83.35856500037733, 41.56251300013084], [-83.35855899963123, 41.56335999985835], [-83.35853299969195, 41.565839999951635], [-83.35852400036944, 41.56770800000111], [-83.35852699984417, 41.57435099993083], [-83.35852699984417, 41.577699000039175], [-83.35852099999639, 41.581247999745514], [-83.35852000017148, 41.581617000003256], [-83.35851199977556, 41.58454499978704], [-83.35851099995064, 41.58495399980539], [-83.36044900019178, 41.58495500028686], [-83.36044800036687, 41.585563999706224], [-83.36043800032114, 41.58618099976959], [-83.36822700019727, 41.58606300018297], [-83.36822600037236, 41.58583899993028], [-83.36817600014362, 41.58215300001966], [-83.36816000025011, 41.5819979997777], [-83.36812799956473, 41.58130299979744], [-83.36812799956473, 41.58125000015141], [-83.36815000020438, 41.57969600006853], [-83.37297099961944, 41.57966599997141]]]}, "properties": {"AREALAND": "2624742", "AREAWATER": "0", "BASENAME": "Clay Center", "CBSAPCI": "N", "CENTLAT": "+41.5730879", "CENTLON": "-083.3641240", "FUNCSTAT": "A", "GEOID": "3915588", "INTPTLAT": "+41.5730879", "INTPTLON": "-083.3641240", "LSADC": "47", "MTFCC": "G4110", "NAME": "Clay Center village", "NECTAPCI": "N", "OBJECTID": 11310, "OID": "27890130431470", "PLACE": "15588", "PLACECC": "C1", "PLACENS": "02397636", "STATE": "39", "DISP_CLR": 3}}, {"type": "Feature", "id": 11343, "geometry": {"type": "Polygon", "coordinates": [[[-82.81838999983165, 41.40797700015315], [-82.81827199983088, 41.40429499991399], [-82.8182659999831, 41.40410200007912], [-82.8182240001503, 41.403033999979755], [-82.8181539998301, 41.400590000073784], [-82.81795499963847, 41.39437900029871], [-82.81791500035382, 41.39365599978547], [-82.8169279997916, 41.39364699982352], [-82.8139700002746, 41.39361999993004], [-82.81298400043559, 41.393610999963094], [-82.812957999598, 41.39360999989181], [-82.81288200032833, 41.39360999989181], [-82.81285700021398, 41.39360999989181], [-82.81284399979518, 41.393483000148166], [-82.8128160002061, 41.39282299967129], [-82.81222200000425, 41.39281599976103], [-82.81222100017933, 41.39283499999707], [-82.80877499986738, 41.39281900001151], [-82.80815499972627, 41.392816999844534], [-82.8078750002421, 41.39281599976103], [-82.80788000026497, 41.39276600028376], [-82.80611500027621, 41.39274399977374], [-82.80569500015164, 41.39298199993327], [-82.80374400039004, 41.394075999770656], [-82.80333400031121, 41.39432900000194], [-82.80357500033563, 41.39453600001013], [-82.80422399989075, 41.39509399979583], [-82.8032060002647, 41.39574999997324], [-82.8004260001246, 41.397539000192644], [-82.80046499958434, 41.39757199986821], [-82.800559000194, 41.39765099996295], [-82.79977500002136, 41.39772499992189], [-82.79881500012162, 41.39781699991727], [-82.79872200023519, 41.397815999910684], [-82.79830399976045, 41.39780799985753], [-82.79625500008956, 41.39777200028004], [-82.79628500022679, 41.39850600011573], [-82.79640999990025, 41.40162199977097], [-82.79632399968654, 41.40164399997134], [-82.79613200006591, 41.401685999781854], [-82.79634100030329, 41.40196200007541], [-82.79691200004059, 41.40270800028099], [-82.79656200023622, 41.4028669999457], [-82.79646900034979, 41.40289100025539], [-82.79648500024332, 41.4033039997322], [-82.79662900018337, 41.403494000158204], [-82.79648799971805, 41.403527000179146], [-82.7965179998553, 41.40434100033112], [-82.79658300015262, 41.40643499989655], [-82.79661999996254, 41.40760900032662], [-82.80311199965506, 41.40771899987797], [-82.80538100033229, 41.40775699971647], [-82.81161799975668, 41.407863000283236], [-82.81250099966351, 41.407888999798374], [-82.81269499983226, 41.40789000032373], [-82.81327899998836, 41.40789600010657], [-82.81347399998204, 41.4078979998095], [-82.81397500029745, 41.4079019998889], [-82.81439600024694, 41.407904000265425], [-82.81447599971456, 41.40790500011678], [-82.81536000034463, 41.407925999686434], [-82.81572500021761, 41.40793799991873], [-82.81608300041789, 41.407945000221694], [-82.81658600038314, 41.40794399969719], [-82.8174569996961, 41.407958000301015], [-82.81748299963536, 41.407958000301015], [-82.81838999983165, 41.40797700015315]]]}, "properties": {"AREALAND": "2647468", "AREAWATER": "21350", "BASENAME": "Castalia", "CBSAPCI": "N", "CENTLAT": "+41.4010403", "CENTLON": "-082.8080849", "FUNCSTAT": "A", "GEOID": "3912476", "INTPTLAT": "+41.4042328", "INTPTLON": "-082.8015936", "LSADC": "47", "MTFCC": "G4110", "NAME": "Castalia village", "NECTAPCI": "N", "OBJECTID": 11343, "OID": "27890295177513", "PLACE": "12476", "PLACECC": "C1", "PLACENS": "02397573", "STATE": "39", "DISP_CLR": 1}}, {"type": "Feature", "id": 11615, "geometry": {"type": "Polygon", "coordinates": [[[-83.61210299986759, 41.2552260003197], [-83.6120979998447, 41.25494900020985], [-83.61208799979896, 41.25490300021926], [-83.61207199990544, 41.25485799969801], [-83.61202400022486, 41.25477400030783], [-83.61195999975244, 41.25469599986085], [-83.61194399985892, 41.2546809998681], [-83.6119709996231, 41.254468999917584], [-83.61203300044568, 41.25402100015444], [-83.61205799966173, 41.2538200001848], [-83.61188299975956, 41.25381700028141], [-83.61188399958446, 41.252500999866335], [-83.61189199998037, 41.250052000063825], [-83.61157800016102, 41.24643899974818], [-83.60781899985463, 41.24644099968453], [-83.606781999962, 41.24643200030813], [-83.60200400020463, 41.24642700012872], [-83.5924550003626, 41.246423000255106], [-83.59243100007316, 41.250482999937084], [-83.59241699982947, 41.25196299984127], [-83.59240199976084, 41.25364200004815], [-83.59297800041932, 41.25364699967542], [-83.5929830004422, 41.25372099992206], [-83.59296500000055, 41.25454500027205], [-83.59290399990118, 41.26062199982572], [-83.5928999997032, 41.26094800025847], [-83.59325399970555, 41.26094700017468], [-83.6025239998883, 41.26099899978334], [-83.60495000002608, 41.260992999960436], [-83.6079510000991, 41.260987000137035], [-83.61200999998115, 41.26098299980426], [-83.61202000002689, 41.26040599988142], [-83.61205199981394, 41.259143999814], [-83.61206500023273, 41.256667999888116], [-83.61210299986759, 41.2552260003197]]]}, "properties": {"AREALAND": "2606232", "AREAWATER": "0", "BASENAME": "Jerry City", "CBSAPCI": "N", "CENTLAT": "+41.2536864", "CENTLON": "-083.6023086", "FUNCSTAT": "A", "GEOID": "3939074", "INTPTLAT": "+41.2536864", "INTPTLON": "-083.6023086", "LSADC": "47", "MTFCC": "G4110", "NAME": "Jerry City village", "NECTAPCI": "N", "OBJECTID": 11615, "OID": "27890336755782", "PLACE": "39074", "PLACECC": "C1", "PLACENS": "02398300", "STATE": "39", "DISP_CLR": 2}}, {"type": "Feature", "id": 11722, "geometry": {"type": "Polygon", "coordinates": [[[-83.43471199978951, 41.57339199982936], [-83.43467400015467, 41.5703630002807], [-83.43467199960654, 41.569985999910806], [-83.43467199960654, 41.569868000302044], [-83.43462800012392, 41.56609299993863], [-83.43460800003243, 41.5642670003358], [-83.43459899981161, 41.56356500013052], [-83.434591000314, 41.563284999776556], [-83.434583999743, 41.56302599999891], [-83.43456600019964, 41.56239999976584], [-83.4345059999252, 41.558795999926154], [-83.43447199959, 41.55765000000835], [-83.43102899965109, 41.55765000000835], [-83.42588099999787, 41.5576059998563], [-83.42581700042376, 41.55514899988026], [-83.42540099959886, 41.55512699996501], [-83.42464099971566, 41.55508999999895], [-83.4246290000201, 41.55525000028127], [-83.42467300040103, 41.5576059998563], [-83.41662900025678, 41.55745000029801], [-83.41654999971573, 41.55745500013026], [-83.41517499971431, 41.55755099979213], [-83.4151820002853, 41.55832800000029], [-83.41518399993514, 41.55833999997177], [-83.415188999958, 41.55838300007538], [-83.41520700039966, 41.55842699969844], [-83.41527099997377, 41.558503000260096], [-83.41524500003449, 41.558527999682354], [-83.4152230002932, 41.55854800001985], [-83.41519800017885, 41.558590999985064], [-83.415188999958, 41.55862099978752], [-83.41518499976006, 41.558657000204306], [-83.41518700030818, 41.559331000234344], [-83.41520099965356, 41.56000099984561], [-83.4152230002932, 41.5617110003015], [-83.41523499998875, 41.562383999912306], [-83.4152440002096, 41.56292599980175], [-83.41527099997377, 41.565646000026376], [-83.41527199979868, 41.56570599978832], [-83.4152729996236, 41.565805999715785], [-83.41529699991304, 41.567694999676085], [-83.41529699991304, 41.5685059997421], [-83.41530100011101, 41.56874399980822], [-83.41531100015675, 41.56934699990839], [-83.41610500037513, 41.56925299972924], [-83.4167659996258, 41.56970200031669], [-83.41718300027564, 41.56998299978677], [-83.41813499977945, 41.569305999811334], [-83.41890200023364, 41.569310000018625], [-83.41944700003168, 41.5693270002249], [-83.41949300006243, 41.569326000173355], [-83.42033300031157, 41.56945099977571], [-83.4213840004479, 41.569498000074375], [-83.422257000309, 41.569431000124425], [-83.42245599960232, 41.569421999674425], [-83.42251500005186, 41.56943500032397], [-83.42251800042492, 41.569579999998815], [-83.42252900029557, 41.57004999983632], [-83.42251900024982, 41.57306000006999], [-83.42296199994061, 41.57307100000027], [-83.4250109996115, 41.573131000259146], [-83.42617800009879, 41.573160000039465], [-83.42726600004505, 41.573187999815005], [-83.42837200043297, 41.57321700024173], [-83.42946000037921, 41.573241000028936], [-83.43471199978951, 41.57339199982936]]]}, "properties": {"AREALAND": "2579959", "AREAWATER": "0", "BASENAME": "Millbury", "CBSAPCI": "N", "CENTLAT": "+41.5647312", "CENTLON": "-083.4255160", "FUNCSTAT": "A", "GEOID": "3950260", "INTPTLAT": "+41.5647312", "INTPTLON": "-083.4255160", "LSADC": "47", "MTFCC": "G4110", "NAME": "Millbury village", "NECTAPCI": "N", "OBJECTID": 11722, "OID": "27890336755784", "PLACE": "50260", "PLACECC": "C1", "PLACENS": "02399352", "STATE": "39", "DISP_CLR": 5}}, {"type": "Feature", "id": 11820, "geometry": {"type": "Polygon", "coordinates": [[[-83.22229200009768, 41.5310249999614], [-83.22229399974752, 41.53055500010108], [-83.22228700007483, 41.52916000021723], [-83.22229200009768, 41.52790900018049], [-83.22228299987687, 41.52614500018991], [-83.22228299987687, 41.52407700005043], [-83.22227899967889, 41.52372899982096], [-83.22067500024693, 41.52373400024337], [-83.21725200039951, 41.52375800024788], [-83.21659100025053, 41.52375499999558], [-83.21521000040131, 41.52376199991145], [-83.21484999965288, 41.52376400007947], [-83.21424999960325, 41.52377200007822], [-83.21380000023977, 41.52376999991049], [-83.21380500026264, 41.52194999987162], [-83.21259400029275, 41.521966000316716], [-83.21258699972174, 41.52377099999436], [-83.21160400025578, 41.523775000329735], [-83.20849000020486, 41.52377400024588], [-83.20429800025342, 41.52379999972985], [-83.20350099966198, 41.5238019998967], [-83.20295000001616, 41.523804000063436], [-83.20295099984108, 41.52445299979505], [-83.20293900014549, 41.52625299981471], [-83.20293800032059, 41.52791899970634], [-83.20292099970384, 41.52993300007841], [-83.2029109996581, 41.531123999778494], [-83.20290599963522, 41.53147499980424], [-83.20290399998541, 41.53163400006275], [-83.20289200028984, 41.5324639997875], [-83.20287700022124, 41.53534499995284], [-83.20286299997753, 41.53705499975862], [-83.2028620001526, 41.537999999772964], [-83.20286700017549, 41.538385000028924], [-83.2033969999049, 41.53838199978256], [-83.20785599982004, 41.53835699996534], [-83.2103100004452, 41.53833899982199], [-83.21253700039134, 41.53832800003078], [-83.21969299970758, 41.53827799967255], [-83.2203010001531, 41.53827400023392], [-83.2222369998461, 41.53826699987097], [-83.22225500028777, 41.53640600002583], [-83.2222710001813, 41.53577500002209], [-83.22227500037926, 41.53546900015354], [-83.22228000040214, 41.53505499996529], [-83.22227200000621, 41.533255000062645], [-83.22228200005195, 41.53262500019905], [-83.22229200009768, 41.5310249999614]]]}, "properties": {"AREALAND": "2594181", "AREAWATER": "39915", "BASENAME": "Rocky Ridge", "CBSAPCI": "N", "CENTLAT": "+41.5309876", "CENTLON": "-083.2125916", "FUNCSTAT": "A", "GEOID": "3968042", "INTPTLAT": "+41.5304461", "INTPTLON": "-083.2133648", "LSADC": "47", "MTFCC": "G4110", "NAME": "Rocky Ridge village", "NECTAPCI": "N", "OBJECTID": 11820, "OID": "27890130431478", "PLACE": "68042", "PLACECC": "C1", "PLACENS": "02399109", "STATE": "39", "DISP_CLR": 5}}, {"type": "Feature", "id": 12463, "geometry": {"type": "Polygon", "coordinates": [[[-83.06401700014536, 41.24947200005454], [-83.06401799997028, 41.249207999910205], [-83.06224700013371, 41.24921700025502], [-83.05961400030672, 41.24922099995764], [-83.057332000109, 41.24922400007214], [-83.05431000011959, 41.24922500033538], [-83.04447900024523, 41.24924299966832], [-83.04179299981648, 41.24922400007214], [-83.04123399977473, 41.24921999969429], [-83.04134099990486, 41.24964300030028], [-83.04162999960985, 41.25077100000857], [-83.04188400005307, 41.25136400026364], [-83.04202999964295, 41.25192999995791], [-83.0421040001611, 41.25241499971795], [-83.04224899992606, 41.25260299991124], [-83.04228499991108, 41.252820000205254], [-83.042357999706, 41.25308999981056], [-83.0425410000041, 41.25362800000925], [-83.04250900021705, 41.254114999696164], [-83.04236399955377, 41.25435899995881], [-83.04251000004197, 41.25500499989036], [-83.04251199969178, 41.25543699967128], [-83.04269400016499, 41.25605699967942], [-83.04274799969333, 41.25624500019654], [-83.04276899960972, 41.25659099982733], [-83.04276699995991, 41.25962199998384], [-83.04276799978483, 41.26045500032219], [-83.04277199998279, 41.263976000005485], [-83.04823299963046, 41.2640489999931], [-83.0502920002454, 41.26405200010187], [-83.05024799986448, 41.26472300002873], [-83.05194500008119, 41.26474299986943], [-83.05194099988323, 41.264731000235884], [-83.05190300024839, 41.26457900018477], [-83.05188399998181, 41.26442699977983], [-83.051882000332, 41.26436499988622], [-83.05188999982958, 41.26405700028277], [-83.0523340002436, 41.264071000112125], [-83.05234400028935, 41.26444300026557], [-83.05235599998491, 41.2649200001169], [-83.05304600044623, 41.26492200016273], [-83.05347499989333, 41.2649240002085], [-83.0541150001259, 41.26492500023134], [-83.05451500015899, 41.26492600025421], [-83.05457799990818, 41.26560400006571], [-83.05328900012047, 41.26564499988837], [-83.05226399992341, 41.26569199975217], [-83.0522980002586, 41.26579900017797], [-83.05235599998491, 41.26602299988944], [-83.05239199996993, 41.2662390001616], [-83.05240000036585, 41.26632200033559], [-83.05241399971123, 41.26646699971119], [-83.05241700008429, 41.26670799975855], [-83.05241700008429, 41.26671999970404], [-83.05369099980338, 41.26667699988917], [-83.05369199962828, 41.266181999981015], [-83.05549799962493, 41.26612499975063], [-83.05568099992304, 41.266118999723496], [-83.05585699965015, 41.2661129996958], [-83.05594899971163, 41.26618299998459], [-83.05606300041278, 41.26626200022038], [-83.05612699998689, 41.26636199970657], [-83.05619700030708, 41.26649699968152], [-83.05625300038358, 41.266641000022354], [-83.05651699997424, 41.26705000004154], [-83.05742199962236, 41.26704000013767], [-83.05959099984219, 41.26700399979582], [-83.05961599995655, 41.26501800026498], [-83.0596279996521, 41.264021999683465], [-83.05962900037532, 41.26399299996363], [-83.06202899967552, 41.263987999777825], [-83.06207100040662, 41.26155300018572], [-83.0621130002394, 41.256821999737475], [-83.06213800035377, 41.256821999737475], [-83.0623729996321, 41.256825000178196], [-83.06291999997828, 41.25683099970866], [-83.06388900009883, 41.25684099982524], [-83.06400499955147, 41.25684099982524], [-83.06400200007674, 41.25510400023321], [-83.06401600032045, 41.25005300031439], [-83.0640139997723, 41.249926999687794], [-83.06401700014536, 41.24947200005454]]]}, "properties": {"AREALAND": "3004918", "AREAWATER": "7073", "BASENAME": "Green Springs", "CBSAPCI": "N", "CENTLAT": "+41.2568870", "CENTLON": "-083.0529744", "FUNCSTAT": "A", "GEOID": "3932256", "INTPTLAT": "+41.2573484", "INTPTLON": "-083.0536365", "LSADC": "47", "MTFCC": "G4110", "NAME": "Green Springs village", "NECTAPCI": "N", "OBJECTID": 12463, "OID": "27890367283348", "PLACE": "32256", "PLACECC": "C5", "PLACENS": "01086911", "STATE": "39", "DISP_CLR": 2}}, {"type": "Feature", "id": 12965, "geometry": {"type": "Polygon", "coordinates": [[[-83.8055999997775, 41.353940999984935], [-83.80557600038638, 41.35002799981721], [-83.80548500014977, 41.34299500010524], [-83.80529799965372, 41.34299500010524], [-83.80529299963085, 41.34227800004626], [-83.8052819997602, 41.34160099996866], [-83.8052690002397, 41.33921299998801], [-83.80282100036065, 41.33920599970372], [-83.80079400043105, 41.33920699993708], [-83.80067200023232, 41.33920699993708], [-83.79568100003962, 41.33921299998801], [-83.78657999991125, 41.339214000221254], [-83.78608299979379, 41.33922000027149], [-83.78455200015674, 41.33921499978002], [-83.78108499992841, 41.33920800017042], [-83.78049599974945, 41.33920800017042], [-83.78056199987167, 41.342260000064556], [-83.77994199973057, 41.342260000064556], [-83.77994199973057, 41.343089999817025], [-83.78058000031334, 41.34308400012329], [-83.780951999859, 41.343081000276236], [-83.78110900021785, 41.343077999754605], [-83.78137000033375, 41.34307399973328], [-83.78137799983136, 41.34402499973806], [-83.78275000035805, 41.34402199993435], [-83.78274899963483, 41.34305999999403], [-83.7846340001725, 41.343046999751664], [-83.78470299976948, 41.343046000251725], [-83.78468600005107, 41.34444399974212], [-83.78611200010612, 41.34444499989503], [-83.78612700017472, 41.3467120002114], [-83.78617200038056, 41.35262400031893], [-83.7861899999239, 41.35409800022639], [-83.78669000041442, 41.35411600030717], [-83.78886299993388, 41.354049999986586], [-83.78924700007343, 41.35403699991554], [-83.78984399975, 41.354020999824556], [-83.7898229998336, 41.354055000013204], [-83.78980500029027, 41.35409700022174], [-83.78979699989435, 41.35417699986965], [-83.78982000035889, 41.35567099996164], [-83.79116299967492, 41.35567599986374], [-83.79136600006454, 41.35567599986374], [-83.79187999990044, 41.35565900019499], [-83.7921800003744, 41.35565099967504], [-83.79243599956912, 41.35556999983376], [-83.79256399961565, 41.355393000079594], [-83.79257399966139, 41.35508699998646], [-83.79257299983647, 41.35484500007079], [-83.79531899964138, 41.35473500005695], [-83.79531899964138, 41.35402899987052], [-83.79591700004119, 41.3540379999211], [-83.80091300025673, 41.353984000273364], [-83.80520999979016, 41.35394500001295], [-83.8055999997775, 41.353940999984935]]]}, "properties": {"AREALAND": "2951747", "AREAWATER": "6786", "BASENAME": "Weston", "CBSAPCI": "N", "CENTLAT": "+41.3463922", "CENTLON": "-083.7947305", "FUNCSTAT": "A", "GEOID": "3983972", "INTPTLAT": "+41.3459807", "INTPTLON": "-083.7946092", "LSADC": "47", "MTFCC": "G4110", "NAME": "Weston village", "NECTAPCI": "N", "OBJECTID": 12965, "OID": "27890336755797", "PLACE": "83972", "PLACECC": "C1", "PLACENS": "02400154", "STATE": "39", "DISP_CLR": 1}}, {"type": "Feature", "id": 13575, "geometry": {"type": "Polygon", "coordinates": [[[-83.47485700016773, 41.404197000205656], [-83.4748129997868, 41.40168100004649], [-83.47472099972529, 41.40101800005933], [-83.47414400014021, 41.40012599966972], [-83.47390999978848, 41.40008000031175], [-83.47385399971199, 41.40330800009443], [-83.47318300041557, 41.40343299966707], [-83.47319699976096, 41.40470799990048], [-83.47233599959542, 41.40501500030721], [-83.47234599964115, 41.400405999717435], [-83.47183600000322, 41.40074399972255], [-83.47110700008217, 41.40101999997389], [-83.47062199966027, 41.40136299991499], [-83.47040900012327, 41.40163699966335], [-83.47047000022262, 41.40239200033074], [-83.47034899984878, 41.40262100013457], [-83.4700459999001, 41.40291799966672], [-83.47019800023605, 41.40452000013585], [-83.47010699999947, 41.40467999998437], [-83.46920400000114, 41.40539300025089], [-83.46919800015336, 41.40335900014315], [-83.46607300023176, 41.402916999738615], [-83.46577399958272, 41.40289499996921], [-83.46433699965701, 41.4028129997218], [-83.4642660004102, 41.40280800007314], [-83.4641459998613, 41.40279900003074], [-83.46388200027066, 41.40278000001209], [-83.46134700035294, 41.40259499985908], [-83.4600920000021, 41.40250000008571], [-83.45993200016854, 41.40250700030073], [-83.45987199989409, 41.40252499979131], [-83.45976499976396, 41.402571000113845], [-83.45915899986656, 41.40251399984119], [-83.45914399979794, 41.402419999885154], [-83.45868600003854, 41.4019159999956], [-83.45832100016555, 41.401641000128194], [-83.45762200038173, 41.401389999961175], [-83.45695399966175, 41.40088700012849], [-83.45664999988813, 41.40031499998582], [-83.4563460001145, 41.39937800018183], [-83.4562549998779, 41.3993549999053], [-83.45458799979842, 41.39935599988815], [-83.45152700034926, 41.399348000024595], [-83.45169100038078, 41.40027499990059], [-83.4521640002088, 41.40302300011579], [-83.4520570000787, 41.40302400004225], [-83.45197000004003, 41.40302499996869], [-83.45039900022003, 41.40304399991571], [-83.45016099967035, 41.403037999684784], [-83.4500440003928, 41.4030269998215], [-83.44998699959307, 41.40301799980947], [-83.44988899968378, 41.40299400022046], [-83.44988000036126, 41.402987999984965], [-83.44984500020117, 41.403037999684784], [-83.44983599998034, 41.4030559997021], [-83.44982699975951, 41.40308400031799], [-83.44981500006394, 41.4032579999285], [-83.4497990001704, 41.40411700007286], [-83.44978900012467, 41.40615000015741], [-83.44979699962228, 41.40649200009862], [-83.44980400019328, 41.40651900003503], [-83.44983699980526, 41.406560000191554], [-83.44985400042201, 41.40657100013056], [-83.44984799967591, 41.41253499979259], [-83.44984199982811, 41.41297499989941], [-83.44957700041256, 41.41300799982096], [-83.44820999990873, 41.41328300008732], [-83.4470249998781, 41.41392299972731], [-83.44638800001856, 41.414540999930296], [-83.44611400038217, 41.414998000258045], [-83.44587099980961, 41.415204000039935], [-83.4453849995628, 41.41531799982814], [-83.44534699992798, 41.41531700009087], [-83.44468699960389, 41.41529499980427], [-83.44292499998816, 41.41463199994972], [-83.43981699978502, 41.41355900030112], [-83.43939199963758, 41.41341300018765], [-83.43939599983554, 41.4163339997868], [-83.43948700007215, 41.416260000135445], [-83.43969899978426, 41.416101999960404], [-83.43987899970931, 41.41598600007332], [-83.44002500019747, 41.41591100029737], [-83.44018199965801, 41.41585099974063], [-83.44034700041276, 41.4158059997919], [-83.44046100021558, 41.415785000074685], [-83.44063600011775, 41.415765000081], [-83.44087299994422, 41.41575500008182], [-83.44248800014518, 41.41576099981206], [-83.44490099986413, 41.415757000216544], [-83.44510400025374, 41.415755999812355], [-83.44534899957779, 41.415755999812355], [-83.44685599982371, 41.41575299994711], [-83.44715600029767, 41.415743999676785], [-83.44733600022273, 41.41573000007726], [-83.44757200022427, 41.4156940003232], [-83.44780099965482, 41.41563700011038], [-83.44818700034251, 41.415511999764064], [-83.4490519998077, 41.41520199988824], [-83.4490099999749, 41.4227580002561], [-83.45141299964813, 41.422742999851074], [-83.45139799957953, 41.41778400030488], [-83.44980099982024, 41.417814999733025], [-83.44980300036836, 41.415406999960965], [-83.4544380000106, 41.41540999984219], [-83.45446200030004, 41.415407999696846], [-83.45675899966807, 41.415399000052425], [-83.4567489996223, 41.4158300000379], [-83.45673899957657, 41.41597899996317], [-83.45668699969804, 41.416506000180085], [-83.45667800037552, 41.416965999965285], [-83.45667599982738, 41.4174570001336], [-83.45491800040962, 41.41750099990845], [-83.45511500005311, 41.41840800030917], [-83.45518100017536, 41.418659999764394], [-83.45523200022897, 41.418880000328535], [-83.45569900020922, 41.42070199972594], [-83.45571799957749, 41.42079699982968], [-83.45926699982158, 41.42079899980913], [-83.45926699982158, 41.41879399996399], [-83.46033200020162, 41.418783999757565], [-83.46027399957698, 41.41698299978071], [-83.46041000001942, 41.41595699990078], [-83.46042699973785, 41.41593600023233], [-83.46043199976073, 41.415917000013195], [-83.46043299958565, 41.415745000081166], [-83.46410800022646, 41.41576299994653], [-83.46412099974694, 41.41501400017293], [-83.4641249999449, 41.41417900010832], [-83.46596100007878, 41.41419599997948], [-83.46633199979955, 41.41508700015569], [-83.46699399977344, 41.41567799990212], [-83.4680330002142, 41.416578000115464], [-83.46803599968895, 41.41378600030114], [-83.46875399973933, 41.41378400010573], [-83.46915499959734, 41.41378400010573], [-83.4691529999475, 41.41362099980708], [-83.46919999980318, 41.40691299987709], [-83.46920099962809, 41.40670000031733], [-83.46943599980472, 41.40670000031733], [-83.47392300020726, 41.406702000057024], [-83.4739609998421, 41.40463999989073], [-83.47395499999432, 41.40460599985913], [-83.4739190000093, 41.404521000039274], [-83.47388100037448, 41.40446599993805], [-83.47423200000377, 41.40435600026974], [-83.47474300036492, 41.404223999748154], [-83.47485700016773, 41.404197000205656]]]}, "properties": {"AREALAND": "3096452", "AREAWATER": "0", "BASENAME": "Pemberville", "CBSAPCI": "N", "CENTLAT": "+41.4095916", "CENTLON": "-083.4587619", "FUNCSTAT": "A", "GEOID": "3961504", "INTPTLAT": "+41.4095916", "INTPTLON": "-083.4587619", "LSADC": "47", "MTFCC": "G4110", "NAME": "Pemberville village", "NECTAPCI": "N", "OBJECTID": 13575, "OID": "27890336755788", "PLACE": "61504", "PLACECC": "C1", "PLACENS": "02399646", "STATE": "39", "DISP_CLR": 4}}, {"type": "Feature", "id": 14577, "geometry": {"type": "Polygon", "coordinates": [[[-83.38203999996074, 41.45514200029756], [-83.38184300031726, 41.44999600026614], [-83.38156299993479, 41.45009699984787], [-83.38061800010365, 41.45041399987383], [-83.37958899970864, 41.450735999697145], [-83.37872599989328, 41.45099400010015], [-83.37794699974351, 41.45122900006226], [-83.37709999982168, 41.44955599986029], [-83.37713099978382, 41.449193999979116], [-83.37685100029967, 41.44922200023173], [-83.37617000005918, 41.44938099982587], [-83.37581699988178, 41.44946899984448], [-83.3749969997241, 41.44948799967216], [-83.37349399967617, 41.449483000249614], [-83.37252899975356, 41.44922900012465], [-83.37197499973469, 41.449001000241815], [-83.37198099958246, 41.448476000291066], [-83.37198800015348, 41.44772899994104], [-83.37199499982617, 41.447646999732946], [-83.37199900002413, 41.44654600016359], [-83.37200400004701, 41.445303000086966], [-83.37199800019923, 41.443970999848844], [-83.37200099967396, 41.44280899997779], [-83.36947400015218, 41.44281099995255], [-83.36818700001429, 41.442801000078084], [-83.3678790000427, 41.44278800023897], [-83.36724300000809, 41.44277899967545], [-83.36703899979356, 41.44282899972272], [-83.36689300020372, 41.44283299967099], [-83.3652520000635, 41.442839000266275], [-83.36519699981191, 41.44286599990802], [-83.36518799959109, 41.442882999676655], [-83.35735799970708, 41.44281899985103], [-83.35513499995889, 41.44283800027935], [-83.35492300024679, 41.44284000025322], [-83.35456099984856, 41.44284300021393], [-83.35258199959952, 41.44285999998859], [-83.35259199964527, 41.44413000019062], [-83.35260699971388, 41.44610300011754], [-83.35266100014056, 41.44615700004027], [-83.3527070001713, 41.44620800011312], [-83.3526569999426, 41.44620800011312], [-83.35272100041503, 41.451130999800505], [-83.35272499971467, 41.4514710001708], [-83.35029799975197, 41.451648000329534], [-83.34914299985859, 41.451603000277906], [-83.34788500003303, 41.4514710001708], [-83.34789300042894, 41.453364000328214], [-83.34790900032246, 41.45731699968134], [-83.35255400001043, 41.457281999860086], [-83.35267600020917, 41.45728100009572], [-83.35766400002882, 41.45724400005193], [-83.35915799985594, 41.45723399970896], [-83.36142800035809, 41.45721899986484], [-83.3641749999879, 41.45720000028175], [-83.36492400000043, 41.45719500010704], [-83.36521500025358, 41.45719299990241], [-83.3657580004018, 41.45719200013672], [-83.36734799959007, 41.457178999814765], [-83.36737199987951, 41.45717800004881], [-83.3673789995522, 41.457765999791256], [-83.36740100019183, 41.45778799982469], [-83.36868199958361, 41.45902600033126], [-83.37229000027727, 41.45900300030671], [-83.3722710000107, 41.45794999990248], [-83.37222699962977, 41.45713700020691], [-83.37356999984414, 41.45712399987394], [-83.37416999989377, 41.45712099990028], [-83.3744109999182, 41.457118999693364], [-83.37439300037484, 41.45506699996978], [-83.37453700031489, 41.45512499970124], [-83.3758339996002, 41.455636999747114], [-83.37719000023337, 41.456200999869225], [-83.37726399985323, 41.45623199980538], [-83.37784999965915, 41.45646800009317], [-83.3785660000597, 41.456764999799844], [-83.37871900022058, 41.45682900000736], [-83.37953900037824, 41.45562699982965], [-83.38115000038123, 41.45629899987738], [-83.38203999996074, 41.45514200029756]]]}, "properties": {"AREALAND": "3490211", "AREAWATER": "0", "BASENAME": "Woodville", "CBSAPCI": "N", "CENTLAT": "+41.4510285", "CENTLON": "-083.3639879", "FUNCSTAT": "A", "GEOID": "3986492", "INTPTLAT": "+41.4510285", "INTPTLON": "-083.3639879", "LSADC": "47", "MTFCC": "G4110", "NAME": "Woodville village", "NECTAPCI": "N", "OBJECTID": 14577, "OID": "27890367283352", "PLACE": "86492", "PLACECC": "C1", "PLACENS": "02399739", "STATE": "39", "DISP_CLR": 2}}, {"type": "Feature", "id": 15258, "geometry": {"type": "Polygon", "coordinates": [[[-83.15952099970768, 41.51259200026006], [-83.15931400001845, 41.51230899966374], [-83.15874199955792, 41.51154000022335], [-83.1585719996786, 41.511217000069664], [-83.15836499998936, 41.5108239999918], [-83.15816400014792, 41.51043800023056], [-83.15808299995707, 41.510281999886644], [-83.15788499959035, 41.510279999974685], [-83.15768299992399, 41.510004999716514], [-83.15767299987823, 41.509991999895576], [-83.1576200001748, 41.50991299994426], [-83.15758400018979, 41.50962999974462], [-83.15724600008099, 41.50958700018128], [-83.15687299981208, 41.50947800001814], [-83.15641099985473, 41.50927999991891], [-83.15633300003691, 41.50926800026033], [-83.15606699989813, 41.50934900026684], [-83.15582599987371, 41.509404000296534], [-83.15564500012374, 41.50948100025962], [-83.15562699968207, 41.50948900000591], [-83.15532999958116, 41.50948700006945], [-83.15530100016716, 41.50948700006945], [-83.15526500018214, 41.50947200020752], [-83.15522400017427, 41.509454999731965], [-83.15506199979257, 41.50936800003776], [-83.15512299989193, 41.509244999899536], [-83.15542900021367, 41.50912899968082], [-83.15560900013872, 41.508960000190605], [-83.15573600036035, 41.50878999994388], [-83.15559400007011, 41.50878999994388], [-83.15560400011584, 41.50877600023604], [-83.155671000063, 41.50858999979438], [-83.15569500035245, 41.508429000119826], [-83.15569500035245, 41.50834699998549], [-83.15565500016949, 41.50831000016158], [-83.15559099969707, 41.50828300018584], [-83.15553399979567, 41.5082689996957], [-83.15548199991713, 41.50823199982721], [-83.15546400037377, 41.50818500005467], [-83.1554380004345, 41.508109000221516], [-83.1552969999692, 41.508152000093844], [-83.15520400008276, 41.5081799997763], [-83.15479900002681, 41.508289999757075], [-83.15474399977523, 41.50829899997349], [-83.1546569997366, 41.50737699970374], [-83.1546569997366, 41.50661600030553], [-83.15465599991168, 41.50560599988366], [-83.15465599991168, 41.50492899979007], [-83.15295000037246, 41.506462000200145], [-83.1525240004001, 41.50662199970813], [-83.15121499962261, 41.506712999773235], [-83.15033300043899, 41.506645000328085], [-83.1498689999335, 41.50643799983622], [-83.14921100015755, 41.50645499975853], [-83.14830899998414, 41.506359000257234], [-83.14741000018378, 41.506114999790874], [-83.14727499956624, 41.50607899972142], [-83.1464889997438, 41.50561499980049], [-83.14586000028017, 41.50464699971173], [-83.14533899987325, 41.50439299972551], [-83.14518200041273, 41.504373000129235], [-83.1448019995728, 41.50432499986202], [-83.1448369997329, 41.503756999716934], [-83.14466600002869, 41.50366499981201], [-83.1444269996541, 41.503630000121014], [-83.14325099984428, 41.50270899970405], [-83.14261800018271, 41.50240900000068], [-83.14153699990914, 41.50228699984039], [-83.13991199966247, 41.502247999757245], [-83.13953599991882, 41.50215799988965], [-83.13857799966891, 41.501956999688936], [-83.13831900010113, 41.502041000009335], [-83.13774099979283, 41.50205900015997], [-83.13609899982771, 41.50215900030747], [-83.13430500042493, 41.50212099989286], [-83.13391000041472, 41.50186499991775], [-83.13369899962922, 41.501379999797116], [-83.1334800002444, 41.501245000157695], [-83.1330280003328, 41.501051999930205], [-83.1324719997658, 41.501090000299335], [-83.13176200011131, 41.50150699976916], [-83.13097299991578, 41.50241799968904], [-83.13075399963269, 41.50347499991649], [-83.13079200016581, 41.50410499969583], [-83.13114100014529, 41.504755000230396], [-83.13130900037477, 41.50524899993244], [-83.13132199989525, 41.506082999804924], [-83.13106400015239, 41.506587000269995], [-83.13086999998363, 41.50682900028447], [-83.13001700021402, 41.50730399993715], [-83.12912500008635, 41.50741099972359], [-83.12819500032384, 41.507109999936304], [-83.12776799962826, 41.50677099971846], [-83.12773900021426, 41.506248999686605], [-83.1276780001149, 41.50563699974134], [-83.12815599996578, 41.50460900008445], [-83.12815599996578, 41.5037750000633], [-83.12805200020871, 41.50375599999652], [-83.12802700009435, 41.503270999910804], [-83.12749700036493, 41.50172999994381], [-83.12753300034994, 41.501508999952165], [-83.1275099998854, 41.50103199997484], [-83.12678599998722, 41.501012999776016], [-83.12467500039205, 41.5011970002629], [-83.12449000044413, 41.50211599981896], [-83.12447799985024, 41.5021150000732], [-83.12446600015468, 41.5021150000732], [-83.12445299973588, 41.50211599981896], [-83.1244400002154, 41.502117000237426], [-83.12442199977374, 41.50212000014723], [-83.12440400023038, 41.50212399980247], [-83.12439199963652, 41.50212800013025], [-83.12437999994096, 41.502133000203266], [-83.12436900007029, 41.502138000275856], [-83.1243559996515, 41.50214499983863], [-83.12434399995594, 41.50215200007342], [-83.12351999960032, 41.50222300010556], [-83.12352999964608, 41.50240100005233], [-83.12353300001912, 41.50244599983292], [-83.12355200028568, 41.50261000014397], [-83.12358099969968, 41.502773000304074], [-83.12361800040794, 41.50293500032083], [-83.12366299971545, 41.5030949997984], [-83.12371700014214, 41.50325500022613], [-83.1237790000664, 41.503411999735945], [-83.12384900038661, 41.5035679998146], [-83.1239270002044, 41.50372200007561], [-83.12401400024306, 41.503873000141965], [-83.12443500019252, 41.5043419996664], [-83.12516400011359, 41.50432699995799], [-83.12524500030443, 41.504326000246415], [-83.12530899987854, 41.50432200005437], [-83.12540699978783, 41.504466999792584], [-83.12556199959853, 41.50469600011888], [-83.12558900026102, 41.504735999778426], [-83.12565399966003, 41.504867000054695], [-83.12488999957887, 41.50488200031077], [-83.12506299983124, 41.506801000017695], [-83.12513999982414, 41.50761599980125], [-83.12545100016875, 41.507607999823534], [-83.12546200003942, 41.50801600011844], [-83.1257630003383, 41.50801400013643], [-83.12584700000387, 41.508014999791094], [-83.12594200043844, 41.50801600011844], [-83.12601400040846, 41.508014999791094], [-83.1260029996395, 41.50827199999317], [-83.12598799957087, 41.508614999678656], [-83.12692099970643, 41.50874200026032], [-83.12745499963383, 41.508804000321355], [-83.12763000043432, 41.508818000023126], [-83.1274749997253, 41.50891700018225], [-83.12732999996034, 41.50890400014278], [-83.12680600007872, 41.50884099986295], [-83.12585399967658, 41.50871099987118], [-83.12574099969868, 41.50869100026326], [-83.1257420004219, 41.508865000008804], [-83.1257440000717, 41.50918000000555], [-83.12574499989663, 41.509474999776565], [-83.12585500039981, 41.50947200020752], [-83.12658400032085, 41.50946800033345], [-83.12658400032085, 41.50963699984293], [-83.12651300017575, 41.50965499990005], [-83.12642100011425, 41.50970700011162], [-83.12638599995414, 41.50972700007838], [-83.12638400030431, 41.51096700007717], [-83.12638400030431, 41.51151599972383], [-83.12638199975618, 41.51275099983594], [-83.12594400008827, 41.51275099983594], [-83.12585700004963, 41.51275099983594], [-83.12585700004963, 41.512813999674094], [-83.12573999987376, 41.512813000093566], [-83.12573999987376, 41.51287899995538], [-83.12573999987376, 41.51302299978716], [-83.12616699967103, 41.51302400003712], [-83.12627700017418, 41.51303899974871], [-83.12638199975618, 41.51305299987997], [-83.12638199975618, 41.51312400006664], [-83.12638099993127, 41.514215999778536], [-83.12720500028688, 41.514217000010106], [-83.12720299973874, 41.51628000013321], [-83.12583199993526, 41.51627499980744], [-83.12579500012535, 41.516277000206834], [-83.12569999969078, 41.516277000206834], [-83.12568700017033, 41.516574000313064], [-83.12568299997237, 41.516933000076165], [-83.12569100036829, 41.51732899993705], [-83.12570499971366, 41.518064000095094], [-83.13058299992846, 41.51805200004696], [-83.1305439995704, 41.52003999986452], [-83.13072000019581, 41.520041000006046], [-83.134373000197, 41.52005299968538], [-83.13535800021108, 41.520056000109285], [-83.135359000036, 41.516321000233845], [-83.1353599998609, 41.51451299992492], [-83.13780299971711, 41.514523000175636], [-83.13777799960275, 41.51288200003919], [-83.14020000044086, 41.51289000003789], [-83.14020299991559, 41.51217000023221], [-83.14406400032925, 41.51219800019495], [-83.14405900030637, 41.51333499966912], [-83.1440829996975, 41.51884499995502], [-83.1441019999641, 41.51993099981531], [-83.14410299978898, 41.519963999824924], [-83.14411200000983, 41.52010000025756], [-83.1441399995989, 41.520515000107764], [-83.14416600043648, 41.52198599985867], [-83.14308000014007, 41.52198200008528], [-83.14309199983563, 41.52245600009392], [-83.1441739999341, 41.52245899973388], [-83.14419300020067, 41.52356399978863], [-83.14420400007133, 41.524161999996046], [-83.14430600017857, 41.52430199997951], [-83.14431399967619, 41.52441300021227], [-83.14433200011786, 41.52489699989258], [-83.14508899962799, 41.52489799995903], [-83.14519499993321, 41.524895999826064], [-83.14519499993321, 41.52485399971038], [-83.1451930002834, 41.52474899997438], [-83.14518599971238, 41.52435900023187], [-83.14734099968848, 41.52434800008088], [-83.14751300011594, 41.524347000005925], [-83.14748100032888, 41.52359399970354], [-83.1476999997137, 41.52359699996327], [-83.14859100001644, 41.523610999828485], [-83.14919299971588, 41.52361999993236], [-83.15011900017875, 41.523633999792594], [-83.15271099999786, 41.52367199968618], [-83.15301200029674, 41.52367700011299], [-83.153699000385, 41.5243660000824], [-83.15473200007966, 41.52510700005887], [-83.15477499973738, 41.52513699993095], [-83.15478200030839, 41.52370300030846], [-83.15477800011043, 41.52342300013684], [-83.15475200017117, 41.521781999667255], [-83.15473499955442, 41.52155699971915], [-83.15472500040697, 41.52125199997538], [-83.15471899966087, 41.52114799989949], [-83.1546840003991, 41.520108000036736], [-83.1546500000639, 41.518636999970944], [-83.15464800041408, 41.518549999837525], [-83.15532700010641, 41.518548999672966], [-83.15535999971839, 41.521320999668376], [-83.15535300004568, 41.521511000323954], [-83.15668500038942, 41.521788999796556], [-83.15882799977165, 41.522230999799085], [-83.15879699980951, 41.5169660002692], [-83.15520400008276, 41.51694700003781], [-83.15520999993056, 41.51732000030343], [-83.15477499973738, 41.51731799993623], [-83.15462699959937, 41.51731699975264], [-83.15462900014751, 41.51706099999727], [-83.15463400017039, 41.51651900032148], [-83.15462400012464, 41.516474000232435], [-83.15459900001028, 41.516440000264026], [-83.1545789999188, 41.516424999995316], [-83.15452000036755, 41.5164039998823], [-83.15458300011674, 41.51639200019902], [-83.1546159997287, 41.51639500012006], [-83.15947800004999, 41.516427999914775], [-83.15950999983704, 41.51353100033504], [-83.15928300005632, 41.513494999680674], [-83.15908700023772, 41.513455000051174], [-83.15889700026693, 41.51340900027854], [-83.1587540001518, 41.51336599986199], [-83.15863199995306, 41.51332999978852], [-83.1584029996242, 41.513247999807994], [-83.1587609998245, 41.51246400024579], [-83.15904600022985, 41.512591000003425], [-83.159141999591, 41.51259200026006], [-83.15952099970768, 41.51259200026006]], [[-83.15661599989411, 41.51240499975986], [-83.15694999980498, 41.512571999833064], [-83.15661000004634, 41.51257600018803], [-83.15617900005111, 41.51257300008998], [-83.15617599967807, 41.51280099974454], [-83.1555580000851, 41.51279700007616], [-83.15555999973492, 41.51256899973488], [-83.15465599991168, 41.51256300021068], [-83.15466699978235, 41.51141000026988], [-83.15470899961514, 41.511432000259695], [-83.15537200031227, 41.51177000001895], [-83.1555790000015, 41.51187600022874], [-83.15650000044148, 41.51234700015325], [-83.15661599989411, 41.51240499975986]]]}, "properties": {"AREALAND": "4112850", "AREAWATER": "396749", "BASENAME": "Oak Harbor", "CBSAPCI": "N", "CENTLAT": "+41.5122183", "CENTLON": "-083.1422944", "FUNCSTAT": "A", "GEOID": "3957582", "INTPTLAT": "+41.5053193", "INTPTLON": "-083.1354086", "LSADC": "47", "MTFCC": "G4110", "NAME": "Oak Harbor village", "NECTAPCI": "N", "OBJECTID": 15258, "OID": "27890130431474", "PLACE": "57582", "PLACECC": "C1", "PLACENS": "02399536", "STATE": "39", "DISP_CLR": 3}}, {"type": "Feature", "id": 15434, "geometry": {"type": "Polygon", "coordinates": [[[-83.23430300006251, 41.42258300003012], [-83.23433099965159, 41.42121599989844], [-83.23032399964808, 41.42124299977799], [-83.23062699959678, 41.414079000300646], [-83.230620999749, 41.41401199975049], [-83.23078599960543, 41.41034599966764], [-83.22873199991167, 41.410357000313084], [-83.22122000004497, 41.41039899988176], [-83.22119400010571, 41.41039800006884], [-83.22117400001422, 41.410405999919554], [-83.2210819999527, 41.41043799998631], [-83.2164070001275, 41.41049400023374], [-83.21381899960804, 41.410533000281255], [-83.21162500017218, 41.41056600009585], [-83.21159300038512, 41.411385999783306], [-83.21158099979125, 41.41170300025207], [-83.21148500043009, 41.414182999801], [-83.21130700015486, 41.41878100003217], [-83.2112669999719, 41.41981899982039], [-83.2112030003978, 41.42145600015573], [-83.21119199962882, 41.42176799977045], [-83.2111409995752, 41.42333500027398], [-83.21107100015331, 41.42530799989045], [-83.2110700003284, 41.42538899977993], [-83.21093100041122, 41.42928099968623], [-83.21104199984099, 41.4292800001639], [-83.2110770000011, 41.432470000336224], [-83.2111060003134, 41.432683000255004], [-83.21110899978814, 41.43270399989611], [-83.21114899997112, 41.4329050000621], [-83.21179699970132, 41.43290600020207], [-83.211851000128, 41.43290399992206], [-83.21382600017904, 41.432878999784165], [-83.21526999977745, 41.43287300028843], [-83.22075999973741, 41.43285099988763], [-83.22075999973741, 41.43288100006493], [-83.22093700018775, 41.432882000205275], [-83.22767300027773, 41.43285899966689], [-83.22835199997007, 41.43284099982548], [-83.22896899973813, 41.43283500032623], [-83.23011600013393, 41.43282400012035], [-83.23041300023486, 41.43281699980466], [-83.23043300032633, 41.43276399969918], [-83.23042900012837, 41.43204399974899], [-83.23044699967171, 41.428176000185054], [-83.23037899989966, 41.4275690001533], [-83.23032299982316, 41.42707500030868], [-83.23026199972381, 41.427104999787446], [-83.23022699956368, 41.42712599988579], [-83.23019099957868, 41.427145999748646], [-83.23014700009607, 41.42716800006215], [-83.23009900041548, 41.4271849999013], [-83.23010699991309, 41.427042999681895], [-83.23015499959368, 41.425940999878705], [-83.23015999961653, 41.4256510002606], [-83.23017399986026, 41.42487500030579], [-83.23023699960942, 41.42314400032673], [-83.23025800042416, 41.422638000286646], [-83.23040599966384, 41.42263599969027], [-83.23430300006251, 41.42258300003012]]]}, "properties": {"AREALAND": "4048309", "AREAWATER": "0", "BASENAME": "Lindsey", "CBSAPCI": "N", "CENTLAT": "+41.4216806", "CENTLON": "-083.2209931", "FUNCSTAT": "A", "GEOID": "3943904", "INTPTLAT": "+41.4216806", "INTPTLON": "-083.2209931", "LSADC": "47", "MTFCC": "G4110", "NAME": "Lindsey village", "NECTAPCI": "N", "OBJECTID": 15434, "OID": "27890367283350", "PLACE": "43904", "PLACECC": "C1", "PLACENS": "02398446", "STATE": "39", "DISP_CLR": 4}}, {"type": "Feature", "id": 16007, "geometry": {"type": "Polygon", "coordinates": [[[-83.7188359997702, 41.46675199988658], [-83.71881499985382, 41.46314400022383], [-83.7139910000657, 41.463167999799715], [-83.7138370000799, 41.45937400026339], [-83.71033800006451, 41.45934299980932], [-83.71033300004164, 41.45925199984589], [-83.71013600039815, 41.457754000014646], [-83.71015099956844, 41.45762600001551], [-83.71015399994148, 41.45757699968596], [-83.70913600031545, 41.457552000300495], [-83.70870100012226, 41.45755800020775], [-83.70871500036596, 41.45552099980154], [-83.70873700010728, 41.45358399977278], [-83.70874499960487, 41.452050999699765], [-83.69913499966347, 41.452152000121934], [-83.69891200008071, 41.45215299996535], [-83.69386399998662, 41.45203400031319], [-83.69403800006388, 41.4590509998218], [-83.69403800006388, 41.459172999944236], [-83.69401200012462, 41.466663000135306], [-83.69285499968306, 41.46669800027898], [-83.69284800001039, 41.47369900009895], [-83.69526800030036, 41.473729999747434], [-83.69699499975597, 41.47375400011643], [-83.69773700009583, 41.4737620002375], [-83.69782800033241, 41.4737620002375], [-83.69847100003975, 41.47376900017432], [-83.69972800004041, 41.47378700010456], [-83.70176400019082, 41.473807999904665], [-83.70703200039296, 41.47389299989151], [-83.70804900019411, 41.47391300014938], [-83.70832799985337, 41.47390399986584], [-83.70927100003466, 41.47661900000877], [-83.70976399995415, 41.478245000083746], [-83.71003900031377, 41.47916900004613], [-83.71026299972144, 41.47996199971158], [-83.7105899999596, 41.4810619999884], [-83.71062500011969, 41.48120100024312], [-83.71414500005149, 41.481164999784504], [-83.71414300040166, 41.47393799995821], [-83.71413599983065, 41.46705199980457], [-83.71411200043953, 41.46682799978167], [-83.7188359997702, 41.46675199988658]]]}, "properties": {"AREALAND": "4260254", "AREAWATER": "0", "BASENAME": "Haskins", "CBSAPCI": "N", "CENTLAT": "+41.4648046", "CENTLON": "-083.7043042", "FUNCSTAT": "A", "GEOID": "3934412", "INTPTLAT": "+41.4648046", "INTPTLON": "-083.7043042", "LSADC": "47", "MTFCC": "G4110", "NAME": "Haskins village", "NECTAPCI": "N", "OBJECTID": 16007, "OID": "27890336755780", "PLACE": "34412", "PLACECC": "C1", "PLACENS": "02398265", "STATE": "39", "DISP_CLR": 4}}, {"type": "Feature", "id": 16059, "geometry": {"type": "Polygon", "coordinates": [[[-83.6600639998861, 41.31913699974357], [-83.66007300010693, 41.31864499997645], [-83.6551210002723, 41.31860500026546], [-83.65057699996837, 41.31856800015674], [-83.65059200003697, 41.31765799975185], [-83.6505860001892, 41.31545099971619], [-83.65057500031854, 41.31355999974315], [-83.65057399959532, 41.312341999778354], [-83.65057399959532, 41.31211199994948], [-83.65057600014346, 41.31177900012938], [-83.6503689995559, 41.31177800014966], [-83.64948999984702, 41.31177400023058], [-83.64949499986989, 41.31147900012368], [-83.6471220003339, 41.31146299969776], [-83.64710200024241, 41.3126659997271], [-83.64634400000904, 41.31265100023361], [-83.64556200038454, 41.31263500009534], [-83.64555700036166, 41.31143700009369], [-83.64306099990371, 41.311388000137], [-83.64198499965302, 41.31136899973072], [-83.63657300040916, 41.31128800013854], [-83.63582799969626, 41.31128000024002], [-83.63295899986771, 41.31122200027146], [-83.63066800034748, 41.31118300004256], [-83.63065800030174, 41.31197499990932], [-83.63060800007302, 41.31463199995806], [-83.63058200013374, 41.31548800024498], [-83.63054799979858, 41.317199000258846], [-83.63054100012587, 41.31787499970972], [-83.63052699988218, 41.31836299970253], [-83.63960799991905, 41.31862600033605], [-83.63943800003973, 41.32518500003744], [-83.63939600020694, 41.32654199974805], [-83.63951500003265, 41.326578000299094], [-83.63974900038437, 41.326628000057056], [-83.63986200036227, 41.326644000133385], [-83.64006300020371, 41.32665599985078], [-83.63999999955621, 41.32749499979665], [-83.63998500038593, 41.32969399975707], [-83.63991699971555, 41.332770999809114], [-83.6456589995706, 41.33276099985909], [-83.64585000026463, 41.33276099985909], [-83.64584000021888, 41.334751999767896], [-83.64767399980462, 41.334756000300374], [-83.64766399975889, 41.33596700029415], [-83.6502289998138, 41.33594700002484], [-83.65040899973886, 41.33594700002484], [-83.65040899973886, 41.33466900029951], [-83.65058299981614, 41.3346669996934], [-83.65201800009203, 41.334678000328275], [-83.65200800004628, 41.33353199993353], [-83.65979000024973, 41.3335129999119], [-83.65978600005177, 41.33330799992939], [-83.65991499992319, 41.3267129998273], [-83.65996099995395, 41.324393000118334], [-83.66004999964241, 41.319805999663735], [-83.6600639998861, 41.31913699974357]]]}, "properties": {"AREALAND": "4179865", "AREAWATER": "0", "BASENAME": "Portage", "CBSAPCI": "N", "CENTLAT": "+41.3226681", "CENTLON": "-083.6469177", "FUNCSTAT": "A", "GEOID": "3964108", "INTPTLAT": "+41.3226681", "INTPTLON": "-083.6469177", "LSADC": "47", "MTFCC": "G4110", "NAME": "Portage village", "NECTAPCI": "N", "OBJECTID": 16059, "OID": "27890336755790", "PLACE": "64108", "PLACECC": "C1", "PLACENS": "02399008", "STATE": "39", "DISP_CLR": 2}}, {"type": "Feature", "id": 16818, "geometry": {"type": "Polygon", "coordinates": [[[-83.6668209998925, 41.673078000242995], [-83.66695700033493, 41.673079000028814], [-83.6665759996701, 41.67275500016396], [-83.6637389996286, 41.67034500011602], [-83.66263300013901, 41.66940500032417], [-83.66243899997023, 41.6692399998655], [-83.6623300001903, 41.66914799992633], [-83.66222800008306, 41.669060999768114], [-83.66067900000435, 41.667787000004566], [-83.65716300027051, 41.664894000092026], [-83.65657800028951, 41.66456700021332], [-83.65528500030383, 41.663960000134324], [-83.6544169995673, 41.66365400013177], [-83.65330299968178, 41.663415999720925], [-83.65220899988773, 41.66317100019501], [-83.64899199990465, 41.662451999937765], [-83.64853599979507, 41.662350000170434], [-83.64836000006798, 41.66231199995258], [-83.6412170002722, 41.660768000252205], [-83.63167099990491, 41.65871299992049], [-83.6316680004302, 41.65877999981293], [-83.6316759999278, 41.65899299979925], [-83.63078499962504, 41.65879999996763], [-83.62948699961649, 41.658518999908985], [-83.62823200016398, 41.65824800012879], [-83.627494999847, 41.65808800003034], [-83.626917000437, 41.65796300026406], [-83.62628300005218, 41.657825999983814], [-83.62505000034098, 41.65755800005289], [-83.62419699967306, 41.65737400021591], [-83.62317800022208, 41.657152999979466], [-83.6219820003208, 41.65689200019349], [-83.62199400001637, 41.65718999985325], [-83.62201400010785, 41.65769700028147], [-83.62204300042016, 41.658435000193144], [-83.62207000018435, 41.65912700027407], [-83.62208699990279, 41.65955299993142], [-83.62209199992567, 41.659690999887275], [-83.62214600035233, 41.66108500024121], [-83.62221699959912, 41.6628930002504], [-83.62226199980496, 41.664615000287235], [-83.6222900002924, 41.66566999966914], [-83.62231500040673, 41.66663899969165], [-83.62233899979788, 41.66758199989219], [-83.62236499973713, 41.66854900028067], [-83.6223909996764, 41.669572999880884], [-83.62240800029315, 41.67013200010235], [-83.62771599977994, 41.670044000098926], [-83.62891500005428, 41.67002599974786], [-83.62916699994935, 41.67002199974375], [-83.62966400006681, 41.6700150002392], [-83.62967599976238, 41.67036599986179], [-83.62967599976238, 41.670466000027254], [-83.6308940003033, 41.67044399981629], [-83.63271199999551, 41.6704059996782], [-83.63271199999551, 41.6704209997707], [-83.63286799963113, 41.67041800028932], [-83.63385099999537, 41.67040099987028], [-83.63393200018623, 41.67041800028932], [-83.6340560000348, 41.670400000042825], [-83.63452100036521, 41.67017900022269], [-83.63451799999216, 41.67004700026877], [-83.63451499961911, 41.66994099977432], [-83.63461400025163, 41.66994399994897], [-83.63505899959223, 41.66993400026095], [-83.63513200028548, 41.66993199992053], [-83.63518199961588, 41.66993100008584], [-83.63525000028626, 41.66993000025109], [-83.63529999961666, 41.66992899974533], [-83.63535700041638, 41.669927000075795], [-83.63549200013559, 41.669923999900355], [-83.63554499983904, 41.66992300006549], [-83.63562299965685, 41.66992099972477], [-83.6356750004337, 41.66991999988987], [-83.63573499980983, 41.66991900005499], [-83.635949999895, 41.66991400020924], [-83.63595300026805, 41.66997100017251], [-83.63602600006298, 41.670005999724715], [-83.63610300005587, 41.67004300026592], [-83.6363719996694, 41.67017299989511], [-83.63637800041549, 41.67016499990487], [-83.63649999971591, 41.67022600030866], [-83.63662399956448, 41.67028799981282], [-83.63686100028926, 41.670403000196124], [-83.63707100035154, 41.67050400012987], [-83.63722500033731, 41.670578999772204], [-83.6374629999887, 41.67069299981276], [-83.63753900015666, 41.67072800031449], [-83.63798199984745, 41.67094500031619], [-83.63797199980172, 41.67072800031449], [-83.63797299962664, 41.670581000092525], [-83.63796799960376, 41.67047000000375], [-83.63833500002488, 41.67064600006774], [-83.63833500002488, 41.6705430000353], [-83.638330000002, 41.6702449997626], [-83.63832699962896, 41.670056999939234], [-83.63832400015421, 41.66988399978444], [-83.64152799971852, 41.66988500029095], [-83.6427649996277, 41.669886000126354], [-83.64281300020659, 41.67131599985849], [-83.64281900005437, 41.67151999967782], [-83.64282499990215, 41.671701999740655], [-83.64283099974993, 41.67188799984839], [-83.6428369995977, 41.672074000089644], [-83.64284400016872, 41.67225899999493], [-83.64285000001651, 41.67245799986163], [-83.64286699973495, 41.67283500015796], [-83.64055299975018, 41.67171199982506], [-83.63935600002398, 41.671141000100235], [-83.63937399956734, 41.67171199982506], [-83.63940100022982, 41.67234800012263], [-83.63941499957521, 41.67263999995645], [-83.63943200019196, 41.67302200013356], [-83.6394410004128, 41.6732579996897], [-83.63945099956022, 41.67350499997879], [-83.63945899995613, 41.67371000001779], [-83.6394690000019, 41.673959000129734], [-83.63863999962341, 41.67396400033231], [-83.63809200035064, 41.67396400033231], [-83.63810900006908, 41.67437899968798], [-83.63811400009193, 41.67451799983926], [-83.63812099976464, 41.67469599976359], [-83.63813199963529, 41.67499799992641], [-83.63819100008484, 41.67711399975206], [-83.63875699979927, 41.67710399983595], [-83.63974799966115, 41.677086999840775], [-83.64404300044308, 41.677013000125356], [-83.64567799983718, 41.677018000090676], [-83.64805600029436, 41.67702500017568], [-83.65099399971987, 41.6770339997087], [-83.6518399998168, 41.67703599982842], [-83.65378700027875, 41.67704200018718], [-83.6566279996199, 41.67697600023574], [-83.65720799957805, 41.67696200005437], [-83.65853300024908, 41.67693000010759], [-83.65963600026394, 41.67690500024291], [-83.6610840000603, 41.676871000143], [-83.66373500032897, 41.67680799987099], [-83.6643999997776, 41.67679400032398], [-83.66604099991783, 41.67675700030846], [-83.66657800021825, 41.67674500020817], [-83.66656899999741, 41.67661999975752], [-83.66656499979945, 41.67655100017773], [-83.66654999973085, 41.67626499973036], [-83.66653499966222, 41.67598600022291], [-83.6665199995936, 41.67570299985501], [-83.66650600024822, 41.675424999673695], [-83.66649200000452, 41.675159999785315], [-83.66647699993591, 41.674889000259924], [-83.6664629996922, 41.67461300011267], [-83.66644400032395, 41.67426699967115], [-83.66643799957784, 41.674138999796725], [-83.66642199968432, 41.67383899984844], [-83.66640099976793, 41.67345300003199], [-83.66638800024744, 41.673198999714], [-83.66639400009522, 41.67309299971285], [-83.6665199995936, 41.67308800011363], [-83.66660699963225, 41.673085000085514], [-83.66676900001396, 41.67307999981465], [-83.6668209998925, 41.673078000242995]]]}, "properties": {"AREALAND": "4871106", "AREAWATER": "41563", "BASENAME": "Ottawa Hills", "CBSAPCI": "N", "CENTLAT": "+41.6681076", "CENTLON": "-083.6432586", "FUNCSTAT": "A", "GEOID": "3959010", "INTPTLAT": "+41.6660945", "INTPTLON": "-083.6400207", "LSADC": "47", "MTFCC": "G4110", "NAME": "Ottawa Hills village", "NECTAPCI": "N", "OBJECTID": 16818, "OID": "2789085243683", "PLACE": "59010", "PLACECC": "C2", "PLACENS": "01086530", "STATE": "39", "DISP_CLR": 3}}, {"type": "Feature", "id": 17989, "geometry": {"type": "Polygon", "coordinates": [[[-83.38038100027718, 41.507916999926984], [-83.38030199973616, 41.50425100030544], [-83.38022399991836, 41.50056999975733], [-83.37901100029863, 41.50058099991299], [-83.3789660000928, 41.50058099991299], [-83.37897699996344, 41.50135600024062], [-83.37852500005182, 41.50135799975549], [-83.37853000007469, 41.502138000275856], [-83.37782500044311, 41.50214199992998], [-83.3778120000243, 41.500997999969265], [-83.3763540001822, 41.501006999853715], [-83.3763469996112, 41.50060199977671], [-83.37493099960189, 41.50062400007522], [-83.37416099967294, 41.50063500022165], [-83.37419199963507, 41.5024949998873], [-83.37300199958158, 41.50251400032403], [-83.37309100016836, 41.507981000088435], [-83.37066099983262, 41.50801000017228], [-83.37006900017892, 41.50802900033616], [-83.36823499969486, 41.50803799991618], [-83.36688700035593, 41.50805900005249], [-83.36459900031042, 41.50806699997448], [-83.35849000003425, 41.50809699967321], [-83.35849300040731, 41.50818300007794], [-83.35849599988204, 41.50857999997248], [-83.35850699975269, 41.509094000252475], [-83.35851799962336, 41.509574000276395], [-83.35856000035446, 41.51084800007522], [-83.35858799994354, 41.51159600000902], [-83.35847699961546, 41.511637999984636], [-83.35803300009977, 41.51180800015218], [-83.35803399992466, 41.5118460002631], [-83.35725599959981, 41.51185800011647], [-83.35725200030016, 41.51191100017102], [-83.35724899992712, 41.51208800012755], [-83.35724700027728, 41.51213200031149], [-83.35722800001074, 41.51224200030407], [-83.35721600031516, 41.512311000185704], [-83.3572110002923, 41.51281199984036], [-83.35722299998785, 41.5141489997021], [-83.35725700032306, 41.515493999875794], [-83.35617900042254, 41.51551599982286], [-83.35601600021592, 41.51528100015452], [-83.35553300034215, 41.5151010002036], [-83.35436000000708, 41.51467500016415], [-83.35422600011277, 41.51463000013838], [-83.353847999821, 41.51463399969351], [-83.35357599983445, 41.51464099992333], [-83.35341799965069, 41.51453299975219], [-83.34965300039484, 41.51195400020879], [-83.34938200023319, 41.51195799992926], [-83.34943300028681, 41.515614999828465], [-83.34902300020798, 41.515618999995326], [-83.34890699985702, 41.51562000020522], [-83.34812799970727, 41.51563300024121], [-83.3459750002793, 41.51565200018574], [-83.34408399989381, 41.515668000170045], [-83.34409300011465, 41.51886099982266], [-83.34324299981978, 41.51886800026793], [-83.34120599984445, 41.51888500028927], [-83.34099400013234, 41.518885999776025], [-83.34128600021039, 41.51908800004047], [-83.34223299969132, 41.519743000193785], [-83.34291099955875, 41.520215000182766], [-83.34346799995068, 41.52060700028141], [-83.34358299957842, 41.52068800022367], [-83.3453490002904, 41.52067800025289], [-83.34533599987162, 41.5193169997675], [-83.34897200015438, 41.519286999887576], [-83.35166699990563, 41.519259000300956], [-83.35381600003397, 41.519237000280945], [-83.35404700001264, 41.519232999665086], [-83.3540229997232, 41.52104599990845], [-83.35594199969775, 41.521012000324085], [-83.35594199969775, 41.52103100003468], [-83.35594099987286, 41.521222999770565], [-83.35593900022302, 41.522088999823104], [-83.3559369996749, 41.52250900021394], [-83.35568200030507, 41.52251299995475], [-83.35568099958185, 41.522860999998294], [-83.35567899993202, 41.522912000264924], [-83.35538799967888, 41.522912000264924], [-83.34896399975844, 41.52292999999334], [-83.34897299997927, 41.52441599976147], [-83.34914899970637, 41.5245359997752], [-83.34923800029314, 41.52459800017708], [-83.34968000015901, 41.52490599981758], [-83.349896999894, 41.52505800030523], [-83.35026599996493, 41.525306000228056], [-83.35206299974075, 41.526526000229374], [-83.35400699982966, 41.52662200008666], [-83.35724999975204, 41.52657200009472], [-83.35723899988137, 41.52721800021675], [-83.35724200025443, 41.528491999747054], [-83.35723600040666, 41.529557999894216], [-83.35723800005647, 41.52975499984056], [-83.35723899988137, 41.529878999997564], [-83.35723399985851, 41.53005699989418], [-83.35743999972283, 41.530196999899495], [-83.35758799986084, 41.53029800027721], [-83.35863099960126, 41.53100899973901], [-83.35862200027873, 41.53284700015943], [-83.35861600043096, 41.533962000268886], [-83.35872799968563, 41.533958999817344], [-83.35937600031414, 41.53395200033217], [-83.35937499959091, 41.5342169998129], [-83.35937299994109, 41.53467199989063], [-83.358612000233, 41.53464699998424], [-83.358612000233, 41.534672999805984], [-83.35860800003503, 41.53526099981198], [-83.35860399983707, 41.53580000016494], [-83.36574099978505, 41.53574100010819], [-83.36540400039948, 41.53551999989593], [-83.36558199977638, 41.53545600006771], [-83.36699699996078, 41.53493599987245], [-83.36835900044173, 41.53443599993205], [-83.36834199982498, 41.530242999844724], [-83.37140200034756, 41.53023699994144], [-83.37306400040418, 41.53024399982855], [-83.37312999962809, 41.53024399982855], [-83.37312999962809, 41.53016299974353], [-83.37313499965096, 41.52819399984751], [-83.36844300010733, 41.52481200023993], [-83.36847099969643, 41.52657400017582], [-83.36303799963784, 41.52665299996817], [-83.3628440003674, 41.52654599970702], [-83.3628019996363, 41.524987999824155], [-83.36292700020807, 41.522825999923974], [-83.36421900036882, 41.52281799980822], [-83.3659199998852, 41.52284300025069], [-83.3683700003124, 41.52281699970962], [-83.36836500028951, 41.52431099998726], [-83.37314100039707, 41.52754099987656], [-83.37314100039707, 41.519076999666055], [-83.37318700042782, 41.51527800018185], [-83.3731220001305, 41.513426999959535], [-83.37382299956414, 41.51341799978335], [-83.37386500029525, 41.51526999980569], [-83.37666100032885, 41.51524199982646], [-83.37803100030742, 41.51523199968683], [-83.37802600028455, 41.514241999739326], [-83.3780089996678, 41.513436999705355], [-83.37794400026878, 41.509150999773034], [-83.37791999997934, 41.50793299980509], [-83.37828900005027, 41.507930999820516], [-83.38038100027718, 41.507916999926984]], [[-83.36877600019325, 41.51707499993123], [-83.36877600019325, 41.517167000286825], [-83.36836299974138, 41.51717300005687], [-83.3683639995663, 41.51674000019998], [-83.36836600011443, 41.5153509997013], [-83.36874400040621, 41.515341999792646], [-83.36877600019325, 41.51707499993123]]]}, "properties": {"AREALAND": "5176078", "AREAWATER": "0", "BASENAME": "Genoa", "CBSAPCI": "N", "CENTLAT": "+41.5185408", "CENTLON": "-083.3642618", "FUNCSTAT": "A", "GEOID": "3929722", "INTPTLAT": "+41.5185408", "INTPTLON": "-083.3642618", "LSADC": "47", "MTFCC": "G4110", "NAME": "Genoa village", "NECTAPCI": "N", "OBJECTID": 17989, "OID": "27890130431472", "PLACE": "29722", "PLACECC": "C1", "PLACENS": "02398950", "STATE": "39", "DISP_CLR": 4}}, {"type": "Feature", "id": 18213, "geometry": {"type": "Polygon", "coordinates": [[[-83.51667899977286, 41.593818999816094], [-83.51675999996372, 41.59346799967012], [-83.51660699980286, 41.59275800017376], [-83.5164620000379, 41.592084000188194], [-83.51272799984584, 41.592069999695255], [-83.51266699974647, 41.592071000066504], [-83.51259499977645, 41.589301000054434], [-83.51256600036245, 41.58789499974015], [-83.51255999961636, 41.587387000022275], [-83.51255700014163, 41.58716000033358], [-83.51254999957061, 41.58698499975352], [-83.51247900032382, 41.58527000000865], [-83.51238800008721, 41.582577999966766], [-83.50698900036384, 41.58267600029284], [-83.50704500044033, 41.58788599984737], [-83.50924100042432, 41.587899999903996], [-83.51077200006138, 41.5878960001761], [-83.50850900013023, 41.589167000184354], [-83.50767100042923, 41.59004899980529], [-83.50743999955225, 41.59013299997255], [-83.50708800009805, 41.590263999999245], [-83.50704500044033, 41.58788599984737], [-83.50437999992796, 41.5878700002589], [-83.50275999970415, 41.58785499975921], [-83.50143400010653, 41.58785100002853], [-83.50146199969562, 41.59180799998735], [-83.49979200014141, 41.59178500008531], [-83.49973699988982, 41.58783799972623], [-83.4997340004151, 41.58770199997299], [-83.49896100011311, 41.58769200028611], [-83.49812800043499, 41.587682999693186], [-83.4981290002599, 41.58757499987062], [-83.49812300041211, 41.587123999673274], [-83.49809300027489, 41.58607699996299], [-83.49807700038134, 41.58550199997281], [-83.49799799984032, 41.58230299996467], [-83.49795099998465, 41.580860999668275], [-83.49790900015188, 41.57923899987834], [-83.49788599968733, 41.57869900024061], [-83.49782299993814, 41.577940000262004], [-83.49781500044053, 41.57784399997986], [-83.49778299975519, 41.577078999772155], [-83.4977579996408, 41.57684799972023], [-83.49773500007458, 41.57672199971022], [-83.49764499966291, 41.576368000190676], [-83.49730599972919, 41.57522499998272], [-83.49686999971111, 41.57372699984877], [-83.49672599977106, 41.57320199969822], [-83.49654400019617, 41.572488999772], [-83.49636300044621, 41.57173500014075], [-83.49580799970411, 41.56947500028996], [-83.49479699975076, 41.56530699998866], [-83.4943480002122, 41.563490000286706], [-83.49374599961443, 41.56100700019813], [-83.49338400011449, 41.55954500032744], [-83.4931170001508, 41.558558999732284], [-83.49265000017057, 41.558549999784375], [-83.49213100031179, 41.558549999784375], [-83.4916679996312, 41.558551000002716], [-83.49113100022909, 41.558549999784375], [-83.49103099977167, 41.558549999784375], [-83.49003099968895, 41.558549999784375], [-83.48983099967242, 41.558549999784375], [-83.4891750004446, 41.558552000221034], [-83.48817000033904, 41.55853300010341], [-83.48822899989027, 41.55887399980838], [-83.4882940001876, 41.558891000071846], [-83.48840100031771, 41.55893000030349], [-83.48852099996832, 41.55898900004041], [-83.4885770000448, 41.55901900033033], [-83.48866800028141, 41.559085000112425], [-83.48874699992412, 41.55915499999105], [-83.4888160004194, 41.559230000160966], [-83.48887400014573, 41.55930999993259], [-83.48894399956761, 41.55943699982873], [-83.48899600034447, 41.559570000018816], [-83.48905999991857, 41.55979699989284], [-83.4894060004233, 41.56124100029482], [-83.49144500004844, 41.5695710002417], [-83.49167900040018, 41.57054699982987], [-83.49203099985436, 41.57196400031223], [-83.49211200004522, 41.5722279999134], [-83.49222900022109, 41.57253199986897], [-83.49238700040483, 41.57291900012558], [-83.49248100011617, 41.5731909997902], [-83.49205799961854, 41.5731909997902], [-83.4880409995693, 41.573226000163], [-83.48393099963361, 41.57324499999256], [-83.48330200017, 41.57324799996516], [-83.48330499964472, 41.57335000029415], [-83.48339000003354, 41.57605000020945], [-83.48348200009505, 41.57614000012208], [-83.48460100000344, 41.57724800007514], [-83.48569999982035, 41.578354000012155], [-83.48894500029084, 41.578294999813856], [-83.48894500029084, 41.57757600011695], [-83.49047500010298, 41.5775899997211], [-83.49048199977567, 41.5773310001694], [-83.49048500014871, 41.577223999760854], [-83.49305100002856, 41.57726299967908], [-83.49303400031012, 41.5766090000042], [-83.49302199971625, 41.57579800019012], [-83.49301099984558, 41.57555300021805], [-83.49261599983537, 41.57554899972533], [-83.49191500040173, 41.57551399993929], [-83.4921589999009, 41.57442300001764], [-83.49279499993553, 41.57435999969408], [-83.49286400043081, 41.57435199990458], [-83.49293999970048, 41.57462900010272], [-83.49299999997493, 41.574898000063094], [-83.49305400040161, 41.57520600006354], [-83.49306400044735, 41.57541400025412], [-83.49306100007429, 41.5755540001732], [-83.49312800002144, 41.577261999750384], [-83.49312800002144, 41.57729999971756], [-83.4931320002194, 41.577577999964596], [-83.49313700024229, 41.57793499999885], [-83.49314399991499, 41.57841599988911], [-83.49315099958767, 41.578841000239436], [-83.49309100021154, 41.578843000047904], [-83.48644600035814, 41.57904300006893], [-83.48724200022636, 41.57980000007325], [-83.48741100028076, 41.57997599985484], [-83.48844800017338, 41.58103900033039], [-83.48845099964811, 41.581129999879174], [-83.48839700011975, 41.58379700009962], [-83.48315099965893, 41.58380599989041], [-83.48325600013924, 41.58590600033032], [-83.48328299990341, 41.587306000304864], [-83.48365899964705, 41.587306000304864], [-83.48367100024093, 41.58771699983629], [-83.48504299986932, 41.587699999766976], [-83.48502699997577, 41.58785300022983], [-83.48353499979848, 41.58787100002334], [-83.48188500033577, 41.58788200011861], [-83.48111700005666, 41.5878960001761], [-83.47851600001671, 41.58794200005565], [-83.47847800038188, 41.58794400025412], [-83.47851299964366, 41.58990200025738], [-83.47742100039777, 41.589930000165054], [-83.4770380000831, 41.58994000017712], [-83.47675299967776, 41.58994700031904], [-83.47675600005081, 41.5902179997586], [-83.47676400044672, 41.5903529998606], [-83.47679799988362, 41.59156899987507], [-83.47680399973139, 41.59185999999858], [-83.47669800032449, 41.59186099970123], [-83.4738479998642, 41.591898999811534], [-83.47390899996356, 41.595138000209985], [-83.47391499981136, 41.59544300013179], [-83.47685300013518, 41.59545200031462], [-83.47685700033314, 41.59593699995192], [-83.47685800015806, 41.59633999986879], [-83.47686499983077, 41.598503000050925], [-83.47698500037966, 41.59859099970266], [-83.47707499989303, 41.598658000303644], [-83.47907599988336, 41.60002100006532], [-83.48332999975908, 41.5999950003293], [-83.4833160004137, 41.59895599987794], [-83.49241199962087, 41.598864000332], [-83.492490000337, 41.598496000165106], [-83.492482999766, 41.59842599992133], [-83.49241400016902, 41.59839799966823], [-83.49349999956713, 41.598437000233396], [-83.49350600031323, 41.59868599977216], [-83.49351100033611, 41.59908599987434], [-83.49351399981083, 41.59931799989927], [-83.49351700018389, 41.59954400024514], [-83.49352700022962, 41.600030999857644], [-83.49353399990233, 41.60035600032556], [-83.49569200025148, 41.60035399983986], [-83.4993760002148, 41.60034200028332], [-83.4992709997345, 41.599916999715035], [-83.49904300012886, 41.59894599991904], [-83.49876399957131, 41.59780500021186], [-83.49844200025433, 41.59651499994593], [-83.49814000013053, 41.595209000311655], [-83.49809800029774, 41.59504399994573], [-83.49982999977625, 41.594944000271916], [-83.49979600033937, 41.593170000285596], [-83.4997849995704, 41.592990999788746], [-83.49975699998132, 41.59241800029915], [-83.49977500042297, 41.592350000243684], [-83.4998769996319, 41.592339000237864], [-83.50039200019103, 41.59241800029915], [-83.50088299956239, 41.59259100020619], [-83.50144499997718, 41.59274999997599], [-83.50145000000006, 41.5927119996948], [-83.50145900022089, 41.5926379997902], [-83.50539199970625, 41.59360699973991], [-83.50658099993484, 41.593981000273224], [-83.50794400024071, 41.59441099995443], [-83.50911000000477, 41.59477800024287], [-83.50957899963481, 41.59494099996351], [-83.5100990002168, 41.59508400017495], [-83.51108599988073, 41.59525000008878], [-83.51152400044695, 41.59528800021947], [-83.51208000011565, 41.59530999989596], [-83.51273700006668, 41.59528499992712], [-83.51273500041685, 41.59517500008348], [-83.51338899999483, 41.595134999910606], [-83.51396899995298, 41.59509499971299], [-83.51466100006411, 41.595047999902576], [-83.51502599993708, 41.59500399969168], [-83.51534099958135, 41.59494899988977], [-83.51565500029902, 41.5948069997081], [-83.51588200007976, 41.594696999721656], [-83.51620400029503, 41.594494000158356], [-83.51640799961122, 41.59425299991079], [-83.51653999985571, 41.59402800018881], [-83.51667899977286, 41.593818999816094]]]}, "properties": {"AREALAND": "5662814", "AREAWATER": "38495", "BASENAME": "Walbridge", "CBSAPCI": "N", "CENTLAT": "+41.5864179", "CENTLON": "-083.4929804", "FUNCSTAT": "A", "GEOID": "3980486", "INTPTLAT": "+41.5860742", "INTPTLON": "-083.4874142", "LSADC": "47", "MTFCC": "G4110", "NAME": "Walbridge village", "NECTAPCI": "N", "OBJECTID": 18213, "OID": "27890336755794", "PLACE": "80486", "PLACECC": "C1", "PLACENS": "02400082", "STATE": "39", "DISP_CLR": 5}}, {"type": "Feature", "id": 18353, "geometry": {"type": "Polygon", "coordinates": [[[-82.96406200016548, 41.52130999967352], [-82.96393900014185, 41.520693999667365], [-82.96381699994312, 41.52071599986462], [-82.96352499986506, 41.520750999735036], [-82.96292700036358, 41.52082399980739], [-82.96275900013407, 41.52084499983138], [-82.96217099978001, 41.520904000022476], [-82.9620209999922, 41.52091600021435], [-82.96192800010577, 41.52092399989265], [-82.96154399996622, 41.520939999918845], [-82.96077400003729, 41.5209360000808], [-82.9607599997936, 41.52059700029811], [-82.96082599991581, 41.51970100009635], [-82.9608309999387, 41.51963099987343], [-82.96084900038035, 41.5193889999607], [-82.96089700006094, 41.51875199980548], [-82.960936000419, 41.51825700005875], [-82.96097900007669, 41.51765800025817], [-82.96102900030543, 41.516990000093294], [-82.96117999991816, 41.51703300012024], [-82.96118599976593, 41.51697600014093], [-82.96121000005537, 41.51677100010737], [-82.9610779998109, 41.51677800010607], [-82.96044699979913, 41.516733999717154], [-82.9594869998994, 41.516410999920744], [-82.959057999554, 41.51624099973444], [-82.9576919997734, 41.51570300007995], [-82.95643499977275, 41.51526500007456], [-82.95543399986512, 41.51529199982889], [-82.95495500018933, 41.51520099971497], [-82.953066000352, 41.5152380003089], [-82.95308399989534, 41.514198999876136], [-82.95309099956805, 41.51382599978609], [-82.95309999978889, 41.513269000272246], [-82.95314900019268, 41.51039899967533], [-82.95334300036144, 41.51039699976694], [-82.95515100000792, 41.5103750000981], [-82.95695500035474, 41.510352999749124], [-82.95743400003055, 41.510352000130595], [-82.95773600015433, 41.51035400004034], [-82.95775299987278, 41.50835099992882], [-82.95775600024582, 41.507730999708265], [-82.95815100025602, 41.50772099975374], [-82.95919300017154, 41.50768699989669], [-82.95921900011079, 41.505101000155676], [-82.9589239996597, 41.505103999927236], [-82.95855899978672, 41.505103000227614], [-82.95856399980958, 41.5047109997418], [-82.95816700014956, 41.50487800015313], [-82.95815700010381, 41.50533399971495], [-82.95815499955567, 41.50542700030678], [-82.95794299984357, 41.50542700030678], [-82.95792899959987, 41.50602299987262], [-82.95746900019064, 41.506022000187244], [-82.95748300043435, 41.50516899987693], [-82.95716100021906, 41.50530600014716], [-82.95702200030188, 41.5053649997028], [-82.95702800014969, 41.50611600014757], [-82.95677500042969, 41.5061129997502], [-82.95678799995017, 41.50774999995402], [-82.95605599965606, 41.50775599992428], [-82.95608199959533, 41.50673000029614], [-82.9555300001246, 41.5067280002744], [-82.95552799957646, 41.50679400028548], [-82.95522899982572, 41.50679099991948], [-82.95512800044169, 41.506792999939265], [-82.95513099991643, 41.50665000005227], [-82.95512599989355, 41.5063809999453], [-82.95510900017513, 41.50623599978416], [-82.95307399984961, 41.50715099979074], [-82.95302799981886, 41.5070580003297], [-82.95319199985039, 41.50698999990141], [-82.95353499998205, 41.506848000122204], [-82.95370200038664, 41.50677600010565], [-82.95370300021155, 41.5066779997116], [-82.95370200038664, 41.5065149999632], [-82.95369900001359, 41.50611699983155], [-82.95392300031959, 41.50603300008945], [-82.95392199959635, 41.50644100021854], [-82.95392099977143, 41.50658599992058], [-82.95391999994654, 41.50668300010598], [-82.95444100035344, 41.50646299987873], [-82.95451999999617, 41.50642999971289], [-82.95451999999617, 41.50577200031558], [-82.9546790000048, 41.5057039998821], [-82.95523100037386, 41.5054679998815], [-82.95525399994008, 41.5031380003096], [-82.95526900000868, 41.500954000291685], [-82.95526800018376, 41.50083700025445], [-82.95526599963563, 41.50063300001165], [-82.95483399981549, 41.50064899967135], [-82.95471400016493, 41.500653000090246], [-82.95459299979109, 41.50065699983614], [-82.95419699995597, 41.5006709999539], [-82.95380100012085, 41.500685000068614], [-82.95369300016581, 41.500688000044754], [-82.95358600003568, 41.50069199978844], [-82.95314900019268, 41.50070699966612], [-82.95314900019268, 41.5003480000707], [-82.95314699964453, 41.50004699974378], [-82.95314599981964, 41.49942300024915], [-82.95314499999472, 41.498559999777314], [-82.95314499999472, 41.49848899976603], [-82.95314400016981, 41.498268999956935], [-82.95314400016981, 41.498147999877986], [-82.9531430003449, 41.49802899986346], [-82.95314400016981, 41.49767400015494], [-82.9531430003449, 41.4975580000634], [-82.95314199962168, 41.497023999862535], [-82.95314199962168, 41.49689200004143], [-82.95314099979676, 41.49679499999115], [-82.95314099979676, 41.49673500019952], [-82.95314099979676, 41.49665600022083], [-82.95313999997187, 41.49604799980081], [-82.95313900014695, 41.49591400032621], [-82.9531369995988, 41.4945439998445], [-82.9529380003055, 41.4945470001051], [-82.95242799976923, 41.49455799993803], [-82.95243000031738, 41.49533599989762], [-82.95243199996719, 41.49585600007599], [-82.95243100014228, 41.49609100028146], [-82.95243199996719, 41.49666999985787], [-82.9521800000721, 41.496674999679456], [-82.9516290004263, 41.49668599982379], [-82.95152999979378, 41.4966880001557], [-82.95141000014317, 41.49668999981469], [-82.95060800042721, 41.49670599977568], [-82.95004699983733, 41.496716999914746], [-82.94948799979556, 41.49672800005201], [-82.94948899962048, 41.49727600018087], [-82.94948899962048, 41.497646999781004], [-82.94948899962048, 41.49774300008764], [-82.94946400040445, 41.49810100018671], [-82.94945699983343, 41.49821499969385], [-82.94945000016074, 41.498338999732624], [-82.94943099989416, 41.49861600002505], [-82.94944299958973, 41.4990079997308], [-82.9494469997877, 41.4991170000272], [-82.94944900033583, 41.49932500016395], [-82.94944900033583, 41.49937900017434], [-82.94945099998566, 41.49952800003176], [-82.94945000016074, 41.49973099993601], [-82.9494550001836, 41.499933999876816], [-82.94945600000852, 41.500121000067864], [-82.94945600000852, 41.50033500032912], [-82.94945799965835, 41.50053799972219], [-82.94946400040445, 41.50074099982448], [-82.94946299968122, 41.50092999990451], [-82.94946299968122, 41.50106800015919], [-82.94946299968122, 41.501102000128014], [-82.94946299968122, 41.501281000223585], [-82.94946299968122, 41.50133299976022], [-82.94946299968122, 41.50136299988792], [-82.94946299968122, 41.501445000121166], [-82.94946400040445, 41.50166900026198], [-82.94946400040445, 41.50169499987973], [-82.94946500022934, 41.501869000261536], [-82.94946500022934, 41.502061000325874], [-82.94946600005426, 41.502167000285674], [-82.94946600005426, 41.50222600001045], [-82.94946600005426, 41.502252999820946], [-82.94946699987918, 41.50239399984444], [-82.94823800036592, 41.50240100005233], [-82.94823900019085, 41.50259200014649], [-82.94824300038881, 41.50287700030325], [-82.94767500012622, 41.50287800003724], [-82.94762099969955, 41.50287899977116], [-82.94756399979813, 41.50287800003724], [-82.94713700000088, 41.502875000162554], [-82.9469970002588, 41.50287399975579], [-82.9467429998156, 41.50287200028773], [-82.9466940003101, 41.50287200028773], [-82.9461879999718, 41.502896999688815], [-82.94591299961219, 41.50290099996884], [-82.94581899990087, 41.50290199970245], [-82.94581800007596, 41.50283200014944], [-82.94581600042613, 41.50261300003088], [-82.94581399987798, 41.50239399984444], [-82.94581300005308, 41.502178999914776], [-82.94581100040327, 41.50195599994073], [-82.94580899985512, 41.50173700022348], [-82.94580800003021, 41.50158700031238], [-82.94580800003021, 41.5015179997656], [-82.94580600038039, 41.50133200000243], [-82.94580600038039, 41.50128400017212], [-82.94580899985512, 41.501063999765876], [-82.94580800003021, 41.501034999934895], [-82.94580200018243, 41.50084499972322], [-82.94579899980938, 41.50069900018031], [-82.94579600033464, 41.50061800011688], [-82.94532799963119, 41.50062400007522], [-82.94521800002633, 41.50062499984395], [-82.94510900024639, 41.50062600028546], [-82.94462899984735, 41.50063099980164], [-82.94416000021731, 41.50063699975878], [-82.94394099993418, 41.500638000200105], [-82.94348700037276, 41.500639999737146], [-82.94349599969526, 41.50046099988809], [-82.94351699961166, 41.50004899997188], [-82.94353699970314, 41.49963799990973], [-82.94355900034277, 41.499207999874876], [-82.94356299964241, 41.49912699996496], [-82.94341799987745, 41.49912600017306], [-82.94209999977744, 41.49912099986791], [-82.940836999929, 41.499120000075976], [-82.9407809998525, 41.499120000075976], [-82.9407809998525, 41.49893899980016], [-82.9407809998525, 41.498595999990194], [-82.94079599992111, 41.49826400025845], [-82.94080699979176, 41.498031999962635], [-82.93883000009089, 41.498000000018976], [-82.93378700001966, 41.497921000237646], [-82.93124600025418, 41.49788099973251], [-82.93124500042926, 41.49799600010902], [-82.93124399970604, 41.498118000279426], [-82.93124200005622, 41.498408000302454], [-82.93124500042926, 41.50080600011716], [-82.93124700007908, 41.501271999704414], [-82.93124700007908, 41.50136299988792], [-82.931247999904, 41.50145199975889], [-82.93124999955381, 41.50190200006082], [-82.93124999955381, 41.502351999926816], [-82.93124999955381, 41.50247999975104], [-82.93124999955381, 41.502533999821694], [-82.93124999955381, 41.50298699987487], [-82.93125100027706, 41.503440000122744], [-82.93125100027706, 41.503533999795025], [-82.93125100027706, 41.50362099992834], [-82.93125100027706, 41.504073999777454], [-82.93125100027706, 41.50452800020247], [-82.93125100027706, 41.50462200031352], [-82.93125100027706, 41.50470900033052], [-82.93125100027706, 41.50516199996828], [-82.9310720001769, 41.50516199996828], [-82.93056699966353, 41.50516499973701], [-82.93034200043094, 41.505168000178315], [-82.93026899973769, 41.50516600010838], [-82.9290669999886, 41.505170000248235], [-82.92900199969128, 41.505170000248235], [-82.92801900022533, 41.50516499973701], [-82.92787199991224, 41.50516400003834], [-82.92772399977424, 41.50516299966694], [-82.92651299980434, 41.505157000129145], [-82.92652899969785, 41.50614100031446], [-82.92654700013952, 41.507174999890395], [-82.92655800001017, 41.50777799981038], [-82.9265589998351, 41.50786100032244], [-82.92657300007879, 41.50867400025529], [-82.92634700012299, 41.50868499970695], [-82.92628100000074, 41.508689000302105], [-82.92578300005837, 41.50871299983165], [-82.9241179996287, 41.5087239999494], [-82.92386200043399, 41.50872500026578], [-82.92254900035684, 41.508727000225775], [-82.92150499989322, 41.50872900018576], [-82.92112099975365, 41.50870600030615], [-82.92022100012838, 41.50863600030056], [-82.9199139999817, 41.50861200006976], [-82.9193290000007, 41.50856299993541], [-82.91882699986036, 41.5085190000165], [-82.91881900036276, 41.508619999923425], [-82.91822400033601, 41.5085760000433], [-82.91636300008778, 41.50840099987234], [-82.91517399985918, 41.50829500002695], [-82.91439600043265, 41.50824699997644], [-82.9132959998925, 41.50814699981288], [-82.91202399982325, 41.508031999972076], [-82.91164600042978, 41.508000000260836], [-82.91106899994637, 41.50795399997545], [-82.91055900030844, 41.50790500001576], [-82.90975599986922, 41.507840999779226], [-82.90976199971702, 41.50799499996813], [-82.90975800041737, 41.50857299975988], [-82.90975800041737, 41.50859800032349], [-82.90975800041737, 41.50862799977615], [-82.90975699969414, 41.50865500028069], [-82.90966600035586, 41.50865399996323], [-82.90966499963262, 41.508737000024965], [-82.9096639998077, 41.509178999696196], [-82.90966100033297, 41.5096119996806], [-82.90965899978485, 41.509779000232115], [-82.90965799995993, 41.50993999991287], [-82.9096560003101, 41.510047000051706], [-82.90965200011215, 41.51058200011087], [-82.90965899978485, 41.51140200008828], [-82.90965399976197, 41.512441999934076], [-82.90965399976197, 41.51249500018316], [-82.90965100028724, 41.5130950002556], [-82.9096489997391, 41.513528000281305], [-82.90964600026436, 41.514002000325405], [-82.90964500043947, 41.51428500024661], [-82.90964200006641, 41.51487299990597], [-82.9096429998913, 41.51501299980625], [-82.9096429998913, 41.51504900028901], [-82.9096429998913, 41.5150890002788], [-82.90964399971622, 41.51515400029346], [-82.90964700008928, 41.515749999775466], [-82.90965799995993, 41.5160160000279], [-82.90963100019576, 41.51610200000211], [-82.90956000005065, 41.51609000026283], [-82.90943100017921, 41.51605199995279], [-82.90929200026204, 41.51599400025078], [-82.90919600000257, 41.515941000176106], [-82.90910499976597, 41.51588200016886], [-82.90898099991742, 41.51578599984831], [-82.90893700043479, 41.51574699982452], [-82.90885200004597, 41.51574699982452], [-82.90877699970292, 41.51574900024023], [-82.90870700028103, 41.51574699982452], [-82.90853800022663, 41.5157460002893], [-82.90829100035442, 41.5157460002893], [-82.90829100035442, 41.5158360001031], [-82.90828999963118, 41.5159819998189], [-82.90828899980629, 41.51611499994133], [-82.90828799998137, 41.51627899993351], [-82.90828399978341, 41.51672399980798], [-82.90838900026371, 41.51677999981733], [-82.90843299974632, 41.51680300019143], [-82.90879199977152, 41.51699499969117], [-82.90879199977152, 41.51703000022878], [-82.90895499997814, 41.5170019996657], [-82.90925600027703, 41.51696900016365], [-82.909324999874, 41.516967999974604], [-82.90943299982904, 41.51698199992874], [-82.90947700020996, 41.5170120002045], [-82.90950399997415, 41.51704800024804], [-82.90952599971544, 41.51704599987243], [-82.90975000002143, 41.517026000149066], [-82.91052099977529, 41.516895000261066], [-82.91069400002766, 41.5168660001216], [-82.91203600041712, 41.51639100000111], [-82.91230699968047, 41.51629499976288], [-82.91468000011477, 41.516364000032574], [-82.91567599999951, 41.51616099980881], [-82.91585900029762, 41.516123999742504], [-82.91598899999396, 41.51613300021507], [-82.91604599989537, 41.516133999744326], [-82.91606599998686, 41.516116000143505], [-82.91608000023054, 41.516103999734234], [-82.91610000032205, 41.51608799985766], [-82.91611200001759, 41.51608600012508], [-82.9161399996067, 41.51608199998703], [-82.91615999969818, 41.51608199998703], [-82.91627400039931, 41.51609600013276], [-82.91638999985196, 41.51609799986504], [-82.91643099985983, 41.51609900006753], [-82.91658599967053, 41.51608000025422], [-82.91666600003647, 41.51607099977428], [-82.91673600035668, 41.51606300016872], [-82.91678499986216, 41.51606300016872], [-82.91704199978011, 41.51606199996574], [-82.91712799999384, 41.5160549998896], [-82.91714399988736, 41.51605399968648], [-82.9171880002683, 41.516036000063416], [-82.91720499998672, 41.51602899998441], [-82.91722599990312, 41.515968999852944], [-82.9172440003448, 41.51585099983566], [-82.91737999988891, 41.515837999843406], [-82.92399100030542, 41.51520399969122], [-82.92582300024134, 41.5150279997296], [-82.92667000016317, 41.514948000322605], [-82.92892200022368, 41.51492499996192], [-82.92910399979854, 41.514535999759346], [-82.92940000007455, 41.51460000010381], [-82.9294050000974, 41.514738000147716], [-82.92952899994597, 41.51477299988786], [-82.92970100037343, 41.514753000134746], [-82.92991100043571, 41.51485399973277], [-82.93016699963043, 41.514850999740354], [-82.93044700001292, 41.51482699979574], [-82.93053999989934, 41.514702999716], [-82.93064500037963, 41.51473299970284], [-82.93071700034966, 41.51481199982586], [-82.93089700027471, 41.514808999831445], [-82.93096199967371, 41.51472199993348], [-82.93106100030624, 41.51483100001134], [-82.93115300036774, 41.51485399973277], [-82.93143100020211, 41.51486500015236], [-82.93150300017211, 41.5148100000538], [-82.93161799979985, 41.514724999931914], [-82.93193499999227, 41.5147609999022], [-82.93206399986369, 41.51486999991439], [-82.93225700020754, 41.514915999994024], [-82.93237199983525, 41.5148639999308], [-82.93250300025483, 41.51490500025581], [-82.93286099955681, 41.51501899977603], [-82.93386999986033, 41.51529700023058], [-82.93386700038562, 41.51497899974302], [-82.93386599966237, 41.51490899979394], [-82.933924000287, 41.514932000160314], [-82.93399200005906, 41.51495900005356], [-82.93403600044, 41.51500300030389], [-82.93404899996048, 41.5150349999168], [-82.93405999983113, 41.5150670001866], [-82.93409599981615, 41.51510199974884], [-82.93410900023494, 41.51512399982914], [-82.93413799964894, 41.51515600005489], [-82.93416000028856, 41.51516699975045], [-82.93424899997703, 41.51518599983177], [-82.93432099994705, 41.51520099971497], [-82.93439200009215, 41.51519100024166], [-82.93447199955978, 41.515169999728265], [-82.93456500034452, 41.51515499983788], [-82.93473000020096, 41.51519700019488], [-82.93486800029322, 41.51521800002686], [-82.93540300004551, 41.51543599967377], [-82.93579999970555, 41.51595400014768], [-82.93594399964559, 41.515977999674426], [-82.9359579998893, 41.516011999885535], [-82.93601099959274, 41.51606099976273], [-82.9360919997836, 41.51611099980508], [-82.93614600021027, 41.5161560001465], [-82.93629000015032, 41.51624099973444], [-82.93633700000598, 41.516270000153895], [-82.93640599960294, 41.5163219997602], [-82.93569299957542, 41.51708499978613], [-82.93682999992548, 41.517226999980345], [-82.93738200029453, 41.51721199989399], [-82.94120699982484, 41.51735399980957], [-82.94167299998017, 41.517371999738735], [-82.94197799957871, 41.51742900004187], [-82.94239699987835, 41.517453999875805], [-82.94237900033501, 41.51776800027669], [-82.9423369996039, 41.51812999998364], [-82.94234099980186, 41.51817900027518], [-82.94235900024353, 41.51819800014489], [-82.94239799970327, 41.51818799978935], [-82.9424630000006, 41.518158000058705], [-82.94252499992487, 41.518142000017264], [-82.9427170004438, 41.518142000017264], [-82.94303600028604, 41.518142000017264], [-82.94333300038696, 41.51814499985719], [-82.94355199977177, 41.51814700019878], [-82.9436249995667, 41.518190000129614], [-82.9436890000391, 41.51824200021116], [-82.94372699967394, 41.51823300003188], [-82.94376000018421, 41.51818899995949], [-82.94376799968184, 41.51815000003848], [-82.94377600007775, 41.5181169997765], [-82.94377600007775, 41.51801000019734], [-82.94381799991054, 41.51797699986398], [-82.94387200033721, 41.517971999669335], [-82.94394799960689, 41.51798899992603], [-82.94399500036086, 41.51799400011937], [-82.94553699986855, 41.518516000287065], [-82.94654199997413, 41.51881300020797], [-82.94833700010012, 41.519202000264315], [-82.94964599997932, 41.5196359999399], [-82.95320600009408, 41.52020699974421], [-82.95555000021609, 41.5206189998558], [-82.95845699967946, 41.52109899983812], [-82.95878499974252, 41.52116799969425], [-82.95885099986478, 41.5212029999928], [-82.95924400022515, 41.521410999800665], [-82.9593310002638, 41.52146400010397], [-82.95982599983311, 41.52176300017716], [-82.96079199958065, 41.52190000030475], [-82.96079499995368, 41.52184000023549], [-82.96095800016029, 41.52188899973573], [-82.96096900003094, 41.52185600003521], [-82.96203699988573, 41.52218699975456], [-82.9620419999086, 41.522099999685544], [-82.96204799975638, 41.52199799984989], [-82.96212300009944, 41.52202299993659], [-82.96222900040466, 41.522059999993346], [-82.96223199987939, 41.52198499974721], [-82.96223600007734, 41.52189800007916], [-82.96223199987939, 41.52182900032886], [-82.96222699985653, 41.521696999958145], [-82.96223899955208, 41.52146000029832], [-82.96249899984308, 41.52145499970023], [-82.96285399967033, 41.52143299975416], [-82.96290499972395, 41.52143000006669], [-82.96324000035801, 41.5213999998211], [-82.96391999987527, 41.521326000276815], [-82.96406200016548, 41.52130999967352]]]}, "properties": {"AREALAND": "5517986", "AREAWATER": "597378", "BASENAME": "Port Clinton", "CBSAPCI": "N", "CENTLAT": "+41.5097114", "CENTLON": "-082.9384141", "FUNCSTAT": "A", "GEOID": "3964150", "INTPTLAT": "+41.5097181", "INTPTLON": "-082.9383391", "LSADC": "25", "MTFCC": "G4110", "NAME": "Port Clinton city", "NECTAPCI": "N", "OBJECTID": 18353, "OID": "27890130431476", "PLACE": "64150", "PLACECC": "C5", "PLACENS": "02396253", "STATE": "39", "DISP_CLR": 4}}, {"type": "Feature", "id": 18552, "geometry": {"type": "Polygon", "coordinates": [[[-83.92010999986071, 41.218524999683474], [-83.9199399999814, 41.21128000016992], [-83.91993400013362, 41.21090800007532], [-83.91992900011074, 41.20969199969427], [-83.9199259997377, 41.20909800027157], [-83.9199259997377, 41.20902700011631], [-83.9199259997377, 41.208982999971866], [-83.91994099980631, 41.207521000004256], [-83.91993900015649, 41.20738200025656], [-83.91993599978343, 41.204580000198334], [-83.91993900015649, 41.20411600005771], [-83.91994099980631, 41.2031810000285], [-83.91993400013362, 41.20224499985157], [-83.91993599978343, 41.20130800016046], [-83.9199259997377, 41.199897000286384], [-83.91992200043805, 41.198593000038166], [-83.91991999988993, 41.19765300033012], [-83.91993499995853, 41.19668100029337], [-83.91741699975927, 41.196734000058235], [-83.91590399966556, 41.19675500014454], [-83.91571700006781, 41.19675799996316], [-83.91102200015114, 41.1967930000904], [-83.90947300007242, 41.19679700029685], [-83.90920199991078, 41.19679700029685], [-83.90914300035955, 41.19679899972407], [-83.90908800010796, 41.19679899972407], [-83.90972900016547, 41.195948999725154], [-83.91033300041305, 41.19515499976569], [-83.91114099997682, 41.194085000233436], [-83.9106460004075, 41.194085000233436], [-83.91039199996428, 41.194085000233436], [-83.907725999627, 41.194083999802416], [-83.90708000044495, 41.19408599998847], [-83.90706000035345, 41.19409900018228], [-83.90695900007111, 41.19414699988768], [-83.90683400039765, 41.194195000233805], [-83.90655999986294, 41.19429499982798], [-83.90632999970919, 41.194373000027326], [-83.90589799988905, 41.19456999995218], [-83.9055840000697, 41.19468799980858], [-83.90544000012964, 41.19474399974617], [-83.90544199977946, 41.19483500013412], [-83.90544199977946, 41.194872000099686], [-83.90370899957774, 41.19536700013033], [-83.90371000030098, 41.19681299976847], [-83.90282800021905, 41.19681400015774], [-83.90071900027368, 41.19682600009665], [-83.90064899995349, 41.19681299976847], [-83.90051900025715, 41.19680599974661], [-83.8994249995648, 41.196812000055075], [-83.89786399979053, 41.19681400015774], [-83.89118200012723, 41.196840999848185], [-83.89112699987564, 41.19684200023707], [-83.8911379997463, 41.19736200030582], [-83.89115600018795, 41.198463000149474], [-83.89117100025656, 41.19947200015307], [-83.8911799995791, 41.19981699989958], [-83.89117600027944, 41.20032700001405], [-83.89118700015011, 41.200932999841875], [-83.89120700024158, 41.20218000018703], [-83.89121700028731, 41.203179999736555], [-83.89122800015798, 41.2040549999868], [-83.88946999984191, 41.20405899974942], [-83.8877319996173, 41.20405199982671], [-83.88716500007797, 41.20406899983079], [-83.88677199971757, 41.204151000305394], [-83.88674900015135, 41.204177999672645], [-83.88701000026727, 41.204217999916274], [-83.8911670000586, 41.20481400024478], [-83.8911670000586, 41.204837000299484], [-83.8912020002187, 41.20501399995049], [-83.89127500001365, 41.20674300027711], [-83.89095399962329, 41.20707399966632], [-83.89078100026923, 41.20726300007749], [-83.89063300013123, 41.20738800027123], [-83.89057500040491, 41.20744199970251], [-83.89051500013045, 41.20750599999709], [-83.89047199957442, 41.207573999776834], [-83.89043499976451, 41.207630000178405], [-83.8904070001754, 41.20771899977674], [-83.8904070001754, 41.2079840001116], [-83.89041899987099, 41.20811299979442], [-83.89040100032763, 41.208355999936316], [-83.89036299979448, 41.20849599985305], [-83.89034799972586, 41.20853900011491], [-83.89032400033474, 41.20861100033291], [-83.89022999972511, 41.2088910001272], [-83.89004499977716, 41.2092749998854], [-83.89003300008162, 41.209301000319066], [-83.88995500026381, 41.20942099969141], [-83.88985499980636, 41.209573999855905], [-83.88979899972988, 41.209663000188975], [-83.88974699985134, 41.20975100020942], [-83.88988999996647, 41.209750000017905], [-83.89110099993637, 41.2097400001289], [-83.89110900033229, 41.210315999894156], [-83.88974699985134, 41.210322999822594], [-83.88975500024725, 41.21087099971412], [-83.8911169998299, 41.210865000018856], [-83.89112400040092, 41.2114039999567], [-83.89125599974707, 41.2114039999567], [-83.89133600011303, 41.21855199987642], [-83.89134000031098, 41.218653000149125], [-83.89140100041034, 41.21866800030347], [-83.8925119999228, 41.21866400008247], [-83.89257600039524, 41.21866400008247], [-83.89299800016961, 41.21866199997184], [-83.89911499994341, 41.21862099971835], [-83.90090599987143, 41.2186089997217], [-83.90236100023881, 41.2185989998354], [-83.90735400008133, 41.21856499994035], [-83.91051599981284, 41.218543000038565], [-83.91058799978286, 41.218543000038565], [-83.91082600033255, 41.2185409999243], [-83.91631499956931, 41.21850299976823], [-83.92010999986071, 41.218524999683474]]]}, "properties": {"AREALAND": "5936812", "AREAWATER": "82897", "BASENAME": "Deshler", "CBSAPCI": "N", "CENTLAT": "+41.2073980", "CENTLON": "-083.9055037", "FUNCSTAT": "A", "GEOID": "3921812", "INTPTLAT": "+41.2078379", "INTPTLON": "-083.9059273", "LSADC": "47", "MTFCC": "G4110", "NAME": "Deshler village", "NECTAPCI": "N", "OBJECTID": 18552, "OID": "27890299878336", "PLACE": "21812", "PLACECC": "C1", "PLACENS": "02398716", "STATE": "39", "DISP_CLR": 1}}, {"type": "Feature", "id": 19348, "geometry": {"type": "Polygon", "coordinates": [[[-83.3389999998147, 41.38524899968115], [-83.3389999998147, 41.38467100018361], [-83.33899599961674, 41.38452499986388], [-83.33868500017044, 41.38451100027764], [-83.33796000044734, 41.38451300002614], [-83.33642600043726, 41.38452199990464], [-83.33624899998694, 41.38452499986388], [-83.3360699998868, 41.38452900003394], [-83.33595100006112, 41.3845309997819], [-83.33583399988524, 41.3845309997819], [-83.33575000021965, 41.3845309997819], [-83.33570199964076, 41.3845309997819], [-83.33569400014315, 41.386074000315475], [-83.33453099985383, 41.38649500026615], [-83.33422899973003, 41.386604000331054], [-83.33423100027818, 41.38649699995366], [-83.3342399996007, 41.38606699967852], [-83.33416099995799, 41.38606799986585], [-83.33369300015283, 41.38606699967852], [-83.33370400002349, 41.385549000326414], [-83.33370800022145, 41.385439999840926], [-83.33312499989027, 41.38544299975781], [-83.33314400015685, 41.38452400032682], [-83.33432499998952, 41.38451100027764], [-83.33499700000915, 41.38452000015641], [-83.33570199964076, 41.3845309997819], [-83.3357240002804, 41.38280200026947], [-83.33432599981442, 41.38280400007054], [-83.33438600008888, 41.38091499980755], [-83.33376400029795, 41.380916999666645], [-83.3308319998219, 41.38092499977641], [-83.33086500033218, 41.37970500031221], [-83.33378299966621, 41.37971299989701], [-83.33447300012752, 41.37971499979308], [-83.33453300040198, 41.37845600014732], [-83.33457900043273, 41.37726999972336], [-83.33378500021435, 41.377271000046], [-83.32696799993352, 41.37729400004748], [-83.32626900014968, 41.377296000017914], [-83.32635100016545, 41.375726999927004], [-83.32646199959521, 41.37365799996698], [-83.32459700004733, 41.37366400021353], [-83.32052300009667, 41.37366400021353], [-83.32052200027177, 41.37367800011254], [-83.3204489995785, 41.37519500020465], [-83.32042299963925, 41.37519700023964], [-83.31855899991628, 41.37527700024022], [-83.31785599993448, 41.375277999919405], [-83.31664099976662, 41.375279999951836], [-83.31598899983847, 41.375689999908445], [-83.31598200016576, 41.375706000064795], [-83.31705199967035, 41.37733299979699], [-83.31046999956615, 41.37742700030701], [-83.30799400009802, 41.37743700013812], [-83.30550699986087, 41.377446999967745], [-83.30573299981668, 41.37018700018873], [-83.3022620002887, 41.37022799966814], [-83.30225100041804, 41.37065600000799], [-83.30201899971613, 41.37065899993271], [-83.30073599977621, 41.37067299980428], [-83.30074499999705, 41.370240000119274], [-83.2967010001836, 41.370298999889414], [-83.29536800001496, 41.370304999771626], [-83.2952509998391, 41.37384199986039], [-83.2951090004472, 41.378324000276244], [-83.30051099964531, 41.37827700001237], [-83.30047700020843, 41.37936599981229], [-83.30081899961688, 41.37935699989422], [-83.30292500008751, 41.3793039999771], [-83.30284800009461, 41.38405800005146], [-83.30620599964472, 41.38400000017399], [-83.30613700004773, 41.38471099976158], [-83.30613799987265, 41.384726000186745], [-83.30624800037582, 41.384723999770785], [-83.30838200043553, 41.384698999958154], [-83.30838200043553, 41.38468100024891], [-83.30840400017684, 41.383982000271246], [-83.30840699965157, 41.38388499981082], [-83.3090069997012, 41.38387400007605], [-83.3090080004244, 41.38399000000396], [-83.31021000017348, 41.3839690001137], [-83.3101969997547, 41.38468199978355], [-83.31018300040931, 41.38518400013399], [-83.31006600023345, 41.38834099971427], [-83.31003100007335, 41.39009899980699], [-83.30999799956305, 41.391762000241556], [-83.30999400026342, 41.39195799994818], [-83.31734700012146, 41.39183199977139], [-83.31732500038014, 41.39264500008218], [-83.31731299978627, 41.393091999984414], [-83.31730500028867, 41.39335600015635], [-83.31729500024292, 41.39372700004096], [-83.31729199986988, 41.393845000047264], [-83.31729000022004, 41.39386199984772], [-83.31758499977283, 41.393772999851876], [-83.31811100020262, 41.39359400009695], [-83.31931999962437, 41.393166999820664], [-83.31961300042565, 41.393072999823474], [-83.31975900001552, 41.393017000061626], [-83.31968600022059, 41.39526699986289], [-83.31964699986253, 41.39676199992585], [-83.31964000018984, 41.397052999844036], [-83.31956599967167, 41.39907600003357], [-83.31971200015985, 41.399070000110115], [-83.31995700038225, 41.399070000110115], [-83.3220660003276, 41.39906900012281], [-83.32437899958913, 41.39906000023649], [-83.32414199976266, 41.406373000270115], [-83.32454599999372, 41.406371999721394], [-83.32676799991697, 41.40636599979778], [-83.32895300003031, 41.4063599998736], [-83.32883599985445, 41.40990400030361], [-83.33807900027304, 41.409899999673776], [-83.33584099955794, 41.40634100022238], [-83.33125500031952, 41.399025999980694], [-83.3316910003376, 41.399025999980694], [-83.33178500004894, 41.399025999980694], [-83.33303500037691, 41.399025999980694], [-83.33383299989492, 41.399023000016754], [-83.33670199972347, 41.399012000147714], [-83.33799700025726, 41.399016000100296], [-83.33873200002611, 41.399019000064605], [-83.33872700000325, 41.3989239997806], [-83.33882800028556, 41.39239400021576], [-83.33885900024772, 41.390985999768986], [-83.33891100012626, 41.38904299975956], [-83.33893799989043, 41.388026000159385], [-83.3389999998147, 41.38524899968115]], [[-83.33276599986507, 41.38555500014994], [-83.33274400012375, 41.38606600016516], [-83.3325640001987, 41.38606600016516], [-83.3325719996963, 41.38555599967115], [-83.33276599986507, 41.38555500014994]]]}, "properties": {"AREALAND": "6010514", "AREAWATER": "1237340", "BASENAME": "Gibsonburg", "CBSAPCI": "N", "CENTLAT": "+41.3875189", "CENTLON": "-083.3216481", "FUNCSTAT": "A", "GEOID": "3930072", "INTPTLAT": "+41.3871914", "INTPTLON": "-083.3221646", "LSADC": "47", "MTFCC": "G4110", "NAME": "Gibsonburg village", "NECTAPCI": "N", "OBJECTID": 19348, "OID": "27890367283347", "PLACE": "30072", "PLACECC": "C1", "PLACENS": "02398959", "STATE": "39", "DISP_CLR": 2}}, {"type": "Feature", "id": 19514, "geometry": {"type": "MultiPolygon", "coordinates": [[[[-83.69131300017537, 41.17216000001753], [-83.69128300003815, 41.16894799998723], [-83.69104799986151, 41.169012000050834], [-83.69032200031351, 41.1692160001322], [-83.69004100010612, 41.16929700017733], [-83.69003000023547, 41.16967400006295], [-83.68943299966057, 41.16965199995346], [-83.68943299966057, 41.16947500003314], [-83.68927799984986, 41.169525999921646], [-83.6890619999398, 41.169614999937075], [-83.68863000011966, 41.169829000071886], [-83.6873360003091, 41.17050000030435], [-83.68695899984223, 41.17070399980993], [-83.68620200033209, 41.17108400003275], [-83.68564800031322, 41.17135000002686], [-83.6848869997068, 41.171704000077696], [-83.68413400039461, 41.17206999998719], [-83.68377399964619, 41.17223100026976], [-83.68356199993408, 41.172315000230725], [-83.68334100000115, 41.17238600031499], [-83.68311400022041, 41.17244499997408], [-83.6800649995685, 41.173076000145294], [-83.67996300035958, 41.173094000155324], [-83.67983199994, 41.173116999860405], [-83.679535999664, 41.17315199977833], [-83.6792970001877, 41.173163999997044], [-83.67899000004104, 41.17317199991622], [-83.67849899977136, 41.173175000139196], [-83.67837599974771, 41.17318400013123], [-83.67831499964836, 41.17319899988979], [-83.67808000037003, 41.173166000145976], [-83.67738499988585, 41.173067000138424], [-83.67711200007436, 41.17306399991046], [-83.67684500011067, 41.17307700022111], [-83.67589199988363, 41.17310100000762], [-83.67541599968257, 41.17312599986041], [-83.67523999995548, 41.173140000233616], [-83.67454700001944, 41.17319300012202], [-83.67454799984435, 41.17039900009195], [-83.67454799984435, 41.167960000075894], [-83.67079500028404, 41.167916000050916], [-83.66893300021088, 41.167894000027324], [-83.6637739997887, 41.16783400017142], [-83.66375100022248, 41.17319799981584], [-83.662709000307, 41.1731280000105], [-83.6593309997671, 41.17290100016569], [-83.65900199987914, 41.17287899978746], [-83.65859500017335, 41.172851999681946], [-83.65788100032091, 41.172817999683524], [-83.65818300044471, 41.16776799999593], [-83.65357600039157, 41.16771499977616], [-83.65352399961472, 41.17026599998986], [-83.65351399956897, 41.170733999783124], [-83.65003100034541, 41.17066000027528], [-83.65003499964506, 41.17067399982304], [-83.65010400014036, 41.17079999967569], [-83.65056299972467, 41.17163799974335], [-83.65064899993838, 41.17180300011637], [-83.6507279995811, 41.171970000259236], [-83.65088099974197, 41.172362999677055], [-83.65092299957477, 41.17266500014844], [-83.65067599970257, 41.172660999819904], [-83.65032300042347, 41.172655000002855], [-83.65014400032332, 41.17265199975603], [-83.64944499964119, 41.17264499985575], [-83.64916799963174, 41.17264000011973], [-83.64917600002767, 41.17403200006935], [-83.64919799976896, 41.17497699972771], [-83.64927300011205, 41.176932999867105], [-83.64932900018853, 41.1783519997488], [-83.64933400021141, 41.17851100015741], [-83.64960500037307, 41.17853699996637], [-83.65195699999266, 41.17876299989953], [-83.65542199967287, 41.179114999815894], [-83.65931800024661, 41.179501999774594], [-83.65931900007153, 41.17961799979194], [-83.65929899998005, 41.182612999912564], [-83.65851599963233, 41.18259000016126], [-83.65670999963567, 41.182545999820846], [-83.65547500027463, 41.18251100018969], [-83.65546100003093, 41.18282500032632], [-83.65545799965788, 41.1829029999933], [-83.65515200023447, 41.18290699969632], [-83.65510700002861, 41.182908000298134], [-83.6551060002037, 41.18307699969573], [-83.65510500037878, 41.18442900013404], [-83.65510399965557, 41.18531499969373], [-83.65120799998012, 41.18531899992554], [-83.65120799998012, 41.18534100018192], [-83.65121200017809, 41.18571400014664], [-83.65123599956921, 41.1870199997856], [-83.6512349997443, 41.18729099993671], [-83.65123100044467, 41.18736000029748], [-83.65122200022383, 41.18751700008315], [-83.65119799993438, 41.1876520000198], [-83.65115899957632, 41.18778499997569], [-83.65110099984999, 41.18791400026443], [-83.65102800005506, 41.1880379997102], [-83.65082499966549, 41.18831500011544], [-83.65044100042424, 41.18882300026599], [-83.65030699963162, 41.18902399999716], [-83.65023899985955, 41.189147000214454], [-83.65018600015613, 41.18927500001932], [-83.65014900034619, 41.189404999903026], [-83.65012800042979, 41.18953799967809], [-83.65012000003387, 41.189631000188825], [-83.65070199964184, 41.189636999802886], [-83.65473499958462, 41.189720999750435], [-83.6574369999069, 41.18977799970174], [-83.65962500039329, 41.189829000007464], [-83.66018500025994, 41.18984199969465], [-83.66014599990187, 41.18873300014603], [-83.66367599987942, 41.18881200004765], [-83.66366900020672, 41.18991599984089], [-83.6645899997484, 41.18993499977356], [-83.6679280001053, 41.19001699970444], [-83.66861900039153, 41.190026999903374], [-83.67269800036509, 41.190085999896496], [-83.67316199997227, 41.19008900002078], [-83.67380800005263, 41.190093999776884], [-83.67418799999425, 41.1900969999008], [-83.67617499974087, 41.190121000211064], [-83.67701400016507, 41.190125000149266], [-83.67740800035037, 41.19012800027171], [-83.67851600038813, 41.190147000142915], [-83.67888399973582, 41.19014300020606], [-83.67996599983431, 41.19016200007286], [-83.6811979997206, 41.19018799998843], [-83.68197500022055, 41.19019999978997], [-83.6823040001085, 41.19019899997559], [-83.68339299987967, 41.19022400006247], [-83.68351199970537, 41.19021600019792], [-83.68488500005697, 41.190238000160996], [-83.68737499976883, 41.190288000295425], [-83.68827799976717, 41.19030300019306], [-83.68827299974429, 41.18980900022369], [-83.68826799972143, 41.189215000141935], [-83.6882450001552, 41.187705000334496], [-83.68823599993438, 41.186874000030066], [-83.68818599970565, 41.18417300025708], [-83.68818200040602, 41.18366599977611], [-83.68871999963304, 41.18366399994778], [-83.68871999963304, 41.183281999843814], [-83.68817900003296, 41.18328500027986], [-83.68817700038313, 41.18300800023041], [-83.68816899998723, 41.182443999993666], [-83.68816399996435, 41.18211600025459], [-83.68815999976638, 41.181877999749396], [-83.68812899980425, 41.18117300005182], [-83.68810799988785, 41.17970900024466], [-83.68855399995168, 41.179701999746214], [-83.68855399995168, 41.17940099991851], [-83.68810399968989, 41.17939700000132], [-83.68810200004008, 41.179043000278895], [-83.68803500009292, 41.17584700018619], [-83.68799999993281, 41.17368300008365], [-83.68799300026014, 41.17323499983731], [-83.68797900001643, 41.172650000267595], [-83.68795899992493, 41.17233600003508], [-83.68791999956689, 41.172133000291886], [-83.68815499974352, 41.17212899993087], [-83.68887000031918, 41.17213200020166], [-83.68930299996421, 41.17213699997645], [-83.69131300017537, 41.17216000001753]], [[-83.66376000044332, 41.177192999699436], [-83.66375899972009, 41.1775670001031], [-83.66311500018786, 41.17756500008855], [-83.65888200022853, 41.177541999916755], [-83.65893900012995, 41.175297999766144], [-83.66375700007028, 41.17537200012063], [-83.66375899972009, 41.175715999720595], [-83.66375899972009, 41.176189999968045], [-83.66311500018786, 41.176189999968045], [-83.66311500018786, 41.17718800031052], [-83.66376000044332, 41.177192999699436]], [[-83.66371100003951, 41.18301199992706], [-83.66370400036683, 41.18317700004603], [-83.66370400036683, 41.183290999799304], [-83.66370299964359, 41.18400999976117], [-83.66130199962018, 41.18398099969265], [-83.66188599977629, 41.18365699987215], [-83.66231099992372, 41.18317700004603], [-83.66285999991973, 41.18276100023544], [-83.66371100003951, 41.18301199992706]], [[-83.66073799955558, 41.182680999864886], [-83.66073799955558, 41.183028000063324], [-83.66000500033489, 41.18302299976761], [-83.66000799980962, 41.18266800010815], [-83.66073799955558, 41.182680999864886]]], [[[-83.64946399990775, 41.19019199992253], [-83.64945800005998, 41.189636999802886], [-83.64945700023506, 41.18955999986899], [-83.6494530000371, 41.189239999928525], [-83.64944600036439, 41.18862699978596], [-83.64936400034863, 41.1882819998748], [-83.64934300043224, 41.18769399992832], [-83.64931300029502, 41.186813999980565], [-83.64930800027214, 41.186690000244916], [-83.64930300024926, 41.18653899972634], [-83.64928999983049, 41.18631199971083], [-83.64926899991409, 41.18617699971557], [-83.64924100032499, 41.18608899976912], [-83.64919899959388, 41.186004999894315], [-83.64914199969247, 41.185925000106536], [-83.64906899989754, 41.18585200006277], [-83.64895599991964, 41.185767999883936], [-83.64885800001035, 41.18571300026376], [-83.64875099988024, 41.185670999760625], [-83.64863799990232, 41.18563900009964], [-83.64846100035031, 41.18561199984536], [-83.64833999997647, 41.18560499997796], [-83.64797599992842, 41.18560699974701], [-83.64777400026205, 41.18558999968003], [-83.64777699973679, 41.186013000273384], [-83.64779799965319, 41.186463000076834], [-83.64782600014058, 41.18673299996176], [-83.64783799983616, 41.18679700022696], [-83.647883000042, 41.18704600027282], [-83.64801500028646, 41.18768300019634], [-83.64804899972334, 41.1878470001881], [-83.64810099960188, 41.18815900006063], [-83.64812900008928, 41.18842799987095], [-83.64814199960978, 41.188787999933574], [-83.64814099978486, 41.18890399972742], [-83.6474679999403, 41.188894999867294], [-83.64530499956827, 41.188866999768884], [-83.64530499956827, 41.18947899986711], [-83.64530499956827, 41.18969300000522], [-83.64528100017714, 41.19185500019046], [-83.64525900043583, 41.19295800027383], [-83.64525100003992, 41.193863000161244], [-83.6452290002986, 41.19536700013033], [-83.64522099990268, 41.19545499977397], [-83.64522099990268, 41.19552599978424], [-83.64519199959037, 41.19569600014336], [-83.64514800010775, 41.1957899997468], [-83.64514399990979, 41.1961629996687], [-83.64667100024718, 41.196213000009536], [-83.64822399962553, 41.19562899991935], [-83.64813900013503, 41.19474399974617], [-83.6482000002344, 41.19433200009878], [-83.64817400029514, 41.19219000033481], [-83.64817099992209, 41.191862000065704], [-83.6477779995617, 41.19154199988472], [-83.64765700008618, 41.191245000267024], [-83.64750599957515, 41.1900559999983], [-83.64749600042772, 41.18950699970385], [-83.64814099978486, 41.18950900002975], [-83.64814099978486, 41.1901720002496], [-83.64927099956391, 41.19018599968327], [-83.64946399990775, 41.19019199992253]]]]}, "properties": {"AREALAND": "6580197", "AREAWATER": "71738", "BASENAME": "North Baltimore", "CBSAPCI": "N", "CENTLAT": "+41.1802555", "CENTLON": "-083.6693930", "FUNCSTAT": "A", "GEOID": "3956154", "INTPTLAT": "+41.1801795", "INTPTLON": "-083.6711075", "LSADC": "47", "MTFCC": "G4110", "NAME": "North Baltimore village", "NECTAPCI": "N", "OBJECTID": 19514, "OID": "27890336755786", "PLACE": "56154", "PLACECC": "C1", "PLACENS": "02399509", "STATE": "39", "DISP_CLR": 4}}, {"type": "Feature", "id": 21703, "geometry": {"type": "Polygon", "coordinates": [[[-82.74201499991553, 41.49363999999232], [-82.74207600001489, 41.49327399972882], [-82.74192399967892, 41.492999999799444], [-82.741710000317, 41.49274799966643], [-82.74158800011828, 41.492405000040854], [-82.7414359997823, 41.49217599998793], [-82.74119200028314, 41.49146700031799], [-82.74107000008439, 41.490919000163046], [-82.74094799988568, 41.4906439997702], [-82.74079499972478, 41.48979799966675], [-82.74067300042438, 41.489568999818744], [-82.74030799965308, 41.489317999740116], [-82.73997299991731, 41.48927200031462], [-82.73897000035987, 41.48922700012825], [-82.73854400038753, 41.48929600031153], [-82.73674900026153, 41.48968400014918], [-82.73556199968277, 41.490119999746916], [-82.73416400011511, 41.490829000028434], [-82.73361599994402, 41.49119599989001], [-82.7332209999338, 41.49135600010843], [-82.73255200028721, 41.49144800000466], [-82.73230899971465, 41.49158499969569], [-82.73221699965315, 41.49179099998732], [-82.7319739999789, 41.49199700029672], [-82.7317000003425, 41.49208800005496], [-82.73142699963272, 41.492362999700944], [-82.73078800012335, 41.49284399983271], [-82.7306369996123, 41.493484000221116], [-82.73054600027402, 41.49444499991392], [-82.73039399993807, 41.49492500020464], [-82.73030299970145, 41.49497100032607], [-82.73030299970145, 41.495107999967665], [-82.73024300032532, 41.49519999991792], [-82.73021200036318, 41.495429000045874], [-82.73012100012659, 41.49549699983098], [-82.73012100012659, 41.495679999996455], [-82.72996899979061, 41.49609200012016], [-82.72975700007852, 41.49689299986776], [-82.72972699994129, 41.49716700015017], [-82.72951400040427, 41.497853000306144], [-82.72945300030489, 41.49792200004814], [-82.72945400012982, 41.49803599987035], [-82.72930199979385, 41.49842500031454], [-82.72921099955725, 41.498813999767904], [-82.72908900025682, 41.49899699998078], [-82.72893699992086, 41.499455000162484], [-82.72884599968427, 41.499522999757595], [-82.72869400024662, 41.50004999974948], [-82.72835600013781, 41.50059500004716], [-82.72765700035399, 41.50121299978325], [-82.72711000000781, 41.50199099986381], [-82.72723100038164, 41.502356999982496], [-82.7277789996544, 41.502814000213725], [-82.7290880004319, 41.503179999717474], [-82.72964599975042, 41.503589999778235], [-82.73130299978418, 41.50711100027767], [-82.73137800012725, 41.50726900019498], [-82.73275899997647, 41.51020199999567], [-82.73010000021019, 41.510417999810755], [-82.72692900025784, 41.51060600028402], [-82.72610499990225, 41.51061899998172], [-82.72590200041097, 41.51062200017027], [-82.72200599983722, 41.51068500006236], [-82.72191499960061, 41.51015200009767], [-82.72193800006515, 41.51003800007824], [-82.72201800043109, 41.51000400009262], [-82.72487999968864, 41.50992399985806], [-82.72514099980455, 41.50992399985806], [-82.72522000034557, 41.50984499982377], [-82.72522000034557, 41.5097199999898], [-82.72520899957661, 41.50952700013272], [-82.72519799970595, 41.509412999685416], [-82.72507300003248, 41.50937900004422], [-82.72494800035902, 41.50937900004422], [-82.72478900035034, 41.50942499998979], [-82.72451599964056, 41.50954999972066], [-82.72221099987662, 41.50962900011493], [-82.72200599983722, 41.50959499991446], [-82.72145000016853, 41.509412999685416], [-82.72075700023248, 41.50902700025621], [-82.72033700010792, 41.50874299990375], [-82.71993899972466, 41.50835699984338], [-82.71943999995737, 41.50750499968553], [-82.71938300005596, 41.50719899998113], [-82.71939399992662, 41.50659699972697], [-82.71973200003542, 41.50543800031008], [-82.71992799985401, 41.50421200005962], [-82.7200190000906, 41.50348499985403], [-82.72008699986266, 41.50314400003446], [-82.72051799985789, 41.502247000013526], [-82.72064300042966, 41.502043000175846], [-82.72067699986653, 41.50181500030907], [-82.72060900009448, 41.50161099978326], [-82.72047299965203, 41.5014970001989], [-82.72015499963472, 41.50133799989463], [-82.71993899972466, 41.5011789998727], [-82.71967799960873, 41.5009069999456], [-82.71951899960008, 41.50062300030643], [-82.71945099982803, 41.50020299985541], [-82.71930299969002, 41.499896000174935], [-82.71875399969402, 41.499404000251076], [-82.7172730002857, 41.49860399973578], [-82.71639899970137, 41.4978890002392], [-82.71528599964077, 41.496961999959666], [-82.71499500028592, 41.49640500001544], [-82.71464999960612, 41.49505500028801], [-82.71438500019057, 41.494259999889536], [-82.71438500019057, 41.493385999896674], [-82.71451800025996, 41.492538000152464], [-82.7151269996321, 41.48957099969752], [-82.71523299993731, 41.48880299999264], [-82.71523299993731, 41.48800800025008], [-82.71499500028592, 41.48716100006698], [-82.71470300020789, 41.48660399996069], [-82.71438500019057, 41.48623299969403], [-82.71417299958014, 41.48615399969304], [-82.71398799963221, 41.48647199976647], [-82.71393499992878, 41.48665699982538], [-82.71374999998085, 41.48689599967968], [-82.71348499966697, 41.48692199984437], [-82.71322000025143, 41.48692199984437], [-82.71290200023411, 41.48708099987382], [-82.712133999955, 41.4877429999625], [-82.7119220002429, 41.48832599997191], [-82.71194800018216, 41.48896200011634], [-82.7122129995977, 41.4903389997187], [-82.71250499967576, 41.491240000140905], [-82.71263699992024, 41.492458999764914], [-82.71319299958893, 41.49420700018888], [-82.71398799963221, 41.49680299995919], [-82.71451800025996, 41.49783600014387], [-82.71472999997206, 41.49855100022557], [-82.71475599991133, 41.49915999981587], [-82.71486200021656, 41.50035199983538], [-82.71480899961479, 41.50072299998034], [-82.71449099959747, 41.50093500007002], [-82.71393499992878, 41.501279999792196], [-82.71364399967564, 41.50141200008904], [-82.71390399996663, 41.501697000056936], [-82.71469499981197, 41.50291000026164], [-82.71594400031502, 41.50487600007423], [-82.71731400029357, 41.50656900003261], [-82.71843999987466, 41.50821499969871], [-82.71981099967813, 41.51029599994151], [-82.71998499975541, 41.5107350002214], [-82.71523899978509, 41.51079299992691], [-82.71489700037665, 41.51312899996316], [-82.71488599960767, 41.51468700016575], [-82.71498699989002, 41.51491700021473], [-82.71575299962099, 41.51665099981919], [-82.71610999999636, 41.51723999969362], [-82.71562899977243, 41.51824799988161], [-82.71495500010296, 41.51938600017842], [-82.7143669997489, 41.52005799971925], [-82.71371499982075, 41.520602000289955], [-82.7131060004486, 41.52080799975252], [-82.7121330001301, 41.52107000023729], [-82.71148000037702, 41.52146000029832], [-82.71070000040234, 41.522134000043394], [-82.7099510003898, 41.52296199972238], [-82.70933100024868, 41.52384199985718], [-82.70872100015333, 41.52490200022468], [-82.70807900027091, 41.52614300009554], [-82.70770500017709, 41.527226999818964], [-82.70733100008327, 41.528076999944965], [-82.70719499964083, 41.52843499977314], [-82.70716299985378, 41.528741999971565], [-82.707409999726, 41.52916900022176], [-82.70760399989474, 41.52982299989099], [-82.7077550004058, 41.53109799987516], [-82.70792799975985, 41.53174299989998], [-82.70870100006182, 41.53366300008217], [-82.70881999988754, 41.534107000185585], [-82.70885199967456, 41.53441299977321], [-82.70856299996957, 41.535196999727475], [-82.7081560002638, 41.535884000278244], [-82.70799600043023, 41.53652199977117], [-82.70800700030088, 41.53687700029044], [-82.70817899983001, 41.53727199993224], [-82.70853399965726, 41.5377560002406], [-82.70894100026135, 41.53808600011625], [-82.70925300043088, 41.53823899975629], [-82.71009000030696, 41.53866499999807], [-82.71099199958206, 41.53916399967549], [-82.71194700035724, 41.54003400030857], [-82.71253800018604, 41.54096900030235], [-82.71273200035479, 41.541493000315505], [-82.71289300001328, 41.54192100024509], [-82.7132689997569, 41.54233200012367], [-82.71438500019057, 41.54322600000138], [-82.71562999959734, 41.543748000328875], [-82.71704700032988, 41.544173000146984], [-82.71832299969878, 41.54424300003891], [-82.71883800025793, 41.54421799979804], [-82.71997499970966, 41.54392499993919], [-82.72141199963538, 41.543695999903036], [-82.72191600032386, 41.54370299967836], [-82.72248500041133, 41.54391999973274], [-82.72316099973062, 41.54426500029667], [-82.72382600007757, 41.54444999996755], [-82.72470599961136, 41.54439899987125], [-82.72553199961679, 41.544349000172836], [-82.72606899991723, 41.544389000203594], [-82.72699100018214, 41.54455599976209], [-82.72758200001091, 41.54471700032917], [-82.7279889997167, 41.544773000315516], [-82.72835399958969, 41.54475599970048], [-82.72878299993508, 41.54462599991173], [-82.72926499998393, 41.544343000233305], [-82.72981200033009, 41.54450300022268], [-82.73003800028592, 41.54461499984525], [-82.73031699994517, 41.544888999844815], [-82.73078899994827, 41.545154999985016], [-82.73134700016512, 41.54527499985188], [-82.7320169996366, 41.5453380002979], [-82.73234499969966, 41.54536899995056], [-82.73376099970898, 41.545374000045], [-82.73421199979569, 41.54548600017577], [-82.73519900035792, 41.545903999791186], [-82.73659399955253, 41.546385000164015], [-82.73811800041517, 41.54669699987346], [-82.7392120002092, 41.54684000002151], [-82.7410480003431, 41.54712600004109], [-82.74181999992186, 41.547350999809034], [-82.74169299970025, 41.54562900031293], [-82.7416829996545, 41.544879000252934], [-82.74163900017189, 41.54389100027574], [-82.74161700043058, 41.54330500030094], [-82.74160300018687, 41.54287400008074], [-82.74158899994318, 41.54251900020661], [-82.74157499969948, 41.54215200011556], [-82.7415489997602, 41.54148600030095], [-82.74153600023972, 41.539444000306325], [-82.74149400040693, 41.537644000169], [-82.74150000025472, 41.536752000216225], [-82.74156800002677, 41.53489899978199], [-82.74161700043058, 41.53231599969475], [-82.74164500001966, 41.530878999886795], [-82.74169699989822, 41.528146999774115], [-82.73884899998605, 41.52815599991962], [-82.73884399996318, 41.52730600015894], [-82.7379789995997, 41.52733000018355], [-82.7377679997125, 41.52308299983688], [-82.73770900016126, 41.52202899992904], [-82.73752199966519, 41.518370999728646], [-82.7374449996723, 41.51679900009774], [-82.73742100028119, 41.51631499971212], [-82.73740700003748, 41.51563300024121], [-82.73737000022754, 41.51462599991035], [-82.73736400037977, 41.51450999991665], [-82.73736299965654, 41.51446299999339], [-82.73733800044049, 41.51397000020181], [-82.73725200022677, 41.51223199970095], [-82.7372260002875, 41.511681999801745], [-82.73673699966766, 41.51169600022654], [-82.73657299963612, 41.51170600023977], [-82.73645499963536, 41.51171399971111], [-82.73622700002971, 41.511718000119096], [-82.7361759999761, 41.511733000133326], [-82.73613699961804, 41.51174500000764], [-82.73611599970164, 41.51174399973788], [-82.73608999976237, 41.51093499979855], [-82.7359650000889, 41.510932999906714], [-82.73586999965434, 41.51093100001487], [-82.73586800000452, 41.510908999854806], [-82.73497400022701, 41.510929000122914], [-82.73496199963314, 41.510951999885464], [-82.73468600034693, 41.51144100003931], [-82.734493999828, 41.51178300015555], [-82.73445600019316, 41.5117980001547], [-82.7344029995914, 41.51180100028862], [-82.73434400004017, 41.51178699988658], [-82.73427000042034, 41.511781999886416], [-82.73420299957486, 41.51179199988636], [-82.7341139998864, 41.51179399975166], [-82.7340729998785, 41.51179399975166], [-82.73403000022081, 41.51179100029006], [-82.73398099981699, 41.511773999750794], [-82.73394300018217, 41.51178399975198], [-82.73391800006782, 41.51179100029006], [-82.73390100034938, 41.51179399975166], [-82.73387700005993, 41.511798999750894], [-82.73383699987696, 41.51180500001854], [-82.73379199967111, 41.51180199988482], [-82.7337470003636, 41.51180399974975], [-82.73372899992192, 41.51179399975166], [-82.73363799968534, 41.511775000020045], [-82.73358599980679, 41.51176500001742], [-82.7335430001491, 41.51163999985468], [-82.73350600033918, 41.51155500027881], [-82.73346899963093, 41.511476999817994], [-82.73316200038259, 41.510837000318375], [-82.73285500023592, 41.510166999802045], [-82.7329449997493, 41.510166999802045], [-82.7328960002438, 41.51008100001474], [-82.73216899997257, 41.50838999969971], [-82.73191399970445, 41.50763399974755], [-82.73183500006172, 41.507388000048486], [-82.73174200017532, 41.50718299992163], [-82.73158900001442, 41.506848000122204], [-82.73136300005862, 41.5064839998532], [-82.73106900033075, 41.505983000335384], [-82.73013500037028, 41.50389999993846], [-82.73002700041526, 41.50365400018028], [-82.73006599987501, 41.503447999942736], [-82.73013500037028, 41.50329000011983], [-82.730214000013, 41.50326099994015], [-82.73098399994196, 41.503062999665424], [-82.73204299957588, 41.502870999880926], [-82.732670000288, 41.502592999884875], [-82.73337800029265, 41.5021999999331], [-82.7345859998895, 41.50116799981868], [-82.73564799989649, 41.50029299974884], [-82.73629599962669, 41.49980199993133], [-82.7365140000849, 41.49970599998551], [-82.73812599991278, 41.499496999940625], [-82.73900799999471, 41.49908400015432], [-82.73979899984005, 41.49846600028579], [-82.74104499997004, 41.497094000311], [-82.74147000011749, 41.49608800009237], [-82.741590999593, 41.495492999766455], [-82.74162099973023, 41.49510399987906], [-82.74171199996681, 41.494874999947804], [-82.74174200010405, 41.494485999713234], [-82.74186400030278, 41.49402899992472], [-82.74201499991553, 41.49363999999232]]]}, "properties": {"AREALAND": "8210346", "AREAWATER": "2557164", "BASENAME": "Marblehead", "CBSAPCI": "N", "CENTLAT": "+41.5236967", "CENTLON": "-082.7260450", "FUNCSTAT": "A", "GEOID": "3947502", "INTPTLAT": "+41.5348785", "INTPTLON": "-082.7240365", "LSADC": "47", "MTFCC": "G4110", "NAME": "Marblehead village", "NECTAPCI": "N", "OBJECTID": 21703, "OID": "27890130431473", "PLACE": "47502", "PLACECC": "C1", "PLACENS": "02399252", "STATE": "39", "DISP_CLR": 3}}, {"type": "Feature", "id": 22053, "geometry": {"type": "Polygon", "coordinates": [[[-83.90905999962055, 41.58322500014408], [-83.90906399981851, 41.58159999967169], [-83.90902299981065, 41.579745999975394], [-83.9087469996261, 41.579610999869175], [-83.90863899967108, 41.579591000003646], [-83.90851700037067, 41.57946900021943], [-83.9082670001254, 41.57927000007139], [-83.90835099979098, 41.57945600024539], [-83.90850200030204, 41.57979099972409], [-83.90805200004024, 41.57985400012596], [-83.90760000012862, 41.57993399989705], [-83.90729899982973, 41.57997499996815], [-83.9072670000427, 41.57998000007335], [-83.90726500039287, 41.57995400032834], [-83.90699300040632, 41.57999000028265], [-83.90681599995598, 41.58000300014919], [-83.906563000236, 41.579328000154234], [-83.9067260004426, 41.579316000048664], [-83.90679800041264, 41.57930800020106], [-83.90680099988738, 41.57922800032648], [-83.90680799956006, 41.57859800020288], [-83.90680799956006, 41.57849500018796], [-83.90682600000173, 41.577097999812366], [-83.90577400004048, 41.577108999727], [-83.90575599959882, 41.57819900005941], [-83.9057399997053, 41.57831400016835], [-83.90572899983465, 41.57846500020497], [-83.90561400020691, 41.57845000020821], [-83.90546199987097, 41.57842700025121], [-83.90535200026609, 41.57840299970306], [-83.90509600017306, 41.578356999747456], [-83.90490399965414, 41.57827600012578], [-83.90473899979767, 41.57820299971605], [-83.9046359998655, 41.57815000021373], [-83.90453200010845, 41.57809699999597], [-83.90432100022126, 41.577999000112605], [-83.90389299970077, 41.577836999869724], [-83.90345599985777, 41.57768700030292], [-83.90327299955966, 41.57761299997612], [-83.90316700015276, 41.57757999981217], [-83.90297999965671, 41.57752200017543], [-83.9028809999225, 41.5775040001849], [-83.9027970002569, 41.57749700003791], [-83.90279800008182, 41.57900700025865], [-83.90249000011023, 41.57900999996362], [-83.9019310000685, 41.579016000045144], [-83.90193299971833, 41.578765999985556], [-83.9019379997412, 41.5785040000458], [-83.90194000028934, 41.57840099988097], [-83.9011839997058, 41.57840099988097], [-83.9011839997058, 41.57880000012039], [-83.89936000016579, 41.578781999814055], [-83.89936000016579, 41.5782419997151], [-83.89851099969583, 41.57821500002838], [-83.89840000026605, 41.57608800021774], [-83.89834900021243, 41.57411500031564], [-83.89714900011319, 41.574122000157196], [-83.89703199993733, 41.574122000157196], [-83.89701299967074, 41.57208300013364], [-83.89699599995231, 41.57072399999011], [-83.8969890002796, 41.570126000169516], [-83.89698599990656, 41.56982399973208], [-83.89695099974647, 41.56697099983318], [-83.89704399963287, 41.56332000013924], [-83.89640599994841, 41.56331799985018], [-83.89240999981557, 41.56328400030363], [-83.89059999962095, 41.56327300005117], [-83.89059700014622, 41.56381899975257], [-83.8887729997079, 41.56383399978631], [-83.88858799975996, 41.56383200018529], [-83.8873729995921, 41.56499600015431], [-83.88737400031535, 41.56504800025027], [-83.88737400031535, 41.56509200004026], [-83.88737400031535, 41.56550999991163], [-83.88736599991942, 41.566052999895014], [-83.88734900020098, 41.566539000024264], [-83.8873440001781, 41.566713000136005], [-83.88733999998014, 41.567037000231075], [-83.88878000027891, 41.567025999945436], [-83.88905100044057, 41.567023999771074], [-83.88904999971733, 41.56802199976652], [-83.88919600020553, 41.568020999694824], [-83.88920100022838, 41.56872299987724], [-83.88848800020085, 41.5685850000646], [-83.88842700010149, 41.56934200032418], [-83.88733199958423, 41.56934000022153], [-83.88733400013237, 41.570435000108276], [-83.88733699960711, 41.57095999989739], [-83.88666899978541, 41.57097699966947], [-83.8861039998959, 41.57102300017679], [-83.8860770001317, 41.570455000120816], [-83.88579000007654, 41.57046899992428], [-83.88560599995353, 41.57047600016088], [-83.88564299976343, 41.571024000202065], [-83.88409100021, 41.571077000175315], [-83.88407199994343, 41.57054699982987], [-83.88389899969106, 41.5705570001556], [-83.8837039996974, 41.57056399971064], [-83.88345600000028, 41.57057900019472], [-83.88325799963357, 41.5706900003083], [-83.88259400000983, 41.57105999975748], [-83.88259900003271, 41.57014899972215], [-83.88260200040575, 41.56975500003043], [-83.88260800025354, 41.56878799976961], [-83.88261499992623, 41.56777799994827], [-83.8826190001242, 41.56718700033476], [-83.88126599986407, 41.56719599975185], [-83.87989300041077, 41.567204999839866], [-83.87954500025624, 41.56720700000861], [-83.87948099978382, 41.56726699966512], [-83.87941100036193, 41.5673310002679], [-83.8791770000102, 41.56754899972403], [-83.87889900017585, 41.56780700011542], [-83.87822999963093, 41.56783500019488], [-83.8764660003654, 41.56790700015157], [-83.8752329997559, 41.56795699977556], [-83.87440900029858, 41.56799100022362], [-83.87343500015515, 41.56803099973946], [-83.87335499978921, 41.56803399995421], [-83.87329399968984, 41.5680370001688], [-83.8732219997198, 41.568039000311735], [-83.87326500027584, 41.571895000208094], [-83.87329500041305, 41.57456999986167], [-83.87329299986492, 41.57494099990048], [-83.87328799984206, 41.57566000003492], [-83.87328899966695, 41.576401000301935], [-83.87328600019224, 41.576980999688104], [-83.87316700036654, 41.57698300022618], [-83.87229299978222, 41.57699300022754], [-83.87229299978222, 41.57752200017543], [-83.87251200006534, 41.57752000032605], [-83.87328299981918, 41.57751200025598], [-83.87328299981918, 41.57758300025538], [-83.87328299981918, 41.57763899999165], [-83.87261900019546, 41.57763899999165], [-83.87260699960157, 41.57810400007793], [-83.87260499995175, 41.57820299971605], [-83.86883599959963, 41.578237000147276], [-83.86866999991827, 41.578238000060864], [-83.86861300001685, 41.57838599986938], [-83.86841700019826, 41.57860099992679], [-83.86810599985365, 41.578940000091784], [-83.8675390003143, 41.57945399978392], [-83.86658199988929, 41.58032100015396], [-83.86580500028766, 41.58081900028607], [-83.86580799976241, 41.58101599995157], [-83.86581299978526, 41.58130199993135], [-83.8658220000061, 41.58182899980946], [-83.8658350004249, 41.58225700009924], [-83.86575900025692, 41.582262000027754], [-83.86501699991707, 41.582315000187094], [-83.8644849996395, 41.58235299986891], [-83.86448399981461, 41.582472999884274], [-83.86448399981461, 41.58314899976866], [-83.86361599997639, 41.58322000029014], [-83.86361500015147, 41.58342900003762], [-83.86193300000336, 41.583590999691566], [-83.86202300041506, 41.58415099988551], [-83.86361199977843, 41.584143999787074], [-83.86360900030367, 41.584872999723274], [-83.86359900025793, 41.58732700024136], [-83.86481100005275, 41.58732899978703], [-83.86535300037605, 41.58732700024136], [-83.86571400005107, 41.58732599979664], [-83.86752000004773, 41.58731900004243], [-83.86841200017541, 41.587315000278494], [-83.86840700015253, 41.58813100006391], [-83.86883399994979, 41.5882540000387], [-83.86943099962636, 41.58911799992674], [-83.87331399978132, 41.58911400027426], [-83.8733120001315, 41.58903099987129], [-83.87330000043593, 41.58729599988479], [-83.87328700001714, 41.585366000002224], [-83.87328000034445, 41.582767000222525], [-83.8734319997821, 41.582824000009786], [-83.87360599985936, 41.58284299970368], [-83.87400199969449, 41.582912000207266], [-83.87407600021265, 41.58291300004847], [-83.87417699959668, 41.58290800017037], [-83.87425100011484, 41.58289699989956], [-83.87437900016135, 41.582862999905956], [-83.8744810002686, 41.582867999787545], [-83.8745730003301, 41.58287900006329], [-83.87463799972912, 41.58289699989956], [-83.87480799960844, 41.58295599992511], [-83.87482199985214, 41.58297100021911], [-83.87485000033955, 41.58298199980533], [-83.87488600032457, 41.58298000012507], [-83.87498099986081, 41.58295800027805], [-83.87501000017312, 41.58294399982176], [-83.87504000031035, 41.58292000028036], [-83.87533599968805, 41.58293099987531], [-83.87539799961232, 41.5829470000158], [-83.87550499974243, 41.58296399999276], [-83.87550300009262, 41.58323499985087], [-83.87548100035131, 41.58604100004258], [-83.87545600023695, 41.589099999809015], [-83.87563699998692, 41.589099000063655], [-83.87571599962963, 41.589099000063655], [-83.8768189996445, 41.58909300024713], [-83.876810000322, 41.58835100005566], [-83.87748200034163, 41.58834599992671], [-83.8774799997935, 41.5882540000387], [-83.87807599964516, 41.5882530002802], [-83.87807300017043, 41.58810200028697], [-83.87803399981237, 41.585438999705865], [-83.87810599978238, 41.58543799990377], [-83.8783600002256, 41.58544000017987], [-83.87871099985487, 41.58543300022118], [-83.87877500032731, 41.585431999747065], [-83.87998399974906, 41.585420000103916], [-83.87998399974906, 41.58550199997281], [-83.87998499957398, 41.58595399987214], [-83.87998200009923, 41.5861059999776], [-83.87998100027433, 41.58643700007872], [-83.87997899972619, 41.58699200021581], [-83.87999100032006, 41.587577999849444], [-83.88000800003852, 41.58844100029426], [-83.88001100041156, 41.58902899970649], [-83.88032699988074, 41.58890500011606], [-83.88061999978369, 41.58876999967352], [-83.88063800022536, 41.58875899972955], [-83.88062399998165, 41.58827300015047], [-83.88060999973796, 41.58758500024748], [-83.88060300006525, 41.58739399976912], [-83.88059999969221, 41.58724100023417], [-83.88055799985942, 41.587242000008345], [-83.88052299969931, 41.587242000008345], [-83.88051600002663, 41.58707300032717], [-83.8805140003768, 41.58698799975976], [-83.88056000040756, 41.586986000203524], [-83.88082300017328, 41.586983999975374], [-83.88084300026478, 41.586983999975374], [-83.8808449999146, 41.58707499988071], [-83.88084900011255, 41.58724400022856], [-83.88085699961016, 41.58758800022588], [-83.88086300035624, 41.58781999992357], [-83.88086800037912, 41.588023000318884], [-83.8808809998996, 41.58862599983094], [-83.88089099994535, 41.58906200006666], [-83.88246299959027, 41.58904800026206], [-83.88246400031349, 41.58926200001562], [-83.88246599996332, 41.58956099971097], [-83.88246799961314, 41.58983799984682], [-83.88246799961314, 41.58986200017617], [-83.88246799961314, 41.58987399966563], [-83.88246799961314, 41.58989700024855], [-83.88246900033637, 41.5899430000461], [-83.8814850001472, 41.590102000291466], [-83.87480299958557, 41.591183000231425], [-83.87480299958557, 41.5914769998771], [-83.87480699978353, 41.59338399981151], [-83.87480900033168, 41.595028000115825], [-83.87480699978353, 41.59571999988458], [-83.87480599995861, 41.596176000014545], [-83.87480599995861, 41.59632600029896], [-83.87518699972513, 41.596324999993655], [-83.87579199979761, 41.59632300005481], [-83.87579199979761, 41.596556000237065], [-83.87579199979761, 41.597377000207175], [-83.87579199979761, 41.597888000081944], [-83.8766560003362, 41.597884999910406], [-83.8782480000726, 41.59787900023875], [-83.87824600042279, 41.5973479998813], [-83.87824499969956, 41.597082999890524], [-83.8789309999629, 41.59707799976616], [-83.8811050002056, 41.59706300006254], [-83.88237899992468, 41.59705400010429], [-83.88249600010055, 41.59705099989404], [-83.88249500027563, 41.59722499976738], [-83.88249399955241, 41.597571000221976], [-83.88249199990258, 41.59818000020914], [-83.88249000025277, 41.59898000017603], [-83.8824869998797, 41.59980100021168], [-83.88292000042308, 41.59980199979133], [-83.88450399976357, 41.599793000215094], [-83.88568100029659, 41.599793999794876], [-83.88677599991553, 41.599796000297935], [-83.88753900017177, 41.599788000300684], [-83.88759600007319, 41.599788000300684], [-83.88877100005807, 41.59978500021752], [-83.88995299971566, 41.59978399996583], [-83.89128599988429, 41.599780000302495], [-83.89168900029041, 41.599779000050724], [-83.89278300008446, 41.59977799979898], [-83.89426000019314, 41.599769999799506], [-83.8957570003933, 41.59977299988342], [-83.89915199975331, 41.59977100005141], [-83.89981600027537, 41.5997660001353], [-83.90036400044646, 41.59976900021935], [-83.9008039997642, 41.59976199979908], [-83.90127800031543, 41.59976300005111], [-83.90176700003697, 41.5997610002188], [-83.90210900034373, 41.59975699988227], [-83.90240700026956, 41.59975800013438], [-83.90302400003763, 41.59975800013438], [-83.90361599969134, 41.59975699988227], [-83.9043520001834, 41.59975399979767], [-83.9050919999751, 41.59975300021726], [-83.90577400004048, 41.599748999880234], [-83.90661500011453, 41.599748000299755], [-83.90663699985585, 41.59601100010527], [-83.90666199997021, 41.58879099980571], [-83.90648200004516, 41.58879299997788], [-83.90629799992213, 41.58879500015004], [-83.90595399996553, 41.58879500015004], [-83.9056839996288, 41.58880000024417], [-83.90424599987817, 41.58881299968087], [-83.90406799960294, 41.5888140001026], [-83.9040719998009, 41.58862099972328], [-83.90408500021971, 41.587902999867765], [-83.90448100005482, 41.58790899979483], [-83.90449899959816, 41.58743400003568], [-83.90450299979612, 41.58641999967236], [-83.90673999978802, 41.58606199971862], [-83.90672700026752, 41.585965000294024], [-83.90643099999151, 41.586014000257094], [-83.90553200019116, 41.586157000087546], [-83.90480900011788, 41.58627699975249], [-83.90410299976305, 41.586398000325524], [-83.9026209996315, 41.58663799988041], [-83.90254799983657, 41.586649999969104], [-83.90179700017421, 41.58677300007785], [-83.90179999964893, 41.586497000014816], [-83.90180899986976, 41.5858580000809], [-83.9018189999155, 41.585400000021714], [-83.90181999974043, 41.585307999967156], [-83.90313600019061, 41.585307999967156], [-83.90313600019061, 41.58481099999822], [-83.90676400007744, 41.58480899970269], [-83.90677999997098, 41.58569600006749], [-83.90905100029804, 41.58531899982723], [-83.90905200012295, 41.58506500007636], [-83.90905499959769, 41.58424199975226], [-83.90905799997074, 41.583679000187644], [-83.90905999962055, 41.58322500014408]], [[-83.90247000001875, 41.58883099987857], [-83.90245999997302, 41.58949399974459], [-83.90245800032321, 41.58965700004304], [-83.90174399957245, 41.58965100027843], [-83.9017899996032, 41.58883500022042], [-83.90182200028856, 41.58883500022042], [-83.90247000001875, 41.58883099987857]], [[-83.8994029998235, 41.59770000003709], [-83.89949999990786, 41.59781499967576], [-83.8990809996082, 41.59813999988333], [-83.89862799987169, 41.59848600013493], [-83.89860000028258, 41.598454999762815], [-83.89849800017534, 41.59834999997381], [-83.89838099999949, 41.59822900030581], [-83.89825799997581, 41.5980950001589], [-83.89918000024073, 41.59743799966869], [-83.8994029998235, 41.59770000003709]], [[-83.8994100003945, 41.58050799986717], [-83.89935799961765, 41.58362999979643], [-83.89924499963975, 41.583550999731834], [-83.89764000038285, 41.58355799989456], [-83.8976429998576, 41.58350500008349], [-83.89764200003268, 41.58331599997203], [-83.89751399998616, 41.583314000302074], [-83.8968269998979, 41.58331100012508], [-83.89681799967708, 41.58387000023328], [-83.89670999972203, 41.58386899973495], [-83.89670100039953, 41.584055000101166], [-83.89630499966609, 41.584064999679406], [-83.89629999964322, 41.58389700024338], [-83.89630700021422, 41.583864999757346], [-83.89616800029707, 41.58386399993088], [-83.8961659997489, 41.583956000027165], [-83.8961570004264, 41.58445200004067], [-83.89603699987748, 41.58445100022329], [-83.89517300023721, 41.58444499997487], [-83.89517700043517, 41.583925000067794], [-83.89517499988705, 41.58384400003864], [-83.89506100008421, 41.583841999713144], [-83.8950250000992, 41.583839000232615], [-83.89495899997698, 41.58383299992733], [-83.89492700018992, 41.583828000120455], [-83.89489600022779, 41.583824000140254], [-83.89477599967887, 41.58379899975458], [-83.89461800039342, 41.58377099987559], [-83.89447399955507, 41.58374799979791], [-83.89430500039899, 41.58373599984179], [-83.89412999959849, 41.58373400018483], [-83.89390899966554, 41.58372799986979], [-83.89372399971762, 41.58372499971203], [-83.89361499993768, 41.58372600021259], [-83.89353499957173, 41.58373299968441], [-83.89345099990615, 41.583746000141325], [-83.89344599988328, 41.58368300017683], [-83.89303900017751, 41.58367799968636], [-83.89304699967511, 41.583470999738026], [-83.89216100029353, 41.58346500007048], [-83.89216100029353, 41.58312200011768], [-83.89308799968299, 41.583127999817144], [-83.89310399957652, 41.582142000292244], [-83.89393700015296, 41.58214599970462], [-83.89463699976169, 41.58214999978877], [-83.89464099995965, 41.58182499970548], [-83.89465000018049, 41.58108299998054], [-83.89466199987605, 41.580178000165965], [-83.89490700009844, 41.58015899968791], [-83.89493499968752, 41.58015699992019], [-83.89496599964966, 41.58015400026849], [-83.89510399974193, 41.58014300020056], [-83.89527299979632, 41.580133999899196], [-83.89555800020167, 41.58012100005898], [-83.89560300040753, 41.580119000290075], [-83.89563299964644, 41.58011699984919], [-83.89572700025609, 41.580110999869966], [-83.89603400040274, 41.580092000044175], [-83.89631600043505, 41.58007400009796], [-83.8964750004437, 41.580061000245706], [-83.8965039998577, 41.58005799991757], [-83.89649299998707, 41.580717000328875], [-83.89653300017004, 41.580717000328875], [-83.8970090003711, 41.580717000328875], [-83.89767399981973, 41.580712000280734], [-83.8994100003945, 41.58050799986717]], [[-83.89815099984571, 41.5964789997999], [-83.89862799987169, 41.596979999803224], [-83.89763500035998, 41.597442000148966], [-83.897587999606, 41.59739199983782], [-83.89711800015104, 41.59692099982921], [-83.89815099984571, 41.5964789997999]], [[-83.89762100011629, 41.58388200016449], [-83.89762000029138, 41.58410499999267], [-83.89761699991833, 41.58424099993163], [-83.89761600009341, 41.584466000169996], [-83.89687899977645, 41.58445800028844], [-83.89688999964709, 41.583871999886014], [-83.89732900003824, 41.58387800018769], [-83.89762100011629, 41.58388200016449]], [[-83.89204900014053, 41.57646499991981], [-83.89204599976749, 41.57720599968727], [-83.89203700044499, 41.578672999979865], [-83.89175600023756, 41.578652999823845], [-83.89167199967366, 41.578651000009486], [-83.89166699965081, 41.58040699997075], [-83.8914549999387, 41.580422000184896], [-83.89145699958851, 41.57864499989412], [-83.88923399984034, 41.57859399989871], [-83.88729599959922, 41.57859299999062], [-83.88729800014735, 41.57825699976013], [-83.88730499982005, 41.577913999695696], [-83.88730399999514, 41.57775399975374], [-83.88731800023885, 41.57684100017415], [-83.88733099975931, 41.57654299997737], [-83.88733499995729, 41.57633699994863], [-83.89204900014053, 41.57646499991981]], [[-83.89201999982824, 41.57329300020919], [-83.89201999982824, 41.574122000157196], [-83.88736099989654, 41.57409800002534], [-83.88734699965285, 41.57438900026666], [-83.88733699960711, 41.57464400031489], [-83.88733499995729, 41.57470800032968], [-83.88733699960711, 41.57500199973004], [-83.88257200026852, 41.5749920000924], [-83.8825699997204, 41.57457499971335], [-83.88258499978902, 41.57250799981834], [-83.88734300035321, 41.5723880001037], [-83.88734599982793, 41.57327199974079], [-83.89201999982824, 41.57329300020919]], [[-83.88734099980506, 41.57146199970317], [-83.88734199962997, 41.571978999799164], [-83.88258899998698, 41.572053999869816], [-83.88259300018493, 41.571643000107386], [-83.88734099980506, 41.57146199970317]]]}, "properties": {"AREALAND": "8808583", "AREAWATER": "100969", "BASENAME": "Swanton", "CBSAPCI": "N", "CENTLAT": "+41.5839430", "CENTLON": "-083.8880802", "FUNCSTAT": "A", "GEOID": "3975896", "INTPTLAT": "+41.5848741", "INTPTLON": "-083.8852493", "LSADC": "47", "MTFCC": "G4110", "NAME": "Swanton village", "NECTAPCI": "N", "OBJECTID": 22053, "OID": "2789078641893", "PLACE": "75896", "PLACECC": "C1", "PLACENS": "02399940", "STATE": "39", "DISP_CLR": 5}}, {"type": "Feature", "id": 22940, "geometry": {"type": "MultiPolygon", "coordinates": [[[[-83.99920399981757, 41.100790999952395], [-83.99919799996978, 41.09979999970833], [-83.99752699969234, 41.09981800020605], [-83.99752900024048, 41.10018499983944], [-83.99645899983757, 41.10019699987586], [-83.9963619997532, 41.100200000053846], [-83.99636099992829, 41.10008400029244], [-83.9963619997532, 41.09979599967224], [-83.99635900027846, 41.0994710001588], [-83.9963619997532, 41.09862000016722], [-83.9963480004078, 41.098147000101136], [-83.99522500030147, 41.09813700009731], [-83.99522500030147, 41.098126000226756], [-83.99522500030147, 41.09811700008514], [-83.99522500030147, 41.09807100016934], [-83.99522500030147, 41.097601999704494], [-83.99449999968004, 41.09759599978802], [-83.99449999968004, 41.09739599977558], [-83.99446299987014, 41.09739599977558], [-83.99446299987014, 41.096308000062045], [-83.9941869996856, 41.096307000169155], [-83.99410700021797, 41.096307000169155], [-83.99410499966983, 41.09510500008479], [-83.99410399984492, 41.09486100030748], [-83.99410399984492, 41.094494999957675], [-83.99445100017455, 41.094495999878205], [-83.9956229997864, 41.094494999957675], [-83.99567899986289, 41.09449400003718], [-83.99567700021306, 41.09415499970351], [-83.9961080002083, 41.09415299985211], [-83.99619900044488, 41.09415199992642], [-83.99630700039992, 41.094151000000714], [-83.99632499994327, 41.094151000000714], [-83.99632499994327, 41.094085000129674], [-83.9963120004228, 41.09331900032516], [-83.99630400002688, 41.09166600010613], [-83.99630400002688, 41.09128300008116], [-83.99629599963096, 41.090975999958694], [-83.99628999978317, 41.08968399977365], [-83.99628899995825, 41.08899899982037], [-83.99628599958521, 41.0883959999636], [-83.99628499976029, 41.087156000166075], [-83.9962220000111, 41.087166999842346], [-83.996186999851, 41.08716999993838], [-83.99615699971378, 41.08717500009815], [-83.99612300027691, 41.08717500009815], [-83.99561699993863, 41.08718699980295], [-83.9946369999474, 41.087201000245734], [-83.99409899982204, 41.08721299994586], [-83.99398400019433, 41.08721099988313], [-83.99381400031501, 41.08721199991447], [-83.99222699970316, 41.087225000320814], [-83.99217099962667, 41.0872259996749], [-83.99201599981598, 41.087225000320814], [-83.99197800018112, 41.087274999828345], [-83.99003400009222, 41.08983899997313], [-83.98924800026975, 41.090875999767825], [-83.98916399970585, 41.09099000027114], [-83.98907099981945, 41.0911099997321], [-83.98742300000653, 41.09112499998781], [-83.98704700026289, 41.09112499998781], [-83.9865970000011, 41.09112599995958], [-83.98646800012966, 41.09112699993139], [-83.98646800012966, 41.09116100031676], [-83.98647200032762, 41.09141100010108], [-83.98647200032762, 41.09145200010761], [-83.98705899995846, 41.0914530000744], [-83.98880999970352, 41.09145400004118], [-83.9885129996026, 41.09184500011054], [-83.98786200039767, 41.09270400012343], [-83.98737500032595, 41.09334500007256], [-83.98722499963982, 41.093542999686015], [-83.98656600003896, 41.09441300033218], [-83.98648099965014, 41.094514999718704], [-83.98648200037337, 41.09454200026655], [-83.98629200040257, 41.09453600007052], [-83.98607800014233, 41.09453600007052], [-83.98586200023226, 41.0945229997568], [-83.98524399974097, 41.0945319997139], [-83.98524499956588, 41.0942169998054], [-83.98524499956588, 41.09389800002221], [-83.98524600028912, 41.09362399978672], [-83.98524700011401, 41.09280199967048], [-83.98635199977872, 41.09279699993888], [-83.98647900000032, 41.09279599999254], [-83.98647900000032, 41.0926809999668], [-83.98647800017542, 41.09221500015087], [-83.98634799958077, 41.09221500015087], [-83.98555199971256, 41.092218000016466], [-83.98364100013391, 41.092222999792085], [-83.9832250002073, 41.092263000014405], [-83.98165900041018, 41.09227100032674], [-83.98165900041018, 41.092494999875846], [-83.98165799968695, 41.09272099991026], [-83.98165600003712, 41.093597000215595], [-83.9816550002122, 41.093955999974895], [-83.9816540003873, 41.0945440001061], [-83.97830099996176, 41.094555999819114], [-83.97830099996176, 41.094546999865294], [-83.97830199978667, 41.09350899985636], [-83.9777260000265, 41.093511999662866], [-83.9768520003405, 41.093515000146205], [-83.97684800014254, 41.09435400018333], [-83.97687900010467, 41.09444900021341], [-83.97607099964259, 41.094237000328064], [-83.97596799971042, 41.094215999880674], [-83.97585999975539, 41.0941860001003], [-83.97569999992182, 41.09414299991726], [-83.9754809996387, 41.09408899983654], [-83.97529599969077, 41.094040000025736], [-83.97510999991793, 41.09400000020836], [-83.9748759995662, 41.09394200029452], [-83.97466899987697, 41.0938940003037], [-83.97412800027689, 41.09377299990335], [-83.97397599994092, 41.09374000012472], [-83.97397299956788, 41.093653999823744], [-83.97394400015389, 41.090936000306826], [-83.97309200020918, 41.09094300012918], [-83.97309200020918, 41.09096300029453], [-83.97204000024793, 41.091810000117796], [-83.97193399994273, 41.09189600012464], [-83.9719170002243, 41.09190399980464], [-83.97189899978262, 41.09191599999987], [-83.97188799991197, 41.09192099979847], [-83.97173200027636, 41.09203199996868], [-83.97156499987177, 41.09215999988336], [-83.97153200025981, 41.09218899995631], [-83.97150700014546, 41.092209999697616], [-83.97139199961943, 41.09229799976581], [-83.97128700003744, 41.09238299985825], [-83.97118699958001, 41.092463000083754], [-83.97109700006665, 41.092533999982244], [-83.97106100008163, 41.0925629998901], [-83.97100500000512, 41.09260699970251], [-83.9709820004389, 41.092625000140416], [-83.97095599960133, 41.09264399984507], [-83.9709320002102, 41.09266400016963], [-83.97092299998936, 41.09266999985962], [-83.97091399976854, 41.092676000226035], [-83.97088899965418, 41.09269399996801], [-83.9708629997149, 41.09271400027734], [-83.97084599999647, 41.09272600032462], [-83.97082799955481, 41.09273799969268], [-83.97080099979064, 41.092757000041686], [-83.97076599963053, 41.092780000171715], [-83.97074700026226, 41.09279000031405], [-83.97073600039161, 41.09279599999254], [-83.97068600016289, 41.09282000005496], [-83.97063400028436, 41.09283899970321], [-83.9705720003601, 41.092858000022964], [-83.97054200022285, 41.09300300007317], [-83.97050399968971, 41.093200000100175], [-83.97048899962108, 41.09328000000781], [-83.97024799959668, 41.0932450001025], [-83.96962800035388, 41.093163000270756], [-83.96901400006054, 41.093086000046604], [-83.96862499989813, 41.09302999988843], [-83.96823099971283, 41.09295500007333], [-83.96818399985716, 41.09293900029124], [-83.96724800024687, 41.09294899973235], [-83.96724599969873, 41.092480999884074], [-83.96724599969873, 41.09235100001159], [-83.9672080000639, 41.092315000334715], [-83.96697399971217, 41.09210099974212], [-83.96680200018304, 41.09193000011204], [-83.96648199961757, 41.091619999734995], [-83.96635899959392, 41.091528000250165], [-83.96631099991336, 41.091604000304805], [-83.9660049995916, 41.092099999785134], [-83.96449499987095, 41.09160099973419], [-83.96487399998765, 41.09095799974598], [-83.96488999988118, 41.090928999806685], [-83.9649409999348, 41.09083300012642], [-83.96486700031495, 41.09075799983432], [-83.96456299964302, 41.09045999980465], [-83.96426999974005, 41.09015899981798], [-83.96395000007293, 41.08987800030212], [-83.96370700039868, 41.08970300032883], [-83.96320699990817, 41.089398000267146], [-83.96299299964792, 41.08930299970349], [-83.96281199989795, 41.08923299969914], [-83.96252800021583, 41.0891400002551], [-83.96217699968823, 41.08904299998847], [-83.96181199981525, 41.088966999679556], [-83.96146600020883, 41.08891300008369], [-83.96122400035951, 41.08887999989506], [-83.96074899998337, 41.08883200026813], [-83.96036099964584, 41.08876799980831], [-83.95992700017587, 41.088703999963165], [-83.95995700031311, 41.08850299994906], [-83.95996999983358, 41.08835600009516], [-83.95998300025238, 41.088246999839136], [-83.95999199957488, 41.087993000124875], [-83.96000499999367, 41.087728999871736], [-83.96000800036674, 41.0874909999449], [-83.96002300043534, 41.0873750000834], [-83.96005400039748, 41.087313000295254], [-83.96001699968926, 41.0872259996749], [-83.96000499999367, 41.08717600013008], [-83.96000400016878, 41.08705600025477], [-83.9600279995599, 41.08686100015932], [-83.95991100028235, 41.086398999863015], [-83.95991399975709, 41.08371499966722], [-83.95779999978886, 41.08371300017515], [-83.95772899964375, 41.08371300017515], [-83.95767199974233, 41.083712000090564], [-83.9576750001154, 41.084694000012725], [-83.95768099996317, 41.0860160002808], [-83.95766900026761, 41.08669800006947], [-83.95768099996317, 41.08737300002561], [-83.95768199978808, 41.088016999910664], [-83.95767299956725, 41.08819300032862], [-83.95765699967373, 41.089183000327445], [-83.95766000004679, 41.09018400015282], [-83.95765800039695, 41.0909080003329], [-83.95765099982594, 41.09151599998406], [-83.95764699962798, 41.091570000148685], [-83.95764699962798, 41.0915969998759], [-83.95771399957513, 41.091606000233796], [-83.95779300011617, 41.09161699984215], [-83.95813000040006, 41.091665000142584], [-83.95862199959633, 41.091664000178966], [-83.95882599981083, 41.09149500002087], [-83.95906000016257, 41.091277000264554], [-83.95924199973744, 41.09106700024385], [-83.95929899963886, 41.091001999956326], [-83.95990799990932, 41.090998000061504], [-83.96356900030642, 41.09096500024303], [-83.96357199978115, 41.09465699974255], [-83.96725400009466, 41.09458400026924], [-83.97030399967316, 41.094579999915496], [-83.9697150003925, 41.09817899983232], [-83.97509499984932, 41.09815600023864], [-83.97597100008348, 41.09815100023761], [-83.97678000037047, 41.098147000101136], [-83.97686700040909, 41.098146000236184], [-83.976868000234, 41.09852699979495], [-83.976868000234, 41.09854999993569], [-83.97687300025689, 41.09866200027036], [-83.9768809997545, 41.10181000021336], [-83.97475400026579, 41.10183599998463], [-83.97475000006781, 41.10190299999859], [-83.97475199971764, 41.10369299969607], [-83.97627200038235, 41.1036919999156], [-83.9768110003326, 41.1036919999156], [-83.97687099970875, 41.1036919999156], [-83.97688400012753, 41.10369100013511], [-83.97688199957939, 41.10373100014328], [-83.97687699955654, 41.10383800019763], [-83.97688800032549, 41.10424899984205], [-83.97688900015041, 41.10432299985228], [-83.97689300034837, 41.10463700026692], [-83.97688699960227, 41.10467500016782], [-83.97687599973162, 41.104713000046786], [-83.97687200043197, 41.104785999770286], [-83.97687200043197, 41.10483300016132], [-83.97687200043197, 41.10489900006316], [-83.97687200043197, 41.10492299976486], [-83.97686900005893, 41.105420999718895], [-83.97587099962604, 41.105141000263856], [-83.96882400008975, 41.10528900022124], [-83.96727400018614, 41.10532000010147], [-83.96727400018614, 41.1052379997751], [-83.96709699973582, 41.105239000208925], [-83.96614000020912, 41.105262000029796], [-83.96343700006194, 41.10531700015737], [-83.96307499966369, 41.105435000337145], [-83.9630400004019, 41.10543800027591], [-83.96245899972054, 41.105447999844955], [-83.96248800003286, 41.109062999803484], [-83.96248899985777, 41.10914599978869], [-83.96248899985777, 41.10920100004727], [-83.9622310001149, 41.10920700025729], [-83.96089000044867, 41.10920700025729], [-83.96031899981305, 41.10921000002367], [-83.9597179999385, 41.10921499985964], [-83.95914399982816, 41.10921600023288], [-83.95820800021788, 41.10922500020722], [-83.95799099958457, 41.10922899966896], [-83.95770100005466, 41.10924399984816], [-83.95740099958068, 41.109247000289706], [-83.95695600024008, 41.1092479999856], [-83.95641200026695, 41.109252999818665], [-83.95589800043106, 41.1092560002598], [-83.95535699993266, 41.10926199978794], [-83.95427599965912, 41.10927000006038], [-83.95375900034847, 41.10927600026409], [-83.95326399988083, 41.1092780003319], [-83.95281299979412, 41.10928300016268], [-83.95228700026267, 41.10929000006046], [-83.9517619996578, 41.109294999890324], [-83.95129999970044, 41.109296000262354], [-83.95076099975017, 41.109299000024656], [-83.95039300040247, 41.109299000024656], [-83.94942299955866, 41.109305999920736], [-83.94907699995225, 41.10931099974939], [-83.94876099958476, 41.10931099974939], [-83.94843599989476, 41.10931299981608], [-83.94808400044057, 41.109318000321046], [-83.94752700004867, 41.10932100008235], [-83.94716800002345, 41.10932199977712], [-83.94628299956847, 41.1093289996708], [-83.94596999957403, 41.109330000042306], [-83.94554899962455, 41.109332999803065], [-83.94528199966086, 41.109334000174506], [-83.94390900020755, 41.10934300013267], [-83.9434189997628, 41.10934399982711], [-83.94173800033792, 41.10935800028583], [-83.94070599956986, 41.10936300011047], [-83.94028200014564, 41.10936700024071], [-83.94007200008335, 41.10936500017562], [-83.93943000020094, 41.10936799993478], [-83.93880699968679, 41.10937200006466], [-83.93842400027044, 41.10937699988828], [-83.93841699969944, 41.111631999971394], [-83.93841900024759, 41.11176899989574], [-83.93841900024759, 41.11203700028953], [-83.9384209998974, 41.11217699967633], [-83.93841800042267, 41.112593999817925], [-83.93841900024759, 41.11273000012233], [-83.93841599987454, 41.112868999744165], [-83.93842000007248, 41.11300799974854], [-83.93842400027044, 41.11328499991671], [-83.9384279995701, 41.113551000275486], [-83.93842400027044, 41.11419699994694], [-83.93842000007248, 41.114333999932946], [-83.93841900024759, 41.11460200000756], [-83.93842000007248, 41.114736999923714], [-83.93842300044555, 41.11488400029872], [-83.9384209998974, 41.115159999713086], [-83.93841900024759, 41.11529499983524], [-83.93842199972231, 41.11543700027579], [-83.93842199972231, 41.115571000228684], [-83.93841900024759, 41.115711999797895], [-83.93842000007248, 41.11598799979156], [-83.9384279995701, 41.11625500029213], [-83.93842199972231, 41.116659999837594], [-83.93842400027044, 41.11692700031182], [-83.93842300044555, 41.11751499984587], [-83.93842199972231, 41.1176960002754], [-83.93842000007248, 41.11818500002809], [-83.93841800042267, 41.11836299993881], [-83.93841599987454, 41.11877800025871], [-83.93841800042267, 41.119120000037384], [-83.93841800042267, 41.11930500030282], [-83.93842000007248, 41.119702999837926], [-83.93841800042267, 41.11994100012753], [-83.93841500004963, 41.1200570000014], [-83.93841900024759, 41.12048899980484], [-83.93841500004963, 41.12067099967588], [-83.93841400022471, 41.12094099998272], [-83.93841400022471, 41.12145099978737], [-83.93841500004963, 41.12164799974948], [-83.93841400022471, 41.121813000093994], [-83.93841400022471, 41.12199199981814], [-83.93841099985165, 41.12241400005208], [-83.93841199967657, 41.122594000336534], [-83.93841199967657, 41.12277800011705], [-83.93840900020183, 41.12314200019317], [-83.93841500004963, 41.12368600027651], [-83.93841800042267, 41.12387599992477], [-83.93841599987454, 41.12394600022634], [-83.9389899999849, 41.123933999793245], [-83.939461999988, 41.123933999793245], [-83.94049399985775, 41.123928999724946], [-83.9411879996187, 41.12392400033296], [-83.94172800029219, 41.12392400033296], [-83.9422930001817, 41.12391900026385], [-83.94279699997186, 41.12391599981624], [-83.94333099989925, 41.12391699996545], [-83.94385999980375, 41.12391599981624], [-83.94542399995107, 41.12391599981624], [-83.94671199991386, 41.12390900012457], [-83.94697800005265, 41.12390500020377], [-83.9479880001811, 41.12389899998372], [-83.94836399992474, 41.12389100014065], [-83.94871700010215, 41.12388600006908], [-83.94927100012102, 41.12388099999711], [-83.94998499997345, 41.12387200000195], [-83.95037199958776, 41.123869000228844], [-83.95123000027854, 41.1238590000819], [-83.95169700025878, 41.123855000158045], [-83.95217400028476, 41.1238439998587], [-83.95296099993213, 41.12383399970795], [-83.95354099989027, 41.12382999978257], [-83.95419600019147, 41.12382300008179], [-83.95460899974503, 41.12382099978042], [-83.95522800006124, 41.123814000078625], [-83.95612500021178, 41.123807999850314], [-83.95677600031502, 41.12379899984514], [-83.95769199983384, 41.12379200014101], [-83.95768599998605, 41.12410700029827], [-83.95768599998605, 41.124475000332794], [-83.95768500016113, 41.12465900025286], [-83.95767900031335, 41.12484399979209], [-83.95767599994029, 41.12521100030093], [-83.95767299956725, 41.12539600031404], [-83.95767199974233, 41.12595099993065], [-83.95766900026761, 41.12632400033713], [-83.95767000009252, 41.126873999704216], [-83.95766400024475, 41.127056000138104], [-83.95766599989456, 41.12724199978477], [-83.95766300041983, 41.12742000016801], [-83.95766300041983, 41.127606000136204], [-83.95766599989456, 41.128155000176044], [-83.95766400024475, 41.128340000008855], [-83.95766500006965, 41.128526000075674], [-83.95766500006965, 41.129249999804216], [-83.95766599989456, 41.12945599994371], [-83.95766900026761, 41.1296950001096], [-83.95766900026761, 41.12983399966697], [-83.95766599989456, 41.13000999967217], [-83.95766400024475, 41.13056600023158], [-83.95766900026761, 41.13091499977476], [-83.95766900026761, 41.13106900005881], [-83.95767099991744, 41.131127999698435], [-83.95766500006965, 41.13197199970956], [-83.95765900022187, 41.13237799971914], [-83.95765800039695, 41.13256999994523], [-83.9532339997436, 41.138433999843784], [-83.95299500026731, 41.13875099991443], [-83.94905400038604, 41.14390300015232], [-83.9475580000108, 41.145894999861326], [-83.94721300022928, 41.14637500023882], [-83.94488599982573, 41.1494710002698], [-83.94504800020744, 41.14947200002945], [-83.94527800036121, 41.1494710002698], [-83.94558399978465, 41.1494699998337], [-83.94732899968193, 41.14717099996905], [-83.94806799964873, 41.14619699987454], [-83.9483820003664, 41.14578199979002], [-83.95116400015631, 41.142114000145874], [-83.95386899995333, 41.13854699972244], [-83.95390400011343, 41.13849999979059], [-83.95394299957319, 41.13844900011431], [-83.95395400034214, 41.138433999843784], [-83.95401399971828, 41.1383560000056], [-83.95673000028427, 41.1347729997885], [-83.95766000004679, 41.13354600013045], [-83.95774799991032, 41.13342999974296], [-83.95952200011993, 41.13109000022335], [-83.96446999975659, 41.12456200033723], [-83.96505599956254, 41.123788999687534], [-83.96510499996631, 41.12372399997951], [-83.96514000012642, 41.12367899988366], [-83.96555299967999, 41.12313899970997], [-83.96632000013417, 41.12212099971737], [-83.9663209999591, 41.12299500004108], [-83.966321999784, 41.12366800023147], [-83.966321999784, 41.123709999877775], [-83.96671500014439, 41.12370700009731], [-83.967828000205, 41.12369199983932], [-83.96864300033978, 41.12369199983932], [-83.96973700013382, 41.123683999971014], [-83.97086000024018, 41.123683999971014], [-83.97106699992942, 41.123683999971014], [-83.97121300041759, 41.123682999818236], [-83.9713320002433, 41.123680000036494], [-83.97178900017778, 41.123683999971014], [-83.97322399955534, 41.123683999971014], [-83.97448200027922, 41.12367799973076], [-83.97473499999923, 41.123676000101725], [-83.97507099955986, 41.12367499994883], [-83.97507099955986, 41.123615000220504], [-83.97506899991005, 41.12320900012102], [-83.97451999991405, 41.12321199992425], [-83.97448599957886, 41.12321199992425], [-83.97446899986043, 41.12321199992425], [-83.97446899986043, 41.12314200019317], [-83.97446899986043, 41.12309200024281], [-83.97447300005838, 41.122926000242806], [-83.9744749997082, 41.12282400031988], [-83.97447200023348, 41.122758000165845], [-83.97446800003551, 41.122639999991634], [-83.97446899986043, 41.122454000157944], [-83.97449200032496, 41.1164030002386], [-83.97449200032496, 41.116393000307596], [-83.97451499989118, 41.116393000307596], [-83.97548200036194, 41.11639000019263], [-83.97577100006693, 41.11638700007759], [-83.97615900040445, 41.11638299969833], [-83.97690900024189, 41.116380000259696], [-83.97691099989171, 41.11574000002669], [-83.97690800041698, 41.114724000224605], [-83.97690800041698, 41.114675000242364], [-83.97690800041698, 41.11456599966723], [-83.97677699999741, 41.114565000052245], [-83.97569200042422, 41.11456699995893], [-83.97569099970099, 41.11420399999761], [-83.97464299993769, 41.114216999799694], [-83.9744250003778, 41.11421800009672], [-83.97247700009095, 41.11423200019284], [-83.97232300010515, 41.11423200019284], [-83.97285500038272, 41.113500999786524], [-83.97329200022571, 41.112924000268], [-83.97423399968378, 41.11167999985886], [-83.97609699958184, 41.10921999969516], [-83.97620000041232, 41.109080000094444], [-83.9762840000779, 41.109080000094444], [-83.97671400024822, 41.109078999719124], [-83.97689300034837, 41.109078999719124], [-83.97749300039798, 41.10908299986662], [-83.98123599991256, 41.10908499994029], [-83.98171399976343, 41.10908499994029], [-83.98413700042646, 41.10908299986662], [-83.98642299992383, 41.10908200016821], [-83.98653400025191, 41.10908200016821], [-83.98652199965802, 41.108109999786194], [-83.98651699963516, 41.10626899968111], [-83.98649999991672, 41.10551699974068], [-83.98649800026689, 41.10543699984506], [-83.98655299962016, 41.1054390000298], [-83.98722800001286, 41.10544100021447], [-83.98735100003651, 41.10544100021447], [-83.99129799976556, 41.1054390000298], [-83.99206400039486, 41.1054390000298], [-83.99320500004455, 41.10543800027591], [-83.99320699969438, 41.10717299985415], [-83.99403100005, 41.10717200012665], [-83.99398500001925, 41.10693400024367], [-83.99394700038441, 41.10669400002847], [-83.9939180000721, 41.106462999965935], [-83.9938970001557, 41.10621299993192], [-83.99388399973691, 41.10579899979682], [-83.99388399973691, 41.105633999810166], [-83.99401900035441, 41.105638999918376], [-83.99411600043881, 41.10563599998885], [-83.9950389996303, 41.10564400002626], [-83.99503699998048, 41.10543699984506], [-83.99503600015558, 41.105322000289775], [-83.99630400002688, 41.10533199987649], [-83.99638000019486, 41.10533300030888], [-83.99638000019486, 41.105308000324264], [-83.99638000019486, 41.10517500016468], [-83.99640100011125, 41.104503000334006], [-83.99640799978395, 41.10439000003656], [-83.99640699995904, 41.10423900009041], [-83.99640500030921, 41.10399300016969], [-83.99639899956311, 41.10380899985218], [-83.99639899956311, 41.10358999988758], [-83.9963969999133, 41.10352600026692], [-83.9963890004157, 41.10322799994275], [-83.99639400043856, 41.10312100024828], [-83.99638500021774, 41.10271400017195], [-83.99638400039282, 41.10216499987184], [-83.99638199984469, 41.10171800010703], [-83.99689800022871, 41.10170199975167], [-83.99734900031542, 41.101697000020565], [-83.99785999977829, 41.10169099980122], [-83.99807099966546, 41.10168999999022], [-83.99814099998568, 41.10168999999022], [-83.99813900033585, 41.10161000017092], [-83.99813400031297, 41.10080299987805], [-83.99920399981757, 41.100790999952395]]], [[[-83.9722970001659, 41.104664999804164], [-83.97229100031811, 41.104333000268014], [-83.97227399970136, 41.10332299999987], [-83.97227000040172, 41.10330700003549], [-83.96978200033965, 41.103364000017656], [-83.96977899996662, 41.10340100019337], [-83.96979200038541, 41.10439600000932], [-83.9697990000581, 41.10493600005092], [-83.97219800043169, 41.104848999753905], [-83.97228899976996, 41.10484700022809], [-83.9722970001659, 41.104664999804164]]]]}, "properties": {"AREALAND": "9542108", "AREAWATER": "28680", "BASENAME": "Leipsic", "CBSAPCI": "N", "CENTLAT": "+41.1095663", "CENTLON": "-083.9674248", "FUNCSTAT": "A", "GEOID": "3942602", "INTPTLAT": "+41.1130920", "INTPTLON": "-083.9676283", "LSADC": "47", "MTFCC": "G4110", "NAME": "Leipsic village", "NECTAPCI": "N", "OBJECTID": 22940, "OID": "27890364591445", "PLACE": "42602", "PLACECC": "C1", "PLACENS": "02398415", "STATE": "39", "DISP_CLR": 1}}, {"type": "Feature", "id": 23664, "geometry": {"type": "Polygon", "coordinates": [[[-83.87310299989413, 41.70806299997438], [-83.87282099986182, 41.70067000031551], [-83.86089600011074, 41.70069200025417], [-83.85844900005657, 41.70069599969344], [-83.85840600039889, 41.69969199982926], [-83.85836000036814, 41.69861500008615], [-83.85824099964411, 41.69585599987196], [-83.8581479997577, 41.693675999906034], [-83.8538450003765, 41.6937210000014], [-83.83892799987491, 41.69387100009198], [-83.82926900042801, 41.69396200011056], [-83.82938599970556, 41.69808499973123], [-83.82947899959198, 41.70134400014049], [-83.81983299966558, 41.701777000174964], [-83.81994499981857, 41.70510000001259], [-83.81137599996775, 41.705228999956184], [-83.81066399976514, 41.70524000015253], [-83.81066399976514, 41.70582199987131], [-83.81066499959005, 41.70865200029023], [-83.81066700013818, 41.712143999812156], [-83.81075699965155, 41.71565800026133], [-83.81082000029907, 41.71675499976788], [-83.81108700026275, 41.72141999967658], [-83.81110099960814, 41.722207999832065], [-83.81135599987627, 41.72219899991378], [-83.82055800028698, 41.72198700028192], [-83.82099299958186, 41.7219799997255], [-83.83998599968392, 41.72153499985735], [-83.84141500011202, 41.72149600001733], [-83.85274800020942, 41.721185000154], [-83.85274400001144, 41.721014999820966], [-83.85273099959265, 41.72049300016066], [-83.85263500023149, 41.71761299976704], [-83.85253700032222, 41.715650999686005], [-83.85338000004607, 41.71564600004095], [-83.85309499964072, 41.70837799992985], [-83.85879899986095, 41.70828800010007], [-83.8682990001975, 41.708137000192046], [-83.87310299989413, 41.70806299997438]]]}, "properties": {"AREALAND": "10977727", "AREAWATER": "0", "BASENAME": "Berkey", "CBSAPCI": "N", "CENTLAT": "+41.7083533", "CENTLON": "-083.8383304", "FUNCSTAT": "A", "GEOID": "3905732", "INTPTLAT": "+41.7083533", "INTPTLON": "-083.8383304", "LSADC": "47", "MTFCC": "G4110", "NAME": "Berkey village", "NECTAPCI": "N", "OBJECTID": 23664, "OID": "2789085243678", "PLACE": "05732", "PLACECC": "C1", "PLACENS": "02398102", "STATE": "39", "DISP_CLR": 2}}, {"type": "Feature", "id": 24121, "geometry": {"type": "Polygon", "coordinates": [[[-82.73505299986974, 41.602408999980504], [-82.73511499979402, 41.60194000007773], [-82.73495699961026, 41.60138800016071], [-82.73430999970498, 41.60076500026677], [-82.73358499998189, 41.60033399968204], [-82.73323000015465, 41.60019300017349], [-82.73290600028955, 41.60016900032655], [-82.73232499960818, 41.60000399987742], [-82.73205299962162, 41.599703999934164], [-82.73202099983456, 41.59956299972094], [-82.73210500039846, 41.599431999756526], [-82.73191100022972, 41.599257999787476], [-82.73104400021639, 41.59899599969804], [-82.73020399996724, 41.59869500017455], [-82.72986800040661, 41.598545000021794], [-82.72980300010927, 41.59870500017235], [-82.72973799981196, 41.59876300026332], [-82.7295310001227, 41.59869099977195], [-82.72951199985611, 41.59868500017522], [-82.72935700004543, 41.59891799989153], [-82.72877299988933, 41.59857800021966], [-82.72807400010552, 41.597777999972074], [-82.72740299991077, 41.5970060000821], [-82.72649300023976, 41.59631599993256], [-82.7259040000608, 41.59605399999196], [-82.72550900005058, 41.59566800029568], [-82.72570200039442, 41.595460999824446], [-82.72555500008131, 41.5953849997444], [-82.72539799972249, 41.59506799968314], [-82.72527600042206, 41.5951210000794], [-82.7246720001745, 41.5953849997444], [-82.72443299979989, 41.59555100022772], [-82.72424000035436, 41.59561999991451], [-82.72357800038047, 41.59561999991451], [-82.72330200019593, 41.59555799976119], [-82.72298900020148, 41.59536500006207], [-82.72268600025278, 41.595433999947694], [-82.72238099975594, 41.59554999991042], [-82.72234499977093, 41.59556499996571], [-82.72184900037671, 41.59556499996571], [-82.72156399997134, 41.59550900032385], [-82.72146199986409, 41.595433999947694], [-82.72137099962748, 41.59548199979541], [-82.72114999969456, 41.59546800003943], [-82.72062599981292, 41.59542000018129], [-82.72015700018287, 41.595219999828394], [-82.72004599985478, 41.59513000030715], [-82.71992700002909, 41.59513000030715], [-82.71974299990606, 41.59517799970913], [-82.71953100019395, 41.59521300025827], [-82.71926500005517, 41.59524699979466], [-82.71893399961907, 41.595261000270355], [-82.71852899956312, 41.59514400013639], [-82.71821599956868, 41.59501299993578], [-82.71791299961998, 41.595020000199355], [-82.71768300036452, 41.59499900007807], [-82.71737000037007, 41.59501299993578], [-82.71706700042137, 41.59498500021737], [-82.7154229999081, 41.59481700030831], [-82.71454300037432, 41.5945739999301], [-82.71393599975369, 41.594458000228684], [-82.71336699966619, 41.59430299996646], [-82.71331800016071, 41.59429499996013], [-82.71295300028774, 41.59423499988125], [-82.71248700013241, 41.59406999971273], [-82.71229299996365, 41.593867000193], [-82.71178900017348, 41.593730999704206], [-82.71150399976814, 41.5936240002692], [-82.71193099956541, 41.59286899979247], [-82.71166600014985, 41.59285300009526], [-82.71119400014675, 41.592721999947756], [-82.71103900033604, 41.59292100029269], [-82.71083799959628, 41.59339599998996], [-82.71050200003562, 41.59342500007609], [-82.71021800035348, 41.59343999995334], [-82.71003000003252, 41.59334799993464], [-82.70937100043166, 41.59323600011458], [-82.70902800029997, 41.59328999968016], [-82.7084519996415, 41.5932219998715], [-82.70794799985134, 41.59315899974768], [-82.70743700038848, 41.59293600028706], [-82.7071720000746, 41.59254800002795], [-82.70691400033176, 41.59261100007621], [-82.7066420003452, 41.59263999984318], [-82.70617000034208, 41.59264500031134], [-82.70587900008896, 41.59252899983067], [-82.70567900007242, 41.59239299988197], [-82.70542600035242, 41.5922959998917], [-82.70510999998493, 41.59201999992543], [-82.70508700041871, 41.59199099987993], [-82.70467599961667, 41.59148100005499], [-82.704552999593, 41.59112700014713], [-82.70455500014114, 41.591059999790424], [-82.7045660000118, 41.590802999953375], [-82.70434599990378, 41.59071600015315], [-82.70406300004656, 41.59076499986971], [-82.70328600044492, 41.5909339999642], [-82.70350800020276, 41.59149099982685], [-82.70331800023197, 41.591543999801], [-82.7029180001989, 41.59153499974504], [-82.70224500035432, 41.591646000123134], [-82.70221299966899, 41.591428000029126], [-82.70188999962879, 41.59107399983061], [-82.70153800017458, 41.59046299985943], [-82.70154900004523, 41.5902179997586], [-82.7017010003812, 41.58967900029498], [-82.70172300012251, 41.58953999982929], [-82.70165700000028, 41.589316000218155], [-82.70159199970296, 41.589096000155465], [-82.70250999976989, 41.58892699995242], [-82.70313699958369, 41.590438000028854], [-82.70323600021621, 41.590675000183495], [-82.7038889999693, 41.59049499976283], [-82.70427499975867, 41.590472999788936], [-82.70492900023496, 41.59052599992702], [-82.70487700035643, 41.5904049997002], [-82.7041719998265, 41.5903520001346], [-82.70406200022164, 41.5902789999392], [-82.70395199971848, 41.58998800007923], [-82.70369399997561, 41.589339000327996], [-82.70360899958679, 41.589014000147976], [-82.70341500031637, 41.58788899981179], [-82.70334400017126, 41.58769000007979], [-82.7034539997761, 41.58723500024502], [-82.70328600044492, 41.58720600006562], [-82.7030599995908, 41.58705000008194], [-82.70285899974935, 41.58689500017274], [-82.70247799998283, 41.58648300032587], [-82.70188999962879, 41.586177999725855], [-82.70113599959338, 41.585900000217116], [-82.70088700007135, 41.58580899999945], [-82.69991100027809, 41.58551400027264], [-82.6990960001433, 41.58530499988286], [-82.69867000017095, 41.58521800006448], [-82.69833299988707, 41.5852280001345], [-82.69802300026566, 41.58526099974994], [-82.69766099986742, 41.58528600024143], [-82.69733799982723, 41.585353999674886], [-82.69660700025636, 41.58543099994486], [-82.69613500025325, 41.58537299996818], [-82.6956180000443, 41.58523699972587], [-82.69508099974388, 41.58524200009561], [-82.69452500007517, 41.58538300001424], [-82.69416299967692, 41.58557200012267], [-82.69379399960597, 41.58565900013597], [-82.69353599986313, 41.58568300000318], [-82.69341899968727, 41.5858289999549], [-82.69337400037975, 41.585950000023644], [-82.69310200039317, 41.58600299984355], [-82.69288899995784, 41.58607600017077], [-82.69266300000203, 41.58622100011576], [-82.69235900022841, 41.58650300007255], [-82.69215800038697, 41.586681999746794], [-82.69191300016458, 41.58682699967464], [-82.69151200030659, 41.58687600032733], [-82.69124699999271, 41.58686599984061], [-82.69106600024276, 41.586972999727045], [-82.69085899965519, 41.586972999727045], [-82.69066500038475, 41.58694899966749], [-82.6903160004053, 41.58679299973469], [-82.6901409996048, 41.58664799973048], [-82.69010899981777, 41.586603999840925], [-82.69003099999995, 41.5866430001416], [-82.68985600009776, 41.58667199990199], [-82.68959800035489, 41.58661899995938], [-82.68941699970661, 41.5865169997572], [-82.68927500031471, 41.58644000011046], [-82.68921599986516, 41.58625499968506], [-82.68910600026032, 41.58629400019655], [-82.68891899976425, 41.58642499995043], [-82.68876399995355, 41.58648799992721], [-82.68825900033846, 41.58649799980052], [-82.68763199962636, 41.58667700016054], [-82.68646800041044, 41.587035999841], [-82.68615799989074, 41.587259000198266], [-82.6856209995903, 41.58748699998116], [-82.68518200009747, 41.58775799966892], [-82.68497500040824, 41.58814099968275], [-82.68525300024258, 41.58826700025723], [-82.68526999996101, 41.58864100015144], [-82.6850010003475, 41.58890700028475], [-82.68454799971266, 41.58965400016078], [-82.68438000038148, 41.590221000286476], [-82.68419200006052, 41.59087499983837], [-82.68401799998324, 41.59116599973107], [-82.68368800027035, 41.59136500016996], [-82.68344200022305, 41.59145399985712], [-82.68258899955514, 41.59193499982472], [-82.6822980002003, 41.59222299987909], [-82.68201000032022, 41.59232299973744], [-82.68193300032733, 41.5924259998662], [-82.6817480003794, 41.59267899985673], [-82.68164500044723, 41.59296999967917], [-82.68136699971457, 41.59356099986594], [-82.68106499959079, 41.59385599977386], [-82.68095900018389, 41.59409900016787], [-82.68076500001513, 41.59419099978802], [-82.68070100044103, 41.59438000031228], [-82.68073999990078, 41.594506999792074], [-82.68066899975567, 41.5946110001269], [-82.68067499960344, 41.59477299993994], [-82.68053900005933, 41.594759000030216], [-82.6806360001437, 41.59491399986925], [-82.68047399976199, 41.595039999988586], [-82.68026799989767, 41.595263000242106], [-82.679924999766, 41.595393999935375], [-82.67908500041517, 41.59552599968041], [-82.67765299961401, 41.595867999932246], [-82.6767990000195, 41.59630199968571], [-82.67664699968353, 41.59673700017871], [-82.67664699968353, 41.59690800000988], [-82.67664699968353, 41.59719400013314], [-82.67680700041542, 41.5973449996847], [-82.67713399975524, 41.59765199982353], [-82.6774390002521, 41.59776599993656], [-82.67811100027173, 41.5980909997191], [-82.67856800020623, 41.59831299990511], [-82.67873300006266, 41.598479999847356], [-82.67922799963199, 41.598983999888944], [-82.67939400021166, 41.599151999699934], [-82.67940599990723, 41.59922600019767], [-82.67944299971714, 41.59944999968021], [-82.67945600013593, 41.59952500009196], [-82.67945100011308, 41.599708000273985], [-82.6794390004175, 41.60025699972184], [-82.67943500021954, 41.600441000084885], [-82.67942400034887, 41.60051700025703], [-82.67939300038674, 41.60074500023629], [-82.679383000341, 41.60082200028598], [-82.6793620004246, 41.60094599982394], [-82.6794040002574, 41.60109299974761], [-82.6794040002574, 41.60130300030522], [-82.67942900037175, 41.60139299995116], [-82.67984600012328, 41.60284400028648], [-82.6797919996966, 41.60307600023581], [-82.67976499993243, 41.60319400029534], [-82.67966299982517, 41.603644999724224], [-82.67968999958936, 41.60378800013013], [-82.6797709997802, 41.60421700011792], [-82.67979900026761, 41.60435999992778], [-82.6798269998567, 41.6045080003133], [-82.67991200024552, 41.6049530002762], [-82.67994099965952, 41.60510200014247], [-82.679968000322, 41.605246000173146], [-82.679672000046, 41.605520999842604], [-82.67942099997583, 41.6057549998889], [-82.67901900029293, 41.60622999984171], [-82.67889500044437, 41.60662399999861], [-82.678974999912, 41.60688600001551], [-82.67903400036154, 41.607075999772405], [-82.67881799955316, 41.6073540001053], [-82.67863199978034, 41.60771300031892], [-82.67838499990813, 41.6081649998518], [-82.67870999959814, 41.608189000083186], [-82.67888000037577, 41.60826999979077], [-82.67894599959968, 41.60843700016055], [-82.67911399982917, 41.608860000140204], [-82.68000799960667, 41.60919699972526], [-82.68036400015713, 41.60967199986016], [-82.68084299983293, 41.61034400002864], [-82.68110599959867, 41.61084299969373], [-82.68119799966017, 41.61130600026606], [-82.6809819997501, 41.61166600004803], [-82.6807349998779, 41.61200199968866], [-82.68067200012872, 41.61212800002618], [-82.68047200011218, 41.612534999792025], [-82.68033300019499, 41.61323000001506], [-82.68031700030149, 41.61368199984746], [-82.67997699964454, 41.614110999865574], [-82.6794670000066, 41.614424000309405], [-82.67898800033079, 41.61484099987559], [-82.67815300010453, 41.615721999884954], [-82.67793700019446, 41.61624300018546], [-82.67775100042162, 41.61667199995983], [-82.67779800027728, 41.61713600031388], [-82.67777200033804, 41.61798600014839], [-82.67769000032226, 41.61820199991721], [-82.67752000044295, 41.61834099976515], [-82.67699400001317, 41.618444999967636], [-82.67648400037523, 41.61866600000885], [-82.67588099995255, 41.618944000091375], [-82.67557299998099, 41.619436000083006], [-82.67552600012532, 41.61951200004188], [-82.67492199987774, 41.620254999852314], [-82.67477499956465, 41.62072400025396], [-82.67451699982178, 41.621255000300174], [-82.67435799981313, 41.62150899999917], [-82.67408500000164, 41.621950999813286], [-82.6738919996578, 41.62220600003256], [-82.67387300028953, 41.62236500003019], [-82.67387300028953, 41.62256500018846], [-82.67383700030452, 41.62283399985958], [-82.67384599962705, 41.62302000008431], [-82.67378100022803, 41.6233230000597], [-82.67369900021227, 41.62355100002652], [-82.67357000034085, 41.623812999788136], [-82.67339500043865, 41.623950999752275], [-82.67328499993548, 41.62415800015195], [-82.67314699984323, 41.624453999724615], [-82.67313799962238, 41.62462599983215], [-82.67347800027933, 41.62482599969252], [-82.6739190003203, 41.62486799998732], [-82.67459100033994, 41.62468199972126], [-82.67673600027031, 41.62342999994132], [-82.67707100000607, 41.62313299980723], [-82.67783300043739, 41.62164600028075], [-82.67847299977167, 41.62121099982759], [-82.67866299974247, 41.62039799970474], [-82.67865600006976, 41.61978999983527], [-82.67881000005555, 41.61932599977185], [-82.67911899985205, 41.618960999989866], [-82.68011599956172, 41.618312000130814], [-82.68151499985258, 41.61755899966448], [-82.68288300018132, 41.61699699988357], [-82.68559600037426, 41.615419999798746], [-82.68580499971331, 41.61513099982215], [-82.68609099994359, 41.6143600000375], [-82.6863460002117, 41.61389099969606], [-82.68640800013598, 41.61384600021004], [-82.68690199988039, 41.61349100002979], [-82.68773700010665, 41.61296900028752], [-82.68896300014518, 41.612384000188456], [-82.69051700024676, 41.611692999849964], [-82.69115900012916, 41.61142899973468], [-82.69188200020244, 41.61120400011928], [-82.69289099960766, 41.611033999964036], [-82.69368300017622, 41.61105600031753], [-82.69389400006342, 41.611046000218856], [-82.6940260003079, 41.61103899967869], [-82.69442600034097, 41.611020000223654], [-82.69455900041038, 41.6110139997583], [-82.69470900019819, 41.61100599980858], [-82.69508499994184, 41.6109879997502], [-82.69516100010982, 41.6109879997502], [-82.69531199972256, 41.6109879997502], [-82.69550800043945, 41.6109879997502], [-82.69590799957422, 41.6109879997502], [-82.69609099987233, 41.61103500004133], [-82.69628199966803, 41.61108399977962], [-82.6963999996688, 41.61108100022165], [-82.69675399967113, 41.61107200020358], [-82.6968719996719, 41.611068999973384], [-82.69704300027445, 41.611087000009164], [-82.69755799993526, 41.61114200016197], [-82.6977300003627, 41.61116100025272], [-82.69879700039256, 41.61150900000583], [-82.69966199985774, 41.61177000026772], [-82.70024199981589, 41.61199000028332], [-82.70054300011478, 41.61214599976646], [-82.70075200035213, 41.61222200025625], [-82.70281600009163, 41.61323000001506], [-82.70477900044713, 41.61485200007564], [-82.70490099974755, 41.6152409999008], [-82.70486399993763, 41.61586099970514], [-82.70485100041715, 41.615890999771985], [-82.70466999976888, 41.61634199976672], [-82.70411400010019, 41.61686899968133], [-82.7037349999835, 41.617217000204285], [-82.70341799979109, 41.61717600028076], [-82.70290099958216, 41.61710700013771], [-82.70283100016026, 41.61691599971691], [-82.70283100016026, 41.61650400009693], [-82.70321699994963, 41.61626700009791], [-82.70323299984315, 41.61613299980093], [-82.703093999926, 41.61608699986529], [-82.70275400016736, 41.616371000286925], [-82.70268399984717, 41.61645199979485], [-82.70267600034956, 41.61696800031648], [-82.70272300020524, 41.61714700012258], [-82.70293900011531, 41.617233999886466], [-82.70354199963965, 41.61740799973368], [-82.7035879996704, 41.617732999978095], [-82.70475500015769, 41.61839899966628], [-82.70523499965839, 41.61854400019828], [-82.70599200006686, 41.61859600015674], [-82.70629300036573, 41.61890100001199], [-82.70674899957702, 41.61928599979536], [-82.70731000016687, 41.61960900008901], [-82.70849900039548, 41.61988299970396], [-82.70947400036381, 41.61998700010597], [-82.71032799995834, 41.62018099996846], [-82.7127049996923, 41.620248000311605], [-82.71420699991533, 41.6200840001102], [-82.71630199961699, 41.61983200005257], [-82.7174919996705, 41.61983200005257], [-82.71839700021695, 41.619347000035035], [-82.71945699967581, 41.61896000003545], [-82.72054399979714, 41.61835799982264], [-82.72274200032928, 41.61700099982284], [-82.7230030004452, 41.61667399993959], [-82.72305199995067, 41.616612999857956], [-82.72312999976849, 41.615644000149345], [-82.72271600039001, 41.6141309997827], [-82.72260000003907, 41.61353000020378], [-82.72271600039001, 41.61304499980765], [-82.72305199995067, 41.611532999664874], [-82.72380199978812, 41.610204000318944], [-82.72419000012565, 41.60965099980509], [-82.72437099987562, 41.609418999988904], [-82.7247080001595, 41.60926400006079], [-82.72564499959469, 41.60950399989969], [-82.7277700003319, 41.610639999873065], [-82.72798299986891, 41.61042599980389], [-82.72646700030049, 41.609572000016364], [-82.72657699990535, 41.60941300004626], [-82.72590700043385, 41.60901599980423], [-82.72566499968619, 41.60878900028011], [-82.7259609999622, 41.60829000017559], [-82.72598799972637, 41.60824600026116], [-82.72738500036742, 41.607382999964734], [-82.73171700006095, 41.60556999973883], [-82.73368200006627, 41.60442500022516], [-82.7347199997838, 41.60377400016073], [-82.73496900020413, 41.60296600023639], [-82.73505299986974, 41.602408999980504]], [[-82.70563700023962, 41.6106030001347], [-82.70569400014102, 41.61081999985861], [-82.70561100030035, 41.61099899993573], [-82.70527900003933, 41.61108299970313], [-82.70404600032812, 41.611144999717155], [-82.70324000041417, 41.611283999997816], [-82.70315699967519, 41.61129899975412], [-82.70116900010365, 41.61188599974666], [-82.70083699984262, 41.61194600020588], [-82.7004059998474, 41.61189400025889], [-82.7003480001211, 41.61187200019119], [-82.698990999663, 41.61135200025313], [-82.69879599966933, 41.61124900010516], [-82.69871899967644, 41.611128999849214], [-82.69873799994302, 41.61099099998416], [-82.69885500011888, 41.61090900025545], [-82.69904699973951, 41.61080199974834], [-82.69971700010932, 41.610751000304134], [-82.70041900026621, 41.61069900006546], [-82.70287299999305, 41.610365999945806], [-82.70389999983995, 41.61010500004821], [-82.70435000010173, 41.61008400013408], [-82.70480200001336, 41.61013500010559], [-82.70538500034455, 41.61030700012051], [-82.70554799965285, 41.61041799978125], [-82.70563700023962, 41.6106030001347]]]}, "properties": {"AREALAND": "11261421", "AREAWATER": "150836", "BASENAME": "Kelleys Island", "CBSAPCI": "N", "CENTLAT": "+41.6033657", "CENTLON": "-082.7028414", "FUNCSTAT": "A", "GEOID": "3939662", "INTPTLAT": "+41.6026070", "INTPTLON": "-082.7065059", "LSADC": "47", "MTFCC": "G4110", "NAME": "Kelleys Island village", "NECTAPCI": "N", "OBJECTID": 24121, "OID": "27890295177516", "PLACE": "39662", "PLACECC": "C2", "PLACENS": "01086065", "STATE": "39", "DISP_CLR": 5}}, {"type": "Feature", "id": 24210, "geometry": {"type": "Polygon", "coordinates": [[[-83.82731600011826, 41.51635800018753], [-83.82717300000313, 41.51154700011514], [-83.8271289996222, 41.510059000238556], [-83.82710900042903, 41.5093510002076], [-83.82710600005599, 41.50926600031704], [-83.82698899988011, 41.50930900009359], [-83.82485300017058, 41.5100729996689], [-83.82254000001072, 41.510088000064286], [-83.82103799978769, 41.51009800032591], [-83.81536500042792, 41.510134000178795], [-83.80782599989872, 41.5101829997968], [-83.80780599980724, 41.50924899978739], [-83.80779199956355, 41.508621999886714], [-83.80773700021027, 41.5065460000584], [-83.80621599972066, 41.50655800022147], [-83.80533299981381, 41.50656600032893], [-83.80531799974521, 41.50578800005101], [-83.80282600038352, 41.50580900024441], [-83.80282800003334, 41.50658799994665], [-83.79792999972706, 41.506583000217674], [-83.78814200040874, 41.506701999986554], [-83.78820400033302, 41.50985500012298], [-83.78821299965554, 41.510317000018084], [-83.78821500020369, 41.51044999967223], [-83.78821799967841, 41.51057199992401], [-83.78822900044739, 41.51112500000171], [-83.78824299979277, 41.51185499998516], [-83.78824399961769, 41.511909999903864], [-83.78456600040045, 41.51192600014052], [-83.78462599977658, 41.511974000154], [-83.78507600003839, 41.51233400012992], [-83.78493000044851, 41.51233499971784], [-83.78263099963405, 41.51234299978413], [-83.78260100039513, 41.51293399967669], [-83.78259700019717, 41.513011000149746], [-83.78258700015144, 41.51312400006664], [-83.7836259996939, 41.51311799992126], [-83.78358100038635, 41.51402400010698], [-83.78254600014357, 41.514030000168376], [-83.78249799956465, 41.514968000015465], [-83.78238200011202, 41.51485900016831], [-83.78149199963417, 41.51391699981513], [-83.78119899973123, 41.513606999857025], [-83.78092000007197, 41.51331200008061], [-83.78039700001524, 41.51275800026945], [-83.7796060001699, 41.51191999988404], [-83.77771800015749, 41.509921000309824], [-83.77758900028604, 41.50992199993505], [-83.77750700027028, 41.514574000286814], [-83.77750399989723, 41.51479399985736], [-83.77625699994232, 41.514458000199916], [-83.77625799976724, 41.51475699968226], [-83.77625699994232, 41.51659499969828], [-83.77625699994232, 41.516874999818356], [-83.77625299974437, 41.517375000286926], [-83.77625100009455, 41.51773199996101], [-83.77624900044472, 41.518054999891056], [-83.77624400042184, 41.518733000098415], [-83.77624000022388, 41.51941899979334], [-83.77623600002592, 41.52008400002368], [-83.77623299965286, 41.52054899995324], [-83.77906100037187, 41.52053600023202], [-83.7792959996502, 41.52053399996427], [-83.77930300022119, 41.521592999924835], [-83.77930599969594, 41.5220430001335], [-83.77915500008318, 41.52204499968203], [-83.77773300022609, 41.52205500011415], [-83.77621900030749, 41.52206599998237], [-83.77620400023886, 41.52419000015148], [-83.77503199972872, 41.52420299981117], [-83.77504500014751, 41.52295499971997], [-83.77366799959795, 41.52296500001145], [-83.77367400034403, 41.522083999946155], [-83.77336999967211, 41.522086000166], [-83.77284999998844, 41.52208799971319], [-83.77264800032206, 41.52208999993295], [-83.77263800027633, 41.524229999872105], [-83.77218499964148, 41.5242340001791], [-83.76702000026982, 41.524291999894636], [-83.76655900013738, 41.5242979996767], [-83.76655199956637, 41.522135000152545], [-83.76359700042241, 41.52214299968016], [-83.76139899989029, 41.52215300009714], [-83.76123499985874, 41.522154000206], [-83.76124200042976, 41.527302000041914], [-83.76124400007959, 41.52947800029094], [-83.7612599999731, 41.531777999858136], [-83.76127599986663, 41.53264199996849], [-83.76127800041476, 41.53278099981459], [-83.76128099988951, 41.532946999820005], [-83.76280499985386, 41.53239499987274], [-83.76362400018658, 41.5320979997502], [-83.76442699972749, 41.53180700003967], [-83.76449700004768, 41.53178099973841], [-83.76472999967619, 41.53169699967645], [-83.76483400033159, 41.53165899978873], [-83.76580299955383, 41.53130800008888], [-83.76828899996605, 41.53040800032941], [-83.76831400008041, 41.53043499981843], [-83.76850300022629, 41.53036999968451], [-83.76922700012447, 41.530121999670136], [-83.76931800036107, 41.530087000161025], [-83.76978699999113, 41.52991400029171], [-83.77094899955722, 41.52949000023775], [-83.77212500026535, 41.52907100010484], [-83.77310500025655, 41.5287239998424], [-83.77316200015795, 41.528703999693036], [-83.77329699987718, 41.52865699999018], [-83.77373100024545, 41.528502999865985], [-83.77372700004749, 41.529813999977435], [-83.77439800024221, 41.52979000020179], [-83.77439700041731, 41.52991500028061], [-83.77460199955841, 41.52991100032485], [-83.77493800001739, 41.52990399972927], [-83.7749389998423, 41.53017600022064], [-83.77494200021535, 41.53147499980424], [-83.77494700023821, 41.53284900004654], [-83.77598400013085, 41.532777000036084], [-83.77621199973647, 41.53276200019193], [-83.77622000013241, 41.53384999967942], [-83.7766140003177, 41.533839999725394], [-83.7766429997317, 41.533855999920014], [-83.77670100035633, 41.53388900022486], [-83.77675999990757, 41.5339209999135], [-83.77681900035711, 41.533953000258705], [-83.77687799990835, 41.533983999989644], [-83.77690800004558, 41.534000000148644], [-83.77696800032002, 41.534029999931775], [-83.77702799969617, 41.53405999970099], [-83.77708899979554, 41.5340900001287], [-83.77715099971982, 41.534118999946195], [-83.77721299964409, 41.5341469998272], [-83.77727499956838, 41.53417499969605], [-83.77733800021588, 41.534202000302656], [-83.77736900017801, 41.53421599989044], [-83.77739199974424, 41.53423199999205], [-83.77741500020878, 41.53424700016778], [-83.77743399957703, 41.53425899990241], [-83.77752599963854, 41.534314000282635], [-83.77758400026319, 41.534345999760966], [-83.7776429998144, 41.53437600005607], [-83.77770399991377, 41.53440399982579], [-83.77776599983805, 41.53442999974526], [-83.77782899958724, 41.534454999735516], [-83.77789300005966, 41.53447799987942], [-83.7779590001819, 41.53450000009708], [-83.77802500030413, 41.534518999881755], [-83.77809200025128, 41.534536999743345], [-83.77816000002335, 41.53455299976555], [-83.77806899978675, 41.53487000031425], [-83.77805999956594, 41.534936999783724], [-83.7781480003278, 41.534934000049866], [-83.77850800017791, 41.53495600011242], [-83.77902000036399, 41.53502699980494], [-83.7795430004207, 41.53512100000722], [-83.77970300025427, 41.53514700031087], [-83.77970800027715, 41.536153000155124], [-83.77907300006743, 41.53615400004758], [-83.77847200019289, 41.536156999724916], [-83.77742799972926, 41.53616299975156], [-83.77742299970637, 41.5353790000749], [-83.77742000023166, 41.534951999795965], [-83.77669999963311, 41.53497200003099], [-83.77622699980509, 41.53499300017028], [-83.77623900039899, 41.53642400003473], [-83.77625899959214, 41.538670999792046], [-83.77626000031539, 41.53876500007753], [-83.77469399961991, 41.53878099972626], [-83.77141999973541, 41.53881500005926], [-83.77142499975828, 41.53894900016933], [-83.77143700035217, 41.540056999813295], [-83.77145099969756, 41.54126100029454], [-83.77146699959107, 41.54252500031535], [-83.77147800036005, 41.543376000241025], [-83.77149799955322, 41.54494999980937], [-83.77215200002954, 41.544940999983524], [-83.77216100025035, 41.546112999930116], [-83.77244499993247, 41.54610900030376], [-83.77390199994969, 41.54608700000114], [-83.77389399955375, 41.54474000018538], [-83.77388000020837, 41.5430500002806], [-83.77387000016263, 41.541676000234595], [-83.77417800013419, 41.54185700002728], [-83.77447400041021, 41.542027999952936], [-83.7746579996349, 41.54213399968375], [-83.77570000044872, 41.54213800022842], [-83.77628999955428, 41.54213999982826], [-83.77730100040597, 41.54210800017183], [-83.77780000017324, 41.54189199989158], [-83.77799599999183, 41.54180899999047], [-83.77806200011406, 41.5417849999587], [-83.7781280002363, 41.54176199972379], [-83.77819600000836, 41.541742000243694], [-83.77826399978042, 41.541722000085045], [-83.77833400010063, 41.54170500001259], [-83.77840299969759, 41.54168899974256], [-83.7784739998427, 41.54167399994802], [-83.77854499998783, 41.5416620002444], [-83.77861600013294, 41.54165099967363], [-83.77867899988213, 41.54164299986859], [-83.77877099994363, 41.54163299977478], [-83.77884200008874, 41.54162499996752], [-83.77890999986082, 41.54161599967889], [-83.77897900035609, 41.541603999964494], [-83.77904600030324, 41.5415899999587], [-83.77911300025039, 41.541574000332545], [-83.77917900037262, 41.541555999739884], [-83.77924399977164, 41.54153700000532], [-83.77931200044203, 41.54151500016415], [-83.77934800042704, 41.54151299987261], [-83.77941799984892, 41.54150299975864], [-83.77948800016912, 41.541487999920996], [-83.77955199974323, 41.54146500025283], [-83.77961399966749, 41.54143700017799], [-83.77966999974399, 41.54140399969002], [-83.77972099979762, 41.54136600012605], [-83.77977100002633, 41.5413279998673], [-83.7798809996312, 41.54126299992151], [-83.7799650001951, 41.54121599993037], [-83.78005100040883, 41.54117100020727], [-83.78007999982282, 41.54115600029262], [-83.7801419997471, 41.54113400032184], [-83.78023200015878, 41.541098000231216], [-83.78035099998448, 41.54104599969148], [-83.78043899984803, 41.54100399997493], [-83.78050400014536, 41.54097099993839], [-83.78058199996316, 41.54092900017314], [-83.78066499980383, 41.54088100011984], [-83.78071900023049, 41.54084700020063], [-83.78077600013191, 41.54081400008396], [-83.78083499968315, 41.54078300026465], [-83.78089599978252, 41.540754000073235], [-83.78099100021707, 41.54071500030532], [-83.78112299956324, 41.540671999878825], [-83.78111800043867, 41.540483000182725], [-83.78108400010349, 41.53871400020424], [-83.78108300027857, 41.538669000084944], [-83.7810139997833, 41.535192000191], [-83.78160600033532, 41.53511100024969], [-83.78255100016642, 41.53496599989391], [-83.78275200000787, 41.53492600008637], [-83.78289299957487, 41.53489799987012], [-83.7829360001309, 41.53488899999018], [-83.78298600035961, 41.53487900019684], [-83.78300200025312, 41.53487499987556], [-83.78300300007804, 41.535032999936405], [-83.78300800010092, 41.535251000076094], [-83.7845760004462, 41.535230999927336], [-83.78547000022368, 41.53522000027998], [-83.78590399969364, 41.535215000072846], [-83.78590200004382, 41.534962000250474], [-83.78589299982298, 41.5340759998412], [-83.78588299977724, 41.53306600020983], [-83.7860910001897, 41.53306400032941], [-83.78635599960528, 41.533060999836216], [-83.78687100016438, 41.53305600013464], [-83.7872669999995, 41.533051999700675], [-83.78854900011451, 41.53303799986092], [-83.78860900038899, 41.53303799986092], [-83.7886529998716, 41.53286100004051], [-83.78866100026751, 41.532825999995865], [-83.78864899967364, 41.532656999840526], [-83.78857400022889, 41.532636000287745], [-83.78848399981719, 41.53255100004295], [-83.78854200044184, 41.53234399968376], [-83.78882899959869, 41.532169999843994], [-83.789258999769, 41.53183400028976], [-83.78909599956238, 41.531836000208195], [-83.78871200032114, 41.53184000004493], [-83.78864700002381, 41.53146700008538], [-83.78861400041184, 41.531284000194994], [-83.78882500029904, 41.53122100017909], [-83.78897799956161, 41.53117700019565], [-83.78905700010263, 41.531155000192705], [-83.78931900004345, 41.5310749998744], [-83.78960199990068, 41.530979999872216], [-83.78982000035889, 41.53089700008885], [-83.79060799983117, 41.530569999784504], [-83.79058799973969, 41.53040800032941], [-83.79060299980829, 41.52943999977226], [-83.79067399995341, 41.52880499971166], [-83.7907300000299, 41.52848000028765], [-83.79072900020498, 41.52784400019863], [-83.79072800038008, 41.527705999854994], [-83.79174299963307, 41.527696000296274], [-83.79220700013859, 41.527691000180056], [-83.79384400008084, 41.527673999782024], [-83.79446599987176, 41.527667000289355], [-83.7953620001974, 41.52861300028034], [-83.79537800009093, 41.528628999750296], [-83.79544400021317, 41.52869800031952], [-83.79546900032751, 41.52867800016211], [-83.79551100016032, 41.52864999993131], [-83.79583000000254, 41.52843299974951], [-83.79585099991893, 41.52841900025515], [-83.79591700004119, 41.52837399969821], [-83.79627600006638, 41.52814099967644], [-83.79656800014442, 41.52795899981172], [-83.79663199971853, 41.52792099974581], [-83.79701199966013, 41.52768900013347], [-83.79703299957653, 41.52767799987609], [-83.79737300023346, 41.52748699981665], [-83.79752800004415, 41.52741399986329], [-83.79773300008357, 41.52733100021239], [-83.79828899975226, 41.52927300018349], [-83.79830100034613, 41.529323000105585], [-83.79830700019394, 41.529349000049805], [-83.79835700042266, 41.52950700015859], [-83.79935699960703, 41.529306000136394], [-83.79978500012751, 41.52922000022389], [-83.79971499980732, 41.52903200001702], [-83.80018400033569, 41.52841000014628], [-83.80048499973626, 41.52801100011352], [-83.8005090000257, 41.52795999983084], [-83.80054099981275, 41.52789499990022], [-83.80057199977489, 41.527830999925406], [-83.80056400027729, 41.52774500006969], [-83.80061100013295, 41.52769500027307], [-83.80071800026306, 41.52764999988502], [-83.80083000041607, 41.527603000089], [-83.80083799991367, 41.52802300033244], [-83.80084399976145, 41.52831100021093], [-83.80084999960923, 41.528599000152354], [-83.80085600035535, 41.52888700015676], [-83.80086200020313, 41.5291750002241], [-83.8008680000509, 41.529462999681826], [-83.80087399989868, 41.52975199986638], [-83.80088499976934, 41.530293999672686], [-83.800903000211, 41.53119099976569], [-83.80090400003591, 41.53122699999111], [-83.80146700027561, 41.53120899988093], [-83.8044519995568, 41.531178000165035], [-83.80456899973267, 41.53209599983986], [-83.80460899991563, 41.532092000018956], [-83.80486400018376, 41.53208399970397], [-83.8049930000552, 41.532082999748596], [-83.8055649996174, 41.53207700001596], [-83.80555799994471, 41.53226600006853], [-83.80554500042425, 41.53262199968549], [-83.8055289996324, 41.533053000313544], [-83.80575200011347, 41.53295300014436], [-83.80602300027513, 41.53283099971521], [-83.80618700030665, 41.53285900015376], [-83.80638200030033, 41.53296300023552], [-83.80639599964572, 41.532975000208296], [-83.806493999555, 41.53303300015757], [-83.80656200022538, 41.53309000011503], [-83.80669399957155, 41.53316400032695], [-83.80685500012834, 41.53324799982888], [-83.8069580000605, 41.53333800018279], [-83.80700599974107, 41.53339799967678], [-83.80700400009125, 41.533443000101244], [-83.80702699965747, 41.53346599993253], [-83.80705500014489, 41.53373100005939], [-83.80719999990984, 41.53376700021619], [-83.8074280004138, 41.53369399995209], [-83.80751899975208, 41.53369799967395], [-83.80763000008014, 41.53370000020721], [-83.80758200039958, 41.53384300018245], [-83.80753800001865, 41.533910000043306], [-83.80745900037591, 41.533999000222884], [-83.80747299972131, 41.53405600000153], [-83.80749700001076, 41.53408200006082], [-83.80768299978361, 41.53405999970099], [-83.80799499995314, 41.53394500017389], [-83.80801699969443, 41.5339229997674], [-83.80812200017473, 41.53389700031661], [-83.80819999999254, 41.533869000327414], [-83.80827399961238, 41.53384100032606], [-83.80850200011632, 41.53390399980768], [-83.80865299972908, 41.53394500017389], [-83.80893599958628, 41.53402399970727], [-83.80908100024955, 41.534079000287306], [-83.8092539996036, 41.53413099970456], [-83.80940599993956, 41.53414200020957], [-83.80956499994824, 41.53389900017131], [-83.80975699956885, 41.53388800029738], [-83.81042199991579, 41.533847999823195], [-83.81056699968076, 41.533838999797155], [-83.8106539997194, 41.53383400015572], [-83.81115500003482, 41.533805000210506], [-83.81148999977057, 41.53378500028705], [-83.81164100028163, 41.533838999797155], [-83.81186399986439, 41.53392900000129], [-83.81205499966009, 41.53400599970291], [-83.81210900008676, 41.53402800008112], [-83.81224299998107, 41.53409299990176], [-83.8123719998525, 41.534154999887036], [-83.81257900044004, 41.534288000316536], [-83.8127450001214, 41.534393999957466], [-83.81283700018291, 41.534454999735516], [-83.81293900029016, 41.53455299976555], [-83.81303700019946, 41.53462599973261], [-83.81310599979642, 41.53469699978735], [-83.81340399972227, 41.53468699996432], [-83.81346399999671, 41.53468500013403], [-83.81528199968893, 41.53466200006373], [-83.81528800043503, 41.53321499986943], [-83.8152929995596, 41.53203100002993], [-83.81530599997838, 41.53146700008538], [-83.81531600002413, 41.53103800026528], [-83.81523999985615, 41.53103900023681], [-83.81514399959669, 41.526444000154434], [-83.81513500027415, 41.525994999664775], [-83.81425700039019, 41.5256470003353], [-83.81423999977343, 41.5248559998446], [-83.81443499976709, 41.524361999783615], [-83.81384700031136, 41.52412900010955], [-83.81348499991311, 41.52398799967124], [-83.81304700024519, 41.52380500014678], [-83.82480999961456, 41.52367700011299], [-83.82480799996473, 41.5235980000498], [-83.82470300038277, 41.520752999996084], [-83.82468900013906, 41.52004800032367], [-83.82468099974314, 41.519597999694014], [-83.8246780002684, 41.51937600000646], [-83.82465800017691, 41.517091000236405], [-83.826444999907, 41.517077000305896], [-83.82643599968615, 41.51636699995492], [-83.82731600011826, 41.51635800018753]]]}, "properties": {"AREALAND": "11199327", "AREAWATER": "0", "BASENAME": "Whitehouse", "CBSAPCI": "N", "CENTLAT": "+41.5215647", "CENTLON": "-083.7957001", "FUNCSTAT": "A", "GEOID": "3984770", "INTPTLAT": "+41.5215647", "INTPTLON": "-083.7957001", "LSADC": "47", "MTFCC": "G4110", "NAME": "Whitehouse village", "NECTAPCI": "N", "OBJECTID": 24210, "OID": "2789085243687", "PLACE": "84770", "PLACECC": "C1", "PLACENS": "02400165", "STATE": "39", "DISP_CLR": 1}}, {"type": "Feature", "id": 25362, "geometry": {"type": "MultiPolygon", "coordinates": [[[[-83.57773100020485, 41.60614000022521], [-83.57773000037994, 41.60609699967005], [-83.57768900037206, 41.60592099989518], [-83.57766900028058, 41.60584699968615], [-83.57764300034131, 41.605813999846966], [-83.57760399998325, 41.60577599986879], [-83.5775579999525, 41.60572400032195], [-83.5775439997088, 41.60569700003689], [-83.57753200001322, 41.60567600003128], [-83.57751899959443, 41.605643000104685], [-83.57751799976954, 41.6055709999008], [-83.57751000027193, 41.60549000016317], [-83.57747000008895, 41.60541899995296], [-83.57738600042337, 41.60532899987692], [-83.57731399955502, 41.60527900030284], [-83.57728299959288, 41.6052580001612], [-83.57709000014736, 41.60516900002881], [-83.57705300033743, 41.605151999853696], [-83.57694299983426, 41.605103000311736], [-83.5767620000843, 41.604984999713], [-83.57672299972624, 41.60494800008992], [-83.5766850000914, 41.604918999807715], [-83.57663900006064, 41.60487199976274], [-83.57659999970258, 41.60484800031256], [-83.57656200006775, 41.60482499968353], [-83.57640100040928, 41.60474700020545], [-83.57634199995971, 41.6047160001542], [-83.57614799979098, 41.604578000005205], [-83.57604499985881, 41.60446399983473], [-83.57582499975078, 41.604265000150484], [-83.5758049996593, 41.60421800030085], [-83.57577899972003, 41.604180000054384], [-83.57574000026027, 41.6041660001701], [-83.57565700041961, 41.60414199978559], [-83.57561100038886, 41.604111000115346], [-83.57554100006864, 41.604061999782836], [-83.57543099956548, 41.60397700009106], [-83.57527400010495, 41.60385399984884], [-83.57524999981551, 41.603835000292925], [-83.57521899985338, 41.60382300004023], [-83.575121999769, 41.60378299985352], [-83.5750220002099, 41.603722999862775], [-83.57489300033845, 41.603556000053814], [-83.57449099975723, 41.60315099979198], [-83.57442200016027, 41.60307699976474], [-83.57440899974146, 41.6030530003186], [-83.57436600008376, 41.603013999856145], [-83.57432699972571, 41.60298200011365], [-83.57426800017447, 41.60291600017471], [-83.57421700012085, 41.60285700025359], [-83.57418100013584, 41.60280800031222], [-83.57415199982351, 41.60276500022337], [-83.57407200035588, 41.60271999969351], [-83.57401899975413, 41.60268000016652], [-83.57399100016504, 41.602652999951154], [-83.57397100007356, 41.60263599978489], [-83.57389300025575, 41.60261299971084], [-83.5738689999663, 41.60259999969458], [-83.57382799995843, 41.60257700027945], [-83.57372900022422, 41.60256700020996], [-83.57368999986615, 41.60257600007109], [-83.57363100031493, 41.60258000023287], [-83.57354400027629, 41.60260699980704], [-83.57345100038985, 41.6026710003199], [-83.57341200003181, 41.60270200001022], [-83.57338500026763, 41.602725000052494], [-83.57336600000106, 41.60274399993524], [-83.57330400007677, 41.60278599983293], [-83.5732560003962, 41.60281000005012], [-83.57321500038832, 41.60282499976144], [-83.57311699958072, 41.602851999904836], [-83.57295599992223, 41.60288099977258], [-83.57290200039387, 41.60288499991545], [-83.57279500026374, 41.602891999997], [-83.57276000010364, 41.602897999874294], [-83.57274300038522, 41.6029039997511], [-83.5725390001707, 41.602610999966906], [-83.5725020003608, 41.60256300004737], [-83.57235099984973, 41.60234199991519], [-83.5719249998774, 41.602505000012975], [-83.57150999977567, 41.602665999956734], [-83.5712770001472, 41.60275500018296], [-83.57103299974972, 41.602850999700685], [-83.57077500000686, 41.60294799994999], [-83.57024000025456, 41.60264700005102], [-83.57028899976004, 41.60262399998095], [-83.57030800002661, 41.602613999918695], [-83.57034400001163, 41.602597999950234], [-83.57035800025534, 41.60259200004499], [-83.57038699966934, 41.60257900002449], [-83.57040599993591, 41.60256700020996], [-83.5704340004233, 41.602557000138866], [-83.57054700040122, 41.602526999916336], [-83.57058599986097, 41.60251999979525], [-83.57066899970164, 41.60250999971687], [-83.570729999801, 41.602503999803446], [-83.5707919997253, 41.60249799988951], [-83.57083000025844, 41.60249300018468], [-83.57085000034992, 41.60249000022722], [-83.57086700006836, 41.60249099976523], [-83.5708839997868, 41.602491999974966], [-83.57091499974894, 41.602486000059855], [-83.57095800030497, 41.60247599997626], [-83.57107399975759, 41.60247199980802], [-83.571130999659, 41.60247199980802], [-83.57119799960616, 41.60247100026972], [-83.57125299985773, 41.602465999891066], [-83.57129800006359, 41.60246100018376], [-83.57133599969842, 41.60245899976336], [-83.57138299955409, 41.602452000306585], [-83.5714050001937, 41.60244699992646], [-83.5714610002702, 41.60243399987675], [-83.57150800012586, 41.602420999824425], [-83.57156099982932, 41.602404000268784], [-83.57163899964712, 41.60237599972646], [-83.57171700036325, 41.60235300023149], [-83.5717790002875, 41.60233599998618], [-83.57183100016604, 41.6023259998793], [-83.57190700033404, 41.602318999736404], [-83.57200500024334, 41.60231599977085], [-83.57208100041132, 41.60231100005192], [-83.57212599971884, 41.60230299969475], [-83.57221399958239, 41.602274999780356], [-83.57226600035924, 41.60225500021786], [-83.57237500013917, 41.60220599981941], [-83.57245700015494, 41.60216899994622], [-83.57251900007924, 41.602143999947316], [-83.57258100000351, 41.60211599996387], [-83.57264100027795, 41.60208399977599], [-83.57268300011074, 41.60205699998299], [-83.5727500000579, 41.60200900032311], [-83.57279400043885, 41.60197500031851], [-83.5728329998986, 41.60194300006071], [-83.57288899997508, 41.601906000036784], [-83.57292099976213, 41.60188500014079], [-83.57293500000583, 41.60187399974477], [-83.57296299959492, 41.60186300001856], [-83.57297799966355, 41.601855999825446], [-83.57299399955706, 41.60184399987645], [-83.57301299982365, 41.60182799971708], [-83.57302700006734, 41.60181899975162], [-83.57305600037967, 41.60180300025776], [-83.57313099982441, 41.60175100019602], [-83.57316199978656, 41.60173600023498], [-83.57320600016749, 41.60169799987033], [-83.5732499996501, 41.60165700015888], [-83.5732699997416, 41.601631999961604], [-83.57332599981808, 41.601579000209945], [-83.57338600009254, 41.60152699996764], [-83.573398999613, 41.60151699973543], [-83.57344800001682, 41.60146899967382], [-83.57347999980388, 41.601448999861574], [-83.57350800029127, 41.60142499980995], [-83.57353300040563, 41.60140300020263], [-83.57356299964455, 41.60138299969817], [-83.57359899962957, 41.6013569998392], [-83.57362700011696, 41.601335999764544], [-83.57363899981253, 41.60132300016278], [-83.57365100040641, 41.60128399999823], [-83.57366899994976, 41.60125800009937], [-83.5736930002392, 41.60124400025282], [-83.57373699972183, 41.601218999895494], [-83.57375000014062, 41.60121299986207], [-83.57376199983618, 41.601203999810856], [-83.57377000023209, 41.601192999970436], [-83.57378399957749, 41.60116400001585], [-83.57379899964609, 41.60113200002763], [-83.57382399976046, 41.60106900023538], [-83.57383899982906, 41.601020999840536], [-83.57384399985195, 41.60099700030153], [-83.57384600040008, 41.60097499987655], [-83.57384800004989, 41.6009639999971], [-83.57384899987483, 41.60094299979461], [-83.57384499967687, 41.60092800031752], [-83.57383999965398, 41.60091600019597], [-83.57384200020212, 41.60088700011684], [-83.57384300002704, 41.60087499998766], [-83.57384399985195, 41.60085699978968], [-83.57385100042295, 41.60083499998872], [-83.5738689999663, 41.60080799967313], [-83.57388400003491, 41.6007889998921], [-83.57389200043083, 41.60077999978174], [-83.57389900010354, 41.600767000067975], [-83.573911999624, 41.60075699971793], [-83.5739180003701, 41.600748999839865], [-83.57392199966975, 41.600731999843696], [-83.57393199971548, 41.60068399986999], [-83.57393599991345, 41.60066500005246], [-83.57393699973836, 41.60065299988199], [-83.5739390002865, 41.60063500029385], [-83.57394900033223, 41.60061399998425], [-83.57395099998206, 41.60058100015577], [-83.57397000024865, 41.6005179998256], [-83.57400100021079, 41.60039799976227], [-83.5740170001043, 41.6003190000634], [-83.57401799992921, 41.600309000315704], [-83.57401799992921, 41.60029800032278], [-83.57401100025652, 41.60027899971983], [-83.57400799988348, 41.60026200027163], [-83.57400600023365, 41.60023900002324], [-83.57400799988348, 41.60022399971075], [-83.57401399973125, 41.60020600000295], [-83.57402200012717, 41.60019099968278], [-83.5740370001958, 41.600163999769514], [-83.5740439998685, 41.60014900011136], [-83.57404700024153, 41.600136000270474], [-83.57404899989135, 41.60011999968761], [-83.57404700024153, 41.600103999772486], [-83.5740520002644, 41.60008700027823], [-83.57405599956405, 41.60006899986044], [-83.57406300013506, 41.60004600021494], [-83.57407800020368, 41.600010000023254], [-83.57408599970128, 41.59999700015437], [-83.57409200044738, 41.59997899971148], [-83.57409300027228, 41.59995100013217], [-83.57413299955694, 41.59994999988305], [-83.57418000031092, 41.599871999886105], [-83.57420899972493, 41.5998229996934], [-83.57410300031803, 41.5998239999445], [-83.57319000027397, 41.599828999856115], [-83.57220600008478, 41.59983500001822], [-83.57120699982698, 41.59983899967814], [-83.57030300000376, 41.59984499983936], [-83.57010899983499, 41.599708999855075], [-83.57004799973562, 41.59966500013472], [-83.570032999667, 41.59964799985305], [-83.5706589996559, 41.59917299981347], [-83.57132900002573, 41.598657000034486], [-83.57234900019992, 41.59788600019154], [-83.57386099957039, 41.5967420003295], [-83.57502300003479, 41.597608000044275], [-83.57503399990544, 41.59757500002222], [-83.57503999975323, 41.597566000135416], [-83.57504800014914, 41.59754300026967], [-83.57505399999692, 41.59753100019046], [-83.57505700036998, 41.59751999972398], [-83.57506800024065, 41.5975030002208], [-83.5750730002635, 41.59749300003681], [-83.57507800028638, 41.59748099994825], [-83.57508400013415, 41.5974709997608], [-83.57508800033212, 41.597459999955895], [-83.575093000355, 41.59744299976517], [-83.57510000002767, 41.59742399966523], [-83.57510300040074, 41.597414999757376], [-83.57511099989833, 41.59740399994292], [-83.57511099989833, 41.59739100022083], [-83.5751229995939, 41.59737799982438], [-83.57512699979188, 41.59736800029276], [-83.57513000016492, 41.59735899970531], [-83.57513900038575, 41.5973479998813], [-83.5751500002564, 41.597326999845656], [-83.57516299977688, 41.597310999909936], [-83.5751719999977, 41.5972949999702], [-83.5751719999977, 41.59728200022616], [-83.5751850004165, 41.59726699989815], [-83.5751920000892, 41.597254999767635], [-83.5751999995868, 41.59724599983621], [-83.5752070001578, 41.59723499999295], [-83.57520899980761, 41.59722299985642], [-83.57521600037863, 41.597212000009286], [-83.57522100040151, 41.59720100016023], [-83.57522800007419, 41.5971929998413], [-83.57523300009709, 41.59718399990123], [-83.57524200031791, 41.59717100013488], [-83.57525400001347, 41.597155000160434], [-83.57527099973191, 41.59712399982078], [-83.57529099982338, 41.5970880000145], [-83.57529900021932, 41.59707700014431], [-83.57531000008997, 41.59705799993663], [-83.5753190003108, 41.59704899997769], [-83.57532400033368, 41.59703699980663], [-83.5753390004023, 41.59700699970504], [-83.57541200019722, 41.597040000017536], [-83.57545999987781, 41.596968000291135], [-83.57548400016724, 41.59691199985121], [-83.57543999978631, 41.59682700014633], [-83.5754609997027, 41.59679199980061], [-83.57532500015859, 41.59671500031681], [-83.57479700007899, 41.59641499986398], [-83.57459200003959, 41.59629799980653], [-83.57453199976511, 41.59626600009264], [-83.57450699965077, 41.596247999952716], [-83.5744530001224, 41.59620900008017], [-83.57408499987636, 41.59601899989886], [-83.57300199995298, 41.595452999961644], [-83.57186600032617, 41.59544199981279], [-83.57191400000673, 41.59541200031346], [-83.57222399962812, 41.595186000277785], [-83.5735309998575, 41.594254000248206], [-83.57350900011619, 41.594254000248206], [-83.57331599977235, 41.594256000251114], [-83.57329400003103, 41.594256000251114], [-83.57285800001294, 41.59426200025956], [-83.57165100024099, 41.59427600027712], [-83.5703210004454, 41.59429099995662], [-83.57030700020171, 41.59427499994005], [-83.57028999958496, 41.594254000248206], [-83.57026100017096, 41.59422299985883], [-83.57023600005661, 41.59419600013604], [-83.57021199976715, 41.59416899973012], [-83.57016800028454, 41.59412399992426], [-83.57013399994933, 41.59409199980436], [-83.57010499963704, 41.59406599969527], [-83.57006600017729, 41.594032999877626], [-83.57002599999431, 41.59400000004311], [-83.56997199956763, 41.593959000143805], [-83.56989399974984, 41.59390400012325], [-83.56983000017573, 41.59386399983454], [-83.56981699975694, 41.593867000193], [-83.56978199959684, 41.59387599992377], [-83.56974999980979, 41.593890000025], [-83.56973200026644, 41.59391000016442], [-83.56960500004483, 41.593985000295994], [-83.56955800018918, 41.594050999963486], [-83.56954399994548, 41.59414399999112], [-83.56952100037925, 41.59420299981639], [-83.56940400020338, 41.59431699997508], [-83.56931200014188, 41.59436800031676], [-83.5692009998138, 41.594384000310285], [-83.56905600004885, 41.59436699998117], [-83.56895499976649, 41.59434400031908], [-83.56885100000943, 41.594310000307026], [-83.56874200022949, 41.59425800025401], [-83.56858900006861, 41.59415699969537], [-83.56858999989352, 41.594081999763645], [-83.5685820003959, 41.593471999724635], [-83.56858099967268, 41.59330799997321], [-83.56856599960408, 41.591104000002446], [-83.57424700025807, 41.59110100018742], [-83.57420299987714, 41.59116200020552], [-83.57411800038663, 41.59120599967614], [-83.57395199980698, 41.591347999717534], [-83.57381999956249, 41.5915790003051], [-83.5736649997518, 41.591760999799035], [-83.57364300001049, 41.59190799981669], [-83.5736649997518, 41.59201500008069], [-83.57372900022422, 41.59208099974691], [-83.57381999956249, 41.59213899974402], [-83.573875999639, 41.59218000012755], [-83.57390599977622, 41.592202000191506], [-83.57394799960902, 41.59224799969025], [-83.57400399968552, 41.5922959998917], [-83.57406200031014, 41.592372999944416], [-83.57409200044738, 41.59250699987816], [-83.57469400014682, 41.592399000063594], [-83.57527900012784, 41.592262000144586], [-83.57628000003544, 41.59191600011886], [-83.57641899995262, 41.59186099970123], [-83.57684300027516, 41.5915540002349], [-83.57723800028536, 41.59127299988126], [-83.57723599973721, 41.59096999984368], [-83.5772409997601, 41.590335000087265], [-83.5746999999946, 41.590342000186354], [-83.57454000016102, 41.590342999912515], [-83.57457899962078, 41.59027699981303], [-83.57458600019179, 41.59026600012582], [-83.5745939996894, 41.59025600016421], [-83.57460399973513, 41.59024400007389], [-83.5746149996058, 41.590226999998116], [-83.5746220001768, 41.59021400017427], [-83.57462499965153, 41.5901970000906], [-83.57462600037476, 41.590179000273764], [-83.57462499965153, 41.59016000005107], [-83.5746210003519, 41.59014399968241], [-83.5746149996058, 41.589952000323954], [-83.57476100009397, 41.589814000180425], [-83.57488499994253, 41.589761999864834], [-83.57493299962312, 41.58974999968268], [-83.57503999975323, 41.58979999986698], [-83.57515399955605, 41.58990000011951], [-83.57516500032501, 41.58991599987677], [-83.57517600019567, 41.58992599989106], [-83.57519100026428, 41.589943999778434], [-83.57528199960257, 41.59006099993186], [-83.57534199987703, 41.590108000014176], [-83.57542999974056, 41.59012899971108], [-83.57552099997717, 41.59012799998161], [-83.57560299999294, 41.59011799999867], [-83.57566099971926, 41.59009899975801], [-83.5757629998265, 41.59004399980785], [-83.57579700016169, 41.59001699968082], [-83.57584400001736, 41.589935999903744], [-83.5758320003218, 41.589817000055255], [-83.57582800012382, 41.58970399974761], [-83.57590400029181, 41.58957000004213], [-83.5759179996372, 41.589513999902294], [-83.57591599998737, 41.58945499982237], [-83.5758890002232, 41.589374000012036], [-83.57574299973501, 41.58926200001562], [-83.57565599969638, 41.589194999738936], [-83.57559299994719, 41.58913999969048], [-83.57557899970348, 41.589093999992635], [-83.57558700009939, 41.58901299972935], [-83.5756359996049, 41.588725999886336], [-83.5756499998486, 41.588639999727036], [-83.57723599973721, 41.588584000124264], [-83.57723599973721, 41.58857099996957], [-83.57722900006453, 41.58815800030784], [-83.57722499986657, 41.58794100029231], [-83.57723599973721, 41.586899999742116], [-83.57623700037774, 41.586883000129575], [-83.57619499964662, 41.58688199967793], [-83.57528999999849, 41.58688099989818], [-83.57508499995909, 41.58688199967793], [-83.57478299983526, 41.586883000129575], [-83.57480999959947, 41.58866399982992], [-83.57305600037967, 41.58866699975814], [-83.57191900002961, 41.58866699975814], [-83.57048499957862, 41.58868799992384], [-83.5702369998815, 41.588687000172065], [-83.56996099969699, 41.588681000317294], [-83.56995700039735, 41.58796799994385], [-83.56858099967268, 41.587964000220126], [-83.56857999984778, 41.58688600014055], [-83.56835800008993, 41.58688600014055], [-83.56744300039604, 41.58688600014055], [-83.56744900024381, 41.58637300026456], [-83.56744400022093, 41.58534800018231], [-83.56657200018475, 41.585345000099814], [-83.56578499963906, 41.585342000017235], [-83.56502399993097, 41.5853399997381], [-83.56503499980163, 41.58464999985983], [-83.56503499980163, 41.58456800025271], [-83.56503599962653, 41.58439799980134], [-83.56503800017467, 41.58399499991151], [-83.56503899999959, 41.58388200016449], [-83.56503899999959, 41.583781999997505], [-83.56503899999959, 41.58376900021972], [-83.5650409996494, 41.58364499993386], [-83.56502399993097, 41.58332999967572], [-83.56501700025827, 41.58321300009077], [-83.56508599985523, 41.58321300009077], [-83.56511599999247, 41.58321600027228], [-83.56529900029058, 41.58323800003139], [-83.5654830004136, 41.58325999978297], [-83.56561200028503, 41.583270000156226], [-83.56571199984414, 41.58327800018497], [-83.56580599955545, 41.58328300003448], [-83.56616999960355, 41.58294799985647], [-83.56627699973366, 41.58284900010096], [-83.56634799987877, 41.582782999731705], [-83.56661200036773, 41.58295100005027], [-83.56673500039136, 41.58302899966571], [-83.56744699969568, 41.58242700013989], [-83.57011899988072, 41.57999200005553], [-83.57296400031814, 41.577409999779526], [-83.57415600002147, 41.57632699984569], [-83.57499700009551, 41.57556399972379], [-83.57501999966173, 41.575542999993736], [-83.57706400020808, 41.5736879998115], [-83.57705900018523, 41.57352300022036], [-83.57705800036031, 41.57348100009828], [-83.5770509997893, 41.57329600017956], [-83.57704900013947, 41.57324699997431], [-83.57703700044391, 41.57289000023707], [-83.57703300024595, 41.57263699998544], [-83.57450199962788, 41.57499699991142], [-83.57393699973836, 41.57561300018744], [-83.57366899994976, 41.57590500027313], [-83.57338699991746, 41.57618199985919], [-83.57295500009732, 41.576608000065384], [-83.57259100004924, 41.57695600001318], [-83.57225899978822, 41.57726700006564], [-83.57226600035924, 41.57692799985499], [-83.57225799996333, 41.57640400012795], [-83.57224899974248, 41.57584699980422], [-83.56741900010658, 41.575842000051004], [-83.5625760000519, 41.575830999920576], [-83.55869999956964, 41.57578999990674], [-83.55779800029453, 41.57577999971912], [-83.55779900011945, 41.57581799988626], [-83.55784799962493, 41.57955999996468], [-83.55785099999798, 41.580168999869485], [-83.55785199982289, 41.580558999694986], [-83.5578529996478, 41.580638999936674], [-83.5578529996478, 41.580717000328875], [-83.55769399963913, 41.580714000031215], [-83.55763699973774, 41.58071300015601], [-83.55638499975994, 41.580714000031215], [-83.55637899991217, 41.581292999791515], [-83.55765500017941, 41.58130600006773], [-83.55773899984499, 41.58130299979744], [-83.55784599997511, 41.58130000019902], [-83.55783599992937, 41.582262000027754], [-83.55777999985287, 41.585100999869034], [-83.55777999985287, 41.585280999875145], [-83.55777099963204, 41.58542600026173], [-83.55776300013444, 41.58592600025573], [-83.55776300013444, 41.586628000028725], [-83.55631500033807, 41.586606000080856], [-83.55632200001075, 41.58667499992276], [-83.55632000036094, 41.5870890001132], [-83.55630100009435, 41.58755999997429], [-83.55629299969844, 41.58791399995758], [-83.55627900035306, 41.59023999981935], [-83.55627799962983, 41.5905180001245], [-83.55627599998, 41.590668999841625], [-83.55627599998, 41.59075400026566], [-83.55627500015511, 41.59093300024719], [-83.55627099995715, 41.59140900017409], [-83.55627199978204, 41.591430000119644], [-83.55627199978204, 41.59145399985712], [-83.5562609999114, 41.59205100002914], [-83.55625099986564, 41.59251500010604], [-83.55623699962194, 41.593229000329316], [-83.5562409998199, 41.59379199992426], [-83.55763699973774, 41.593808999733035], [-83.55775800011156, 41.593808999733035], [-83.55775800011156, 41.594032999877626], [-83.55775800011156, 41.59414500033023], [-83.55775800011156, 41.59423000020808], [-83.55663800037826, 41.59419000012146], [-83.55587799959675, 41.59414599999748], [-83.55587500012203, 41.594246000235806], [-83.55557200017331, 41.5942469999015], [-83.5555710003484, 41.594418999946384], [-83.5551770001631, 41.594410000291276], [-83.555142000003, 41.59444600024772], [-83.55513699998012, 41.59418899978304], [-83.55480200024438, 41.59418899978304], [-83.55440100038638, 41.594188000116446], [-83.55440600040926, 41.59416400005183], [-83.55442999980038, 41.59413500029772], [-83.55437200007407, 41.59413399995846], [-83.55431299962453, 41.594133000291016], [-83.55418299992817, 41.59427600027712], [-83.55139799976521, 41.59742300004874], [-83.5513469997116, 41.59748499975407], [-83.5512909996351, 41.59755499967489], [-83.54780099984053, 41.59755200015967], [-83.5478000000156, 41.597649999925856], [-83.54780099984053, 41.5979969997249], [-83.54780300038867, 41.59828200012168], [-83.54780400021356, 41.59860300025656], [-83.54779800036579, 41.59864700002925], [-83.54779900019071, 41.59874000015236], [-83.54779900019071, 41.598775999709], [-83.5478000000156, 41.59888999985189], [-83.54780300038867, 41.5994830000871], [-83.5478050000385, 41.599750000132424], [-83.5478059998634, 41.599941999904935], [-83.5478059998634, 41.59997600030896], [-83.54779900019071, 41.5999950003293], [-83.5478000000156, 41.60017900009595], [-83.54780099984053, 41.60065299988199], [-83.54780699968832, 41.600983999959716], [-83.5480300001694, 41.60095100032039], [-83.5487719996109, 41.60095699970647], [-83.549179000215, 41.600962000202], [-83.55649400043822, 41.60105400011582], [-83.55636399984354, 41.60121599987885], [-83.55619099959121, 41.60140099974944], [-83.55596600035861, 41.60161299975143], [-83.55572100013623, 41.60182899993704], [-83.55569600002188, 41.601851000070866], [-83.55388099980439, 41.60345099983197], [-83.5526010002375, 41.60458200004288], [-83.5524249996121, 41.60472599989065], [-83.55218699996072, 41.60492500016826], [-83.55053800032292, 41.60636600018826], [-83.54997599990811, 41.60683799991768], [-83.54872999977812, 41.60794400009989], [-83.54848399973082, 41.608140000160965], [-83.54826399962279, 41.60829100029543], [-83.54807500037523, 41.608399999830304], [-83.54787500035869, 41.60849699979768], [-83.54761199969464, 41.60860299998299], [-83.54739300030984, 41.60867500016162], [-83.5470390003075, 41.60877100027481], [-83.54690799988794, 41.608800000169], [-83.54676899997078, 41.608819999717774], [-83.54649699998421, 41.60884599992803], [-83.54606400033916, 41.60886100025115], [-83.54412899957278, 41.60888300000243], [-83.54334299975031, 41.608890000104886], [-83.54292299962573, 41.608892999764734], [-83.54293400039471, 41.609730000168746], [-83.54293400039471, 41.612806999809635], [-83.54293299967148, 41.61295000005766], [-83.54294000024248, 41.613546000147814], [-83.54294000024248, 41.61410300029993], [-83.5429410000674, 41.61434599967573], [-83.54294000024248, 41.614723000297595], [-83.54294299971723, 41.614979000235095], [-83.5429410000674, 41.61549199975645], [-83.54285900005162, 41.615543000153515], [-83.54287800031821, 41.61726899988959], [-83.5428849999909, 41.61790499988067], [-83.54298899974796, 41.617903999909934], [-83.54362200030788, 41.61789800008491], [-83.54483300027778, 41.61788199987731], [-83.54624599991405, 41.617867000308706], [-83.54845399959359, 41.61784400029179], [-83.54852100043907, 41.61784300032005], [-83.54862099999818, 41.617840999704995], [-83.54992099965654, 41.61782900004276], [-83.55123899975655, 41.61781499976239], [-83.55343899993852, 41.617792999699454], [-83.5595980004434, 41.61773000005767], [-83.559718000094, 41.617728000110695], [-83.559718000094, 41.61764900014006], [-83.55973800018548, 41.61763899972032], [-83.55974999988105, 41.617631999895686], [-83.55976300029984, 41.617627000020455], [-83.55978099984318, 41.61762300012005], [-83.55979599991181, 41.61762200014489], [-83.55982000020124, 41.61762100016971], [-83.55984799979034, 41.61761900021935], [-83.55986399968387, 41.61761800024413], [-83.55991200026276, 41.61761600029368], [-83.55992700033137, 41.61761500031841], [-83.55994200039999, 41.61761299969628], [-83.55995699957029, 41.617611999720964], [-83.55999699975325, 41.6175990000406], [-83.56001900039288, 41.61759700008956], [-83.5600560002028, 41.61759300018725], [-83.56007999959394, 41.617591000235976], [-83.56013800021857, 41.61758599968603], [-83.56015199956396, 41.617584999710296], [-83.5601750000285, 41.61758399973459], [-83.56020099996776, 41.617582999758824], [-83.56021699986128, 41.61758199978304], [-83.5602460001736, 41.61758199978304], [-83.56027600031084, 41.61758199978304], [-83.56029200020434, 41.61758199978304], [-83.56030999974772, 41.61758199978304], [-83.56032499981632, 41.61758099980729], [-83.56033999988493, 41.61757999983147], [-83.56038099989281, 41.61757499995221], [-83.56040299963412, 41.617572000024495], [-83.56041799970274, 41.61757000007262], [-83.56043199994645, 41.617568000120684], [-83.56046200008366, 41.617563000240494], [-83.56049700024379, 41.61755399978365], [-83.56051099958917, 41.61755099985495], [-83.56055099977213, 41.61754300004437], [-83.56056199964279, 41.617539000138756], [-83.56058299955919, 41.61753600020931], [-83.56060100000084, 41.617532000303264], [-83.56066299992511, 41.617519999911906], [-83.56070999978078, 41.61751100012065], [-83.56072400002448, 41.61750800018995], [-83.56074099974292, 41.617504000282125], [-83.56075699963645, 41.61750099967951], [-83.5607809999259, 41.61749499981704], [-83.5608379998273, 41.617478000203654], [-83.56088200020822, 41.617463999847125], [-83.56094499995743, 41.617446000247675], [-83.56097900029262, 41.617434999818435], [-83.56100299968374, 41.61742799997167], [-83.56103100017116, 41.617421000124125], [-83.56105999958515, 41.61741400027583], [-83.5611190000347, 41.61740099988397], [-83.5611969998525, 41.61738700018226], [-83.56124100023344, 41.61737799970086], [-83.56125899977678, 41.61737499976398], [-83.56132700044716, 41.61735900009822], [-83.56135500003626, 41.617352000243194], [-83.56137599995266, 41.617345999695274], [-83.5614279998312, 41.61733199998164], [-83.56144899974758, 41.617326000103446], [-83.56146700018925, 41.61732100020455], [-83.56152999993843, 41.6173049998538], [-83.5615690002965, 41.61729500005231], [-83.56159699988558, 41.61728700020998], [-83.56165700016005, 41.61726999987017], [-83.56171599971128, 41.61725500015923], [-83.56174699967343, 41.61724700031195], [-83.56178199983351, 41.617235999848766], [-83.56185200015372, 41.61721600022283], [-83.56187600044316, 41.61721000033385], [-83.56189800018447, 41.61720599973594], [-83.56191300025309, 41.61720399977272], [-83.56192699959847, 41.61720299979106], [-83.56194300039031, 41.61720299979106], [-83.5619579995606, 41.61720199980938], [-83.56197299962922, 41.61720199980938], [-83.56198699987291, 41.61719999984603], [-83.56201500036033, 41.61719499993731], [-83.56202799988081, 41.61719000002826], [-83.5620410002996, 41.61718400013686], [-83.56213400018602, 41.61714100022717], [-83.56214400023177, 41.61713500033122], [-83.5621609999502, 41.61712699979745], [-83.56221899967653, 41.61710200022183], [-83.56230499989024, 41.6170650001605], [-83.5623440002483, 41.6170499997303], [-83.56235799959369, 41.617043999825874], [-83.56237799968518, 41.61703699993665], [-83.56239000027905, 41.61703000004668], [-83.56240600017259, 41.617028000077994], [-83.56245499967807, 41.61702200017148], [-83.56248200034055, 41.61701800023356], [-83.56253599986893, 41.61700799971597], [-83.56264999967173, 41.616981000124035], [-83.56277000022064, 41.61695899977661], [-83.56283499961967, 41.61694699995022], [-83.56286700030503, 41.61694100003622], [-83.5629779997348, 41.616921000318804], [-83.56304200020723, 41.61690999980002], [-83.56306399994853, 41.616905999855106], [-83.5630830002151, 41.61690299989626], [-83.5631390002916, 41.61689100005951], [-83.5631610000329, 41.61688600012683], [-83.56320000039096, 41.616878000233775], [-83.56321499956127, 41.61687400028692], [-83.56328200040672, 41.61686299976007], [-83.56330400014804, 41.616857999825285], [-83.5633290002624, 41.61685399987714], [-83.5633579996764, 41.61684799995448], [-83.56345599958568, 41.61682600023323], [-83.56351300038541, 41.616812999722846], [-83.56354900037043, 41.616803999832925], [-83.5635619998909, 41.61680099986935], [-83.56357399958647, 41.61679899989356], [-83.56359399967793, 41.61679399995376], [-83.56360899974656, 41.6167909999897], [-83.56363499968585, 41.61678500006119], [-83.56366099962509, 41.61677900013212], [-83.56368499991454, 41.61677400019076], [-83.563709000204, 41.61676900024906], [-83.56372799957225, 41.6167700002374], [-83.56380799993818, 41.61675499973858], [-83.56384200027338, 41.61674999979541], [-83.56387599971025, 41.616745999840575], [-83.56389800034988, 41.61674399986304], [-83.56392400028915, 41.61673999990787], [-83.56393799963453, 41.616735999952404], [-83.5639560000762, 41.616731999996695], [-83.56397199996972, 41.61672800004074], [-83.5639910002363, 41.61672500007362], [-83.56401499962743, 41.616719000138964], [-83.56402899987113, 41.61671600017142], [-83.56410599986401, 41.61669599971264], [-83.56411900028282, 41.61669299974404], [-83.56413299962819, 41.61668999977528], [-83.56414900042004, 41.61668799979601], [-83.56418000038218, 41.61668199985791], [-83.56420899979618, 41.61667699990908], [-83.5642370002836, 41.61667099996996], [-83.56425200035221, 41.61666800000019], [-83.56427999994129, 41.61666200006018], [-83.56430800042871, 41.616657000109804], [-83.56432699979696, 41.616655000129505], [-83.56434100004066, 41.6166689999901], [-83.56434699988846, 41.6166809998682], [-83.56435500028438, 41.616706000278604], [-83.56435600010927, 41.616717000160634], [-83.56435600010927, 41.61672800004074], [-83.56435899958402, 41.61674699982932], [-83.56462300007297, 41.61665600011967], [-83.56465599968493, 41.61664400023695], [-83.56473400040105, 41.616617999811794], [-83.56492500019677, 41.616550999726904], [-83.56526999997826, 41.616434999906545], [-83.56539800002479, 41.61639100017489], [-83.56543200035996, 41.616380000237264], [-83.56545800029923, 41.616371000286925], [-83.56549299956102, 41.61635999967428], [-83.56554199996482, 41.61634399975672], [-83.56558399979761, 41.61633499980137], [-83.56562900000347, 41.616326999839956], [-83.56566800036153, 41.61631899987756], [-83.565680999882, 41.61631299990513], [-83.56569699977551, 41.61630699993215], [-83.56571799969191, 41.616287000018126], [-83.56573299976053, 41.61625600013914], [-83.56573399958543, 41.616228000235665], [-83.56575100020218, 41.6161919996703], [-83.56576399972266, 41.61616699973221], [-83.56579100038516, 41.61613299980093], [-83.56582200034731, 41.61610799983997], [-83.56584300026371, 41.616090999861], [-83.56586900020298, 41.61607799987407], [-83.5658850000965, 41.61607299987841], [-83.56595200004365, 41.61605499989076], [-83.56604400010517, 41.61602799989988], [-83.56610199983147, 41.61601199989996], [-83.5661799996493, 41.61598799989262], [-83.56620599958853, 41.61597699988626], [-83.56622499985512, 41.615967999879686], [-83.56627099988589, 41.615955999868966], [-83.56634100020608, 41.61594799986055], [-83.56636899979517, 41.61594499985715], [-83.56640599960508, 41.615939999851186], [-83.56644900016111, 41.61593499984479], [-83.56651600010827, 41.61591699981867], [-83.56652899962874, 41.61591399981377], [-83.56662999991107, 41.61588699976392], [-83.56668900036061, 41.61587999974913], [-83.56672500034563, 41.61587599974034], [-83.56676600035352, 41.615870999728976], [-83.56682699955456, 41.61585599969267], [-83.56685599986689, 41.61584799967184], [-83.56695399977617, 41.61581900025974], [-83.56701499987554, 41.61580900022785], [-83.56706599992918, 41.61580900022785], [-83.56710100008928, 41.615817000253465], [-83.56713799989919, 41.615822000269006], [-83.56716499966336, 41.615817000253465], [-83.56716899986132, 41.61580800022456], [-83.56717600043234, 41.61578900015941], [-83.5671809995569, 41.61577600011161], [-83.56719399997569, 41.61576100005316], [-83.56721400006718, 41.61574900000393], [-83.56725300042525, 41.61573399993921], [-83.56733700009082, 41.61569899977469], [-83.5673789999236, 41.615682999693156], [-83.56747099998513, 41.61563400009032], [-83.56766400032897, 41.61554600017562], [-83.56781900013966, 41.615465000201496], [-83.56788000023904, 41.61543999998161], [-83.56798900001898, 41.61538700015509], [-83.56811299986755, 41.61531800011288], [-83.56824099991407, 41.61525500006832], [-83.56839400007493, 41.61517599975492], [-83.5684970000071, 41.6151269997669], [-83.56862300040379, 41.61507999977086], [-83.5686739995591, 41.615063000192556], [-83.56873200018374, 41.61503799981686], [-83.56881199965136, 41.61499299978786], [-83.56888000032174, 41.61495499984337], [-83.56894200024601, 41.61492099994475], [-83.56904500017818, 41.61487699985182], [-83.5691020000796, 41.61485800018398], [-83.56917499987452, 41.61483499976562], [-83.56933800008115, 41.61478500017107], [-83.5694610001048, 41.614735999886015], [-83.56969499955821, 41.61463199974711], [-83.57008799991858, 41.6144740001838], [-83.57051300006604, 41.614273999782], [-83.57057800036337, 41.61426000007317], [-83.57075699956519, 41.61416800018399], [-83.57088200013698, 41.61410100024049], [-83.57100099996266, 41.614016999701825], [-83.5711099997426, 41.61391499981207], [-83.57117400021504, 41.613865000175984], [-83.57137400023156, 41.61370900014877], [-83.57148200018659, 41.613621000294174], [-83.57173499990658, 41.613412000242306], [-83.57196000003748, 41.613226999885235], [-83.57209399993178, 41.613115999684986], [-83.5725109996833, 41.612814000157925], [-83.57313400019746, 41.612344999993205], [-83.57353400023055, 41.61205699973301], [-83.57368499984328, 41.61194899972369], [-83.57374500011774, 41.61191500025545], [-83.57393300043871, 41.61177000026772], [-83.57406899998286, 41.61166600004803], [-83.57422299996863, 41.61154399975742], [-83.57433199974857, 41.611444000128905], [-83.57453000011529, 41.611317999798636], [-83.57464599956793, 41.611223000191785], [-83.57517500037076, 41.61072600027208], [-83.57535299974768, 41.61055799969818], [-83.57540799999926, 41.61051199981659], [-83.57546400007575, 41.61048300002037], [-83.57548800036521, 41.61047000024644], [-83.57556199998506, 41.61043200032393], [-83.5756070001909, 41.61040499999425], [-83.57565200039673, 41.61036700003346], [-83.57573699988724, 41.6102659998345], [-83.57589400024607, 41.61008300004204], [-83.57594699994952, 41.61000799981195], [-83.57599700017823, 41.609934000260694], [-83.57607099979809, 41.60983899995903], [-83.57611500017902, 41.609772000220616], [-83.57614100011827, 41.609730000168746], [-83.57616600023262, 41.60964999970633], [-83.57618100030125, 41.60957900004405], [-83.57618700014902, 41.609527000204004], [-83.57622599960878, 41.609467000181446], [-83.5762769996624, 41.609363999710396], [-83.57632100004332, 41.60929100019639], [-83.57637299992187, 41.60918700001003], [-83.57648199970181, 41.60895300032113], [-83.5765729999384, 41.608674000047785], [-83.57658299998415, 41.60865899968112], [-83.57660899992342, 41.60861299978875], [-83.57662399999204, 41.608569000094604], [-83.57663400003777, 41.60854000009664], [-83.5766499999313, 41.608455999704645], [-83.57665699960398, 41.60842000017483], [-83.57668799956612, 41.60835399975326], [-83.57670000016002, 41.608332999940835], [-83.57671500022863, 41.60830700019557], [-83.57674299981771, 41.60827900019981], [-83.57677999962765, 41.60821399975503], [-83.57679300004644, 41.60814699967235], [-83.57679200022152, 41.60807099975502], [-83.57678100035086, 41.60802899993905], [-83.57678499965051, 41.60793699989479], [-83.57681399996282, 41.60783300021239], [-83.57690600002435, 41.607597000053], [-83.5769450003824, 41.60750000007584], [-83.57696899977354, 41.607436999784035], [-83.57700499975854, 41.607356999836625], [-83.5770990003682, 41.60723600026495], [-83.57714200002589, 41.60714200015799], [-83.5771789998358, 41.607069000144826], [-83.57720399995019, 41.60702000004361], [-83.57732299977586, 41.6068509997518], [-83.57737999967728, 41.60678800016965], [-83.57748000013468, 41.60670099974994], [-83.57751799976954, 41.60665300018617], [-83.57753500038629, 41.606606000060964], [-83.57757800004397, 41.606496000034234], [-83.57758800008973, 41.60646299985529], [-83.57763199957235, 41.606322999783714], [-83.57766699973244, 41.60625099966699], [-83.57768799964883, 41.606207999857524], [-83.57771899961098, 41.60616899995862], [-83.57773100020485, 41.60614000022521]]], [[[-83.5918000000614, 41.54555000016344], [-83.59188399972699, 41.54544100006249], [-83.58708199968017, 41.54346200015873], [-83.5868940002575, 41.54338500028469], [-83.58293800030762, 41.541750999842414], [-83.58184799981323, 41.54130999987854], [-83.58167700010901, 41.54124000017331], [-83.58155599973517, 41.54118900023476], [-83.58110100034882, 41.540997999725015], [-83.58104500027233, 41.540974000064644], [-83.57605499990454, 41.538918000128426], [-83.57586499993376, 41.53883999969945], [-83.57585599971291, 41.53962699997229], [-83.57584099964431, 41.54306900024293], [-83.57589099987301, 41.546035000111694], [-83.5724810004444, 41.54600499984617], [-83.5724610003529, 41.54745500011844], [-83.5722989999712, 41.54745300001065], [-83.57149300005726, 41.547445999969014], [-83.56759499983367, 41.54740900031251], [-83.56759300018385, 41.54768400028757], [-83.56568799955468, 41.54767500017001], [-83.5621629996, 41.547658000318016], [-83.56212400014029, 41.5509649998535], [-83.56246899992178, 41.55097200018639], [-83.56251900015049, 41.554862999725536], [-83.56752399968858, 41.554860000243714], [-83.56752000038892, 41.55562899977305], [-83.56752100021384, 41.55652999970885], [-83.56751000034319, 41.557401999737685], [-83.56751000034319, 41.55755099979213], [-83.56751000034319, 41.55756499970289], [-83.56752799988654, 41.55756499970289], [-83.56756600041967, 41.55756499970289], [-83.5682929997926, 41.55756599993647], [-83.56885299965924, 41.557567000170046], [-83.56940000000542, 41.557567000170046], [-83.56966000029641, 41.557570000198446], [-83.56984400041945, 41.55757199999324], [-83.56993200028299, 41.55757300022672], [-83.57009999961416, 41.557575000021416], [-83.57047399970797, 41.557579000282836], [-83.57083399955809, 41.5575840001051], [-83.57115400012353, 41.55758700013272], [-83.5715659998522, 41.55759199995442], [-83.57181199989948, 41.55759499998166], [-83.5720660003427, 41.55759699977568], [-83.5721020003277, 41.5575999998027], [-83.57243100021569, 41.55762899983257], [-83.57254300036867, 41.55763799990874], [-83.57264700012576, 41.55764699998365], [-83.57260100009498, 41.55769400013043], [-83.57252199955396, 41.557785999861146], [-83.5724810004444, 41.557829000333356], [-83.57242399964467, 41.55789600021488], [-83.57237000011632, 41.55794399973611], [-83.5722989999712, 41.55799799991112], [-83.57212900009188, 41.55809700011478], [-83.57188200021967, 41.55821700015838], [-83.57160000018737, 41.55830500027277], [-83.57149999972994, 41.558348999948926], [-83.57139699979777, 41.55840800021627], [-83.57129700023867, 41.558457000249234], [-83.57118599991058, 41.55849499985139], [-83.57111899996343, 41.558494000304385], [-83.56750699997012, 41.558476999936495], [-83.56411300043503, 41.558466000210096], [-83.56409199962032, 41.56037100001465], [-83.56408800032068, 41.56063700030964], [-83.56408499994762, 41.56105900014345], [-83.56404099956669, 41.56477200008966], [-83.56403899991687, 41.56495000006034], [-83.56320100021587, 41.56494699970239], [-83.5625140001276, 41.56494400001644], [-83.56251599977743, 41.565082000212854], [-83.56252800037133, 41.56654200030828], [-83.56253699969383, 41.568020999694824], [-83.56253699969383, 41.56809699972661], [-83.56253900024197, 41.56842900012601], [-83.5600550003779, 41.568327000091735], [-83.56005899967754, 41.568752999680584], [-83.56005299982975, 41.56920499987095], [-83.56007499957107, 41.57032899973687], [-83.56009300001273, 41.57148600014237], [-83.56010200023356, 41.571908999699474], [-83.5603580003266, 41.57192099983716], [-83.5617459998485, 41.571984999861805], [-83.56173699962766, 41.57156300014723], [-83.56171300023654, 41.57053500010903], [-83.56220100013317, 41.57055800018809], [-83.56331699966852, 41.570609999839974], [-83.56335199982863, 41.57205699989771], [-83.56462300007297, 41.572110999703966], [-83.56496100018178, 41.57212599982881], [-83.56497799990021, 41.571205999839826], [-83.5649760002504, 41.57077400012219], [-83.56497100022752, 41.570230000126884], [-83.56496799985447, 41.56997099996111], [-83.5649639996565, 41.56962700020363], [-83.56502700030401, 41.56962900029739], [-83.56643800029045, 41.569673000328116], [-83.56642499987166, 41.5693010002239], [-83.56736800005297, 41.56931799976047], [-83.56736800005297, 41.56917899982084], [-83.56736499967991, 41.568270999674986], [-83.56735700018231, 41.567332999760644], [-83.56736100038027, 41.56496300026557], [-83.56977999994703, 41.564969000307705], [-83.57010499963704, 41.56496999975456], [-83.5704629998373, 41.564969000307705], [-83.57045299979157, 41.5656720001541], [-83.57044100009601, 41.56725399992352], [-83.57148899985928, 41.567258000257866], [-83.57151700034669, 41.569803000152106], [-83.57153099969207, 41.57106299983155], [-83.57223200002404, 41.571070000003836], [-83.57223299984896, 41.57039500006461], [-83.5734549996895, 41.5704099999159], [-83.57345399986461, 41.57108100027299], [-83.57505599964675, 41.57109800001324], [-83.5764459997168, 41.57110700022968], [-83.57701800017733, 41.57111000030157], [-83.57701999982714, 41.571578999743956], [-83.57702099965206, 41.5716589996843], [-83.57702300020021, 41.57184400025903], [-83.57703300024595, 41.57263699998544], [-83.5774879996323, 41.57224200000463], [-83.57802599975766, 41.571621999774614], [-83.57820800023083, 41.570386999784105], [-83.57732000030111, 41.57037600006885], [-83.57701700035241, 41.57037399999821], [-83.57702599967493, 41.57023100016443], [-83.57705199961421, 41.57014200012215], [-83.57709599999514, 41.57005600007808], [-83.5770869997743, 41.5693800002463], [-83.57708000010162, 41.569213999679086], [-83.57705499998727, 41.56766399997628], [-83.5770509997893, 41.567572000194126], [-83.57704800031456, 41.56730500013568], [-83.57704300029168, 41.566929000155895], [-83.57704099974356, 41.566789999780966], [-83.57703999991864, 41.5667039999795], [-83.57704199956846, 41.56619099973912], [-83.5770440001166, 41.56554599985127], [-83.5770440001166, 41.565463000072256], [-83.5770449999415, 41.56495899978908], [-83.57729699983659, 41.56495899978908], [-83.57756899982316, 41.56496100002735], [-83.57756899982316, 41.565016999952505], [-83.57756899982316, 41.56588399987441], [-83.57764699964095, 41.566114000052416], [-83.57766799955735, 41.56619799976721], [-83.57785699970323, 41.56700500012807], [-83.57810100010072, 41.56708400026965], [-83.57864000005097, 41.56716300031469], [-83.58240299965702, 41.5666589998502], [-83.58314300034704, 41.56646099998426], [-83.58376699978778, 41.566374000319705], [-83.58426899992811, 41.56589699989166], [-83.58433000002749, 41.56499299979849], [-83.5843380004234, 41.564874999807756], [-83.58438000025619, 41.564267999793515], [-83.58442799993678, 41.563581999832095], [-83.58443600033272, 41.563533999793385], [-83.58443600033272, 41.5634650000954], [-83.58446999976957, 41.5629349998124], [-83.58468300020492, 41.5628850003349], [-83.58507099964412, 41.562784999919536], [-83.58529999997297, 41.562669999721095], [-83.58536500027029, 41.56266000019097], [-83.58567099969373, 41.56260999982853], [-83.58591199971815, 41.56257099980128], [-83.58610599988693, 41.562539000174944], [-83.58670699976145, 41.56237999994836], [-83.58682899996019, 41.56233299984868], [-83.58702599960368, 41.56225600026946], [-83.58704599969516, 41.562248000325354], [-83.5870690001597, 41.562236999896484], [-83.58710699979454, 41.56222100000265], [-83.58712600006112, 41.56221400021587], [-83.58714799980241, 41.562203999943016], [-83.58718100031268, 41.56218900020299], [-83.58720600042705, 41.562177999764074], [-83.58722999981818, 41.56216599983313], [-83.58725499993254, 41.562156000225], [-83.5872730003742, 41.56214700010586], [-83.5872880004428, 41.56214000031106], [-83.58730699981106, 41.56213100018969], [-83.58732500025273, 41.56212200006706], [-83.58736999956025, 41.56209999983676], [-83.58740499972038, 41.56208200025378], [-83.58743700040571, 41.562063999993676], [-83.58745199957602, 41.56205700018989], [-83.58746599981973, 41.56204900022115], [-83.58747800041361, 41.56204199974358], [-83.58748900028428, 41.56203600010181], [-83.58751199985049, 41.56202299997985], [-83.58753199994196, 41.562011000020064], [-83.58755500040651, 41.56199699972814], [-83.58757999962255, 41.561981999940066], [-83.58762099963043, 41.56195599967185], [-83.5876380002472, 41.561946000031234], [-83.58765300031578, 41.56193400005715], [-83.58766900020933, 41.56192399974096], [-83.58768500010284, 41.561912999929106], [-83.58793299979996, 41.56170899996267], [-83.58820800015958, 41.56148200008313], [-83.58871199994974, 41.56106700023475], [-83.58908500021865, 41.560759000038274], [-83.58939499984004, 41.560504000298984], [-83.58981900016256, 41.56015400005976], [-83.59024799960963, 41.55979999981772], [-83.59026000020353, 41.55979100004264], [-83.5903780002043, 41.559694000146536], [-83.5905959997642, 41.55951400007828], [-83.59074499972711, 41.559390999810475], [-83.5908639995528, 41.55929200024468], [-83.59089200004021, 41.55926399982394], [-83.59091200013168, 41.55924399970804], [-83.59092300000235, 41.559234000319954], [-83.59094599956856, 41.559208999826396], [-83.59098800029966, 41.5591639998547], [-83.59101400023893, 41.55913499984141], [-83.59105299969868, 41.55908900028038], [-83.59106699994238, 41.559072000069], [-83.59108000036117, 41.5590549998532], [-83.59109000040691, 41.55904400022514], [-83.59109999955434, 41.55903100017351], [-83.59114200028544, 41.55897599997768], [-83.59114899995815, 41.558965999875944], [-83.59115900000388, 41.558952000268654], [-83.59116499985166, 41.558942999703284], [-83.59117999992029, 41.55892300016023], [-83.59118699959298, 41.55891199983755], [-83.5912090002326, 41.55887900020266], [-83.591222999578, 41.55885799975403], [-83.59123299962373, 41.55884199969572], [-83.59129100024836, 41.558842999909544], [-83.59146500032563, 41.558847000092484], [-83.59148700006695, 41.558847000092484], [-83.59161000009058, 41.558549000238216], [-83.5916660001671, 41.55838600006591], [-83.59168399971044, 41.55829800006182], [-83.59165799977116, 41.55816199994201], [-83.5916870000835, 41.557984000094145], [-83.59170100032719, 41.557759999921295], [-83.59170499962683, 41.55710899980158], [-83.59171100037292, 41.55645499976667], [-83.59170899982479, 41.554469999869646], [-83.5917079999999, 41.55352800009864], [-83.5917020001521, 41.55316800007152], [-83.59170100032719, 41.55292599989743], [-83.59169200010636, 41.55127200000769], [-83.5916949995811, 41.548982999859156], [-83.59169899977906, 41.547793999681176], [-83.59169999960396, 41.547616999905124], [-83.59170700017498, 41.54610099970563], [-83.59172100041866, 41.54574000025774], [-83.59174399998489, 41.54563000005888], [-83.59176499990129, 41.545595000200855], [-83.5918000000614, 41.54555000016344]], [[-83.57816499967483, 41.55118199973692], [-83.57816100037516, 41.552078999884365], [-83.57811899964405, 41.552078999884365], [-83.57798999977264, 41.55207800023813], [-83.5779510003129, 41.55207699991962], [-83.57771600013625, 41.552074999954804], [-83.57771100011338, 41.55253500031572], [-83.5772409997601, 41.55253099974211], [-83.577241999585, 41.55239000003647], [-83.57724699960787, 41.55206999970639], [-83.57725300035396, 41.551724999781825], [-83.57725800037684, 41.551436000298445], [-83.57726099985157, 41.551208999965766], [-83.5772619996765, 41.551173999766505], [-83.57752600016545, 41.551175999759245], [-83.57816499967483, 41.55118199973692]], [[-83.5794860001479, 41.551193999690604], [-83.57947000025437, 41.55239500026014], [-83.57946799970621, 41.55255200022982], [-83.57917200032854, 41.552548999968494], [-83.5791270001227, 41.55254800032953], [-83.57904000008405, 41.55254700001829], [-83.57858200032466, 41.55254100016726], [-83.57858300014956, 41.5521359998621], [-83.57858300014956, 41.55208299981372], [-83.57858700034751, 41.551238000174095], [-83.57859800021816, 41.55118599972173], [-83.57881499995315, 41.551187999714045], [-83.57903199968813, 41.55118999970629], [-83.57944299959186, 41.551193999690604], [-83.5794860001479, 41.551193999690604]], [[-83.58214499991416, 41.55212200011993], [-83.58191899995835, 41.55210700005662], [-83.58180900035349, 41.55210599973856], [-83.5816279997052, 41.55210700005662], [-83.58163199990317, 41.552556000129854], [-83.58120000008303, 41.5525500002797], [-83.58120199973285, 41.55210700005662], [-83.58038099975029, 41.55209999984664], [-83.58002099990019, 41.55210700005662], [-83.5799020000745, 41.55210700005662], [-83.57990399972432, 41.55119799967468], [-83.5800500002125, 41.55119999966661], [-83.58064299969111, 41.551206000314345], [-83.58097800032519, 41.55120800030609], [-83.58211700032506, 41.551214999940385], [-83.58214499991416, 41.55212200011993]]]]}, "properties": {"AREALAND": "13399998", "AREAWATER": "59593", "BASENAME": "Rossford", "CBSAPCI": "N", "CENTLAT": "+41.5812275", "CENTLON": "-083.5681989", "FUNCSTAT": "A", "GEOID": "3968686", "INTPTLAT": "+41.5775717", "INTPTLON": "-083.5721782", "LSADC": "25", "MTFCC": "G4110", "NAME": "Rossford city", "NECTAPCI": "N", "OBJECTID": 25362, "OID": "27890336755792", "PLACE": "68686", "PLACECC": "C2", "PLACENS": "01087197", "STATE": "39", "DISP_CLR": 1}}, {"type": "Feature", "id": 25406, "geometry": {"type": "Polygon", "coordinates": [[[-83.76653800022098, 41.516998999772795], [-83.76663500030536, 41.51185300012179], [-83.76360200044529, 41.51103599997244], [-83.76224199961415, 41.51066499971887], [-83.76133799979091, 41.51042800002145], [-83.76133899961582, 41.51031100028517], [-83.76134299981376, 41.510025999887496], [-83.76134500036193, 41.50982100004121], [-83.76136399973018, 41.50817399984539], [-83.76136799992815, 41.50788500015887], [-83.7613710003012, 41.507645999708956], [-83.76137600032406, 41.506527000132046], [-83.76138800001962, 41.504294000049015], [-83.76139700024045, 41.50267600031601], [-83.7614149997838, 41.501003999892355], [-83.76142200035481, 41.500307999718935], [-83.76140899993602, 41.500307999718935], [-83.76082800015297, 41.50030099995761], [-83.760351000127, 41.50029599974314], [-83.75993100000241, 41.5002899997544], [-83.75949499998433, 41.50028500021193], [-83.75845499971867, 41.50134099984046], [-83.7576610003986, 41.50214700000192], [-83.75696500008951, 41.503146999896686], [-83.75678799963917, 41.50341899983378], [-83.75581199984593, 41.50484499985221], [-83.75548799998082, 41.50533700014842], [-83.75529299998716, 41.50544599988323], [-83.75465699995252, 41.50580300009373], [-83.75338999990612, 41.50619200030202], [-83.75317399999605, 41.50625899986853], [-83.75304199975157, 41.50629800022684], [-83.75292499957573, 41.506372000134945], [-83.75266000016015, 41.50653900029862], [-83.75254800000715, 41.506610000229635], [-83.75221400009633, 41.50717400022281], [-83.75221499992124, 41.507259999835384], [-83.75208799969964, 41.50747400004954], [-83.75144099979434, 41.50732100030486], [-83.75115000043951, 41.50725900016906], [-83.75141999987794, 41.506747999816014], [-83.75220999989835, 41.50675399987907], [-83.75220800024853, 41.50661400028028], [-83.75220099967754, 41.50583900031664], [-83.75218700033213, 41.50439400010881], [-83.75217999976114, 41.5036479998299], [-83.75214700014917, 41.50017700031144], [-83.75193299988891, 41.500174000311624], [-83.74747999982158, 41.50014100030458], [-83.7474949998902, 41.501904000231626], [-83.74750099973797, 41.50256400006579], [-83.74751199960863, 41.503940999807305], [-83.74530200027924, 41.50394299991514], [-83.74530200027924, 41.503906999983535], [-83.74530499975398, 41.50189799971908], [-83.74530700030212, 41.500114000286324], [-83.74531899999768, 41.4976219996988], [-83.74338199958146, 41.497785000303196], [-83.74299599979207, 41.49781800016515], [-83.74299499996718, 41.494854000245596], [-83.74299300031736, 41.49263100028075], [-83.74390299998836, 41.492650000247096], [-83.74572099968057, 41.49268800016312], [-83.74742200009527, 41.4927229997119], [-83.74742499956999, 41.497444999890476], [-83.74974399957763, 41.49725000013468], [-83.7497350002551, 41.4960059998045], [-83.75075299988117, 41.495915000167635], [-83.75076899977468, 41.497164000010926], [-83.75207900037711, 41.49705499979172], [-83.75203599982108, 41.49282099969368], [-83.7520299999733, 41.49267799990408], [-83.75203800036923, 41.49239399984231], [-83.75205000006478, 41.4907520000906], [-83.75207000015628, 41.48792699979217], [-83.7520860000498, 41.485550000301025], [-83.75675599985213, 41.48564099969394], [-83.75915199985266, 41.485683999680646], [-83.75915799970045, 41.48519400016128], [-83.75923600041658, 41.47891499974804], [-83.7592470002872, 41.478194999740644], [-83.75742399967382, 41.478198000085364], [-83.75743200006974, 41.4772770001274], [-83.75744700013834, 41.475433999827835], [-83.75744899978817, 41.47526099993841], [-83.7574510003363, 41.47503700001026], [-83.75745899983391, 41.4740309998624], [-83.75448399970016, 41.474018000223964], [-83.75333499965453, 41.47401400017935], [-83.75220200040074, 41.474026000312435], [-83.75204199966885, 41.474161000141734], [-83.7497129996155, 41.47614599972137], [-83.74860899977571, 41.477079999971124], [-83.74792599988541, 41.47785299991321], [-83.74782100030342, 41.47797400021196], [-83.74761299989095, 41.47821500001715], [-83.7473910001331, 41.478458999931796], [-83.74708200033663, 41.478735999761426], [-83.74662200002909, 41.479314000236286], [-83.74611999988875, 41.47994300006219], [-83.7459890003675, 41.480076000182876], [-83.74590200032887, 41.48016499969124], [-83.74583200000866, 41.48019799978033], [-83.74567700019797, 41.48034100019666], [-83.74560000020509, 41.48042300012358], [-83.74542100010493, 41.48057999979268], [-83.74527899981472, 41.48072199996315], [-83.74519400032419, 41.480828999923915], [-83.74508399982105, 41.480923000108504], [-83.74499099993461, 41.48101099972816], [-83.7448849996294, 41.48109300015333], [-83.74459099990155, 41.48130100029038], [-83.74440799960342, 41.48145300020132], [-83.74402400036219, 41.481746000311965], [-83.74382099997261, 41.481916000216756], [-83.74367799985747, 41.48202300022508], [-83.74331899983227, 41.48226699993544], [-83.7431439999301, 41.48242099969891], [-83.7430390003481, 41.48252800021931], [-83.74279099975269, 41.4827509997864], [-83.74252499961389, 41.48294099991054], [-83.74235399990965, 41.483082000251756], [-83.74216200028906, 41.48319299983205], [-83.74208000027329, 41.483230999911434], [-83.74198200036398, 41.483310000111416], [-83.74179099966996, 41.483483000051116], [-83.74170500035454, 41.48352500009131], [-83.74164000005722, 41.48356900016826], [-83.74142300032226, 41.48369600006991], [-83.74134600032936, 41.48375899991282], [-83.74126799961324, 41.483812000085784], [-83.74116300003126, 41.48391600024834], [-83.74107699981752, 41.48395399990374], [-83.74094499957306, 41.4840019997908], [-83.74086000008253, 41.484069000106466], [-83.74073299986095, 41.484132000259706], [-83.74054899973791, 41.48426799992239], [-83.74046000004947, 41.48434600018406], [-83.74043199956206, 41.4844399999777], [-83.74035899976712, 41.48449699966446], [-83.74026900025376, 41.484546999856065], [-83.74019599956051, 41.48459800002524], [-83.74013500035946, 41.48464800013891], [-83.74006500003925, 41.484686000038], [-83.73999600044228, 41.484740000139624], [-83.7398569996268, 41.484835000047106], [-83.73964400008978, 41.48492699978232], [-83.73950799964732, 41.48499699984443], [-83.7394060004384, 41.48506999985749], [-83.7393500003619, 41.48512899967889], [-83.73925999995022, 41.48519300015437], [-83.73918999963003, 41.4852150003032], [-83.73910400031461, 41.485265999946606], [-83.73895299980356, 41.48537599981928], [-83.73890400029805, 41.48542299999548], [-83.73880200019082, 41.48548700018056], [-83.73863800015928, 41.48553200027285], [-83.7385269998312, 41.485597999678774], [-83.73843700031783, 41.48565899969184], [-83.73832699981466, 41.48572200031802], [-83.73783899991803, 41.48595100030495], [-83.73767400006159, 41.485984000139354], [-83.73756799975638, 41.48601899994541], [-83.73741600031873, 41.48608900017365], [-83.73730900018862, 41.48613099987054], [-83.73721499957895, 41.486191000063265], [-83.73713699976116, 41.486225999757444], [-83.73690699960738, 41.486319000198925], [-83.73675199979668, 41.48636799966873], [-83.73548200027555, 41.48639500003368], [-83.7347109996234, 41.48639799999876], [-83.7340910003806, 41.486406999893156], [-83.73290499962675, 41.48635899976887], [-83.73243900036974, 41.48635299983496], [-83.73087199984937, 41.486398999987074], [-83.73051299982419, 41.48641199983396], [-83.73016499966964, 41.486416999774384], [-83.72969299966653, 41.48641399981018], [-83.72853699994822, 41.48595200030016], [-83.72740799999409, 41.48613999980207], [-83.72409599957642, 41.48640399992849], [-83.72223199985346, 41.48664000008937], [-83.72030399965807, 41.487216000100396], [-83.71741599956293, 41.488603999973634], [-83.71471999998676, 41.49056800020939], [-83.7136320000405, 41.49179999980546], [-83.712842999845, 41.492494000110305], [-83.71243199994126, 41.492855999843485], [-83.7116479997686, 41.49446800014913], [-83.71152800011801, 41.49554800012763], [-83.7119359996487, 41.49677999988028], [-83.71270399992781, 41.49807199970168], [-83.71360000025345, 41.49989199970927], [-83.71361899962172, 41.500073999790025], [-83.7136320000405, 41.50019099986015], [-83.71378400037646, 41.50088399997853], [-83.71339699986386, 41.502228999915204], [-83.71123199984201, 41.506288000050986], [-83.7109709997261, 41.51092200016431], [-83.71165500033962, 41.51092200016431], [-83.71238199971253, 41.510918999989656], [-83.71242600009346, 41.51092000027212], [-83.71255900016286, 41.510920999881876], [-83.71406399986064, 41.51092999973258], [-83.7158649998344, 41.51093999986414], [-83.71734699996597, 41.51094800010283], [-83.71728800041473, 41.51110100002098], [-83.71718299993444, 41.51139099975292], [-83.71713600007878, 41.511525999764864], [-83.71712900040608, 41.51155200013345], [-83.71698499956771, 41.51210999988694], [-83.71697600024521, 41.512170999822665], [-83.71705099968996, 41.51217299967625], [-83.71733000024751, 41.51217700005587], [-83.71839200025452, 41.51219099970088], [-83.71825900018511, 41.512769999953775], [-83.71826300038308, 41.51320499995712], [-83.71826699968273, 41.51378999996841], [-83.71731500017891, 41.51378200008095], [-83.71693699988714, 41.51378399988477], [-83.71666700044871, 41.51378300031917], [-83.71675199993922, 41.51462100012947], [-83.71680600036589, 41.515182999854694], [-83.71685900006933, 41.515749999775466], [-83.71691099994787, 41.51629899988776], [-83.71696000035166, 41.51681000018672], [-83.7170110004053, 41.51735099993298], [-83.71710099991866, 41.51831199991866], [-83.71716899969073, 41.51831199991866], [-83.71726199957715, 41.51831300008688], [-83.71741899993599, 41.51831400025508], [-83.71742099958581, 41.518330000254], [-83.71742200030903, 41.51834200025054], [-83.71742999980663, 41.51842200017081], [-83.71763499984606, 41.52035200022463], [-83.71767500002903, 41.520918999925684], [-83.71767099983107, 41.52103599999299], [-83.71766099978532, 41.52129599998306], [-83.71743200035479, 41.52129300028919], [-83.7172640001253, 41.52129200016702], [-83.71651500011276, 41.52128499998396], [-83.71650400024211, 41.521908999974066], [-83.71596500029185, 41.52190099974498], [-83.71495500016339, 41.52474400030295], [-83.7165829998848, 41.52475699985139], [-83.71677500040376, 41.52475799992001], [-83.71706499993364, 41.524762000194364], [-83.71732299967651, 41.523388999783705], [-83.71743700037764, 41.523183999886975], [-83.71748500005823, 41.522953000199514], [-83.71756200005113, 41.52248200010746], [-83.71763200037132, 41.521925999869104], [-83.71818100036734, 41.521934000095136], [-83.71832299975922, 41.521325000155166], [-83.71839700027739, 41.521012999777994], [-83.7187789998688, 41.51939100026383], [-83.71903599978675, 41.518318000255185], [-83.72207299984478, 41.51833499974837], [-83.72201400029357, 41.520148999730154], [-83.72198800035429, 41.52094700013924], [-83.72195900004198, 41.52198900019295], [-83.723052999836, 41.52200600006702], [-83.72402100013167, 41.52200499995588], [-83.72458199982323, 41.522003999844664], [-83.72530800026955, 41.522003999844664], [-83.72537799969143, 41.522003999844664], [-83.72553800042331, 41.52189099996165], [-83.72554599992093, 41.52185299969476], [-83.72575000013542, 41.520890000244194], [-83.7255860001039, 41.520056000109285], [-83.72557799970798, 41.51835099974204], [-83.7329930003886, 41.518366000236995], [-83.73292499971822, 41.520968000123304], [-83.73292899991618, 41.521996999738626], [-83.73543100022195, 41.52198900019295], [-83.7354360002448, 41.52016399980836], [-83.73680799987318, 41.52016899983366], [-83.73681200007115, 41.51880299994746], [-83.73633300039535, 41.51880100029871], [-83.73633400022027, 41.518343999913476], [-83.73681299989606, 41.518343999913476], [-83.73722600034793, 41.51834299974573], [-83.73793799965223, 41.518343999913476], [-83.73792000010887, 41.52100699969133], [-83.7379130004362, 41.52187500017058], [-83.7379130004362, 41.52198200008528], [-83.73993600016783, 41.52197700020006], [-83.74024300031448, 41.52197600008847], [-83.74023800029163, 41.52189099996165], [-83.74020899997929, 41.52137299992449], [-83.74116100038142, 41.52137199980356], [-83.74139499983484, 41.52137199980356], [-83.74208000027329, 41.521370000234185], [-83.74207500025041, 41.52146500022348], [-83.74207100005245, 41.521806999837395], [-83.74207000022753, 41.52188700018238], [-83.74206799967939, 41.52197100020279], [-83.74290399973057, 41.52196899997939], [-83.74290499955548, 41.52188499995639], [-83.74290700010361, 41.52168299967887], [-83.7429120001265, 41.52124900027947], [-83.74291299995141, 41.5211940002253], [-83.7435110003512, 41.521193000101604], [-83.74379699968314, 41.52096099990519], [-83.74389200011771, 41.52088300001765], [-83.74420599993707, 41.5206289998357], [-83.74440599995361, 41.52046399996977], [-83.74701100019152, 41.51835000024703], [-83.74767399999033, 41.517811999962674], [-83.74766999979236, 41.51743400027847], [-83.74766499976951, 41.51702900004072], [-83.74766300011967, 41.5168660001216], [-83.74765999974663, 41.516629000257915], [-83.74884899997521, 41.515653999931736], [-83.74962999977481, 41.51476500012189], [-83.75013699993801, 41.51477400011077], [-83.75034199997742, 41.51476999989165], [-83.75051500022978, 41.51477299988786], [-83.75094700004992, 41.51478199987564], [-83.7520299999733, 41.51310699987746], [-83.75234899981554, 41.51261699994426], [-83.75240599971693, 41.5148020002924], [-83.75611499979462, 41.514850999740354], [-83.76128500008747, 41.51491899998347], [-83.76126099979803, 41.51704299998161], [-83.76318499979544, 41.51702699966453], [-83.7648920000579, 41.51701299972017], [-83.76653800022098, 41.516998999772795]], [[-83.75138800009088, 41.50797100017248], [-83.7513320000144, 41.50808800010143], [-83.75120399996787, 41.508117999790414], [-83.75090100001917, 41.50818900000801], [-83.74989199971563, 41.507924000210465], [-83.75020600043331, 41.50759599985504], [-83.7504039999017, 41.50766800030512], [-83.75048500009257, 41.507662000326754], [-83.75063700042851, 41.50771299978899], [-83.75118800007435, 41.50790599967212], [-83.7512910000065, 41.50793899975839], [-83.75138800009088, 41.50797100017248]]]}, "properties": {"AREALAND": "13416519", "AREAWATER": "478096", "BASENAME": "Waterville", "CBSAPCI": "N", "CENTLAT": "+41.5015159", "CENTLON": "-083.7366336", "FUNCSTAT": "A", "GEOID": "3981858", "INTPTLAT": "+41.5019712", "INTPTLON": "-083.7368523", "LSADC": "25", "MTFCC": "G4110", "NAME": "Waterville city", "NECTAPCI": "N", "OBJECTID": 25406, "OID": "2789085243686", "PLACE": "81858", "PLACECC": "C1", "PLACENS": "02400105", "STATE": "39", "DISP_CLR": 2}}, {"type": "Feature", "id": 25499, "geometry": {"type": "Polygon", "coordinates": [[[-83.01286000006013, 41.319219000243244], [-83.01290199989292, 41.31649399986221], [-83.00951699968033, 41.316453000272546], [-83.0094360003878, 41.316451999689825], [-83.00919500036338, 41.316448999965615], [-83.00918600014253, 41.31658300033093], [-83.00851300029798, 41.31656900029561], [-83.00851699959762, 41.3163060001329], [-83.00851800032085, 41.31627400029719], [-83.0092470002419, 41.316293999859006], [-83.00925300008969, 41.315950999979904], [-83.00852099979558, 41.31593799972475], [-83.00852300034371, 41.31563500020526], [-83.00852699964337, 41.31518200020061], [-83.00853099984133, 41.31481999979261], [-83.00854599990994, 41.31407300029775], [-83.00855199975771, 41.31373799979979], [-83.0080789999297, 41.31362599994215], [-83.00370200003034, 41.31264299982759], [-83.00370399968017, 41.31254199976201], [-83.00370100020541, 41.312336999922735], [-83.00370100020541, 41.31220300027511], [-82.99991500013485, 41.3113430000892], [-82.9950679998822, 41.31024799969875], [-82.99514800024815, 41.30683399990091], [-82.99194399978552, 41.30684699994726], [-82.99063499990633, 41.306849000058], [-82.98991699985594, 41.30684699994726], [-82.98972900043329, 41.3068459998919], [-82.98973399955781, 41.30637499976935], [-82.98999499967374, 41.30637399970675], [-82.9899910003741, 41.30586500025734], [-82.98999300002392, 41.30582099984258], [-82.9899910003741, 41.30576100027206], [-82.99064900015003, 41.30575699998383], [-82.9906600000207, 41.304746000239206], [-82.99066199967052, 41.304436000014896], [-82.99066199967052, 41.30442599976544], [-82.99004499990245, 41.30442599976544], [-82.99004699955228, 41.304468000262986], [-82.98938899977634, 41.304475000230795], [-82.98938899977634, 41.30439400017152], [-82.98938899977634, 41.30399500031056], [-82.98939499962412, 41.303690999838274], [-82.98939799999715, 41.30353900008289], [-82.99067400026439, 41.303535999764485], [-82.99068099993708, 41.3032220000925], [-82.98940499966986, 41.303214999990125], [-82.98941300006577, 41.30300700017355], [-82.98943300015728, 41.30098099970884], [-82.98943300015728, 41.30094200010273], [-82.98943300015728, 41.30091900011642], [-82.98943399998217, 41.30086400014562], [-82.98943499980709, 41.30079799984953], [-82.98946699959413, 41.30079899999765], [-82.98957200007443, 41.30079899999765], [-82.99059300007355, 41.3008010002939], [-82.99189100008206, 41.3008010002939], [-82.99210199996925, 41.30080299991521], [-82.99261599980517, 41.30080400006326], [-82.99261099978229, 41.30141600006814], [-82.99428799990751, 41.30141600006814], [-82.99430799999901, 41.29961100013609], [-82.9967230002661, 41.29962400027273], [-82.997349000255, 41.29962800026231], [-82.99912900031238, 41.299636999731895], [-82.99914799968064, 41.29627100014428], [-82.99723999957675, 41.29628400027174], [-82.99694599984888, 41.29522599995925], [-82.99795400032748, 41.29476000012806], [-82.99846399996542, 41.29545700019114], [-82.99893099994567, 41.29524499967027], [-82.99842299995755, 41.29454300017137], [-82.99845200026986, 41.29452900012756], [-82.99852000004192, 41.2944990002165], [-82.99853699976036, 41.29449100028288], [-82.99924499976503, 41.29545299994576], [-82.99925200033604, 41.29648300003016], [-82.99942899988804, 41.296490000180206], [-83.0012290000369, 41.29649399968707], [-83.00124800030348, 41.29468500025264], [-82.9998409996167, 41.29467999971797], [-82.99985200038566, 41.29388799967812], [-83.00253899974102, 41.29265699989953], [-83.00279700038219, 41.292545000276775], [-83.00299099965262, 41.292476999785315], [-83.00306500017079, 41.292456000065854], [-83.00302300033799, 41.29242700015285], [-83.00291500038297, 41.292388000156485], [-83.00284500006276, 41.29237199977048], [-83.00275100035144, 41.292362999973506], [-83.001516999917, 41.29234999973957], [-83.0009479998295, 41.29234700025634], [-83.0009539996773, 41.29138199980766], [-83.00046999997863, 41.29138199980766], [-83.00046999997863, 41.29234499970081], [-83.00040200020658, 41.29234499970081], [-83.00035399962768, 41.29234499970081], [-83.00034799977988, 41.29188999997035], [-82.99964999982097, 41.291884999896354], [-82.99965700039199, 41.29011099966925], [-82.99820899969731, 41.29112499971591], [-82.99821100024545, 41.29231899989812], [-82.99817100006247, 41.292318000294934], [-82.99768999983853, 41.29230800021214], [-82.99750499989061, 41.292284000277206], [-82.99732400014065, 41.29224200003232], [-82.9972089996146, 41.292204000205274], [-82.99686800003106, 41.29206099984075], [-82.99674699965725, 41.29214900030986], [-82.99529999968578, 41.29310499984241], [-82.99467200004709, 41.29352000029409], [-82.99385899956212, 41.29407499968291], [-82.9935199996284, 41.294309000009406], [-82.99256399992663, 41.29496499988749], [-82.99297700037849, 41.29544399989891], [-82.99301599983825, 41.29588099984068], [-82.9930839996103, 41.296645999664854], [-82.99310899972465, 41.296923999915585], [-82.99316800017421, 41.29700199986046], [-82.99315700030357, 41.29700799974852], [-82.99167000014913, 41.2977419998889], [-82.99046000000415, 41.29834200007795], [-82.99040499975256, 41.29836899969007], [-82.99041800017135, 41.29759799999404], [-82.98945800027163, 41.29804699993799], [-82.98946699959413, 41.297132000236246], [-82.98944700040097, 41.29679999970738], [-82.98945400007366, 41.29677600007527], [-82.98947099979209, 41.29671600028144], [-82.99048199974547, 41.29602599969806], [-82.99051199988268, 41.29450700014913], [-82.99051600008065, 41.294182000155566], [-82.99166099992831, 41.29416300013492], [-82.9917389997461, 41.29517899976226], [-82.99348799984135, 41.293954000217475], [-82.99370200010159, 41.29380300029639], [-82.99382099992728, 41.293715000033686], [-82.99440900028135, 41.29330800022733], [-82.99442400034997, 41.29173500019789], [-82.99443000019774, 41.29103600026754], [-82.9942080004399, 41.290945999723576], [-82.99417199955657, 41.29093299988223], [-82.99415900003609, 41.29163799994829], [-82.99380900023172, 41.29151100029412], [-82.99347399959764, 41.291388000212656], [-82.9930610000441, 41.291236999751646], [-82.99163499998903, 41.291234000217244], [-82.99166500012626, 41.29061799997521], [-82.99119999979585, 41.29061200017432], [-82.99081900002935, 41.29060700000237], [-82.99062400003568, 41.290603999764016], [-82.99050199983694, 41.29058199981186], [-82.99053299979907, 41.289684000033525], [-82.98995600021398, 41.289495000298395], [-82.98880700016836, 41.289118999840056], [-82.9886120001747, 41.28905499979041], [-82.9884149996329, 41.28900399990623], [-82.98839799991445, 41.28900100026917], [-82.98841200015816, 41.28825500028477], [-82.98711599979944, 41.28824700026044], [-82.98712199964721, 41.28800499973541], [-82.98841700018103, 41.288010000106794], [-82.98843700027251, 41.286882999993786], [-82.98846999988449, 41.28513799990177], [-82.98820899976856, 41.285142000104685], [-82.98812099990502, 41.285142000104685], [-82.98607300005902, 41.28516100005254], [-82.98603700007402, 41.28716700011937], [-82.98670300024588, 41.28717300023706], [-82.98668499980421, 41.28800099970802], [-82.98689900006445, 41.28800299972175], [-82.9868940000416, 41.28826300030812], [-82.98649499983343, 41.28826599997911], [-82.98650400005427, 41.28800299972175], [-82.9860210001805, 41.28800499973541], [-82.986001000089, 41.288685999808784], [-82.98590400000465, 41.28867399985116], [-82.9856620001553, 41.288643999947475], [-82.98568499972151, 41.28769300023867], [-82.9847680003778, 41.287587000273476], [-82.9847540001341, 41.28783800007135], [-82.98473599969243, 41.288526999853815], [-82.98378199964048, 41.2884069998859], [-82.98379099986133, 41.287983999926425], [-82.98343199983613, 41.287948000334666], [-82.98342500016342, 41.288360999839725], [-82.98332999972887, 41.288348999822325], [-82.98321799957587, 41.288334000135], [-82.98229100018642, 41.28820900013138], [-82.98126699981427, 41.28807599984304], [-82.98066599993973, 41.28799699968042], [-82.9806640002899, 41.28793600024132], [-82.98064599984825, 41.28683500017368], [-82.98061900008408, 41.28515600013786], [-82.97989299963776, 41.28515300032383], [-82.9798969998357, 41.28466700028539], [-82.97848300037454, 41.28466200033286], [-82.97759100024686, 41.284658999821126], [-82.97758100020111, 41.284917999840545], [-82.97767699956226, 41.284917999840545], [-82.97768300030836, 41.285083000124764], [-82.97768599978309, 41.28514499991916], [-82.97593400021313, 41.28514099971644], [-82.97591400012163, 41.28677599969954], [-82.97513499997186, 41.28677099990862], [-82.97507200022267, 41.28677400032323], [-82.97507300004759, 41.28665300014125], [-82.9750810004435, 41.286132000253374], [-82.9750810004435, 41.28563499994525], [-82.97508399991825, 41.285366000274905], [-82.9750870002913, 41.28514700002044], [-82.97350600042554, 41.28514700002044], [-82.97350800007536, 41.28482100025598], [-82.9735110004484, 41.284513999674175], [-82.97508800011622, 41.28452099975851], [-82.97508899994111, 41.28438099995436], [-82.97350899990026, 41.28437399985501], [-82.97351200027332, 41.284074000002626], [-82.97351399992316, 41.28377499985519], [-82.9735170002962, 41.28340799986948], [-82.9735180001211, 41.2831829999852], [-82.97176400000298, 41.28319800018161], [-82.97025500010726, 41.28323000004913], [-82.97024500006151, 41.285126999680095], [-82.97024900025947, 41.28514700002044], [-82.97024800043457, 41.285643000289895], [-82.97024800043457, 41.2863590001588], [-82.97020700042667, 41.28635099990199], [-82.9701100003423, 41.286337000125215], [-82.96988400038649, 41.28630299969052], [-82.96975499961675, 41.28628800020785], [-82.96963900016411, 41.28627500011341], [-82.96958499973744, 41.28627000028404], [-82.96942599972877, 41.28625500011876], [-82.96925000000167, 41.28623900025369], [-82.9688089999607, 41.28619799986425], [-82.96750199973134, 41.28613700009327], [-82.96748500001291, 41.28664699997574], [-82.96545800008333, 41.28657700002935], [-82.9654849998475, 41.28606599990075], [-82.96339699981854, 41.28599300023068], [-82.96233200033681, 41.28596299976932], [-82.96220900031317, 41.28608300018206], [-82.96190499964123, 41.2863460000785], [-82.96188200007502, 41.287290999738985], [-82.9606130003788, 41.2884029998832], [-82.96048399960905, 41.288516000203416], [-82.96038999989771, 41.28851499986695], [-82.96031200007991, 41.28851499986695], [-82.95985799962017, 41.28883999974389], [-82.95936200022594, 41.28844200023683], [-82.9592900002559, 41.28849499988395], [-82.95908199984345, 41.288639000299696], [-82.95851899960375, 41.28903100000869], [-82.95744800027424, 41.289744000220665], [-82.95738600034997, 41.28978499973179], [-82.95734699999191, 41.28981000022777], [-82.95658200008583, 41.290300999953956], [-82.9570449998681, 41.29071600001926], [-82.95630300042657, 41.291207999971775], [-82.95562999968371, 41.2912020002252], [-82.95562899985879, 41.29125700024404], [-82.95562399983594, 41.2913920000324], [-82.95560600029258, 41.29190399990557], [-82.95560200009461, 41.292282999998456], [-82.95560100026971, 41.292423999998206], [-82.95487900002135, 41.292423999998206], [-82.95407200028251, 41.2924120000532], [-82.95331999989692, 41.292837999787345], [-82.95331200039931, 41.293285000248694], [-82.95321399959168, 41.29330300026201], [-82.95319500022345, 41.29330699996429], [-82.95309099956805, 41.29337599985257], [-82.95292800025976, 41.29348300012194], [-82.95280299968796, 41.29356600007751], [-82.95269499973294, 41.2936370002078], [-82.95253300024953, 41.293737000279215], [-82.95240900040096, 41.29381300015001], [-82.95228200017938, 41.29389699993966], [-82.95220500018647, 41.293949000301666], [-82.95215599978268, 41.29398100029614], [-82.95206600026931, 41.29403199966431], [-82.95183899959027, 41.29416800003433], [-82.95129600034038, 41.29452400025582], [-82.95074599962115, 41.29405500005452], [-82.95058400013775, 41.29415800023513], [-82.95111700024023, 41.29464000015105], [-82.9494119996276, 41.29576800012866], [-82.94891399968522, 41.2960860001266], [-82.94834700014587, 41.295572000223615], [-82.94818999978705, 41.295670999801644], [-82.94818099956619, 41.29567699981213], [-82.94842499996368, 41.29589100005067], [-82.94873399976017, 41.296163999723795], [-82.9487449996308, 41.297460000302685], [-82.94869699995023, 41.297460000302685], [-82.94860300023892, 41.297460000302685], [-82.94849899958352, 41.29743699976332], [-82.9484330003596, 41.297426000265446], [-82.94835600036672, 41.29740999976535], [-82.94825500008436, 41.297405000114445], [-82.94818999978705, 41.29739699986237], [-82.94813399971055, 41.29739600033693], [-82.9480669997634, 41.29738999980965], [-82.94800099964114, 41.29735599973591], [-82.9479620001814, 41.29732500024874], [-82.9479260001964, 41.29726100015053], [-82.9478640002721, 41.29719800019284], [-82.94783199958675, 41.297155000208264], [-82.94775999961674, 41.297077999976615], [-82.94773899970033, 41.29704000026709], [-82.94770699991328, 41.2969800000412], [-82.94719899992515, 41.29627599988212], [-82.94715200006951, 41.29630500010874], [-82.94710500021382, 41.29633400032241], [-82.94710699986366, 41.2981319998635], [-82.94710199984078, 41.29839400027084], [-82.94710199984078, 41.29848900023065], [-82.94981400020882, 41.299214999872476], [-82.95072200023, 41.299458000150544], [-82.95072600042796, 41.29976799974376], [-82.95070299996344, 41.30080400006326], [-82.950686000245, 41.30317300003523], [-82.9492710000606, 41.3027889998679], [-82.94784699965535, 41.30240000019588], [-82.94787299959464, 41.29959900016343], [-82.94975499975926, 41.29964000022962], [-82.94603800018399, 41.29864199978984], [-82.94394000010928, 41.29808199984132], [-82.94383100032934, 41.29813700013353], [-82.9436749997954, 41.29821600016537], [-82.94309800021031, 41.29851500027368], [-82.94303600028604, 41.30032699990781], [-82.94224700009055, 41.30029999975643], [-82.94221199993042, 41.30070600032741], [-82.9421969998618, 41.30087300011947], [-82.9421530003792, 41.3009710002793], [-82.9421039999754, 41.30107899970633], [-82.94204600024906, 41.30115800022378], [-82.94784500000553, 41.30271899969566], [-82.95069799994056, 41.3034880000501], [-82.95064299968898, 41.30696500030137], [-82.955438999888, 41.307006999838315], [-82.95544499973578, 41.30638300026975], [-82.95544200026106, 41.30498000007246], [-82.95543499969004, 41.30484700023562], [-82.95543700023819, 41.30470000024243], [-82.95856200015976, 41.30554599995183], [-82.95956600044043, 41.30581999977148], [-82.96031100025502, 41.30602299972284], [-82.9603029998591, 41.30612800003146], [-82.96028000029288, 41.306710999697415], [-82.9602740004451, 41.30679699985863], [-82.96026900042223, 41.30687199997723], [-82.96023900028499, 41.307277000071615], [-82.96157199955532, 41.30736200011359], [-82.96152200022492, 41.309507999872345], [-82.95986199981813, 41.309514999973885], [-82.95978300017542, 41.315390000312156], [-82.96230600039756, 41.315400000229396], [-82.96319500015217, 41.31479300024447], [-82.96319299960403, 41.31489099972544], [-82.96317900025865, 41.31561200000386], [-82.96318699975625, 41.315738999958626], [-82.96321500024366, 41.315795000120346], [-82.96325100022868, 41.31585499990292], [-82.96388399989026, 41.315646999925804], [-82.96510900010387, 41.31521800028036], [-82.96507300011885, 41.31944099971248], [-82.97193800008026, 41.319075999741024], [-82.97480000023612, 41.318830000091495], [-82.97479699986306, 41.31969400011235], [-82.97479699986306, 41.31971700022264], [-82.97559299973128, 41.31971899993854], [-82.97559699992922, 41.32055800014852], [-82.9796009995597, 41.320560999683615], [-82.97959899990988, 41.32141999986126], [-82.9844090003526, 41.321440999699476], [-82.98440599997956, 41.32030100033353], [-82.98650800025221, 41.32030899979964], [-82.98922800011785, 41.320315000241905], [-82.98922800011785, 41.320253000142856], [-82.98922800011785, 41.319699000078344], [-82.98922899994275, 41.31873099991293], [-82.98977100026607, 41.318724999999475], [-82.99247100004021, 41.318725999872626], [-82.9924690003904, 41.31968400017916], [-82.99246400036752, 41.32145000020634], [-82.99401400027114, 41.32143999986793], [-82.99400400022539, 41.32505999982624], [-82.99492300011724, 41.32504499981178], [-82.9949769996456, 41.325044000035575], [-82.99497099979781, 41.32270700009387], [-82.99749200037012, 41.32265099979914], [-82.9986160003014, 41.32260500029201], [-82.99885899997564, 41.322592999828586], [-83.00047800037454, 41.32261700007857], [-83.00095799987524, 41.32256300000974], [-83.00115399969384, 41.32254100004382], [-83.00170199986493, 41.322740999767476], [-83.00282900016924, 41.32362599969447], [-83.00343599989154, 41.323878000244655], [-83.00349600016602, 41.324015000228535], [-83.00347900044757, 41.326334000147384], [-83.00658799957732, 41.326425999935886], [-83.00660299964593, 41.32862500022311], [-83.00661900043778, 41.32862500022311], [-83.00742700000154, 41.32862500022311], [-83.00815300044786, 41.32862399982726], [-83.00854500008502, 41.32862300010598], [-83.0085369996891, 41.32820799976311], [-83.00853500003929, 41.325776999863734], [-83.0085369996891, 41.32421800019207], [-83.00853800041233, 41.32284399984108], [-83.00854000006217, 41.32094399991429], [-83.00854099988706, 41.31928599997432], [-83.00854199971198, 41.31918699981374], [-83.00854300043521, 41.319125999857974], [-83.0095290002742, 41.31940800020388], [-83.00957299975681, 41.31935300031117], [-83.00954400034281, 41.3192079996968], [-83.00953299957384, 41.319154000176525], [-83.0124580003772, 41.320005999685065], [-83.01264199960193, 41.31964500029025], [-83.01286000006013, 41.319219000243244]], [[-83.00205800041539, 41.31714900001304], [-83.00205500004235, 41.31785900017901], [-83.00143599972614, 41.31784200008297], [-83.00141399998483, 41.31795800033278], [-83.00139800009131, 41.31814099993486], [-83.00138100037287, 41.318274000315], [-83.00136999960391, 41.31834099966816], [-83.00133600016702, 41.318390999674236], [-83.00116799993754, 41.31854299988904], [-83.0011579998918, 41.31881400012052], [-82.99994000024921, 41.318390999674236], [-82.99993199985327, 41.31757599998696], [-83.00021499971051, 41.316847999854666], [-83.00033699990922, 41.316664999995666], [-83.00041599955195, 41.316686000016674], [-83.00054100012373, 41.31672100003659], [-83.00142300020568, 41.31696999992497], [-83.00146300038864, 41.3169810001745], [-83.00205800041539, 41.31714900001304]], [[-82.99550300007537, 41.29588399983639], [-82.99533999986876, 41.29595800013555], [-82.99503699992006, 41.29609800007068], [-82.99460299955177, 41.29556300019319], [-82.99460199972687, 41.29551999980561], [-82.99504600014087, 41.29532000025169], [-82.99550300007537, 41.29588399983639]], [[-82.99122999993308, 41.29252300030419], [-82.9908859999765, 41.29345500025132], [-82.99084800034166, 41.29355999987284], [-82.99082499987712, 41.29362499981093], [-82.99040599957748, 41.293629000168465], [-82.99040800012561, 41.29371199993827], [-82.99041899999627, 41.294179000081634], [-82.9902390000712, 41.29417400018307], [-82.98969900029604, 41.294179000081634], [-82.9894649999443, 41.294182999730246], [-82.98946999996718, 41.29375000023675], [-82.98946900014226, 41.29326099999823], [-82.98949500008153, 41.29326099999823], [-82.98949799955628, 41.29303099968131], [-82.9894990002795, 41.29279599989915], [-82.98957299989935, 41.29279500030326], [-82.9895779999222, 41.292518000278704], [-82.98957899974712, 41.29245699966694], [-82.98957999957203, 41.29241500020841], [-82.98958100029527, 41.29234599997855], [-82.98958100029527, 41.29232700009812], [-82.99026800038352, 41.29233099986028], [-82.9904430002857, 41.29233200013825], [-82.99057100033222, 41.29232899997923], [-82.99055999956325, 41.292483999690255], [-82.99122999993308, 41.29252300030419]], [[-82.98982999981729, 41.29865500011962], [-82.98980399987803, 41.29866799977187], [-82.98969300044827, 41.29872300024482], [-82.98951000015016, 41.29881399968617], [-82.98945300024874, 41.29884199995597], [-82.98945499989857, 41.29818700011355], [-82.98982999981729, 41.29865500011962]]]}, "properties": {"AREALAND": "13594677", "AREAWATER": "133708", "BASENAME": "Clyde", "CBSAPCI": "N", "CENTLAT": "+41.3043996", "CENTLON": "-082.9781168", "FUNCSTAT": "A", "GEOID": "3916308", "INTPTLAT": "+41.3035849", "INTPTLON": "-082.9794246", "LSADC": "25", "MTFCC": "G4110", "NAME": "Clyde city", "NECTAPCI": "N", "OBJECTID": 25499, "OID": "27890367283345", "PLACE": "16308", "PLACECC": "C5", "PLACENS": "02393577", "STATE": "39", "DISP_CLR": 5}}, {"type": "Feature", "id": 26103, "geometry": {"type": "Polygon", "coordinates": [[[-82.8885219995773, 41.28697900020305], [-82.88852499995036, 41.286690999826504], [-82.8885009996609, 41.28655200031961], [-82.88850599968379, 41.286083999880795], [-82.88852400012544, 41.2852249998717], [-82.88852400012544, 41.285184000195144], [-82.88845999965304, 41.28519699983196], [-82.88838299966012, 41.28521200024046], [-82.88825999963649, 41.2852070003297], [-82.88803299985575, 41.285182000095055], [-82.88794699964204, 41.28517299998122], [-82.8878529999307, 41.28516500025399], [-82.88765499956398, 41.28514900012165], [-82.887549999982, 41.28514099971644], [-82.88732999987397, 41.285125000253245], [-82.88721900044422, 41.28511499974291], [-82.88710700029124, 41.28510499990611], [-82.88721600007118, 41.284692999762434], [-82.88766600033296, 41.282994000319896], [-82.88774499997568, 41.282984999904286], [-82.8825079997357, 41.281689000004626], [-82.87881499955154, 41.280695000155774], [-82.87881799992458, 41.28041200000058], [-82.87882100029762, 41.28017199969929], [-82.86907599973871, 41.27752400025632], [-82.86907099971582, 41.2770840000381], [-82.86906499986804, 41.27060900022505], [-82.86873299960702, 41.27061100009663], [-82.86872900030738, 41.27002599993981], [-82.8682249996189, 41.27002300010553], [-82.86821399974825, 41.27054999993497], [-82.86821200009842, 41.271093999696376], [-82.86741899970495, 41.271084999665234], [-82.8674139996821, 41.27113799990588], [-82.86650300018616, 41.27112799995295], [-82.86624899974295, 41.27112700002506], [-82.86623799987228, 41.2700110000919], [-82.86569300007424, 41.27000599969174], [-82.86568300002851, 41.27112700002506], [-82.86547999963894, 41.27112700002506], [-82.86429999963116, 41.2711129996831], [-82.86429999963116, 41.27089799993733], [-82.86430499965404, 41.269999000076076], [-82.86286500025358, 41.26999600024059], [-82.86259900011481, 41.269995000295374], [-82.86259699956668, 41.27090799992551], [-82.86259499991685, 41.27187300001771], [-82.86211000039326, 41.2718720001013], [-82.8616890004438, 41.27186400009396], [-82.86168600007073, 41.27180000000014], [-82.86127000014412, 41.271798000164985], [-82.86126199974821, 41.27092699996636], [-82.86126699977109, 41.269991999784516], [-82.86110100008973, 41.269991999784516], [-82.86111299978529, 41.264987000268505], [-82.86112600020408, 41.26299199969213], [-82.861127000029, 41.26287300009376], [-82.86036499959766, 41.262889000285064], [-82.86015600025861, 41.26300400032052], [-82.85933399955282, 41.26348700014882], [-82.85933000025318, 41.26299599990185], [-82.85932900042826, 41.26288400001467], [-82.85932900042826, 41.26284000031999], [-82.85924900006232, 41.26283900026517], [-82.85656099998376, 41.26282500017173], [-82.8558680000477, 41.26282099995155], [-82.85455400014564, 41.262815000296044], [-82.84955899975498, 41.262788000151446], [-82.84852299968728, 41.26278099976198], [-82.8481939997993, 41.262783999929006], [-82.84774000023785, 41.26278299987332], [-82.84648300023719, 41.26278099976198], [-82.8447580004314, 41.26270600026904], [-82.84469700033202, 41.262709999821], [-82.84437799959149, 41.26270600026904], [-82.84276699958849, 41.26268699986162], [-82.84201099990325, 41.26267399979291], [-82.8434770001413, 41.260645999925494], [-82.84702200018745, 41.255536000034745], [-82.84131499959418, 41.25553399970145], [-82.8413659996478, 41.257007999790545], [-82.84013100028677, 41.25700399988934], [-82.84012799991373, 41.25695500023603], [-82.84012200006595, 41.25665399982241], [-82.84011500039324, 41.25638900018357], [-82.84009399957854, 41.25559999986241], [-82.84008699990585, 41.25533699966349], [-82.84007699986009, 41.25504699978809], [-82.84005400029388, 41.2541769998659], [-82.84004699972287, 41.25388899995182], [-82.83608400010027, 41.25388899995182], [-82.82419600015915, 41.25388899995182], [-82.82344200012372, 41.25389000014363], [-82.82304399974046, 41.2538870002434], [-82.82304399974046, 41.256218000036974], [-82.82352300031457, 41.256220999830155], [-82.82352300031457, 41.25767999996907], [-82.8234970003753, 41.25767999996907], [-82.81904500013287, 41.25770100007429], [-82.81756200017641, 41.25770899979104], [-82.81737300003053, 41.258043000258525], [-82.8171250003334, 41.25848399994967], [-82.81680300011811, 41.25904299996617], [-82.81674799986652, 41.25914000004365], [-82.81661300014733, 41.25937699968957], [-82.81710000021904, 41.25937899990518], [-82.81856100043419, 41.25938599998401], [-82.81904900033084, 41.259389000306996], [-82.81906600004928, 41.259741000103816], [-82.81911999957762, 41.26079700026652], [-82.81913800001928, 41.26114899990278], [-82.81918099967699, 41.26197299973562], [-82.81931000044672, 41.26444699971114], [-82.81935399992935, 41.26527199981263], [-82.8195559995957, 41.26525300015181], [-82.8197999999932, 41.265230999755815], [-82.81997300024554, 41.265215000138355], [-82.82015900001839, 41.26519799982314], [-82.82069200012086, 41.26514200010378], [-82.82078900020522, 41.26513299992741], [-82.82087299987083, 41.26512499976951], [-82.82087100022099, 41.26557899974955], [-82.82086700002303, 41.26694100033141], [-82.82086600019814, 41.267395999823854], [-82.8205680002723, 41.267391999883685], [-82.81976300018326, 41.26738300001738], [-82.81976400000818, 41.267469000039355], [-82.81976800020614, 41.26776699996149], [-82.81976900003106, 41.26783799980579], [-82.8197720004041, 41.26805600010042], [-82.81977300022902, 41.268129000253225], [-82.81970700010676, 41.26812099978729], [-82.81950899974004, 41.26809699973383], [-82.8194429996178, 41.26808999991355], [-82.81891799991126, 41.268029000097265], [-82.81734399971819, 41.26784800026267], [-82.81681999983655, 41.267788000199275], [-82.81675100023959, 41.26793199971854], [-82.81654600020018, 41.268367000332596], [-82.8164780004281, 41.268511999893256], [-82.81645400013868, 41.268501000245195], [-82.81605800030354, 41.268326000193525], [-82.81581100043134, 41.268221999774745], [-82.81573899956298, 41.26819099994895], [-82.81541999972076, 41.268069999747624], [-82.81515000028234, 41.2679760000335], [-82.81481999967114, 41.2678739996878], [-82.81454100001189, 41.26779600003084], [-82.81451699972246, 41.26779000015725], [-82.81403200019886, 41.26766799990713], [-82.8130560004056, 41.267432999934044], [-82.81204399972901, 41.26718899989733], [-82.81095499995786, 41.26693099973562], [-82.81065000035933, 41.26685900026228], [-82.8105080000691, 41.26682599980192], [-82.80997199959359, 41.266698999797974], [-82.80961099991855, 41.26661400010924], [-82.80926500031215, 41.266541000288235], [-82.80885000021046, 41.26646099971547], [-82.808501000231, 41.26640499972887], [-82.808353000093, 41.26638499972202], [-82.80809699999996, 41.26635199969732], [-82.80780699957174, 41.26632100033415], [-82.8071649996893, 41.266074000177596], [-82.80700700040387, 41.26576599985711], [-82.80698499976425, 41.26572300008919], [-82.80673700006714, 41.26566100007566], [-82.80528500007281, 41.26531399986063], [-82.80721499991802, 41.26126200014344], [-82.80207700031056, 41.26102299974457], [-82.80394900042944, 41.256921000027674], [-82.80103899969471, 41.25681500005911], [-82.80101299975543, 41.256825000178196], [-82.80097799959533, 41.256827999943496], [-82.80081100008906, 41.2568260003251], [-82.79959699974611, 41.256801000024964], [-82.79887100019812, 41.25677699986288], [-82.79883900041106, 41.25678000030572], [-82.79881000009874, 41.25678000030572], [-82.79875700039528, 41.25679300019701], [-82.79864400041738, 41.25678000030572], [-82.79858999999072, 41.25690400025458], [-82.79772600035045, 41.25877199986348], [-82.79765500020535, 41.258929999937955], [-82.79745699983863, 41.25937400004139], [-82.79719800027084, 41.25992599984847], [-82.79703199969119, 41.260294999697784], [-82.79682599982686, 41.26075099966748], [-82.795181000387, 41.25969000027189], [-82.79512699996035, 41.259675000075404], [-82.79505199961726, 41.25961299972193], [-82.79476100026243, 41.259376000257085], [-82.7945190004131, 41.25921199992447], [-82.79390799959451, 41.258786000150515], [-82.79337700004018, 41.25836099974725], [-82.79317600019871, 41.25822300013381], [-82.79312599997002, 41.258187000333464], [-82.79308900016008, 41.25815800004845], [-82.79304700032729, 41.25813300025815], [-82.79299000042587, 41.25810899991023], [-82.79281100032574, 41.25804800022426], [-82.79255699988252, 41.257975000281604], [-82.79219399965936, 41.257873999976624], [-82.79209800029821, 41.25784699981516], [-82.7910909996445, 41.257562000281396], [-82.790597999725, 41.25742400033039], [-82.79062899968713, 41.25830900006416], [-82.79071900009883, 41.26078999966368], [-82.79072599977152, 41.26096699982128], [-82.79075000006097, 41.261509999669336], [-82.79075799955858, 41.26185300023631], [-82.79075799955858, 41.2618810001617], [-82.79075900028178, 41.26189399971299], [-82.7907879996958, 41.26308599982874], [-82.7908239996808, 41.26433200019114], [-82.79083100025181, 41.26457199998729], [-82.79084399977229, 41.264886000003585], [-82.79083799992452, 41.26495300019007], [-82.79083600027468, 41.26499399974624], [-82.79083200007673, 41.26511999967038], [-82.79083100025181, 41.26516199981615], [-82.79141100020996, 41.26519899984178], [-82.79287499989985, 41.26530399969089], [-82.79295699991562, 41.26560400006571], [-82.79455600022304, 41.265709999949685], [-82.7945760003145, 41.26566200008726], [-82.79797999989536, 41.26566200008726], [-82.7983070001335, 41.26568599968523], [-82.79833100042295, 41.265475999696264], [-82.79964600014993, 41.26557200033451], [-82.80059299963085, 41.265645999900165], [-82.80074699961666, 41.2656600000641], [-82.80071300017977, 41.265864000085976], [-82.80068300004255, 41.269148000024785], [-82.80677700025011, 41.269306999933654], [-82.80693000041099, 41.27605199980815], [-82.8087260003619, 41.27567399980967], [-82.80896499983818, 41.27562499998716], [-82.80896700038632, 41.274326000125164], [-82.80930399977188, 41.274310999914974], [-82.8093110003429, 41.27427899972511], [-82.80932800006134, 41.27425099971491], [-82.80937800029005, 41.2742260000091], [-82.80943299964333, 41.274213000212306], [-82.80957599975847, 41.27418699993577], [-82.80959300037522, 41.27418500017375], [-82.80977900014805, 41.27414600007599], [-82.8098450002703, 41.27413900022905], [-82.80991899989013, 41.27414600007599], [-82.81014599967085, 41.27392899974684], [-82.81014599967085, 41.27316799982085], [-82.81238500021087, 41.27258300029655], [-82.81235500007364, 41.26986200002038], [-82.8130429999868, 41.269847000134845], [-82.81312800037563, 41.26992300014972], [-82.81311499995684, 41.269545999722126], [-82.81228200027871, 41.26956899996641], [-82.81228200027871, 41.26836900027284], [-82.81297000019188, 41.26833999978283], [-82.81308999984248, 41.26879199976331], [-82.81406499981082, 41.26886900029355], [-82.81406499981082, 41.269904999763284], [-82.81712699998322, 41.270580999991076], [-82.81713200000608, 41.27236099995314], [-82.81825900031039, 41.272359000135175], [-82.81897800018572, 41.272359000135175], [-82.81898599968333, 41.272741000038515], [-82.81903699973694, 41.27272500023588], [-82.81919300027087, 41.27267800003339], [-82.8192450001494, 41.27266300011968], [-82.81924599997433, 41.27247199988163], [-82.81925000017229, 41.27190200028876], [-82.8192519998221, 41.27171299968754], [-82.8195399997022, 41.271726999900885], [-82.82003199979677, 41.27175099997029], [-82.82009000042142, 41.2721199998419], [-82.82013499972894, 41.27240599989216], [-82.82019500000341, 41.272390999915956], [-82.82033599957039, 41.27235700031716], [-82.82045299974627, 41.27233399970479], [-82.82057300029517, 41.27231199966919], [-82.82093200032037, 41.27225699988542], [-82.82135499991968, 41.27220299996664], [-82.82142199986683, 41.27219400008838], [-82.82174699955684, 41.272154000239254], [-82.82175400012784, 41.27933700015652], [-82.82340100011582, 41.27936199993008], [-82.82337000015369, 41.280212999824556], [-82.82336500013083, 41.28033399979699], [-82.8233629995827, 41.280377999854046], [-82.82336199975778, 41.28041899984985], [-82.82336199975778, 41.280462000064766], [-82.82336099993287, 41.280493000139344], [-82.82336000010795, 41.28057499996075], [-82.82335799955982, 41.280821999936194], [-82.82335799955982, 41.280904999797386], [-82.82334900023729, 41.28108200010849], [-82.82333400016867, 41.28137199980564], [-82.82332499994786, 41.281549000200265], [-82.82332699959768, 41.28158700015758], [-82.8233359998185, 41.28170099989672], [-82.82333900019155, 41.28174000020588], [-82.82333499999359, 41.28182100004654], [-82.82332599977276, 41.28206400031535], [-82.82332300029805, 41.28214600018794], [-82.82331999992499, 41.28222700019975], [-82.82331300025227, 41.28247000030687], [-82.82331099970415, 41.282551999669366], [-82.8233059996813, 41.28266299981947], [-82.82328300011507, 41.283225999729005], [-82.8232730000693, 41.28345300029327], [-82.82295699970182, 41.28344300020179], [-82.82223100015382, 41.283423000014224], [-82.82201000022089, 41.28342500016822], [-82.8216949996783, 41.28342899980109], [-82.82162799973115, 41.28343699974115], [-82.82148499961602, 41.283456999924425], [-82.82110899987238, 41.283510000245535], [-82.82088100026675, 41.28362400000065], [-82.82069299994576, 41.283718999869464], [-82.82018499995765, 41.28390500026375], [-82.818230999823, 41.28461999990642], [-82.81735600031207, 41.284939999677526], [-82.8170630004091, 41.28504700028244], [-82.81649400032164, 41.28525999990443], [-82.81568500003465, 41.28556399988153], [-82.81584200039347, 41.28583000030284], [-82.81624099970333, 41.28633999988481], [-82.81661499979714, 41.28681899977576], [-82.81663900008658, 41.286857000039355], [-82.8167179997293, 41.28697399975266], [-82.81674600021671, 41.28701300028549], [-82.81781499989638, 41.28848400022816], [-82.81855700023623, 41.288166999963025], [-82.82284600027205, 41.28637400030017], [-82.82338600004722, 41.28614899984246], [-82.82356400032245, 41.28609000009807], [-82.82357099999514, 41.28504399978842], [-82.82357199982006, 41.28496000007519], [-82.82357799966785, 41.284711999841015], [-82.82358000021598, 41.28462900009647], [-82.82580799998702, 41.2846480001937], [-82.82650400029613, 41.28465399986799], [-82.82652000018965, 41.284653000147344], [-82.8265679998702, 41.284655000263655], [-82.82658600031188, 41.2846559999843], [-82.82663900001532, 41.28465399986799], [-82.82671199981026, 41.284651999751595], [-82.82332699959768, 41.289533999999314], [-82.82324200010719, 41.28953099971163], [-82.82280799973891, 41.29014999967694], [-82.82172900001348, 41.29169300027452], [-82.82150300005767, 41.29200700010771], [-82.8213790002091, 41.29218099983739], [-82.82141699984395, 41.29218400000321], [-82.8215330001949, 41.29219200021976], [-82.82157199965465, 41.29219499971016], [-82.83268899984198, 41.29234200021736], [-82.83114499978612, 41.295233999802726], [-82.83326200012739, 41.29527999972734], [-82.8334520000982, 41.29529100026207], [-82.83374199962812, 41.294761999934586], [-82.83454699971715, 41.293259000145696], [-82.8346549996722, 41.293036999934635], [-82.83546700033223, 41.29311600006897], [-82.8359219997186, 41.29316000028169], [-82.83541600027861, 41.294758999887335], [-82.83530699960035, 41.29510399969365], [-82.83524200020133, 41.295315999997854], [-82.84172899987097, 41.29543499985077], [-82.84172200019826, 41.29520900003552], [-82.84165900044907, 41.293716999872245], [-82.84154599957286, 41.29155599985439], [-82.84151200013598, 41.29081700014483], [-82.84147500032606, 41.290022999825986], [-82.84146699993015, 41.28989399977211], [-82.84145299968642, 41.28950799975133], [-82.84144799966357, 41.28937999967738], [-82.84144699983865, 41.28936599987552], [-82.84144400036392, 41.28932500010108], [-82.83880399996592, 41.28932500010108], [-82.8388650000653, 41.288671999858], [-82.83887400028613, 41.28858099976736], [-82.84074999970466, 41.288576000114695], [-82.84140599983078, 41.288574999779144], [-82.84140500000586, 41.288554999814544], [-82.84140199963282, 41.288496000220725], [-82.8414009998079, 41.28847699989402], [-82.84139499996012, 41.28836299984241], [-82.84137900006661, 41.28802099984244], [-82.84137400004373, 41.28790800001488], [-82.84136300017306, 41.28768199977272], [-82.84133200021093, 41.28700599979348], [-82.84132200016519, 41.286781000165114], [-82.84131200011946, 41.28655799981883], [-82.84128199998221, 41.28589099968576], [-82.84127299976137, 41.28566900005299], [-82.84127199993648, 41.28565199966387], [-82.84300900033615, 41.285653999749556], [-82.84302900042763, 41.28604399976838], [-82.8430339995522, 41.28611900012785], [-82.84305299981877, 41.28662299998329], [-82.8440200002895, 41.2866239996738], [-82.84587399996674, 41.2866239996738], [-82.84655199983416, 41.286625999729736], [-82.84712599994452, 41.28662999984137], [-82.8471800003712, 41.28662900015102], [-82.84730300039485, 41.286631999897125], [-82.84730300039485, 41.286673999703595], [-82.84731300044058, 41.291775000196225], [-82.84971699993872, 41.29177899999219], [-82.84971799976364, 41.291517000012284], [-82.84972500033464, 41.29015800014292], [-82.84971799976364, 41.288140999845275], [-82.85076100040236, 41.2881340001493], [-82.85932799970504, 41.28816400028748], [-82.85932799970504, 41.28819700008608], [-82.8593329997279, 41.28897400015428], [-82.85932900042826, 41.29147499994857], [-82.85933000025318, 41.29177200001159], [-82.86416499991194, 41.291817000066786], [-82.8641690001099, 41.28455800028817], [-82.86007000004487, 41.284527000119475], [-82.86003200041004, 41.28538799996084], [-82.85930799961355, 41.285343999906516], [-82.85930900033678, 41.28441900028769], [-82.85931000016168, 41.2831729998523], [-82.85930199976576, 41.28120700026399], [-82.85930199976576, 41.28097000019239], [-82.85930099994086, 41.28033500025887], [-82.85930099994086, 41.280240000189345], [-82.85930099994086, 41.28014599977122], [-82.8587689996633, 41.28014700023599], [-82.85876700001347, 41.27998200029754], [-82.85930199976576, 41.27998300008978], [-82.85930699978866, 41.278974000096746], [-82.86175999969059, 41.27963100004741], [-82.862337000174, 41.279786000221385], [-82.86240300029623, 41.279803999908495], [-82.86238599967946, 41.27995700008637], [-82.86234700021973, 41.28041100021496], [-82.86231000040982, 41.280767999677025], [-82.86365199990097, 41.28077800017848], [-82.86375700038127, 41.28077899995848], [-82.86383900039704, 41.280471000153256], [-82.86386600016121, 41.28034899997318], [-82.86392499971244, 41.280071999763365], [-82.86416699956177, 41.280137000313], [-82.86418599982834, 41.28050600003558], [-82.86417999998056, 41.28077699972332], [-82.86418599982834, 41.28082499994927], [-82.86526999957664, 41.280976000204845], [-82.8653370004221, 41.28075700006881], [-82.86541100004195, 41.28047299972271], [-82.86542699993548, 41.28047700021158], [-82.86557099987552, 41.280515999902036], [-82.86575199962549, 41.28056500010327], [-82.86577199971697, 41.28069699971836], [-82.86657500015617, 41.28091000003777], [-82.86658900039988, 41.28077500016319], [-82.86687800010488, 41.280855000072606], [-82.86673099979178, 41.281473000219314], [-82.86672599976893, 41.28149400009855], [-82.86648200026977, 41.28232700020893], [-82.86682600022634, 41.28238899992165], [-82.86685899983831, 41.282391999862746], [-82.86709200036513, 41.28156100011815], [-82.86716299961192, 41.281299000284875], [-82.86726300006936, 41.28096100017272], [-82.86812800043286, 41.28119999982417], [-82.86805300008977, 41.28132199976357], [-82.8705829999846, 41.28198699982247], [-82.87210699994895, 41.28242199994075], [-82.87404299964194, 41.28292599999927], [-82.87443099997947, 41.28301600013052], [-82.87443099997947, 41.283035000022345], [-82.87443799965216, 41.28309500024844], [-82.87443299962928, 41.28315400000066], [-82.87443199980439, 41.28322700014656], [-82.87443500017743, 41.283308000166684], [-82.87444100002521, 41.283394999876315], [-82.87444699987299, 41.28348599977432], [-82.87445000024603, 41.28357700022049], [-82.87445000024603, 41.28366900027549], [-82.87445000024603, 41.28376199993513], [-82.87444900042114, 41.28385599987015], [-82.87444600004807, 41.283948000206856], [-82.87443000015456, 41.28413499967704], [-82.87441000006307, 41.284212000335565], [-82.87360499997403, 41.28399800026205], [-82.87360099977607, 41.284939999677526], [-82.87358700043069, 41.288326999784715], [-82.8735609995931, 41.29164100013909], [-82.87355899994328, 41.29188899968562], [-82.87464500023971, 41.291886999791004], [-82.87691200036882, 41.29190300029596], [-82.87691499984354, 41.2916729999158], [-82.87693900013299, 41.28960299982839], [-82.87695599985143, 41.289134999673955], [-82.87696500007226, 41.28714800008061], [-82.87504699992262, 41.287139999920555], [-82.87504500027279, 41.28685999977499], [-82.87503100002908, 41.28318500014656], [-82.87616099980815, 41.28346499986104], [-82.87880700005392, 41.28418599999187], [-82.87981800000729, 41.28444200001684], [-82.88148500008676, 41.284888000234965], [-82.87946400000494, 41.284881000190005], [-82.87947099967765, 41.28510600029486], [-82.87880299985596, 41.28510700000861], [-82.87880200003104, 41.28573799991941], [-82.87880000038123, 41.285815000036365], [-82.87879299981022, 41.286101000157416], [-82.87927200038433, 41.28608100010948], [-82.87927499985908, 41.28626100032032], [-82.87982899987794, 41.28623900025369], [-82.87982499967998, 41.287161999683384], [-82.87878199993958, 41.28718800019131], [-82.87877899956652, 41.28752900015594], [-82.87877899956652, 41.28764600001428], [-82.87877899956652, 41.28778499989059], [-82.87877600009178, 41.28812099974763], [-82.87949099976913, 41.28812400010017], [-82.87952099990636, 41.28812400010017], [-82.87951199968555, 41.28900500023526], [-82.87876699987096, 41.28899999994013], [-82.87876799969585, 41.28955399966382], [-82.87875600000031, 41.292076000021154], [-82.87875500017539, 41.29217200001406], [-82.87875500017539, 41.29219299982494], [-82.87875400035048, 41.292597999965565], [-82.87875299962724, 41.29296399996466], [-82.87875199980235, 41.293069999968175], [-82.87947900007357, 41.293073000093166], [-82.87948900011932, 41.29363400010881], [-82.87875000015252, 41.2936359999498], [-82.87874599995456, 41.29399400020505], [-82.87873000006103, 41.29554999992203], [-82.88353499958258, 41.29552400004694], [-82.88347400038153, 41.29261100015009], [-82.8884089995994, 41.29252800032931], [-82.88842100019328, 41.29072800027628], [-82.8884429999346, 41.28961999986312], [-82.8885219995773, 41.28697900020305]], [[-82.88105300026663, 41.28371099996398], [-82.8810800000308, 41.28385599987015], [-82.88077999955684, 41.28389800011334], [-82.88060399982975, 41.283921999757965], [-82.88037200002616, 41.28395300021408], [-82.88023399993389, 41.283973000239264], [-82.87965899999864, 41.2840540000084], [-82.87881600027474, 41.28381900029248], [-82.87880799987883, 41.28325800025785], [-82.878806000229, 41.283191999698445], [-82.87880799987883, 41.283013000218126], [-82.8796420002802, 41.28316499987992], [-82.87987499990871, 41.283209000053475], [-82.8802909998353, 41.28291700024934], [-82.88030099988104, 41.282896999900515], [-82.88087099979343, 41.282762999835604], [-82.88105300026663, 41.28371099996398]], [[-82.86905399999739, 41.28057599974386], [-82.86905099962435, 41.28131299979243], [-82.86737199984931, 41.280855000072606], [-82.86737400039743, 41.28011999983274], [-82.86905399999739, 41.28057599974386]], [[-82.86580199985418, 41.27908699986874], [-82.86563799982267, 41.27971499986944], [-82.86560199983765, 41.279856000026825], [-82.86558900031719, 41.27985999987843], [-82.86521600004826, 41.27976700005869], [-82.86508299997888, 41.28025000009656], [-82.86376400005395, 41.279894000294824], [-82.86376800025192, 41.27921599968585], [-82.86473499982435, 41.27928900018637], [-82.86474800024314, 41.27883300005918], [-82.86580199985418, 41.27908699986874]], [[-82.8634920000674, 41.279162000123094], [-82.86349500044044, 41.27924599987366], [-82.86266699988686, 41.27901399981738], [-82.862661999864, 41.27948300013012], [-82.86263900029779, 41.27959199982811], [-82.86213399978439, 41.27945600012726], [-82.86216599957145, 41.27880199987122], [-82.86266799971177, 41.27893800025975], [-82.8634920000674, 41.279162000123094]], [[-82.86102499992175, 41.27593400023649], [-82.86102499992175, 41.27640800031264], [-82.86101200040126, 41.27699399982748], [-82.85931500018457, 41.27699700001657], [-82.85931000016168, 41.27722300013449], [-82.85930900033678, 41.277316000203705], [-82.85930599996372, 41.27771899987249], [-82.85863999979188, 41.277678000205825], [-82.85840499961523, 41.27845300033236], [-82.85758700000572, 41.278228000241896], [-82.85747499985271, 41.27819699976657], [-82.85756299971628, 41.278018999909996], [-82.85763200021155, 41.27788099998298], [-82.85792199974146, 41.27729200015497], [-82.85776399955772, 41.277292999988376], [-82.85763200021155, 41.27757300000351], [-82.8574380000428, 41.27798800001051], [-82.85735799967686, 41.278165000131544], [-82.85711900020057, 41.27809899982216], [-82.85687700035123, 41.27803200029902], [-82.85657600005234, 41.277949000159595], [-82.85646399989936, 41.27791900005074], [-82.85592599977402, 41.27777399978005], [-82.8562410003166, 41.27714799967723], [-82.85670300027397, 41.27727200010764], [-82.85681100022899, 41.27708000001636], [-82.85707599964455, 41.27707900017964], [-82.8570799998425, 41.27729699999706], [-82.8571850003228, 41.277296000163716], [-82.8574740000278, 41.277292999988376], [-82.8574799998756, 41.27671599971359], [-82.85819299990312, 41.276714999871295], [-82.8581910002533, 41.27662300013968], [-82.85931400035966, 41.276620999777194], [-82.85931000016168, 41.275955999726555], [-82.85931000016168, 41.27586299974494], [-82.85931299963643, 41.275479000160125], [-82.85931299963643, 41.27545199985112], [-82.85835000026196, 41.27520399994133], [-82.85829400018547, 41.27518899993285], [-82.85821100034478, 41.275168000050286], [-82.8581639995908, 41.275156000307284], [-82.85811799956004, 41.2751539998998], [-82.85798200001592, 41.27515300003358], [-82.85785499979433, 41.275163999911186], [-82.85771400022732, 41.27518899993285], [-82.85761100029517, 41.2752159996755], [-82.85744200024077, 41.27528100033541], [-82.85731400019424, 41.275347999981875], [-82.85721999958459, 41.2754129998352], [-82.85717000025419, 41.275452999712755], [-82.8571130003528, 41.27550599978282], [-82.85704100038276, 41.275586999934134], [-82.85632400015729, 41.27657399967936], [-82.85619600011077, 41.27675699998454], [-82.85578299965889, 41.277291000321505], [-82.85571900008479, 41.277390999792736], [-82.85565899981033, 41.27749399995212], [-82.85557299959659, 41.277679000033366], [-82.8554870002812, 41.27765599994596], [-82.85553599978668, 41.277546999715135], [-82.85554699965734, 41.27752000026161], [-82.85555199968019, 41.2775069997706], [-82.85556699974882, 41.27747399996668], [-82.8555869998403, 41.27742900014577], [-82.85560600010687, 41.277390999792736], [-82.85563299987105, 41.277340000243605], [-82.85566800003114, 41.277277999784886], [-82.85570400001616, 41.27722099979035], [-82.85574900022202, 41.27715300020552], [-82.85544100025044, 41.277067999949686], [-82.85551200039556, 41.27694500032076], [-82.85474699959116, 41.27673699977321], [-82.8549099997978, 41.27616499991311], [-82.85582200001694, 41.27641000000657], [-82.85621200000428, 41.27651400020915], [-82.85685999973448, 41.275629999956934], [-82.85517699976147, 41.27516999978225], [-82.85517000008879, 41.274341000331944], [-82.85468899986485, 41.27421200033168], [-82.85466899977335, 41.27420599969741], [-82.85449999971895, 41.274161000324085], [-82.85445500041143, 41.27004999995934], [-82.85446499955886, 41.26997599998333], [-82.85447700015274, 41.269905999709835], [-82.8544889998483, 41.26900399981143], [-82.85470899995633, 41.26900499977183], [-82.85470899995633, 41.268991000325116], [-82.85635500011942, 41.26899300024626], [-82.85635799959415, 41.269985000167345], [-82.85679399961225, 41.26998700005804], [-82.85708400004046, 41.26998800000338], [-82.85708200039065, 41.26990099997683], [-82.85708200039065, 41.268994000206824], [-82.85762800001359, 41.268994000206824], [-82.85762800001359, 41.269985000167345], [-82.85750699963978, 41.26998600011273], [-82.85749900014217, 41.274572000244895], [-82.85931299963643, 41.275057999847796], [-82.85931299963643, 41.27498400014735], [-82.85931299963643, 41.27492600030523], [-82.85931199981151, 41.274659000123], [-82.86004599975544, 41.274656999700284], [-82.86003700043292, 41.27520800007798], [-82.86003999990766, 41.27561800029882], [-82.86070500025463, 41.27580099990864], [-82.86102400009683, 41.27588900002899], [-82.86102499992175, 41.27593400023649]], [[-82.86097100039339, 41.2785859999821], [-82.86096200017256, 41.27894900017455], [-82.86095299995172, 41.27914699967409], [-82.86079899996594, 41.27910799984061], [-82.86012699994629, 41.27892400024278], [-82.86014299983982, 41.278726000066726], [-82.86016200010638, 41.27843699990447], [-82.86041499982639, 41.27843699990447], [-82.86052399960633, 41.2784669997753], [-82.86097100039339, 41.2785859999821]], [[-82.86031600009218, 41.27125300026735], [-82.86031199989422, 41.272530999785054], [-82.8593109999866, 41.272535000085554], [-82.85931299963643, 41.27229300003147], [-82.85932000020745, 41.27125999974857], [-82.85932000020745, 41.27124500018417], [-82.86031600009218, 41.27125300026735]], [[-82.86031299971911, 41.27290099987462], [-82.86031400044236, 41.27316799982085], [-82.85930900033678, 41.2731660000276], [-82.85930900033678, 41.2728929999934], [-82.86031299971911, 41.27290099987462]], [[-82.86031199989422, 41.27043700023758], [-82.86031199989422, 41.27116300011912], [-82.85983400004334, 41.27116599990103], [-82.8597470000047, 41.27116699982826], [-82.85932000020745, 41.27116599990103], [-82.85932199985726, 41.27087799995644], [-82.85932199985726, 41.270830999774525], [-82.85932199985726, 41.270808999907615], [-82.85932299968216, 41.27071799988832], [-82.85932299968216, 41.27052099973852], [-82.85932299968216, 41.27043700023758], [-82.85958100032335, 41.27043399974704], [-82.86031199989422, 41.27043700023758]], [[-82.85932600005522, 41.269474999709665], [-82.85932600005522, 41.26952799990696], [-82.85932299968216, 41.2699830002766], [-82.8589379997177, 41.2699830002766], [-82.85890500010572, 41.2699830002766], [-82.85890099990776, 41.26947900019743], [-82.85932600005522, 41.269474999709665]], [[-82.85929799956781, 41.27861199985659], [-82.85930699978866, 41.27870000023765], [-82.85929099989511, 41.27869600031496], [-82.85926999997871, 41.27869000009295], [-82.85880100034866, 41.278561999725255], [-82.8588609997248, 41.27837799993831], [-82.85893900044093, 41.27813999989948], [-82.8587129995868, 41.278151999769015], [-82.85870400026428, 41.27786100011613], [-82.85918799996296, 41.277861999940875], [-82.85930599996372, 41.27786100011613], [-82.85930599996372, 41.27788599978001], [-82.85930500013882, 41.27799999990805], [-82.85930099994086, 41.27849700030738], [-82.85929799956781, 41.27855699998002], [-82.85929799956781, 41.27861199985659]], [[-82.8582470003298, 41.2785319998981], [-82.8582199996673, 41.278660000324635], [-82.85813000015393, 41.2790419998097], [-82.85786599966498, 41.27897899981003], [-82.8579939997115, 41.278606000301906], [-82.85803800009242, 41.278476000138916], [-82.85815699991811, 41.27850699980661], [-82.8582470003298, 41.2785319998981]], [[-82.85784300009875, 41.27842699971943], [-82.8578049995656, 41.27853500001643], [-82.85766800019657, 41.27892899995985], [-82.85723100035355, 41.27881800020961], [-82.85701600026842, 41.279275000244645], [-82.85620899963122, 41.27906800017764], [-82.85624200014152, 41.27900100029905], [-82.8559740003529, 41.27892999976823], [-82.85617199982131, 41.27852199972765], [-82.85636299961703, 41.27813800025855], [-82.85639500030238, 41.27803300012114], [-82.85644399980787, 41.278045999832266], [-82.85683799999318, 41.27815300026435], [-82.85707399999472, 41.27821700020557], [-82.8575579996934, 41.27834800002658], [-82.85780200009087, 41.27841599971665], [-82.85784300009875, 41.27842699971943]], [[-82.8545309996811, 41.27686299998935], [-82.85468200019216, 41.27690400016795], [-82.85446600028209, 41.27737899978329], [-82.8544329997718, 41.277370999775734], [-82.85444399964247, 41.277051000020315], [-82.8545309996811, 41.27686299998935]], [[-82.8305239998201, 41.28826100030236], [-82.83042400026099, 41.28970499997034], [-82.82752000027234, 41.28963699989344], [-82.82719300003419, 41.2896279997191], [-82.82711799969113, 41.288274000001174], [-82.82751799972421, 41.28827199999575], [-82.8305239998201, 41.28826100030236]]]}, "properties": {"AREALAND": "15874528", "AREAWATER": "312598", "BASENAME": "Bellevue", "CBSAPCI": "N", "CENTLAT": "+41.2744927", "CENTLON": "-082.8401951", "FUNCSTAT": "A", "GEOID": "3905228", "INTPTLAT": "+41.2741163", "INTPTLON": "-082.8398553", "LSADC": "25", "MTFCC": "G4110", "NAME": "Bellevue city", "NECTAPCI": "N", "OBJECTID": 26103, "OID": "27890295177511", "PLACE": "05228", "PLACECC": "C2", "PLACENS": "01086341", "STATE": "39", "DISP_CLR": 1}}, {"type": "Feature", "id": 26400, "geometry": {"type": "Polygon", "coordinates": [[[-83.74995100016517, 41.715008000296926], [-83.74986999997432, 41.713174999914706], [-83.74624799993528, 41.71329999975336], [-83.74625499960797, 41.713480000006015], [-83.74395999988978, 41.71354299990829], [-83.74384100006408, 41.713545000234134], [-83.74366199996395, 41.70970100005646], [-83.74360599988744, 41.70851200020305], [-83.74325600008308, 41.70852000012045], [-83.74287600014148, 41.70852899994251], [-83.74285799969982, 41.70799299999822], [-83.74099599962666, 41.70803900004862], [-83.73869599988562, 41.70809599977383], [-83.73858200008279, 41.70545799975393], [-83.73845900005915, 41.7026200002765], [-83.7383510001041, 41.70262100027402], [-83.73846800027997, 41.705461000284764], [-83.73561899964459, 41.70552799980758], [-83.73345399962275, 41.705559000333935], [-83.73343600007941, 41.70511899990094], [-83.733415000163, 41.704587000233715], [-83.7333659997592, 41.703379999954294], [-83.7333459996677, 41.70290200030677], [-83.73333499979705, 41.70267900010447], [-83.733267000025, 41.702680000101125], [-83.73299199966537, 41.702686000080476], [-83.73288600025849, 41.70268800007351], [-83.73268899971669, 41.702692000059336], [-83.7301839999362, 41.702746999839086], [-83.73012200001192, 41.702747999834635], [-83.72885900016348, 41.70277499970891], [-83.72625899994844, 41.702830000088376], [-83.72543299994302, 41.70284699998884], [-83.72514099986498, 41.70285299995266], [-83.72499100007714, 41.6992289996807], [-83.72565899989883, 41.699215000316734], [-83.72616299968898, 41.69920399976033], [-83.72624499970475, 41.69920200032968], [-83.72648499990427, 41.69919700007601], [-83.72681499961713, 41.69918999972018], [-83.72681100031748, 41.699094000129485], [-83.7267979998987, 41.69874699979889], [-83.72678000035535, 41.69824200016507], [-83.72663700024023, 41.69824499969114], [-83.72623499965901, 41.69825400028076], [-83.72583200015119, 41.698262000133035], [-83.7254389997908, 41.69826999998431], [-83.72502700006216, 41.698277999834595], [-83.72463000040212, 41.69828699974885], [-83.7246160001584, 41.69805200015948], [-83.72419500020894, 41.69806000003688], [-83.7241859999881, 41.697796000203255], [-83.72418199979013, 41.69768500010203], [-83.72419900040688, 41.697612000003524], [-83.72422199997311, 41.69751000027842], [-83.72420299970653, 41.69702000025134], [-83.72460299973963, 41.69701200024458], [-83.72500199994779, 41.69700300015195], [-83.72540199998089, 41.69699500014301], [-83.72539699995801, 41.69686900003944], [-83.72578500029552, 41.69685799975251], [-83.72616600006204, 41.69684700013445], [-83.7265579996992, 41.69683499975627], [-83.72674199982221, 41.696829999989276], [-83.72673099995154, 41.696508999916404], [-83.72672599992869, 41.69636399974474], [-83.72672099990581, 41.69620999971329], [-83.72671000003515, 41.69589100010415], [-83.7266999999894, 41.69561799980043], [-83.72661299995079, 41.69562000001324], [-83.72638000032228, 41.69562700008689], [-83.72601000042641, 41.69563799991359], [-83.72529900004872, 41.69565900012636], [-83.72490200038868, 41.69567100005325], [-83.7245030001805, 41.69568299997785], [-83.72410300014744, 41.695693999794976], [-83.72357199969478, 41.6957100001354], [-83.723453999694, 41.69571199967462], [-83.72351899999133, 41.697404000077086], [-83.72352700038726, 41.697625000311994], [-83.72358199974052, 41.699076999907575], [-83.72359000013644, 41.699263000039664], [-83.72359099996136, 41.699299999857566], [-83.7236360001672, 41.700500000048116], [-83.72364500038802, 41.70074300029639], [-83.72345200004418, 41.70074699973248], [-83.72334499991405, 41.700748999785766], [-83.72299400028479, 41.70075499994536], [-83.72294800025402, 41.70075699999839], [-83.72251800008371, 41.70076500021002], [-83.72250899986288, 41.70053299970515], [-83.72244299974064, 41.70051299977273], [-83.72234900002933, 41.700513999803064], [-83.72209200011136, 41.700519999984536], [-83.7219830003314, 41.700522000044934], [-83.72186500033065, 41.70052300007507], [-83.72177200044422, 41.70052600016548], [-83.72166899961374, 41.700528000225646], [-83.72162599995606, 41.700529000255706], [-83.72136200036539, 41.70048700032087], [-83.72133899990087, 41.700483000197885], [-83.72130100026602, 41.700663000120045], [-83.7212560000602, 41.70087100023732], [-83.72095300011148, 41.7008350000072], [-83.72091899977629, 41.70083600003248], [-83.72083299956256, 41.70083800008305], [-83.7201150004105, 41.70085799991435], [-83.72012899975589, 41.70107200020156], [-83.72011899971014, 41.70128099968497], [-83.72011700006031, 41.70154800001037], [-83.72011399968726, 41.701817999928025], [-83.72011100021254, 41.70209400008796], [-83.72010899966439, 41.70232200031803], [-83.71976700025594, 41.70234599969511], [-83.71966400032379, 41.70235399970906], [-83.71948199985059, 41.70236699972958], [-83.71950299976699, 41.702588999674504], [-83.71950899961477, 41.70264700020452], [-83.71939999983482, 41.7028719998343], [-83.7193420001085, 41.703084000145296], [-83.7193990000099, 41.7034289999068], [-83.72007900042549, 41.70334399978746], [-83.72128899967215, 41.70319199968062], [-83.72249299996936, 41.703040999876116], [-83.72291200026902, 41.70298900032332], [-83.7237280002287, 41.70291000025148], [-83.72389499973497, 41.70631900014732], [-83.72392800024524, 41.706991999847666], [-83.72397599992583, 41.70797899985971], [-83.7239940003675, 41.708334999848056], [-83.72401299973575, 41.70871600013269], [-83.72402000030675, 41.7088710002941], [-83.72403700002518, 41.70922000010281], [-83.72404600024602, 41.70939799992519], [-83.72405000044398, 41.70947999974534], [-83.72405299991873, 41.70953100019407], [-83.72406899981223, 41.70985699973983], [-83.72408399988086, 41.70995999988209], [-83.72408100040612, 41.71011200008355], [-83.72340900038648, 41.710170999742836], [-83.72290999972088, 41.71022200031399], [-83.72251300006084, 41.71026300004694], [-83.72229200012791, 41.710285000056395], [-83.72171899984245, 41.71034400022753], [-83.72092399979917, 41.7104250003061], [-83.72053499963673, 41.710464000158495], [-83.71973399974566, 41.71054599996009], [-83.71932399966686, 41.71058800003063], [-83.71893100020476, 41.71062800032774], [-83.71853000034676, 41.7106689998017], [-83.71732400039974, 41.71079100020814], [-83.715771999948, 41.710951000071375], [-83.71554699981711, 41.71097299984537], [-83.71540700007502, 41.7109850002676], [-83.71405999966268, 41.71112399979812], [-83.71403600027155, 41.707625999670995], [-83.714012999807, 41.70410199967777], [-83.71460700000885, 41.704027000205514], [-83.71561399976424, 41.70390199977293], [-83.7158210003518, 41.703875999679205], [-83.71713799972859, 41.70371099974244], [-83.71728900023965, 41.703693000089565], [-83.71887099993032, 41.70349500022174], [-83.71889199984672, 41.703492000269904], [-83.71886199970949, 41.70288299976325], [-83.71874899973159, 41.700227999892725], [-83.71872399961723, 41.699726999986005], [-83.71867599993665, 41.698628000191825], [-83.71866699971581, 41.698418000071904], [-83.71862999990587, 41.697553000221724], [-83.71858700024818, 41.69657999974242], [-83.71858499970004, 41.69655400004196], [-83.71857700020244, 41.69634100024256], [-83.71845800037676, 41.69360400009042], [-83.71828799959911, 41.689716999907695], [-83.71825599981207, 41.6889650000984], [-83.71825400016226, 41.688930000122454], [-83.71830799969062, 41.68892599995145], [-83.71866599989089, 41.688898000089395], [-83.7186449999745, 41.68782299983611], [-83.72220199971622, 41.687547999709736], [-83.72220900028724, 41.687710999736204], [-83.72235999989998, 41.68769899966607], [-83.72237199959554, 41.68826899985689], [-83.72237499996858, 41.68860300025128], [-83.72317099983678, 41.68854000006052], [-83.72331300012699, 41.69212200023794], [-83.7282259996036, 41.69202499999668], [-83.7282270003268, 41.692056000324804], [-83.72822800015172, 41.69208299999253], [-83.72823099962645, 41.692165999918785], [-83.72824900006812, 41.69216499975868], [-83.72937700019733, 41.69214300025706], [-83.72942099967996, 41.6921420000966], [-83.73003999999615, 41.69213000018213], [-83.73058899999216, 41.69211999991631], [-83.73059300019011, 41.69232000024178], [-83.73059499983995, 41.69238800019735], [-83.73069500029736, 41.6923870000407], [-83.7308099999251, 41.692385999883996], [-83.7308099999251, 41.692470999730055], [-83.73127000023263, 41.69262700029953], [-83.73201300039739, 41.692877999961624], [-83.73203000011583, 41.69288400018477], [-83.73267199999825, 41.69288400018477], [-83.7327389999454, 41.69288400018477], [-83.73317300031366, 41.692885000333696], [-83.73320199972767, 41.692885000333696], [-83.73320000007783, 41.692795000283326], [-83.733190999857, 41.692437999961], [-83.73314200035153, 41.690360000022665], [-83.7330989997955, 41.688498999892595], [-83.73309799997061, 41.68841100018022], [-83.73260699970092, 41.68841799969672], [-83.73220699966782, 41.688423000117595], [-83.73210600028382, 41.688423999665034], [-83.73146299967817, 41.68843200006912], [-83.73091500040539, 41.68843900025423], [-83.73046199977054, 41.68844500022059], [-83.7304290001586, 41.68844500022059], [-83.72992000034556, 41.68845199973338], [-83.72982900010896, 41.68594700028533], [-83.72979099957581, 41.68491300016307], [-83.72800600039388, 41.68493099970526], [-83.72305200001111, 41.684980000296896], [-83.72302600007183, 41.68423300020477], [-83.72296400014756, 41.68241400031498], [-83.72295499992671, 41.682127999757434], [-83.72293900003321, 41.68165500009697], [-83.7229259996144, 41.68121600014935], [-83.71504499967676, 41.68180599979474], [-83.71505100042286, 41.682030999877846], [-83.71506599959315, 41.682539999885115], [-83.71516900042364, 41.68604600013906], [-83.714309000083, 41.68605900010174], [-83.7143290001745, 41.687392999803585], [-83.71431599975573, 41.68747599974352], [-83.71430999990793, 41.68749999996479], [-83.71424100031093, 41.68779200015138], [-83.71423600028808, 41.687880000039655], [-83.71428599961848, 41.689244999891315], [-83.71224100014554, 41.68941000004915], [-83.71150399982857, 41.689470000123535], [-83.71064900040912, 41.68953899993872], [-83.70929100012614, 41.6896500000111], [-83.70796600035342, 41.68975799997016], [-83.70713699997494, 41.689824999754286], [-83.70653899957514, 41.68987299977698], [-83.70346700025533, 41.690121000218156], [-83.70228800007247, 41.69017099973148], [-83.7016229997255, 41.69019999990096], [-83.70047000038025, 41.690248999833756], [-83.6994950004119, 41.690290999746466], [-83.69849399960597, 41.69033399982033], [-83.69781499991362, 41.69036400010445], [-83.69734899975832, 41.69038399983892], [-83.69737600042082, 41.69096100030011], [-83.69738499974332, 41.691172000123906], [-83.6975310002315, 41.691161999709145], [-83.69766000010293, 41.69115799967698], [-83.69860599975895, 41.691113999977425], [-83.69885600000421, 41.695820000188235], [-83.69956499983378, 41.695794000180555], [-83.70289399996987, 41.69567200015884], [-83.70296400029007, 41.696751999818034], [-83.70281399960393, 41.69675700026181], [-83.70282100017494, 41.69683900010616], [-83.70285299996199, 41.69721799993426], [-83.70285700015995, 41.697261000072785], [-83.70287700025143, 41.6975020003326], [-83.7027890003879, 41.69750599997031], [-83.70253099974671, 41.69751800022328], [-83.70241299974595, 41.69752299993675], [-83.70238799963158, 41.69752400001354], [-83.70227499965368, 41.69752899972658], [-83.70202000028387, 41.69753999989875], [-83.70189399988716, 41.69754500028125], [-83.70180600002361, 41.697548999916236], [-83.70156400017429, 41.697560000084984], [-83.7013819997011, 41.69756800002358], [-83.70131700030207, 41.69757100025184], [-83.70107799992748, 41.69758099967019], [-83.70081699981158, 41.69759199983346], [-83.70075499988728, 41.6975950000606], [-83.70056300026668, 41.6976040000704], [-83.70032300006716, 41.69761400015437], [-83.70029600030297, 41.69761500022974], [-83.70019099982268, 41.697619999935654], [-83.70004600005772, 41.697625999716436], [-83.6998050000333, 41.69763699987201], [-83.69954200026757, 41.697648000025715], [-83.69935200029677, 41.69765599995336], [-83.6993050004411, 41.697659000177524], [-83.69928699999944, 41.697659000177524], [-83.69902599988353, 41.6976709997312], [-83.69895399991353, 41.69767399995466], [-83.69877300016354, 41.69768199987908], [-83.69852700011624, 41.69769300002508], [-83.69845599997115, 41.69769600024751], [-83.69827299967302, 41.697704000169196], [-83.69800800025746, 41.69771500031143], [-83.69797200027247, 41.69771699978831], [-83.69776100038527, 41.69772599978103], [-83.69751500033797, 41.6977369999195], [-83.6974740003301, 41.6977390000664], [-83.6972769997883, 41.69774699998278], [-83.69702200041847, 41.697758000117666], [-83.69698700025837, 41.69776000026391], [-83.69697200018976, 41.69776000026391], [-83.69662200038539, 41.697773999944616], [-83.69650699985935, 41.697779000308934], [-83.69619200021508, 41.697790999840265], [-83.69572500023486, 41.697809999876114], [-83.69556200002822, 41.69781600030987], [-83.69536600020966, 41.697824000216634], [-83.69492799964341, 41.69784100009906], [-83.6947850004266, 41.69784699985924], [-83.69467599974836, 41.69785200021787], [-83.6945660001435, 41.69785599983376], [-83.69449300034856, 41.69785900004858], [-83.69406800020111, 41.69787599992172], [-83.69359200000004, 41.69789399986144], [-83.69280199997962, 41.697926000114485], [-83.69300000034634, 41.698159000030444], [-83.6941519998667, 41.69951299991793], [-83.69417600015615, 41.699541999899886], [-83.69423100040774, 41.69960700013582], [-83.69444399994475, 41.69986200022055], [-83.69437399962455, 41.69998000018848], [-83.69435899955593, 41.700004999807135], [-83.69426700039274, 41.70015800010553], [-83.69421200014116, 41.700093999792664], [-83.69418000035411, 41.700056999760925], [-83.69405200030758, 41.699908000051906], [-83.69291599978244, 41.69857000006117], [-83.69283999961446, 41.69848099997867], [-83.6927430004284, 41.69836700019803], [-83.69266200023755, 41.69827200011464], [-83.69258699989446, 41.6981839996863], [-83.69257000017603, 41.69816300029798], [-83.6925049998787, 41.69808699986731], [-83.69247700028961, 41.69805400029659], [-83.69222000037166, 41.69806599977657], [-83.69139600001606, 41.698103000283155], [-83.69090499974638, 41.698127999960775], [-83.69095599980001, 41.698186999885834], [-83.6910539997093, 41.69829999992083], [-83.6916739998504, 41.69902199967166], [-83.6927640003448, 41.70029100003853], [-83.69334500012783, 41.700966999858174], [-83.69354799961911, 41.701206000275825], [-83.69359200000004, 41.70125799992911], [-83.69380700008522, 41.70151600021824], [-83.69388599972791, 41.70161500025716], [-83.69403800006388, 41.70180599980671], [-83.69395799969794, 41.70190600007847], [-83.6939400001546, 41.70192900027325], [-83.69392199971293, 41.70195199978912], [-83.69390400016958, 41.701974999967454], [-83.69388599972791, 41.701997000130305], [-83.69386800018457, 41.70202000029255], [-83.6938499997429, 41.702042999775806], [-83.69383200019956, 41.7020659999216], [-83.69381299993299, 41.702088000053315], [-83.69379500038964, 41.70211100018301], [-83.69377600012308, 41.702133000299376], [-83.69375799968141, 41.70215599974221], [-83.69373900031314, 41.702177999843194], [-83.69372000004657, 41.70220099994064], [-83.69370099977999, 41.70222300002622], [-83.69368200041173, 41.70224600010757], [-83.69366300014515, 41.70226800017775], [-83.69364399987859, 41.70229000024037], [-83.693624999612, 41.702311000293115], [-83.69360600024376, 41.702332999670354], [-83.69358600015227, 41.70235499971072], [-83.69356699988569, 41.70237599974224], [-83.69354699979421, 41.702398999768924], [-83.69352699970271, 41.7024209997867], [-83.69350699961124, 41.702442999797015], [-83.69345700028084, 41.70249499979139], [-83.69340799987704, 41.70254899974103], [-83.69338899961046, 41.70256799971249], [-83.69337100006712, 41.70258799967643], [-83.69335199980054, 41.70260800030485], [-83.69333300043229, 41.70262700025893], [-83.69331199961758, 41.702649000198704], [-83.69329099970118, 41.70267000013421], [-83.69326999978477, 41.702692000059336], [-83.69324899986839, 41.70271299998079], [-83.69322700012707, 41.70273399989539], [-83.69320600021067, 41.70275499980314], [-83.69313000004267, 41.70283500005956], [-83.6928980002391, 41.70304699982184], [-83.69434100001259, 41.70297399977379], [-83.69433699981462, 41.702864999878585], [-83.6943350001648, 41.70280400023192], [-83.69433900036276, 41.70260300031602], [-83.69434699986037, 41.70219399991188], [-83.69453699983117, 41.702412999781146], [-83.69462700024285, 41.702515999777205], [-83.69523999981296, 41.703222000003734], [-83.69586499997695, 41.702943000013164], [-83.69643099969136, 41.70269300005573], [-83.69659300007308, 41.702881999769794], [-83.6967639997773, 41.70308200016457], [-83.69678399986879, 41.70310499993873], [-83.69727599996337, 41.70367999966645], [-83.69758599958477, 41.70404099986324], [-83.6977630000351, 41.704247999812374], [-83.69778300012658, 41.70427099984013], [-83.69841300031344, 41.70500699973672], [-83.69846400036705, 41.705067999976094], [-83.69688500015113, 41.70512099981829], [-83.69652100010306, 41.70469499992723], [-83.69626099981205, 41.70439600022605], [-83.69553500026404, 41.70472900007885], [-83.69461299999915, 41.704941000303116], [-83.69443600044714, 41.70498200005073], [-83.69437299979964, 41.70499800009232], [-83.69436299975389, 41.70442699995684], [-83.69436199992897, 41.70409799977967], [-83.69431599989822, 41.70410099970328], [-83.69424599957802, 41.70410300032293], [-83.69366399997007, 41.70412799968007], [-83.69322799995199, 41.70414699985564], [-83.69273599985739, 41.70416699999913], [-83.69224899978566, 41.70418800010956], [-83.6922010001051, 41.70419000005587], [-83.69205600034013, 41.704195999894324], [-83.69173199957673, 41.70421000018594], [-83.69161899959883, 41.70421500004981], [-83.69115599981654, 41.704234000199726], [-83.69066700009499, 41.70425500028826], [-83.69028200013054, 41.70427099984013], [-83.6901809998482, 41.704274999727474], [-83.6900269998624, 41.70428200020038], [-83.68964899957065, 41.704297999745535], [-83.6893570003909, 41.70431000007246], [-83.68922299959829, 41.70431599989972], [-83.68894099956597, 41.7043280002233], [-83.68881199969455, 41.704333000077995], [-83.68862799957154, 41.70434099984473], [-83.6883720003768, 41.70435200019305], [-83.68831999959995, 41.7043540001342], [-83.68801599982635, 41.70436699975037], [-83.6878280004037, 41.70437500018355], [-83.68770399965682, 41.7043800000346], [-83.68740599973098, 41.70439300031618], [-83.68736999974597, 41.704394000286136], [-83.6870969999345, 41.704405999924475], [-83.68693299990296, 41.70441299971248], [-83.68678499976497, 41.70441900020081], [-83.68649100003708, 41.70443099983447], [-83.68647400031865, 41.70443199980388], [-83.68616799999691, 41.70444500007491], [-83.68605199964595, 41.70444999992057], [-83.68585599982735, 41.704457999672734], [-83.68560700030534, 41.70446900000099], [-83.68554700003088, 41.70447099993856], [-83.68517499958689, 41.70448700010731], [-83.68506699963186, 41.70449000001278], [-83.68503800021784, 41.704044999764896], [-83.68503300019498, 41.70396700029648], [-83.6849160000191, 41.703971000202735], [-83.68433699988587, 41.70399199970649], [-83.68433699988587, 41.70403200008363], [-83.68433699988587, 41.70416600002565], [-83.68433799971079, 41.70452199966626], [-83.68433900043402, 41.70479800029185], [-83.68433900043402, 41.705067999976094], [-83.68434000025894, 41.705228999956184], [-83.68434000025894, 41.70534700013541], [-83.68434000025894, 41.705649999910534], [-83.68199899961168, 41.705648000009695], [-83.67977699968841, 41.70564600010873], [-83.6796200002279, 41.70564600010873], [-83.67962299970263, 41.705725000172265], [-83.67965100019003, 41.706539999923955], [-83.6796699995583, 41.70709000024583], [-83.67969600039586, 41.70786699998318], [-83.67969899987061, 41.7079530000734], [-83.67970899991636, 41.70820400027939], [-83.67971200028941, 41.70831999987516], [-83.67971499976413, 41.70841800026087], [-83.67972999983274, 41.708840999924284], [-83.6797340000307, 41.70895100031771], [-83.67973800022867, 41.70906500011228], [-83.67961400038013, 41.70909200001639], [-83.6795990003115, 41.7090939998101], [-83.67943299973183, 41.709118000012644], [-83.67934599969318, 41.70915999967489], [-83.6792410001112, 41.709237000325665], [-83.67913200033126, 41.709345000255624], [-83.6791199997374, 41.709354999855016], [-83.67903900044485, 41.709416999884645], [-83.67902500020114, 41.7094260002517], [-83.67898199964513, 41.70945399989544], [-83.67894599966012, 41.7094770000727], [-83.67890700020037, 41.70950299991324], [-83.67885899962147, 41.709532999974186], [-83.67882199981156, 41.7094770000727], [-83.67826000029508, 41.708744999988], [-83.6772269997021, 41.709208000021725], [-83.67635200019117, 41.7096019997258], [-83.67629600011469, 41.709586000159334], [-83.67619999985521, 41.70955799990245], [-83.67586000009659, 41.709465000039586], [-83.67525500002408, 41.70929999969212], [-83.67520200032064, 41.709285999838244], [-83.6749899997102, 41.709227000037345], [-83.674967000144, 41.708386999771776], [-83.67493100015899, 41.70752600024744], [-83.67488199975519, 41.706011999722016], [-83.67480200028756, 41.706018000061164], [-83.67353000021829, 41.706017000116425], [-83.67359899981525, 41.70790899979208], [-83.67363899999823, 41.70884799990003], [-83.67343700033189, 41.708791000170926], [-83.67306800026093, 41.70868599969054], [-83.67294199986424, 41.70864999981208], [-83.67255199987689, 41.70854000024488], [-83.67247200040927, 41.70629199974927], [-83.67244899994472, 41.7056320001298], [-83.66889600040098, 41.70561800014783], [-83.66697900007624, 41.70560999986931], [-83.66703400032782, 41.70684699983998], [-83.6664910001796, 41.70666799972637], [-83.6661599997435, 41.70655900005742], [-83.6660190001765, 41.706513000289384], [-83.6660180003516, 41.70667300006977], [-83.66601599980346, 41.70683699985053], [-83.66595700025223, 41.706960000082226], [-83.66591899971907, 41.70703500015711], [-83.66547199983033, 41.706889000315236], [-83.6653649997002, 41.70685499996457], [-83.66536999972307, 41.70697600030229], [-83.66537700029409, 41.70712499972908], [-83.66539300018762, 41.70747500021999], [-83.6654130002791, 41.70789600022141], [-83.66543699967023, 41.7084130000532], [-83.66544300041633, 41.7085350000467], [-83.667313999812, 41.70846800030433], [-83.66734899997209, 41.70910200032572], [-83.66810399983241, 41.70910599991251], [-83.66915699961856, 41.7091199998056], [-83.66964500041351, 41.709125999854635], [-83.66963899966743, 41.70971599970719], [-83.66962500032204, 41.71016700022229], [-83.66922799976368, 41.71016499979133], [-83.66916800038753, 41.71016399991114], [-83.66898400026452, 41.71016200015065], [-83.66870600043019, 41.710159999719544], [-83.66852800015494, 41.71015899983927], [-83.66833599963601, 41.71015799995894], [-83.66817099977955, 41.71015600019832], [-83.66807299987028, 41.710151000125826], [-83.66798400018182, 41.71014600005295], [-83.66779000001306, 41.710144000291905], [-83.66760900026308, 41.710142999740775], [-83.66724699986484, 41.71013900021848], [-83.66706500028997, 41.71013799966726], [-83.66669700004394, 41.71013400014466], [-83.66631999957707, 41.71013099983198], [-83.66632799997298, 41.71028599993476], [-83.66633800001874, 41.71050600028257], [-83.66634100039178, 41.71056799987274], [-83.66634499969143, 41.71064699992367], [-83.66634999971428, 41.71085099978439], [-83.6663489998894, 41.7110489997993], [-83.6663489998894, 41.71114000032301], [-83.6666800003255, 41.711145000318574], [-83.6672290003215, 41.71115500030854], [-83.66778199961715, 41.711163999761695], [-83.66805799980165, 41.711168999755394], [-83.668159000084, 41.71117100015517], [-83.66832300011552, 41.71117399974871], [-83.66869100036156, 41.711181000141075], [-83.66886200006579, 41.7111850002691], [-83.66906399973215, 41.711187999862034], [-83.6692429998323, 41.711191000125446], [-83.66934099974159, 41.711191000125446], [-83.66960500023053, 41.71119799984531], [-83.66959799965953, 41.7115340002567], [-83.66959400035988, 41.71176900019928], [-83.66976900026208, 41.711770999909724], [-83.66977099991189, 41.7120080000301], [-83.6697719997368, 41.712146000181534], [-83.6697719997368, 41.71241900006022], [-83.66977400028493, 41.71278900003732], [-83.66943799982597, 41.71278599984849], [-83.66850300004057, 41.71277500027268], [-83.66848200012419, 41.71277500027268], [-83.66848899979688, 41.71230100011982], [-83.66848899979688, 41.71227500006973], [-83.66803000021257, 41.712270000162064], [-83.66795800024255, 41.712270000162064], [-83.66790200016607, 41.712265000254], [-83.66738699960692, 41.712259999674956], [-83.66737900010932, 41.71276800005389], [-83.66563599986186, 41.71276199967419], [-83.66567699986975, 41.71359900029113], [-83.66578599964969, 41.71360000011789], [-83.66663799959439, 41.71360400009542], [-83.6670550002442, 41.71360499992211], [-83.66727600017715, 41.713605999748786], [-83.66758400014874, 41.71360700024602], [-83.66764900044606, 41.71360700024602], [-83.66759699966921, 41.71300199967256], [-83.66757599975281, 41.71276800005389], [-83.66766299979145, 41.71276899989364], [-83.66802099999174, 41.712769999733304], [-83.66808000044128, 41.713377000139175], [-83.66818199965022, 41.71337300014758], [-83.66853300017782, 41.7133570001785], [-83.66853599965255, 41.71338100013059], [-83.66862299969118, 41.71423200018428], [-83.66863299973691, 41.71434500018634], [-83.66864600015572, 41.71448300001439], [-83.6686589996762, 41.71462100021672], [-83.66866100022433, 41.71463699987115], [-83.66867200009499, 41.714752999928926], [-83.66868399979055, 41.714887000324694], [-83.66869700020935, 41.715025000330186], [-83.66870800008, 41.71513699980582], [-83.6685249997819, 41.71514699984532], [-83.66835800027562, 41.71516200023689], [-83.66835900010054, 41.715173999877116], [-83.66817199960447, 41.715183999910806], [-83.66816900012974, 41.71516300003939], [-83.66798800037978, 41.71516600011721], [-83.66808600028907, 41.716030999735956], [-83.66810100035768, 41.71616599993631], [-83.66813200031982, 41.71643699993955], [-83.66817599980243, 41.71682900003787], [-83.66819099987106, 41.71696399990307], [-83.66820599993966, 41.71709600016771], [-83.66802199981663, 41.71712099983676], [-83.6680240003648, 41.71713200000994], [-83.66797099976303, 41.717140000195634], [-83.66791399986161, 41.717147999709795], [-83.66773800013452, 41.71717399980039], [-83.6677370003096, 41.71715800010695], [-83.66767200001227, 41.71716700006069], [-83.66758999999651, 41.717178000226], [-83.66743299963767, 41.71719600012667], [-83.66745100007934, 41.717292999951674], [-83.66745199990424, 41.71764800022639], [-83.66588000025932, 41.71783500003969], [-83.66591600024434, 41.71858200013713], [-83.66591700006926, 41.71861100023509], [-83.66699300031995, 41.71860999981575], [-83.66703500015274, 41.71996700003126], [-83.66882500025586, 41.71996299977926], [-83.66984700007988, 41.71996100032363], [-83.66981699994265, 41.71957399989449], [-83.66976199969106, 41.71887300027283], [-83.66973499992687, 41.718520000230576], [-83.67056400030536, 41.71848300007399], [-83.67053599981794, 41.71813799996254], [-83.67052999997017, 41.71806399985873], [-83.66970300013982, 41.71810599971065], [-83.6696510002613, 41.71737199978389], [-83.67046499967284, 41.71726999988889], [-83.670503000206, 41.71774500003969], [-83.67051699955138, 41.71791300011656], [-83.6707579995758, 41.71790100031722], [-83.67114599991334, 41.717882000183316], [-83.67134400028003, 41.71787199989882], [-83.67150400011361, 41.71995700007126], [-83.67253799963319, 41.71995499994492], [-83.67304200032166, 41.71995400021702], [-83.67283700028226, 41.71748099989377], [-83.67279399972624, 41.71698000031536], [-83.6732280000945, 41.71692599974619], [-83.67350900030189, 41.71688800023738], [-83.67429799959909, 41.71678799979914], [-83.67494500040269, 41.71670999969799], [-83.67498200021262, 41.717179999768206], [-83.67539800013923, 41.71717000004502], [-83.67543099975119, 41.7171690002738], [-83.67579399997435, 41.717160000320284], [-83.67613700010602, 41.71715200013708], [-83.6764459999025, 41.71714499972448], [-83.67644099987965, 41.716993000060654], [-83.67644099987965, 41.71698300030842], [-83.67654800000976, 41.716981000089525], [-83.67654999965958, 41.71712099983676], [-83.67705900037092, 41.71711400009134], [-83.67707100006649, 41.71743100015542], [-83.6770800002873, 41.71765799987519], [-83.67708500031019, 41.71779500020424], [-83.67709000033307, 41.717932000241284], [-83.67709500035593, 41.71806899998624], [-83.6771010002037, 41.718206000109674], [-83.67710600022659, 41.7183489997998], [-83.67711100024944, 41.71848599999689], [-83.67711600027232, 41.71862299990191], [-83.6771210002952, 41.71875500011163], [-83.67712600031807, 41.71889200011375], [-83.67713100034095, 41.71902899982379], [-83.67713700018872, 41.71916700032296], [-83.67713999966347, 41.719260000229866], [-83.6771420002116, 41.7193040001173], [-83.67714600040956, 41.71941800032551], [-83.67715200025734, 41.71958000030879], [-83.67715700028022, 41.719716000161526], [-83.67716099957987, 41.71983199976905], [-83.67716499977782, 41.71994099972963], [-83.6778030003606, 41.71993900027337], [-83.67914099965378, 41.71993400029136], [-83.68044000038556, 41.719927999910134], [-83.68054800034058, 41.719927000181805], [-83.6805640002341, 41.72107200010899], [-83.68057500010475, 41.72183000016697], [-83.68064600024987, 41.72182800009899], [-83.68065000044783, 41.722154000303384], [-83.68065100027275, 41.72225000032809], [-83.68058099995255, 41.722253999767226], [-83.68063600020412, 41.7242189997297], [-83.68062100013552, 41.72435200017252], [-83.68062199996042, 41.72462800013744], [-83.68073199956528, 41.72462800013744], [-83.68089300012207, 41.72462899979263], [-83.6829369997701, 41.724624000175545], [-83.68287400002092, 41.72319900025845], [-83.68288300024173, 41.723112000102304], [-83.68286899999804, 41.72283099990312], [-83.68284600043182, 41.72240000024713], [-83.6828380000359, 41.72224099974519], [-83.68283399983794, 41.722163000227965], [-83.68282999963999, 41.722080000130624], [-83.68281600029458, 41.72181799975808], [-83.68324800011472, 41.721815999689674], [-83.68370400022431, 41.72181400029176], [-83.68395399957124, 41.721812999922264], [-83.68501899995127, 41.72180800008607], [-83.68512799973121, 41.72180699971649], [-83.68514899964761, 41.72214800012945], [-83.68515200002068, 41.72220900019539], [-83.68518299998281, 41.722703000101724], [-83.68382800007286, 41.72270999990887], [-83.68382899989776, 41.72274899968252], [-83.68382999972268, 41.722803999735746], [-83.68383200027081, 41.72294200017398], [-83.68383300009573, 41.723020999766725], [-83.68383499974557, 41.7231069996967], [-83.68520700027226, 41.72310100028224], [-83.68521300012003, 41.723206999688884], [-83.68536600028091, 41.72570899981459], [-83.68538600037239, 41.7260250000855], [-83.68541599961131, 41.72651700023101], [-83.68543300022806, 41.7265820000121], [-83.68544400009873, 41.72662199974156], [-83.68620700035495, 41.726573000036026], [-83.68794499968124, 41.726463999927645], [-83.68866399955655, 41.72641800032463], [-83.6886819999982, 41.72641700002682], [-83.68904400039646, 41.7263930002497], [-83.68923199981911, 41.72638200032087], [-83.689272999827, 41.72637999972412], [-83.68931999968267, 41.726377000169784], [-83.68975999989873, 41.72635000015157], [-83.69047899977403, 41.726305999725184], [-83.69127600036546, 41.72625699977864], [-83.70033099956476, 41.725702000334145], [-83.70118000003474, 41.72565099997797], [-83.70151800014354, 41.72563099981412], [-83.70916700027759, 41.72528100029641], [-83.70924199972234, 41.72527800002031], [-83.709260000164, 41.72527699970475], [-83.70947400042425, 41.72524000008641], [-83.70957999983113, 41.72523699980839], [-83.71456500017605, 41.72510900010677], [-83.71522399977691, 41.725092999707094], [-83.72063900029212, 41.72496299974819], [-83.72420500025468, 41.72487999991532], [-83.72958899990945, 41.724696000121675], [-83.72964800035899, 41.724694000142854], [-83.73020300020279, 41.724676000330966], [-83.73078399998583, 41.72465599986361], [-83.73595900030153, 41.72448000004133], [-83.73638100007592, 41.72446600014142], [-83.74438099983925, 41.72417699985027], [-83.74609800014746, 41.72412099996827], [-83.74679699993126, 41.72408900001381], [-83.7467850002357, 41.72387699991291], [-83.74677600001486, 41.723700000298614], [-83.74676599996913, 41.72352799989945], [-83.7467569997483, 41.72335399968985], [-83.74673400018207, 41.72291199966665], [-83.74672999998411, 41.722843000122836], [-83.74672300031142, 41.72277999994996], [-83.74661399963318, 41.720683000232384], [-83.74661100015844, 41.720612000200724], [-83.74660699996048, 41.72053300032832], [-83.74778699996824, 41.72048800022175], [-83.74759199997456, 41.7169660001225], [-83.7488110003404, 41.716915999983485], [-83.7487130004311, 41.71506099999131], [-83.74914000022837, 41.71504300016327], [-83.74995100016517, 41.715008000296926]], [[-83.74498599991176, 41.716611000103825], [-83.74500199980527, 41.71707200026163], [-83.74400799957036, 41.71711300031919], [-83.74398599982904, 41.71664100020014], [-83.74410300000491, 41.716636999741056], [-83.74498599991176, 41.716611000103825]]]}, "properties": {"AREALAND": "17262910", "AREAWATER": "135456", "BASENAME": "Sylvania", "CBSAPCI": "N", "CENTLAT": "+41.7101422", "CENTLON": "-083.7093718", "FUNCSTAT": "A", "GEOID": "3976022", "INTPTLAT": "+41.7103622", "INTPTLON": "-083.7102124", "LSADC": "25", "MTFCC": "G4110", "NAME": "Sylvania city", "NECTAPCI": "N", "OBJECTID": 26400, "OID": "2789085243684", "PLACE": "76022", "PLACECC": "C1", "PLACENS": "02396020", "STATE": "39", "DISP_CLR": 4}}, {"type": "Feature", "id": 26921, "geometry": {"type": "Polygon", "coordinates": [[[-83.22390700029864, 41.113268000037785], [-83.22531900010999, 41.1121469999779], [-83.22063500006396, 41.10906000003039], [-83.220490000299, 41.108947000129554], [-83.22046000016176, 41.108951999985486], [-83.22061300032266, 41.108738000123864], [-83.22084500012623, 41.108895000115815], [-83.22202099993603, 41.108713999785905], [-83.22187500034617, 41.107560000202255], [-83.22104099994483, 41.107548999879285], [-83.2210450001428, 41.10753100014677], [-83.22092499959388, 41.107438999932754], [-83.22095100043144, 41.10549400000913], [-83.22074100036917, 41.104693999771605], [-83.22086799969246, 41.104465000333526], [-83.22137499985566, 41.10414300023098], [-83.22330999972375, 41.10396099988659], [-83.2237929995975, 41.10379800025464], [-83.22426600032382, 41.10302200005939], [-83.22278900021514, 41.10299300003051], [-83.22261400031297, 41.10307199972902], [-83.22247200002276, 41.10307199972902], [-83.22226199996047, 41.10312500008187], [-83.22201699973807, 41.1029389997792], [-83.22040400008527, 41.102966000248834], [-83.22050899966726, 41.10180600029974], [-83.220194000023, 41.10180899972729], [-83.22016100041103, 41.1029899999801], [-83.21952899967603, 41.10296399998877], [-83.21952899967603, 41.103598000174244], [-83.21809199975033, 41.10359899995615], [-83.21805499994042, 41.1018289999691], [-83.21595199984284, 41.101847999719354], [-83.21596899956128, 41.1027259997463], [-83.21509900007322, 41.10276799993141], [-83.21515900034768, 41.10503400030193], [-83.21117599973529, 41.10234999985805], [-83.2108379996265, 41.1021220001736], [-83.21069200003663, 41.10202299983259], [-83.20938399998235, 41.10318500026364], [-83.20949600013533, 41.10331799971526], [-83.20942599981515, 41.10447299983669], [-83.20928000022528, 41.10861600028908], [-83.20913399973709, 41.10861600028908], [-83.20913999958488, 41.1093479999585], [-83.20871699998557, 41.10935000002406], [-83.20871799981049, 41.109129000191714], [-83.20788900033033, 41.10912999988941], [-83.20788400030744, 41.108161999744766], [-83.2074800000764, 41.10816500023575], [-83.2074719996805, 41.109846000195205], [-83.2074719996805, 41.10988500015208], [-83.20663999982727, 41.10987900000402], [-83.20662999978151, 41.11026599997028], [-83.20620200015935, 41.1102579998192], [-83.20620800000714, 41.110782000212225], [-83.20609800040228, 41.11077099975222], [-83.2059739996554, 41.110774000123975], [-83.20583399991332, 41.11077200010175], [-83.20575600009552, 41.11077899984083], [-83.20563600044491, 41.11078499990665], [-83.20557100014759, 41.110774000123975], [-83.20557100014759, 41.11071000005989], [-83.20529800033611, 41.11071000005989], [-83.20494299961055, 41.11070800003571], [-83.20494099996074, 41.110930000314944], [-83.2049390003109, 41.111167999926884], [-83.20418000025263, 41.111167999926884], [-83.20418299972737, 41.10922700027652], [-83.20440200001049, 41.10922700027652], [-83.2044029998354, 41.108913000151276], [-83.2049600002273, 41.108908999993375], [-83.20496199987713, 41.10873500033592], [-83.20496400042526, 41.1084760000773], [-83.2054449997509, 41.108035999982384], [-83.20442999959958, 41.1075049999228], [-83.20532400027538, 41.10676500011299], [-83.20512000006089, 41.106405000226935], [-83.20495299965629, 41.1061200001583], [-83.20189700023, 41.10733899975984], [-83.19896999977682, 41.1084080002922], [-83.19895800008126, 41.108933999960776], [-83.19726300041269, 41.107869999808216], [-83.19693399962641, 41.108215999762294], [-83.19827600001587, 41.109185999858255], [-83.19846400033684, 41.10932199977712], [-83.19754500044499, 41.10950000003167], [-83.19511199973623, 41.10769499970838], [-83.19408499988933, 41.10710099980533], [-83.19390999998716, 41.1069970001971], [-83.1940189997671, 41.10687600024382], [-83.1944120001275, 41.107103999667935], [-83.195201000323, 41.106501000163895], [-83.19604700041991, 41.1069509997321], [-83.19624499988832, 41.10679399982991], [-83.19647900024005, 41.10660799976608], [-83.19661599960908, 41.10649900001155], [-83.19699999974864, 41.10608899997889], [-83.19744699963739, 41.10566800013257], [-83.19795499962551, 41.106014999928114], [-83.19846400033684, 41.10597599970315], [-83.19848100005528, 41.104887000209025], [-83.19874899984387, 41.10497599997764], [-83.19969700004806, 41.1052909997336], [-83.19971100029176, 41.10525099999874], [-83.19972499963714, 41.10520699985615], [-83.19973899988085, 41.105147000168046], [-83.19974800010168, 41.10505499999822], [-83.1997630001703, 41.10437099966797], [-83.19981500004883, 41.10201400022492], [-83.19943699975705, 41.10199700013535], [-83.19906100001343, 41.101969000137494], [-83.1987990000726, 41.10194199993483], [-83.1986860000947, 41.101930000217294], [-83.19867199985099, 41.101927999925664], [-83.19864300043699, 41.10192400001924], [-83.1984960001239, 41.101903999806346], [-83.19839300019173, 41.10189100027392], [-83.19836100040467, 41.10188699968825], [-83.19831399965071, 41.10187999967821], [-83.19828400041179, 41.10187499996066], [-83.19746099988109, 41.10174099980727], [-83.19600700023695, 41.10339399966778], [-83.19563300014313, 41.10324099988745], [-83.19699899992374, 41.10172900005295], [-83.19704900015245, 41.101674000304925], [-83.19749799969102, 41.10117599968981], [-83.19773899971544, 41.1009099999645], [-83.19792399966337, 41.10070400025643], [-83.19838700034396, 41.10019299986395], [-83.19864599991172, 41.09990600023682], [-83.19602700032843, 41.09848000030647], [-83.19588500003822, 41.09839999996195], [-83.19544200034743, 41.09824700005556], [-83.19521999969125, 41.09818100023812], [-83.19512699980484, 41.09813899982742], [-83.1950899999949, 41.09826100017241], [-83.19312099979165, 41.09768499995993], [-83.1929829996994, 41.09786299994199], [-83.19206700018057, 41.09903199982499], [-83.19151399998663, 41.09886299966675], [-83.19151499981152, 41.099480999959525], [-83.19151700035967, 41.10115400028781], [-83.18992399990003, 41.10114700019965], [-83.18991800005226, 41.10022400011896], [-83.18991999970208, 41.0994490001857], [-83.18992200025022, 41.09881700027339], [-83.18990999965632, 41.09871400026414], [-83.1898300001887, 41.09871299973085], [-83.18944400039932, 41.098707999772266], [-83.18699300014721, 41.09879699979132], [-83.18521999976252, 41.098794000226206], [-83.18581700033741, 41.09809899979816], [-83.18586300036816, 41.09804600012799], [-83.1865570001291, 41.097244999995716], [-83.18689600006283, 41.09685400024825], [-83.18691299978126, 41.09683899994666], [-83.18693799989562, 41.096810999780736], [-83.18695899981202, 41.09678599993686], [-83.18614899970011, 41.09644199979148], [-83.18663699959673, 41.09604599984174], [-83.18620800014966, 41.09574900000519], [-83.18682900011568, 41.09512500033706], [-83.18032200035455, 41.095163000325776], [-83.17985100017637, 41.09435400018333], [-83.17715600042507, 41.09518600029045], [-83.17479300003652, 41.09512100001631], [-83.1731650003151, 41.095119000194316], [-83.17058299964341, 41.09512100001631], [-83.17039900041871, 41.09512199992726], [-83.1703430003422, 41.09512199992726], [-83.17029700031145, 41.09370599972006], [-83.17041199993919, 41.09370299992246], [-83.17057599997071, 41.09370000012468], [-83.17057099994784, 41.093511999662866], [-83.17112800033976, 41.093511999662866], [-83.1711230003169, 41.09335799994238], [-83.1710959996544, 41.09225800024183], [-83.17156099998482, 41.09219800023312], [-83.17171800034365, 41.092176999810945], [-83.17203100033808, 41.09217100007592], [-83.17226399996659, 41.09227899996113], [-83.17235000018032, 41.092284999686235], [-83.17244399989164, 41.09227899996113], [-83.17255000019686, 41.09221999992672], [-83.17265300012902, 41.09213900012601], [-83.17265899997682, 41.09148399971511], [-83.16989499973025, 41.0914409997946], [-83.16992099966951, 41.08764699992603], [-83.17480899993004, 41.08774700029202], [-83.174813000128, 41.08625600022534], [-83.17254199980094, 41.0851760000044], [-83.17005100026417, 41.08400399977453], [-83.16830499964365, 41.083175999946775], [-83.16576300005325, 41.08197000022884], [-83.16538800013453, 41.081798999963034], [-83.16500700036802, 41.081637000298684], [-83.16461800020558, 41.08148500006656], [-83.1642240000203, 41.081343000013234], [-83.16382300016231, 41.08121100020349], [-83.1635550003737, 41.081130999820445], [-83.16341599955821, 41.081089000020484], [-83.16300499965448, 41.080978000323256], [-83.16258899972786, 41.080876000234866], [-83.16216799977839, 41.08078600018477], [-83.16176199989751, 41.08070899967541], [-83.16127099962785, 41.080629000035614], [-83.16082299991419, 41.08056800010936], [-83.16037299965238, 41.08051700010539], [-83.16044600034563, 41.08784999989378], [-83.16351699984054, 41.08784999989378], [-83.16523400014874, 41.08784999989378], [-83.16529600007301, 41.09350600004978], [-83.16536999969287, 41.095783000029506], [-83.16381399994147, 41.096081000285615], [-83.16426300037836, 41.09674200021554], [-83.16490400043585, 41.09768800025266], [-83.16440499977027, 41.09765800002698], [-83.1633799995732, 41.0976190002547], [-83.16310599993682, 41.09687499985231], [-83.16280999966081, 41.09689999966237], [-83.16266800026891, 41.09694800016455], [-83.16264599962928, 41.096849000148104], [-83.1622959998249, 41.096738999879605], [-83.1618730002256, 41.09669299967575], [-83.16102600030376, 41.09641900026657], [-83.16065700023283, 41.09625299983633], [-83.16018500022972, 41.096220999843794], [-83.16018699987956, 41.099235999665], [-83.16006200020608, 41.09927499983109], [-83.16000600012958, 41.09928700003372], [-83.15992099974076, 41.099291999948285], [-83.15981399961066, 41.09929100010081], [-83.1596699996706, 41.09930199977626], [-83.1596400004317, 41.099304999995134], [-83.1591619996825, 41.09933500014548], [-83.15896300038916, 41.0993440001202], [-83.15906299994829, 41.10127800008252], [-83.15950900001212, 41.10137400006852], [-83.15931200036863, 41.10191200029835], [-83.15920299969038, 41.10205699999388], [-83.15956000006574, 41.10227199977006], [-83.15955800041593, 41.102334000333535], [-83.15893300025195, 41.102054999706134], [-83.15815400010219, 41.10167900003777], [-83.15762199982463, 41.101426999760946], [-83.15719699967717, 41.10124299970018], [-83.15713099955495, 41.101207000157785], [-83.15705500028527, 41.10117400005221], [-83.15585900038398, 41.102457000131785], [-83.15506900036355, 41.10249899981205], [-83.1550169995867, 41.10576200029532], [-83.15497300010409, 41.10857199969389], [-83.15495600038565, 41.10965799992177], [-83.15619300029482, 41.10966099966754], [-83.1561919995716, 41.1121899998798], [-83.15615200028694, 41.11217600002503], [-83.15590000039185, 41.11208899984523], [-83.15558300019946, 41.11196799980022], [-83.1549300004464, 41.11169300016075], [-83.15469799974449, 41.11159499969581], [-83.15414200007578, 41.111359999946266], [-83.1527190003938, 41.11075599992187], [-83.15270900034804, 41.112469000085945], [-83.15506199979257, 41.1134720003247], [-83.15506000014273, 41.11357000001817], [-83.15500300024132, 41.11617100022889], [-83.15397200019646, 41.116155000011325], [-83.15397200019646, 41.116858999804926], [-83.15399200028797, 41.11736600012728], [-83.15704400041461, 41.11739900021673], [-83.15705500028527, 41.1168950002413], [-83.15764000026627, 41.116882000292776], [-83.15807299991133, 41.116889000057135], [-83.15891099961232, 41.116892000149285], [-83.15928499970613, 41.11689299972877], [-83.15980799976286, 41.11689399998507], [-83.15981299978573, 41.119009000304565], [-83.15968300008939, 41.1228100000262], [-83.15967600041671, 41.123158000060954], [-83.1596629999979, 41.12383200008367], [-83.1596489997542, 41.12455299975876], [-83.15964399973134, 41.12483300033518], [-83.15977799962565, 41.12505400008186], [-83.1597759999758, 41.12519400012725], [-83.159774000326, 41.125314000025085], [-83.15976699975498, 41.12582599992057], [-83.15973999999079, 41.12776000006736], [-83.1597679995799, 41.131146999766045], [-83.15976900030311, 41.131247000209214], [-83.15976900030311, 41.13128200015914], [-83.15976900030311, 41.131373000076984], [-83.15972900012014, 41.131373000076984], [-83.15965299995217, 41.131373000076984], [-83.15959000020298, 41.131373000076984], [-83.15955199966983, 41.131373000076984], [-83.15945999960833, 41.131373000076984], [-83.15623000010476, 41.13137200004136], [-83.15529199994633, 41.131325999741115], [-83.154713999638, 41.1313289998499], [-83.15458399994166, 41.13148599994046], [-83.15349799964524, 41.13280100015966], [-83.14961700003842, 41.1374979997226], [-83.1496019999698, 41.13831799998141], [-83.15734700036332, 41.13833600006682], [-83.15923000035286, 41.13833999978445], [-83.15924299987334, 41.137170000266806], [-83.160683999997, 41.136605999875854], [-83.16094900031088, 41.13713100028429], [-83.16136400041258, 41.13726399997324], [-83.16186700037782, 41.13742599978454], [-83.162034999709, 41.137481000026256], [-83.16230199967269, 41.137559000228464], [-83.16167099966094, 41.13844600033108], [-83.16216399958043, 41.13845399975269], [-83.162034999709, 41.138760999821315], [-83.16061200002697, 41.140568000111514], [-83.1600069999545, 41.14107099969485], [-83.15927999968326, 41.142420000128304], [-83.15912900007051, 41.14251200002071], [-83.15885700008397, 41.143059999941364], [-83.1581909999121, 41.143768999873], [-83.15761599997683, 41.1442269997267], [-83.15744799974735, 41.144459999827845], [-83.15861000021177, 41.14442199995786], [-83.16894599970115, 41.14437100015112], [-83.16895900011995, 41.143799999845825], [-83.16896900016569, 41.14334800018729], [-83.1690539996562, 41.13933100011124], [-83.16906500042518, 41.13916300009201], [-83.16909100036442, 41.138996000238315], [-83.16913099964908, 41.138829999881374], [-83.16916499998428, 41.13871900033753], [-83.16747100014061, 41.13870999967142], [-83.16747100014061, 41.137665000007615], [-83.16773899992923, 41.13766200018853], [-83.16773499973125, 41.137102999710066], [-83.16986200011829, 41.137301999931495], [-83.17002000030202, 41.13737599989382], [-83.16985799992032, 41.137599999837825], [-83.17122299987601, 41.137618000120256], [-83.17160299981761, 41.1370759997491], [-83.1718909996977, 41.137074999800454], [-83.17185999973555, 41.1360960001335], [-83.17253799960298, 41.13609200027903], [-83.17224600042323, 41.135942000148205], [-83.17244899991452, 41.135680999725324], [-83.17288599975751, 41.13512899980415], [-83.17300899978117, 41.134931999718766], [-83.1739059999317, 41.13493900026426], [-83.17511100005383, 41.13493900026426], [-83.17631500035104, 41.134919999941694], [-83.17647699983443, 41.13491300007076], [-83.1775449996892, 41.13480999985348], [-83.17874999981132, 41.134792000153645], [-83.17876400005503, 41.13576699978754], [-83.18194400022819, 41.13575100028801], [-83.1822610004206, 41.13574899967374], [-83.18229700040561, 41.138607999929235], [-83.18300600023518, 41.13859999984991], [-83.18483599962296, 41.1385790000598], [-83.1856199997956, 41.13857000005109], [-83.18674100025213, 41.13855700033693], [-83.18693000039802, 41.138553999882134], [-83.18687900034439, 41.14105099990746], [-83.18342200016178, 41.141060000252274], [-83.1833600002375, 41.13916400000882], [-83.18196500014459, 41.1391790001124], [-83.18196199977154, 41.138612000306836], [-83.17901799959992, 41.138646999710105], [-83.1786789996662, 41.138651000085325], [-83.17852700022856, 41.145938999788534], [-83.18340799991807, 41.14590599984592], [-83.1852950001056, 41.14589300023294], [-83.1852740001892, 41.14672899991485], [-83.18946199994268, 41.146714999986884], [-83.18950700014851, 41.145041999927635], [-83.1895489999813, 41.14344800029632], [-83.18968799989848, 41.138784999997505], [-83.189675000378, 41.13861300023204], [-83.18967100018004, 41.138535999856565], [-83.18967200000496, 41.13852200020908], [-83.18967299982987, 41.138476000186614], [-83.189675000378, 41.1384419999434], [-83.18968399970052, 41.13833899985507], [-83.18970200014219, 41.13816900013713], [-83.18974800017294, 41.13606899975803], [-83.18478600029258, 41.13608399989283], [-83.18478299991952, 41.13588600000243], [-83.18476899967581, 41.13514800006613], [-83.18083600019045, 41.13514000024139], [-83.1806720001589, 41.13514200019765], [-83.18067999965653, 41.135539999756986], [-83.18040500019524, 41.13554299967307], [-83.18040099999727, 41.13476599990189], [-83.17992200032148, 41.13475900001446], [-83.17992700034436, 41.133998999679115], [-83.18074699960368, 41.13399499969684], [-83.18279100015002, 41.13391599999591], [-83.1847460001096, 41.13395899984488], [-83.18642499988462, 41.13396199983332], [-83.18979800040165, 41.13395399986389], [-83.18978599980777, 41.133914000002214], [-83.18979400020369, 41.133493999982136], [-83.19171200035335, 41.13348399994888], [-83.19233300031937, 41.133480999938634], [-83.1925530004274, 41.13347999993514], [-83.1927869998808, 41.1334779999282], [-83.19407300019377, 41.13348699995903], [-83.19406399997293, 41.128679999877534], [-83.19475199988612, 41.12869599974831], [-83.19560200018098, 41.12871499984355], [-83.19555199995227, 41.12799700014725], [-83.19560499965573, 41.12646999968849], [-83.19559499961, 41.126440999866354], [-83.1955820000895, 41.126420999678196], [-83.19554399955635, 41.126419000132756], [-83.19521399984347, 41.12642000024383], [-83.1948420002978, 41.12644799996461], [-83.19436500027182, 41.126473000019324], [-83.1941739995778, 41.12648000011417], [-83.1940689999958, 41.1264769997836], [-83.19407099964563, 41.12570299991643], [-83.19406999982073, 41.12566799969703], [-83.19405499975211, 41.12505400008186], [-83.19385800010862, 41.1216849997726], [-83.19383399981918, 41.12133599985904], [-83.19383399981918, 41.12120999966502], [-83.19383399981918, 41.12077399975859], [-83.19383399981918, 41.11975500008862], [-83.19518399970625, 41.11954199978959], [-83.19519799994994, 41.119730999717774], [-83.19546599973854, 41.119705000264815], [-83.19646400017145, 41.11957500013853], [-83.19690000018953, 41.11954199978959], [-83.20348399994354, 41.11857600000353], [-83.20317299959892, 41.116558000327856], [-83.20331900008709, 41.116522999968566], [-83.20452099983616, 41.116498999769405], [-83.2058609996775, 41.11648500015678], [-83.20719800004409, 41.116477000086704], [-83.20854700010626, 41.11647000027841], [-83.20923800039247, 41.11646700016702], [-83.21125699992616, 41.11644600005992], [-83.21190200018161, 41.11643900024833], [-83.21254400006403, 41.11643300002247], [-83.21362100013963, 41.11642199983261], [-83.21377599995033, 41.116419999982455], [-83.21377699977525, 41.11630500003699], [-83.21579700003214, 41.11619400028106], [-83.21580399970485, 41.11468400014513], [-83.21819300003267, 41.11463100032381], [-83.21941700042137, 41.114624999932694], [-83.21943699961453, 41.114844000316786], [-83.223447999816, 41.11480100012285], [-83.22350100041777, 41.1138410000594], [-83.22357599986253, 41.1132270001126], [-83.22390700029864, 41.113268000037785]]]}, "properties": {"AREALAND": "19115270", "AREAWATER": "355106", "BASENAME": "Tiffin", "CBSAPCI": "Y", "CENTLAT": "+41.1156444", "CENTLON": "-083.1798951", "FUNCSTAT": "A", "GEOID": "3976778", "INTPTLAT": "+41.1164224", "INTPTLON": "-083.1794776", "LSADC": "25", "MTFCC": "G4110", "NAME": "Tiffin city", "NECTAPCI": "N", "OBJECTID": 26921, "OID": "27890369498272", "PLACE": "76778", "PLACECC": "C2", "PLACENS": "01086956", "STATE": "39", "DISP_CLR": 5}}, {"type": "Feature", "id": 27691, "geometry": {"type": "Polygon", "coordinates": [[[-83.44492299960544, 41.14326900025046], [-83.4447999995818, 41.14274500012686], [-83.44479100025927, 41.14105199979549], [-83.44476799979475, 41.1372220002074], [-83.44423899989023, 41.13722500004661], [-83.44307399995108, 41.137228999832], [-83.44247700027452, 41.13723199967083], [-83.44110499974782, 41.137241999809305], [-83.44086999957118, 41.13724399970148], [-83.44099500014295, 41.14450999973005], [-83.43926699996412, 41.14453600017827], [-83.43804900032151, 41.14455499974476], [-83.4366829996426, 41.1445749998165], [-83.43666500009925, 41.14347700004238], [-83.43616399978383, 41.14348500020333], [-83.43588500012457, 41.14348900028341], [-83.43588500012457, 41.14357100018069], [-83.43110800019214, 41.14363900006728], [-83.43110800019214, 41.14352500031697], [-83.43110700036722, 41.14342899973265], [-83.43110599964398, 41.14323200022159], [-83.43110599964398, 41.14316600030113], [-83.43105999961323, 41.13987699973894], [-83.43102399962821, 41.13775799974295], [-83.43101699995552, 41.13748900024207], [-83.42803400032416, 41.13750200016789], [-83.42490699985443, 41.13756100011096], [-83.42289099979551, 41.137596000075064], [-83.42122000041637, 41.13761399968209], [-83.42122000041637, 41.137567999699385], [-83.42122000041637, 41.13753900004665], [-83.42120299979962, 41.135788999769666], [-83.42115299957091, 41.130328999958365], [-83.42084200012461, 41.13032699985537], [-83.41893300019579, 41.13032699985537], [-83.41897800040164, 41.13467199999864], [-83.41898800044737, 41.135798000159966], [-83.41903500030304, 41.13644000023583], [-83.41920699983217, 41.136444000069034], [-83.41923199994653, 41.137565999817035], [-83.41853399998763, 41.13757499996356], [-83.41752399985917, 41.137588999813126], [-83.41622000000284, 41.13760600015804], [-83.4162169996298, 41.14073900026953], [-83.4163010001937, 41.1424719999657], [-83.41629699999575, 41.142798000244476], [-83.41409299961583, 41.142832000259084], [-83.414090999966, 41.1438470000386], [-83.41408900031618, 41.14490200029409], [-83.4113450001611, 41.144918000267324], [-83.41077799972344, 41.144922000260046], [-83.41017799967382, 41.144927000081424], [-83.41015799958234, 41.1443649997733], [-83.4101419996888, 41.14387300007321], [-83.40960500028669, 41.143877999974606], [-83.40863799981595, 41.14388600008664], [-83.40797199964409, 41.14389199983178], [-83.40800099995641, 41.14282400001847], [-83.40693800012451, 41.14283499984166], [-83.40675300017658, 41.14283700023981], [-83.40666399958981, 41.14283800010065], [-83.40661000006145, 41.14283899996144], [-83.40603799960091, 41.14284499980237], [-83.4057339998273, 41.1428489999215], [-83.40170900028043, 41.14289399972299], [-83.40170900028043, 41.14258799992275], [-83.40170500008249, 41.140720000273994], [-83.40170400025757, 41.140205999765946], [-83.40170400025757, 41.140077000241966], [-83.40194799975673, 41.140079000047756], [-83.40194799975673, 41.14009200013674], [-83.40574200022323, 41.140093999942025], [-83.40612600036279, 41.140093999942025], [-83.40663900037377, 41.140093999942025], [-83.40677099971992, 41.140093999942025], [-83.40696300023887, 41.140093999942025], [-83.40737099976955, 41.140093999942025], [-83.40734300018046, 41.137652000114095], [-83.4073380001576, 41.13654199996657], [-83.40728799992888, 41.13113700005166], [-83.407282999906, 41.13049999974474], [-83.40727899970804, 41.130258999699635], [-83.4064939997105, 41.130258999699635], [-83.40632800002915, 41.130258999699635], [-83.4059589999582, 41.130258999699635], [-83.40577300018536, 41.130258999699635], [-83.40433600025966, 41.130258000323714], [-83.4016719995722, 41.13039599999111], [-83.40162399989161, 41.130457000335035], [-83.40162700026468, 41.13051399975104], [-83.40166800027255, 41.131736999839184], [-83.40166300024968, 41.133998999679115], [-83.40166400007459, 41.13405600007735], [-83.39696499995995, 41.13405700007206], [-83.39694200039374, 41.13770600022728], [-83.39679699973047, 41.13770700016631], [-83.39231699989892, 41.13771399973914], [-83.3921179997073, 41.13771399973914], [-83.39190099997234, 41.13771499967804], [-83.39188099988084, 41.13771499967804], [-83.39188699972861, 41.138760999821315], [-83.39083200029265, 41.13770700016631], [-83.3889989996335, 41.13587299975632], [-83.38789899999168, 41.134771999804755], [-83.38706799996338, 41.13394099991155], [-83.38774800037893, 41.13392299997323], [-83.38772400008949, 41.13330099974779], [-83.38763700005086, 41.13313099982821], [-83.38775800042468, 41.13290300013602], [-83.38824299994826, 41.13246900014656], [-83.38851499993481, 41.13166799976052], [-83.38885200021872, 41.13122400001928], [-83.3890470002124, 41.130915999817304], [-83.38907899999946, 41.13088900001624], [-83.38870200043088, 41.13046099985646], [-83.3883149999183, 41.130021999670724], [-83.38746200014866, 41.129055999869834], [-83.3868439996574, 41.12928600021027], [-83.38686399974887, 41.13219799988493], [-83.38639199974577, 41.133264000184866], [-83.38629100036174, 41.13349499998537], [-83.38682000026625, 41.1339479998862], [-83.3868100002205, 41.134306000301265], [-83.38679799962664, 41.13476399993411], [-83.38483799964419, 41.13441799985981], [-83.38469999955194, 41.13487000017052], [-83.3853230000661, 41.13500800028542], [-83.38532499971592, 41.135111000191806], [-83.38533999978453, 41.135842000095934], [-83.38540500008186, 41.13585199976973], [-83.3857389999927, 41.135913999742996], [-83.38606899970557, 41.13598599998757], [-83.38631599957777, 41.13604899979848], [-83.38639500011882, 41.13606899975803], [-83.38665299986168, 41.13614299975826], [-83.3869080001298, 41.136226000006594], [-83.38703600017632, 41.13626699977264], [-83.38706600031355, 41.13627700005822], [-83.38735300036872, 41.13638399983858], [-83.38737500011004, 41.136392000188245], [-83.38775400022672, 41.13654899966372], [-83.38804700012967, 41.13668499972008], [-83.38833199963673, 41.13682999974317], [-83.38865700022505, 41.13701200029838], [-83.38886999976206, 41.13714300033341], [-83.38905700025813, 41.137264999919005], [-83.3893090001532, 41.13744200022865], [-83.38942999962872, 41.13753199977863], [-83.38966300015554, 41.13771800017121], [-83.39020499958053, 41.13820099998236], [-83.39081200020117, 41.138899999789686], [-83.39167199964346, 41.139902000088874], [-83.3917729999258, 41.140025999762344], [-83.39190699982011, 41.140176999926524], [-83.39208799957007, 41.140381999682674], [-83.39126800031073, 41.14090599974425], [-83.3912030000134, 41.14290900032645], [-83.39183499985009, 41.14290900032645], [-83.3918080000859, 41.14347700004238], [-83.39176700007802, 41.14443999972099], [-83.39298700026875, 41.14448799996719], [-83.3936109997095, 41.14451600009459], [-83.39360599968664, 41.14609699989878], [-83.39359399999107, 41.14638200023948], [-83.39345699972372, 41.14637500023882], [-83.3916959999329, 41.14627599966643], [-83.3879430003726, 41.14606600033528], [-83.3871530003522, 41.146021999816874], [-83.3871680004208, 41.148466999835556], [-83.3871680004208, 41.14900699988589], [-83.3871680004208, 41.1521480003121], [-83.38796699976375, 41.152130999678384], [-83.39659699971392, 41.152118999666065], [-83.39762899958367, 41.15211799994673], [-83.39842299980205, 41.152113999716626], [-83.39842700000001, 41.152891000268504], [-83.39883600025392, 41.152887999793116], [-83.39883999955357, 41.15212700012543], [-83.3992990000362, 41.15213700002191], [-83.40154000022603, 41.15226299966909], [-83.4017629998088, 41.15231600021059], [-83.40176000033408, 41.15275999989901], [-83.40176100015898, 41.154473999740766], [-83.40169599986164, 41.154704000238084], [-83.40170699973231, 41.15566300005166], [-83.40174299971733, 41.15576700032513], [-83.40173699986953, 41.155938000077896], [-83.40171699977805, 41.156538000250144], [-83.40171900032618, 41.15670100012042], [-83.39679900027859, 41.158389999666504], [-83.39679099988268, 41.159480999995324], [-83.39571700018013, 41.15948600005916], [-83.3940609999713, 41.159494000295815], [-83.39302699955341, 41.15949899968231], [-83.3919560002239, 41.159513000262095], [-83.39195500039901, 41.15985899982394], [-83.39195399967576, 41.160719000236206], [-83.39195100020105, 41.16174499976233], [-83.39194899965291, 41.16274500015379], [-83.39181099956062, 41.16373699977047], [-83.3917650004282, 41.16661099967775], [-83.38338800019801, 41.1666279999373], [-83.38351899971927, 41.1632469998132], [-83.3820009996027, 41.163693999833924], [-83.3716450000218, 41.166744999933016], [-83.37164400019691, 41.166929999794775], [-83.37172500038776, 41.17306499998646], [-83.37172899968739, 41.173422999842835], [-83.37173999955806, 41.17421999981618], [-83.37176300002258, 41.175758999881694], [-83.37176700022054, 41.176042999701906], [-83.3717710004185, 41.1763619998744], [-83.37649800012224, 41.176294000122674], [-83.3764959995741, 41.176852999815104], [-83.37651700038882, 41.17762999985432], [-83.37460300043712, 41.178569999709055], [-83.37455499985823, 41.17859300019599], [-83.37455200038352, 41.17944700030073], [-83.37387799981572, 41.17944700030073], [-83.37386699994507, 41.18090800001077], [-83.37384199983072, 41.181669000160575], [-83.37416800024396, 41.18157399994258], [-83.37661000027524, 41.18157499988865], [-83.37661100010016, 41.1816639997611], [-83.37851699965591, 41.1816609999269], [-83.38143300023845, 41.17972999970704], [-83.38204199961058, 41.17932800003941], [-83.38535800022619, 41.177134000259684], [-83.39216399973805, 41.172465999736765], [-83.39310899956918, 41.17181900028617], [-83.39346699976946, 41.17157500031506], [-83.3956030003773, 41.170083999768515], [-83.39559599980629, 41.17043400010956], [-83.39589399973214, 41.17043400010956], [-83.39589499955706, 41.170557000081], [-83.39765200004821, 41.17053400015338], [-83.39892400011747, 41.170517000231094], [-83.40040899972377, 41.17049599984362], [-83.40063300002976, 41.17048700015853], [-83.40067200038781, 41.17048700015853], [-83.40067099966457, 41.17124999987611], [-83.4006649998168, 41.1741320000306], [-83.4006649998168, 41.174181000233155], [-83.4017550003112, 41.17418699991045], [-83.40173699986953, 41.17420400023279], [-83.40095199987199, 41.17493499977695], [-83.40082100035073, 41.175047000262], [-83.40068300025847, 41.17514900011455], [-83.40066900001476, 41.175157999835385], [-83.40070499999977, 41.17645400014211], [-83.40650899977912, 41.176422000034265], [-83.40655900000782, 41.17698200000285], [-83.40679500000938, 41.1796399999353], [-83.40694999982009, 41.181387000292304], [-83.4090000002142, 41.18141400026034], [-83.41032599981183, 41.18143200000746], [-83.41033199965962, 41.18154799998703], [-83.41036599999481, 41.18639499999541], [-83.41387000003307, 41.186373000093106], [-83.41398300001097, 41.18694599974642], [-83.41447900030352, 41.189469000260544], [-83.41457899986264, 41.18946799975898], [-83.41689700004538, 41.18944499971128], [-83.41845199997185, 41.189430000293044], [-83.41838900022267, 41.18834199993115], [-83.41831399987959, 41.18702999976618], [-83.41729600025354, 41.18715199981222], [-83.41721699971251, 41.18717400012879], [-83.41713800006978, 41.18715199981222], [-83.41702300044207, 41.1870199997856], [-83.41688799982454, 41.18684099973922], [-83.41686799973306, 41.18681499984663], [-83.41670600024966, 41.186715000319545], [-83.41666000021891, 41.18660999994191], [-83.41657499983009, 41.18635999971716], [-83.41655700028674, 41.18598199998225], [-83.41658499987584, 41.18598199998225], [-83.41681800040266, 41.18597799979095], [-83.41689299984742, 41.185976000033236], [-83.41702000006902, 41.18598000022467], [-83.41702900028984, 41.18550800028925], [-83.41703000011475, 41.18545600011125], [-83.41757400008788, 41.18545000011404], [-83.4176519999057, 41.18544900022712], [-83.41765399955551, 41.18538400010857], [-83.41765899957839, 41.185108000041154], [-83.41759300035446, 41.185108000041154], [-83.41698200043417, 41.18511400006965], [-83.41688699999963, 41.18511599985369], [-83.41688600017471, 41.18538499999648], [-83.41629899964556, 41.18539700000227], [-83.4160900003065, 41.18540100022902], [-83.41609299978124, 41.18454999971696], [-83.41610600020005, 41.18454999971696], [-83.41635899992002, 41.18454999971696], [-83.41654700024101, 41.1845489998163], [-83.41688799982454, 41.18454799991564], [-83.41688799982454, 41.184477000168556], [-83.41688799982454, 41.184161999933615], [-83.41688899964946, 41.183993999864825], [-83.4170040001755, 41.18399200004652], [-83.41758599978344, 41.18398900031896], [-83.41767600019514, 41.183987999733645], [-83.41768899971561, 41.18314900020671], [-83.41701699969597, 41.183152999894745], [-83.41689000037266, 41.183152999894745], [-83.41689000037266, 41.18328000000377], [-83.41689000037266, 41.18361799982321], [-83.41689000037266, 41.18371199986696], [-83.41678900009033, 41.18371399969382], [-83.41611600024578, 41.183717000110065], [-83.41613499961403, 41.18259800028146], [-83.41680699963368, 41.18259499981394], [-83.41689100019758, 41.18259499981394], [-83.41702599991679, 41.18259299995291], [-83.41769799993645, 41.182589000230685], [-83.41769399973849, 41.182868999803134], [-83.41836599975814, 41.182865000097806], [-83.41845500034489, 41.18286300024503], [-83.41845500034489, 41.182823999723226], [-83.4185470004064, 41.1827980002639], [-83.41911700031882, 41.18280000011867], [-83.41911800014371, 41.18246100020126], [-83.41976800042204, 41.18246499993131], [-83.41977799956949, 41.18145899995695], [-83.4197790002927, 41.18139299998568], [-83.42091800029257, 41.18138199987129], [-83.4209190001175, 41.18132000029852], [-83.42092400014036, 41.17983900018908], [-83.4221650002475, 41.18084599998922], [-83.42293199980338, 41.181308000221776], [-83.42296399959044, 41.181315999822424], [-83.42307900011647, 41.181313999922345], [-83.42499700026612, 41.18130499969515], [-83.42583999998999, 41.18130199984451], [-83.42583900016508, 41.18284099983217], [-83.43168099957924, 41.18284700006844], [-83.43155699973069, 41.18271099976179], [-83.43136699975989, 41.182503000058915], [-83.43051700036332, 41.181578999672816], [-83.43023500033104, 41.1812629997453], [-83.42958199967964, 41.18056200003467], [-83.4321280003663, 41.17970299972089], [-83.43208399998538, 41.17957700008907], [-83.4320439998024, 41.17915299985893], [-83.43182299986948, 41.17853299999642], [-83.43158199984505, 41.177867000242934], [-83.43134099982062, 41.17730699972694], [-83.43095000000838, 41.17657700030555], [-83.43078699980174, 41.17635399966866], [-83.43058400031047, 41.1760810001749], [-83.43065200008255, 41.17635599972015], [-83.42815499979967, 41.17639900013723], [-83.42638800016108, 41.17473999970102], [-83.42952599960314, 41.17471799994039], [-83.43046200011173, 41.174708000108204], [-83.43045299989092, 41.174022000132446], [-83.43721300027035, 41.17398599994127], [-83.44031499972739, 41.17399100025076], [-83.44131900000806, 41.17400699988618], [-83.44131900000806, 41.166609000004954], [-83.44281100018536, 41.16659299991532], [-83.4434980002736, 41.16658600004389], [-83.44369699956692, 41.16658399969407], [-83.44372300040452, 41.16289600007448], [-83.44350800031934, 41.16289499984325], [-83.44281500038332, 41.16289199982579], [-83.44171800021624, 41.1628910002708], [-83.44135599981797, 41.162890000039496], [-83.44130200028962, 41.162890000039496], [-83.44126700012951, 41.161553999983646], [-83.44124100019026, 41.159013000311084], [-83.44165499956871, 41.159012000020596], [-83.44206800002061, 41.15901000011591], [-83.44325499970105, 41.15900399972515], [-83.44322600028705, 41.15780399980672], [-83.44322399973892, 41.15768900002487], [-83.44310699956304, 41.15767600004271], [-83.44290099969874, 41.15765700022022], [-83.43878699956508, 41.15719999980516], [-83.43880599983166, 41.15710299998501], [-83.4377870003807, 41.15699699983608], [-83.43624499997468, 41.15683700032029], [-83.43581399997947, 41.15678699967287], [-83.43243999963754, 41.15643799981375], [-83.43210099970382, 41.15640200010623], [-83.4317259997851, 41.15636300006265], [-83.43130900003358, 41.15632099967762], [-83.43130900003358, 41.15627400030988], [-83.43115900024574, 41.15625300009218], [-83.43116199972049, 41.156123999670314], [-83.43178500023464, 41.15619299972305], [-83.43254099991987, 41.156270000333315], [-83.43368099974467, 41.156388999868824], [-83.43422100041815, 41.15641299968076], [-83.43445599969647, 41.156402999760225], [-83.43622999990606, 41.156612000150204], [-83.43622599970811, 41.15643599983048], [-83.43619999976885, 41.15619600004716], [-83.43619899994393, 41.15613099998283], [-83.436198000119, 41.155986999683535], [-83.43615700011114, 41.15239399967891], [-83.43615000043843, 41.151850999945665], [-83.43358500038352, 41.15189299981269], [-83.43286300013514, 41.151902999744856], [-83.43220399963597, 41.151911999953064], [-83.43137500015581, 41.15192400000328], [-83.43115099984982, 41.15192699984642], [-83.43114900020001, 41.151784999906965], [-83.43114900020001, 41.151624999844834], [-83.43122500036799, 41.151592000058216], [-83.43289300027239, 41.150772999786824], [-83.43390599987556, 41.150275000303765], [-83.43689500025302, 41.148805999789275], [-83.4397459996399, 41.147405000224005], [-83.44103000030304, 41.14677999991707], [-83.4410260001051, 41.14621099991311], [-83.44101000021156, 41.145294999691075], [-83.44099900034091, 41.144707000137274], [-83.44165000044417, 41.14439100027902], [-83.44165700011686, 41.14449799967585], [-83.44206499964754, 41.144304000185556], [-83.44206800002061, 41.14442199995786], [-83.44212099972403, 41.144388000091126], [-83.44203700005845, 41.144768999857995], [-83.44218600002137, 41.14469299977761], [-83.44224600029582, 41.144662000226916], [-83.44234099983207, 41.14461099993038], [-83.4429409998817, 41.144297999801665], [-83.44313300040064, 41.14419699979574], [-83.44492299960544, 41.14326900025046]], [[-83.41766899962413, 41.182124999694274], [-83.41766899962413, 41.18237599979521], [-83.41689100019758, 41.18236800032398], [-83.4168920000225, 41.18227099989699], [-83.4168920000225, 41.18212199988118], [-83.41766899962413, 41.182124999694274]], [[-83.40631499961034, 41.17415999966785], [-83.40631899980832, 41.174206999732355], [-83.40454799997177, 41.174187999969305], [-83.40401900006725, 41.174181000233155], [-83.40388000015007, 41.172741999663], [-83.40427900035824, 41.17272799988095], [-83.40375299992847, 41.17236000009305], [-83.40379200028653, 41.172324999752], [-83.40407000012087, 41.17207100007837], [-83.40408299964135, 41.172059000335594], [-83.4049730001192, 41.17124500003363], [-83.4054650002138, 41.170795999909494], [-83.40582300041409, 41.1704679999928], [-83.4059940001183, 41.17046699987715], [-83.40615499977679, 41.172328000013806], [-83.40631499961034, 41.17415999966785]], [[-83.4033470000476, 41.17329600022915], [-83.40310900039624, 41.173513000042995], [-83.40314899968088, 41.17417000025987], [-83.40179399977093, 41.17415199986931], [-83.40227599981979, 41.173709999846665], [-83.4028680003718, 41.17316899969307], [-83.40299800006814, 41.173050000197215], [-83.4033470000476, 41.17329600022915]], [[-83.4026080000808, 41.13893299987521], [-83.4026080000808, 41.13975999981481], [-83.40194799975673, 41.139753999691635], [-83.40170300043266, 41.13975199987594], [-83.40170199970943, 41.13918999987039], [-83.4026080000808, 41.13893299987521]]]}, "properties": {"AREALAND": "19464720", "AREAWATER": "564318", "BASENAME": "Fostoria", "CBSAPCI": "N", "CENTLAT": "+41.1599307", "CENTLON": "-083.4120738", "FUNCSTAT": "A", "GEOID": "3928014", "INTPTLAT": "+41.1598449", "INTPTLON": "-083.4115320", "LSADC": "25", "MTFCC": "G4110", "NAME": "Fostoria city", "NECTAPCI": "N", "OBJECTID": 27691, "OID": "27890336755778", "PLACE": "28014", "PLACECC": "C6", "PLACENS": "01086945", "STATE": "39", "DISP_CLR": 3}}, {"type": "Feature", "id": 27846, "geometry": {"type": "Polygon", "coordinates": [[[-83.16551600018104, 41.375892999915216], [-83.16477200019139, 41.37589499992874], [-83.16477300001628, 41.37438600022344], [-83.16179399968458, 41.37439599984797], [-83.16141999959075, 41.374397999907515], [-83.1537699996318, 41.368709000138765], [-83.15353600017838, 41.36853499973551], [-83.15219399978892, 41.36753600004996], [-83.1519119997566, 41.36732600029882], [-83.15191400030474, 41.36727500029547], [-83.15159000043965, 41.36703200004785], [-83.14978100006995, 41.36567799999356], [-83.14969599968113, 41.365615000093264], [-83.14959899959676, 41.36554199982216], [-83.14907499971511, 41.36514999968089], [-83.14822600014345, 41.36451499966586], [-83.14820799970181, 41.36450099981763], [-83.14856099987921, 41.364029999748674], [-83.14859600003932, 41.36395500001566], [-83.14921100015755, 41.363133000215825], [-83.14926899988387, 41.36305399998097], [-83.14945200018198, 41.363129999944086], [-83.14985999971266, 41.363300999705146], [-83.14998600010937, 41.36335299998893], [-83.15005600042956, 41.36338200003841], [-83.15006999977494, 41.36335499971377], [-83.15008300019373, 41.363329999777804], [-83.1503479996093, 41.36273399994324], [-83.15040299986087, 41.36263399986157], [-83.14849700030511, 41.36183299985847], [-83.14824100021208, 41.36172400007992], [-83.1482649996032, 41.360131000058885], [-83.14826700015134, 41.359776999928116], [-83.15012099982859, 41.359768999914316], [-83.15013199969921, 41.36129600031559], [-83.15207400013831, 41.36127800019768], [-83.15218100026844, 41.361298999997636], [-83.15242300011778, 41.36134399993148], [-83.1528189999529, 41.361505999975144], [-83.15322499983375, 41.36158199972346], [-83.15349400034559, 41.36163699969885], [-83.15358899988183, 41.36165600028022], [-83.1539320000135, 41.36171100019313], [-83.15415899979423, 41.361730000078644], [-83.15426000007656, 41.361732999740696], [-83.15453399971294, 41.36174000030006], [-83.15490500033204, 41.36173600007683], [-83.15530199999206, 41.36173899973864], [-83.15552700012296, 41.36172800030388], [-83.15567500026097, 41.36171499974365], [-83.15580999998018, 41.36169400007788], [-83.15580099975936, 41.360401999903424], [-83.15578800023887, 41.35850099979698], [-83.15577399999516, 41.35654699987726], [-83.15685100007077, 41.35653900014071], [-83.15811999976698, 41.35652899979441], [-83.15889800009184, 41.3560619999136], [-83.1597540002345, 41.35691200029586], [-83.15977000012803, 41.356960999734405], [-83.15977099995294, 41.35718799984452], [-83.15982700002945, 41.35729599984768], [-83.16213500016643, 41.35668999972167], [-83.16290699974519, 41.35651400028348], [-83.164823000245, 41.35650100003029], [-83.16482800026787, 41.35576999997496], [-83.16497200020791, 41.354762999906434], [-83.16498700027654, 41.353896000326934], [-83.1650190000636, 41.3520159997802], [-83.16313299970099, 41.352013999706905], [-83.1625279996285, 41.35201799985339], [-83.16259100027601, 41.3492769996792], [-83.16027300009327, 41.34928500030821], [-83.16023899975808, 41.34928500030821], [-83.1598870003039, 41.349285999712386], [-83.15887100032765, 41.34928899994795], [-83.15880699985526, 41.34928899994795], [-83.15850800010449, 41.349290000026436], [-83.15342800022336, 41.34930700000978], [-83.15140600031663, 41.34931399988263], [-83.14926100038626, 41.349329999781794], [-83.1491790003705, 41.34933099985966], [-83.14915699973088, 41.3523890002294], [-83.14788800003465, 41.35244599994165], [-83.14786100027048, 41.352443999881615], [-83.14784600020187, 41.35244199982152], [-83.14782000026258, 41.35244099979145], [-83.14780699984381, 41.352439999761366], [-83.14778699975231, 41.35243899973127], [-83.14697900018855, 41.352437999701145], [-83.14628600025252, 41.352436999671006], [-83.1462850004276, 41.352862000305365], [-83.14628399970438, 41.35355900022113], [-83.14629499957502, 41.35495099993284], [-83.14629399975011, 41.35545499977779], [-83.14628399970438, 41.35565500027229], [-83.14627100018389, 41.35753099975357], [-83.14627299983373, 41.35838199977023], [-83.14626500033611, 41.35911899972317], [-83.14626500033611, 41.359206000099114], [-83.14626500033611, 41.3598080000565], [-83.14578900013505, 41.35980199988052], [-83.14578800031013, 41.359445000215594], [-83.14514600042772, 41.359438000083614], [-83.14514600042772, 41.35924200012765], [-83.1440190001234, 41.35922999967086], [-83.14401499992543, 41.35899800029344], [-83.1440180002985, 41.35846100028259], [-83.14402099977323, 41.357983000036256], [-83.14273299981043, 41.35798200009131], [-83.14273500035857, 41.35750500032509], [-83.14145900009133, 41.35750099984155], [-83.14145800026644, 41.35742300014035], [-83.14145999991625, 41.35706299968578], [-83.14145999991625, 41.3570429998269], [-83.13906399991572, 41.357022999961885], [-83.13906100044099, 41.356908999737314], [-83.13905399986999, 41.35662300002231], [-83.13905200022016, 41.35640499968787], [-83.13904999967201, 41.35617700024575], [-83.13889999988419, 41.35618200010898], [-83.13775199966348, 41.35618000016373], [-83.13774199961775, 41.35584700033072], [-83.13696599984101, 41.35584599967866], [-83.13664500034896, 41.35584800030847], [-83.13662500025748, 41.35286499970179], [-83.1366190004097, 41.35220000018752], [-83.13661500021173, 41.35185399971665], [-83.13661500021173, 41.35183500031969], [-83.13781299976284, 41.35184299995996], [-83.13781199993795, 41.35179300000039], [-83.13780799973998, 41.35144499997294], [-83.13661000018885, 41.35144199983674], [-83.1365929995721, 41.35001799981929], [-83.13752499988276, 41.35001300015691], [-83.13752499988276, 41.34938499999533], [-83.13675699960365, 41.349389999705885], [-83.13658400024961, 41.34938499999533], [-83.13658099987654, 41.34849699971968], [-83.13658000005165, 41.34812999980342], [-83.13657900022673, 41.347734999678714], [-83.13657800040181, 41.34746100005059], [-83.13657500002877, 41.346569000027934], [-83.13657000000589, 41.34643299971293], [-83.13656199960997, 41.346194999826956], [-83.1365569995871, 41.344248999979065], [-83.13655099973933, 41.34356099967802], [-83.1365420004168, 41.343154000112705], [-83.1365480002646, 41.34253900023376], [-83.1365480002646, 41.34244799977812], [-83.13654999991441, 41.342355999684735], [-83.13655199956423, 41.34212000011181], [-83.13615400007929, 41.342121000300466], [-83.13522099994373, 41.34211199995132], [-83.13523799966217, 41.34083600020804], [-83.13524100003522, 41.340583000289115], [-83.13536900008174, 41.340586000251236], [-83.13641099999722, 41.340592999712726], [-83.13640299960132, 41.3409119998105], [-83.13757500011147, 41.340918999911416], [-83.13757500011147, 41.340928999957896], [-83.13757400028656, 41.34094799983966], [-83.13823700008537, 41.34096600018405], [-83.1382529999789, 41.34056499983886], [-83.13825399980382, 41.34054500030703], [-83.13807800007672, 41.34054100013011], [-83.13758900035518, 41.340529999811025], [-83.13759900040091, 41.34021699982394], [-83.13760000022585, 41.34019700018519], [-83.1376050002487, 41.339979999697], [-83.1369780004349, 41.33997699970696], [-83.1369850001076, 41.3398270000278], [-83.13760799972344, 41.3398300000248], [-83.13760900044666, 41.33975900028428], [-83.13761500029443, 41.33946500027848], [-83.137294999729, 41.339462999819666], [-83.13696599984101, 41.33945999980576], [-83.13698000008472, 41.33910500033581], [-83.13644799980716, 41.33910299986594], [-83.13645700002797, 41.33841199976766], [-83.13514300012594, 41.33894200028436], [-83.13480400019222, 41.33864000005025], [-83.13342099979486, 41.337438000163324], [-83.13369899962922, 41.33725000015125], [-83.13348600009219, 41.33706200027098], [-83.1332890004487, 41.33688800024274], [-83.13291899965454, 41.33712599974581], [-83.1326199999038, 41.33731700022855], [-83.13304500005123, 41.33768399971115], [-83.13299300017269, 41.33771799966331], [-83.13277100041485, 41.33786300023206], [-83.1326009996372, 41.337972000172684], [-83.13233299984861, 41.338136000203654], [-83.13232100015304, 41.33774999976079], [-83.1323129997571, 41.336765999689824], [-83.13230699990933, 41.33612200014962], [-83.13230699990933, 41.33602900028057], [-83.13231799978, 41.335155000071644], [-83.13231899960492, 41.33506400009044], [-83.13232299980288, 41.334753999696936], [-83.13232399962777, 41.33469700001011], [-83.13233899969639, 41.33409800013152], [-83.13235100029027, 41.33403300006676], [-83.13236600035887, 41.333984999873536], [-83.13241400003946, 41.33319599997575], [-83.13248900038255, 41.3319929997864], [-83.13158999968385, 41.33197399999044], [-83.13000200014541, 41.33192499995846], [-83.12886800016838, 41.331931000005646], [-83.12728599957941, 41.33193900006769], [-83.12548799997867, 41.33194799979909], [-83.12272100025739, 41.33194199975346], [-83.12061499978677, 41.33192499995846], [-83.1159070003496, 41.33214400031115], [-83.11518599992617, 41.332148999996434], [-83.11517000003262, 41.3321850001475], [-83.11515599978893, 41.33218300013964], [-83.11472999981657, 41.332201000208265], [-83.1143509996999, 41.33218300013964], [-83.11106099992186, 41.33209099971115], [-83.1109710004085, 41.33219999986731], [-83.10993199996773, 41.33206599990957], [-83.10591499991847, 41.33214000029281], [-83.10101999998524, 41.332211999910484], [-83.10064199969347, 41.33222500029203], [-83.09830299959434, 41.3322159999244], [-83.09767900015359, 41.332223999951445], [-83.0972220002191, 41.3322170002651], [-83.09348800002705, 41.33221900027191], [-83.09347999963113, 41.33290000003847], [-83.09347899980622, 41.3330150001374], [-83.09327100029208, 41.33295800027797], [-83.0906819999477, 41.33224800002674], [-83.08778899982971, 41.331563999812175], [-83.0857329995878, 41.331100000012185], [-83.08542399979132, 41.33406199968858], [-83.08509300025352, 41.33407000016344], [-83.0843469997157, 41.33401499982982], [-83.0828189995534, 41.33392800018835], [-83.0827969998121, 41.33410299966684], [-83.08266100026798, 41.33516999978207], [-83.08255900016071, 41.3360640000293], [-83.08253200039654, 41.33655399993255], [-83.08252400000063, 41.33670300013307], [-83.0824930000385, 41.33748700009525], [-83.08298799960781, 41.33749399988985], [-83.08508999988047, 41.33752600009733], [-83.085069999789, 41.337868000152895], [-83.08498799977322, 41.33931999990392], [-83.0849729997046, 41.33953000031833], [-83.08497000022987, 41.33957199978038], [-83.08496299965887, 41.33975000028312], [-83.08467300012896, 41.33967099999503], [-83.08449200037897, 41.33962100013025], [-83.08402700004858, 41.33949400017975], [-83.08392499994132, 41.33946700006274], [-83.08297199971429, 41.339209999962584], [-83.08283199997219, 41.33917199985386], [-83.08260099999352, 41.33984500000756], [-83.08298199976002, 41.33996599996703], [-83.08307700019459, 41.34026500014585], [-83.08297199971429, 41.34059200017512], [-83.08230499971751, 41.34047299978316], [-83.08187899974517, 41.341520999704734], [-83.08187500044552, 41.34158800010954], [-83.08186600022468, 41.34160399988394], [-83.08183400043762, 41.34166100027075], [-83.08179500007957, 41.34175899981346], [-83.08177800036114, 41.3428350002063], [-83.08111600038723, 41.342834000028674], [-83.08111600038723, 41.34286699981288], [-83.08111499966401, 41.34295300015297], [-83.07981300035583, 41.34295000029984], [-83.07981300035583, 41.34300400033235], [-83.0781920003071, 41.34299900013137], [-83.07803800032131, 41.34245599989739], [-83.0778199998631, 41.34184100017083], [-83.07796800000112, 41.34184299988215], [-83.07797800004685, 41.341579999883635], [-83.07811199994116, 41.33867700022789], [-83.07777100035761, 41.3385600001958], [-83.07601800006441, 41.33793400001608], [-83.0762070002103, 41.3374280002553], [-83.07600899984357, 41.3373760001691], [-83.07497199995096, 41.33710099985304], [-83.0748909997601, 41.3370790000744], [-83.07195499998441, 41.33629699980429], [-83.07119099990327, 41.336093999702605], [-83.07110600041274, 41.33766599980863], [-83.07109499964378, 41.33787999982643], [-83.0709060003962, 41.34159100002537], [-83.07090300002316, 41.3416589998794], [-83.07076199955785, 41.341657999683704], [-83.07075099968719, 41.343292999695166], [-83.07074099964144, 41.34478199997135], [-83.06904599997289, 41.344762999859356], [-83.06900199959196, 41.34603300011537], [-83.07098800041199, 41.34876599995037], [-83.07101000015328, 41.348795999842054], [-83.071096000367, 41.348913999776364], [-83.0734549996593, 41.34892099969142], [-83.07385800006544, 41.34892299985974], [-83.07497000030114, 41.34892800028015], [-83.07259799969172, 41.34955999975253], [-83.0717509997699, 41.349806000041696], [-83.07349700039042, 41.352185999713036], [-83.07413199970182, 41.35295799980428], [-83.07469999996438, 41.35371199999317], [-83.07480100024674, 41.35385600000542], [-83.07491300039973, 41.35399699968067], [-83.07509699962442, 41.354198999941005], [-83.07523100041703, 41.354327000208805], [-83.07540200012127, 41.35447300020697], [-83.07775200009105, 41.35494200000849], [-83.07798399989464, 41.35498500030999], [-83.07829500023927, 41.35522199976858], [-83.07852399966981, 41.35540499989529], [-83.07851399962405, 41.355898999827645], [-83.07848400038515, 41.35590399971223], [-83.07835899981336, 41.35592399992108], [-83.07674399961242, 41.35618599999928], [-83.07648699969447, 41.356227000209486], [-83.07619899981438, 41.35627100030764], [-83.07470599981217, 41.35651400028348], [-83.0743009997562, 41.356577000229], [-83.0738420001719, 41.35664899980312], [-83.07242500033769, 41.356883000060364], [-83.0689699998049, 41.35744299988246], [-83.06891299990349, 41.3630030000003], [-83.07592199980495, 41.362820000335574], [-83.07851000032441, 41.36280000022309], [-83.07856999970056, 41.36279799980697], [-83.08072899987462, 41.362738999977], [-83.08109799994557, 41.362723999874575], [-83.08118699963403, 41.362717000095294], [-83.08400399958404, 41.3619619998306], [-83.0842129998214, 41.362127999883654], [-83.08529099972192, 41.362855999713446], [-83.08402500039877, 41.36365399968714], [-83.08348300007545, 41.36405599994158], [-83.08349899996897, 41.36423299973406], [-83.08316000003526, 41.36442900016524], [-83.08312300022534, 41.36620699988552], [-83.0831769997537, 41.36624300008636], [-83.0833819997931, 41.36636199989686], [-83.08363700006124, 41.36648599990976], [-83.08384999959824, 41.36657399968856], [-83.0841280003309, 41.366665999942946], [-83.08435699976144, 41.36672600006809], [-83.0845919999381, 41.36677600001774], [-83.08482999958947, 41.36681199990376], [-83.08506300011628, 41.36683500023246], [-83.08792199989908, 41.36683299994044], [-83.09032499957233, 41.366796000256514], [-83.09272599959574, 41.366807000182966], [-83.0927299997937, 41.366518000026964], [-83.09274599968721, 41.36560899977853], [-83.09270600040256, 41.36538600004884], [-83.09273999983944, 41.36529499983982], [-83.0906040001299, 41.36502199979749], [-83.08986299961497, 41.36490899993872], [-83.08944000001567, 41.364837999903195], [-83.0892459998469, 41.36480300011359], [-83.089028000287, 41.36475700003395], [-83.08874100023183, 41.364719000002296], [-83.08847500009306, 41.36468499999065], [-83.08847599991796, 41.36466300009263], [-83.08848000011592, 41.36453499992541], [-83.08848099994084, 41.36451399982128], [-83.08848299959067, 41.364333000055325], [-83.08870199987379, 41.36440800002689], [-83.0890269995638, 41.36450499987089], [-83.0893579999999, 41.36459000010186], [-83.08969399956057, 41.36466200025033], [-83.09023599988386, 41.36475600019308], [-83.09053700018275, 41.36479800023842], [-83.09086799972053, 41.36484500012854], [-83.09124199981436, 41.36488099973457], [-83.09159099979381, 41.36493300010412], [-83.09200800044364, 41.36500499987306], [-83.09210100033008, 41.36501799977601], [-83.09214700036082, 41.36502400014525], [-83.09269800000665, 41.36509800015891], [-83.09333999988905, 41.36518499995806], [-83.09755899960467, 41.36576899966698], [-83.09974500044123, 41.366068000009335], [-83.10071600021162, 41.366220000222526], [-83.10097499977941, 41.365742000332844], [-83.10108799975731, 41.3655360001749], [-83.10185000018863, 41.364151999785925], [-83.10324299973341, 41.36269899969619], [-83.10237200042046, 41.3624239997967], [-83.10216300018308, 41.36235000011319], [-83.1006509999143, 41.361812000230785], [-83.10041300026293, 41.36172699974223], [-83.09988799965807, 41.36140799981379], [-83.10037200025504, 41.36139300007881], [-83.10120300028335, 41.36136499971019], [-83.10198300025803, 41.36130500003555], [-83.10252600040624, 41.36126299975844], [-83.10454900013787, 41.36132800028822], [-83.10667200032694, 41.36139700032312], [-83.10703899984973, 41.36139900010807], [-83.10718199996487, 41.361400000000515], [-83.10741899979134, 41.361401999785365], [-83.10761899980787, 41.36139900010807], [-83.10760399973925, 41.36159999975728], [-83.10754099999005, 41.362611000070544], [-83.1077820000145, 41.36298999969479], [-83.10782499967219, 41.36307900002298], [-83.10784399993878, 41.36313400008163], [-83.10803399990957, 41.36294399968196], [-83.1080640000468, 41.36270899976869], [-83.10857100021, 41.36271399980437], [-83.10864099963189, 41.361812000230785], [-83.11018700023585, 41.3618070001258], [-83.11016299994641, 41.362193000223634], [-83.11083099976808, 41.36220000005929], [-83.1119150004147, 41.36218800014793], [-83.11209100014179, 41.36195900017911], [-83.11305100004152, 41.36195499996934], [-83.11304600001867, 41.362194000103884], [-83.11373200028201, 41.362200999939425], [-83.11371800003829, 41.36306499986579], [-83.11370999964238, 41.36389699974033], [-83.113111000316, 41.36389099994139], [-83.11310299992006, 41.363945999987955], [-83.11275899996348, 41.36394000019354], [-83.11174299998726, 41.36392399984003], [-83.11172700009372, 41.364481000221836], [-83.1121460003934, 41.364482000066936], [-83.11254200022852, 41.364478000012255], [-83.11260199960465, 41.364481000221836], [-83.11257800021353, 41.36531899986284], [-83.1126049999777, 41.36531999969506], [-83.11260800035075, 41.36628599966341], [-83.11260900017567, 41.366470000182346], [-83.11260900017567, 41.36654600020088], [-83.10875500033302, 41.36647899986095], [-83.10872000017292, 41.36647999967534], [-83.10860200017214, 41.36647800004655], [-83.10852099998128, 41.3665759999886], [-83.10839499958458, 41.36670100007885], [-83.10833199983539, 41.36675499996266], [-83.10825200036778, 41.366825000119896], [-83.10816799980388, 41.36689299991152], [-83.10826200041352, 41.36691499972977], [-83.10835799977467, 41.36693100002194], [-83.10839700013273, 41.36693700021477], [-83.10849500004201, 41.36695299982733], [-83.10900200020522, 41.367035999945514], [-83.11114600031067, 41.36738299973969], [-83.1111610003793, 41.367385999815326], [-83.11187000020885, 41.36738100013864], [-83.11197200031611, 41.3673559997269], [-83.11267000027502, 41.3671930002856], [-83.1126679997269, 41.36745699976721], [-83.11266600007707, 41.367489999879915], [-83.11266199987911, 41.367748999856396], [-83.11266000022928, 41.367892000031546], [-83.11265500020642, 41.36820499978476], [-83.11308399965348, 41.3688389997411], [-83.11264500016068, 41.36884099997151], [-83.11263199974188, 41.37107999990568], [-83.10820200013904, 41.37108599971587], [-83.10833600003336, 41.37141599988441], [-83.10838299988903, 41.37152300013327], [-83.10841200020134, 41.371587999852046], [-83.10844800018634, 41.371666000102884], [-83.10848400017136, 41.37174400026026], [-83.1085219998062, 41.37182099991767], [-83.10857200003491, 41.37192399990347], [-83.10862399991345, 41.372026999726195], [-83.10866499992133, 41.37213099978753], [-83.10872400037088, 41.37221800029453], [-83.10876399965552, 41.37229500006498], [-83.10879799999071, 41.3723589999625], [-83.10883200032592, 41.37242200007393], [-83.1088809998314, 41.37251299975265], [-83.10895000032669, 41.37263799989648], [-83.1089779999158, 41.37268899974053], [-83.10901399990078, 41.37275200020652], [-83.1090499998858, 41.37281499993735], [-83.10908000002303, 41.37286499992638], [-83.1091059999623, 41.37290299991934], [-83.10916700006166, 41.37299200017073], [-83.10955799987391, 41.37362699969561], [-83.10948900027695, 41.373644999768004], [-83.10963800023985, 41.37395899985534], [-83.11043400010807, 41.37526200033188], [-83.10990000018067, 41.37525600023273], [-83.109120000206, 41.3752359998983], [-83.10709300027641, 41.375263999690695], [-83.10709300027641, 41.375753999836185], [-83.10566700022135, 41.37574399974627], [-83.10570099965823, 41.37622699997216], [-83.10594699970552, 41.37619400024675], [-83.10600899962981, 41.37646600026196], [-83.1057209997497, 41.376504999833855], [-83.10574900023713, 41.37690999986525], [-83.10489899994225, 41.37691999977584], [-83.10494400014808, 41.37711100013283], [-83.10498099995802, 41.37726999972336], [-83.10501500029319, 41.377414000187215], [-83.10619000027808, 41.377401999711324], [-83.10626300007303, 41.37741499983357], [-83.1069800002985, 41.377399999744135], [-83.10698299977322, 41.37747900008618], [-83.10738000033159, 41.379265999679276], [-83.10740500044594, 41.379377999925765], [-83.1061290001787, 41.379374000112854], [-83.10630900010378, 41.38007700018737], [-83.10565200015274, 41.38007999967761], [-83.10574400021426, 41.38047799980049], [-83.10576900032859, 41.380583000102625], [-83.10677400043419, 41.38060199986953], [-83.106776000084, 41.38087199978903], [-83.10583600027574, 41.38086199981202], [-83.10584600032149, 41.38090699969655], [-83.10589200035224, 41.38110099992066], [-83.10589900002495, 41.38113200000015], [-83.10677699990892, 41.38114000008348], [-83.10678000028196, 41.381640000306085], [-83.10601799985062, 41.381631000028705], [-83.10605100036092, 41.38176799984749], [-83.10678899960449, 41.38177799968519], [-83.10693199971962, 41.38237699969638], [-83.11307199995792, 41.38238200024261], [-83.11444699995936, 41.38237799994048], [-83.11510700028343, 41.38346699981935], [-83.11511399995614, 41.38349300033252], [-83.11541199988197, 41.3840289997822], [-83.11556599986774, 41.38372399976944], [-83.11561500027155, 41.38362700027217], [-83.11596599990084, 41.38383299976147], [-83.1161950002297, 41.38398899978467], [-83.11621100012322, 41.38405600028896], [-83.11635599988817, 41.38466800023111], [-83.11686499970119, 41.38466800023111], [-83.11740500037469, 41.384659999907804], [-83.11769699955441, 41.384655999745746], [-83.11837500032016, 41.38464599967661], [-83.11907699957871, 41.38463699981527], [-83.11934899956528, 41.38463300032581], [-83.11945800024354, 41.38463099990703], [-83.11945200039575, 41.382768999835974], [-83.11946599974115, 41.38156999991322], [-83.12107699974413, 41.38158100003771], [-83.12109400036088, 41.38101199998004], [-83.12110699988136, 41.38015099993054], [-83.12173299987025, 41.38015099993054], [-83.12306500021397, 41.3801389999597], [-83.12305799964298, 41.37922299991852], [-83.12304699977231, 41.378278000319476], [-83.12168199981662, 41.378278000319476], [-83.12112299977488, 41.378275999705195], [-83.12112199994996, 41.377803999954786], [-83.121117999752, 41.37663500003552], [-83.12111899957692, 41.3764170000062], [-83.12111899957692, 41.376271999693344], [-83.12113100017079, 41.37299900019293], [-83.12112000030014, 41.36870000009444], [-83.12105900020077, 41.36832499983794], [-83.1210600000257, 41.36808900001736], [-83.12105599982773, 41.36792100008055], [-83.12103599973624, 41.36769800018462], [-83.12112199994996, 41.36769800018462], [-83.12131899959346, 41.36769800018462], [-83.1278839999792, 41.367832000307466], [-83.12848499985375, 41.36784500031979], [-83.12942399983709, 41.3678439998522], [-83.12942700021014, 41.36750999989922], [-83.12942700021014, 41.36747599999759], [-83.13004999982599, 41.36747599999759], [-83.13066800031729, 41.36747599999759], [-83.13067300034014, 41.366751000047714], [-83.13188900033292, 41.36675499996266], [-83.1318819997619, 41.367425999911674], [-83.13187699973902, 41.36778599967251], [-83.13187300043938, 41.36812600031436], [-83.13187000006634, 41.3682990000025], [-83.13187000006634, 41.36843799983175], [-83.13186800041653, 41.36869499984456], [-83.13186099984551, 41.36945300017087], [-83.13074799978489, 41.3694449999983], [-83.12946200037024, 41.36943699982475], [-83.12945200032449, 41.37085999996667], [-83.12945099960129, 41.37106300021579], [-83.126939999973, 41.37106199979768], [-83.12688600044466, 41.374823000043826], [-83.13180099957104, 41.37487899997213], [-83.13180099957104, 41.374900000101334], [-83.13179399989836, 41.375401999791386], [-83.1318039999441, 41.37545300016485], [-83.1318330002564, 41.3754979997474], [-83.13187500008921, 41.375538000248994], [-83.13193199999061, 41.37556500023664], [-83.13199599956474, 41.37558099974964], [-83.13292200002758, 41.37559600025851], [-83.13438499989256, 41.37559699993279], [-83.13464699983338, 41.37558600014436], [-83.13468100016857, 41.375584999795805], [-83.13506000028525, 41.37557100030723], [-83.13514200030102, 41.375553000093696], [-83.13521500009594, 41.37551899967676], [-83.13527399964718, 41.3754749997849], [-83.13561000010615, 41.37503499990333], [-83.13573300012979, 41.37505800002142], [-83.13578400018343, 41.375066999860266], [-83.1368880000232, 41.37526799975636], [-83.13784000042534, 41.37397400006415], [-83.13783899970213, 41.37323899991999], [-83.13658900027247, 41.373234999729554], [-83.136605000166, 41.37279500020063], [-83.1366129996636, 41.372577999830455], [-83.13665500039471, 41.37061099977237], [-83.13752800025581, 41.37062999975582], [-83.13753199955545, 41.37053999989164], [-83.13753400010359, 41.37023200004348], [-83.13753699957833, 41.36999200000897], [-83.13946700032186, 41.37000300006925], [-83.13944399985732, 41.371058999891545], [-83.1411679998382, 41.37107600025663], [-83.14122999976247, 41.36865100005601], [-83.1395769999267, 41.36863699974938], [-83.13943999965937, 41.36863500018682], [-83.13898000025014, 41.36862799969509], [-83.13895599996067, 41.36983600011853], [-83.1373240000413, 41.36982700023011], [-83.13731399999557, 41.37034899978984], [-83.13731300017065, 41.37042400024256], [-83.13665799986946, 41.37041799969716], [-83.13668999965648, 41.368895000101695], [-83.13672800018965, 41.36859500015959], [-83.136745999733, 41.368387999810935], [-83.13672999983946, 41.36821699993487], [-83.13671599959576, 41.36805799978877], [-83.13958500032263, 41.36808099967707], [-83.14198999964567, 41.36813499976391], [-83.14249900035702, 41.36815500025907], [-83.14275299990193, 41.36816099966484], [-83.14277100034359, 41.367486999809074], [-83.14394999962812, 41.3680010002651], [-83.14430600017857, 41.36815500025907], [-83.14619699966573, 41.3681689999953], [-83.14624000022175, 41.368169999783724], [-83.14788899985957, 41.36817999968963], [-83.14825200008273, 41.36815699983633], [-83.14846899981771, 41.36807699984364], [-83.14849399993206, 41.36807699984364], [-83.14895800043756, 41.36808500018443], [-83.1505090001661, 41.368111000105394], [-83.15123700026223, 41.367156000132255], [-83.15200800001607, 41.36772999970574], [-83.15305999997732, 41.368521999861045], [-83.15330799967444, 41.368700999874704], [-83.15359100042997, 41.368916000140224], [-83.15577200034534, 41.37053900013964], [-83.15662400029004, 41.37121200032098], [-83.16093699971701, 41.37439599984797], [-83.15582000002591, 41.374397000214806], [-83.15581300035323, 41.378509000081415], [-83.16369400029087, 41.378509000081415], [-83.16368900026801, 41.37657199995989], [-83.165512999808, 41.377925000140195], [-83.165512999808, 41.377770000040435], [-83.16551500035614, 41.377446000321896], [-83.16551500035614, 41.376212000282905], [-83.16551600018104, 41.375892999915216]], [[-83.10844700036145, 41.36139200018626], [-83.1084299997447, 41.36159600019969], [-83.10841800004911, 41.36174700018449], [-83.10810599987958, 41.36174899995868], [-83.10811599992532, 41.36159199996761], [-83.1081279996209, 41.36139200018626], [-83.10820799998686, 41.36139200018626], [-83.10832500016271, 41.36139200018626], [-83.10844700036145, 41.36139200018626]], [[-83.13667299993804, 41.35858699971489], [-83.13641099999722, 41.3585820000364], [-83.13640400032456, 41.35855099999827], [-83.13640900034741, 41.35807700018707], [-83.13666799991519, 41.358080999960976], [-83.13667299993804, 41.35858699971489]], [[-83.13185699964755, 41.369813000176535], [-83.13185599982263, 41.36999200000897], [-83.13065300024866, 41.36998099994689], [-83.13065400007356, 41.369802000084135], [-83.13185699964755, 41.369813000176535]], [[-83.13185099979978, 41.37053799971347], [-83.13184900014994, 41.37072399984059], [-83.13064800022578, 41.37071400032571], [-83.1306490000507, 41.37052999967432], [-83.13185099979978, 41.37053799971347]], [[-83.09060599977971, 41.33329200014052], [-83.090603000305, 41.333353000326326], [-83.09058099966536, 41.33365700007979], [-83.089906000171, 41.33363699977573], [-83.08993100028533, 41.33326199985127], [-83.09060599977971, 41.33329200014052]], [[-83.13800199990874, 41.36278000010451], [-83.13799699988586, 41.36308300016365], [-83.13799400041113, 41.363253000184265], [-83.13739299963827, 41.363258000178135], [-83.13739500018642, 41.36352600023202], [-83.13681299968015, 41.36353200006462], [-83.13646500042391, 41.363533999783954], [-83.13655800031033, 41.363344999740534], [-83.13658599989942, 41.363260999769786], [-83.13663199993017, 41.36312099980228], [-83.13669700022751, 41.36285300010312], [-83.13670899992306, 41.362744000010366], [-83.13670800009815, 41.36261399969197], [-83.13670700027325, 41.36251699972603], [-83.13670600044834, 41.362300000133644], [-83.13680000015967, 41.36250099969693], [-83.13680099998457, 41.36251699972603], [-83.13737599991984, 41.362514000100134], [-83.13737900029288, 41.36278299971815], [-83.13800199990874, 41.36278000010451]], [[-83.11818399962614, 41.37895099997401], [-83.11817899960326, 41.379983999744034], [-83.11770599977525, 41.37999000008104], [-83.11705499967199, 41.37999800030484], [-83.11708200033449, 41.37978599977042], [-83.11710099970276, 41.37913299981003], [-83.11710599972562, 41.37895400019026], [-83.11769400007968, 41.37894500021517], [-83.11818399962614, 41.37895099997401]], [[-83.13190600005134, 41.36494900020948], [-83.13190600005134, 41.3649610002859], [-83.1319029996783, 41.36532200003366], [-83.13190199985338, 41.36545700016057], [-83.13190100002848, 41.365576999888475], [-83.13190000020356, 41.36566299989442], [-83.13189900037867, 41.365716000139365], [-83.13189600000561, 41.366037000166166], [-83.13067800036302, 41.3660349998496], [-83.13068400021079, 41.36558800002101], [-83.13068199966266, 41.364954999910864], [-83.13130400035189, 41.36495199972313], [-83.13190600005134, 41.36494900020948]], [[-83.13193299981553, 41.36205600030255], [-83.13193299981553, 41.36206699968182], [-83.13193199999061, 41.36220199981955], [-83.13192299976978, 41.36317099982525], [-83.13192000029505, 41.363490999736676], [-83.13078700014296, 41.36350200022186], [-83.13081899993001, 41.36131600021606], [-83.1309519999994, 41.36131399975432], [-83.13122200033615, 41.36131000017911], [-83.13121099956717, 41.36205200009875], [-83.13193299981553, 41.36205600030255]], [[-83.1386689999055, 41.36615000008862], [-83.13866399988262, 41.36664799996204], [-83.13673499986234, 41.36663399989853], [-83.1367390000603, 41.36642399993285], [-83.13674200043336, 41.36625499992415], [-83.13674300025825, 41.366188999777634], [-83.13612800014002, 41.36617099966477], [-83.13613200033797, 41.365470999803115], [-83.1367540001289, 41.36547399996692], [-83.13676300034975, 41.36486500028666], [-83.13752200040803, 41.36487199983494], [-83.1375270004309, 41.36466600029369], [-83.13795199968003, 41.36466300009263], [-83.13794800038038, 41.36487599986539], [-83.13795099985511, 41.36511999990986], [-83.1379500000302, 41.36520800018774], [-83.1378579999687, 41.36520800018774], [-83.13765799995214, 41.365220000216404], [-83.13736900024715, 41.365116999729736], [-83.13736099985121, 41.36564500031023], [-83.13790800019741, 41.365649000293175], [-83.13857600001909, 41.36565199977456], [-83.13862100022493, 41.36567300018563], [-83.13860299978326, 41.36615000008862], [-83.1386689999055, 41.36615000008862]], [[-83.0934629999127, 41.33773100029499], [-83.09322500026133, 41.33773499997], [-83.09291700028976, 41.33773999990062], [-83.09028299973953, 41.33776800031454], [-83.09029000031055, 41.337668000322644], [-83.09030399965593, 41.337474999674875], [-83.09030700002899, 41.33743600031676], [-83.0894369996426, 41.33740400006501], [-83.08953100025225, 41.335967999902735], [-83.090414999984, 41.335969999794386], [-83.09039499989252, 41.3362550002538], [-83.09084199978128, 41.33625099981339], [-83.09094899991139, 41.33625000020915], [-83.09097400002575, 41.335678999735556], [-83.09058700041145, 41.33568500011149], [-83.0904359999004, 41.33568700001182], [-83.09045299961885, 41.33544700006455], [-83.09264500030318, 41.33541900000183], [-83.0931109995602, 41.335427999926964], [-83.09285399964226, 41.33586200016069], [-83.09287100025901, 41.335876000098324], [-83.09287799993169, 41.33588499996031], [-83.09305000035914, 41.33578699967267], [-83.09345200004205, 41.3356410002647], [-83.09345899971474, 41.335955999876965], [-83.09292399996244, 41.33597699975196], [-83.09292700033551, 41.33606500031092], [-83.09292499978736, 41.336163999785875], [-83.09345899971474, 41.33616100029453], [-83.0934629999127, 41.33773100029499]], [[-83.09333499986617, 41.34984999975967], [-83.09337099985119, 41.350904000146805], [-83.09146000027255, 41.350844000269305], [-83.09144000018108, 41.350980000137014], [-83.0913930003254, 41.35376899989565], [-83.09083699975841, 41.353863000063484], [-83.09074800006994, 41.356175000300304], [-83.09209100028431, 41.356192999806794], [-83.09217800032296, 41.3536359998208], [-83.09223600004927, 41.35362599970277], [-83.09273399999165, 41.35354199999945], [-83.09328700018561, 41.35345200010072], [-83.09334599973684, 41.35344199995447], [-83.09325899969821, 41.35592399992108], [-83.09320799964458, 41.35740199976395], [-83.09320099997188, 41.35761099990097], [-83.0924639996549, 41.35724100024929], [-83.09258800040176, 41.35710499997627], [-83.09247500042387, 41.3570480002979], [-83.09111299994291, 41.357031000313185], [-83.0911110002931, 41.35761700027891], [-83.09110999956988, 41.35776199969205], [-83.09316900018483, 41.35779200015807], [-83.09319799959884, 41.35779200015807], [-83.09318900027631, 41.358183000179956], [-83.09318900027631, 41.3582359997745], [-83.09286899971086, 41.358607999708944], [-83.0928229996801, 41.35865599995887], [-83.09267399971718, 41.35865500002427], [-83.09261699981579, 41.35865500002427], [-83.09246200000507, 41.3586520002203], [-83.09058400003842, 41.35944700006052], [-83.09058900006129, 41.360183000178765], [-83.09049600017487, 41.36023600016742], [-83.09111799996579, 41.36055900006838], [-83.09124799966213, 41.36062300004843], [-83.09121400022526, 41.36162399979469], [-83.0911170001409, 41.36162299990568], [-83.08986199979006, 41.361608000220215], [-83.08970600015444, 41.36160599976745], [-83.08970899962918, 41.36078699966788], [-83.08971299982714, 41.36068199977412], [-83.0898430004218, 41.36060800013247], [-83.09039999991539, 41.360290999931905], [-83.09049600017487, 41.36023600016742], [-83.08834200002367, 41.360235000257084], [-83.08849099998658, 41.36015900028419], [-83.08856399978151, 41.36012200017657], [-83.08983300037605, 41.35950199981751], [-83.08982599980504, 41.35863699985011], [-83.089942000156, 41.35863699985011], [-83.08994100033108, 41.358299000076094], [-83.090519999566, 41.358300999956235], [-83.0905909997111, 41.35830000001617], [-83.09059400008417, 41.358117999880385], [-83.09059699955888, 41.35783599987257], [-83.08794199999059, 41.357786999744235], [-83.08798100034865, 41.35613600000401], [-83.08713199987868, 41.35613899992393], [-83.08465100038764, 41.356146999709594], [-83.08467200030404, 41.35490200032974], [-83.08450400007455, 41.354930000107444], [-83.08402399967552, 41.35501100007083], [-83.08401899965266, 41.35615100027635], [-83.08266600029083, 41.356159000060586], [-83.0824240004415, 41.35616100000647], [-83.08241199984764, 41.35603399994854], [-83.08239000010633, 41.35582800007625], [-83.08239299958106, 41.35569000026194], [-83.08242199989338, 41.35555900003072], [-83.08245600022856, 41.3554859999419], [-83.08251099958183, 41.35542700022592], [-83.08257800042729, 41.35535999990075], [-83.0826219999099, 41.355306000001136], [-83.08266100026798, 41.35523200031569], [-83.08104199986907, 41.35549299982463], [-83.08102500015065, 41.35549599977414], [-83.08106799980834, 41.35476499989523], [-83.08187299989737, 41.35462199986751], [-83.08187100024755, 41.35466599970199], [-83.08274199956051, 41.354534000109226], [-83.08269800007788, 41.35358299985214], [-83.08266100026798, 41.35349600005177], [-83.08262000026008, 41.353334000299704], [-83.08252599965044, 41.352955999759985], [-83.08245600022856, 41.35290399993497], [-83.08237000001485, 41.352778000290506], [-83.08229100037212, 41.35261500007285], [-83.08227100028064, 41.35247700019009], [-83.08229100037212, 41.352370000314195], [-83.08234400007557, 41.35226100019681], [-83.08237099983974, 41.352160000172525], [-83.08244600018281, 41.35187799997629], [-83.08244199998485, 41.35155400010797], [-83.08345700013616, 41.351522000050146], [-83.08345399976312, 41.35164600001804], [-83.08402600022366, 41.351647000060375], [-83.0840630000336, 41.35019700015642], [-83.08406800005645, 41.350021000021115], [-83.08409499982064, 41.34896600009097], [-83.08397000014716, 41.34896600009097], [-83.08397299962189, 41.34894499968364], [-83.08398000019291, 41.3489129996921], [-83.08397799964477, 41.34870099968809], [-83.08399000023864, 41.348566999959374], [-83.08400399958404, 41.348509000132154], [-83.08407800010218, 41.3484519996703], [-83.08430900008088, 41.348312000217064], [-83.08433300037032, 41.34827799972638], [-83.08440000031747, 41.348177000266496], [-83.08449700040187, 41.347976000301024], [-83.08452699964076, 41.347827000265006], [-83.08451900014316, 41.347658999946674], [-83.08449900005168, 41.347514999714136], [-83.08445700021889, 41.34735899988959], [-83.08443600030249, 41.34725799967849], [-83.084416000211, 41.347141999663435], [-83.08439299974646, 41.347061000024524], [-83.08434400024097, 41.34697099993289], [-83.08432699962422, 41.34693200019174], [-83.0843240001495, 41.346792000167625], [-83.0843450000659, 41.346695000224884], [-83.08432900017236, 41.34656099973956], [-83.08430700043105, 41.34648100017386], [-83.08427700029384, 41.34637000006579], [-83.08425600037744, 41.34627400029359], [-83.08425899985215, 41.34618300033667], [-83.08459799978588, 41.346086000161094], [-83.08824199956624, 41.345057000226255], [-83.08831299971135, 41.34312400031914], [-83.0883140004346, 41.34300700018294], [-83.0866470003551, 41.343023999783455], [-83.0866759997691, 41.341786000329094], [-83.08671699977698, 41.341650000140845], [-83.0870919996957, 41.34039600012784], [-83.08710000009162, 41.3403659997382], [-83.0871129996121, 41.34032199968129], [-83.08714500029747, 41.340278000269116], [-83.08716600021387, 41.34022999995673], [-83.0871760002596, 41.34017900030272], [-83.08722200029037, 41.339675000225334], [-83.08726400012316, 41.3389760002543], [-83.08729799956004, 41.33869100023494], [-83.08731699982661, 41.338516000267724], [-83.08745999994174, 41.33636299991038], [-83.08800999976265, 41.33638800008641], [-83.0879930000442, 41.336736000326034], [-83.08794700001344, 41.3373430003004], [-83.08848199976575, 41.33736800010028], [-83.08843999993294, 41.33804700016818], [-83.09011399968514, 41.33811799975157], [-83.09025699980026, 41.338120000251685], [-83.09024299955655, 41.33832100028993], [-83.09022699966305, 41.33854999978555], [-83.09192600042788, 41.33855200027241], [-83.09197300028355, 41.3416330001816], [-83.09194200032141, 41.341706999812935], [-83.09191999968178, 41.34175899981346], [-83.0919079999862, 41.34186699978558], [-83.0919060003364, 41.34220200001469], [-83.0918999995903, 41.343484999794924], [-83.09189899976539, 41.3437209998164], [-83.09189700011557, 41.34402300009374], [-83.09188799989472, 41.344972000112094], [-83.08953000042735, 41.34490800025437], [-83.08919499979328, 41.34500199972866], [-83.08856700015457, 41.34518099969396], [-83.08823300024372, 41.3452729998426], [-83.08820300010649, 41.34610300030661], [-83.08873100018609, 41.346118000193314], [-83.09187700002407, 41.34620800011519], [-83.09187600019916, 41.34633900028128], [-83.0918710001763, 41.34683300022516], [-83.09187000035139, 41.34711700024353], [-83.09186899962815, 41.34724799992951], [-83.09169399972596, 41.347251000259035], [-83.09101300038381, 41.34723499984891], [-83.09101000001077, 41.34740799977531], [-83.08816399974843, 41.34733700020418], [-83.08813100013647, 41.34897999990924], [-83.09330899992692, 41.34909700010296], [-83.09333499986617, 41.34984999975967]]]}, "properties": {"AREALAND": "22639569", "AREAWATER": "565760", "BASENAME": "Fremont", "CBSAPCI": "Y", "CENTLAT": "+41.3536318", "CENTLON": "-083.1137967", "FUNCSTAT": "A", "GEOID": "3928826", "INTPTLAT": "+41.3535008", "INTPTLON": "-083.1133557", "LSADC": "25", "MTFCC": "G4110", "NAME": "Fremont city", "NECTAPCI": "N", "OBJECTID": 27846, "OID": "27890367283346", "PLACE": "28826", "PLACECC": "C2", "PLACENS": "01086909", "STATE": "39", "DISP_CLR": 5}}, {"type": "Feature", "id": 28064, "geometry": {"type": "Polygon", "coordinates": [[[-83.55636399984354, 41.60121599987885], [-83.55649400043822, 41.60105400011582], [-83.549179000215, 41.600962000202], [-83.5487719996109, 41.60095699970647], [-83.5480300001694, 41.60095100032039], [-83.54780699968832, 41.600983999959716], [-83.54780099984053, 41.60065299988199], [-83.5478000000156, 41.60017900009595], [-83.54779900019071, 41.5999950003293], [-83.5478059998634, 41.59997600030896], [-83.5478059998634, 41.599941999904935], [-83.5478050000385, 41.599750000132424], [-83.54780300038867, 41.5994830000871], [-83.5478000000156, 41.59888999985189], [-83.54779900019071, 41.598775999709], [-83.54779900019071, 41.59874000015236], [-83.54779800036579, 41.59864700002925], [-83.54780400021356, 41.59860300025656], [-83.54780300038867, 41.59828200012168], [-83.54780099984053, 41.5979969997249], [-83.5478000000156, 41.597649999925856], [-83.54780099984053, 41.59755200015967], [-83.5512909996351, 41.59755499967489], [-83.5513469997116, 41.59748499975407], [-83.55139799976521, 41.59742300004874], [-83.55418299992817, 41.59427600027712], [-83.55431299962453, 41.594133000291016], [-83.5531069996775, 41.59412300025665], [-83.54664400029729, 41.59411700023528], [-83.54418299999944, 41.59410500019087], [-83.54217699998624, 41.5940959998202], [-83.53848200015226, 41.59407900008702], [-83.53849300002291, 41.594607000142936], [-83.53829300000639, 41.595751000226784], [-83.53815499991411, 41.59618300015204], [-83.53798800040785, 41.596920000204925], [-83.53801500017204, 41.598435999960806], [-83.53801500017204, 41.598573999809794], [-83.53803799973825, 41.59967199989374], [-83.54109400006286, 41.59966699996995], [-83.54093000003134, 41.60118599970464], [-83.53807100024852, 41.601241000237295], [-83.52804700003036, 41.60104000022501], [-83.52757500002724, 41.601058999932135], [-83.52213199992292, 41.6011500001489], [-83.52163200033074, 41.60104999985944], [-83.52133199985677, 41.60104999985944], [-83.52083200026458, 41.60125000028336], [-83.5204320002315, 41.6011500001489], [-83.5200320001984, 41.60125000028336], [-83.51973199972443, 41.60125000028336], [-83.51933199969136, 41.6011500001489], [-83.51865899984679, 41.60114899991837], [-83.51855400026481, 41.60115099970767], [-83.51235399975205, 41.60115199993812], [-83.50903200018696, 41.60125000028336], [-83.50454300013459, 41.59501099995627], [-83.50083700042995, 41.59302499982373], [-83.5000809998464, 41.59265600026503], [-83.49995299979989, 41.59262200003568], [-83.4997910003165, 41.592453000329364], [-83.49975699998132, 41.59241800029915], [-83.4997849995704, 41.592990999788746], [-83.49979600033937, 41.593170000285596], [-83.49982999977625, 41.594944000271916], [-83.49809800029774, 41.59504399994573], [-83.49814000013053, 41.595209000311655], [-83.49844200025433, 41.59651499994593], [-83.49876399957131, 41.59780500021186], [-83.49904300012886, 41.59894599991904], [-83.4992709997345, 41.599916999715035], [-83.4993760002148, 41.60034200028332], [-83.49967400014063, 41.60154999975702], [-83.49571300016787, 41.60154999975702], [-83.49369399973588, 41.601550999981335], [-83.49353100042758, 41.601250999840566], [-83.48063199963475, 41.60125699987051], [-83.47699600025031, 41.60134700025234], [-83.4768749998765, 41.60135000026289], [-83.47402399959131, 41.60135099981856], [-83.46874700006664, 41.601398999967884], [-83.46878100040185, 41.59706800018807], [-83.46875999958714, 41.597029000139166], [-83.4687510002646, 41.59698600023026], [-83.46875399973933, 41.59694000007722], [-83.46874799989155, 41.5969020002474], [-83.46875299991443, 41.5964030002468], [-83.46874200004378, 41.59562100023075], [-83.46874000039395, 41.595447000063906], [-83.46872699997516, 41.59501699989455], [-83.4644639998786, 41.59503699968471], [-83.464456000381, 41.59652700021409], [-83.4644639998786, 41.60011299997713], [-83.46318699978647, 41.600871999954975], [-83.46300400038668, 41.60102800012428], [-83.46363100020048, 41.60145300009322], [-83.45951899971666, 41.60154099975279], [-83.45934399981448, 41.601573000209946], [-83.45910699998801, 41.60159700020649], [-83.45880599968915, 41.60160900020145], [-83.45703800022565, 41.60161200019983], [-83.45691699985181, 41.60161299975143], [-83.45644599967362, 41.60161200019983], [-83.45527999990956, 41.60158500020933], [-83.45484800008941, 41.601588000208864], [-83.45442799996486, 41.60158299976178], [-83.44566099974733, 41.601648000169575], [-83.44245200016016, 41.60167299968895], [-83.4408439996319, 41.601684999669736], [-83.44072499980622, 41.60168599989197], [-83.43517999959465, 41.6017260000351], [-83.43511500019564, 41.6017260000351], [-83.43353299960667, 41.60173500001353], [-83.4328510004396, 41.60173500001353], [-83.43062799979309, 41.60174899975355], [-83.42793300004182, 41.60176499993257], [-83.42548000013988, 41.60178599986755], [-83.4170750003206, 41.60185299983842], [-83.41586699982543, 41.601867999772196], [-83.41574399980178, 41.601867999772196], [-83.41576899991614, 41.60381799976639], [-83.41577300011411, 41.60413199995859], [-83.41578700035781, 41.60517199986167], [-83.41580200042642, 41.61043599999868], [-83.41579200038069, 41.61115599987592], [-83.41578200033493, 41.615657000223756], [-83.41578499980967, 41.61597099988201], [-83.41579499985541, 41.61617499971346], [-83.41582599981754, 41.61644099986762], [-83.41582699964246, 41.616614999839555], [-83.4158300000155, 41.61664700020784], [-83.41594100034358, 41.61910999973827], [-83.42767899959861, 41.61906699976962], [-83.4467710003332, 41.61880800007025], [-83.45703700040072, 41.618649000032605], [-83.45823099975388, 41.618649000032605], [-83.4598309998862, 41.618649000032605], [-83.46652599996828, 41.61850099985218], [-83.47657399957761, 41.61834900014832], [-83.47690800038677, 41.61834400032868], [-83.47703300006025, 41.61834199972917], [-83.47704599958071, 41.61834199972917], [-83.47708599976369, 41.61834099976515], [-83.47722999970374, 41.618339999801165], [-83.47728300030549, 41.618339999801165], [-83.47741300000183, 41.61833899983713], [-83.47842499978012, 41.61833200008846], [-83.47873899959946, 41.61833200008846], [-83.48080400006221, 41.61833200008846], [-83.48585700017918, 41.61827200019697], [-83.48588499976826, 41.61827200019697], [-83.48723399983042, 41.61826099990857], [-83.48910599994933, 41.618244999791024], [-83.48913000023877, 41.61824599975653], [-83.48969900032627, 41.618269000301666], [-83.48981099958092, 41.618273000162], [-83.49003300023709, 41.61826299983907], [-83.490146000215, 41.61826199987382], [-83.4902879996069, 41.61825800001275], [-83.49106599993176, 41.618238000032164], [-83.49140499986547, 41.61824399982556], [-83.49143300035287, 41.61824399982556], [-83.4918640003481, 41.6182940000965], [-83.49210899967217, 41.618319999846], [-83.49223199969582, 41.61833000016015], [-83.49233600035122, 41.618337999873056], [-83.49323599997649, 41.61834199972917], [-83.49432399992273, 41.61821500014761], [-83.49598900035241, 41.61818899968419], [-83.49767399997522, 41.61816599978211], [-83.49803800002329, 41.6181599999815], [-83.50098600039287, 41.618118000018455], [-83.50525199996417, 41.618055000022615], [-83.50545100015579, 41.61805200011717], [-83.50550999970703, 41.618051000148704], [-83.5058520000138, 41.6180439996972], [-83.50639799963673, 41.61803499997906], [-83.5126039999973, 41.617908999763635], [-83.51460300033779, 41.617933999698025], [-83.51511600034877, 41.617937000280484], [-83.51562099996386, 41.617939000221035], [-83.51607799989834, 41.61795099986279], [-83.51664799981073, 41.61794799995257], [-83.51708100035408, 41.6179450000422], [-83.51745000042504, 41.617936000310195], [-83.51766299996204, 41.617931999757374], [-83.51768100040371, 41.617930999787006], [-83.51798199980428, 41.61792999981661], [-83.51886800008417, 41.617931999757374], [-83.51889400002345, 41.617931999757374], [-83.51991199964948, 41.617933999698025], [-83.52011300038926, 41.617936000310195], [-83.52093000017386, 41.61794200013168], [-83.5212719995823, 41.6179460000123], [-83.52177500044586, 41.61795199983286], [-83.52179600036224, 41.61795199983286], [-83.52182700032441, 41.61795199983286], [-83.52186999998212, 41.61795299980286], [-83.52240999975729, 41.61796000026424], [-83.52242700037404, 41.61796000026424], [-83.52303400009635, 41.61796800002309], [-83.52358899994013, 41.61796500011366], [-83.52369400042042, 41.61796400014378], [-83.52435600039432, 41.61796400014378], [-83.52473200013796, 41.61796400014378], [-83.5248130003288, 41.61796100023416], [-83.52493499962922, 41.61795699968284], [-83.52509199998806, 41.617954999742906], [-83.52552600035635, 41.617941000161466], [-83.52575899998486, 41.61793299972773], [-83.5264319998294, 41.617930999787006], [-83.5278960004176, 41.617913000317934], [-83.5281280002212, 41.61790499988067], [-83.52861199991987, 41.61790099999747], [-83.52913400015169, 41.6179019999683], [-83.5292909996122, 41.6179019999683], [-83.53011900016577, 41.61791700020035], [-83.53042200011448, 41.6179230000236], [-83.53138600021218, 41.61792999981661], [-83.5315710001601, 41.617930999787006], [-83.53292600007006, 41.6179460000123], [-83.53296899972774, 41.6179460000123], [-83.53299899986499, 41.6179460000123], [-83.53339800007316, 41.617949999892716], [-83.53343499988307, 41.617949999892716], [-83.53588500031027, 41.617959000294306], [-83.53635499976525, 41.617941000161466], [-83.53655999980465, 41.61794000019123], [-83.53664400036857, 41.61794000019123], [-83.53667699998053, 41.61794000019123], [-83.53725699993865, 41.617937000280484], [-83.53728200005301, 41.617937000280484], [-83.53732600043395, 41.617936000310195], [-83.53749100029039, 41.617936000310195], [-83.53759900024541, 41.61793499966835], [-83.53765600014682, 41.61793499966835], [-83.53782100000326, 41.617933999698025], [-83.53795300024775, 41.61793299972773], [-83.53802600004269, 41.61793299972773], [-83.53821199981553, 41.617931999757374], [-83.53855099974925, 41.61792999981661], [-83.53907499963088, 41.617925999935004], [-83.53909100042272, 41.617925999935004], [-83.5391249998596, 41.617925999935004], [-83.5408930002214, 41.61791900014151], [-83.5410549997048, 41.61791800017094], [-83.54107300014647, 41.61791800017094], [-83.54124100037596, 41.61791700020035], [-83.54141600027813, 41.61791600022979], [-83.54245700036873, 41.6179079997929], [-83.5428849999909, 41.61790499988067], [-83.54287800031821, 41.61726899988959], [-83.54285900005162, 41.615543000153515], [-83.5429410000674, 41.61549199975645], [-83.54294299971723, 41.614979000235095], [-83.54294000024248, 41.614723000297595], [-83.5429410000674, 41.61434599967573], [-83.54294000024248, 41.61410300029993], [-83.54294000024248, 41.613546000147814], [-83.54293299967148, 41.61295000005766], [-83.54293400039471, 41.612806999809635], [-83.54293400039471, 41.609730000168746], [-83.54292299962573, 41.608892999764734], [-83.54334299975031, 41.608890000104886], [-83.54412899957278, 41.60888300000243], [-83.54606400033916, 41.60886100025115], [-83.54649699998421, 41.60884599992803], [-83.54676899997078, 41.608819999717774], [-83.54690799988794, 41.608800000169], [-83.5470390003075, 41.60877100027481], [-83.54739300030984, 41.60867500016162], [-83.54761199969464, 41.60860299998299], [-83.54787500035869, 41.60849699979768], [-83.54807500037523, 41.608399999830304], [-83.54826399962279, 41.60829100029543], [-83.54848399973082, 41.608140000160965], [-83.54872999977812, 41.60794400009989], [-83.54997599990811, 41.60683799991768], [-83.55053800032292, 41.60636600018826], [-83.55218699996072, 41.60492500016826], [-83.5524249996121, 41.60472599989065], [-83.5526010002375, 41.60458200004288], [-83.55388099980439, 41.60345099983197], [-83.55569600002188, 41.601851000070866], [-83.55572100013623, 41.60182899993704], [-83.55596600035861, 41.60161299975143], [-83.55619099959121, 41.60140099974944], [-83.55636399984354, 41.60121599987885]]]}, "properties": {"AREALAND": "22163994", "AREAWATER": "32671", "BASENAME": "Northwood", "CBSAPCI": "N", "CENTLAT": "+41.6089068", "CENTLON": "-083.4836556", "FUNCSTAT": "A", "GEOID": "3957190", "INTPTLAT": "+41.6100639", "INTPTLON": "-083.4827043", "LSADC": "25", "MTFCC": "G4110", "NAME": "Northwood city", "NECTAPCI": "N", "OBJECTID": 28064, "OID": "27890336755787", "PLACE": "57190", "PLACECC": "C2", "PLACENS": "01087191", "STATE": "39", "DISP_CLR": 4}}, {"type": "Feature", "id": 28229, "geometry": {"type": "Polygon", "coordinates": [[[-83.71818399984205, 41.548193000042495], [-83.71825599981207, 41.54404899982583], [-83.71617899965378, 41.544018999983486], [-83.71618600022477, 41.5435860002609], [-83.71619000042276, 41.54336400018087], [-83.71623200025552, 41.540568999913695], [-83.71602499966798, 41.54039699966499], [-83.7148449996602, 41.53941299983029], [-83.71442299988584, 41.5390500003297], [-83.71441500038823, 41.53903999983486], [-83.71392499994346, 41.538645000232606], [-83.71377799963037, 41.538518999685124], [-83.71288499967778, 41.537747999953744], [-83.71191200025756, 41.53690700008401], [-83.71162400037748, 41.5366590002517], [-83.71116599971977, 41.536649999944366], [-83.71055099960152, 41.53664399996291], [-83.70928500027837, 41.53662500013007], [-83.70884900026026, 41.536619000146295], [-83.70821599970037, 41.53660999983339], [-83.70782099969014, 41.536905000322356], [-83.70663599965951, 41.537778000015706], [-83.70636899969583, 41.53795200023533], [-83.70613600006732, 41.538082999856016], [-83.70582399989779, 41.53821700013794], [-83.7057119997448, 41.53826299975924], [-83.70515100005323, 41.53836199992957], [-83.70460799990502, 41.538426000244236], [-83.70410199956673, 41.53840400001714], [-83.70084100010102, 41.53952100016644], [-83.69934999974863, 41.54003000030619], [-83.69933700022816, 41.541677000041666], [-83.6993260003575, 41.54303500012944], [-83.69932399980937, 41.54357299978962], [-83.69932299998446, 41.543734000114895], [-83.69874300002631, 41.54416200000338], [-83.69820700044912, 41.54456000015691], [-83.69787699983792, 41.54480100029049], [-83.6977079997835, 41.544924000085004], [-83.69689799967159, 41.54552100009284], [-83.69630600001791, 41.54595799994005], [-83.6956659997853, 41.54643800017771], [-83.69503899997152, 41.546891999935795], [-83.69428400011117, 41.54742600022998], [-83.6939329995836, 41.547651000298536], [-83.69283499959158, 41.54833000000133], [-83.69238199985506, 41.54860999993682], [-83.69077599987494, 41.54967899968792], [-83.69006399967233, 41.550046000082766], [-83.68971399986796, 41.550226999975656], [-83.68906000028997, 41.55059999998037], [-83.68835099956209, 41.550950000194], [-83.68677999974209, 41.55096800018834], [-83.68650100008283, 41.55091099985298], [-83.68592600014756, 41.55079400003323], [-83.68554000035819, 41.55023999978133], [-83.68543800025094, 41.55009299970629], [-83.68520999974697, 41.549764999961866], [-83.68530600000646, 41.54968400012128], [-83.68532899957269, 41.54966300004646], [-83.6853500003874, 41.54964100028088], [-83.68539100039527, 41.54959700005499], [-83.68540999976354, 41.54957399990971], [-83.68542800020518, 41.54955200011385], [-83.68544599974854, 41.54952699990888], [-83.68546199964206, 41.549503000052646], [-83.6854780004339, 41.549477999828774], [-83.68553600016023, 41.54945100022154], [-83.68593700001821, 41.54934300033519], [-83.68607400028559, 41.549289000324336], [-83.68627900032497, 41.54915900023777], [-83.68629600004343, 41.549153999763746], [-83.68676399984857, 41.548907999899804], [-83.68757300013556, 41.5486230000676], [-83.68757300013556, 41.54865900000251], [-83.68897599972607, 41.54808399969118], [-83.6909700000437, 41.54729000009272], [-83.69289700041419, 41.54543899989238], [-83.69394600000237, 41.544701999892375], [-83.69394699982729, 41.544662000055254], [-83.69394799965221, 41.54426600006371], [-83.69396299972081, 41.54430900011735], [-83.69397399959146, 41.54432999991426], [-83.69398799983516, 41.54434999993858], [-83.69400399972871, 41.54436900019128], [-83.69404200026185, 41.54440400004066], [-83.69408699956936, 41.54443399970433], [-83.69411199968373, 41.54444600023827], [-83.69416600011041, 41.544466000226755], [-83.6942220001869, 41.54447899984615], [-83.69427900008832, 41.54448400000937], [-83.69433699981462, 41.5444780000824], [-83.69439299989111, 41.544472999918675], [-83.69444599959458, 41.544457000333544], [-83.69467800029649, 41.54431700026491], [-83.69487999996284, 41.54415099985792], [-83.69504499981929, 41.54398300015432], [-83.69506999993365, 41.54396399978818], [-83.69512299963708, 41.54392599971148], [-83.69517899971359, 41.543892000048565], [-83.69526999995017, 41.54384700017063], [-83.69558600031769, 41.54377600007536], [-83.69590299961177, 41.54370400012645], [-83.69575299982394, 41.543595000275296], [-83.69552900041627, 41.5434310002641], [-83.69678499969369, 41.54245499990833], [-83.69664199957855, 41.54235699974899], [-83.6967289996172, 41.54228200017169], [-83.69650799968426, 41.542169000070494], [-83.69690799971734, 41.54178199987007], [-83.69716899983325, 41.541525000276266], [-83.6965450003925, 41.54115899973791], [-83.69782099976142, 41.53988299987801], [-83.69774499959344, 41.539661999698794], [-83.69743400014713, 41.53882099983932], [-83.69716499963529, 41.53814400018937], [-83.69707900031989, 41.53791200025716], [-83.69703900013691, 41.5377980000493], [-83.69702200041847, 41.53781200020365], [-83.69699999977885, 41.537830999687785], [-83.6969820002355, 41.53784599970129], [-83.69697600038772, 41.53785700024689], [-83.69694600025049, 41.53791399998773], [-83.69687199973234, 41.53805100020925], [-83.69670900042404, 41.53815599987343], [-83.69664199957855, 41.53821899985908], [-83.69657100033176, 41.53828699975334], [-83.69638200018588, 41.53838000006652], [-83.69632899958413, 41.53840599973245], [-83.69619499968982, 41.538502999971634], [-83.69589900031212, 41.53871599991], [-83.69584999990832, 41.53884399977544], [-83.6958060004257, 41.538883999849524], [-83.69563599964808, 41.539043000050704], [-83.69555000033267, 41.53910300030414], [-83.69538799995095, 41.53921800007399], [-83.69499499959056, 41.53931300008045], [-83.69453199980829, 41.539538000140624], [-83.6938349996743, 41.53987400001938], [-83.69377600012308, 41.53987499985431], [-83.69376600007732, 41.53983499972077], [-83.69372500006945, 41.539829999870406], [-83.6936949999322, 41.53987300018437], [-83.69355900038809, 41.53992100031347], [-83.69339700000639, 41.53995599988086], [-83.69324200019568, 41.539975000079885], [-83.69313400024065, 41.540088999812305], [-83.69303600033135, 41.54016799991001], [-83.69290699956161, 41.54020300001607], [-83.6927169995908, 41.54033500028411], [-83.6925819998716, 41.540380999743725], [-83.69219199988426, 41.540568999913695], [-83.6920320000507, 41.54073800024024], [-83.69189099958538, 41.54084700020063], [-83.6917299999269, 41.54093499975703], [-83.69154199960592, 41.54098400026042], [-83.69148899990248, 41.5410760002407], [-83.69143100017615, 41.54111600027903], [-83.69139000016827, 41.54114600012345], [-83.69137500009967, 41.54114799975397], [-83.69130599960437, 41.541154999805116], [-83.69121400044118, 41.541180999700195], [-83.69111999983153, 41.541279000296996], [-83.69089899989861, 41.5414389997995], [-83.69085299986786, 41.541466999873485], [-83.69072800019437, 41.54154300020517], [-83.69070700027797, 41.54155300031296], [-83.69069300003427, 41.54156000032026], [-83.69052399997987, 41.541596000153646], [-83.6904269998955, 41.54165500024813], [-83.69041400037501, 41.541663999858955], [-83.690406999804, 41.54167200033377], [-83.6903640001463, 41.541725000176505], [-83.69037900021492, 41.54176400000763], [-83.69032399996333, 41.54179800011709], [-83.69018800041921, 41.541832000208665], [-83.69007100024334, 41.54189199989158], [-83.68991200023468, 41.542054000169394], [-83.68968600027887, 41.54219200016065], [-83.68957900014874, 41.542199000098776], [-83.68945100010224, 41.54227800030835], [-83.68934099959905, 41.54232099966689], [-83.68932800007859, 41.54235699974899], [-83.68930600033728, 41.542424000203305], [-83.6891880003365, 41.54244000029147], [-83.68917400009279, 41.54244199988203], [-83.68899699964247, 41.54249099991583], [-83.68890200010624, 41.54257200002747], [-83.68888200001474, 41.542614999862934], [-83.68885299970243, 41.542675000164074], [-83.68871799998321, 41.54278199996903], [-83.68852499963937, 41.54296300002776], [-83.6884219997072, 41.54305499988196], [-83.68829299983578, 41.54307600008613], [-83.68825699985076, 41.54311000017811], [-83.688026999697, 41.54321799971888], [-83.68796499977272, 41.54331800015375], [-83.68787899955899, 41.54334600008648], [-83.68781900018286, 41.5433670001961], [-83.68765799962605, 41.54346299993819], [-83.68758200035639, 41.543562000216305], [-83.68753899980037, 41.54361900030764], [-83.68732799991318, 41.54381500001427], [-83.68711200000311, 41.543981999710546], [-83.68695299999446, 41.54409400023554], [-83.68688100002443, 41.544123000273814], [-83.68678099956699, 41.5441649999816], [-83.68676499967347, 41.544168999728264], [-83.68662300028157, 41.544208000102394], [-83.68652799984702, 41.544280999929306], [-83.68652199999921, 41.54429400025825], [-83.68650299973265, 41.54433299988469], [-83.68646599992273, 41.54440900020966], [-83.68645400022716, 41.544435000141114], [-83.68642200044012, 41.544444999801655], [-83.68640300017354, 41.54444999996755], [-83.6863789998841, 41.54445800009762], [-83.68631100011203, 41.54447899984615], [-83.6862109996546, 41.5445120001095], [-83.6860070003384, 41.54464200012743], [-83.68572000028324, 41.54486600004161], [-83.68554000035819, 41.54497600019562], [-83.68534299981638, 41.545083999981344], [-83.68525699960266, 41.54518499997259], [-83.68507300037795, 41.545260999968534], [-83.68502399997415, 41.54530799970897], [-83.68498999963896, 41.54533999979879], [-83.68479600036852, 41.54546700025129], [-83.68457299988745, 41.545558000157406], [-83.68453199987955, 41.545572999723284], [-83.68453600007753, 41.54435200014238], [-83.68367900010995, 41.544822999686055], [-83.68284100040894, 41.54528299987988], [-83.68282799999017, 41.54529000015574], [-83.68275600002013, 41.54532899985377], [-83.68253000006433, 41.5454519999885], [-83.68251199962266, 41.54546299991264], [-83.68203600031991, 41.54575100013288], [-83.68008399983506, 41.54685900021484], [-83.67454199999656, 41.54761400008707], [-83.6702350004174, 41.548350999836856], [-83.66563500003694, 41.54925100001577], [-83.66174900040724, 41.55206500012984], [-83.65983499955726, 41.55345100011201], [-83.65585400039133, 41.554651999754455], [-83.65547899957429, 41.55476500022287], [-83.6541350004333, 41.555168999918976], [-83.65353500038368, 41.55535099985223], [-83.65203300016064, 41.555651000189656], [-83.65027099964661, 41.55699499982775], [-83.64993500008595, 41.55725100020719], [-83.64988499985724, 41.557302000248356], [-83.64986700031389, 41.55731999981828], [-83.64833699960343, 41.558848999847754], [-83.64493499967242, 41.560750999908855], [-83.64343499999751, 41.561150999789135], [-83.63913500009104, 41.560750999908855], [-83.63613499984292, 41.56025099993761], [-83.63207500013596, 41.562365000249194], [-83.63133399962102, 41.5627510000926], [-83.62586700012558, 41.56975199989562], [-83.62563399959876, 41.570050999876614], [-83.62340099980486, 41.56999500028223], [-83.6229969995738, 41.569984999869455], [-83.62163400016625, 41.56995099979872], [-83.61873500020049, 41.569750999850655], [-83.6180759997013, 41.56985999995627], [-83.61273399987934, 41.570751000119984], [-83.60953299978978, 41.57325399990993], [-83.60843300014795, 41.577951000033224], [-83.60706599964413, 41.57951300026736], [-83.60857799991291, 41.5813189996694], [-83.60856899969208, 41.58132699993986], [-83.6085999996542, 41.581345000208735], [-83.60863900001227, 41.58139199991668], [-83.60896399970228, 41.58179300020837], [-83.6090209996037, 41.5818629996756], [-83.6091770001376, 41.58205500024371], [-83.60924499990968, 41.58213900006079], [-83.6096619996612, 41.58265299982512], [-83.61047299959802, 41.5829830003174], [-83.61097399991344, 41.58317399973405], [-83.61163500006244, 41.58340500000454], [-83.61219900012703, 41.583585000035114], [-83.6127589999937, 41.58373800017056], [-83.6133079999897, 41.58387900001394], [-83.61348600026493, 41.58392400024225], [-83.61363699987767, 41.58396300014598], [-83.61402500021518, 41.58406300003265], [-83.61408499959133, 41.58407800006949], [-83.61467299994537, 41.58422900006709], [-83.61508499967404, 41.58433499980105], [-83.61542600015588, 41.5844229999551], [-83.61565799995947, 41.584481999930134], [-83.61623600026779, 41.58463000021109], [-83.61679600013444, 41.584774000231484], [-83.61723200015253, 41.58488299984672], [-83.61747499982677, 41.58494500017457], [-83.61780100024001, 41.585026999974794], [-83.61831000005304, 41.585166999884756], [-83.61835500025889, 41.58517799976885], [-83.61855899957509, 41.585228999939844], [-83.61874100004826, 41.585273999899215], [-83.61900700018704, 41.5853399997381], [-83.61923700034082, 41.585393000058694], [-83.61991699985808, 41.5855280001717], [-83.619961000239, 41.585538999994306], [-83.62010799965377, 41.585722000188255], [-83.62038999968608, 41.58558900008044], [-83.62050400038721, 41.585618000314234], [-83.62058600040298, 41.585639000127856], [-83.62064499995422, 41.58571299999256], [-83.6207069998785, 41.58578900003774], [-83.62330700009352, 41.586433000260186], [-83.62353899989712, 41.58649499977151], [-83.62533499984802, 41.586972999727045], [-83.62549999970446, 41.58689500017274], [-83.6282410003848, 41.587620999978874], [-83.62948699961649, 41.587928000008134], [-83.62960299996745, 41.588077999975205], [-83.62974299970953, 41.58811199991035], [-83.6310159996037, 41.58842699968311], [-83.63164699961548, 41.588582999698986], [-83.63185500002794, 41.58864700000993], [-83.63196299998296, 41.588676000213944], [-83.63273200008699, 41.58887899993337], [-83.63348899959715, 41.589078999777385], [-83.63401000000404, 41.589215999732886], [-83.63413100037788, 41.589366999808036], [-83.6342950004094, 41.58929099994339], [-83.63502500015537, 41.58948099977313], [-83.63673900009051, 41.58992700029548], [-83.63881600024882, 41.5903930003094], [-83.64053500020684, 41.59077699986318], [-83.64104499984477, 41.59089100002585], [-83.64109000005061, 41.59089800006464], [-83.64128400021939, 41.59092699992931], [-83.64118999960972, 41.590810000001724], [-83.64152500024379, 41.590862000145016], [-83.64181099957574, 41.590896999675216], [-83.64207900026267, 41.59092699992931], [-83.64245699965612, 41.590962000096134], [-83.64294399972783, 41.590998999675996], [-83.64330299975303, 41.59101800032357], [-83.64387600003847, 41.591049999951856], [-83.64411399968986, 41.59105699997341], [-83.64532499965975, 41.59109499988515], [-83.64560800041531, 41.59111500021871], [-83.64560800041531, 41.59101200001358], [-83.64571700019525, 41.59102399996114], [-83.64732200035044, 41.59106499970918], [-83.64838199980927, 41.5910929997843], [-83.6488680000561, 41.5911049997168], [-83.64974199974209, 41.59112799986113], [-83.6503540003856, 41.59114300027214], [-83.6503540003856, 41.591171000313416], [-83.65214500031364, 41.59121699987504], [-83.6534800001321, 41.591251000172555], [-83.65411500034182, 41.59126599988313], [-83.65511000040166, 41.591289999681585], [-83.65570100023045, 41.5913059997662], [-83.65606000025565, 41.59131800033096], [-83.65641799955762, 41.591337999923574], [-83.65681099991801, 41.59136700026244], [-83.65760299958825, 41.59146500001376], [-83.65806799991867, 41.59152299989248], [-83.6598789999382, 41.59174099966561], [-83.6598789999382, 41.59177100019932], [-83.66104800007528, 41.59190599974103], [-83.66247199958222, 41.592073999836394], [-83.66294699995835, 41.59214400025101], [-83.6644349999377, 41.59227399985978], [-83.66443300028787, 41.59241200011928], [-83.66466099989351, 41.59243200004476], [-83.66469500022869, 41.59243499979793], [-83.66469600005361, 41.592304000145774], [-83.66484099981858, 41.59231999997906], [-83.66508699986585, 41.59234800018166], [-83.66555300002118, 41.59239499994259], [-83.66598999986418, 41.59244000028198], [-83.66670299989171, 41.592500000013835], [-83.66670399971663, 41.59240700030491], [-83.66700099981755, 41.592425000172305], [-83.66721500007779, 41.5924369998572], [-83.66724900041298, 41.59243800022276], [-83.66789200012029, 41.592484999918156], [-83.66796999993811, 41.59249100009123], [-83.66848600032215, 41.59273200019917], [-83.66887399976135, 41.59307700019828], [-83.66944299984883, 41.59358199978325], [-83.6695669996974, 41.59358199978325], [-83.67002700000494, 41.59357900008343], [-83.67037500015948, 41.59357799973555], [-83.67052300029748, 41.5935770000595], [-83.67082399969804, 41.5932389998304], [-83.67101100019411, 41.5930189997003], [-83.67107700031634, 41.592337999870765], [-83.67112199962388, 41.592337999870765], [-83.67169999993217, 41.59233999993309], [-83.67287499991708, 41.592341999995305], [-83.67451900043035, 41.59234600011958], [-83.67477899982302, 41.59233999993309], [-83.67507599992393, 41.592339000237864], [-83.67532000032142, 41.592337999870765], [-83.67556600036872, 41.592337999870765], [-83.6758400000051, 41.592337000175505], [-83.6760430003947, 41.59233599980838], [-83.67650899965169, 41.59233500011309], [-83.67683599988986, 41.59233500011309], [-83.67739099973362, 41.592331999683466], [-83.67797099969177, 41.592330999988114], [-83.6785649998936, 41.59232899992552], [-83.67915099969953, 41.5923269998629], [-83.67974499990136, 41.59232600016747], [-83.68046700014973, 41.59232400010471], [-83.68104200008499, 41.59231199972701], [-83.68142500039963, 41.592308999968125], [-83.6820220000762, 41.592311000031344], [-83.68296100005954, 41.592313000094464], [-83.68369199963043, 41.59231500015756], [-83.68411599995295, 41.59231500015756], [-83.68441600042692, 41.59231599985316], [-83.68540399991575, 41.59231900028352], [-83.68540499974065, 41.59234800018166], [-83.68655200013646, 41.592350000243684], [-83.6868709999787, 41.592350000243684], [-83.68694799997158, 41.592348999876755], [-83.68714999963795, 41.592348999876755], [-83.68732399971522, 41.59234800018166], [-83.68795300007716, 41.5923440000575], [-83.6887449997474, 41.592350000243684], [-83.68897499990118, 41.592350000243684], [-83.68897200042643, 41.5923060002091], [-83.6895339999429, 41.592320999674584], [-83.69057500003349, 41.59235200030558], [-83.69072399999641, 41.59235599975745], [-83.69107299997587, 41.592381000188894], [-83.69107200015095, 41.59209500023753], [-83.69107200015095, 41.59199500002597], [-83.69107200015095, 41.5918719997885], [-83.69107600034891, 41.59092699992931], [-83.69107700017383, 41.59058399997758], [-83.69107200015095, 41.59025699989169], [-83.69103699999086, 41.58782500009321], [-83.69103699999086, 41.587682999693186], [-83.69103699999086, 41.58761700023365], [-83.69103699999086, 41.58732700024136], [-83.69096699967065, 41.58684000018052], [-83.69086700011154, 41.58498300032435], [-83.69087799998219, 41.58410700031001], [-83.69078900029375, 41.58155300011512], [-83.69078799957052, 41.581499000139225], [-83.69076699965412, 41.58072400012685], [-83.6907309996691, 41.58033999991233], [-83.69067100029295, 41.58016999975317], [-83.69060599999563, 41.57953400005053], [-83.69060099997277, 41.57876500008013], [-83.69059299957685, 41.577559999989674], [-83.69059400030007, 41.57746399981464], [-83.6905890002772, 41.57656699987275], [-83.69058300042941, 41.57473200023488], [-83.69057099983553, 41.5715710002821], [-83.6909330002338, 41.5716209997586], [-83.69096500002084, 41.57162499982258], [-83.69133999993957, 41.57167199988367], [-83.69137400027475, 41.5716759999445], [-83.6920189996319, 41.57175799979262], [-83.6938559995907, 41.57200700008662], [-83.69565599973956, 41.57226200012979], [-83.69581100044859, 41.571533000304626], [-83.69589199974112, 41.57118500003701], [-83.6959269999012, 41.57071000024191], [-83.69590400033499, 41.56960799998199], [-83.69590400033499, 41.56862199969749], [-83.69589199974112, 41.56813400031108], [-83.69598499962754, 41.56786799996097], [-83.696124000443, 41.567635999822656], [-83.69641399997293, 41.56742700004507], [-83.69634500037596, 41.56732499977305], [-83.6963479998507, 41.566256000162625], [-83.69106100028031, 41.5662399999197], [-83.69065100020148, 41.566236000194394], [-83.69059299957685, 41.56601299982668], [-83.69045000036003, 41.56547000017921], [-83.69013999984033, 41.56446600033071], [-83.68822300041388, 41.55910400006778], [-83.68810700006296, 41.5587799998525], [-83.68812700015442, 41.5587799998525], [-83.68847100011101, 41.5587799998525], [-83.68857300021826, 41.558747000150206], [-83.69002000018972, 41.55824299991438], [-83.69102699994511, 41.557946999747024], [-83.69195300040798, 41.55770399975679], [-83.69280100015472, 41.557512000072734], [-83.69366800016803, 41.55734299989634], [-83.69422999968451, 41.55724800016397], [-83.69486800026728, 41.55715300029204], [-83.69572699988468, 41.55704700031248], [-83.69650500020953, 41.55697200029802], [-83.69739999981194, 41.55691100024901], [-83.69828699991672, 41.55687899983663], [-83.69870500039148, 41.5568679998382], [-83.69919099973998, 41.556864000204996], [-83.69919300028812, 41.55674600015846], [-83.69920199961062, 41.55605200029912], [-83.69920900018164, 41.554704000107584], [-83.69921199965638, 41.5545410003215], [-83.69921800040248, 41.554267000220925], [-83.69819499985522, 41.554267000220925], [-83.6980869999002, 41.554272000299406], [-83.69813200010603, 41.551360999823615], [-83.69926600008304, 41.55136899977083], [-83.69926699990795, 41.55115900015556], [-83.69926899955777, 41.55094499985855], [-83.69952300000098, 41.550950000194], [-83.69952300000098, 41.551004999824826], [-83.69952100035117, 41.551226999887945], [-83.69963500015399, 41.551277999976456], [-83.69973600043633, 41.55116700012777], [-83.69984400039135, 41.551060000081094], [-83.69989500044498, 41.551014000151085], [-83.69995399999621, 41.5509600001915], [-83.70061900034317, 41.55097600018425], [-83.70052599955842, 41.551113999957145], [-83.69971899981958, 41.5518050001037], [-83.69956300018396, 41.55206799974136], [-83.69942500009171, 41.55236700021263], [-83.69932700018242, 41.55266900022898], [-83.6992409999687, 41.5530719999498], [-83.69954700029044, 41.553077999751494], [-83.70153999988484, 41.553093999892226], [-83.70153599968688, 41.553312999950116], [-83.70152999983911, 41.55359700032303], [-83.70152599964115, 41.55373999999825], [-83.70152499981623, 41.553791999740575], [-83.7039590003499, 41.55294400001382], [-83.70396000017482, 41.552896999774106], [-83.70396199982466, 41.552712999708504], [-83.7041429995746, 41.55265199967344], [-83.70514000018258, 41.552313999681324], [-83.70514000018258, 41.55242900015745], [-83.70513900035768, 41.55248900009082], [-83.70641899992455, 41.55204600012196], [-83.70654399959801, 41.55198900006487], [-83.70663900003257, 41.55194999967842], [-83.7067329997439, 41.551908999970706], [-83.70682700035354, 41.55186800023705], [-83.70692000023998, 41.55182499983257], [-83.70701200030148, 41.55178200007171], [-83.70710299963976, 41.551737000306986], [-83.7072180001658, 41.551679000325024], [-83.70720899994497, 41.5512009999987], [-83.70720700029514, 41.5511459998624], [-83.70836300001346, 41.551175999759245], [-83.70963900028069, 41.551206000314345], [-83.71818399984205, 41.548193000042495]]]}, "properties": {"AREALAND": "26140240", "AREAWATER": "1917803", "BASENAME": "Maumee", "CBSAPCI": "N", "CENTLAT": "+41.5695553", "CENTLON": "-083.6637123", "FUNCSTAT": "A", "GEOID": "3948342", "INTPTLAT": "+41.5756148", "INTPTLON": "-083.6699612", "LSADC": "25", "MTFCC": "G4110", "NAME": "Maumee city", "NECTAPCI": "N", "OBJECTID": 28229, "OID": "2789085243681", "PLACE": "48342", "PLACECC": "C2", "PLACENS": "01086527", "STATE": "39", "DISP_CLR": 4}}, {"type": "Feature", "id": 28468, "geometry": {"type": "Polygon", "coordinates": [[[-82.78698300025695, 41.44667100002313], [-82.78710000043282, 41.446005000192756], [-82.78412500029906, 41.442921999802465], [-82.78409699981167, 41.442884000336285], [-82.7835999996942, 41.4423769999424], [-82.78301800008623, 41.44213600025356], [-82.7828609997274, 41.44207099969242], [-82.78282899994035, 41.44200199974038], [-82.78260399980944, 41.441525000085484], [-82.78260499963436, 41.44150799996104], [-82.7826080000074, 41.44147199968288], [-82.78260999965723, 41.44143500004964], [-82.78261300003028, 41.44138800030304], [-82.78261700022824, 41.44134199985902], [-82.78261800005316, 41.44133099974799], [-82.7826210004262, 41.44128399992608], [-82.78262499972585, 41.44123700007017], [-82.78263099957363, 41.44114100022996], [-82.7826359995965, 41.441069999934086], [-82.78263999979445, 41.44100599966725], [-82.78264499981734, 41.44094200001071], [-82.7826490000153, 41.44089299987325], [-82.7826699999317, 41.440890999839375], [-82.78266699955864, 41.440829000105225], [-82.78264499981734, 41.44026899977971], [-82.78262999974872, 41.44006700016472], [-82.78303399997976, 41.43993100002978], [-82.78310500012488, 41.43970499986845], [-82.78286800029842, 41.43944699969363], [-82.78323800019426, 41.43919199996947], [-82.78328699969975, 41.43917599995073], [-82.7836359996792, 41.43906499975422], [-82.78353199992213, 41.43895800022839], [-82.78366499999153, 41.43861400007302], [-82.78353199992213, 41.438521999933826], [-82.78318499959249, 41.43843900015754], [-82.78309000005626, 41.438159999774406], [-82.78283499978812, 41.438012000296055], [-82.78233000017306, 41.438003999804984], [-82.78192699976692, 41.43794600025607], [-82.78154199980246, 41.437821999815746], [-82.78144700026623, 41.43779199990171], [-82.7812620003183, 41.43767100004036], [-82.78142899982456, 41.43715199977948], [-82.78142899982456, 41.43672400012444], [-82.78093699972997, 41.43664100006916], [-82.78067599961406, 41.436326999686834], [-82.77974500002664, 41.436309000133605], [-82.77925200010715, 41.43530099967718], [-82.77860600002677, 41.43492099979829], [-82.77820199979573, 41.43441700017788], [-82.77648600021075, 41.43437399985943], [-82.77604900036776, 41.43436500014939], [-82.7756159998244, 41.4343499997319], [-82.7750950003158, 41.43432799983174], [-82.77333199997686, 41.43425299968739], [-82.77240899988703, 41.43424100027585], [-82.76546399955969, 41.43412999972106], [-82.76197299994021, 41.43407300019971], [-82.75844799998555, 41.43400999989073], [-82.75806200019616, 41.434002999702926], [-82.75671800015687, 41.43398099968516], [-82.75602400039593, 41.4339669999761], [-82.74616199966111, 41.433767999984525], [-82.74574099971164, 41.43376500027781], [-82.7431530000905, 41.433747000014115], [-82.74147299959222, 41.43371299972695], [-82.74077600035653, 41.43369799983233], [-82.74037799997326, 41.43369000015646], [-82.74025900014759, 41.433687999900606], [-82.73980300003801, 41.43367900009546], [-82.73952299965553, 41.43367300000016], [-82.73942300009641, 41.433670999743796], [-82.73937200004279, 41.43366400019294], [-82.7392969996997, 41.433663000064655], [-82.73917799987402, 41.43366099980798], [-82.73882200022187, 41.43365599983943], [-82.73870400022109, 41.43365499971101], [-82.73860499958857, 41.433653000127535], [-82.73830800038598, 41.43364700002984], [-82.73820899975347, 41.43364599990129], [-82.73807999988203, 41.43364300018894], [-82.73769300026774, 41.433637000090314], [-82.73756400039632, 41.43363499983284], [-82.73733900026542, 41.433630999991145], [-82.7366639998727, 41.43361899979113], [-82.73643999956673, 41.433614999948496], [-82.73621399961092, 41.43361100010557], [-82.73553599974349, 41.43359899990186], [-82.73530999978769, 41.433596000187336], [-82.73508200018205, 41.433591999669794], [-82.73440199976649, 41.43358000013606], [-82.73417499998578, 41.43357600029098], [-82.73397800034228, 41.43357000018617], [-82.73368000041646, 41.43356299995097], [-82.73338699961516, 41.43355500025846], [-82.73318999997167, 41.43355099973839], [-82.73303000013811, 41.43354699989151], [-82.73297700043466, 41.43354500030476], [-82.73233999967678, 41.433530999828164], [-82.73212799996467, 41.43352699998007], [-82.73198999987243, 41.43352400026221], [-82.73157800014378, 41.433514999760824], [-82.73144099987643, 41.43351200004242], [-82.73106299958465, 41.433498000232206], [-82.72992899960764, 41.43345899983095], [-82.7295510002142, 41.43344600014095], [-82.72923999986958, 41.43344600014095], [-82.7289739997308, 41.43344600014095], [-82.72830900028215, 41.4334329997749], [-82.72799899976243, 41.43342799978885], [-82.72782899988312, 41.4334239999344], [-82.7273190002452, 41.433415000092644], [-82.72715000019079, 41.43341199969612], [-82.72694599997628, 41.433406999708446], [-82.72633599988092, 41.43339199974307], [-82.72613300038965, 41.43338799988645], [-82.72594000004581, 41.433381999764265], [-82.72536099991258, 41.4333660003337], [-82.72516900029194, 41.43336099966898], [-82.72500400043552, 41.433355999677374], [-82.72450899996788, 41.433341999833516], [-82.72434400011142, 41.43333799997377], [-82.72397000001763, 41.43332699985313], [-82.72285000028432, 41.43329599974799], [-82.7224770000154, 41.43328599975434], [-82.7215110002679, 41.43326900016576], [-82.71968000015688, 41.43323800003293], [-82.71726300023995, 41.43319599974239], [-82.7168439999403, 41.43318900014032], [-82.7162389998678, 41.433174000124616], [-82.71568099965097, 41.43316000024146], [-82.7149430004074, 41.433150999689644], [-82.71434400018269, 41.43312600032033], [-82.71241400033747, 41.43309799985688], [-82.71189999960328, 41.43308799983278], [-82.70982900019106, 41.43304999999644], [-82.7096350000223, 41.4330460001187], [-82.70905500006417, 41.433034999948575], [-82.70886199972033, 41.43303200020799], [-82.70851799976373, 41.43302399977657], [-82.70748800044211, 41.43300099996197], [-82.70714500031043, 41.43299399966536], [-82.70678999958488, 41.43298400029869], [-82.7057279995779, 41.43295699991323], [-82.70537399957557, 41.43294800000673], [-82.70529499993286, 41.43294599972803], [-82.70505999975622, 41.432942999983325], [-82.70498199993841, 41.43294199984387], [-82.70473199969315, 41.43293799995947], [-82.70456299963877, 41.43293599968045], [-82.70398299968062, 41.432921999746014], [-82.70373400015859, 41.4329169997206], [-82.7033550000419, 41.432908999948474], [-82.70221799969184, 41.43288499995285], [-82.70184000029838, 41.43287800031723], [-82.70172300012251, 41.43287499989589], [-82.70137300031814, 41.432867000118634], [-82.70125699996719, 41.43286499983738], [-82.7009890001786, 41.432858000199666], [-82.70072399986472, 41.43285300016927], [-82.70018800028753, 41.432843000107425], [-82.69992100032383, 41.43283900021693], [-82.69953600035937, 41.432838000075925], [-82.69838099956765, 41.43283599979377], [-82.6979970003264, 41.43283599979377], [-82.69757600037693, 41.43282000022868], [-82.69631299963018, 41.4327730003047], [-82.69589300040391, 41.43275800019283], [-82.69552400033297, 41.43275099987006], [-82.69441999959487, 41.43273000024415], [-82.69405200024715, 41.43272400006113], [-82.69321299982293, 41.43270899993794], [-82.69105199999905, 41.432665999834995], [-82.69083500026407, 41.432661999933586], [-82.69018400016081, 41.43265000022795], [-82.68996800025074, 41.432646999796056], [-82.68962299957093, 41.43264500018158], [-82.68928399963723, 41.43264400003754], [-82.68858800022645, 41.432632999799296], [-82.68855700026431, 41.432632999799296], [-82.68824400026988, 41.43264600032561], [-82.68790399961293, 41.43266699997869], [-82.68730600011145, 41.43267899968119], [-82.68671600010757, 41.43268200011155], [-82.6862900001352, 41.43268499986831], [-82.68622999986077, 41.43268499986831], [-82.6858099997362, 41.43267700006765], [-82.68532500021261, 41.43266699997869], [-82.68359600020885, 41.432632999799296], [-82.68313000005352, 41.43262399984787], [-82.68299699998413, 41.4326210000883], [-82.68287200031067, 41.43261899979951], [-82.6815729995789, 41.43259400022536], [-82.68120199985813, 41.43258599973991], [-82.68060400035665, 41.43257500016535], [-82.68025299982905, 41.43256799982285], [-82.67984199992532, 41.432560000007726], [-82.6792000000429, 41.432539999792176], [-82.67902299959259, 41.432534999737335], [-82.67885000023853, 41.432525999772324], [-82.67875300015416, 41.43250899998471], [-82.67863199978034, 41.43248800028051], [-82.67846299972592, 41.4324489999459], [-82.67836800018969, 41.43242700007496], [-82.67829799986949, 41.432485999987634], [-82.67826500025753, 41.43251500018759], [-82.67466300030996, 41.432454000007404], [-82.67059199983403, 41.432383000310665], [-82.67011300015822, 41.43236099974384], [-82.66981000020954, 41.43236900025696], [-82.66979199976785, 41.43236999973168], [-82.6684140002917, 41.43234500006163], [-82.66791299997628, 41.43233600007028], [-82.66024600029888, 41.43220399982937], [-82.65998900038095, 41.43219899974865], [-82.65914599975874, 41.43218500032873], [-82.65898900029823, 41.43218199987539], [-82.65880099997726, 41.432179000095395], [-82.65275299980043, 41.43207499977851], [-82.65147999990626, 41.43205200030118], [-82.64768399978993, 41.43198699974292], [-82.64768700016299, 41.43208799974306], [-82.64771800012512, 41.43293500021439], [-82.64775300028523, 41.43394800031796], [-82.64784500034675, 41.43667099984173], [-82.64785399966925, 41.43726999971669], [-82.64789399985222, 41.43981500028366], [-82.64818500010537, 41.447208000149324], [-82.64824200000679, 41.44866400008452], [-82.64826399974808, 41.44921399977605], [-82.64716499993118, 41.44850599997944], [-82.64426699979032, 41.44663599984435], [-82.63557300026604, 41.44102699998274], [-82.63267599995007, 41.439157999840766], [-82.63150199979009, 41.43839799992053], [-82.62798000020848, 41.43612100023652], [-82.62680699987341, 41.43536199987585], [-82.6263690002055, 41.435097999983206], [-82.62505500030342, 41.43430800016091], [-82.62461699973721, 41.434045000144756], [-82.62405299967259, 41.433738000217204], [-82.62236399985181, 41.43282000022868], [-82.62180099961209, 41.43251400004155], [-82.62149600001356, 41.432387000229205], [-82.62364599996683, 41.42871100005507], [-82.62384000013556, 41.428377999762645], [-82.62442400029167, 41.427380000313086], [-82.62461900028534, 41.427048999716476], [-82.62480199968513, 41.42673600031864], [-82.6252360000534, 41.425994999738855], [-82.62568200011724, 41.42521800026891], [-82.62606899973153, 41.42454000000867], [-82.62631800015185, 41.42469400014472], [-82.62631099958085, 41.424206999878464], [-82.6262860003648, 41.42259999972247], [-82.62620500017397, 41.417448999803874], [-82.62620000015109, 41.41709800019833], [-82.6262019998009, 41.41698400016595], [-82.62606799990661, 41.416921999828006], [-82.62597699967002, 41.41687900004777], [-82.62578800042245, 41.41678999991088], [-82.62522099998478, 41.4165259999456], [-82.62503299966379, 41.41643799971871], [-82.6249409996023, 41.416395000291736], [-82.62466799979082, 41.41626700021531], [-82.62457699955424, 41.416224999724754], [-82.62463299963072, 41.41629999981176], [-82.62465500027035, 41.41700599988054], [-82.62485399956365, 41.42318599971089], [-82.62491700021117, 41.425143999962785], [-82.62093799979674, 41.43202400004793], [-82.62008199965408, 41.43145000027763], [-82.61969199966674, 41.43105199974297], [-82.61864599955328, 41.430658000160925], [-82.61841799994764, 41.430471000238754], [-82.61820200003758, 41.43061200019399], [-82.6181600002048, 41.430574000255326], [-82.61808099966376, 41.430601000284945], [-82.61798299975447, 41.430666000210394], [-82.617894000066, 41.43079199984952], [-82.61782399974581, 41.43081199993008], [-82.61780000035469, 41.430849999729446], [-82.61776400036968, 41.43091200024055], [-82.61774500010308, 41.43097199967938], [-82.6177319996843, 41.43101500023096], [-82.61772800038466, 41.4310929999057], [-82.61772300036179, 41.43123200019898], [-82.61778600011098, 41.43130399997226], [-82.61783799998952, 41.43136300023206], [-82.61817799974814, 41.43161499992762], [-82.61927200044047, 41.43240100027908], [-82.619280999763, 41.43240699981843], [-82.61993900043726, 41.432869999866845], [-82.62039899984649, 41.43317000025451], [-82.62170000022807, 41.43396999967348], [-82.62247299963175, 41.43449700003684], [-82.6227580000371, 41.43473199980994], [-82.62375599957166, 41.43532400002377], [-82.62412800001566, 41.43554500012793], [-82.62526299981756, 41.43627599992956], [-82.62619199975516, 41.436900000028444], [-82.626601999834, 41.43720699981684], [-82.6272639998079, 41.43755500029548], [-82.62801799984331, 41.43805099998205], [-82.62936000023278, 41.43891999978793], [-82.63001800000872, 41.43943399985606], [-82.63037200001105, 41.43958200013231], [-82.63075799980044, 41.43981999977771], [-82.63151199983584, 41.44033400012552], [-82.63236299995563, 41.44097799990946], [-82.6325930001094, 41.44109200024276], [-82.63278100043038, 41.44121299978671], [-82.63289199986014, 41.44135399997798], [-82.63289199986014, 41.44141599988393], [-82.63317700026549, 41.44159899990172], [-82.63328199984748, 41.44162000002531], [-82.63349799975754, 41.44172299985961], [-82.63381599977485, 41.44196099973412], [-82.63438999988523, 41.44231900026114], [-82.63452799997748, 41.442461000062295], [-82.63477700039782, 41.44262600000528], [-82.63492800001055, 41.44274300010239], [-82.63522299956335, 41.44295000006828], [-82.63551200016666, 41.44313599974764], [-82.63560400022817, 41.44323000004174], [-82.63601799960665, 41.44348100015257], [-82.63623900043788, 41.44367100022666], [-82.63698400025247, 41.444171000173235], [-82.63727799998033, 41.44441199971142], [-82.63758599995191, 41.44474599986042], [-82.63763700000554, 41.444887999737574], [-82.63769200025712, 41.4449329997334], [-82.6379030001443, 41.44500499979644], [-82.63827100039035, 41.44518799979356], [-82.63835000003307, 41.44526999974253], [-82.63845999963793, 41.44538399994292], [-82.63868499976883, 41.44558799973065], [-82.6394570002459, 41.44622900009188], [-82.64009699958018, 41.44662899967165], [-82.6405560000628, 41.446928999758235], [-82.64066700039088, 41.44708399989917], [-82.64085099961558, 41.44717699994066], [-82.64103899993657, 41.44732500006488], [-82.64115899958715, 41.4474909996751], [-82.64140200015972, 41.44758700022124], [-82.64150400026696, 41.44775899997482], [-82.64177899972826, 41.448041999790576], [-82.64219300000505, 41.448273000059956], [-82.64233600012017, 41.44836300003847], [-82.64268099990169, 41.44853200005728], [-82.64283700043562, 41.44875899967265], [-82.64297499962956, 41.44891400015503], [-82.64322300022499, 41.44914500001296], [-82.6436740003117, 41.44939700002176], [-82.64377999971857, 41.44950700016755], [-82.6438990004426, 41.44964500019694], [-82.64407799964442, 41.449727999780464], [-82.64419300017045, 41.449821000071935], [-82.64436399987468, 41.44993100017215], [-82.64459300020354, 41.45011100011749], [-82.64469000028794, 41.45023499996885], [-82.64478200034944, 41.450313999984054], [-82.64481900015936, 41.45042399992168], [-82.64496999977209, 41.450504000248856], [-82.64521400016956, 41.450603999845754], [-82.64530600023107, 41.450644999777374], [-82.64541599983592, 41.45078999980375], [-82.64547600011039, 41.45087600020493], [-82.64558700043847, 41.45097900015959], [-82.6457659996403, 41.451062000056375], [-82.64586199989976, 41.451138000160725], [-82.64589000038718, 41.45122400010062], [-82.64603699980194, 41.4513239999343], [-82.64625299971202, 41.45141399972013], [-82.64639099980428, 41.45149300031951], [-82.64652899989655, 41.451613999994194], [-82.64659800039182, 41.45169999997634], [-82.64663500020175, 41.451793000133996], [-82.6469840001812, 41.45196500018296], [-82.64710399983181, 41.452062000013356], [-82.64713200031922, 41.45214499987108], [-82.64717699962674, 41.45224100026359], [-82.64732499976475, 41.45237899986357], [-82.64768299996504, 41.452557999912386], [-82.64795900014954, 41.45274400032753], [-82.6480600004319, 41.45286899969149], [-82.64805100021107, 41.45296499968586], [-82.64825299987741, 41.45314400013749], [-82.64874999999488, 41.45348899984403], [-82.64923700006659, 41.45375100001897], [-82.64945799999954, 41.453923000262556], [-82.64954099984021, 41.45406100032393], [-82.64967899993249, 41.45419900009173], [-82.64982600024558, 41.45428199990829], [-82.65000100014775, 41.454405999866225], [-82.65006499972186, 41.454530000260405], [-82.65013900024002, 41.45462700029495], [-82.65033199968555, 41.454729999680005], [-82.65045100040956, 41.45484700016881], [-82.65059799982434, 41.454958000299364], [-82.65080100021392, 41.45512300010599], [-82.65101200010112, 41.455322999716934], [-82.65121499959238, 41.455509000282845], [-82.65153599998277, 41.45566100008143], [-82.65178500040311, 41.45584699967808], [-82.65205099964356, 41.456136999715284], [-82.65218000041332, 41.456288000282306], [-82.65227199957651, 41.456419000235236], [-82.65243800015618, 41.45648099988438], [-82.65268599985328, 41.45663999986459], [-82.65276899969398, 41.45679199970572], [-82.65296200003782, 41.45694999982737], [-82.653172999925, 41.45712999982077], [-82.65340300007878, 41.45730199985642], [-82.65360499974514, 41.457494999807395], [-82.65416600033502, 41.457818999675595], [-82.6543689998263, 41.4580399999205], [-82.65442400007788, 41.4581910000965], [-82.65465400023164, 41.45837100001193], [-82.65482900013383, 41.45854300012265], [-82.65516899989247, 41.458708000234644], [-82.65528799971814, 41.45886700014126], [-82.6553250004264, 41.45899800027106], [-82.65556399990268, 41.459114999793265], [-82.65582199964554, 41.45932200003623], [-82.65597800017946, 41.45952200016379], [-82.65614399986082, 41.4596739999829], [-82.65644699980952, 41.45987399969815], [-82.65643799958869, 41.4600049998135], [-82.65668600018411, 41.46025299982634], [-82.65755999987013, 41.460824999898804], [-82.65783600005464, 41.46105299996194], [-82.65794599965949, 41.461224999691744], [-82.65805600016267, 41.461377000231764], [-82.65840599996704, 41.46155599968455], [-82.65892999984867, 41.46201800009569], [-82.6593249998589, 41.462383000173844], [-82.659536999571, 41.46265199989215], [-82.66016199973497, 41.46317599988076], [-82.66067700029411, 41.46354199984058], [-82.66081500038636, 41.46368699998354], [-82.66092499999122, 41.46383100013886], [-82.66103600031931, 41.463941999703756], [-82.66125700025223, 41.464176000219894], [-82.66150499994936, 41.46428000025303], [-82.66166099958498, 41.4644170001651], [-82.6617259998823, 41.464555000113045], [-82.66175299964648, 41.46467300003076], [-82.66192800044696, 41.464740999783146], [-82.66215799970243, 41.46485199980975], [-82.66232299955887, 41.465058999915804], [-82.66248900013854, 41.46527199990095], [-82.66266300021582, 41.4654589998452], [-82.66287499992792, 41.46556899967924], [-82.66301300002019, 41.46570699986808], [-82.66328900020471, 41.4659889998382], [-82.66356500038923, 41.466299999839165], [-82.66443800025033, 41.467065000166784], [-82.66479700027553, 41.467299000182784], [-82.66512799981332, 41.467630000135316], [-82.66527500012641, 41.467810000103846], [-82.66533000037799, 41.46796800030757], [-82.6654500000286, 41.468072000316724], [-82.66572600021311, 41.46814800001081], [-82.66592799987949, 41.4683959998454], [-82.66625000009476, 41.468774999977484], [-82.66688399958124, 41.46938900004481], [-82.66757400004255, 41.47004400014028], [-82.66785000022709, 41.47037500021382], [-82.66922000020564, 41.47156700016867], [-82.66955099974345, 41.47200200030576], [-82.66996500002023, 41.47244300009238], [-82.67131699955712, 41.473759999870786], [-82.671906999561, 41.474544000236115], [-82.67286599963582, 41.475421999955465], [-82.67338799986763, 41.47584299970268], [-82.67340100028643, 41.475964999865006], [-82.67358799988419, 41.47619199971582], [-82.67388900018308, 41.476276999941675], [-82.67404099962071, 41.476497999872535], [-82.6739760002217, 41.47660399993741], [-82.67465499991403, 41.477230000100086], [-82.67625900024433, 41.47891200010955], [-82.67671799982864, 41.479546999690655], [-82.67791399972992, 41.48088900031526], [-82.6779749998293, 41.48100399990045], [-82.6781790000438, 41.48114699988423], [-82.67828899964864, 41.48123399980466], [-82.6783699998395, 41.481392000266595], [-82.67955700041828, 41.48274200005712], [-82.67987999956014, 41.48308599973673], [-82.68035800030935, 41.48359999980687], [-82.68094599976509, 41.48426899994362], [-82.6823040000481, 41.485830000095326], [-82.68263399976097, 41.48626600005775], [-82.6827760000512, 41.486388000114594], [-82.68291199959532, 41.48650899995512], [-82.68303499961895, 41.48665399987228], [-82.68351099982003, 41.48727100008717], [-82.6835719999194, 41.4874079998634], [-82.68378500035473, 41.487659999908516], [-82.68398500037128, 41.487958000037516], [-82.68426300020562, 41.48829799977975], [-82.68439899974975, 41.48847199981653], [-82.68453500019217, 41.48876299991281], [-82.68479299993503, 41.48908099996629], [-82.68494899957065, 41.48927200031462], [-82.68509800043188, 41.48948500014464], [-82.68529800044843, 41.48970799999348], [-82.68543999984033, 41.49012099967777], [-82.6856209995903, 41.490436000016544], [-82.68619399987575, 41.49154699980548], [-82.68624900012732, 41.491652000244585], [-82.68644199957285, 41.492204999748544], [-82.68654100020537, 41.49243299980368], [-82.68672699997822, 41.49286400029804], [-82.68676299996322, 41.49293800008195], [-82.68691500029918, 41.49325099974247], [-82.68767900038034, 41.492951999849716], [-82.68813200011688, 41.49277099983137], [-82.68823099985109, 41.49273200007344], [-82.68860900014285, 41.492494000110305], [-82.68983199980832, 41.492783999745434], [-82.69350099970303, 41.49365400028124], [-82.6947240002668, 41.493944000106076], [-82.70183000025264, 41.489786999698424], [-82.71011700007114, 41.485789000201045], [-82.71633299957914, 41.483494999776966], [-82.71923599974288, 41.48242299979833], [-82.72763899991233, 41.48011299998575], [-82.73043999996882, 41.47934299969702], [-82.73922300007987, 41.477755000173175], [-82.74268299973721, 41.477473000231825], [-82.74555999996167, 41.477238999921795], [-82.7499069997238, 41.47726700018168], [-82.75883399977494, 41.47826800001325], [-82.75910300028676, 41.47829900016868], [-82.77523099985991, 41.48010999972969], [-82.7754479995949, 41.480133999755346], [-82.77609299985038, 41.48020699986291], [-82.77702599998592, 41.463606999759044], [-82.7772999996223, 41.451615999697566], [-82.77730499964518, 41.45153699992129], [-82.77730600036843, 41.45134200003612], [-82.77733099958446, 41.45102899994787], [-82.77733399995749, 41.45098999998165], [-82.77745500033132, 41.44944900012615], [-82.77747899972245, 41.449153999693465], [-82.78597300012851, 41.44930299990848], [-82.78596499973258, 41.44947900003794], [-82.78596100043293, 41.44954499979509], [-82.78652600032247, 41.449550999769656], [-82.78657900002591, 41.44948799967216], [-82.78659200044471, 41.44948400013413], [-82.78661599983583, 41.44859800010447], [-82.78691299993676, 41.446998999780824], [-82.78692600035555, 41.4469340000509], [-82.78696900001326, 41.44673600001653], [-82.78698300025695, 41.44667100002313]]]}, "properties": {"AREALAND": "24955753", "AREAWATER": "31576260", "BASENAME": "Sandusky", "CBSAPCI": "Y", "CENTLAT": "+41.4564818", "CENTLON": "-082.7143042", "FUNCSTAT": "A", "GEOID": "3970380", "INTPTLAT": "+41.4558849", "INTPTLON": "-082.7144356", "LSADC": "25", "MTFCC": "G4110", "NAME": "Sandusky city", "NECTAPCI": "N", "OBJECTID": 28468, "OID": "27890295177518", "PLACE": "70380", "PLACECC": "C2", "PLACENS": "01086070", "STATE": "39", "DISP_CLR": 4}}, {"type": "Feature", "id": 29519, "geometry": {"type": "Polygon", "coordinates": [[[-83.69773500044602, 41.3636080001437], [-83.69776399986002, 41.360781000256445], [-83.69413400032336, 41.36068699996554], [-83.69410400018612, 41.35914000021979], [-83.69371800039674, 41.35913200012772], [-83.69279899960657, 41.359113000157926], [-83.69176900028496, 41.359090999724685], [-83.6907309996691, 41.35906999988648], [-83.69011300007612, 41.35905700014376], [-83.68995900009035, 41.3590539996841], [-83.68925699993348, 41.359039000080834], [-83.68925399956044, 41.358654000089594], [-83.689244000413, 41.35808900018223], [-83.68924299968977, 41.35805300019017], [-83.68935599966768, 41.358057999909335], [-83.69007999956587, 41.35807500030005], [-83.69010700022835, 41.35807399968224], [-83.6900960003577, 41.3572770000162], [-83.68990499966367, 41.35727500010459], [-83.68939599985065, 41.357270000325315], [-83.68923099999421, 41.35726799973922], [-83.68923000016929, 41.35718000018675], [-83.68922799962115, 41.35708800000644], [-83.68922699979625, 41.35668999972167], [-83.68922699979625, 41.35628799981662], [-83.68882599993826, 41.356295000287396], [-83.68864099999033, 41.35630100011235], [-83.68809100016941, 41.35631700031722], [-83.68790799987131, 41.356323000140144], [-83.68753499960242, 41.35633399981412], [-83.68753299995258, 41.35606699978567], [-83.68753299995258, 41.35602700012399], [-83.68753200012767, 41.355898999827645], [-83.68676800004653, 41.35589199998852], [-83.68640800019641, 41.35588800008015], [-83.68638499973187, 41.35588800008015], [-83.68589099998746, 41.35588300019433], [-83.68522800018866, 41.3558770003308], [-83.68440399983302, 41.355868999837654], [-83.68440600038119, 41.35720000000353], [-83.67962900044871, 41.35713300015486], [-83.67963699994634, 41.35545099984256], [-83.67968799999994, 41.35544499993921], [-83.67971800013719, 41.35544199998735], [-83.67972399998496, 41.35482600019816], [-83.67839300036445, 41.35484000010486], [-83.67767299976595, 41.35484800005016], [-83.67758300025257, 41.35484900004327], [-83.67666699983543, 41.35485500000156], [-83.67620999990096, 41.35486899990202], [-83.676205999703, 41.355979999933766], [-83.67619200035762, 41.35598199988515], [-83.6759310002417, 41.356030000048875], [-83.67526300042, 41.356153000222484], [-83.67473699999023, 41.356261999891565], [-83.67446300035385, 41.356331999873554], [-83.67429900032232, 41.35638500030105], [-83.6741419999635, 41.35644599976012], [-83.67394299977184, 41.35654300000913], [-83.67365800026481, 41.35670599983091], [-83.67319799995727, 41.35699299981565], [-83.67314299970569, 41.35702799976012], [-83.672587000037, 41.3570269998005], [-83.66998099997419, 41.35699299981565], [-83.66982299979043, 41.35699099989533], [-83.66954900015405, 41.35698700005449], [-83.66734700032227, 41.356954999970235], [-83.66727799982698, 41.356954000009495], [-83.66722199975048, 41.35695300004874], [-83.66719300033648, 41.35695300004874], [-83.66698499992403, 41.35694900020556], [-83.66687699996899, 41.35694800024473], [-83.66646500024035, 41.35694199980512], [-83.66561999996833, 41.35693000027278], [-83.66472100016797, 41.356916000141304], [-83.66445699967902, 41.35691200029586], [-83.66440200032574, 41.356911000334456], [-83.66310799961686, 41.356892999677974], [-83.66200299995215, 41.356870999842855], [-83.66200499960198, 41.35627100030764], [-83.66200499960198, 41.35623300004076], [-83.6620070001501, 41.35526399989841], [-83.6620070001501, 41.355235000277226], [-83.6620070001501, 41.35258299986223], [-83.66200100030233, 41.35136400029265], [-83.66197899966272, 41.349616999918716], [-83.6619770000129, 41.34930200029281], [-83.66191199971557, 41.34930000013618], [-83.66173400033865, 41.34929300026187], [-83.66155100004055, 41.34928500030821], [-83.66146099962886, 41.34928099999385], [-83.66129300029769, 41.349277999757916], [-83.66112000004532, 41.34927500019617], [-83.66098699997593, 41.34927199995997], [-83.66095099999092, 41.34927199995997], [-83.66077600008873, 41.34926800031913], [-83.66027599959821, 41.349259000283496], [-83.66011300028991, 41.3492560000465], [-83.66016699981827, 41.35315799987904], [-83.66018199988689, 41.35586399995037], [-83.66018199988689, 41.35608400002217], [-83.6601889995596, 41.35684700007554], [-83.66028800019211, 41.35684800003792], [-83.66028999984192, 41.35728099983921], [-83.66029800023784, 41.3605360002182], [-83.66008700035066, 41.3605360002182], [-83.6600699997339, 41.35684500015073], [-83.66002000040349, 41.356844000188296], [-83.66001500038062, 41.356387000240055], [-83.66001500038062, 41.356309999848804], [-83.65998600006832, 41.353184999713946], [-83.65996199977886, 41.353184999713946], [-83.65984999962586, 41.34925100032566], [-83.65877000007553, 41.349231000089596], [-83.65878299959601, 41.34957899981349], [-83.6587960000148, 41.350889000014035], [-83.65854499994462, 41.35088599985221], [-83.65762199985483, 41.350879000148375], [-83.656923000071, 41.350867000172684], [-83.65692700026896, 41.35116899967479], [-83.65693599959147, 41.35179199996035], [-83.6569439999874, 41.35240299998589], [-83.65695300020822, 41.3530340000939], [-83.65696099970583, 41.353657000063606], [-83.65696200042906, 41.35370699994016], [-83.65696300025398, 41.35377699997258], [-83.65696599972871, 41.35400199971141], [-83.65696800027685, 41.35413299970458], [-83.65697199957648, 41.354377000245044], [-83.65697699959937, 41.35473800004139], [-83.65700300043693, 41.35680700021889], [-83.65640699968696, 41.35680400032982], [-83.65639800036446, 41.35581700031677], [-83.65591799996544, 41.35580499990277], [-83.65593300003403, 41.35480700031997], [-83.65593999970673, 41.35443400023953], [-83.655937000232, 41.354228000023745], [-83.65589600022412, 41.35147299988894], [-83.65591499959238, 41.350836999886646], [-83.65040299989109, 41.350756000124164], [-83.65040299989109, 41.35072200023546], [-83.65040200006618, 41.350218000159956], [-83.65022100031622, 41.35021099970994], [-83.64982799995582, 41.350210000319954], [-83.64971300032809, 41.34988999984529], [-83.64818299961765, 41.34962399975823], [-83.64659099988124, 41.34938499999533], [-83.64636800029848, 41.349342000040785], [-83.6458629997851, 41.349344000196126], [-83.64591800003669, 41.3555779996894], [-83.64584699989159, 41.356583999994456], [-83.64691300009653, 41.356603000028244], [-83.64743600015323, 41.3566089998248], [-83.64743600015323, 41.35662499995395], [-83.64743600015323, 41.358869999771414], [-83.64743699997815, 41.359633000203885], [-83.647438999628, 41.36021699984567], [-83.64565699992077, 41.3601750002149], [-83.64559699964633, 41.3601770000374], [-83.64554800014082, 41.360178999859826], [-83.64556400003437, 41.359997000258744], [-83.64562000011085, 41.35927000006116], [-83.64567199998939, 41.35810400000449], [-83.64573899993654, 41.356582000061564], [-83.6456500002481, 41.35658100009509], [-83.6446309998988, 41.356564999955125], [-83.64426299965278, 41.35655900015451], [-83.64431000040675, 41.35477499983827], [-83.64087999998833, 41.354739000036176], [-83.6408699999426, 41.35650799980386], [-83.64044300014532, 41.35650100003029], [-83.64011900028024, 41.35649700015929], [-83.63826700025281, 41.35646199992933], [-83.63743100020164, 41.35643000026126], [-83.63459400016015, 41.35637599990073], [-83.63449600025086, 41.3563749999311], [-83.63448799985494, 41.35759999976851], [-83.63448500038021, 41.358190999714395], [-83.63448399965696, 41.35834200018271], [-83.63448299983206, 41.35888699995008], [-83.6344719999614, 41.36002900019584], [-83.63445400041806, 41.36061799985209], [-83.6344429996491, 41.360974999825004], [-83.63443400032656, 41.36129100017096], [-83.63442400028083, 41.36160599976745], [-83.63441199968695, 41.362005000213976], [-83.63439999999139, 41.36238999993434], [-83.63438800029581, 41.36277400020258], [-83.63437499987702, 41.36318499995963], [-83.63435899998349, 41.36368999995202], [-83.63351299988658, 41.36367599992629], [-83.63315100038666, 41.36367000010698], [-83.63109400031982, 41.36364500029198], [-83.63109799961947, 41.36339200000596], [-83.63115899971883, 41.36231999972556], [-83.6295569999367, 41.362301000012245], [-83.62957399965514, 41.361830000201046], [-83.62771800032807, 41.36180800001198], [-83.62767200029732, 41.36289500002828], [-83.62837199990607, 41.362895999897745], [-83.62833900029409, 41.363605999752416], [-83.62840100021837, 41.36360700028517], [-83.62850099977749, 41.3636090000022], [-83.62947999994381, 41.363623000042345], [-83.62951099990595, 41.363623000042345], [-83.6294459996086, 41.364697000115775], [-83.62941999966935, 41.365116999729736], [-83.62940899979868, 41.36535000004804], [-83.62951099990595, 41.36535099987979], [-83.62965400002108, 41.365353000217425], [-83.62999700015274, 41.36535700021831], [-83.63066599979933, 41.365362000050524], [-83.6305920001795, 41.36726399977395], [-83.62929499999588, 41.36724800023786], [-83.62928699959996, 41.36731899966619], [-83.62929199962282, 41.36741200001562], [-83.6292969996457, 41.367560999718364], [-83.62929599982078, 41.367629999885885], [-83.62929499999588, 41.367671000302536], [-83.62927200042965, 41.36857499979963], [-83.62925399998798, 41.368885000305674], [-83.6289719999557, 41.36888099984755], [-83.62808300020106, 41.36887600028575], [-83.62786800011591, 41.368874999834006], [-83.62605500044656, 41.368949000187094], [-83.62605600027148, 41.36914100012763], [-83.6260589997462, 41.369442999786465], [-83.6258040003764, 41.3694449999983], [-83.62442000015413, 41.36942700011204], [-83.62433800013835, 41.36942599966877], [-83.62432399989466, 41.36912099993552], [-83.62431899987179, 41.36907099976548], [-83.62438400016912, 41.36907399976329], [-83.62444500026848, 41.36907099976548], [-83.62449999962175, 41.369049999776976], [-83.62452499973611, 41.369034999781086], [-83.62456900011705, 41.3689829999931], [-83.62456800029214, 41.368260000229846], [-83.62457300031501, 41.368018000080966], [-83.6245790001628, 41.36779899969404], [-83.62460000007918, 41.36766399970704], [-83.6246150001478, 41.367436999731616], [-83.62462500019355, 41.36685700007032], [-83.62463299969116, 41.36641500024664], [-83.62463500023928, 41.366323000311546], [-83.61890900027775, 41.36633200001047], [-83.61852000011531, 41.366334000317956], [-83.61850099984875, 41.36638600020053], [-83.61888699963812, 41.36639000013791], [-83.61886999991971, 41.36643300029201], [-83.6188210004142, 41.3665650000231], [-83.61787200038512, 41.36941299997234], [-83.61737699991748, 41.37084600013534], [-83.61723899982522, 41.370848000304036], [-83.61699199995303, 41.370848000304036], [-83.61687700032529, 41.370848000304036], [-83.61647200026935, 41.37084499971389], [-83.61638100003275, 41.370843999966574], [-83.61607800008403, 41.370843999966574], [-83.61521899956834, 41.370840000303005], [-83.61498000009206, 41.370840000303005], [-83.61488499965749, 41.370838999881464], [-83.61495900017565, 41.36920300021212], [-83.61505100023716, 41.36714399978645], [-83.61505899973476, 41.36635600032521], [-83.61525499955333, 41.36351899986479], [-83.61471399995327, 41.36351600028507], [-83.61396099974276, 41.363512000170964], [-83.61083499999627, 41.363513999890955], [-83.6107599996532, 41.363513999890955], [-83.61059399997184, 41.363513999890955], [-83.61060400001757, 41.363129999944086], [-83.61067000013982, 41.36109499972744], [-83.6106979997289, 41.36037800008961], [-83.61071600017057, 41.35992100000796], [-83.6110629996019, 41.35991699967287], [-83.61316400004965, 41.35993400025231], [-83.6147869997482, 41.35995499981174], [-83.61532599969846, 41.35996299980264], [-83.61525499955333, 41.36351899986479], [-83.61877700003328, 41.36353500031781], [-83.61940700022014, 41.361771000167636], [-83.61975799984941, 41.36064400005979], [-83.61999999969873, 41.359725000158114], [-83.62066300039587, 41.357078999703326], [-83.62079300009222, 41.35661099975687], [-83.6208700000851, 41.356335999754634], [-83.62080200031305, 41.356335999754634], [-83.62064999997708, 41.35633499978439], [-83.62007300039198, 41.35633299984384], [-83.62008000006469, 41.355854000174624], [-83.62010600000394, 41.355411999786725], [-83.62017600032415, 41.35424500006623], [-83.62022700037778, 41.353278000033605], [-83.62025499996686, 41.35273699993081], [-83.62012799974526, 41.35266199999548], [-83.61978600033682, 41.352492999986296], [-83.61960700023666, 41.352409000169594], [-83.61940100037233, 41.35232300018079], [-83.61915299977692, 41.352248999801525], [-83.61898799992046, 41.35220899981664], [-83.61882399988893, 41.35217700008074], [-83.61860299995601, 41.35214699972404], [-83.61835400043398, 41.35213299991249], [-83.61792500008858, 41.35213199987768], [-83.61762700016274, 41.35214500032916], [-83.61730300029764, 41.352186999747026], [-83.61699299977792, 41.35223199991212], [-83.61677799969279, 41.352198000119934], [-83.61665700021726, 41.3522119999175], [-83.6161170004421, 41.352276000013454], [-83.61558400033962, 41.3523260002764], [-83.61481900043356, 41.35237299973334], [-83.61449600039336, 41.35238300004386], [-83.61403000023805, 41.352371999702214], [-83.61378300036584, 41.3523589999704], [-83.61342000014268, 41.352339000014794], [-83.61226600007419, 41.352245999702376], [-83.61186000019333, 41.35222300028618], [-83.61172799994885, 41.352197000086115], [-83.6111759995798, 41.35219099988282], [-83.6111680000822, 41.35275799978935], [-83.61114200014293, 41.35357199971331], [-83.61113700012005, 41.353738000262425], [-83.61077600044503, 41.35373600024209], [-83.60830299955329, 41.353705999929524], [-83.60826699956827, 41.355122000281526], [-83.60825400004781, 41.355692000222234], [-83.60969199979843, 41.35570200002288], [-83.60969599999638, 41.356314999701816], [-83.60906300033481, 41.356314999701816], [-83.60877600027963, 41.356314999701816], [-83.60805700040432, 41.356307999907486], [-83.60739799990513, 41.35629099972949], [-83.60674000012921, 41.35626699974826], [-83.60661100025777, 41.35626499980563], [-83.60590599972784, 41.356252000177], [-83.60587899996366, 41.356252000177], [-83.6058460003517, 41.357024999881226], [-83.60581399966634, 41.35735799975606], [-83.60581000036669, 41.35752000028189], [-83.60580299979569, 41.35805600002168], [-83.6058039996206, 41.358346999879636], [-83.60580000032095, 41.35848099970574], [-83.6057969999479, 41.358985999791656], [-83.60498699983602, 41.358992000042825], [-83.60494800037624, 41.359997000258744], [-83.60937600032925, 41.36005200022521], [-83.60936299991046, 41.36051500017203], [-83.60934299981896, 41.36108400018382], [-83.61044699965875, 41.36108899967015], [-83.6103880001075, 41.36308400003028], [-83.61037499968872, 41.363513999890955], [-83.61031699996241, 41.363513999890955], [-83.60749199961649, 41.36350600033653], [-83.60619199995811, 41.36350200022186], [-83.60612900020892, 41.36350200022186], [-83.60361699985742, 41.363490999736676], [-83.60346700006961, 41.36348700029531], [-83.60326000038039, 41.363482000319024], [-83.60302299965561, 41.36346499999226], [-83.6028469999285, 41.36344299968176], [-83.60272499972977, 41.36342100003801], [-83.60273099957756, 41.363958000249355], [-83.60175999980717, 41.36394799969456], [-83.60176900002799, 41.36321999994533], [-83.60177300022595, 41.36312400007443], [-83.60156599963841, 41.3630359996751], [-83.60138200041371, 41.36295799986517], [-83.60085000013613, 41.362723000002475], [-83.60082099982382, 41.36344599993907], [-83.60081599980096, 41.36475899971568], [-83.60078499983881, 41.36519600015686], [-83.60077899999104, 41.36648900002676], [-83.60074700020397, 41.36710499999566], [-83.60558000021292, 41.36715300004602], [-83.60549200034937, 41.37077199991756], [-83.60553800038014, 41.37308900002581], [-83.60393499987477, 41.37307500000004], [-83.60393400004985, 41.374018000297234], [-83.60393400004985, 41.374247999989485], [-83.60393900007271, 41.37430599980109], [-83.6039240000041, 41.37437399986298], [-83.60363799977382, 41.37437100010958], [-83.60315099970212, 41.374369000049256], [-83.60240800043567, 41.374364999928304], [-83.600775999618, 41.37435899974641], [-83.60068799975444, 41.370723000091424], [-83.59826699963953, 41.37069699986598], [-83.59834700000548, 41.37434400030045], [-83.59818200014904, 41.374342999932836], [-83.59807500001892, 41.374342999932836], [-83.5972070001807, 41.374338999810284], [-83.59587900003494, 41.374331999932295], [-83.59586700033935, 41.37486300028645], [-83.59494900027242, 41.374848000282604], [-83.5949750002117, 41.37578099973416], [-83.59635699988581, 41.37577800004564], [-83.59635299968787, 41.37659700020048], [-83.59633099994655, 41.38151399967944], [-83.59607800022656, 41.381514999936805], [-83.59581799993556, 41.38152299997301], [-83.59093300004808, 41.38157300000865], [-83.59093100039826, 41.381790000027635], [-83.5909280000252, 41.38231600028066], [-83.59090999958354, 41.38366699981833], [-83.59090799993372, 41.384749000247744], [-83.59090799993372, 41.38497400006417], [-83.59089600023816, 41.385204000105254], [-83.59567700036857, 41.38507299997941], [-83.59584399987483, 41.38506899984276], [-83.59586499979123, 41.38506899984276], [-83.60033899977498, 41.38498400008287], [-83.60111600027493, 41.384985999816834], [-83.60829000003282, 41.385130000046], [-83.61030799974156, 41.38516299995532], [-83.61145900033534, 41.38517800027617], [-83.61586100034907, 41.385219999943025], [-83.61624100029066, 41.38522400007038], [-83.61619600008481, 41.39038700021271], [-83.61617500016843, 41.392463999738986], [-83.61612300028989, 41.397725999929875], [-83.61611300024416, 41.39916600016653], [-83.61610800022127, 41.399611999719994], [-83.61610800022127, 41.399645999669175], [-83.61660600016364, 41.3996520002133], [-83.6166320001029, 41.399650000256585], [-83.61831099987796, 41.39966799986463], [-83.61969000007734, 41.39967499971087], [-83.62011299967664, 41.39967299975487], [-83.6201660002784, 41.39967199977684], [-83.62040800012775, 41.39966799986463], [-83.62136399982953, 41.39967699966677], [-83.62136399982953, 41.399602999908815], [-83.62136499965442, 41.398968999967884], [-83.62136600037765, 41.39844099967162], [-83.62136600037765, 41.3980769997568], [-83.62136700020257, 41.39752700006141], [-83.62136800002749, 41.39690400031271], [-83.62136899985238, 41.3964270001853], [-83.6213699996773, 41.39588799973062], [-83.62137100040053, 41.395110999943604], [-83.62137200022543, 41.3946340001357], [-83.62137300005035, 41.394061000154856], [-83.62137300005035, 41.39367100016864], [-83.62137399987526, 41.393365000158646], [-83.62137499970018, 41.392513000034285], [-83.62137499970018, 41.392470000272255], [-83.62516599979362, 41.39248599966985], [-83.62504600014303, 41.39612399976965], [-83.6299800004343, 41.396158000195754], [-83.63005599970397, 41.39456899986261], [-83.63013199987196, 41.39326199975859], [-83.63035700000286, 41.393263999911824], [-83.63282699962323, 41.39327899971153], [-83.63281699957749, 41.393843999979566], [-83.63281099972971, 41.39462500030911], [-83.63282699962323, 41.39618399967718], [-83.63222300027395, 41.396177000128844], [-83.63179700030162, 41.39617199996965], [-83.631818000218, 41.397618999663194], [-83.63183400011155, 41.39831699992961], [-83.63184800035525, 41.39896000006766], [-83.63185400020302, 41.39970099980693], [-83.63185500002794, 41.399777000080014], [-83.63230100009177, 41.39978399991451], [-83.63402900027062, 41.39980600006325], [-83.63562199983193, 41.3998270002289], [-83.63627200011027, 41.399835000033555], [-83.63622799972934, 41.3962149999784], [-83.63760399955568, 41.39626000001973], [-83.6376110001267, 41.396048999975754], [-83.63763000039327, 41.39549399975486], [-83.6376460002868, 41.39473000000542], [-83.63768300009673, 41.39310100002326], [-83.63768800011958, 41.39265200001086], [-83.64356499969385, 41.39270499983155], [-83.64397999979555, 41.39270300033499], [-83.64399499986416, 41.39270300033499], [-83.64396300007714, 41.392877000109074], [-83.6439050003508, 41.393171000132966], [-83.64379900004559, 41.39354700008713], [-83.6434760000054, 41.394382999862565], [-83.64340099966233, 41.3945679998061], [-83.64302800029174, 41.39537199986989], [-83.6428280002752, 41.39575500016488], [-83.64255799993845, 41.396270999680645], [-83.64241700037148, 41.396270000324165], [-83.64162099960495, 41.39626200008071], [-83.63933500010756, 41.396273999771616], [-83.63926399996247, 41.39986999984106], [-83.63938899963594, 41.39986999984106], [-83.63955799969034, 41.39986999984106], [-83.64047400010747, 41.3998800002639], [-83.64108599985266, 41.399887000087304], [-83.64139499964914, 41.399890999986035], [-83.64295100029885, 41.39989999975734], [-83.6434690003327, 41.39990800022679], [-83.64407900042806, 41.39991699999573], [-83.64403699969695, 41.40418599986475], [-83.63923300000033, 41.40411799998249], [-83.63918399959653, 41.406208999690634], [-83.63916299968012, 41.40709000028016], [-83.63656699966306, 41.40707299989696], [-83.6344710001365, 41.40705899977621], [-83.63437800025008, 41.41067500022189], [-83.63460800040384, 41.4106760000306], [-83.63589800001647, 41.410679999938964], [-83.63895099996802, 41.410715999776954], [-83.64494300006835, 41.41080399967122], [-83.64673200034656, 41.410830000030586], [-83.6471430002503, 41.41083600021566], [-83.64759599998682, 41.41084400001244], [-83.64870800022251, 41.41086299969432], [-83.64978500029812, 41.410876999669114], [-83.65001799992662, 41.410876999669114], [-83.65072299955824, 41.41087999975955], [-83.65072699975619, 41.41172499973414], [-83.65078899968047, 41.41172600020036], [-83.65082899986344, 41.41172600020036], [-83.65276799992948, 41.41174900014055], [-83.65276799992948, 41.412314999968956], [-83.65084800013001, 41.41229399979678], [-83.6508320002365, 41.4122920002292], [-83.65073000012923, 41.41229099977164], [-83.65073500015211, 41.41315799992683], [-83.65083700025936, 41.41315899969733], [-83.6556340002833, 41.413227999992436], [-83.66005600038851, 41.41329400023543], [-83.66005200019055, 41.41419899991664], [-83.662709000307, 41.41422300008272], [-83.66296700004986, 41.41422800020043], [-83.6632239999678, 41.41423199989009], [-83.66347300038815, 41.414237000007105], [-83.66383200041335, 41.414242999877494], [-83.66431899958674, 41.41425500029037], [-83.66474999958197, 41.41426600027388], [-83.66475600032807, 41.41355299969384], [-83.66476899984855, 41.41084300020637], [-83.66477600041955, 41.409566999934185], [-83.66478499974207, 41.408455000243116], [-83.66478200026734, 41.407985000301984], [-83.66475200013011, 41.407932999990685], [-83.66473899971132, 41.40786900006862], [-83.66474000043453, 41.40775300030191], [-83.66475600032807, 41.40540700005683], [-83.66475700015299, 41.40529400028568], [-83.66477800006939, 41.40223699993202], [-83.66478200026734, 41.4006739996824], [-83.66487799962849, 41.400678000206526], [-83.67441099957698, 41.40081099980586], [-83.67448900029311, 41.400811999766354], [-83.67443700041457, 41.40279600024097], [-83.67443400004153, 41.402892000183876], [-83.67441499977494, 41.40360800028192], [-83.67901000013252, 41.40367899977327], [-83.67900799958439, 41.40330199988787], [-83.67898400019327, 41.4029320000059], [-83.67898400019327, 41.40214999982884], [-83.67994099971995, 41.40215999990084], [-83.67991200030593, 41.40212000027739], [-83.67980199980278, 41.40196799973186], [-83.67881400031395, 41.40062900000183], [-83.678621999795, 41.400367000329354], [-83.67702099983777, 41.39818399994335], [-83.67664000007126, 41.39766400008022], [-83.67318000041392, 41.397620999682395], [-83.66955199962877, 41.39756899983716], [-83.66955500000182, 41.39711800032859], [-83.66961299972814, 41.39578700003459], [-83.66963399964455, 41.395292999700715], [-83.66482999994791, 41.395227000040194], [-83.6648359997957, 41.39477300029421], [-83.66483900016874, 41.394476999987084], [-83.66484500001654, 41.393890999774634], [-83.6655890000062, 41.39389299990856], [-83.66559599967889, 41.39334900030347], [-83.66559999987685, 41.39326700014163], [-83.66560099970175, 41.393245999878076], [-83.66495299997156, 41.393270999773854], [-83.6648500000394, 41.3932750000798], [-83.66485099986431, 41.39312399981731], [-83.66494200010091, 41.39312499989609], [-83.66563500003694, 41.39311800001829], [-83.66563800041, 41.39302299986998], [-83.66563400021204, 41.39253399986072], [-83.66563599986186, 41.39226000014801], [-83.66564199970965, 41.39183099967272], [-83.66564199970965, 41.391413000219], [-83.6648640002831, 41.39139799998878], [-83.66487799962849, 41.38923400023142], [-83.66490000026812, 41.387484000314345], [-83.66492700003229, 41.386331000071586], [-83.66493200005516, 41.386141000019386], [-83.6650249999416, 41.38614399990389], [-83.66563699968677, 41.386157000300585], [-83.66580400009136, 41.3861609996963], [-83.66581999998488, 41.3861609996963], [-83.66713399988694, 41.386187999991755], [-83.66730299994133, 41.386190999874074], [-83.66729999956829, 41.38626399988952], [-83.66729700009355, 41.386328999705], [-83.66727600017715, 41.3868310001455], [-83.6688639997156, 41.38685800016272], [-83.66888200015728, 41.38688299981919], [-83.66890100042386, 41.386909999814876], [-83.66977000008697, 41.38812199967832], [-83.67007800005857, 41.388545000145804], [-83.67011900006644, 41.388600999716225], [-83.67064200012317, 41.38933799973725], [-83.67089200036844, 41.389683999721136], [-83.67097900040706, 41.38980399991264], [-83.66971800020845, 41.389791000245154], [-83.66967600037565, 41.39168800023304], [-83.66968700024631, 41.392828000088095], [-83.67142399974767, 41.39250500000235], [-83.67159299980207, 41.39301200033327], [-83.67167599964274, 41.3932680002182], [-83.67314299970569, 41.39317699992705], [-83.67335399959288, 41.393130000289666], [-83.6735870001197, 41.39345700026023], [-83.67361300005898, 41.39349300020593], [-83.67306900008585, 41.3934820000749], [-83.67303700029879, 41.39563100001556], [-83.67394500031997, 41.395641999782924], [-83.67392900042645, 41.3952399999684], [-83.67482900005173, 41.39518900028697], [-83.67518800007693, 41.3956799999452], [-83.67522599971178, 41.39573099991534], [-83.67525400019919, 41.39576900002559], [-83.67856400006869, 41.395818999888526], [-83.67857300028952, 41.39497700008553], [-83.67858800035815, 41.39353800011005], [-83.68129999982786, 41.39354399987025], [-83.68131499989647, 41.39355299984652], [-83.68151900011097, 41.39355399991869], [-83.68900199966535, 41.39361600031929], [-83.68900400021349, 41.39327299992686], [-83.68901099988618, 41.391638999989766], [-83.68901500008414, 41.390755999963176], [-83.68902500012987, 41.38856499975722], [-83.68901099988618, 41.38653600025018], [-83.68901000006127, 41.386335000130586], [-83.68901400025922, 41.386087000052186], [-83.68901199971108, 41.38482499980552], [-83.68900199966535, 41.38338399977057], [-83.68900500003839, 41.38288899998405], [-83.68900699968823, 41.382418999824345], [-83.68901099988618, 41.381767000268056], [-83.68902599995478, 41.379045999789014], [-83.6886669999296, 41.37904199995569], [-83.68834200023959, 41.379040000038934], [-83.68834200023959, 41.37836199977632], [-83.68753499960242, 41.37835200008743], [-83.68663099977917, 41.378346999905354], [-83.68558200019098, 41.37833399996945], [-83.68421999971002, 41.37832499990861], [-83.68421499968714, 41.37675799968638], [-83.68180699999105, 41.37676800029444], [-83.6794290004322, 41.37674300011953], [-83.6793880004243, 41.373739000215004], [-83.6794100001656, 41.37339300032334], [-83.68130599967563, 41.373428000210964], [-83.68129900000294, 41.37221999974691], [-83.67946299986905, 41.37218600028431], [-83.67946100021923, 41.37160500007888], [-83.67979299958193, 41.37161000010511], [-83.67995999998654, 41.37161099984065], [-83.68252199966841, 41.37166499969409], [-83.68305999979374, 41.371676999880115], [-83.68307300021254, 41.37214500001647], [-83.6843310000381, 41.372177999773676], [-83.68431900034254, 41.371704000122094], [-83.68481999975965, 41.371714999892895], [-83.68615899977607, 41.37174400026026], [-83.68750100016553, 41.371773999673636], [-83.68921099990271, 41.371807000293195], [-83.68918900016142, 41.37230299988708], [-83.68913300008491, 41.374938999938074], [-83.68912100038935, 41.37550100012294], [-83.68907500035859, 41.37685199967925], [-83.68902599995478, 41.379045999789014], [-83.69155000000184, 41.379093999791785], [-83.69201600015717, 41.3791029997462], [-83.69204399974626, 41.37910400004065], [-83.69220799977779, 41.37910700024984], [-83.69374699981074, 41.3791320001901], [-83.69531599998093, 41.37915799974036], [-83.69748600002565, 41.379201000218096], [-83.69750399956901, 41.3790060000967], [-83.69761200042235, 41.374380000043494], [-83.69435799973103, 41.374377000290366], [-83.6943700003249, 41.374027999978395], [-83.6943700003249, 41.37386499972625], [-83.69441499963243, 41.37190699975999], [-83.6965389996464, 41.37194600004295], [-83.69684499996816, 41.37195399990799], [-83.69684800034119, 41.37140500006305], [-83.69775200016443, 41.37142399981461], [-83.69775899983713, 41.370609000270534], [-83.69772700005008, 41.36643800004155], [-83.69773500044602, 41.3636080001437]], [[-83.67379999965672, 41.36345699975762], [-83.67377299989253, 41.36439300030919], [-83.6736509996938, 41.364390999942046], [-83.67367499998325, 41.36345500003592], [-83.67379999965672, 41.36345699975762]], [[-83.6103880001075, 41.36643099998757], [-83.61038700028261, 41.36647400011457], [-83.61038300008465, 41.36663300008651], [-83.60890400032615, 41.36663099978822], [-83.60891099999884, 41.36643499992219], [-83.6103880001075, 41.36643099998757]], [[-83.67219600022474, 41.35851700013531], [-83.67179799984149, 41.35882500014966], [-83.67120199998983, 41.358327999680675], [-83.67121500040862, 41.358319000223304], [-83.67139899963331, 41.358195000155526], [-83.67162499958913, 41.35804200013246], [-83.67219600022474, 41.35851700013531]], [[-83.61036700019112, 41.36719000020106], [-83.61036100034333, 41.36742200003798], [-83.6103510002976, 41.367728000115356], [-83.6096120003308, 41.367715000079656], [-83.60961499980553, 41.36717700005791], [-83.61036700019112, 41.36719000020106]], [[-83.69154400015407, 41.36176299972474], [-83.69131099962723, 41.3617660000595], [-83.69023799974961, 41.361777000162036], [-83.69026000038922, 41.3629550002596], [-83.6893010003144, 41.362967000029535], [-83.68929299991848, 41.36185199970837], [-83.68928700007069, 41.36145500012974], [-83.68928399969765, 41.36125499992735], [-83.689280000398, 41.36092699993694], [-83.68927899967478, 41.360867999759115], [-83.6915190000397, 41.36087000023456], [-83.69154400015407, 41.36176299972474]], [[-83.67957300037223, 41.36084500001819], [-83.67956499997631, 41.36145600002132], [-83.67955300028075, 41.36198700029212], [-83.6771849998693, 41.36197200001636], [-83.67711899974708, 41.36197200001636], [-83.6771210002952, 41.36190200003214], [-83.67652600026844, 41.36190200003214], [-83.675916999998, 41.36189799981887], [-83.67538700026857, 41.361890000065834], [-83.6748199998309, 41.36188200031181], [-83.67465999999735, 41.36187700021221], [-83.67468199973865, 41.36091100019111], [-83.6746850001117, 41.36078200015839], [-83.67525900022204, 41.360790000047636], [-83.67600599968645, 41.36079099994944], [-83.67688600011856, 41.360792999753], [-83.67717900002151, 41.360792999753], [-83.67957300037223, 41.36084500001819]], [[-83.67718200039458, 41.357075999826726], [-83.67711799992216, 41.36071099966539], [-83.67531799977328, 41.36070000005687], [-83.67536399980403, 41.35921200033], [-83.67536999965182, 41.359002999939975], [-83.67537700022282, 41.35892799980736], [-83.67596399985366, 41.35893400006392], [-83.67598399994515, 41.357066000237225], [-83.67573299987497, 41.357061999726696], [-83.67573000040025, 41.35652899979441], [-83.67608500022749, 41.35652399995784], [-83.67697700035514, 41.35651300031597], [-83.67697399998211, 41.35584599967866], [-83.67703400025655, 41.35583499992221], [-83.67714800005938, 41.355814999686], [-83.67716800015086, 41.35581199975119], [-83.67718200039458, 41.357075999826726]], [[-83.6600970003964, 41.40539099979711], [-83.66006499971103, 41.40785699982357], [-83.66007300010693, 41.40869399997995], [-83.66008200032778, 41.41028299991613], [-83.66007999977965, 41.41044899994249], [-83.6600770003049, 41.41070799996441], [-83.66007300010693, 41.411105000084966], [-83.66006899990899, 41.411485999694406], [-83.65688600026107, 41.41143499996111], [-83.65694999983518, 41.40803100012808], [-83.65564799962868, 41.40810600024341], [-83.65563599993312, 41.40819699984489], [-83.65557700038188, 41.4114129997071], [-83.65354899972908, 41.41138100012056], [-83.65215100016142, 41.41136800005244], [-83.65211000015356, 41.410225999671255], [-83.65203599963539, 41.41022700016056], [-83.65082300001566, 41.410209999924454], [-83.6508189998177, 41.409901000168105], [-83.65080399974907, 41.40839500021063], [-83.65171599996823, 41.408334000277954], [-83.65179200013621, 41.40833000022514], [-83.65179700015909, 41.407179000232105], [-83.65079000040369, 41.407166999859626], [-83.6507839996576, 41.406519999907694], [-83.65218899979625, 41.4065259998171], [-83.6521920001693, 41.40585299990052], [-83.65077600015998, 41.40580599999631], [-83.65076600011425, 41.4048470000756], [-83.65180399983178, 41.40486899985789], [-83.65180899985467, 41.40432100018304], [-83.65075900044155, 41.40430100002881], [-83.65074500019784, 41.40334499989596], [-83.65073699980192, 41.401903999998716], [-83.6507279995811, 41.40134300019795], [-83.65282999985375, 41.401389000009566], [-83.65280100043977, 41.40090999986285], [-83.65497599960905, 41.40094199988984], [-83.65547299972651, 41.400949000272696], [-83.65547600009955, 41.40060900005894], [-83.66009499984825, 41.40071100030982], [-83.66009099965031, 41.40489399999964], [-83.6600970003964, 41.40539099979711]]]}, "properties": {"AREALAND": "33882696", "AREAWATER": "124317", "BASENAME": "Bowling Green", "CBSAPCI": "N", "CENTLAT": "+41.3780486", "CENTLON": "-083.6491409", "FUNCSTAT": "A", "GEOID": "3907972", "INTPTLAT": "+41.3776768", "INTPTLON": "-083.6495839", "LSADC": "25", "MTFCC": "G4110", "NAME": "Bowling Green city", "NECTAPCI": "N", "OBJECTID": 29519, "OID": "27890336755774", "PLACE": "07972", "PLACECC": "C2", "PLACENS": "01087179", "STATE": "39", "DISP_CLR": 4}}, {"type": "Feature", "id": 29810, "geometry": {"type": "MultiPolygon", "coordinates": [[[[-83.69985000023915, 41.52456800005509], [-83.69926500025812, 41.52412499979607], [-83.69916800017376, 41.52405200008477], [-83.69915899995291, 41.52174500012413], [-83.69727500013846, 41.52176400029204], [-83.69552799969304, 41.52177699976658], [-83.69541399989022, 41.52177799988126], [-83.69211999991424, 41.521811999735746], [-83.68859800033262, 41.52184199979028], [-83.68595299991175, 41.52186599982395], [-83.68451599998603, 41.52188100017676], [-83.68331500006187, 41.52190099974498], [-83.68327800025195, 41.52579799970218], [-83.6826759996542, 41.52579999980721], [-83.68209499987115, 41.5258029999647], [-83.68136500012517, 41.52580500006958], [-83.68123200005579, 41.52580600012199], [-83.68068600043284, 41.52580099985976], [-83.67960199978623, 41.52579400016441], [-83.67959699976338, 41.5258730002366], [-83.67958800044084, 41.5262799996927], [-83.67950899989981, 41.52968499973379], [-83.67846899963413, 41.52967699979357], [-83.67680199955466, 41.5296629998959], [-83.67679400005706, 41.53051900017418], [-83.67605500009026, 41.530703000187934], [-83.67583199960917, 41.53073500010764], [-83.67560599965337, 41.530744999869185], [-83.6750940003656, 41.530742999917024], [-83.67509299964237, 41.530832999721355], [-83.67509199981748, 41.5309519999653], [-83.67543300029932, 41.53095399991101], [-83.67556100034584, 41.530950999992434], [-83.67581499989075, 41.530926999966105], [-83.67606199976295, 41.53087799991279], [-83.67679200040723, 41.53069399972428], [-83.67678800020926, 41.53144900004197], [-83.67678599966113, 41.53174799970304], [-83.67636200023692, 41.53174499982128], [-83.67581400006584, 41.531740000018], [-83.67526699971965, 41.53173500021432], [-83.67509099999256, 41.53173400025354], [-83.67507500009903, 41.53173400025354], [-83.67507500009903, 41.53169499975371], [-83.67490199984667, 41.531693999792324], [-83.67490100002176, 41.53174599978189], [-83.67420800008571, 41.53173500021432], [-83.67412699989487, 41.53173300029276], [-83.67342599956291, 41.53172399997245], [-83.6734389999817, 41.531469999980075], [-83.67343800015678, 41.53122400008519], [-83.67342599956291, 41.530911999692975], [-83.673432000309, 41.53079400002324], [-83.67348300036262, 41.530616000137], [-83.67361200023406, 41.530524000071786], [-83.6739250002285, 41.53053799978319], [-83.67425199956834, 41.53054199970013], [-83.67491299971732, 41.530547000268506], [-83.67508900034272, 41.53054500031017], [-83.67510799971099, 41.53050599976599], [-83.67510600006118, 41.53015299989207], [-83.67508799961952, 41.52985000029666], [-83.67507099990108, 41.52970700023664], [-83.6750530003577, 41.52959599967114], [-83.67502999989318, 41.529449999733934], [-83.67494500040269, 41.52891400028057], [-83.67465999999735, 41.528912000271795], [-83.67412600006995, 41.528906000245065], [-83.67360999968591, 41.528905000240556], [-83.67312599998726, 41.528903000231516], [-83.67275500026649, 41.52890100022236], [-83.6723900003935, 41.52889800020858], [-83.67198699998737, 41.52890000021778], [-83.67163700018301, 41.52890200022697], [-83.67071900011605, 41.52890800025407], [-83.67012200043949, 41.52890100022236], [-83.67009899997495, 41.52890100022236], [-83.67009800015003, 41.52878300024703], [-83.670102000348, 41.528571999897075], [-83.67009899997495, 41.5283630002298], [-83.67010700037088, 41.528136000267125], [-83.67010599964765, 41.52792199976552], [-83.67010399999782, 41.527719000153326], [-83.67010300017292, 41.52765099990897], [-83.67009899997495, 41.52743499976622], [-83.67010700037088, 41.52695000020571], [-83.67010599964765, 41.52682899992478], [-83.66956800042063, 41.52682799988818], [-83.66906700010519, 41.52683400010763], [-83.66879400029373, 41.52683800025358], [-83.6685039998655, 41.5268409996904], [-83.66821000013762, 41.52684000032652], [-83.66783799969363, 41.5268429997632], [-83.66761900030885, 41.5268429997632], [-83.66723599999418, 41.52684499983598], [-83.6669339998704, 41.52684599987232], [-83.66665000018826, 41.526847999944955], [-83.66637400000374, 41.526848999981254], [-83.66609399962125, 41.52685100005385], [-83.66579499987051, 41.52685300012633], [-83.66534299995888, 41.52685500019875], [-83.66535100035482, 41.5259410003321], [-83.66538099959374, 41.522922999987465], [-83.66538700033982, 41.522262999873796], [-83.66589100012997, 41.52226100033196], [-83.67493600018186, 41.522088999823104], [-83.67490299967159, 41.521088999930846], [-83.67487900028046, 41.52014300023593], [-83.67487900028046, 41.51981399976798], [-83.67487900028046, 41.51792199971945], [-83.67488000010538, 41.516355999790605], [-83.67488000010538, 41.515142999923036], [-83.67488000010538, 41.51339700004006], [-83.67488000010538, 41.513299999824106], [-83.67487900028046, 41.51098999982617], [-83.66893300021088, 41.51120100033047], [-83.66682300044063, 41.51390899994337], [-83.6654629996095, 41.515646999811466], [-83.66546799963237, 41.51489399984302], [-83.66070499994362, 41.514865999701186], [-83.6606609995627, 41.514865999701186], [-83.66064399984425, 41.513266999779894], [-83.66064600039239, 41.51116200023486], [-83.66183300007285, 41.51115900007128], [-83.66307900020284, 41.5111840003089], [-83.66309099989842, 41.510233999963916], [-83.66314199995203, 41.508836999949885], [-83.66314199995203, 41.507583999884375], [-83.66071300033954, 41.50759100020391], [-83.66071400016446, 41.507779000141376], [-83.66071400016446, 41.507869000268904], [-83.66071300033954, 41.50805599974511], [-83.66064999969203, 41.50805500009112], [-83.66042399973622, 41.50805399976438], [-83.66042200008641, 41.50811999976916], [-83.66032099980406, 41.50811700013733], [-83.65981899966373, 41.508111000200586], [-83.65982700005964, 41.507589000208824], [-83.65920899956836, 41.50758799987484], [-83.65907899987202, 41.507585999879666], [-83.6582110000338, 41.50757399990714], [-83.65827999963078, 41.5038990002203], [-83.65828899985159, 41.50342300008161], [-83.65829200022465, 41.50327500016772], [-83.65829800007242, 41.50295699982675], [-83.65835199960078, 41.50007800024444], [-83.65464699972107, 41.50004599996614], [-83.65459099964458, 41.504433000245], [-83.65456300005548, 41.50639999991449], [-83.65569399965943, 41.50644199989749], [-83.65567500029117, 41.50753999997289], [-83.65562400023757, 41.507537999976186], [-83.65546699987873, 41.50753199998573], [-83.65517099960272, 41.5075209996655], [-83.65514399983853, 41.50822799987653], [-83.65496200026364, 41.508225999901065], [-83.65477399994268, 41.50822300027416], [-83.6548020004301, 41.50781000030407], [-83.65479499985908, 41.50751000001608], [-83.65457399992613, 41.50750499968553], [-83.65456700025344, 41.50676699967752], [-83.65396600037892, 41.506763999983], [-83.65396100035603, 41.50749099969988], [-83.65400999986151, 41.50749200003532], [-83.65401099968643, 41.508782000111225], [-83.65259100037747, 41.50874000030079], [-83.65263800023314, 41.507462000056265], [-83.6526149997686, 41.50746099972037], [-83.65249500011801, 41.507458000058016], [-83.65239700020872, 41.50745600005877], [-83.65070599983979, 41.507424000062855], [-83.64908999981394, 41.50738600004708], [-83.64899600010261, 41.50738400004566], [-83.64846399982504, 41.507376000039265], [-83.6484529999544, 41.50627300012058], [-83.64770399994187, 41.50626499997691], [-83.6476939998961, 41.50663199983241], [-83.64768899987324, 41.50720000032107], [-83.64766399975889, 41.50736400002777], [-83.64748700020688, 41.50736200002567], [-83.64737900025185, 41.50736000002347], [-83.6472930000381, 41.507358999686], [-83.64727899979441, 41.50378099972908], [-83.64730200025895, 41.50378200012189], [-83.6484749996957, 41.50379799967629], [-83.64847600041894, 41.503767000283695], [-83.64853099977219, 41.49997800024737], [-83.64837699978641, 41.49997600001707], [-83.64643400042071, 41.499958999739306], [-83.64623100003114, 41.499954000171286], [-83.64607100019757, 41.49995199994026], [-83.64605199993099, 41.50175499978583], [-83.64604699990811, 41.502315999783534], [-83.64604000023543, 41.50289199967483], [-83.64604000023543, 41.503057999664215], [-83.64603400038764, 41.50362800000357], [-83.6457149996471, 41.50362500016364], [-83.64336499967732, 41.50360100009361], [-83.64334499958584, 41.504068999854354], [-83.64167500003163, 41.50405499979846], [-83.64181800014676, 41.503347000040804], [-83.64186800037547, 41.50309600020175], [-83.64203700042987, 41.502233999980376], [-83.64187699969798, 41.502247999757245], [-83.6417789997887, 41.502247999757245], [-83.63883999963994, 41.502244999853374], [-83.63691200034286, 41.50225100033371], [-83.63625799986657, 41.502252999820946], [-83.6328669998062, 41.50226299994725], [-83.63247699981886, 41.50226399969067], [-83.63245400025265, 41.5046699996878], [-83.63245500007757, 41.50479400014916], [-83.63245199970451, 41.50539599967586], [-83.63244300038198, 41.507275000209816], [-83.63272899971395, 41.50727399987098], [-83.63394399988181, 41.507267000189906], [-83.63465899955915, 41.507263000179606], [-83.63663600015835, 41.50725700016372], [-83.6394899999183, 41.507275000209816], [-83.63992199973842, 41.5072770002146], [-83.63992400028656, 41.50719000028453], [-83.63992699976129, 41.506648000028115], [-83.64082300008691, 41.50665000005227], [-83.64099499961604, 41.506650999727995], [-83.64087099976749, 41.5072839998946], [-83.64051500011534, 41.50906399967035], [-83.6403229995964, 41.509998000330704], [-83.63998399966269, 41.51173800013727], [-83.63984200027079, 41.51246900019328], [-83.63605299982717, 41.51248700013565], [-83.63599699975066, 41.514446000155864], [-83.63599699975066, 41.51468799971734], [-83.6341129999362, 41.51474700014035], [-83.63123099968887, 41.5146699997144], [-83.63102999984743, 41.522014999721605], [-83.63025099969764, 41.522014999721605], [-83.6293519998973, 41.5220089997278], [-83.6276480000079, 41.52200600006702], [-83.6221360003066, 41.52198699997012], [-83.62175700018992, 41.52198400030827], [-83.62150500029483, 41.52198400030827], [-83.62142699957872, 41.52267699987603], [-83.62141400005824, 41.523024999710174], [-83.62139300014184, 41.52337299969045], [-83.6213630000046, 41.52372099981689], [-83.62132199999672, 41.5240909998118], [-83.62127099994309, 41.524460999708616], [-83.62121200039186, 41.52483000011243], [-83.62114299989658, 41.525197999695095], [-83.62106400025387, 41.52556499981885], [-83.62098600043606, 41.52589600006922], [-83.62090500024522, 41.52620599967634], [-83.62081700038166, 41.52651499977431], [-83.62071100007645, 41.52685999970705], [-83.62053600017428, 41.527369999980614], [-83.62042700039432, 41.52767199973491], [-83.62032399956382, 41.527949000292054], [-83.62016999957805, 41.52835000006087], [-83.6200109995694, 41.52874900002043], [-83.61999100037623, 41.528798999675004], [-83.6197500003518, 41.52931700011697], [-83.61826800022024, 41.53250800024049], [-83.61748499987253, 41.534197999939515], [-83.6163149999105, 41.536233000245176], [-83.61607999973386, 41.536679999843216], [-83.61552900008805, 41.53668099972759], [-83.6152450004059, 41.536684999937115], [-83.61511999983414, 41.53669400023958], [-83.61424699997303, 41.53669400023958], [-83.6109699997155, 41.5366739998646], [-83.61082499995052, 41.536672999980176], [-83.61053200004757, 41.53667100021124], [-83.60819399977335, 41.536648000174765], [-83.60736899959284, 41.536643000078016], [-83.60517099995901, 41.536632999883416], [-83.60505700015621, 41.536632999883416], [-83.60331200025891, 41.53663199999836], [-83.60326399968002, 41.53663199999836], [-83.60320299958066, 41.53663199999836], [-83.60040999992009, 41.536631000113296], [-83.59893100016158, 41.536633999768455], [-83.59904900016237, 41.53672099979461], [-83.59937999970016, 41.53697900020426], [-83.59950500027193, 41.53707699977223], [-83.59958499973956, 41.53713900025924], [-83.59982400011417, 41.53732500001896], [-83.59986599994696, 41.53735799989879], [-83.60004900024506, 41.537499999984156], [-83.60015300000215, 41.537581000295674], [-83.60023599984281, 41.53764599990786], [-83.60090700003754, 41.53816800022763], [-83.60185500024171, 41.53890599991334], [-83.60186399956423, 41.53891300020716], [-83.60215399999247, 41.53914000000684], [-83.60222299958944, 41.53919299990757], [-83.60253499975896, 41.53943600022828], [-83.60261299957678, 41.53949900031178], [-83.60268799991985, 41.53955500011038], [-83.60288799993639, 41.539709000146956], [-83.60296900012723, 41.53977100012799], [-83.60316199957276, 41.53991999980685], [-83.60332999980226, 41.54004899981112], [-83.60240599988755, 41.54006600031891], [-83.60235400000899, 41.54006700015088], [-83.60183099995228, 41.540063000150525], [-83.60150600026228, 41.54006099981406], [-83.60118099967394, 41.5400580003178], [-83.60085799963373, 41.54005599998118], [-83.60053299994372, 41.54005400031689], [-83.60028000022375, 41.54005299981234], [-83.60002599978053, 41.540051000147955], [-83.59977300006055, 41.54004899981112], [-83.59953399968595, 41.54004899981112], [-83.59950100007399, 41.540095000146515], [-83.5994039999896, 41.54022799979209], [-83.59927799959291, 41.54040299997068], [-83.59912199995729, 41.54061800002202], [-83.59906900025385, 41.54069000004522], [-83.59901599965208, 41.54076199998819], [-83.59886099984138, 41.540975999700485], [-83.59873100014504, 41.541154999805116], [-83.59859999972548, 41.54133899982063], [-83.59858600038008, 41.54135800028574], [-83.598074000194, 41.54206400019815], [-83.59722300007422, 41.54333199978547], [-83.59686499987394, 41.54383099975825], [-83.59686400004902, 41.54386999966395], [-83.59685999985106, 41.544229999699716], [-83.5968559996531, 41.544574000192036], [-83.59685200035346, 41.544888000087354], [-83.5968480001555, 41.545261999720175], [-83.59684499978245, 41.5455299998379], [-83.5968399997596, 41.54590599994692], [-83.59683899993466, 41.54601100030376], [-83.59683599956162, 41.546269999693074], [-83.5968349997367, 41.546314000166355], [-83.59683100043706, 41.5466499997981], [-83.59682600041418, 41.54713500023506], [-83.59682399986605, 41.54722900031889], [-83.59682399986605, 41.54725600018178], [-83.59682399986605, 41.54732199987392], [-83.59682499969097, 41.54735799986095], [-83.59682999971382, 41.547479000062644], [-83.59683599956162, 41.5476260000308], [-83.59782999979655, 41.54803499986195], [-83.59847599987692, 41.54830099983304], [-83.59855600024287, 41.54818800016606], [-83.59858399983194, 41.54814700008932], [-83.5986430002815, 41.54806299976892], [-83.5986580003501, 41.54804100013115], [-83.59901499982716, 41.54823899996288], [-83.59896999962132, 41.548302999914654], [-83.59895000042816, 41.54833099970552], [-83.59893600018447, 41.548348999756776], [-83.59885900019155, 41.54845800033361], [-83.59908599997227, 41.548551999838466], [-83.59889799965131, 41.54880500028002], [-83.5987200002744, 41.54905299992193], [-83.59857700015925, 41.54925100001577], [-83.59869299961188, 41.54929400011558], [-83.59925400020178, 41.54952400017945], [-83.59942699955583, 41.54959400032876], [-83.59982800031213, 41.54977199975241], [-83.59975299996906, 41.549874000168096], [-83.59959300013547, 41.55008399992404], [-83.60052999957068, 41.550489000312034], [-83.60025400028447, 41.55084400012576], [-83.59929699985949, 41.55047399986985], [-83.59923699958502, 41.55055300005323], [-83.5988829995827, 41.551018000146286], [-83.59791699983516, 41.55227799976499], [-83.59779999965932, 41.55243800028545], [-83.5972630002572, 41.55228100003889], [-83.59694900043785, 41.552717999907195], [-83.59670599986526, 41.5530530002379], [-83.59667699955295, 41.55309300026169], [-83.59666999988028, 41.553594999733], [-83.59665999983451, 41.55416100021394], [-83.59665999983451, 41.554175999800556], [-83.59665900000961, 41.55426799983331], [-83.59664899996388, 41.5548679997579], [-83.59664700031405, 41.55500299981369], [-83.59664599959082, 41.555073000080135], [-83.59664099956794, 41.555363999971895], [-83.59663899991811, 41.55551199975379], [-83.5966360004434, 41.55567400018947], [-83.59663499972017, 41.55574899969345], [-83.59618799983141, 41.55618999999104], [-83.59612699973204, 41.55624400028715], [-83.59612000005937, 41.55641499980677], [-83.59609300029518, 41.55643699995584], [-83.5960799998764, 41.556446999776675], [-83.5960670003559, 41.55645600001744], [-83.5960520002873, 41.55646899991485], [-83.59603600039377, 41.55647999998113], [-83.59602299997498, 41.55648999979536], [-83.59600799990636, 41.55650200010812], [-83.59599299983773, 41.55651399974642], [-83.59597899959404, 41.556524000227576], [-83.59596900044662, 41.556532000208044], [-83.595954000378, 41.55654399984078], [-83.59593799958616, 41.55655600014351], [-83.59592500006569, 41.55656599994594], [-83.59590999999708, 41.55657800024458], [-83.59589499992846, 41.556589999868834], [-83.5958840000578, 41.55659799984113], [-83.59586899998918, 41.55661000013383], [-83.5958559995704, 41.556619999927904], [-83.59583999967687, 41.556632000216524], [-83.59582499960825, 41.556643999830705], [-83.59581200008779, 41.55665400029172], [-83.59580200004203, 41.55666100000853], [-83.59579299982121, 41.556667999724624], [-83.59577799975258, 41.55668000000433], [-83.59576299968398, 41.556692000281814], [-83.59574699979045, 41.556703999884846], [-83.59573199972185, 41.55671600015787], [-83.59571900020136, 41.55672499968895], [-83.59571099980545, 41.556732000070284], [-83.59569599973683, 41.55674300009181], [-83.5956799998433, 41.55675499968537], [-83.5956649997747, 41.55676699994893], [-83.59564999970608, 41.55677900021025], [-83.59563399981253, 41.55679099979717], [-83.59561899974395, 41.55680300005405], [-83.59560399967533, 41.55681500030869], [-83.59558799978178, 41.556826999888884], [-83.59557299971317, 41.55683900013908], [-83.59555699981965, 41.556850999714804], [-83.59554199975103, 41.556862999960536], [-83.59552599985751, 41.556875000204045], [-83.59551400016196, 41.55688499995716], [-83.59550099974317, 41.55689499970869], [-83.59548599967454, 41.55690699994625], [-83.59546999978103, 41.55691900018158], [-83.59545800008544, 41.55692899992784], [-83.59544499966665, 41.55693899967256], [-83.59543200014619, 41.55694900008794], [-83.5954199995523, 41.55695899982957], [-83.59540500038202, 41.55697100005524], [-83.59538899959017, 41.55698300027869], [-83.5953769998946, 41.556993000015055], [-83.59536100000109, 41.557005000234426], [-83.5953490003055, 41.55701600020953], [-83.59533400023689, 41.5570279997524], [-83.59531900016829, 41.55703999996526], [-83.59530599974948, 41.55704999969281], [-83.59529400005391, 41.55706000009102], [-83.59527899998531, 41.55707200029795], [-83.5952639999167, 41.557083999830425], [-83.59525200022112, 41.55709400022338], [-83.59523899980233, 41.55710399994257], [-83.59522600028187, 41.55711499990077], [-83.59521600023614, 41.557122999808136], [-83.59520399964224, 41.55713300019501], [-83.59518899957361, 41.55714499971621], [-83.59517600005316, 41.55715500009972], [-83.59516400035757, 41.55716499980947], [-83.59514900028898, 41.5571769999969], [-83.59513599987018, 41.55718799994268], [-83.59512099980157, 41.55720000012584], [-83.595109000106, 41.55720999982862], [-83.59509400003738, 41.5572220000077], [-83.59508099961859, 41.557231999707085], [-83.59506300007524, 41.55724599968695], [-83.59505100037967, 41.557257000293205], [-83.59503700013597, 41.55726899979139], [-83.59502399971718, 41.55727900015571], [-83.59501200002161, 41.55729000008414], [-83.59499899960282, 41.557299999772994], [-83.59498699990726, 41.557310000132524], [-83.59497699986152, 41.557318000015705], [-83.59496500016596, 41.55732799970023], [-83.59495000009733, 41.5573399998574], [-83.59493800040177, 41.55735099977543], [-83.59492499998298, 41.557361000127074], [-83.5949130002874, 41.55737099980495], [-83.59490099969354, 41.55738100015349], [-83.59488599962492, 41.55739300030082], [-83.59487200027954, 41.55740600000976], [-83.59486100040888, 41.55741399988111], [-83.59484899981501, 41.557424000222944], [-83.5948349995713, 41.55743599969012], [-83.594820000401, 41.55744900006264], [-83.59480699998221, 41.5574589997269], [-83.59479799976137, 41.55746700026385], [-83.59478799971563, 41.55747500012759], [-83.59477600002006, 41.55748499978783], [-83.59476500014941, 41.55749300032157], [-83.59475299955552, 41.55750400021356], [-83.59474099985997, 41.55751399986932], [-83.59473099981423, 41.55752199972725], [-83.59471900011867, 41.557532000052426], [-83.59470700042309, 41.55754199970385], [-83.59469200035447, 41.55755500005503], [-83.59467999976059, 41.55756499970289], [-83.59466700024012, 41.557575000021416], [-83.59465499964625, 41.55758499966623], [-83.59463999957762, 41.55759699977568], [-83.59462799988206, 41.557607000089256], [-83.5946160001865, 41.55761799996184], [-83.59460399959261, 41.557628000272175], [-83.59459100007214, 41.55763799990874], [-83.59457900037657, 41.55764800021597], [-83.59457000015576, 41.557656000057314], [-83.59456000011, 41.55766399989767], [-83.5945469996912, 41.557674000200876], [-83.59453699964546, 41.55768300027078], [-83.5945249999499, 41.557692999898826], [-83.59451300025434, 41.557703000197556], [-83.59450099966044, 41.55771299982251], [-83.59448599959185, 41.557724999908196], [-83.59447300007136, 41.5577359997607], [-83.59446499967545, 41.55774300003253], [-83.59445100033005, 41.55775399988198], [-83.59444299993413, 41.557761000151864], [-83.59443200006348, 41.55777000020965], [-83.59442000036792, 41.55777999982425], [-83.59440500029929, 41.55779199989748], [-83.59439699990338, 41.55779900016326], [-83.59438299965969, 41.55781100023296], [-83.5943700001392, 41.55782099984126], [-83.59436099991836, 41.557829000333356], [-83.59435099987263, 41.55783700015234], [-83.59433699962894, 41.557849000215], [-83.59432400010844, 41.55786000004641], [-83.59431400006271, 41.55786799986151], [-83.59430400001696, 41.557875999675616], [-83.59429200032139, 41.55788599994603], [-83.5942780000777, 41.55789799999959], [-83.59426300000908, 41.55791000005092], [-83.59424799994046, 41.557923000328074], [-83.5942360002449, 41.557932999919004], [-83.59422100017628, 41.55794499996383], [-83.59421100013054, 41.55795299976842], [-83.59419699988683, 41.557964999809535], [-83.59418500019127, 41.55797500006616], [-83.59417199977247, 41.55798599987613], [-83.59415800042709, 41.55799799991112], [-83.5941450000083, 41.558008000162644], [-83.59413300031274, 41.558017999740414], [-83.59411900006903, 41.55802999976947], [-83.59410599965024, 41.55804000001604], [-83.59409399995467, 41.55805000026107], [-83.59407999971097, 41.558062999837865], [-83.59406700019049, 41.55807300007933], [-83.5940529999468, 41.558083999872615], [-83.5940389997031, 41.55809599988946], [-83.5940250003577, 41.55810799990403], [-83.59401000028907, 41.55811999991637], [-83.59399500022049, 41.55813199992648], [-83.59398199980168, 41.558142999709716], [-83.59396799955798, 41.55815499971556], [-83.5939559998624, 41.5581649999428], [-83.5939409997938, 41.55817699994454], [-83.59392700044842, 41.55818899994407], [-83.59391099965657, 41.55820099994138], [-83.59389899996101, 41.55821100016149], [-83.5938849997173, 41.558223000154705], [-83.59386999964869, 41.55823500014569], [-83.59385799995312, 41.558245999911406], [-83.59384399970942, 41.55825799989812], [-83.59382899964082, 41.5582699998826], [-83.59381399957219, 41.55828199986486], [-83.59379900040189, 41.55829399984489], [-83.59378699980802, 41.55830400005062], [-83.5937729995643, 41.55831600002657], [-83.59376000004384, 41.55832600022889], [-83.59374499997521, 41.55833800020075], [-83.59373300027966, 41.558348999948926], [-83.59371900003595, 41.55836099991652], [-83.59370399996733, 41.558372999881875], [-83.59368899989872, 41.55838499984502], [-83.59367399983012, 41.55839699980592], [-83.5936599995864, 41.5584089997646], [-83.59364799989085, 41.55841899995253], [-83.59363299982222, 41.558430999907124], [-83.5936179997536, 41.558442999859494], [-83.59360600005805, 41.558453000042164], [-83.59359099998943, 41.55846499999044], [-83.59357900029386, 41.55847500016971], [-83.59356400022526, 41.5584870001139], [-83.59355199963137, 41.55849700028976], [-83.59354300030886, 41.55850500002602], [-83.59353200043819, 41.558512999761284], [-83.59351399999655, 41.558527999682354], [-83.59325399970555, 41.55876900017767], [-83.59321400042089, 41.5588060000542], [-83.59255599974662, 41.5594190001762], [-83.59224799977504, 41.55970599986439], [-83.59185399958974, 41.560072000271184], [-83.59167600021283, 41.56017299970083], [-83.59164799972542, 41.560199000014244], [-83.59149000044, 41.56034599996096], [-83.59105699989664, 41.56074900021244], [-83.59102299956145, 41.560783999932205], [-83.59100800039116, 41.56080000018184], [-83.59060900018298, 41.561218999764534], [-83.59045400037226, 41.561381000010726], [-83.59020999997482, 41.56163699982073], [-83.59011000041569, 41.56174099999997], [-83.59167500038792, 41.56174799983798], [-83.59166100014423, 41.56264899983223], [-83.59165000027356, 41.563931000189534], [-83.5916319998319, 41.56500399975819], [-83.59188000042735, 41.56501200003316], [-83.59263699993748, 41.56501599983424], [-83.59333300024657, 41.565020999753266], [-83.5937369995793, 41.56502299998962], [-83.59477400037024, 41.565024000107776], [-83.5965240002904, 41.565030000144255], [-83.5970249997075, 41.565031000262245], [-83.59737700006, 41.56503199970819], [-83.59736899966408, 41.56767400007618], [-83.59902499987291, 41.56766299989899], [-83.59902499987291, 41.567560999999564], [-83.59902599969783, 41.56742299972113], [-83.59904099976644, 41.56589200004048], [-83.59904199959135, 41.56525700033024], [-83.59905300036033, 41.56503899986179], [-83.60092999960376, 41.56504600001469], [-83.60171600032454, 41.56504800025027], [-83.6018259999294, 41.565048999695904], [-83.60188399965571, 41.565048999695904], [-83.6018829998308, 41.56547500006311], [-83.60188500037894, 41.565811999679646], [-83.60166500027093, 41.56581299978559], [-83.60132399978906, 41.56581399989152], [-83.6009880002284, 41.56581399989152], [-83.60092799995394, 41.56581399989152], [-83.60092899977886, 41.5657009999223], [-83.6008049999303, 41.56569999981462], [-83.6005730001267, 41.5657009999223], [-83.60032700007942, 41.5657030001376], [-83.60009500027581, 41.56570499968072], [-83.59996899987912, 41.56570499968072], [-83.59996800005422, 41.56586900031651], [-83.59996800005422, 41.565920000277735], [-83.5999670002293, 41.56603500006897], [-83.5999660004044, 41.56619899986718], [-83.60080300028048, 41.5661919998392], [-83.60092600030413, 41.5661919998392], [-83.60092600030413, 41.56643400007773], [-83.60092600030413, 41.56700899980577], [-83.60098300020553, 41.56700899980577], [-83.60200500002955, 41.56701200006792], [-83.60234099959021, 41.567013000155285], [-83.60233499974244, 41.56757699991535], [-83.60200400020463, 41.56757699991535], [-83.60098200038061, 41.567580000151175], [-83.60092600030413, 41.56758700002872], [-83.6009249995809, 41.567688999887146], [-83.6009249995809, 41.56785100004287], [-83.60097700035774, 41.567847999819634], [-83.60200699967938, 41.56784699974519], [-83.6023330000926, 41.56784200004485], [-83.60232300004685, 41.56859500002194], [-83.60232100039704, 41.568756999922165], [-83.602826999837, 41.56875900004286], [-83.60282400036228, 41.56904100031017], [-83.60282299963906, 41.56908900029031], [-83.6028109999435, 41.56932199996706], [-83.60280900029368, 41.56947599966711], [-83.60280799957044, 41.5695530000516], [-83.60280199972267, 41.56996699979476], [-83.60280300044589, 41.570047999755595], [-83.60280199972267, 41.5702209997882], [-83.60279900024791, 41.570375000033536], [-83.60279400022506, 41.57056399971064], [-83.60278800037727, 41.57078999991433], [-83.60278500000422, 41.570917000098135], [-83.60279900024791, 41.57123999992206], [-83.60280000007283, 41.57150699984733], [-83.60409499970832, 41.57148700016048], [-83.60446100030452, 41.571799999690874], [-83.60493900015541, 41.57146099968467], [-83.60628599966944, 41.57050499978903], [-83.6105139996059, 41.56747700004049], [-83.61093100025572, 41.56717800024424], [-83.61276300019165, 41.5658470000177], [-83.61115499966341, 41.563344000242516], [-83.61155200022176, 41.56319299980835], [-83.6128500002303, 41.56270099980057], [-83.61467299994537, 41.562012000184836], [-83.61494099973397, 41.56191100026864], [-83.61580699992238, 41.56318399983363], [-83.615962999558, 41.56344799969089], [-83.61599000022049, 41.56347600031522], [-83.6157869998309, 41.56362499980848], [-83.61541500028522, 41.5639160001783], [-83.61523199998713, 41.56405299974853], [-83.61474300026559, 41.564449000189555], [-83.61424500032321, 41.56479900001858], [-83.6137940002365, 41.565117000274256], [-83.61385299978774, 41.565180000202524], [-83.61397400016155, 41.56529999986403], [-83.61504100019141, 41.56646099998426], [-83.61573699960219, 41.566036000171465], [-83.61644200013211, 41.56560500026901], [-83.61673199966202, 41.565445000081844], [-83.61703200013599, 41.565296000080544], [-83.61734500013043, 41.565156000109056], [-83.61746099958307, 41.56530599987487], [-83.61762200013987, 41.56555000029137], [-83.61798500036302, 41.566096999672794], [-83.61800100025657, 41.56611500015368], [-83.61802100034804, 41.56616900022208], [-83.61817799980855, 41.566179999981514], [-83.61900299998909, 41.5662710003028], [-83.6191179996168, 41.56634099979058], [-83.61922300009711, 41.56641899997544], [-83.61933900044806, 41.56650600025147], [-83.61983400001739, 41.56735099989719], [-83.62026599983751, 41.567362000127545], [-83.62035399970107, 41.56749299997714], [-83.62036600029496, 41.56751200014874], [-83.62038600038643, 41.56750999998944], [-83.62040099955674, 41.567505999670644], [-83.62044599976258, 41.56750300010351], [-83.62046000000629, 41.567495000136965], [-83.6204750000749, 41.56747700004049], [-83.62049199979333, 41.567449999886485], [-83.62055399971761, 41.567448999805876], [-83.62059899992344, 41.56746900007074], [-83.6206440001293, 41.567488000249405], [-83.62068900033515, 41.56751400030798], [-83.62076899980275, 41.5675329998013], [-83.62083099972705, 41.56755899984178], [-83.62088199978068, 41.56760600017268], [-83.62091799976568, 41.56762599971688], [-83.62096299997152, 41.56763900005574], [-83.62103400011662, 41.56766500005355], [-83.62107900032248, 41.56769100004086], [-83.62113200002591, 41.56771000015423], [-83.62115899979011, 41.567729999666234], [-83.62123900015604, 41.56774899976814], [-83.62127500014105, 41.56775500022362], [-83.62135399978378, 41.56776100000648], [-83.621383999921, 41.56776699978879], [-83.6214170004313, 41.567774000318174], [-83.62147900035556, 41.56778599987982], [-83.62151500034058, 41.567811999818474], [-83.62158599958737, 41.5678250001199], [-83.6217010001134, 41.567829999821555], [-83.62178099958103, 41.567843000119375], [-83.6218340001828, 41.56785599974251], [-83.62195800003137, 41.56786799996097], [-83.62201199955972, 41.567887000022296], [-83.62205599994066, 41.56790000030863], [-83.62217200029161, 41.567925000128184], [-83.62227000020088, 41.567944000172744], [-83.62237599960778, 41.56794999993805], [-83.62246500019457, 41.567962000139055], [-83.62252700011885, 41.567974999738254], [-83.62257099960146, 41.56798699993461], [-83.62263400024896, 41.56800700003292], [-83.62270500039408, 41.56801900022333], [-83.62281099980098, 41.56803099973946], [-83.62283799956515, 41.56804399999683], [-83.62289100016692, 41.56805700025163], [-83.62294499969526, 41.568069999831664], [-83.62304199977964, 41.56809500025752], [-83.62309600020632, 41.5681150003224], [-83.62313200019133, 41.568141000128605], [-83.62317599967395, 41.5681669999244], [-83.62329799987269, 41.56818499982858], [-83.62334499972836, 41.56818499982858], [-83.62337999988846, 41.56817800001583], [-83.62350399973703, 41.568176999946495], [-83.62354800011795, 41.568182999690116], [-83.62358400010297, 41.568182999690116], [-83.62369000040816, 41.568188000036166], [-83.62372499966996, 41.568188000036166], [-83.62384400039396, 41.5681800001544], [-83.62387199998304, 41.568179000085145], [-83.62389999957213, 41.56818599989779], [-83.62394499977799, 41.56819299970973], [-83.62399099980874, 41.56819299970973], [-83.62402299959577, 41.568198000055006], [-83.62406899962654, 41.56821000020994], [-83.62411100035766, 41.56821299974427], [-83.62413499974878, 41.5682149998818], [-83.62417300028193, 41.56822199969055], [-83.624241000054, 41.56823100030773], [-83.6242569999475, 41.56823700004639], [-83.62429799995539, 41.5682380001148], [-83.62434499981106, 41.5682380001148], [-83.62438699964385, 41.568233999841084], [-83.62442500017701, 41.568221000293995], [-83.624453999591, 41.56820599993449], [-83.62446600018488, 41.568198000055006], [-83.62449700014703, 41.56819299970973], [-83.62453599960676, 41.568189000105335], [-83.62457499996482, 41.56818100022369], [-83.62460299955391, 41.56817100020226], [-83.62462600001845, 41.56815100015472], [-83.6246639996533, 41.56813400031108], [-83.62468200009495, 41.56812200014198], [-83.62470600038439, 41.56811400025209], [-83.6247270003008, 41.56810699975949], [-83.6247490000421, 41.56809699972661], [-83.62476900013358, 41.56808300008118], [-83.62478199965408, 41.56806500014857], [-83.62479099987489, 41.5680589997219], [-83.62480799959333, 41.568048999681544], [-83.62482799968483, 41.56803299988263], [-83.62486200002002, 41.56801700007977], [-83.62491899992142, 41.567983000317454], [-83.62494400003578, 41.567955999702804], [-83.62497499999792, 41.56793400011463], [-83.62500799960988, 41.567908000225074], [-83.62504399959488, 41.5678849998746], [-83.62506700005942, 41.56786300026226], [-83.62508999962563, 41.56782400004511], [-83.62510999971711, 41.56780600004035], [-83.62513800020453, 41.56778399972899], [-83.6251640001438, 41.56776400023376], [-83.6251859998851, 41.56772800018579], [-83.62519799958066, 41.56770000005991], [-83.62520500015168, 41.56767299999905], [-83.62522600006808, 41.56765499995221], [-83.6252489996343, 41.567642999694186], [-83.62526700007597, 41.56762699979474], [-83.62526899972579, 41.567580000151175], [-83.62527100027393, 41.56755500019813], [-83.62527600029678, 41.56754600015888], [-83.6252910003654, 41.56753100031476], [-83.6253330001982, 41.56752299967953], [-83.62536900018321, 41.567519000033656], [-83.62538699972656, 41.56750899990977], [-83.62540699981805, 41.56748099968897], [-83.6254250002597, 41.56746000001951], [-83.62543500030546, 41.567441999913335], [-83.62547299994029, 41.56741100009208], [-83.62550700027546, 41.56737100019238], [-83.62552700036696, 41.5673450000763], [-83.62554699956013, 41.56732000003232], [-83.62560900038272, 41.56727099999871], [-83.62564899966738, 41.56724100017925], [-83.62569800007118, 41.56720000008984], [-83.62574400010193, 41.56715400022083], [-83.62578699975964, 41.567102999889485], [-83.62583199996548, 41.567047999842785], [-83.62585100023206, 41.567021000181555], [-83.62587700017133, 41.56697899986466], [-83.62589899991264, 41.56693600010402], [-83.62592200037716, 41.5669239997124], [-83.62593300024781, 41.56691899994068], [-83.62595099979117, 41.56690500003998], [-83.62597699973044, 41.56688799986849], [-83.62599699982192, 41.56687999982575], [-83.62601100006563, 41.566870000275074], [-83.62605299989842, 41.56685200000452], [-83.62608600040869, 41.56682699976977], [-83.62610399995205, 41.566811999758684], [-83.62611700037083, 41.56680100010684], [-83.62613599973909, 41.566782999817065], [-83.62616099985345, 41.566759000318996], [-83.62618000012002, 41.56674200010907], [-83.62620900043235, 41.56671599973982], [-83.6262269999757, 41.566701999795185], [-83.62625899976275, 41.56667800026707], [-83.62628300005218, 41.566659999943035], [-83.6263180002123, 41.566627000232046], [-83.62632599970989, 41.56661100008099], [-83.62633499993073, 41.566576000156765], [-83.62634300032664, 41.5665620001818], [-83.62635300037239, 41.56654499992005], [-83.62639100000723, 41.56650500015626], [-83.62642500034242, 41.56647700017246], [-83.62647200019808, 41.56644200017569], [-83.62648200024383, 41.566422000265035], [-83.62652400007661, 41.56639799996079], [-83.6265440001681, 41.566378000036465], [-83.62657500013023, 41.566361999823755], [-83.6265929996736, 41.56634199988834], [-83.62662899965859, 41.566317000128365], [-83.62666200016888, 41.56628699986594], [-83.62668499973509, 41.5662680000062], [-83.62669300013101, 41.566260999985694], [-83.6267190000703, 41.56623700029377], [-83.62674599983447, 41.56619799976721], [-83.62679000021541, 41.56614200019352], [-83.62679900043622, 41.56613199985645], [-83.6268189996294, 41.56610300028169], [-83.62685899981237, 41.56606499977629], [-83.62687200023116, 41.56604300021634], [-83.62688599957656, 41.56603199976141], [-83.62689599962229, 41.56601999987405], [-83.62691300023904, 41.56599899972972], [-83.62692999995748, 41.565974999940416], [-83.6269450000261, 41.56594400008747], [-83.62697099996535, 41.56590999990635], [-83.62698900040702, 41.56588600008404], [-83.62701199997325, 41.565858999937234], [-83.62704600030844, 41.56581800031502], [-83.62706200020196, 41.565797000105036], [-83.62707999974529, 41.56577300024075], [-83.62709800018696, 41.565750999909255], [-83.62712999997402, 41.565717999734], [-83.62716099993617, 41.565688999973425], [-83.62717199980683, 41.56567599991431], [-83.62718799970034, 41.56564999978821], [-83.62719699992117, 41.5656199998882], [-83.6272200003857, 41.56560099983231], [-83.62724399977684, 41.565591000083636], [-83.62726399986832, 41.565567000142835], [-83.62728200030998, 41.56552500022495], [-83.62728399995981, 41.56550700025181], [-83.62731200044722, 41.56545700007605], [-83.62732400014278, 41.565411999750296], [-83.62733099981547, 41.56536999973171], [-83.6273259997926, 41.56535199971539], [-83.62731400009703, 41.56531199988517], [-83.62731400009703, 41.56529700019446], [-83.62732099976974, 41.565262999672946], [-83.62735000008205, 41.56522399990266], [-83.62736500015068, 41.565208000076254], [-83.62737500019641, 41.565192000245936], [-83.62738799971689, 41.565180000202524], [-83.62742200005205, 41.56517199994835], [-83.62743299992272, 41.56516399969313], [-83.62745300001421, 41.565147999851916], [-83.62745800003707, 41.565132000006685], [-83.62747899995347, 41.565101999866165], [-83.62750400006783, 41.56506199988121], [-83.62751400011359, 41.5650200003072], [-83.62753199965692, 41.564990000114676], [-83.62754400025081, 41.5649719999925], [-83.62756000014434, 41.56492499976178], [-83.62757600003786, 41.56488400021903], [-83.627607, 41.5648359998033], [-83.62761500039592, 41.564808999889834], [-83.62761799987065, 41.564797999896946], [-83.62762799991638, 41.56477200008966], [-83.62764899983279, 41.564750000089454], [-83.62767899997002, 41.56472900020444], [-83.62770200043455, 41.56471999977158], [-83.62771900015298, 41.564714999829256], [-83.62774500009226, 41.56470100012313], [-83.62774900029022, 41.56468600029065], [-83.62775299958987, 41.564670000331006], [-83.62776000016088, 41.56463799972777], [-83.62775900033596, 41.56460099982973], [-83.6277629996356, 41.564562999785174], [-83.62775699978783, 41.56453199992685], [-83.62775299958987, 41.564503000306104], [-83.62775199976495, 41.56447600025345], [-83.62775099994003, 41.56444099984487], [-83.627755000138, 41.564422000114384], [-83.62775799961273, 41.56440299970622], [-83.62776199981069, 41.56437899999624], [-83.62776600000865, 41.56435699986222], [-83.62777100003153, 41.56431899967417], [-83.62777400040459, 41.56428700024137], [-83.6277769998793, 41.564260000098514], [-83.62779500032097, 41.56423600033547], [-83.62780399964348, 41.564213000022015], [-83.62780899966636, 41.56419300009354], [-83.62782200008515, 41.564169000305604], [-83.62783299995581, 41.56414700010004], [-83.62784700019951, 41.56413100000699], [-83.62785700024524, 41.56410899978849], [-83.62785999972, 41.564099999941405], [-83.62786899994082, 41.56408600010203], [-83.62787700033675, 41.5640729997204], [-83.6278899998572, 41.564043999893606], [-83.62790499992583, 41.56402799977504], [-83.62790900012378, 41.5640160001876], [-83.62797699989585, 41.56395500006592], [-83.6280360003454, 41.56385600009845], [-83.62812599985877, 41.56374599980732], [-83.62810400011745, 41.56371299995227], [-83.62810800031542, 41.563696999751755], [-83.62811099979015, 41.563683999963956], [-83.62812500003385, 41.563663999871736], [-83.62814699977517, 41.563648999798474], [-83.6281710000646, 41.56362899969542], [-83.6281850003083, 41.56361700003387], [-83.62820399967657, 41.5635999996694], [-83.62823700018686, 41.563563999989775], [-83.62825700027834, 41.56354700028351], [-83.62827900001965, 41.56351899968999], [-83.62829400008826, 41.563499999688396], [-83.62831300035484, 41.56347400003097], [-83.62833000007326, 41.56346199966849], [-83.62835299963949, 41.56343800028115], [-83.62838600014976, 41.563416999969775], [-83.62840700006616, 41.563394000037], [-83.6284239997846, 41.563371000096], [-83.6284460004242, 41.563352000050934], [-83.62845499974674, 41.56332799995058], [-83.62847400001331, 41.56331000003755], [-83.62848599970887, 41.563293000264416], [-83.62849900012766, 41.56327400019641], [-83.62852400024202, 41.56324799977585], [-83.62853799958742, 41.56322700007488], [-83.62856100005196, 41.56321199990017], [-83.62857699994547, 41.56320000016118], [-83.62859600021206, 41.56318799974787], [-83.62862600034929, 41.56317200008946], [-83.62864399989262, 41.563164000258766], [-83.6286630001592, 41.563150000216645], [-83.62868999992337, 41.56313799979399], [-83.62871000001488, 41.56312700018878], [-83.62873699977905, 41.5631159999096], [-83.62875799969544, 41.56310800007197], [-83.6287839996347, 41.5630969997895], [-83.62881100029719, 41.563086000177314], [-83.62883499968834, 41.56307700018769], [-83.62884899993203, 41.5630749998911], [-83.62888599974197, 41.56305800005618], [-83.6288880002901, 41.563068999673135], [-83.62888699956687, 41.56307800033597], [-83.62889300031297, 41.563086000177314], [-83.62890500000854, 41.56309100024569], [-83.62892599992495, 41.56309199972159], [-83.62893599997068, 41.563087000325446], [-83.62895100003928, 41.563083999880995], [-83.62896500028299, 41.56307700018769], [-83.62897899962837, 41.56306199997821], [-83.6289870000243, 41.563050000211376], [-83.62899500042022, 41.5630360001445], [-83.62899700007004, 41.56302499984982], [-83.62899799989495, 41.563011999926836], [-83.62900000044309, 41.56300000015071], [-83.62900700011579, 41.56298399977365], [-83.62901499961339, 41.562970999842406], [-83.62903100040523, 41.56295600028042], [-83.6290439999257, 41.56293800026377], [-83.62906200036737, 41.562930999882504], [-83.62907999991072, 41.56291600031123], [-83.62909400015442, 41.562901000064336], [-83.62911699972065, 41.56288000025059], [-83.62914799968279, 41.56286200021272], [-83.6291560000787, 41.562854999823266], [-83.62916000027666, 41.56284599980148], [-83.62916600012443, 41.56283600029858], [-83.62919299988862, 41.56281499979151], [-83.62921999965279, 41.56278799970571], [-83.62923899991937, 41.5627669998552], [-83.62926099966069, 41.5627449998445], [-83.6292759997293, 41.56273099971155], [-83.62930400021669, 41.562708000206754], [-83.62932199976005, 41.56269100027524], [-83.62934600004948, 41.5626759999761], [-83.62937100016387, 41.56266299998295], [-83.62938600023246, 41.56265500008924], [-83.62941200017174, 41.56263800014378], [-83.62943399991303, 41.562617999727806], [-83.62944800015676, 41.56260300008388], [-83.62945900002741, 41.562591999715444], [-83.62947099972297, 41.562578999705394], [-83.62948599979158, 41.56256000009956], [-83.62949900021037, 41.56254499977001], [-83.62951900030185, 41.562527000310986], [-83.62953600002031, 41.56251300013084], [-83.6295490004391, 41.56250299990426], [-83.62956899963226, 41.56248599991881], [-83.62957899967799, 41.56247699984568], [-83.62960799999033, 41.562450999776594], [-83.62962300005893, 41.56243899989629], [-83.62964899999821, 41.562415000129036], [-83.62965800021904, 41.56240700020463], [-83.62967999996035, 41.56239199983957], [-83.62970800044775, 41.562377000143236], [-83.62973000018906, 41.56236599973632], [-83.62976000032629, 41.56234499974866], [-83.6297750003949, 41.562336999815585], [-83.62980200015907, 41.56232600007408], [-83.6298530002127, 41.562297000135395], [-83.62986999993115, 41.56228100025636], [-83.62990199971819, 41.56225900008019], [-83.62991500013698, 41.56225100013647], [-83.62993000020559, 41.562243000191756], [-83.62994100007626, 41.562236999896484], [-83.62995399959672, 41.56223000011144], [-83.62997100021349, 41.5622249999765], [-83.62998499955887, 41.56221700002856], [-83.62999700015274, 41.562205000104804], [-83.63001100039645, 41.56218900020299], [-83.63001899989406, 41.56217600011182], [-83.63003700033572, 41.56216199985563], [-83.63005800025212, 41.562151000084285], [-83.63007699962037, 41.56213799998546], [-83.63010299955964, 41.562115999760614], [-83.63012299965112, 41.5621039998181], [-83.6301419999177, 41.562093000036874], [-83.63016899968187, 41.562075999943566], [-83.63019700016929, 41.56206100017388], [-83.63020800003994, 41.562045999728504], [-83.63023200032939, 41.562033999772986], [-83.63024800022292, 41.562021999815244], [-83.63027800036014, 41.561995000070276], [-83.63030799959905, 41.56197399996205], [-83.63033000023867, 41.56196099982762], [-83.63035799982777, 41.56194899985637], [-83.63038299994213, 41.56193400005715], [-83.63040600040665, 41.56191699992201], [-83.63043599964558, 41.5618929999609], [-83.63044700041455, 41.561883999805126], [-83.6304719996306, 41.56186200016591], [-83.63048099985141, 41.561854000173035], [-83.63051799966135, 41.56182500002257], [-83.63054699997365, 41.561805000027086], [-83.63057100026312, 41.56178399985711], [-83.6305789997607, 41.561774999686214], [-83.63093199993811, 41.56169699994457], [-83.63117200013764, 41.561494000141145], [-83.63119300005403, 41.56146499982913], [-83.6311980000769, 41.561451000091026], [-83.6311980000769, 41.56142400010742], [-83.63119399987895, 41.56141399971231], [-83.63118700020625, 41.561399999963164], [-83.63118499965812, 41.56139099973878], [-83.63118300000829, 41.561382000185255], [-83.6311839998332, 41.5613729999583], [-83.63118100035848, 41.561363999730105], [-83.6311760003356, 41.56134999997012], [-83.63117299996256, 41.56133500003187], [-83.63117299996256, 41.561324000119754], [-83.63117799998541, 41.561312000030206], [-83.6311839998332, 41.56130100011417], [-83.63120300009976, 41.56129199987594], [-83.63121399997043, 41.56128600016454], [-83.63122999986395, 41.56127599974808], [-83.63123900008478, 41.561268999858925], [-83.63124800030562, 41.561259000112], [-83.63126000000118, 41.561251000044535], [-83.63127300041998, 41.56124299997602], [-83.6312959999862, 41.561229999694525], [-83.63131000022989, 41.56122100011858], [-83.63132000027564, 41.56121499972841], [-83.63132899959815, 41.56120900000987], [-83.63134000036713, 41.561200999936155], [-83.63135399971252, 41.56118899982373], [-83.63136399975826, 41.56118000024207], [-83.631373999804, 41.561169999809245], [-83.63138200019992, 41.56116299990862], [-83.63139399989548, 41.56114900010509], [-83.6314089999641, 41.561135999804684], [-83.6314230002078, 41.5611239996802], [-83.63143300025355, 41.56111699977458], [-83.63144800032217, 41.561105000318726], [-83.63146599986551, 41.56109099983051], [-83.63147599991125, 41.56108399992134], [-83.63148599995698, 41.56107500032505], [-83.63150500022357, 41.56106000032297], [-83.63152299976691, 41.56104800018435], [-83.63153299981266, 41.56104100027051], [-83.63154399968332, 41.561033000175996], [-83.6315570001021, 41.56102500008055], [-83.63157299999564, 41.561016999984055], [-83.63158999971407, 41.56100700019813], [-83.63160899998064, 41.56099500004968], [-83.63162200039945, 41.56098699994947], [-83.63163099972193, 41.56098100020975], [-83.63164699961548, 41.560970000237376], [-83.63165800038446, 41.560963000315084], [-83.63166699970695, 41.560955999719916], [-83.63168099995067, 41.56094599992455], [-83.6316890003466, 41.560938999999664], [-83.63170100004214, 41.560929999711014], [-83.63171199991281, 41.560922000274935], [-83.6317250003316, 41.56091199980214], [-83.63174100022512, 41.560900000308216], [-83.63175299992069, 41.560891000014145], [-83.63176600033948, 41.56088199971881], [-83.63177899985995, 41.56087099972963], [-83.63178800008079, 41.560864999979145], [-83.63180300014939, 41.560852999804325], [-83.63181599966988, 41.56084299999302], [-83.63183199956339, 41.560829000120165], [-83.63184099978423, 41.56082099999941], [-83.6318519996549, 41.56080700012179], [-83.63186199970063, 41.56079099987384], [-83.6318669997235, 41.56078100005299], [-83.63187500011942, 41.56076799967857], [-83.63188599999008, 41.560759000038274], [-83.63189900040886, 41.56074900021244], [-83.6319089995563, 41.5607420002662], [-83.63192399962492, 41.56073100025315], [-83.63193500039387, 41.560723000120255], [-83.63194500043963, 41.56071600017121], [-83.63195499958704, 41.56070800003646], [-83.63196600035602, 41.56069700001761], [-83.63197600040175, 41.56068799969532], [-83.63198700027242, 41.56068000022928], [-83.63200300016594, 41.56067200009008], [-83.6320149998615, 41.5606650001355], [-83.63202699955707, 41.56065999987942], [-83.63203900015095, 41.560655000295114], [-83.63205300039465, 41.5606489998524], [-83.6320630004404, 41.56064400026724], [-83.63207500013596, 41.56063600012359], [-83.63208500018172, 41.5606299996791], [-83.63209699987726, 41.560622999719975], [-83.63211100012097, 41.5606150002459], [-83.63212299981654, 41.56060800028516], [-83.6321339996872, 41.56060199983812], [-83.6321489997558, 41.56059399968927], [-83.6321620001746, 41.560587999913054], [-83.6321770002432, 41.56057999976247], [-83.63218700028894, 41.56057500017198], [-83.63220200035757, 41.56056700001977], [-83.632219000076, 41.56055799967932], [-83.63222900012175, 41.56055199989978], [-83.63224199964222, 41.560546000119665], [-83.63225400023609, 41.56054099985437], [-83.63226599993168, 41.56053500007325], [-83.63227599997741, 41.560529999807095], [-83.63228600002316, 41.560524000024955], [-83.63230000026687, 41.56051599986644], [-83.63231600016039, 41.56050700019105], [-83.63232700003104, 41.56050099973464], [-83.63234299992456, 41.560490999868875], [-83.63236100036622, 41.56047999981308], [-83.63237899990958, 41.56047200032131], [-83.63239399997819, 41.560465999861606], [-83.63241300024478, 41.560460000073505], [-83.63243300033625, 41.560451999907066], [-83.63245199970451, 41.560443000222776], [-83.63246699977311, 41.560435000054234], [-83.63247799964378, 41.56042900026327], [-83.63248900041275, 41.56042299979956], [-83.63250299975813, 41.56041500030072], [-83.63251600017693, 41.56040499974952], [-83.63252700004757, 41.5603949998689], [-83.63253999956807, 41.56038399979678], [-83.63255100033703, 41.56037100001465], [-83.63255700018482, 41.560362999837196], [-83.63256999970528, 41.56035100024134], [-83.63258399994899, 41.560337000261896], [-83.63259499981964, 41.56032499998903], [-83.63260999988826, 41.56030999981286], [-83.63262800032992, 41.560292999922716], [-83.63264400022345, 41.56028300002476], [-83.63265400026918, 41.560277999739114], [-83.63266799961457, 41.560271999933576], [-83.63268000020845, 41.56026600012747], [-83.63269699992689, 41.56025699974509], [-83.63271500036856, 41.560248000033646], [-83.63273100026207, 41.56024100003315], [-83.6327470001556, 41.5602340000319], [-83.63276300004914, 41.560227000029876], [-83.63277999976758, 41.56022000002711], [-83.63279099963822, 41.560215999929156], [-83.63280400005702, 41.56021199983096], [-83.6328159997526, 41.560207000212], [-83.63282699962323, 41.560200999727684], [-83.632836999669, 41.560196000107865], [-83.6328529995625, 41.560189000101744], [-83.6328669998062, 41.5601809999018], [-83.63287600002704, 41.560175000087206], [-83.63289000027073, 41.56016599969221], [-83.63290100014139, 41.560158999682834], [-83.63291200001206, 41.56015199967269], [-83.63292200005779, 41.5601440001403], [-83.63293799995131, 41.56013100030991], [-83.63295300001994, 41.5601179998047], [-83.63296300006567, 41.56010900007391], [-83.63298200033223, 41.5600939998476], [-83.63299400002782, 41.56008399991885], [-83.63300400007356, 41.56007500018331], [-83.63301400011929, 41.56006500025162], [-83.63302699963978, 41.56005700003628], [-83.63305199975414, 41.560044000188384], [-83.63306199979988, 41.5600389998843], [-83.63307299967053, 41.56003400025195], [-83.6330840004395, 41.56002899994704], [-83.6330979997849, 41.56002400031392], [-83.6331139996784, 41.560017999812615], [-83.6331260002723, 41.56001199998293], [-83.63313600031803, 41.56000699967631], [-83.63315200021155, 41.560003000237366], [-83.63316499973205, 41.559999000125984], [-83.63317700032593, 41.5599969997341], [-83.63319300021945, 41.559995000014354], [-83.63320999993789, 41.55999399981836], [-83.6332319996792, 41.55998500007029], [-83.63324300044815, 41.55997900023754], [-83.63325500014372, 41.55997200020791], [-83.63326400036455, 41.55996500017751], [-83.63327699988504, 41.55995299983556], [-83.63329100012874, 41.559944000081785], [-83.63331200004512, 41.55993599985147], [-83.63332799993867, 41.55993100021116], [-83.63334200018235, 41.559928000292345], [-83.63336200027385, 41.559924000176316], [-83.6333809996421, 41.55992100025719], [-83.63339900008377, 41.55991799966578], [-83.63342599984796, 41.55991199982681], [-83.63343699971861, 41.559907000184594], [-83.6334509999623, 41.5599000001472], [-83.63347500025175, 41.55988799979319], [-83.63348699994731, 41.55988199995144], [-83.63350299984084, 41.559870999792], [-83.6335139997115, 41.55986600014665], [-83.63352600030537, 41.55986300022482], [-83.63353800000094, 41.55986099982874], [-83.63354999969651, 41.55985900010477], [-83.63356599959003, 41.559857999906676], [-83.63357900000882, 41.559856999708565], [-83.63359099970438, 41.55985600018262], [-83.63360999997096, 41.55985399978632], [-83.63362800041263, 41.55985300026033], [-83.6336409999331, 41.55985099986394], [-83.63366799969728, 41.55984799994141], [-83.6336829997659, 41.55984600021704], [-83.63370299985738, 41.55984099989759], [-83.63371899975091, 41.559835000051464], [-83.63373499964442, 41.559828000006235], [-83.63374899988814, 41.559822000158924], [-83.63376200030693, 41.5598169998376], [-83.63377700037555, 41.55981099998926], [-83.63378800024618, 41.55980500014036], [-83.63379900011685, 41.55979999981772], [-83.63381400018547, 41.55979200024177], [-83.63383299955372, 41.559781000067005], [-83.63384900034556, 41.559771000089825], [-83.63386299969095, 41.5597620003107], [-83.6338739995616, 41.55975500025755], [-83.63388399960735, 41.55974999993111], [-83.63390600024698, 41.55974100014905], [-83.63391899976745, 41.55973599982146], [-83.63393700020912, 41.559728000237584], [-83.63395200027773, 41.559722999909], [-83.63398800026273, 41.559715999851626], [-83.63401500002692, 41.55970999999391], [-83.63403199974536, 41.55970700006484], [-83.63404900036211, 41.559705000336116], [-83.6340700002785, 41.55970400013563], [-83.63410600026351, 41.55969899980518], [-83.63412700017992, 41.55969199974522], [-83.63413899987547, 41.559685999885275], [-83.63416099961677, 41.55967599989339], [-83.63417300021067, 41.55967100023296], [-83.63419099975401, 41.55966100023877], [-83.63419999997484, 41.55965499970375], [-83.63421599986837, 41.559641000245726], [-83.63423500013494, 41.55962899984361], [-83.63428100016569, 41.55960000003898], [-83.63431600032581, 41.559578000294394], [-83.63436700037941, 41.55953400011063], [-83.63441300041018, 41.55949400003974], [-83.63446100009077, 41.55946399997033], [-83.63455599962698, 41.55935799974803], [-83.63497999994952, 41.55919999996901], [-83.63499500001814, 41.5591989997607], [-83.6350150001096, 41.55919800022459], [-83.63503199982806, 41.55919599980792], [-83.63504900044481, 41.55919500027176], [-83.63506699998817, 41.559192000318774], [-83.6350839997066, 41.559188999693475], [-83.63510200014827, 41.55918399999537], [-83.63511499966873, 41.55918100004188], [-83.63512999973736, 41.55917599967097], [-83.63514200033123, 41.559169999763114], [-83.63515200037698, 41.559165000063544], [-83.63516499989746, 41.559159999691396], [-83.63517499994319, 41.55915499999105], [-83.63518599981384, 41.559150000290316], [-83.63520000005754, 41.559144999917], [-83.63521199975312, 41.55914000021549], [-83.63523199984459, 41.55913000013913], [-83.63524899956303, 41.55912100027073], [-83.63526100015692, 41.55911400014816], [-83.63527299985248, 41.559105999815095], [-83.63528700009618, 41.559096999943364], [-83.63530100033988, 41.55908800007037], [-83.63531200021053, 41.55908299969231], [-83.63532800010407, 41.559076000237766], [-83.63533899997472, 41.55907099985878], [-83.63535599969316, 41.55906499994118], [-83.63537199958668, 41.55905900002302], [-83.63538400018057, 41.5590549998532], [-83.63539599987614, 41.55905199989373], [-83.6354159999676, 41.55904799972348], [-83.6354279996632, 41.55904599997436], [-83.63544399955671, 41.55904599997436], [-83.63546199999837, 41.55904300001447], [-83.63547500041716, 41.55904599997436], [-83.63548999958746, 41.55904700018498], [-83.6355060003793, 41.55904700018498], [-83.63551800007487, 41.55904400022514], [-83.63553099959533, 41.55903800030502], [-83.6355409996411, 41.55903199971222], [-83.6355630002807, 41.559019999869214], [-83.63557499997628, 41.55901500015804], [-83.63558800039506, 41.55900999977428], [-83.63560099991554, 41.559005000062335], [-83.63561099996129, 41.558999999677795], [-83.63562400038008, 41.55899499996507], [-83.63563600007564, 41.55899000025197], [-83.63565500034221, 41.55898199990355], [-83.63566500038796, 41.55897700018943], [-83.63569299997704, 41.55896499966402], [-83.63570899987059, 41.558958999736575], [-83.63572599958901, 41.558952000268654], [-83.6359719996363, 41.55889400003879], [-83.63621900040683, 41.55882800006158], [-83.63665700007475, 41.55869499968887], [-83.63746200016378, 41.55847500016971], [-83.6379149999003, 41.5583339999863], [-83.63820600015346, 41.55822799992715], [-83.63822200004698, 41.558223000154705], [-83.63823600029068, 41.558218999933146], [-83.63825700020708, 41.55821400016], [-83.63827700029856, 41.55820999993789], [-83.63829999986478, 41.55820599971552], [-83.63832800035217, 41.55820099994138], [-83.63834800044367, 41.558196999718454], [-83.63836400033719, 41.55819300016749], [-83.63839500029933, 41.558185999944406], [-83.63841799986554, 41.55818100016871], [-83.63843600030721, 41.55817500016848], [-83.63845200020074, 41.55816999971973], [-83.63847499976696, 41.55816199994201], [-83.63849700040659, 41.558152999938805], [-83.63851199957689, 41.55814699993598], [-83.63853099984347, 41.55813300015129], [-83.63854699973699, 41.55812499969678], [-83.6385629996305, 41.55811599968843], [-83.63857299967626, 41.558109999682166], [-83.63859500031587, 41.55809700011478], [-83.63861000038449, 41.55809299988542], [-83.63862299990497, 41.558077999863386], [-83.6386329999507, 41.55806700006908], [-83.63863999962341, 41.55805699982668], [-83.63864800001932, 41.55804400024868], [-83.63865899988998, 41.55802600020817], [-83.6386670002859, 41.55800500015457], [-83.63867399995858, 41.55798899988508], [-83.63868200035452, 41.5579799998578], [-83.63869099967702, 41.557972000056566], [-83.63871199959343, 41.55795700000643], [-83.63872400018731, 41.55794999975779], [-83.63874199973066, 41.557943000180586], [-83.638766999845, 41.55793799971388], [-83.63877900043889, 41.55792899967949], [-83.6388010001802, 41.557917999859825], [-83.63882000044677, 41.557911999835184], [-83.63883600034029, 41.557907000038284], [-83.63886300010446, 41.55790100001263], [-83.63887599962496, 41.55789900022802], [-83.63889300024171, 41.55789600021488], [-83.63890900013523, 41.55789399975791], [-83.63892599985365, 41.55789199997308], [-83.63894599994516, 41.557887000174645], [-83.63895900036395, 41.5578819997036], [-83.63897500025747, 41.55787500011904], [-83.63899199997591, 41.55786300006121], [-83.63900799986942, 41.55785100000116], [-83.63901999956501, 41.55784199995465], [-83.63903100033397, 41.55783299990689], [-83.63905200025036, 41.55781799982451], [-83.63906499977084, 41.557813000020346], [-83.63907599964149, 41.557808999773414], [-83.6390890000603, 41.55780800021575], [-83.63917100007606, 41.55793100013538], [-83.6396949999577, 41.55764599975132], [-83.63984800011856, 41.55756299990788], [-83.6402039997707, 41.557369000003945], [-83.64053799968157, 41.55718699970324], [-83.64065400003253, 41.557353000249215], [-83.64054299970445, 41.55740499977375], [-83.64048300032829, 41.55745200009652], [-83.6404489999931, 41.55748400022521], [-83.64040799998523, 41.5575360003165], [-83.640385000419, 41.55755900031769], [-83.64031599992371, 41.55759499998166], [-83.64023100043322, 41.557607000089256], [-83.64016299976284, 41.55764800021597], [-83.64006300020371, 41.55770699977884], [-83.64000200010437, 41.55774300003253], [-83.63991099986775, 41.55781900005418], [-83.63986599966191, 41.55789799999959], [-83.63985899998923, 41.55791499984757], [-83.63985899998923, 41.557932999919004], [-83.63979000039227, 41.55798599987613], [-83.6397369997905, 41.558032000222234], [-83.63959100020061, 41.55806899984849], [-83.63952199970534, 41.55809799966797], [-83.63949900013911, 41.55812199969414], [-83.63948400007048, 41.55813900015542], [-83.6394770003978, 41.55816199994201], [-83.6394620003292, 41.558179999944635], [-83.63936199987177, 41.55820399994035], [-83.63933099990962, 41.558215999934866], [-83.639315999841, 41.55823399992246], [-83.63931199964304, 41.55825399967872], [-83.6392940000997, 41.55826800010941], [-83.6392940000997, 41.55830299982845], [-83.63930199959731, 41.558332000215096], [-83.63930999999323, 41.558348999948926], [-83.63934199978029, 41.55838400029631], [-83.63936500024481, 41.55840699999572], [-83.639427999994, 41.558441000091655], [-83.63945899995613, 41.558463999770765], [-83.6394899999183, 41.5584870001139], [-83.6396380000563, 41.55851999994895], [-83.63970800037649, 41.55856599991497], [-83.63977000030076, 41.55859999992726], [-83.6398089997605, 41.5586170002628], [-83.63988699957831, 41.558632999704614], [-83.64005599963271, 41.55863200015974], [-83.64009400016587, 41.55864299985789], [-83.64014900041744, 41.55866600013732], [-83.64018299985432, 41.55866600013732], [-83.64034400041113, 41.55874299996108], [-83.64096500037715, 41.55885499978541], [-83.64097299987475, 41.55888900031786], [-83.64101300005771, 41.55891499980352], [-83.64105599971542, 41.5589490003044], [-83.64107800035505, 41.55900600027363], [-83.64112000018784, 41.559041000265154], [-83.6411450003022, 41.55908600032249], [-83.64115600017286, 41.559111999728884], [-83.64116700004351, 41.55913000013913], [-83.64117899973907, 41.559153999782055], [-83.64122300012001, 41.55920700008227], [-83.6412299997927, 41.55921700014671], [-83.64124599968622, 41.55927500008671], [-83.64127800037159, 41.55929800014121], [-83.64130900033372, 41.55932100018754], [-83.64133199989995, 41.5593319997684], [-83.64135600018939, 41.55935499980262], [-83.64137499955766, 41.559399000108264], [-83.64138799997644, 41.559429999740395], [-83.64140399986995, 41.55945299973973], [-83.64141200026589, 41.55947599973089], [-83.6414199997635, 41.55949899971387], [-83.641435999657, 41.55953400011063], [-83.64147500001506, 41.559580000027104], [-83.64151600002296, 41.55966599989996], [-83.64152400041887, 41.559724000109185], [-83.64151600002296, 41.559748000203705], [-83.64151500019804, 41.55979100004264], [-83.64151500019804, 41.559849999665715], [-83.64153100009159, 41.559910000104374], [-83.64212799976814, 41.560372000204815], [-83.64274700008434, 41.56041400011123], [-83.6427789998714, 41.56042999978035], [-83.64283900014586, 41.560446000117686], [-83.64294000042818, 41.560461000262286], [-83.64303599978933, 41.5604710001327], [-83.64311500033038, 41.5604839998947], [-83.6431880001253, 41.560489999680556], [-83.6432719997909, 41.560496000138045], [-83.64335399980666, 41.56050700019105], [-83.64349600009689, 41.560501999922785], [-83.64364699970962, 41.560490999868875], [-83.6437649997104, 41.560469999944075], [-83.64387900041153, 41.560443000222776], [-83.64394700018359, 41.560432999675854], [-83.64400599973482, 41.56041800019693], [-83.64406299963623, 41.56040599993911], [-83.64411799988783, 41.56039600005869], [-83.64418099963702, 41.560376000293104], [-83.64426000017804, 41.56034599996096], [-83.64433600034603, 41.56031600028705], [-83.64438800022455, 41.560285999927096], [-83.64469799984595, 41.560145000333975], [-83.64472399978523, 41.560130000116025], [-83.64475999977024, 41.56010300025268], [-83.64479199955728, 41.56008200020179], [-83.64484699980886, 41.56004800029698], [-83.64493800004547, 41.56000699967631], [-83.64502199971106, 41.55994800019656], [-83.64507500031283, 41.559877999832565], [-83.6451360004122, 41.559830999929694], [-83.64521900025287, 41.55975500025755], [-83.64528000035223, 41.559708000265275], [-83.64529500042084, 41.55969599987561], [-83.64533300005567, 41.55966700010104], [-83.6453559996219, 41.55964899984037], [-83.6453709996905, 41.5596319997763], [-83.64554800014082, 41.5595610002117], [-83.64556300020945, 41.559548999794735], [-83.64566899961633, 41.55946100002984], [-83.64568500040819, 41.5594490002665], [-83.64575999985293, 41.559360999693304], [-83.6457980003861, 41.55931500029315], [-83.64584299969363, 41.55923900001418], [-83.64588600024963, 41.55916900022655], [-83.64594300015105, 41.559112999938534], [-83.64604899955793, 41.558978999940685], [-83.64607100019757, 41.55891499980352], [-83.64614700036556, 41.55885000006147], [-83.64617699960445, 41.558814999966465], [-83.64626100016835, 41.55875600007068], [-83.64629200013052, 41.55873899977171], [-83.64632999976533, 41.55869199971268], [-83.64634400000904, 41.55864500029167], [-83.64637400014625, 41.55859299974826], [-83.6464119997811, 41.558516999964645], [-83.64652599958391, 41.55842399970981], [-83.64656300029215, 41.558377000093905], [-83.64660099992697, 41.55834199974274], [-83.6467159995547, 41.55829999983407], [-83.64675400008787, 41.558253000128], [-83.64682299968483, 41.5582239997059], [-83.6468689997156, 41.55819399971916], [-83.64690700024873, 41.558142000157275], [-83.64701400037886, 41.558094000110835], [-83.6470670000823, 41.558071000300046], [-83.64709800004444, 41.55805300026705], [-83.64712099961066, 41.55802399975522], [-83.64719000010595, 41.55799999969266], [-83.6472429998094, 41.55794199995283], [-83.64730399990877, 41.557911999835184], [-83.6474110000389, 41.55785899981737], [-83.64746399974234, 41.55781199979058], [-83.6475249998417, 41.557764999729564], [-83.64763199997184, 41.557712000263415], [-83.64765500043636, 41.55769400013043], [-83.64775400017058, 41.55759499998166], [-83.64780299967606, 41.55759099972123], [-83.64792300022498, 41.557558000083986], [-83.6479609998598, 41.55755200002593], [-83.64800699989055, 41.5575229999615], [-83.64813099973912, 41.557427000257995], [-83.64816599989922, 41.55734899997382], [-83.64819699986136, 41.55733699981832], [-83.6482499995648, 41.55729600016652], [-83.64828100042526, 41.5572549998165], [-83.64830300016656, 41.557231999707085], [-83.64845600032744, 41.55713199995476], [-83.6485170004268, 41.55709700027374], [-83.64854800038894, 41.55707899996948], [-83.64863200005453, 41.557038000154016], [-83.6486930001539, 41.55698500009165], [-83.64871499989522, 41.55695000033107], [-83.64877799964441, 41.55694299997335], [-83.64882500039838, 41.556908999761546], [-83.64884999961443, 41.55687899983663], [-83.64887300007895, 41.556875000204045], [-83.64891999993462, 41.55689700019658], [-83.6489669997903, 41.55690099982775], [-83.64904299995827, 41.55688300014106], [-83.64914599989044, 41.55683999971168], [-83.64921500038571, 41.55678200027523], [-83.64926700026427, 41.55672499968895], [-83.64930700044724, 41.556691000034704], [-83.64932800036364, 41.55666200025611], [-83.64932800036364, 41.55663500028833], [-83.6493400000592, 41.556629000144575], [-83.64935199975476, 41.556621999752096], [-83.64939000028791, 41.55660299973928], [-83.64944700018933, 41.556583000144336], [-83.6494670002808, 41.55657599974686], [-83.64949200039516, 41.55656299987093], [-83.64950900011358, 41.55655699972049], [-83.64952599983202, 41.55654399984078], [-83.6495380004259, 41.5565370001113], [-83.64955500014435, 41.556524000227576], [-83.64956299964194, 41.55650800026366], [-83.64956699983992, 41.55648900021735], [-83.64959299977917, 41.55647300024472], [-83.64960500037307, 41.55646599983533], [-83.64961299987067, 41.556440000036694], [-83.64964700020585, 41.55642400005199], [-83.64967700034309, 41.55640100031907], [-83.64969300023661, 41.55638799973581], [-83.64972300037384, 41.55636199990574], [-83.64973099987144, 41.556353999904225], [-83.64977400042746, 41.55631200004811], [-83.64980000036674, 41.55627000016464], [-83.6498890000552, 41.556233999762675], [-83.64992699969002, 41.556210999962154], [-83.650002999858, 41.55616200024302], [-83.6500229999495, 41.556136999905505], [-83.65003600036829, 41.55610799987839], [-83.65004399986589, 41.5560980000051], [-83.6500940000946, 41.556055999982576], [-83.65014500014823, 41.55602000013364], [-83.65018299978306, 41.55600400004497], [-83.65022499961586, 41.55593299985572], [-83.65024100040769, 41.555909999948085], [-83.65031300037771, 41.5558779997123], [-83.65033000009616, 41.55587099991071], [-83.65035900040847, 41.55583199984975], [-83.65039700004331, 41.55580299968578], [-83.65045599959454, 41.55577400018098], [-83.65046900001333, 41.55576699969589], [-83.65049400012768, 41.55572599972038], [-83.65049800032564, 41.555712999673524], [-83.65051000002121, 41.55567100007305], [-83.65050400017343, 41.55565199978068], [-83.65050699964817, 41.55561899982565], [-83.65050800037139, 41.55560399990166], [-83.65050699964817, 41.555549999743064], [-83.65053099993762, 41.55550499991255], [-83.65057799979328, 41.5554880001029], [-83.65059100021207, 41.55547500000817], [-83.65063200021994, 41.55543300025304], [-83.65069199959608, 41.5553980003242], [-83.65074699984768, 41.55537500022623], [-83.65077600015998, 41.55536500023954], [-83.65078899968047, 41.5553550002513], [-83.65086499984845, 41.55534500026152], [-83.65094199984134, 41.55531200014974], [-83.65098399967412, 41.55528000029009], [-83.65100499959053, 41.55525400001436], [-83.65103399990285, 41.555227999728174], [-83.65109300035239, 41.55518599981254], [-83.65112199976639, 41.55516599977913], [-83.65118799988865, 41.55514099972861], [-83.65122700024669, 41.55514099972861], [-83.65125599966072, 41.55510500004223], [-83.65126400005663, 41.5550789996961], [-83.65131400028534, 41.555039999829496], [-83.65135699994303, 41.55502100002388], [-83.65137799985943, 41.55502100002388], [-83.65141600039259, 41.55499500031615], [-83.65143700030897, 41.55495300024912], [-83.65145300020252, 41.554933999745685], [-83.65146999992095, 41.554897999944075], [-83.65148599981447, 41.55488200024983], [-83.65155399958654, 41.55485599981401], [-83.65157600022616, 41.55485500021072], [-83.65161300003606, 41.55483000003991], [-83.65166400008971, 41.55481600020896], [-83.65169800042489, 41.55479999982224], [-83.65171500014333, 41.55478999974653], [-83.65181300005263, 41.55476700010445], [-83.65184200036492, 41.55475000010068], [-83.65186400010624, 41.55474399978194], [-83.65192199983257, 41.554702000224054], [-83.65196899968824, 41.554656000196786], [-83.65201999974185, 41.55464299993468], [-83.65204499985622, 41.55463999977041], [-83.65208300038935, 41.55463599999933], [-83.65211699982622, 41.55462299973324], [-83.65213799974262, 41.554613000302446], [-83.65216799987986, 41.55457099998719], [-83.65216600023004, 41.55450999968882], [-83.65219999966692, 41.554500000240495], [-83.65225200044377, 41.5545059999097], [-83.65226900016219, 41.55450900008018], [-83.65228199968269, 41.55451200025053], [-83.65234100013221, 41.55449899995946], [-83.65237499956909, 41.55447300004181], [-83.65238299996501, 41.554462999915565], [-83.65243800021659, 41.55445299978773], [-83.65247699967635, 41.55445299978773], [-83.65250599998866, 41.55443699998339], [-83.65255299984432, 41.554404000080275], [-83.65259100037747, 41.55439399994335], [-83.65260800009591, 41.554390999767534], [-83.6526420004311, 41.55438100030085], [-83.65267900024102, 41.55433600032871], [-83.65275100021105, 41.55431299985278], [-83.65281099958719, 41.554293000221485], [-83.65283999989951, 41.55427999988642], [-83.65286500001388, 41.55425399988063], [-83.6529239995651, 41.55420899982007], [-83.65296700012112, 41.55419800003954], [-83.65298800003751, 41.55418499968536], [-83.65305900018261, 41.55416699991456], [-83.65308400029697, 41.55414099986331], [-83.6531350003506, 41.554105000292225], [-83.65318100038135, 41.55408600021176], [-83.65322300021415, 41.55406900002889], [-83.65325699965103, 41.55404299993823], [-83.65332100012343, 41.55402599974405], [-83.6533539997354, 41.55402000003034], [-83.65373100020227, 41.553796999855784], [-83.65399300014309, 41.55370499982492], [-83.65402599975505, 41.55367799996635], [-83.65407599998377, 41.55364499967575], [-83.65415299997666, 41.55359799994578], [-83.65421599972585, 41.553562000072276], [-83.65425500008391, 41.55355199980509], [-83.65432200003106, 41.55351900012241], [-83.65435200016829, 41.55350600030386], [-83.65449000026054, 41.55344599997002], [-83.65458800016982, 41.553422000224224], [-83.65467500020847, 41.55340299994299], [-83.65474999965322, 41.553370000184245], [-83.6548180003236, 41.553341000260104], [-83.65485500013352, 41.553327000106655], [-83.6548819998977, 41.55331699980311], [-83.65493999962403, 41.55329699986359], [-83.65496999976125, 41.55330099971753], [-83.655015999792, 41.55330599987073], [-83.65515800008224, 41.553497000324576], [-83.6551060002037, 41.55351399998568], [-83.6550929997849, 41.55351900012241], [-83.65507299969342, 41.55352699980256], [-83.65505099995211, 41.55353399985801], [-83.65503099986063, 41.553540000289075], [-83.65500900011932, 41.55354400012803], [-83.654987000378, 41.55354400012803], [-83.65497200030939, 41.55354400012803], [-83.65495600041586, 41.5535429998322], [-83.65493299995134, 41.5535429998322], [-83.65491799988271, 41.5535429998322], [-83.65490399963902, 41.55354600004739], [-83.6548889995704, 41.55354900026243], [-83.65487500022502, 41.553553999724194], [-83.65486099998131, 41.55355899985783], [-83.65484900028574, 41.553565999909814], [-83.65483199966899, 41.55357699979795], [-83.65482300034648, 41.55358799968416], [-83.65481499995056, 41.55359999986346], [-83.65481199957752, 41.553613000335304], [-83.65510100018082, 41.55367600005108], [-83.6551349996177, 41.55368199979671], [-83.65518200037167, 41.55369000012894], [-83.65526600003726, 41.553700999995975], [-83.65530200002227, 41.553711000240106], [-83.65532100028885, 41.55371800027563], [-83.65537099961925, 41.55373299996506], [-83.65539999993156, 41.55374500011749], [-83.65542199967287, 41.55375499968257], [-83.65544400031251, 41.55376100009312], [-83.65545799965788, 41.55376199971332], [-83.65557599965868, 41.55377500015258], [-83.65564099995599, 41.5537779996848], [-83.65570000040555, 41.55377700006484], [-83.65579800031483, 41.55377599977262], [-83.65582000005612, 41.55377399986037], [-83.65583599994967, 41.553773000240305], [-83.65589600022412, 41.55376600021074], [-83.65598900011055, 41.55375200014933], [-83.65602799957027, 41.55375200014933], [-83.65610000043863, 41.553748000323296], [-83.65618999995199, 41.553757000267645], [-83.65620699967043, 41.55375999980065], [-83.65622799958683, 41.55376300000576], [-83.65627100014284, 41.55376199971332], [-83.65630100028007, 41.55376199971332], [-83.65630799995277, 41.553796999855784], [-83.65634099956473, 41.55378999982882], [-83.65640400021223, 41.55377599977262], [-83.65639699964122, 41.55374500011749], [-83.65627299979266, 41.553157999743384], [-83.65623400033292, 41.552971000178985], [-83.656001999631, 41.55186499994398], [-83.65562199968943, 41.55005899992485], [-83.65560199959792, 41.5499759997506], [-83.65556800016105, 41.549720000137626], [-83.65564900035191, 41.5497050001893], [-83.65599499995832, 41.54962099987632], [-83.65627699999062, 41.54953799981202], [-83.65671899985651, 41.54939199984533], [-83.6570079995615, 41.54928399986042], [-83.65723799971526, 41.54919899998196], [-83.6574019997468, 41.54913700030064], [-83.65770600041873, 41.553296000236195], [-83.65772599961191, 41.55331100002355], [-83.65774900007644, 41.55332500018052], [-83.65778400023653, 41.55332599980747], [-83.65782500024442, 41.55332000002878], [-83.65790700026018, 41.55330799979745], [-83.65792599962843, 41.55333200025784], [-83.65793800022232, 41.55334899996229], [-83.65794800026806, 41.55338100010568], [-83.65796099978854, 41.55339300032341], [-83.65797300038241, 41.553399999721165], [-83.65800299962133, 41.55340600016468], [-83.6580200002381, 41.55340600016468], [-83.65806600026885, 41.55340200031723], [-83.65811099957637, 41.553404999866714], [-83.65814699956138, 41.55340699979037], [-83.65818799956928, 41.55340299994299], [-83.65820799966075, 41.55340100001921], [-83.6582250002775, 41.55339700017146], [-83.65828499965363, 41.55339000010112], [-83.65835699962366, 41.553388999802905], [-83.6583959999817, 41.55339900009536], [-83.65846799995174, 41.55341100030976], [-83.65851499980741, 41.55340100001921], [-83.65853599972381, 41.553390999727114], [-83.6585490001426, 41.553384000328386], [-83.65856599986103, 41.55336800025944], [-83.65858699977743, 41.5533619998124], [-83.65859900037131, 41.55335499973833], [-83.6586119998918, 41.553352000186486], [-83.65863799983106, 41.55334500011133], [-83.65869300008264, 41.553341000260104], [-83.65877799957313, 41.55333699973639], [-83.65880000021276, 41.553339999961146], [-83.65883799984759, 41.553352999813015], [-83.6588720001828, 41.553352000186486], [-83.65890200032001, 41.553339000334404], [-83.65897799958968, 41.55332900003272], [-83.65900400042727, 41.55332900003272], [-83.6590279998184, 41.5533239998813], [-83.65914199962121, 41.55329899979059], [-83.65915500004002, 41.553296000236195], [-83.6591890003752, 41.55328299970061], [-83.65924000042881, 41.55326599997875], [-83.65927399986569, 41.553260000194506], [-83.65928999975921, 41.55325300010938], [-83.65929499978209, 41.553242999794335], [-83.65931099967561, 41.55322999992034], [-83.65935800042959, 41.55323300015006], [-83.65939400041461, 41.55320699972312], [-83.65943899972213, 41.55316299990765], [-83.65948800012593, 41.55313399989065], [-83.65956599994374, 41.553064999844274], [-83.65969099961721, 41.552989000282786], [-83.65972999997528, 41.552938000199696], [-83.65974599986879, 41.552905000203545], [-83.65990200040272, 41.55283099972317], [-83.65991900012116, 41.55279199984467], [-83.65996699980174, 41.552758000138276], [-83.65997799967238, 41.55273299982871], [-83.66003200009906, 41.552725000050245], [-83.66008200032778, 41.552714000017176], [-83.66011999996262, 41.552680999906684], [-83.66014900027493, 41.552645999832194], [-83.66017000019133, 41.55261999984141], [-83.66027899997127, 41.55250700032885], [-83.66032599982694, 41.55244600009939], [-83.66040299981982, 41.55238699976763], [-83.66044899985059, 41.55235499980442], [-83.66048400001068, 41.55231199972385], [-83.66056600002645, 41.552237999909146], [-83.66068400002722, 41.552165999971734], [-83.6607459999515, 41.552074999954804], [-83.66080500040104, 41.55201799992328], [-83.66089699956423, 41.55194100015475], [-83.660950000166, 41.55186100000119], [-83.66102399978585, 41.55179100028979], [-83.66103499965651, 41.55175900003155], [-83.66107200036474, 41.55172600010579], [-83.6611619998781, 41.551643999708006], [-83.66118899964228, 41.551606999765035], [-83.66121499958156, 41.55156999980083], [-83.66128499990177, 41.55153699977859], [-83.6612949999475, 41.55152899985216], [-83.66136899956733, 41.55145499981334], [-83.66141200012336, 41.5513979999074], [-83.66145399995615, 41.55135699984959], [-83.66148099972034, 41.55132500004878], [-83.6615560000634, 41.55129500022113], [-83.66159799989619, 41.55126299971736], [-83.66164099955391, 41.551218000263624], [-83.66165099959966, 41.5512009999987], [-83.66175100005707, 41.55112599992351], [-83.66201800002077, 41.550940000195006], [-83.66201600037094, 41.55092800019417], [-83.66200999962486, 41.55091099985298], [-83.66200999962486, 41.550878999831404], [-83.66201499964774, 41.55084600012865], [-83.66204099958699, 41.55079299969484], [-83.66205099963273, 41.550777000329084], [-83.66207200044744, 41.55076100028714], [-83.66208300031809, 41.55073199986481], [-83.66209900021164, 41.5507239998387], [-83.66212000012803, 41.55071599981167], [-83.66217899967924, 41.55067900000982], [-83.66219000044822, 41.55067000030917], [-83.66225999987012, 41.550681999685665], [-83.66228699963428, 41.55068599970141], [-83.66234100006096, 41.55068500003363], [-83.66239100028967, 41.550681999685665], [-83.66243499977229, 41.55065099989126], [-83.66279700017054, 41.55022899999764], [-83.66280399984323, 41.5502490002141], [-83.66281100041424, 41.55026200001535], [-83.66284800022416, 41.550257999973375], [-83.66288099983613, 41.55024599984589], [-83.66292799969179, 41.55018999989394], [-83.66295399963106, 41.55017999977733], [-83.66298399976829, 41.55016800030771], [-83.66298799996625, 41.55015600016352], [-83.66298399976829, 41.55013500024201], [-83.66301899992838, 41.55007700016728], [-83.6630549999134, 41.55003799997183], [-83.6630759998298, 41.55000600019034], [-83.66312299968546, 41.54997700010163], [-83.66319399983057, 41.549922999948095], [-83.66325800030299, 41.549882999979566], [-83.66327699967125, 41.549864999683116], [-83.6633019997856, 41.54985599986919], [-83.66331900040235, 41.549823999997614], [-83.66333000027302, 41.54981100010833], [-83.66334000031875, 41.54979499982725], [-83.66336700008293, 41.549783000286105], [-83.66338299997646, 41.54976999971629], [-83.66343099965704, 41.54975800017052], [-83.66349400030454, 41.54975899985263], [-83.66357399977218, 41.54973000032539], [-83.66363300022171, 41.549673999926405], [-83.6637450003747, 41.54963500016012], [-83.66378800003241, 41.549605999904976], [-83.66385199960652, 41.549548999713295], [-83.66394299984312, 41.54953199968176], [-83.66401800018619, 41.54949800027757], [-83.66404499995036, 41.549490000098814], [-83.66407099988963, 41.549475000097075], [-83.66408799960807, 41.54946499986991], [-83.66410699987463, 41.549449000175485], [-83.66418999971532, 41.54940800022615], [-83.66425400018773, 41.54937899986913], [-83.66428599997478, 41.549354000269595], [-83.66433399965536, 41.549333000087564], [-83.66437700021139, 41.549320999788435], [-83.66439899995268, 41.54931199989872], [-83.66442499989196, 41.549307999797946], [-83.66446800044797, 41.54929499980486], [-83.66447900031862, 41.549287000273274], [-83.66450799973263, 41.54927900006836], [-83.66452199997634, 41.549274999965554], [-83.66454700009069, 41.549268999810884], [-83.66460300016719, 41.54925700017211], [-83.66465099984777, 41.54925700017211], [-83.66471000029732, 41.54924400016881], [-83.66473299986353, 41.54922599969445], [-83.66476399982567, 41.54920700019674], [-83.6647799997192, 41.54920700019674], [-83.66480200035882, 41.54921499973822], [-83.66486099991005, 41.54920199972647], [-83.6648990004432, 41.54919000007527], [-83.66492000035959, 41.549181000167366], [-83.66493600025312, 41.5491610002928], [-83.66495700016952, 41.54914899996168], [-83.66499399997944, 41.54911199993523], [-83.66502099974363, 41.54909499978883], [-83.66504199966002, 41.54908300011777], [-83.66509500026179, 41.54902600013721], [-83.66511600017819, 41.54900699990842], [-83.66514899979015, 41.54897599998318], [-83.66519099962294, 41.54895600004519], [-83.66522300030832, 41.54893499973387], [-83.66523900020182, 41.54892300003311], [-83.66527199981378, 41.5489099999626], [-83.66529699992813, 41.54889699988953], [-83.66537999976882, 41.54889699988953], [-83.66546599998256, 41.548883000118146], [-83.66551399966312, 41.5488700000396], [-83.66556300006692, 41.54886899967144], [-83.66557800013554, 41.548865000215564], [-83.6656099999226, 41.54883699998363], [-83.66564199970965, 41.54883600028726], [-83.66567400039501, 41.54882800002658], [-83.66578700037292, 41.5488309997883], [-83.66584000007637, 41.54883000009184], [-83.6659050003737, 41.54881299987124], [-83.6659470002065, 41.54878899974995], [-83.66599499988706, 41.54879200018578], [-83.66603300042021, 41.54880399991086], [-83.6660610000093, 41.54880300021398], [-83.6660819999257, 41.54880300021398], [-83.66613999965202, 41.54879400025215], [-83.6661880002309, 41.54877799971941], [-83.66621499999509, 41.54877299988822], [-83.66627899956917, 41.548748999752085], [-83.66629500036103, 41.54874399991869], [-83.6663430000416, 41.54874399991869], [-83.6663699998058, 41.54872699967548], [-83.66638099967645, 41.54872300021082], [-83.66644500014885, 41.54871400023786], [-83.66648799980656, 41.54871000010009], [-83.66652499961648, 41.548696999986745], [-83.66654100040832, 41.54868899970887], [-83.66657300019537, 41.54866899968209], [-83.66659999995954, 41.54866399984252], [-83.66668500034837, 41.54864700025057], [-83.66671200011255, 41.54863899996646], [-83.66677599968664, 41.54861800022447], [-83.66679699960305, 41.54860599979261], [-83.66683500013619, 41.54861299970865], [-83.66688299981676, 41.548609000236944], [-83.66691499960382, 41.54859199995823], [-83.66693700024345, 41.548587999812916], [-83.66699499996976, 41.54855899976035], [-83.66701099986328, 41.5485469999898], [-83.66709200005414, 41.548537999992384], [-83.66716700039721, 41.548520999695], [-83.66720900023002, 41.54850400006545], [-83.66724699986484, 41.54849200028469], [-83.66729500044373, 41.54847900012756], [-83.66735399999497, 41.54847000012064], [-83.66739599982776, 41.54844599987201], [-83.66741799956907, 41.548436999860535], [-83.66746100012509, 41.54842900022273], [-83.66751800002649, 41.548402000177404], [-83.66754999981353, 41.54839399986297], [-83.66764600007302, 41.548364000019774], [-83.66766199996654, 41.54835599970064], [-83.66772100041608, 41.54834300018847], [-83.66781299957928, 41.54834199981216], [-83.667834000394, 41.54832599983981], [-83.66788700009744, 41.54829699966972], [-83.66793499977801, 41.54829300017846], [-83.66797800033405, 41.54828800030981], [-83.6680529997788, 41.54824300012979], [-83.66818099982531, 41.54820099970944], [-83.6682510001455, 41.54818800016606], [-83.66827700008477, 41.54817200015559], [-83.66835200042784, 41.548131000068715], [-83.6684059999562, 41.548122000013386], [-83.66847499955318, 41.54810500027892], [-83.66858199968331, 41.54805900026314], [-83.66865500037655, 41.54798699970508], [-83.66866700007212, 41.547981999812755], [-83.66873599966908, 41.54797699992006], [-83.66885100019513, 41.547928999720135], [-83.66894599973138, 41.54787699996758], [-83.66898799956417, 41.54785699968961], [-83.66903699996797, 41.547846000172754], [-83.66907700015095, 41.547830999789625], [-83.66911899998374, 41.54781100016968], [-83.66916400018957, 41.54779900026034], [-83.66919000012885, 41.54777899995824], [-83.66923000031181, 41.54776200013359], [-83.66931099960435, 41.547715999873766], [-83.66937900027473, 41.54768400028757], [-83.66942899960513, 41.54761400008707], [-83.66944899969661, 41.54757499975042], [-83.66947399981096, 41.547519000174], [-83.66952999988747, 41.547476000238184], [-83.66957300044348, 41.54743899992658], [-83.66963799984251, 41.54742600022998], [-83.66972200040641, 41.54742900005675], [-83.66979400037643, 41.54744000031687], [-83.6699199998748, 41.5474109997494], [-83.6699750001264, 41.54736299980157], [-83.67004500044659, 41.5473400002061], [-83.67014699965554, 41.54731299970597], [-83.67014599983062, 41.547184999795995], [-83.67013999998284, 41.546138000110616], [-83.67013300031013, 41.544350999704314], [-83.67012699956403, 41.54396600000392], [-83.67009499977698, 41.54084199975618], [-83.67009499977698, 41.540690999867536], [-83.6701800001658, 41.540690999867536], [-83.67081299982739, 41.540683999766166], [-83.6713839995647, 41.540678999981495], [-83.6716940000844, 41.540675999841504], [-83.67182999962853, 41.54067400019639], [-83.6718339998265, 41.5407669997665], [-83.67359499961731, 41.54076800026001], [-83.6741090003515, 41.5407669997665], [-83.6748409997473, 41.54076599994535], [-83.67490000019684, 41.5407669997665], [-83.6749739998167, 41.54076800026001], [-83.67498899988531, 41.53933699968485], [-83.67501200034984, 41.53764099988826], [-83.67501800019762, 41.537275000230146], [-83.67503800028912, 41.53577699981869], [-83.67504599978673, 41.53514399991425], [-83.67506199968024, 41.5339229997674], [-83.67506400022837, 41.5336920000911], [-83.67519200027489, 41.533702000067954], [-83.6776700002912, 41.533953000258705], [-83.67923799973816, 41.53395699996449], [-83.67986299990214, 41.533995999773005], [-83.67993300022233, 41.53400100007438], [-83.67991499978068, 41.53452699989558], [-83.68022000027753, 41.53468099980077], [-83.68041199989813, 41.53513899970128], [-83.68043399963945, 41.535192000191], [-83.68072400006767, 41.535895999709126], [-83.68077099992334, 41.534630000069285], [-83.6807740002964, 41.53457100029014], [-83.6842530002203, 41.53460300031378], [-83.6842530002203, 41.535830999683064], [-83.6841960003189, 41.53697300025336], [-83.68407900014302, 41.53697599989267], [-83.68405099965564, 41.5370250000337], [-83.68405099965564, 41.53719199978253], [-83.68395399957124, 41.53719199978253], [-83.68332900030558, 41.538280999923735], [-83.68323499969594, 41.53842899981621], [-83.68283499966284, 41.53937099972558], [-83.68355400043647, 41.54001199995609], [-83.68363100042937, 41.54007999998229], [-83.6837810002172, 41.540050000315745], [-83.68476600023129, 41.53985499979063], [-83.68528599991497, 41.53974499966603], [-83.68557100032032, 41.539672000097454], [-83.68573700000168, 41.53961800007798], [-83.6859649996073, 41.53952500020031], [-83.68617100036994, 41.539424000109356], [-83.68636700018853, 41.53931300008045], [-83.68643999998346, 41.539264000328124], [-83.68654999958832, 41.539189999698685], [-83.68676499967347, 41.53902500009834], [-83.68737499976883, 41.53851000030903], [-83.68758099963316, 41.538341000211716], [-83.68768000026567, 41.53826699987097], [-83.68771299987763, 41.538242000009284], [-83.68830999955422, 41.53773500032597], [-83.68838800027034, 41.537670999999875], [-83.68839699959284, 41.537869999850074], [-83.68842799955497, 41.5387280001603], [-83.68843500012599, 41.538918999978144], [-83.68845199984445, 41.53937399992607], [-83.68845299966937, 41.53938900025405], [-83.68846400043832, 41.53970800030945], [-83.68846600008814, 41.53976499976372], [-83.6885060002711, 41.540859999875245], [-83.68850899974585, 41.54094899990467], [-83.68854399990595, 41.54091599984006], [-83.68854899992881, 41.54090300017669], [-83.6885680001954, 41.54089299996844], [-83.68860800037837, 41.5408679997771], [-83.68861699970087, 41.540862000187], [-83.68864500018829, 41.54085199997236], [-83.68869100021904, 41.54083300003096], [-83.68874100044775, 41.54078300026465], [-83.68875800016619, 41.540777999815255], [-83.6888019996488, 41.54076199998819], [-83.68883000013622, 41.54072300022516], [-83.68885799972531, 41.540689000222834], [-83.68889899973318, 41.54066399995268], [-83.68891799999976, 41.540648999920435], [-83.68893600044142, 41.54064099999144], [-83.68896599968033, 41.540626999777174], [-83.688984000122, 41.54061400005571], [-83.68899400016774, 41.540599999835585], [-83.68903600000054, 41.54057399970692], [-83.68906399958962, 41.540564999944394], [-83.68912499968899, 41.54056000015048], [-83.68914700032862, 41.54055799982939], [-83.68920199968188, 41.54053099985906], [-83.68924100003994, 41.54051899994332], [-83.68925899958329, 41.54051000017315], [-83.6893070001622, 41.540483000182725], [-83.68932499970553, 41.540480999859255], [-83.68935499984276, 41.54047600005884], [-83.68937400010935, 41.540469999759985], [-83.68942500016296, 41.54045799983293], [-83.68944600007936, 41.540446999729745], [-83.68948999956197, 41.540426000016566], [-83.68951800004939, 41.54040900027575], [-83.68952700027022, 41.54039699966499], [-83.68954900001152, 41.540379999916574], [-83.68957900014874, 41.540347000233986], [-83.68960900028598, 41.54032899997217], [-83.68965500031673, 41.54031700001891], [-83.68968299990581, 41.540305000063476], [-83.68971600041611, 41.54028000031725], [-83.68974400000519, 41.54026100020779], [-83.68975700042398, 41.54025000007109], [-83.68976599974651, 41.540233000284026], [-83.68977099976937, 41.540223999801704], [-83.68980299955642, 41.54017400023694], [-83.68981099995234, 41.540160999752025], [-83.68982900039401, 41.54014799993694], [-83.68984799976226, 41.54013199995406], [-83.68987000040188, 41.54010600030958], [-83.68981500015029, 41.54009199997948], [-83.68981900034828, 41.54007699981451], [-83.689857999808, 41.54004799997888], [-83.68987299987663, 41.54004099980791], [-83.68993700034903, 41.54003299980371], [-83.6900050001211, 41.54003800031071], [-83.69003600008324, 41.54003999997554], [-83.69010600040345, 41.54004399997731], [-83.69016300030485, 41.540050000315745], [-83.69022500022912, 41.54004300014499], [-83.69025299981823, 41.54003400030857], [-83.69029499965102, 41.5400190001302], [-83.6903080000698, 41.54001100012327], [-83.69032499978823, 41.5400039999483], [-83.69034200040498, 41.53998700009661], [-83.69039099991048, 41.539982000258], [-83.69044100013919, 41.539966000234], [-83.69045799985763, 41.539958000220565], [-83.69049700021569, 41.53994099968434], [-83.69053800022358, 41.53992299998186], [-83.69054999991913, 41.53991999980685], [-83.69078199972274, 41.53979600007103], [-83.69080400036235, 41.53979200005387], [-83.6908279997535, 41.53978999970902], [-83.69087399978424, 41.53977800032819], [-83.69090399992146, 41.53977100012799], [-83.69092400001296, 41.53976300009044], [-83.69093900008157, 41.53974399982908], [-83.69095699962492, 41.53972900025579], [-83.69096900021879, 41.539726000071774], [-83.69098199973926, 41.53972399972489], [-83.69100199983076, 41.53971999970333], [-83.69102199992224, 41.53970699979955], [-83.69102399957207, 41.53968699968391], [-83.69106299993012, 41.53967399977355], [-83.69108200019672, 41.53966700023448], [-83.69109999974006, 41.53966499988577], [-83.69112599967931, 41.53965500015843], [-83.69113700044828, 41.53963199983834], [-83.69115199961858, 41.539617000239076], [-83.69116099983941, 41.5396100000215], [-83.69121000024322, 41.53959499974473], [-83.6912439996801, 41.53957900029738], [-83.69126299994666, 41.53957799978547], [-83.69128300003815, 41.53957699994594], [-83.69129599955863, 41.53956400001347], [-83.69129599955863, 41.53954600020606], [-83.69129800010678, 41.539530999914504], [-83.6913149998252, 41.53952299984721], [-83.69132400004604, 41.53951399993842], [-83.69137599992456, 41.539506999709644], [-83.69139600001606, 41.539514999778916], [-83.69141600010754, 41.53951200025738], [-83.69143100017615, 41.539506999709644], [-83.69144899971951, 41.53950599986902], [-83.69147100035912, 41.53951099974444], [-83.69150399997109, 41.53949900031178], [-83.6915190000397, 41.53947599993621], [-83.69152900008545, 41.53946299998343], [-83.69154099978103, 41.53945700026293], [-83.6915819997889, 41.539437000069974], [-83.69159900040565, 41.539433999872415], [-83.69164899973605, 41.53941000030397], [-83.69167100037568, 41.53939400013851], [-83.69168100042141, 41.53938600005426], [-83.6916949997668, 41.53937499976873], [-83.69172599972894, 41.53937799996903], [-83.69173699959958, 41.53938500021177], [-83.6917569996911, 41.53939400013851], [-83.69177599995766, 41.53938600005426], [-83.69179799969896, 41.53936099995279], [-83.69181500031571, 41.539351000178435], [-83.69182799983619, 41.5393359998416], [-83.69182799983619, 41.53932100017372], [-83.69180600009487, 41.53931499976765], [-83.69181899961535, 41.53930099993871], [-83.69186700019424, 41.53928600026267], [-83.69189399995844, 41.53926299981135], [-83.69190400000417, 41.53924999981574], [-83.69192300027075, 41.53921200033081], [-83.69192800029361, 41.53919799980713], [-83.69194199963901, 41.53917000009552], [-83.69196000008067, 41.53916199998361], [-83.69199900043874, 41.53914000000684], [-83.69202899967763, 41.53911499981027], [-83.69204200009644, 41.539104999997875], [-83.69206999968553, 41.53910300030414], [-83.69213099978491, 41.53910000009109], [-83.69216299957193, 41.53909500018395], [-83.69217799964055, 41.53908499969607], [-83.6922300004174, 41.53905699993554], [-83.69224299993789, 41.53904200020291], [-83.69226100037956, 41.539034999923096], [-83.69228300012085, 41.539034999923096], [-83.69229599964135, 41.53903300022719], [-83.69230900006013, 41.53902000018536], [-83.69232599977856, 41.53899999985726], [-83.69235900028885, 41.5389990000088], [-83.69239400044894, 41.53899400009381], [-83.69241100016737, 41.538971000211035], [-83.69242000038821, 41.53896399992349], [-83.69243700010665, 41.53895800015675], [-83.6924699997186, 41.538954000087756], [-83.69249400000807, 41.53894000018067], [-83.6925180002975, 41.53890400021349], [-83.69252400014528, 41.538888999773015], [-83.69253300036611, 41.53887200030059], [-83.69255900030538, 41.538865000002325], [-83.69257799967363, 41.538857999703346], [-83.69260100013818, 41.53884600014954], [-83.69263299992522, 41.538829999844545], [-83.6926520001918, 41.53881500005926], [-83.69268999982663, 41.53877700031873], [-83.6927080002683, 41.538751999981834], [-83.69273900023043, 41.53872300022435], [-83.69275400029906, 41.5387079997419], [-83.6927929997588, 41.538695000307094], [-83.69281299985028, 41.53868300005069], [-83.69284100033768, 41.53865500011611], [-83.69285200020833, 41.5386419999983], [-83.69287999979744, 41.53861700028157], [-83.6929199999804, 41.53860000006529], [-83.69295199976746, 41.5385710002397], [-83.69296900038421, 41.538555999721936], [-83.69299899962313, 41.53852000021342], [-83.69302700011053, 41.538487000254136], [-83.69304200017913, 41.53847000000362], [-83.69308400001192, 41.538447999791494], [-83.69311400014917, 41.53843299991762], [-83.69313599989047, 41.53842899981621], [-83.69316699985261, 41.53841600032533], [-83.69317699989836, 41.53840300015947], [-83.69321200005845, 41.53837400024555], [-83.69326599958681, 41.538341000211716], [-83.69327499980763, 41.538327000171925], [-83.69332500003635, 41.53829699969221], [-83.69337100006712, 41.53827799967255], [-83.69339500035655, 41.53826199989939], [-83.6934270001436, 41.538222000113], [-83.6934399996641, 41.53820700018671], [-83.6934609995805, 41.53819200025699], [-83.69350499996142, 41.53817199967283], [-83.69352699970271, 41.53816300024839], [-83.69355500019013, 41.538150000031685], [-83.69360500041884, 41.53813799967415], [-83.69367800021377, 41.53811400029717], [-83.69372400024453, 41.53806799989748], [-83.69374500016092, 41.5380310002539], [-83.69377299975001, 41.53798499979523], [-83.6937869999937, 41.53793800011128], [-83.69380999955993, 41.53790899998885], [-83.69384600044326, 41.53787700025604], [-83.69385899996374, 41.5378680001182], [-83.69388499990302, 41.5378530001098], [-83.69393199975868, 41.53782499981588], [-83.69396100007098, 41.537798999916326], [-83.69401299994954, 41.53776600026157], [-83.69406099963011, 41.53774700008592], [-83.69411699970661, 41.53772500030021], [-83.69414099999605, 41.53770199996614], [-83.69417199995819, 41.537679000296265], [-83.69421499961588, 41.53766199983336], [-83.69425200032414, 41.53764599990786], [-83.69427400006543, 41.5376159997846], [-83.69431000005045, 41.53757499972821], [-83.69433000014192, 41.5375629999364], [-83.69436899960169, 41.537551000142315], [-83.69440200011195, 41.537541000088105], [-83.69443100042427, 41.537538999673636], [-83.69447900010483, 41.537529000289986], [-83.69450199967106, 41.53750500001461], [-83.69455299972469, 41.537498000240795], [-83.69458299986192, 41.53746999979318], [-83.69461800002202, 41.5374479999133], [-83.69463899993842, 41.53742600002589], [-83.69469900021288, 41.53738900001503], [-83.6947009998627, 41.537373999895586], [-83.69475100009141, 41.53736000031885], [-83.69477600020576, 41.53734899968871], [-83.69478899972626, 41.53733299968573], [-83.69480499961978, 41.53731200030622], [-83.6950399997964, 41.537211999997375], [-83.69525599970648, 41.536996000174256], [-83.69528900021676, 41.536964999869646], [-83.69532400037686, 41.53695100020438], [-83.69535299979087, 41.53693299966972], [-83.69536399966152, 41.536925999834054], [-83.69539200014891, 41.53690700008401], [-83.69540399984449, 41.53688900020953], [-83.69540800004245, 41.53687399997412], [-83.69545900009605, 41.53683900008365], [-83.69547900018756, 41.53683700031985], [-83.6954890002333, 41.53680900025849], [-83.69549099988312, 41.536794999887086], [-83.69549599990599, 41.53678600027104], [-83.69551599999747, 41.53677799986425], [-83.69552900041627, 41.53677799986425], [-83.6955739997238, 41.536764000158506], [-83.6955889997924, 41.53674700012752], [-83.69559899983815, 41.536738999715844], [-83.69561200025694, 41.536738999715844], [-83.69563200034844, 41.536721999678285], [-83.69564599969382, 41.53669500012367], [-83.69565599973956, 41.53668900014639], [-83.69566900015835, 41.536684999937115], [-83.69572000021198, 41.53667700019019], [-83.69574799980107, 41.536651999713904], [-83.69576000039494, 41.53662799978556], [-83.69579499965673, 41.536614000047344], [-83.69581200027349, 41.536596999976936], [-83.69583200036497, 41.53657200014216], [-83.69586499997695, 41.53655599994695], [-83.69587699967249, 41.53654999995682], [-83.69589400028924, 41.5365410003067], [-83.69590199978686, 41.536532999869586], [-83.69591500020564, 41.536508000010066], [-83.69593699994697, 41.536492999686246], [-83.69595399966538, 41.5364600000375], [-83.6959899996504, 41.536455999814066], [-83.69600200024429, 41.53644999981461], [-83.6960109995668, 41.53643400026165], [-83.696044999902, 41.53640899969143], [-83.69605599977265, 41.53639900013307], [-83.69607000001633, 41.53638800001193], [-83.69608199971191, 41.53635199996908], [-83.69608599990988, 41.53633100027101], [-83.69614199998637, 41.5363119996738], [-83.6961520000321, 41.536303999880744], [-83.69616899975055, 41.53625800021099], [-83.69617100029869, 41.5362260003337], [-83.69618800001712, 41.536216000074624], [-83.69623400004788, 41.53622100020433], [-83.6962509997663, 41.53621299972759], [-83.69627300040594, 41.53616899977759], [-83.69628099990355, 41.536148000020155], [-83.69632100008653, 41.536130999827265], [-83.69634399965274, 41.53612700025586], [-83.69638399983569, 41.5361090001643], [-83.69640399992718, 41.53609999978043], [-83.6964320004146, 41.536090000174305], [-83.69644599975999, 41.53608699982148], [-83.6964750000723, 41.536081999681365], [-83.69650199983647, 41.536064000249716], [-83.69652699995083, 41.53604299978576], [-83.69655200006518, 41.536023999776326], [-83.69658999970002, 41.53600299997181], [-83.69659999974579, 41.53599699993033], [-83.69661900001233, 41.53597000007307], [-83.69662700040827, 41.53595299983339], [-83.69664199957855, 41.53594300020454], [-83.69666400021818, 41.53593499969341], [-83.69670299967792, 41.53592199970125], [-83.69671299972369, 41.53591499975611], [-83.69673100016533, 41.53591999990913], [-83.69675100025684, 41.53589200012324], [-83.69676299995238, 41.535865000222095], [-83.69676799997525, 41.535849999749196], [-83.69680200031044, 41.53581099971366], [-83.69681700037907, 41.53579400010462], [-83.69681900002888, 41.53576700016262], [-83.69681900002888, 41.53574100010819], [-83.69681300018111, 41.53570800007578], [-83.6968199998538, 41.535672000326834], [-83.6968270004248, 41.53564299986079], [-83.69686199968659, 41.53561499995497], [-83.69687199973234, 41.53559699972088], [-83.69689900039484, 41.53556799989365], [-83.69692699998393, 41.535535999674984], [-83.6969670001669, 41.535514999712035], [-83.69700399997681, 41.535485999847985], [-83.69702700044134, 41.535495000317304], [-83.69705000000756, 41.53551200000492], [-83.69705800040347, 41.53552300027506], [-83.69708599999258, 41.535539999955375], [-83.69711399958167, 41.5355460000392], [-83.69714200006908, 41.53552199970041], [-83.69718399990187, 41.535485999847985], [-83.69720300016843, 41.53546399996565], [-83.69722400008484, 41.53543699988588], [-83.69725699969679, 41.535406000178874], [-83.6972709999405, 41.53538999969523], [-83.69728299963607, 41.535406000178874], [-83.69728099998625, 41.53541699979465], [-83.69727900033642, 41.53542800008095], [-83.69729799970469, 41.5354309997919], [-83.69731199994838, 41.53541499998688], [-83.6973400004358, 41.53538400026937], [-83.69735899980405, 41.53536199967988], [-83.69736800002488, 41.535341000332835], [-83.69738200026859, 41.53531899972878], [-83.69740599965971, 41.535306000285246], [-83.69741700042869, 41.53529900027344], [-83.69741700042869, 41.535286000153505], [-83.69743800034509, 41.53527399993695], [-83.69744800039082, 41.535267999827894], [-83.69745699971335, 41.53525399979531], [-83.69746400028436, 41.5352449999649], [-83.69746900030722, 41.53522900011387], [-83.69748000017788, 41.535215999979805], [-83.69749500024649, 41.535209999865366], [-83.6975179998127, 41.53520800005119], [-83.69753299988133, 41.53520299984318], [-83.69754899977484, 41.53517900004956], [-83.69755799999568, 41.535172000024005], [-83.69758899995782, 41.53515899987849], [-83.69760599967626, 41.53516099969418], [-83.69761700044523, 41.535122999824026], [-83.69762400011791, 41.535098000091956], [-83.69765500008008, 41.535088000330866], [-83.69766699977562, 41.53508300011357], [-83.69767599999646, 41.535049999745446], [-83.69770899960842, 41.535024999985154], [-83.697727999875, 41.53501600012289], [-83.69775899983713, 41.53500200003575], [-83.69777499973064, 41.53496400007219], [-83.69779599964704, 41.53494700024056], [-83.69782199958632, 41.53491700021027], [-83.69783400018021, 41.53490200018997], [-83.69784300040104, 41.53488600025409], [-83.69785000007373, 41.53486099975796], [-83.69785699974642, 41.534845999724624], [-83.69786299959422, 41.53482799994897], [-83.69786500014234, 41.53479999969035], [-83.69788600005874, 41.53475999978014], [-83.69790699997515, 41.534749000052685], [-83.6979189996707, 41.53472400017601], [-83.69793299991441, 41.53470599969401], [-83.6979539998308, 41.53469100029717], [-83.69799200036395, 41.53467600022441], [-83.69800599970934, 41.534670999975255], [-83.69803500002166, 41.53466299997924], [-83.69805599993806, 41.534661000148205], [-83.69808000022749, 41.53465599989785], [-83.69809600012104, 41.534638999985255], [-83.69812000041047, 41.53460099980844], [-83.69813100028114, 41.534574000040884], [-83.69814499962652, 41.53455399968275], [-83.69816200024327, 41.534535999825884], [-83.69818499980948, 41.53452200030731], [-83.69820400007606, 41.5344820002252], [-83.69825400030477, 41.53445199997925], [-83.69832799992462, 41.53440599966482], [-83.69838599965092, 41.53434100015871], [-83.69843500005474, 41.53433400004247], [-83.69844099990253, 41.53429200000165], [-83.69846199981892, 41.53426699994839], [-83.6985089996746, 41.53422599978634], [-83.69852600029135, 41.53422200009714], [-83.69858200036784, 41.53419999978486], [-83.69862699967535, 41.534190999807805], [-83.69866100001055, 41.53417800013762], [-83.69868899959965, 41.534152000116855], [-83.69868799977472, 41.53411400032639], [-83.69869899964539, 41.534104999664905], [-83.698749999699, 41.534100999968274], [-83.69877300016354, 41.534091999977434], [-83.6988059997755, 41.534079000287306], [-83.69883799956256, 41.53405999970099], [-83.69885199980625, 41.53403899993124], [-83.6988610000271, 41.53401800015467], [-83.69889500036228, 41.533980000285474], [-83.69892200012647, 41.533962000268886], [-83.69891700010359, 41.53394500017389], [-83.69895599956334, 41.533923999694345], [-83.69900099976917, 41.53390199995318], [-83.69903099990641, 41.53387499989384], [-83.69901800038592, 41.5324320000506], [-83.69901199963982, 41.531754000138676], [-83.69900199959409, 41.53057399969953], [-83.69899999994428, 41.53041200025444], [-83.69899099972343, 41.528468000153495], [-83.69901800038592, 41.52787600018752], [-83.69901900021084, 41.527860999879415], [-83.69904000012724, 41.52738100029036], [-83.69906199986855, 41.52690299990113], [-83.69906900043955, 41.526543000256524], [-83.69908799980782, 41.52546899973827], [-83.69917300019662, 41.52537000001045], [-83.69925500021239, 41.52527499970123], [-83.69985000023915, 41.52456800005509]], [[-83.65561199964367, 41.51204700003627], [-83.65560499997098, 41.51229300019444], [-83.65485400030862, 41.51229000008329], [-83.6549019999892, 41.5120430003213], [-83.65561199964367, 41.51204700003627]], [[-83.64642400037498, 41.507342000001046], [-83.64640500010842, 41.5077930000648], [-83.6459959998545, 41.50777799981038], [-83.64601099992309, 41.507333999989406], [-83.64609700013683, 41.50733599999243], [-83.64642400037498, 41.507342000001046]], [[-83.65568899963658, 41.509483000196305], [-83.65567799976591, 41.50980199973052], [-83.6555990001232, 41.509801000103494], [-83.65555100044263, 41.509801000103494], [-83.65535499972573, 41.50979799987684], [-83.65496300008856, 41.50979700024975], [-83.65496200026364, 41.50946800033345], [-83.65497999980701, 41.50946899996563], [-83.65568899963658, 41.509483000196305]], [[-83.65548000029752, 41.53386799972717], [-83.65548000029752, 41.53410199989246], [-83.65548000029752, 41.53415100019345], [-83.65460800026133, 41.53415399996368], [-83.65460900008623, 41.534104999664905], [-83.65461499993403, 41.53387900027691], [-83.65548000029752, 41.53386799972717]], [[-83.59950100007399, 41.54787699996758], [-83.59928199979088, 41.54811599975165], [-83.59915499956925, 41.54826699978151], [-83.59914200004877, 41.54825200016832], [-83.5990390001166, 41.54821100013212], [-83.59896299994864, 41.548181000204], [-83.59892699996362, 41.54813899974339], [-83.5987140004266, 41.54796299994946], [-83.59890100002436, 41.547715999873766], [-83.59892199994076, 41.54767799998523], [-83.59950100007399, 41.54787699996758]], [[-83.65630700012785, 41.50755399994795], [-83.65630700012785, 41.50799899993321], [-83.65629299988414, 41.50799899993321], [-83.65607699997409, 41.508000000260836], [-83.65602599992046, 41.508000000260836], [-83.65572700016972, 41.50800099991568], [-83.65573999969018, 41.5075419999695], [-83.65597499986683, 41.507551000289894], [-83.65630700012785, 41.50755399994795]], [[-83.65648500040308, 41.52225900011752], [-83.65648000038021, 41.52281500018495], [-83.65636599967908, 41.52281400008625], [-83.65634999978556, 41.52281400008625], [-83.65609600024067, 41.52281099979023], [-83.65608899966965, 41.52313199974105], [-83.6555210003054, 41.523124999756966], [-83.65552399978012, 41.522848000069], [-83.655528999803, 41.52225599979572], [-83.65634700031082, 41.52225900011752], [-83.65648500040308, 41.52225900011752]], [[-83.65794700044316, 41.5075699999158], [-83.65791499975779, 41.508941000299934], [-83.65708700010252, 41.50895100006608], [-83.65706700001104, 41.507561999932356], [-83.65751700027283, 41.50756599992418], [-83.65762299967975, 41.5075670002585], [-83.65794700044316, 41.5075699999158]], [[-83.65637599972483, 41.514838000219854], [-83.6555990001232, 41.51482000025863], [-83.65551799993234, 41.51482099980821], [-83.65551799993234, 41.515353000129245], [-83.6546130002842, 41.51535199991528], [-83.65451000035205, 41.515353000129245], [-83.65451000035205, 41.51474899991432], [-83.65456800007836, 41.51474799969101], [-83.65478499981334, 41.51474799969101], [-83.65477399994268, 41.514526000183295], [-83.65555599956717, 41.51452099972204], [-83.65555700029041, 41.51448100005394], [-83.65555899994023, 41.51430699993195], [-83.65555999976513, 41.514206999712066], [-83.6556140001918, 41.51420600015305], [-83.65567899959082, 41.51420300013055], [-83.65583699977458, 41.51420600015305], [-83.65636499985418, 41.514215999778536], [-83.65636599967908, 41.51430800016211], [-83.65637599972483, 41.514838000219854]], [[-83.65926399981996, 41.52225800001029], [-83.65925600032234, 41.52284499977449], [-83.65884700006843, 41.522850000265215], [-83.65686299979654, 41.522850000265215], [-83.65680000004735, 41.52226100033196], [-83.65732499975391, 41.522262999873796], [-83.65864299985394, 41.52225800001029], [-83.65869399990754, 41.52225800001029], [-83.65884399969539, 41.52225800001029], [-83.65926399981996, 41.52225800001029]], [[-83.6634359996799, 41.52043799981803], [-83.66342399998435, 41.52122700026341], [-83.66338100032664, 41.5222650000881], [-83.66259499960586, 41.522262999873796], [-83.6626399998117, 41.52043000007964], [-83.6634359996799, 41.52043799981803]], [[-83.65729399979178, 41.52621199995347], [-83.6572539996088, 41.52626499968716], [-83.6554939996429, 41.52855599974051], [-83.65549700001594, 41.527830999925406], [-83.65550299986373, 41.52666299968809], [-83.65550399968865, 41.526263000268976], [-83.65706199998816, 41.526218000229996], [-83.65729399979178, 41.52621199995347]], [[-83.66222999973287, 41.52226100033196], [-83.66219799994582, 41.5232549997213], [-83.66195899957123, 41.52325300021016], [-83.66191199971557, 41.52325300021016], [-83.66189099979917, 41.52325300021016], [-83.6614220001691, 41.52324899984252], [-83.66125999978739, 41.523247000331196], [-83.66105599957291, 41.52324600023923], [-83.65960100010383, 41.52323599999117], [-83.6597390001961, 41.52305900025458], [-83.66027800014635, 41.52236399985867], [-83.66035799961398, 41.52225800001029], [-83.66198799988354, 41.52226100033196], [-83.66222999973287, 41.52226100033196]], [[-83.65675700038966, 41.51659199978651], [-83.6567260004275, 41.51860799993947], [-83.65556999981087, 41.51861499973954], [-83.65557900003171, 41.517693999942395], [-83.65558099968153, 41.51715100000039], [-83.6546900002771, 41.51715100000039], [-83.65466799963747, 41.51658899987465], [-83.65554399987163, 41.5165870001575], [-83.65675700038966, 41.51659199978651]], [[-83.606056000414, 41.546397000335794], [-83.6061049999195, 41.54643800017771], [-83.60597799969787, 41.54656999982006], [-83.60570800025944, 41.546797000306434], [-83.60540699996055, 41.547067999956006], [-83.60487700023116, 41.547331000040664], [-83.60485600031474, 41.5473420003174], [-83.60444899971066, 41.54754399981079], [-83.60401699989052, 41.547614999802335], [-83.60396699966182, 41.547623000213164], [-83.60363799977382, 41.54767700027095], [-83.60360299961374, 41.54768099980031], [-83.60338800042689, 41.54770600004678], [-83.60197900009028, 41.547863999686776], [-83.60107899956668, 41.54908300011777], [-83.6010019995738, 41.54919899998196], [-83.60045199975288, 41.54897300022814], [-83.59992600022142, 41.54875999978759], [-83.5996790003492, 41.54865999970161], [-83.59948900037841, 41.54858299996703], [-83.59939599959367, 41.548544999915784], [-83.5992270004376, 41.54847299989901], [-83.59927599994309, 41.54840700003724], [-83.59930299970726, 41.548368000178954], [-83.59931500030113, 41.54835299991687], [-83.5993610003319, 41.54829500026027], [-83.59964699966385, 41.547934999999164], [-83.6001990000329, 41.54819000025111], [-83.6003120000108, 41.548238000257264], [-83.6003839999808, 41.54813899974339], [-83.60231100035129, 41.54548199983828], [-83.60299800043957, 41.544535000038614], [-83.60325199998445, 41.54418400028871], [-83.60291200022583, 41.54403300013574], [-83.60278800037727, 41.543981999710546], [-83.60254200032998, 41.54388099985722], [-83.602502000147, 41.54386500012556], [-83.60255400002555, 41.543784000288866], [-83.60285000030156, 41.54332700020549], [-83.60288999958621, 41.543343999851565], [-83.6034300002597, 41.543572000011864], [-83.60353499984168, 41.5436160003041], [-83.60363600012401, 41.54365399989062], [-83.60357099982667, 41.54374300010874], [-83.60341600001598, 41.54395799981297], [-83.60325199998445, 41.54418400028871], [-83.60334400004596, 41.544234999882235], [-83.60349100035906, 41.544349000172836], [-83.60362899955301, 41.544457000333544], [-83.60505299995825, 41.5455639999842], [-83.60511900008048, 41.54561900016314], [-83.6052610003707, 41.54573800009689], [-83.606056000414, 41.546397000335794]], [[-83.63706200013071, 41.52305900025458], [-83.63706200013071, 41.52339500032207], [-83.63677500007553, 41.52339300014269], [-83.63677099987756, 41.523438000128714], [-83.63676900022773, 41.52373899999283], [-83.63693999993195, 41.523740000077176], [-83.63693699955891, 41.52383999969162], [-83.63705999958256, 41.52384400002267], [-83.63705200008496, 41.52406399969286], [-83.63641799970014, 41.52406200020672], [-83.63639900033188, 41.52477499973914], [-83.63629999969936, 41.52477499973914], [-83.63626100023963, 41.52477499973914], [-83.63626200006453, 41.52514200024449], [-83.63612200032246, 41.52515300026051], [-83.6358870001458, 41.525152000198], [-83.63588499959768, 41.52530700028819], [-83.6358860003209, 41.525329000262225], [-83.63588399977276, 41.525483999928404], [-83.6358229996734, 41.52548299987101], [-83.63582900041949, 41.5257790000462], [-83.63583000024441, 41.52580199991223], [-83.63585000033588, 41.52616699987902], [-83.63625000036897, 41.52616799992584], [-83.6362389996, 41.52650299994822], [-83.6358799995748, 41.52650299994822], [-83.6358799995748, 41.52682899992478], [-83.63587000042737, 41.527208999940825], [-83.63587000042737, 41.52728800030277], [-83.6358650004045, 41.527542999927704], [-83.63449399970271, 41.52753599974836], [-83.63394600042994, 41.527514999878264], [-83.63352999960502, 41.52750400026382], [-83.63294899982198, 41.527501000185204], [-83.63263199962957, 41.52750000015899], [-83.63264400022345, 41.52845800003999], [-83.63111400041133, 41.528452999982704], [-83.63108599992391, 41.527485999790215], [-83.6309450003569, 41.5274839997373], [-83.63035799982777, 41.52748100033029], [-83.63024999987275, 41.52746499990385], [-83.63019200014642, 41.5274319996844], [-83.62971699977028, 41.52741399986329], [-83.62973000018906, 41.52736399981087], [-83.62974899955731, 41.52728100009582], [-83.62977399967166, 41.52721100000223], [-83.62979799996111, 41.527143999928164], [-83.62982300007546, 41.52707499971915], [-83.62984300016697, 41.527009000210604], [-83.62986200043353, 41.52693499968296], [-83.62987999997688, 41.52686499988751], [-83.62989699969533, 41.526798000127656], [-83.6299169997868, 41.52672600010763], [-83.62993600005338, 41.52665299996817], [-83.62995199994691, 41.52658499994838], [-83.62997000038857, 41.52651499977431], [-83.6299879999319, 41.52644500019698], [-83.63000600037357, 41.52637299978413], [-83.63002300009202, 41.52630099996369], [-83.63010199973472, 41.52597399996701], [-83.63035500035305, 41.52493499971694], [-83.63067900021814, 41.52360499998271], [-83.63082800018105, 41.522989999724516], [-83.63085400012032, 41.52290199996525], [-83.63090900037191, 41.52271300013121], [-83.63096000042553, 41.522510999748114], [-83.63098999966445, 41.52239100001438], [-83.6310790002512, 41.522014999721605], [-83.63113699997754, 41.522014999721605], [-83.63124300028274, 41.522014999721605], [-83.63151100007136, 41.522014999721605], [-83.63280800025497, 41.52201800005454], [-83.63318300017372, 41.52202000027641], [-83.63396700034633, 41.5220219998257], [-83.63504500024685, 41.52202799981825], [-83.6369290000613, 41.522038999691055], [-83.63706100030579, 41.522038999691055], [-83.63706100030579, 41.52210300001454], [-83.6370549995597, 41.52239499976249], [-83.63705700010783, 41.52266800031353], [-83.63705600028291, 41.52272600008764], [-83.63690200029713, 41.52272600008764], [-83.63677500007553, 41.52272600008764], [-83.63667799999114, 41.52272600008764], [-83.63668399983892, 41.52305800015969], [-83.63677500007553, 41.52305999967686], [-83.63706200013071, 41.52305900025458]]], [[[-83.63824899981115, 41.55943900023795], [-83.63824499961319, 41.559404999994854], [-83.63824200013845, 41.55937000020041], [-83.63821200000123, 41.55931500029315], [-83.63818299968891, 41.559279999777765], [-83.63817900038926, 41.55924399970804], [-83.6381400000312, 41.559208999826396], [-83.63809800019841, 41.55916699980898], [-83.63804700014478, 41.55910899977206], [-83.63800199993895, 41.55907399981737], [-83.63796599995393, 41.5590530001043], [-83.63793400016688, 41.55903199971222], [-83.63775900026471, 41.55899699971577], [-83.6375480003775, 41.55898600007788], [-83.63734599981282, 41.559005000062335], [-83.63713999994852, 41.55906300019254], [-83.63692599968826, 41.55912899992975], [-83.63682600012913, 41.55917599967097], [-83.63677099987756, 41.55923600006325], [-83.63675499998402, 41.55928900029621], [-83.636751999611, 41.559338999867364], [-83.63673999991542, 41.559399000108264], [-83.63672800021985, 41.55941799997129], [-83.63670999977819, 41.55947999987465], [-83.63674900013625, 41.5595610002117], [-83.63681199988544, 41.55960000003898], [-83.63685200006842, 41.55962199977607], [-83.63690300012205, 41.559631000246874], [-83.63696000002344, 41.55963000004525], [-83.63702100012281, 41.559655999905], [-83.63707399982626, 41.55967199976177], [-83.63718400032944, 41.55970700006484], [-83.63724299988067, 41.55971500032351], [-83.63732499989642, 41.55971999998053], [-83.63740400043747, 41.55975400005789], [-83.63742600017876, 41.55977599974251], [-83.63748899992797, 41.55978599971892], [-83.63752200043824, 41.55979100004264], [-83.63763299986802, 41.559778000141236], [-83.6377099998609, 41.5597589997119], [-83.63776900031044, 41.55974400007654], [-83.63786600039484, 41.55970199973463], [-83.63788800013612, 41.559687000086036], [-83.63791999992318, 41.559664000169974], [-83.63794400021263, 41.55962499970909], [-83.63795000006041, 41.55959199976612], [-83.63803499955091, 41.55955100020048], [-83.63806300003831, 41.55952599982956], [-83.63813300035851, 41.55951100014011], [-83.63818400041214, 41.559496999978705], [-83.63823399974254, 41.55947200025908], [-83.63824899981115, 41.55943900023795]]], [[[-83.63972599991983, 41.55900399985102], [-83.63970500000345, 41.55897400022634], [-83.63967400004131, 41.558961999700365], [-83.63964300007916, 41.55895299980859], [-83.6396110002921, 41.55896299991234], [-83.63959899969824, 41.55894599966781], [-83.63957799978184, 41.55893500002124], [-83.6395900003757, 41.558908999871434], [-83.63956799973609, 41.55888900031786], [-83.63954199979682, 41.558869000085906], [-83.63949699959097, 41.55886199993604], [-83.63944999973532, 41.55885199981665], [-83.6394270001691, 41.558848999847754], [-83.63941600029844, 41.55886000018116], [-83.63941100027556, 41.55887500002171], [-83.63937699994038, 41.55885799975403], [-83.63935299965094, 41.55884599987872], [-83.63930599979527, 41.55884100015409], [-83.63930999999323, 41.55879400016924], [-83.63927900003108, 41.558772000150284], [-83.63924700024403, 41.558782000282044], [-83.63920600023616, 41.558800000112], [-83.63917500027402, 41.55880799981074], [-83.63914299958864, 41.558797000140686], [-83.63909300025824, 41.55877099993536], [-83.63905800009815, 41.558772000150284], [-83.6390260003111, 41.558785000254055], [-83.63901500044044, 41.55881699972273], [-83.63902299993805, 41.558842999909544], [-83.6390549997251, 41.55886700033125], [-83.63908300021251, 41.55889299982575], [-83.63910699960363, 41.55891000008422], [-83.63918399959653, 41.558964000124284], [-83.63926300013756, 41.5590240000412], [-83.63936900044277, 41.55910500027754], [-83.63947300019986, 41.55915099982718], [-83.63957100010914, 41.55919599980792], [-83.63964800010203, 41.5591989997607], [-83.63971400022427, 41.559165000063544], [-83.63971400022427, 41.55914000021549], [-83.63972300044512, 41.55911899985168], [-83.63970500000345, 41.55907999973413], [-83.63970800037649, 41.55905199989373], [-83.63971099985122, 41.55902700000197], [-83.63972599991983, 41.55900399985102]]]]}, "properties": {"AREALAND": "31332591", "AREAWATER": "111383", "BASENAME": "Perrysburg", "CBSAPCI": "N", "CENTLAT": "+41.5374933", "CENTLON": "-083.6416227", "FUNCSTAT": "A", "GEOID": "3962148", "INTPTLAT": "+41.5390587", "INTPTLON": "-083.6441249", "LSADC": "25", "MTFCC": "G4110", "NAME": "Perrysburg city", "NECTAPCI": "N", "OBJECTID": 29810, "OID": "27890336755789", "PLACE": "62148", "PLACECC": "C2", "PLACENS": "01087193", "STATE": "39", "DISP_CLR": 4}}, {"type": "Feature", "id": 31816, "geometry": {"type": "Polygon", "coordinates": [[[-83.50606100025115, 41.636443000295806], [-83.50605700005319, 41.63635200018344], [-83.50604899965728, 41.63609500013881], [-83.5059649999917, 41.63326599968828], [-83.50587999960288, 41.63074800018159], [-83.50587299993019, 41.63054799989111], [-83.50586500043259, 41.63031200025426], [-83.50586000040971, 41.63016199975145], [-83.50582500024962, 41.62905500002029], [-83.50580199978506, 41.628345999769984], [-83.50577400019598, 41.627446000330515], [-83.50575699957922, 41.62691299990038], [-83.505734000013, 41.626187000263535], [-83.50565799984501, 41.62380099989408], [-83.50563600010373, 41.62311800011688], [-83.50560199976853, 41.62204399992317], [-83.50552099957767, 41.618525000267496], [-83.50551100043025, 41.61809100021963], [-83.50550999970703, 41.618051000148704], [-83.50545100015579, 41.61805200011717], [-83.50525199996417, 41.618055000022615], [-83.50098600039287, 41.618118000018455], [-83.49803800002329, 41.6181599999815], [-83.49767399997522, 41.61816599978211], [-83.49598900035241, 41.61818899968419], [-83.49432399992273, 41.61821500014761], [-83.49323599997649, 41.61834199972917], [-83.49233600035122, 41.618337999873056], [-83.49223199969582, 41.61833000016015], [-83.49210899967217, 41.618319999846], [-83.4918640003481, 41.6182940000965], [-83.49143300035287, 41.61824399982556], [-83.49140499986547, 41.61824399982556], [-83.49106599993176, 41.618238000032164], [-83.4902879996069, 41.61825800001275], [-83.490146000215, 41.61826199987382], [-83.49003300023709, 41.61826299983907], [-83.48981099958092, 41.618273000162], [-83.48969900032627, 41.618269000301666], [-83.48913000023877, 41.61824599975653], [-83.48910599994933, 41.618244999791024], [-83.48723399983042, 41.61826099990857], [-83.48588499976826, 41.61827200019697], [-83.48585700017918, 41.61827200019697], [-83.48080400006221, 41.61833200008846], [-83.47873899959946, 41.61833200008846], [-83.47842499978012, 41.61833200008846], [-83.47741300000183, 41.61833899983713], [-83.47728300030549, 41.618339999801165], [-83.47722999970374, 41.618339999801165], [-83.47708599976369, 41.61834099976515], [-83.47704599958071, 41.61834199972917], [-83.47703300006025, 41.61834199972917], [-83.47690800038677, 41.61834400032868], [-83.47657399957761, 41.61834900014832], [-83.46652599996828, 41.61850099985218], [-83.4598309998862, 41.618649000032605], [-83.45823099975388, 41.618649000032605], [-83.45703700040072, 41.618649000032605], [-83.4467710003332, 41.61880800007025], [-83.42767899959861, 41.61906699976962], [-83.41594100034358, 41.61910999973827], [-83.41523400016385, 41.61912600031278], [-83.4143579999297, 41.6191489998725], [-83.41318299994481, 41.61917899975302], [-83.40935699969127, 41.61927800020003], [-83.40884200003046, 41.61929100021348], [-83.39960299980983, 41.61952200017119], [-83.39735300029746, 41.61957899973694], [-83.3944330004153, 41.61965199969631], [-83.38962600034561, 41.61977200021348], [-83.38938100012324, 41.61977899980585], [-83.3888510003938, 41.619794000272876], [-83.3886399996083, 41.61979999992147], [-83.38635400011093, 41.61986500010813], [-83.3850550002775, 41.61990099996638], [-83.38449600023576, 41.61991699967307], [-83.38378499985804, 41.619936999804494], [-83.38207900031881, 41.619985000228986], [-83.38176999962401, 41.619993999675], [-83.3799450002591, 41.62004499986985], [-83.37778899955977, 41.62010600006317], [-83.37557599985733, 41.62014199978683], [-83.37522900042602, 41.6201480000746], [-83.37518900024304, 41.620149999946534], [-83.37519699974065, 41.62036000025863], [-83.37520199976353, 41.620609999738456], [-83.37521500018231, 41.62118800033178], [-83.37522100003011, 41.62364800004187], [-83.37521799965705, 41.62374099971882], [-83.37526299986291, 41.625676000236126], [-83.37529200017521, 41.62691500023399], [-83.37534400005376, 41.629131999853634], [-83.37538599988655, 41.63091899984395], [-83.3755649999867, 41.63821700013987], [-83.37543299974222, 41.638217999795636], [-83.3754899996436, 41.65282400024481], [-83.37557099983447, 41.65282400024481], [-83.3755809998802, 41.654814000096806], [-83.37559099992596, 41.656051999704324], [-83.375594000299, 41.65645499990156], [-83.37562500026114, 41.660113999879094], [-83.37529399982503, 41.66011599985342], [-83.37459400021629, 41.66011899981482], [-83.37460799956169, 41.66099899989879], [-83.37408600022819, 41.66100599971242], [-83.3732280004357, 41.661017000089196], [-83.3732369997582, 41.66192200030636], [-83.37325400037497, 41.66372000032109], [-83.3716170004327, 41.663723000114594], [-83.370982000223, 41.6637240000457], [-83.37078399985626, 41.6637240000457], [-83.37078499968118, 41.66376499989286], [-83.37085199962833, 41.667360999792784], [-83.37087500009288, 41.67091600019131], [-83.3711169999422, 41.67091600019131], [-83.37307299972667, 41.67091300006197], [-83.37329700003268, 41.67091200024247], [-83.37452300007118, 41.67090999993248], [-83.37557599985733, 41.670908000293416], [-83.3757490001097, 41.670908000293416], [-83.37579900033842, 41.67469799995593], [-83.37582000025482, 41.67628999984359], [-83.37586000043778, 41.67928399981298], [-83.37588300000401, 41.68106499973798], [-83.3758960004228, 41.68206100000836], [-83.37587399978317, 41.684089999766606], [-83.37585600023982, 41.68587999981678], [-83.37585299986677, 41.6862009999361], [-83.37588800002689, 41.68620200018897], [-83.3759109995931, 41.686202999770906], [-83.37595900017199, 41.68620500027654], [-83.375995000157, 41.68620700011117], [-83.37603000031709, 41.686208999945805], [-83.37607499962463, 41.68621000019851], [-83.37610200028712, 41.686210999780364], [-83.37613599972399, 41.686212000033045], [-83.37617400025714, 41.68621300028569], [-83.37621000024214, 41.68621399986751], [-83.37624600022716, 41.686215999701865], [-83.37628200021217, 41.68621699995452], [-83.37631800019719, 41.68621899978878], [-83.37633900011359, 41.686220000041374], [-83.3763540001822, 41.68622100029391], [-83.37637300044878, 41.68622100029391], [-83.37639099999213, 41.68622199987555], [-83.37641500028157, 41.6862230001281], [-83.37645499956622, 41.68622499996218], [-83.37649899994715, 41.68622699979625], [-83.37655400019874, 41.68622999988265], [-83.3765719997421, 41.68623100013502], [-83.37660799972709, 41.68623299996891], [-83.3766439997121, 41.68623499980273], [-83.37667999969712, 41.68623700030731], [-83.37671700040536, 41.68623900014099], [-83.37684200007882, 41.686247000145976], [-83.3769459998359, 41.68625300031672], [-83.37704200009537, 41.686260000068046], [-83.37725899983035, 41.68627600007174], [-83.37751200044865, 41.68629599973538], [-83.3777419997041, 41.68631700031469], [-83.37784399981135, 41.686327000140885], [-83.37794400026878, 41.68633699996552], [-83.37818100009525, 41.68636200019122], [-83.378339000279, 41.686379999998856], [-83.3785369997474, 41.686402999708484], [-83.3787550002056, 41.686430999985554], [-83.3790079999256, 41.68646599997936], [-83.37948099975361, 41.68653100001312], [-83.3802470003829, 41.68663700002022], [-83.38031599997987, 41.686638000266264], [-83.38038499957683, 41.6866410003335], [-83.3804869996841, 41.686651999684344], [-83.38052600004214, 41.68665799981737], [-83.38058799996644, 41.686670000081726], [-83.3806209995784, 41.686676999787636], [-83.38065400008867, 41.686684999738155], [-83.38064900006579, 41.68778199988204], [-83.38064300021802, 41.68906899970376], [-83.38064200039311, 41.689260000289025], [-83.38064200039311, 41.6893099998007], [-83.38066800033236, 41.692118999755486], [-83.38193799985349, 41.69250599979183], [-83.38218999974858, 41.692588999843075], [-83.38244900021468, 41.692676999877406], [-83.38284000002692, 41.69281799971193], [-83.3828659999662, 41.69282699971938], [-83.38294700015705, 41.692880000259684], [-83.38308299970116, 41.69295899990813], [-83.38320800027296, 41.6930229999428], [-83.38330000033447, 41.69306500005668], [-83.38342599983284, 41.69311600011022], [-83.38352299991723, 41.69315099982108], [-83.3836550001617, 41.6931929998514], [-83.38389299981307, 41.69326199969794], [-83.38419699958668, 41.69335600033226], [-83.38459699961977, 41.69348999971446], [-83.38499099980507, 41.69363599979486], [-83.38519699966939, 41.69373300028987], [-83.38536099970094, 41.693803999826464], [-83.38553200030346, 41.69387200022555], [-83.38549100029559, 41.689279999695884], [-83.38571600042647, 41.68926399976842], [-83.38784700011315, 41.6892439996858], [-83.38893699970922, 41.68923400031295], [-83.38899600015876, 41.689262000028755], [-83.3891469997715, 41.689358999740634], [-83.38932900024469, 41.68947599999374], [-83.38978700000409, 41.68976900012978], [-83.39004599957188, 41.68982599995081], [-83.39030599986287, 41.6898829997213], [-83.39030699968778, 41.69003000013216], [-83.39030900023592, 41.690196999999685], [-83.39031300043388, 41.69056900010631], [-83.39028099974851, 41.69066199979686], [-83.39026999987786, 41.69090000009489], [-83.39031199971065, 41.69170699992265], [-83.39027499990071, 41.69180100014616], [-83.39026400003007, 41.691842000222074], [-83.3902580001823, 41.691875999790675], [-83.3902580001823, 41.691904999862345], [-83.39026999987786, 41.69193500008461], [-83.39032599995434, 41.69197499991201], [-83.3903510000687, 41.69471299974177], [-83.39079999960728, 41.69458199992125], [-83.39114299973896, 41.694467999937075], [-83.39154699996999, 41.69433899987019], [-83.39213299977591, 41.69429900017133], [-83.39278999972694, 41.69427999976897], [-83.39357700027263, 41.694358999710325], [-83.39425500014006, 41.69438300004689], [-83.39481900020468, 41.69436399966937], [-83.39516399998615, 41.69432100027709], [-83.39515200029061, 41.691879000284466], [-83.3951809997046, 41.69187000014432], [-83.39520900019201, 41.69183499973649], [-83.39520199962101, 41.691803999972635], [-83.39519900014628, 41.69177799968311], [-83.39519300029848, 41.691744000062705], [-83.39519499994832, 41.69168800009627], [-83.39519699959814, 41.691668000096456], [-83.39519999997117, 41.69163300024953], [-83.39520900019201, 41.69159899988161], [-83.39523599995618, 41.69158599969679], [-83.39523000010841, 41.69156399999714], [-83.39527500031424, 41.69155700015213], [-83.395321000345, 41.69154500012853], [-83.39539300031502, 41.69151599989458], [-83.39551700016358, 41.69145999972966], [-83.39553300005711, 41.69145199970214], [-83.3955530001486, 41.69144200000173], [-83.39561699972269, 41.691409999876626], [-83.39565799973059, 41.69139799982565], [-83.39573399989857, 41.6914040001868], [-83.39576800023374, 41.691394999980254], [-83.39578699960201, 41.691376000061716], [-83.39579199962489, 41.691358999812095], [-83.3957930003481, 41.69134500007664], [-83.39579400017303, 41.69133499968883], [-83.39580400021876, 41.69132399979701], [-83.39581599991433, 41.69131100022737], [-83.39583099998293, 41.69130300018132], [-83.39584400040174, 41.69129600030791], [-83.39592700024241, 41.69127600018616], [-83.39603099999948, 41.6912490001797], [-83.39611899986303, 41.69123499974955], [-83.39615999987093, 41.69124100012595], [-83.39617800031257, 41.691242999804096], [-83.39622599999316, 41.69124500015295], [-83.39627100019901, 41.69123499974955], [-83.39630999965874, 41.691231999896544], [-83.39632999975024, 41.69123099972192], [-83.39637999997895, 41.6912300002181], [-83.39641799961377, 41.6912300002181], [-83.39644600010118, 41.6912300002181], [-83.39651300004833, 41.691219999812354], [-83.39655900007908, 41.69120700022171], [-83.39659099986613, 41.69119900016267], [-83.39660699975965, 41.69119699981239], [-83.39664699994262, 41.69119100010269], [-83.39671800008774, 41.69118700007229], [-83.39675999992055, 41.69118999992739], [-83.39678000001203, 41.69119100010269], [-83.39680099992842, 41.691192999782345], [-83.39685899965473, 41.691188999752114], [-83.39697699965552, 41.69118000018624], [-83.39718400024307, 41.69116800009237], [-83.39723699994651, 41.69116800009237], [-83.39735999997018, 41.69116599974107], [-83.39757099985736, 41.69115199996365], [-83.39757000003246, 41.69110400022446], [-83.39764200000246, 41.69110400022446], [-83.39764000035264, 41.69095899994237], [-83.39777300042203, 41.690889000128735], [-83.39796699969247, 41.690864999830055], [-83.39799299963175, 41.69056299966727], [-83.39799799965462, 41.69050100024032], [-83.39802199994406, 41.69024300003566], [-83.39795800036997, 41.69007900019446], [-83.39800400040072, 41.69002099973333], [-83.39807600037072, 41.689928999981845], [-83.39833599976342, 41.68979799980965], [-83.3984050002587, 41.68971100005997], [-83.398643999735, 41.68962000006479], [-83.39869700033675, 41.689600000092845], [-83.39905800001178, 41.68959499976349], [-83.39946899991551, 41.68962299999297], [-83.40000200001799, 41.68969999989045], [-83.40001000041391, 41.69016700030846], [-83.4000170000866, 41.69093499966987], [-83.40001799991151, 41.69102500031023], [-83.40046399997534, 41.69107899982907], [-83.4008270001985, 41.69126599978761], [-83.40105399997924, 41.69132099994815], [-83.40142899989796, 41.691413999893115], [-83.40144800016452, 41.69146300024284], [-83.40150400024105, 41.6914369998155], [-83.40165999987663, 41.69147800012342], [-83.40172900037193, 41.69149599984127], [-83.40244800024725, 41.69174000006673], [-83.40250099995068, 41.691773999689254], [-83.40251299964626, 41.69176800003338], [-83.40255799985209, 41.69175399971617], [-83.40261200027875, 41.691741000233435], [-83.40263300019515, 41.691736000070506], [-83.40265900013443, 41.69173200007398], [-83.4026850000737, 41.69172699991035], [-83.40272500025668, 41.691709999753506], [-83.40279999970143, 41.69168599976119], [-83.40281800014309, 41.69167899992946], [-83.40284300025745, 41.691669000264284], [-83.40289099993801, 41.69165399975748], [-83.40294000034183, 41.691640000086274], [-83.40297299995378, 41.6916339997471], [-83.40302900003029, 41.69162299990644], [-83.40309299960438, 41.6916069998909], [-83.40312600011467, 41.69160000005057], [-83.40322900004682, 41.69158000002338], [-83.40330699986464, 41.69156599966526], [-83.4033470000476, 41.69155899982041], [-83.40339999975104, 41.69154500012853], [-83.40345800037568, 41.691530000263576], [-83.40347799956886, 41.6915260002543], [-83.4035649996075, 41.691509000044334], [-83.40363400010278, 41.69148499997703], [-83.40371799976836, 41.69146700025604], [-83.40377200019505, 41.69145999972966], [-83.40383800031728, 41.69144600001623], [-83.40392000033304, 41.69142999995666], [-83.40399200030308, 41.69141299972132], [-83.4040240000901, 41.691409999876626], [-83.40405199967921, 41.69140599985988], [-83.40411399960348, 41.69139700032438], [-83.40417700025098, 41.6913920001347], [-83.40419200031961, 41.69139099996252], [-83.40426799958927, 41.69139099996252], [-83.40429899955141, 41.691385999772386], [-83.40432700003883, 41.69138199975415], [-83.4043680000467, 41.691381000252626], [-83.40441099970441, 41.691378999908], [-83.40445500008533, 41.69137700023408], [-83.40450299976592, 41.69137700023408], [-83.40453999957583, 41.69138400009868], [-83.40455899984241, 41.69138699994459], [-83.40461099972096, 41.691389999790374], [-83.40469000026198, 41.69139099996252], [-83.40471100017838, 41.69138800011683], [-83.40473200009478, 41.69138500027097], [-83.40475800003405, 41.69138199975415], [-83.40478800017127, 41.69138800011683], [-83.4048049998897, 41.69139099996252], [-83.40483800039998, 41.69139899999767], [-83.40488299970751, 41.69141100004847], [-83.40490299979899, 41.69141699973763], [-83.40490799982187, 41.691487000318354], [-83.4065640000307, 41.69147800012342], [-83.40708500043759, 41.69147699995261], [-83.40730200017258, 41.69147699995261], [-83.40730100034767, 41.69119999966702], [-83.40766600022066, 41.69119699981239], [-83.40804100013939, 41.69119699981239], [-83.40804399961411, 41.69130099983422], [-83.40806600025373, 41.69130200000776], [-83.40811399993432, 41.69130300018132], [-83.40814400007154, 41.6913079997071], [-83.4081700000108, 41.691312999903346], [-83.40822000023954, 41.69132899999201], [-83.40823299975999, 41.69133700003482], [-83.40826200007231, 41.691347999924375], [-83.40826000042249, 41.69125099985761], [-83.40825899969927, 41.69122399984066], [-83.40825899969927, 41.691196000308], [-83.4086420000139, 41.69119500013281], [-83.40901100008486, 41.69119100010269], [-83.40901100008486, 41.69133999988293], [-83.40935599986635, 41.69133800020779], [-83.4097469996786, 41.69133499968883], [-83.40974000000591, 41.69036100021083], [-83.40973800035609, 41.690044000153755], [-83.40973800035609, 41.689982999749866], [-83.40976699977008, 41.68998200022661], [-83.4097960000824, 41.68997900031518], [-83.40982500039473, 41.68997400001528], [-83.40985600035687, 41.68996599980291], [-83.40988899996883, 41.68995599987149], [-83.40991800028114, 41.689944999743915], [-83.40994699969514, 41.68993000017671], [-83.40998699987811, 41.68991000030114], [-83.41002100021329, 41.68989399985953], [-83.41005899984815, 41.68987599969336], [-83.41009999985602, 41.689859999914134], [-83.41011199955159, 41.68985400007974], [-83.41013599984103, 41.689851000162335], [-83.4101540002827, 41.68985500027583], [-83.41017699984891, 41.68986899966467], [-83.41019500029057, 41.6898829997213], [-83.41020699998614, 41.68989099994399], [-83.41023100027559, 41.68990600019107], [-83.41025600038995, 41.68992099976388], [-83.41027099956025, 41.68992499987295], [-83.41028700035208, 41.68992499987295], [-83.41030400007051, 41.68991900004468], [-83.41031400011624, 41.689913000215796], [-83.41032099978896, 41.68989999969019], [-83.41032499998691, 41.6898829997213], [-83.4103300000098, 41.689859999914134], [-83.41033400020775, 41.689844000130925], [-83.41034099988045, 41.689813000078466], [-83.41034500007841, 41.68979700028356], [-83.4103509999262, 41.68977300024831], [-83.41035500012414, 41.689763000286895], [-83.41036000014704, 41.689753000323925], [-83.41036500016989, 41.689743999886325], [-83.41037199984258, 41.689733999920406], [-83.4103810000634, 41.68972399995293], [-83.41039100010916, 41.68971500018211], [-83.41040000032999, 41.6897090003342], [-83.41041399967537, 41.689698999692006], [-83.41042399972112, 41.68968999991768], [-83.41043499959177, 41.68967999994337], [-83.4104449996375, 41.68967100016639], [-83.41045700023139, 41.689661000189126], [-83.41046899992698, 41.6896500000111], [-83.41047899997271, 41.689641999758436], [-83.41050099971402, 41.68962400019264], [-83.41051699960754, 41.68961100027941], [-83.41053599987413, 41.68959599996355], [-83.41054599991986, 41.689587999704166], [-83.41056900038438, 41.68957000012327], [-83.41059500032367, 41.6895509996657], [-83.41061100021719, 41.689540999669774], [-83.41062100026292, 41.689534000275415], [-83.41064700020219, 41.689517000209854], [-83.41067499979128, 41.6895000001398], [-83.41070800030157, 41.68948199986338], [-83.4107309998678, 41.689470000123535], [-83.41076100000501, 41.68945499977479], [-83.41077500024872, 41.68944899990263], [-83.41079100014224, 41.6894410002958], [-83.41082100027947, 41.68942799967482], [-83.41084200019587, 41.68942100026821], [-83.41085300006652, 41.68941599992495], [-83.41088599967848, 41.689404000172786], [-83.4109159998157, 41.68939400015401], [-83.410949000326, 41.689384000133636], [-83.41098199993795, 41.689375000315295], [-83.41101500044822, 41.68936700002843], [-83.4110489998851, 41.689358999740634], [-83.41108300022029, 41.68935200032646], [-83.41111500000734, 41.689346999977836], [-83.4111409999466, 41.68934299983281], [-83.41118399960432, 41.6893350002128], [-83.41121600028968, 41.68932800012524], [-83.41123399983303, 41.68932399997903], [-83.41124800007672, 41.689321000036905], [-83.41127999986378, 41.689312999743336], [-83.41131099982591, 41.68930500011965], [-83.41134299961297, 41.68929699982407], [-83.4113719999253, 41.68928999973238], [-83.41140500043555, 41.689279999695884], [-83.41143600039771, 41.68927200006805], [-83.41145399994106, 41.68926600017882], [-83.41146700035985, 41.689262000028755], [-83.41147900005541, 41.68925600013859], [-83.41149099975097, 41.68924900004243], [-83.41150300034487, 41.6892439996858], [-83.41151599986534, 41.68923899999957], [-83.41152900028412, 41.68923499984783], [-83.41154500017765, 41.68923300010726], [-83.41156100007117, 41.68923199990156], [-83.4115769999647, 41.68923099969584], [-83.41159299985823, 41.68923099969584], [-83.41160899975175, 41.68923199990156], [-83.41162100034563, 41.68923300010726], [-83.41163899988898, 41.68923300010726], [-83.41165300013267, 41.68923199990156], [-83.4116680002013, 41.6892300001609], [-83.411682000445, 41.689227000214395], [-83.4116959997904, 41.68922300006191], [-83.41186900004274, 41.68921599996216], [-83.41212799961053, 41.68922000011508], [-83.41233500019807, 41.689217999703196], [-83.41255699995591, 41.68921100027375], [-83.41276500036838, 41.68921700016811], [-83.41295600016409, 41.68921599996216], [-83.41313000024137, 41.68921700016811], [-83.41327099980836, 41.68921599996216], [-83.4134149997484, 41.68923899999957], [-83.41352299970343, 41.68924199994551], [-83.41376399972786, 41.689244999891315], [-83.41391100004095, 41.68923199990156], [-83.41402999986664, 41.68922400026774], [-83.41409799963871, 41.68919500032912], [-83.4142249998603, 41.68913000030354], [-83.41426099984531, 41.689126999681534], [-83.41427799956377, 41.68912600014497], [-83.41429799965525, 41.68912499993761], [-83.41434299986109, 41.68912300019361], [-83.41436999962525, 41.689121999986206], [-83.41440700033351, 41.68912000024213], [-83.41444300031851, 41.689119000034665], [-83.41447900030352, 41.68911700029049], [-83.41451600011345, 41.68911600008299], [-83.41455200009847, 41.68911600008299], [-83.41458800008347, 41.689114999875464], [-83.41462499989339, 41.689114999875464], [-83.41466099987841, 41.689113999667924], [-83.41469799968833, 41.689113999667924], [-83.41473399967333, 41.689113999667924], [-83.41477100038158, 41.689114999875464], [-83.41481700041233, 41.689114999875464], [-83.41486199971986, 41.68911600008299], [-83.41488000016152, 41.68911700029049], [-83.41491600014653, 41.6891179998272], [-83.4149410002609, 41.689119000034665], [-83.41496600037523, 41.68912099977878], [-83.4149780000708, 41.68912300019361], [-83.41498999976638, 41.68912499993761], [-83.41501400005582, 41.68913000030354], [-83.41503699962203, 41.68913699974181], [-83.41506299956131, 41.68914699980053], [-83.41508100000297, 41.68915500011475], [-83.41510100009445, 41.689165000170675], [-83.41512000036103, 41.68917699996737], [-83.41513799990437, 41.68918999996829], [-83.415152999973, 41.68919599986456], [-83.4151680000416, 41.68920100022497], [-83.415188999958, 41.68920899986164], [-83.41520700039966, 41.68921599996216], [-83.41522599976793, 41.68922400026774], [-83.41525400025533, 41.68923700025912], [-83.4152659999509, 41.6892439996858], [-83.4152810000195, 41.6892509997825], [-83.41530799978369, 41.68926600017882], [-83.41533399972296, 41.689280999900845], [-83.41535899983731, 41.68929699982407], [-83.41538300012675, 41.68931399994783], [-83.41540700041621, 41.68933100006703], [-83.41542400013465, 41.68935299985951], [-83.41543400018038, 41.689365999824815], [-83.41544099985309, 41.68937599984795], [-83.41546000011967, 41.689397000092725], [-83.41547900038623, 41.68941899986263], [-83.41548299968588, 41.68952199987448], [-83.41549199990669, 41.689716999907695], [-83.41549500027976, 41.68980499984607], [-83.41549799975449, 41.68986299983112], [-83.4155050003255, 41.690021999926806], [-83.41553299991459, 41.690006999706725], [-83.41556100040201, 41.689990999960074], [-83.41558899999109, 41.68997500020945], [-83.41561599975526, 41.689958999784004], [-83.41563599984676, 41.68994700013313], [-83.41565000009045, 41.689938999917445], [-83.41566900035703, 41.689926000067935], [-83.41568600007547, 41.68991399974007], [-83.41571799986252, 41.68989099994399], [-83.41574299997689, 41.68987500016849], [-83.41576800009123, 41.68985899971818], [-83.41579499985541, 41.689844000130925], [-83.41580699955097, 41.68983700009874], [-83.41582099979469, 41.689828999869384], [-83.41584900028208, 41.68981499980095], [-83.41586600000052, 41.689806000042864], [-83.41587699987119, 41.68980099972952], [-83.41590500035859, 41.689787999852115], [-83.41592700009988, 41.68978200001101], [-83.41596999975759, 41.68977099985368], [-83.41601699961326, 41.68975799997016], [-83.4160619998191, 41.689750999928634], [-83.41611500042087, 41.689740999963796], [-83.41611399969763, 41.6897080001359], [-83.41626000018582, 41.68970500021169], [-83.4163430000265, 41.68970400001332], [-83.4164069996006, 41.6897029998149], [-83.41655300008878, 41.68970100008892], [-83.41668799980799, 41.689719000304], [-83.41671799994522, 41.689719999831354], [-83.41674999973228, 41.689719999831354], [-83.41678300024255, 41.689719000304], [-83.41679999996099, 41.689719000304], [-83.4168150000296, 41.68971800010586], [-83.41684699981666, 41.68971599970947], [-83.41688299980166, 41.68971800010586], [-83.41691899978667, 41.68972200022756], [-83.41695399994678, 41.68972800007427], [-83.41697400003827, 41.689732000195356], [-83.41699400012975, 41.689735000118304], [-83.41702000006902, 41.68973800004112], [-83.41704600000828, 41.68973900023896], [-83.41707100012263, 41.68973999976598], [-83.4171039997346, 41.68972999979945], [-83.41713499969674, 41.689719000304], [-83.41716800020703, 41.68970400001332], [-83.41719400014628, 41.68969100011632], [-83.41728600020778, 41.68968899971909], [-83.41729000040576, 41.689789000049174], [-83.41732600039076, 41.68980300012321], [-83.41740400020858, 41.68980700023969], [-83.4174419998434, 41.68981000015914], [-83.41744100001851, 41.68973999976598], [-83.41747399963046, 41.68976900012978], [-83.41749299989704, 41.68978600012874], [-83.41765299973059, 41.68982000011325], [-83.41779699967066, 41.68986100011007], [-83.41796499990014, 41.689909000105914], [-83.41808600027396, 41.68992300015389], [-83.41861099998052, 41.68991600013031], [-83.41875900011851, 41.68991099982547], [-83.41886399970049, 41.68991000030114], [-83.41897000000571, 41.68990799991072], [-83.41918799956561, 41.68993199989561], [-83.41929200022099, 41.68992700026285], [-83.41938400028249, 41.68990600019107], [-83.41946600029826, 41.68986699994381], [-83.41946499957504, 41.689845000327104], [-83.4194620001003, 41.68978099981385], [-83.41948800003958, 41.689763000286895], [-83.41951300015393, 41.689743999886325], [-83.41953700044338, 41.68972399995293], [-83.41954800031402, 41.68971500018211], [-83.4195600000096, 41.68970400001332], [-83.4195819997509, 41.68968299986875], [-83.41960199984238, 41.689661000189126], [-83.41961000023831, 41.68965199973866], [-83.41962100010896, 41.689638999831146], [-83.41963600017756, 41.6896210002645], [-83.41964299985027, 41.68960899987976], [-83.41966100029192, 41.68958300004473], [-83.4196729999875, 41.68956400026183], [-83.41967700018546, 41.68955400026793], [-83.41968200020831, 41.68954499980249], [-83.41969200025407, 41.68953300007439], [-83.41971099962234, 41.6895189999416], [-83.41972499986603, 41.689510999672635], [-83.41974999998038, 41.68950300007357], [-83.41977000007186, 41.68950199987207], [-83.41986799998116, 41.6895049998057], [-83.41991499983682, 41.689517000209854], [-83.41994699962389, 41.68954199987068], [-83.41996500006556, 41.689593000034115], [-83.42000100005055, 41.689635999903714], [-83.42000199987547, 41.68965999999008], [-83.42000699989832, 41.689789000049174], [-83.42014900018856, 41.689698999692006], [-83.42016599990701, 41.68969200031488], [-83.42018299962544, 41.689685000266174], [-83.42019500021931, 41.68968199967004], [-83.42021500031079, 41.68967700001785], [-83.42023799987702, 41.68967199969448], [-83.4202570001436, 41.6896699999675], [-83.42027600041015, 41.68966899976859], [-83.42029499977842, 41.68966899976859], [-83.42040299973345, 41.68962499972142], [-83.42051099968849, 41.68958000011469], [-83.42052699958202, 41.68958100031497], [-83.4205459998486, 41.68958300004473], [-83.42056299956703, 41.689585999974625], [-83.42058000018378, 41.689587999704166], [-83.42061299979575, 41.68959499976349], [-83.42062799986437, 41.689598999892844], [-83.42064600030602, 41.68960400022189], [-83.42067800009308, 41.689614999736996], [-83.42070900005523, 41.68962700012063], [-83.42073800036752, 41.689641999758436], [-83.42076199975867, 41.689651000210304], [-83.42077900037542, 41.68965700006363], [-83.4207929997208, 41.689661000189126], [-83.42080799978942, 41.68966500031438], [-83.42083999957646, 41.68967100016639], [-83.42086800006388, 41.6896740000922], [-83.42089499982805, 41.689675000291025], [-83.42091599974445, 41.68967299989334], [-83.42093099981307, 41.68967100016639], [-83.42094699970657, 41.68966599984257], [-83.42095799957724, 41.68966199971737], [-83.4209740003691, 41.68965400013703], [-83.4209890004377, 41.68964299995781], [-83.42100000030834, 41.68963400017566], [-83.42100799980595, 41.68962400019264], [-83.42101600020189, 41.68961700013647], [-83.42102899972235, 41.68961100027941], [-83.42104399979097, 41.68960899987976], [-83.42105700020976, 41.68961100027941], [-83.42106600043059, 41.6896179996654], [-83.42107999977598, 41.68962199979333], [-83.42109400001966, 41.68962199979333], [-83.42110599971525, 41.6896179996654], [-83.42111599976099, 41.68961199980844], [-83.42112800035487, 41.68960899987976], [-83.42114099987535, 41.68960899987976], [-83.42121399967029, 41.68962700012063], [-83.42131900015058, 41.68973699984328], [-83.42137900042505, 41.68977699969576], [-83.42146499974046, 41.68980000020344], [-83.42148200035722, 41.68980000020344], [-83.42151599979407, 41.68980000020344], [-83.42152800038797, 41.689799000006545], [-83.42155000012926, 41.68979799980965], [-83.42156600002278, 41.68979799980965], [-83.42159199996205, 41.689804000320095], [-83.42160399965762, 41.689808999962366], [-83.4216229999242, 41.68982100030981], [-83.42163299996994, 41.689830000065804], [-83.42163999964264, 41.68984100021305], [-83.42164499966552, 41.68985199968763], [-83.42166499975698, 41.68986699994381], [-83.42168499984848, 41.689886999832794], [-83.42169800026728, 41.68990099988551], [-83.42171199961265, 41.68991900004468], [-83.42171400016079, 41.689928999981845], [-83.42172000000856, 41.68996800019152], [-83.42172400020652, 41.69000799990038], [-83.42172500003146, 41.69004299996067], [-83.4217219996584, 41.69009300020544], [-83.42172300038162, 41.69012400012297], [-83.42172000000856, 41.69016600011728], [-83.42171599981062, 41.69019400009828], [-83.42171499998568, 41.69020699989363], [-83.42172000000856, 41.69021999968636], [-83.42172300038162, 41.69022900005737], [-83.42173500007719, 41.690236000046895], [-83.42176100001646, 41.69024499974483], [-83.42177299971202, 41.690240000136384], [-83.42178299975775, 41.69023199995715], [-83.42178799978063, 41.6902230002574], [-83.4217929998035, 41.69019100019673], [-83.42179899965129, 41.69016700030846], [-83.4218060002223, 41.690142999740466], [-83.42180799987212, 41.69012000002626], [-83.42180899969703, 41.69009700030383], [-83.42180799987212, 41.690073999902346], [-83.42180500039738, 41.690051000163464], [-83.42180100019942, 41.690033000041225], [-83.42179899965129, 41.69002400031363], [-83.42179799982638, 41.690006999706725], [-83.4218060002223, 41.689990999960074], [-83.42182299994073, 41.68997999983848], [-83.4218349996363, 41.689975999732766], [-83.42184700023019, 41.68997299982105], [-83.42185899992575, 41.68997100010347], [-83.42187200034454, 41.6899699999092], [-83.421884999865, 41.68996899971495], [-83.42190999997936, 41.6899699999092], [-83.42192199967494, 41.68997200029768], [-83.42194199976642, 41.68997299982105], [-83.42196000020809, 41.689978000121066], [-83.42197100007873, 41.689982999749866], [-83.42199000034532, 41.68999699978169], [-83.4219960001931, 41.69000499999016], [-83.42200200004088, 41.69001799982371], [-83.42200799988866, 41.69003100032546], [-83.42202100030745, 41.6900519996856], [-83.42203399982792, 41.69006699989519], [-83.4220310003532, 41.69007600028755], [-83.42202299995728, 41.69008500000786], [-83.42200600023884, 41.69009700030383], [-83.42199000034532, 41.69011000011879], [-83.42198000029956, 41.69012400012297], [-83.4219839995992, 41.690135999740825], [-83.4220039996907, 41.69015200012225], [-83.42202799998014, 41.69017000021114], [-83.42204600042182, 41.69018700010419], [-83.42206099959209, 41.69020200028225], [-83.42206800016312, 41.69021099998494], [-83.42207900003376, 41.690233000147295], [-83.42208400005664, 41.69024599993478], [-83.42208900007952, 41.690255999821105], [-83.42209699957711, 41.69027900015752], [-83.42209900012526, 41.69028799984944], [-83.42210400014812, 41.690303000004], [-83.422109000171, 41.69032600032361], [-83.42211300036897, 41.6903500001525], [-83.4221159998437, 41.690373999972444], [-83.42211800039182, 41.69038799991922], [-83.42212400023962, 41.69042399995994], [-83.42212900026249, 41.69044799975228], [-83.42213299956212, 41.690461999682945], [-83.42214099995805, 41.69047600028135], [-83.4221519998287, 41.69048799983355], [-83.4221650002475, 41.690498999868275], [-83.42217899959287, 41.690507000014314], [-83.42219000036185, 41.690511000087014], [-83.42222499962364, 41.69052399981831], [-83.42225300011104, 41.690531999961244], [-83.42226700035474, 41.69053600003234], [-83.42228099970013, 41.69053899991779], [-83.42232099988311, 41.690545999873585], [-83.42235699986811, 41.69054800024416], [-83.42236899956369, 41.690548999758576], [-83.42238299980738, 41.69054800024416], [-83.42239700005108, 41.690544000173816], [-83.42241499959444, 41.69053600003234], [-83.42242399981527, 41.690530000260985], [-83.42243600040915, 41.69051999974648], [-83.42244399990675, 41.69050899971528], [-83.42245099957945, 41.690497000167], [-83.42245700032555, 41.69048499994571], [-83.42246099962519, 41.69047299972213], [-83.42246399999823, 41.69046100016713], [-83.42246599964805, 41.69044799975228], [-83.42246599964805, 41.69043600019267], [-83.42246200034842, 41.690410000021046], [-83.42245800015046, 41.69038399983892], [-83.4224539999525, 41.69035499975239], [-83.42245099957945, 41.69033300030257], [-83.42244899992964, 41.69031899967305], [-83.42244800010471, 41.69030700008933], [-83.42244499973167, 41.69028099986558], [-83.42244200025694, 41.690255999821105], [-83.42243899988387, 41.69023000024757], [-83.42243800005897, 41.69022099987671], [-83.42243700023405, 41.69020399999269], [-83.42243499968592, 41.690177999727304], [-83.4224330000361, 41.69015200012225], [-83.42243100038628, 41.69013800012411], [-83.42243100038628, 41.69012700002764], [-83.42242999966305, 41.690114999737276], [-83.42242899983813, 41.690100999731136], [-83.42242800001324, 41.69008699972195], [-83.42242800001324, 41.69007500009495], [-83.42242399981527, 41.690062000272924], [-83.42242100034053, 41.690048000255246], [-83.4224199996173, 41.690034000234476], [-83.4224199996173, 41.69002099973333], [-83.42242200016544, 41.690006999706725], [-83.42242499964019, 41.68999299967708], [-83.42242999966305, 41.68997999983848], [-83.42243600040915, 41.689966999997196], [-83.42244200025694, 41.68995599987149], [-83.42244999975453, 41.68994700013313], [-83.42245899997538, 41.68994100030686], [-83.42247400004399, 41.689934000285234], [-83.4224890001126, 41.68993199989561], [-83.4225030003563, 41.68993499980924], [-83.42251500005186, 41.68994000011216], [-83.42252799957234, 41.689943000025416], [-83.42254099999114, 41.689943000025416], [-83.42257500032633, 41.68993799972272], [-83.42260299991541, 41.68993600000401], [-83.42261499961097, 41.68993799972272], [-83.42262800002976, 41.68993799972272], [-83.42263999972535, 41.68993499980924], [-83.42265300014412, 41.68993099970073], [-83.42266400001478, 41.68992499987295], [-83.42267300023562, 41.68991600013031], [-83.42267499988544, 41.68990699971552], [-83.4226799999083, 41.68989799997029], [-83.42268800030423, 41.68989099994399], [-83.4227080003957, 41.68988800002832], [-83.422722999566, 41.689886999832794], [-83.4227359999848, 41.68988800002832], [-83.4227490004036, 41.68988800002832], [-83.42276100009916, 41.6898829997213], [-83.42277000032, 41.68987599969336], [-83.42277600016777, 41.68986699994381], [-83.42277799981761, 41.689856999997005], [-83.42277699999269, 41.689848000244794], [-83.42277600016777, 41.68983899982054], [-83.42277299979473, 41.689827000147275], [-83.42276799977185, 41.68981499980095], [-83.42276299974898, 41.689806000042864], [-83.42276000027424, 41.68979600008658], [-83.42276299974898, 41.68978600012874], [-83.42277000032, 41.68977699969576], [-83.42278000036573, 41.68977099985368], [-83.42280200010704, 41.689763000286895], [-83.42281399980261, 41.68975999969442], [-83.42283100041938, 41.68975600024591], [-83.42285200033577, 41.689752000126305], [-83.42286800022929, 41.68974999973098], [-83.42288199957467, 41.689749000204145], [-83.42289499999346, 41.68974800000642], [-83.42291599990986, 41.68974800000642], [-83.4229390003744, 41.68974999973098], [-83.4229689996133, 41.68975699977263], [-83.42299899975053, 41.689763000286895], [-83.42302999971268, 41.689766999734964], [-83.42305099962907, 41.6897679999324], [-83.42309300036018, 41.68976900012978], [-83.4231080004288, 41.689766999734964], [-83.42312199977418, 41.6897660002084], [-83.42314000021584, 41.689765000010986], [-83.42315699993428, 41.6897660002084], [-83.42317399965272, 41.689766999734964], [-83.42319000044456, 41.68977000032713], [-83.42319600029235, 41.68978000028745], [-83.42319700011726, 41.68979000024622], [-83.42319799994218, 41.689799000006545], [-83.42320700016299, 41.68980499984607], [-83.42323300010227, 41.689806000042864], [-83.42325700039171, 41.68980300012321], [-83.42327699958489, 41.68980300012321], [-83.42329599985146, 41.689799000006545], [-83.42331500011802, 41.68979700028356], [-83.42333299966137, 41.68979600008658], [-83.42335199992795, 41.68979600008658], [-83.42337500039248, 41.68980300012321], [-83.42338600026314, 41.68980700023969], [-83.42341999970002, 41.689815999997634], [-83.42344200033963, 41.689815999997634], [-83.42346499990586, 41.689817999720034], [-83.42347999997448, 41.689818999916625], [-83.42350099989088, 41.68982199983552], [-83.42351199976153, 41.689828999869384], [-83.4235179996093, 41.68983800029504], [-83.42351900033255, 41.689848000244794], [-83.42352099998236, 41.68987299977698], [-83.42352199980726, 41.68989099994399], [-83.42352299963218, 41.689909000105914], [-83.42352299963218, 41.689923999678015], [-83.42352600000521, 41.689933000090434], [-83.4235529997694, 41.689934000285234], [-83.4235739996858, 41.689933000090434], [-83.4235860002797, 41.68992700026285], [-83.42358499955645, 41.68990099988551], [-83.42358399973155, 41.68988800002832], [-83.42358299990663, 41.6898769998891], [-83.4235800004319, 41.689828999869384], [-83.4235800004319, 41.689813000078466], [-83.42357899970868, 41.68979399969267], [-83.42357899970868, 41.68978099981385], [-83.42357799988376, 41.689766999734964], [-83.42357799988376, 41.68975600024591], [-83.42357799988376, 41.689743999886325], [-83.4235800004319, 41.689735000118304], [-83.4235860002797, 41.689725000150986], [-83.42359499960219, 41.68971599970947], [-83.42360600037117, 41.68971200025823], [-83.42361899989164, 41.68971200025823], [-83.42363800015822, 41.68971599970947], [-83.42365400005174, 41.689719999831354], [-83.42366800029545, 41.689725000150986], [-83.42368500001388, 41.6897329997225], [-83.42369699970945, 41.689740999963796], [-83.42370699975518, 41.68974999973098], [-83.42372099999889, 41.68976200008943], [-83.42373199986955, 41.68977499997209], [-83.42373900044056, 41.689787999852115], [-83.42374399956512, 41.68980199992638], [-83.42374699993816, 41.689813000078466], [-83.42375399961087, 41.6898230000321], [-83.42376299983168, 41.6898310002622], [-83.42377500042558, 41.68983700009874], [-83.42379100031908, 41.6898419997385], [-83.42380600038771, 41.68984299993471], [-83.42382099955802, 41.68984299993471], [-83.42383599962662, 41.68984100021305], [-83.42385099969522, 41.689835999902435], [-83.42386400011402, 41.6898310002622], [-83.42387800035775, 41.689830000065804], [-83.42389400025125, 41.689830000065804], [-83.4239109999697, 41.68982799967289], [-83.42392299966525, 41.689824999754286], [-83.42393600008404, 41.68981400027513], [-83.42394299975673, 41.689799000006545], [-83.4239460001298, 41.689787000325836], [-83.42395100015267, 41.68977699969576], [-83.42395899965027, 41.68976900012978], [-83.42397000041925, 41.689763000286895], [-83.4239820001148, 41.68975999969442], [-83.42399800000832, 41.6897609998919], [-83.42401499972677, 41.6897660002084], [-83.42402800014555, 41.689772000051], [-83.42403999984111, 41.68977900009025], [-83.42404999988688, 41.689787999852115], [-83.42406499995548, 41.68979300016647], [-83.42408000002409, 41.68979600008658], [-83.42410599996336, 41.68979499988963], [-83.42412600005484, 41.68979399969267], [-83.42415399964395, 41.689791999969465], [-83.42418299995624, 41.689790999772455], [-83.42421100044366, 41.68979000024622], [-83.42423900003274, 41.689787999852115], [-83.42426699962185, 41.689787999852115], [-83.42429799958398, 41.689787999852115], [-83.42432900044444, 41.689789000049174], [-83.42435899968335, 41.689791999969465], [-83.42438200014789, 41.68979499988963], [-83.42439499966835, 41.68979700028356], [-83.42441899995782, 41.68980199992638], [-83.42443300020152, 41.689804000320095], [-83.4244470004452, 41.689804000320095], [-83.42445999996569, 41.68980300012321], [-83.42447400020939, 41.68980199992638], [-83.42448799955478, 41.68980199992638], [-83.4245029996234, 41.689804000320095], [-83.42451699986711, 41.689806000042864], [-83.4245300002859, 41.68980799976562], [-83.42454399963128, 41.689811999881734], [-83.42456200007294, 41.689818999916625], [-83.42457999961628, 41.68982799967289], [-83.42459100038526, 41.6898349997061], [-83.424601000431, 41.6898419997385], [-83.42461300012657, 41.689848999770135], [-83.42463700041601, 41.68986500022293], [-83.4246590001573, 41.68988200019654], [-83.42468099989863, 41.689899000165646], [-83.42470099999012, 41.68991799984959], [-83.42472199990651, 41.68992700026285], [-83.42474299982291, 41.68993600000401], [-83.42476499956423, 41.689943000025416], [-83.42477899980793, 41.68994000011216], [-83.4247910004018, 41.689934000285234], [-83.42480100044754, 41.689926000067935], [-83.42480800012022, 41.68991700032537], [-83.4248199998158, 41.68991000030114], [-83.42483999990728, 41.68990499999584], [-83.42485900017387, 41.68990499999584], [-83.42487300041756, 41.68990799991072], [-83.42489400033396, 41.689914999935176], [-83.42491400042545, 41.6899200002397], [-83.42493600016675, 41.689923999678015], [-83.42494899968723, 41.689926000067935], [-83.42496999960363, 41.68992700026285], [-83.42499200024325, 41.689926000067935], [-83.42500899996168, 41.68992300015389], [-83.42502599968013, 41.6899200002397], [-83.42502999987808, 41.69001499991395], [-83.42503599972588, 41.69017400030478], [-83.42503999992384, 41.69025999990936], [-83.42533000035205, 41.690373999972444], [-83.42537800003264, 41.69039399970381], [-83.42547900031497, 41.69042699985063], [-83.42557899987409, 41.690459999980526], [-83.42560599963826, 41.69046400005609], [-83.42563499995057, 41.69046800013142], [-83.42567500013355, 41.69047500009498], [-83.42570500027078, 41.690482000057735], [-83.42576499964692, 41.690498999868275], [-83.42579599960905, 41.69050999990113], [-83.42597999973208, 41.69057399968918], [-83.42610299975573, 41.690613999692054], [-83.42634899980303, 41.69071399992589], [-83.42646500015397, 41.690760999774156], [-83.42657800013188, 41.69080499971512], [-83.42744000012233, 41.69115400031534], [-83.42804699984464, 41.69100100006235], [-83.4284660001443, 41.691127999763154], [-83.42856900007646, 41.6911760001552], [-83.42862099995499, 41.69119900016267], [-83.42877599976569, 41.6912690003098], [-83.42893700032248, 41.69133300001355], [-83.42909899980589, 41.69139799982565], [-83.42932499976169, 41.691463999743085], [-83.42956199958816, 41.691546999797225], [-83.42977900022144, 41.691620000071524], [-83.42977500002348, 41.69144399967362], [-83.42976900017571, 41.691261000258535], [-83.42979000009211, 41.691261000258535], [-83.4298119998334, 41.69126199976187], [-83.42983399957473, 41.69126400011019], [-83.42985500038944, 41.6912669999617], [-83.42986600026008, 41.691273000335116], [-83.42988600035157, 41.691280999714074], [-83.42991599959048, 41.691296999810696], [-83.4299449999028, 41.691312999903346], [-83.42997199966698, 41.6913300001651], [-83.42999900032947, 41.691347999924375], [-83.43002400044384, 41.69136699985118], [-83.43003500031449, 41.69137700023408], [-83.43004799983497, 41.69138800011683], [-83.43007100029949, 41.69140899970477], [-83.4300920002159, 41.69142999995666], [-83.43011099958416, 41.69145299987332], [-83.43012900002581, 41.69147599978175], [-83.43013800024664, 41.691487999818236], [-83.43015400014018, 41.69151199988442], [-83.4301420004446, 41.69105900031067], [-83.43067899984672, 41.69105599977869], [-83.43106999965899, 41.69105299991734], [-83.43115099984982, 41.69105299991734], [-83.4311840003601, 41.69103500007547], [-83.4312689998506, 41.69098899993502], [-83.43167200025674, 41.6907710002512], [-83.4318039996029, 41.69070000005011], [-83.43186300005246, 41.69066800022672], [-83.43194699971804, 41.690708999683125], [-83.4326709996162, 41.69106500003267], [-83.43273599991356, 41.691096000152676], [-83.43295400037175, 41.69120300019229], [-83.43302299996873, 41.69126199976187], [-83.43336699992531, 41.69151899973433], [-83.43340000043558, 41.691542999789], [-83.43358100018555, 41.69164900025855], [-83.43385599964685, 41.69181000029595], [-83.4340489999907, 41.69197799973036], [-83.43427699959632, 41.69217500001747], [-83.43437200003089, 41.69225200021428], [-83.43482300011759, 41.69261599995789], [-83.43511099999769, 41.69255799977182], [-83.43581900000234, 41.69232000024178], [-83.43593199998024, 41.69221800017359], [-83.43629600002832, 41.69243600032], [-83.4363520001048, 41.69247000024546], [-83.43651000028855, 41.69256500017872], [-83.43659200030433, 41.69261400032242], [-83.43673000039658, 41.69269600008242], [-83.43676899985633, 41.69271999969795], [-83.43695399980425, 41.69283100031856], [-83.43705099988864, 41.69288900025852], [-83.43720900007239, 41.69298400024371], [-83.43726500014887, 41.69302000017316], [-83.43747400038625, 41.69314199985891], [-83.43768199990039, 41.6932669997423], [-83.43778499983256, 41.69332899985727], [-83.43790100018352, 41.69337900023106], [-83.4379349996204, 41.69339399966479], [-83.43850500043109, 41.69362199988422], [-83.43919499999409, 41.69389700020623], [-83.44008899977158, 41.69425399980954], [-83.44017400016038, 41.694273000219525], [-83.44022199984099, 41.69428300015062], [-83.44043299972817, 41.694330000074295], [-83.44066600025499, 41.69438199992127], [-83.44093999989137, 41.694443000178325], [-83.44140900041974, 41.69454799977058], [-83.44268899998663, 41.694834000122434], [-83.44359399963476, 41.695297999826735], [-83.4436940000922, 41.69534900012203], [-83.44416799974513, 41.695591999711034], [-83.44416799974513, 41.695534000196204], [-83.44416699992021, 41.695373000089184], [-83.44416799974513, 41.69533899968588], [-83.44416500027037, 41.69530499993543], [-83.4440260003532, 41.69087199975043], [-83.44402499962999, 41.69075900008102], [-83.4446599998397, 41.69074800009071], [-83.44531299959277, 41.690738999792366], [-83.44531699979073, 41.69082099993013], [-83.44532199981361, 41.690998999705855], [-83.44532500018666, 41.69108500021998], [-83.4453279996614, 41.69117300029944], [-83.44533100003444, 41.691261000258535], [-83.44533600005732, 41.69143399997192], [-83.44533900043037, 41.69153400027267], [-83.44533900043037, 41.69157200001073], [-83.44534000025529, 41.691621000240104], [-83.44534500027815, 41.69178599967014], [-83.44535500032389, 41.69203100029935], [-83.44536100017167, 41.692228999912544], [-83.44537299986723, 41.69261499980479], [-83.44537799989011, 41.6928560000331], [-83.445382999913, 41.6929309997891], [-83.4453849995628, 41.69302199979601], [-83.44539499960855, 41.69332799971525], [-83.4453989998065, 41.69346199982658], [-83.44540300000446, 41.693678000179276], [-83.44540999967717, 41.69380999996318], [-83.44542100044615, 41.69416599992033], [-83.44542399992086, 41.6942489998419], [-83.44542700029392, 41.69434200024908], [-83.44542899994373, 41.694422000239314], [-83.44542800011882, 41.6945039997068], [-83.4454339999666, 41.694589000107854], [-83.44543300014169, 41.69469000032002], [-83.44543999981438, 41.69477800016304], [-83.44544200036253, 41.69486599988567], [-83.44544400001236, 41.69494900024545], [-83.44544599966218, 41.69504100019591], [-83.44545099968504, 41.695278000278584], [-83.44546300027893, 41.69574699998517], [-83.44546699957857, 41.695874999808744], [-83.44543099959355, 41.69587800011594], [-83.44539499960855, 41.695880000320706], [-83.44535899962354, 41.69588099975227], [-83.44532199981361, 41.69588199985464], [-83.4452859998286, 41.69588199985464], [-83.44524900001869, 41.69588099975227], [-83.44521300003368, 41.69587900021835], [-83.44517700004866, 41.69587700001355], [-83.44514100006364, 41.695873000274595], [-83.44510500007863, 41.69586899986462], [-83.44506900009361, 41.69586500012516], [-83.44503300010862, 41.69585900018009], [-83.4449979999485, 41.69585300023446], [-83.44496299978842, 41.695845000082535], [-83.44492799962833, 41.69583800003262], [-83.44489400019144, 41.6958289997757], [-83.44485900003133, 41.695820000188235], [-83.44478600023639, 41.69580399987518], [-83.44475399955104, 41.69579199997311], [-83.44473299963462, 41.69578299970975], [-83.44465900001481, 41.695755000149276], [-83.44456199993041, 41.69571999984309], [-83.44446499984603, 41.69568600029404], [-83.44436699993675, 41.69565300016208], [-83.44426800020254, 41.69562200022603], [-83.4442000004305, 41.695601000001176], [-83.44416799974513, 41.695591999711034], [-83.44425399995885, 41.69573399996786], [-83.44429699961654, 41.6958060000822], [-83.44432699975378, 41.69585599987196], [-83.44433599997461, 41.69587100006966], [-83.44456199993041, 41.69624800004281], [-83.44744199962962, 41.7010350000618], [-83.44766599993562, 41.701407999880054], [-83.45183799979557, 41.69997700007261], [-83.45640600038897, 41.69842100026052], [-83.46049000038536, 41.69678000028593], [-83.46280400037013, 41.69478500032833], [-83.4643709999922, 41.69343399992651], [-83.4648070000103, 41.69185999983807], [-83.46523600035567, 41.690308999796464], [-83.46554500015216, 41.68919700007087], [-83.46556100004568, 41.68913900015615], [-83.46447999977214, 41.68896800005712], [-83.46466899991802, 41.68831499992978], [-83.4650480000347, 41.68697799983945], [-83.46532400021923, 41.686009000076034], [-83.46638200002825, 41.68357000006852], [-83.46669300037287, 41.682855000079215], [-83.46672599998483, 41.682778999675165], [-83.46742999979155, 41.68160600032768], [-83.46746900014959, 41.681513000293336], [-83.46777799994608, 41.680790999912865], [-83.46780200023552, 41.680732999800256], [-83.46808300044292, 41.68007599990675], [-83.46838899986635, 41.67935800027183], [-83.46850600004223, 41.67908500025137], [-83.46854399967707, 41.67899699973991], [-83.46870600005876, 41.67861700020565], [-83.4690109996573, 41.67868600025427], [-83.4696450000421, 41.67883000032159], [-83.46981900011937, 41.67845800010371], [-83.47013700013667, 41.67774800025206], [-83.47038599965872, 41.67719200025208], [-83.47050899968237, 41.67691800003955], [-83.47056300010904, 41.67679700017923], [-83.47051399970525, 41.67642699975503], [-83.47049100013902, 41.67625899997008], [-83.47053299997182, 41.676215999882764], [-83.47056399993396, 41.67618299982745], [-83.47085699983691, 41.67587500006098], [-83.47097099963973, 41.67575400025267], [-83.47125400039526, 41.67562699972677], [-83.47162400029111, 41.67587899970138], [-83.47165899955291, 41.67584499973044], [-83.4718900004299, 41.67562599998053], [-83.47214800017277, 41.67538399987118], [-83.47214599962463, 41.67525100010297], [-83.47335400011978, 41.67411100020963], [-83.47299099989662, 41.67387000021653], [-83.4730379997523, 41.673814999899506], [-83.47326999955588, 41.673605999742456], [-83.47354699956533, 41.67336600032391], [-83.47500199993269, 41.67211899986168], [-83.47530099968344, 41.67180700021387], [-83.47748300032202, 41.66954500032072], [-83.47799299995998, 41.66899700005487], [-83.47798399973915, 41.66862500004253], [-83.4779810002644, 41.668509999838236], [-83.47797600024154, 41.668343000051095], [-83.4779670000207, 41.66790800002638], [-83.477960000348, 41.66768900011412], [-83.4779450002794, 41.66708500024908], [-83.4779179996169, 41.665978999845265], [-83.47790099989847, 41.665978999845265], [-83.47292800014743, 41.666047000125765], [-83.47092999963185, 41.66607499986511], [-83.46902400007609, 41.66610099980396], [-83.4692230002677, 41.66573599980524], [-83.4694340001549, 41.665389999966244], [-83.47001099973998, 41.66466600007483], [-83.47007900041037, 41.66458500007745], [-83.47078400004197, 41.66377000021616], [-83.47138900011448, 41.663000000211845], [-83.47228700008993, 41.6613479997484], [-83.4728620000252, 41.66008500024442], [-83.47287000042111, 41.65876000032312], [-83.47511099971264, 41.65872500002652], [-83.4759469997638, 41.658711999911525], [-83.47766099969895, 41.65868500033543], [-83.47883599968384, 41.657767999983164], [-83.47907599988336, 41.657580999995545], [-83.4790719996854, 41.65745299983096], [-83.47922300019646, 41.657451999802475], [-83.47958899989435, 41.65716200027727], [-83.4797909995607, 41.65700200016538], [-83.48016499965453, 41.65670499967584], [-83.48101300029958, 41.65603400013965], [-83.48112399972935, 41.655946000331134], [-83.48112200007954, 41.65586400005049], [-83.4811410003461, 41.65586400005049], [-83.48122900020965, 41.65586299999734], [-83.48155300007474, 41.65560599991076], [-83.48206400043591, 41.655201999707266], [-83.48223900033808, 41.65506400020009], [-83.48239599979861, 41.655059999937606], [-83.48239300032388, 41.65494200013668], [-83.48250100027892, 41.65485699971383], [-83.48249700008095, 41.65476800024057], [-83.48249500043111, 41.65468100011624], [-83.4828739996495, 41.65467400028627], [-83.48295999986323, 41.654673000214636], [-83.48295599966526, 41.65449900026299], [-83.48299099982536, 41.654455999735774], [-83.48310299997834, 41.65445400025688], [-83.4831480001842, 41.65445400025688], [-83.48321299958322, 41.65445200010672], [-83.48332300008639, 41.6544510000316], [-83.48331899988841, 41.654316999895514], [-83.48331200021573, 41.65410100031142], [-83.48346000035373, 41.65409800006974], [-83.48358699967703, 41.65400399980884], [-83.48368399976141, 41.653928000240235], [-83.48374400003587, 41.65392900032343], [-83.48373399999014, 41.65357899978037], [-83.48384399959497, 41.653577000274254], [-83.48395300027323, 41.65357500009686], [-83.48406299987809, 41.65357299991941], [-83.48414200041913, 41.65357199983063], [-83.48420799964305, 41.65353000011637], [-83.48420599999324, 41.653442000242705], [-83.48420299962018, 41.65335499966971], [-83.48447799997979, 41.65334999988013], [-83.4846610002779, 41.653347000274636], [-83.48465799990484, 41.65325900015096], [-83.48465600025501, 41.65317099990706], [-83.4847399999206, 41.653105999741214], [-83.48486999961695, 41.653001000315776], [-83.48486700014223, 41.65292099983956], [-83.48486499959408, 41.65283399990531], [-83.48486200011935, 41.65274599975201], [-83.48531900005382, 41.65273700017955], [-83.4853159996808, 41.65264899989373], [-83.48536699973441, 41.65260700024881], [-83.48546100034406, 41.6526050000413], [-83.4855709999489, 41.65260299983372], [-83.48556500010113, 41.652401000027844], [-83.48556000007825, 41.65225300014009], [-83.48573699963026, 41.652248999703076], [-83.48580100010268, 41.65224800026497], [-83.4858939999891, 41.65217300007738], [-83.48601299981479, 41.6520789996921], [-83.48621299983132, 41.65207499991545], [-83.48620199996067, 41.65172299980292], [-83.48646899992437, 41.6517179998866], [-83.48652300035103, 41.65167500018771], [-83.48658500027533, 41.65167400006951], [-83.48669499988017, 41.65167199983303], [-83.4868010001854, 41.651670000267714], [-83.4869140001633, 41.6516680000311], [-83.48714199976892, 41.651666999912756], [-83.48712800042354, 41.65119700030622], [-83.48844599962526, 41.65012599982354], [-83.48940499970007, 41.64938299992342], [-83.49140700041363, 41.64783000012095], [-83.49184500008154, 41.647468999998445], [-83.49183699968562, 41.64726300012847], [-83.4922869999474, 41.64725499997686], [-83.49228299974945, 41.647123000016855], [-83.49237900000891, 41.64704699971382], [-83.4924989996595, 41.646951999712364], [-83.4924989996595, 41.6469629998045], [-83.49276999982118, 41.646956999998544], [-83.49276800017134, 41.64691499999894], [-83.49276599962322, 41.64683500001976], [-83.49276399997338, 41.64674399981361], [-83.49285299966184, 41.646673000043], [-83.49293999970048, 41.6466029997198], [-83.49304099998282, 41.646602000194115], [-83.49303000011217, 41.64627699980206], [-83.49343500016812, 41.64626999973014], [-83.49355700036686, 41.64626799999714], [-83.49384799972167, 41.64626300032872], [-83.49383699985101, 41.64593500028989], [-83.49378300032267, 41.64593599982589], [-83.49387100018622, 41.64586600004454], [-83.49396200042281, 41.645787000315025], [-83.49395099965383, 41.64545899986678], [-83.49427000039438, 41.645454000135594], [-83.49443600007574, 41.645451000162474], [-83.4946019997571, 41.64544800018916], [-83.49472999980361, 41.64544599975937], [-83.4947230001309, 41.6452150000466], [-83.4947230001309, 41.64519199971603], [-83.49476999998657, 41.64515500033443], [-83.49476599978863, 41.64505000003241], [-83.49491700029967, 41.64503900028497], [-83.49651800025691, 41.64377099996841], [-83.49650200036338, 41.64261499976044], [-83.49649300014255, 41.64197199994761], [-83.49649200031764, 41.641844000317455], [-83.49648899994459, 41.64172300032841], [-83.49647800007394, 41.640815000073815], [-83.49647399987597, 41.64071300027802], [-83.49645799998245, 41.6402120002007], [-83.49644100026401, 41.639678999921294], [-83.49642100017253, 41.639072000247424], [-83.49640199990596, 41.63850299974472], [-83.49633499995882, 41.63655699967243], [-83.49643200004317, 41.63655599999089], [-83.49724399980491, 41.63654700017094], [-83.49819299983399, 41.63653600031477], [-83.49912000012176, 41.63652600013869], [-83.50264699972625, 41.63648400005358], [-83.50483600003756, 41.636458000242975], [-83.50595699959578, 41.6364439999791], [-83.50606100025115, 41.636443000295806]]]}, "properties": {"AREALAND": "73875675", "AREAWATER": "976807", "BASENAME": "Oregon", "CBSAPCI": "N", "CENTLAT": "+41.6530302", "CENTLON": "-083.4319771", "FUNCSTAT": "A", "GEOID": "3958730", "INTPTLAT": "+41.6559560", "INTPTLON": "-083.4383245", "LSADC": "25", "MTFCC": "G4110", "NAME": "Oregon city", "NECTAPCI": "N", "OBJECTID": 31816, "OID": "2789085243682", "PLACE": "58730", "PLACECC": "C2", "PLACENS": "01086529", "STATE": "39", "DISP_CLR": 5}}, {"type": "Feature", "id": 32147, "geometry": {"type": "Polygon", "coordinates": [[[-83.69439000041639, 41.657668000229556], [-83.69440899978466, 41.65736700000748], [-83.69234400022023, 41.65744500027365], [-83.69233599982431, 41.654882000086715], [-83.69233800037244, 41.653851999910735], [-83.69273599985739, 41.65385700033257], [-83.6932849998534, 41.65386300016708], [-83.69373199974213, 41.65386699983271], [-83.69389499994875, 41.65386900000103], [-83.69391300039041, 41.6502499998921], [-83.69392099988801, 41.648438000029664], [-83.69393500013172, 41.64628500007511], [-83.69416199991245, 41.64629500007942], [-83.69404999975946, 41.642370000320085], [-83.69399100020821, 41.64236599994058], [-83.69402200017036, 41.6389500001085], [-83.69400399972871, 41.63872299986812], [-83.69393599995664, 41.638722000220234], [-83.69393599995664, 41.63821300017396], [-83.69393799960645, 41.63764699980868], [-83.69393599995664, 41.63685100003168], [-83.69394299962933, 41.63632900004614], [-83.69394400035254, 41.63599699968992], [-83.69394500017748, 41.63567099982358], [-83.69394600000237, 41.635566000180816], [-83.69394600000237, 41.63546800027033], [-83.69394299962933, 41.63534399995085], [-83.69394099997952, 41.63524400029911], [-83.69393799960645, 41.63511399998283], [-83.69391800041329, 41.63500499993897], [-83.69388599972791, 41.634839999965415], [-83.69379399966641, 41.63436099967565], [-83.69376100005447, 41.634191000134024], [-83.69372599989434, 41.634009999856744], [-83.69372099987149, 41.63398000016232], [-83.69369599975713, 41.63384299990311], [-83.69367099964276, 41.63370500029838], [-83.69364700025163, 41.63356899985398], [-83.69360500041884, 41.63333599972895], [-83.69359000035023, 41.63325400021076], [-83.69327200033291, 41.631488999918545], [-83.6908489996699, 41.631381000220735], [-83.68852399981446, 41.631289999675914], [-83.68587400026902, 41.631185000282116], [-83.68422399990797, 41.6311190003263], [-83.68419200012094, 41.627499000318885], [-83.6841899995728, 41.62717500010186], [-83.68418700009806, 41.62647800006191], [-83.68417700005233, 41.62380400020356], [-83.68419499959568, 41.62172899970196], [-83.6841899995728, 41.620824000269316], [-83.68418799992297, 41.620307999707826], [-83.68419499959568, 41.619499000072935], [-83.68418100025029, 41.61853399991731], [-83.68418399972501, 41.61777800011016], [-83.68418500044825, 41.617434999818435], [-83.6841899995728, 41.61611099983579], [-83.68419299994584, 41.61548099966549], [-83.6841970001438, 41.61433500006095], [-83.68419799996872, 41.614060999709785], [-83.68419999961854, 41.613713000291916], [-83.68420100034176, 41.61340399991839], [-83.68420200016668, 41.613181999935996], [-83.68420499964141, 41.612543000223766], [-83.68420700018955, 41.611945000142754], [-83.68421200021243, 41.61062800021437], [-83.68421399986224, 41.610291000044775], [-83.68413799969426, 41.609801999761245], [-83.68408199961776, 41.60952399990195], [-83.68404099960986, 41.60928799988338], [-83.6837600003008, 41.60787500015601], [-83.68375199990487, 41.60770299970202], [-83.68377100017146, 41.60752000002768], [-83.68381200017934, 41.607335000236674], [-83.68390199969271, 41.60712200008897], [-83.68408699964063, 41.6068490001392], [-83.68419499959568, 41.60670099974994], [-83.68687600000155, 41.60421599993492], [-83.68754299999833, 41.603582999891344], [-83.68847299976083, 41.60270000026899], [-83.68881099986963, 41.602316999983294], [-83.68897400007626, 41.60183799990109], [-83.68900099984043, 41.60088599988224], [-83.68890399975606, 41.598511000207424], [-83.68893100041855, 41.59591499981732], [-83.68897400007626, 41.59523699993289], [-83.68901599990905, 41.59501400026137], [-83.68898499994691, 41.59305400007654], [-83.68898099974895, 41.59282399975215], [-83.6890279996046, 41.59278899992309], [-83.68938300033017, 41.59245899983357], [-83.68897599972607, 41.592454999716274], [-83.68897499990118, 41.592350000243684], [-83.6887449997474, 41.592350000243684], [-83.68795300007716, 41.5923440000575], [-83.68732399971522, 41.59234800018166], [-83.68714999963795, 41.592348999876755], [-83.68694799997158, 41.592348999876755], [-83.6868709999787, 41.592350000243684], [-83.68655200013646, 41.592350000243684], [-83.68540499974065, 41.59234800018166], [-83.68540399991575, 41.59231900028352], [-83.68441600042692, 41.59231599985316], [-83.68411599995295, 41.59231500015756], [-83.68369199963043, 41.59231500015756], [-83.68296100005954, 41.592313000094464], [-83.6820220000762, 41.592311000031344], [-83.68142500039963, 41.592308999968125], [-83.68104200008499, 41.59231199972701], [-83.68046700014973, 41.59232400010471], [-83.67974499990136, 41.59232600016747], [-83.67915099969953, 41.5923269998629], [-83.6785649998936, 41.59232899992552], [-83.67797099969177, 41.592330999988114], [-83.67739099973362, 41.592331999683466], [-83.67683599988986, 41.59233500011309], [-83.67650899965169, 41.59233500011309], [-83.6760430003947, 41.59233599980838], [-83.6758400000051, 41.592337000175505], [-83.67556600036872, 41.592337999870765], [-83.67532000032142, 41.592337999870765], [-83.67507599992393, 41.592339000237864], [-83.67477899982302, 41.59233999993309], [-83.67451900043035, 41.59234600011958], [-83.67287499991708, 41.592341999995305], [-83.67169999993217, 41.59233999993309], [-83.67112199962388, 41.592337999870765], [-83.67107700031634, 41.592337999870765], [-83.67101100019411, 41.5930189997003], [-83.67082399969804, 41.5932389998304], [-83.67052300029748, 41.5935770000595], [-83.67037500015948, 41.59357799973555], [-83.67002700000494, 41.59357900008343], [-83.6695669996974, 41.59358199978325], [-83.66944299984883, 41.59358199978325], [-83.66887399976135, 41.59307700019828], [-83.66848600032215, 41.59273200019917], [-83.66796999993811, 41.59249100009123], [-83.66789200012029, 41.592484999918156], [-83.66724900041298, 41.59243800022276], [-83.66721500007779, 41.5924369998572], [-83.66700099981755, 41.592425000172305], [-83.66670399971663, 41.59240700030491], [-83.66670299989171, 41.592500000013835], [-83.66598999986418, 41.59244000028198], [-83.66555300002118, 41.59239499994259], [-83.66508699986585, 41.59234800018166], [-83.66484099981858, 41.59231999997906], [-83.66469600005361, 41.592304000145774], [-83.66469500022869, 41.59243499979793], [-83.66466099989351, 41.59243200004476], [-83.66443300028787, 41.59241200011928], [-83.6644349999377, 41.59227399985978], [-83.66294699995835, 41.59214400025101], [-83.66247199958222, 41.592073999836394], [-83.66104800007528, 41.59190599974103], [-83.6598789999382, 41.59177100019932], [-83.6598789999382, 41.59174099966561], [-83.65806799991867, 41.59152299989248], [-83.65760299958825, 41.59146500001376], [-83.65681099991801, 41.59136700026244], [-83.65641799955762, 41.591337999923574], [-83.65606000025565, 41.59131800033096], [-83.65570100023045, 41.5913059997662], [-83.65511000040166, 41.591289999681585], [-83.65411500034182, 41.59126599988313], [-83.6534800001321, 41.591251000172555], [-83.65214500031364, 41.59121699987504], [-83.6503540003856, 41.591171000313416], [-83.6503540003856, 41.59114300027214], [-83.64974199974209, 41.59112799986113], [-83.6488680000561, 41.5911049997168], [-83.64838199980927, 41.5910929997843], [-83.64732200035044, 41.59106499970918], [-83.64571700019525, 41.59102399996114], [-83.64560800041531, 41.59101200001358], [-83.64560800041531, 41.59111500021871], [-83.64532499965975, 41.59109499988515], [-83.64411399968986, 41.59105699997341], [-83.64387600003847, 41.591049999951856], [-83.64330299975303, 41.59101800032357], [-83.64294399972783, 41.590998999675996], [-83.64245699965612, 41.590962000096134], [-83.64207900026267, 41.59092699992931], [-83.64181099957574, 41.590896999675216], [-83.64152500024379, 41.590862000145016], [-83.64118999960972, 41.590810000001724], [-83.64128400021939, 41.59092699992931], [-83.64109000005061, 41.59089800006464], [-83.64104499984477, 41.59089100002585], [-83.64053500020684, 41.59077699986318], [-83.63881600024882, 41.5903930003094], [-83.63673900009051, 41.58992700029548], [-83.63502500015537, 41.58948099977313], [-83.6342950004094, 41.58929099994339], [-83.63413100037788, 41.589366999808036], [-83.63401000000404, 41.589215999732886], [-83.63348899959715, 41.589078999777385], [-83.63273200008699, 41.58887899993337], [-83.63196299998296, 41.588676000213944], [-83.63185500002794, 41.58864700000993], [-83.63164699961548, 41.588582999698986], [-83.6310159996037, 41.58842699968311], [-83.62974299970953, 41.58811199991035], [-83.62960299996745, 41.588077999975205], [-83.62948699961649, 41.587928000008134], [-83.6282410003848, 41.587620999978874], [-83.62549999970446, 41.58689500017274], [-83.62533499984802, 41.586972999727045], [-83.62353899989712, 41.58649499977151], [-83.62330700009352, 41.586433000260186], [-83.6207069998785, 41.58578900003774], [-83.62064499995422, 41.58571299999256], [-83.62058600040298, 41.585639000127856], [-83.62050400038721, 41.585618000314234], [-83.62038999968608, 41.58558900008044], [-83.62010799965377, 41.585722000188255], [-83.619961000239, 41.585538999994306], [-83.61991699985808, 41.5855280001717], [-83.61923700034082, 41.585393000058694], [-83.61900700018704, 41.5853399997381], [-83.61874100004826, 41.585273999899215], [-83.61855899957509, 41.585228999939844], [-83.61835500025889, 41.58517799976885], [-83.61831000005304, 41.585166999884756], [-83.61780100024001, 41.585026999974794], [-83.61747499982677, 41.58494500017457], [-83.61723200015253, 41.58488299984672], [-83.61679600013444, 41.584774000231484], [-83.61623600026779, 41.58463000021109], [-83.61565799995947, 41.584481999930134], [-83.61542600015588, 41.5844229999551], [-83.61508499967404, 41.58433499980105], [-83.61467299994537, 41.58422900006709], [-83.61408499959133, 41.58407800006949], [-83.61402500021518, 41.58406300003265], [-83.61363699987767, 41.58396300014598], [-83.61348600026493, 41.58392400024225], [-83.6133079999897, 41.58387900001394], [-83.6127589999937, 41.58373800017056], [-83.61219900012703, 41.583585000035114], [-83.61163500006244, 41.58340500000454], [-83.61097399991344, 41.58317399973405], [-83.61047299959802, 41.5829830003174], [-83.6096619996612, 41.58265299982512], [-83.60924499990968, 41.58213900006079], [-83.6091770001376, 41.58205500024371], [-83.6090209996037, 41.5818629996756], [-83.60896399970228, 41.58179300020837], [-83.60863900001227, 41.58139199991668], [-83.6085999996542, 41.581345000208735], [-83.60856899969208, 41.58132699993986], [-83.60857799991291, 41.5813189996694], [-83.60706599964413, 41.57951300026736], [-83.60655799965602, 41.580093999813904], [-83.60640799986818, 41.58026599993759], [-83.60639799982245, 41.58027799986663], [-83.60633699972307, 41.58035199982762], [-83.60614799957719, 41.58059900016423], [-83.60605300004093, 41.580723000251744], [-83.60603200012454, 41.58075399973249], [-83.60333499982514, 41.58305100016043], [-83.6007349996101, 41.58625000006569], [-83.59974999959601, 41.58668799978733], [-83.59970899958813, 41.58670599990565], [-83.59967099995329, 41.586723000236695], [-83.5996569997096, 41.58672900027342], [-83.5996430003642, 41.586736000091605], [-83.59945400021832, 41.58681999986632], [-83.59443399971329, 41.58905299966472], [-83.59313499987985, 41.59314799987972], [-83.5917289999163, 41.59404400026661], [-83.59168200006062, 41.59407399972993], [-83.59163500020495, 41.59410399985119], [-83.5909349996979, 41.59455000000896], [-83.5880340000823, 41.600950000086776], [-83.58453400024199, 41.60435000013461], [-83.58203399958606, 41.60505000005243], [-83.57833399972921, 41.61095000013283], [-83.57604999988168, 41.61263499974418], [-83.56993399993281, 41.61715000007006], [-83.56562900000347, 41.61756700014467], [-83.56445200036876, 41.617680999995315], [-83.5639150000683, 41.61768599986631], [-83.56373699979308, 41.617687999814635], [-83.56323200017802, 41.617695000304735], [-83.56008399979189, 41.617725000190084], [-83.559718000094, 41.617728000110695], [-83.5595980004434, 41.61773000005767], [-83.55343899993852, 41.617792999699454], [-83.55123899975655, 41.61781499976239], [-83.54992099965654, 41.61782900004276], [-83.54862099999818, 41.617840999704995], [-83.54852100043907, 41.61784300032005], [-83.54845399959359, 41.61784400029179], [-83.54624599991405, 41.617867000308706], [-83.54483300027778, 41.61788199987731], [-83.54362200030788, 41.61789800008491], [-83.54298899974796, 41.617903999909934], [-83.5428849999909, 41.61790499988067], [-83.54245700036873, 41.6179079997929], [-83.54141600027813, 41.61791600022979], [-83.54124100037596, 41.61791700020035], [-83.54107300014647, 41.61791800017094], [-83.5410549997048, 41.61791800017094], [-83.5408930002214, 41.61791900014151], [-83.5391249998596, 41.617925999935004], [-83.53909100042272, 41.617925999935004], [-83.53907499963088, 41.617925999935004], [-83.53855099974925, 41.61792999981661], [-83.53821199981553, 41.617931999757374], [-83.53802600004269, 41.61793299972773], [-83.53795300024775, 41.61793299972773], [-83.53782100000326, 41.617933999698025], [-83.53765600014682, 41.61793499966835], [-83.53759900024541, 41.61793499966835], [-83.53749100029039, 41.617936000310195], [-83.53732600043395, 41.617936000310195], [-83.53728200005301, 41.617937000280484], [-83.53725699993865, 41.617937000280484], [-83.53667699998053, 41.61794000019123], [-83.53664400036857, 41.61794000019123], [-83.53655999980465, 41.61794000019123], [-83.53635499976525, 41.617941000161466], [-83.53588500031027, 41.617959000294306], [-83.53343499988307, 41.617949999892716], [-83.53339800007316, 41.617949999892716], [-83.53299899986499, 41.6179460000123], [-83.53296899972774, 41.6179460000123], [-83.53292600007006, 41.6179460000123], [-83.5315710001601, 41.617930999787006], [-83.53138600021218, 41.61792999981661], [-83.53042200011448, 41.6179230000236], [-83.53011900016577, 41.61791700020035], [-83.5292909996122, 41.6179019999683], [-83.52913400015169, 41.6179019999683], [-83.52861199991987, 41.61790099999747], [-83.5281280002212, 41.61790499988067], [-83.5278960004176, 41.617913000317934], [-83.5264319998294, 41.617930999787006], [-83.52575899998486, 41.61793299972773], [-83.52552600035635, 41.617941000161466], [-83.52509199998806, 41.617954999742906], [-83.52493499962922, 41.61795699968284], [-83.5248130003288, 41.61796100023416], [-83.52473200013796, 41.61796400014378], [-83.52435600039432, 41.61796400014378], [-83.52369400042042, 41.61796400014378], [-83.52358899994013, 41.61796500011366], [-83.52303400009635, 41.61796800002309], [-83.52242700037404, 41.61796000026424], [-83.52240999975729, 41.61796000026424], [-83.52186999998212, 41.61795299980286], [-83.52182700032441, 41.61795199983286], [-83.52179600036224, 41.61795199983286], [-83.52177500044586, 41.61795199983286], [-83.5212719995823, 41.6179460000123], [-83.52093000017386, 41.61794200013168], [-83.52011300038926, 41.617936000310195], [-83.51991199964948, 41.617933999698025], [-83.51889400002345, 41.617931999757374], [-83.51886800008417, 41.617931999757374], [-83.51798199980428, 41.61792999981661], [-83.51768100040371, 41.617930999787006], [-83.51766299996204, 41.617931999757374], [-83.51745000042504, 41.617936000310195], [-83.51708100035408, 41.6179450000422], [-83.51664799981073, 41.61794799995257], [-83.51607799989834, 41.61795099986279], [-83.51562099996386, 41.617939000221035], [-83.51511600034877, 41.617937000280484], [-83.51460300033779, 41.617933999698025], [-83.5126039999973, 41.617908999763635], [-83.50639799963673, 41.61803499997906], [-83.5058520000138, 41.6180439996972], [-83.50550999970703, 41.618051000148704], [-83.50551100043025, 41.61809100021963], [-83.50552099957767, 41.618525000267496], [-83.50560199976853, 41.62204399992317], [-83.50563600010373, 41.62311800011688], [-83.50565799984501, 41.62380099989408], [-83.505734000013, 41.626187000263535], [-83.50575699957922, 41.62691299990038], [-83.50577400019598, 41.627446000330515], [-83.50580199978506, 41.628345999769984], [-83.50582500024962, 41.62905500002029], [-83.50586000040971, 41.63016199975145], [-83.50586500043259, 41.63031200025426], [-83.50587299993019, 41.63054799989111], [-83.50587999960288, 41.63074800018159], [-83.5059649999917, 41.63326599968828], [-83.50604899965728, 41.63609500013881], [-83.50605700005319, 41.63635200018344], [-83.50606100025115, 41.636443000295806], [-83.50595699959578, 41.6364439999791], [-83.50483600003756, 41.636458000242975], [-83.50264699972625, 41.63648400005358], [-83.49912000012176, 41.63652600013869], [-83.49819299983399, 41.63653600031477], [-83.49724399980491, 41.63654700017094], [-83.49643200004317, 41.63655599999089], [-83.49633499995882, 41.63655699967243], [-83.49640199990596, 41.63850299974472], [-83.49642100017253, 41.639072000247424], [-83.49644100026401, 41.639678999921294], [-83.49645799998245, 41.6402120002007], [-83.49647399987597, 41.64071300027802], [-83.49647800007394, 41.640815000073815], [-83.49648899994459, 41.64172300032841], [-83.49649200031764, 41.641844000317455], [-83.49649300014255, 41.64197199994761], [-83.49650200036338, 41.64261499976044], [-83.49651800025691, 41.64377099996841], [-83.49491700029967, 41.64503900028497], [-83.49476599978863, 41.64505000003241], [-83.49476999998657, 41.64515500033443], [-83.4947230001309, 41.64519199971603], [-83.4947230001309, 41.6452150000466], [-83.49472999980361, 41.64544599975937], [-83.4946019997571, 41.64544800018916], [-83.49443600007574, 41.645451000162474], [-83.49427000039438, 41.645454000135594], [-83.49395099965383, 41.64545899986678], [-83.49396200042281, 41.645787000315025], [-83.49387100018622, 41.64586600004454], [-83.49378300032267, 41.64593599982589], [-83.49383699985101, 41.64593500028989], [-83.49384799972167, 41.64626300032872], [-83.49355700036686, 41.64626799999714], [-83.49343500016812, 41.64626999973014], [-83.49303000011217, 41.64627699980206], [-83.49304099998282, 41.646602000194115], [-83.49293999970048, 41.6466029997198], [-83.49285299966184, 41.646673000043], [-83.49276399997338, 41.64674399981361], [-83.49276599962322, 41.64683500001976], [-83.49276800017134, 41.64691499999894], [-83.49276999982118, 41.646956999998544], [-83.4924989996595, 41.6469629998045], [-83.4924989996595, 41.646951999712364], [-83.49237900000891, 41.64704699971382], [-83.49228299974945, 41.647123000016855], [-83.4922869999474, 41.64725499997686], [-83.49183699968562, 41.64726300012847], [-83.49184500008154, 41.647468999998445], [-83.49140700041363, 41.64783000012095], [-83.48940499970007, 41.64938299992342], [-83.48844599962526, 41.65012599982354], [-83.48712800042354, 41.65119700030622], [-83.48714199976892, 41.651666999912756], [-83.4869140001633, 41.6516680000311], [-83.4868010001854, 41.651670000267714], [-83.48669499988017, 41.65167199983303], [-83.48658500027533, 41.65167400006951], [-83.48652300035103, 41.65167500018771], [-83.48646899992437, 41.6517179998866], [-83.48620199996067, 41.65172299980292], [-83.48621299983132, 41.65207499991545], [-83.48601299981479, 41.6520789996921], [-83.4858939999891, 41.65217300007738], [-83.48580100010268, 41.65224800026497], [-83.48573699963026, 41.652248999703076], [-83.48556000007825, 41.65225300014009], [-83.48556500010113, 41.652401000027844], [-83.4855709999489, 41.65260299983372], [-83.48546100034406, 41.6526050000413], [-83.48536699973441, 41.65260700024881], [-83.4853159996808, 41.65264899989373], [-83.48531900005382, 41.65273700017955], [-83.48486200011935, 41.65274599975201], [-83.48486499959408, 41.65283399990531], [-83.48486700014223, 41.65292099983956], [-83.48486999961695, 41.653001000315776], [-83.4847399999206, 41.653105999741214], [-83.48465600025501, 41.65317099990706], [-83.48465799990484, 41.65325900015096], [-83.4846610002779, 41.653347000274636], [-83.48447799997979, 41.65334999988013], [-83.48420299962018, 41.65335499966971], [-83.48420599999324, 41.653442000242705], [-83.48420799964305, 41.65353000011637], [-83.48414200041913, 41.65357199983063], [-83.48406299987809, 41.65357299991941], [-83.48395300027323, 41.65357500009686], [-83.48384399959497, 41.653577000274254], [-83.48373399999014, 41.65357899978037], [-83.48374400003587, 41.65392900032343], [-83.48368399976141, 41.653928000240235], [-83.48358699967703, 41.65400399980884], [-83.48346000035373, 41.65409800006974], [-83.48331200021573, 41.65410100031142], [-83.48331899988841, 41.654316999895514], [-83.48332300008639, 41.6544510000316], [-83.48321299958322, 41.65445200010672], [-83.4831480001842, 41.65445400025688], [-83.48310299997834, 41.65445400025688], [-83.48299099982536, 41.654455999735774], [-83.48295599966526, 41.65449900026299], [-83.48295999986323, 41.654673000214636], [-83.4828739996495, 41.65467400028627], [-83.48249500043111, 41.65468100011624], [-83.48249700008095, 41.65476800024057], [-83.48250100027892, 41.65485699971383], [-83.48239300032388, 41.65494200013668], [-83.48239599979861, 41.655059999937606], [-83.48223900033808, 41.65506400020009], [-83.48206400043591, 41.655201999707266], [-83.48155300007474, 41.65560599991076], [-83.48122900020965, 41.65586299999734], [-83.4811410003461, 41.65586400005049], [-83.48112200007954, 41.65586400005049], [-83.48112399972935, 41.655946000331134], [-83.48101300029958, 41.65603400013965], [-83.48016499965453, 41.65670499967584], [-83.4797909995607, 41.65700200016538], [-83.47958899989435, 41.65716200027727], [-83.47922300019646, 41.657451999802475], [-83.4790719996854, 41.65745299983096], [-83.47907599988336, 41.657580999995545], [-83.47883599968384, 41.657767999983164], [-83.47766099969895, 41.65868500033543], [-83.4759469997638, 41.658711999911525], [-83.47511099971264, 41.65872500002652], [-83.47287000042111, 41.65876000032312], [-83.4728620000252, 41.66008500024442], [-83.47228700008993, 41.6613479997484], [-83.47138900011448, 41.663000000211845], [-83.47078400004197, 41.66377000021616], [-83.47007900041037, 41.66458500007745], [-83.47001099973998, 41.66466600007483], [-83.4694340001549, 41.665389999966244], [-83.4692230002677, 41.66573599980524], [-83.46902400007609, 41.66610099980396], [-83.47092999963185, 41.66607499986511], [-83.47292800014743, 41.666047000125765], [-83.47790099989847, 41.665978999845265], [-83.4779179996169, 41.665978999845265], [-83.4779450002794, 41.66708500024908], [-83.477960000348, 41.66768900011412], [-83.4779670000207, 41.66790800002638], [-83.47797600024154, 41.668343000051095], [-83.4779810002644, 41.668509999838236], [-83.47798399973915, 41.66862500004253], [-83.47799299995998, 41.66899700005487], [-83.47748300032202, 41.66954500032072], [-83.47530099968344, 41.67180700021387], [-83.47500199993269, 41.67211899986168], [-83.47354699956533, 41.67336600032391], [-83.47326999955588, 41.673605999742456], [-83.4730379997523, 41.673814999899506], [-83.47299099989662, 41.67387000021653], [-83.47335400011978, 41.67411100020963], [-83.47214599962463, 41.67525100010297], [-83.47214800017277, 41.67538399987118], [-83.4718900004299, 41.67562599998053], [-83.47165899955291, 41.67584499973044], [-83.47162400029111, 41.67587899970138], [-83.47125400039526, 41.67562699972677], [-83.47097099963973, 41.67575400025267], [-83.47085699983691, 41.67587500006098], [-83.47056399993396, 41.67618299982745], [-83.47053299997182, 41.676215999882764], [-83.47049100013902, 41.67625899997008], [-83.47051399970525, 41.67642699975503], [-83.47056300010904, 41.67679700017923], [-83.47050899968237, 41.67691800003955], [-83.47038599965872, 41.67719200025208], [-83.47013700013667, 41.67774800025206], [-83.46981900011937, 41.67845800010371], [-83.4696450000421, 41.67883000032159], [-83.4690109996573, 41.67868600025427], [-83.46870600005876, 41.67861700020565], [-83.46854399967707, 41.67899699973991], [-83.46850600004223, 41.67908500025137], [-83.46838899986635, 41.67935800027183], [-83.46808300044292, 41.68007599990675], [-83.46780200023552, 41.680732999800256], [-83.46777799994608, 41.680790999912865], [-83.46746900014959, 41.681513000293336], [-83.46742999979155, 41.68160600032768], [-83.46672599998483, 41.682778999675165], [-83.46669300037287, 41.682855000079215], [-83.46638200002825, 41.68357000006852], [-83.46532400021923, 41.686009000076034], [-83.4650480000347, 41.68697799983945], [-83.46466899991802, 41.68831499992978], [-83.46447999977214, 41.68896800005712], [-83.46556100004568, 41.68913900015615], [-83.46554500015216, 41.68919700007087], [-83.46523600035567, 41.690308999796464], [-83.4648070000103, 41.69185999983807], [-83.4643709999922, 41.69343399992651], [-83.46644399995253, 41.69164599975409], [-83.4698779996706, 41.69286600018451], [-83.47145000021385, 41.693527000170505], [-83.47100199960187, 41.693864999960894], [-83.4711720003795, 41.694008000137345], [-83.47132200016733, 41.694133999808834], [-83.47085900038505, 41.69447299988769], [-83.47080199958532, 41.69460399993021], [-83.47067199988898, 41.69484600020319], [-83.47053299997182, 41.695076000200814], [-83.47037700033621, 41.695302000272235], [-83.47022699965005, 41.695496000115604], [-83.46979900002788, 41.69606099981103], [-83.46978899998214, 41.69620399980041], [-83.46993100027237, 41.69645199998042], [-83.47022099980228, 41.696539000003604], [-83.47038099963585, 41.69658600029099], [-83.47052700012402, 41.69656900007682], [-83.47097800021074, 41.69651699998573], [-83.4712789996113, 41.69662000003503], [-83.47178699959942, 41.69679400017996], [-83.47270100036671, 41.69721799993426], [-83.47324299979171, 41.69762699979162], [-83.47378299956688, 41.698035999730905], [-83.47451999988384, 41.69813699989598], [-83.47564399981512, 41.69803899993733], [-83.47589200041054, 41.698017999830974], [-83.47757799985828, 41.69853399988436], [-83.47868500007111, 41.70051299977273], [-83.4785799995908, 41.70229200024571], [-83.47857100026829, 41.70247199979906], [-83.47856000039764, 41.702692000059336], [-83.4785579998495, 41.70271899995707], [-83.47855299982662, 41.70274599984353], [-83.47854600015393, 41.70277199972343], [-83.47851900038975, 41.702827000105465], [-83.47848800042762, 41.70286799985968], [-83.4784520004426, 41.70290300029991], [-83.47843999984872, 41.70291200023755], [-83.4784239999552, 41.70292000018107], [-83.47841300008454, 41.70292700013084], [-83.47839899984083, 41.70293900004295], [-83.47838999962002, 41.70294899996798], [-83.47838200012241, 41.70296099987599], [-83.47837600027461, 41.702970999797586], [-83.47837100025176, 41.70298599967713], [-83.47836899970362, 41.70300200021546], [-83.47837000042684, 41.703016000096355], [-83.47837999957426, 41.70305599973932], [-83.4783960003661, 41.70310899989861], [-83.4784380001989, 41.703248999678976], [-83.47845400009241, 41.70331400019196], [-83.4784669996129, 41.703412000160206], [-83.47846999998596, 41.70346600001044], [-83.47846999998596, 41.703493000253864], [-83.47846900016104, 41.703543000103444], [-83.4784669996129, 41.70357200028007], [-83.47846400013816, 41.7035989998083], [-83.47846099976512, 41.703619000122245], [-83.47845599974225, 41.70363799977759], [-83.47844900006956, 41.70365700009796], [-83.47843999984872, 41.70367499976096], [-83.47842899997806, 41.70369200010871], [-83.47841599955927, 41.703708999781284], [-83.47840100038898, 41.703725000139656], [-83.47838399977223, 41.7037399998433], [-83.47836600022887, 41.70375400023419], [-83.47834600013739, 41.70376699997167], [-83.47832400039609, 41.70377799974751], [-83.47831000015238, 41.703784000295094], [-83.47829500008376, 41.70379000017149], [-83.47827900019024, 41.70379600004727], [-83.47825400007589, 41.70380299990168], [-83.47817799990791, 41.70381900023671], [-83.47723700027474, 41.704017999753255], [-83.47594400028909, 41.704289999973454], [-83.47461899961804, 41.704570000122594], [-83.47499400043507, 41.70556500004469], [-83.47504899978836, 41.70571100021054], [-83.47505899983409, 41.70573500033468], [-83.47505999965901, 41.70576300024467], [-83.47505299998632, 41.70578599973044], [-83.47503799991769, 41.70580899987865], [-83.47501500035148, 41.70582700028049], [-83.47497599999343, 41.70584400005926], [-83.47492599976471, 41.70584999974342], [-83.47486100036569, 41.705841000216964], [-83.47480600011411, 41.705826000332834], [-83.47474800038779, 41.705798999727755], [-83.47469899998399, 41.705770999833476], [-83.47460500027266, 41.705730999867534], [-83.47453800032551, 41.70571100021054], [-83.47450399999032, 41.7057029999436], [-83.47445299993669, 41.70569399972594], [-83.47440500025611, 41.705685000177695], [-83.47432499989017, 41.705656000283426], [-83.47428600043042, 41.70563400003115], [-83.47422799980579, 41.705587000320584], [-83.47419500019383, 41.70554499966539], [-83.47416099985863, 41.70549000026695], [-83.47414499996512, 41.705468999911155], [-83.47409599956131, 41.705423000033875], [-83.47406999962206, 41.705404000235355], [-83.47401100007082, 41.70536999976999], [-83.4739609998421, 41.70534900004563], [-83.47389300007003, 41.705329000269856], [-83.47380500020648, 41.70531099972858], [-83.47372200036583, 41.70528400024852], [-83.47365399969543, 41.70525400021681], [-83.47359900034216, 41.70522200025701], [-83.47354200044076, 41.705180000034055], [-83.4734820001663, 41.70513999970043], [-83.47341500021915, 41.705102999889455], [-83.47335199957165, 41.70507299977331], [-83.47326799990607, 41.70504199968329], [-83.47320099995892, 41.70502299977214], [-83.47314099968446, 41.705010000288596], [-83.47307100026256, 41.70499800009232], [-83.47303600010247, 41.70499400024995], [-83.47300000011747, 41.704990999697365], [-83.47296499995734, 41.70498899977598], [-83.47292899997235, 41.70498799981528], [-83.47289299998734, 41.70498799981528], [-83.47283299971288, 41.704990999697365], [-83.47271600043533, 41.70500399985543], [-83.47268100027523, 41.70501100024895], [-83.47263199987142, 41.70501100024895], [-83.47259599988641, 41.70500699973672], [-83.4725659997492, 41.70500199993444], [-83.47252200026658, 41.7049899997367], [-83.47248100025868, 41.70497500032466], [-83.47244500027368, 41.70495699968428], [-83.47240799956543, 41.70493299994036], [-83.47238800037226, 41.70491599992073], [-83.47236400008283, 41.70490399970695], [-83.47231300002919, 41.70488599971732], [-83.47227200002132, 41.704878999980856], [-83.47223000018853, 41.70487600009354], [-83.47220900027213, 41.70487700005597], [-83.47217699958676, 41.70486899968532], [-83.47211300001267, 41.704849999723045], [-83.4720529997382, 41.70482599993918], [-83.47199800038491, 41.70479599969383], [-83.47188100020905, 41.70476200024825], [-83.4716510000553, 41.704690000100676], [-83.47137999989366, 41.704605000307005], [-83.4704340002376, 41.70426799992445], [-83.46921999989465, 41.70383599987571], [-83.46827099986558, 41.70350000014127], [-83.4676730003641, 41.70328899984765], [-83.46746199957857, 41.70321600007434], [-83.46726400011019, 41.70315100013299], [-83.46700499964409, 41.703072000260235], [-83.46670699971826, 41.70298900032332], [-83.4664489999754, 41.70292300015964], [-83.46618600020966, 41.70286099990353], [-83.46598500036822, 41.70281800015592], [-83.46575900041242, 41.70277299971859], [-83.46572900027518, 41.70275999978015], [-83.46564999973415, 41.70272499993284], [-83.46554400032726, 41.70268300009085], [-83.46540600023499, 41.70263600023521], [-83.46535400035646, 41.7026130002933], [-83.46530099975469, 41.70258199968793], [-83.46523499963246, 41.7025299997639], [-83.46516600003548, 41.70245699979961], [-83.46490200044482, 41.702210999980494], [-83.46468800018458, 41.70200200016626], [-83.46458799972717, 41.701968999921704], [-83.46447200027451, 41.70192700025667], [-83.46439500028163, 41.70189900001758], [-83.46431999993857, 41.70186999975712], [-83.46426200021224, 41.70184600020238], [-83.46419799973982, 41.701819999948], [-83.46413400016573, 41.701792999672776], [-83.46410200037867, 41.70177900019627], [-83.46374699965313, 41.70183900013492], [-83.4636889999268, 41.70184800022149], [-83.46362000032984, 41.70186399970157], [-83.46358599999465, 41.70187399979384], [-83.46355300038267, 41.70188499989345], [-83.46325799993157, 41.70203699973645], [-83.46324000038824, 41.70209800011073], [-83.46326499960428, 41.70208200001816], [-83.46328600041899, 41.702068999940025], [-83.46339000017606, 41.702080000006326], [-83.46356000005537, 41.70210800016655], [-83.46365999961446, 41.70213200029421], [-83.46372200043707, 41.70214899970856], [-83.46380399955453, 41.7021739998254], [-83.46391700043075, 41.70221499999599], [-83.46408800013496, 41.70228800023501], [-83.46429499982422, 41.702378999746195], [-83.46451400010731, 41.70247699979807], [-83.46474799956073, 41.702586999678395], [-83.46479299976657, 41.70260800030485], [-83.4649069995694, 41.70269900003388], [-83.465041000362, 41.70280700021586], [-83.46527399999052, 41.70281500017245], [-83.46549800029649, 41.702836000053786], [-83.46581499959059, 41.702877999795795], [-83.46619899973014, 41.70294499999815], [-83.46648900015838, 41.70301000014779], [-83.46684599963544, 41.70310599992871], [-83.46714299973635, 41.703202000237], [-83.4692230002677, 41.703948000067655], [-83.4713139997714, 41.704692999996624], [-83.47143599997014, 41.704735999831705], [-83.47389300007003, 41.70561199977134], [-83.47401699991859, 41.705674000057485], [-83.47415699966068, 41.70574799967167], [-83.47439400038544, 41.70582199987131], [-83.47464499955733, 41.70589999977207], [-83.47464899975527, 41.70593499990315], [-83.47465399977814, 41.7059459999787], [-83.47466299999897, 41.70595200032402], [-83.47467499969454, 41.70595400021541], [-83.47471200040277, 41.70595700005243], [-83.47474699966456, 41.70596099983489], [-83.4747840003728, 41.70596800012422], [-83.47481699998477, 41.705975999687524], [-83.47485100031996, 41.70598599981089], [-83.47488399993192, 41.70599799982277], [-83.47492300028998, 41.70601600017171], [-83.47494599985619, 41.706027000233455], [-83.47497599999343, 41.706043999959334], [-83.47500199993269, 41.706060999680666], [-83.4750229998491, 41.70607700012446], [-83.47503500044297, 41.70608700023212], [-83.47506300003205, 41.70610699977215], [-83.47507499972762, 41.70610599982884], [-83.47508499977337, 41.70609900022515], [-83.4750949998191, 41.70608900011936], [-83.47511599973551, 41.706109000329384], [-83.475135999827, 41.70612999980553], [-83.47515599991848, 41.706150999945486], [-83.47516599996422, 41.70616199998408], [-83.47517500018505, 41.706173000020854], [-83.47519299972839, 41.70619500008869], [-83.47521299981989, 41.70622199985681], [-83.47522600023868, 41.706240000143026], [-83.4752420001322, 41.706263000128835], [-83.47525999967556, 41.70629299968974], [-83.4752699997213, 41.70631000001589], [-83.4752830001401, 41.706333999916474], [-83.47528999981277, 41.706348999682085], [-83.47529499983565, 41.706357999808056], [-83.47530599970631, 41.7063830003004], [-83.47531599975204, 41.70640700017368], [-83.47532499997288, 41.70643299991455], [-83.47532900017085, 41.70644599978103], [-83.4753340001937, 41.70645799970706], [-83.47533599984354, 41.70646799975546], [-83.4753409998664, 41.706484000097916], [-83.47534300041454, 41.70649300020497], [-83.47534800043742, 41.70650999980764], [-83.47535299956196, 41.70653600017752], [-83.47535799958484, 41.706562999802436], [-83.47535900030806, 41.70657499970662], [-83.47536099995789, 41.70658900015087], [-83.47536400033094, 41.706613999882684], [-83.47536500015586, 41.70663799966978], [-83.47536500015586, 41.70664799969018], [-83.47536500015586, 41.706671000200686], [-83.47536500015586, 41.70668599988772], [-83.47536400033094, 41.70671000031856], [-83.47536199978279, 41.70673400006978], [-83.47536099995789, 41.706746999875406], [-83.47536000013298, 41.70675799981208], [-83.47535699975992, 41.70677899974685], [-83.4753550001101, 41.706787999812626], [-83.47535199973706, 41.70680599994038], [-83.47534699971419, 41.70683000032643], [-83.47534000004148, 41.70685599989623], [-83.4753340001937, 41.706875999867705], [-83.47532599979779, 41.70690000022762], [-83.47531800030019, 41.7069229999773], [-83.47530900007935, 41.706945999718776], [-83.4752990000336, 41.70696700026284], [-83.4752849997899, 41.70699299977724], [-83.47527700029232, 41.70700099988362], [-83.47526499969842, 41.707010999847604], [-83.47525600037591, 41.707018000022615], [-83.47524600033016, 41.70702400026783], [-83.47523499956118, 41.70702999984187], [-83.47522299986562, 41.707037999943644], [-83.47521199999497, 41.70704699997316], [-83.47520100012433, 41.70705600000141], [-83.4751919999035, 41.707065999956846], [-83.47518400040589, 41.70707599991068], [-83.47517699983487, 41.707086999791024], [-83.47517099998709, 41.70709799966952], [-83.47516000011643, 41.70711900016389], [-83.47515300044375, 41.707130000036926], [-83.47514500004782, 41.70714399968966], [-83.47513099980412, 41.707167000022714], [-83.47511499991059, 41.70718899975043], [-83.47509900001707, 41.70721100014126], [-83.47509200034438, 41.707221000072536], [-83.47508300012353, 41.70723299985386], [-83.47506499968186, 41.70725400030419], [-83.47504899978836, 41.70727300022664], [-83.47503100024501, 41.70729100021862], [-83.47501000032861, 41.70730800028093], [-83.47498900041222, 41.707324999668096], [-83.47496199974972, 41.70734999978437], [-83.47495000005415, 41.70736200021233], [-83.4749319996125, 41.70738100010286], [-83.47491499989405, 41.70740099991098], [-83.47481500033494, 41.70755699981042], [-83.47477400032706, 41.70762199999212], [-83.47476599993114, 41.70763399969865], [-83.47475699971031, 41.707645000154166], [-83.47474699966456, 41.70765599993721], [-83.474734999969, 41.70766599979926], [-83.47472300027343, 41.70767499974086], [-83.47470900002972, 41.7076839996812], [-83.47469499978602, 41.70769099978298], [-83.4746789998925, 41.70769799988395], [-83.47466299999897, 41.707703000147234], [-83.47464700010545, 41.707707999739476], [-83.47463000038702, 41.707712000083646], [-83.47461199994535, 41.707713999920294], [-83.47459500022693, 41.70771499983865], [-83.47457699978526, 41.70771599975693], [-83.47455900024191, 41.70771499983865], [-83.47454199962516, 41.70771300000198], [-83.47452699955655, 41.707703000147234], [-83.47451099966302, 41.70769300029093], [-83.47449399994457, 41.707685000270615], [-83.47447600040122, 41.70767800016824], [-83.47445799995957, 41.707671999984], [-83.47443899969299, 41.70766699971831], [-83.4744189996015, 41.70766300004198], [-83.47439900040833, 41.70766100020376], [-83.47437900031686, 41.70766000028462], [-83.47435900022535, 41.70766000028462], [-83.47433900013388, 41.70766100020376], [-83.47431900004239, 41.70766399996112], [-83.47429899995092, 41.70766800030799], [-83.47427999968434, 41.707672999903004], [-83.47426200014098, 41.70767900008708], [-83.47424399969933, 41.70768600018936], [-83.47422699998089, 41.70769500012817], [-83.47420500023956, 41.707709000328514], [-83.47419000017096, 41.707718000264094], [-83.47417400027743, 41.70772499969153], [-83.47415599983577, 41.707729999952704], [-83.47413699956921, 41.70773299970686], [-83.47411800020095, 41.70773299970686], [-83.47382000027511, 41.70773899988535], [-83.4738060000314, 41.70773899988535], [-83.47379400033583, 41.70774200030967], [-83.4737840002901, 41.70774899973449], [-83.47377900026721, 41.70775900025274], [-83.47378000009215, 41.70776900009878], [-83.47373099968833, 41.70789899996782], [-83.4736649995661, 41.708071999860394], [-83.4736360001521, 41.70814799989086], [-83.47361199986264, 41.70821300014567], [-83.47357500005273, 41.70831000011482], [-83.47342100006693, 41.70871400032722], [-83.47340900037138, 41.708992000190655], [-83.47325500038558, 41.70913100000684], [-83.47319599993604, 41.709285999838244], [-83.473192999563, 41.70930999996909], [-83.47318800043843, 41.70933300019788], [-83.47318099986741, 41.70935700031118], [-83.4731719996466, 41.709379999852516], [-83.47316199960085, 41.70940300005624], [-83.47314900008037, 41.70942499968939], [-83.47313499983666, 41.70944699998568], [-83.47312899998889, 41.70945800013097], [-83.4731230001411, 41.70946900027439], [-83.47311899994314, 41.70947999974534], [-83.4731159995701, 41.709490999884984], [-83.47311399992026, 41.70950299991324], [-83.47311300009537, 41.70951699971987], [-83.47311399992026, 41.70952600007296], [-83.4731159995701, 41.70953800009473], [-83.4731230001411, 41.70954900022447], [-83.4731309996387, 41.70955999968168], [-83.47314800025545, 41.709580000153174], [-83.47316800034696, 41.709599999947876], [-83.4731790002176, 41.70961000017819], [-83.4731940002862, 41.70963400018808], [-83.47321100000465, 41.709665999963754], [-83.47321799967735, 41.709683999956354], [-83.4732279997231, 41.70970999971318], [-83.47323600011902, 41.709737999903844], [-83.47324699998967, 41.70975900020648], [-83.47326600025623, 41.709790000033976], [-83.47326999955588, 41.70980200000642], [-83.47327200010402, 41.7098120002053], [-83.47328100032486, 41.70983199992783], [-83.47328600034771, 41.70984100023677], [-83.47329200019551, 41.709852000314704], [-83.47330399989107, 41.70987200002474], [-83.47331399993682, 41.70989400016799], [-83.47331899995969, 41.70991000032843], [-83.47332200033273, 41.70991899995588], [-83.47332499980747, 41.70992900013657], [-83.47332599963237, 41.70994600017193], [-83.4733280001805, 41.70996200031943], [-83.47333099965526, 41.70997799979235], [-83.47333700040134, 41.70999399993188], [-83.47334400007405, 41.710009000184826], [-83.47335199957165, 41.71003200016351], [-83.47335900014266, 41.71005500013392], [-83.47336199961738, 41.71006700005695], [-83.47336499999044, 41.71007899997768], [-83.4733690001884, 41.710101999931325], [-83.47337500003619, 41.71011299996454], [-83.47338000005907, 41.71012499987674], [-83.47338400025703, 41.71013699978665], [-83.47338699973174, 41.71014899969437], [-83.47338799955666, 41.71016100027042], [-83.47338799955666, 41.710173000173604], [-83.47313200036194, 41.71017599981378], [-83.47141099985579, 41.710194000334184], [-83.47068600013269, 41.710342999679504], [-83.47063900027702, 41.71090400022409], [-83.47195300017908, 41.710886999771496], [-83.47278900023025, 41.71087599987072], [-83.47278800040536, 41.7108900000489], [-83.47278699968213, 41.71090199981606], [-83.47278599985721, 41.71091599998863], [-83.47278500003229, 41.71092799975088], [-83.47278300038248, 41.71095399967518], [-83.47278199965925, 41.71097899972146], [-83.47278099983434, 41.71100700003001], [-83.47278000000944, 41.71103299992236], [-83.47278000000944, 41.7110489997993], [-83.47278000000944, 41.711058999804195], [-83.47278000000944, 41.71106899980754], [-83.47278000000944, 41.71108499967557], [-83.47278000000944, 41.71109499967486], [-83.47278099983434, 41.71110600020877], [-83.47278199965925, 41.711116000204804], [-83.47278599985721, 41.71112600019928], [-83.47279500007804, 41.711145000318574], [-83.47280199975074, 41.71115399977313], [-83.47280900032176, 41.71116299989705], [-83.47288600031465, 41.711206000099075], [-83.47300000011747, 41.71126500009547], [-83.47301299963794, 41.71127500006676], [-83.47302500023181, 41.71128599989926], [-83.47303699992737, 41.711299000125656], [-83.47304699997312, 41.71131099981642], [-83.47305500036904, 41.711324000037756], [-83.47306200004174, 41.71133800011842], [-83.47306799988951, 41.71135200019597], [-83.47307200008747, 41.71137899981015], [-83.47307499956221, 41.71139100015658], [-83.47307799993527, 41.71140500022265], [-83.47308600033118, 41.711430999954025], [-83.47309100035405, 41.7114440001511], [-83.47309700020185, 41.71145699967488], [-83.4731089998974, 41.71148200019615], [-83.47311700029331, 41.71149499971229], [-83.47312399996602, 41.71150700003707], [-83.4731299998138, 41.71151500025238], [-83.47314099968446, 41.711530000150404], [-83.47315999995102, 41.71155300025545], [-83.4731649999739, 41.711564000040376], [-83.47317300036981, 41.71157899992697], [-83.47317800039269, 41.71159100023611], [-83.47318300041557, 41.71160500025858], [-83.47319099991317, 41.711630999909104], [-83.47319699976096, 41.711658000076646], [-83.473200000134, 41.71168500023285], [-83.47320199978381, 41.711711999707155], [-83.47320099995892, 41.71173899984068], [-83.47319900030908, 41.71175299983094], [-83.47319699976096, 41.71176599996285], [-83.47318500006538, 41.71179200021882], [-83.47316999999677, 41.71181699993918], [-83.47315300027833, 41.71184099979572], [-83.47313400001177, 41.71186399978949], [-83.47311300009537, 41.71188599992163], [-83.47308899980591, 41.71190700019315], [-83.47307700011035, 41.71192100014684], [-83.47306899971443, 41.711935000097476], [-83.47306399969155, 41.7119539999777], [-83.47306100021683, 41.711970000296006], [-83.4730589996687, 41.71198500008785], [-83.4730739997373, 41.712036999741514], [-83.47308799998102, 41.71205899981444], [-83.47308600033118, 41.71208199973026], [-83.47308499960795, 41.712098000016695], [-83.47308600033118, 41.71211000022891], [-83.47308700015608, 41.71212199976827], [-83.47308999963083, 41.71213399997604], [-83.4730949996537, 41.712146000181534], [-83.47309999967656, 41.71215699986499], [-83.47310700024758, 41.712168000217154], [-83.47311499974519, 41.71219199994263], [-83.47312099959296, 41.712217000178036], [-83.47312399996602, 41.71224199973311], [-83.47312599961585, 41.712266000101515], [-83.47312499979093, 41.712291000308134], [-83.4731230001411, 41.71230500017818], [-83.47312099959296, 41.71231599983443], [-83.4731159995701, 41.712341000021596], [-83.47311200027045, 41.712353000188436], [-83.47310600042266, 41.712366000199], [-83.47309999967656, 41.712377999690624], [-83.47309200017897, 41.71238999985056], [-83.47308299995814, 41.712401000162856], [-83.47307200008747, 41.71241099995742], [-83.47306100021683, 41.71242099975045], [-83.473051999996, 41.71242700016197], [-83.47303299972941, 41.71243900031276], [-83.47302000020895, 41.71244599989677], [-83.47299000007172, 41.71245200030598], [-83.47296099975938, 41.712455999684344], [-83.47293800019317, 41.712458000044016], [-83.47289800001019, 41.712458999888526], [-83.4728560001774, 41.71245700019949], [-83.47283500026101, 41.71245499983979], [-83.47281699981934, 41.71245399999517], [-83.47280000010092, 41.71245300015058], [-83.47276599976573, 41.71245300015058], [-83.47273099960563, 41.71245399999517], [-83.47269700016875, 41.712458000044016], [-83.47267600025235, 41.712458999888526], [-83.47264600011512, 41.71246500029651], [-83.47262600002364, 41.71247400023687], [-83.47260699975708, 41.712485999708335], [-83.47259800043454, 41.712493999801744], [-83.47259000003864, 41.71250100005032], [-83.47258300036594, 41.712509000141914], [-83.4725740001451, 41.71251899991968], [-83.47256099972631, 41.71253400025402], [-83.4725520004038, 41.71254700022798], [-83.47254400000789, 41.712560000199346], [-83.47253800016009, 41.712574000010754], [-83.47253399996214, 41.712599999939904], [-83.47253200031231, 41.71262599985853], [-83.47253300013722, 41.712653000278735], [-83.47253599961196, 41.712679000175925], [-83.47253499978704, 41.712696000154644], [-83.47253099958908, 41.71271399996935], [-83.47252599956622, 41.71273099993876], [-83.47251899989352, 41.712747999903726], [-83.47250999967268, 41.71276499986414], [-83.47249799997712, 41.7127869996879], [-83.47249200012934, 41.71279899977148], [-83.47248499955832, 41.71281999974473], [-83.47248100025868, 41.712835000008816], [-83.47247799988565, 41.712852999784666], [-83.47247899971055, 41.712894999689006], [-83.47247600023583, 41.71290800026054], [-83.47225500030288, 41.713711000239904], [-83.47214499979971, 41.71390200006754], [-83.4719890001641, 41.713905000204285], [-83.47195599965382, 41.713984999998296], [-83.47194999980603, 41.714000999811034], [-83.47193899993538, 41.714026999833564], [-83.47191899984391, 41.714077000208356], [-83.47188899970666, 41.71414899990191], [-83.47186600014045, 41.71420600024469], [-83.47184000020118, 41.71426999992231], [-83.4718069996909, 41.714350999747744], [-83.47160599984944, 41.71484300009543], [-83.4716369998116, 41.714842000287994], [-83.47170499958365, 41.71484099980999], [-83.47170700013179, 41.714868999777345], [-83.47170799995672, 41.71488500004061], [-83.47170899978161, 41.71489900001622], [-83.47171100032975, 41.71492900024113], [-83.47170999960653, 41.71495300027682], [-83.47170600030688, 41.71497599982764], [-83.471701000284, 41.71499999984584], [-83.47169299988809, 41.7150230000504], [-83.47168299984233, 41.715046000246744], [-83.47167699999456, 41.715070000238754], [-83.47167100014678, 41.715094000221804], [-83.47166799977374, 41.71511899999907], [-83.47166699994882, 41.71512900004136], [-83.47166600012392, 41.71514299996381], [-83.47166600012392, 41.715155000278116], [-83.47166699994882, 41.71516600011721], [-83.47166899959865, 41.71517699995443], [-83.4716719999717, 41.71518799978976], [-83.47167600016967, 41.71525000022853], [-83.47167699999456, 41.71527700021706], [-83.47168000036761, 41.71531400020771], [-83.47168100019252, 41.71533299975971], [-83.47168200001744, 41.715355999845116], [-83.47167500034473, 41.71538199999004], [-83.47166699994882, 41.715411000190926], [-83.47166100010104, 41.71543400024842], [-83.47165899955291, 41.71544400024166], [-83.47165500025326, 41.71545400023339], [-83.4716519998802, 41.71546299975524], [-83.47164500020752, 41.715477000275506], [-83.47163599998669, 41.7154900003248], [-83.47162599994094, 41.71550299970095], [-83.47161500007029, 41.715515999745], [-83.47159900017677, 41.7155349999078], [-83.471589000131, 41.71554599968187], [-83.47158199956, 41.71555400006505], [-83.47156300019175, 41.71557199974998], [-83.47154399992517, 41.71559000010044], [-83.47152300000877, 41.71560699997977], [-83.47150100026747, 41.71562500032042], [-83.4714760001531, 41.71564299998548], [-83.47144199981791, 41.71566399970012], [-83.47142299955134, 41.715674000328185], [-83.47139400013734, 41.71568800013192], [-83.47137800024382, 41.71569199997951], [-83.4713630001752, 41.715698000085695], [-83.47135300012947, 41.71570499998533], [-83.47134399990864, 41.715711000090295], [-83.47132299999224, 41.71578399975788], [-83.47124000015157, 41.7160679999631], [-83.47121599986211, 41.7160960000665], [-83.47119300029588, 41.71612199991211], [-83.47117400002932, 41.71614300014076], [-83.47112299997569, 41.716174000242304], [-83.47110399970911, 41.71618799993713], [-83.47106100005142, 41.71621999980298], [-83.47103099991418, 41.716235999729925], [-83.47100599979981, 41.71624900029626], [-83.47094800007352, 41.71629600025863], [-83.47091700011138, 41.71632800007066], [-83.47089000034718, 41.71636899993229], [-83.4708700002557, 41.71642100006264], [-83.47086900043078, 41.716433000138316], [-83.47086699988266, 41.71644900001224], [-83.47084400031643, 41.716477999731644], [-83.47083599992052, 41.71649700028061], [-83.47082699969968, 41.71651699993485], [-83.47082500004986, 41.716543000280666], [-83.47080900015634, 41.71656699971367], [-83.47079499991264, 41.71659000002805], [-83.47077999984403, 41.716641999979586], [-83.47075999975253, 41.71669300011041], [-83.47074300003409, 41.71671199992527], [-83.47070399967603, 41.71672699995158], [-83.47065099997259, 41.716730999734516], [-83.47063599990396, 41.716729000178375], [-83.47059599972101, 41.71672300016846], [-83.47054200019264, 41.716705000135306], [-83.47052200010117, 41.71669799967403], [-83.47049299978885, 41.71667899985498], [-83.47046299965162, 41.716674000289885], [-83.47043199968948, 41.71667599984778], [-83.47037399996314, 41.71669699989541], [-83.47033299995527, 41.71671700015796], [-83.47032299990954, 41.71672600017346], [-83.47031299986378, 41.7167339997392], [-83.4702939995972, 41.71676200022294], [-83.47027900042691, 41.71678300024252], [-83.47024799956645, 41.716819000260074], [-83.47024000006884, 41.716835000037904], [-83.47023099984803, 41.71684799981252], [-83.47022400017534, 41.71685999980848], [-83.47022099980228, 41.71688900001298], [-83.47021400012959, 41.71690100000128], [-83.47020499990874, 41.7169150002083], [-83.47018700036541, 41.71692899974177], [-83.47018200034253, 41.71695400014634], [-83.47018300016744, 41.716963000128644], [-83.47018499981726, 41.716972999884035], [-83.47021300030467, 41.71701100001313], [-83.47021599977941, 41.71702699974316], [-83.47021900015245, 41.71704699990297], [-83.47020400008383, 41.717090999964505], [-83.47019099966505, 41.71715399968004], [-83.47018999984014, 41.71716600028941], [-83.47018800019032, 41.7172029998632], [-83.47019099966505, 41.717237000105115], [-83.47019200038828, 41.71724900002844], [-83.47018900001524, 41.717260999949524], [-83.4701809996193, 41.71728799976379], [-83.47016700027392, 41.717296999699336], [-83.47014999965717, 41.71734500000491], [-83.47014600035752, 41.71738099970767], [-83.47013600031178, 41.71742000003347], [-83.47012600026605, 41.71745700013152], [-83.47010699999947, 41.7175209999246], [-83.47011500039538, 41.71760099991168], [-83.47010500034965, 41.71765599967736], [-83.47010199997659, 41.71767100015389], [-83.47009299975575, 41.717703999714814], [-83.47010000032677, 41.71776200001955], [-83.47011200002234, 41.71780199987553], [-83.47012200006807, 41.717834000278806], [-83.47013299993873, 41.71785599970867], [-83.47013700013667, 41.7178659999956], [-83.47013600031178, 41.717874999850245], [-83.47012100024317, 41.71788399970358], [-83.47009799977863, 41.71788299994346], [-83.47007600003732, 41.71787600028104], [-83.47005699977073, 41.71788299994346], [-83.47004000005232, 41.717918000255814], [-83.47004400025028, 41.71795599982616], [-83.47005199974788, 41.717969000044576], [-83.4700679996414, 41.71799699999031], [-83.47007600003732, 41.71801000020043], [-83.47009500030389, 41.71804100007193], [-83.47009699995371, 41.71805700021602], [-83.47009100010594, 41.718088000064846], [-83.47009100010594, 41.71813200008416], [-83.47007400038748, 41.71815400008254], [-83.47005199974788, 41.71816500007891], [-83.47003699967927, 41.71818700006595], [-83.4700309998315, 41.71823300019748], [-83.47003500002944, 41.71829999981992], [-83.47005599994584, 41.71832300018457], [-83.47006000014379, 41.71835999976275], [-83.4700459999001, 41.71838099993071], [-83.47001900013592, 41.7183860000335], [-83.46997999977785, 41.718396000238016], [-83.46995100036385, 41.71842799967498], [-83.46994499961775, 41.718469000208536], [-83.46994499961775, 41.71850799987404], [-83.46996300005942, 41.71853900017585], [-83.46996399988434, 41.71858500005537], [-83.46994700016589, 41.71863200032104], [-83.46993000044745, 41.718649999814474], [-83.46991700002866, 41.71867599996789], [-83.46992100022662, 41.718718000090384], [-83.46992000040171, 41.71875700027532], [-83.46990299978496, 41.71880200025297], [-83.469870000173, 41.71881899995323], [-83.46980900007364, 41.71883499990363], [-83.46977300008862, 41.71884599978343], [-83.46974799997427, 41.71885000010502], [-83.46972200003499, 41.71885399975577], [-83.46961099970692, 41.71888199998646], [-83.46959900001136, 41.71888499989068], [-83.46957600044514, 41.718889000209835], [-83.46955299998059, 41.718895999761926], [-83.46952799986624, 41.71890500014282], [-83.46951000032288, 41.71891199969321], [-83.46947900036075, 41.71892600013268], [-83.46945000004843, 41.71894100031279], [-83.46942300028425, 41.718958999719675], [-83.46939700034498, 41.71897800020569], [-83.46937399988045, 41.71899900017165], [-83.46935299996406, 41.719020999873244], [-83.46933399969747, 41.719043000237775], [-83.46931899962885, 41.71906700007828], [-83.46930600010838, 41.719090999909824], [-83.46929500023774, 41.71911699988483], [-83.4692869998418, 41.71914200010878], [-83.46928099999403, 41.71917699973542], [-83.46928000016912, 41.71919300026727], [-83.46928000016912, 41.71921799979113], [-83.46928299964384, 41.719242000236754], [-83.46928600001691, 41.719431999984224], [-83.46928600001691, 41.71947799989506], [-83.46928099999403, 41.71949799996264], [-83.46927699979607, 41.719518000023996], [-83.46927400032133, 41.719545999965376], [-83.46927400032133, 41.71955899986215], [-83.46927400032133, 41.71958000030879], [-83.46927500014625, 41.719599999674095], [-83.46927799962099, 41.719621000107324], [-83.46928299964384, 41.71964199986318], [-83.46928799966672, 41.71966199987976], [-83.4692929996896, 41.71967400002077], [-83.46929699988756, 41.71968900002632], [-83.4692990004357, 41.71971199989385], [-83.4692990004357, 41.7197349997532], [-83.46929699988756, 41.719758000274794], [-83.46928600001691, 41.71980399995229], [-83.46927699979607, 41.71982699977872], [-83.4692650001005, 41.71985099999696], [-83.46925000003189, 41.71987399980651], [-83.46923300031345, 41.71989599987902], [-83.46920999984891, 41.71993099976558], [-83.46918599955947, 41.71996600030354], [-83.46914000042705, 41.720035999981285], [-83.46910699991675, 41.72008599970439], [-83.4690960000461, 41.72010600025327], [-83.46908600000036, 41.72012600012539], [-83.46906900028192, 41.72016500012636], [-83.46905699968805, 41.72019799974764], [-83.46904900019044, 41.720221999827324], [-83.46904199961944, 41.72024599989803], [-83.46903499994674, 41.72026999995974], [-83.46902999992386, 41.72029400001252], [-83.469024999901, 41.720318000056295], [-83.46902200042625, 41.72034200009116], [-83.46901900005321, 41.72036600011706], [-83.46901700040338, 41.72039099985511], [-83.46901599968017, 41.720411000309014], [-83.46901499985525, 41.72043199980675], [-83.46901599968017, 41.72045200024794], [-83.46901599968017, 41.72047299973223], [-83.46901999987813, 41.72051200019312], [-83.46901900005321, 41.720529999830454], [-83.46901599968017, 41.72055500017523], [-83.4690109996573, 41.720576000296376], [-83.46900599963442, 41.720596999740145], [-83.46899899996173, 41.72061799984761], [-83.46899099956579, 41.72063800023086], [-83.46898100041837, 41.720660000041875], [-83.4689699996494, 41.72068100012871], [-83.46895799995384, 41.72070099982188], [-83.46894399971015, 41.72072100017934], [-83.46893000036476, 41.720740000144396], [-83.46891799977087, 41.72075499990108], [-83.46891000027325, 41.72076300030628], [-83.46889799967938, 41.72077699967198], [-83.46888000013604, 41.720794000190814], [-83.46887099991521, 41.72080300030587], [-83.4688559998466, 41.72081700033337], [-83.46884300032612, 41.72082999997304], [-83.46883099973225, 41.72084199989598], [-83.46881300018889, 41.720860000111394], [-83.468800999595, 41.720872999742355], [-83.46877800002879, 41.72090499995747], [-83.46876200013526, 41.720916999866404], [-83.46874500041683, 41.720935999773495], [-83.46873299982293, 41.72095600005782], [-83.46872500032532, 41.72097000005198], [-83.46871500027959, 41.720975999665406], [-83.46870100003589, 41.72099599993722], [-83.46857399981428, 41.721236000032135], [-83.4685260001337, 41.721295000208706], [-83.46839999973702, 41.72145000021005], [-83.4683079996755, 41.72156300026084], [-83.46830199982773, 41.72157099989495], [-83.46829400033012, 41.72158299967951], [-83.46828299956115, 41.72159900028275], [-83.46826599984271, 41.721618999690214], [-83.46824900012426, 41.72163699968803], [-83.4682299998577, 41.72165499968075], [-83.4682089999413, 41.72167100026606], [-83.46818800002491, 41.72168500010451], [-83.46817200013137, 41.72169499979561], [-83.46814700001703, 41.72170900029927], [-83.46811799970472, 41.721721999758486], [-83.46808699974255, 41.72173299981457], [-83.46805699960534, 41.72174300016876], [-83.46802399999336, 41.72175099978045], [-83.46800200025206, 41.7217520001509], [-83.4679200002363, 41.72175699999145], [-83.4678499999161, 41.721761000131785], [-83.46783300019766, 41.72176199983163], [-83.46781700030414, 41.72176599997164], [-83.46780499971025, 41.72177000011146], [-83.4677939998396, 41.72177499995057], [-83.46778100031912, 41.72178300022884], [-83.4677729999232, 41.72179000013621], [-83.46776200005255, 41.721797999742044], [-83.46775200000681, 41.72180800008607], [-83.46774600015902, 41.721815999689674], [-83.46773699993818, 41.7218320002349], [-83.46773299974024, 41.72184100020463], [-83.4677290004406, 41.72185500000598], [-83.4677290004406, 41.7218660000393], [-83.46772799971735, 41.72187700007079], [-83.4677290004406, 41.72188600003416], [-83.46773000026552, 41.72189799975991], [-83.46773000026552, 41.721910000153905], [-83.46773000026552, 41.721921000177815], [-83.4677290004406, 41.72193299989702], [-83.4677290004406, 41.721945999981415], [-83.46772699989245, 41.72197099977524], [-83.46772600006753, 41.72198300015561], [-83.46772500024264, 41.72199699992602], [-83.46772199986958, 41.722021999700054], [-83.46771900039485, 41.72204700013481], [-83.46771400037197, 41.722071999889394], [-83.46771000017401, 41.722097000304686], [-83.46770400032624, 41.72212200003981], [-83.46769799958014, 41.722146999765165], [-83.46769099990745, 41.72217099978743], [-83.46768400023477, 41.72219600016421], [-83.46767800038695, 41.722214999693136], [-83.46764700042483, 41.72227400031182], [-83.46760499969372, 41.72235100000365], [-83.46753600009674, 41.722480000194864], [-83.46752799970083, 41.72249500021588], [-83.4675129996322, 41.72251500001497], [-83.46750599995951, 41.72252300020105], [-83.46749599991378, 41.72253499980784], [-83.46747900019534, 41.72255399990697], [-83.46747099979942, 41.72256099973036], [-83.46745999992876, 41.722573000000544], [-83.46743999983728, 41.72259000004418], [-83.4674189999209, 41.72260799977], [-83.46740100037754, 41.722620999717826], [-83.46738299993588, 41.72263400033347], [-83.46736100019456, 41.72264700027604], [-83.46734000027816, 41.72266000021599], [-83.46731699981362, 41.722671999797186], [-83.46729900027029, 41.72268100031971], [-83.46726900013304, 41.72269499993805], [-83.4672440000187, 41.72270500014247], [-83.46721800007944, 41.72271399998987], [-83.46719100031524, 41.72272299983607], [-83.46715899962989, 41.72273199968096], [-83.4670969997056, 41.72276900007305], [-83.46703899997928, 41.722803999735746], [-83.46700800001715, 41.72282200007205], [-83.46695299976557, 41.722856000023114], [-83.46690000006211, 41.72288700023888], [-83.46689099984127, 41.72289299967332], [-83.4668640000771, 41.722908999950356], [-83.46684399998563, 41.72292100015555], [-83.46679200010708, 41.72295199966946], [-83.46674500025141, 41.722980000125986], [-83.46672099996195, 41.72299500003028], [-83.46670599989336, 41.72300100012513], [-83.4666819996039, 41.723014999673744], [-83.46664099959602, 41.723032000270926], [-83.4666110003571, 41.72304300010277], [-83.46658000039497, 41.72305199990288], [-83.4665479997096, 41.7230600000221], [-83.46653500018913, 41.72306200005173], [-83.46650800042495, 41.72307000016971], [-83.46646800024197, 41.723083999703306], [-83.4664480001505, 41.72309199981854], [-83.46643100043207, 41.723099999932785], [-83.46640499959447, 41.72311299978108], [-83.46638100020336, 41.72312800032481], [-83.46635899956372, 41.723141999845765], [-83.4663369998224, 41.72316000008739], [-83.46631699973092, 41.72317699997577], [-83.46629900018759, 41.72319599988507], [-83.46627099970017, 41.72323099998567], [-83.46625599963156, 41.72325399992643], [-83.4662239998445, 41.72330199980549], [-83.46618000036187, 41.72336599981188], [-83.46615299969939, 41.72340699987681], [-83.46613699980587, 41.723431000098884], [-83.4661180004376, 41.7234589996762], [-83.46610800039187, 41.723472999795504], [-83.46609099977512, 41.72349400030396], [-83.46607400005668, 41.72351199977654], [-83.46605599961501, 41.72352900024224], [-83.46604100044472, 41.72354100033163], [-83.46602499965287, 41.72355299974826], [-83.46601499960713, 41.7235609998051], [-83.4659929998658, 41.7235749999022], [-83.46596899957639, 41.72358899999624], [-83.4659419998122, 41.72360300008723], [-83.46591500004803, 41.72361500016281], [-83.46588900010875, 41.723625000224054], [-83.46583200020734, 41.72364899969422], [-83.46574799964344, 41.723682999878164], [-83.46567999987138, 41.723709999676146], [-83.46564899990923, 41.72372300007151], [-83.46558100013718, 41.72375100019205], [-83.46549699957328, 41.723785000321975], [-83.46547400000706, 41.723794999686326], [-83.46544300004493, 41.72381099973876], [-83.46539700001418, 41.723838999820906], [-83.46536699987693, 41.72386200021451], [-83.46533699973969, 41.72388899993732], [-83.46531699964822, 41.72391000030985], [-83.46530099975469, 41.723929000002414], [-83.46528700040932, 41.72394900002564], [-83.46527300016561, 41.72397300004528], [-83.46525899992189, 41.72400199972182], [-83.46523600035567, 41.72405100004718], [-83.46522499958671, 41.724073999694426], [-83.46521299989115, 41.724097999667414], [-83.46520100019558, 41.724122000301826], [-83.46518799977679, 41.72414499992371], [-83.4651740004314, 41.724170999865244], [-83.46516299966244, 41.724190999813146], [-83.46515900036279, 41.72420499977292], [-83.46515500016483, 41.72421800006813], [-83.46507899999685, 41.72432099999309], [-83.46505999973027, 41.72433499992459], [-83.46503999963879, 41.72434899985304], [-83.46501799989748, 41.72436099978929], [-83.46499600015618, 41.72437499971208], [-83.46497299969164, 41.72438900030224], [-83.46495000012541, 41.724401999889736], [-83.46491699961513, 41.72441900011995], [-83.46489400004891, 41.72442999971438], [-83.46486999975947, 41.72444099997737], [-83.46484600036834, 41.724450999910054], [-83.46483299994954, 41.72445699986894], [-83.46480899966011, 41.72446600014142], [-83.46478500026898, 41.72447499974218], [-83.46476000015461, 41.72448400001215], [-83.46474699973582, 41.724487999982756], [-83.46472800036756, 41.7244930002809], [-83.4647169995986, 41.7244970002509], [-83.46469099965934, 41.72450700017487], [-83.46467399994089, 41.72451599976993], [-83.46466499972006, 41.72452199972269], [-83.46464999965146, 41.72453200031329], [-83.46463700013098, 41.724542999888335], [-83.46462399971219, 41.72455499978836], [-83.46460899964356, 41.724573000304616], [-83.46459899959783, 41.72458700018121], [-83.46459500029819, 41.72460500001803], [-83.46458799972717, 41.72462299984981], [-83.46458000022956, 41.724640000021544], [-83.46457400038179, 41.72464999992331], [-83.46456299961281, 41.7246670000879], [-83.46454900026743, 41.72468299992319], [-83.46453400019881, 41.724698999754494], [-83.46451699958206, 41.7247130002741], [-83.46449900003871, 41.72472700012018], [-83.46447899994723, 41.72473899998579], [-83.46445100035812, 41.72475099984921], [-83.46442200004581, 41.72476099973365], [-83.46439600010655, 41.72476900031056], [-83.46436199977137, 41.72477799986887], [-83.46433099980923, 41.72478399979722], [-83.46429099962626, 41.724789999725004], [-83.46425499964124, 41.72479499999959], [-83.4643650001444, 41.724925000298455], [-83.46405899982264, 41.72498799970914], [-83.46400399957106, 41.72492300032676], [-83.46393999999697, 41.724847000016624], [-83.46391599970751, 41.72485400026068], [-83.46389200031639, 41.72486000018188], [-83.46385200013341, 41.724870999700826], [-83.46383600023991, 41.72487599996916], [-83.46382399964601, 41.72488100023706], [-83.46381100012553, 41.72488500018295], [-83.4637869998361, 41.72489500004654], [-83.46375800042209, 41.724908000202134], [-83.46373300030774, 41.724920999684585], [-83.46371800023911, 41.724929000241566], [-83.46369599959948, 41.72494199971982], [-83.46368499972883, 41.72495000027419], [-83.46367499968309, 41.724956000186474], [-83.46366299998753, 41.72496400006864], [-83.46365100029197, 41.7249730002701], [-83.46363600022335, 41.72498599973945], [-83.46361799978168, 41.72500200016572], [-83.46361000028408, 41.72501099969145], [-83.46360199988817, 41.725021000205885], [-83.46358400034482, 41.72504000024038], [-83.46357000010111, 41.72505400001522], [-83.46356000005537, 41.72506300020408], [-83.46354800035981, 41.72507399968827], [-83.46352900009323, 41.72509000009263], [-83.46350800017684, 41.725105000174814], [-83.46348600043552, 41.7251200002535], [-83.46346299997099, 41.725134000010904], [-83.46345399975017, 41.725139999906006], [-83.46344000040477, 41.725147999765255], [-83.46341699994022, 41.725160999869615], [-83.46340100004672, 41.72517000004354], [-83.4633790003054, 41.72518300014344], [-83.46335699966578, 41.72519499992394], [-83.46333499992447, 41.725206999702145], [-83.46331200035824, 41.72521900014862], [-83.46328999971863, 41.72523099992234], [-83.46326700015241, 41.72524200004824], [-83.46324299986297, 41.7252530001722], [-83.4631960000073, 41.72527400009888], [-83.46314900015163, 41.72529500001873], [-83.46312499986217, 41.72530600013363], [-83.46310200029596, 41.72531700024668], [-83.46307800000652, 41.72532700004303], [-83.4630550004403, 41.725336999837815], [-83.46303000032594, 41.72534700030157], [-83.4630060000365, 41.72535700009324], [-83.46298099992214, 41.72536600023966], [-83.46295599980779, 41.72537499971435], [-83.46293099969343, 41.72538399985824], [-83.46291099960195, 41.72538999973], [-83.46287999963981, 41.725400000185445], [-83.4628589997234, 41.72540699969879], [-83.46282899958618, 41.725417000151594], [-83.46280299964691, 41.725424999976354], [-83.46277800043087, 41.72543299980012], [-83.46276300036226, 41.725436999711654], [-83.4627380002479, 41.72544500020439], [-83.46270100043797, 41.7254569999359], [-83.4626749996004, 41.72546499975567], [-83.46264899966113, 41.72547300024492], [-83.46262299972186, 41.725481000062715], [-83.46259699978259, 41.725488000237696], [-83.46257099984331, 41.72549600005361], [-83.46254499990404, 41.72550399986854], [-83.46251800013988, 41.72551199968247], [-83.4624910003757, 41.72551899985408], [-83.46247600030708, 41.72552400007193], [-83.46246399971318, 41.72552699966614], [-83.462436999949, 41.725535000147666], [-83.46242299970531, 41.725537999741306], [-83.46240400033705, 41.725542999957725], [-83.46237199965168, 41.72555200007809], [-83.46233999986465, 41.725561999837865], [-83.46230899990249, 41.72557299990709], [-83.46227700011545, 41.725583999974376], [-83.4622460001533, 41.72559500003979], [-83.462224000412, 41.72560400015286], [-83.46219599992459, 41.72561599985473], [-83.46217599983311, 41.725624000325176], [-83.46214800024401, 41.72563799997276], [-83.46211999975661, 41.72565200028771], [-83.46209299999242, 41.725665999929184], [-83.46206500040334, 41.7256809998769], [-83.46205100015963, 41.7256880000301], [-83.46203799974084, 41.72569500018248], [-83.46202400039546, 41.725702999972626], [-83.46201099997667, 41.72571000012343], [-83.46199300043332, 41.725721000167304], [-83.46197900018963, 41.72572899995422], [-83.46195800027323, 41.725741000303145], [-83.46193200033395, 41.72575699987099], [-83.46190600039468, 41.725773000105306], [-83.4618870001281, 41.72578400013836], [-83.46187500043254, 41.725795000169576], [-83.46186000036391, 41.72581000008717], [-83.46185399961783, 41.725817999863], [-83.46184600012022, 41.7258300001953], [-83.46183799972431, 41.725843000161674], [-83.46183299970143, 41.725856000125454], [-83.46182900040178, 41.7258670001443], [-83.4618229996557, 41.72589199975355], [-83.46181599998299, 41.72591800032907], [-83.46180799958707, 41.72594200028362], [-83.4617890002188, 41.72599000016594], [-83.46177099977716, 41.72602800032672], [-83.4617520004089, 41.726061999922194], [-83.46172899994437, 41.72610000004038], [-83.46170399983001, 41.72613800013605], [-83.46167899971566, 41.72617299997493], [-83.46165100012657, 41.72620999972644], [-83.46162199981424, 41.72624399989605], [-83.46159300040024, 41.72627899967718], [-83.46154999984421, 41.72633099983402], [-83.46150700018653, 41.7263840002471], [-83.4614789996991, 41.72642000024979], [-83.46145000028511, 41.726454999935044], [-83.46137900014, 41.726546000100235], [-83.46134599962971, 41.72658900006713], [-83.4612949995761, 41.72665300015164], [-83.46125299974331, 41.72670600029909], [-83.46120500006272, 41.726763999853766], [-83.46116499987976, 41.72680999987952], [-83.4611339999176, 41.72684399973161], [-83.46110299995547, 41.7268780002361], [-83.46106500032063, 41.726919000071284], [-83.46102299958953, 41.72696199978852], [-83.46099099980249, 41.72699499994182], [-83.46096499986321, 41.727021000070955], [-83.46093899992393, 41.72704599990156], [-83.46092100038058, 41.727063000102646], [-83.46090399976383, 41.727075999819526], [-83.46089000041846, 41.727084999725186], [-83.46088100019762, 41.727091000108494], [-83.46085699990817, 41.727103999819754], [-83.46084000018975, 41.72711299972144], [-83.46080599985456, 41.727126999714976], [-83.46077499989241, 41.72713499999726], [-83.46071499961795, 41.72715499969299], [-83.4606619999145, 41.72717699995442], [-83.46061500005884, 41.727199999823554], [-83.46056900002809, 41.72722299968441], [-83.46052100034751, 41.727251999905405], [-83.46049600023315, 41.727269000051905], [-83.4604719999437, 41.72728699980785], [-83.46044900037748, 41.727305999842685], [-83.46042699973785, 41.727326000155564], [-83.46040699964638, 41.72734599979178], [-83.46038800027812, 41.72736699970484], [-83.46037400003442, 41.72738100031347], [-83.46035499976784, 41.727393999966054], [-83.46033499967636, 41.72740400010957], [-83.46031499958487, 41.72741100007503], [-83.4602889996456, 41.727416000145645], [-83.46026199988142, 41.72742100021591], [-83.46023500011725, 41.72742500000363], [-83.46017900004075, 41.727430999684785], [-83.46014399988064, 41.7274330002488], [-83.46011399974343, 41.72743700003582], [-83.46005199981914, 41.72744399999765], [-83.45995999975763, 41.727452999851714], [-83.45989899965826, 41.72745799991909], [-83.459836999734, 41.72746199970456], [-83.45978800022849, 41.72746499987868], [-83.45972100028133, 41.72746600016016], [-83.45965299961097, 41.7274669997712], [-83.45958599966382, 41.72746800005266], [-83.4594989996252, 41.72746999994508], [-83.45940900011182, 41.7274719998375], [-83.45934999966228, 41.72747300011888], [-83.45924699973011, 41.727476000292484], [-83.45916800008737, 41.72747699990335], [-83.45910600016312, 41.72747699990335], [-83.45903699966782, 41.72747699990335], [-83.4589730000937, 41.72747800018466], [-83.45890399959842, 41.72747800018466], [-83.45886900033665, 41.7274789997955], [-83.45879999984135, 41.7274789997955], [-83.4586979997341, 41.727480000076774], [-83.45862999996206, 41.727480999687636], [-83.45856200018999, 41.72748199996887], [-83.45849400041793, 41.727483000250096], [-83.45846000008274, 41.727483000250096], [-83.45842599974753, 41.72748399986087], [-83.45839200031067, 41.72748500014206], [-83.45835799997546, 41.72748500014206], [-83.45832399964029, 41.727485999752794], [-83.45827900033277, 41.72748700003395], [-83.4582540002184, 41.727488000315105], [-83.4582190000583, 41.72748899992579], [-83.45818300007329, 41.727488000315105], [-83.4581479999132, 41.72748500014206], [-83.45812600017189, 41.727483000250096], [-83.458077999593, 41.727476000292484], [-83.45804900017899, 41.727469000334104], [-83.45801300019397, 41.7274629999861], [-83.45798899990453, 41.727459999811835], [-83.45795899976731, 41.72745799991909], [-83.4578950001932, 41.727459999811835], [-83.45786400023107, 41.727464000267624], [-83.45783400009384, 41.727469000334104], [-83.45779899993374, 41.72747500001115], [-83.45776600032178, 41.7274789997955], [-83.45773000033678, 41.72748399986087], [-83.45769600000158, 41.727488000315105], [-83.45766099984148, 41.72749099981762], [-83.45762599968137, 41.72749399999038], [-83.4575910004196, 41.727497000163005], [-83.45756200010727, 41.72749900005457], [-83.4575219999243, 41.72750099994604], [-83.45748699976421, 41.72750200022696], [-83.45745499997714, 41.72750299983744], [-83.45742300019009, 41.72750400011833], [-83.45739200022796, 41.72750499972877], [-83.4573589997177, 41.72750600000964], [-83.45732600010572, 41.72750600000964], [-83.45729199977055, 41.72750700029049], [-83.45725800033367, 41.72750799990093], [-83.45722399999848, 41.72750799990093], [-83.45718999966329, 41.72750900018175], [-83.4571550004015, 41.72750900018175], [-83.45712100006631, 41.72750999979211], [-83.45708699973112, 41.72750999979211], [-83.45705300029425, 41.72750999979211], [-83.45702099960889, 41.72750999979211], [-83.45698999964674, 41.72750999979211], [-83.4569579998597, 41.72750999979211], [-83.45692600007264, 41.72750999979211], [-83.45689400028559, 41.72750900018175], [-83.45686300032345, 41.72750900018175], [-83.45683300018621, 41.72750900018175], [-83.45680300004899, 41.72750799990093], [-83.45677399973667, 41.72750799990093], [-83.45674399959945, 41.72750700029049], [-83.45671500018545, 41.72750600000964], [-83.4566979995687, 41.72750600000964], [-83.45665499991098, 41.72750499972877], [-83.45661599955292, 41.72750299983744], [-83.45659100033689, 41.72750200022696], [-83.4565779999181, 41.72750099994604], [-83.4565570000017, 41.72749900005457], [-83.45652199984161, 41.727497000163005], [-83.45648800040472, 41.72749500027142], [-83.45645300024462, 41.72749399999038], [-83.45641899990945, 41.7274920000987], [-83.45638299992443, 41.72749099981762], [-83.45634699993941, 41.727490000206956], [-83.4563109999544, 41.727490000206956], [-83.4562749999694, 41.727490000206956], [-83.4562559997028, 41.727490000206956], [-83.45622800011373, 41.727490000206956], [-83.45619399977855, 41.72749099981762], [-83.4561700003874, 41.72749099981762], [-83.45613699987713, 41.7274920000987], [-83.45611199976277, 41.72749299970933], [-83.4560859998235, 41.72749399999038], [-83.45606099970914, 41.72749500027142], [-83.45602800009719, 41.7274979997736], [-83.45599600031014, 41.7274999996651], [-83.45596399962477, 41.72750200022696], [-83.45594400043159, 41.72750299983744], [-83.4559310000128, 41.72750400011833], [-83.4559169997691, 41.72750499972877], [-83.45588599980697, 41.72750600000964], [-83.45586599971548, 41.72750700029049], [-83.45583399992843, 41.72750799990093], [-83.45579899976833, 41.72751400024473], [-83.45576500033145, 41.72751800002671], [-83.4557269997983, 41.7275210001982], [-83.45570000003411, 41.72752199980839], [-83.45565599965319, 41.727523000088986], [-83.45563499973679, 41.72752199980839], [-83.45561999966817, 41.72752199980839], [-83.45559999957669, 41.7275210001982], [-83.45558399968318, 41.72751999991758], [-83.45555500026916, 41.72751800002671], [-83.45551199971315, 41.72751199968324], [-83.45547699955306, 41.72750600000964], [-83.45544200029127, 41.72749900005457], [-83.45539399971237, 41.727488000315105], [-83.45534000018402, 41.7274719998375], [-83.45527499988668, 41.72744700017266], [-83.45524399992455, 41.72743399986035], [-83.45521399978732, 41.72741900032191], [-83.45518399965009, 41.72740299982712], [-83.45512900029682, 41.727367999987855], [-83.45511800042617, 41.72736100001771], [-83.45510300035755, 41.72735000025466], [-83.45507700041829, 41.7273299999492], [-83.45505399995375, 41.727310000308], [-83.45503100038752, 41.72728899970591], [-83.45502100034179, 41.727277999930536], [-83.45500999957281, 41.727267000153226], [-83.45499000037965, 41.72724400030813], [-83.45497199993798, 41.727220999784294], [-83.45496199989225, 41.7272069998112], [-83.45493900032602, 41.727171999865156], [-83.45492199970927, 41.727141999992035], [-83.45491199966352, 41.727122000292326], [-83.45490199961779, 41.72709600020406], [-83.45489199957203, 41.727068999817604], [-83.45488400007443, 41.72704299970788], [-83.45487800022664, 41.727017000258094], [-83.4548740000287, 41.726989999838445], [-83.45487099965563, 41.726959999880286], [-83.45486900000581, 41.72692499979969], [-83.45486800018091, 41.72691099976208], [-83.45486399998296, 41.72688599987895], [-83.45485700031026, 41.72686200027702], [-83.45484700026451, 41.72683799999563], [-83.45483499967064, 41.7268149999969], [-83.45482700017303, 41.7268049997617], [-83.45481999960202, 41.72679300028195], [-83.45480999955629, 41.726781999751154], [-83.45480200005866, 41.72677200018126], [-83.45478299979209, 41.72675199969592], [-83.4547610000508, 41.726733999790135], [-83.45473699976134, 41.7267159998793], [-83.45468400005791, 41.72668700008682], [-83.45465499974557, 41.72667499991458], [-83.45462499960836, 41.72666400003408], [-83.45456199985917, 41.7266499999396], [-83.45446399994987, 41.726626000249475], [-83.4544310003379, 41.72661999982268], [-83.45439799982763, 41.72661499969012], [-83.45436400039075, 41.72661000022759], [-83.4543119996139, 41.72660300017484], [-83.45426700030636, 41.726598000040966], [-83.45420700003193, 41.72659400020171], [-83.4541209998182, 41.72659200028202], [-83.4540510003963, 41.72659299990664], [-83.4540150004113, 41.726594999826354], [-83.45398899957371, 41.72659699974596], [-83.45394500009111, 41.72660100025543], [-83.4539109997559, 41.72660399979936], [-83.45385600040264, 41.726612000146716], [-83.45378299970939, 41.72662499995491], [-83.45372599980799, 41.72663700013648], [-83.45367099955638, 41.7266499999396], [-83.45363700011953, 41.72665699998723], [-83.45360199995942, 41.72666200011651], [-83.4535659999744, 41.72666700024546], [-83.45349499982929, 41.726671999703576], [-83.45345899984427, 41.72667299999741], [-83.45342399968419, 41.726671999703576], [-83.45335199971417, 41.72666799986892], [-83.45331699955408, 41.72666400003408], [-83.45328200029229, 41.7266589999049], [-83.4532060001243, 41.726642999891226], [-83.45317900036012, 41.72663599984208], [-83.45314599984985, 41.726626000249475], [-83.45312999995632, 41.72662300003618], [-83.45311099968974, 41.72661999982268], [-83.45307700025288, 41.72661499969012], [-83.45304200009278, 41.726612999771085], [-83.45300699993268, 41.726612999771085], [-83.45297199977259, 41.72661499969012], [-83.45293699961246, 41.726619000198475], [-83.4529030001756, 41.72662499995491], [-83.45286999966531, 41.72663300029971], [-83.45283700005336, 41.726644000185516], [-83.45280600009123, 41.72665599969314], [-83.45277599995399, 41.726671000080124], [-83.45274800036489, 41.72668700008682], [-83.45272200042564, 41.72670399971244], [-83.45268800009045, 41.726733999790135], [-83.45259400037912, 41.726827999764005], [-83.45247100035546, 41.72696399969676], [-83.4524169999288, 41.72703300017857], [-83.45234699960858, 41.727126999714976], [-83.45228399985939, 41.72722200006958], [-83.45226799996587, 41.72724699982198], [-83.45221799973716, 41.72734099971572], [-83.4521859999501, 41.72741199968692], [-83.45216300038389, 41.72747300011888], [-83.45214599976713, 41.72752399969918], [-83.45212400002583, 41.72760200008319], [-83.45210399993434, 41.72770699983177], [-83.45209999973638, 41.72773299967277], [-83.45209700026166, 41.727759999780154], [-83.45209200023878, 41.72781200007917], [-83.45209100041387, 41.7278660002162], [-83.45208999969064, 41.72789199999286], [-83.45209100041387, 41.727919000033424], [-83.45209200023878, 41.727944999788576], [-83.45208999969064, 41.728015999762704], [-83.45208899986574, 41.72806799985452], [-83.45208499966778, 41.728163999758706], [-83.45208300001794, 41.728218000270246], [-83.45207700017016, 41.728327000084484], [-83.45207499962203, 41.72835399994223], [-83.45207100032239, 41.72840800029412], [-83.45206600029951, 41.72848999999673], [-83.4520510002309, 41.72865399975836], [-83.45203899963701, 41.72877399969481], [-83.45202799976636, 41.72887100014444], [-83.4520160000708, 41.72899199993328], [-83.45200799967488, 41.72905999999161], [-83.45199000013154, 41.729168000133534], [-83.45197500006292, 41.729248999953164], [-83.4519609998192, 41.729314999904524], [-83.45195099977347, 41.72935600019567], [-83.45193800025298, 41.729409000124456], [-83.45192400000929, 41.72946200000957], [-83.45190800011576, 41.729514999850906], [-83.45189200022223, 41.72956700007022], [-83.45188399982632, 41.72959400007719], [-83.45187499960548, 41.72962100007286], [-83.45186200008501, 41.729657999849856], [-83.45184899966623, 41.72969400002917], [-83.45182899957473, 41.72974799992505], [-83.45180699983344, 41.729803000020695], [-83.45178599991704, 41.72985500000684], [-83.45177500004638, 41.72988100031932], [-83.45175900015285, 41.72993300024231], [-83.45175300030508, 41.7299600000955], [-83.45173900006137, 41.730013000196394], [-83.45172499981767, 41.73008099984439], [-83.45171999979479, 41.7301130001665], [-83.45170800009923, 41.730203000274656], [-83.45170599955108, 41.73022599973087], [-83.45170200025144, 41.73030599999043], [-83.45169899987839, 41.73036100027875], [-83.45169399985554, 41.73041500028436], [-83.45168800000774, 41.730469999808946], [-83.45168200015995, 41.730509000235536], [-83.45167499958895, 41.73055500026139], [-83.45166600026643, 41.730606000076634], [-83.45164799982477, 41.73068700009429], [-83.45163100010633, 41.73075100011886], [-83.45161900041076, 41.73079399995286], [-83.45161100001484, 41.730821000114524], [-83.45160199979402, 41.73084800026489], [-83.45158400025066, 41.73090100030355], [-83.45157400020493, 41.73092700019266], [-83.45156400015918, 41.730953000071295], [-83.45154300024278, 41.731006000023314], [-83.45150800008268, 41.73108400020203], [-83.45148299996832, 41.7311350002677], [-83.45145700002907, 41.73118600029287], [-83.45144899963313, 41.73120199984546], [-83.45142900043997, 41.73123700027752], [-83.45141199982321, 41.731261000256325], [-83.4513759998382, 41.73130900018695], [-83.45133999985319, 41.73135599986085], [-83.45128499960163, 41.73142700008747], [-83.4512760002791, 41.73143900004248], [-83.45124799979169, 41.73147499989406], [-83.45121099998175, 41.73152200011691], [-83.45115300025546, 41.73159099972557], [-83.45111499972231, 41.73163700031736], [-83.45108299993525, 41.731677999796915], [-83.45107200006458, 41.73169399989735], [-83.45105399962293, 41.73172000013596], [-83.45104500030041, 41.731733000251275], [-83.45101400033828, 41.731782000043495], [-83.45100099991949, 41.73180800024647], [-83.45098300037614, 41.73184299967793], [-83.45096300028464, 41.73188399969639], [-83.45095200041399, 41.731909999858026], [-83.45094200036824, 41.73193600000914], [-83.45093300014742, 41.73196299969085], [-83.45092800012455, 41.731979999931504], [-83.4509170002539, 41.73201600015029], [-83.45090999968288, 41.732042999798374], [-83.45090399983509, 41.73207000010546], [-83.45089799998732, 41.732096999730835], [-83.45089399978936, 41.73210999976986], [-83.45088899976648, 41.732124000015226], [-83.45088100026888, 41.73213700004879], [-83.45087299987296, 41.73215000007972], [-83.45086600020026, 41.732157999736486], [-83.45085100013165, 41.73217300017957], [-83.45083799971286, 41.73218399978722], [-83.45082400036746, 41.73219300031802], [-83.45081000012377, 41.73220200017718], [-83.45077199959063, 41.73221800014711], [-83.4507480001995, 41.73222500025842], [-83.450728000108, 41.73222899974703], [-83.45070399981856, 41.73223199969858], [-83.45059000001574, 41.73224000001547], [-83.45035200036436, 41.73228000024442], [-83.45016599969321, 41.73231099993539], [-83.44998999996612, 41.73243900003658], [-83.44974499974374, 41.7326129997755], [-83.44950899974219, 41.73278099986213], [-83.44938499989362, 41.732922000242155], [-83.44938599971854, 41.733035999752545], [-83.45040800044087, 41.73299199988319], [-83.45369300019603, 41.732857999699156], [-83.45453599991988, 41.73285100032721], [-83.45538000036699, 41.73284400028412], [-83.46361799978168, 41.73256100001076], [-83.46395599989049, 41.73248200008136], [-83.46401000031716, 41.73246900011762], [-83.46413300034081, 41.73244700032769], [-83.46441600019803, 41.73244700032769], [-83.46442799989359, 41.73243300015273], [-83.46444100031238, 41.73242000017907], [-83.46445700020593, 41.73240899994146], [-83.46447599957416, 41.73240100031596], [-83.46449599966566, 41.73239400022387], [-83.46451800030529, 41.73239000007509], [-83.4645409998715, 41.73238899987027], [-83.46456199978789, 41.73238899987027], [-83.46458299970429, 41.7323859999261], [-83.46461299984152, 41.73238000003732], [-83.46464299997875, 41.73237199973785], [-83.46467099956784, 41.732361999697275], [-83.46469900005525, 41.73235100012012], [-83.46472499999452, 41.73233800012987], [-83.46475000010888, 41.732323999931154], [-83.46477299967509, 41.73230799998758], [-83.46479100011675, 41.73229499998863], [-83.4648150004062, 41.73227700029511], [-83.46483799997242, 41.73225799971936], [-83.46485999971371, 41.732238000271536], [-83.46488099963013, 41.7322169999396], [-83.4649009997216, 41.7321960002712], [-83.46491900016328, 41.732174999925526], [-83.46493699970662, 41.73215199982639], [-83.46495299960014, 41.73212999992793], [-83.46496699984384, 41.73210699981267], [-83.4649769998896, 41.73209499998241], [-83.46498600011043, 41.73208300014994], [-83.46499299978312, 41.73207000010546], [-83.464997999806, 41.732057000058326], [-83.46500200000395, 41.732042999798374], [-83.46500500037699, 41.732029000205706], [-83.46500600020191, 41.73201499993964], [-83.46500500037699, 41.73200199988139], [-83.46500299982885, 41.73198800027984], [-83.4649989996309, 41.73197400000484], [-83.46499299978312, 41.73196099993824], [-83.46498500028551, 41.73194600011603], [-83.46498100008755, 41.73193000007836], [-83.4649779997145, 41.731912999824424], [-83.4649769998896, 41.73189699977853], [-83.4649779997145, 41.731880000186244], [-83.46498100008755, 41.73186400013213], [-83.4649989996309, 41.73184299967793], [-83.46501799989748, 41.73182099967359], [-83.46503600033915, 41.73179999987571], [-83.46505499970739, 41.73177900007098], [-83.46507399997397, 41.73175800025938], [-83.46509300024053, 41.731736999770526], [-83.4651119996088, 41.731715999945195], [-83.4651319997003, 41.73169500011305], [-83.46515099996687, 41.731674000274], [-83.46517100005835, 41.73165299975767], [-83.46519100014984, 41.73163199990488], [-83.46521100024133, 41.73161200026216], [-83.46523600035567, 41.73158899996143], [-83.465258000097, 41.73156900030531], [-83.46527800018848, 41.73154899997259], [-83.46529900010486, 41.73152900030402], [-83.46531800037144, 41.73150799974034], [-83.46533799956462, 41.73148699984015], [-83.46535600000628, 41.73146599993309], [-83.46537400044795, 41.731445000019164], [-83.4653919999913, 41.73142299987852], [-83.46540899970972, 41.73140099973034], [-83.46542600032647, 41.73137900024502], [-83.46543999967186, 41.731358000302656], [-83.46545499974049, 41.731336999683016], [-83.46546800015928, 41.73131599972693], [-83.46548200040297, 41.73129400021249], [-83.46549400009854, 41.731273000242346], [-83.46550999999208, 41.73125100004279], [-83.4655259998856, 41.731230000058574], [-83.46554099995421, 41.731209000067494], [-83.46555699984772, 41.73118800006956], [-83.46557199991635, 41.73116700006476], [-83.46558899963478, 41.731143000050864], [-83.4656050004266, 41.73112000025256], [-83.46562200014506, 41.73109699977567], [-83.46563800003858, 41.73107299973562], [-83.46565399993212, 41.73104999991231], [-83.46566999982564, 41.73102599985471], [-83.46568599971917, 41.73100300001456], [-83.46570199961269, 41.73097899993935], [-83.46571800040454, 41.73095499985523], [-83.46573400029806, 41.73093000020501], [-83.46582600035956, 41.730784999896436], [-83.46623899991312, 41.73087400017546], [-83.46651500009766, 41.73085400029674], [-83.46658600024276, 41.73085700031249], [-83.46689800041229, 41.73086999993207], [-83.46693900042018, 41.730824000131825], [-83.46706499991856, 41.73068500030201], [-83.46699600032157, 41.730626000032565], [-83.46686499990201, 41.73051299983105], [-83.46681999969616, 41.73047299984259], [-83.4667650003429, 41.73048600021028], [-83.46674100005346, 41.7304230001572], [-83.46671699976399, 41.73036000004233], [-83.46668599980187, 41.730281000087636], [-83.46666800025852, 41.73023300005922], [-83.46664399996907, 41.73016999975801], [-83.46661899985472, 41.73010599982507], [-83.46659499956526, 41.730043000069735], [-83.46657100017414, 41.72998000025257], [-83.46654600005978, 41.72991600013033], [-83.46652199977034, 41.729853000188605], [-83.46649800037922, 41.729790000185154], [-83.46647300026486, 41.72972599987364], [-83.4664489999754, 41.729662999745585], [-83.4664210003863, 41.72958900017609], [-83.46639999957159, 41.72953599972539], [-83.46637600018047, 41.72947300008143], [-83.46632699977667, 41.72934699993778], [-83.46617699998885, 41.728812999810245], [-83.4662020001032, 41.728810999959634], [-83.46619200005746, 41.728763000173686], [-83.4661870000346, 41.728737999670365], [-83.46617899963867, 41.728689999829875], [-83.46617399961579, 41.72864099969035], [-83.46617000031614, 41.72859200018387], [-83.46616100009531, 41.72853999984577], [-83.46615000022466, 41.72846300019614], [-83.46614699985162, 41.72843699998014], [-83.46614400037689, 41.728385000187004], [-83.46614299965366, 41.728358999939495], [-83.46614199982874, 41.728332999681406], [-83.46614199982874, 41.72830599981483], [-83.46614199982874, 41.72828000020573], [-83.46614500020178, 41.72822700001589], [-83.46614699985162, 41.72820000010477], [-83.46616299974512, 41.72817699992324], [-83.46617799981375, 41.728163000158474], [-83.46619600025542, 41.72815100026193], [-83.46621600034689, 41.72814100023468], [-83.46623800008821, 41.728134999949404], [-83.46626099965444, 41.728131000205885], [-83.46628599976879, 41.728126000190876], [-83.46630300038554, 41.72811800003199], [-83.46632000010398, 41.72810199971129], [-83.46634100002038, 41.72806299983461], [-83.46637000033269, 41.728013000284754], [-83.46639799992178, 41.727964000299245], [-83.4664129999904, 41.727939000155466], [-83.46644099957949, 41.72789000011352], [-83.4664690000669, 41.72784100003424], [-83.4664830003106, 41.727815999842555], [-83.4665119997246, 41.72776699970683], [-83.46652000012051, 41.727750999969096], [-83.46652599996828, 41.72774200015678], [-83.46655699993045, 41.727686000029884], [-83.46658100021988, 41.72764199984803], [-83.46660399978609, 41.72759800030649], [-83.4666399997711, 41.72753100032196], [-83.46665099964177, 41.72750799990093], [-83.46666300023566, 41.72748500014206], [-83.46666900008343, 41.727469000334104], [-83.46667099973324, 41.727452000240454], [-83.46666900008343, 41.72743500014232], [-83.46665999986261, 41.72741100007503], [-83.46664399996907, 41.72739099978856], [-83.46656799980109, 41.727310999921464], [-83.46654400040995, 41.72728600019398], [-83.46664099959602, 41.72714599979717], [-83.46671099991622, 41.72715000027246], [-83.46672799963466, 41.727141999992035], [-83.46674899955104, 41.72712800000173], [-83.46676100014493, 41.72711599991186], [-83.46677000036576, 41.72710300020303], [-83.46677700003848, 41.72708200020372], [-83.46678500043438, 41.72705699971667], [-83.46679499958181, 41.72703199989034], [-83.46680499962754, 41.72700799967251], [-83.46681700022144, 41.726984000116104], [-83.466828999917, 41.726959999880286], [-83.46685700040442, 41.7269129996719], [-83.46687300029792, 41.72688999970003], [-83.46688900019146, 41.7268669997199], [-83.46690099988702, 41.72684500002276], [-83.46691400030582, 41.726822000026544], [-83.46694500026796, 41.72677999983731], [-83.4669619999864, 41.726758999732425], [-83.46700100034445, 41.726721000004], [-83.46702599956049, 41.72670199979616], [-83.46705200039808, 41.72668300025315], [-83.46710199972848, 41.72664499980934], [-83.46714399956127, 41.726614000065844], [-83.46718600029239, 41.72658399993211], [-83.46722899995007, 41.72655199986343], [-83.467273000331, 41.72651999977886], [-83.46731199979077, 41.726492000194554], [-83.46735399962355, 41.72646200000391], [-83.46737500043827, 41.72644700023854], [-83.46739499963142, 41.726433000096776], [-83.4674339999895, 41.72640499980415], [-83.46747400017247, 41.726375999871344], [-83.46753400044692, 41.726334000061], [-83.4676030000439, 41.726285999765224], [-83.4676730003641, 41.72623800010404], [-83.46773600011329, 41.726194000271406], [-83.46779700021267, 41.726152999973564], [-83.46785800031202, 41.72611100001745], [-83.4679200002363, 41.72606999966664], [-83.46796600026705, 41.7260380000124], [-83.46799800005411, 41.726010000218096], [-83.46801800014559, 41.72599099979999], [-83.46805599978042, 41.725950999677686], [-83.46807300039717, 41.72593100027761], [-83.46810799965895, 41.725883999986934], [-83.46815100021499, 41.7258479996839], [-83.46820200026862, 41.725817000226264], [-83.4682299998577, 41.725804000254634], [-83.46825900017001, 41.72579300022496], [-83.46829199978198, 41.72578400013836], [-83.46832100009429, 41.725769999852176], [-83.46837899982062, 41.72574300024934], [-83.46843700044525, 41.72571500032646], [-83.46849299962342, 41.72568600008215], [-83.46852100011085, 41.72567199977461], [-83.46854899969992, 41.7256569998248], [-83.46857700018734, 41.72564199987148], [-83.46860399995151, 41.72562600027501], [-83.46863400008874, 41.72561300026468], [-83.46866300040107, 41.72559800030115], [-83.46869000016524, 41.72558300033405], [-83.46871600010451, 41.72556599974137], [-83.46874100021887, 41.72554800017371], [-83.46876499960999, 41.72552900028944], [-83.46878700024962, 41.725509000087605], [-83.4688070003411, 41.725488000237696], [-83.4688140000138, 41.72547500019945], [-83.46882400005954, 41.72546200015863], [-83.4688359997551, 41.7254510000704], [-83.46885099982372, 41.72544199993589], [-83.46886699971726, 41.72543499975594], [-83.46889500020464, 41.725426999932424], [-83.468912999748, 41.72542600028961], [-83.46894600025827, 41.725424000333554], [-83.46897999969516, 41.72541999975079], [-83.46901300020542, 41.725415999838205], [-83.46904800036552, 41.72540900032584], [-83.4690819998024, 41.72540099982862], [-83.46911600013759, 41.72539100004379], [-83.46914899974954, 41.7253790002999], [-83.46917999971168, 41.72536600023966], [-83.46921099967383, 41.72535199986234], [-83.46923999998616, 41.72533600019364], [-83.46926799957524, 41.72531900020606], [-83.4692929996896, 41.72530600013363], [-83.46931699997904, 41.725291999743284], [-83.46934100026849, 41.72527800002031], [-83.46936800003266, 41.72525999970156], [-83.46939499979685, 41.72524099973212], [-83.46941999991121, 41.72522199975702], [-83.46944400020065, 41.72520200013008], [-83.46946699976688, 41.72517999986276], [-83.46948900040648, 41.72515899990531], [-83.46951000032288, 41.72513599997598], [-83.46952899969115, 41.72511300003842], [-83.46954700013282, 41.725088999774144], [-83.46956399985125, 41.72506500017137], [-83.46957899991986, 41.72504600014427], [-83.46959099961543, 41.72502500014302], [-83.46960200038438, 41.72500400013496], [-83.46961099970692, 41.724983000119984], [-83.46961699955469, 41.72496099977768], [-83.46962099975265, 41.724937999777474], [-83.46962199957757, 41.72492799992058], [-83.4696240001257, 41.72491699974098], [-83.46962699960044, 41.724906999880815], [-83.46963199962332, 41.72489700001905], [-83.46963699964618, 41.72488700015578], [-83.46964400021719, 41.72487700029095], [-83.46965199971478, 41.724866999754056], [-83.46966099993561, 41.724856999886114], [-83.46967099998136, 41.72484899999063], [-83.46969400044591, 41.72483300019668], [-83.46971700001214, 41.724814999753264], [-83.46973999957835, 41.7247980002983], [-83.46976300004289, 41.72477999984504], [-83.46978499978418, 41.72476099973365], [-83.46980700042381, 41.72474299994053], [-83.46982900016512, 41.72472399981816], [-83.46985099990643, 41.72470499969021], [-83.46987299964772, 41.72468499990231], [-83.46989600011227, 41.72466399978312], [-83.46991799985358, 41.72464300032749], [-83.46991700002866, 41.72458900016332], [-83.46991600020375, 41.72453299996997], [-83.46991399965562, 41.724433999688316], [-83.4699129998307, 41.72437299972326], [-83.47003400020452, 41.724370000075226], [-83.47054700021552, 41.72435499982145], [-83.47056200028413, 41.724348000193494], [-83.47084099994339, 41.72421600007448], [-83.47094200022573, 41.72407700002681], [-83.47105000018075, 41.72384699984214], [-83.47133100038815, 41.72384000015885], [-83.47132499964205, 41.72386400021924], [-83.47131600031953, 41.72390800030656], [-83.4713070000987, 41.723959000034895], [-83.47130100025093, 41.723987000052595], [-83.47129899970278, 41.72400900005793], [-83.47129600022805, 41.72405500004475], [-83.47130100025093, 41.72413600027667], [-83.47130100025093, 41.724170999865244], [-83.4713549997793, 41.7242089997609], [-83.47149299987154, 41.72427399986555], [-83.47159599980371, 41.724307999718775], [-83.47167600016967, 41.72431799967215], [-83.47170499958365, 41.72432200032353], [-83.47177900010182, 41.724326000304224], [-83.47179599982026, 41.724326999964106], [-83.47186000029266, 41.724324000313935], [-83.47187399963805, 41.72432299998353], [-83.47192300004185, 41.724320000333115], [-83.47196200039993, 41.72431300003087], [-83.47203299964673, 41.72429900009463], [-83.4720529997382, 41.72429500011225], [-83.47206399960886, 41.72429100012967], [-83.47214499979971, 41.72425700026745], [-83.4722360000363, 41.7242189997297], [-83.47238699964905, 41.72415600023548], [-83.47241000011358, 41.72414600025688], [-83.47278000000944, 41.723965999705236], [-83.4728839997665, 41.723935999676016], [-83.47314599970731, 41.723860000209775], [-83.47316699962371, 41.72385600020012], [-83.47319000008825, 41.72384299983167], [-83.47329499967024, 41.72382000010174], [-83.47335699959453, 41.72380600005802], [-83.4733979996024, 41.723796000024954], [-83.47340699982324, 41.72378899966562], [-83.47340099997545, 41.723753000200176], [-83.47340099997545, 41.723743000158855], [-83.47340799964815, 41.723733000115935], [-83.47342100006693, 41.7237270000895], [-83.4735170003264, 41.723709999676146], [-83.47362100008348, 41.72369200025907], [-83.47375400015287, 41.72368000019788], [-83.47388200019937, 41.72366800013449], [-83.47396500004007, 41.723660000090966], [-83.47398699978137, 41.72365899975022], [-83.47404500040601, 41.72364600001239], [-83.4740599995763, 41.72364400000094], [-83.47408399986574, 41.72364499967143], [-83.47409899993437, 41.723650999705576], [-83.47420699988939, 41.72368899990877], [-83.47421799976004, 41.72369400026905], [-83.47423500037681, 41.723698000288834], [-83.47425299992017, 41.72369600027894], [-83.47427100036181, 41.723694999938765], [-83.4742849997072, 41.72369200025907], [-83.47430399997377, 41.72369299992883], [-83.47431599966934, 41.72369099991884], [-83.47433599976083, 41.72368499988842], [-83.47437299957075, 41.72368000019788], [-83.4745230002569, 41.723678000187476], [-83.4746150003184, 41.723641000318814], [-83.47470499983176, 41.72360500009997], [-83.47476400028133, 41.72362999991887], [-83.47486700021348, 41.72365600006881], [-83.47501299980334, 41.72365299971682], [-83.47507800010067, 41.723650999705576], [-83.4750939999942, 41.723650999705576], [-83.47512999997922, 41.72364499967143], [-83.47515900029153, 41.72364199998936], [-83.47520799979701, 41.723641000318814], [-83.47523899975916, 41.72364300033037], [-83.47526100039877, 41.723646999682856], [-83.47528999981277, 41.723648000023786], [-83.47545999969209, 41.723646999682856], [-83.4756420001653, 41.72364300033037], [-83.47580399964868, 41.72362999991887], [-83.47595000013686, 41.723635999954375], [-83.47602899977957, 41.72355600010496], [-83.4760870004042, 41.7235359999594], [-83.47623100034426, 41.72348600023878], [-83.47693299960281, 41.72324399980746], [-83.47697100013595, 41.72323099998567], [-83.47710599985517, 41.723408999895646], [-83.47718000037332, 41.72350500005676], [-83.47721800000815, 41.72351500013511], [-83.47730199967376, 41.72349699999294], [-83.47745400000973, 41.72345599998544], [-83.47751199973604, 41.72342500004419], [-83.4775870000791, 41.72338600001035], [-83.4776780003157, 41.72333699984829], [-83.4777200001485, 41.72331399993723], [-83.477768999654, 41.72328800031939], [-83.47803300014296, 41.72321600013647], [-83.47813299970205, 41.72319599988507], [-83.4781910003267, 41.72316600016683], [-83.47823900000726, 41.72311400013032], [-83.47831099997728, 41.72307400022836], [-83.4784380001989, 41.723039999722154], [-83.47849299955219, 41.722992000317866], [-83.47848300040474, 41.722643999876944], [-83.47856899972015, 41.72260799977], [-83.47865599975879, 41.722570999955686], [-83.4787200002312, 41.72252899966948], [-83.47874600017047, 41.7225129999683], [-83.47878399980532, 41.722491000121195], [-83.47879899987393, 41.722491000121195], [-83.47890799965387, 41.7224690002666], [-83.4789019998061, 41.72225999993127], [-83.47902700037787, 41.722257000184584], [-83.47915100022642, 41.72225500012984], [-83.47925300033367, 41.72225300007509], [-83.47925900018146, 41.722476999787965], [-83.47927199970194, 41.72248200024255], [-83.47928199974768, 41.722489999762246], [-83.47928799959547, 41.722499999998625], [-83.4793040003873, 41.72316099976546], [-83.47931400043305, 41.723641000318814], [-83.47934700004502, 41.72363999997778], [-83.47942900006078, 41.72363799996613], [-83.47947000006866, 41.72363700029547], [-83.47956100030527, 41.723635000283736], [-83.4795570001073, 41.72348899992812], [-83.47952000029737, 41.72232200025246], [-83.47956200013016, 41.72232000019979], [-83.47960499978787, 41.72231800014701], [-83.47966099986436, 41.72230700019106], [-83.479711999918, 41.72229099976412], [-83.47980900000236, 41.722255999821996], [-83.480044000179, 41.7221320003334], [-83.48022199955594, 41.72203800019398], [-83.48030100009696, 41.721996000229886], [-83.48032100018844, 41.72199200010414], [-83.48033399970892, 41.7219900000412], [-83.48036399984615, 41.72198500021877], [-83.48038499976255, 41.72198399985194], [-83.4803959996332, 41.7219799997255], [-83.48040700040217, 41.721974999902294], [-83.48042599977043, 41.72196500025472], [-83.48044199966395, 41.72195200017421], [-83.48045000005988, 41.721945000284485], [-83.48045599990766, 41.72193700002644], [-83.48046699977832, 41.721921000177815], [-83.48047299962609, 41.72191200021934], [-83.48048000019712, 41.72190399995719], [-83.48048799969472, 41.72189599969404], [-83.48049799974045, 41.72188800010039], [-83.48050699996129, 41.721881000203645], [-83.48059599964975, 41.721812999922264], [-83.48061099971835, 41.72180399994867], [-83.4806840004116, 41.7217630002019], [-83.4807329999171, 41.721736000256264], [-83.4808319996513, 41.721680999959396], [-83.48084900026805, 41.721667000120135], [-83.48088400042815, 41.72163800006025], [-83.48092700008586, 41.72160299976246], [-83.48094600035243, 41.72158699983072], [-83.48105199975932, 41.72149399993895], [-83.48115800006453, 41.72141800026633], [-83.48127400041548, 41.721339000043805], [-83.48129399960867, 41.721323000046276], [-83.48131399970013, 41.72130700004482], [-83.48133499961654, 41.72129100003938], [-83.48135499970803, 41.7212750000299], [-83.4813739999746, 41.72125900001649], [-83.48139400006608, 41.72124299999909], [-83.48141499998249, 41.72122699997767], [-83.48143699972378, 41.721212000331164], [-83.48145900036342, 41.721197999719216], [-83.48148299975455, 41.721185000154], [-83.48159900010549, 41.7211119999162], [-83.48161900019699, 41.72109900033358], [-83.48163799956525, 41.72108600007788], [-83.48165699983183, 41.721072999819505], [-83.48167799974821, 41.721058000137006], [-83.4816979998397, 41.72104400016201], [-83.48171799993119, 41.72102899980228], [-83.48173700019777, 41.721014000109555], [-83.481831999734, 41.720940999677495], [-83.48193800003921, 41.720865000021355], [-83.48198499989488, 41.72082299996109], [-83.48203299957544, 41.72078099987336], [-83.4821270001851, 41.72069700028604], [-83.48222199972133, 41.72061299991843], [-83.4823170001559, 41.720529000111505], [-83.48247699998947, 41.72039200024673], [-83.4826059998609, 41.720284000103355], [-83.48271399981594, 41.72018900021837], [-83.48271999966371, 41.7201809997417], [-83.48272899988454, 41.720163999731206], [-83.48273200025758, 41.720155000197174], [-83.48273599955724, 41.7201380001798], [-83.48273599955724, 41.72012899997161], [-83.48274399995316, 41.720084999978525], [-83.48275999984669, 41.72002500030518], [-83.48279099980883, 41.71995799979911], [-83.48279900020474, 41.71994400025499], [-83.48281400027335, 41.719915000088], [-83.48282500014402, 41.71989200029312], [-83.48283400036486, 41.71987000021919], [-83.48284299968735, 41.719846999737676], [-83.48285199990819, 41.71982100005802], [-83.4828600003041, 41.719793999966925], [-83.48286600015189, 41.719766999864476], [-83.48287199999969, 41.71973699988633], [-83.48287600019765, 41.71971499975938], [-83.48287799984746, 41.71969300029538], [-83.48288000039561, 41.71967100015336], [-83.4828810002205, 41.71964900000377], [-83.48288000039561, 41.719626999846696], [-83.48285100008329, 41.71951200027445], [-83.48285100008329, 41.71946299984031], [-83.48285100008329, 41.71941999979798], [-83.4828739996495, 41.7193110002947], [-83.48288399969525, 41.71924500012423], [-83.48289299991607, 41.719175999995414], [-83.482893999741, 41.71916399976137], [-83.482893999741, 41.719152000195606], [-83.48289200009116, 41.71913900021651], [-83.48288899971811, 41.71912699997556], [-83.48288500041846, 41.71911499973236], [-83.48288000039561, 41.71910300015745], [-83.4828739996495, 41.719092000321695], [-83.48287000034986, 41.71907900033044], [-83.48286799980171, 41.7190649999243], [-83.4828669999768, 41.719051000185594], [-83.4828669999768, 41.719038000186046], [-83.48286899962663, 41.71902699966863], [-83.48287100017477, 41.7190159998198], [-83.48287299982458, 41.71899199996025], [-83.48287299982458, 41.718968000091735], [-83.48287000034986, 41.71894400021426], [-83.48286399960375, 41.71892000032787], [-83.48285699993107, 41.718897000176824], [-83.4828440004106, 41.71885500017132], [-83.48281900029623, 41.71880299999879], [-83.4827959998317, 41.71875700027532], [-83.48277300026548, 41.71871000010107], [-83.48272999970945, 41.718659000229806], [-83.48269500044768, 41.71861799981751], [-83.48268899970158, 41.718603999981426], [-83.48268100020398, 41.71859000014234], [-83.48266899961008, 41.718577999798875], [-83.48265400043978, 41.71856699987325], [-83.48263799964795, 41.71855800011551], [-83.48259499999024, 41.71854700018641], [-83.48256099965506, 41.718537999755384], [-83.48252800004309, 41.718529999743716], [-83.4825149996243, 41.71852500032261], [-83.48250299992873, 41.71851800005957], [-83.482492999883, 41.71851000004536], [-83.48248500038538, 41.71849999985863], [-83.48248000036251, 41.71848999967029], [-83.48247600016455, 41.71847099971053], [-83.48247100014169, 41.71844800006933], [-83.48246399957067, 41.718426999923324], [-83.48246299974576, 41.71837700025046], [-83.48247100014169, 41.71832999979836], [-83.48248899968503, 41.718291999778565], [-83.48250799995161, 41.71826900007335], [-83.48252899986801, 41.71825099980266], [-83.48254800013459, 41.71823300019748], [-83.48256499985303, 41.7182129997362], [-83.48257999992164, 41.71819200018389], [-83.48258900014245, 41.71817699982897], [-83.48260400021107, 41.7181469997791], [-83.48260699968581, 41.71813400026723], [-83.48260800040902, 41.718121999838615], [-83.48260900023395, 41.7181100000783], [-83.48260699968581, 41.7180969998884], [-83.48260500003599, 41.718085000123416], [-83.48260099983804, 41.718072999685646], [-83.4825919996172, 41.71805400027314], [-83.48258199957145, 41.718038999885955], [-83.48257300024893, 41.71802900029648], [-83.4825640000281, 41.718019999792865], [-83.48255300015745, 41.71801099995857], [-83.4825420002868, 41.7180029998813], [-83.48252999969291, 41.717997999748654], [-83.48251799999734, 41.717991999857205], [-83.48250700012669, 41.71798500020665], [-83.48249700008095, 41.71797700012608], [-83.4824870000352, 41.71796999980336], [-83.48247899963928, 41.71796099996207], [-83.48247100014169, 41.71795200011947], [-83.48246399957067, 41.71794300027566], [-83.48245900044611, 41.71793300000065], [-83.48245699989798, 41.717918000255814], [-83.4824579997229, 41.71790400026724], [-83.48246299974576, 41.71789000027566], [-83.48247000031678, 41.71787700004127], [-83.4824870000352, 41.71785900033133], [-83.48249799990587, 41.71784800028258], [-83.48250799995161, 41.71783500003969], [-83.48251700017244, 41.717821999794175], [-83.48252999969291, 41.71779500020424], [-83.48255300015745, 41.71775999982495], [-83.48258300029467, 41.71769900022946], [-83.48261300043191, 41.717606000075165], [-83.48262299957932, 41.717581999689095], [-83.4826340003483, 41.717557999964555], [-83.48264600004387, 41.71753400023101], [-83.48265899956434, 41.717511000254525], [-83.48282099994606, 41.717232999683176], [-83.48297099973388, 41.71699000006811], [-83.48298400015267, 41.716975000103126], [-83.48299900022128, 41.71696199968364], [-83.48300800044211, 41.716955999695465], [-83.48302699981038, 41.71694599993743], [-83.48303799968103, 41.716942000167926], [-83.48312100042003, 41.71689800000439], [-83.48313899996336, 41.71687799979821], [-83.4831559996818, 41.71685699980968], [-83.48317300029855, 41.716822000260606], [-83.483190000017, 41.71678900024684], [-83.4832179996061, 41.71673500018775], [-83.48326500036006, 41.71663399973189], [-83.4833389999799, 41.7165299997738], [-83.48341199977484, 41.716463000317724], [-83.48342099999567, 41.71645500004775], [-83.48342699984346, 41.71644699977678], [-83.48343199986633, 41.71643799972216], [-83.48343199986633, 41.71642799988353], [-83.48342400036871, 41.716420000279754], [-83.4833819996376, 41.71640699974801], [-83.48336900011715, 41.71640200016175], [-83.4833659997441, 41.71639200031752], [-83.48337400014, 41.71638199980122], [-83.48344600011004, 41.7163840000387], [-83.48346399965338, 41.716381000017684], [-83.48348100027013, 41.71637700021302], [-83.48349700016367, 41.716371000170234], [-83.48351700025515, 41.71635900008297], [-83.4835280001258, 41.71635000001603], [-83.48353800017154, 41.71634000016371], [-83.48355099969201, 41.71632400026266], [-83.48356099973776, 41.716306999902464], [-83.48356599976063, 41.71629499980325], [-83.48361799963916, 41.7161810000901], [-83.48362900040814, 41.71616500014946], [-83.48363699990574, 41.716147999747164], [-83.48364399957843, 41.71613000022354], [-83.4836479997764, 41.71611200002431], [-83.48365100014944, 41.71609399982005], [-83.48365100014944, 41.716074999822496], [-83.48364899960131, 41.716057000278376], [-83.48364299975351, 41.7160420000957], [-83.48364000027878, 41.71602699990947], [-83.48364000027878, 41.71601099993053], [-83.48364399957843, 41.71599599973706], [-83.48365199997436, 41.71598100021066], [-83.48366100019518, 41.71597100030097], [-83.4836689996928, 41.715963999759694], [-83.4836750004389, 41.71595600009817], [-83.48369100033241, 41.715873999821824], [-83.4837320003403, 41.71563600007908], [-83.4837819996707, 41.71552599972552], [-83.48379000006662, 41.71551499994804], [-83.48379799956422, 41.71550299970095], [-83.48380400031031, 41.71549199991953], [-83.4838090003332, 41.715479999668155], [-83.48381299963283, 41.71546700028735], [-83.48381600000589, 41.715455000031305], [-83.4838169998308, 41.71544199997492], [-83.48381600000589, 41.71542999971421], [-83.48380799960997, 41.715421000187746], [-83.48380199976218, 41.715411999989506], [-83.48379799956422, 41.715401999991236], [-83.48379599991439, 41.71539199999142], [-83.48379599991439, 41.71538100019099], [-83.48379900028745, 41.71537100018791], [-83.48380400031031, 41.71536100018331], [-83.48381600000589, 41.71534999970701], [-83.48382299967857, 41.71534199996901], [-83.48383000024958, 41.71533400023007], [-83.48384000029532, 41.71531700027853], [-83.48384299977008, 41.71530800006568], [-83.48384600014312, 41.71529899985161], [-83.48384699996804, 41.715288999835764], [-83.48384799979293, 41.71528000028956], [-83.48384699996804, 41.71527100007158], [-83.48384600014312, 41.71526199985229], [-83.48384299977008, 41.71525199983068], [-83.48384000029532, 41.71524300027934], [-83.48382900042466, 41.71522600030374], [-83.48382299967857, 41.715217999879734], [-83.4838169998308, 41.71519199966848], [-83.48381199980791, 41.71516600011721], [-83.4838090003332, 41.715139000082054], [-83.48380699978506, 41.71511299983884], [-83.48380699978506, 41.715085999781415], [-83.48380799960997, 41.71506000018728], [-83.48381099998302, 41.71503300010759], [-83.48381600000589, 41.71500699982149], [-83.48381500018098, 41.714981000195394], [-83.48381500018098, 41.71495400008253], [-83.48381600000589, 41.71492799976447], [-83.48381799965571, 41.714902000106406], [-83.48382100002875, 41.714875999767266], [-83.48382600005164, 41.714850000088234], [-83.48383100007449, 41.714823999728054], [-83.48383699992229, 41.71479899983609], [-83.48384399959497, 41.71477300012586], [-83.48385299981581, 41.71474800021401], [-83.48385899966358, 41.71473700030338], [-83.48386399968646, 41.71472599972027], [-83.48386799988442, 41.714713999996455], [-83.48387100025747, 41.71470200027039], [-83.48387200008237, 41.71468999987152], [-83.48387200008237, 41.71467800014097], [-83.48387100025747, 41.71466599973762], [-83.48386799988442, 41.71465400000255], [-83.4838670000595, 41.71464099978415], [-83.4838670000595, 41.7146280002337], [-83.48386899970933, 41.714615000010006], [-83.48387200008237, 41.714603000265456], [-83.48387600028033, 41.71459000003676], [-83.48388200012813, 41.714578000287545], [-83.48388899980083, 41.71456699967723], [-83.48389800002164, 41.71455499992373], [-83.48390700024247, 41.714544999792125], [-83.48391800011314, 41.71453500032953], [-83.4839299998087, 41.71452600000718], [-83.48394300022748, 41.71451699968362], [-83.48395699957287, 41.71451000032512], [-83.48396999999167, 41.71450599973344], [-83.48398199968723, 41.71450099999931], [-83.48399299955788, 41.714496000264795], [-83.48400400032686, 41.714490000046396], [-83.4840140003726, 41.71448300001439], [-83.48402400041833, 41.714475999981666], [-83.48403199991596, 41.714468000134936], [-83.48404000031188, 41.714460000287154], [-83.48404600015965, 41.71445099995435], [-83.48405200000744, 41.71444099980656], [-83.48405600020538, 41.71443200014162], [-83.48406000040335, 41.714421000176905], [-83.48406200005319, 41.71441000021031], [-83.484063999703, 41.714399000241826], [-83.484063999703, 41.714389000085944], [-83.48406200005319, 41.714378000113875], [-83.48406000040335, 41.71436700013991], [-83.48405600020538, 41.71435600016407], [-83.48405100018253, 41.71434600000155], [-83.48404699998456, 41.71433700032331], [-83.48404199996169, 41.714320000108074], [-83.48404100013677, 41.714310999755604], [-83.48404000031188, 41.714302000072514], [-83.48404100013677, 41.71429199990155], [-83.48404600015965, 41.71427499967441], [-83.48405000035761, 41.714265999986225], [-83.48405200000744, 41.71425100005607], [-83.48405200000744, 41.71423699993933], [-83.48405000035761, 41.71422200000243], [-83.48404699998456, 41.714207000062004], [-83.48404199996169, 41.71419299993568], [-83.484035000289, 41.71417899980626], [-83.48402900044123, 41.71417000010463], [-83.48402500024326, 41.71416099973121], [-83.48402400041833, 41.71415100020888], [-83.48402400041833, 41.71414000019608], [-83.48402699989309, 41.714130999818416], [-83.48403199991596, 41.714121000291414], [-83.48403899958863, 41.71411199991114], [-83.48404799980948, 41.714104999838014], [-83.48405799985522, 41.71409799976407], [-83.48408200014467, 41.714078000027726], [-83.48410399988597, 41.714055999975244], [-83.48412399997746, 41.71403399991519], [-83.48414200041913, 41.714011000027284], [-83.48415800031266, 41.7139859998191], [-83.48417199965805, 41.71396100027173], [-83.4841969997724, 41.71392599981618], [-83.48424799982602, 41.71387100021133], [-83.48427700013835, 41.71383599970678], [-83.48429700022982, 41.71381699971231], [-83.48431499977318, 41.71379699988849], [-83.48432999984179, 41.713776000234425], [-83.48434300026057, 41.71375499990293], [-83.48435400013123, 41.713734000235156], [-83.48436199962883, 41.713711000239904], [-83.48436900019985, 41.713689000061805], [-83.48437500004762, 41.71366299990256], [-83.48438199972033, 41.713638000229565], [-83.48439199976606, 41.713612999876304], [-83.48440400035994, 41.71358800018385], [-83.48441699988042, 41.713564000309006], [-83.48443100012412, 41.713542000080594], [-83.48444700001765, 41.713519000016646], [-83.48446499956098, 41.71349800027176], [-83.48448399982756, 41.71347699984943], [-83.48450499974396, 41.71345799974884], [-83.48452499983546, 41.713437999813316], [-83.48454400010203, 41.71341700004197], [-83.48456300036861, 41.71339700009369], [-83.48458099991196, 41.71337499980812], [-83.48459699980548, 41.71335400001619], [-83.48461400042223, 41.7133319997159], [-83.48462899959253, 41.71331000007867], [-83.48464299983623, 41.71328799976332], [-83.48465600025501, 41.713265000279016], [-83.48466899977551, 41.713242000115955], [-83.48467999964616, 41.713218999944644], [-83.48469700026291, 41.71319800010175], [-83.48471499980626, 41.713177000252], [-83.48473400007282, 41.7131559997248], [-83.48475499998922, 41.71313700019986], [-83.48477699973054, 41.71311799999876], [-83.48479199979914, 41.71310199996622], [-83.48480600004285, 41.71308500009493], [-83.48481799973841, 41.71306699971347], [-83.48482799978416, 41.7130489999976], [-83.48483700000499, 41.71302999977044], [-83.48485100024868, 41.71301699989419], [-83.48486200011935, 41.7130099997018], [-83.48487299999, 41.71300400001523], [-83.48488499968558, 41.71299900016427], [-83.48489800010437, 41.71299400031291], [-83.48491200034806, 41.71299000029747], [-83.48492499986854, 41.712983999938494], [-83.4849369995641, 41.71297400023306], [-83.48494599978493, 41.7129620001821], [-83.48494999998289, 41.71293999974764], [-83.48495199963271, 41.71292900019819], [-83.48495599983067, 41.7129189998136], [-83.48496000002862, 41.7129099999356], [-83.48496599987641, 41.71290100005629], [-83.48497199972421, 41.71289300001349], [-83.48498000012013, 41.71288499996974], [-83.48498799961773, 41.71287699992493], [-83.48499699983857, 41.712869999717306], [-83.4850069998843, 41.712864000017724], [-83.48501799975496, 41.712858000317574], [-83.48504299986932, 41.71283800019536], [-83.48506600033384, 41.712817000227986], [-83.48508700025025, 41.712794999743906], [-83.48510599961851, 41.712772000083206], [-83.48512300023526, 41.712747999903726], [-83.48513800030388, 41.71272399971524], [-83.48514999999944, 41.712697999836244], [-83.48517400028886, 41.712670000264325], [-83.48519500020528, 41.71264699988831], [-83.48521699994659, 41.71262599985853], [-83.48524100023602, 41.71260600033473], [-83.4852670001753, 41.71258699997668], [-83.48529399993949, 41.712568000283554], [-83.48532200042689, 41.712551000271034], [-83.48535099984088, 41.71253500009735], [-83.48538099997812, 41.71251999976325], [-83.48541299976516, 41.712506999783834], [-83.48544499955221, 41.712495000316295], [-83.48547800006249, 41.71248400002008], [-83.48550400000175, 41.712466999985345], [-83.48552999994104, 41.712450999790754], [-83.48555699970521, 41.71243600010765], [-83.4855900002155, 41.71242499980134], [-83.48562299982744, 41.712415000008946], [-83.4856549996145, 41.71240299985369], [-83.48566899985819, 41.71239200021228], [-83.48568099955378, 41.71237900020698], [-83.48568999977459, 41.71236499968245], [-83.48569499979747, 41.71234999997927], [-83.48569899999544, 41.712339000328846], [-83.48570400001832, 41.712328999852474], [-83.48570999986609, 41.71231800019845], [-83.4857170004371, 41.71230799971881], [-83.4857249999347, 41.71229899975526], [-83.48573400015553, 41.712289999790414], [-83.48574400020128, 41.71228199967156], [-83.48575500007192, 41.71227400022236], [-83.48576599994259, 41.712266999949016], [-83.48577900036138, 41.712261000193145], [-83.48579199988185, 41.71225600028439], [-83.48580500030064, 41.71225099970464], [-83.48581899964603, 41.71224700031351], [-83.48583600026278, 41.71224300025158], [-83.48585100033141, 41.71223799967082], [-83.48586700022491, 41.712232999760275], [-83.48588700031642, 41.71222799984934], [-83.48590800023281, 41.71222500030492], [-83.4859299999741, 41.71222399978618], [-83.48594699969256, 41.71222399978618], [-83.48595900028643, 41.71222100024158], [-83.48597000015708, 41.712217000178036], [-83.48597900037792, 41.7122109997469], [-83.48598900042366, 41.712200999921215], [-83.48599299972331, 41.71219000024524], [-83.48599299972331, 41.712178999896835], [-83.48599100007348, 41.71216999991523], [-83.48599299972331, 41.712160000083166], [-83.48600100011922, 41.712151999948134], [-83.48601199998987, 41.71214799988024], [-83.48603799992915, 41.712147000030896], [-83.4860620002186, 41.712147000030896], [-83.48608499978482, 41.71214899972963], [-83.48610900007426, 41.712151999948134], [-83.48613199964048, 41.71215699986499], [-83.4861540002801, 41.71216300030116], [-83.48617600002142, 41.71216999991523], [-83.48630700044096, 41.71217300013276], [-83.48640799982499, 41.71216499999939], [-83.48640199997722, 41.71182400026149], [-83.4864570002288, 41.71182400026149], [-83.48718899962459, 41.71181699993918], [-83.48722399978469, 41.71182000017324], [-83.4872589999448, 41.71182299973649], [-83.48729300027998, 41.71182699982461], [-83.48732800044007, 41.71183099991247], [-83.48736199987695, 41.711835000000036], [-83.48739700003705, 41.71183999994154], [-83.48743100037224, 41.711844999882665], [-83.4874649998091, 41.71185099967741], [-83.4874990001443, 41.71185799999601], [-83.48753299958118, 41.71186399978949], [-83.48756699991637, 41.711871000106676], [-83.48760000042664, 41.71187900027668], [-83.4876330000386, 41.71188699977508], [-83.48766700037379, 41.71189499994305], [-83.48769999998575, 41.71190399996321], [-83.48773299959772, 41.711912999982104], [-83.487766000108, 41.71192100014684], [-83.48779899971996, 41.71193000016336], [-83.48783300005515, 41.711936999802745], [-83.48786599966711, 41.711944999964544], [-83.48790000000228, 41.71195200027291], [-83.48793400033749, 41.71195899990995], [-83.48796799977436, 41.71196499969401], [-83.48800200010953, 41.71197100014811], [-83.48803600044474, 41.711976999931046], [-83.4880699998816, 41.71198299971342], [-83.48810599986662, 41.711985999939735], [-83.48814199985163, 41.71198900016584], [-83.48817799983665, 41.711990999869485], [-83.48821399982164, 41.71199300024362], [-83.48824999980665, 41.711994000095366], [-83.48828599979167, 41.711994000095366], [-83.48832199977669, 41.711994000095366], [-83.48835699993678, 41.71199300024362], [-83.4883929999218, 41.711990999869485], [-83.4884289999068, 41.71198900016584], [-83.48846499989182, 41.711985999939735], [-83.48850099987683, 41.71198299971342], [-83.48853199983897, 41.71197600007904], [-83.48856299980112, 41.71196899977329], [-83.48859399976325, 41.71196200013733], [-83.48862499972539, 41.7119539999777], [-83.48865599968752, 41.71194599981704], [-83.48868599982475, 41.711936999802745], [-83.4887169997869, 41.711927999787264], [-83.48874600009923, 41.711917999917546], [-83.4887529997719, 41.71207299973502], [-83.4887529997719, 41.71208999987395], [-83.48876500036579, 41.71239099969613], [-83.48945800030182, 41.711917999917546], [-83.48963700040197, 41.71178800012853], [-83.4897100001969, 41.711745000315865], [-83.49117200023697, 41.71074799972851], [-83.49219300023607, 41.710212000178885], [-83.49269899967607, 41.70990399968194], [-83.49275499975255, 41.709947000055514], [-83.49301400021865, 41.7097940002486], [-83.49314700028803, 41.70991700018783], [-83.49345899955924, 41.709815999747924], [-83.49353800010029, 41.70979099991998], [-83.49360699969726, 41.709770000298434], [-83.49363600000956, 41.70976000009302], [-83.4938140002848, 41.709702999831286], [-83.49386000031555, 41.70968800017757], [-83.49410200016489, 41.709611000067], [-83.49424600010492, 41.709564999800136], [-83.49437900017433, 41.70952199984167], [-83.49436800030367, 41.709591000275765], [-83.49431899989987, 41.70964500030138], [-83.49424000025715, 41.70968100029324], [-83.49409700014202, 41.70972199970061], [-83.49387299983603, 41.70977200007106], [-83.4937089998045, 41.70981499986231], [-83.49358300030612, 41.70985699973983], [-83.4934479996886, 41.70989500005239], [-83.49338599976431, 41.70991600030377], [-83.49324500019732, 41.70997099993959], [-83.49305500022652, 41.71004300020871], [-83.49276599962322, 41.71015299988661], [-83.49244299958302, 41.71028300029973], [-83.49229600016824, 41.710362999907396], [-83.49221499997738, 41.71042600018224], [-83.49188699991433, 41.710563999706274], [-83.49163099982128, 41.710709999920134], [-83.49135200016202, 41.71087300026323], [-83.491168000039, 41.71099100014261], [-83.490983999916, 41.71111200007245], [-83.49085300039475, 41.711246000011585], [-83.49072100015027, 41.71136399987689], [-83.49059800012662, 41.7114630001764], [-83.49046199968419, 41.71158999970749], [-83.49037999966842, 41.7116729999413], [-83.49027500008643, 41.711770999909724], [-83.49018399984982, 41.71182599997026], [-83.4901179997276, 41.711859999703684], [-83.49007500006988, 41.71189599979632], [-83.49006500002415, 41.711936999802745], [-83.49008400029072, 41.711972000000195], [-83.4901179997276, 41.71199300024362], [-83.49018300002493, 41.71200700017858], [-83.49028500013218, 41.71200999973316], [-83.49039899993498, 41.711985999939735], [-83.49050199986715, 41.71194999989749], [-83.49064800035534, 41.71194800019257], [-83.4907860004476, 41.711961000285086], [-83.49096499964942, 41.71198199986151], [-83.49113999955162, 41.71198800031402], [-83.49129799973535, 41.711980000157624], [-83.49146500013993, 41.71194199973632], [-83.4916950002937, 41.711872999814], [-83.49190500035598, 41.71183900008741], [-83.49207299968717, 41.711793999928545], [-83.49220099973368, 41.71175900030483], [-83.4922509999624, 41.71174399978965], [-83.49243500008542, 41.71168799980245], [-83.49258700042137, 41.71163500000912], [-83.49264900034566, 41.71161299979108], [-83.49278099969183, 41.71156499989884], [-83.49303400031012, 41.71147899994636], [-83.49326199991575, 41.711401999969226], [-83.49336200037318, 41.7113560003134], [-83.49361500009317, 41.71124000016042], [-83.49384900044491, 41.71111700007019], [-83.49400099988254, 41.71101899977527], [-83.49416099971613, 41.71091400025154], [-83.49426700002132, 41.71081100029665], [-83.49435400005997, 41.71072500000599], [-83.49444899959622, 41.710630999946616], [-83.49452300011437, 41.710552999750234], [-83.49459599990931, 41.710504999737054], [-83.49460799960487, 41.71049999969171], [-83.49462600004654, 41.710495000316605], [-83.49466799987933, 41.71130599983376], [-83.49801000043419, 41.710352999794225], [-83.49847900006426, 41.7102190000054], [-83.49847400004138, 41.71006000021387], [-83.49848900011, 41.71004599985494], [-83.49868300027877, 41.70988300009731], [-83.49886700040177, 41.70985300019974], [-83.49918200004605, 41.70993199978811], [-83.49936699999398, 41.71003200016351], [-83.49947599977392, 41.71012399999588], [-83.4994959998654, 41.710140000099116], [-83.49952600000263, 41.71028300029973], [-83.49958499955386, 41.71034099992464], [-83.49976100017928, 41.710395999867465], [-83.49988699967767, 41.710333000233845], [-83.49992699986063, 41.710287999691325], [-83.49992900040876, 41.7102720002956], [-83.49993000023366, 41.71023400020585], [-83.49989900027154, 41.71007399989921], [-83.49989300042375, 41.710044999972844], [-83.49984300019504, 41.70973999967752], [-83.49982200027864, 41.70957300025713], [-83.49984300019504, 41.70945999991335], [-83.50010599996077, 41.70941799977646], [-83.50034500033536, 41.709485999760766], [-83.50064800028407, 41.70952600007296], [-83.50135999958837, 41.709522999731895], [-83.50147599993932, 41.70960799972984], [-83.5015860004425, 41.70979899967823], [-83.50162400007733, 41.71006999970201], [-83.50166000006234, 41.710211000299424], [-83.50170100007021, 41.710320999689905], [-83.50167299958281, 41.711275999929676], [-83.501670999933, 41.71132099978055], [-83.501670999933, 41.71134800007835], [-83.5016640002603, 41.71158200017213], [-83.50166300043539, 41.711603999730166], [-83.50166000006234, 41.71169100004248], [-83.50150000022877, 41.711661000318074], [-83.50134399969485, 41.71158399988838], [-83.50126199967907, 41.711525000184785], [-83.5009539997075, 41.711366000270544], [-83.50060399990313, 41.71119000026116], [-83.50035600020601, 41.711052000069195], [-83.50019600037247, 41.710966000101], [-83.50011099998365, 41.71085800021189], [-83.5000930004403, 41.710837000268285], [-83.5000030000286, 41.710707000304936], [-83.49998399976202, 41.71062800032774], [-83.49994500030229, 41.71061499996564], [-83.49981399988272, 41.71063900027095], [-83.49965700042219, 41.7106689998017], [-83.499587000102, 41.7107140000775], [-83.49944399998687, 41.71081700018785], [-83.49932099996323, 41.71083599972792], [-83.49921899985597, 41.710883000295496], [-83.49895299971719, 41.71103000032219], [-83.49891400025744, 41.711052000069195], [-83.49852900029298, 41.71109399980909], [-83.49799399964236, 41.71127400020384], [-83.49742799992794, 41.71154400018615], [-83.49721799986565, 41.711617999749855], [-83.49688899997768, 41.711733999891315], [-83.49638699983734, 41.711876999899], [-83.49592200040526, 41.71206100018646], [-83.49567499963473, 41.71219400031052], [-83.49560699986267, 41.71223100006416], [-83.49555499998411, 41.71225899982735], [-83.49552099964893, 41.712276999764434], [-83.49513499985957, 41.71246600014097], [-83.49512200033908, 41.71247299972199], [-83.49510499972233, 41.71248099981707], [-83.49507999960797, 41.712492999957774], [-83.49504299979805, 41.712509000141914], [-83.49501699985878, 41.71252100027739], [-83.49498099987376, 41.71253599994066], [-83.4949490000867, 41.71254899991426], [-83.49491599957645, 41.71256100004227], [-83.4948839997894, 41.71257300016804], [-83.49486600024605, 41.712579999737464], [-83.49485100017743, 41.71258500029157], [-83.49481799966716, 41.712595999899946], [-83.4943919996948, 41.71274700006366], [-83.49432999977053, 41.71276899989364], [-83.49389899977531, 41.712921999996226], [-83.49288199997416, 41.71328299993444], [-83.49284799963898, 41.713295999756916], [-83.49270299987403, 41.71334799969119], [-83.49264099994973, 41.71336699982436], [-83.49254200021554, 41.71339799992364], [-83.4925179999261, 41.71340500007377], [-83.49233700017611, 41.71344700028802], [-83.49218599966507, 41.713482000333805], [-83.49207000021244, 41.71351599986194], [-83.49204300044823, 41.71355199969767], [-83.49203400022742, 41.713564000309006], [-83.49198099962565, 41.71359799979377], [-83.49187299967062, 41.71364700000568], [-83.49176499971558, 41.71369200020843], [-83.49167699985203, 41.71372899977039], [-83.49161499992776, 41.71374799979092], [-83.49156300004923, 41.713765000157444], [-83.49148100003346, 41.713792000099204], [-83.49142800033002, 41.71381000027758], [-83.49137499972825, 41.7138239998168], [-83.49124300038208, 41.71385900032788], [-83.49114200009976, 41.713895999793706], [-83.49106299955871, 41.713924999994454], [-83.49092199999173, 41.713984000177526], [-83.49084800037187, 41.714014999979234], [-83.49070400043183, 41.71409699994505], [-83.49062800026384, 41.71417199974042], [-83.49060800017236, 41.714180000294576], [-83.49050699989002, 41.7142170002462], [-83.49039200026229, 41.714224000307134], [-83.49015700008565, 41.71404899989597], [-83.4899910004043, 41.71392199985869], [-83.48974600018191, 41.71400799989555], [-83.48950699980732, 41.71409099968942], [-83.48934100012596, 41.71414999972011], [-83.48891599997853, 41.71429899995431], [-83.48908000001006, 41.71442599991726], [-83.4891119997971, 41.71445099995435], [-83.48953199992167, 41.71477000002964], [-83.48950199978444, 41.71484399990289], [-83.48946800034757, 41.71490900009274], [-83.48943999986017, 41.71496299967438], [-83.48940899989803, 41.715025000330186], [-83.48934699997373, 41.71507300032092], [-83.48933199990515, 41.71509100014061], [-83.48928000002658, 41.715157999685786], [-83.48920899988148, 41.71524300027934], [-83.48919999966064, 41.71525799997798], [-83.48918299994223, 41.715287000234774], [-83.48914799978212, 41.71536199998266], [-83.48908199965989, 41.715428999915915], [-83.48906800031448, 41.71544400024166], [-83.48898799994853, 41.7155359997045], [-83.4888930004123, 41.71559499974986], [-83.48883499978766, 41.71562600011567], [-83.48877899971117, 41.71565200015142], [-83.48870900028929, 41.715682000024806], [-83.48864700036502, 41.715721999834244], [-83.48860600035714, 41.71574600024438], [-83.48847599976246, 41.715824999966536], [-83.48845200037134, 41.71583199985235], [-83.48839999959449, 41.71584600029229], [-83.48836899963234, 41.71586000005855], [-83.48831900030194, 41.71588099970229], [-83.4882020001261, 41.71592199984907], [-83.48815600009533, 41.71594000010151], [-83.48811199971439, 41.71595699988826], [-83.4880349997215, 41.715968000260666], [-83.48779299987217, 41.715873000030435], [-83.48732599989195, 41.715695999826856], [-83.48693000005682, 41.71618599969354], [-83.48686700030763, 41.71626399976007], [-83.48681100023113, 41.71633300033323], [-83.48671699962149, 41.71644900001224], [-83.48657400040467, 41.71662699993338], [-83.48651800032818, 41.716696000116826], [-83.48649400003873, 41.71681799981283], [-83.48644700018306, 41.717084999988366], [-83.48627800012866, 41.71769999999245], [-83.48625700021226, 41.717792000249126], [-83.48622399970198, 41.717927000103124], [-83.48620500033373, 41.7180080000135], [-83.4861559999299, 41.718211000226134], [-83.48616299960263, 41.71830900028427], [-83.48715400036282, 41.718699000198036], [-83.48887699962046, 41.71938000027857], [-83.48953399957149, 41.71963800026147], [-83.49059800012662, 41.72005700027205], [-83.49083999997595, 41.71970999975994], [-83.49133100024564, 41.71898699990456], [-83.49171600021009, 41.718432000022574], [-83.49252499959879, 41.71916700032296], [-83.49295800014214, 41.71955899986215], [-83.49305900042448, 41.71942299967714], [-83.49382900035341, 41.718383999858325], [-83.49419900024928, 41.71846100018823], [-83.495708000145, 41.71877600015052], [-83.49675500008338, 41.71894200005645], [-83.49674599986254, 41.718966999677946], [-83.49668300011335, 41.71912999986839], [-83.49662299983889, 41.7192860001365], [-83.49656500011257, 41.719439000147695], [-83.49650499983812, 41.71959499966571], [-83.49642700002032, 41.71979800022944], [-83.49641299977662, 41.71983399989916], [-83.496397999708, 41.71987199967764], [-83.49697699984122, 41.72000400000397], [-83.49665600034918, 41.720860000111394], [-83.49650099964016, 41.721270999859314], [-83.49574099975696, 41.723268999766766], [-83.49555400015922, 41.72374199981941], [-83.49486799989586, 41.72554800017371], [-83.49475400009304, 41.72583999991181], [-83.49467499955202, 41.72604399982309], [-83.49420099989909, 41.7272830000115], [-83.49380500006399, 41.72831599981639], [-83.49378699962232, 41.72836200007172], [-83.4928500001871, 41.73074300028687], [-83.49250500040561, 41.73162100020272], [-83.49238700040483, 41.73194399969255], [-83.4944269998549, 41.731889000089254], [-83.49692999998555, 41.73182400031453], [-83.49726300007148, 41.73181599994577], [-83.49767499980014, 41.731805000275116], [-83.4981860001613, 41.731792000174366], [-83.49829900013921, 41.73178900020232], [-83.49841200011711, 41.73178600023014], [-83.49879399970852, 41.731774999883946], [-83.49917500037336, 41.73176400020628], [-83.49927999995533, 41.73176100023288], [-83.4993839997124, 41.73175800025938], [-83.50158899991723, 41.73169600032868], [-83.50379800032002, 41.73162599994566], [-83.50399499996351, 41.73161999998593], [-83.50421300042171, 41.73161299980869], [-83.50433800009517, 41.73160900028171], [-83.50905499975318, 41.73146100017765], [-83.5090840000655, 41.73145999995837], [-83.51669999968927, 41.73123199983389], [-83.51845200015755, 41.731180000292], [-83.51846499967803, 41.731180000292], [-83.51950699959353, 41.731149000055154], [-83.5196659996022, 41.73114400027509], [-83.51986200031908, 41.731138000270285], [-83.52127300030554, 41.731096000221115], [-83.52143099959096, 41.731091999991555], [-83.5215889997747, 41.731087000207], [-83.52578300027429, 41.730960999877134], [-83.52607000032947, 41.730953000071295], [-83.52610299994144, 41.7309510002873], [-83.52843299981971, 41.730880999762825], [-83.52852499988123, 41.73087899997659], [-83.52996199980694, 41.73082499969061], [-83.52999100011925, 41.730824000131825], [-83.53004800002067, 41.73082199967335], [-83.53006700028723, 41.730821000114524], [-83.5300859996555, 41.73081999988528], [-83.5301140001429, 41.73081900032642], [-83.53016600002144, 41.73081699986784], [-83.53156500031231, 41.73076300020015], [-83.53348000008893, 41.73069099967872], [-83.53452200000442, 41.73065200003298], [-83.53647399959092, 41.73057899982455], [-83.53741900032036, 41.730543000141246], [-83.53763600005536, 41.73053500028335], [-83.54341600044356, 41.73031699991781], [-83.54348300039071, 41.73031500011397], [-83.5456099998794, 41.730234000297614], [-83.54767100014419, 41.73015500018801], [-83.54820400024666, 41.730144000232876], [-83.55361399984069, 41.730029000041185], [-83.55365999987144, 41.730035999720634], [-83.55406099972944, 41.73001900030628], [-83.55631799981279, 41.72996199991036], [-83.56196099993366, 41.729820999736994], [-83.56686599991262, 41.72970199999174], [-83.56863500009936, 41.72965700027291], [-83.56954099957241, 41.72963399994256], [-83.56981099990915, 41.72962700021936], [-83.56993999978059, 41.72962400014615], [-83.56997099974274, 41.72962299989826], [-83.57000900027589, 41.72962200032078], [-83.5700250001694, 41.72962200032078], [-83.57036599975295, 41.729613999677824], [-83.5706300002419, 41.729606999952395], [-83.57096599980257, 41.729598999977945], [-83.57390400012639, 41.7295250003347], [-83.57983900032531, 41.729377000122085], [-83.58061599992693, 41.72935800002933], [-83.5855419998223, 41.729237000259474], [-83.58556899958649, 41.72923600000556], [-83.58935999967994, 41.72915399991429], [-83.59474199968489, 41.729040000218546], [-83.59487300010444, 41.729037000117984], [-83.59557500026132, 41.72902200028338], [-83.59559899965245, 41.729021000026115], [-83.60103500008407, 41.72890500024666], [-83.60272499972977, 41.72886800003598], [-83.60540799978547, 41.728810999959634], [-83.60542600022714, 41.72880999969908], [-83.61203599992044, 41.72858099996116], [-83.61324299969235, 41.72853900025143], [-83.61463199993749, 41.72849100026226], [-83.61483299977895, 41.728483999744036], [-83.62152700003614, 41.72825200004764], [-83.62453300013203, 41.728148000119845], [-83.6245590000713, 41.72814699984898], [-83.6285150000212, 41.72802300033193], [-83.62855699985398, 41.72802200005911], [-83.62920999960706, 41.728000999689755], [-83.6313460002149, 41.727934999729264], [-83.63153899966044, 41.72792900009522], [-83.63701899957468, 41.727759000173684], [-83.63714999999425, 41.72775499973627], [-83.63853199966836, 41.72771199987938], [-83.63997699999, 41.72766700010739], [-83.6399910002337, 41.72766700010739], [-83.64008599976994, 41.727663999942706], [-83.64011799955699, 41.72766300033474], [-83.64018700005228, 41.72766000016986], [-83.64573100043894, 41.727476000292484], [-83.64590200014315, 41.72746999994508], [-83.64927099956391, 41.72738199992582], [-83.64955500014435, 41.727373999674334], [-83.64954400027369, 41.72683600008353], [-83.64954099990064, 41.7265609998425], [-83.64953599987777, 41.72610399991034], [-83.64953300040304, 41.72582399969418], [-83.64952800038017, 41.72541199992541], [-83.64952500000713, 41.72519200031424], [-83.6495230003573, 41.7249730002701], [-83.64951800033442, 41.72453400029711], [-83.64951599978629, 41.724313999691006], [-83.64951400013646, 41.724158999893504], [-83.64951099976342, 41.72388600026664], [-83.6497409999172, 41.723880999921306], [-83.65019299982879, 41.723870999899916], [-83.65019000035407, 41.7234319997727], [-83.65019000035407, 41.723158999738864], [-83.65018699998102, 41.72300399983707], [-83.6501850003312, 41.72279000014115], [-83.65018399960796, 41.72258899968677], [-83.65018299978306, 41.722493999856994], [-83.65018199995814, 41.72236199995206], [-83.65018100013324, 41.72214800012945], [-83.65017899958511, 41.72193400026464], [-83.65017799976019, 41.72171999968714], [-83.65017600011036, 41.7215059997379], [-83.65017399956223, 41.72129199974648], [-83.65017299973732, 41.72115899967467], [-83.65017299973732, 41.721058000137006], [-83.6495099999385, 41.72108499969707], [-83.64954300044879, 41.7201230002791], [-83.6498749998115, 41.72011100022189], [-83.65011900020897, 41.720102999735516], [-83.65071800043367, 41.720040999955366], [-83.65082200019074, 41.72002699975876], [-83.65081799999278, 41.720219999709286], [-83.6508189998177, 41.720690000259594], [-83.65081299996992, 41.72132500013003], [-83.65080700012214, 41.72152300006382], [-83.65080799994703, 41.72171299977214], [-83.650812000145, 41.72191099985138], [-83.65081399979482, 41.72209300018528], [-83.6511710001702, 41.72209199982014], [-83.65130099986655, 41.72208600031091], [-83.65147599976873, 41.72209500024501], [-83.65196000036572, 41.72208200019077], [-83.65204700040435, 41.722080000130624], [-83.65223300017719, 41.7220750003152], [-83.6523240004138, 41.722071999889394], [-83.65254600017164, 41.722065999707795], [-83.65270000015741, 41.722062000256905], [-83.65289000012821, 41.72205699976963], [-83.65309099996968, 41.72205100025713], [-83.65339200026855, 41.722043999707694], [-83.65349900039868, 41.722043999707694], [-83.6535010000485, 41.72193700002644], [-83.65350299969833, 41.721881999901626], [-83.65350799972119, 41.72126699968844], [-83.65351399956897, 41.72076899993903], [-83.65351600011711, 41.720572999800574], [-83.65352100013999, 41.720168999695325], [-83.65368799964624, 41.720165999851034], [-83.6542209997487, 41.72015800004197], [-83.65477399994268, 41.720148999836574], [-83.65492000043085, 41.72014699971626], [-83.65491399968475, 41.71979199983557], [-83.6557460004363, 41.7196960001618], [-83.6560009998061, 41.719678000290806], [-83.65598300026275, 41.71908599986183], [-83.65597800023988, 41.71844700031799], [-83.6556419997809, 41.718408999696884], [-83.65512600029518, 41.71835300015227], [-83.65435200016829, 41.71826699989449], [-83.654354999643, 41.718505999702664], [-83.65435800001607, 41.71878100022263], [-83.65436200021402, 41.719132000020345], [-83.65436300003894, 41.719184999666545], [-83.65436399986385, 41.71929300031588], [-83.65367199975272, 41.71938100001542], [-83.65331600010057, 41.719431999984224], [-83.65308799959661, 41.71947500001852], [-83.65269699978437, 41.719571000022384], [-83.6526840002639, 41.7193960000893], [-83.65268599991371, 41.71921200001357], [-83.65267699969289, 41.718965999934674], [-83.65267199967002, 41.71880200025297], [-83.65266900019527, 41.71872000025517], [-83.65266199962427, 41.71853199991434], [-83.65266099979935, 41.718478999729605], [-83.65265199957852, 41.71823199977224], [-83.65264400008093, 41.71797900031393], [-83.6526349998601, 41.717733000208966], [-83.65263400003518, 41.71769999999245], [-83.65262700036249, 41.71748999980228], [-83.65262499981435, 41.71741900026608], [-83.6526149997686, 41.717141999738985], [-83.65260600044608, 41.7168629998071], [-83.65259700022524, 41.71658900024779], [-83.65208900023714, 41.716598000281216], [-83.6520309996125, 41.71659900006137], [-83.65195000031997, 41.71659999984147], [-83.6517760002427, 41.71660299985222], [-83.65139200010314, 41.71661000032385], [-83.65131000008738, 41.716611000103825], [-83.65107499991075, 41.71661499989392], [-83.65090900022939, 41.716617999904024], [-83.65068300027357, 41.716621999693736], [-83.65067400005273, 41.716371000170234], [-83.65066800020496, 41.71616299990516], [-83.6506570003343, 41.71575199967501], [-83.6506360004179, 41.71518799978976], [-83.65063300004486, 41.715081000092404], [-83.65062600037217, 41.714884000233845], [-83.65099399971987, 41.71487899985855], [-83.65104399994861, 41.71487899985855], [-83.65118000039104, 41.71487700024474], [-83.65136500033897, 41.71487400015343], [-83.65172600001398, 41.714868999777345], [-83.65192000018274, 41.71486599968566], [-83.6522830004059, 41.71486099997953], [-83.65259800005016, 41.71485700008023], [-83.65257700013377, 41.71435399986347], [-83.65256899973787, 41.714174999864504], [-83.65255500039245, 41.71384100016322], [-83.65232600006361, 41.713842999809195], [-83.65190199974109, 41.71384699977161], [-83.65170300044777, 41.7138480002651], [-83.65133699985155, 41.71385099973378], [-83.65102600040524, 41.71385399987284], [-83.65097199997858, 41.71385399987284], [-83.65060499955746, 41.713857000011814], [-83.65059899970969, 41.71368100011707], [-83.65059600023493, 41.71362099982945], [-83.65058100016631, 41.71320500027366], [-83.6505729997704, 41.71297599990602], [-83.65056400044787, 41.712737000321354], [-83.65056100007483, 41.71247199987769], [-83.65052099989187, 41.711550999867626], [-83.65045800014266, 41.70977499972993], [-83.65044499972387, 41.709321000137884], [-83.6501140001861, 41.70932800006137], [-83.6498680001388, 41.70933200030474], [-83.64978600012303, 41.70933400009099], [-83.649453999862, 41.70934000012005], [-83.6490179998439, 41.70935100028371], [-83.64731099958146, 41.709380999744894], [-83.64690200022586, 41.7093890002248], [-83.64681900038518, 41.70939000011705], [-83.64648700012418, 41.709397000033015], [-83.64634499983394, 41.70939999970939], [-83.64615800023618, 41.70940300005624], [-83.64585399956427, 41.7094099999708], [-83.6454400001858, 41.709416999884645], [-83.6453709996905, 41.709416999884645], [-83.64525600006277, 41.709428000035075], [-83.64525400041296, 41.709352000176544], [-83.64525100003992, 41.70923100028699], [-83.64522799957538, 41.708391999981465], [-83.64519199959037, 41.70707100026929], [-83.64518400009277, 41.706777999814], [-83.64514899993266, 41.705566999948125], [-83.64743500032834, 41.70551800028365], [-83.64847800006875, 41.70553899995282], [-83.64976900040458, 41.70560500011391], [-83.65093400034374, 41.70565199981137], [-83.65129699966859, 41.70566599978594], [-83.65549199999307, 41.70553600009629], [-83.65658800033525, 41.70554399971334], [-83.66017699986402, 41.70556799989982], [-83.66040399964474, 41.70556899985154], [-83.6607030002938, 41.70557199970648], [-83.66096799970936, 41.70553300023963], [-83.6610330000067, 41.705503000324114], [-83.66121899977952, 41.7054170003099], [-83.66139799987967, 41.705252000303645], [-83.66155900043645, 41.704995000210594], [-83.6611819999696, 41.70485800009612], [-83.66032199962896, 41.7045480001694], [-83.65885399974113, 41.70405300023814], [-83.65861699991466, 41.70396900024961], [-83.65850300011185, 41.702070999952184], [-83.65839099995885, 41.70015800010553], [-83.65838599993597, 41.70009000031596], [-83.6583800000882, 41.69997800011123], [-83.65837400024041, 41.69988100031527], [-83.65837199969228, 41.6998489996936], [-83.65836699966941, 41.6997539997873], [-83.65836400019468, 41.699710999974215], [-83.65835999999672, 41.69964499979961], [-83.65835400014895, 41.699540999854484], [-83.65834800030115, 41.69942900003506], [-83.65834400010318, 41.699362000193524], [-83.65772300013717, 41.69938099976525], [-83.65772999980986, 41.69932899993563], [-83.657620000205, 41.6993330001304], [-83.65749999965611, 41.69933500022766], [-83.65711499969163, 41.699341999896966], [-83.65683000018458, 41.69934800018783], [-83.65653800010654, 41.69935399980735], [-83.65638699959548, 41.6993569999523], [-83.65624699985341, 41.6993600000971], [-83.6559570003235, 41.6993659997155], [-83.65566600007035, 41.69937200000414], [-83.65538599968785, 41.699377000244205], [-83.65506000017295, 41.69938399990893], [-83.65516300010509, 41.7003459998598], [-83.65518700039455, 41.700573000221965], [-83.655240000098, 41.7010789996818], [-83.65529199997654, 41.70156900030549], [-83.65534399985506, 41.70283200007693], [-83.64558900014872, 41.69942900003506], [-83.64492399980176, 41.69919800012676], [-83.64490500043351, 41.69865499978378], [-83.64490000041063, 41.698508999693864], [-83.64585100008955, 41.698498999749056], [-83.64622799965808, 41.69849500017316], [-83.64683500027873, 41.698488999802706], [-83.64701500020378, 41.69848699967913], [-83.64734499991665, 41.698483000102485], [-83.64815500002857, 41.69847599966894], [-83.64870999987234, 41.69846899990537], [-83.64939899961044, 41.69846200014105], [-83.64953900025083, 41.69846100007885], [-83.64993300043612, 41.698456999829844], [-83.64992900023816, 41.6983739999727], [-83.64992300039039, 41.69826000000234], [-83.64990800032176, 41.697954000071256], [-83.64989400007806, 41.6976889997283], [-83.6498899998801, 41.69761500022974], [-83.64988300020741, 41.69746700030641], [-83.64987099961354, 41.69723800022067], [-83.64985999974287, 41.69702299983442], [-83.64985499971999, 41.696924000104374], [-83.64984899987222, 41.69680699998302], [-83.64983800000157, 41.696588999894296], [-83.64982600030599, 41.696369000218674], [-83.64982100028314, 41.696270000152694], [-83.64981500043534, 41.6961460001667], [-83.64979899964351, 41.695827000240115], [-83.64956400036519, 41.691246000327354], [-83.65016500023972, 41.691234000245785], [-83.65058100016631, 41.69122600019011], [-83.65077399961186, 41.69122200016193], [-83.65172299964094, 41.69120499987163], [-83.65377899988285, 41.69116599974107], [-83.65601300039998, 41.69113199979718], [-83.65608100017204, 41.691131000291776], [-83.65855800036343, 41.69109799983528], [-83.66158100017776, 41.69105800013336], [-83.66207999994505, 41.69105100023329], [-83.66441099964827, 41.691020000091655], [-83.66440300015064, 41.690856000218865], [-83.6643999997776, 41.69079099985914], [-83.66437700021139, 41.69031800015501], [-83.6643710003636, 41.69017600001605], [-83.66435799994481, 41.68989099994399], [-83.66435299992193, 41.68979499988963], [-83.66432699998266, 41.68924799983698], [-83.66426800043143, 41.68802300010446], [-83.66424800033995, 41.68759000004413], [-83.66506500012456, 41.6873989998675], [-83.66544300041633, 41.68739200024008], [-83.66550899964024, 41.68739100000575], [-83.66544699971597, 41.68602699998244], [-83.66520700041477, 41.686030000078155], [-83.6641739998218, 41.68603899969362], [-83.6637660002911, 41.68604199978878], [-83.66296100020207, 41.68604900023389], [-83.66273000022339, 41.68605100007343], [-83.66213500019663, 41.68605100007343], [-83.66209599983857, 41.686057000262494], [-83.66141999962097, 41.68606799971319], [-83.66045499969836, 41.686083999764634], [-83.6604920004066, 41.68613000005812], [-83.66094400031822, 41.68670100030703], [-83.66118799981739, 41.68703099983201], [-83.66148300026848, 41.687387999973495], [-83.66154699984259, 41.68747099991989], [-83.66015099992474, 41.68749500014307], [-83.6586629999454, 41.68752100015111], [-83.65736499993689, 41.68754700014865], [-83.65636599967908, 41.68756800031962], [-83.65583299957662, 41.687579000182836], [-83.65531100024312, 41.68758899981289], [-83.65479900005704, 41.68759900011223], [-83.65432799987883, 41.68760899973921], [-83.65430699996244, 41.68721599967907], [-83.65427400035047, 41.686589999842454], [-83.6542049998552, 41.68520300014955], [-83.65414700012887, 41.684049999732636], [-83.65404500002161, 41.6840510000189], [-83.65384800037813, 41.684054000206764], [-83.65365599985921, 41.68405600010826], [-83.65262300016452, 41.68407700007698], [-83.65222800015431, 41.684084000065], [-83.65196799986332, 41.68410899982439], [-83.6516919996788, 41.68411899999376], [-83.65165400004396, 41.68323199985613], [-83.65163599960229, 41.68281300000829], [-83.65163200030266, 41.68250099986884], [-83.65160200016543, 41.68187600009872], [-83.65158700009681, 41.681684999731914], [-83.65156000033264, 41.681426999730775], [-83.65155600013468, 41.681387000054066], [-83.651537999693, 41.68117199968837], [-83.65151500012679, 41.68090400031754], [-83.65151199975375, 41.68086600031643], [-83.65151000010393, 41.680838999966504], [-83.65149900023327, 41.68057499989926], [-83.65149199966226, 41.680423999996556], [-83.65148599981447, 41.68026500033359], [-83.65147699959364, 41.67994299977062], [-83.65157299985309, 41.67994000006196], [-83.65219399981912, 41.67992500017498], [-83.652310999995, 41.679894000039596], [-83.65242899999578, 41.67986200020879], [-83.65269900033252, 41.679862999889224], [-83.65275799988375, 41.679862999889224], [-83.65312000028199, 41.67986499992103], [-83.65319200025202, 41.679555000289774], [-83.65316899978748, 41.67924600019709], [-83.65316700013766, 41.67920599983559], [-83.65314100019837, 41.67885000028679], [-83.65332399959819, 41.67885000028679], [-83.65378800010367, 41.678850999983005], [-83.65388799966279, 41.678850999983005], [-83.6538829996399, 41.67865700026229], [-83.6538750001423, 41.67837999979613], [-83.65378700027875, 41.67704200018718], [-83.6518399998168, 41.67703599982842], [-83.65099399971987, 41.6770339997087], [-83.64805600029436, 41.67702500017568], [-83.64567799983718, 41.677018000090676], [-83.64404300044308, 41.677013000125356], [-83.63974799966115, 41.677086999840775], [-83.63875699979927, 41.67710399983595], [-83.63819100008484, 41.67711399975206], [-83.63813199963529, 41.67499799992641], [-83.63812099976464, 41.67469599976359], [-83.63811400009193, 41.67451799983926], [-83.63810900006908, 41.67437899968798], [-83.63809200035064, 41.67396400033231], [-83.63863999962341, 41.67396400033231], [-83.6394690000019, 41.673959000129734], [-83.63945899995613, 41.67371000001779], [-83.63945099956022, 41.67350499997879], [-83.6394410004128, 41.6732579996897], [-83.63943200019196, 41.67302200013356], [-83.63941499957521, 41.67263999995645], [-83.63940100022982, 41.67234800012263], [-83.63937399956734, 41.67171199982506], [-83.63935600002398, 41.671141000100235], [-83.64055299975018, 41.67171199982506], [-83.64286699973495, 41.67283500015796], [-83.64285000001651, 41.67245799986163], [-83.64284400016872, 41.67225899999493], [-83.6428369995977, 41.672074000089644], [-83.64283099974993, 41.67188799984839], [-83.64282499990215, 41.671701999740655], [-83.64281900005437, 41.67151999967782], [-83.64281300020659, 41.67131599985849], [-83.6427649996277, 41.669886000126354], [-83.64152799971852, 41.66988500029095], [-83.63832400015421, 41.66988399978444], [-83.63832699962896, 41.670056999939234], [-83.638330000002, 41.6702449997626], [-83.63833500002488, 41.6705430000353], [-83.63833500002488, 41.67064600006774], [-83.63796799960376, 41.67047000000375], [-83.63797299962664, 41.670581000092525], [-83.63797199980172, 41.67072800031449], [-83.63798199984745, 41.67094500031619], [-83.63753900015666, 41.67072800031449], [-83.6374629999887, 41.67069299981276], [-83.63722500033731, 41.670578999772204], [-83.63707100035154, 41.67050400012987], [-83.63686100028926, 41.670403000196124], [-83.63662399956448, 41.67028799981282], [-83.63649999971591, 41.67022600030866], [-83.63637800041549, 41.67016499990487], [-83.6363719996694, 41.67017299989511], [-83.63610300005587, 41.67004300026592], [-83.63602600006298, 41.670005999724715], [-83.63595300026805, 41.66997100017251], [-83.635949999895, 41.66991400020924], [-83.63573499980983, 41.66991900005499], [-83.6356750004337, 41.66991999988987], [-83.63562299965685, 41.66992099972477], [-83.63554499983904, 41.66992300006549], [-83.63549200013559, 41.669923999900355], [-83.63535700041638, 41.669927000075795], [-83.63529999961666, 41.66992899974533], [-83.63525000028626, 41.66993000025109], [-83.63518199961588, 41.66993100008584], [-83.63513200028548, 41.66993199992053], [-83.63505899959223, 41.66993400026095], [-83.63461400025163, 41.66994399994897], [-83.63451499961911, 41.66994099977432], [-83.63451799999216, 41.67004700026877], [-83.63452100036521, 41.67017900022269], [-83.6340560000348, 41.670400000042825], [-83.63393200018623, 41.67041800028932], [-83.63385099999537, 41.67040099987028], [-83.63286799963113, 41.67041800028932], [-83.63271199999551, 41.6704209997707], [-83.63271199999551, 41.6704059996782], [-83.6308940003033, 41.67044399981629], [-83.62967599976238, 41.670466000027254], [-83.62967599976238, 41.67036599986179], [-83.62966400006681, 41.6700150002392], [-83.62916699994935, 41.67002199974375], [-83.62891500005428, 41.67002599974786], [-83.62771599977994, 41.670044000098926], [-83.62240800029315, 41.67013200010235], [-83.6223909996764, 41.669572999880884], [-83.62236499973713, 41.66854900028067], [-83.62233899979788, 41.66758199989219], [-83.62231500040673, 41.66663899969165], [-83.6222900002924, 41.66566999966914], [-83.62226199980496, 41.664615000287235], [-83.62221699959912, 41.6628930002504], [-83.62214600035233, 41.66108500024121], [-83.62209199992567, 41.659690999887275], [-83.62208699990279, 41.65955299993142], [-83.62207000018435, 41.65912700027407], [-83.62204300042016, 41.658435000193144], [-83.62201400010785, 41.65769700028147], [-83.62199400001637, 41.65718999985325], [-83.6219820003208, 41.65689200019349], [-83.62317800022208, 41.657152999979466], [-83.62419699967306, 41.65737400021591], [-83.62505000034098, 41.65755800005289], [-83.62628300005218, 41.657825999983814], [-83.626917000437, 41.65796300026406], [-83.627494999847, 41.65808800003034], [-83.62823200016398, 41.65824800012879], [-83.62948699961649, 41.658518999908985], [-83.63078499962504, 41.65879999996763], [-83.6316759999278, 41.65899299979925], [-83.6316680004302, 41.65877999981293], [-83.63167099990491, 41.65871299992049], [-83.6412170002722, 41.660768000252205], [-83.64836000006798, 41.66231199995258], [-83.64853599979507, 41.662350000170434], [-83.64899199990465, 41.662451999937765], [-83.65220899988773, 41.66317100019501], [-83.65330299968178, 41.663415999720925], [-83.6544169995673, 41.66365400013177], [-83.65528500030383, 41.663960000134324], [-83.65657800028951, 41.66456700021332], [-83.65716300027051, 41.664894000092026], [-83.66067900000435, 41.667787000004566], [-83.66222800008306, 41.669060999768114], [-83.6623300001903, 41.66914799992633], [-83.66243899997023, 41.6692399998655], [-83.66263300013901, 41.66940500032417], [-83.66291599999623, 41.66939899992449], [-83.66366300035894, 41.669380000220876], [-83.66403499990462, 41.66937299997547], [-83.6644009996025, 41.669365999729294], [-83.66478399991716, 41.66935900015342], [-83.66517599955432, 41.66935100006203], [-83.66528799970732, 41.669348999703494], [-83.66588100008424, 41.66933800007911], [-83.66648000030894, 41.66932599993771], [-83.66658700043908, 41.669324000249446], [-83.6666459999903, 41.66932299973426], [-83.6670550002442, 41.6693150003094], [-83.66708799985618, 41.6693150003094], [-83.66783699986873, 41.6692999999592], [-83.6680390004334, 41.66930700021255], [-83.67034800039531, 41.669250000332354], [-83.67094400024696, 41.66925100017767], [-83.67285999984847, 41.66919400024789], [-83.67302200023018, 41.669191999884475], [-83.67403599965827, 41.66918200007966], [-83.67603199962572, 41.66914100032674], [-83.67676700029287, 41.66912299972322], [-83.67714800005938, 41.669119000334014], [-83.67727299973285, 41.669116999968274], [-83.67828299986131, 41.66909700033378], [-83.67943199990691, 41.66907200011082], [-83.68063200000616, 41.66905199979131], [-83.68250300030014, 41.66901999993819], [-83.6826199995777, 41.669006999888424], [-83.68267400000437, 41.66900399967012], [-83.68301399976299, 41.66898800006911], [-83.68317299977164, 41.668979999931615], [-83.68323700024408, 41.66897699971205], [-83.68329699962021, 41.66897400016334], [-83.68346999987257, 41.668966000024106], [-83.68370099985125, 41.66895500033428], [-83.68379999958546, 41.66894999974261], [-83.68392500015725, 41.66894399997158], [-83.68415799978574, 41.668931999756744], [-83.68430099990088, 41.668925000133676], [-83.68438399974156, 41.66892100006112], [-83.68446400010751, 41.66891799983879], [-83.68489799957746, 41.66889700029167], [-83.6850130001035, 41.66889599976981], [-83.68512199988344, 41.66889800014243], [-83.68555000040392, 41.66887699991774], [-83.6856190000009, 41.66887399969337], [-83.68570799968936, 41.66887000028869], [-83.68608599998113, 41.66885099975789], [-83.68621200037784, 41.66884499997764], [-83.68631000028711, 41.66884000004847], [-83.6865410002658, 41.66882899966606], [-83.68667099996215, 41.668822999883766], [-83.68668699985567, 41.6688220000318], [-83.68671799981782, 41.66881899980486], [-83.68811000043598, 41.668757000228034], [-83.68822599988863, 41.668750999767916], [-83.6887160003334, 41.66872299985024], [-83.68875499979315, 41.66872100014324], [-83.68895300015986, 41.66870999974055], [-83.6891670004201, 41.66869900000699], [-83.68918400013854, 41.66869800015315], [-83.68946199997289, 41.66868400018431], [-83.68954200033883, 41.66868000009678], [-83.68979800043186, 41.66866600012403], [-83.69000900031907, 41.66865499971194], [-83.6902310000769, 41.66864399996898], [-83.69041699984975, 41.66863400007903], [-83.69043799976613, 41.66863300022414], [-83.69064799982841, 41.66862199980642], [-83.69066700009499, 41.66862099995133], [-83.69111599963357, 41.66859700007006], [-83.69214300037878, 41.66854400032852], [-83.69250999990157, 41.6685249997015], [-83.69267999978089, 41.66851700017748], [-83.69302999958526, 41.66850899998146], [-83.69303499960813, 41.6684499996793], [-83.69323899982263, 41.6659120000611], [-83.69324200019568, 41.665880999887015], [-83.69325999973901, 41.66576299978041], [-83.69396100007098, 41.6609910001108], [-83.69400399972871, 41.66071800003949], [-83.69414799966874, 41.65979999978439], [-83.69416600011041, 41.659690999887275], [-83.69417799980597, 41.65960999967183], [-83.69419100022476, 41.659528000029354], [-83.69420299992032, 41.65944600028247], [-83.69420600029339, 41.65941899967186], [-83.69422600038486, 41.659281999804364], [-83.69426800021765, 41.6589540002798], [-83.6943209999211, 41.658490000227225], [-83.6943419998375, 41.65827599990385], [-83.69439000041639, 41.657668000229556]], [[-83.64889099962232, 41.72286699988508], [-83.64888499977452, 41.72386800022841], [-83.64818199979274, 41.72387400024173], [-83.64656099974401, 41.72391000030985], [-83.64572999971571, 41.72396500003972], [-83.64572399986793, 41.7230809999951], [-83.64569499955562, 41.720252000249516], [-83.64651600043649, 41.72022499966904], [-83.64814900018077, 41.7201700000904], [-83.64829300012083, 41.72016500012636], [-83.64860699994018, 41.72015399980186], [-83.64888099957656, 41.72014500026636], [-83.64889099962232, 41.72286699988508]], [[-83.52808100036553, 41.72200900030153], [-83.52809800008397, 41.72260000026499], [-83.52535800012686, 41.722658999859675], [-83.52506100002591, 41.72266599967162], [-83.52331399958052, 41.722703999786866], [-83.52190199976917, 41.72273399972081], [-83.52189199972342, 41.72242699991377], [-83.52183700037014, 41.720930999869054], [-83.52174199993559, 41.718283999736265], [-83.5217000001028, 41.71709399995233], [-83.5216449998512, 41.715533000314466], [-83.52164099965324, 41.71547299974401], [-83.52163399998057, 41.71540899992311], [-83.52167599981335, 41.715411000190926], [-83.52414200013408, 41.71535999971337], [-83.52490000036745, 41.71537700032405], [-83.5256219997175, 41.71535500004567], [-83.52600900023009, 41.71534299976871], [-83.52636300023244, 41.71533400023007], [-83.52705899964322, 41.71639099986363], [-83.52779099993731, 41.717501999678355], [-83.52795800034188, 41.717750000192005], [-83.52795800034188, 41.71776200001955], [-83.52797300041048, 41.71825099980266], [-83.52800400037265, 41.71932200009304], [-83.52802699993886, 41.72011900003676], [-83.5280500004034, 41.72090400024433], [-83.52806100027405, 41.721295000208706], [-83.52808100036553, 41.72200900030153]]]}, "properties": {"AREALAND": "208454024", "AREAWATER": "8657579", "BASENAME": "Toledo", "CBSAPCI": "Y", "CENTLAT": "+41.6639008", "CENTLON": "-083.5822178", "FUNCSTAT": "A", "GEOID": "3977000", "INTPTLAT": "+41.6640710", "INTPTLON": "-083.5818608", "LSADC": "25", "MTFCC": "G4110", "NAME": "Toledo city", "NECTAPCI": "N", "OBJECTID": 32147, "OID": "2789085243685", "PLACE": "77000", "PLACECC": "C5", "PLACENS": "01086537", "STATE": "39", "DISP_CLR": 2}}]}