dependency_id,population_or_settlement_object,system,interface,relationship_type,documented_or_inferred,spatial_scale,evidence_strength,source_id,confidence,reality_status,canon_status,notes
DEP-0001-water,POP-ZONE-39039,water,drinking-water service dependence,functional_service_dependence,inferred,county/place,limited,phase10_governance_context,limited,real,inferred,Generalized service-responsibility context only; no state-specific operator or exact resident-to-utility assignment.
DEP-0001-wastewater,POP-ZONE-39039,wastewater,wastewater collection/treatment interface,functional_service_dependence,inferred,county/place,limited,phase10_s05_ohio_npdes,limited,real,inferred,"Ohio regulatory program context only; no exact sewer territory, treatment load, or resident assignment."
DEP-0001-energy,POP-ZONE-39039,energy,electricity/heating dependence,functional_service_dependence,inferred,county/place,moderate,phase10_s24_pjm,moderate,real,inferred,"Regional wholesale/high-voltage context only; no local distribution assignment, demand model, or outage probability."
DEP-0001-transport,POP-ZONE-39039,transport,residence/workplace mobility interface,functional_service_dependence,inferred,county/county_pair,moderate,s11b_lodes_oh_od,limited,real,inferred,State-matched LODES OD supports generalized commuting context; the dependency is inferred and exposes no individual paths or passenger surveillance.
DEP-0001-climate_hazard,POP-ZONE-39039,climate_hazard,settlement to physical hazard interface,physical_hazard_interface,inferred,county/regional,limited,phase9_hazard_context,limited,real,inferred,"Hazard interface is not exposure, dose, or health outcome."
DEP-0001-environmental_health,POP-ZONE-39039,environmental_health,settlement to accepted pathway context,pathway_interface,reused_context,county/regional,limited,phase7_exposure_context,limited,real,inferred,"Population presence is not exposure, dose, illness, or risk."
DEP-0001-ecology_land,POP-ZONE-39039,ecology_land,settlement and land/wetland interface,land_cover_interface,inferred,county/regional,limited,phase6_ecology_context,limited,real,inferred,"No habitat quality, biodiversity, or ecological-risk score."
DEP-0001-biogeochemical,POP-ZONE-39039,biogeochemical,stormwater/wastewater/nutrient interface,material_flow_interface,inferred,county/watershed,limited,phase8_biogeochemical_context,limited,real,inferred,"No new nutrient load, concentration, or treatment outcome."
DEP-0001-housing_infrastructure,POP-ZONE-39039,housing_infrastructure,housing age/units and maintenance/energy context,contextual_interface,inferred,county/place,limited,s11a_acs_2024_5yr,limited,real,inferred,"Housing context is not a condition, desirability, or vulnerability score."
DEP-0001-governance,POP-ZONE-39039,governance,municipal boundary/service-responsibility interface,institutional_interface,inferred,municipal/county,moderate,phase10_governance_context,moderate,real,inferred,"Boundary, operator, service territory, and population served remain distinct."
DEP-0002-water,POP-ZONE-39051,water,drinking-water service dependence,functional_service_dependence,inferred,county/place,limited,phase10_governance_context,limited,real,inferred,Generalized service-responsibility context only; no state-specific operator or exact resident-to-utility assignment.
DEP-0002-wastewater,POP-ZONE-39051,wastewater,wastewater collection/treatment interface,functional_service_dependence,inferred,county/place,limited,phase10_s05_ohio_npdes,limited,real,inferred,"Ohio regulatory program context only; no exact sewer territory, treatment load, or resident assignment."
DEP-0002-energy,POP-ZONE-39051,energy,electricity/heating dependence,functional_service_dependence,inferred,county/place,moderate,phase10_s24_pjm,moderate,real,inferred,"Regional wholesale/high-voltage context only; no local distribution assignment, demand model, or outage probability."
DEP-0002-transport,POP-ZONE-39051,transport,residence/workplace mobility interface,functional_service_dependence,inferred,county/county_pair,moderate,s11b_lodes_oh_od,limited,real,inferred,State-matched LODES OD supports generalized commuting context; the dependency is inferred and exposes no individual paths or passenger surveillance.
DEP-0002-climate_hazard,POP-ZONE-39051,climate_hazard,settlement to physical hazard interface,physical_hazard_interface,inferred,county/regional,limited,phase9_hazard_context,limited,real,inferred,"Hazard interface is not exposure, dose, or health outcome."
DEP-0002-environmental_health,POP-ZONE-39051,environmental_health,settlement to accepted pathway context,pathway_interface,reused_context,county/regional,limited,phase7_exposure_context,limited,real,inferred,"Population presence is not exposure, dose, illness, or risk."
DEP-0002-ecology_land,POP-ZONE-39051,ecology_land,settlement and land/wetland interface,land_cover_interface,inferred,county/regional,limited,phase6_ecology_context,limited,real,inferred,"No habitat quality, biodiversity, or ecological-risk score."
DEP-0002-biogeochemical,POP-ZONE-39051,biogeochemical,stormwater/wastewater/nutrient interface,material_flow_interface,inferred,county/watershed,limited,phase8_biogeochemical_context,limited,real,inferred,"No new nutrient load, concentration, or treatment outcome."
DEP-0002-housing_infrastructure,POP-ZONE-39051,housing_infrastructure,housing age/units and maintenance/energy context,contextual_interface,inferred,county/place,limited,s11a_acs_2024_5yr,limited,real,inferred,"Housing context is not a condition, desirability, or vulnerability score."
DEP-0002-governance,POP-ZONE-39051,governance,municipal boundary/service-responsibility interface,institutional_interface,inferred,municipal/county,moderate,phase10_governance_context,moderate,real,inferred,"Boundary, operator, service territory, and population served remain distinct."
DEP-0003-water,POP-ZONE-39063,water,drinking-water service dependence,functional_service_dependence,inferred,county/place,limited,phase10_governance_context,limited,real,inferred,Generalized service-responsibility context only; no state-specific operator or exact resident-to-utility assignment.
DEP-0003-wastewater,POP-ZONE-39063,wastewater,wastewater collection/treatment interface,functional_service_dependence,inferred,county/place,limited,phase10_s05_ohio_npdes,limited,real,inferred,"Ohio regulatory program context only; no exact sewer territory, treatment load, or resident assignment."
DEP-0003-energy,POP-ZONE-39063,energy,electricity/heating dependence,functional_service_dependence,inferred,county/place,moderate,phase10_s24_pjm,moderate,real,inferred,"Regional wholesale/high-voltage context only; no local distribution assignment, demand model, or outage probability."
DEP-0003-transport,POP-ZONE-39063,transport,residence/workplace mobility interface,functional_service_dependence,inferred,county/county_pair,moderate,s11b_lodes_oh_od,limited,real,inferred,State-matched LODES OD supports generalized commuting context; the dependency is inferred and exposes no individual paths or passenger surveillance.
DEP-0003-climate_hazard,POP-ZONE-39063,climate_hazard,settlement to physical hazard interface,physical_hazard_interface,inferred,county/regional,limited,phase9_hazard_context,limited,real,inferred,"Hazard interface is not exposure, dose, or health outcome."
DEP-0003-environmental_health,POP-ZONE-39063,environmental_health,settlement to accepted pathway context,pathway_interface,reused_context,county/regional,limited,phase7_exposure_context,limited,real,inferred,"Population presence is not exposure, dose, illness, or risk."
DEP-0003-ecology_land,POP-ZONE-39063,ecology_land,settlement and land/wetland interface,land_cover_interface,inferred,county/regional,limited,phase6_ecology_context,limited,real,inferred,"No habitat quality, biodiversity, or ecological-risk score."
DEP-0003-biogeochemical,POP-ZONE-39063,biogeochemical,stormwater/wastewater/nutrient interface,material_flow_interface,inferred,county/watershed,limited,phase8_biogeochemical_context,limited,real,inferred,"No new nutrient load, concentration, or treatment outcome."
DEP-0003-housing_infrastructure,POP-ZONE-39063,housing_infrastructure,housing age/units and maintenance/energy context,contextual_interface,inferred,county/place,limited,s11a_acs_2024_5yr,limited,real,inferred,"Housing context is not a condition, desirability, or vulnerability score."
DEP-0003-governance,POP-ZONE-39063,governance,municipal boundary/service-responsibility interface,institutional_interface,inferred,municipal/county,moderate,phase10_governance_context,moderate,real,inferred,"Boundary, operator, service territory, and population served remain distinct."
DEP-0004-water,POP-ZONE-39069,water,drinking-water service dependence,functional_service_dependence,inferred,county/place,limited,phase10_governance_context,limited,real,inferred,Generalized service-responsibility context only; no state-specific operator or exact resident-to-utility assignment.
DEP-0004-wastewater,POP-ZONE-39069,wastewater,wastewater collection/treatment interface,functional_service_dependence,inferred,county/place,limited,phase10_s05_ohio_npdes,limited,real,inferred,"Ohio regulatory program context only; no exact sewer territory, treatment load, or resident assignment."
DEP-0004-energy,POP-ZONE-39069,energy,electricity/heating dependence,functional_service_dependence,inferred,county/place,moderate,phase10_s24_pjm,moderate,real,inferred,"Regional wholesale/high-voltage context only; no local distribution assignment, demand model, or outage probability."
DEP-0004-transport,POP-ZONE-39069,transport,residence/workplace mobility interface,functional_service_dependence,inferred,county/county_pair,moderate,s11b_lodes_oh_od,limited,real,inferred,State-matched LODES OD supports generalized commuting context; the dependency is inferred and exposes no individual paths or passenger surveillance.
DEP-0004-climate_hazard,POP-ZONE-39069,climate_hazard,settlement to physical hazard interface,physical_hazard_interface,inferred,county/regional,limited,phase9_hazard_context,limited,real,inferred,"Hazard interface is not exposure, dose, or health outcome."
DEP-0004-environmental_health,POP-ZONE-39069,environmental_health,settlement to accepted pathway context,pathway_interface,reused_context,county/regional,limited,phase7_exposure_context,limited,real,inferred,"Population presence is not exposure, dose, illness, or risk."
DEP-0004-ecology_land,POP-ZONE-39069,ecology_land,settlement and land/wetland interface,land_cover_interface,inferred,county/regional,limited,phase6_ecology_context,limited,real,inferred,"No habitat quality, biodiversity, or ecological-risk score."
DEP-0004-biogeochemical,POP-ZONE-39069,biogeochemical,stormwater/wastewater/nutrient interface,material_flow_interface,inferred,county/watershed,limited,phase8_biogeochemical_context,limited,real,inferred,"No new nutrient load, concentration, or treatment outcome."
DEP-0004-housing_infrastructure,POP-ZONE-39069,housing_infrastructure,housing age/units and maintenance/energy context,contextual_interface,inferred,county/place,limited,s11a_acs_2024_5yr,limited,real,inferred,"Housing context is not a condition, desirability, or vulnerability score."
DEP-0004-governance,POP-ZONE-39069,governance,municipal boundary/service-responsibility interface,institutional_interface,inferred,municipal/county,moderate,phase10_governance_context,moderate,real,inferred,"Boundary, operator, service territory, and population served remain distinct."
DEP-0005-water,POP-ZONE-39095,water,drinking-water service dependence,functional_service_dependence,inferred,county/place,limited,phase10_s03_toledo_treatment,limited,real,inferred,Toledo operator context only; no exact service territory or resident assignment.
DEP-0005-wastewater,POP-ZONE-39095,wastewater,wastewater collection/treatment interface,functional_service_dependence,inferred,county/place,limited,phase10_s05_ohio_npdes,limited,real,inferred,"Ohio regulatory program context only; no exact sewer territory, treatment load, or resident assignment."
DEP-0005-energy,POP-ZONE-39095,energy,electricity/heating dependence,functional_service_dependence,inferred,county/place,moderate,phase10_s24_pjm,moderate,real,inferred,"Regional wholesale/high-voltage context only; no local distribution assignment, demand model, or outage probability."
DEP-0005-transport,POP-ZONE-39095,transport,residence/workplace mobility interface,functional_service_dependence,inferred,county/county_pair,moderate,s11b_lodes_oh_od,limited,real,inferred,State-matched LODES OD supports generalized commuting context; the dependency is inferred and exposes no individual paths or passenger surveillance.
DEP-0005-climate_hazard,POP-ZONE-39095,climate_hazard,settlement to physical hazard interface,physical_hazard_interface,inferred,county/regional,limited,phase9_hazard_context,limited,real,inferred,"Hazard interface is not exposure, dose, or health outcome."
DEP-0005-environmental_health,POP-ZONE-39095,environmental_health,settlement to accepted pathway context,pathway_interface,reused_context,county/regional,limited,phase7_exposure_context,limited,real,inferred,"Population presence is not exposure, dose, illness, or risk."
DEP-0005-ecology_land,POP-ZONE-39095,ecology_land,settlement and land/wetland interface,land_cover_interface,inferred,county/regional,limited,phase6_ecology_context,limited,real,inferred,"No habitat quality, biodiversity, or ecological-risk score."
DEP-0005-biogeochemical,POP-ZONE-39095,biogeochemical,stormwater/wastewater/nutrient interface,material_flow_interface,inferred,county/watershed,limited,phase8_biogeochemical_context,limited,real,inferred,"No new nutrient load, concentration, or treatment outcome."
DEP-0005-housing_infrastructure,POP-ZONE-39095,housing_infrastructure,housing age/units and maintenance/energy context,contextual_interface,inferred,county/place,limited,s11a_acs_2024_5yr,limited,real,inferred,"Housing context is not a condition, desirability, or vulnerability score."
DEP-0005-governance,POP-ZONE-39095,governance,municipal boundary/service-responsibility interface,institutional_interface,inferred,municipal/county,moderate,phase10_governance_context,moderate,real,inferred,"Boundary, operator, service territory, and population served remain distinct."
DEP-0006-water,POP-ZONE-39123,water,drinking-water service dependence,functional_service_dependence,inferred,county/place,limited,phase10_governance_context,limited,real,inferred,Generalized service-responsibility context only; no state-specific operator or exact resident-to-utility assignment.
DEP-0006-wastewater,POP-ZONE-39123,wastewater,wastewater collection/treatment interface,functional_service_dependence,inferred,county/place,limited,phase10_s05_ohio_npdes,limited,real,inferred,"Ohio regulatory program context only; no exact sewer territory, treatment load, or resident assignment."
DEP-0006-energy,POP-ZONE-39123,energy,electricity/heating dependence,functional_service_dependence,inferred,county/place,moderate,phase10_s24_pjm,moderate,real,inferred,"Regional wholesale/high-voltage context only; no local distribution assignment, demand model, or outage probability."
DEP-0006-transport,POP-ZONE-39123,transport,residence/workplace mobility interface,functional_service_dependence,inferred,county/county_pair,moderate,s11b_lodes_oh_od,limited,real,inferred,State-matched LODES OD supports generalized commuting context; the dependency is inferred and exposes no individual paths or passenger surveillance.
DEP-0006-climate_hazard,POP-ZONE-39123,climate_hazard,settlement to physical hazard interface,physical_hazard_interface,inferred,county/regional,limited,phase9_hazard_context,limited,real,inferred,"Hazard interface is not exposure, dose, or health outcome."
DEP-0006-environmental_health,POP-ZONE-39123,environmental_health,settlement to accepted pathway context,pathway_interface,reused_context,county/regional,limited,phase7_exposure_context,limited,real,inferred,"Population presence is not exposure, dose, illness, or risk."
DEP-0006-ecology_land,POP-ZONE-39123,ecology_land,settlement and land/wetland interface,land_cover_interface,inferred,county/regional,limited,phase6_ecology_context,limited,real,inferred,"No habitat quality, biodiversity, or ecological-risk score."
DEP-0006-biogeochemical,POP-ZONE-39123,biogeochemical,stormwater/wastewater/nutrient interface,material_flow_interface,inferred,county/watershed,limited,phase8_biogeochemical_context,limited,real,inferred,"No new nutrient load, concentration, or treatment outcome."
DEP-0006-housing_infrastructure,POP-ZONE-39123,housing_infrastructure,housing age/units and maintenance/energy context,contextual_interface,inferred,county/place,limited,s11a_acs_2024_5yr,limited,real,inferred,"Housing context is not a condition, desirability, or vulnerability score."
DEP-0006-governance,POP-ZONE-39123,governance,municipal boundary/service-responsibility interface,institutional_interface,inferred,municipal/county,moderate,phase10_governance_context,moderate,real,inferred,"Boundary, operator, service territory, and population served remain distinct."
DEP-0007-water,POP-ZONE-39125,water,drinking-water service dependence,functional_service_dependence,inferred,county/place,limited,phase10_governance_context,limited,real,inferred,Generalized service-responsibility context only; no state-specific operator or exact resident-to-utility assignment.
DEP-0007-wastewater,POP-ZONE-39125,wastewater,wastewater collection/treatment interface,functional_service_dependence,inferred,county/place,limited,phase10_s05_ohio_npdes,limited,real,inferred,"Ohio regulatory program context only; no exact sewer territory, treatment load, or resident assignment."
DEP-0007-energy,POP-ZONE-39125,energy,electricity/heating dependence,functional_service_dependence,inferred,county/place,moderate,phase10_s24_pjm,moderate,real,inferred,"Regional wholesale/high-voltage context only; no local distribution assignment, demand model, or outage probability."
DEP-0007-transport,POP-ZONE-39125,transport,residence/workplace mobility interface,functional_service_dependence,inferred,county/county_pair,moderate,s11b_lodes_oh_od,limited,real,inferred,State-matched LODES OD supports generalized commuting context; the dependency is inferred and exposes no individual paths or passenger surveillance.
DEP-0007-climate_hazard,POP-ZONE-39125,climate_hazard,settlement to physical hazard interface,physical_hazard_interface,inferred,county/regional,limited,phase9_hazard_context,limited,real,inferred,"Hazard interface is not exposure, dose, or health outcome."
DEP-0007-environmental_health,POP-ZONE-39125,environmental_health,settlement to accepted pathway context,pathway_interface,reused_context,county/regional,limited,phase7_exposure_context,limited,real,inferred,"Population presence is not exposure, dose, illness, or risk."
DEP-0007-ecology_land,POP-ZONE-39125,ecology_land,settlement and land/wetland interface,land_cover_interface,inferred,county/regional,limited,phase6_ecology_context,limited,real,inferred,"No habitat quality, biodiversity, or ecological-risk score."
DEP-0007-biogeochemical,POP-ZONE-39125,biogeochemical,stormwater/wastewater/nutrient interface,material_flow_interface,inferred,county/watershed,limited,phase8_biogeochemical_context,limited,real,inferred,"No new nutrient load, concentration, or treatment outcome."
DEP-0007-housing_infrastructure,POP-ZONE-39125,housing_infrastructure,housing age/units and maintenance/energy context,contextual_interface,inferred,county/place,limited,s11a_acs_2024_5yr,limited,real,inferred,"Housing context is not a condition, desirability, or vulnerability score."
DEP-0007-governance,POP-ZONE-39125,governance,municipal boundary/service-responsibility interface,institutional_interface,inferred,municipal/county,moderate,phase10_governance_context,moderate,real,inferred,"Boundary, operator, service territory, and population served remain distinct."
DEP-0008-water,POP-ZONE-39137,water,drinking-water service dependence,functional_service_dependence,inferred,county/place,limited,phase10_governance_context,limited,real,inferred,Generalized service-responsibility context only; no state-specific operator or exact resident-to-utility assignment.
DEP-0008-wastewater,POP-ZONE-39137,wastewater,wastewater collection/treatment interface,functional_service_dependence,inferred,county/place,limited,phase10_s05_ohio_npdes,limited,real,inferred,"Ohio regulatory program context only; no exact sewer territory, treatment load, or resident assignment."
DEP-0008-energy,POP-ZONE-39137,energy,electricity/heating dependence,functional_service_dependence,inferred,county/place,moderate,phase10_s24_pjm,moderate,real,inferred,"Regional wholesale/high-voltage context only; no local distribution assignment, demand model, or outage probability."
DEP-0008-transport,POP-ZONE-39137,transport,residence/workplace mobility interface,functional_service_dependence,inferred,county/county_pair,moderate,s11b_lodes_oh_od,limited,real,inferred,State-matched LODES OD supports generalized commuting context; the dependency is inferred and exposes no individual paths or passenger surveillance.
DEP-0008-climate_hazard,POP-ZONE-39137,climate_hazard,settlement to physical hazard interface,physical_hazard_interface,inferred,county/regional,limited,phase9_hazard_context,limited,real,inferred,"Hazard interface is not exposure, dose, or health outcome."
DEP-0008-environmental_health,POP-ZONE-39137,environmental_health,settlement to accepted pathway context,pathway_interface,reused_context,county/regional,limited,phase7_exposure_context,limited,real,inferred,"Population presence is not exposure, dose, illness, or risk."
DEP-0008-ecology_land,POP-ZONE-39137,ecology_land,settlement and land/wetland interface,land_cover_interface,inferred,county/regional,limited,phase6_ecology_context,limited,real,inferred,"No habitat quality, biodiversity, or ecological-risk score."
DEP-0008-biogeochemical,POP-ZONE-39137,biogeochemical,stormwater/wastewater/nutrient interface,material_flow_interface,inferred,county/watershed,limited,phase8_biogeochemical_context,limited,real,inferred,"No new nutrient load, concentration, or treatment outcome."
DEP-0008-housing_infrastructure,POP-ZONE-39137,housing_infrastructure,housing age/units and maintenance/energy context,contextual_interface,inferred,county/place,limited,s11a_acs_2024_5yr,limited,real,inferred,"Housing context is not a condition, desirability, or vulnerability score."
DEP-0008-governance,POP-ZONE-39137,governance,municipal boundary/service-responsibility interface,institutional_interface,inferred,municipal/county,moderate,phase10_governance_context,moderate,real,inferred,"Boundary, operator, service territory, and population served remain distinct."
DEP-0009-water,POP-ZONE-39143,water,drinking-water service dependence,functional_service_dependence,inferred,county/place,limited,phase10_governance_context,limited,real,inferred,Generalized service-responsibility context only; no state-specific operator or exact resident-to-utility assignment.
DEP-0009-wastewater,POP-ZONE-39143,wastewater,wastewater collection/treatment interface,functional_service_dependence,inferred,county/place,limited,phase10_s05_ohio_npdes,limited,real,inferred,"Ohio regulatory program context only; no exact sewer territory, treatment load, or resident assignment."
DEP-0009-energy,POP-ZONE-39143,energy,electricity/heating dependence,functional_service_dependence,inferred,county/place,moderate,phase10_s24_pjm,moderate,real,inferred,"Regional wholesale/high-voltage context only; no local distribution assignment, demand model, or outage probability."
DEP-0009-transport,POP-ZONE-39143,transport,residence/workplace mobility interface,functional_service_dependence,inferred,county/county_pair,moderate,s11b_lodes_oh_od,limited,real,inferred,State-matched LODES OD supports generalized commuting context; the dependency is inferred and exposes no individual paths or passenger surveillance.
DEP-0009-climate_hazard,POP-ZONE-39143,climate_hazard,settlement to physical hazard interface,physical_hazard_interface,inferred,county/regional,limited,phase9_hazard_context,limited,real,inferred,"Hazard interface is not exposure, dose, or health outcome."
DEP-0009-environmental_health,POP-ZONE-39143,environmental_health,settlement to accepted pathway context,pathway_interface,reused_context,county/regional,limited,phase7_exposure_context,limited,real,inferred,"Population presence is not exposure, dose, illness, or risk."
DEP-0009-ecology_land,POP-ZONE-39143,ecology_land,settlement and land/wetland interface,land_cover_interface,inferred,county/regional,limited,phase6_ecology_context,limited,real,inferred,"No habitat quality, biodiversity, or ecological-risk score."
DEP-0009-biogeochemical,POP-ZONE-39143,biogeochemical,stormwater/wastewater/nutrient interface,material_flow_interface,inferred,county/watershed,limited,phase8_biogeochemical_context,limited,real,inferred,"No new nutrient load, concentration, or treatment outcome."
DEP-0009-housing_infrastructure,POP-ZONE-39143,housing_infrastructure,housing age/units and maintenance/energy context,contextual_interface,inferred,county/place,limited,s11a_acs_2024_5yr,limited,real,inferred,"Housing context is not a condition, desirability, or vulnerability score."
DEP-0009-governance,POP-ZONE-39143,governance,municipal boundary/service-responsibility interface,institutional_interface,inferred,municipal/county,moderate,phase10_governance_context,moderate,real,inferred,"Boundary, operator, service territory, and population served remain distinct."
DEP-0010-water,POP-ZONE-39147,water,drinking-water service dependence,functional_service_dependence,inferred,county/place,limited,phase10_governance_context,limited,real,inferred,Generalized service-responsibility context only; no state-specific operator or exact resident-to-utility assignment.
DEP-0010-wastewater,POP-ZONE-39147,wastewater,wastewater collection/treatment interface,functional_service_dependence,inferred,county/place,limited,phase10_s05_ohio_npdes,limited,real,inferred,"Ohio regulatory program context only; no exact sewer territory, treatment load, or resident assignment."
DEP-0010-energy,POP-ZONE-39147,energy,electricity/heating dependence,functional_service_dependence,inferred,county/place,moderate,phase10_s24_pjm,moderate,real,inferred,"Regional wholesale/high-voltage context only; no local distribution assignment, demand model, or outage probability."
DEP-0010-transport,POP-ZONE-39147,transport,residence/workplace mobility interface,functional_service_dependence,inferred,county/county_pair,moderate,s11b_lodes_oh_od,limited,real,inferred,State-matched LODES OD supports generalized commuting context; the dependency is inferred and exposes no individual paths or passenger surveillance.
DEP-0010-climate_hazard,POP-ZONE-39147,climate_hazard,settlement to physical hazard interface,physical_hazard_interface,inferred,county/regional,limited,phase9_hazard_context,limited,real,inferred,"Hazard interface is not exposure, dose, or health outcome."
DEP-0010-environmental_health,POP-ZONE-39147,environmental_health,settlement to accepted pathway context,pathway_interface,reused_context,county/regional,limited,phase7_exposure_context,limited,real,inferred,"Population presence is not exposure, dose, illness, or risk."
DEP-0010-ecology_land,POP-ZONE-39147,ecology_land,settlement and land/wetland interface,land_cover_interface,inferred,county/regional,limited,phase6_ecology_context,limited,real,inferred,"No habitat quality, biodiversity, or ecological-risk score."
DEP-0010-biogeochemical,POP-ZONE-39147,biogeochemical,stormwater/wastewater/nutrient interface,material_flow_interface,inferred,county/watershed,limited,phase8_biogeochemical_context,limited,real,inferred,"No new nutrient load, concentration, or treatment outcome."
DEP-0010-housing_infrastructure,POP-ZONE-39147,housing_infrastructure,housing age/units and maintenance/energy context,contextual_interface,inferred,county/place,limited,s11a_acs_2024_5yr,limited,real,inferred,"Housing context is not a condition, desirability, or vulnerability score."
DEP-0010-governance,POP-ZONE-39147,governance,municipal boundary/service-responsibility interface,institutional_interface,inferred,municipal/county,moderate,phase10_governance_context,moderate,real,inferred,"Boundary, operator, service territory, and population served remain distinct."
DEP-0011-water,POP-ZONE-39161,water,drinking-water service dependence,functional_service_dependence,inferred,county/place,limited,phase10_governance_context,limited,real,inferred,Generalized service-responsibility context only; no state-specific operator or exact resident-to-utility assignment.
DEP-0011-wastewater,POP-ZONE-39161,wastewater,wastewater collection/treatment interface,functional_service_dependence,inferred,county/place,limited,phase10_s05_ohio_npdes,limited,real,inferred,"Ohio regulatory program context only; no exact sewer territory, treatment load, or resident assignment."
DEP-0011-energy,POP-ZONE-39161,energy,electricity/heating dependence,functional_service_dependence,inferred,county/place,moderate,phase10_s24_pjm,moderate,real,inferred,"Regional wholesale/high-voltage context only; no local distribution assignment, demand model, or outage probability."
DEP-0011-transport,POP-ZONE-39161,transport,residence/workplace mobility interface,functional_service_dependence,inferred,county/county_pair,moderate,s11b_lodes_oh_od,limited,real,inferred,State-matched LODES OD supports generalized commuting context; the dependency is inferred and exposes no individual paths or passenger surveillance.
DEP-0011-climate_hazard,POP-ZONE-39161,climate_hazard,settlement to physical hazard interface,physical_hazard_interface,inferred,county/regional,limited,phase9_hazard_context,limited,real,inferred,"Hazard interface is not exposure, dose, or health outcome."
DEP-0011-environmental_health,POP-ZONE-39161,environmental_health,settlement to accepted pathway context,pathway_interface,reused_context,county/regional,limited,phase7_exposure_context,limited,real,inferred,"Population presence is not exposure, dose, illness, or risk."
DEP-0011-ecology_land,POP-ZONE-39161,ecology_land,settlement and land/wetland interface,land_cover_interface,inferred,county/regional,limited,phase6_ecology_context,limited,real,inferred,"No habitat quality, biodiversity, or ecological-risk score."
DEP-0011-biogeochemical,POP-ZONE-39161,biogeochemical,stormwater/wastewater/nutrient interface,material_flow_interface,inferred,county/watershed,limited,phase8_biogeochemical_context,limited,real,inferred,"No new nutrient load, concentration, or treatment outcome."
DEP-0011-housing_infrastructure,POP-ZONE-39161,housing_infrastructure,housing age/units and maintenance/energy context,contextual_interface,inferred,county/place,limited,s11a_acs_2024_5yr,limited,real,inferred,"Housing context is not a condition, desirability, or vulnerability score."
DEP-0011-governance,POP-ZONE-39161,governance,municipal boundary/service-responsibility interface,institutional_interface,inferred,municipal/county,moderate,phase10_governance_context,moderate,real,inferred,"Boundary, operator, service territory, and population served remain distinct."
DEP-0012-water,POP-ZONE-39171,water,drinking-water service dependence,functional_service_dependence,inferred,county/place,limited,phase10_governance_context,limited,real,inferred,Generalized service-responsibility context only; no state-specific operator or exact resident-to-utility assignment.
DEP-0012-wastewater,POP-ZONE-39171,wastewater,wastewater collection/treatment interface,functional_service_dependence,inferred,county/place,limited,phase10_s05_ohio_npdes,limited,real,inferred,"Ohio regulatory program context only; no exact sewer territory, treatment load, or resident assignment."
DEP-0012-energy,POP-ZONE-39171,energy,electricity/heating dependence,functional_service_dependence,inferred,county/place,moderate,phase10_s24_pjm,moderate,real,inferred,"Regional wholesale/high-voltage context only; no local distribution assignment, demand model, or outage probability."
DEP-0012-transport,POP-ZONE-39171,transport,residence/workplace mobility interface,functional_service_dependence,inferred,county/county_pair,moderate,s11b_lodes_oh_od,limited,real,inferred,State-matched LODES OD supports generalized commuting context; the dependency is inferred and exposes no individual paths or passenger surveillance.
DEP-0012-climate_hazard,POP-ZONE-39171,climate_hazard,settlement to physical hazard interface,physical_hazard_interface,inferred,county/regional,limited,phase9_hazard_context,limited,real,inferred,"Hazard interface is not exposure, dose, or health outcome."
DEP-0012-environmental_health,POP-ZONE-39171,environmental_health,settlement to accepted pathway context,pathway_interface,reused_context,county/regional,limited,phase7_exposure_context,limited,real,inferred,"Population presence is not exposure, dose, illness, or risk."
DEP-0012-ecology_land,POP-ZONE-39171,ecology_land,settlement and land/wetland interface,land_cover_interface,inferred,county/regional,limited,phase6_ecology_context,limited,real,inferred,"No habitat quality, biodiversity, or ecological-risk score."
DEP-0012-biogeochemical,POP-ZONE-39171,biogeochemical,stormwater/wastewater/nutrient interface,material_flow_interface,inferred,county/watershed,limited,phase8_biogeochemical_context,limited,real,inferred,"No new nutrient load, concentration, or treatment outcome."
DEP-0012-housing_infrastructure,POP-ZONE-39171,housing_infrastructure,housing age/units and maintenance/energy context,contextual_interface,inferred,county/place,limited,s11a_acs_2024_5yr,limited,real,inferred,"Housing context is not a condition, desirability, or vulnerability score."
DEP-0012-governance,POP-ZONE-39171,governance,municipal boundary/service-responsibility interface,institutional_interface,inferred,municipal/county,moderate,phase10_governance_context,moderate,real,inferred,"Boundary, operator, service territory, and population served remain distinct."
DEP-0013-water,POP-ZONE-39173,water,drinking-water service dependence,functional_service_dependence,inferred,county/place,limited,phase10_governance_context,limited,real,inferred,Generalized service-responsibility context only; no state-specific operator or exact resident-to-utility assignment.
DEP-0013-wastewater,POP-ZONE-39173,wastewater,wastewater collection/treatment interface,functional_service_dependence,inferred,county/place,limited,phase10_s05_ohio_npdes,limited,real,inferred,"Ohio regulatory program context only; no exact sewer territory, treatment load, or resident assignment."
DEP-0013-energy,POP-ZONE-39173,energy,electricity/heating dependence,functional_service_dependence,inferred,county/place,moderate,phase10_s24_pjm,moderate,real,inferred,"Regional wholesale/high-voltage context only; no local distribution assignment, demand model, or outage probability."
DEP-0013-transport,POP-ZONE-39173,transport,residence/workplace mobility interface,functional_service_dependence,inferred,county/county_pair,moderate,s11b_lodes_oh_od,limited,real,inferred,State-matched LODES OD supports generalized commuting context; the dependency is inferred and exposes no individual paths or passenger surveillance.
DEP-0013-climate_hazard,POP-ZONE-39173,climate_hazard,settlement to physical hazard interface,physical_hazard_interface,inferred,county/regional,limited,phase9_hazard_context,limited,real,inferred,"Hazard interface is not exposure, dose, or health outcome."
DEP-0013-environmental_health,POP-ZONE-39173,environmental_health,settlement to accepted pathway context,pathway_interface,reused_context,county/regional,limited,phase7_exposure_context,limited,real,inferred,"Population presence is not exposure, dose, illness, or risk."
DEP-0013-ecology_land,POP-ZONE-39173,ecology_land,settlement and land/wetland interface,land_cover_interface,inferred,county/regional,limited,phase6_ecology_context,limited,real,inferred,"No habitat quality, biodiversity, or ecological-risk score."
DEP-0013-biogeochemical,POP-ZONE-39173,biogeochemical,stormwater/wastewater/nutrient interface,material_flow_interface,inferred,county/watershed,limited,phase8_biogeochemical_context,limited,real,inferred,"No new nutrient load, concentration, or treatment outcome."
DEP-0013-housing_infrastructure,POP-ZONE-39173,housing_infrastructure,housing age/units and maintenance/energy context,contextual_interface,inferred,county/place,limited,s11a_acs_2024_5yr,limited,real,inferred,"Housing context is not a condition, desirability, or vulnerability score."
DEP-0013-governance,POP-ZONE-39173,governance,municipal boundary/service-responsibility interface,institutional_interface,inferred,municipal/county,moderate,phase10_governance_context,moderate,real,inferred,"Boundary, operator, service territory, and population served remain distinct."
DEP-0014-water,POP-ZONE-26091,water,drinking-water service dependence,functional_service_dependence,inferred,county/place,limited,phase10_governance_context,limited,real,inferred,Generalized service-responsibility context only; no state-specific operator or exact resident-to-utility assignment.
DEP-0014-wastewater,POP-ZONE-26091,wastewater,wastewater collection/treatment interface,functional_service_dependence,inferred,county/place,limited,phase10_governance_context,limited,real,inferred,"Generalized service-responsibility context only; no state-specific permit, sewer territory, or load claim."
DEP-0014-energy,POP-ZONE-26091,energy,electricity/heating dependence,functional_service_dependence,inferred,county/place,moderate,phase10_s24_pjm,moderate,real,inferred,"Regional wholesale/high-voltage context only; no local distribution assignment, demand model, or outage probability."
DEP-0014-transport,POP-ZONE-26091,transport,residence/workplace mobility interface,functional_service_dependence,inferred,county/county_pair,moderate,s11b_lodes_mi_od,limited,real,inferred,State-matched LODES OD supports generalized commuting context; the dependency is inferred and exposes no individual paths or passenger surveillance.
DEP-0014-climate_hazard,POP-ZONE-26091,climate_hazard,settlement to physical hazard interface,physical_hazard_interface,inferred,county/regional,limited,phase9_hazard_context,limited,real,inferred,"Hazard interface is not exposure, dose, or health outcome."
DEP-0014-environmental_health,POP-ZONE-26091,environmental_health,settlement to accepted pathway context,pathway_interface,reused_context,county/regional,limited,phase7_exposure_context,limited,real,inferred,"Population presence is not exposure, dose, illness, or risk."
DEP-0014-ecology_land,POP-ZONE-26091,ecology_land,settlement and land/wetland interface,land_cover_interface,inferred,county/regional,limited,phase6_ecology_context,limited,real,inferred,"No habitat quality, biodiversity, or ecological-risk score."
DEP-0014-biogeochemical,POP-ZONE-26091,biogeochemical,stormwater/wastewater/nutrient interface,material_flow_interface,inferred,county/watershed,limited,phase8_biogeochemical_context,limited,real,inferred,"No new nutrient load, concentration, or treatment outcome."
DEP-0014-housing_infrastructure,POP-ZONE-26091,housing_infrastructure,housing age/units and maintenance/energy context,contextual_interface,inferred,county/place,limited,s11a_acs_2024_5yr,limited,real,inferred,"Housing context is not a condition, desirability, or vulnerability score."
DEP-0014-governance,POP-ZONE-26091,governance,municipal boundary/service-responsibility interface,institutional_interface,inferred,municipal/county,moderate,phase10_governance_context,moderate,real,inferred,"Boundary, operator, service territory, and population served remain distinct."
DEP-0015-water,POP-ZONE-26115,water,drinking-water service dependence,functional_service_dependence,inferred,county/place,limited,phase10_governance_context,limited,real,inferred,Generalized service-responsibility context only; no state-specific operator or exact resident-to-utility assignment.
DEP-0015-wastewater,POP-ZONE-26115,wastewater,wastewater collection/treatment interface,functional_service_dependence,inferred,county/place,limited,phase10_governance_context,limited,real,inferred,"Generalized service-responsibility context only; no state-specific permit, sewer territory, or load claim."
DEP-0015-energy,POP-ZONE-26115,energy,electricity/heating dependence,functional_service_dependence,inferred,county/place,moderate,phase10_s24_pjm,moderate,real,inferred,"Regional wholesale/high-voltage context only; no local distribution assignment, demand model, or outage probability."
DEP-0015-transport,POP-ZONE-26115,transport,residence/workplace mobility interface,functional_service_dependence,inferred,county/county_pair,moderate,s11b_lodes_mi_od,limited,real,inferred,State-matched LODES OD supports generalized commuting context; the dependency is inferred and exposes no individual paths or passenger surveillance.
DEP-0015-climate_hazard,POP-ZONE-26115,climate_hazard,settlement to physical hazard interface,physical_hazard_interface,inferred,county/regional,limited,phase9_hazard_context,limited,real,inferred,"Hazard interface is not exposure, dose, or health outcome."
DEP-0015-environmental_health,POP-ZONE-26115,environmental_health,settlement to accepted pathway context,pathway_interface,reused_context,county/regional,limited,phase7_exposure_context,limited,real,inferred,"Population presence is not exposure, dose, illness, or risk."
DEP-0015-ecology_land,POP-ZONE-26115,ecology_land,settlement and land/wetland interface,land_cover_interface,inferred,county/regional,limited,phase6_ecology_context,limited,real,inferred,"No habitat quality, biodiversity, or ecological-risk score."
DEP-0015-biogeochemical,POP-ZONE-26115,biogeochemical,stormwater/wastewater/nutrient interface,material_flow_interface,inferred,county/watershed,limited,phase8_biogeochemical_context,limited,real,inferred,"No new nutrient load, concentration, or treatment outcome."
DEP-0015-housing_infrastructure,POP-ZONE-26115,housing_infrastructure,housing age/units and maintenance/energy context,contextual_interface,inferred,county/place,limited,s11a_acs_2024_5yr,limited,real,inferred,"Housing context is not a condition, desirability, or vulnerability score."
DEP-0015-governance,POP-ZONE-26115,governance,municipal boundary/service-responsibility interface,institutional_interface,inferred,municipal/county,moderate,phase10_governance_context,moderate,real,inferred,"Boundary, operator, service territory, and population served remain distinct."
DEP-0016-water,POP-ZONE-18003,water,drinking-water service dependence,functional_service_dependence,inferred,county/place,limited,phase10_governance_context,limited,real,inferred,Generalized service-responsibility context only; no state-specific operator or exact resident-to-utility assignment.
DEP-0016-wastewater,POP-ZONE-18003,wastewater,wastewater collection/treatment interface,functional_service_dependence,inferred,county/place,limited,phase10_governance_context,limited,real,inferred,"Generalized service-responsibility context only; no state-specific permit, sewer territory, or load claim."
DEP-0016-energy,POP-ZONE-18003,energy,electricity/heating dependence,functional_service_dependence,inferred,county/place,moderate,phase10_s24_pjm,moderate,real,inferred,"Regional wholesale/high-voltage context only; no local distribution assignment, demand model, or outage probability."
DEP-0016-transport,POP-ZONE-18003,transport,residence/workplace mobility interface,functional_service_dependence,inferred,county/county_pair,moderate,s11b_lodes_in_od,limited,real,inferred,State-matched LODES OD supports generalized commuting context; the dependency is inferred and exposes no individual paths or passenger surveillance.
DEP-0016-climate_hazard,POP-ZONE-18003,climate_hazard,settlement to physical hazard interface,physical_hazard_interface,inferred,county/regional,limited,phase9_hazard_context,limited,real,inferred,"Hazard interface is not exposure, dose, or health outcome."
DEP-0016-environmental_health,POP-ZONE-18003,environmental_health,settlement to accepted pathway context,pathway_interface,reused_context,county/regional,limited,phase7_exposure_context,limited,real,inferred,"Population presence is not exposure, dose, illness, or risk."
DEP-0016-ecology_land,POP-ZONE-18003,ecology_land,settlement and land/wetland interface,land_cover_interface,inferred,county/regional,limited,phase6_ecology_context,limited,real,inferred,"No habitat quality, biodiversity, or ecological-risk score."
DEP-0016-biogeochemical,POP-ZONE-18003,biogeochemical,stormwater/wastewater/nutrient interface,material_flow_interface,inferred,county/watershed,limited,phase8_biogeochemical_context,limited,real,inferred,"No new nutrient load, concentration, or treatment outcome."
DEP-0016-housing_infrastructure,POP-ZONE-18003,housing_infrastructure,housing age/units and maintenance/energy context,contextual_interface,inferred,county/place,limited,s11a_acs_2024_5yr,limited,real,inferred,"Housing context is not a condition, desirability, or vulnerability score."
DEP-0016-governance,POP-ZONE-18003,governance,municipal boundary/service-responsibility interface,institutional_interface,inferred,municipal/county,moderate,phase10_governance_context,moderate,real,inferred,"Boundary, operator, service territory, and population served remain distinct."
DEP-0017-water,POP-ZONE-18033,water,drinking-water service dependence,functional_service_dependence,inferred,county/place,limited,phase10_governance_context,limited,real,inferred,Generalized service-responsibility context only; no state-specific operator or exact resident-to-utility assignment.
DEP-0017-wastewater,POP-ZONE-18033,wastewater,wastewater collection/treatment interface,functional_service_dependence,inferred,county/place,limited,phase10_governance_context,limited,real,inferred,"Generalized service-responsibility context only; no state-specific permit, sewer territory, or load claim."
DEP-0017-energy,POP-ZONE-18033,energy,electricity/heating dependence,functional_service_dependence,inferred,county/place,moderate,phase10_s24_pjm,moderate,real,inferred,"Regional wholesale/high-voltage context only; no local distribution assignment, demand model, or outage probability."
DEP-0017-transport,POP-ZONE-18033,transport,residence/workplace mobility interface,functional_service_dependence,inferred,county/county_pair,moderate,s11b_lodes_in_od,limited,real,inferred,State-matched LODES OD supports generalized commuting context; the dependency is inferred and exposes no individual paths or passenger surveillance.
DEP-0017-climate_hazard,POP-ZONE-18033,climate_hazard,settlement to physical hazard interface,physical_hazard_interface,inferred,county/regional,limited,phase9_hazard_context,limited,real,inferred,"Hazard interface is not exposure, dose, or health outcome."
DEP-0017-environmental_health,POP-ZONE-18033,environmental_health,settlement to accepted pathway context,pathway_interface,reused_context,county/regional,limited,phase7_exposure_context,limited,real,inferred,"Population presence is not exposure, dose, illness, or risk."
DEP-0017-ecology_land,POP-ZONE-18033,ecology_land,settlement and land/wetland interface,land_cover_interface,inferred,county/regional,limited,phase6_ecology_context,limited,real,inferred,"No habitat quality, biodiversity, or ecological-risk score."
DEP-0017-biogeochemical,POP-ZONE-18033,biogeochemical,stormwater/wastewater/nutrient interface,material_flow_interface,inferred,county/watershed,limited,phase8_biogeochemical_context,limited,real,inferred,"No new nutrient load, concentration, or treatment outcome."
DEP-0017-housing_infrastructure,POP-ZONE-18033,housing_infrastructure,housing age/units and maintenance/energy context,contextual_interface,inferred,county/place,limited,s11a_acs_2024_5yr,limited,real,inferred,"Housing context is not a condition, desirability, or vulnerability score."
DEP-0017-governance,POP-ZONE-18033,governance,municipal boundary/service-responsibility interface,institutional_interface,inferred,municipal/county,moderate,phase10_governance_context,moderate,real,inferred,"Boundary, operator, service territory, and population served remain distinct."
DEP-0018-water,POP-ZONE-18151,water,drinking-water service dependence,functional_service_dependence,inferred,county/place,limited,phase10_governance_context,limited,real,inferred,Generalized service-responsibility context only; no state-specific operator or exact resident-to-utility assignment.
DEP-0018-wastewater,POP-ZONE-18151,wastewater,wastewater collection/treatment interface,functional_service_dependence,inferred,county/place,limited,phase10_governance_context,limited,real,inferred,"Generalized service-responsibility context only; no state-specific permit, sewer territory, or load claim."
DEP-0018-energy,POP-ZONE-18151,energy,electricity/heating dependence,functional_service_dependence,inferred,county/place,moderate,phase10_s24_pjm,moderate,real,inferred,"Regional wholesale/high-voltage context only; no local distribution assignment, demand model, or outage probability."
DEP-0018-transport,POP-ZONE-18151,transport,residence/workplace mobility interface,functional_service_dependence,inferred,county/county_pair,moderate,s11b_lodes_in_od,limited,real,inferred,State-matched LODES OD supports generalized commuting context; the dependency is inferred and exposes no individual paths or passenger surveillance.
DEP-0018-climate_hazard,POP-ZONE-18151,climate_hazard,settlement to physical hazard interface,physical_hazard_interface,inferred,county/regional,limited,phase9_hazard_context,limited,real,inferred,"Hazard interface is not exposure, dose, or health outcome."
DEP-0018-environmental_health,POP-ZONE-18151,environmental_health,settlement to accepted pathway context,pathway_interface,reused_context,county/regional,limited,phase7_exposure_context,limited,real,inferred,"Population presence is not exposure, dose, illness, or risk."
DEP-0018-ecology_land,POP-ZONE-18151,ecology_land,settlement and land/wetland interface,land_cover_interface,inferred,county/regional,limited,phase6_ecology_context,limited,real,inferred,"No habitat quality, biodiversity, or ecological-risk score."
DEP-0018-biogeochemical,POP-ZONE-18151,biogeochemical,stormwater/wastewater/nutrient interface,material_flow_interface,inferred,county/watershed,limited,phase8_biogeochemical_context,limited,real,inferred,"No new nutrient load, concentration, or treatment outcome."
DEP-0018-housing_infrastructure,POP-ZONE-18151,housing_infrastructure,housing age/units and maintenance/energy context,contextual_interface,inferred,county/place,limited,s11a_acs_2024_5yr,limited,real,inferred,"Housing context is not a condition, desirability, or vulnerability score."
DEP-0018-governance,POP-ZONE-18151,governance,municipal boundary/service-responsibility interface,institutional_interface,inferred,municipal/county,moderate,phase10_governance_context,moderate,real,inferred,"Boundary, operator, service territory, and population served remain distinct."
DEP-0019-water,MUNI-1801666,water,drinking-water service dependence,functional_service_dependence,inferred,county/place,limited,phase10_governance_context,limited,real,inferred,Generalized service-responsibility context only; no state-specific operator or exact resident-to-utility assignment.
DEP-0019-wastewater,MUNI-1801666,wastewater,wastewater collection/treatment interface,functional_service_dependence,inferred,county/place,limited,phase10_governance_context,limited,real,inferred,"Generalized service-responsibility context only; no state-specific permit, sewer territory, or load claim."
DEP-0019-energy,MUNI-1801666,energy,electricity/heating dependence,functional_service_dependence,inferred,county/place,moderate,phase10_s24_pjm,moderate,real,inferred,"Regional wholesale/high-voltage context only; no local distribution assignment, demand model, or outage probability."
DEP-0019-transport,MUNI-1801666,transport,residence/workplace mobility interface,functional_service_dependence,inferred,county/county_pair,moderate,s11b_lodes_in_od,limited,real,inferred,State-matched LODES OD supports generalized commuting context; the dependency is inferred and exposes no individual paths or passenger surveillance.
DEP-0019-climate_hazard,MUNI-1801666,climate_hazard,settlement to physical hazard interface,physical_hazard_interface,inferred,county/regional,limited,phase9_hazard_context,limited,real,inferred,"Hazard interface is not exposure, dose, or health outcome."
DEP-0019-environmental_health,MUNI-1801666,environmental_health,settlement to accepted pathway context,pathway_interface,reused_context,county/regional,limited,phase7_exposure_context,limited,real,inferred,"Population presence is not exposure, dose, illness, or risk."
DEP-0019-ecology_land,MUNI-1801666,ecology_land,settlement and land/wetland interface,land_cover_interface,inferred,county/regional,limited,phase6_ecology_context,limited,real,inferred,"No habitat quality, biodiversity, or ecological-risk score."
DEP-0019-biogeochemical,MUNI-1801666,biogeochemical,stormwater/wastewater/nutrient interface,material_flow_interface,inferred,county/watershed,limited,phase8_biogeochemical_context,limited,real,inferred,"No new nutrient load, concentration, or treatment outcome."
DEP-0019-housing_infrastructure,MUNI-1801666,housing_infrastructure,housing age/units and maintenance/energy context,contextual_interface,inferred,county/place,limited,s11a_acs_2024_5yr,limited,real,inferred,"Housing context is not a condition, desirability, or vulnerability score."
DEP-0019-governance,MUNI-1801666,governance,municipal boundary/service-responsibility interface,institutional_interface,inferred,municipal/county,moderate,phase10_governance_context,moderate,real,inferred,"Boundary, operator, service territory, and population served remain distinct."
DEP-0020-water,MUNI-1802674,water,drinking-water service dependence,functional_service_dependence,inferred,county/place,limited,phase10_governance_context,limited,real,inferred,Generalized service-responsibility context only; no state-specific operator or exact resident-to-utility assignment.
DEP-0020-wastewater,MUNI-1802674,wastewater,wastewater collection/treatment interface,functional_service_dependence,inferred,county/place,limited,phase10_governance_context,limited,real,inferred,"Generalized service-responsibility context only; no state-specific permit, sewer territory, or load claim."
DEP-0020-energy,MUNI-1802674,energy,electricity/heating dependence,functional_service_dependence,inferred,county/place,moderate,phase10_s24_pjm,moderate,real,inferred,"Regional wholesale/high-voltage context only; no local distribution assignment, demand model, or outage probability."
DEP-0020-transport,MUNI-1802674,transport,residence/workplace mobility interface,functional_service_dependence,inferred,county/county_pair,moderate,s11b_lodes_in_od,limited,real,inferred,State-matched LODES OD supports generalized commuting context; the dependency is inferred and exposes no individual paths or passenger surveillance.
DEP-0020-climate_hazard,MUNI-1802674,climate_hazard,settlement to physical hazard interface,physical_hazard_interface,inferred,county/regional,limited,phase9_hazard_context,limited,real,inferred,"Hazard interface is not exposure, dose, or health outcome."
DEP-0020-environmental_health,MUNI-1802674,environmental_health,settlement to accepted pathway context,pathway_interface,reused_context,county/regional,limited,phase7_exposure_context,limited,real,inferred,"Population presence is not exposure, dose, illness, or risk."
DEP-0020-ecology_land,MUNI-1802674,ecology_land,settlement and land/wetland interface,land_cover_interface,inferred,county/regional,limited,phase6_ecology_context,limited,real,inferred,"No habitat quality, biodiversity, or ecological-risk score."
DEP-0020-biogeochemical,MUNI-1802674,biogeochemical,stormwater/wastewater/nutrient interface,material_flow_interface,inferred,county/watershed,limited,phase8_biogeochemical_context,limited,real,inferred,"No new nutrient load, concentration, or treatment outcome."
DEP-0020-housing_infrastructure,MUNI-1802674,housing_infrastructure,housing age/units and maintenance/energy context,contextual_interface,inferred,county/place,limited,s11a_acs_2024_5yr,limited,real,inferred,"Housing context is not a condition, desirability, or vulnerability score."
DEP-0020-governance,MUNI-1802674,governance,municipal boundary/service-responsibility interface,institutional_interface,inferred,municipal/county,moderate,phase10_governance_context,moderate,real,inferred,"Boundary, operator, service territory, and population served remain distinct."
DEP-0021-water,MUNI-1825000,water,drinking-water service dependence,functional_service_dependence,inferred,county/place,limited,phase10_governance_context,limited,real,inferred,Generalized service-responsibility context only; no state-specific operator or exact resident-to-utility assignment.
DEP-0021-wastewater,MUNI-1825000,wastewater,wastewater collection/treatment interface,functional_service_dependence,inferred,county/place,limited,phase10_governance_context,limited,real,inferred,"Generalized service-responsibility context only; no state-specific permit, sewer territory, or load claim."
DEP-0021-energy,MUNI-1825000,energy,electricity/heating dependence,functional_service_dependence,inferred,county/place,moderate,phase10_s24_pjm,moderate,real,inferred,"Regional wholesale/high-voltage context only; no local distribution assignment, demand model, or outage probability."
DEP-0021-transport,MUNI-1825000,transport,residence/workplace mobility interface,functional_service_dependence,inferred,county/county_pair,moderate,s11b_lodes_in_od,limited,real,inferred,State-matched LODES OD supports generalized commuting context; the dependency is inferred and exposes no individual paths or passenger surveillance.
DEP-0021-climate_hazard,MUNI-1825000,climate_hazard,settlement to physical hazard interface,physical_hazard_interface,inferred,county/regional,limited,phase9_hazard_context,limited,real,inferred,"Hazard interface is not exposure, dose, or health outcome."
DEP-0021-environmental_health,MUNI-1825000,environmental_health,settlement to accepted pathway context,pathway_interface,reused_context,county/regional,limited,phase7_exposure_context,limited,real,inferred,"Population presence is not exposure, dose, illness, or risk."
DEP-0021-ecology_land,MUNI-1825000,ecology_land,settlement and land/wetland interface,land_cover_interface,inferred,county/regional,limited,phase6_ecology_context,limited,real,inferred,"No habitat quality, biodiversity, or ecological-risk score."
DEP-0021-biogeochemical,MUNI-1825000,biogeochemical,stormwater/wastewater/nutrient interface,material_flow_interface,inferred,county/watershed,limited,phase8_biogeochemical_context,limited,real,inferred,"No new nutrient load, concentration, or treatment outcome."
DEP-0021-housing_infrastructure,MUNI-1825000,housing_infrastructure,housing age/units and maintenance/energy context,contextual_interface,inferred,county/place,limited,s11a_acs_2024_5yr,limited,real,inferred,"Housing context is not a condition, desirability, or vulnerability score."
DEP-0021-governance,MUNI-1825000,governance,municipal boundary/service-responsibility interface,institutional_interface,inferred,municipal/county,moderate,phase10_governance_context,moderate,real,inferred,"Boundary, operator, service territory, and population served remain distinct."
DEP-0022-water,MUNI-1826386,water,drinking-water service dependence,functional_service_dependence,inferred,county/place,limited,phase10_governance_context,limited,real,inferred,Generalized service-responsibility context only; no state-specific operator or exact resident-to-utility assignment.
DEP-0022-wastewater,MUNI-1826386,wastewater,wastewater collection/treatment interface,functional_service_dependence,inferred,county/place,limited,phase10_governance_context,limited,real,inferred,"Generalized service-responsibility context only; no state-specific permit, sewer territory, or load claim."
DEP-0022-energy,MUNI-1826386,energy,electricity/heating dependence,functional_service_dependence,inferred,county/place,moderate,phase10_s24_pjm,moderate,real,inferred,"Regional wholesale/high-voltage context only; no local distribution assignment, demand model, or outage probability."
DEP-0022-transport,MUNI-1826386,transport,residence/workplace mobility interface,functional_service_dependence,inferred,county/county_pair,moderate,s11b_lodes_in_od,limited,real,inferred,State-matched LODES OD supports generalized commuting context; the dependency is inferred and exposes no individual paths or passenger surveillance.
DEP-0022-climate_hazard,MUNI-1826386,climate_hazard,settlement to physical hazard interface,physical_hazard_interface,inferred,county/regional,limited,phase9_hazard_context,limited,real,inferred,"Hazard interface is not exposure, dose, or health outcome."
DEP-0022-environmental_health,MUNI-1826386,environmental_health,settlement to accepted pathway context,pathway_interface,reused_context,county/regional,limited,phase7_exposure_context,limited,real,inferred,"Population presence is not exposure, dose, illness, or risk."
DEP-0022-ecology_land,MUNI-1826386,ecology_land,settlement and land/wetland interface,land_cover_interface,inferred,county/regional,limited,phase6_ecology_context,limited,real,inferred,"No habitat quality, biodiversity, or ecological-risk score."
DEP-0022-biogeochemical,MUNI-1826386,biogeochemical,stormwater/wastewater/nutrient interface,material_flow_interface,inferred,county/watershed,limited,phase8_biogeochemical_context,limited,real,inferred,"No new nutrient load, concentration, or treatment outcome."
DEP-0022-housing_infrastructure,MUNI-1826386,housing_infrastructure,housing age/units and maintenance/energy context,contextual_interface,inferred,county/place,limited,s11a_acs_2024_5yr,limited,real,inferred,"Housing context is not a condition, desirability, or vulnerability score."
DEP-0022-governance,MUNI-1826386,governance,municipal boundary/service-responsibility interface,institutional_interface,inferred,municipal/county,moderate,phase10_governance_context,moderate,real,inferred,"Boundary, operator, service territory, and population served remain distinct."
DEP-0023-water,MUNI-1835266,water,drinking-water service dependence,functional_service_dependence,inferred,county/place,limited,phase10_governance_context,limited,real,inferred,Generalized service-responsibility context only; no state-specific operator or exact resident-to-utility assignment.
DEP-0023-wastewater,MUNI-1835266,wastewater,wastewater collection/treatment interface,functional_service_dependence,inferred,county/place,limited,phase10_governance_context,limited,real,inferred,"Generalized service-responsibility context only; no state-specific permit, sewer territory, or load claim."
DEP-0023-energy,MUNI-1835266,energy,electricity/heating dependence,functional_service_dependence,inferred,county/place,moderate,phase10_s24_pjm,moderate,real,inferred,"Regional wholesale/high-voltage context only; no local distribution assignment, demand model, or outage probability."
DEP-0023-transport,MUNI-1835266,transport,residence/workplace mobility interface,functional_service_dependence,inferred,county/county_pair,moderate,s11b_lodes_in_od,limited,real,inferred,State-matched LODES OD supports generalized commuting context; the dependency is inferred and exposes no individual paths or passenger surveillance.
DEP-0023-climate_hazard,MUNI-1835266,climate_hazard,settlement to physical hazard interface,physical_hazard_interface,inferred,county/regional,limited,phase9_hazard_context,limited,real,inferred,"Hazard interface is not exposure, dose, or health outcome."
DEP-0023-environmental_health,MUNI-1835266,environmental_health,settlement to accepted pathway context,pathway_interface,reused_context,county/regional,limited,phase7_exposure_context,limited,real,inferred,"Population presence is not exposure, dose, illness, or risk."
DEP-0023-ecology_land,MUNI-1835266,ecology_land,settlement and land/wetland interface,land_cover_interface,inferred,county/regional,limited,phase6_ecology_context,limited,real,inferred,"No habitat quality, biodiversity, or ecological-risk score."
DEP-0023-biogeochemical,MUNI-1835266,biogeochemical,stormwater/wastewater/nutrient interface,material_flow_interface,inferred,county/watershed,limited,phase8_biogeochemical_context,limited,real,inferred,"No new nutrient load, concentration, or treatment outcome."
DEP-0023-housing_infrastructure,MUNI-1835266,housing_infrastructure,housing age/units and maintenance/energy context,contextual_interface,inferred,county/place,limited,s11a_acs_2024_5yr,limited,real,inferred,"Housing context is not a condition, desirability, or vulnerability score."
DEP-0023-governance,MUNI-1835266,governance,municipal boundary/service-responsibility interface,institutional_interface,inferred,municipal/county,moderate,phase10_governance_context,moderate,real,inferred,"Boundary, operator, service territory, and population served remain distinct."
DEP-0024-water,MUNI-1852992,water,drinking-water service dependence,functional_service_dependence,inferred,county/place,limited,phase10_governance_context,limited,real,inferred,Generalized service-responsibility context only; no state-specific operator or exact resident-to-utility assignment.
DEP-0024-wastewater,MUNI-1852992,wastewater,wastewater collection/treatment interface,functional_service_dependence,inferred,county/place,limited,phase10_governance_context,limited,real,inferred,"Generalized service-responsibility context only; no state-specific permit, sewer territory, or load claim."
DEP-0024-energy,MUNI-1852992,energy,electricity/heating dependence,functional_service_dependence,inferred,county/place,moderate,phase10_s24_pjm,moderate,real,inferred,"Regional wholesale/high-voltage context only; no local distribution assignment, demand model, or outage probability."
DEP-0024-transport,MUNI-1852992,transport,residence/workplace mobility interface,functional_service_dependence,inferred,county/county_pair,moderate,s11b_lodes_in_od,limited,real,inferred,State-matched LODES OD supports generalized commuting context; the dependency is inferred and exposes no individual paths or passenger surveillance.
DEP-0024-climate_hazard,MUNI-1852992,climate_hazard,settlement to physical hazard interface,physical_hazard_interface,inferred,county/regional,limited,phase9_hazard_context,limited,real,inferred,"Hazard interface is not exposure, dose, or health outcome."
DEP-0024-environmental_health,MUNI-1852992,environmental_health,settlement to accepted pathway context,pathway_interface,reused_context,county/regional,limited,phase7_exposure_context,limited,real,inferred,"Population presence is not exposure, dose, illness, or risk."
DEP-0024-ecology_land,MUNI-1852992,ecology_land,settlement and land/wetland interface,land_cover_interface,inferred,county/regional,limited,phase6_ecology_context,limited,real,inferred,"No habitat quality, biodiversity, or ecological-risk score."
DEP-0024-biogeochemical,MUNI-1852992,biogeochemical,stormwater/wastewater/nutrient interface,material_flow_interface,inferred,county/watershed,limited,phase8_biogeochemical_context,limited,real,inferred,"No new nutrient load, concentration, or treatment outcome."
DEP-0024-housing_infrastructure,MUNI-1852992,housing_infrastructure,housing age/units and maintenance/energy context,contextual_interface,inferred,county/place,limited,s11a_acs_2024_5yr,limited,real,inferred,"Housing context is not a condition, desirability, or vulnerability score."
DEP-0024-governance,MUNI-1852992,governance,municipal boundary/service-responsibility interface,institutional_interface,inferred,municipal/county,moderate,phase10_governance_context,moderate,real,inferred,"Boundary, operator, service territory, and population served remain distinct."
DEP-0025-water,MUNI-2600440,water,drinking-water service dependence,functional_service_dependence,inferred,county/place,limited,phase10_governance_context,limited,real,inferred,Generalized service-responsibility context only; no state-specific operator or exact resident-to-utility assignment.
DEP-0025-wastewater,MUNI-2600440,wastewater,wastewater collection/treatment interface,functional_service_dependence,inferred,county/place,limited,phase10_governance_context,limited,real,inferred,"Generalized service-responsibility context only; no state-specific permit, sewer territory, or load claim."
DEP-0025-energy,MUNI-2600440,energy,electricity/heating dependence,functional_service_dependence,inferred,county/place,moderate,phase10_s24_pjm,moderate,real,inferred,"Regional wholesale/high-voltage context only; no local distribution assignment, demand model, or outage probability."
DEP-0025-transport,MUNI-2600440,transport,residence/workplace mobility interface,functional_service_dependence,inferred,county/county_pair,moderate,s11b_lodes_mi_od,limited,real,inferred,State-matched LODES OD supports generalized commuting context; the dependency is inferred and exposes no individual paths or passenger surveillance.
DEP-0025-climate_hazard,MUNI-2600440,climate_hazard,settlement to physical hazard interface,physical_hazard_interface,inferred,county/regional,limited,phase9_hazard_context,limited,real,inferred,"Hazard interface is not exposure, dose, or health outcome."
DEP-0025-environmental_health,MUNI-2600440,environmental_health,settlement to accepted pathway context,pathway_interface,reused_context,county/regional,limited,phase7_exposure_context,limited,real,inferred,"Population presence is not exposure, dose, illness, or risk."
DEP-0025-ecology_land,MUNI-2600440,ecology_land,settlement and land/wetland interface,land_cover_interface,inferred,county/regional,limited,phase6_ecology_context,limited,real,inferred,"No habitat quality, biodiversity, or ecological-risk score."
DEP-0025-biogeochemical,MUNI-2600440,biogeochemical,stormwater/wastewater/nutrient interface,material_flow_interface,inferred,county/watershed,limited,phase8_biogeochemical_context,limited,real,inferred,"No new nutrient load, concentration, or treatment outcome."
DEP-0025-housing_infrastructure,MUNI-2600440,housing_infrastructure,housing age/units and maintenance/energy context,contextual_interface,inferred,county/place,limited,s11a_acs_2024_5yr,limited,real,inferred,"Housing context is not a condition, desirability, or vulnerability score."
DEP-0025-governance,MUNI-2600440,governance,municipal boundary/service-responsibility interface,institutional_interface,inferred,municipal/county,moderate,phase10_governance_context,moderate,real,inferred,"Boundary, operator, service territory, and population served remain distinct."
DEP-0026-water,MUNI-2623380,water,drinking-water service dependence,functional_service_dependence,inferred,county/place,limited,phase10_governance_context,limited,real,inferred,Generalized service-responsibility context only; no state-specific operator or exact resident-to-utility assignment.
DEP-0026-wastewater,MUNI-2623380,wastewater,wastewater collection/treatment interface,functional_service_dependence,inferred,county/place,limited,phase10_governance_context,limited,real,inferred,"Generalized service-responsibility context only; no state-specific permit, sewer territory, or load claim."
DEP-0026-energy,MUNI-2623380,energy,electricity/heating dependence,functional_service_dependence,inferred,county/place,moderate,phase10_s24_pjm,moderate,real,inferred,"Regional wholesale/high-voltage context only; no local distribution assignment, demand model, or outage probability."
DEP-0026-transport,MUNI-2623380,transport,residence/workplace mobility interface,functional_service_dependence,inferred,county/county_pair,moderate,s11b_lodes_mi_od,limited,real,inferred,State-matched LODES OD supports generalized commuting context; the dependency is inferred and exposes no individual paths or passenger surveillance.
DEP-0026-climate_hazard,MUNI-2623380,climate_hazard,settlement to physical hazard interface,physical_hazard_interface,inferred,county/regional,limited,phase9_hazard_context,limited,real,inferred,"Hazard interface is not exposure, dose, or health outcome."
DEP-0026-environmental_health,MUNI-2623380,environmental_health,settlement to accepted pathway context,pathway_interface,reused_context,county/regional,limited,phase7_exposure_context,limited,real,inferred,"Population presence is not exposure, dose, illness, or risk."
DEP-0026-ecology_land,MUNI-2623380,ecology_land,settlement and land/wetland interface,land_cover_interface,inferred,county/regional,limited,phase6_ecology_context,limited,real,inferred,"No habitat quality, biodiversity, or ecological-risk score."
DEP-0026-biogeochemical,MUNI-2623380,biogeochemical,stormwater/wastewater/nutrient interface,material_flow_interface,inferred,county/watershed,limited,phase8_biogeochemical_context,limited,real,inferred,"No new nutrient load, concentration, or treatment outcome."
DEP-0026-housing_infrastructure,MUNI-2623380,housing_infrastructure,housing age/units and maintenance/energy context,contextual_interface,inferred,county/place,limited,s11a_acs_2024_5yr,limited,real,inferred,"Housing context is not a condition, desirability, or vulnerability score."
DEP-0026-governance,MUNI-2623380,governance,municipal boundary/service-responsibility interface,institutional_interface,inferred,municipal/county,moderate,phase10_governance_context,moderate,real,inferred,"Boundary, operator, service territory, and population served remain distinct."
DEP-0027-water,MUNI-2645420,water,drinking-water service dependence,functional_service_dependence,inferred,county/place,limited,phase10_governance_context,limited,real,inferred,Generalized service-responsibility context only; no state-specific operator or exact resident-to-utility assignment.
DEP-0027-wastewater,MUNI-2645420,wastewater,wastewater collection/treatment interface,functional_service_dependence,inferred,county/place,limited,phase10_governance_context,limited,real,inferred,"Generalized service-responsibility context only; no state-specific permit, sewer territory, or load claim."
DEP-0027-energy,MUNI-2645420,energy,electricity/heating dependence,functional_service_dependence,inferred,county/place,moderate,phase10_s24_pjm,moderate,real,inferred,"Regional wholesale/high-voltage context only; no local distribution assignment, demand model, or outage probability."
DEP-0027-transport,MUNI-2645420,transport,residence/workplace mobility interface,functional_service_dependence,inferred,county/county_pair,moderate,s11b_lodes_mi_od,limited,real,inferred,State-matched LODES OD supports generalized commuting context; the dependency is inferred and exposes no individual paths or passenger surveillance.
DEP-0027-climate_hazard,MUNI-2645420,climate_hazard,settlement to physical hazard interface,physical_hazard_interface,inferred,county/regional,limited,phase9_hazard_context,limited,real,inferred,"Hazard interface is not exposure, dose, or health outcome."
DEP-0027-environmental_health,MUNI-2645420,environmental_health,settlement to accepted pathway context,pathway_interface,reused_context,county/regional,limited,phase7_exposure_context,limited,real,inferred,"Population presence is not exposure, dose, illness, or risk."
DEP-0027-ecology_land,MUNI-2645420,ecology_land,settlement and land/wetland interface,land_cover_interface,inferred,county/regional,limited,phase6_ecology_context,limited,real,inferred,"No habitat quality, biodiversity, or ecological-risk score."
DEP-0027-biogeochemical,MUNI-2645420,biogeochemical,stormwater/wastewater/nutrient interface,material_flow_interface,inferred,county/watershed,limited,phase8_biogeochemical_context,limited,real,inferred,"No new nutrient load, concentration, or treatment outcome."
DEP-0027-housing_infrastructure,MUNI-2645420,housing_infrastructure,housing age/units and maintenance/energy context,contextual_interface,inferred,county/place,limited,s11a_acs_2024_5yr,limited,real,inferred,"Housing context is not a condition, desirability, or vulnerability score."
DEP-0027-governance,MUNI-2645420,governance,municipal boundary/service-responsibility interface,institutional_interface,inferred,municipal/county,moderate,phase10_governance_context,moderate,real,inferred,"Boundary, operator, service territory, and population served remain distinct."
DEP-0028-water,MUNI-2653920,water,drinking-water service dependence,functional_service_dependence,inferred,county/place,limited,phase10_governance_context,limited,real,inferred,Generalized service-responsibility context only; no state-specific operator or exact resident-to-utility assignment.
DEP-0028-wastewater,MUNI-2653920,wastewater,wastewater collection/treatment interface,functional_service_dependence,inferred,county/place,limited,phase10_governance_context,limited,real,inferred,"Generalized service-responsibility context only; no state-specific permit, sewer territory, or load claim."
DEP-0028-energy,MUNI-2653920,energy,electricity/heating dependence,functional_service_dependence,inferred,county/place,moderate,phase10_s24_pjm,moderate,real,inferred,"Regional wholesale/high-voltage context only; no local distribution assignment, demand model, or outage probability."
DEP-0028-transport,MUNI-2653920,transport,residence/workplace mobility interface,functional_service_dependence,inferred,county/county_pair,moderate,s11b_lodes_mi_od,limited,real,inferred,State-matched LODES OD supports generalized commuting context; the dependency is inferred and exposes no individual paths or passenger surveillance.
DEP-0028-climate_hazard,MUNI-2653920,climate_hazard,settlement to physical hazard interface,physical_hazard_interface,inferred,county/regional,limited,phase9_hazard_context,limited,real,inferred,"Hazard interface is not exposure, dose, or health outcome."
DEP-0028-environmental_health,MUNI-2653920,environmental_health,settlement to accepted pathway context,pathway_interface,reused_context,county/regional,limited,phase7_exposure_context,limited,real,inferred,"Population presence is not exposure, dose, illness, or risk."
DEP-0028-ecology_land,MUNI-2653920,ecology_land,settlement and land/wetland interface,land_cover_interface,inferred,county/regional,limited,phase6_ecology_context,limited,real,inferred,"No habitat quality, biodiversity, or ecological-risk score."
DEP-0028-biogeochemical,MUNI-2653920,biogeochemical,stormwater/wastewater/nutrient interface,material_flow_interface,inferred,county/watershed,limited,phase8_biogeochemical_context,limited,real,inferred,"No new nutrient load, concentration, or treatment outcome."
DEP-0028-housing_infrastructure,MUNI-2653920,housing_infrastructure,housing age/units and maintenance/energy context,contextual_interface,inferred,county/place,limited,s11a_acs_2024_5yr,limited,real,inferred,"Housing context is not a condition, desirability, or vulnerability score."
DEP-0028-governance,MUNI-2653920,governance,municipal boundary/service-responsibility interface,institutional_interface,inferred,municipal/county,moderate,phase10_governance_context,moderate,real,inferred,"Boundary, operator, service territory, and population served remain distinct."
DEP-0029-water,MUNI-2655020,water,drinking-water service dependence,functional_service_dependence,inferred,county/place,limited,phase10_governance_context,limited,real,inferred,Generalized service-responsibility context only; no state-specific operator or exact resident-to-utility assignment.
DEP-0029-wastewater,MUNI-2655020,wastewater,wastewater collection/treatment interface,functional_service_dependence,inferred,county/place,limited,phase10_governance_context,limited,real,inferred,"Generalized service-responsibility context only; no state-specific permit, sewer territory, or load claim."
DEP-0029-energy,MUNI-2655020,energy,electricity/heating dependence,functional_service_dependence,inferred,county/place,moderate,phase10_s24_pjm,moderate,real,inferred,"Regional wholesale/high-voltage context only; no local distribution assignment, demand model, or outage probability."
DEP-0029-transport,MUNI-2655020,transport,residence/workplace mobility interface,functional_service_dependence,inferred,county/county_pair,moderate,s11b_lodes_mi_od,limited,real,inferred,State-matched LODES OD supports generalized commuting context; the dependency is inferred and exposes no individual paths or passenger surveillance.
DEP-0029-climate_hazard,MUNI-2655020,climate_hazard,settlement to physical hazard interface,physical_hazard_interface,inferred,county/regional,limited,phase9_hazard_context,limited,real,inferred,"Hazard interface is not exposure, dose, or health outcome."
DEP-0029-environmental_health,MUNI-2655020,environmental_health,settlement to accepted pathway context,pathway_interface,reused_context,county/regional,limited,phase7_exposure_context,limited,real,inferred,"Population presence is not exposure, dose, illness, or risk."
DEP-0029-ecology_land,MUNI-2655020,ecology_land,settlement and land/wetland interface,land_cover_interface,inferred,county/regional,limited,phase6_ecology_context,limited,real,inferred,"No habitat quality, biodiversity, or ecological-risk score."
DEP-0029-biogeochemical,MUNI-2655020,biogeochemical,stormwater/wastewater/nutrient interface,material_flow_interface,inferred,county/watershed,limited,phase8_biogeochemical_context,limited,real,inferred,"No new nutrient load, concentration, or treatment outcome."
DEP-0029-housing_infrastructure,MUNI-2655020,housing_infrastructure,housing age/units and maintenance/energy context,contextual_interface,inferred,county/place,limited,s11a_acs_2024_5yr,limited,real,inferred,"Housing context is not a condition, desirability, or vulnerability score."
DEP-0029-governance,MUNI-2655020,governance,municipal boundary/service-responsibility interface,institutional_interface,inferred,municipal/county,moderate,phase10_governance_context,moderate,real,inferred,"Boundary, operator, service territory, and population served remain distinct."
DEP-0030-water,MUNI-2675140,water,drinking-water service dependence,functional_service_dependence,inferred,county/place,limited,phase10_governance_context,limited,real,inferred,Generalized service-responsibility context only; no state-specific operator or exact resident-to-utility assignment.
DEP-0030-wastewater,MUNI-2675140,wastewater,wastewater collection/treatment interface,functional_service_dependence,inferred,county/place,limited,phase10_governance_context,limited,real,inferred,"Generalized service-responsibility context only; no state-specific permit, sewer territory, or load claim."
DEP-0030-energy,MUNI-2675140,energy,electricity/heating dependence,functional_service_dependence,inferred,county/place,moderate,phase10_s24_pjm,moderate,real,inferred,"Regional wholesale/high-voltage context only; no local distribution assignment, demand model, or outage probability."
DEP-0030-transport,MUNI-2675140,transport,residence/workplace mobility interface,functional_service_dependence,inferred,county/county_pair,moderate,s11b_lodes_mi_od,limited,real,inferred,State-matched LODES OD supports generalized commuting context; the dependency is inferred and exposes no individual paths or passenger surveillance.
DEP-0030-climate_hazard,MUNI-2675140,climate_hazard,settlement to physical hazard interface,physical_hazard_interface,inferred,county/regional,limited,phase9_hazard_context,limited,real,inferred,"Hazard interface is not exposure, dose, or health outcome."
DEP-0030-environmental_health,MUNI-2675140,environmental_health,settlement to accepted pathway context,pathway_interface,reused_context,county/regional,limited,phase7_exposure_context,limited,real,inferred,"Population presence is not exposure, dose, illness, or risk."
DEP-0030-ecology_land,MUNI-2675140,ecology_land,settlement and land/wetland interface,land_cover_interface,inferred,county/regional,limited,phase6_ecology_context,limited,real,inferred,"No habitat quality, biodiversity, or ecological-risk score."
DEP-0030-biogeochemical,MUNI-2675140,biogeochemical,stormwater/wastewater/nutrient interface,material_flow_interface,inferred,county/watershed,limited,phase8_biogeochemical_context,limited,real,inferred,"No new nutrient load, concentration, or treatment outcome."
DEP-0030-housing_infrastructure,MUNI-2675140,housing_infrastructure,housing age/units and maintenance/energy context,contextual_interface,inferred,county/place,limited,s11a_acs_2024_5yr,limited,real,inferred,"Housing context is not a condition, desirability, or vulnerability score."
DEP-0030-governance,MUNI-2675140,governance,municipal boundary/service-responsibility interface,institutional_interface,inferred,municipal/county,moderate,phase10_governance_context,moderate,real,inferred,"Boundary, operator, service territory, and population served remain distinct."
DEP-0031-water,MUNI-2679120,water,drinking-water service dependence,functional_service_dependence,inferred,county/place,limited,phase10_governance_context,limited,real,inferred,Generalized service-responsibility context only; no state-specific operator or exact resident-to-utility assignment.
DEP-0031-wastewater,MUNI-2679120,wastewater,wastewater collection/treatment interface,functional_service_dependence,inferred,county/place,limited,phase10_governance_context,limited,real,inferred,"Generalized service-responsibility context only; no state-specific permit, sewer territory, or load claim."
DEP-0031-energy,MUNI-2679120,energy,electricity/heating dependence,functional_service_dependence,inferred,county/place,moderate,phase10_s24_pjm,moderate,real,inferred,"Regional wholesale/high-voltage context only; no local distribution assignment, demand model, or outage probability."
DEP-0031-transport,MUNI-2679120,transport,residence/workplace mobility interface,functional_service_dependence,inferred,county/county_pair,moderate,s11b_lodes_mi_od,limited,real,inferred,State-matched LODES OD supports generalized commuting context; the dependency is inferred and exposes no individual paths or passenger surveillance.
DEP-0031-climate_hazard,MUNI-2679120,climate_hazard,settlement to physical hazard interface,physical_hazard_interface,inferred,county/regional,limited,phase9_hazard_context,limited,real,inferred,"Hazard interface is not exposure, dose, or health outcome."
DEP-0031-environmental_health,MUNI-2679120,environmental_health,settlement to accepted pathway context,pathway_interface,reused_context,county/regional,limited,phase7_exposure_context,limited,real,inferred,"Population presence is not exposure, dose, illness, or risk."
DEP-0031-ecology_land,MUNI-2679120,ecology_land,settlement and land/wetland interface,land_cover_interface,inferred,county/regional,limited,phase6_ecology_context,limited,real,inferred,"No habitat quality, biodiversity, or ecological-risk score."
DEP-0031-biogeochemical,MUNI-2679120,biogeochemical,stormwater/wastewater/nutrient interface,material_flow_interface,inferred,county/watershed,limited,phase8_biogeochemical_context,limited,real,inferred,"No new nutrient load, concentration, or treatment outcome."
DEP-0031-housing_infrastructure,MUNI-2679120,housing_infrastructure,housing age/units and maintenance/energy context,contextual_interface,inferred,county/place,limited,s11a_acs_2024_5yr,limited,real,inferred,"Housing context is not a condition, desirability, or vulnerability score."
DEP-0031-governance,MUNI-2679120,governance,municipal boundary/service-responsibility interface,institutional_interface,inferred,municipal/county,moderate,phase10_governance_context,moderate,real,inferred,"Boundary, operator, service territory, and population served remain distinct."
DEP-0032-water,MUNI-2679240,water,drinking-water service dependence,functional_service_dependence,inferred,county/place,limited,phase10_governance_context,limited,real,inferred,Generalized service-responsibility context only; no state-specific operator or exact resident-to-utility assignment.
DEP-0032-wastewater,MUNI-2679240,wastewater,wastewater collection/treatment interface,functional_service_dependence,inferred,county/place,limited,phase10_governance_context,limited,real,inferred,"Generalized service-responsibility context only; no state-specific permit, sewer territory, or load claim."
DEP-0032-energy,MUNI-2679240,energy,electricity/heating dependence,functional_service_dependence,inferred,county/place,moderate,phase10_s24_pjm,moderate,real,inferred,"Regional wholesale/high-voltage context only; no local distribution assignment, demand model, or outage probability."
DEP-0032-transport,MUNI-2679240,transport,residence/workplace mobility interface,functional_service_dependence,inferred,county/county_pair,moderate,s11b_lodes_mi_od,limited,real,inferred,State-matched LODES OD supports generalized commuting context; the dependency is inferred and exposes no individual paths or passenger surveillance.
DEP-0032-climate_hazard,MUNI-2679240,climate_hazard,settlement to physical hazard interface,physical_hazard_interface,inferred,county/regional,limited,phase9_hazard_context,limited,real,inferred,"Hazard interface is not exposure, dose, or health outcome."
DEP-0032-environmental_health,MUNI-2679240,environmental_health,settlement to accepted pathway context,pathway_interface,reused_context,county/regional,limited,phase7_exposure_context,limited,real,inferred,"Population presence is not exposure, dose, illness, or risk."
DEP-0032-ecology_land,MUNI-2679240,ecology_land,settlement and land/wetland interface,land_cover_interface,inferred,county/regional,limited,phase6_ecology_context,limited,real,inferred,"No habitat quality, biodiversity, or ecological-risk score."
DEP-0032-biogeochemical,MUNI-2679240,biogeochemical,stormwater/wastewater/nutrient interface,material_flow_interface,inferred,county/watershed,limited,phase8_biogeochemical_context,limited,real,inferred,"No new nutrient load, concentration, or treatment outcome."
DEP-0032-housing_infrastructure,MUNI-2679240,housing_infrastructure,housing age/units and maintenance/energy context,contextual_interface,inferred,county/place,limited,s11a_acs_2024_5yr,limited,real,inferred,"Housing context is not a condition, desirability, or vulnerability score."
DEP-0032-governance,MUNI-2679240,governance,municipal boundary/service-responsibility interface,institutional_interface,inferred,municipal/county,moderate,phase10_governance_context,moderate,real,inferred,"Boundary, operator, service territory, and population served remain distinct."
DEP-0033-water,MUNI-3907972,water,drinking-water service dependence,functional_service_dependence,inferred,county/place,limited,phase10_governance_context,limited,real,inferred,Generalized service-responsibility context only; no state-specific operator or exact resident-to-utility assignment.
DEP-0033-wastewater,MUNI-3907972,wastewater,wastewater collection/treatment interface,functional_service_dependence,inferred,county/place,limited,phase10_s05_ohio_npdes,limited,real,inferred,"Ohio regulatory program context only; no exact sewer territory, treatment load, or resident assignment."
DEP-0033-energy,MUNI-3907972,energy,electricity/heating dependence,functional_service_dependence,inferred,county/place,moderate,phase10_s24_pjm,moderate,real,inferred,"Regional wholesale/high-voltage context only; no local distribution assignment, demand model, or outage probability."
DEP-0033-transport,MUNI-3907972,transport,residence/workplace mobility interface,functional_service_dependence,inferred,county/county_pair,moderate,s11b_lodes_oh_od,limited,real,inferred,State-matched LODES OD supports generalized commuting context; the dependency is inferred and exposes no individual paths or passenger surveillance.
DEP-0033-climate_hazard,MUNI-3907972,climate_hazard,settlement to physical hazard interface,physical_hazard_interface,inferred,county/regional,limited,phase9_hazard_context,limited,real,inferred,"Hazard interface is not exposure, dose, or health outcome."
DEP-0033-environmental_health,MUNI-3907972,environmental_health,settlement to accepted pathway context,pathway_interface,reused_context,county/regional,limited,phase7_exposure_context,limited,real,inferred,"Population presence is not exposure, dose, illness, or risk."
DEP-0033-ecology_land,MUNI-3907972,ecology_land,settlement and land/wetland interface,land_cover_interface,inferred,county/regional,limited,phase6_ecology_context,limited,real,inferred,"No habitat quality, biodiversity, or ecological-risk score."
DEP-0033-biogeochemical,MUNI-3907972,biogeochemical,stormwater/wastewater/nutrient interface,material_flow_interface,inferred,county/watershed,limited,phase8_biogeochemical_context,limited,real,inferred,"No new nutrient load, concentration, or treatment outcome."
DEP-0033-housing_infrastructure,MUNI-3907972,housing_infrastructure,housing age/units and maintenance/energy context,contextual_interface,inferred,county/place,limited,s11a_acs_2024_5yr,limited,real,inferred,"Housing context is not a condition, desirability, or vulnerability score."
DEP-0033-governance,MUNI-3907972,governance,municipal boundary/service-responsibility interface,institutional_interface,inferred,municipal/county,moderate,phase10_governance_context,moderate,real,inferred,"Boundary, operator, service territory, and population served remain distinct."
DEP-0034-water,MUNI-3909792,water,drinking-water service dependence,functional_service_dependence,inferred,county/place,limited,phase10_governance_context,limited,real,inferred,Generalized service-responsibility context only; no state-specific operator or exact resident-to-utility assignment.
DEP-0034-wastewater,MUNI-3909792,wastewater,wastewater collection/treatment interface,functional_service_dependence,inferred,county/place,limited,phase10_s05_ohio_npdes,limited,real,inferred,"Ohio regulatory program context only; no exact sewer territory, treatment load, or resident assignment."
DEP-0034-energy,MUNI-3909792,energy,electricity/heating dependence,functional_service_dependence,inferred,county/place,moderate,phase10_s24_pjm,moderate,real,inferred,"Regional wholesale/high-voltage context only; no local distribution assignment, demand model, or outage probability."
DEP-0034-transport,MUNI-3909792,transport,residence/workplace mobility interface,functional_service_dependence,inferred,county/county_pair,moderate,s11b_lodes_oh_od,limited,real,inferred,State-matched LODES OD supports generalized commuting context; the dependency is inferred and exposes no individual paths or passenger surveillance.
DEP-0034-climate_hazard,MUNI-3909792,climate_hazard,settlement to physical hazard interface,physical_hazard_interface,inferred,county/regional,limited,phase9_hazard_context,limited,real,inferred,"Hazard interface is not exposure, dose, or health outcome."
DEP-0034-environmental_health,MUNI-3909792,environmental_health,settlement to accepted pathway context,pathway_interface,reused_context,county/regional,limited,phase7_exposure_context,limited,real,inferred,"Population presence is not exposure, dose, illness, or risk."
DEP-0034-ecology_land,MUNI-3909792,ecology_land,settlement and land/wetland interface,land_cover_interface,inferred,county/regional,limited,phase6_ecology_context,limited,real,inferred,"No habitat quality, biodiversity, or ecological-risk score."
DEP-0034-biogeochemical,MUNI-3909792,biogeochemical,stormwater/wastewater/nutrient interface,material_flow_interface,inferred,county/watershed,limited,phase8_biogeochemical_context,limited,real,inferred,"No new nutrient load, concentration, or treatment outcome."
DEP-0034-housing_infrastructure,MUNI-3909792,housing_infrastructure,housing age/units and maintenance/energy context,contextual_interface,inferred,county/place,limited,s11a_acs_2024_5yr,limited,real,inferred,"Housing context is not a condition, desirability, or vulnerability score."
DEP-0034-governance,MUNI-3909792,governance,municipal boundary/service-responsibility interface,institutional_interface,inferred,municipal/county,moderate,phase10_governance_context,moderate,real,inferred,"Boundary, operator, service territory, and population served remain distinct."
DEP-0035-water,MUNI-3916308,water,drinking-water service dependence,functional_service_dependence,inferred,county/place,limited,phase10_governance_context,limited,real,inferred,Generalized service-responsibility context only; no state-specific operator or exact resident-to-utility assignment.
DEP-0035-wastewater,MUNI-3916308,wastewater,wastewater collection/treatment interface,functional_service_dependence,inferred,county/place,limited,phase10_s05_ohio_npdes,limited,real,inferred,"Ohio regulatory program context only; no exact sewer territory, treatment load, or resident assignment."
DEP-0035-energy,MUNI-3916308,energy,electricity/heating dependence,functional_service_dependence,inferred,county/place,moderate,phase10_s24_pjm,moderate,real,inferred,"Regional wholesale/high-voltage context only; no local distribution assignment, demand model, or outage probability."
DEP-0035-transport,MUNI-3916308,transport,residence/workplace mobility interface,functional_service_dependence,inferred,county/county_pair,moderate,s11b_lodes_oh_od,limited,real,inferred,State-matched LODES OD supports generalized commuting context; the dependency is inferred and exposes no individual paths or passenger surveillance.
DEP-0035-climate_hazard,MUNI-3916308,climate_hazard,settlement to physical hazard interface,physical_hazard_interface,inferred,county/regional,limited,phase9_hazard_context,limited,real,inferred,"Hazard interface is not exposure, dose, or health outcome."
DEP-0035-environmental_health,MUNI-3916308,environmental_health,settlement to accepted pathway context,pathway_interface,reused_context,county/regional,limited,phase7_exposure_context,limited,real,inferred,"Population presence is not exposure, dose, illness, or risk."
DEP-0035-ecology_land,MUNI-3916308,ecology_land,settlement and land/wetland interface,land_cover_interface,inferred,county/regional,limited,phase6_ecology_context,limited,real,inferred,"No habitat quality, biodiversity, or ecological-risk score."
DEP-0035-biogeochemical,MUNI-3916308,biogeochemical,stormwater/wastewater/nutrient interface,material_flow_interface,inferred,county/watershed,limited,phase8_biogeochemical_context,limited,real,inferred,"No new nutrient load, concentration, or treatment outcome."
DEP-0035-housing_infrastructure,MUNI-3916308,housing_infrastructure,housing age/units and maintenance/energy context,contextual_interface,inferred,county/place,limited,s11a_acs_2024_5yr,limited,real,inferred,"Housing context is not a condition, desirability, or vulnerability score."
DEP-0035-governance,MUNI-3916308,governance,municipal boundary/service-responsibility interface,institutional_interface,inferred,municipal/county,moderate,phase10_governance_context,moderate,real,inferred,"Boundary, operator, service territory, and population served remain distinct."
DEP-0036-water,MUNI-3921308,water,drinking-water service dependence,functional_service_dependence,inferred,county/place,limited,phase10_governance_context,limited,real,inferred,Generalized service-responsibility context only; no state-specific operator or exact resident-to-utility assignment.
DEP-0036-wastewater,MUNI-3921308,wastewater,wastewater collection/treatment interface,functional_service_dependence,inferred,county/place,limited,phase10_s05_ohio_npdes,limited,real,inferred,"Ohio regulatory program context only; no exact sewer territory, treatment load, or resident assignment."
DEP-0036-energy,MUNI-3921308,energy,electricity/heating dependence,functional_service_dependence,inferred,county/place,moderate,phase10_s24_pjm,moderate,real,inferred,"Regional wholesale/high-voltage context only; no local distribution assignment, demand model, or outage probability."
DEP-0036-transport,MUNI-3921308,transport,residence/workplace mobility interface,functional_service_dependence,inferred,county/county_pair,moderate,s11b_lodes_oh_od,limited,real,inferred,State-matched LODES OD supports generalized commuting context; the dependency is inferred and exposes no individual paths or passenger surveillance.
DEP-0036-climate_hazard,MUNI-3921308,climate_hazard,settlement to physical hazard interface,physical_hazard_interface,inferred,county/regional,limited,phase9_hazard_context,limited,real,inferred,"Hazard interface is not exposure, dose, or health outcome."
DEP-0036-environmental_health,MUNI-3921308,environmental_health,settlement to accepted pathway context,pathway_interface,reused_context,county/regional,limited,phase7_exposure_context,limited,real,inferred,"Population presence is not exposure, dose, illness, or risk."
DEP-0036-ecology_land,MUNI-3921308,ecology_land,settlement and land/wetland interface,land_cover_interface,inferred,county/regional,limited,phase6_ecology_context,limited,real,inferred,"No habitat quality, biodiversity, or ecological-risk score."
DEP-0036-biogeochemical,MUNI-3921308,biogeochemical,stormwater/wastewater/nutrient interface,material_flow_interface,inferred,county/watershed,limited,phase8_biogeochemical_context,limited,real,inferred,"No new nutrient load, concentration, or treatment outcome."
DEP-0036-housing_infrastructure,MUNI-3921308,housing_infrastructure,housing age/units and maintenance/energy context,contextual_interface,inferred,county/place,limited,s11a_acs_2024_5yr,limited,real,inferred,"Housing context is not a condition, desirability, or vulnerability score."
DEP-0036-governance,MUNI-3921308,governance,municipal boundary/service-responsibility interface,institutional_interface,inferred,municipal/county,moderate,phase10_governance_context,moderate,real,inferred,"Boundary, operator, service territory, and population served remain distinct."
DEP-0037-water,MUNI-3927048,water,drinking-water service dependence,functional_service_dependence,inferred,county/place,limited,phase10_governance_context,limited,real,inferred,Generalized service-responsibility context only; no state-specific operator or exact resident-to-utility assignment.
DEP-0037-wastewater,MUNI-3927048,wastewater,wastewater collection/treatment interface,functional_service_dependence,inferred,county/place,limited,phase10_s05_ohio_npdes,limited,real,inferred,"Ohio regulatory program context only; no exact sewer territory, treatment load, or resident assignment."
DEP-0037-energy,MUNI-3927048,energy,electricity/heating dependence,functional_service_dependence,inferred,county/place,moderate,phase10_s24_pjm,moderate,real,inferred,"Regional wholesale/high-voltage context only; no local distribution assignment, demand model, or outage probability."
DEP-0037-transport,MUNI-3927048,transport,residence/workplace mobility interface,functional_service_dependence,inferred,county/county_pair,moderate,s11b_lodes_oh_od,limited,real,inferred,State-matched LODES OD supports generalized commuting context; the dependency is inferred and exposes no individual paths or passenger surveillance.
DEP-0037-climate_hazard,MUNI-3927048,climate_hazard,settlement to physical hazard interface,physical_hazard_interface,inferred,county/regional,limited,phase9_hazard_context,limited,real,inferred,"Hazard interface is not exposure, dose, or health outcome."
DEP-0037-environmental_health,MUNI-3927048,environmental_health,settlement to accepted pathway context,pathway_interface,reused_context,county/regional,limited,phase7_exposure_context,limited,real,inferred,"Population presence is not exposure, dose, illness, or risk."
DEP-0037-ecology_land,MUNI-3927048,ecology_land,settlement and land/wetland interface,land_cover_interface,inferred,county/regional,limited,phase6_ecology_context,limited,real,inferred,"No habitat quality, biodiversity, or ecological-risk score."
DEP-0037-biogeochemical,MUNI-3927048,biogeochemical,stormwater/wastewater/nutrient interface,material_flow_interface,inferred,county/watershed,limited,phase8_biogeochemical_context,limited,real,inferred,"No new nutrient load, concentration, or treatment outcome."
DEP-0037-housing_infrastructure,MUNI-3927048,housing_infrastructure,housing age/units and maintenance/energy context,contextual_interface,inferred,county/place,limited,s11a_acs_2024_5yr,limited,real,inferred,"Housing context is not a condition, desirability, or vulnerability score."
DEP-0037-governance,MUNI-3927048,governance,municipal boundary/service-responsibility interface,institutional_interface,inferred,municipal/county,moderate,phase10_governance_context,moderate,real,inferred,"Boundary, operator, service territory, and population served remain distinct."
DEP-0038-water,MUNI-3928014,water,drinking-water service dependence,functional_service_dependence,inferred,county/place,limited,phase10_governance_context,limited,real,inferred,Generalized service-responsibility context only; no state-specific operator or exact resident-to-utility assignment.
DEP-0038-wastewater,MUNI-3928014,wastewater,wastewater collection/treatment interface,functional_service_dependence,inferred,county/place,limited,phase10_s05_ohio_npdes,limited,real,inferred,"Ohio regulatory program context only; no exact sewer territory, treatment load, or resident assignment."
DEP-0038-energy,MUNI-3928014,energy,electricity/heating dependence,functional_service_dependence,inferred,county/place,moderate,phase10_s24_pjm,moderate,real,inferred,"Regional wholesale/high-voltage context only; no local distribution assignment, demand model, or outage probability."
DEP-0038-transport,MUNI-3928014,transport,residence/workplace mobility interface,functional_service_dependence,inferred,county/county_pair,moderate,s11b_lodes_oh_od,limited,real,inferred,State-matched LODES OD supports generalized commuting context; the dependency is inferred and exposes no individual paths or passenger surveillance.
DEP-0038-climate_hazard,MUNI-3928014,climate_hazard,settlement to physical hazard interface,physical_hazard_interface,inferred,county/regional,limited,phase9_hazard_context,limited,real,inferred,"Hazard interface is not exposure, dose, or health outcome."
DEP-0038-environmental_health,MUNI-3928014,environmental_health,settlement to accepted pathway context,pathway_interface,reused_context,county/regional,limited,phase7_exposure_context,limited,real,inferred,"Population presence is not exposure, dose, illness, or risk."
DEP-0038-ecology_land,MUNI-3928014,ecology_land,settlement and land/wetland interface,land_cover_interface,inferred,county/regional,limited,phase6_ecology_context,limited,real,inferred,"No habitat quality, biodiversity, or ecological-risk score."
DEP-0038-biogeochemical,MUNI-3928014,biogeochemical,stormwater/wastewater/nutrient interface,material_flow_interface,inferred,county/watershed,limited,phase8_biogeochemical_context,limited,real,inferred,"No new nutrient load, concentration, or treatment outcome."
DEP-0038-housing_infrastructure,MUNI-3928014,housing_infrastructure,housing age/units and maintenance/energy context,contextual_interface,inferred,county/place,limited,s11a_acs_2024_5yr,limited,real,inferred,"Housing context is not a condition, desirability, or vulnerability score."
DEP-0038-governance,MUNI-3928014,governance,municipal boundary/service-responsibility interface,institutional_interface,inferred,municipal/county,moderate,phase10_governance_context,moderate,real,inferred,"Boundary, operator, service territory, and population served remain distinct."
DEP-0039-water,MUNI-3928826,water,drinking-water service dependence,functional_service_dependence,inferred,county/place,limited,phase10_governance_context,limited,real,inferred,Generalized service-responsibility context only; no state-specific operator or exact resident-to-utility assignment.
DEP-0039-wastewater,MUNI-3928826,wastewater,wastewater collection/treatment interface,functional_service_dependence,inferred,county/place,limited,phase10_s05_ohio_npdes,limited,real,inferred,"Ohio regulatory program context only; no exact sewer territory, treatment load, or resident assignment."
DEP-0039-energy,MUNI-3928826,energy,electricity/heating dependence,functional_service_dependence,inferred,county/place,moderate,phase10_s24_pjm,moderate,real,inferred,"Regional wholesale/high-voltage context only; no local distribution assignment, demand model, or outage probability."
DEP-0039-transport,MUNI-3928826,transport,residence/workplace mobility interface,functional_service_dependence,inferred,county/county_pair,moderate,s11b_lodes_oh_od,limited,real,inferred,State-matched LODES OD supports generalized commuting context; the dependency is inferred and exposes no individual paths or passenger surveillance.
DEP-0039-climate_hazard,MUNI-3928826,climate_hazard,settlement to physical hazard interface,physical_hazard_interface,inferred,county/regional,limited,phase9_hazard_context,limited,real,inferred,"Hazard interface is not exposure, dose, or health outcome."
DEP-0039-environmental_health,MUNI-3928826,environmental_health,settlement to accepted pathway context,pathway_interface,reused_context,county/regional,limited,phase7_exposure_context,limited,real,inferred,"Population presence is not exposure, dose, illness, or risk."
DEP-0039-ecology_land,MUNI-3928826,ecology_land,settlement and land/wetland interface,land_cover_interface,inferred,county/regional,limited,phase6_ecology_context,limited,real,inferred,"No habitat quality, biodiversity, or ecological-risk score."
DEP-0039-biogeochemical,MUNI-3928826,biogeochemical,stormwater/wastewater/nutrient interface,material_flow_interface,inferred,county/watershed,limited,phase8_biogeochemical_context,limited,real,inferred,"No new nutrient load, concentration, or treatment outcome."
DEP-0039-housing_infrastructure,MUNI-3928826,housing_infrastructure,housing age/units and maintenance/energy context,contextual_interface,inferred,county/place,limited,s11a_acs_2024_5yr,limited,real,inferred,"Housing context is not a condition, desirability, or vulnerability score."
DEP-0039-governance,MUNI-3928826,governance,municipal boundary/service-responsibility interface,institutional_interface,inferred,municipal/county,moderate,phase10_governance_context,moderate,real,inferred,"Boundary, operator, service territory, and population served remain distinct."
DEP-0040-water,MUNI-3948342,water,drinking-water service dependence,functional_service_dependence,inferred,county/place,limited,phase10_governance_context,limited,real,inferred,Generalized service-responsibility context only; no state-specific operator or exact resident-to-utility assignment.
DEP-0040-wastewater,MUNI-3948342,wastewater,wastewater collection/treatment interface,functional_service_dependence,inferred,county/place,limited,phase10_s05_ohio_npdes,limited,real,inferred,"Ohio regulatory program context only; no exact sewer territory, treatment load, or resident assignment."
DEP-0040-energy,MUNI-3948342,energy,electricity/heating dependence,functional_service_dependence,inferred,county/place,moderate,phase10_s24_pjm,moderate,real,inferred,"Regional wholesale/high-voltage context only; no local distribution assignment, demand model, or outage probability."
DEP-0040-transport,MUNI-3948342,transport,residence/workplace mobility interface,functional_service_dependence,inferred,county/county_pair,moderate,s11b_lodes_oh_od,limited,real,inferred,State-matched LODES OD supports generalized commuting context; the dependency is inferred and exposes no individual paths or passenger surveillance.
DEP-0040-climate_hazard,MUNI-3948342,climate_hazard,settlement to physical hazard interface,physical_hazard_interface,inferred,county/regional,limited,phase9_hazard_context,limited,real,inferred,"Hazard interface is not exposure, dose, or health outcome."
DEP-0040-environmental_health,MUNI-3948342,environmental_health,settlement to accepted pathway context,pathway_interface,reused_context,county/regional,limited,phase7_exposure_context,limited,real,inferred,"Population presence is not exposure, dose, illness, or risk."
DEP-0040-ecology_land,MUNI-3948342,ecology_land,settlement and land/wetland interface,land_cover_interface,inferred,county/regional,limited,phase6_ecology_context,limited,real,inferred,"No habitat quality, biodiversity, or ecological-risk score."
DEP-0040-biogeochemical,MUNI-3948342,biogeochemical,stormwater/wastewater/nutrient interface,material_flow_interface,inferred,county/watershed,limited,phase8_biogeochemical_context,limited,real,inferred,"No new nutrient load, concentration, or treatment outcome."
DEP-0040-housing_infrastructure,MUNI-3948342,housing_infrastructure,housing age/units and maintenance/energy context,contextual_interface,inferred,county/place,limited,s11a_acs_2024_5yr,limited,real,inferred,"Housing context is not a condition, desirability, or vulnerability score."
DEP-0040-governance,MUNI-3948342,governance,municipal boundary/service-responsibility interface,institutional_interface,inferred,municipal/county,moderate,phase10_governance_context,moderate,real,inferred,"Boundary, operator, service territory, and population served remain distinct."
DEP-0041-water,MUNI-3953550,water,drinking-water service dependence,functional_service_dependence,inferred,county/place,limited,phase10_governance_context,limited,real,inferred,Generalized service-responsibility context only; no state-specific operator or exact resident-to-utility assignment.
DEP-0041-wastewater,MUNI-3953550,wastewater,wastewater collection/treatment interface,functional_service_dependence,inferred,county/place,limited,phase10_s05_ohio_npdes,limited,real,inferred,"Ohio regulatory program context only; no exact sewer territory, treatment load, or resident assignment."
DEP-0041-energy,MUNI-3953550,energy,electricity/heating dependence,functional_service_dependence,inferred,county/place,moderate,phase10_s24_pjm,moderate,real,inferred,"Regional wholesale/high-voltage context only; no local distribution assignment, demand model, or outage probability."
DEP-0041-transport,MUNI-3953550,transport,residence/workplace mobility interface,functional_service_dependence,inferred,county/county_pair,moderate,s11b_lodes_oh_od,limited,real,inferred,State-matched LODES OD supports generalized commuting context; the dependency is inferred and exposes no individual paths or passenger surveillance.
DEP-0041-climate_hazard,MUNI-3953550,climate_hazard,settlement to physical hazard interface,physical_hazard_interface,inferred,county/regional,limited,phase9_hazard_context,limited,real,inferred,"Hazard interface is not exposure, dose, or health outcome."
DEP-0041-environmental_health,MUNI-3953550,environmental_health,settlement to accepted pathway context,pathway_interface,reused_context,county/regional,limited,phase7_exposure_context,limited,real,inferred,"Population presence is not exposure, dose, illness, or risk."
DEP-0041-ecology_land,MUNI-3953550,ecology_land,settlement and land/wetland interface,land_cover_interface,inferred,county/regional,limited,phase6_ecology_context,limited,real,inferred,"No habitat quality, biodiversity, or ecological-risk score."
DEP-0041-biogeochemical,MUNI-3953550,biogeochemical,stormwater/wastewater/nutrient interface,material_flow_interface,inferred,county/watershed,limited,phase8_biogeochemical_context,limited,real,inferred,"No new nutrient load, concentration, or treatment outcome."
DEP-0041-housing_infrastructure,MUNI-3953550,housing_infrastructure,housing age/units and maintenance/energy context,contextual_interface,inferred,county/place,limited,s11a_acs_2024_5yr,limited,real,inferred,"Housing context is not a condition, desirability, or vulnerability score."
DEP-0041-governance,MUNI-3953550,governance,municipal boundary/service-responsibility interface,institutional_interface,inferred,municipal/county,moderate,phase10_governance_context,moderate,real,inferred,"Boundary, operator, service territory, and population served remain distinct."
DEP-0042-water,MUNI-3957190,water,drinking-water service dependence,functional_service_dependence,inferred,county/place,limited,phase10_governance_context,limited,real,inferred,Generalized service-responsibility context only; no state-specific operator or exact resident-to-utility assignment.
DEP-0042-wastewater,MUNI-3957190,wastewater,wastewater collection/treatment interface,functional_service_dependence,inferred,county/place,limited,phase10_s05_ohio_npdes,limited,real,inferred,"Ohio regulatory program context only; no exact sewer territory, treatment load, or resident assignment."
DEP-0042-energy,MUNI-3957190,energy,electricity/heating dependence,functional_service_dependence,inferred,county/place,moderate,phase10_s24_pjm,moderate,real,inferred,"Regional wholesale/high-voltage context only; no local distribution assignment, demand model, or outage probability."
DEP-0042-transport,MUNI-3957190,transport,residence/workplace mobility interface,functional_service_dependence,inferred,county/county_pair,moderate,s11b_lodes_oh_od,limited,real,inferred,State-matched LODES OD supports generalized commuting context; the dependency is inferred and exposes no individual paths or passenger surveillance.
DEP-0042-climate_hazard,MUNI-3957190,climate_hazard,settlement to physical hazard interface,physical_hazard_interface,inferred,county/regional,limited,phase9_hazard_context,limited,real,inferred,"Hazard interface is not exposure, dose, or health outcome."
DEP-0042-environmental_health,MUNI-3957190,environmental_health,settlement to accepted pathway context,pathway_interface,reused_context,county/regional,limited,phase7_exposure_context,limited,real,inferred,"Population presence is not exposure, dose, illness, or risk."
DEP-0042-ecology_land,MUNI-3957190,ecology_land,settlement and land/wetland interface,land_cover_interface,inferred,county/regional,limited,phase6_ecology_context,limited,real,inferred,"No habitat quality, biodiversity, or ecological-risk score."
DEP-0042-biogeochemical,MUNI-3957190,biogeochemical,stormwater/wastewater/nutrient interface,material_flow_interface,inferred,county/watershed,limited,phase8_biogeochemical_context,limited,real,inferred,"No new nutrient load, concentration, or treatment outcome."
DEP-0042-housing_infrastructure,MUNI-3957190,housing_infrastructure,housing age/units and maintenance/energy context,contextual_interface,inferred,county/place,limited,s11a_acs_2024_5yr,limited,real,inferred,"Housing context is not a condition, desirability, or vulnerability score."
DEP-0042-governance,MUNI-3957190,governance,municipal boundary/service-responsibility interface,institutional_interface,inferred,municipal/county,moderate,phase10_governance_context,moderate,real,inferred,"Boundary, operator, service territory, and population served remain distinct."
DEP-0043-water,MUNI-3958730,water,drinking-water service dependence,functional_service_dependence,inferred,county/place,limited,phase10_governance_context,limited,real,inferred,Generalized service-responsibility context only; no state-specific operator or exact resident-to-utility assignment.
DEP-0043-wastewater,MUNI-3958730,wastewater,wastewater collection/treatment interface,functional_service_dependence,inferred,county/place,limited,phase10_s05_ohio_npdes,limited,real,inferred,"Ohio regulatory program context only; no exact sewer territory, treatment load, or resident assignment."
DEP-0043-energy,MUNI-3958730,energy,electricity/heating dependence,functional_service_dependence,inferred,county/place,moderate,phase10_s24_pjm,moderate,real,inferred,"Regional wholesale/high-voltage context only; no local distribution assignment, demand model, or outage probability."
DEP-0043-transport,MUNI-3958730,transport,residence/workplace mobility interface,functional_service_dependence,inferred,county/county_pair,moderate,s11b_lodes_oh_od,limited,real,inferred,State-matched LODES OD supports generalized commuting context; the dependency is inferred and exposes no individual paths or passenger surveillance.
DEP-0043-climate_hazard,MUNI-3958730,climate_hazard,settlement to physical hazard interface,physical_hazard_interface,inferred,county/regional,limited,phase9_hazard_context,limited,real,inferred,"Hazard interface is not exposure, dose, or health outcome."
DEP-0043-environmental_health,MUNI-3958730,environmental_health,settlement to accepted pathway context,pathway_interface,reused_context,county/regional,limited,phase7_exposure_context,limited,real,inferred,"Population presence is not exposure, dose, illness, or risk."
DEP-0043-ecology_land,MUNI-3958730,ecology_land,settlement and land/wetland interface,land_cover_interface,inferred,county/regional,limited,phase6_ecology_context,limited,real,inferred,"No habitat quality, biodiversity, or ecological-risk score."
DEP-0043-biogeochemical,MUNI-3958730,biogeochemical,stormwater/wastewater/nutrient interface,material_flow_interface,inferred,county/watershed,limited,phase8_biogeochemical_context,limited,real,inferred,"No new nutrient load, concentration, or treatment outcome."
DEP-0043-housing_infrastructure,MUNI-3958730,housing_infrastructure,housing age/units and maintenance/energy context,contextual_interface,inferred,county/place,limited,s11a_acs_2024_5yr,limited,real,inferred,"Housing context is not a condition, desirability, or vulnerability score."
DEP-0043-governance,MUNI-3958730,governance,municipal boundary/service-responsibility interface,institutional_interface,inferred,municipal/county,moderate,phase10_governance_context,moderate,real,inferred,"Boundary, operator, service territory, and population served remain distinct."
DEP-0044-water,MUNI-3962148,water,drinking-water service dependence,functional_service_dependence,inferred,county/place,limited,phase10_governance_context,limited,real,inferred,Generalized service-responsibility context only; no state-specific operator or exact resident-to-utility assignment.
DEP-0044-wastewater,MUNI-3962148,wastewater,wastewater collection/treatment interface,functional_service_dependence,inferred,county/place,limited,phase10_s05_ohio_npdes,limited,real,inferred,"Ohio regulatory program context only; no exact sewer territory, treatment load, or resident assignment."
DEP-0044-energy,MUNI-3962148,energy,electricity/heating dependence,functional_service_dependence,inferred,county/place,moderate,phase10_s24_pjm,moderate,real,inferred,"Regional wholesale/high-voltage context only; no local distribution assignment, demand model, or outage probability."
DEP-0044-transport,MUNI-3962148,transport,residence/workplace mobility interface,functional_service_dependence,inferred,county/county_pair,moderate,s11b_lodes_oh_od,limited,real,inferred,State-matched LODES OD supports generalized commuting context; the dependency is inferred and exposes no individual paths or passenger surveillance.
DEP-0044-climate_hazard,MUNI-3962148,climate_hazard,settlement to physical hazard interface,physical_hazard_interface,inferred,county/regional,limited,phase9_hazard_context,limited,real,inferred,"Hazard interface is not exposure, dose, or health outcome."
DEP-0044-environmental_health,MUNI-3962148,environmental_health,settlement to accepted pathway context,pathway_interface,reused_context,county/regional,limited,phase7_exposure_context,limited,real,inferred,"Population presence is not exposure, dose, illness, or risk."
DEP-0044-ecology_land,MUNI-3962148,ecology_land,settlement and land/wetland interface,land_cover_interface,inferred,county/regional,limited,phase6_ecology_context,limited,real,inferred,"No habitat quality, biodiversity, or ecological-risk score."
DEP-0044-biogeochemical,MUNI-3962148,biogeochemical,stormwater/wastewater/nutrient interface,material_flow_interface,inferred,county/watershed,limited,phase8_biogeochemical_context,limited,real,inferred,"No new nutrient load, concentration, or treatment outcome."
DEP-0044-housing_infrastructure,MUNI-3962148,housing_infrastructure,housing age/units and maintenance/energy context,contextual_interface,inferred,county/place,limited,s11a_acs_2024_5yr,limited,real,inferred,"Housing context is not a condition, desirability, or vulnerability score."
DEP-0044-governance,MUNI-3962148,governance,municipal boundary/service-responsibility interface,institutional_interface,inferred,municipal/county,moderate,phase10_governance_context,moderate,real,inferred,"Boundary, operator, service territory, and population served remain distinct."
DEP-0045-water,MUNI-3964150,water,drinking-water service dependence,functional_service_dependence,inferred,county/place,limited,phase10_governance_context,limited,real,inferred,Generalized service-responsibility context only; no state-specific operator or exact resident-to-utility assignment.
DEP-0045-wastewater,MUNI-3964150,wastewater,wastewater collection/treatment interface,functional_service_dependence,inferred,county/place,limited,phase10_s05_ohio_npdes,limited,real,inferred,"Ohio regulatory program context only; no exact sewer territory, treatment load, or resident assignment."
DEP-0045-energy,MUNI-3964150,energy,electricity/heating dependence,functional_service_dependence,inferred,county/place,moderate,phase10_s24_pjm,moderate,real,inferred,"Regional wholesale/high-voltage context only; no local distribution assignment, demand model, or outage probability."
DEP-0045-transport,MUNI-3964150,transport,residence/workplace mobility interface,functional_service_dependence,inferred,county/county_pair,moderate,s11b_lodes_oh_od,limited,real,inferred,State-matched LODES OD supports generalized commuting context; the dependency is inferred and exposes no individual paths or passenger surveillance.
DEP-0045-climate_hazard,MUNI-3964150,climate_hazard,settlement to physical hazard interface,physical_hazard_interface,inferred,county/regional,limited,phase9_hazard_context,limited,real,inferred,"Hazard interface is not exposure, dose, or health outcome."
DEP-0045-environmental_health,MUNI-3964150,environmental_health,settlement to accepted pathway context,pathway_interface,reused_context,county/regional,limited,phase7_exposure_context,limited,real,inferred,"Population presence is not exposure, dose, illness, or risk."
DEP-0045-ecology_land,MUNI-3964150,ecology_land,settlement and land/wetland interface,land_cover_interface,inferred,county/regional,limited,phase6_ecology_context,limited,real,inferred,"No habitat quality, biodiversity, or ecological-risk score."
DEP-0045-biogeochemical,MUNI-3964150,biogeochemical,stormwater/wastewater/nutrient interface,material_flow_interface,inferred,county/watershed,limited,phase8_biogeochemical_context,limited,real,inferred,"No new nutrient load, concentration, or treatment outcome."
DEP-0045-housing_infrastructure,MUNI-3964150,housing_infrastructure,housing age/units and maintenance/energy context,contextual_interface,inferred,county/place,limited,s11a_acs_2024_5yr,limited,real,inferred,"Housing context is not a condition, desirability, or vulnerability score."
DEP-0045-governance,MUNI-3964150,governance,municipal boundary/service-responsibility interface,institutional_interface,inferred,municipal/county,moderate,phase10_governance_context,moderate,real,inferred,"Boundary, operator, service territory, and population served remain distinct."
DEP-0046-water,MUNI-3968686,water,drinking-water service dependence,functional_service_dependence,inferred,county/place,limited,phase10_governance_context,limited,real,inferred,Generalized service-responsibility context only; no state-specific operator or exact resident-to-utility assignment.
DEP-0046-wastewater,MUNI-3968686,wastewater,wastewater collection/treatment interface,functional_service_dependence,inferred,county/place,limited,phase10_s05_ohio_npdes,limited,real,inferred,"Ohio regulatory program context only; no exact sewer territory, treatment load, or resident assignment."
DEP-0046-energy,MUNI-3968686,energy,electricity/heating dependence,functional_service_dependence,inferred,county/place,moderate,phase10_s24_pjm,moderate,real,inferred,"Regional wholesale/high-voltage context only; no local distribution assignment, demand model, or outage probability."
DEP-0046-transport,MUNI-3968686,transport,residence/workplace mobility interface,functional_service_dependence,inferred,county/county_pair,moderate,s11b_lodes_oh_od,limited,real,inferred,State-matched LODES OD supports generalized commuting context; the dependency is inferred and exposes no individual paths or passenger surveillance.
DEP-0046-climate_hazard,MUNI-3968686,climate_hazard,settlement to physical hazard interface,physical_hazard_interface,inferred,county/regional,limited,phase9_hazard_context,limited,real,inferred,"Hazard interface is not exposure, dose, or health outcome."
DEP-0046-environmental_health,MUNI-3968686,environmental_health,settlement to accepted pathway context,pathway_interface,reused_context,county/regional,limited,phase7_exposure_context,limited,real,inferred,"Population presence is not exposure, dose, illness, or risk."
DEP-0046-ecology_land,MUNI-3968686,ecology_land,settlement and land/wetland interface,land_cover_interface,inferred,county/regional,limited,phase6_ecology_context,limited,real,inferred,"No habitat quality, biodiversity, or ecological-risk score."
DEP-0046-biogeochemical,MUNI-3968686,biogeochemical,stormwater/wastewater/nutrient interface,material_flow_interface,inferred,county/watershed,limited,phase8_biogeochemical_context,limited,real,inferred,"No new nutrient load, concentration, or treatment outcome."
DEP-0046-housing_infrastructure,MUNI-3968686,housing_infrastructure,housing age/units and maintenance/energy context,contextual_interface,inferred,county/place,limited,s11a_acs_2024_5yr,limited,real,inferred,"Housing context is not a condition, desirability, or vulnerability score."
DEP-0046-governance,MUNI-3968686,governance,municipal boundary/service-responsibility interface,institutional_interface,inferred,municipal/county,moderate,phase10_governance_context,moderate,real,inferred,"Boundary, operator, service territory, and population served remain distinct."
DEP-0047-water,MUNI-3976022,water,drinking-water service dependence,functional_service_dependence,inferred,county/place,limited,phase10_governance_context,limited,real,inferred,Generalized service-responsibility context only; no state-specific operator or exact resident-to-utility assignment.
DEP-0047-wastewater,MUNI-3976022,wastewater,wastewater collection/treatment interface,functional_service_dependence,inferred,county/place,limited,phase10_s05_ohio_npdes,limited,real,inferred,"Ohio regulatory program context only; no exact sewer territory, treatment load, or resident assignment."
DEP-0047-energy,MUNI-3976022,energy,electricity/heating dependence,functional_service_dependence,inferred,county/place,moderate,phase10_s24_pjm,moderate,real,inferred,"Regional wholesale/high-voltage context only; no local distribution assignment, demand model, or outage probability."
DEP-0047-transport,MUNI-3976022,transport,residence/workplace mobility interface,functional_service_dependence,inferred,county/county_pair,moderate,s11b_lodes_oh_od,limited,real,inferred,State-matched LODES OD supports generalized commuting context; the dependency is inferred and exposes no individual paths or passenger surveillance.
DEP-0047-climate_hazard,MUNI-3976022,climate_hazard,settlement to physical hazard interface,physical_hazard_interface,inferred,county/regional,limited,phase9_hazard_context,limited,real,inferred,"Hazard interface is not exposure, dose, or health outcome."
DEP-0047-environmental_health,MUNI-3976022,environmental_health,settlement to accepted pathway context,pathway_interface,reused_context,county/regional,limited,phase7_exposure_context,limited,real,inferred,"Population presence is not exposure, dose, illness, or risk."
DEP-0047-ecology_land,MUNI-3976022,ecology_land,settlement and land/wetland interface,land_cover_interface,inferred,county/regional,limited,phase6_ecology_context,limited,real,inferred,"No habitat quality, biodiversity, or ecological-risk score."
DEP-0047-biogeochemical,MUNI-3976022,biogeochemical,stormwater/wastewater/nutrient interface,material_flow_interface,inferred,county/watershed,limited,phase8_biogeochemical_context,limited,real,inferred,"No new nutrient load, concentration, or treatment outcome."
DEP-0047-housing_infrastructure,MUNI-3976022,housing_infrastructure,housing age/units and maintenance/energy context,contextual_interface,inferred,county/place,limited,s11a_acs_2024_5yr,limited,real,inferred,"Housing context is not a condition, desirability, or vulnerability score."
DEP-0047-governance,MUNI-3976022,governance,municipal boundary/service-responsibility interface,institutional_interface,inferred,municipal/county,moderate,phase10_governance_context,moderate,real,inferred,"Boundary, operator, service territory, and population served remain distinct."
DEP-0048-water,MUNI-3976778,water,drinking-water service dependence,functional_service_dependence,inferred,county/place,limited,phase10_governance_context,limited,real,inferred,Generalized service-responsibility context only; no state-specific operator or exact resident-to-utility assignment.
DEP-0048-wastewater,MUNI-3976778,wastewater,wastewater collection/treatment interface,functional_service_dependence,inferred,county/place,limited,phase10_s05_ohio_npdes,limited,real,inferred,"Ohio regulatory program context only; no exact sewer territory, treatment load, or resident assignment."
DEP-0048-energy,MUNI-3976778,energy,electricity/heating dependence,functional_service_dependence,inferred,county/place,moderate,phase10_s24_pjm,moderate,real,inferred,"Regional wholesale/high-voltage context only; no local distribution assignment, demand model, or outage probability."
DEP-0048-transport,MUNI-3976778,transport,residence/workplace mobility interface,functional_service_dependence,inferred,county/county_pair,moderate,s11b_lodes_oh_od,limited,real,inferred,State-matched LODES OD supports generalized commuting context; the dependency is inferred and exposes no individual paths or passenger surveillance.
DEP-0048-climate_hazard,MUNI-3976778,climate_hazard,settlement to physical hazard interface,physical_hazard_interface,inferred,county/regional,limited,phase9_hazard_context,limited,real,inferred,"Hazard interface is not exposure, dose, or health outcome."
DEP-0048-environmental_health,MUNI-3976778,environmental_health,settlement to accepted pathway context,pathway_interface,reused_context,county/regional,limited,phase7_exposure_context,limited,real,inferred,"Population presence is not exposure, dose, illness, or risk."
DEP-0048-ecology_land,MUNI-3976778,ecology_land,settlement and land/wetland interface,land_cover_interface,inferred,county/regional,limited,phase6_ecology_context,limited,real,inferred,"No habitat quality, biodiversity, or ecological-risk score."
DEP-0048-biogeochemical,MUNI-3976778,biogeochemical,stormwater/wastewater/nutrient interface,material_flow_interface,inferred,county/watershed,limited,phase8_biogeochemical_context,limited,real,inferred,"No new nutrient load, concentration, or treatment outcome."
DEP-0048-housing_infrastructure,MUNI-3976778,housing_infrastructure,housing age/units and maintenance/energy context,contextual_interface,inferred,county/place,limited,s11a_acs_2024_5yr,limited,real,inferred,"Housing context is not a condition, desirability, or vulnerability score."
DEP-0048-governance,MUNI-3976778,governance,municipal boundary/service-responsibility interface,institutional_interface,inferred,municipal/county,moderate,phase10_governance_context,moderate,real,inferred,"Boundary, operator, service territory, and population served remain distinct."
DEP-0049-water,MUNI-3977000,water,drinking-water service dependence,functional_service_dependence,inferred,county/place,limited,phase10_s03_toledo_treatment,limited,real,inferred,Toledo operator context only; no exact service territory or resident assignment.
DEP-0049-wastewater,MUNI-3977000,wastewater,wastewater collection/treatment interface,functional_service_dependence,inferred,county/place,limited,phase10_s05_ohio_npdes,limited,real,inferred,"Ohio regulatory program context only; no exact sewer territory, treatment load, or resident assignment."
DEP-0049-energy,MUNI-3977000,energy,electricity/heating dependence,functional_service_dependence,inferred,county/place,moderate,phase10_s24_pjm,moderate,real,inferred,"Regional wholesale/high-voltage context only; no local distribution assignment, demand model, or outage probability."
DEP-0049-transport,MUNI-3977000,transport,residence/workplace mobility interface,functional_service_dependence,inferred,county/county_pair,moderate,s11b_lodes_oh_od,limited,real,inferred,State-matched LODES OD supports generalized commuting context; the dependency is inferred and exposes no individual paths or passenger surveillance.
DEP-0049-climate_hazard,MUNI-3977000,climate_hazard,settlement to physical hazard interface,physical_hazard_interface,inferred,county/regional,limited,phase9_hazard_context,limited,real,inferred,"Hazard interface is not exposure, dose, or health outcome."
DEP-0049-environmental_health,MUNI-3977000,environmental_health,settlement to accepted pathway context,pathway_interface,reused_context,county/regional,limited,phase7_exposure_context,limited,real,inferred,"Population presence is not exposure, dose, illness, or risk."
DEP-0049-ecology_land,MUNI-3977000,ecology_land,settlement and land/wetland interface,land_cover_interface,inferred,county/regional,limited,phase6_ecology_context,limited,real,inferred,"No habitat quality, biodiversity, or ecological-risk score."
DEP-0049-biogeochemical,MUNI-3977000,biogeochemical,stormwater/wastewater/nutrient interface,material_flow_interface,inferred,county/watershed,limited,phase8_biogeochemical_context,limited,real,inferred,"No new nutrient load, concentration, or treatment outcome."
DEP-0049-housing_infrastructure,MUNI-3977000,housing_infrastructure,housing age/units and maintenance/energy context,contextual_interface,inferred,county/place,limited,s11a_acs_2024_5yr,limited,real,inferred,"Housing context is not a condition, desirability, or vulnerability score."
DEP-0049-governance,MUNI-3977000,governance,municipal boundary/service-responsibility interface,institutional_interface,inferred,municipal/county,moderate,phase10_governance_context,moderate,real,inferred,"Boundary, operator, service territory, and population served remain distinct."
DEP-0050-water,MUNI-3979562,water,drinking-water service dependence,functional_service_dependence,inferred,county/place,limited,phase10_governance_context,limited,real,inferred,Generalized service-responsibility context only; no state-specific operator or exact resident-to-utility assignment.
DEP-0050-wastewater,MUNI-3979562,wastewater,wastewater collection/treatment interface,functional_service_dependence,inferred,county/place,limited,phase10_s05_ohio_npdes,limited,real,inferred,"Ohio regulatory program context only; no exact sewer territory, treatment load, or resident assignment."
DEP-0050-energy,MUNI-3979562,energy,electricity/heating dependence,functional_service_dependence,inferred,county/place,moderate,phase10_s24_pjm,moderate,real,inferred,"Regional wholesale/high-voltage context only; no local distribution assignment, demand model, or outage probability."
DEP-0050-transport,MUNI-3979562,transport,residence/workplace mobility interface,functional_service_dependence,inferred,county/county_pair,moderate,s11b_lodes_oh_od,limited,real,inferred,State-matched LODES OD supports generalized commuting context; the dependency is inferred and exposes no individual paths or passenger surveillance.
DEP-0050-climate_hazard,MUNI-3979562,climate_hazard,settlement to physical hazard interface,physical_hazard_interface,inferred,county/regional,limited,phase9_hazard_context,limited,real,inferred,"Hazard interface is not exposure, dose, or health outcome."
DEP-0050-environmental_health,MUNI-3979562,environmental_health,settlement to accepted pathway context,pathway_interface,reused_context,county/regional,limited,phase7_exposure_context,limited,real,inferred,"Population presence is not exposure, dose, illness, or risk."
DEP-0050-ecology_land,MUNI-3979562,ecology_land,settlement and land/wetland interface,land_cover_interface,inferred,county/regional,limited,phase6_ecology_context,limited,real,inferred,"No habitat quality, biodiversity, or ecological-risk score."
DEP-0050-biogeochemical,MUNI-3979562,biogeochemical,stormwater/wastewater/nutrient interface,material_flow_interface,inferred,county/watershed,limited,phase8_biogeochemical_context,limited,real,inferred,"No new nutrient load, concentration, or treatment outcome."
DEP-0050-housing_infrastructure,MUNI-3979562,housing_infrastructure,housing age/units and maintenance/energy context,contextual_interface,inferred,county/place,limited,s11a_acs_2024_5yr,limited,real,inferred,"Housing context is not a condition, desirability, or vulnerability score."
DEP-0050-governance,MUNI-3979562,governance,municipal boundary/service-responsibility interface,institutional_interface,inferred,municipal/county,moderate,phase10_governance_context,moderate,real,inferred,"Boundary, operator, service territory, and population served remain distinct."
DEP-0051-water,MUNI-3981858,water,drinking-water service dependence,functional_service_dependence,inferred,county/place,limited,phase10_governance_context,limited,real,inferred,Generalized service-responsibility context only; no state-specific operator or exact resident-to-utility assignment.
DEP-0051-wastewater,MUNI-3981858,wastewater,wastewater collection/treatment interface,functional_service_dependence,inferred,county/place,limited,phase10_s05_ohio_npdes,limited,real,inferred,"Ohio regulatory program context only; no exact sewer territory, treatment load, or resident assignment."
DEP-0051-energy,MUNI-3981858,energy,electricity/heating dependence,functional_service_dependence,inferred,county/place,moderate,phase10_s24_pjm,moderate,real,inferred,"Regional wholesale/high-voltage context only; no local distribution assignment, demand model, or outage probability."
DEP-0051-transport,MUNI-3981858,transport,residence/workplace mobility interface,functional_service_dependence,inferred,county/county_pair,moderate,s11b_lodes_oh_od,limited,real,inferred,State-matched LODES OD supports generalized commuting context; the dependency is inferred and exposes no individual paths or passenger surveillance.
DEP-0051-climate_hazard,MUNI-3981858,climate_hazard,settlement to physical hazard interface,physical_hazard_interface,inferred,county/regional,limited,phase9_hazard_context,limited,real,inferred,"Hazard interface is not exposure, dose, or health outcome."
DEP-0051-environmental_health,MUNI-3981858,environmental_health,settlement to accepted pathway context,pathway_interface,reused_context,county/regional,limited,phase7_exposure_context,limited,real,inferred,"Population presence is not exposure, dose, illness, or risk."
DEP-0051-ecology_land,MUNI-3981858,ecology_land,settlement and land/wetland interface,land_cover_interface,inferred,county/regional,limited,phase6_ecology_context,limited,real,inferred,"No habitat quality, biodiversity, or ecological-risk score."
DEP-0051-biogeochemical,MUNI-3981858,biogeochemical,stormwater/wastewater/nutrient interface,material_flow_interface,inferred,county/watershed,limited,phase8_biogeochemical_context,limited,real,inferred,"No new nutrient load, concentration, or treatment outcome."
DEP-0051-housing_infrastructure,MUNI-3981858,housing_infrastructure,housing age/units and maintenance/energy context,contextual_interface,inferred,county/place,limited,s11a_acs_2024_5yr,limited,real,inferred,"Housing context is not a condition, desirability, or vulnerability score."
DEP-0051-governance,MUNI-3981858,governance,municipal boundary/service-responsibility interface,institutional_interface,inferred,municipal/county,moderate,phase10_governance_context,moderate,real,inferred,"Boundary, operator, service territory, and population served remain distinct."
DEP-0052-water,MUNI-3981928,water,drinking-water service dependence,functional_service_dependence,inferred,county/place,limited,phase10_governance_context,limited,real,inferred,Generalized service-responsibility context only; no state-specific operator or exact resident-to-utility assignment.
DEP-0052-wastewater,MUNI-3981928,wastewater,wastewater collection/treatment interface,functional_service_dependence,inferred,county/place,limited,phase10_s05_ohio_npdes,limited,real,inferred,"Ohio regulatory program context only; no exact sewer territory, treatment load, or resident assignment."
DEP-0052-energy,MUNI-3981928,energy,electricity/heating dependence,functional_service_dependence,inferred,county/place,moderate,phase10_s24_pjm,moderate,real,inferred,"Regional wholesale/high-voltage context only; no local distribution assignment, demand model, or outage probability."
DEP-0052-transport,MUNI-3981928,transport,residence/workplace mobility interface,functional_service_dependence,inferred,county/county_pair,moderate,s11b_lodes_oh_od,limited,real,inferred,State-matched LODES OD supports generalized commuting context; the dependency is inferred and exposes no individual paths or passenger surveillance.
DEP-0052-climate_hazard,MUNI-3981928,climate_hazard,settlement to physical hazard interface,physical_hazard_interface,inferred,county/regional,limited,phase9_hazard_context,limited,real,inferred,"Hazard interface is not exposure, dose, or health outcome."
DEP-0052-environmental_health,MUNI-3981928,environmental_health,settlement to accepted pathway context,pathway_interface,reused_context,county/regional,limited,phase7_exposure_context,limited,real,inferred,"Population presence is not exposure, dose, illness, or risk."
DEP-0052-ecology_land,MUNI-3981928,ecology_land,settlement and land/wetland interface,land_cover_interface,inferred,county/regional,limited,phase6_ecology_context,limited,real,inferred,"No habitat quality, biodiversity, or ecological-risk score."
DEP-0052-biogeochemical,MUNI-3981928,biogeochemical,stormwater/wastewater/nutrient interface,material_flow_interface,inferred,county/watershed,limited,phase8_biogeochemical_context,limited,real,inferred,"No new nutrient load, concentration, or treatment outcome."
DEP-0052-housing_infrastructure,MUNI-3981928,housing_infrastructure,housing age/units and maintenance/energy context,contextual_interface,inferred,county/place,limited,s11a_acs_2024_5yr,limited,real,inferred,"Housing context is not a condition, desirability, or vulnerability score."
DEP-0052-governance,MUNI-3981928,governance,municipal boundary/service-responsibility interface,institutional_interface,inferred,municipal/county,moderate,phase10_governance_context,moderate,real,inferred,"Boundary, operator, service territory, and population served remain distinct."
