{"type":"FeatureCollection","crs":{"type":"name","properties":{"name":"EPSG:4326"}},"features":[{"type":"Feature","geometry":{"type":"LineString","coordinates":[[-83.4607471736782,41.139117256249],[-83.4614867216173,41.1381671477597],[-83.4613758955624,41.1376661393164],[-83.4584785592765,41.1358898341104],[-83.4551118532547,41.134188583812],[-83.4511190223781,41.1320761146946],[-83.4468150132906,41.1301240100574],[-83.4426599457754,41.1282441098213],[-83.4383594410157,41.1262945951273],[-83.4341475999746,41.1243931342302],[-83.4300386160335,41.1225236947521],[-83.4259686189757,41.1206835041885],[-83.4220084858772,41.118896793075],[-83.4183320407454,41.117227518274],[-83.4144677578877,41.1154540449372],[-83.4118087446467,41.1124917868868],[-83.4093565235842,41.1097569488193],[-83.4068410611256,41.1069249349762],[-83.4043363793487,41.1041172342249],[-83.402023935246,41.1015417333377],[-83.3994032800676,41.098580946133],[-83.3969422564136,41.0958330052101],[-83.3946043001568,41.0931915090704],[-83.3918170083916,41.0911072408383],[-83.3888955972561,41.0889054367379],[-83.3857458343754,41.0865451238961],[-83.3824111083777,41.0840180239169],[-83.3788589891829,41.0813323108418],[-83.375321423594,41.0786712042582],[-83.3718091913945,41.0760235329477],[-83.3680867516218,41.0732146481256],[-83.3645273569716,41.0705231420351],[-83.3615008429478,41.0682577317631],[-83.3577747209808,41.0654430277075],[-83.3545741143534,41.063032631219],[-83.3513156553233,41.0605674156735],[-83.3480208136259,41.0580913409397],[-83.3443635933395,41.0553198248236],[-83.3409601453242,41.0527396350532],[-83.3374224899038,41.0500718160101],[-83.3341095929675,41.0475651957402],[-83.3308691900747,41.0451186429372],[-83.3274873932544,41.0425736220287],[-83.3240295971644,41.0399518027217],[-83.3206115084067,41.0373764966687],[-83.3174908500428,41.0350115569263],[-83.3138878871013,41.0322993117039],[-83.3103467282513,41.0296143329871],[-83.3070229617001,41.0271260443255],[-83.3040941852775,41.0248947192787],[-83.30079943431,41.0224145213326],[-83.2993197356622,41.021192729937],[-83.2991936634003,41.0208610312296]]},"properties":{"ID":"115933","STATUS":"IN SERVICE","OWNER":"AMERICAN ELECTRIC POWER CO., INC","VOLTAGE":345,"VOLT_CLASS":"345","INFERRED":"N","SUB_1":"FOSTORIA CENTRAL SUBSTATION","SUB_2":"SOUTH BERWICK"}},{"type":"Feature","geometry":{"type":"LineString","coordinates":[[-83.6531963525896,42.1112608789449],[-83.6540758823045,42.1110731376815],[-83.654578752014,42.1118392587538],[-83.655916215013,42.1135149202321],[-83.6569372311817,42.1148623867039],[-83.6575383837699,42.115542548947],[-83.6575504238896,42.1173956991348],[-83.657503070996,42.1209271051815],[-83.6632679078223,42.1207410096859],[-83.6692065129604,42.1205471957498],[-83.6717889142807,42.1203182211405],[-83.6744209457238,42.1201282932024],[-83.6836070432591,42.1201812147117],[-83.6869451370408,42.1202561119249],[-83.6902879011636,42.1202032637729],[-83.693567764352,42.1201371552129],[-83.7057247971443,42.1199211963273],[-83.7154755253615,42.1196787897505],[-83.7163961637804,42.119661166881],[-83.7249340244302,42.119396743958],[-83.7375620394345,42.1189912136845],[-83.7467330237134,42.1189012879147],[-83.7591963164406,42.1187690700081],[-83.7657297060098,42.1186366612547],[-83.7717536466083,42.1194827237239],[-83.7823533636174,42.1190494501092],[-83.7907753874096,42.1187902573287],[-83.7961027240312,42.1186632992158],[-83.8033619119258,42.1185522222358],[-83.8065842056809,42.1184993420114],[-83.8151474886532,42.1182772099375],[-83.8268701357,42.1180233300491],[-83.8407958955913,42.1177271377817],[-83.8540740474177,42.1174626561462],[-83.8670806178726,42.1174785238093],[-83.874590576767,42.1174203312524],[-83.8790339073686,42.1175473018508],[-83.88005014989,42.1175578440745],[-83.8832969595674,42.117468058202],[-83.8862321194183,42.1172725297405],[-83.8902180323689,42.1169922037479],[-83.8985267893836,42.1164420058249],[-83.9017476458342,42.1163148657565],[-83.9075123892356,42.1164154202386],[-83.9107185600279,42.1164682708832],[-83.9142533381445,42.1163836890403],[-83.9270588557573,42.1161932868571],[-83.940169935314,42.1157352340452],[-83.9402787275831,42.1197755368713],[-83.9404926191472,42.1254973410109],[-83.9407778225718,42.1312506919632],[-83.9410416649572,42.1369406681203],[-83.9411272600308,42.1394319060468],[-83.9411486516126,42.1414093612822],[-83.9411914132168,42.1427146452543],[-83.9412202868667,42.1435174719232],[-83.9393986238447,42.1484486669229],[-83.9374238483725,42.1539771802546],[-83.9369921171486,42.1552993858718],[-83.9372553846123,42.1597089651916],[-83.9375263596211,42.1645824641893],[-83.9377474179445,42.1695295592175],[-83.9380041232151,42.1757549878281],[-83.9381895184217,42.1812610901736],[-83.9383891492307,42.1869403239924],[-83.9385748552544,42.1901632767366],[-83.9382243353255,42.1920236051284],[-83.9375408925658,42.195641868234],[-83.9376618480238,42.1982932069591],[-83.9378900228009,42.2033588438968],[-83.9380041151302,42.2059681973319],[-83.9381538553049,42.2097181700254],[-83.9383891600105,42.2153954817363],[-83.9385674207971,42.2200848047847],[-83.938610198571,42.2211408109162],[-83.9387670803522,42.224884831856],[-83.9388241206778,42.2268595178566],[-83.938945335749,42.2295997268617],[-83.9390380355981,42.232630399935],[-83.9392514780045,42.2383352980412],[-83.9404637140563,42.2404839448323],[-83.940578180983,42.2440324929898],[-83.9408094962704,42.2478930570868],[-83.9472807520663,42.2477212302204],[-83.9490975632874,42.2476823292716],[-83.9491631951004,42.2506836472057],[-83.9493556941843,42.2546626832055],[-83.9494269997566,42.256451828204],[-83.9496908089044,42.2621245631781],[-83.9500045419241,42.2680186629181],[-83.950361070684,42.2752525557787],[-83.9506248968998,42.2809767391005],[-83.9508958305861,42.2867420917508],[-83.9512665868634,42.2924858800369],[-83.9514381884389,42.2952096799978],[-83.9507875826961,42.2978961287152],[-83.950267069176,42.3001111690346],[-83.9496821949592,42.302532571985],[-83.9493331213179,42.3038392430553],[-83.9491192971274,42.3049567651799],[-83.9485129693449,42.3074045787883],[-83.9480068082082,42.3095767069719],[-83.9473951336531,42.3122328548302],[-83.9475302950691,42.3152628386815],[-83.9477228732048,42.3184694409954],[-83.9477371366549,42.3209690070582],[-83.9479224456232,42.3258380959063],[-83.9481361674057,42.3281292029207],[-83.9483644670487,42.3300068801422],[-83.9484643857594,42.3319959878679],[-83.9485713292957,42.3343097102777],[-83.9487067269686,42.3365011237799],[-83.9488707350849,42.338166771861],[-83.949049091093,42.3412516967697],[-83.9491203993603,42.3435918336686],[-83.9493770498336,42.3484447028063],[-83.9496479790283,42.3527232140372],[-83.9497406393516,42.3540453336978],[-83.9498547765966,42.3554107017536],[-83.9499617731335,42.3578142990786],[-83.9501939346338,42.3626904859707],[-83.9566655587391,42.3625553469407],[-83.9644304163919,42.3624835889774],[-83.9647085006679,42.3681207627152],[-83.9648225876073,42.3703333470911],[-83.9662537592635,42.3721096097617],[-83.9677378928938,42.3737964388859],[-83.9702222547789,42.3766849727697],[-83.9757133839212,42.3767737241963],[-83.9807180681507,42.3767610757653],[-83.9808458849408,42.377934826705]]},"properties":{"ID":"106454","STATUS":"IN SERVICE","OWNER":"NOT AVAILABLE","VOLTAGE":345,"VOLT_CLASS":"345","INFERRED":"N","SUB_1":"MILAN","SUB_2":"MAJESTIC"}},{"type":"Feature","geometry":{"type":"LineString","coordinates":[[-83.9099192597494,41.601460037276],[-83.9102502682703,41.601789296095],[-83.9117322558255,41.6017580991463],[-83.9116718099866,41.6003815619322],[-83.9175884953335,41.600371652881],[-83.9291112079408,41.6003396598893],[-83.9384662830726,41.6003449922796],[-83.9449121569702,41.6003236640591],[-83.9487768287984,41.6001317097581],[-83.9593797222503,41.5995825030133],[-83.9723712962298,41.5989479762647],[-83.9842576594405,41.5983561017116],[-83.9889209353529,41.5982227957742],[-83.9948106389019,41.5983827631347],[-84.0004793002972,41.5986333771525],[-84.0088789021399,41.5990012979392],[-84.0114672341377,41.5988786576861],[-84.0133710489907,41.5984307527282],[-84.0226476877234,41.5948047390589],[-84.0254499319466,41.593652904182],[-84.0285373921708,41.5928690051672],[-84.0307905959738,41.5914931577994],[-84.0425486123882,41.5911625242489],[-84.0485880543153,41.5910398691006],[-84.0555473162962,41.5909225462163],[-84.0556043593167,41.5833281296891],[-84.0556114901434,41.5792158940303],[-84.0555401863677,41.5728416757971],[-84.0556471415821,41.5711506692729],[-84.0560678352061,41.5669896432722],[-84.053415329361,41.5670483258119],[-84.0505560421173,41.567112344106],[-84.0485452720499,41.5671763616644],[-84.0480033615582,41.5673844192995]]},"properties":{"ID":"105659","STATUS":"IN SERVICE","OWNER":"AMERICAN TRANSMISSION SYSTEMS, INC.","VOLTAGE":345,"VOLT_CLASS":"345","INFERRED":"N","SUB_1":"UNKNOWN133807","SUB_2":"UNKNOWN171366"}},{"type":"Feature","geometry":{"type":"LineString","coordinates":[[-83.4514732819936,41.4747116646655],[-83.449252059113,41.4747243081156],[-83.4469655799153,41.4744928030236],[-83.4440373649399,41.4741580076869],[-83.4413468307139,41.4765727627336],[-83.4388119772215,41.4788111402964],[-83.4360846021874,41.4812951661173],[-83.4333809947791,41.4837078752573],[-83.4306239097636,41.4861516517977],[-83.4251929282195,41.4909944219708],[-83.4199556548917,41.4957745209472],[-83.4172270922847,41.4982098331326],[-83.4118460229344,41.5031229020984],[-83.4036127971671,41.5104490922137],[-83.3952369638485,41.5178171629421],[-83.3873745177147,41.5249281579747],[-83.3824973295769,41.5299103722215],[-83.3778578221886,41.5347996863348],[-83.3728665480098,41.5399519252391],[-83.3659358066409,41.5472241388633],[-83.357978290004,41.548077965811],[-83.3411315501686,41.5501555631835],[-83.3209572951124,41.5525532559967],[-83.3119444799005,41.55303705185],[-83.2944037160496,41.5541753826886],[-83.2777851491947,41.5552496641692],[-83.2612331331294,41.5562100991953],[-83.2528002567902,41.5567507822496],[-83.2445765378936,41.5572416612867],[-83.2361721830647,41.5577609927577],[-83.2252769436833,41.5616024979599],[-83.220190598103,41.5633026468229],[-83.2197407119273,41.5630528373267]]},"properties":{"ID":"124757","STATUS":"IN SERVICE","OWNER":"AMERICAN TRANSMISSION SYSTEMS, INC.","VOLTAGE":345,"VOLT_CLASS":"345","INFERRED":"N","SUB_1":"UNKNOWN113830","SUB_2":"LEMOYNE"}},{"type":"Feature","geometry":{"type":"LineString","coordinates":[[-83.4502324570579,42.1049642052584],[-83.4513023505613,42.1062855469164],[-83.4513531961047,42.1086869638851],[-83.4513554481811,42.1087813672701],[-83.4511635913926,42.1111043450735],[-83.4512210826725,42.1134905871368],[-83.4512752510841,42.1159670299256],[-83.4512830682238,42.1164548511563],[-83.4515215987795,42.1182736836868],[-83.4515648975762,42.1206670512118],[-83.4516097244071,42.1231432808658],[-83.4516774573796,42.125456180111],[-83.4517214748285,42.1276810516721],[-83.451768816044,42.1299962489117],[-83.451816247091,42.1323440740462],[-83.4518704146043,42.1346816858036],[-83.451927996614,42.1368887811374],[-83.4519855786237,42.1391684722249],[-83.4507395263914,42.1414933082357],[-83.4507971084011,42.1442197642309],[-83.450854599681,42.1464916631519],[-83.4509155961871,42.1489794723094],[-83.4509934801222,42.1514344817305],[-83.4510476476355,42.1540399709819],[-83.4511221188709,42.1567710129821],[-83.4511763771141,42.1594767007536],[-83.4512508465528,42.1619161889377],[-83.4513490333117,42.1643832811497],[-83.4514336537131,42.1670837150112],[-83.4515183657428,42.1695303661633],[-83.4516097244071,42.1716433711313],[-83.4519178456513,42.1736734851938],[-83.4525239398718,42.1764060111736],[-83.4529776789218,42.1784912250358],[-83.4533602714013,42.1805460829965],[-83.4533838970933,42.1829071399565],[-83.4534313281403,42.1852930080131],[-83.4534990611127,42.1877416158659],[-83.453600659673,42.1901249047253],[-83.4537733167689,42.192583308735],[-83.4540103821724,42.1950191249281],[-83.4542473577444,42.1975100167448],[-83.4544572041948,42.1997725490122],[-83.4547145706253,42.2022280516996],[-83.4549719388525,42.2046358117264],[-83.4550193698995,42.2071113542805],[-83.4550937504051,42.2095766162626],[-83.4551233049779,42.2121461107086],[-83.4551054276054,42.2173639552954],[-83.455080364609,42.2193925327124],[-83.4550229631607,42.2218512629565],[-83.4550014026955,42.2245620166697],[-83.4550337429441,42.227102761891],[-83.4550373362052,42.2296859121374],[-83.4550623992017,42.2322822560743],[-83.4551556443282,42.2348253530064],[-83.455259669238,42.2374214190254],[-83.4553635135866,42.2400174467513],[-83.4554926023912,42.2426239409422],[-83.4556038138234,42.245084359893],[-83.4557077489018,42.2475579830589],[-83.4558404300692,42.249872187269],[-83.4559444549791,42.2516608790345],[-83.4560268295924,42.2531921317709],[-83.45709178326,42.2557715519593],[-83.4582418055884,42.2581219538536],[-83.4592606747837,42.2601837959029],[-83.4604831031206,42.2627910517803],[-83.4613129667801,42.26459779199],[-83.4614500487941,42.2661028720257],[-83.4616018649755,42.2683124931459],[-83.4617499971658,42.2704259848361],[-83.4619167235842,42.2726107929896],[-83.4620797687066,42.2748722981355],[-83.4622242178043,42.2769362497377],[-83.4623613007167,42.279397591274],[-83.4624037011981,42.2807234662006],[-83.4624428677444,42.2819465629086],[-83.4625354840502,42.284284494297],[-83.4626169612465,42.2864796550867],[-83.4627169437376,42.2883733711325],[-83.4628021040266,42.2905905160121],[-83.4629392767705,42.2929882641977],[-83.4631355577617,42.2953778112404],[-83.4635892078785,42.2977343137738],[-83.4641255021031,42.3002402200079],[-83.4645712461471,42.3025261811673],[-83.4649734218998,42.3045548787467],[-83.4654385686556,42.3068535709747],[-83.4660459196192,42.3087572352892],[-83.4662323146508,42.3097217858434],[-83.4651522270655,42.3101054682789]]},"properties":{"ID":"100960","STATUS":"IN SERVICE","OWNER":"WYANDOTTE MUNICIPAL SERV COMM","VOLTAGE":345,"VOLT_CLASS":"345","INFERRED":"Y","SUB_1":"TAP137301","SUB_2":"WAYNE"}},{"type":"Feature","geometry":{"type":"LineString","coordinates":[[-83.6332518371756,41.4736688727368],[-83.6339940737724,41.4741954032661],[-83.6339857212369,41.4745195249771],[-83.6487605570565,41.4747051857798],[-83.6596914757243,41.474838745866],[-83.6813250071287,41.4751272347669],[-83.6850176416986,41.4751646230563],[-83.7049398222996,41.4749349017964],[-83.7198788872212,41.4750310696991],[-83.7310382672287,41.4751753199395],[-83.7391554638989,41.4752981276784],[-83.754482115933,41.4736774947866],[-83.7574562968032,41.4753108262046],[-83.7625744166935,41.4772592178835],[-83.7657162564334,41.4772503519985],[-83.7684434284482,41.4772325461909],[-83.775876655946,41.477170221115],[-83.7835595459224,41.4770767337253],[-83.7910406922524,41.4769921471201],[-83.7977252673856,41.4769431769045],[-83.8118022658414,41.4767192507669],[-83.8249151887411,41.4765963777434],[-83.840544852402,41.4764040572088],[-83.8511192252419,41.4762598150873],[-83.8659505147873,41.4760781748082],[-83.8782955209511,41.4759352612318],[-83.8913284452815,41.47592324328],[-83.9056663001228,41.4759339272501],[-83.9091593272398,41.4758004010539],[-83.9128689318837,41.4757152097297],[-83.9161789272616,41.4743683171551],[-83.9176603677428,41.4739414750137],[-83.9192790267819,41.4739319248366],[-83.9223591522617,41.4747404481139],[-83.923905586752,41.4751988190198],[-83.9240202243587,41.4780962581702],[-83.9240555119797,41.48420713723],[-83.9241428542764,41.4895836496694],[-83.9242038894101,41.4923948732371],[-83.9243536277882,41.5037701360144],[-83.9244891323606,41.5096183788802],[-83.9241609903637,41.5125082820222],[-83.9238117128048,41.515539969916],[-83.9237689377259,41.5213635892365],[-83.9237475272794,41.5315366943073],[-83.918469189265,41.5360104282416],[-83.9137642333201,41.5399124227169],[-83.9116042602705,41.5419013907846],[-83.9115331837686,41.544593167118],[-83.9115117939834,41.547496073243],[-83.911469011718,41.5534726053191],[-83.9113905780139,41.5629698309844],[-83.9113691873303,41.571308071271],[-83.9113620574019,41.577266555205],[-83.9113121452081,41.5797200861483],[-83.9113477957485,41.5884187852911],[-83.9112551012893,41.5973830462787],[-83.9112585526166,41.6003706136767],[-83.9114356060675,41.6015015483088],[-83.910347935803,41.6015940788012],[-83.9099192597494,41.601460037276]]},"properties":{"ID":"173696","STATUS":"IN SERVICE","OWNER":"AMERICAN TRANSMISSION SYSTEMS, INC.","VOLTAGE":345,"VOLT_CLASS":"345","INFERRED":"Y","SUB_1":"UNKNOWN156850","SUB_2":"UNKNOWN171366"}},{"type":"Feature","geometry":{"type":"LineString","coordinates":[[-83.4423179445703,41.6687642119187],[-83.4403953396565,41.6689069800096],[-83.4395290250578,41.6701686959247],[-83.4316560389908,41.6702789637722],[-83.4317986474404,41.6733361779795],[-83.4318414288075,41.6758872962203],[-83.4319483849202,41.6784010331515],[-83.4322193401661,41.6864315527726],[-83.433973416641,41.6894454009182],[-83.4344440215605,41.6905476037924],[-83.4339252435856,41.6908056108252]]},"properties":{"ID":"180438","STATUS":"IN SERVICE","OWNER":"CONSUMERS ENERGY CO","VOLTAGE":345,"VOLT_CLASS":"345","INFERRED":"N","SUB_1":"UNKNOWN113613","SUB_2":"UNKNOWN177246"}},{"type":"Feature","geometry":{"type":"LineString","coordinates":[[-83.7702770004359,41.8399219999291],[-83.7701706551776,41.8390846271212],[-83.7701006836035,41.8369248138808],[-83.7693040971354,41.8362341339563],[-83.7684884609934,41.8368354848224],[-83.7660852879453,41.8385380630745],[-83.7638428243999,41.840192543065],[-83.761273641789,41.8420261342375],[-83.758236886971,41.8442091347664],[-83.7554793294417,41.8462275756669],[-83.752673710248,41.8482335732792],[-83.7501900481505,41.8500597727911],[-83.7473308004327,41.8521096788541],[-83.7452300003092,41.8536639772507],[-83.7424974150465,41.8556857322661],[-83.739825915223,41.8575436337128],[-83.7361787551695,41.8576147572375],[-83.7326002264037,41.8576845412062],[-83.7294896300694,41.8577451581894],[-83.7262279371042,41.8578087872594],[-83.7227941269307,41.857875692689],[-83.7192217067088,41.8579453432288],[-83.7156269184364,41.8580154607007],[-83.7123172554351,41.8580799592865],[-83.7088786841905,41.8581469326769],[-83.7057995288911,41.8581566341112],[-83.7027793030744,41.8581661348248],[-83.6998450460304,41.8581753679114],[-83.696792750358,41.8581849361977],[-83.6936383162378,41.8581949708201],[-83.690371413044,41.8586903452149],[-83.6873888266377,41.8587502921865],[-83.6844169301832,41.8587942492935],[-83.6815093531031,41.8588421538081],[-83.6785214666366,41.8597970920412],[-83.6754744710244,41.860731944894],[-83.6731462165727,41.8607878757308],[-83.6708395225862,41.8608438747603],[-83.6678086077159,41.8609197427595],[-83.6647885615622,41.8609796889793],[-83.6618327449513,41.861051543282],[-83.6589305577629,41.8610795758046],[-83.6556850335746,41.8611114887092],[-83.6524557706895,41.8611274792762],[-83.649263876822,41.8611594577221],[-83.6455677585855,41.8613472556701],[-83.6392270001525,41.8616228289475],[-83.639237779936,41.863460689689],[-83.639264639563,41.8653383687072],[-83.6393397387207,41.8678311747343],[-83.6393289589373,41.870227959252],[-83.6388354254185,41.8724489951056],[-83.6388731537621,41.8748780462913],[-83.6389163627273,41.8776626391609],[-83.6391757566555,41.8802684502767],[-83.6389997263857,41.8830305518194],[-83.6390313470837,41.8850711749407],[-83.6390607219935,41.886963333899],[-83.6361536839025,41.8870187743213],[-83.6327206822127,41.8870841792449],[-83.6291058624077,41.8871530623274],[-83.6256292016968,41.8872193358331],[-83.6225163595743,41.8872786548391],[-83.6189826567412,41.8873459320217],[-83.6153771794151,41.8874146797328],[-83.615033271985,41.8873952930984],[-83.6148668959096,41.8883021177046],[-83.6151966126531,41.8881936351708]]},"properties":{"ID":"167952","STATUS":"IN SERVICE","OWNER":"CONSUMERS ENERGY CO","VOLTAGE":345,"VOLT_CLASS":"345","INFERRED":"N","SUB_1":"TAP137284","SUB_2":"MOROCCO"}},{"type":"Feature","geometry":{"type":"LineString","coordinates":[[-84.0288144047566,40.8010962871185],[-84.028554884166,40.8020451308907],[-84.0284942748338,40.8026442510691],[-84.0284229710581,40.8050271850838],[-84.0283659280375,40.8067380948929],[-84.0282060890024,40.81067868807],[-84.0274366011132,40.8136671000944],[-84.0267978360641,40.8162941228285],[-84.0261561011847,40.8188663318098],[-84.0253658163984,40.8220634657684],[-84.0245577054435,40.8252874239864],[-84.0230187287667,40.8314426347484],[-84.0206716411351,40.8333398901087],[-84.0148511752366,40.8380955901151],[-84.0087460610723,40.8430590961527],[-84.0026258076006,40.8480709879763],[-83.9936118039176,40.855563396259],[-83.9835056617498,40.8639483162934],[-83.9766129496602,40.8696137599712],[-83.9640889784305,40.8800799332963],[-83.9574566268563,40.8855687889478],[-83.9506589340659,40.8911959958819],[-83.9410560631546,40.8990188258755],[-83.9348098398289,40.9042070209352],[-83.9274702904456,40.9113562921891],[-83.922212814007,40.916478861287],[-83.9198360172923,40.9184257646631],[-83.9146545994122,40.9226785801049],[-83.9018669861214,40.9331762917831],[-83.895651221972,40.9382267126927],[-83.8791684453538,40.9516173088577],[-83.8715591803997,40.9577982721207],[-83.865638204699,40.9626073498553],[-83.8562206265864,40.9702556597515],[-83.8428793869758,40.9810891648285],[-83.8349001005663,40.987567528149],[-83.8261306578295,40.9928520498849],[-83.8154729545689,40.9992737321797],[-83.8078728488374,41.0038528842089],[-83.8002842559147,41.0084245332278],[-83.79322340795,41.0126780790448],[-83.782321348559,41.0192451931285],[-83.7712982124374,41.0258843529114],[-83.7608239451578,41.0321924289561],[-83.7464629155788,41.0407069122368],[-83.7387906149429,41.0453175317276],[-83.7290172240278,41.0518492881327],[-83.7223122391713,41.0566192709857],[-83.7127074431703,41.0632768548416],[-83.7094419215855,41.0654412918041],[-83.7034428858798,41.0687456746916],[-83.6960367848087,41.0728382917365],[-83.6920242233353,41.0751613853318],[-83.6863269281403,41.0791407922046],[-83.6767561872718,41.0859983629793],[-83.6701209610887,41.0907322807089],[-83.6606954778016,41.097456363982],[-83.6474316729685,41.10241595081],[-83.6258618896099,41.1104806818336],[-83.6089384138864,41.1168073640661],[-83.5967017427491,41.1213816573004],[-83.579605724914,41.1277265876934],[-83.5648680541943,41.1330352472259],[-83.5591208872297,41.1351052432105],[-83.5397860179749,41.1420689998092],[-83.5368222656468,41.143218625302],[-83.5271130485789,41.1430843827926],[-83.5029172533879,41.1427353539588],[-83.4889060331705,41.1425295152584],[-83.4712583132069,41.1422968262538],[-83.4625592346081,41.1421625832105],[-83.4617289406556,41.1405235947278],[-83.4614627392941,41.1394138089265],[-83.4607471736782,41.139117256249]]},"properties":{"ID":"106249","STATUS":"IN SERVICE","OWNER":"AMERICAN ELECTRIC POWER CO., INC","VOLTAGE":345,"VOLT_CLASS":"345","INFERRED":"N","SUB_1":"FOSTORIA CENTRAL SUBSTATION","SUB_2":"EAST LIMA SUBSTATION"}},{"type":"Feature","geometry":{"type":"LineString","coordinates":[[-83.260987451984,41.9636183761181],[-83.2615085997146,41.9638214342683],[-83.2620755255921,41.963686172676],[-83.2648087405739,41.9618126531971],[-83.2673235742118,41.9616785897048],[-83.2706558747582,41.961574985886],[-83.2732340396236,41.963762386774],[-83.2782873325914,41.9679782670538],[-83.280620886205,41.9698926807329],[-83.2831045483025,41.9718429678252],[-83.2858940867543,41.9718310796727],[-83.2883724487916,41.9717951487203],[-83.2912424762929,41.971743254876],[-83.297234418901,41.9716316529133],[-83.3035698772738,41.9715318721778],[-83.3101788726506,41.9714521937421],[-83.3161601253068,41.9713763902383],[-83.3220234291663,41.9713125410158],[-83.3252581726729,41.9713125410158],[-83.3269157440351,41.9737054412342],[-83.3286434738211,41.9762100447045],[-83.3302524463264,41.9785708392781],[-83.3303814444013,41.9814740471686],[-83.3304503272172,41.9842496572535],[-83.3281127024388,41.9863194590587],[-83.3262097814095,41.9884010312289],[-83.3256340403642,41.9907085700435],[-83.3250673202009,41.9929817906964],[-83.3235472180265,41.9945572803113],[-83.3215813403672,41.996499784751],[-83.3197412016948,41.9983816182828],[-83.3179118059749,42.0002234891542],[-83.3158253258954,42.0023798733334],[-83.3136099402676,42.0045044019517],[-83.3116463155829,42.0064939078958],[-83.3096444460234,42.0085237907873],[-83.3076958214074,42.0107972548173],[-83.305952584903,42.0128817788154],[-83.304099870715,42.015083876075],[-83.3022875627484,42.0172293919008],[-83.2986094692081,42.021652631704],[-83.2920611613169,42.0297818050452],[-83.2902506697439,42.0320704662682],[-83.2885769790121,42.0341263451226],[-83.2872103504108,42.0358949671814],[-83.2857245602871,42.0376666150694],[-83.283699328242,42.0396044600572],[-83.2817533042488,42.0412288597247],[-83.2795597602588,42.0429774290839],[-83.2773226704354,42.0447463111518],[-83.2750154401546,42.0466111508462],[-83.2728751231418,42.0484275919187],[-83.2705525909584,42.0502796202436],[-83.268087887805,42.0522820592824],[-83.2655725807549,42.0541478350295],[-83.263005640339,42.0560559972201],[-83.2607031181286,42.0582596877838],[-83.2587719702365,42.0605360927345],[-83.2571527012413,42.062763180099],[-83.2554681543693,42.0646988171004],[-83.2536646166549,42.0669382156944],[-83.2523234508003,42.0688458208427],[-83.2510960161523,42.0703937432252],[-83.2498194113189,42.0718986757712],[-83.2483332376145,42.0736829971338],[-83.2469598707503,42.0753873319725],[-83.2454901128594,42.0771908408577],[-83.2441274799645,42.0788315261838],[-83.2426079652884,42.0807538506863],[-83.2440397981046,42.0830870151844],[-83.2437939471776,42.085415299782],[-83.2435525797422,42.0875490887757],[-83.2432842529669,42.0899256892748],[-83.243026800298,42.0922106978975],[-83.2427211000136,42.0948459088971],[-83.2424419503356,42.0973628108158],[-83.242399079137,42.0997323129875],[-83.2423668278217,42.1021842100351],[-83.2423454470196,42.1044926830258],[-83.2423293680744,42.1067770581918],[-83.2422756533119,42.1093079660913],[-83.2422273203564,42.1115566229534],[-83.2422057715694,42.1141716950337],[-83.2446414169183,42.1151174000887],[-83.2474584150717,42.11578621078],[-83.2487860936206,42.1160473083086]]},"properties":{"ID":"122041","STATUS":"IN SERVICE","OWNER":"NOT AVAILABLE","VOLTAGE":345,"VOLT_CLASS":"345","INFERRED":"N","SUB_1":"UNKNOWN128955","SUB_2":"BROWNSTOWN"}},{"type":"Feature","geometry":{"type":"LineString","coordinates":[[-83.2487860936206,42.1160473083086],[-83.2478434563587,42.1158179462756],[-83.24465941736,42.1150867817442],[-83.2422508544202,42.1141515917011],[-83.242272234324,42.1115569901435],[-83.242320562788,42.1093084939041],[-83.2423742820419,42.1067774067488],[-83.2423903618855,42.1044928849695],[-83.2424117417893,42.1021844873013],[-83.2424439922063,42.099732698909],[-83.242486840947,42.0973644032179],[-83.2427658576743,42.0948487052103],[-83.2430715552638,42.092213516325],[-83.2433290124242,42.089928469139],[-83.2435973391996,42.0875518747441],[-83.2438387156181,42.0854179958421],[-83.2440854828266,42.0830810341647],[-83.2426585089978,42.0807557882051],[-83.2441659718761,42.0788487096805],[-83.2455284466675,42.077208216161],[-83.2469983599669,42.0754045170687],[-83.2483716154401,42.07370032072],[-83.2498575178532,42.071916325921],[-83.2511343831981,42.0704110870475],[-83.2523627404159,42.0688620020921],[-83.2537038353036,42.0669544987951],[-83.2555692363984,42.0647313457662],[-83.2572686458967,42.06282123875],[-83.258890810162,42.0605802083241],[-83.2607981904284,42.0583126282521],[-83.263073973386,42.0560979101879],[-83.2656141754475,42.0541853369882],[-83.268120716737,42.052304824331],[-83.2705856040451,42.0503022359237],[-83.2729084677068,42.0484499440984],[-83.2750488844326,42.0466334202789],[-83.2773555784192,42.0447690128574],[-83.2795925622414,42.0430002161467],[-83.2817865176598,42.0412513191791],[-83.283733886431,42.0396257979184],[-83.2857616526235,42.0376855270373],[-83.287276900302,42.0359311561886],[-83.2886958476838,42.0341728857174],[-83.2903928811382,42.032091497059],[-83.2986807729838,42.0217011888224],[-83.3023648088797,42.0172602930683],[-83.304171175389,42.0150927060421],[-83.3059977441107,42.0128941398622],[-83.30773426481,42.0108145301459],[-83.3096815428514,42.0085426386693],[-83.3116825401468,42.0065136408299],[-83.3136458082002,42.0045244973046],[-83.3158613231854,42.0023998438574],[-83.3179481095904,42.0002431439241],[-83.319777438835,41.9984013410487],[-83.3216174580315,41.9965196309412],[-83.3235834210308,41.9945770423176],[-83.3251096586985,41.9929951938085],[-83.3256782033401,41.9907146552406],[-83.3262522259084,41.9884140033037],[-83.3281485703715,41.9863396262588],[-83.330484728201,41.98427112387],[-83.3328529442082,41.9826130708575],[-83.3350622599196,41.9807361687773],[-83.3369727070343,41.978488434323],[-83.3384209933933,41.976749796936],[-83.3398866190338,41.9750065547389],[-83.3412097736669,41.9736110199457],[-83.34301230437,41.9714172951156],[-83.3446621268646,41.9694658742564],[-83.346311595423,41.9675164708442],[-83.3475345905969,41.966064602707],[-83.3492564903166,41.9640065618355],[-83.3512681443262,41.9615813430639],[-83.3532047746366,41.9592517298796],[-83.355090398605,41.9569967640104],[-83.3570616966988,41.9546521377307],[-83.3589068497671,41.9524223112055],[-83.3606945367084,41.9501892118137],[-83.3611973049083,41.9484033042723],[-83.3616901080967,41.9466304488845],[-83.361823677698,41.944468850958],[-83.3605978474411,41.9417535019712],[-83.3596752066774,41.9397382593201],[-83.358553935828,41.937172291251],[-83.3573898189328,41.9345266390027],[-83.3563721912092,41.9322075749775],[-83.3570068797035,41.9299082848949],[-83.3576948993797,41.9275713887934],[-83.3586768801561,41.9253276502214],[-83.3595776613156,41.9227983349253],[-83.3602414255808,41.9208111921136],[-83.3608436426725,41.9189984799803],[-83.3617234508652,41.9165155638397],[-83.3625574368935,41.9140005696941],[-83.3603312032103,41.9120421518009],[-83.357344499825,41.9105447957706],[-83.3541925998522,41.9096251129994],[-83.3481594497254,41.9079747017306],[-83.3457869766021,41.9042156288763],[-83.3449476348181,41.9018808159119],[-83.3463569154291,41.8994589887703],[-83.347836605992,41.8971027158588],[-83.3476583964093,41.8946513597084],[-83.3463608320837,41.8935697928147]]},"properties":{"ID":"121365","STATUS":"IN SERVICE","OWNER":"NOT AVAILABLE","VOLTAGE":345,"VOLT_CLASS":"345","INFERRED":"N","SUB_1":"MONROE (MI)","SUB_2":"BROWNSTOWN"}},{"type":"Feature","geometry":{"type":"LineString","coordinates":[[-82.730106000058,41.3747560001385],[-82.7308095129778,41.3742196937168],[-82.7316991181969,41.3742220557753],[-82.7255395122275,41.3665529179922],[-82.7181441469224,41.3573396452271],[-82.7146320629449,41.3530470981421],[-82.7095590519566,41.3501917442539],[-82.69665285476,41.3462513568704],[-82.6828900528546,41.3419492906897],[-82.6655580592724,41.3365431560971],[-82.6513384002647,41.3320888047584],[-82.6411638253369,41.3340875518299],[-82.6352817969936,41.3352772828878],[-82.6296091623499,41.3363908700642],[-82.619491694223,41.3365812272125],[-82.609069654994,41.3367620660555],[-82.6024452346455,41.3368667632408],[-82.588130398235,41.3371142272358],[-82.5854368483646,41.3371903687767],[-82.5743771130817,41.3367525489797],[-82.5553794956391,41.3361529238582],[-82.5404459993739,41.3357531747575],[-82.5340690442249,41.3355342647809],[-82.5250461265594,41.3357341389606],[-82.5132915902183,41.335972084673],[-82.4941321700233,41.3363147282632],[-82.4885451960301,41.336428941943],[-82.4765717483391,41.3364479782113],[-82.4628946061859,41.3364860487078],[-82.4489509653289,41.3365812272125],[-82.4374629267933,41.3366668878152],[-82.4339318066166,41.3367049588582],[-82.4230243573339,41.3373236189569],[-82.4192552914048,41.3375710832397],[-82.4140775835668,41.337856618301],[-82.4016663149727,41.3394936879033],[-82.3887220480727,41.3410736500845],[-82.3772815986875,41.3420825412501],[-82.3661647566037,41.343015290237],[-82.3628525468786,41.343281790095],[-82.3473384622588,41.3453757147659],[-82.3438930018343,41.3449950007411],[-82.3407330781094,41.345109216059],[-82.3359741558738,41.3467843559834],[-82.3172811104316,41.3493922453271],[-82.3112658331856,41.3522285628455],[-82.2998634561988,41.3578250550686],[-82.2862719737979,41.3643923679046],[-82.2829597649711,41.3660294371218],[-82.2797998412462,41.3675142202221],[-82.2707007823772,41.3745764613265],[-82.2701677822747,41.3770130288673],[-82.2697109260706,41.3823430210453],[-82.2692350336674,41.3848747681446],[-82.2687948331271,41.3872708851782],[-82.2680514655514,41.3900899029793],[-82.2678444532857,41.3957934713031],[-82.2676659930731,41.4017040520577],[-82.2672733816832,41.4139178257736],[-82.262176577018,41.4193429971461],[-82.2621051932923,41.4264314108561],[-82.2619237479779,41.4277575953144]]},"properties":{"ID":"159643","STATUS":"IN SERVICE","OWNER":"NOT AVAILABLE","VOLTAGE":345,"VOLT_CLASS":"345","INFERRED":"N","SUB_1":"BEAVER","SUB_2":"UNKNOWN158972"}},{"type":"Feature","geometry":{"type":"LineString","coordinates":[[-83.9184835102073,41.4752263470029],[-83.9188391128041,41.4745308028201],[-83.9197839805829,41.4745091019224],[-83.9222861623483,41.4748292638002],[-83.9237611978414,41.4752609689778],[-83.9239545161889,41.4780972300195],[-83.9239898002166,41.4842075430264],[-83.9240771461067,41.4895843501652],[-83.9241381812403,41.4923955151621],[-83.9242879196184,41.5037708060826],[-83.9244233702919,41.509616717315],[-83.9240955157559,41.5125040818805],[-83.9237460154148,41.5155377159097],[-83.9237032241663,41.5213634150392],[-83.9236818532457,41.5315180480387],[-83.9184201690983,41.5359776677297],[-83.9137143112448,41.5398804112001],[-83.91153900575,41.5418834992059],[-83.9114674738022,41.5445925452082],[-83.9114460822204,41.5474958049933],[-83.911403299955,41.5534723209605],[-83.9113248635559,41.5629696306855],[-83.9113034728724,41.571308000705],[-83.911296342944,41.5772661587279],[-83.9112464289535,41.5797197877938],[-83.9112820821888,41.5884186710716],[-83.9111893868313,41.5973828783323],[-83.9111928516333,41.6003823297476],[-83.9111085932529,41.6021568603343],[-83.9112036475864,41.6097260467946],[-83.9111893949161,41.6127845426765],[-83.9106688104292,41.6157968907177],[-83.9107758348138,41.6186826500958],[-83.9108756574048,41.6218914310538],[-83.9110182649562,41.6281009642141],[-83.9111323608787,41.6312137268968],[-83.9113835244423,41.6405408859979],[-83.9114794492433,41.6436203682096],[-83.9098661702144,41.6465599811674],[-83.9066843859871,41.6524293560737],[-83.9017710011332,41.6614095917086],[-83.8967918569057,41.6706261901366],[-83.8954022089752,41.6731235609374],[-83.893806665385,41.6760875529952],[-83.8938612892425,41.6791614270357],[-83.8940487757271,41.6854818731567],[-83.8943227960248,41.6946943060045],[-83.8948307690634,41.7126016717085],[-83.895028826024,41.717207898136],[-83.8950988416156,41.7196982758762],[-83.8919376638425,41.7197450507066],[-83.8881846346378,41.7198022210895],[-83.8844420501449,41.7198411998307],[-83.8809402446909,41.7198647702472],[-83.8776631042962,41.7200200760973],[-83.8706100599963,41.7203672311625],[-83.863483578422,41.7206846932467],[-83.859762752922,41.7208765399757],[-83.8559899086787,41.7209678960301],[-83.851773382025,41.7210249929114],[-83.8443684496621,41.7211757292122],[-83.8363882586491,41.7213515872242],[-83.819430354094,41.7217695341213],[-83.8068083110898,41.7221623558916],[-83.7983048792715,41.7224135781931],[-83.7857222471555,41.7226958601635],[-83.7819926100808,41.7220824219265],[-83.7810777029134,41.7217603987027],[-83.7800067422114,41.7218060757826],[-83.7789158254354,41.7222251810031]]},"properties":{"ID":"103603","STATUS":"IN SERVICE","OWNER":"AMERICAN TRANSMISSION SYSTEMS, INC.","VOLTAGE":345,"VOLT_CLASS":"345","INFERRED":"Y","SUB_1":"UNKNOWN113650","SUB_2":"ALLEN JUNCTION"}},{"type":"Feature","geometry":{"type":"LineString","coordinates":[[-83.4418515698175,41.6678885710809],[-83.4415660349146,41.6680694097584],[-83.4415945878659,41.6685833731798],[-83.4423179445703,41.6687642119187]]},"properties":{"ID":"179683","STATUS":"IN SERVICE","OWNER":"NOT AVAILABLE","VOLTAGE":345,"VOLT_CLASS":"345","INFERRED":"Y","SUB_1":"UNKNOWN177214","SUB_2":"UNKNOWN177246"}},{"type":"Feature","geometry":{"type":"LineString","coordinates":[[-83.3487492278454,41.8928114019869],[-83.3480056159279,41.8946060731742],[-83.3482317775805,41.8970463460619],[-83.3467481200572,41.8995443342522],[-83.3453471084384,41.9018757418551],[-83.3462023036906,41.904175975248],[-83.3472622258943,41.905804287677],[-83.3484236577251,41.9076308497873],[-83.3514289724065,41.9085051689549],[-83.3544423701288,41.9093690471071],[-83.3575318560539,41.9102546397732],[-83.3605810076228,41.9118112680804],[-83.3630178665957,41.9138958930213],[-83.3621237742917,41.9165717660468],[-83.3612749561798,41.9190251422099],[-83.3606459558178,41.9208712439091],[-83.359971410871,41.9228758337603],[-83.3592739588844,41.9248595757904],[-83.3584169661033,41.9273659661913],[-83.3575453307832,41.9299602749616],[-83.3568120360167,41.9322299579803],[-83.357769370615,41.9344287909273],[-83.3589213701354,41.9370504781975],[-83.3600571999806,41.9396293576711],[-83.3610201041337,41.9416354301797],[-83.3623519463739,41.9443956652789],[-83.3620957468549,41.9468075479602],[-83.3617148611744,41.9484553507512],[-83.3610657394484,41.9502268432408],[-83.3593157314434,41.9524938682529],[-83.3574407668841,41.9547669567175],[-83.3555365181448,41.9570447759272],[-83.3536601171793,41.9592936552381],[-83.3517800331212,41.9615475318477],[-83.3497817307717,41.9639349869883],[-83.3477942082056,41.9663151390097],[-83.3466822744452,41.9676293477249],[-83.3449939798019,41.9696335372877],[-83.3433068538668,41.9716426728645],[-83.3430490373803,41.9739912808295],[-83.3451872074195,41.9754342911167],[-83.3476947215845,41.9772077109674],[-83.3516288466589,41.9770927728081],[-83.3553483210928,41.9770123680632],[-83.3592071242273,41.9770065580336],[-83.3621843207419,41.9769806472985],[-83.365517250109,41.9769260857299],[-83.3677946590173,41.9768657821898],[-83.3702768838104,41.9768168302237],[-83.372646998856,41.9767679456701],[-83.374580263179,41.9787627662739],[-83.3765560178149,41.9807747517824],[-83.3786091173967,41.9828758869157],[-83.3806274521771,41.9849451678085],[-83.3835350292572,41.9848704487435],[-83.3871309853395,41.9848359941699],[-83.3904754131423,41.9847870483306],[-83.3937155474389,41.9847296902843],[-83.3969595426946,41.9846634499197],[-83.4000488489567,41.9845973437019],[-83.4034242686368,41.9845456612788],[-83.4067378842253,41.984482492332],[-83.4097432321443,41.9843849613209],[-83.4127939997824,41.9856064489787]]},"properties":{"ID":"148726","STATUS":"IN SERVICE","OWNER":"CONSUMERS ENERGY CO","VOLTAGE":345,"VOLT_CLASS":"345","INFERRED":"Y","SUB_1":"UNKNOWN128355","SUB_2":"TAP137300"}},{"type":"Feature","geometry":{"type":"LineString","coordinates":[[-83.7789158254354,41.7222251810031],[-83.779388977977,41.7232596298955],[-83.7771681629316,41.723475856675],[-83.7772646419931,41.7263821518406],[-83.7774685595626,41.7292727606675],[-83.7781980814049,41.7316026657973],[-83.7783590604021,41.7346931422041],[-83.7784662294155,41.737639349125],[-83.778584356977,41.7405534492501],[-83.7787130855573,41.7435314929043],[-83.7788739738246,41.7464452579561],[-83.7790241721402,41.7497431831287],[-83.7791422107685,41.7530328299114],[-83.7793138788193,41.7559942792535],[-83.7794426073995,41.7590274937767],[-83.779592805715,41.7621406381142],[-83.7797001543915,41.7651816702412],[-83.7798181031883,41.7682305299506],[-83.7800005510225,41.7714152497227],[-83.7800863401321,41.7747118918938],[-83.7801829090251,41.77766423492],[-83.7803223275572,41.780664539048],[-83.7804189862818,41.7834406398738],[-83.7805584048139,41.7865926537241],[-83.7806764434422,41.7895924737956],[-83.7808159518058,41.7926401738759],[-83.7804940854396,41.7953117491895],[-83.7805476250305,41.7982551737863],[-83.7807086031294,41.8013664813328],[-83.7808802711802,41.8039737431754],[-83.7810197804422,41.8069327727007],[-83.7811270383888,41.8096517611827],[-83.7812665467524,41.8125065487096],[-83.7814274350198,41.8153612779678],[-83.7815883232872,41.8184797892862],[-83.7817707711214,41.8211662858715],[-83.7818994997016,41.8240205621993],[-83.782006848378,41.8269786657099],[-83.7794104477123,41.8288973778172],[-83.7767604176242,41.8308320312288],[-83.7741962655789,41.8327026361873],[-83.7715676162928,41.8345652892784],[-83.7696951355752,41.8359458290246],[-83.7701942943443,41.8368498229649],[-83.7703317051417,41.8390846271212],[-83.7702770004359,41.8399219999291]]},"properties":{"ID":"174878","STATUS":"IN SERVICE","OWNER":"CONSUMERS ENERGY CO","VOLTAGE":345,"VOLT_CLASS":"345","INFERRED":"N","SUB_1":"ALLEN JUNCTION","SUB_2":"MOROCCO"}},{"type":"Feature","geometry":{"type":"LineString","coordinates":[[-83.2197407119273,41.5630528373267],[-83.2198388322108,41.5634164629306],[-83.2170817471953,41.5644052298298],[-83.2091147227894,41.5674070058161],[-83.1978582106452,41.5714257517111],[-83.1863925410585,41.5755580436745],[-83.1746891907223,41.5796758470202],[-83.1592400093818,41.5852440648813],[-83.1445514010496,41.5904989422218],[-83.1337355475865,41.5942976166905],[-83.1296106158542,41.594326946234],[-83.1210612756334,41.594386492751],[-83.1131417882757,41.5944895890159],[-83.1059793094113,41.5945189178003],[-83.0995191738603,41.5945811312452],[-83.0964816267282,41.5945491360546],[-83.0935439057805,41.5958022721871],[-83.0914083534319,41.5968207598749],[-83.0905812278374,41.5968554202787],[-83.0895538291386,41.5969836791964]]},"properties":{"ID":"107264","STATUS":"IN SERVICE","OWNER":"AMERICAN TRANSMISSION SYSTEMS, INC.","VOLTAGE":345,"VOLT_CLASS":"345","INFERRED":"N","SUB_1":"UNKNOWN113830","SUB_2":"DAVIS-BESSE"}},{"type":"Feature","geometry":{"type":"LineString","coordinates":[[-83.6531963525896,42.1112608789449],[-83.6535392539066,42.1114377751959],[-83.6545014537804,42.1118732120172],[-83.6558384020447,42.1135482262037],[-83.6568604252249,42.1148970207124],[-83.6574486815989,42.1155625918655],[-83.65746056631,42.1173917750269],[-83.6574174435832,42.1209965631115],[-83.6632718352567,42.1208075767031],[-83.6692138288401,42.1206136530291],[-83.6717985963228,42.1203844681048],[-83.6744249567016,42.1201949501497],[-83.6836053355617,42.1202478389538],[-83.6869447363922,42.1203227647397],[-83.6902900777816,42.1202698759981],[-83.6935700586492,42.1202037648423],[-83.7057273771058,42.1199878008532],[-83.715478187968,42.1197453931986],[-83.7163991973912,42.1197277630181],[-83.7249378413719,42.119463315719],[-83.7375645762768,42.1190578278502],[-83.7467342597952,42.1189679148351],[-83.7591981849364,42.118835689738],[-83.7657224943347,42.1187034650313],[-83.7717476746083,42.1195497018515],[-83.7823576979886,42.1191160069095],[-83.7907786914132,42.1188568457187],[-83.7961050928886,42.1187299097282],[-83.8033638316256,42.1186188401946],[-83.8065867685744,42.1185659500308],[-83.8151503704486,42.1183438101943],[-83.8268727336278,42.1180899359035],[-83.8407983893145,42.1177937472791],[-83.854075179295,42.117529291909],[-83.8670810131313,42.1175451588892],[-83.8745893164306,42.1174869790539],[-83.8790315501893,42.1176139182006],[-83.8800511964272,42.1176244957295],[-83.8833026548863,42.1175345806807],[-83.8862403758341,42.1173388831726],[-83.8902262654285,42.1170585588061],[-83.8985331719137,42.1165084840685],[-83.9017489789341,42.1163815427076],[-83.9075103347885,42.1164820377782],[-83.9107190109822,42.1165349296814],[-83.9142556863406,42.1164503032816],[-83.927061869605,42.1162598913032],[-83.9400819650948,42.1158050168535],[-83.9401889212075,42.1197771260452],[-83.9404028334328,42.1254994877011],[-83.9406880476372,42.1312530609691],[-83.9409518729547,42.1369426612106],[-83.9410374383838,42.139433021787],[-83.9410588290674,42.1414104370221],[-83.9411016113328,42.1427163417577],[-83.941130132843,42.1435093891557],[-83.9393118834192,42.1484313451052],[-83.9373367638922,42.1539608202651],[-83.9369018104114,42.1552928968872],[-83.9371656348306,42.1597118079197],[-83.9374365900764,42.1645849371523],[-83.9376576322302,42.1695316777832],[-83.9379143258226,42.1757568352327],[-83.9380997156394,42.1812627869751],[-83.9382993671096,42.1869426097095],[-83.9384847569264,42.1901600693081],[-83.9381353679764,42.1920143917794],[-83.9374508499333,42.1956383542778],[-83.9375720668011,42.1982954410226],[-83.9378002397816,42.2033610312004],[-83.9379143258226,42.2059702581167],[-83.9380640642007,42.2097201741311],[-83.9382993671096,42.2153974390898],[-83.938477626998,42.2200867387086],[-83.9385204092634,42.221142839939],[-83.9386772775699,42.2248865747166],[-83.9387343205904,42.2268613178692],[-83.9388555383565,42.2296015687016],[-83.9389482328157,42.232632074073],[-83.9391621441428,42.2383495112978],[-83.9403743110242,42.2404980359009],[-83.9404883970653,42.2440347600162],[-83.9407236999742,42.2479618749465],[-83.9472836608112,42.2477876929346],[-83.9490092157759,42.2477507457174],[-83.9490733887248,42.2506853747251],[-83.9492659102666,42.2546648527745],[-83.9493372140423,42.2564539518347],[-83.9496010375631,42.2621270150395],[-83.9499147750744,42.2680211830205],[-83.9502712948511,42.2752549001155],[-83.9505351192703,42.2809790260669],[-83.9508060736179,42.2867448310744],[-83.951176855048,42.2924890111665],[-83.9513479841096,42.2952053137491],[-83.9506991184035,42.2978845820043],[-83.9501786003919,42.3000996380115],[-83.9495939076347,42.3025202899743],[-83.9492445186848,42.3038281412411],[-83.9490306073577,42.3049461213135],[-83.9484245230187,42.3073929521067],[-83.9479182657622,42.3095654899132],[-83.9473050523931,42.3122283276744],[-83.9474405291177,42.3152654080424],[-83.9476330497612,42.3184710550669],[-83.9476473114147,42.3209700810706],[-83.9478327012314,42.3258413157015],[-83.9480466125584,42.3281344607983],[-83.9482747846406,42.3300110879126],[-83.9483746108249,42.3319983539999],[-83.9484815669375,42.3343123592121],[-83.9486170436622,42.3365050502284],[-83.9487810427954,42.3381706012587],[-83.9489593026837,42.3412538620295],[-83.9490306073577,42.3435938780069],[-83.9492873009502,42.3484475509822],[-83.9495582561961,42.3527264829098],[-83.9496509506553,42.3540490977349],[-83.9497650366964,42.3554138397107],[-83.949871992809,42.3578165567016],[-83.9501072957179,42.3627586978957],[-83.9566672556566,42.3626217137576],[-83.9643591117179,42.3625520812343],[-83.9645658931166,42.3681312989938],[-83.9646871099844,42.3703333470911],[-83.9661791990949,42.3721466406794],[-83.9676623212222,42.3738323187169],[-83.9701722186176,42.3767505409343],[-83.9757125332167,42.3768400872736],[-83.9805683297726,42.3768295517922],[-83.9808458849408,42.377934826705]]},"properties":{"ID":"106628","STATUS":"IN SERVICE","OWNER":"NOT AVAILABLE","VOLTAGE":345,"VOLT_CLASS":"345","INFERRED":"N","SUB_1":"MILAN","SUB_2":"MAJESTIC"}},{"type":"Feature","geometry":{"type":"LineString","coordinates":[[-83.3965803656098,41.8828745102714],[-83.3966650219439,41.8831219852987],[-83.3993270346596,41.8826043911073],[-83.4015968761599,41.8821973910492],[-83.4039499052489,41.8817505716996],[-83.406528730376,41.8812595113057],[-83.4090362517275,41.8807905659373],[-83.4125539124463,41.8801490801954],[-83.4133976748398,41.8790519010271],[-83.4140810044118,41.8781493689354],[-83.4159051961913,41.8760743819437],[-83.4176580841951,41.8740789692762],[-83.419511985956,41.8720348217636],[-83.4218543888734,41.8730917100003],[-83.4247273826117,41.8744535930756],[-83.4274876171206,41.875762113995],[-83.4292151178361,41.8763840089912],[-83.431045393905,41.8771052480406],[-83.4330663535627,41.8786666922116],[-83.4350740657648,41.8796403100016],[-83.4393760689143,41.8815116776722],[-83.4437731443637,41.883285667299],[-83.4458468989088,41.8840952268935],[-83.4655446066901,41.8835422497732],[-83.4721580451343,41.8833476009556],[-83.4787858296735,41.8830952037404],[-83.4821247768548,41.8830004342265],[-83.4852690159948,41.8829111942547],[-83.4885207843726,41.8828601516797],[-83.4915354397363,41.8828128677557],[-83.4944312237334,41.8827674049579],[-83.4975523941369,41.8826659127698],[-83.500717518209,41.8825629169379],[-83.5036674068373,41.8824670089888],[-83.506488383629,41.8823752488612],[-83.5090742758025,41.8822911117196],[-83.5112555874333,41.8822201701406],[-83.5140280983189,41.882197152283],[-83.5170200936795,41.8822460538508],[-83.5198722509948,41.8822770211904],[-83.5223366226699,41.8822412999328],[-83.5251846432433,41.8822797559625],[-83.5275732626855,41.8823119926903],[-83.5303828138052,41.8823499209855],[-83.5324543890375,41.8838306779394],[-83.53428829969,41.8851416378503],[-83.5361656870056,41.886483534157],[-83.5378841641442,41.8877117808904],[-83.5400677233598,41.8892724583141],[-83.5433171462364,41.8890593228938],[-83.546506615551,41.8888501410409],[-83.5498452052027,41.8886312596883],[-83.55296959427,41.8884263356874],[-83.5559766777341,41.8883983499314],[-83.5589349242878,41.8883708650555],[-83.5620436332617,41.8883421088768],[-83.5651811790545,41.8883129507673],[-83.5681776004146,41.8882851976863],[-83.5705880462232,41.8882627952567],[-83.5731172645837,41.8882392633013],[-83.5760242263179,41.8881738769477],[-83.5790655239162,41.888105394879],[-83.5822040219233,41.888037515951],[-83.5851734911298,41.8879733157575],[-83.5883106425622,41.8879053631263],[-83.5911354039563,41.8877159779972],[-83.5968971110521,41.8876781030441],[-83.5998124055588,41.8876524937181],[-83.602816833603,41.8876099722097],[-83.6057541197661,41.8875453817014],[-83.6089561717829,41.8874748940238],[-83.6095673019589,41.8874615202086],[-83.6102101184099,41.8874464778397],[-83.6113992120633,41.8874165402181],[-83.6138404188822,41.8873227702212],[-83.6152408250365,41.8881590841904],[-83.6163016680134,41.8901998089958],[-83.6164286179293,41.8924895737706],[-83.6166353948364,41.8947088871014],[-83.6166772707016,41.8969737532339],[-83.6167280901939,41.8994431562288],[-83.6168100902097,41.9016642137036],[-83.6169027846689,41.903662303759],[-83.6169598276894,41.9057983066883],[-83.617056087562,41.9079660781948],[-83.6171345221644,41.9101258146844],[-83.6174268680939,41.9125507902866],[-83.6175908672271,41.9150419979466],[-83.6177513009469,41.9174773969802],[-83.6179874365941,41.9247972967404],[-83.6180522060244,41.9275682181994],[-83.6181058354468,41.9298601750154],[-83.6181617995907,41.9322549646764],[-83.6182194570589,41.9347197211274],[-83.6183346785705,41.9370536810639],[-83.618345672153,41.93938089884],[-83.6186737359964,41.9460278103125],[-83.6188172948637,41.9484954051311],[-83.6187923378684,41.9508526343289],[-83.6205428498283,41.9520166326904],[-83.6223966824189,41.9532659081609],[-83.624111611212,41.9543896401111],[-83.6260582083304,41.9556993957913],[-83.6282866321063,41.9571329636855],[-83.6320265135685,41.9618866398253],[-83.6344471139331,41.9648854901284],[-83.6344930798279,41.9691093082473],[-83.6345479668917,41.9713156192711],[-83.6346107079261,41.9738332650492],[-83.6346039822396,41.9749369797457],[-83.6347537206177,41.9775211649922],[-83.6348464159752,41.9791246319751],[-83.634911127015,41.9811056279041],[-83.635076399061,41.9844004489304],[-83.6351679382867,41.9862270990365],[-83.6352667520697,41.9881970492118],[-83.6353760500903,41.9903744441546],[-83.6339301604365,41.99259481376],[-83.6323767460365,41.9947469018498],[-83.6308728449784,41.9969391707574],[-83.6309006379549,41.9988864391872],[-83.6309555250188,42.0027206951402],[-83.6310530470244,42.0068330589235],[-83.6311457423819,42.0089232222481],[-83.6311125172928,42.010988196263],[-83.6313596537089,42.0158581487418],[-83.6314981882988,42.0182000501903],[-83.6315485828879,42.0202498280974],[-83.6316055369752,42.0225613419219],[-83.6316665128201,42.0250421786751],[-83.6317260908863,42.0274636459405],[-83.6317854686283,42.0298776550395],[-83.6319265202976,42.032382725989],[-83.6320523491161,42.0348356889984],[-83.6344461275829,42.0364943129317],[-83.6366339753557,42.0380102300908],[-83.6386767443118,42.0394256348485],[-83.6406612503352,42.0407819699724],[-83.6407753363763,42.0428577790245],[-83.6409464663362,42.0501967011288],[-83.6411603776632,42.0572383039423],[-83.6412602029492,42.0594671003229],[-83.6413457683783,42.0616852302853],[-83.6413742889903,42.0639085760083],[-83.6417807218591,42.0753046490109],[-83.642016024768,42.0826821580154],[-83.6419252347372,42.0849773231782],[-83.6442281557995,42.0858902692538],[-83.6466084218079,42.086834010197],[-83.6489619162241,42.0877670032608],[-83.6512093681143,42.0886367671029],[-83.651323455952,42.0908844012263],[-83.6513891227993,42.0931770118823],[-83.6514565871754,42.0955416018135],[-83.6515244090811,42.0979143628093],[-83.6515586618429,42.104865752006],[-83.6517905053396,42.107325827172],[-83.6526783372843,42.1098493078517],[-83.6534117703913,42.1103816949812],[-83.6531963525896,42.1112608789449]]},"properties":{"ID":"131497","STATUS":"IN SERVICE","OWNER":"CONSUMERS ENERGY CO","VOLTAGE":345,"VOLT_CLASS":"345","INFERRED":"N","SUB_1":"TAP137285","SUB_2":"MILAN"}},{"type":"Feature","geometry":{"type":"LineString","coordinates":[[-83.3965803656098,41.8828745102714],[-83.3933677413205,41.8832386371658],[-83.3899005596324,41.8836316607446],[-83.387126795597,41.8822964060339],[-83.3844885397273,41.8814575948586],[-83.3818256556458,41.8805259337424],[-83.378871146982,41.8791038709883],[-83.3759131573464,41.8776557512375],[-83.3729480701218,41.876255003199],[-83.3694346359764,41.8772599886895],[-83.3669055299053,41.8786951230022],[-83.3641516330107,41.8801964430065],[-83.3619520981561,41.8815609121679],[-83.3594299791812,41.8828318993069],[-83.3578076514225,41.8836286932887],[-83.3576704068134,41.8836938729543],[-83.3520804423286,41.8863525391013],[-83.3516067867305,41.8865781252939],[-83.3503877306691,41.889040586775],[-83.3490398256533,41.8915564318244],[-83.3487492278454,41.8928114019869]]},"properties":{"ID":"128765","STATUS":"IN SERVICE","OWNER":"CONSUMERS ENERGY CO","VOLTAGE":345,"VOLT_CLASS":"345","INFERRED":"N","SUB_1":"UNKNOWN128355","SUB_2":"TAP137285"}},{"type":"Feature","geometry":{"type":"LineString","coordinates":[[-83.6151966126531,41.8881936351708],[-83.6138428524183,41.8873851781268],[-83.6114350081307,41.8874776666927],[-83.6102450098739,41.8875076270234],[-83.6096019957935,41.8875226740592],[-83.6089907820742,41.8875360498679],[-83.6057887372439,41.8876065368093],[-83.6028509767703,41.8876711379558],[-83.5998457528188,41.8877136707923],[-83.5969300010696,41.8877392841063],[-83.5911718000984,41.8877771362856],[-83.5883479460028,41.8879664597081],[-83.5852080636918,41.8880344717932],[-83.5822385926887,41.8880986719252],[-83.5791001485805,41.8881665501195],[-83.5760589030844,41.8882350301164],[-83.5731511463413,41.8883004337949],[-83.5706211311751,41.8883239737528],[-83.5682106817732,41.8883463768296],[-83.5652142613115,41.8883741298841],[-83.5620767146204,41.8884032879657],[-83.5589680056464,41.8884320441168],[-83.556009762686,41.8884595289663],[-83.5530060667688,41.8884874832645],[-83.5498850499772,41.8886921857147],[-83.5465464612238,41.8889110661898],[-83.5433569928075,41.8891202478432],[-83.5400669130794,41.8893360499877],[-83.537853913377,41.8877543310876],[-83.5361354362384,41.8865260851721],[-83.5342580471262,41.8851841877528],[-83.5324241355753,41.883873228715],[-83.5303779539195,41.882410624269],[-83.527603596996,41.8823731708655],[-83.5252149766555,41.8823409341686],[-83.5223669578787,41.8823024781756],[-83.5198982715953,41.882359808021],[-83.5170200936795,41.8823301081191],[-83.5140611347618,41.8822583359186],[-83.5112900117733,41.8822813430533],[-83.5091101599049,41.8823522370788],[-83.5065242686297,41.8824363741399],[-83.5037032900413,41.8825281341796],[-83.5007534023113,41.8826240420371],[-83.4975882782392,41.8827270377704],[-83.4944660936378,41.8828285633016],[-83.4915692963411,41.8828740421074],[-83.4885546400791,41.882921325986],[-83.4853036370659,41.882972355805],[-83.4821601623921,41.8830615742895],[-83.4788212143126,41.8831563437128],[-83.4721699289472,41.8834228068893],[-83.4655446066901,41.8836351512002],[-83.4488909660132,41.8840058506793],[-83.445799362759,41.8841660078869],[-83.4437493758396,41.8833652967528],[-83.4417016589629,41.882501048064],[-83.4392750551573,41.8815957342442],[-83.4372250673396,41.8806401491228],[-83.4351097181018,41.8796624298602],[-83.4329943679657,41.8787422099874],[-83.4309859739422,41.8771583392659],[-83.4292079798229,41.8764385362173],[-83.4274757575622,41.8758149421285],[-83.4247111033421,41.8745043253102],[-83.4218381114004,41.8731424439847],[-83.4195238697689,41.8721011918894],[-83.4142236119632,41.8781626416962],[-83.4134927462413,41.8791271120167],[-83.4126311567809,41.8802154412264],[-83.4090659617089,41.8808657748807],[-83.4065881503388,41.8813347190283],[-83.404039035193,41.8818080839583],[-83.4015909338043,41.8822637492841],[-83.3993270346596,41.8826619012598],[-83.3965996596255,41.8832060377459],[-83.3965538644106,41.8828436876834]]},"properties":{"ID":"140422","STATUS":"IN SERVICE","OWNER":"CONSUMERS ENERGY CO","VOLTAGE":345,"VOLT_CLASS":"345","INFERRED":"N","SUB_1":"TAP137284","SUB_2":"TAP137286"}},{"type":"Feature","geometry":{"type":"LineString","coordinates":[[-83.2487860936206,42.1160473083086],[-83.2505653723308,42.1155801299138],[-83.2528447539395,42.1166373322784],[-83.2546796518405,42.1177525967005],[-83.2569752067176,42.1192570462461],[-83.2599954334326,42.1191740879654],[-83.2630190719491,42.1190737390916],[-83.2660866398796,42.1189555990783],[-83.2690594337511,42.1188275318566],[-83.2720288149227,42.1188225337129],[-83.2749949630577,42.1188325959667],[-83.2783570867732,42.1190084389422],[-83.2806290159583,42.1190234319957],[-83.283324142372,42.1190485518991],[-83.2862834624125,42.1190963282633],[-83.2890733601904,42.1191791520478],[-83.2922595039418,42.1193148159989],[-83.2953711791528,42.1194680039718],[-83.2984895009985,42.1196337190921],[-83.3016882220622,42.1197805089534],[-83.3048973626849,42.1199254341147],[-83.3080468569693,42.1199721430422],[-83.3110671717193,42.1200015943027],[-83.314272990372,42.1200409070498],[-83.3172039227512,42.1204536241234],[-83.3199096492853,42.1208268890141],[-83.322469668182,42.1210824187726],[-83.3250130682459,42.1213379468343],[-83.3264702245699,42.1222860242299],[-83.3282751196388,42.1234798131547],[-83.3305768728913,42.1249831253277],[-83.3327096539372,42.1263955252979],[-83.3348888769849,42.1263635452554],[-83.337044742937,42.1263462886846],[-83.3399392046139,42.1263169069984],[-83.3428304332542,42.1262873920482],[-83.3454567469205,42.1262971859496],[-83.3483578570289,42.1263218372596],[-83.3516398519194,42.126339027212],[-83.3548389323092,42.1263758042736],[-83.3571241556622,42.1263783346945],[-83.3598563815988,42.1259729876848],[-83.3627740198101,42.1255407198627],[-83.3658539835933,42.1264520239996],[-83.3692286846211,42.1264127152302],[-83.3726397683163,42.1263462886846],[-83.3755607302941,42.1263021162124],[-83.3785678398094,42.1262555452016],[-83.3820419852375,42.1262014461671],[-83.3841873409008,42.1266608930684],[-83.3902759431318,42.1281653942685],[-83.392818714375,42.1287924501521],[-83.3954868904319,42.1294336889575],[-83.398299605418,42.1300725901959],[-83.4011091763006,42.1306686459746],[-83.4033111258267,42.131159705014],[-83.4063875870786,42.1318486859378],[-83.4094252402118,42.1325305311754],[-83.4124180674124,42.1332004451335],[-83.4150475260805,42.1338011346885],[-83.4181271296392,42.1344924197916],[-83.4212871342125,42.135195618917],[-83.4244116544337,42.1358941491775],[-83.4274398752565,42.1365734861326],[-83.4305579267094,42.1372719332497],[-83.4326828016824,42.1377414923331],[-83.4352223398889,42.138311231274],[-83.4377779570407,42.138859516707],[-83.440722454879,42.139450629165],[-83.4434645622838,42.1400156226999],[-83.4466606782332,42.1406781969886],[-83.4488690057978,42.1411406022596],[-83.4502556039479,42.1415650729378],[-83.4502996231934,42.1442718496881],[-83.4503562188529,42.1465380008232],[-83.4504191027195,42.1490113769956],[-83.4504851288928,42.1514801338132],[-83.4505575313081,42.1540861452954],[-83.450614125171,42.1568272068933],[-83.4506818608384,42.1595413612046],[-83.4507606466821,42.1619625719169],[-83.4508431120252,42.1644367942453],[-83.4509327629922,42.1671446710448],[-83.4510116296842,42.1695866339652],[-83.4510547012072,42.1717091010312],[-83.4514996718017,42.1739776997586],[-83.4519694511694,42.176502175007],[-83.4524283510407,42.1786013561097],[-83.4528114124408,42.1804983962591],[-83.4528258618422,42.1829670383245],[-83.4528688067026,42.1853477548044],[-83.4529584738393,42.187802806917],[-83.4530767999286,42.1901913921471],[-83.453241785412,42.1926519898974],[-83.4535214677908,42.1950934511124],[-83.4537545500643,42.1975846208412],[-83.4539552417837,42.1998503061326],[-83.4542026638641,42.2022967430096],[-83.4544642972922,42.204688421715],[-83.4544642972922,42.2071571717938],[-83.454507325696,42.2096322429376],[-83.4545001400721,42.2119555666849],[-83.4544822626996,42.2174043359179],[-83.4544735499396,42.2194295450992],[-83.4544836110708,42.221906021985],[-83.4544836110708,42.224609654862],[-83.4545216107057,42.2271553052731],[-83.4545318506016,42.2297364698539],[-83.4545596130354,42.2323270150554],[-83.4546501739959,42.234876265765],[-83.4547416233901,42.2374656156936],[-83.4548348783981,42.240075237299],[-83.454989035589,42.2426765232758],[-83.4551001473082,42.2451420101398],[-83.4551969847975,42.247628794877],[-83.4553009162826,42.2499429778707],[-83.4553582252045,42.2517290198735],[-83.4554194103568,42.2534726178166],[-83.4566230037172,42.2559323137938],[-83.4577594596882,42.2582781181596],[-83.4587633467811,42.2603317669298],[-83.4599894662956,42.2629373141029],[-83.4608227130104,42.2647025809348],[-83.4609298981935,42.2661704501474],[-83.4610948261847,42.268396455119],[-83.4612417923618,42.270487158272],[-83.4614068128795,42.2726758302597],[-83.4615680532865,42.2749466619435],[-83.4617043142404,42.2769970599302],[-83.4618405680077,42.2794583512373],[-83.461948090059,42.2824796223189],[-83.4620305571987,42.2844663312161],[-83.4621094310773,42.2865352877555],[-83.4621990901292,42.2884371919686],[-83.4623102153231,42.290646489272],[-83.4624356210351,42.2930600543002],[-83.4625576230304,42.2954594347668],[-83.4630673046647,42.2978189727526],[-83.4636085755561,42.3003327310371],[-83.4640531158576,42.3026156452476],[-83.4644582722204,42.3046442210216],[-83.4649254761182,42.3069626617341],[-83.4652972762378,42.3088604108913],[-83.4654934934487,42.3096325557371],[-83.4651522270655,42.3101054682789]]},"properties":{"ID":"111481","STATUS":"IN SERVICE","OWNER":"WYANDOTTE MUNICIPAL SERV COMM","VOLTAGE":345,"VOLT_CLASS":"345","INFERRED":"N","SUB_1":"BROWNSTOWN","SUB_2":"WAYNE"}},{"type":"Feature","geometry":{"type":"LineString","coordinates":[[-83.4514732819936,41.4747116646655],[-83.4519864922104,41.4740582591144],[-83.4534469193003,41.4742107808119],[-83.4574070577888,41.4752087169801],[-83.461251736712,41.4751362059392],[-83.4650522355913,41.4751255211645],[-83.4685052292877,41.4751911111824],[-83.4722753228896,41.4753926400026],[-83.4742789630285,41.4753872979731],[-83.4785286761437,41.475355243768],[-83.4897733035767,41.4753285322549],[-83.5000125473235,41.4753285322549],[-83.5141663750923,41.4753605858001],[-83.5175818317862,41.4753712712091],[-83.5324273084249,41.4754514063357],[-83.5510590222894,41.4755208573269],[-83.5696265623066,41.4756009929417],[-83.5734627126245,41.4757879752087],[-83.5770564310035,41.475467433753],[-83.5844720380469,41.4751736023],[-83.5915876760575,41.4749875060243],[-83.5986757789079,41.4746553879897],[-83.6099845801882,41.4742440188328],[-83.6213147730503,41.4744042931205],[-83.6317536655723,41.4745325117268],[-83.6334444871765,41.4745537589724],[-83.6334445141259,41.4742542198185],[-83.6332518371756,41.4736688727368]]},"properties":{"ID":"156349","STATUS":"IN SERVICE","OWNER":"AMERICAN TRANSMISSION SYSTEMS, INC.","VOLTAGE":345,"VOLT_CLASS":"345","INFERRED":"N","SUB_1":"LEMOYNE","SUB_2":"UNKNOWN156850"}},{"type":"Feature","geometry":{"type":"LineString","coordinates":[[-83.4127939997824,41.9856064489787],[-83.412942850625,41.9881991898649],[-83.4130334008056,41.9906356551281],[-83.4131418283587,41.9926310407663],[-83.4135434651222,41.9953147609667],[-83.4140139119382,41.9976918697337],[-83.4143901272775,41.9997085990458],[-83.4143720711403,42.0020533020406],[-83.4143756644014,42.0044166762894],[-83.4144371989984,42.0067074046748],[-83.4144589382283,42.0091513047101],[-83.4145312517103,42.0115788923262],[-83.414585599785,42.0140037829794],[-83.4139993601289,42.0161274482307],[-83.4134097059764,42.0182457688792],[-83.413474744003,42.0204606553007],[-83.4135145393701,42.0229013569028],[-83.4135507405777,42.0251888157648],[-83.4135398709628,42.027747513876],[-83.4136520714401,42.0300615569608],[-83.413735074874,42.0324084113307],[-83.4138306556203,42.0348792799955],[-83.4137917585685,42.0369532082419],[-83.4137421715648,42.0393557172961],[-83.4138023586888,42.0417002250654],[-83.4138801527924,42.0441365761948],[-83.4139368373852,42.0464650988499],[-83.4140005270405,42.048840897846],[-83.4140855076664,42.0512769758195],[-83.4141951919625,42.0537681878157],[-83.4142942770367,42.056259302769],[-83.4143615599532,42.0586688839411],[-83.4143933612125,42.0610941127352],[-83.4144499550755,42.063663837166],[-83.4145172379919,42.0660493962717],[-83.414598626255,42.0684822787971],[-83.4146836059825,42.0709676152408],[-83.414793291177,42.0734685236769],[-83.4148994720436,42.0760298118938],[-83.4150162530306,42.0786330008518],[-83.4150870402749,42.0810417342636],[-83.4151719310693,42.0834241061697],[-83.4152845789076,42.0859721257454],[-83.4154507681335,42.0884794427247],[-83.4155857840224,42.0908531372174],[-83.4156412109737,42.0931804128752],[-83.4156514508696,42.095428015315],[-83.4156757961121,42.0977448588769],[-83.4156930428673,42.1000333570214],[-83.4157276280057,42.1022473227216],[-83.4157658073036,42.1044817407396],[-83.4182615957592,42.105449931147],[-83.421539727894,42.1054088092096],[-83.4250151300652,42.1053549582991],[-83.4280544899975,42.1052984421192],[-83.4313603809729,42.1052599199945],[-83.4345658394012,42.1051905401228],[-83.4377781250257,42.105136621713],[-83.4410148439276,42.1050827039238],[-83.4441891308155,42.1050467149404],[-83.4472389121034,42.1050108578986],[-83.4502324570579,42.1049642052584]]},"properties":{"ID":"137927","STATUS":"IN SERVICE","OWNER":"NOT AVAILABLE","VOLTAGE":345,"VOLT_CLASS":"345","INFERRED":"Y","SUB_1":"TAP137300","SUB_2":"TAP137301"}},{"type":"Feature","geometry":{"type":"LineString","coordinates":[[-83.260987451984,41.9636183761181],[-83.2618932583193,41.9635291352771],[-83.264722053149,41.9615128642608],[-83.2675389003854,41.9613614318995],[-83.2702114781872,41.9612296392747],[-83.2718744394411,41.9611729927905],[-83.2745322848723,41.9633874612943],[-83.2793334207398,41.9674596302413],[-83.2813289383119,41.9690152621862],[-83.2838556297116,41.9707262739284],[-83.2911351276164,41.9707860503096],[-83.2972183390574,41.9706943489993],[-83.3035591873219,41.9705986409046],[-83.3101627029755,41.9704989921285],[-83.3161172756678,41.9704350752377],[-83.3220073493227,41.9703792397403],[-83.3284500674387,41.9703473807583],[-83.3341202326138,41.9703952690747],[-83.3367863434438,41.9704031501626],[-83.3398547180614,41.9721022371919],[-83.3398816684183,41.9743397652708],[-83.338122137373,41.9765690679597],[-83.3365986835843,41.9784074937572],[-83.3347854350817,41.9805808949505],[-83.3325798437854,41.9824719688522],[-83.3307806090011,41.9839507558346],[-83.3311751571588,41.9842051681551],[-83.3308738559242,41.9843241827339],[-83.3284249586282,41.9865182809443],[-83.3265734409961,41.9885284856885],[-83.3259734571162,41.9908285339162],[-83.3253833529077,41.9931170808789],[-83.3238088757092,41.9947347108616],[-83.3218106640896,41.9967291007693],[-83.3199599549412,41.9986109402046],[-83.3182298886372,42.0003081390711],[-83.3161699618592,42.0024169739372],[-83.3138927326139,42.0047340082037],[-83.3119240746688,42.0066832962844],[-83.3098184236428,42.0087271062538],[-83.3080187388026,42.0109562728316],[-83.3063304953633,42.0130336499937],[-83.3044996794069,42.0153205988606],[-83.302785782778,42.0174280031013],[-83.3008330259117,42.0196836931014],[-83.2990614583399,42.0218680302676],[-83.2973327404072,42.0240205270062],[-83.2957583530402,42.0260240091802],[-83.2941329413651,42.0279645700131],[-83.292316278366,42.0300425946812],[-83.2905468658526,42.0322690117623],[-83.2888945954488,42.0343370208914],[-83.2874354619328,42.0361139990975],[-83.2861479955693,42.0376917051502],[-83.2839835048922,42.0398181812674],[-83.2820147580139,42.0414517033269],[-83.2798287967032,42.0431817151402],[-83.2775568684164,42.0449892650111],[-83.2752367886338,42.0468466622267],[-83.2731580879647,42.0486342952486],[-83.2708754679294,42.0504517617601],[-83.268496369731,42.0523468191508],[-83.2659938439108,42.05434340606],[-83.2634645473968,42.0563259888429],[-83.2611256928248,42.058540480856],[-83.2592856736283,42.0607150792809],[-83.2575207535896,42.0629294862638],[-83.255737148593,42.064909800307],[-83.2539346789754,42.0670801786904],[-83.2525748101966,42.0690065488461],[-83.251330284202,42.0705596999842],[-83.2500937532134,42.0720300598773],[-83.2486265339615,42.0738726621394],[-83.2472559752309,42.0755659859325],[-83.2458343912937,42.0773100048453],[-83.24442358714,42.079014104266],[-83.2430234729382,42.0807540947097],[-83.2444289770317,42.0829318658444],[-83.2441499603045,42.0855237047715],[-83.2439192729395,42.087701378864],[-83.2436617259476,42.0900023721515],[-83.2434016627745,42.092246554845],[-83.243098572096,42.094866742927],[-83.2428383301581,42.0972342660355],[-83.2427873947832,42.0997945942849],[-83.242725771253,42.102185659684],[-83.2427203813614,42.1044980568619],[-83.2427149905713,42.1067945760116],[-83.2426452822036,42.109281876669],[-83.2426050367805,42.1114636671405],[-83.2425486225807,42.1139816380542],[-83.2447830030852,42.1148621887914],[-83.2473230793826,42.1153147870341],[-83.2480506312194,42.1151187641466],[-83.2487860936206,42.1160473083086]]},"properties":{"ID":"120274","STATUS":"IN SERVICE","OWNER":"NOT AVAILABLE","VOLTAGE":345,"VOLT_CLASS":"345","INFERRED":"N","SUB_1":"UNKNOWN128955","SUB_2":"BROWNSTOWN"}},{"type":"Feature","geometry":{"type":"LineString","coordinates":[[-83.2487860936206,42.1160473083086],[-83.2505959303218,42.1154325046952],[-83.2528721300978,42.1166108967036],[-83.2547087662389,42.1177272190754],[-83.2569914895804,42.1192232601883],[-83.2599935981745,42.1191407989433],[-83.2630169043143,42.1190404606779],[-83.2660841731059,42.1189223339291],[-83.2690580799899,42.1187942179982],[-83.272028867025,42.1187892171865],[-83.2749966473988,42.1187992847763],[-83.2783588681324,42.1189751331748],[-83.2806294983536,42.1189901169076],[-83.2833249131265,42.1190152401558],[-83.2862848494113,42.1190630258737],[-83.2890755448932,42.1191458736895],[-83.2922622779394,42.1192815630323],[-83.295374271154,42.1194347670773],[-83.2984924932867,42.119600476954],[-83.3016909736019,42.1197472562311],[-83.3048991772818,42.1198921381577],[-83.3080476007744,42.1199388311182],[-83.3110678382692,42.1199682817278],[-83.3142775825598,42.1200076431368],[-83.3172122177945,42.1204208801516],[-83.3199167549592,42.1207939833219],[-83.3224756779112,42.1210494032725],[-83.3250325113819,42.1213062807334],[-83.3264999821621,42.122261068852],[-83.328304908672,42.1234548802344],[-83.3306066727042,42.1249581989953],[-83.3327264066189,42.1263619602441],[-83.3348881897737,42.1263302360253],[-83.337044193168,42.1263129787791],[-83.339938589268,42.1262835977438],[-83.3428302374215,42.1262540781142],[-83.3454571170264,42.1262638740196],[-83.3483582729489,42.1262885260088],[-83.3516403585692,42.1263057159702],[-83.3548393140932,42.1263424917187],[-83.3571197413409,42.1263450181435],[-83.3598475781091,42.1259403218522],[-83.3627782868077,42.1255061169891],[-83.3658622723484,42.126418610881],[-83.3692277431867,42.1263794080247],[-83.3726387208807,42.1263129847754],[-83.3755598032328,42.1262688109475],[-83.3785669001716,42.1262222399122],[-83.3820478772875,42.1261680342487],[-83.3842006745945,42.1266290750582],[-83.3902901284284,42.1281337868772],[-83.3928327227035,42.128760799769],[-83.3955003912123,42.1294019163105],[-83.3983123596984,42.1300406493175],[-83.4011218200882,42.1306366820797],[-83.4033240858213,42.1311278119842],[-83.4064005848024,42.1318168019154],[-83.4094382352407,42.1324986461639],[-83.4124311684425,42.1331685837755],[-83.4150606441786,42.133769278962],[-83.4181400914305,42.134460529106],[-83.4213000708509,42.1351637232562],[-83.4244246386829,42.1358622638609],[-83.427452872082,42.1365416038226],[-83.4305708346017,42.1372400313071],[-83.4326957185579,42.1377095919593],[-83.4352350860845,42.1382792932181],[-83.4377900681274,42.1388274430391],[-83.440734335997,42.1394185098347],[-83.4434766212682,42.1399835409582],[-83.4466728279474,42.1406461342335],[-83.448883460589,42.1411090213259],[-83.4503005161188,42.1415646712849],[-83.4503445335677,42.1442713408162],[-83.4504011274306,42.146537378743],[-83.4504640103988,42.1490107329612],[-83.4505300356739,42.1514794611665],[-83.4506024398858,42.1540855472638],[-83.4506590337487,42.1568266441819],[-83.4507267667211,42.1595406520189],[-83.4508055489715,42.1619617588817],[-83.4508880143146,42.1644359752492],[-83.45097766618,42.1671438640686],[-83.4510565382619,42.1695859848138],[-83.451099567564,42.1717064452588],[-83.4515441437981,42.1739730321846],[-83.4520138728602,42.1764972393327],[-83.4524727323073,42.1785962308744],[-83.4528563129337,42.1804958480306],[-83.4528707758097,42.1829667427735],[-83.4529137152803,42.1853470818521],[-83.4530033671457,42.1878017459434],[-83.4531216752686,42.1901899558268],[-83.4532866059547,42.1926497569655],[-83.453566252401,42.1950908928236],[-83.4537993643189,42.197582380763],[-83.4540000479534,42.1998479742988],[-83.4542474439827,42.2022941557325],[-83.4545092130564,42.2046870762222],[-83.4545092130564,42.2071569582002],[-83.4545522423585,42.2096320672787],[-83.4545450558363,42.2119556458616],[-83.4545271793621,42.2174044290589],[-83.4545184657039,42.2194295477603],[-83.454528526835,42.2219059720916],[-83.454528526835,42.2246094712621],[-83.4545665255716,42.2271550717915],[-83.4545767663658,42.2297362889296],[-83.4546045243081,42.2323264456994],[-83.4546950735904,42.2348753938075],[-83.4547865229846,42.2374647417766],[-83.4548797681111,42.2400740681343],[-83.4550339190139,42.2426752397747],[-83.4551450406145,42.245140976729],[-83.4552418790022,42.2476277641669],[-83.4553458140805,42.2499420309821],[-83.4554031265957,42.2517281940291],[-83.4554641222035,42.2534663663075],[-83.4566652595699,42.255921043298],[-83.4578017182358,42.2582668527372],[-83.4588056753973,42.2603206448149],[-83.4600318757601,42.2629263672934],[-83.4608672191428,42.264696075258],[-83.460974746584,42.2661686432787],[-83.4611396781685,42.2683946822166],[-83.4612866434473,42.2704853688101],[-83.4614516630667,42.2726740322186],[-83.4616129106602,42.2749449743052],[-83.4617491850888,42.2769955637702],[-83.4618854604157,42.2794572339798],[-83.4619929878569,42.2824786752543],[-83.4620754532,42.2844653529458],[-83.4621543252819,42.2865342410672],[-83.4622439771473,42.2884359951249],[-83.4623550987479,42.2906452333281],[-83.4624805035616,42.2930587917594],[-83.4626024049457,42.2954561782001],[-83.4631116598802,42.2978137402486],[-83.4636529846704,42.3003277498921],[-83.4640975609045,42.3026108503136],[-83.4645027010977,42.304639345853],[-83.4649699148769,42.3069578319207],[-83.465341727573,42.3088556483208],[-83.4657326276723,42.3095825882041],[-83.4651522270655,42.3101054682789]]},"properties":{"ID":"131508","STATUS":"IN SERVICE","OWNER":"WYANDOTTE MUNICIPAL SERV COMM","VOLTAGE":345,"VOLT_CLASS":"345","INFERRED":"N","SUB_1":"BROWNSTOWN","SUB_2":"WAYNE"}},{"type":"Feature","geometry":{"type":"LineString","coordinates":[[-82.730106000058,41.3747560001385],[-82.7321792973607,41.3748390523189],[-82.740850052977,41.3856703581415],[-82.7439528699009,41.3854038579423],[-82.7605234361769,41.385698912175],[-82.7677760331323,41.3858511967719],[-82.7813675146349,41.3864508211083],[-82.7851651344137,41.3866411781357],[-82.7965008869491,41.38661262519],[-82.8105968138063,41.3866602138752],[-82.8141374516334,41.3867173210603],[-82.8317359448177,41.3869171958129],[-82.8375894193113,41.3900580842904],[-82.8453654978204,41.3879451228422],[-82.8525038811739,41.3881545148405],[-82.863325669806,41.3884971580849],[-82.8750802070454,41.3888969068161],[-82.8908512736168,41.3894394239302],[-82.9051565941735,41.3898772452298],[-82.9157785076549,41.3901913340864],[-82.9306168274157,41.3924089921292],[-82.945854894783,41.3946837562492],[-82.9536024203408,41.3957592732394],[-82.9640244586715,41.3986907693233],[-82.9800049189424,41.4030404226866],[-82.9931300256922,41.4066476856758],[-82.9997639636912,41.4084275227495],[-83.0090819330118,41.4083133087439],[-83.0157920131126,41.408189577127],[-83.0270611402983,41.4080468090657],[-83.0317629548347,41.413424391058],[-83.0396818007953,41.4221427362883],[-83.0475911300037,41.4306136173125],[-83.0557288864159,41.4394556949834],[-83.0649516774355,41.4495636447598],[-83.0714238108855,41.4566544390266],[-83.0715380253857,41.4678569409946],[-83.0716522398859,41.4837327050652],[-83.0716522398859,41.4898812318251],[-83.0717188643372,41.4990469163186],[-83.0717950073374,41.5079175468452],[-83.0717664543861,41.5143611266867],[-83.0717093466868,41.5232317581745],[-83.0715094724344,41.5391455929598],[-83.0714428470847,41.5487681331704],[-83.0713571864342,41.5564775867426],[-83.0712334542836,41.5675658747118],[-83.0841872397323,41.5824898548468],[-83.0875184856566,41.5863255459458],[-83.0916682647897,41.5917031277847],[-83.0934956923008,41.5943966768223],[-83.0911733379839,41.5962526568529],[-83.0898789105753,41.5963478350315],[-83.0895538291386,41.5969836791964]]},"properties":{"ID":"159617","STATUS":"IN SERVICE","OWNER":"NOT AVAILABLE","VOLTAGE":345,"VOLT_CLASS":"345","INFERRED":"N","SUB_1":"DAVIS-BESSE","SUB_2":"UNKNOWN158972"}},{"type":"Feature","geometry":{"type":"LineString","coordinates":[[-83.3965538644106,41.8828436876834],[-83.3986145987741,41.8805172710517],[-83.4009848036512,41.8777697898182],[-83.403072578203,41.8753496778102],[-83.405378823032,41.8726760912895],[-83.4076457216514,41.8700479470922],[-83.4066157133467,41.8670279462896],[-83.4082435495747,41.8650910442428],[-83.4099623869376,41.8630456352249],[-83.4115509676861,41.8611552428143],[-83.4140890676898,41.8591138566969],[-83.416517752892,41.85716038881],[-83.4187599478412,41.8553568728999],[-83.4184728462763,41.8529387902176],[-83.4181969736526,41.8506149640517],[-83.4205698725773,41.848938938914],[-83.4237382305844,41.8467009576694],[-83.4262607008005,41.8449191642804],[-83.4293085048965,41.8427661679421],[-83.4288925849199,41.8394489331868],[-83.4284953499012,41.8362818492246],[-83.428083562175,41.8329990820342],[-83.4296918160282,41.8305176360058],[-83.4341453038807,41.8260439903043],[-83.4366130657977,41.8237813768153],[-83.4388982002175,41.8217425469106],[-83.4413337126158,41.8195118503062],[-83.4436082469152,41.8174249482957],[-83.4458827812146,41.8153699822919],[-83.447996337415,41.8133788887437],[-83.4503316876592,41.8107827908944],[-83.4499867345901,41.8080245469168],[-83.449943705288,41.804945837721],[-83.449890165697,41.8017987442456],[-83.4498365362746,41.7998432586777],[-83.4518749025874,41.7974917887902],[-83.4556569006634,41.7970038437936],[-83.4555710217223,41.7939683401327],[-83.4554852326126,41.7915246302527],[-83.455469152769,41.7889289850708],[-83.4588058550604,41.787160987846],[-83.4626166881587,41.786697279033],[-83.4663645493555,41.7862412697534],[-83.4696367526095,41.7861940476906],[-83.4723080727699,41.7861555332164],[-83.4748296437724,41.7861191621352],[-83.4775518085779,41.7860799777981],[-83.4792169257885,41.783724787708],[-83.480555954551,41.7817214576652],[-83.4819635247697,41.7796669541726],[-83.4834741317515,41.7773115291909],[-83.4850878653279,41.7749752427948],[-83.4869245607578,41.7722291918016],[-83.4884781072101,41.770052647988],[-83.4901861638914,41.767581693757],[-83.4916280497539,41.7653666663053],[-83.4932159118501,41.7631067348531],[-83.4947866161244,41.7608211936919],[-83.4966320252126,41.7586186641674],[-83.4980310614361,41.7569603351726],[-83.4996961786467,41.7549882689729],[-83.5013098223915,41.7531249772686],[-83.5033439684192,41.7504932637035],[-83.5049146717952,41.7478934792807],[-83.5049318296171,41.7454535752472],[-83.5047945670417,41.7430456849731],[-83.5047344697492,41.7405799921912],[-83.50466574863,41.7376659609733],[-83.5045456438765,41.7349310499136],[-83.5044168245664,41.7325035922699],[-83.504383647088,41.7314481072694],[-83.5040331612951,41.7237277858791],[-83.5038488799994,41.7178527717761],[-83.5048091062746,41.7155428333243],[-83.5056885210051,41.7133073291678],[-83.505612463345,41.7098261749749],[-83.5052844650785,41.7001098836754],[-83.5043076020043,41.6981080992201],[-83.4961860853358,41.6962233833068],[-83.4895191692845,41.6938221531731],[-83.4857471919155,41.6923952159482],[-83.482595557844,41.6884283762069],[-83.4779821950237,41.68271995811],[-83.4764990728964,41.6805046150848],[-83.4656537466072,41.6729367249805],[-83.4599565637017,41.6714187792323],[-83.4598353477322,41.6698528599354],[-83.4598424776606,41.6695545860412],[-83.4576391869497,41.669618501992],[-83.4541310339999,41.6696770918934],[-83.4498171470375,41.669703723161],[-83.4441413548155,41.6700978709423],[-83.4436215761174,41.670106609743],[-83.4436028543285,41.6688213202667],[-83.4423179445703,41.6687642119187]]},"properties":{"ID":"180282","STATUS":"IN SERVICE","OWNER":"CONSUMERS ENERGY CO","VOLTAGE":345,"VOLT_CLASS":"345","INFERRED":"N","SUB_1":"TAP137286","SUB_2":"UNKNOWN177246"}},{"type":"Feature","geometry":{"type":"LineString","coordinates":[[-83.3965803656098,41.8828745102714],[-83.3986522435744,41.880535514067],[-83.4010225948769,41.8777878637276],[-83.4031103694287,41.875367753073],[-83.4054166151559,41.8726941659706],[-83.4076940590985,41.8700537969719],[-83.4066639726403,41.8670335710023],[-83.4082816237697,41.8651087899177],[-83.4100004611326,41.8630633807985],[-83.4115867978895,41.8611756596915],[-83.4141220241827,41.859136585808],[-83.4165507093848,41.8571831192845],[-83.4188064446402,41.8553687118423],[-83.4185175868691,41.8529358427484],[-83.4182436267586,41.8506281187381],[-83.4206007782163,41.8489632180712],[-83.4237691362234,41.8467252370069],[-83.4262916064395,41.844943444294],[-83.4293552568171,41.8427792539738],[-83.4289373057497,41.8394458197888],[-83.428540070731,41.8362787350033],[-83.4281294472214,41.8330052452018],[-83.4297304184326,41.8305350358468],[-83.4341807864361,41.8260645248231],[-83.4366477317845,41.8238026618143],[-83.4389328581195,41.8217638392817],[-83.4413685645539,41.8195329646711],[-83.4436430027335,41.8174461517213],[-83.4459177211875,41.8153910196894],[-83.4480326589969,41.8133986258938],[-83.4503778934041,41.8107915420402],[-83.4500316287947,41.8080228160302],[-83.4499886183572,41.8049454506801],[-83.4499350760713,41.8017981897723],[-83.4498817862121,41.7998551078905],[-83.451901949064,41.7975222821736],[-83.4557026213181,41.797031927816],[-83.4556159249101,41.7939675491751],[-83.4555301456819,41.791524113867],[-83.4555141763311,41.7889462140295],[-83.4588233767,41.7871927889177],[-83.4626239222917,41.7867303322118],[-83.4663686214187,41.7862747083114],[-83.4696376221787,41.7862275331603],[-83.4723089423391,41.7861890180365],[-83.4748305124433,41.7861526469743],[-83.4775791802446,41.7861130808616],[-83.4792568972254,41.7837400688239],[-83.4805960553453,41.7817365476777],[-83.482003790854,41.7796818008305],[-83.4835143663947,41.7773264273072],[-83.4851279283929,41.7749903893294],[-83.4869644881772,41.7722445413134],[-83.4885178935941,41.7700681949962],[-83.4902263329576,41.7675966879349],[-83.4916681541414,41.765381760836],[-83.4932557898622,41.7631221528833],[-83.4948257161954,41.7608377440391],[-83.4966700769497,41.7586364661679],[-83.4980690709523,41.7569781872222],[-83.4997340462292,41.7550062897767],[-83.5013481651828,41.7531424490628],[-83.5033839955517,41.750508556758],[-83.5049595372538,41.7479007658766],[-83.5049767507712,41.7454529512517],[-83.5048394648396,41.7430446681775],[-83.5047793792252,41.7405793922789],[-83.5047106518178,41.737665117036],[-83.5045905308946,41.7349298379171],[-83.5044617205677,41.7325025478219],[-83.5044315192078,41.7314623898925],[-83.5044242823799,41.729970802313],[-83.5042979145723,41.7237808970555],[-83.5040887571297,41.7179265917507],[-83.5050204618946,41.7156769769128],[-83.5059046296113,41.7133988958141],[-83.50576202206,41.7068977602749],[-83.5055243431072,41.7000126526813],[-83.504538368421,41.6979144412834],[-83.4962552286633,41.696028832282],[-83.4928920611054,41.6947865182828],[-83.4896477325747,41.693619607872],[-83.4860718421608,41.6923133539889],[-83.4830010187357,41.6882169400593],[-83.4783329898371,41.6826221090954],[-83.4768023315599,41.6804067620306],[-83.4714699868306,41.676788907749],[-83.4658013263336,41.6726835157488],[-83.4601623740215,41.6713075967299],[-83.4599841150314,41.6694522781127],[-83.4586293397003,41.6691948370319],[-83.4584689059805,41.6658302567405],[-83.4583857183919,41.6629493628423],[-83.4582847046348,41.6598019823189],[-83.4581064447465,41.6547898272721],[-83.4579281848581,41.6496174429298],[-83.457791518764,41.6446311383125],[-83.4576192012313,41.6397510231431],[-83.4566268889308,41.6350215330128],[-83.4554325482178,41.6297542927269],[-83.4548561747585,41.6270227972414],[-83.4538579201024,41.622461163767],[-83.4498292482427,41.6177792687122],[-83.4498351896999,41.6153004807796],[-83.4497638859243,41.6121729859348],[-83.4497638859243,41.6064773559091],[-83.4497935959056,41.6014210627205],[-83.4498530158685,41.5990438470923],[-83.4494608446531,41.5971197930818],[-83.4490449049136,41.5951779063277],[-83.4489864802841,41.592318665708],[-83.4490092525766,41.5895163292672],[-83.4490092525766,41.5870720099569],[-83.448926064988,41.5845520421729],[-83.4489022973622,41.5820053078599],[-83.4488607026696,41.5740533390444],[-83.4488191088753,41.5715328632055],[-83.4487715736238,41.5703681657864],[-83.4486824436796,41.5647799923279],[-83.4486051984466,41.561503329037],[-83.4485398361282,41.5581464648696],[-83.4485220099597,41.5567992249343],[-83.448462589997,41.5543670070949],[-83.4463115884222,41.5492399288015],[-83.4441902968288,41.5443081240611],[-83.444017979296,41.5417642507995],[-83.4439229069963,41.5368763527547],[-83.4438931970149,41.5340653106667],[-83.4438218932392,41.5285318266652],[-83.4437387047523,41.5227576387518],[-83.4436555171637,41.5173922529321],[-83.4437684147337,41.5126359967381],[-83.4439050808278,41.5074522133127],[-83.4441071092402,41.5020099062596],[-83.4442734853157,41.4965760427031],[-83.4444042090541,41.4911684302421],[-83.4444160919687,41.4857336570994],[-83.4444992795573,41.480302879974],[-83.4445705842313,41.4746223339257],[-83.4469533241999,41.4746490457298],[-83.4492172233446,41.4750230158901],[-83.4498470744112,41.4751432198618],[-83.4514732819936,41.4747116646655]]},"properties":{"ID":"146746","STATUS":"IN SERVICE","OWNER":"CONSUMERS ENERGY CO","VOLTAGE":345,"VOLT_CLASS":"345","INFERRED":"N","SUB_1":"TAP137285","SUB_2":"LEMOYNE"}},{"type":"Feature","geometry":{"type":"LineString","coordinates":[[-83.4607471736782,41.139117256249],[-83.461292580413,41.1394333599966],[-83.4615064917401,41.1406335392314],[-83.4605652801045,41.1434365547693],[-83.4581266855864,41.1494807090312],[-83.4555740059256,41.1556280996862],[-83.4516023779848,41.1652426452187],[-83.4494489985694,41.170492202922],[-83.4493206517732,41.1804372981541],[-83.4491851750486,41.1895813740641],[-83.4489641328948,41.2028337240902],[-83.4487216991592,41.219837869979],[-83.4478660520544,41.2258767639007],[-83.4470104049497,41.2315182817623],[-83.446411453234,41.2370306271384],[-83.4461690186001,41.2464134119045],[-83.4458838043957,41.2546905910574],[-83.4457198043641,41.2577734019996],[-83.4463544093151,41.2635884597209],[-83.4466681468264,41.2661075162129],[-83.4469533619291,41.2690337872809],[-83.4472956209507,41.2722921911914],[-83.4482368325863,41.2808232926961],[-83.4485363093424,41.2831595056784],[-83.4483651802808,41.2893211351511],[-83.4480514427695,41.2990285369619],[-83.4477804884219,41.3086487968166],[-83.447538053788,41.3198527898318],[-83.447395447135,41.3226695523308],[-83.4478090090339,41.3247151092569],[-83.4482368325863,41.3272318049196],[-83.4470389273583,41.3309798969244],[-83.4467394497038,41.3363553538274],[-83.4467394497038,41.3386895791234],[-83.4467394506021,41.3406596840803],[-83.4466966683367,41.3440429870924],[-83.4464257130908,41.3531427709962],[-83.4462403232741,41.3613743041756],[-83.4439158147971,41.3667579548971],[-83.4438587717766,41.3732755382169],[-83.4439300755522,41.3765929388754],[-83.4442010307981,41.38895144698],[-83.4444149430235,41.3984728513192],[-83.4446716366159,41.4082174731207],[-83.444757202045,41.4162816201468],[-83.4444149430235,41.4186557537941],[-83.4439719082984,41.4209708071746],[-83.4441085743924,41.42318080494],[-83.4442095881495,41.4255511218457],[-83.4443664555577,41.4377408477502],[-83.4443949779663,41.4403707707512],[-83.4443379349457,41.4427867840923],[-83.4443664555577,41.4479499093231],[-83.4442666311701,41.4543631582189],[-83.4444377602317,41.4610215761925],[-83.444580367783,41.4704255612284],[-83.4445879738186,41.473470878253],[-83.446936249023,41.4739517043158],[-83.4492227282207,41.4743363620597],[-83.4514732819936,41.4747116646655]]},"properties":{"ID":"135886","STATUS":"IN SERVICE","OWNER":"OHIO POWER CO","VOLTAGE":345,"VOLT_CLASS":"345","INFERRED":"N","SUB_1":"FOSTORIA CENTRAL SUBSTATION","SUB_2":"LEMOYNE"}},{"type":"Feature","geometry":{"type":"LineString","coordinates":[[-83.2487860936206,42.1160473083086],[-83.2501590427682,42.1158688483115],[-83.2510472690734,42.1164420578006],[-83.2521254270774,42.1171980328075],[-83.2534343622779,42.1181331792296],[-83.2546191503061,42.1189705588278],[-83.2560575327391,42.1199953648958],[-83.2576240149315,42.1213124620375],[-83.2591314778098,42.1225498427632],[-83.26099287691,42.1238429681131],[-83.2628435860584,42.125116145109],[-83.2647908640997,42.1264529900623],[-83.2666469631398,42.1277500331676],[-83.2685727714459,42.1290867552526],[-83.2702732822787,42.1302045326875],[-83.2704066820984,42.1314318806885],[-83.2705795179591,42.1334496289529],[-83.2706587493671,42.135246881099],[-83.2707131872734,42.1382999411138],[-83.2707499283685,42.1389424831835],[-83.2708311360701,42.1409133639956],[-83.2708526058054,42.1429181540625],[-83.270895545276,42.1449068287046],[-83.2709752258417,42.1469174873051],[-83.2710189737961,42.1489040382824],[-83.2710986543618,42.1504969897374],[-83.2711576736759,42.1523303868477],[-83.2712067216904,42.1544122661173],[-83.2712434627856,42.156517983936],[-83.2713185619433,42.1585699591882],[-83.2713408401624,42.1606675479858],[-83.2714151308364,42.1627690617931],[-83.2714749586343,42.1648466698447],[-83.271550057792,42.1668943800695],[-83.2715599392602,42.169015529298],[-83.2715929074311,42.1710372722848],[-83.2716144669979,42.1731364437085],[-83.2715607477439,42.1746670722198],[-83.2694946225904,42.1765296600617],[-83.2673757663298,42.1784815297429],[-83.2664377464084,42.1793064637747],[-83.2655150858818,42.1801650700464],[-83.2637386674075,42.181788988283],[-83.261947786057,42.1834167908213],[-83.2613790626506,42.1839374613295],[-83.2603598341293,42.1849431760422],[-83.2590133493499,42.1861355826931],[-83.2581765686628,42.1869345897309],[-83.2564545880946,42.1869305301529],[-83.2565135175773,42.1885045538741],[-83.2569749821387,42.1898241529972],[-83.2574138989866,42.1911576349708],[-83.2578385326213,42.1924076946955],[-83.2576669544021,42.1935760681984],[-83.2578592837044,42.1946869827174],[-83.2578564090955,42.1949817468374],[-83.257848503921,42.1958235687858],[-83.2578439234114,42.1969224659782],[-83.2578653024168,42.1984604367453],[-83.2579236030788,42.199833466218],[-83.2580156803954,42.2011786488157],[-83.2581067695652,42.202482079078],[-83.2582248081935,42.2044927713192],[-83.2583052074115,42.206201436217],[-83.258401866136,42.2084107603191],[-83.2585512559678,42.2103358301158],[-83.2586048853902,42.2123781418031],[-83.25867540314,42.2141878562183],[-83.2587175341269,42.2159856763029],[-83.2588041317202,42.2178033366751],[-83.2588417711306,42.2198771407912],[-83.2589221703486,42.2215376911986],[-83.2590018509143,42.2234345543247],[-83.2590608702284,42.2253413392665],[-83.2591314778098,42.227087288891],[-83.2591627391817,42.2288210847562],[-83.2592440367149,42.2304000507633],[-83.2592869761855,42.232246963283],[-83.259410314874,42.234070075087],[-83.2594532543445,42.2358653337939],[-83.259533743394,42.2375612450118],[-83.2595444333459,42.2395271919555],[-83.2596624719742,42.2410283467366],[-83.2595597047057,42.2429048729961],[-83.2596141426119,42.24455883329],[-83.2597260726963,42.246105686211],[-83.2597161013967,42.2476165919333],[-83.2598126702897,42.249157385257],[-83.2598816609036,42.250699936289],[-83.2598869609637,42.2522247632393],[-83.2599439141528,42.2534199547181],[-83.2583554232358,42.2538547412933],[-83.2567541762419,42.2542477668893],[-83.255187783881,42.254605152033],[-83.2550229430263,42.2565211673006],[-83.2536177883775,42.2566827962208],[-83.2536986897536,42.2576440979296],[-83.254438523357,42.2574909066832]]},"properties":{"ID":"130743","STATUS":"IN SERVICE","OWNER":"WYANDOTTE MUNICIPAL SERV COMM","VOLTAGE":230,"VOLT_CLASS":"220-287","INFERRED":"Y","SUB_1":"UNKNOWN128433","SUB_2":"BROWNSTOWN"}},{"type":"Feature","geometry":{"type":"LineString","coordinates":[[-83.6531963525896,42.1112608789449],[-83.6530403233096,42.1105290207473],[-83.6525947436573,42.1098921322884],[-83.6517042437161,42.1073610691032],[-83.6514457651712,42.1048745688309],[-83.6514392973012,42.0979311138792],[-83.6513714753955,42.095558352177],[-83.6513040110194,42.0931937662033],[-83.6512383441721,42.0909011548197],[-83.6511130130203,42.0886757579797],[-83.6488244641042,42.0878464360365],[-83.6464709678913,42.0869134441409],[-83.644090701883,42.0859697037126],[-83.6417415175835,42.0850384189319],[-83.6418948079002,42.0826451142502],[-83.6416737657464,42.0753152349325],[-83.6412815936327,42.0639350442266],[-83.641210289857,42.061664055228],[-83.641096203816,42.0594459238589],[-83.6410534224489,42.0572224212043],[-83.6408252485701,42.0501861116856],[-83.6406541204068,42.0428471876908],[-83.6405400343657,42.0408137429995],[-83.6365684046282,42.0380600170029],[-83.6319835633181,42.0348877869519],[-83.6318195641849,42.0323774301167],[-83.631584261276,42.0250152618285],[-83.6315307827705,42.0225804392339],[-83.6314273929695,42.0182552651268],[-83.6312487459073,42.0156001047294],[-83.631049481611,42.0109735808226],[-83.6310423516826,42.0089205730012],[-83.6309567871518,42.0068489542577],[-83.6309309489092,41.9988942586688],[-83.630771397335,41.9969270329304],[-83.6338481613191,41.9925577167767],[-83.6352956302111,41.990371621874],[-83.6351922404101,41.9882199013143],[-83.6350888488125,41.9862562598211],[-83.6349818926998,41.9844118132302],[-83.6347263040352,41.981130214096],[-83.634718069179,41.9791405342306],[-83.6346289392348,41.9774999618901],[-83.6345255476372,41.9749290277597],[-83.634507722367,41.9738555673218],[-83.6344399831064,41.97133749899],[-83.634372244744,41.9691427227243],[-83.6343223316519,41.9649093478412],[-83.6318538510827,41.9619410432748],[-83.6281207222565,41.9571959546759],[-83.6259583821462,41.9557630268471],[-83.6240260457829,41.9544320610257],[-83.6222755347214,41.9532919688366],[-83.6204501553691,41.9520696623066],[-83.6186746873123,41.9509030119155],[-83.6187157205579,41.9485499603174],[-83.6185957945691,41.9461172306715],[-83.6182677307257,41.9394703271848],[-83.6182040805962,41.9370712871365],[-83.618111386137,41.934687027031],[-83.6180614730448,41.9322337177733],[-83.6180008646109,41.9298466249538],[-83.6179652131723,41.9275151441436],[-83.6178903439832,41.9248122166892],[-83.6178439963045,41.9227007241834],[-83.6177532655624,41.9227139622885],[-83.6176328005845,41.9175619423148],[-83.6174921253094,41.9150273571387],[-83.6173536050925,41.9125280360495],[-83.6170026099549,41.9101178559485],[-83.6169241762508,41.9079528109571],[-83.6168635669185,41.90581688011],[-83.6167886977295,41.9036490362956],[-83.6166269578592,41.899425121208],[-83.6165890471576,41.8970097216816],[-83.6164999181117,41.894677041121],[-83.616243736559,41.8925130259218],[-83.6161173435985,41.8902333049561],[-83.6151966126531,41.8881936351708]]},"properties":{"ID":"113910","STATUS":"IN SERVICE","OWNER":"NOT AVAILABLE","VOLTAGE":345,"VOLT_CLASS":"345","INFERRED":"N","SUB_1":"TAP137284","SUB_2":"MILAN"}},{"type":"Feature","geometry":{"type":"LineString","coordinates":[[-83.4339252435856,41.6908056108252],[-83.4331841173065,41.6903140309279],[-83.4331555948979,41.6893023443114],[-83.4316154306483,41.6864695367407],[-83.4315227361891,41.6834289229383],[-83.4313088239638,41.6758667028695],[-83.4312303902597,41.6733848230506],[-83.4307455227885,41.6708549111956],[-83.4271446753794,41.6709454572804],[-83.4197861113565,41.6712277458163],[-83.4092402609251,41.6715100337853],[-83.4029441254056,41.6682396762442],[-83.3962201663337,41.6651342800673],[-83.3861520516486,41.660388007863],[-83.379506527179,41.6572183047961],[-83.373082043965,41.6541763090171],[-83.3664935616177,41.6512726943338],[-83.3562971019329,41.6471328173063],[-83.3496301858816,41.6444207082144],[-83.3395121599009,41.6402910490599],[-83.3361822668394,41.638873581982],[-83.3328167223393,41.6375147028904],[-83.3260428492769,41.6347915312227],[-83.3115847917658,41.6288740511241],[-83.3016212571493,41.6248020257963],[-83.2985409277519,41.6234517341761],[-83.295812365145,41.6211917092352],[-83.2930457732588,41.6189600342851],[-83.2850217049341,41.6123214103307],[-83.2824452567492,41.6101320777435],[-83.279742837812,41.607889357239],[-83.2770689412833,41.6056190116885],[-83.2744009871103,41.6034641091675],[-83.2717924520018,41.6012602578355],[-83.2700157963722,41.5998294909128],[-83.2677934901234,41.5979498958865],[-83.2659514721755,41.5961013517643],[-83.2575494942888,41.5960391397847],[-83.2490702702708,41.5959236042437],[-83.2405375668491,41.5958436182371],[-83.2318325467929,41.5957458562335],[-83.2231691214293,41.5956525387352],[-83.2146364189059,41.5955858830089],[-83.206044297318,41.5954925652793],[-83.1975591309444,41.5953859147449],[-83.19003656689,41.5952925967262],[-83.1820624116574,41.5952081659257],[-83.1717352282342,41.5951237350148],[-83.1612238416687,41.5950037538091],[-83.1521801289026,41.5949059912051],[-83.1445268411097,41.5946971340844],[-83.137646012833,41.5945104952487],[-83.1341342953681,41.594532714202],[-83.1280794042148,41.5946304766995],[-83.1230108839046,41.5946660270894],[-83.1132541306868,41.5947104648813],[-83.1060405511575,41.5948215592271],[-83.0964085811192,41.5948304473039],[-83.0913222337423,41.5971056149853],[-83.0905378913115,41.5970967278935],[-83.0895538291386,41.5969836791964]]},"properties":{"ID":"149645","STATUS":"IN SERVICE","OWNER":"NOT AVAILABLE","VOLTAGE":345,"VOLT_CLASS":"345","INFERRED":"N","SUB_1":"UNKNOWN113613","SUB_2":"DAVIS-BESSE"}},{"type":"Feature","geometry":{"type":"LineString","coordinates":[[-83.4514732819936,41.4747116646655],[-83.4519903352031,41.4743375459809],[-83.453440564618,41.4742741129475],[-83.4573946233086,41.4752705149208],[-83.4612529251831,41.4751977468416],[-83.4650513489541,41.4751870681346],[-83.4685012632257,41.4752526002074],[-83.4722725417054,41.4754541921035],[-83.4742795226789,41.4754488413294],[-83.4785292196244,41.4754167871547],[-83.4897734338324,41.4753900756669],[-83.5000124233559,41.4753900756669],[-83.5141660786482,41.4754221298548],[-83.5175813646623,41.4754328139075],[-83.5324268080633,41.4755129489581],[-83.5510585812166,41.4755823998833],[-83.569623657155,41.4756625253262],[-83.5734649197852,41.4758497557709],[-83.5770634630155,41.4755287852132],[-83.5844756402912,41.4752350899956],[-83.5915916726622,41.4750489831275],[-83.5986803342647,41.4747168398315],[-83.6099857983037,41.4743055922165],[-83.621313324966,41.4744658279872],[-83.6317223907257,41.4746110729252],[-83.6334516548341,41.4746427438531],[-83.6487587451546,41.4747872338941],[-83.6596896081268,41.4749207938113],[-83.6813232931432,41.4752092850392],[-83.6850177441065,41.4752466907807],[-83.7049401942021,41.4750169657733],[-83.719877470578,41.4751131241314],[-83.7310362172732,41.4752573640935],[-83.7391620539398,41.4753803042685],[-83.7544533042669,41.4737634150325],[-83.757398739048,41.475380957804],[-83.7625483826182,41.47734134824],[-83.7657169400513,41.4773324069865],[-83.7684445181047,41.4773145978364],[-83.7758781579291,41.4772522701472],[-83.7835612617046,41.4771587801836],[-83.7910420540984,41.4770741970508],[-83.7977269652015,41.477025224878],[-83.811804113676,41.4768012970047],[-83.8249167733693,41.476678426156],[-83.8405467478472,41.4764861031727],[-83.8511211170939,41.4763418612337],[-83.8659522566206,41.4761602232036],[-83.8782964354361,41.4760173192309],[-83.8913284569596,41.4760053012942],[-83.9056690381877,41.47601598727],[-83.9091637945617,41.475882395284],[-83.9128983175733,41.4757966319753],[-83.9162053269512,41.4744509552996],[-83.9179608542053,41.4744873478454],[-83.9184835102073,41.4752263470029]]},"properties":{"ID":"173695","STATUS":"IN SERVICE","OWNER":"AMERICAN TRANSMISSION SYSTEMS, INC.","VOLTAGE":345,"VOLT_CLASS":"345","INFERRED":"Y","SUB_1":"UNKNOWN113650","SUB_2":"LEMOYNE"}},{"type":"Feature","geometry":{"type":"LineString","coordinates":[[-83.9099192597494,41.601460037276],[-83.9099264390851,41.601897681897],[-83.911356165352,41.6020133860974],[-83.9112693620444,41.6097261112736],[-83.9112550932044,41.6127877893134],[-83.9107346398715,41.6157993729291],[-83.9108415268139,41.6186813983007],[-83.9109413565915,41.6218904392032],[-83.9110839632445,41.6280998697248],[-83.9111980412007,41.6312121288852],[-83.9115281900339,41.6405408859979],[-83.9116040842007,41.6436523021423],[-83.9099869585858,41.6466042596995],[-83.9067926707081,41.652510265981],[-83.9018940694288,41.6614593940755],[-83.8969149252013,41.6706721551798],[-83.8955098936216,41.6731695241973],[-83.8939373657673,41.6761212146714],[-83.8939910877162,41.6791635820749],[-83.8941641526473,41.6854969509108],[-83.8944179824106,41.6946943060045],[-83.895028826024,41.7126016717085],[-83.8952181971741,41.7171913921955],[-83.895231192203,41.7198051592639],[-83.8918741772065,41.7198521827755],[-83.8880498783621,41.719886777028],[-83.8844458257641,41.7199320108925],[-83.880958605357,41.7199469907225],[-83.8776539244123,41.7200908783128],[-83.8706070003345,41.720433464186],[-83.863483578422,41.7207623458984],[-83.8597566326999,41.7209427731448],[-83.8559807296931,41.7210409802437],[-83.851767261803,41.721093508968],[-83.8443806901062,41.7212465288136],[-83.8364066193152,41.72142923907],[-83.8193991699772,41.7218568270871],[-83.806808266174,41.7222559709911],[-83.7982635190392,41.7225132037947],[-83.7856860971518,41.7228193181584],[-83.7819231370716,41.7222147583186],[-83.7808503186537,41.7226426408134],[-83.7789158254354,41.7222251810031]]},"properties":{"ID":"111884","STATUS":"IN SERVICE","OWNER":"AMERICAN TRANSMISSION SYSTEMS, INC.","VOLTAGE":345,"VOLT_CLASS":"345","INFERRED":"Y","SUB_1":"ALLEN JUNCTION","SUB_2":"UNKNOWN171366"}},{"type":"Feature","geometry":{"type":"LineString","coordinates":[[-83.3463608320837,41.8935697928147],[-83.3458038963705,41.8940323807792],[-83.344987871258,41.894053566178],[-83.3425604436972,41.8933387339602],[-83.3421752461034,41.8918853731449],[-83.342166173119,41.8901301822274],[-83.3430255024181,41.8885268818112],[-83.3444728671056,41.8873187797352],[-83.3461411284197,41.886084774006],[-83.3485347793258,41.8865500370756],[-83.3515699171762,41.8865559891039],[-83.3520562372233,41.8863243712002],[-83.3576462511154,41.883665681142],[-83.3577832046704,41.88360063922],[-83.3594050230843,41.882804095022],[-83.3619250669509,41.8815341526951],[-83.3641239631034,41.8801700802497],[-83.3668786469221,41.8786683302246],[-83.369412524844,41.8772304870767],[-83.3729530548733,41.8762177508635],[-83.3759375277417,41.877627657759],[-83.3788956799724,41.8790758577391],[-83.381860003629,41.8805010017502],[-83.3845069165631,41.8814270752318],[-83.3871479626001,41.8822667743213],[-83.3899106423232,41.883596693311],[-83.3933609805996,41.8832055782787],[-83.3965538644106,41.8828436876834]]},"properties":{"ID":"148530","STATUS":"IN SERVICE","OWNER":"CONSUMERS ENERGY CO","VOLTAGE":345,"VOLT_CLASS":"345","INFERRED":"N","SUB_1":"MONROE (MI)","SUB_2":"TAP137286"}},{"type":"Feature","geometry":{"type":"LineString","coordinates":[[-83.4607471736782,41.139117256249],[-83.4610817583923,41.1394110080876],[-83.4613348865713,41.1406165572606],[-83.4604008057625,41.1433793007208],[-83.4578079579338,41.1494664127392],[-83.4552220019799,41.1555368547573],[-83.4525219608832,41.1621578638281],[-83.4501831916511,41.16769752305],[-83.4491278939745,41.1704170813066],[-83.4490138079334,41.173694714182],[-83.4490043010627,41.1770723651632],[-83.448799895708,41.1895778189095],[-83.4486335196326,41.1995218053316],[-83.4484790282683,41.2117440407407],[-83.4483007692783,41.2197896208627],[-83.4479680171274,41.2227751738081],[-83.4469578777601,41.2286743677103],[-83.4460546954037,41.2371021420431],[-83.4459120869541,41.2399439250861],[-83.4456031042256,41.249540730204],[-83.4452822358876,41.257867542008],[-83.445959623104,41.263540244245],[-83.4468746901715,41.2722939999415],[-83.4478729448276,41.2808947610158],[-83.4482294646043,41.2831809606711],[-83.44812250939,41.2861100392942],[-83.4478848286405,41.2925303309294],[-83.4476709173135,41.2989767761834],[-83.4473619336867,41.3086541761828],[-83.4472193261353,41.3170002249682],[-83.44700541391,41.3226767142812],[-83.4478729448276,41.3271925612983],[-83.4465538227318,41.3308960352939],[-83.4464230989933,41.3374814538131],[-83.4461854191422,41.3469836271309],[-83.4459833907298,41.3556905053092],[-83.4458526669913,41.3613814618706],[-83.4433689141639,41.3667775991741],[-83.4435828263893,41.3766767861446],[-83.4438086224275,41.3889817828455],[-83.4439987661287,41.3984942676822],[-83.4442602127073,41.4081836252076],[-83.4443291404391,41.4162904061164],[-83.4435733186203,41.4208888741996],[-83.4439583599073,41.42560463908],[-83.4440439253364,41.4314961902539],[-83.4439726206624,41.447927691831],[-83.443929838397,41.454330254048],[-83.4439155776419,41.4576007690548],[-83.4441294889689,41.4673151467417],[-83.4444004442148,41.4734807239774],[-83.4443956912286,41.4745336397802],[-83.4443243865546,41.4775832152428],[-83.4442328796682,41.4830088782095],[-83.4441972282295,41.4911812380313],[-83.4440546197798,41.4966111040703],[-83.4437456370514,41.5074961668661],[-83.4435436086389,41.5100680863139],[-83.4434247687133,41.5127021938716],[-83.4433415811248,41.5151048349325],[-83.4435079572002,41.5227713307654],[-83.4435430148525,41.5341381592119],[-83.4437093909279,41.5418273057658],[-83.4438805199896,41.5444423319707],[-83.4460196368532,41.5493305482619],[-83.4471177176935,41.5517745171437],[-83.4482871023096,41.5544211561331],[-83.4483441453301,41.5568329186772],[-83.4482443200442,41.5625098101138],[-83.44851527529,41.5741074722595],[-83.4488222969963,41.5871147846674],[-83.4488111857345,41.5923346379923],[-83.4488230704457,41.5951742530322],[-83.4492390092869,41.5971694630842],[-83.4496133552321,41.5990224196919],[-83.4495777028951,41.6014129668654],[-83.4496074128765,41.6039544921921],[-83.4495063991194,41.6121728872049],[-83.4494398492282,41.6152577361652],[-83.4494968922488,41.6178591301508],[-83.4516360091123,41.6203822391879],[-83.4536420261935,41.6227275771693],[-83.4540793566166,41.6246677457581],[-83.4546117602377,41.6270768860411],[-83.4551916982121,41.6297843951053],[-83.4557906508261,41.6325699558028],[-83.4563230544472,41.6350782791898],[-83.4568934846526,41.6375936087001],[-83.4573569596437,41.6397642472858],[-83.4574639157563,41.6422243317023],[-83.4575352204303,41.6447376067426],[-83.4577253641316,41.6497549842377],[-83.4578442040572,41.6548341249816],[-83.4580587100689,41.659860926117],[-83.4581799269367,41.6630518072718],[-83.4582393460012,41.665869664805],[-83.4583926497926,41.6692067231213],[-83.4542891087438,41.6694890199528],[-83.4498040927198,41.669544947309],[-83.4438407740298,41.6699467672761],[-83.4437551394304,41.6686214448533],[-83.4423179445703,41.6687642119187]]},"properties":{"ID":"179241","STATUS":"IN SERVICE","OWNER":"AMERICAN TRANSMISSION SYSTEMS, INC.","VOLTAGE":345,"VOLT_CLASS":"345","INFERRED":"N","SUB_1":"FOSTORIA CENTRAL SUBSTATION","SUB_2":"UNKNOWN177246"}},{"type":"Feature","geometry":{"type":"LineString","coordinates":[[-83.4423179445703,41.6687642119187],[-83.4402906437051,41.6687261410006],[-83.4394345492393,41.6699460237751],[-83.4356039181705,41.6700110002344],[-83.4313613340854,41.670066925795],[-83.4315966369943,41.6733451807123],[-83.4316358547446,41.6758696692196],[-83.4317000276936,41.6783993833058],[-83.4319293891452,41.6864469429238],[-83.4336977263752,41.6895282372121],[-83.4338542775764,41.6900015412384],[-83.4339252435856,41.6908056108252]]},"properties":{"ID":"180667","STATUS":"IN SERVICE","OWNER":"AMERICAN TRANSMISSION SYSTEMS, INC.","VOLTAGE":345,"VOLT_CLASS":"345","INFERRED":"N","SUB_1":"UNKNOWN113613","SUB_2":"UNKNOWN177246"}},{"type":"Feature","geometry":{"type":"LineString","coordinates":[[-83.3487492278454,41.8928114019869],[-83.3480836453901,41.8945871781983],[-83.3482771209427,41.8970526869394],[-83.3467891613876,41.8995579181624],[-83.3453947047754,41.901878414945],[-83.346244504746,41.9041641333099],[-83.3473027372187,41.9057898506685],[-83.3484566258961,41.9076045511669],[-83.3514452211333,41.9084740057461],[-83.354458514651,41.9093378549047],[-83.357552917954,41.9102248579109],[-83.3606111380157,41.9117861149909],[-83.3630670951716,41.9138870790998],[-83.3621673183285,41.9165799652895],[-83.3613184741654,41.9190334153327],[-83.3606895106344,41.9208794091789],[-83.360014924365,41.9228841210885],[-83.3593174508189,41.9248679236823],[-83.3584605182249,41.9273741373134],[-83.35758895477,41.9299682312231],[-83.3568586648682,41.9322286160562],[-83.3578120828118,41.9344184521859],[-83.3589640580777,41.9370400857537],[-83.3600996992767,41.9396185379923],[-83.3610623923257,41.9416241698356],[-83.362397482874,41.9443911378172],[-83.3621403607851,41.9468117017623],[-83.3617587627406,41.9484625891503],[-83.3611075596181,41.9502397602902],[-83.3593543590006,41.9525109202355],[-83.3574789830129,41.9547845077953],[-83.3555746740865,41.9570623991928],[-83.3536982847991,41.9593112631857],[-83.351818183673,41.961565159212],[-83.3498198768319,41.9639526190357],[-83.3478322967736,41.9663328391953],[-83.3467203163009,41.9676471029826],[-83.3450320629801,41.9696512432304],[-83.3433507329752,41.9716534757542],[-83.3430956033497,41.9739776092472],[-83.3452173521855,41.9754095357666],[-83.3477289482951,41.9771525832836],[-83.3516277929351,41.9770593912178],[-83.3553476231018,41.976978977749],[-83.3592068161051,41.9769731670485],[-83.3621835643604,41.9769472603068],[-83.3655159556367,41.9768927080591],[-83.3677932639337,41.9768324071587],[-83.3702756656949,41.97678345116],[-83.3727290527707,41.976732756782],[-83.3746166242867,41.9787431629693],[-83.3765923268203,41.9807550976781],[-83.378645468623,41.9828562768643],[-83.3806497860917,41.9849111867005],[-83.3835339629569,41.9848370698948],[-83.3871302532126,41.9848026112967],[-83.3904744357753,41.9847536687704],[-83.3937143957987,41.9846963140328],[-83.3969582796633,41.9846300763044],[-83.4000477404356,41.9845639667132],[-83.4034232310826,41.9845122829276],[-83.4067366732963,41.9844491172864],[-83.4097696489019,41.984349213735],[-83.4128534727458,41.9855839378156],[-83.4130034267195,41.9881958967578],[-83.4130939786968,41.9906324002047],[-83.4132023298931,41.9926263998916],[-83.4136037052469,41.9953083657625],[-83.414074064028,41.997685030145],[-83.4144507473895,41.9997042717829],[-83.4144326741843,42.0020512593167],[-83.4144362656488,42.0044142050859],[-83.4144977993475,42.0067048421116],[-83.4145195367807,42.0091487062012],[-83.4145918457712,42.0115761257174],[-83.4146462791858,42.0140047761173],[-83.4140590388065,42.0161320600277],[-83.4134704087334,42.0182467038883],[-83.4135353407588,42.0204579698292],[-83.4135751388208,42.0228988397037],[-83.4136113454184,42.0251865549048],[-83.4136004758034,42.0277448467291],[-83.4137126529245,42.03005840014],[-83.41379566085,42.0324053747294],[-83.4138912676474,42.0348769147277],[-83.4138523571209,42.0369515782954],[-83.413802780897,42.0393535363326],[-83.4138629518513,42.0416973937202],[-83.413940745955,42.0441337609689],[-83.4139974323443,42.0464623477679],[-83.4140611184064,42.048838016122],[-83.4141460918458,42.0512738807532],[-83.414255773447,42.0537650328395],[-83.4143548657077,42.0562563480129],[-83.4144221576073,42.0586662581097],[-83.414453959765,42.061091561034],[-83.4145105500346,42.0636610968326],[-83.4145778293578,42.0660465159954],[-83.4146592149259,42.0684793239429],[-83.4147441901619,42.0709645331371],[-83.4148538708648,42.0734653516756],[-83.4149600517314,42.0760266280186],[-83.4150768390066,42.0786299671266],[-83.4151476298442,42.0810388133305],[-83.4152325143504,42.083421002003],[-83.415345146019,42.0859686436983],[-83.4155113235668,42.0884758048192],[-83.4156463699984,42.0908500227483],[-83.4157018122211,42.0931779457888],[-83.4157120530153,42.0954257129604],[-83.4157363982579,42.0977425192795],[-83.4157536441147,42.1000309548548],[-83.4157882265582,42.1022448026675],[-83.4158260662929,42.1044593109798],[-83.4182879586178,42.1054143529183],[-83.4215545662659,42.1053733749158],[-83.4250297851807,42.1053195273075],[-83.428069261894,42.1052630090966],[-83.4313750603429,42.1052244882834],[-83.4345803633627,42.1051551110388],[-83.4377927999042,42.1051011912659],[-83.4410296840961,42.1050472701142],[-83.4442041192061,42.1050112791112],[-83.4472537720349,42.1049754240489],[-83.4502732360802,42.1049283668313],[-83.4513627586709,42.1062739498072],[-83.4514137928605,42.1086842921394],[-83.4514159407324,42.1087743310392],[-83.4512241872501,42.1111016367771],[-83.4512816794283,42.1134879029323],[-83.4513358487383,42.1159644471127],[-83.4513435940126,42.1164477677996],[-83.4515821982302,42.1182711462788],[-83.4516254970269,42.1206644879135],[-83.4516703202646,42.1231405810793],[-83.4517380532371,42.1254534577702],[-83.4517820733809,42.1276784400222],[-83.4518294136981,42.1299936320276],[-83.4518768438468,42.1323414232835],[-83.4519310095635,42.134678963193],[-83.4519885915732,42.1368860319761],[-83.4520463433645,42.1391724322866],[-83.4508002641827,42.1414973167767],[-83.4508577042586,42.1442170759997],[-83.4509151946402,42.1464889330566],[-83.4509761893496,42.1489766630659],[-83.4510540750814,42.151431719881],[-83.4511082443914,42.1540372631888],[-83.4511827147284,42.1567683152949],[-83.4512369720733,42.1594739618957],[-83.4513114352238,42.1619132078062],[-83.451409620186,42.1643802901466],[-83.4514942432824,42.1670807867232],[-83.4515789499221,42.169527292179],[-83.4516702457045,42.1716388598422],[-83.4519780390635,42.1736668076881],[-83.4525839590109,42.1763985477356],[-83.453037789689,42.1784841858965],[-83.4534208510891,42.1805415616914],[-83.4534444974423,42.1829046577249],[-83.4534919239978,42.1852903082139],[-83.4535596488854,42.1877386372826],[-83.4536612258861,42.1901214011117],[-83.4538338362696,42.1925791350445],[-83.4540708711304,42.1950146452554],[-83.4543078520922,42.1975055938163],[-83.4545176868645,42.1997680077868],[-83.4547750362271,42.2022233382985],[-83.4550325167437,42.2046321478838],[-83.455079965757,42.2071086327896],[-83.4551543480592,42.2095739900265],[-83.4551839080219,42.2121438977606],[-83.4551660297511,42.2173620359245],[-83.4551409640598,42.2193908608843],[-83.4550835626114,42.2218495359781],[-83.4550620066379,42.2245598460654],[-83.4550943459881,42.2271004762961],[-83.4550979392492,42.2296836638851],[-83.4551229968558,42.232279574911],[-83.4552162294058,42.2348222968295],[-83.4553202516208,42.2374183230694],[-83.4554240923761,42.2400142338731],[-83.4555531766891,42.242620665019],[-83.4556643926129,42.2450811752027],[-83.4557683223014,42.2475546502041],[-83.4559009917907,42.2498686550513],[-83.4560050193956,42.2516573921324],[-83.4560871658367,42.2531844087757],[-83.4571500911085,42.2557589157538],[-83.4582997011102,42.2581084750717],[-83.4593186727134,42.260170526987],[-83.4605412699336,42.2627781430777],[-83.4613730730557,42.2645891051086],[-83.461510574583,42.2660987989217],[-83.4616624087307,42.2683086781101],[-83.4618105337345,42.2704220762007],[-83.4619772592546,42.2726068598954],[-83.4621403097669,42.2748684429508],[-83.4622847732376,42.2769325960729],[-83.4624218822011,42.2793944043287],[-83.4624642907673,42.2807205690989],[-83.4625034546188,42.2819435728174],[-83.462596069128,42.2842814411809],[-83.462677540036,42.2864764412524],[-83.4627775216288,42.2883701407811],[-83.4628626801211,42.2905872332773],[-83.4629998223223,42.2929844440106],[-83.4631959676679,42.2953723472977],[-83.4636493132559,42.2977272653321],[-83.4641856011923,42.3002331432767],[-83.4646313811689,42.3025192920525],[-83.4650335398536,42.3045479008278],[-83.4654984009451,42.3068451789101],[-83.4661053216157,42.3087474982109],[-83.4665856651712,42.3097753239793],[-83.4651522270655,42.3101054682789]]},"properties":{"ID":"147028","STATUS":"IN SERVICE","OWNER":"CONSUMERS ENERGY CO","VOLTAGE":345,"VOLT_CLASS":"345","INFERRED":"Y","SUB_1":"UNKNOWN128355","SUB_2":"WAYNE"}},{"type":"Feature","geometry":{"type":"LineString","coordinates":[[-83.4514732819936,41.4747116646655],[-83.4504455248669,41.4743346672822],[-83.4504147827213,41.4735745436672],[-83.4520479774,41.4735169588956],[-83.4575047666439,41.4748442891855],[-83.4608787544094,41.4748212550611],[-83.4608733411615,41.4760017327958],[-83.4610379197081,41.4762650769525]]},"properties":{"ID":"117396","STATUS":"IN SERVICE","OWNER":"NOT AVAILABLE","VOLTAGE":345,"VOLT_CLASS":"345","INFERRED":"Y","SUB_1":"TROY ENERGY LLC","SUB_2":"LEMOYNE"}},{"type":"Feature","geometry":{"type":"LineString","coordinates":[[-83.3463608320837,41.8935697928147],[-83.3477129232488,41.8946272938229],[-83.3478821631534,41.8971091229277],[-83.3463978759111,41.89947271378],[-83.3449950667634,41.9018834208037],[-83.3458293321678,41.9042041118766],[-83.3481922606911,41.9079480643005],[-83.3542085476435,41.9095938627604],[-83.3573654970464,41.9105150187232],[-83.3603614692488,41.9120170228684],[-83.3626065379086,41.9139920111464],[-83.3617669733423,41.9165238292665],[-83.3608871633531,41.9190067511013],[-83.3602850217198,41.9208192330672],[-83.3596211667249,41.9228066463254],[-83.3587199768318,41.9253371108731],[-83.3577382978893,41.9275801587197],[-83.3570508181007,41.9299152213171],[-83.3564185829054,41.932205622905],[-83.3574325122649,41.9345162568399],[-83.3585966381433,41.9371619302342],[-83.3597178263477,41.9397277089485],[-83.3606403961445,41.9417427989177],[-83.3618689321271,41.9444641410936],[-83.3617348127569,41.9466346240785],[-83.3612412792381,41.9484101090679],[-83.3607369641392,41.9502015122139],[-83.3589452752034,41.9524396097278],[-83.3570998661152,41.9546697462927],[-83.3551285132242,41.9570144367235],[-83.3532429494429,41.9592693298227],[-83.3513063613534,41.9615988902611],[-83.3492946741061,41.9640241491101],[-83.3475726926397,41.9660822869318],[-83.3463496372786,41.9675342261334],[-83.3447001498556,41.9694836510429],[-83.3430504836679,41.9714348856875],[-83.3412481038818,41.9736284282552],[-83.3399182738678,41.9750285921358],[-83.3384591412501,41.976767424101],[-83.3370107866192,41.978506141811],[-83.3350983641092,41.9807562001833],[-83.3328827592924,41.9826384450925],[-83.3308397522828,41.984302449038],[-83.3283890682377,41.9864981498577],[-83.3265311186681,41.9885153366969],[-83.325929353429,41.9908222150438],[-83.325341116818,41.9931035188916],[-83.3237726646201,41.9947149589188],[-83.3217745185775,41.9967092840194],[-83.3199239199219,41.998591011885],[-83.3181938096004,42.0002882546754],[-83.3161336510571,42.0023973271819],[-83.3138566329159,42.0047141478871],[-83.3118882786014,42.0066631348624],[-83.3097812136271,42.0087083178329],[-83.3079798983447,42.0109395061487],[-83.3062615676315,42.0130142247703],[-83.304461483041,42.0153030377662],[-83.3027476645656,42.0174103451491],[-83.3007948933262,42.0196660537946],[-83.2990229358856,42.021850872058],[-83.2972940580527,42.0240035682407],[-83.2957198817899,42.0260067820251],[-83.2940950342568,42.0279466700931],[-83.2922780855934,42.0300250223055],[-83.2905082131426,42.0322520191662],[-83.2888561071305,42.0343198220105],[-83.287397083209,42.0360966679249],[-83.2861107783671,42.0376729519737],[-83.2839487966846,42.0397969628925],[-83.2819816434176,42.041429163219],[-83.2797960028054,42.0431589221385],[-83.2775239855855,42.0449665427039],[-83.2752033156097,42.0468244142156],[-83.2731246535681,42.0486120131758],[-83.2708426174378,42.0504290167259],[-83.2684635030697,42.0523240868016],[-83.2659610994204,42.0543205777093],[-83.2634304958576,42.0563041850303],[-83.2610889041189,42.058521270293],[-83.2592473227522,42.0606977148021],[-83.2574827288019,42.0629117142369],[-83.2556993510791,42.0648917767473],[-83.2538956229218,42.0670636708854],[-83.2525355879547,42.0689902762746],[-83.251291927936,42.0705423468668],[-83.2500553637097,42.0720127471712],[-83.2485879486251,42.0738555953194],[-83.2472175093704,42.0755487722083],[-83.2457960422143,42.077292648906],[-83.2443851697886,42.0789968301361],[-83.2429725519363,42.0807523612103],[-83.2443832402074,42.0829381648977],[-83.2441051846775,42.0855210707172],[-83.2438745027024,42.0876986929009],[-83.2436169700835,42.0899995649586],[-83.2433569123003,42.0922437017554],[-83.2430538126386,42.0948639632792],[-83.2427934413434,42.0972326642983],[-83.2427424862055,42.0997940290672],[-83.2426808563872,42.1021853131013],[-83.2426754646988,42.1044979988781],[-83.2426700757054,42.1067942007964],[-83.2426003727276,42.1092813028722],[-83.2425601264062,42.1114631620035],[-83.2425032558622,42.1140014882159],[-83.2447669672591,42.1148935982276],[-83.2473017201401,42.1153452466732],[-83.2487860936206,42.1160473083086]]},"properties":{"ID":"145017","STATUS":"IN SERVICE","OWNER":"NOT AVAILABLE","VOLTAGE":345,"VOLT_CLASS":"345","INFERRED":"N","SUB_1":"MONROE (MI)","SUB_2":"BROWNSTOWN"}},{"type":"Feature","geometry":{"type":"LineString","coordinates":[[-83.4502324570579,42.1049642052584],[-83.4498263907017,42.1052947158711],[-83.4492645268309,42.1053076640991],[-83.4345107583012,42.1055389922639],[-83.4213764761591,42.1057400172958],[-83.4179522429248,42.1057879503155],[-83.415209209357,42.1047242740909],[-83.4152739473462,42.1001024959215],[-83.4152240441356,42.0934002178174],[-83.415052960888,42.0886075859278],[-83.4147463452203,42.0835432397845],[-83.4146037241942,42.0787216462398],[-83.4143826847354,42.073529723865],[-83.4142186802123,42.0685911821836],[-83.4140475367776,42.0637420289862],[-83.4139619713485,42.0587234321135],[-83.413883559204,42.0563311453201],[-83.4137766138711,42.0538748299211],[-83.4135912006981,42.0495538950469],[-83.4134699811354,42.0440046140158],[-83.4133915447363,42.0419764340582],[-83.4133202059264,42.0382465132528],[-83.4134342632214,42.0350380189474],[-83.4133131200154,42.0326773811732],[-83.4132061441398,42.0277666917066],[-83.4131419693942,42.0231160238403],[-83.413049141086,42.0180817736859],[-83.4135787698112,42.0161887897748],[-83.4141756500119,42.0140242711184],[-83.4140974498697,42.011615667854],[-83.4140546631128,42.0092048327663],[-83.4139976147023,42.0067727243024],[-83.4139762141373,42.0044350741367],[-83.4140190089791,42.0020923948231],[-83.4140616996164,41.9997500591758],[-83.4136918632139,41.9977627063324],[-83.4132426480797,41.9953886572743],[-83.4127427940146,41.9926979471722],[-83.412353864819,41.9858068008509],[-83.4096179998072,41.9847250000887]]},"properties":{"ID":"103135","STATUS":"IN SERVICE","OWNER":"WYANDOTTE MUNICIPAL SERV COMM","VOLTAGE":345,"VOLT_CLASS":"345","INFERRED":"Y","SUB_1":"TAP137301","SUB_2":"DEADEND167212"}},{"type":"Feature","geometry":{"type":"LineString","coordinates":[[-83.2087826317986,42.2667160496689],[-83.2083607649748,42.2665151988195],[-83.2091353579898,42.2655843791276],[-83.2102618211016,42.2642306922588],[-83.2113928853842,42.2628776577576],[-83.2126645692465,42.2613766060472],[-83.2136838983792,42.2600861637955],[-83.2152070674019,42.2582523108715],[-83.2165750057469,42.2566124918968],[-83.2179643204024,42.2549449758857],[-83.2191446123626,42.2535352113324],[-83.220287235268,42.2521415809664],[-83.2214521768167,42.2507590682127],[-83.2223847206081,42.2496003069994],[-83.2237805570325,42.2479714319052],[-83.2249706127815,42.2464311342886],[-83.2263593902445,42.2447917128564],[-83.2277820782111,42.243134756095],[-83.2289723297929,42.2416500512491],[-83.2301959861268,42.2402041571953],[-83.2313649512296,42.2388023279758],[-83.2324753389894,42.237400421058],[-83.233666393665,42.2360022846893],[-83.2349825504221,42.2342892900062],[-83.2349609504311,42.2327269451495],[-83.2348858377986,42.2310147768119],[-83.2348215184243,42.2293147658544],[-83.2347464147749,42.2276025728068],[-83.2346659338103,42.2258390487797],[-83.2346122199462,42.2240358162422],[-83.2345532823788,42.2222280790709],[-83.2344620090543,42.2203567530274],[-83.2343869206763,42.2185375242395],[-83.2343387736721,42.2166346101178],[-83.2342743599746,42.2147672180118],[-83.2342153361689,42.213122202182],[-83.2341187600893,42.2109526138747],[-83.2340061418954,42.2086090621191],[-83.2340114410573,42.2077469230055],[-83.2339463850644,42.2056608901219],[-83.2338988552027,42.2045156926746],[-83.2338129816514,42.2027195996787],[-83.233743274182,42.200502202697],[-83.2336627887258,42.1986743522298],[-83.2336190416698,42.1968587947512],[-83.2335447438093,42.1949622608126],[-83.2334696500414,42.1931182949065],[-83.2334160224156,42.1913457997582],[-83.2333615818144,42.1897365202491],[-83.2333033646958,42.188046538846],[-83.2332229753593,42.1863654482065],[-83.2331853377456,42.184505240848],[-83.2331209339296,42.1829034282581],[-83.2331040429073,42.1810791607042],[-83.232992272723,42.1792933422792],[-83.2329278733986,42.1774689113206],[-83.2328527877156,42.1756445661979],[-83.2328366153455,42.1736523668305],[-83.2326910828796,42.1715896231209],[-83.2326650398212,42.1697407902552],[-83.2326220931641,42.1678836892006],[-83.2325468880051,42.1659510027295],[-83.2324397423479,42.1640149958566],[-83.2324281549791,42.162150888181],[-83.232359243417,42.1604600109883],[-83.2323109113598,42.1587142402316],[-83.2322197350534,42.156877105718],[-83.2321768863127,42.1549126308406],[-83.2320963164148,42.1531470349798],[-83.2320856273613,42.1513218252122],[-83.2319998229803,42.1486089028369],[-83.2318710009753,42.1458008320668],[-83.2317961802953,42.1438362711692],[-83.2317424592446,42.1418035690925],[-83.2316539697993,42.1398842401945],[-83.2315895668816,42.1380088082936],[-83.2315332398183,42.1363181680717],[-83.2314662263965,42.1345699127849],[-83.2314043360666,42.1326942821945],[-83.2313452637519,42.130647565888],[-83.2309551721364,42.1285056127727],[-83.228300391757,42.1277519819092],[-83.2260189727693,42.1280194779441],[-83.223551720197,42.1284133667041],[-83.2221573758743,42.1285610023218],[-83.2210907082211,42.128684227722],[-83.2186743748541,42.1288744537981],[-83.2163060276929,42.1289658251098],[-83.2138406220569,42.1289419289942],[-83.2112501439839,42.1288478880848],[-83.2086475709939,42.1287534572936],[-83.2076263940267,42.1282594261976],[-83.2062152287502,42.1276127469992],[-83.2047307465735,42.1269239032183],[-83.2030912906373,42.1262732961561],[-83.2015224207228,42.1254489911588],[-83.1999199969359,42.1247169116975],[-83.1969608727281,42.1242163929313],[-83.1948687161943,42.1242810061164],[-83.1931261516298,42.1243347629943],[-83.1906646294108,42.1243824520887],[-83.1888037306721,42.1243876476767],[-83.1868511516723,42.1243931777326],[-83.18503249082,42.1243983060263],[-83.1851513397287,42.1230863727792],[-83.1850656009247,42.1225667352407]]},"properties":{"ID":"179730","STATUS":"IN SERVICE","OWNER":"WYANDOTTE MUNICIPAL SERV COMM","VOLTAGE":230,"VOLT_CLASS":"220-287","INFERRED":"Y","SUB_1":"UNKNOWN128336","SUB_2":"UNKNOWN176778"}}]}