run_id,period,unresolved_policy,focus_huc12,traced_huc12,hops,policy_reachable,first_unresolved_link_from_huc12
v01b_unit_pulse_assume_wbd,unit_pulse_no_time,assume_wbd,041000030101,041000030101,0,True,
v01b_unit_pulse_assume_wbd,unit_pulse_no_time,assume_wbd,041000030102,041000030102,0,True,
v01b_unit_pulse_assume_wbd,unit_pulse_no_time,assume_wbd,041000030102,041000030101,1,True,
v01b_unit_pulse_assume_wbd,unit_pulse_no_time,assume_wbd,041000030103,041000030103,0,True,
v01b_unit_pulse_assume_wbd,unit_pulse_no_time,assume_wbd,041000030104,041000030104,0,True,
v01b_unit_pulse_assume_wbd,unit_pulse_no_time,assume_wbd,041000030104,041000030102,1,True,
v01b_unit_pulse_assume_wbd,unit_pulse_no_time,assume_wbd,041000030104,041000030103,1,True,041000030103
v01b_unit_pulse_assume_wbd,unit_pulse_no_time,assume_wbd,041000030104,041000030101,2,True,
v01b_unit_pulse_assume_wbd,unit_pulse_no_time,assume_wbd,041000030105,041000030105,0,True,
v01b_unit_pulse_assume_wbd,unit_pulse_no_time,assume_wbd,041000030106,041000030106,0,True,
v01b_unit_pulse_assume_wbd,unit_pulse_no_time,assume_wbd,041000030106,041000030104,1,True,
v01b_unit_pulse_assume_wbd,unit_pulse_no_time,assume_wbd,041000030106,041000030105,1,True,
v01b_unit_pulse_assume_wbd,unit_pulse_no_time,assume_wbd,041000030106,041000030102,2,True,
v01b_unit_pulse_assume_wbd,unit_pulse_no_time,assume_wbd,041000030106,041000030103,2,True,041000030103
v01b_unit_pulse_assume_wbd,unit_pulse_no_time,assume_wbd,041000030106,041000030101,3,True,
v01b_unit_pulse_assume_wbd,unit_pulse_no_time,assume_wbd,041000030201,041000030201,0,True,
v01b_unit_pulse_assume_wbd,unit_pulse_no_time,assume_wbd,041000030202,041000030202,0,True,
v01b_unit_pulse_assume_wbd,unit_pulse_no_time,assume_wbd,041000030202,041000030201,1,True,
v01b_unit_pulse_assume_wbd,unit_pulse_no_time,assume_wbd,041000030203,041000030203,0,True,
v01b_unit_pulse_assume_wbd,unit_pulse_no_time,assume_wbd,041000030204,041000030204,0,True,
v01b_unit_pulse_assume_wbd,unit_pulse_no_time,assume_wbd,041000030204,041000030202,1,True,
v01b_unit_pulse_assume_wbd,unit_pulse_no_time,assume_wbd,041000030204,041000030203,1,True,
v01b_unit_pulse_assume_wbd,unit_pulse_no_time,assume_wbd,041000030204,041000030201,2,True,
v01b_unit_pulse_assume_wbd,unit_pulse_no_time,assume_wbd,041000030301,041000030301,0,True,
v01b_unit_pulse_assume_wbd,unit_pulse_no_time,assume_wbd,041000030302,041000030302,0,True,
v01b_unit_pulse_assume_wbd,unit_pulse_no_time,assume_wbd,041000030302,041000030106,1,True,
v01b_unit_pulse_assume_wbd,unit_pulse_no_time,assume_wbd,041000030302,041000030204,1,True,041000030204
v01b_unit_pulse_assume_wbd,unit_pulse_no_time,assume_wbd,041000030302,041000030104,2,True,
v01b_unit_pulse_assume_wbd,unit_pulse_no_time,assume_wbd,041000030302,041000030105,2,True,
v01b_unit_pulse_assume_wbd,unit_pulse_no_time,assume_wbd,041000030302,041000030202,2,True,041000030204
v01b_unit_pulse_assume_wbd,unit_pulse_no_time,assume_wbd,041000030302,041000030203,2,True,041000030204
v01b_unit_pulse_assume_wbd,unit_pulse_no_time,assume_wbd,041000030302,041000030102,3,True,
v01b_unit_pulse_assume_wbd,unit_pulse_no_time,assume_wbd,041000030302,041000030103,3,True,041000030103
v01b_unit_pulse_assume_wbd,unit_pulse_no_time,assume_wbd,041000030302,041000030201,3,True,041000030204
v01b_unit_pulse_assume_wbd,unit_pulse_no_time,assume_wbd,041000030302,041000030101,4,True,
v01b_unit_pulse_assume_wbd,unit_pulse_no_time,assume_wbd,041000030303,041000030303,0,True,
v01b_unit_pulse_assume_wbd,unit_pulse_no_time,assume_wbd,041000030304,041000030304,0,True,
v01b_unit_pulse_assume_wbd,unit_pulse_no_time,assume_wbd,041000030304,041000030301,1,True,
v01b_unit_pulse_assume_wbd,unit_pulse_no_time,assume_wbd,041000030304,041000030302,1,True,
v01b_unit_pulse_assume_wbd,unit_pulse_no_time,assume_wbd,041000030304,041000030303,1,True,041000030303
v01b_unit_pulse_assume_wbd,unit_pulse_no_time,assume_wbd,041000030304,041000030106,2,True,
v01b_unit_pulse_assume_wbd,unit_pulse_no_time,assume_wbd,041000030304,041000030204,2,True,041000030204
v01b_unit_pulse_assume_wbd,unit_pulse_no_time,assume_wbd,041000030304,041000030104,3,True,
v01b_unit_pulse_assume_wbd,unit_pulse_no_time,assume_wbd,041000030304,041000030105,3,True,
v01b_unit_pulse_assume_wbd,unit_pulse_no_time,assume_wbd,041000030304,041000030202,3,True,041000030204
v01b_unit_pulse_assume_wbd,unit_pulse_no_time,assume_wbd,041000030304,041000030203,3,True,041000030204
v01b_unit_pulse_assume_wbd,unit_pulse_no_time,assume_wbd,041000030304,041000030102,4,True,
v01b_unit_pulse_assume_wbd,unit_pulse_no_time,assume_wbd,041000030304,041000030103,4,True,041000030103
v01b_unit_pulse_assume_wbd,unit_pulse_no_time,assume_wbd,041000030304,041000030201,4,True,041000030204
v01b_unit_pulse_assume_wbd,unit_pulse_no_time,assume_wbd,041000030304,041000030101,5,True,
v01b_unit_pulse_assume_wbd,unit_pulse_no_time,assume_wbd,041000030305,041000030305,0,True,
v01b_unit_pulse_assume_wbd,unit_pulse_no_time,assume_wbd,041000030306,041000030306,0,True,
v01b_unit_pulse_assume_wbd,unit_pulse_no_time,assume_wbd,041000030306,041000030304,1,True,
v01b_unit_pulse_assume_wbd,unit_pulse_no_time,assume_wbd,041000030306,041000030305,1,True,
v01b_unit_pulse_assume_wbd,unit_pulse_no_time,assume_wbd,041000030306,041000030301,2,True,
v01b_unit_pulse_assume_wbd,unit_pulse_no_time,assume_wbd,041000030306,041000030302,2,True,
v01b_unit_pulse_assume_wbd,unit_pulse_no_time,assume_wbd,041000030306,041000030303,2,True,041000030303
v01b_unit_pulse_assume_wbd,unit_pulse_no_time,assume_wbd,041000030306,041000030106,3,True,
v01b_unit_pulse_assume_wbd,unit_pulse_no_time,assume_wbd,041000030306,041000030204,3,True,041000030204
v01b_unit_pulse_assume_wbd,unit_pulse_no_time,assume_wbd,041000030306,041000030104,4,True,
v01b_unit_pulse_assume_wbd,unit_pulse_no_time,assume_wbd,041000030306,041000030105,4,True,
v01b_unit_pulse_assume_wbd,unit_pulse_no_time,assume_wbd,041000030306,041000030202,4,True,041000030204
v01b_unit_pulse_assume_wbd,unit_pulse_no_time,assume_wbd,041000030306,041000030203,4,True,041000030204
v01b_unit_pulse_assume_wbd,unit_pulse_no_time,assume_wbd,041000030306,041000030102,5,True,
v01b_unit_pulse_assume_wbd,unit_pulse_no_time,assume_wbd,041000030306,041000030103,5,True,041000030103
v01b_unit_pulse_assume_wbd,unit_pulse_no_time,assume_wbd,041000030306,041000030201,5,True,041000030204
v01b_unit_pulse_assume_wbd,unit_pulse_no_time,assume_wbd,041000030306,041000030101,6,True,
v01b_unit_pulse_assume_wbd,unit_pulse_no_time,assume_wbd,041000030401,041000030401,0,True,
v01b_unit_pulse_assume_wbd,unit_pulse_no_time,assume_wbd,041000030402,041000030402,0,True,
v01b_unit_pulse_assume_wbd,unit_pulse_no_time,assume_wbd,041000030403,041000030403,0,True,
v01b_unit_pulse_assume_wbd,unit_pulse_no_time,assume_wbd,041000030404,041000030404,0,True,
v01b_unit_pulse_assume_wbd,unit_pulse_no_time,assume_wbd,041000030404,041000030403,1,True,
v01b_unit_pulse_assume_wbd,unit_pulse_no_time,assume_wbd,041000030405,041000030405,0,True,
v01b_unit_pulse_assume_wbd,unit_pulse_no_time,assume_wbd,041000030405,041000030401,1,True,
v01b_unit_pulse_assume_wbd,unit_pulse_no_time,assume_wbd,041000030405,041000030402,1,True,
v01b_unit_pulse_assume_wbd,unit_pulse_no_time,assume_wbd,041000030406,041000030406,0,True,
v01b_unit_pulse_assume_wbd,unit_pulse_no_time,assume_wbd,041000030406,041000030404,1,True,
v01b_unit_pulse_assume_wbd,unit_pulse_no_time,assume_wbd,041000030406,041000030405,1,True,
v01b_unit_pulse_assume_wbd,unit_pulse_no_time,assume_wbd,041000030406,041000030401,2,True,
v01b_unit_pulse_assume_wbd,unit_pulse_no_time,assume_wbd,041000030406,041000030402,2,True,
v01b_unit_pulse_assume_wbd,unit_pulse_no_time,assume_wbd,041000030406,041000030403,2,True,
v01b_unit_pulse_assume_wbd,unit_pulse_no_time,assume_wbd,041000030501,041000030501,0,True,
v01b_unit_pulse_assume_wbd,unit_pulse_no_time,assume_wbd,041000030501,041000030306,1,True,
v01b_unit_pulse_assume_wbd,unit_pulse_no_time,assume_wbd,041000030501,041000030304,2,True,
v01b_unit_pulse_assume_wbd,unit_pulse_no_time,assume_wbd,041000030501,041000030305,2,True,
v01b_unit_pulse_assume_wbd,unit_pulse_no_time,assume_wbd,041000030501,041000030301,3,True,
v01b_unit_pulse_assume_wbd,unit_pulse_no_time,assume_wbd,041000030501,041000030302,3,True,
v01b_unit_pulse_assume_wbd,unit_pulse_no_time,assume_wbd,041000030501,041000030303,3,True,041000030303
v01b_unit_pulse_assume_wbd,unit_pulse_no_time,assume_wbd,041000030501,041000030106,4,True,
v01b_unit_pulse_assume_wbd,unit_pulse_no_time,assume_wbd,041000030501,041000030204,4,True,041000030204
v01b_unit_pulse_assume_wbd,unit_pulse_no_time,assume_wbd,041000030501,041000030104,5,True,
v01b_unit_pulse_assume_wbd,unit_pulse_no_time,assume_wbd,041000030501,041000030105,5,True,
v01b_unit_pulse_assume_wbd,unit_pulse_no_time,assume_wbd,041000030501,041000030202,5,True,041000030204
v01b_unit_pulse_assume_wbd,unit_pulse_no_time,assume_wbd,041000030501,041000030203,5,True,041000030204
v01b_unit_pulse_assume_wbd,unit_pulse_no_time,assume_wbd,041000030501,041000030102,6,True,
v01b_unit_pulse_assume_wbd,unit_pulse_no_time,assume_wbd,041000030501,041000030103,6,True,041000030103
v01b_unit_pulse_assume_wbd,unit_pulse_no_time,assume_wbd,041000030501,041000030201,6,True,041000030204
v01b_unit_pulse_assume_wbd,unit_pulse_no_time,assume_wbd,041000030501,041000030101,7,True,
v01b_unit_pulse_assume_wbd,unit_pulse_no_time,assume_wbd,041000030502,041000030502,0,True,
v01b_unit_pulse_assume_wbd,unit_pulse_no_time,assume_wbd,041000030503,041000030503,0,True,
v01b_unit_pulse_assume_wbd,unit_pulse_no_time,assume_wbd,041000030503,041000030406,1,True,
v01b_unit_pulse_assume_wbd,unit_pulse_no_time,assume_wbd,041000030503,041000030501,1,True,
v01b_unit_pulse_assume_wbd,unit_pulse_no_time,assume_wbd,041000030503,041000030502,1,True,
v01b_unit_pulse_assume_wbd,unit_pulse_no_time,assume_wbd,041000030503,041000030306,2,True,
v01b_unit_pulse_assume_wbd,unit_pulse_no_time,assume_wbd,041000030503,041000030404,2,True,
v01b_unit_pulse_assume_wbd,unit_pulse_no_time,assume_wbd,041000030503,041000030405,2,True,
v01b_unit_pulse_assume_wbd,unit_pulse_no_time,assume_wbd,041000030503,041000030304,3,True,
v01b_unit_pulse_assume_wbd,unit_pulse_no_time,assume_wbd,041000030503,041000030305,3,True,
v01b_unit_pulse_assume_wbd,unit_pulse_no_time,assume_wbd,041000030503,041000030401,3,True,
v01b_unit_pulse_assume_wbd,unit_pulse_no_time,assume_wbd,041000030503,041000030402,3,True,
v01b_unit_pulse_assume_wbd,unit_pulse_no_time,assume_wbd,041000030503,041000030403,3,True,
v01b_unit_pulse_assume_wbd,unit_pulse_no_time,assume_wbd,041000030503,041000030301,4,True,
v01b_unit_pulse_assume_wbd,unit_pulse_no_time,assume_wbd,041000030503,041000030302,4,True,
v01b_unit_pulse_assume_wbd,unit_pulse_no_time,assume_wbd,041000030503,041000030303,4,True,041000030303
v01b_unit_pulse_assume_wbd,unit_pulse_no_time,assume_wbd,041000030503,041000030106,5,True,
v01b_unit_pulse_assume_wbd,unit_pulse_no_time,assume_wbd,041000030503,041000030204,5,True,041000030204
v01b_unit_pulse_assume_wbd,unit_pulse_no_time,assume_wbd,041000030503,041000030104,6,True,
v01b_unit_pulse_assume_wbd,unit_pulse_no_time,assume_wbd,041000030503,041000030105,6,True,
v01b_unit_pulse_assume_wbd,unit_pulse_no_time,assume_wbd,041000030503,041000030202,6,True,041000030204
v01b_unit_pulse_assume_wbd,unit_pulse_no_time,assume_wbd,041000030503,041000030203,6,True,041000030204
v01b_unit_pulse_assume_wbd,unit_pulse_no_time,assume_wbd,041000030503,041000030102,7,True,
v01b_unit_pulse_assume_wbd,unit_pulse_no_time,assume_wbd,041000030503,041000030103,7,True,041000030103
v01b_unit_pulse_assume_wbd,unit_pulse_no_time,assume_wbd,041000030503,041000030201,7,True,041000030204
v01b_unit_pulse_assume_wbd,unit_pulse_no_time,assume_wbd,041000030503,041000030101,8,True,
v01b_unit_pulse_assume_wbd,unit_pulse_no_time,assume_wbd,041000030504,041000030504,0,True,
v01b_unit_pulse_assume_wbd,unit_pulse_no_time,assume_wbd,041000030505,041000030505,0,True,
v01b_unit_pulse_assume_wbd,unit_pulse_no_time,assume_wbd,041000030505,041000030503,1,True,
v01b_unit_pulse_assume_wbd,unit_pulse_no_time,assume_wbd,041000030505,041000030504,1,True,
v01b_unit_pulse_assume_wbd,unit_pulse_no_time,assume_wbd,041000030505,041000030406,2,True,
v01b_unit_pulse_assume_wbd,unit_pulse_no_time,assume_wbd,041000030505,041000030501,2,True,
v01b_unit_pulse_assume_wbd,unit_pulse_no_time,assume_wbd,041000030505,041000030502,2,True,
v01b_unit_pulse_assume_wbd,unit_pulse_no_time,assume_wbd,041000030505,041000030306,3,True,
v01b_unit_pulse_assume_wbd,unit_pulse_no_time,assume_wbd,041000030505,041000030404,3,True,
v01b_unit_pulse_assume_wbd,unit_pulse_no_time,assume_wbd,041000030505,041000030405,3,True,
v01b_unit_pulse_assume_wbd,unit_pulse_no_time,assume_wbd,041000030505,041000030304,4,True,
v01b_unit_pulse_assume_wbd,unit_pulse_no_time,assume_wbd,041000030505,041000030305,4,True,
v01b_unit_pulse_assume_wbd,unit_pulse_no_time,assume_wbd,041000030505,041000030401,4,True,
v01b_unit_pulse_assume_wbd,unit_pulse_no_time,assume_wbd,041000030505,041000030402,4,True,
v01b_unit_pulse_assume_wbd,unit_pulse_no_time,assume_wbd,041000030505,041000030403,4,True,
v01b_unit_pulse_assume_wbd,unit_pulse_no_time,assume_wbd,041000030505,041000030301,5,True,
v01b_unit_pulse_assume_wbd,unit_pulse_no_time,assume_wbd,041000030505,041000030302,5,True,
v01b_unit_pulse_assume_wbd,unit_pulse_no_time,assume_wbd,041000030505,041000030303,5,True,041000030303
v01b_unit_pulse_assume_wbd,unit_pulse_no_time,assume_wbd,041000030505,041000030106,6,True,
v01b_unit_pulse_assume_wbd,unit_pulse_no_time,assume_wbd,041000030505,041000030204,6,True,041000030204
v01b_unit_pulse_assume_wbd,unit_pulse_no_time,assume_wbd,041000030505,041000030104,7,True,
v01b_unit_pulse_assume_wbd,unit_pulse_no_time,assume_wbd,041000030505,041000030105,7,True,
v01b_unit_pulse_assume_wbd,unit_pulse_no_time,assume_wbd,041000030505,041000030202,7,True,041000030204
v01b_unit_pulse_assume_wbd,unit_pulse_no_time,assume_wbd,041000030505,041000030203,7,True,041000030204
v01b_unit_pulse_assume_wbd,unit_pulse_no_time,assume_wbd,041000030505,041000030102,8,True,
v01b_unit_pulse_assume_wbd,unit_pulse_no_time,assume_wbd,041000030505,041000030103,8,True,041000030103
v01b_unit_pulse_assume_wbd,unit_pulse_no_time,assume_wbd,041000030505,041000030201,8,True,041000030204
v01b_unit_pulse_assume_wbd,unit_pulse_no_time,assume_wbd,041000030505,041000030101,9,True,
v01b_unit_pulse_assume_wbd,unit_pulse_no_time,assume_wbd,041000030506,041000030506,0,True,
v01b_unit_pulse_assume_wbd,unit_pulse_no_time,assume_wbd,041000030506,041000030505,1,True,
v01b_unit_pulse_assume_wbd,unit_pulse_no_time,assume_wbd,041000030506,041000030503,2,True,
v01b_unit_pulse_assume_wbd,unit_pulse_no_time,assume_wbd,041000030506,041000030504,2,True,
v01b_unit_pulse_assume_wbd,unit_pulse_no_time,assume_wbd,041000030506,041000030406,3,True,
v01b_unit_pulse_assume_wbd,unit_pulse_no_time,assume_wbd,041000030506,041000030501,3,True,
v01b_unit_pulse_assume_wbd,unit_pulse_no_time,assume_wbd,041000030506,041000030502,3,True,
v01b_unit_pulse_assume_wbd,unit_pulse_no_time,assume_wbd,041000030506,041000030306,4,True,
v01b_unit_pulse_assume_wbd,unit_pulse_no_time,assume_wbd,041000030506,041000030404,4,True,
v01b_unit_pulse_assume_wbd,unit_pulse_no_time,assume_wbd,041000030506,041000030405,4,True,
v01b_unit_pulse_assume_wbd,unit_pulse_no_time,assume_wbd,041000030506,041000030304,5,True,
v01b_unit_pulse_assume_wbd,unit_pulse_no_time,assume_wbd,041000030506,041000030305,5,True,
v01b_unit_pulse_assume_wbd,unit_pulse_no_time,assume_wbd,041000030506,041000030401,5,True,
v01b_unit_pulse_assume_wbd,unit_pulse_no_time,assume_wbd,041000030506,041000030402,5,True,
v01b_unit_pulse_assume_wbd,unit_pulse_no_time,assume_wbd,041000030506,041000030403,5,True,
v01b_unit_pulse_assume_wbd,unit_pulse_no_time,assume_wbd,041000030506,041000030301,6,True,
v01b_unit_pulse_assume_wbd,unit_pulse_no_time,assume_wbd,041000030506,041000030302,6,True,
v01b_unit_pulse_assume_wbd,unit_pulse_no_time,assume_wbd,041000030506,041000030303,6,True,041000030303
v01b_unit_pulse_assume_wbd,unit_pulse_no_time,assume_wbd,041000030506,041000030106,7,True,
v01b_unit_pulse_assume_wbd,unit_pulse_no_time,assume_wbd,041000030506,041000030204,7,True,041000030204
v01b_unit_pulse_assume_wbd,unit_pulse_no_time,assume_wbd,041000030506,041000030104,8,True,
v01b_unit_pulse_assume_wbd,unit_pulse_no_time,assume_wbd,041000030506,041000030105,8,True,
v01b_unit_pulse_assume_wbd,unit_pulse_no_time,assume_wbd,041000030506,041000030202,8,True,041000030204
v01b_unit_pulse_assume_wbd,unit_pulse_no_time,assume_wbd,041000030506,041000030203,8,True,041000030204
v01b_unit_pulse_assume_wbd,unit_pulse_no_time,assume_wbd,041000030506,041000030102,9,True,
v01b_unit_pulse_assume_wbd,unit_pulse_no_time,assume_wbd,041000030506,041000030103,9,True,041000030103
v01b_unit_pulse_assume_wbd,unit_pulse_no_time,assume_wbd,041000030506,041000030201,9,True,041000030204
v01b_unit_pulse_assume_wbd,unit_pulse_no_time,assume_wbd,041000030506,041000030101,10,True,
v01b_unit_pulse_assume_wbd,unit_pulse_no_time,assume_wbd,041000030601,041000030601,0,True,
v01b_unit_pulse_assume_wbd,unit_pulse_no_time,assume_wbd,041000030602,041000030602,0,True,
v01b_unit_pulse_assume_wbd,unit_pulse_no_time,assume_wbd,041000030602,041000030601,1,True,
v01b_unit_pulse_assume_wbd,unit_pulse_no_time,assume_wbd,041000030603,041000030603,0,True,
v01b_unit_pulse_assume_wbd,unit_pulse_no_time,assume_wbd,041000030604,041000030604,0,True,
v01b_unit_pulse_assume_wbd,unit_pulse_no_time,assume_wbd,041000030604,041000030602,1,True,
v01b_unit_pulse_assume_wbd,unit_pulse_no_time,assume_wbd,041000030604,041000030603,1,True,
v01b_unit_pulse_assume_wbd,unit_pulse_no_time,assume_wbd,041000030604,041000030601,2,True,
v01b_unit_pulse_assume_wbd,unit_pulse_no_time,assume_wbd,041000030701,041000030701,0,True,
v01b_unit_pulse_assume_wbd,unit_pulse_no_time,assume_wbd,041000030702,041000030702,0,True,
v01b_unit_pulse_assume_wbd,unit_pulse_no_time,assume_wbd,041000030702,041000030701,1,True,
v01b_unit_pulse_assume_wbd,unit_pulse_no_time,assume_wbd,041000030703,041000030703,0,True,
v01b_unit_pulse_assume_wbd,unit_pulse_no_time,assume_wbd,041000030704,041000030704,0,True,
v01b_unit_pulse_assume_wbd,unit_pulse_no_time,assume_wbd,041000030705,041000030705,0,True,
v01b_unit_pulse_assume_wbd,unit_pulse_no_time,assume_wbd,041000030705,041000030703,1,True,
v01b_unit_pulse_assume_wbd,unit_pulse_no_time,assume_wbd,041000030705,041000030704,1,True,
v01b_unit_pulse_assume_wbd,unit_pulse_no_time,assume_wbd,041000030706,041000030706,0,True,
v01b_unit_pulse_assume_wbd,unit_pulse_no_time,assume_wbd,041000030707,041000030707,0,True,
v01b_unit_pulse_assume_wbd,unit_pulse_no_time,assume_wbd,041000030707,041000030604,1,True,
v01b_unit_pulse_assume_wbd,unit_pulse_no_time,assume_wbd,041000030707,041000030702,1,True,
v01b_unit_pulse_assume_wbd,unit_pulse_no_time,assume_wbd,041000030707,041000030705,1,True,
v01b_unit_pulse_assume_wbd,unit_pulse_no_time,assume_wbd,041000030707,041000030706,1,True,
v01b_unit_pulse_assume_wbd,unit_pulse_no_time,assume_wbd,041000030707,041000030602,2,True,
v01b_unit_pulse_assume_wbd,unit_pulse_no_time,assume_wbd,041000030707,041000030603,2,True,
v01b_unit_pulse_assume_wbd,unit_pulse_no_time,assume_wbd,041000030707,041000030701,2,True,
v01b_unit_pulse_assume_wbd,unit_pulse_no_time,assume_wbd,041000030707,041000030703,2,True,
v01b_unit_pulse_assume_wbd,unit_pulse_no_time,assume_wbd,041000030707,041000030704,2,True,
v01b_unit_pulse_assume_wbd,unit_pulse_no_time,assume_wbd,041000030707,041000030601,3,True,
v01b_unit_pulse_assume_wbd,unit_pulse_no_time,assume_wbd,041000030801,041000030801,0,True,
v01b_unit_pulse_assume_wbd,unit_pulse_no_time,assume_wbd,041000030802,041000030802,0,True,
v01b_unit_pulse_assume_wbd,unit_pulse_no_time,assume_wbd,041000030802,041000030506,1,True,
v01b_unit_pulse_assume_wbd,unit_pulse_no_time,assume_wbd,041000030802,041000030801,1,True,
v01b_unit_pulse_assume_wbd,unit_pulse_no_time,assume_wbd,041000030802,041000030505,2,True,
v01b_unit_pulse_assume_wbd,unit_pulse_no_time,assume_wbd,041000030802,041000030503,3,True,
v01b_unit_pulse_assume_wbd,unit_pulse_no_time,assume_wbd,041000030802,041000030504,3,True,
v01b_unit_pulse_assume_wbd,unit_pulse_no_time,assume_wbd,041000030802,041000030406,4,True,
v01b_unit_pulse_assume_wbd,unit_pulse_no_time,assume_wbd,041000030802,041000030501,4,True,
v01b_unit_pulse_assume_wbd,unit_pulse_no_time,assume_wbd,041000030802,041000030502,4,True,
v01b_unit_pulse_assume_wbd,unit_pulse_no_time,assume_wbd,041000030802,041000030306,5,True,
v01b_unit_pulse_assume_wbd,unit_pulse_no_time,assume_wbd,041000030802,041000030404,5,True,
v01b_unit_pulse_assume_wbd,unit_pulse_no_time,assume_wbd,041000030802,041000030405,5,True,
v01b_unit_pulse_assume_wbd,unit_pulse_no_time,assume_wbd,041000030802,041000030304,6,True,
v01b_unit_pulse_assume_wbd,unit_pulse_no_time,assume_wbd,041000030802,041000030305,6,True,
v01b_unit_pulse_assume_wbd,unit_pulse_no_time,assume_wbd,041000030802,041000030401,6,True,
v01b_unit_pulse_assume_wbd,unit_pulse_no_time,assume_wbd,041000030802,041000030402,6,True,
v01b_unit_pulse_assume_wbd,unit_pulse_no_time,assume_wbd,041000030802,041000030403,6,True,
v01b_unit_pulse_assume_wbd,unit_pulse_no_time,assume_wbd,041000030802,041000030301,7,True,
v01b_unit_pulse_assume_wbd,unit_pulse_no_time,assume_wbd,041000030802,041000030302,7,True,
v01b_unit_pulse_assume_wbd,unit_pulse_no_time,assume_wbd,041000030802,041000030303,7,True,041000030303
v01b_unit_pulse_assume_wbd,unit_pulse_no_time,assume_wbd,041000030802,041000030106,8,True,
v01b_unit_pulse_assume_wbd,unit_pulse_no_time,assume_wbd,041000030802,041000030204,8,True,041000030204
v01b_unit_pulse_assume_wbd,unit_pulse_no_time,assume_wbd,041000030802,041000030104,9,True,
v01b_unit_pulse_assume_wbd,unit_pulse_no_time,assume_wbd,041000030802,041000030105,9,True,
v01b_unit_pulse_assume_wbd,unit_pulse_no_time,assume_wbd,041000030802,041000030202,9,True,041000030204
v01b_unit_pulse_assume_wbd,unit_pulse_no_time,assume_wbd,041000030802,041000030203,9,True,041000030204
v01b_unit_pulse_assume_wbd,unit_pulse_no_time,assume_wbd,041000030802,041000030102,10,True,
v01b_unit_pulse_assume_wbd,unit_pulse_no_time,assume_wbd,041000030802,041000030103,10,True,041000030103
v01b_unit_pulse_assume_wbd,unit_pulse_no_time,assume_wbd,041000030802,041000030201,10,True,041000030204
v01b_unit_pulse_assume_wbd,unit_pulse_no_time,assume_wbd,041000030802,041000030101,11,True,
v01b_unit_pulse_assume_wbd,unit_pulse_no_time,assume_wbd,041000030803,041000030803,0,True,
v01b_unit_pulse_assume_wbd,unit_pulse_no_time,assume_wbd,041000030803,041000030802,1,True,
v01b_unit_pulse_assume_wbd,unit_pulse_no_time,assume_wbd,041000030803,041000030506,2,True,
v01b_unit_pulse_assume_wbd,unit_pulse_no_time,assume_wbd,041000030803,041000030801,2,True,
v01b_unit_pulse_assume_wbd,unit_pulse_no_time,assume_wbd,041000030803,041000030505,3,True,
v01b_unit_pulse_assume_wbd,unit_pulse_no_time,assume_wbd,041000030803,041000030503,4,True,
v01b_unit_pulse_assume_wbd,unit_pulse_no_time,assume_wbd,041000030803,041000030504,4,True,
v01b_unit_pulse_assume_wbd,unit_pulse_no_time,assume_wbd,041000030803,041000030406,5,True,
v01b_unit_pulse_assume_wbd,unit_pulse_no_time,assume_wbd,041000030803,041000030501,5,True,
v01b_unit_pulse_assume_wbd,unit_pulse_no_time,assume_wbd,041000030803,041000030502,5,True,
v01b_unit_pulse_assume_wbd,unit_pulse_no_time,assume_wbd,041000030803,041000030306,6,True,
v01b_unit_pulse_assume_wbd,unit_pulse_no_time,assume_wbd,041000030803,041000030404,6,True,
v01b_unit_pulse_assume_wbd,unit_pulse_no_time,assume_wbd,041000030803,041000030405,6,True,
v01b_unit_pulse_assume_wbd,unit_pulse_no_time,assume_wbd,041000030803,041000030304,7,True,
v01b_unit_pulse_assume_wbd,unit_pulse_no_time,assume_wbd,041000030803,041000030305,7,True,
v01b_unit_pulse_assume_wbd,unit_pulse_no_time,assume_wbd,041000030803,041000030401,7,True,
v01b_unit_pulse_assume_wbd,unit_pulse_no_time,assume_wbd,041000030803,041000030402,7,True,
v01b_unit_pulse_assume_wbd,unit_pulse_no_time,assume_wbd,041000030803,041000030403,7,True,
v01b_unit_pulse_assume_wbd,unit_pulse_no_time,assume_wbd,041000030803,041000030301,8,True,
v01b_unit_pulse_assume_wbd,unit_pulse_no_time,assume_wbd,041000030803,041000030302,8,True,
v01b_unit_pulse_assume_wbd,unit_pulse_no_time,assume_wbd,041000030803,041000030303,8,True,041000030303
v01b_unit_pulse_assume_wbd,unit_pulse_no_time,assume_wbd,041000030803,041000030106,9,True,
v01b_unit_pulse_assume_wbd,unit_pulse_no_time,assume_wbd,041000030803,041000030204,9,True,041000030204
v01b_unit_pulse_assume_wbd,unit_pulse_no_time,assume_wbd,041000030803,041000030104,10,True,
v01b_unit_pulse_assume_wbd,unit_pulse_no_time,assume_wbd,041000030803,041000030105,10,True,
v01b_unit_pulse_assume_wbd,unit_pulse_no_time,assume_wbd,041000030803,041000030202,10,True,041000030204
v01b_unit_pulse_assume_wbd,unit_pulse_no_time,assume_wbd,041000030803,041000030203,10,True,041000030204
v01b_unit_pulse_assume_wbd,unit_pulse_no_time,assume_wbd,041000030803,041000030102,11,True,
v01b_unit_pulse_assume_wbd,unit_pulse_no_time,assume_wbd,041000030803,041000030103,11,True,041000030103
v01b_unit_pulse_assume_wbd,unit_pulse_no_time,assume_wbd,041000030803,041000030201,11,True,041000030204
v01b_unit_pulse_assume_wbd,unit_pulse_no_time,assume_wbd,041000030803,041000030101,12,True,
v01b_unit_pulse_assume_wbd,unit_pulse_no_time,assume_wbd,041000030804,041000030804,0,True,
v01b_unit_pulse_assume_wbd,unit_pulse_no_time,assume_wbd,041000030804,041000030803,1,True,
v01b_unit_pulse_assume_wbd,unit_pulse_no_time,assume_wbd,041000030804,041000030802,2,True,
v01b_unit_pulse_assume_wbd,unit_pulse_no_time,assume_wbd,041000030804,041000030506,3,True,
v01b_unit_pulse_assume_wbd,unit_pulse_no_time,assume_wbd,041000030804,041000030801,3,True,
v01b_unit_pulse_assume_wbd,unit_pulse_no_time,assume_wbd,041000030804,041000030505,4,True,
v01b_unit_pulse_assume_wbd,unit_pulse_no_time,assume_wbd,041000030804,041000030503,5,True,
v01b_unit_pulse_assume_wbd,unit_pulse_no_time,assume_wbd,041000030804,041000030504,5,True,
v01b_unit_pulse_assume_wbd,unit_pulse_no_time,assume_wbd,041000030804,041000030406,6,True,
v01b_unit_pulse_assume_wbd,unit_pulse_no_time,assume_wbd,041000030804,041000030501,6,True,
v01b_unit_pulse_assume_wbd,unit_pulse_no_time,assume_wbd,041000030804,041000030502,6,True,
v01b_unit_pulse_assume_wbd,unit_pulse_no_time,assume_wbd,041000030804,041000030306,7,True,
v01b_unit_pulse_assume_wbd,unit_pulse_no_time,assume_wbd,041000030804,041000030404,7,True,
v01b_unit_pulse_assume_wbd,unit_pulse_no_time,assume_wbd,041000030804,041000030405,7,True,
v01b_unit_pulse_assume_wbd,unit_pulse_no_time,assume_wbd,041000030804,041000030304,8,True,
v01b_unit_pulse_assume_wbd,unit_pulse_no_time,assume_wbd,041000030804,041000030305,8,True,
v01b_unit_pulse_assume_wbd,unit_pulse_no_time,assume_wbd,041000030804,041000030401,8,True,
v01b_unit_pulse_assume_wbd,unit_pulse_no_time,assume_wbd,041000030804,041000030402,8,True,
v01b_unit_pulse_assume_wbd,unit_pulse_no_time,assume_wbd,041000030804,041000030403,8,True,
v01b_unit_pulse_assume_wbd,unit_pulse_no_time,assume_wbd,041000030804,041000030301,9,True,
v01b_unit_pulse_assume_wbd,unit_pulse_no_time,assume_wbd,041000030804,041000030302,9,True,
v01b_unit_pulse_assume_wbd,unit_pulse_no_time,assume_wbd,041000030804,041000030303,9,True,041000030303
v01b_unit_pulse_assume_wbd,unit_pulse_no_time,assume_wbd,041000030804,041000030106,10,True,
v01b_unit_pulse_assume_wbd,unit_pulse_no_time,assume_wbd,041000030804,041000030204,10,True,041000030204
v01b_unit_pulse_assume_wbd,unit_pulse_no_time,assume_wbd,041000030804,041000030104,11,True,
v01b_unit_pulse_assume_wbd,unit_pulse_no_time,assume_wbd,041000030804,041000030105,11,True,
v01b_unit_pulse_assume_wbd,unit_pulse_no_time,assume_wbd,041000030804,041000030202,11,True,041000030204
v01b_unit_pulse_assume_wbd,unit_pulse_no_time,assume_wbd,041000030804,041000030203,11,True,041000030204
v01b_unit_pulse_assume_wbd,unit_pulse_no_time,assume_wbd,041000030804,041000030102,12,True,
v01b_unit_pulse_assume_wbd,unit_pulse_no_time,assume_wbd,041000030804,041000030103,12,True,041000030103
v01b_unit_pulse_assume_wbd,unit_pulse_no_time,assume_wbd,041000030804,041000030201,12,True,041000030204
v01b_unit_pulse_assume_wbd,unit_pulse_no_time,assume_wbd,041000030804,041000030101,13,True,
v01b_unit_pulse_assume_wbd,unit_pulse_no_time,assume_wbd,041000030805,041000030805,0,True,
v01b_unit_pulse_assume_wbd,unit_pulse_no_time,assume_wbd,041000030805,041000030707,1,True,
v01b_unit_pulse_assume_wbd,unit_pulse_no_time,assume_wbd,041000030805,041000030804,1,True,
v01b_unit_pulse_assume_wbd,unit_pulse_no_time,assume_wbd,041000030805,041000030604,2,True,
v01b_unit_pulse_assume_wbd,unit_pulse_no_time,assume_wbd,041000030805,041000030702,2,True,
v01b_unit_pulse_assume_wbd,unit_pulse_no_time,assume_wbd,041000030805,041000030705,2,True,
v01b_unit_pulse_assume_wbd,unit_pulse_no_time,assume_wbd,041000030805,041000030706,2,True,
v01b_unit_pulse_assume_wbd,unit_pulse_no_time,assume_wbd,041000030805,041000030803,2,True,
v01b_unit_pulse_assume_wbd,unit_pulse_no_time,assume_wbd,041000030805,041000030602,3,True,
v01b_unit_pulse_assume_wbd,unit_pulse_no_time,assume_wbd,041000030805,041000030603,3,True,
v01b_unit_pulse_assume_wbd,unit_pulse_no_time,assume_wbd,041000030805,041000030701,3,True,
v01b_unit_pulse_assume_wbd,unit_pulse_no_time,assume_wbd,041000030805,041000030703,3,True,
v01b_unit_pulse_assume_wbd,unit_pulse_no_time,assume_wbd,041000030805,041000030704,3,True,
v01b_unit_pulse_assume_wbd,unit_pulse_no_time,assume_wbd,041000030805,041000030802,3,True,
v01b_unit_pulse_assume_wbd,unit_pulse_no_time,assume_wbd,041000030805,041000030506,4,True,
v01b_unit_pulse_assume_wbd,unit_pulse_no_time,assume_wbd,041000030805,041000030601,4,True,
v01b_unit_pulse_assume_wbd,unit_pulse_no_time,assume_wbd,041000030805,041000030801,4,True,
v01b_unit_pulse_assume_wbd,unit_pulse_no_time,assume_wbd,041000030805,041000030505,5,True,
v01b_unit_pulse_assume_wbd,unit_pulse_no_time,assume_wbd,041000030805,041000030503,6,True,
v01b_unit_pulse_assume_wbd,unit_pulse_no_time,assume_wbd,041000030805,041000030504,6,True,
v01b_unit_pulse_assume_wbd,unit_pulse_no_time,assume_wbd,041000030805,041000030406,7,True,
v01b_unit_pulse_assume_wbd,unit_pulse_no_time,assume_wbd,041000030805,041000030501,7,True,
v01b_unit_pulse_assume_wbd,unit_pulse_no_time,assume_wbd,041000030805,041000030502,7,True,
v01b_unit_pulse_assume_wbd,unit_pulse_no_time,assume_wbd,041000030805,041000030306,8,True,
v01b_unit_pulse_assume_wbd,unit_pulse_no_time,assume_wbd,041000030805,041000030404,8,True,
v01b_unit_pulse_assume_wbd,unit_pulse_no_time,assume_wbd,041000030805,041000030405,8,True,
v01b_unit_pulse_assume_wbd,unit_pulse_no_time,assume_wbd,041000030805,041000030304,9,True,
v01b_unit_pulse_assume_wbd,unit_pulse_no_time,assume_wbd,041000030805,041000030305,9,True,
v01b_unit_pulse_assume_wbd,unit_pulse_no_time,assume_wbd,041000030805,041000030401,9,True,
v01b_unit_pulse_assume_wbd,unit_pulse_no_time,assume_wbd,041000030805,041000030402,9,True,
v01b_unit_pulse_assume_wbd,unit_pulse_no_time,assume_wbd,041000030805,041000030403,9,True,
v01b_unit_pulse_assume_wbd,unit_pulse_no_time,assume_wbd,041000030805,041000030301,10,True,
v01b_unit_pulse_assume_wbd,unit_pulse_no_time,assume_wbd,041000030805,041000030302,10,True,
v01b_unit_pulse_assume_wbd,unit_pulse_no_time,assume_wbd,041000030805,041000030303,10,True,041000030303
v01b_unit_pulse_assume_wbd,unit_pulse_no_time,assume_wbd,041000030805,041000030106,11,True,
v01b_unit_pulse_assume_wbd,unit_pulse_no_time,assume_wbd,041000030805,041000030204,11,True,041000030204
v01b_unit_pulse_assume_wbd,unit_pulse_no_time,assume_wbd,041000030805,041000030104,12,True,
v01b_unit_pulse_assume_wbd,unit_pulse_no_time,assume_wbd,041000030805,041000030105,12,True,
v01b_unit_pulse_assume_wbd,unit_pulse_no_time,assume_wbd,041000030805,041000030202,12,True,041000030204
v01b_unit_pulse_assume_wbd,unit_pulse_no_time,assume_wbd,041000030805,041000030203,12,True,041000030204
v01b_unit_pulse_assume_wbd,unit_pulse_no_time,assume_wbd,041000030805,041000030102,13,True,
v01b_unit_pulse_assume_wbd,unit_pulse_no_time,assume_wbd,041000030805,041000030103,13,True,041000030103
v01b_unit_pulse_assume_wbd,unit_pulse_no_time,assume_wbd,041000030805,041000030201,13,True,041000030204
v01b_unit_pulse_assume_wbd,unit_pulse_no_time,assume_wbd,041000030805,041000030101,14,True,
v01b_unit_pulse_assume_wbd,unit_pulse_no_time,assume_wbd,041000030806,041000030806,0,True,
v01b_unit_pulse_assume_wbd,unit_pulse_no_time,assume_wbd,041000030806,041000030805,1,True,
v01b_unit_pulse_assume_wbd,unit_pulse_no_time,assume_wbd,041000030806,041000030707,2,True,
v01b_unit_pulse_assume_wbd,unit_pulse_no_time,assume_wbd,041000030806,041000030804,2,True,
v01b_unit_pulse_assume_wbd,unit_pulse_no_time,assume_wbd,041000030806,041000030604,3,True,
v01b_unit_pulse_assume_wbd,unit_pulse_no_time,assume_wbd,041000030806,041000030702,3,True,
v01b_unit_pulse_assume_wbd,unit_pulse_no_time,assume_wbd,041000030806,041000030705,3,True,
v01b_unit_pulse_assume_wbd,unit_pulse_no_time,assume_wbd,041000030806,041000030706,3,True,
v01b_unit_pulse_assume_wbd,unit_pulse_no_time,assume_wbd,041000030806,041000030803,3,True,
v01b_unit_pulse_assume_wbd,unit_pulse_no_time,assume_wbd,041000030806,041000030602,4,True,
v01b_unit_pulse_assume_wbd,unit_pulse_no_time,assume_wbd,041000030806,041000030603,4,True,
v01b_unit_pulse_assume_wbd,unit_pulse_no_time,assume_wbd,041000030806,041000030701,4,True,
v01b_unit_pulse_assume_wbd,unit_pulse_no_time,assume_wbd,041000030806,041000030703,4,True,
v01b_unit_pulse_assume_wbd,unit_pulse_no_time,assume_wbd,041000030806,041000030704,4,True,
v01b_unit_pulse_assume_wbd,unit_pulse_no_time,assume_wbd,041000030806,041000030802,4,True,
v01b_unit_pulse_assume_wbd,unit_pulse_no_time,assume_wbd,041000030806,041000030506,5,True,
v01b_unit_pulse_assume_wbd,unit_pulse_no_time,assume_wbd,041000030806,041000030601,5,True,
v01b_unit_pulse_assume_wbd,unit_pulse_no_time,assume_wbd,041000030806,041000030801,5,True,
v01b_unit_pulse_assume_wbd,unit_pulse_no_time,assume_wbd,041000030806,041000030505,6,True,
v01b_unit_pulse_assume_wbd,unit_pulse_no_time,assume_wbd,041000030806,041000030503,7,True,
v01b_unit_pulse_assume_wbd,unit_pulse_no_time,assume_wbd,041000030806,041000030504,7,True,
v01b_unit_pulse_assume_wbd,unit_pulse_no_time,assume_wbd,041000030806,041000030406,8,True,
v01b_unit_pulse_assume_wbd,unit_pulse_no_time,assume_wbd,041000030806,041000030501,8,True,
v01b_unit_pulse_assume_wbd,unit_pulse_no_time,assume_wbd,041000030806,041000030502,8,True,
v01b_unit_pulse_assume_wbd,unit_pulse_no_time,assume_wbd,041000030806,041000030306,9,True,
v01b_unit_pulse_assume_wbd,unit_pulse_no_time,assume_wbd,041000030806,041000030404,9,True,
v01b_unit_pulse_assume_wbd,unit_pulse_no_time,assume_wbd,041000030806,041000030405,9,True,
v01b_unit_pulse_assume_wbd,unit_pulse_no_time,assume_wbd,041000030806,041000030304,10,True,
v01b_unit_pulse_assume_wbd,unit_pulse_no_time,assume_wbd,041000030806,041000030305,10,True,
v01b_unit_pulse_assume_wbd,unit_pulse_no_time,assume_wbd,041000030806,041000030401,10,True,
v01b_unit_pulse_assume_wbd,unit_pulse_no_time,assume_wbd,041000030806,041000030402,10,True,
v01b_unit_pulse_assume_wbd,unit_pulse_no_time,assume_wbd,041000030806,041000030403,10,True,
v01b_unit_pulse_assume_wbd,unit_pulse_no_time,assume_wbd,041000030806,041000030301,11,True,
v01b_unit_pulse_assume_wbd,unit_pulse_no_time,assume_wbd,041000030806,041000030302,11,True,
v01b_unit_pulse_assume_wbd,unit_pulse_no_time,assume_wbd,041000030806,041000030303,11,True,041000030303
v01b_unit_pulse_assume_wbd,unit_pulse_no_time,assume_wbd,041000030806,041000030106,12,True,
v01b_unit_pulse_assume_wbd,unit_pulse_no_time,assume_wbd,041000030806,041000030204,12,True,041000030204
v01b_unit_pulse_assume_wbd,unit_pulse_no_time,assume_wbd,041000030806,041000030104,13,True,
v01b_unit_pulse_assume_wbd,unit_pulse_no_time,assume_wbd,041000030806,041000030105,13,True,
v01b_unit_pulse_assume_wbd,unit_pulse_no_time,assume_wbd,041000030806,041000030202,13,True,041000030204
v01b_unit_pulse_assume_wbd,unit_pulse_no_time,assume_wbd,041000030806,041000030203,13,True,041000030204
v01b_unit_pulse_assume_wbd,unit_pulse_no_time,assume_wbd,041000030806,041000030102,14,True,
v01b_unit_pulse_assume_wbd,unit_pulse_no_time,assume_wbd,041000030806,041000030103,14,True,041000030103
v01b_unit_pulse_assume_wbd,unit_pulse_no_time,assume_wbd,041000030806,041000030201,14,True,041000030204
v01b_unit_pulse_assume_wbd,unit_pulse_no_time,assume_wbd,041000030806,041000030101,15,True,
v01b_unit_pulse_assume_wbd,unit_pulse_no_time,assume_wbd,041000040101,041000040101,0,True,
v01b_unit_pulse_assume_wbd,unit_pulse_no_time,assume_wbd,041000040102,041000040102,0,True,
v01b_unit_pulse_assume_wbd,unit_pulse_no_time,assume_wbd,041000040103,041000040103,0,True,
v01b_unit_pulse_assume_wbd,unit_pulse_no_time,assume_wbd,041000040103,041000040101,1,True,
v01b_unit_pulse_assume_wbd,unit_pulse_no_time,assume_wbd,041000040103,041000040102,1,True,041000040102
v01b_unit_pulse_assume_wbd,unit_pulse_no_time,assume_wbd,041000040104,041000040104,0,True,
v01b_unit_pulse_assume_wbd,unit_pulse_no_time,assume_wbd,041000040105,041000040105,0,True,
v01b_unit_pulse_assume_wbd,unit_pulse_no_time,assume_wbd,041000040106,041000040106,0,True,
v01b_unit_pulse_assume_wbd,unit_pulse_no_time,assume_wbd,041000040106,041000040103,1,True,
v01b_unit_pulse_assume_wbd,unit_pulse_no_time,assume_wbd,041000040106,041000040104,1,True,
v01b_unit_pulse_assume_wbd,unit_pulse_no_time,assume_wbd,041000040106,041000040105,1,True,
v01b_unit_pulse_assume_wbd,unit_pulse_no_time,assume_wbd,041000040106,041000040101,2,True,
v01b_unit_pulse_assume_wbd,unit_pulse_no_time,assume_wbd,041000040106,041000040102,2,True,041000040102
v01b_unit_pulse_assume_wbd,unit_pulse_no_time,assume_wbd,041000040201,041000040201,0,True,
v01b_unit_pulse_assume_wbd,unit_pulse_no_time,assume_wbd,041000040202,041000040202,0,True,
v01b_unit_pulse_assume_wbd,unit_pulse_no_time,assume_wbd,041000040203,041000040203,0,True,
v01b_unit_pulse_assume_wbd,unit_pulse_no_time,assume_wbd,041000040204,041000040204,0,True,
v01b_unit_pulse_assume_wbd,unit_pulse_no_time,assume_wbd,041000040204,041000040203,1,True,
v01b_unit_pulse_assume_wbd,unit_pulse_no_time,assume_wbd,041000040205,041000040205,0,True,
v01b_unit_pulse_assume_wbd,unit_pulse_no_time,assume_wbd,041000040205,041000040106,1,True,
v01b_unit_pulse_assume_wbd,unit_pulse_no_time,assume_wbd,041000040205,041000040201,1,True,
v01b_unit_pulse_assume_wbd,unit_pulse_no_time,assume_wbd,041000040205,041000040202,1,True,
v01b_unit_pulse_assume_wbd,unit_pulse_no_time,assume_wbd,041000040205,041000040204,1,True,
v01b_unit_pulse_assume_wbd,unit_pulse_no_time,assume_wbd,041000040205,041000040103,2,True,
v01b_unit_pulse_assume_wbd,unit_pulse_no_time,assume_wbd,041000040205,041000040104,2,True,
v01b_unit_pulse_assume_wbd,unit_pulse_no_time,assume_wbd,041000040205,041000040105,2,True,
v01b_unit_pulse_assume_wbd,unit_pulse_no_time,assume_wbd,041000040205,041000040203,2,True,
v01b_unit_pulse_assume_wbd,unit_pulse_no_time,assume_wbd,041000040205,041000040101,3,True,
v01b_unit_pulse_assume_wbd,unit_pulse_no_time,assume_wbd,041000040205,041000040102,3,True,041000040102
v01b_unit_pulse_assume_wbd,unit_pulse_no_time,assume_wbd,041000040301,041000040301,0,True,
v01b_unit_pulse_assume_wbd,unit_pulse_no_time,assume_wbd,041000040302,041000040302,0,True,
v01b_unit_pulse_assume_wbd,unit_pulse_no_time,assume_wbd,041000040302,041000040301,1,True,
v01b_unit_pulse_assume_wbd,unit_pulse_no_time,assume_wbd,041000040303,041000040303,0,True,
v01b_unit_pulse_assume_wbd,unit_pulse_no_time,assume_wbd,041000040303,041000040205,1,True,
v01b_unit_pulse_assume_wbd,unit_pulse_no_time,assume_wbd,041000040303,041000040302,1,True,
v01b_unit_pulse_assume_wbd,unit_pulse_no_time,assume_wbd,041000040303,041000040106,2,True,
v01b_unit_pulse_assume_wbd,unit_pulse_no_time,assume_wbd,041000040303,041000040201,2,True,
v01b_unit_pulse_assume_wbd,unit_pulse_no_time,assume_wbd,041000040303,041000040202,2,True,
v01b_unit_pulse_assume_wbd,unit_pulse_no_time,assume_wbd,041000040303,041000040204,2,True,
v01b_unit_pulse_assume_wbd,unit_pulse_no_time,assume_wbd,041000040303,041000040301,2,True,
v01b_unit_pulse_assume_wbd,unit_pulse_no_time,assume_wbd,041000040303,041000040103,3,True,
v01b_unit_pulse_assume_wbd,unit_pulse_no_time,assume_wbd,041000040303,041000040104,3,True,
v01b_unit_pulse_assume_wbd,unit_pulse_no_time,assume_wbd,041000040303,041000040105,3,True,
v01b_unit_pulse_assume_wbd,unit_pulse_no_time,assume_wbd,041000040303,041000040203,3,True,
v01b_unit_pulse_assume_wbd,unit_pulse_no_time,assume_wbd,041000040303,041000040101,4,True,
v01b_unit_pulse_assume_wbd,unit_pulse_no_time,assume_wbd,041000040303,041000040102,4,True,041000040102
v01b_unit_pulse_assume_wbd,unit_pulse_no_time,assume_wbd,041000040304,041000040304,0,True,
v01b_unit_pulse_assume_wbd,unit_pulse_no_time,assume_wbd,041000040305,041000040305,0,True,
v01b_unit_pulse_assume_wbd,unit_pulse_no_time,assume_wbd,041000040305,041000040303,1,True,
v01b_unit_pulse_assume_wbd,unit_pulse_no_time,assume_wbd,041000040305,041000040304,1,True,
v01b_unit_pulse_assume_wbd,unit_pulse_no_time,assume_wbd,041000040305,041000040205,2,True,
v01b_unit_pulse_assume_wbd,unit_pulse_no_time,assume_wbd,041000040305,041000040302,2,True,
v01b_unit_pulse_assume_wbd,unit_pulse_no_time,assume_wbd,041000040305,041000040106,3,True,
v01b_unit_pulse_assume_wbd,unit_pulse_no_time,assume_wbd,041000040305,041000040201,3,True,
v01b_unit_pulse_assume_wbd,unit_pulse_no_time,assume_wbd,041000040305,041000040202,3,True,
v01b_unit_pulse_assume_wbd,unit_pulse_no_time,assume_wbd,041000040305,041000040204,3,True,
v01b_unit_pulse_assume_wbd,unit_pulse_no_time,assume_wbd,041000040305,041000040301,3,True,
v01b_unit_pulse_assume_wbd,unit_pulse_no_time,assume_wbd,041000040305,041000040103,4,True,
v01b_unit_pulse_assume_wbd,unit_pulse_no_time,assume_wbd,041000040305,041000040104,4,True,
v01b_unit_pulse_assume_wbd,unit_pulse_no_time,assume_wbd,041000040305,041000040105,4,True,
v01b_unit_pulse_assume_wbd,unit_pulse_no_time,assume_wbd,041000040305,041000040203,4,True,
v01b_unit_pulse_assume_wbd,unit_pulse_no_time,assume_wbd,041000040305,041000040101,5,True,
v01b_unit_pulse_assume_wbd,unit_pulse_no_time,assume_wbd,041000040305,041000040102,5,True,041000040102
v01b_unit_pulse_assume_wbd,unit_pulse_no_time,assume_wbd,041000040401,041000040401,0,True,
v01b_unit_pulse_assume_wbd,unit_pulse_no_time,assume_wbd,041000040402,041000040402,0,True,
v01b_unit_pulse_assume_wbd,unit_pulse_no_time,assume_wbd,041000040403,041000040403,0,True,
v01b_unit_pulse_assume_wbd,unit_pulse_no_time,assume_wbd,041000040404,041000040404,0,True,
v01b_unit_pulse_assume_wbd,unit_pulse_no_time,assume_wbd,041000040405,041000040405,0,True,
v01b_unit_pulse_assume_wbd,unit_pulse_no_time,assume_wbd,041000040405,041000040402,1,True,
v01b_unit_pulse_assume_wbd,unit_pulse_no_time,assume_wbd,041000040405,041000040403,1,True,
v01b_unit_pulse_assume_wbd,unit_pulse_no_time,assume_wbd,041000040405,041000040404,1,True,
v01b_unit_pulse_assume_wbd,unit_pulse_no_time,assume_wbd,041000040406,041000040406,0,True,
v01b_unit_pulse_assume_wbd,unit_pulse_no_time,assume_wbd,041000040407,041000040407,0,True,
v01b_unit_pulse_assume_wbd,unit_pulse_no_time,assume_wbd,041000040408,041000040408,0,True,
v01b_unit_pulse_assume_wbd,unit_pulse_no_time,assume_wbd,041000040408,041000040305,1,True,
v01b_unit_pulse_assume_wbd,unit_pulse_no_time,assume_wbd,041000040408,041000040401,1,True,
v01b_unit_pulse_assume_wbd,unit_pulse_no_time,assume_wbd,041000040408,041000040405,1,True,
v01b_unit_pulse_assume_wbd,unit_pulse_no_time,assume_wbd,041000040408,041000040406,1,True,
v01b_unit_pulse_assume_wbd,unit_pulse_no_time,assume_wbd,041000040408,041000040407,1,True,
v01b_unit_pulse_assume_wbd,unit_pulse_no_time,assume_wbd,041000040408,041000040303,2,True,
v01b_unit_pulse_assume_wbd,unit_pulse_no_time,assume_wbd,041000040408,041000040304,2,True,
v01b_unit_pulse_assume_wbd,unit_pulse_no_time,assume_wbd,041000040408,041000040402,2,True,
v01b_unit_pulse_assume_wbd,unit_pulse_no_time,assume_wbd,041000040408,041000040403,2,True,
v01b_unit_pulse_assume_wbd,unit_pulse_no_time,assume_wbd,041000040408,041000040404,2,True,
v01b_unit_pulse_assume_wbd,unit_pulse_no_time,assume_wbd,041000040408,041000040205,3,True,
v01b_unit_pulse_assume_wbd,unit_pulse_no_time,assume_wbd,041000040408,041000040302,3,True,
v01b_unit_pulse_assume_wbd,unit_pulse_no_time,assume_wbd,041000040408,041000040106,4,True,
v01b_unit_pulse_assume_wbd,unit_pulse_no_time,assume_wbd,041000040408,041000040201,4,True,
v01b_unit_pulse_assume_wbd,unit_pulse_no_time,assume_wbd,041000040408,041000040202,4,True,
v01b_unit_pulse_assume_wbd,unit_pulse_no_time,assume_wbd,041000040408,041000040204,4,True,
v01b_unit_pulse_assume_wbd,unit_pulse_no_time,assume_wbd,041000040408,041000040301,4,True,
v01b_unit_pulse_assume_wbd,unit_pulse_no_time,assume_wbd,041000040408,041000040103,5,True,
v01b_unit_pulse_assume_wbd,unit_pulse_no_time,assume_wbd,041000040408,041000040104,5,True,
v01b_unit_pulse_assume_wbd,unit_pulse_no_time,assume_wbd,041000040408,041000040105,5,True,
v01b_unit_pulse_assume_wbd,unit_pulse_no_time,assume_wbd,041000040408,041000040203,5,True,
v01b_unit_pulse_assume_wbd,unit_pulse_no_time,assume_wbd,041000040408,041000040101,6,True,
v01b_unit_pulse_assume_wbd,unit_pulse_no_time,assume_wbd,041000040408,041000040102,6,True,041000040102
v01b_unit_pulse_assume_wbd,unit_pulse_no_time,assume_wbd,041000040501,041000040501,0,True,
v01b_unit_pulse_assume_wbd,unit_pulse_no_time,assume_wbd,041000040502,041000040502,0,True,
v01b_unit_pulse_assume_wbd,unit_pulse_no_time,assume_wbd,041000040502,041000040408,1,True,
v01b_unit_pulse_assume_wbd,unit_pulse_no_time,assume_wbd,041000040502,041000040501,1,True,
v01b_unit_pulse_assume_wbd,unit_pulse_no_time,assume_wbd,041000040502,041000040305,2,True,
v01b_unit_pulse_assume_wbd,unit_pulse_no_time,assume_wbd,041000040502,041000040401,2,True,
v01b_unit_pulse_assume_wbd,unit_pulse_no_time,assume_wbd,041000040502,041000040405,2,True,
v01b_unit_pulse_assume_wbd,unit_pulse_no_time,assume_wbd,041000040502,041000040406,2,True,
v01b_unit_pulse_assume_wbd,unit_pulse_no_time,assume_wbd,041000040502,041000040407,2,True,
v01b_unit_pulse_assume_wbd,unit_pulse_no_time,assume_wbd,041000040502,041000040303,3,True,
v01b_unit_pulse_assume_wbd,unit_pulse_no_time,assume_wbd,041000040502,041000040304,3,True,
v01b_unit_pulse_assume_wbd,unit_pulse_no_time,assume_wbd,041000040502,041000040402,3,True,
v01b_unit_pulse_assume_wbd,unit_pulse_no_time,assume_wbd,041000040502,041000040403,3,True,
v01b_unit_pulse_assume_wbd,unit_pulse_no_time,assume_wbd,041000040502,041000040404,3,True,
v01b_unit_pulse_assume_wbd,unit_pulse_no_time,assume_wbd,041000040502,041000040205,4,True,
v01b_unit_pulse_assume_wbd,unit_pulse_no_time,assume_wbd,041000040502,041000040302,4,True,
v01b_unit_pulse_assume_wbd,unit_pulse_no_time,assume_wbd,041000040502,041000040106,5,True,
v01b_unit_pulse_assume_wbd,unit_pulse_no_time,assume_wbd,041000040502,041000040201,5,True,
v01b_unit_pulse_assume_wbd,unit_pulse_no_time,assume_wbd,041000040502,041000040202,5,True,
v01b_unit_pulse_assume_wbd,unit_pulse_no_time,assume_wbd,041000040502,041000040204,5,True,
v01b_unit_pulse_assume_wbd,unit_pulse_no_time,assume_wbd,041000040502,041000040301,5,True,
v01b_unit_pulse_assume_wbd,unit_pulse_no_time,assume_wbd,041000040502,041000040103,6,True,
v01b_unit_pulse_assume_wbd,unit_pulse_no_time,assume_wbd,041000040502,041000040104,6,True,
v01b_unit_pulse_assume_wbd,unit_pulse_no_time,assume_wbd,041000040502,041000040105,6,True,
v01b_unit_pulse_assume_wbd,unit_pulse_no_time,assume_wbd,041000040502,041000040203,6,True,
v01b_unit_pulse_assume_wbd,unit_pulse_no_time,assume_wbd,041000040502,041000040101,7,True,
v01b_unit_pulse_assume_wbd,unit_pulse_no_time,assume_wbd,041000040502,041000040102,7,True,041000040102
v01b_unit_pulse_assume_wbd,unit_pulse_no_time,assume_wbd,041000040503,041000040503,0,True,
v01b_unit_pulse_assume_wbd,unit_pulse_no_time,assume_wbd,041000040504,041000040504,0,True,
v01b_unit_pulse_assume_wbd,unit_pulse_no_time,assume_wbd,041000040504,041000040502,1,True,
v01b_unit_pulse_assume_wbd,unit_pulse_no_time,assume_wbd,041000040504,041000040503,1,True,
v01b_unit_pulse_assume_wbd,unit_pulse_no_time,assume_wbd,041000040504,041000040408,2,True,
v01b_unit_pulse_assume_wbd,unit_pulse_no_time,assume_wbd,041000040504,041000040501,2,True,
v01b_unit_pulse_assume_wbd,unit_pulse_no_time,assume_wbd,041000040504,041000040305,3,True,
v01b_unit_pulse_assume_wbd,unit_pulse_no_time,assume_wbd,041000040504,041000040401,3,True,
v01b_unit_pulse_assume_wbd,unit_pulse_no_time,assume_wbd,041000040504,041000040405,3,True,
v01b_unit_pulse_assume_wbd,unit_pulse_no_time,assume_wbd,041000040504,041000040406,3,True,
v01b_unit_pulse_assume_wbd,unit_pulse_no_time,assume_wbd,041000040504,041000040407,3,True,
v01b_unit_pulse_assume_wbd,unit_pulse_no_time,assume_wbd,041000040504,041000040303,4,True,
v01b_unit_pulse_assume_wbd,unit_pulse_no_time,assume_wbd,041000040504,041000040304,4,True,
v01b_unit_pulse_assume_wbd,unit_pulse_no_time,assume_wbd,041000040504,041000040402,4,True,
v01b_unit_pulse_assume_wbd,unit_pulse_no_time,assume_wbd,041000040504,041000040403,4,True,
v01b_unit_pulse_assume_wbd,unit_pulse_no_time,assume_wbd,041000040504,041000040404,4,True,
v01b_unit_pulse_assume_wbd,unit_pulse_no_time,assume_wbd,041000040504,041000040205,5,True,
v01b_unit_pulse_assume_wbd,unit_pulse_no_time,assume_wbd,041000040504,041000040302,5,True,
v01b_unit_pulse_assume_wbd,unit_pulse_no_time,assume_wbd,041000040504,041000040106,6,True,
v01b_unit_pulse_assume_wbd,unit_pulse_no_time,assume_wbd,041000040504,041000040201,6,True,
v01b_unit_pulse_assume_wbd,unit_pulse_no_time,assume_wbd,041000040504,041000040202,6,True,
v01b_unit_pulse_assume_wbd,unit_pulse_no_time,assume_wbd,041000040504,041000040204,6,True,
v01b_unit_pulse_assume_wbd,unit_pulse_no_time,assume_wbd,041000040504,041000040301,6,True,
v01b_unit_pulse_assume_wbd,unit_pulse_no_time,assume_wbd,041000040504,041000040103,7,True,
v01b_unit_pulse_assume_wbd,unit_pulse_no_time,assume_wbd,041000040504,041000040104,7,True,
v01b_unit_pulse_assume_wbd,unit_pulse_no_time,assume_wbd,041000040504,041000040105,7,True,
v01b_unit_pulse_assume_wbd,unit_pulse_no_time,assume_wbd,041000040504,041000040203,7,True,
v01b_unit_pulse_assume_wbd,unit_pulse_no_time,assume_wbd,041000040504,041000040101,8,True,
v01b_unit_pulse_assume_wbd,unit_pulse_no_time,assume_wbd,041000040504,041000040102,8,True,041000040102
v01b_unit_pulse_assume_wbd,unit_pulse_no_time,assume_wbd,041000040601,041000040601,0,True,
v01b_unit_pulse_assume_wbd,unit_pulse_no_time,assume_wbd,041000040602,041000040602,0,True,
v01b_unit_pulse_assume_wbd,unit_pulse_no_time,assume_wbd,041000040602,041000040504,1,True,
v01b_unit_pulse_assume_wbd,unit_pulse_no_time,assume_wbd,041000040602,041000040502,2,True,
v01b_unit_pulse_assume_wbd,unit_pulse_no_time,assume_wbd,041000040602,041000040503,2,True,
v01b_unit_pulse_assume_wbd,unit_pulse_no_time,assume_wbd,041000040602,041000040408,3,True,
v01b_unit_pulse_assume_wbd,unit_pulse_no_time,assume_wbd,041000040602,041000040501,3,True,
v01b_unit_pulse_assume_wbd,unit_pulse_no_time,assume_wbd,041000040602,041000040305,4,True,
v01b_unit_pulse_assume_wbd,unit_pulse_no_time,assume_wbd,041000040602,041000040401,4,True,
v01b_unit_pulse_assume_wbd,unit_pulse_no_time,assume_wbd,041000040602,041000040405,4,True,
v01b_unit_pulse_assume_wbd,unit_pulse_no_time,assume_wbd,041000040602,041000040406,4,True,
v01b_unit_pulse_assume_wbd,unit_pulse_no_time,assume_wbd,041000040602,041000040407,4,True,
v01b_unit_pulse_assume_wbd,unit_pulse_no_time,assume_wbd,041000040602,041000040303,5,True,
v01b_unit_pulse_assume_wbd,unit_pulse_no_time,assume_wbd,041000040602,041000040304,5,True,
v01b_unit_pulse_assume_wbd,unit_pulse_no_time,assume_wbd,041000040602,041000040402,5,True,
v01b_unit_pulse_assume_wbd,unit_pulse_no_time,assume_wbd,041000040602,041000040403,5,True,
v01b_unit_pulse_assume_wbd,unit_pulse_no_time,assume_wbd,041000040602,041000040404,5,True,
v01b_unit_pulse_assume_wbd,unit_pulse_no_time,assume_wbd,041000040602,041000040205,6,True,
v01b_unit_pulse_assume_wbd,unit_pulse_no_time,assume_wbd,041000040602,041000040302,6,True,
v01b_unit_pulse_assume_wbd,unit_pulse_no_time,assume_wbd,041000040602,041000040106,7,True,
v01b_unit_pulse_assume_wbd,unit_pulse_no_time,assume_wbd,041000040602,041000040201,7,True,
v01b_unit_pulse_assume_wbd,unit_pulse_no_time,assume_wbd,041000040602,041000040202,7,True,
v01b_unit_pulse_assume_wbd,unit_pulse_no_time,assume_wbd,041000040602,041000040204,7,True,
v01b_unit_pulse_assume_wbd,unit_pulse_no_time,assume_wbd,041000040602,041000040301,7,True,
v01b_unit_pulse_assume_wbd,unit_pulse_no_time,assume_wbd,041000040602,041000040103,8,True,
v01b_unit_pulse_assume_wbd,unit_pulse_no_time,assume_wbd,041000040602,041000040104,8,True,
v01b_unit_pulse_assume_wbd,unit_pulse_no_time,assume_wbd,041000040602,041000040105,8,True,
v01b_unit_pulse_assume_wbd,unit_pulse_no_time,assume_wbd,041000040602,041000040203,8,True,
v01b_unit_pulse_assume_wbd,unit_pulse_no_time,assume_wbd,041000040602,041000040101,9,True,
v01b_unit_pulse_assume_wbd,unit_pulse_no_time,assume_wbd,041000040602,041000040102,9,True,041000040102
v01b_unit_pulse_assume_wbd,unit_pulse_no_time,assume_wbd,041000040603,041000040603,0,True,
v01b_unit_pulse_assume_wbd,unit_pulse_no_time,assume_wbd,041000040604,041000040604,0,True,
v01b_unit_pulse_assume_wbd,unit_pulse_no_time,assume_wbd,041000040604,041000040601,1,True,
v01b_unit_pulse_assume_wbd,unit_pulse_no_time,assume_wbd,041000040604,041000040602,1,True,
v01b_unit_pulse_assume_wbd,unit_pulse_no_time,assume_wbd,041000040604,041000040603,1,True,
v01b_unit_pulse_assume_wbd,unit_pulse_no_time,assume_wbd,041000040604,041000040504,2,True,
v01b_unit_pulse_assume_wbd,unit_pulse_no_time,assume_wbd,041000040604,041000040502,3,True,
v01b_unit_pulse_assume_wbd,unit_pulse_no_time,assume_wbd,041000040604,041000040503,3,True,
v01b_unit_pulse_assume_wbd,unit_pulse_no_time,assume_wbd,041000040604,041000040408,4,True,
v01b_unit_pulse_assume_wbd,unit_pulse_no_time,assume_wbd,041000040604,041000040501,4,True,
v01b_unit_pulse_assume_wbd,unit_pulse_no_time,assume_wbd,041000040604,041000040305,5,True,
v01b_unit_pulse_assume_wbd,unit_pulse_no_time,assume_wbd,041000040604,041000040401,5,True,
v01b_unit_pulse_assume_wbd,unit_pulse_no_time,assume_wbd,041000040604,041000040405,5,True,
v01b_unit_pulse_assume_wbd,unit_pulse_no_time,assume_wbd,041000040604,041000040406,5,True,
v01b_unit_pulse_assume_wbd,unit_pulse_no_time,assume_wbd,041000040604,041000040407,5,True,
v01b_unit_pulse_assume_wbd,unit_pulse_no_time,assume_wbd,041000040604,041000040303,6,True,
v01b_unit_pulse_assume_wbd,unit_pulse_no_time,assume_wbd,041000040604,041000040304,6,True,
v01b_unit_pulse_assume_wbd,unit_pulse_no_time,assume_wbd,041000040604,041000040402,6,True,
v01b_unit_pulse_assume_wbd,unit_pulse_no_time,assume_wbd,041000040604,041000040403,6,True,
v01b_unit_pulse_assume_wbd,unit_pulse_no_time,assume_wbd,041000040604,041000040404,6,True,
v01b_unit_pulse_assume_wbd,unit_pulse_no_time,assume_wbd,041000040604,041000040205,7,True,
v01b_unit_pulse_assume_wbd,unit_pulse_no_time,assume_wbd,041000040604,041000040302,7,True,
v01b_unit_pulse_assume_wbd,unit_pulse_no_time,assume_wbd,041000040604,041000040106,8,True,
v01b_unit_pulse_assume_wbd,unit_pulse_no_time,assume_wbd,041000040604,041000040201,8,True,
v01b_unit_pulse_assume_wbd,unit_pulse_no_time,assume_wbd,041000040604,041000040202,8,True,
v01b_unit_pulse_assume_wbd,unit_pulse_no_time,assume_wbd,041000040604,041000040204,8,True,
v01b_unit_pulse_assume_wbd,unit_pulse_no_time,assume_wbd,041000040604,041000040301,8,True,
v01b_unit_pulse_assume_wbd,unit_pulse_no_time,assume_wbd,041000040604,041000040103,9,True,
v01b_unit_pulse_assume_wbd,unit_pulse_no_time,assume_wbd,041000040604,041000040104,9,True,
v01b_unit_pulse_assume_wbd,unit_pulse_no_time,assume_wbd,041000040604,041000040105,9,True,
v01b_unit_pulse_assume_wbd,unit_pulse_no_time,assume_wbd,041000040604,041000040203,9,True,
v01b_unit_pulse_assume_wbd,unit_pulse_no_time,assume_wbd,041000040604,041000040101,10,True,
v01b_unit_pulse_assume_wbd,unit_pulse_no_time,assume_wbd,041000040604,041000040102,10,True,041000040102
v01b_unit_pulse_assume_wbd,unit_pulse_no_time,assume_wbd,041000040605,041000040605,0,True,
v01b_unit_pulse_assume_wbd,unit_pulse_no_time,assume_wbd,041000040606,041000040606,0,True,
v01b_unit_pulse_assume_wbd,unit_pulse_no_time,assume_wbd,041000040606,041000040604,1,True,
v01b_unit_pulse_assume_wbd,unit_pulse_no_time,assume_wbd,041000040606,041000040605,1,True,
v01b_unit_pulse_assume_wbd,unit_pulse_no_time,assume_wbd,041000040606,041000040601,2,True,
v01b_unit_pulse_assume_wbd,unit_pulse_no_time,assume_wbd,041000040606,041000040602,2,True,
v01b_unit_pulse_assume_wbd,unit_pulse_no_time,assume_wbd,041000040606,041000040603,2,True,
v01b_unit_pulse_assume_wbd,unit_pulse_no_time,assume_wbd,041000040606,041000040504,3,True,
v01b_unit_pulse_assume_wbd,unit_pulse_no_time,assume_wbd,041000040606,041000040502,4,True,
v01b_unit_pulse_assume_wbd,unit_pulse_no_time,assume_wbd,041000040606,041000040503,4,True,
v01b_unit_pulse_assume_wbd,unit_pulse_no_time,assume_wbd,041000040606,041000040408,5,True,
v01b_unit_pulse_assume_wbd,unit_pulse_no_time,assume_wbd,041000040606,041000040501,5,True,
v01b_unit_pulse_assume_wbd,unit_pulse_no_time,assume_wbd,041000040606,041000040305,6,True,
v01b_unit_pulse_assume_wbd,unit_pulse_no_time,assume_wbd,041000040606,041000040401,6,True,
v01b_unit_pulse_assume_wbd,unit_pulse_no_time,assume_wbd,041000040606,041000040405,6,True,
v01b_unit_pulse_assume_wbd,unit_pulse_no_time,assume_wbd,041000040606,041000040406,6,True,
v01b_unit_pulse_assume_wbd,unit_pulse_no_time,assume_wbd,041000040606,041000040407,6,True,
v01b_unit_pulse_assume_wbd,unit_pulse_no_time,assume_wbd,041000040606,041000040303,7,True,
v01b_unit_pulse_assume_wbd,unit_pulse_no_time,assume_wbd,041000040606,041000040304,7,True,
v01b_unit_pulse_assume_wbd,unit_pulse_no_time,assume_wbd,041000040606,041000040402,7,True,
v01b_unit_pulse_assume_wbd,unit_pulse_no_time,assume_wbd,041000040606,041000040403,7,True,
v01b_unit_pulse_assume_wbd,unit_pulse_no_time,assume_wbd,041000040606,041000040404,7,True,
v01b_unit_pulse_assume_wbd,unit_pulse_no_time,assume_wbd,041000040606,041000040205,8,True,
v01b_unit_pulse_assume_wbd,unit_pulse_no_time,assume_wbd,041000040606,041000040302,8,True,
v01b_unit_pulse_assume_wbd,unit_pulse_no_time,assume_wbd,041000040606,041000040106,9,True,
v01b_unit_pulse_assume_wbd,unit_pulse_no_time,assume_wbd,041000040606,041000040201,9,True,
v01b_unit_pulse_assume_wbd,unit_pulse_no_time,assume_wbd,041000040606,041000040202,9,True,
v01b_unit_pulse_assume_wbd,unit_pulse_no_time,assume_wbd,041000040606,041000040204,9,True,
v01b_unit_pulse_assume_wbd,unit_pulse_no_time,assume_wbd,041000040606,041000040301,9,True,
v01b_unit_pulse_assume_wbd,unit_pulse_no_time,assume_wbd,041000040606,041000040103,10,True,
v01b_unit_pulse_assume_wbd,unit_pulse_no_time,assume_wbd,041000040606,041000040104,10,True,
v01b_unit_pulse_assume_wbd,unit_pulse_no_time,assume_wbd,041000040606,041000040105,10,True,
v01b_unit_pulse_assume_wbd,unit_pulse_no_time,assume_wbd,041000040606,041000040203,10,True,
v01b_unit_pulse_assume_wbd,unit_pulse_no_time,assume_wbd,041000040606,041000040101,11,True,
v01b_unit_pulse_assume_wbd,unit_pulse_no_time,assume_wbd,041000040606,041000040102,11,True,041000040102
v01b_unit_pulse_assume_wbd,unit_pulse_no_time,assume_wbd,041000050101,041000050101,0,True,
v01b_unit_pulse_assume_wbd,unit_pulse_no_time,assume_wbd,041000050102,041000050102,0,True,
v01b_unit_pulse_assume_wbd,unit_pulse_no_time,assume_wbd,041000050102,041000030806,1,True,
v01b_unit_pulse_assume_wbd,unit_pulse_no_time,assume_wbd,041000050102,041000040606,1,True,
v01b_unit_pulse_assume_wbd,unit_pulse_no_time,assume_wbd,041000050102,041000050101,1,True,
v01b_unit_pulse_assume_wbd,unit_pulse_no_time,assume_wbd,041000050102,041000030805,2,True,
v01b_unit_pulse_assume_wbd,unit_pulse_no_time,assume_wbd,041000050102,041000040604,2,True,
v01b_unit_pulse_assume_wbd,unit_pulse_no_time,assume_wbd,041000050102,041000040605,2,True,
v01b_unit_pulse_assume_wbd,unit_pulse_no_time,assume_wbd,041000050102,041000030707,3,True,
v01b_unit_pulse_assume_wbd,unit_pulse_no_time,assume_wbd,041000050102,041000030804,3,True,
v01b_unit_pulse_assume_wbd,unit_pulse_no_time,assume_wbd,041000050102,041000040601,3,True,
v01b_unit_pulse_assume_wbd,unit_pulse_no_time,assume_wbd,041000050102,041000040602,3,True,
v01b_unit_pulse_assume_wbd,unit_pulse_no_time,assume_wbd,041000050102,041000040603,3,True,
v01b_unit_pulse_assume_wbd,unit_pulse_no_time,assume_wbd,041000050102,041000030604,4,True,
v01b_unit_pulse_assume_wbd,unit_pulse_no_time,assume_wbd,041000050102,041000030702,4,True,
v01b_unit_pulse_assume_wbd,unit_pulse_no_time,assume_wbd,041000050102,041000030705,4,True,
v01b_unit_pulse_assume_wbd,unit_pulse_no_time,assume_wbd,041000050102,041000030706,4,True,
v01b_unit_pulse_assume_wbd,unit_pulse_no_time,assume_wbd,041000050102,041000030803,4,True,
v01b_unit_pulse_assume_wbd,unit_pulse_no_time,assume_wbd,041000050102,041000040504,4,True,
v01b_unit_pulse_assume_wbd,unit_pulse_no_time,assume_wbd,041000050102,041000030602,5,True,
v01b_unit_pulse_assume_wbd,unit_pulse_no_time,assume_wbd,041000050102,041000030603,5,True,
v01b_unit_pulse_assume_wbd,unit_pulse_no_time,assume_wbd,041000050102,041000030701,5,True,
v01b_unit_pulse_assume_wbd,unit_pulse_no_time,assume_wbd,041000050102,041000030703,5,True,
v01b_unit_pulse_assume_wbd,unit_pulse_no_time,assume_wbd,041000050102,041000030704,5,True,
v01b_unit_pulse_assume_wbd,unit_pulse_no_time,assume_wbd,041000050102,041000030802,5,True,
v01b_unit_pulse_assume_wbd,unit_pulse_no_time,assume_wbd,041000050102,041000040502,5,True,
v01b_unit_pulse_assume_wbd,unit_pulse_no_time,assume_wbd,041000050102,041000040503,5,True,
v01b_unit_pulse_assume_wbd,unit_pulse_no_time,assume_wbd,041000050102,041000030506,6,True,
v01b_unit_pulse_assume_wbd,unit_pulse_no_time,assume_wbd,041000050102,041000030601,6,True,
v01b_unit_pulse_assume_wbd,unit_pulse_no_time,assume_wbd,041000050102,041000030801,6,True,
v01b_unit_pulse_assume_wbd,unit_pulse_no_time,assume_wbd,041000050102,041000040408,6,True,
v01b_unit_pulse_assume_wbd,unit_pulse_no_time,assume_wbd,041000050102,041000040501,6,True,
v01b_unit_pulse_assume_wbd,unit_pulse_no_time,assume_wbd,041000050102,041000030505,7,True,
v01b_unit_pulse_assume_wbd,unit_pulse_no_time,assume_wbd,041000050102,041000040305,7,True,
v01b_unit_pulse_assume_wbd,unit_pulse_no_time,assume_wbd,041000050102,041000040401,7,True,
v01b_unit_pulse_assume_wbd,unit_pulse_no_time,assume_wbd,041000050102,041000040405,7,True,
v01b_unit_pulse_assume_wbd,unit_pulse_no_time,assume_wbd,041000050102,041000040406,7,True,
v01b_unit_pulse_assume_wbd,unit_pulse_no_time,assume_wbd,041000050102,041000040407,7,True,
v01b_unit_pulse_assume_wbd,unit_pulse_no_time,assume_wbd,041000050102,041000030503,8,True,
v01b_unit_pulse_assume_wbd,unit_pulse_no_time,assume_wbd,041000050102,041000030504,8,True,
v01b_unit_pulse_assume_wbd,unit_pulse_no_time,assume_wbd,041000050102,041000040303,8,True,
v01b_unit_pulse_assume_wbd,unit_pulse_no_time,assume_wbd,041000050102,041000040304,8,True,
v01b_unit_pulse_assume_wbd,unit_pulse_no_time,assume_wbd,041000050102,041000040402,8,True,
v01b_unit_pulse_assume_wbd,unit_pulse_no_time,assume_wbd,041000050102,041000040403,8,True,
v01b_unit_pulse_assume_wbd,unit_pulse_no_time,assume_wbd,041000050102,041000040404,8,True,
v01b_unit_pulse_assume_wbd,unit_pulse_no_time,assume_wbd,041000050102,041000030406,9,True,
v01b_unit_pulse_assume_wbd,unit_pulse_no_time,assume_wbd,041000050102,041000030501,9,True,
v01b_unit_pulse_assume_wbd,unit_pulse_no_time,assume_wbd,041000050102,041000030502,9,True,
v01b_unit_pulse_assume_wbd,unit_pulse_no_time,assume_wbd,041000050102,041000040205,9,True,
v01b_unit_pulse_assume_wbd,unit_pulse_no_time,assume_wbd,041000050102,041000040302,9,True,
v01b_unit_pulse_assume_wbd,unit_pulse_no_time,assume_wbd,041000050102,041000030306,10,True,
v01b_unit_pulse_assume_wbd,unit_pulse_no_time,assume_wbd,041000050102,041000030404,10,True,
v01b_unit_pulse_assume_wbd,unit_pulse_no_time,assume_wbd,041000050102,041000030405,10,True,
v01b_unit_pulse_assume_wbd,unit_pulse_no_time,assume_wbd,041000050102,041000040106,10,True,
v01b_unit_pulse_assume_wbd,unit_pulse_no_time,assume_wbd,041000050102,041000040201,10,True,
v01b_unit_pulse_assume_wbd,unit_pulse_no_time,assume_wbd,041000050102,041000040202,10,True,
v01b_unit_pulse_assume_wbd,unit_pulse_no_time,assume_wbd,041000050102,041000040204,10,True,
v01b_unit_pulse_assume_wbd,unit_pulse_no_time,assume_wbd,041000050102,041000040301,10,True,
v01b_unit_pulse_assume_wbd,unit_pulse_no_time,assume_wbd,041000050102,041000030304,11,True,
v01b_unit_pulse_assume_wbd,unit_pulse_no_time,assume_wbd,041000050102,041000030305,11,True,
v01b_unit_pulse_assume_wbd,unit_pulse_no_time,assume_wbd,041000050102,041000030401,11,True,
v01b_unit_pulse_assume_wbd,unit_pulse_no_time,assume_wbd,041000050102,041000030402,11,True,
v01b_unit_pulse_assume_wbd,unit_pulse_no_time,assume_wbd,041000050102,041000030403,11,True,
v01b_unit_pulse_assume_wbd,unit_pulse_no_time,assume_wbd,041000050102,041000040103,11,True,
v01b_unit_pulse_assume_wbd,unit_pulse_no_time,assume_wbd,041000050102,041000040104,11,True,
v01b_unit_pulse_assume_wbd,unit_pulse_no_time,assume_wbd,041000050102,041000040105,11,True,
v01b_unit_pulse_assume_wbd,unit_pulse_no_time,assume_wbd,041000050102,041000040203,11,True,
v01b_unit_pulse_assume_wbd,unit_pulse_no_time,assume_wbd,041000050102,041000030301,12,True,
v01b_unit_pulse_assume_wbd,unit_pulse_no_time,assume_wbd,041000050102,041000030302,12,True,
v01b_unit_pulse_assume_wbd,unit_pulse_no_time,assume_wbd,041000050102,041000030303,12,True,041000030303
v01b_unit_pulse_assume_wbd,unit_pulse_no_time,assume_wbd,041000050102,041000040101,12,True,
v01b_unit_pulse_assume_wbd,unit_pulse_no_time,assume_wbd,041000050102,041000040102,12,True,041000040102
v01b_unit_pulse_assume_wbd,unit_pulse_no_time,assume_wbd,041000050102,041000030106,13,True,
v01b_unit_pulse_assume_wbd,unit_pulse_no_time,assume_wbd,041000050102,041000030204,13,True,041000030204
v01b_unit_pulse_assume_wbd,unit_pulse_no_time,assume_wbd,041000050102,041000030104,14,True,
v01b_unit_pulse_assume_wbd,unit_pulse_no_time,assume_wbd,041000050102,041000030105,14,True,
v01b_unit_pulse_assume_wbd,unit_pulse_no_time,assume_wbd,041000050102,041000030202,14,True,041000030204
v01b_unit_pulse_assume_wbd,unit_pulse_no_time,assume_wbd,041000050102,041000030203,14,True,041000030204
v01b_unit_pulse_assume_wbd,unit_pulse_no_time,assume_wbd,041000050102,041000030102,15,True,
v01b_unit_pulse_assume_wbd,unit_pulse_no_time,assume_wbd,041000050102,041000030103,15,True,041000030103
v01b_unit_pulse_assume_wbd,unit_pulse_no_time,assume_wbd,041000050102,041000030201,15,True,041000030204
v01b_unit_pulse_assume_wbd,unit_pulse_no_time,assume_wbd,041000050102,041000030101,16,True,
v01b_unit_pulse_assume_wbd,unit_pulse_no_time,assume_wbd,041000050103,041000050103,0,True,
v01b_unit_pulse_assume_wbd,unit_pulse_no_time,assume_wbd,041000050103,041000050102,1,True,
v01b_unit_pulse_assume_wbd,unit_pulse_no_time,assume_wbd,041000050103,041000030806,2,True,
v01b_unit_pulse_assume_wbd,unit_pulse_no_time,assume_wbd,041000050103,041000040606,2,True,
v01b_unit_pulse_assume_wbd,unit_pulse_no_time,assume_wbd,041000050103,041000050101,2,True,
v01b_unit_pulse_assume_wbd,unit_pulse_no_time,assume_wbd,041000050103,041000030805,3,True,
v01b_unit_pulse_assume_wbd,unit_pulse_no_time,assume_wbd,041000050103,041000040604,3,True,
v01b_unit_pulse_assume_wbd,unit_pulse_no_time,assume_wbd,041000050103,041000040605,3,True,
v01b_unit_pulse_assume_wbd,unit_pulse_no_time,assume_wbd,041000050103,041000030707,4,True,
v01b_unit_pulse_assume_wbd,unit_pulse_no_time,assume_wbd,041000050103,041000030804,4,True,
v01b_unit_pulse_assume_wbd,unit_pulse_no_time,assume_wbd,041000050103,041000040601,4,True,
v01b_unit_pulse_assume_wbd,unit_pulse_no_time,assume_wbd,041000050103,041000040602,4,True,
v01b_unit_pulse_assume_wbd,unit_pulse_no_time,assume_wbd,041000050103,041000040603,4,True,
v01b_unit_pulse_assume_wbd,unit_pulse_no_time,assume_wbd,041000050103,041000030604,5,True,
v01b_unit_pulse_assume_wbd,unit_pulse_no_time,assume_wbd,041000050103,041000030702,5,True,
v01b_unit_pulse_assume_wbd,unit_pulse_no_time,assume_wbd,041000050103,041000030705,5,True,
v01b_unit_pulse_assume_wbd,unit_pulse_no_time,assume_wbd,041000050103,041000030706,5,True,
v01b_unit_pulse_assume_wbd,unit_pulse_no_time,assume_wbd,041000050103,041000030803,5,True,
v01b_unit_pulse_assume_wbd,unit_pulse_no_time,assume_wbd,041000050103,041000040504,5,True,
v01b_unit_pulse_assume_wbd,unit_pulse_no_time,assume_wbd,041000050103,041000030602,6,True,
v01b_unit_pulse_assume_wbd,unit_pulse_no_time,assume_wbd,041000050103,041000030603,6,True,
v01b_unit_pulse_assume_wbd,unit_pulse_no_time,assume_wbd,041000050103,041000030701,6,True,
v01b_unit_pulse_assume_wbd,unit_pulse_no_time,assume_wbd,041000050103,041000030703,6,True,
v01b_unit_pulse_assume_wbd,unit_pulse_no_time,assume_wbd,041000050103,041000030704,6,True,
v01b_unit_pulse_assume_wbd,unit_pulse_no_time,assume_wbd,041000050103,041000030802,6,True,
v01b_unit_pulse_assume_wbd,unit_pulse_no_time,assume_wbd,041000050103,041000040502,6,True,
v01b_unit_pulse_assume_wbd,unit_pulse_no_time,assume_wbd,041000050103,041000040503,6,True,
v01b_unit_pulse_assume_wbd,unit_pulse_no_time,assume_wbd,041000050103,041000030506,7,True,
v01b_unit_pulse_assume_wbd,unit_pulse_no_time,assume_wbd,041000050103,041000030601,7,True,
v01b_unit_pulse_assume_wbd,unit_pulse_no_time,assume_wbd,041000050103,041000030801,7,True,
v01b_unit_pulse_assume_wbd,unit_pulse_no_time,assume_wbd,041000050103,041000040408,7,True,
v01b_unit_pulse_assume_wbd,unit_pulse_no_time,assume_wbd,041000050103,041000040501,7,True,
v01b_unit_pulse_assume_wbd,unit_pulse_no_time,assume_wbd,041000050103,041000030505,8,True,
v01b_unit_pulse_assume_wbd,unit_pulse_no_time,assume_wbd,041000050103,041000040305,8,True,
v01b_unit_pulse_assume_wbd,unit_pulse_no_time,assume_wbd,041000050103,041000040401,8,True,
v01b_unit_pulse_assume_wbd,unit_pulse_no_time,assume_wbd,041000050103,041000040405,8,True,
v01b_unit_pulse_assume_wbd,unit_pulse_no_time,assume_wbd,041000050103,041000040406,8,True,
v01b_unit_pulse_assume_wbd,unit_pulse_no_time,assume_wbd,041000050103,041000040407,8,True,
v01b_unit_pulse_assume_wbd,unit_pulse_no_time,assume_wbd,041000050103,041000030503,9,True,
v01b_unit_pulse_assume_wbd,unit_pulse_no_time,assume_wbd,041000050103,041000030504,9,True,
v01b_unit_pulse_assume_wbd,unit_pulse_no_time,assume_wbd,041000050103,041000040303,9,True,
v01b_unit_pulse_assume_wbd,unit_pulse_no_time,assume_wbd,041000050103,041000040304,9,True,
v01b_unit_pulse_assume_wbd,unit_pulse_no_time,assume_wbd,041000050103,041000040402,9,True,
v01b_unit_pulse_assume_wbd,unit_pulse_no_time,assume_wbd,041000050103,041000040403,9,True,
v01b_unit_pulse_assume_wbd,unit_pulse_no_time,assume_wbd,041000050103,041000040404,9,True,
v01b_unit_pulse_assume_wbd,unit_pulse_no_time,assume_wbd,041000050103,041000030406,10,True,
v01b_unit_pulse_assume_wbd,unit_pulse_no_time,assume_wbd,041000050103,041000030501,10,True,
v01b_unit_pulse_assume_wbd,unit_pulse_no_time,assume_wbd,041000050103,041000030502,10,True,
v01b_unit_pulse_assume_wbd,unit_pulse_no_time,assume_wbd,041000050103,041000040205,10,True,
v01b_unit_pulse_assume_wbd,unit_pulse_no_time,assume_wbd,041000050103,041000040302,10,True,
v01b_unit_pulse_assume_wbd,unit_pulse_no_time,assume_wbd,041000050103,041000030306,11,True,
v01b_unit_pulse_assume_wbd,unit_pulse_no_time,assume_wbd,041000050103,041000030404,11,True,
v01b_unit_pulse_assume_wbd,unit_pulse_no_time,assume_wbd,041000050103,041000030405,11,True,
v01b_unit_pulse_assume_wbd,unit_pulse_no_time,assume_wbd,041000050103,041000040106,11,True,
v01b_unit_pulse_assume_wbd,unit_pulse_no_time,assume_wbd,041000050103,041000040201,11,True,
v01b_unit_pulse_assume_wbd,unit_pulse_no_time,assume_wbd,041000050103,041000040202,11,True,
v01b_unit_pulse_assume_wbd,unit_pulse_no_time,assume_wbd,041000050103,041000040204,11,True,
v01b_unit_pulse_assume_wbd,unit_pulse_no_time,assume_wbd,041000050103,041000040301,11,True,
v01b_unit_pulse_assume_wbd,unit_pulse_no_time,assume_wbd,041000050103,041000030304,12,True,
v01b_unit_pulse_assume_wbd,unit_pulse_no_time,assume_wbd,041000050103,041000030305,12,True,
v01b_unit_pulse_assume_wbd,unit_pulse_no_time,assume_wbd,041000050103,041000030401,12,True,
v01b_unit_pulse_assume_wbd,unit_pulse_no_time,assume_wbd,041000050103,041000030402,12,True,
v01b_unit_pulse_assume_wbd,unit_pulse_no_time,assume_wbd,041000050103,041000030403,12,True,
v01b_unit_pulse_assume_wbd,unit_pulse_no_time,assume_wbd,041000050103,041000040103,12,True,
v01b_unit_pulse_assume_wbd,unit_pulse_no_time,assume_wbd,041000050103,041000040104,12,True,
v01b_unit_pulse_assume_wbd,unit_pulse_no_time,assume_wbd,041000050103,041000040105,12,True,
v01b_unit_pulse_assume_wbd,unit_pulse_no_time,assume_wbd,041000050103,041000040203,12,True,
v01b_unit_pulse_assume_wbd,unit_pulse_no_time,assume_wbd,041000050103,041000030301,13,True,
v01b_unit_pulse_assume_wbd,unit_pulse_no_time,assume_wbd,041000050103,041000030302,13,True,
v01b_unit_pulse_assume_wbd,unit_pulse_no_time,assume_wbd,041000050103,041000030303,13,True,041000030303
v01b_unit_pulse_assume_wbd,unit_pulse_no_time,assume_wbd,041000050103,041000040101,13,True,
v01b_unit_pulse_assume_wbd,unit_pulse_no_time,assume_wbd,041000050103,041000040102,13,True,041000040102
v01b_unit_pulse_assume_wbd,unit_pulse_no_time,assume_wbd,041000050103,041000030106,14,True,
v01b_unit_pulse_assume_wbd,unit_pulse_no_time,assume_wbd,041000050103,041000030204,14,True,041000030204
v01b_unit_pulse_assume_wbd,unit_pulse_no_time,assume_wbd,041000050103,041000030104,15,True,
v01b_unit_pulse_assume_wbd,unit_pulse_no_time,assume_wbd,041000050103,041000030105,15,True,
v01b_unit_pulse_assume_wbd,unit_pulse_no_time,assume_wbd,041000050103,041000030202,15,True,041000030204
v01b_unit_pulse_assume_wbd,unit_pulse_no_time,assume_wbd,041000050103,041000030203,15,True,041000030204
v01b_unit_pulse_assume_wbd,unit_pulse_no_time,assume_wbd,041000050103,041000030102,16,True,
v01b_unit_pulse_assume_wbd,unit_pulse_no_time,assume_wbd,041000050103,041000030103,16,True,041000030103
v01b_unit_pulse_assume_wbd,unit_pulse_no_time,assume_wbd,041000050103,041000030201,16,True,041000030204
v01b_unit_pulse_assume_wbd,unit_pulse_no_time,assume_wbd,041000050103,041000030101,17,True,
v01b_unit_pulse_assume_wbd,unit_pulse_no_time,assume_wbd,041000050104,041000050104,0,True,
v01b_unit_pulse_assume_wbd,unit_pulse_no_time,assume_wbd,041000050105,041000050105,0,True,
v01b_unit_pulse_assume_wbd,unit_pulse_no_time,assume_wbd,041000050105,041000050103,1,True,
v01b_unit_pulse_assume_wbd,unit_pulse_no_time,assume_wbd,041000050105,041000050102,2,True,
v01b_unit_pulse_assume_wbd,unit_pulse_no_time,assume_wbd,041000050105,041000030806,3,True,
v01b_unit_pulse_assume_wbd,unit_pulse_no_time,assume_wbd,041000050105,041000040606,3,True,
v01b_unit_pulse_assume_wbd,unit_pulse_no_time,assume_wbd,041000050105,041000050101,3,True,
v01b_unit_pulse_assume_wbd,unit_pulse_no_time,assume_wbd,041000050105,041000030805,4,True,
v01b_unit_pulse_assume_wbd,unit_pulse_no_time,assume_wbd,041000050105,041000040604,4,True,
v01b_unit_pulse_assume_wbd,unit_pulse_no_time,assume_wbd,041000050105,041000040605,4,True,
v01b_unit_pulse_assume_wbd,unit_pulse_no_time,assume_wbd,041000050105,041000030707,5,True,
v01b_unit_pulse_assume_wbd,unit_pulse_no_time,assume_wbd,041000050105,041000030804,5,True,
v01b_unit_pulse_assume_wbd,unit_pulse_no_time,assume_wbd,041000050105,041000040601,5,True,
v01b_unit_pulse_assume_wbd,unit_pulse_no_time,assume_wbd,041000050105,041000040602,5,True,
v01b_unit_pulse_assume_wbd,unit_pulse_no_time,assume_wbd,041000050105,041000040603,5,True,
v01b_unit_pulse_assume_wbd,unit_pulse_no_time,assume_wbd,041000050105,041000030604,6,True,
v01b_unit_pulse_assume_wbd,unit_pulse_no_time,assume_wbd,041000050105,041000030702,6,True,
v01b_unit_pulse_assume_wbd,unit_pulse_no_time,assume_wbd,041000050105,041000030705,6,True,
v01b_unit_pulse_assume_wbd,unit_pulse_no_time,assume_wbd,041000050105,041000030706,6,True,
v01b_unit_pulse_assume_wbd,unit_pulse_no_time,assume_wbd,041000050105,041000030803,6,True,
v01b_unit_pulse_assume_wbd,unit_pulse_no_time,assume_wbd,041000050105,041000040504,6,True,
v01b_unit_pulse_assume_wbd,unit_pulse_no_time,assume_wbd,041000050105,041000030602,7,True,
v01b_unit_pulse_assume_wbd,unit_pulse_no_time,assume_wbd,041000050105,041000030603,7,True,
v01b_unit_pulse_assume_wbd,unit_pulse_no_time,assume_wbd,041000050105,041000030701,7,True,
v01b_unit_pulse_assume_wbd,unit_pulse_no_time,assume_wbd,041000050105,041000030703,7,True,
v01b_unit_pulse_assume_wbd,unit_pulse_no_time,assume_wbd,041000050105,041000030704,7,True,
v01b_unit_pulse_assume_wbd,unit_pulse_no_time,assume_wbd,041000050105,041000030802,7,True,
v01b_unit_pulse_assume_wbd,unit_pulse_no_time,assume_wbd,041000050105,041000040502,7,True,
v01b_unit_pulse_assume_wbd,unit_pulse_no_time,assume_wbd,041000050105,041000040503,7,True,
v01b_unit_pulse_assume_wbd,unit_pulse_no_time,assume_wbd,041000050105,041000030506,8,True,
v01b_unit_pulse_assume_wbd,unit_pulse_no_time,assume_wbd,041000050105,041000030601,8,True,
v01b_unit_pulse_assume_wbd,unit_pulse_no_time,assume_wbd,041000050105,041000030801,8,True,
v01b_unit_pulse_assume_wbd,unit_pulse_no_time,assume_wbd,041000050105,041000040408,8,True,
v01b_unit_pulse_assume_wbd,unit_pulse_no_time,assume_wbd,041000050105,041000040501,8,True,
v01b_unit_pulse_assume_wbd,unit_pulse_no_time,assume_wbd,041000050105,041000030505,9,True,
v01b_unit_pulse_assume_wbd,unit_pulse_no_time,assume_wbd,041000050105,041000040305,9,True,
v01b_unit_pulse_assume_wbd,unit_pulse_no_time,assume_wbd,041000050105,041000040401,9,True,
v01b_unit_pulse_assume_wbd,unit_pulse_no_time,assume_wbd,041000050105,041000040405,9,True,
v01b_unit_pulse_assume_wbd,unit_pulse_no_time,assume_wbd,041000050105,041000040406,9,True,
v01b_unit_pulse_assume_wbd,unit_pulse_no_time,assume_wbd,041000050105,041000040407,9,True,
v01b_unit_pulse_assume_wbd,unit_pulse_no_time,assume_wbd,041000050105,041000030503,10,True,
v01b_unit_pulse_assume_wbd,unit_pulse_no_time,assume_wbd,041000050105,041000030504,10,True,
v01b_unit_pulse_assume_wbd,unit_pulse_no_time,assume_wbd,041000050105,041000040303,10,True,
v01b_unit_pulse_assume_wbd,unit_pulse_no_time,assume_wbd,041000050105,041000040304,10,True,
v01b_unit_pulse_assume_wbd,unit_pulse_no_time,assume_wbd,041000050105,041000040402,10,True,
v01b_unit_pulse_assume_wbd,unit_pulse_no_time,assume_wbd,041000050105,041000040403,10,True,
v01b_unit_pulse_assume_wbd,unit_pulse_no_time,assume_wbd,041000050105,041000040404,10,True,
v01b_unit_pulse_assume_wbd,unit_pulse_no_time,assume_wbd,041000050105,041000030406,11,True,
v01b_unit_pulse_assume_wbd,unit_pulse_no_time,assume_wbd,041000050105,041000030501,11,True,
v01b_unit_pulse_assume_wbd,unit_pulse_no_time,assume_wbd,041000050105,041000030502,11,True,
v01b_unit_pulse_assume_wbd,unit_pulse_no_time,assume_wbd,041000050105,041000040205,11,True,
v01b_unit_pulse_assume_wbd,unit_pulse_no_time,assume_wbd,041000050105,041000040302,11,True,
v01b_unit_pulse_assume_wbd,unit_pulse_no_time,assume_wbd,041000050105,041000030306,12,True,
v01b_unit_pulse_assume_wbd,unit_pulse_no_time,assume_wbd,041000050105,041000030404,12,True,
v01b_unit_pulse_assume_wbd,unit_pulse_no_time,assume_wbd,041000050105,041000030405,12,True,
v01b_unit_pulse_assume_wbd,unit_pulse_no_time,assume_wbd,041000050105,041000040106,12,True,
v01b_unit_pulse_assume_wbd,unit_pulse_no_time,assume_wbd,041000050105,041000040201,12,True,
v01b_unit_pulse_assume_wbd,unit_pulse_no_time,assume_wbd,041000050105,041000040202,12,True,
v01b_unit_pulse_assume_wbd,unit_pulse_no_time,assume_wbd,041000050105,041000040204,12,True,
v01b_unit_pulse_assume_wbd,unit_pulse_no_time,assume_wbd,041000050105,041000040301,12,True,
v01b_unit_pulse_assume_wbd,unit_pulse_no_time,assume_wbd,041000050105,041000030304,13,True,
v01b_unit_pulse_assume_wbd,unit_pulse_no_time,assume_wbd,041000050105,041000030305,13,True,
v01b_unit_pulse_assume_wbd,unit_pulse_no_time,assume_wbd,041000050105,041000030401,13,True,
v01b_unit_pulse_assume_wbd,unit_pulse_no_time,assume_wbd,041000050105,041000030402,13,True,
v01b_unit_pulse_assume_wbd,unit_pulse_no_time,assume_wbd,041000050105,041000030403,13,True,
v01b_unit_pulse_assume_wbd,unit_pulse_no_time,assume_wbd,041000050105,041000040103,13,True,
v01b_unit_pulse_assume_wbd,unit_pulse_no_time,assume_wbd,041000050105,041000040104,13,True,
v01b_unit_pulse_assume_wbd,unit_pulse_no_time,assume_wbd,041000050105,041000040105,13,True,
v01b_unit_pulse_assume_wbd,unit_pulse_no_time,assume_wbd,041000050105,041000040203,13,True,
v01b_unit_pulse_assume_wbd,unit_pulse_no_time,assume_wbd,041000050105,041000030301,14,True,
v01b_unit_pulse_assume_wbd,unit_pulse_no_time,assume_wbd,041000050105,041000030302,14,True,
v01b_unit_pulse_assume_wbd,unit_pulse_no_time,assume_wbd,041000050105,041000030303,14,True,041000030303
v01b_unit_pulse_assume_wbd,unit_pulse_no_time,assume_wbd,041000050105,041000040101,14,True,
v01b_unit_pulse_assume_wbd,unit_pulse_no_time,assume_wbd,041000050105,041000040102,14,True,041000040102
v01b_unit_pulse_assume_wbd,unit_pulse_no_time,assume_wbd,041000050105,041000030106,15,True,
v01b_unit_pulse_assume_wbd,unit_pulse_no_time,assume_wbd,041000050105,041000030204,15,True,041000030204
v01b_unit_pulse_assume_wbd,unit_pulse_no_time,assume_wbd,041000050105,041000030104,16,True,
v01b_unit_pulse_assume_wbd,unit_pulse_no_time,assume_wbd,041000050105,041000030105,16,True,
v01b_unit_pulse_assume_wbd,unit_pulse_no_time,assume_wbd,041000050105,041000030202,16,True,041000030204
v01b_unit_pulse_assume_wbd,unit_pulse_no_time,assume_wbd,041000050105,041000030203,16,True,041000030204
v01b_unit_pulse_assume_wbd,unit_pulse_no_time,assume_wbd,041000050105,041000030102,17,True,
v01b_unit_pulse_assume_wbd,unit_pulse_no_time,assume_wbd,041000050105,041000030103,17,True,041000030103
v01b_unit_pulse_assume_wbd,unit_pulse_no_time,assume_wbd,041000050105,041000030201,17,True,041000030204
v01b_unit_pulse_assume_wbd,unit_pulse_no_time,assume_wbd,041000050105,041000030101,18,True,
v01b_unit_pulse_assume_wbd,unit_pulse_no_time,assume_wbd,041000050106,041000050106,0,True,
v01b_unit_pulse_assume_wbd,unit_pulse_no_time,assume_wbd,041000050106,041000050104,1,True,
v01b_unit_pulse_assume_wbd,unit_pulse_no_time,assume_wbd,041000050106,041000050105,1,True,
v01b_unit_pulse_assume_wbd,unit_pulse_no_time,assume_wbd,041000050106,041000050103,2,True,
v01b_unit_pulse_assume_wbd,unit_pulse_no_time,assume_wbd,041000050106,041000050102,3,True,
v01b_unit_pulse_assume_wbd,unit_pulse_no_time,assume_wbd,041000050106,041000030806,4,True,
v01b_unit_pulse_assume_wbd,unit_pulse_no_time,assume_wbd,041000050106,041000040606,4,True,
v01b_unit_pulse_assume_wbd,unit_pulse_no_time,assume_wbd,041000050106,041000050101,4,True,
v01b_unit_pulse_assume_wbd,unit_pulse_no_time,assume_wbd,041000050106,041000030805,5,True,
v01b_unit_pulse_assume_wbd,unit_pulse_no_time,assume_wbd,041000050106,041000040604,5,True,
v01b_unit_pulse_assume_wbd,unit_pulse_no_time,assume_wbd,041000050106,041000040605,5,True,
v01b_unit_pulse_assume_wbd,unit_pulse_no_time,assume_wbd,041000050106,041000030707,6,True,
v01b_unit_pulse_assume_wbd,unit_pulse_no_time,assume_wbd,041000050106,041000030804,6,True,
v01b_unit_pulse_assume_wbd,unit_pulse_no_time,assume_wbd,041000050106,041000040601,6,True,
v01b_unit_pulse_assume_wbd,unit_pulse_no_time,assume_wbd,041000050106,041000040602,6,True,
v01b_unit_pulse_assume_wbd,unit_pulse_no_time,assume_wbd,041000050106,041000040603,6,True,
v01b_unit_pulse_assume_wbd,unit_pulse_no_time,assume_wbd,041000050106,041000030604,7,True,
v01b_unit_pulse_assume_wbd,unit_pulse_no_time,assume_wbd,041000050106,041000030702,7,True,
v01b_unit_pulse_assume_wbd,unit_pulse_no_time,assume_wbd,041000050106,041000030705,7,True,
v01b_unit_pulse_assume_wbd,unit_pulse_no_time,assume_wbd,041000050106,041000030706,7,True,
v01b_unit_pulse_assume_wbd,unit_pulse_no_time,assume_wbd,041000050106,041000030803,7,True,
v01b_unit_pulse_assume_wbd,unit_pulse_no_time,assume_wbd,041000050106,041000040504,7,True,
v01b_unit_pulse_assume_wbd,unit_pulse_no_time,assume_wbd,041000050106,041000030602,8,True,
v01b_unit_pulse_assume_wbd,unit_pulse_no_time,assume_wbd,041000050106,041000030603,8,True,
v01b_unit_pulse_assume_wbd,unit_pulse_no_time,assume_wbd,041000050106,041000030701,8,True,
v01b_unit_pulse_assume_wbd,unit_pulse_no_time,assume_wbd,041000050106,041000030703,8,True,
v01b_unit_pulse_assume_wbd,unit_pulse_no_time,assume_wbd,041000050106,041000030704,8,True,
v01b_unit_pulse_assume_wbd,unit_pulse_no_time,assume_wbd,041000050106,041000030802,8,True,
v01b_unit_pulse_assume_wbd,unit_pulse_no_time,assume_wbd,041000050106,041000040502,8,True,
v01b_unit_pulse_assume_wbd,unit_pulse_no_time,assume_wbd,041000050106,041000040503,8,True,
v01b_unit_pulse_assume_wbd,unit_pulse_no_time,assume_wbd,041000050106,041000030506,9,True,
v01b_unit_pulse_assume_wbd,unit_pulse_no_time,assume_wbd,041000050106,041000030601,9,True,
v01b_unit_pulse_assume_wbd,unit_pulse_no_time,assume_wbd,041000050106,041000030801,9,True,
v01b_unit_pulse_assume_wbd,unit_pulse_no_time,assume_wbd,041000050106,041000040408,9,True,
v01b_unit_pulse_assume_wbd,unit_pulse_no_time,assume_wbd,041000050106,041000040501,9,True,
v01b_unit_pulse_assume_wbd,unit_pulse_no_time,assume_wbd,041000050106,041000030505,10,True,
v01b_unit_pulse_assume_wbd,unit_pulse_no_time,assume_wbd,041000050106,041000040305,10,True,
v01b_unit_pulse_assume_wbd,unit_pulse_no_time,assume_wbd,041000050106,041000040401,10,True,
v01b_unit_pulse_assume_wbd,unit_pulse_no_time,assume_wbd,041000050106,041000040405,10,True,
v01b_unit_pulse_assume_wbd,unit_pulse_no_time,assume_wbd,041000050106,041000040406,10,True,
v01b_unit_pulse_assume_wbd,unit_pulse_no_time,assume_wbd,041000050106,041000040407,10,True,
v01b_unit_pulse_assume_wbd,unit_pulse_no_time,assume_wbd,041000050106,041000030503,11,True,
v01b_unit_pulse_assume_wbd,unit_pulse_no_time,assume_wbd,041000050106,041000030504,11,True,
v01b_unit_pulse_assume_wbd,unit_pulse_no_time,assume_wbd,041000050106,041000040303,11,True,
v01b_unit_pulse_assume_wbd,unit_pulse_no_time,assume_wbd,041000050106,041000040304,11,True,
v01b_unit_pulse_assume_wbd,unit_pulse_no_time,assume_wbd,041000050106,041000040402,11,True,
v01b_unit_pulse_assume_wbd,unit_pulse_no_time,assume_wbd,041000050106,041000040403,11,True,
v01b_unit_pulse_assume_wbd,unit_pulse_no_time,assume_wbd,041000050106,041000040404,11,True,
v01b_unit_pulse_assume_wbd,unit_pulse_no_time,assume_wbd,041000050106,041000030406,12,True,
v01b_unit_pulse_assume_wbd,unit_pulse_no_time,assume_wbd,041000050106,041000030501,12,True,
v01b_unit_pulse_assume_wbd,unit_pulse_no_time,assume_wbd,041000050106,041000030502,12,True,
v01b_unit_pulse_assume_wbd,unit_pulse_no_time,assume_wbd,041000050106,041000040205,12,True,
v01b_unit_pulse_assume_wbd,unit_pulse_no_time,assume_wbd,041000050106,041000040302,12,True,
v01b_unit_pulse_assume_wbd,unit_pulse_no_time,assume_wbd,041000050106,041000030306,13,True,
v01b_unit_pulse_assume_wbd,unit_pulse_no_time,assume_wbd,041000050106,041000030404,13,True,
v01b_unit_pulse_assume_wbd,unit_pulse_no_time,assume_wbd,041000050106,041000030405,13,True,
v01b_unit_pulse_assume_wbd,unit_pulse_no_time,assume_wbd,041000050106,041000040106,13,True,
v01b_unit_pulse_assume_wbd,unit_pulse_no_time,assume_wbd,041000050106,041000040201,13,True,
v01b_unit_pulse_assume_wbd,unit_pulse_no_time,assume_wbd,041000050106,041000040202,13,True,
v01b_unit_pulse_assume_wbd,unit_pulse_no_time,assume_wbd,041000050106,041000040204,13,True,
v01b_unit_pulse_assume_wbd,unit_pulse_no_time,assume_wbd,041000050106,041000040301,13,True,
v01b_unit_pulse_assume_wbd,unit_pulse_no_time,assume_wbd,041000050106,041000030304,14,True,
v01b_unit_pulse_assume_wbd,unit_pulse_no_time,assume_wbd,041000050106,041000030305,14,True,
v01b_unit_pulse_assume_wbd,unit_pulse_no_time,assume_wbd,041000050106,041000030401,14,True,
v01b_unit_pulse_assume_wbd,unit_pulse_no_time,assume_wbd,041000050106,041000030402,14,True,
v01b_unit_pulse_assume_wbd,unit_pulse_no_time,assume_wbd,041000050106,041000030403,14,True,
v01b_unit_pulse_assume_wbd,unit_pulse_no_time,assume_wbd,041000050106,041000040103,14,True,
v01b_unit_pulse_assume_wbd,unit_pulse_no_time,assume_wbd,041000050106,041000040104,14,True,
v01b_unit_pulse_assume_wbd,unit_pulse_no_time,assume_wbd,041000050106,041000040105,14,True,
v01b_unit_pulse_assume_wbd,unit_pulse_no_time,assume_wbd,041000050106,041000040203,14,True,
v01b_unit_pulse_assume_wbd,unit_pulse_no_time,assume_wbd,041000050106,041000030301,15,True,
v01b_unit_pulse_assume_wbd,unit_pulse_no_time,assume_wbd,041000050106,041000030302,15,True,
v01b_unit_pulse_assume_wbd,unit_pulse_no_time,assume_wbd,041000050106,041000030303,15,True,041000030303
v01b_unit_pulse_assume_wbd,unit_pulse_no_time,assume_wbd,041000050106,041000040101,15,True,
v01b_unit_pulse_assume_wbd,unit_pulse_no_time,assume_wbd,041000050106,041000040102,15,True,041000040102
v01b_unit_pulse_assume_wbd,unit_pulse_no_time,assume_wbd,041000050106,041000030106,16,True,
v01b_unit_pulse_assume_wbd,unit_pulse_no_time,assume_wbd,041000050106,041000030204,16,True,041000030204
v01b_unit_pulse_assume_wbd,unit_pulse_no_time,assume_wbd,041000050106,041000030104,17,True,
v01b_unit_pulse_assume_wbd,unit_pulse_no_time,assume_wbd,041000050106,041000030105,17,True,
v01b_unit_pulse_assume_wbd,unit_pulse_no_time,assume_wbd,041000050106,041000030202,17,True,041000030204
v01b_unit_pulse_assume_wbd,unit_pulse_no_time,assume_wbd,041000050106,041000030203,17,True,041000030204
v01b_unit_pulse_assume_wbd,unit_pulse_no_time,assume_wbd,041000050106,041000030102,18,True,
v01b_unit_pulse_assume_wbd,unit_pulse_no_time,assume_wbd,041000050106,041000030103,18,True,041000030103
v01b_unit_pulse_assume_wbd,unit_pulse_no_time,assume_wbd,041000050106,041000030201,18,True,041000030204
v01b_unit_pulse_assume_wbd,unit_pulse_no_time,assume_wbd,041000050106,041000030101,19,True,
v01b_unit_pulse_assume_wbd,unit_pulse_no_time,assume_wbd,041000050201,041000050201,0,True,
v01b_unit_pulse_assume_wbd,unit_pulse_no_time,assume_wbd,041000050202,041000050202,0,True,
v01b_unit_pulse_assume_wbd,unit_pulse_no_time,assume_wbd,041000050202,041000050106,1,True,
v01b_unit_pulse_assume_wbd,unit_pulse_no_time,assume_wbd,041000050202,041000050201,1,True,
v01b_unit_pulse_assume_wbd,unit_pulse_no_time,assume_wbd,041000050202,041000050104,2,True,
v01b_unit_pulse_assume_wbd,unit_pulse_no_time,assume_wbd,041000050202,041000050105,2,True,
v01b_unit_pulse_assume_wbd,unit_pulse_no_time,assume_wbd,041000050202,041000050103,3,True,
v01b_unit_pulse_assume_wbd,unit_pulse_no_time,assume_wbd,041000050202,041000050102,4,True,
v01b_unit_pulse_assume_wbd,unit_pulse_no_time,assume_wbd,041000050202,041000030806,5,True,
v01b_unit_pulse_assume_wbd,unit_pulse_no_time,assume_wbd,041000050202,041000040606,5,True,
v01b_unit_pulse_assume_wbd,unit_pulse_no_time,assume_wbd,041000050202,041000050101,5,True,
v01b_unit_pulse_assume_wbd,unit_pulse_no_time,assume_wbd,041000050202,041000030805,6,True,
v01b_unit_pulse_assume_wbd,unit_pulse_no_time,assume_wbd,041000050202,041000040604,6,True,
v01b_unit_pulse_assume_wbd,unit_pulse_no_time,assume_wbd,041000050202,041000040605,6,True,
v01b_unit_pulse_assume_wbd,unit_pulse_no_time,assume_wbd,041000050202,041000030707,7,True,
v01b_unit_pulse_assume_wbd,unit_pulse_no_time,assume_wbd,041000050202,041000030804,7,True,
v01b_unit_pulse_assume_wbd,unit_pulse_no_time,assume_wbd,041000050202,041000040601,7,True,
v01b_unit_pulse_assume_wbd,unit_pulse_no_time,assume_wbd,041000050202,041000040602,7,True,
v01b_unit_pulse_assume_wbd,unit_pulse_no_time,assume_wbd,041000050202,041000040603,7,True,
v01b_unit_pulse_assume_wbd,unit_pulse_no_time,assume_wbd,041000050202,041000030604,8,True,
v01b_unit_pulse_assume_wbd,unit_pulse_no_time,assume_wbd,041000050202,041000030702,8,True,
v01b_unit_pulse_assume_wbd,unit_pulse_no_time,assume_wbd,041000050202,041000030705,8,True,
v01b_unit_pulse_assume_wbd,unit_pulse_no_time,assume_wbd,041000050202,041000030706,8,True,
v01b_unit_pulse_assume_wbd,unit_pulse_no_time,assume_wbd,041000050202,041000030803,8,True,
v01b_unit_pulse_assume_wbd,unit_pulse_no_time,assume_wbd,041000050202,041000040504,8,True,
v01b_unit_pulse_assume_wbd,unit_pulse_no_time,assume_wbd,041000050202,041000030602,9,True,
v01b_unit_pulse_assume_wbd,unit_pulse_no_time,assume_wbd,041000050202,041000030603,9,True,
v01b_unit_pulse_assume_wbd,unit_pulse_no_time,assume_wbd,041000050202,041000030701,9,True,
v01b_unit_pulse_assume_wbd,unit_pulse_no_time,assume_wbd,041000050202,041000030703,9,True,
v01b_unit_pulse_assume_wbd,unit_pulse_no_time,assume_wbd,041000050202,041000030704,9,True,
v01b_unit_pulse_assume_wbd,unit_pulse_no_time,assume_wbd,041000050202,041000030802,9,True,
v01b_unit_pulse_assume_wbd,unit_pulse_no_time,assume_wbd,041000050202,041000040502,9,True,
v01b_unit_pulse_assume_wbd,unit_pulse_no_time,assume_wbd,041000050202,041000040503,9,True,
v01b_unit_pulse_assume_wbd,unit_pulse_no_time,assume_wbd,041000050202,041000030506,10,True,
v01b_unit_pulse_assume_wbd,unit_pulse_no_time,assume_wbd,041000050202,041000030601,10,True,
v01b_unit_pulse_assume_wbd,unit_pulse_no_time,assume_wbd,041000050202,041000030801,10,True,
v01b_unit_pulse_assume_wbd,unit_pulse_no_time,assume_wbd,041000050202,041000040408,10,True,
v01b_unit_pulse_assume_wbd,unit_pulse_no_time,assume_wbd,041000050202,041000040501,10,True,
v01b_unit_pulse_assume_wbd,unit_pulse_no_time,assume_wbd,041000050202,041000030505,11,True,
v01b_unit_pulse_assume_wbd,unit_pulse_no_time,assume_wbd,041000050202,041000040305,11,True,
v01b_unit_pulse_assume_wbd,unit_pulse_no_time,assume_wbd,041000050202,041000040401,11,True,
v01b_unit_pulse_assume_wbd,unit_pulse_no_time,assume_wbd,041000050202,041000040405,11,True,
v01b_unit_pulse_assume_wbd,unit_pulse_no_time,assume_wbd,041000050202,041000040406,11,True,
v01b_unit_pulse_assume_wbd,unit_pulse_no_time,assume_wbd,041000050202,041000040407,11,True,
v01b_unit_pulse_assume_wbd,unit_pulse_no_time,assume_wbd,041000050202,041000030503,12,True,
v01b_unit_pulse_assume_wbd,unit_pulse_no_time,assume_wbd,041000050202,041000030504,12,True,
v01b_unit_pulse_assume_wbd,unit_pulse_no_time,assume_wbd,041000050202,041000040303,12,True,
v01b_unit_pulse_assume_wbd,unit_pulse_no_time,assume_wbd,041000050202,041000040304,12,True,
v01b_unit_pulse_assume_wbd,unit_pulse_no_time,assume_wbd,041000050202,041000040402,12,True,
v01b_unit_pulse_assume_wbd,unit_pulse_no_time,assume_wbd,041000050202,041000040403,12,True,
v01b_unit_pulse_assume_wbd,unit_pulse_no_time,assume_wbd,041000050202,041000040404,12,True,
v01b_unit_pulse_assume_wbd,unit_pulse_no_time,assume_wbd,041000050202,041000030406,13,True,
v01b_unit_pulse_assume_wbd,unit_pulse_no_time,assume_wbd,041000050202,041000030501,13,True,
v01b_unit_pulse_assume_wbd,unit_pulse_no_time,assume_wbd,041000050202,041000030502,13,True,
v01b_unit_pulse_assume_wbd,unit_pulse_no_time,assume_wbd,041000050202,041000040205,13,True,
v01b_unit_pulse_assume_wbd,unit_pulse_no_time,assume_wbd,041000050202,041000040302,13,True,
v01b_unit_pulse_assume_wbd,unit_pulse_no_time,assume_wbd,041000050202,041000030306,14,True,
v01b_unit_pulse_assume_wbd,unit_pulse_no_time,assume_wbd,041000050202,041000030404,14,True,
v01b_unit_pulse_assume_wbd,unit_pulse_no_time,assume_wbd,041000050202,041000030405,14,True,
v01b_unit_pulse_assume_wbd,unit_pulse_no_time,assume_wbd,041000050202,041000040106,14,True,
v01b_unit_pulse_assume_wbd,unit_pulse_no_time,assume_wbd,041000050202,041000040201,14,True,
v01b_unit_pulse_assume_wbd,unit_pulse_no_time,assume_wbd,041000050202,041000040202,14,True,
v01b_unit_pulse_assume_wbd,unit_pulse_no_time,assume_wbd,041000050202,041000040204,14,True,
v01b_unit_pulse_assume_wbd,unit_pulse_no_time,assume_wbd,041000050202,041000040301,14,True,
v01b_unit_pulse_assume_wbd,unit_pulse_no_time,assume_wbd,041000050202,041000030304,15,True,
v01b_unit_pulse_assume_wbd,unit_pulse_no_time,assume_wbd,041000050202,041000030305,15,True,
v01b_unit_pulse_assume_wbd,unit_pulse_no_time,assume_wbd,041000050202,041000030401,15,True,
v01b_unit_pulse_assume_wbd,unit_pulse_no_time,assume_wbd,041000050202,041000030402,15,True,
v01b_unit_pulse_assume_wbd,unit_pulse_no_time,assume_wbd,041000050202,041000030403,15,True,
v01b_unit_pulse_assume_wbd,unit_pulse_no_time,assume_wbd,041000050202,041000040103,15,True,
v01b_unit_pulse_assume_wbd,unit_pulse_no_time,assume_wbd,041000050202,041000040104,15,True,
v01b_unit_pulse_assume_wbd,unit_pulse_no_time,assume_wbd,041000050202,041000040105,15,True,
v01b_unit_pulse_assume_wbd,unit_pulse_no_time,assume_wbd,041000050202,041000040203,15,True,
v01b_unit_pulse_assume_wbd,unit_pulse_no_time,assume_wbd,041000050202,041000030301,16,True,
v01b_unit_pulse_assume_wbd,unit_pulse_no_time,assume_wbd,041000050202,041000030302,16,True,
v01b_unit_pulse_assume_wbd,unit_pulse_no_time,assume_wbd,041000050202,041000030303,16,True,041000030303
v01b_unit_pulse_assume_wbd,unit_pulse_no_time,assume_wbd,041000050202,041000040101,16,True,
v01b_unit_pulse_assume_wbd,unit_pulse_no_time,assume_wbd,041000050202,041000040102,16,True,041000040102
v01b_unit_pulse_assume_wbd,unit_pulse_no_time,assume_wbd,041000050202,041000030106,17,True,
v01b_unit_pulse_assume_wbd,unit_pulse_no_time,assume_wbd,041000050202,041000030204,17,True,041000030204
v01b_unit_pulse_assume_wbd,unit_pulse_no_time,assume_wbd,041000050202,041000030104,18,True,
v01b_unit_pulse_assume_wbd,unit_pulse_no_time,assume_wbd,041000050202,041000030105,18,True,
v01b_unit_pulse_assume_wbd,unit_pulse_no_time,assume_wbd,041000050202,041000030202,18,True,041000030204
v01b_unit_pulse_assume_wbd,unit_pulse_no_time,assume_wbd,041000050202,041000030203,18,True,041000030204
v01b_unit_pulse_assume_wbd,unit_pulse_no_time,assume_wbd,041000050202,041000030102,19,True,
v01b_unit_pulse_assume_wbd,unit_pulse_no_time,assume_wbd,041000050202,041000030103,19,True,041000030103
v01b_unit_pulse_assume_wbd,unit_pulse_no_time,assume_wbd,041000050202,041000030201,19,True,041000030204
v01b_unit_pulse_assume_wbd,unit_pulse_no_time,assume_wbd,041000050202,041000030101,20,True,
v01b_unit_pulse_assume_wbd,unit_pulse_no_time,assume_wbd,041000050203,041000050203,0,True,
v01b_unit_pulse_assume_wbd,unit_pulse_no_time,assume_wbd,041000050204,041000050204,0,True,
v01b_unit_pulse_assume_wbd,unit_pulse_no_time,assume_wbd,041000050205,041000050205,0,True,
v01b_unit_pulse_assume_wbd,unit_pulse_no_time,assume_wbd,041000050205,041000050202,1,True,
v01b_unit_pulse_assume_wbd,unit_pulse_no_time,assume_wbd,041000050205,041000050203,1,True,
v01b_unit_pulse_assume_wbd,unit_pulse_no_time,assume_wbd,041000050205,041000050204,1,True,
v01b_unit_pulse_assume_wbd,unit_pulse_no_time,assume_wbd,041000050205,041000050106,2,True,
v01b_unit_pulse_assume_wbd,unit_pulse_no_time,assume_wbd,041000050205,041000050201,2,True,
v01b_unit_pulse_assume_wbd,unit_pulse_no_time,assume_wbd,041000050205,041000050104,3,True,
v01b_unit_pulse_assume_wbd,unit_pulse_no_time,assume_wbd,041000050205,041000050105,3,True,
v01b_unit_pulse_assume_wbd,unit_pulse_no_time,assume_wbd,041000050205,041000050103,4,True,
v01b_unit_pulse_assume_wbd,unit_pulse_no_time,assume_wbd,041000050205,041000050102,5,True,
v01b_unit_pulse_assume_wbd,unit_pulse_no_time,assume_wbd,041000050205,041000030806,6,True,
v01b_unit_pulse_assume_wbd,unit_pulse_no_time,assume_wbd,041000050205,041000040606,6,True,
v01b_unit_pulse_assume_wbd,unit_pulse_no_time,assume_wbd,041000050205,041000050101,6,True,
v01b_unit_pulse_assume_wbd,unit_pulse_no_time,assume_wbd,041000050205,041000030805,7,True,
v01b_unit_pulse_assume_wbd,unit_pulse_no_time,assume_wbd,041000050205,041000040604,7,True,
v01b_unit_pulse_assume_wbd,unit_pulse_no_time,assume_wbd,041000050205,041000040605,7,True,
v01b_unit_pulse_assume_wbd,unit_pulse_no_time,assume_wbd,041000050205,041000030707,8,True,
v01b_unit_pulse_assume_wbd,unit_pulse_no_time,assume_wbd,041000050205,041000030804,8,True,
v01b_unit_pulse_assume_wbd,unit_pulse_no_time,assume_wbd,041000050205,041000040601,8,True,
v01b_unit_pulse_assume_wbd,unit_pulse_no_time,assume_wbd,041000050205,041000040602,8,True,
v01b_unit_pulse_assume_wbd,unit_pulse_no_time,assume_wbd,041000050205,041000040603,8,True,
v01b_unit_pulse_assume_wbd,unit_pulse_no_time,assume_wbd,041000050205,041000030604,9,True,
v01b_unit_pulse_assume_wbd,unit_pulse_no_time,assume_wbd,041000050205,041000030702,9,True,
v01b_unit_pulse_assume_wbd,unit_pulse_no_time,assume_wbd,041000050205,041000030705,9,True,
v01b_unit_pulse_assume_wbd,unit_pulse_no_time,assume_wbd,041000050205,041000030706,9,True,
v01b_unit_pulse_assume_wbd,unit_pulse_no_time,assume_wbd,041000050205,041000030803,9,True,
v01b_unit_pulse_assume_wbd,unit_pulse_no_time,assume_wbd,041000050205,041000040504,9,True,
v01b_unit_pulse_assume_wbd,unit_pulse_no_time,assume_wbd,041000050205,041000030602,10,True,
v01b_unit_pulse_assume_wbd,unit_pulse_no_time,assume_wbd,041000050205,041000030603,10,True,
v01b_unit_pulse_assume_wbd,unit_pulse_no_time,assume_wbd,041000050205,041000030701,10,True,
v01b_unit_pulse_assume_wbd,unit_pulse_no_time,assume_wbd,041000050205,041000030703,10,True,
v01b_unit_pulse_assume_wbd,unit_pulse_no_time,assume_wbd,041000050205,041000030704,10,True,
v01b_unit_pulse_assume_wbd,unit_pulse_no_time,assume_wbd,041000050205,041000030802,10,True,
v01b_unit_pulse_assume_wbd,unit_pulse_no_time,assume_wbd,041000050205,041000040502,10,True,
v01b_unit_pulse_assume_wbd,unit_pulse_no_time,assume_wbd,041000050205,041000040503,10,True,
v01b_unit_pulse_assume_wbd,unit_pulse_no_time,assume_wbd,041000050205,041000030506,11,True,
v01b_unit_pulse_assume_wbd,unit_pulse_no_time,assume_wbd,041000050205,041000030601,11,True,
v01b_unit_pulse_assume_wbd,unit_pulse_no_time,assume_wbd,041000050205,041000030801,11,True,
v01b_unit_pulse_assume_wbd,unit_pulse_no_time,assume_wbd,041000050205,041000040408,11,True,
v01b_unit_pulse_assume_wbd,unit_pulse_no_time,assume_wbd,041000050205,041000040501,11,True,
v01b_unit_pulse_assume_wbd,unit_pulse_no_time,assume_wbd,041000050205,041000030505,12,True,
v01b_unit_pulse_assume_wbd,unit_pulse_no_time,assume_wbd,041000050205,041000040305,12,True,
v01b_unit_pulse_assume_wbd,unit_pulse_no_time,assume_wbd,041000050205,041000040401,12,True,
v01b_unit_pulse_assume_wbd,unit_pulse_no_time,assume_wbd,041000050205,041000040405,12,True,
v01b_unit_pulse_assume_wbd,unit_pulse_no_time,assume_wbd,041000050205,041000040406,12,True,
v01b_unit_pulse_assume_wbd,unit_pulse_no_time,assume_wbd,041000050205,041000040407,12,True,
v01b_unit_pulse_assume_wbd,unit_pulse_no_time,assume_wbd,041000050205,041000030503,13,True,
v01b_unit_pulse_assume_wbd,unit_pulse_no_time,assume_wbd,041000050205,041000030504,13,True,
v01b_unit_pulse_assume_wbd,unit_pulse_no_time,assume_wbd,041000050205,041000040303,13,True,
v01b_unit_pulse_assume_wbd,unit_pulse_no_time,assume_wbd,041000050205,041000040304,13,True,
v01b_unit_pulse_assume_wbd,unit_pulse_no_time,assume_wbd,041000050205,041000040402,13,True,
v01b_unit_pulse_assume_wbd,unit_pulse_no_time,assume_wbd,041000050205,041000040403,13,True,
v01b_unit_pulse_assume_wbd,unit_pulse_no_time,assume_wbd,041000050205,041000040404,13,True,
v01b_unit_pulse_assume_wbd,unit_pulse_no_time,assume_wbd,041000050205,041000030406,14,True,
v01b_unit_pulse_assume_wbd,unit_pulse_no_time,assume_wbd,041000050205,041000030501,14,True,
v01b_unit_pulse_assume_wbd,unit_pulse_no_time,assume_wbd,041000050205,041000030502,14,True,
v01b_unit_pulse_assume_wbd,unit_pulse_no_time,assume_wbd,041000050205,041000040205,14,True,
v01b_unit_pulse_assume_wbd,unit_pulse_no_time,assume_wbd,041000050205,041000040302,14,True,
v01b_unit_pulse_assume_wbd,unit_pulse_no_time,assume_wbd,041000050205,041000030306,15,True,
v01b_unit_pulse_assume_wbd,unit_pulse_no_time,assume_wbd,041000050205,041000030404,15,True,
v01b_unit_pulse_assume_wbd,unit_pulse_no_time,assume_wbd,041000050205,041000030405,15,True,
v01b_unit_pulse_assume_wbd,unit_pulse_no_time,assume_wbd,041000050205,041000040106,15,True,
v01b_unit_pulse_assume_wbd,unit_pulse_no_time,assume_wbd,041000050205,041000040201,15,True,
v01b_unit_pulse_assume_wbd,unit_pulse_no_time,assume_wbd,041000050205,041000040202,15,True,
v01b_unit_pulse_assume_wbd,unit_pulse_no_time,assume_wbd,041000050205,041000040204,15,True,
v01b_unit_pulse_assume_wbd,unit_pulse_no_time,assume_wbd,041000050205,041000040301,15,True,
v01b_unit_pulse_assume_wbd,unit_pulse_no_time,assume_wbd,041000050205,041000030304,16,True,
v01b_unit_pulse_assume_wbd,unit_pulse_no_time,assume_wbd,041000050205,041000030305,16,True,
v01b_unit_pulse_assume_wbd,unit_pulse_no_time,assume_wbd,041000050205,041000030401,16,True,
v01b_unit_pulse_assume_wbd,unit_pulse_no_time,assume_wbd,041000050205,041000030402,16,True,
v01b_unit_pulse_assume_wbd,unit_pulse_no_time,assume_wbd,041000050205,041000030403,16,True,
v01b_unit_pulse_assume_wbd,unit_pulse_no_time,assume_wbd,041000050205,041000040103,16,True,
v01b_unit_pulse_assume_wbd,unit_pulse_no_time,assume_wbd,041000050205,041000040104,16,True,
v01b_unit_pulse_assume_wbd,unit_pulse_no_time,assume_wbd,041000050205,041000040105,16,True,
v01b_unit_pulse_assume_wbd,unit_pulse_no_time,assume_wbd,041000050205,041000040203,16,True,
v01b_unit_pulse_assume_wbd,unit_pulse_no_time,assume_wbd,041000050205,041000030301,17,True,
v01b_unit_pulse_assume_wbd,unit_pulse_no_time,assume_wbd,041000050205,041000030302,17,True,
v01b_unit_pulse_assume_wbd,unit_pulse_no_time,assume_wbd,041000050205,041000030303,17,True,041000030303
v01b_unit_pulse_assume_wbd,unit_pulse_no_time,assume_wbd,041000050205,041000040101,17,True,
v01b_unit_pulse_assume_wbd,unit_pulse_no_time,assume_wbd,041000050205,041000040102,17,True,041000040102
v01b_unit_pulse_assume_wbd,unit_pulse_no_time,assume_wbd,041000050205,041000030106,18,True,
v01b_unit_pulse_assume_wbd,unit_pulse_no_time,assume_wbd,041000050205,041000030204,18,True,041000030204
v01b_unit_pulse_assume_wbd,unit_pulse_no_time,assume_wbd,041000050205,041000030104,19,True,
v01b_unit_pulse_assume_wbd,unit_pulse_no_time,assume_wbd,041000050205,041000030105,19,True,
v01b_unit_pulse_assume_wbd,unit_pulse_no_time,assume_wbd,041000050205,041000030202,19,True,041000030204
v01b_unit_pulse_assume_wbd,unit_pulse_no_time,assume_wbd,041000050205,041000030203,19,True,041000030204
v01b_unit_pulse_assume_wbd,unit_pulse_no_time,assume_wbd,041000050205,041000030102,20,True,
v01b_unit_pulse_assume_wbd,unit_pulse_no_time,assume_wbd,041000050205,041000030103,20,True,041000030103
v01b_unit_pulse_assume_wbd,unit_pulse_no_time,assume_wbd,041000050205,041000030201,20,True,041000030204
v01b_unit_pulse_assume_wbd,unit_pulse_no_time,assume_wbd,041000050205,041000030101,21,True,
v01b_unit_pulse_assume_wbd,unit_pulse_no_time,assume_wbd,041000050206,041000050206,0,True,
v01b_unit_pulse_assume_wbd,unit_pulse_no_time,assume_wbd,041000050207,041000050207,0,True,
v01b_unit_pulse_assume_wbd,unit_pulse_no_time,assume_wbd,041000050207,041000050205,1,True,
v01b_unit_pulse_assume_wbd,unit_pulse_no_time,assume_wbd,041000050207,041000050206,1,True,
v01b_unit_pulse_assume_wbd,unit_pulse_no_time,assume_wbd,041000050207,041000050202,2,True,
v01b_unit_pulse_assume_wbd,unit_pulse_no_time,assume_wbd,041000050207,041000050203,2,True,
v01b_unit_pulse_assume_wbd,unit_pulse_no_time,assume_wbd,041000050207,041000050204,2,True,
v01b_unit_pulse_assume_wbd,unit_pulse_no_time,assume_wbd,041000050207,041000050106,3,True,
v01b_unit_pulse_assume_wbd,unit_pulse_no_time,assume_wbd,041000050207,041000050201,3,True,
v01b_unit_pulse_assume_wbd,unit_pulse_no_time,assume_wbd,041000050207,041000050104,4,True,
v01b_unit_pulse_assume_wbd,unit_pulse_no_time,assume_wbd,041000050207,041000050105,4,True,
v01b_unit_pulse_assume_wbd,unit_pulse_no_time,assume_wbd,041000050207,041000050103,5,True,
v01b_unit_pulse_assume_wbd,unit_pulse_no_time,assume_wbd,041000050207,041000050102,6,True,
v01b_unit_pulse_assume_wbd,unit_pulse_no_time,assume_wbd,041000050207,041000030806,7,True,
v01b_unit_pulse_assume_wbd,unit_pulse_no_time,assume_wbd,041000050207,041000040606,7,True,
v01b_unit_pulse_assume_wbd,unit_pulse_no_time,assume_wbd,041000050207,041000050101,7,True,
v01b_unit_pulse_assume_wbd,unit_pulse_no_time,assume_wbd,041000050207,041000030805,8,True,
v01b_unit_pulse_assume_wbd,unit_pulse_no_time,assume_wbd,041000050207,041000040604,8,True,
v01b_unit_pulse_assume_wbd,unit_pulse_no_time,assume_wbd,041000050207,041000040605,8,True,
v01b_unit_pulse_assume_wbd,unit_pulse_no_time,assume_wbd,041000050207,041000030707,9,True,
v01b_unit_pulse_assume_wbd,unit_pulse_no_time,assume_wbd,041000050207,041000030804,9,True,
v01b_unit_pulse_assume_wbd,unit_pulse_no_time,assume_wbd,041000050207,041000040601,9,True,
v01b_unit_pulse_assume_wbd,unit_pulse_no_time,assume_wbd,041000050207,041000040602,9,True,
v01b_unit_pulse_assume_wbd,unit_pulse_no_time,assume_wbd,041000050207,041000040603,9,True,
v01b_unit_pulse_assume_wbd,unit_pulse_no_time,assume_wbd,041000050207,041000030604,10,True,
v01b_unit_pulse_assume_wbd,unit_pulse_no_time,assume_wbd,041000050207,041000030702,10,True,
v01b_unit_pulse_assume_wbd,unit_pulse_no_time,assume_wbd,041000050207,041000030705,10,True,
v01b_unit_pulse_assume_wbd,unit_pulse_no_time,assume_wbd,041000050207,041000030706,10,True,
v01b_unit_pulse_assume_wbd,unit_pulse_no_time,assume_wbd,041000050207,041000030803,10,True,
v01b_unit_pulse_assume_wbd,unit_pulse_no_time,assume_wbd,041000050207,041000040504,10,True,
v01b_unit_pulse_assume_wbd,unit_pulse_no_time,assume_wbd,041000050207,041000030602,11,True,
v01b_unit_pulse_assume_wbd,unit_pulse_no_time,assume_wbd,041000050207,041000030603,11,True,
v01b_unit_pulse_assume_wbd,unit_pulse_no_time,assume_wbd,041000050207,041000030701,11,True,
v01b_unit_pulse_assume_wbd,unit_pulse_no_time,assume_wbd,041000050207,041000030703,11,True,
v01b_unit_pulse_assume_wbd,unit_pulse_no_time,assume_wbd,041000050207,041000030704,11,True,
v01b_unit_pulse_assume_wbd,unit_pulse_no_time,assume_wbd,041000050207,041000030802,11,True,
v01b_unit_pulse_assume_wbd,unit_pulse_no_time,assume_wbd,041000050207,041000040502,11,True,
v01b_unit_pulse_assume_wbd,unit_pulse_no_time,assume_wbd,041000050207,041000040503,11,True,
v01b_unit_pulse_assume_wbd,unit_pulse_no_time,assume_wbd,041000050207,041000030506,12,True,
v01b_unit_pulse_assume_wbd,unit_pulse_no_time,assume_wbd,041000050207,041000030601,12,True,
v01b_unit_pulse_assume_wbd,unit_pulse_no_time,assume_wbd,041000050207,041000030801,12,True,
v01b_unit_pulse_assume_wbd,unit_pulse_no_time,assume_wbd,041000050207,041000040408,12,True,
v01b_unit_pulse_assume_wbd,unit_pulse_no_time,assume_wbd,041000050207,041000040501,12,True,
v01b_unit_pulse_assume_wbd,unit_pulse_no_time,assume_wbd,041000050207,041000030505,13,True,
v01b_unit_pulse_assume_wbd,unit_pulse_no_time,assume_wbd,041000050207,041000040305,13,True,
v01b_unit_pulse_assume_wbd,unit_pulse_no_time,assume_wbd,041000050207,041000040401,13,True,
v01b_unit_pulse_assume_wbd,unit_pulse_no_time,assume_wbd,041000050207,041000040405,13,True,
v01b_unit_pulse_assume_wbd,unit_pulse_no_time,assume_wbd,041000050207,041000040406,13,True,
v01b_unit_pulse_assume_wbd,unit_pulse_no_time,assume_wbd,041000050207,041000040407,13,True,
v01b_unit_pulse_assume_wbd,unit_pulse_no_time,assume_wbd,041000050207,041000030503,14,True,
v01b_unit_pulse_assume_wbd,unit_pulse_no_time,assume_wbd,041000050207,041000030504,14,True,
v01b_unit_pulse_assume_wbd,unit_pulse_no_time,assume_wbd,041000050207,041000040303,14,True,
v01b_unit_pulse_assume_wbd,unit_pulse_no_time,assume_wbd,041000050207,041000040304,14,True,
v01b_unit_pulse_assume_wbd,unit_pulse_no_time,assume_wbd,041000050207,041000040402,14,True,
v01b_unit_pulse_assume_wbd,unit_pulse_no_time,assume_wbd,041000050207,041000040403,14,True,
v01b_unit_pulse_assume_wbd,unit_pulse_no_time,assume_wbd,041000050207,041000040404,14,True,
v01b_unit_pulse_assume_wbd,unit_pulse_no_time,assume_wbd,041000050207,041000030406,15,True,
v01b_unit_pulse_assume_wbd,unit_pulse_no_time,assume_wbd,041000050207,041000030501,15,True,
v01b_unit_pulse_assume_wbd,unit_pulse_no_time,assume_wbd,041000050207,041000030502,15,True,
v01b_unit_pulse_assume_wbd,unit_pulse_no_time,assume_wbd,041000050207,041000040205,15,True,
v01b_unit_pulse_assume_wbd,unit_pulse_no_time,assume_wbd,041000050207,041000040302,15,True,
v01b_unit_pulse_assume_wbd,unit_pulse_no_time,assume_wbd,041000050207,041000030306,16,True,
v01b_unit_pulse_assume_wbd,unit_pulse_no_time,assume_wbd,041000050207,041000030404,16,True,
v01b_unit_pulse_assume_wbd,unit_pulse_no_time,assume_wbd,041000050207,041000030405,16,True,
v01b_unit_pulse_assume_wbd,unit_pulse_no_time,assume_wbd,041000050207,041000040106,16,True,
v01b_unit_pulse_assume_wbd,unit_pulse_no_time,assume_wbd,041000050207,041000040201,16,True,
v01b_unit_pulse_assume_wbd,unit_pulse_no_time,assume_wbd,041000050207,041000040202,16,True,
v01b_unit_pulse_assume_wbd,unit_pulse_no_time,assume_wbd,041000050207,041000040204,16,True,
v01b_unit_pulse_assume_wbd,unit_pulse_no_time,assume_wbd,041000050207,041000040301,16,True,
v01b_unit_pulse_assume_wbd,unit_pulse_no_time,assume_wbd,041000050207,041000030304,17,True,
v01b_unit_pulse_assume_wbd,unit_pulse_no_time,assume_wbd,041000050207,041000030305,17,True,
v01b_unit_pulse_assume_wbd,unit_pulse_no_time,assume_wbd,041000050207,041000030401,17,True,
v01b_unit_pulse_assume_wbd,unit_pulse_no_time,assume_wbd,041000050207,041000030402,17,True,
v01b_unit_pulse_assume_wbd,unit_pulse_no_time,assume_wbd,041000050207,041000030403,17,True,
v01b_unit_pulse_assume_wbd,unit_pulse_no_time,assume_wbd,041000050207,041000040103,17,True,
v01b_unit_pulse_assume_wbd,unit_pulse_no_time,assume_wbd,041000050207,041000040104,17,True,
v01b_unit_pulse_assume_wbd,unit_pulse_no_time,assume_wbd,041000050207,041000040105,17,True,
v01b_unit_pulse_assume_wbd,unit_pulse_no_time,assume_wbd,041000050207,041000040203,17,True,
v01b_unit_pulse_assume_wbd,unit_pulse_no_time,assume_wbd,041000050207,041000030301,18,True,
v01b_unit_pulse_assume_wbd,unit_pulse_no_time,assume_wbd,041000050207,041000030302,18,True,
v01b_unit_pulse_assume_wbd,unit_pulse_no_time,assume_wbd,041000050207,041000030303,18,True,041000030303
v01b_unit_pulse_assume_wbd,unit_pulse_no_time,assume_wbd,041000050207,041000040101,18,True,
v01b_unit_pulse_assume_wbd,unit_pulse_no_time,assume_wbd,041000050207,041000040102,18,True,041000040102
v01b_unit_pulse_assume_wbd,unit_pulse_no_time,assume_wbd,041000050207,041000030106,19,True,
v01b_unit_pulse_assume_wbd,unit_pulse_no_time,assume_wbd,041000050207,041000030204,19,True,041000030204
v01b_unit_pulse_assume_wbd,unit_pulse_no_time,assume_wbd,041000050207,041000030104,20,True,
v01b_unit_pulse_assume_wbd,unit_pulse_no_time,assume_wbd,041000050207,041000030105,20,True,
v01b_unit_pulse_assume_wbd,unit_pulse_no_time,assume_wbd,041000050207,041000030202,20,True,041000030204
v01b_unit_pulse_assume_wbd,unit_pulse_no_time,assume_wbd,041000050207,041000030203,20,True,041000030204
v01b_unit_pulse_assume_wbd,unit_pulse_no_time,assume_wbd,041000050207,041000030102,21,True,
v01b_unit_pulse_assume_wbd,unit_pulse_no_time,assume_wbd,041000050207,041000030103,21,True,041000030103
v01b_unit_pulse_assume_wbd,unit_pulse_no_time,assume_wbd,041000050207,041000030201,21,True,041000030204
v01b_unit_pulse_assume_wbd,unit_pulse_no_time,assume_wbd,041000050207,041000030101,22,True,
v01b_unit_pulse_assume_wbd,unit_pulse_no_time,assume_wbd,041000050208,041000050208,0,True,
v01b_unit_pulse_assume_wbd,unit_pulse_no_time,assume_wbd,041000050208,041000050207,1,True,
v01b_unit_pulse_assume_wbd,unit_pulse_no_time,assume_wbd,041000050208,041000050205,2,True,
v01b_unit_pulse_assume_wbd,unit_pulse_no_time,assume_wbd,041000050208,041000050206,2,True,
v01b_unit_pulse_assume_wbd,unit_pulse_no_time,assume_wbd,041000050208,041000050202,3,True,
v01b_unit_pulse_assume_wbd,unit_pulse_no_time,assume_wbd,041000050208,041000050203,3,True,
v01b_unit_pulse_assume_wbd,unit_pulse_no_time,assume_wbd,041000050208,041000050204,3,True,
v01b_unit_pulse_assume_wbd,unit_pulse_no_time,assume_wbd,041000050208,041000050106,4,True,
v01b_unit_pulse_assume_wbd,unit_pulse_no_time,assume_wbd,041000050208,041000050201,4,True,
v01b_unit_pulse_assume_wbd,unit_pulse_no_time,assume_wbd,041000050208,041000050104,5,True,
v01b_unit_pulse_assume_wbd,unit_pulse_no_time,assume_wbd,041000050208,041000050105,5,True,
v01b_unit_pulse_assume_wbd,unit_pulse_no_time,assume_wbd,041000050208,041000050103,6,True,
v01b_unit_pulse_assume_wbd,unit_pulse_no_time,assume_wbd,041000050208,041000050102,7,True,
v01b_unit_pulse_assume_wbd,unit_pulse_no_time,assume_wbd,041000050208,041000030806,8,True,
v01b_unit_pulse_assume_wbd,unit_pulse_no_time,assume_wbd,041000050208,041000040606,8,True,
v01b_unit_pulse_assume_wbd,unit_pulse_no_time,assume_wbd,041000050208,041000050101,8,True,
v01b_unit_pulse_assume_wbd,unit_pulse_no_time,assume_wbd,041000050208,041000030805,9,True,
v01b_unit_pulse_assume_wbd,unit_pulse_no_time,assume_wbd,041000050208,041000040604,9,True,
v01b_unit_pulse_assume_wbd,unit_pulse_no_time,assume_wbd,041000050208,041000040605,9,True,
v01b_unit_pulse_assume_wbd,unit_pulse_no_time,assume_wbd,041000050208,041000030707,10,True,
v01b_unit_pulse_assume_wbd,unit_pulse_no_time,assume_wbd,041000050208,041000030804,10,True,
v01b_unit_pulse_assume_wbd,unit_pulse_no_time,assume_wbd,041000050208,041000040601,10,True,
v01b_unit_pulse_assume_wbd,unit_pulse_no_time,assume_wbd,041000050208,041000040602,10,True,
v01b_unit_pulse_assume_wbd,unit_pulse_no_time,assume_wbd,041000050208,041000040603,10,True,
v01b_unit_pulse_assume_wbd,unit_pulse_no_time,assume_wbd,041000050208,041000030604,11,True,
v01b_unit_pulse_assume_wbd,unit_pulse_no_time,assume_wbd,041000050208,041000030702,11,True,
v01b_unit_pulse_assume_wbd,unit_pulse_no_time,assume_wbd,041000050208,041000030705,11,True,
v01b_unit_pulse_assume_wbd,unit_pulse_no_time,assume_wbd,041000050208,041000030706,11,True,
v01b_unit_pulse_assume_wbd,unit_pulse_no_time,assume_wbd,041000050208,041000030803,11,True,
v01b_unit_pulse_assume_wbd,unit_pulse_no_time,assume_wbd,041000050208,041000040504,11,True,
v01b_unit_pulse_assume_wbd,unit_pulse_no_time,assume_wbd,041000050208,041000030602,12,True,
v01b_unit_pulse_assume_wbd,unit_pulse_no_time,assume_wbd,041000050208,041000030603,12,True,
v01b_unit_pulse_assume_wbd,unit_pulse_no_time,assume_wbd,041000050208,041000030701,12,True,
v01b_unit_pulse_assume_wbd,unit_pulse_no_time,assume_wbd,041000050208,041000030703,12,True,
v01b_unit_pulse_assume_wbd,unit_pulse_no_time,assume_wbd,041000050208,041000030704,12,True,
v01b_unit_pulse_assume_wbd,unit_pulse_no_time,assume_wbd,041000050208,041000030802,12,True,
v01b_unit_pulse_assume_wbd,unit_pulse_no_time,assume_wbd,041000050208,041000040502,12,True,
v01b_unit_pulse_assume_wbd,unit_pulse_no_time,assume_wbd,041000050208,041000040503,12,True,
v01b_unit_pulse_assume_wbd,unit_pulse_no_time,assume_wbd,041000050208,041000030506,13,True,
v01b_unit_pulse_assume_wbd,unit_pulse_no_time,assume_wbd,041000050208,041000030601,13,True,
v01b_unit_pulse_assume_wbd,unit_pulse_no_time,assume_wbd,041000050208,041000030801,13,True,
v01b_unit_pulse_assume_wbd,unit_pulse_no_time,assume_wbd,041000050208,041000040408,13,True,
v01b_unit_pulse_assume_wbd,unit_pulse_no_time,assume_wbd,041000050208,041000040501,13,True,
v01b_unit_pulse_assume_wbd,unit_pulse_no_time,assume_wbd,041000050208,041000030505,14,True,
v01b_unit_pulse_assume_wbd,unit_pulse_no_time,assume_wbd,041000050208,041000040305,14,True,
v01b_unit_pulse_assume_wbd,unit_pulse_no_time,assume_wbd,041000050208,041000040401,14,True,
v01b_unit_pulse_assume_wbd,unit_pulse_no_time,assume_wbd,041000050208,041000040405,14,True,
v01b_unit_pulse_assume_wbd,unit_pulse_no_time,assume_wbd,041000050208,041000040406,14,True,
v01b_unit_pulse_assume_wbd,unit_pulse_no_time,assume_wbd,041000050208,041000040407,14,True,
v01b_unit_pulse_assume_wbd,unit_pulse_no_time,assume_wbd,041000050208,041000030503,15,True,
v01b_unit_pulse_assume_wbd,unit_pulse_no_time,assume_wbd,041000050208,041000030504,15,True,
v01b_unit_pulse_assume_wbd,unit_pulse_no_time,assume_wbd,041000050208,041000040303,15,True,
v01b_unit_pulse_assume_wbd,unit_pulse_no_time,assume_wbd,041000050208,041000040304,15,True,
v01b_unit_pulse_assume_wbd,unit_pulse_no_time,assume_wbd,041000050208,041000040402,15,True,
v01b_unit_pulse_assume_wbd,unit_pulse_no_time,assume_wbd,041000050208,041000040403,15,True,
v01b_unit_pulse_assume_wbd,unit_pulse_no_time,assume_wbd,041000050208,041000040404,15,True,
v01b_unit_pulse_assume_wbd,unit_pulse_no_time,assume_wbd,041000050208,041000030406,16,True,
v01b_unit_pulse_assume_wbd,unit_pulse_no_time,assume_wbd,041000050208,041000030501,16,True,
v01b_unit_pulse_assume_wbd,unit_pulse_no_time,assume_wbd,041000050208,041000030502,16,True,
v01b_unit_pulse_assume_wbd,unit_pulse_no_time,assume_wbd,041000050208,041000040205,16,True,
v01b_unit_pulse_assume_wbd,unit_pulse_no_time,assume_wbd,041000050208,041000040302,16,True,
v01b_unit_pulse_assume_wbd,unit_pulse_no_time,assume_wbd,041000050208,041000030306,17,True,
v01b_unit_pulse_assume_wbd,unit_pulse_no_time,assume_wbd,041000050208,041000030404,17,True,
v01b_unit_pulse_assume_wbd,unit_pulse_no_time,assume_wbd,041000050208,041000030405,17,True,
v01b_unit_pulse_assume_wbd,unit_pulse_no_time,assume_wbd,041000050208,041000040106,17,True,
v01b_unit_pulse_assume_wbd,unit_pulse_no_time,assume_wbd,041000050208,041000040201,17,True,
v01b_unit_pulse_assume_wbd,unit_pulse_no_time,assume_wbd,041000050208,041000040202,17,True,
v01b_unit_pulse_assume_wbd,unit_pulse_no_time,assume_wbd,041000050208,041000040204,17,True,
v01b_unit_pulse_assume_wbd,unit_pulse_no_time,assume_wbd,041000050208,041000040301,17,True,
v01b_unit_pulse_assume_wbd,unit_pulse_no_time,assume_wbd,041000050208,041000030304,18,True,
v01b_unit_pulse_assume_wbd,unit_pulse_no_time,assume_wbd,041000050208,041000030305,18,True,
v01b_unit_pulse_assume_wbd,unit_pulse_no_time,assume_wbd,041000050208,041000030401,18,True,
v01b_unit_pulse_assume_wbd,unit_pulse_no_time,assume_wbd,041000050208,041000030402,18,True,
v01b_unit_pulse_assume_wbd,unit_pulse_no_time,assume_wbd,041000050208,041000030403,18,True,
v01b_unit_pulse_assume_wbd,unit_pulse_no_time,assume_wbd,041000050208,041000040103,18,True,
v01b_unit_pulse_assume_wbd,unit_pulse_no_time,assume_wbd,041000050208,041000040104,18,True,
v01b_unit_pulse_assume_wbd,unit_pulse_no_time,assume_wbd,041000050208,041000040105,18,True,
v01b_unit_pulse_assume_wbd,unit_pulse_no_time,assume_wbd,041000050208,041000040203,18,True,
v01b_unit_pulse_assume_wbd,unit_pulse_no_time,assume_wbd,041000050208,041000030301,19,True,
v01b_unit_pulse_assume_wbd,unit_pulse_no_time,assume_wbd,041000050208,041000030302,19,True,
v01b_unit_pulse_assume_wbd,unit_pulse_no_time,assume_wbd,041000050208,041000030303,19,True,041000030303
v01b_unit_pulse_assume_wbd,unit_pulse_no_time,assume_wbd,041000050208,041000040101,19,True,
v01b_unit_pulse_assume_wbd,unit_pulse_no_time,assume_wbd,041000050208,041000040102,19,True,041000040102
v01b_unit_pulse_assume_wbd,unit_pulse_no_time,assume_wbd,041000050208,041000030106,20,True,
v01b_unit_pulse_assume_wbd,unit_pulse_no_time,assume_wbd,041000050208,041000030204,20,True,041000030204
v01b_unit_pulse_assume_wbd,unit_pulse_no_time,assume_wbd,041000050208,041000030104,21,True,
v01b_unit_pulse_assume_wbd,unit_pulse_no_time,assume_wbd,041000050208,041000030105,21,True,
v01b_unit_pulse_assume_wbd,unit_pulse_no_time,assume_wbd,041000050208,041000030202,21,True,041000030204
v01b_unit_pulse_assume_wbd,unit_pulse_no_time,assume_wbd,041000050208,041000030203,21,True,041000030204
v01b_unit_pulse_assume_wbd,unit_pulse_no_time,assume_wbd,041000050208,041000030102,22,True,
v01b_unit_pulse_assume_wbd,unit_pulse_no_time,assume_wbd,041000050208,041000030103,22,True,041000030103
v01b_unit_pulse_assume_wbd,unit_pulse_no_time,assume_wbd,041000050208,041000030201,22,True,041000030204
v01b_unit_pulse_assume_wbd,unit_pulse_no_time,assume_wbd,041000050208,041000030101,23,True,
v01b_unit_pulse_assume_wbd,unit_pulse_no_time,assume_wbd,041000060101,041000060101,0,True,
v01b_unit_pulse_assume_wbd,unit_pulse_no_time,assume_wbd,041000060102,041000060102,0,True,
v01b_unit_pulse_assume_wbd,unit_pulse_no_time,assume_wbd,041000060102,041000060101,1,True,
v01b_unit_pulse_assume_wbd,unit_pulse_no_time,assume_wbd,041000060103,041000060103,0,True,
v01b_unit_pulse_assume_wbd,unit_pulse_no_time,assume_wbd,041000060103,041000060102,1,True,
v01b_unit_pulse_assume_wbd,unit_pulse_no_time,assume_wbd,041000060103,041000060101,2,True,
v01b_unit_pulse_assume_wbd,unit_pulse_no_time,assume_wbd,041000060104,041000060104,0,True,
v01b_unit_pulse_assume_wbd,unit_pulse_no_time,assume_wbd,041000060104,041000060103,1,True,
v01b_unit_pulse_assume_wbd,unit_pulse_no_time,assume_wbd,041000060104,041000060102,2,True,
v01b_unit_pulse_assume_wbd,unit_pulse_no_time,assume_wbd,041000060104,041000060101,3,True,
v01b_unit_pulse_assume_wbd,unit_pulse_no_time,assume_wbd,041000060105,041000060105,0,True,
v01b_unit_pulse_assume_wbd,unit_pulse_no_time,assume_wbd,041000060106,041000060106,0,True,
v01b_unit_pulse_assume_wbd,unit_pulse_no_time,assume_wbd,041000060106,041000060104,1,True,
v01b_unit_pulse_assume_wbd,unit_pulse_no_time,assume_wbd,041000060106,041000060105,1,True,
v01b_unit_pulse_assume_wbd,unit_pulse_no_time,assume_wbd,041000060106,041000060103,2,True,
v01b_unit_pulse_assume_wbd,unit_pulse_no_time,assume_wbd,041000060106,041000060102,3,True,
v01b_unit_pulse_assume_wbd,unit_pulse_no_time,assume_wbd,041000060106,041000060101,4,True,
v01b_unit_pulse_assume_wbd,unit_pulse_no_time,assume_wbd,041000060201,041000060201,0,True,
v01b_unit_pulse_assume_wbd,unit_pulse_no_time,assume_wbd,041000060201,041000060106,1,True,
v01b_unit_pulse_assume_wbd,unit_pulse_no_time,assume_wbd,041000060201,041000060104,2,True,
v01b_unit_pulse_assume_wbd,unit_pulse_no_time,assume_wbd,041000060201,041000060105,2,True,
v01b_unit_pulse_assume_wbd,unit_pulse_no_time,assume_wbd,041000060201,041000060103,3,True,
v01b_unit_pulse_assume_wbd,unit_pulse_no_time,assume_wbd,041000060201,041000060102,4,True,
v01b_unit_pulse_assume_wbd,unit_pulse_no_time,assume_wbd,041000060201,041000060101,5,True,
v01b_unit_pulse_assume_wbd,unit_pulse_no_time,assume_wbd,041000060202,041000060202,0,True,
v01b_unit_pulse_assume_wbd,unit_pulse_no_time,assume_wbd,041000060202,041000060201,1,True,
v01b_unit_pulse_assume_wbd,unit_pulse_no_time,assume_wbd,041000060202,041000060106,2,True,
v01b_unit_pulse_assume_wbd,unit_pulse_no_time,assume_wbd,041000060202,041000060104,3,True,
v01b_unit_pulse_assume_wbd,unit_pulse_no_time,assume_wbd,041000060202,041000060105,3,True,
v01b_unit_pulse_assume_wbd,unit_pulse_no_time,assume_wbd,041000060202,041000060103,4,True,
v01b_unit_pulse_assume_wbd,unit_pulse_no_time,assume_wbd,041000060202,041000060102,5,True,
v01b_unit_pulse_assume_wbd,unit_pulse_no_time,assume_wbd,041000060202,041000060101,6,True,
v01b_unit_pulse_assume_wbd,unit_pulse_no_time,assume_wbd,041000060203,041000060203,0,True,
v01b_unit_pulse_assume_wbd,unit_pulse_no_time,assume_wbd,041000060204,041000060204,0,True,
v01b_unit_pulse_assume_wbd,unit_pulse_no_time,assume_wbd,041000060205,041000060205,0,True,
v01b_unit_pulse_assume_wbd,unit_pulse_no_time,assume_wbd,041000060205,041000060202,1,True,
v01b_unit_pulse_assume_wbd,unit_pulse_no_time,assume_wbd,041000060205,041000060203,1,True,
v01b_unit_pulse_assume_wbd,unit_pulse_no_time,assume_wbd,041000060205,041000060204,1,True,041000060204
v01b_unit_pulse_assume_wbd,unit_pulse_no_time,assume_wbd,041000060205,041000060201,2,True,
v01b_unit_pulse_assume_wbd,unit_pulse_no_time,assume_wbd,041000060205,041000060106,3,True,
v01b_unit_pulse_assume_wbd,unit_pulse_no_time,assume_wbd,041000060205,041000060104,4,True,
v01b_unit_pulse_assume_wbd,unit_pulse_no_time,assume_wbd,041000060205,041000060105,4,True,
v01b_unit_pulse_assume_wbd,unit_pulse_no_time,assume_wbd,041000060205,041000060103,5,True,
v01b_unit_pulse_assume_wbd,unit_pulse_no_time,assume_wbd,041000060205,041000060102,6,True,
v01b_unit_pulse_assume_wbd,unit_pulse_no_time,assume_wbd,041000060205,041000060101,7,True,
v01b_unit_pulse_assume_wbd,unit_pulse_no_time,assume_wbd,041000060301,041000060301,0,True,
v01b_unit_pulse_assume_wbd,unit_pulse_no_time,assume_wbd,041000060301,041000060205,1,True,
v01b_unit_pulse_assume_wbd,unit_pulse_no_time,assume_wbd,041000060301,041000060202,2,True,
v01b_unit_pulse_assume_wbd,unit_pulse_no_time,assume_wbd,041000060301,041000060203,2,True,
v01b_unit_pulse_assume_wbd,unit_pulse_no_time,assume_wbd,041000060301,041000060204,2,True,041000060204
v01b_unit_pulse_assume_wbd,unit_pulse_no_time,assume_wbd,041000060301,041000060201,3,True,
v01b_unit_pulse_assume_wbd,unit_pulse_no_time,assume_wbd,041000060301,041000060106,4,True,
v01b_unit_pulse_assume_wbd,unit_pulse_no_time,assume_wbd,041000060301,041000060104,5,True,
v01b_unit_pulse_assume_wbd,unit_pulse_no_time,assume_wbd,041000060301,041000060105,5,True,
v01b_unit_pulse_assume_wbd,unit_pulse_no_time,assume_wbd,041000060301,041000060103,6,True,
v01b_unit_pulse_assume_wbd,unit_pulse_no_time,assume_wbd,041000060301,041000060102,7,True,
v01b_unit_pulse_assume_wbd,unit_pulse_no_time,assume_wbd,041000060301,041000060101,8,True,
v01b_unit_pulse_assume_wbd,unit_pulse_no_time,assume_wbd,041000060302,041000060302,0,True,
v01b_unit_pulse_assume_wbd,unit_pulse_no_time,assume_wbd,041000060303,041000060303,0,True,
v01b_unit_pulse_assume_wbd,unit_pulse_no_time,assume_wbd,041000060303,041000060301,1,True,
v01b_unit_pulse_assume_wbd,unit_pulse_no_time,assume_wbd,041000060303,041000060302,1,True,
v01b_unit_pulse_assume_wbd,unit_pulse_no_time,assume_wbd,041000060303,041000060205,2,True,
v01b_unit_pulse_assume_wbd,unit_pulse_no_time,assume_wbd,041000060303,041000060202,3,True,
v01b_unit_pulse_assume_wbd,unit_pulse_no_time,assume_wbd,041000060303,041000060203,3,True,
v01b_unit_pulse_assume_wbd,unit_pulse_no_time,assume_wbd,041000060303,041000060204,3,True,041000060204
v01b_unit_pulse_assume_wbd,unit_pulse_no_time,assume_wbd,041000060303,041000060201,4,True,
v01b_unit_pulse_assume_wbd,unit_pulse_no_time,assume_wbd,041000060303,041000060106,5,True,
v01b_unit_pulse_assume_wbd,unit_pulse_no_time,assume_wbd,041000060303,041000060104,6,True,
v01b_unit_pulse_assume_wbd,unit_pulse_no_time,assume_wbd,041000060303,041000060105,6,True,
v01b_unit_pulse_assume_wbd,unit_pulse_no_time,assume_wbd,041000060303,041000060103,7,True,
v01b_unit_pulse_assume_wbd,unit_pulse_no_time,assume_wbd,041000060303,041000060102,8,True,
v01b_unit_pulse_assume_wbd,unit_pulse_no_time,assume_wbd,041000060303,041000060101,9,True,
v01b_unit_pulse_assume_wbd,unit_pulse_no_time,assume_wbd,041000060401,041000060401,0,True,
v01b_unit_pulse_assume_wbd,unit_pulse_no_time,assume_wbd,041000060402,041000060402,0,True,
v01b_unit_pulse_assume_wbd,unit_pulse_no_time,assume_wbd,041000060402,041000060401,1,True,
v01b_unit_pulse_assume_wbd,unit_pulse_no_time,assume_wbd,041000060403,041000060403,0,True,
v01b_unit_pulse_assume_wbd,unit_pulse_no_time,assume_wbd,041000060404,041000060404,0,True,
v01b_unit_pulse_assume_wbd,unit_pulse_no_time,assume_wbd,041000060404,041000060402,1,True,
v01b_unit_pulse_assume_wbd,unit_pulse_no_time,assume_wbd,041000060404,041000060403,1,True,
v01b_unit_pulse_assume_wbd,unit_pulse_no_time,assume_wbd,041000060404,041000060401,2,True,
v01b_unit_pulse_assume_wbd,unit_pulse_no_time,assume_wbd,041000060501,041000060501,0,True,
v01b_unit_pulse_assume_wbd,unit_pulse_no_time,assume_wbd,041000060502,041000060502,0,True,
v01b_unit_pulse_assume_wbd,unit_pulse_no_time,assume_wbd,041000060503,041000060503,0,True,
v01b_unit_pulse_assume_wbd,unit_pulse_no_time,assume_wbd,041000060503,041000060303,1,True,
v01b_unit_pulse_assume_wbd,unit_pulse_no_time,assume_wbd,041000060503,041000060501,1,True,
v01b_unit_pulse_assume_wbd,unit_pulse_no_time,assume_wbd,041000060503,041000060502,1,True,
v01b_unit_pulse_assume_wbd,unit_pulse_no_time,assume_wbd,041000060503,041000060301,2,True,
v01b_unit_pulse_assume_wbd,unit_pulse_no_time,assume_wbd,041000060503,041000060302,2,True,
v01b_unit_pulse_assume_wbd,unit_pulse_no_time,assume_wbd,041000060503,041000060205,3,True,
v01b_unit_pulse_assume_wbd,unit_pulse_no_time,assume_wbd,041000060503,041000060202,4,True,
v01b_unit_pulse_assume_wbd,unit_pulse_no_time,assume_wbd,041000060503,041000060203,4,True,
v01b_unit_pulse_assume_wbd,unit_pulse_no_time,assume_wbd,041000060503,041000060204,4,True,041000060204
v01b_unit_pulse_assume_wbd,unit_pulse_no_time,assume_wbd,041000060503,041000060201,5,True,
v01b_unit_pulse_assume_wbd,unit_pulse_no_time,assume_wbd,041000060503,041000060106,6,True,
v01b_unit_pulse_assume_wbd,unit_pulse_no_time,assume_wbd,041000060503,041000060104,7,True,
v01b_unit_pulse_assume_wbd,unit_pulse_no_time,assume_wbd,041000060503,041000060105,7,True,
v01b_unit_pulse_assume_wbd,unit_pulse_no_time,assume_wbd,041000060503,041000060103,8,True,
v01b_unit_pulse_assume_wbd,unit_pulse_no_time,assume_wbd,041000060503,041000060102,9,True,
v01b_unit_pulse_assume_wbd,unit_pulse_no_time,assume_wbd,041000060503,041000060101,10,True,
v01b_unit_pulse_assume_wbd,unit_pulse_no_time,assume_wbd,041000060504,041000060504,0,True,
v01b_unit_pulse_assume_wbd,unit_pulse_no_time,assume_wbd,041000060504,041000060404,1,True,
v01b_unit_pulse_assume_wbd,unit_pulse_no_time,assume_wbd,041000060504,041000060503,1,True,
v01b_unit_pulse_assume_wbd,unit_pulse_no_time,assume_wbd,041000060504,041000060303,2,True,
v01b_unit_pulse_assume_wbd,unit_pulse_no_time,assume_wbd,041000060504,041000060402,2,True,
v01b_unit_pulse_assume_wbd,unit_pulse_no_time,assume_wbd,041000060504,041000060403,2,True,
v01b_unit_pulse_assume_wbd,unit_pulse_no_time,assume_wbd,041000060504,041000060501,2,True,
v01b_unit_pulse_assume_wbd,unit_pulse_no_time,assume_wbd,041000060504,041000060502,2,True,
v01b_unit_pulse_assume_wbd,unit_pulse_no_time,assume_wbd,041000060504,041000060301,3,True,
v01b_unit_pulse_assume_wbd,unit_pulse_no_time,assume_wbd,041000060504,041000060302,3,True,
v01b_unit_pulse_assume_wbd,unit_pulse_no_time,assume_wbd,041000060504,041000060401,3,True,
v01b_unit_pulse_assume_wbd,unit_pulse_no_time,assume_wbd,041000060504,041000060205,4,True,
v01b_unit_pulse_assume_wbd,unit_pulse_no_time,assume_wbd,041000060504,041000060202,5,True,
v01b_unit_pulse_assume_wbd,unit_pulse_no_time,assume_wbd,041000060504,041000060203,5,True,
v01b_unit_pulse_assume_wbd,unit_pulse_no_time,assume_wbd,041000060504,041000060204,5,True,041000060204
v01b_unit_pulse_assume_wbd,unit_pulse_no_time,assume_wbd,041000060504,041000060201,6,True,
v01b_unit_pulse_assume_wbd,unit_pulse_no_time,assume_wbd,041000060504,041000060106,7,True,
v01b_unit_pulse_assume_wbd,unit_pulse_no_time,assume_wbd,041000060504,041000060104,8,True,
v01b_unit_pulse_assume_wbd,unit_pulse_no_time,assume_wbd,041000060504,041000060105,8,True,
v01b_unit_pulse_assume_wbd,unit_pulse_no_time,assume_wbd,041000060504,041000060103,9,True,
v01b_unit_pulse_assume_wbd,unit_pulse_no_time,assume_wbd,041000060504,041000060102,10,True,
v01b_unit_pulse_assume_wbd,unit_pulse_no_time,assume_wbd,041000060504,041000060101,11,True,
v01b_unit_pulse_assume_wbd,unit_pulse_no_time,assume_wbd,041000060601,041000060601,0,True,
v01b_unit_pulse_assume_wbd,unit_pulse_no_time,assume_wbd,041000060602,041000060602,0,True,
v01b_unit_pulse_assume_wbd,unit_pulse_no_time,assume_wbd,041000060602,041000060601,1,True,
v01b_unit_pulse_assume_wbd,unit_pulse_no_time,assume_wbd,041000060603,041000060603,0,True,
v01b_unit_pulse_assume_wbd,unit_pulse_no_time,assume_wbd,041000060604,041000060604,0,True,
v01b_unit_pulse_assume_wbd,unit_pulse_no_time,assume_wbd,041000060604,041000060504,1,True,
v01b_unit_pulse_assume_wbd,unit_pulse_no_time,assume_wbd,041000060604,041000060602,1,True,
v01b_unit_pulse_assume_wbd,unit_pulse_no_time,assume_wbd,041000060604,041000060603,1,True,
v01b_unit_pulse_assume_wbd,unit_pulse_no_time,assume_wbd,041000060604,041000060404,2,True,
v01b_unit_pulse_assume_wbd,unit_pulse_no_time,assume_wbd,041000060604,041000060503,2,True,
v01b_unit_pulse_assume_wbd,unit_pulse_no_time,assume_wbd,041000060604,041000060601,2,True,
v01b_unit_pulse_assume_wbd,unit_pulse_no_time,assume_wbd,041000060604,041000060303,3,True,
v01b_unit_pulse_assume_wbd,unit_pulse_no_time,assume_wbd,041000060604,041000060402,3,True,
v01b_unit_pulse_assume_wbd,unit_pulse_no_time,assume_wbd,041000060604,041000060403,3,True,
v01b_unit_pulse_assume_wbd,unit_pulse_no_time,assume_wbd,041000060604,041000060501,3,True,
v01b_unit_pulse_assume_wbd,unit_pulse_no_time,assume_wbd,041000060604,041000060502,3,True,
v01b_unit_pulse_assume_wbd,unit_pulse_no_time,assume_wbd,041000060604,041000060301,4,True,
v01b_unit_pulse_assume_wbd,unit_pulse_no_time,assume_wbd,041000060604,041000060302,4,True,
v01b_unit_pulse_assume_wbd,unit_pulse_no_time,assume_wbd,041000060604,041000060401,4,True,
v01b_unit_pulse_assume_wbd,unit_pulse_no_time,assume_wbd,041000060604,041000060205,5,True,
v01b_unit_pulse_assume_wbd,unit_pulse_no_time,assume_wbd,041000060604,041000060202,6,True,
v01b_unit_pulse_assume_wbd,unit_pulse_no_time,assume_wbd,041000060604,041000060203,6,True,
v01b_unit_pulse_assume_wbd,unit_pulse_no_time,assume_wbd,041000060604,041000060204,6,True,041000060204
v01b_unit_pulse_assume_wbd,unit_pulse_no_time,assume_wbd,041000060604,041000060201,7,True,
v01b_unit_pulse_assume_wbd,unit_pulse_no_time,assume_wbd,041000060604,041000060106,8,True,
v01b_unit_pulse_assume_wbd,unit_pulse_no_time,assume_wbd,041000060604,041000060104,9,True,
v01b_unit_pulse_assume_wbd,unit_pulse_no_time,assume_wbd,041000060604,041000060105,9,True,
v01b_unit_pulse_assume_wbd,unit_pulse_no_time,assume_wbd,041000060604,041000060103,10,True,
v01b_unit_pulse_assume_wbd,unit_pulse_no_time,assume_wbd,041000060604,041000060102,11,True,
v01b_unit_pulse_assume_wbd,unit_pulse_no_time,assume_wbd,041000060604,041000060101,12,True,
v01b_unit_pulse_assume_wbd,unit_pulse_no_time,assume_wbd,041000070101,041000070101,0,True,
v01b_unit_pulse_assume_wbd,unit_pulse_no_time,assume_wbd,041000070102,041000070102,0,True,
v01b_unit_pulse_assume_wbd,unit_pulse_no_time,assume_wbd,041000070103,041000070103,0,True,
v01b_unit_pulse_assume_wbd,unit_pulse_no_time,assume_wbd,041000070103,041000070101,1,True,
v01b_unit_pulse_assume_wbd,unit_pulse_no_time,assume_wbd,041000070103,041000070102,1,True,041000070102
v01b_unit_pulse_assume_wbd,unit_pulse_no_time,assume_wbd,041000070104,041000070104,0,True,
v01b_unit_pulse_assume_wbd,unit_pulse_no_time,assume_wbd,041000070105,041000070105,0,True,
v01b_unit_pulse_assume_wbd,unit_pulse_no_time,assume_wbd,041000070105,041000070103,1,True,
v01b_unit_pulse_assume_wbd,unit_pulse_no_time,assume_wbd,041000070105,041000070104,1,True,
v01b_unit_pulse_assume_wbd,unit_pulse_no_time,assume_wbd,041000070105,041000070101,2,True,
v01b_unit_pulse_assume_wbd,unit_pulse_no_time,assume_wbd,041000070105,041000070102,2,True,041000070102
v01b_unit_pulse_assume_wbd,unit_pulse_no_time,assume_wbd,041000070201,041000070201,0,True,
v01b_unit_pulse_assume_wbd,unit_pulse_no_time,assume_wbd,041000070202,041000070202,0,True,
v01b_unit_pulse_assume_wbd,unit_pulse_no_time,assume_wbd,041000070202,041000070105,1,True,
v01b_unit_pulse_assume_wbd,unit_pulse_no_time,assume_wbd,041000070202,041000070201,1,True,
v01b_unit_pulse_assume_wbd,unit_pulse_no_time,assume_wbd,041000070202,041000070103,2,True,
v01b_unit_pulse_assume_wbd,unit_pulse_no_time,assume_wbd,041000070202,041000070104,2,True,
v01b_unit_pulse_assume_wbd,unit_pulse_no_time,assume_wbd,041000070202,041000070101,3,True,
v01b_unit_pulse_assume_wbd,unit_pulse_no_time,assume_wbd,041000070202,041000070102,3,True,041000070102
v01b_unit_pulse_assume_wbd,unit_pulse_no_time,assume_wbd,041000070203,041000070203,0,True,
v01b_unit_pulse_assume_wbd,unit_pulse_no_time,assume_wbd,041000070203,041000070202,1,True,
v01b_unit_pulse_assume_wbd,unit_pulse_no_time,assume_wbd,041000070203,041000070105,2,True,
v01b_unit_pulse_assume_wbd,unit_pulse_no_time,assume_wbd,041000070203,041000070201,2,True,
v01b_unit_pulse_assume_wbd,unit_pulse_no_time,assume_wbd,041000070203,041000070103,3,True,
v01b_unit_pulse_assume_wbd,unit_pulse_no_time,assume_wbd,041000070203,041000070104,3,True,
v01b_unit_pulse_assume_wbd,unit_pulse_no_time,assume_wbd,041000070203,041000070101,4,True,
v01b_unit_pulse_assume_wbd,unit_pulse_no_time,assume_wbd,041000070203,041000070102,4,True,041000070102
v01b_unit_pulse_assume_wbd,unit_pulse_no_time,assume_wbd,041000070204,041000070204,0,True,
v01b_unit_pulse_assume_wbd,unit_pulse_no_time,assume_wbd,041000070204,041000070203,1,True,
v01b_unit_pulse_assume_wbd,unit_pulse_no_time,assume_wbd,041000070204,041000070202,2,True,
v01b_unit_pulse_assume_wbd,unit_pulse_no_time,assume_wbd,041000070204,041000070105,3,True,
v01b_unit_pulse_assume_wbd,unit_pulse_no_time,assume_wbd,041000070204,041000070201,3,True,
v01b_unit_pulse_assume_wbd,unit_pulse_no_time,assume_wbd,041000070204,041000070103,4,True,
v01b_unit_pulse_assume_wbd,unit_pulse_no_time,assume_wbd,041000070204,041000070104,4,True,
v01b_unit_pulse_assume_wbd,unit_pulse_no_time,assume_wbd,041000070204,041000070101,5,True,
v01b_unit_pulse_assume_wbd,unit_pulse_no_time,assume_wbd,041000070204,041000070102,5,True,041000070102
v01b_unit_pulse_assume_wbd,unit_pulse_no_time,assume_wbd,041000070301,041000070301,0,True,
v01b_unit_pulse_assume_wbd,unit_pulse_no_time,assume_wbd,041000070302,041000070302,0,True,
v01b_unit_pulse_assume_wbd,unit_pulse_no_time,assume_wbd,041000070302,041000070301,1,True,
v01b_unit_pulse_assume_wbd,unit_pulse_no_time,assume_wbd,041000070303,041000070303,0,True,
v01b_unit_pulse_assume_wbd,unit_pulse_no_time,assume_wbd,041000070304,041000070304,0,True,
v01b_unit_pulse_assume_wbd,unit_pulse_no_time,assume_wbd,041000070304,041000070302,1,True,
v01b_unit_pulse_assume_wbd,unit_pulse_no_time,assume_wbd,041000070304,041000070303,1,True,
v01b_unit_pulse_assume_wbd,unit_pulse_no_time,assume_wbd,041000070304,041000070301,2,True,
v01b_unit_pulse_assume_wbd,unit_pulse_no_time,assume_wbd,041000070305,041000070305,0,True,
v01b_unit_pulse_assume_wbd,unit_pulse_no_time,assume_wbd,041000070306,041000070306,0,True,
v01b_unit_pulse_assume_wbd,unit_pulse_no_time,assume_wbd,041000070306,041000070304,1,True,
v01b_unit_pulse_assume_wbd,unit_pulse_no_time,assume_wbd,041000070306,041000070305,1,True,
v01b_unit_pulse_assume_wbd,unit_pulse_no_time,assume_wbd,041000070306,041000070302,2,True,
v01b_unit_pulse_assume_wbd,unit_pulse_no_time,assume_wbd,041000070306,041000070303,2,True,
v01b_unit_pulse_assume_wbd,unit_pulse_no_time,assume_wbd,041000070306,041000070301,3,True,
v01b_unit_pulse_assume_wbd,unit_pulse_no_time,assume_wbd,041000070401,041000070401,0,True,
v01b_unit_pulse_assume_wbd,unit_pulse_no_time,assume_wbd,041000070402,041000070402,0,True,
v01b_unit_pulse_assume_wbd,unit_pulse_no_time,assume_wbd,041000070402,041000070306,1,True,
v01b_unit_pulse_assume_wbd,unit_pulse_no_time,assume_wbd,041000070402,041000070401,1,True,041000070401
v01b_unit_pulse_assume_wbd,unit_pulse_no_time,assume_wbd,041000070402,041000070304,2,True,
v01b_unit_pulse_assume_wbd,unit_pulse_no_time,assume_wbd,041000070402,041000070305,2,True,
v01b_unit_pulse_assume_wbd,unit_pulse_no_time,assume_wbd,041000070402,041000070302,3,True,
v01b_unit_pulse_assume_wbd,unit_pulse_no_time,assume_wbd,041000070402,041000070303,3,True,
v01b_unit_pulse_assume_wbd,unit_pulse_no_time,assume_wbd,041000070402,041000070301,4,True,
v01b_unit_pulse_assume_wbd,unit_pulse_no_time,assume_wbd,041000070403,041000070403,0,True,
v01b_unit_pulse_assume_wbd,unit_pulse_no_time,assume_wbd,041000070404,041000070404,0,True,
v01b_unit_pulse_assume_wbd,unit_pulse_no_time,assume_wbd,041000070405,041000070405,0,True,
v01b_unit_pulse_assume_wbd,unit_pulse_no_time,assume_wbd,041000070406,041000070406,0,True,
v01b_unit_pulse_assume_wbd,unit_pulse_no_time,assume_wbd,041000070406,041000070402,1,True,
v01b_unit_pulse_assume_wbd,unit_pulse_no_time,assume_wbd,041000070406,041000070403,1,True,
v01b_unit_pulse_assume_wbd,unit_pulse_no_time,assume_wbd,041000070406,041000070404,1,True,
v01b_unit_pulse_assume_wbd,unit_pulse_no_time,assume_wbd,041000070406,041000070405,1,True,
v01b_unit_pulse_assume_wbd,unit_pulse_no_time,assume_wbd,041000070406,041000070306,2,True,
v01b_unit_pulse_assume_wbd,unit_pulse_no_time,assume_wbd,041000070406,041000070401,2,True,041000070401
v01b_unit_pulse_assume_wbd,unit_pulse_no_time,assume_wbd,041000070406,041000070304,3,True,
v01b_unit_pulse_assume_wbd,unit_pulse_no_time,assume_wbd,041000070406,041000070305,3,True,
v01b_unit_pulse_assume_wbd,unit_pulse_no_time,assume_wbd,041000070406,041000070302,4,True,
v01b_unit_pulse_assume_wbd,unit_pulse_no_time,assume_wbd,041000070406,041000070303,4,True,
v01b_unit_pulse_assume_wbd,unit_pulse_no_time,assume_wbd,041000070406,041000070301,5,True,
v01b_unit_pulse_assume_wbd,unit_pulse_no_time,assume_wbd,041000070501,041000070501,0,True,
v01b_unit_pulse_assume_wbd,unit_pulse_no_time,assume_wbd,041000070502,041000070502,0,True,
v01b_unit_pulse_assume_wbd,unit_pulse_no_time,assume_wbd,041000070503,041000070503,0,True,
v01b_unit_pulse_assume_wbd,unit_pulse_no_time,assume_wbd,041000070503,041000070406,1,True,
v01b_unit_pulse_assume_wbd,unit_pulse_no_time,assume_wbd,041000070503,041000070501,1,True,
v01b_unit_pulse_assume_wbd,unit_pulse_no_time,assume_wbd,041000070503,041000070502,1,True,
v01b_unit_pulse_assume_wbd,unit_pulse_no_time,assume_wbd,041000070503,041000070402,2,True,
v01b_unit_pulse_assume_wbd,unit_pulse_no_time,assume_wbd,041000070503,041000070403,2,True,
v01b_unit_pulse_assume_wbd,unit_pulse_no_time,assume_wbd,041000070503,041000070404,2,True,
v01b_unit_pulse_assume_wbd,unit_pulse_no_time,assume_wbd,041000070503,041000070405,2,True,
v01b_unit_pulse_assume_wbd,unit_pulse_no_time,assume_wbd,041000070503,041000070306,3,True,
v01b_unit_pulse_assume_wbd,unit_pulse_no_time,assume_wbd,041000070503,041000070401,3,True,041000070401
v01b_unit_pulse_assume_wbd,unit_pulse_no_time,assume_wbd,041000070503,041000070304,4,True,
v01b_unit_pulse_assume_wbd,unit_pulse_no_time,assume_wbd,041000070503,041000070305,4,True,
v01b_unit_pulse_assume_wbd,unit_pulse_no_time,assume_wbd,041000070503,041000070302,5,True,
v01b_unit_pulse_assume_wbd,unit_pulse_no_time,assume_wbd,041000070503,041000070303,5,True,
v01b_unit_pulse_assume_wbd,unit_pulse_no_time,assume_wbd,041000070503,041000070301,6,True,
v01b_unit_pulse_assume_wbd,unit_pulse_no_time,assume_wbd,041000070601,041000070601,0,True,
v01b_unit_pulse_assume_wbd,unit_pulse_no_time,assume_wbd,041000070602,041000070602,0,True,
v01b_unit_pulse_assume_wbd,unit_pulse_no_time,assume_wbd,041000070602,041000070601,1,True,
v01b_unit_pulse_assume_wbd,unit_pulse_no_time,assume_wbd,041000070603,041000070603,0,True,
v01b_unit_pulse_assume_wbd,unit_pulse_no_time,assume_wbd,041000070603,041000070602,1,True,
v01b_unit_pulse_assume_wbd,unit_pulse_no_time,assume_wbd,041000070603,041000070601,2,True,
v01b_unit_pulse_assume_wbd,unit_pulse_no_time,assume_wbd,041000070604,041000070604,0,True,
v01b_unit_pulse_assume_wbd,unit_pulse_no_time,assume_wbd,041000070604,041000070603,1,True,
v01b_unit_pulse_assume_wbd,unit_pulse_no_time,assume_wbd,041000070604,041000070602,2,True,
v01b_unit_pulse_assume_wbd,unit_pulse_no_time,assume_wbd,041000070604,041000070601,3,True,
v01b_unit_pulse_assume_wbd,unit_pulse_no_time,assume_wbd,041000070701,041000070701,0,True,
v01b_unit_pulse_assume_wbd,unit_pulse_no_time,assume_wbd,041000070702,041000070702,0,True,
v01b_unit_pulse_assume_wbd,unit_pulse_no_time,assume_wbd,041000070703,041000070703,0,True,
v01b_unit_pulse_assume_wbd,unit_pulse_no_time,assume_wbd,041000070703,041000070701,1,True,
v01b_unit_pulse_assume_wbd,unit_pulse_no_time,assume_wbd,041000070703,041000070702,1,True,
v01b_unit_pulse_assume_wbd,unit_pulse_no_time,assume_wbd,041000070801,041000070801,0,True,
v01b_unit_pulse_assume_wbd,unit_pulse_no_time,assume_wbd,041000070802,041000070802,0,True,
v01b_unit_pulse_assume_wbd,unit_pulse_no_time,assume_wbd,041000070803,041000070803,0,True,
v01b_unit_pulse_assume_wbd,unit_pulse_no_time,assume_wbd,041000070804,041000070804,0,True,
v01b_unit_pulse_assume_wbd,unit_pulse_no_time,assume_wbd,041000070804,041000070802,1,True,
v01b_unit_pulse_assume_wbd,unit_pulse_no_time,assume_wbd,041000070805,041000070805,0,True,
v01b_unit_pulse_assume_wbd,unit_pulse_no_time,assume_wbd,041000070805,041000070803,1,True,
v01b_unit_pulse_assume_wbd,unit_pulse_no_time,assume_wbd,041000070805,041000070804,1,True,
v01b_unit_pulse_assume_wbd,unit_pulse_no_time,assume_wbd,041000070805,041000070802,2,True,
v01b_unit_pulse_assume_wbd,unit_pulse_no_time,assume_wbd,041000070806,041000070806,0,True,
v01b_unit_pulse_assume_wbd,unit_pulse_no_time,assume_wbd,041000070806,041000070604,1,True,
v01b_unit_pulse_assume_wbd,unit_pulse_no_time,assume_wbd,041000070806,041000070703,1,True,
v01b_unit_pulse_assume_wbd,unit_pulse_no_time,assume_wbd,041000070806,041000070801,1,True,
v01b_unit_pulse_assume_wbd,unit_pulse_no_time,assume_wbd,041000070806,041000070805,1,True,
v01b_unit_pulse_assume_wbd,unit_pulse_no_time,assume_wbd,041000070806,041000070603,2,True,
v01b_unit_pulse_assume_wbd,unit_pulse_no_time,assume_wbd,041000070806,041000070701,2,True,
v01b_unit_pulse_assume_wbd,unit_pulse_no_time,assume_wbd,041000070806,041000070702,2,True,
v01b_unit_pulse_assume_wbd,unit_pulse_no_time,assume_wbd,041000070806,041000070803,2,True,
v01b_unit_pulse_assume_wbd,unit_pulse_no_time,assume_wbd,041000070806,041000070804,2,True,
v01b_unit_pulse_assume_wbd,unit_pulse_no_time,assume_wbd,041000070806,041000070602,3,True,
v01b_unit_pulse_assume_wbd,unit_pulse_no_time,assume_wbd,041000070806,041000070802,3,True,
v01b_unit_pulse_assume_wbd,unit_pulse_no_time,assume_wbd,041000070806,041000070601,4,True,
v01b_unit_pulse_assume_wbd,unit_pulse_no_time,assume_wbd,041000070901,041000070901,0,True,
v01b_unit_pulse_assume_wbd,unit_pulse_no_time,assume_wbd,041000070902,041000070902,0,True,
v01b_unit_pulse_assume_wbd,unit_pulse_no_time,assume_wbd,041000070903,041000070903,0,True,
v01b_unit_pulse_assume_wbd,unit_pulse_no_time,assume_wbd,041000070903,041000070901,1,True,
v01b_unit_pulse_assume_wbd,unit_pulse_no_time,assume_wbd,041000070903,041000070902,1,True,
v01b_unit_pulse_assume_wbd,unit_pulse_no_time,assume_wbd,041000070904,041000070904,0,True,
v01b_unit_pulse_assume_wbd,unit_pulse_no_time,assume_wbd,041000070904,041000070204,1,True,
v01b_unit_pulse_assume_wbd,unit_pulse_no_time,assume_wbd,041000070904,041000070503,1,True,
v01b_unit_pulse_assume_wbd,unit_pulse_no_time,assume_wbd,041000070904,041000070903,1,True,
v01b_unit_pulse_assume_wbd,unit_pulse_no_time,assume_wbd,041000070904,041000070203,2,True,
v01b_unit_pulse_assume_wbd,unit_pulse_no_time,assume_wbd,041000070904,041000070406,2,True,
v01b_unit_pulse_assume_wbd,unit_pulse_no_time,assume_wbd,041000070904,041000070501,2,True,
v01b_unit_pulse_assume_wbd,unit_pulse_no_time,assume_wbd,041000070904,041000070502,2,True,
v01b_unit_pulse_assume_wbd,unit_pulse_no_time,assume_wbd,041000070904,041000070901,2,True,
v01b_unit_pulse_assume_wbd,unit_pulse_no_time,assume_wbd,041000070904,041000070902,2,True,
v01b_unit_pulse_assume_wbd,unit_pulse_no_time,assume_wbd,041000070904,041000070202,3,True,
v01b_unit_pulse_assume_wbd,unit_pulse_no_time,assume_wbd,041000070904,041000070402,3,True,
v01b_unit_pulse_assume_wbd,unit_pulse_no_time,assume_wbd,041000070904,041000070403,3,True,
v01b_unit_pulse_assume_wbd,unit_pulse_no_time,assume_wbd,041000070904,041000070404,3,True,
v01b_unit_pulse_assume_wbd,unit_pulse_no_time,assume_wbd,041000070904,041000070405,3,True,
v01b_unit_pulse_assume_wbd,unit_pulse_no_time,assume_wbd,041000070904,041000070105,4,True,
v01b_unit_pulse_assume_wbd,unit_pulse_no_time,assume_wbd,041000070904,041000070201,4,True,
v01b_unit_pulse_assume_wbd,unit_pulse_no_time,assume_wbd,041000070904,041000070306,4,True,
v01b_unit_pulse_assume_wbd,unit_pulse_no_time,assume_wbd,041000070904,041000070401,4,True,041000070401
v01b_unit_pulse_assume_wbd,unit_pulse_no_time,assume_wbd,041000070904,041000070103,5,True,
v01b_unit_pulse_assume_wbd,unit_pulse_no_time,assume_wbd,041000070904,041000070104,5,True,
v01b_unit_pulse_assume_wbd,unit_pulse_no_time,assume_wbd,041000070904,041000070304,5,True,
v01b_unit_pulse_assume_wbd,unit_pulse_no_time,assume_wbd,041000070904,041000070305,5,True,
v01b_unit_pulse_assume_wbd,unit_pulse_no_time,assume_wbd,041000070904,041000070101,6,True,
v01b_unit_pulse_assume_wbd,unit_pulse_no_time,assume_wbd,041000070904,041000070102,6,True,041000070102
v01b_unit_pulse_assume_wbd,unit_pulse_no_time,assume_wbd,041000070904,041000070302,6,True,
v01b_unit_pulse_assume_wbd,unit_pulse_no_time,assume_wbd,041000070904,041000070303,6,True,
v01b_unit_pulse_assume_wbd,unit_pulse_no_time,assume_wbd,041000070904,041000070301,7,True,
v01b_unit_pulse_assume_wbd,unit_pulse_no_time,assume_wbd,041000070905,041000070905,0,True,
v01b_unit_pulse_assume_wbd,unit_pulse_no_time,assume_wbd,041000070905,041000070904,1,True,
v01b_unit_pulse_assume_wbd,unit_pulse_no_time,assume_wbd,041000070905,041000080605,1,True,
v01b_unit_pulse_assume_wbd,unit_pulse_no_time,assume_wbd,041000070905,041000070204,2,True,
v01b_unit_pulse_assume_wbd,unit_pulse_no_time,assume_wbd,041000070905,041000070503,2,True,
v01b_unit_pulse_assume_wbd,unit_pulse_no_time,assume_wbd,041000070905,041000070903,2,True,
v01b_unit_pulse_assume_wbd,unit_pulse_no_time,assume_wbd,041000070905,041000080602,2,True,
v01b_unit_pulse_assume_wbd,unit_pulse_no_time,assume_wbd,041000070905,041000080603,2,True,
v01b_unit_pulse_assume_wbd,unit_pulse_no_time,assume_wbd,041000070905,041000080604,2,True,
v01b_unit_pulse_assume_wbd,unit_pulse_no_time,assume_wbd,041000070905,041000070203,3,True,
v01b_unit_pulse_assume_wbd,unit_pulse_no_time,assume_wbd,041000070905,041000070406,3,True,
v01b_unit_pulse_assume_wbd,unit_pulse_no_time,assume_wbd,041000070905,041000070501,3,True,
v01b_unit_pulse_assume_wbd,unit_pulse_no_time,assume_wbd,041000070905,041000070502,3,True,
v01b_unit_pulse_assume_wbd,unit_pulse_no_time,assume_wbd,041000070905,041000070901,3,True,
v01b_unit_pulse_assume_wbd,unit_pulse_no_time,assume_wbd,041000070905,041000070902,3,True,
v01b_unit_pulse_assume_wbd,unit_pulse_no_time,assume_wbd,041000070905,041000080506,3,True,
v01b_unit_pulse_assume_wbd,unit_pulse_no_time,assume_wbd,041000070905,041000080601,3,True,
v01b_unit_pulse_assume_wbd,unit_pulse_no_time,assume_wbd,041000070905,041000070202,4,True,
v01b_unit_pulse_assume_wbd,unit_pulse_no_time,assume_wbd,041000070905,041000070402,4,True,
v01b_unit_pulse_assume_wbd,unit_pulse_no_time,assume_wbd,041000070905,041000070403,4,True,
v01b_unit_pulse_assume_wbd,unit_pulse_no_time,assume_wbd,041000070905,041000070404,4,True,
v01b_unit_pulse_assume_wbd,unit_pulse_no_time,assume_wbd,041000070905,041000070405,4,True,
v01b_unit_pulse_assume_wbd,unit_pulse_no_time,assume_wbd,041000070905,041000080304,4,True,
v01b_unit_pulse_assume_wbd,unit_pulse_no_time,assume_wbd,041000070905,041000080405,4,True,041000080405
v01b_unit_pulse_assume_wbd,unit_pulse_no_time,assume_wbd,041000070905,041000080502,4,True,
v01b_unit_pulse_assume_wbd,unit_pulse_no_time,assume_wbd,041000070905,041000080503,4,True,
v01b_unit_pulse_assume_wbd,unit_pulse_no_time,assume_wbd,041000070905,041000080504,4,True,
v01b_unit_pulse_assume_wbd,unit_pulse_no_time,assume_wbd,041000070905,041000080505,4,True,
v01b_unit_pulse_assume_wbd,unit_pulse_no_time,assume_wbd,041000070905,041000070105,5,True,
v01b_unit_pulse_assume_wbd,unit_pulse_no_time,assume_wbd,041000070905,041000070201,5,True,
v01b_unit_pulse_assume_wbd,unit_pulse_no_time,assume_wbd,041000070905,041000070306,5,True,
v01b_unit_pulse_assume_wbd,unit_pulse_no_time,assume_wbd,041000070905,041000070401,5,True,041000070401
v01b_unit_pulse_assume_wbd,unit_pulse_no_time,assume_wbd,041000070905,041000080205,5,True,
v01b_unit_pulse_assume_wbd,unit_pulse_no_time,assume_wbd,041000070905,041000080302,5,True,
v01b_unit_pulse_assume_wbd,unit_pulse_no_time,assume_wbd,041000070905,041000080303,5,True,
v01b_unit_pulse_assume_wbd,unit_pulse_no_time,assume_wbd,041000070905,041000080404,5,True,041000080405
v01b_unit_pulse_assume_wbd,unit_pulse_no_time,assume_wbd,041000070905,041000080501,5,True,
v01b_unit_pulse_assume_wbd,unit_pulse_no_time,assume_wbd,041000070905,041000070103,6,True,
v01b_unit_pulse_assume_wbd,unit_pulse_no_time,assume_wbd,041000070905,041000070104,6,True,
v01b_unit_pulse_assume_wbd,unit_pulse_no_time,assume_wbd,041000070905,041000070304,6,True,
v01b_unit_pulse_assume_wbd,unit_pulse_no_time,assume_wbd,041000070905,041000070305,6,True,
v01b_unit_pulse_assume_wbd,unit_pulse_no_time,assume_wbd,041000070905,041000080203,6,True,
v01b_unit_pulse_assume_wbd,unit_pulse_no_time,assume_wbd,041000070905,041000080204,6,True,
v01b_unit_pulse_assume_wbd,unit_pulse_no_time,assume_wbd,041000070905,041000080301,6,True,
v01b_unit_pulse_assume_wbd,unit_pulse_no_time,assume_wbd,041000070905,041000080402,6,True,041000080405
v01b_unit_pulse_assume_wbd,unit_pulse_no_time,assume_wbd,041000070905,041000080403,6,True,041000080405
v01b_unit_pulse_assume_wbd,unit_pulse_no_time,assume_wbd,041000070905,041000070101,7,True,
v01b_unit_pulse_assume_wbd,unit_pulse_no_time,assume_wbd,041000070905,041000070102,7,True,041000070102
v01b_unit_pulse_assume_wbd,unit_pulse_no_time,assume_wbd,041000070905,041000070302,7,True,
v01b_unit_pulse_assume_wbd,unit_pulse_no_time,assume_wbd,041000070905,041000070303,7,True,
v01b_unit_pulse_assume_wbd,unit_pulse_no_time,assume_wbd,041000070905,041000080105,7,True,
v01b_unit_pulse_assume_wbd,unit_pulse_no_time,assume_wbd,041000070905,041000080201,7,True,
v01b_unit_pulse_assume_wbd,unit_pulse_no_time,assume_wbd,041000070905,041000080202,7,True,
v01b_unit_pulse_assume_wbd,unit_pulse_no_time,assume_wbd,041000070905,041000080401,7,True,041000080401
v01b_unit_pulse_assume_wbd,unit_pulse_no_time,assume_wbd,041000070905,041000070301,8,True,
v01b_unit_pulse_assume_wbd,unit_pulse_no_time,assume_wbd,041000070905,041000080103,8,True,
v01b_unit_pulse_assume_wbd,unit_pulse_no_time,assume_wbd,041000070905,041000080104,8,True,041000080104
v01b_unit_pulse_assume_wbd,unit_pulse_no_time,assume_wbd,041000070905,041000080102,9,True,
v01b_unit_pulse_assume_wbd,unit_pulse_no_time,assume_wbd,041000070905,041000080101,10,True,
v01b_unit_pulse_assume_wbd,unit_pulse_no_time,assume_wbd,041000070906,041000070906,0,True,
v01b_unit_pulse_assume_wbd,unit_pulse_no_time,assume_wbd,041000070907,041000070907,0,True,
v01b_unit_pulse_assume_wbd,unit_pulse_no_time,assume_wbd,041000070907,041000070905,1,True,
v01b_unit_pulse_assume_wbd,unit_pulse_no_time,assume_wbd,041000070907,041000070906,1,True,
v01b_unit_pulse_assume_wbd,unit_pulse_no_time,assume_wbd,041000070907,041000070904,2,True,
v01b_unit_pulse_assume_wbd,unit_pulse_no_time,assume_wbd,041000070907,041000080605,2,True,
v01b_unit_pulse_assume_wbd,unit_pulse_no_time,assume_wbd,041000070907,041000070204,3,True,
v01b_unit_pulse_assume_wbd,unit_pulse_no_time,assume_wbd,041000070907,041000070503,3,True,
v01b_unit_pulse_assume_wbd,unit_pulse_no_time,assume_wbd,041000070907,041000070903,3,True,
v01b_unit_pulse_assume_wbd,unit_pulse_no_time,assume_wbd,041000070907,041000080602,3,True,
v01b_unit_pulse_assume_wbd,unit_pulse_no_time,assume_wbd,041000070907,041000080603,3,True,
v01b_unit_pulse_assume_wbd,unit_pulse_no_time,assume_wbd,041000070907,041000080604,3,True,
v01b_unit_pulse_assume_wbd,unit_pulse_no_time,assume_wbd,041000070907,041000070203,4,True,
v01b_unit_pulse_assume_wbd,unit_pulse_no_time,assume_wbd,041000070907,041000070406,4,True,
v01b_unit_pulse_assume_wbd,unit_pulse_no_time,assume_wbd,041000070907,041000070501,4,True,
v01b_unit_pulse_assume_wbd,unit_pulse_no_time,assume_wbd,041000070907,041000070502,4,True,
v01b_unit_pulse_assume_wbd,unit_pulse_no_time,assume_wbd,041000070907,041000070901,4,True,
v01b_unit_pulse_assume_wbd,unit_pulse_no_time,assume_wbd,041000070907,041000070902,4,True,
v01b_unit_pulse_assume_wbd,unit_pulse_no_time,assume_wbd,041000070907,041000080506,4,True,
v01b_unit_pulse_assume_wbd,unit_pulse_no_time,assume_wbd,041000070907,041000080601,4,True,
v01b_unit_pulse_assume_wbd,unit_pulse_no_time,assume_wbd,041000070907,041000070202,5,True,
v01b_unit_pulse_assume_wbd,unit_pulse_no_time,assume_wbd,041000070907,041000070402,5,True,
v01b_unit_pulse_assume_wbd,unit_pulse_no_time,assume_wbd,041000070907,041000070403,5,True,
v01b_unit_pulse_assume_wbd,unit_pulse_no_time,assume_wbd,041000070907,041000070404,5,True,
v01b_unit_pulse_assume_wbd,unit_pulse_no_time,assume_wbd,041000070907,041000070405,5,True,
v01b_unit_pulse_assume_wbd,unit_pulse_no_time,assume_wbd,041000070907,041000080304,5,True,
v01b_unit_pulse_assume_wbd,unit_pulse_no_time,assume_wbd,041000070907,041000080405,5,True,041000080405
v01b_unit_pulse_assume_wbd,unit_pulse_no_time,assume_wbd,041000070907,041000080502,5,True,
v01b_unit_pulse_assume_wbd,unit_pulse_no_time,assume_wbd,041000070907,041000080503,5,True,
v01b_unit_pulse_assume_wbd,unit_pulse_no_time,assume_wbd,041000070907,041000080504,5,True,
v01b_unit_pulse_assume_wbd,unit_pulse_no_time,assume_wbd,041000070907,041000080505,5,True,
v01b_unit_pulse_assume_wbd,unit_pulse_no_time,assume_wbd,041000070907,041000070105,6,True,
v01b_unit_pulse_assume_wbd,unit_pulse_no_time,assume_wbd,041000070907,041000070201,6,True,
v01b_unit_pulse_assume_wbd,unit_pulse_no_time,assume_wbd,041000070907,041000070306,6,True,
v01b_unit_pulse_assume_wbd,unit_pulse_no_time,assume_wbd,041000070907,041000070401,6,True,041000070401
v01b_unit_pulse_assume_wbd,unit_pulse_no_time,assume_wbd,041000070907,041000080205,6,True,
v01b_unit_pulse_assume_wbd,unit_pulse_no_time,assume_wbd,041000070907,041000080302,6,True,
v01b_unit_pulse_assume_wbd,unit_pulse_no_time,assume_wbd,041000070907,041000080303,6,True,
v01b_unit_pulse_assume_wbd,unit_pulse_no_time,assume_wbd,041000070907,041000080404,6,True,041000080405
v01b_unit_pulse_assume_wbd,unit_pulse_no_time,assume_wbd,041000070907,041000080501,6,True,
v01b_unit_pulse_assume_wbd,unit_pulse_no_time,assume_wbd,041000070907,041000070103,7,True,
v01b_unit_pulse_assume_wbd,unit_pulse_no_time,assume_wbd,041000070907,041000070104,7,True,
v01b_unit_pulse_assume_wbd,unit_pulse_no_time,assume_wbd,041000070907,041000070304,7,True,
v01b_unit_pulse_assume_wbd,unit_pulse_no_time,assume_wbd,041000070907,041000070305,7,True,
v01b_unit_pulse_assume_wbd,unit_pulse_no_time,assume_wbd,041000070907,041000080203,7,True,
v01b_unit_pulse_assume_wbd,unit_pulse_no_time,assume_wbd,041000070907,041000080204,7,True,
v01b_unit_pulse_assume_wbd,unit_pulse_no_time,assume_wbd,041000070907,041000080301,7,True,
v01b_unit_pulse_assume_wbd,unit_pulse_no_time,assume_wbd,041000070907,041000080402,7,True,041000080405
v01b_unit_pulse_assume_wbd,unit_pulse_no_time,assume_wbd,041000070907,041000080403,7,True,041000080405
v01b_unit_pulse_assume_wbd,unit_pulse_no_time,assume_wbd,041000070907,041000070101,8,True,
v01b_unit_pulse_assume_wbd,unit_pulse_no_time,assume_wbd,041000070907,041000070102,8,True,041000070102
v01b_unit_pulse_assume_wbd,unit_pulse_no_time,assume_wbd,041000070907,041000070302,8,True,
v01b_unit_pulse_assume_wbd,unit_pulse_no_time,assume_wbd,041000070907,041000070303,8,True,
v01b_unit_pulse_assume_wbd,unit_pulse_no_time,assume_wbd,041000070907,041000080105,8,True,
v01b_unit_pulse_assume_wbd,unit_pulse_no_time,assume_wbd,041000070907,041000080201,8,True,
v01b_unit_pulse_assume_wbd,unit_pulse_no_time,assume_wbd,041000070907,041000080202,8,True,
v01b_unit_pulse_assume_wbd,unit_pulse_no_time,assume_wbd,041000070907,041000080401,8,True,041000080401
v01b_unit_pulse_assume_wbd,unit_pulse_no_time,assume_wbd,041000070907,041000070301,9,True,
v01b_unit_pulse_assume_wbd,unit_pulse_no_time,assume_wbd,041000070907,041000080103,9,True,
v01b_unit_pulse_assume_wbd,unit_pulse_no_time,assume_wbd,041000070907,041000080104,9,True,041000080104
v01b_unit_pulse_assume_wbd,unit_pulse_no_time,assume_wbd,041000070907,041000080102,10,True,
v01b_unit_pulse_assume_wbd,unit_pulse_no_time,assume_wbd,041000070907,041000080101,11,True,
v01b_unit_pulse_assume_wbd,unit_pulse_no_time,assume_wbd,041000071001,041000071001,0,True,
v01b_unit_pulse_assume_wbd,unit_pulse_no_time,assume_wbd,041000071002,041000071002,0,True,
v01b_unit_pulse_assume_wbd,unit_pulse_no_time,assume_wbd,041000071002,041000071001,1,True,041000071001
v01b_unit_pulse_assume_wbd,unit_pulse_no_time,assume_wbd,041000071003,041000071003,0,True,
v01b_unit_pulse_assume_wbd,unit_pulse_no_time,assume_wbd,041000071003,041000071002,1,True,
v01b_unit_pulse_assume_wbd,unit_pulse_no_time,assume_wbd,041000071003,041000071001,2,True,041000071001
v01b_unit_pulse_assume_wbd,unit_pulse_no_time,assume_wbd,041000071004,041000071004,0,True,
v01b_unit_pulse_assume_wbd,unit_pulse_no_time,assume_wbd,041000071004,041000071003,1,True,
v01b_unit_pulse_assume_wbd,unit_pulse_no_time,assume_wbd,041000071004,041000071002,2,True,
v01b_unit_pulse_assume_wbd,unit_pulse_no_time,assume_wbd,041000071004,041000071001,3,True,041000071001
v01b_unit_pulse_assume_wbd,unit_pulse_no_time,assume_wbd,041000071005,041000071005,0,True,
v01b_unit_pulse_assume_wbd,unit_pulse_no_time,assume_wbd,041000071005,041000070806,1,True,
v01b_unit_pulse_assume_wbd,unit_pulse_no_time,assume_wbd,041000071005,041000070907,1,True,
v01b_unit_pulse_assume_wbd,unit_pulse_no_time,assume_wbd,041000071005,041000071004,1,True,
v01b_unit_pulse_assume_wbd,unit_pulse_no_time,assume_wbd,041000071005,041000070604,2,True,
v01b_unit_pulse_assume_wbd,unit_pulse_no_time,assume_wbd,041000071005,041000070703,2,True,
v01b_unit_pulse_assume_wbd,unit_pulse_no_time,assume_wbd,041000071005,041000070801,2,True,
v01b_unit_pulse_assume_wbd,unit_pulse_no_time,assume_wbd,041000071005,041000070805,2,True,
v01b_unit_pulse_assume_wbd,unit_pulse_no_time,assume_wbd,041000071005,041000070905,2,True,
v01b_unit_pulse_assume_wbd,unit_pulse_no_time,assume_wbd,041000071005,041000070906,2,True,
v01b_unit_pulse_assume_wbd,unit_pulse_no_time,assume_wbd,041000071005,041000071003,2,True,
v01b_unit_pulse_assume_wbd,unit_pulse_no_time,assume_wbd,041000071005,041000070603,3,True,
v01b_unit_pulse_assume_wbd,unit_pulse_no_time,assume_wbd,041000071005,041000070701,3,True,
v01b_unit_pulse_assume_wbd,unit_pulse_no_time,assume_wbd,041000071005,041000070702,3,True,
v01b_unit_pulse_assume_wbd,unit_pulse_no_time,assume_wbd,041000071005,041000070803,3,True,
v01b_unit_pulse_assume_wbd,unit_pulse_no_time,assume_wbd,041000071005,041000070804,3,True,
v01b_unit_pulse_assume_wbd,unit_pulse_no_time,assume_wbd,041000071005,041000070904,3,True,
v01b_unit_pulse_assume_wbd,unit_pulse_no_time,assume_wbd,041000071005,041000071002,3,True,
v01b_unit_pulse_assume_wbd,unit_pulse_no_time,assume_wbd,041000071005,041000080605,3,True,
v01b_unit_pulse_assume_wbd,unit_pulse_no_time,assume_wbd,041000071005,041000070204,4,True,
v01b_unit_pulse_assume_wbd,unit_pulse_no_time,assume_wbd,041000071005,041000070503,4,True,
v01b_unit_pulse_assume_wbd,unit_pulse_no_time,assume_wbd,041000071005,041000070602,4,True,
v01b_unit_pulse_assume_wbd,unit_pulse_no_time,assume_wbd,041000071005,041000070802,4,True,
v01b_unit_pulse_assume_wbd,unit_pulse_no_time,assume_wbd,041000071005,041000070903,4,True,
v01b_unit_pulse_assume_wbd,unit_pulse_no_time,assume_wbd,041000071005,041000071001,4,True,041000071001
v01b_unit_pulse_assume_wbd,unit_pulse_no_time,assume_wbd,041000071005,041000080602,4,True,
v01b_unit_pulse_assume_wbd,unit_pulse_no_time,assume_wbd,041000071005,041000080603,4,True,
v01b_unit_pulse_assume_wbd,unit_pulse_no_time,assume_wbd,041000071005,041000080604,4,True,
v01b_unit_pulse_assume_wbd,unit_pulse_no_time,assume_wbd,041000071005,041000070203,5,True,
v01b_unit_pulse_assume_wbd,unit_pulse_no_time,assume_wbd,041000071005,041000070406,5,True,
v01b_unit_pulse_assume_wbd,unit_pulse_no_time,assume_wbd,041000071005,041000070501,5,True,
v01b_unit_pulse_assume_wbd,unit_pulse_no_time,assume_wbd,041000071005,041000070502,5,True,
v01b_unit_pulse_assume_wbd,unit_pulse_no_time,assume_wbd,041000071005,041000070601,5,True,
v01b_unit_pulse_assume_wbd,unit_pulse_no_time,assume_wbd,041000071005,041000070901,5,True,
v01b_unit_pulse_assume_wbd,unit_pulse_no_time,assume_wbd,041000071005,041000070902,5,True,
v01b_unit_pulse_assume_wbd,unit_pulse_no_time,assume_wbd,041000071005,041000080506,5,True,
v01b_unit_pulse_assume_wbd,unit_pulse_no_time,assume_wbd,041000071005,041000080601,5,True,
v01b_unit_pulse_assume_wbd,unit_pulse_no_time,assume_wbd,041000071005,041000070202,6,True,
v01b_unit_pulse_assume_wbd,unit_pulse_no_time,assume_wbd,041000071005,041000070402,6,True,
v01b_unit_pulse_assume_wbd,unit_pulse_no_time,assume_wbd,041000071005,041000070403,6,True,
v01b_unit_pulse_assume_wbd,unit_pulse_no_time,assume_wbd,041000071005,041000070404,6,True,
v01b_unit_pulse_assume_wbd,unit_pulse_no_time,assume_wbd,041000071005,041000070405,6,True,
v01b_unit_pulse_assume_wbd,unit_pulse_no_time,assume_wbd,041000071005,041000080304,6,True,
v01b_unit_pulse_assume_wbd,unit_pulse_no_time,assume_wbd,041000071005,041000080405,6,True,041000080405
v01b_unit_pulse_assume_wbd,unit_pulse_no_time,assume_wbd,041000071005,041000080502,6,True,
v01b_unit_pulse_assume_wbd,unit_pulse_no_time,assume_wbd,041000071005,041000080503,6,True,
v01b_unit_pulse_assume_wbd,unit_pulse_no_time,assume_wbd,041000071005,041000080504,6,True,
v01b_unit_pulse_assume_wbd,unit_pulse_no_time,assume_wbd,041000071005,041000080505,6,True,
v01b_unit_pulse_assume_wbd,unit_pulse_no_time,assume_wbd,041000071005,041000070105,7,True,
v01b_unit_pulse_assume_wbd,unit_pulse_no_time,assume_wbd,041000071005,041000070201,7,True,
v01b_unit_pulse_assume_wbd,unit_pulse_no_time,assume_wbd,041000071005,041000070306,7,True,
v01b_unit_pulse_assume_wbd,unit_pulse_no_time,assume_wbd,041000071005,041000070401,7,True,041000070401
v01b_unit_pulse_assume_wbd,unit_pulse_no_time,assume_wbd,041000071005,041000080205,7,True,
v01b_unit_pulse_assume_wbd,unit_pulse_no_time,assume_wbd,041000071005,041000080302,7,True,
v01b_unit_pulse_assume_wbd,unit_pulse_no_time,assume_wbd,041000071005,041000080303,7,True,
v01b_unit_pulse_assume_wbd,unit_pulse_no_time,assume_wbd,041000071005,041000080404,7,True,041000080405
v01b_unit_pulse_assume_wbd,unit_pulse_no_time,assume_wbd,041000071005,041000080501,7,True,
v01b_unit_pulse_assume_wbd,unit_pulse_no_time,assume_wbd,041000071005,041000070103,8,True,
v01b_unit_pulse_assume_wbd,unit_pulse_no_time,assume_wbd,041000071005,041000070104,8,True,
v01b_unit_pulse_assume_wbd,unit_pulse_no_time,assume_wbd,041000071005,041000070304,8,True,
v01b_unit_pulse_assume_wbd,unit_pulse_no_time,assume_wbd,041000071005,041000070305,8,True,
v01b_unit_pulse_assume_wbd,unit_pulse_no_time,assume_wbd,041000071005,041000080203,8,True,
v01b_unit_pulse_assume_wbd,unit_pulse_no_time,assume_wbd,041000071005,041000080204,8,True,
v01b_unit_pulse_assume_wbd,unit_pulse_no_time,assume_wbd,041000071005,041000080301,8,True,
v01b_unit_pulse_assume_wbd,unit_pulse_no_time,assume_wbd,041000071005,041000080402,8,True,041000080405
v01b_unit_pulse_assume_wbd,unit_pulse_no_time,assume_wbd,041000071005,041000080403,8,True,041000080405
v01b_unit_pulse_assume_wbd,unit_pulse_no_time,assume_wbd,041000071005,041000070101,9,True,
v01b_unit_pulse_assume_wbd,unit_pulse_no_time,assume_wbd,041000071005,041000070102,9,True,041000070102
v01b_unit_pulse_assume_wbd,unit_pulse_no_time,assume_wbd,041000071005,041000070302,9,True,
v01b_unit_pulse_assume_wbd,unit_pulse_no_time,assume_wbd,041000071005,041000070303,9,True,
v01b_unit_pulse_assume_wbd,unit_pulse_no_time,assume_wbd,041000071005,041000080105,9,True,
v01b_unit_pulse_assume_wbd,unit_pulse_no_time,assume_wbd,041000071005,041000080201,9,True,
v01b_unit_pulse_assume_wbd,unit_pulse_no_time,assume_wbd,041000071005,041000080202,9,True,
v01b_unit_pulse_assume_wbd,unit_pulse_no_time,assume_wbd,041000071005,041000080401,9,True,041000080401
v01b_unit_pulse_assume_wbd,unit_pulse_no_time,assume_wbd,041000071005,041000070301,10,True,
v01b_unit_pulse_assume_wbd,unit_pulse_no_time,assume_wbd,041000071005,041000080103,10,True,
v01b_unit_pulse_assume_wbd,unit_pulse_no_time,assume_wbd,041000071005,041000080104,10,True,041000080104
v01b_unit_pulse_assume_wbd,unit_pulse_no_time,assume_wbd,041000071005,041000080102,11,True,
v01b_unit_pulse_assume_wbd,unit_pulse_no_time,assume_wbd,041000071005,041000080101,12,True,
v01b_unit_pulse_assume_wbd,unit_pulse_no_time,assume_wbd,041000071101,041000071101,0,True,
v01b_unit_pulse_assume_wbd,unit_pulse_no_time,assume_wbd,041000071102,041000071102,0,True,
v01b_unit_pulse_assume_wbd,unit_pulse_no_time,assume_wbd,041000071102,041000071101,1,True,
v01b_unit_pulse_assume_wbd,unit_pulse_no_time,assume_wbd,041000071103,041000071103,0,True,
v01b_unit_pulse_assume_wbd,unit_pulse_no_time,assume_wbd,041000071103,041000071102,1,True,
v01b_unit_pulse_assume_wbd,unit_pulse_no_time,assume_wbd,041000071103,041000071101,2,True,
v01b_unit_pulse_assume_wbd,unit_pulse_no_time,assume_wbd,041000071201,041000071201,0,True,
v01b_unit_pulse_assume_wbd,unit_pulse_no_time,assume_wbd,041000071202,041000071202,0,True,
v01b_unit_pulse_assume_wbd,unit_pulse_no_time,assume_wbd,041000071203,041000071203,0,True,
v01b_unit_pulse_assume_wbd,unit_pulse_no_time,assume_wbd,041000071203,041000071202,1,True,
v01b_unit_pulse_assume_wbd,unit_pulse_no_time,assume_wbd,041000071204,041000071204,0,True,
v01b_unit_pulse_assume_wbd,unit_pulse_no_time,assume_wbd,041000071204,041000071201,1,True,
v01b_unit_pulse_assume_wbd,unit_pulse_no_time,assume_wbd,041000071205,041000071205,0,True,
v01b_unit_pulse_assume_wbd,unit_pulse_no_time,assume_wbd,041000071205,041000071203,1,True,
v01b_unit_pulse_assume_wbd,unit_pulse_no_time,assume_wbd,041000071205,041000071204,1,True,
v01b_unit_pulse_assume_wbd,unit_pulse_no_time,assume_wbd,041000071205,041000071201,2,True,
v01b_unit_pulse_assume_wbd,unit_pulse_no_time,assume_wbd,041000071205,041000071202,2,True,
v01b_unit_pulse_assume_wbd,unit_pulse_no_time,assume_wbd,041000071206,041000071206,0,True,
v01b_unit_pulse_assume_wbd,unit_pulse_no_time,assume_wbd,041000071206,041000071205,1,True,
v01b_unit_pulse_assume_wbd,unit_pulse_no_time,assume_wbd,041000071206,041000071203,2,True,
v01b_unit_pulse_assume_wbd,unit_pulse_no_time,assume_wbd,041000071206,041000071204,2,True,
v01b_unit_pulse_assume_wbd,unit_pulse_no_time,assume_wbd,041000071206,041000071201,3,True,
v01b_unit_pulse_assume_wbd,unit_pulse_no_time,assume_wbd,041000071206,041000071202,3,True,
v01b_unit_pulse_assume_wbd,unit_pulse_no_time,assume_wbd,041000071207,041000071207,0,True,
v01b_unit_pulse_assume_wbd,unit_pulse_no_time,assume_wbd,041000071208,041000071208,0,True,
v01b_unit_pulse_assume_wbd,unit_pulse_no_time,assume_wbd,041000071209,041000071209,0,True,
v01b_unit_pulse_assume_wbd,unit_pulse_no_time,assume_wbd,041000071209,041000071005,1,True,
v01b_unit_pulse_assume_wbd,unit_pulse_no_time,assume_wbd,041000071209,041000071103,1,True,
v01b_unit_pulse_assume_wbd,unit_pulse_no_time,assume_wbd,041000071209,041000071206,1,True,
v01b_unit_pulse_assume_wbd,unit_pulse_no_time,assume_wbd,041000071209,041000071207,1,True,
v01b_unit_pulse_assume_wbd,unit_pulse_no_time,assume_wbd,041000071209,041000071208,1,True,
v01b_unit_pulse_assume_wbd,unit_pulse_no_time,assume_wbd,041000071209,041000070806,2,True,
v01b_unit_pulse_assume_wbd,unit_pulse_no_time,assume_wbd,041000071209,041000070907,2,True,
v01b_unit_pulse_assume_wbd,unit_pulse_no_time,assume_wbd,041000071209,041000071004,2,True,
v01b_unit_pulse_assume_wbd,unit_pulse_no_time,assume_wbd,041000071209,041000071102,2,True,
v01b_unit_pulse_assume_wbd,unit_pulse_no_time,assume_wbd,041000071209,041000071205,2,True,
v01b_unit_pulse_assume_wbd,unit_pulse_no_time,assume_wbd,041000071209,041000070604,3,True,
v01b_unit_pulse_assume_wbd,unit_pulse_no_time,assume_wbd,041000071209,041000070703,3,True,
v01b_unit_pulse_assume_wbd,unit_pulse_no_time,assume_wbd,041000071209,041000070801,3,True,
v01b_unit_pulse_assume_wbd,unit_pulse_no_time,assume_wbd,041000071209,041000070805,3,True,
v01b_unit_pulse_assume_wbd,unit_pulse_no_time,assume_wbd,041000071209,041000070905,3,True,
v01b_unit_pulse_assume_wbd,unit_pulse_no_time,assume_wbd,041000071209,041000070906,3,True,
v01b_unit_pulse_assume_wbd,unit_pulse_no_time,assume_wbd,041000071209,041000071003,3,True,
v01b_unit_pulse_assume_wbd,unit_pulse_no_time,assume_wbd,041000071209,041000071101,3,True,
v01b_unit_pulse_assume_wbd,unit_pulse_no_time,assume_wbd,041000071209,041000071203,3,True,
v01b_unit_pulse_assume_wbd,unit_pulse_no_time,assume_wbd,041000071209,041000071204,3,True,
v01b_unit_pulse_assume_wbd,unit_pulse_no_time,assume_wbd,041000071209,041000070603,4,True,
v01b_unit_pulse_assume_wbd,unit_pulse_no_time,assume_wbd,041000071209,041000070701,4,True,
v01b_unit_pulse_assume_wbd,unit_pulse_no_time,assume_wbd,041000071209,041000070702,4,True,
v01b_unit_pulse_assume_wbd,unit_pulse_no_time,assume_wbd,041000071209,041000070803,4,True,
v01b_unit_pulse_assume_wbd,unit_pulse_no_time,assume_wbd,041000071209,041000070804,4,True,
v01b_unit_pulse_assume_wbd,unit_pulse_no_time,assume_wbd,041000071209,041000070904,4,True,
v01b_unit_pulse_assume_wbd,unit_pulse_no_time,assume_wbd,041000071209,041000071002,4,True,
v01b_unit_pulse_assume_wbd,unit_pulse_no_time,assume_wbd,041000071209,041000071201,4,True,
v01b_unit_pulse_assume_wbd,unit_pulse_no_time,assume_wbd,041000071209,041000071202,4,True,
v01b_unit_pulse_assume_wbd,unit_pulse_no_time,assume_wbd,041000071209,041000080605,4,True,
v01b_unit_pulse_assume_wbd,unit_pulse_no_time,assume_wbd,041000071209,041000070204,5,True,
v01b_unit_pulse_assume_wbd,unit_pulse_no_time,assume_wbd,041000071209,041000070503,5,True,
v01b_unit_pulse_assume_wbd,unit_pulse_no_time,assume_wbd,041000071209,041000070602,5,True,
v01b_unit_pulse_assume_wbd,unit_pulse_no_time,assume_wbd,041000071209,041000070802,5,True,
v01b_unit_pulse_assume_wbd,unit_pulse_no_time,assume_wbd,041000071209,041000070903,5,True,
v01b_unit_pulse_assume_wbd,unit_pulse_no_time,assume_wbd,041000071209,041000071001,5,True,041000071001
v01b_unit_pulse_assume_wbd,unit_pulse_no_time,assume_wbd,041000071209,041000080602,5,True,
v01b_unit_pulse_assume_wbd,unit_pulse_no_time,assume_wbd,041000071209,041000080603,5,True,
v01b_unit_pulse_assume_wbd,unit_pulse_no_time,assume_wbd,041000071209,041000080604,5,True,
v01b_unit_pulse_assume_wbd,unit_pulse_no_time,assume_wbd,041000071209,041000070203,6,True,
v01b_unit_pulse_assume_wbd,unit_pulse_no_time,assume_wbd,041000071209,041000070406,6,True,
v01b_unit_pulse_assume_wbd,unit_pulse_no_time,assume_wbd,041000071209,041000070501,6,True,
v01b_unit_pulse_assume_wbd,unit_pulse_no_time,assume_wbd,041000071209,041000070502,6,True,
v01b_unit_pulse_assume_wbd,unit_pulse_no_time,assume_wbd,041000071209,041000070601,6,True,
v01b_unit_pulse_assume_wbd,unit_pulse_no_time,assume_wbd,041000071209,041000070901,6,True,
v01b_unit_pulse_assume_wbd,unit_pulse_no_time,assume_wbd,041000071209,041000070902,6,True,
v01b_unit_pulse_assume_wbd,unit_pulse_no_time,assume_wbd,041000071209,041000080506,6,True,
v01b_unit_pulse_assume_wbd,unit_pulse_no_time,assume_wbd,041000071209,041000080601,6,True,
v01b_unit_pulse_assume_wbd,unit_pulse_no_time,assume_wbd,041000071209,041000070202,7,True,
v01b_unit_pulse_assume_wbd,unit_pulse_no_time,assume_wbd,041000071209,041000070402,7,True,
v01b_unit_pulse_assume_wbd,unit_pulse_no_time,assume_wbd,041000071209,041000070403,7,True,
v01b_unit_pulse_assume_wbd,unit_pulse_no_time,assume_wbd,041000071209,041000070404,7,True,
v01b_unit_pulse_assume_wbd,unit_pulse_no_time,assume_wbd,041000071209,041000070405,7,True,
v01b_unit_pulse_assume_wbd,unit_pulse_no_time,assume_wbd,041000071209,041000080304,7,True,
v01b_unit_pulse_assume_wbd,unit_pulse_no_time,assume_wbd,041000071209,041000080405,7,True,041000080405
v01b_unit_pulse_assume_wbd,unit_pulse_no_time,assume_wbd,041000071209,041000080502,7,True,
v01b_unit_pulse_assume_wbd,unit_pulse_no_time,assume_wbd,041000071209,041000080503,7,True,
v01b_unit_pulse_assume_wbd,unit_pulse_no_time,assume_wbd,041000071209,041000080504,7,True,
v01b_unit_pulse_assume_wbd,unit_pulse_no_time,assume_wbd,041000071209,041000080505,7,True,
v01b_unit_pulse_assume_wbd,unit_pulse_no_time,assume_wbd,041000071209,041000070105,8,True,
v01b_unit_pulse_assume_wbd,unit_pulse_no_time,assume_wbd,041000071209,041000070201,8,True,
v01b_unit_pulse_assume_wbd,unit_pulse_no_time,assume_wbd,041000071209,041000070306,8,True,
v01b_unit_pulse_assume_wbd,unit_pulse_no_time,assume_wbd,041000071209,041000070401,8,True,041000070401
v01b_unit_pulse_assume_wbd,unit_pulse_no_time,assume_wbd,041000071209,041000080205,8,True,
v01b_unit_pulse_assume_wbd,unit_pulse_no_time,assume_wbd,041000071209,041000080302,8,True,
v01b_unit_pulse_assume_wbd,unit_pulse_no_time,assume_wbd,041000071209,041000080303,8,True,
v01b_unit_pulse_assume_wbd,unit_pulse_no_time,assume_wbd,041000071209,041000080404,8,True,041000080405
v01b_unit_pulse_assume_wbd,unit_pulse_no_time,assume_wbd,041000071209,041000080501,8,True,
v01b_unit_pulse_assume_wbd,unit_pulse_no_time,assume_wbd,041000071209,041000070103,9,True,
v01b_unit_pulse_assume_wbd,unit_pulse_no_time,assume_wbd,041000071209,041000070104,9,True,
v01b_unit_pulse_assume_wbd,unit_pulse_no_time,assume_wbd,041000071209,041000070304,9,True,
v01b_unit_pulse_assume_wbd,unit_pulse_no_time,assume_wbd,041000071209,041000070305,9,True,
v01b_unit_pulse_assume_wbd,unit_pulse_no_time,assume_wbd,041000071209,041000080203,9,True,
v01b_unit_pulse_assume_wbd,unit_pulse_no_time,assume_wbd,041000071209,041000080204,9,True,
v01b_unit_pulse_assume_wbd,unit_pulse_no_time,assume_wbd,041000071209,041000080301,9,True,
v01b_unit_pulse_assume_wbd,unit_pulse_no_time,assume_wbd,041000071209,041000080402,9,True,041000080405
v01b_unit_pulse_assume_wbd,unit_pulse_no_time,assume_wbd,041000071209,041000080403,9,True,041000080405
v01b_unit_pulse_assume_wbd,unit_pulse_no_time,assume_wbd,041000071209,041000070101,10,True,
v01b_unit_pulse_assume_wbd,unit_pulse_no_time,assume_wbd,041000071209,041000070102,10,True,041000070102
v01b_unit_pulse_assume_wbd,unit_pulse_no_time,assume_wbd,041000071209,041000070302,10,True,
v01b_unit_pulse_assume_wbd,unit_pulse_no_time,assume_wbd,041000071209,041000070303,10,True,
v01b_unit_pulse_assume_wbd,unit_pulse_no_time,assume_wbd,041000071209,041000080105,10,True,
v01b_unit_pulse_assume_wbd,unit_pulse_no_time,assume_wbd,041000071209,041000080201,10,True,
v01b_unit_pulse_assume_wbd,unit_pulse_no_time,assume_wbd,041000071209,041000080202,10,True,
v01b_unit_pulse_assume_wbd,unit_pulse_no_time,assume_wbd,041000071209,041000080401,10,True,041000080401
v01b_unit_pulse_assume_wbd,unit_pulse_no_time,assume_wbd,041000071209,041000070301,11,True,
v01b_unit_pulse_assume_wbd,unit_pulse_no_time,assume_wbd,041000071209,041000080103,11,True,
v01b_unit_pulse_assume_wbd,unit_pulse_no_time,assume_wbd,041000071209,041000080104,11,True,041000080104
v01b_unit_pulse_assume_wbd,unit_pulse_no_time,assume_wbd,041000071209,041000080102,12,True,
v01b_unit_pulse_assume_wbd,unit_pulse_no_time,assume_wbd,041000071209,041000080101,13,True,
v01b_unit_pulse_assume_wbd,unit_pulse_no_time,assume_wbd,041000080101,041000080101,0,True,
v01b_unit_pulse_assume_wbd,unit_pulse_no_time,assume_wbd,041000080102,041000080102,0,True,
v01b_unit_pulse_assume_wbd,unit_pulse_no_time,assume_wbd,041000080102,041000080101,1,True,
v01b_unit_pulse_assume_wbd,unit_pulse_no_time,assume_wbd,041000080103,041000080103,0,True,
v01b_unit_pulse_assume_wbd,unit_pulse_no_time,assume_wbd,041000080103,041000080102,1,True,
v01b_unit_pulse_assume_wbd,unit_pulse_no_time,assume_wbd,041000080103,041000080101,2,True,
v01b_unit_pulse_assume_wbd,unit_pulse_no_time,assume_wbd,041000080104,041000080104,0,True,
v01b_unit_pulse_assume_wbd,unit_pulse_no_time,assume_wbd,041000080105,041000080105,0,True,
v01b_unit_pulse_assume_wbd,unit_pulse_no_time,assume_wbd,041000080105,041000080103,1,True,
v01b_unit_pulse_assume_wbd,unit_pulse_no_time,assume_wbd,041000080105,041000080104,1,True,041000080104
v01b_unit_pulse_assume_wbd,unit_pulse_no_time,assume_wbd,041000080105,041000080102,2,True,
v01b_unit_pulse_assume_wbd,unit_pulse_no_time,assume_wbd,041000080105,041000080101,3,True,
v01b_unit_pulse_assume_wbd,unit_pulse_no_time,assume_wbd,041000080201,041000080201,0,True,
v01b_unit_pulse_assume_wbd,unit_pulse_no_time,assume_wbd,041000080202,041000080202,0,True,
v01b_unit_pulse_assume_wbd,unit_pulse_no_time,assume_wbd,041000080203,041000080203,0,True,
v01b_unit_pulse_assume_wbd,unit_pulse_no_time,assume_wbd,041000080203,041000080105,1,True,
v01b_unit_pulse_assume_wbd,unit_pulse_no_time,assume_wbd,041000080203,041000080201,1,True,
v01b_unit_pulse_assume_wbd,unit_pulse_no_time,assume_wbd,041000080203,041000080202,1,True,
v01b_unit_pulse_assume_wbd,unit_pulse_no_time,assume_wbd,041000080203,041000080103,2,True,
v01b_unit_pulse_assume_wbd,unit_pulse_no_time,assume_wbd,041000080203,041000080104,2,True,041000080104
v01b_unit_pulse_assume_wbd,unit_pulse_no_time,assume_wbd,041000080203,041000080102,3,True,
v01b_unit_pulse_assume_wbd,unit_pulse_no_time,assume_wbd,041000080203,041000080101,4,True,
v01b_unit_pulse_assume_wbd,unit_pulse_no_time,assume_wbd,041000080204,041000080204,0,True,
v01b_unit_pulse_assume_wbd,unit_pulse_no_time,assume_wbd,041000080205,041000080205,0,True,
v01b_unit_pulse_assume_wbd,unit_pulse_no_time,assume_wbd,041000080205,041000080203,1,True,
v01b_unit_pulse_assume_wbd,unit_pulse_no_time,assume_wbd,041000080205,041000080204,1,True,
v01b_unit_pulse_assume_wbd,unit_pulse_no_time,assume_wbd,041000080205,041000080105,2,True,
v01b_unit_pulse_assume_wbd,unit_pulse_no_time,assume_wbd,041000080205,041000080201,2,True,
v01b_unit_pulse_assume_wbd,unit_pulse_no_time,assume_wbd,041000080205,041000080202,2,True,
v01b_unit_pulse_assume_wbd,unit_pulse_no_time,assume_wbd,041000080205,041000080103,3,True,
v01b_unit_pulse_assume_wbd,unit_pulse_no_time,assume_wbd,041000080205,041000080104,3,True,041000080104
v01b_unit_pulse_assume_wbd,unit_pulse_no_time,assume_wbd,041000080205,041000080102,4,True,
v01b_unit_pulse_assume_wbd,unit_pulse_no_time,assume_wbd,041000080205,041000080101,5,True,
v01b_unit_pulse_assume_wbd,unit_pulse_no_time,assume_wbd,041000080301,041000080301,0,True,
v01b_unit_pulse_assume_wbd,unit_pulse_no_time,assume_wbd,041000080302,041000080302,0,True,
v01b_unit_pulse_assume_wbd,unit_pulse_no_time,assume_wbd,041000080302,041000080301,1,True,
v01b_unit_pulse_assume_wbd,unit_pulse_no_time,assume_wbd,041000080303,041000080303,0,True,
v01b_unit_pulse_assume_wbd,unit_pulse_no_time,assume_wbd,041000080304,041000080304,0,True,
v01b_unit_pulse_assume_wbd,unit_pulse_no_time,assume_wbd,041000080304,041000080205,1,True,
v01b_unit_pulse_assume_wbd,unit_pulse_no_time,assume_wbd,041000080304,041000080302,1,True,
v01b_unit_pulse_assume_wbd,unit_pulse_no_time,assume_wbd,041000080304,041000080303,1,True,
v01b_unit_pulse_assume_wbd,unit_pulse_no_time,assume_wbd,041000080304,041000080203,2,True,
v01b_unit_pulse_assume_wbd,unit_pulse_no_time,assume_wbd,041000080304,041000080204,2,True,
v01b_unit_pulse_assume_wbd,unit_pulse_no_time,assume_wbd,041000080304,041000080301,2,True,
v01b_unit_pulse_assume_wbd,unit_pulse_no_time,assume_wbd,041000080304,041000080105,3,True,
v01b_unit_pulse_assume_wbd,unit_pulse_no_time,assume_wbd,041000080304,041000080201,3,True,
v01b_unit_pulse_assume_wbd,unit_pulse_no_time,assume_wbd,041000080304,041000080202,3,True,
v01b_unit_pulse_assume_wbd,unit_pulse_no_time,assume_wbd,041000080304,041000080103,4,True,
v01b_unit_pulse_assume_wbd,unit_pulse_no_time,assume_wbd,041000080304,041000080104,4,True,041000080104
v01b_unit_pulse_assume_wbd,unit_pulse_no_time,assume_wbd,041000080304,041000080102,5,True,
v01b_unit_pulse_assume_wbd,unit_pulse_no_time,assume_wbd,041000080304,041000080101,6,True,
v01b_unit_pulse_assume_wbd,unit_pulse_no_time,assume_wbd,041000080401,041000080401,0,True,
v01b_unit_pulse_assume_wbd,unit_pulse_no_time,assume_wbd,041000080402,041000080402,0,True,
v01b_unit_pulse_assume_wbd,unit_pulse_no_time,assume_wbd,041000080402,041000080401,1,True,041000080401
v01b_unit_pulse_assume_wbd,unit_pulse_no_time,assume_wbd,041000080403,041000080403,0,True,
v01b_unit_pulse_assume_wbd,unit_pulse_no_time,assume_wbd,041000080404,041000080404,0,True,
v01b_unit_pulse_assume_wbd,unit_pulse_no_time,assume_wbd,041000080404,041000080402,1,True,
v01b_unit_pulse_assume_wbd,unit_pulse_no_time,assume_wbd,041000080404,041000080403,1,True,
v01b_unit_pulse_assume_wbd,unit_pulse_no_time,assume_wbd,041000080404,041000080401,2,True,041000080401
v01b_unit_pulse_assume_wbd,unit_pulse_no_time,assume_wbd,041000080405,041000080405,0,True,
v01b_unit_pulse_assume_wbd,unit_pulse_no_time,assume_wbd,041000080405,041000080404,1,True,
v01b_unit_pulse_assume_wbd,unit_pulse_no_time,assume_wbd,041000080405,041000080402,2,True,
v01b_unit_pulse_assume_wbd,unit_pulse_no_time,assume_wbd,041000080405,041000080403,2,True,
v01b_unit_pulse_assume_wbd,unit_pulse_no_time,assume_wbd,041000080405,041000080401,3,True,041000080401
v01b_unit_pulse_assume_wbd,unit_pulse_no_time,assume_wbd,041000080501,041000080501,0,True,
v01b_unit_pulse_assume_wbd,unit_pulse_no_time,assume_wbd,041000080502,041000080502,0,True,
v01b_unit_pulse_assume_wbd,unit_pulse_no_time,assume_wbd,041000080502,041000080501,1,True,
v01b_unit_pulse_assume_wbd,unit_pulse_no_time,assume_wbd,041000080503,041000080503,0,True,
v01b_unit_pulse_assume_wbd,unit_pulse_no_time,assume_wbd,041000080504,041000080504,0,True,
v01b_unit_pulse_assume_wbd,unit_pulse_no_time,assume_wbd,041000080505,041000080505,0,True,
v01b_unit_pulse_assume_wbd,unit_pulse_no_time,assume_wbd,041000080506,041000080506,0,True,
v01b_unit_pulse_assume_wbd,unit_pulse_no_time,assume_wbd,041000080506,041000080304,1,True,
v01b_unit_pulse_assume_wbd,unit_pulse_no_time,assume_wbd,041000080506,041000080405,1,True,041000080405
v01b_unit_pulse_assume_wbd,unit_pulse_no_time,assume_wbd,041000080506,041000080502,1,True,
v01b_unit_pulse_assume_wbd,unit_pulse_no_time,assume_wbd,041000080506,041000080503,1,True,
v01b_unit_pulse_assume_wbd,unit_pulse_no_time,assume_wbd,041000080506,041000080504,1,True,
v01b_unit_pulse_assume_wbd,unit_pulse_no_time,assume_wbd,041000080506,041000080505,1,True,
v01b_unit_pulse_assume_wbd,unit_pulse_no_time,assume_wbd,041000080506,041000080205,2,True,
v01b_unit_pulse_assume_wbd,unit_pulse_no_time,assume_wbd,041000080506,041000080302,2,True,
v01b_unit_pulse_assume_wbd,unit_pulse_no_time,assume_wbd,041000080506,041000080303,2,True,
v01b_unit_pulse_assume_wbd,unit_pulse_no_time,assume_wbd,041000080506,041000080404,2,True,041000080405
v01b_unit_pulse_assume_wbd,unit_pulse_no_time,assume_wbd,041000080506,041000080501,2,True,
v01b_unit_pulse_assume_wbd,unit_pulse_no_time,assume_wbd,041000080506,041000080203,3,True,
v01b_unit_pulse_assume_wbd,unit_pulse_no_time,assume_wbd,041000080506,041000080204,3,True,
v01b_unit_pulse_assume_wbd,unit_pulse_no_time,assume_wbd,041000080506,041000080301,3,True,
v01b_unit_pulse_assume_wbd,unit_pulse_no_time,assume_wbd,041000080506,041000080402,3,True,041000080405
v01b_unit_pulse_assume_wbd,unit_pulse_no_time,assume_wbd,041000080506,041000080403,3,True,041000080405
v01b_unit_pulse_assume_wbd,unit_pulse_no_time,assume_wbd,041000080506,041000080105,4,True,
v01b_unit_pulse_assume_wbd,unit_pulse_no_time,assume_wbd,041000080506,041000080201,4,True,
v01b_unit_pulse_assume_wbd,unit_pulse_no_time,assume_wbd,041000080506,041000080202,4,True,
v01b_unit_pulse_assume_wbd,unit_pulse_no_time,assume_wbd,041000080506,041000080401,4,True,041000080401
v01b_unit_pulse_assume_wbd,unit_pulse_no_time,assume_wbd,041000080506,041000080103,5,True,
v01b_unit_pulse_assume_wbd,unit_pulse_no_time,assume_wbd,041000080506,041000080104,5,True,041000080104
v01b_unit_pulse_assume_wbd,unit_pulse_no_time,assume_wbd,041000080506,041000080102,6,True,
v01b_unit_pulse_assume_wbd,unit_pulse_no_time,assume_wbd,041000080506,041000080101,7,True,
v01b_unit_pulse_assume_wbd,unit_pulse_no_time,assume_wbd,041000080601,041000080601,0,True,
v01b_unit_pulse_assume_wbd,unit_pulse_no_time,assume_wbd,041000080602,041000080602,0,True,
v01b_unit_pulse_assume_wbd,unit_pulse_no_time,assume_wbd,041000080602,041000080506,1,True,
v01b_unit_pulse_assume_wbd,unit_pulse_no_time,assume_wbd,041000080602,041000080601,1,True,
v01b_unit_pulse_assume_wbd,unit_pulse_no_time,assume_wbd,041000080602,041000080304,2,True,
v01b_unit_pulse_assume_wbd,unit_pulse_no_time,assume_wbd,041000080602,041000080405,2,True,041000080405
v01b_unit_pulse_assume_wbd,unit_pulse_no_time,assume_wbd,041000080602,041000080502,2,True,
v01b_unit_pulse_assume_wbd,unit_pulse_no_time,assume_wbd,041000080602,041000080503,2,True,
v01b_unit_pulse_assume_wbd,unit_pulse_no_time,assume_wbd,041000080602,041000080504,2,True,
v01b_unit_pulse_assume_wbd,unit_pulse_no_time,assume_wbd,041000080602,041000080505,2,True,
v01b_unit_pulse_assume_wbd,unit_pulse_no_time,assume_wbd,041000080602,041000080205,3,True,
v01b_unit_pulse_assume_wbd,unit_pulse_no_time,assume_wbd,041000080602,041000080302,3,True,
v01b_unit_pulse_assume_wbd,unit_pulse_no_time,assume_wbd,041000080602,041000080303,3,True,
v01b_unit_pulse_assume_wbd,unit_pulse_no_time,assume_wbd,041000080602,041000080404,3,True,041000080405
v01b_unit_pulse_assume_wbd,unit_pulse_no_time,assume_wbd,041000080602,041000080501,3,True,
v01b_unit_pulse_assume_wbd,unit_pulse_no_time,assume_wbd,041000080602,041000080203,4,True,
v01b_unit_pulse_assume_wbd,unit_pulse_no_time,assume_wbd,041000080602,041000080204,4,True,
v01b_unit_pulse_assume_wbd,unit_pulse_no_time,assume_wbd,041000080602,041000080301,4,True,
v01b_unit_pulse_assume_wbd,unit_pulse_no_time,assume_wbd,041000080602,041000080402,4,True,041000080405
v01b_unit_pulse_assume_wbd,unit_pulse_no_time,assume_wbd,041000080602,041000080403,4,True,041000080405
v01b_unit_pulse_assume_wbd,unit_pulse_no_time,assume_wbd,041000080602,041000080105,5,True,
v01b_unit_pulse_assume_wbd,unit_pulse_no_time,assume_wbd,041000080602,041000080201,5,True,
v01b_unit_pulse_assume_wbd,unit_pulse_no_time,assume_wbd,041000080602,041000080202,5,True,
v01b_unit_pulse_assume_wbd,unit_pulse_no_time,assume_wbd,041000080602,041000080401,5,True,041000080401
v01b_unit_pulse_assume_wbd,unit_pulse_no_time,assume_wbd,041000080602,041000080103,6,True,
v01b_unit_pulse_assume_wbd,unit_pulse_no_time,assume_wbd,041000080602,041000080104,6,True,041000080104
v01b_unit_pulse_assume_wbd,unit_pulse_no_time,assume_wbd,041000080602,041000080102,7,True,
v01b_unit_pulse_assume_wbd,unit_pulse_no_time,assume_wbd,041000080602,041000080101,8,True,
v01b_unit_pulse_assume_wbd,unit_pulse_no_time,assume_wbd,041000080603,041000080603,0,True,
v01b_unit_pulse_assume_wbd,unit_pulse_no_time,assume_wbd,041000080604,041000080604,0,True,
v01b_unit_pulse_assume_wbd,unit_pulse_no_time,assume_wbd,041000080605,041000080605,0,True,
v01b_unit_pulse_assume_wbd,unit_pulse_no_time,assume_wbd,041000080605,041000080602,1,True,
v01b_unit_pulse_assume_wbd,unit_pulse_no_time,assume_wbd,041000080605,041000080603,1,True,
v01b_unit_pulse_assume_wbd,unit_pulse_no_time,assume_wbd,041000080605,041000080604,1,True,
v01b_unit_pulse_assume_wbd,unit_pulse_no_time,assume_wbd,041000080605,041000080506,2,True,
v01b_unit_pulse_assume_wbd,unit_pulse_no_time,assume_wbd,041000080605,041000080601,2,True,
v01b_unit_pulse_assume_wbd,unit_pulse_no_time,assume_wbd,041000080605,041000080304,3,True,
v01b_unit_pulse_assume_wbd,unit_pulse_no_time,assume_wbd,041000080605,041000080405,3,True,041000080405
v01b_unit_pulse_assume_wbd,unit_pulse_no_time,assume_wbd,041000080605,041000080502,3,True,
v01b_unit_pulse_assume_wbd,unit_pulse_no_time,assume_wbd,041000080605,041000080503,3,True,
v01b_unit_pulse_assume_wbd,unit_pulse_no_time,assume_wbd,041000080605,041000080504,3,True,
v01b_unit_pulse_assume_wbd,unit_pulse_no_time,assume_wbd,041000080605,041000080505,3,True,
v01b_unit_pulse_assume_wbd,unit_pulse_no_time,assume_wbd,041000080605,041000080205,4,True,
v01b_unit_pulse_assume_wbd,unit_pulse_no_time,assume_wbd,041000080605,041000080302,4,True,
v01b_unit_pulse_assume_wbd,unit_pulse_no_time,assume_wbd,041000080605,041000080303,4,True,
v01b_unit_pulse_assume_wbd,unit_pulse_no_time,assume_wbd,041000080605,041000080404,4,True,041000080405
v01b_unit_pulse_assume_wbd,unit_pulse_no_time,assume_wbd,041000080605,041000080501,4,True,
v01b_unit_pulse_assume_wbd,unit_pulse_no_time,assume_wbd,041000080605,041000080203,5,True,
v01b_unit_pulse_assume_wbd,unit_pulse_no_time,assume_wbd,041000080605,041000080204,5,True,
v01b_unit_pulse_assume_wbd,unit_pulse_no_time,assume_wbd,041000080605,041000080301,5,True,
v01b_unit_pulse_assume_wbd,unit_pulse_no_time,assume_wbd,041000080605,041000080402,5,True,041000080405
v01b_unit_pulse_assume_wbd,unit_pulse_no_time,assume_wbd,041000080605,041000080403,5,True,041000080405
v01b_unit_pulse_assume_wbd,unit_pulse_no_time,assume_wbd,041000080605,041000080105,6,True,
v01b_unit_pulse_assume_wbd,unit_pulse_no_time,assume_wbd,041000080605,041000080201,6,True,
v01b_unit_pulse_assume_wbd,unit_pulse_no_time,assume_wbd,041000080605,041000080202,6,True,
v01b_unit_pulse_assume_wbd,unit_pulse_no_time,assume_wbd,041000080605,041000080401,6,True,041000080401
v01b_unit_pulse_assume_wbd,unit_pulse_no_time,assume_wbd,041000080605,041000080103,7,True,
v01b_unit_pulse_assume_wbd,unit_pulse_no_time,assume_wbd,041000080605,041000080104,7,True,041000080104
v01b_unit_pulse_assume_wbd,unit_pulse_no_time,assume_wbd,041000080605,041000080102,8,True,
v01b_unit_pulse_assume_wbd,unit_pulse_no_time,assume_wbd,041000080605,041000080101,9,True,
v01b_unit_pulse_assume_wbd,unit_pulse_no_time,assume_wbd,041000090101,041000090101,0,True,
v01b_unit_pulse_assume_wbd,unit_pulse_no_time,assume_wbd,041000090102,041000090102,0,True,
v01b_unit_pulse_assume_wbd,unit_pulse_no_time,assume_wbd,041000090102,041000090101,1,True,
v01b_unit_pulse_assume_wbd,unit_pulse_no_time,assume_wbd,041000090103,041000090103,0,True,
v01b_unit_pulse_assume_wbd,unit_pulse_no_time,assume_wbd,041000090104,041000090104,0,True,
v01b_unit_pulse_assume_wbd,unit_pulse_no_time,assume_wbd,041000090104,041000090102,1,True,
v01b_unit_pulse_assume_wbd,unit_pulse_no_time,assume_wbd,041000090104,041000090103,1,True,
v01b_unit_pulse_assume_wbd,unit_pulse_no_time,assume_wbd,041000090104,041000090101,2,True,
v01b_unit_pulse_assume_wbd,unit_pulse_no_time,assume_wbd,041000090105,041000090105,0,True,
v01b_unit_pulse_assume_wbd,unit_pulse_no_time,assume_wbd,041000090106,041000090106,0,True,
v01b_unit_pulse_assume_wbd,unit_pulse_no_time,assume_wbd,041000090106,041000090104,1,True,
v01b_unit_pulse_assume_wbd,unit_pulse_no_time,assume_wbd,041000090106,041000090105,1,True,
v01b_unit_pulse_assume_wbd,unit_pulse_no_time,assume_wbd,041000090106,041000090102,2,True,
v01b_unit_pulse_assume_wbd,unit_pulse_no_time,assume_wbd,041000090106,041000090103,2,True,
v01b_unit_pulse_assume_wbd,unit_pulse_no_time,assume_wbd,041000090106,041000090101,3,True,
v01b_unit_pulse_assume_wbd,unit_pulse_no_time,assume_wbd,041000090201,041000090201,0,True,
v01b_unit_pulse_assume_wbd,unit_pulse_no_time,assume_wbd,041000090201,041000050208,1,True,
v01b_unit_pulse_assume_wbd,unit_pulse_no_time,assume_wbd,041000090201,041000060604,1,True,
v01b_unit_pulse_assume_wbd,unit_pulse_no_time,assume_wbd,041000090201,041000071209,1,True,
v01b_unit_pulse_assume_wbd,unit_pulse_no_time,assume_wbd,041000090201,041000050207,2,True,
v01b_unit_pulse_assume_wbd,unit_pulse_no_time,assume_wbd,041000090201,041000060504,2,True,
v01b_unit_pulse_assume_wbd,unit_pulse_no_time,assume_wbd,041000090201,041000060602,2,True,
v01b_unit_pulse_assume_wbd,unit_pulse_no_time,assume_wbd,041000090201,041000060603,2,True,
v01b_unit_pulse_assume_wbd,unit_pulse_no_time,assume_wbd,041000090201,041000071005,2,True,
v01b_unit_pulse_assume_wbd,unit_pulse_no_time,assume_wbd,041000090201,041000071103,2,True,
v01b_unit_pulse_assume_wbd,unit_pulse_no_time,assume_wbd,041000090201,041000071206,2,True,
v01b_unit_pulse_assume_wbd,unit_pulse_no_time,assume_wbd,041000090201,041000071207,2,True,
v01b_unit_pulse_assume_wbd,unit_pulse_no_time,assume_wbd,041000090201,041000071208,2,True,
v01b_unit_pulse_assume_wbd,unit_pulse_no_time,assume_wbd,041000090201,041000050205,3,True,
v01b_unit_pulse_assume_wbd,unit_pulse_no_time,assume_wbd,041000090201,041000050206,3,True,
v01b_unit_pulse_assume_wbd,unit_pulse_no_time,assume_wbd,041000090201,041000060404,3,True,
v01b_unit_pulse_assume_wbd,unit_pulse_no_time,assume_wbd,041000090201,041000060503,3,True,
v01b_unit_pulse_assume_wbd,unit_pulse_no_time,assume_wbd,041000090201,041000060601,3,True,
v01b_unit_pulse_assume_wbd,unit_pulse_no_time,assume_wbd,041000090201,041000070806,3,True,
v01b_unit_pulse_assume_wbd,unit_pulse_no_time,assume_wbd,041000090201,041000070907,3,True,
v01b_unit_pulse_assume_wbd,unit_pulse_no_time,assume_wbd,041000090201,041000071004,3,True,
v01b_unit_pulse_assume_wbd,unit_pulse_no_time,assume_wbd,041000090201,041000071102,3,True,
v01b_unit_pulse_assume_wbd,unit_pulse_no_time,assume_wbd,041000090201,041000071205,3,True,
v01b_unit_pulse_assume_wbd,unit_pulse_no_time,assume_wbd,041000090201,041000050202,4,True,
v01b_unit_pulse_assume_wbd,unit_pulse_no_time,assume_wbd,041000090201,041000050203,4,True,
v01b_unit_pulse_assume_wbd,unit_pulse_no_time,assume_wbd,041000090201,041000050204,4,True,
v01b_unit_pulse_assume_wbd,unit_pulse_no_time,assume_wbd,041000090201,041000060303,4,True,
v01b_unit_pulse_assume_wbd,unit_pulse_no_time,assume_wbd,041000090201,041000060402,4,True,
v01b_unit_pulse_assume_wbd,unit_pulse_no_time,assume_wbd,041000090201,041000060403,4,True,
v01b_unit_pulse_assume_wbd,unit_pulse_no_time,assume_wbd,041000090201,041000060501,4,True,
v01b_unit_pulse_assume_wbd,unit_pulse_no_time,assume_wbd,041000090201,041000060502,4,True,
v01b_unit_pulse_assume_wbd,unit_pulse_no_time,assume_wbd,041000090201,041000070604,4,True,
v01b_unit_pulse_assume_wbd,unit_pulse_no_time,assume_wbd,041000090201,041000070703,4,True,
v01b_unit_pulse_assume_wbd,unit_pulse_no_time,assume_wbd,041000090201,041000070801,4,True,
v01b_unit_pulse_assume_wbd,unit_pulse_no_time,assume_wbd,041000090201,041000070805,4,True,
v01b_unit_pulse_assume_wbd,unit_pulse_no_time,assume_wbd,041000090201,041000070905,4,True,
v01b_unit_pulse_assume_wbd,unit_pulse_no_time,assume_wbd,041000090201,041000070906,4,True,
v01b_unit_pulse_assume_wbd,unit_pulse_no_time,assume_wbd,041000090201,041000071003,4,True,
v01b_unit_pulse_assume_wbd,unit_pulse_no_time,assume_wbd,041000090201,041000071101,4,True,
v01b_unit_pulse_assume_wbd,unit_pulse_no_time,assume_wbd,041000090201,041000071203,4,True,
v01b_unit_pulse_assume_wbd,unit_pulse_no_time,assume_wbd,041000090201,041000071204,4,True,
v01b_unit_pulse_assume_wbd,unit_pulse_no_time,assume_wbd,041000090201,041000050106,5,True,
v01b_unit_pulse_assume_wbd,unit_pulse_no_time,assume_wbd,041000090201,041000050201,5,True,
v01b_unit_pulse_assume_wbd,unit_pulse_no_time,assume_wbd,041000090201,041000060301,5,True,
v01b_unit_pulse_assume_wbd,unit_pulse_no_time,assume_wbd,041000090201,041000060302,5,True,
v01b_unit_pulse_assume_wbd,unit_pulse_no_time,assume_wbd,041000090201,041000060401,5,True,
v01b_unit_pulse_assume_wbd,unit_pulse_no_time,assume_wbd,041000090201,041000070603,5,True,
v01b_unit_pulse_assume_wbd,unit_pulse_no_time,assume_wbd,041000090201,041000070701,5,True,
v01b_unit_pulse_assume_wbd,unit_pulse_no_time,assume_wbd,041000090201,041000070702,5,True,
v01b_unit_pulse_assume_wbd,unit_pulse_no_time,assume_wbd,041000090201,041000070803,5,True,
v01b_unit_pulse_assume_wbd,unit_pulse_no_time,assume_wbd,041000090201,041000070804,5,True,
v01b_unit_pulse_assume_wbd,unit_pulse_no_time,assume_wbd,041000090201,041000070904,5,True,
v01b_unit_pulse_assume_wbd,unit_pulse_no_time,assume_wbd,041000090201,041000071002,5,True,
v01b_unit_pulse_assume_wbd,unit_pulse_no_time,assume_wbd,041000090201,041000071201,5,True,
v01b_unit_pulse_assume_wbd,unit_pulse_no_time,assume_wbd,041000090201,041000071202,5,True,
v01b_unit_pulse_assume_wbd,unit_pulse_no_time,assume_wbd,041000090201,041000080605,5,True,
v01b_unit_pulse_assume_wbd,unit_pulse_no_time,assume_wbd,041000090201,041000050104,6,True,
v01b_unit_pulse_assume_wbd,unit_pulse_no_time,assume_wbd,041000090201,041000050105,6,True,
v01b_unit_pulse_assume_wbd,unit_pulse_no_time,assume_wbd,041000090201,041000060205,6,True,
v01b_unit_pulse_assume_wbd,unit_pulse_no_time,assume_wbd,041000090201,041000070204,6,True,
v01b_unit_pulse_assume_wbd,unit_pulse_no_time,assume_wbd,041000090201,041000070503,6,True,
v01b_unit_pulse_assume_wbd,unit_pulse_no_time,assume_wbd,041000090201,041000070602,6,True,
v01b_unit_pulse_assume_wbd,unit_pulse_no_time,assume_wbd,041000090201,041000070802,6,True,
v01b_unit_pulse_assume_wbd,unit_pulse_no_time,assume_wbd,041000090201,041000070903,6,True,
v01b_unit_pulse_assume_wbd,unit_pulse_no_time,assume_wbd,041000090201,041000071001,6,True,041000071001
v01b_unit_pulse_assume_wbd,unit_pulse_no_time,assume_wbd,041000090201,041000080602,6,True,
v01b_unit_pulse_assume_wbd,unit_pulse_no_time,assume_wbd,041000090201,041000080603,6,True,
v01b_unit_pulse_assume_wbd,unit_pulse_no_time,assume_wbd,041000090201,041000080604,6,True,
v01b_unit_pulse_assume_wbd,unit_pulse_no_time,assume_wbd,041000090201,041000050103,7,True,
v01b_unit_pulse_assume_wbd,unit_pulse_no_time,assume_wbd,041000090201,041000060202,7,True,
v01b_unit_pulse_assume_wbd,unit_pulse_no_time,assume_wbd,041000090201,041000060203,7,True,
v01b_unit_pulse_assume_wbd,unit_pulse_no_time,assume_wbd,041000090201,041000060204,7,True,041000060204
v01b_unit_pulse_assume_wbd,unit_pulse_no_time,assume_wbd,041000090201,041000070203,7,True,
v01b_unit_pulse_assume_wbd,unit_pulse_no_time,assume_wbd,041000090201,041000070406,7,True,
v01b_unit_pulse_assume_wbd,unit_pulse_no_time,assume_wbd,041000090201,041000070501,7,True,
v01b_unit_pulse_assume_wbd,unit_pulse_no_time,assume_wbd,041000090201,041000070502,7,True,
v01b_unit_pulse_assume_wbd,unit_pulse_no_time,assume_wbd,041000090201,041000070601,7,True,
v01b_unit_pulse_assume_wbd,unit_pulse_no_time,assume_wbd,041000090201,041000070901,7,True,
v01b_unit_pulse_assume_wbd,unit_pulse_no_time,assume_wbd,041000090201,041000070902,7,True,
v01b_unit_pulse_assume_wbd,unit_pulse_no_time,assume_wbd,041000090201,041000080506,7,True,
v01b_unit_pulse_assume_wbd,unit_pulse_no_time,assume_wbd,041000090201,041000080601,7,True,
v01b_unit_pulse_assume_wbd,unit_pulse_no_time,assume_wbd,041000090201,041000050102,8,True,
v01b_unit_pulse_assume_wbd,unit_pulse_no_time,assume_wbd,041000090201,041000060201,8,True,
v01b_unit_pulse_assume_wbd,unit_pulse_no_time,assume_wbd,041000090201,041000070202,8,True,
v01b_unit_pulse_assume_wbd,unit_pulse_no_time,assume_wbd,041000090201,041000070402,8,True,
v01b_unit_pulse_assume_wbd,unit_pulse_no_time,assume_wbd,041000090201,041000070403,8,True,
v01b_unit_pulse_assume_wbd,unit_pulse_no_time,assume_wbd,041000090201,041000070404,8,True,
v01b_unit_pulse_assume_wbd,unit_pulse_no_time,assume_wbd,041000090201,041000070405,8,True,
v01b_unit_pulse_assume_wbd,unit_pulse_no_time,assume_wbd,041000090201,041000080304,8,True,
v01b_unit_pulse_assume_wbd,unit_pulse_no_time,assume_wbd,041000090201,041000080405,8,True,041000080405
v01b_unit_pulse_assume_wbd,unit_pulse_no_time,assume_wbd,041000090201,041000080502,8,True,
v01b_unit_pulse_assume_wbd,unit_pulse_no_time,assume_wbd,041000090201,041000080503,8,True,
v01b_unit_pulse_assume_wbd,unit_pulse_no_time,assume_wbd,041000090201,041000080504,8,True,
v01b_unit_pulse_assume_wbd,unit_pulse_no_time,assume_wbd,041000090201,041000080505,8,True,
v01b_unit_pulse_assume_wbd,unit_pulse_no_time,assume_wbd,041000090201,041000030806,9,True,
v01b_unit_pulse_assume_wbd,unit_pulse_no_time,assume_wbd,041000090201,041000040606,9,True,
v01b_unit_pulse_assume_wbd,unit_pulse_no_time,assume_wbd,041000090201,041000050101,9,True,
v01b_unit_pulse_assume_wbd,unit_pulse_no_time,assume_wbd,041000090201,041000060106,9,True,
v01b_unit_pulse_assume_wbd,unit_pulse_no_time,assume_wbd,041000090201,041000070105,9,True,
v01b_unit_pulse_assume_wbd,unit_pulse_no_time,assume_wbd,041000090201,041000070201,9,True,
v01b_unit_pulse_assume_wbd,unit_pulse_no_time,assume_wbd,041000090201,041000070306,9,True,
v01b_unit_pulse_assume_wbd,unit_pulse_no_time,assume_wbd,041000090201,041000070401,9,True,041000070401
v01b_unit_pulse_assume_wbd,unit_pulse_no_time,assume_wbd,041000090201,041000080205,9,True,
v01b_unit_pulse_assume_wbd,unit_pulse_no_time,assume_wbd,041000090201,041000080302,9,True,
v01b_unit_pulse_assume_wbd,unit_pulse_no_time,assume_wbd,041000090201,041000080303,9,True,
v01b_unit_pulse_assume_wbd,unit_pulse_no_time,assume_wbd,041000090201,041000080404,9,True,041000080405
v01b_unit_pulse_assume_wbd,unit_pulse_no_time,assume_wbd,041000090201,041000080501,9,True,
v01b_unit_pulse_assume_wbd,unit_pulse_no_time,assume_wbd,041000090201,041000030805,10,True,
v01b_unit_pulse_assume_wbd,unit_pulse_no_time,assume_wbd,041000090201,041000040604,10,True,
v01b_unit_pulse_assume_wbd,unit_pulse_no_time,assume_wbd,041000090201,041000040605,10,True,
v01b_unit_pulse_assume_wbd,unit_pulse_no_time,assume_wbd,041000090201,041000060104,10,True,
v01b_unit_pulse_assume_wbd,unit_pulse_no_time,assume_wbd,041000090201,041000060105,10,True,
v01b_unit_pulse_assume_wbd,unit_pulse_no_time,assume_wbd,041000090201,041000070103,10,True,
v01b_unit_pulse_assume_wbd,unit_pulse_no_time,assume_wbd,041000090201,041000070104,10,True,
v01b_unit_pulse_assume_wbd,unit_pulse_no_time,assume_wbd,041000090201,041000070304,10,True,
v01b_unit_pulse_assume_wbd,unit_pulse_no_time,assume_wbd,041000090201,041000070305,10,True,
v01b_unit_pulse_assume_wbd,unit_pulse_no_time,assume_wbd,041000090201,041000080203,10,True,
v01b_unit_pulse_assume_wbd,unit_pulse_no_time,assume_wbd,041000090201,041000080204,10,True,
v01b_unit_pulse_assume_wbd,unit_pulse_no_time,assume_wbd,041000090201,041000080301,10,True,
v01b_unit_pulse_assume_wbd,unit_pulse_no_time,assume_wbd,041000090201,041000080402,10,True,041000080405
v01b_unit_pulse_assume_wbd,unit_pulse_no_time,assume_wbd,041000090201,041000080403,10,True,041000080405
v01b_unit_pulse_assume_wbd,unit_pulse_no_time,assume_wbd,041000090201,041000030707,11,True,
v01b_unit_pulse_assume_wbd,unit_pulse_no_time,assume_wbd,041000090201,041000030804,11,True,
v01b_unit_pulse_assume_wbd,unit_pulse_no_time,assume_wbd,041000090201,041000040601,11,True,
v01b_unit_pulse_assume_wbd,unit_pulse_no_time,assume_wbd,041000090201,041000040602,11,True,
v01b_unit_pulse_assume_wbd,unit_pulse_no_time,assume_wbd,041000090201,041000040603,11,True,
v01b_unit_pulse_assume_wbd,unit_pulse_no_time,assume_wbd,041000090201,041000060103,11,True,
v01b_unit_pulse_assume_wbd,unit_pulse_no_time,assume_wbd,041000090201,041000070101,11,True,
v01b_unit_pulse_assume_wbd,unit_pulse_no_time,assume_wbd,041000090201,041000070102,11,True,041000070102
v01b_unit_pulse_assume_wbd,unit_pulse_no_time,assume_wbd,041000090201,041000070302,11,True,
v01b_unit_pulse_assume_wbd,unit_pulse_no_time,assume_wbd,041000090201,041000070303,11,True,
v01b_unit_pulse_assume_wbd,unit_pulse_no_time,assume_wbd,041000090201,041000080105,11,True,
v01b_unit_pulse_assume_wbd,unit_pulse_no_time,assume_wbd,041000090201,041000080201,11,True,
v01b_unit_pulse_assume_wbd,unit_pulse_no_time,assume_wbd,041000090201,041000080202,11,True,
v01b_unit_pulse_assume_wbd,unit_pulse_no_time,assume_wbd,041000090201,041000080401,11,True,041000080401
v01b_unit_pulse_assume_wbd,unit_pulse_no_time,assume_wbd,041000090201,041000030604,12,True,
v01b_unit_pulse_assume_wbd,unit_pulse_no_time,assume_wbd,041000090201,041000030702,12,True,
v01b_unit_pulse_assume_wbd,unit_pulse_no_time,assume_wbd,041000090201,041000030705,12,True,
v01b_unit_pulse_assume_wbd,unit_pulse_no_time,assume_wbd,041000090201,041000030706,12,True,
v01b_unit_pulse_assume_wbd,unit_pulse_no_time,assume_wbd,041000090201,041000030803,12,True,
v01b_unit_pulse_assume_wbd,unit_pulse_no_time,assume_wbd,041000090201,041000040504,12,True,
v01b_unit_pulse_assume_wbd,unit_pulse_no_time,assume_wbd,041000090201,041000060102,12,True,
v01b_unit_pulse_assume_wbd,unit_pulse_no_time,assume_wbd,041000090201,041000070301,12,True,
v01b_unit_pulse_assume_wbd,unit_pulse_no_time,assume_wbd,041000090201,041000080103,12,True,
v01b_unit_pulse_assume_wbd,unit_pulse_no_time,assume_wbd,041000090201,041000080104,12,True,041000080104
v01b_unit_pulse_assume_wbd,unit_pulse_no_time,assume_wbd,041000090201,041000030602,13,True,
v01b_unit_pulse_assume_wbd,unit_pulse_no_time,assume_wbd,041000090201,041000030603,13,True,
v01b_unit_pulse_assume_wbd,unit_pulse_no_time,assume_wbd,041000090201,041000030701,13,True,
v01b_unit_pulse_assume_wbd,unit_pulse_no_time,assume_wbd,041000090201,041000030703,13,True,
v01b_unit_pulse_assume_wbd,unit_pulse_no_time,assume_wbd,041000090201,041000030704,13,True,
v01b_unit_pulse_assume_wbd,unit_pulse_no_time,assume_wbd,041000090201,041000030802,13,True,
v01b_unit_pulse_assume_wbd,unit_pulse_no_time,assume_wbd,041000090201,041000040502,13,True,
v01b_unit_pulse_assume_wbd,unit_pulse_no_time,assume_wbd,041000090201,041000040503,13,True,
v01b_unit_pulse_assume_wbd,unit_pulse_no_time,assume_wbd,041000090201,041000060101,13,True,
v01b_unit_pulse_assume_wbd,unit_pulse_no_time,assume_wbd,041000090201,041000080102,13,True,
v01b_unit_pulse_assume_wbd,unit_pulse_no_time,assume_wbd,041000090201,041000030506,14,True,
v01b_unit_pulse_assume_wbd,unit_pulse_no_time,assume_wbd,041000090201,041000030601,14,True,
v01b_unit_pulse_assume_wbd,unit_pulse_no_time,assume_wbd,041000090201,041000030801,14,True,
v01b_unit_pulse_assume_wbd,unit_pulse_no_time,assume_wbd,041000090201,041000040408,14,True,
v01b_unit_pulse_assume_wbd,unit_pulse_no_time,assume_wbd,041000090201,041000040501,14,True,
v01b_unit_pulse_assume_wbd,unit_pulse_no_time,assume_wbd,041000090201,041000080101,14,True,
v01b_unit_pulse_assume_wbd,unit_pulse_no_time,assume_wbd,041000090201,041000030505,15,True,
v01b_unit_pulse_assume_wbd,unit_pulse_no_time,assume_wbd,041000090201,041000040305,15,True,
v01b_unit_pulse_assume_wbd,unit_pulse_no_time,assume_wbd,041000090201,041000040401,15,True,
v01b_unit_pulse_assume_wbd,unit_pulse_no_time,assume_wbd,041000090201,041000040405,15,True,
v01b_unit_pulse_assume_wbd,unit_pulse_no_time,assume_wbd,041000090201,041000040406,15,True,
v01b_unit_pulse_assume_wbd,unit_pulse_no_time,assume_wbd,041000090201,041000040407,15,True,
v01b_unit_pulse_assume_wbd,unit_pulse_no_time,assume_wbd,041000090201,041000030503,16,True,
v01b_unit_pulse_assume_wbd,unit_pulse_no_time,assume_wbd,041000090201,041000030504,16,True,
v01b_unit_pulse_assume_wbd,unit_pulse_no_time,assume_wbd,041000090201,041000040303,16,True,
v01b_unit_pulse_assume_wbd,unit_pulse_no_time,assume_wbd,041000090201,041000040304,16,True,
v01b_unit_pulse_assume_wbd,unit_pulse_no_time,assume_wbd,041000090201,041000040402,16,True,
v01b_unit_pulse_assume_wbd,unit_pulse_no_time,assume_wbd,041000090201,041000040403,16,True,
v01b_unit_pulse_assume_wbd,unit_pulse_no_time,assume_wbd,041000090201,041000040404,16,True,
v01b_unit_pulse_assume_wbd,unit_pulse_no_time,assume_wbd,041000090201,041000030406,17,True,
v01b_unit_pulse_assume_wbd,unit_pulse_no_time,assume_wbd,041000090201,041000030501,17,True,
v01b_unit_pulse_assume_wbd,unit_pulse_no_time,assume_wbd,041000090201,041000030502,17,True,
v01b_unit_pulse_assume_wbd,unit_pulse_no_time,assume_wbd,041000090201,041000040205,17,True,
v01b_unit_pulse_assume_wbd,unit_pulse_no_time,assume_wbd,041000090201,041000040302,17,True,
v01b_unit_pulse_assume_wbd,unit_pulse_no_time,assume_wbd,041000090201,041000030306,18,True,
v01b_unit_pulse_assume_wbd,unit_pulse_no_time,assume_wbd,041000090201,041000030404,18,True,
v01b_unit_pulse_assume_wbd,unit_pulse_no_time,assume_wbd,041000090201,041000030405,18,True,
v01b_unit_pulse_assume_wbd,unit_pulse_no_time,assume_wbd,041000090201,041000040106,18,True,
v01b_unit_pulse_assume_wbd,unit_pulse_no_time,assume_wbd,041000090201,041000040201,18,True,
v01b_unit_pulse_assume_wbd,unit_pulse_no_time,assume_wbd,041000090201,041000040202,18,True,
v01b_unit_pulse_assume_wbd,unit_pulse_no_time,assume_wbd,041000090201,041000040204,18,True,
v01b_unit_pulse_assume_wbd,unit_pulse_no_time,assume_wbd,041000090201,041000040301,18,True,
v01b_unit_pulse_assume_wbd,unit_pulse_no_time,assume_wbd,041000090201,041000030304,19,True,
v01b_unit_pulse_assume_wbd,unit_pulse_no_time,assume_wbd,041000090201,041000030305,19,True,
v01b_unit_pulse_assume_wbd,unit_pulse_no_time,assume_wbd,041000090201,041000030401,19,True,
v01b_unit_pulse_assume_wbd,unit_pulse_no_time,assume_wbd,041000090201,041000030402,19,True,
v01b_unit_pulse_assume_wbd,unit_pulse_no_time,assume_wbd,041000090201,041000030403,19,True,
v01b_unit_pulse_assume_wbd,unit_pulse_no_time,assume_wbd,041000090201,041000040103,19,True,
v01b_unit_pulse_assume_wbd,unit_pulse_no_time,assume_wbd,041000090201,041000040104,19,True,
v01b_unit_pulse_assume_wbd,unit_pulse_no_time,assume_wbd,041000090201,041000040105,19,True,
v01b_unit_pulse_assume_wbd,unit_pulse_no_time,assume_wbd,041000090201,041000040203,19,True,
v01b_unit_pulse_assume_wbd,unit_pulse_no_time,assume_wbd,041000090201,041000030301,20,True,
v01b_unit_pulse_assume_wbd,unit_pulse_no_time,assume_wbd,041000090201,041000030302,20,True,
v01b_unit_pulse_assume_wbd,unit_pulse_no_time,assume_wbd,041000090201,041000030303,20,True,041000030303
v01b_unit_pulse_assume_wbd,unit_pulse_no_time,assume_wbd,041000090201,041000040101,20,True,
v01b_unit_pulse_assume_wbd,unit_pulse_no_time,assume_wbd,041000090201,041000040102,20,True,041000040102
v01b_unit_pulse_assume_wbd,unit_pulse_no_time,assume_wbd,041000090201,041000030106,21,True,
v01b_unit_pulse_assume_wbd,unit_pulse_no_time,assume_wbd,041000090201,041000030204,21,True,041000030204
v01b_unit_pulse_assume_wbd,unit_pulse_no_time,assume_wbd,041000090201,041000030104,22,True,
v01b_unit_pulse_assume_wbd,unit_pulse_no_time,assume_wbd,041000090201,041000030105,22,True,
v01b_unit_pulse_assume_wbd,unit_pulse_no_time,assume_wbd,041000090201,041000030202,22,True,041000030204
v01b_unit_pulse_assume_wbd,unit_pulse_no_time,assume_wbd,041000090201,041000030203,22,True,041000030204
v01b_unit_pulse_assume_wbd,unit_pulse_no_time,assume_wbd,041000090201,041000030102,23,True,
v01b_unit_pulse_assume_wbd,unit_pulse_no_time,assume_wbd,041000090201,041000030103,23,True,041000030103
v01b_unit_pulse_assume_wbd,unit_pulse_no_time,assume_wbd,041000090201,041000030201,23,True,041000030204
v01b_unit_pulse_assume_wbd,unit_pulse_no_time,assume_wbd,041000090201,041000030101,24,True,
v01b_unit_pulse_assume_wbd,unit_pulse_no_time,assume_wbd,041000090202,041000090202,0,True,
v01b_unit_pulse_assume_wbd,unit_pulse_no_time,assume_wbd,041000090203,041000090203,0,True,
v01b_unit_pulse_assume_wbd,unit_pulse_no_time,assume_wbd,041000090203,041000090201,1,True,
v01b_unit_pulse_assume_wbd,unit_pulse_no_time,assume_wbd,041000090203,041000090202,1,True,
v01b_unit_pulse_assume_wbd,unit_pulse_no_time,assume_wbd,041000090203,041000050208,2,True,
v01b_unit_pulse_assume_wbd,unit_pulse_no_time,assume_wbd,041000090203,041000060604,2,True,
v01b_unit_pulse_assume_wbd,unit_pulse_no_time,assume_wbd,041000090203,041000071209,2,True,
v01b_unit_pulse_assume_wbd,unit_pulse_no_time,assume_wbd,041000090203,041000050207,3,True,
v01b_unit_pulse_assume_wbd,unit_pulse_no_time,assume_wbd,041000090203,041000060504,3,True,
v01b_unit_pulse_assume_wbd,unit_pulse_no_time,assume_wbd,041000090203,041000060602,3,True,
v01b_unit_pulse_assume_wbd,unit_pulse_no_time,assume_wbd,041000090203,041000060603,3,True,
v01b_unit_pulse_assume_wbd,unit_pulse_no_time,assume_wbd,041000090203,041000071005,3,True,
v01b_unit_pulse_assume_wbd,unit_pulse_no_time,assume_wbd,041000090203,041000071103,3,True,
v01b_unit_pulse_assume_wbd,unit_pulse_no_time,assume_wbd,041000090203,041000071206,3,True,
v01b_unit_pulse_assume_wbd,unit_pulse_no_time,assume_wbd,041000090203,041000071207,3,True,
v01b_unit_pulse_assume_wbd,unit_pulse_no_time,assume_wbd,041000090203,041000071208,3,True,
v01b_unit_pulse_assume_wbd,unit_pulse_no_time,assume_wbd,041000090203,041000050205,4,True,
v01b_unit_pulse_assume_wbd,unit_pulse_no_time,assume_wbd,041000090203,041000050206,4,True,
v01b_unit_pulse_assume_wbd,unit_pulse_no_time,assume_wbd,041000090203,041000060404,4,True,
v01b_unit_pulse_assume_wbd,unit_pulse_no_time,assume_wbd,041000090203,041000060503,4,True,
v01b_unit_pulse_assume_wbd,unit_pulse_no_time,assume_wbd,041000090203,041000060601,4,True,
v01b_unit_pulse_assume_wbd,unit_pulse_no_time,assume_wbd,041000090203,041000070806,4,True,
v01b_unit_pulse_assume_wbd,unit_pulse_no_time,assume_wbd,041000090203,041000070907,4,True,
v01b_unit_pulse_assume_wbd,unit_pulse_no_time,assume_wbd,041000090203,041000071004,4,True,
v01b_unit_pulse_assume_wbd,unit_pulse_no_time,assume_wbd,041000090203,041000071102,4,True,
v01b_unit_pulse_assume_wbd,unit_pulse_no_time,assume_wbd,041000090203,041000071205,4,True,
v01b_unit_pulse_assume_wbd,unit_pulse_no_time,assume_wbd,041000090203,041000050202,5,True,
v01b_unit_pulse_assume_wbd,unit_pulse_no_time,assume_wbd,041000090203,041000050203,5,True,
v01b_unit_pulse_assume_wbd,unit_pulse_no_time,assume_wbd,041000090203,041000050204,5,True,
v01b_unit_pulse_assume_wbd,unit_pulse_no_time,assume_wbd,041000090203,041000060303,5,True,
v01b_unit_pulse_assume_wbd,unit_pulse_no_time,assume_wbd,041000090203,041000060402,5,True,
v01b_unit_pulse_assume_wbd,unit_pulse_no_time,assume_wbd,041000090203,041000060403,5,True,
v01b_unit_pulse_assume_wbd,unit_pulse_no_time,assume_wbd,041000090203,041000060501,5,True,
v01b_unit_pulse_assume_wbd,unit_pulse_no_time,assume_wbd,041000090203,041000060502,5,True,
v01b_unit_pulse_assume_wbd,unit_pulse_no_time,assume_wbd,041000090203,041000070604,5,True,
v01b_unit_pulse_assume_wbd,unit_pulse_no_time,assume_wbd,041000090203,041000070703,5,True,
v01b_unit_pulse_assume_wbd,unit_pulse_no_time,assume_wbd,041000090203,041000070801,5,True,
v01b_unit_pulse_assume_wbd,unit_pulse_no_time,assume_wbd,041000090203,041000070805,5,True,
v01b_unit_pulse_assume_wbd,unit_pulse_no_time,assume_wbd,041000090203,041000070905,5,True,
v01b_unit_pulse_assume_wbd,unit_pulse_no_time,assume_wbd,041000090203,041000070906,5,True,
v01b_unit_pulse_assume_wbd,unit_pulse_no_time,assume_wbd,041000090203,041000071003,5,True,
v01b_unit_pulse_assume_wbd,unit_pulse_no_time,assume_wbd,041000090203,041000071101,5,True,
v01b_unit_pulse_assume_wbd,unit_pulse_no_time,assume_wbd,041000090203,041000071203,5,True,
v01b_unit_pulse_assume_wbd,unit_pulse_no_time,assume_wbd,041000090203,041000071204,5,True,
v01b_unit_pulse_assume_wbd,unit_pulse_no_time,assume_wbd,041000090203,041000050106,6,True,
v01b_unit_pulse_assume_wbd,unit_pulse_no_time,assume_wbd,041000090203,041000050201,6,True,
v01b_unit_pulse_assume_wbd,unit_pulse_no_time,assume_wbd,041000090203,041000060301,6,True,
v01b_unit_pulse_assume_wbd,unit_pulse_no_time,assume_wbd,041000090203,041000060302,6,True,
v01b_unit_pulse_assume_wbd,unit_pulse_no_time,assume_wbd,041000090203,041000060401,6,True,
v01b_unit_pulse_assume_wbd,unit_pulse_no_time,assume_wbd,041000090203,041000070603,6,True,
v01b_unit_pulse_assume_wbd,unit_pulse_no_time,assume_wbd,041000090203,041000070701,6,True,
v01b_unit_pulse_assume_wbd,unit_pulse_no_time,assume_wbd,041000090203,041000070702,6,True,
v01b_unit_pulse_assume_wbd,unit_pulse_no_time,assume_wbd,041000090203,041000070803,6,True,
v01b_unit_pulse_assume_wbd,unit_pulse_no_time,assume_wbd,041000090203,041000070804,6,True,
v01b_unit_pulse_assume_wbd,unit_pulse_no_time,assume_wbd,041000090203,041000070904,6,True,
v01b_unit_pulse_assume_wbd,unit_pulse_no_time,assume_wbd,041000090203,041000071002,6,True,
v01b_unit_pulse_assume_wbd,unit_pulse_no_time,assume_wbd,041000090203,041000071201,6,True,
v01b_unit_pulse_assume_wbd,unit_pulse_no_time,assume_wbd,041000090203,041000071202,6,True,
v01b_unit_pulse_assume_wbd,unit_pulse_no_time,assume_wbd,041000090203,041000080605,6,True,
v01b_unit_pulse_assume_wbd,unit_pulse_no_time,assume_wbd,041000090203,041000050104,7,True,
v01b_unit_pulse_assume_wbd,unit_pulse_no_time,assume_wbd,041000090203,041000050105,7,True,
v01b_unit_pulse_assume_wbd,unit_pulse_no_time,assume_wbd,041000090203,041000060205,7,True,
v01b_unit_pulse_assume_wbd,unit_pulse_no_time,assume_wbd,041000090203,041000070204,7,True,
v01b_unit_pulse_assume_wbd,unit_pulse_no_time,assume_wbd,041000090203,041000070503,7,True,
v01b_unit_pulse_assume_wbd,unit_pulse_no_time,assume_wbd,041000090203,041000070602,7,True,
v01b_unit_pulse_assume_wbd,unit_pulse_no_time,assume_wbd,041000090203,041000070802,7,True,
v01b_unit_pulse_assume_wbd,unit_pulse_no_time,assume_wbd,041000090203,041000070903,7,True,
v01b_unit_pulse_assume_wbd,unit_pulse_no_time,assume_wbd,041000090203,041000071001,7,True,041000071001
v01b_unit_pulse_assume_wbd,unit_pulse_no_time,assume_wbd,041000090203,041000080602,7,True,
v01b_unit_pulse_assume_wbd,unit_pulse_no_time,assume_wbd,041000090203,041000080603,7,True,
v01b_unit_pulse_assume_wbd,unit_pulse_no_time,assume_wbd,041000090203,041000080604,7,True,
v01b_unit_pulse_assume_wbd,unit_pulse_no_time,assume_wbd,041000090203,041000050103,8,True,
v01b_unit_pulse_assume_wbd,unit_pulse_no_time,assume_wbd,041000090203,041000060202,8,True,
v01b_unit_pulse_assume_wbd,unit_pulse_no_time,assume_wbd,041000090203,041000060203,8,True,
v01b_unit_pulse_assume_wbd,unit_pulse_no_time,assume_wbd,041000090203,041000060204,8,True,041000060204
v01b_unit_pulse_assume_wbd,unit_pulse_no_time,assume_wbd,041000090203,041000070203,8,True,
v01b_unit_pulse_assume_wbd,unit_pulse_no_time,assume_wbd,041000090203,041000070406,8,True,
v01b_unit_pulse_assume_wbd,unit_pulse_no_time,assume_wbd,041000090203,041000070501,8,True,
v01b_unit_pulse_assume_wbd,unit_pulse_no_time,assume_wbd,041000090203,041000070502,8,True,
v01b_unit_pulse_assume_wbd,unit_pulse_no_time,assume_wbd,041000090203,041000070601,8,True,
v01b_unit_pulse_assume_wbd,unit_pulse_no_time,assume_wbd,041000090203,041000070901,8,True,
v01b_unit_pulse_assume_wbd,unit_pulse_no_time,assume_wbd,041000090203,041000070902,8,True,
v01b_unit_pulse_assume_wbd,unit_pulse_no_time,assume_wbd,041000090203,041000080506,8,True,
v01b_unit_pulse_assume_wbd,unit_pulse_no_time,assume_wbd,041000090203,041000080601,8,True,
v01b_unit_pulse_assume_wbd,unit_pulse_no_time,assume_wbd,041000090203,041000050102,9,True,
v01b_unit_pulse_assume_wbd,unit_pulse_no_time,assume_wbd,041000090203,041000060201,9,True,
v01b_unit_pulse_assume_wbd,unit_pulse_no_time,assume_wbd,041000090203,041000070202,9,True,
v01b_unit_pulse_assume_wbd,unit_pulse_no_time,assume_wbd,041000090203,041000070402,9,True,
v01b_unit_pulse_assume_wbd,unit_pulse_no_time,assume_wbd,041000090203,041000070403,9,True,
v01b_unit_pulse_assume_wbd,unit_pulse_no_time,assume_wbd,041000090203,041000070404,9,True,
v01b_unit_pulse_assume_wbd,unit_pulse_no_time,assume_wbd,041000090203,041000070405,9,True,
v01b_unit_pulse_assume_wbd,unit_pulse_no_time,assume_wbd,041000090203,041000080304,9,True,
v01b_unit_pulse_assume_wbd,unit_pulse_no_time,assume_wbd,041000090203,041000080405,9,True,041000080405
v01b_unit_pulse_assume_wbd,unit_pulse_no_time,assume_wbd,041000090203,041000080502,9,True,
v01b_unit_pulse_assume_wbd,unit_pulse_no_time,assume_wbd,041000090203,041000080503,9,True,
v01b_unit_pulse_assume_wbd,unit_pulse_no_time,assume_wbd,041000090203,041000080504,9,True,
v01b_unit_pulse_assume_wbd,unit_pulse_no_time,assume_wbd,041000090203,041000080505,9,True,
v01b_unit_pulse_assume_wbd,unit_pulse_no_time,assume_wbd,041000090203,041000030806,10,True,
v01b_unit_pulse_assume_wbd,unit_pulse_no_time,assume_wbd,041000090203,041000040606,10,True,
v01b_unit_pulse_assume_wbd,unit_pulse_no_time,assume_wbd,041000090203,041000050101,10,True,
v01b_unit_pulse_assume_wbd,unit_pulse_no_time,assume_wbd,041000090203,041000060106,10,True,
v01b_unit_pulse_assume_wbd,unit_pulse_no_time,assume_wbd,041000090203,041000070105,10,True,
v01b_unit_pulse_assume_wbd,unit_pulse_no_time,assume_wbd,041000090203,041000070201,10,True,
v01b_unit_pulse_assume_wbd,unit_pulse_no_time,assume_wbd,041000090203,041000070306,10,True,
v01b_unit_pulse_assume_wbd,unit_pulse_no_time,assume_wbd,041000090203,041000070401,10,True,041000070401
v01b_unit_pulse_assume_wbd,unit_pulse_no_time,assume_wbd,041000090203,041000080205,10,True,
v01b_unit_pulse_assume_wbd,unit_pulse_no_time,assume_wbd,041000090203,041000080302,10,True,
v01b_unit_pulse_assume_wbd,unit_pulse_no_time,assume_wbd,041000090203,041000080303,10,True,
v01b_unit_pulse_assume_wbd,unit_pulse_no_time,assume_wbd,041000090203,041000080404,10,True,041000080405
v01b_unit_pulse_assume_wbd,unit_pulse_no_time,assume_wbd,041000090203,041000080501,10,True,
v01b_unit_pulse_assume_wbd,unit_pulse_no_time,assume_wbd,041000090203,041000030805,11,True,
v01b_unit_pulse_assume_wbd,unit_pulse_no_time,assume_wbd,041000090203,041000040604,11,True,
v01b_unit_pulse_assume_wbd,unit_pulse_no_time,assume_wbd,041000090203,041000040605,11,True,
v01b_unit_pulse_assume_wbd,unit_pulse_no_time,assume_wbd,041000090203,041000060104,11,True,
v01b_unit_pulse_assume_wbd,unit_pulse_no_time,assume_wbd,041000090203,041000060105,11,True,
v01b_unit_pulse_assume_wbd,unit_pulse_no_time,assume_wbd,041000090203,041000070103,11,True,
v01b_unit_pulse_assume_wbd,unit_pulse_no_time,assume_wbd,041000090203,041000070104,11,True,
v01b_unit_pulse_assume_wbd,unit_pulse_no_time,assume_wbd,041000090203,041000070304,11,True,
v01b_unit_pulse_assume_wbd,unit_pulse_no_time,assume_wbd,041000090203,041000070305,11,True,
v01b_unit_pulse_assume_wbd,unit_pulse_no_time,assume_wbd,041000090203,041000080203,11,True,
v01b_unit_pulse_assume_wbd,unit_pulse_no_time,assume_wbd,041000090203,041000080204,11,True,
v01b_unit_pulse_assume_wbd,unit_pulse_no_time,assume_wbd,041000090203,041000080301,11,True,
v01b_unit_pulse_assume_wbd,unit_pulse_no_time,assume_wbd,041000090203,041000080402,11,True,041000080405
v01b_unit_pulse_assume_wbd,unit_pulse_no_time,assume_wbd,041000090203,041000080403,11,True,041000080405
v01b_unit_pulse_assume_wbd,unit_pulse_no_time,assume_wbd,041000090203,041000030707,12,True,
v01b_unit_pulse_assume_wbd,unit_pulse_no_time,assume_wbd,041000090203,041000030804,12,True,
v01b_unit_pulse_assume_wbd,unit_pulse_no_time,assume_wbd,041000090203,041000040601,12,True,
v01b_unit_pulse_assume_wbd,unit_pulse_no_time,assume_wbd,041000090203,041000040602,12,True,
v01b_unit_pulse_assume_wbd,unit_pulse_no_time,assume_wbd,041000090203,041000040603,12,True,
v01b_unit_pulse_assume_wbd,unit_pulse_no_time,assume_wbd,041000090203,041000060103,12,True,
v01b_unit_pulse_assume_wbd,unit_pulse_no_time,assume_wbd,041000090203,041000070101,12,True,
v01b_unit_pulse_assume_wbd,unit_pulse_no_time,assume_wbd,041000090203,041000070102,12,True,041000070102
v01b_unit_pulse_assume_wbd,unit_pulse_no_time,assume_wbd,041000090203,041000070302,12,True,
v01b_unit_pulse_assume_wbd,unit_pulse_no_time,assume_wbd,041000090203,041000070303,12,True,
v01b_unit_pulse_assume_wbd,unit_pulse_no_time,assume_wbd,041000090203,041000080105,12,True,
v01b_unit_pulse_assume_wbd,unit_pulse_no_time,assume_wbd,041000090203,041000080201,12,True,
v01b_unit_pulse_assume_wbd,unit_pulse_no_time,assume_wbd,041000090203,041000080202,12,True,
v01b_unit_pulse_assume_wbd,unit_pulse_no_time,assume_wbd,041000090203,041000080401,12,True,041000080401
v01b_unit_pulse_assume_wbd,unit_pulse_no_time,assume_wbd,041000090203,041000030604,13,True,
v01b_unit_pulse_assume_wbd,unit_pulse_no_time,assume_wbd,041000090203,041000030702,13,True,
v01b_unit_pulse_assume_wbd,unit_pulse_no_time,assume_wbd,041000090203,041000030705,13,True,
v01b_unit_pulse_assume_wbd,unit_pulse_no_time,assume_wbd,041000090203,041000030706,13,True,
v01b_unit_pulse_assume_wbd,unit_pulse_no_time,assume_wbd,041000090203,041000030803,13,True,
v01b_unit_pulse_assume_wbd,unit_pulse_no_time,assume_wbd,041000090203,041000040504,13,True,
v01b_unit_pulse_assume_wbd,unit_pulse_no_time,assume_wbd,041000090203,041000060102,13,True,
v01b_unit_pulse_assume_wbd,unit_pulse_no_time,assume_wbd,041000090203,041000070301,13,True,
v01b_unit_pulse_assume_wbd,unit_pulse_no_time,assume_wbd,041000090203,041000080103,13,True,
v01b_unit_pulse_assume_wbd,unit_pulse_no_time,assume_wbd,041000090203,041000080104,13,True,041000080104
v01b_unit_pulse_assume_wbd,unit_pulse_no_time,assume_wbd,041000090203,041000030602,14,True,
v01b_unit_pulse_assume_wbd,unit_pulse_no_time,assume_wbd,041000090203,041000030603,14,True,
v01b_unit_pulse_assume_wbd,unit_pulse_no_time,assume_wbd,041000090203,041000030701,14,True,
v01b_unit_pulse_assume_wbd,unit_pulse_no_time,assume_wbd,041000090203,041000030703,14,True,
v01b_unit_pulse_assume_wbd,unit_pulse_no_time,assume_wbd,041000090203,041000030704,14,True,
v01b_unit_pulse_assume_wbd,unit_pulse_no_time,assume_wbd,041000090203,041000030802,14,True,
v01b_unit_pulse_assume_wbd,unit_pulse_no_time,assume_wbd,041000090203,041000040502,14,True,
v01b_unit_pulse_assume_wbd,unit_pulse_no_time,assume_wbd,041000090203,041000040503,14,True,
v01b_unit_pulse_assume_wbd,unit_pulse_no_time,assume_wbd,041000090203,041000060101,14,True,
v01b_unit_pulse_assume_wbd,unit_pulse_no_time,assume_wbd,041000090203,041000080102,14,True,
v01b_unit_pulse_assume_wbd,unit_pulse_no_time,assume_wbd,041000090203,041000030506,15,True,
v01b_unit_pulse_assume_wbd,unit_pulse_no_time,assume_wbd,041000090203,041000030601,15,True,
v01b_unit_pulse_assume_wbd,unit_pulse_no_time,assume_wbd,041000090203,041000030801,15,True,
v01b_unit_pulse_assume_wbd,unit_pulse_no_time,assume_wbd,041000090203,041000040408,15,True,
v01b_unit_pulse_assume_wbd,unit_pulse_no_time,assume_wbd,041000090203,041000040501,15,True,
v01b_unit_pulse_assume_wbd,unit_pulse_no_time,assume_wbd,041000090203,041000080101,15,True,
v01b_unit_pulse_assume_wbd,unit_pulse_no_time,assume_wbd,041000090203,041000030505,16,True,
v01b_unit_pulse_assume_wbd,unit_pulse_no_time,assume_wbd,041000090203,041000040305,16,True,
v01b_unit_pulse_assume_wbd,unit_pulse_no_time,assume_wbd,041000090203,041000040401,16,True,
v01b_unit_pulse_assume_wbd,unit_pulse_no_time,assume_wbd,041000090203,041000040405,16,True,
v01b_unit_pulse_assume_wbd,unit_pulse_no_time,assume_wbd,041000090203,041000040406,16,True,
v01b_unit_pulse_assume_wbd,unit_pulse_no_time,assume_wbd,041000090203,041000040407,16,True,
v01b_unit_pulse_assume_wbd,unit_pulse_no_time,assume_wbd,041000090203,041000030503,17,True,
v01b_unit_pulse_assume_wbd,unit_pulse_no_time,assume_wbd,041000090203,041000030504,17,True,
v01b_unit_pulse_assume_wbd,unit_pulse_no_time,assume_wbd,041000090203,041000040303,17,True,
v01b_unit_pulse_assume_wbd,unit_pulse_no_time,assume_wbd,041000090203,041000040304,17,True,
v01b_unit_pulse_assume_wbd,unit_pulse_no_time,assume_wbd,041000090203,041000040402,17,True,
v01b_unit_pulse_assume_wbd,unit_pulse_no_time,assume_wbd,041000090203,041000040403,17,True,
v01b_unit_pulse_assume_wbd,unit_pulse_no_time,assume_wbd,041000090203,041000040404,17,True,
v01b_unit_pulse_assume_wbd,unit_pulse_no_time,assume_wbd,041000090203,041000030406,18,True,
v01b_unit_pulse_assume_wbd,unit_pulse_no_time,assume_wbd,041000090203,041000030501,18,True,
v01b_unit_pulse_assume_wbd,unit_pulse_no_time,assume_wbd,041000090203,041000030502,18,True,
v01b_unit_pulse_assume_wbd,unit_pulse_no_time,assume_wbd,041000090203,041000040205,18,True,
v01b_unit_pulse_assume_wbd,unit_pulse_no_time,assume_wbd,041000090203,041000040302,18,True,
v01b_unit_pulse_assume_wbd,unit_pulse_no_time,assume_wbd,041000090203,041000030306,19,True,
v01b_unit_pulse_assume_wbd,unit_pulse_no_time,assume_wbd,041000090203,041000030404,19,True,
v01b_unit_pulse_assume_wbd,unit_pulse_no_time,assume_wbd,041000090203,041000030405,19,True,
v01b_unit_pulse_assume_wbd,unit_pulse_no_time,assume_wbd,041000090203,041000040106,19,True,
v01b_unit_pulse_assume_wbd,unit_pulse_no_time,assume_wbd,041000090203,041000040201,19,True,
v01b_unit_pulse_assume_wbd,unit_pulse_no_time,assume_wbd,041000090203,041000040202,19,True,
v01b_unit_pulse_assume_wbd,unit_pulse_no_time,assume_wbd,041000090203,041000040204,19,True,
v01b_unit_pulse_assume_wbd,unit_pulse_no_time,assume_wbd,041000090203,041000040301,19,True,
v01b_unit_pulse_assume_wbd,unit_pulse_no_time,assume_wbd,041000090203,041000030304,20,True,
v01b_unit_pulse_assume_wbd,unit_pulse_no_time,assume_wbd,041000090203,041000030305,20,True,
v01b_unit_pulse_assume_wbd,unit_pulse_no_time,assume_wbd,041000090203,041000030401,20,True,
v01b_unit_pulse_assume_wbd,unit_pulse_no_time,assume_wbd,041000090203,041000030402,20,True,
v01b_unit_pulse_assume_wbd,unit_pulse_no_time,assume_wbd,041000090203,041000030403,20,True,
v01b_unit_pulse_assume_wbd,unit_pulse_no_time,assume_wbd,041000090203,041000040103,20,True,
v01b_unit_pulse_assume_wbd,unit_pulse_no_time,assume_wbd,041000090203,041000040104,20,True,
v01b_unit_pulse_assume_wbd,unit_pulse_no_time,assume_wbd,041000090203,041000040105,20,True,
v01b_unit_pulse_assume_wbd,unit_pulse_no_time,assume_wbd,041000090203,041000040203,20,True,
v01b_unit_pulse_assume_wbd,unit_pulse_no_time,assume_wbd,041000090203,041000030301,21,True,
v01b_unit_pulse_assume_wbd,unit_pulse_no_time,assume_wbd,041000090203,041000030302,21,True,
v01b_unit_pulse_assume_wbd,unit_pulse_no_time,assume_wbd,041000090203,041000030303,21,True,041000030303
v01b_unit_pulse_assume_wbd,unit_pulse_no_time,assume_wbd,041000090203,041000040101,21,True,
v01b_unit_pulse_assume_wbd,unit_pulse_no_time,assume_wbd,041000090203,041000040102,21,True,041000040102
v01b_unit_pulse_assume_wbd,unit_pulse_no_time,assume_wbd,041000090203,041000030106,22,True,
v01b_unit_pulse_assume_wbd,unit_pulse_no_time,assume_wbd,041000090203,041000030204,22,True,041000030204
v01b_unit_pulse_assume_wbd,unit_pulse_no_time,assume_wbd,041000090203,041000030104,23,True,
v01b_unit_pulse_assume_wbd,unit_pulse_no_time,assume_wbd,041000090203,041000030105,23,True,
v01b_unit_pulse_assume_wbd,unit_pulse_no_time,assume_wbd,041000090203,041000030202,23,True,041000030204
v01b_unit_pulse_assume_wbd,unit_pulse_no_time,assume_wbd,041000090203,041000030203,23,True,041000030204
v01b_unit_pulse_assume_wbd,unit_pulse_no_time,assume_wbd,041000090203,041000030102,24,True,
v01b_unit_pulse_assume_wbd,unit_pulse_no_time,assume_wbd,041000090203,041000030103,24,True,041000030103
v01b_unit_pulse_assume_wbd,unit_pulse_no_time,assume_wbd,041000090203,041000030201,24,True,041000030204
v01b_unit_pulse_assume_wbd,unit_pulse_no_time,assume_wbd,041000090203,041000030101,25,True,
v01b_unit_pulse_assume_wbd,unit_pulse_no_time,assume_wbd,041000090204,041000090204,0,True,
v01b_unit_pulse_assume_wbd,unit_pulse_no_time,assume_wbd,041000090205,041000090205,0,True,
v01b_unit_pulse_assume_wbd,unit_pulse_no_time,assume_wbd,041000090206,041000090206,0,True,
v01b_unit_pulse_assume_wbd,unit_pulse_no_time,assume_wbd,041000090206,041000090203,1,True,
v01b_unit_pulse_assume_wbd,unit_pulse_no_time,assume_wbd,041000090206,041000090204,1,True,
v01b_unit_pulse_assume_wbd,unit_pulse_no_time,assume_wbd,041000090206,041000090205,1,True,
v01b_unit_pulse_assume_wbd,unit_pulse_no_time,assume_wbd,041000090206,041000090201,2,True,
v01b_unit_pulse_assume_wbd,unit_pulse_no_time,assume_wbd,041000090206,041000090202,2,True,
v01b_unit_pulse_assume_wbd,unit_pulse_no_time,assume_wbd,041000090206,041000050208,3,True,
v01b_unit_pulse_assume_wbd,unit_pulse_no_time,assume_wbd,041000090206,041000060604,3,True,
v01b_unit_pulse_assume_wbd,unit_pulse_no_time,assume_wbd,041000090206,041000071209,3,True,
v01b_unit_pulse_assume_wbd,unit_pulse_no_time,assume_wbd,041000090206,041000050207,4,True,
v01b_unit_pulse_assume_wbd,unit_pulse_no_time,assume_wbd,041000090206,041000060504,4,True,
v01b_unit_pulse_assume_wbd,unit_pulse_no_time,assume_wbd,041000090206,041000060602,4,True,
v01b_unit_pulse_assume_wbd,unit_pulse_no_time,assume_wbd,041000090206,041000060603,4,True,
v01b_unit_pulse_assume_wbd,unit_pulse_no_time,assume_wbd,041000090206,041000071005,4,True,
v01b_unit_pulse_assume_wbd,unit_pulse_no_time,assume_wbd,041000090206,041000071103,4,True,
v01b_unit_pulse_assume_wbd,unit_pulse_no_time,assume_wbd,041000090206,041000071206,4,True,
v01b_unit_pulse_assume_wbd,unit_pulse_no_time,assume_wbd,041000090206,041000071207,4,True,
v01b_unit_pulse_assume_wbd,unit_pulse_no_time,assume_wbd,041000090206,041000071208,4,True,
v01b_unit_pulse_assume_wbd,unit_pulse_no_time,assume_wbd,041000090206,041000050205,5,True,
v01b_unit_pulse_assume_wbd,unit_pulse_no_time,assume_wbd,041000090206,041000050206,5,True,
v01b_unit_pulse_assume_wbd,unit_pulse_no_time,assume_wbd,041000090206,041000060404,5,True,
v01b_unit_pulse_assume_wbd,unit_pulse_no_time,assume_wbd,041000090206,041000060503,5,True,
v01b_unit_pulse_assume_wbd,unit_pulse_no_time,assume_wbd,041000090206,041000060601,5,True,
v01b_unit_pulse_assume_wbd,unit_pulse_no_time,assume_wbd,041000090206,041000070806,5,True,
v01b_unit_pulse_assume_wbd,unit_pulse_no_time,assume_wbd,041000090206,041000070907,5,True,
v01b_unit_pulse_assume_wbd,unit_pulse_no_time,assume_wbd,041000090206,041000071004,5,True,
v01b_unit_pulse_assume_wbd,unit_pulse_no_time,assume_wbd,041000090206,041000071102,5,True,
v01b_unit_pulse_assume_wbd,unit_pulse_no_time,assume_wbd,041000090206,041000071205,5,True,
v01b_unit_pulse_assume_wbd,unit_pulse_no_time,assume_wbd,041000090206,041000050202,6,True,
v01b_unit_pulse_assume_wbd,unit_pulse_no_time,assume_wbd,041000090206,041000050203,6,True,
v01b_unit_pulse_assume_wbd,unit_pulse_no_time,assume_wbd,041000090206,041000050204,6,True,
v01b_unit_pulse_assume_wbd,unit_pulse_no_time,assume_wbd,041000090206,041000060303,6,True,
v01b_unit_pulse_assume_wbd,unit_pulse_no_time,assume_wbd,041000090206,041000060402,6,True,
v01b_unit_pulse_assume_wbd,unit_pulse_no_time,assume_wbd,041000090206,041000060403,6,True,
v01b_unit_pulse_assume_wbd,unit_pulse_no_time,assume_wbd,041000090206,041000060501,6,True,
v01b_unit_pulse_assume_wbd,unit_pulse_no_time,assume_wbd,041000090206,041000060502,6,True,
v01b_unit_pulse_assume_wbd,unit_pulse_no_time,assume_wbd,041000090206,041000070604,6,True,
v01b_unit_pulse_assume_wbd,unit_pulse_no_time,assume_wbd,041000090206,041000070703,6,True,
v01b_unit_pulse_assume_wbd,unit_pulse_no_time,assume_wbd,041000090206,041000070801,6,True,
v01b_unit_pulse_assume_wbd,unit_pulse_no_time,assume_wbd,041000090206,041000070805,6,True,
v01b_unit_pulse_assume_wbd,unit_pulse_no_time,assume_wbd,041000090206,041000070905,6,True,
v01b_unit_pulse_assume_wbd,unit_pulse_no_time,assume_wbd,041000090206,041000070906,6,True,
v01b_unit_pulse_assume_wbd,unit_pulse_no_time,assume_wbd,041000090206,041000071003,6,True,
v01b_unit_pulse_assume_wbd,unit_pulse_no_time,assume_wbd,041000090206,041000071101,6,True,
v01b_unit_pulse_assume_wbd,unit_pulse_no_time,assume_wbd,041000090206,041000071203,6,True,
v01b_unit_pulse_assume_wbd,unit_pulse_no_time,assume_wbd,041000090206,041000071204,6,True,
v01b_unit_pulse_assume_wbd,unit_pulse_no_time,assume_wbd,041000090206,041000050106,7,True,
v01b_unit_pulse_assume_wbd,unit_pulse_no_time,assume_wbd,041000090206,041000050201,7,True,
v01b_unit_pulse_assume_wbd,unit_pulse_no_time,assume_wbd,041000090206,041000060301,7,True,
v01b_unit_pulse_assume_wbd,unit_pulse_no_time,assume_wbd,041000090206,041000060302,7,True,
v01b_unit_pulse_assume_wbd,unit_pulse_no_time,assume_wbd,041000090206,041000060401,7,True,
v01b_unit_pulse_assume_wbd,unit_pulse_no_time,assume_wbd,041000090206,041000070603,7,True,
v01b_unit_pulse_assume_wbd,unit_pulse_no_time,assume_wbd,041000090206,041000070701,7,True,
v01b_unit_pulse_assume_wbd,unit_pulse_no_time,assume_wbd,041000090206,041000070702,7,True,
v01b_unit_pulse_assume_wbd,unit_pulse_no_time,assume_wbd,041000090206,041000070803,7,True,
v01b_unit_pulse_assume_wbd,unit_pulse_no_time,assume_wbd,041000090206,041000070804,7,True,
v01b_unit_pulse_assume_wbd,unit_pulse_no_time,assume_wbd,041000090206,041000070904,7,True,
v01b_unit_pulse_assume_wbd,unit_pulse_no_time,assume_wbd,041000090206,041000071002,7,True,
v01b_unit_pulse_assume_wbd,unit_pulse_no_time,assume_wbd,041000090206,041000071201,7,True,
v01b_unit_pulse_assume_wbd,unit_pulse_no_time,assume_wbd,041000090206,041000071202,7,True,
v01b_unit_pulse_assume_wbd,unit_pulse_no_time,assume_wbd,041000090206,041000080605,7,True,
v01b_unit_pulse_assume_wbd,unit_pulse_no_time,assume_wbd,041000090206,041000050104,8,True,
v01b_unit_pulse_assume_wbd,unit_pulse_no_time,assume_wbd,041000090206,041000050105,8,True,
v01b_unit_pulse_assume_wbd,unit_pulse_no_time,assume_wbd,041000090206,041000060205,8,True,
v01b_unit_pulse_assume_wbd,unit_pulse_no_time,assume_wbd,041000090206,041000070204,8,True,
v01b_unit_pulse_assume_wbd,unit_pulse_no_time,assume_wbd,041000090206,041000070503,8,True,
v01b_unit_pulse_assume_wbd,unit_pulse_no_time,assume_wbd,041000090206,041000070602,8,True,
v01b_unit_pulse_assume_wbd,unit_pulse_no_time,assume_wbd,041000090206,041000070802,8,True,
v01b_unit_pulse_assume_wbd,unit_pulse_no_time,assume_wbd,041000090206,041000070903,8,True,
v01b_unit_pulse_assume_wbd,unit_pulse_no_time,assume_wbd,041000090206,041000071001,8,True,041000071001
v01b_unit_pulse_assume_wbd,unit_pulse_no_time,assume_wbd,041000090206,041000080602,8,True,
v01b_unit_pulse_assume_wbd,unit_pulse_no_time,assume_wbd,041000090206,041000080603,8,True,
v01b_unit_pulse_assume_wbd,unit_pulse_no_time,assume_wbd,041000090206,041000080604,8,True,
v01b_unit_pulse_assume_wbd,unit_pulse_no_time,assume_wbd,041000090206,041000050103,9,True,
v01b_unit_pulse_assume_wbd,unit_pulse_no_time,assume_wbd,041000090206,041000060202,9,True,
v01b_unit_pulse_assume_wbd,unit_pulse_no_time,assume_wbd,041000090206,041000060203,9,True,
v01b_unit_pulse_assume_wbd,unit_pulse_no_time,assume_wbd,041000090206,041000060204,9,True,041000060204
v01b_unit_pulse_assume_wbd,unit_pulse_no_time,assume_wbd,041000090206,041000070203,9,True,
v01b_unit_pulse_assume_wbd,unit_pulse_no_time,assume_wbd,041000090206,041000070406,9,True,
v01b_unit_pulse_assume_wbd,unit_pulse_no_time,assume_wbd,041000090206,041000070501,9,True,
v01b_unit_pulse_assume_wbd,unit_pulse_no_time,assume_wbd,041000090206,041000070502,9,True,
v01b_unit_pulse_assume_wbd,unit_pulse_no_time,assume_wbd,041000090206,041000070601,9,True,
v01b_unit_pulse_assume_wbd,unit_pulse_no_time,assume_wbd,041000090206,041000070901,9,True,
v01b_unit_pulse_assume_wbd,unit_pulse_no_time,assume_wbd,041000090206,041000070902,9,True,
v01b_unit_pulse_assume_wbd,unit_pulse_no_time,assume_wbd,041000090206,041000080506,9,True,
v01b_unit_pulse_assume_wbd,unit_pulse_no_time,assume_wbd,041000090206,041000080601,9,True,
v01b_unit_pulse_assume_wbd,unit_pulse_no_time,assume_wbd,041000090206,041000050102,10,True,
v01b_unit_pulse_assume_wbd,unit_pulse_no_time,assume_wbd,041000090206,041000060201,10,True,
v01b_unit_pulse_assume_wbd,unit_pulse_no_time,assume_wbd,041000090206,041000070202,10,True,
v01b_unit_pulse_assume_wbd,unit_pulse_no_time,assume_wbd,041000090206,041000070402,10,True,
v01b_unit_pulse_assume_wbd,unit_pulse_no_time,assume_wbd,041000090206,041000070403,10,True,
v01b_unit_pulse_assume_wbd,unit_pulse_no_time,assume_wbd,041000090206,041000070404,10,True,
v01b_unit_pulse_assume_wbd,unit_pulse_no_time,assume_wbd,041000090206,041000070405,10,True,
v01b_unit_pulse_assume_wbd,unit_pulse_no_time,assume_wbd,041000090206,041000080304,10,True,
v01b_unit_pulse_assume_wbd,unit_pulse_no_time,assume_wbd,041000090206,041000080405,10,True,041000080405
v01b_unit_pulse_assume_wbd,unit_pulse_no_time,assume_wbd,041000090206,041000080502,10,True,
v01b_unit_pulse_assume_wbd,unit_pulse_no_time,assume_wbd,041000090206,041000080503,10,True,
v01b_unit_pulse_assume_wbd,unit_pulse_no_time,assume_wbd,041000090206,041000080504,10,True,
v01b_unit_pulse_assume_wbd,unit_pulse_no_time,assume_wbd,041000090206,041000080505,10,True,
v01b_unit_pulse_assume_wbd,unit_pulse_no_time,assume_wbd,041000090206,041000030806,11,True,
v01b_unit_pulse_assume_wbd,unit_pulse_no_time,assume_wbd,041000090206,041000040606,11,True,
v01b_unit_pulse_assume_wbd,unit_pulse_no_time,assume_wbd,041000090206,041000050101,11,True,
v01b_unit_pulse_assume_wbd,unit_pulse_no_time,assume_wbd,041000090206,041000060106,11,True,
v01b_unit_pulse_assume_wbd,unit_pulse_no_time,assume_wbd,041000090206,041000070105,11,True,
v01b_unit_pulse_assume_wbd,unit_pulse_no_time,assume_wbd,041000090206,041000070201,11,True,
v01b_unit_pulse_assume_wbd,unit_pulse_no_time,assume_wbd,041000090206,041000070306,11,True,
v01b_unit_pulse_assume_wbd,unit_pulse_no_time,assume_wbd,041000090206,041000070401,11,True,041000070401
v01b_unit_pulse_assume_wbd,unit_pulse_no_time,assume_wbd,041000090206,041000080205,11,True,
v01b_unit_pulse_assume_wbd,unit_pulse_no_time,assume_wbd,041000090206,041000080302,11,True,
v01b_unit_pulse_assume_wbd,unit_pulse_no_time,assume_wbd,041000090206,041000080303,11,True,
v01b_unit_pulse_assume_wbd,unit_pulse_no_time,assume_wbd,041000090206,041000080404,11,True,041000080405
v01b_unit_pulse_assume_wbd,unit_pulse_no_time,assume_wbd,041000090206,041000080501,11,True,
v01b_unit_pulse_assume_wbd,unit_pulse_no_time,assume_wbd,041000090206,041000030805,12,True,
v01b_unit_pulse_assume_wbd,unit_pulse_no_time,assume_wbd,041000090206,041000040604,12,True,
v01b_unit_pulse_assume_wbd,unit_pulse_no_time,assume_wbd,041000090206,041000040605,12,True,
v01b_unit_pulse_assume_wbd,unit_pulse_no_time,assume_wbd,041000090206,041000060104,12,True,
v01b_unit_pulse_assume_wbd,unit_pulse_no_time,assume_wbd,041000090206,041000060105,12,True,
v01b_unit_pulse_assume_wbd,unit_pulse_no_time,assume_wbd,041000090206,041000070103,12,True,
v01b_unit_pulse_assume_wbd,unit_pulse_no_time,assume_wbd,041000090206,041000070104,12,True,
v01b_unit_pulse_assume_wbd,unit_pulse_no_time,assume_wbd,041000090206,041000070304,12,True,
v01b_unit_pulse_assume_wbd,unit_pulse_no_time,assume_wbd,041000090206,041000070305,12,True,
v01b_unit_pulse_assume_wbd,unit_pulse_no_time,assume_wbd,041000090206,041000080203,12,True,
v01b_unit_pulse_assume_wbd,unit_pulse_no_time,assume_wbd,041000090206,041000080204,12,True,
v01b_unit_pulse_assume_wbd,unit_pulse_no_time,assume_wbd,041000090206,041000080301,12,True,
v01b_unit_pulse_assume_wbd,unit_pulse_no_time,assume_wbd,041000090206,041000080402,12,True,041000080405
v01b_unit_pulse_assume_wbd,unit_pulse_no_time,assume_wbd,041000090206,041000080403,12,True,041000080405
v01b_unit_pulse_assume_wbd,unit_pulse_no_time,assume_wbd,041000090206,041000030707,13,True,
v01b_unit_pulse_assume_wbd,unit_pulse_no_time,assume_wbd,041000090206,041000030804,13,True,
v01b_unit_pulse_assume_wbd,unit_pulse_no_time,assume_wbd,041000090206,041000040601,13,True,
v01b_unit_pulse_assume_wbd,unit_pulse_no_time,assume_wbd,041000090206,041000040602,13,True,
v01b_unit_pulse_assume_wbd,unit_pulse_no_time,assume_wbd,041000090206,041000040603,13,True,
v01b_unit_pulse_assume_wbd,unit_pulse_no_time,assume_wbd,041000090206,041000060103,13,True,
v01b_unit_pulse_assume_wbd,unit_pulse_no_time,assume_wbd,041000090206,041000070101,13,True,
v01b_unit_pulse_assume_wbd,unit_pulse_no_time,assume_wbd,041000090206,041000070102,13,True,041000070102
v01b_unit_pulse_assume_wbd,unit_pulse_no_time,assume_wbd,041000090206,041000070302,13,True,
v01b_unit_pulse_assume_wbd,unit_pulse_no_time,assume_wbd,041000090206,041000070303,13,True,
v01b_unit_pulse_assume_wbd,unit_pulse_no_time,assume_wbd,041000090206,041000080105,13,True,
v01b_unit_pulse_assume_wbd,unit_pulse_no_time,assume_wbd,041000090206,041000080201,13,True,
v01b_unit_pulse_assume_wbd,unit_pulse_no_time,assume_wbd,041000090206,041000080202,13,True,
v01b_unit_pulse_assume_wbd,unit_pulse_no_time,assume_wbd,041000090206,041000080401,13,True,041000080401
v01b_unit_pulse_assume_wbd,unit_pulse_no_time,assume_wbd,041000090206,041000030604,14,True,
v01b_unit_pulse_assume_wbd,unit_pulse_no_time,assume_wbd,041000090206,041000030702,14,True,
v01b_unit_pulse_assume_wbd,unit_pulse_no_time,assume_wbd,041000090206,041000030705,14,True,
v01b_unit_pulse_assume_wbd,unit_pulse_no_time,assume_wbd,041000090206,041000030706,14,True,
v01b_unit_pulse_assume_wbd,unit_pulse_no_time,assume_wbd,041000090206,041000030803,14,True,
v01b_unit_pulse_assume_wbd,unit_pulse_no_time,assume_wbd,041000090206,041000040504,14,True,
v01b_unit_pulse_assume_wbd,unit_pulse_no_time,assume_wbd,041000090206,041000060102,14,True,
v01b_unit_pulse_assume_wbd,unit_pulse_no_time,assume_wbd,041000090206,041000070301,14,True,
v01b_unit_pulse_assume_wbd,unit_pulse_no_time,assume_wbd,041000090206,041000080103,14,True,
v01b_unit_pulse_assume_wbd,unit_pulse_no_time,assume_wbd,041000090206,041000080104,14,True,041000080104
v01b_unit_pulse_assume_wbd,unit_pulse_no_time,assume_wbd,041000090206,041000030602,15,True,
v01b_unit_pulse_assume_wbd,unit_pulse_no_time,assume_wbd,041000090206,041000030603,15,True,
v01b_unit_pulse_assume_wbd,unit_pulse_no_time,assume_wbd,041000090206,041000030701,15,True,
v01b_unit_pulse_assume_wbd,unit_pulse_no_time,assume_wbd,041000090206,041000030703,15,True,
v01b_unit_pulse_assume_wbd,unit_pulse_no_time,assume_wbd,041000090206,041000030704,15,True,
v01b_unit_pulse_assume_wbd,unit_pulse_no_time,assume_wbd,041000090206,041000030802,15,True,
v01b_unit_pulse_assume_wbd,unit_pulse_no_time,assume_wbd,041000090206,041000040502,15,True,
v01b_unit_pulse_assume_wbd,unit_pulse_no_time,assume_wbd,041000090206,041000040503,15,True,
v01b_unit_pulse_assume_wbd,unit_pulse_no_time,assume_wbd,041000090206,041000060101,15,True,
v01b_unit_pulse_assume_wbd,unit_pulse_no_time,assume_wbd,041000090206,041000080102,15,True,
v01b_unit_pulse_assume_wbd,unit_pulse_no_time,assume_wbd,041000090206,041000030506,16,True,
v01b_unit_pulse_assume_wbd,unit_pulse_no_time,assume_wbd,041000090206,041000030601,16,True,
v01b_unit_pulse_assume_wbd,unit_pulse_no_time,assume_wbd,041000090206,041000030801,16,True,
v01b_unit_pulse_assume_wbd,unit_pulse_no_time,assume_wbd,041000090206,041000040408,16,True,
v01b_unit_pulse_assume_wbd,unit_pulse_no_time,assume_wbd,041000090206,041000040501,16,True,
v01b_unit_pulse_assume_wbd,unit_pulse_no_time,assume_wbd,041000090206,041000080101,16,True,
v01b_unit_pulse_assume_wbd,unit_pulse_no_time,assume_wbd,041000090206,041000030505,17,True,
v01b_unit_pulse_assume_wbd,unit_pulse_no_time,assume_wbd,041000090206,041000040305,17,True,
v01b_unit_pulse_assume_wbd,unit_pulse_no_time,assume_wbd,041000090206,041000040401,17,True,
v01b_unit_pulse_assume_wbd,unit_pulse_no_time,assume_wbd,041000090206,041000040405,17,True,
v01b_unit_pulse_assume_wbd,unit_pulse_no_time,assume_wbd,041000090206,041000040406,17,True,
v01b_unit_pulse_assume_wbd,unit_pulse_no_time,assume_wbd,041000090206,041000040407,17,True,
v01b_unit_pulse_assume_wbd,unit_pulse_no_time,assume_wbd,041000090206,041000030503,18,True,
v01b_unit_pulse_assume_wbd,unit_pulse_no_time,assume_wbd,041000090206,041000030504,18,True,
v01b_unit_pulse_assume_wbd,unit_pulse_no_time,assume_wbd,041000090206,041000040303,18,True,
v01b_unit_pulse_assume_wbd,unit_pulse_no_time,assume_wbd,041000090206,041000040304,18,True,
v01b_unit_pulse_assume_wbd,unit_pulse_no_time,assume_wbd,041000090206,041000040402,18,True,
v01b_unit_pulse_assume_wbd,unit_pulse_no_time,assume_wbd,041000090206,041000040403,18,True,
v01b_unit_pulse_assume_wbd,unit_pulse_no_time,assume_wbd,041000090206,041000040404,18,True,
v01b_unit_pulse_assume_wbd,unit_pulse_no_time,assume_wbd,041000090206,041000030406,19,True,
v01b_unit_pulse_assume_wbd,unit_pulse_no_time,assume_wbd,041000090206,041000030501,19,True,
v01b_unit_pulse_assume_wbd,unit_pulse_no_time,assume_wbd,041000090206,041000030502,19,True,
v01b_unit_pulse_assume_wbd,unit_pulse_no_time,assume_wbd,041000090206,041000040205,19,True,
v01b_unit_pulse_assume_wbd,unit_pulse_no_time,assume_wbd,041000090206,041000040302,19,True,
v01b_unit_pulse_assume_wbd,unit_pulse_no_time,assume_wbd,041000090206,041000030306,20,True,
v01b_unit_pulse_assume_wbd,unit_pulse_no_time,assume_wbd,041000090206,041000030404,20,True,
v01b_unit_pulse_assume_wbd,unit_pulse_no_time,assume_wbd,041000090206,041000030405,20,True,
v01b_unit_pulse_assume_wbd,unit_pulse_no_time,assume_wbd,041000090206,041000040106,20,True,
v01b_unit_pulse_assume_wbd,unit_pulse_no_time,assume_wbd,041000090206,041000040201,20,True,
v01b_unit_pulse_assume_wbd,unit_pulse_no_time,assume_wbd,041000090206,041000040202,20,True,
v01b_unit_pulse_assume_wbd,unit_pulse_no_time,assume_wbd,041000090206,041000040204,20,True,
v01b_unit_pulse_assume_wbd,unit_pulse_no_time,assume_wbd,041000090206,041000040301,20,True,
v01b_unit_pulse_assume_wbd,unit_pulse_no_time,assume_wbd,041000090206,041000030304,21,True,
v01b_unit_pulse_assume_wbd,unit_pulse_no_time,assume_wbd,041000090206,041000030305,21,True,
v01b_unit_pulse_assume_wbd,unit_pulse_no_time,assume_wbd,041000090206,041000030401,21,True,
v01b_unit_pulse_assume_wbd,unit_pulse_no_time,assume_wbd,041000090206,041000030402,21,True,
v01b_unit_pulse_assume_wbd,unit_pulse_no_time,assume_wbd,041000090206,041000030403,21,True,
v01b_unit_pulse_assume_wbd,unit_pulse_no_time,assume_wbd,041000090206,041000040103,21,True,
v01b_unit_pulse_assume_wbd,unit_pulse_no_time,assume_wbd,041000090206,041000040104,21,True,
v01b_unit_pulse_assume_wbd,unit_pulse_no_time,assume_wbd,041000090206,041000040105,21,True,
v01b_unit_pulse_assume_wbd,unit_pulse_no_time,assume_wbd,041000090206,041000040203,21,True,
v01b_unit_pulse_assume_wbd,unit_pulse_no_time,assume_wbd,041000090206,041000030301,22,True,
v01b_unit_pulse_assume_wbd,unit_pulse_no_time,assume_wbd,041000090206,041000030302,22,True,
v01b_unit_pulse_assume_wbd,unit_pulse_no_time,assume_wbd,041000090206,041000030303,22,True,041000030303
v01b_unit_pulse_assume_wbd,unit_pulse_no_time,assume_wbd,041000090206,041000040101,22,True,
v01b_unit_pulse_assume_wbd,unit_pulse_no_time,assume_wbd,041000090206,041000040102,22,True,041000040102
v01b_unit_pulse_assume_wbd,unit_pulse_no_time,assume_wbd,041000090206,041000030106,23,True,
v01b_unit_pulse_assume_wbd,unit_pulse_no_time,assume_wbd,041000090206,041000030204,23,True,041000030204
v01b_unit_pulse_assume_wbd,unit_pulse_no_time,assume_wbd,041000090206,041000030104,24,True,
v01b_unit_pulse_assume_wbd,unit_pulse_no_time,assume_wbd,041000090206,041000030105,24,True,
v01b_unit_pulse_assume_wbd,unit_pulse_no_time,assume_wbd,041000090206,041000030202,24,True,041000030204
v01b_unit_pulse_assume_wbd,unit_pulse_no_time,assume_wbd,041000090206,041000030203,24,True,041000030204
v01b_unit_pulse_assume_wbd,unit_pulse_no_time,assume_wbd,041000090206,041000030102,25,True,
v01b_unit_pulse_assume_wbd,unit_pulse_no_time,assume_wbd,041000090206,041000030103,25,True,041000030103
v01b_unit_pulse_assume_wbd,unit_pulse_no_time,assume_wbd,041000090206,041000030201,25,True,041000030204
v01b_unit_pulse_assume_wbd,unit_pulse_no_time,assume_wbd,041000090206,041000030101,26,True,
v01b_unit_pulse_assume_wbd,unit_pulse_no_time,assume_wbd,041000090207,041000090207,0,True,
v01b_unit_pulse_assume_wbd,unit_pulse_no_time,assume_wbd,041000090207,041000090106,1,True,
v01b_unit_pulse_assume_wbd,unit_pulse_no_time,assume_wbd,041000090207,041000090206,1,True,
v01b_unit_pulse_assume_wbd,unit_pulse_no_time,assume_wbd,041000090207,041000090104,2,True,
v01b_unit_pulse_assume_wbd,unit_pulse_no_time,assume_wbd,041000090207,041000090105,2,True,
v01b_unit_pulse_assume_wbd,unit_pulse_no_time,assume_wbd,041000090207,041000090203,2,True,
v01b_unit_pulse_assume_wbd,unit_pulse_no_time,assume_wbd,041000090207,041000090204,2,True,
v01b_unit_pulse_assume_wbd,unit_pulse_no_time,assume_wbd,041000090207,041000090205,2,True,
v01b_unit_pulse_assume_wbd,unit_pulse_no_time,assume_wbd,041000090207,041000090102,3,True,
v01b_unit_pulse_assume_wbd,unit_pulse_no_time,assume_wbd,041000090207,041000090103,3,True,
v01b_unit_pulse_assume_wbd,unit_pulse_no_time,assume_wbd,041000090207,041000090201,3,True,
v01b_unit_pulse_assume_wbd,unit_pulse_no_time,assume_wbd,041000090207,041000090202,3,True,
v01b_unit_pulse_assume_wbd,unit_pulse_no_time,assume_wbd,041000090207,041000050208,4,True,
v01b_unit_pulse_assume_wbd,unit_pulse_no_time,assume_wbd,041000090207,041000060604,4,True,
v01b_unit_pulse_assume_wbd,unit_pulse_no_time,assume_wbd,041000090207,041000071209,4,True,
v01b_unit_pulse_assume_wbd,unit_pulse_no_time,assume_wbd,041000090207,041000090101,4,True,
v01b_unit_pulse_assume_wbd,unit_pulse_no_time,assume_wbd,041000090207,041000050207,5,True,
v01b_unit_pulse_assume_wbd,unit_pulse_no_time,assume_wbd,041000090207,041000060504,5,True,
v01b_unit_pulse_assume_wbd,unit_pulse_no_time,assume_wbd,041000090207,041000060602,5,True,
v01b_unit_pulse_assume_wbd,unit_pulse_no_time,assume_wbd,041000090207,041000060603,5,True,
v01b_unit_pulse_assume_wbd,unit_pulse_no_time,assume_wbd,041000090207,041000071005,5,True,
v01b_unit_pulse_assume_wbd,unit_pulse_no_time,assume_wbd,041000090207,041000071103,5,True,
v01b_unit_pulse_assume_wbd,unit_pulse_no_time,assume_wbd,041000090207,041000071206,5,True,
v01b_unit_pulse_assume_wbd,unit_pulse_no_time,assume_wbd,041000090207,041000071207,5,True,
v01b_unit_pulse_assume_wbd,unit_pulse_no_time,assume_wbd,041000090207,041000071208,5,True,
v01b_unit_pulse_assume_wbd,unit_pulse_no_time,assume_wbd,041000090207,041000050205,6,True,
v01b_unit_pulse_assume_wbd,unit_pulse_no_time,assume_wbd,041000090207,041000050206,6,True,
v01b_unit_pulse_assume_wbd,unit_pulse_no_time,assume_wbd,041000090207,041000060404,6,True,
v01b_unit_pulse_assume_wbd,unit_pulse_no_time,assume_wbd,041000090207,041000060503,6,True,
v01b_unit_pulse_assume_wbd,unit_pulse_no_time,assume_wbd,041000090207,041000060601,6,True,
v01b_unit_pulse_assume_wbd,unit_pulse_no_time,assume_wbd,041000090207,041000070806,6,True,
v01b_unit_pulse_assume_wbd,unit_pulse_no_time,assume_wbd,041000090207,041000070907,6,True,
v01b_unit_pulse_assume_wbd,unit_pulse_no_time,assume_wbd,041000090207,041000071004,6,True,
v01b_unit_pulse_assume_wbd,unit_pulse_no_time,assume_wbd,041000090207,041000071102,6,True,
v01b_unit_pulse_assume_wbd,unit_pulse_no_time,assume_wbd,041000090207,041000071205,6,True,
v01b_unit_pulse_assume_wbd,unit_pulse_no_time,assume_wbd,041000090207,041000050202,7,True,
v01b_unit_pulse_assume_wbd,unit_pulse_no_time,assume_wbd,041000090207,041000050203,7,True,
v01b_unit_pulse_assume_wbd,unit_pulse_no_time,assume_wbd,041000090207,041000050204,7,True,
v01b_unit_pulse_assume_wbd,unit_pulse_no_time,assume_wbd,041000090207,041000060303,7,True,
v01b_unit_pulse_assume_wbd,unit_pulse_no_time,assume_wbd,041000090207,041000060402,7,True,
v01b_unit_pulse_assume_wbd,unit_pulse_no_time,assume_wbd,041000090207,041000060403,7,True,
v01b_unit_pulse_assume_wbd,unit_pulse_no_time,assume_wbd,041000090207,041000060501,7,True,
v01b_unit_pulse_assume_wbd,unit_pulse_no_time,assume_wbd,041000090207,041000060502,7,True,
v01b_unit_pulse_assume_wbd,unit_pulse_no_time,assume_wbd,041000090207,041000070604,7,True,
v01b_unit_pulse_assume_wbd,unit_pulse_no_time,assume_wbd,041000090207,041000070703,7,True,
v01b_unit_pulse_assume_wbd,unit_pulse_no_time,assume_wbd,041000090207,041000070801,7,True,
v01b_unit_pulse_assume_wbd,unit_pulse_no_time,assume_wbd,041000090207,041000070805,7,True,
v01b_unit_pulse_assume_wbd,unit_pulse_no_time,assume_wbd,041000090207,041000070905,7,True,
v01b_unit_pulse_assume_wbd,unit_pulse_no_time,assume_wbd,041000090207,041000070906,7,True,
v01b_unit_pulse_assume_wbd,unit_pulse_no_time,assume_wbd,041000090207,041000071003,7,True,
v01b_unit_pulse_assume_wbd,unit_pulse_no_time,assume_wbd,041000090207,041000071101,7,True,
v01b_unit_pulse_assume_wbd,unit_pulse_no_time,assume_wbd,041000090207,041000071203,7,True,
v01b_unit_pulse_assume_wbd,unit_pulse_no_time,assume_wbd,041000090207,041000071204,7,True,
v01b_unit_pulse_assume_wbd,unit_pulse_no_time,assume_wbd,041000090207,041000050106,8,True,
v01b_unit_pulse_assume_wbd,unit_pulse_no_time,assume_wbd,041000090207,041000050201,8,True,
v01b_unit_pulse_assume_wbd,unit_pulse_no_time,assume_wbd,041000090207,041000060301,8,True,
v01b_unit_pulse_assume_wbd,unit_pulse_no_time,assume_wbd,041000090207,041000060302,8,True,
v01b_unit_pulse_assume_wbd,unit_pulse_no_time,assume_wbd,041000090207,041000060401,8,True,
v01b_unit_pulse_assume_wbd,unit_pulse_no_time,assume_wbd,041000090207,041000070603,8,True,
v01b_unit_pulse_assume_wbd,unit_pulse_no_time,assume_wbd,041000090207,041000070701,8,True,
v01b_unit_pulse_assume_wbd,unit_pulse_no_time,assume_wbd,041000090207,041000070702,8,True,
v01b_unit_pulse_assume_wbd,unit_pulse_no_time,assume_wbd,041000090207,041000070803,8,True,
v01b_unit_pulse_assume_wbd,unit_pulse_no_time,assume_wbd,041000090207,041000070804,8,True,
v01b_unit_pulse_assume_wbd,unit_pulse_no_time,assume_wbd,041000090207,041000070904,8,True,
v01b_unit_pulse_assume_wbd,unit_pulse_no_time,assume_wbd,041000090207,041000071002,8,True,
v01b_unit_pulse_assume_wbd,unit_pulse_no_time,assume_wbd,041000090207,041000071201,8,True,
v01b_unit_pulse_assume_wbd,unit_pulse_no_time,assume_wbd,041000090207,041000071202,8,True,
v01b_unit_pulse_assume_wbd,unit_pulse_no_time,assume_wbd,041000090207,041000080605,8,True,
v01b_unit_pulse_assume_wbd,unit_pulse_no_time,assume_wbd,041000090207,041000050104,9,True,
v01b_unit_pulse_assume_wbd,unit_pulse_no_time,assume_wbd,041000090207,041000050105,9,True,
v01b_unit_pulse_assume_wbd,unit_pulse_no_time,assume_wbd,041000090207,041000060205,9,True,
v01b_unit_pulse_assume_wbd,unit_pulse_no_time,assume_wbd,041000090207,041000070204,9,True,
v01b_unit_pulse_assume_wbd,unit_pulse_no_time,assume_wbd,041000090207,041000070503,9,True,
v01b_unit_pulse_assume_wbd,unit_pulse_no_time,assume_wbd,041000090207,041000070602,9,True,
v01b_unit_pulse_assume_wbd,unit_pulse_no_time,assume_wbd,041000090207,041000070802,9,True,
v01b_unit_pulse_assume_wbd,unit_pulse_no_time,assume_wbd,041000090207,041000070903,9,True,
v01b_unit_pulse_assume_wbd,unit_pulse_no_time,assume_wbd,041000090207,041000071001,9,True,041000071001
v01b_unit_pulse_assume_wbd,unit_pulse_no_time,assume_wbd,041000090207,041000080602,9,True,
v01b_unit_pulse_assume_wbd,unit_pulse_no_time,assume_wbd,041000090207,041000080603,9,True,
v01b_unit_pulse_assume_wbd,unit_pulse_no_time,assume_wbd,041000090207,041000080604,9,True,
v01b_unit_pulse_assume_wbd,unit_pulse_no_time,assume_wbd,041000090207,041000050103,10,True,
v01b_unit_pulse_assume_wbd,unit_pulse_no_time,assume_wbd,041000090207,041000060202,10,True,
v01b_unit_pulse_assume_wbd,unit_pulse_no_time,assume_wbd,041000090207,041000060203,10,True,
v01b_unit_pulse_assume_wbd,unit_pulse_no_time,assume_wbd,041000090207,041000060204,10,True,041000060204
v01b_unit_pulse_assume_wbd,unit_pulse_no_time,assume_wbd,041000090207,041000070203,10,True,
v01b_unit_pulse_assume_wbd,unit_pulse_no_time,assume_wbd,041000090207,041000070406,10,True,
v01b_unit_pulse_assume_wbd,unit_pulse_no_time,assume_wbd,041000090207,041000070501,10,True,
v01b_unit_pulse_assume_wbd,unit_pulse_no_time,assume_wbd,041000090207,041000070502,10,True,
v01b_unit_pulse_assume_wbd,unit_pulse_no_time,assume_wbd,041000090207,041000070601,10,True,
v01b_unit_pulse_assume_wbd,unit_pulse_no_time,assume_wbd,041000090207,041000070901,10,True,
v01b_unit_pulse_assume_wbd,unit_pulse_no_time,assume_wbd,041000090207,041000070902,10,True,
v01b_unit_pulse_assume_wbd,unit_pulse_no_time,assume_wbd,041000090207,041000080506,10,True,
v01b_unit_pulse_assume_wbd,unit_pulse_no_time,assume_wbd,041000090207,041000080601,10,True,
v01b_unit_pulse_assume_wbd,unit_pulse_no_time,assume_wbd,041000090207,041000050102,11,True,
v01b_unit_pulse_assume_wbd,unit_pulse_no_time,assume_wbd,041000090207,041000060201,11,True,
v01b_unit_pulse_assume_wbd,unit_pulse_no_time,assume_wbd,041000090207,041000070202,11,True,
v01b_unit_pulse_assume_wbd,unit_pulse_no_time,assume_wbd,041000090207,041000070402,11,True,
v01b_unit_pulse_assume_wbd,unit_pulse_no_time,assume_wbd,041000090207,041000070403,11,True,
v01b_unit_pulse_assume_wbd,unit_pulse_no_time,assume_wbd,041000090207,041000070404,11,True,
v01b_unit_pulse_assume_wbd,unit_pulse_no_time,assume_wbd,041000090207,041000070405,11,True,
v01b_unit_pulse_assume_wbd,unit_pulse_no_time,assume_wbd,041000090207,041000080304,11,True,
v01b_unit_pulse_assume_wbd,unit_pulse_no_time,assume_wbd,041000090207,041000080405,11,True,041000080405
v01b_unit_pulse_assume_wbd,unit_pulse_no_time,assume_wbd,041000090207,041000080502,11,True,
v01b_unit_pulse_assume_wbd,unit_pulse_no_time,assume_wbd,041000090207,041000080503,11,True,
v01b_unit_pulse_assume_wbd,unit_pulse_no_time,assume_wbd,041000090207,041000080504,11,True,
v01b_unit_pulse_assume_wbd,unit_pulse_no_time,assume_wbd,041000090207,041000080505,11,True,
v01b_unit_pulse_assume_wbd,unit_pulse_no_time,assume_wbd,041000090207,041000030806,12,True,
v01b_unit_pulse_assume_wbd,unit_pulse_no_time,assume_wbd,041000090207,041000040606,12,True,
v01b_unit_pulse_assume_wbd,unit_pulse_no_time,assume_wbd,041000090207,041000050101,12,True,
v01b_unit_pulse_assume_wbd,unit_pulse_no_time,assume_wbd,041000090207,041000060106,12,True,
v01b_unit_pulse_assume_wbd,unit_pulse_no_time,assume_wbd,041000090207,041000070105,12,True,
v01b_unit_pulse_assume_wbd,unit_pulse_no_time,assume_wbd,041000090207,041000070201,12,True,
v01b_unit_pulse_assume_wbd,unit_pulse_no_time,assume_wbd,041000090207,041000070306,12,True,
v01b_unit_pulse_assume_wbd,unit_pulse_no_time,assume_wbd,041000090207,041000070401,12,True,041000070401
v01b_unit_pulse_assume_wbd,unit_pulse_no_time,assume_wbd,041000090207,041000080205,12,True,
v01b_unit_pulse_assume_wbd,unit_pulse_no_time,assume_wbd,041000090207,041000080302,12,True,
v01b_unit_pulse_assume_wbd,unit_pulse_no_time,assume_wbd,041000090207,041000080303,12,True,
v01b_unit_pulse_assume_wbd,unit_pulse_no_time,assume_wbd,041000090207,041000080404,12,True,041000080405
v01b_unit_pulse_assume_wbd,unit_pulse_no_time,assume_wbd,041000090207,041000080501,12,True,
v01b_unit_pulse_assume_wbd,unit_pulse_no_time,assume_wbd,041000090207,041000030805,13,True,
v01b_unit_pulse_assume_wbd,unit_pulse_no_time,assume_wbd,041000090207,041000040604,13,True,
v01b_unit_pulse_assume_wbd,unit_pulse_no_time,assume_wbd,041000090207,041000040605,13,True,
v01b_unit_pulse_assume_wbd,unit_pulse_no_time,assume_wbd,041000090207,041000060104,13,True,
v01b_unit_pulse_assume_wbd,unit_pulse_no_time,assume_wbd,041000090207,041000060105,13,True,
v01b_unit_pulse_assume_wbd,unit_pulse_no_time,assume_wbd,041000090207,041000070103,13,True,
v01b_unit_pulse_assume_wbd,unit_pulse_no_time,assume_wbd,041000090207,041000070104,13,True,
v01b_unit_pulse_assume_wbd,unit_pulse_no_time,assume_wbd,041000090207,041000070304,13,True,
v01b_unit_pulse_assume_wbd,unit_pulse_no_time,assume_wbd,041000090207,041000070305,13,True,
v01b_unit_pulse_assume_wbd,unit_pulse_no_time,assume_wbd,041000090207,041000080203,13,True,
v01b_unit_pulse_assume_wbd,unit_pulse_no_time,assume_wbd,041000090207,041000080204,13,True,
v01b_unit_pulse_assume_wbd,unit_pulse_no_time,assume_wbd,041000090207,041000080301,13,True,
v01b_unit_pulse_assume_wbd,unit_pulse_no_time,assume_wbd,041000090207,041000080402,13,True,041000080405
v01b_unit_pulse_assume_wbd,unit_pulse_no_time,assume_wbd,041000090207,041000080403,13,True,041000080405
v01b_unit_pulse_assume_wbd,unit_pulse_no_time,assume_wbd,041000090207,041000030707,14,True,
v01b_unit_pulse_assume_wbd,unit_pulse_no_time,assume_wbd,041000090207,041000030804,14,True,
v01b_unit_pulse_assume_wbd,unit_pulse_no_time,assume_wbd,041000090207,041000040601,14,True,
v01b_unit_pulse_assume_wbd,unit_pulse_no_time,assume_wbd,041000090207,041000040602,14,True,
v01b_unit_pulse_assume_wbd,unit_pulse_no_time,assume_wbd,041000090207,041000040603,14,True,
v01b_unit_pulse_assume_wbd,unit_pulse_no_time,assume_wbd,041000090207,041000060103,14,True,
v01b_unit_pulse_assume_wbd,unit_pulse_no_time,assume_wbd,041000090207,041000070101,14,True,
v01b_unit_pulse_assume_wbd,unit_pulse_no_time,assume_wbd,041000090207,041000070102,14,True,041000070102
v01b_unit_pulse_assume_wbd,unit_pulse_no_time,assume_wbd,041000090207,041000070302,14,True,
v01b_unit_pulse_assume_wbd,unit_pulse_no_time,assume_wbd,041000090207,041000070303,14,True,
v01b_unit_pulse_assume_wbd,unit_pulse_no_time,assume_wbd,041000090207,041000080105,14,True,
v01b_unit_pulse_assume_wbd,unit_pulse_no_time,assume_wbd,041000090207,041000080201,14,True,
v01b_unit_pulse_assume_wbd,unit_pulse_no_time,assume_wbd,041000090207,041000080202,14,True,
v01b_unit_pulse_assume_wbd,unit_pulse_no_time,assume_wbd,041000090207,041000080401,14,True,041000080401
v01b_unit_pulse_assume_wbd,unit_pulse_no_time,assume_wbd,041000090207,041000030604,15,True,
v01b_unit_pulse_assume_wbd,unit_pulse_no_time,assume_wbd,041000090207,041000030702,15,True,
v01b_unit_pulse_assume_wbd,unit_pulse_no_time,assume_wbd,041000090207,041000030705,15,True,
v01b_unit_pulse_assume_wbd,unit_pulse_no_time,assume_wbd,041000090207,041000030706,15,True,
v01b_unit_pulse_assume_wbd,unit_pulse_no_time,assume_wbd,041000090207,041000030803,15,True,
v01b_unit_pulse_assume_wbd,unit_pulse_no_time,assume_wbd,041000090207,041000040504,15,True,
v01b_unit_pulse_assume_wbd,unit_pulse_no_time,assume_wbd,041000090207,041000060102,15,True,
v01b_unit_pulse_assume_wbd,unit_pulse_no_time,assume_wbd,041000090207,041000070301,15,True,
v01b_unit_pulse_assume_wbd,unit_pulse_no_time,assume_wbd,041000090207,041000080103,15,True,
v01b_unit_pulse_assume_wbd,unit_pulse_no_time,assume_wbd,041000090207,041000080104,15,True,041000080104
v01b_unit_pulse_assume_wbd,unit_pulse_no_time,assume_wbd,041000090207,041000030602,16,True,
v01b_unit_pulse_assume_wbd,unit_pulse_no_time,assume_wbd,041000090207,041000030603,16,True,
v01b_unit_pulse_assume_wbd,unit_pulse_no_time,assume_wbd,041000090207,041000030701,16,True,
v01b_unit_pulse_assume_wbd,unit_pulse_no_time,assume_wbd,041000090207,041000030703,16,True,
v01b_unit_pulse_assume_wbd,unit_pulse_no_time,assume_wbd,041000090207,041000030704,16,True,
v01b_unit_pulse_assume_wbd,unit_pulse_no_time,assume_wbd,041000090207,041000030802,16,True,
v01b_unit_pulse_assume_wbd,unit_pulse_no_time,assume_wbd,041000090207,041000040502,16,True,
v01b_unit_pulse_assume_wbd,unit_pulse_no_time,assume_wbd,041000090207,041000040503,16,True,
v01b_unit_pulse_assume_wbd,unit_pulse_no_time,assume_wbd,041000090207,041000060101,16,True,
v01b_unit_pulse_assume_wbd,unit_pulse_no_time,assume_wbd,041000090207,041000080102,16,True,
v01b_unit_pulse_assume_wbd,unit_pulse_no_time,assume_wbd,041000090207,041000030506,17,True,
v01b_unit_pulse_assume_wbd,unit_pulse_no_time,assume_wbd,041000090207,041000030601,17,True,
v01b_unit_pulse_assume_wbd,unit_pulse_no_time,assume_wbd,041000090207,041000030801,17,True,
v01b_unit_pulse_assume_wbd,unit_pulse_no_time,assume_wbd,041000090207,041000040408,17,True,
v01b_unit_pulse_assume_wbd,unit_pulse_no_time,assume_wbd,041000090207,041000040501,17,True,
v01b_unit_pulse_assume_wbd,unit_pulse_no_time,assume_wbd,041000090207,041000080101,17,True,
v01b_unit_pulse_assume_wbd,unit_pulse_no_time,assume_wbd,041000090207,041000030505,18,True,
v01b_unit_pulse_assume_wbd,unit_pulse_no_time,assume_wbd,041000090207,041000040305,18,True,
v01b_unit_pulse_assume_wbd,unit_pulse_no_time,assume_wbd,041000090207,041000040401,18,True,
v01b_unit_pulse_assume_wbd,unit_pulse_no_time,assume_wbd,041000090207,041000040405,18,True,
v01b_unit_pulse_assume_wbd,unit_pulse_no_time,assume_wbd,041000090207,041000040406,18,True,
v01b_unit_pulse_assume_wbd,unit_pulse_no_time,assume_wbd,041000090207,041000040407,18,True,
v01b_unit_pulse_assume_wbd,unit_pulse_no_time,assume_wbd,041000090207,041000030503,19,True,
v01b_unit_pulse_assume_wbd,unit_pulse_no_time,assume_wbd,041000090207,041000030504,19,True,
v01b_unit_pulse_assume_wbd,unit_pulse_no_time,assume_wbd,041000090207,041000040303,19,True,
v01b_unit_pulse_assume_wbd,unit_pulse_no_time,assume_wbd,041000090207,041000040304,19,True,
v01b_unit_pulse_assume_wbd,unit_pulse_no_time,assume_wbd,041000090207,041000040402,19,True,
v01b_unit_pulse_assume_wbd,unit_pulse_no_time,assume_wbd,041000090207,041000040403,19,True,
v01b_unit_pulse_assume_wbd,unit_pulse_no_time,assume_wbd,041000090207,041000040404,19,True,
v01b_unit_pulse_assume_wbd,unit_pulse_no_time,assume_wbd,041000090207,041000030406,20,True,
v01b_unit_pulse_assume_wbd,unit_pulse_no_time,assume_wbd,041000090207,041000030501,20,True,
v01b_unit_pulse_assume_wbd,unit_pulse_no_time,assume_wbd,041000090207,041000030502,20,True,
v01b_unit_pulse_assume_wbd,unit_pulse_no_time,assume_wbd,041000090207,041000040205,20,True,
v01b_unit_pulse_assume_wbd,unit_pulse_no_time,assume_wbd,041000090207,041000040302,20,True,
v01b_unit_pulse_assume_wbd,unit_pulse_no_time,assume_wbd,041000090207,041000030306,21,True,
v01b_unit_pulse_assume_wbd,unit_pulse_no_time,assume_wbd,041000090207,041000030404,21,True,
v01b_unit_pulse_assume_wbd,unit_pulse_no_time,assume_wbd,041000090207,041000030405,21,True,
v01b_unit_pulse_assume_wbd,unit_pulse_no_time,assume_wbd,041000090207,041000040106,21,True,
v01b_unit_pulse_assume_wbd,unit_pulse_no_time,assume_wbd,041000090207,041000040201,21,True,
v01b_unit_pulse_assume_wbd,unit_pulse_no_time,assume_wbd,041000090207,041000040202,21,True,
v01b_unit_pulse_assume_wbd,unit_pulse_no_time,assume_wbd,041000090207,041000040204,21,True,
v01b_unit_pulse_assume_wbd,unit_pulse_no_time,assume_wbd,041000090207,041000040301,21,True,
v01b_unit_pulse_assume_wbd,unit_pulse_no_time,assume_wbd,041000090207,041000030304,22,True,
v01b_unit_pulse_assume_wbd,unit_pulse_no_time,assume_wbd,041000090207,041000030305,22,True,
v01b_unit_pulse_assume_wbd,unit_pulse_no_time,assume_wbd,041000090207,041000030401,22,True,
v01b_unit_pulse_assume_wbd,unit_pulse_no_time,assume_wbd,041000090207,041000030402,22,True,
v01b_unit_pulse_assume_wbd,unit_pulse_no_time,assume_wbd,041000090207,041000030403,22,True,
v01b_unit_pulse_assume_wbd,unit_pulse_no_time,assume_wbd,041000090207,041000040103,22,True,
v01b_unit_pulse_assume_wbd,unit_pulse_no_time,assume_wbd,041000090207,041000040104,22,True,
v01b_unit_pulse_assume_wbd,unit_pulse_no_time,assume_wbd,041000090207,041000040105,22,True,
v01b_unit_pulse_assume_wbd,unit_pulse_no_time,assume_wbd,041000090207,041000040203,22,True,
v01b_unit_pulse_assume_wbd,unit_pulse_no_time,assume_wbd,041000090207,041000030301,23,True,
v01b_unit_pulse_assume_wbd,unit_pulse_no_time,assume_wbd,041000090207,041000030302,23,True,
v01b_unit_pulse_assume_wbd,unit_pulse_no_time,assume_wbd,041000090207,041000030303,23,True,041000030303
v01b_unit_pulse_assume_wbd,unit_pulse_no_time,assume_wbd,041000090207,041000040101,23,True,
v01b_unit_pulse_assume_wbd,unit_pulse_no_time,assume_wbd,041000090207,041000040102,23,True,041000040102
v01b_unit_pulse_assume_wbd,unit_pulse_no_time,assume_wbd,041000090207,041000030106,24,True,
v01b_unit_pulse_assume_wbd,unit_pulse_no_time,assume_wbd,041000090207,041000030204,24,True,041000030204
v01b_unit_pulse_assume_wbd,unit_pulse_no_time,assume_wbd,041000090207,041000030104,25,True,
v01b_unit_pulse_assume_wbd,unit_pulse_no_time,assume_wbd,041000090207,041000030105,25,True,
v01b_unit_pulse_assume_wbd,unit_pulse_no_time,assume_wbd,041000090207,041000030202,25,True,041000030204
v01b_unit_pulse_assume_wbd,unit_pulse_no_time,assume_wbd,041000090207,041000030203,25,True,041000030204
v01b_unit_pulse_assume_wbd,unit_pulse_no_time,assume_wbd,041000090207,041000030102,26,True,
v01b_unit_pulse_assume_wbd,unit_pulse_no_time,assume_wbd,041000090207,041000030103,26,True,041000030103
v01b_unit_pulse_assume_wbd,unit_pulse_no_time,assume_wbd,041000090207,041000030201,26,True,041000030204
v01b_unit_pulse_assume_wbd,unit_pulse_no_time,assume_wbd,041000090207,041000030101,27,True,
v01b_unit_pulse_assume_wbd,unit_pulse_no_time,assume_wbd,041000090301,041000090301,0,True,
v01b_unit_pulse_assume_wbd,unit_pulse_no_time,assume_wbd,041000090302,041000090302,0,True,
v01b_unit_pulse_assume_wbd,unit_pulse_no_time,assume_wbd,041000090302,041000090301,1,True,
v01b_unit_pulse_assume_wbd,unit_pulse_no_time,assume_wbd,041000090401,041000090401,0,True,
v01b_unit_pulse_assume_wbd,unit_pulse_no_time,assume_wbd,041000090402,041000090402,0,True,
v01b_unit_pulse_assume_wbd,unit_pulse_no_time,assume_wbd,041000090402,041000090401,1,True,
v01b_unit_pulse_assume_wbd,unit_pulse_no_time,assume_wbd,041000090403,041000090403,0,True,
v01b_unit_pulse_assume_wbd,unit_pulse_no_time,assume_wbd,041000090403,041000090207,1,True,
v01b_unit_pulse_assume_wbd,unit_pulse_no_time,assume_wbd,041000090403,041000090302,1,True,
v01b_unit_pulse_assume_wbd,unit_pulse_no_time,assume_wbd,041000090403,041000090402,1,True,041000090402
v01b_unit_pulse_assume_wbd,unit_pulse_no_time,assume_wbd,041000090403,041000090106,2,True,
v01b_unit_pulse_assume_wbd,unit_pulse_no_time,assume_wbd,041000090403,041000090206,2,True,
v01b_unit_pulse_assume_wbd,unit_pulse_no_time,assume_wbd,041000090403,041000090301,2,True,
v01b_unit_pulse_assume_wbd,unit_pulse_no_time,assume_wbd,041000090403,041000090401,2,True,041000090402
v01b_unit_pulse_assume_wbd,unit_pulse_no_time,assume_wbd,041000090403,041000090104,3,True,
v01b_unit_pulse_assume_wbd,unit_pulse_no_time,assume_wbd,041000090403,041000090105,3,True,
v01b_unit_pulse_assume_wbd,unit_pulse_no_time,assume_wbd,041000090403,041000090203,3,True,
v01b_unit_pulse_assume_wbd,unit_pulse_no_time,assume_wbd,041000090403,041000090204,3,True,
v01b_unit_pulse_assume_wbd,unit_pulse_no_time,assume_wbd,041000090403,041000090205,3,True,
v01b_unit_pulse_assume_wbd,unit_pulse_no_time,assume_wbd,041000090403,041000090102,4,True,
v01b_unit_pulse_assume_wbd,unit_pulse_no_time,assume_wbd,041000090403,041000090103,4,True,
v01b_unit_pulse_assume_wbd,unit_pulse_no_time,assume_wbd,041000090403,041000090201,4,True,
v01b_unit_pulse_assume_wbd,unit_pulse_no_time,assume_wbd,041000090403,041000090202,4,True,
v01b_unit_pulse_assume_wbd,unit_pulse_no_time,assume_wbd,041000090403,041000050208,5,True,
v01b_unit_pulse_assume_wbd,unit_pulse_no_time,assume_wbd,041000090403,041000060604,5,True,
v01b_unit_pulse_assume_wbd,unit_pulse_no_time,assume_wbd,041000090403,041000071209,5,True,
v01b_unit_pulse_assume_wbd,unit_pulse_no_time,assume_wbd,041000090403,041000090101,5,True,
v01b_unit_pulse_assume_wbd,unit_pulse_no_time,assume_wbd,041000090403,041000050207,6,True,
v01b_unit_pulse_assume_wbd,unit_pulse_no_time,assume_wbd,041000090403,041000060504,6,True,
v01b_unit_pulse_assume_wbd,unit_pulse_no_time,assume_wbd,041000090403,041000060602,6,True,
v01b_unit_pulse_assume_wbd,unit_pulse_no_time,assume_wbd,041000090403,041000060603,6,True,
v01b_unit_pulse_assume_wbd,unit_pulse_no_time,assume_wbd,041000090403,041000071005,6,True,
v01b_unit_pulse_assume_wbd,unit_pulse_no_time,assume_wbd,041000090403,041000071103,6,True,
v01b_unit_pulse_assume_wbd,unit_pulse_no_time,assume_wbd,041000090403,041000071206,6,True,
v01b_unit_pulse_assume_wbd,unit_pulse_no_time,assume_wbd,041000090403,041000071207,6,True,
v01b_unit_pulse_assume_wbd,unit_pulse_no_time,assume_wbd,041000090403,041000071208,6,True,
v01b_unit_pulse_assume_wbd,unit_pulse_no_time,assume_wbd,041000090403,041000050205,7,True,
v01b_unit_pulse_assume_wbd,unit_pulse_no_time,assume_wbd,041000090403,041000050206,7,True,
v01b_unit_pulse_assume_wbd,unit_pulse_no_time,assume_wbd,041000090403,041000060404,7,True,
v01b_unit_pulse_assume_wbd,unit_pulse_no_time,assume_wbd,041000090403,041000060503,7,True,
v01b_unit_pulse_assume_wbd,unit_pulse_no_time,assume_wbd,041000090403,041000060601,7,True,
v01b_unit_pulse_assume_wbd,unit_pulse_no_time,assume_wbd,041000090403,041000070806,7,True,
v01b_unit_pulse_assume_wbd,unit_pulse_no_time,assume_wbd,041000090403,041000070907,7,True,
v01b_unit_pulse_assume_wbd,unit_pulse_no_time,assume_wbd,041000090403,041000071004,7,True,
v01b_unit_pulse_assume_wbd,unit_pulse_no_time,assume_wbd,041000090403,041000071102,7,True,
v01b_unit_pulse_assume_wbd,unit_pulse_no_time,assume_wbd,041000090403,041000071205,7,True,
v01b_unit_pulse_assume_wbd,unit_pulse_no_time,assume_wbd,041000090403,041000050202,8,True,
v01b_unit_pulse_assume_wbd,unit_pulse_no_time,assume_wbd,041000090403,041000050203,8,True,
v01b_unit_pulse_assume_wbd,unit_pulse_no_time,assume_wbd,041000090403,041000050204,8,True,
v01b_unit_pulse_assume_wbd,unit_pulse_no_time,assume_wbd,041000090403,041000060303,8,True,
v01b_unit_pulse_assume_wbd,unit_pulse_no_time,assume_wbd,041000090403,041000060402,8,True,
v01b_unit_pulse_assume_wbd,unit_pulse_no_time,assume_wbd,041000090403,041000060403,8,True,
v01b_unit_pulse_assume_wbd,unit_pulse_no_time,assume_wbd,041000090403,041000060501,8,True,
v01b_unit_pulse_assume_wbd,unit_pulse_no_time,assume_wbd,041000090403,041000060502,8,True,
v01b_unit_pulse_assume_wbd,unit_pulse_no_time,assume_wbd,041000090403,041000070604,8,True,
v01b_unit_pulse_assume_wbd,unit_pulse_no_time,assume_wbd,041000090403,041000070703,8,True,
v01b_unit_pulse_assume_wbd,unit_pulse_no_time,assume_wbd,041000090403,041000070801,8,True,
v01b_unit_pulse_assume_wbd,unit_pulse_no_time,assume_wbd,041000090403,041000070805,8,True,
v01b_unit_pulse_assume_wbd,unit_pulse_no_time,assume_wbd,041000090403,041000070905,8,True,
v01b_unit_pulse_assume_wbd,unit_pulse_no_time,assume_wbd,041000090403,041000070906,8,True,
v01b_unit_pulse_assume_wbd,unit_pulse_no_time,assume_wbd,041000090403,041000071003,8,True,
v01b_unit_pulse_assume_wbd,unit_pulse_no_time,assume_wbd,041000090403,041000071101,8,True,
v01b_unit_pulse_assume_wbd,unit_pulse_no_time,assume_wbd,041000090403,041000071203,8,True,
v01b_unit_pulse_assume_wbd,unit_pulse_no_time,assume_wbd,041000090403,041000071204,8,True,
v01b_unit_pulse_assume_wbd,unit_pulse_no_time,assume_wbd,041000090403,041000050106,9,True,
v01b_unit_pulse_assume_wbd,unit_pulse_no_time,assume_wbd,041000090403,041000050201,9,True,
v01b_unit_pulse_assume_wbd,unit_pulse_no_time,assume_wbd,041000090403,041000060301,9,True,
v01b_unit_pulse_assume_wbd,unit_pulse_no_time,assume_wbd,041000090403,041000060302,9,True,
v01b_unit_pulse_assume_wbd,unit_pulse_no_time,assume_wbd,041000090403,041000060401,9,True,
v01b_unit_pulse_assume_wbd,unit_pulse_no_time,assume_wbd,041000090403,041000070603,9,True,
v01b_unit_pulse_assume_wbd,unit_pulse_no_time,assume_wbd,041000090403,041000070701,9,True,
v01b_unit_pulse_assume_wbd,unit_pulse_no_time,assume_wbd,041000090403,041000070702,9,True,
v01b_unit_pulse_assume_wbd,unit_pulse_no_time,assume_wbd,041000090403,041000070803,9,True,
v01b_unit_pulse_assume_wbd,unit_pulse_no_time,assume_wbd,041000090403,041000070804,9,True,
v01b_unit_pulse_assume_wbd,unit_pulse_no_time,assume_wbd,041000090403,041000070904,9,True,
v01b_unit_pulse_assume_wbd,unit_pulse_no_time,assume_wbd,041000090403,041000071002,9,True,
v01b_unit_pulse_assume_wbd,unit_pulse_no_time,assume_wbd,041000090403,041000071201,9,True,
v01b_unit_pulse_assume_wbd,unit_pulse_no_time,assume_wbd,041000090403,041000071202,9,True,
v01b_unit_pulse_assume_wbd,unit_pulse_no_time,assume_wbd,041000090403,041000080605,9,True,
v01b_unit_pulse_assume_wbd,unit_pulse_no_time,assume_wbd,041000090403,041000050104,10,True,
v01b_unit_pulse_assume_wbd,unit_pulse_no_time,assume_wbd,041000090403,041000050105,10,True,
v01b_unit_pulse_assume_wbd,unit_pulse_no_time,assume_wbd,041000090403,041000060205,10,True,
v01b_unit_pulse_assume_wbd,unit_pulse_no_time,assume_wbd,041000090403,041000070204,10,True,
v01b_unit_pulse_assume_wbd,unit_pulse_no_time,assume_wbd,041000090403,041000070503,10,True,
v01b_unit_pulse_assume_wbd,unit_pulse_no_time,assume_wbd,041000090403,041000070602,10,True,
v01b_unit_pulse_assume_wbd,unit_pulse_no_time,assume_wbd,041000090403,041000070802,10,True,
v01b_unit_pulse_assume_wbd,unit_pulse_no_time,assume_wbd,041000090403,041000070903,10,True,
v01b_unit_pulse_assume_wbd,unit_pulse_no_time,assume_wbd,041000090403,041000071001,10,True,041000071001
v01b_unit_pulse_assume_wbd,unit_pulse_no_time,assume_wbd,041000090403,041000080602,10,True,
v01b_unit_pulse_assume_wbd,unit_pulse_no_time,assume_wbd,041000090403,041000080603,10,True,
v01b_unit_pulse_assume_wbd,unit_pulse_no_time,assume_wbd,041000090403,041000080604,10,True,
v01b_unit_pulse_assume_wbd,unit_pulse_no_time,assume_wbd,041000090403,041000050103,11,True,
v01b_unit_pulse_assume_wbd,unit_pulse_no_time,assume_wbd,041000090403,041000060202,11,True,
v01b_unit_pulse_assume_wbd,unit_pulse_no_time,assume_wbd,041000090403,041000060203,11,True,
v01b_unit_pulse_assume_wbd,unit_pulse_no_time,assume_wbd,041000090403,041000060204,11,True,041000060204
v01b_unit_pulse_assume_wbd,unit_pulse_no_time,assume_wbd,041000090403,041000070203,11,True,
v01b_unit_pulse_assume_wbd,unit_pulse_no_time,assume_wbd,041000090403,041000070406,11,True,
v01b_unit_pulse_assume_wbd,unit_pulse_no_time,assume_wbd,041000090403,041000070501,11,True,
v01b_unit_pulse_assume_wbd,unit_pulse_no_time,assume_wbd,041000090403,041000070502,11,True,
v01b_unit_pulse_assume_wbd,unit_pulse_no_time,assume_wbd,041000090403,041000070601,11,True,
v01b_unit_pulse_assume_wbd,unit_pulse_no_time,assume_wbd,041000090403,041000070901,11,True,
v01b_unit_pulse_assume_wbd,unit_pulse_no_time,assume_wbd,041000090403,041000070902,11,True,
v01b_unit_pulse_assume_wbd,unit_pulse_no_time,assume_wbd,041000090403,041000080506,11,True,
v01b_unit_pulse_assume_wbd,unit_pulse_no_time,assume_wbd,041000090403,041000080601,11,True,
v01b_unit_pulse_assume_wbd,unit_pulse_no_time,assume_wbd,041000090403,041000050102,12,True,
v01b_unit_pulse_assume_wbd,unit_pulse_no_time,assume_wbd,041000090403,041000060201,12,True,
v01b_unit_pulse_assume_wbd,unit_pulse_no_time,assume_wbd,041000090403,041000070202,12,True,
v01b_unit_pulse_assume_wbd,unit_pulse_no_time,assume_wbd,041000090403,041000070402,12,True,
v01b_unit_pulse_assume_wbd,unit_pulse_no_time,assume_wbd,041000090403,041000070403,12,True,
v01b_unit_pulse_assume_wbd,unit_pulse_no_time,assume_wbd,041000090403,041000070404,12,True,
v01b_unit_pulse_assume_wbd,unit_pulse_no_time,assume_wbd,041000090403,041000070405,12,True,
v01b_unit_pulse_assume_wbd,unit_pulse_no_time,assume_wbd,041000090403,041000080304,12,True,
v01b_unit_pulse_assume_wbd,unit_pulse_no_time,assume_wbd,041000090403,041000080405,12,True,041000080405
v01b_unit_pulse_assume_wbd,unit_pulse_no_time,assume_wbd,041000090403,041000080502,12,True,
v01b_unit_pulse_assume_wbd,unit_pulse_no_time,assume_wbd,041000090403,041000080503,12,True,
v01b_unit_pulse_assume_wbd,unit_pulse_no_time,assume_wbd,041000090403,041000080504,12,True,
v01b_unit_pulse_assume_wbd,unit_pulse_no_time,assume_wbd,041000090403,041000080505,12,True,
v01b_unit_pulse_assume_wbd,unit_pulse_no_time,assume_wbd,041000090403,041000030806,13,True,
v01b_unit_pulse_assume_wbd,unit_pulse_no_time,assume_wbd,041000090403,041000040606,13,True,
v01b_unit_pulse_assume_wbd,unit_pulse_no_time,assume_wbd,041000090403,041000050101,13,True,
v01b_unit_pulse_assume_wbd,unit_pulse_no_time,assume_wbd,041000090403,041000060106,13,True,
v01b_unit_pulse_assume_wbd,unit_pulse_no_time,assume_wbd,041000090403,041000070105,13,True,
v01b_unit_pulse_assume_wbd,unit_pulse_no_time,assume_wbd,041000090403,041000070201,13,True,
v01b_unit_pulse_assume_wbd,unit_pulse_no_time,assume_wbd,041000090403,041000070306,13,True,
v01b_unit_pulse_assume_wbd,unit_pulse_no_time,assume_wbd,041000090403,041000070401,13,True,041000070401
v01b_unit_pulse_assume_wbd,unit_pulse_no_time,assume_wbd,041000090403,041000080205,13,True,
v01b_unit_pulse_assume_wbd,unit_pulse_no_time,assume_wbd,041000090403,041000080302,13,True,
v01b_unit_pulse_assume_wbd,unit_pulse_no_time,assume_wbd,041000090403,041000080303,13,True,
v01b_unit_pulse_assume_wbd,unit_pulse_no_time,assume_wbd,041000090403,041000080404,13,True,041000080405
v01b_unit_pulse_assume_wbd,unit_pulse_no_time,assume_wbd,041000090403,041000080501,13,True,
v01b_unit_pulse_assume_wbd,unit_pulse_no_time,assume_wbd,041000090403,041000030805,14,True,
v01b_unit_pulse_assume_wbd,unit_pulse_no_time,assume_wbd,041000090403,041000040604,14,True,
v01b_unit_pulse_assume_wbd,unit_pulse_no_time,assume_wbd,041000090403,041000040605,14,True,
v01b_unit_pulse_assume_wbd,unit_pulse_no_time,assume_wbd,041000090403,041000060104,14,True,
v01b_unit_pulse_assume_wbd,unit_pulse_no_time,assume_wbd,041000090403,041000060105,14,True,
v01b_unit_pulse_assume_wbd,unit_pulse_no_time,assume_wbd,041000090403,041000070103,14,True,
v01b_unit_pulse_assume_wbd,unit_pulse_no_time,assume_wbd,041000090403,041000070104,14,True,
v01b_unit_pulse_assume_wbd,unit_pulse_no_time,assume_wbd,041000090403,041000070304,14,True,
v01b_unit_pulse_assume_wbd,unit_pulse_no_time,assume_wbd,041000090403,041000070305,14,True,
v01b_unit_pulse_assume_wbd,unit_pulse_no_time,assume_wbd,041000090403,041000080203,14,True,
v01b_unit_pulse_assume_wbd,unit_pulse_no_time,assume_wbd,041000090403,041000080204,14,True,
v01b_unit_pulse_assume_wbd,unit_pulse_no_time,assume_wbd,041000090403,041000080301,14,True,
v01b_unit_pulse_assume_wbd,unit_pulse_no_time,assume_wbd,041000090403,041000080402,14,True,041000080405
v01b_unit_pulse_assume_wbd,unit_pulse_no_time,assume_wbd,041000090403,041000080403,14,True,041000080405
v01b_unit_pulse_assume_wbd,unit_pulse_no_time,assume_wbd,041000090403,041000030707,15,True,
v01b_unit_pulse_assume_wbd,unit_pulse_no_time,assume_wbd,041000090403,041000030804,15,True,
v01b_unit_pulse_assume_wbd,unit_pulse_no_time,assume_wbd,041000090403,041000040601,15,True,
v01b_unit_pulse_assume_wbd,unit_pulse_no_time,assume_wbd,041000090403,041000040602,15,True,
v01b_unit_pulse_assume_wbd,unit_pulse_no_time,assume_wbd,041000090403,041000040603,15,True,
v01b_unit_pulse_assume_wbd,unit_pulse_no_time,assume_wbd,041000090403,041000060103,15,True,
v01b_unit_pulse_assume_wbd,unit_pulse_no_time,assume_wbd,041000090403,041000070101,15,True,
v01b_unit_pulse_assume_wbd,unit_pulse_no_time,assume_wbd,041000090403,041000070102,15,True,041000070102
v01b_unit_pulse_assume_wbd,unit_pulse_no_time,assume_wbd,041000090403,041000070302,15,True,
v01b_unit_pulse_assume_wbd,unit_pulse_no_time,assume_wbd,041000090403,041000070303,15,True,
v01b_unit_pulse_assume_wbd,unit_pulse_no_time,assume_wbd,041000090403,041000080105,15,True,
v01b_unit_pulse_assume_wbd,unit_pulse_no_time,assume_wbd,041000090403,041000080201,15,True,
v01b_unit_pulse_assume_wbd,unit_pulse_no_time,assume_wbd,041000090403,041000080202,15,True,
v01b_unit_pulse_assume_wbd,unit_pulse_no_time,assume_wbd,041000090403,041000080401,15,True,041000080401
v01b_unit_pulse_assume_wbd,unit_pulse_no_time,assume_wbd,041000090403,041000030604,16,True,
v01b_unit_pulse_assume_wbd,unit_pulse_no_time,assume_wbd,041000090403,041000030702,16,True,
v01b_unit_pulse_assume_wbd,unit_pulse_no_time,assume_wbd,041000090403,041000030705,16,True,
v01b_unit_pulse_assume_wbd,unit_pulse_no_time,assume_wbd,041000090403,041000030706,16,True,
v01b_unit_pulse_assume_wbd,unit_pulse_no_time,assume_wbd,041000090403,041000030803,16,True,
v01b_unit_pulse_assume_wbd,unit_pulse_no_time,assume_wbd,041000090403,041000040504,16,True,
v01b_unit_pulse_assume_wbd,unit_pulse_no_time,assume_wbd,041000090403,041000060102,16,True,
v01b_unit_pulse_assume_wbd,unit_pulse_no_time,assume_wbd,041000090403,041000070301,16,True,
v01b_unit_pulse_assume_wbd,unit_pulse_no_time,assume_wbd,041000090403,041000080103,16,True,
v01b_unit_pulse_assume_wbd,unit_pulse_no_time,assume_wbd,041000090403,041000080104,16,True,041000080104
v01b_unit_pulse_assume_wbd,unit_pulse_no_time,assume_wbd,041000090403,041000030602,17,True,
v01b_unit_pulse_assume_wbd,unit_pulse_no_time,assume_wbd,041000090403,041000030603,17,True,
v01b_unit_pulse_assume_wbd,unit_pulse_no_time,assume_wbd,041000090403,041000030701,17,True,
v01b_unit_pulse_assume_wbd,unit_pulse_no_time,assume_wbd,041000090403,041000030703,17,True,
v01b_unit_pulse_assume_wbd,unit_pulse_no_time,assume_wbd,041000090403,041000030704,17,True,
v01b_unit_pulse_assume_wbd,unit_pulse_no_time,assume_wbd,041000090403,041000030802,17,True,
v01b_unit_pulse_assume_wbd,unit_pulse_no_time,assume_wbd,041000090403,041000040502,17,True,
v01b_unit_pulse_assume_wbd,unit_pulse_no_time,assume_wbd,041000090403,041000040503,17,True,
v01b_unit_pulse_assume_wbd,unit_pulse_no_time,assume_wbd,041000090403,041000060101,17,True,
v01b_unit_pulse_assume_wbd,unit_pulse_no_time,assume_wbd,041000090403,041000080102,17,True,
v01b_unit_pulse_assume_wbd,unit_pulse_no_time,assume_wbd,041000090403,041000030506,18,True,
v01b_unit_pulse_assume_wbd,unit_pulse_no_time,assume_wbd,041000090403,041000030601,18,True,
v01b_unit_pulse_assume_wbd,unit_pulse_no_time,assume_wbd,041000090403,041000030801,18,True,
v01b_unit_pulse_assume_wbd,unit_pulse_no_time,assume_wbd,041000090403,041000040408,18,True,
v01b_unit_pulse_assume_wbd,unit_pulse_no_time,assume_wbd,041000090403,041000040501,18,True,
v01b_unit_pulse_assume_wbd,unit_pulse_no_time,assume_wbd,041000090403,041000080101,18,True,
v01b_unit_pulse_assume_wbd,unit_pulse_no_time,assume_wbd,041000090403,041000030505,19,True,
v01b_unit_pulse_assume_wbd,unit_pulse_no_time,assume_wbd,041000090403,041000040305,19,True,
v01b_unit_pulse_assume_wbd,unit_pulse_no_time,assume_wbd,041000090403,041000040401,19,True,
v01b_unit_pulse_assume_wbd,unit_pulse_no_time,assume_wbd,041000090403,041000040405,19,True,
v01b_unit_pulse_assume_wbd,unit_pulse_no_time,assume_wbd,041000090403,041000040406,19,True,
v01b_unit_pulse_assume_wbd,unit_pulse_no_time,assume_wbd,041000090403,041000040407,19,True,
v01b_unit_pulse_assume_wbd,unit_pulse_no_time,assume_wbd,041000090403,041000030503,20,True,
v01b_unit_pulse_assume_wbd,unit_pulse_no_time,assume_wbd,041000090403,041000030504,20,True,
v01b_unit_pulse_assume_wbd,unit_pulse_no_time,assume_wbd,041000090403,041000040303,20,True,
v01b_unit_pulse_assume_wbd,unit_pulse_no_time,assume_wbd,041000090403,041000040304,20,True,
v01b_unit_pulse_assume_wbd,unit_pulse_no_time,assume_wbd,041000090403,041000040402,20,True,
v01b_unit_pulse_assume_wbd,unit_pulse_no_time,assume_wbd,041000090403,041000040403,20,True,
v01b_unit_pulse_assume_wbd,unit_pulse_no_time,assume_wbd,041000090403,041000040404,20,True,
v01b_unit_pulse_assume_wbd,unit_pulse_no_time,assume_wbd,041000090403,041000030406,21,True,
v01b_unit_pulse_assume_wbd,unit_pulse_no_time,assume_wbd,041000090403,041000030501,21,True,
v01b_unit_pulse_assume_wbd,unit_pulse_no_time,assume_wbd,041000090403,041000030502,21,True,
v01b_unit_pulse_assume_wbd,unit_pulse_no_time,assume_wbd,041000090403,041000040205,21,True,
v01b_unit_pulse_assume_wbd,unit_pulse_no_time,assume_wbd,041000090403,041000040302,21,True,
v01b_unit_pulse_assume_wbd,unit_pulse_no_time,assume_wbd,041000090403,041000030306,22,True,
v01b_unit_pulse_assume_wbd,unit_pulse_no_time,assume_wbd,041000090403,041000030404,22,True,
v01b_unit_pulse_assume_wbd,unit_pulse_no_time,assume_wbd,041000090403,041000030405,22,True,
v01b_unit_pulse_assume_wbd,unit_pulse_no_time,assume_wbd,041000090403,041000040106,22,True,
v01b_unit_pulse_assume_wbd,unit_pulse_no_time,assume_wbd,041000090403,041000040201,22,True,
v01b_unit_pulse_assume_wbd,unit_pulse_no_time,assume_wbd,041000090403,041000040202,22,True,
v01b_unit_pulse_assume_wbd,unit_pulse_no_time,assume_wbd,041000090403,041000040204,22,True,
v01b_unit_pulse_assume_wbd,unit_pulse_no_time,assume_wbd,041000090403,041000040301,22,True,
v01b_unit_pulse_assume_wbd,unit_pulse_no_time,assume_wbd,041000090403,041000030304,23,True,
v01b_unit_pulse_assume_wbd,unit_pulse_no_time,assume_wbd,041000090403,041000030305,23,True,
v01b_unit_pulse_assume_wbd,unit_pulse_no_time,assume_wbd,041000090403,041000030401,23,True,
v01b_unit_pulse_assume_wbd,unit_pulse_no_time,assume_wbd,041000090403,041000030402,23,True,
v01b_unit_pulse_assume_wbd,unit_pulse_no_time,assume_wbd,041000090403,041000030403,23,True,
v01b_unit_pulse_assume_wbd,unit_pulse_no_time,assume_wbd,041000090403,041000040103,23,True,
v01b_unit_pulse_assume_wbd,unit_pulse_no_time,assume_wbd,041000090403,041000040104,23,True,
v01b_unit_pulse_assume_wbd,unit_pulse_no_time,assume_wbd,041000090403,041000040105,23,True,
v01b_unit_pulse_assume_wbd,unit_pulse_no_time,assume_wbd,041000090403,041000040203,23,True,
v01b_unit_pulse_assume_wbd,unit_pulse_no_time,assume_wbd,041000090403,041000030301,24,True,
v01b_unit_pulse_assume_wbd,unit_pulse_no_time,assume_wbd,041000090403,041000030302,24,True,
v01b_unit_pulse_assume_wbd,unit_pulse_no_time,assume_wbd,041000090403,041000030303,24,True,041000030303
v01b_unit_pulse_assume_wbd,unit_pulse_no_time,assume_wbd,041000090403,041000040101,24,True,
v01b_unit_pulse_assume_wbd,unit_pulse_no_time,assume_wbd,041000090403,041000040102,24,True,041000040102
v01b_unit_pulse_assume_wbd,unit_pulse_no_time,assume_wbd,041000090403,041000030106,25,True,
v01b_unit_pulse_assume_wbd,unit_pulse_no_time,assume_wbd,041000090403,041000030204,25,True,041000030204
v01b_unit_pulse_assume_wbd,unit_pulse_no_time,assume_wbd,041000090403,041000030104,26,True,
v01b_unit_pulse_assume_wbd,unit_pulse_no_time,assume_wbd,041000090403,041000030105,26,True,
v01b_unit_pulse_assume_wbd,unit_pulse_no_time,assume_wbd,041000090403,041000030202,26,True,041000030204
v01b_unit_pulse_assume_wbd,unit_pulse_no_time,assume_wbd,041000090403,041000030203,26,True,041000030204
v01b_unit_pulse_assume_wbd,unit_pulse_no_time,assume_wbd,041000090403,041000030102,27,True,
v01b_unit_pulse_assume_wbd,unit_pulse_no_time,assume_wbd,041000090403,041000030103,27,True,041000030103
v01b_unit_pulse_assume_wbd,unit_pulse_no_time,assume_wbd,041000090403,041000030201,27,True,041000030204
v01b_unit_pulse_assume_wbd,unit_pulse_no_time,assume_wbd,041000090403,041000030101,28,True,
v01b_unit_pulse_assume_wbd,unit_pulse_no_time,assume_wbd,041000090501,041000090501,0,True,
v01b_unit_pulse_assume_wbd,unit_pulse_no_time,assume_wbd,041000090502,041000090502,0,True,
v01b_unit_pulse_assume_wbd,unit_pulse_no_time,assume_wbd,041000090503,041000090503,0,True,
v01b_unit_pulse_assume_wbd,unit_pulse_no_time,assume_wbd,041000090503,041000090502,1,True,
v01b_unit_pulse_assume_wbd,unit_pulse_no_time,assume_wbd,041000090504,041000090504,0,True,
v01b_unit_pulse_assume_wbd,unit_pulse_no_time,assume_wbd,041000090505,041000090505,0,True,
v01b_unit_pulse_assume_wbd,unit_pulse_no_time,assume_wbd,041000090506,041000090506,0,True,
v01b_unit_pulse_assume_wbd,unit_pulse_no_time,assume_wbd,041000090506,041000090504,1,True,
v01b_unit_pulse_assume_wbd,unit_pulse_no_time,assume_wbd,041000090506,041000090505,1,True,
v01b_unit_pulse_assume_wbd,unit_pulse_no_time,assume_wbd,041000090507,041000090507,0,True,
v01b_unit_pulse_assume_wbd,unit_pulse_no_time,assume_wbd,041000090507,041000090506,1,True,
v01b_unit_pulse_assume_wbd,unit_pulse_no_time,assume_wbd,041000090507,041000090504,2,True,
v01b_unit_pulse_assume_wbd,unit_pulse_no_time,assume_wbd,041000090507,041000090505,2,True,
v01b_unit_pulse_assume_wbd,unit_pulse_no_time,assume_wbd,041000090508,041000090508,0,True,
v01b_unit_pulse_assume_wbd,unit_pulse_no_time,assume_wbd,041000090508,041000090503,1,True,
v01b_unit_pulse_assume_wbd,unit_pulse_no_time,assume_wbd,041000090508,041000090507,1,True,
v01b_unit_pulse_assume_wbd,unit_pulse_no_time,assume_wbd,041000090508,041000090502,2,True,
v01b_unit_pulse_assume_wbd,unit_pulse_no_time,assume_wbd,041000090508,041000090506,2,True,
v01b_unit_pulse_assume_wbd,unit_pulse_no_time,assume_wbd,041000090508,041000090504,3,True,
v01b_unit_pulse_assume_wbd,unit_pulse_no_time,assume_wbd,041000090508,041000090505,3,True,
v01b_unit_pulse_assume_wbd,unit_pulse_no_time,assume_wbd,041000090509,041000090509,0,True,
v01b_unit_pulse_assume_wbd,unit_pulse_no_time,assume_wbd,041000090509,041000090508,1,True,
v01b_unit_pulse_assume_wbd,unit_pulse_no_time,assume_wbd,041000090509,041000090503,2,True,
v01b_unit_pulse_assume_wbd,unit_pulse_no_time,assume_wbd,041000090509,041000090507,2,True,
v01b_unit_pulse_assume_wbd,unit_pulse_no_time,assume_wbd,041000090509,041000090502,3,True,
v01b_unit_pulse_assume_wbd,unit_pulse_no_time,assume_wbd,041000090509,041000090506,3,True,
v01b_unit_pulse_assume_wbd,unit_pulse_no_time,assume_wbd,041000090509,041000090504,4,True,
v01b_unit_pulse_assume_wbd,unit_pulse_no_time,assume_wbd,041000090509,041000090505,4,True,
v01b_unit_pulse_assume_wbd,unit_pulse_no_time,assume_wbd,041000090510,041000090510,0,True,
v01b_unit_pulse_assume_wbd,unit_pulse_no_time,assume_wbd,041000090510,041000090403,1,True,
v01b_unit_pulse_assume_wbd,unit_pulse_no_time,assume_wbd,041000090510,041000090501,1,True,
v01b_unit_pulse_assume_wbd,unit_pulse_no_time,assume_wbd,041000090510,041000090509,1,True,
v01b_unit_pulse_assume_wbd,unit_pulse_no_time,assume_wbd,041000090510,041000090207,2,True,
v01b_unit_pulse_assume_wbd,unit_pulse_no_time,assume_wbd,041000090510,041000090302,2,True,
v01b_unit_pulse_assume_wbd,unit_pulse_no_time,assume_wbd,041000090510,041000090402,2,True,041000090402
v01b_unit_pulse_assume_wbd,unit_pulse_no_time,assume_wbd,041000090510,041000090508,2,True,
v01b_unit_pulse_assume_wbd,unit_pulse_no_time,assume_wbd,041000090510,041000090106,3,True,
v01b_unit_pulse_assume_wbd,unit_pulse_no_time,assume_wbd,041000090510,041000090206,3,True,
v01b_unit_pulse_assume_wbd,unit_pulse_no_time,assume_wbd,041000090510,041000090301,3,True,
v01b_unit_pulse_assume_wbd,unit_pulse_no_time,assume_wbd,041000090510,041000090401,3,True,041000090402
v01b_unit_pulse_assume_wbd,unit_pulse_no_time,assume_wbd,041000090510,041000090503,3,True,
v01b_unit_pulse_assume_wbd,unit_pulse_no_time,assume_wbd,041000090510,041000090507,3,True,
v01b_unit_pulse_assume_wbd,unit_pulse_no_time,assume_wbd,041000090510,041000090104,4,True,
v01b_unit_pulse_assume_wbd,unit_pulse_no_time,assume_wbd,041000090510,041000090105,4,True,
v01b_unit_pulse_assume_wbd,unit_pulse_no_time,assume_wbd,041000090510,041000090203,4,True,
v01b_unit_pulse_assume_wbd,unit_pulse_no_time,assume_wbd,041000090510,041000090204,4,True,
v01b_unit_pulse_assume_wbd,unit_pulse_no_time,assume_wbd,041000090510,041000090205,4,True,
v01b_unit_pulse_assume_wbd,unit_pulse_no_time,assume_wbd,041000090510,041000090502,4,True,
v01b_unit_pulse_assume_wbd,unit_pulse_no_time,assume_wbd,041000090510,041000090506,4,True,
v01b_unit_pulse_assume_wbd,unit_pulse_no_time,assume_wbd,041000090510,041000090102,5,True,
v01b_unit_pulse_assume_wbd,unit_pulse_no_time,assume_wbd,041000090510,041000090103,5,True,
v01b_unit_pulse_assume_wbd,unit_pulse_no_time,assume_wbd,041000090510,041000090201,5,True,
v01b_unit_pulse_assume_wbd,unit_pulse_no_time,assume_wbd,041000090510,041000090202,5,True,
v01b_unit_pulse_assume_wbd,unit_pulse_no_time,assume_wbd,041000090510,041000090504,5,True,
v01b_unit_pulse_assume_wbd,unit_pulse_no_time,assume_wbd,041000090510,041000090505,5,True,
v01b_unit_pulse_assume_wbd,unit_pulse_no_time,assume_wbd,041000090510,041000050208,6,True,
v01b_unit_pulse_assume_wbd,unit_pulse_no_time,assume_wbd,041000090510,041000060604,6,True,
v01b_unit_pulse_assume_wbd,unit_pulse_no_time,assume_wbd,041000090510,041000071209,6,True,
v01b_unit_pulse_assume_wbd,unit_pulse_no_time,assume_wbd,041000090510,041000090101,6,True,
v01b_unit_pulse_assume_wbd,unit_pulse_no_time,assume_wbd,041000090510,041000050207,7,True,
v01b_unit_pulse_assume_wbd,unit_pulse_no_time,assume_wbd,041000090510,041000060504,7,True,
v01b_unit_pulse_assume_wbd,unit_pulse_no_time,assume_wbd,041000090510,041000060602,7,True,
v01b_unit_pulse_assume_wbd,unit_pulse_no_time,assume_wbd,041000090510,041000060603,7,True,
v01b_unit_pulse_assume_wbd,unit_pulse_no_time,assume_wbd,041000090510,041000071005,7,True,
v01b_unit_pulse_assume_wbd,unit_pulse_no_time,assume_wbd,041000090510,041000071103,7,True,
v01b_unit_pulse_assume_wbd,unit_pulse_no_time,assume_wbd,041000090510,041000071206,7,True,
v01b_unit_pulse_assume_wbd,unit_pulse_no_time,assume_wbd,041000090510,041000071207,7,True,
v01b_unit_pulse_assume_wbd,unit_pulse_no_time,assume_wbd,041000090510,041000071208,7,True,
v01b_unit_pulse_assume_wbd,unit_pulse_no_time,assume_wbd,041000090510,041000050205,8,True,
v01b_unit_pulse_assume_wbd,unit_pulse_no_time,assume_wbd,041000090510,041000050206,8,True,
v01b_unit_pulse_assume_wbd,unit_pulse_no_time,assume_wbd,041000090510,041000060404,8,True,
v01b_unit_pulse_assume_wbd,unit_pulse_no_time,assume_wbd,041000090510,041000060503,8,True,
v01b_unit_pulse_assume_wbd,unit_pulse_no_time,assume_wbd,041000090510,041000060601,8,True,
v01b_unit_pulse_assume_wbd,unit_pulse_no_time,assume_wbd,041000090510,041000070806,8,True,
v01b_unit_pulse_assume_wbd,unit_pulse_no_time,assume_wbd,041000090510,041000070907,8,True,
v01b_unit_pulse_assume_wbd,unit_pulse_no_time,assume_wbd,041000090510,041000071004,8,True,
v01b_unit_pulse_assume_wbd,unit_pulse_no_time,assume_wbd,041000090510,041000071102,8,True,
v01b_unit_pulse_assume_wbd,unit_pulse_no_time,assume_wbd,041000090510,041000071205,8,True,
v01b_unit_pulse_assume_wbd,unit_pulse_no_time,assume_wbd,041000090510,041000050202,9,True,
v01b_unit_pulse_assume_wbd,unit_pulse_no_time,assume_wbd,041000090510,041000050203,9,True,
v01b_unit_pulse_assume_wbd,unit_pulse_no_time,assume_wbd,041000090510,041000050204,9,True,
v01b_unit_pulse_assume_wbd,unit_pulse_no_time,assume_wbd,041000090510,041000060303,9,True,
v01b_unit_pulse_assume_wbd,unit_pulse_no_time,assume_wbd,041000090510,041000060402,9,True,
v01b_unit_pulse_assume_wbd,unit_pulse_no_time,assume_wbd,041000090510,041000060403,9,True,
v01b_unit_pulse_assume_wbd,unit_pulse_no_time,assume_wbd,041000090510,041000060501,9,True,
v01b_unit_pulse_assume_wbd,unit_pulse_no_time,assume_wbd,041000090510,041000060502,9,True,
v01b_unit_pulse_assume_wbd,unit_pulse_no_time,assume_wbd,041000090510,041000070604,9,True,
v01b_unit_pulse_assume_wbd,unit_pulse_no_time,assume_wbd,041000090510,041000070703,9,True,
v01b_unit_pulse_assume_wbd,unit_pulse_no_time,assume_wbd,041000090510,041000070801,9,True,
v01b_unit_pulse_assume_wbd,unit_pulse_no_time,assume_wbd,041000090510,041000070805,9,True,
v01b_unit_pulse_assume_wbd,unit_pulse_no_time,assume_wbd,041000090510,041000070905,9,True,
v01b_unit_pulse_assume_wbd,unit_pulse_no_time,assume_wbd,041000090510,041000070906,9,True,
v01b_unit_pulse_assume_wbd,unit_pulse_no_time,assume_wbd,041000090510,041000071003,9,True,
v01b_unit_pulse_assume_wbd,unit_pulse_no_time,assume_wbd,041000090510,041000071101,9,True,
v01b_unit_pulse_assume_wbd,unit_pulse_no_time,assume_wbd,041000090510,041000071203,9,True,
v01b_unit_pulse_assume_wbd,unit_pulse_no_time,assume_wbd,041000090510,041000071204,9,True,
v01b_unit_pulse_assume_wbd,unit_pulse_no_time,assume_wbd,041000090510,041000050106,10,True,
v01b_unit_pulse_assume_wbd,unit_pulse_no_time,assume_wbd,041000090510,041000050201,10,True,
v01b_unit_pulse_assume_wbd,unit_pulse_no_time,assume_wbd,041000090510,041000060301,10,True,
v01b_unit_pulse_assume_wbd,unit_pulse_no_time,assume_wbd,041000090510,041000060302,10,True,
v01b_unit_pulse_assume_wbd,unit_pulse_no_time,assume_wbd,041000090510,041000060401,10,True,
v01b_unit_pulse_assume_wbd,unit_pulse_no_time,assume_wbd,041000090510,041000070603,10,True,
v01b_unit_pulse_assume_wbd,unit_pulse_no_time,assume_wbd,041000090510,041000070701,10,True,
v01b_unit_pulse_assume_wbd,unit_pulse_no_time,assume_wbd,041000090510,041000070702,10,True,
v01b_unit_pulse_assume_wbd,unit_pulse_no_time,assume_wbd,041000090510,041000070803,10,True,
v01b_unit_pulse_assume_wbd,unit_pulse_no_time,assume_wbd,041000090510,041000070804,10,True,
v01b_unit_pulse_assume_wbd,unit_pulse_no_time,assume_wbd,041000090510,041000070904,10,True,
v01b_unit_pulse_assume_wbd,unit_pulse_no_time,assume_wbd,041000090510,041000071002,10,True,
v01b_unit_pulse_assume_wbd,unit_pulse_no_time,assume_wbd,041000090510,041000071201,10,True,
v01b_unit_pulse_assume_wbd,unit_pulse_no_time,assume_wbd,041000090510,041000071202,10,True,
v01b_unit_pulse_assume_wbd,unit_pulse_no_time,assume_wbd,041000090510,041000080605,10,True,
v01b_unit_pulse_assume_wbd,unit_pulse_no_time,assume_wbd,041000090510,041000050104,11,True,
v01b_unit_pulse_assume_wbd,unit_pulse_no_time,assume_wbd,041000090510,041000050105,11,True,
v01b_unit_pulse_assume_wbd,unit_pulse_no_time,assume_wbd,041000090510,041000060205,11,True,
v01b_unit_pulse_assume_wbd,unit_pulse_no_time,assume_wbd,041000090510,041000070204,11,True,
v01b_unit_pulse_assume_wbd,unit_pulse_no_time,assume_wbd,041000090510,041000070503,11,True,
v01b_unit_pulse_assume_wbd,unit_pulse_no_time,assume_wbd,041000090510,041000070602,11,True,
v01b_unit_pulse_assume_wbd,unit_pulse_no_time,assume_wbd,041000090510,041000070802,11,True,
v01b_unit_pulse_assume_wbd,unit_pulse_no_time,assume_wbd,041000090510,041000070903,11,True,
v01b_unit_pulse_assume_wbd,unit_pulse_no_time,assume_wbd,041000090510,041000071001,11,True,041000071001
v01b_unit_pulse_assume_wbd,unit_pulse_no_time,assume_wbd,041000090510,041000080602,11,True,
v01b_unit_pulse_assume_wbd,unit_pulse_no_time,assume_wbd,041000090510,041000080603,11,True,
v01b_unit_pulse_assume_wbd,unit_pulse_no_time,assume_wbd,041000090510,041000080604,11,True,
v01b_unit_pulse_assume_wbd,unit_pulse_no_time,assume_wbd,041000090510,041000050103,12,True,
v01b_unit_pulse_assume_wbd,unit_pulse_no_time,assume_wbd,041000090510,041000060202,12,True,
v01b_unit_pulse_assume_wbd,unit_pulse_no_time,assume_wbd,041000090510,041000060203,12,True,
v01b_unit_pulse_assume_wbd,unit_pulse_no_time,assume_wbd,041000090510,041000060204,12,True,041000060204
v01b_unit_pulse_assume_wbd,unit_pulse_no_time,assume_wbd,041000090510,041000070203,12,True,
v01b_unit_pulse_assume_wbd,unit_pulse_no_time,assume_wbd,041000090510,041000070406,12,True,
v01b_unit_pulse_assume_wbd,unit_pulse_no_time,assume_wbd,041000090510,041000070501,12,True,
v01b_unit_pulse_assume_wbd,unit_pulse_no_time,assume_wbd,041000090510,041000070502,12,True,
v01b_unit_pulse_assume_wbd,unit_pulse_no_time,assume_wbd,041000090510,041000070601,12,True,
v01b_unit_pulse_assume_wbd,unit_pulse_no_time,assume_wbd,041000090510,041000070901,12,True,
v01b_unit_pulse_assume_wbd,unit_pulse_no_time,assume_wbd,041000090510,041000070902,12,True,
v01b_unit_pulse_assume_wbd,unit_pulse_no_time,assume_wbd,041000090510,041000080506,12,True,
v01b_unit_pulse_assume_wbd,unit_pulse_no_time,assume_wbd,041000090510,041000080601,12,True,
v01b_unit_pulse_assume_wbd,unit_pulse_no_time,assume_wbd,041000090510,041000050102,13,True,
v01b_unit_pulse_assume_wbd,unit_pulse_no_time,assume_wbd,041000090510,041000060201,13,True,
v01b_unit_pulse_assume_wbd,unit_pulse_no_time,assume_wbd,041000090510,041000070202,13,True,
v01b_unit_pulse_assume_wbd,unit_pulse_no_time,assume_wbd,041000090510,041000070402,13,True,
v01b_unit_pulse_assume_wbd,unit_pulse_no_time,assume_wbd,041000090510,041000070403,13,True,
v01b_unit_pulse_assume_wbd,unit_pulse_no_time,assume_wbd,041000090510,041000070404,13,True,
v01b_unit_pulse_assume_wbd,unit_pulse_no_time,assume_wbd,041000090510,041000070405,13,True,
v01b_unit_pulse_assume_wbd,unit_pulse_no_time,assume_wbd,041000090510,041000080304,13,True,
v01b_unit_pulse_assume_wbd,unit_pulse_no_time,assume_wbd,041000090510,041000080405,13,True,041000080405
v01b_unit_pulse_assume_wbd,unit_pulse_no_time,assume_wbd,041000090510,041000080502,13,True,
v01b_unit_pulse_assume_wbd,unit_pulse_no_time,assume_wbd,041000090510,041000080503,13,True,
v01b_unit_pulse_assume_wbd,unit_pulse_no_time,assume_wbd,041000090510,041000080504,13,True,
v01b_unit_pulse_assume_wbd,unit_pulse_no_time,assume_wbd,041000090510,041000080505,13,True,
v01b_unit_pulse_assume_wbd,unit_pulse_no_time,assume_wbd,041000090510,041000030806,14,True,
v01b_unit_pulse_assume_wbd,unit_pulse_no_time,assume_wbd,041000090510,041000040606,14,True,
v01b_unit_pulse_assume_wbd,unit_pulse_no_time,assume_wbd,041000090510,041000050101,14,True,
v01b_unit_pulse_assume_wbd,unit_pulse_no_time,assume_wbd,041000090510,041000060106,14,True,
v01b_unit_pulse_assume_wbd,unit_pulse_no_time,assume_wbd,041000090510,041000070105,14,True,
v01b_unit_pulse_assume_wbd,unit_pulse_no_time,assume_wbd,041000090510,041000070201,14,True,
v01b_unit_pulse_assume_wbd,unit_pulse_no_time,assume_wbd,041000090510,041000070306,14,True,
v01b_unit_pulse_assume_wbd,unit_pulse_no_time,assume_wbd,041000090510,041000070401,14,True,041000070401
v01b_unit_pulse_assume_wbd,unit_pulse_no_time,assume_wbd,041000090510,041000080205,14,True,
v01b_unit_pulse_assume_wbd,unit_pulse_no_time,assume_wbd,041000090510,041000080302,14,True,
v01b_unit_pulse_assume_wbd,unit_pulse_no_time,assume_wbd,041000090510,041000080303,14,True,
v01b_unit_pulse_assume_wbd,unit_pulse_no_time,assume_wbd,041000090510,041000080404,14,True,041000080405
v01b_unit_pulse_assume_wbd,unit_pulse_no_time,assume_wbd,041000090510,041000080501,14,True,
v01b_unit_pulse_assume_wbd,unit_pulse_no_time,assume_wbd,041000090510,041000030805,15,True,
v01b_unit_pulse_assume_wbd,unit_pulse_no_time,assume_wbd,041000090510,041000040604,15,True,
v01b_unit_pulse_assume_wbd,unit_pulse_no_time,assume_wbd,041000090510,041000040605,15,True,
v01b_unit_pulse_assume_wbd,unit_pulse_no_time,assume_wbd,041000090510,041000060104,15,True,
v01b_unit_pulse_assume_wbd,unit_pulse_no_time,assume_wbd,041000090510,041000060105,15,True,
v01b_unit_pulse_assume_wbd,unit_pulse_no_time,assume_wbd,041000090510,041000070103,15,True,
v01b_unit_pulse_assume_wbd,unit_pulse_no_time,assume_wbd,041000090510,041000070104,15,True,
v01b_unit_pulse_assume_wbd,unit_pulse_no_time,assume_wbd,041000090510,041000070304,15,True,
v01b_unit_pulse_assume_wbd,unit_pulse_no_time,assume_wbd,041000090510,041000070305,15,True,
v01b_unit_pulse_assume_wbd,unit_pulse_no_time,assume_wbd,041000090510,041000080203,15,True,
v01b_unit_pulse_assume_wbd,unit_pulse_no_time,assume_wbd,041000090510,041000080204,15,True,
v01b_unit_pulse_assume_wbd,unit_pulse_no_time,assume_wbd,041000090510,041000080301,15,True,
v01b_unit_pulse_assume_wbd,unit_pulse_no_time,assume_wbd,041000090510,041000080402,15,True,041000080405
v01b_unit_pulse_assume_wbd,unit_pulse_no_time,assume_wbd,041000090510,041000080403,15,True,041000080405
v01b_unit_pulse_assume_wbd,unit_pulse_no_time,assume_wbd,041000090510,041000030707,16,True,
v01b_unit_pulse_assume_wbd,unit_pulse_no_time,assume_wbd,041000090510,041000030804,16,True,
v01b_unit_pulse_assume_wbd,unit_pulse_no_time,assume_wbd,041000090510,041000040601,16,True,
v01b_unit_pulse_assume_wbd,unit_pulse_no_time,assume_wbd,041000090510,041000040602,16,True,
v01b_unit_pulse_assume_wbd,unit_pulse_no_time,assume_wbd,041000090510,041000040603,16,True,
v01b_unit_pulse_assume_wbd,unit_pulse_no_time,assume_wbd,041000090510,041000060103,16,True,
v01b_unit_pulse_assume_wbd,unit_pulse_no_time,assume_wbd,041000090510,041000070101,16,True,
v01b_unit_pulse_assume_wbd,unit_pulse_no_time,assume_wbd,041000090510,041000070102,16,True,041000070102
v01b_unit_pulse_assume_wbd,unit_pulse_no_time,assume_wbd,041000090510,041000070302,16,True,
v01b_unit_pulse_assume_wbd,unit_pulse_no_time,assume_wbd,041000090510,041000070303,16,True,
v01b_unit_pulse_assume_wbd,unit_pulse_no_time,assume_wbd,041000090510,041000080105,16,True,
v01b_unit_pulse_assume_wbd,unit_pulse_no_time,assume_wbd,041000090510,041000080201,16,True,
v01b_unit_pulse_assume_wbd,unit_pulse_no_time,assume_wbd,041000090510,041000080202,16,True,
v01b_unit_pulse_assume_wbd,unit_pulse_no_time,assume_wbd,041000090510,041000080401,16,True,041000080401
v01b_unit_pulse_assume_wbd,unit_pulse_no_time,assume_wbd,041000090510,041000030604,17,True,
v01b_unit_pulse_assume_wbd,unit_pulse_no_time,assume_wbd,041000090510,041000030702,17,True,
v01b_unit_pulse_assume_wbd,unit_pulse_no_time,assume_wbd,041000090510,041000030705,17,True,
v01b_unit_pulse_assume_wbd,unit_pulse_no_time,assume_wbd,041000090510,041000030706,17,True,
v01b_unit_pulse_assume_wbd,unit_pulse_no_time,assume_wbd,041000090510,041000030803,17,True,
v01b_unit_pulse_assume_wbd,unit_pulse_no_time,assume_wbd,041000090510,041000040504,17,True,
v01b_unit_pulse_assume_wbd,unit_pulse_no_time,assume_wbd,041000090510,041000060102,17,True,
v01b_unit_pulse_assume_wbd,unit_pulse_no_time,assume_wbd,041000090510,041000070301,17,True,
v01b_unit_pulse_assume_wbd,unit_pulse_no_time,assume_wbd,041000090510,041000080103,17,True,
v01b_unit_pulse_assume_wbd,unit_pulse_no_time,assume_wbd,041000090510,041000080104,17,True,041000080104
v01b_unit_pulse_assume_wbd,unit_pulse_no_time,assume_wbd,041000090510,041000030602,18,True,
v01b_unit_pulse_assume_wbd,unit_pulse_no_time,assume_wbd,041000090510,041000030603,18,True,
v01b_unit_pulse_assume_wbd,unit_pulse_no_time,assume_wbd,041000090510,041000030701,18,True,
v01b_unit_pulse_assume_wbd,unit_pulse_no_time,assume_wbd,041000090510,041000030703,18,True,
v01b_unit_pulse_assume_wbd,unit_pulse_no_time,assume_wbd,041000090510,041000030704,18,True,
v01b_unit_pulse_assume_wbd,unit_pulse_no_time,assume_wbd,041000090510,041000030802,18,True,
v01b_unit_pulse_assume_wbd,unit_pulse_no_time,assume_wbd,041000090510,041000040502,18,True,
v01b_unit_pulse_assume_wbd,unit_pulse_no_time,assume_wbd,041000090510,041000040503,18,True,
v01b_unit_pulse_assume_wbd,unit_pulse_no_time,assume_wbd,041000090510,041000060101,18,True,
v01b_unit_pulse_assume_wbd,unit_pulse_no_time,assume_wbd,041000090510,041000080102,18,True,
v01b_unit_pulse_assume_wbd,unit_pulse_no_time,assume_wbd,041000090510,041000030506,19,True,
v01b_unit_pulse_assume_wbd,unit_pulse_no_time,assume_wbd,041000090510,041000030601,19,True,
v01b_unit_pulse_assume_wbd,unit_pulse_no_time,assume_wbd,041000090510,041000030801,19,True,
v01b_unit_pulse_assume_wbd,unit_pulse_no_time,assume_wbd,041000090510,041000040408,19,True,
v01b_unit_pulse_assume_wbd,unit_pulse_no_time,assume_wbd,041000090510,041000040501,19,True,
v01b_unit_pulse_assume_wbd,unit_pulse_no_time,assume_wbd,041000090510,041000080101,19,True,
v01b_unit_pulse_assume_wbd,unit_pulse_no_time,assume_wbd,041000090510,041000030505,20,True,
v01b_unit_pulse_assume_wbd,unit_pulse_no_time,assume_wbd,041000090510,041000040305,20,True,
v01b_unit_pulse_assume_wbd,unit_pulse_no_time,assume_wbd,041000090510,041000040401,20,True,
v01b_unit_pulse_assume_wbd,unit_pulse_no_time,assume_wbd,041000090510,041000040405,20,True,
v01b_unit_pulse_assume_wbd,unit_pulse_no_time,assume_wbd,041000090510,041000040406,20,True,
v01b_unit_pulse_assume_wbd,unit_pulse_no_time,assume_wbd,041000090510,041000040407,20,True,
v01b_unit_pulse_assume_wbd,unit_pulse_no_time,assume_wbd,041000090510,041000030503,21,True,
v01b_unit_pulse_assume_wbd,unit_pulse_no_time,assume_wbd,041000090510,041000030504,21,True,
v01b_unit_pulse_assume_wbd,unit_pulse_no_time,assume_wbd,041000090510,041000040303,21,True,
v01b_unit_pulse_assume_wbd,unit_pulse_no_time,assume_wbd,041000090510,041000040304,21,True,
v01b_unit_pulse_assume_wbd,unit_pulse_no_time,assume_wbd,041000090510,041000040402,21,True,
v01b_unit_pulse_assume_wbd,unit_pulse_no_time,assume_wbd,041000090510,041000040403,21,True,
v01b_unit_pulse_assume_wbd,unit_pulse_no_time,assume_wbd,041000090510,041000040404,21,True,
v01b_unit_pulse_assume_wbd,unit_pulse_no_time,assume_wbd,041000090510,041000030406,22,True,
v01b_unit_pulse_assume_wbd,unit_pulse_no_time,assume_wbd,041000090510,041000030501,22,True,
v01b_unit_pulse_assume_wbd,unit_pulse_no_time,assume_wbd,041000090510,041000030502,22,True,
v01b_unit_pulse_assume_wbd,unit_pulse_no_time,assume_wbd,041000090510,041000040205,22,True,
v01b_unit_pulse_assume_wbd,unit_pulse_no_time,assume_wbd,041000090510,041000040302,22,True,
v01b_unit_pulse_assume_wbd,unit_pulse_no_time,assume_wbd,041000090510,041000030306,23,True,
v01b_unit_pulse_assume_wbd,unit_pulse_no_time,assume_wbd,041000090510,041000030404,23,True,
v01b_unit_pulse_assume_wbd,unit_pulse_no_time,assume_wbd,041000090510,041000030405,23,True,
v01b_unit_pulse_assume_wbd,unit_pulse_no_time,assume_wbd,041000090510,041000040106,23,True,
v01b_unit_pulse_assume_wbd,unit_pulse_no_time,assume_wbd,041000090510,041000040201,23,True,
v01b_unit_pulse_assume_wbd,unit_pulse_no_time,assume_wbd,041000090510,041000040202,23,True,
v01b_unit_pulse_assume_wbd,unit_pulse_no_time,assume_wbd,041000090510,041000040204,23,True,
v01b_unit_pulse_assume_wbd,unit_pulse_no_time,assume_wbd,041000090510,041000040301,23,True,
v01b_unit_pulse_assume_wbd,unit_pulse_no_time,assume_wbd,041000090510,041000030304,24,True,
v01b_unit_pulse_assume_wbd,unit_pulse_no_time,assume_wbd,041000090510,041000030305,24,True,
v01b_unit_pulse_assume_wbd,unit_pulse_no_time,assume_wbd,041000090510,041000030401,24,True,
v01b_unit_pulse_assume_wbd,unit_pulse_no_time,assume_wbd,041000090510,041000030402,24,True,
v01b_unit_pulse_assume_wbd,unit_pulse_no_time,assume_wbd,041000090510,041000030403,24,True,
v01b_unit_pulse_assume_wbd,unit_pulse_no_time,assume_wbd,041000090510,041000040103,24,True,
v01b_unit_pulse_assume_wbd,unit_pulse_no_time,assume_wbd,041000090510,041000040104,24,True,
v01b_unit_pulse_assume_wbd,unit_pulse_no_time,assume_wbd,041000090510,041000040105,24,True,
v01b_unit_pulse_assume_wbd,unit_pulse_no_time,assume_wbd,041000090510,041000040203,24,True,
v01b_unit_pulse_assume_wbd,unit_pulse_no_time,assume_wbd,041000090510,041000030301,25,True,
v01b_unit_pulse_assume_wbd,unit_pulse_no_time,assume_wbd,041000090510,041000030302,25,True,
v01b_unit_pulse_assume_wbd,unit_pulse_no_time,assume_wbd,041000090510,041000030303,25,True,041000030303
v01b_unit_pulse_assume_wbd,unit_pulse_no_time,assume_wbd,041000090510,041000040101,25,True,
v01b_unit_pulse_assume_wbd,unit_pulse_no_time,assume_wbd,041000090510,041000040102,25,True,041000040102
v01b_unit_pulse_assume_wbd,unit_pulse_no_time,assume_wbd,041000090510,041000030106,26,True,
v01b_unit_pulse_assume_wbd,unit_pulse_no_time,assume_wbd,041000090510,041000030204,26,True,041000030204
v01b_unit_pulse_assume_wbd,unit_pulse_no_time,assume_wbd,041000090510,041000030104,27,True,
v01b_unit_pulse_assume_wbd,unit_pulse_no_time,assume_wbd,041000090510,041000030105,27,True,
v01b_unit_pulse_assume_wbd,unit_pulse_no_time,assume_wbd,041000090510,041000030202,27,True,041000030204
v01b_unit_pulse_assume_wbd,unit_pulse_no_time,assume_wbd,041000090510,041000030203,27,True,041000030204
v01b_unit_pulse_assume_wbd,unit_pulse_no_time,assume_wbd,041000090510,041000030102,28,True,
v01b_unit_pulse_assume_wbd,unit_pulse_no_time,assume_wbd,041000090510,041000030103,28,True,041000030103
v01b_unit_pulse_assume_wbd,unit_pulse_no_time,assume_wbd,041000090510,041000030201,28,True,041000030204
v01b_unit_pulse_assume_wbd,unit_pulse_no_time,assume_wbd,041000090510,041000030101,29,True,
v01b_unit_pulse_assume_wbd,unit_pulse_no_time,assume_wbd,041000090601,041000090601,0,True,
v01b_unit_pulse_assume_wbd,unit_pulse_no_time,assume_wbd,041000090602,041000090602,0,True,
v01b_unit_pulse_assume_wbd,unit_pulse_no_time,assume_wbd,041000090602,041000090510,1,True,
v01b_unit_pulse_assume_wbd,unit_pulse_no_time,assume_wbd,041000090602,041000090601,1,True,
v01b_unit_pulse_assume_wbd,unit_pulse_no_time,assume_wbd,041000090602,041000090403,2,True,
v01b_unit_pulse_assume_wbd,unit_pulse_no_time,assume_wbd,041000090602,041000090501,2,True,
v01b_unit_pulse_assume_wbd,unit_pulse_no_time,assume_wbd,041000090602,041000090509,2,True,
v01b_unit_pulse_assume_wbd,unit_pulse_no_time,assume_wbd,041000090602,041000090207,3,True,
v01b_unit_pulse_assume_wbd,unit_pulse_no_time,assume_wbd,041000090602,041000090302,3,True,
v01b_unit_pulse_assume_wbd,unit_pulse_no_time,assume_wbd,041000090602,041000090402,3,True,041000090402
v01b_unit_pulse_assume_wbd,unit_pulse_no_time,assume_wbd,041000090602,041000090508,3,True,
v01b_unit_pulse_assume_wbd,unit_pulse_no_time,assume_wbd,041000090602,041000090106,4,True,
v01b_unit_pulse_assume_wbd,unit_pulse_no_time,assume_wbd,041000090602,041000090206,4,True,
v01b_unit_pulse_assume_wbd,unit_pulse_no_time,assume_wbd,041000090602,041000090301,4,True,
v01b_unit_pulse_assume_wbd,unit_pulse_no_time,assume_wbd,041000090602,041000090401,4,True,041000090402
v01b_unit_pulse_assume_wbd,unit_pulse_no_time,assume_wbd,041000090602,041000090503,4,True,
v01b_unit_pulse_assume_wbd,unit_pulse_no_time,assume_wbd,041000090602,041000090507,4,True,
v01b_unit_pulse_assume_wbd,unit_pulse_no_time,assume_wbd,041000090602,041000090104,5,True,
v01b_unit_pulse_assume_wbd,unit_pulse_no_time,assume_wbd,041000090602,041000090105,5,True,
v01b_unit_pulse_assume_wbd,unit_pulse_no_time,assume_wbd,041000090602,041000090203,5,True,
v01b_unit_pulse_assume_wbd,unit_pulse_no_time,assume_wbd,041000090602,041000090204,5,True,
v01b_unit_pulse_assume_wbd,unit_pulse_no_time,assume_wbd,041000090602,041000090205,5,True,
v01b_unit_pulse_assume_wbd,unit_pulse_no_time,assume_wbd,041000090602,041000090502,5,True,
v01b_unit_pulse_assume_wbd,unit_pulse_no_time,assume_wbd,041000090602,041000090506,5,True,
v01b_unit_pulse_assume_wbd,unit_pulse_no_time,assume_wbd,041000090602,041000090102,6,True,
v01b_unit_pulse_assume_wbd,unit_pulse_no_time,assume_wbd,041000090602,041000090103,6,True,
v01b_unit_pulse_assume_wbd,unit_pulse_no_time,assume_wbd,041000090602,041000090201,6,True,
v01b_unit_pulse_assume_wbd,unit_pulse_no_time,assume_wbd,041000090602,041000090202,6,True,
v01b_unit_pulse_assume_wbd,unit_pulse_no_time,assume_wbd,041000090602,041000090504,6,True,
v01b_unit_pulse_assume_wbd,unit_pulse_no_time,assume_wbd,041000090602,041000090505,6,True,
v01b_unit_pulse_assume_wbd,unit_pulse_no_time,assume_wbd,041000090602,041000050208,7,True,
v01b_unit_pulse_assume_wbd,unit_pulse_no_time,assume_wbd,041000090602,041000060604,7,True,
v01b_unit_pulse_assume_wbd,unit_pulse_no_time,assume_wbd,041000090602,041000071209,7,True,
v01b_unit_pulse_assume_wbd,unit_pulse_no_time,assume_wbd,041000090602,041000090101,7,True,
v01b_unit_pulse_assume_wbd,unit_pulse_no_time,assume_wbd,041000090602,041000050207,8,True,
v01b_unit_pulse_assume_wbd,unit_pulse_no_time,assume_wbd,041000090602,041000060504,8,True,
v01b_unit_pulse_assume_wbd,unit_pulse_no_time,assume_wbd,041000090602,041000060602,8,True,
v01b_unit_pulse_assume_wbd,unit_pulse_no_time,assume_wbd,041000090602,041000060603,8,True,
v01b_unit_pulse_assume_wbd,unit_pulse_no_time,assume_wbd,041000090602,041000071005,8,True,
v01b_unit_pulse_assume_wbd,unit_pulse_no_time,assume_wbd,041000090602,041000071103,8,True,
v01b_unit_pulse_assume_wbd,unit_pulse_no_time,assume_wbd,041000090602,041000071206,8,True,
v01b_unit_pulse_assume_wbd,unit_pulse_no_time,assume_wbd,041000090602,041000071207,8,True,
v01b_unit_pulse_assume_wbd,unit_pulse_no_time,assume_wbd,041000090602,041000071208,8,True,
v01b_unit_pulse_assume_wbd,unit_pulse_no_time,assume_wbd,041000090602,041000050205,9,True,
v01b_unit_pulse_assume_wbd,unit_pulse_no_time,assume_wbd,041000090602,041000050206,9,True,
v01b_unit_pulse_assume_wbd,unit_pulse_no_time,assume_wbd,041000090602,041000060404,9,True,
v01b_unit_pulse_assume_wbd,unit_pulse_no_time,assume_wbd,041000090602,041000060503,9,True,
v01b_unit_pulse_assume_wbd,unit_pulse_no_time,assume_wbd,041000090602,041000060601,9,True,
v01b_unit_pulse_assume_wbd,unit_pulse_no_time,assume_wbd,041000090602,041000070806,9,True,
v01b_unit_pulse_assume_wbd,unit_pulse_no_time,assume_wbd,041000090602,041000070907,9,True,
v01b_unit_pulse_assume_wbd,unit_pulse_no_time,assume_wbd,041000090602,041000071004,9,True,
v01b_unit_pulse_assume_wbd,unit_pulse_no_time,assume_wbd,041000090602,041000071102,9,True,
v01b_unit_pulse_assume_wbd,unit_pulse_no_time,assume_wbd,041000090602,041000071205,9,True,
v01b_unit_pulse_assume_wbd,unit_pulse_no_time,assume_wbd,041000090602,041000050202,10,True,
v01b_unit_pulse_assume_wbd,unit_pulse_no_time,assume_wbd,041000090602,041000050203,10,True,
v01b_unit_pulse_assume_wbd,unit_pulse_no_time,assume_wbd,041000090602,041000050204,10,True,
v01b_unit_pulse_assume_wbd,unit_pulse_no_time,assume_wbd,041000090602,041000060303,10,True,
v01b_unit_pulse_assume_wbd,unit_pulse_no_time,assume_wbd,041000090602,041000060402,10,True,
v01b_unit_pulse_assume_wbd,unit_pulse_no_time,assume_wbd,041000090602,041000060403,10,True,
v01b_unit_pulse_assume_wbd,unit_pulse_no_time,assume_wbd,041000090602,041000060501,10,True,
v01b_unit_pulse_assume_wbd,unit_pulse_no_time,assume_wbd,041000090602,041000060502,10,True,
v01b_unit_pulse_assume_wbd,unit_pulse_no_time,assume_wbd,041000090602,041000070604,10,True,
v01b_unit_pulse_assume_wbd,unit_pulse_no_time,assume_wbd,041000090602,041000070703,10,True,
v01b_unit_pulse_assume_wbd,unit_pulse_no_time,assume_wbd,041000090602,041000070801,10,True,
v01b_unit_pulse_assume_wbd,unit_pulse_no_time,assume_wbd,041000090602,041000070805,10,True,
v01b_unit_pulse_assume_wbd,unit_pulse_no_time,assume_wbd,041000090602,041000070905,10,True,
v01b_unit_pulse_assume_wbd,unit_pulse_no_time,assume_wbd,041000090602,041000070906,10,True,
v01b_unit_pulse_assume_wbd,unit_pulse_no_time,assume_wbd,041000090602,041000071003,10,True,
v01b_unit_pulse_assume_wbd,unit_pulse_no_time,assume_wbd,041000090602,041000071101,10,True,
v01b_unit_pulse_assume_wbd,unit_pulse_no_time,assume_wbd,041000090602,041000071203,10,True,
v01b_unit_pulse_assume_wbd,unit_pulse_no_time,assume_wbd,041000090602,041000071204,10,True,
v01b_unit_pulse_assume_wbd,unit_pulse_no_time,assume_wbd,041000090602,041000050106,11,True,
v01b_unit_pulse_assume_wbd,unit_pulse_no_time,assume_wbd,041000090602,041000050201,11,True,
v01b_unit_pulse_assume_wbd,unit_pulse_no_time,assume_wbd,041000090602,041000060301,11,True,
v01b_unit_pulse_assume_wbd,unit_pulse_no_time,assume_wbd,041000090602,041000060302,11,True,
v01b_unit_pulse_assume_wbd,unit_pulse_no_time,assume_wbd,041000090602,041000060401,11,True,
v01b_unit_pulse_assume_wbd,unit_pulse_no_time,assume_wbd,041000090602,041000070603,11,True,
v01b_unit_pulse_assume_wbd,unit_pulse_no_time,assume_wbd,041000090602,041000070701,11,True,
v01b_unit_pulse_assume_wbd,unit_pulse_no_time,assume_wbd,041000090602,041000070702,11,True,
v01b_unit_pulse_assume_wbd,unit_pulse_no_time,assume_wbd,041000090602,041000070803,11,True,
v01b_unit_pulse_assume_wbd,unit_pulse_no_time,assume_wbd,041000090602,041000070804,11,True,
v01b_unit_pulse_assume_wbd,unit_pulse_no_time,assume_wbd,041000090602,041000070904,11,True,
v01b_unit_pulse_assume_wbd,unit_pulse_no_time,assume_wbd,041000090602,041000071002,11,True,
v01b_unit_pulse_assume_wbd,unit_pulse_no_time,assume_wbd,041000090602,041000071201,11,True,
v01b_unit_pulse_assume_wbd,unit_pulse_no_time,assume_wbd,041000090602,041000071202,11,True,
v01b_unit_pulse_assume_wbd,unit_pulse_no_time,assume_wbd,041000090602,041000080605,11,True,
v01b_unit_pulse_assume_wbd,unit_pulse_no_time,assume_wbd,041000090602,041000050104,12,True,
v01b_unit_pulse_assume_wbd,unit_pulse_no_time,assume_wbd,041000090602,041000050105,12,True,
v01b_unit_pulse_assume_wbd,unit_pulse_no_time,assume_wbd,041000090602,041000060205,12,True,
v01b_unit_pulse_assume_wbd,unit_pulse_no_time,assume_wbd,041000090602,041000070204,12,True,
v01b_unit_pulse_assume_wbd,unit_pulse_no_time,assume_wbd,041000090602,041000070503,12,True,
v01b_unit_pulse_assume_wbd,unit_pulse_no_time,assume_wbd,041000090602,041000070602,12,True,
v01b_unit_pulse_assume_wbd,unit_pulse_no_time,assume_wbd,041000090602,041000070802,12,True,
v01b_unit_pulse_assume_wbd,unit_pulse_no_time,assume_wbd,041000090602,041000070903,12,True,
v01b_unit_pulse_assume_wbd,unit_pulse_no_time,assume_wbd,041000090602,041000071001,12,True,041000071001
v01b_unit_pulse_assume_wbd,unit_pulse_no_time,assume_wbd,041000090602,041000080602,12,True,
v01b_unit_pulse_assume_wbd,unit_pulse_no_time,assume_wbd,041000090602,041000080603,12,True,
v01b_unit_pulse_assume_wbd,unit_pulse_no_time,assume_wbd,041000090602,041000080604,12,True,
v01b_unit_pulse_assume_wbd,unit_pulse_no_time,assume_wbd,041000090602,041000050103,13,True,
v01b_unit_pulse_assume_wbd,unit_pulse_no_time,assume_wbd,041000090602,041000060202,13,True,
v01b_unit_pulse_assume_wbd,unit_pulse_no_time,assume_wbd,041000090602,041000060203,13,True,
v01b_unit_pulse_assume_wbd,unit_pulse_no_time,assume_wbd,041000090602,041000060204,13,True,041000060204
v01b_unit_pulse_assume_wbd,unit_pulse_no_time,assume_wbd,041000090602,041000070203,13,True,
v01b_unit_pulse_assume_wbd,unit_pulse_no_time,assume_wbd,041000090602,041000070406,13,True,
v01b_unit_pulse_assume_wbd,unit_pulse_no_time,assume_wbd,041000090602,041000070501,13,True,
v01b_unit_pulse_assume_wbd,unit_pulse_no_time,assume_wbd,041000090602,041000070502,13,True,
v01b_unit_pulse_assume_wbd,unit_pulse_no_time,assume_wbd,041000090602,041000070601,13,True,
v01b_unit_pulse_assume_wbd,unit_pulse_no_time,assume_wbd,041000090602,041000070901,13,True,
v01b_unit_pulse_assume_wbd,unit_pulse_no_time,assume_wbd,041000090602,041000070902,13,True,
v01b_unit_pulse_assume_wbd,unit_pulse_no_time,assume_wbd,041000090602,041000080506,13,True,
v01b_unit_pulse_assume_wbd,unit_pulse_no_time,assume_wbd,041000090602,041000080601,13,True,
v01b_unit_pulse_assume_wbd,unit_pulse_no_time,assume_wbd,041000090602,041000050102,14,True,
v01b_unit_pulse_assume_wbd,unit_pulse_no_time,assume_wbd,041000090602,041000060201,14,True,
v01b_unit_pulse_assume_wbd,unit_pulse_no_time,assume_wbd,041000090602,041000070202,14,True,
v01b_unit_pulse_assume_wbd,unit_pulse_no_time,assume_wbd,041000090602,041000070402,14,True,
v01b_unit_pulse_assume_wbd,unit_pulse_no_time,assume_wbd,041000090602,041000070403,14,True,
v01b_unit_pulse_assume_wbd,unit_pulse_no_time,assume_wbd,041000090602,041000070404,14,True,
v01b_unit_pulse_assume_wbd,unit_pulse_no_time,assume_wbd,041000090602,041000070405,14,True,
v01b_unit_pulse_assume_wbd,unit_pulse_no_time,assume_wbd,041000090602,041000080304,14,True,
v01b_unit_pulse_assume_wbd,unit_pulse_no_time,assume_wbd,041000090602,041000080405,14,True,041000080405
v01b_unit_pulse_assume_wbd,unit_pulse_no_time,assume_wbd,041000090602,041000080502,14,True,
v01b_unit_pulse_assume_wbd,unit_pulse_no_time,assume_wbd,041000090602,041000080503,14,True,
v01b_unit_pulse_assume_wbd,unit_pulse_no_time,assume_wbd,041000090602,041000080504,14,True,
v01b_unit_pulse_assume_wbd,unit_pulse_no_time,assume_wbd,041000090602,041000080505,14,True,
v01b_unit_pulse_assume_wbd,unit_pulse_no_time,assume_wbd,041000090602,041000030806,15,True,
v01b_unit_pulse_assume_wbd,unit_pulse_no_time,assume_wbd,041000090602,041000040606,15,True,
v01b_unit_pulse_assume_wbd,unit_pulse_no_time,assume_wbd,041000090602,041000050101,15,True,
v01b_unit_pulse_assume_wbd,unit_pulse_no_time,assume_wbd,041000090602,041000060106,15,True,
v01b_unit_pulse_assume_wbd,unit_pulse_no_time,assume_wbd,041000090602,041000070105,15,True,
v01b_unit_pulse_assume_wbd,unit_pulse_no_time,assume_wbd,041000090602,041000070201,15,True,
v01b_unit_pulse_assume_wbd,unit_pulse_no_time,assume_wbd,041000090602,041000070306,15,True,
v01b_unit_pulse_assume_wbd,unit_pulse_no_time,assume_wbd,041000090602,041000070401,15,True,041000070401
v01b_unit_pulse_assume_wbd,unit_pulse_no_time,assume_wbd,041000090602,041000080205,15,True,
v01b_unit_pulse_assume_wbd,unit_pulse_no_time,assume_wbd,041000090602,041000080302,15,True,
v01b_unit_pulse_assume_wbd,unit_pulse_no_time,assume_wbd,041000090602,041000080303,15,True,
v01b_unit_pulse_assume_wbd,unit_pulse_no_time,assume_wbd,041000090602,041000080404,15,True,041000080405
v01b_unit_pulse_assume_wbd,unit_pulse_no_time,assume_wbd,041000090602,041000080501,15,True,
v01b_unit_pulse_assume_wbd,unit_pulse_no_time,assume_wbd,041000090602,041000030805,16,True,
v01b_unit_pulse_assume_wbd,unit_pulse_no_time,assume_wbd,041000090602,041000040604,16,True,
v01b_unit_pulse_assume_wbd,unit_pulse_no_time,assume_wbd,041000090602,041000040605,16,True,
v01b_unit_pulse_assume_wbd,unit_pulse_no_time,assume_wbd,041000090602,041000060104,16,True,
v01b_unit_pulse_assume_wbd,unit_pulse_no_time,assume_wbd,041000090602,041000060105,16,True,
v01b_unit_pulse_assume_wbd,unit_pulse_no_time,assume_wbd,041000090602,041000070103,16,True,
v01b_unit_pulse_assume_wbd,unit_pulse_no_time,assume_wbd,041000090602,041000070104,16,True,
v01b_unit_pulse_assume_wbd,unit_pulse_no_time,assume_wbd,041000090602,041000070304,16,True,
v01b_unit_pulse_assume_wbd,unit_pulse_no_time,assume_wbd,041000090602,041000070305,16,True,
v01b_unit_pulse_assume_wbd,unit_pulse_no_time,assume_wbd,041000090602,041000080203,16,True,
v01b_unit_pulse_assume_wbd,unit_pulse_no_time,assume_wbd,041000090602,041000080204,16,True,
v01b_unit_pulse_assume_wbd,unit_pulse_no_time,assume_wbd,041000090602,041000080301,16,True,
v01b_unit_pulse_assume_wbd,unit_pulse_no_time,assume_wbd,041000090602,041000080402,16,True,041000080405
v01b_unit_pulse_assume_wbd,unit_pulse_no_time,assume_wbd,041000090602,041000080403,16,True,041000080405
v01b_unit_pulse_assume_wbd,unit_pulse_no_time,assume_wbd,041000090602,041000030707,17,True,
v01b_unit_pulse_assume_wbd,unit_pulse_no_time,assume_wbd,041000090602,041000030804,17,True,
v01b_unit_pulse_assume_wbd,unit_pulse_no_time,assume_wbd,041000090602,041000040601,17,True,
v01b_unit_pulse_assume_wbd,unit_pulse_no_time,assume_wbd,041000090602,041000040602,17,True,
v01b_unit_pulse_assume_wbd,unit_pulse_no_time,assume_wbd,041000090602,041000040603,17,True,
v01b_unit_pulse_assume_wbd,unit_pulse_no_time,assume_wbd,041000090602,041000060103,17,True,
v01b_unit_pulse_assume_wbd,unit_pulse_no_time,assume_wbd,041000090602,041000070101,17,True,
v01b_unit_pulse_assume_wbd,unit_pulse_no_time,assume_wbd,041000090602,041000070102,17,True,041000070102
v01b_unit_pulse_assume_wbd,unit_pulse_no_time,assume_wbd,041000090602,041000070302,17,True,
v01b_unit_pulse_assume_wbd,unit_pulse_no_time,assume_wbd,041000090602,041000070303,17,True,
v01b_unit_pulse_assume_wbd,unit_pulse_no_time,assume_wbd,041000090602,041000080105,17,True,
v01b_unit_pulse_assume_wbd,unit_pulse_no_time,assume_wbd,041000090602,041000080201,17,True,
v01b_unit_pulse_assume_wbd,unit_pulse_no_time,assume_wbd,041000090602,041000080202,17,True,
v01b_unit_pulse_assume_wbd,unit_pulse_no_time,assume_wbd,041000090602,041000080401,17,True,041000080401
v01b_unit_pulse_assume_wbd,unit_pulse_no_time,assume_wbd,041000090602,041000030604,18,True,
v01b_unit_pulse_assume_wbd,unit_pulse_no_time,assume_wbd,041000090602,041000030702,18,True,
v01b_unit_pulse_assume_wbd,unit_pulse_no_time,assume_wbd,041000090602,041000030705,18,True,
v01b_unit_pulse_assume_wbd,unit_pulse_no_time,assume_wbd,041000090602,041000030706,18,True,
v01b_unit_pulse_assume_wbd,unit_pulse_no_time,assume_wbd,041000090602,041000030803,18,True,
v01b_unit_pulse_assume_wbd,unit_pulse_no_time,assume_wbd,041000090602,041000040504,18,True,
v01b_unit_pulse_assume_wbd,unit_pulse_no_time,assume_wbd,041000090602,041000060102,18,True,
v01b_unit_pulse_assume_wbd,unit_pulse_no_time,assume_wbd,041000090602,041000070301,18,True,
v01b_unit_pulse_assume_wbd,unit_pulse_no_time,assume_wbd,041000090602,041000080103,18,True,
v01b_unit_pulse_assume_wbd,unit_pulse_no_time,assume_wbd,041000090602,041000080104,18,True,041000080104
v01b_unit_pulse_assume_wbd,unit_pulse_no_time,assume_wbd,041000090602,041000030602,19,True,
v01b_unit_pulse_assume_wbd,unit_pulse_no_time,assume_wbd,041000090602,041000030603,19,True,
v01b_unit_pulse_assume_wbd,unit_pulse_no_time,assume_wbd,041000090602,041000030701,19,True,
v01b_unit_pulse_assume_wbd,unit_pulse_no_time,assume_wbd,041000090602,041000030703,19,True,
v01b_unit_pulse_assume_wbd,unit_pulse_no_time,assume_wbd,041000090602,041000030704,19,True,
v01b_unit_pulse_assume_wbd,unit_pulse_no_time,assume_wbd,041000090602,041000030802,19,True,
v01b_unit_pulse_assume_wbd,unit_pulse_no_time,assume_wbd,041000090602,041000040502,19,True,
v01b_unit_pulse_assume_wbd,unit_pulse_no_time,assume_wbd,041000090602,041000040503,19,True,
v01b_unit_pulse_assume_wbd,unit_pulse_no_time,assume_wbd,041000090602,041000060101,19,True,
v01b_unit_pulse_assume_wbd,unit_pulse_no_time,assume_wbd,041000090602,041000080102,19,True,
v01b_unit_pulse_assume_wbd,unit_pulse_no_time,assume_wbd,041000090602,041000030506,20,True,
v01b_unit_pulse_assume_wbd,unit_pulse_no_time,assume_wbd,041000090602,041000030601,20,True,
v01b_unit_pulse_assume_wbd,unit_pulse_no_time,assume_wbd,041000090602,041000030801,20,True,
v01b_unit_pulse_assume_wbd,unit_pulse_no_time,assume_wbd,041000090602,041000040408,20,True,
v01b_unit_pulse_assume_wbd,unit_pulse_no_time,assume_wbd,041000090602,041000040501,20,True,
v01b_unit_pulse_assume_wbd,unit_pulse_no_time,assume_wbd,041000090602,041000080101,20,True,
v01b_unit_pulse_assume_wbd,unit_pulse_no_time,assume_wbd,041000090602,041000030505,21,True,
v01b_unit_pulse_assume_wbd,unit_pulse_no_time,assume_wbd,041000090602,041000040305,21,True,
v01b_unit_pulse_assume_wbd,unit_pulse_no_time,assume_wbd,041000090602,041000040401,21,True,
v01b_unit_pulse_assume_wbd,unit_pulse_no_time,assume_wbd,041000090602,041000040405,21,True,
v01b_unit_pulse_assume_wbd,unit_pulse_no_time,assume_wbd,041000090602,041000040406,21,True,
v01b_unit_pulse_assume_wbd,unit_pulse_no_time,assume_wbd,041000090602,041000040407,21,True,
v01b_unit_pulse_assume_wbd,unit_pulse_no_time,assume_wbd,041000090602,041000030503,22,True,
v01b_unit_pulse_assume_wbd,unit_pulse_no_time,assume_wbd,041000090602,041000030504,22,True,
v01b_unit_pulse_assume_wbd,unit_pulse_no_time,assume_wbd,041000090602,041000040303,22,True,
v01b_unit_pulse_assume_wbd,unit_pulse_no_time,assume_wbd,041000090602,041000040304,22,True,
v01b_unit_pulse_assume_wbd,unit_pulse_no_time,assume_wbd,041000090602,041000040402,22,True,
v01b_unit_pulse_assume_wbd,unit_pulse_no_time,assume_wbd,041000090602,041000040403,22,True,
v01b_unit_pulse_assume_wbd,unit_pulse_no_time,assume_wbd,041000090602,041000040404,22,True,
v01b_unit_pulse_assume_wbd,unit_pulse_no_time,assume_wbd,041000090602,041000030406,23,True,
v01b_unit_pulse_assume_wbd,unit_pulse_no_time,assume_wbd,041000090602,041000030501,23,True,
v01b_unit_pulse_assume_wbd,unit_pulse_no_time,assume_wbd,041000090602,041000030502,23,True,
v01b_unit_pulse_assume_wbd,unit_pulse_no_time,assume_wbd,041000090602,041000040205,23,True,
v01b_unit_pulse_assume_wbd,unit_pulse_no_time,assume_wbd,041000090602,041000040302,23,True,
v01b_unit_pulse_assume_wbd,unit_pulse_no_time,assume_wbd,041000090602,041000030306,24,True,
v01b_unit_pulse_assume_wbd,unit_pulse_no_time,assume_wbd,041000090602,041000030404,24,True,
v01b_unit_pulse_assume_wbd,unit_pulse_no_time,assume_wbd,041000090602,041000030405,24,True,
v01b_unit_pulse_assume_wbd,unit_pulse_no_time,assume_wbd,041000090602,041000040106,24,True,
v01b_unit_pulse_assume_wbd,unit_pulse_no_time,assume_wbd,041000090602,041000040201,24,True,
v01b_unit_pulse_assume_wbd,unit_pulse_no_time,assume_wbd,041000090602,041000040202,24,True,
v01b_unit_pulse_assume_wbd,unit_pulse_no_time,assume_wbd,041000090602,041000040204,24,True,
v01b_unit_pulse_assume_wbd,unit_pulse_no_time,assume_wbd,041000090602,041000040301,24,True,
v01b_unit_pulse_assume_wbd,unit_pulse_no_time,assume_wbd,041000090602,041000030304,25,True,
v01b_unit_pulse_assume_wbd,unit_pulse_no_time,assume_wbd,041000090602,041000030305,25,True,
v01b_unit_pulse_assume_wbd,unit_pulse_no_time,assume_wbd,041000090602,041000030401,25,True,
v01b_unit_pulse_assume_wbd,unit_pulse_no_time,assume_wbd,041000090602,041000030402,25,True,
v01b_unit_pulse_assume_wbd,unit_pulse_no_time,assume_wbd,041000090602,041000030403,25,True,
v01b_unit_pulse_assume_wbd,unit_pulse_no_time,assume_wbd,041000090602,041000040103,25,True,
v01b_unit_pulse_assume_wbd,unit_pulse_no_time,assume_wbd,041000090602,041000040104,25,True,
v01b_unit_pulse_assume_wbd,unit_pulse_no_time,assume_wbd,041000090602,041000040105,25,True,
v01b_unit_pulse_assume_wbd,unit_pulse_no_time,assume_wbd,041000090602,041000040203,25,True,
v01b_unit_pulse_assume_wbd,unit_pulse_no_time,assume_wbd,041000090602,041000030301,26,True,
v01b_unit_pulse_assume_wbd,unit_pulse_no_time,assume_wbd,041000090602,041000030302,26,True,
v01b_unit_pulse_assume_wbd,unit_pulse_no_time,assume_wbd,041000090602,041000030303,26,True,041000030303
v01b_unit_pulse_assume_wbd,unit_pulse_no_time,assume_wbd,041000090602,041000040101,26,True,
v01b_unit_pulse_assume_wbd,unit_pulse_no_time,assume_wbd,041000090602,041000040102,26,True,041000040102
v01b_unit_pulse_assume_wbd,unit_pulse_no_time,assume_wbd,041000090602,041000030106,27,True,
v01b_unit_pulse_assume_wbd,unit_pulse_no_time,assume_wbd,041000090602,041000030204,27,True,041000030204
v01b_unit_pulse_assume_wbd,unit_pulse_no_time,assume_wbd,041000090602,041000030104,28,True,
v01b_unit_pulse_assume_wbd,unit_pulse_no_time,assume_wbd,041000090602,041000030105,28,True,
v01b_unit_pulse_assume_wbd,unit_pulse_no_time,assume_wbd,041000090602,041000030202,28,True,041000030204
v01b_unit_pulse_assume_wbd,unit_pulse_no_time,assume_wbd,041000090602,041000030203,28,True,041000030204
v01b_unit_pulse_assume_wbd,unit_pulse_no_time,assume_wbd,041000090602,041000030102,29,True,
v01b_unit_pulse_assume_wbd,unit_pulse_no_time,assume_wbd,041000090602,041000030103,29,True,041000030103
v01b_unit_pulse_assume_wbd,unit_pulse_no_time,assume_wbd,041000090602,041000030201,29,True,041000030204
v01b_unit_pulse_assume_wbd,unit_pulse_no_time,assume_wbd,041000090602,041000030101,30,True,
v01b_unit_pulse_assume_wbd,unit_pulse_no_time,assume_wbd,041000090603,041000090603,0,True,
v01b_unit_pulse_assume_wbd,unit_pulse_no_time,assume_wbd,041000090603,041000090602,1,True,
v01b_unit_pulse_assume_wbd,unit_pulse_no_time,assume_wbd,041000090603,041000090510,2,True,
v01b_unit_pulse_assume_wbd,unit_pulse_no_time,assume_wbd,041000090603,041000090601,2,True,
v01b_unit_pulse_assume_wbd,unit_pulse_no_time,assume_wbd,041000090603,041000090403,3,True,
v01b_unit_pulse_assume_wbd,unit_pulse_no_time,assume_wbd,041000090603,041000090501,3,True,
v01b_unit_pulse_assume_wbd,unit_pulse_no_time,assume_wbd,041000090603,041000090509,3,True,
v01b_unit_pulse_assume_wbd,unit_pulse_no_time,assume_wbd,041000090603,041000090207,4,True,
v01b_unit_pulse_assume_wbd,unit_pulse_no_time,assume_wbd,041000090603,041000090302,4,True,
v01b_unit_pulse_assume_wbd,unit_pulse_no_time,assume_wbd,041000090603,041000090402,4,True,041000090402
v01b_unit_pulse_assume_wbd,unit_pulse_no_time,assume_wbd,041000090603,041000090508,4,True,
v01b_unit_pulse_assume_wbd,unit_pulse_no_time,assume_wbd,041000090603,041000090106,5,True,
v01b_unit_pulse_assume_wbd,unit_pulse_no_time,assume_wbd,041000090603,041000090206,5,True,
v01b_unit_pulse_assume_wbd,unit_pulse_no_time,assume_wbd,041000090603,041000090301,5,True,
v01b_unit_pulse_assume_wbd,unit_pulse_no_time,assume_wbd,041000090603,041000090401,5,True,041000090402
v01b_unit_pulse_assume_wbd,unit_pulse_no_time,assume_wbd,041000090603,041000090503,5,True,
v01b_unit_pulse_assume_wbd,unit_pulse_no_time,assume_wbd,041000090603,041000090507,5,True,
v01b_unit_pulse_assume_wbd,unit_pulse_no_time,assume_wbd,041000090603,041000090104,6,True,
v01b_unit_pulse_assume_wbd,unit_pulse_no_time,assume_wbd,041000090603,041000090105,6,True,
v01b_unit_pulse_assume_wbd,unit_pulse_no_time,assume_wbd,041000090603,041000090203,6,True,
v01b_unit_pulse_assume_wbd,unit_pulse_no_time,assume_wbd,041000090603,041000090204,6,True,
v01b_unit_pulse_assume_wbd,unit_pulse_no_time,assume_wbd,041000090603,041000090205,6,True,
v01b_unit_pulse_assume_wbd,unit_pulse_no_time,assume_wbd,041000090603,041000090502,6,True,
v01b_unit_pulse_assume_wbd,unit_pulse_no_time,assume_wbd,041000090603,041000090506,6,True,
v01b_unit_pulse_assume_wbd,unit_pulse_no_time,assume_wbd,041000090603,041000090102,7,True,
v01b_unit_pulse_assume_wbd,unit_pulse_no_time,assume_wbd,041000090603,041000090103,7,True,
v01b_unit_pulse_assume_wbd,unit_pulse_no_time,assume_wbd,041000090603,041000090201,7,True,
v01b_unit_pulse_assume_wbd,unit_pulse_no_time,assume_wbd,041000090603,041000090202,7,True,
v01b_unit_pulse_assume_wbd,unit_pulse_no_time,assume_wbd,041000090603,041000090504,7,True,
v01b_unit_pulse_assume_wbd,unit_pulse_no_time,assume_wbd,041000090603,041000090505,7,True,
v01b_unit_pulse_assume_wbd,unit_pulse_no_time,assume_wbd,041000090603,041000050208,8,True,
v01b_unit_pulse_assume_wbd,unit_pulse_no_time,assume_wbd,041000090603,041000060604,8,True,
v01b_unit_pulse_assume_wbd,unit_pulse_no_time,assume_wbd,041000090603,041000071209,8,True,
v01b_unit_pulse_assume_wbd,unit_pulse_no_time,assume_wbd,041000090603,041000090101,8,True,
v01b_unit_pulse_assume_wbd,unit_pulse_no_time,assume_wbd,041000090603,041000050207,9,True,
v01b_unit_pulse_assume_wbd,unit_pulse_no_time,assume_wbd,041000090603,041000060504,9,True,
v01b_unit_pulse_assume_wbd,unit_pulse_no_time,assume_wbd,041000090603,041000060602,9,True,
v01b_unit_pulse_assume_wbd,unit_pulse_no_time,assume_wbd,041000090603,041000060603,9,True,
v01b_unit_pulse_assume_wbd,unit_pulse_no_time,assume_wbd,041000090603,041000071005,9,True,
v01b_unit_pulse_assume_wbd,unit_pulse_no_time,assume_wbd,041000090603,041000071103,9,True,
v01b_unit_pulse_assume_wbd,unit_pulse_no_time,assume_wbd,041000090603,041000071206,9,True,
v01b_unit_pulse_assume_wbd,unit_pulse_no_time,assume_wbd,041000090603,041000071207,9,True,
v01b_unit_pulse_assume_wbd,unit_pulse_no_time,assume_wbd,041000090603,041000071208,9,True,
v01b_unit_pulse_assume_wbd,unit_pulse_no_time,assume_wbd,041000090603,041000050205,10,True,
v01b_unit_pulse_assume_wbd,unit_pulse_no_time,assume_wbd,041000090603,041000050206,10,True,
v01b_unit_pulse_assume_wbd,unit_pulse_no_time,assume_wbd,041000090603,041000060404,10,True,
v01b_unit_pulse_assume_wbd,unit_pulse_no_time,assume_wbd,041000090603,041000060503,10,True,
v01b_unit_pulse_assume_wbd,unit_pulse_no_time,assume_wbd,041000090603,041000060601,10,True,
v01b_unit_pulse_assume_wbd,unit_pulse_no_time,assume_wbd,041000090603,041000070806,10,True,
v01b_unit_pulse_assume_wbd,unit_pulse_no_time,assume_wbd,041000090603,041000070907,10,True,
v01b_unit_pulse_assume_wbd,unit_pulse_no_time,assume_wbd,041000090603,041000071004,10,True,
v01b_unit_pulse_assume_wbd,unit_pulse_no_time,assume_wbd,041000090603,041000071102,10,True,
v01b_unit_pulse_assume_wbd,unit_pulse_no_time,assume_wbd,041000090603,041000071205,10,True,
v01b_unit_pulse_assume_wbd,unit_pulse_no_time,assume_wbd,041000090603,041000050202,11,True,
v01b_unit_pulse_assume_wbd,unit_pulse_no_time,assume_wbd,041000090603,041000050203,11,True,
v01b_unit_pulse_assume_wbd,unit_pulse_no_time,assume_wbd,041000090603,041000050204,11,True,
v01b_unit_pulse_assume_wbd,unit_pulse_no_time,assume_wbd,041000090603,041000060303,11,True,
v01b_unit_pulse_assume_wbd,unit_pulse_no_time,assume_wbd,041000090603,041000060402,11,True,
v01b_unit_pulse_assume_wbd,unit_pulse_no_time,assume_wbd,041000090603,041000060403,11,True,
v01b_unit_pulse_assume_wbd,unit_pulse_no_time,assume_wbd,041000090603,041000060501,11,True,
v01b_unit_pulse_assume_wbd,unit_pulse_no_time,assume_wbd,041000090603,041000060502,11,True,
v01b_unit_pulse_assume_wbd,unit_pulse_no_time,assume_wbd,041000090603,041000070604,11,True,
v01b_unit_pulse_assume_wbd,unit_pulse_no_time,assume_wbd,041000090603,041000070703,11,True,
v01b_unit_pulse_assume_wbd,unit_pulse_no_time,assume_wbd,041000090603,041000070801,11,True,
v01b_unit_pulse_assume_wbd,unit_pulse_no_time,assume_wbd,041000090603,041000070805,11,True,
v01b_unit_pulse_assume_wbd,unit_pulse_no_time,assume_wbd,041000090603,041000070905,11,True,
v01b_unit_pulse_assume_wbd,unit_pulse_no_time,assume_wbd,041000090603,041000070906,11,True,
v01b_unit_pulse_assume_wbd,unit_pulse_no_time,assume_wbd,041000090603,041000071003,11,True,
v01b_unit_pulse_assume_wbd,unit_pulse_no_time,assume_wbd,041000090603,041000071101,11,True,
v01b_unit_pulse_assume_wbd,unit_pulse_no_time,assume_wbd,041000090603,041000071203,11,True,
v01b_unit_pulse_assume_wbd,unit_pulse_no_time,assume_wbd,041000090603,041000071204,11,True,
v01b_unit_pulse_assume_wbd,unit_pulse_no_time,assume_wbd,041000090603,041000050106,12,True,
v01b_unit_pulse_assume_wbd,unit_pulse_no_time,assume_wbd,041000090603,041000050201,12,True,
v01b_unit_pulse_assume_wbd,unit_pulse_no_time,assume_wbd,041000090603,041000060301,12,True,
v01b_unit_pulse_assume_wbd,unit_pulse_no_time,assume_wbd,041000090603,041000060302,12,True,
v01b_unit_pulse_assume_wbd,unit_pulse_no_time,assume_wbd,041000090603,041000060401,12,True,
v01b_unit_pulse_assume_wbd,unit_pulse_no_time,assume_wbd,041000090603,041000070603,12,True,
v01b_unit_pulse_assume_wbd,unit_pulse_no_time,assume_wbd,041000090603,041000070701,12,True,
v01b_unit_pulse_assume_wbd,unit_pulse_no_time,assume_wbd,041000090603,041000070702,12,True,
v01b_unit_pulse_assume_wbd,unit_pulse_no_time,assume_wbd,041000090603,041000070803,12,True,
v01b_unit_pulse_assume_wbd,unit_pulse_no_time,assume_wbd,041000090603,041000070804,12,True,
v01b_unit_pulse_assume_wbd,unit_pulse_no_time,assume_wbd,041000090603,041000070904,12,True,
v01b_unit_pulse_assume_wbd,unit_pulse_no_time,assume_wbd,041000090603,041000071002,12,True,
v01b_unit_pulse_assume_wbd,unit_pulse_no_time,assume_wbd,041000090603,041000071201,12,True,
v01b_unit_pulse_assume_wbd,unit_pulse_no_time,assume_wbd,041000090603,041000071202,12,True,
v01b_unit_pulse_assume_wbd,unit_pulse_no_time,assume_wbd,041000090603,041000080605,12,True,
v01b_unit_pulse_assume_wbd,unit_pulse_no_time,assume_wbd,041000090603,041000050104,13,True,
v01b_unit_pulse_assume_wbd,unit_pulse_no_time,assume_wbd,041000090603,041000050105,13,True,
v01b_unit_pulse_assume_wbd,unit_pulse_no_time,assume_wbd,041000090603,041000060205,13,True,
v01b_unit_pulse_assume_wbd,unit_pulse_no_time,assume_wbd,041000090603,041000070204,13,True,
v01b_unit_pulse_assume_wbd,unit_pulse_no_time,assume_wbd,041000090603,041000070503,13,True,
v01b_unit_pulse_assume_wbd,unit_pulse_no_time,assume_wbd,041000090603,041000070602,13,True,
v01b_unit_pulse_assume_wbd,unit_pulse_no_time,assume_wbd,041000090603,041000070802,13,True,
v01b_unit_pulse_assume_wbd,unit_pulse_no_time,assume_wbd,041000090603,041000070903,13,True,
v01b_unit_pulse_assume_wbd,unit_pulse_no_time,assume_wbd,041000090603,041000071001,13,True,041000071001
v01b_unit_pulse_assume_wbd,unit_pulse_no_time,assume_wbd,041000090603,041000080602,13,True,
v01b_unit_pulse_assume_wbd,unit_pulse_no_time,assume_wbd,041000090603,041000080603,13,True,
v01b_unit_pulse_assume_wbd,unit_pulse_no_time,assume_wbd,041000090603,041000080604,13,True,
v01b_unit_pulse_assume_wbd,unit_pulse_no_time,assume_wbd,041000090603,041000050103,14,True,
v01b_unit_pulse_assume_wbd,unit_pulse_no_time,assume_wbd,041000090603,041000060202,14,True,
v01b_unit_pulse_assume_wbd,unit_pulse_no_time,assume_wbd,041000090603,041000060203,14,True,
v01b_unit_pulse_assume_wbd,unit_pulse_no_time,assume_wbd,041000090603,041000060204,14,True,041000060204
v01b_unit_pulse_assume_wbd,unit_pulse_no_time,assume_wbd,041000090603,041000070203,14,True,
v01b_unit_pulse_assume_wbd,unit_pulse_no_time,assume_wbd,041000090603,041000070406,14,True,
v01b_unit_pulse_assume_wbd,unit_pulse_no_time,assume_wbd,041000090603,041000070501,14,True,
v01b_unit_pulse_assume_wbd,unit_pulse_no_time,assume_wbd,041000090603,041000070502,14,True,
v01b_unit_pulse_assume_wbd,unit_pulse_no_time,assume_wbd,041000090603,041000070601,14,True,
v01b_unit_pulse_assume_wbd,unit_pulse_no_time,assume_wbd,041000090603,041000070901,14,True,
v01b_unit_pulse_assume_wbd,unit_pulse_no_time,assume_wbd,041000090603,041000070902,14,True,
v01b_unit_pulse_assume_wbd,unit_pulse_no_time,assume_wbd,041000090603,041000080506,14,True,
v01b_unit_pulse_assume_wbd,unit_pulse_no_time,assume_wbd,041000090603,041000080601,14,True,
v01b_unit_pulse_assume_wbd,unit_pulse_no_time,assume_wbd,041000090603,041000050102,15,True,
v01b_unit_pulse_assume_wbd,unit_pulse_no_time,assume_wbd,041000090603,041000060201,15,True,
v01b_unit_pulse_assume_wbd,unit_pulse_no_time,assume_wbd,041000090603,041000070202,15,True,
v01b_unit_pulse_assume_wbd,unit_pulse_no_time,assume_wbd,041000090603,041000070402,15,True,
v01b_unit_pulse_assume_wbd,unit_pulse_no_time,assume_wbd,041000090603,041000070403,15,True,
v01b_unit_pulse_assume_wbd,unit_pulse_no_time,assume_wbd,041000090603,041000070404,15,True,
v01b_unit_pulse_assume_wbd,unit_pulse_no_time,assume_wbd,041000090603,041000070405,15,True,
v01b_unit_pulse_assume_wbd,unit_pulse_no_time,assume_wbd,041000090603,041000080304,15,True,
v01b_unit_pulse_assume_wbd,unit_pulse_no_time,assume_wbd,041000090603,041000080405,15,True,041000080405
v01b_unit_pulse_assume_wbd,unit_pulse_no_time,assume_wbd,041000090603,041000080502,15,True,
v01b_unit_pulse_assume_wbd,unit_pulse_no_time,assume_wbd,041000090603,041000080503,15,True,
v01b_unit_pulse_assume_wbd,unit_pulse_no_time,assume_wbd,041000090603,041000080504,15,True,
v01b_unit_pulse_assume_wbd,unit_pulse_no_time,assume_wbd,041000090603,041000080505,15,True,
v01b_unit_pulse_assume_wbd,unit_pulse_no_time,assume_wbd,041000090603,041000030806,16,True,
v01b_unit_pulse_assume_wbd,unit_pulse_no_time,assume_wbd,041000090603,041000040606,16,True,
v01b_unit_pulse_assume_wbd,unit_pulse_no_time,assume_wbd,041000090603,041000050101,16,True,
v01b_unit_pulse_assume_wbd,unit_pulse_no_time,assume_wbd,041000090603,041000060106,16,True,
v01b_unit_pulse_assume_wbd,unit_pulse_no_time,assume_wbd,041000090603,041000070105,16,True,
v01b_unit_pulse_assume_wbd,unit_pulse_no_time,assume_wbd,041000090603,041000070201,16,True,
v01b_unit_pulse_assume_wbd,unit_pulse_no_time,assume_wbd,041000090603,041000070306,16,True,
v01b_unit_pulse_assume_wbd,unit_pulse_no_time,assume_wbd,041000090603,041000070401,16,True,041000070401
v01b_unit_pulse_assume_wbd,unit_pulse_no_time,assume_wbd,041000090603,041000080205,16,True,
v01b_unit_pulse_assume_wbd,unit_pulse_no_time,assume_wbd,041000090603,041000080302,16,True,
v01b_unit_pulse_assume_wbd,unit_pulse_no_time,assume_wbd,041000090603,041000080303,16,True,
v01b_unit_pulse_assume_wbd,unit_pulse_no_time,assume_wbd,041000090603,041000080404,16,True,041000080405
v01b_unit_pulse_assume_wbd,unit_pulse_no_time,assume_wbd,041000090603,041000080501,16,True,
v01b_unit_pulse_assume_wbd,unit_pulse_no_time,assume_wbd,041000090603,041000030805,17,True,
v01b_unit_pulse_assume_wbd,unit_pulse_no_time,assume_wbd,041000090603,041000040604,17,True,
v01b_unit_pulse_assume_wbd,unit_pulse_no_time,assume_wbd,041000090603,041000040605,17,True,
v01b_unit_pulse_assume_wbd,unit_pulse_no_time,assume_wbd,041000090603,041000060104,17,True,
v01b_unit_pulse_assume_wbd,unit_pulse_no_time,assume_wbd,041000090603,041000060105,17,True,
v01b_unit_pulse_assume_wbd,unit_pulse_no_time,assume_wbd,041000090603,041000070103,17,True,
v01b_unit_pulse_assume_wbd,unit_pulse_no_time,assume_wbd,041000090603,041000070104,17,True,
v01b_unit_pulse_assume_wbd,unit_pulse_no_time,assume_wbd,041000090603,041000070304,17,True,
v01b_unit_pulse_assume_wbd,unit_pulse_no_time,assume_wbd,041000090603,041000070305,17,True,
v01b_unit_pulse_assume_wbd,unit_pulse_no_time,assume_wbd,041000090603,041000080203,17,True,
v01b_unit_pulse_assume_wbd,unit_pulse_no_time,assume_wbd,041000090603,041000080204,17,True,
v01b_unit_pulse_assume_wbd,unit_pulse_no_time,assume_wbd,041000090603,041000080301,17,True,
v01b_unit_pulse_assume_wbd,unit_pulse_no_time,assume_wbd,041000090603,041000080402,17,True,041000080405
v01b_unit_pulse_assume_wbd,unit_pulse_no_time,assume_wbd,041000090603,041000080403,17,True,041000080405
v01b_unit_pulse_assume_wbd,unit_pulse_no_time,assume_wbd,041000090603,041000030707,18,True,
v01b_unit_pulse_assume_wbd,unit_pulse_no_time,assume_wbd,041000090603,041000030804,18,True,
v01b_unit_pulse_assume_wbd,unit_pulse_no_time,assume_wbd,041000090603,041000040601,18,True,
v01b_unit_pulse_assume_wbd,unit_pulse_no_time,assume_wbd,041000090603,041000040602,18,True,
v01b_unit_pulse_assume_wbd,unit_pulse_no_time,assume_wbd,041000090603,041000040603,18,True,
v01b_unit_pulse_assume_wbd,unit_pulse_no_time,assume_wbd,041000090603,041000060103,18,True,
v01b_unit_pulse_assume_wbd,unit_pulse_no_time,assume_wbd,041000090603,041000070101,18,True,
v01b_unit_pulse_assume_wbd,unit_pulse_no_time,assume_wbd,041000090603,041000070102,18,True,041000070102
v01b_unit_pulse_assume_wbd,unit_pulse_no_time,assume_wbd,041000090603,041000070302,18,True,
v01b_unit_pulse_assume_wbd,unit_pulse_no_time,assume_wbd,041000090603,041000070303,18,True,
v01b_unit_pulse_assume_wbd,unit_pulse_no_time,assume_wbd,041000090603,041000080105,18,True,
v01b_unit_pulse_assume_wbd,unit_pulse_no_time,assume_wbd,041000090603,041000080201,18,True,
v01b_unit_pulse_assume_wbd,unit_pulse_no_time,assume_wbd,041000090603,041000080202,18,True,
v01b_unit_pulse_assume_wbd,unit_pulse_no_time,assume_wbd,041000090603,041000080401,18,True,041000080401
v01b_unit_pulse_assume_wbd,unit_pulse_no_time,assume_wbd,041000090603,041000030604,19,True,
v01b_unit_pulse_assume_wbd,unit_pulse_no_time,assume_wbd,041000090603,041000030702,19,True,
v01b_unit_pulse_assume_wbd,unit_pulse_no_time,assume_wbd,041000090603,041000030705,19,True,
v01b_unit_pulse_assume_wbd,unit_pulse_no_time,assume_wbd,041000090603,041000030706,19,True,
v01b_unit_pulse_assume_wbd,unit_pulse_no_time,assume_wbd,041000090603,041000030803,19,True,
v01b_unit_pulse_assume_wbd,unit_pulse_no_time,assume_wbd,041000090603,041000040504,19,True,
v01b_unit_pulse_assume_wbd,unit_pulse_no_time,assume_wbd,041000090603,041000060102,19,True,
v01b_unit_pulse_assume_wbd,unit_pulse_no_time,assume_wbd,041000090603,041000070301,19,True,
v01b_unit_pulse_assume_wbd,unit_pulse_no_time,assume_wbd,041000090603,041000080103,19,True,
v01b_unit_pulse_assume_wbd,unit_pulse_no_time,assume_wbd,041000090603,041000080104,19,True,041000080104
v01b_unit_pulse_assume_wbd,unit_pulse_no_time,assume_wbd,041000090603,041000030602,20,True,
v01b_unit_pulse_assume_wbd,unit_pulse_no_time,assume_wbd,041000090603,041000030603,20,True,
v01b_unit_pulse_assume_wbd,unit_pulse_no_time,assume_wbd,041000090603,041000030701,20,True,
v01b_unit_pulse_assume_wbd,unit_pulse_no_time,assume_wbd,041000090603,041000030703,20,True,
v01b_unit_pulse_assume_wbd,unit_pulse_no_time,assume_wbd,041000090603,041000030704,20,True,
v01b_unit_pulse_assume_wbd,unit_pulse_no_time,assume_wbd,041000090603,041000030802,20,True,
v01b_unit_pulse_assume_wbd,unit_pulse_no_time,assume_wbd,041000090603,041000040502,20,True,
v01b_unit_pulse_assume_wbd,unit_pulse_no_time,assume_wbd,041000090603,041000040503,20,True,
v01b_unit_pulse_assume_wbd,unit_pulse_no_time,assume_wbd,041000090603,041000060101,20,True,
v01b_unit_pulse_assume_wbd,unit_pulse_no_time,assume_wbd,041000090603,041000080102,20,True,
v01b_unit_pulse_assume_wbd,unit_pulse_no_time,assume_wbd,041000090603,041000030506,21,True,
v01b_unit_pulse_assume_wbd,unit_pulse_no_time,assume_wbd,041000090603,041000030601,21,True,
v01b_unit_pulse_assume_wbd,unit_pulse_no_time,assume_wbd,041000090603,041000030801,21,True,
v01b_unit_pulse_assume_wbd,unit_pulse_no_time,assume_wbd,041000090603,041000040408,21,True,
v01b_unit_pulse_assume_wbd,unit_pulse_no_time,assume_wbd,041000090603,041000040501,21,True,
v01b_unit_pulse_assume_wbd,unit_pulse_no_time,assume_wbd,041000090603,041000080101,21,True,
v01b_unit_pulse_assume_wbd,unit_pulse_no_time,assume_wbd,041000090603,041000030505,22,True,
v01b_unit_pulse_assume_wbd,unit_pulse_no_time,assume_wbd,041000090603,041000040305,22,True,
v01b_unit_pulse_assume_wbd,unit_pulse_no_time,assume_wbd,041000090603,041000040401,22,True,
v01b_unit_pulse_assume_wbd,unit_pulse_no_time,assume_wbd,041000090603,041000040405,22,True,
v01b_unit_pulse_assume_wbd,unit_pulse_no_time,assume_wbd,041000090603,041000040406,22,True,
v01b_unit_pulse_assume_wbd,unit_pulse_no_time,assume_wbd,041000090603,041000040407,22,True,
v01b_unit_pulse_assume_wbd,unit_pulse_no_time,assume_wbd,041000090603,041000030503,23,True,
v01b_unit_pulse_assume_wbd,unit_pulse_no_time,assume_wbd,041000090603,041000030504,23,True,
v01b_unit_pulse_assume_wbd,unit_pulse_no_time,assume_wbd,041000090603,041000040303,23,True,
v01b_unit_pulse_assume_wbd,unit_pulse_no_time,assume_wbd,041000090603,041000040304,23,True,
v01b_unit_pulse_assume_wbd,unit_pulse_no_time,assume_wbd,041000090603,041000040402,23,True,
v01b_unit_pulse_assume_wbd,unit_pulse_no_time,assume_wbd,041000090603,041000040403,23,True,
v01b_unit_pulse_assume_wbd,unit_pulse_no_time,assume_wbd,041000090603,041000040404,23,True,
v01b_unit_pulse_assume_wbd,unit_pulse_no_time,assume_wbd,041000090603,041000030406,24,True,
v01b_unit_pulse_assume_wbd,unit_pulse_no_time,assume_wbd,041000090603,041000030501,24,True,
v01b_unit_pulse_assume_wbd,unit_pulse_no_time,assume_wbd,041000090603,041000030502,24,True,
v01b_unit_pulse_assume_wbd,unit_pulse_no_time,assume_wbd,041000090603,041000040205,24,True,
v01b_unit_pulse_assume_wbd,unit_pulse_no_time,assume_wbd,041000090603,041000040302,24,True,
v01b_unit_pulse_assume_wbd,unit_pulse_no_time,assume_wbd,041000090603,041000030306,25,True,
v01b_unit_pulse_assume_wbd,unit_pulse_no_time,assume_wbd,041000090603,041000030404,25,True,
v01b_unit_pulse_assume_wbd,unit_pulse_no_time,assume_wbd,041000090603,041000030405,25,True,
v01b_unit_pulse_assume_wbd,unit_pulse_no_time,assume_wbd,041000090603,041000040106,25,True,
v01b_unit_pulse_assume_wbd,unit_pulse_no_time,assume_wbd,041000090603,041000040201,25,True,
v01b_unit_pulse_assume_wbd,unit_pulse_no_time,assume_wbd,041000090603,041000040202,25,True,
v01b_unit_pulse_assume_wbd,unit_pulse_no_time,assume_wbd,041000090603,041000040204,25,True,
v01b_unit_pulse_assume_wbd,unit_pulse_no_time,assume_wbd,041000090603,041000040301,25,True,
v01b_unit_pulse_assume_wbd,unit_pulse_no_time,assume_wbd,041000090603,041000030304,26,True,
v01b_unit_pulse_assume_wbd,unit_pulse_no_time,assume_wbd,041000090603,041000030305,26,True,
v01b_unit_pulse_assume_wbd,unit_pulse_no_time,assume_wbd,041000090603,041000030401,26,True,
v01b_unit_pulse_assume_wbd,unit_pulse_no_time,assume_wbd,041000090603,041000030402,26,True,
v01b_unit_pulse_assume_wbd,unit_pulse_no_time,assume_wbd,041000090603,041000030403,26,True,
v01b_unit_pulse_assume_wbd,unit_pulse_no_time,assume_wbd,041000090603,041000040103,26,True,
v01b_unit_pulse_assume_wbd,unit_pulse_no_time,assume_wbd,041000090603,041000040104,26,True,
v01b_unit_pulse_assume_wbd,unit_pulse_no_time,assume_wbd,041000090603,041000040105,26,True,
v01b_unit_pulse_assume_wbd,unit_pulse_no_time,assume_wbd,041000090603,041000040203,26,True,
v01b_unit_pulse_assume_wbd,unit_pulse_no_time,assume_wbd,041000090603,041000030301,27,True,
v01b_unit_pulse_assume_wbd,unit_pulse_no_time,assume_wbd,041000090603,041000030302,27,True,
v01b_unit_pulse_assume_wbd,unit_pulse_no_time,assume_wbd,041000090603,041000030303,27,True,041000030303
v01b_unit_pulse_assume_wbd,unit_pulse_no_time,assume_wbd,041000090603,041000040101,27,True,
v01b_unit_pulse_assume_wbd,unit_pulse_no_time,assume_wbd,041000090603,041000040102,27,True,041000040102
v01b_unit_pulse_assume_wbd,unit_pulse_no_time,assume_wbd,041000090603,041000030106,28,True,
v01b_unit_pulse_assume_wbd,unit_pulse_no_time,assume_wbd,041000090603,041000030204,28,True,041000030204
v01b_unit_pulse_assume_wbd,unit_pulse_no_time,assume_wbd,041000090603,041000030104,29,True,
v01b_unit_pulse_assume_wbd,unit_pulse_no_time,assume_wbd,041000090603,041000030105,29,True,
v01b_unit_pulse_assume_wbd,unit_pulse_no_time,assume_wbd,041000090603,041000030202,29,True,041000030204
v01b_unit_pulse_assume_wbd,unit_pulse_no_time,assume_wbd,041000090603,041000030203,29,True,041000030204
v01b_unit_pulse_assume_wbd,unit_pulse_no_time,assume_wbd,041000090603,041000030102,30,True,
v01b_unit_pulse_assume_wbd,unit_pulse_no_time,assume_wbd,041000090603,041000030103,30,True,041000030103
v01b_unit_pulse_assume_wbd,unit_pulse_no_time,assume_wbd,041000090603,041000030201,30,True,041000030204
v01b_unit_pulse_assume_wbd,unit_pulse_no_time,assume_wbd,041000090603,041000030101,31,True,
v01b_unit_pulse_assume_wbd,unit_pulse_no_time,assume_wbd,041000090701,041000090701,0,True,
v01b_unit_pulse_assume_wbd,unit_pulse_no_time,assume_wbd,041000090702,041000090702,0,True,
v01b_unit_pulse_assume_wbd,unit_pulse_no_time,assume_wbd,041000090702,041000090701,1,True,
v01b_unit_pulse_assume_wbd,unit_pulse_no_time,assume_wbd,041000090703,041000090703,0,True,
v01b_unit_pulse_assume_wbd,unit_pulse_no_time,assume_wbd,041000090703,041000090702,1,True,
v01b_unit_pulse_assume_wbd,unit_pulse_no_time,assume_wbd,041000090703,041000090701,2,True,
v01b_unit_pulse_assume_wbd,unit_pulse_no_time,assume_wbd,041000090801,041000090801,0,True,
v01b_unit_pulse_assume_wbd,unit_pulse_no_time,assume_wbd,041000090802,041000090802,0,True,
v01b_unit_pulse_assume_wbd,unit_pulse_no_time,assume_wbd,041000090802,041000090801,1,True,
v01b_unit_pulse_assume_wbd,unit_pulse_no_time,assume_wbd,041000090803,041000090803,0,True,
v01b_unit_pulse_assume_wbd,unit_pulse_no_time,assume_wbd,041000090804,041000090804,0,True,
v01b_unit_pulse_assume_wbd,unit_pulse_no_time,assume_wbd,041000090804,041000090703,1,True,
v01b_unit_pulse_assume_wbd,unit_pulse_no_time,assume_wbd,041000090804,041000090802,1,True,
v01b_unit_pulse_assume_wbd,unit_pulse_no_time,assume_wbd,041000090804,041000090803,1,True,
v01b_unit_pulse_assume_wbd,unit_pulse_no_time,assume_wbd,041000090804,041000090702,2,True,
v01b_unit_pulse_assume_wbd,unit_pulse_no_time,assume_wbd,041000090804,041000090801,2,True,
v01b_unit_pulse_assume_wbd,unit_pulse_no_time,assume_wbd,041000090804,041000090701,3,True,
v01b_unit_pulse_assume_wbd,unit_pulse_no_time,assume_wbd,041000090901,041000090901,0,True,
v01b_unit_pulse_assume_wbd,unit_pulse_no_time,assume_wbd,041000090902,041000090902,0,True,
v01b_unit_pulse_assume_wbd,unit_pulse_no_time,assume_wbd,041000090903,041000090903,0,True,
v01b_unit_pulse_assume_wbd,unit_pulse_no_time,assume_wbd,041000090903,041000090603,1,True,
v01b_unit_pulse_assume_wbd,unit_pulse_no_time,assume_wbd,041000090903,041000090901,1,True,
v01b_unit_pulse_assume_wbd,unit_pulse_no_time,assume_wbd,041000090903,041000090902,1,True,
v01b_unit_pulse_assume_wbd,unit_pulse_no_time,assume_wbd,041000090903,041000090602,2,True,
v01b_unit_pulse_assume_wbd,unit_pulse_no_time,assume_wbd,041000090903,041000090510,3,True,
v01b_unit_pulse_assume_wbd,unit_pulse_no_time,assume_wbd,041000090903,041000090601,3,True,
v01b_unit_pulse_assume_wbd,unit_pulse_no_time,assume_wbd,041000090903,041000090403,4,True,
v01b_unit_pulse_assume_wbd,unit_pulse_no_time,assume_wbd,041000090903,041000090501,4,True,
v01b_unit_pulse_assume_wbd,unit_pulse_no_time,assume_wbd,041000090903,041000090509,4,True,
v01b_unit_pulse_assume_wbd,unit_pulse_no_time,assume_wbd,041000090903,041000090207,5,True,
v01b_unit_pulse_assume_wbd,unit_pulse_no_time,assume_wbd,041000090903,041000090302,5,True,
v01b_unit_pulse_assume_wbd,unit_pulse_no_time,assume_wbd,041000090903,041000090402,5,True,041000090402
v01b_unit_pulse_assume_wbd,unit_pulse_no_time,assume_wbd,041000090903,041000090508,5,True,
v01b_unit_pulse_assume_wbd,unit_pulse_no_time,assume_wbd,041000090903,041000090106,6,True,
v01b_unit_pulse_assume_wbd,unit_pulse_no_time,assume_wbd,041000090903,041000090206,6,True,
v01b_unit_pulse_assume_wbd,unit_pulse_no_time,assume_wbd,041000090903,041000090301,6,True,
v01b_unit_pulse_assume_wbd,unit_pulse_no_time,assume_wbd,041000090903,041000090401,6,True,041000090402
v01b_unit_pulse_assume_wbd,unit_pulse_no_time,assume_wbd,041000090903,041000090503,6,True,
v01b_unit_pulse_assume_wbd,unit_pulse_no_time,assume_wbd,041000090903,041000090507,6,True,
v01b_unit_pulse_assume_wbd,unit_pulse_no_time,assume_wbd,041000090903,041000090104,7,True,
v01b_unit_pulse_assume_wbd,unit_pulse_no_time,assume_wbd,041000090903,041000090105,7,True,
v01b_unit_pulse_assume_wbd,unit_pulse_no_time,assume_wbd,041000090903,041000090203,7,True,
v01b_unit_pulse_assume_wbd,unit_pulse_no_time,assume_wbd,041000090903,041000090204,7,True,
v01b_unit_pulse_assume_wbd,unit_pulse_no_time,assume_wbd,041000090903,041000090205,7,True,
v01b_unit_pulse_assume_wbd,unit_pulse_no_time,assume_wbd,041000090903,041000090502,7,True,
v01b_unit_pulse_assume_wbd,unit_pulse_no_time,assume_wbd,041000090903,041000090506,7,True,
v01b_unit_pulse_assume_wbd,unit_pulse_no_time,assume_wbd,041000090903,041000090102,8,True,
v01b_unit_pulse_assume_wbd,unit_pulse_no_time,assume_wbd,041000090903,041000090103,8,True,
v01b_unit_pulse_assume_wbd,unit_pulse_no_time,assume_wbd,041000090903,041000090201,8,True,
v01b_unit_pulse_assume_wbd,unit_pulse_no_time,assume_wbd,041000090903,041000090202,8,True,
v01b_unit_pulse_assume_wbd,unit_pulse_no_time,assume_wbd,041000090903,041000090504,8,True,
v01b_unit_pulse_assume_wbd,unit_pulse_no_time,assume_wbd,041000090903,041000090505,8,True,
v01b_unit_pulse_assume_wbd,unit_pulse_no_time,assume_wbd,041000090903,041000050208,9,True,
v01b_unit_pulse_assume_wbd,unit_pulse_no_time,assume_wbd,041000090903,041000060604,9,True,
v01b_unit_pulse_assume_wbd,unit_pulse_no_time,assume_wbd,041000090903,041000071209,9,True,
v01b_unit_pulse_assume_wbd,unit_pulse_no_time,assume_wbd,041000090903,041000090101,9,True,
v01b_unit_pulse_assume_wbd,unit_pulse_no_time,assume_wbd,041000090903,041000050207,10,True,
v01b_unit_pulse_assume_wbd,unit_pulse_no_time,assume_wbd,041000090903,041000060504,10,True,
v01b_unit_pulse_assume_wbd,unit_pulse_no_time,assume_wbd,041000090903,041000060602,10,True,
v01b_unit_pulse_assume_wbd,unit_pulse_no_time,assume_wbd,041000090903,041000060603,10,True,
v01b_unit_pulse_assume_wbd,unit_pulse_no_time,assume_wbd,041000090903,041000071005,10,True,
v01b_unit_pulse_assume_wbd,unit_pulse_no_time,assume_wbd,041000090903,041000071103,10,True,
v01b_unit_pulse_assume_wbd,unit_pulse_no_time,assume_wbd,041000090903,041000071206,10,True,
v01b_unit_pulse_assume_wbd,unit_pulse_no_time,assume_wbd,041000090903,041000071207,10,True,
v01b_unit_pulse_assume_wbd,unit_pulse_no_time,assume_wbd,041000090903,041000071208,10,True,
v01b_unit_pulse_assume_wbd,unit_pulse_no_time,assume_wbd,041000090903,041000050205,11,True,
v01b_unit_pulse_assume_wbd,unit_pulse_no_time,assume_wbd,041000090903,041000050206,11,True,
v01b_unit_pulse_assume_wbd,unit_pulse_no_time,assume_wbd,041000090903,041000060404,11,True,
v01b_unit_pulse_assume_wbd,unit_pulse_no_time,assume_wbd,041000090903,041000060503,11,True,
v01b_unit_pulse_assume_wbd,unit_pulse_no_time,assume_wbd,041000090903,041000060601,11,True,
v01b_unit_pulse_assume_wbd,unit_pulse_no_time,assume_wbd,041000090903,041000070806,11,True,
v01b_unit_pulse_assume_wbd,unit_pulse_no_time,assume_wbd,041000090903,041000070907,11,True,
v01b_unit_pulse_assume_wbd,unit_pulse_no_time,assume_wbd,041000090903,041000071004,11,True,
v01b_unit_pulse_assume_wbd,unit_pulse_no_time,assume_wbd,041000090903,041000071102,11,True,
v01b_unit_pulse_assume_wbd,unit_pulse_no_time,assume_wbd,041000090903,041000071205,11,True,
v01b_unit_pulse_assume_wbd,unit_pulse_no_time,assume_wbd,041000090903,041000050202,12,True,
v01b_unit_pulse_assume_wbd,unit_pulse_no_time,assume_wbd,041000090903,041000050203,12,True,
v01b_unit_pulse_assume_wbd,unit_pulse_no_time,assume_wbd,041000090903,041000050204,12,True,
v01b_unit_pulse_assume_wbd,unit_pulse_no_time,assume_wbd,041000090903,041000060303,12,True,
v01b_unit_pulse_assume_wbd,unit_pulse_no_time,assume_wbd,041000090903,041000060402,12,True,
v01b_unit_pulse_assume_wbd,unit_pulse_no_time,assume_wbd,041000090903,041000060403,12,True,
v01b_unit_pulse_assume_wbd,unit_pulse_no_time,assume_wbd,041000090903,041000060501,12,True,
v01b_unit_pulse_assume_wbd,unit_pulse_no_time,assume_wbd,041000090903,041000060502,12,True,
v01b_unit_pulse_assume_wbd,unit_pulse_no_time,assume_wbd,041000090903,041000070604,12,True,
v01b_unit_pulse_assume_wbd,unit_pulse_no_time,assume_wbd,041000090903,041000070703,12,True,
v01b_unit_pulse_assume_wbd,unit_pulse_no_time,assume_wbd,041000090903,041000070801,12,True,
v01b_unit_pulse_assume_wbd,unit_pulse_no_time,assume_wbd,041000090903,041000070805,12,True,
v01b_unit_pulse_assume_wbd,unit_pulse_no_time,assume_wbd,041000090903,041000070905,12,True,
v01b_unit_pulse_assume_wbd,unit_pulse_no_time,assume_wbd,041000090903,041000070906,12,True,
v01b_unit_pulse_assume_wbd,unit_pulse_no_time,assume_wbd,041000090903,041000071003,12,True,
v01b_unit_pulse_assume_wbd,unit_pulse_no_time,assume_wbd,041000090903,041000071101,12,True,
v01b_unit_pulse_assume_wbd,unit_pulse_no_time,assume_wbd,041000090903,041000071203,12,True,
v01b_unit_pulse_assume_wbd,unit_pulse_no_time,assume_wbd,041000090903,041000071204,12,True,
v01b_unit_pulse_assume_wbd,unit_pulse_no_time,assume_wbd,041000090903,041000050106,13,True,
v01b_unit_pulse_assume_wbd,unit_pulse_no_time,assume_wbd,041000090903,041000050201,13,True,
v01b_unit_pulse_assume_wbd,unit_pulse_no_time,assume_wbd,041000090903,041000060301,13,True,
v01b_unit_pulse_assume_wbd,unit_pulse_no_time,assume_wbd,041000090903,041000060302,13,True,
v01b_unit_pulse_assume_wbd,unit_pulse_no_time,assume_wbd,041000090903,041000060401,13,True,
v01b_unit_pulse_assume_wbd,unit_pulse_no_time,assume_wbd,041000090903,041000070603,13,True,
v01b_unit_pulse_assume_wbd,unit_pulse_no_time,assume_wbd,041000090903,041000070701,13,True,
v01b_unit_pulse_assume_wbd,unit_pulse_no_time,assume_wbd,041000090903,041000070702,13,True,
v01b_unit_pulse_assume_wbd,unit_pulse_no_time,assume_wbd,041000090903,041000070803,13,True,
v01b_unit_pulse_assume_wbd,unit_pulse_no_time,assume_wbd,041000090903,041000070804,13,True,
v01b_unit_pulse_assume_wbd,unit_pulse_no_time,assume_wbd,041000090903,041000070904,13,True,
v01b_unit_pulse_assume_wbd,unit_pulse_no_time,assume_wbd,041000090903,041000071002,13,True,
v01b_unit_pulse_assume_wbd,unit_pulse_no_time,assume_wbd,041000090903,041000071201,13,True,
v01b_unit_pulse_assume_wbd,unit_pulse_no_time,assume_wbd,041000090903,041000071202,13,True,
v01b_unit_pulse_assume_wbd,unit_pulse_no_time,assume_wbd,041000090903,041000080605,13,True,
v01b_unit_pulse_assume_wbd,unit_pulse_no_time,assume_wbd,041000090903,041000050104,14,True,
v01b_unit_pulse_assume_wbd,unit_pulse_no_time,assume_wbd,041000090903,041000050105,14,True,
v01b_unit_pulse_assume_wbd,unit_pulse_no_time,assume_wbd,041000090903,041000060205,14,True,
v01b_unit_pulse_assume_wbd,unit_pulse_no_time,assume_wbd,041000090903,041000070204,14,True,
v01b_unit_pulse_assume_wbd,unit_pulse_no_time,assume_wbd,041000090903,041000070503,14,True,
v01b_unit_pulse_assume_wbd,unit_pulse_no_time,assume_wbd,041000090903,041000070602,14,True,
v01b_unit_pulse_assume_wbd,unit_pulse_no_time,assume_wbd,041000090903,041000070802,14,True,
v01b_unit_pulse_assume_wbd,unit_pulse_no_time,assume_wbd,041000090903,041000070903,14,True,
v01b_unit_pulse_assume_wbd,unit_pulse_no_time,assume_wbd,041000090903,041000071001,14,True,041000071001
v01b_unit_pulse_assume_wbd,unit_pulse_no_time,assume_wbd,041000090903,041000080602,14,True,
v01b_unit_pulse_assume_wbd,unit_pulse_no_time,assume_wbd,041000090903,041000080603,14,True,
v01b_unit_pulse_assume_wbd,unit_pulse_no_time,assume_wbd,041000090903,041000080604,14,True,
v01b_unit_pulse_assume_wbd,unit_pulse_no_time,assume_wbd,041000090903,041000050103,15,True,
v01b_unit_pulse_assume_wbd,unit_pulse_no_time,assume_wbd,041000090903,041000060202,15,True,
v01b_unit_pulse_assume_wbd,unit_pulse_no_time,assume_wbd,041000090903,041000060203,15,True,
v01b_unit_pulse_assume_wbd,unit_pulse_no_time,assume_wbd,041000090903,041000060204,15,True,041000060204
v01b_unit_pulse_assume_wbd,unit_pulse_no_time,assume_wbd,041000090903,041000070203,15,True,
v01b_unit_pulse_assume_wbd,unit_pulse_no_time,assume_wbd,041000090903,041000070406,15,True,
v01b_unit_pulse_assume_wbd,unit_pulse_no_time,assume_wbd,041000090903,041000070501,15,True,
v01b_unit_pulse_assume_wbd,unit_pulse_no_time,assume_wbd,041000090903,041000070502,15,True,
v01b_unit_pulse_assume_wbd,unit_pulse_no_time,assume_wbd,041000090903,041000070601,15,True,
v01b_unit_pulse_assume_wbd,unit_pulse_no_time,assume_wbd,041000090903,041000070901,15,True,
v01b_unit_pulse_assume_wbd,unit_pulse_no_time,assume_wbd,041000090903,041000070902,15,True,
v01b_unit_pulse_assume_wbd,unit_pulse_no_time,assume_wbd,041000090903,041000080506,15,True,
v01b_unit_pulse_assume_wbd,unit_pulse_no_time,assume_wbd,041000090903,041000080601,15,True,
v01b_unit_pulse_assume_wbd,unit_pulse_no_time,assume_wbd,041000090903,041000050102,16,True,
v01b_unit_pulse_assume_wbd,unit_pulse_no_time,assume_wbd,041000090903,041000060201,16,True,
v01b_unit_pulse_assume_wbd,unit_pulse_no_time,assume_wbd,041000090903,041000070202,16,True,
v01b_unit_pulse_assume_wbd,unit_pulse_no_time,assume_wbd,041000090903,041000070402,16,True,
v01b_unit_pulse_assume_wbd,unit_pulse_no_time,assume_wbd,041000090903,041000070403,16,True,
v01b_unit_pulse_assume_wbd,unit_pulse_no_time,assume_wbd,041000090903,041000070404,16,True,
v01b_unit_pulse_assume_wbd,unit_pulse_no_time,assume_wbd,041000090903,041000070405,16,True,
v01b_unit_pulse_assume_wbd,unit_pulse_no_time,assume_wbd,041000090903,041000080304,16,True,
v01b_unit_pulse_assume_wbd,unit_pulse_no_time,assume_wbd,041000090903,041000080405,16,True,041000080405
v01b_unit_pulse_assume_wbd,unit_pulse_no_time,assume_wbd,041000090903,041000080502,16,True,
v01b_unit_pulse_assume_wbd,unit_pulse_no_time,assume_wbd,041000090903,041000080503,16,True,
v01b_unit_pulse_assume_wbd,unit_pulse_no_time,assume_wbd,041000090903,041000080504,16,True,
v01b_unit_pulse_assume_wbd,unit_pulse_no_time,assume_wbd,041000090903,041000080505,16,True,
v01b_unit_pulse_assume_wbd,unit_pulse_no_time,assume_wbd,041000090903,041000030806,17,True,
v01b_unit_pulse_assume_wbd,unit_pulse_no_time,assume_wbd,041000090903,041000040606,17,True,
v01b_unit_pulse_assume_wbd,unit_pulse_no_time,assume_wbd,041000090903,041000050101,17,True,
v01b_unit_pulse_assume_wbd,unit_pulse_no_time,assume_wbd,041000090903,041000060106,17,True,
v01b_unit_pulse_assume_wbd,unit_pulse_no_time,assume_wbd,041000090903,041000070105,17,True,
v01b_unit_pulse_assume_wbd,unit_pulse_no_time,assume_wbd,041000090903,041000070201,17,True,
v01b_unit_pulse_assume_wbd,unit_pulse_no_time,assume_wbd,041000090903,041000070306,17,True,
v01b_unit_pulse_assume_wbd,unit_pulse_no_time,assume_wbd,041000090903,041000070401,17,True,041000070401
v01b_unit_pulse_assume_wbd,unit_pulse_no_time,assume_wbd,041000090903,041000080205,17,True,
v01b_unit_pulse_assume_wbd,unit_pulse_no_time,assume_wbd,041000090903,041000080302,17,True,
v01b_unit_pulse_assume_wbd,unit_pulse_no_time,assume_wbd,041000090903,041000080303,17,True,
v01b_unit_pulse_assume_wbd,unit_pulse_no_time,assume_wbd,041000090903,041000080404,17,True,041000080405
v01b_unit_pulse_assume_wbd,unit_pulse_no_time,assume_wbd,041000090903,041000080501,17,True,
v01b_unit_pulse_assume_wbd,unit_pulse_no_time,assume_wbd,041000090903,041000030805,18,True,
v01b_unit_pulse_assume_wbd,unit_pulse_no_time,assume_wbd,041000090903,041000040604,18,True,
v01b_unit_pulse_assume_wbd,unit_pulse_no_time,assume_wbd,041000090903,041000040605,18,True,
v01b_unit_pulse_assume_wbd,unit_pulse_no_time,assume_wbd,041000090903,041000060104,18,True,
v01b_unit_pulse_assume_wbd,unit_pulse_no_time,assume_wbd,041000090903,041000060105,18,True,
v01b_unit_pulse_assume_wbd,unit_pulse_no_time,assume_wbd,041000090903,041000070103,18,True,
v01b_unit_pulse_assume_wbd,unit_pulse_no_time,assume_wbd,041000090903,041000070104,18,True,
v01b_unit_pulse_assume_wbd,unit_pulse_no_time,assume_wbd,041000090903,041000070304,18,True,
v01b_unit_pulse_assume_wbd,unit_pulse_no_time,assume_wbd,041000090903,041000070305,18,True,
v01b_unit_pulse_assume_wbd,unit_pulse_no_time,assume_wbd,041000090903,041000080203,18,True,
v01b_unit_pulse_assume_wbd,unit_pulse_no_time,assume_wbd,041000090903,041000080204,18,True,
v01b_unit_pulse_assume_wbd,unit_pulse_no_time,assume_wbd,041000090903,041000080301,18,True,
v01b_unit_pulse_assume_wbd,unit_pulse_no_time,assume_wbd,041000090903,041000080402,18,True,041000080405
v01b_unit_pulse_assume_wbd,unit_pulse_no_time,assume_wbd,041000090903,041000080403,18,True,041000080405
v01b_unit_pulse_assume_wbd,unit_pulse_no_time,assume_wbd,041000090903,041000030707,19,True,
v01b_unit_pulse_assume_wbd,unit_pulse_no_time,assume_wbd,041000090903,041000030804,19,True,
v01b_unit_pulse_assume_wbd,unit_pulse_no_time,assume_wbd,041000090903,041000040601,19,True,
v01b_unit_pulse_assume_wbd,unit_pulse_no_time,assume_wbd,041000090903,041000040602,19,True,
v01b_unit_pulse_assume_wbd,unit_pulse_no_time,assume_wbd,041000090903,041000040603,19,True,
v01b_unit_pulse_assume_wbd,unit_pulse_no_time,assume_wbd,041000090903,041000060103,19,True,
v01b_unit_pulse_assume_wbd,unit_pulse_no_time,assume_wbd,041000090903,041000070101,19,True,
v01b_unit_pulse_assume_wbd,unit_pulse_no_time,assume_wbd,041000090903,041000070102,19,True,041000070102
v01b_unit_pulse_assume_wbd,unit_pulse_no_time,assume_wbd,041000090903,041000070302,19,True,
v01b_unit_pulse_assume_wbd,unit_pulse_no_time,assume_wbd,041000090903,041000070303,19,True,
v01b_unit_pulse_assume_wbd,unit_pulse_no_time,assume_wbd,041000090903,041000080105,19,True,
v01b_unit_pulse_assume_wbd,unit_pulse_no_time,assume_wbd,041000090903,041000080201,19,True,
v01b_unit_pulse_assume_wbd,unit_pulse_no_time,assume_wbd,041000090903,041000080202,19,True,
v01b_unit_pulse_assume_wbd,unit_pulse_no_time,assume_wbd,041000090903,041000080401,19,True,041000080401
v01b_unit_pulse_assume_wbd,unit_pulse_no_time,assume_wbd,041000090903,041000030604,20,True,
v01b_unit_pulse_assume_wbd,unit_pulse_no_time,assume_wbd,041000090903,041000030702,20,True,
v01b_unit_pulse_assume_wbd,unit_pulse_no_time,assume_wbd,041000090903,041000030705,20,True,
v01b_unit_pulse_assume_wbd,unit_pulse_no_time,assume_wbd,041000090903,041000030706,20,True,
v01b_unit_pulse_assume_wbd,unit_pulse_no_time,assume_wbd,041000090903,041000030803,20,True,
v01b_unit_pulse_assume_wbd,unit_pulse_no_time,assume_wbd,041000090903,041000040504,20,True,
v01b_unit_pulse_assume_wbd,unit_pulse_no_time,assume_wbd,041000090903,041000060102,20,True,
v01b_unit_pulse_assume_wbd,unit_pulse_no_time,assume_wbd,041000090903,041000070301,20,True,
v01b_unit_pulse_assume_wbd,unit_pulse_no_time,assume_wbd,041000090903,041000080103,20,True,
v01b_unit_pulse_assume_wbd,unit_pulse_no_time,assume_wbd,041000090903,041000080104,20,True,041000080104
v01b_unit_pulse_assume_wbd,unit_pulse_no_time,assume_wbd,041000090903,041000030602,21,True,
v01b_unit_pulse_assume_wbd,unit_pulse_no_time,assume_wbd,041000090903,041000030603,21,True,
v01b_unit_pulse_assume_wbd,unit_pulse_no_time,assume_wbd,041000090903,041000030701,21,True,
v01b_unit_pulse_assume_wbd,unit_pulse_no_time,assume_wbd,041000090903,041000030703,21,True,
v01b_unit_pulse_assume_wbd,unit_pulse_no_time,assume_wbd,041000090903,041000030704,21,True,
v01b_unit_pulse_assume_wbd,unit_pulse_no_time,assume_wbd,041000090903,041000030802,21,True,
v01b_unit_pulse_assume_wbd,unit_pulse_no_time,assume_wbd,041000090903,041000040502,21,True,
v01b_unit_pulse_assume_wbd,unit_pulse_no_time,assume_wbd,041000090903,041000040503,21,True,
v01b_unit_pulse_assume_wbd,unit_pulse_no_time,assume_wbd,041000090903,041000060101,21,True,
v01b_unit_pulse_assume_wbd,unit_pulse_no_time,assume_wbd,041000090903,041000080102,21,True,
v01b_unit_pulse_assume_wbd,unit_pulse_no_time,assume_wbd,041000090903,041000030506,22,True,
v01b_unit_pulse_assume_wbd,unit_pulse_no_time,assume_wbd,041000090903,041000030601,22,True,
v01b_unit_pulse_assume_wbd,unit_pulse_no_time,assume_wbd,041000090903,041000030801,22,True,
v01b_unit_pulse_assume_wbd,unit_pulse_no_time,assume_wbd,041000090903,041000040408,22,True,
v01b_unit_pulse_assume_wbd,unit_pulse_no_time,assume_wbd,041000090903,041000040501,22,True,
v01b_unit_pulse_assume_wbd,unit_pulse_no_time,assume_wbd,041000090903,041000080101,22,True,
v01b_unit_pulse_assume_wbd,unit_pulse_no_time,assume_wbd,041000090903,041000030505,23,True,
v01b_unit_pulse_assume_wbd,unit_pulse_no_time,assume_wbd,041000090903,041000040305,23,True,
v01b_unit_pulse_assume_wbd,unit_pulse_no_time,assume_wbd,041000090903,041000040401,23,True,
v01b_unit_pulse_assume_wbd,unit_pulse_no_time,assume_wbd,041000090903,041000040405,23,True,
v01b_unit_pulse_assume_wbd,unit_pulse_no_time,assume_wbd,041000090903,041000040406,23,True,
v01b_unit_pulse_assume_wbd,unit_pulse_no_time,assume_wbd,041000090903,041000040407,23,True,
v01b_unit_pulse_assume_wbd,unit_pulse_no_time,assume_wbd,041000090903,041000030503,24,True,
v01b_unit_pulse_assume_wbd,unit_pulse_no_time,assume_wbd,041000090903,041000030504,24,True,
v01b_unit_pulse_assume_wbd,unit_pulse_no_time,assume_wbd,041000090903,041000040303,24,True,
v01b_unit_pulse_assume_wbd,unit_pulse_no_time,assume_wbd,041000090903,041000040304,24,True,
v01b_unit_pulse_assume_wbd,unit_pulse_no_time,assume_wbd,041000090903,041000040402,24,True,
v01b_unit_pulse_assume_wbd,unit_pulse_no_time,assume_wbd,041000090903,041000040403,24,True,
v01b_unit_pulse_assume_wbd,unit_pulse_no_time,assume_wbd,041000090903,041000040404,24,True,
v01b_unit_pulse_assume_wbd,unit_pulse_no_time,assume_wbd,041000090903,041000030406,25,True,
v01b_unit_pulse_assume_wbd,unit_pulse_no_time,assume_wbd,041000090903,041000030501,25,True,
v01b_unit_pulse_assume_wbd,unit_pulse_no_time,assume_wbd,041000090903,041000030502,25,True,
v01b_unit_pulse_assume_wbd,unit_pulse_no_time,assume_wbd,041000090903,041000040205,25,True,
v01b_unit_pulse_assume_wbd,unit_pulse_no_time,assume_wbd,041000090903,041000040302,25,True,
v01b_unit_pulse_assume_wbd,unit_pulse_no_time,assume_wbd,041000090903,041000030306,26,True,
v01b_unit_pulse_assume_wbd,unit_pulse_no_time,assume_wbd,041000090903,041000030404,26,True,
v01b_unit_pulse_assume_wbd,unit_pulse_no_time,assume_wbd,041000090903,041000030405,26,True,
v01b_unit_pulse_assume_wbd,unit_pulse_no_time,assume_wbd,041000090903,041000040106,26,True,
v01b_unit_pulse_assume_wbd,unit_pulse_no_time,assume_wbd,041000090903,041000040201,26,True,
v01b_unit_pulse_assume_wbd,unit_pulse_no_time,assume_wbd,041000090903,041000040202,26,True,
v01b_unit_pulse_assume_wbd,unit_pulse_no_time,assume_wbd,041000090903,041000040204,26,True,
v01b_unit_pulse_assume_wbd,unit_pulse_no_time,assume_wbd,041000090903,041000040301,26,True,
v01b_unit_pulse_assume_wbd,unit_pulse_no_time,assume_wbd,041000090903,041000030304,27,True,
v01b_unit_pulse_assume_wbd,unit_pulse_no_time,assume_wbd,041000090903,041000030305,27,True,
v01b_unit_pulse_assume_wbd,unit_pulse_no_time,assume_wbd,041000090903,041000030401,27,True,
v01b_unit_pulse_assume_wbd,unit_pulse_no_time,assume_wbd,041000090903,041000030402,27,True,
v01b_unit_pulse_assume_wbd,unit_pulse_no_time,assume_wbd,041000090903,041000030403,27,True,
v01b_unit_pulse_assume_wbd,unit_pulse_no_time,assume_wbd,041000090903,041000040103,27,True,
v01b_unit_pulse_assume_wbd,unit_pulse_no_time,assume_wbd,041000090903,041000040104,27,True,
v01b_unit_pulse_assume_wbd,unit_pulse_no_time,assume_wbd,041000090903,041000040105,27,True,
v01b_unit_pulse_assume_wbd,unit_pulse_no_time,assume_wbd,041000090903,041000040203,27,True,
v01b_unit_pulse_assume_wbd,unit_pulse_no_time,assume_wbd,041000090903,041000030301,28,True,
v01b_unit_pulse_assume_wbd,unit_pulse_no_time,assume_wbd,041000090903,041000030302,28,True,
v01b_unit_pulse_assume_wbd,unit_pulse_no_time,assume_wbd,041000090903,041000030303,28,True,041000030303
v01b_unit_pulse_assume_wbd,unit_pulse_no_time,assume_wbd,041000090903,041000040101,28,True,
v01b_unit_pulse_assume_wbd,unit_pulse_no_time,assume_wbd,041000090903,041000040102,28,True,041000040102
v01b_unit_pulse_assume_wbd,unit_pulse_no_time,assume_wbd,041000090903,041000030106,29,True,
v01b_unit_pulse_assume_wbd,unit_pulse_no_time,assume_wbd,041000090903,041000030204,29,True,041000030204
v01b_unit_pulse_assume_wbd,unit_pulse_no_time,assume_wbd,041000090903,041000030104,30,True,
v01b_unit_pulse_assume_wbd,unit_pulse_no_time,assume_wbd,041000090903,041000030105,30,True,
v01b_unit_pulse_assume_wbd,unit_pulse_no_time,assume_wbd,041000090903,041000030202,30,True,041000030204
v01b_unit_pulse_assume_wbd,unit_pulse_no_time,assume_wbd,041000090903,041000030203,30,True,041000030204
v01b_unit_pulse_assume_wbd,unit_pulse_no_time,assume_wbd,041000090903,041000030102,31,True,
v01b_unit_pulse_assume_wbd,unit_pulse_no_time,assume_wbd,041000090903,041000030103,31,True,041000030103
v01b_unit_pulse_assume_wbd,unit_pulse_no_time,assume_wbd,041000090903,041000030201,31,True,041000030204
v01b_unit_pulse_assume_wbd,unit_pulse_no_time,assume_wbd,041000090903,041000030101,32,True,
v01b_unit_pulse_assume_wbd,unit_pulse_no_time,assume_wbd,041000090904,041000090904,0,True,
v01b_unit_pulse_assume_wbd,unit_pulse_no_time,assume_wbd,041000090904,041000090804,1,True,
v01b_unit_pulse_assume_wbd,unit_pulse_no_time,assume_wbd,041000090904,041000090903,1,True,
v01b_unit_pulse_assume_wbd,unit_pulse_no_time,assume_wbd,041000090904,041000090603,2,True,
v01b_unit_pulse_assume_wbd,unit_pulse_no_time,assume_wbd,041000090904,041000090703,2,True,
v01b_unit_pulse_assume_wbd,unit_pulse_no_time,assume_wbd,041000090904,041000090802,2,True,
v01b_unit_pulse_assume_wbd,unit_pulse_no_time,assume_wbd,041000090904,041000090803,2,True,
v01b_unit_pulse_assume_wbd,unit_pulse_no_time,assume_wbd,041000090904,041000090901,2,True,
v01b_unit_pulse_assume_wbd,unit_pulse_no_time,assume_wbd,041000090904,041000090902,2,True,
v01b_unit_pulse_assume_wbd,unit_pulse_no_time,assume_wbd,041000090904,041000090602,3,True,
v01b_unit_pulse_assume_wbd,unit_pulse_no_time,assume_wbd,041000090904,041000090702,3,True,
v01b_unit_pulse_assume_wbd,unit_pulse_no_time,assume_wbd,041000090904,041000090801,3,True,
v01b_unit_pulse_assume_wbd,unit_pulse_no_time,assume_wbd,041000090904,041000090510,4,True,
v01b_unit_pulse_assume_wbd,unit_pulse_no_time,assume_wbd,041000090904,041000090601,4,True,
v01b_unit_pulse_assume_wbd,unit_pulse_no_time,assume_wbd,041000090904,041000090701,4,True,
v01b_unit_pulse_assume_wbd,unit_pulse_no_time,assume_wbd,041000090904,041000090403,5,True,
v01b_unit_pulse_assume_wbd,unit_pulse_no_time,assume_wbd,041000090904,041000090501,5,True,
v01b_unit_pulse_assume_wbd,unit_pulse_no_time,assume_wbd,041000090904,041000090509,5,True,
v01b_unit_pulse_assume_wbd,unit_pulse_no_time,assume_wbd,041000090904,041000090207,6,True,
v01b_unit_pulse_assume_wbd,unit_pulse_no_time,assume_wbd,041000090904,041000090302,6,True,
v01b_unit_pulse_assume_wbd,unit_pulse_no_time,assume_wbd,041000090904,041000090402,6,True,041000090402
v01b_unit_pulse_assume_wbd,unit_pulse_no_time,assume_wbd,041000090904,041000090508,6,True,
v01b_unit_pulse_assume_wbd,unit_pulse_no_time,assume_wbd,041000090904,041000090106,7,True,
v01b_unit_pulse_assume_wbd,unit_pulse_no_time,assume_wbd,041000090904,041000090206,7,True,
v01b_unit_pulse_assume_wbd,unit_pulse_no_time,assume_wbd,041000090904,041000090301,7,True,
v01b_unit_pulse_assume_wbd,unit_pulse_no_time,assume_wbd,041000090904,041000090401,7,True,041000090402
v01b_unit_pulse_assume_wbd,unit_pulse_no_time,assume_wbd,041000090904,041000090503,7,True,
v01b_unit_pulse_assume_wbd,unit_pulse_no_time,assume_wbd,041000090904,041000090507,7,True,
v01b_unit_pulse_assume_wbd,unit_pulse_no_time,assume_wbd,041000090904,041000090104,8,True,
v01b_unit_pulse_assume_wbd,unit_pulse_no_time,assume_wbd,041000090904,041000090105,8,True,
v01b_unit_pulse_assume_wbd,unit_pulse_no_time,assume_wbd,041000090904,041000090203,8,True,
v01b_unit_pulse_assume_wbd,unit_pulse_no_time,assume_wbd,041000090904,041000090204,8,True,
v01b_unit_pulse_assume_wbd,unit_pulse_no_time,assume_wbd,041000090904,041000090205,8,True,
v01b_unit_pulse_assume_wbd,unit_pulse_no_time,assume_wbd,041000090904,041000090502,8,True,
v01b_unit_pulse_assume_wbd,unit_pulse_no_time,assume_wbd,041000090904,041000090506,8,True,
v01b_unit_pulse_assume_wbd,unit_pulse_no_time,assume_wbd,041000090904,041000090102,9,True,
v01b_unit_pulse_assume_wbd,unit_pulse_no_time,assume_wbd,041000090904,041000090103,9,True,
v01b_unit_pulse_assume_wbd,unit_pulse_no_time,assume_wbd,041000090904,041000090201,9,True,
v01b_unit_pulse_assume_wbd,unit_pulse_no_time,assume_wbd,041000090904,041000090202,9,True,
v01b_unit_pulse_assume_wbd,unit_pulse_no_time,assume_wbd,041000090904,041000090504,9,True,
v01b_unit_pulse_assume_wbd,unit_pulse_no_time,assume_wbd,041000090904,041000090505,9,True,
v01b_unit_pulse_assume_wbd,unit_pulse_no_time,assume_wbd,041000090904,041000050208,10,True,
v01b_unit_pulse_assume_wbd,unit_pulse_no_time,assume_wbd,041000090904,041000060604,10,True,
v01b_unit_pulse_assume_wbd,unit_pulse_no_time,assume_wbd,041000090904,041000071209,10,True,
v01b_unit_pulse_assume_wbd,unit_pulse_no_time,assume_wbd,041000090904,041000090101,10,True,
v01b_unit_pulse_assume_wbd,unit_pulse_no_time,assume_wbd,041000090904,041000050207,11,True,
v01b_unit_pulse_assume_wbd,unit_pulse_no_time,assume_wbd,041000090904,041000060504,11,True,
v01b_unit_pulse_assume_wbd,unit_pulse_no_time,assume_wbd,041000090904,041000060602,11,True,
v01b_unit_pulse_assume_wbd,unit_pulse_no_time,assume_wbd,041000090904,041000060603,11,True,
v01b_unit_pulse_assume_wbd,unit_pulse_no_time,assume_wbd,041000090904,041000071005,11,True,
v01b_unit_pulse_assume_wbd,unit_pulse_no_time,assume_wbd,041000090904,041000071103,11,True,
v01b_unit_pulse_assume_wbd,unit_pulse_no_time,assume_wbd,041000090904,041000071206,11,True,
v01b_unit_pulse_assume_wbd,unit_pulse_no_time,assume_wbd,041000090904,041000071207,11,True,
v01b_unit_pulse_assume_wbd,unit_pulse_no_time,assume_wbd,041000090904,041000071208,11,True,
v01b_unit_pulse_assume_wbd,unit_pulse_no_time,assume_wbd,041000090904,041000050205,12,True,
v01b_unit_pulse_assume_wbd,unit_pulse_no_time,assume_wbd,041000090904,041000050206,12,True,
v01b_unit_pulse_assume_wbd,unit_pulse_no_time,assume_wbd,041000090904,041000060404,12,True,
v01b_unit_pulse_assume_wbd,unit_pulse_no_time,assume_wbd,041000090904,041000060503,12,True,
v01b_unit_pulse_assume_wbd,unit_pulse_no_time,assume_wbd,041000090904,041000060601,12,True,
v01b_unit_pulse_assume_wbd,unit_pulse_no_time,assume_wbd,041000090904,041000070806,12,True,
v01b_unit_pulse_assume_wbd,unit_pulse_no_time,assume_wbd,041000090904,041000070907,12,True,
v01b_unit_pulse_assume_wbd,unit_pulse_no_time,assume_wbd,041000090904,041000071004,12,True,
v01b_unit_pulse_assume_wbd,unit_pulse_no_time,assume_wbd,041000090904,041000071102,12,True,
v01b_unit_pulse_assume_wbd,unit_pulse_no_time,assume_wbd,041000090904,041000071205,12,True,
v01b_unit_pulse_assume_wbd,unit_pulse_no_time,assume_wbd,041000090904,041000050202,13,True,
v01b_unit_pulse_assume_wbd,unit_pulse_no_time,assume_wbd,041000090904,041000050203,13,True,
v01b_unit_pulse_assume_wbd,unit_pulse_no_time,assume_wbd,041000090904,041000050204,13,True,
v01b_unit_pulse_assume_wbd,unit_pulse_no_time,assume_wbd,041000090904,041000060303,13,True,
v01b_unit_pulse_assume_wbd,unit_pulse_no_time,assume_wbd,041000090904,041000060402,13,True,
v01b_unit_pulse_assume_wbd,unit_pulse_no_time,assume_wbd,041000090904,041000060403,13,True,
v01b_unit_pulse_assume_wbd,unit_pulse_no_time,assume_wbd,041000090904,041000060501,13,True,
v01b_unit_pulse_assume_wbd,unit_pulse_no_time,assume_wbd,041000090904,041000060502,13,True,
v01b_unit_pulse_assume_wbd,unit_pulse_no_time,assume_wbd,041000090904,041000070604,13,True,
v01b_unit_pulse_assume_wbd,unit_pulse_no_time,assume_wbd,041000090904,041000070703,13,True,
v01b_unit_pulse_assume_wbd,unit_pulse_no_time,assume_wbd,041000090904,041000070801,13,True,
v01b_unit_pulse_assume_wbd,unit_pulse_no_time,assume_wbd,041000090904,041000070805,13,True,
v01b_unit_pulse_assume_wbd,unit_pulse_no_time,assume_wbd,041000090904,041000070905,13,True,
v01b_unit_pulse_assume_wbd,unit_pulse_no_time,assume_wbd,041000090904,041000070906,13,True,
v01b_unit_pulse_assume_wbd,unit_pulse_no_time,assume_wbd,041000090904,041000071003,13,True,
v01b_unit_pulse_assume_wbd,unit_pulse_no_time,assume_wbd,041000090904,041000071101,13,True,
v01b_unit_pulse_assume_wbd,unit_pulse_no_time,assume_wbd,041000090904,041000071203,13,True,
v01b_unit_pulse_assume_wbd,unit_pulse_no_time,assume_wbd,041000090904,041000071204,13,True,
v01b_unit_pulse_assume_wbd,unit_pulse_no_time,assume_wbd,041000090904,041000050106,14,True,
v01b_unit_pulse_assume_wbd,unit_pulse_no_time,assume_wbd,041000090904,041000050201,14,True,
v01b_unit_pulse_assume_wbd,unit_pulse_no_time,assume_wbd,041000090904,041000060301,14,True,
v01b_unit_pulse_assume_wbd,unit_pulse_no_time,assume_wbd,041000090904,041000060302,14,True,
v01b_unit_pulse_assume_wbd,unit_pulse_no_time,assume_wbd,041000090904,041000060401,14,True,
v01b_unit_pulse_assume_wbd,unit_pulse_no_time,assume_wbd,041000090904,041000070603,14,True,
v01b_unit_pulse_assume_wbd,unit_pulse_no_time,assume_wbd,041000090904,041000070701,14,True,
v01b_unit_pulse_assume_wbd,unit_pulse_no_time,assume_wbd,041000090904,041000070702,14,True,
v01b_unit_pulse_assume_wbd,unit_pulse_no_time,assume_wbd,041000090904,041000070803,14,True,
v01b_unit_pulse_assume_wbd,unit_pulse_no_time,assume_wbd,041000090904,041000070804,14,True,
v01b_unit_pulse_assume_wbd,unit_pulse_no_time,assume_wbd,041000090904,041000070904,14,True,
v01b_unit_pulse_assume_wbd,unit_pulse_no_time,assume_wbd,041000090904,041000071002,14,True,
v01b_unit_pulse_assume_wbd,unit_pulse_no_time,assume_wbd,041000090904,041000071201,14,True,
v01b_unit_pulse_assume_wbd,unit_pulse_no_time,assume_wbd,041000090904,041000071202,14,True,
v01b_unit_pulse_assume_wbd,unit_pulse_no_time,assume_wbd,041000090904,041000080605,14,True,
v01b_unit_pulse_assume_wbd,unit_pulse_no_time,assume_wbd,041000090904,041000050104,15,True,
v01b_unit_pulse_assume_wbd,unit_pulse_no_time,assume_wbd,041000090904,041000050105,15,True,
v01b_unit_pulse_assume_wbd,unit_pulse_no_time,assume_wbd,041000090904,041000060205,15,True,
v01b_unit_pulse_assume_wbd,unit_pulse_no_time,assume_wbd,041000090904,041000070204,15,True,
v01b_unit_pulse_assume_wbd,unit_pulse_no_time,assume_wbd,041000090904,041000070503,15,True,
v01b_unit_pulse_assume_wbd,unit_pulse_no_time,assume_wbd,041000090904,041000070602,15,True,
v01b_unit_pulse_assume_wbd,unit_pulse_no_time,assume_wbd,041000090904,041000070802,15,True,
v01b_unit_pulse_assume_wbd,unit_pulse_no_time,assume_wbd,041000090904,041000070903,15,True,
v01b_unit_pulse_assume_wbd,unit_pulse_no_time,assume_wbd,041000090904,041000071001,15,True,041000071001
v01b_unit_pulse_assume_wbd,unit_pulse_no_time,assume_wbd,041000090904,041000080602,15,True,
v01b_unit_pulse_assume_wbd,unit_pulse_no_time,assume_wbd,041000090904,041000080603,15,True,
v01b_unit_pulse_assume_wbd,unit_pulse_no_time,assume_wbd,041000090904,041000080604,15,True,
v01b_unit_pulse_assume_wbd,unit_pulse_no_time,assume_wbd,041000090904,041000050103,16,True,
v01b_unit_pulse_assume_wbd,unit_pulse_no_time,assume_wbd,041000090904,041000060202,16,True,
v01b_unit_pulse_assume_wbd,unit_pulse_no_time,assume_wbd,041000090904,041000060203,16,True,
v01b_unit_pulse_assume_wbd,unit_pulse_no_time,assume_wbd,041000090904,041000060204,16,True,041000060204
v01b_unit_pulse_assume_wbd,unit_pulse_no_time,assume_wbd,041000090904,041000070203,16,True,
v01b_unit_pulse_assume_wbd,unit_pulse_no_time,assume_wbd,041000090904,041000070406,16,True,
v01b_unit_pulse_assume_wbd,unit_pulse_no_time,assume_wbd,041000090904,041000070501,16,True,
v01b_unit_pulse_assume_wbd,unit_pulse_no_time,assume_wbd,041000090904,041000070502,16,True,
v01b_unit_pulse_assume_wbd,unit_pulse_no_time,assume_wbd,041000090904,041000070601,16,True,
v01b_unit_pulse_assume_wbd,unit_pulse_no_time,assume_wbd,041000090904,041000070901,16,True,
v01b_unit_pulse_assume_wbd,unit_pulse_no_time,assume_wbd,041000090904,041000070902,16,True,
v01b_unit_pulse_assume_wbd,unit_pulse_no_time,assume_wbd,041000090904,041000080506,16,True,
v01b_unit_pulse_assume_wbd,unit_pulse_no_time,assume_wbd,041000090904,041000080601,16,True,
v01b_unit_pulse_assume_wbd,unit_pulse_no_time,assume_wbd,041000090904,041000050102,17,True,
v01b_unit_pulse_assume_wbd,unit_pulse_no_time,assume_wbd,041000090904,041000060201,17,True,
v01b_unit_pulse_assume_wbd,unit_pulse_no_time,assume_wbd,041000090904,041000070202,17,True,
v01b_unit_pulse_assume_wbd,unit_pulse_no_time,assume_wbd,041000090904,041000070402,17,True,
v01b_unit_pulse_assume_wbd,unit_pulse_no_time,assume_wbd,041000090904,041000070403,17,True,
v01b_unit_pulse_assume_wbd,unit_pulse_no_time,assume_wbd,041000090904,041000070404,17,True,
v01b_unit_pulse_assume_wbd,unit_pulse_no_time,assume_wbd,041000090904,041000070405,17,True,
v01b_unit_pulse_assume_wbd,unit_pulse_no_time,assume_wbd,041000090904,041000080304,17,True,
v01b_unit_pulse_assume_wbd,unit_pulse_no_time,assume_wbd,041000090904,041000080405,17,True,041000080405
v01b_unit_pulse_assume_wbd,unit_pulse_no_time,assume_wbd,041000090904,041000080502,17,True,
v01b_unit_pulse_assume_wbd,unit_pulse_no_time,assume_wbd,041000090904,041000080503,17,True,
v01b_unit_pulse_assume_wbd,unit_pulse_no_time,assume_wbd,041000090904,041000080504,17,True,
v01b_unit_pulse_assume_wbd,unit_pulse_no_time,assume_wbd,041000090904,041000080505,17,True,
v01b_unit_pulse_assume_wbd,unit_pulse_no_time,assume_wbd,041000090904,041000030806,18,True,
v01b_unit_pulse_assume_wbd,unit_pulse_no_time,assume_wbd,041000090904,041000040606,18,True,
v01b_unit_pulse_assume_wbd,unit_pulse_no_time,assume_wbd,041000090904,041000050101,18,True,
v01b_unit_pulse_assume_wbd,unit_pulse_no_time,assume_wbd,041000090904,041000060106,18,True,
v01b_unit_pulse_assume_wbd,unit_pulse_no_time,assume_wbd,041000090904,041000070105,18,True,
v01b_unit_pulse_assume_wbd,unit_pulse_no_time,assume_wbd,041000090904,041000070201,18,True,
v01b_unit_pulse_assume_wbd,unit_pulse_no_time,assume_wbd,041000090904,041000070306,18,True,
v01b_unit_pulse_assume_wbd,unit_pulse_no_time,assume_wbd,041000090904,041000070401,18,True,041000070401
v01b_unit_pulse_assume_wbd,unit_pulse_no_time,assume_wbd,041000090904,041000080205,18,True,
v01b_unit_pulse_assume_wbd,unit_pulse_no_time,assume_wbd,041000090904,041000080302,18,True,
v01b_unit_pulse_assume_wbd,unit_pulse_no_time,assume_wbd,041000090904,041000080303,18,True,
v01b_unit_pulse_assume_wbd,unit_pulse_no_time,assume_wbd,041000090904,041000080404,18,True,041000080405
v01b_unit_pulse_assume_wbd,unit_pulse_no_time,assume_wbd,041000090904,041000080501,18,True,
v01b_unit_pulse_assume_wbd,unit_pulse_no_time,assume_wbd,041000090904,041000030805,19,True,
v01b_unit_pulse_assume_wbd,unit_pulse_no_time,assume_wbd,041000090904,041000040604,19,True,
v01b_unit_pulse_assume_wbd,unit_pulse_no_time,assume_wbd,041000090904,041000040605,19,True,
v01b_unit_pulse_assume_wbd,unit_pulse_no_time,assume_wbd,041000090904,041000060104,19,True,
v01b_unit_pulse_assume_wbd,unit_pulse_no_time,assume_wbd,041000090904,041000060105,19,True,
v01b_unit_pulse_assume_wbd,unit_pulse_no_time,assume_wbd,041000090904,041000070103,19,True,
v01b_unit_pulse_assume_wbd,unit_pulse_no_time,assume_wbd,041000090904,041000070104,19,True,
v01b_unit_pulse_assume_wbd,unit_pulse_no_time,assume_wbd,041000090904,041000070304,19,True,
v01b_unit_pulse_assume_wbd,unit_pulse_no_time,assume_wbd,041000090904,041000070305,19,True,
v01b_unit_pulse_assume_wbd,unit_pulse_no_time,assume_wbd,041000090904,041000080203,19,True,
v01b_unit_pulse_assume_wbd,unit_pulse_no_time,assume_wbd,041000090904,041000080204,19,True,
v01b_unit_pulse_assume_wbd,unit_pulse_no_time,assume_wbd,041000090904,041000080301,19,True,
v01b_unit_pulse_assume_wbd,unit_pulse_no_time,assume_wbd,041000090904,041000080402,19,True,041000080405
v01b_unit_pulse_assume_wbd,unit_pulse_no_time,assume_wbd,041000090904,041000080403,19,True,041000080405
v01b_unit_pulse_assume_wbd,unit_pulse_no_time,assume_wbd,041000090904,041000030707,20,True,
v01b_unit_pulse_assume_wbd,unit_pulse_no_time,assume_wbd,041000090904,041000030804,20,True,
v01b_unit_pulse_assume_wbd,unit_pulse_no_time,assume_wbd,041000090904,041000040601,20,True,
v01b_unit_pulse_assume_wbd,unit_pulse_no_time,assume_wbd,041000090904,041000040602,20,True,
v01b_unit_pulse_assume_wbd,unit_pulse_no_time,assume_wbd,041000090904,041000040603,20,True,
v01b_unit_pulse_assume_wbd,unit_pulse_no_time,assume_wbd,041000090904,041000060103,20,True,
v01b_unit_pulse_assume_wbd,unit_pulse_no_time,assume_wbd,041000090904,041000070101,20,True,
v01b_unit_pulse_assume_wbd,unit_pulse_no_time,assume_wbd,041000090904,041000070102,20,True,041000070102
v01b_unit_pulse_assume_wbd,unit_pulse_no_time,assume_wbd,041000090904,041000070302,20,True,
v01b_unit_pulse_assume_wbd,unit_pulse_no_time,assume_wbd,041000090904,041000070303,20,True,
v01b_unit_pulse_assume_wbd,unit_pulse_no_time,assume_wbd,041000090904,041000080105,20,True,
v01b_unit_pulse_assume_wbd,unit_pulse_no_time,assume_wbd,041000090904,041000080201,20,True,
v01b_unit_pulse_assume_wbd,unit_pulse_no_time,assume_wbd,041000090904,041000080202,20,True,
v01b_unit_pulse_assume_wbd,unit_pulse_no_time,assume_wbd,041000090904,041000080401,20,True,041000080401
v01b_unit_pulse_assume_wbd,unit_pulse_no_time,assume_wbd,041000090904,041000030604,21,True,
v01b_unit_pulse_assume_wbd,unit_pulse_no_time,assume_wbd,041000090904,041000030702,21,True,
v01b_unit_pulse_assume_wbd,unit_pulse_no_time,assume_wbd,041000090904,041000030705,21,True,
v01b_unit_pulse_assume_wbd,unit_pulse_no_time,assume_wbd,041000090904,041000030706,21,True,
v01b_unit_pulse_assume_wbd,unit_pulse_no_time,assume_wbd,041000090904,041000030803,21,True,
v01b_unit_pulse_assume_wbd,unit_pulse_no_time,assume_wbd,041000090904,041000040504,21,True,
v01b_unit_pulse_assume_wbd,unit_pulse_no_time,assume_wbd,041000090904,041000060102,21,True,
v01b_unit_pulse_assume_wbd,unit_pulse_no_time,assume_wbd,041000090904,041000070301,21,True,
v01b_unit_pulse_assume_wbd,unit_pulse_no_time,assume_wbd,041000090904,041000080103,21,True,
v01b_unit_pulse_assume_wbd,unit_pulse_no_time,assume_wbd,041000090904,041000080104,21,True,041000080104
v01b_unit_pulse_assume_wbd,unit_pulse_no_time,assume_wbd,041000090904,041000030602,22,True,
v01b_unit_pulse_assume_wbd,unit_pulse_no_time,assume_wbd,041000090904,041000030603,22,True,
v01b_unit_pulse_assume_wbd,unit_pulse_no_time,assume_wbd,041000090904,041000030701,22,True,
v01b_unit_pulse_assume_wbd,unit_pulse_no_time,assume_wbd,041000090904,041000030703,22,True,
v01b_unit_pulse_assume_wbd,unit_pulse_no_time,assume_wbd,041000090904,041000030704,22,True,
v01b_unit_pulse_assume_wbd,unit_pulse_no_time,assume_wbd,041000090904,041000030802,22,True,
v01b_unit_pulse_assume_wbd,unit_pulse_no_time,assume_wbd,041000090904,041000040502,22,True,
v01b_unit_pulse_assume_wbd,unit_pulse_no_time,assume_wbd,041000090904,041000040503,22,True,
v01b_unit_pulse_assume_wbd,unit_pulse_no_time,assume_wbd,041000090904,041000060101,22,True,
v01b_unit_pulse_assume_wbd,unit_pulse_no_time,assume_wbd,041000090904,041000080102,22,True,
v01b_unit_pulse_assume_wbd,unit_pulse_no_time,assume_wbd,041000090904,041000030506,23,True,
v01b_unit_pulse_assume_wbd,unit_pulse_no_time,assume_wbd,041000090904,041000030601,23,True,
v01b_unit_pulse_assume_wbd,unit_pulse_no_time,assume_wbd,041000090904,041000030801,23,True,
v01b_unit_pulse_assume_wbd,unit_pulse_no_time,assume_wbd,041000090904,041000040408,23,True,
v01b_unit_pulse_assume_wbd,unit_pulse_no_time,assume_wbd,041000090904,041000040501,23,True,
v01b_unit_pulse_assume_wbd,unit_pulse_no_time,assume_wbd,041000090904,041000080101,23,True,
v01b_unit_pulse_assume_wbd,unit_pulse_no_time,assume_wbd,041000090904,041000030505,24,True,
v01b_unit_pulse_assume_wbd,unit_pulse_no_time,assume_wbd,041000090904,041000040305,24,True,
v01b_unit_pulse_assume_wbd,unit_pulse_no_time,assume_wbd,041000090904,041000040401,24,True,
v01b_unit_pulse_assume_wbd,unit_pulse_no_time,assume_wbd,041000090904,041000040405,24,True,
v01b_unit_pulse_assume_wbd,unit_pulse_no_time,assume_wbd,041000090904,041000040406,24,True,
v01b_unit_pulse_assume_wbd,unit_pulse_no_time,assume_wbd,041000090904,041000040407,24,True,
v01b_unit_pulse_assume_wbd,unit_pulse_no_time,assume_wbd,041000090904,041000030503,25,True,
v01b_unit_pulse_assume_wbd,unit_pulse_no_time,assume_wbd,041000090904,041000030504,25,True,
v01b_unit_pulse_assume_wbd,unit_pulse_no_time,assume_wbd,041000090904,041000040303,25,True,
v01b_unit_pulse_assume_wbd,unit_pulse_no_time,assume_wbd,041000090904,041000040304,25,True,
v01b_unit_pulse_assume_wbd,unit_pulse_no_time,assume_wbd,041000090904,041000040402,25,True,
v01b_unit_pulse_assume_wbd,unit_pulse_no_time,assume_wbd,041000090904,041000040403,25,True,
v01b_unit_pulse_assume_wbd,unit_pulse_no_time,assume_wbd,041000090904,041000040404,25,True,
v01b_unit_pulse_assume_wbd,unit_pulse_no_time,assume_wbd,041000090904,041000030406,26,True,
v01b_unit_pulse_assume_wbd,unit_pulse_no_time,assume_wbd,041000090904,041000030501,26,True,
v01b_unit_pulse_assume_wbd,unit_pulse_no_time,assume_wbd,041000090904,041000030502,26,True,
v01b_unit_pulse_assume_wbd,unit_pulse_no_time,assume_wbd,041000090904,041000040205,26,True,
v01b_unit_pulse_assume_wbd,unit_pulse_no_time,assume_wbd,041000090904,041000040302,26,True,
v01b_unit_pulse_assume_wbd,unit_pulse_no_time,assume_wbd,041000090904,041000030306,27,True,
v01b_unit_pulse_assume_wbd,unit_pulse_no_time,assume_wbd,041000090904,041000030404,27,True,
v01b_unit_pulse_assume_wbd,unit_pulse_no_time,assume_wbd,041000090904,041000030405,27,True,
v01b_unit_pulse_assume_wbd,unit_pulse_no_time,assume_wbd,041000090904,041000040106,27,True,
v01b_unit_pulse_assume_wbd,unit_pulse_no_time,assume_wbd,041000090904,041000040201,27,True,
v01b_unit_pulse_assume_wbd,unit_pulse_no_time,assume_wbd,041000090904,041000040202,27,True,
v01b_unit_pulse_assume_wbd,unit_pulse_no_time,assume_wbd,041000090904,041000040204,27,True,
v01b_unit_pulse_assume_wbd,unit_pulse_no_time,assume_wbd,041000090904,041000040301,27,True,
v01b_unit_pulse_assume_wbd,unit_pulse_no_time,assume_wbd,041000090904,041000030304,28,True,
v01b_unit_pulse_assume_wbd,unit_pulse_no_time,assume_wbd,041000090904,041000030305,28,True,
v01b_unit_pulse_assume_wbd,unit_pulse_no_time,assume_wbd,041000090904,041000030401,28,True,
v01b_unit_pulse_assume_wbd,unit_pulse_no_time,assume_wbd,041000090904,041000030402,28,True,
v01b_unit_pulse_assume_wbd,unit_pulse_no_time,assume_wbd,041000090904,041000030403,28,True,
v01b_unit_pulse_assume_wbd,unit_pulse_no_time,assume_wbd,041000090904,041000040103,28,True,
v01b_unit_pulse_assume_wbd,unit_pulse_no_time,assume_wbd,041000090904,041000040104,28,True,
v01b_unit_pulse_assume_wbd,unit_pulse_no_time,assume_wbd,041000090904,041000040105,28,True,
v01b_unit_pulse_assume_wbd,unit_pulse_no_time,assume_wbd,041000090904,041000040203,28,True,
v01b_unit_pulse_assume_wbd,unit_pulse_no_time,assume_wbd,041000090904,041000030301,29,True,
v01b_unit_pulse_assume_wbd,unit_pulse_no_time,assume_wbd,041000090904,041000030302,29,True,
v01b_unit_pulse_assume_wbd,unit_pulse_no_time,assume_wbd,041000090904,041000030303,29,True,041000030303
v01b_unit_pulse_assume_wbd,unit_pulse_no_time,assume_wbd,041000090904,041000040101,29,True,
v01b_unit_pulse_assume_wbd,unit_pulse_no_time,assume_wbd,041000090904,041000040102,29,True,041000040102
v01b_unit_pulse_assume_wbd,unit_pulse_no_time,assume_wbd,041000090904,041000030106,30,True,
v01b_unit_pulse_assume_wbd,unit_pulse_no_time,assume_wbd,041000090904,041000030204,30,True,041000030204
v01b_unit_pulse_assume_wbd,unit_pulse_no_time,assume_wbd,041000090904,041000030104,31,True,
v01b_unit_pulse_assume_wbd,unit_pulse_no_time,assume_wbd,041000090904,041000030105,31,True,
v01b_unit_pulse_assume_wbd,unit_pulse_no_time,assume_wbd,041000090904,041000030202,31,True,041000030204
v01b_unit_pulse_assume_wbd,unit_pulse_no_time,assume_wbd,041000090904,041000030203,31,True,041000030204
v01b_unit_pulse_assume_wbd,unit_pulse_no_time,assume_wbd,041000090904,041000030102,32,True,
v01b_unit_pulse_assume_wbd,unit_pulse_no_time,assume_wbd,041000090904,041000030103,32,True,041000030103
v01b_unit_pulse_assume_wbd,unit_pulse_no_time,assume_wbd,041000090904,041000030201,32,True,041000030204
v01b_unit_pulse_assume_wbd,unit_pulse_no_time,assume_wbd,041000090904,041000030101,33,True,
