run_id,period,huc12,constituent,unit,local_input,upstream_in,available,pass_through,not_forwarded_assumed,unrouted_at_unresolved,downstream_out,boundary_export,residual,route_to_huc12,routing_basis,qa_status,physical_geometry,input_status
v01b_unit_pulse_tn_half_pass,unit_pulse_no_time,041000030101,water,m3/period,1,0,1,1,0,0,1,0,0,041000030102,official_3dhp_connector,REPLACED_AUTHORITATIVE_CONNECTOR,False,synthetic_diagnostic
v01b_unit_pulse_tn_half_pass,unit_pulse_no_time,041000030101,TN,kg/period,1,0,1,0.5,0.5,0,0.5,0,0,041000030102,official_3dhp_connector,REPLACED_AUTHORITATIVE_CONNECTOR,False,synthetic_diagnostic
v01b_unit_pulse_tn_half_pass,unit_pulse_no_time,041000030101,TP,kg/period,1,0,1,1,0,0,1,0,0,041000030102,official_3dhp_connector,REPLACED_AUTHORITATIVE_CONNECTOR,False,synthetic_diagnostic
v01b_unit_pulse_tn_half_pass,unit_pulse_no_time,041000030102,water,m3/period,0,1,1,1,0,0,1,0,0,041000030104,physical_3dhp,REPLACED_PHYSICAL,True,omitted_zero_diagnostic
v01b_unit_pulse_tn_half_pass,unit_pulse_no_time,041000030102,TN,kg/period,0,0.5,0.5,1,0,0,0.5,0,0,041000030104,physical_3dhp,REPLACED_PHYSICAL,True,omitted_zero_diagnostic
v01b_unit_pulse_tn_half_pass,unit_pulse_no_time,041000030102,TP,kg/period,0,1,1,1,0,0,1,0,0,041000030104,physical_3dhp,REPLACED_PHYSICAL,True,omitted_zero_diagnostic
v01b_unit_pulse_tn_half_pass,unit_pulse_no_time,041000030103,water,m3/period,0,0,0,1,0,0,0,0,0,041000030104,project_inference,UNRESOLVED,False,omitted_zero_diagnostic
v01b_unit_pulse_tn_half_pass,unit_pulse_no_time,041000030103,TN,kg/period,0,0,0,1,0,0,0,0,0,041000030104,project_inference,UNRESOLVED,False,omitted_zero_diagnostic
v01b_unit_pulse_tn_half_pass,unit_pulse_no_time,041000030103,TP,kg/period,0,0,0,1,0,0,0,0,0,041000030104,project_inference,UNRESOLVED,False,omitted_zero_diagnostic
v01b_unit_pulse_tn_half_pass,unit_pulse_no_time,041000030104,water,m3/period,0,1,1,1,0,0,1,0,0,041000030106,physical_3dhp,REPLACED_PHYSICAL,True,omitted_zero_diagnostic
v01b_unit_pulse_tn_half_pass,unit_pulse_no_time,041000030104,TN,kg/period,0,0.5,0.5,1,0,0,0.5,0,0,041000030106,physical_3dhp,REPLACED_PHYSICAL,True,omitted_zero_diagnostic
v01b_unit_pulse_tn_half_pass,unit_pulse_no_time,041000030104,TP,kg/period,0,1,1,1,0,0,1,0,0,041000030106,physical_3dhp,REPLACED_PHYSICAL,True,omitted_zero_diagnostic
v01b_unit_pulse_tn_half_pass,unit_pulse_no_time,041000030105,water,m3/period,0,0,0,1,0,0,0,0,0,041000030106,official_3dhp_connector,REPLACED_AUTHORITATIVE_CONNECTOR,False,omitted_zero_diagnostic
v01b_unit_pulse_tn_half_pass,unit_pulse_no_time,041000030105,TN,kg/period,0,0,0,1,0,0,0,0,0,041000030106,official_3dhp_connector,REPLACED_AUTHORITATIVE_CONNECTOR,False,omitted_zero_diagnostic
v01b_unit_pulse_tn_half_pass,unit_pulse_no_time,041000030105,TP,kg/period,0,0,0,1,0,0,0,0,0,041000030106,official_3dhp_connector,REPLACED_AUTHORITATIVE_CONNECTOR,False,omitted_zero_diagnostic
v01b_unit_pulse_tn_half_pass,unit_pulse_no_time,041000030106,water,m3/period,0,1,1,1,0,0,1,0,0,041000030302,official_3dhp_connector,REPLACED_AUTHORITATIVE_CONNECTOR,False,omitted_zero_diagnostic
v01b_unit_pulse_tn_half_pass,unit_pulse_no_time,041000030106,TN,kg/period,0,0.5,0.5,1,0,0,0.5,0,0,041000030302,official_3dhp_connector,REPLACED_AUTHORITATIVE_CONNECTOR,False,omitted_zero_diagnostic
v01b_unit_pulse_tn_half_pass,unit_pulse_no_time,041000030106,TP,kg/period,0,1,1,1,0,0,1,0,0,041000030302,official_3dhp_connector,REPLACED_AUTHORITATIVE_CONNECTOR,False,omitted_zero_diagnostic
v01b_unit_pulse_tn_half_pass,unit_pulse_no_time,041000030201,water,m3/period,0,0,0,1,0,0,0,0,0,041000030202,official_3dhp_connector,REPLACED_AUTHORITATIVE_CONNECTOR,False,omitted_zero_diagnostic
v01b_unit_pulse_tn_half_pass,unit_pulse_no_time,041000030201,TN,kg/period,0,0,0,1,0,0,0,0,0,041000030202,official_3dhp_connector,REPLACED_AUTHORITATIVE_CONNECTOR,False,omitted_zero_diagnostic
v01b_unit_pulse_tn_half_pass,unit_pulse_no_time,041000030201,TP,kg/period,0,0,0,1,0,0,0,0,0,041000030202,official_3dhp_connector,REPLACED_AUTHORITATIVE_CONNECTOR,False,omitted_zero_diagnostic
v01b_unit_pulse_tn_half_pass,unit_pulse_no_time,041000030202,water,m3/period,0,0,0,1,0,0,0,0,0,041000030204,physical_3dhp,REPLACED_PHYSICAL,True,omitted_zero_diagnostic
v01b_unit_pulse_tn_half_pass,unit_pulse_no_time,041000030202,TN,kg/period,0,0,0,1,0,0,0,0,0,041000030204,physical_3dhp,REPLACED_PHYSICAL,True,omitted_zero_diagnostic
v01b_unit_pulse_tn_half_pass,unit_pulse_no_time,041000030202,TP,kg/period,0,0,0,1,0,0,0,0,0,041000030204,physical_3dhp,REPLACED_PHYSICAL,True,omitted_zero_diagnostic
v01b_unit_pulse_tn_half_pass,unit_pulse_no_time,041000030203,water,m3/period,0,0,0,1,0,0,0,0,0,041000030204,physical_3dhp,REPLACED_PHYSICAL,True,omitted_zero_diagnostic
v01b_unit_pulse_tn_half_pass,unit_pulse_no_time,041000030203,TN,kg/period,0,0,0,1,0,0,0,0,0,041000030204,physical_3dhp,REPLACED_PHYSICAL,True,omitted_zero_diagnostic
v01b_unit_pulse_tn_half_pass,unit_pulse_no_time,041000030203,TP,kg/period,0,0,0,1,0,0,0,0,0,041000030204,physical_3dhp,REPLACED_PHYSICAL,True,omitted_zero_diagnostic
v01b_unit_pulse_tn_half_pass,unit_pulse_no_time,041000030204,water,m3/period,0,0,0,1,0,0,0,0,0,041000030302,project_inference,UNRESOLVED,False,omitted_zero_diagnostic
v01b_unit_pulse_tn_half_pass,unit_pulse_no_time,041000030204,TN,kg/period,0,0,0,1,0,0,0,0,0,041000030302,project_inference,UNRESOLVED,False,omitted_zero_diagnostic
v01b_unit_pulse_tn_half_pass,unit_pulse_no_time,041000030204,TP,kg/period,0,0,0,1,0,0,0,0,0,041000030302,project_inference,UNRESOLVED,False,omitted_zero_diagnostic
v01b_unit_pulse_tn_half_pass,unit_pulse_no_time,041000030301,water,m3/period,0,0,0,1,0,0,0,0,0,041000030304,official_3dhp_connector,REPLACED_AUTHORITATIVE_CONNECTOR,False,omitted_zero_diagnostic
v01b_unit_pulse_tn_half_pass,unit_pulse_no_time,041000030301,TN,kg/period,0,0,0,1,0,0,0,0,0,041000030304,official_3dhp_connector,REPLACED_AUTHORITATIVE_CONNECTOR,False,omitted_zero_diagnostic
v01b_unit_pulse_tn_half_pass,unit_pulse_no_time,041000030301,TP,kg/period,0,0,0,1,0,0,0,0,0,041000030304,official_3dhp_connector,REPLACED_AUTHORITATIVE_CONNECTOR,False,omitted_zero_diagnostic
v01b_unit_pulse_tn_half_pass,unit_pulse_no_time,041000030302,water,m3/period,0,1,1,1,0,0,1,0,0,041000030304,official_3dhp_connector,REPLACED_AUTHORITATIVE_CONNECTOR,False,omitted_zero_diagnostic
v01b_unit_pulse_tn_half_pass,unit_pulse_no_time,041000030302,TN,kg/period,0,0.5,0.5,1,0,0,0.5,0,0,041000030304,official_3dhp_connector,REPLACED_AUTHORITATIVE_CONNECTOR,False,omitted_zero_diagnostic
v01b_unit_pulse_tn_half_pass,unit_pulse_no_time,041000030302,TP,kg/period,0,1,1,1,0,0,1,0,0,041000030304,official_3dhp_connector,REPLACED_AUTHORITATIVE_CONNECTOR,False,omitted_zero_diagnostic
v01b_unit_pulse_tn_half_pass,unit_pulse_no_time,041000030303,water,m3/period,0,0,0,1,0,0,0,0,0,041000030304,project_inference,UNRESOLVED,False,omitted_zero_diagnostic
v01b_unit_pulse_tn_half_pass,unit_pulse_no_time,041000030303,TN,kg/period,0,0,0,1,0,0,0,0,0,041000030304,project_inference,UNRESOLVED,False,omitted_zero_diagnostic
v01b_unit_pulse_tn_half_pass,unit_pulse_no_time,041000030303,TP,kg/period,0,0,0,1,0,0,0,0,0,041000030304,project_inference,UNRESOLVED,False,omitted_zero_diagnostic
v01b_unit_pulse_tn_half_pass,unit_pulse_no_time,041000030304,water,m3/period,0,1,1,1,0,0,1,0,0,041000030306,official_3dhp_connector,REPLACED_AUTHORITATIVE_CONNECTOR,False,omitted_zero_diagnostic
v01b_unit_pulse_tn_half_pass,unit_pulse_no_time,041000030304,TN,kg/period,0,0.5,0.5,1,0,0,0.5,0,0,041000030306,official_3dhp_connector,REPLACED_AUTHORITATIVE_CONNECTOR,False,omitted_zero_diagnostic
v01b_unit_pulse_tn_half_pass,unit_pulse_no_time,041000030304,TP,kg/period,0,1,1,1,0,0,1,0,0,041000030306,official_3dhp_connector,REPLACED_AUTHORITATIVE_CONNECTOR,False,omitted_zero_diagnostic
v01b_unit_pulse_tn_half_pass,unit_pulse_no_time,041000030305,water,m3/period,0,0,0,1,0,0,0,0,0,041000030306,official_3dhp_connector,REPLACED_AUTHORITATIVE_CONNECTOR,False,omitted_zero_diagnostic
v01b_unit_pulse_tn_half_pass,unit_pulse_no_time,041000030305,TN,kg/period,0,0,0,1,0,0,0,0,0,041000030306,official_3dhp_connector,REPLACED_AUTHORITATIVE_CONNECTOR,False,omitted_zero_diagnostic
v01b_unit_pulse_tn_half_pass,unit_pulse_no_time,041000030305,TP,kg/period,0,0,0,1,0,0,0,0,0,041000030306,official_3dhp_connector,REPLACED_AUTHORITATIVE_CONNECTOR,False,omitted_zero_diagnostic
v01b_unit_pulse_tn_half_pass,unit_pulse_no_time,041000030306,water,m3/period,0,1,1,1,0,0,1,0,0,041000030501,official_3dhp_connector,REPLACED_AUTHORITATIVE_CONNECTOR,False,omitted_zero_diagnostic
v01b_unit_pulse_tn_half_pass,unit_pulse_no_time,041000030306,TN,kg/period,0,0.5,0.5,1,0,0,0.5,0,0,041000030501,official_3dhp_connector,REPLACED_AUTHORITATIVE_CONNECTOR,False,omitted_zero_diagnostic
v01b_unit_pulse_tn_half_pass,unit_pulse_no_time,041000030306,TP,kg/period,0,1,1,1,0,0,1,0,0,041000030501,official_3dhp_connector,REPLACED_AUTHORITATIVE_CONNECTOR,False,omitted_zero_diagnostic
v01b_unit_pulse_tn_half_pass,unit_pulse_no_time,041000030401,water,m3/period,0,0,0,1,0,0,0,0,0,041000030405,physical_3dhp,REPLACED_PHYSICAL,True,omitted_zero_diagnostic
v01b_unit_pulse_tn_half_pass,unit_pulse_no_time,041000030401,TN,kg/period,0,0,0,1,0,0,0,0,0,041000030405,physical_3dhp,REPLACED_PHYSICAL,True,omitted_zero_diagnostic
v01b_unit_pulse_tn_half_pass,unit_pulse_no_time,041000030401,TP,kg/period,0,0,0,1,0,0,0,0,0,041000030405,physical_3dhp,REPLACED_PHYSICAL,True,omitted_zero_diagnostic
v01b_unit_pulse_tn_half_pass,unit_pulse_no_time,041000030402,water,m3/period,0,0,0,1,0,0,0,0,0,041000030405,physical_3dhp,REPLACED_PHYSICAL,True,omitted_zero_diagnostic
v01b_unit_pulse_tn_half_pass,unit_pulse_no_time,041000030402,TN,kg/period,0,0,0,1,0,0,0,0,0,041000030405,physical_3dhp,REPLACED_PHYSICAL,True,omitted_zero_diagnostic
v01b_unit_pulse_tn_half_pass,unit_pulse_no_time,041000030402,TP,kg/period,0,0,0,1,0,0,0,0,0,041000030405,physical_3dhp,REPLACED_PHYSICAL,True,omitted_zero_diagnostic
v01b_unit_pulse_tn_half_pass,unit_pulse_no_time,041000030403,water,m3/period,0,0,0,1,0,0,0,0,0,041000030404,physical_3dhp,REPLACED_PHYSICAL,True,omitted_zero_diagnostic
v01b_unit_pulse_tn_half_pass,unit_pulse_no_time,041000030403,TN,kg/period,0,0,0,1,0,0,0,0,0,041000030404,physical_3dhp,REPLACED_PHYSICAL,True,omitted_zero_diagnostic
v01b_unit_pulse_tn_half_pass,unit_pulse_no_time,041000030403,TP,kg/period,0,0,0,1,0,0,0,0,0,041000030404,physical_3dhp,REPLACED_PHYSICAL,True,omitted_zero_diagnostic
v01b_unit_pulse_tn_half_pass,unit_pulse_no_time,041000030404,water,m3/period,0,0,0,1,0,0,0,0,0,041000030406,physical_3dhp,REPLACED_PHYSICAL,True,omitted_zero_diagnostic
v01b_unit_pulse_tn_half_pass,unit_pulse_no_time,041000030404,TN,kg/period,0,0,0,1,0,0,0,0,0,041000030406,physical_3dhp,REPLACED_PHYSICAL,True,omitted_zero_diagnostic
v01b_unit_pulse_tn_half_pass,unit_pulse_no_time,041000030404,TP,kg/period,0,0,0,1,0,0,0,0,0,041000030406,physical_3dhp,REPLACED_PHYSICAL,True,omitted_zero_diagnostic
v01b_unit_pulse_tn_half_pass,unit_pulse_no_time,041000030405,water,m3/period,0,0,0,1,0,0,0,0,0,041000030406,physical_3dhp,REPLACED_PHYSICAL,True,omitted_zero_diagnostic
v01b_unit_pulse_tn_half_pass,unit_pulse_no_time,041000030405,TN,kg/period,0,0,0,1,0,0,0,0,0,041000030406,physical_3dhp,REPLACED_PHYSICAL,True,omitted_zero_diagnostic
v01b_unit_pulse_tn_half_pass,unit_pulse_no_time,041000030405,TP,kg/period,0,0,0,1,0,0,0,0,0,041000030406,physical_3dhp,REPLACED_PHYSICAL,True,omitted_zero_diagnostic
v01b_unit_pulse_tn_half_pass,unit_pulse_no_time,041000030406,water,m3/period,0,0,0,1,0,0,0,0,0,041000030503,official_3dhp_connector,REPLACED_AUTHORITATIVE_CONNECTOR,False,omitted_zero_diagnostic
v01b_unit_pulse_tn_half_pass,unit_pulse_no_time,041000030406,TN,kg/period,0,0,0,1,0,0,0,0,0,041000030503,official_3dhp_connector,REPLACED_AUTHORITATIVE_CONNECTOR,False,omitted_zero_diagnostic
v01b_unit_pulse_tn_half_pass,unit_pulse_no_time,041000030406,TP,kg/period,0,0,0,1,0,0,0,0,0,041000030503,official_3dhp_connector,REPLACED_AUTHORITATIVE_CONNECTOR,False,omitted_zero_diagnostic
v01b_unit_pulse_tn_half_pass,unit_pulse_no_time,041000030501,water,m3/period,0,1,1,1,0,0,1,0,0,041000030503,official_3dhp_connector,REPLACED_AUTHORITATIVE_CONNECTOR,False,omitted_zero_diagnostic
v01b_unit_pulse_tn_half_pass,unit_pulse_no_time,041000030501,TN,kg/period,0,0.5,0.5,1,0,0,0.5,0,0,041000030503,official_3dhp_connector,REPLACED_AUTHORITATIVE_CONNECTOR,False,omitted_zero_diagnostic
v01b_unit_pulse_tn_half_pass,unit_pulse_no_time,041000030501,TP,kg/period,0,1,1,1,0,0,1,0,0,041000030503,official_3dhp_connector,REPLACED_AUTHORITATIVE_CONNECTOR,False,omitted_zero_diagnostic
v01b_unit_pulse_tn_half_pass,unit_pulse_no_time,041000030502,water,m3/period,0,0,0,1,0,0,0,0,0,041000030503,official_3dhp_connector,REPLACED_AUTHORITATIVE_CONNECTOR,False,omitted_zero_diagnostic
v01b_unit_pulse_tn_half_pass,unit_pulse_no_time,041000030502,TN,kg/period,0,0,0,1,0,0,0,0,0,041000030503,official_3dhp_connector,REPLACED_AUTHORITATIVE_CONNECTOR,False,omitted_zero_diagnostic
v01b_unit_pulse_tn_half_pass,unit_pulse_no_time,041000030502,TP,kg/period,0,0,0,1,0,0,0,0,0,041000030503,official_3dhp_connector,REPLACED_AUTHORITATIVE_CONNECTOR,False,omitted_zero_diagnostic
v01b_unit_pulse_tn_half_pass,unit_pulse_no_time,041000030503,water,m3/period,0,1,1,1,0,0,1,0,0,041000030505,official_3dhp_connector,REPLACED_AUTHORITATIVE_CONNECTOR,False,omitted_zero_diagnostic
v01b_unit_pulse_tn_half_pass,unit_pulse_no_time,041000030503,TN,kg/period,0,0.5,0.5,1,0,0,0.5,0,0,041000030505,official_3dhp_connector,REPLACED_AUTHORITATIVE_CONNECTOR,False,omitted_zero_diagnostic
v01b_unit_pulse_tn_half_pass,unit_pulse_no_time,041000030503,TP,kg/period,0,1,1,1,0,0,1,0,0,041000030505,official_3dhp_connector,REPLACED_AUTHORITATIVE_CONNECTOR,False,omitted_zero_diagnostic
v01b_unit_pulse_tn_half_pass,unit_pulse_no_time,041000030504,water,m3/period,0,0,0,1,0,0,0,0,0,041000030505,physical_3dhp,REPLACED_PHYSICAL,True,omitted_zero_diagnostic
v01b_unit_pulse_tn_half_pass,unit_pulse_no_time,041000030504,TN,kg/period,0,0,0,1,0,0,0,0,0,041000030505,physical_3dhp,REPLACED_PHYSICAL,True,omitted_zero_diagnostic
v01b_unit_pulse_tn_half_pass,unit_pulse_no_time,041000030504,TP,kg/period,0,0,0,1,0,0,0,0,0,041000030505,physical_3dhp,REPLACED_PHYSICAL,True,omitted_zero_diagnostic
v01b_unit_pulse_tn_half_pass,unit_pulse_no_time,041000030505,water,m3/period,0,1,1,1,0,0,1,0,0,041000030506,physical_3dhp,REPLACED_PHYSICAL,True,omitted_zero_diagnostic
v01b_unit_pulse_tn_half_pass,unit_pulse_no_time,041000030505,TN,kg/period,0,0.5,0.5,1,0,0,0.5,0,0,041000030506,physical_3dhp,REPLACED_PHYSICAL,True,omitted_zero_diagnostic
v01b_unit_pulse_tn_half_pass,unit_pulse_no_time,041000030505,TP,kg/period,0,1,1,1,0,0,1,0,0,041000030506,physical_3dhp,REPLACED_PHYSICAL,True,omitted_zero_diagnostic
v01b_unit_pulse_tn_half_pass,unit_pulse_no_time,041000030506,water,m3/period,0,1,1,1,0,0,1,0,0,041000030802,official_3dhp_connector,REPLACED_AUTHORITATIVE_CONNECTOR,False,omitted_zero_diagnostic
v01b_unit_pulse_tn_half_pass,unit_pulse_no_time,041000030506,TN,kg/period,0,0.5,0.5,1,0,0,0.5,0,0,041000030802,official_3dhp_connector,REPLACED_AUTHORITATIVE_CONNECTOR,False,omitted_zero_diagnostic
v01b_unit_pulse_tn_half_pass,unit_pulse_no_time,041000030506,TP,kg/period,0,1,1,1,0,0,1,0,0,041000030802,official_3dhp_connector,REPLACED_AUTHORITATIVE_CONNECTOR,False,omitted_zero_diagnostic
v01b_unit_pulse_tn_half_pass,unit_pulse_no_time,041000030601,water,m3/period,0,0,0,1,0,0,0,0,0,041000030602,physical_3dhp,REPLACED_PHYSICAL,True,omitted_zero_diagnostic
v01b_unit_pulse_tn_half_pass,unit_pulse_no_time,041000030601,TN,kg/period,0,0,0,1,0,0,0,0,0,041000030602,physical_3dhp,REPLACED_PHYSICAL,True,omitted_zero_diagnostic
v01b_unit_pulse_tn_half_pass,unit_pulse_no_time,041000030601,TP,kg/period,0,0,0,1,0,0,0,0,0,041000030602,physical_3dhp,REPLACED_PHYSICAL,True,omitted_zero_diagnostic
v01b_unit_pulse_tn_half_pass,unit_pulse_no_time,041000030602,water,m3/period,0,0,0,1,0,0,0,0,0,041000030604,physical_3dhp,REPLACED_PHYSICAL,True,omitted_zero_diagnostic
v01b_unit_pulse_tn_half_pass,unit_pulse_no_time,041000030602,TN,kg/period,0,0,0,1,0,0,0,0,0,041000030604,physical_3dhp,REPLACED_PHYSICAL,True,omitted_zero_diagnostic
v01b_unit_pulse_tn_half_pass,unit_pulse_no_time,041000030602,TP,kg/period,0,0,0,1,0,0,0,0,0,041000030604,physical_3dhp,REPLACED_PHYSICAL,True,omitted_zero_diagnostic
v01b_unit_pulse_tn_half_pass,unit_pulse_no_time,041000030603,water,m3/period,0,0,0,1,0,0,0,0,0,041000030604,physical_3dhp,REPLACED_PHYSICAL,True,omitted_zero_diagnostic
v01b_unit_pulse_tn_half_pass,unit_pulse_no_time,041000030603,TN,kg/period,0,0,0,1,0,0,0,0,0,041000030604,physical_3dhp,REPLACED_PHYSICAL,True,omitted_zero_diagnostic
v01b_unit_pulse_tn_half_pass,unit_pulse_no_time,041000030603,TP,kg/period,0,0,0,1,0,0,0,0,0,041000030604,physical_3dhp,REPLACED_PHYSICAL,True,omitted_zero_diagnostic
v01b_unit_pulse_tn_half_pass,unit_pulse_no_time,041000030604,water,m3/period,0,0,0,1,0,0,0,0,0,041000030707,official_3dhp_connector,REPLACED_AUTHORITATIVE_CONNECTOR,False,omitted_zero_diagnostic
v01b_unit_pulse_tn_half_pass,unit_pulse_no_time,041000030604,TN,kg/period,0,0,0,1,0,0,0,0,0,041000030707,official_3dhp_connector,REPLACED_AUTHORITATIVE_CONNECTOR,False,omitted_zero_diagnostic
v01b_unit_pulse_tn_half_pass,unit_pulse_no_time,041000030604,TP,kg/period,0,0,0,1,0,0,0,0,0,041000030707,official_3dhp_connector,REPLACED_AUTHORITATIVE_CONNECTOR,False,omitted_zero_diagnostic
v01b_unit_pulse_tn_half_pass,unit_pulse_no_time,041000030701,water,m3/period,0,0,0,1,0,0,0,0,0,041000030702,physical_3dhp,REPLACED_PHYSICAL,True,omitted_zero_diagnostic
v01b_unit_pulse_tn_half_pass,unit_pulse_no_time,041000030701,TN,kg/period,0,0,0,1,0,0,0,0,0,041000030702,physical_3dhp,REPLACED_PHYSICAL,True,omitted_zero_diagnostic
v01b_unit_pulse_tn_half_pass,unit_pulse_no_time,041000030701,TP,kg/period,0,0,0,1,0,0,0,0,0,041000030702,physical_3dhp,REPLACED_PHYSICAL,True,omitted_zero_diagnostic
v01b_unit_pulse_tn_half_pass,unit_pulse_no_time,041000030702,water,m3/period,0,0,0,1,0,0,0,0,0,041000030707,official_3dhp_connector,REPLACED_AUTHORITATIVE_CONNECTOR,False,omitted_zero_diagnostic
v01b_unit_pulse_tn_half_pass,unit_pulse_no_time,041000030702,TN,kg/period,0,0,0,1,0,0,0,0,0,041000030707,official_3dhp_connector,REPLACED_AUTHORITATIVE_CONNECTOR,False,omitted_zero_diagnostic
v01b_unit_pulse_tn_half_pass,unit_pulse_no_time,041000030702,TP,kg/period,0,0,0,1,0,0,0,0,0,041000030707,official_3dhp_connector,REPLACED_AUTHORITATIVE_CONNECTOR,False,omitted_zero_diagnostic
v01b_unit_pulse_tn_half_pass,unit_pulse_no_time,041000030703,water,m3/period,0,0,0,1,0,0,0,0,0,041000030705,physical_3dhp,REPLACED_PHYSICAL,True,omitted_zero_diagnostic
v01b_unit_pulse_tn_half_pass,unit_pulse_no_time,041000030703,TN,kg/period,0,0,0,1,0,0,0,0,0,041000030705,physical_3dhp,REPLACED_PHYSICAL,True,omitted_zero_diagnostic
v01b_unit_pulse_tn_half_pass,unit_pulse_no_time,041000030703,TP,kg/period,0,0,0,1,0,0,0,0,0,041000030705,physical_3dhp,REPLACED_PHYSICAL,True,omitted_zero_diagnostic
v01b_unit_pulse_tn_half_pass,unit_pulse_no_time,041000030704,water,m3/period,0,0,0,1,0,0,0,0,0,041000030705,physical_3dhp,REPLACED_PHYSICAL,True,omitted_zero_diagnostic
v01b_unit_pulse_tn_half_pass,unit_pulse_no_time,041000030704,TN,kg/period,0,0,0,1,0,0,0,0,0,041000030705,physical_3dhp,REPLACED_PHYSICAL,True,omitted_zero_diagnostic
v01b_unit_pulse_tn_half_pass,unit_pulse_no_time,041000030704,TP,kg/period,0,0,0,1,0,0,0,0,0,041000030705,physical_3dhp,REPLACED_PHYSICAL,True,omitted_zero_diagnostic
v01b_unit_pulse_tn_half_pass,unit_pulse_no_time,041000030705,water,m3/period,0,0,0,1,0,0,0,0,0,041000030707,physical_3dhp,REPLACED_PHYSICAL,True,omitted_zero_diagnostic
v01b_unit_pulse_tn_half_pass,unit_pulse_no_time,041000030705,TN,kg/period,0,0,0,1,0,0,0,0,0,041000030707,physical_3dhp,REPLACED_PHYSICAL,True,omitted_zero_diagnostic
v01b_unit_pulse_tn_half_pass,unit_pulse_no_time,041000030705,TP,kg/period,0,0,0,1,0,0,0,0,0,041000030707,physical_3dhp,REPLACED_PHYSICAL,True,omitted_zero_diagnostic
v01b_unit_pulse_tn_half_pass,unit_pulse_no_time,041000030706,water,m3/period,0,0,0,1,0,0,0,0,0,041000030707,official_3dhp_connector,REPLACED_AUTHORITATIVE_CONNECTOR,False,omitted_zero_diagnostic
v01b_unit_pulse_tn_half_pass,unit_pulse_no_time,041000030706,TN,kg/period,0,0,0,1,0,0,0,0,0,041000030707,official_3dhp_connector,REPLACED_AUTHORITATIVE_CONNECTOR,False,omitted_zero_diagnostic
v01b_unit_pulse_tn_half_pass,unit_pulse_no_time,041000030706,TP,kg/period,0,0,0,1,0,0,0,0,0,041000030707,official_3dhp_connector,REPLACED_AUTHORITATIVE_CONNECTOR,False,omitted_zero_diagnostic
v01b_unit_pulse_tn_half_pass,unit_pulse_no_time,041000030707,water,m3/period,0,0,0,1,0,0,0,0,0,041000030805,official_3dhp_connector,REPLACED_AUTHORITATIVE_CONNECTOR,False,omitted_zero_diagnostic
v01b_unit_pulse_tn_half_pass,unit_pulse_no_time,041000030707,TN,kg/period,0,0,0,1,0,0,0,0,0,041000030805,official_3dhp_connector,REPLACED_AUTHORITATIVE_CONNECTOR,False,omitted_zero_diagnostic
v01b_unit_pulse_tn_half_pass,unit_pulse_no_time,041000030707,TP,kg/period,0,0,0,1,0,0,0,0,0,041000030805,official_3dhp_connector,REPLACED_AUTHORITATIVE_CONNECTOR,False,omitted_zero_diagnostic
v01b_unit_pulse_tn_half_pass,unit_pulse_no_time,041000030801,water,m3/period,0,0,0,1,0,0,0,0,0,041000030802,physical_3dhp,REPLACED_PHYSICAL,True,omitted_zero_diagnostic
v01b_unit_pulse_tn_half_pass,unit_pulse_no_time,041000030801,TN,kg/period,0,0,0,1,0,0,0,0,0,041000030802,physical_3dhp,REPLACED_PHYSICAL,True,omitted_zero_diagnostic
v01b_unit_pulse_tn_half_pass,unit_pulse_no_time,041000030801,TP,kg/period,0,0,0,1,0,0,0,0,0,041000030802,physical_3dhp,REPLACED_PHYSICAL,True,omitted_zero_diagnostic
v01b_unit_pulse_tn_half_pass,unit_pulse_no_time,041000030802,water,m3/period,0,1,1,1,0,0,1,0,0,041000030803,physical_3dhp,REPLACED_PHYSICAL,True,omitted_zero_diagnostic
v01b_unit_pulse_tn_half_pass,unit_pulse_no_time,041000030802,TN,kg/period,0,0.5,0.5,1,0,0,0.5,0,0,041000030803,physical_3dhp,REPLACED_PHYSICAL,True,omitted_zero_diagnostic
v01b_unit_pulse_tn_half_pass,unit_pulse_no_time,041000030802,TP,kg/period,0,1,1,1,0,0,1,0,0,041000030803,physical_3dhp,REPLACED_PHYSICAL,True,omitted_zero_diagnostic
v01b_unit_pulse_tn_half_pass,unit_pulse_no_time,041000030803,water,m3/period,0,1,1,1,0,0,1,0,0,041000030804,official_3dhp_connector,REPLACED_AUTHORITATIVE_CONNECTOR,False,omitted_zero_diagnostic
v01b_unit_pulse_tn_half_pass,unit_pulse_no_time,041000030803,TN,kg/period,0,0.5,0.5,1,0,0,0.5,0,0,041000030804,official_3dhp_connector,REPLACED_AUTHORITATIVE_CONNECTOR,False,omitted_zero_diagnostic
v01b_unit_pulse_tn_half_pass,unit_pulse_no_time,041000030803,TP,kg/period,0,1,1,1,0,0,1,0,0,041000030804,official_3dhp_connector,REPLACED_AUTHORITATIVE_CONNECTOR,False,omitted_zero_diagnostic
v01b_unit_pulse_tn_half_pass,unit_pulse_no_time,041000030804,water,m3/period,0,1,1,1,0,0,1,0,0,041000030805,official_3dhp_connector,REPLACED_AUTHORITATIVE_CONNECTOR,False,omitted_zero_diagnostic
v01b_unit_pulse_tn_half_pass,unit_pulse_no_time,041000030804,TN,kg/period,0,0.5,0.5,1,0,0,0.5,0,0,041000030805,official_3dhp_connector,REPLACED_AUTHORITATIVE_CONNECTOR,False,omitted_zero_diagnostic
v01b_unit_pulse_tn_half_pass,unit_pulse_no_time,041000030804,TP,kg/period,0,1,1,1,0,0,1,0,0,041000030805,official_3dhp_connector,REPLACED_AUTHORITATIVE_CONNECTOR,False,omitted_zero_diagnostic
v01b_unit_pulse_tn_half_pass,unit_pulse_no_time,041000030805,water,m3/period,0,1,1,1,0,0,1,0,0,041000030806,physical_3dhp,REPLACED_PHYSICAL,True,omitted_zero_diagnostic
v01b_unit_pulse_tn_half_pass,unit_pulse_no_time,041000030805,TN,kg/period,0,0.5,0.5,1,0,0,0.5,0,0,041000030806,physical_3dhp,REPLACED_PHYSICAL,True,omitted_zero_diagnostic
v01b_unit_pulse_tn_half_pass,unit_pulse_no_time,041000030805,TP,kg/period,0,1,1,1,0,0,1,0,0,041000030806,physical_3dhp,REPLACED_PHYSICAL,True,omitted_zero_diagnostic
v01b_unit_pulse_tn_half_pass,unit_pulse_no_time,041000030806,water,m3/period,0,1,1,1,0,0,1,0,0,041000050102,official_3dhp_connector,REPLACED_AUTHORITATIVE_CONNECTOR,False,omitted_zero_diagnostic
v01b_unit_pulse_tn_half_pass,unit_pulse_no_time,041000030806,TN,kg/period,0,0.5,0.5,1,0,0,0.5,0,0,041000050102,official_3dhp_connector,REPLACED_AUTHORITATIVE_CONNECTOR,False,omitted_zero_diagnostic
v01b_unit_pulse_tn_half_pass,unit_pulse_no_time,041000030806,TP,kg/period,0,1,1,1,0,0,1,0,0,041000050102,official_3dhp_connector,REPLACED_AUTHORITATIVE_CONNECTOR,False,omitted_zero_diagnostic
v01b_unit_pulse_tn_half_pass,unit_pulse_no_time,041000040101,water,m3/period,0,0,0,1,0,0,0,0,0,041000040103,physical_3dhp,REPLACED_PHYSICAL,True,omitted_zero_diagnostic
v01b_unit_pulse_tn_half_pass,unit_pulse_no_time,041000040101,TN,kg/period,0,0,0,1,0,0,0,0,0,041000040103,physical_3dhp,REPLACED_PHYSICAL,True,omitted_zero_diagnostic
v01b_unit_pulse_tn_half_pass,unit_pulse_no_time,041000040101,TP,kg/period,0,0,0,1,0,0,0,0,0,041000040103,physical_3dhp,REPLACED_PHYSICAL,True,omitted_zero_diagnostic
v01b_unit_pulse_tn_half_pass,unit_pulse_no_time,041000040102,water,m3/period,0,0,0,1,0,0,0,0,0,041000040103,project_inference,UNRESOLVED,False,omitted_zero_diagnostic
v01b_unit_pulse_tn_half_pass,unit_pulse_no_time,041000040102,TN,kg/period,0,0,0,1,0,0,0,0,0,041000040103,project_inference,UNRESOLVED,False,omitted_zero_diagnostic
v01b_unit_pulse_tn_half_pass,unit_pulse_no_time,041000040102,TP,kg/period,0,0,0,1,0,0,0,0,0,041000040103,project_inference,UNRESOLVED,False,omitted_zero_diagnostic
v01b_unit_pulse_tn_half_pass,unit_pulse_no_time,041000040103,water,m3/period,0,0,0,1,0,0,0,0,0,041000040106,physical_3dhp,REPLACED_PHYSICAL,True,omitted_zero_diagnostic
v01b_unit_pulse_tn_half_pass,unit_pulse_no_time,041000040103,TN,kg/period,0,0,0,1,0,0,0,0,0,041000040106,physical_3dhp,REPLACED_PHYSICAL,True,omitted_zero_diagnostic
v01b_unit_pulse_tn_half_pass,unit_pulse_no_time,041000040103,TP,kg/period,0,0,0,1,0,0,0,0,0,041000040106,physical_3dhp,REPLACED_PHYSICAL,True,omitted_zero_diagnostic
v01b_unit_pulse_tn_half_pass,unit_pulse_no_time,041000040104,water,m3/period,0,0,0,1,0,0,0,0,0,041000040106,official_3dhp_connector,REPLACED_AUTHORITATIVE_CONNECTOR,False,omitted_zero_diagnostic
v01b_unit_pulse_tn_half_pass,unit_pulse_no_time,041000040104,TN,kg/period,0,0,0,1,0,0,0,0,0,041000040106,official_3dhp_connector,REPLACED_AUTHORITATIVE_CONNECTOR,False,omitted_zero_diagnostic
v01b_unit_pulse_tn_half_pass,unit_pulse_no_time,041000040104,TP,kg/period,0,0,0,1,0,0,0,0,0,041000040106,official_3dhp_connector,REPLACED_AUTHORITATIVE_CONNECTOR,False,omitted_zero_diagnostic
v01b_unit_pulse_tn_half_pass,unit_pulse_no_time,041000040105,water,m3/period,0,0,0,1,0,0,0,0,0,041000040106,official_3dhp_connector,REPLACED_AUTHORITATIVE_CONNECTOR,False,omitted_zero_diagnostic
v01b_unit_pulse_tn_half_pass,unit_pulse_no_time,041000040105,TN,kg/period,0,0,0,1,0,0,0,0,0,041000040106,official_3dhp_connector,REPLACED_AUTHORITATIVE_CONNECTOR,False,omitted_zero_diagnostic
v01b_unit_pulse_tn_half_pass,unit_pulse_no_time,041000040105,TP,kg/period,0,0,0,1,0,0,0,0,0,041000040106,official_3dhp_connector,REPLACED_AUTHORITATIVE_CONNECTOR,False,omitted_zero_diagnostic
v01b_unit_pulse_tn_half_pass,unit_pulse_no_time,041000040106,water,m3/period,0,0,0,1,0,0,0,0,0,041000040205,official_3dhp_connector,REPLACED_AUTHORITATIVE_CONNECTOR,False,omitted_zero_diagnostic
v01b_unit_pulse_tn_half_pass,unit_pulse_no_time,041000040106,TN,kg/period,0,0,0,1,0,0,0,0,0,041000040205,official_3dhp_connector,REPLACED_AUTHORITATIVE_CONNECTOR,False,omitted_zero_diagnostic
v01b_unit_pulse_tn_half_pass,unit_pulse_no_time,041000040106,TP,kg/period,0,0,0,1,0,0,0,0,0,041000040205,official_3dhp_connector,REPLACED_AUTHORITATIVE_CONNECTOR,False,omitted_zero_diagnostic
v01b_unit_pulse_tn_half_pass,unit_pulse_no_time,041000040201,water,m3/period,0,0,0,1,0,0,0,0,0,041000040205,official_3dhp_connector,REPLACED_AUTHORITATIVE_CONNECTOR,False,omitted_zero_diagnostic
v01b_unit_pulse_tn_half_pass,unit_pulse_no_time,041000040201,TN,kg/period,0,0,0,1,0,0,0,0,0,041000040205,official_3dhp_connector,REPLACED_AUTHORITATIVE_CONNECTOR,False,omitted_zero_diagnostic
v01b_unit_pulse_tn_half_pass,unit_pulse_no_time,041000040201,TP,kg/period,0,0,0,1,0,0,0,0,0,041000040205,official_3dhp_connector,REPLACED_AUTHORITATIVE_CONNECTOR,False,omitted_zero_diagnostic
v01b_unit_pulse_tn_half_pass,unit_pulse_no_time,041000040202,water,m3/period,0,0,0,1,0,0,0,0,0,041000040205,official_3dhp_connector,REPLACED_AUTHORITATIVE_CONNECTOR,False,omitted_zero_diagnostic
v01b_unit_pulse_tn_half_pass,unit_pulse_no_time,041000040202,TN,kg/period,0,0,0,1,0,0,0,0,0,041000040205,official_3dhp_connector,REPLACED_AUTHORITATIVE_CONNECTOR,False,omitted_zero_diagnostic
v01b_unit_pulse_tn_half_pass,unit_pulse_no_time,041000040202,TP,kg/period,0,0,0,1,0,0,0,0,0,041000040205,official_3dhp_connector,REPLACED_AUTHORITATIVE_CONNECTOR,False,omitted_zero_diagnostic
v01b_unit_pulse_tn_half_pass,unit_pulse_no_time,041000040203,water,m3/period,0,0,0,1,0,0,0,0,0,041000040204,physical_3dhp,REPLACED_PHYSICAL,True,omitted_zero_diagnostic
v01b_unit_pulse_tn_half_pass,unit_pulse_no_time,041000040203,TN,kg/period,0,0,0,1,0,0,0,0,0,041000040204,physical_3dhp,REPLACED_PHYSICAL,True,omitted_zero_diagnostic
v01b_unit_pulse_tn_half_pass,unit_pulse_no_time,041000040203,TP,kg/period,0,0,0,1,0,0,0,0,0,041000040204,physical_3dhp,REPLACED_PHYSICAL,True,omitted_zero_diagnostic
v01b_unit_pulse_tn_half_pass,unit_pulse_no_time,041000040204,water,m3/period,0,0,0,1,0,0,0,0,0,041000040205,official_3dhp_connector,REPLACED_AUTHORITATIVE_CONNECTOR,False,omitted_zero_diagnostic
v01b_unit_pulse_tn_half_pass,unit_pulse_no_time,041000040204,TN,kg/period,0,0,0,1,0,0,0,0,0,041000040205,official_3dhp_connector,REPLACED_AUTHORITATIVE_CONNECTOR,False,omitted_zero_diagnostic
v01b_unit_pulse_tn_half_pass,unit_pulse_no_time,041000040204,TP,kg/period,0,0,0,1,0,0,0,0,0,041000040205,official_3dhp_connector,REPLACED_AUTHORITATIVE_CONNECTOR,False,omitted_zero_diagnostic
v01b_unit_pulse_tn_half_pass,unit_pulse_no_time,041000040205,water,m3/period,0,0,0,1,0,0,0,0,0,041000040303,official_3dhp_connector,REPLACED_AUTHORITATIVE_CONNECTOR,False,omitted_zero_diagnostic
v01b_unit_pulse_tn_half_pass,unit_pulse_no_time,041000040205,TN,kg/period,0,0,0,1,0,0,0,0,0,041000040303,official_3dhp_connector,REPLACED_AUTHORITATIVE_CONNECTOR,False,omitted_zero_diagnostic
v01b_unit_pulse_tn_half_pass,unit_pulse_no_time,041000040205,TP,kg/period,0,0,0,1,0,0,0,0,0,041000040303,official_3dhp_connector,REPLACED_AUTHORITATIVE_CONNECTOR,False,omitted_zero_diagnostic
v01b_unit_pulse_tn_half_pass,unit_pulse_no_time,041000040301,water,m3/period,0,0,0,1,0,0,0,0,0,041000040302,physical_3dhp,REPLACED_PHYSICAL,True,omitted_zero_diagnostic
v01b_unit_pulse_tn_half_pass,unit_pulse_no_time,041000040301,TN,kg/period,0,0,0,1,0,0,0,0,0,041000040302,physical_3dhp,REPLACED_PHYSICAL,True,omitted_zero_diagnostic
v01b_unit_pulse_tn_half_pass,unit_pulse_no_time,041000040301,TP,kg/period,0,0,0,1,0,0,0,0,0,041000040302,physical_3dhp,REPLACED_PHYSICAL,True,omitted_zero_diagnostic
v01b_unit_pulse_tn_half_pass,unit_pulse_no_time,041000040302,water,m3/period,0,0,0,1,0,0,0,0,0,041000040303,official_3dhp_connector,REPLACED_AUTHORITATIVE_CONNECTOR,False,omitted_zero_diagnostic
v01b_unit_pulse_tn_half_pass,unit_pulse_no_time,041000040302,TN,kg/period,0,0,0,1,0,0,0,0,0,041000040303,official_3dhp_connector,REPLACED_AUTHORITATIVE_CONNECTOR,False,omitted_zero_diagnostic
v01b_unit_pulse_tn_half_pass,unit_pulse_no_time,041000040302,TP,kg/period,0,0,0,1,0,0,0,0,0,041000040303,official_3dhp_connector,REPLACED_AUTHORITATIVE_CONNECTOR,False,omitted_zero_diagnostic
v01b_unit_pulse_tn_half_pass,unit_pulse_no_time,041000040303,water,m3/period,0,0,0,1,0,0,0,0,0,041000040305,official_3dhp_connector,REPLACED_AUTHORITATIVE_CONNECTOR,False,omitted_zero_diagnostic
v01b_unit_pulse_tn_half_pass,unit_pulse_no_time,041000040303,TN,kg/period,0,0,0,1,0,0,0,0,0,041000040305,official_3dhp_connector,REPLACED_AUTHORITATIVE_CONNECTOR,False,omitted_zero_diagnostic
v01b_unit_pulse_tn_half_pass,unit_pulse_no_time,041000040303,TP,kg/period,0,0,0,1,0,0,0,0,0,041000040305,official_3dhp_connector,REPLACED_AUTHORITATIVE_CONNECTOR,False,omitted_zero_diagnostic
v01b_unit_pulse_tn_half_pass,unit_pulse_no_time,041000040304,water,m3/period,0,0,0,1,0,0,0,0,0,041000040305,official_3dhp_connector,REPLACED_AUTHORITATIVE_CONNECTOR,False,omitted_zero_diagnostic
v01b_unit_pulse_tn_half_pass,unit_pulse_no_time,041000040304,TN,kg/period,0,0,0,1,0,0,0,0,0,041000040305,official_3dhp_connector,REPLACED_AUTHORITATIVE_CONNECTOR,False,omitted_zero_diagnostic
v01b_unit_pulse_tn_half_pass,unit_pulse_no_time,041000040304,TP,kg/period,0,0,0,1,0,0,0,0,0,041000040305,official_3dhp_connector,REPLACED_AUTHORITATIVE_CONNECTOR,False,omitted_zero_diagnostic
v01b_unit_pulse_tn_half_pass,unit_pulse_no_time,041000040305,water,m3/period,0,0,0,1,0,0,0,0,0,041000040408,official_3dhp_connector,REPLACED_AUTHORITATIVE_CONNECTOR,False,omitted_zero_diagnostic
v01b_unit_pulse_tn_half_pass,unit_pulse_no_time,041000040305,TN,kg/period,0,0,0,1,0,0,0,0,0,041000040408,official_3dhp_connector,REPLACED_AUTHORITATIVE_CONNECTOR,False,omitted_zero_diagnostic
v01b_unit_pulse_tn_half_pass,unit_pulse_no_time,041000040305,TP,kg/period,0,0,0,1,0,0,0,0,0,041000040408,official_3dhp_connector,REPLACED_AUTHORITATIVE_CONNECTOR,False,omitted_zero_diagnostic
v01b_unit_pulse_tn_half_pass,unit_pulse_no_time,041000040401,water,m3/period,0,0,0,1,0,0,0,0,0,041000040408,physical_3dhp,REPLACED_PHYSICAL,True,omitted_zero_diagnostic
v01b_unit_pulse_tn_half_pass,unit_pulse_no_time,041000040401,TN,kg/period,0,0,0,1,0,0,0,0,0,041000040408,physical_3dhp,REPLACED_PHYSICAL,True,omitted_zero_diagnostic
v01b_unit_pulse_tn_half_pass,unit_pulse_no_time,041000040401,TP,kg/period,0,0,0,1,0,0,0,0,0,041000040408,physical_3dhp,REPLACED_PHYSICAL,True,omitted_zero_diagnostic
v01b_unit_pulse_tn_half_pass,unit_pulse_no_time,041000040402,water,m3/period,0,0,0,1,0,0,0,0,0,041000040405,physical_3dhp,REPLACED_PHYSICAL,True,omitted_zero_diagnostic
v01b_unit_pulse_tn_half_pass,unit_pulse_no_time,041000040402,TN,kg/period,0,0,0,1,0,0,0,0,0,041000040405,physical_3dhp,REPLACED_PHYSICAL,True,omitted_zero_diagnostic
v01b_unit_pulse_tn_half_pass,unit_pulse_no_time,041000040402,TP,kg/period,0,0,0,1,0,0,0,0,0,041000040405,physical_3dhp,REPLACED_PHYSICAL,True,omitted_zero_diagnostic
v01b_unit_pulse_tn_half_pass,unit_pulse_no_time,041000040403,water,m3/period,0,0,0,1,0,0,0,0,0,041000040405,physical_3dhp,REPLACED_PHYSICAL,True,omitted_zero_diagnostic
v01b_unit_pulse_tn_half_pass,unit_pulse_no_time,041000040403,TN,kg/period,0,0,0,1,0,0,0,0,0,041000040405,physical_3dhp,REPLACED_PHYSICAL,True,omitted_zero_diagnostic
v01b_unit_pulse_tn_half_pass,unit_pulse_no_time,041000040403,TP,kg/period,0,0,0,1,0,0,0,0,0,041000040405,physical_3dhp,REPLACED_PHYSICAL,True,omitted_zero_diagnostic
v01b_unit_pulse_tn_half_pass,unit_pulse_no_time,041000040404,water,m3/period,0,0,0,1,0,0,0,0,0,041000040405,physical_3dhp,REPLACED_PHYSICAL,True,omitted_zero_diagnostic
v01b_unit_pulse_tn_half_pass,unit_pulse_no_time,041000040404,TN,kg/period,0,0,0,1,0,0,0,0,0,041000040405,physical_3dhp,REPLACED_PHYSICAL,True,omitted_zero_diagnostic
v01b_unit_pulse_tn_half_pass,unit_pulse_no_time,041000040404,TP,kg/period,0,0,0,1,0,0,0,0,0,041000040405,physical_3dhp,REPLACED_PHYSICAL,True,omitted_zero_diagnostic
v01b_unit_pulse_tn_half_pass,unit_pulse_no_time,041000040405,water,m3/period,0,0,0,1,0,0,0,0,0,041000040408,physical_3dhp,REPLACED_PHYSICAL,True,omitted_zero_diagnostic
v01b_unit_pulse_tn_half_pass,unit_pulse_no_time,041000040405,TN,kg/period,0,0,0,1,0,0,0,0,0,041000040408,physical_3dhp,REPLACED_PHYSICAL,True,omitted_zero_diagnostic
v01b_unit_pulse_tn_half_pass,unit_pulse_no_time,041000040405,TP,kg/period,0,0,0,1,0,0,0,0,0,041000040408,physical_3dhp,REPLACED_PHYSICAL,True,omitted_zero_diagnostic
v01b_unit_pulse_tn_half_pass,unit_pulse_no_time,041000040406,water,m3/period,0,0,0,1,0,0,0,0,0,041000040408,physical_3dhp,REPLACED_PHYSICAL,True,omitted_zero_diagnostic
v01b_unit_pulse_tn_half_pass,unit_pulse_no_time,041000040406,TN,kg/period,0,0,0,1,0,0,0,0,0,041000040408,physical_3dhp,REPLACED_PHYSICAL,True,omitted_zero_diagnostic
v01b_unit_pulse_tn_half_pass,unit_pulse_no_time,041000040406,TP,kg/period,0,0,0,1,0,0,0,0,0,041000040408,physical_3dhp,REPLACED_PHYSICAL,True,omitted_zero_diagnostic
v01b_unit_pulse_tn_half_pass,unit_pulse_no_time,041000040407,water,m3/period,0,0,0,1,0,0,0,0,0,041000040408,physical_3dhp,REPLACED_PHYSICAL,True,omitted_zero_diagnostic
v01b_unit_pulse_tn_half_pass,unit_pulse_no_time,041000040407,TN,kg/period,0,0,0,1,0,0,0,0,0,041000040408,physical_3dhp,REPLACED_PHYSICAL,True,omitted_zero_diagnostic
v01b_unit_pulse_tn_half_pass,unit_pulse_no_time,041000040407,TP,kg/period,0,0,0,1,0,0,0,0,0,041000040408,physical_3dhp,REPLACED_PHYSICAL,True,omitted_zero_diagnostic
v01b_unit_pulse_tn_half_pass,unit_pulse_no_time,041000040408,water,m3/period,0,0,0,1,0,0,0,0,0,041000040502,physical_3dhp,REPLACED_PHYSICAL,True,omitted_zero_diagnostic
v01b_unit_pulse_tn_half_pass,unit_pulse_no_time,041000040408,TN,kg/period,0,0,0,1,0,0,0,0,0,041000040502,physical_3dhp,REPLACED_PHYSICAL,True,omitted_zero_diagnostic
v01b_unit_pulse_tn_half_pass,unit_pulse_no_time,041000040408,TP,kg/period,0,0,0,1,0,0,0,0,0,041000040502,physical_3dhp,REPLACED_PHYSICAL,True,omitted_zero_diagnostic
v01b_unit_pulse_tn_half_pass,unit_pulse_no_time,041000040501,water,m3/period,0,0,0,1,0,0,0,0,0,041000040502,official_3dhp_connector,REPLACED_AUTHORITATIVE_CONNECTOR,False,omitted_zero_diagnostic
v01b_unit_pulse_tn_half_pass,unit_pulse_no_time,041000040501,TN,kg/period,0,0,0,1,0,0,0,0,0,041000040502,official_3dhp_connector,REPLACED_AUTHORITATIVE_CONNECTOR,False,omitted_zero_diagnostic
v01b_unit_pulse_tn_half_pass,unit_pulse_no_time,041000040501,TP,kg/period,0,0,0,1,0,0,0,0,0,041000040502,official_3dhp_connector,REPLACED_AUTHORITATIVE_CONNECTOR,False,omitted_zero_diagnostic
v01b_unit_pulse_tn_half_pass,unit_pulse_no_time,041000040502,water,m3/period,0,0,0,1,0,0,0,0,0,041000040504,physical_3dhp,REPLACED_PHYSICAL,True,omitted_zero_diagnostic
v01b_unit_pulse_tn_half_pass,unit_pulse_no_time,041000040502,TN,kg/period,0,0,0,1,0,0,0,0,0,041000040504,physical_3dhp,REPLACED_PHYSICAL,True,omitted_zero_diagnostic
v01b_unit_pulse_tn_half_pass,unit_pulse_no_time,041000040502,TP,kg/period,0,0,0,1,0,0,0,0,0,041000040504,physical_3dhp,REPLACED_PHYSICAL,True,omitted_zero_diagnostic
v01b_unit_pulse_tn_half_pass,unit_pulse_no_time,041000040503,water,m3/period,0,0,0,1,0,0,0,0,0,041000040504,physical_3dhp,REPLACED_PHYSICAL,True,omitted_zero_diagnostic
v01b_unit_pulse_tn_half_pass,unit_pulse_no_time,041000040503,TN,kg/period,0,0,0,1,0,0,0,0,0,041000040504,physical_3dhp,REPLACED_PHYSICAL,True,omitted_zero_diagnostic
v01b_unit_pulse_tn_half_pass,unit_pulse_no_time,041000040503,TP,kg/period,0,0,0,1,0,0,0,0,0,041000040504,physical_3dhp,REPLACED_PHYSICAL,True,omitted_zero_diagnostic
v01b_unit_pulse_tn_half_pass,unit_pulse_no_time,041000040504,water,m3/period,0,0,0,1,0,0,0,0,0,041000040602,physical_3dhp,REPLACED_PHYSICAL,True,omitted_zero_diagnostic
v01b_unit_pulse_tn_half_pass,unit_pulse_no_time,041000040504,TN,kg/period,0,0,0,1,0,0,0,0,0,041000040602,physical_3dhp,REPLACED_PHYSICAL,True,omitted_zero_diagnostic
v01b_unit_pulse_tn_half_pass,unit_pulse_no_time,041000040504,TP,kg/period,0,0,0,1,0,0,0,0,0,041000040602,physical_3dhp,REPLACED_PHYSICAL,True,omitted_zero_diagnostic
v01b_unit_pulse_tn_half_pass,unit_pulse_no_time,041000040601,water,m3/period,0,0,0,1,0,0,0,0,0,041000040604,official_3dhp_connector,REPLACED_AUTHORITATIVE_CONNECTOR,False,omitted_zero_diagnostic
v01b_unit_pulse_tn_half_pass,unit_pulse_no_time,041000040601,TN,kg/period,0,0,0,1,0,0,0,0,0,041000040604,official_3dhp_connector,REPLACED_AUTHORITATIVE_CONNECTOR,False,omitted_zero_diagnostic
v01b_unit_pulse_tn_half_pass,unit_pulse_no_time,041000040601,TP,kg/period,0,0,0,1,0,0,0,0,0,041000040604,official_3dhp_connector,REPLACED_AUTHORITATIVE_CONNECTOR,False,omitted_zero_diagnostic
v01b_unit_pulse_tn_half_pass,unit_pulse_no_time,041000040602,water,m3/period,0,0,0,1,0,0,0,0,0,041000040604,physical_3dhp,REPLACED_PHYSICAL,True,omitted_zero_diagnostic
v01b_unit_pulse_tn_half_pass,unit_pulse_no_time,041000040602,TN,kg/period,0,0,0,1,0,0,0,0,0,041000040604,physical_3dhp,REPLACED_PHYSICAL,True,omitted_zero_diagnostic
v01b_unit_pulse_tn_half_pass,unit_pulse_no_time,041000040602,TP,kg/period,0,0,0,1,0,0,0,0,0,041000040604,physical_3dhp,REPLACED_PHYSICAL,True,omitted_zero_diagnostic
v01b_unit_pulse_tn_half_pass,unit_pulse_no_time,041000040603,water,m3/period,0,0,0,1,0,0,0,0,0,041000040604,physical_3dhp,REPLACED_PHYSICAL,True,omitted_zero_diagnostic
v01b_unit_pulse_tn_half_pass,unit_pulse_no_time,041000040603,TN,kg/period,0,0,0,1,0,0,0,0,0,041000040604,physical_3dhp,REPLACED_PHYSICAL,True,omitted_zero_diagnostic
v01b_unit_pulse_tn_half_pass,unit_pulse_no_time,041000040603,TP,kg/period,0,0,0,1,0,0,0,0,0,041000040604,physical_3dhp,REPLACED_PHYSICAL,True,omitted_zero_diagnostic
v01b_unit_pulse_tn_half_pass,unit_pulse_no_time,041000040604,water,m3/period,0,0,0,1,0,0,0,0,0,041000040606,physical_3dhp,REPLACED_PHYSICAL,True,omitted_zero_diagnostic
v01b_unit_pulse_tn_half_pass,unit_pulse_no_time,041000040604,TN,kg/period,0,0,0,1,0,0,0,0,0,041000040606,physical_3dhp,REPLACED_PHYSICAL,True,omitted_zero_diagnostic
v01b_unit_pulse_tn_half_pass,unit_pulse_no_time,041000040604,TP,kg/period,0,0,0,1,0,0,0,0,0,041000040606,physical_3dhp,REPLACED_PHYSICAL,True,omitted_zero_diagnostic
v01b_unit_pulse_tn_half_pass,unit_pulse_no_time,041000040605,water,m3/period,0,0,0,1,0,0,0,0,0,041000040606,official_3dhp_connector,REPLACED_AUTHORITATIVE_CONNECTOR,False,omitted_zero_diagnostic
v01b_unit_pulse_tn_half_pass,unit_pulse_no_time,041000040605,TN,kg/period,0,0,0,1,0,0,0,0,0,041000040606,official_3dhp_connector,REPLACED_AUTHORITATIVE_CONNECTOR,False,omitted_zero_diagnostic
v01b_unit_pulse_tn_half_pass,unit_pulse_no_time,041000040605,TP,kg/period,0,0,0,1,0,0,0,0,0,041000040606,official_3dhp_connector,REPLACED_AUTHORITATIVE_CONNECTOR,False,omitted_zero_diagnostic
v01b_unit_pulse_tn_half_pass,unit_pulse_no_time,041000040606,water,m3/period,0,0,0,1,0,0,0,0,0,041000050102,physical_3dhp,REPLACED_PHYSICAL,True,omitted_zero_diagnostic
v01b_unit_pulse_tn_half_pass,unit_pulse_no_time,041000040606,TN,kg/period,0,0,0,1,0,0,0,0,0,041000050102,physical_3dhp,REPLACED_PHYSICAL,True,omitted_zero_diagnostic
v01b_unit_pulse_tn_half_pass,unit_pulse_no_time,041000040606,TP,kg/period,0,0,0,1,0,0,0,0,0,041000050102,physical_3dhp,REPLACED_PHYSICAL,True,omitted_zero_diagnostic
v01b_unit_pulse_tn_half_pass,unit_pulse_no_time,041000050101,water,m3/period,0,0,0,1,0,0,0,0,0,041000050102,physical_3dhp,REPLACED_PHYSICAL,True,omitted_zero_diagnostic
v01b_unit_pulse_tn_half_pass,unit_pulse_no_time,041000050101,TN,kg/period,0,0,0,1,0,0,0,0,0,041000050102,physical_3dhp,REPLACED_PHYSICAL,True,omitted_zero_diagnostic
v01b_unit_pulse_tn_half_pass,unit_pulse_no_time,041000050101,TP,kg/period,0,0,0,1,0,0,0,0,0,041000050102,physical_3dhp,REPLACED_PHYSICAL,True,omitted_zero_diagnostic
v01b_unit_pulse_tn_half_pass,unit_pulse_no_time,041000050102,water,m3/period,0,1,1,1,0,0,1,0,0,041000050103,physical_3dhp,REPLACED_PHYSICAL,True,omitted_zero_diagnostic
v01b_unit_pulse_tn_half_pass,unit_pulse_no_time,041000050102,TN,kg/period,0,0.5,0.5,1,0,0,0.5,0,0,041000050103,physical_3dhp,REPLACED_PHYSICAL,True,omitted_zero_diagnostic
v01b_unit_pulse_tn_half_pass,unit_pulse_no_time,041000050102,TP,kg/period,0,1,1,1,0,0,1,0,0,041000050103,physical_3dhp,REPLACED_PHYSICAL,True,omitted_zero_diagnostic
v01b_unit_pulse_tn_half_pass,unit_pulse_no_time,041000050103,water,m3/period,0,1,1,1,0,0,1,0,0,041000050105,physical_3dhp,REPLACED_PHYSICAL,True,omitted_zero_diagnostic
v01b_unit_pulse_tn_half_pass,unit_pulse_no_time,041000050103,TN,kg/period,0,0.5,0.5,1,0,0,0.5,0,0,041000050105,physical_3dhp,REPLACED_PHYSICAL,True,omitted_zero_diagnostic
v01b_unit_pulse_tn_half_pass,unit_pulse_no_time,041000050103,TP,kg/period,0,1,1,1,0,0,1,0,0,041000050105,physical_3dhp,REPLACED_PHYSICAL,True,omitted_zero_diagnostic
v01b_unit_pulse_tn_half_pass,unit_pulse_no_time,041000050104,water,m3/period,0,0,0,1,0,0,0,0,0,041000050106,official_3dhp_connector,REPLACED_AUTHORITATIVE_CONNECTOR,False,omitted_zero_diagnostic
v01b_unit_pulse_tn_half_pass,unit_pulse_no_time,041000050104,TN,kg/period,0,0,0,1,0,0,0,0,0,041000050106,official_3dhp_connector,REPLACED_AUTHORITATIVE_CONNECTOR,False,omitted_zero_diagnostic
v01b_unit_pulse_tn_half_pass,unit_pulse_no_time,041000050104,TP,kg/period,0,0,0,1,0,0,0,0,0,041000050106,official_3dhp_connector,REPLACED_AUTHORITATIVE_CONNECTOR,False,omitted_zero_diagnostic
v01b_unit_pulse_tn_half_pass,unit_pulse_no_time,041000050105,water,m3/period,0,1,1,1,0,0,1,0,0,041000050106,physical_3dhp,REPLACED_PHYSICAL,True,omitted_zero_diagnostic
v01b_unit_pulse_tn_half_pass,unit_pulse_no_time,041000050105,TN,kg/period,0,0.5,0.5,1,0,0,0.5,0,0,041000050106,physical_3dhp,REPLACED_PHYSICAL,True,omitted_zero_diagnostic
v01b_unit_pulse_tn_half_pass,unit_pulse_no_time,041000050105,TP,kg/period,0,1,1,1,0,0,1,0,0,041000050106,physical_3dhp,REPLACED_PHYSICAL,True,omitted_zero_diagnostic
v01b_unit_pulse_tn_half_pass,unit_pulse_no_time,041000050106,water,m3/period,0,1,1,1,0,0,1,0,0,041000050202,physical_3dhp,REPLACED_PHYSICAL,True,omitted_zero_diagnostic
v01b_unit_pulse_tn_half_pass,unit_pulse_no_time,041000050106,TN,kg/period,0,0.5,0.5,1,0,0,0.5,0,0,041000050202,physical_3dhp,REPLACED_PHYSICAL,True,omitted_zero_diagnostic
v01b_unit_pulse_tn_half_pass,unit_pulse_no_time,041000050106,TP,kg/period,0,1,1,1,0,0,1,0,0,041000050202,physical_3dhp,REPLACED_PHYSICAL,True,omitted_zero_diagnostic
v01b_unit_pulse_tn_half_pass,unit_pulse_no_time,041000050201,water,m3/period,0,0,0,1,0,0,0,0,0,041000050202,physical_3dhp,REPLACED_PHYSICAL,True,omitted_zero_diagnostic
v01b_unit_pulse_tn_half_pass,unit_pulse_no_time,041000050201,TN,kg/period,0,0,0,1,0,0,0,0,0,041000050202,physical_3dhp,REPLACED_PHYSICAL,True,omitted_zero_diagnostic
v01b_unit_pulse_tn_half_pass,unit_pulse_no_time,041000050201,TP,kg/period,0,0,0,1,0,0,0,0,0,041000050202,physical_3dhp,REPLACED_PHYSICAL,True,omitted_zero_diagnostic
v01b_unit_pulse_tn_half_pass,unit_pulse_no_time,041000050202,water,m3/period,0,1,1,1,0,0,1,0,0,041000050205,official_3dhp_connector,REPLACED_AUTHORITATIVE_CONNECTOR,False,omitted_zero_diagnostic
v01b_unit_pulse_tn_half_pass,unit_pulse_no_time,041000050202,TN,kg/period,0,0.5,0.5,1,0,0,0.5,0,0,041000050205,official_3dhp_connector,REPLACED_AUTHORITATIVE_CONNECTOR,False,omitted_zero_diagnostic
v01b_unit_pulse_tn_half_pass,unit_pulse_no_time,041000050202,TP,kg/period,0,1,1,1,0,0,1,0,0,041000050205,official_3dhp_connector,REPLACED_AUTHORITATIVE_CONNECTOR,False,omitted_zero_diagnostic
v01b_unit_pulse_tn_half_pass,unit_pulse_no_time,041000050203,water,m3/period,0,0,0,1,0,0,0,0,0,041000050205,official_3dhp_connector,REPLACED_AUTHORITATIVE_CONNECTOR,False,omitted_zero_diagnostic
v01b_unit_pulse_tn_half_pass,unit_pulse_no_time,041000050203,TN,kg/period,0,0,0,1,0,0,0,0,0,041000050205,official_3dhp_connector,REPLACED_AUTHORITATIVE_CONNECTOR,False,omitted_zero_diagnostic
v01b_unit_pulse_tn_half_pass,unit_pulse_no_time,041000050203,TP,kg/period,0,0,0,1,0,0,0,0,0,041000050205,official_3dhp_connector,REPLACED_AUTHORITATIVE_CONNECTOR,False,omitted_zero_diagnostic
v01b_unit_pulse_tn_half_pass,unit_pulse_no_time,041000050204,water,m3/period,0,0,0,1,0,0,0,0,0,041000050205,official_3dhp_connector,REPLACED_AUTHORITATIVE_CONNECTOR,False,omitted_zero_diagnostic
v01b_unit_pulse_tn_half_pass,unit_pulse_no_time,041000050204,TN,kg/period,0,0,0,1,0,0,0,0,0,041000050205,official_3dhp_connector,REPLACED_AUTHORITATIVE_CONNECTOR,False,omitted_zero_diagnostic
v01b_unit_pulse_tn_half_pass,unit_pulse_no_time,041000050204,TP,kg/period,0,0,0,1,0,0,0,0,0,041000050205,official_3dhp_connector,REPLACED_AUTHORITATIVE_CONNECTOR,False,omitted_zero_diagnostic
v01b_unit_pulse_tn_half_pass,unit_pulse_no_time,041000050205,water,m3/period,0,1,1,1,0,0,1,0,0,041000050207,official_3dhp_connector,REPLACED_AUTHORITATIVE_CONNECTOR,False,omitted_zero_diagnostic
v01b_unit_pulse_tn_half_pass,unit_pulse_no_time,041000050205,TN,kg/period,0,0.5,0.5,1,0,0,0.5,0,0,041000050207,official_3dhp_connector,REPLACED_AUTHORITATIVE_CONNECTOR,False,omitted_zero_diagnostic
v01b_unit_pulse_tn_half_pass,unit_pulse_no_time,041000050205,TP,kg/period,0,1,1,1,0,0,1,0,0,041000050207,official_3dhp_connector,REPLACED_AUTHORITATIVE_CONNECTOR,False,omitted_zero_diagnostic
v01b_unit_pulse_tn_half_pass,unit_pulse_no_time,041000050206,water,m3/period,0,0,0,1,0,0,0,0,0,041000050207,official_3dhp_connector,REPLACED_AUTHORITATIVE_CONNECTOR,False,omitted_zero_diagnostic
v01b_unit_pulse_tn_half_pass,unit_pulse_no_time,041000050206,TN,kg/period,0,0,0,1,0,0,0,0,0,041000050207,official_3dhp_connector,REPLACED_AUTHORITATIVE_CONNECTOR,False,omitted_zero_diagnostic
v01b_unit_pulse_tn_half_pass,unit_pulse_no_time,041000050206,TP,kg/period,0,0,0,1,0,0,0,0,0,041000050207,official_3dhp_connector,REPLACED_AUTHORITATIVE_CONNECTOR,False,omitted_zero_diagnostic
v01b_unit_pulse_tn_half_pass,unit_pulse_no_time,041000050207,water,m3/period,0,1,1,1,0,0,1,0,0,041000050208,official_3dhp_connector,REPLACED_AUTHORITATIVE_CONNECTOR,False,omitted_zero_diagnostic
v01b_unit_pulse_tn_half_pass,unit_pulse_no_time,041000050207,TN,kg/period,0,0.5,0.5,1,0,0,0.5,0,0,041000050208,official_3dhp_connector,REPLACED_AUTHORITATIVE_CONNECTOR,False,omitted_zero_diagnostic
v01b_unit_pulse_tn_half_pass,unit_pulse_no_time,041000050207,TP,kg/period,0,1,1,1,0,0,1,0,0,041000050208,official_3dhp_connector,REPLACED_AUTHORITATIVE_CONNECTOR,False,omitted_zero_diagnostic
v01b_unit_pulse_tn_half_pass,unit_pulse_no_time,041000050208,water,m3/period,0,1,1,1,0,0,1,0,0,041000090201,official_3dhp_connector,REPLACED_AUTHORITATIVE_CONNECTOR,False,omitted_zero_diagnostic
v01b_unit_pulse_tn_half_pass,unit_pulse_no_time,041000050208,TN,kg/period,0,0.5,0.5,1,0,0,0.5,0,0,041000090201,official_3dhp_connector,REPLACED_AUTHORITATIVE_CONNECTOR,False,omitted_zero_diagnostic
v01b_unit_pulse_tn_half_pass,unit_pulse_no_time,041000050208,TP,kg/period,0,1,1,1,0,0,1,0,0,041000090201,official_3dhp_connector,REPLACED_AUTHORITATIVE_CONNECTOR,False,omitted_zero_diagnostic
v01b_unit_pulse_tn_half_pass,unit_pulse_no_time,041000060101,water,m3/period,0,0,0,1,0,0,0,0,0,041000060102,physical_3dhp,REPLACED_PHYSICAL,True,omitted_zero_diagnostic
v01b_unit_pulse_tn_half_pass,unit_pulse_no_time,041000060101,TN,kg/period,0,0,0,1,0,0,0,0,0,041000060102,physical_3dhp,REPLACED_PHYSICAL,True,omitted_zero_diagnostic
v01b_unit_pulse_tn_half_pass,unit_pulse_no_time,041000060101,TP,kg/period,0,0,0,1,0,0,0,0,0,041000060102,physical_3dhp,REPLACED_PHYSICAL,True,omitted_zero_diagnostic
v01b_unit_pulse_tn_half_pass,unit_pulse_no_time,041000060102,water,m3/period,0,0,0,1,0,0,0,0,0,041000060103,physical_3dhp,REPLACED_PHYSICAL,True,omitted_zero_diagnostic
v01b_unit_pulse_tn_half_pass,unit_pulse_no_time,041000060102,TN,kg/period,0,0,0,1,0,0,0,0,0,041000060103,physical_3dhp,REPLACED_PHYSICAL,True,omitted_zero_diagnostic
v01b_unit_pulse_tn_half_pass,unit_pulse_no_time,041000060102,TP,kg/period,0,0,0,1,0,0,0,0,0,041000060103,physical_3dhp,REPLACED_PHYSICAL,True,omitted_zero_diagnostic
v01b_unit_pulse_tn_half_pass,unit_pulse_no_time,041000060103,water,m3/period,0,0,0,1,0,0,0,0,0,041000060104,physical_3dhp,REPLACED_PHYSICAL,True,omitted_zero_diagnostic
v01b_unit_pulse_tn_half_pass,unit_pulse_no_time,041000060103,TN,kg/period,0,0,0,1,0,0,0,0,0,041000060104,physical_3dhp,REPLACED_PHYSICAL,True,omitted_zero_diagnostic
v01b_unit_pulse_tn_half_pass,unit_pulse_no_time,041000060103,TP,kg/period,0,0,0,1,0,0,0,0,0,041000060104,physical_3dhp,REPLACED_PHYSICAL,True,omitted_zero_diagnostic
v01b_unit_pulse_tn_half_pass,unit_pulse_no_time,041000060104,water,m3/period,0,0,0,1,0,0,0,0,0,041000060106,physical_3dhp,REPLACED_PHYSICAL,True,omitted_zero_diagnostic
v01b_unit_pulse_tn_half_pass,unit_pulse_no_time,041000060104,TN,kg/period,0,0,0,1,0,0,0,0,0,041000060106,physical_3dhp,REPLACED_PHYSICAL,True,omitted_zero_diagnostic
v01b_unit_pulse_tn_half_pass,unit_pulse_no_time,041000060104,TP,kg/period,0,0,0,1,0,0,0,0,0,041000060106,physical_3dhp,REPLACED_PHYSICAL,True,omitted_zero_diagnostic
v01b_unit_pulse_tn_half_pass,unit_pulse_no_time,041000060105,water,m3/period,0,0,0,1,0,0,0,0,0,041000060106,physical_3dhp,REPLACED_PHYSICAL,True,omitted_zero_diagnostic
v01b_unit_pulse_tn_half_pass,unit_pulse_no_time,041000060105,TN,kg/period,0,0,0,1,0,0,0,0,0,041000060106,physical_3dhp,REPLACED_PHYSICAL,True,omitted_zero_diagnostic
v01b_unit_pulse_tn_half_pass,unit_pulse_no_time,041000060105,TP,kg/period,0,0,0,1,0,0,0,0,0,041000060106,physical_3dhp,REPLACED_PHYSICAL,True,omitted_zero_diagnostic
v01b_unit_pulse_tn_half_pass,unit_pulse_no_time,041000060106,water,m3/period,0,0,0,1,0,0,0,0,0,041000060201,physical_3dhp,REPLACED_PHYSICAL,True,omitted_zero_diagnostic
v01b_unit_pulse_tn_half_pass,unit_pulse_no_time,041000060106,TN,kg/period,0,0,0,1,0,0,0,0,0,041000060201,physical_3dhp,REPLACED_PHYSICAL,True,omitted_zero_diagnostic
v01b_unit_pulse_tn_half_pass,unit_pulse_no_time,041000060106,TP,kg/period,0,0,0,1,0,0,0,0,0,041000060201,physical_3dhp,REPLACED_PHYSICAL,True,omitted_zero_diagnostic
v01b_unit_pulse_tn_half_pass,unit_pulse_no_time,041000060201,water,m3/period,0,0,0,1,0,0,0,0,0,041000060202,physical_3dhp,REPLACED_PHYSICAL,True,omitted_zero_diagnostic
v01b_unit_pulse_tn_half_pass,unit_pulse_no_time,041000060201,TN,kg/period,0,0,0,1,0,0,0,0,0,041000060202,physical_3dhp,REPLACED_PHYSICAL,True,omitted_zero_diagnostic
v01b_unit_pulse_tn_half_pass,unit_pulse_no_time,041000060201,TP,kg/period,0,0,0,1,0,0,0,0,0,041000060202,physical_3dhp,REPLACED_PHYSICAL,True,omitted_zero_diagnostic
v01b_unit_pulse_tn_half_pass,unit_pulse_no_time,041000060202,water,m3/period,0,0,0,1,0,0,0,0,0,041000060205,physical_3dhp,REPLACED_PHYSICAL,True,omitted_zero_diagnostic
v01b_unit_pulse_tn_half_pass,unit_pulse_no_time,041000060202,TN,kg/period,0,0,0,1,0,0,0,0,0,041000060205,physical_3dhp,REPLACED_PHYSICAL,True,omitted_zero_diagnostic
v01b_unit_pulse_tn_half_pass,unit_pulse_no_time,041000060202,TP,kg/period,0,0,0,1,0,0,0,0,0,041000060205,physical_3dhp,REPLACED_PHYSICAL,True,omitted_zero_diagnostic
v01b_unit_pulse_tn_half_pass,unit_pulse_no_time,041000060203,water,m3/period,0,0,0,1,0,0,0,0,0,041000060205,official_3dhp_connector,REPLACED_AUTHORITATIVE_CONNECTOR,False,omitted_zero_diagnostic
v01b_unit_pulse_tn_half_pass,unit_pulse_no_time,041000060203,TN,kg/period,0,0,0,1,0,0,0,0,0,041000060205,official_3dhp_connector,REPLACED_AUTHORITATIVE_CONNECTOR,False,omitted_zero_diagnostic
v01b_unit_pulse_tn_half_pass,unit_pulse_no_time,041000060203,TP,kg/period,0,0,0,1,0,0,0,0,0,041000060205,official_3dhp_connector,REPLACED_AUTHORITATIVE_CONNECTOR,False,omitted_zero_diagnostic
v01b_unit_pulse_tn_half_pass,unit_pulse_no_time,041000060204,water,m3/period,0,0,0,1,0,0,0,0,0,041000060205,project_inference,UNRESOLVED,False,omitted_zero_diagnostic
v01b_unit_pulse_tn_half_pass,unit_pulse_no_time,041000060204,TN,kg/period,0,0,0,1,0,0,0,0,0,041000060205,project_inference,UNRESOLVED,False,omitted_zero_diagnostic
v01b_unit_pulse_tn_half_pass,unit_pulse_no_time,041000060204,TP,kg/period,0,0,0,1,0,0,0,0,0,041000060205,project_inference,UNRESOLVED,False,omitted_zero_diagnostic
v01b_unit_pulse_tn_half_pass,unit_pulse_no_time,041000060205,water,m3/period,0,0,0,1,0,0,0,0,0,041000060301,official_3dhp_connector,REPLACED_AUTHORITATIVE_CONNECTOR,False,omitted_zero_diagnostic
v01b_unit_pulse_tn_half_pass,unit_pulse_no_time,041000060205,TN,kg/period,0,0,0,1,0,0,0,0,0,041000060301,official_3dhp_connector,REPLACED_AUTHORITATIVE_CONNECTOR,False,omitted_zero_diagnostic
v01b_unit_pulse_tn_half_pass,unit_pulse_no_time,041000060205,TP,kg/period,0,0,0,1,0,0,0,0,0,041000060301,official_3dhp_connector,REPLACED_AUTHORITATIVE_CONNECTOR,False,omitted_zero_diagnostic
v01b_unit_pulse_tn_half_pass,unit_pulse_no_time,041000060301,water,m3/period,0,0,0,1,0,0,0,0,0,041000060303,official_3dhp_connector,REPLACED_AUTHORITATIVE_CONNECTOR,False,omitted_zero_diagnostic
v01b_unit_pulse_tn_half_pass,unit_pulse_no_time,041000060301,TN,kg/period,0,0,0,1,0,0,0,0,0,041000060303,official_3dhp_connector,REPLACED_AUTHORITATIVE_CONNECTOR,False,omitted_zero_diagnostic
v01b_unit_pulse_tn_half_pass,unit_pulse_no_time,041000060301,TP,kg/period,0,0,0,1,0,0,0,0,0,041000060303,official_3dhp_connector,REPLACED_AUTHORITATIVE_CONNECTOR,False,omitted_zero_diagnostic
v01b_unit_pulse_tn_half_pass,unit_pulse_no_time,041000060302,water,m3/period,0,0,0,1,0,0,0,0,0,041000060303,official_3dhp_connector,REPLACED_AUTHORITATIVE_CONNECTOR,False,omitted_zero_diagnostic
v01b_unit_pulse_tn_half_pass,unit_pulse_no_time,041000060302,TN,kg/period,0,0,0,1,0,0,0,0,0,041000060303,official_3dhp_connector,REPLACED_AUTHORITATIVE_CONNECTOR,False,omitted_zero_diagnostic
v01b_unit_pulse_tn_half_pass,unit_pulse_no_time,041000060302,TP,kg/period,0,0,0,1,0,0,0,0,0,041000060303,official_3dhp_connector,REPLACED_AUTHORITATIVE_CONNECTOR,False,omitted_zero_diagnostic
v01b_unit_pulse_tn_half_pass,unit_pulse_no_time,041000060303,water,m3/period,0,0,0,1,0,0,0,0,0,041000060503,official_3dhp_connector,REPLACED_AUTHORITATIVE_CONNECTOR,False,omitted_zero_diagnostic
v01b_unit_pulse_tn_half_pass,unit_pulse_no_time,041000060303,TN,kg/period,0,0,0,1,0,0,0,0,0,041000060503,official_3dhp_connector,REPLACED_AUTHORITATIVE_CONNECTOR,False,omitted_zero_diagnostic
v01b_unit_pulse_tn_half_pass,unit_pulse_no_time,041000060303,TP,kg/period,0,0,0,1,0,0,0,0,0,041000060503,official_3dhp_connector,REPLACED_AUTHORITATIVE_CONNECTOR,False,omitted_zero_diagnostic
v01b_unit_pulse_tn_half_pass,unit_pulse_no_time,041000060401,water,m3/period,0,0,0,1,0,0,0,0,0,041000060402,physical_3dhp,REPLACED_PHYSICAL,True,omitted_zero_diagnostic
v01b_unit_pulse_tn_half_pass,unit_pulse_no_time,041000060401,TN,kg/period,0,0,0,1,0,0,0,0,0,041000060402,physical_3dhp,REPLACED_PHYSICAL,True,omitted_zero_diagnostic
v01b_unit_pulse_tn_half_pass,unit_pulse_no_time,041000060401,TP,kg/period,0,0,0,1,0,0,0,0,0,041000060402,physical_3dhp,REPLACED_PHYSICAL,True,omitted_zero_diagnostic
v01b_unit_pulse_tn_half_pass,unit_pulse_no_time,041000060402,water,m3/period,0,0,0,1,0,0,0,0,0,041000060404,physical_3dhp,REPLACED_PHYSICAL,True,omitted_zero_diagnostic
v01b_unit_pulse_tn_half_pass,unit_pulse_no_time,041000060402,TN,kg/period,0,0,0,1,0,0,0,0,0,041000060404,physical_3dhp,REPLACED_PHYSICAL,True,omitted_zero_diagnostic
v01b_unit_pulse_tn_half_pass,unit_pulse_no_time,041000060402,TP,kg/period,0,0,0,1,0,0,0,0,0,041000060404,physical_3dhp,REPLACED_PHYSICAL,True,omitted_zero_diagnostic
v01b_unit_pulse_tn_half_pass,unit_pulse_no_time,041000060403,water,m3/period,0,0,0,1,0,0,0,0,0,041000060404,physical_3dhp,REPLACED_PHYSICAL,True,omitted_zero_diagnostic
v01b_unit_pulse_tn_half_pass,unit_pulse_no_time,041000060403,TN,kg/period,0,0,0,1,0,0,0,0,0,041000060404,physical_3dhp,REPLACED_PHYSICAL,True,omitted_zero_diagnostic
v01b_unit_pulse_tn_half_pass,unit_pulse_no_time,041000060403,TP,kg/period,0,0,0,1,0,0,0,0,0,041000060404,physical_3dhp,REPLACED_PHYSICAL,True,omitted_zero_diagnostic
v01b_unit_pulse_tn_half_pass,unit_pulse_no_time,041000060404,water,m3/period,0,0,0,1,0,0,0,0,0,041000060504,official_3dhp_connector,REPLACED_AUTHORITATIVE_CONNECTOR,False,omitted_zero_diagnostic
v01b_unit_pulse_tn_half_pass,unit_pulse_no_time,041000060404,TN,kg/period,0,0,0,1,0,0,0,0,0,041000060504,official_3dhp_connector,REPLACED_AUTHORITATIVE_CONNECTOR,False,omitted_zero_diagnostic
v01b_unit_pulse_tn_half_pass,unit_pulse_no_time,041000060404,TP,kg/period,0,0,0,1,0,0,0,0,0,041000060504,official_3dhp_connector,REPLACED_AUTHORITATIVE_CONNECTOR,False,omitted_zero_diagnostic
v01b_unit_pulse_tn_half_pass,unit_pulse_no_time,041000060501,water,m3/period,0,0,0,1,0,0,0,0,0,041000060503,official_3dhp_connector,REPLACED_AUTHORITATIVE_CONNECTOR,False,omitted_zero_diagnostic
v01b_unit_pulse_tn_half_pass,unit_pulse_no_time,041000060501,TN,kg/period,0,0,0,1,0,0,0,0,0,041000060503,official_3dhp_connector,REPLACED_AUTHORITATIVE_CONNECTOR,False,omitted_zero_diagnostic
v01b_unit_pulse_tn_half_pass,unit_pulse_no_time,041000060501,TP,kg/period,0,0,0,1,0,0,0,0,0,041000060503,official_3dhp_connector,REPLACED_AUTHORITATIVE_CONNECTOR,False,omitted_zero_diagnostic
v01b_unit_pulse_tn_half_pass,unit_pulse_no_time,041000060502,water,m3/period,0,0,0,1,0,0,0,0,0,041000060503,official_3dhp_connector,REPLACED_AUTHORITATIVE_CONNECTOR,False,omitted_zero_diagnostic
v01b_unit_pulse_tn_half_pass,unit_pulse_no_time,041000060502,TN,kg/period,0,0,0,1,0,0,0,0,0,041000060503,official_3dhp_connector,REPLACED_AUTHORITATIVE_CONNECTOR,False,omitted_zero_diagnostic
v01b_unit_pulse_tn_half_pass,unit_pulse_no_time,041000060502,TP,kg/period,0,0,0,1,0,0,0,0,0,041000060503,official_3dhp_connector,REPLACED_AUTHORITATIVE_CONNECTOR,False,omitted_zero_diagnostic
v01b_unit_pulse_tn_half_pass,unit_pulse_no_time,041000060503,water,m3/period,0,0,0,1,0,0,0,0,0,041000060504,official_3dhp_connector,REPLACED_AUTHORITATIVE_CONNECTOR,False,omitted_zero_diagnostic
v01b_unit_pulse_tn_half_pass,unit_pulse_no_time,041000060503,TN,kg/period,0,0,0,1,0,0,0,0,0,041000060504,official_3dhp_connector,REPLACED_AUTHORITATIVE_CONNECTOR,False,omitted_zero_diagnostic
v01b_unit_pulse_tn_half_pass,unit_pulse_no_time,041000060503,TP,kg/period,0,0,0,1,0,0,0,0,0,041000060504,official_3dhp_connector,REPLACED_AUTHORITATIVE_CONNECTOR,False,omitted_zero_diagnostic
v01b_unit_pulse_tn_half_pass,unit_pulse_no_time,041000060504,water,m3/period,0,0,0,1,0,0,0,0,0,041000060604,official_3dhp_connector,REPLACED_AUTHORITATIVE_CONNECTOR,False,omitted_zero_diagnostic
v01b_unit_pulse_tn_half_pass,unit_pulse_no_time,041000060504,TN,kg/period,0,0,0,1,0,0,0,0,0,041000060604,official_3dhp_connector,REPLACED_AUTHORITATIVE_CONNECTOR,False,omitted_zero_diagnostic
v01b_unit_pulse_tn_half_pass,unit_pulse_no_time,041000060504,TP,kg/period,0,0,0,1,0,0,0,0,0,041000060604,official_3dhp_connector,REPLACED_AUTHORITATIVE_CONNECTOR,False,omitted_zero_diagnostic
v01b_unit_pulse_tn_half_pass,unit_pulse_no_time,041000060601,water,m3/period,0,0,0,1,0,0,0,0,0,041000060602,physical_3dhp,REPLACED_PHYSICAL,True,omitted_zero_diagnostic
v01b_unit_pulse_tn_half_pass,unit_pulse_no_time,041000060601,TN,kg/period,0,0,0,1,0,0,0,0,0,041000060602,physical_3dhp,REPLACED_PHYSICAL,True,omitted_zero_diagnostic
v01b_unit_pulse_tn_half_pass,unit_pulse_no_time,041000060601,TP,kg/period,0,0,0,1,0,0,0,0,0,041000060602,physical_3dhp,REPLACED_PHYSICAL,True,omitted_zero_diagnostic
v01b_unit_pulse_tn_half_pass,unit_pulse_no_time,041000060602,water,m3/period,0,0,0,1,0,0,0,0,0,041000060604,official_3dhp_connector,REPLACED_AUTHORITATIVE_CONNECTOR,False,omitted_zero_diagnostic
v01b_unit_pulse_tn_half_pass,unit_pulse_no_time,041000060602,TN,kg/period,0,0,0,1,0,0,0,0,0,041000060604,official_3dhp_connector,REPLACED_AUTHORITATIVE_CONNECTOR,False,omitted_zero_diagnostic
v01b_unit_pulse_tn_half_pass,unit_pulse_no_time,041000060602,TP,kg/period,0,0,0,1,0,0,0,0,0,041000060604,official_3dhp_connector,REPLACED_AUTHORITATIVE_CONNECTOR,False,omitted_zero_diagnostic
v01b_unit_pulse_tn_half_pass,unit_pulse_no_time,041000060603,water,m3/period,0,0,0,1,0,0,0,0,0,041000060604,official_3dhp_connector,REPLACED_AUTHORITATIVE_CONNECTOR,False,omitted_zero_diagnostic
v01b_unit_pulse_tn_half_pass,unit_pulse_no_time,041000060603,TN,kg/period,0,0,0,1,0,0,0,0,0,041000060604,official_3dhp_connector,REPLACED_AUTHORITATIVE_CONNECTOR,False,omitted_zero_diagnostic
v01b_unit_pulse_tn_half_pass,unit_pulse_no_time,041000060603,TP,kg/period,0,0,0,1,0,0,0,0,0,041000060604,official_3dhp_connector,REPLACED_AUTHORITATIVE_CONNECTOR,False,omitted_zero_diagnostic
v01b_unit_pulse_tn_half_pass,unit_pulse_no_time,041000060604,water,m3/period,0,0,0,1,0,0,0,0,0,041000090201,official_3dhp_connector,REPLACED_AUTHORITATIVE_CONNECTOR,False,omitted_zero_diagnostic
v01b_unit_pulse_tn_half_pass,unit_pulse_no_time,041000060604,TN,kg/period,0,0,0,1,0,0,0,0,0,041000090201,official_3dhp_connector,REPLACED_AUTHORITATIVE_CONNECTOR,False,omitted_zero_diagnostic
v01b_unit_pulse_tn_half_pass,unit_pulse_no_time,041000060604,TP,kg/period,0,0,0,1,0,0,0,0,0,041000090201,official_3dhp_connector,REPLACED_AUTHORITATIVE_CONNECTOR,False,omitted_zero_diagnostic
v01b_unit_pulse_tn_half_pass,unit_pulse_no_time,041000070101,water,m3/period,0,0,0,1,0,0,0,0,0,041000070103,physical_3dhp,REPLACED_PHYSICAL,True,omitted_zero_diagnostic
v01b_unit_pulse_tn_half_pass,unit_pulse_no_time,041000070101,TN,kg/period,0,0,0,1,0,0,0,0,0,041000070103,physical_3dhp,REPLACED_PHYSICAL,True,omitted_zero_diagnostic
v01b_unit_pulse_tn_half_pass,unit_pulse_no_time,041000070101,TP,kg/period,0,0,0,1,0,0,0,0,0,041000070103,physical_3dhp,REPLACED_PHYSICAL,True,omitted_zero_diagnostic
v01b_unit_pulse_tn_half_pass,unit_pulse_no_time,041000070102,water,m3/period,0,0,0,1,0,0,0,0,0,041000070103,project_inference,UNRESOLVED,False,omitted_zero_diagnostic
v01b_unit_pulse_tn_half_pass,unit_pulse_no_time,041000070102,TN,kg/period,0,0,0,1,0,0,0,0,0,041000070103,project_inference,UNRESOLVED,False,omitted_zero_diagnostic
v01b_unit_pulse_tn_half_pass,unit_pulse_no_time,041000070102,TP,kg/period,0,0,0,1,0,0,0,0,0,041000070103,project_inference,UNRESOLVED,False,omitted_zero_diagnostic
v01b_unit_pulse_tn_half_pass,unit_pulse_no_time,041000070103,water,m3/period,0,0,0,1,0,0,0,0,0,041000070105,official_3dhp_connector,REPLACED_AUTHORITATIVE_CONNECTOR,False,omitted_zero_diagnostic
v01b_unit_pulse_tn_half_pass,unit_pulse_no_time,041000070103,TN,kg/period,0,0,0,1,0,0,0,0,0,041000070105,official_3dhp_connector,REPLACED_AUTHORITATIVE_CONNECTOR,False,omitted_zero_diagnostic
v01b_unit_pulse_tn_half_pass,unit_pulse_no_time,041000070103,TP,kg/period,0,0,0,1,0,0,0,0,0,041000070105,official_3dhp_connector,REPLACED_AUTHORITATIVE_CONNECTOR,False,omitted_zero_diagnostic
v01b_unit_pulse_tn_half_pass,unit_pulse_no_time,041000070104,water,m3/period,0,0,0,1,0,0,0,0,0,041000070105,official_3dhp_connector,REPLACED_AUTHORITATIVE_CONNECTOR,False,omitted_zero_diagnostic
v01b_unit_pulse_tn_half_pass,unit_pulse_no_time,041000070104,TN,kg/period,0,0,0,1,0,0,0,0,0,041000070105,official_3dhp_connector,REPLACED_AUTHORITATIVE_CONNECTOR,False,omitted_zero_diagnostic
v01b_unit_pulse_tn_half_pass,unit_pulse_no_time,041000070104,TP,kg/period,0,0,0,1,0,0,0,0,0,041000070105,official_3dhp_connector,REPLACED_AUTHORITATIVE_CONNECTOR,False,omitted_zero_diagnostic
v01b_unit_pulse_tn_half_pass,unit_pulse_no_time,041000070105,water,m3/period,0,0,0,1,0,0,0,0,0,041000070202,official_3dhp_connector,REPLACED_AUTHORITATIVE_CONNECTOR,False,omitted_zero_diagnostic
v01b_unit_pulse_tn_half_pass,unit_pulse_no_time,041000070105,TN,kg/period,0,0,0,1,0,0,0,0,0,041000070202,official_3dhp_connector,REPLACED_AUTHORITATIVE_CONNECTOR,False,omitted_zero_diagnostic
v01b_unit_pulse_tn_half_pass,unit_pulse_no_time,041000070105,TP,kg/period,0,0,0,1,0,0,0,0,0,041000070202,official_3dhp_connector,REPLACED_AUTHORITATIVE_CONNECTOR,False,omitted_zero_diagnostic
v01b_unit_pulse_tn_half_pass,unit_pulse_no_time,041000070201,water,m3/period,0,0,0,1,0,0,0,0,0,041000070202,official_3dhp_connector,REPLACED_AUTHORITATIVE_CONNECTOR,False,omitted_zero_diagnostic
v01b_unit_pulse_tn_half_pass,unit_pulse_no_time,041000070201,TN,kg/period,0,0,0,1,0,0,0,0,0,041000070202,official_3dhp_connector,REPLACED_AUTHORITATIVE_CONNECTOR,False,omitted_zero_diagnostic
v01b_unit_pulse_tn_half_pass,unit_pulse_no_time,041000070201,TP,kg/period,0,0,0,1,0,0,0,0,0,041000070202,official_3dhp_connector,REPLACED_AUTHORITATIVE_CONNECTOR,False,omitted_zero_diagnostic
v01b_unit_pulse_tn_half_pass,unit_pulse_no_time,041000070202,water,m3/period,0,0,0,1,0,0,0,0,0,041000070203,official_3dhp_connector,REPLACED_AUTHORITATIVE_CONNECTOR,False,omitted_zero_diagnostic
v01b_unit_pulse_tn_half_pass,unit_pulse_no_time,041000070202,TN,kg/period,0,0,0,1,0,0,0,0,0,041000070203,official_3dhp_connector,REPLACED_AUTHORITATIVE_CONNECTOR,False,omitted_zero_diagnostic
v01b_unit_pulse_tn_half_pass,unit_pulse_no_time,041000070202,TP,kg/period,0,0,0,1,0,0,0,0,0,041000070203,official_3dhp_connector,REPLACED_AUTHORITATIVE_CONNECTOR,False,omitted_zero_diagnostic
v01b_unit_pulse_tn_half_pass,unit_pulse_no_time,041000070203,water,m3/period,0,0,0,1,0,0,0,0,0,041000070204,official_3dhp_connector,REPLACED_AUTHORITATIVE_CONNECTOR,False,omitted_zero_diagnostic
v01b_unit_pulse_tn_half_pass,unit_pulse_no_time,041000070203,TN,kg/period,0,0,0,1,0,0,0,0,0,041000070204,official_3dhp_connector,REPLACED_AUTHORITATIVE_CONNECTOR,False,omitted_zero_diagnostic
v01b_unit_pulse_tn_half_pass,unit_pulse_no_time,041000070203,TP,kg/period,0,0,0,1,0,0,0,0,0,041000070204,official_3dhp_connector,REPLACED_AUTHORITATIVE_CONNECTOR,False,omitted_zero_diagnostic
v01b_unit_pulse_tn_half_pass,unit_pulse_no_time,041000070204,water,m3/period,0,0,0,1,0,0,0,0,0,041000070904,official_3dhp_connector,REPLACED_AUTHORITATIVE_CONNECTOR,False,omitted_zero_diagnostic
v01b_unit_pulse_tn_half_pass,unit_pulse_no_time,041000070204,TN,kg/period,0,0,0,1,0,0,0,0,0,041000070904,official_3dhp_connector,REPLACED_AUTHORITATIVE_CONNECTOR,False,omitted_zero_diagnostic
v01b_unit_pulse_tn_half_pass,unit_pulse_no_time,041000070204,TP,kg/period,0,0,0,1,0,0,0,0,0,041000070904,official_3dhp_connector,REPLACED_AUTHORITATIVE_CONNECTOR,False,omitted_zero_diagnostic
v01b_unit_pulse_tn_half_pass,unit_pulse_no_time,041000070301,water,m3/period,0,0,0,1,0,0,0,0,0,041000070302,physical_3dhp,REPLACED_PHYSICAL,True,omitted_zero_diagnostic
v01b_unit_pulse_tn_half_pass,unit_pulse_no_time,041000070301,TN,kg/period,0,0,0,1,0,0,0,0,0,041000070302,physical_3dhp,REPLACED_PHYSICAL,True,omitted_zero_diagnostic
v01b_unit_pulse_tn_half_pass,unit_pulse_no_time,041000070301,TP,kg/period,0,0,0,1,0,0,0,0,0,041000070302,physical_3dhp,REPLACED_PHYSICAL,True,omitted_zero_diagnostic
v01b_unit_pulse_tn_half_pass,unit_pulse_no_time,041000070302,water,m3/period,0,0,0,1,0,0,0,0,0,041000070304,physical_3dhp,REPLACED_PHYSICAL,True,omitted_zero_diagnostic
v01b_unit_pulse_tn_half_pass,unit_pulse_no_time,041000070302,TN,kg/period,0,0,0,1,0,0,0,0,0,041000070304,physical_3dhp,REPLACED_PHYSICAL,True,omitted_zero_diagnostic
v01b_unit_pulse_tn_half_pass,unit_pulse_no_time,041000070302,TP,kg/period,0,0,0,1,0,0,0,0,0,041000070304,physical_3dhp,REPLACED_PHYSICAL,True,omitted_zero_diagnostic
v01b_unit_pulse_tn_half_pass,unit_pulse_no_time,041000070303,water,m3/period,0,0,0,1,0,0,0,0,0,041000070304,physical_3dhp,REPLACED_PHYSICAL,True,omitted_zero_diagnostic
v01b_unit_pulse_tn_half_pass,unit_pulse_no_time,041000070303,TN,kg/period,0,0,0,1,0,0,0,0,0,041000070304,physical_3dhp,REPLACED_PHYSICAL,True,omitted_zero_diagnostic
v01b_unit_pulse_tn_half_pass,unit_pulse_no_time,041000070303,TP,kg/period,0,0,0,1,0,0,0,0,0,041000070304,physical_3dhp,REPLACED_PHYSICAL,True,omitted_zero_diagnostic
v01b_unit_pulse_tn_half_pass,unit_pulse_no_time,041000070304,water,m3/period,0,0,0,1,0,0,0,0,0,041000070306,official_3dhp_connector,REPLACED_AUTHORITATIVE_CONNECTOR,False,omitted_zero_diagnostic
v01b_unit_pulse_tn_half_pass,unit_pulse_no_time,041000070304,TN,kg/period,0,0,0,1,0,0,0,0,0,041000070306,official_3dhp_connector,REPLACED_AUTHORITATIVE_CONNECTOR,False,omitted_zero_diagnostic
v01b_unit_pulse_tn_half_pass,unit_pulse_no_time,041000070304,TP,kg/period,0,0,0,1,0,0,0,0,0,041000070306,official_3dhp_connector,REPLACED_AUTHORITATIVE_CONNECTOR,False,omitted_zero_diagnostic
v01b_unit_pulse_tn_half_pass,unit_pulse_no_time,041000070305,water,m3/period,0,0,0,1,0,0,0,0,0,041000070306,official_3dhp_connector,REPLACED_AUTHORITATIVE_CONNECTOR,False,omitted_zero_diagnostic
v01b_unit_pulse_tn_half_pass,unit_pulse_no_time,041000070305,TN,kg/period,0,0,0,1,0,0,0,0,0,041000070306,official_3dhp_connector,REPLACED_AUTHORITATIVE_CONNECTOR,False,omitted_zero_diagnostic
v01b_unit_pulse_tn_half_pass,unit_pulse_no_time,041000070305,TP,kg/period,0,0,0,1,0,0,0,0,0,041000070306,official_3dhp_connector,REPLACED_AUTHORITATIVE_CONNECTOR,False,omitted_zero_diagnostic
v01b_unit_pulse_tn_half_pass,unit_pulse_no_time,041000070306,water,m3/period,0,0,0,1,0,0,0,0,0,041000070402,official_3dhp_connector,REPLACED_AUTHORITATIVE_CONNECTOR,False,omitted_zero_diagnostic
v01b_unit_pulse_tn_half_pass,unit_pulse_no_time,041000070306,TN,kg/period,0,0,0,1,0,0,0,0,0,041000070402,official_3dhp_connector,REPLACED_AUTHORITATIVE_CONNECTOR,False,omitted_zero_diagnostic
v01b_unit_pulse_tn_half_pass,unit_pulse_no_time,041000070306,TP,kg/period,0,0,0,1,0,0,0,0,0,041000070402,official_3dhp_connector,REPLACED_AUTHORITATIVE_CONNECTOR,False,omitted_zero_diagnostic
v01b_unit_pulse_tn_half_pass,unit_pulse_no_time,041000070401,water,m3/period,0,0,0,1,0,0,0,0,0,041000070402,project_inference,UNRESOLVED,False,omitted_zero_diagnostic
v01b_unit_pulse_tn_half_pass,unit_pulse_no_time,041000070401,TN,kg/period,0,0,0,1,0,0,0,0,0,041000070402,project_inference,UNRESOLVED,False,omitted_zero_diagnostic
v01b_unit_pulse_tn_half_pass,unit_pulse_no_time,041000070401,TP,kg/period,0,0,0,1,0,0,0,0,0,041000070402,project_inference,UNRESOLVED,False,omitted_zero_diagnostic
v01b_unit_pulse_tn_half_pass,unit_pulse_no_time,041000070402,water,m3/period,0,0,0,1,0,0,0,0,0,041000070406,official_3dhp_connector,REPLACED_AUTHORITATIVE_CONNECTOR,False,omitted_zero_diagnostic
v01b_unit_pulse_tn_half_pass,unit_pulse_no_time,041000070402,TN,kg/period,0,0,0,1,0,0,0,0,0,041000070406,official_3dhp_connector,REPLACED_AUTHORITATIVE_CONNECTOR,False,omitted_zero_diagnostic
v01b_unit_pulse_tn_half_pass,unit_pulse_no_time,041000070402,TP,kg/period,0,0,0,1,0,0,0,0,0,041000070406,official_3dhp_connector,REPLACED_AUTHORITATIVE_CONNECTOR,False,omitted_zero_diagnostic
v01b_unit_pulse_tn_half_pass,unit_pulse_no_time,041000070403,water,m3/period,0,0,0,1,0,0,0,0,0,041000070406,official_3dhp_connector,REPLACED_AUTHORITATIVE_CONNECTOR,False,omitted_zero_diagnostic
v01b_unit_pulse_tn_half_pass,unit_pulse_no_time,041000070403,TN,kg/period,0,0,0,1,0,0,0,0,0,041000070406,official_3dhp_connector,REPLACED_AUTHORITATIVE_CONNECTOR,False,omitted_zero_diagnostic
v01b_unit_pulse_tn_half_pass,unit_pulse_no_time,041000070403,TP,kg/period,0,0,0,1,0,0,0,0,0,041000070406,official_3dhp_connector,REPLACED_AUTHORITATIVE_CONNECTOR,False,omitted_zero_diagnostic
v01b_unit_pulse_tn_half_pass,unit_pulse_no_time,041000070404,water,m3/period,0,0,0,1,0,0,0,0,0,041000070406,official_3dhp_connector,REPLACED_AUTHORITATIVE_CONNECTOR,False,omitted_zero_diagnostic
v01b_unit_pulse_tn_half_pass,unit_pulse_no_time,041000070404,TN,kg/period,0,0,0,1,0,0,0,0,0,041000070406,official_3dhp_connector,REPLACED_AUTHORITATIVE_CONNECTOR,False,omitted_zero_diagnostic
v01b_unit_pulse_tn_half_pass,unit_pulse_no_time,041000070404,TP,kg/period,0,0,0,1,0,0,0,0,0,041000070406,official_3dhp_connector,REPLACED_AUTHORITATIVE_CONNECTOR,False,omitted_zero_diagnostic
v01b_unit_pulse_tn_half_pass,unit_pulse_no_time,041000070405,water,m3/period,0,0,0,1,0,0,0,0,0,041000070406,official_3dhp_connector,REPLACED_AUTHORITATIVE_CONNECTOR,False,omitted_zero_diagnostic
v01b_unit_pulse_tn_half_pass,unit_pulse_no_time,041000070405,TN,kg/period,0,0,0,1,0,0,0,0,0,041000070406,official_3dhp_connector,REPLACED_AUTHORITATIVE_CONNECTOR,False,omitted_zero_diagnostic
v01b_unit_pulse_tn_half_pass,unit_pulse_no_time,041000070405,TP,kg/period,0,0,0,1,0,0,0,0,0,041000070406,official_3dhp_connector,REPLACED_AUTHORITATIVE_CONNECTOR,False,omitted_zero_diagnostic
v01b_unit_pulse_tn_half_pass,unit_pulse_no_time,041000070406,water,m3/period,0,0,0,1,0,0,0,0,0,041000070503,official_3dhp_connector,REPLACED_AUTHORITATIVE_CONNECTOR,False,omitted_zero_diagnostic
v01b_unit_pulse_tn_half_pass,unit_pulse_no_time,041000070406,TN,kg/period,0,0,0,1,0,0,0,0,0,041000070503,official_3dhp_connector,REPLACED_AUTHORITATIVE_CONNECTOR,False,omitted_zero_diagnostic
v01b_unit_pulse_tn_half_pass,unit_pulse_no_time,041000070406,TP,kg/period,0,0,0,1,0,0,0,0,0,041000070503,official_3dhp_connector,REPLACED_AUTHORITATIVE_CONNECTOR,False,omitted_zero_diagnostic
v01b_unit_pulse_tn_half_pass,unit_pulse_no_time,041000070501,water,m3/period,0,0,0,1,0,0,0,0,0,041000070503,official_3dhp_connector,REPLACED_AUTHORITATIVE_CONNECTOR,False,omitted_zero_diagnostic
v01b_unit_pulse_tn_half_pass,unit_pulse_no_time,041000070501,TN,kg/period,0,0,0,1,0,0,0,0,0,041000070503,official_3dhp_connector,REPLACED_AUTHORITATIVE_CONNECTOR,False,omitted_zero_diagnostic
v01b_unit_pulse_tn_half_pass,unit_pulse_no_time,041000070501,TP,kg/period,0,0,0,1,0,0,0,0,0,041000070503,official_3dhp_connector,REPLACED_AUTHORITATIVE_CONNECTOR,False,omitted_zero_diagnostic
v01b_unit_pulse_tn_half_pass,unit_pulse_no_time,041000070502,water,m3/period,0,0,0,1,0,0,0,0,0,041000070503,official_3dhp_connector,REPLACED_AUTHORITATIVE_CONNECTOR,False,omitted_zero_diagnostic
v01b_unit_pulse_tn_half_pass,unit_pulse_no_time,041000070502,TN,kg/period,0,0,0,1,0,0,0,0,0,041000070503,official_3dhp_connector,REPLACED_AUTHORITATIVE_CONNECTOR,False,omitted_zero_diagnostic
v01b_unit_pulse_tn_half_pass,unit_pulse_no_time,041000070502,TP,kg/period,0,0,0,1,0,0,0,0,0,041000070503,official_3dhp_connector,REPLACED_AUTHORITATIVE_CONNECTOR,False,omitted_zero_diagnostic
v01b_unit_pulse_tn_half_pass,unit_pulse_no_time,041000070503,water,m3/period,0,0,0,1,0,0,0,0,0,041000070904,official_3dhp_connector,REPLACED_AUTHORITATIVE_CONNECTOR,False,omitted_zero_diagnostic
v01b_unit_pulse_tn_half_pass,unit_pulse_no_time,041000070503,TN,kg/period,0,0,0,1,0,0,0,0,0,041000070904,official_3dhp_connector,REPLACED_AUTHORITATIVE_CONNECTOR,False,omitted_zero_diagnostic
v01b_unit_pulse_tn_half_pass,unit_pulse_no_time,041000070503,TP,kg/period,0,0,0,1,0,0,0,0,0,041000070904,official_3dhp_connector,REPLACED_AUTHORITATIVE_CONNECTOR,False,omitted_zero_diagnostic
v01b_unit_pulse_tn_half_pass,unit_pulse_no_time,041000070601,water,m3/period,0,0,0,1,0,0,0,0,0,041000070602,physical_3dhp,REPLACED_PHYSICAL,True,omitted_zero_diagnostic
v01b_unit_pulse_tn_half_pass,unit_pulse_no_time,041000070601,TN,kg/period,0,0,0,1,0,0,0,0,0,041000070602,physical_3dhp,REPLACED_PHYSICAL,True,omitted_zero_diagnostic
v01b_unit_pulse_tn_half_pass,unit_pulse_no_time,041000070601,TP,kg/period,0,0,0,1,0,0,0,0,0,041000070602,physical_3dhp,REPLACED_PHYSICAL,True,omitted_zero_diagnostic
v01b_unit_pulse_tn_half_pass,unit_pulse_no_time,041000070602,water,m3/period,0,0,0,1,0,0,0,0,0,041000070603,physical_3dhp,REPLACED_PHYSICAL,True,omitted_zero_diagnostic
v01b_unit_pulse_tn_half_pass,unit_pulse_no_time,041000070602,TN,kg/period,0,0,0,1,0,0,0,0,0,041000070603,physical_3dhp,REPLACED_PHYSICAL,True,omitted_zero_diagnostic
v01b_unit_pulse_tn_half_pass,unit_pulse_no_time,041000070602,TP,kg/period,0,0,0,1,0,0,0,0,0,041000070603,physical_3dhp,REPLACED_PHYSICAL,True,omitted_zero_diagnostic
v01b_unit_pulse_tn_half_pass,unit_pulse_no_time,041000070603,water,m3/period,0,0,0,1,0,0,0,0,0,041000070604,official_3dhp_connector,REPLACED_AUTHORITATIVE_CONNECTOR,False,omitted_zero_diagnostic
v01b_unit_pulse_tn_half_pass,unit_pulse_no_time,041000070603,TN,kg/period,0,0,0,1,0,0,0,0,0,041000070604,official_3dhp_connector,REPLACED_AUTHORITATIVE_CONNECTOR,False,omitted_zero_diagnostic
v01b_unit_pulse_tn_half_pass,unit_pulse_no_time,041000070603,TP,kg/period,0,0,0,1,0,0,0,0,0,041000070604,official_3dhp_connector,REPLACED_AUTHORITATIVE_CONNECTOR,False,omitted_zero_diagnostic
v01b_unit_pulse_tn_half_pass,unit_pulse_no_time,041000070604,water,m3/period,0,0,0,1,0,0,0,0,0,041000070806,physical_3dhp,REPLACED_PHYSICAL,True,omitted_zero_diagnostic
v01b_unit_pulse_tn_half_pass,unit_pulse_no_time,041000070604,TN,kg/period,0,0,0,1,0,0,0,0,0,041000070806,physical_3dhp,REPLACED_PHYSICAL,True,omitted_zero_diagnostic
v01b_unit_pulse_tn_half_pass,unit_pulse_no_time,041000070604,TP,kg/period,0,0,0,1,0,0,0,0,0,041000070806,physical_3dhp,REPLACED_PHYSICAL,True,omitted_zero_diagnostic
v01b_unit_pulse_tn_half_pass,unit_pulse_no_time,041000070701,water,m3/period,0,0,0,1,0,0,0,0,0,041000070703,physical_3dhp,REPLACED_PHYSICAL,True,omitted_zero_diagnostic
v01b_unit_pulse_tn_half_pass,unit_pulse_no_time,041000070701,TN,kg/period,0,0,0,1,0,0,0,0,0,041000070703,physical_3dhp,REPLACED_PHYSICAL,True,omitted_zero_diagnostic
v01b_unit_pulse_tn_half_pass,unit_pulse_no_time,041000070701,TP,kg/period,0,0,0,1,0,0,0,0,0,041000070703,physical_3dhp,REPLACED_PHYSICAL,True,omitted_zero_diagnostic
v01b_unit_pulse_tn_half_pass,unit_pulse_no_time,041000070702,water,m3/period,0,0,0,1,0,0,0,0,0,041000070703,physical_3dhp,REPLACED_PHYSICAL,True,omitted_zero_diagnostic
v01b_unit_pulse_tn_half_pass,unit_pulse_no_time,041000070702,TN,kg/period,0,0,0,1,0,0,0,0,0,041000070703,physical_3dhp,REPLACED_PHYSICAL,True,omitted_zero_diagnostic
v01b_unit_pulse_tn_half_pass,unit_pulse_no_time,041000070702,TP,kg/period,0,0,0,1,0,0,0,0,0,041000070703,physical_3dhp,REPLACED_PHYSICAL,True,omitted_zero_diagnostic
v01b_unit_pulse_tn_half_pass,unit_pulse_no_time,041000070703,water,m3/period,0,0,0,1,0,0,0,0,0,041000070806,official_3dhp_connector,REPLACED_AUTHORITATIVE_CONNECTOR,False,omitted_zero_diagnostic
v01b_unit_pulse_tn_half_pass,unit_pulse_no_time,041000070703,TN,kg/period,0,0,0,1,0,0,0,0,0,041000070806,official_3dhp_connector,REPLACED_AUTHORITATIVE_CONNECTOR,False,omitted_zero_diagnostic
v01b_unit_pulse_tn_half_pass,unit_pulse_no_time,041000070703,TP,kg/period,0,0,0,1,0,0,0,0,0,041000070806,official_3dhp_connector,REPLACED_AUTHORITATIVE_CONNECTOR,False,omitted_zero_diagnostic
v01b_unit_pulse_tn_half_pass,unit_pulse_no_time,041000070801,water,m3/period,0,0,0,1,0,0,0,0,0,041000070806,official_3dhp_connector,REPLACED_AUTHORITATIVE_CONNECTOR,False,omitted_zero_diagnostic
v01b_unit_pulse_tn_half_pass,unit_pulse_no_time,041000070801,TN,kg/period,0,0,0,1,0,0,0,0,0,041000070806,official_3dhp_connector,REPLACED_AUTHORITATIVE_CONNECTOR,False,omitted_zero_diagnostic
v01b_unit_pulse_tn_half_pass,unit_pulse_no_time,041000070801,TP,kg/period,0,0,0,1,0,0,0,0,0,041000070806,official_3dhp_connector,REPLACED_AUTHORITATIVE_CONNECTOR,False,omitted_zero_diagnostic
v01b_unit_pulse_tn_half_pass,unit_pulse_no_time,041000070802,water,m3/period,0,0,0,1,0,0,0,0,0,041000070804,physical_3dhp,REPLACED_PHYSICAL,True,omitted_zero_diagnostic
v01b_unit_pulse_tn_half_pass,unit_pulse_no_time,041000070802,TN,kg/period,0,0,0,1,0,0,0,0,0,041000070804,physical_3dhp,REPLACED_PHYSICAL,True,omitted_zero_diagnostic
v01b_unit_pulse_tn_half_pass,unit_pulse_no_time,041000070802,TP,kg/period,0,0,0,1,0,0,0,0,0,041000070804,physical_3dhp,REPLACED_PHYSICAL,True,omitted_zero_diagnostic
v01b_unit_pulse_tn_half_pass,unit_pulse_no_time,041000070803,water,m3/period,0,0,0,1,0,0,0,0,0,041000070805,physical_3dhp,REPLACED_PHYSICAL,True,omitted_zero_diagnostic
v01b_unit_pulse_tn_half_pass,unit_pulse_no_time,041000070803,TN,kg/period,0,0,0,1,0,0,0,0,0,041000070805,physical_3dhp,REPLACED_PHYSICAL,True,omitted_zero_diagnostic
v01b_unit_pulse_tn_half_pass,unit_pulse_no_time,041000070803,TP,kg/period,0,0,0,1,0,0,0,0,0,041000070805,physical_3dhp,REPLACED_PHYSICAL,True,omitted_zero_diagnostic
v01b_unit_pulse_tn_half_pass,unit_pulse_no_time,041000070804,water,m3/period,0,0,0,1,0,0,0,0,0,041000070805,physical_3dhp,REPLACED_PHYSICAL,True,omitted_zero_diagnostic
v01b_unit_pulse_tn_half_pass,unit_pulse_no_time,041000070804,TN,kg/period,0,0,0,1,0,0,0,0,0,041000070805,physical_3dhp,REPLACED_PHYSICAL,True,omitted_zero_diagnostic
v01b_unit_pulse_tn_half_pass,unit_pulse_no_time,041000070804,TP,kg/period,0,0,0,1,0,0,0,0,0,041000070805,physical_3dhp,REPLACED_PHYSICAL,True,omitted_zero_diagnostic
v01b_unit_pulse_tn_half_pass,unit_pulse_no_time,041000070805,water,m3/period,0,0,0,1,0,0,0,0,0,041000070806,official_3dhp_connector,REPLACED_AUTHORITATIVE_CONNECTOR,False,omitted_zero_diagnostic
v01b_unit_pulse_tn_half_pass,unit_pulse_no_time,041000070805,TN,kg/period,0,0,0,1,0,0,0,0,0,041000070806,official_3dhp_connector,REPLACED_AUTHORITATIVE_CONNECTOR,False,omitted_zero_diagnostic
v01b_unit_pulse_tn_half_pass,unit_pulse_no_time,041000070805,TP,kg/period,0,0,0,1,0,0,0,0,0,041000070806,official_3dhp_connector,REPLACED_AUTHORITATIVE_CONNECTOR,False,omitted_zero_diagnostic
v01b_unit_pulse_tn_half_pass,unit_pulse_no_time,041000070806,water,m3/period,0,0,0,1,0,0,0,0,0,041000071005,official_3dhp_connector,REPLACED_AUTHORITATIVE_CONNECTOR,False,omitted_zero_diagnostic
v01b_unit_pulse_tn_half_pass,unit_pulse_no_time,041000070806,TN,kg/period,0,0,0,1,0,0,0,0,0,041000071005,official_3dhp_connector,REPLACED_AUTHORITATIVE_CONNECTOR,False,omitted_zero_diagnostic
v01b_unit_pulse_tn_half_pass,unit_pulse_no_time,041000070806,TP,kg/period,0,0,0,1,0,0,0,0,0,041000071005,official_3dhp_connector,REPLACED_AUTHORITATIVE_CONNECTOR,False,omitted_zero_diagnostic
v01b_unit_pulse_tn_half_pass,unit_pulse_no_time,041000070901,water,m3/period,0,0,0,1,0,0,0,0,0,041000070903,physical_3dhp,REPLACED_PHYSICAL,True,omitted_zero_diagnostic
v01b_unit_pulse_tn_half_pass,unit_pulse_no_time,041000070901,TN,kg/period,0,0,0,1,0,0,0,0,0,041000070903,physical_3dhp,REPLACED_PHYSICAL,True,omitted_zero_diagnostic
v01b_unit_pulse_tn_half_pass,unit_pulse_no_time,041000070901,TP,kg/period,0,0,0,1,0,0,0,0,0,041000070903,physical_3dhp,REPLACED_PHYSICAL,True,omitted_zero_diagnostic
v01b_unit_pulse_tn_half_pass,unit_pulse_no_time,041000070902,water,m3/period,0,0,0,1,0,0,0,0,0,041000070903,physical_3dhp,REPLACED_PHYSICAL,True,omitted_zero_diagnostic
v01b_unit_pulse_tn_half_pass,unit_pulse_no_time,041000070902,TN,kg/period,0,0,0,1,0,0,0,0,0,041000070903,physical_3dhp,REPLACED_PHYSICAL,True,omitted_zero_diagnostic
v01b_unit_pulse_tn_half_pass,unit_pulse_no_time,041000070902,TP,kg/period,0,0,0,1,0,0,0,0,0,041000070903,physical_3dhp,REPLACED_PHYSICAL,True,omitted_zero_diagnostic
v01b_unit_pulse_tn_half_pass,unit_pulse_no_time,041000070903,water,m3/period,0,0,0,1,0,0,0,0,0,041000070904,official_3dhp_connector,REPLACED_AUTHORITATIVE_CONNECTOR,False,omitted_zero_diagnostic
v01b_unit_pulse_tn_half_pass,unit_pulse_no_time,041000070903,TN,kg/period,0,0,0,1,0,0,0,0,0,041000070904,official_3dhp_connector,REPLACED_AUTHORITATIVE_CONNECTOR,False,omitted_zero_diagnostic
v01b_unit_pulse_tn_half_pass,unit_pulse_no_time,041000070903,TP,kg/period,0,0,0,1,0,0,0,0,0,041000070904,official_3dhp_connector,REPLACED_AUTHORITATIVE_CONNECTOR,False,omitted_zero_diagnostic
v01b_unit_pulse_tn_half_pass,unit_pulse_no_time,041000070904,water,m3/period,0,0,0,1,0,0,0,0,0,041000070905,official_3dhp_connector,REPLACED_AUTHORITATIVE_CONNECTOR,False,omitted_zero_diagnostic
v01b_unit_pulse_tn_half_pass,unit_pulse_no_time,041000070904,TN,kg/period,0,0,0,1,0,0,0,0,0,041000070905,official_3dhp_connector,REPLACED_AUTHORITATIVE_CONNECTOR,False,omitted_zero_diagnostic
v01b_unit_pulse_tn_half_pass,unit_pulse_no_time,041000070904,TP,kg/period,0,0,0,1,0,0,0,0,0,041000070905,official_3dhp_connector,REPLACED_AUTHORITATIVE_CONNECTOR,False,omitted_zero_diagnostic
v01b_unit_pulse_tn_half_pass,unit_pulse_no_time,041000070906,water,m3/period,0,0,0,1,0,0,0,0,0,041000070907,physical_3dhp,REPLACED_PHYSICAL,True,omitted_zero_diagnostic
v01b_unit_pulse_tn_half_pass,unit_pulse_no_time,041000070906,TN,kg/period,0,0,0,1,0,0,0,0,0,041000070907,physical_3dhp,REPLACED_PHYSICAL,True,omitted_zero_diagnostic
v01b_unit_pulse_tn_half_pass,unit_pulse_no_time,041000070906,TP,kg/period,0,0,0,1,0,0,0,0,0,041000070907,physical_3dhp,REPLACED_PHYSICAL,True,omitted_zero_diagnostic
v01b_unit_pulse_tn_half_pass,unit_pulse_no_time,041000071001,water,m3/period,0,0,0,1,0,0,0,0,0,041000071002,project_inference,UNRESOLVED,False,omitted_zero_diagnostic
v01b_unit_pulse_tn_half_pass,unit_pulse_no_time,041000071001,TN,kg/period,0,0,0,1,0,0,0,0,0,041000071002,project_inference,UNRESOLVED,False,omitted_zero_diagnostic
v01b_unit_pulse_tn_half_pass,unit_pulse_no_time,041000071001,TP,kg/period,0,0,0,1,0,0,0,0,0,041000071002,project_inference,UNRESOLVED,False,omitted_zero_diagnostic
v01b_unit_pulse_tn_half_pass,unit_pulse_no_time,041000071002,water,m3/period,0,0,0,1,0,0,0,0,0,041000071003,physical_3dhp,REPLACED_PHYSICAL,True,omitted_zero_diagnostic
v01b_unit_pulse_tn_half_pass,unit_pulse_no_time,041000071002,TN,kg/period,0,0,0,1,0,0,0,0,0,041000071003,physical_3dhp,REPLACED_PHYSICAL,True,omitted_zero_diagnostic
v01b_unit_pulse_tn_half_pass,unit_pulse_no_time,041000071002,TP,kg/period,0,0,0,1,0,0,0,0,0,041000071003,physical_3dhp,REPLACED_PHYSICAL,True,omitted_zero_diagnostic
v01b_unit_pulse_tn_half_pass,unit_pulse_no_time,041000071003,water,m3/period,0,0,0,1,0,0,0,0,0,041000071004,physical_3dhp,REPLACED_PHYSICAL,True,omitted_zero_diagnostic
v01b_unit_pulse_tn_half_pass,unit_pulse_no_time,041000071003,TN,kg/period,0,0,0,1,0,0,0,0,0,041000071004,physical_3dhp,REPLACED_PHYSICAL,True,omitted_zero_diagnostic
v01b_unit_pulse_tn_half_pass,unit_pulse_no_time,041000071003,TP,kg/period,0,0,0,1,0,0,0,0,0,041000071004,physical_3dhp,REPLACED_PHYSICAL,True,omitted_zero_diagnostic
v01b_unit_pulse_tn_half_pass,unit_pulse_no_time,041000071004,water,m3/period,0,0,0,1,0,0,0,0,0,041000071005,physical_3dhp,REPLACED_PHYSICAL,True,omitted_zero_diagnostic
v01b_unit_pulse_tn_half_pass,unit_pulse_no_time,041000071004,TN,kg/period,0,0,0,1,0,0,0,0,0,041000071005,physical_3dhp,REPLACED_PHYSICAL,True,omitted_zero_diagnostic
v01b_unit_pulse_tn_half_pass,unit_pulse_no_time,041000071004,TP,kg/period,0,0,0,1,0,0,0,0,0,041000071005,physical_3dhp,REPLACED_PHYSICAL,True,omitted_zero_diagnostic
v01b_unit_pulse_tn_half_pass,unit_pulse_no_time,041000071101,water,m3/period,0,0,0,1,0,0,0,0,0,041000071102,physical_3dhp,REPLACED_PHYSICAL,True,omitted_zero_diagnostic
v01b_unit_pulse_tn_half_pass,unit_pulse_no_time,041000071101,TN,kg/period,0,0,0,1,0,0,0,0,0,041000071102,physical_3dhp,REPLACED_PHYSICAL,True,omitted_zero_diagnostic
v01b_unit_pulse_tn_half_pass,unit_pulse_no_time,041000071101,TP,kg/period,0,0,0,1,0,0,0,0,0,041000071102,physical_3dhp,REPLACED_PHYSICAL,True,omitted_zero_diagnostic
v01b_unit_pulse_tn_half_pass,unit_pulse_no_time,041000071102,water,m3/period,0,0,0,1,0,0,0,0,0,041000071103,physical_3dhp,REPLACED_PHYSICAL,True,omitted_zero_diagnostic
v01b_unit_pulse_tn_half_pass,unit_pulse_no_time,041000071102,TN,kg/period,0,0,0,1,0,0,0,0,0,041000071103,physical_3dhp,REPLACED_PHYSICAL,True,omitted_zero_diagnostic
v01b_unit_pulse_tn_half_pass,unit_pulse_no_time,041000071102,TP,kg/period,0,0,0,1,0,0,0,0,0,041000071103,physical_3dhp,REPLACED_PHYSICAL,True,omitted_zero_diagnostic
v01b_unit_pulse_tn_half_pass,unit_pulse_no_time,041000071103,water,m3/period,0,0,0,1,0,0,0,0,0,041000071209,official_3dhp_connector,REPLACED_AUTHORITATIVE_CONNECTOR,False,omitted_zero_diagnostic
v01b_unit_pulse_tn_half_pass,unit_pulse_no_time,041000071103,TN,kg/period,0,0,0,1,0,0,0,0,0,041000071209,official_3dhp_connector,REPLACED_AUTHORITATIVE_CONNECTOR,False,omitted_zero_diagnostic
v01b_unit_pulse_tn_half_pass,unit_pulse_no_time,041000071103,TP,kg/period,0,0,0,1,0,0,0,0,0,041000071209,official_3dhp_connector,REPLACED_AUTHORITATIVE_CONNECTOR,False,omitted_zero_diagnostic
v01b_unit_pulse_tn_half_pass,unit_pulse_no_time,041000071201,water,m3/period,0,0,0,1,0,0,0,0,0,041000071204,physical_3dhp,REPLACED_PHYSICAL,True,omitted_zero_diagnostic
v01b_unit_pulse_tn_half_pass,unit_pulse_no_time,041000071201,TN,kg/period,0,0,0,1,0,0,0,0,0,041000071204,physical_3dhp,REPLACED_PHYSICAL,True,omitted_zero_diagnostic
v01b_unit_pulse_tn_half_pass,unit_pulse_no_time,041000071201,TP,kg/period,0,0,0,1,0,0,0,0,0,041000071204,physical_3dhp,REPLACED_PHYSICAL,True,omitted_zero_diagnostic
v01b_unit_pulse_tn_half_pass,unit_pulse_no_time,041000071202,water,m3/period,0,0,0,1,0,0,0,0,0,041000071203,physical_3dhp,REPLACED_PHYSICAL,True,omitted_zero_diagnostic
v01b_unit_pulse_tn_half_pass,unit_pulse_no_time,041000071202,TN,kg/period,0,0,0,1,0,0,0,0,0,041000071203,physical_3dhp,REPLACED_PHYSICAL,True,omitted_zero_diagnostic
v01b_unit_pulse_tn_half_pass,unit_pulse_no_time,041000071202,TP,kg/period,0,0,0,1,0,0,0,0,0,041000071203,physical_3dhp,REPLACED_PHYSICAL,True,omitted_zero_diagnostic
v01b_unit_pulse_tn_half_pass,unit_pulse_no_time,041000071203,water,m3/period,0,0,0,1,0,0,0,0,0,041000071205,physical_3dhp,REPLACED_PHYSICAL,True,omitted_zero_diagnostic
v01b_unit_pulse_tn_half_pass,unit_pulse_no_time,041000071203,TN,kg/period,0,0,0,1,0,0,0,0,0,041000071205,physical_3dhp,REPLACED_PHYSICAL,True,omitted_zero_diagnostic
v01b_unit_pulse_tn_half_pass,unit_pulse_no_time,041000071203,TP,kg/period,0,0,0,1,0,0,0,0,0,041000071205,physical_3dhp,REPLACED_PHYSICAL,True,omitted_zero_diagnostic
v01b_unit_pulse_tn_half_pass,unit_pulse_no_time,041000071204,water,m3/period,0,0,0,1,0,0,0,0,0,041000071205,physical_3dhp,REPLACED_PHYSICAL,True,omitted_zero_diagnostic
v01b_unit_pulse_tn_half_pass,unit_pulse_no_time,041000071204,TN,kg/period,0,0,0,1,0,0,0,0,0,041000071205,physical_3dhp,REPLACED_PHYSICAL,True,omitted_zero_diagnostic
v01b_unit_pulse_tn_half_pass,unit_pulse_no_time,041000071204,TP,kg/period,0,0,0,1,0,0,0,0,0,041000071205,physical_3dhp,REPLACED_PHYSICAL,True,omitted_zero_diagnostic
v01b_unit_pulse_tn_half_pass,unit_pulse_no_time,041000071205,water,m3/period,0,0,0,1,0,0,0,0,0,041000071206,physical_3dhp,REPLACED_PHYSICAL,True,omitted_zero_diagnostic
v01b_unit_pulse_tn_half_pass,unit_pulse_no_time,041000071205,TN,kg/period,0,0,0,1,0,0,0,0,0,041000071206,physical_3dhp,REPLACED_PHYSICAL,True,omitted_zero_diagnostic
v01b_unit_pulse_tn_half_pass,unit_pulse_no_time,041000071205,TP,kg/period,0,0,0,1,0,0,0,0,0,041000071206,physical_3dhp,REPLACED_PHYSICAL,True,omitted_zero_diagnostic
v01b_unit_pulse_tn_half_pass,unit_pulse_no_time,041000071206,water,m3/period,0,0,0,1,0,0,0,0,0,041000071209,official_3dhp_connector,REPLACED_AUTHORITATIVE_CONNECTOR,False,omitted_zero_diagnostic
v01b_unit_pulse_tn_half_pass,unit_pulse_no_time,041000071206,TN,kg/period,0,0,0,1,0,0,0,0,0,041000071209,official_3dhp_connector,REPLACED_AUTHORITATIVE_CONNECTOR,False,omitted_zero_diagnostic
v01b_unit_pulse_tn_half_pass,unit_pulse_no_time,041000071206,TP,kg/period,0,0,0,1,0,0,0,0,0,041000071209,official_3dhp_connector,REPLACED_AUTHORITATIVE_CONNECTOR,False,omitted_zero_diagnostic
v01b_unit_pulse_tn_half_pass,unit_pulse_no_time,041000071207,water,m3/period,0,0,0,1,0,0,0,0,0,041000071209,physical_3dhp,REPLACED_PHYSICAL,True,omitted_zero_diagnostic
v01b_unit_pulse_tn_half_pass,unit_pulse_no_time,041000071207,TN,kg/period,0,0,0,1,0,0,0,0,0,041000071209,physical_3dhp,REPLACED_PHYSICAL,True,omitted_zero_diagnostic
v01b_unit_pulse_tn_half_pass,unit_pulse_no_time,041000071207,TP,kg/period,0,0,0,1,0,0,0,0,0,041000071209,physical_3dhp,REPLACED_PHYSICAL,True,omitted_zero_diagnostic
v01b_unit_pulse_tn_half_pass,unit_pulse_no_time,041000071208,water,m3/period,0,0,0,1,0,0,0,0,0,041000071209,official_3dhp_connector,REPLACED_AUTHORITATIVE_CONNECTOR,False,omitted_zero_diagnostic
v01b_unit_pulse_tn_half_pass,unit_pulse_no_time,041000071208,TN,kg/period,0,0,0,1,0,0,0,0,0,041000071209,official_3dhp_connector,REPLACED_AUTHORITATIVE_CONNECTOR,False,omitted_zero_diagnostic
v01b_unit_pulse_tn_half_pass,unit_pulse_no_time,041000071208,TP,kg/period,0,0,0,1,0,0,0,0,0,041000071209,official_3dhp_connector,REPLACED_AUTHORITATIVE_CONNECTOR,False,omitted_zero_diagnostic
v01b_unit_pulse_tn_half_pass,unit_pulse_no_time,041000080101,water,m3/period,0,0,0,1,0,0,0,0,0,041000080102,physical_3dhp,REPLACED_PHYSICAL,True,omitted_zero_diagnostic
v01b_unit_pulse_tn_half_pass,unit_pulse_no_time,041000080101,TN,kg/period,0,0,0,1,0,0,0,0,0,041000080102,physical_3dhp,REPLACED_PHYSICAL,True,omitted_zero_diagnostic
v01b_unit_pulse_tn_half_pass,unit_pulse_no_time,041000080101,TP,kg/period,0,0,0,1,0,0,0,0,0,041000080102,physical_3dhp,REPLACED_PHYSICAL,True,omitted_zero_diagnostic
v01b_unit_pulse_tn_half_pass,unit_pulse_no_time,041000080102,water,m3/period,0,0,0,1,0,0,0,0,0,041000080103,physical_3dhp,REPLACED_PHYSICAL,True,omitted_zero_diagnostic
v01b_unit_pulse_tn_half_pass,unit_pulse_no_time,041000080102,TN,kg/period,0,0,0,1,0,0,0,0,0,041000080103,physical_3dhp,REPLACED_PHYSICAL,True,omitted_zero_diagnostic
v01b_unit_pulse_tn_half_pass,unit_pulse_no_time,041000080102,TP,kg/period,0,0,0,1,0,0,0,0,0,041000080103,physical_3dhp,REPLACED_PHYSICAL,True,omitted_zero_diagnostic
v01b_unit_pulse_tn_half_pass,unit_pulse_no_time,041000080103,water,m3/period,0,0,0,1,0,0,0,0,0,041000080105,official_3dhp_connector,REPLACED_AUTHORITATIVE_CONNECTOR,False,omitted_zero_diagnostic
v01b_unit_pulse_tn_half_pass,unit_pulse_no_time,041000080103,TN,kg/period,0,0,0,1,0,0,0,0,0,041000080105,official_3dhp_connector,REPLACED_AUTHORITATIVE_CONNECTOR,False,omitted_zero_diagnostic
v01b_unit_pulse_tn_half_pass,unit_pulse_no_time,041000080103,TP,kg/period,0,0,0,1,0,0,0,0,0,041000080105,official_3dhp_connector,REPLACED_AUTHORITATIVE_CONNECTOR,False,omitted_zero_diagnostic
v01b_unit_pulse_tn_half_pass,unit_pulse_no_time,041000080104,water,m3/period,0,0,0,1,0,0,0,0,0,041000080105,project_inference,UNRESOLVED,False,omitted_zero_diagnostic
v01b_unit_pulse_tn_half_pass,unit_pulse_no_time,041000080104,TN,kg/period,0,0,0,1,0,0,0,0,0,041000080105,project_inference,UNRESOLVED,False,omitted_zero_diagnostic
v01b_unit_pulse_tn_half_pass,unit_pulse_no_time,041000080104,TP,kg/period,0,0,0,1,0,0,0,0,0,041000080105,project_inference,UNRESOLVED,False,omitted_zero_diagnostic
v01b_unit_pulse_tn_half_pass,unit_pulse_no_time,041000080105,water,m3/period,0,0,0,1,0,0,0,0,0,041000080203,physical_3dhp,REPLACED_PHYSICAL,True,omitted_zero_diagnostic
v01b_unit_pulse_tn_half_pass,unit_pulse_no_time,041000080105,TN,kg/period,0,0,0,1,0,0,0,0,0,041000080203,physical_3dhp,REPLACED_PHYSICAL,True,omitted_zero_diagnostic
v01b_unit_pulse_tn_half_pass,unit_pulse_no_time,041000080105,TP,kg/period,0,0,0,1,0,0,0,0,0,041000080203,physical_3dhp,REPLACED_PHYSICAL,True,omitted_zero_diagnostic
v01b_unit_pulse_tn_half_pass,unit_pulse_no_time,041000080201,water,m3/period,0,0,0,1,0,0,0,0,0,041000080203,official_3dhp_connector,REPLACED_AUTHORITATIVE_CONNECTOR,False,omitted_zero_diagnostic
v01b_unit_pulse_tn_half_pass,unit_pulse_no_time,041000080201,TN,kg/period,0,0,0,1,0,0,0,0,0,041000080203,official_3dhp_connector,REPLACED_AUTHORITATIVE_CONNECTOR,False,omitted_zero_diagnostic
v01b_unit_pulse_tn_half_pass,unit_pulse_no_time,041000080201,TP,kg/period,0,0,0,1,0,0,0,0,0,041000080203,official_3dhp_connector,REPLACED_AUTHORITATIVE_CONNECTOR,False,omitted_zero_diagnostic
v01b_unit_pulse_tn_half_pass,unit_pulse_no_time,041000080202,water,m3/period,0,0,0,1,0,0,0,0,0,041000080203,official_3dhp_connector,REPLACED_AUTHORITATIVE_CONNECTOR,False,omitted_zero_diagnostic
v01b_unit_pulse_tn_half_pass,unit_pulse_no_time,041000080202,TN,kg/period,0,0,0,1,0,0,0,0,0,041000080203,official_3dhp_connector,REPLACED_AUTHORITATIVE_CONNECTOR,False,omitted_zero_diagnostic
v01b_unit_pulse_tn_half_pass,unit_pulse_no_time,041000080202,TP,kg/period,0,0,0,1,0,0,0,0,0,041000080203,official_3dhp_connector,REPLACED_AUTHORITATIVE_CONNECTOR,False,omitted_zero_diagnostic
v01b_unit_pulse_tn_half_pass,unit_pulse_no_time,041000080203,water,m3/period,0,0,0,1,0,0,0,0,0,041000080205,official_3dhp_connector,REPLACED_AUTHORITATIVE_CONNECTOR,False,omitted_zero_diagnostic
v01b_unit_pulse_tn_half_pass,unit_pulse_no_time,041000080203,TN,kg/period,0,0,0,1,0,0,0,0,0,041000080205,official_3dhp_connector,REPLACED_AUTHORITATIVE_CONNECTOR,False,omitted_zero_diagnostic
v01b_unit_pulse_tn_half_pass,unit_pulse_no_time,041000080203,TP,kg/period,0,0,0,1,0,0,0,0,0,041000080205,official_3dhp_connector,REPLACED_AUTHORITATIVE_CONNECTOR,False,omitted_zero_diagnostic
v01b_unit_pulse_tn_half_pass,unit_pulse_no_time,041000080204,water,m3/period,0,0,0,1,0,0,0,0,0,041000080205,official_3dhp_connector,REPLACED_AUTHORITATIVE_CONNECTOR,False,omitted_zero_diagnostic
v01b_unit_pulse_tn_half_pass,unit_pulse_no_time,041000080204,TN,kg/period,0,0,0,1,0,0,0,0,0,041000080205,official_3dhp_connector,REPLACED_AUTHORITATIVE_CONNECTOR,False,omitted_zero_diagnostic
v01b_unit_pulse_tn_half_pass,unit_pulse_no_time,041000080204,TP,kg/period,0,0,0,1,0,0,0,0,0,041000080205,official_3dhp_connector,REPLACED_AUTHORITATIVE_CONNECTOR,False,omitted_zero_diagnostic
v01b_unit_pulse_tn_half_pass,unit_pulse_no_time,041000080205,water,m3/period,0,0,0,1,0,0,0,0,0,041000080304,official_3dhp_connector,REPLACED_AUTHORITATIVE_CONNECTOR,False,omitted_zero_diagnostic
v01b_unit_pulse_tn_half_pass,unit_pulse_no_time,041000080205,TN,kg/period,0,0,0,1,0,0,0,0,0,041000080304,official_3dhp_connector,REPLACED_AUTHORITATIVE_CONNECTOR,False,omitted_zero_diagnostic
v01b_unit_pulse_tn_half_pass,unit_pulse_no_time,041000080205,TP,kg/period,0,0,0,1,0,0,0,0,0,041000080304,official_3dhp_connector,REPLACED_AUTHORITATIVE_CONNECTOR,False,omitted_zero_diagnostic
v01b_unit_pulse_tn_half_pass,unit_pulse_no_time,041000080301,water,m3/period,0,0,0,1,0,0,0,0,0,041000080302,physical_3dhp,REPLACED_PHYSICAL,True,omitted_zero_diagnostic
v01b_unit_pulse_tn_half_pass,unit_pulse_no_time,041000080301,TN,kg/period,0,0,0,1,0,0,0,0,0,041000080302,physical_3dhp,REPLACED_PHYSICAL,True,omitted_zero_diagnostic
v01b_unit_pulse_tn_half_pass,unit_pulse_no_time,041000080301,TP,kg/period,0,0,0,1,0,0,0,0,0,041000080302,physical_3dhp,REPLACED_PHYSICAL,True,omitted_zero_diagnostic
v01b_unit_pulse_tn_half_pass,unit_pulse_no_time,041000080302,water,m3/period,0,0,0,1,0,0,0,0,0,041000080304,official_3dhp_connector,REPLACED_AUTHORITATIVE_CONNECTOR,False,omitted_zero_diagnostic
v01b_unit_pulse_tn_half_pass,unit_pulse_no_time,041000080302,TN,kg/period,0,0,0,1,0,0,0,0,0,041000080304,official_3dhp_connector,REPLACED_AUTHORITATIVE_CONNECTOR,False,omitted_zero_diagnostic
v01b_unit_pulse_tn_half_pass,unit_pulse_no_time,041000080302,TP,kg/period,0,0,0,1,0,0,0,0,0,041000080304,official_3dhp_connector,REPLACED_AUTHORITATIVE_CONNECTOR,False,omitted_zero_diagnostic
v01b_unit_pulse_tn_half_pass,unit_pulse_no_time,041000080303,water,m3/period,0,0,0,1,0,0,0,0,0,041000080304,official_3dhp_connector,REPLACED_AUTHORITATIVE_CONNECTOR,False,omitted_zero_diagnostic
v01b_unit_pulse_tn_half_pass,unit_pulse_no_time,041000080303,TN,kg/period,0,0,0,1,0,0,0,0,0,041000080304,official_3dhp_connector,REPLACED_AUTHORITATIVE_CONNECTOR,False,omitted_zero_diagnostic
v01b_unit_pulse_tn_half_pass,unit_pulse_no_time,041000080303,TP,kg/period,0,0,0,1,0,0,0,0,0,041000080304,official_3dhp_connector,REPLACED_AUTHORITATIVE_CONNECTOR,False,omitted_zero_diagnostic
v01b_unit_pulse_tn_half_pass,unit_pulse_no_time,041000080304,water,m3/period,0,0,0,1,0,0,0,0,0,041000080506,official_3dhp_connector,REPLACED_AUTHORITATIVE_CONNECTOR,False,omitted_zero_diagnostic
v01b_unit_pulse_tn_half_pass,unit_pulse_no_time,041000080304,TN,kg/period,0,0,0,1,0,0,0,0,0,041000080506,official_3dhp_connector,REPLACED_AUTHORITATIVE_CONNECTOR,False,omitted_zero_diagnostic
v01b_unit_pulse_tn_half_pass,unit_pulse_no_time,041000080304,TP,kg/period,0,0,0,1,0,0,0,0,0,041000080506,official_3dhp_connector,REPLACED_AUTHORITATIVE_CONNECTOR,False,omitted_zero_diagnostic
v01b_unit_pulse_tn_half_pass,unit_pulse_no_time,041000080401,water,m3/period,0,0,0,1,0,0,0,0,0,041000080402,project_inference,UNRESOLVED,False,omitted_zero_diagnostic
v01b_unit_pulse_tn_half_pass,unit_pulse_no_time,041000080401,TN,kg/period,0,0,0,1,0,0,0,0,0,041000080402,project_inference,UNRESOLVED,False,omitted_zero_diagnostic
v01b_unit_pulse_tn_half_pass,unit_pulse_no_time,041000080401,TP,kg/period,0,0,0,1,0,0,0,0,0,041000080402,project_inference,UNRESOLVED,False,omitted_zero_diagnostic
v01b_unit_pulse_tn_half_pass,unit_pulse_no_time,041000080402,water,m3/period,0,0,0,1,0,0,0,0,0,041000080404,physical_3dhp,REPLACED_PHYSICAL,True,omitted_zero_diagnostic
v01b_unit_pulse_tn_half_pass,unit_pulse_no_time,041000080402,TN,kg/period,0,0,0,1,0,0,0,0,0,041000080404,physical_3dhp,REPLACED_PHYSICAL,True,omitted_zero_diagnostic
v01b_unit_pulse_tn_half_pass,unit_pulse_no_time,041000080402,TP,kg/period,0,0,0,1,0,0,0,0,0,041000080404,physical_3dhp,REPLACED_PHYSICAL,True,omitted_zero_diagnostic
v01b_unit_pulse_tn_half_pass,unit_pulse_no_time,041000080403,water,m3/period,0,0,0,1,0,0,0,0,0,041000080404,official_3dhp_connector,REPLACED_AUTHORITATIVE_CONNECTOR,False,omitted_zero_diagnostic
v01b_unit_pulse_tn_half_pass,unit_pulse_no_time,041000080403,TN,kg/period,0,0,0,1,0,0,0,0,0,041000080404,official_3dhp_connector,REPLACED_AUTHORITATIVE_CONNECTOR,False,omitted_zero_diagnostic
v01b_unit_pulse_tn_half_pass,unit_pulse_no_time,041000080403,TP,kg/period,0,0,0,1,0,0,0,0,0,041000080404,official_3dhp_connector,REPLACED_AUTHORITATIVE_CONNECTOR,False,omitted_zero_diagnostic
v01b_unit_pulse_tn_half_pass,unit_pulse_no_time,041000080404,water,m3/period,0,0,0,1,0,0,0,0,0,041000080405,official_3dhp_connector,REPLACED_AUTHORITATIVE_CONNECTOR,False,omitted_zero_diagnostic
v01b_unit_pulse_tn_half_pass,unit_pulse_no_time,041000080404,TN,kg/period,0,0,0,1,0,0,0,0,0,041000080405,official_3dhp_connector,REPLACED_AUTHORITATIVE_CONNECTOR,False,omitted_zero_diagnostic
v01b_unit_pulse_tn_half_pass,unit_pulse_no_time,041000080404,TP,kg/period,0,0,0,1,0,0,0,0,0,041000080405,official_3dhp_connector,REPLACED_AUTHORITATIVE_CONNECTOR,False,omitted_zero_diagnostic
v01b_unit_pulse_tn_half_pass,unit_pulse_no_time,041000080405,water,m3/period,0,0,0,1,0,0,0,0,0,041000080506,project_inference,UNRESOLVED,False,omitted_zero_diagnostic
v01b_unit_pulse_tn_half_pass,unit_pulse_no_time,041000080405,TN,kg/period,0,0,0,1,0,0,0,0,0,041000080506,project_inference,UNRESOLVED,False,omitted_zero_diagnostic
v01b_unit_pulse_tn_half_pass,unit_pulse_no_time,041000080405,TP,kg/period,0,0,0,1,0,0,0,0,0,041000080506,project_inference,UNRESOLVED,False,omitted_zero_diagnostic
v01b_unit_pulse_tn_half_pass,unit_pulse_no_time,041000080501,water,m3/period,0,0,0,1,0,0,0,0,0,041000080502,official_3dhp_connector,REPLACED_AUTHORITATIVE_CONNECTOR,False,omitted_zero_diagnostic
v01b_unit_pulse_tn_half_pass,unit_pulse_no_time,041000080501,TN,kg/period,0,0,0,1,0,0,0,0,0,041000080502,official_3dhp_connector,REPLACED_AUTHORITATIVE_CONNECTOR,False,omitted_zero_diagnostic
v01b_unit_pulse_tn_half_pass,unit_pulse_no_time,041000080501,TP,kg/period,0,0,0,1,0,0,0,0,0,041000080502,official_3dhp_connector,REPLACED_AUTHORITATIVE_CONNECTOR,False,omitted_zero_diagnostic
v01b_unit_pulse_tn_half_pass,unit_pulse_no_time,041000080502,water,m3/period,0,0,0,1,0,0,0,0,0,041000080506,official_3dhp_connector,REPLACED_AUTHORITATIVE_CONNECTOR,False,omitted_zero_diagnostic
v01b_unit_pulse_tn_half_pass,unit_pulse_no_time,041000080502,TN,kg/period,0,0,0,1,0,0,0,0,0,041000080506,official_3dhp_connector,REPLACED_AUTHORITATIVE_CONNECTOR,False,omitted_zero_diagnostic
v01b_unit_pulse_tn_half_pass,unit_pulse_no_time,041000080502,TP,kg/period,0,0,0,1,0,0,0,0,0,041000080506,official_3dhp_connector,REPLACED_AUTHORITATIVE_CONNECTOR,False,omitted_zero_diagnostic
v01b_unit_pulse_tn_half_pass,unit_pulse_no_time,041000080503,water,m3/period,0,0,0,1,0,0,0,0,0,041000080506,official_3dhp_connector,REPLACED_AUTHORITATIVE_CONNECTOR,False,omitted_zero_diagnostic
v01b_unit_pulse_tn_half_pass,unit_pulse_no_time,041000080503,TN,kg/period,0,0,0,1,0,0,0,0,0,041000080506,official_3dhp_connector,REPLACED_AUTHORITATIVE_CONNECTOR,False,omitted_zero_diagnostic
v01b_unit_pulse_tn_half_pass,unit_pulse_no_time,041000080503,TP,kg/period,0,0,0,1,0,0,0,0,0,041000080506,official_3dhp_connector,REPLACED_AUTHORITATIVE_CONNECTOR,False,omitted_zero_diagnostic
v01b_unit_pulse_tn_half_pass,unit_pulse_no_time,041000080504,water,m3/period,0,0,0,1,0,0,0,0,0,041000080506,official_3dhp_connector,REPLACED_AUTHORITATIVE_CONNECTOR,False,omitted_zero_diagnostic
v01b_unit_pulse_tn_half_pass,unit_pulse_no_time,041000080504,TN,kg/period,0,0,0,1,0,0,0,0,0,041000080506,official_3dhp_connector,REPLACED_AUTHORITATIVE_CONNECTOR,False,omitted_zero_diagnostic
v01b_unit_pulse_tn_half_pass,unit_pulse_no_time,041000080504,TP,kg/period,0,0,0,1,0,0,0,0,0,041000080506,official_3dhp_connector,REPLACED_AUTHORITATIVE_CONNECTOR,False,omitted_zero_diagnostic
v01b_unit_pulse_tn_half_pass,unit_pulse_no_time,041000080505,water,m3/period,0,0,0,1,0,0,0,0,0,041000080506,official_3dhp_connector,REPLACED_AUTHORITATIVE_CONNECTOR,False,omitted_zero_diagnostic
v01b_unit_pulse_tn_half_pass,unit_pulse_no_time,041000080505,TN,kg/period,0,0,0,1,0,0,0,0,0,041000080506,official_3dhp_connector,REPLACED_AUTHORITATIVE_CONNECTOR,False,omitted_zero_diagnostic
v01b_unit_pulse_tn_half_pass,unit_pulse_no_time,041000080505,TP,kg/period,0,0,0,1,0,0,0,0,0,041000080506,official_3dhp_connector,REPLACED_AUTHORITATIVE_CONNECTOR,False,omitted_zero_diagnostic
v01b_unit_pulse_tn_half_pass,unit_pulse_no_time,041000080506,water,m3/period,0,0,0,1,0,0,0,0,0,041000080602,official_3dhp_connector,REPLACED_AUTHORITATIVE_CONNECTOR,False,omitted_zero_diagnostic
v01b_unit_pulse_tn_half_pass,unit_pulse_no_time,041000080506,TN,kg/period,0,0,0,1,0,0,0,0,0,041000080602,official_3dhp_connector,REPLACED_AUTHORITATIVE_CONNECTOR,False,omitted_zero_diagnostic
v01b_unit_pulse_tn_half_pass,unit_pulse_no_time,041000080506,TP,kg/period,0,0,0,1,0,0,0,0,0,041000080602,official_3dhp_connector,REPLACED_AUTHORITATIVE_CONNECTOR,False,omitted_zero_diagnostic
v01b_unit_pulse_tn_half_pass,unit_pulse_no_time,041000080601,water,m3/period,0,0,0,1,0,0,0,0,0,041000080602,official_3dhp_connector,REPLACED_AUTHORITATIVE_CONNECTOR,False,omitted_zero_diagnostic
v01b_unit_pulse_tn_half_pass,unit_pulse_no_time,041000080601,TN,kg/period,0,0,0,1,0,0,0,0,0,041000080602,official_3dhp_connector,REPLACED_AUTHORITATIVE_CONNECTOR,False,omitted_zero_diagnostic
v01b_unit_pulse_tn_half_pass,unit_pulse_no_time,041000080601,TP,kg/period,0,0,0,1,0,0,0,0,0,041000080602,official_3dhp_connector,REPLACED_AUTHORITATIVE_CONNECTOR,False,omitted_zero_diagnostic
v01b_unit_pulse_tn_half_pass,unit_pulse_no_time,041000080602,water,m3/period,0,0,0,1,0,0,0,0,0,041000080605,official_3dhp_connector,REPLACED_AUTHORITATIVE_CONNECTOR,False,omitted_zero_diagnostic
v01b_unit_pulse_tn_half_pass,unit_pulse_no_time,041000080602,TN,kg/period,0,0,0,1,0,0,0,0,0,041000080605,official_3dhp_connector,REPLACED_AUTHORITATIVE_CONNECTOR,False,omitted_zero_diagnostic
v01b_unit_pulse_tn_half_pass,unit_pulse_no_time,041000080602,TP,kg/period,0,0,0,1,0,0,0,0,0,041000080605,official_3dhp_connector,REPLACED_AUTHORITATIVE_CONNECTOR,False,omitted_zero_diagnostic
v01b_unit_pulse_tn_half_pass,unit_pulse_no_time,041000080603,water,m3/period,0,0,0,1,0,0,0,0,0,041000080605,official_3dhp_connector,REPLACED_AUTHORITATIVE_CONNECTOR,False,omitted_zero_diagnostic
v01b_unit_pulse_tn_half_pass,unit_pulse_no_time,041000080603,TN,kg/period,0,0,0,1,0,0,0,0,0,041000080605,official_3dhp_connector,REPLACED_AUTHORITATIVE_CONNECTOR,False,omitted_zero_diagnostic
v01b_unit_pulse_tn_half_pass,unit_pulse_no_time,041000080603,TP,kg/period,0,0,0,1,0,0,0,0,0,041000080605,official_3dhp_connector,REPLACED_AUTHORITATIVE_CONNECTOR,False,omitted_zero_diagnostic
v01b_unit_pulse_tn_half_pass,unit_pulse_no_time,041000080604,water,m3/period,0,0,0,1,0,0,0,0,0,041000080605,official_3dhp_connector,REPLACED_AUTHORITATIVE_CONNECTOR,False,omitted_zero_diagnostic
v01b_unit_pulse_tn_half_pass,unit_pulse_no_time,041000080604,TN,kg/period,0,0,0,1,0,0,0,0,0,041000080605,official_3dhp_connector,REPLACED_AUTHORITATIVE_CONNECTOR,False,omitted_zero_diagnostic
v01b_unit_pulse_tn_half_pass,unit_pulse_no_time,041000080604,TP,kg/period,0,0,0,1,0,0,0,0,0,041000080605,official_3dhp_connector,REPLACED_AUTHORITATIVE_CONNECTOR,False,omitted_zero_diagnostic
v01b_unit_pulse_tn_half_pass,unit_pulse_no_time,041000080605,water,m3/period,0,0,0,1,0,0,0,0,0,041000070905,official_3dhp_connector,REPLACED_AUTHORITATIVE_CONNECTOR,False,omitted_zero_diagnostic
v01b_unit_pulse_tn_half_pass,unit_pulse_no_time,041000080605,TN,kg/period,0,0,0,1,0,0,0,0,0,041000070905,official_3dhp_connector,REPLACED_AUTHORITATIVE_CONNECTOR,False,omitted_zero_diagnostic
v01b_unit_pulse_tn_half_pass,unit_pulse_no_time,041000080605,TP,kg/period,0,0,0,1,0,0,0,0,0,041000070905,official_3dhp_connector,REPLACED_AUTHORITATIVE_CONNECTOR,False,omitted_zero_diagnostic
v01b_unit_pulse_tn_half_pass,unit_pulse_no_time,041000070905,water,m3/period,0,0,0,1,0,0,0,0,0,041000070907,official_3dhp_connector,REPLACED_AUTHORITATIVE_CONNECTOR,False,omitted_zero_diagnostic
v01b_unit_pulse_tn_half_pass,unit_pulse_no_time,041000070905,TN,kg/period,0,0,0,1,0,0,0,0,0,041000070907,official_3dhp_connector,REPLACED_AUTHORITATIVE_CONNECTOR,False,omitted_zero_diagnostic
v01b_unit_pulse_tn_half_pass,unit_pulse_no_time,041000070905,TP,kg/period,0,0,0,1,0,0,0,0,0,041000070907,official_3dhp_connector,REPLACED_AUTHORITATIVE_CONNECTOR,False,omitted_zero_diagnostic
v01b_unit_pulse_tn_half_pass,unit_pulse_no_time,041000070907,water,m3/period,0,0,0,1,0,0,0,0,0,041000071005,official_3dhp_connector,REPLACED_AUTHORITATIVE_CONNECTOR,False,omitted_zero_diagnostic
v01b_unit_pulse_tn_half_pass,unit_pulse_no_time,041000070907,TN,kg/period,0,0,0,1,0,0,0,0,0,041000071005,official_3dhp_connector,REPLACED_AUTHORITATIVE_CONNECTOR,False,omitted_zero_diagnostic
v01b_unit_pulse_tn_half_pass,unit_pulse_no_time,041000070907,TP,kg/period,0,0,0,1,0,0,0,0,0,041000071005,official_3dhp_connector,REPLACED_AUTHORITATIVE_CONNECTOR,False,omitted_zero_diagnostic
v01b_unit_pulse_tn_half_pass,unit_pulse_no_time,041000071005,water,m3/period,0,0,0,1,0,0,0,0,0,041000071209,official_3dhp_connector,REPLACED_AUTHORITATIVE_CONNECTOR,False,omitted_zero_diagnostic
v01b_unit_pulse_tn_half_pass,unit_pulse_no_time,041000071005,TN,kg/period,0,0,0,1,0,0,0,0,0,041000071209,official_3dhp_connector,REPLACED_AUTHORITATIVE_CONNECTOR,False,omitted_zero_diagnostic
v01b_unit_pulse_tn_half_pass,unit_pulse_no_time,041000071005,TP,kg/period,0,0,0,1,0,0,0,0,0,041000071209,official_3dhp_connector,REPLACED_AUTHORITATIVE_CONNECTOR,False,omitted_zero_diagnostic
v01b_unit_pulse_tn_half_pass,unit_pulse_no_time,041000071209,water,m3/period,0,0,0,1,0,0,0,0,0,041000090201,official_3dhp_connector,REPLACED_AUTHORITATIVE_CONNECTOR,False,omitted_zero_diagnostic
v01b_unit_pulse_tn_half_pass,unit_pulse_no_time,041000071209,TN,kg/period,0,0,0,1,0,0,0,0,0,041000090201,official_3dhp_connector,REPLACED_AUTHORITATIVE_CONNECTOR,False,omitted_zero_diagnostic
v01b_unit_pulse_tn_half_pass,unit_pulse_no_time,041000071209,TP,kg/period,0,0,0,1,0,0,0,0,0,041000090201,official_3dhp_connector,REPLACED_AUTHORITATIVE_CONNECTOR,False,omitted_zero_diagnostic
v01b_unit_pulse_tn_half_pass,unit_pulse_no_time,041000090101,water,m3/period,0,0,0,1,0,0,0,0,0,041000090102,physical_3dhp,REPLACED_PHYSICAL,True,omitted_zero_diagnostic
v01b_unit_pulse_tn_half_pass,unit_pulse_no_time,041000090101,TN,kg/period,0,0,0,1,0,0,0,0,0,041000090102,physical_3dhp,REPLACED_PHYSICAL,True,omitted_zero_diagnostic
v01b_unit_pulse_tn_half_pass,unit_pulse_no_time,041000090101,TP,kg/period,0,0,0,1,0,0,0,0,0,041000090102,physical_3dhp,REPLACED_PHYSICAL,True,omitted_zero_diagnostic
v01b_unit_pulse_tn_half_pass,unit_pulse_no_time,041000090102,water,m3/period,0,0,0,1,0,0,0,0,0,041000090104,physical_nhdplus_hr_existing,ALREADY_REDUNDANT,True,omitted_zero_diagnostic
v01b_unit_pulse_tn_half_pass,unit_pulse_no_time,041000090102,TN,kg/period,0,0,0,1,0,0,0,0,0,041000090104,physical_nhdplus_hr_existing,ALREADY_REDUNDANT,True,omitted_zero_diagnostic
v01b_unit_pulse_tn_half_pass,unit_pulse_no_time,041000090102,TP,kg/period,0,0,0,1,0,0,0,0,0,041000090104,physical_nhdplus_hr_existing,ALREADY_REDUNDANT,True,omitted_zero_diagnostic
v01b_unit_pulse_tn_half_pass,unit_pulse_no_time,041000090103,water,m3/period,0,0,0,1,0,0,0,0,0,041000090104,physical_3dhp,REPLACED_PHYSICAL,True,omitted_zero_diagnostic
v01b_unit_pulse_tn_half_pass,unit_pulse_no_time,041000090103,TN,kg/period,0,0,0,1,0,0,0,0,0,041000090104,physical_3dhp,REPLACED_PHYSICAL,True,omitted_zero_diagnostic
v01b_unit_pulse_tn_half_pass,unit_pulse_no_time,041000090103,TP,kg/period,0,0,0,1,0,0,0,0,0,041000090104,physical_3dhp,REPLACED_PHYSICAL,True,omitted_zero_diagnostic
v01b_unit_pulse_tn_half_pass,unit_pulse_no_time,041000090104,water,m3/period,0,0,0,1,0,0,0,0,0,041000090106,physical_nhdplus_hr_existing,ALREADY_REDUNDANT,True,omitted_zero_diagnostic
v01b_unit_pulse_tn_half_pass,unit_pulse_no_time,041000090104,TN,kg/period,0,0,0,1,0,0,0,0,0,041000090106,physical_nhdplus_hr_existing,ALREADY_REDUNDANT,True,omitted_zero_diagnostic
v01b_unit_pulse_tn_half_pass,unit_pulse_no_time,041000090104,TP,kg/period,0,0,0,1,0,0,0,0,0,041000090106,physical_nhdplus_hr_existing,ALREADY_REDUNDANT,True,omitted_zero_diagnostic
v01b_unit_pulse_tn_half_pass,unit_pulse_no_time,041000090105,water,m3/period,0,0,0,1,0,0,0,0,0,041000090106,physical_nhdplus_hr_existing,ALREADY_REDUNDANT,True,omitted_zero_diagnostic
v01b_unit_pulse_tn_half_pass,unit_pulse_no_time,041000090105,TN,kg/period,0,0,0,1,0,0,0,0,0,041000090106,physical_nhdplus_hr_existing,ALREADY_REDUNDANT,True,omitted_zero_diagnostic
v01b_unit_pulse_tn_half_pass,unit_pulse_no_time,041000090105,TP,kg/period,0,0,0,1,0,0,0,0,0,041000090106,physical_nhdplus_hr_existing,ALREADY_REDUNDANT,True,omitted_zero_diagnostic
v01b_unit_pulse_tn_half_pass,unit_pulse_no_time,041000090106,water,m3/period,0,0,0,1,0,0,0,0,0,041000090207,physical_nhdplus_hr_existing,ALREADY_REDUNDANT,True,omitted_zero_diagnostic
v01b_unit_pulse_tn_half_pass,unit_pulse_no_time,041000090106,TN,kg/period,0,0,0,1,0,0,0,0,0,041000090207,physical_nhdplus_hr_existing,ALREADY_REDUNDANT,True,omitted_zero_diagnostic
v01b_unit_pulse_tn_half_pass,unit_pulse_no_time,041000090106,TP,kg/period,0,0,0,1,0,0,0,0,0,041000090207,physical_nhdplus_hr_existing,ALREADY_REDUNDANT,True,omitted_zero_diagnostic
v01b_unit_pulse_tn_half_pass,unit_pulse_no_time,041000090201,water,m3/period,0,1,1,1,0,0,1,0,0,041000090203,physical_nhdplus_hr_existing,ALREADY_REDUNDANT,True,omitted_zero_diagnostic
v01b_unit_pulse_tn_half_pass,unit_pulse_no_time,041000090201,TN,kg/period,0,0.5,0.5,1,0,0,0.5,0,0,041000090203,physical_nhdplus_hr_existing,ALREADY_REDUNDANT,True,omitted_zero_diagnostic
v01b_unit_pulse_tn_half_pass,unit_pulse_no_time,041000090201,TP,kg/period,0,1,1,1,0,0,1,0,0,041000090203,physical_nhdplus_hr_existing,ALREADY_REDUNDANT,True,omitted_zero_diagnostic
v01b_unit_pulse_tn_half_pass,unit_pulse_no_time,041000090202,water,m3/period,0,0,0,1,0,0,0,0,0,041000090203,physical_nhdplus_hr_existing,ALREADY_REDUNDANT,True,omitted_zero_diagnostic
v01b_unit_pulse_tn_half_pass,unit_pulse_no_time,041000090202,TN,kg/period,0,0,0,1,0,0,0,0,0,041000090203,physical_nhdplus_hr_existing,ALREADY_REDUNDANT,True,omitted_zero_diagnostic
v01b_unit_pulse_tn_half_pass,unit_pulse_no_time,041000090202,TP,kg/period,0,0,0,1,0,0,0,0,0,041000090203,physical_nhdplus_hr_existing,ALREADY_REDUNDANT,True,omitted_zero_diagnostic
v01b_unit_pulse_tn_half_pass,unit_pulse_no_time,041000090203,water,m3/period,0,1,1,1,0,0,1,0,0,041000090206,physical_nhdplus_hr_existing,ALREADY_REDUNDANT,True,omitted_zero_diagnostic
v01b_unit_pulse_tn_half_pass,unit_pulse_no_time,041000090203,TN,kg/period,0,0.5,0.5,1,0,0,0.5,0,0,041000090206,physical_nhdplus_hr_existing,ALREADY_REDUNDANT,True,omitted_zero_diagnostic
v01b_unit_pulse_tn_half_pass,unit_pulse_no_time,041000090203,TP,kg/period,0,1,1,1,0,0,1,0,0,041000090206,physical_nhdplus_hr_existing,ALREADY_REDUNDANT,True,omitted_zero_diagnostic
v01b_unit_pulse_tn_half_pass,unit_pulse_no_time,041000090204,water,m3/period,0,0,0,1,0,0,0,0,0,041000090206,physical_nhdplus_hr_existing,ALREADY_REDUNDANT,True,omitted_zero_diagnostic
v01b_unit_pulse_tn_half_pass,unit_pulse_no_time,041000090204,TN,kg/period,0,0,0,1,0,0,0,0,0,041000090206,physical_nhdplus_hr_existing,ALREADY_REDUNDANT,True,omitted_zero_diagnostic
v01b_unit_pulse_tn_half_pass,unit_pulse_no_time,041000090204,TP,kg/period,0,0,0,1,0,0,0,0,0,041000090206,physical_nhdplus_hr_existing,ALREADY_REDUNDANT,True,omitted_zero_diagnostic
v01b_unit_pulse_tn_half_pass,unit_pulse_no_time,041000090205,water,m3/period,0,0,0,1,0,0,0,0,0,041000090206,physical_nhdplus_hr_existing,ALREADY_REDUNDANT,True,omitted_zero_diagnostic
v01b_unit_pulse_tn_half_pass,unit_pulse_no_time,041000090205,TN,kg/period,0,0,0,1,0,0,0,0,0,041000090206,physical_nhdplus_hr_existing,ALREADY_REDUNDANT,True,omitted_zero_diagnostic
v01b_unit_pulse_tn_half_pass,unit_pulse_no_time,041000090205,TP,kg/period,0,0,0,1,0,0,0,0,0,041000090206,physical_nhdplus_hr_existing,ALREADY_REDUNDANT,True,omitted_zero_diagnostic
v01b_unit_pulse_tn_half_pass,unit_pulse_no_time,041000090206,water,m3/period,0,1,1,1,0,0,1,0,0,041000090207,physical_nhdplus_hr_existing,ALREADY_REDUNDANT,True,omitted_zero_diagnostic
v01b_unit_pulse_tn_half_pass,unit_pulse_no_time,041000090206,TN,kg/period,0,0.5,0.5,1,0,0,0.5,0,0,041000090207,physical_nhdplus_hr_existing,ALREADY_REDUNDANT,True,omitted_zero_diagnostic
v01b_unit_pulse_tn_half_pass,unit_pulse_no_time,041000090206,TP,kg/period,0,1,1,1,0,0,1,0,0,041000090207,physical_nhdplus_hr_existing,ALREADY_REDUNDANT,True,omitted_zero_diagnostic
v01b_unit_pulse_tn_half_pass,unit_pulse_no_time,041000090207,water,m3/period,0,1,1,1,0,0,1,0,0,041000090403,physical_nhdplus_hr_existing,ALREADY_REDUNDANT,True,omitted_zero_diagnostic
v01b_unit_pulse_tn_half_pass,unit_pulse_no_time,041000090207,TN,kg/period,0,0.5,0.5,1,0,0,0.5,0,0,041000090403,physical_nhdplus_hr_existing,ALREADY_REDUNDANT,True,omitted_zero_diagnostic
v01b_unit_pulse_tn_half_pass,unit_pulse_no_time,041000090207,TP,kg/period,0,1,1,1,0,0,1,0,0,041000090403,physical_nhdplus_hr_existing,ALREADY_REDUNDANT,True,omitted_zero_diagnostic
v01b_unit_pulse_tn_half_pass,unit_pulse_no_time,041000090301,water,m3/period,0,0,0,1,0,0,0,0,0,041000090302,physical_nhdplus_hr_existing,ALREADY_REDUNDANT,True,omitted_zero_diagnostic
v01b_unit_pulse_tn_half_pass,unit_pulse_no_time,041000090301,TN,kg/period,0,0,0,1,0,0,0,0,0,041000090302,physical_nhdplus_hr_existing,ALREADY_REDUNDANT,True,omitted_zero_diagnostic
v01b_unit_pulse_tn_half_pass,unit_pulse_no_time,041000090301,TP,kg/period,0,0,0,1,0,0,0,0,0,041000090302,physical_nhdplus_hr_existing,ALREADY_REDUNDANT,True,omitted_zero_diagnostic
v01b_unit_pulse_tn_half_pass,unit_pulse_no_time,041000090302,water,m3/period,0,0,0,1,0,0,0,0,0,041000090403,official_3dhp_connector,REPLACED_AUTHORITATIVE_CONNECTOR,False,omitted_zero_diagnostic
v01b_unit_pulse_tn_half_pass,unit_pulse_no_time,041000090302,TN,kg/period,0,0,0,1,0,0,0,0,0,041000090403,official_3dhp_connector,REPLACED_AUTHORITATIVE_CONNECTOR,False,omitted_zero_diagnostic
v01b_unit_pulse_tn_half_pass,unit_pulse_no_time,041000090302,TP,kg/period,0,0,0,1,0,0,0,0,0,041000090403,official_3dhp_connector,REPLACED_AUTHORITATIVE_CONNECTOR,False,omitted_zero_diagnostic
v01b_unit_pulse_tn_half_pass,unit_pulse_no_time,041000090401,water,m3/period,0,0,0,1,0,0,0,0,0,041000090402,physical_nhdplus_hr_existing,ALREADY_REDUNDANT,True,omitted_zero_diagnostic
v01b_unit_pulse_tn_half_pass,unit_pulse_no_time,041000090401,TN,kg/period,0,0,0,1,0,0,0,0,0,041000090402,physical_nhdplus_hr_existing,ALREADY_REDUNDANT,True,omitted_zero_diagnostic
v01b_unit_pulse_tn_half_pass,unit_pulse_no_time,041000090401,TP,kg/period,0,0,0,1,0,0,0,0,0,041000090402,physical_nhdplus_hr_existing,ALREADY_REDUNDANT,True,omitted_zero_diagnostic
v01b_unit_pulse_tn_half_pass,unit_pulse_no_time,041000090402,water,m3/period,1,0,1,1,0,1,0,0,0,041000090403,project_inference,UNRESOLVED,False,synthetic_diagnostic
v01b_unit_pulse_tn_half_pass,unit_pulse_no_time,041000090402,TN,kg/period,1,0,1,1,0,1,0,0,0,041000090403,project_inference,UNRESOLVED,False,synthetic_diagnostic
v01b_unit_pulse_tn_half_pass,unit_pulse_no_time,041000090402,TP,kg/period,1,0,1,1,0,1,0,0,0,041000090403,project_inference,UNRESOLVED,False,synthetic_diagnostic
v01b_unit_pulse_tn_half_pass,unit_pulse_no_time,041000090403,water,m3/period,0,1,1,1,0,0,1,0,0,041000090510,physical_nhdplus_hr_existing,ALREADY_REDUNDANT,True,omitted_zero_diagnostic
v01b_unit_pulse_tn_half_pass,unit_pulse_no_time,041000090403,TN,kg/period,0,0.5,0.5,1,0,0,0.5,0,0,041000090510,physical_nhdplus_hr_existing,ALREADY_REDUNDANT,True,omitted_zero_diagnostic
v01b_unit_pulse_tn_half_pass,unit_pulse_no_time,041000090403,TP,kg/period,0,1,1,1,0,0,1,0,0,041000090510,physical_nhdplus_hr_existing,ALREADY_REDUNDANT,True,omitted_zero_diagnostic
v01b_unit_pulse_tn_half_pass,unit_pulse_no_time,041000090501,water,m3/period,0,0,0,1,0,0,0,0,0,041000090510,physical_nhdplus_hr_existing,ALREADY_REDUNDANT,True,omitted_zero_diagnostic
v01b_unit_pulse_tn_half_pass,unit_pulse_no_time,041000090501,TN,kg/period,0,0,0,1,0,0,0,0,0,041000090510,physical_nhdplus_hr_existing,ALREADY_REDUNDANT,True,omitted_zero_diagnostic
v01b_unit_pulse_tn_half_pass,unit_pulse_no_time,041000090501,TP,kg/period,0,0,0,1,0,0,0,0,0,041000090510,physical_nhdplus_hr_existing,ALREADY_REDUNDANT,True,omitted_zero_diagnostic
v01b_unit_pulse_tn_half_pass,unit_pulse_no_time,041000090502,water,m3/period,0,0,0,1,0,0,0,0,0,041000090503,physical_3dhp,REPLACED_PHYSICAL,True,omitted_zero_diagnostic
v01b_unit_pulse_tn_half_pass,unit_pulse_no_time,041000090502,TN,kg/period,0,0,0,1,0,0,0,0,0,041000090503,physical_3dhp,REPLACED_PHYSICAL,True,omitted_zero_diagnostic
v01b_unit_pulse_tn_half_pass,unit_pulse_no_time,041000090502,TP,kg/period,0,0,0,1,0,0,0,0,0,041000090503,physical_3dhp,REPLACED_PHYSICAL,True,omitted_zero_diagnostic
v01b_unit_pulse_tn_half_pass,unit_pulse_no_time,041000090503,water,m3/period,0,0,0,1,0,0,0,0,0,041000090508,physical_nhdplus_hr_existing,ALREADY_REDUNDANT,True,omitted_zero_diagnostic
v01b_unit_pulse_tn_half_pass,unit_pulse_no_time,041000090503,TN,kg/period,0,0,0,1,0,0,0,0,0,041000090508,physical_nhdplus_hr_existing,ALREADY_REDUNDANT,True,omitted_zero_diagnostic
v01b_unit_pulse_tn_half_pass,unit_pulse_no_time,041000090503,TP,kg/period,0,0,0,1,0,0,0,0,0,041000090508,physical_nhdplus_hr_existing,ALREADY_REDUNDANT,True,omitted_zero_diagnostic
v01b_unit_pulse_tn_half_pass,unit_pulse_no_time,041000090504,water,m3/period,0,0,0,1,0,0,0,0,0,041000090506,physical_nhdplus_hr_existing,ALREADY_REDUNDANT,True,omitted_zero_diagnostic
v01b_unit_pulse_tn_half_pass,unit_pulse_no_time,041000090504,TN,kg/period,0,0,0,1,0,0,0,0,0,041000090506,physical_nhdplus_hr_existing,ALREADY_REDUNDANT,True,omitted_zero_diagnostic
v01b_unit_pulse_tn_half_pass,unit_pulse_no_time,041000090504,TP,kg/period,0,0,0,1,0,0,0,0,0,041000090506,physical_nhdplus_hr_existing,ALREADY_REDUNDANT,True,omitted_zero_diagnostic
v01b_unit_pulse_tn_half_pass,unit_pulse_no_time,041000090505,water,m3/period,0,0,0,1,0,0,0,0,0,041000090506,physical_nhdplus_hr_existing,ALREADY_REDUNDANT,True,omitted_zero_diagnostic
v01b_unit_pulse_tn_half_pass,unit_pulse_no_time,041000090505,TN,kg/period,0,0,0,1,0,0,0,0,0,041000090506,physical_nhdplus_hr_existing,ALREADY_REDUNDANT,True,omitted_zero_diagnostic
v01b_unit_pulse_tn_half_pass,unit_pulse_no_time,041000090505,TP,kg/period,0,0,0,1,0,0,0,0,0,041000090506,physical_nhdplus_hr_existing,ALREADY_REDUNDANT,True,omitted_zero_diagnostic
v01b_unit_pulse_tn_half_pass,unit_pulse_no_time,041000090506,water,m3/period,0,0,0,1,0,0,0,0,0,041000090507,physical_nhdplus_hr_existing,ALREADY_REDUNDANT,True,omitted_zero_diagnostic
v01b_unit_pulse_tn_half_pass,unit_pulse_no_time,041000090506,TN,kg/period,0,0,0,1,0,0,0,0,0,041000090507,physical_nhdplus_hr_existing,ALREADY_REDUNDANT,True,omitted_zero_diagnostic
v01b_unit_pulse_tn_half_pass,unit_pulse_no_time,041000090506,TP,kg/period,0,0,0,1,0,0,0,0,0,041000090507,physical_nhdplus_hr_existing,ALREADY_REDUNDANT,True,omitted_zero_diagnostic
v01b_unit_pulse_tn_half_pass,unit_pulse_no_time,041000090507,water,m3/period,0,0,0,1,0,0,0,0,0,041000090508,official_3dhp_connector,REPLACED_AUTHORITATIVE_CONNECTOR,False,omitted_zero_diagnostic
v01b_unit_pulse_tn_half_pass,unit_pulse_no_time,041000090507,TN,kg/period,0,0,0,1,0,0,0,0,0,041000090508,official_3dhp_connector,REPLACED_AUTHORITATIVE_CONNECTOR,False,omitted_zero_diagnostic
v01b_unit_pulse_tn_half_pass,unit_pulse_no_time,041000090507,TP,kg/period,0,0,0,1,0,0,0,0,0,041000090508,official_3dhp_connector,REPLACED_AUTHORITATIVE_CONNECTOR,False,omitted_zero_diagnostic
v01b_unit_pulse_tn_half_pass,unit_pulse_no_time,041000090508,water,m3/period,0,0,0,1,0,0,0,0,0,041000090509,physical_nhdplus_hr_existing,ALREADY_REDUNDANT,True,omitted_zero_diagnostic
v01b_unit_pulse_tn_half_pass,unit_pulse_no_time,041000090508,TN,kg/period,0,0,0,1,0,0,0,0,0,041000090509,physical_nhdplus_hr_existing,ALREADY_REDUNDANT,True,omitted_zero_diagnostic
v01b_unit_pulse_tn_half_pass,unit_pulse_no_time,041000090508,TP,kg/period,0,0,0,1,0,0,0,0,0,041000090509,physical_nhdplus_hr_existing,ALREADY_REDUNDANT,True,omitted_zero_diagnostic
v01b_unit_pulse_tn_half_pass,unit_pulse_no_time,041000090509,water,m3/period,0,0,0,1,0,0,0,0,0,041000090510,official_3dhp_connector,REPLACED_AUTHORITATIVE_CONNECTOR,False,omitted_zero_diagnostic
v01b_unit_pulse_tn_half_pass,unit_pulse_no_time,041000090509,TN,kg/period,0,0,0,1,0,0,0,0,0,041000090510,official_3dhp_connector,REPLACED_AUTHORITATIVE_CONNECTOR,False,omitted_zero_diagnostic
v01b_unit_pulse_tn_half_pass,unit_pulse_no_time,041000090509,TP,kg/period,0,0,0,1,0,0,0,0,0,041000090510,official_3dhp_connector,REPLACED_AUTHORITATIVE_CONNECTOR,False,omitted_zero_diagnostic
v01b_unit_pulse_tn_half_pass,unit_pulse_no_time,041000090510,water,m3/period,0,1,1,1,0,0,1,0,0,041000090602,physical_nhdplus_hr_existing,ALREADY_REDUNDANT,True,omitted_zero_diagnostic
v01b_unit_pulse_tn_half_pass,unit_pulse_no_time,041000090510,TN,kg/period,0,0.5,0.5,1,0,0,0.5,0,0,041000090602,physical_nhdplus_hr_existing,ALREADY_REDUNDANT,True,omitted_zero_diagnostic
v01b_unit_pulse_tn_half_pass,unit_pulse_no_time,041000090510,TP,kg/period,0,1,1,1,0,0,1,0,0,041000090602,physical_nhdplus_hr_existing,ALREADY_REDUNDANT,True,omitted_zero_diagnostic
v01b_unit_pulse_tn_half_pass,unit_pulse_no_time,041000090601,water,m3/period,0,0,0,1,0,0,0,0,0,041000090602,official_3dhp_connector,REPLACED_AUTHORITATIVE_CONNECTOR,False,omitted_zero_diagnostic
v01b_unit_pulse_tn_half_pass,unit_pulse_no_time,041000090601,TN,kg/period,0,0,0,1,0,0,0,0,0,041000090602,official_3dhp_connector,REPLACED_AUTHORITATIVE_CONNECTOR,False,omitted_zero_diagnostic
v01b_unit_pulse_tn_half_pass,unit_pulse_no_time,041000090601,TP,kg/period,0,0,0,1,0,0,0,0,0,041000090602,official_3dhp_connector,REPLACED_AUTHORITATIVE_CONNECTOR,False,omitted_zero_diagnostic
v01b_unit_pulse_tn_half_pass,unit_pulse_no_time,041000090602,water,m3/period,0,1,1,1,0,0,1,0,0,041000090603,physical_nhdplus_hr_existing,ALREADY_REDUNDANT,True,omitted_zero_diagnostic
v01b_unit_pulse_tn_half_pass,unit_pulse_no_time,041000090602,TN,kg/period,0,0.5,0.5,1,0,0,0.5,0,0,041000090603,physical_nhdplus_hr_existing,ALREADY_REDUNDANT,True,omitted_zero_diagnostic
v01b_unit_pulse_tn_half_pass,unit_pulse_no_time,041000090602,TP,kg/period,0,1,1,1,0,0,1,0,0,041000090603,physical_nhdplus_hr_existing,ALREADY_REDUNDANT,True,omitted_zero_diagnostic
v01b_unit_pulse_tn_half_pass,unit_pulse_no_time,041000090603,water,m3/period,0,1,1,1,0,0,1,0,0,041000090903,physical_nhdplus_hr_existing,ALREADY_REDUNDANT,True,omitted_zero_diagnostic
v01b_unit_pulse_tn_half_pass,unit_pulse_no_time,041000090603,TN,kg/period,0,0.5,0.5,1,0,0,0.5,0,0,041000090903,physical_nhdplus_hr_existing,ALREADY_REDUNDANT,True,omitted_zero_diagnostic
v01b_unit_pulse_tn_half_pass,unit_pulse_no_time,041000090603,TP,kg/period,0,1,1,1,0,0,1,0,0,041000090903,physical_nhdplus_hr_existing,ALREADY_REDUNDANT,True,omitted_zero_diagnostic
v01b_unit_pulse_tn_half_pass,unit_pulse_no_time,041000090701,water,m3/period,0,0,0,1,0,0,0,0,0,041000090702,physical_3dhp,REPLACED_PHYSICAL,True,omitted_zero_diagnostic
v01b_unit_pulse_tn_half_pass,unit_pulse_no_time,041000090701,TN,kg/period,0,0,0,1,0,0,0,0,0,041000090702,physical_3dhp,REPLACED_PHYSICAL,True,omitted_zero_diagnostic
v01b_unit_pulse_tn_half_pass,unit_pulse_no_time,041000090701,TP,kg/period,0,0,0,1,0,0,0,0,0,041000090702,physical_3dhp,REPLACED_PHYSICAL,True,omitted_zero_diagnostic
v01b_unit_pulse_tn_half_pass,unit_pulse_no_time,041000090702,water,m3/period,0,0,0,1,0,0,0,0,0,041000090703,physical_nhdplus_hr_existing,ALREADY_REDUNDANT,True,omitted_zero_diagnostic
v01b_unit_pulse_tn_half_pass,unit_pulse_no_time,041000090702,TN,kg/period,0,0,0,1,0,0,0,0,0,041000090703,physical_nhdplus_hr_existing,ALREADY_REDUNDANT,True,omitted_zero_diagnostic
v01b_unit_pulse_tn_half_pass,unit_pulse_no_time,041000090702,TP,kg/period,0,0,0,1,0,0,0,0,0,041000090703,physical_nhdplus_hr_existing,ALREADY_REDUNDANT,True,omitted_zero_diagnostic
v01b_unit_pulse_tn_half_pass,unit_pulse_no_time,041000090703,water,m3/period,0,0,0,1,0,0,0,0,0,041000090804,physical_nhdplus_hr_existing,ALREADY_REDUNDANT,True,omitted_zero_diagnostic
v01b_unit_pulse_tn_half_pass,unit_pulse_no_time,041000090703,TN,kg/period,0,0,0,1,0,0,0,0,0,041000090804,physical_nhdplus_hr_existing,ALREADY_REDUNDANT,True,omitted_zero_diagnostic
v01b_unit_pulse_tn_half_pass,unit_pulse_no_time,041000090703,TP,kg/period,0,0,0,1,0,0,0,0,0,041000090804,physical_nhdplus_hr_existing,ALREADY_REDUNDANT,True,omitted_zero_diagnostic
v01b_unit_pulse_tn_half_pass,unit_pulse_no_time,041000090801,water,m3/period,0,0,0,1,0,0,0,0,0,041000090802,physical_nhdplus_hr_existing,ALREADY_REDUNDANT,True,omitted_zero_diagnostic
v01b_unit_pulse_tn_half_pass,unit_pulse_no_time,041000090801,TN,kg/period,0,0,0,1,0,0,0,0,0,041000090802,physical_nhdplus_hr_existing,ALREADY_REDUNDANT,True,omitted_zero_diagnostic
v01b_unit_pulse_tn_half_pass,unit_pulse_no_time,041000090801,TP,kg/period,0,0,0,1,0,0,0,0,0,041000090802,physical_nhdplus_hr_existing,ALREADY_REDUNDANT,True,omitted_zero_diagnostic
v01b_unit_pulse_tn_half_pass,unit_pulse_no_time,041000090802,water,m3/period,0,0,0,1,0,0,0,0,0,041000090804,physical_nhdplus_hr_existing,ALREADY_REDUNDANT,True,omitted_zero_diagnostic
v01b_unit_pulse_tn_half_pass,unit_pulse_no_time,041000090802,TN,kg/period,0,0,0,1,0,0,0,0,0,041000090804,physical_nhdplus_hr_existing,ALREADY_REDUNDANT,True,omitted_zero_diagnostic
v01b_unit_pulse_tn_half_pass,unit_pulse_no_time,041000090802,TP,kg/period,0,0,0,1,0,0,0,0,0,041000090804,physical_nhdplus_hr_existing,ALREADY_REDUNDANT,True,omitted_zero_diagnostic
v01b_unit_pulse_tn_half_pass,unit_pulse_no_time,041000090803,water,m3/period,0,0,0,1,0,0,0,0,0,041000090804,physical_nhdplus_hr_existing,ALREADY_REDUNDANT,True,omitted_zero_diagnostic
v01b_unit_pulse_tn_half_pass,unit_pulse_no_time,041000090803,TN,kg/period,0,0,0,1,0,0,0,0,0,041000090804,physical_nhdplus_hr_existing,ALREADY_REDUNDANT,True,omitted_zero_diagnostic
v01b_unit_pulse_tn_half_pass,unit_pulse_no_time,041000090803,TP,kg/period,0,0,0,1,0,0,0,0,0,041000090804,physical_nhdplus_hr_existing,ALREADY_REDUNDANT,True,omitted_zero_diagnostic
v01b_unit_pulse_tn_half_pass,unit_pulse_no_time,041000090804,water,m3/period,0,0,0,1,0,0,0,0,0,041000090904,physical_nhdplus_hr_existing,ALREADY_REDUNDANT,True,omitted_zero_diagnostic
v01b_unit_pulse_tn_half_pass,unit_pulse_no_time,041000090804,TN,kg/period,0,0,0,1,0,0,0,0,0,041000090904,physical_nhdplus_hr_existing,ALREADY_REDUNDANT,True,omitted_zero_diagnostic
v01b_unit_pulse_tn_half_pass,unit_pulse_no_time,041000090804,TP,kg/period,0,0,0,1,0,0,0,0,0,041000090904,physical_nhdplus_hr_existing,ALREADY_REDUNDANT,True,omitted_zero_diagnostic
v01b_unit_pulse_tn_half_pass,unit_pulse_no_time,041000090901,water,m3/period,0,0,0,1,0,0,0,0,0,041000090903,physical_nhdplus_hr_existing,ALREADY_REDUNDANT,True,omitted_zero_diagnostic
v01b_unit_pulse_tn_half_pass,unit_pulse_no_time,041000090901,TN,kg/period,0,0,0,1,0,0,0,0,0,041000090903,physical_nhdplus_hr_existing,ALREADY_REDUNDANT,True,omitted_zero_diagnostic
v01b_unit_pulse_tn_half_pass,unit_pulse_no_time,041000090901,TP,kg/period,0,0,0,1,0,0,0,0,0,041000090903,physical_nhdplus_hr_existing,ALREADY_REDUNDANT,True,omitted_zero_diagnostic
v01b_unit_pulse_tn_half_pass,unit_pulse_no_time,041000090902,water,m3/period,0,0,0,1,0,0,0,0,0,041000090903,official_3dhp_connector,REPLACED_AUTHORITATIVE_CONNECTOR,False,omitted_zero_diagnostic
v01b_unit_pulse_tn_half_pass,unit_pulse_no_time,041000090902,TN,kg/period,0,0,0,1,0,0,0,0,0,041000090903,official_3dhp_connector,REPLACED_AUTHORITATIVE_CONNECTOR,False,omitted_zero_diagnostic
v01b_unit_pulse_tn_half_pass,unit_pulse_no_time,041000090902,TP,kg/period,0,0,0,1,0,0,0,0,0,041000090903,official_3dhp_connector,REPLACED_AUTHORITATIVE_CONNECTOR,False,omitted_zero_diagnostic
v01b_unit_pulse_tn_half_pass,unit_pulse_no_time,041000090903,water,m3/period,0,1,1,1,0,0,1,0,0,041000090904,physical_nhdplus_hr_existing,ALREADY_REDUNDANT,True,omitted_zero_diagnostic
v01b_unit_pulse_tn_half_pass,unit_pulse_no_time,041000090903,TN,kg/period,0,0.5,0.5,1,0,0,0.5,0,0,041000090904,physical_nhdplus_hr_existing,ALREADY_REDUNDANT,True,omitted_zero_diagnostic
v01b_unit_pulse_tn_half_pass,unit_pulse_no_time,041000090903,TP,kg/period,0,1,1,1,0,0,1,0,0,041000090904,physical_nhdplus_hr_existing,ALREADY_REDUNDANT,True,omitted_zero_diagnostic
v01b_unit_pulse_tn_half_pass,unit_pulse_no_time,041000090904,water,m3/period,0,1,1,1,0,0,0,1,0,,wbd_out_of_extract_boundary,BOUNDARY_EXPORT,False,omitted_zero_diagnostic
v01b_unit_pulse_tn_half_pass,unit_pulse_no_time,041000090904,TN,kg/period,0,0.5,0.5,1,0,0,0,0.5,0,,wbd_out_of_extract_boundary,BOUNDARY_EXPORT,False,omitted_zero_diagnostic
v01b_unit_pulse_tn_half_pass,unit_pulse_no_time,041000090904,TP,kg/period,0,1,1,1,0,0,0,1,0,,wbd_out_of_extract_boundary,BOUNDARY_EXPORT,False,omitted_zero_diagnostic
