state_id,scenario_id,scenario,horizon,baseline_node_id,baseline_name,baseline_geographic_scale,baseline_settlement_class,current_fact,population_distribution_state,settlement_form_state,housing_form_state,employment_geography_state,mobility_interface_state,service_dependency_state,projection_relation,climate_migration_role,assumption_id,source_or_basis,plausibility,reality_status,canon_status,relationship_basis,numeric_future_value_adopted,notes
PFS-A2050-39039,A2050,Connected Reconcentration,2050,POP-ZONE-39039,"Defiance County, OH",county,county_population_zone,"CURRENT FACT (2026 baseline): Defiance County, OH is represented as a Census county-scale population-zone node with a generalized settlement context; no future value is implied.",relative reconcentration toward existing anchors and connected secondary centers,hub-and-secondary-center pattern with stronger connected urban and town interfaces,"infill, reuse, and mixed housing forms receive stronger planning attention near anchors",employment remains concentrated at existing nodes while selected secondary centers gain linked functions,commuting interfaces become more anchor-connected; commuting is not migration and no individual path is modeled,"water, wastewater, energy, transport, housing, and hazard planning follows connected service interfaces without exact territory assignment",OFFICIAL PROJECTION CONTEXT AVAILABLE AT NATIONAL SCALE; no selected-county numeric projection adopted,high-uncertainty scenario mechanism that may alter housing and settlement demand; not a population-growth assumption,S11C-A2050-01,S11C-BASELINE-11A;S11C-POP-PROJ-TABLES;S11C-CLIMATE,moderate,fictional,scenario,qualitative scenario delta over accepted 2026 baseline,false,"County geography is a statistical/cartographic frame, not a jurisdiction or utility service territory. Population ≠ household ≠ housing unit ≠ worker ≠ job ≠ commuter; this row carries no numeric future value. No vulnerability/EJ score or protected-class ranking is represented."
PFS-A2050-39051,A2050,Connected Reconcentration,2050,POP-ZONE-39051,"Fulton County, OH",county,county_population_zone,"CURRENT FACT (2026 baseline): Fulton County, OH is represented as a Census county-scale population-zone node with a generalized settlement context; no future value is implied.",relative reconcentration toward existing anchors and connected secondary centers,hub-and-secondary-center pattern with stronger connected urban and town interfaces,"infill, reuse, and mixed housing forms receive stronger planning attention near anchors",employment remains concentrated at existing nodes while selected secondary centers gain linked functions,commuting interfaces become more anchor-connected; commuting is not migration and no individual path is modeled,"water, wastewater, energy, transport, housing, and hazard planning follows connected service interfaces without exact territory assignment",OFFICIAL PROJECTION CONTEXT AVAILABLE AT NATIONAL SCALE; no selected-county numeric projection adopted,high-uncertainty scenario mechanism that may alter housing and settlement demand; not a population-growth assumption,S11C-A2050-01,S11C-BASELINE-11A;S11C-POP-PROJ-TABLES;S11C-CLIMATE,moderate,fictional,scenario,qualitative scenario delta over accepted 2026 baseline,false,"County geography is a statistical/cartographic frame, not a jurisdiction or utility service territory. Population ≠ household ≠ housing unit ≠ worker ≠ job ≠ commuter; this row carries no numeric future value. No vulnerability/EJ score or protected-class ranking is represented."
PFS-A2050-39063,A2050,Connected Reconcentration,2050,POP-ZONE-39063,"Hancock County, OH",county,county_population_zone,"CURRENT FACT (2026 baseline): Hancock County, OH is represented as a Census county-scale population-zone node with a generalized settlement context; no future value is implied.",relative reconcentration toward existing anchors and connected secondary centers,hub-and-secondary-center pattern with stronger connected urban and town interfaces,"infill, reuse, and mixed housing forms receive stronger planning attention near anchors",employment remains concentrated at existing nodes while selected secondary centers gain linked functions,commuting interfaces become more anchor-connected; commuting is not migration and no individual path is modeled,"water, wastewater, energy, transport, housing, and hazard planning follows connected service interfaces without exact territory assignment",OFFICIAL PROJECTION CONTEXT AVAILABLE AT NATIONAL SCALE; no selected-county numeric projection adopted,high-uncertainty scenario mechanism that may alter housing and settlement demand; not a population-growth assumption,S11C-A2050-01,S11C-BASELINE-11A;S11C-POP-PROJ-TABLES;S11C-CLIMATE,moderate,fictional,scenario,qualitative scenario delta over accepted 2026 baseline,false,"County geography is a statistical/cartographic frame, not a jurisdiction or utility service territory. Population ≠ household ≠ housing unit ≠ worker ≠ job ≠ commuter; this row carries no numeric future value. No vulnerability/EJ score or protected-class ranking is represented."
PFS-A2050-39069,A2050,Connected Reconcentration,2050,POP-ZONE-39069,"Henry County, OH",county,county_population_zone,"CURRENT FACT (2026 baseline): Henry County, OH is represented as a Census county-scale population-zone node with a generalized settlement context; no future value is implied.",relative reconcentration toward existing anchors and connected secondary centers,hub-and-secondary-center pattern with stronger connected urban and town interfaces,"infill, reuse, and mixed housing forms receive stronger planning attention near anchors",employment remains concentrated at existing nodes while selected secondary centers gain linked functions,commuting interfaces become more anchor-connected; commuting is not migration and no individual path is modeled,"water, wastewater, energy, transport, housing, and hazard planning follows connected service interfaces without exact territory assignment",OFFICIAL PROJECTION CONTEXT AVAILABLE AT NATIONAL SCALE; no selected-county numeric projection adopted,high-uncertainty scenario mechanism that may alter housing and settlement demand; not a population-growth assumption,S11C-A2050-01,S11C-BASELINE-11A;S11C-POP-PROJ-TABLES;S11C-CLIMATE,moderate,fictional,scenario,qualitative scenario delta over accepted 2026 baseline,false,"County geography is a statistical/cartographic frame, not a jurisdiction or utility service territory. Population ≠ household ≠ housing unit ≠ worker ≠ job ≠ commuter; this row carries no numeric future value. No vulnerability/EJ score or protected-class ranking is represented."
PFS-A2050-39095,A2050,Connected Reconcentration,2050,POP-ZONE-39095,"Lucas County, OH",county,county_population_zone,"CURRENT FACT (2026 baseline): Lucas County, OH is represented as a Census county-scale population-zone node with a generalized settlement context; no future value is implied.",relative reconcentration toward existing anchors and connected secondary centers,hub-and-secondary-center pattern with stronger connected urban and town interfaces,"infill, reuse, and mixed housing forms receive stronger planning attention near anchors",employment remains concentrated at existing nodes while selected secondary centers gain linked functions,commuting interfaces become more anchor-connected; commuting is not migration and no individual path is modeled,"water, wastewater, energy, transport, housing, and hazard planning follows connected service interfaces without exact territory assignment",OFFICIAL PROJECTION CONTEXT AVAILABLE AT NATIONAL SCALE; no selected-county numeric projection adopted,high-uncertainty scenario mechanism that may alter housing and settlement demand; not a population-growth assumption,S11C-A2050-01,S11C-BASELINE-11A;S11C-POP-PROJ-TABLES;S11C-CLIMATE,moderate,fictional,scenario,qualitative scenario delta over accepted 2026 baseline,false,"County geography is a statistical/cartographic frame, not a jurisdiction or utility service territory. Population ≠ household ≠ housing unit ≠ worker ≠ job ≠ commuter; this row carries no numeric future value. No vulnerability/EJ score or protected-class ranking is represented."
PFS-A2050-39123,A2050,Connected Reconcentration,2050,POP-ZONE-39123,"Ottawa County, OH",county,county_population_zone,"CURRENT FACT (2026 baseline): Ottawa County, OH is represented as a Census county-scale population-zone node with a generalized settlement context; no future value is implied.",relative reconcentration toward existing anchors and connected secondary centers,hub-and-secondary-center pattern with stronger connected urban and town interfaces,"infill, reuse, and mixed housing forms receive stronger planning attention near anchors",employment remains concentrated at existing nodes while selected secondary centers gain linked functions,commuting interfaces become more anchor-connected; commuting is not migration and no individual path is modeled,"water, wastewater, energy, transport, housing, and hazard planning follows connected service interfaces without exact territory assignment",OFFICIAL PROJECTION CONTEXT AVAILABLE AT NATIONAL SCALE; no selected-county numeric projection adopted,high-uncertainty scenario mechanism that may alter housing and settlement demand; not a population-growth assumption,S11C-A2050-01,S11C-BASELINE-11A;S11C-POP-PROJ-TABLES;S11C-CLIMATE,moderate,fictional,scenario,qualitative scenario delta over accepted 2026 baseline,false,"County geography is a statistical/cartographic frame, not a jurisdiction or utility service territory. Population ≠ household ≠ housing unit ≠ worker ≠ job ≠ commuter; this row carries no numeric future value. No vulnerability/EJ score or protected-class ranking is represented."
PFS-A2050-39125,A2050,Connected Reconcentration,2050,POP-ZONE-39125,"Paulding County, OH",county,county_population_zone,"CURRENT FACT (2026 baseline): Paulding County, OH is represented as a Census county-scale population-zone node with a generalized settlement context; no future value is implied.",relative reconcentration toward existing anchors and connected secondary centers,hub-and-secondary-center pattern with stronger connected urban and town interfaces,"infill, reuse, and mixed housing forms receive stronger planning attention near anchors",employment remains concentrated at existing nodes while selected secondary centers gain linked functions,commuting interfaces become more anchor-connected; commuting is not migration and no individual path is modeled,"water, wastewater, energy, transport, housing, and hazard planning follows connected service interfaces without exact territory assignment",OFFICIAL PROJECTION CONTEXT AVAILABLE AT NATIONAL SCALE; no selected-county numeric projection adopted,high-uncertainty scenario mechanism that may alter housing and settlement demand; not a population-growth assumption,S11C-A2050-01,S11C-BASELINE-11A;S11C-POP-PROJ-TABLES;S11C-CLIMATE,moderate,fictional,scenario,qualitative scenario delta over accepted 2026 baseline,false,"County geography is a statistical/cartographic frame, not a jurisdiction or utility service territory. Population ≠ household ≠ housing unit ≠ worker ≠ job ≠ commuter; this row carries no numeric future value. No vulnerability/EJ score or protected-class ranking is represented."
PFS-A2050-39137,A2050,Connected Reconcentration,2050,POP-ZONE-39137,"Putnam County, OH",county,county_population_zone,"CURRENT FACT (2026 baseline): Putnam County, OH is represented as a Census county-scale population-zone node with a generalized settlement context; no future value is implied.",relative reconcentration toward existing anchors and connected secondary centers,hub-and-secondary-center pattern with stronger connected urban and town interfaces,"infill, reuse, and mixed housing forms receive stronger planning attention near anchors",employment remains concentrated at existing nodes while selected secondary centers gain linked functions,commuting interfaces become more anchor-connected; commuting is not migration and no individual path is modeled,"water, wastewater, energy, transport, housing, and hazard planning follows connected service interfaces without exact territory assignment",OFFICIAL PROJECTION CONTEXT AVAILABLE AT NATIONAL SCALE; no selected-county numeric projection adopted,high-uncertainty scenario mechanism that may alter housing and settlement demand; not a population-growth assumption,S11C-A2050-01,S11C-BASELINE-11A;S11C-POP-PROJ-TABLES;S11C-CLIMATE,moderate,fictional,scenario,qualitative scenario delta over accepted 2026 baseline,false,"County geography is a statistical/cartographic frame, not a jurisdiction or utility service territory. Population ≠ household ≠ housing unit ≠ worker ≠ job ≠ commuter; this row carries no numeric future value. No vulnerability/EJ score or protected-class ranking is represented."
PFS-A2050-39143,A2050,Connected Reconcentration,2050,POP-ZONE-39143,"Sandusky County, OH",county,county_population_zone,"CURRENT FACT (2026 baseline): Sandusky County, OH is represented as a Census county-scale population-zone node with a generalized settlement context; no future value is implied.",relative reconcentration toward existing anchors and connected secondary centers,hub-and-secondary-center pattern with stronger connected urban and town interfaces,"infill, reuse, and mixed housing forms receive stronger planning attention near anchors",employment remains concentrated at existing nodes while selected secondary centers gain linked functions,commuting interfaces become more anchor-connected; commuting is not migration and no individual path is modeled,"water, wastewater, energy, transport, housing, and hazard planning follows connected service interfaces without exact territory assignment",OFFICIAL PROJECTION CONTEXT AVAILABLE AT NATIONAL SCALE; no selected-county numeric projection adopted,high-uncertainty scenario mechanism that may alter housing and settlement demand; not a population-growth assumption,S11C-A2050-01,S11C-BASELINE-11A;S11C-POP-PROJ-TABLES;S11C-CLIMATE,moderate,fictional,scenario,qualitative scenario delta over accepted 2026 baseline,false,"County geography is a statistical/cartographic frame, not a jurisdiction or utility service territory. Population ≠ household ≠ housing unit ≠ worker ≠ job ≠ commuter; this row carries no numeric future value. No vulnerability/EJ score or protected-class ranking is represented."
PFS-A2050-39147,A2050,Connected Reconcentration,2050,POP-ZONE-39147,"Seneca County, OH",county,county_population_zone,"CURRENT FACT (2026 baseline): Seneca County, OH is represented as a Census county-scale population-zone node with a generalized settlement context; no future value is implied.",relative reconcentration toward existing anchors and connected secondary centers,hub-and-secondary-center pattern with stronger connected urban and town interfaces,"infill, reuse, and mixed housing forms receive stronger planning attention near anchors",employment remains concentrated at existing nodes while selected secondary centers gain linked functions,commuting interfaces become more anchor-connected; commuting is not migration and no individual path is modeled,"water, wastewater, energy, transport, housing, and hazard planning follows connected service interfaces without exact territory assignment",OFFICIAL PROJECTION CONTEXT AVAILABLE AT NATIONAL SCALE; no selected-county numeric projection adopted,high-uncertainty scenario mechanism that may alter housing and settlement demand; not a population-growth assumption,S11C-A2050-01,S11C-BASELINE-11A;S11C-POP-PROJ-TABLES;S11C-CLIMATE,moderate,fictional,scenario,qualitative scenario delta over accepted 2026 baseline,false,"County geography is a statistical/cartographic frame, not a jurisdiction or utility service territory. Population ≠ household ≠ housing unit ≠ worker ≠ job ≠ commuter; this row carries no numeric future value. No vulnerability/EJ score or protected-class ranking is represented."
PFS-A2050-39161,A2050,Connected Reconcentration,2050,POP-ZONE-39161,"Van Wert County, OH",county,county_population_zone,"CURRENT FACT (2026 baseline): Van Wert County, OH is represented as a Census county-scale population-zone node with a generalized settlement context; no future value is implied.",relative reconcentration toward existing anchors and connected secondary centers,hub-and-secondary-center pattern with stronger connected urban and town interfaces,"infill, reuse, and mixed housing forms receive stronger planning attention near anchors",employment remains concentrated at existing nodes while selected secondary centers gain linked functions,commuting interfaces become more anchor-connected; commuting is not migration and no individual path is modeled,"water, wastewater, energy, transport, housing, and hazard planning follows connected service interfaces without exact territory assignment",OFFICIAL PROJECTION CONTEXT AVAILABLE AT NATIONAL SCALE; no selected-county numeric projection adopted,high-uncertainty scenario mechanism that may alter housing and settlement demand; not a population-growth assumption,S11C-A2050-01,S11C-BASELINE-11A;S11C-POP-PROJ-TABLES;S11C-CLIMATE,moderate,fictional,scenario,qualitative scenario delta over accepted 2026 baseline,false,"County geography is a statistical/cartographic frame, not a jurisdiction or utility service territory. Population ≠ household ≠ housing unit ≠ worker ≠ job ≠ commuter; this row carries no numeric future value. No vulnerability/EJ score or protected-class ranking is represented."
PFS-A2050-39171,A2050,Connected Reconcentration,2050,POP-ZONE-39171,"Williams County, OH",county,county_population_zone,"CURRENT FACT (2026 baseline): Williams County, OH is represented as a Census county-scale population-zone node with a generalized settlement context; no future value is implied.",relative reconcentration toward existing anchors and connected secondary centers,hub-and-secondary-center pattern with stronger connected urban and town interfaces,"infill, reuse, and mixed housing forms receive stronger planning attention near anchors",employment remains concentrated at existing nodes while selected secondary centers gain linked functions,commuting interfaces become more anchor-connected; commuting is not migration and no individual path is modeled,"water, wastewater, energy, transport, housing, and hazard planning follows connected service interfaces without exact territory assignment",OFFICIAL PROJECTION CONTEXT AVAILABLE AT NATIONAL SCALE; no selected-county numeric projection adopted,high-uncertainty scenario mechanism that may alter housing and settlement demand; not a population-growth assumption,S11C-A2050-01,S11C-BASELINE-11A;S11C-POP-PROJ-TABLES;S11C-CLIMATE,moderate,fictional,scenario,qualitative scenario delta over accepted 2026 baseline,false,"County geography is a statistical/cartographic frame, not a jurisdiction or utility service territory. Population ≠ household ≠ housing unit ≠ worker ≠ job ≠ commuter; this row carries no numeric future value. No vulnerability/EJ score or protected-class ranking is represented."
PFS-A2050-39173,A2050,Connected Reconcentration,2050,POP-ZONE-39173,"Wood County, OH",county,county_population_zone,"CURRENT FACT (2026 baseline): Wood County, OH is represented as a Census county-scale population-zone node with a generalized settlement context; no future value is implied.",relative reconcentration toward existing anchors and connected secondary centers,hub-and-secondary-center pattern with stronger connected urban and town interfaces,"infill, reuse, and mixed housing forms receive stronger planning attention near anchors",employment remains concentrated at existing nodes while selected secondary centers gain linked functions,commuting interfaces become more anchor-connected; commuting is not migration and no individual path is modeled,"water, wastewater, energy, transport, housing, and hazard planning follows connected service interfaces without exact territory assignment",OFFICIAL PROJECTION CONTEXT AVAILABLE AT NATIONAL SCALE; no selected-county numeric projection adopted,high-uncertainty scenario mechanism that may alter housing and settlement demand; not a population-growth assumption,S11C-A2050-01,S11C-BASELINE-11A;S11C-POP-PROJ-TABLES;S11C-CLIMATE,moderate,fictional,scenario,qualitative scenario delta over accepted 2026 baseline,false,"County geography is a statistical/cartographic frame, not a jurisdiction or utility service territory. Population ≠ household ≠ housing unit ≠ worker ≠ job ≠ commuter; this row carries no numeric future value. No vulnerability/EJ score or protected-class ranking is represented."
PFS-A2050-26091,A2050,Connected Reconcentration,2050,POP-ZONE-26091,"Lenawee County, MI",county,county_population_zone,"CURRENT FACT (2026 baseline): Lenawee County, MI is represented as a Census county-scale population-zone node with a generalized settlement context; no future value is implied.",relative reconcentration toward existing anchors and connected secondary centers,hub-and-secondary-center pattern with stronger connected urban and town interfaces,"infill, reuse, and mixed housing forms receive stronger planning attention near anchors",employment remains concentrated at existing nodes while selected secondary centers gain linked functions,commuting interfaces become more anchor-connected; commuting is not migration and no individual path is modeled,"water, wastewater, energy, transport, housing, and hazard planning follows connected service interfaces without exact territory assignment",OFFICIAL PROJECTION CONTEXT AVAILABLE AT NATIONAL SCALE; no selected-county numeric projection adopted,high-uncertainty scenario mechanism that may alter housing and settlement demand; not a population-growth assumption,S11C-A2050-01,S11C-BASELINE-11A;S11C-POP-PROJ-TABLES;S11C-CLIMATE,moderate,fictional,scenario,qualitative scenario delta over accepted 2026 baseline,false,"County geography is a statistical/cartographic frame, not a jurisdiction or utility service territory. Population ≠ household ≠ housing unit ≠ worker ≠ job ≠ commuter; this row carries no numeric future value. No vulnerability/EJ score or protected-class ranking is represented."
PFS-A2050-26115,A2050,Connected Reconcentration,2050,POP-ZONE-26115,"Monroe County, MI",county,county_population_zone,"CURRENT FACT (2026 baseline): Monroe County, MI is represented as a Census county-scale population-zone node with a generalized settlement context; no future value is implied.",relative reconcentration toward existing anchors and connected secondary centers,hub-and-secondary-center pattern with stronger connected urban and town interfaces,"infill, reuse, and mixed housing forms receive stronger planning attention near anchors",employment remains concentrated at existing nodes while selected secondary centers gain linked functions,commuting interfaces become more anchor-connected; commuting is not migration and no individual path is modeled,"water, wastewater, energy, transport, housing, and hazard planning follows connected service interfaces without exact territory assignment",OFFICIAL PROJECTION CONTEXT AVAILABLE AT NATIONAL SCALE; no selected-county numeric projection adopted,high-uncertainty scenario mechanism that may alter housing and settlement demand; not a population-growth assumption,S11C-A2050-01,S11C-BASELINE-11A;S11C-POP-PROJ-TABLES;S11C-CLIMATE,moderate,fictional,scenario,qualitative scenario delta over accepted 2026 baseline,false,"County geography is a statistical/cartographic frame, not a jurisdiction or utility service territory. Population ≠ household ≠ housing unit ≠ worker ≠ job ≠ commuter; this row carries no numeric future value. No vulnerability/EJ score or protected-class ranking is represented."
PFS-A2050-18003,A2050,Connected Reconcentration,2050,POP-ZONE-18003,"Allen County, IN",county,county_population_zone,"CURRENT FACT (2026 baseline): Allen County, IN is represented as a Census county-scale population-zone node with a generalized settlement context; no future value is implied.",relative reconcentration toward existing anchors and connected secondary centers,hub-and-secondary-center pattern with stronger connected urban and town interfaces,"infill, reuse, and mixed housing forms receive stronger planning attention near anchors",employment remains concentrated at existing nodes while selected secondary centers gain linked functions,commuting interfaces become more anchor-connected; commuting is not migration and no individual path is modeled,"water, wastewater, energy, transport, housing, and hazard planning follows connected service interfaces without exact territory assignment",OFFICIAL PROJECTION CONTEXT AVAILABLE AT NATIONAL SCALE; no selected-county numeric projection adopted,high-uncertainty scenario mechanism that may alter housing and settlement demand; not a population-growth assumption,S11C-A2050-01,S11C-BASELINE-11A;S11C-POP-PROJ-TABLES;S11C-CLIMATE,moderate,fictional,scenario,qualitative scenario delta over accepted 2026 baseline,false,"County geography is a statistical/cartographic frame, not a jurisdiction or utility service territory. Population ≠ household ≠ housing unit ≠ worker ≠ job ≠ commuter; this row carries no numeric future value. No vulnerability/EJ score or protected-class ranking is represented."
PFS-A2050-18033,A2050,Connected Reconcentration,2050,POP-ZONE-18033,"DeKalb County, IN",county,county_population_zone,"CURRENT FACT (2026 baseline): DeKalb County, IN is represented as a Census county-scale population-zone node with a generalized settlement context; no future value is implied.",relative reconcentration toward existing anchors and connected secondary centers,hub-and-secondary-center pattern with stronger connected urban and town interfaces,"infill, reuse, and mixed housing forms receive stronger planning attention near anchors",employment remains concentrated at existing nodes while selected secondary centers gain linked functions,commuting interfaces become more anchor-connected; commuting is not migration and no individual path is modeled,"water, wastewater, energy, transport, housing, and hazard planning follows connected service interfaces without exact territory assignment",OFFICIAL PROJECTION CONTEXT AVAILABLE AT NATIONAL SCALE; no selected-county numeric projection adopted,high-uncertainty scenario mechanism that may alter housing and settlement demand; not a population-growth assumption,S11C-A2050-01,S11C-BASELINE-11A;S11C-POP-PROJ-TABLES;S11C-CLIMATE,moderate,fictional,scenario,qualitative scenario delta over accepted 2026 baseline,false,"County geography is a statistical/cartographic frame, not a jurisdiction or utility service territory. Population ≠ household ≠ housing unit ≠ worker ≠ job ≠ commuter; this row carries no numeric future value. No vulnerability/EJ score or protected-class ranking is represented."
PFS-A2050-18151,A2050,Connected Reconcentration,2050,POP-ZONE-18151,"Steuben County, IN",county,county_population_zone,"CURRENT FACT (2026 baseline): Steuben County, IN is represented as a Census county-scale population-zone node with a generalized settlement context; no future value is implied.",relative reconcentration toward existing anchors and connected secondary centers,hub-and-secondary-center pattern with stronger connected urban and town interfaces,"infill, reuse, and mixed housing forms receive stronger planning attention near anchors",employment remains concentrated at existing nodes while selected secondary centers gain linked functions,commuting interfaces become more anchor-connected; commuting is not migration and no individual path is modeled,"water, wastewater, energy, transport, housing, and hazard planning follows connected service interfaces without exact territory assignment",OFFICIAL PROJECTION CONTEXT AVAILABLE AT NATIONAL SCALE; no selected-county numeric projection adopted,high-uncertainty scenario mechanism that may alter housing and settlement demand; not a population-growth assumption,S11C-A2050-01,S11C-BASELINE-11A;S11C-POP-PROJ-TABLES;S11C-CLIMATE,moderate,fictional,scenario,qualitative scenario delta over accepted 2026 baseline,false,"County geography is a statistical/cartographic frame, not a jurisdiction or utility service territory. Population ≠ household ≠ housing unit ≠ worker ≠ job ≠ commuter; this row carries no numeric future value. No vulnerability/EJ score or protected-class ranking is represented."
PFS-A2075-39039,A2075,Connected Reconcentration,2075,POP-ZONE-39039,"Defiance County, OH",county,county_population_zone,"CURRENT FACT (2026 baseline): Defiance County, OH is represented as a Census county-scale population-zone node with a generalized settlement context; no future value is implied.",mature connected reconcentration with selected infill and secondary-center continuity,"connected hub network with durable infill, reuse, and linked smaller centers",infill and reuse are established alongside selected new housing at connected secondary centers,"employment anchors and linked secondary centers form a connected, nonuniform geography",commuting and service interfaces are mature across connected centers; commuting remains distinct from migration,selected service investments follow the connected network while operator and territory boundaries remain unknown,EXPLICIT SCENARIO HORIZON; no official local 2075 projection and no mechanical extrapolation,"higher-uncertainty long-horizon scenario mechanism; not a migration count, causal claim, or population-growth assumption",S11C-A2075-01,S11C-BASELINE-11A;S11C-POP-PROJ-TABLES;S11C-CLIMATE,moderate,fictional,scenario,qualitative scenario delta over accepted 2026 baseline,false,"County geography is a statistical/cartographic frame, not a jurisdiction or utility service territory. Population ≠ household ≠ housing unit ≠ worker ≠ job ≠ commuter; this row carries no numeric future value. No vulnerability/EJ score or protected-class ranking is represented."
PFS-A2075-39051,A2075,Connected Reconcentration,2075,POP-ZONE-39051,"Fulton County, OH",county,county_population_zone,"CURRENT FACT (2026 baseline): Fulton County, OH is represented as a Census county-scale population-zone node with a generalized settlement context; no future value is implied.",mature connected reconcentration with selected infill and secondary-center continuity,"connected hub network with durable infill, reuse, and linked smaller centers",infill and reuse are established alongside selected new housing at connected secondary centers,"employment anchors and linked secondary centers form a connected, nonuniform geography",commuting and service interfaces are mature across connected centers; commuting remains distinct from migration,selected service investments follow the connected network while operator and territory boundaries remain unknown,EXPLICIT SCENARIO HORIZON; no official local 2075 projection and no mechanical extrapolation,"higher-uncertainty long-horizon scenario mechanism; not a migration count, causal claim, or population-growth assumption",S11C-A2075-01,S11C-BASELINE-11A;S11C-POP-PROJ-TABLES;S11C-CLIMATE,moderate,fictional,scenario,qualitative scenario delta over accepted 2026 baseline,false,"County geography is a statistical/cartographic frame, not a jurisdiction or utility service territory. Population ≠ household ≠ housing unit ≠ worker ≠ job ≠ commuter; this row carries no numeric future value. No vulnerability/EJ score or protected-class ranking is represented."
PFS-A2075-39063,A2075,Connected Reconcentration,2075,POP-ZONE-39063,"Hancock County, OH",county,county_population_zone,"CURRENT FACT (2026 baseline): Hancock County, OH is represented as a Census county-scale population-zone node with a generalized settlement context; no future value is implied.",mature connected reconcentration with selected infill and secondary-center continuity,"connected hub network with durable infill, reuse, and linked smaller centers",infill and reuse are established alongside selected new housing at connected secondary centers,"employment anchors and linked secondary centers form a connected, nonuniform geography",commuting and service interfaces are mature across connected centers; commuting remains distinct from migration,selected service investments follow the connected network while operator and territory boundaries remain unknown,EXPLICIT SCENARIO HORIZON; no official local 2075 projection and no mechanical extrapolation,"higher-uncertainty long-horizon scenario mechanism; not a migration count, causal claim, or population-growth assumption",S11C-A2075-01,S11C-BASELINE-11A;S11C-POP-PROJ-TABLES;S11C-CLIMATE,moderate,fictional,scenario,qualitative scenario delta over accepted 2026 baseline,false,"County geography is a statistical/cartographic frame, not a jurisdiction or utility service territory. Population ≠ household ≠ housing unit ≠ worker ≠ job ≠ commuter; this row carries no numeric future value. No vulnerability/EJ score or protected-class ranking is represented."
PFS-A2075-39069,A2075,Connected Reconcentration,2075,POP-ZONE-39069,"Henry County, OH",county,county_population_zone,"CURRENT FACT (2026 baseline): Henry County, OH is represented as a Census county-scale population-zone node with a generalized settlement context; no future value is implied.",mature connected reconcentration with selected infill and secondary-center continuity,"connected hub network with durable infill, reuse, and linked smaller centers",infill and reuse are established alongside selected new housing at connected secondary centers,"employment anchors and linked secondary centers form a connected, nonuniform geography",commuting and service interfaces are mature across connected centers; commuting remains distinct from migration,selected service investments follow the connected network while operator and territory boundaries remain unknown,EXPLICIT SCENARIO HORIZON; no official local 2075 projection and no mechanical extrapolation,"higher-uncertainty long-horizon scenario mechanism; not a migration count, causal claim, or population-growth assumption",S11C-A2075-01,S11C-BASELINE-11A;S11C-POP-PROJ-TABLES;S11C-CLIMATE,moderate,fictional,scenario,qualitative scenario delta over accepted 2026 baseline,false,"County geography is a statistical/cartographic frame, not a jurisdiction or utility service territory. Population ≠ household ≠ housing unit ≠ worker ≠ job ≠ commuter; this row carries no numeric future value. No vulnerability/EJ score or protected-class ranking is represented."
PFS-A2075-39095,A2075,Connected Reconcentration,2075,POP-ZONE-39095,"Lucas County, OH",county,county_population_zone,"CURRENT FACT (2026 baseline): Lucas County, OH is represented as a Census county-scale population-zone node with a generalized settlement context; no future value is implied.",mature connected reconcentration with selected infill and secondary-center continuity,"connected hub network with durable infill, reuse, and linked smaller centers",infill and reuse are established alongside selected new housing at connected secondary centers,"employment anchors and linked secondary centers form a connected, nonuniform geography",commuting and service interfaces are mature across connected centers; commuting remains distinct from migration,selected service investments follow the connected network while operator and territory boundaries remain unknown,EXPLICIT SCENARIO HORIZON; no official local 2075 projection and no mechanical extrapolation,"higher-uncertainty long-horizon scenario mechanism; not a migration count, causal claim, or population-growth assumption",S11C-A2075-01,S11C-BASELINE-11A;S11C-POP-PROJ-TABLES;S11C-CLIMATE,moderate,fictional,scenario,qualitative scenario delta over accepted 2026 baseline,false,"County geography is a statistical/cartographic frame, not a jurisdiction or utility service territory. Population ≠ household ≠ housing unit ≠ worker ≠ job ≠ commuter; this row carries no numeric future value. No vulnerability/EJ score or protected-class ranking is represented."
PFS-A2075-39123,A2075,Connected Reconcentration,2075,POP-ZONE-39123,"Ottawa County, OH",county,county_population_zone,"CURRENT FACT (2026 baseline): Ottawa County, OH is represented as a Census county-scale population-zone node with a generalized settlement context; no future value is implied.",mature connected reconcentration with selected infill and secondary-center continuity,"connected hub network with durable infill, reuse, and linked smaller centers",infill and reuse are established alongside selected new housing at connected secondary centers,"employment anchors and linked secondary centers form a connected, nonuniform geography",commuting and service interfaces are mature across connected centers; commuting remains distinct from migration,selected service investments follow the connected network while operator and territory boundaries remain unknown,EXPLICIT SCENARIO HORIZON; no official local 2075 projection and no mechanical extrapolation,"higher-uncertainty long-horizon scenario mechanism; not a migration count, causal claim, or population-growth assumption",S11C-A2075-01,S11C-BASELINE-11A;S11C-POP-PROJ-TABLES;S11C-CLIMATE,moderate,fictional,scenario,qualitative scenario delta over accepted 2026 baseline,false,"County geography is a statistical/cartographic frame, not a jurisdiction or utility service territory. Population ≠ household ≠ housing unit ≠ worker ≠ job ≠ commuter; this row carries no numeric future value. No vulnerability/EJ score or protected-class ranking is represented."
PFS-A2075-39125,A2075,Connected Reconcentration,2075,POP-ZONE-39125,"Paulding County, OH",county,county_population_zone,"CURRENT FACT (2026 baseline): Paulding County, OH is represented as a Census county-scale population-zone node with a generalized settlement context; no future value is implied.",mature connected reconcentration with selected infill and secondary-center continuity,"connected hub network with durable infill, reuse, and linked smaller centers",infill and reuse are established alongside selected new housing at connected secondary centers,"employment anchors and linked secondary centers form a connected, nonuniform geography",commuting and service interfaces are mature across connected centers; commuting remains distinct from migration,selected service investments follow the connected network while operator and territory boundaries remain unknown,EXPLICIT SCENARIO HORIZON; no official local 2075 projection and no mechanical extrapolation,"higher-uncertainty long-horizon scenario mechanism; not a migration count, causal claim, or population-growth assumption",S11C-A2075-01,S11C-BASELINE-11A;S11C-POP-PROJ-TABLES;S11C-CLIMATE,moderate,fictional,scenario,qualitative scenario delta over accepted 2026 baseline,false,"County geography is a statistical/cartographic frame, not a jurisdiction or utility service territory. Population ≠ household ≠ housing unit ≠ worker ≠ job ≠ commuter; this row carries no numeric future value. No vulnerability/EJ score or protected-class ranking is represented."
PFS-A2075-39137,A2075,Connected Reconcentration,2075,POP-ZONE-39137,"Putnam County, OH",county,county_population_zone,"CURRENT FACT (2026 baseline): Putnam County, OH is represented as a Census county-scale population-zone node with a generalized settlement context; no future value is implied.",mature connected reconcentration with selected infill and secondary-center continuity,"connected hub network with durable infill, reuse, and linked smaller centers",infill and reuse are established alongside selected new housing at connected secondary centers,"employment anchors and linked secondary centers form a connected, nonuniform geography",commuting and service interfaces are mature across connected centers; commuting remains distinct from migration,selected service investments follow the connected network while operator and territory boundaries remain unknown,EXPLICIT SCENARIO HORIZON; no official local 2075 projection and no mechanical extrapolation,"higher-uncertainty long-horizon scenario mechanism; not a migration count, causal claim, or population-growth assumption",S11C-A2075-01,S11C-BASELINE-11A;S11C-POP-PROJ-TABLES;S11C-CLIMATE,moderate,fictional,scenario,qualitative scenario delta over accepted 2026 baseline,false,"County geography is a statistical/cartographic frame, not a jurisdiction or utility service territory. Population ≠ household ≠ housing unit ≠ worker ≠ job ≠ commuter; this row carries no numeric future value. No vulnerability/EJ score or protected-class ranking is represented."
PFS-A2075-39143,A2075,Connected Reconcentration,2075,POP-ZONE-39143,"Sandusky County, OH",county,county_population_zone,"CURRENT FACT (2026 baseline): Sandusky County, OH is represented as a Census county-scale population-zone node with a generalized settlement context; no future value is implied.",mature connected reconcentration with selected infill and secondary-center continuity,"connected hub network with durable infill, reuse, and linked smaller centers",infill and reuse are established alongside selected new housing at connected secondary centers,"employment anchors and linked secondary centers form a connected, nonuniform geography",commuting and service interfaces are mature across connected centers; commuting remains distinct from migration,selected service investments follow the connected network while operator and territory boundaries remain unknown,EXPLICIT SCENARIO HORIZON; no official local 2075 projection and no mechanical extrapolation,"higher-uncertainty long-horizon scenario mechanism; not a migration count, causal claim, or population-growth assumption",S11C-A2075-01,S11C-BASELINE-11A;S11C-POP-PROJ-TABLES;S11C-CLIMATE,moderate,fictional,scenario,qualitative scenario delta over accepted 2026 baseline,false,"County geography is a statistical/cartographic frame, not a jurisdiction or utility service territory. Population ≠ household ≠ housing unit ≠ worker ≠ job ≠ commuter; this row carries no numeric future value. No vulnerability/EJ score or protected-class ranking is represented."
PFS-A2075-39147,A2075,Connected Reconcentration,2075,POP-ZONE-39147,"Seneca County, OH",county,county_population_zone,"CURRENT FACT (2026 baseline): Seneca County, OH is represented as a Census county-scale population-zone node with a generalized settlement context; no future value is implied.",mature connected reconcentration with selected infill and secondary-center continuity,"connected hub network with durable infill, reuse, and linked smaller centers",infill and reuse are established alongside selected new housing at connected secondary centers,"employment anchors and linked secondary centers form a connected, nonuniform geography",commuting and service interfaces are mature across connected centers; commuting remains distinct from migration,selected service investments follow the connected network while operator and territory boundaries remain unknown,EXPLICIT SCENARIO HORIZON; no official local 2075 projection and no mechanical extrapolation,"higher-uncertainty long-horizon scenario mechanism; not a migration count, causal claim, or population-growth assumption",S11C-A2075-01,S11C-BASELINE-11A;S11C-POP-PROJ-TABLES;S11C-CLIMATE,moderate,fictional,scenario,qualitative scenario delta over accepted 2026 baseline,false,"County geography is a statistical/cartographic frame, not a jurisdiction or utility service territory. Population ≠ household ≠ housing unit ≠ worker ≠ job ≠ commuter; this row carries no numeric future value. No vulnerability/EJ score or protected-class ranking is represented."
PFS-A2075-39161,A2075,Connected Reconcentration,2075,POP-ZONE-39161,"Van Wert County, OH",county,county_population_zone,"CURRENT FACT (2026 baseline): Van Wert County, OH is represented as a Census county-scale population-zone node with a generalized settlement context; no future value is implied.",mature connected reconcentration with selected infill and secondary-center continuity,"connected hub network with durable infill, reuse, and linked smaller centers",infill and reuse are established alongside selected new housing at connected secondary centers,"employment anchors and linked secondary centers form a connected, nonuniform geography",commuting and service interfaces are mature across connected centers; commuting remains distinct from migration,selected service investments follow the connected network while operator and territory boundaries remain unknown,EXPLICIT SCENARIO HORIZON; no official local 2075 projection and no mechanical extrapolation,"higher-uncertainty long-horizon scenario mechanism; not a migration count, causal claim, or population-growth assumption",S11C-A2075-01,S11C-BASELINE-11A;S11C-POP-PROJ-TABLES;S11C-CLIMATE,moderate,fictional,scenario,qualitative scenario delta over accepted 2026 baseline,false,"County geography is a statistical/cartographic frame, not a jurisdiction or utility service territory. Population ≠ household ≠ housing unit ≠ worker ≠ job ≠ commuter; this row carries no numeric future value. No vulnerability/EJ score or protected-class ranking is represented."
PFS-A2075-39171,A2075,Connected Reconcentration,2075,POP-ZONE-39171,"Williams County, OH",county,county_population_zone,"CURRENT FACT (2026 baseline): Williams County, OH is represented as a Census county-scale population-zone node with a generalized settlement context; no future value is implied.",mature connected reconcentration with selected infill and secondary-center continuity,"connected hub network with durable infill, reuse, and linked smaller centers",infill and reuse are established alongside selected new housing at connected secondary centers,"employment anchors and linked secondary centers form a connected, nonuniform geography",commuting and service interfaces are mature across connected centers; commuting remains distinct from migration,selected service investments follow the connected network while operator and territory boundaries remain unknown,EXPLICIT SCENARIO HORIZON; no official local 2075 projection and no mechanical extrapolation,"higher-uncertainty long-horizon scenario mechanism; not a migration count, causal claim, or population-growth assumption",S11C-A2075-01,S11C-BASELINE-11A;S11C-POP-PROJ-TABLES;S11C-CLIMATE,moderate,fictional,scenario,qualitative scenario delta over accepted 2026 baseline,false,"County geography is a statistical/cartographic frame, not a jurisdiction or utility service territory. Population ≠ household ≠ housing unit ≠ worker ≠ job ≠ commuter; this row carries no numeric future value. No vulnerability/EJ score or protected-class ranking is represented."
PFS-A2075-39173,A2075,Connected Reconcentration,2075,POP-ZONE-39173,"Wood County, OH",county,county_population_zone,"CURRENT FACT (2026 baseline): Wood County, OH is represented as a Census county-scale population-zone node with a generalized settlement context; no future value is implied.",mature connected reconcentration with selected infill and secondary-center continuity,"connected hub network with durable infill, reuse, and linked smaller centers",infill and reuse are established alongside selected new housing at connected secondary centers,"employment anchors and linked secondary centers form a connected, nonuniform geography",commuting and service interfaces are mature across connected centers; commuting remains distinct from migration,selected service investments follow the connected network while operator and territory boundaries remain unknown,EXPLICIT SCENARIO HORIZON; no official local 2075 projection and no mechanical extrapolation,"higher-uncertainty long-horizon scenario mechanism; not a migration count, causal claim, or population-growth assumption",S11C-A2075-01,S11C-BASELINE-11A;S11C-POP-PROJ-TABLES;S11C-CLIMATE,moderate,fictional,scenario,qualitative scenario delta over accepted 2026 baseline,false,"County geography is a statistical/cartographic frame, not a jurisdiction or utility service territory. Population ≠ household ≠ housing unit ≠ worker ≠ job ≠ commuter; this row carries no numeric future value. No vulnerability/EJ score or protected-class ranking is represented."
PFS-A2075-26091,A2075,Connected Reconcentration,2075,POP-ZONE-26091,"Lenawee County, MI",county,county_population_zone,"CURRENT FACT (2026 baseline): Lenawee County, MI is represented as a Census county-scale population-zone node with a generalized settlement context; no future value is implied.",mature connected reconcentration with selected infill and secondary-center continuity,"connected hub network with durable infill, reuse, and linked smaller centers",infill and reuse are established alongside selected new housing at connected secondary centers,"employment anchors and linked secondary centers form a connected, nonuniform geography",commuting and service interfaces are mature across connected centers; commuting remains distinct from migration,selected service investments follow the connected network while operator and territory boundaries remain unknown,EXPLICIT SCENARIO HORIZON; no official local 2075 projection and no mechanical extrapolation,"higher-uncertainty long-horizon scenario mechanism; not a migration count, causal claim, or population-growth assumption",S11C-A2075-01,S11C-BASELINE-11A;S11C-POP-PROJ-TABLES;S11C-CLIMATE,moderate,fictional,scenario,qualitative scenario delta over accepted 2026 baseline,false,"County geography is a statistical/cartographic frame, not a jurisdiction or utility service territory. Population ≠ household ≠ housing unit ≠ worker ≠ job ≠ commuter; this row carries no numeric future value. No vulnerability/EJ score or protected-class ranking is represented."
PFS-A2075-26115,A2075,Connected Reconcentration,2075,POP-ZONE-26115,"Monroe County, MI",county,county_population_zone,"CURRENT FACT (2026 baseline): Monroe County, MI is represented as a Census county-scale population-zone node with a generalized settlement context; no future value is implied.",mature connected reconcentration with selected infill and secondary-center continuity,"connected hub network with durable infill, reuse, and linked smaller centers",infill and reuse are established alongside selected new housing at connected secondary centers,"employment anchors and linked secondary centers form a connected, nonuniform geography",commuting and service interfaces are mature across connected centers; commuting remains distinct from migration,selected service investments follow the connected network while operator and territory boundaries remain unknown,EXPLICIT SCENARIO HORIZON; no official local 2075 projection and no mechanical extrapolation,"higher-uncertainty long-horizon scenario mechanism; not a migration count, causal claim, or population-growth assumption",S11C-A2075-01,S11C-BASELINE-11A;S11C-POP-PROJ-TABLES;S11C-CLIMATE,moderate,fictional,scenario,qualitative scenario delta over accepted 2026 baseline,false,"County geography is a statistical/cartographic frame, not a jurisdiction or utility service territory. Population ≠ household ≠ housing unit ≠ worker ≠ job ≠ commuter; this row carries no numeric future value. No vulnerability/EJ score or protected-class ranking is represented."
PFS-A2075-18003,A2075,Connected Reconcentration,2075,POP-ZONE-18003,"Allen County, IN",county,county_population_zone,"CURRENT FACT (2026 baseline): Allen County, IN is represented as a Census county-scale population-zone node with a generalized settlement context; no future value is implied.",mature connected reconcentration with selected infill and secondary-center continuity,"connected hub network with durable infill, reuse, and linked smaller centers",infill and reuse are established alongside selected new housing at connected secondary centers,"employment anchors and linked secondary centers form a connected, nonuniform geography",commuting and service interfaces are mature across connected centers; commuting remains distinct from migration,selected service investments follow the connected network while operator and territory boundaries remain unknown,EXPLICIT SCENARIO HORIZON; no official local 2075 projection and no mechanical extrapolation,"higher-uncertainty long-horizon scenario mechanism; not a migration count, causal claim, or population-growth assumption",S11C-A2075-01,S11C-BASELINE-11A;S11C-POP-PROJ-TABLES;S11C-CLIMATE,moderate,fictional,scenario,qualitative scenario delta over accepted 2026 baseline,false,"County geography is a statistical/cartographic frame, not a jurisdiction or utility service territory. Population ≠ household ≠ housing unit ≠ worker ≠ job ≠ commuter; this row carries no numeric future value. No vulnerability/EJ score or protected-class ranking is represented."
PFS-A2075-18033,A2075,Connected Reconcentration,2075,POP-ZONE-18033,"DeKalb County, IN",county,county_population_zone,"CURRENT FACT (2026 baseline): DeKalb County, IN is represented as a Census county-scale population-zone node with a generalized settlement context; no future value is implied.",mature connected reconcentration with selected infill and secondary-center continuity,"connected hub network with durable infill, reuse, and linked smaller centers",infill and reuse are established alongside selected new housing at connected secondary centers,"employment anchors and linked secondary centers form a connected, nonuniform geography",commuting and service interfaces are mature across connected centers; commuting remains distinct from migration,selected service investments follow the connected network while operator and territory boundaries remain unknown,EXPLICIT SCENARIO HORIZON; no official local 2075 projection and no mechanical extrapolation,"higher-uncertainty long-horizon scenario mechanism; not a migration count, causal claim, or population-growth assumption",S11C-A2075-01,S11C-BASELINE-11A;S11C-POP-PROJ-TABLES;S11C-CLIMATE,moderate,fictional,scenario,qualitative scenario delta over accepted 2026 baseline,false,"County geography is a statistical/cartographic frame, not a jurisdiction or utility service territory. Population ≠ household ≠ housing unit ≠ worker ≠ job ≠ commuter; this row carries no numeric future value. No vulnerability/EJ score or protected-class ranking is represented."
PFS-A2075-18151,A2075,Connected Reconcentration,2075,POP-ZONE-18151,"Steuben County, IN",county,county_population_zone,"CURRENT FACT (2026 baseline): Steuben County, IN is represented as a Census county-scale population-zone node with a generalized settlement context; no future value is implied.",mature connected reconcentration with selected infill and secondary-center continuity,"connected hub network with durable infill, reuse, and linked smaller centers",infill and reuse are established alongside selected new housing at connected secondary centers,"employment anchors and linked secondary centers form a connected, nonuniform geography",commuting and service interfaces are mature across connected centers; commuting remains distinct from migration,selected service investments follow the connected network while operator and territory boundaries remain unknown,EXPLICIT SCENARIO HORIZON; no official local 2075 projection and no mechanical extrapolation,"higher-uncertainty long-horizon scenario mechanism; not a migration count, causal claim, or population-growth assumption",S11C-A2075-01,S11C-BASELINE-11A;S11C-POP-PROJ-TABLES;S11C-CLIMATE,moderate,fictional,scenario,qualitative scenario delta over accepted 2026 baseline,false,"County geography is a statistical/cartographic frame, not a jurisdiction or utility service territory. Population ≠ household ≠ housing unit ≠ worker ≠ job ≠ commuter; this row carries no numeric future value. No vulnerability/EJ score or protected-class ranking is represented."
PFS-B2050-39039,B2050,Polycentric Adaptive Basin,2050,POP-ZONE-39039,"Defiance County, OH",county,county_population_zone,"CURRENT FACT (2026 baseline): Defiance County, OH is represented as a Census county-scale population-zone node with a generalized settlement context; no future value is implied.",relative rebalancing among several centers and adaptive town/county nodes,"polycentric centers, town networks, and adaptive corridors develop unevenly","mixed infill, incremental reuse, and locally varied housing forms",employment functions are distributed across several anchors and specialized local nodes,commuting interfaces remain cross-county and networked; commuting is not migration and no individual path is modeled,service adaptation is polycentric and negotiated across operators and jurisdictions without exact territory assignment,OFFICIAL PROJECTION CONTEXT AVAILABLE AT NATIONAL SCALE; no selected-county numeric projection adopted,high-uncertainty scenario mechanism that may alter housing and settlement demand; not a population-growth assumption,S11C-B2050-01,S11C-BASELINE-11A;S11C-POP-PROJ-TABLES;S11C-CLIMATE,moderate,fictional,scenario,qualitative scenario delta over accepted 2026 baseline,false,"County geography is a statistical/cartographic frame, not a jurisdiction or utility service territory. Population ≠ household ≠ housing unit ≠ worker ≠ job ≠ commuter; this row carries no numeric future value. No vulnerability/EJ score or protected-class ranking is represented."
PFS-B2050-39051,B2050,Polycentric Adaptive Basin,2050,POP-ZONE-39051,"Fulton County, OH",county,county_population_zone,"CURRENT FACT (2026 baseline): Fulton County, OH is represented as a Census county-scale population-zone node with a generalized settlement context; no future value is implied.",relative rebalancing among several centers and adaptive town/county nodes,"polycentric centers, town networks, and adaptive corridors develop unevenly","mixed infill, incremental reuse, and locally varied housing forms",employment functions are distributed across several anchors and specialized local nodes,commuting interfaces remain cross-county and networked; commuting is not migration and no individual path is modeled,service adaptation is polycentric and negotiated across operators and jurisdictions without exact territory assignment,OFFICIAL PROJECTION CONTEXT AVAILABLE AT NATIONAL SCALE; no selected-county numeric projection adopted,high-uncertainty scenario mechanism that may alter housing and settlement demand; not a population-growth assumption,S11C-B2050-01,S11C-BASELINE-11A;S11C-POP-PROJ-TABLES;S11C-CLIMATE,moderate,fictional,scenario,qualitative scenario delta over accepted 2026 baseline,false,"County geography is a statistical/cartographic frame, not a jurisdiction or utility service territory. Population ≠ household ≠ housing unit ≠ worker ≠ job ≠ commuter; this row carries no numeric future value. No vulnerability/EJ score or protected-class ranking is represented."
PFS-B2050-39063,B2050,Polycentric Adaptive Basin,2050,POP-ZONE-39063,"Hancock County, OH",county,county_population_zone,"CURRENT FACT (2026 baseline): Hancock County, OH is represented as a Census county-scale population-zone node with a generalized settlement context; no future value is implied.",relative rebalancing among several centers and adaptive town/county nodes,"polycentric centers, town networks, and adaptive corridors develop unevenly","mixed infill, incremental reuse, and locally varied housing forms",employment functions are distributed across several anchors and specialized local nodes,commuting interfaces remain cross-county and networked; commuting is not migration and no individual path is modeled,service adaptation is polycentric and negotiated across operators and jurisdictions without exact territory assignment,OFFICIAL PROJECTION CONTEXT AVAILABLE AT NATIONAL SCALE; no selected-county numeric projection adopted,high-uncertainty scenario mechanism that may alter housing and settlement demand; not a population-growth assumption,S11C-B2050-01,S11C-BASELINE-11A;S11C-POP-PROJ-TABLES;S11C-CLIMATE,moderate,fictional,scenario,qualitative scenario delta over accepted 2026 baseline,false,"County geography is a statistical/cartographic frame, not a jurisdiction or utility service territory. Population ≠ household ≠ housing unit ≠ worker ≠ job ≠ commuter; this row carries no numeric future value. No vulnerability/EJ score or protected-class ranking is represented."
PFS-B2050-39069,B2050,Polycentric Adaptive Basin,2050,POP-ZONE-39069,"Henry County, OH",county,county_population_zone,"CURRENT FACT (2026 baseline): Henry County, OH is represented as a Census county-scale population-zone node with a generalized settlement context; no future value is implied.",relative rebalancing among several centers and adaptive town/county nodes,"polycentric centers, town networks, and adaptive corridors develop unevenly","mixed infill, incremental reuse, and locally varied housing forms",employment functions are distributed across several anchors and specialized local nodes,commuting interfaces remain cross-county and networked; commuting is not migration and no individual path is modeled,service adaptation is polycentric and negotiated across operators and jurisdictions without exact territory assignment,OFFICIAL PROJECTION CONTEXT AVAILABLE AT NATIONAL SCALE; no selected-county numeric projection adopted,high-uncertainty scenario mechanism that may alter housing and settlement demand; not a population-growth assumption,S11C-B2050-01,S11C-BASELINE-11A;S11C-POP-PROJ-TABLES;S11C-CLIMATE,moderate,fictional,scenario,qualitative scenario delta over accepted 2026 baseline,false,"County geography is a statistical/cartographic frame, not a jurisdiction or utility service territory. Population ≠ household ≠ housing unit ≠ worker ≠ job ≠ commuter; this row carries no numeric future value. No vulnerability/EJ score or protected-class ranking is represented."
PFS-B2050-39095,B2050,Polycentric Adaptive Basin,2050,POP-ZONE-39095,"Lucas County, OH",county,county_population_zone,"CURRENT FACT (2026 baseline): Lucas County, OH is represented as a Census county-scale population-zone node with a generalized settlement context; no future value is implied.",relative rebalancing among several centers and adaptive town/county nodes,"polycentric centers, town networks, and adaptive corridors develop unevenly","mixed infill, incremental reuse, and locally varied housing forms",employment functions are distributed across several anchors and specialized local nodes,commuting interfaces remain cross-county and networked; commuting is not migration and no individual path is modeled,service adaptation is polycentric and negotiated across operators and jurisdictions without exact territory assignment,OFFICIAL PROJECTION CONTEXT AVAILABLE AT NATIONAL SCALE; no selected-county numeric projection adopted,high-uncertainty scenario mechanism that may alter housing and settlement demand; not a population-growth assumption,S11C-B2050-01,S11C-BASELINE-11A;S11C-POP-PROJ-TABLES;S11C-CLIMATE,moderate,fictional,scenario,qualitative scenario delta over accepted 2026 baseline,false,"County geography is a statistical/cartographic frame, not a jurisdiction or utility service territory. Population ≠ household ≠ housing unit ≠ worker ≠ job ≠ commuter; this row carries no numeric future value. No vulnerability/EJ score or protected-class ranking is represented."
PFS-B2050-39123,B2050,Polycentric Adaptive Basin,2050,POP-ZONE-39123,"Ottawa County, OH",county,county_population_zone,"CURRENT FACT (2026 baseline): Ottawa County, OH is represented as a Census county-scale population-zone node with a generalized settlement context; no future value is implied.",relative rebalancing among several centers and adaptive town/county nodes,"polycentric centers, town networks, and adaptive corridors develop unevenly","mixed infill, incremental reuse, and locally varied housing forms",employment functions are distributed across several anchors and specialized local nodes,commuting interfaces remain cross-county and networked; commuting is not migration and no individual path is modeled,service adaptation is polycentric and negotiated across operators and jurisdictions without exact territory assignment,OFFICIAL PROJECTION CONTEXT AVAILABLE AT NATIONAL SCALE; no selected-county numeric projection adopted,high-uncertainty scenario mechanism that may alter housing and settlement demand; not a population-growth assumption,S11C-B2050-01,S11C-BASELINE-11A;S11C-POP-PROJ-TABLES;S11C-CLIMATE,moderate,fictional,scenario,qualitative scenario delta over accepted 2026 baseline,false,"County geography is a statistical/cartographic frame, not a jurisdiction or utility service territory. Population ≠ household ≠ housing unit ≠ worker ≠ job ≠ commuter; this row carries no numeric future value. No vulnerability/EJ score or protected-class ranking is represented."
PFS-B2050-39125,B2050,Polycentric Adaptive Basin,2050,POP-ZONE-39125,"Paulding County, OH",county,county_population_zone,"CURRENT FACT (2026 baseline): Paulding County, OH is represented as a Census county-scale population-zone node with a generalized settlement context; no future value is implied.",relative rebalancing among several centers and adaptive town/county nodes,"polycentric centers, town networks, and adaptive corridors develop unevenly","mixed infill, incremental reuse, and locally varied housing forms",employment functions are distributed across several anchors and specialized local nodes,commuting interfaces remain cross-county and networked; commuting is not migration and no individual path is modeled,service adaptation is polycentric and negotiated across operators and jurisdictions without exact territory assignment,OFFICIAL PROJECTION CONTEXT AVAILABLE AT NATIONAL SCALE; no selected-county numeric projection adopted,high-uncertainty scenario mechanism that may alter housing and settlement demand; not a population-growth assumption,S11C-B2050-01,S11C-BASELINE-11A;S11C-POP-PROJ-TABLES;S11C-CLIMATE,moderate,fictional,scenario,qualitative scenario delta over accepted 2026 baseline,false,"County geography is a statistical/cartographic frame, not a jurisdiction or utility service territory. Population ≠ household ≠ housing unit ≠ worker ≠ job ≠ commuter; this row carries no numeric future value. No vulnerability/EJ score or protected-class ranking is represented."
PFS-B2050-39137,B2050,Polycentric Adaptive Basin,2050,POP-ZONE-39137,"Putnam County, OH",county,county_population_zone,"CURRENT FACT (2026 baseline): Putnam County, OH is represented as a Census county-scale population-zone node with a generalized settlement context; no future value is implied.",relative rebalancing among several centers and adaptive town/county nodes,"polycentric centers, town networks, and adaptive corridors develop unevenly","mixed infill, incremental reuse, and locally varied housing forms",employment functions are distributed across several anchors and specialized local nodes,commuting interfaces remain cross-county and networked; commuting is not migration and no individual path is modeled,service adaptation is polycentric and negotiated across operators and jurisdictions without exact territory assignment,OFFICIAL PROJECTION CONTEXT AVAILABLE AT NATIONAL SCALE; no selected-county numeric projection adopted,high-uncertainty scenario mechanism that may alter housing and settlement demand; not a population-growth assumption,S11C-B2050-01,S11C-BASELINE-11A;S11C-POP-PROJ-TABLES;S11C-CLIMATE,moderate,fictional,scenario,qualitative scenario delta over accepted 2026 baseline,false,"County geography is a statistical/cartographic frame, not a jurisdiction or utility service territory. Population ≠ household ≠ housing unit ≠ worker ≠ job ≠ commuter; this row carries no numeric future value. No vulnerability/EJ score or protected-class ranking is represented."
PFS-B2050-39143,B2050,Polycentric Adaptive Basin,2050,POP-ZONE-39143,"Sandusky County, OH",county,county_population_zone,"CURRENT FACT (2026 baseline): Sandusky County, OH is represented as a Census county-scale population-zone node with a generalized settlement context; no future value is implied.",relative rebalancing among several centers and adaptive town/county nodes,"polycentric centers, town networks, and adaptive corridors develop unevenly","mixed infill, incremental reuse, and locally varied housing forms",employment functions are distributed across several anchors and specialized local nodes,commuting interfaces remain cross-county and networked; commuting is not migration and no individual path is modeled,service adaptation is polycentric and negotiated across operators and jurisdictions without exact territory assignment,OFFICIAL PROJECTION CONTEXT AVAILABLE AT NATIONAL SCALE; no selected-county numeric projection adopted,high-uncertainty scenario mechanism that may alter housing and settlement demand; not a population-growth assumption,S11C-B2050-01,S11C-BASELINE-11A;S11C-POP-PROJ-TABLES;S11C-CLIMATE,moderate,fictional,scenario,qualitative scenario delta over accepted 2026 baseline,false,"County geography is a statistical/cartographic frame, not a jurisdiction or utility service territory. Population ≠ household ≠ housing unit ≠ worker ≠ job ≠ commuter; this row carries no numeric future value. No vulnerability/EJ score or protected-class ranking is represented."
PFS-B2050-39147,B2050,Polycentric Adaptive Basin,2050,POP-ZONE-39147,"Seneca County, OH",county,county_population_zone,"CURRENT FACT (2026 baseline): Seneca County, OH is represented as a Census county-scale population-zone node with a generalized settlement context; no future value is implied.",relative rebalancing among several centers and adaptive town/county nodes,"polycentric centers, town networks, and adaptive corridors develop unevenly","mixed infill, incremental reuse, and locally varied housing forms",employment functions are distributed across several anchors and specialized local nodes,commuting interfaces remain cross-county and networked; commuting is not migration and no individual path is modeled,service adaptation is polycentric and negotiated across operators and jurisdictions without exact territory assignment,OFFICIAL PROJECTION CONTEXT AVAILABLE AT NATIONAL SCALE; no selected-county numeric projection adopted,high-uncertainty scenario mechanism that may alter housing and settlement demand; not a population-growth assumption,S11C-B2050-01,S11C-BASELINE-11A;S11C-POP-PROJ-TABLES;S11C-CLIMATE,moderate,fictional,scenario,qualitative scenario delta over accepted 2026 baseline,false,"County geography is a statistical/cartographic frame, not a jurisdiction or utility service territory. Population ≠ household ≠ housing unit ≠ worker ≠ job ≠ commuter; this row carries no numeric future value. No vulnerability/EJ score or protected-class ranking is represented."
PFS-B2050-39161,B2050,Polycentric Adaptive Basin,2050,POP-ZONE-39161,"Van Wert County, OH",county,county_population_zone,"CURRENT FACT (2026 baseline): Van Wert County, OH is represented as a Census county-scale population-zone node with a generalized settlement context; no future value is implied.",relative rebalancing among several centers and adaptive town/county nodes,"polycentric centers, town networks, and adaptive corridors develop unevenly","mixed infill, incremental reuse, and locally varied housing forms",employment functions are distributed across several anchors and specialized local nodes,commuting interfaces remain cross-county and networked; commuting is not migration and no individual path is modeled,service adaptation is polycentric and negotiated across operators and jurisdictions without exact territory assignment,OFFICIAL PROJECTION CONTEXT AVAILABLE AT NATIONAL SCALE; no selected-county numeric projection adopted,high-uncertainty scenario mechanism that may alter housing and settlement demand; not a population-growth assumption,S11C-B2050-01,S11C-BASELINE-11A;S11C-POP-PROJ-TABLES;S11C-CLIMATE,moderate,fictional,scenario,qualitative scenario delta over accepted 2026 baseline,false,"County geography is a statistical/cartographic frame, not a jurisdiction or utility service territory. Population ≠ household ≠ housing unit ≠ worker ≠ job ≠ commuter; this row carries no numeric future value. No vulnerability/EJ score or protected-class ranking is represented."
PFS-B2050-39171,B2050,Polycentric Adaptive Basin,2050,POP-ZONE-39171,"Williams County, OH",county,county_population_zone,"CURRENT FACT (2026 baseline): Williams County, OH is represented as a Census county-scale population-zone node with a generalized settlement context; no future value is implied.",relative rebalancing among several centers and adaptive town/county nodes,"polycentric centers, town networks, and adaptive corridors develop unevenly","mixed infill, incremental reuse, and locally varied housing forms",employment functions are distributed across several anchors and specialized local nodes,commuting interfaces remain cross-county and networked; commuting is not migration and no individual path is modeled,service adaptation is polycentric and negotiated across operators and jurisdictions without exact territory assignment,OFFICIAL PROJECTION CONTEXT AVAILABLE AT NATIONAL SCALE; no selected-county numeric projection adopted,high-uncertainty scenario mechanism that may alter housing and settlement demand; not a population-growth assumption,S11C-B2050-01,S11C-BASELINE-11A;S11C-POP-PROJ-TABLES;S11C-CLIMATE,moderate,fictional,scenario,qualitative scenario delta over accepted 2026 baseline,false,"County geography is a statistical/cartographic frame, not a jurisdiction or utility service territory. Population ≠ household ≠ housing unit ≠ worker ≠ job ≠ commuter; this row carries no numeric future value. No vulnerability/EJ score or protected-class ranking is represented."
PFS-B2050-39173,B2050,Polycentric Adaptive Basin,2050,POP-ZONE-39173,"Wood County, OH",county,county_population_zone,"CURRENT FACT (2026 baseline): Wood County, OH is represented as a Census county-scale population-zone node with a generalized settlement context; no future value is implied.",relative rebalancing among several centers and adaptive town/county nodes,"polycentric centers, town networks, and adaptive corridors develop unevenly","mixed infill, incremental reuse, and locally varied housing forms",employment functions are distributed across several anchors and specialized local nodes,commuting interfaces remain cross-county and networked; commuting is not migration and no individual path is modeled,service adaptation is polycentric and negotiated across operators and jurisdictions without exact territory assignment,OFFICIAL PROJECTION CONTEXT AVAILABLE AT NATIONAL SCALE; no selected-county numeric projection adopted,high-uncertainty scenario mechanism that may alter housing and settlement demand; not a population-growth assumption,S11C-B2050-01,S11C-BASELINE-11A;S11C-POP-PROJ-TABLES;S11C-CLIMATE,moderate,fictional,scenario,qualitative scenario delta over accepted 2026 baseline,false,"County geography is a statistical/cartographic frame, not a jurisdiction or utility service territory. Population ≠ household ≠ housing unit ≠ worker ≠ job ≠ commuter; this row carries no numeric future value. No vulnerability/EJ score or protected-class ranking is represented."
PFS-B2050-26091,B2050,Polycentric Adaptive Basin,2050,POP-ZONE-26091,"Lenawee County, MI",county,county_population_zone,"CURRENT FACT (2026 baseline): Lenawee County, MI is represented as a Census county-scale population-zone node with a generalized settlement context; no future value is implied.",relative rebalancing among several centers and adaptive town/county nodes,"polycentric centers, town networks, and adaptive corridors develop unevenly","mixed infill, incremental reuse, and locally varied housing forms",employment functions are distributed across several anchors and specialized local nodes,commuting interfaces remain cross-county and networked; commuting is not migration and no individual path is modeled,service adaptation is polycentric and negotiated across operators and jurisdictions without exact territory assignment,OFFICIAL PROJECTION CONTEXT AVAILABLE AT NATIONAL SCALE; no selected-county numeric projection adopted,high-uncertainty scenario mechanism that may alter housing and settlement demand; not a population-growth assumption,S11C-B2050-01,S11C-BASELINE-11A;S11C-POP-PROJ-TABLES;S11C-CLIMATE,moderate,fictional,scenario,qualitative scenario delta over accepted 2026 baseline,false,"County geography is a statistical/cartographic frame, not a jurisdiction or utility service territory. Population ≠ household ≠ housing unit ≠ worker ≠ job ≠ commuter; this row carries no numeric future value. No vulnerability/EJ score or protected-class ranking is represented."
PFS-B2050-26115,B2050,Polycentric Adaptive Basin,2050,POP-ZONE-26115,"Monroe County, MI",county,county_population_zone,"CURRENT FACT (2026 baseline): Monroe County, MI is represented as a Census county-scale population-zone node with a generalized settlement context; no future value is implied.",relative rebalancing among several centers and adaptive town/county nodes,"polycentric centers, town networks, and adaptive corridors develop unevenly","mixed infill, incremental reuse, and locally varied housing forms",employment functions are distributed across several anchors and specialized local nodes,commuting interfaces remain cross-county and networked; commuting is not migration and no individual path is modeled,service adaptation is polycentric and negotiated across operators and jurisdictions without exact territory assignment,OFFICIAL PROJECTION CONTEXT AVAILABLE AT NATIONAL SCALE; no selected-county numeric projection adopted,high-uncertainty scenario mechanism that may alter housing and settlement demand; not a population-growth assumption,S11C-B2050-01,S11C-BASELINE-11A;S11C-POP-PROJ-TABLES;S11C-CLIMATE,moderate,fictional,scenario,qualitative scenario delta over accepted 2026 baseline,false,"County geography is a statistical/cartographic frame, not a jurisdiction or utility service territory. Population ≠ household ≠ housing unit ≠ worker ≠ job ≠ commuter; this row carries no numeric future value. No vulnerability/EJ score or protected-class ranking is represented."
PFS-B2050-18003,B2050,Polycentric Adaptive Basin,2050,POP-ZONE-18003,"Allen County, IN",county,county_population_zone,"CURRENT FACT (2026 baseline): Allen County, IN is represented as a Census county-scale population-zone node with a generalized settlement context; no future value is implied.",relative rebalancing among several centers and adaptive town/county nodes,"polycentric centers, town networks, and adaptive corridors develop unevenly","mixed infill, incremental reuse, and locally varied housing forms",employment functions are distributed across several anchors and specialized local nodes,commuting interfaces remain cross-county and networked; commuting is not migration and no individual path is modeled,service adaptation is polycentric and negotiated across operators and jurisdictions without exact territory assignment,OFFICIAL PROJECTION CONTEXT AVAILABLE AT NATIONAL SCALE; no selected-county numeric projection adopted,high-uncertainty scenario mechanism that may alter housing and settlement demand; not a population-growth assumption,S11C-B2050-01,S11C-BASELINE-11A;S11C-POP-PROJ-TABLES;S11C-CLIMATE,moderate,fictional,scenario,qualitative scenario delta over accepted 2026 baseline,false,"County geography is a statistical/cartographic frame, not a jurisdiction or utility service territory. Population ≠ household ≠ housing unit ≠ worker ≠ job ≠ commuter; this row carries no numeric future value. No vulnerability/EJ score or protected-class ranking is represented."
PFS-B2050-18033,B2050,Polycentric Adaptive Basin,2050,POP-ZONE-18033,"DeKalb County, IN",county,county_population_zone,"CURRENT FACT (2026 baseline): DeKalb County, IN is represented as a Census county-scale population-zone node with a generalized settlement context; no future value is implied.",relative rebalancing among several centers and adaptive town/county nodes,"polycentric centers, town networks, and adaptive corridors develop unevenly","mixed infill, incremental reuse, and locally varied housing forms",employment functions are distributed across several anchors and specialized local nodes,commuting interfaces remain cross-county and networked; commuting is not migration and no individual path is modeled,service adaptation is polycentric and negotiated across operators and jurisdictions without exact territory assignment,OFFICIAL PROJECTION CONTEXT AVAILABLE AT NATIONAL SCALE; no selected-county numeric projection adopted,high-uncertainty scenario mechanism that may alter housing and settlement demand; not a population-growth assumption,S11C-B2050-01,S11C-BASELINE-11A;S11C-POP-PROJ-TABLES;S11C-CLIMATE,moderate,fictional,scenario,qualitative scenario delta over accepted 2026 baseline,false,"County geography is a statistical/cartographic frame, not a jurisdiction or utility service territory. Population ≠ household ≠ housing unit ≠ worker ≠ job ≠ commuter; this row carries no numeric future value. No vulnerability/EJ score or protected-class ranking is represented."
PFS-B2050-18151,B2050,Polycentric Adaptive Basin,2050,POP-ZONE-18151,"Steuben County, IN",county,county_population_zone,"CURRENT FACT (2026 baseline): Steuben County, IN is represented as a Census county-scale population-zone node with a generalized settlement context; no future value is implied.",relative rebalancing among several centers and adaptive town/county nodes,"polycentric centers, town networks, and adaptive corridors develop unevenly","mixed infill, incremental reuse, and locally varied housing forms",employment functions are distributed across several anchors and specialized local nodes,commuting interfaces remain cross-county and networked; commuting is not migration and no individual path is modeled,service adaptation is polycentric and negotiated across operators and jurisdictions without exact territory assignment,OFFICIAL PROJECTION CONTEXT AVAILABLE AT NATIONAL SCALE; no selected-county numeric projection adopted,high-uncertainty scenario mechanism that may alter housing and settlement demand; not a population-growth assumption,S11C-B2050-01,S11C-BASELINE-11A;S11C-POP-PROJ-TABLES;S11C-CLIMATE,moderate,fictional,scenario,qualitative scenario delta over accepted 2026 baseline,false,"County geography is a statistical/cartographic frame, not a jurisdiction or utility service territory. Population ≠ household ≠ housing unit ≠ worker ≠ job ≠ commuter; this row carries no numeric future value. No vulnerability/EJ score or protected-class ranking is represented."
PFS-B2075-39039,B2075,Polycentric Adaptive Basin,2075,POP-ZONE-39039,"Defiance County, OH",county,county_population_zone,"CURRENT FACT (2026 baseline): Defiance County, OH is represented as a Census county-scale population-zone node with a generalized settlement context; no future value is implied.",polycentric distribution persists across multiple centers rather than a single dominant concentration,durable polycentric basin with multiple center types and local adaptation,locally adapted housing forms persist with mixed infill and reuse across the network,multiple employment centers and specialized local nodes remain connected but nonuniform,networked commuting and service interfaces persist with local variation; migration is not inferred,"multiple service arrangements provide adaptive alternatives, with redundancy and coordination friction",EXPLICIT SCENARIO HORIZON; no official local 2075 projection and no mechanical extrapolation,"higher-uncertainty long-horizon scenario mechanism; not a migration count, causal claim, or population-growth assumption",S11C-B2075-01,S11C-BASELINE-11A;S11C-POP-PROJ-TABLES;S11C-CLIMATE,moderate,fictional,scenario,qualitative scenario delta over accepted 2026 baseline,false,"County geography is a statistical/cartographic frame, not a jurisdiction or utility service territory. Population ≠ household ≠ housing unit ≠ worker ≠ job ≠ commuter; this row carries no numeric future value. No vulnerability/EJ score or protected-class ranking is represented."
PFS-B2075-39051,B2075,Polycentric Adaptive Basin,2075,POP-ZONE-39051,"Fulton County, OH",county,county_population_zone,"CURRENT FACT (2026 baseline): Fulton County, OH is represented as a Census county-scale population-zone node with a generalized settlement context; no future value is implied.",polycentric distribution persists across multiple centers rather than a single dominant concentration,durable polycentric basin with multiple center types and local adaptation,locally adapted housing forms persist with mixed infill and reuse across the network,multiple employment centers and specialized local nodes remain connected but nonuniform,networked commuting and service interfaces persist with local variation; migration is not inferred,"multiple service arrangements provide adaptive alternatives, with redundancy and coordination friction",EXPLICIT SCENARIO HORIZON; no official local 2075 projection and no mechanical extrapolation,"higher-uncertainty long-horizon scenario mechanism; not a migration count, causal claim, or population-growth assumption",S11C-B2075-01,S11C-BASELINE-11A;S11C-POP-PROJ-TABLES;S11C-CLIMATE,moderate,fictional,scenario,qualitative scenario delta over accepted 2026 baseline,false,"County geography is a statistical/cartographic frame, not a jurisdiction or utility service territory. Population ≠ household ≠ housing unit ≠ worker ≠ job ≠ commuter; this row carries no numeric future value. No vulnerability/EJ score or protected-class ranking is represented."
PFS-B2075-39063,B2075,Polycentric Adaptive Basin,2075,POP-ZONE-39063,"Hancock County, OH",county,county_population_zone,"CURRENT FACT (2026 baseline): Hancock County, OH is represented as a Census county-scale population-zone node with a generalized settlement context; no future value is implied.",polycentric distribution persists across multiple centers rather than a single dominant concentration,durable polycentric basin with multiple center types and local adaptation,locally adapted housing forms persist with mixed infill and reuse across the network,multiple employment centers and specialized local nodes remain connected but nonuniform,networked commuting and service interfaces persist with local variation; migration is not inferred,"multiple service arrangements provide adaptive alternatives, with redundancy and coordination friction",EXPLICIT SCENARIO HORIZON; no official local 2075 projection and no mechanical extrapolation,"higher-uncertainty long-horizon scenario mechanism; not a migration count, causal claim, or population-growth assumption",S11C-B2075-01,S11C-BASELINE-11A;S11C-POP-PROJ-TABLES;S11C-CLIMATE,moderate,fictional,scenario,qualitative scenario delta over accepted 2026 baseline,false,"County geography is a statistical/cartographic frame, not a jurisdiction or utility service territory. Population ≠ household ≠ housing unit ≠ worker ≠ job ≠ commuter; this row carries no numeric future value. No vulnerability/EJ score or protected-class ranking is represented."
PFS-B2075-39069,B2075,Polycentric Adaptive Basin,2075,POP-ZONE-39069,"Henry County, OH",county,county_population_zone,"CURRENT FACT (2026 baseline): Henry County, OH is represented as a Census county-scale population-zone node with a generalized settlement context; no future value is implied.",polycentric distribution persists across multiple centers rather than a single dominant concentration,durable polycentric basin with multiple center types and local adaptation,locally adapted housing forms persist with mixed infill and reuse across the network,multiple employment centers and specialized local nodes remain connected but nonuniform,networked commuting and service interfaces persist with local variation; migration is not inferred,"multiple service arrangements provide adaptive alternatives, with redundancy and coordination friction",EXPLICIT SCENARIO HORIZON; no official local 2075 projection and no mechanical extrapolation,"higher-uncertainty long-horizon scenario mechanism; not a migration count, causal claim, or population-growth assumption",S11C-B2075-01,S11C-BASELINE-11A;S11C-POP-PROJ-TABLES;S11C-CLIMATE,moderate,fictional,scenario,qualitative scenario delta over accepted 2026 baseline,false,"County geography is a statistical/cartographic frame, not a jurisdiction or utility service territory. Population ≠ household ≠ housing unit ≠ worker ≠ job ≠ commuter; this row carries no numeric future value. No vulnerability/EJ score or protected-class ranking is represented."
PFS-B2075-39095,B2075,Polycentric Adaptive Basin,2075,POP-ZONE-39095,"Lucas County, OH",county,county_population_zone,"CURRENT FACT (2026 baseline): Lucas County, OH is represented as a Census county-scale population-zone node with a generalized settlement context; no future value is implied.",polycentric distribution persists across multiple centers rather than a single dominant concentration,durable polycentric basin with multiple center types and local adaptation,locally adapted housing forms persist with mixed infill and reuse across the network,multiple employment centers and specialized local nodes remain connected but nonuniform,networked commuting and service interfaces persist with local variation; migration is not inferred,"multiple service arrangements provide adaptive alternatives, with redundancy and coordination friction",EXPLICIT SCENARIO HORIZON; no official local 2075 projection and no mechanical extrapolation,"higher-uncertainty long-horizon scenario mechanism; not a migration count, causal claim, or population-growth assumption",S11C-B2075-01,S11C-BASELINE-11A;S11C-POP-PROJ-TABLES;S11C-CLIMATE,moderate,fictional,scenario,qualitative scenario delta over accepted 2026 baseline,false,"County geography is a statistical/cartographic frame, not a jurisdiction or utility service territory. Population ≠ household ≠ housing unit ≠ worker ≠ job ≠ commuter; this row carries no numeric future value. No vulnerability/EJ score or protected-class ranking is represented."
PFS-B2075-39123,B2075,Polycentric Adaptive Basin,2075,POP-ZONE-39123,"Ottawa County, OH",county,county_population_zone,"CURRENT FACT (2026 baseline): Ottawa County, OH is represented as a Census county-scale population-zone node with a generalized settlement context; no future value is implied.",polycentric distribution persists across multiple centers rather than a single dominant concentration,durable polycentric basin with multiple center types and local adaptation,locally adapted housing forms persist with mixed infill and reuse across the network,multiple employment centers and specialized local nodes remain connected but nonuniform,networked commuting and service interfaces persist with local variation; migration is not inferred,"multiple service arrangements provide adaptive alternatives, with redundancy and coordination friction",EXPLICIT SCENARIO HORIZON; no official local 2075 projection and no mechanical extrapolation,"higher-uncertainty long-horizon scenario mechanism; not a migration count, causal claim, or population-growth assumption",S11C-B2075-01,S11C-BASELINE-11A;S11C-POP-PROJ-TABLES;S11C-CLIMATE,moderate,fictional,scenario,qualitative scenario delta over accepted 2026 baseline,false,"County geography is a statistical/cartographic frame, not a jurisdiction or utility service territory. Population ≠ household ≠ housing unit ≠ worker ≠ job ≠ commuter; this row carries no numeric future value. No vulnerability/EJ score or protected-class ranking is represented."
PFS-B2075-39125,B2075,Polycentric Adaptive Basin,2075,POP-ZONE-39125,"Paulding County, OH",county,county_population_zone,"CURRENT FACT (2026 baseline): Paulding County, OH is represented as a Census county-scale population-zone node with a generalized settlement context; no future value is implied.",polycentric distribution persists across multiple centers rather than a single dominant concentration,durable polycentric basin with multiple center types and local adaptation,locally adapted housing forms persist with mixed infill and reuse across the network,multiple employment centers and specialized local nodes remain connected but nonuniform,networked commuting and service interfaces persist with local variation; migration is not inferred,"multiple service arrangements provide adaptive alternatives, with redundancy and coordination friction",EXPLICIT SCENARIO HORIZON; no official local 2075 projection and no mechanical extrapolation,"higher-uncertainty long-horizon scenario mechanism; not a migration count, causal claim, or population-growth assumption",S11C-B2075-01,S11C-BASELINE-11A;S11C-POP-PROJ-TABLES;S11C-CLIMATE,moderate,fictional,scenario,qualitative scenario delta over accepted 2026 baseline,false,"County geography is a statistical/cartographic frame, not a jurisdiction or utility service territory. Population ≠ household ≠ housing unit ≠ worker ≠ job ≠ commuter; this row carries no numeric future value. No vulnerability/EJ score or protected-class ranking is represented."
PFS-B2075-39137,B2075,Polycentric Adaptive Basin,2075,POP-ZONE-39137,"Putnam County, OH",county,county_population_zone,"CURRENT FACT (2026 baseline): Putnam County, OH is represented as a Census county-scale population-zone node with a generalized settlement context; no future value is implied.",polycentric distribution persists across multiple centers rather than a single dominant concentration,durable polycentric basin with multiple center types and local adaptation,locally adapted housing forms persist with mixed infill and reuse across the network,multiple employment centers and specialized local nodes remain connected but nonuniform,networked commuting and service interfaces persist with local variation; migration is not inferred,"multiple service arrangements provide adaptive alternatives, with redundancy and coordination friction",EXPLICIT SCENARIO HORIZON; no official local 2075 projection and no mechanical extrapolation,"higher-uncertainty long-horizon scenario mechanism; not a migration count, causal claim, or population-growth assumption",S11C-B2075-01,S11C-BASELINE-11A;S11C-POP-PROJ-TABLES;S11C-CLIMATE,moderate,fictional,scenario,qualitative scenario delta over accepted 2026 baseline,false,"County geography is a statistical/cartographic frame, not a jurisdiction or utility service territory. Population ≠ household ≠ housing unit ≠ worker ≠ job ≠ commuter; this row carries no numeric future value. No vulnerability/EJ score or protected-class ranking is represented."
PFS-B2075-39143,B2075,Polycentric Adaptive Basin,2075,POP-ZONE-39143,"Sandusky County, OH",county,county_population_zone,"CURRENT FACT (2026 baseline): Sandusky County, OH is represented as a Census county-scale population-zone node with a generalized settlement context; no future value is implied.",polycentric distribution persists across multiple centers rather than a single dominant concentration,durable polycentric basin with multiple center types and local adaptation,locally adapted housing forms persist with mixed infill and reuse across the network,multiple employment centers and specialized local nodes remain connected but nonuniform,networked commuting and service interfaces persist with local variation; migration is not inferred,"multiple service arrangements provide adaptive alternatives, with redundancy and coordination friction",EXPLICIT SCENARIO HORIZON; no official local 2075 projection and no mechanical extrapolation,"higher-uncertainty long-horizon scenario mechanism; not a migration count, causal claim, or population-growth assumption",S11C-B2075-01,S11C-BASELINE-11A;S11C-POP-PROJ-TABLES;S11C-CLIMATE,moderate,fictional,scenario,qualitative scenario delta over accepted 2026 baseline,false,"County geography is a statistical/cartographic frame, not a jurisdiction or utility service territory. Population ≠ household ≠ housing unit ≠ worker ≠ job ≠ commuter; this row carries no numeric future value. No vulnerability/EJ score or protected-class ranking is represented."
PFS-B2075-39147,B2075,Polycentric Adaptive Basin,2075,POP-ZONE-39147,"Seneca County, OH",county,county_population_zone,"CURRENT FACT (2026 baseline): Seneca County, OH is represented as a Census county-scale population-zone node with a generalized settlement context; no future value is implied.",polycentric distribution persists across multiple centers rather than a single dominant concentration,durable polycentric basin with multiple center types and local adaptation,locally adapted housing forms persist with mixed infill and reuse across the network,multiple employment centers and specialized local nodes remain connected but nonuniform,networked commuting and service interfaces persist with local variation; migration is not inferred,"multiple service arrangements provide adaptive alternatives, with redundancy and coordination friction",EXPLICIT SCENARIO HORIZON; no official local 2075 projection and no mechanical extrapolation,"higher-uncertainty long-horizon scenario mechanism; not a migration count, causal claim, or population-growth assumption",S11C-B2075-01,S11C-BASELINE-11A;S11C-POP-PROJ-TABLES;S11C-CLIMATE,moderate,fictional,scenario,qualitative scenario delta over accepted 2026 baseline,false,"County geography is a statistical/cartographic frame, not a jurisdiction or utility service territory. Population ≠ household ≠ housing unit ≠ worker ≠ job ≠ commuter; this row carries no numeric future value. No vulnerability/EJ score or protected-class ranking is represented."
PFS-B2075-39161,B2075,Polycentric Adaptive Basin,2075,POP-ZONE-39161,"Van Wert County, OH",county,county_population_zone,"CURRENT FACT (2026 baseline): Van Wert County, OH is represented as a Census county-scale population-zone node with a generalized settlement context; no future value is implied.",polycentric distribution persists across multiple centers rather than a single dominant concentration,durable polycentric basin with multiple center types and local adaptation,locally adapted housing forms persist with mixed infill and reuse across the network,multiple employment centers and specialized local nodes remain connected but nonuniform,networked commuting and service interfaces persist with local variation; migration is not inferred,"multiple service arrangements provide adaptive alternatives, with redundancy and coordination friction",EXPLICIT SCENARIO HORIZON; no official local 2075 projection and no mechanical extrapolation,"higher-uncertainty long-horizon scenario mechanism; not a migration count, causal claim, or population-growth assumption",S11C-B2075-01,S11C-BASELINE-11A;S11C-POP-PROJ-TABLES;S11C-CLIMATE,moderate,fictional,scenario,qualitative scenario delta over accepted 2026 baseline,false,"County geography is a statistical/cartographic frame, not a jurisdiction or utility service territory. Population ≠ household ≠ housing unit ≠ worker ≠ job ≠ commuter; this row carries no numeric future value. No vulnerability/EJ score or protected-class ranking is represented."
PFS-B2075-39171,B2075,Polycentric Adaptive Basin,2075,POP-ZONE-39171,"Williams County, OH",county,county_population_zone,"CURRENT FACT (2026 baseline): Williams County, OH is represented as a Census county-scale population-zone node with a generalized settlement context; no future value is implied.",polycentric distribution persists across multiple centers rather than a single dominant concentration,durable polycentric basin with multiple center types and local adaptation,locally adapted housing forms persist with mixed infill and reuse across the network,multiple employment centers and specialized local nodes remain connected but nonuniform,networked commuting and service interfaces persist with local variation; migration is not inferred,"multiple service arrangements provide adaptive alternatives, with redundancy and coordination friction",EXPLICIT SCENARIO HORIZON; no official local 2075 projection and no mechanical extrapolation,"higher-uncertainty long-horizon scenario mechanism; not a migration count, causal claim, or population-growth assumption",S11C-B2075-01,S11C-BASELINE-11A;S11C-POP-PROJ-TABLES;S11C-CLIMATE,moderate,fictional,scenario,qualitative scenario delta over accepted 2026 baseline,false,"County geography is a statistical/cartographic frame, not a jurisdiction or utility service territory. Population ≠ household ≠ housing unit ≠ worker ≠ job ≠ commuter; this row carries no numeric future value. No vulnerability/EJ score or protected-class ranking is represented."
PFS-B2075-39173,B2075,Polycentric Adaptive Basin,2075,POP-ZONE-39173,"Wood County, OH",county,county_population_zone,"CURRENT FACT (2026 baseline): Wood County, OH is represented as a Census county-scale population-zone node with a generalized settlement context; no future value is implied.",polycentric distribution persists across multiple centers rather than a single dominant concentration,durable polycentric basin with multiple center types and local adaptation,locally adapted housing forms persist with mixed infill and reuse across the network,multiple employment centers and specialized local nodes remain connected but nonuniform,networked commuting and service interfaces persist with local variation; migration is not inferred,"multiple service arrangements provide adaptive alternatives, with redundancy and coordination friction",EXPLICIT SCENARIO HORIZON; no official local 2075 projection and no mechanical extrapolation,"higher-uncertainty long-horizon scenario mechanism; not a migration count, causal claim, or population-growth assumption",S11C-B2075-01,S11C-BASELINE-11A;S11C-POP-PROJ-TABLES;S11C-CLIMATE,moderate,fictional,scenario,qualitative scenario delta over accepted 2026 baseline,false,"County geography is a statistical/cartographic frame, not a jurisdiction or utility service territory. Population ≠ household ≠ housing unit ≠ worker ≠ job ≠ commuter; this row carries no numeric future value. No vulnerability/EJ score or protected-class ranking is represented."
PFS-B2075-26091,B2075,Polycentric Adaptive Basin,2075,POP-ZONE-26091,"Lenawee County, MI",county,county_population_zone,"CURRENT FACT (2026 baseline): Lenawee County, MI is represented as a Census county-scale population-zone node with a generalized settlement context; no future value is implied.",polycentric distribution persists across multiple centers rather than a single dominant concentration,durable polycentric basin with multiple center types and local adaptation,locally adapted housing forms persist with mixed infill and reuse across the network,multiple employment centers and specialized local nodes remain connected but nonuniform,networked commuting and service interfaces persist with local variation; migration is not inferred,"multiple service arrangements provide adaptive alternatives, with redundancy and coordination friction",EXPLICIT SCENARIO HORIZON; no official local 2075 projection and no mechanical extrapolation,"higher-uncertainty long-horizon scenario mechanism; not a migration count, causal claim, or population-growth assumption",S11C-B2075-01,S11C-BASELINE-11A;S11C-POP-PROJ-TABLES;S11C-CLIMATE,moderate,fictional,scenario,qualitative scenario delta over accepted 2026 baseline,false,"County geography is a statistical/cartographic frame, not a jurisdiction or utility service territory. Population ≠ household ≠ housing unit ≠ worker ≠ job ≠ commuter; this row carries no numeric future value. No vulnerability/EJ score or protected-class ranking is represented."
PFS-B2075-26115,B2075,Polycentric Adaptive Basin,2075,POP-ZONE-26115,"Monroe County, MI",county,county_population_zone,"CURRENT FACT (2026 baseline): Monroe County, MI is represented as a Census county-scale population-zone node with a generalized settlement context; no future value is implied.",polycentric distribution persists across multiple centers rather than a single dominant concentration,durable polycentric basin with multiple center types and local adaptation,locally adapted housing forms persist with mixed infill and reuse across the network,multiple employment centers and specialized local nodes remain connected but nonuniform,networked commuting and service interfaces persist with local variation; migration is not inferred,"multiple service arrangements provide adaptive alternatives, with redundancy and coordination friction",EXPLICIT SCENARIO HORIZON; no official local 2075 projection and no mechanical extrapolation,"higher-uncertainty long-horizon scenario mechanism; not a migration count, causal claim, or population-growth assumption",S11C-B2075-01,S11C-BASELINE-11A;S11C-POP-PROJ-TABLES;S11C-CLIMATE,moderate,fictional,scenario,qualitative scenario delta over accepted 2026 baseline,false,"County geography is a statistical/cartographic frame, not a jurisdiction or utility service territory. Population ≠ household ≠ housing unit ≠ worker ≠ job ≠ commuter; this row carries no numeric future value. No vulnerability/EJ score or protected-class ranking is represented."
PFS-B2075-18003,B2075,Polycentric Adaptive Basin,2075,POP-ZONE-18003,"Allen County, IN",county,county_population_zone,"CURRENT FACT (2026 baseline): Allen County, IN is represented as a Census county-scale population-zone node with a generalized settlement context; no future value is implied.",polycentric distribution persists across multiple centers rather than a single dominant concentration,durable polycentric basin with multiple center types and local adaptation,locally adapted housing forms persist with mixed infill and reuse across the network,multiple employment centers and specialized local nodes remain connected but nonuniform,networked commuting and service interfaces persist with local variation; migration is not inferred,"multiple service arrangements provide adaptive alternatives, with redundancy and coordination friction",EXPLICIT SCENARIO HORIZON; no official local 2075 projection and no mechanical extrapolation,"higher-uncertainty long-horizon scenario mechanism; not a migration count, causal claim, or population-growth assumption",S11C-B2075-01,S11C-BASELINE-11A;S11C-POP-PROJ-TABLES;S11C-CLIMATE,moderate,fictional,scenario,qualitative scenario delta over accepted 2026 baseline,false,"County geography is a statistical/cartographic frame, not a jurisdiction or utility service territory. Population ≠ household ≠ housing unit ≠ worker ≠ job ≠ commuter; this row carries no numeric future value. No vulnerability/EJ score or protected-class ranking is represented."
PFS-B2075-18033,B2075,Polycentric Adaptive Basin,2075,POP-ZONE-18033,"DeKalb County, IN",county,county_population_zone,"CURRENT FACT (2026 baseline): DeKalb County, IN is represented as a Census county-scale population-zone node with a generalized settlement context; no future value is implied.",polycentric distribution persists across multiple centers rather than a single dominant concentration,durable polycentric basin with multiple center types and local adaptation,locally adapted housing forms persist with mixed infill and reuse across the network,multiple employment centers and specialized local nodes remain connected but nonuniform,networked commuting and service interfaces persist with local variation; migration is not inferred,"multiple service arrangements provide adaptive alternatives, with redundancy and coordination friction",EXPLICIT SCENARIO HORIZON; no official local 2075 projection and no mechanical extrapolation,"higher-uncertainty long-horizon scenario mechanism; not a migration count, causal claim, or population-growth assumption",S11C-B2075-01,S11C-BASELINE-11A;S11C-POP-PROJ-TABLES;S11C-CLIMATE,moderate,fictional,scenario,qualitative scenario delta over accepted 2026 baseline,false,"County geography is a statistical/cartographic frame, not a jurisdiction or utility service territory. Population ≠ household ≠ housing unit ≠ worker ≠ job ≠ commuter; this row carries no numeric future value. No vulnerability/EJ score or protected-class ranking is represented."
PFS-B2075-18151,B2075,Polycentric Adaptive Basin,2075,POP-ZONE-18151,"Steuben County, IN",county,county_population_zone,"CURRENT FACT (2026 baseline): Steuben County, IN is represented as a Census county-scale population-zone node with a generalized settlement context; no future value is implied.",polycentric distribution persists across multiple centers rather than a single dominant concentration,durable polycentric basin with multiple center types and local adaptation,locally adapted housing forms persist with mixed infill and reuse across the network,multiple employment centers and specialized local nodes remain connected but nonuniform,networked commuting and service interfaces persist with local variation; migration is not inferred,"multiple service arrangements provide adaptive alternatives, with redundancy and coordination friction",EXPLICIT SCENARIO HORIZON; no official local 2075 projection and no mechanical extrapolation,"higher-uncertainty long-horizon scenario mechanism; not a migration count, causal claim, or population-growth assumption",S11C-B2075-01,S11C-BASELINE-11A;S11C-POP-PROJ-TABLES;S11C-CLIMATE,moderate,fictional,scenario,qualitative scenario delta over accepted 2026 baseline,false,"County geography is a statistical/cartographic frame, not a jurisdiction or utility service territory. Population ≠ household ≠ housing unit ≠ worker ≠ job ≠ commuter; this row carries no numeric future value. No vulnerability/EJ score or protected-class ranking is represented."
PFS-C2050-39039,C2050,Uneven Change / Infrastructure Strain,2050,POP-ZONE-39039,"Defiance County, OH",county,county_population_zone,"CURRENT FACT (2026 baseline): Defiance County, OH is represented as a Census county-scale population-zone node with a generalized settlement context; no future value is implied.",uneven change leaves some anchors stable while other counties and centers face settlement pressure,"patchwork settlement form with selective retention, infill, and infrastructure-strained interfaces","housing reinvestment, reuse, and availability diverge by place; no household or unit total is forecast",employment anchors persist but access and supporting settlement functions diverge by place,commuting interfaces remain distinct from migration while infrastructure strain creates uneven access to centers,"water, wastewater, energy, transport, housing, and hazard dependencies expose maintenance seams without a vulnerability score or territory assignment",OFFICIAL PROJECTION CONTEXT AVAILABLE AT NATIONAL SCALE; no selected-county numeric projection adopted,high-uncertainty scenario mechanism that may alter housing and settlement demand; not a population-growth assumption,S11C-C2050-01,S11C-BASELINE-11A;S11C-POP-PROJ-TABLES;S11C-CLIMATE,exploratory,fictional,scenario,qualitative scenario delta over accepted 2026 baseline,false,"County geography is a statistical/cartographic frame, not a jurisdiction or utility service territory. Population ≠ household ≠ housing unit ≠ worker ≠ job ≠ commuter; this row carries no numeric future value. No vulnerability/EJ score or protected-class ranking is represented."
PFS-C2050-39051,C2050,Uneven Change / Infrastructure Strain,2050,POP-ZONE-39051,"Fulton County, OH",county,county_population_zone,"CURRENT FACT (2026 baseline): Fulton County, OH is represented as a Census county-scale population-zone node with a generalized settlement context; no future value is implied.",uneven change leaves some anchors stable while other counties and centers face settlement pressure,"patchwork settlement form with selective retention, infill, and infrastructure-strained interfaces","housing reinvestment, reuse, and availability diverge by place; no household or unit total is forecast",employment anchors persist but access and supporting settlement functions diverge by place,commuting interfaces remain distinct from migration while infrastructure strain creates uneven access to centers,"water, wastewater, energy, transport, housing, and hazard dependencies expose maintenance seams without a vulnerability score or territory assignment",OFFICIAL PROJECTION CONTEXT AVAILABLE AT NATIONAL SCALE; no selected-county numeric projection adopted,high-uncertainty scenario mechanism that may alter housing and settlement demand; not a population-growth assumption,S11C-C2050-01,S11C-BASELINE-11A;S11C-POP-PROJ-TABLES;S11C-CLIMATE,exploratory,fictional,scenario,qualitative scenario delta over accepted 2026 baseline,false,"County geography is a statistical/cartographic frame, not a jurisdiction or utility service territory. Population ≠ household ≠ housing unit ≠ worker ≠ job ≠ commuter; this row carries no numeric future value. No vulnerability/EJ score or protected-class ranking is represented."
PFS-C2050-39063,C2050,Uneven Change / Infrastructure Strain,2050,POP-ZONE-39063,"Hancock County, OH",county,county_population_zone,"CURRENT FACT (2026 baseline): Hancock County, OH is represented as a Census county-scale population-zone node with a generalized settlement context; no future value is implied.",uneven change leaves some anchors stable while other counties and centers face settlement pressure,"patchwork settlement form with selective retention, infill, and infrastructure-strained interfaces","housing reinvestment, reuse, and availability diverge by place; no household or unit total is forecast",employment anchors persist but access and supporting settlement functions diverge by place,commuting interfaces remain distinct from migration while infrastructure strain creates uneven access to centers,"water, wastewater, energy, transport, housing, and hazard dependencies expose maintenance seams without a vulnerability score or territory assignment",OFFICIAL PROJECTION CONTEXT AVAILABLE AT NATIONAL SCALE; no selected-county numeric projection adopted,high-uncertainty scenario mechanism that may alter housing and settlement demand; not a population-growth assumption,S11C-C2050-01,S11C-BASELINE-11A;S11C-POP-PROJ-TABLES;S11C-CLIMATE,exploratory,fictional,scenario,qualitative scenario delta over accepted 2026 baseline,false,"County geography is a statistical/cartographic frame, not a jurisdiction or utility service territory. Population ≠ household ≠ housing unit ≠ worker ≠ job ≠ commuter; this row carries no numeric future value. No vulnerability/EJ score or protected-class ranking is represented."
PFS-C2050-39069,C2050,Uneven Change / Infrastructure Strain,2050,POP-ZONE-39069,"Henry County, OH",county,county_population_zone,"CURRENT FACT (2026 baseline): Henry County, OH is represented as a Census county-scale population-zone node with a generalized settlement context; no future value is implied.",uneven change leaves some anchors stable while other counties and centers face settlement pressure,"patchwork settlement form with selective retention, infill, and infrastructure-strained interfaces","housing reinvestment, reuse, and availability diverge by place; no household or unit total is forecast",employment anchors persist but access and supporting settlement functions diverge by place,commuting interfaces remain distinct from migration while infrastructure strain creates uneven access to centers,"water, wastewater, energy, transport, housing, and hazard dependencies expose maintenance seams without a vulnerability score or territory assignment",OFFICIAL PROJECTION CONTEXT AVAILABLE AT NATIONAL SCALE; no selected-county numeric projection adopted,high-uncertainty scenario mechanism that may alter housing and settlement demand; not a population-growth assumption,S11C-C2050-01,S11C-BASELINE-11A;S11C-POP-PROJ-TABLES;S11C-CLIMATE,exploratory,fictional,scenario,qualitative scenario delta over accepted 2026 baseline,false,"County geography is a statistical/cartographic frame, not a jurisdiction or utility service territory. Population ≠ household ≠ housing unit ≠ worker ≠ job ≠ commuter; this row carries no numeric future value. No vulnerability/EJ score or protected-class ranking is represented."
PFS-C2050-39095,C2050,Uneven Change / Infrastructure Strain,2050,POP-ZONE-39095,"Lucas County, OH",county,county_population_zone,"CURRENT FACT (2026 baseline): Lucas County, OH is represented as a Census county-scale population-zone node with a generalized settlement context; no future value is implied.",uneven change leaves some anchors stable while other counties and centers face settlement pressure,"patchwork settlement form with selective retention, infill, and infrastructure-strained interfaces","housing reinvestment, reuse, and availability diverge by place; no household or unit total is forecast",employment anchors persist but access and supporting settlement functions diverge by place,commuting interfaces remain distinct from migration while infrastructure strain creates uneven access to centers,"water, wastewater, energy, transport, housing, and hazard dependencies expose maintenance seams without a vulnerability score or territory assignment",OFFICIAL PROJECTION CONTEXT AVAILABLE AT NATIONAL SCALE; no selected-county numeric projection adopted,high-uncertainty scenario mechanism that may alter housing and settlement demand; not a population-growth assumption,S11C-C2050-01,S11C-BASELINE-11A;S11C-POP-PROJ-TABLES;S11C-CLIMATE,exploratory,fictional,scenario,qualitative scenario delta over accepted 2026 baseline,false,"County geography is a statistical/cartographic frame, not a jurisdiction or utility service territory. Population ≠ household ≠ housing unit ≠ worker ≠ job ≠ commuter; this row carries no numeric future value. No vulnerability/EJ score or protected-class ranking is represented."
PFS-C2050-39123,C2050,Uneven Change / Infrastructure Strain,2050,POP-ZONE-39123,"Ottawa County, OH",county,county_population_zone,"CURRENT FACT (2026 baseline): Ottawa County, OH is represented as a Census county-scale population-zone node with a generalized settlement context; no future value is implied.",uneven change leaves some anchors stable while other counties and centers face settlement pressure,"patchwork settlement form with selective retention, infill, and infrastructure-strained interfaces","housing reinvestment, reuse, and availability diverge by place; no household or unit total is forecast",employment anchors persist but access and supporting settlement functions diverge by place,commuting interfaces remain distinct from migration while infrastructure strain creates uneven access to centers,"water, wastewater, energy, transport, housing, and hazard dependencies expose maintenance seams without a vulnerability score or territory assignment",OFFICIAL PROJECTION CONTEXT AVAILABLE AT NATIONAL SCALE; no selected-county numeric projection adopted,high-uncertainty scenario mechanism that may alter housing and settlement demand; not a population-growth assumption,S11C-C2050-01,S11C-BASELINE-11A;S11C-POP-PROJ-TABLES;S11C-CLIMATE,exploratory,fictional,scenario,qualitative scenario delta over accepted 2026 baseline,false,"County geography is a statistical/cartographic frame, not a jurisdiction or utility service territory. Population ≠ household ≠ housing unit ≠ worker ≠ job ≠ commuter; this row carries no numeric future value. No vulnerability/EJ score or protected-class ranking is represented."
PFS-C2050-39125,C2050,Uneven Change / Infrastructure Strain,2050,POP-ZONE-39125,"Paulding County, OH",county,county_population_zone,"CURRENT FACT (2026 baseline): Paulding County, OH is represented as a Census county-scale population-zone node with a generalized settlement context; no future value is implied.",uneven change leaves some anchors stable while other counties and centers face settlement pressure,"patchwork settlement form with selective retention, infill, and infrastructure-strained interfaces","housing reinvestment, reuse, and availability diverge by place; no household or unit total is forecast",employment anchors persist but access and supporting settlement functions diverge by place,commuting interfaces remain distinct from migration while infrastructure strain creates uneven access to centers,"water, wastewater, energy, transport, housing, and hazard dependencies expose maintenance seams without a vulnerability score or territory assignment",OFFICIAL PROJECTION CONTEXT AVAILABLE AT NATIONAL SCALE; no selected-county numeric projection adopted,high-uncertainty scenario mechanism that may alter housing and settlement demand; not a population-growth assumption,S11C-C2050-01,S11C-BASELINE-11A;S11C-POP-PROJ-TABLES;S11C-CLIMATE,exploratory,fictional,scenario,qualitative scenario delta over accepted 2026 baseline,false,"County geography is a statistical/cartographic frame, not a jurisdiction or utility service territory. Population ≠ household ≠ housing unit ≠ worker ≠ job ≠ commuter; this row carries no numeric future value. No vulnerability/EJ score or protected-class ranking is represented."
PFS-C2050-39137,C2050,Uneven Change / Infrastructure Strain,2050,POP-ZONE-39137,"Putnam County, OH",county,county_population_zone,"CURRENT FACT (2026 baseline): Putnam County, OH is represented as a Census county-scale population-zone node with a generalized settlement context; no future value is implied.",uneven change leaves some anchors stable while other counties and centers face settlement pressure,"patchwork settlement form with selective retention, infill, and infrastructure-strained interfaces","housing reinvestment, reuse, and availability diverge by place; no household or unit total is forecast",employment anchors persist but access and supporting settlement functions diverge by place,commuting interfaces remain distinct from migration while infrastructure strain creates uneven access to centers,"water, wastewater, energy, transport, housing, and hazard dependencies expose maintenance seams without a vulnerability score or territory assignment",OFFICIAL PROJECTION CONTEXT AVAILABLE AT NATIONAL SCALE; no selected-county numeric projection adopted,high-uncertainty scenario mechanism that may alter housing and settlement demand; not a population-growth assumption,S11C-C2050-01,S11C-BASELINE-11A;S11C-POP-PROJ-TABLES;S11C-CLIMATE,exploratory,fictional,scenario,qualitative scenario delta over accepted 2026 baseline,false,"County geography is a statistical/cartographic frame, not a jurisdiction or utility service territory. Population ≠ household ≠ housing unit ≠ worker ≠ job ≠ commuter; this row carries no numeric future value. No vulnerability/EJ score or protected-class ranking is represented."
PFS-C2050-39143,C2050,Uneven Change / Infrastructure Strain,2050,POP-ZONE-39143,"Sandusky County, OH",county,county_population_zone,"CURRENT FACT (2026 baseline): Sandusky County, OH is represented as a Census county-scale population-zone node with a generalized settlement context; no future value is implied.",uneven change leaves some anchors stable while other counties and centers face settlement pressure,"patchwork settlement form with selective retention, infill, and infrastructure-strained interfaces","housing reinvestment, reuse, and availability diverge by place; no household or unit total is forecast",employment anchors persist but access and supporting settlement functions diverge by place,commuting interfaces remain distinct from migration while infrastructure strain creates uneven access to centers,"water, wastewater, energy, transport, housing, and hazard dependencies expose maintenance seams without a vulnerability score or territory assignment",OFFICIAL PROJECTION CONTEXT AVAILABLE AT NATIONAL SCALE; no selected-county numeric projection adopted,high-uncertainty scenario mechanism that may alter housing and settlement demand; not a population-growth assumption,S11C-C2050-01,S11C-BASELINE-11A;S11C-POP-PROJ-TABLES;S11C-CLIMATE,exploratory,fictional,scenario,qualitative scenario delta over accepted 2026 baseline,false,"County geography is a statistical/cartographic frame, not a jurisdiction or utility service territory. Population ≠ household ≠ housing unit ≠ worker ≠ job ≠ commuter; this row carries no numeric future value. No vulnerability/EJ score or protected-class ranking is represented."
PFS-C2050-39147,C2050,Uneven Change / Infrastructure Strain,2050,POP-ZONE-39147,"Seneca County, OH",county,county_population_zone,"CURRENT FACT (2026 baseline): Seneca County, OH is represented as a Census county-scale population-zone node with a generalized settlement context; no future value is implied.",uneven change leaves some anchors stable while other counties and centers face settlement pressure,"patchwork settlement form with selective retention, infill, and infrastructure-strained interfaces","housing reinvestment, reuse, and availability diverge by place; no household or unit total is forecast",employment anchors persist but access and supporting settlement functions diverge by place,commuting interfaces remain distinct from migration while infrastructure strain creates uneven access to centers,"water, wastewater, energy, transport, housing, and hazard dependencies expose maintenance seams without a vulnerability score or territory assignment",OFFICIAL PROJECTION CONTEXT AVAILABLE AT NATIONAL SCALE; no selected-county numeric projection adopted,high-uncertainty scenario mechanism that may alter housing and settlement demand; not a population-growth assumption,S11C-C2050-01,S11C-BASELINE-11A;S11C-POP-PROJ-TABLES;S11C-CLIMATE,exploratory,fictional,scenario,qualitative scenario delta over accepted 2026 baseline,false,"County geography is a statistical/cartographic frame, not a jurisdiction or utility service territory. Population ≠ household ≠ housing unit ≠ worker ≠ job ≠ commuter; this row carries no numeric future value. No vulnerability/EJ score or protected-class ranking is represented."
PFS-C2050-39161,C2050,Uneven Change / Infrastructure Strain,2050,POP-ZONE-39161,"Van Wert County, OH",county,county_population_zone,"CURRENT FACT (2026 baseline): Van Wert County, OH is represented as a Census county-scale population-zone node with a generalized settlement context; no future value is implied.",uneven change leaves some anchors stable while other counties and centers face settlement pressure,"patchwork settlement form with selective retention, infill, and infrastructure-strained interfaces","housing reinvestment, reuse, and availability diverge by place; no household or unit total is forecast",employment anchors persist but access and supporting settlement functions diverge by place,commuting interfaces remain distinct from migration while infrastructure strain creates uneven access to centers,"water, wastewater, energy, transport, housing, and hazard dependencies expose maintenance seams without a vulnerability score or territory assignment",OFFICIAL PROJECTION CONTEXT AVAILABLE AT NATIONAL SCALE; no selected-county numeric projection adopted,high-uncertainty scenario mechanism that may alter housing and settlement demand; not a population-growth assumption,S11C-C2050-01,S11C-BASELINE-11A;S11C-POP-PROJ-TABLES;S11C-CLIMATE,exploratory,fictional,scenario,qualitative scenario delta over accepted 2026 baseline,false,"County geography is a statistical/cartographic frame, not a jurisdiction or utility service territory. Population ≠ household ≠ housing unit ≠ worker ≠ job ≠ commuter; this row carries no numeric future value. No vulnerability/EJ score or protected-class ranking is represented."
PFS-C2050-39171,C2050,Uneven Change / Infrastructure Strain,2050,POP-ZONE-39171,"Williams County, OH",county,county_population_zone,"CURRENT FACT (2026 baseline): Williams County, OH is represented as a Census county-scale population-zone node with a generalized settlement context; no future value is implied.",uneven change leaves some anchors stable while other counties and centers face settlement pressure,"patchwork settlement form with selective retention, infill, and infrastructure-strained interfaces","housing reinvestment, reuse, and availability diverge by place; no household or unit total is forecast",employment anchors persist but access and supporting settlement functions diverge by place,commuting interfaces remain distinct from migration while infrastructure strain creates uneven access to centers,"water, wastewater, energy, transport, housing, and hazard dependencies expose maintenance seams without a vulnerability score or territory assignment",OFFICIAL PROJECTION CONTEXT AVAILABLE AT NATIONAL SCALE; no selected-county numeric projection adopted,high-uncertainty scenario mechanism that may alter housing and settlement demand; not a population-growth assumption,S11C-C2050-01,S11C-BASELINE-11A;S11C-POP-PROJ-TABLES;S11C-CLIMATE,exploratory,fictional,scenario,qualitative scenario delta over accepted 2026 baseline,false,"County geography is a statistical/cartographic frame, not a jurisdiction or utility service territory. Population ≠ household ≠ housing unit ≠ worker ≠ job ≠ commuter; this row carries no numeric future value. No vulnerability/EJ score or protected-class ranking is represented."
PFS-C2050-39173,C2050,Uneven Change / Infrastructure Strain,2050,POP-ZONE-39173,"Wood County, OH",county,county_population_zone,"CURRENT FACT (2026 baseline): Wood County, OH is represented as a Census county-scale population-zone node with a generalized settlement context; no future value is implied.",uneven change leaves some anchors stable while other counties and centers face settlement pressure,"patchwork settlement form with selective retention, infill, and infrastructure-strained interfaces","housing reinvestment, reuse, and availability diverge by place; no household or unit total is forecast",employment anchors persist but access and supporting settlement functions diverge by place,commuting interfaces remain distinct from migration while infrastructure strain creates uneven access to centers,"water, wastewater, energy, transport, housing, and hazard dependencies expose maintenance seams without a vulnerability score or territory assignment",OFFICIAL PROJECTION CONTEXT AVAILABLE AT NATIONAL SCALE; no selected-county numeric projection adopted,high-uncertainty scenario mechanism that may alter housing and settlement demand; not a population-growth assumption,S11C-C2050-01,S11C-BASELINE-11A;S11C-POP-PROJ-TABLES;S11C-CLIMATE,exploratory,fictional,scenario,qualitative scenario delta over accepted 2026 baseline,false,"County geography is a statistical/cartographic frame, not a jurisdiction or utility service territory. Population ≠ household ≠ housing unit ≠ worker ≠ job ≠ commuter; this row carries no numeric future value. No vulnerability/EJ score or protected-class ranking is represented."
PFS-C2050-26091,C2050,Uneven Change / Infrastructure Strain,2050,POP-ZONE-26091,"Lenawee County, MI",county,county_population_zone,"CURRENT FACT (2026 baseline): Lenawee County, MI is represented as a Census county-scale population-zone node with a generalized settlement context; no future value is implied.",uneven change leaves some anchors stable while other counties and centers face settlement pressure,"patchwork settlement form with selective retention, infill, and infrastructure-strained interfaces","housing reinvestment, reuse, and availability diverge by place; no household or unit total is forecast",employment anchors persist but access and supporting settlement functions diverge by place,commuting interfaces remain distinct from migration while infrastructure strain creates uneven access to centers,"water, wastewater, energy, transport, housing, and hazard dependencies expose maintenance seams without a vulnerability score or territory assignment",OFFICIAL PROJECTION CONTEXT AVAILABLE AT NATIONAL SCALE; no selected-county numeric projection adopted,high-uncertainty scenario mechanism that may alter housing and settlement demand; not a population-growth assumption,S11C-C2050-01,S11C-BASELINE-11A;S11C-POP-PROJ-TABLES;S11C-CLIMATE,exploratory,fictional,scenario,qualitative scenario delta over accepted 2026 baseline,false,"County geography is a statistical/cartographic frame, not a jurisdiction or utility service territory. Population ≠ household ≠ housing unit ≠ worker ≠ job ≠ commuter; this row carries no numeric future value. No vulnerability/EJ score or protected-class ranking is represented."
PFS-C2050-26115,C2050,Uneven Change / Infrastructure Strain,2050,POP-ZONE-26115,"Monroe County, MI",county,county_population_zone,"CURRENT FACT (2026 baseline): Monroe County, MI is represented as a Census county-scale population-zone node with a generalized settlement context; no future value is implied.",uneven change leaves some anchors stable while other counties and centers face settlement pressure,"patchwork settlement form with selective retention, infill, and infrastructure-strained interfaces","housing reinvestment, reuse, and availability diverge by place; no household or unit total is forecast",employment anchors persist but access and supporting settlement functions diverge by place,commuting interfaces remain distinct from migration while infrastructure strain creates uneven access to centers,"water, wastewater, energy, transport, housing, and hazard dependencies expose maintenance seams without a vulnerability score or territory assignment",OFFICIAL PROJECTION CONTEXT AVAILABLE AT NATIONAL SCALE; no selected-county numeric projection adopted,high-uncertainty scenario mechanism that may alter housing and settlement demand; not a population-growth assumption,S11C-C2050-01,S11C-BASELINE-11A;S11C-POP-PROJ-TABLES;S11C-CLIMATE,exploratory,fictional,scenario,qualitative scenario delta over accepted 2026 baseline,false,"County geography is a statistical/cartographic frame, not a jurisdiction or utility service territory. Population ≠ household ≠ housing unit ≠ worker ≠ job ≠ commuter; this row carries no numeric future value. No vulnerability/EJ score or protected-class ranking is represented."
PFS-C2050-18003,C2050,Uneven Change / Infrastructure Strain,2050,POP-ZONE-18003,"Allen County, IN",county,county_population_zone,"CURRENT FACT (2026 baseline): Allen County, IN is represented as a Census county-scale population-zone node with a generalized settlement context; no future value is implied.",uneven change leaves some anchors stable while other counties and centers face settlement pressure,"patchwork settlement form with selective retention, infill, and infrastructure-strained interfaces","housing reinvestment, reuse, and availability diverge by place; no household or unit total is forecast",employment anchors persist but access and supporting settlement functions diverge by place,commuting interfaces remain distinct from migration while infrastructure strain creates uneven access to centers,"water, wastewater, energy, transport, housing, and hazard dependencies expose maintenance seams without a vulnerability score or territory assignment",OFFICIAL PROJECTION CONTEXT AVAILABLE AT NATIONAL SCALE; no selected-county numeric projection adopted,high-uncertainty scenario mechanism that may alter housing and settlement demand; not a population-growth assumption,S11C-C2050-01,S11C-BASELINE-11A;S11C-POP-PROJ-TABLES;S11C-CLIMATE,exploratory,fictional,scenario,qualitative scenario delta over accepted 2026 baseline,false,"County geography is a statistical/cartographic frame, not a jurisdiction or utility service territory. Population ≠ household ≠ housing unit ≠ worker ≠ job ≠ commuter; this row carries no numeric future value. No vulnerability/EJ score or protected-class ranking is represented."
PFS-C2050-18033,C2050,Uneven Change / Infrastructure Strain,2050,POP-ZONE-18033,"DeKalb County, IN",county,county_population_zone,"CURRENT FACT (2026 baseline): DeKalb County, IN is represented as a Census county-scale population-zone node with a generalized settlement context; no future value is implied.",uneven change leaves some anchors stable while other counties and centers face settlement pressure,"patchwork settlement form with selective retention, infill, and infrastructure-strained interfaces","housing reinvestment, reuse, and availability diverge by place; no household or unit total is forecast",employment anchors persist but access and supporting settlement functions diverge by place,commuting interfaces remain distinct from migration while infrastructure strain creates uneven access to centers,"water, wastewater, energy, transport, housing, and hazard dependencies expose maintenance seams without a vulnerability score or territory assignment",OFFICIAL PROJECTION CONTEXT AVAILABLE AT NATIONAL SCALE; no selected-county numeric projection adopted,high-uncertainty scenario mechanism that may alter housing and settlement demand; not a population-growth assumption,S11C-C2050-01,S11C-BASELINE-11A;S11C-POP-PROJ-TABLES;S11C-CLIMATE,exploratory,fictional,scenario,qualitative scenario delta over accepted 2026 baseline,false,"County geography is a statistical/cartographic frame, not a jurisdiction or utility service territory. Population ≠ household ≠ housing unit ≠ worker ≠ job ≠ commuter; this row carries no numeric future value. No vulnerability/EJ score or protected-class ranking is represented."
PFS-C2050-18151,C2050,Uneven Change / Infrastructure Strain,2050,POP-ZONE-18151,"Steuben County, IN",county,county_population_zone,"CURRENT FACT (2026 baseline): Steuben County, IN is represented as a Census county-scale population-zone node with a generalized settlement context; no future value is implied.",uneven change leaves some anchors stable while other counties and centers face settlement pressure,"patchwork settlement form with selective retention, infill, and infrastructure-strained interfaces","housing reinvestment, reuse, and availability diverge by place; no household or unit total is forecast",employment anchors persist but access and supporting settlement functions diverge by place,commuting interfaces remain distinct from migration while infrastructure strain creates uneven access to centers,"water, wastewater, energy, transport, housing, and hazard dependencies expose maintenance seams without a vulnerability score or territory assignment",OFFICIAL PROJECTION CONTEXT AVAILABLE AT NATIONAL SCALE; no selected-county numeric projection adopted,high-uncertainty scenario mechanism that may alter housing and settlement demand; not a population-growth assumption,S11C-C2050-01,S11C-BASELINE-11A;S11C-POP-PROJ-TABLES;S11C-CLIMATE,exploratory,fictional,scenario,qualitative scenario delta over accepted 2026 baseline,false,"County geography is a statistical/cartographic frame, not a jurisdiction or utility service territory. Population ≠ household ≠ housing unit ≠ worker ≠ job ≠ commuter; this row carries no numeric future value. No vulnerability/EJ score or protected-class ranking is represented."
PFS-C2075-39039,C2075,Uneven Change / Infrastructure Strain,2075,POP-ZONE-39039,"Defiance County, OH",county,county_population_zone,"CURRENT FACT (2026 baseline): Defiance County, OH is represented as a Census county-scale population-zone node with a generalized settlement context; no future value is implied.",uneven settlement retention and contraction persist alongside durable local anchors,"diverged settlement forms persist: durable anchors, retained towns, and strained low-density interfaces","housing form remains uneven, with durable reinvestment in some places and deferred reuse in others",employment remains concentrated in capable nodes while weaker links and local functions diverge,commuting and service interfaces remain uneven; no individual movement or migration count is modeled,infrastructure-service strain is entrenched in selected interfaces while capable local systems persist,EXPLICIT SCENARIO HORIZON; no official local 2075 projection and no mechanical extrapolation,"higher-uncertainty long-horizon scenario mechanism; not a migration count, causal claim, or population-growth assumption",S11C-C2075-01,S11C-BASELINE-11A;S11C-POP-PROJ-TABLES;S11C-CLIMATE,exploratory,fictional,scenario,qualitative scenario delta over accepted 2026 baseline,false,"County geography is a statistical/cartographic frame, not a jurisdiction or utility service territory. Population ≠ household ≠ housing unit ≠ worker ≠ job ≠ commuter; this row carries no numeric future value. No vulnerability/EJ score or protected-class ranking is represented."
PFS-C2075-39051,C2075,Uneven Change / Infrastructure Strain,2075,POP-ZONE-39051,"Fulton County, OH",county,county_population_zone,"CURRENT FACT (2026 baseline): Fulton County, OH is represented as a Census county-scale population-zone node with a generalized settlement context; no future value is implied.",uneven settlement retention and contraction persist alongside durable local anchors,"diverged settlement forms persist: durable anchors, retained towns, and strained low-density interfaces","housing form remains uneven, with durable reinvestment in some places and deferred reuse in others",employment remains concentrated in capable nodes while weaker links and local functions diverge,commuting and service interfaces remain uneven; no individual movement or migration count is modeled,infrastructure-service strain is entrenched in selected interfaces while capable local systems persist,EXPLICIT SCENARIO HORIZON; no official local 2075 projection and no mechanical extrapolation,"higher-uncertainty long-horizon scenario mechanism; not a migration count, causal claim, or population-growth assumption",S11C-C2075-01,S11C-BASELINE-11A;S11C-POP-PROJ-TABLES;S11C-CLIMATE,exploratory,fictional,scenario,qualitative scenario delta over accepted 2026 baseline,false,"County geography is a statistical/cartographic frame, not a jurisdiction or utility service territory. Population ≠ household ≠ housing unit ≠ worker ≠ job ≠ commuter; this row carries no numeric future value. No vulnerability/EJ score or protected-class ranking is represented."
PFS-C2075-39063,C2075,Uneven Change / Infrastructure Strain,2075,POP-ZONE-39063,"Hancock County, OH",county,county_population_zone,"CURRENT FACT (2026 baseline): Hancock County, OH is represented as a Census county-scale population-zone node with a generalized settlement context; no future value is implied.",uneven settlement retention and contraction persist alongside durable local anchors,"diverged settlement forms persist: durable anchors, retained towns, and strained low-density interfaces","housing form remains uneven, with durable reinvestment in some places and deferred reuse in others",employment remains concentrated in capable nodes while weaker links and local functions diverge,commuting and service interfaces remain uneven; no individual movement or migration count is modeled,infrastructure-service strain is entrenched in selected interfaces while capable local systems persist,EXPLICIT SCENARIO HORIZON; no official local 2075 projection and no mechanical extrapolation,"higher-uncertainty long-horizon scenario mechanism; not a migration count, causal claim, or population-growth assumption",S11C-C2075-01,S11C-BASELINE-11A;S11C-POP-PROJ-TABLES;S11C-CLIMATE,exploratory,fictional,scenario,qualitative scenario delta over accepted 2026 baseline,false,"County geography is a statistical/cartographic frame, not a jurisdiction or utility service territory. Population ≠ household ≠ housing unit ≠ worker ≠ job ≠ commuter; this row carries no numeric future value. No vulnerability/EJ score or protected-class ranking is represented."
PFS-C2075-39069,C2075,Uneven Change / Infrastructure Strain,2075,POP-ZONE-39069,"Henry County, OH",county,county_population_zone,"CURRENT FACT (2026 baseline): Henry County, OH is represented as a Census county-scale population-zone node with a generalized settlement context; no future value is implied.",uneven settlement retention and contraction persist alongside durable local anchors,"diverged settlement forms persist: durable anchors, retained towns, and strained low-density interfaces","housing form remains uneven, with durable reinvestment in some places and deferred reuse in others",employment remains concentrated in capable nodes while weaker links and local functions diverge,commuting and service interfaces remain uneven; no individual movement or migration count is modeled,infrastructure-service strain is entrenched in selected interfaces while capable local systems persist,EXPLICIT SCENARIO HORIZON; no official local 2075 projection and no mechanical extrapolation,"higher-uncertainty long-horizon scenario mechanism; not a migration count, causal claim, or population-growth assumption",S11C-C2075-01,S11C-BASELINE-11A;S11C-POP-PROJ-TABLES;S11C-CLIMATE,exploratory,fictional,scenario,qualitative scenario delta over accepted 2026 baseline,false,"County geography is a statistical/cartographic frame, not a jurisdiction or utility service territory. Population ≠ household ≠ housing unit ≠ worker ≠ job ≠ commuter; this row carries no numeric future value. No vulnerability/EJ score or protected-class ranking is represented."
PFS-C2075-39095,C2075,Uneven Change / Infrastructure Strain,2075,POP-ZONE-39095,"Lucas County, OH",county,county_population_zone,"CURRENT FACT (2026 baseline): Lucas County, OH is represented as a Census county-scale population-zone node with a generalized settlement context; no future value is implied.",uneven settlement retention and contraction persist alongside durable local anchors,"diverged settlement forms persist: durable anchors, retained towns, and strained low-density interfaces","housing form remains uneven, with durable reinvestment in some places and deferred reuse in others",employment remains concentrated in capable nodes while weaker links and local functions diverge,commuting and service interfaces remain uneven; no individual movement or migration count is modeled,infrastructure-service strain is entrenched in selected interfaces while capable local systems persist,EXPLICIT SCENARIO HORIZON; no official local 2075 projection and no mechanical extrapolation,"higher-uncertainty long-horizon scenario mechanism; not a migration count, causal claim, or population-growth assumption",S11C-C2075-01,S11C-BASELINE-11A;S11C-POP-PROJ-TABLES;S11C-CLIMATE,exploratory,fictional,scenario,qualitative scenario delta over accepted 2026 baseline,false,"County geography is a statistical/cartographic frame, not a jurisdiction or utility service territory. Population ≠ household ≠ housing unit ≠ worker ≠ job ≠ commuter; this row carries no numeric future value. No vulnerability/EJ score or protected-class ranking is represented."
PFS-C2075-39123,C2075,Uneven Change / Infrastructure Strain,2075,POP-ZONE-39123,"Ottawa County, OH",county,county_population_zone,"CURRENT FACT (2026 baseline): Ottawa County, OH is represented as a Census county-scale population-zone node with a generalized settlement context; no future value is implied.",uneven settlement retention and contraction persist alongside durable local anchors,"diverged settlement forms persist: durable anchors, retained towns, and strained low-density interfaces","housing form remains uneven, with durable reinvestment in some places and deferred reuse in others",employment remains concentrated in capable nodes while weaker links and local functions diverge,commuting and service interfaces remain uneven; no individual movement or migration count is modeled,infrastructure-service strain is entrenched in selected interfaces while capable local systems persist,EXPLICIT SCENARIO HORIZON; no official local 2075 projection and no mechanical extrapolation,"higher-uncertainty long-horizon scenario mechanism; not a migration count, causal claim, or population-growth assumption",S11C-C2075-01,S11C-BASELINE-11A;S11C-POP-PROJ-TABLES;S11C-CLIMATE,exploratory,fictional,scenario,qualitative scenario delta over accepted 2026 baseline,false,"County geography is a statistical/cartographic frame, not a jurisdiction or utility service territory. Population ≠ household ≠ housing unit ≠ worker ≠ job ≠ commuter; this row carries no numeric future value. No vulnerability/EJ score or protected-class ranking is represented."
PFS-C2075-39125,C2075,Uneven Change / Infrastructure Strain,2075,POP-ZONE-39125,"Paulding County, OH",county,county_population_zone,"CURRENT FACT (2026 baseline): Paulding County, OH is represented as a Census county-scale population-zone node with a generalized settlement context; no future value is implied.",uneven settlement retention and contraction persist alongside durable local anchors,"diverged settlement forms persist: durable anchors, retained towns, and strained low-density interfaces","housing form remains uneven, with durable reinvestment in some places and deferred reuse in others",employment remains concentrated in capable nodes while weaker links and local functions diverge,commuting and service interfaces remain uneven; no individual movement or migration count is modeled,infrastructure-service strain is entrenched in selected interfaces while capable local systems persist,EXPLICIT SCENARIO HORIZON; no official local 2075 projection and no mechanical extrapolation,"higher-uncertainty long-horizon scenario mechanism; not a migration count, causal claim, or population-growth assumption",S11C-C2075-01,S11C-BASELINE-11A;S11C-POP-PROJ-TABLES;S11C-CLIMATE,exploratory,fictional,scenario,qualitative scenario delta over accepted 2026 baseline,false,"County geography is a statistical/cartographic frame, not a jurisdiction or utility service territory. Population ≠ household ≠ housing unit ≠ worker ≠ job ≠ commuter; this row carries no numeric future value. No vulnerability/EJ score or protected-class ranking is represented."
PFS-C2075-39137,C2075,Uneven Change / Infrastructure Strain,2075,POP-ZONE-39137,"Putnam County, OH",county,county_population_zone,"CURRENT FACT (2026 baseline): Putnam County, OH is represented as a Census county-scale population-zone node with a generalized settlement context; no future value is implied.",uneven settlement retention and contraction persist alongside durable local anchors,"diverged settlement forms persist: durable anchors, retained towns, and strained low-density interfaces","housing form remains uneven, with durable reinvestment in some places and deferred reuse in others",employment remains concentrated in capable nodes while weaker links and local functions diverge,commuting and service interfaces remain uneven; no individual movement or migration count is modeled,infrastructure-service strain is entrenched in selected interfaces while capable local systems persist,EXPLICIT SCENARIO HORIZON; no official local 2075 projection and no mechanical extrapolation,"higher-uncertainty long-horizon scenario mechanism; not a migration count, causal claim, or population-growth assumption",S11C-C2075-01,S11C-BASELINE-11A;S11C-POP-PROJ-TABLES;S11C-CLIMATE,exploratory,fictional,scenario,qualitative scenario delta over accepted 2026 baseline,false,"County geography is a statistical/cartographic frame, not a jurisdiction or utility service territory. Population ≠ household ≠ housing unit ≠ worker ≠ job ≠ commuter; this row carries no numeric future value. No vulnerability/EJ score or protected-class ranking is represented."
PFS-C2075-39143,C2075,Uneven Change / Infrastructure Strain,2075,POP-ZONE-39143,"Sandusky County, OH",county,county_population_zone,"CURRENT FACT (2026 baseline): Sandusky County, OH is represented as a Census county-scale population-zone node with a generalized settlement context; no future value is implied.",uneven settlement retention and contraction persist alongside durable local anchors,"diverged settlement forms persist: durable anchors, retained towns, and strained low-density interfaces","housing form remains uneven, with durable reinvestment in some places and deferred reuse in others",employment remains concentrated in capable nodes while weaker links and local functions diverge,commuting and service interfaces remain uneven; no individual movement or migration count is modeled,infrastructure-service strain is entrenched in selected interfaces while capable local systems persist,EXPLICIT SCENARIO HORIZON; no official local 2075 projection and no mechanical extrapolation,"higher-uncertainty long-horizon scenario mechanism; not a migration count, causal claim, or population-growth assumption",S11C-C2075-01,S11C-BASELINE-11A;S11C-POP-PROJ-TABLES;S11C-CLIMATE,exploratory,fictional,scenario,qualitative scenario delta over accepted 2026 baseline,false,"County geography is a statistical/cartographic frame, not a jurisdiction or utility service territory. Population ≠ household ≠ housing unit ≠ worker ≠ job ≠ commuter; this row carries no numeric future value. No vulnerability/EJ score or protected-class ranking is represented."
PFS-C2075-39147,C2075,Uneven Change / Infrastructure Strain,2075,POP-ZONE-39147,"Seneca County, OH",county,county_population_zone,"CURRENT FACT (2026 baseline): Seneca County, OH is represented as a Census county-scale population-zone node with a generalized settlement context; no future value is implied.",uneven settlement retention and contraction persist alongside durable local anchors,"diverged settlement forms persist: durable anchors, retained towns, and strained low-density interfaces","housing form remains uneven, with durable reinvestment in some places and deferred reuse in others",employment remains concentrated in capable nodes while weaker links and local functions diverge,commuting and service interfaces remain uneven; no individual movement or migration count is modeled,infrastructure-service strain is entrenched in selected interfaces while capable local systems persist,EXPLICIT SCENARIO HORIZON; no official local 2075 projection and no mechanical extrapolation,"higher-uncertainty long-horizon scenario mechanism; not a migration count, causal claim, or population-growth assumption",S11C-C2075-01,S11C-BASELINE-11A;S11C-POP-PROJ-TABLES;S11C-CLIMATE,exploratory,fictional,scenario,qualitative scenario delta over accepted 2026 baseline,false,"County geography is a statistical/cartographic frame, not a jurisdiction or utility service territory. Population ≠ household ≠ housing unit ≠ worker ≠ job ≠ commuter; this row carries no numeric future value. No vulnerability/EJ score or protected-class ranking is represented."
PFS-C2075-39161,C2075,Uneven Change / Infrastructure Strain,2075,POP-ZONE-39161,"Van Wert County, OH",county,county_population_zone,"CURRENT FACT (2026 baseline): Van Wert County, OH is represented as a Census county-scale population-zone node with a generalized settlement context; no future value is implied.",uneven settlement retention and contraction persist alongside durable local anchors,"diverged settlement forms persist: durable anchors, retained towns, and strained low-density interfaces","housing form remains uneven, with durable reinvestment in some places and deferred reuse in others",employment remains concentrated in capable nodes while weaker links and local functions diverge,commuting and service interfaces remain uneven; no individual movement or migration count is modeled,infrastructure-service strain is entrenched in selected interfaces while capable local systems persist,EXPLICIT SCENARIO HORIZON; no official local 2075 projection and no mechanical extrapolation,"higher-uncertainty long-horizon scenario mechanism; not a migration count, causal claim, or population-growth assumption",S11C-C2075-01,S11C-BASELINE-11A;S11C-POP-PROJ-TABLES;S11C-CLIMATE,exploratory,fictional,scenario,qualitative scenario delta over accepted 2026 baseline,false,"County geography is a statistical/cartographic frame, not a jurisdiction or utility service territory. Population ≠ household ≠ housing unit ≠ worker ≠ job ≠ commuter; this row carries no numeric future value. No vulnerability/EJ score or protected-class ranking is represented."
PFS-C2075-39171,C2075,Uneven Change / Infrastructure Strain,2075,POP-ZONE-39171,"Williams County, OH",county,county_population_zone,"CURRENT FACT (2026 baseline): Williams County, OH is represented as a Census county-scale population-zone node with a generalized settlement context; no future value is implied.",uneven settlement retention and contraction persist alongside durable local anchors,"diverged settlement forms persist: durable anchors, retained towns, and strained low-density interfaces","housing form remains uneven, with durable reinvestment in some places and deferred reuse in others",employment remains concentrated in capable nodes while weaker links and local functions diverge,commuting and service interfaces remain uneven; no individual movement or migration count is modeled,infrastructure-service strain is entrenched in selected interfaces while capable local systems persist,EXPLICIT SCENARIO HORIZON; no official local 2075 projection and no mechanical extrapolation,"higher-uncertainty long-horizon scenario mechanism; not a migration count, causal claim, or population-growth assumption",S11C-C2075-01,S11C-BASELINE-11A;S11C-POP-PROJ-TABLES;S11C-CLIMATE,exploratory,fictional,scenario,qualitative scenario delta over accepted 2026 baseline,false,"County geography is a statistical/cartographic frame, not a jurisdiction or utility service territory. Population ≠ household ≠ housing unit ≠ worker ≠ job ≠ commuter; this row carries no numeric future value. No vulnerability/EJ score or protected-class ranking is represented."
PFS-C2075-39173,C2075,Uneven Change / Infrastructure Strain,2075,POP-ZONE-39173,"Wood County, OH",county,county_population_zone,"CURRENT FACT (2026 baseline): Wood County, OH is represented as a Census county-scale population-zone node with a generalized settlement context; no future value is implied.",uneven settlement retention and contraction persist alongside durable local anchors,"diverged settlement forms persist: durable anchors, retained towns, and strained low-density interfaces","housing form remains uneven, with durable reinvestment in some places and deferred reuse in others",employment remains concentrated in capable nodes while weaker links and local functions diverge,commuting and service interfaces remain uneven; no individual movement or migration count is modeled,infrastructure-service strain is entrenched in selected interfaces while capable local systems persist,EXPLICIT SCENARIO HORIZON; no official local 2075 projection and no mechanical extrapolation,"higher-uncertainty long-horizon scenario mechanism; not a migration count, causal claim, or population-growth assumption",S11C-C2075-01,S11C-BASELINE-11A;S11C-POP-PROJ-TABLES;S11C-CLIMATE,exploratory,fictional,scenario,qualitative scenario delta over accepted 2026 baseline,false,"County geography is a statistical/cartographic frame, not a jurisdiction or utility service territory. Population ≠ household ≠ housing unit ≠ worker ≠ job ≠ commuter; this row carries no numeric future value. No vulnerability/EJ score or protected-class ranking is represented."
PFS-C2075-26091,C2075,Uneven Change / Infrastructure Strain,2075,POP-ZONE-26091,"Lenawee County, MI",county,county_population_zone,"CURRENT FACT (2026 baseline): Lenawee County, MI is represented as a Census county-scale population-zone node with a generalized settlement context; no future value is implied.",uneven settlement retention and contraction persist alongside durable local anchors,"diverged settlement forms persist: durable anchors, retained towns, and strained low-density interfaces","housing form remains uneven, with durable reinvestment in some places and deferred reuse in others",employment remains concentrated in capable nodes while weaker links and local functions diverge,commuting and service interfaces remain uneven; no individual movement or migration count is modeled,infrastructure-service strain is entrenched in selected interfaces while capable local systems persist,EXPLICIT SCENARIO HORIZON; no official local 2075 projection and no mechanical extrapolation,"higher-uncertainty long-horizon scenario mechanism; not a migration count, causal claim, or population-growth assumption",S11C-C2075-01,S11C-BASELINE-11A;S11C-POP-PROJ-TABLES;S11C-CLIMATE,exploratory,fictional,scenario,qualitative scenario delta over accepted 2026 baseline,false,"County geography is a statistical/cartographic frame, not a jurisdiction or utility service territory. Population ≠ household ≠ housing unit ≠ worker ≠ job ≠ commuter; this row carries no numeric future value. No vulnerability/EJ score or protected-class ranking is represented."
PFS-C2075-26115,C2075,Uneven Change / Infrastructure Strain,2075,POP-ZONE-26115,"Monroe County, MI",county,county_population_zone,"CURRENT FACT (2026 baseline): Monroe County, MI is represented as a Census county-scale population-zone node with a generalized settlement context; no future value is implied.",uneven settlement retention and contraction persist alongside durable local anchors,"diverged settlement forms persist: durable anchors, retained towns, and strained low-density interfaces","housing form remains uneven, with durable reinvestment in some places and deferred reuse in others",employment remains concentrated in capable nodes while weaker links and local functions diverge,commuting and service interfaces remain uneven; no individual movement or migration count is modeled,infrastructure-service strain is entrenched in selected interfaces while capable local systems persist,EXPLICIT SCENARIO HORIZON; no official local 2075 projection and no mechanical extrapolation,"higher-uncertainty long-horizon scenario mechanism; not a migration count, causal claim, or population-growth assumption",S11C-C2075-01,S11C-BASELINE-11A;S11C-POP-PROJ-TABLES;S11C-CLIMATE,exploratory,fictional,scenario,qualitative scenario delta over accepted 2026 baseline,false,"County geography is a statistical/cartographic frame, not a jurisdiction or utility service territory. Population ≠ household ≠ housing unit ≠ worker ≠ job ≠ commuter; this row carries no numeric future value. No vulnerability/EJ score or protected-class ranking is represented."
PFS-C2075-18003,C2075,Uneven Change / Infrastructure Strain,2075,POP-ZONE-18003,"Allen County, IN",county,county_population_zone,"CURRENT FACT (2026 baseline): Allen County, IN is represented as a Census county-scale population-zone node with a generalized settlement context; no future value is implied.",uneven settlement retention and contraction persist alongside durable local anchors,"diverged settlement forms persist: durable anchors, retained towns, and strained low-density interfaces","housing form remains uneven, with durable reinvestment in some places and deferred reuse in others",employment remains concentrated in capable nodes while weaker links and local functions diverge,commuting and service interfaces remain uneven; no individual movement or migration count is modeled,infrastructure-service strain is entrenched in selected interfaces while capable local systems persist,EXPLICIT SCENARIO HORIZON; no official local 2075 projection and no mechanical extrapolation,"higher-uncertainty long-horizon scenario mechanism; not a migration count, causal claim, or population-growth assumption",S11C-C2075-01,S11C-BASELINE-11A;S11C-POP-PROJ-TABLES;S11C-CLIMATE,exploratory,fictional,scenario,qualitative scenario delta over accepted 2026 baseline,false,"County geography is a statistical/cartographic frame, not a jurisdiction or utility service territory. Population ≠ household ≠ housing unit ≠ worker ≠ job ≠ commuter; this row carries no numeric future value. No vulnerability/EJ score or protected-class ranking is represented."
PFS-C2075-18033,C2075,Uneven Change / Infrastructure Strain,2075,POP-ZONE-18033,"DeKalb County, IN",county,county_population_zone,"CURRENT FACT (2026 baseline): DeKalb County, IN is represented as a Census county-scale population-zone node with a generalized settlement context; no future value is implied.",uneven settlement retention and contraction persist alongside durable local anchors,"diverged settlement forms persist: durable anchors, retained towns, and strained low-density interfaces","housing form remains uneven, with durable reinvestment in some places and deferred reuse in others",employment remains concentrated in capable nodes while weaker links and local functions diverge,commuting and service interfaces remain uneven; no individual movement or migration count is modeled,infrastructure-service strain is entrenched in selected interfaces while capable local systems persist,EXPLICIT SCENARIO HORIZON; no official local 2075 projection and no mechanical extrapolation,"higher-uncertainty long-horizon scenario mechanism; not a migration count, causal claim, or population-growth assumption",S11C-C2075-01,S11C-BASELINE-11A;S11C-POP-PROJ-TABLES;S11C-CLIMATE,exploratory,fictional,scenario,qualitative scenario delta over accepted 2026 baseline,false,"County geography is a statistical/cartographic frame, not a jurisdiction or utility service territory. Population ≠ household ≠ housing unit ≠ worker ≠ job ≠ commuter; this row carries no numeric future value. No vulnerability/EJ score or protected-class ranking is represented."
PFS-C2075-18151,C2075,Uneven Change / Infrastructure Strain,2075,POP-ZONE-18151,"Steuben County, IN",county,county_population_zone,"CURRENT FACT (2026 baseline): Steuben County, IN is represented as a Census county-scale population-zone node with a generalized settlement context; no future value is implied.",uneven settlement retention and contraction persist alongside durable local anchors,"diverged settlement forms persist: durable anchors, retained towns, and strained low-density interfaces","housing form remains uneven, with durable reinvestment in some places and deferred reuse in others",employment remains concentrated in capable nodes while weaker links and local functions diverge,commuting and service interfaces remain uneven; no individual movement or migration count is modeled,infrastructure-service strain is entrenched in selected interfaces while capable local systems persist,EXPLICIT SCENARIO HORIZON; no official local 2075 projection and no mechanical extrapolation,"higher-uncertainty long-horizon scenario mechanism; not a migration count, causal claim, or population-growth assumption",S11C-C2075-01,S11C-BASELINE-11A;S11C-POP-PROJ-TABLES;S11C-CLIMATE,exploratory,fictional,scenario,qualitative scenario delta over accepted 2026 baseline,false,"County geography is a statistical/cartographic frame, not a jurisdiction or utility service territory. Population ≠ household ≠ housing unit ≠ worker ≠ job ≠ commuter; this row carries no numeric future value. No vulnerability/EJ score or protected-class ranking is represented."
