up_hydrosequence,down_hydrosequence,up_id3dhp,down_id3dhp,from_huc12,to_huc12,up_feature_type,down_feature_type,up_physicality,down_physicality,up_source_generation,down_source_generation,transition_class,transition_id
9333212,9318443,10E4W,5ZK1T,041000071202,041000071203,Drainageway,Channel Line,drainageway,physical_channel,migrated_nhd,migrated_nhd,physical_hydrography,9333212->9318443
9198707,9183384,10ET0,FB620,041000040604,041000040603,Waterbody Connector,Channel Line,authoritative_network_connector,physical_channel,migrated_nhd,migrated_nhd,authoritative_network_connector,9198707->9183384
9447426,9433611,10EVL,C2ENB,041000040603,041000040604,Hydro Unenforced Connector,Hydro Unenforced Connector,authoritative_network_connector,authoritative_network_connector,migrated_nhd,migrated_nhd,authoritative_network_connector,9447426->9433611
7700938,7683575,10MR1,56NOV,041000050102,041000050103,Drainageway,Channel Line,drainageway,physical_channel,migrated_nhd,migrated_nhd,physical_hydrography,7700938->7683575
7577778,7560176,10MT3,3AW60,041000050102,041000050103,Waterbody Connector,Waterbody Connector,authoritative_network_connector,authoritative_network_connector,migrated_nhd,migrated_nhd,authoritative_network_connector,7577778->7560176
11838063,11827268,10Q22,15K0Z,041000030704,041000030706,Channel Line,Channel Line,physical_channel,physical_channel,migrated_nhd,migrated_nhd,physical_hydrography,11838063->11827268
12821475,12811529,10QMM,A1SMZ,041000030203,041000030301,Surface Connector,Channel Line,authoritative_network_connector,physical_channel,migrated_nhd,migrated_nhd,authoritative_network_connector,12821475->12811529
1816398,1760355,13G1G,8D8VI,041000090903,041000090804,Channel Line,Channel Line,physical_channel,physical_channel,migrated_nhd,migrated_nhd,physical_hydrography,1816398->1760355
12392095,12381404,13G4G,FJ341,041000040301,041000040302,Channel Line,Channel Line,physical_channel,physical_channel,migrated_nhd,migrated_nhd,physical_hydrography,12392095->12381404
6964228,6945453,15801,A1FX0,041000071203,041000071205,Waterbody Connector,Waterbody Connector,authoritative_network_connector,authoritative_network_connector,migrated_nhd,migrated_nhd,authoritative_network_connector,6964228->6945453
12115684,12105079,158ND,5BAFG,041000071201,041000040502,Drainageway,Channel Line,drainageway,physical_channel,migrated_nhd,migrated_nhd,physical_hydrography,12115684->12105079
14170509,14162894,159AB,64GMZ,041000040402,041000040403,Drainageway,Channel Line,drainageway,physical_channel,migrated_nhd,migrated_nhd,physical_hydrography,14170509->14162894
6792942,6773844,15GHX,1F5DN,041000050106,041000050105,Hydro Unenforced Connector,Channel Line,authoritative_network_connector,physical_channel,migrated_nhd,migrated_nhd,authoritative_network_connector,6792942->6773844
8170032,8153336,15GLX,EWS7V,041000050106,041000050103,Channel Line,Channel Line,physical_channel,physical_channel,migrated_nhd,migrated_nhd,physical_hydrography,8170032->8153336
13837615,13829033,15KMW,B4OTC,041000030405,041000030403,Drainageway,Channel Line,drainageway,physical_channel,migrated_nhd,migrated_nhd,physical_hydrography,13837615->13829033
12434915,12424222,15KWJ,AUZ14,041000030705,041000030704,Channel Line,Channel Line,physical_channel,physical_channel,migrated_nhd,migrated_nhd,physical_hydrography,12434915->12424222
6290843,6271188,16W3C,5WCA7,041000050106,041000050201,Canal,Canal,canal,canal,migrated_nhd,migrated_nhd,physical_hydrography,6290843->6271188
2924350,2892026,16WVJ,FWBAM,041000090802,041000090602,Channel Line,Channel Line,physical_channel,physical_channel,migrated_nhd,migrated_nhd,physical_hydrography,2924350->2892026
3373357,3345112,189W9,DI2L4,041000090204,041000090206,Channel Line,Waterbody Connector,physical_channel,authoritative_network_connector,migrated_nhd,migrated_nhd,authoritative_network_connector,3373357->3345112
7542561,7525030,18A9D,2PIEN,041000080105,041000080203,Waterbody Connector,Channel Line,authoritative_network_connector,physical_channel,migrated_nhd,migrated_nhd,authoritative_network_connector,7542561->7525030
6562103,6543044,18AC6,9PXCD,041000070203,041000070204,Waterbody Connector,Waterbody Connector,authoritative_network_connector,authoritative_network_connector,migrated_nhd,migrated_nhd,authoritative_network_connector,6562103->6543044
11719006,11708169,1A3KM,BNT0C,041000040406,041000040408,Drainageway,Canal,drainageway,canal,migrated_nhd,migrated_nhd,physical_hydrography,11719006->11708169
12232940,12222277,1A3M6,FKX7N,041000040401,041000040408,Drainageway,Channel Line,drainageway,physical_channel,migrated_nhd,migrated_nhd,physical_hydrography,12232940->12222277
8453659,8436938,1A3SO,2RC1B,041000040605,041000040606,Waterbody Connector,Waterbody Connector,authoritative_network_connector,authoritative_network_connector,migrated_nhd,migrated_nhd,authoritative_network_connector,8453659->8436938
11697322,11686363,1A4EO,CQPQO,041000040408,041000040407,Waterbody Connector,Channel Line,authoritative_network_connector,physical_channel,migrated_nhd,migrated_nhd,authoritative_network_connector,11697322->11686363
6310430,6290853,1ABCR,H2OVP,041000050106,041000050105,Channel Line,Channel Line,physical_channel,physical_channel,migrated_nhd,migrated_nhd,physical_hydrography,6310430->6290853
5954755,5934765,1ABDU,AUVJR,041000050105,041000050106,Waterbody Connector,Waterbody Connector,authoritative_network_connector,authoritative_network_connector,migrated_nhd,migrated_nhd,authoritative_network_connector,5954755->5934765
11686419,11675509,1AFVZ,EDF5Y,041000030705,041000030704,Drainageway,Channel Line,drainageway,physical_channel,migrated_nhd,migrated_nhd,physical_hydrography,11686419->11675509
689479,532925,1D3XS,4LA1K,041000090903,041000090904,Waterbody Connector,Waterbody Connector,authoritative_network_connector,authoritative_network_connector,migrated_nhd,migrated_nhd,authoritative_network_connector,689479->532925
7648392,7630649,1D4EJ,7OYE5,041000070101,041000070103,Channel Line,Channel Line,physical_channel,physical_channel,migrated_nhd,migrated_nhd,physical_hydrography,7648392->7630649
14045762,14037799,1F8W9,BO53P,041000030603,041000030404,Drainageway,Channel Line,drainageway,physical_channel,migrated_nhd,migrated_nhd,physical_hydrography,14045762->14037799
12434941,12424246,1F8YA,1YKOR,041000030603,041000030602,Channel Line,Channel Line,physical_channel,physical_channel,migrated_nhd,migrated_nhd,physical_hydrography,12434941->12424246
10445092,10431854,1F95V,DFD23,041000030806,041000030805,Drainageway,Waterbody Connector,drainageway,authoritative_network_connector,migrated_nhd,migrated_nhd,authoritative_network_connector,10445092->10431854
12211702,12201048,1F98K,M7K5,041000030707,041000030703,Channel Line,Channel Line,physical_channel,physical_channel,migrated_nhd,migrated_nhd,physical_hydrography,12211702->12201048
12851689,12841601,1F9S1,9N847,041000030502,041000030406,Waterbody Connector,Channel Line,authoritative_network_connector,physical_channel,migrated_nhd,migrated_nhd,authoritative_network_connector,12851689->12841601
8270141,8253500,1HY98,C5GCH,041000080101,041000080103,Channel Line,Channel Line,physical_channel,physical_channel,migrated_nhd,migrated_nhd,physical_hydrography,8270141->8253500
13620880,13612164,1JRMH,FZJCJ,041000040403,041000040402,Channel Line,Channel Line,physical_channel,physical_channel,migrated_nhd,migrated_nhd,physical_hydrography,13620880->13612164
11902504,11891926,1JRMO,AZIOR,041000040407,041000040501,Drainageway,Channel Line,drainageway,physical_channel,migrated_nhd,migrated_nhd,physical_hydrography,11902504->11891926
14155165,14147514,1JRMX,9RRFI,041000040501,041000040403,Drainageway,Channel Line,drainageway,physical_channel,migrated_nhd,migrated_nhd,physical_hydrography,14155165->14147514
13260296,13250408,1K288,8TZVO,041000030404,041000030602,Channel Line,Waterbody Connector,physical_channel,authoritative_network_connector,migrated_nhd,migrated_nhd,authoritative_network_connector,13260296->13250408
11506471,11495324,1K29F,DK7MN,041000030801,041000030707,Drainageway,Channel Line,drainageway,physical_channel,migrated_nhd,migrated_nhd,physical_hydrography,11506471->11495324
11347524,11336076,1K2O5,85OTM,041000030804,041000030803,Surface Connector,Channel Line,authoritative_network_connector,physical_channel,migrated_nhd,migrated_nhd,authoritative_network_connector,11347524->11336076
13947687,13939294,1K2OW,CHB8Q,041000030602,041000030404,Channel Line,Channel Line,physical_channel,physical_channel,migrated_nhd,migrated_nhd,physical_hydrography,13947687->13939294
13140773,13130922,1K2VG,5Q666,041000030502,041000030406,Channel Line,Channel Line,physical_channel,physical_channel,migrated_nhd,migrated_nhd,physical_hydrography,13140773->13130922
4295429,4272304,1MSAV,1MSEJ,041000071103,041000071209,Channel Line,Waterbody Connector,physical_channel,authoritative_network_connector,migrated_nhd,migrated_nhd,authoritative_network_connector,4295429->4272304
4478160,4455399,1MSDM,9BC4J,041000060504,041000060604,Waterbody Connector,Waterbody Connector,authoritative_network_connector,authoritative_network_connector,migrated_nhd,migrated_nhd,authoritative_network_connector,4478160->4455399
6349187,6329754,1OKCC,FB5CG,041000050106,041000071205,Channel Line,Channel Line,physical_channel,physical_channel,migrated_nhd,migrated_nhd,physical_hydrography,6349187->6329754
11023602,11011444,1OL4E,LW2M,041000040602,041000040503,Drainageway,Channel Line,drainageway,physical_channel,migrated_nhd,migrated_nhd,physical_hydrography,11023602->11011444
9244048,9228991,1OWFV,B9J7C,041000030806,041000030805,Channel Line,Waterbody Connector,physical_channel,authoritative_network_connector,migrated_nhd,migrated_nhd,authoritative_network_connector,9244048->9228991
13511622,13502093,1OWJH,G4QCG,041000030403,041000030404,Channel Line,Channel Line,physical_channel,physical_channel,migrated_nhd,migrated_nhd,physical_hydrography,13511622->13502093
8436943,8420021,1OWS1,F1S0J,041000040606,041000030806,Hydro Unenforced Connector,Hydro Unenforced Connector,authoritative_network_connector,authoritative_network_connector,migrated_nhd,migrated_nhd,authoritative_network_connector,8436943->8420021
4086098,4062524,1Q8LK,91L72,041000050208,041000090201,Waterbody Connector,Waterbody Connector,authoritative_network_connector,authoritative_network_connector,migrated_nhd,migrated_nhd,authoritative_network_connector,4086098->4062524
4614018,4591699,1RMJV,59HKU,041000060403,041000060404,Channel Line,Channel Line,physical_channel,physical_channel,migrated_nhd,migrated_nhd,physical_hydrography,4614018->4591699
6388091,6368593,1TEVX,GNSDM,041000050106,041000071205,Drainageway,Channel Line,drainageway,physical_channel,migrated_nhd,migrated_nhd,physical_hydrography,6388091->6368593
11095034,11083261,1TFIB,APSVU,041000040502,041000040504,Drainageway,Channel Line,drainageway,physical_channel,migrated_nhd,migrated_nhd,physical_hydrography,11095034->11083261
9258876,9243955,1TFII,BXI4C,041000030806,041000040605,Drainageway,Channel Line,drainageway,physical_channel,migrated_nhd,migrated_nhd,physical_hydrography,9258876->9243955
12105048,12094468,1TG39,7C796,041000040408,041000040406,Channel Line,Channel Line,physical_channel,physical_channel,migrated_nhd,migrated_nhd,physical_hydrography,12105048->12094468
13309581,13299715,1TG4U,FZJD7,041000040402,041000040405,Drainageway,Channel Line,drainageway,physical_channel,migrated_nhd,migrated_nhd,physical_hydrography,13309581->13299715
3169865,3139935,1WGH5,6M1BV,041000090508,041000090509,Waterbody Connector,Waterbody Connector,authoritative_network_connector,authoritative_network_connector,migrated_nhd,migrated_nhd,authoritative_network_connector,3169865->3139935
4249374,4226458,1WGHT,5J9T,041000070806,041000071004,Hydro Unenforced Connector,Canal,authoritative_network_connector,canal,migrated_nhd,migrated_nhd,authoritative_network_connector,4249374->4226458
4086099,4062525,1WGKP,FST1Z,041000060604,041000090201,Waterbody Connector,Waterbody Connector,authoritative_network_connector,authoritative_network_connector,migrated_nhd,migrated_nhd,authoritative_network_connector,4086099->4062525
4944104,4922301,1WGKS,GLZ3P,041000071004,041000071005,Channel Line,Channel Line,physical_channel,physical_channel,migrated_nhd,migrated_nhd,physical_hydrography,4944104->4922301
4523952,4501047,1WGLG,EPUXI,041000050207,041000050208,Waterbody Connector,Waterbody Connector,authoritative_network_connector,authoritative_network_connector,migrated_nhd,migrated_nhd,authoritative_network_connector,4523952->4501047
12882048,12871890,1WGLH,EG4EX,041000030201,041000030202,Waterbody Connector,Channel Line,authoritative_network_connector,physical_channel,migrated_nhd,migrated_nhd,authoritative_network_connector,12882048->12871890
5307595,5286805,1WGLP,2EFXD,041000050201,041000071206,Surface Connector,Channel Line,authoritative_network_connector,physical_channel,migrated_nhd,migrated_nhd,authoritative_network_connector,5307595->5286805
11130007,11118484,1Y9F0,6J00T,041000040502,041000040504,Canal,Canal,canal,canal,migrated_nhd,migrated_nhd,physical_hydrography,11130007->11118484
9891336,9877326,1Y9L5,FUNUK,041000040604,041000040603,Drainageway,Channel Line,drainageway,physical_channel,migrated_nhd,migrated_nhd,physical_hydrography,9891336->9877326
5934781,5914589,1YH0V,H8WX,041000050203,041000050104,Canal,Canal,canal,canal,migrated_nhd,migrated_nhd,physical_hydrography,5934781->5914589
7094478,7075856,1YH7L,G9G0T,041000050103,041000050105,Waterbody Connector,Waterbody Connector,authoritative_network_connector,authoritative_network_connector,migrated_nhd,migrated_nhd,authoritative_network_connector,7094478->7075856
12632922,12622793,1YKYH,56R4L,041000030602,041000030601,Drainageway,Channel Line,drainageway,physical_channel,migrated_nhd,migrated_nhd,physical_hydrography,12632922->12622793
10715918,10703222,1YL0P,3FU52,041000030805,041000030707,Waterbody Connector,Channel Line,authoritative_network_connector,physical_channel,migrated_nhd,migrated_nhd,authoritative_network_connector,10715918->10703222
14061671,14053684,1YL92,8K9Y5,041000030402,041000030405,Channel Line,Channel Line,physical_channel,physical_channel,migrated_nhd,migrated_nhd,physical_hydrography,14061671->14053684
7240859,7222693,21AC5,7OYG6,041000070105,041000070202,Waterbody Connector,Waterbody Connector,authoritative_network_connector,authoritative_network_connector,migrated_nhd,migrated_nhd,authoritative_network_connector,7240859->7222693
4501052,4478160,21AG6,1MSDM,041000060404,041000060504,Channel Line,Waterbody Connector,physical_channel,authoritative_network_connector,migrated_nhd,migrated_nhd,authoritative_network_connector,4501052->4478160
11608141,11596773,23EFN,D0R8E,041000030702,041000030707,Channel Line,Waterbody Connector,physical_channel,authoritative_network_connector,migrated_nhd,migrated_nhd,authoritative_network_connector,11608141->11596773
12592495,12582267,264KV,F9CQP,041000030204,041000030106,Channel Line,Waterbody Connector,physical_channel,authoritative_network_connector,migrated_nhd,migrated_nhd,authoritative_network_connector,12592495->12582267
4900551,4878802,264LR,5J6EO,041000060401,041000060402,Channel Line,Channel Line,physical_channel,physical_channel,migrated_nhd,migrated_nhd,physical_hydrography,4900551->4878802
5052306,5030863,264MI,GVQE3,041000050202,041000050205,Waterbody Connector,Waterbody Connector,authoritative_network_connector,authoritative_network_connector,migrated_nhd,migrated_nhd,authoritative_network_connector,5052306->5030863
12911823,12901886,27YDB,ERP9Y,041000040304,041000040404,Drainageway,Channel Line,drainageway,physical_channel,migrated_nhd,migrated_nhd,physical_hydrography,12911823->12901886
6945474,6926713,285GT,5L7PL,041000050106,041000050105,Canal,Canal,canal,canal,migrated_nhd,migrated_nhd,physical_hydrography,6945474->6926713
12901941,12892056,289F9,5LBQN,041000030602,041000030603,Drainageway,Channel Line,drainageway,physical_channel,migrated_nhd,migrated_nhd,physical_hydrography,12901941->12892056
6485247,6465865,2AYSI,7F82J,041000080502,041000080506,Channel Line,Waterbody Connector,physical_channel,authoritative_network_connector,migrated_nhd,migrated_nhd,authoritative_network_connector,6485247->6465865
6600755,6581399,2AYUY,3DPAF,041000070306,041000070402,Waterbody Connector,Waterbody Connector,authoritative_network_connector,authoritative_network_connector,migrated_nhd,migrated_nhd,authoritative_network_connector,6600755->6581399
7259110,7240859,2AYX0,21AC5,041000070104,041000070105,Channel Line,Waterbody Connector,physical_channel,authoritative_network_connector,migrated_nhd,migrated_nhd,authoritative_network_connector,7259110->7240859
9333213,9318443,2CRAZ,5ZK1T,041000071202,041000071203,Drainageway,Channel Line,drainageway,physical_channel,migrated_nhd,migrated_nhd,physical_hydrography,9333213->9318443
8004258,7987553,2CREK,4DE1Q,041000071203,041000071204,Drainageway,Channel Line,drainageway,physical_channel,migrated_nhd,migrated_nhd,physical_hydrography,8004258->7987553
10458215,10444997,2CS2D,BNSYY,041000040503,041000040602,Channel Line,Channel Line,physical_channel,physical_channel,migrated_nhd,migrated_nhd,physical_hydrography,10458215->10444997
11608140,11596772,2D3AI,1AEXF,041000030604,041000030707,Channel Line,Waterbody Connector,physical_channel,authoritative_network_connector,migrated_nhd,migrated_nhd,authoritative_network_connector,11608140->11596772
3345117,3316786,2FT2U,6VRTX,041000090105,041000090106,Channel Line,Channel Line,physical_channel,physical_channel,migrated_nhd,migrated_nhd,physical_hydrography,3345117->3316786
8369960,8353353,2HUKA,G4MJI,041000050102,041000050101,Canal,Canal,canal,canal,migrated_nhd,migrated_nhd,physical_hydrography,8369960->8353353
12602619,12592409,2HY19,BSZRS,041000030601,041000030702,Channel Line,Channel Line,physical_channel,physical_channel,migrated_nhd,migrated_nhd,physical_hydrography,12602619->12592409
11697353,11686391,2HY49,BEEX6,041000030705,041000030703,Drainageway,Channel Line,drainageway,physical_channel,migrated_nhd,migrated_nhd,physical_hydrography,11697353->11686391
9273823,9258921,2J4H,GXKMO,041000040604,041000040603,Hydro Unenforced Connector,Hydro Unenforced Connector,authoritative_network_connector,authoritative_network_connector,migrated_nhd,migrated_nhd,authoritative_network_connector,9273823->9258921
13270075,13260254,2JIM,80IRU,041000040403,041000040402,Drainageway,Channel Line,drainageway,physical_channel,migrated_nhd,migrated_nhd,physical_hydrography,13270075->13260254
12861644,12851574,2JOT,EMU0H,041000040407,041000040406,Drainageway,Channel Line,drainageway,physical_channel,migrated_nhd,migrated_nhd,physical_hydrography,12861644->12851574
5754772,5735047,2KNUQ,3X2BG,041000080601,041000080602,Channel Line,Waterbody Connector,physical_channel,authoritative_network_connector,migrated_nhd,migrated_nhd,authoritative_network_connector,5754772->5735047
7542562,7525031,2KNUY,4UYMH,041000080104,041000080203,Channel Line,Channel Line,physical_channel,physical_channel,migrated_nhd,migrated_nhd,physical_hydrography,7542562->7525031
4768578,4746638,2KNW0,4JW2Y,041000071208,041000050205,Channel Line,Channel Line,physical_channel,physical_channel,migrated_nhd,migrated_nhd,physical_hydrography,4768578->4746638
4922307,4900535,2KNX6,18ABZ,041000050203,041000050205,Channel Line,Waterbody Connector,physical_channel,authoritative_network_connector,migrated_nhd,migrated_nhd,authoritative_network_connector,4922307->4900535
9724697,9710821,2MG78,B978T,041000040401,041000071201,Drainageway,Channel Line,drainageway,physical_channel,migrated_nhd,migrated_nhd,physical_hydrography,9724697->9710821
9780397,9766477,2MGTE,5PUBL,041000040604,041000040603,Drainageway,Channel Line,drainageway,physical_channel,migrated_nhd,migrated_nhd,physical_hydrography,9780397->9766477
13989058,13980856,2MHFA,8F2XD,041000040406,041000040403,Drainageway,Channel Line,drainageway,physical_channel,migrated_nhd,migrated_nhd,physical_hydrography,13989058->13980856
11934555,11923885,2MHGV,ED3LM,041000040407,041000040501,Drainageway,Channel Line,drainageway,physical_channel,migrated_nhd,migrated_nhd,physical_hydrography,11934555->11923885
6251539,6231995,2MOSS,AG9C5,041000050106,041000050201,Canal,Canal,canal,canal,migrated_nhd,migrated_nhd,physical_hydrography,6251539->6231995
12275292,12264769,2MS6B,4S8OV,041000030701,041000030702,Drainageway,Channel Line,drainageway,physical_channel,migrated_nhd,migrated_nhd,physical_hydrography,12275292->12264769
11393276,11381810,2MS9L,9DGLV,041000030803,041000030707,Channel Line,Channel Line,physical_channel,physical_channel,migrated_nhd,migrated_nhd,physical_hydrography,11393276->11381810
9849405,9835528,2MSSZ,8Z2C,041000040605,041000030806,Drainageway,Channel Line,drainageway,physical_channel,migrated_nhd,migrated_nhd,physical_hydrography,9849405->9835528
6094084,6073976,2PIHO,9BC5B,041000070603,041000070604,Waterbody Connector,Waterbody Connector,authoritative_network_connector,authoritative_network_connector,migrated_nhd,migrated_nhd,authoritative_network_connector,6094084->6073976
4591687,4569197,2PII1,59HIX,041000071209,041000071208,Channel Line,Waterbody Connector,physical_channel,authoritative_network_connector,migrated_nhd,migrated_nhd,authoritative_network_connector,4591687->4569197
7455296,7437835,2PIIL,9PXCZ,041000070102,041000070105,Channel Line,Waterbody Connector,physical_channel,authoritative_network_connector,migrated_nhd,migrated_nhd,authoritative_network_connector,7455296->7437835
6133606,6113905,2QJR,DYOXZ,041000050106,041000050201,Canal,Canal,canal,canal,migrated_nhd,migrated_nhd,physical_hydrography,6133606->6113905
306927,55466,2QM9,B9FRR,041000050102,041000050103,Canal,Canal,canal,canal,migrated_nhd,migrated_nhd,physical_hydrography,306927->55466
12169175,12158520,2RBF9,G4FA5,041000040501,041000040407,Drainageway,Canal,drainageway,canal,migrated_nhd,migrated_nhd,physical_hydrography,12169175->12158520
13279974,13270074,2RBZP,BE45C,041000040403,041000040402,Drainageway,Channel Line,drainageway,physical_channel,migrated_nhd,migrated_nhd,physical_hydrography,13279974->13270074
14201052,14193467,2RBZV,5ZLDF,041000040402,041000040403,Drainageway,Channel Line,drainageway,physical_channel,migrated_nhd,migrated_nhd,physical_hydrography,14201052->14193467
11870465,11859618,2RC0B,GNTS3,041000040501,041000040407,Drainageway,Canal,drainageway,canal,migrated_nhd,migrated_nhd,physical_hydrography,11870465->11859618
12811494,12801638,2U1U,5GGRN,041000030502,041000030504,Drainageway,Channel Line,drainageway,physical_channel,migrated_nhd,migrated_nhd,physical_hydrography,12811494->12801638
3018470,2987460,2UCRV,5J5WJ,041000090207,041000090403,Waterbody Connector,Waterbody Connector,authoritative_network_connector,authoritative_network_connector,migrated_nhd,migrated_nhd,authoritative_network_connector,3018470->2987460
5159967,5138517,2UCUD,3NE28,041000070801,041000070806,Waterbody Connector,Waterbody Connector,authoritative_network_connector,authoritative_network_connector,migrated_nhd,migrated_nhd,authoritative_network_connector,5159967->5138517
5554343,5534008,2UCWY,2PIFZ,041000070502,041000070503,Channel Line,Waterbody Connector,physical_channel,authoritative_network_connector,migrated_nhd,migrated_nhd,authoritative_network_connector,5554343->5534008
11596843,11585444,2UVN,7M8IW,041000030801,041000030802,Drainageway,Channel Line,drainageway,physical_channel,migrated_nhd,migrated_nhd,physical_hydrography,11596843->11585444
7836713,7819904,30ZYA,5B9JX,041000071204,041000071205,Drainageway,Channel Line,drainageway,physical_channel,migrated_nhd,migrated_nhd,physical_hydrography,7836713->7819904
11902505,11891926,3115W,AZIOR,041000040407,041000040501,Drainageway,Channel Line,drainageway,physical_channel,migrated_nhd,migrated_nhd,physical_hydrography,11902505->11891926
12169127,12158458,3117Y,5BATT,041000040401,041000040408,Waterbody Connector,Waterbody Connector,authoritative_network_connector,authoritative_network_connector,migrated_nhd,migrated_nhd,authoritative_network_connector,12169127->12158458
6212361,6192516,362FV,15GK4,041000050106,041000050201,Canal,Canal,canal,canal,migrated_nhd,migrated_nhd,physical_hydrography,6212361->6192516
7313934,7295649,362HU,3U9CZ,041000050103,041000050105,Canal,Canal,canal,canal,migrated_nhd,migrated_nhd,physical_hydrography,7313934->7295649
12041180,12030465,365YX,77MP8,041000030703,041000030705,Channel Line,Canal,physical_channel,canal,migrated_nhd,migrated_nhd,physical_hydrography,12041180->12030465
11596779,11585386,365Z7,5ZWB6,041000030704,041000030706,Channel Line,Channel Line,physical_channel,physical_channel,migrated_nhd,migrated_nhd,physical_hydrography,11596779->11585386
12541113,12530575,366J3,8AJ7O,041000030601,041000030602,Drainageway,Channel Line,drainageway,physical_channel,migrated_nhd,migrated_nhd,physical_hydrography,12541113->12530575
14061669,14053683,366KM,5GGQM,041000030401,041000030405,Drainageway,Channel Line,drainageway,physical_channel,migrated_nhd,migrated_nhd,physical_hydrography,14061669->14053683
4546593,4523945,38V1E,4ZSQK,041000071208,041000071209,Waterbody Connector,Waterbody Connector,authoritative_network_connector,authoritative_network_connector,migrated_nhd,migrated_nhd,authoritative_network_connector,4546593->4523945
6465864,6446574,38V25,COVOO,041000080304,041000080506,Waterbody Connector,Waterbody Connector,authoritative_network_connector,authoritative_network_connector,migrated_nhd,migrated_nhd,authoritative_network_connector,6465864->6446574
6054011,6034168,38V2K,G2L0T,041000080405,041000080602,Channel Line,Waterbody Connector,physical_channel,authoritative_network_connector,migrated_nhd,migrated_nhd,authoritative_network_connector,6054011->6034168
7331866,7313881,3ANPU,5KZ57,041000071204,041000071205,Channel Line,Channel Line,physical_channel,physical_channel,migrated_nhd,migrated_nhd,physical_hydrography,7331866->7313881
7507579,7490031,3ANPV,DYGFM,041000071203,041000071205,Channel Line,Channel Line,physical_channel,physical_channel,migrated_nhd,migrated_nhd,physical_hydrography,7507579->7490031
12296408,12285779,3AOE8,D5C8J,041000040405,041000040305,Drainageway,Channel Line,drainageway,physical_channel,migrated_nhd,migrated_nhd,physical_hydrography,12296408->12285779
10325935,10312644,3AP0S,BXIRX,041000040504,041000040602,Waterbody Connector,Waterbody Connector,authoritative_network_connector,authoritative_network_connector,migrated_nhd,migrated_nhd,authoritative_network_connector,10325935->10312644
5914584,5894383,3AW53,CQX04,041000050104,041000050203,Drainageway,Channel Line,drainageway,physical_channel,migrated_nhd,migrated_nhd,physical_hydrography,5914584->5894383
11784341,11773519,3AZLC,DTXY4,041000030704,041000030706,Channel Line,Channel Line,physical_channel,physical_channel,migrated_nhd,migrated_nhd,physical_hydrography,11784341->11773519
13905613,13897167,3B09X,FZUSG,041000030405,041000030403,Channel Line,Surface Connector,physical_channel,authoritative_network_connector,migrated_nhd,migrated_nhd,authoritative_network_connector,13905613->13897167
12991435,12981363,3B09Z,A6NCR,041000030602,041000030601,Waterbody Connector,Channel Line,authoritative_network_connector,physical_channel,migrated_nhd,migrated_nhd,authoritative_network_connector,12991435->12981363
11653229,11642096,3B0HV,3PJR8,041000030703,041000030705,Channel Line,Channel Line,physical_channel,physical_channel,migrated_nhd,migrated_nhd,physical_hydrography,11653229->11642096
3590727,3537273,3DP3Z,6VRID,041000090508,041000090501,Canal,Canal,canal,canal,migrated_nhd,migrated_nhd,physical_hydrography,3590727->3537273
3991214,3967191,3DP5S,YLLK,041000090104,041000090103,Channel Line,Channel Line,physical_channel,physical_channel,migrated_nhd,migrated_nhd,physical_hydrography,3991214->3967191
6869384,6850157,3DP9V,2KNX7,041000060102,041000060103,Channel Line,Channel Line,physical_channel,physical_channel,migrated_nhd,migrated_nhd,physical_hydrography,6869384->6850157
9075827,9060531,3FHSH,DF0N2,041000071204,041000071203,Drainageway,Channel Line,drainageway,physical_channel,migrated_nhd,migrated_nhd,physical_hydrography,9075827->9060531
14155166,14147514,3FJAL,9RRFI,041000040501,041000040403,Drainageway,Channel Line,drainageway,physical_channel,migrated_nhd,migrated_nhd,physical_hydrography,14155166->14147514
12771709,12761695,3FJAO,4WRI4,041000040407,041000040406,Drainageway,Channel Line,drainageway,physical_channel,migrated_nhd,migrated_nhd,physical_hydrography,12771709->12761695
7020330,7001717,3FQJU,GSWSG,041000050103,041000050105,Canal,Canal,canal,canal,migrated_nhd,migrated_nhd,physical_hydrography,7020330->7001717
11913308,11902635,3FTU4,80TNA,041000030604,041000030702,Hydro Unenforced Connector,Hydro Unenforced Connector,authoritative_network_connector,authoritative_network_connector,migrated_nhd,migrated_nhd,authoritative_network_connector,11913308->11902635
11784325,11773505,3FTY3,B4OGZ,041000030707,041000030604,Channel Line,Channel Line,physical_channel,physical_channel,migrated_nhd,migrated_nhd,physical_hydrography,11784325->11773505
3259200,3229693,3IJNG,E6D1J,041000090206,041000090207,Waterbody Connector,Waterbody Connector,authoritative_network_connector,authoritative_network_connector,migrated_nhd,migrated_nhd,authoritative_network_connector,3259200->3229693
7038815,7020309,3KC6Z,E862B,041000071205,041000071203,Channel Line,Channel Line,physical_channel,physical_channel,migrated_nhd,migrated_nhd,physical_hydrography,7038815->7020309
9974560,9960662,3KCU7,DTM3S,041000040603,041000040604,Drainageway,Channel Line,drainageway,physical_channel,migrated_nhd,migrated_nhd,physical_hydrography,9974560->9960662
7700940,7683576,3KKNJ,1TNAL,041000050102,041000050103,Channel Line,Channel Line,physical_channel,physical_channel,migrated_nhd,migrated_nhd,physical_hydrography,7700940->7683576
8103486,8086996,3KKPG,G9FW3,041000050102,041000050101,Channel Line,Channel Line,physical_channel,physical_channel,migrated_nhd,migrated_nhd,physical_hydrography,8103486->8086996
14147564,14139776,3KOGH,8K9W3,041000030402,041000030405,Surface Connector,Channel Line,authoritative_network_connector,physical_channel,migrated_nhd,migrated_nhd,authoritative_network_connector,14147564->14139776
12981441,12971432,3KOHE,AGDC1,041000030301,041000030203,Channel Line,Waterbody Connector,physical_channel,authoritative_network_connector,migrated_nhd,migrated_nhd,authoritative_network_connector,12981441->12971432
1816399,1760355,3NDMN,8D8VI,041000090903,041000090804,Channel Line,Channel Line,physical_channel,physical_channel,migrated_nhd,migrated_nhd,physical_hydrography,1816399->1760355
3456474,3429112,3NDNO,96GJ9,041000090508,041000090503,Canal,Channel Line,canal,physical_channel,migrated_nhd,migrated_nhd,physical_hydrography,3456474->3429112
13407267,13397731,3NE5H,F2U9V,041000040102,041000040106,Channel Line,Channel Line,physical_channel,physical_channel,migrated_nhd,migrated_nhd,physical_hydrography,13407267->13397731
12751792,12741902,3NE65,5EBTB,041000030202,041000030204,Channel Line,Channel Line,physical_channel,physical_channel,migrated_nhd,migrated_nhd,physical_hydrography,12751792->12741902
7094437,7075812,3P6KC,9D4LB,041000071205,041000071204,Drainageway,Channel Line,drainageway,physical_channel,migrated_nhd,migrated_nhd,physical_hydrography,7094437->7075812
12030375,12019730,3P7AI,D5BFF,041000040406,041000040408,Drainageway,Channel Line,drainageway,physical_channel,migrated_nhd,migrated_nhd,physical_hydrography,12030375->12019730
11095035,11083261,3P7I9,APSVU,041000040502,041000040504,Drainageway,Channel Line,drainageway,physical_channel,migrated_nhd,migrated_nhd,physical_hydrography,11095035->11083261
8170013,8153321,3PF5Z,EI5OH,041000050101,041000050102,Channel Line,Channel Line,physical_channel,physical_channel,migrated_nhd,migrated_nhd,physical_hydrography,8170013->8153321
7613012,7595287,3PFC2,1TNHP,041000050102,041000050103,Drainageway,Channel Line,drainageway,physical_channel,migrated_nhd,migrated_nhd,physical_hydrography,7613012->7595287
11233062,11221653,3PIQX,56RIZ,041000030705,041000030707,Channel Line,Channel Line,physical_channel,physical_channel,migrated_nhd,migrated_nhd,physical_hydrography,11233062->11221653
13612188,13603321,3PISD,ABIUW,041000030603,041000030404,Channel Line,Channel Line,physical_channel,physical_channel,migrated_nhd,migrated_nhd,physical_hydrography,13612188->13603321
13140774,13130922,3PJBV,5Q666,041000030502,041000030406,Channel Line,Channel Line,physical_channel,physical_channel,migrated_nhd,migrated_nhd,physical_hydrography,13140774->13130922
12190580,12179972,3PJMA,1D4FE,041000030503,041000030505,Waterbody Connector,Waterbody Connector,authoritative_network_connector,authoritative_network_connector,migrated_nhd,migrated_nhd,authoritative_network_connector,12190580->12179972
8119925,8103422,3S87P,GQUTU,041000080103,041000080105,Waterbody Connector,Waterbody Connector,authoritative_network_connector,authoritative_network_connector,migrated_nhd,migrated_nhd,authoritative_network_connector,8119925->8103422
7402933,7385183,3U97T,B9FUF,041000050105,041000050103,Canal,Canal,canal,canal,migrated_nhd,migrated_nhd,physical_hydrography,7402933->7385183
8701580,8685216,3U9DA,F6J1R,041000050103,041000050102,Channel Line,Channel Line,physical_channel,physical_channel,migrated_nhd,migrated_nhd,physical_hydrography,8701580->8685216
7038849,7020337,3U9E0,8TW1H,041000050106,041000050105,Canal,Canal,canal,canal,migrated_nhd,migrated_nhd,physical_hydrography,7038849->7020337
12222362,12211740,3UCPA,FQ3MA,041000030506,041000030604,Waterbody Connector,Channel Line,authoritative_network_connector,physical_channel,migrated_nhd,migrated_nhd,authoritative_network_connector,12222362->12211740
12030620,12019986,3UCPF,M7K8,041000050204,041000030802,Drainageway,Channel Line,drainageway,physical_channel,migrated_nhd,migrated_nhd,physical_hydrography,12030620->12019986
1132716,1039546,3X26Q,5EBLM,041000090803,041000090804,Channel Line,Channel Line,physical_channel,physical_channel,migrated_nhd,migrated_nhd,physical_hydrography,1132716->1039546
5735047,5715354,3X2BG,E6DIF,041000080602,041000080605,Waterbody Connector,Waterbody Connector,authoritative_network_connector,authoritative_network_connector,migrated_nhd,migrated_nhd,authoritative_network_connector,5735047->5715354
4658281,4636219,3X2CO,88ESD,041000050206,041000050207,Channel Line,Waterbody Connector,physical_channel,authoritative_network_connector,migrated_nhd,migrated_nhd,authoritative_network_connector,4658281->4636219
9273824,9258921,3YVY3,GXKMO,041000040604,041000040603,Hydro Unenforced Connector,Hydro Unenforced Connector,authoritative_network_connector,authoritative_network_connector,migrated_nhd,migrated_nhd,authoritative_network_connector,9273824->9258921
12158517,12147890,3YWBL,9D5TK,041000040501,041000040407,Drainageway,Channel Line,drainageway,physical_channel,migrated_nhd,migrated_nhd,physical_hydrography,12158517->12147890
12612590,12602512,3YWCI,35V8J,041000040407,041000040406,Channel Line,Channel Line,physical_channel,physical_channel,migrated_nhd,migrated_nhd,physical_hydrography,12612590->12602512
12612568,12602494,3YWJZ,CC5CE,041000040405,041000040304,Channel Line,Channel Line,physical_channel,physical_channel,migrated_nhd,migrated_nhd,physical_hydrography,12612568->12602494
12115724,12105117,3Z6VV,E3NQ4,041000030705,041000030704,Channel Line,Channel Line,physical_channel,physical_channel,migrated_nhd,migrated_nhd,physical_hydrography,12115724->12105117
13081556,13071543,3Z7KR,15KNN,041000030305,041000030406,Drainageway,Channel Line,drainageway,physical_channel,migrated_nhd,migrated_nhd,physical_hydrography,13081556->13071543
3845371,3820514,41WSH,189WT,041000090201,041000090203,Channel Line,Waterbody Connector,physical_channel,authoritative_network_connector,migrated_nhd,migrated_nhd,authoritative_network_connector,3845371->3820514
3967169,3943120,41WVC,5IRY,041000090102,041000090502,Channel Line,Channel Line,physical_channel,physical_channel,migrated_nhd,migrated_nhd,physical_hydrography,3967169->3943120
5754792,5735069,41WY8,COVN9,041000050201,041000071206,Channel Line,Channel Line,physical_channel,physical_channel,migrated_nhd,migrated_nhd,physical_hydrography,5754792->5735069
4790591,4768598,41WYW,2AYXF,041000060503,041000060504,Waterbody Connector,Waterbody Connector,authoritative_network_connector,authoritative_network_connector,migrated_nhd,migrated_nhd,authoritative_network_connector,4790591->4768598
11461761,11450409,43PNF,2331M,041000040408,041000040501,Drainageway,Hydro Unenforced Connector,drainageway,authoritative_network_connector,migrated_nhd,migrated_nhd,authoritative_network_connector,11461761->11450409
11998378,11987692,43QG0,8A7GE,041000040407,041000040408,Drainageway,Channel Line,drainageway,physical_channel,migrated_nhd,migrated_nhd,physical_hydrography,11998378->11987692
12435014,12424328,440WX,FGDAD,041000030502,041000030504,Drainageway,Channel Line,drainageway,physical_channel,migrated_nhd,migrated_nhd,physical_hydrography,12435014->12424328
11741008,11730106,440ZC,BUBFE,041000050203,041000030802,Drainageway,Channel Line,drainageway,physical_channel,migrated_nhd,migrated_nhd,physical_hydrography,11741008->11730106
12222368,12211747,441JD,6XWTR,041000030603,041000030604,Channel Line,Channel Line,physical_channel,physical_channel,migrated_nhd,migrated_nhd,physical_hydrography,12222368->12211747
7648393,7630649,46RAU,7OYE5,041000070101,041000070103,Channel Line,Channel Line,physical_channel,physical_channel,migrated_nhd,migrated_nhd,physical_hydrography,7648393->7630649
6465867,6446576,46RB4,8D924,041000080402,041000080404,Channel Line,Channel Line,physical_channel,physical_channel,migrated_nhd,migrated_nhd,physical_hydrography,6465867->6446576
7038797,7020296,48JKX,FZI2C,041000071002,041000071205,Drainageway,Channel Line,drainageway,physical_channel,migrated_nhd,migrated_nhd,physical_hydrography,7038797->7020296
5994454,5974671,48RXS,H7KGE,041000050201,041000050106,Canal,Canal,canal,canal,migrated_nhd,migrated_nhd,physical_hydrography,5994454->5974671
5934754,5914560,48RXT,48RXR,041000050201,041000050106,Channel Line,Canal,physical_channel,canal,migrated_nhd,migrated_nhd,physical_hydrography,5934754->5914560
11827262,11816440,48VVU,56S2N,041000030702,041000030701,Drainageway,Channel Line,drainageway,physical_channel,migrated_nhd,migrated_nhd,physical_hydrography,11827262->11816440
12901942,12892056,48W44,5LBQN,041000030602,041000030603,Channel Line,Channel Line,physical_channel,physical_channel,migrated_nhd,migrated_nhd,physical_hydrography,12901942->12892056
8984216,8968850,4DDZX,1OKCQ,041000071201,041000071204,Drainageway,Channel Line,drainageway,physical_channel,migrated_nhd,migrated_nhd,physical_hydrography,8984216->8968850
13464000,13454485,4DF9T,EMU0Z,041000040402,041000040404,Channel Line,Channel Line,physical_channel,physical_channel,migrated_nhd,migrated_nhd,physical_hydrography,13464000->13454485
11233063,11221653,4DQ11,56RIZ,041000030705,041000030707,Drainageway,Channel Line,drainageway,physical_channel,migrated_nhd,migrated_nhd,physical_hydrography,11233063->11221653
12488437,12477763,4DQJB,AGDHR,041000030801,041000030506,Waterbody Connector,Surface Connector,authoritative_network_connector,authoritative_network_connector,migrated_nhd,migrated_nhd,authoritative_network_connector,12488437->12477763
12761735,12751661,4DQKW,1YKNN,041000030602,041000030601,Canal,Channel Line,canal,physical_channel,migrated_nhd,migrated_nhd,physical_hydrography,12761735->12751661
9198752,9183422,4DQYH,9DHJG,041000030805,041000030806,Waterbody Connector,Waterbody Connector,authoritative_network_connector,authoritative_network_connector,migrated_nhd,migrated_nhd,authoritative_network_connector,9198752->9183422
11675441,11664335,4I8XM,8YJAQ,041000040501,041000040408,Waterbody Connector,Channel Line,authoritative_network_connector,physical_channel,migrated_nhd,migrated_nhd,authoritative_network_connector,11675441->11664335
8453653,8436928,4IGRX,10MMV,041000040606,041000050102,Drainageway,Canal,drainageway,canal,migrated_nhd,migrated_nhd,physical_hydrography,8453653->8436928
7595316,7577788,4IGUQ,2RJFO,041000050105,041000050103,Drainageway,Channel Line,drainageway,physical_channel,migrated_nhd,migrated_nhd,physical_hydrography,7595316->7577788
12233132,12222462,4IK9D,9N77C,041000030406,041000030503,Channel Line,Waterbody Connector,physical_channel,authoritative_network_connector,migrated_nhd,migrated_nhd,authoritative_network_connector,12233132->12222462
9988327,9974613,4IKAU,CJ36,041000030805,041000030707,Drainageway,Channel Line,drainageway,physical_channel,migrated_nhd,migrated_nhd,physical_hydrography,9988327->9974613
9933132,9919255,4IKBH,2HYZ0,041000030707,041000030805,Waterbody Connector,Waterbody Connector,authoritative_network_connector,authoritative_network_connector,migrated_nhd,migrated_nhd,authoritative_network_connector,9933132->9919255
3694766,3669219,4LA66,9URMM,041000090103,041000090106,Channel Line,Channel Line,physical_channel,physical_channel,migrated_nhd,migrated_nhd,physical_hydrography,3694766->3669219
5715369,5695538,4LA7P,F9CQN,041000070406,041000070503,Waterbody Connector,Waterbody Connector,authoritative_network_connector,authoritative_network_connector,migrated_nhd,migrated_nhd,authoritative_network_connector,5715369->5695538
3373326,3345086,4LA8I,E1IA5,041000090501,041000090508,Canal,Canal,canal,canal,migrated_nhd,migrated_nhd,physical_hydrography,3373326->3345086
2987458,2956033,4LA8O,BQU9W,041000090302,041000090403,Channel Line,Waterbody Connector,physical_channel,authoritative_network_connector,migrated_nhd,migrated_nhd,authoritative_network_connector,2987458->2956033
13549193,13539947,4N3W9,1OLMX,041000040406,041000040403,Channel Line,Channel Line,physical_channel,physical_channel,migrated_nhd,migrated_nhd,physical_hydrography,13549193->13539947
12519969,12509354,4N3WS,159I6,041000040407,041000040501,Drainageway,Channel Line,drainageway,physical_channel,migrated_nhd,migrated_nhd,physical_hydrography,12519969->12509354
365435,141462,4NATY,FPZG4,041000050102,041000050103,Waterbody Connector,Channel Line,authoritative_network_connector,physical_channel,migrated_nhd,migrated_nhd,authoritative_network_connector,365435->141462
11573867,11562431,4NEI5,HDBO,041000030801,041000030707,Drainageway,Channel Line,drainageway,physical_channel,migrated_nhd,migrated_nhd,physical_hydrography,11573867->11562431
13260315,13250434,4NF2D,6O6L5,041000030603,041000030502,Drainageway,Channel Line,drainageway,physical_channel,migrated_nhd,migrated_nhd,physical_hydrography,13260315->13250434
13454546,13445035,4NF42,GT0XJ,041000030403,041000030404,Surface Connector,Channel Line,authoritative_network_connector,physical_channel,migrated_nhd,migrated_nhd,authoritative_network_connector,13454546->13445035
5974630,5954720,4Q4FD,F9CQQ,041000070903,041000070904,Waterbody Connector,Waterbody Connector,authoritative_network_connector,authoritative_network_connector,migrated_nhd,migrated_nhd,authoritative_network_connector,5974630->5954720
5286840,5266052,4Q4FN,96GLB,041000060303,041000060503,Waterbody Connector,Waterbody Connector,authoritative_network_connector,authoritative_network_connector,migrated_nhd,migrated_nhd,authoritative_network_connector,5286840->5266052
10339320,10325945,4RXE5,8F2BA,041000040601,041000040602,Surface Connector,Surface Connector,authoritative_network_connector,authoritative_network_connector,migrated_nhd,migrated_nhd,authoritative_network_connector,10339320->10325945
9419576,9405492,4RXFG,7QRLR,041000040603,041000040604,Hydro Unenforced Connector,Hydro Unenforced Connector,authoritative_network_connector,authoritative_network_connector,migrated_nhd,migrated_nhd,authoritative_network_connector,9419576->9405492
13435567,13426261,4RY7L,2CSVM,041000040406,041000040403,Drainageway,Channel Line,drainageway,physical_channel,migrated_nhd,migrated_nhd,physical_hydrography,13435567->13426261
7666087,7648472,4S5AY,1YH4Y,041000050103,041000050102,Drainageway,Channel Line,drainageway,physical_channel,migrated_nhd,migrated_nhd,physical_hydrography,7666087->7648472
12264769,12254252,4S8OV,1OWGT,041000030702,041000030701,Channel Line,Channel Line,physical_channel,physical_channel,migrated_nhd,migrated_nhd,physical_hydrography,12264769->12254252
12030513,12019882,4S8QH,H2TEM,041000030703,041000030707,Hydro Unenforced Connector,Hydro Unenforced Connector,authoritative_network_connector,authoritative_network_connector,migrated_nhd,migrated_nhd,authoritative_network_connector,12030513->12019882
3590723,3564109,4UY74,5EBAF,041000090503,041000090502,Canal,Channel Line,canal,physical_channel,migrated_nhd,migrated_nhd,physical_hydrography,3590723->3564109
3169866,3139935,4UYH8,6M1BV,041000090507,041000090509,Waterbody Connector,Waterbody Connector,authoritative_network_connector,authoritative_network_connector,migrated_nhd,migrated_nhd,authoritative_network_connector,3169866->3139935
8829858,8814114,4WQTE,85CDV,041000071201,041000071204,Channel Line,Channel Line,physical_channel,physical_channel,migrated_nhd,migrated_nhd,physical_hydrography,8829858->8814114
7718229,7700950,4WZEL,E8EPA,041000050101,041000050102,Waterbody Connector,Waterbody Connector,authoritative_network_connector,authoritative_network_connector,migrated_nhd,migrated_nhd,authoritative_network_connector,7718229->7700950
5534062,5513731,4WZKF,9WT8P,041000050106,041000050202,Channel Line,Channel Line,physical_channel,physical_channel,migrated_nhd,migrated_nhd,physical_hydrography,5534062->5513731
11773546,11762646,4X32M,7CI3D,041000030506,041000030802,Waterbody Connector,Waterbody Connector,authoritative_network_connector,authoritative_network_connector,migrated_nhd,migrated_nhd,authoritative_network_connector,11773546->11762646
12222388,12211767,4X3Y9,AQ4BW,041000030702,041000030701,Drainageway,Channel Line,drainageway,physical_channel,migrated_nhd,migrated_nhd,physical_hydrography,12222388->12211767
7525047,7507563,4ZSPT,D8CY3,041000070301,041000070302,Channel Line,Channel Line,physical_channel,physical_channel,migrated_nhd,migrated_nhd,physical_hydrography,7525047->7507563
13250353,13240425,51MQM,AB7OI,041000040402,041000040404,Drainageway,Channel Line,drainageway,physical_channel,migrated_nhd,migrated_nhd,physical_hydrography,13250353->13240425
12632923,12622793,51XV3,56R4L,041000030602,041000030601,Drainageway,Channel Line,drainageway,physical_channel,migrated_nhd,migrated_nhd,physical_hydrography,12632923->12622793
3373327,3345086,54MDX,E1IA5,041000090501,041000090508,Canal,Canal,canal,canal,migrated_nhd,migrated_nhd,physical_hydrography,3373327->3345086
7542563,7525031,54MRO,4UYMH,041000080105,041000080203,Channel Line,Channel Line,physical_channel,physical_channel,migrated_nhd,migrated_nhd,physical_hydrography,7542563->7525031
8353320,8336787,56EWO,35U1C,041000071205,041000071204,Channel Line,Channel Line,physical_channel,physical_channel,migrated_nhd,migrated_nhd,physical_hydrography,8353320->8336787
14341104,14333964,56FOM,APTJI,041000040501,041000040403,Drainageway,Channel Line,drainageway,physical_channel,migrated_nhd,migrated_nhd,physical_hydrography,14341104->14333964
6290852,6271196,56NK6,D5J40,041000050105,041000050106,Drainageway,Channel Line,drainageway,physical_channel,migrated_nhd,migrated_nhd,physical_hydrography,6290852->6271196
13041482,13031515,56R61,BSZ85,041000030405,041000030406,Channel Line,Channel Line,physical_channel,physical_channel,migrated_nhd,migrated_nhd,physical_hydrography,13041482->13031515
13349139,13339264,56R79,CR0N4,041000030403,041000030404,Waterbody Connector,Channel Line,authoritative_network_connector,physical_channel,migrated_nhd,migrated_nhd,authoritative_network_connector,13349139->13339264
11998543,11987857,56S66,GO4IL,041000030506,041000030801,Drainageway,Channel Line,drainageway,physical_channel,migrated_nhd,migrated_nhd,physical_hydrography,11998543->11987857
2023108,1973602,59HJS,7AD45,041000090901,041000090902,Canal,Canal,canal,canal,migrated_nhd,migrated_nhd,physical_hydrography,2023108->1973602
12296657,12286031,59HLM,83JNB,041000030305,041000030306,Channel Line,Waterbody Connector,physical_channel,authoritative_network_connector,migrated_nhd,migrated_nhd,authoritative_network_connector,12296657->12286031
5245059,5223990,5BI0N,3KKHC,041000050203,041000050202,Canal,Canal,canal,canal,migrated_nhd,migrated_nhd,physical_hydrography,5245059->5223990
11404851,11393390,5BLKK,BXTK6,041000030801,041000030802,Channel Line,Channel Line,physical_channel,physical_channel,migrated_nhd,migrated_nhd,physical_hydrography,11404851->11393390
11924010,11913296,5BLNA,3UCPL,041000030702,041000030604,Hydro Unenforced Connector,Hydro Unenforced Connector,authoritative_network_connector,authoritative_network_connector,migrated_nhd,migrated_nhd,authoritative_network_connector,11924010->11913296
12921857,12911914,5BLXJ,D0RU1,041000030502,041000030406,Channel Line,Channel Line,physical_channel,physical_channel,migrated_nhd,migrated_nhd,physical_hydrography,12921857->12911914
13708471,13699819,5BM4W,6T1WH,041000030603,041000030404,Drainageway,Channel Line,drainageway,physical_channel,migrated_nhd,migrated_nhd,physical_hydrography,13708471->13699819
11719080,11708238,5BMJ8,9N78X,041000030703,041000030705,Drainageway,Channel Line,drainageway,physical_channel,migrated_nhd,migrated_nhd,physical_hydrography,11719080->11708238
3720039,3694725,5EB8T,1WGDT,041000090504,041000090506,Channel Line,Channel Line,physical_channel,physical_channel,migrated_nhd,migrated_nhd,physical_hydrography,3720039->3694725
7094401,7075775,5EBP4,9URRK,041000080201,041000080203,Waterbody Connector,Waterbody Connector,authoritative_network_connector,authoritative_network_connector,migrated_nhd,migrated_nhd,authoritative_network_connector,7094401->7075775
5265999,5245009,5EBPR,GVQDZ,041000070905,041000070907,Waterbody Connector,Waterbody Connector,authoritative_network_connector,authoritative_network_connector,migrated_nhd,migrated_nhd,authoritative_network_connector,5265999->5245009
13964327,13956018,5G5ZF,6E6EG,041000040406,041000040403,Drainageway,Channel Line,drainageway,physical_channel,migrated_nhd,migrated_nhd,physical_hydrography,13964327->13956018
8453660,8436938,5G5ZS,2RC1B,041000040605,041000040606,Waterbody Connector,Waterbody Connector,authoritative_network_connector,authoritative_network_connector,migrated_nhd,migrated_nhd,authoritative_network_connector,8453660->8436938
11495327,11484186,5GGSB,VW0Y,041000030803,041000030801,Drainageway,Channel Line,drainageway,physical_channel,migrated_nhd,migrated_nhd,physical_hydrography,11495327->11484186
12381534,12370776,5GHCV,FUZA7,041000030602,041000030702,Drainageway,Channel Line,drainageway,physical_channel,migrated_nhd,migrated_nhd,physical_hydrography,12381534->12370776
3943120,3918850,5IRY,4Q47O,041000090502,041000090503,Channel Line,Channel Line,physical_channel,physical_channel,migrated_nhd,migrated_nhd,physical_hydrography,3943120->3918850
6658425,6639286,5J6DU,A4HYF,041000060104,041000060106,Channel Line,Channel Line,physical_channel,physical_channel,migrated_nhd,migrated_nhd,physical_hydrography,6658425->6639286
4180019,4156573,5J6EQ,298M1,041000071207,041000071209,Canal,Canal,canal,canal,migrated_nhd,migrated_nhd,physical_hydrography,4180019->4156573
13121076,13111188,5J6FA,DI2R7,041000040106,041000040205,Waterbody Connector,Waterbody Connector,authoritative_network_connector,authoritative_network_connector,migrated_nhd,migrated_nhd,authoritative_network_connector,13121076->13111188
5431310,5410649,5J6X,CK0CF,041000070906,041000080605,Canal,Channel Line,canal,physical_channel,migrated_nhd,migrated_nhd,physical_hydrography,5431310->5410649
4226458,4203363,5J9T,62MCD,041000071004,041000071206,Canal,Hydro Unenforced Connector,canal,authoritative_network_connector,migrated_nhd,migrated_nhd,authoritative_network_connector,4226458->4203363
7700880,7683518,5KZ38,27WU3,041000071002,041000071205,Drainageway,Channel Line,drainageway,physical_channel,migrated_nhd,migrated_nhd,physical_hydrography,7700880->7683518
12073275,12062670,5KZSP,9WL7P,041000040501,041000040407,Drainageway,Channel Line,drainageway,physical_channel,migrated_nhd,migrated_nhd,physical_hydrography,12073275->12062670
11945183,11934584,5L0DR,FKX09,041000040408,041000040406,Drainageway,Channel Line,drainageway,physical_channel,migrated_nhd,migrated_nhd,physical_hydrography,11945183->11934584
8470364,8453604,5L7I3,43XD1,041000050103,041000050102,Drainageway,Channel Line,drainageway,physical_channel,migrated_nhd,migrated_nhd,physical_hydrography,8470364->8453604
7700936,7683574,5L7IM,1JYQR,041000050102,041000050103,Channel Line,Channel Line,physical_channel,physical_channel,migrated_nhd,migrated_nhd,physical_hydrography,7700936->7683574
8907664,8892352,5L7MT,FL44L,041000040601,041000050101,Drainageway,Hydro Unenforced Connector,drainageway,authoritative_network_connector,migrated_nhd,migrated_nhd,authoritative_network_connector,8907664->8892352
12190578,12179970,5LB4S,BSZ9D,041000030504,041000030505,Drainageway,Channel Line,drainageway,physical_channel,migrated_nhd,migrated_nhd,physical_hydrography,12190578->12179970
12981442,12971435,5LBGZ,4S91B,041000030301,041000030203,Channel Line,Channel Line,physical_channel,physical_channel,migrated_nhd,migrated_nhd,physical_hydrography,12981442->12971435
3429135,3401323,5O17E,7TTA2,041000090202,041000090203,Channel Line,Waterbody Connector,physical_channel,authoritative_network_connector,migrated_nhd,migrated_nhd,authoritative_network_connector,3429135->3401323
5307596,5286805,5O1AM,2EFXD,041000050201,041000071206,Channel Line,Channel Line,physical_channel,physical_channel,migrated_nhd,migrated_nhd,physical_hydrography,5307596->5286805
12722414,12712589,5O1B1,COVRP,041000030103,041000030106,Channel Line,Channel Line,physical_channel,physical_channel,migrated_nhd,migrated_nhd,physical_hydrography,12722414->12712589
12622712,12612590,5PUBF,3YWCI,041000040406,041000040407,Drainageway,Channel Line,drainageway,physical_channel,migrated_nhd,migrated_nhd,physical_hydrography,12622712->12612590
12811384,12801524,5PV47,56GJR,041000040407,041000040406,Drainageway,Channel Line,drainageway,physical_channel,migrated_nhd,migrated_nhd,physical_hydrography,12811384->12801524
6192517,6172823,5Q260,6J80T,041000050106,041000050201,Canal,Canal,canal,canal,migrated_nhd,migrated_nhd,physical_hydrography,6192517->6172823
13160675,13150675,5Q665,9WWOG,041000030405,041000030406,Drainageway,Channel Line,drainageway,physical_channel,migrated_nhd,migrated_nhd,physical_hydrography,13160675->13150675
3590728,3537273,5SVMU,6VRID,041000090508,041000090501,Canal,Canal,canal,canal,migrated_nhd,migrated_nhd,physical_hydrography,3590728->3537273
7525090,7507598,5UOBO,D0F1S,041000071205,041000071204,Drainageway,Channel Line,drainageway,physical_channel,migrated_nhd,migrated_nhd,physical_hydrography,7525090->7507598
13603286,13594381,5UPKY,BSOKH,041000040404,041000040402,Drainageway,Channel Line,drainageway,physical_channel,migrated_nhd,migrated_nhd,physical_hydrography,13603286->13594381
6735517,6716296,5UWQV,9N3LT,041000050105,041000050106,Channel Line,Channel Line,physical_channel,physical_channel,migrated_nhd,migrated_nhd,physical_hydrography,6735517->6716296
5954761,5934775,5UWUB,CF5J,041000050106,041000050203,Channel Line,Channel Line,physical_channel,physical_channel,migrated_nhd,migrated_nhd,physical_hydrography,5954761->5934775
12062777,12052077,5V0DI,FL7ND,041000030704,041000030706,Drainageway,Channel Line,drainageway,physical_channel,migrated_nhd,migrated_nhd,physical_hydrography,12062777->12052077
13378521,13368777,5W3NP,3LRA2,041000040104,041000040106,Waterbody Connector,Waterbody Connector,authoritative_network_connector,authoritative_network_connector,migrated_nhd,migrated_nhd,authoritative_network_connector,13378521->13368777
6271188,6251540,5WCA7,GO0YU,041000050201,041000050106,Canal,Canal,canal,canal,migrated_nhd,migrated_nhd,physical_hydrography,6271188->6251540
3259201,3229693,5XQKO,E6D1J,041000090206,041000090207,Waterbody Connector,Waterbody Connector,authoritative_network_connector,authoritative_network_connector,migrated_nhd,migrated_nhd,authoritative_network_connector,3259201->3229693
7112966,7094446,5ZJZP,2IBL,041000071205,041000071204,Drainageway,Channel Line,drainageway,physical_channel,migrated_nhd,migrated_nhd,physical_hydrography,7112966->7094446
11848784,11837969,5ZKQL,ERON1,041000040408,041000040406,Drainageway,Channel Line,drainageway,physical_channel,migrated_nhd,migrated_nhd,physical_hydrography,11848784->11837969
13210317,13200252,5ZLDO,G4FC6,041000040402,041000040405,Channel Line,Channel Line,physical_channel,physical_channel,migrated_nhd,migrated_nhd,physical_hydrography,13210317->13200252
3720055,3694747,618ZD,BVP0Z,041000090103,041000090203,Channel Line,Channel Line,physical_channel,physical_channel,migrated_nhd,migrated_nhd,physical_hydrography,3720055->3694747
5009331,4987699,62MBI,7TTBE,041000070906,041000070907,Channel Line,Waterbody Connector,physical_channel,authoritative_network_connector,migrated_nhd,migrated_nhd,authoritative_network_connector,5009331->4987699
12722415,12712589,62MBZ,COVRP,041000030104,041000030106,Channel Line,Channel Line,physical_channel,physical_channel,migrated_nhd,migrated_nhd,physical_hydrography,12722415->12712589
4203363,4180020,62MCD,WW1Q,041000071206,041000071207,Hydro Unenforced Connector,Canal,authoritative_network_connector,canal,migrated_nhd,migrated_nhd,authoritative_network_connector,4203363->4180020
9106419,9091091,64FAJ,FG10J,041000071204,041000071203,Drainageway,Channel Line,drainageway,physical_channel,migrated_nhd,migrated_nhd,physical_hydrography,9106419->9091091
12359935,12349291,64G0T,C7E1,041000040408,041000040406,Channel Line,Channel Line,physical_channel,physical_channel,migrated_nhd,migrated_nhd,physical_hydrography,12359935->12349291
11175988,11164625,64GNA,F1GLV,041000040504,041000040502,Channel Line,Channel Line,physical_channel,physical_channel,migrated_nhd,migrated_nhd,physical_hydrography,11175988->11164625
11267435,11255937,64GP2,69B8L,041000040408,041000040502,Waterbody Connector,Waterbody Connector,authoritative_network_connector,authoritative_network_connector,migrated_nhd,migrated_nhd,authoritative_network_connector,11267435->11255937
6310431,6290853,64NXB,H2OVP,041000050106,041000050105,Channel Line,Channel Line,physical_channel,physical_channel,migrated_nhd,migrated_nhd,physical_hydrography,6310431->6290853
12722268,12712449,64S2X,7CINU,041000030603,041000030604,Channel Line,Channel Line,physical_channel,physical_channel,migrated_nhd,migrated_nhd,physical_hydrography,12722268->12712449
13071533,13061496,64S3U,8FEGL,041000030405,041000030404,Surface Connector,Channel Line,authoritative_network_connector,physical_channel,migrated_nhd,migrated_nhd,authoritative_network_connector,13071533->13061496
5431305,5410645,67HIJ,GC9ZE,041000070801,041000070604,Channel Line,Channel Line,physical_channel,physical_channel,migrated_nhd,migrated_nhd,physical_hydrography,5431305->5410645
7577715,7560117,699XC,3P6L4,041000071202,041000071203,Canal,Canal,canal,canal,migrated_nhd,migrated_nhd,physical_hydrography,7577715->7560117
8369961,8353353,69IN9,G4MJI,041000050102,041000050101,Channel Line,Canal,physical_channel,canal,migrated_nhd,migrated_nhd,physical_hydrography,8369961->8353353
12094532,12083838,69M3L,6T1WX,041000030703,041000030705,Canal,Channel Line,canal,physical_channel,migrated_nhd,migrated_nhd,physical_hydrography,12094532->12083838
11381785,11370370,69M3Y,EWVOI,041000030707,041000030705,Channel Line,Channel Line,physical_channel,physical_channel,migrated_nhd,migrated_nhd,physical_hydrography,11381785->11370370
11998589,11987910,69MD0,B9JMO,041000030506,041000030802,Waterbody Connector,Channel Line,authoritative_network_connector,physical_channel,migrated_nhd,migrated_nhd,authoritative_network_connector,11998589->11987910
10975187,10963073,69MOL,CHB8X,041000030802,041000030803,Drainageway,Channel Line,drainageway,physical_channel,migrated_nhd,migrated_nhd,physical_hydrography,10975187->10963073
7277448,7259120,6E544,1JQEF,041000071204,041000071205,Channel Line,Channel Line,physical_channel,physical_channel,migrated_nhd,migrated_nhd,physical_hydrography,7277448->7259120
10339321,10325945,6E5QY,8F2BA,041000040601,041000040602,Surface Connector,Surface Connector,authoritative_network_connector,authoritative_network_connector,migrated_nhd,migrated_nhd,authoritative_network_connector,10339321->10325945
12530477,12519917,6E6DG,AUOIJ,041000040405,041000040304,Drainageway,Channel Line,drainageway,physical_channel,migrated_nhd,migrated_nhd,physical_hydrography,12530477->12519917
12211628,12200970,6E6LD,1OL2B,041000040305,041000040401,Drainageway,Channel Line,drainageway,physical_channel,migrated_nhd,migrated_nhd,physical_hydrography,12211628->12200970
7020336,7001721,6EDRJ,FL45X,041000050106,041000050105,Drainageway,Canal,drainageway,canal,migrated_nhd,migrated_nhd,physical_hydrography,7020336->7001721
10999389,10987211,6EHCE,5LB5J,041000030804,041000030803,Canal,Canal,canal,canal,migrated_nhd,migrated_nhd,physical_hydrography,10999389->10987211
11773547,11762646,6EHE8,7CI3D,041000030506,041000030802,Waterbody Connector,Waterbody Connector,authoritative_network_connector,authoritative_network_connector,migrated_nhd,migrated_nhd,authoritative_network_connector,11773547->11762646
11998560,11987885,6EI83,FQ3WY,041000030504,041000030506,Channel Line,Channel Line,physical_channel,physical_channel,migrated_nhd,migrated_nhd,physical_hydrography,11998560->11987885
3456494,3429135,6H6RG,5O17E,041000090203,041000090202,Canal,Channel Line,canal,physical_channel,migrated_nhd,migrated_nhd,physical_hydrography,3456494->3429135
6113947,6094184,6H6XR,B7EUQ,041000060202,041000060205,Channel Line,Channel Line,physical_channel,physical_channel,migrated_nhd,migrated_nhd,physical_hydrography,6113947->6094184
5138583,5117048,6H6Y9,7RGB5,041000060501,041000060503,Channel Line,Waterbody Connector,physical_channel,authoritative_network_connector,migrated_nhd,migrated_nhd,authoritative_network_connector,5138583->5117048
8303383,8286748,6IZ9W,6XKPN,041000071204,041000071203,Channel Line,Channel Line,physical_channel,physical_channel,migrated_nhd,migrated_nhd,physical_hydrography,8303383->8286748
11495328,11484186,6JBHW,VW0Y,041000030803,041000030801,Drainageway,Channel Line,drainageway,physical_channel,migrated_nhd,migrated_nhd,physical_hydrography,11495328->11484186
10890242,10878037,6JBTP,98LQZ,041000030804,041000030803,Canal,Canal,canal,canal,migrated_nhd,migrated_nhd,physical_hydrography,10890242->10878037
11730042,11719079,6JCF0,DYSGX,041000030703,041000030705,Channel Line,Channel Line,physical_channel,physical_channel,migrated_nhd,migrated_nhd,physical_hydrography,11730042->11719079
5159968,5138517,6M1GZ,3NE28,041000070604,041000070806,Waterbody Connector,Waterbody Connector,authoritative_network_connector,authoritative_network_connector,migrated_nhd,migrated_nhd,authoritative_network_connector,5159968->5138517
7075810,7057280,6NU7G,E3BJ5,041000071204,041000071205,Drainageway,Channel Line,drainageway,physical_channel,migrated_nhd,migrated_nhd,physical_hydrography,7075810->7057280
12169128,12158458,6NVIO,5BATT,041000040305,041000040408,Waterbody Connector,Waterbody Connector,authoritative_network_connector,authoritative_network_connector,migrated_nhd,migrated_nhd,authoritative_network_connector,12169128->12158458
11141622,11130046,6O6K3,23EQS,041000030707,041000030705,Channel Line,Channel Line,physical_channel,physical_channel,migrated_nhd,migrated_nhd,physical_hydrography,11141622->11130046
2924314,2891985,6QWML,8MYK5,041000090702,041000090703,Channel Line,Channel Line,physical_channel,physical_channel,migrated_nhd,migrated_nhd,physical_hydrography,2924314->2891985
6620114,6600821,6QWO8,2FTKL,041000060104,041000060106,Waterbody Connector,Canal,authoritative_network_connector,canal,migrated_nhd,migrated_nhd,authoritative_network_connector,6620114->6600821
12712593,12702776,6QWOP,54MUJ,041000030105,041000030106,Waterbody Connector,Channel Line,authoritative_network_connector,physical_channel,migrated_nhd,migrated_nhd,authoritative_network_connector,12712593->12702776
4790592,4768598,6QWP2,2AYXF,041000060503,041000060504,Waterbody Connector,Waterbody Connector,authoritative_network_connector,authoritative_network_connector,migrated_nhd,migrated_nhd,authoritative_network_connector,4790592->4768598
10753958,10741291,6SQNY,B4DDQ,041000040504,041000040503,Channel Line,Channel Line,physical_channel,physical_channel,migrated_nhd,migrated_nhd,physical_hydrography,10753958->10741291
12571827,12561642,6T1TT,3UCZB,041000030603,041000030604,Canal,Channel Line,canal,physical_channel,migrated_nhd,migrated_nhd,physical_hydrography,12571827->12561642
11198794,11187391,6T1TX,DAI6R,041000030707,041000030705,Channel Line,Channel Line,physical_channel,physical_channel,migrated_nhd,migrated_nhd,physical_hydrography,11198794->11187391
11998576,11987901,6T1VV,4X30Q,041000030504,041000030506,Channel Line,Waterbody Connector,physical_channel,authoritative_network_connector,migrated_nhd,migrated_nhd,authoritative_network_connector,11998576->11987901
12434916,12424222,6T1WK,AUZ14,041000030705,041000030704,Drainageway,Channel Line,drainageway,physical_channel,migrated_nhd,migrated_nhd,physical_hydrography,12434916->12424222
10950944,10938801,6T27K,9DGJE,041000030802,041000030803,Waterbody Connector,Waterbody Connector,authoritative_network_connector,authoritative_network_connector,migrated_nhd,migrated_nhd,authoritative_network_connector,10950944->10938801
13091569,13081565,6T27Y,FUYMI,041000030305,041000030406,Drainageway,Channel Line,drainageway,physical_channel,migrated_nhd,migrated_nhd,physical_hydrography,13091569->13081565
12712554,12702742,6T29I,B4OIE,041000030406,041000030502,Channel Line,Channel Line,physical_channel,physical_channel,migrated_nhd,migrated_nhd,physical_hydrography,12712554->12702742
6034267,6014358,6U140,49UJ1,041000060203,041000060205,Channel Line,Waterbody Connector,physical_channel,authoritative_network_connector,migrated_nhd,migrated_nhd,authoritative_network_connector,6034267->6014358
6192478,6172776,6VS07,54MTO,041000070402,041000070406,Waterbody Connector,Waterbody Connector,authoritative_network_connector,authoritative_network_connector,migrated_nhd,migrated_nhd,authoritative_network_connector,6192478->6172776
4295432,4272306,6VS16,7K3S5,041000070604,041000070806,Channel Line,Canal,physical_channel,canal,migrated_nhd,migrated_nhd,physical_hydrography,4295432->4272306
7094479,7075856,6XTI4,G9G0T,041000050103,041000050105,Waterbody Connector,Waterbody Connector,authoritative_network_connector,authoritative_network_connector,migrated_nhd,migrated_nhd,authoritative_network_connector,7094479->7075856
11596841,11585442,6XWV5,48VJ0,041000030801,041000030802,Drainageway,Channel Line,drainageway,physical_channel,migrated_nhd,migrated_nhd,physical_hydrography,11596841->11585442
12751670,12741785,6XXFL,F1RPZ,041000030603,041000030602,Drainageway,Channel Line,drainageway,physical_channel,migrated_nhd,migrated_nhd,physical_hydrography,12751670->12741785
6926650,6907637,70NDU,DD7RQ,041000080204,041000080205,Channel Line,Waterbody Connector,physical_channel,authoritative_network_connector,migrated_nhd,migrated_nhd,authoritative_network_connector,6926650->6907637
4680416,4658282,70NGL,9BC4T,041000050205,041000050207,Waterbody Connector,Waterbody Connector,authoritative_network_connector,authoritative_network_connector,migrated_nhd,migrated_nhd,authoritative_network_connector,4680416->4658282
8968849,8953569,72FQH,1TESW,041000071201,041000071204,Channel Line,Channel Line,physical_channel,physical_channel,migrated_nhd,migrated_nhd,physical_hydrography,8968849->8953569
7437862,7420471,72FRH,GXJPD,041000071203,041000071205,Drainageway,Channel Line,drainageway,physical_channel,migrated_nhd,migrated_nhd,physical_hydrography,7437862->7420471
9137086,9121763,72GFR,FKWF9,041000040606,041000040605,Hydro Unenforced Connector,Hydro Unenforced Connector,authoritative_network_connector,authoritative_network_connector,migrated_nhd,migrated_nhd,authoritative_network_connector,9137086->9121763
9766450,9752448,72GFS,10ERW,041000050101,041000040604,Hydro Unenforced Connector,Hydro Unenforced Connector,authoritative_network_connector,authoritative_network_connector,migrated_nhd,migrated_nhd,authoritative_network_connector,9766450->9752448
11562329,11551007,72GGN,E86QS,041000040502,041000040601,Channel Line,Channel Line,physical_channel,physical_channel,migrated_nhd,migrated_nhd,physical_hydrography,11562329->11551007
13210318,13200252,72H3M,G4FC6,041000040403,041000040405,Channel Line,Channel Line,physical_channel,physical_channel,migrated_nhd,migrated_nhd,physical_hydrography,13210318->13200252
13279975,13270074,72H5D,BE45C,041000040403,041000040402,Channel Line,Channel Line,physical_channel,physical_channel,migrated_nhd,migrated_nhd,physical_hydrography,13279975->13270074
10877978,10865701,72HB5,6XM9S,041000040602,041000040603,Channel Line,Channel Line,physical_channel,physical_channel,migrated_nhd,migrated_nhd,physical_hydrography,10877978->10865701
11987902,11977188,72S2J,4NEJO,041000030505,041000030506,Waterbody Connector,Waterbody Connector,authoritative_network_connector,authoritative_network_connector,migrated_nhd,migrated_nhd,authoritative_network_connector,11987902->11977188
9988328,9974613,72S45,CJ36,041000030805,041000030707,Drainageway,Channel Line,drainageway,physical_channel,migrated_nhd,migrated_nhd,physical_hydrography,9988328->9974613
12467049,12456327,72S4Q,8K9X9,041000030602,041000030702,Channel Line,Canal,physical_channel,canal,migrated_nhd,migrated_nhd,physical_hydrography,12467049->12456327
5595028,5574725,75HVV,7OYEC,041000080603,041000080605,Channel Line,Waterbody Connector,physical_channel,authoritative_network_connector,migrated_nhd,migrated_nhd,authoritative_network_connector,5595028->5574725
10069823,10056158,77BFG,EMTK0,041000040603,041000040604,Channel Line,Channel Line,physical_channel,physical_channel,migrated_nhd,migrated_nhd,physical_hydrography,10069823->10056158
13549194,13539947,77BYT,1OLMX,041000040406,041000040403,Drainageway,Channel Line,drainageway,physical_channel,migrated_nhd,migrated_nhd,physical_hydrography,13549194->13539947
12692697,12682655,77BZF,5BB18,041000040403,041000040501,Drainageway,Channel Line,drainageway,physical_channel,migrated_nhd,migrated_nhd,physical_hydrography,12692697->12682655
8984300,8968926,77MPP,EWW3J,041000040605,041000030806,Hydro Unenforced Connector,Hydro Unenforced Connector,authoritative_network_connector,authoritative_network_connector,migrated_nhd,migrated_nhd,authoritative_network_connector,8984300->8968926
12722269,12712449,77NBV,7CINU,041000030603,041000030604,Drainageway,Channel Line,drainageway,physical_channel,migrated_nhd,migrated_nhd,physical_hydrography,12722269->12712449
12731996,12722278,77NQM,A6NOO,041000030602,041000030601,Drainageway,Channel Line,drainageway,physical_channel,migrated_nhd,migrated_nhd,physical_hydrography,12731996->12722278
1760359,1702570,7ACOR,88E8R,041000090901,041000090903,Channel Line,Waterbody Connector,physical_channel,authoritative_network_connector,migrated_nhd,migrated_nhd,authoritative_network_connector,1760359->1702570
6212313,6192479,7AD3Q,CMIDA,041000070403,041000070406,Channel Line,Waterbody Connector,physical_channel,authoritative_network_connector,migrated_nhd,migrated_nhd,authoritative_network_connector,6212313->6192479
4746610,4724651,7AD4G,K2PL,041000071102,041000071101,Channel Line,Channel Line,physical_channel,physical_channel,migrated_nhd,migrated_nhd,physical_hydrography,4746610->4724651
12801653,12791743,7AD5A,6CCCA,041000030102,041000030104,Channel Line,Channel Line,physical_channel,physical_channel,migrated_nhd,migrated_nhd,physical_hydrography,12801653->12791743
9362420,9347857,7BUP,FKVQE,041000071202,041000071203,Canal,Canal,canal,canal,migrated_nhd,migrated_nhd,physical_hydrography,9362420->9347857
13464001,13454485,7C799,EMU0Z,041000040402,041000040404,Drainageway,Channel Line,drainageway,physical_channel,migrated_nhd,migrated_nhd,physical_hydrography,13464001->13454485
13539945,13530571,7C79H,98ALD,041000040406,041000040403,Drainageway,Channel Line,drainageway,physical_channel,migrated_nhd,migrated_nhd,physical_hydrography,13539945->13530571
5452018,5431357,7CEHY,6O35O,041000050203,041000050202,Channel Line,Channel Line,physical_channel,physical_channel,migrated_nhd,migrated_nhd,physical_hydrography,5452018->5431357
7402934,7385183,7CEIO,B9FUF,041000050105,041000050103,Channel Line,Canal,physical_channel,canal,migrated_nhd,migrated_nhd,physical_hydrography,7402934->7385183
11697354,11686391,7CI2M,BEEX6,041000030705,041000030703,Drainageway,Channel Line,drainageway,physical_channel,migrated_nhd,migrated_nhd,physical_hydrography,11697354->11686391
9974549,9960648,7CS4,3U1JH,041000040602,041000040604,Channel Line,Channel Line,physical_channel,physical_channel,migrated_nhd,migrated_nhd,physical_hydrography,9974549->9960648
13914002,13905566,7D7U,F6BX6,041000040406,041000040403,Drainageway,Channel Line,drainageway,physical_channel,migrated_nhd,migrated_nhd,physical_hydrography,13914002->13905566
8119943,8103441,7DUHV,S14P,041000050102,041000071202,Channel Line,Waterbody Connector,physical_channel,authoritative_network_connector,migrated_nhd,migrated_nhd,authoritative_network_connector,8119943->8103441
2252414,2208571,7F7MN,F9C8E,041000090703,041000090804,Channel Line,Channel Line,physical_channel,physical_channel,migrated_nhd,migrated_nhd,physical_hydrography,2252414->2208571
9780379,9766448,7H0V3,5B9IE,041000040502,041000071201,Drainageway,Channel Line,drainageway,physical_channel,migrated_nhd,migrated_nhd,physical_hydrography,9780379->9766448
8236803,8220085,7H991,FG9NP,041000071203,041000050103,Drainageway,Channel Line,drainageway,physical_channel,migrated_nhd,migrated_nhd,physical_hydrography,8236803->8220085
9198753,9183422,7HCSZ,9DHJG,041000030805,041000030806,Waterbody Connector,Waterbody Connector,authoritative_network_connector,authoritative_network_connector,migrated_nhd,migrated_nhd,authoritative_network_connector,9198753->9183422
12083835,12073304,7HD4R,CJ24,041000030704,041000030705,Drainageway,Waterbody Connector,drainageway,authoritative_network_connector,migrated_nhd,migrated_nhd,authoritative_network_connector,12083835->12073304
12030514,12019882,7HDR6,H2TEM,041000030703,041000030707,Hydro Unenforced Connector,Hydro Unenforced Connector,authoritative_network_connector,authoritative_network_connector,migrated_nhd,migrated_nhd,authoritative_network_connector,12030514->12019882
3720056,3694747,7K39U,BVP0Z,041000090103,041000090203,Canal,Channel Line,canal,physical_channel,migrated_nhd,migrated_nhd,physical_hydrography,3720056->3694747
5534014,5513689,7K3RQ,3NE2L,041000071001,041000071003,Channel Line,Channel Line,physical_channel,physical_channel,migrated_nhd,migrated_nhd,physical_hydrography,5534014->5513689
6907699,6888595,7K9A,FPZM4,041000050106,041000050105,Drainageway,Channel Line,drainageway,physical_channel,migrated_nhd,migrated_nhd,physical_hydrography,6907699->6888595
11130008,11118484,7LWSI,6J00T,041000040502,041000040504,Drainageway,Canal,drainageway,canal,migrated_nhd,migrated_nhd,physical_hydrography,11130008->11118484
9738581,9724717,7LWTK,8F2DN,041000040603,041000040604,Drainageway,Channel Line,drainageway,physical_channel,migrated_nhd,migrated_nhd,physical_hydrography,9738581->9724717
9288809,9273829,7LWTX,48K8R,041000050102,041000040606,Hydro Unenforced Connector,Hydro Unenforced Connector,authoritative_network_connector,authoritative_network_connector,migrated_nhd,migrated_nhd,authoritative_network_connector,9288809->9273829
5974680,5954756,7M4YZ,6SYE3,041000050104,041000050106,Channel Line,Waterbody Connector,physical_channel,authoritative_network_connector,migrated_nhd,migrated_nhd,authoritative_network_connector,5974680->5954756
11393318,11381857,7M8VD,3667G,041000030704,041000030706,Channel Line,Waterbody Connector,physical_channel,authoritative_network_connector,migrated_nhd,migrated_nhd,authoritative_network_connector,11393318->11381857
12211703,12201048,7NRY,M7K5,041000030707,041000030703,Drainageway,Channel Line,drainageway,physical_channel,migrated_nhd,migrated_nhd,physical_hydrography,12211703->12201048
13041483,13031515,7NUS,BSZ85,041000030404,041000030406,Drainageway,Channel Line,drainageway,physical_channel,migrated_nhd,migrated_nhd,physical_hydrography,13041483->13031515
12622827,12612710,7O5F,GEERU,041000030506,041000030504,Channel Line,Waterbody Connector,physical_channel,authoritative_network_connector,migrated_nhd,migrated_nhd,authoritative_network_connector,12622827->12612710
2023109,1973602,7OYAL,7AD45,041000090901,041000090902,Canal,Canal,canal,canal,migrated_nhd,migrated_nhd,physical_hydrography,2023109->1973602
3943121,3918850,7OYE1,4Q47O,041000090502,041000090503,Channel Line,Channel Line,physical_channel,physical_channel,migrated_nhd,migrated_nhd,physical_hydrography,3943121->3918850
10365671,10352573,7QRMZ,AKWYL,041000040604,041000040602,Drainageway,Channel Line,drainageway,physical_channel,migrated_nhd,migrated_nhd,physical_hydrography,10365671->10352573
7786350,7769521,7QZDC,DF93K,041000050103,041000050105,Canal,Canal,canal,canal,migrated_nhd,migrated_nhd,physical_hydrography,7786350->7769521
8087027,8070585,7QZJF,362EI,041000050103,041000050102,Canal,Canal,canal,canal,migrated_nhd,migrated_nhd,physical_hydrography,8087027->8070585
2538951,2500180,7TSST,DMWKZ,041000090801,041000090802,Channel Line,Channel Line,physical_channel,physical_channel,migrated_nhd,migrated_nhd,physical_hydrography,2538951->2500180
2576853,2538977,7TSUR,38V1M,041000090509,041000090602,Waterbody Connector,Waterbody Connector,authoritative_network_connector,authoritative_network_connector,migrated_nhd,migrated_nhd,authoritative_network_connector,2576853->2538977
7038768,7020269,7TT9I,9ZN17,041000080202,041000080203,Channel Line,Waterbody Connector,physical_channel,authoritative_network_connector,migrated_nhd,migrated_nhd,authoritative_network_connector,7038768->7020269
3401323,3373359,7TTA2,OWWF,041000090203,041000090206,Waterbody Connector,Waterbody Connector,authoritative_network_connector,authoritative_network_connector,migrated_nhd,migrated_nhd,authoritative_network_connector,3401323->3373359
6658426,6639286,7TTCR,A4HYF,041000060104,041000060106,Channel Line,Channel Line,physical_channel,physical_channel,migrated_nhd,migrated_nhd,physical_hydrography,6658426->6639286
6964260,6945482,7VUV5,2HUFS,041000050203,041000050104,Drainageway,Channel Line,drainageway,physical_channel,migrated_nhd,migrated_nhd,physical_hydrography,6964260->6945482
7700955,7683590,7VUW8,3U9BJ,041000050101,041000050102,Drainageway,Channel Line,drainageway,physical_channel,migrated_nhd,migrated_nhd,physical_hydrography,7700955->7683590
13416860,13407333,7VYGG,80TMX,041000030403,041000030404,Drainageway,Channel Line,drainageway,physical_channel,migrated_nhd,migrated_nhd,physical_hydrography,13416860->13407333
6964229,6945453,80HKS,A1FX0,041000071204,041000071205,Waterbody Connector,Waterbody Connector,authoritative_network_connector,authoritative_network_connector,migrated_nhd,migrated_nhd,authoritative_network_connector,6964229->6945453
9724698,9710821,80HL0,B978T,041000040401,041000071201,Drainageway,Channel Line,drainageway,physical_channel,migrated_nhd,migrated_nhd,physical_hydrography,9724698->9710821
13539946,13530571,80IRN,98ALD,041000040406,041000040403,Drainageway,Channel Line,drainageway,physical_channel,migrated_nhd,migrated_nhd,physical_hydrography,13539946->13530571
6523965,6504667,80PTU,1OST7,041000050106,041000050104,Drainageway,Channel Line,drainageway,physical_channel,migrated_nhd,migrated_nhd,physical_hydrography,6523965->6504667
7700942,7683579,80Q0W,DYP1V,041000050102,041000050103,Drainageway,Channel Line,drainageway,physical_channel,migrated_nhd,migrated_nhd,physical_hydrography,7700942->7683579
9933163,9919290,80U8H,51XYQ,041000040605,041000030806,Drainageway,Canal,drainageway,canal,migrated_nhd,migrated_nhd,physical_hydrography,9933163->9919290
11816478,11805710,80UG1,CCG5S,041000030802,041000030506,Drainageway,Channel Line,drainageway,physical_channel,migrated_nhd,migrated_nhd,physical_hydrography,11816478->11805710
12286031,12275380,83JNB,2AYVE,041000030306,041000030501,Waterbody Connector,Waterbody Connector,authoritative_network_connector,authoritative_network_connector,migrated_nhd,migrated_nhd,authoritative_network_connector,12286031->12275380
4812685,4790591,83JOM,41WYW,041000060502,041000060503,Channel Line,Waterbody Connector,physical_channel,authoritative_network_connector,migrated_nhd,migrated_nhd,authoritative_network_connector,4812685->4790591
6113948,6094184,852ZV,B7EUQ,041000060202,041000060205,Channel Line,Channel Line,physical_channel,physical_channel,migrated_nhd,migrated_nhd,physical_hydrography,6113948->6094184
7437863,7420471,85CDB,GXJPD,041000071203,041000071205,Drainageway,Channel Line,drainageway,physical_channel,migrated_nhd,migrated_nhd,physical_hydrography,7437863->7420471
11719018,11708181,85D22,48K8X,041000040406,041000040408,Canal,Canal,canal,canal,migrated_nhd,migrated_nhd,physical_hydrography,11719018->11708181
10365672,10352573,85D8G,AKWYL,041000040604,041000040602,Drainageway,Channel Line,drainageway,physical_channel,migrated_nhd,migrated_nhd,physical_hydrography,10365672->10352573
13972584,13964352,85OGR,64RVW,041000030401,041000030405,Drainageway,Channel Line,drainageway,physical_channel,migrated_nhd,migrated_nhd,physical_hydrography,13972584->13964352
11892002,11881343,85OH3,AGD9V,041000030705,041000030704,Drainageway,Channel Line,drainageway,physical_channel,migrated_nhd,migrated_nhd,physical_hydrography,11892002->11881343
11686412,11675504,85OS4,80TXC,041000030703,041000030705,Drainageway,Waterbody Connector,drainageway,authoritative_network_connector,migrated_nhd,migrated_nhd,authoritative_network_connector,11686412->11675504
12981444,12971436,85OUM,9S2E3,041000030301,041000030203,Channel Line,Channel Line,physical_channel,physical_channel,migrated_nhd,migrated_nhd,physical_hydrography,12981444->12971436
11784326,11773505,85OZ7,B4OGZ,041000030707,041000030604,Surface Connector,Channel Line,authoritative_network_connector,physical_channel,migrated_nhd,migrated_nhd,authoritative_network_connector,11784326->11773505
12434951,12424257,85P2P,FGDZ9,041000030602,041000030603,Drainageway,Channel Line,drainageway,physical_channel,migrated_nhd,migrated_nhd,physical_hydrography,12434951->12424257
3429111,3401297,88EAK,EB8BW,041000090502,041000090508,Channel Line,Channel Line,physical_channel,physical_channel,migrated_nhd,migrated_nhd,physical_hydrography,3429111->3401297
8829859,8814114,8A6S5,85CDV,041000071201,041000071204,Channel Line,Channel Line,physical_channel,physical_channel,migrated_nhd,migrated_nhd,physical_hydrography,8829859->8814114
7525067,7507577,8A6TE,BSN88,041000071203,041000071205,Drainageway,Channel Line,drainageway,physical_channel,migrated_nhd,migrated_nhd,physical_hydrography,7525067->7507577
11697309,11686353,8A82J,C7ZZ,041000040406,041000040408,Channel Line,Waterbody Connector,physical_channel,authoritative_network_connector,migrated_nhd,migrated_nhd,authoritative_network_connector,11697309->11686353
7131497,7113032,8AFHV,G9G22,041000050103,041000050105,Drainageway,Channel Line,drainageway,physical_channel,migrated_nhd,migrated_nhd,physical_hydrography,7131497->7113032
6094139,6074031,8AFIN,VSKG,041000050106,041000050201,Drainageway,Canal,drainageway,canal,migrated_nhd,migrated_nhd,physical_hydrography,6094139->6074031
5265984,5244993,8D92J,CAAZT,041000070701,041000070703,Channel Line,Channel Line,physical_channel,physical_channel,migrated_nhd,migrated_nhd,physical_hydrography,5265984->5244993
11313195,11301705,8F2EE,AG1ER,041000040501,041000040504,Drainageway,Channel Line,drainageway,physical_channel,migrated_nhd,migrated_nhd,physical_hydrography,11313195->11301705
7700941,7683576,8FA96,1TNAL,041000050102,041000050103,Channel Line,Channel Line,physical_channel,physical_channel,migrated_nhd,migrated_nhd,physical_hydrography,7700941->7683576
12571832,12561648,8FDSR,EWW8N,041000030502,041000030604,Drainageway,Channel Line,drainageway,physical_channel,migrated_nhd,migrated_nhd,physical_hydrography,12571832->12561648
14139775,14132034,8FEGF,85PA1,041000030402,041000030405,Drainageway,Channel Line,drainageway,physical_channel,migrated_nhd,migrated_nhd,physical_hydrography,14139775->14132034
13121077,13111188,8I4AG,DI2R7,041000040106,041000040205,Waterbody Connector,Waterbody Connector,authoritative_network_connector,authoritative_network_connector,migrated_nhd,migrated_nhd,authoritative_network_connector,13121077->13111188
9433582,9419532,8JXCL,8JXCD,041000071204,041000071201,Drainageway,Channel Line,drainageway,physical_channel,migrated_nhd,migrated_nhd,physical_hydrography,9433582->9419532
10741259,10728563,8JY7U,2CS3D,041000071202,041000040601,Drainageway,Channel Line,drainageway,physical_channel,migrated_nhd,migrated_nhd,physical_hydrography,10741259->10728563
12519971,12509355,8JYUB,4WSAQ,041000040407,041000040501,Drainageway,Channel Line,drainageway,physical_channel,migrated_nhd,migrated_nhd,physical_hydrography,12519971->12509355
6964255,6945475,8K5XI,FUUXS,041000050106,041000050105,Canal,Canal,canal,canal,migrated_nhd,migrated_nhd,physical_hydrography,6964255->6945475
7020331,7001717,8K5YK,GSWSG,041000050103,041000050105,Drainageway,Canal,drainageway,canal,migrated_nhd,migrated_nhd,physical_hydrography,7020331->7001717
11153213,11141721,8K9L8,4NERR,041000030802,041000030803,Drainageway,Channel Line,drainageway,physical_channel,migrated_nhd,migrated_nhd,physical_hydrography,11153213->11141721
13180580,13170661,8K9WY,3KOP9,041000030301,041000030203,Channel Line,Channel Line,physical_channel,physical_channel,migrated_nhd,migrated_nhd,physical_hydrography,13180580->13170661
12115792,12105179,8KA81,2MS8Q,041000030702,041000030701,Drainageway,Channel Line,drainageway,physical_channel,migrated_nhd,migrated_nhd,physical_hydrography,12115792->12105179
5073821,5052268,8MZ0Z,7YOJP,041000070703,041000070806,Channel Line,Waterbody Connector,physical_channel,authoritative_network_connector,migrated_nhd,migrated_nhd,authoritative_network_connector,5073821->5052268
5307591,5286799,8MZ1X,2KNU1,041000071003,041000071004,Channel Line,Channel Line,physical_channel,physical_channel,migrated_nhd,migrated_nhd,physical_hydrography,5307591->5286799
7075811,7057280,8OSC1,E3BJ5,041000071204,041000071205,Channel Line,Channel Line,physical_channel,physical_channel,migrated_nhd,migrated_nhd,physical_hydrography,7075811->7057280
9752464,9738593,8OSZ1,C2ELX,041000040604,041000040602,Waterbody Connector,Surface Connector,authoritative_network_connector,authoritative_network_connector,migrated_nhd,migrated_nhd,authoritative_network_connector,9752464->9738593
11870522,11859671,8P4E1,8P4FA,041000030801,041000030604,Drainageway,Channel Line,drainageway,physical_channel,migrated_nhd,migrated_nhd,physical_hydrography,11870522->11859671
12052076,12041262,8P4EQ,6XWUP,041000030704,041000030706,Drainageway,Channel Line,drainageway,physical_channel,migrated_nhd,migrated_nhd,physical_hydrography,12052076->12041262
11708272,11697411,8P4FR,BO4EK,041000030707,041000030702,Drainageway,Channel Line,drainageway,physical_channel,migrated_nhd,migrated_nhd,physical_hydrography,11708272->11697411
13620900,13612189,8P51R,9N77E,041000030404,041000030603,Drainageway,Channel Line,drainageway,physical_channel,migrated_nhd,migrated_nhd,physical_hydrography,13620900->13612189
532924,338009,8RUIQ,9BC33,041000090804,041000090904,Waterbody Connector,Waterbody Connector,authoritative_network_connector,authoritative_network_connector,migrated_nhd,migrated_nhd,authoritative_network_connector,532924->338009
5286796,5265999,8RUL2,5EBPR,041000080605,041000070905,Waterbody Connector,Waterbody Connector,authoritative_network_connector,authoritative_network_connector,migrated_nhd,migrated_nhd,authoritative_network_connector,5286796->5265999
7472699,7455305,8RUNS,BVP19,041000070302,041000070304,Channel Line,Channel Line,physical_channel,physical_channel,migrated_nhd,migrated_nhd,physical_hydrography,7472699->7455305
4680409,4658273,8RUON,CK0EX,041000071005,041000071209,Waterbody Connector,Waterbody Connector,authoritative_network_connector,authoritative_network_connector,migrated_nhd,migrated_nhd,authoritative_network_connector,4680409->4658273
13349076,13339204,8RUOX,264LP,041000040104,041000040106,Waterbody Connector,Waterbody Connector,authoritative_network_connector,authoritative_network_connector,migrated_nhd,migrated_nhd,authoritative_network_connector,13349076->13339204
7507580,7490031,8TNHI,DYGFM,041000071203,041000071205,Channel Line,Channel Line,physical_channel,physical_channel,migrated_nhd,migrated_nhd,physical_hydrography,7507580->7490031
7612965,7595242,8TNK5,5PTP7,041000071203,041000071202,Drainageway,Canal,drainageway,canal,migrated_nhd,migrated_nhd,physical_hydrography,7612965->7595242
11450396,11439057,8TO7K,56FPA,041000040504,041000040502,Surface Connector,Channel Line,authoritative_network_connector,physical_channel,migrated_nhd,migrated_nhd,authoritative_network_connector,11450396->11439057
9585681,9571677,8TO8K,8OT08,041000030806,041000040605,Drainageway,Channel Line,drainageway,physical_channel,migrated_nhd,migrated_nhd,physical_hydrography,9585681->9571677
9974550,9960648,8TODP,3U1JH,041000040602,041000040604,Channel Line,Channel Line,physical_channel,physical_channel,migrated_nhd,migrated_nhd,physical_hydrography,9974550->9960648
9258925,9244006,8TOE6,CVKJB,041000040604,041000040603,Hydro Unenforced Connector,Hydro Unenforced Connector,authoritative_network_connector,authoritative_network_connector,migrated_nhd,migrated_nhd,authoritative_network_connector,9258925->9244006
13585456,13576537,8TOSF,EWKPR,041000040402,041000040403,Channel Line,Channel Line,physical_channel,physical_channel,migrated_nhd,migrated_nhd,physical_hydrography,13585456->13576537
5554381,5534039,8TW2Y,3Z3H1,041000050106,041000050202,Waterbody Connector,Waterbody Connector,authoritative_network_connector,authoritative_network_connector,migrated_nhd,migrated_nhd,authoritative_network_connector,5554381->5534039
7131498,7113032,8TW6C,G9G22,041000050103,041000050105,Canal,Channel Line,canal,physical_channel,migrated_nhd,migrated_nhd,physical_hydrography,7131498->7113032
12643073,12632967,8U02H,D0RB9,041000030502,041000030504,Channel Line,Channel Line,physical_channel,physical_channel,migrated_nhd,migrated_nhd,physical_hydrography,12643073->12632967
10562683,10549806,8U0DL,15JZA,041000030803,041000030804,Waterbody Connector,Waterbody Connector,authoritative_network_connector,authoritative_network_connector,migrated_nhd,migrated_nhd,authoritative_network_connector,10562683->10549806
3669185,3643236,8WPZY,91KV1,041000090301,041000090302,Channel Line,Channel Line,physical_channel,physical_channel,migrated_nhd,migrated_nhd,physical_hydrography,3669185->3643236
7665996,7648380,8WQ2N,8MZ0P,041000080301,041000080302,Channel Line,Channel Line,physical_channel,physical_channel,migrated_nhd,migrated_nhd,physical_hydrography,7665996->7648380
6869385,6850157,8WQ4W,2KNX7,041000060102,041000060103,Channel Line,Channel Line,physical_channel,physical_channel,migrated_nhd,migrated_nhd,physical_hydrography,6869385->6850157
12338612,12327990,8WQ5U,DI2RA,041000040303,041000040305,Waterbody Connector,Waterbody Connector,authoritative_network_connector,authoritative_network_connector,migrated_nhd,migrated_nhd,authoritative_network_connector,12338612->12327990
6600757,6581399,8WQ5W,3DPAF,041000070306,041000070402,Waterbody Connector,Waterbody Connector,authoritative_network_connector,authoritative_network_connector,migrated_nhd,migrated_nhd,authoritative_network_connector,6600757->6581399
6504609,6485255,8WQ60,7AD2V,041000070901,041000070903,Channel Line,Channel Line,physical_channel,physical_channel,migrated_nhd,migrated_nhd,physical_hydrography,6504609->6485255
7577716,7560117,8YIP9,3P6L4,041000071202,041000071203,Drainageway,Canal,drainageway,canal,migrated_nhd,migrated_nhd,physical_hydrography,7577716->7560117
6388092,6368593,8YIPL,GNSDM,041000050106,041000071205,Drainageway,Channel Line,drainageway,physical_channel,migrated_nhd,migrated_nhd,physical_hydrography,6388092->6368593
12642910,12632813,8YJXF,FPS6X,041000040406,041000040405,Drainageway,Channel Line,drainageway,physical_channel,migrated_nhd,migrated_nhd,physical_hydrography,12642910->12632813
12751793,12741902,8YNYR,5EBTB,041000030203,041000030204,Channel Line,Channel Line,physical_channel,physical_channel,migrated_nhd,migrated_nhd,physical_hydrography,12751793->12741902
12254162,12243606,8YUO6,CCG7Y,041000030703,041000030701,Drainageway,Channel Line,drainageway,physical_channel,migrated_nhd,migrated_nhd,physical_hydrography,12254162->12243606
12243716,12233082,8YUOZ,AV01N,041000030506,041000030801,Channel Line,Channel Line,physical_channel,physical_channel,migrated_nhd,migrated_nhd,physical_hydrography,12243716->12233082
8386652,8370010,907FP,CM1RI,041000040606,041000050102,Waterbody Connector,Waterbody Connector,authoritative_network_connector,authoritative_network_connector,migrated_nhd,migrated_nhd,authoritative_network_connector,8386652->8370010
3537282,3510582,91KUR,EKZOZ,041000090505,041000090506,Channel Line,Waterbody Connector,physical_channel,authoritative_network_connector,migrated_nhd,migrated_nhd,authoritative_network_connector,3537282->3510582
12801654,12791743,91LF0,6CCCA,041000030102,041000030104,Channel Line,Channel Line,physical_channel,physical_channel,migrated_nhd,migrated_nhd,physical_hydrography,12801654->12791743
12169176,12158520,93FSA,G4FA5,041000040501,041000040407,Canal,Canal,canal,canal,migrated_nhd,migrated_nhd,physical_hydrography,12169176->12158520
8652065,8635665,93N2Z,7CEOL,041000050103,041000050102,Channel Line,Channel Line,physical_channel,physical_channel,migrated_nhd,migrated_nhd,physical_hydrography,8652065->8635665
12062753,12052052,93QGU,77MTI,041000030702,041000030604,Drainageway,Channel Line,drainageway,physical_channel,migrated_nhd,migrated_nhd,physical_hydrography,12062753->12052052
10562684,10549806,93QHX,15JZA,041000030803,041000030804,Waterbody Connector,Waterbody Connector,authoritative_network_connector,authoritative_network_connector,migrated_nhd,migrated_nhd,authoritative_network_connector,10562684->10549806
13091570,13081565,93R3C,FUYMI,041000030305,041000030406,Channel Line,Channel Line,physical_channel,physical_channel,migrated_nhd,migrated_nhd,physical_hydrography,13091570->13081565
3429112,3401297,96GJ9,EB8BW,041000090503,041000090508,Channel Line,Channel Line,physical_channel,physical_channel,migrated_nhd,migrated_nhd,physical_hydrography,3429112->3401297
9258877,9243955,989W0,BXI4C,041000030806,041000040605,Drainageway,Channel Line,drainageway,physical_channel,migrated_nhd,migrated_nhd,physical_hydrography,9258877->9243955
6926746,6907733,98HVW,5L7O1,041000050105,041000050104,Drainageway,Channel Line,drainageway,physical_channel,migrated_nhd,migrated_nhd,physical_hydrography,6926746->6907733
11902617,11892041,98LES,5V0D7,041000030801,041000030604,Drainageway,Channel Line,drainageway,physical_channel,migrated_nhd,migrated_nhd,physical_hydrography,11902617->11892041
9933133,9919255,98MA9,2HYZ0,041000030804,041000030805,Waterbody Connector,Waterbody Connector,authoritative_network_connector,authoritative_network_connector,migrated_nhd,migrated_nhd,authoritative_network_connector,9933133->9919255
12179834,12169187,98MBE,6XWX0,041000030701,041000030703,Channel Line,Channel Line,physical_channel,physical_channel,migrated_nhd,migrated_nhd,physical_hydrography,12179834->12169187
5994418,5974629,9BC1M,54MSV,041000070204,041000070904,Waterbody Connector,Channel Line,authoritative_network_connector,physical_channel,migrated_nhd,migrated_nhd,authoritative_network_connector,5994418->5974629
7020268,7001647,9BC27,1RMHY,041000080203,041000080205,Waterbody Connector,Waterbody Connector,authoritative_network_connector,authoritative_network_connector,migrated_nhd,migrated_nhd,authoritative_network_connector,7020268->7001647
12488520,12477854,9BC4K,7F86I,041000030302,041000030304,Waterbody Connector,Waterbody Connector,authoritative_network_connector,authoritative_network_connector,migrated_nhd,migrated_nhd,authoritative_network_connector,12488520->12477854
11664332,11653181,9D562,8TO6Y,041000040501,041000040408,Channel Line,Channel Line,physical_channel,physical_channel,migrated_nhd,migrated_nhd,physical_hydrography,11664332->11653181
9121783,9106513,9D56N,AKWWK,041000040606,041000040603,Drainageway,Channel Line,drainageway,physical_channel,migrated_nhd,migrated_nhd,physical_hydrography,9121783->9106513
12019766,12009094,9D587,4WRG9,041000071201,041000040408,Drainageway,Channel Line,drainageway,physical_channel,migrated_nhd,migrated_nhd,physical_hydrography,12019766->12009094
11153083,11141593,9D5UN,69AJ8,041000040504,041000040502,Channel Line,Channel Line,physical_channel,physical_channel,migrated_nhd,migrated_nhd,physical_hydrography,11153083->11141593
12811385,12801524,9D62P,56GJR,041000040407,041000040406,Drainageway,Channel Line,drainageway,physical_channel,migrated_nhd,migrated_nhd,physical_hydrography,12811385->12801524
7920577,7904011,9DD4T,2WDLJ,041000050102,041000050101,Canal,Canal,canal,canal,migrated_nhd,migrated_nhd,physical_hydrography,7920577->7904011
7752546,7735527,9DD6C,CM1PP,041000050105,041000050103,Canal,Canal,canal,canal,migrated_nhd,migrated_nhd,physical_hydrography,7752546->7735527
12541114,12530575,9DGL9,8AJ7O,041000030601,041000030602,Channel Line,Channel Line,physical_channel,physical_channel,migrated_nhd,migrated_nhd,physical_hydrography,12541114->12530575
13612211,13603340,9DGLD,B4PFP,041000030404,041000030403,Drainageway,Surface Connector,drainageway,authoritative_network_connector,migrated_nhd,migrated_nhd,authoritative_network_connector,13612211->13603340
11795011,11784335,9DGUB,5BLUR,041000030707,041000030702,Surface Connector,Waterbody Connector,authoritative_network_connector,authoritative_network_connector,migrated_nhd,migrated_nhd,authoritative_network_connector,11795011->11784335
12264794,12254274,9DH7W,7CIPK,041000030506,041000030801,Channel Line,Waterbody Connector,physical_channel,authoritative_network_connector,migrated_nhd,migrated_nhd,authoritative_network_connector,12264794->12254274
3918849,3894526,9G6JW,G7F4D,041000090502,041000090503,Canal,Canal,canal,canal,migrated_nhd,migrated_nhd,physical_hydrography,3918849->3894526
4478144,4455385,9G6QJ,6QWNB,041000071102,041000071103,Channel Line,Channel Line,physical_channel,physical_channel,migrated_nhd,migrated_nhd,physical_hydrography,4478144->4455385
4478145,4455385,9G6RQ,6QWNB,041000071101,041000071103,Channel Line,Channel Line,physical_channel,physical_channel,migrated_nhd,migrated_nhd,physical_hydrography,4478145->4455385
4856803,4834703,9G6RV,OX39,041000071004,041000071005,Waterbody Connector,Waterbody Connector,authoritative_network_connector,authoritative_network_connector,migrated_nhd,migrated_nhd,authoritative_network_connector,4856803->4834703
8470333,8453572,9HZE9,ERNV3,041000071002,041000071204,Channel Line,Channel Line,physical_channel,physical_channel,migrated_nhd,migrated_nhd,physical_hydrography,8470333->8453572
12126354,12115685,9I01C,2W5SH,041000071201,041000040502,Drainageway,Channel Line,drainageway,physical_channel,migrated_nhd,migrated_nhd,physical_hydrography,12126354->12115685
5554373,5534034,9I7R1,G9G0R,041000050201,041000050202,Channel Line,Canal,physical_channel,canal,migrated_nhd,migrated_nhd,physical_hydrography,5554373->5534034
6231936,6212295,9L29Z,EG4CY,041000080504,041000080506,Channel Line,Waterbody Connector,physical_channel,authoritative_network_connector,migrated_nhd,migrated_nhd,authoritative_network_connector,6231936->6212295
7472700,7455305,9L2DR,BVP19,041000070302,041000070304,Channel Line,Channel Line,physical_channel,physical_channel,migrated_nhd,migrated_nhd,physical_hydrography,7472700->7455305
11923870,11913161,9MVTX,CLTXI,041000040503,041000040501,Channel Line,Channel Line,physical_channel,physical_channel,migrated_nhd,migrated_nhd,physical_hydrography,11923870->11913161
11719019,11708181,9MVU6,48K8X,041000040406,041000040408,Canal,Canal,canal,canal,migrated_nhd,migrated_nhd,physical_hydrography,11719019->11708181
9627624,9613633,9MVUE,BXI4M,041000040603,041000040604,Canal,Channel Line,canal,physical_channel,migrated_nhd,migrated_nhd,physical_hydrography,9627624->9613633
9091174,9075913,9MVXK,8TO61,041000040606,041000040603,Hydro Unenforced Connector,Hydro Unenforced Connector,authoritative_network_connector,authoritative_network_connector,migrated_nhd,migrated_nhd,authoritative_network_connector,9091174->9075913
12009189,11998480,9N76Z,1OWFI,041000030706,041000030704,Channel Line,Channel Line,physical_channel,physical_channel,migrated_nhd,migrated_nhd,physical_hydrography,12009189->11998480
13612189,13603321,9N77E,ABIUW,041000030603,041000030404,Channel Line,Channel Line,physical_channel,physical_channel,migrated_nhd,migrated_nhd,physical_hydrography,13612189->13603321
12643066,12632960,9N85G,HCQ5,041000030504,041000030506,Drainageway,Waterbody Connector,drainageway,authoritative_network_connector,migrated_nhd,migrated_nhd,authoritative_network_connector,12643066->12632960
3510581,3483659,9PWWS,EB8DD,041000090506,041000090507,Waterbody Connector,Waterbody Connector,authoritative_network_connector,authoritative_network_connector,migrated_nhd,migrated_nhd,authoritative_network_connector,3510581->3483659
4455398,4432540,9PXE8,DWNSZ,041000060602,041000060604,Channel Line,Waterbody Connector,physical_channel,authoritative_network_connector,migrated_nhd,migrated_nhd,authoritative_network_connector,4455398->4432540
6600750,6581390,9PXEJ,ASUAO,041000070603,041000070901,Channel Line,Channel Line,physical_channel,physical_channel,migrated_nhd,migrated_nhd,physical_hydrography,6600750->6581390
6153185,6133563,9PXET,4LA92,041000070404,041000070406,Channel Line,Waterbody Connector,physical_channel,authoritative_network_connector,migrated_nhd,migrated_nhd,authoritative_network_connector,6153185->6133563
4922300,4900527,9PXFP,GVQEO,041000071005,041000071206,Channel Line,Channel Line,physical_channel,physical_channel,migrated_nhd,migrated_nhd,physical_hydrography,4922300->4900527
12435015,12424328,9S1XX,FGDAD,041000030502,041000030504,Drainageway,Channel Line,drainageway,physical_channel,migrated_nhd,migrated_nhd,physical_hydrography,12435015->12424328
9391296,9376911,9S29U,1F9J5,041000030805,041000030806,Hydro Unenforced Connector,Hydro Unenforced Connector,authoritative_network_connector,authoritative_network_connector,migrated_nhd,migrated_nhd,authoritative_network_connector,9391296->9376911
11977167,11966517,9S2J4,7HD4P,041000030802,041000030801,Channel Line,Waterbody Connector,physical_channel,authoritative_network_connector,migrated_nhd,migrated_nhd,authoritative_network_connector,11977167->11966517
7665997,7648380,9URQ7,8MZ0P,041000080301,041000080302,Channel Line,Channel Line,physical_channel,physical_channel,migrated_nhd,migrated_nhd,physical_hydrography,7665997->7648380
5754770,5735046,9URTO,H5ITP,041000071101,041000080603,Canal,Canal,canal,canal,migrated_nhd,migrated_nhd,physical_hydrography,5754770->5735046
11998379,11987692,9WLZM,8A7GE,041000040407,041000040408,Drainageway,Channel Line,drainageway,physical_channel,migrated_nhd,migrated_nhd,physical_hydrography,11998379->11987692
13603297,13594394,9WM01,APTB2,041000040403,041000040402,Drainageway,Channel Line,drainageway,physical_channel,migrated_nhd,migrated_nhd,physical_hydrography,13603297->13594394
13620901,13612189,9WX8W,9N77E,041000030404,041000030603,Channel Line,Channel Line,physical_channel,physical_channel,migrated_nhd,migrated_nhd,physical_hydrography,13620901->13612189
12434942,12424246,9WX9B,1YKOR,041000030603,041000030602,Channel Line,Channel Line,physical_channel,physical_channel,migrated_nhd,migrated_nhd,physical_hydrography,12434942->12424246
13511623,13502093,9WXAC,G4QCG,041000030403,041000030404,Channel Line,Channel Line,physical_channel,physical_channel,migrated_nhd,migrated_nhd,physical_hydrography,13511623->13502093
8119926,8103422,9ZMZZ,GQUTU,041000080103,041000080105,Waterbody Connector,Waterbody Connector,authoritative_network_connector,authoritative_network_connector,migrated_nhd,migrated_nhd,authoritative_network_connector,8119926->8103422
7020269,7001647,9ZN17,1RMHY,041000080203,041000080205,Waterbody Connector,Waterbody Connector,authoritative_network_connector,authoritative_network_connector,migrated_nhd,migrated_nhd,authoritative_network_connector,7020269->7001647
4702475,4680416,9ZN23,70NGL,041000050204,041000050205,Channel Line,Waterbody Connector,physical_channel,authoritative_network_connector,migrated_nhd,migrated_nhd,authoritative_network_connector,4702475->4680416
12871885,12861764,9ZN3L,1D4H0,041000030101,041000030102,Waterbody Connector,Channel Line,authoritative_network_connector,physical_channel,migrated_nhd,migrated_nhd,authoritative_network_connector,12871885->12861764
5794428,5774582,9ZN3O,FNYAR,041000070802,041000070804,Channel Line,Channel Line,physical_channel,physical_channel,migrated_nhd,migrated_nhd,physical_hydrography,5794428->5774582
7819939,7803092,A1FV4,FB5DP,041000071205,041000071204,Drainageway,Channel Line,drainageway,physical_channel,migrated_nhd,migrated_nhd,physical_hydrography,7819939->7803092
8668523,8651956,A1FX5,2W578,041000071204,041000071203,Drainageway,Channel Line,drainageway,physical_channel,migrated_nhd,migrated_nhd,physical_hydrography,8668523->8651956
12030376,12019730,A1GJL,D5BFF,041000040406,041000040408,Drainageway,Channel Line,drainageway,physical_channel,migrated_nhd,migrated_nhd,physical_hydrography,12030376->12019730
8103487,8086996,A1OG7,G9FW3,041000050102,041000050101,Drainageway,Channel Line,drainageway,physical_channel,migrated_nhd,migrated_nhd,physical_hydrography,8103487->8086996
7131492,7113023,A1OJK,362EX,041000050106,041000050105,Canal,Canal,canal,canal,migrated_nhd,migrated_nhd,physical_hydrography,7131492->7113023
9376892,9362500,A1SCR,H2T5J,041000030806,041000030805,Drainageway,Hydro Unenforced Connector,drainageway,authoritative_network_connector,migrated_nhd,migrated_nhd,authoritative_network_connector,9376892->9362500
2252415,2208571,A4HUG,F9C8E,041000090802,041000090804,Channel Line,Channel Line,physical_channel,physical_channel,migrated_nhd,migrated_nhd,physical_hydrography,2252415->2208571
12222463,12211838,A4HX6,CF5QU,041000030501,041000030503,Waterbody Connector,Waterbody Connector,authoritative_network_connector,authoritative_network_connector,migrated_nhd,migrated_nhd,authoritative_network_connector,12222463->12211838
11176005,11164649,A6MPO,7HCU3,041000030704,041000030705,Channel Line,Channel Line,physical_channel,physical_channel,migrated_nhd,migrated_nhd,physical_hydrography,11176005->11164649
3401324,3373359,A9CTF,OWWF,041000090203,041000090206,Waterbody Connector,Waterbody Connector,authoritative_network_connector,authoritative_network_connector,migrated_nhd,migrated_nhd,authoritative_network_connector,3401324->3373359
5794429,5774582,A9DA7,FNYAR,041000070802,041000070804,Channel Line,Channel Line,physical_channel,physical_channel,migrated_nhd,migrated_nhd,physical_hydrography,5794429->5774582
13407268,13397731,A9DCF,F2U9V,041000040103,041000040106,Channel Line,Channel Line,physical_channel,physical_channel,migrated_nhd,migrated_nhd,physical_hydrography,13407268->13397731
12338596,12327971,AB6ZQ,G4ENW,041000040407,041000040501,Drainageway,Channel Line,drainageway,physical_channel,migrated_nhd,migrated_nhd,physical_hydrography,12338596->12327971
10741260,10728563,AB77B,2CS3D,041000071202,041000040601,Channel Line,Channel Line,physical_channel,physical_channel,migrated_nhd,migrated_nhd,physical_hydrography,10741260->10728563
9752459,9738590,AB7OH,1TG4F,041000040601,041000040604,Channel Line,Waterbody Connector,physical_channel,authoritative_network_connector,migrated_nhd,migrated_nhd,authoritative_network_connector,9752459->9738590
12519972,12509355,AB7VG,4WSAQ,041000040407,041000040501,Drainageway,Channel Line,drainageway,physical_channel,migrated_nhd,migrated_nhd,physical_hydrography,12519972->12509355
6212362,6192516,ABERC,15GK4,041000050106,041000050201,Canal,Canal,canal,canal,migrated_nhd,migrated_nhd,physical_hydrography,6212362->6192516
11902618,11892041,ABI94,5V0D7,041000030801,041000030604,Drainageway,Channel Line,drainageway,physical_channel,migrated_nhd,migrated_nhd,physical_hydrography,11902618->11892041
5794542,5774710,AE7F,FST1W,041000060301,041000060303,Channel Line,Waterbody Connector,physical_channel,authoritative_network_connector,migrated_nhd,migrated_nhd,authoritative_network_connector,5794542->5774710
6231995,6212361,AG9C5,362FV,041000050201,041000050106,Canal,Canal,canal,canal,migrated_nhd,migrated_nhd,physical_hydrography,6231995->6212361
306928,55466,AG9DG,B9FRR,041000050102,041000050103,Drainageway,Canal,drainageway,canal,migrated_nhd,migrated_nhd,physical_hydrography,306928->55466
11370484,11359007,AGCWN,85OFF,041000030801,041000030802,Channel Line,Channel Line,physical_channel,physical_channel,migrated_nhd,migrated_nhd,physical_hydrography,11370484->11359007
10614157,10601344,AGDAZ,EI9MO,041000030804,041000030803,Drainageway,Channel Line,drainageway,physical_channel,migrated_nhd,migrated_nhd,physical_hydrography,10614157->10601344
10285956,10272514,AGDCI,EDETX,041000030707,041000030805,Channel Line,Hydro Unenforced Connector,physical_channel,authoritative_network_connector,migrated_nhd,migrated_nhd,authoritative_network_connector,10285956->10272514
12169226,12158573,AGDIB,288UF,041000030506,041000030604,Channel Line,Canal,physical_channel,canal,migrated_nhd,migrated_nhd,physical_hydrography,12169226->12158573
6172887,6153292,AJ39Q,BH507,041000060201,041000060202,Channel Line,Channel Line,physical_channel,physical_channel,migrated_nhd,migrated_nhd,physical_hydrography,6172887->6153292
7525091,7507598,AKW91,D0F1S,041000071205,041000071204,Drainageway,Channel Line,drainageway,physical_channel,migrated_nhd,migrated_nhd,physical_hydrography,7525091->7507598
7331867,7313881,AKW99,5KZ57,041000071204,041000071205,Channel Line,Channel Line,physical_channel,physical_channel,migrated_nhd,migrated_nhd,physical_hydrography,7331867->7313881
9137087,9121763,AKWVX,FKWF9,041000040606,041000040605,Canal,Hydro Unenforced Connector,canal,authoritative_network_connector,migrated_nhd,migrated_nhd,authoritative_network_connector,9137087->9121763
13309582,13299715,AKXJC,FZJD7,041000040402,041000040405,Channel Line,Channel Line,physical_channel,physical_channel,migrated_nhd,migrated_nhd,physical_hydrography,13309582->13299715
12105022,12094444,AKXK5,E3CSY,041000040405,041000040408,Waterbody Connector,Waterbody Connector,authoritative_network_connector,authoritative_network_connector,migrated_nhd,migrated_nhd,authoritative_network_connector,12105022->12094444
8953619,8938290,AKXKE,80IRB,041000040604,041000040606,Waterbody Connector,Waterbody Connector,authoritative_network_connector,authoritative_network_connector,migrated_nhd,migrated_nhd,authoritative_network_connector,8953619->8938290
7222736,7204470,AL4X4,FG9TE,041000050104,041000050105,Drainageway,Channel Line,drainageway,physical_channel,migrated_nhd,migrated_nhd,physical_hydrography,7222736->7204470
7920603,7904038,AL500,FZQPQ,041000050102,041000050103,Canal,Channel Line,canal,physical_channel,migrated_nhd,migrated_nhd,physical_hydrography,7920603->7904038
13638377,13629598,AL8IW,9WWNN,041000030404,041000030603,Channel Line,Channel Line,physical_channel,physical_channel,migrated_nhd,migrated_nhd,physical_hydrography,13638377->13629598
11573868,11562431,AL8JT,HDBO,041000030801,041000030707,Channel Line,Channel Line,physical_channel,physical_channel,migrated_nhd,migrated_nhd,physical_hydrography,11573868->11562431
12201185,12190580,AL8L0,3PJMA,041000030502,041000030503,Channel Line,Waterbody Connector,physical_channel,authoritative_network_connector,migrated_nhd,migrated_nhd,authoritative_network_connector,12201185->12190580
3483655,3456477,ANYV4,CK0B9,041000090508,041000090501,Channel Line,Canal,physical_channel,canal,migrated_nhd,migrated_nhd,physical_hydrography,3483655->3456477
7094425,7075796,ANYVV,G7F5V,041000070303,041000070306,Channel Line,Waterbody Connector,physical_channel,authoritative_network_connector,migrated_nhd,migrated_nhd,authoritative_network_connector,7094425->7075796
7525065,7507576,APRXV,5G4N6,041000071204,041000071205,Drainageway,Canal,drainageway,canal,migrated_nhd,migrated_nhd,physical_hydrography,7525065->7507576
8236709,8219990,APRZW,2W54G,041000071203,041000071202,Drainageway,Channel Line,drainageway,physical_channel,migrated_nhd,migrated_nhd,physical_hydrography,8236709->8219990
7648406,7630667,APS02,EMSRN,041000071202,041000071203,Drainageway,Channel Line,drainageway,physical_channel,migrated_nhd,migrated_nhd,physical_hydrography,7648406->7630667
12233032,12222367,AQ4V2,2RMRP,041000030602,041000030604,Drainageway,Channel Line,drainageway,physical_channel,migrated_nhd,migrated_nhd,physical_hydrography,12233032->12222367
10829122,10816852,AQ57S,E3NQ7,041000030706,041000030707,Channel Line,Waterbody Connector,physical_channel,authoritative_network_connector,migrated_nhd,migrated_nhd,authoritative_network_connector,10829122->10816852
2576854,2538977,ASU71,38V1M,041000090510,041000090602,Waterbody Connector,Waterbody Connector,authoritative_network_connector,authoritative_network_connector,migrated_nhd,migrated_nhd,authoritative_network_connector,2576854->2538977
7525048,7507563,ASU8Q,D8CY3,041000070301,041000070302,Channel Line,Channel Line,physical_channel,physical_channel,migrated_nhd,migrated_nhd,physical_hydrography,7525048->7507563
11118501,11106759,AUO9W,FPS71,041000040502,041000040504,Waterbody Connector,Waterbody Connector,authoritative_network_connector,authoritative_network_connector,migrated_nhd,migrated_nhd,authoritative_network_connector,11118501->11106759
6446568,6427260,AXP1V,5J6FE,041000070601,041000070602,Channel Line,Channel Line,physical_channel,physical_channel,migrated_nhd,migrated_nhd,physical_hydrography,6446568->6427260
5513668,5493173,AXP2I,2PIHR,041000070604,041000070801,Channel Line,Channel Line,physical_channel,physical_channel,migrated_nhd,migrated_nhd,physical_hydrography,5513668->5493173
4658272,4636209,AXP34,D8CVT,041000071207,041000071209,Waterbody Connector,Waterbody Connector,authoritative_network_connector,authoritative_network_connector,migrated_nhd,migrated_nhd,authoritative_network_connector,4658272->4636209
5735058,5715370,AXP3E,5SVUS,041000070501,041000070503,Channel Line,Waterbody Connector,physical_channel,authoritative_network_connector,migrated_nhd,migrated_nhd,authoritative_network_connector,5735058->5715370
8286745,8270156,AZHY8,3GTKA,041000071204,041000071203,Canal,Channel Line,canal,physical_channel,migrated_nhd,migrated_nhd,physical_hydrography,8286745->8270156
10890183,10877971,AZIQF,98A2R,041000040503,041000040602,Drainageway,Channel Line,drainageway,physical_channel,migrated_nhd,migrated_nhd,physical_hydrography,10890183->10877971
11585274,11573797,AZJB4,E87E8,041000040407,041000040408,Channel Line,Waterbody Connector,physical_channel,authoritative_network_connector,migrated_nhd,migrated_nhd,authoritative_network_connector,11585274->11573797
12612569,12602494,AZJBK,CC5CE,041000040405,041000040304,Drainageway,Channel Line,drainageway,physical_channel,migrated_nhd,migrated_nhd,physical_hydrography,12612569->12602494
12030621,12019986,AZTYN,M7K8,041000050204,041000030802,Channel Line,Channel Line,physical_channel,physical_channel,migrated_nhd,migrated_nhd,physical_hydrography,12030621->12019986
12019976,12009303,AZU0J,72S4L,041000030505,041000030506,Drainageway,Channel Line,drainageway,physical_channel,migrated_nhd,migrated_nhd,physical_hydrography,12019976->12009303
13922470,13914043,AZUCT,98M0E,041000030401,041000030405,Drainageway,Channel Line,drainageway,physical_channel,migrated_nhd,migrated_nhd,physical_hydrography,13922470->13914043
11730014,11719049,AZUX3,G9KI8,041000030704,041000030705,Drainageway,Channel Line,drainageway,physical_channel,migrated_nhd,migrated_nhd,physical_hydrography,11730014->11719049
3259195,3229690,B0WB3,73UW3,041000090206,041000090207,Channel Line,Channel Line,physical_channel,physical_channel,migrated_nhd,migrated_nhd,physical_hydrography,3259195->3229690
2859135,2825745,B2JVV,1RM2B,041000090501,041000090510,Channel Line,Waterbody Connector,physical_channel,authoritative_network_connector,migrated_nhd,migrated_nhd,authoritative_network_connector,2859135->2825745
3845377,3820519,B2JXD,GH4MP,041000090103,041000090104,Channel Line,Channel Line,physical_channel,physical_channel,migrated_nhd,migrated_nhd,physical_hydrography,3845377->3820519
12941683,12931767,B2JYP,EG4E2,041000040202,041000040205,Waterbody Connector,Waterbody Connector,authoritative_network_connector,authoritative_network_connector,migrated_nhd,migrated_nhd,authoritative_network_connector,12941683->12931767
5307592,5286799,B2JYQ,2KNU1,041000071003,041000071004,Channel Line,Channel Line,physical_channel,physical_channel,migrated_nhd,migrated_nhd,physical_hydrography,5307592->5286799
5914532,5894331,B2JYR,7OYEZ,041000071205,041000071206,Channel Line,Channel Line,physical_channel,physical_channel,migrated_nhd,migrated_nhd,physical_hydrography,5914532->5894331
7525068,7507577,B4CK7,BSN88,041000071203,041000071205,Channel Line,Channel Line,physical_channel,physical_channel,migrated_nhd,migrated_nhd,physical_hydrography,7525068->7507577
9433583,9419532,B4CKG,8JXCD,041000071204,041000071201,Drainageway,Channel Line,drainageway,physical_channel,migrated_nhd,migrated_nhd,physical_hydrography,9433583->9419532
8953620,8938290,B4DVC,80IRB,041000040604,041000040606,Waterbody Connector,Waterbody Connector,authoritative_network_connector,authoritative_network_connector,migrated_nhd,migrated_nhd,authoritative_network_connector,8953620->8938290
11484226,11473085,B4OGR,9IBCH,041000030705,041000030707,Drainageway,Channel Line,drainageway,physical_channel,migrated_nhd,migrated_nhd,physical_hydrography,11484226->11473085
13230430,13220329,B4OKI,7VYKQ,041000030404,041000030602,Channel Line,Channel Line,physical_channel,physical_channel,migrated_nhd,migrated_nhd,physical_hydrography,13230430->13220329
12771805,12761790,B4OS5,AUZCS,041000030601,041000030701,Channel Line,Waterbody Connector,physical_channel,authoritative_network_connector,migrated_nhd,migrated_nhd,authoritative_network_connector,12771805->12761790
9752524,9738666,B4P1Y,9IBYN,041000030805,041000030806,Canal,Hydro Unenforced Connector,canal,authoritative_network_connector,migrated_nhd,migrated_nhd,authoritative_network_connector,9752524->9738666
12434952,12424257,B4P28,FGDZ9,041000030602,041000030603,Channel Line,Channel Line,physical_channel,physical_channel,migrated_nhd,migrated_nhd,physical_hydrography,12434952->12424257
4086111,4062538,B7ENL,C5FWL,041000090104,041000090101,Channel Line,Channel Line,physical_channel,physical_channel,migrated_nhd,migrated_nhd,physical_hydrography,4086111->4062538
5774709,5754883,B7EU5,H0N8T,041000060301,041000060303,Waterbody Connector,Waterbody Connector,authoritative_network_connector,authoritative_network_connector,migrated_nhd,migrated_nhd,authoritative_network_connector,5774709->5754883
6014356,5994498,B7EUI,D8CZP,041000060203,041000060205,Channel Line,Waterbody Connector,physical_channel,authoritative_network_connector,migrated_nhd,migrated_nhd,authoritative_network_connector,6014356->5994498
12317414,12306915,B7EUP,DMX50,041000040304,041000040305,Channel Line,Waterbody Connector,physical_channel,authoritative_network_connector,migrated_nhd,migrated_nhd,authoritative_network_connector,12317414->12306915
7038816,7020309,B977R,E862B,041000071205,041000071203,Drainageway,Channel Line,drainageway,physical_channel,migrated_nhd,migrated_nhd,physical_hydrography,7038816->7020309
12359936,12349291,B97V8,C7E1,041000040408,041000040406,Drainageway,Channel Line,drainageway,physical_channel,migrated_nhd,migrated_nhd,physical_hydrography,12359936->12349291
11313196,11301705,B97YK,AG1ER,041000040501,041000040504,Channel Line,Channel Line,physical_channel,physical_channel,migrated_nhd,migrated_nhd,physical_hydrography,11313196->11301705
5914595,5894390,B9FRD,3PFAR,041000050106,041000050203,Drainageway,Channel Line,drainageway,physical_channel,migrated_nhd,migrated_nhd,physical_hydrography,5914595->5894390
5914585,5894383,B9FRZ,CQX04,041000050104,041000050203,Drainageway,Channel Line,drainageway,physical_channel,migrated_nhd,migrated_nhd,physical_hydrography,5914585->5894383
11484185,11473047,B9J83,6JBGR,041000030801,041000030707,Channel Line,Channel Line,physical_channel,physical_channel,migrated_nhd,migrated_nhd,physical_hydrography,11484185->11473047
12179835,12169187,B9K6D,6XWX0,041000030701,041000030703,Channel Line,Channel Line,physical_channel,physical_channel,migrated_nhd,migrated_nhd,physical_hydrography,12179835->12169187
12115720,12105109,B9K84,BEFJ4,041000030703,041000030705,Surface Connector,Channel Line,authoritative_network_connector,physical_channel,migrated_nhd,migrated_nhd,authoritative_network_connector,12115720->12105109
3537316,3510611,BC9UF,96GJJ,041000090104,041000090105,Channel Line,Channel Line,physical_channel,physical_channel,migrated_nhd,migrated_nhd,physical_hydrography,3537316->3510611
6034167,6014266,BCA8N,8RUKP,041000080506,041000080602,Waterbody Connector,Waterbody Connector,authoritative_network_connector,authoritative_network_connector,migrated_nhd,migrated_nhd,authoritative_network_connector,6034167->6014266
9766451,9752448,BE3IR,10ERW,041000050101,041000040604,Drainageway,Hydro Unenforced Connector,drainageway,authoritative_network_connector,migrated_nhd,migrated_nhd,authoritative_network_connector,9766451->9752448
12105018,12094442,BE3JP,FB6RF,041000040405,041000040408,Drainageway,Channel Line,drainageway,physical_channel,migrated_nhd,migrated_nhd,physical_hydrography,12105018->12094442
8087028,8070585,BEBGJ,362EI,041000050103,041000050102,Canal,Canal,canal,canal,migrated_nhd,migrated_nhd,physical_hydrography,8087028->8070585
12030605,12019970,BEEYR,GT09C,041000030506,041000030505,Channel Line,Waterbody Connector,physical_channel,authoritative_network_connector,migrated_nhd,migrated_nhd,authoritative_network_connector,12030605->12019970
10877984,10865706,BEEZJ,DTXY9,041000030805,041000030707,Drainageway,Channel Line,drainageway,physical_channel,migrated_nhd,migrated_nhd,physical_hydrography,10877984->10865706
12602653,12592442,BEFBF,2WI07,041000030504,041000030506,Channel Line,Channel Line,physical_channel,physical_channel,migrated_nhd,migrated_nhd,physical_hydrography,12602653->12592442
11697468,11686490,BEFK3,4IKWK,041000030802,041000030801,Surface Connector,Channel Line,authoritative_network_connector,physical_channel,migrated_nhd,migrated_nhd,authoritative_network_connector,11697468->11686490
4900521,4878767,BH4YX,G7F76,041000070806,041000071005,Waterbody Connector,Waterbody Connector,authoritative_network_connector,authoritative_network_connector,migrated_nhd,migrated_nhd,authoritative_network_connector,4900521->4878767
4318250,4295439,BH50L,CTR5U,041000060603,041000060604,Channel Line,Waterbody Connector,physical_channel,authoritative_network_connector,migrated_nhd,migrated_nhd,authoritative_network_connector,4318250->4295439
4746646,4724690,BH51X,CAB00,041000060402,041000060404,Channel Line,Channel Line,physical_channel,physical_channel,migrated_nhd,migrated_nhd,physical_hydrography,4746646->4724690
1816394,1760351,BIOXA,BXPI,041000090701,041000090803,Channel Line,Channel Line,physical_channel,physical_channel,migrated_nhd,migrated_nhd,physical_hydrography,1816394->1760351
7648407,7630667,BIXYI,EMSRN,041000071202,041000071203,Drainageway,Channel Line,drainageway,physical_channel,migrated_nhd,migrated_nhd,physical_hydrography,7648407->7630667
11381761,11370345,BIYLY,8A7FJ,041000040502,041000040501,Drainageway,Channel Line,drainageway,physical_channel,migrated_nhd,migrated_nhd,physical_hydrography,11381761->11370345
12402899,12392222,BJ9W6,9DGKC,041000030602,041000030702,Drainageway,Channel Line,drainageway,physical_channel,migrated_nhd,migrated_nhd,physical_hydrography,12402899->12392222
11945305,11934695,BJ9XR,7M8EG,041000030604,041000030702,Hydro Unenforced Connector,Hydro Unenforced Connector,authoritative_network_connector,authoritative_network_connector,migrated_nhd,migrated_nhd,authoritative_network_connector,11945305->11934695
13972588,13964356,BJAMC,G9K3B,041000030603,041000030404,Drainageway,Waterbody Connector,drainageway,authoritative_network_connector,migrated_nhd,migrated_nhd,authoritative_network_connector,13972588->13964356
12233033,12222367,BJASW,2RMRP,041000030602,041000030604,Channel Line,Channel Line,physical_channel,physical_channel,migrated_nhd,migrated_nhd,physical_hydrography,12233033->12222367
3694767,3669219,BLZQV,9URMM,041000090104,041000090106,Channel Line,Channel Line,physical_channel,physical_channel,migrated_nhd,migrated_nhd,physical_hydrography,3694767->3669219
7836725,7819927,BNSAH,B9760,041000071204,041000071203,Channel Line,Channel Line,physical_channel,physical_channel,migrated_nhd,migrated_nhd,physical_hydrography,7836725->7819927
10431786,10418491,BNSZZ,G9843,041000040504,041000040602,Channel Line,Channel Line,physical_channel,physical_channel,migrated_nhd,migrated_nhd,physical_hydrography,10431786->10418491
13435568,13426261,BNTLS,2CSVM,041000040406,041000040403,Channel Line,Channel Line,physical_channel,physical_channel,migrated_nhd,migrated_nhd,physical_hydrography,13435568->13426261
6964261,6945482,BO0UD,2HUFS,041000050203,041000050104,Channel Line,Channel Line,physical_channel,physical_channel,migrated_nhd,migrated_nhd,physical_hydrography,6964261->6945482
7735545,7718231,BO0V6,1TNAD,041000050101,041000050102,Drainageway,Waterbody Connector,drainageway,authoritative_network_connector,migrated_nhd,migrated_nhd,authoritative_network_connector,7735545->7718231
12498956,12488454,BO4FS,EIA6P,041000030502,041000030504,Drainageway,Channel Line,drainageway,physical_channel,migrated_nhd,migrated_nhd,physical_hydrography,12498956->12488454
12019977,12009303,BO4FT,72S4L,041000030505,041000030506,Channel Line,Channel Line,physical_channel,physical_channel,migrated_nhd,migrated_nhd,physical_hydrography,12019977->12009303
13349138,13339263,BO4G3,4DQT9,041000030403,041000030404,Channel Line,Channel Line,physical_channel,physical_channel,migrated_nhd,migrated_nhd,physical_hydrography,13349138->13339263
12712486,12702670,BO53I,G9K4L,041000030602,041000030603,Channel Line,Channel Line,physical_channel,physical_channel,migrated_nhd,migrated_nhd,physical_hydrography,12712486->12702670
12791666,12781731,BO5F5,23EHU,041000030603,041000030602,Drainageway,Channel Line,drainageway,physical_channel,migrated_nhd,migrated_nhd,physical_hydrography,12791666->12781731
13031483,12571833,BO5FE,366H9,041000030506,041000030604,Drainageway,Channel Line,drainageway,physical_channel,migrated_nhd,migrated_nhd,physical_hydrography,13031483->12571833
12222389,12211767,BO5FV,AQ4BW,041000030702,041000030701,Drainageway,Channel Line,drainageway,physical_channel,migrated_nhd,migrated_nhd,physical_hydrography,12222389->12211767
2956033,2924344,BQU9W,GH44A,041000090403,041000090510,Waterbody Connector,Waterbody Connector,authoritative_network_connector,authoritative_network_connector,migrated_nhd,migrated_nhd,authoritative_network_connector,2956033->2924344
12901883,12891994,BQUCY,BVP2N,041000040204,041000040303,Waterbody Connector,Waterbody Connector,authoritative_network_connector,authoritative_network_connector,migrated_nhd,migrated_nhd,authoritative_network_connector,12901883->12891994
7525066,7507576,BSN67,5G4N6,041000071204,041000071205,Canal,Canal,canal,canal,migrated_nhd,migrated_nhd,physical_hydrography,7525066->7507576
13620881,13612164,BSOJZ,FZJCJ,041000040403,041000040402,Drainageway,Channel Line,drainageway,physical_channel,migrated_nhd,migrated_nhd,physical_hydrography,13620881->13612164
8070583,8054198,BSVUT,FUUUY,041000050102,041000050101,Hydro Unenforced Connector,Hydro Unenforced Connector,authoritative_network_connector,authoritative_network_connector,migrated_nhd,migrated_nhd,authoritative_network_connector,8070583->8054198
8103532,8087035,BSVV2,7QZEX,041000050106,041000050103,Drainageway,Channel Line,drainageway,physical_channel,migrated_nhd,migrated_nhd,physical_hydrography,8103532->8087035
5554382,5534039,BSVX3,3Z3H1,041000050106,041000050202,Waterbody Connector,Waterbody Connector,authoritative_network_connector,authoritative_network_connector,migrated_nhd,migrated_nhd,authoritative_network_connector,5554382->5534039
11198795,11187391,BSZ6A,DAI6R,041000030707,041000030705,Drainageway,Channel Line,drainageway,physical_channel,migrated_nhd,migrated_nhd,physical_hydrography,11198795->11187391
12307088,12296588,BSZ8E,AQ47O,041000030802,041000030801,Drainageway,Channel Line,drainageway,physical_channel,migrated_nhd,migrated_nhd,physical_hydrography,12307088->12296588
14304594,14297264,BSZRJ,FQ32H,041000030401,041000030402,Waterbody Connector,Channel Line,authoritative_network_connector,physical_channel,migrated_nhd,migrated_nhd,authoritative_network_connector,14304594->14297264
5116985,5095415,BVP0G,H0N94,041000070702,041000070703,Channel Line,Channel Line,physical_channel,physical_channel,migrated_nhd,migrated_nhd,physical_hydrography,5116985->5095415
6329720,6310357,BVP0H,DMX2E,041000070602,041000070603,Channel Line,Channel Line,physical_channel,physical_channel,migrated_nhd,migrated_nhd,physical_hydrography,6329720->6310357
5554374,5534034,BXQ3V,G9G0R,041000050201,041000050202,Canal,Canal,canal,canal,migrated_nhd,migrated_nhd,physical_hydrography,5554374->5534034
12445581,12434952,BXU6U,B4P28,041000030603,041000030602,Drainageway,Channel Line,drainageway,physical_channel,migrated_nhd,migrated_nhd,physical_hydrography,12445581->12434952
6465868,6446576,C0KWA,8D924,041000080401,041000080404,Channel Line,Channel Line,physical_channel,physical_channel,migrated_nhd,migrated_nhd,physical_hydrography,6465868->6446576
13150532,13140652,C0KXA,ANYYL,041000040106,041000040105,Waterbody Connector,Waterbody Connector,authoritative_network_connector,authoritative_network_connector,migrated_nhd,migrated_nhd,authoritative_network_connector,13150532->13140652
4900552,4878802,C0KXB,5J6EO,041000060401,041000060402,Channel Line,Channel Line,physical_channel,physical_channel,migrated_nhd,migrated_nhd,physical_hydrography,4900552->4878802
6231951,6212308,C0KXO,CTR3S,041000070902,041000070903,Channel Line,Channel Line,physical_channel,physical_channel,migrated_nhd,migrated_nhd,physical_hydrography,6231951->6212308
6581388,6562104,C0KXU,F4HCZ,041000070203,041000070204,Channel Line,Waterbody Connector,physical_channel,authoritative_network_connector,migrated_nhd,migrated_nhd,authoritative_network_connector,6581388->6562104
7094438,7075812,C2DYT,9D4LB,041000071205,041000071204,Drainageway,Channel Line,drainageway,physical_channel,migrated_nhd,migrated_nhd,physical_hydrography,7094438->7075812
7612960,7595237,C2E02,3ANRR,041000071202,041000071203,Channel Line,Channel Line,physical_channel,physical_channel,migrated_nhd,migrated_nhd,physical_hydrography,7612960->7595237
12306922,12296417,C2EKM,GE37G,041000040406,041000040405,Drainageway,Channel Line,drainageway,physical_channel,migrated_nhd,migrated_nhd,physical_hydrography,12306922->12296417
9738593,9724727,C2ELX,E3C6N,041000040602,041000040604,Surface Connector,Channel Line,authoritative_network_connector,physical_channel,migrated_nhd,migrated_nhd,authoritative_network_connector,9738593->9724727
12105049,12094468,C2F68,7C796,041000040408,041000040406,Drainageway,Channel Line,drainageway,physical_channel,migrated_nhd,migrated_nhd,physical_hydrography,12105049->12094468
12211629,12200970,C2F80,1OL2B,041000040305,041000040401,Drainageway,Channel Line,drainageway,physical_channel,migrated_nhd,migrated_nhd,physical_hydrography,12211629->12200970
14085187,14077322,C2F87,ED3JV,041000040501,041000040403,Channel Line,Channel Line,physical_channel,physical_channel,migrated_nhd,migrated_nhd,physical_hydrography,14085187->14077322
12612587,12602510,C2FEJ,A6BUP,041000040305,041000040405,Channel Line,Channel Line,physical_channel,physical_channel,migrated_nhd,migrated_nhd,physical_hydrography,12612587->12602510
8814140,8798318,C2MBB,DK40D,041000040601,041000050101,Drainageway,Channel Line,drainageway,physical_channel,migrated_nhd,migrated_nhd,physical_hydrography,8814140->8798318
8536703,8520110,C2MHM,5GDC9,041000040606,041000050102,Drainageway,Channel Line,drainageway,physical_channel,migrated_nhd,migrated_nhd,physical_hydrography,8536703->8520110
11848890,11838063,C2PV4,10Q22,041000030706,041000030704,Drainageway,Channel Line,drainageway,physical_channel,migrated_nhd,migrated_nhd,physical_hydrography,11848890->11838063
11945306,11934695,C2PV5,7M8EG,041000030604,041000030702,Drainageway,Hydro Unenforced Connector,drainageway,authoritative_network_connector,migrated_nhd,migrated_nhd,authoritative_network_connector,11945306->11934695
12643067,12632961,C2PWS,7OF0,041000030506,041000030504,Channel Line,Channel Line,physical_channel,physical_channel,migrated_nhd,migrated_nhd,physical_hydrography,12643067->12632961
14108717,14100797,C2PXD,6EHM1,041000030405,041000030402,Channel Line,Canal,physical_channel,canal,migrated_nhd,migrated_nhd,physical_hydrography,14108717->14100797
6888531,6869290,C5GCO,BVOZX,041000080302,041000080304,Waterbody Connector,Waterbody Connector,authoritative_network_connector,authoritative_network_connector,migrated_nhd,migrated_nhd,authoritative_network_connector,6888531->6869290
8270142,8253500,C5GDP,C5GCH,041000080102,041000080103,Channel Line,Channel Line,physical_channel,physical_channel,migrated_nhd,migrated_nhd,physical_hydrography,8270142->8253500
12961466,12951601,C5GEX,FNYDV,041000040203,041000040204,Channel Line,Channel Line,physical_channel,physical_channel,migrated_nhd,migrated_nhd,physical_hydrography,12961466->12951601
6792901,6773808,C5GGJ,2PIHL,041000070305,041000070306,Channel Line,Waterbody Connector,physical_channel,authoritative_network_connector,migrated_nhd,migrated_nhd,authoritative_network_connector,6792901->6773808
11837988,11827190,C79W8,FPS6D,041000040501,041000040407,Drainageway,Canal,drainageway,canal,migrated_nhd,migrated_nhd,physical_hydrography,11837988->11827190
13270076,13260254,C7AHR,80IRU,041000040403,041000040402,Drainageway,Channel Line,drainageway,physical_channel,migrated_nhd,migrated_nhd,physical_hydrography,13270076->13260254
8236804,8220085,C7HJK,FG9NP,041000071203,041000050103,Drainageway,Channel Line,drainageway,physical_channel,migrated_nhd,migrated_nhd,physical_hydrography,8236804->8220085
6153239,6133607,C7HRT,BJ6H5,041000050106,041000050201,Channel Line,Canal,physical_channel,canal,migrated_nhd,migrated_nhd,physical_hydrography,6153239->6133607
12781806,12771855,C7L75,CIPA,041000030502,041000030504,Drainageway,Channel Line,drainageway,physical_channel,migrated_nhd,migrated_nhd,physical_hydrography,12781806->12771855
11347525,11336076,C7LLD,85OTM,041000030804,041000030803,Channel Line,Channel Line,physical_channel,physical_channel,migrated_nhd,migrated_nhd,physical_hydrography,11347525->11336076
8386653,8370010,C8XLC,CM1RI,041000030806,041000050102,Waterbody Connector,Waterbody Connector,authoritative_network_connector,authoritative_network_connector,migrated_nhd,migrated_nhd,authoritative_network_connector,8386653->8370010
3079724,3049230,CAAIO,6H6PE,041000090106,041000090207,Channel Line,Waterbody Connector,physical_channel,authoritative_network_connector,migrated_nhd,migrated_nhd,authoritative_network_connector,3079724->3049230
3018471,2987460,CAAYK,5J5WJ,041000090207,041000090403,Waterbody Connector,Waterbody Connector,authoritative_network_connector,authoritative_network_connector,migrated_nhd,migrated_nhd,authoritative_network_connector,3018471->2987460
8470334,8453572,CC402,ERNV3,041000071002,041000071204,Drainageway,Channel Line,drainageway,physical_channel,migrated_nhd,migrated_nhd,physical_hydrography,8470334->8453572
9641400,9627624,CC4P0,9MVUE,041000040604,041000040603,Canal,Canal,canal,canal,migrated_nhd,migrated_nhd,physical_hydrography,9641400->9627624
11267434,11255936,CC5CJ,4I9JV,041000040501,041000040502,Channel Line,Waterbody Connector,physical_channel,authoritative_network_connector,migrated_nhd,migrated_nhd,authoritative_network_connector,11267434->11255936
6427333,6407747,CCCP4,8P0XV,041000050105,041000050104,Drainageway,Channel Line,drainageway,physical_channel,migrated_nhd,migrated_nhd,physical_hydrography,6427333->6407747
6290844,6271188,CDMNC,5WCA7,041000050106,041000050201,Channel Line,Canal,physical_channel,canal,migrated_nhd,migrated_nhd,physical_hydrography,6290844->6271188
6888628,6869385,CF5S2,8WQ4W,041000060101,041000060102,Channel Line,Channel Line,physical_channel,physical_channel,migrated_nhd,migrated_nhd,physical_hydrography,6888628->6869385
10445017,10431785,CGZGI,93F5E,041000040504,041000040602,Drainageway,Channel Line,drainageway,physical_channel,migrated_nhd,migrated_nhd,physical_hydrography,10445017->10431785
11233055,11221645,CHALT,77NQB,041000030704,041000030705,Drainageway,Channel Line,drainageway,physical_channel,migrated_nhd,migrated_nhd,physical_hydrography,11233055->11221645
14061672,14053684,CHAYW,8K9Y5,041000030402,041000030405,Channel Line,Channel Line,physical_channel,physical_channel,migrated_nhd,migrated_nhd,physical_hydrography,14061672->14053684
12702732,12692862,CHBJ6,3UD7V,041000030506,041000030504,Channel Line,Channel Line,physical_channel,physical_channel,migrated_nhd,migrated_nhd,physical_hydrography,12702732->12692862
14061670,14053683,CHBM0,5GGQM,041000030401,041000030405,Channel Line,Channel Line,physical_channel,physical_channel,migrated_nhd,migrated_nhd,physical_hydrography,14061670->14053683
11955859,11945288,CIP8,4NFFL,041000030506,041000030604,Channel Line,Channel Line,physical_channel,physical_channel,migrated_nhd,migrated_nhd,physical_hydrography,11955859->11945288
12771855,12761848,CIPA,7CI0T,041000030504,041000030502,Channel Line,Canal,physical_channel,canal,migrated_nhd,migrated_nhd,physical_hydrography,12771855->12761848
11244424,11233052,CIQQ,64RGB,041000030707,041000030705,Channel Line,Channel Line,physical_channel,physical_channel,migrated_nhd,migrated_nhd,physical_hydrography,11244424->11233052
12424329,12413727,CJDX,C7LUX,041000030502,041000030504,Surface Connector,Channel Line,authoritative_network_connector,physical_channel,migrated_nhd,migrated_nhd,authoritative_network_connector,12424329->12413727
3918870,3894546,CK0B4,7OY0O,041000090102,041000090104,Channel Line,Channel Line,physical_channel,physical_channel,migrated_nhd,migrated_nhd,physical_hydrography,3918870->3894546
8602633,8586206,CLT7F,5PTMK,041000050101,041000071202,Channel Line,Channel Line,physical_channel,physical_channel,migrated_nhd,migrated_nhd,physical_hydrography,8602633->8586206
5994444,5974657,CLT7U,G61FR,041000071205,041000050201,Canal,Canal,canal,canal,migrated_nhd,migrated_nhd,physical_hydrography,5994444->5974657
5934776,5914582,CM1NU,1TN90,041000050106,041000050203,Channel Line,Channel Line,physical_channel,physical_channel,migrated_nhd,migrated_nhd,physical_hydrography,5934776->5914582
5894384,5874224,CM1SF,FZQPS,041000050104,041000050203,Channel Line,Channel Line,physical_channel,physical_channel,migrated_nhd,migrated_nhd,physical_hydrography,5894384->5874224
12275293,12264769,CM5C0,4S8OV,041000030701,041000030702,Drainageway,Channel Line,drainageway,physical_channel,migrated_nhd,migrated_nhd,physical_hydrography,12275293->12264769
11998433,11987740,CM5OG,3UCMM,041000030705,041000030703,Channel Line,Channel Line,physical_channel,physical_channel,migrated_nhd,migrated_nhd,physical_hydrography,11998433->11987740
13260316,13250434,CM5WF,6O6L5,041000030603,041000030502,Drainageway,Channel Line,drainageway,physical_channel,migrated_nhd,migrated_nhd,physical_hydrography,13260316->13250434
14528919,14522021,CM5Y8,GEEZ3,041000030402,041000030401,Waterbody Connector,Channel Line,authoritative_network_connector,physical_channel,migrated_nhd,migrated_nhd,authoritative_network_connector,14528919->14522021
13021541,13011550,CM5ZZ,7VZ4V,041000030502,041000030504,Channel Line,Surface Connector,physical_channel,authoritative_network_connector,migrated_nhd,migrated_nhd,authoritative_network_connector,13021541->13011550
12702733,12692862,CM6C6,3UD7V,041000030506,041000030504,Drainageway,Channel Line,drainageway,physical_channel,migrated_nhd,migrated_nhd,physical_hydrography,12702733->12692862
2071243,2023100,COV7J,91KVK,041000090603,041000090903,Waterbody Connector,Waterbody Connector,authoritative_network_connector,authoritative_network_connector,migrated_nhd,migrated_nhd,authoritative_network_connector,2071243->2023100
3483656,3456477,COVJ2,CK0B9,041000090508,041000090501,Channel Line,Canal,physical_channel,canal,migrated_nhd,migrated_nhd,physical_hydrography,3483656->3456477
2924315,2891985,COVK7,8MYK5,041000090701,041000090703,Channel Line,Channel Line,physical_channel,physical_channel,migrated_nhd,migrated_nhd,physical_hydrography,2924315->2891985
9288719,9273737,CQOFG,1Y8OE,041000040502,041000071203,Channel Line,Channel Line,physical_channel,physical_channel,migrated_nhd,migrated_nhd,physical_hydrography,9288719->9273737
11035692,11023603,CQPC2,H7CPJ,041000040602,041000040503,Drainageway,Channel Line,drainageway,physical_channel,migrated_nhd,migrated_nhd,physical_hydrography,11035692->11023603
6754724,6735530,CQX13,CQX2B,041000050106,041000050105,Drainageway,Channel Line,drainageway,physical_channel,migrated_nhd,migrated_nhd,physical_hydrography,6754724->6735530
13656009,13647182,CR0XG,EI9SJ,041000030403,041000030405,Drainageway,Channel Line,drainageway,physical_channel,migrated_nhd,migrated_nhd,physical_hydrography,13656009->13647182
7577712,7560116,CR9QB,2CRE2,041000071202,041000071203,Canal,Channel Line,canal,physical_channel,migrated_nhd,migrated_nhd,physical_hydrography,7577712->7560116
4746647,4724690,CTR5V,CAB00,041000060402,041000060404,Channel Line,Channel Line,physical_channel,physical_channel,migrated_nhd,migrated_nhd,physical_hydrography,4746647->4724690
10458216,10444997,CVKGW,BNSYY,041000040503,041000040602,Drainageway,Channel Line,drainageway,physical_channel,migrated_nhd,migrated_nhd,physical_hydrography,10458216->10444997
11324580,11313205,CVKIO,9WL60,041000040408,041000040502,Channel Line,Canal,physical_channel,canal,migrated_nhd,migrated_nhd,physical_hydrography,11324580->11313205
9974561,9960662,CVKN1,DTM3S,041000040603,041000040604,Drainageway,Channel Line,drainageway,physical_channel,migrated_nhd,migrated_nhd,physical_hydrography,9974561->9960662
13620870,13612153,CVL5B,ERP8G,041000040404,041000040402,Drainageway,Channel Line,drainageway,physical_channel,migrated_nhd,migrated_nhd,physical_hydrography,13620870->13612153
12009190,11998480,CVW0C,1OWFI,041000030706,041000030704,Channel Line,Channel Line,physical_channel,physical_channel,migrated_nhd,migrated_nhd,physical_hydrography,12009190->11998480
13914003,13905566,D0GG7,F6BX6,041000040406,041000040403,Drainageway,Channel Line,drainageway,physical_channel,migrated_nhd,migrated_nhd,physical_hydrography,13914003->13905566
11987806,11977097,D0R61,7OMK,041000030705,041000030707,Channel Line,Hydro Unenforced Connector,physical_channel,authoritative_network_connector,migrated_nhd,migrated_nhd,authoritative_network_connector,11987806->11977097
11517523,11506387,D1038,GT98G,041000040504,041000040601,Drainageway,Channel Line,drainageway,physical_channel,migrated_nhd,migrated_nhd,physical_hydrography,11517523->11506387
7020275,7001654,D3H86,COVR4,041000070202,041000070203,Waterbody Connector,Waterbody Connector,authoritative_network_connector,authoritative_network_connector,migrated_nhd,migrated_nhd,authoritative_network_connector,7020275->7001654
5431306,5410645,D3H97,GC9ZE,041000070801,041000070604,Channel Line,Channel Line,physical_channel,physical_channel,migrated_nhd,migrated_nhd,physical_hydrography,5431306->5410645
9641401,9627624,D5BF6,9MVUE,041000040604,041000040603,Drainageway,Canal,drainageway,canal,migrated_nhd,migrated_nhd,physical_hydrography,9641401->9627624
5695563,5675537,D5J33,9I7R2,041000050201,041000050106,Canal,Channel Line,canal,physical_channel,migrated_nhd,migrated_nhd,physical_hydrography,5695563->5675537
6543036,6523900,D8CXH,BH4YF,041000080501,041000080502,Waterbody Connector,Waterbody Connector,authoritative_network_connector,authoritative_network_connector,migrated_nhd,migrated_nhd,authoritative_network_connector,6543036->6523900
4478161,4455399,D8CYC,9BC4J,041000060504,041000060604,Waterbody Connector,Waterbody Connector,authoritative_network_connector,authoritative_network_connector,migrated_nhd,migrated_nhd,authoritative_network_connector,4478161->4455399
4768579,4746638,D8CYD,4JW2Y,041000071208,041000050205,Channel Line,Channel Line,physical_channel,physical_channel,migrated_nhd,migrated_nhd,physical_hydrography,4768579->4746638
6620044,6600755,D8CYQ,2AYUY,041000070401,041000070306,Channel Line,Waterbody Connector,physical_channel,authoritative_network_connector,migrated_nhd,migrated_nhd,authoritative_network_connector,6620044->6600755
8286746,8270156,DA5ZI,3GTKA,041000071204,041000071203,Surface Connector,Channel Line,authoritative_network_connector,physical_channel,migrated_nhd,migrated_nhd,authoritative_network_connector,8286746->8270156
7853686,7836726,DA611,FB5E3,041000071204,041000071203,Channel Line,Channel Line,physical_channel,physical_channel,migrated_nhd,migrated_nhd,physical_hydrography,7853686->7836726
7490029,7472704,DA629,QP77,041000071204,041000071205,Drainageway,Canal,drainageway,canal,migrated_nhd,migrated_nhd,physical_hydrography,7490029->7472704
12801507,12791583,DA7AJ,35V8C,041000040404,041000040405,Channel Line,Waterbody Connector,physical_channel,authoritative_network_connector,migrated_nhd,migrated_nhd,authoritative_network_connector,12801507->12791583
12612591,12602512,DA7IR,35V8J,041000040407,041000040406,Drainageway,Channel Line,drainageway,physical_channel,migrated_nhd,migrated_nhd,physical_hydrography,12612591->12602512
6639251,6620079,DAEPA,D0NOS,041000050105,041000050106,Drainageway,Canal,drainageway,canal,migrated_nhd,migrated_nhd,physical_hydrography,6639251->6620079
12602654,12592442,DAI5M,2WI07,041000030504,041000030506,Channel Line,Channel Line,physical_channel,physical_channel,migrated_nhd,migrated_nhd,physical_hydrography,12602654->12592442
13101429,13091555,DAI7K,2RMT8,041000030406,041000030404,Drainageway,Channel Line,drainageway,physical_channel,migrated_nhd,migrated_nhd,physical_hydrography,13101429->13091555
11795014,11784337,DAI93,69M2D,041000030701,041000030702,Channel Line,Channel Line,physical_channel,physical_channel,migrated_nhd,migrated_nhd,physical_hydrography,11795014->11784337
10877991,10865712,DAJ6C,A1S0W,041000030705,041000030707,Channel Line,Waterbody Connector,physical_channel,authoritative_network_connector,migrated_nhd,migrated_nhd,authoritative_network_connector,10877991->10865712
5735048,5715354,DD7QU,E6DIF,041000080602,041000080605,Waterbody Connector,Waterbody Connector,authoritative_network_connector,authoritative_network_connector,migrated_nhd,migrated_nhd,authoritative_network_connector,5735048->5715354
12051973,12041152,DF1GL,B4D74,041000071201,041000040502,Channel Line,Channel Line,physical_channel,physical_channel,migrated_nhd,migrated_nhd,physical_hydrography,12051973->12041152
12158518,12147890,DF1WO,9D5TK,041000040501,041000040407,Channel Line,Channel Line,physical_channel,physical_channel,migrated_nhd,migrated_nhd,physical_hydrography,12158518->12147890
10975209,10963089,DFD17,AL8VH,041000030803,041000030804,Drainageway,Surface Connector,drainageway,authoritative_network_connector,migrated_nhd,migrated_nhd,authoritative_network_connector,10975209->10963089
12712458,12702636,DFD8Y,M85P,041000030602,041000030601,Drainageway,Channel Line,drainageway,physical_channel,migrated_nhd,migrated_nhd,physical_hydrography,12712458->12702636
13837616,13829033,DFD92,B4OTC,041000030405,041000030403,Channel Line,Channel Line,physical_channel,physical_channel,migrated_nhd,migrated_nhd,physical_hydrography,13837616->13829033
12169227,12158573,DFDJA,288UF,041000030506,041000030604,Canal,Canal,canal,canal,migrated_nhd,migrated_nhd,physical_hydrography,12169227->12158573
2252424,2208581,DI2NF,2UCF0,041000090601,041000090603,Waterbody Connector,Waterbody Connector,authoritative_network_connector,authoritative_network_connector,migrated_nhd,migrated_nhd,authoritative_network_connector,2252424->2208581
13473507,13463987,DI2QI,K2QV,041000040101,041000040103,Channel Line,Channel Line,physical_channel,physical_channel,migrated_nhd,migrated_nhd,physical_hydrography,13473507->13463987
7542592,7525061,DJVJS,2W53J,041000071002,041000071205,Channel Line,Channel Line,physical_channel,physical_channel,migrated_nhd,migrated_nhd,physical_hydrography,7542592->7525061
9333215,9318444,DJVKY,GE2H5,041000071202,041000071203,Canal,Channel Line,canal,physical_channel,migrated_nhd,migrated_nhd,physical_hydrography,9333215->9318444
7057294,7038810,DJVN0,APRXF,041000071205,041000071204,Drainageway,Canal,drainageway,canal,migrated_nhd,migrated_nhd,physical_hydrography,7057294->7038810
10753959,10741291,DJW8H,B4DDQ,041000040504,041000040503,Drainageway,Channel Line,drainageway,physical_channel,migrated_nhd,migrated_nhd,physical_hydrography,10753959->10741291
9738591,9724724,DJWTL,2MHEW,041000040602,041000040604,Waterbody Connector,Waterbody Connector,authoritative_network_connector,authoritative_network_connector,migrated_nhd,migrated_nhd,authoritative_network_connector,9738591->9724724
5534063,5513731,DK40U,9WT8P,041000050106,041000050202,Channel Line,Channel Line,physical_channel,physical_channel,migrated_nhd,migrated_nhd,physical_hydrography,5534063->5513731
6329797,6310430,DK41L,1ABCR,041000050105,041000050106,Drainageway,Channel Line,drainageway,physical_channel,migrated_nhd,migrated_nhd,physical_hydrography,6329797->6310430
7149777,7131498,DK46S,8TW6C,041000050105,041000050103,Drainageway,Canal,drainageway,canal,migrated_nhd,migrated_nhd,physical_hydrography,7149777->7131498
12201089,12190487,DK86I,R1X8,041000030604,041000030506,Channel Line,Channel Line,physical_channel,physical_channel,migrated_nhd,migrated_nhd,physical_hydrography,12201089->12190487
5754793,5735069,DLAAJ,COVN9,041000050201,041000071206,Channel Line,Channel Line,physical_channel,physical_channel,migrated_nhd,migrated_nhd,physical_hydrography,5754793->5735069
8984217,8968850,DOPZP,1OKCQ,041000071201,041000071204,Drainageway,Channel Line,drainageway,physical_channel,migrated_nhd,migrated_nhd,physical_hydrography,8984217->8968850
10902429,10890191,DOQOT,AG1FS,041000040602,041000040603,Channel Line,Channel Line,physical_channel,physical_channel,migrated_nhd,migrated_nhd,physical_hydrography,10902429->10890191
8953624,8938292,DOQPQ,CVKH4,041000040604,041000040606,Drainageway,Channel Line,drainageway,physical_channel,migrated_nhd,migrated_nhd,physical_hydrography,8953624->8938292
5655503,5635592,DOYLX,C2MB8,041000050202,041000050106,Canal,Channel Line,canal,physical_channel,migrated_nhd,migrated_nhd,physical_hydrography,5655503->5635592
11596842,11585442,DP2P3,48VJ0,041000030801,041000030802,Channel Line,Channel Line,physical_channel,physical_channel,migrated_nhd,migrated_nhd,physical_hydrography,11596842->11585442
12821428,12811476,DP347,48WGV,041000030506,041000030504,Channel Line,Canal,physical_channel,canal,migrated_nhd,migrated_nhd,physical_hydrography,12821428->12811476
2118029,2071242,DRSAK,3417A,041000090603,041000090903,Channel Line,Waterbody Connector,physical_channel,authoritative_network_connector,migrated_nhd,migrated_nhd,authoritative_network_connector,2118029->2071242
4523953,4501047,DRSBP,EPUXI,041000050207,041000050208,Waterbody Connector,Waterbody Connector,authoritative_network_connector,authoritative_network_connector,migrated_nhd,migrated_nhd,authoritative_network_connector,4523953->4501047
6172888,6153292,DRSBV,BH507,041000060201,041000060202,Channel Line,Channel Line,physical_channel,physical_channel,migrated_nhd,migrated_nhd,physical_hydrography,6172888->6153292
11118502,11106759,DTMR8,FPS71,041000040502,041000040504,Waterbody Connector,Waterbody Connector,authoritative_network_connector,authoritative_network_connector,migrated_nhd,migrated_nhd,authoritative_network_connector,11118502->11106759
7870613,7853727,DTU46,ERWL9,041000050102,041000050101,Canal,Canal,canal,canal,migrated_nhd,migrated_nhd,physical_hydrography,7870613->7853727
7920578,7904011,DTU5S,2WDLJ,041000050102,041000050101,Canal,Canal,canal,canal,migrated_nhd,migrated_nhd,physical_hydrography,7920578->7904011
12991515,12981444,DTY3D,85OUM,041000030203,041000030301,Drainageway,Channel Line,drainageway,physical_channel,migrated_nhd,migrated_nhd,physical_hydrography,12991515->12981444
9933149,9919273,DTY3Z,4S91U,041000030805,041000030806,Canal,Channel Line,canal,physical_channel,migrated_nhd,migrated_nhd,physical_hydrography,9933149->9919273
9244049,9228991,DTY9G,B9J7C,041000030806,041000030805,Drainageway,Waterbody Connector,drainageway,authoritative_network_connector,migrated_nhd,migrated_nhd,authoritative_network_connector,9244049->9228991
5472492,5265998,DWNR6,FNYDT,041000070906,041000070907,Channel Line,Channel Line,physical_channel,physical_channel,migrated_nhd,migrated_nhd,physical_hydrography,5472492->5265998
12488521,12477854,DWNUY,7F86I,041000030301,041000030304,Waterbody Connector,Waterbody Connector,authoritative_network_connector,authoritative_network_connector,migrated_nhd,migrated_nhd,authoritative_network_connector,12488521->12477854
13130814,13121077,DWNVA,8I4AG,041000040105,041000040106,Channel Line,Waterbody Connector,physical_channel,authoritative_network_connector,migrated_nhd,migrated_nhd,authoritative_network_connector,13130814->13121077
8651960,8635548,DYGDY,7VMDG,041000071202,041000050101,Drainageway,Channel Line,drainageway,physical_channel,migrated_nhd,migrated_nhd,physical_hydrography,8651960->8635548
4226457,4203362,E1IGM,7TTCL,041000071208,041000071207,Canal,Waterbody Connector,canal,authoritative_network_connector,migrated_nhd,migrated_nhd,authoritative_network_connector,4226457->4203362
7349775,7331912,E3JXY,BEBIK,041000050105,041000050103,Drainageway,Canal,drainageway,canal,migrated_nhd,migrated_nhd,physical_hydrography,7349775->7331912
10877985,10865706,E3NPO,DTXY9,041000030805,041000030707,Drainageway,Channel Line,drainageway,physical_channel,migrated_nhd,migrated_nhd,physical_hydrography,10877985->10865706
10890244,10878038,E3OBV,GEES7,041000030804,041000030803,Surface Connector,Channel Line,authoritative_network_connector,physical_channel,migrated_nhd,migrated_nhd,authoritative_network_connector,10890244->10878038
2252425,2208581,E6D0Q,2UCF0,041000090602,041000090603,Waterbody Connector,Waterbody Connector,authoritative_network_connector,authoritative_network_connector,migrated_nhd,migrated_nhd,authoritative_network_connector,2252425->2208581
5974711,5954797,E6DKD,7TTB5,041000060204,041000060301,Channel Line,Waterbody Connector,physical_channel,authoritative_network_connector,migrated_nhd,migrated_nhd,authoritative_network_connector,5974711->5954797
7020309,7001698,E862B,E3BET,041000071203,041000071205,Channel Line,Channel Line,physical_channel,physical_channel,migrated_nhd,migrated_nhd,physical_hydrography,7020309->7001698
12147839,12137070,E87F4,7CKM,041000040401,041000040408,Drainageway,Waterbody Connector,drainageway,authoritative_network_connector,migrated_nhd,migrated_nhd,authoritative_network_connector,12147839->12137070
11998561,11987885,E8I32,FQ3WY,041000030504,041000030506,Drainageway,Channel Line,drainageway,physical_channel,migrated_nhd,migrated_nhd,physical_hydrography,11998561->11987885
6212297,6192467,EB8RK,2UCUQ,041000080404,041000080405,Waterbody Connector,Waterbody Connector,authoritative_network_connector,authoritative_network_connector,migrated_nhd,migrated_nhd,authoritative_network_connector,6212297->6192467
5635531,5615435,EB8SZ,8RUNH,041000070805,041000070801,Channel Line,Channel Line,physical_channel,physical_channel,migrated_nhd,migrated_nhd,physical_hydrography,5635531->5615435
3918871,3894546,EB8T7,7OY0O,041000090101,041000090104,Channel Line,Channel Line,physical_channel,physical_channel,migrated_nhd,migrated_nhd,physical_hydrography,3918871->3894546
5554340,5534004,EB8TB,9PXCP,041000080604,041000080605,Waterbody Connector,Waterbody Connector,authoritative_network_connector,authoritative_network_connector,migrated_nhd,migrated_nhd,authoritative_network_connector,5554340->5534004
5472502,5451977,EB8VC,5O19Q,041000070904,041000070905,Waterbody Connector,Waterbody Connector,authoritative_network_connector,authoritative_network_connector,migrated_nhd,migrated_nhd,authoritative_network_connector,5472502->5451977
9419577,9405492,ED2Z5,7QRLR,041000040603,041000040604,Hydro Unenforced Connector,Hydro Unenforced Connector,authoritative_network_connector,authoritative_network_connector,migrated_nhd,migrated_nhd,authoritative_network_connector,9419577->9405492
12851571,12841479,ED3TD,B4DU9,041000040404,041000040405,Channel Line,Channel Line,physical_channel,physical_channel,migrated_nhd,migrated_nhd,physical_hydrography,12851571->12841479
6014301,5994454,EDB4N,48RXS,041000050106,041000050201,Channel Line,Canal,physical_channel,canal,migrated_nhd,migrated_nhd,physical_hydrography,6014301->5994454
11585335,11573850,EDEIO,5V0CZ,041000030707,041000030705,Channel Line,Channel Line,physical_channel,physical_channel,migrated_nhd,migrated_nhd,physical_hydrography,11585335->11573850
12254165,12243610,EDF3A,2RN79,041000030701,041000030703,Drainageway,Waterbody Connector,drainageway,authoritative_network_connector,migrated_nhd,migrated_nhd,authoritative_network_connector,12254165->12243610
11551176,11539962,EDFED,FBIDU,041000030802,041000030801,Channel Line,Canal,physical_channel,canal,migrated_nhd,migrated_nhd,physical_hydrography,11551176->11539962
3139953,3109883,EG493,EPUF4,041000090401,041000090402,Channel Line,Channel Line,physical_channel,physical_channel,migrated_nhd,migrated_nhd,physical_hydrography,3139953->3109883
6271255,6251603,EG4EF,B2JY6,041000060205,041000060202,Channel Line,Channel Line,physical_channel,physical_channel,migrated_nhd,migrated_nhd,physical_hydrography,6271255->6251603
11730043,11719079,EI9IA,DYSGX,041000030703,041000030705,Channel Line,Channel Line,physical_channel,physical_channel,migrated_nhd,migrated_nhd,physical_hydrography,11730043->11719079
12991516,12981444,EI9M9,85OUM,041000030203,041000030301,Drainageway,Channel Line,drainageway,physical_channel,migrated_nhd,migrated_nhd,physical_hydrography,12991516->12981444
3510582,3483659,EKZOZ,EB8DD,041000090506,041000090507,Waterbody Connector,Waterbody Connector,authoritative_network_connector,authoritative_network_connector,migrated_nhd,migrated_nhd,authoritative_network_connector,3510582->3483659
6113867,6094100,EL03K,GJMDE,041000070405,041000070406,Channel Line,Waterbody Connector,physical_channel,authoritative_network_connector,migrated_nhd,migrated_nhd,authoritative_network_connector,6113867->6094100
7853690,7836732,EMSQT,5PTLS,041000071203,041000071202,Drainageway,Channel Line,drainageway,physical_channel,migrated_nhd,migrated_nhd,physical_hydrography,7853690->7836732
9891337,9877326,EMU8B,FUNUK,041000040604,041000040603,Drainageway,Channel Line,drainageway,physical_channel,migrated_nhd,migrated_nhd,physical_hydrography,9891337->9877326
6113906,6094140,EN13Z,9N3MA,041000050106,041000050201,Canal,Canal,canal,canal,migrated_nhd,migrated_nhd,physical_hydrography,6113906->6094140
6388121,6368619,EN1BZ,DTU3C,041000050105,041000050106,Drainageway,Channel Line,drainageway,physical_channel,migrated_nhd,migrated_nhd,physical_hydrography,6388121->6368619
5452019,5431357,EN1CP,6O35O,041000050203,041000050202,Canal,Channel Line,canal,physical_channel,migrated_nhd,migrated_nhd,physical_hydrography,5452019->5431357
12041263,12030562,EN4QC,GJ9FX,041000030704,041000030706,Drainageway,Channel Line,drainageway,physical_channel,migrated_nhd,migrated_nhd,physical_hydrography,12041263->12030562
12643068,12632961,EN4QN,7OF0,041000030506,041000030504,Channel Line,Channel Line,physical_channel,physical_channel,migrated_nhd,migrated_nhd,physical_hydrography,12643068->12632961
13180516,13170580,EN5D4,8AJTK,041000030702,041000030601,Channel Line,Channel Line,physical_channel,physical_channel,migrated_nhd,migrated_nhd,physical_hydrography,13180516->13170580
12851663,12841576,EN5ED,31CLE,041000030504,041000030502,Waterbody Connector,Surface Connector,authoritative_network_connector,authoritative_network_connector,migrated_nhd,migrated_nhd,authoritative_network_connector,12851663->12841576
12338613,12327990,EPUY1,DI2RA,041000040302,041000040305,Waterbody Connector,Waterbody Connector,authoritative_network_connector,authoritative_network_connector,migrated_nhd,migrated_nhd,authoritative_network_connector,12338613->12327990
6329721,6310357,EPUYB,DMX2E,041000070602,041000070603,Channel Line,Channel Line,physical_channel,physical_channel,migrated_nhd,migrated_nhd,physical_hydrography,6329721->6310357
7186256,7168050,ERWKL,CVSJM,041000050106,041000050105,Drainageway,Canal,drainageway,canal,migrated_nhd,migrated_nhd,physical_hydrography,7186256->7168050
8004332,7987614,ERWLX,AL4YL,041000050103,041000050102,Canal,Channel Line,canal,physical_channel,migrated_nhd,migrated_nhd,physical_hydrography,8004332->7987614
6427332,6407746,ERWMR,8AFEM,041000050105,041000050104,Drainageway,Channel Line,drainageway,physical_channel,migrated_nhd,migrated_nhd,physical_hydrography,6427332->6407746
12445582,12434952,ES03J,B4P28,041000030603,041000030602,Drainageway,Channel Line,drainageway,physical_channel,migrated_nhd,migrated_nhd,physical_hydrography,12445582->12434952
6310362,6290775,EUQMZ,88EQV,041000080503,041000080506,Channel Line,Waterbody Connector,physical_channel,authoritative_network_connector,migrated_nhd,migrated_nhd,authoritative_network_connector,6310362->6290775
12582266,12571946,EUQPQ,46RC5,041000030106,041000030302,Waterbody Connector,Waterbody Connector,authoritative_network_connector,authoritative_network_connector,migrated_nhd,migrated_nhd,authoritative_network_connector,12582266->12571946
7001694,6982964,EWJEN,72FSD,041000071205,041000071204,Drainageway,Channel Line,drainageway,physical_channel,migrated_nhd,migrated_nhd,physical_hydrography,7001694->6982964
7507585,7490035,EWJFJ,6NU74,041000071204,041000071203,Drainageway,Channel Line,drainageway,physical_channel,migrated_nhd,migrated_nhd,physical_hydrography,7507585->7490035
7057281,7038800,EWJGG,AZHZA,041000071204,041000071205,Channel Line,Channel Line,physical_channel,physical_channel,migrated_nhd,migrated_nhd,physical_hydrography,7057281->7038800
12466938,12456207,EWKXP,AUOBG,041000040405,041000040305,Drainageway,Channel Line,drainageway,physical_channel,migrated_nhd,migrated_nhd,physical_hydrography,12466938->12456207
5533996,5513671,EZMC4,1RMKG,041000070803,041000070805,Channel Line,Channel Line,physical_channel,physical_channel,migrated_nhd,migrated_nhd,physical_hydrography,5533996->5513671
5073823,5052269,EZMG1,F4HCM,041000070805,041000070806,Waterbody Connector,Waterbody Connector,authoritative_network_connector,authoritative_network_connector,migrated_nhd,migrated_nhd,authoritative_network_connector,5073823->5052269
6677679,6658426,EZMG8,7TTCR,041000060103,041000060104,Channel Line,Channel Line,physical_channel,physical_channel,migrated_nhd,migrated_nhd,physical_hydrography,6677679->6658426
8170014,8153321,F1NQT,EI5OH,041000050101,041000050102,Channel Line,Channel Line,physical_channel,physical_channel,migrated_nhd,migrated_nhd,physical_hydrography,8170014->8153321
12296581,12285957,F1S0D,3Z7IW,041000030506,041000030801,Channel Line,Waterbody Connector,physical_channel,authoritative_network_connector,migrated_nhd,migrated_nhd,authoritative_network_connector,12296581->12285957
4900522,4878767,F4HBN,G7F76,041000070907,041000071005,Waterbody Connector,Waterbody Connector,authoritative_network_connector,authoritative_network_connector,migrated_nhd,migrated_nhd,authoritative_network_connector,4900522->4878767
12403033,12392348,F4HDG,D8CZ7,041000030303,041000030306,Channel Line,Waterbody Connector,physical_channel,authoritative_network_connector,migrated_nhd,migrated_nhd,authoritative_network_connector,12403033->12392348
7204452,7186215,F6AG7,72FQ1,041000071205,041000071203,Drainageway,Channel Line,drainageway,physical_channel,migrated_nhd,migrated_nhd,physical_hydrography,7204452->7186215
10083486,10069819,F6B3X,F1FZZ,041000040602,041000040604,Drainageway,Channel Line,drainageway,physical_channel,migrated_nhd,migrated_nhd,physical_hydrography,10083486->10069819
10339306,10325936,F6BOQ,6NVHE,041000040503,041000040602,Channel Line,Waterbody Connector,physical_channel,authoritative_network_connector,migrated_nhd,migrated_nhd,authoritative_network_connector,10339306->10325936
11881307,11870459,F6BR3,DF1XW,041000040501,041000040407,Drainageway,Channel Line,drainageway,physical_channel,migrated_nhd,migrated_nhd,physical_hydrography,11881307->11870459
6212298,6192467,F8C3,2UCUQ,041000080403,041000080405,Waterbody Connector,Waterbody Connector,authoritative_network_connector,authoritative_network_connector,migrated_nhd,migrated_nhd,authoritative_network_connector,6212298->6192467
2956034,2924344,F9CI4,GH44A,041000090403,041000090510,Waterbody Connector,Waterbody Connector,authoritative_network_connector,authoritative_network_connector,migrated_nhd,migrated_nhd,authoritative_network_connector,2956034->2924344
4614017,4591697,F9CQ1,3S8AH,041000060601,041000060602,Channel Line,Channel Line,physical_channel,physical_channel,migrated_nhd,migrated_nhd,physical_hydrography,4614017->4591697
6271250,6251601,F9CQ3,EG4FP,041000060105,041000060201,Channel Line,Channel Line,physical_channel,physical_channel,migrated_nhd,migrated_nhd,physical_hydrography,6271250->6251601
12582267,12571946,F9CQP,46RC5,041000030106,041000030302,Waterbody Connector,Waterbody Connector,authoritative_network_connector,authoritative_network_connector,migrated_nhd,migrated_nhd,authoritative_network_connector,12582267->12571946
9669104,9655223,FB5CL,A1FWI,041000040502,041000071201,Channel Line,Channel Line,physical_channel,physical_channel,migrated_nhd,migrated_nhd,physical_hydrography,9669104->9655223
4038786,4015002,FCUFM,6M0ZA,041000071209,041000090201,Waterbody Connector,Waterbody Connector,authoritative_network_connector,authoritative_network_connector,migrated_nhd,migrated_nhd,authoritative_network_connector,4038786->4015002
5974631,5954720,FE856,F9CQQ,041000070204,041000070904,Waterbody Connector,Waterbody Connector,authoritative_network_connector,authoritative_network_connector,migrated_nhd,migrated_nhd,authoritative_network_connector,5974631->5954720
7038798,7020296,FG119,FZI2C,041000071002,041000071205,Channel Line,Channel Line,physical_channel,physical_channel,migrated_nhd,migrated_nhd,physical_hydrography,7038798->7020296
9121784,9106513,FG1QB,AKWWK,041000040606,041000040603,Channel Line,Channel Line,physical_channel,physical_channel,migrated_nhd,migrated_nhd,physical_hydrography,9121784->9106513
11859558,11848752,FG1QS,80I7S,041000040503,041000040501,Drainageway,Channel Line,drainageway,physical_channel,migrated_nhd,migrated_nhd,physical_hydrography,11859558->11848752
12498840,12488341,FG2LL,1TGCP,041000040501,041000040407,Canal,Canal,canal,canal,migrated_nhd,migrated_nhd,physical_hydrography,12498840->12488341
6329798,6310430,FG9QE,1ABCR,041000050105,041000050106,Drainageway,Channel Line,drainageway,physical_channel,migrated_nhd,migrated_nhd,physical_hydrography,6329798->6310430
7700937,7683574,FG9VM,1JYQR,041000050102,041000050103,Channel Line,Channel Line,physical_channel,physical_channel,migrated_nhd,migrated_nhd,physical_hydrography,7700937->7683574
6982993,6964253,FG9WF,43XIH,041000050106,041000050105,Canal,Canal,canal,canal,migrated_nhd,migrated_nhd,physical_hydrography,6982993->6964253
10975188,10963073,FGDLV,CHB8X,041000030802,041000030803,Drainageway,Channel Line,drainageway,physical_channel,migrated_nhd,migrated_nhd,physical_hydrography,10975188->10963073
12019880,12009204,FGE9W,GO4F9,041000030703,041000030707,Drainageway,Hydro Unenforced Connector,drainageway,authoritative_network_connector,migrated_nhd,migrated_nhd,authoritative_network_connector,12019880->12009204
821369,689480,FJ313,3NE45,041000090902,041000090904,Waterbody Connector,Waterbody Connector,authoritative_network_connector,authoritative_network_connector,migrated_nhd,migrated_nhd,authoritative_network_connector,821369->689480
6735477,6716256,FJ339,4UYMY,041000080303,041000080304,Waterbody Connector,Waterbody Connector,authoritative_network_connector,authoritative_network_connector,migrated_nhd,migrated_nhd,authoritative_network_connector,6735477->6716256
5954798,5934809,FJ34B,GC9ZC,041000060205,041000060301,Waterbody Connector,Waterbody Connector,authoritative_network_connector,authoritative_network_connector,migrated_nhd,migrated_nhd,authoritative_network_connector,5954798->5934809
7853683,7836725,FKVPE,BNSAH,041000071203,041000071204,Channel Line,Channel Line,physical_channel,physical_channel,migrated_nhd,migrated_nhd,physical_hydrography,7853683->7836725
11664333,11653181,FKWFI,8TO6Y,041000040501,041000040408,Drainageway,Channel Line,drainageway,physical_channel,migrated_nhd,migrated_nhd,physical_hydrography,11664333->11653181
12232941,12222277,FKWHD,FKX7N,041000040401,041000040408,Drainageway,Channel Line,drainageway,physical_channel,migrated_nhd,migrated_nhd,physical_hydrography,12232941->12222277
14348271,14341103,FKX7C,1JRV5,041000040501,041000040403,Canal,Channel Line,canal,physical_channel,migrated_nhd,migrated_nhd,physical_hydrography,14348271->14341103
6054058,6034205,FL432,4DMGJ,041000050201,041000050106,Canal,Canal,canal,canal,migrated_nhd,migrated_nhd,physical_hydrography,6054058->6034205
6074030,6054058,FL450,FL432,041000050106,041000050201,Channel Line,Canal,physical_channel,canal,migrated_nhd,migrated_nhd,physical_hydrography,6074030->6054058
8103533,8087035,FL48J,7QZEX,041000050106,041000050103,Drainageway,Channel Line,drainageway,physical_channel,migrated_nhd,migrated_nhd,physical_hydrography,8103533->8087035
11870605,11859740,FL7N2,48WFE,041000030802,041000030506,Channel Line,Channel Line,physical_channel,physical_channel,migrated_nhd,migrated_nhd,physical_hydrography,11870605->11859740
12530619,12520063,FL7PG,E3NM6,041000030502,041000030504,Surface Connector,Surface Connector,authoritative_network_connector,authoritative_network_connector,migrated_nhd,migrated_nhd,authoritative_network_connector,12530619->12520063
10015447,10001922,FPRIR,1EXGM,041000040604,041000040602,Drainageway,Channel Line,drainageway,physical_channel,migrated_nhd,migrated_nhd,physical_hydrography,10015447->10001922
13250354,13240425,FPS83,AB7OI,041000040402,041000040404,Drainageway,Channel Line,drainageway,physical_channel,migrated_nhd,migrated_nhd,physical_hydrography,13250354->13240425
6329801,6310432,FPZDW,56NPD,041000050105,041000050106,Waterbody Connector,Channel Line,authoritative_network_connector,physical_channel,migrated_nhd,migrated_nhd,authoritative_network_connector,6329801->6310432
6014302,5994454,FPZEK,48RXS,041000050106,041000050201,Canal,Canal,canal,canal,migrated_nhd,migrated_nhd,physical_hydrography,6014302->5994454
5534035,5513708,FPZH6,CCCR4,041000050201,041000050202,Channel Line,Canal,physical_channel,canal,migrated_nhd,migrated_nhd,physical_hydrography,5534035->5513708
7870653,7853762,FPZLK,2RJFC,041000050105,041000050103,Channel Line,Canal,physical_channel,canal,migrated_nhd,migrated_nhd,physical_hydrography,7870653->7853762
13845999,13837614,FQ32P,9S2RV,041000030405,041000030403,Channel Line,Channel Line,physical_channel,physical_channel,migrated_nhd,migrated_nhd,physical_hydrography,13845999->13837614
7020276,7001654,FST2U,COVR4,041000070201,041000070203,Waterbody Connector,Waterbody Connector,authoritative_network_connector,authoritative_network_connector,migrated_nhd,migrated_nhd,authoritative_network_connector,7020276->7001654
12392349,12381663,FST3I,CYLO4,041000030304,041000030306,Waterbody Connector,Waterbody Connector,authoritative_network_connector,authoritative_network_connector,migrated_nhd,migrated_nhd,authoritative_network_connector,12392349->12381663
5266000,5245009,FST3V,GVQDZ,041000070905,041000070907,Waterbody Connector,Waterbody Connector,authoritative_network_connector,authoritative_network_connector,migrated_nhd,migrated_nhd,authoritative_network_connector,5266000->5245009
12434880,12424185,FUNU8,3YWKB,041000040406,041000040407,Drainageway,Channel Line,drainageway,physical_channel,migrated_nhd,migrated_nhd,physical_hydrography,12434880->12424185
5894385,5874224,FUUQN,FZQPS,041000050104,041000050203,Drainageway,Channel Line,drainageway,physical_channel,migrated_nhd,migrated_nhd,physical_hydrography,5894385->5874224
8054198,8037644,FUUUY,QXUD,041000050101,041000050102,Hydro Unenforced Connector,Channel Line,authoritative_network_connector,physical_channel,migrated_nhd,migrated_nhd,authoritative_network_connector,8054198->8037644
13051497,13041482,FUYCW,56R61,041000030404,041000030405,Channel Line,Channel Line,physical_channel,physical_channel,migrated_nhd,migrated_nhd,physical_hydrography,13051497->13041482
3049231,3018471,FXOVV,CAAYK,041000090402,041000090207,Waterbody Connector,Waterbody Connector,authoritative_network_connector,authoritative_network_connector,migrated_nhd,migrated_nhd,authoritative_network_connector,3049231->3018471
3669177,3643226,FXP7M,F9C8A,041000090503,041000090508,Canal,Channel Line,canal,physical_channel,migrated_nhd,migrated_nhd,physical_hydrography,3669177->3643226
5513659,5472511,FXPCD,F4HE5,041000070703,041000071003,Canal,Canal,canal,canal,migrated_nhd,migrated_nhd,physical_hydrography,5513659->5472511
12286032,12275380,FXPE5,2AYVE,041000030306,041000030501,Waterbody Connector,Waterbody Connector,authoritative_network_connector,authoritative_network_connector,migrated_nhd,migrated_nhd,authoritative_network_connector,12286032->12275380
4680417,4658282,FXPEE,9BC4T,041000050205,041000050207,Waterbody Connector,Waterbody Connector,authoritative_network_connector,authoritative_network_connector,migrated_nhd,migrated_nhd,authoritative_network_connector,4680417->4658282
8004259,7987553,FZI55,4DE1Q,041000071203,041000071204,Drainageway,Channel Line,drainageway,physical_channel,migrated_nhd,migrated_nhd,physical_hydrography,8004259->7987553
12169126,12158457,FZIPC,5BA7F,041000040305,041000040408,Drainageway,Waterbody Connector,drainageway,authoritative_network_connector,migrated_nhd,migrated_nhd,authoritative_network_connector,12169126->12158457
5715384,5695548,FZQPR,5ZSQA,041000050204,041000050203,Drainageway,Hydro Unenforced Connector,drainageway,authoritative_network_connector,migrated_nhd,migrated_nhd,authoritative_network_connector,5715384->5695548
3288149,3259201,G2KL9,5XQKO,041000090205,041000090206,Waterbody Connector,Waterbody Connector,authoritative_network_connector,authoritative_network_connector,migrated_nhd,migrated_nhd,authoritative_network_connector,3288149->3259201
5009338,4987707,G2KZP,5MAP7,041000071207,041000071208,Channel Line,Channel Line,physical_channel,physical_channel,migrated_nhd,migrated_nhd,physical_hydrography,5009338->4987707
5009339,4987707,G2L1K,5MAP7,041000071207,041000071208,Channel Line,Channel Line,physical_channel,physical_channel,migrated_nhd,migrated_nhd,physical_hydrography,5009339->4987707
4944105,4922301,G2L2M,GLZ3P,041000071004,041000071005,Channel Line,Channel Line,physical_channel,physical_channel,migrated_nhd,migrated_nhd,physical_hydrography,4944105->4922301
13001436,12991391,G2L2Z,FE88F,041000040201,041000040205,Waterbody Connector,Waterbody Connector,authoritative_network_connector,authoritative_network_connector,migrated_nhd,migrated_nhd,authoritative_network_connector,13001436->12991391
12190581,12179972,G2L3J,1D4FE,041000030503,041000030505,Waterbody Connector,Waterbody Connector,authoritative_network_connector,authoritative_network_connector,migrated_nhd,migrated_nhd,authoritative_network_connector,12190581->12179972
5307597,5286805,G2L4L,2EFXD,041000050201,041000071206,Channel Line,Channel Line,physical_channel,physical_channel,migrated_nhd,migrated_nhd,physical_hydrography,5307597->5286805
9738582,9724717,G4EOY,8F2DN,041000040603,041000040604,Drainageway,Channel Line,drainageway,physical_channel,migrated_nhd,migrated_nhd,physical_hydrography,9738582->9724717
12571828,12561642,G4Q0N,3UCZB,041000030603,041000030604,Canal,Channel Line,canal,physical_channel,migrated_nhd,migrated_nhd,physical_hydrography,12571828->12561642
11393277,11381810,G4Q1I,9DGLV,041000030803,041000030707,Channel Line,Channel Line,physical_channel,physical_channel,migrated_nhd,migrated_nhd,physical_hydrography,11393277->11381810
12971341,12961486,G4Q47,H7O0V,041000030602,041000030601,Channel Line,Channel Line,physical_channel,physical_channel,migrated_nhd,migrated_nhd,physical_hydrography,12971341->12961486
8453664,8436940,G4QF6,5BLXL,041000040605,041000030806,Hydro Unenforced Connector,Hydro Unenforced Connector,authoritative_network_connector,authoritative_network_connector,migrated_nhd,migrated_nhd,authoritative_network_connector,8453664->8436940
11221655,11210265,G4QOM,F6N8S,041000030705,041000030707,Waterbody Connector,Channel Line,authoritative_network_connector,physical_channel,migrated_nhd,migrated_nhd,authoritative_network_connector,11221655->11210265
11059655,11047697,G9847,DYH2H,041000040504,041000040601,Channel Line,Channel Line,physical_channel,physical_channel,migrated_nhd,migrated_nhd,physical_hydrography,11059655->11047697
10405232,10392003,G984Z,EHXPG,041000040604,041000040603,Surface Connector,Channel Line,authoritative_network_connector,physical_channel,migrated_nhd,migrated_nhd,authoritative_network_connector,10405232->10392003
9835493,9821664,G98QP,APSNT,041000040604,041000040603,Channel Line,Channel Line,physical_channel,physical_channel,migrated_nhd,migrated_nhd,physical_hydrography,9835493->9821664
10841365,10829119,G9JIT,GT0C4,041000030706,041000030707,Hydro Unenforced Connector,Channel Line,authoritative_network_connector,physical_channel,migrated_nhd,migrated_nhd,authoritative_network_connector,10841365->10829119
7075797,7057267,GC9VP,41WUQ,041000070304,041000070306,Waterbody Connector,Waterbody Connector,authoritative_network_connector,authoritative_network_connector,migrated_nhd,migrated_nhd,authoritative_network_connector,7075797->7057267
12338597,12327971,GE37M,G4ENW,041000040407,041000040501,Channel Line,Channel Line,physical_channel,physical_channel,migrated_nhd,migrated_nhd,physical_hydrography,12338597->12327971
11381747,11370336,GE38W,G4FJK,041000040501,041000040504,Drainageway,Channel Line,drainageway,physical_channel,migrated_nhd,migrated_nhd,physical_hydrography,11381747->11370336
13620871,13612153,GE3UN,ERP8G,041000040404,041000040402,Drainageway,Channel Line,drainageway,physical_channel,migrated_nhd,migrated_nhd,physical_hydrography,13620871->13612153
7577779,7560176,GEAUZ,3AW60,041000050102,041000050103,Waterbody Connector,Waterbody Connector,authoritative_network_connector,authoritative_network_connector,migrated_nhd,migrated_nhd,authoritative_network_connector,7577779->7560176
6446639,6427331,GEAXN,6SYDD,041000050105,041000050104,Drainageway,Channel Line,drainageway,physical_channel,migrated_nhd,migrated_nhd,physical_hydrography,6446639->6427331
7752547,7735527,GEB20,CM1PP,041000050105,041000050103,Canal,Canal,canal,canal,migrated_nhd,migrated_nhd,physical_hydrography,7752547->7735527
12264770,12254252,GEEDR,1OWGT,041000030702,041000030701,Channel Line,Channel Line,physical_channel,physical_channel,migrated_nhd,migrated_nhd,physical_hydrography,12264770->12254252
3669178,3643226,GH45Q,F9C8A,041000090503,041000090508,Canal,Channel Line,canal,physical_channel,migrated_nhd,migrated_nhd,physical_hydrography,3669178->3643226
6888532,6869290,GH4MT,BVOZX,041000080205,041000080304,Waterbody Connector,Waterbody Connector,authoritative_network_connector,authoritative_network_connector,migrated_nhd,migrated_nhd,authoritative_network_connector,6888532->6869290
5286841,5266052,GH4NP,96GLB,041000060302,041000060503,Waterbody Connector,Waterbody Connector,authoritative_network_connector,authoritative_network_connector,migrated_nhd,migrated_nhd,authoritative_network_connector,5286841->5266052
7437836,7420450,GH4P4,7K3OB,041000070103,041000070105,Waterbody Connector,Waterbody Connector,authoritative_network_connector,authoritative_network_connector,migrated_nhd,migrated_nhd,authoritative_network_connector,7437836->7420450
7313870,7295588,GIX8Q,10E3B,041000071204,041000071205,Waterbody Connector,Waterbody Connector,authoritative_network_connector,authoritative_network_connector,migrated_nhd,migrated_nhd,authoritative_network_connector,7313870->7295588
11404681,11393226,GIXZ5,4RXFY,041000040504,041000040501,Channel Line,Channel Line,physical_channel,physical_channel,migrated_nhd,migrated_nhd,physical_hydrography,11404681->11393226
8968900,8953620,GIYJB,B4DVC,041000040603,041000040604,Channel Line,Waterbody Connector,physical_channel,authoritative_network_connector,migrated_nhd,migrated_nhd,authoritative_network_connector,8968900->8953620
8814141,8798318,GJ5XL,DK40D,041000040601,041000050101,Channel Line,Channel Line,physical_channel,physical_channel,migrated_nhd,migrated_nhd,physical_hydrography,8814141->8798318
7385184,7367523,GJ5ZW,1ABHQ,041000050105,041000050103,Canal,Canal,canal,canal,migrated_nhd,migrated_nhd,physical_hydrography,7385184->7367523
12722425,12712598,GJ9GE,GC9YZ,041000030203,041000030301,Surface Connector,Channel Line,authoritative_network_connector,physical_channel,migrated_nhd,migrated_nhd,authoritative_network_connector,12722425->12712598
2538952,2500180,GLYNV,DMWKZ,041000090801,041000090802,Channel Line,Channel Line,physical_channel,physical_channel,migrated_nhd,migrated_nhd,physical_hydrography,2538952->2500180
4922301,4900527,GLZ3P,GVQEO,041000071005,041000071206,Channel Line,Channel Line,physical_channel,physical_channel,migrated_nhd,migrated_nhd,physical_hydrography,4922301->4900527
7222737,7204470,GO0YK,FG9TE,041000050104,041000050105,Drainageway,Channel Line,drainageway,physical_channel,migrated_nhd,migrated_nhd,physical_hydrography,7222737->7204470
6251540,6231995,GO0YU,AG9C5,041000050106,041000050201,Canal,Canal,canal,canal,migrated_nhd,migrated_nhd,physical_hydrography,6251540->6231995
12424312,12413707,GO4HS,3FURH,041000030801,041000030506,Channel Line,Canal,physical_channel,canal,migrated_nhd,migrated_nhd,physical_hydrography,12424312->12413707
5052307,5030863,GQUXA,GVQE3,041000050202,041000050205,Waterbody Connector,Waterbody Connector,authoritative_network_connector,authoritative_network_connector,migrated_nhd,migrated_nhd,authoritative_network_connector,5052307->5030863
11870412,11859560,GSOX7,310LC,041000040503,041000040501,Drainageway,Channel Line,drainageway,physical_channel,migrated_nhd,migrated_nhd,physical_hydrography,11870412->11859560
12445501,12434872,GSOXQ,G983U,041000040407,041000040406,Channel Line,Channel Line,physical_channel,physical_channel,migrated_nhd,migrated_nhd,physical_hydrography,12445501->12434872
11562330,11551007,GSOXS,E86QS,041000040502,041000040601,Drainageway,Channel Line,drainageway,physical_channel,migrated_nhd,migrated_nhd,physical_hydrography,11562330->11551007
11035693,11023603,GSP4S,H7CPJ,041000040602,041000040503,Drainageway,Channel Line,drainageway,physical_channel,migrated_nhd,migrated_nhd,physical_hydrography,11035693->11023603
13260297,13250409,GT0WZ,FUYO4,041000030404,041000030602,Drainageway,Waterbody Connector,drainageway,authoritative_network_connector,migrated_nhd,migrated_nhd,authoritative_network_connector,13260297->13250409
12571941,12561745,GT0XV,366KN,041000030405,041000030305,Waterbody Connector,Channel Line,authoritative_network_connector,physical_channel,migrated_nhd,migrated_nhd,authoritative_network_connector,12571941->12561745
10950945,10938801,GT15G,9DGJE,041000030802,041000030803,Waterbody Connector,Waterbody Connector,authoritative_network_connector,authoritative_network_connector,migrated_nhd,migrated_nhd,authoritative_network_connector,10950945->10938801
11881344,11870495,GT17J,93QIP,041000030705,041000030704,Channel Line,Channel Line,physical_channel,physical_channel,migrated_nhd,migrated_nhd,physical_hydrography,11881344->11870495
6172761,6153173,GVQCK,9ZN00,041000080505,041000080506,Channel Line,Waterbody Connector,physical_channel,authoritative_network_connector,migrated_nhd,migrated_nhd,authoritative_network_connector,6172761->6153173
5533997,5513671,GVQDG,1RMKG,041000070804,041000070805,Channel Line,Channel Line,physical_channel,physical_channel,migrated_nhd,migrated_nhd,physical_hydrography,5533997->5513671
5914533,5894331,GVQF1,7OYEZ,041000071205,041000071206,Channel Line,Channel Line,physical_channel,physical_channel,migrated_nhd,migrated_nhd,physical_hydrography,5914533->5894331
4680410,4658273,GVQFT,CK0EX,041000071206,041000071209,Waterbody Connector,Waterbody Connector,authoritative_network_connector,authoritative_network_connector,migrated_nhd,migrated_nhd,authoritative_network_connector,4680410->4658273
5994445,5974657,GXJPU,G61FR,041000071205,041000050201,Canal,Canal,canal,canal,migrated_nhd,migrated_nhd,physical_hydrography,5994445->5974657
11404682,11393226,GXKG1,4RXFY,041000040504,041000040501,Drainageway,Channel Line,drainageway,physical_channel,migrated_nhd,migrated_nhd,physical_hydrography,11404682->11393226
11573784,11562344,GXKGY,56FPR,041000040408,041000040501,Hydro Unenforced Connector,Hydro Unenforced Connector,authoritative_network_connector,authoritative_network_connector,migrated_nhd,migrated_nhd,authoritative_network_connector,11573784->11562344
12911824,12901886,GXL8T,ERP9Y,041000040304,041000040404,Drainageway,Channel Line,drainageway,physical_channel,migrated_nhd,migrated_nhd,physical_hydrography,12911824->12901886
12801520,12791594,GXL8W,77C13,041000040407,041000040406,Channel Line,Channel Line,physical_channel,physical_channel,migrated_nhd,migrated_nhd,physical_hydrography,12801520->12791594
7613013,7595287,GXSM6,1TNHP,041000050102,041000050103,Drainageway,Channel Line,drainageway,physical_channel,migrated_nhd,migrated_nhd,physical_hydrography,7613013->7595287
11517719,11506583,GXW0G,1TR16,041000030801,041000030802,Channel Line,Channel Line,physical_channel,physical_channel,migrated_nhd,migrated_nhd,physical_hydrography,11517719->11506583
11998557,11987880,GXX13,9S1XJ,041000030801,041000030802,Drainageway,Canal,drainageway,canal,migrated_nhd,migrated_nhd,physical_hydrography,11998557->11987880
9258830,9243909,H0FO,9D4GW,041000040502,041000071203,Channel Line,Channel Line,physical_channel,physical_channel,migrated_nhd,migrated_nhd,physical_hydrography,9258830->9243909
3669186,3643236,H0N2A,91KV1,041000090301,041000090302,Channel Line,Channel Line,physical_channel,physical_channel,migrated_nhd,migrated_nhd,physical_hydrography,3669186->3643236
5472503,5451977,H0N5G,5O19Q,041000070503,041000070905,Waterbody Connector,Waterbody Connector,authoritative_network_connector,authoritative_network_connector,migrated_nhd,migrated_nhd,authoritative_network_connector,5472503->5451977
6504610,6485255,H0N6T,7AD2V,041000070901,041000070903,Channel Line,Channel Line,physical_channel,physical_channel,migrated_nhd,migrated_nhd,physical_hydrography,6504610->6485255
3820515,3795425,H0N7F,BC9TZ,041000090201,041000090203,Waterbody Connector,Waterbody Connector,authoritative_network_connector,authoritative_network_connector,migrated_nhd,migrated_nhd,authoritative_network_connector,3820515->3795425
12901884,12891994,H0N9C,BVP2N,041000040205,041000040303,Waterbody Connector,Waterbody Connector,authoritative_network_connector,authoritative_network_connector,migrated_nhd,migrated_nhd,authoritative_network_connector,12901884->12891994
11573795,11562354,H16A,AB71C,041000040407,041000040408,Channel Line,Waterbody Connector,physical_channel,authoritative_network_connector,migrated_nhd,migrated_nhd,authoritative_network_connector,11573795->11562354
13416837,13407308,H1SF,DA7BM,041000040405,041000040402,Drainageway,Channel Line,drainageway,physical_channel,migrated_nhd,migrated_nhd,physical_hydrography,13416837->13407308
13001453,12991404,H1T8,6XM1F,041000040405,041000040404,Channel Line,Channel Line,physical_channel,physical_channel,migrated_nhd,migrated_nhd,physical_hydrography,13001453->12991404
9669095,9655212,H2G73,6IZ70,041000040401,041000071201,Drainageway,Channel Line,drainageway,physical_channel,migrated_nhd,migrated_nhd,physical_hydrography,9669095->9655212
11848785,11837969,H2GYD,ERON1,041000040408,041000040406,Channel Line,Channel Line,physical_channel,physical_channel,migrated_nhd,migrated_nhd,physical_hydrography,11848785->11837969
12306923,12296417,H2GZ9,GE37G,041000040406,041000040405,Channel Line,Channel Line,physical_channel,physical_channel,migrated_nhd,migrated_nhd,physical_hydrography,12306923->12296417
9258922,9244005,H2GZI,56FN6,041000040604,041000040603,Hydro Unenforced Connector,Hydro Unenforced Connector,authoritative_network_connector,authoritative_network_connector,migrated_nhd,migrated_nhd,authoritative_network_connector,9258922->9244005
6290853,6271196,H2OVP,D5J40,041000050105,041000050106,Channel Line,Channel Line,physical_channel,physical_channel,migrated_nhd,migrated_nhd,physical_hydrography,6290853->6271196
6172824,6153238,H2OXA,2RJFV,041000050106,041000050201,Drainageway,Canal,drainageway,canal,migrated_nhd,migrated_nhd,physical_hydrography,6172824->6153238
9683102,9669170,H2SIV,M7X7,041000050102,041000030805,Drainageway,Channel Line,drainageway,physical_channel,migrated_nhd,migrated_nhd,physical_hydrography,9683102->9669170
13483034,13473602,H2T4A,2D3PE,041000030403,041000030404,Surface Connector,Channel Line,authoritative_network_connector,physical_channel,migrated_nhd,migrated_nhd,authoritative_network_connector,13483034->13473602
11719081,11708238,H2TGT,9N78X,041000030703,041000030705,Drainageway,Channel Line,drainageway,physical_channel,migrated_nhd,migrated_nhd,physical_hydrography,11719081->11708238
6446569,6427260,H5IWK,5J6FE,041000070601,041000070602,Channel Line,Channel Line,physical_channel,physical_channel,migrated_nhd,migrated_nhd,physical_hydrography,6446569->6427260
9669105,9655223,H7BWL,A1FWI,041000040502,041000071201,Drainageway,Channel Line,drainageway,physical_channel,migrated_nhd,migrated_nhd,physical_hydrography,9669105->9655223
10471518,10458215,H7CJ9,2CS2D,041000040602,041000040503,Drainageway,Channel Line,drainageway,physical_channel,migrated_nhd,migrated_nhd,physical_hydrography,10471518->10458215
12622717,12612595,H7D6E,GSPKQ,041000040407,041000040406,Canal,Canal,canal,canal,migrated_nhd,migrated_nhd,physical_hydrography,12622717->12612595
12338628,12328005,H7D6Q,FZJLV,041000040305,041000040405,Drainageway,Channel Line,drainageway,physical_channel,migrated_nhd,migrated_nhd,physical_hydrography,12338628->12328005
12498841,12488341,H7DE3,1TGCP,041000040501,041000040407,Channel Line,Canal,physical_channel,canal,migrated_nhd,migrated_nhd,physical_hydrography,12498841->12488341
12434881,12424185,H7DEA,3YWKB,041000040406,041000040407,Drainageway,Channel Line,drainageway,physical_channel,migrated_nhd,migrated_nhd,physical_hydrography,12434881->12424185
7186257,7168050,H7KJY,CVSJM,041000050103,041000050105,Canal,Canal,canal,canal,migrated_nhd,migrated_nhd,physical_hydrography,7186257->7168050
7920611,7904046,H7KN8,ERWNK,041000050105,041000050103,Drainageway,Channel Line,drainageway,physical_channel,migrated_nhd,migrated_nhd,physical_hydrography,7920611->7904046
7331913,7313934,H8VF,362HU,041000050105,041000050103,Drainageway,Canal,drainageway,canal,migrated_nhd,migrated_nhd,physical_hydrography,7331913->7313934
5914589,5894386,H8WX,8P0UP,041000050104,041000050203,Canal,Canal,canal,canal,migrated_nhd,migrated_nhd,physical_hydrography,5914589->5894386
11517720,11506583,HCDM,1TR16,041000030801,041000030802,Drainageway,Channel Line,drainageway,physical_channel,migrated_nhd,migrated_nhd,physical_hydrography,11517720->11506583
9683103,9669170,HCEG,M7X7,041000050102,041000030805,Drainageway,Channel Line,drainageway,physical_channel,migrated_nhd,migrated_nhd,physical_hydrography,9683103->9669170
13230431,13220329,HCFP,7VYKQ,041000030404,041000030602,Channel Line,Channel Line,physical_channel,physical_channel,migrated_nhd,migrated_nhd,physical_hydrography,13230431->13220329
12264771,12254253,HCWS,8U02S,041000030702,041000030701,Waterbody Connector,Channel Line,authoritative_network_connector,physical_channel,migrated_nhd,migrated_nhd,authoritative_network_connector,12264771->12254253
5534015,5513689,K2N3,3NE2L,041000071002,041000071003,Channel Line,Channel Line,physical_channel,physical_channel,migrated_nhd,migrated_nhd,physical_hydrography,5534015->5513689
6094085,6073976,K2Q4,9BC5B,041000070603,041000070604,Waterbody Connector,Waterbody Connector,authoritative_network_connector,authoritative_network_connector,migrated_nhd,migrated_nhd,authoritative_network_connector,6094085->6073976
13964328,13956018,LWKH,6E6EG,041000040406,041000040403,Drainageway,Channel Line,drainageway,physical_channel,migrated_nhd,migrated_nhd,physical_hydrography,13964328->13956018
11404852,11393390,M7J0,BXTK6,041000030801,041000030802,Channel Line,Channel Line,physical_channel,physical_channel,migrated_nhd,migrated_nhd,physical_hydrography,11404852->11393390
5073862,5052307,OX1X,GQUXA,041000050201,041000050202,Channel Line,Waterbody Connector,physical_channel,authoritative_network_connector,migrated_nhd,migrated_nhd,authoritative_network_connector,5073862->5052307
5635532,5615435,OX35,8RUNH,041000070805,041000070801,Channel Line,Channel Line,physical_channel,physical_channel,migrated_nhd,migrated_nhd,physical_hydrography,5635532->5615435
7240860,7222693,OX3B,7OYG6,041000070105,041000070202,Waterbody Connector,Waterbody Connector,authoritative_network_connector,authoritative_network_connector,migrated_nhd,migrated_nhd,authoritative_network_connector,7240860->7222693
9273826,9258922,QPYI,H2GZI,041000040603,041000040604,Hydro Unenforced Connector,Hydro Unenforced Connector,authoritative_network_connector,authoritative_network_connector,migrated_nhd,migrated_nhd,authoritative_network_connector,9273826->9258922
10652492,10639614,QPZ9,2W602,041000040503,041000040504,Drainageway,Channel Line,drainageway,physical_channel,migrated_nhd,migrated_nhd,physical_hydrography,10652492->10639614
12466939,12456207,QQQQ,AUOBG,041000040405,041000040305,Drainageway,Channel Line,drainageway,physical_channel,migrated_nhd,migrated_nhd,physical_hydrography,12466939->12456207
11955860,11945288,R1EG,4NFFL,041000030506,041000030604,Drainageway,Channel Line,drainageway,physical_channel,migrated_nhd,migrated_nhd,physical_hydrography,11955860->11945288
12317616,12307119,R1XC,6O73X,041000030801,041000030506,Drainageway,Waterbody Connector,drainageway,authoritative_network_connector,migrated_nhd,migrated_nhd,authoritative_network_connector,12317616->12307119
13130921,13121182,R1XW,C2QIP,041000030404,041000030406,Channel Line,Channel Line,physical_channel,physical_channel,migrated_nhd,migrated_nhd,physical_hydrography,13130921->13121182
12137162,12126382,R2AT,1K28G,041000030705,041000030703,Drainageway,Hydro Unenforced Connector,drainageway,authoritative_network_connector,migrated_nhd,migrated_nhd,authoritative_network_connector,12137162->12126382
7094436,7075811,VJUP,8OSC1,041000071205,041000071204,Drainageway,Channel Line,drainageway,physical_channel,migrated_nhd,migrated_nhd,physical_hydrography,7094436->7075811
7057282,7038800,VJV5,AZHZA,041000071204,041000071205,Drainageway,Channel Line,drainageway,physical_channel,migrated_nhd,migrated_nhd,physical_hydrography,7057282->7038800
12062680,12051973,VKLA,DF1GL,041000040502,041000071201,Drainageway,Channel Line,drainageway,physical_channel,migrated_nhd,migrated_nhd,physical_hydrography,12062680->12051973
7367524,7349776,VSGA,E3K6D,041000050105,041000050103,Canal,Canal,canal,canal,migrated_nhd,migrated_nhd,physical_hydrography,7367524->7349776
6427334,6407747,VSHS,8P0XV,041000050105,041000050104,Drainageway,Channel Line,drainageway,physical_channel,migrated_nhd,migrated_nhd,physical_hydrography,6427334->6407747
11484186,11473047,VW0Y,6JBGR,041000030801,041000030707,Channel Line,Channel Line,physical_channel,physical_channel,migrated_nhd,migrated_nhd,physical_hydrography,11484186->11473047
10069861,10056198,VWEF,G4QMY,041000030804,041000030707,Hydro Unenforced Connector,Hydro Unenforced Connector,authoritative_network_connector,authoritative_network_connector,migrated_nhd,migrated_nhd,authoritative_network_connector,10069861->10056198
13011552,13001510,VWEN,A6N2A,041000030506,041000030504,Waterbody Connector,Channel Line,authoritative_network_connector,physical_channel,migrated_nhd,migrated_nhd,authoritative_network_connector,13011552->13001510
12169228,12158573,VWZU,288UF,041000030506,041000030604,Channel Line,Canal,physical_channel,canal,migrated_nhd,migrated_nhd,physical_hydrography,12169228->12158573
4180020,4156573,WW1Q,298M1,041000071207,041000071209,Canal,Canal,canal,canal,migrated_nhd,migrated_nhd,physical_hydrography,4180020->4156573
6271251,6251601,YLRR,EG4FP,041000060106,041000060201,Channel Line,Channel Line,physical_channel,physical_channel,migrated_nhd,migrated_nhd,physical_hydrography,6271251->6251601
