{"type": "FeatureCollection", "features": [{"type": "Feature", "properties": {"geometry_id": "great_black_swamp_candidate_gordon1966", "geometry_name": "Great Black Swamp review candidate \u2014 Gordon 1966 / ODNR class 4", "source_dataset": "Ohio DNR Original Natural Vegetation of Ohio; Robert B. Gordon (1966)", "source_url": "https://gis.ohiodnr.gov/geodata/Statewide/OriginalVegetationOhio.zip", "historical_period": "time of earliest land surveys; source published 1966", "source_scale": "1:500,000", "derivation_method": "Dissolve complete ODNR VEG_CDE=4 polygons whose representative points fall within Maumee HUC8s 04100003-04100009 or Cedar-Portage HUC8 04100010; no clipping, buffering, smoothing, tracing, or hand editing", "source_authority": "official state digitization of a published historical vegetation interpretation", "confidence": "medium for regional swamp-forest footprint; low for a named Great Black Swamp boundary", "boundary_uncertainty": "high; vegetation boundaries at 1:500,000 are not a named-swamp survey", "class_uncertainty": "medium; Elm-Ash class omits marsh, wet prairie, and bottomland types", "interstate_compatibility": "not merged; Indiana and Michigan require class/scale/terms crosswalk", "human_review_status": "HOLD \u2014 choose A/B/C/D before canonical adoption", "canonical_status": "review_only_not_canonical", "notes": "Regional historical reference only; not for parcel, restoration-targeting, or fine-scale hydrology", "selection_huc8s": "04100003,04100004,04100005,04100006,04100007,04100008,04100009,04100010", "source_feature_count": 117, "source_invalid_repaired": 0, "retrieved_date": "2026-08-29"}, "geometry": {"type": "MultiPolygon", "coordinates": [[[[-84.77634000532036, 40.64290177345828], [-84.77592933732822, 40.64372121536653], [-84.77436467811143, 40.645613124305804], [-84.77287896913751, 40.64900139295309], [-84.76949553952612, 40.65371505808016], [-84.76728959424509, 40.65493445170946], [-84.76474493821327, 40.65547226863417], [-84.7636568124001, 40.65492858858485], [-84.76316708767186, 40.654251598027805], [-84.76223010404293, 40.65370335557051], [-84.76140181715293, 40.65234481279935], [-84.76114161897469, 40.65027743851026], [-84.76132261133884, 40.64796620810638], [-84.76223480955802, 40.64517180912189], [-84.76333440007387, 40.643063492588595], [-84.7650139899415, 40.6404765301223], [-84.76550911357015, 40.638386390595116], [-84.76671102142107, 40.63535262038613], [-84.76848065187055, 40.631609963919495], [-84.77132569252929, 40.628180685763425], [-84.77424949078735, 40.62624773593738], [-84.77702816487837, 40.62443438657485], [-84.77968000696777, 40.62308597190832], [-84.78369110074017, 40.62169633013441], [-84.78775695170889, 40.62134252101591], [-84.79158177087389, 40.62214881732413], [-84.79467592726212, 40.62343836563003], [-84.79703944484447, 40.62521122161951], [-84.80222837584829, 40.626351179562235], [-84.79597786196015, 40.62801051351913], [-84.79597786195741, 40.6280105135212], [-84.80222837585947, 40.626351179563], [-84.80223469927321, 40.62663495188741], [-84.80224855872085, 40.63023060687146], [-84.80222644246513, 40.63343650175647], [-84.80222583552887, 40.637246249618116], [-84.80221090315396, 40.64045214583702], [-84.80221084289148, 40.64081994572107], [-84.80220305708575, 40.64432227820247], [-84.80220517881772, 40.64467504251669], [-84.79823281812686, 40.64765688649445], [-84.79602145397088, 40.64876171109176], [-84.7943838414508, 40.6492726158154], [-84.79304229139065, 40.64965921959285], [-84.79136797173771, 40.649479451401746], [-84.78982643591355, 40.64894976084733], [-84.78780110865942, 40.64785826345761], [-84.7865069055356, 40.646283417720504], [-84.78539435193474, 40.64527950919859], [-84.78460840329593, 40.64472686209999], [-84.78423914264687, 40.64346984694032], [-84.78423914264968, 40.643469846937975], [-84.78301215892638, 40.643161126984666], [-84.78235905338882, 40.642258571364586], [-84.78022559691607, 40.6419772583885], [-84.77840650117034, 40.6419169843007], [-84.77690174786458, 40.64207776350259], [-84.77634000532036, 40.64290177345828]], [[-84.78907432561968, 40.63587400541202], [-84.78982453847065, 40.634653707054014], [-84.79142624628616, 40.63203536047548], [-84.78982453847189, 40.634653707042915], [-84.78907432561968, 40.63587400541202]], [[-84.78585932710217, 40.64136962843692], [-84.7861896171099, 40.640297903803166], [-84.78676147403212, 40.63945880223751], [-84.78618961710345, 40.64029790380649], [-84.78585932710217, 40.64136962843692]]], [[[-84.72751207946192, 40.64967047590657], [-84.72408579366548, 40.64781266058821], [-84.72068366286786, 40.64641518120386], [-84.71609086308462, 40.64539885146027], [-84.71225964696283, 40.64447503460043], [-84.70785401951775, 40.64414456053462], [-84.7046571805661, 40.643778132027784], [-84.70232519584974, 40.64257901793375], [-84.70106282922207, 40.64157879185383], [-84.6999396696801, 40.64034386180085], [-84.70018821671378, 40.63929892780721], [-84.7028182821269, 40.637491793665916], [-84.7059670798429, 40.636937388515754], [-84.7086805129001, 40.636741671846536], [-84.71020323761351, 40.63692708471021], [-84.71141783723485, 40.63700633480009], [-84.71289274183925, 40.63627083055243], [-84.71522619960405, 40.63458749983987], [-84.71849589638275, 40.63345272294585], [-84.72136621982263, 40.63336733517872], [-84.72363825629942, 40.633414984984306], [-84.72686472801168, 40.63435645625251], [-84.72950501445966, 40.63566119450661], [-84.73097284167375, 40.63769259929798], [-84.73135312612361, 40.639180002456776], [-84.73199351809237, 40.63985262129734], [-84.73273613303712, 40.642482087778], [-84.73286240106366, 40.64489937121335], [-84.73220312166428, 40.64676365871514], [-84.73119952890609, 40.64783119816133], [-84.73018989636321, 40.64878361994268], [-84.72885399982619, 40.649284609757025], [-84.72751207946192, 40.64967047590657]]], [[[-84.68755143207198, 40.731667736770916], [-84.68974338664894, 40.73010456758647], [-84.69149330826235, 40.7287849394687], [-84.69249273303825, 40.72760268697385], [-84.69315385089054, 40.725738719024626], [-84.69231415034258, 40.72414955274457], [-84.69147448834227, 40.72256037892675], [-84.68857070118496, 40.72206951869851], [-84.6856907200354, 40.72203900820003], [-84.68247853113014, 40.7214417951713], [-84.67790502991083, 40.72088446929196], [-84.67172097769173, 40.72141169315166], [-84.66686867698944, 40.721323233446135], [-84.66217945800949, 40.721460368756475], [-84.65959024931136, 40.72119017443056], [-84.65704231570561, 40.72172567007263], [-84.6543666320536, 40.72272594866543], [-84.65195810108128, 40.72302671116359], [-84.6499092495059, 40.72147250010335], [-84.64809247245856, 40.71852816010778], [-84.64741690440417, 40.71716448210552], [-84.64676486691415, 40.71626122910414], [-84.64795139462215, 40.715765583194084], [-84.64835812673685, 40.714831514088374], [-84.64920683714533, 40.713654015660275], [-84.64974714481146, 40.71237021312616], [-84.65190992089644, 40.71023217872244], [-84.65423557581315, 40.708319907082185], [-84.65461273761551, 40.70681027280504], [-84.65396070381689, 40.70590705277044], [-84.65316334277921, 40.70512334617222], [-84.65222065521381, 40.70445915020466], [-84.65095200263785, 40.703343326859155], [-84.64940445957113, 40.70269673261032], [-84.64572218849732, 40.70176641052732], [-84.64266250690042, 40.701163718117385], [-84.6414116660797, 40.70039311785814], [-84.6403062083008, 40.699503001961276], [-84.63975874318218, 40.69767443285802], [-84.63819385066752, 40.696682362691064], [-84.63523297387665, 40.69503910157836], [-84.63262730548284, 40.69442298826107], [-84.6306557487102, 40.6943648461345], [-84.62789893933125, 40.69375301023932], [-84.62586901122295, 40.69254368663487], [-84.62464769910302, 40.692348458243245], [-84.62174565224709, 40.691855963016486], [-84.61751777603553, 40.69209334791007], [-84.61374930480329, 40.692432616490954], [-84.60950392953066, 40.69232438453421], [-84.60251946949592, 40.691948913090144], [-84.59430230213727, 40.691147269962535], [-84.5909469134377, 40.69066702947579], [-84.58968527954107, 40.689665657204436], [-84.58827826004637, 40.68878371069982], [-84.58655156155241, 40.68756505961467], [-84.58301636623663, 40.68651335616684], [-84.57826598149387, 40.685380956532335], [-84.57298575330377, 40.685762075906005], [-84.56947958097413, 40.685285537931726], [-84.5679791421779, 40.685558790144604], [-84.56613038784914, 40.68491971165744], [-84.56306640923955, 40.68419985873805], [-84.55815959494755, 40.68295583825743], [-84.55159563038605, 40.68187383001006], [-84.5485604872786, 40.68172917760996], [-84.544478463077, 40.68184458532012], [-84.53844238119942, 40.682245534080984], [-84.53045781327037, 40.68304684287003], [-84.52351439903153, 40.68347255723363], [-84.5192923618858, 40.6838215807759], [-84.5159095694469, 40.682763647428025], [-84.51329977435807, 40.68202980842505], [-84.51036507406278, 40.68084390210361], [-84.50589043989844, 40.67912457568911], [-84.50298415931533, 40.678514072017485], [-84.49917648746413, 40.67804390855707], [-84.49126465980169, 40.6772267732616], [-84.4859005814463, 40.67587729528214], [-84.4801167705309, 40.675230861257006], [-84.47694212638334, 40.67531882946141], [-84.474943343542, 40.674682529504935], [-84.47139939763616, 40.673397289239645], [-84.47018445895068, 40.673315603094046], [-84.4681857958401, 40.672679188978314], [-84.46525788260297, 40.671607298658586], [-84.46277798573477, 40.67040770939908], [-84.46104841777054, 40.6690721156516], [-84.46083049812633, 40.6676948397206], [-84.4615195173663, 40.666292560972536], [-84.46253864096941, 40.6654575420545], [-84.46419018681497, 40.66518143411492], [-84.46660862288901, 40.665114676831], [-84.46993954267803, 40.66513792551548], [-84.47376301067928, 40.665954372157216], [-84.47907015177171, 40.66615321108497], [-84.48465722045997, 40.665882943907945], [-84.4885871842916, 40.665773764400825], [-84.49203560656964, 40.66510147998664], [-84.4946945031572, 40.663759432238805], [-84.49656384285765, 40.661747672043035], [-84.49913813171922, 40.65867873534492], [-84.50143810621067, 40.65619377592655], [-84.5032010078779, 40.65510708188655], [-84.50632964379002, 40.65409747644386], [-84.51173636616002, 40.65325459229782], [-84.51817253758907, 40.65180620398992], [-84.52111005317413, 40.64999461548501], [-84.52490875608105, 40.64723652358587], [-84.52857874613693, 40.64494303267591], [-84.53212010977751, 40.64311415668248], [-84.53464906589686, 40.64223594311628], [-84.53775959671815, 40.64088014915916], [-84.5458874568395, 40.63696158747453], [-84.558956494632, 40.628982674094864], [-84.5601959008454, 40.626526565792645], [-84.56105075325777, 40.625464744128415], [-84.56186548773074, 40.62359708479931], [-84.56330731316689, 40.62217271137929], [-84.56461522241523, 40.621097973203675], [-84.56619078646402, 40.61932390843495], [-84.56762669778315, 40.61778435998103], [-84.56977757552666, 40.615417442596375], [-84.57166069323318, 40.61374980989371], [-84.57407152395166, 40.61356576492968], [-84.5762090229999, 40.613965889531684], [-84.57791644784221, 40.6148393938797], [-84.5787119206377, 40.61562364983323], [-84.57893777548449, 40.61711587427016], [-84.57904137072822, 40.61918800374922], [-84.57836669329198, 40.620821234510956], [-84.5770287479554, 40.624317915543216], [-84.57562741206212, 40.626548277855846], [-84.57388361463161, 40.627981414749215], [-84.57011088102531, 40.63120157054598], [-84.56896542278545, 40.63250229474171], [-84.568418503041, 40.63367068183798], [-84.56849885127168, 40.6352823282224], [-84.56842237719962, 40.636783157804466], [-84.56895025919924, 40.63826677581781], [-84.56774154015335, 40.63830119266481], [-84.56608528502369, 40.6384636131699], [-84.56366783591422, 40.63853237650112], [-84.56054073761042, 40.63954349509133], [-84.55830867532225, 40.640298562770624], [-84.55566330349113, 40.641872271161226], [-84.5530349544767, 40.64379127213817], [-84.55041788032077, 40.645940448150654], [-84.54601580740895, 40.64871645085281], [-84.53941488325262, 40.652937700007], [-84.53531418535364, 40.65570476415494], [-84.53049722566188, 40.65929877838438], [-84.52886308365984, 40.6599211501773], [-84.52628803856976, 40.659878289527846], [-84.52360152447422, 40.660645443657856], [-84.52134572790543, 40.66093933860822], [-84.5179147126168, 40.66195780997394], [-84.51569842621724, 40.663057423401824], [-84.51408666787962, 40.66414006301342], [-84.5133987218331, 40.66554264277651], [-84.51374058328561, 40.66634000255264], [-84.51450765938378, 40.666549071295776], [-84.51528604725148, 40.66698837061003], [-84.51635544753672, 40.667188957323695], [-84.51786134972498, 40.667031468350245], [-84.52044797953654, 40.66730474536699], [-84.5251281397563, 40.667058053503176], [-84.53056403867943, 40.66678990963087], [-84.53613967264182, 40.66628702341695], [-84.54109353058, 40.66545559867883], [-84.54820901365284, 40.66548504599732], [-84.55425501570438, 40.66531383133418], [-84.56015556678214, 40.665261717900314], [-84.56560839964422, 40.66533732457241], [-84.56803252257198, 40.66538363820325], [-84.57074745561904, 40.66519106245672], [-84.57468881141273, 40.665309295480974], [-84.57893247745538, 40.66541876794066], [-84.58214694028382, 40.66613390324755], [-84.58473378948767, 40.66640578702015], [-84.58757573396025, 40.668745343442176], [-84.58906320592911, 40.6712389043236], [-84.58989411938113, 40.67271373902319], [-84.59089935391931, 40.67464468991631], [-84.59219542395446, 40.67633673922328], [-84.59298598072787, 40.67700575504504], [-84.59510818459233, 40.677060184235124], [-84.59817218017474, 40.677779218093534], [-84.60305614430214, 40.67856114768155], [-84.60657962558841, 40.67938203871895], [-84.61043461103715, 40.68076967533753], [-84.61334193070476, 40.6813775611593], [-84.61702850714194, 40.682424006572404], [-84.6203895066642, 40.683018628200124], [-84.62466934820876, 40.68381714064294], [-84.6274257337886, 40.68442905539958], [-84.6311536179227, 40.68628083795364], [-84.63289862044078, 40.68784417584466], [-84.63409646583207, 40.68757887901409], [-84.63493923092868, 40.686286350122806], [-84.6353284019871, 40.685006975427626], [-84.63631644159803, 40.68359493698037], [-84.63761266145116, 40.68228922060081], [-84.63764668182866, 40.679982617498894], [-84.63752952838783, 40.67768040053898], [-84.6372553596287, 40.67526745810856], [-84.6368534726907, 40.673319345455084], [-84.63726596182042, 40.67250039905096], [-84.63814949026741, 40.6720136144213], [-84.64025399191199, 40.671721907096], [-84.64281781388941, 40.67153208563559], [-84.64407401741374, 40.672417797189354], [-84.64595251169924, 40.67363122786955], [-84.64783107165795, 40.67484462802948], [-84.64951738962226, 40.67525662906539], [-84.65073847065092, 40.675451605315786], [-84.65195367711422, 40.675531458648194], [-84.65344768325888, 40.67514203904387], [-84.65521456753476, 40.674168225366316], [-84.6575742629606, 40.672946505597395], [-84.65961977379582, 40.67150335337042], [-84.66307277212589, 40.67094125669272], [-84.66534009667654, 40.67087490516249], [-84.6667359216631, 40.67152573347462], [-84.66730161161972, 40.67369953989618], [-84.66540145656589, 40.67502328707526], [-84.66394292707763, 40.67610351496764], [-84.66358383786672, 40.67795853852871], [-84.66363694560252, 40.678994524777174], [-84.66489945353597, 40.67999512205392], [-84.66641710561622, 40.6800659788553], [-84.67338296055573, 40.68009238852965], [-84.67854658276092, 40.68040192156172], [-84.6824949171147, 40.68063170131933], [-84.68523981194944, 40.68101206529023], [-84.68707767872841, 40.68141908380752], [-84.6880203869795, 40.68208301476067], [-84.68955594126358, 40.68249890146359], [-84.69091060157582, 40.68234368623182], [-84.69175819100128, 40.68116586023423], [-84.69246052759816, 40.6801075945333], [-84.69274502583296, 40.67975335172422], [-84.69332591406878, 40.67927507998688], [-84.69486143798596, 40.67969089924284], [-84.69564706941202, 40.68024412493173], [-84.6976599814472, 40.6811069485304], [-84.69934674775679, 40.681518243645364], [-84.7005263417925, 40.68090695663929], [-84.7018869111269, 40.68086672416957], [-84.70243791801614, 40.67981287071841], [-84.70327931386241, 40.67851985343811], [-84.70413261439363, 40.67745704429794], [-84.70578350506688, 40.67717760373696], [-84.70895798629024, 40.67708356403277], [-84.7109171577155, 40.676910199297176], [-84.71233147722297, 40.67790581333654], [-84.71345546636302, 40.67914059588965], [-84.71395685185317, 40.680047993469216], [-84.7143310182232, 40.68142030256635], [-84.715467074645, 40.68288527668782], [-84.71670045405821, 40.68330979019558], [-84.71807903627693, 40.68361469291413], [-84.71896213838139, 40.683127314004764], [-84.72032274040626, 40.68308687153128], [-84.72183451873839, 40.68304191716062], [-84.72413819316768, 40.6836650868439], [-84.72552281943443, 40.68408500954328], [-84.72541967165684, 40.68501035856526], [-84.72502616068634, 40.68617491998231], [-84.72341113833943, 40.687145260576024], [-84.72136649499798, 40.6885894905383], [-84.7192858001571, 40.68934304851558], [-84.71750744710458, 40.690087588501086], [-84.71773054146094, 40.691464368556495], [-84.71825005067267, 40.69271705786587], [-84.71895075090131, 40.69454077931861], [-84.71986396436493, 40.69462892508725], [-84.72123078974315, 40.69470357799281], [-84.72382525068461, 40.695087546446494], [-84.7261233373753, 40.69559556738532], [-84.72735100006973, 40.69590486209632], [-84.72575380058467, 40.697220543007546], [-84.7244469558864, 40.698296992417525], [-84.72194836238108, 40.699754719774674], [-84.7192564794222, 40.70041115113903], [-84.71592373755729, 40.70039484734897], [-84.71424240003388, 40.70009889710653], [-84.71315396623434, 40.69955477231475], [-84.71190237075373, 40.69878491014924], [-84.7112197577278, 40.69730646974547], [-84.71142646627239, 40.69545581077183], [-84.71107190129793, 40.69154668855867], [-84.71095228890917, 40.689244562812334], [-84.71074727623127, 40.6882130874074], [-84.70816509654563, 40.688059046287286], [-84.70633887512192, 40.68788256783371], [-84.70376865426515, 40.687958644927264], [-84.7007806383699, 40.688738718319826], [-84.69731514372347, 40.68907168518041], [-84.69441271856697, 40.688580955502], [-84.69199959966421, 40.68876742477301], [-84.69086142585327, 40.69018437587094], [-84.68974698732508, 40.6920617436973], [-84.68894678396201, 40.69416040412357], [-84.68892040912277, 40.696582106157614], [-84.68945132658635, 40.69806513021165], [-84.6895761856147, 40.70048237058719], [-84.69060244413339, 40.70275776333159], [-84.68748618761374, 40.70400237828641], [-84.68484132028598, 40.70557888279433], [-84.68383614560972, 40.70664598240162], [-84.68377396547913, 40.70837702565312], [-84.68475857908288, 40.70984671360554], [-84.68601601357689, 40.71073196057078], [-84.68773315087289, 40.711718941067765], [-84.69018871577808, 40.71233830049165], [-84.69112592499596, 40.712887087433955], [-84.69351011936318, 40.712125111318535], [-84.6952952524642, 40.711496045041976], [-84.69680766706318, 40.711451408381016], [-84.6995717522096, 40.71217675051864], [-84.70219061889829, 40.71302160493747], [-84.70460455537139, 40.712834932454314], [-84.70595380113201, 40.71256444460594], [-84.70759356762879, 40.71205477573997], [-84.70921537169389, 40.71119976988125], [-84.711796769544, 40.71423588217226], [-84.71541919292899, 40.716895207606335], [-84.71582354241777, 40.718842997507316], [-84.71576814184591, 40.72068914643775], [-84.71421207145868, 40.722810376156986], [-84.71154315648037, 40.72392703789229], [-84.71082271723054, 40.72464007379072], [-84.70998090200563, 40.72593310443158], [-84.70898778020062, 40.72723060804981], [-84.70752285304415, 40.728196227088524], [-84.70517410504426, 40.729649096125875], [-84.70087646838607, 40.73150535086391], [-84.69809149245856, 40.73331679621009], [-84.6964928741689, 40.73463205279727], [-84.69649655025609, 40.73762920701707], [-84.69626547539963, 40.739019374625954], [-84.69544704972978, 40.74077270270498], [-84.69399951746453, 40.742083456313125], [-84.69240061900808, 40.743398650403], [-84.69078975644716, 40.74448361562729], [-84.68900373175781, 40.745112600700075], [-84.68908960923416, 40.743842011006514], [-84.6864400149268, 40.74242137010974], [-84.68454706288735, 40.74097842629792], [-84.68364204213051, 40.73812307309139], [-84.68426191793732, 40.73545343871423], [-84.6855344360592, 40.733686830831104], [-84.68755143207198, 40.731667736770916]]], [[[-84.78643064117155, 40.71050129199878], [-84.78560262519345, 40.71202506898439], [-84.78510147577266, 40.71400008902406], [-84.78364399721052, 40.71508175065484], [-84.78157538954734, 40.716066582552244], [-84.77965187383374, 40.71693170773699], [-84.77785518305241, 40.71733183109537], [-84.7764756692266, 40.717027626210324], [-84.775410842381, 40.71694447932076], [-84.77439376496174, 40.71490004144635], [-84.77512463507446, 40.711534724028525], [-84.77622488777101, 40.70942638164866], [-84.7763689865224, 40.70642460901895], [-84.7786423153023, 40.70358909627848], [-84.78182882956379, 40.70084120604831], [-84.78415057396818, 40.698926394319756], [-84.78575280417714, 40.697725035560254], [-84.78720377625325, 40.69652823360513], [-84.78822553626559, 40.69580556312124], [-84.78876923597682, 40.694636220068375], [-84.78822400077843, 40.692923431292606], [-84.78620351709888, 40.69194704076479], [-84.78379053521385, 40.692135365643836], [-84.77944858756027, 40.69307367499313], [-84.77675751644843, 40.693731406286446], [-84.77419933487754, 40.69403920564899], [-84.77282638529887, 40.69385005667822], [-84.77155598827338, 40.69273550862725], [-84.77105375752393, 40.6918283612045], [-84.77204520621642, 40.690530310904236], [-84.77503857512498, 40.689863557199196], [-84.77712476342559, 40.689224130274916], [-84.77979127657723, 40.68810597692782], [-84.78110316177151, 40.687144017251605], [-84.78226383021287, 40.686186615608165], [-84.78358784625215, 40.685454833508345], [-84.78339396414617, 40.68465368694432], [-84.780944650732, 40.68415133687969], [-84.77851974182856, 40.684109349807066], [-84.77487325469419, 40.68387362155045], [-84.77216425274094, 40.68418594286205], [-84.77096091952411, 40.68433752186199], [-84.76990268043036, 40.68436942775253], [-84.76877760334402, 40.68313518183959], [-84.76779766397628, 40.6817812656691], [-84.7685953329564, 40.67968206051287], [-84.77034247362373, 40.6783612330862], [-84.77210779054056, 40.677385691477454], [-84.7743630439412, 40.67708705985592], [-84.77677552670538, 40.67689892362063], [-84.77950859556957, 40.67704691151687], [-84.78073006921164, 40.67724055690061], [-84.78147977634187, 40.6771025955556], [-84.78204783277963, 40.676393683716284], [-84.78179912107446, 40.674556595090344], [-84.78322527906569, 40.672899406952205], [-84.78436737642612, 40.67159666364042], [-84.78536438795692, 40.67041358935293], [-84.78669417397059, 40.6697968692198], [-84.78819950725416, 40.66963596944969], [-84.79020714656669, 40.670382133107], [-84.79316451735866, 40.671906470392884], [-84.79435102327572, 40.67429152888421], [-84.79522305498807, 40.67645554491676], [-84.79682034377355, 40.67802108233974], [-84.7982910391422, 40.68005160073532], [-84.8022670348877, 40.683031097205195], [-84.80226067146266, 40.684511273036634], [-84.80226032893873, 40.686262442004605], [-84.80225998280171, 40.68801910126918], [-84.80227405669659, 40.68978125041222], [-84.80225928447415, 40.69153241492046], [-84.80224450967691, 40.693283577235704], [-84.80225354244322, 40.694411309330526], [-84.79693771066681, 40.70015280966578], [-84.79485318777137, 40.703674694661316], [-84.793040311115, 40.7066118579347], [-84.79088201333215, 40.708752450566365], [-84.78849901320108, 40.7095163723091], [-84.78730138420937, 40.709783214291775], [-84.78643064117155, 40.71050129199878]]], [[[-84.715028177006, 40.747225596058044], [-84.71604544753893, 40.74638846662166], [-84.71800056533877, 40.746099891513346], [-84.72027629908119, 40.74614760073366], [-84.72323537308141, 40.74767359291721], [-84.72476547223555, 40.75085593105879], [-84.72567834737866, 40.75382604697285], [-84.72607116788546, 40.75554355170303], [-84.72677269908372, 40.75736714887359], [-84.72746825419682, 40.75907563960338], [-84.72893261142514, 40.760991800644554], [-84.7296222395766, 40.76258517490526], [-84.72985783581342, 40.764192063291226], [-84.72977869139714, 40.76557776341205], [-84.72908808411687, 40.76686638569352], [-84.72805863415276, 40.76747341529256], [-84.72718052937714, 40.76807593294007], [-84.72516472308789, 40.76721365864876], [-84.72348890986304, 40.76415095997574], [-84.72241863881953, 40.761070245308936], [-84.72075510090997, 40.758237696263734], [-84.71947236573061, 40.756892441796175], [-84.71805033858355, 40.7557818654366], [-84.71599305051097, 40.75411372324664], [-84.71439584234199, 40.752547185526936], [-84.71341599160087, 40.75119288696464], [-84.71290212814218, 40.75005532829779], [-84.713132905848, 40.74866513913969], [-84.715028177006, 40.747225596058044]]], [[[-84.6812601982641, 40.77715662904234], [-84.68361107825102, 40.77570427909762], [-84.68631218433892, 40.7751637863049], [-84.69004910084429, 40.77413164301736], [-84.69411845196194, 40.77366596331198], [-84.69840474919909, 40.77446178211508], [-84.69984475069232, 40.775917878178895], [-84.70085453795231, 40.77784776443], [-84.70185243739796, 40.779547440224654], [-84.70526072941686, 40.780945329710725], [-84.70898990465419, 40.78267945889396], [-84.71127282814504, 40.782842438155654], [-84.7086254714604, 40.784419383063685], [-84.7044579743893, 40.78592591868509], [-84.7005632565961, 40.78684787369049], [-84.69617842808795, 40.787092496833736], [-84.69161833740618, 40.78688101869862], [-84.6856956126552, 40.78670942699941], [-84.68031619034052, 40.78825071436135], [-84.67752553890992, 40.78706456335831], [-84.67324462365869, 40.78638310305923], [-84.66851549250435, 40.785829876498674], [-84.67054045050963, 40.783926245617515], [-84.67225657852364, 40.781916343904484], [-84.67339665839407, 40.78049966014293], [-84.67491059873026, 40.78045530311653], [-84.67656407082508, 40.78017628652522], [-84.67908434498986, 40.77906489283244], [-84.6812601982641, 40.77715662904234]]], [[[-84.61598296792161, 40.80245528386764], [-84.61119491007521, 40.8037457891279], [-84.60774065780883, 40.80442143449393], [-84.60443197886033, 40.80497753017954], [-84.60031953976906, 40.80463442697093], [-84.59791951003946, 40.805164286455856], [-84.59656222905119, 40.80531843278761], [-84.5952049420053, 40.80547256369087], [-84.59422668344924, 40.80411733990667], [-84.594145563748, 40.80250589855374], [-84.59406444794044, 40.80089445528467], [-84.59415795196105, 40.799739089077804], [-84.59229432634221, 40.79887026001855], [-84.58970248980722, 40.7985985648611], [-84.58683092224533, 40.798795878553], [-84.58508298647833, 40.80022900939359], [-84.5824147503925, 40.80145782604061], [-84.57942044314763, 40.80223479878398], [-84.57671167294407, 40.80265776062594], [-84.57442841349346, 40.80249221412659], [-84.5723081288018, 40.80255252562637], [-84.5697277391947, 40.80251060629491], [-84.56869635286513, 40.80311624608061], [-84.56722784030059, 40.80408009058222], [-84.56606794380463, 40.805150423442385], [-84.56566529888586, 40.80619925566783], [-84.56557130802565, 40.80735459396354], [-84.56698044029564, 40.80823673461338], [-84.5682438963555, 40.80923826336013], [-84.56890727706298, 40.810372092254276], [-84.56941345724478, 40.811395116112536], [-84.56975091910009, 40.81207713051754], [-84.56948250087856, 40.81277635706519], [-84.56837426080946, 40.81488263462972], [-84.5673541779917, 40.81571846377063], [-84.56622857924735, 40.817479407873755], [-84.5645027239835, 40.81937263034659], [-84.56275380084826, 40.820805413334355], [-84.56067311966632, 40.821671238150046], [-84.55799214596624, 40.822669284468006], [-84.5558941527943, 40.82318971592803], [-84.5528756932912, 40.823505598965255], [-84.5496771011136, 40.823250166644534], [-84.54664717756961, 40.823335685671964], [-84.5439259517923, 40.823527690750396], [-84.54113882219634, 40.82545045675091], [-84.5375883062857, 40.82727936661429], [-84.53459236998762, 40.82805520161348], [-84.53099032853672, 40.828847979427835], [-84.5282802136304, 40.829269835324105], [-84.52676510699898, 40.82931233314262], [-84.5253958280939, 40.82923546078884], [-84.52429549600366, 40.82845945667615], [-84.52393001025106, 40.82720180088646], [-84.52413079885359, 40.825121431331766], [-84.5255549137527, 40.823237295022444], [-84.52773641659151, 40.821331891216026], [-84.52952020708666, 40.820590249001874], [-84.53050668633493, 40.819064118092854], [-84.53120153307563, 40.81777669613498], [-84.5314305262851, 40.81627182456516], [-84.53062760469948, 40.815372256782695], [-84.52935889666239, 40.814255230289355], [-84.52749001289452, 40.81327029559337], [-84.52445482265227, 40.81324014802458], [-84.52142530847034, 40.81332502908316], [-84.51735811905935, 40.813899919569394], [-84.51275285432993, 40.81587286692499], [-84.50727230614109, 40.81856161712399], [-84.50517970180445, 40.81919626612747], [-84.50281793337312, 40.82052995077035], [-84.50195974898902, 40.821591210884016], [-84.4985148297183, 40.822493911451836], [-84.49503044697397, 40.822590783128994], [-84.493229385166, 40.822986602746354], [-84.49173692117611, 40.82348909066353], [-84.4908560524342, 40.82408985020271], [-84.49058116846484, 40.8246737886126], [-84.49092353121111, 40.82547112215065], [-84.49172041229718, 40.82625583886161], [-84.49311207718759, 40.82679351126224], [-84.49618722089407, 40.82763017409407], [-84.49866768103915, 40.82871382626726], [-84.49963311237877, 40.82983958993949], [-84.50014403920805, 40.83097799510957], [-84.5007339541324, 40.83372786786992], [-84.50007221342993, 40.835705726021125], [-84.49923636391229, 40.83722737793603], [-84.49705924370546, 40.83924735792042], [-84.49498848066081, 40.84034224988384], [-84.49251368732763, 40.84248566558047], [-84.49020153134678, 40.84485503221849], [-84.48805762700596, 40.847565462345806], [-84.48590793703434, 40.850160744715886], [-84.4839040333279, 40.85263668420706], [-84.48053026937086, 40.85503520976606], [-84.4771058446641, 40.85639770006574], [-84.47411361424625, 40.8572871264852], [-84.47023422297822, 40.85866196607349], [-84.46502396036955, 40.86076485491138], [-84.46158221223682, 40.86178158290753], [-84.4593196068547, 40.86207427691717], [-84.45661336553717, 40.86260962023919], [-84.45343006659358, 40.862696955100255], [-84.45057216768922, 40.8632363183251], [-84.44784359480073, 40.86331104428343], [-84.44524995355047, 40.86303624679916], [-84.4426452415493, 40.86253118274737], [-84.4409611642835, 40.8622314299348], [-84.44004056781807, 40.86202606196929], [-84.43909781805779, 40.86136026528889], [-84.43828451591261, 40.86022990142695], [-84.43777439814413, 40.85909125747288], [-84.43783737893779, 40.85724542910542], [-84.43792804265891, 40.855975127716086], [-84.43951777451817, 40.854318124820345], [-84.4405233370748, 40.853138086168876], [-84.44344372022393, 40.850753118868354], [-84.44535295921047, 40.84943306190123], [-84.44699787923062, 40.848927013556555], [-84.44773344637805, 40.84844584352998], [-84.44873322791072, 40.847150624772226], [-84.44913233076277, 40.84598710975701], [-84.44672030917269, 40.84317169868904], [-84.44444338131645, 40.84000676725858], [-84.44313128459333, 40.83796799805685], [-84.44183589205414, 40.83627453366003], [-84.44157906960598, 40.83409163446831], [-84.44179344522222, 40.83224162891983], [-84.44063862968412, 40.830313786753614], [-84.43917531895859, 40.82827910074003], [-84.43862667017596, 40.826334676762734], [-84.43900367683037, 40.82471074458575], [-84.44128921587328, 40.82176679117231], [-84.44435973442786, 40.81937760632703], [-84.44714926681665, 40.817457071422815], [-84.44859750923521, 40.81603426859852], [-84.4504945778206, 40.81448387924052], [-84.45226231567385, 40.813398048610196], [-84.45353665372586, 40.81151890181254], [-84.45524864216186, 40.8092819352211], [-84.45889613024569, 40.80630017186369], [-84.46261576813347, 40.804814707978124], [-84.46527506366267, 40.803358335476815], [-84.46806336517793, 40.801437291045296], [-84.4712946717904, 40.79927342299894], [-84.47547917952649, 40.798005230074864], [-84.48012905681863, 40.79695453552515], [-84.48476196053585, 40.79555833345702], [-84.48820006072646, 40.794540890658254], [-84.49183972153983, 40.791442982780396], [-84.49537265745958, 40.78927003719482], [-84.49785671544367, 40.78735669892775], [-84.49989766621457, 40.785686172499915], [-84.50242098721594, 40.784578511294], [-84.50408089613568, 40.78441699092239], [-84.51026621940653, 40.783783363902046], [-84.51272274143021, 40.7844063390714], [-84.51520195076768, 40.785489696042355], [-84.518281241028, 40.78644094133595], [-84.52119218473497, 40.78705102591718], [-84.52374358951909, 40.78651845457402], [-84.52598644501977, 40.78587921754295], [-84.52928915430236, 40.78521017729021], [-84.53128596715332, 40.78573041894767], [-84.53377120793034, 40.78692849730156], [-84.53610511566988, 40.78813078394217], [-84.53782201868471, 40.78911986424036], [-84.53949335723215, 40.78918806614271], [-84.54086185560125, 40.78926477893586], [-84.54266750161422, 40.7889833497561], [-84.54415316402603, 40.78836511630323], [-84.54696727800332, 40.787017761405515], [-84.54997844629459, 40.78658691191842], [-84.55256967387096, 40.78685946999665], [-84.55546948246742, 40.787238507504014], [-84.55771779869129, 40.78671378153026], [-84.56010602272652, 40.78595450993989], [-84.56144005135491, 40.785340351413055], [-84.56139414782926, 40.78441950348973], [-84.56075982429704, 40.78386114314687], [-84.55965408397796, 40.7829703336017], [-84.55779134768936, 40.78210095729116], [-84.55564303598804, 40.78158544265705], [-84.55289486785956, 40.781202125898204], [-84.55047813202347, 40.78138572224066], [-84.54807852934862, 40.78191459025623], [-84.54566746713839, 40.78221319601619], [-84.5426735823665, 40.78298925941383], [-84.54053676179042, 40.78270368772085], [-84.53747442426717, 40.78209833513581], [-84.53412640645809, 40.78184674342697], [-84.53187238122288, 40.782255919931046], [-84.53018984739134, 40.78195739592079], [-84.5288101397826, 40.781650345213386], [-84.52649929578952, 40.7809083427874], [-84.52346553213398, 40.78087817047069], [-84.52026336017083, 40.78050683726231], [-84.51767816417686, 40.78034868655003], [-84.51522740233077, 40.77984092002563], [-84.51338228324477, 40.779316176176806], [-84.5112343911363, 40.778799862871196], [-84.50804932639865, 40.77877352860769], [-84.50657483861207, 40.77962153538318], [-84.50707880884727, 40.77753267769103], [-84.50821656339474, 40.77600246017287], [-84.51165340276096, 40.774984348910245], [-84.51498968566196, 40.77500635309055], [-84.51925698809016, 40.77546326525587], [-84.52354136889478, 40.776265350337894], [-84.52858282807831, 40.77704602709599], [-84.53194196836736, 40.777527990713686], [-84.534992667591, 40.777903271332455], [-84.53818909927324, 40.778159102946994], [-84.54087433036865, 40.77727657586867], [-84.54345375695615, 40.77731911782759], [-84.54651022208415, 40.77780921200462], [-84.54897257528582, 40.778546552253914], [-84.55183768551177, 40.77823503741605], [-84.55334020520814, 40.777962005929645], [-84.5542142297748, 40.77724566480262], [-84.55369135348552, 40.77587723128083], [-84.5530457247627, 40.77508861256], [-84.5505491382807, 40.77366071034861], [-84.5487153471218, 40.77336672439847], [-84.54730144888441, 40.77236924004319], [-84.54635887271247, 40.771704240852856], [-84.54472515564908, 40.76932970414863], [-84.54157212093575, 40.76688272116797], [-84.53720837100109, 40.76446975592633], [-84.5343870047449, 40.76258959488956], [-84.5320312446984, 40.7609268169628], [-84.53074077829295, 40.75934932583619], [-84.52899062953352, 40.75766946618658], [-84.52771733128321, 40.75643726825161], [-84.5274921553227, 40.7549450899491], [-84.52770966272307, 40.753209939337744], [-84.52839253761896, 40.75169225374135], [-84.53032017315147, 40.75083120077102], [-84.53322403100586, 40.751325896303435], [-84.53629065671093, 40.752046479599976], [-84.53832643793042, 40.75337238299135], [-84.5401052044427, 40.75562765763342], [-84.54240659247967, 40.759251404252424], [-84.54483104428964, 40.762295283072575], [-84.54826957665253, 40.76438831084711], [-84.55217959387195, 40.76681371733065], [-84.55499016700395, 40.76846323808931], [-84.5589889725424, 40.76961794847215], [-84.56209110920656, 40.77102850467588], [-84.56548465192483, 40.77220016963344], [-84.5679585033362, 40.77316733511313], [-84.56951835330634, 40.77404516514547], [-84.57090959585265, 40.77458196030522], [-84.57365184255009, 40.77484975842377], [-84.57515996196936, 40.77469155815915], [-84.5767330214569, 40.77280243416512], [-84.57751451701492, 40.77024421808668], [-84.5766078137327, 40.76727301210661], [-84.57591015776019, 40.76544855104063], [-84.57550950553512, 40.76350035525445], [-84.57605735118655, 40.762332039781874], [-84.5778160397727, 40.76112921685006], [-84.58093686022183, 40.75988751498127], [-84.58302696453329, 40.7592515128881], [-84.58482587654449, 40.75885433354073], [-84.58584490531813, 40.75801832156597], [-84.58604939940169, 40.75605285356717], [-84.5844089119484, 40.75356372585711], [-84.58216320187331, 40.75109185028043], [-84.58010356780028, 40.74930625803056], [-84.57911484906883, 40.74772063877747], [-84.5785513234259, 40.7455465233535], [-84.57842449481515, 40.74301413258618], [-84.57909459589654, 40.741265924975615], [-84.58112068417783, 40.73936374780555], [-84.58382116144394, 40.73882555655464], [-84.58638762248992, 40.73863695506286], [-84.5886225485461, 40.737881410796234], [-84.58996116751872, 40.737382020518154], [-84.59145107068527, 40.73687828395192], [-84.59246389476117, 40.73592709247926], [-84.59370981605367, 40.73358591940785], [-84.59528140218171, 40.73169649351097], [-84.5972076317171, 40.730834347841444], [-84.60039051816531, 40.73085830685794], [-84.60299727054343, 40.73147510812007], [-84.60549343887207, 40.73290195919708], [-84.60710517463302, 40.7348152978488], [-84.60887411649527, 40.736839366878534], [-84.60937454898348, 40.73774716807059], [-84.6103230960194, 40.73852679479854], [-84.61245884092489, 40.73881112779171], [-84.61531035799287, 40.73826786688967], [-84.6176904301982, 40.737392309872284], [-84.61947690301942, 40.73676438756801], [-84.62145549343329, 40.73693781940684], [-84.62332950262115, 40.738036446036794], [-84.6246100281366, 40.73938275004116], [-84.62497690204913, 40.740640177348624], [-84.62562888481067, 40.7415435343455], [-84.626117882938, 40.742221049406645], [-84.6263042616311, 40.74290731302762], [-84.62710759950878, 40.743806285136706], [-84.63011637311419, 40.7433734026488], [-84.63296793952337, 40.74282972198937], [-84.63548753804803, 40.74171921704966], [-84.63727982352147, 40.74120613650124], [-84.63847857529947, 40.74094080503996], [-84.6396949170709, 40.74102077930761], [-84.64077168848043, 40.74133534656415], [-84.64199978043295, 40.74164550908164], [-84.6423376273266, 40.742327352678444], [-84.64238459541987, 40.74324819778285], [-84.64243156468467, 40.74416904235726], [-84.64055834133484, 40.74606785889051], [-84.63719521731865, 40.74847096528481], [-84.63485016534652, 40.75003753707671], [-84.63283107207472, 40.75205571316224], [-84.63184781929672, 40.75358276054777], [-84.63108608612676, 40.756486677221226], [-84.63155850413806, 40.759815953363336], [-84.63270578735026, 40.76151184383085], [-84.63335805673647, 40.76241514435151], [-84.6338824131763, 40.763783242604056], [-84.63468608142449, 40.76468214965189], [-84.63426128557595, 40.76527082671814], [-84.63309722828319, 40.766226735548436], [-84.63222416402455, 40.76694365928835], [-84.63043701791655, 40.76757175805398], [-84.6283997354634, 40.76924452254031], [-84.62627527468126, 40.77218776929666], [-84.62358013625357, 40.77583908294751], [-84.62073331689935, 40.779494694580336], [-84.61924299151516, 40.78299583783545], [-84.6193363448541, 40.784837491023566], [-84.61988393661815, 40.786666041810996], [-84.62105473132102, 40.788822424246526], [-84.62298270137458, 40.790956940199145], [-84.62449106001027, 40.790798119626935], [-84.62688453663957, 40.790152618700574], [-84.62716398019732, 40.78968345683283], [-84.6278508738278, 40.78828034361861], [-84.62819396935417, 40.78608026157186], [-84.62821668544935, 40.783543621981174], [-84.62884499243869, 40.78098946606896], [-84.62993913360735, 40.77865237050593], [-84.63263404496152, 40.77500092040804], [-84.63456592901164, 40.771256227044915], [-84.63673209653126, 40.77211563756317], [-84.64058110244834, 40.77327200422448], [-84.64361457992392, 40.773299204564346], [-84.64708455939659, 40.77296781572799], [-84.64977407551235, 40.77219794181243], [-84.6524929765246, 40.772003520494316], [-84.65405976853563, 40.77299535104624], [-84.65485202124233, 40.77366391200442], [-84.6565584752377, 40.7744210925473], [-84.6594760333225, 40.775142917401936], [-84.66251550658868, 40.77528474017796], [-84.66595593615968, 40.77437729399939], [-84.66405297395715, 40.77570092810111], [-84.66303463314443, 40.77653759686229], [-84.66141661986981, 40.77750703814133], [-84.6601367564924, 40.77915823200464], [-84.65974749996302, 40.780437603871086], [-84.65923043590895, 40.782181796469345], [-84.65885294690835, 40.78369136552494], [-84.65893555847943, 40.78530278484971], [-84.65713048556374, 40.78558597072074], [-84.65594281799999, 40.78608168312779], [-84.65430680054018, 40.78670571755038], [-84.65317800839827, 40.788352415478], [-84.65218879849641, 40.78976449052142], [-84.65196253272494, 40.791269621819836], [-84.65177159481922, 40.793465357242795], [-84.65173796338979, 40.7957717827026], [-84.65117346898793, 40.79659511575226], [-84.65014877540509, 40.79731656152902], [-84.64899028231889, 40.798387704211336], [-84.64662613455377, 40.79960914778372], [-84.64263717934614, 40.80168461274245], [-84.63907884865917, 40.80328636551863], [-84.63386612064461, 40.80516645413762], [-84.63246205287011, 40.8044002003839], [-84.63365606577275, 40.804019828947574], [-84.63388863409665, 40.802629847153675], [-84.63165126094954, 40.80038918664113], [-84.62617599916994, 40.80008639991247], [-84.62149886210574, 40.800567233944605], [-84.61598296792161, 40.80245528386764]], [[-84.51455938880109, 40.80325857261085], [-84.51421119608922, 40.80234618531446], [-84.51296562765779, 40.80168940244054], [-84.5106712452663, 40.80129242495049], [-84.5079338408816, 40.8011382937351], [-84.50493306326189, 40.80179829371525], [-84.50147786847101, 40.80247086972396], [-84.49681102283915, 40.80317705874185], [-84.49094934002377, 40.80426203936181], [-84.48347191886188, 40.80642885893575], [-84.47647081542286, 40.80904308205064], [-84.47254336227324, 40.81249416977312], [-84.47348017337157, 40.81304461829907], [-84.47482666533725, 40.812661646280354], [-84.47677343791655, 40.81214680683426], [-84.47811429327345, 40.81164868982367], [-84.48051542512576, 40.81112122351035], [-84.48291091155497, 40.81047860127881], [-84.48664710191424, 40.809337717242734], [-84.49113486490576, 40.80806058704075], [-84.4949158160853, 40.80784030200163], [-84.49821418670429, 40.807057003976304], [-84.50032336752886, 40.80676778180511], [-84.5042613930963, 40.80665811562543], [-84.50998867759715, 40.80592206767433], [-84.51356146327113, 40.80455437577843], [-84.51455938880109, 40.80325857261085]], [[-84.47490263390729, 40.83294556612606], [-84.47436972821733, 40.831346631208504], [-84.47324758119957, 40.830109740791116], [-84.4716765347974, 40.829000486097506], [-84.46888229855942, 40.82769441437967], [-84.46690152719404, 40.827518478576806], [-84.46478599800751, 40.827692002197935], [-84.46251894943916, 40.82786965699433], [-84.46030204085167, 40.829083232710076], [-84.45825884524773, 40.83075303166571], [-84.4576293361742, 40.833421304186565], [-84.458027052227, 40.83536979397545], [-84.45817742733612, 40.8384776702542], [-84.45943425937872, 40.83936521155501], [-84.46050057172981, 40.839451161826034], [-84.46248724686484, 40.839742308226405], [-84.46489505833884, 40.839330272354744], [-84.46805491810007, 40.83878220733794], [-84.47044589225848, 40.83802474156799], [-84.47314546585919, 40.83737397010274], [-84.47430732789056, 40.836304557222], [-84.47514371447137, 40.83478307783735], [-84.47490263390729, 40.83294556612606]]], [[[-84.7511257998546, 41.2105386357198], [-84.743551877226, 41.21157088493035], [-84.73664172597789, 41.2136202591847], [-84.73023669655268, 41.21657630823734], [-84.72427606281825, 41.21928834161148], [-84.71920492157493, 41.22151277919301], [-84.71559667368525, 41.222541302365], [-84.70817324527607, 41.22356681465236], [-84.70143124187608, 41.225954890187154], [-84.69572534887011, 41.22773592062361], [-84.69243917291706, 41.22910003655368], [-84.69064665822155, 41.22984406129088], [-84.68764706084382, 41.23085388776533], [-84.68556765514822, 41.2319519836918], [-84.68174015102767, 41.23171808951966], [-84.67821743573606, 41.23147518072675], [-84.6762066067401, 41.2309575821167], [-84.6736909126843, 41.229532650058104], [-84.67241818635651, 41.228532468369814], [-84.67202393516622, 41.22681517313624], [-84.67326396650259, 41.224243491707924], [-84.67720455396433, 41.2207862548581], [-84.68132101906448, 41.2177847433156], [-84.68409595796118, 41.21539857232188], [-84.6855475498411, 41.213973075288884], [-84.68852846033504, 41.21261804985274], [-84.69267993768462, 41.21030660352976], [-84.69753056281706, 41.20970330855855], [-84.70099810409886, 41.208909948702306], [-84.70483224812061, 41.20637686867663], [-84.70839762659273, 41.20454310344988], [-84.71153602259623, 41.203298090640494], [-84.71620951647466, 41.20223821276205], [-84.71897533596784, 41.20261758726621], [-84.72267430306226, 41.20043365889235], [-84.72706187864803, 41.19684613031131], [-84.72987074327304, 41.19514933319842], [-84.73243553266343, 41.1946122841795], [-84.73470176179198, 41.19419929564064], [-84.73841758285613, 41.195241581784174], [-84.74165229684175, 41.19583702328141], [-84.74480186228496, 41.19482128918527], [-84.74758584320901, 41.19266376336258], [-84.75106401313494, 41.18921761398661], [-84.75385365193232, 41.187175000836596], [-84.75806243199422, 41.18601201548781], [-84.76185093699102, 41.18555300945591], [-84.76613905179813, 41.185885751997084], [-84.76886771662197, 41.185573508937736], [-84.77155957674432, 41.184570739688354], [-84.77596196072504, 41.18132659737532], [-84.77904890920651, 41.17915916656183], [-84.78128974869954, 41.178284976403425], [-84.78532680696051, 41.1767803738554], [-84.79100144597386, 41.174534688682115], [-84.79515947018565, 41.17244977370574], [-84.79736285209744, 41.170884814689636], [-84.80351348296264, 41.167096516508046], [-84.80351329126371, 41.16825576905143], [-84.80354170727941, 41.172109123046695], [-84.8035342382821, 41.173333192695424], [-84.8035267371313, 41.174743891900285], [-84.80351192748425, 41.17640708935823], [-84.80350459681155, 41.17679681515521], [-84.80348221904998, 41.18022750420987], [-84.80348184126672, 41.182439614422876], [-84.8034889076403, 41.18360330604662], [-84.80350335438415, 41.18409732726259], [-84.80348864893992, 41.185112811103885], [-84.80348864424442, 41.185140256633595], [-84.80348127375352, 41.18574954714351], [-84.8034810917026, 41.18680894555572], [-84.80346645282638, 41.187429213731015], [-84.80347343197246, 41.189086925769764], [-84.8034949120299, 41.19090382168357], [-84.80348751996195, 41.19161191501845], [-84.8035018835734, 41.19256153050686], [-84.80353065099511, 41.19422472919331], [-84.80355941492736, 41.19589341556928], [-84.80358818261088, 41.19752916614825], [-84.80358786958712, 41.19921431426162], [-84.80358029153697, 41.20086652592486], [-84.80358724316861, 41.20252971613875], [-84.80357991344037, 41.20285357063298], [-84.803579686148, 41.20403567291983], [-84.79926267488736, 41.20344666039177], [-84.78995939466944, 41.20349678836341], [-84.7818684440458, 41.203394499533275], [-84.77312024153596, 41.20527078859177], [-84.76574244491502, 41.207105423182405], [-84.75836425309784, 41.20893960278618], [-84.7511257998546, 41.2105386357198]]], [[[-84.79105125555816, 41.21533564854629], [-84.7929101421875, 41.21585591954104], [-84.79356268243254, 41.21664306075105], [-84.79442312070051, 41.21846126108389], [-84.79134105323196, 41.22074408911062], [-84.78852651784307, 41.22232722293166], [-84.7857056950431, 41.22379521598258], [-84.78470691116934, 41.225093096946864], [-84.78386660601466, 41.2265014600816], [-84.78333715107668, 41.22801572802828], [-84.7832709339736, 41.229631324367894], [-84.78452066758406, 41.23017003814663], [-84.78899487498846, 41.23107273268501], [-84.79161603962432, 41.231570076834544], [-84.79365243083308, 41.232546025513585], [-84.79445134290575, 41.23321348577702], [-84.79542117197416, 41.234221559242734], [-84.79530583877604, 41.23491658316292], [-84.79430090191762, 41.23609946039839], [-84.7908577547242, 41.237355790187465], [-84.78678644328875, 41.238285146150325], [-84.78237947463666, 41.23864816419977], [-84.77917314135267, 41.238629210981806], [-84.77455846088121, 41.23796087078203], [-84.7709799135956, 41.23668504292097], [-84.76710285989799, 41.235533299976986], [-84.76507288195539, 41.23467197757088], [-84.76143406300775, 41.2351265143761], [-84.75688088900526, 41.23560822549213], [-84.75306516644257, 41.2356067626823], [-84.75046242446989, 41.2354538017318], [-84.74704291639968, 41.234287781931606], [-84.74484865630548, 41.2332004944772], [-84.74114284566504, 41.232388587153125], [-84.73792464394602, 41.232138372681014], [-84.73323730730098, 41.23296891687752], [-84.73082953704699, 41.23361652652809], [-84.72839747384647, 41.233803788145806], [-84.72653858001647, 41.233282520837164], [-84.7251005206357, 41.23205725630186], [-84.72487547188996, 41.23068085857901], [-84.72571098909167, 41.22915784079435], [-84.72791173459562, 41.227479161482336], [-84.73166635763029, 41.22633068377496], [-84.7357316553785, 41.225288124622836], [-84.73900462906941, 41.22369267124379], [-84.74185688180843, 41.22280116101292], [-84.74441652420666, 41.22214879424949], [-84.74793899377687, 41.22238976749469], [-84.75177229139197, 41.222736625705345], [-84.75406984000854, 41.2228986471155], [-84.75635518387877, 41.222830475590456], [-84.75877454348075, 41.222412488204775], [-84.76190670668645, 41.22105109289064], [-84.76503874533223, 41.21968961459292], [-84.76907860210063, 41.218185608329264], [-84.77161939880472, 41.21718742680113], [-84.7756896615157, 41.2162585676177], [-84.77824872199953, 41.215605467299135], [-84.78111855620148, 41.21505823149918], [-84.78613951437192, 41.21479199240087], [-84.78890621031123, 41.21516974468039], [-84.79105125555816, 41.21533564854629]]], [[[-84.4847876496867, 41.26715672988534], [-84.48425105682294, 41.265558160280094], [-84.48508098129832, 41.2638067015374], [-84.48622143634482, 41.26216191414972], [-84.48846298655587, 41.26117818593558], [-84.49254523955314, 41.260374072416354], [-84.49602894509427, 41.25981684814904], [-84.49860925437108, 41.25951500179859], [-84.5014888007995, 41.259089562601226], [-84.50435128275365, 41.25831879485087], [-84.50732059683361, 41.25662306203218], [-84.50970847847753, 41.25551960480724], [-84.51197234949726, 41.254995751960166], [-84.51455248368032, 41.25469354447327], [-84.51640463781156, 41.25510299080199], [-84.5182910882806, 41.25620290580762], [-84.51881698710525, 41.25757116590068], [-84.51857493175063, 41.25884556408457], [-84.51712464836525, 41.26038407221886], [-84.51536367375225, 41.261815959600646], [-84.51251257634584, 41.26281715184969], [-84.50906293623399, 41.264065371922854], [-84.50605918735324, 41.26507064193995], [-84.50153065842356, 41.26611807432094], [-84.49793959910198, 41.267600346496124], [-84.49448955624419, 41.26884812056136], [-84.49177908323686, 41.26961441839016], [-84.48994940344463, 41.26966491766614], [-84.48779778632121, 41.269378549017475], [-84.48609794473275, 41.268964452709426], [-84.4847876496867, 41.26715672988534]]], [[[-84.56894861021665, 41.25570388280841], [-84.56795685527848, 41.25723008032948], [-84.56427886684405, 41.259984541464696], [-84.5616099372639, 41.261557994708596], [-84.55891198118512, 41.262555985804084], [-84.55559255487258, 41.26334092177088], [-84.55349274653753, 41.26409146304498], [-84.55125196548289, 41.265076413893134], [-84.54770807230385, 41.2674808254363], [-84.5449205484902, 41.269748661396456], [-84.54105972956408, 41.27193126332814], [-84.53820858704047, 41.272933055269974], [-84.53670099832979, 41.27332097907279], [-84.53471871629189, 41.27337643828846], [-84.53347015261876, 41.27283514854235], [-84.53248067080118, 41.27136467680487], [-84.53209539781054, 41.26976206963126], [-84.53142240489917, 41.268513223796724], [-84.53105437648925, 41.26725585282857], [-84.53099703052355, 41.26610504075576], [-84.53295041740975, 41.265474236637125], [-84.53659810757632, 41.26514171620301], [-84.5400070566466, 41.263087141560376], [-84.54299871472739, 41.261850861686796], [-84.54609088636039, 41.25957449713345], [-84.54798056456066, 41.25767755199534], [-84.55014619733278, 41.25519659902918], [-84.55223423289189, 41.25421594794588], [-84.55494927938247, 41.25356334359581], [-84.55934107606531, 41.25286343297412], [-84.56408396161495, 41.25307540583782], [-84.56623544878207, 41.253360400706484], [-84.56781197318719, 41.254353069184546], [-84.56859155785783, 41.25467677460048], [-84.56894861021665, 41.25570388280841]]], [[[-84.72166009825641, 41.23918942340319], [-84.72646918056721, 41.2406608234971], [-84.73144300638104, 41.242357663861725], [-84.73669758271281, 41.243584961580325], [-84.74179385516366, 41.24470148279475], [-84.74765233702584, 41.24579511755369], [-84.75149914823145, 41.24637212470005], [-84.75490710472192, 41.24730784891939], [-84.75843699919592, 41.24766356717375], [-84.76424085867936, 41.24772071821535], [-84.77004472793332, 41.24777758954564], [-84.77556835499988, 41.248303606722224], [-84.77920292978284, 41.250614919584436], [-84.78345973674553, 41.253137929912825], [-84.78618026430306, 41.25547649389302], [-84.78701633745153, 41.2568344031249], [-84.78768152210995, 41.25785168374276], [-84.78758455526959, 41.25889189023748], [-84.78557982320011, 41.261372516898874], [-84.78009329529193, 41.264418680475536], [-84.7754902881929, 41.26686182415187], [-84.77117959771215, 41.269065519999295], [-84.76820400914247, 41.27053760326401], [-84.76627716199695, 41.27163249953929], [-84.76466131220839, 41.27283332001296], [-84.76267371121057, 41.27565874106539], [-84.76132646782109, 41.27904125669782], [-84.76071705380262, 41.28194072021196], [-84.76116892355218, 41.28469324615883], [-84.76157185512854, 41.28652522393059], [-84.76152342547213, 41.28848592307531], [-84.76101747440549, 41.29046027532702], [-84.76004172269026, 41.29221814064413], [-84.75823606515044, 41.29273300227008], [-84.75564336690599, 41.29281029541579], [-84.75349598185015, 41.2926437720071], [-84.75225146185731, 41.2922198345009], [-84.75020778891869, 41.29112817152399], [-84.74942690441837, 41.28792442046618], [-84.74980503138141, 41.28353367966169], [-84.7508662734187, 41.280505591063175], [-84.75073811038564, 41.278089146284636], [-84.75173208044994, 41.27379527333459], [-84.75142702163268, 41.270923077312546], [-84.75071953386907, 41.26910011948765], [-84.750170639975, 41.267387686667], [-84.74904855485767, 41.266383814555134], [-84.74706664889187, 41.26644276809604], [-84.74448101192787, 41.26663488230223], [-84.74047424239431, 41.2688284004321], [-84.73888841228427, 41.270604222582875], [-84.73776598555239, 41.27248152681636], [-84.73523478355857, 41.2737090727027], [-84.73282560261836, 41.27435669767636], [-84.73069098016116, 41.27441989703039], [-84.72854422292369, 41.27425291761382], [-84.72681245706652, 41.273266882353596], [-84.72533719964346, 41.27135124229609], [-84.72061794374423, 41.268724628082055], [-84.71716101233626, 41.26686736592689], [-84.71280766115756, 41.26538216296963], [-84.70922881849438, 41.26410451929604], [-84.7030946014371, 41.263593357828036], [-84.69574087270627, 41.26311763918141], [-84.69269186020325, 41.26320697404921], [-84.68934393624731, 41.26342022679444], [-84.68750852079756, 41.263358666127516], [-84.68774146913067, 41.26196886461149], [-84.68868265634016, 41.259521099106685], [-84.6913546026863, 41.25805990552453], [-84.69494105197855, 41.256571848401975], [-84.69886228159233, 41.25565010720959], [-84.70155793583967, 41.25464897859843], [-84.70353954111293, 41.25459077362563], [-84.70536871223104, 41.25453701708619], [-84.70647188782397, 41.2551960873539], [-84.70712381177853, 41.255983670568874], [-84.70692744144132, 41.25806395542796], [-84.7070178609803, 41.259790051820026], [-84.70873694233708, 41.260546237869754], [-84.71257218321223, 41.260894339962796], [-84.71665795349038, 41.26019767795289], [-84.7198350454709, 41.25964294789215], [-84.72283542851157, 41.25863234779045], [-84.72493927899033, 41.25799392614703], [-84.7256469328609, 41.25693574514657], [-84.725885148975, 41.25566093561925], [-84.72563577506526, 41.2538242819335], [-84.7229779007351, 41.25263506402043], [-84.71816805632322, 41.25116354482881], [-84.71302942808188, 41.24924051522467], [-84.71131058099176, 41.2484843801818], [-84.70765256721677, 41.24859204682658], [-84.70189680044606, 41.24945274001761], [-84.69526841008737, 41.251145489632684], [-84.68835882270902, 41.25330708762179], [-84.68401023738673, 41.25481722443814], [-84.67707003915702, 41.25640279616109], [-84.67223384036049, 41.25735046452656], [-84.66815375325301, 41.258160696396864], [-84.66436058631997, 41.25861670614967], [-84.66085440382305, 41.25871852116855], [-84.65856181048834, 41.258669791730526], [-84.65745309268551, 41.25789520847984], [-84.6562849686992, 41.25596985532103], [-84.65623148233134, 41.254934171039366], [-84.6584466446971, 41.25348695666844], [-84.66022822641023, 41.25251327641492], [-84.66027951598022, 41.25055255706509], [-84.65989733722371, 41.24906540877144], [-84.65783262875648, 41.24751181897032], [-84.65410332412412, 41.24623693417508], [-84.64966546776914, 41.2460196851031], [-84.64462390040069, 41.24593496778365], [-84.64155783206256, 41.245677775820596], [-84.63958234547569, 41.24585003946466], [-84.6387907041707, 41.2452966347402], [-84.63781710882354, 41.244172228764626], [-84.63846684666997, 41.241963760369664], [-84.64110368630031, 41.23981318450382], [-84.64529986833367, 41.23830897891243], [-84.64875760427829, 41.2372869876673], [-84.6521162490748, 41.23730501464266], [-84.65795483297079, 41.23805778394931], [-84.6638352222239, 41.23961581238052], [-84.668344246965, 41.24121346626546], [-84.6723306078612, 41.24155842267279], [-84.67614070511242, 41.24144738441344], [-84.68006730507072, 41.240641317279305], [-84.68443903412607, 41.23959160604545], [-84.6862498457546, 41.23919290942122], [-84.68864624190164, 41.23831604213815], [-84.69152375886276, 41.23788604246673], [-84.69744910730684, 41.237366593622795], [-84.70145945855573, 41.23817089069193], [-84.70603129080803, 41.23803652357179], [-84.7116638251764, 41.23775548958052], [-84.71796632807438, 41.23860695621618], [-84.72166009825641, 41.23918942340319]]], [[[-84.70870550012563, 41.28325124992518], [-84.71313237924458, 41.286117419723844], [-84.7175293857451, 41.28840807134981], [-84.72078646952838, 41.28934923349337], [-84.72390931074764, 41.2906400184393], [-84.72722116956183, 41.29261662523612], [-84.73035641989324, 41.29413737640323], [-84.73271705986355, 41.29545048707656], [-84.73369293576036, 41.29657407181387], [-84.73449200938957, 41.297241893822346], [-84.73515073070506, 41.29814436415759], [-84.73507114584886, 41.29952969525722], [-84.73305117235392, 41.301779218904336], [-84.73161692902885, 41.303550380351616], [-84.72925522295577, 41.30511845694725], [-84.72477596413341, 41.30709478110405], [-84.72192604500404, 41.30810088806142], [-84.71876488864275, 41.309000855170304], [-84.71544505034146, 41.309790164715984], [-84.71220367204998, 41.312075261994494], [-84.70813722119271, 41.31611318860175], [-84.70520647708437, 41.318504184029955], [-84.70239195298817, 41.32020022295007], [-84.69861967034018, 41.32111755944199], [-84.69483526091622, 41.32180464224561], [-84.69116731540153, 41.32179673714943], [-84.68826227546985, 41.3217664273118], [-84.6810370416106, 41.320940177603596], [-84.68012156429243, 41.320966873902705], [-84.67475136763096, 41.32054712053318], [-84.67048511910669, 41.320786489902375], [-84.66699964372282, 41.321348756882465], [-84.66297529877534, 41.32330946130842], [-84.65990795278435, 41.32604897527115], [-84.65739124462924, 41.32762003808193], [-84.65550266337706, 41.329518583788385], [-84.65515191729233, 41.331603071902876], [-84.65572275532347, 41.33377611989166], [-84.65628172959677, 41.33571902466261], [-84.65727478281748, 41.33718839329041], [-84.6578278757589, 41.33901621750652], [-84.6583393216531, 41.340038563501906], [-84.65797074818369, 41.341777838706484], [-84.65577653101198, 41.343685206700584], [-84.6532947573954, 41.34594656336425], [-84.6492745217013, 41.34802183722588], [-84.645254043314, 41.35009697353519], [-84.64196101470486, 41.351459568993256], [-84.63655438544347, 41.35334387134633], [-84.63340185991724, 41.35447170133476], [-84.63130602862691, 41.355338609032465], [-84.62996754195466, 41.35606848845952], [-84.62876987797797, 41.356563834126234], [-84.62838275243621, 41.35795779269189], [-84.62875304583183, 41.35921476498498], [-84.63216493679363, 41.36015387863758], [-84.63663970186543, 41.36094707704565], [-84.63925880277041, 41.36133262190111], [-84.64140213376604, 41.36138611104632], [-84.64251233949932, 41.36216077142351], [-84.6422781376084, 41.36355036627543], [-84.64069944030527, 41.36555488561631], [-84.63895611782404, 41.36733364589865], [-84.63798799559042, 41.36932053516788], [-84.63701389650721, 41.37119234771618], [-84.63708494671702, 41.37257313295323], [-84.63697369508016, 41.37338298439009], [-84.63656888035776, 41.37443175299538], [-84.63463110057464, 41.37540937530048], [-84.63195338797294, 41.376869167413986], [-84.62862336938412, 41.377540977499095], [-84.62516418145577, 41.378677336055986], [-84.61930269562716, 41.38068902415508], [-84.61512668081566, 41.382767470741506], [-84.61160247220157, 41.38563378060083], [-84.60904725268999, 41.38950941782319], [-84.60588663505726, 41.393517473166476], [-84.60229670910707, 41.39811380571631], [-84.6001753479036, 41.40151590527708], [-84.59951701956376, 41.40360879572545], [-84.59853552728453, 41.40536517813732], [-84.5952447775245, 41.406841498497414], [-84.59284716167524, 41.40783144570509], [-84.59044947685015, 41.40882134445598], [-84.58743566676337, 41.40671745668333], [-84.5845573055594, 41.404263967744285], [-84.5818610703171, 41.40238140594145], [-84.5779661783351, 41.400993603455404], [-84.57471740065228, 41.40027880820181], [-84.57320140794941, 41.400552082632736], [-84.57059861955145, 41.400510315629276], [-84.56907679583011, 41.40066847237681], [-84.56822410227105, 41.40196004232556], [-84.56848723253141, 41.40414198332031], [-84.56948520743742, 41.40572705193499], [-84.57081203685527, 41.407763750258866], [-84.57211568357644, 41.40934017090646], [-84.57249104048348, 41.41071232393463], [-84.57243712618227, 41.412672734633624], [-84.57176621549495, 41.41453532503662], [-84.57093084207702, 41.416172090728345], [-84.56946097539257, 41.41736582778224], [-84.56740888432167, 41.419152091616596], [-84.56574544598115, 41.419544638038616], [-84.563600360159, 41.419489809023936], [-84.56189629807373, 41.41907685273727], [-84.55970486716812, 41.418101439060045], [-84.5577901404794, 41.41654207348668], [-84.55599356425408, 41.41428799300983], [-84.55440432557994, 41.41006918766433], [-84.55266250587309, 41.405854632664244], [-84.54969876352571, 41.401674311531025], [-84.54741835018534, 41.39586155652158], [-84.54597126899753, 41.39140815328836], [-84.54428234107685, 41.38822902186591], [-84.5432044916151, 41.38503275769063], [-84.54306614053554, 41.382271103352984], [-84.54156485855603, 41.37977804864424], [-84.54055062484434, 41.37784750284245], [-84.53692885949165, 41.37575938044478], [-84.53378267625548, 41.37400356673324], [-84.53018428674184, 41.37237551662912], [-84.52730367034174, 41.369805513727016], [-84.52682618982979, 41.3663618845617], [-84.52651290977003, 41.36314413258135], [-84.52577603300529, 41.36062956438842], [-84.52477972048662, 41.35904406973383], [-84.52275485832023, 41.35829382376008], [-84.52024913113826, 41.35709599245212], [-84.51777781037245, 41.356588545522], [-84.51133144392345, 41.356076152710145], [-84.50429159531144, 41.35592554227054], [-84.49621162774753, 41.35637938900142], [-84.48921736499754, 41.35714845658479], [-84.48007991357777, 41.357860790036504], [-84.47292135833612, 41.35840295775337], [-84.46942119395217, 41.35872932922648], [-84.46681449579644, 41.358570233205455], [-84.4646658248103, 41.35839855561789], [-84.46157300622065, 41.35767649346847], [-84.46046494632265, 41.35690015806682], [-84.45982615770603, 41.35634145709738], [-84.45948708957813, 41.35565933923514], [-84.45941400334041, 41.354163350464965], [-84.46009859350978, 41.35253143812754], [-84.46260375938601, 41.3506193086727], [-84.46618860199064, 41.34890804132854], [-84.47209681704423, 41.34782437462707], [-84.47606565271803, 41.3477155075574], [-84.47985355111885, 41.34703532554996], [-84.48257286750137, 41.34638441468444], [-84.48525814592402, 41.345042988061216], [-84.48703882779702, 41.34395687669069], [-84.48837855439726, 41.343228582252785], [-84.48989357508606, 41.342956368339046], [-84.49296332016552, 41.343217412412315], [-84.4980401060261, 41.34388386811959], [-84.50278332840213, 41.34398316767211], [-84.5061357456911, 41.34377511134512], [-84.5099289470067, 41.34320903872094], [-84.51357515931977, 41.34276215909077], [-84.51612999890227, 41.341884564622475], [-84.51871337430121, 41.34158228747112], [-84.52023972894753, 41.341539833134675], [-84.52221826116559, 41.34136953929657], [-84.52457081224787, 41.34257159867254], [-84.52599614057239, 41.3435689888534], [-84.52665830184338, 41.344587636330715], [-84.52719651249733, 41.34618590211741], [-84.5281088834425, 41.34915653008789], [-84.52847954937616, 41.35352504510097], [-84.52906378195016, 41.356043870011966], [-84.53044012621604, 41.35911675303453], [-84.53208174435728, 41.36137558764099], [-84.5349334397905, 41.363370138853504], [-84.5377220065241, 41.36409883664595], [-84.53987110088096, 41.36426920094198], [-84.54308323658705, 41.36429453362201], [-84.5480987285423, 41.36369306131085], [-84.55414243137731, 41.362255866072175], [-84.55852381306737, 41.36121083242163], [-84.5624354494706, 41.35994839828096], [-84.56408586952689, 41.35932573731873], [-84.56529564668288, 41.35906117545534], [-84.56586572811241, 41.358238467873036], [-84.56596039074444, 41.35708345931683], [-84.56588498455906, 41.35558754185174], [-84.56516414575897, 41.35341841182114], [-84.56448393604596, 41.352054771204855], [-84.56135551078548, 41.35064485353803], [-84.55722230127893, 41.350530697657504], [-84.55303132144078, 41.34926568135282], [-84.54957487316558, 41.34740374123738], [-84.54690489597571, 41.34598059096599], [-84.54654193709536, 41.344838424544314], [-84.54627396344539, 41.34254124778988], [-84.54738545317494, 41.34032061991648], [-84.54884251547776, 41.33889692533838], [-84.54955948095922, 41.33795492440352], [-84.55011803087281, 41.33690212940022], [-84.55038286738912, 41.3360880471912], [-84.54940365620627, 41.33484794268351], [-84.54627055700493, 41.333322537785364], [-84.54347162565081, 41.33236386867069], [-84.54144734503681, 41.33161391851878], [-84.53774439206231, 41.33091089982974], [-84.53403576970948, 41.33009269220122], [-84.53153661407234, 41.32901014005514], [-84.52963648056628, 41.32768035269747], [-84.52851663241422, 41.32667447811446], [-84.52782021117986, 41.324965371437195], [-84.52757587414347, 41.323128416070865], [-84.52895841777405, 41.320208952181645], [-84.52995768265899, 41.31879823263204], [-84.53158445021306, 41.31771568991662], [-84.5341208980578, 41.316492467512155], [-84.53869250645167, 41.31624938423484], [-84.54309998726306, 41.31578025155924], [-84.54628103926889, 41.31523012336445], [-84.54850622139105, 41.31390007855254], [-84.55020436384159, 41.31120193592321], [-84.55130367641307, 41.30875106002437], [-84.5522388087042, 41.30607430341793], [-84.55398859606093, 41.30441177804306], [-84.55563198185813, 41.3036741274848], [-84.55711122235813, 41.30271059453395], [-84.55782769765136, 41.30176851540603], [-84.55778722172379, 41.30096298006326], [-84.55737806823772, 41.29890018836775], [-84.55710991174948, 41.2966029444761], [-84.55822609230799, 41.29449720669603], [-84.56224594517111, 41.292424873484975], [-84.56387737285024, 41.291456948831375], [-84.5657500525002, 41.28921454395965], [-84.56714768561832, 41.286639792030016], [-84.56720165189545, 41.28467916758799], [-84.56797754082109, 41.2818914625821], [-84.5687707631726, 41.27944898023623], [-84.5700039951474, 41.2766483250849], [-84.57172358896995, 41.274410109013075], [-84.5757186235221, 41.271876977700245], [-84.58028834759408, 41.268635948692776], [-84.58297458890783, 41.26740732692735], [-84.58661631180516, 41.26695821377436], [-84.590269654349, 41.26673914693318], [-84.59271493256256, 41.26678483780373], [-84.59533604748911, 41.26728644932931], [-84.59874292697725, 41.26822658764645], [-84.60248411031277, 41.26973331488626], [-84.60546894578064, 41.27137677519249], [-84.6098144908341, 41.27275077445463], [-84.6141778319484, 41.27446984406286], [-84.61730975650457, 41.275993562277776], [-84.62030110189089, 41.27775172155338], [-84.62287635038174, 41.280328461073275], [-84.6249825091498, 41.28268812793595], [-84.6267838055314, 41.28505651615643], [-84.62729438943602, 41.28607904217877], [-84.62907815307574, 41.28810216624118], [-84.63096730681491, 41.28920028195526], [-84.63295587279232, 41.28925831320847], [-84.63490898099913, 41.28862586863738], [-84.63666815322075, 41.28719226895584], [-84.63673196538642, 41.285461765060305], [-84.63586895229608, 41.283527470528576], [-84.63317013653531, 41.2815307793106], [-84.63095256101747, 41.279981164923825], [-84.62904006275281, 41.27842273956568], [-84.6274208282206, 41.27662536679793], [-84.62592468973911, 41.27424821064908], [-84.62459880322825, 41.27221188060128], [-84.62285091307993, 41.270879119818076], [-84.61938474777679, 41.26878890064198], [-84.61564324596301, 41.2672826974037], [-84.6114503917021, 41.26590453998398], [-84.60848324233352, 41.26460645295112], [-84.60644266481373, 41.2635123164425], [-84.60546347622618, 41.26227259022443], [-84.60432015799923, 41.260807051458116], [-84.60394498402555, 41.259434818379226], [-84.6044962087534, 41.25826662375071], [-84.60537573270781, 41.25755003089909], [-84.60640768072146, 41.25682907575466], [-84.6078852043949, 41.25586488293037], [-84.61015420441299, 41.255454263942816], [-84.6160173786131, 41.25666936743342], [-84.62174008701038, 41.25811871430486], [-84.6295972918135, 41.25950641661172], [-84.63685092686195, 41.26102625886891], [-84.6445681636469, 41.26264752713922], [-84.65201053495794, 41.26485250204418], [-84.6592890235108, 41.266831285594655], [-84.66595807044038, 41.26882735096254], [-84.6716947796567, 41.27050445508307], [-84.67658269952443, 41.2734737588525], [-84.67864861426928, 41.27502698804583], [-84.68072060794593, 41.276695252410434], [-84.68201830061595, 41.27815559251404], [-84.68486756310057, 41.27715040419576], [-84.68786322469178, 41.27602561667839], [-84.68982745445673, 41.27562242062705], [-84.69194413856522, 41.27521472859231], [-84.6946887295565, 41.27513434808419], [-84.6965304773713, 41.27531087038173], [-84.70120712549752, 41.27713291309935], [-84.70521802558666, 41.28081831421017], [-84.70870550012563, 41.28325124992518]], [[-84.63423671346578, 41.32609892828262], [-84.63225299046613, 41.3261559913109], [-84.62998769554925, 41.326682074091785], [-84.62648979207647, 41.327013026863746], [-84.62347911861104, 41.32790610064469], [-84.62021616617992, 41.32984347982624], [-84.61833827018762, 41.33197158121954], [-84.61766938974588, 41.33383455721163], [-84.61803935745831, 41.33509158924468], [-84.61860316480683, 41.337149737257825], [-84.61993012564987, 41.339186018411866], [-84.6210868622948, 41.340881447360225], [-84.62362257151662, 41.33965636756967], [-84.62586474524147, 41.33867013255222], [-84.62867600732233, 41.336860836228205], [-84.63060097174869, 41.33565313879706], [-84.63191541809269, 41.33446296194095], [-84.63543615841007, 41.33159593356231], [-84.63610453595929, 41.32973285587729], [-84.63602171905588, 41.32812187860186], [-84.63550477907175, 41.32698435697419], [-84.63423671346578, 41.32609892828262]]], [[[-84.67756848363872, 41.45098646502611], [-84.68143973983673, 41.448915897623266], [-84.68366587982639, 41.4475841573966], [-84.68562241024893, 41.44695131426763], [-84.68819618145328, 41.446415643105595], [-84.69002994803215, 41.44636221497698], [-84.69159424910534, 41.44700771189515], [-84.6928830950729, 41.44823713636009], [-84.6937014634769, 41.44924990793103], [-84.69346819314322, 41.45063890185006], [-84.6918956475772, 41.4527580416244], [-84.68955281647052, 41.45478441761353], [-84.68603530093519, 41.45776638665168], [-84.68268235358458, 41.46097381322994], [-84.67928703440349, 41.46337609718393], [-84.67620319668359, 41.46588441488822], [-84.67367659516806, 41.46733986775363], [-84.67101500623438, 41.46914471239951], [-84.66787669805686, 41.47061775592277], [-84.66343750069736, 41.4706310062319], [-84.6576523357944, 41.471258844052116], [-84.6538544130775, 41.47182912101538], [-84.65005046716372, 41.47228427198319], [-84.64686392666997, 41.472836715744094], [-84.64532921857872, 41.472765687918965], [-84.64376476577212, 41.47211960716332], [-84.64232347987453, 41.47089407822404], [-84.6417875659966, 41.46941216531714], [-84.6434911085446, 41.46682928486765], [-84.64496022013249, 41.46563525654078], [-84.64746950252858, 41.46383537934612], [-84.65210068084602, 41.461628766898215], [-84.6583949362943, 41.459028414190136], [-84.66333111670068, 41.456812534907655], [-84.66766762039916, 41.454844166675194], [-84.67306168708005, 41.45261460544928], [-84.67756848363872, 41.45098646502611]]], [[[-84.6740264932143, 41.515128114894104], [-84.67320162344726, 41.51400028037226], [-84.67268870909989, 41.51297857661855], [-84.67337548713179, 41.51146141743287], [-84.6751209185322, 41.50968321526339], [-84.67733112347535, 41.50800667432872], [-84.67832364539514, 41.506480605184755], [-84.68076136608784, 41.50330011147253], [-84.68307601673244, 41.500699007768596], [-84.68453312215664, 41.4992745372095], [-84.68616116611571, 41.49819059887817], [-84.68781326075835, 41.49756664480897], [-84.6900951190122, 41.497269860661795], [-84.69178938078792, 41.49745086378089], [-84.69214953106092, 41.4984769658024], [-84.69238089372506, 41.49996752746971], [-84.69144307185029, 41.502528723157894], [-84.69073265931706, 41.503585997242105], [-84.68854703787026, 41.50572278957188], [-84.68666718172568, 41.50785064043859], [-84.6857916393813, 41.508682329942594], [-84.68361774030697, 41.511049022219254], [-84.68187249526284, 41.512827344726766], [-84.68012715931496, 41.51460563915166], [-84.67861552845322, 41.51499503570572], [-84.67756278581355, 41.51537110147786], [-84.6765040230864, 41.5156321584951], [-84.67543323884163, 41.51566320717104], [-84.6740264932143, 41.515128114894104]]], [[[-84.74920624219212, 41.52582574258202], [-84.74818437246103, 41.52677739227148], [-84.74498384076763, 41.52710240297593], [-84.74161192974303, 41.5270868628165], [-84.73912738917116, 41.526469164080076], [-84.73707741200849, 41.52537789500731], [-84.73352817922289, 41.52490666056421], [-84.73149664397397, 41.524160282277954], [-84.72855944804263, 41.523670876875464], [-84.72717040474, 41.52348139525135], [-84.72592216739137, 41.52305740670872], [-84.72480256537521, 41.522168922716546], [-84.72451560634494, 41.519643497718505], [-84.72741664229866, 41.51656360832548], [-84.73039060511385, 41.51486360329774], [-84.73308291432444, 41.51363252573056], [-84.73550585584258, 41.51310038950499], [-84.73901780709994, 41.512881592084575], [-84.7404066676389, 41.51307093956971], [-84.74301921135265, 41.513224114368434], [-84.74583985177635, 41.514407674056784], [-84.7480793778449, 41.51618425396273], [-84.74954804107857, 41.517868439401205], [-84.74976846320804, 41.51912886043899], [-84.75049689105887, 41.52129565261693], [-84.74983625397476, 41.523273214342204], [-84.74920624219212, 41.52582574258202]]], [[[-84.59420822977313, 41.530083433812216], [-84.59316693191423, 41.52769437637814], [-84.59362631925738, 41.524686987731094], [-84.59801633174929, 41.52064687143463], [-84.60266471655088, 41.5186722912456], [-84.60643031986285, 41.517413634236156], [-84.61083717204099, 41.51671246108182], [-84.61373780498087, 41.51651471434873], [-84.61588536127886, 41.51656870270618], [-84.61727986293174, 41.51687446624771], [-84.61826273234188, 41.5181133191714], [-84.61787471651296, 41.51950643057916], [-84.61579794516106, 41.52083250202135], [-84.61309143511717, 41.52183095578211], [-84.61119108686951, 41.52361259646714], [-84.60986723792024, 41.52468678753366], [-84.60823146053397, 41.525654661246755], [-84.60649566227875, 41.52766187521517], [-84.60443019832448, 41.52921774461262], [-84.60111704587348, 41.530348302659995], [-84.59822754452546, 41.53077574787958], [-84.59716823990702, 41.531036106589966], [-84.59578528677426, 41.53096011895463], [-84.59420822977313, 41.530083433812216]]], [[[-84.76790300990054, 41.54588743645837], [-84.7642619709492, 41.54945091335072], [-84.7620956329729, 41.551933914734], [-84.75943922346856, 41.5538555390063], [-84.75703344466162, 41.55473310581386], [-84.75508062403557, 41.55548202775027], [-84.75323168565103, 41.55530645457047], [-84.75166431000814, 41.554661825798064], [-84.75039079423262, 41.553778134797724], [-84.74941114471196, 41.55265539092092], [-84.74947217149607, 41.55092598448668], [-84.74983927420104, 41.549187517866464], [-84.7512776177208, 41.547417338594585], [-84.75162624539999, 41.545333883799735], [-84.75229932238652, 41.54358633850869], [-84.7515521862933, 41.54107462301985], [-84.75070117271773, 41.53948737249829], [-84.75015622959914, 41.537891055693834], [-84.75017428363982, 41.53535667008928], [-84.7504005512185, 41.53385269345393], [-84.75196701214887, 41.53161797476064], [-84.75416377677132, 41.52971007749707], [-84.75847771996412, 41.52727862214424], [-84.76266298854802, 41.525311528557005], [-84.76605230701685, 41.52279206505967], [-84.77152132983701, 41.51905878688572], [-84.77700828828783, 41.515670230909734], [-84.78086165763803, 41.51325163216565], [-84.78631672215487, 41.50928765979253], [-84.79161821411545, 41.50532800789461], [-84.79726842682628, 41.50216389483688], [-84.80011198281872, 41.500926720140946], [-84.80446310814297, 41.49766001608918], [-84.80446797780844, 41.498295774013116], [-84.80446755087485, 41.500067345515056], [-84.80446560155316, 41.500945612624164], [-84.8044653732931, 41.50258672383589], [-84.80447984792447, 41.503860100597244], [-84.8044795576828, 41.50572628757646], [-84.80449366641827, 41.50978246119654], [-84.80450781695528, 41.51294390631452], [-84.8045440830684, 41.51518879959723], [-84.80454388066194, 41.51622618770911], [-84.80455833342447, 41.51723062078166], [-84.80456530173473, 41.518261575535135], [-84.79939536842464, 41.52168070257669], [-84.7917011252967, 41.526748900400165], [-84.7850581588043, 41.531439597071625], [-84.77970478755753, 41.53447892413733], [-84.77544673887104, 41.53794605018601], [-84.77107842679192, 41.542222513432506], [-84.76790300990054, 41.54588743645837]]], [[[-84.69961027765046, 41.541334577775785], [-84.6985832629664, 41.539291443758266], [-84.69832139038408, 41.53722598084295], [-84.69823068552964, 41.53550103863145], [-84.69947471821686, 41.5329309392118], [-84.70210776701532, 41.530550605106484], [-84.70478303278972, 41.52897518504219], [-84.70702343835762, 41.52787311520836], [-84.7083640090794, 41.52714285489304], [-84.70986360782987, 41.5265230975806], [-84.7113813837705, 41.526248311075015], [-84.71297199737641, 41.527353462763614], [-84.71287971229249, 41.528507908068], [-84.71221792040093, 41.53048525155393], [-84.71085781352116, 41.53374994227589], [-84.70916121982262, 41.53644858541503], [-84.70700543253463, 41.53916062303153], [-84.7048010061565, 41.540952653249455], [-84.70331921226479, 41.541917325536936], [-84.70153131938795, 41.54289091476291], [-84.69961027765046, 41.541334577775785]]], [[[-84.59350310431692, 41.56730208281847], [-84.5938742685816, 41.565564117035095], [-84.5967064869031, 41.56398680725024], [-84.60261781302401, 41.5626676107832], [-84.6091943059409, 41.56236570297949], [-84.61271509957231, 41.5622655810171], [-84.61608871631887, 41.56228471380034], [-84.61794338763458, 41.56257737647812], [-84.61936842057176, 41.5634580887808], [-84.62006358648951, 41.56505059107878], [-84.61982250976861, 41.5663242861059], [-84.61749730829104, 41.56880902409846], [-84.61438872180803, 41.57097051163338], [-84.61083243730396, 41.57337496771545], [-84.60834176174613, 41.57563387375395], [-84.60570370258971, 41.5780120665891], [-84.60340115232025, 41.58095649059237], [-84.60091584087034, 41.58333022363822], [-84.59780606723169, 41.58549125598177], [-84.59511436082587, 41.586834235210276], [-84.59329437462664, 41.58723120512174], [-84.59206342135448, 41.58715084864776], [-84.59049685243141, 41.586504154087116], [-84.58938384197731, 41.58572946615821], [-84.58885404348098, 41.584362486495], [-84.58953753665334, 41.582730907947116], [-84.59070383983666, 41.58154632829393], [-84.5917169828173, 41.580366064907594], [-84.59328969434712, 41.57813349872454], [-84.59470331752071, 41.57579024300058], [-84.59537483114218, 41.57392862385094], [-84.59513357918846, 41.57220799708405], [-84.59428582460761, 41.570619694270405], [-84.59373842410638, 41.568907722975425], [-84.59350310431692, 41.56730208281847]]], [[[-84.79062796664796, 41.56651678968305], [-84.7910644472395, 41.56892237980002], [-84.79178851065703, 41.570973836858634], [-84.79203471870308, 41.572694069732016], [-84.79273401287975, 41.574285564547345], [-84.79295541625359, 41.57554584150944], [-84.79186101221038, 41.57799722906829], [-84.78975061813179, 41.58151553861587], [-84.7876710165943, 41.5856087313076], [-84.78658246186407, 41.58817503329205], [-84.78624708253176, 41.59048847743688], [-84.78667736097539, 41.59277904310602], [-84.7878919837618, 41.59539167822651], [-84.78857900465081, 41.596753192696795], [-84.78896596258257, 41.59823884253635], [-84.78919358001446, 41.599614082480564], [-84.7889431268406, 41.600658100672355], [-84.78839876362206, 41.60194124089345], [-84.78683808393204, 41.6042912667041], [-84.7857057950801, 41.60605262590199], [-84.78473901595655, 41.60803936726356], [-84.7843910789747, 41.610122794669955], [-84.78525615782401, 41.61193967153969], [-84.78716874934155, 41.61326458226504], [-84.78892202348308, 41.61447905583078], [-84.7898907980834, 41.61537145070765], [-84.79027789023188, 41.61685707004589], [-84.7900398083337, 41.61813103854652], [-84.78843536915457, 41.6196761709194], [-84.78605245251696, 41.621014186931994], [-84.78378545195103, 41.62165768785609], [-84.78183100939971, 41.622406991643984], [-84.7778539165455, 41.622640693180216], [-84.77478983911085, 41.622731926216154], [-84.77199508825838, 41.622124071255875], [-84.77026662272795, 41.62136929490606], [-84.76883224793104, 41.620375422455744], [-84.76800453094705, 41.61924834543187], [-84.76770321901724, 41.61649328562794], [-84.76924014248398, 41.6136835986329], [-84.77037915824592, 41.61203739139219], [-84.77138347312088, 41.61074067953225], [-84.77145017236704, 41.60912634124311], [-84.77200108926523, 41.60795827124229], [-84.77084243077977, 41.606380373264294], [-84.77045582119024, 41.60489467757949], [-84.77069422252418, 41.60362073189559], [-84.77123275616889, 41.6022226885257], [-84.77205286932497, 41.60035558644227], [-84.77107219043835, 41.59923306537526], [-84.77040401612808, 41.59821641273403], [-84.77061769758153, 41.596482515140224], [-84.77083754277535, 41.59486360046534], [-84.77013237515715, 41.59315702427553], [-84.76928028012665, 41.59156998094867], [-84.76892464291166, 41.59065919319498], [-84.76913833833616, 41.58892528577795], [-84.7702152153954, 41.586129169197896], [-84.77178840237369, 41.58400929193522], [-84.77306762088615, 41.582128480725586], [-84.77389362086441, 41.58037631775727], [-84.77437629400212, 41.57794333888781], [-84.77474291082699, 41.57620484073695], [-84.77448476820818, 41.57425460256752], [-84.7728673486226, 41.57269035234006], [-84.77138457171054, 41.57077655629873], [-84.77082655097016, 41.56895040068019], [-84.77156602328793, 41.565588381847505], [-84.77246466560823, 41.562336780256125], [-84.77290403814128, 41.55909883620913], [-84.77360624750304, 41.55504683130963], [-84.77440102220781, 41.55271966667105], [-84.77555125395068, 41.551303295500325], [-84.7770987493077, 41.54872331447202], [-84.77976064750737, 41.546916283197284], [-84.78258162416633, 41.54521961103735], [-84.78492480261336, 41.54319161733896], [-84.78602509322789, 41.54085520314516], [-84.78765679497438, 41.53700557849543], [-84.79007192769484, 41.53347799741119], [-84.79298923705379, 41.53074155129303], [-84.79535644938177, 41.529173295851294], [-84.79959050642344, 41.5281248644813], [-84.80463924379748, 41.52722359391962], [-84.8046444073465, 41.52874047374554], [-84.80465881931599, 41.53033772352665], [-84.80467329643072, 41.530809769883476], [-84.8046660106932, 41.531067672084795], [-84.8046803650884, 41.5328295621635], [-84.80470929926389, 41.53485490521682], [-84.80473085936497, 41.536825346190184], [-84.80474522636533, 41.53862569331926], [-84.80476684088177, 41.54071132933949], [-84.80478855079406, 41.54236896993084], [-84.80481009888693, 41.54428996166584], [-84.80483184011707, 41.54619456438394], [-84.80487538098467, 41.54806076418861], [-84.80489821244981, 41.54969684221126], [-84.8002843407244, 41.55229127232952], [-84.79732910984723, 41.55433790293075], [-84.79519487978521, 41.55739643171518], [-84.79378851356446, 41.559742061982504], [-84.79206350233635, 41.56186685762497], [-84.79111615147367, 41.56419869981762], [-84.79062796664796, 41.56651678968305]]], [[[-84.64691439256303, 41.57729584382264], [-84.64718679180777, 41.5795913285985], [-84.64755863919066, 41.58084746394114], [-84.64808362029702, 41.58209919671124], [-84.64814925225626, 41.58336412690724], [-84.6464489439782, 41.586061765392756], [-84.64425929277952, 41.58819759356373], [-84.64202184902571, 41.58941343242007], [-84.63901862681558, 41.590651173676754], [-84.636739372031, 41.59106196002351], [-84.63503104061559, 41.59065021686698], [-84.6330223931062, 41.590362205302085], [-84.631184717458, 41.590414762851886], [-84.62907043449914, 41.59105101337305], [-84.62651447604927, 41.59204532676901], [-84.6239940036885, 41.59372954745514], [-84.62204454730035, 41.594591290844555], [-84.6211315707098, 41.59473248338792], [-84.61990636931716, 41.59476740439763], [-84.6188047262033, 41.59422298096706], [-84.62016452427495, 41.590844516405696], [-84.62320273279954, 41.58730298901525], [-84.6266002492858, 41.58478757947873], [-84.62998564329685, 41.58204207944263], [-84.6328817179456, 41.57873464702234], [-84.63477709161972, 41.57683776225506], [-84.63588900055579, 41.574617784759845], [-84.63741850063941, 41.57157966588007], [-84.63930164830228, 41.569452706326054], [-84.64179702755904, 41.5673081462657], [-84.64417491787552, 41.5658579000255], [-84.64687079352997, 41.564628799828974], [-84.64930218408249, 41.56421341132201], [-84.65114511007272, 41.564275573265135], [-84.65271174311927, 41.564921496307925], [-84.6535249413922, 41.56581942634442], [-84.65390280534264, 41.567190553610786], [-84.65337409715002, 41.56881811179756], [-84.65192680216377, 41.57047209828434], [-84.6496026287137, 41.572957442840845], [-84.64759046113122, 41.57554893301648], [-84.64691439256303, 41.57729584382264]]], [[[-84.67539357703333, 41.59409474275761], [-84.67412633532999, 41.59332527491693], [-84.67328849856254, 41.59196754156704], [-84.67297911700857, 41.58898219287944], [-84.67344741716649, 41.58620466088926], [-84.67479833716567, 41.582710566356155], [-84.6752184243178, 41.57901306966405], [-84.67541642667076, 41.57693433011778], [-84.67508898647662, 41.57360396449522], [-84.67613940302826, 41.57023367520459], [-84.67888567175707, 41.56704453608119], [-84.6811096835266, 41.5655980031001], [-84.68352885061404, 41.56495193949545], [-84.6858853230359, 41.566035180067104], [-84.68879766134326, 41.56894491144664], [-84.6893836574366, 41.57134640781294], [-84.69029400238428, 41.57408396688514], [-84.69056181092358, 41.576264367889465], [-84.68988683575726, 41.57801151689196], [-84.68859937756623, 41.579776466004546], [-84.68821848151816, 41.58128471346235], [-84.6887261071046, 41.582191293922605], [-84.69001141821126, 41.5833055915884], [-84.69295694741717, 41.583910896053304], [-84.69725643080439, 41.584016011845655], [-84.69942433694408, 41.58441348517356], [-84.70085087756301, 41.58529321867617], [-84.70198937670355, 41.5865268430101], [-84.70254569406988, 41.58835328389678], [-84.70153435104612, 41.589534464405105], [-84.69992859289403, 41.59107846943584], [-84.6984335366604, 41.591813056698825], [-84.69693239853072, 41.592432634871926], [-84.69413355992597, 41.59170798371101], [-84.69319055476203, 41.59127476808734], [-84.68962612204493, 41.59057229481762], [-84.68731700826648, 41.59040907981974], [-84.68485476960718, 41.59025026735847], [-84.68258785527269, 41.59089189881312], [-84.68017378054755, 41.59165291921792], [-84.67913190256333, 41.59225895413508], [-84.67689494738636, 41.59347543257944], [-84.67539357703333, 41.59409474275761]]], [[[-84.71157875733887, 41.60547948877981], [-84.71345932733311, 41.60623062620388], [-84.71581770166944, 41.607313240549075], [-84.71700551907084, 41.60946659632785], [-84.71784444134377, 41.610824003801966], [-84.71713330988216, 41.61188132563858], [-84.71608536760797, 41.61237267992162], [-84.714865980228, 41.6125235484583], [-84.71273963702654, 41.61293127265859], [-84.71060719376837, 41.61322397222447], [-84.70682001934658, 41.61414079850862], [-84.70347412609684, 41.614699134367726], [-84.69939855768978, 41.61596962870946], [-84.6963649531768, 41.616633824497605], [-84.69361349653487, 41.61682907879455], [-84.69218034567952, 41.61583429891689], [-84.69134791500409, 41.6145917080007], [-84.69190024375575, 41.61342400758167], [-84.69293024215479, 41.61258789871412], [-84.69407711931106, 41.61105739315686], [-84.69611276667193, 41.60892517185474], [-84.69834383235654, 41.60759336777556], [-84.70012741088807, 41.60650489603255], [-84.70222332992628, 41.605522448857016], [-84.70539135521301, 41.60450866201704], [-84.7078480872909, 41.60455206608303], [-84.709557206123, 41.60496277568497], [-84.71157875733887, 41.60547948877981]]], [[[-84.55029660306579, 41.613428933624874], [-84.55176247215981, 41.61511536404417], [-84.5518031206488, 41.61592032774934], [-84.54807747548244, 41.61809712729526], [-84.5447880471679, 41.61980102220538], [-84.54112255038726, 41.620133417876474], [-84.53819416151163, 41.61986942544485], [-84.53478882519714, 41.619273147225435], [-84.53126497439585, 41.619370997618105], [-84.5280071664845, 41.61865528069264], [-84.52506160562876, 41.61804598326895], [-84.52209882636917, 41.6170916256273], [-84.51978346637848, 41.61681022341962], [-84.51852331147222, 41.61615414025916], [-84.51799469744756, 41.614786890018614], [-84.51960513081166, 41.61324533427757], [-84.52262878582572, 41.61235557170736], [-84.52612923290233, 41.61179798634186], [-84.53057186323728, 41.61167478064221], [-84.53424851067875, 41.6115726940234], [-84.53883851974447, 41.61132993287802], [-84.54346325120854, 41.61177697172352], [-84.54640870561519, 41.612385825257455], [-84.54811704562141, 41.61279881034005], [-84.55029660306579, 41.613428933624874]]], [[[-84.66596441830964, 41.639741313131914], [-84.66823911935117, 41.639215008656365], [-84.67036654859349, 41.63880807573398], [-84.67221752294739, 41.638984897797805], [-84.67394533568178, 41.63974105471153], [-84.67522547307831, 41.64074046165562], [-84.67562826165572, 41.64257136548542], [-84.67508745263694, 41.64396893024881], [-84.67305611484505, 41.646215712265644], [-84.6714543875073, 41.64787424165301], [-84.67047167261778, 41.64963002141558], [-84.67054379557214, 41.65100984233218], [-84.67141837542252, 41.65305742595667], [-84.672764884198, 41.655321675843396], [-84.67332699549534, 41.657263114485005], [-84.67282812693735, 41.659465537042024], [-84.67155672659887, 41.66157511888486], [-84.66918809670359, 41.663255738653014], [-84.66737851343532, 41.66388376109633], [-84.664171156691, 41.66420659382472], [-84.66140569438332, 41.664171140606435], [-84.65922348747483, 41.66354304958453], [-84.65658740546148, 41.66304313567548], [-84.6540867116889, 41.66219380319892], [-84.6523286472601, 41.66086245577097], [-84.65021624928943, 41.65862000565456], [-84.64766204617116, 41.656735668936165], [-84.64432963278773, 41.65464328082723], [-84.6413039815443, 41.652542014697396], [-84.63908063098069, 41.651108648735054], [-84.63686332741965, 41.64979022681019], [-84.63498835046613, 41.64915291867345], [-84.63412086401844, 41.64722005126644], [-84.6346849161702, 41.643288565371144], [-84.63463590519457, 41.63937459483171], [-84.6346582812994, 41.636840470888835], [-84.63469255254694, 41.63453631800168], [-84.6339071316945, 41.631219171682936], [-84.63415272518331, 41.627066412116825], [-84.63686754036034, 41.62318845853984], [-84.6393292326864, 41.62035411792301], [-84.6416851902514, 41.618444032407275], [-84.64407082918535, 41.61710884821191], [-84.64617384782332, 41.61624237111408], [-84.64890750392033, 41.615703224604815], [-84.65184211608357, 41.61607953050972], [-84.65447036715653, 41.61646458153681], [-84.65664503932763, 41.61697779796224], [-84.65759415328377, 41.6175262769098], [-84.65748883748272, 41.61845060330458], [-84.65679464374001, 41.619852530664964], [-84.65430977380196, 41.62222727135197], [-84.6522724219036, 41.624358763208285], [-84.65070057595491, 41.626591996447466], [-84.65045387960157, 41.627750689041946], [-84.65254739422726, 41.62964823766775], [-84.65414544745167, 41.63086904211321], [-84.6555663923717, 41.6316342819754], [-84.65638042420663, 41.63253213536594], [-84.65625711460703, 41.633111484315364], [-84.65585126833145, 41.63415960311428], [-84.65532208718017, 41.63578706599039], [-84.655264578958, 41.63763127266136], [-84.65656235982844, 41.63897584032652], [-84.6589209630349, 41.64005952849094], [-84.66094916437345, 41.64069205582016], [-84.66416142834251, 41.640484287994695], [-84.66596441830964, 41.639741313131914]]], [[[-84.53813435551389, 41.65833243225111], [-84.53726950033617, 41.656398888565846], [-84.53688770373171, 41.65491252335767], [-84.53878786754593, 41.653017279298254], [-84.54253310174515, 41.6511858118576], [-84.54598897948053, 41.64970774113948], [-84.54960378817738, 41.64834028596164], [-84.5522871996728, 41.6467684140059], [-84.5546348805877, 41.64463008688681], [-84.55657498541407, 41.64353948666137], [-84.55869739387892, 41.64301952493382], [-84.56040657627808, 41.643432324092984], [-84.56082376966587, 41.64560857795503], [-84.56032717466961, 41.647925552920576], [-84.5593590642296, 41.65002540310692], [-84.55851507014765, 41.651546002574364], [-84.55615563759365, 41.653454409826736], [-84.55303543183773, 41.655499158196754], [-84.54870608777104, 41.6579229917287], [-84.54540895244196, 41.65951184874257], [-84.54375163132673, 41.66013375734958], [-84.54192359401316, 41.66041493767687], [-84.54040214856882, 41.66068756362039], [-84.53884595717098, 41.66027022780234], [-84.53813435551389, 41.65833243225111]]], [[[-84.714954245269, 41.68380568669192], [-84.71511480955716, 41.6810372165934], [-84.7162014411572, 41.67835680659152], [-84.71852678040064, 41.67587043506695], [-84.72104795347641, 41.67418438030188], [-84.72370401400944, 41.67214883529251], [-84.72700981071574, 41.67078511124401], [-84.73049935192144, 41.669991690724075], [-84.73341227957249, 41.669906079654474], [-84.73617801131655, 41.66993988940264], [-84.73772337798897, 41.670124726757926], [-84.73804837993495, 41.67046063831461], [-84.73839789168902, 41.671256466127055], [-84.738287462709, 41.6720658347346], [-84.73757600922481, 41.67312321411759], [-84.7361285431161, 41.67477804120362], [-84.73498765941929, 41.676423829423975], [-84.73357677527, 41.67876849266368], [-84.73292636088772, 41.68097562289829], [-84.7334536823964, 41.682226863047156], [-84.7334472065591, 41.68499084624251], [-84.73312178767239, 41.68753388148523], [-84.73196226530368, 41.68883468812073], [-84.72942722658996, 41.68956610734095], [-84.72677874392652, 41.68956266207074], [-84.72521464768661, 41.68903275506185], [-84.72287770197971, 41.68841032340179], [-84.72039354387142, 41.68790731588289], [-84.71759662499436, 41.687298254317334], [-84.71597784011472, 41.685733418953525], [-84.714954245269, 41.68380568669192]]], [[[-84.56790239825402, 41.694349721084265], [-84.5718492746359, 41.693433005509064], [-84.57511697349821, 41.69426247410517], [-84.57657348607985, 41.695718501366485], [-84.57730414341388, 41.69800095259558], [-84.57602320955874, 41.69999446894487], [-84.57165855124737, 41.7020496638672], [-84.57108564918929, 41.702063676038534], [-84.55659536309135, 41.702417180858404], [-84.55880265647988, 41.69967090876939], [-84.56084518650655, 41.69754114416398], [-84.56320018219394, 41.695517741888956], [-84.56790239825402, 41.694349721084265]]], [[[-84.40038379315479, 40.42064566415462], [-84.39960326175034, 40.42009006429615], [-84.39911309514945, 40.419295939051466], [-84.39915446497464, 40.41698805374244], [-84.39903427711026, 40.414453852756495], [-84.39910296074574, 40.41272191679781], [-84.39796121067282, 40.41090733858315], [-84.39530789131707, 40.4090182127681], [-84.3922192295316, 40.40748678444581], [-84.38928676042998, 40.40606640957842], [-84.38818348407247, 40.40505807550343], [-84.38736512492758, 40.40369604473889], [-84.386998607133, 40.4023218454769], [-84.3873796616982, 40.40081218036609], [-84.38882031976752, 40.399389314199254], [-84.39058389632724, 40.39841908236714], [-84.39373546996758, 40.398103421390374], [-84.39825872957867, 40.398096644742694], [-84.40268607171167, 40.39924568944958], [-84.40663439477318, 40.39983084847308], [-84.41103457686194, 40.40040362301333], [-84.41465440020043, 40.40042072714987], [-84.41720906092827, 40.40023599095991], [-84.41976370809921, 40.400051199869594], [-84.42274262404632, 40.39927810133354], [-84.42465081352147, 40.398188073260776], [-84.42791424784026, 40.39706106697544], [-84.43176337659042, 40.39557195563479], [-84.43490911388022, 40.395140011561864], [-84.43774259413654, 40.39448584040699], [-84.4398562856028, 40.39454335278983], [-84.44199210995735, 40.39506158910454], [-84.44292328426133, 40.395612793713646], [-84.44384340220162, 40.39593361043566], [-84.44416671825668, 40.39638611830605], [-84.44391536543722, 40.39743108260737], [-84.44263199945061, 40.39896568361105], [-84.44149364086213, 40.40038095616045], [-84.43900537392769, 40.40194849533165], [-84.43518365665446, 40.404013786199194], [-84.4320982048595, 40.40571282690772], [-84.42917423856076, 40.407638058565766], [-84.4263731885378, 40.408983161425034], [-84.42313668269422, 40.410686068545395], [-84.42003964667603, 40.41215440940664], [-84.41783524652098, 40.41336773162442], [-84.41568567388688, 40.41573291445881], [-84.41279923460634, 40.41846406219385], [-84.41138060684771, 40.42034796356268], [-84.41011802897891, 40.42234295258043], [-84.41002768248863, 40.423614125567205], [-84.41042766203687, 40.42567937560013], [-84.41220551754425, 40.428168613199006], [-84.41364924447123, 40.429974861027844], [-84.41461360073251, 40.431217411853225], [-84.41518639268392, 40.433739303665256], [-84.41541394295798, 40.435347858897245], [-84.41497048715819, 40.4387046928655], [-84.4129871845181, 40.44141126743592], [-84.4117571878906, 40.444097379649456], [-84.41097370481803, 40.44665603394516], [-84.41017919598869, 40.4489843028536], [-84.4092284436441, 40.45120145747262], [-84.40814336138747, 40.45376824643559], [-84.40659508531941, 40.45611688338133], [-84.40455073044693, 40.45755622411698], [-84.40295299251065, 40.45886811868478], [-84.40133878345638, 40.45983442719433], [-84.39987525849502, 40.46079664298139], [-84.398691290933, 40.46128995136161], [-84.39734564784334, 40.46155693924893], [-84.3959945328667, 40.46170872390051], [-84.39519173525576, 40.46069235635859], [-84.39464674119094, 40.45874634995938], [-84.39448297636325, 40.455290699220306], [-84.39565377414425, 40.451337708516064], [-84.39701337379265, 40.44818695249973], [-84.39812609857863, 40.4461962014458], [-84.39910992806028, 40.444670263179056], [-84.40008278071802, 40.44291393725854], [-84.40090489799631, 40.44116167339874], [-84.40034349614098, 40.43887010263248], [-84.39980399482958, 40.43703928417142], [-84.40048084304279, 40.43540627695822], [-84.40191101075337, 40.43375290164522], [-84.40272750349853, 40.43188542594375], [-84.40326998395506, 40.43060204126811], [-84.40425895309335, 40.4291912361774], [-84.40433299401327, 40.4275745020285], [-84.40470833784264, 40.42594961351512], [-84.40479878444653, 40.42467844632269], [-84.40459340522551, 40.423530621555535], [-84.40316645759529, 40.42206982811336], [-84.40147109060456, 40.421308304579874], [-84.40038379315479, 40.42064566415462]]], [[[-84.30195787664407, 40.4941935514793], [-84.30071204770981, 40.496648047793876], [-84.29972002036595, 40.49805793334318], [-84.29918571236112, 40.49957117191474], [-84.29787075932158, 40.50052817268252], [-84.29519836184916, 40.50152061188468], [-84.29355519101158, 40.50190948905293], [-84.29191200178653, 40.50229834345377], [-84.28974227550707, 40.50108628687076], [-84.28802508443349, 40.499862407423905], [-84.28677625479475, 40.498972307719065], [-84.28579739780182, 40.49738320084022], [-84.28542711171454, 40.49589357545385], [-84.2859088722087, 40.49322848856905], [-84.28790916328101, 40.49075450247837], [-84.28932199425012, 40.48864177407444], [-84.29059452656135, 40.48676334003115], [-84.29080618979279, 40.48479722865894], [-84.29177175503976, 40.48281145025476], [-84.29359958683635, 40.47988052057641], [-84.29545374632579, 40.47752551467683], [-84.29676299863978, 40.476453342439974], [-84.29837374316584, 40.47537327204487], [-84.29987079793217, 40.47510346253049], [-84.30137314707828, 40.47494882544036], [-84.30320887304103, 40.4754774214085], [-84.30538866301569, 40.47691961634705], [-84.30773526584673, 40.478703389000344], [-84.30915073220648, 40.47993489633924], [-84.30950016154809, 40.480963700325084], [-84.31017776655455, 40.48256054179729], [-84.31022565746888, 40.48359725496351], [-84.31012276414505, 40.48463792412781], [-84.30899094881535, 40.486282234043266], [-84.30694368972401, 40.48771987003052], [-84.30463725417815, 40.49008689018388], [-84.30293387376837, 40.49243807393271], [-84.30195787664407, 40.4941935514793]]], [[[-84.25781646921271, 40.52624809722294], [-84.25657278941688, 40.525472874064356], [-84.25515732977138, 40.524240758387776], [-84.25417361161483, 40.52253620162737], [-84.25381956348917, 40.5213920547585], [-84.25458874819095, 40.51837375016688], [-84.25555581788302, 40.5163882770998], [-84.25609120752048, 40.51487522790587], [-84.2567564857196, 40.51289751685432], [-84.25681310863918, 40.51082016509162], [-84.25491402575074, 40.508908545911545], [-84.25366023003465, 40.507902898187304], [-84.2527029173555, 40.50677427635046], [-84.25233851997629, 40.505399727861615], [-84.25260359676658, 40.50458560935359], [-84.25389310382432, 40.50305313812735], [-84.25595237836347, 40.501846793615705], [-84.2580272892279, 40.50098599198488], [-84.25922340529063, 40.50072447502058], [-84.26055985492434, 40.50022866628119], [-84.261922497048, 40.50030880726549], [-84.26345694437849, 40.50084580673273], [-84.26531930475075, 40.50195095048668], [-84.2672079809267, 40.50363202676657], [-84.26942468986502, 40.505881222787096], [-84.27116799272709, 40.50768132897955], [-84.27152225653492, 40.50882543360869], [-84.271871272447, 40.50985434456264], [-84.27221503850052, 40.51076806207654], [-84.27183613895204, 40.5123924707473], [-84.27098889163817, 40.513683023863116], [-84.26984516196694, 40.515096573028146], [-84.26942939122523, 40.515914629621555], [-84.2687066406, 40.51662530153337], [-84.26745923135434, 40.51907945160917], [-84.26607661834268, 40.5218830596425], [-84.26434490963494, 40.52365772427246], [-84.26274825249841, 40.52508289192841], [-84.26066219630007, 40.52571338154055], [-84.25917961834642, 40.52632826769007], [-84.25781646921271, 40.52624809722294]]], [[[-84.23081850535614, 40.533860621534465], [-84.2320882681559, 40.53186764671169], [-84.23250977423372, 40.53116492085242], [-84.23274920358706, 40.529774898671704], [-84.23112085981383, 40.527164048347714], [-84.22951859083314, 40.52512913493669], [-84.22827004824245, 40.52423842082647], [-84.22791641597951, 40.523094197356194], [-84.2283223462056, 40.52204590368817], [-84.23024215889133, 40.52107425875276], [-84.23140757608483, 40.52012186797377], [-84.23305673518378, 40.51984904746914], [-84.23426887405344, 40.51993336423932], [-84.23520527763552, 40.52060135569891], [-84.23631857722647, 40.5218414398671], [-84.23713537064303, 40.52320443330915], [-84.23737990624453, 40.525274032216714], [-84.23838928571526, 40.527554687192016], [-84.23905009355695, 40.52880633601035], [-84.2398409828669, 40.529593345434236], [-84.24185985664306, 40.530810163381446], [-84.24325437154815, 40.531581668072825], [-84.2448154610853, 40.532694856905174], [-84.24502374092803, 40.533958088523804], [-84.24509677923088, 40.53557076656114], [-84.24396779767179, 40.5373296205447], [-84.24341110720275, 40.53838182947465], [-84.2427034900148, 40.539437906169496], [-84.24106953474966, 40.5400564305228], [-84.23971133281123, 40.54009124262962], [-84.23731756639623, 40.54061385750667], [-84.23552221789318, 40.541005787001616], [-84.23386736582418, 40.54116344704504], [-84.23266005275894, 40.54119431889835], [-84.23123949002719, 40.53984673721038], [-84.2299646988468, 40.53838009099304], [-84.22972033856398, 40.536310493542686], [-84.23081850535614, 40.533860621534465]]], [[[-84.40004637175241, 40.726412773550344], [-84.3998531222656, 40.728723324218876], [-84.39906012569875, 40.73116534403287], [-84.39838559100674, 40.732912557888945], [-84.39755971431731, 40.73466385241042], [-84.39612308733872, 40.73631636102046], [-84.39244393521652, 40.73860566109189], [-84.38961796573093, 40.7397192086851], [-84.38661335508792, 40.74026117035239], [-84.38404633981528, 40.74044549428108], [-84.38179282995166, 40.74085186739124], [-84.38013915226401, 40.74112682359115], [-84.37874464812013, 40.74047268358651], [-84.37778783876976, 40.739460987595976], [-84.3769986632274, 40.73879057939002], [-84.37633910627115, 40.737655630563715], [-84.3776412119174, 40.736352778968886], [-84.38048354162626, 40.73558486878187], [-84.38289363680376, 40.73528957014621], [-84.38569231576096, 40.73360058447526], [-84.38729677607404, 40.732289481243534], [-84.3884690661398, 40.73145105621643], [-84.38914383665994, 40.729703896316636], [-84.38905120676546, 40.727746873043024], [-84.38865055605523, 40.725682878450044], [-84.3874826155781, 40.72340901129739], [-84.38559645302391, 40.72196132577483], [-84.38370493003713, 40.72039848903066], [-84.38021381576175, 40.7170343511903], [-84.37704727752215, 40.71412246578614], [-84.3760691529512, 40.712650254105355], [-84.3747994012848, 40.71141639054905], [-84.37443723002396, 40.71015817307356], [-84.37479879607648, 40.70818894007819], [-84.37665653328845, 40.70583374929217], [-84.38236486950896, 40.70164602109578], [-84.38724680119549, 40.699209274118246], [-84.39151803691695, 40.696673519192196], [-84.3947522444926, 40.69462667770361], [-84.39931989023309, 40.69196734892631], [-84.40124741658852, 40.691108331122734], [-84.40500036650681, 40.69043038820023], [-84.4080081507723, 40.690003069903156], [-84.41103782662718, 40.69003615971258], [-84.41348461177127, 40.69054608369293], [-84.41534854380764, 40.691532877173046], [-84.41770462759929, 40.693313149077326], [-84.41868336348443, 40.6947850379587], [-84.41904625750814, 40.69604313317912], [-84.41880426414428, 40.69731768101076], [-84.41854577580257, 40.69824686738242], [-84.41767137543967, 40.69896226181684], [-84.41633777380838, 40.69957486103888], [-84.41361562640684, 40.699648813484394], [-84.4104562264956, 40.7000803736334], [-84.4077504856304, 40.70049955299096], [-84.4053252853677, 40.70044999711023], [-84.40323537466713, 40.70108292837996], [-84.40069718422276, 40.70184321537777], [-84.39922853037992, 40.70280507434121], [-84.3973170352133, 40.704009414949496], [-84.39589195446658, 40.70589219513108], [-84.39466169698082, 40.708691836246835], [-84.39498211595956, 40.712256478492186], [-84.39623200782023, 40.716257085220995], [-84.39762785819939, 40.720138462157], [-84.39886711563224, 40.7239087816119], [-84.40004637175241, 40.726412773550344]]], [[[-84.28515187077349, 40.743493952428345], [-84.28447759137768, 40.74201239116727], [-84.28473259893482, 40.74096797726481], [-84.28619303915173, 40.73977698361371], [-84.2900960900553, 40.73898379146838], [-84.29250691132711, 40.73869051917898], [-84.29466286764398, 40.73944163548198], [-84.29611001336978, 40.74124896995729], [-84.29868053805441, 40.744410771973264], [-84.2998997185847, 40.747838357770405], [-84.29986548036905, 40.75037609642229], [-84.29897081761516, 40.75397401539188], [-84.2970482945589, 40.75829053042991], [-84.29393299644698, 40.75975528334978], [-84.28899559167478, 40.76115195385682], [-84.2857074093275, 40.76215973434429], [-84.28494515500134, 40.76206418875964], [-84.28461589221486, 40.761496180561764], [-84.28458941257942, 40.76092032317246], [-84.28486041223967, 40.760221445234656], [-84.28511551645137, 40.75917705154553], [-84.28595495174463, 40.75765626738181], [-84.28707060817989, 40.75555176230973], [-84.28833756877249, 40.75344331486381], [-84.28930701986606, 40.75145788380561], [-84.29029232097764, 40.749817956833226], [-84.2902392378425, 40.748666226380145], [-84.28959133444565, 40.74776056536822], [-84.28892222440511, 40.74639420701011], [-84.2868856545494, 40.7449480226518], [-84.28515187077349, 40.743493952428345]]], [[[-84.32575463377935, 40.762844226117316], [-84.32483019948447, 40.76252257213832], [-84.32432776799945, 40.761497969999475], [-84.3242419738815, 40.75965525373903], [-84.32484872867161, 40.75641062071576], [-84.32692619276949, 40.75220484538715], [-84.32813816171767, 40.74894425836806], [-84.32863615960716, 40.74662491172853], [-84.32882605256172, 40.74419834877001], [-84.327924299887, 40.741108609351556], [-84.32720080813846, 40.73859073928388], [-84.32601800636425, 40.73596961918169], [-84.32440813503788, 40.733936270936454], [-84.32280908032246, 40.73213324384328], [-84.32153418364504, 40.7307829435031], [-84.31874615784501, 40.72947231337992], [-84.31533693120159, 40.72783195081267], [-84.31162524361292, 40.726199406373254], [-84.30913486888412, 40.72476545595858], [-84.3074171277653, 40.72365721142798], [-84.30583474872164, 40.722199466822254], [-84.30590073583767, 40.720352723317276], [-84.30598271572511, 40.71885150156077], [-84.30833407337003, 40.71729098436656], [-84.30948569258172, 40.71599242146286], [-84.31110180766967, 40.71491232326036], [-84.31289052927265, 40.71428894145469], [-84.31500317288602, 40.71411830609546], [-84.31741302366358, 40.71382452748321], [-84.31953099613786, 40.713768986594346], [-84.32195153205542, 40.71370546527188], [-84.32425831496701, 40.714452089023226], [-84.32596000206084, 40.71521457614373], [-84.32954163359443, 40.7173113638147], [-84.33281013808273, 40.71918566520408], [-84.33497130459743, 40.72005123753886], [-84.33666786373958, 40.720698395636454], [-84.33804031408387, 40.72089282169194], [-84.34000179938683, 40.72072573657867], [-84.34302235491938, 40.72053063586701], [-84.34559980024191, 40.720577809716914], [-84.34941464625172, 40.72116874560069], [-84.35231635282732, 40.72166845098267], [-84.35536940113235, 40.72216407181478], [-84.35935198206177, 40.72309619156673], [-84.36302120843594, 40.7238058822551], [-84.36579897934679, 40.72488514031936], [-84.36797704268467, 40.72609562528685], [-84.36955537930675, 40.72743736959519], [-84.36992870828978, 40.7289265278441], [-84.37028029375338, 40.72995500026971], [-84.36897282541015, 40.731142996165445], [-84.36645474055058, 40.73236320687047], [-84.36421206547224, 40.7329994594597], [-84.36272054417367, 40.73350038491677], [-84.36134234965935, 40.733191073595286], [-84.35901285806243, 40.731984492296256], [-84.35715907588383, 40.73122650216044], [-84.35560797027638, 40.730460454752176], [-84.35392723307638, 40.730159085204455], [-84.35208978405893, 40.72974653018014], [-84.3505982452158, 40.7302473054073], [-84.34865272772896, 40.7307600790699], [-84.34776642298725, 40.7312447953979], [-84.34717734684689, 40.73160632645977], [-84.34708544141523, 40.732877218902544], [-84.34784741702728, 40.7362011773327], [-84.34839327707414, 40.73814707489493], [-84.34820408615214, 40.740573678039084], [-84.34740409572467, 40.74290112304163], [-84.34688514442824, 40.74475987004642], [-84.34529588882857, 40.74641628418447], [-84.34447953786494, 40.74839818890371], [-84.34397124902274, 40.750487254378186], [-84.34418195174119, 40.75175012070636], [-84.34512252063918, 40.75241713586417], [-84.34637664082415, 40.75330647738639], [-84.34732265227117, 40.75408864381071], [-84.35022030367766, 40.75447321505449], [-84.35492903260175, 40.75469440061581], [-84.35947557943649, 40.754689082559324], [-84.36311390172898, 40.75470773726011], [-84.36615760688564, 40.75497272966601], [-84.36859041355115, 40.75513860039326], [-84.37043950073922, 40.755781227378016], [-84.37199675736554, 40.75666223160694], [-84.37450587732762, 40.75844033171441], [-84.37807479998551, 40.76019008306574], [-84.37992956597937, 40.76094772830525], [-84.38147614506333, 40.76159827156868], [-84.38228765911357, 40.76272970469496], [-84.38280188058053, 40.76398439591857], [-84.38299149339164, 40.76478651492469], [-84.3825864565977, 40.765835161504874], [-84.38020779803418, 40.76682124483487], [-84.37525529294517, 40.76787597176167], [-84.36939966521165, 40.7690698529737], [-84.36295449777462, 40.770625043343586], [-84.35754723100183, 40.771691103190825], [-84.35414061553364, 40.773395779126595], [-84.35120430480727, 40.775433833355955], [-84.3491709443274, 40.777332612733346], [-84.34725648568792, 40.77853634783953], [-84.34627212131292, 40.7801767099695], [-84.34498484763023, 40.781825063863295], [-84.34465470326302, 40.78448590725651], [-84.34398926473527, 40.78646374327405], [-84.34348063030684, 40.78855274090644], [-84.34417817287571, 40.79049457595139], [-84.34443758566529, 40.792793903877396], [-84.34439949332636, 40.79521639374161], [-84.34386381827048, 40.7967295504447], [-84.34224087189233, 40.79769485830732], [-84.34120757383091, 40.7982986636632], [-84.34000661450065, 40.798560956237324], [-84.3389301671112, 40.798243413483476], [-84.3374047153861, 40.798053001061575], [-84.33554941869191, 40.797294715400064], [-84.3342354410243, 40.79513845581411], [-84.33338129472877, 40.79308538842013], [-84.33283548252378, 40.79113950875644], [-84.33284708579525, 40.788141179958885], [-84.33335066009235, 40.78593705968742], [-84.33382730284828, 40.7831570963116], [-84.33371970988598, 40.78085374369523], [-84.33348759384096, 40.77913021296193], [-84.3341209837058, 40.776461417123635], [-84.33525700050814, 40.77481716255442], [-84.33716618066416, 40.77349844835067], [-84.33879940327952, 40.77276352936888], [-84.34222254535744, 40.77140479429972], [-84.34460730165101, 40.770534638322026], [-84.3462187769135, 40.769338943855736], [-84.34754900036104, 40.76861190731427], [-84.34766258993203, 40.76780172651751], [-84.34714357846518, 40.766431719300655], [-84.3468083825365, 40.76574871592126], [-84.34509445127487, 40.76475622148941], [-84.34260743157469, 40.76343818674636], [-84.34123952080797, 40.763358989613714], [-84.33922833849368, 40.76248956991697], [-84.33755228775404, 40.76230314801438], [-84.3334809153212, 40.76275635115871], [-84.33015570144994, 40.76295916947546], [-84.32833901164078, 40.76300693894183], [-84.32713325070662, 40.76315393937327], [-84.32575463377935, 40.762844226117316]]], [[[-84.2647141755555, 40.80029209241795], [-84.263627520623, 40.799743533819274], [-84.26327193745122, 40.798599634842304], [-84.26260816346125, 40.79734835727885], [-84.2626596546004, 40.795156237887376], [-84.26404270169024, 40.79223802035108], [-84.26454324059092, 40.789919027029036], [-84.2644853307425, 40.78865215576676], [-84.26392570803215, 40.786360445293866], [-84.26338717150925, 40.78452941082272], [-84.26317258648176, 40.78315126069261], [-84.26296327142036, 40.781888279649706], [-84.26332812593631, 40.779918684204915], [-84.26493596458666, 40.77860892306156], [-84.26776041728824, 40.77738309333413], [-84.27015159200431, 40.77662959788906], [-84.27255854528444, 40.77622156669277], [-84.27406749614784, 40.7760672969308], [-84.27620326134584, 40.776358038151415], [-84.27731078764174, 40.7773671735207], [-84.27843949416071, 40.77883697936946], [-84.27836736864967, 40.780568449825395], [-84.27843081394096, 40.781950491634696], [-84.27806109330942, 40.783804960449636], [-84.27694998987648, 40.78602450992746], [-84.27568736557552, 40.788247958603066], [-84.27519249609212, 40.79068217086344], [-84.27440523411813, 40.7933545384625], [-84.27371129315758, 40.79475612414393], [-84.27255764476838, 40.79605426273313], [-84.27096537184856, 40.79770961789485], [-84.26951922292314, 40.79924587589337], [-84.26850108107881, 40.80019455914222], [-84.26714833587216, 40.80046002314815], [-84.26593652197937, 40.800491233137265], [-84.2647141755555, 40.80029209241795]]], [[[-84.47851217120548, 40.73878985590287], [-84.47994678719218, 40.74024862691442], [-84.4810676214898, 40.74148553683865], [-84.48226696227847, 40.744334022010584], [-84.4829619547489, 40.74615905663704], [-84.48408854673549, 40.74751104593062], [-84.486268906452, 40.74871852396478], [-84.48934050571522, 40.74955541108414], [-84.4907418495507, 40.75032336549892], [-84.49408249719029, 40.75046104592758], [-84.49724931003122, 40.750142398937804], [-84.50069059135724, 40.74923967778774], [-84.5038404414419, 40.748575536452506], [-84.50654187782338, 40.74803909527588], [-84.50820089376285, 40.74787751249161], [-84.51062786807633, 40.74792498870755], [-84.51278046030158, 40.74855643651081], [-84.51387374475567, 40.749217480052366], [-84.51590336906645, 40.75042865920909], [-84.51699669952187, 40.751089671253304], [-84.51809571370384, 40.751865783541376], [-84.5189543748727, 40.75391657945843], [-84.52055850177769, 40.755715941795145], [-84.52155163071615, 40.75741714210097], [-84.52295917777838, 40.75829983094831], [-84.52360997728998, 40.75920373080001], [-84.52367805024258, 40.76058504762458], [-84.52388614205793, 40.76173189855869], [-84.5227432997861, 40.76314717120979], [-84.52098926699261, 40.764464290693844], [-84.51949824598489, 40.76496713729159], [-84.51678491212942, 40.765273643784894], [-84.51483406921324, 40.765674030809656], [-84.51300629869617, 40.765494605423406], [-84.50860522883154, 40.76538702358068], [-84.50362688597053, 40.765871711385714], [-84.50031358611825, 40.76630983157035], [-84.49822253506858, 40.766944393129904], [-84.49705095454387, 40.76778387000298], [-84.49617084351947, 40.76838469215391], [-84.49504984420884, 40.77026014029819], [-84.49485959205464, 40.77257076197618], [-84.49420953129122, 40.774778896793784], [-84.49403611232714, 40.777434838927206], [-84.49441203241219, 40.77892284640593], [-84.49400845696503, 40.77997145811229], [-84.491659100981, 40.7815351925045], [-84.48869277128829, 40.78288546850484], [-84.48543472410589, 40.78447428410592], [-84.4815652595572, 40.78596467187412], [-84.47855934447186, 40.78650892567216], [-84.47540196375768, 40.787057288626784], [-84.47313627860085, 40.78723514975963], [-84.47093203720394, 40.788679177022715], [-84.46779682360396, 40.78968777745689], [-84.46449893854714, 40.79047024609153], [-84.46272640779402, 40.79144116516221], [-84.46076897446504, 40.791725563451536], [-84.45866009488363, 40.792014093336086], [-84.45646096074981, 40.79357295887411], [-84.45423392922072, 40.79455623164489], [-84.45132185469484, 40.79705666776364], [-84.44916680532579, 40.799536272984795], [-84.44715195696897, 40.80178146634809], [-84.44616389731614, 40.80330693340791], [-84.44263977367218, 40.80570862256768], [-84.44018120793231, 40.8081963369283], [-84.43828408046294, 40.80974656955736], [-84.43685788477877, 40.811629692197556], [-84.43576775017407, 40.81419518331162], [-84.43479584697641, 40.81606587088057], [-84.43414345188498, 40.81827361099798], [-84.43260415161325, 40.820966566760774], [-84.43057157015238, 40.82286612005698], [-84.42886396299315, 40.82521782056402], [-84.42717279037646, 40.82791481883604], [-84.42575142983625, 40.82991289322644], [-84.42408206921402, 40.83307027223723], [-84.4225255154568, 40.835417745288034], [-84.42153642827151, 40.83694297233099], [-84.42037373654725, 40.83801187205781], [-84.41919449499986, 40.83873543514642], [-84.41770115054004, 40.8392369934861], [-84.41497899029989, 40.839426079770654], [-84.41268945242432, 40.83914235541827], [-84.40950169401894, 40.83911341516005], [-84.40721218915752, 40.838829585964326], [-84.40553980902031, 40.83875954722702], [-84.40401348909896, 40.838570282002905], [-84.40261680542771, 40.83791646897716], [-84.3999695770484, 40.83648959480399], [-84.39777704346035, 40.835050402255696], [-84.39603917743283, 40.83359891636201], [-84.39385227965623, 40.832274758661754], [-84.39291038332847, 40.83160858427427], [-84.39239576824028, 40.83035461378069], [-84.392394430327, 40.82712744816709], [-84.39343177981864, 40.82341127082558], [-84.39543808308616, 40.82093679615697], [-84.39732554909875, 40.819157034243204], [-84.39951042646187, 40.81725395245865], [-84.40126809250988, 40.815938656090005], [-84.40377215313558, 40.81437264291371], [-84.4071630436567, 40.81232154537006], [-84.41009931303502, 40.81028265571545], [-84.41274345424358, 40.808482124224916], [-84.41462463797839, 40.806586962473304], [-84.41577040017606, 40.80517276160498], [-84.41646173984853, 40.80377087973778], [-84.41547055489215, 40.80206886829552], [-84.41403055818766, 40.80049428022118], [-84.41305046266211, 40.799022468149374], [-84.41011807967837, 40.79794932608704], [-84.40626616487404, 40.79667047413096], [-84.40352375378264, 40.79639885691754], [-84.40170643566782, 40.7964479686233], [-84.39987270808517, 40.796151715244754], [-84.39867756640882, 40.796529760122354], [-84.3964441523534, 40.797396841712995], [-84.39468140654087, 40.79859697192627], [-84.39323241788928, 40.80001913908497], [-84.39256792919181, 40.801996452332126], [-84.3926879919039, 40.80452892245089], [-84.39274802657395, 40.8057951558232], [-84.39269480088575, 40.80787125159522], [-84.39262519828705, 40.809602009125264], [-84.3925283029394, 40.81075720621836], [-84.39180912267283, 40.81158338465102], [-84.39124686004544, 40.812520591804414], [-84.3886826138751, 40.81282011675861], [-84.38671882029264, 40.81298818662621], [-84.38549608313075, 40.81279053652694], [-84.38410554145099, 40.81225160742562], [-84.38282840753412, 40.81090280990899], [-84.38170279689356, 40.80954993153411], [-84.37967384420962, 40.80833653841002], [-84.37841317143014, 40.80733302776306], [-84.37687132780027, 40.80679807434305], [-84.37386367977865, 40.80733968737703], [-84.37190542935971, 40.807622627445674], [-84.37088309179306, 40.80845678885921], [-84.37003388338714, 40.809747341073454], [-84.37044524936175, 40.81204149131275], [-84.37052114578603, 40.813653066375686], [-84.37041845297271, 40.81469312982117], [-84.37062957532824, 40.81595531319027], [-84.37023474230728, 40.817233702862225], [-84.36890925648382, 40.8180759445093], [-84.3668154336675, 40.8187081852239], [-84.36501373877347, 40.81910207495887], [-84.36333647080359, 40.81891633316853], [-84.3619622009105, 40.81872248600222], [-84.36012264750845, 40.81831051520069], [-84.35872679101512, 40.8176561806079], [-84.35775843287585, 40.81641415904774], [-84.35649253347627, 40.815295310199986], [-84.3562330948753, 40.81299708350887], [-84.35698542801752, 40.8096345932378], [-84.35891161754775, 40.805434002687576], [-84.36193020119198, 40.801895768811015], [-84.36456445787888, 40.799866064320724], [-84.36737708182734, 40.79840782023074], [-84.37143910686363, 40.797722885754496], [-84.3739594603086, 40.79650281821657], [-84.37634457103124, 40.7956320968195], [-84.3782372697466, 40.793967718136194], [-84.38028131255106, 40.7922992432632], [-84.38153003291416, 40.78984526707476], [-84.38433100450244, 40.788156385914334], [-84.38866785809061, 40.78688715204198], [-84.39255029191807, 40.78563000044412], [-84.39539996684468, 40.78497687912318], [-84.39731376773338, 40.78377264097261], [-84.4002764548881, 40.782309520476865], [-84.40187633524532, 40.78088315859105], [-84.40303287751937, 40.77969928187096], [-84.4032645376427, 40.77819461625301], [-84.40227404602824, 40.776492465088864], [-84.40189465674969, 40.77488905226324], [-84.40222300771082, 40.772229148742795], [-84.40315139774212, 40.76943775281734], [-84.40562634595638, 40.767296076305605], [-84.40825251468907, 40.765150245608204], [-84.40999771986766, 40.76360454330717], [-84.41127228937418, 40.76172578170245], [-84.41177900604951, 40.75963729858136], [-84.41030159626541, 40.75725681383955], [-84.40834831440931, 40.754428146156435], [-84.4061308345281, 40.75241344615943], [-84.40420522312908, 40.750160281109196], [-84.40292333892528, 40.74869651675965], [-84.401960591152, 40.747569903770305], [-84.40146828734395, 40.74677636006045], [-84.40142452153371, 40.745855423712], [-84.40272630944494, 40.74455230648579], [-84.40402257365916, 40.74313405674786], [-84.40610826770312, 40.74238601108307], [-84.40990233894563, 40.74251375422455], [-84.41231803812907, 40.74233298021265], [-84.41627992701679, 40.7428017659513], [-84.41952374595937, 40.74409680814051], [-84.421702872168, 40.745305468363554], [-84.42371972656956, 40.74628797556975], [-84.42528814712217, 40.74739792916763], [-84.42953101317447, 40.74739756688181], [-84.43276094289835, 40.745234649044285], [-84.4319799606518, 40.74790708937786], [-84.43081895832789, 40.74897616236157], [-84.42998266175077, 40.750497428186655], [-84.42857951774316, 40.752840988428495], [-84.42713218903631, 40.75426361170135], [-84.4250793910112, 40.755702702439656], [-84.4234805744163, 40.75712939977114], [-84.42172483040264, 40.75844507684933], [-84.42027174262607, 40.75975249701354], [-84.41961391609212, 40.76184513040482], [-84.42013401489994, 40.76321415820721], [-84.4209623803978, 40.76469006501137], [-84.42237977130536, 40.76580415317863], [-84.42454858557755, 40.76678250964274], [-84.42713852467563, 40.76705777406683], [-84.43002572286368, 40.76720961424507], [-84.43485874032018, 40.76684721112068], [-84.43770170870302, 40.766077959527834], [-84.43995572318988, 40.76567054092439], [-84.44337083800625, 40.7641939130244], [-84.44663444015659, 40.762721334598844], [-84.4487424744607, 40.76243301085543], [-84.45012141621304, 40.762740981250936], [-84.45136565995043, 40.76339842869229], [-84.4526321451885, 40.76451631339781], [-84.45438613375656, 40.76631238459729], [-84.45593323331033, 40.76696146585202], [-84.45749148756101, 40.767840751059474], [-84.45903865051854, 40.768489791448225], [-84.46056913835865, 40.76879347572804], [-84.46177460008575, 40.768645028695396], [-84.463434191158, 40.768484061021205], [-84.46446039091312, 40.76776419715451], [-84.46519497060511, 40.7672828921916], [-84.4657558595478, 40.76634530794688], [-84.46570567166383, 40.765309300577556], [-84.46521252963765, 40.764516033523826], [-84.46395141381284, 40.76351339424136], [-84.46252782781613, 40.76228468504882], [-84.46050441169011, 40.76118773615025], [-84.45861572766862, 40.759741250458866], [-84.457029835316, 40.758286410430976], [-84.45542733431195, 40.75648620856073], [-84.45390269808588, 40.75629756909646], [-84.45204760260091, 40.7555416546261], [-84.45075908951874, 40.75396330258215], [-84.45054669090594, 40.75270120646873], [-84.45121459399618, 40.75083861721452], [-84.45238644319952, 40.74999957979885], [-84.45430936728297, 40.749024623669776], [-84.45641694422106, 40.748736160613326], [-84.45794698972304, 40.74903988387252], [-84.45945477907871, 40.74888313140476], [-84.46155675945894, 40.748479463552414], [-84.46256594707911, 40.74741426100408], [-84.46281288292475, 40.74625478276971], [-84.463048664545, 40.7448650747897], [-84.46340789251427, 40.742895623774466], [-84.46502224867842, 40.74181371578836], [-84.46738197992448, 40.740480684754424], [-84.46958472344724, 40.73903666943498], [-84.47165841210976, 40.73805724983714], [-84.47451654233889, 40.737632447842216], [-84.47650594787312, 40.73803849764281], [-84.47851217120548, 40.73878985590287]]], [[[-84.29920146649103, 40.82130745399497], [-84.29751344960289, 40.82089014615727], [-84.29579353803655, 40.81978181695688], [-84.29482062258955, 40.818423446594], [-84.29428101475206, 40.816592592512166], [-84.29328160122036, 40.81465837295319], [-84.29225568036992, 40.81214830729426], [-84.29181988087232, 40.80927699504747], [-84.29334283686653, 40.80612419915803], [-84.29537858384383, 40.80422640828494], [-84.29738229612178, 40.80163757434724], [-84.29925567942446, 40.799513315984655], [-84.3008206854802, 40.79728174698191], [-84.30329969632363, 40.79514163847771], [-84.30523138196529, 40.79428412535465], [-84.3067139779979, 40.79355360572437], [-84.3086776080415, 40.793387043674734], [-84.31018151256431, 40.793117152086815], [-84.3116960925428, 40.79307757701058], [-84.31322670934162, 40.79338348569188], [-84.31364191136386, 40.79579408242293], [-84.31622051996226, 40.79907053129472], [-84.31847499520013, 40.80189418476482], [-84.3191773253029, 40.80395131392522], [-84.31883536564708, 40.80638171189227], [-84.31760049317147, 40.809181401973184], [-84.31649025399362, 40.8114012792976], [-84.31612139945493, 40.8132558274437], [-84.31464382951313, 40.8141016194447], [-84.3130521505998, 40.81575751388016], [-84.31057804477217, 40.81801295918946], [-84.30745499609945, 40.81936283753263], [-84.30448867789282, 40.8208238496893], [-84.3031569926104, 40.821550380139286], [-84.30180929111398, 40.821931397962125], [-84.3009161430555, 40.822300567181], [-84.29920146649103, 40.82130745399497]]], [[[-84.25941364015765, 40.84032320802032], [-84.26131029736088, 40.83866026814026], [-84.2636720681244, 40.83721593714246], [-84.26607063467573, 40.8365777216786], [-84.26865763655348, 40.83674171690891], [-84.27081637454737, 40.83749320629443], [-84.2725468898331, 40.83883221210507], [-84.27369763685077, 40.84076266151856], [-84.27496301486427, 40.84188302806985], [-84.2757120402429, 40.84497684024617], [-84.27602225516281, 40.84842787542496], [-84.27535068782713, 40.85363375787779], [-84.27488177166954, 40.856643676712224], [-84.27390513898085, 40.85851367947389], [-84.27216512964677, 40.860288051127576], [-84.2689933516757, 40.863944067621546], [-84.26618646367743, 40.86563050603731], [-84.26349418058992, 40.86650683280252], [-84.26185793202708, 40.86724067349992], [-84.25958883465806, 40.86741424249532], [-84.25807784999614, 40.867568319244356], [-84.25669219647845, 40.86714266811334], [-84.2554424173097, 40.86636762134577], [-84.25463702044303, 40.86535057537721], [-84.25459499031494, 40.86442926049955], [-84.25483517727776, 40.86303951490896], [-84.25551968017575, 40.86140777777728], [-84.25682109555285, 40.85999081074359], [-84.25724437329951, 40.85928815552926], [-84.25793929936934, 40.8578867298069], [-84.25909425878604, 40.856588789440586], [-84.25908278076739, 40.85301478270803], [-84.25771755538138, 40.84970611473519], [-84.25700608126562, 40.8474183607481], [-84.25719885050368, 40.844992100627316], [-84.2578410580245, 40.84243900046206], [-84.25941364015765, 40.84032320802032]]], [[[-84.30214431386953, 40.84555992214053], [-84.30385650667591, 40.843209276021106], [-84.30575217039507, 40.841545635181596], [-84.30692197293465, 40.840592710498825], [-84.30842691472016, 40.84032285013732], [-84.31083586624432, 40.839914066850774], [-84.31341239936164, 40.83984676612943], [-84.31511703604532, 40.84060933517862], [-84.31625829525197, 40.84230904565197], [-84.31692883305773, 40.84367514885538], [-84.31775096925293, 40.84503728109213], [-84.3206025973924, 40.84761461119247], [-84.32387160832604, 40.84937381030649], [-84.32668603213118, 40.85114485061897], [-84.32827176449004, 40.85260217670385], [-84.32970059453034, 40.853948299491485], [-84.33021991855136, 40.85531829783478], [-84.33031137159773, 40.85727604721878], [-84.32998029889409, 40.85993670762582], [-84.32899973772902, 40.86169199403496], [-84.32802450300034, 40.86356243142393], [-84.32582016694482, 40.865119190181495], [-84.32331249306861, 40.86668385285292], [-84.32123811155763, 40.86777590640399], [-84.31821639598262, 40.868085597047354], [-84.31592063050348, 40.86768442725301], [-84.31390672133878, 40.86681464529375], [-84.31219074918316, 40.86582174981826], [-84.31122220830561, 40.86457871936275], [-84.31055158017628, 40.863212604709766], [-84.31030907300962, 40.86125880530366], [-84.31007192565008, 40.859420165015905], [-84.31013264461397, 40.8574584471124], [-84.30927844389333, 40.85540529842355], [-84.30718486467931, 40.85280795246713], [-84.30497188040586, 40.85090549488664], [-84.3037058486476, 40.84978545288307], [-84.30288393350165, 40.84842322884291], [-84.30235987291417, 40.8469379414987], [-84.30214431386953, 40.84555992214053]]], [[[-84.26586560994063, 40.914986032429205], [-84.26560436013656, 40.91591510914044], [-84.26411869191236, 40.916645054302876], [-84.26101659919065, 40.918569420439326], [-84.25848971144542, 40.91978718493229], [-84.25716088795387, 40.92062831040596], [-84.25644952886067, 40.92168418886161], [-84.25560218097144, 40.923089427638175], [-84.2555188100868, 40.924590386194104], [-84.25578102646726, 40.92700484190691], [-84.25589676090854, 40.9295383390647], [-84.25619057858592, 40.93264373674943], [-84.25585101586915, 40.93518888562158], [-84.25550090639935, 40.93750371236869], [-84.25452259910158, 40.939373445893665], [-84.25383203862378, 40.94088992590515], [-84.25280107104993, 40.94160806208569], [-84.25161303735077, 40.94221491307865], [-84.24945122321499, 40.94146313289396], [-84.24789135462831, 40.94058064471691], [-84.24664558685365, 40.93992070248873], [-84.2453421590472, 40.937994002934126], [-84.24483962945212, 40.936969194647546], [-84.24418533847106, 40.935948255637875], [-84.24398114750676, 40.934800538727096], [-84.24452533507612, 40.93340314224135], [-84.24507998670734, 40.93223606009636], [-84.24591192910026, 40.93048543013616], [-84.24624134628722, 40.92770998267543], [-84.24672773429356, 40.9250458130211], [-84.24708332088241, 40.922846151371914], [-84.24804060808836, 40.920515818635636], [-84.24889857668445, 40.919340953285506], [-84.24943204545119, 40.91771319820005], [-84.24953128842297, 40.91655771732599], [-84.24946829901948, 40.91517579357736], [-84.24845821641321, 40.913011013404486], [-84.24705072472139, 40.912124617933465], [-84.24567472351751, 40.91192917035889], [-84.24354535254092, 40.91186822687744], [-84.2405422810143, 40.91263658093418], [-84.23681187342694, 40.91411514173199], [-84.23308130669368, 40.915593584742936], [-84.22980578803883, 40.91706034913559], [-84.22757666544106, 40.918154586214435], [-84.22592838432853, 40.91865758099232], [-84.22426966438195, 40.9189302305776], [-84.22323871744744, 40.91964812113492], [-84.22217652482372, 40.919675035506295], [-84.22109872468637, 40.919356456686934], [-84.22015707329551, 40.91868854250702], [-84.21965505609676, 40.9176636138613], [-84.2200114639912, 40.91546402051919], [-84.22111608517835, 40.91301488676007], [-84.22226225605132, 40.911487033745296], [-84.22356530244306, 40.91007048407687], [-84.22548558317534, 40.908868850494315], [-84.22721239033089, 40.906749739675185], [-84.22807054154535, 40.90557501155844], [-84.22908037173812, 40.90439642336637], [-84.2305139840164, 40.902515288408686], [-84.23300941561864, 40.90060713236709], [-84.23689087357005, 40.89912481257503], [-84.23956385536125, 40.89778846432773], [-84.24075646591199, 40.897296878672336], [-84.24147304994798, 40.896356238901255], [-84.24213726120932, 40.89426397006663], [-84.24159322183516, 40.8923178142912], [-84.24198021157777, 40.89080909163168], [-84.24413489262838, 40.888102285165], [-84.24650397291406, 40.8867735151947], [-84.24920252492863, 40.8860127548048], [-84.25115843535794, 40.885616825289326], [-84.25390416356139, 40.88589241509666], [-84.25680157958868, 40.886164053333744], [-84.25942726671317, 40.88713437956658], [-84.26096500813885, 40.88755609908064], [-84.26233529360623, 40.88763620816876], [-84.2640036486682, 40.887593344356986], [-84.26716757841882, 40.887050801173984], [-84.26956256831453, 40.88629737684395], [-84.2713772681734, 40.886135343436], [-84.27368925101038, 40.886882847212604], [-84.27467329522148, 40.88847164564963], [-84.27502953205493, 40.889615437176055], [-84.27507714097644, 40.89065188937145], [-84.27439809983343, 40.892398864857405], [-84.27222862639921, 40.89476073072478], [-84.26944696605644, 40.897023012294454], [-84.26722440208226, 40.89823317077017], [-84.2648342448041, 40.899101702756795], [-84.26352698355441, 40.90040355554174], [-84.26236083354326, 40.90147117534657], [-84.26197423115393, 40.90297995322858], [-84.26184360362889, 40.90344449159054], [-84.26141483321105, 40.904031979700285], [-84.26285923491345, 40.90572433172093], [-84.26433534735828, 40.90810762621656], [-84.26531420399418, 40.909581316667115], [-84.26567567035369, 40.91084027834711], [-84.26605825598267, 40.91255987724276], [-84.26627330239737, 40.913937894299536], [-84.26586560994063, 40.914986032429205]]], [[[-84.38063487672699, 41.21201708388433], [-84.37789253282644, 41.212090297831445], [-84.37545488887284, 41.212155324394885], [-84.37252740374116, 41.21154192266805], [-84.36958359751826, 41.210583170720724], [-84.36680312729959, 41.209850481172616], [-84.36385947342889, 41.20889158856966], [-84.36277670993498, 41.20857463940095], [-84.36182452316037, 41.207793260984936], [-84.36116615594828, 41.206773598464444], [-84.36066014783611, 41.20574988769609], [-84.36089407021605, 41.20424557923715], [-84.36310830803917, 41.20268867221655], [-84.36532789540072, 41.20124681599897], [-84.36727545588484, 41.200503586318675], [-84.36877690792961, 41.20000267638797], [-84.37117045045873, 41.1990170304117], [-84.37403728196327, 41.19836443560386], [-84.37625103245605, 41.19680727679966], [-84.3791013058463, 41.19580927695292], [-84.38139152669098, 41.19586333725067], [-84.38353491468769, 41.196036521001645], [-84.38646183747062, 41.19664966011743], [-84.38898125804525, 41.198310809932046], [-84.39058135845794, 41.199881307250664], [-84.39213757347044, 41.20053103703691], [-84.39369931533687, 41.201295839483336], [-84.39406444910306, 41.20255368935524], [-84.39135545884295, 41.2033177692807], [-84.38915831121734, 41.20522047662552], [-84.38745098950534, 41.207801463403364], [-84.38555828407333, 41.209695940655514], [-84.38332240590533, 41.21079288329463], [-84.38063487672699, 41.21201708388433]]], [[[-84.2478427840052, 41.30686937428156], [-84.24822123156103, 41.30513031711663], [-84.24907858465035, 41.30384022362858], [-84.25024636970925, 41.30265750332768], [-84.25249808864663, 41.30179302113229], [-84.2553865836261, 41.30148871143805], [-84.25765411353927, 41.300969610982094], [-84.25992691763415, 41.3005656271016], [-84.26218375863309, 41.29981612229874], [-84.26426671086314, 41.298609844969725], [-84.26607103480737, 41.29798714686796], [-84.26846965272635, 41.29700329459058], [-84.27075824097494, 41.296944583519746], [-84.27243120751902, 41.296786341970524], [-84.2742940627403, 41.29743027055507], [-84.27493102202035, 41.29799038368648], [-84.27525750633627, 41.298443177151036], [-84.27528417592647, 41.299018971225586], [-84.27486911171734, 41.299952004190644], [-84.27189745684655, 41.301757761678225], [-84.26603180503378, 41.30375291846914], [-84.26240688286939, 41.304652804319076], [-84.25684059501502, 41.306524541098675], [-84.25384168937323, 41.30775405104937], [-84.25173709636194, 41.30849950401201], [-84.25066890214066, 41.308526739542465], [-84.24897443858855, 41.30822405673889], [-84.2481902886911, 41.30778286951859], [-84.2478427840052, 41.30686937428156]]], [[[-84.49916014223552, 41.2892314859946], [-84.50367426251397, 41.29095031971414], [-84.5071038464661, 41.29235335077037], [-84.50992345007668, 41.293773217635376], [-84.51534765061913, 41.29535111832055], [-84.51860229031776, 41.29629774035874], [-84.5209646783458, 41.2977300760105], [-84.52275706411062, 41.29998491213855], [-84.52348375686348, 41.30538083027474], [-84.52284318550413, 41.31093005160766], [-84.52216244332463, 41.3156737056947], [-84.52125462325478, 41.318925590640994], [-84.51861101519253, 41.321073396345696], [-84.51670164006171, 41.322624550920246], [-84.51417607870903, 41.32407755346715], [-84.51240199570954, 41.32527916858625], [-84.51030553076785, 41.32614399549417], [-84.50707239083907, 41.325657481280636], [-84.504432611815, 41.32480874554844], [-84.50148201295468, 41.32385332019447], [-84.49715821927856, 41.32293576862798], [-84.49086793994938, 41.322418010599726], [-84.48233417154216, 41.32288353379926], [-84.47488537655201, 41.32366437604799], [-84.46942579760768, 41.3245054966831], [-84.46367776836279, 41.325699954431784], [-84.45989650509509, 41.326494717249254], [-84.45521076035702, 41.32754450218765], [-84.45052487269487, 41.328594104410996], [-84.44627427740205, 41.32917075154145], [-84.4401402641136, 41.33187256853161], [-84.43532913423438, 41.33350111790273], [-84.43216874496875, 41.334508612143466], [-84.4297769489646, 41.33561044942211], [-84.42779284549584, 41.33566413733459], [-84.42564498747247, 41.33549175908103], [-84.42409094797493, 41.334957608809084], [-84.423108499769, 41.33360138892335], [-84.4238573921402, 41.330124243867594], [-84.42864628402411, 41.32803582622615], [-84.43585976737498, 41.32553577874541], [-84.4412807139772, 41.323890617437684], [-84.44444048218654, 41.322882876642794], [-84.44836311597473, 41.321854281867644], [-84.45228563255617, 41.32082555885043], [-84.45647951976382, 41.31909789944406], [-84.46081453485529, 41.317135762324185], [-84.46496858693008, 41.314602243290146], [-84.46713330793679, 41.31200783099089], [-84.4683655893075, 41.30909321678826], [-84.4685580433814, 41.306783250498775], [-84.46785770105681, 41.30495868065737], [-84.46591448922302, 41.302707200534336], [-84.46158692220186, 41.30167326193765], [-84.45841153074467, 41.302336223361934], [-84.45374984112851, 41.303846294308684], [-84.4488220383725, 41.30617006474874], [-84.44419343465007, 41.30837025018878], [-84.43843332971427, 41.31244469951796], [-84.43402346294252, 41.31602131573543], [-84.43002634132651, 41.31866471804451], [-84.42687212044036, 41.31978716595447], [-84.42139004070627, 41.320165789536574], [-84.41645724262227, 41.31926180888627], [-84.41088100289629, 41.31768356225295], [-84.40435084313286, 41.31532407229518], [-84.3993413611657, 41.31280822367575], [-84.39543329739708, 41.31095405496503], [-84.39120379821694, 41.308762668562665], [-84.38837511628753, 41.30710985169439], [-84.3860207326761, 41.30578999391325], [-84.38459276601465, 41.30467581871968], [-84.38466842300119, 41.30306055555938], [-84.38686878416871, 41.30115806468725], [-84.3921034064037, 41.29882864739689], [-84.39829702480789, 41.29739513542585], [-84.4042052519829, 41.29320336564519], [-84.40991839428777, 41.29132120562705], [-84.41350145827847, 41.28961142175604], [-84.41819635212268, 41.28879339851577], [-84.42439408201392, 41.28747362140997], [-84.42096652867107, 41.286068203978886], [-84.4154261300427, 41.28518062599582], [-84.40699369707752, 41.28448585342468], [-84.40132869159731, 41.284177156391266], [-84.39798998774413, 41.28461245764449], [-84.39449872837577, 41.28505175274464], [-84.38998932534942, 41.286555293290114], [-84.38698844255673, 41.287672645508465], [-84.38504962481461, 41.288646319844084], [-84.38194431505588, 41.28757690233424], [-84.38005924043861, 41.286474865300356], [-84.37894228239479, 41.285467553953474], [-84.38036871751439, 41.28335531034964], [-84.38358670631665, 41.280388578572136], [-84.38713139062966, 41.27787395016413], [-84.39152630806646, 41.27718020033616], [-84.39699961831383, 41.27668784256711], [-84.40215130443336, 41.27585816803402], [-84.41088761902462, 41.27654507387457], [-84.4173366891206, 41.27729309523525], [-84.42365007111175, 41.27839015037197], [-84.42951728937047, 41.279729435922945], [-84.43276434235786, 41.28056332895675], [-84.43537916005185, 41.28095334899132], [-84.43798284705161, 41.2811131430615], [-84.442682458262, 41.280409246491125], [-84.44796398286037, 41.279113130999306], [-84.45175959062944, 41.27866396878445], [-84.45479267648221, 41.278235502491874], [-84.45737385645462, 41.277934542183964], [-84.46091491620697, 41.27852917728379], [-84.46767533611768, 41.2793812426538], [-84.47509105077448, 41.28113683745103], [-84.48327531512338, 41.28298606304885], [-84.48995195065771, 41.28522205397606], [-84.49585510269712, 41.287248583207074], [-84.49916014223552, 41.2892314859946]]], [[[-84.26733863148492, 41.32249866663838], [-84.26860186169208, 41.323387966865155], [-84.26955990959839, 41.32428511000316], [-84.26945501788722, 41.32532483487036], [-84.26890818957082, 41.3267216069765], [-84.26521464247419, 41.32946676581862], [-84.26328880123208, 41.33078371672574], [-84.2616416903971, 41.3315173583616], [-84.25685277625016, 41.33371423388374], [-84.25353186208162, 41.33460587400312], [-84.25141083929557, 41.335005832230216], [-84.24990032488469, 41.3353901416338], [-84.24868452404836, 41.335536467944806], [-84.24822662222732, 41.33554817900738], [-84.24760028808936, 41.33521852577875], [-84.24725816344308, 41.33442071114254], [-84.24807388385076, 41.33221061098989], [-84.24936322172145, 41.33033405393074], [-84.25053149272327, 41.32915192840881], [-84.2516522725178, 41.32693399669426], [-84.25387817559982, 41.325494321339605], [-84.25807203672846, 41.3236584734965], [-84.26078723235742, 41.322897460650964], [-84.26243943582993, 41.322278914822604], [-84.26427067597835, 41.3222318699524], [-84.265949310582, 41.322188721052946], [-84.26733863148492, 41.32249866663838]]], [[[-84.31222261341601, 41.390469851189906], [-84.31025608941093, 41.39420813665504], [-84.30868855357349, 41.39666857304574], [-84.30790625041132, 41.399569417978434], [-84.30770813758855, 41.40187895104378], [-84.30821482393458, 41.40290272892139], [-84.31067542948529, 41.40318430198538], [-84.31250879199007, 41.40313652225888], [-84.31477357299674, 41.402501366322845], [-84.31904058418583, 41.40215953518276], [-84.32571416179722, 41.40094803872128], [-84.33180347827175, 41.40032759218637], [-84.33895665729739, 41.39956365147159], [-84.34531866199865, 41.398244024205844], [-84.35336082529044, 41.39687969285851], [-84.36080254827544, 41.39576115557841], [-84.37094437572928, 41.39353347881299], [-84.37712501930456, 41.39164084379008], [-84.38316906789994, 41.39009719118313], [-84.38661620808467, 41.38862256418478], [-84.38916328098499, 41.38751754832711], [-84.39577350117179, 41.38503632805377], [-84.40071427507206, 41.382829943886435], [-84.4041053590671, 41.38020404580981], [-84.4069185287748, 41.37828491557688], [-84.41115586096905, 41.37736444347429], [-84.41416026551248, 41.37624656728564], [-84.41777541891639, 41.3751121530599], [-84.41985780583347, 41.37390374950033], [-84.42147644162249, 41.37259259547057], [-84.4226202220038, 41.37094855683614], [-84.42330028983083, 41.369201798443555], [-84.42330835770103, 41.36620568376637], [-84.42223650952496, 41.3630082631014], [-84.41993222829574, 41.35961362416067], [-84.41934642512462, 41.356979191025815], [-84.41906599768264, 41.354336514042465], [-84.41952111466753, 41.35109784953515], [-84.42045636655432, 41.34830713225653], [-84.42235188981968, 41.34641230534138], [-84.42412247578818, 41.34509696415969], [-84.42518542364421, 41.34495301293392], [-84.42675083052798, 41.34571730120874], [-84.4287051153336, 41.34819948547124], [-84.43076760837961, 41.34975687598695], [-84.43205575334913, 41.351104745694705], [-84.43462661449139, 41.3536853614156], [-84.43597073603557, 41.35618395680376], [-84.43605448075374, 41.35791011244053], [-84.43718462168142, 41.359146979307695], [-84.44252100607187, 41.361998075517825], [-84.44490079119254, 41.36377706069777], [-84.44666994481342, 41.36557260749897], [-84.4491690185358, 41.366656896755295], [-84.44998293728493, 41.36767179361823], [-84.44972801206676, 41.36871578363614], [-84.44734651363324, 41.37004808885244], [-84.44586433078126, 41.371010214618074], [-84.44420701190093, 41.37151617054361], [-84.44159988742048, 41.37135653232197], [-84.43959799123981, 41.3710651894995], [-84.43788475209641, 41.37042030404211], [-84.43616596072421, 41.369660318036345], [-84.43418087973218, 41.36971411197409], [-84.43144903011604, 41.37013376987585], [-84.4294917975029, 41.370762866264286], [-84.42846745990393, 41.371712385010824], [-84.4278209222044, 41.37414962295046], [-84.42761019950997, 41.37611416570905], [-84.42711073877918, 41.3784321867572], [-84.42614750520346, 41.38064750659779], [-84.42290440766715, 41.383154823596534], [-84.41933893141866, 41.38532505987053], [-84.41665079406621, 41.38666497816032], [-84.41247951479927, 41.3889665376079], [-84.4086079124482, 41.391144665512314], [-84.4062469841313, 41.39293643612297], [-84.40454122364018, 41.39563236062123], [-84.40500169695225, 41.398846248054134], [-84.40512345940478, 41.4013778807581], [-84.40508138434329, 41.40368346004203], [-84.40383919023186, 41.40648212234256], [-84.40363321588862, 41.40856164222901], [-84.40282159474344, 41.410772621218364], [-84.40096245918177, 41.41347255073696], [-84.39919519415271, 41.41490255095335], [-84.39741128619133, 41.415987304791685], [-84.39481913964963, 41.416171884941306], [-84.39185520348586, 41.41498369732555], [-84.39023349729433, 41.41306827050591], [-84.38966490613404, 41.410779037946874], [-84.38864900591348, 41.4087321846387], [-84.38896415185316, 41.40572801483897], [-84.38913200389136, 41.402842990829605], [-84.38874934810869, 41.40124010238078], [-84.38821944868374, 41.399756364252795], [-84.38635320975585, 41.39911484256441], [-84.38269779492788, 41.39944276802673], [-84.37775524843647, 41.40164838636388], [-84.37037340849002, 41.40403379576322], [-84.36104308712477, 41.40727687071398], [-84.35350727040536, 41.409665283711625], [-84.34731891645052, 41.411441608561425], [-84.34071526364059, 41.414150278476356], [-84.33557956671389, 41.41555263436407], [-84.32911164208379, 41.417911422197115], [-84.3215681531052, 41.4201827481985], [-84.31507238293783, 41.421965395829154], [-84.30718472150089, 41.42343825506186], [-84.3001868924938, 41.424311413232694], [-84.29223981760484, 41.42451744902594], [-84.28548865072858, 41.424115990543775], [-84.27964387634903, 41.42346035398785], [-84.27611820509411, 41.42332079534441], [-84.27349887739896, 41.422927379515436], [-84.26964635478811, 41.422335184624856], [-84.26684775255124, 41.421370159129864], [-84.26361726203507, 41.420992226561175], [-84.25841599204342, 41.42101034818077], [-84.25337810723963, 41.42125449682225], [-84.24969450007363, 41.42100299639433], [-84.24704902504178, 41.42003362959281], [-84.24470399975183, 41.41894132773167], [-84.24281750490815, 41.417837292300405], [-84.2370051376928, 41.41787011949386], [-84.23272620362835, 41.41797892513217], [-84.22935369118282, 41.41783414734367], [-84.22611830368932, 41.41734015758701], [-84.22228215284359, 41.417091724799675], [-84.21901550745268, 41.41590705711037], [-84.21754617998258, 41.41387037350066], [-84.21669338598002, 41.41193330020009], [-84.21810134217988, 41.40924777493273], [-84.22048866358062, 41.407920010837216], [-84.22239136385701, 41.40602839811122], [-84.22362526361879, 41.402886333348256], [-84.22362112609865, 41.39942997908245], [-84.22423853358036, 41.3961882918653], [-84.2259304618241, 41.39303455688481], [-84.22828039910529, 41.39090103270713], [-84.23047743534723, 41.38877133923436], [-84.23427004238926, 41.38809884667511], [-84.23762008246965, 41.38778315475798], [-84.24021159627785, 41.387601919915156], [-84.24394087644761, 41.38554811925221], [-84.24773835367611, 41.38164895820386], [-84.25282020458833, 41.3757580941581], [-84.25819072907022, 41.36951393084543], [-84.26361852301187, 41.364535430186386], [-84.26859807969548, 41.35979861788722], [-84.27185100546838, 41.357410474096255], [-84.27613522536457, 41.35418908958989], [-84.28006049613083, 41.34982457423375], [-84.2861437433453, 41.34586498726258], [-84.28954804975159, 41.343472390961416], [-84.29225299642847, 41.34248050985539], [-84.29406872087566, 41.342087754834665], [-84.29711627959858, 41.34189344412131], [-84.30039143329844, 41.34330628273828], [-84.30215628613172, 41.3451039902663], [-84.3035569536905, 41.34564368021045], [-84.30196885307807, 41.34764379415102], [-84.3012805608286, 41.349274822928024], [-84.30182426951592, 41.351104267026344], [-84.30405809056883, 41.35312019366976], [-84.3079982968718, 41.3556677580262], [-84.30869491367021, 41.35749318320977], [-84.30799594446809, 41.35889406968091], [-84.30638083509562, 41.360318803699634], [-84.30525054719858, 41.362307010041576], [-84.3024834365063, 41.365259547038676], [-84.30022240765238, 41.369235856495116], [-84.29903547291747, 41.37329943749688], [-84.29701768717166, 41.37922808282541], [-84.29692383099983, 41.38049794379284], [-84.29930860325868, 41.37916861388744], [-84.30212465398212, 41.377251919319555], [-84.30446629843185, 41.37500182967265], [-84.30632281488003, 41.37218820658743], [-84.30814695937576, 41.368684055213215], [-84.31028705625845, 41.36540207142953], [-84.31314199368921, 41.361064380953316], [-84.31554930321639, 41.356968733971144], [-84.31515785646678, 41.35513537617879], [-84.31402459822134, 41.353782273396355], [-84.31696840040426, 41.35462719683176], [-84.31988533229203, 41.35489663262639], [-84.3233752181289, 41.354344433007064], [-84.32634224826185, 41.35242313922049], [-84.32898757808519, 41.350164527961496], [-84.3308802650018, 41.34815605311979], [-84.33262018913544, 41.346151553495275], [-84.33390206828686, 41.344159055723246], [-84.33379384976224, 41.341857384622415], [-84.33294949574213, 41.34015117328458], [-84.33168512628481, 41.339262563468665], [-84.3290038519481, 41.33748930540552], [-84.32727088904618, 41.33638248786429], [-84.32647534549828, 41.33571198440802], [-84.32638897943171, 41.33387062852099], [-84.32795985163031, 41.33152491677411], [-84.32952521401697, 41.32906409482095], [-84.33021263451495, 41.327432878562995], [-84.33120523702175, 41.32579364380864], [-84.33114578140078, 41.32452770355421], [-84.33029630226712, 41.322706361550644], [-84.32857989222845, 41.32194480517079], [-84.32552251529313, 41.32190973991285], [-84.3223718332235, 41.32314454010204], [-84.31835924422228, 41.32555406140934], [-84.31485261508077, 41.328987262717746], [-84.31162401762347, 41.3318369611763], [-84.30971510803954, 41.33349990554038], [-84.30780610607351, 41.335162817639876], [-84.30492759159142, 41.33569868305194], [-84.30232750820869, 41.33565111132621], [-84.30047987353927, 41.33535347680159], [-84.29953197407058, 41.334686761670866], [-84.29869926042075, 41.333210470054574], [-84.30025500009343, 41.33051985608627], [-84.30260047265175, 41.328384801208514], [-84.3037409983751, 41.32662673538608], [-84.30487074373823, 41.32463848273676], [-84.30537929317562, 41.32243593819385], [-84.30514627222867, 41.32071360505962], [-84.30414493480231, 41.31889604409011], [-84.30315436536458, 41.31730864702639], [-84.30167930673524, 41.315157707845785], [-84.30065672934103, 41.31287975615393], [-84.30161769856699, 41.31055021293691], [-84.30185859034953, 41.309161213660566], [-84.30101007595013, 41.307339638668296], [-84.298783179151, 41.30543866051785], [-84.29737267334846, 41.3046687156191], [-84.29657778752863, 41.30399799491551], [-84.29622456093637, 41.30297011529812], [-84.29644949958944, 41.3012358488521], [-84.29809016685306, 41.300386625815406], [-84.30003589549393, 41.299529446680246], [-84.30340272340936, 41.299672309475625], [-84.30758595671215, 41.30094609008801], [-84.31112153218686, 41.30143002733985], [-84.31341522011515, 41.30148538195997], [-84.31734934874176, 41.30069120850415], [-84.3205314046856, 41.30014704927324], [-84.32310860101151, 41.29973387973922], [-84.3255655794259, 41.30001518396898], [-84.32785383434822, 41.29995517565832], [-84.3308616143618, 41.29895439258802], [-84.33474671678285, 41.29712385632778], [-84.33881122914326, 41.29586461699031], [-84.34075632266433, 41.295006778759664], [-84.34425385375097, 41.29468413055596], [-84.34771877035081, 41.29367085432883], [-84.350649544933, 41.29428482967738], [-84.35146115511331, 41.29530046056834], [-84.3528720736969, 41.29606977725815], [-84.353727262119, 41.29800608841515], [-84.35418470968756, 41.30122045143159], [-84.3552796526624, 41.30499409014966], [-84.35713210852599, 41.30863242752708], [-84.3592572057092, 41.311572128685604], [-84.36042337602707, 41.31361536680378], [-84.36296831955836, 41.315737264219536], [-84.36766604233065, 41.31814764183985], [-84.37204248840469, 41.320220695109114], [-84.37584168780438, 41.323000338714515], [-84.37859490046213, 41.32626865582022], [-84.38044916197389, 41.329906563094596], [-84.38138240070512, 41.3334537701261], [-84.3816448245092, 41.33575134097956], [-84.38144937121208, 41.338061117182704], [-84.38037101573913, 41.34108579205768], [-84.3785457971147, 41.34447602673939], [-84.37592424024749, 41.34719605553686], [-84.37028214034882, 41.35068766172343], [-84.36430135442494, 41.353496605932754], [-84.3571150449848, 41.356682810330874], [-84.35111143545542, 41.359030765171916], [-84.34765414665605, 41.360274252160124], [-84.34462220770037, 41.360815082484166], [-84.34216297930456, 41.36053418748067], [-84.34106164650228, 41.359871835711616], [-84.34005878992149, 41.35805463919577], [-84.33878315891073, 41.356935955125074], [-84.33559320503768, 41.357365493829775], [-84.33064676573785, 41.359454178778385], [-84.3260539937886, 41.36257039676603], [-84.32378902034782, 41.366432071929516], [-84.32280644327615, 41.36830135243737], [-84.3234048308873, 41.37128147974669], [-84.32468587565738, 41.372515393289675], [-84.32698734759602, 41.372685561040505], [-84.3331012092999, 41.37264044435385], [-84.33692981914888, 41.37277032464207], [-84.3398204823993, 41.37246386982932], [-84.34168013711489, 41.3729910490191], [-84.34448868172173, 41.37418454315327], [-84.34681743383427, 41.37492973113283], [-84.34871527752415, 41.37626235756785], [-84.34906966515253, 41.37729001448525], [-84.34821859367624, 41.37869513680363], [-84.34646199577486, 41.38035456763096], [-84.34363076324277, 41.38192705140921], [-84.3412413261342, 41.38314217301696], [-84.3385463308279, 41.384365277975995], [-84.33388727876988, 41.38610078222756], [-84.33027557313582, 41.38734775538984], [-84.3266259194828, 41.3877890641692], [-84.32311817223562, 41.38799610729445], [-84.32128522101469, 41.38804404784126], [-84.31933368331835, 41.38556020436675], [-84.31639929741382, 41.384945525468396], [-84.31427708778092, 41.38534657492045], [-84.31323480281438, 41.38594986643845], [-84.31316275609801, 41.38768005204042], [-84.31276906864154, 41.38907296178521], [-84.31222261341601, 41.390469851189906]], [[-84.27066401140371, 41.3946570482312], [-84.26994679656408, 41.39237113512811], [-84.26881912050608, 41.3911327332415], [-84.26725443764838, 41.39036642472455], [-84.26511587539359, 41.390421362693544], [-84.26327752271052, 41.39035334008139], [-84.26118130168543, 41.391328865557405], [-84.25891110463952, 41.391847940100085], [-84.25620373439794, 41.39283903621946], [-84.25171590524977, 41.39502777739682], [-84.24768608315176, 41.397204669751986], [-84.24581593795233, 41.399787189596104], [-84.24589495977898, 41.401513417955805], [-84.2468538084879, 41.402410668311234], [-84.24855024583933, 41.402712988138845], [-84.24991475283285, 41.40244768714508], [-84.25187980642299, 41.401936597859155], [-84.25401345579918, 41.40176681252931], [-84.25751682535109, 41.401446697222255], [-84.2599560034586, 41.40126898013157], [-84.26240576067158, 41.40132137590826], [-84.26407043212227, 41.400933007881854], [-84.26755249451247, 41.40015227677961], [-84.26950142801688, 41.399295657308876], [-84.2703490545209, 41.39777603055382], [-84.27060150245741, 41.39661735992511], [-84.27066401140371, 41.3946570482312]]], [[[-84.41287322876357, 41.355886113018485], [-84.41321996407635, 41.359909737052334], [-84.41259517380152, 41.36280723030502], [-84.41148454435843, 41.36514165091045], [-84.40674236066536, 41.368265023952546], [-84.40335196620379, 41.37089102211877], [-84.40033104662562, 41.371663402239335], [-84.39794848925243, 41.372994731351554], [-84.39445274212565, 41.37343400306525], [-84.39005720943366, 41.37424289506027], [-84.38622291689248, 41.37399962373926], [-84.38315220485632, 41.373735872063115], [-84.3791762330661, 41.373726604674275], [-84.37671091684724, 41.373331340583185], [-84.37533104233067, 41.37325283037836], [-84.37455652912467, 41.373042982260436], [-84.37374914033256, 41.3721426575331], [-84.37364502370453, 41.36995616130759], [-84.37883593762632, 41.36659173300657], [-84.38253792821271, 41.36407334887352], [-84.38534554118256, 41.362039615457626], [-84.38892739593855, 41.36021557695795], [-84.39531614682373, 41.35635745537156], [-84.40023278367156, 41.353690722902165], [-84.40381933746725, 41.35198131029899], [-84.40640350755618, 41.35168145363194], [-84.40919015331514, 41.352413146908155], [-84.41139945430749, 41.3538516798647], [-84.41287322876357, 41.355886113018485]]], [[[-84.50428396070721, 41.411350684198965], [-84.50406960214521, 41.41320022266898], [-84.50338543147399, 41.414832298133625], [-84.50225421726117, 41.416707173869604], [-84.49957779033085, 41.418279043319885], [-84.49794249392384, 41.419245987852264], [-84.49589914596122, 41.418150122761894], [-84.4947840367661, 41.41725907997126], [-84.49415009317536, 41.416815660817996], [-84.4936291665038, 41.41556254954763], [-84.49430218541912, 41.41370039584232], [-84.4950263441036, 41.41287385082053], [-84.49633888727844, 41.411570166851476], [-84.49704024088459, 41.41028333429035], [-84.49818853174773, 41.4087537064192], [-84.49923522968957, 41.40826390262112], [-84.50058749004083, 41.40776564589087], [-84.50165127833966, 41.407621022684715], [-84.50359868519942, 41.40987170165097], [-84.50428396070721, 41.411350684198965]]], [[[-84.46138492414826, 41.40570240237819], [-84.46514115609685, 41.404332999663794], [-84.46909517285152, 41.403879486537114], [-84.47182731789701, 41.40345926538407], [-84.47414086636711, 41.403856679189886], [-84.47557770094839, 41.40508429683983], [-84.47626224545799, 41.40656285485089], [-84.47666966509017, 41.40862488209066], [-84.47615498587695, 41.41059698058758], [-84.47470680806335, 41.41224909634875], [-84.47423166897737, 41.415026328795705], [-84.47417514420812, 41.416985866999354], [-84.47396585441132, 41.41894958151351], [-84.47272679870122, 41.4217476874916], [-84.47083129892702, 41.423642315300214], [-84.4696995781522, 41.42551604145788], [-84.46873753377258, 41.42773064153629], [-84.46915050636026, 41.42990767520392], [-84.47094428244712, 41.432162147807745], [-84.47163465485221, 41.43375571514554], [-84.47188363903717, 41.43570686565452], [-84.47181571343373, 41.43743632862447], [-84.4705422977786, 41.43954425435856], [-84.46744070293198, 41.441817252835605], [-84.46659162416051, 41.443222502623684], [-84.46634248859984, 41.44438102893536], [-84.4672309106297, 41.44689058011097], [-84.46719676623978, 41.44931013138243], [-84.46650607333603, 41.450826217849304], [-84.46504551852374, 41.45224812524431], [-84.4632340610288, 41.45275820398864], [-84.45996242805505, 41.45158045207223], [-84.45664020095268, 41.4493674439381], [-84.45326190688377, 41.446004149754536], [-84.45101551868203, 41.44387691433213], [-84.44877488981358, 41.44186465239452], [-84.44771192560718, 41.438899018681546], [-84.44853432081669, 41.433809096641525], [-84.44985429544097, 41.4295118462074], [-84.45037549298074, 41.42765491215022], [-84.4507438839493, 41.42580212321376], [-84.45135032749786, 41.42256077035003], [-84.45178145641864, 41.4188634692731], [-84.45177676673624, 41.41563869917935], [-84.45237744806094, 41.41228228936399], [-84.4545504949141, 41.409804508267925], [-84.45746454237509, 41.406845800031235], [-84.46138492414826, 41.40570240237819]]], [[[-84.4757634310095, 41.50205411423893], [-84.47887317113539, 41.49989605402398], [-84.48292304036214, 41.49817279364697], [-84.48685390336715, 41.49714366334273], [-84.49097744834158, 41.496915285831555], [-84.4943876077216, 41.49774290182029], [-84.49658575791503, 41.49883411683632], [-84.49786062717392, 41.49983554336462], [-84.49853517052001, 41.501083812208535], [-84.49816764857167, 41.50293659908256], [-84.49655367623836, 41.50436301682642], [-84.49463942950894, 41.50591283280254], [-84.49134277828168, 41.50738543033649], [-84.48951866878458, 41.507665856281314], [-84.4843237517594, 41.507923534674056], [-84.4803468002267, 41.50803248345311], [-84.47818833872397, 41.50774606393223], [-84.47630746126899, 41.50687618977912], [-84.47529334905511, 41.50494610644451], [-84.4757634310095, 41.50205411423893]]], [[[-84.35825653576514, 41.50440373201339], [-84.35929468815068, 41.50690987542165], [-84.35864477094502, 41.50934537254302], [-84.35657974461448, 41.5110120428274], [-84.35294659891728, 41.51191384402279], [-84.35005641871966, 41.51233536105005], [-84.34576214282012, 41.51221789630804], [-84.34131490433359, 41.51210429098571], [-84.33763256758773, 41.51197048834993], [-84.33378097757229, 41.51149552714766], [-84.33161217240948, 41.51097645899906], [-84.3292904258584, 41.510461348458904], [-84.32819250121292, 41.50991423698183], [-84.3278215151826, 41.50854202541121], [-84.32955412399606, 41.50630875195564], [-84.33207312563636, 41.504515519143034], [-84.33521468530053, 41.50293625002519], [-84.33868919432817, 41.50192396590485], [-84.34171018598754, 41.501038636161006], [-84.34353472388811, 41.5007604391699], [-84.34597650099464, 41.500581161770235], [-84.34935233592948, 41.50072275634437], [-84.35278825994668, 41.502129438191375], [-84.35513722754567, 41.50321918265332], [-84.35697817482266, 41.50328583198275], [-84.35825653576514, 41.50440373201339]]], [[[-84.4377286753113, 41.51667735956117], [-84.43790008774737, 41.51390882463938], [-84.43945942776001, 41.51133308862626], [-84.44219184479009, 41.50768911068422], [-84.44652093779187, 41.505383761095004], [-84.44934272893936, 41.503579794518636], [-84.45296289147679, 41.502445066674674], [-84.45568216057025, 41.5016802076771], [-84.45783469656611, 41.50185201907664], [-84.45940930097053, 41.50273050782174], [-84.46008316658376, 41.50397898578192], [-84.46018473829791, 41.506049186896874], [-84.45786148951852, 41.50864600188004], [-84.45579327635073, 41.510199355849025], [-84.45280151810516, 41.51166258267118], [-84.45016621824698, 41.51415253130119], [-84.44691317909273, 41.51654398972999], [-84.44396026808924, 41.5188120617845], [-84.44216934019, 41.519781832696715], [-84.44051451904707, 41.520402407616885], [-84.43876432962749, 41.51906777984766], [-84.4377286753113, 41.51667735956117]]], [[[-84.3684966212557, 41.51680088037003], [-84.3709875195242, 41.51443178239885], [-84.3742486199774, 41.512157376995624], [-84.37911078947594, 41.51133747869778], [-84.38281522466212, 41.51193007420883], [-84.38531246983173, 41.51290014383206], [-84.3870504129863, 41.51400552573238], [-84.38853767834853, 41.516269158653415], [-84.38850067501228, 41.51868850686387], [-84.38803229690599, 41.52169512719077], [-84.38678230035775, 41.52437704920802], [-84.38491465401204, 41.526960208914716], [-84.38327568221527, 41.527925033007506], [-84.38099154553088, 41.528216009891636], [-84.37755922885565, 41.526925176732426], [-84.3762966377489, 41.52615254277686], [-84.37226348938195, 41.525107805585094], [-84.36961847144028, 41.52425653853685], [-84.36786408382342, 41.522805875983565], [-84.36688572797678, 41.52156499492283], [-84.36650292708623, 41.51996288936785], [-84.3684966212557, 41.51680088037003]]], [[[-84.39592815919866, 41.539334435218706], [-84.39645722751729, 41.53759295170705], [-84.39776802616987, 41.5361760816789], [-84.40034177930204, 41.53553158537103], [-84.4031018029676, 41.535573007672255], [-84.40529414680086, 41.53655082261309], [-84.40675473305106, 41.538239133012816], [-84.40804012455432, 41.53947147987181], [-84.40913916662208, 41.54001785077028], [-84.41330453422185, 41.54059720225807], [-84.41575869686811, 41.54064654085549], [-84.417623010871, 41.54117230171945], [-84.41872773324641, 41.541833593830745], [-84.41967385842233, 41.54238397740203], [-84.42017760860394, 41.5432917156937], [-84.42043665255142, 41.54547277156532], [-84.41898424939696, 41.547124002200654], [-84.41861431489993, 41.54897646754652], [-84.41900965919746, 41.550808380653024], [-84.42001727991575, 41.55262384554676], [-84.42054901063055, 41.55410661265166], [-84.42092211329371, 41.55547848031869], [-84.42114215780222, 41.556854457913], [-84.41949740128075, 41.5577047385667], [-84.4176995264595, 41.55855910466181], [-84.41678663679379, 41.55869875888895], [-84.4151139245761, 41.55897394159744], [-84.41306822624858, 41.55787721521927], [-84.41159036685342, 41.55584398831446], [-84.41005697228584, 41.552660656067005], [-84.40934461557107, 41.55060689564323], [-84.40751089579582, 41.54754671975076], [-84.40571622055373, 41.54529157336808], [-84.40286700945825, 41.543410057059674], [-84.3997506832351, 41.54234171229904], [-84.3977223533542, 41.541589739480486], [-84.39661230032193, 41.540813245058125], [-84.39592815919866, 41.539334435218706]]], [[[-84.4423305487755, 41.62664275949488], [-84.4410766126937, 41.626100873180654], [-84.44024866104883, 41.62485656987436], [-84.4403119772196, 41.623012445801145], [-84.44143094412709, 41.62079435730706], [-84.44379802243064, 41.61900312919419], [-84.44449656982378, 41.617602425250205], [-84.4453651750977, 41.616542571733675], [-84.44361241722919, 41.61520813563631], [-84.44157018918823, 41.61422695027138], [-84.43938605463185, 41.61347986605761], [-84.43812115542099, 41.61270794129159], [-84.4368169985934, 41.611130997532584], [-84.43674404078514, 41.60963598623319], [-84.43712503645807, 41.60801357418077], [-84.43659813475648, 41.606645957096816], [-84.43350641394643, 41.606153553409875], [-84.43137865308334, 41.60655633399169], [-84.42895009480577, 41.60708232389943], [-84.42788339107571, 41.60722617785318], [-84.42603396893809, 41.607045613515645], [-84.42492811677758, 41.60638442909545], [-84.42438470060407, 41.60467175063153], [-84.42431202287969, 41.60317672256896], [-84.42563469002161, 41.60198964301603], [-84.42799033706056, 41.59996868666229], [-84.43086135043069, 41.59908533154428], [-84.4341525386662, 41.59738450456141], [-84.43685897934907, 41.59627512893609], [-84.43992933097817, 41.59319824057187], [-84.44371453856814, 41.589065536118646], [-84.44678425502372, 41.58598845288582], [-84.44971745905528, 41.58326044150002], [-84.45253675752798, 41.58134152796506], [-84.45447100232616, 41.5801374978098], [-84.45629719814582, 41.57985761939389], [-84.45891157694653, 41.580016926427284], [-84.4607999033824, 41.581002014322436], [-84.46228543178866, 41.583149593857556], [-84.46234196260791, 41.58429961981065], [-84.46183117450501, 41.586386321312006], [-84.45983977914975, 41.58954966065912], [-84.4577635065544, 41.59098792894788], [-84.45331002783296, 41.59398766173252], [-84.45052403227479, 41.5965965809875], [-84.44920753632316, 41.597898940128644], [-84.44748215311395, 41.600248735623225], [-84.44667569806958, 41.60257363548207], [-84.44679952347414, 41.60510366021486], [-84.4479506124608, 41.606684652072374], [-84.449970169291, 41.607205734643664], [-84.45343137288761, 41.605845249904824], [-84.45553076378094, 41.60486707868365], [-84.4580783293754, 41.603646391875635], [-84.46050088810703, 41.60300481549529], [-84.46342817228131, 41.60327069672027], [-84.46576541960796, 41.604013185609716], [-84.46797219737812, 41.60521980072123], [-84.4681933542213, 41.60659562751156], [-84.46783010066119, 41.60856313823949], [-84.4638751026605, 41.61235568834192], [-84.45956804604984, 41.61523642459176], [-84.45837632195962, 41.615959703272615], [-84.4562879210109, 41.61716791193956], [-84.45382444110018, 41.620113531793436], [-84.45137202356862, 41.62328909078756], [-84.44912441526269, 41.62438631946078], [-84.44720007958125, 41.62582021088315], [-84.44540075238228, 41.62667493346631], [-84.44387971393101, 41.626946353019726], [-84.4423305487755, 41.62664275949488]]], [[[-84.51041767062028, 41.63203894267993], [-84.511417478855, 41.63362351284898], [-84.51212806285636, 41.63556151203985], [-84.51193065190691, 41.6377548611271], [-84.51097267516073, 41.64008433372637], [-84.50875409863595, 41.64175762506729], [-84.50723867116638, 41.64214483338404], [-84.50526916279463, 41.642659675046275], [-84.50325380551399, 41.64225453126738], [-84.50150492888469, 41.64103596462984], [-84.50006263285384, 41.639808946481295], [-84.49880799132576, 41.639267665193785], [-84.49586759071083, 41.638772658971035], [-84.49292723288673, 41.6382775811319], [-84.49136617741982, 41.63774462787612], [-84.48995839626689, 41.63720745481977], [-84.48931117761842, 41.636534278502815], [-84.48894765573013, 41.635392719622594], [-84.49038313075451, 41.63339580064825], [-84.49186988468063, 41.63243382395751], [-84.49378204505814, 41.63076924034886], [-84.49644883865416, 41.628853595458786], [-84.4980829186202, 41.62777233433506], [-84.50051169494996, 41.62724496721216], [-84.50249224332683, 41.62696018731581], [-84.50425223208339, 41.62840874779598], [-84.50542227018028, 41.630334141511945], [-84.50777243402868, 41.63130578588627], [-84.51041767062028, 41.63203894267993]]], [[[-84.40412290369201, 41.651964977348456], [-84.40680418278768, 41.65028134186335], [-84.41006503002588, 41.647891264618224], [-84.41213290181466, 41.64622389667963], [-84.41458797865403, 41.643049202360714], [-84.41663326978899, 41.64092175584055], [-84.41854750977852, 41.63925837386722], [-84.41984863610476, 41.63761140378952], [-84.42226717537204, 41.636855614480105], [-84.42412299112031, 41.63715122955684], [-84.4250760806049, 41.637816519230654], [-84.42590391242078, 41.63906091070379], [-84.42494299619962, 41.64138969764026], [-84.42440825594768, 41.64301613601482], [-84.42481549256988, 41.64507786114196], [-84.42572735423889, 41.64804720528091], [-84.4269402663459, 41.65089329807249], [-84.42745051724566, 41.651915908821486], [-84.42739242514527, 41.653874971236256], [-84.42639216207908, 41.6553987623729], [-84.42492636343755, 41.65681989913117], [-84.42329042234759, 41.65790014281244], [-84.42148435533187, 41.65863948757604], [-84.41832894596253, 41.65688176149573], [-84.41565590449494, 41.65557162230485], [-84.41332300848914, 41.6549432002842], [-84.41039369596388, 41.65467612119359], [-84.40885518567656, 41.65460210215306], [-84.40704348376431, 41.655226236860436], [-84.40537392008046, 41.65561625716137], [-84.4042786004985, 41.65518490992742], [-84.40390528648236, 41.65381312164158], [-84.40412290369201, 41.651964977348456]]], [[[-84.47574792755647, 41.69436391753881], [-84.48009947380253, 41.695396658539295], [-84.48231517042038, 41.69671789404699], [-84.48286078287671, 41.698430158903655], [-84.48203728448198, 41.70041010688774], [-84.48075354573355, 41.70240260916755], [-84.47928275042275, 41.704273935704975], [-84.45410188013429, 41.704867988715606], [-84.45664729555126, 41.702597716183774], [-84.4602213465907, 41.70031308676819], [-84.46318160255558, 41.69804501011658], [-84.46663015960019, 41.696339297330255], [-84.47085679978088, 41.694842590159354], [-84.47574792755647, 41.69436391753881]]], [[[-84.05231071145712, 40.54578355977857], [-84.05171187174955, 40.54591327601936], [-84.05018295349092, 40.545488760194786], [-84.04895102748523, 40.544941775011324], [-84.04818658520635, 40.54472950170207], [-84.04786516237617, 40.544275953703504], [-84.04797208407929, 40.54323553674388], [-84.04970983557149, 40.54146404388721], [-84.0513210532358, 40.54027214895387], [-84.0528832383224, 40.5379282377034], [-84.05554581560901, 40.536595665788134], [-84.05924503296535, 40.53477677081888], [-84.06295879815404, 40.53330335702021], [-84.06561116703435, 40.53174015766679], [-84.06736786364829, 40.530429192730224], [-84.0692950876917, 40.52957534704767], [-84.07089583798239, 40.52815278014388], [-84.07277858551832, 40.5262620819601], [-84.07419870762101, 40.52415192621345], [-84.07773107560783, 40.52199050228344], [-84.08027133628717, 40.521352224469624], [-84.08222287470397, 40.52107416240029], [-84.08418429439645, 40.52102646690732], [-84.08617542214286, 40.52166993422694], [-84.08922770994108, 40.52240283607452], [-84.09181749208992, 40.52291630194111], [-84.09365289727747, 40.52344812431578], [-84.09487982738679, 40.523879455813514], [-84.09447683343527, 40.52504249204972], [-84.09377204771636, 40.52621289103116], [-84.09142727238074, 40.527884562594956], [-84.08803106240197, 40.52969711441787], [-84.08521847532275, 40.531034089136575], [-84.08299455017132, 40.53201072777217], [-84.08003086654044, 40.533351246681306], [-84.07783148819634, 40.534903780096855], [-84.07575824575494, 40.53587661923287], [-84.07323220495286, 40.53686039130062], [-84.06793714491602, 40.540217456249025], [-84.06453971551385, 40.542029325016884], [-84.0608549837432, 40.544193972283985], [-84.05757867207824, 40.54531080649702], [-84.05502261826113, 40.545602995115914], [-84.05366911637529, 40.54575088457062], [-84.05231071145712, 40.54578355977857]]], [[[-84.21072285832872, 40.672063061965005], [-84.21309033340397, 40.67084992695692], [-84.2150455560147, 40.67056971307631], [-84.21704220724591, 40.671210927082385], [-84.21813687643456, 40.67199033113426], [-84.21849110850529, 40.673134474352345], [-84.2181204203533, 40.674988908948066], [-84.21418793041771, 40.67843279214895], [-84.21094910632435, 40.68047520380797], [-84.20814826328608, 40.682160498724016], [-84.20643685711322, 40.68451004892014], [-84.20562241179486, 40.686606268046184], [-84.20533390448048, 40.690303551694484], [-84.20601632488366, 40.692015977795414], [-84.20624503272734, 40.69373987259162], [-84.20540982047028, 40.695375353153985], [-84.20501284928893, 40.69665381479765], [-84.20370831462284, 40.69795520561321], [-84.20023452653349, 40.698158227142166], [-84.19538394256676, 40.698049908757305], [-84.19205110279752, 40.69801851862661], [-84.18918231559759, 40.69820599075589], [-84.18722107315796, 40.69837059461282], [-84.1858546017716, 40.69828960927802], [-84.184618878994, 40.69774408386555], [-84.18248587945493, 40.69745167958217], [-84.1814168248672, 40.69724787210765], [-84.1804222113312, 40.69531253081935], [-84.18007361665023, 40.69428347362261], [-84.18001728964963, 40.693016467551715], [-84.18190666576625, 40.691239427759456], [-84.18392667820223, 40.688997829619105], [-84.18522628744579, 40.68758146445316], [-84.18670786386376, 40.68685237990734], [-84.18758960896164, 40.68625366455179], [-84.18784074505949, 40.6850942358718], [-84.18763305498966, 40.683831026854406], [-84.18543892558974, 40.68215647791044], [-84.18322440270406, 40.680021153644994], [-84.18045635599655, 40.679052789356085], [-84.17936199996655, 40.67827304325157], [-84.17841888344297, 40.677489497436355], [-84.17787826989635, 40.6755427403524], [-84.17779130573687, 40.67358461348361], [-84.17831938662002, 40.671841696973736], [-84.17902422542201, 40.67067090713922], [-84.18106421210547, 40.66889006438988], [-84.18286319041636, 40.668498985690356], [-84.18525154166551, 40.66774713687149], [-84.18661740858313, 40.667828131100286], [-84.18862911605487, 40.66881537375964], [-84.18955169119087, 40.66913810814562], [-84.1900360916363, 40.669817799638984], [-84.19242739831192, 40.67252512243515], [-84.19462653474658, 40.67431473693563], [-84.19602856335834, 40.67520190526289], [-84.19787911083846, 40.67596243247943], [-84.20239994495931, 40.67550237813821], [-84.20643611576514, 40.67436253198141], [-84.21072285832872, 40.672063061965005]]], [[[-84.20638741225736, 40.7374388026403], [-84.20449897133562, 40.73587219396873], [-84.20354962008658, 40.73497369970495], [-84.20245411720394, 40.73419419534233], [-84.20285651315022, 40.73303095276849], [-84.20398457740458, 40.73115753162348], [-84.20437143819599, 40.729648746059205], [-84.20468081788506, 40.72641227763071], [-84.20459819369879, 40.7245694166082], [-84.2045413921385, 40.72330244827743], [-84.20494885376789, 40.72225436917097], [-84.20777724505996, 40.72114508888613], [-84.21000032073587, 40.72005105954212], [-84.21210307809987, 40.71965189385564], [-84.21451359960868, 40.719360200307065], [-84.21603700850426, 40.719552198163996], [-84.21787340737518, 40.71996685580181], [-84.21962078522401, 40.72176746851217], [-84.22090393219837, 40.72334922711199], [-84.2238827919152, 40.72557973449578], [-84.22565646445034, 40.727956140837115], [-84.2266372124928, 40.7295455288762], [-84.22818647568344, 40.73365725058499], [-84.23077449650297, 40.73728124912678], [-84.23332629789621, 40.74009894794184], [-84.23447960721562, 40.742145104302146], [-84.23576869055097, 40.74384185687394], [-84.23691169601257, 40.74565763274223], [-84.23750150721229, 40.748640608864264], [-84.23867593564357, 40.75114740473461], [-84.24101442084283, 40.75258666401616], [-84.24271613334949, 40.753350316842095], [-84.24534184717857, 40.7544362260396], [-84.24794670542293, 40.755061382392704], [-84.24998274597316, 40.75650821633312], [-84.2509434261015, 40.75763666330961], [-84.2520660064317, 40.75899156497392], [-84.25165901375863, 40.76003977071767], [-84.25113205785603, 40.761782893814164], [-84.24894493140445, 40.76368386298657], [-84.24555166335091, 40.76573095808527], [-84.23872798588175, 40.769018640638976], [-84.23605472733736, 40.77023991933407], [-84.23411761113465, 40.77098114920087], [-84.23245723996189, 40.7711387675486], [-84.23094307107348, 40.77117733415125], [-84.22924625577602, 40.770528696324234], [-84.22800371512025, 40.76986847902857], [-84.22762285954005, 40.76814858198079], [-84.22805162069962, 40.76421727272983], [-84.22776497679814, 40.76122660412894], [-84.22717557965011, 40.75824363096807], [-84.2266174273336, 40.75595169565577], [-84.22561556908705, 40.75390165130016], [-84.22479631976292, 40.7525387968293], [-84.22306885958996, 40.75119901354345], [-84.22054306603532, 40.7489570083075], [-84.21905618881522, 40.746227349623865], [-84.21760573808743, 40.744303904830794], [-84.21477762759615, 40.742069434504685], [-84.21165735474061, 40.740072911521374], [-84.2088658139295, 40.738644537095055], [-84.20638741225736, 40.7374388026403]]], [[[-84.16809467696294, 40.827298395237996], [-84.1661246183994, 40.8273474664543], [-84.16444233981267, 40.82704344868927], [-84.16289122326252, 40.82627495178057], [-84.16190552276286, 40.82456998959767], [-84.16179849251019, 40.822151381050325], [-84.16215114661742, 40.81983663590807], [-84.16299912778828, 40.81843195620474], [-84.1644327551999, 40.8165514961045], [-84.1661591293922, 40.81443312489116], [-84.16835524856995, 40.81264891489747], [-84.17028400939554, 40.81167842739957], [-84.17147051914142, 40.811072329118346], [-84.17293956332465, 40.80999796515495], [-84.17325086874864, 40.806761786078695], [-84.17477918665723, 40.80361050209334], [-84.17466150770638, 40.8009615231401], [-84.17412009105546, 40.79901493077774], [-84.17374552474953, 40.79741007056504], [-84.17393083877958, 40.79475351258499], [-84.1743883789898, 40.79139833849335], [-84.17505872367434, 40.789421459015294], [-84.1763246158765, 40.787199080377704], [-84.17908443641137, 40.78447809756348], [-84.18471118671157, 40.78145458665915], [-84.18694686720185, 40.78059138907526], [-84.18931851296416, 40.77937882370928], [-84.1911408995147, 40.77944834857016], [-84.19295814470338, 40.77940267160277], [-84.19359476906367, 40.78007848382212], [-84.19426743696101, 40.78156050932323], [-84.1928147593231, 40.782980677879884], [-84.19249418257728, 40.785986614538594], [-84.19137000015182, 40.787975013828266], [-84.18963991246191, 40.78997861469694], [-84.18840522632836, 40.79289216909987], [-84.18686235422143, 40.79569813181658], [-84.18621282580753, 40.79813576015314], [-84.18572500457074, 40.800799927848246], [-84.18573269418877, 40.80437407365877], [-84.18603824820272, 40.807825441312346], [-84.18615123686986, 40.8103592243355], [-84.18607163460541, 40.811975428160665], [-84.18567359824488, 40.813253712148196], [-84.18483640752312, 40.81488890073183], [-84.18367561078882, 40.81607098752362], [-84.18269707960447, 40.81794029619967], [-84.18110726410256, 40.819709594512524], [-84.18012861244654, 40.821578877393684], [-84.17659943603046, 40.8240884073568], [-84.17288265682139, 40.82579541304024], [-84.17035248475983, 40.826896220787624], [-84.16809467696294, 40.827298395237996]]], [[[-83.87339326095753, 40.85145511719111], [-83.87500554587933, 40.85003550362618], [-83.87613520053215, 40.84793499737012], [-83.8779256354946, 40.84339862381532], [-83.87916040165669, 40.84014285119746], [-83.88013818472513, 40.838045701927626], [-83.88100137693631, 40.83687341118279], [-83.88305863151689, 40.835213072369584], [-83.88485901190438, 40.83471135276791], [-83.88666400647655, 40.83432478803762], [-83.88834062156724, 40.83451752789336], [-83.8901874068116, 40.83516754835873], [-83.89144650623643, 40.836291970265975], [-83.89214581493127, 40.83858190062808], [-83.89241365288773, 40.84145801051526], [-83.89263035336185, 40.84306712138963], [-83.89284706391878, 40.84467623003011], [-83.89231507869196, 40.84653283290606], [-83.89087807683389, 40.84852516294092], [-83.88913312509395, 40.85040913737355], [-83.88862421982216, 40.85284161885079], [-83.88860730190282, 40.85618527209733], [-83.88853464130652, 40.85814675681059], [-83.88890293489968, 40.85975243343181], [-83.88855952511322, 40.862527015273066], [-83.88621223284997, 40.8645397926708], [-83.88429191160708, 40.86585119558276], [-83.88356151149128, 40.866559352068464], [-83.88265626951018, 40.86669502007953], [-83.8809835231209, 40.86661738453487], [-83.8797333033583, 40.86572323658297], [-83.8781798304975, 40.86483589238498], [-83.87553254498089, 40.86316610742895], [-83.87258673455598, 40.86161824559371], [-83.87086796428558, 40.86038866368261], [-83.87063787016442, 40.858433991326024], [-83.870991209772, 40.8558898148644], [-83.87209337800329, 40.85309826866903], [-83.87339326095753, 40.85145511719111]]], [[[-84.21342532510464, 40.87043497729088], [-84.21283952569252, 40.87091097175283], [-84.21096289718382, 40.86969012409478], [-84.2092276079899, 40.86823508591057], [-84.20766472227052, 40.86723686018735], [-84.20672390782957, 40.866568814809305], [-84.20548503346033, 40.866023574972075], [-84.20426168915213, 40.86582382165213], [-84.20321065037732, 40.866080901758025], [-84.20119819410601, 40.86520921683198], [-84.19995422446958, 40.86454875247081], [-84.19975097565593, 40.86340090009334], [-84.19966321485147, 40.86144306138112], [-84.19970642174562, 40.85902073498951], [-84.2006799104028, 40.85703617461779], [-84.20145009427927, 40.85390374616204], [-84.20177576168179, 40.85101309791579], [-84.20318317534047, 40.84855637719401], [-84.20501938499439, 40.845512327672274], [-84.20656263039504, 40.84270622967002], [-84.20798522955525, 40.84059494343369], [-84.20928205966774, 40.83906330788418], [-84.21053222592042, 40.836495139095824], [-84.21180820146486, 40.83450279650901], [-84.21326675154415, 40.83319761747207], [-84.2141501498689, 40.83259877106349], [-84.21503353295758, 40.831999917890556], [-84.21640267510071, 40.83208056024379], [-84.21855553108858, 40.8327178333834], [-84.21952196611421, 40.83396164454548], [-84.22002337576725, 40.8349866361235], [-84.22040960476495, 40.836821644714185], [-84.2196560478406, 40.84029973722656], [-84.21873526152224, 40.84343615337788], [-84.2186979213303, 40.84597368113954], [-84.21863461452837, 40.84793536758033], [-84.21827850978855, 40.850135064954934], [-84.2166784845064, 40.851674461109106], [-84.21572109371795, 40.854004660145485], [-84.21533373817611, 40.855513338175285], [-84.21525476401995, 40.85712950922335], [-84.21502417718875, 40.85874951376116], [-84.21492444207988, 40.859905014793554], [-84.21495037967065, 40.860480847314065], [-84.21549342179422, 40.86242716923099], [-84.21601573591153, 40.86391282140949], [-84.2159523368924, 40.86587448113378], [-84.21528760762371, 40.86796664793781], [-84.21400592975712, 40.869843814060324], [-84.21342532510464, 40.87043497729088]]], [[[-84.15585575717927, 40.86276816303789], [-84.15488497469416, 40.86140869451781], [-84.15483409645404, 40.860257004054745], [-84.15536931784112, 40.85862959824087], [-84.1548330798726, 40.85679816778093], [-84.15335673624558, 40.85429826179611], [-84.15206767395038, 40.852600766803604], [-84.15093535067102, 40.85101467182309], [-84.14931783579388, 40.84874880013358], [-84.14894357464391, 40.84714391887154], [-84.15047896511417, 40.844108206289604], [-84.1523478620552, 40.84175598050414], [-84.15367136336033, 40.84080080321825], [-84.15486360242151, 40.840310052932146], [-84.156207395472, 40.83981552982738], [-84.15971389774222, 40.84018966129348], [-84.16249317122153, 40.84127355846535], [-84.16528784284664, 40.842702900570735], [-84.16670309356392, 40.843820641478885], [-84.16878092267507, 40.84619012630338], [-84.16968196075094, 40.84939598587837], [-84.16933963007168, 40.85194104271949], [-84.16899727426149, 40.85448609392961], [-84.16911993904554, 40.8572501463453], [-84.16844876979596, 40.85922689744231], [-84.16802969896354, 40.8600444056505], [-84.16729716886967, 40.860639125003885], [-84.16599390216759, 40.862055113363205], [-84.16394778105347, 40.86383544675682], [-84.1623207315953, 40.86479825942287], [-84.160966301577, 40.865062505518914], [-84.15928822638405, 40.864873592095535], [-84.15743307329967, 40.86411257441019], [-84.15585575717927, 40.86276816303789]]], [[[-84.08653160551526, 40.888332624703956], [-84.08544496799917, 40.88778247894782], [-84.08509684359782, 40.88675329273805], [-84.08519878053202, 40.88559792322414], [-84.08572588210178, 40.88374051879227], [-84.0864344763505, 40.88257045819638], [-84.0874911745843, 40.88242957669419], [-84.08869455630042, 40.88216984063429], [-84.09065127803851, 40.88177653613992], [-84.09365965749248, 40.8811270935155], [-84.09572805648529, 40.87980866404258], [-84.09710798917304, 40.88012100846983], [-84.09790126201105, 40.8809087652346], [-84.09947786688274, 40.882253922438956], [-84.10044285567456, 40.88349865018779], [-84.10004283062592, 40.88477658337682], [-84.0991927631589, 40.88618074979429], [-84.09773095279094, 40.88748448781669], [-84.09653749856331, 40.88797465221637], [-84.09566236291137, 40.88880294453871], [-84.09402380213395, 40.889534473097726], [-84.09116176157136, 40.890065073380484], [-84.09007506016441, 40.88951497034965], [-84.08823494566316, 40.88909840237308], [-84.08653160551526, 40.888332624703956]]], [[[-84.07699553664943, 40.889024290654426], [-84.07779364478131, 40.889927345425434], [-84.07879806079589, 40.89209359843618], [-84.07784044165294, 40.89453779378252], [-84.07746970736616, 40.896506657327], [-84.07648221788408, 40.89825981903563], [-84.07438811752696, 40.89900205225102], [-84.07335591631167, 40.89971866270184], [-84.07091871212623, 40.899546791915114], [-84.06894653303057, 40.89959426068216], [-84.06651428805637, 40.89953746968379], [-84.06333833177821, 40.899844355980974], [-84.0606273392794, 40.90037057935526], [-84.05658048344154, 40.901620478105265], [-84.05388413952697, 40.90249205728022], [-84.05119264655039, 40.90347874504315], [-84.04906862632426, 40.903529513964685], [-84.0458334917094, 40.902453895841255], [-84.04398348652973, 40.901806311510605], [-84.04287735653901, 40.90079510359963], [-84.04251018256625, 40.899305121396445], [-84.04318532975827, 40.897329135361], [-84.04429590624403, 40.89488160324025], [-84.04619432079336, 40.893106977705855], [-84.04719232512328, 40.89158440115383], [-84.04974155663577, 40.89083176266315], [-84.05199719852324, 40.890316669173274], [-84.05441433863939, 40.89002824299868], [-84.05698314392106, 40.8897361329995], [-84.06017839599399, 40.889890095518716], [-84.06137707475048, 40.88951546476536], [-84.06271261365863, 40.88879166795928], [-84.06496809281687, 40.88827632940001], [-84.0670718580391, 40.887764596123425], [-84.06899423011583, 40.88656545319574], [-84.07126939353817, 40.886510677294105], [-84.07372100529649, 40.887028053536746], [-84.07557585192184, 40.88779035565797], [-84.07699553664943, 40.889024290654426]]], [[[-84.17596408172655, 40.90192899401045], [-84.1742645810456, 40.901279636818096], [-84.17329289832097, 40.89992035586037], [-84.17294340903442, 40.89889143486062], [-84.17345289662406, 40.89668816771078], [-84.17500368210763, 40.893997745977885], [-84.17671628226331, 40.8915338433775], [-84.1795264174079, 40.88984954403634], [-84.18130035867411, 40.888767556962186], [-84.18277603267781, 40.887808297558], [-84.18548046404389, 40.8871641395409], [-84.18729539209963, 40.88700338621794], [-84.18975303276052, 40.88763355148668], [-84.19282256994762, 40.88836360417214], [-84.19542167072034, 40.888759515094854], [-84.19653499103029, 40.88988448616609], [-84.19721910792579, 40.891596708169594], [-84.19789293523353, 40.893078595157505], [-84.19838929010324, 40.89398846916194], [-84.19781351178037, 40.89469471067362], [-84.19427609790245, 40.89708946616121], [-84.1922039059192, 40.89829441618943], [-84.18981794546758, 40.89927660769426], [-84.18637515110098, 40.90040051256447], [-84.18444414730905, 40.901371197852306], [-84.18264938441308, 40.901992564014954], [-84.18099602752645, 40.902379782106266], [-84.17856359475529, 40.90232526686125], [-84.1771931095169, 40.9022441958018], [-84.17596408172655, 40.90192899401045]]], [[[-84.02252025063919, 40.893439232542036], [-84.02409080431421, 40.894670198089855], [-84.0243009833507, 40.89604866404929], [-84.02390922854843, 40.89755667383581], [-84.02291062695227, 40.899079049728336], [-84.01979776086682, 40.90088200805599], [-84.01696871691553, 40.90221702946665], [-84.01563244195532, 40.90294030897728], [-84.01462872300631, 40.90434743863927], [-84.01437871814507, 40.9056214843316], [-84.01549422865304, 40.90686329390679], [-84.01768646175888, 40.90842551246979], [-84.01956073073583, 40.90964935297792], [-84.02158192915122, 40.91075440254762], [-84.02566353529069, 40.91388575690558], [-84.02723948785074, 40.91523183247605], [-84.02744979186485, 40.91661027205011], [-84.02677888748835, 40.918701310939575], [-84.02547165987673, 40.920115708177775], [-84.02294057990683, 40.921328491939384], [-84.01975369695276, 40.92140387876966], [-84.01701235106923, 40.921238089142854], [-84.01545590264216, 40.92035256455166], [-84.00908360936002, 40.91692900290813], [-84.00518821493792, 40.91459971698631], [-84.00164009043094, 40.91329971067244], [-83.99731886959724, 40.91167188092476], [-83.99454412858545, 40.91069937330786], [-83.99196940959223, 40.91087496510736], [-83.98988361524954, 40.9118460545882], [-83.98728958887465, 40.91156085914957], [-83.98514118257013, 40.911034633007276], [-83.9834143754962, 40.90969153967343], [-83.9825980332929, 40.90832717975859], [-83.98209479160319, 40.90718607801224], [-83.98276694771062, 40.90509527257903], [-83.98497070034766, 40.903314551020706], [-83.98689496293142, 40.90211674203147], [-83.98880952891331, 40.900688555880485], [-83.9905530321627, 40.89880319773382], [-83.99015326785957, 40.89650684259743], [-83.98851584711497, 40.89366300811257], [-83.98810655399487, 40.89113629067421], [-83.98817161099338, 40.88905961941155], [-83.98867246630115, 40.886511605379276], [-83.98950553251386, 40.88464752981949], [-83.9903770842651, 40.883704838089365], [-83.99222132208457, 40.884238086874994], [-83.99624220394037, 40.88598842460515], [-83.99813484283642, 40.88767331606362], [-83.99985655337598, 40.88890104564447], [-84.00156378651049, 40.88978322881459], [-84.00417636178936, 40.89052880856624], [-84.00814936718848, 40.891127007186526], [-84.01090890520899, 40.89175369343309], [-84.01471577364613, 40.89200973291864], [-84.01728968093686, 40.89183364714535], [-84.02033811579412, 40.89210742936125], [-84.02252025063919, 40.893439232542036]]], [[[-84.10869171907646, 40.90209004529673], [-84.10911549483879, 40.90484666181843], [-84.10877568157188, 40.907506609753916], [-84.10904776637568, 40.91026691605135], [-84.10881953595784, 40.91200181925953], [-84.10755922716024, 40.914453617202795], [-84.10612704320575, 40.91644842917776], [-84.10435622872215, 40.91764444694879], [-84.1013463644637, 40.918294141119226], [-84.09664224915996, 40.91840847566834], [-84.0928436074778, 40.918385379552134], [-84.08846289201522, 40.91895269884878], [-84.08482592237718, 40.919156007463805], [-84.08163423684701, 40.919117873361095], [-84.07905948037723, 40.91929533865357], [-84.07661661153227, 40.91900841904648], [-84.07492258312678, 40.91847282820178], [-84.07354198690271, 40.91816023696178], [-84.07394269319713, 40.9168824235682], [-84.07627632549908, 40.914635708066484], [-84.07904514489879, 40.91191728357746], [-84.08169183949961, 40.90989346434396], [-84.08409959090314, 40.90937410694417], [-84.08621380975124, 40.90909238120999], [-84.08773604943686, 40.90917081899384], [-84.08897476772545, 40.90971725982826], [-84.09049702424795, 40.909795662480306], [-84.09227785206758, 40.90883017800966], [-84.09373023572549, 40.90729619142677], [-84.09489908451806, 40.906230223140085], [-84.09619963977767, 40.904699886650036], [-84.09692825036011, 40.903990453615805], [-84.09869384662929, 40.90267936574178], [-84.1003226683218, 40.90171744444251], [-84.10237654427355, 40.900053415720514], [-84.10400525316281, 40.89909144249344], [-84.10563892567718, 40.89824461445214], [-84.10782289138436, 40.899574856442136], [-84.10869171907646, 40.90209004529673]]], [[[-84.215289213658, 40.96907841024218], [-84.21454554609831, 40.969443056515026], [-84.21318407623504, 40.969592716020465], [-84.21180183842579, 40.96928173064711], [-84.21056627513433, 40.968851742480126], [-84.20872332952786, 40.96843705126933], [-84.20688558820108, 40.96813748929839], [-84.20487529900709, 40.967381090139085], [-84.20267698214263, 40.965822370182345], [-84.2000646066528, 40.96519632330899], [-84.19911736580839, 40.96441310838553], [-84.19862049664982, 40.963503285040794], [-84.1974852944735, 40.96191776053372], [-84.19541333697431, 40.95977929404082], [-84.19213720771046, 40.95790156149791], [-84.19041556602316, 40.95679182358778], [-84.18857306198406, 40.95637681879347], [-84.18762607172596, 40.95559350782888], [-84.18648610358, 40.95389270994361], [-84.1850631401515, 40.95266013359519], [-84.18380232608412, 40.95165406403051], [-84.1820758335433, 40.95042904087121], [-84.18018218396678, 40.94886230130963], [-84.17934098333718, 40.94703868387331], [-84.17881369506165, 40.94543780166061], [-84.17799310150109, 40.94407481407081], [-84.17806277904424, 40.94222844834317], [-84.17861348750162, 40.940946520384315], [-84.17932623213956, 40.93989112151239], [-84.18111686927415, 40.9391546611241], [-84.18246753127323, 40.93877503992054], [-84.18472374488071, 40.93825746511486], [-84.1872680494639, 40.93738676448776], [-84.18890160660253, 40.93653882503956], [-84.19038849745931, 40.93580982800367], [-84.19125794024436, 40.934865711412996], [-84.19222242587738, 40.93265100705357], [-84.193835179476, 40.931342351473326], [-84.19517013963113, 40.93061710053751], [-84.19620670211941, 40.93001461877828], [-84.19758292269283, 40.93021063188562], [-84.20048715422341, 40.93059879394839], [-84.20265326935746, 40.93146662934942], [-84.20436412703937, 40.93234589082689], [-84.20531616576739, 40.93324424394239], [-84.20596468030901, 40.93415023659474], [-84.20574397585919, 40.93600045293353], [-84.20356043344104, 40.93813067120559], [-84.20181660581595, 40.9399039109595], [-84.20068502381886, 40.94177701696124], [-84.20043313612055, 40.94293625242332], [-84.20005528877172, 40.944675102737875], [-84.2007038415206, 40.945581116115775], [-84.20195961805727, 40.946471852688724], [-84.20290147166334, 40.94713989607033], [-84.2038226410083, 40.947347293346176], [-84.20594788822899, 40.947293781643886], [-84.20806276693847, 40.947009913346854], [-84.20973259360434, 40.946967812508014], [-84.21156978566512, 40.947267335710315], [-84.21342256823709, 40.94791230816889], [-84.21463700128874, 40.947881637388626], [-84.21600323718071, 40.94784711808121], [-84.21796108928534, 40.947451752410714], [-84.21946351311553, 40.9470678777167], [-84.22122788674669, 40.94575502678064], [-84.22313878210004, 40.94432314429016], [-84.22416488813961, 40.94349010864456], [-84.22680333324695, 40.94134797431203], [-84.22915891499254, 40.93967412165427], [-84.23064544945096, 40.93894462692822], [-84.23214239650065, 40.9384454316858], [-84.23349798914332, 40.93818039440087], [-84.23444003405723, 40.93884819400661], [-84.23464407889718, 40.93999592371824], [-84.23439799181212, 40.94127039074681], [-84.23387443887553, 40.94312836780251], [-84.23302114482753, 40.94441826343383], [-84.23262843723936, 40.94581173890477], [-84.23285859164807, 40.947535257529296], [-84.23368553086807, 40.949013023675555], [-84.2348265773773, 40.95071337852619], [-84.23610903350455, 40.952179543037616], [-84.23674243581826, 40.95273988297981], [-84.237093144326, 40.95376857629013], [-84.23834953716441, 40.954658925931255], [-84.23885733350716, 40.95579890521479], [-84.23921855919174, 40.95705790444665], [-84.23894632172409, 40.957756578774536], [-84.23807200833059, 40.95858586787724], [-84.23628147475088, 40.959323168439404], [-84.23476842243703, 40.959476936043025], [-84.23252234036609, 40.9602257593339], [-84.22995688577315, 40.96063677659748], [-84.22709816684583, 40.96128575472471], [-84.22649605003203, 40.96141631205524], [-84.22439643956388, 40.9620459749871], [-84.222459042426, 40.96290207139215], [-84.21962617507467, 40.96412665715544], [-84.21787170365475, 40.965669781303454], [-84.21658308957493, 40.96743168248433], [-84.21586543216645, 40.96837212371826], [-84.215289213658, 40.96907841024218]]], [[[-84.00191258748882, 40.955947963687755], [-84.00213879915172, 40.95409815417942], [-84.0017528587821, 40.952147435368474], [-84.00043182839813, 40.949642256153474], [-83.99897839816474, 40.94760129086435], [-83.99860707769416, 40.945996057017354], [-83.99899483094232, 40.944373016012065], [-83.9999946319074, 40.94285089161092], [-84.00189549524292, 40.94107703112759], [-84.00551447557932, 40.940415569200496], [-84.00884919599967, 40.94022181975719], [-84.01266357719393, 40.940593083391306], [-84.01695285561607, 40.941414145799335], [-84.02017475109291, 40.94214500932413], [-84.02281387282983, 40.94346599189146], [-84.02528177341456, 40.94432984037854], [-84.02820027655378, 40.94506767568284], [-84.03141268284911, 40.945567900696005], [-84.03356246685964, 40.946093280972114], [-84.03496301844498, 40.946866993600786], [-84.03780341280314, 40.949335700414785], [-84.04014931302255, 40.950893847586144], [-84.04141293123779, 40.952016594002444], [-84.0427207640392, 40.9541758191225], [-84.04324006375938, 40.95566212256779], [-84.04406796353052, 40.95725635094104], [-84.04470968096564, 40.95804803344389], [-84.04475388812446, 40.95908452185504], [-84.04478827238658, 40.95989067893895], [-84.04480300874245, 40.96023617466866], [-84.04330424382951, 40.96073302081408], [-84.04134502307812, 40.9611255288878], [-84.03951310627082, 40.96093856531044], [-84.03843550645121, 40.96061835362206], [-84.03672605966457, 40.9597367428637], [-84.03559952357863, 40.95826484853448], [-84.03494811715942, 40.95724278559659], [-84.03369429513805, 40.95635030752189], [-84.03183807378387, 40.955587395616426], [-84.02894351563482, 40.955425486397445], [-84.02605385163304, 40.95537867369883], [-84.02179284155277, 40.95524894555754], [-84.01887397770618, 40.9545109599013], [-84.01630260994683, 40.95480223870943], [-84.01479889634906, 40.955183563638556], [-84.01334376131736, 40.956716538356105], [-84.01284331710431, 40.95926452354289], [-84.01267567987823, 40.96249634298723], [-84.01307656461637, 40.96479250984037], [-84.01361475058482, 40.966739593720604], [-84.01351150014587, 40.967894832562884], [-84.01281537994284, 40.96940988478128], [-84.01106102785363, 40.97106513849892], [-84.00976705506241, 40.97282480578328], [-84.00814015609812, 40.973900610100266], [-84.00724347496306, 40.97426754131426], [-84.00603818789835, 40.97452644120568], [-84.00480865853082, 40.9742095007818], [-84.00430458165408, 40.97306854901706], [-84.00318820535901, 40.97182669669079], [-84.00144988591171, 40.97025359416818], [-84.00064216910525, 40.969119752253306], [-83.99966326210394, 40.967528800246974], [-83.9992966555388, 40.96603875913819], [-83.99936144656935, 40.96396219717854], [-84.00046013774993, 40.96116969238999], [-84.00155388680875, 40.95826200375242], [-84.00191258748882, 40.955947963687755]]], [[[-83.9093719316946, 40.96384877915568], [-83.90872701083516, 40.96294120536282], [-83.90869889679094, 40.96225018261436], [-83.90911228528589, 40.96120330650435], [-83.90888077284298, 40.95924885265252], [-83.90881985971104, 40.95775163215827], [-83.91025861667039, 40.95575924687866], [-83.91190072124539, 40.95503027205595], [-83.91338156793265, 40.95407438524925], [-83.9150517731818, 40.95403639260439], [-83.91687381318204, 40.953994919546126], [-83.9180932060299, 40.95408242629003], [-83.9191936831854, 40.95497957607819], [-83.91968212313488, 40.955775389288654], [-83.91958201949741, 40.95704572629135], [-83.91810589595207, 40.95811685805775], [-83.91802456386667, 40.9598478729204], [-83.91820932252449, 40.96065060619862], [-83.917949436182, 40.96188597276941], [-83.91766772452326, 40.962276823248864], [-83.91696484360213, 40.96367615322707], [-83.91533667741818, 40.96475070273758], [-83.91383685110239, 40.96524592594041], [-83.91247948156372, 40.96550733853261], [-83.91079024007894, 40.96508461437732], [-83.9093719316946, 40.96384877915568]]], [[[-84.14232061061321, 40.99326433151241], [-84.13883180394636, 40.99346552582886], [-84.13568732021089, 40.99458041789834], [-84.13276044130187, 40.99718855506924], [-84.130846218255, 40.99861893910198], [-84.12780245104196, 41.002036754813], [-84.12458121476269, 41.00488240361912], [-84.12312243408817, 41.00630147496576], [-84.12195738422908, 41.007482780708166], [-84.11781469787742, 41.00666181845571], [-84.11458373004426, 41.00581846968265], [-84.11151483075957, 41.00520164358918], [-84.10872976440463, 41.004116709625336], [-84.10595983924745, 41.003377182195315], [-84.10396968237056, 41.00307975164321], [-84.10322506643105, 41.00344369313227], [-84.10182761208264, 41.00278597964666], [-84.09931160576384, 41.000887337039785], [-84.09786420660853, 40.99907798314716], [-84.0965838110926, 40.99761039293036], [-84.09576421834078, 40.996246896440795], [-84.09512352732601, 40.99199702075707], [-84.0939352727536, 40.989143784467664], [-84.09247538229017, 40.98353034381124], [-84.0913693901967, 40.97906112219755], [-84.09014160284008, 40.975286524614035], [-84.08801274266106, 40.97176427690783], [-84.08555548523825, 40.96767351025443], [-84.08297652758475, 40.96427732843008], [-84.07976561187168, 40.96031992029196], [-84.07596263351736, 40.95672254436113], [-84.073929306175, 40.95538812180322], [-84.07216996447721, 40.95335536744938], [-84.06769777269017, 40.951848947761064], [-84.06460696642537, 40.95065506202399], [-84.06150638847643, 40.9492307645051], [-84.05870462821711, 40.94768394571005], [-84.0570051056416, 40.947032947204214], [-84.05560430458252, 40.946259492322966], [-84.05448251374027, 40.9449029267344], [-84.05396305349744, 40.943416660075165], [-84.05403110950112, 40.94145520029731], [-84.05408930937888, 40.93926340435098], [-84.05462257990185, 40.93752137701852], [-84.05575311084066, 40.935534479216955], [-84.05710438775787, 40.93515627021853], [-84.05843591799089, 40.93431737841476], [-84.06023756618121, 40.933813055574085], [-84.06236250652454, 40.933762089586416], [-84.06545746521452, 40.93507121491995], [-84.06745044841155, 40.93548447050893], [-84.06950287308695, 40.937279687782926], [-84.07355845574445, 40.93971835201359], [-84.07668863853033, 40.94183334106748], [-84.07887342230171, 40.943164067835056], [-84.0812299801946, 40.94495174818718], [-84.08347465488268, 40.947664366356726], [-84.0850873470095, 40.949815798529], [-84.0868121081755, 40.95104221887828], [-84.08915916818366, 40.95259940444904], [-84.09104088305641, 40.9539372495552], [-84.09324629365324, 40.9557283570084], [-84.0953249663437, 40.958098921743456], [-84.0973837830505, 40.960008794011856], [-84.0991390310762, 40.96192600508292], [-84.10146671066629, 40.963022285936454], [-84.10349077260685, 40.964125908692104], [-84.10595540051787, 40.964872919594605], [-84.10812140187856, 40.96574244117518], [-84.10996869319702, 40.96627384155063], [-84.11119353911769, 40.966474543290225], [-84.111654114126, 40.96657859367299], [-84.11239829216281, 40.96621458500609], [-84.11220624521155, 40.965296994422864], [-84.11124492822454, 40.96416759928254], [-84.10982811366499, 40.96304930177538], [-84.10810766354535, 40.961938386241705], [-84.10671602088993, 40.961395862628656], [-84.10636721046303, 40.96036679455933], [-84.10585153456101, 40.958995933177924], [-84.10731971707344, 40.9578073277497], [-84.10803372123587, 40.95675236632947], [-84.10888447550514, 40.955348210406584], [-84.10880418422742, 40.95350560135329], [-84.10596108946014, 40.95103858603256], [-84.10405411570966, 40.949125153759205], [-84.10196540114138, 40.946524396428416], [-84.1007059059838, 40.94551744835182], [-84.09959825042965, 40.94450679745142], [-84.09772662426973, 40.94339940621349], [-84.09784343102534, 40.94258956797907], [-84.09823883078745, 40.941196531916006], [-84.09879100772696, 40.939914970097355], [-84.09997033356987, 40.93907930764337], [-84.10130642453187, 40.93835510686285], [-84.10310786547949, 40.937850141031156], [-84.10570329686732, 40.93813281973157], [-84.10829874940899, 40.93841544219237], [-84.10999352328267, 40.93895055298625], [-84.11273579104328, 40.93911421264971], [-84.11874117413731, 40.9409273355682], [-84.12293033885761, 40.9428999539693], [-84.12754990571183, 40.944285435132166], [-84.13216965732298, 40.945670736823836], [-84.13493248718754, 40.94629453882047], [-84.13801417753828, 40.94725628957946], [-84.14164232125356, 40.94682104566721], [-84.14529581052878, 40.94696150278294], [-84.15019428007606, 40.94776280252208], [-84.15558905322345, 40.94947391549177], [-84.16162198388106, 40.951860681727815], [-84.16674952098026, 40.95438494765107], [-84.17077367716095, 40.95601416567985], [-84.17302221594403, 40.95872508236366], [-84.17712375424647, 40.96208147795684], [-84.17858784841731, 40.96423541412041], [-84.17941896530766, 40.96582869515399], [-84.17901992212057, 40.96710681354172], [-84.17851009364941, 40.96930998898718], [-84.17737740091333, 40.97118283369075], [-84.17498358957543, 40.97204951817297], [-84.17304017574374, 40.97278965079774], [-84.17033228491388, 40.973433487349205], [-84.16778644307604, 40.9743038050344], [-84.16537706272359, 40.97482481936403], [-84.16188925215717, 40.97502668707233], [-84.15870515536861, 40.975220926240695], [-84.15582987393886, 40.97552272037441], [-84.15389125264677, 40.97637769988493], [-84.15254479313046, 40.976872147668246], [-84.15107189271698, 40.97794613050427], [-84.15034814779331, 40.97877101285766], [-84.15009019422175, 40.97981495107963], [-84.15127551172434, 40.98255249157456], [-84.15288602915354, 40.98458779521628], [-84.15402058156256, 40.98617371479491], [-84.15468421104305, 40.987425423630654], [-84.15485139648968, 40.98776713962924], [-84.15465229381827, 40.98941049077491], [-84.15391552229214, 40.99067239962437], [-84.15228535264637, 40.99163498573709], [-84.15110067194247, 40.99235597182311], [-84.15006278375932, 40.9929580352006], [-84.14824499177521, 40.99311821192811], [-84.14536383971814, 40.99330459311115], [-84.14232061061321, 40.99326433151241]]], [[[-84.22362681308715, 41.00887202569895], [-84.22004281825281, 41.010346090702974], [-84.21720277815638, 41.01145540595003], [-84.21483928644622, 41.0130137569327], [-84.21122372098148, 41.01379664460278], [-84.20774445795075, 41.014230141635586], [-84.20455350320827, 41.0143104386615], [-84.2016612639185, 41.01426786304085], [-84.19570933966948, 41.01384085580572], [-84.19156539396637, 41.01302244609287], [-84.18819674779077, 41.01253034935259], [-84.18514234425474, 41.01226087025897], [-84.18270604402413, 41.012206445465836], [-84.17951515396697, 41.01228607657707], [-84.17547418637676, 41.013770176246624], [-84.1721569106444, 41.014429163266826], [-84.16930568285326, 41.015307035283136], [-84.1676649129945, 41.0160394921664], [-84.16587215032894, 41.01677569898483], [-84.16486985167705, 41.01818394535737], [-84.16479464961729, 41.01991501773712], [-84.1649824385366, 41.02071731932574], [-84.16611276061899, 41.02218790468178], [-84.16781516405433, 41.0228373082646], [-84.1688994601096, 41.023271489205754], [-84.17057115247475, 41.02322993619268], [-84.17363625005095, 41.02373008869859], [-84.17763379133217, 41.024668050395], [-84.17995455497149, 41.02553243303658], [-84.18167260963688, 41.02652709431544], [-84.18262566240568, 41.02742555011602], [-84.18314853604669, 41.02891114069642], [-84.18276465796198, 41.03053464658065], [-84.1817676510745, 41.03205817042821], [-84.17983806032571, 41.033143824033466], [-84.17605877151261, 41.03369912878081], [-84.1721120335487, 41.033912639794735], [-84.16923436935025, 41.0342147392918], [-84.16742065893743, 41.03449035214936], [-84.16574357142643, 41.034416709249385], [-84.1645275958785, 41.03444688296618], [-84.1625311745069, 41.0340352804317], [-84.16066632637121, 41.033159269255776], [-84.15925239411655, 41.03215678406801], [-84.15754473502466, 41.031392111208774], [-84.15538624903354, 41.03075384530384], [-84.15368886680726, 41.03021942234503], [-84.14995964925055, 41.028467089983025], [-84.1477148045934, 41.025871077083764], [-84.14671135295359, 41.02382080514432], [-84.1457384751748, 41.0224614453861], [-84.1455102230705, 41.02073788197832], [-84.1483510668465, 41.01617189282303], [-84.15187575155444, 41.0133181215033], [-84.15572443979796, 41.01091733970987], [-84.16046406301018, 41.00803322055868], [-84.16463648833663, 41.00608523077059], [-84.16701623693028, 41.00487332351581], [-84.16939077798781, 41.003546213435925], [-84.17023572086975, 41.0020265374312], [-84.17048318994412, 41.00075227881889], [-84.17072553232245, 40.99936285384602], [-84.16975766501787, 40.998118800905274], [-84.16890589812668, 40.996064864515354], [-84.16898099141025, 40.99433373356429], [-84.1699470180159, 40.99211930756851], [-84.1710956273211, 40.99059203460527], [-84.17256848618246, 40.9895178161433], [-84.17467966111892, 40.98911938844909], [-84.17636592268758, 40.98942322539537], [-84.17894817360474, 40.989358834980514], [-84.18157669510202, 40.99033080095026], [-84.18590709420043, 40.99195188063656], [-84.18963522897371, 40.993703170931205], [-84.1927455925633, 40.99523925982492], [-84.19627566403115, 40.99595774351854], [-84.19994220220791, 40.996326840602336], [-84.20373479557242, 40.99611622814135], [-84.2063069038757, 40.99582093818757], [-84.20855442427123, 40.9950726260944], [-84.21109013477809, 40.99397114611977], [-84.21330637471662, 40.992531811899404], [-84.21478381682658, 40.99157223213379], [-84.21657541331953, 40.990835270548374], [-84.21808398878487, 40.990566580865995], [-84.21989634610516, 40.9902901902375], [-84.22141531285124, 40.99025176893414], [-84.22294469908229, 40.99044363849371], [-84.22451058639578, 40.99144157291346], [-84.22777874303564, 40.99308806331252], [-84.23046032511968, 40.99521049940395], [-84.23187974541987, 40.99632734255271], [-84.23284347628595, 40.99745574147779], [-84.23275952150502, 40.99895659995205], [-84.23296371653356, 41.000104279597984], [-84.2334770061282, 41.00135937710856], [-84.23249722974442, 41.00322880987719], [-84.23078911628814, 41.00580841841463], [-84.22856761310132, 41.00713288809408], [-84.22633036650527, 41.008111860571255], [-84.22362681308715, 41.00887202569895]]], [[[-84.26961761354876, 41.01870960609456], [-84.26941992245906, 41.021022281441226], [-84.26919566110975, 41.02275874023267], [-84.26927533335136, 41.02448737558279], [-84.26889376968828, 41.026112497346645], [-84.26849094582197, 41.02727664759819], [-84.26689348977, 41.02893302877746], [-84.26301086156836, 41.030532703309134], [-84.25972541997297, 41.03188617370453], [-84.25645572180113, 41.033585277967], [-84.25451153412376, 41.034327337347214], [-84.2530074390062, 41.03471197034206], [-84.25225274318423, 41.034846658706215], [-84.25149804440066, 41.03498134229066], [-84.25012479401005, 41.03490108304696], [-84.24857317067148, 41.034248482109746], [-84.24700575283431, 41.03325013386821], [-84.2460568865463, 41.03246672681204], [-84.24511858528335, 41.03191379683337], [-84.24357761606197, 41.031491614928754], [-84.24068457051226, 41.03145001691095], [-84.23856199207854, 41.031619479797456], [-84.2358209331578, 41.03157389293449], [-84.23366157094817, 41.03093656799586], [-84.23102529727724, 41.0298498173462], [-84.22900228380608, 41.028862815224166], [-84.22759249537236, 41.02797559294902], [-84.22711034424852, 41.02741094627943], [-84.22646050152315, 41.026504422173254], [-84.22643430108953, 41.02592820267153], [-84.22594693460903, 41.025248306419805], [-84.2265181557368, 41.0244261745831], [-84.22739330689485, 41.023596325130015], [-84.22931124770588, 41.02227847829691], [-84.23275927270595, 41.02115245571355], [-84.23757485543425, 41.0199915085351], [-84.2399799548455, 41.01935334022028], [-84.24223304951482, 41.01871899967365], [-84.24481110075799, 41.0185378331874], [-84.24694380848227, 41.018598745854575], [-84.24860481106371, 41.01832554352472], [-84.25041248230744, 41.017933187655096], [-84.25189509760564, 41.017087606354664], [-84.25323628966649, 41.01647638354615], [-84.25459860357829, 41.01632611953366], [-84.2558089566766, 41.016179733675926], [-84.25717125909732, 41.01602944036852], [-84.25778436854083, 41.01612910110733], [-84.25853884857445, 41.01599437498056], [-84.2603411149608, 41.01548662334552], [-84.26246845650427, 41.01543201411525], [-84.26413993677252, 41.01538908039201], [-84.26582202524393, 41.01557660977022], [-84.267058877366, 41.01600632610001], [-84.26800245318657, 41.01667433403953], [-84.26864213386462, 41.01735015428073], [-84.26961761354876, 41.01870960609456]]], [[[-83.84736883201573, 41.0570116560098], [-83.84527205322198, 41.057865360644755], [-83.84344264119571, 41.05779070007514], [-83.84146116488242, 41.057719386084344], [-83.83944760823081, 41.05684165983657], [-83.83740204318634, 41.05515751801845], [-83.83594650538735, 41.05299908069049], [-83.83614533541545, 41.05034279827792], [-83.83666655550266, 41.048140565998374], [-83.8390030867716, 41.04566749016482], [-83.84240829075182, 41.04328593825607], [-83.84571174973512, 41.042174845976106], [-83.85022214980573, 41.040806188025535], [-83.85442831608871, 41.03944414125215], [-83.85774523532655, 41.03867830927049], [-83.86104822591639, 41.03756679131818], [-83.86389967221352, 41.036580588794536], [-83.86569616114133, 41.03584855388572], [-83.86690305505627, 41.03559091133762], [-83.86827584811691, 41.03567544204812], [-83.86981456138443, 41.03610214022352], [-83.87076838590708, 41.037118454246155], [-83.8720262855959, 41.03812793407156], [-83.87220613097766, 41.038815705661854], [-83.872233953396, 41.03950689005695], [-83.87227105083178, 41.04042846866781], [-83.87230351189817, 41.04123484939993], [-83.87217466721536, 41.04181424867557], [-83.87098158955719, 41.042417534577126], [-83.86828666913217, 41.04351568992489], [-83.86587260490069, 41.04403098770043], [-83.8633249566752, 41.04501042789204], [-83.86048238893716, 41.04622700507157], [-83.85868557390343, 41.046958956293295], [-83.85657540698647, 41.04746727312979], [-83.85509643832721, 41.048537974155934], [-83.85336859905838, 41.05099780104018], [-83.85104160805665, 41.0537015397957], [-83.84915223072164, 41.05593428922768], [-83.84736883201573, 41.0570116560098]]], [[[-83.7124434993711, 41.344260951461315], [-83.70976424761676, 41.34212726482174], [-83.70709388695708, 41.3402238622217], [-83.70424482319945, 41.33763255674437], [-83.70171443743547, 41.335380301641585], [-83.69946352353577, 41.33243054486194], [-83.69860005756262, 41.329797504203405], [-83.69846531252189, 41.326227067653896], [-83.69884076871031, 41.324029139811664], [-83.7000143565909, 41.32273662506627], [-83.70073858292726, 41.32168404782013], [-83.70267544435872, 41.32037550571389], [-83.70611710713835, 41.318458998348895], [-83.7092445270854, 41.31631845738142], [-83.71270764963566, 41.31497763646234], [-83.71618376309172, 41.3139822427449], [-83.7201133516471, 41.3128619010909], [-83.7245007606518, 41.31173174220817], [-83.7276800332112, 41.31097282448149], [-83.73044528786441, 41.31137529427842], [-83.73290967985423, 41.31189935731326], [-83.73611972680676, 41.311946447849145], [-83.73977448321567, 41.31163818102025], [-83.74588484529536, 41.31162324981035], [-83.75042439656812, 41.31048888687779], [-83.75293951238976, 41.30836023431183], [-83.7557464198394, 41.30587945960425], [-83.75750249097251, 41.30388222442018], [-83.75927180155647, 41.30223048808729], [-83.76166932377939, 41.30102631970711], [-83.76496020812733, 41.29922653875138], [-83.7680849195, 41.297084421734645], [-83.77195461510345, 41.29446506642073], [-83.77656017764721, 41.29113804468329], [-83.78011954099813, 41.28840982739597], [-83.784405660073, 41.284743557731005], [-83.78783426662616, 41.28259428793236], [-83.78897849596146, 41.280609791781814], [-83.78861940116292, 41.2792342901964], [-83.78795967169243, 41.27798058466591], [-83.78669867302719, 41.276970466047004], [-83.78562619632626, 41.276878446645625], [-83.78424409592965, 41.27667785173453], [-83.78301905776837, 41.27658911471548], [-83.7816638693473, 41.277079556011444], [-83.78032658495479, 41.27803069151738], [-83.7788232535737, 41.27863957811638], [-83.77611718941384, 41.27973552640111], [-83.77232064916855, 41.28027856390449], [-83.76974021748154, 41.28068001121369], [-83.76789589268276, 41.2803739129931], [-83.76529315221768, 41.28019937601919], [-83.76358807886562, 41.27954439656536], [-83.76292880401513, 41.27829055511699], [-83.76272726675033, 41.27702687361429], [-83.76234646563117, 41.2750753983151], [-83.76182202244422, 41.27335755351204], [-83.76069181768422, 41.27176798791972], [-83.75928766840016, 41.27099121191103], [-83.75754734507447, 41.26941470960995], [-83.75719782277278, 41.26826946122219], [-83.75697421601161, 41.266429862192744], [-83.75587530980063, 41.26564650001215], [-83.75419286895347, 41.26556727838444], [-83.7525192986758, 41.26571839238629], [-83.75117739975319, 41.26655403406965], [-83.74969620506884, 41.267738460232856], [-83.74731733919465, 41.26940313681801], [-83.74478580022259, 41.271071019444165], [-83.74195784588235, 41.272975708543626], [-83.73836689965553, 41.27489656721663], [-83.73444859046333, 41.276247903892276], [-83.7314235743913, 41.277003787083224], [-83.72836334330464, 41.276838158929216], [-83.72531190375044, 41.276902811819596], [-83.72329777087438, 41.276138537450265], [-83.72188081035354, 41.275015785348764], [-83.72150994652587, 41.2732945383458], [-83.72158363702667, 41.271218070412885], [-83.7219492873035, 41.26878960420954], [-83.72352653237917, 41.266104948960354], [-83.72527374508422, 41.263877759168864], [-83.72760904117081, 41.26106170109419], [-83.73191384579735, 41.25785795383819], [-83.73319420282078, 41.25540998657039], [-83.73269703689009, 41.25438307563159], [-83.73206935646704, 41.253935308749206], [-83.73082281350969, 41.253270128035965], [-83.72959387090546, 41.25306566134366], [-83.7279205529448, 41.253216430827], [-83.72533210862572, 41.253386565559666], [-83.72384198425048, 41.254340319859494], [-83.72100099871264, 41.25589899971986], [-83.71729281894638, 41.258743935137765], [-83.7134448951686, 41.261937509522845], [-83.70884259923514, 41.265377366592624], [-83.70407858264775, 41.26858987838531], [-83.69979787719313, 41.27248368294654], [-83.69592667360638, 41.275100754554146], [-83.6920075175827, 41.276450708725044], [-83.68952631466236, 41.27949958244322], [-83.68478633693093, 41.28340236993079], [-83.6816682856809, 41.285772698128426], [-83.6785198456976, 41.28733668031463], [-83.67373137158596, 41.28997202743735], [-83.67029023384276, 41.2918876575812], [-83.66595467841289, 41.29439802124194], [-83.65935946188702, 41.29776170715525], [-83.65820333529807, 41.29810001593321], [-83.65562609791237, 41.298613767837786], [-83.65230287324108, 41.299603665981046], [-83.64673300494614, 41.30179168916656], [-83.64224393533557, 41.30430314304303], [-83.63763168917168, 41.30762356497783], [-83.63420187311928, 41.30988268802555], [-83.63176816197712, 41.310162528263575], [-83.62889347434312, 41.310912187805954], [-83.62496716582567, 41.31214397981176], [-83.61995951931765, 41.313051762053014], [-83.6145612594263, 41.315810929879106], [-83.61006588526365, 41.31820600289655], [-83.60543433981222, 41.32106455690046], [-83.60173521138681, 41.32436517879018], [-83.60018580645824, 41.32796837190715], [-83.60000623106087, 41.33142890288743], [-83.60025536620374, 41.33407423139758], [-83.60110692525463, 41.33647703721425], [-83.60211964121156, 41.339107067912856], [-83.60403609249903, 41.34137329152437], [-83.60557745874256, 41.343967408681145], [-83.6027513729263, 41.34609761003188], [-83.59867842905643, 41.34756175620186], [-83.59390003074883, 41.35065241590782], [-83.58780484441955, 41.35538172620437], [-83.58092443804642, 41.35955048721887], [-83.5771021934149, 41.36377308112177], [-83.57308544360808, 41.36684764403802], [-83.56934087213703, 41.36899524930476], [-83.56677285275302, 41.369852463189375], [-83.56376294121961, 41.371179078215405], [-83.56195447229692, 41.37190595401314], [-83.56060425704855, 41.372623732683316], [-83.55715221057677, 41.374419620939705], [-83.55473660508245, 41.37527355478418], [-83.55126790309588, 41.37660889792198], [-83.54656460238449, 41.377622912571084], [-83.54200986437618, 41.378518649474884], [-83.53869353076797, 41.37985062693005], [-83.53309749210077, 41.38157264176841], [-83.53022703020942, 41.38255013643027], [-83.52645190168087, 41.383890725730026], [-83.52296198706611, 41.38464977823292], [-83.51781143998458, 41.38601686829622], [-83.51306671398906, 41.385878635447625], [-83.51107232188203, 41.38568695443894], [-83.51011934010728, 41.384668873923424], [-83.51023994465332, 41.38374516618217], [-83.51094755279917, 41.38211905353876], [-83.51210542469644, 41.38025386189278], [-83.51459793667155, 41.3772110345682], [-83.51682502925483, 41.375325027526436], [-83.51799069781123, 41.37368995620418], [-83.5189954721643, 41.37182765314962], [-83.5195540275073, 41.370319538136634], [-83.52165225382883, 41.36912697065072], [-83.52479945685866, 41.36733804761127], [-83.52705430266356, 41.36625749944189], [-83.52836421503416, 41.364389142868674], [-83.52985112970637, 41.363208355006776], [-83.53148261942131, 41.36179437096916], [-83.5338736674963, 41.36025032079877], [-83.53825421671264, 41.358782393920436], [-83.54199105437154, 41.35640554453833], [-83.54678852661223, 41.35377734427503], [-83.55036389968117, 41.35117303864866], [-83.55425670845668, 41.34890787692371], [-83.56020914298391, 41.344413454338515], [-83.56512897962588, 41.34097579684588], [-83.56783627588216, 41.33977027271124], [-83.56869474994218, 41.33814072275586], [-83.57031247620144, 41.33638089016045], [-83.57254495920684, 41.33472397578054], [-83.57309378179927, 41.332985367936914], [-83.57363845014066, 41.33113165747839], [-83.57388188257102, 41.32939912079732], [-83.57458329116362, 41.32765745755478], [-83.57530944129857, 41.32660637150492], [-83.5768029917169, 41.325655158123816], [-83.57842434943514, 41.324010294054645], [-83.57883682677476, 41.322735080958424], [-83.57865109630153, 41.321817345855756], [-83.57770213213084, 41.32091484051737], [-83.57610956649454, 41.31910371778603], [-83.57455836065262, 41.31844355452225], [-83.57348161064323, 41.31823464387313], [-83.57179017844959, 41.31792277939789], [-83.5698346757209, 41.31876794668603], [-83.56636912669664, 41.320103795803824], [-83.56291987556054, 41.321899936074004], [-83.55944582806757, 41.32300538605179], [-83.55522477133103, 41.324586214477414], [-83.55115209100636, 41.32604878287228], [-83.54628327223423, 41.32660545683194], [-83.54018492554081, 41.32695572727877], [-83.53380148705902, 41.3278871615429], [-83.53180872386451, 41.32769581617763], [-83.52980381294515, 41.32715914248836], [-83.52807995759206, 41.325925876492114], [-83.52679390103077, 41.32410814703847], [-83.52577680495784, 41.32124854728244], [-83.5243422932815, 41.31954886393636], [-83.52345779925128, 41.31611075621942], [-83.52400771698763, 41.31437234595187], [-83.52485073944376, 41.31228267249967], [-83.52672971893693, 41.30925132224561], [-83.52876519912542, 41.306332051358574], [-83.53220644997292, 41.304306662204795], [-83.53471560909331, 41.30183871779958], [-83.53873840382124, 41.29899545827783], [-83.54245567705807, 41.29615805893052], [-83.54557452357407, 41.29367786450845], [-83.54792614815231, 41.291097523785794], [-83.54981169597792, 41.28829595977147], [-83.5524476751297, 41.285133986117046], [-83.55510796798335, 41.28266255996618], [-83.55972672143231, 41.27946117131875], [-83.56512011680844, 41.276589756770484], [-83.57279296283784, 41.27344231537969], [-83.58033737616786, 41.27098804107019], [-83.58440202443812, 41.26940930798007], [-83.58939410945686, 41.26815738281725], [-83.59298002586618, 41.26601202247664], [-83.59808675437354, 41.263720740612136], [-83.60409988052226, 41.26118055847621], [-83.607582617018, 41.260419065344834], [-83.6097010511035, 41.25991546260998], [-83.61242530426168, 41.259284361154805], [-83.6160897151943, 41.25932525034722], [-83.62128762631441, 41.25956523177497], [-83.62300728303221, 41.26068213172311], [-83.62535810009898, 41.262362093615025], [-83.62788261999493, 41.2646144076394], [-83.62992442567382, 41.26618539191113], [-83.63042417950662, 41.2673270700573], [-83.63047058137823, 41.26859318576415], [-83.63039398187597, 41.270668120761925], [-83.63064354980627, 41.27331233144875], [-83.63141468778396, 41.273526966290234], [-83.63248246790937, 41.273505164402486], [-83.63414350664286, 41.27301048271402], [-83.63578761127522, 41.27205537376083], [-83.63955868151261, 41.270826320693054], [-83.64436339732292, 41.26865443288542], [-83.64828240493483, 41.267306871179805], [-83.64967213564852, 41.26773904904575], [-83.6513754451877, 41.268395134382786], [-83.65369316118017, 41.26915372913432], [-83.65602797337, 41.270372680479426], [-83.65818047838624, 41.27078903206842], [-83.66065088493708, 41.27154434381027], [-83.66232448908801, 41.27139457206351], [-83.66383272899338, 41.27090263205549], [-83.66530673078726, 41.269489872151574], [-83.66692036000094, 41.26772863329306], [-83.6680378096679, 41.26494094738736], [-83.66885870771326, 41.2623897691151], [-83.66864196305548, 41.26066641841381], [-83.66869598552971, 41.258015933739706], [-83.668816862238, 41.25306025196572], [-83.66897626225536, 41.24914047521879], [-83.66899174380559, 41.245454075215704], [-83.67029549424865, 41.243583990557084], [-83.67145956122266, 41.242062358323], [-83.67202657507076, 41.24089868122823], [-83.67151347224366, 41.23941185325918], [-83.67069119006496, 41.23781624733301], [-83.66970364577637, 41.23587848954645], [-83.66884720700003, 41.23336204601745], [-83.66889265213908, 41.23048131759706], [-83.66924296560087, 41.22759425814485], [-83.6685647524102, 41.225765253479516], [-83.66834813824447, 41.224041863602864], [-83.66858025122998, 41.22207878110517], [-83.66957872933123, 41.2202149896544], [-83.67043330095306, 41.21858455799802], [-83.67158408981538, 41.21671758025522], [-83.67286579610483, 41.21427190117749], [-83.67314917832451, 41.21369004657135], [-83.67265339523387, 41.21266360733249], [-83.67185710944901, 41.21175860060784], [-83.67089131727593, 41.21039633394929], [-83.67023891567082, 41.209257940838235], [-83.6701747034068, 41.20753136777859], [-83.67083817972953, 41.20486813202282], [-83.67100592923457, 41.201178431477565], [-83.67161363850074, 41.19701880161204], [-83.67321684148308, 41.195027172826784], [-83.67531562554758, 41.19406196623504], [-83.67757529332425, 41.19332376217961], [-83.67880276040103, 41.193528587310276], [-83.68034784655815, 41.19407236592265], [-83.68266337032262, 41.19483044296231], [-83.68422142697956, 41.19571948775737], [-83.68685470606053, 41.1968164373636], [-83.6879298952137, 41.19702435282142], [-83.68899215638044, 41.19688694294175], [-83.69003284643341, 41.1961739970363], [-83.69180943739161, 41.19475445828156], [-83.69519275598469, 41.19145806932417], [-83.69796636095454, 41.18817437219873], [-83.70074836120456, 41.185120814315134], [-83.70415245705743, 41.18239967872441], [-83.70609808764515, 41.18143713165257], [-83.70875753336016, 41.179192325248465], [-83.70902743545078, 41.17826504997375], [-83.70885339211951, 41.177692730087564], [-83.71018953739897, 41.176742960771875], [-83.71152129836712, 41.17567806879939], [-83.71361460129444, 41.17459707236577], [-83.71616913661545, 41.173621481253946], [-83.71931540371381, 41.172172508258704], [-83.7235014846598, 41.1700102002911], [-83.72755249886788, 41.16831140558616], [-83.73056788060498, 41.167440901822175], [-83.73279101489075, 41.165780790791125], [-83.73488368210252, 41.16469941526409], [-83.73724135269174, 41.162575545266115], [-83.73720184063326, 41.161539583073356], [-83.73761479276935, 41.16037876798338], [-83.73876278168503, 41.158511058879085], [-83.73871885734796, 41.157359986907444], [-83.73729129178541, 41.15589283415491], [-83.73555485837802, 41.154317047839875], [-83.73240866483191, 41.151734450929055], [-83.72975887807875, 41.15017802478245], [-83.72823188566976, 41.15009529535045], [-83.72656137778743, 41.15024599736908], [-83.72461254822538, 41.151093791933654], [-83.72245466173797, 41.15044837457862], [-83.72106248489597, 41.149901889911476], [-83.71981387023416, 41.149121945286396], [-83.71839559510083, 41.147884776342885], [-83.71635528896972, 41.14631515100381], [-83.71447602902866, 41.14497248840232], [-83.71352337900773, 41.143955817270246], [-83.71151372177385, 41.143191872018036], [-83.71028705654659, 41.14298737220167], [-83.70859931833249, 41.14267738731975], [-83.70662879270417, 41.142949347251715], [-83.70542816061614, 41.14343545641082], [-83.70411426494096, 41.144960747457134], [-83.70341366235579, 41.14658831181108], [-83.70347865225875, 41.14831495360342], [-83.70354364553847, 41.15004159325238], [-83.70395651357005, 41.15291290862294], [-83.70438675496345, 41.1562446501976], [-83.70322920359831, 41.15788181738316], [-83.7017626992463, 41.15941027008835], [-83.70027448824183, 41.1603631608696], [-83.69833802195295, 41.16155584748041], [-83.69548774171312, 41.162767677271894], [-83.69230256715699, 41.1631800625303], [-83.68789900716848, 41.16361785603798], [-83.6856146033089, 41.163665620962234], [-83.6849839142602, 41.163102807422014], [-83.68390066288411, 41.162664642661404], [-83.68370106490306, 41.16140162613316], [-83.68387661877489, 41.15794199401929], [-83.68363833469006, 41.15564298896517], [-83.68267739562607, 41.15439586314007], [-83.68139906210838, 41.15280975487781], [-83.67841581912286, 41.150452784303845], [-83.67621122772526, 41.148540324042024], [-83.67526766457354, 41.14775357411393], [-83.67446352776277, 41.14661831507413], [-83.67332921743863, 41.14479872105794], [-83.67342151820408, 41.14318400134096], [-83.67381830593199, 41.14156294405607], [-83.67526791105348, 41.13957436526406], [-83.67818831728728, 41.13617270381339], [-83.680272354969, 41.13486202992032], [-83.68143865529517, 41.13345527604248], [-83.68272705296387, 41.1312395487745], [-83.68363178781999, 41.13099024585217], [-83.68491146699047, 41.12854426683058], [-83.68556500747496, 41.12565055395782], [-83.6862098888231, 41.12252660638945], [-83.68521496163393, 41.12035856695402], [-83.68315474568851, 41.118212779442445], [-83.68125114008036, 41.11617888912233], [-83.67941629363298, 41.11598677835681], [-83.67804230890799, 41.11590023381926], [-83.6776993441931, 41.11487055982558], [-83.67555160250613, 41.11445450853816], [-83.67373822208388, 41.114837878565645], [-83.66949837405407, 41.11550207429324], [-83.66479760972813, 41.11606047712676], [-83.66100139361357, 41.11636956058055], [-83.66035430549678, 41.11534614097792], [-83.65970297939175, 41.11420760273731], [-83.65839188203971, 41.111700284175654], [-83.65764278795432, 41.10791409520998], [-83.6578833218219, 41.106181077503486], [-83.6581195896739, 41.104332941119154], [-83.65929859323737, 41.103271713967246], [-83.6606510104469, 41.10278289821466], [-83.66320789166102, 41.10192349052964], [-83.66638613611526, 41.10139673998498], [-83.66869838731395, 41.10215514289854], [-83.66994129538224, 41.10282053277631], [-83.67213569243131, 41.10450294875846], [-83.67353512145283, 41.10528024882727], [-83.67461312106087, 41.10560341301103], [-83.67505248799648, 41.10513344770623], [-83.675318270691, 41.104091077967105], [-83.67541047044531, 41.102476304157825], [-83.67534194559241, 41.100634468302886], [-83.67621203137726, 41.09946429642955], [-83.67738638640539, 41.09828777220984], [-83.6798036141633, 41.097776525989325], [-83.68353427615895, 41.09574012082574], [-83.68807275045583, 41.09495393277399], [-83.6923413281363, 41.0950948735775], [-83.69616644953892, 41.09559059689746], [-83.69926116592994, 41.09690800227442], [-83.70143445967378, 41.09801432030204], [-83.70282975882051, 41.098676168840186], [-83.70449906613733, 41.0985257902226], [-83.7058597358157, 41.09826669190614], [-83.70797679430696, 41.097876409800364], [-83.71221952873742, 41.09732596040903], [-83.71690121923919, 41.096305239776314], [-83.72186961109004, 41.09481742309671], [-83.72773312463346, 41.09284952996002], [-83.73554769943685, 41.090148479836344], [-83.73958054482652, 41.08810382851467], [-83.74286573976876, 41.08642066030267], [-83.74557310281465, 41.08555623357429], [-83.74845012989583, 41.08514893649525], [-83.75299157979593, 41.084475400388015], [-83.75472223852411, 41.085935908372576], [-83.75568794514054, 41.087297638795754], [-83.75672437921124, 41.09050116520366], [-83.75709491987872, 41.09222130887571], [-83.7581952127139, 41.09311928810857], [-83.75954230627721, 41.092514242129106], [-83.76103708204097, 41.09179078929681], [-83.76157921072605, 41.09005098500061], [-83.76258653843145, 41.088531559813056], [-83.76404132305181, 41.0867720520123], [-83.76565701432669, 41.08523946525843], [-83.76685177269033, 41.084637617985074], [-83.7689991384756, 41.08505204545671], [-83.77007283115861, 41.08525924468798], [-83.77074347541593, 41.08685765960439], [-83.77231355909153, 41.08809097681862], [-83.77360168046476, 41.08990642272134], [-83.77292106253701, 41.09199491188984], [-83.77220929339802, 41.09327760998084], [-83.77089783367396, 41.09480369297545], [-83.7709378143074, 41.095839699012366], [-83.77189064834786, 41.09685595318024], [-83.77314779870261, 41.097865611126686], [-83.77505361669564, 41.099898072158716], [-83.77695509356414, 41.1018153887325], [-83.77762605991552, 41.10341374428012], [-83.77692316549394, 41.104926679989035], [-83.77576820288085, 41.10656461346251], [-83.77478315004178, 41.10865967951621], [-83.77332372994863, 41.11030417673584], [-83.7719897446303, 41.11125470021631], [-83.77022140605223, 41.11279063065824], [-83.76692230536393, 41.11412918442018], [-83.763636370692, 41.1158129767518], [-83.7589850048369, 41.1176412798895], [-83.75416795194069, 41.1191273401556], [-83.74870665523439, 41.11970537535544], [-83.74354966417552, 41.120276644301356], [-83.74197221893505, 41.12284488330885], [-83.73979900721308, 41.125771434732954], [-83.73896479770856, 41.12786292265469], [-83.73845692151558, 41.130523450961356], [-83.73927949226521, 41.13211873439846], [-83.74067584812542, 41.13278012562659], [-83.74188483713165, 41.132523878851906], [-83.74342025330127, 41.13283665542638], [-83.74648672393923, 41.13334703955498], [-83.74923115645247, 41.1334034366675], [-83.751344640859, 41.13289729050835], [-83.75330145881533, 41.132279265500415], [-83.75584060345068, 41.13095746732249], [-83.75863984206758, 41.128477971710815], [-83.76084333228029, 41.12635684938801], [-83.76411210793431, 41.124212709438666], [-83.76816386601331, 41.12262758805788], [-83.77085012181438, 41.121187066136144], [-83.77358074772712, 41.120897575844914], [-83.77795875331091, 41.119881078595725], [-83.78279766419378, 41.118969611828696], [-83.78764091771819, 41.11817305888651], [-83.79176791387104, 41.118543989751025], [-83.79542493012669, 41.11857942060597], [-83.79952953377871, 41.11837454096066], [-83.80396548268304, 41.11885350602896], [-83.80897419260393, 41.118398085722205], [-83.81290850144225, 41.117735655516576], [-83.81499844916226, 41.116652842933355], [-83.81739721518166, 41.11567840078104], [-83.8191600507746, 41.114026672453356], [-83.8236166149678, 41.11116342005715], [-83.82751860367152, 41.10969474992809], [-83.8310093697568, 41.10938713584712], [-83.83569922527005, 41.108592008224846], [-83.84159715232775, 41.10753944181174], [-83.84448823228645, 41.1074751731474], [-83.84661392903317, 41.107312665253616], [-83.84933911073882, 41.10690634342357], [-83.8511329941694, 41.106059890079486], [-83.85243830968537, 41.104417839053795], [-83.85346216424335, 41.103358102923075], [-83.85568026446315, 41.10169563485848], [-83.85930887462698, 41.10103847499675], [-83.86220885516659, 41.101203995690604], [-83.86597111615728, 41.10008279601358], [-83.86917075526779, 41.10012621747715], [-83.87105180914234, 41.101466504438775], [-83.87263786201376, 41.10304381540257], [-83.87302520806848, 41.105108900964495], [-83.8734033480065, 41.10694376859176], [-83.8737815089391, 41.10877863233314], [-83.87549686811263, 41.10977694186676], [-83.87754434241629, 41.111459011751656], [-83.87989163632065, 41.11301908002326], [-83.88166736419727, 41.11551367298113], [-83.88218408472561, 41.11699974941878], [-83.88086073042537, 41.118181685200746], [-83.87971727182715, 41.12005080790339], [-83.88024323803423, 41.12176709790398], [-83.88119804514955, 41.12278246165789], [-83.88307995268083, 41.12412253500306], [-83.88421946991062, 41.12594017154497], [-83.88521611413046, 41.127991439585394], [-83.8858991237453, 41.12981936123531], [-83.8868726809392, 41.13129508905361], [-83.8883214915523, 41.13322090351407], [-83.88918007045898, 41.1356208763426], [-83.89067549129594, 41.138697687612165], [-83.89074982150339, 41.1405393356136], [-83.88944009244005, 41.142066652447056], [-83.8878675956263, 41.144636755845696], [-83.88608243397182, 41.145713937237616], [-83.8838404761472, 41.146801395047454], [-83.88101259846243, 41.14847804686157], [-83.8782030842287, 41.150615039708434], [-83.8768975072752, 41.15225731002109], [-83.87398163304306, 41.15554864486285], [-83.8733218862659, 41.15809799673717], [-83.87210375203023, 41.16192713757395], [-83.8711577585749, 41.16494370873396], [-83.87197920562323, 41.16642293276615], [-83.87369135780034, 41.16730611969081], [-83.87630807562674, 41.16793853540043], [-83.87872627166642, 41.167423313099235], [-83.88084910886953, 41.167145105417546], [-83.88291168205039, 41.16537054834569], [-83.88439283228685, 41.16430030087443], [-83.8870504321116, 41.162166624886495], [-83.88849430151879, 41.16017551481444], [-83.89038096388975, 41.15782875320671], [-83.89167237960739, 41.15584103996181], [-83.89377154781313, 41.15498709381627], [-83.89635538916873, 41.15481337002642], [-83.89908681920916, 41.15452103561501], [-83.90245994114568, 41.155020518063566], [-83.90404328040363, 41.15648224367134], [-83.90564537426364, 41.15840434904821], [-83.90757081048359, 41.16077990380054], [-83.9098056226075, 41.16326358906434], [-83.91147136118231, 41.16299524015085], [-83.91298949080563, 41.16284543872325], [-83.91511204898718, 41.1625666251771], [-83.91627870117073, 41.16127272970522], [-83.91637000785033, 41.15977295400393], [-83.91823224359905, 41.156850254281316], [-83.91892786424364, 41.15522145827925], [-83.91992797322581, 41.15358569731061], [-83.91957650360035, 41.15244165059794], [-83.91938199536976, 41.15140922340918], [-83.91888768010074, 41.15049885357366], [-83.91790847255884, 41.14890830797923], [-83.9161352566405, 41.14652942086042], [-83.91449097403381, 41.14357152178459], [-83.91434103952433, 41.139888262366114], [-83.91591243869917, 41.1373178038685], [-83.91717459252938, 41.13463917035708], [-83.9189449026096, 41.13321621075653], [-83.91948805594159, 41.131590859110375], [-83.92004996035051, 41.130425914088654], [-83.92163032278401, 41.1280855668604], [-83.92366717299332, 41.12573474214433], [-83.92724463667751, 41.1238094086708], [-83.93203941582577, 41.121856009665464], [-83.93652011127438, 41.11967921318837], [-83.94241271233437, 41.11850660520925], [-83.94996484556168, 41.11694971374244], [-83.95827750592, 41.115374705237116], [-83.9658241666006, 41.11370171091196], [-83.97156836789964, 41.112646308677526], [-83.97492560755597, 41.112798469689245], [-83.97737943540092, 41.11320205977266], [-83.97996628772025, 41.11314163630189], [-83.98271969687636, 41.11342290322966], [-83.9854443135584, 41.11301349763806], [-83.98831625694301, 41.1124853621994], [-83.99286196430747, 41.111917874149206], [-83.99665642472353, 41.11159830429853], [-83.99970451568988, 41.111641825612594], [-84.00291436168693, 41.111911880565216], [-84.0052306056719, 41.112663784909685], [-84.00833675793754, 41.11408828954935], [-84.01356853225997, 41.1153472478941], [-84.01898181894444, 41.11729297028217], [-84.0215979012987, 41.11792224423622], [-84.02587819868337, 41.118281515186105], [-84.0304823994329, 41.11909379083141], [-84.03709921791204, 41.12066442532245], [-84.04037815022431, 41.122544857220504], [-84.04359355855613, 41.12292891999566], [-84.04960230385153, 41.1245134062405], [-84.05343643273542, 41.12511282139463], [-84.05804141579343, 41.12592403507086], [-84.06128666032905, 41.12699820725996], [-84.06326513169914, 41.126950621163566], [-84.06428604619512, 41.125889110594514], [-84.06530692850502, 41.12482759126899], [-84.0658761685037, 41.12389215500611], [-84.0655273700007, 41.122863609292445], [-84.06503133925341, 41.12195382320382], [-84.06432886336637, 41.119781624246215], [-84.06189833298092, 41.116383611504126], [-84.05994915483639, 41.11355006079623], [-84.05824584367198, 41.11289969082818], [-84.05654256411866, 41.112249296658995], [-84.0545448399439, 41.11183637692257], [-84.05208084325888, 41.11120416950948], [-84.0508095716091, 41.10996725437596], [-84.04967085795063, 41.10826628224855], [-84.04883649234061, 41.1065580109999], [-84.04687832147154, 41.103494025248246], [-84.04509206134726, 41.10088676251617], [-84.04366897505868, 41.0996533995285], [-84.04194168277574, 41.09842728823711], [-84.04050402378364, 41.096848583173134], [-84.03999383440416, 41.09559337193178], [-84.03992045356027, 41.09386685683365], [-84.0404359619631, 41.09166540478192], [-84.04192808607696, 41.087366680277015], [-84.04374869957432, 41.083636159272864], [-84.04618236513409, 41.08000614277723], [-84.04850784035303, 41.07741563014301], [-84.0502444706709, 41.07530005932499], [-84.05213797637666, 41.073295914964916], [-84.05553238048168, 41.0707948173752], [-84.06015779461902, 41.068609670629385], [-84.06450838903616, 41.06712228412598], [-84.06842238322729, 41.06610615397991], [-84.0749013640837, 41.06456701362712], [-84.08364588278522, 41.062626923939], [-84.091639649975, 41.0609348893662], [-84.09919187459221, 41.05959874870857], [-84.10707288574619, 41.058830204259166], [-84.11299731063116, 41.05856998464859], [-84.11614993410863, 41.05757091470726], [-84.11829848799597, 41.05797909772283], [-84.12148618700174, 41.05778559393129], [-84.12485608884278, 41.05827887017025], [-84.1279622602349, 41.05970034246685], [-84.13093164378098, 41.0614707803999], [-84.13425574552475, 41.06438463666792], [-84.13743818041448, 41.06753234826653], [-84.13985554060396, 41.07058366494385], [-84.14297270185068, 41.07223493161059], [-84.1454716055666, 41.07367098343589], [-84.1468909081837, 41.07478806538069], [-84.14845725799296, 41.075786261855114], [-84.15063195025128, 41.07676934918946], [-84.15200061913743, 41.07673538996793], [-84.15350103845029, 41.076237248078506], [-84.15513317488258, 41.07527491823425], [-84.15689190430415, 41.07373329659777], [-84.15789023499121, 41.0722105573561], [-84.15769747314471, 41.07129355545285], [-84.15687104784624, 41.06981618384804], [-84.15600398445191, 41.067418017884464], [-84.15635336671484, 41.064989610111425], [-84.15717919474439, 41.06301025109568], [-84.15955081494923, 41.06156855036913], [-84.16239882378973, 41.06057583593586], [-84.16659976756442, 41.059203630824214], [-84.17232596803746, 41.05790838734103], [-84.17819886072049, 41.05649396431323], [-84.18440121479695, 41.05564711375505], [-84.18907804044751, 41.05472306495012], [-84.19424683325003, 41.0545930369134], [-84.20088424947575, 41.05327345836027], [-84.20811913622045, 41.05170793747271], [-84.21550052470442, 41.05002302742332], [-84.22026627921697, 41.04771273577832], [-84.22291928061551, 41.04580165743279], [-84.22424052991065, 41.04473099744848], [-84.22602292885348, 41.04376381720615], [-84.22933563773825, 41.04298809341706], [-84.23087121335853, 41.04329465518412], [-84.23422554882838, 41.043439574730606], [-84.23622757944808, 41.04396462625191], [-84.23809330060796, 41.0448388174924], [-84.24056707297852, 41.045697435961394], [-84.24322950722724, 41.04735778748393], [-84.24528403827236, 41.04903364863125], [-84.24779994017838, 41.05081288209609], [-84.25035265919918, 41.0533977303289], [-84.25298941865843, 41.05448238336748], [-84.25545849003518, 41.05522559823065], [-84.2583469052776, 41.05515137181392], [-84.26184865941438, 41.05517652109311], [-84.26533461890645, 41.05485628366481], [-84.26849542153083, 41.0540834087598], [-84.27167198234862, 41.05365573408419], [-84.2743343650047, 41.05197372070434], [-84.27789281773201, 41.04992276452661], [-84.28158189243071, 41.04740738081948], [-84.28606248384565, 41.045562731399194], [-84.2893799301565, 41.04490044917576], [-84.293027860397, 41.04480564349516], [-84.29665982748571, 41.044365443105676], [-84.29860384614268, 41.04362341629261], [-84.30006523117295, 41.042317769488236], [-84.30061463285952, 41.04103588011618], [-84.3011586890278, 41.039638892028336], [-84.3022520613631, 41.03695999790107], [-84.30227621065919, 41.034193748726054], [-84.30224710041048, 41.03027653693916], [-84.3026578824224, 41.02600213059821], [-84.30361501312872, 41.02367244885986], [-84.30554238162144, 41.022585005322895], [-84.30700852183531, 41.02139434636931], [-84.3084479352104, 41.01962818617685], [-84.30882371883264, 41.01788982106185], [-84.30828255231086, 41.016060192625964], [-84.30695510970367, 41.013674930039876], [-84.30424447578027, 41.010980069929104], [-84.30265603528025, 41.00952346618557], [-84.29991617976758, 41.00947971109242], [-84.29777336816423, 41.0091898635477], [-84.29604913182732, 41.00808242319989], [-84.29537771856971, 41.006717073567046], [-84.29574313628325, 41.004748537187936], [-84.2962444958607, 41.00243074471116], [-84.29578132369895, 40.99898568969205], [-84.29519820169776, 40.99623515368711], [-84.29450039967051, 40.99429426811856], [-84.29318980672495, 40.99225408999689], [-84.29097863531, 40.99046780397033], [-84.28801880613211, 40.98893141411395], [-84.28536814329044, 40.98750216459829], [-84.28229370995798, 40.98677528472712], [-84.27904634618945, 40.98559185399369], [-84.27630218122268, 40.985432458283725], [-84.27335871323973, 40.98424100774562], [-84.26876592184232, 40.983553053364346], [-84.26614216554478, 40.98269888631633], [-84.26502655501737, 40.98157528713556], [-84.26433501022423, 40.979749307651154], [-84.26437647499554, 40.97732822256058], [-84.26532900168164, 40.97488362687462], [-84.26690459726703, 40.97276865122845], [-84.26936478199372, 40.97005459610821], [-84.2721020832135, 40.96675711172979], [-84.27511639158718, 40.962876174894994], [-84.2785593906556, 40.95840782542014], [-84.28036386296993, 40.95467331115148], [-84.28156626159603, 40.951069621061734], [-84.28219310648873, 40.94817230014573], [-84.28307588683539, 40.94423114011422], [-84.28366560365914, 40.94052805669194], [-84.28337112847456, 40.93742414010523], [-84.28272561698851, 40.933292140850874], [-84.28359760544461, 40.92912071963479], [-84.28469523274195, 40.926556833440415], [-84.28641556815437, 40.92432247416484], [-84.28876387046088, 40.922532724612296], [-84.29040639112522, 40.92191374920532], [-84.29429823501518, 40.9206599123092], [-84.30013042416877, 40.918663809965956], [-84.30322611286695, 40.91662374051907], [-84.30523837501968, 40.91415094733848], [-84.30726113954948, 40.91190833065655], [-84.30822721222653, 40.90980859652358], [-84.30803291898721, 40.90889171115071], [-84.30754056585111, 40.90809787612621], [-84.30747136355751, 40.90660147891432], [-84.30800891501393, 40.90508919138492], [-84.30900682151389, 40.90368008765565], [-84.31031870521146, 40.902493238624], [-84.31267630404686, 40.90093320707213], [-84.31474111541159, 40.899611305567404], [-84.31830120733775, 40.897789089506794], [-84.32232145878564, 40.89606990207595], [-84.32666089836918, 40.89468790853185], [-84.33099480227081, 40.893190649367725], [-84.33531778020235, 40.89146301577943], [-84.33919095983255, 40.889862368878326], [-84.34049130619877, 40.888444962192246], [-84.34120652653225, 40.88750403090433], [-84.34173780898057, 40.88587646290933], [-84.34413811157464, 40.88200961811209], [-84.3465004402878, 40.87733695606345], [-84.35008614429537, 40.87286224824498], [-84.35266950500527, 40.869681821797364], [-84.35393140722802, 40.86745848706258], [-84.35482524474055, 40.86386189253942], [-84.35411091097346, 40.861575835887244], [-84.35278489174479, 40.859190780552694], [-84.35155661362296, 40.855650580607524], [-84.35207122485794, 40.853677599480136], [-84.35275355798184, 40.85204591493849], [-84.3541774923595, 40.85004874026937], [-84.35632673891331, 40.84734071719557], [-84.35847581627374, 40.844632649983254], [-84.36045139474662, 40.84469526833177], [-84.36303859487548, 40.84485679664347], [-84.36487887451352, 40.84526871499977], [-84.3661346276093, 40.846157231278475], [-84.36801831810953, 40.8474899800834], [-84.36914970237738, 40.84895806044405], [-84.36922018706152, 40.850454484069566], [-84.36950731302124, 40.853328167625875], [-84.37053064766012, 40.85572115171277], [-84.37126174363168, 40.85835244659418], [-84.37270238781684, 40.863154574531045], [-84.37400744793655, 40.86507897016691], [-84.37553970664351, 40.86538372241611], [-84.37768380398516, 40.86578732109539], [-84.38160354893178, 40.86522124333414], [-84.38445662101655, 40.86456842051965], [-84.38732054530932, 40.86414574394834], [-84.39128379690702, 40.86450020895688], [-84.39403980101635, 40.86500230829377], [-84.3954806888838, 40.866577064562186], [-84.39757181496347, 40.86905631321042], [-84.40205226618092, 40.87389139782268], [-84.40401416094906, 40.8768350356865], [-84.40693883359198, 40.877678056243234], [-84.41150945359523, 40.87801545539824], [-84.41332341946956, 40.87785109237498], [-84.4223186802253, 40.878644450089546], [-84.4248053315318, 40.87984469837461], [-84.4298586890326, 40.88074455624112], [-84.4324971777452, 40.88194051567851], [-84.43409093246783, 40.883510658084646], [-84.43679817071886, 40.88297583167614], [-84.43816839325956, 40.883053706871316], [-84.4406111283747, 40.88333279441392], [-84.44289670285904, 40.88350087207034], [-84.44477179813998, 40.88460217043321], [-84.44754010782812, 40.88533323701418], [-84.45028623473594, 40.88560382760256], [-84.45251070364527, 40.88450559014931], [-84.45521226898738, 40.88385524511469], [-84.45865521457699, 40.88283871698116], [-84.46181712080897, 40.88229083386345], [-84.46709057777144, 40.8814542449932], [-84.47420579497133, 40.88102764932975], [-84.47986639026576, 40.88190866186051], [-84.48508348228752, 40.88303220048271], [-84.48926182952437, 40.88464533461335], [-84.49282256824242, 40.8860449470925], [-84.49621490284858, 40.88710336182361], [-84.49991061890556, 40.88815324919066], [-84.50342097863111, 40.88851666404925], [-84.50567300334966, 40.88799295750605], [-84.50839122879665, 40.88768673294503], [-84.51108111913253, 40.8868049472958], [-84.51423151648747, 40.88602550303435], [-84.51913334985012, 40.8838139239338], [-84.524580695441, 40.883430999539016], [-84.52775354467929, 40.88311159597744], [-84.52991051245047, 40.883742676016], [-84.53144960048415, 40.884160537614356], [-84.53480829133868, 40.88452728835899], [-84.53726292842285, 40.88503461820885], [-84.53936865882748, 40.88462963689733], [-84.5410137597868, 40.884122320113164], [-84.54354574742587, 40.88312897010941], [-84.54562850341576, 40.88226348284986], [-84.54922172311288, 40.881240099192574], [-84.55430237733677, 40.879598288719606], [-84.56060720453598, 40.87815213206013], [-84.56288719471281, 40.878202837143135], [-84.56517293973965, 40.87836859667339], [-84.56819950767499, 40.87816751513769], [-84.57187862451187, 40.87886991871083], [-84.57405893169798, 40.87996059610897], [-84.57517795607907, 40.881081407198224], [-84.57646595485204, 40.88254318745329], [-84.57826086216247, 40.885027884695894], [-84.5796659720786, 40.88579473100482], [-84.58195779082753, 40.88607526616883], [-84.58452975373773, 40.885886728151156], [-84.58680422827932, 40.8858218809051], [-84.59023959724233, 40.884686496508564], [-84.59458460798956, 40.88352500943152], [-84.59731967869436, 40.88356205432608], [-84.60010123989113, 40.88451980456611], [-84.60394428584269, 40.88544707058109], [-84.6068427124896, 40.885709742824844], [-84.60866227143441, 40.885657529147835], [-84.61255215127953, 40.88450844671697], [-84.61372433049911, 40.88366791554198], [-84.61498974558192, 40.88167205692195], [-84.61626092523794, 40.87979127795074], [-84.61789926858823, 40.87617095453265], [-84.61869793080528, 40.87395794513997], [-84.62124011226373, 40.873193136195965], [-84.62421363411889, 40.87195477412955], [-84.62686629472772, 40.87037980080595], [-84.62834710036711, 40.86964546194522], [-84.62996774692932, 40.86867653311654], [-84.63127930882234, 40.86760124849118], [-84.63146524482053, 40.865290566218775], [-84.63134214976681, 40.86287354583373], [-84.63110851658627, 40.86126657793516], [-84.63135305303268, 40.86010685074135], [-84.63311913773877, 40.85901839491333], [-84.63761337043987, 40.85785093987384], [-84.64259741990855, 40.85736070751596], [-84.64593773598872, 40.85737905851664], [-84.64939427148947, 40.85670233693568], [-84.65313027338198, 40.85555631462713], [-84.65564778608187, 40.85433038076084], [-84.65742514742618, 40.85347175334767], [-84.65916702152347, 40.85192252367302], [-84.65966098017957, 40.84971803346503], [-84.66178049534238, 40.84665925939847], [-84.66484451844018, 40.844264480077825], [-84.66834515184513, 40.84151104589449], [-84.67084410312631, 40.839939489892316], [-84.6724753080051, 40.83920015690431], [-84.67379157324446, 40.83823947961269], [-84.67447206998602, 40.83672105021878], [-84.67279351597018, 40.836539639863865], [-84.67021179211224, 40.83649988853964], [-84.66692575162381, 40.83751808585234], [-84.66289973792412, 40.838903590833944], [-84.66023139244497, 40.8401341095012], [-84.6580057305495, 40.84112112950223], [-84.65539031118396, 40.84338740811203], [-84.65423112380432, 40.844458566335646], [-84.65158008977369, 40.846034176581334], [-84.64873027720202, 40.846693355839996], [-84.6446445354027, 40.84692726906499], [-84.64219634577019, 40.84653722427944], [-84.63964363458467, 40.84707229966285], [-84.63759248018023, 40.84851493146683], [-84.63614156946592, 40.84982488189674], [-84.63435817134226, 40.850568098191154], [-84.6325688723713, 40.851196190509924], [-84.63074438383045, 40.85113367215383], [-84.62828441296702, 40.85051314897202], [-84.62602284722173, 40.850808982107], [-84.62330660462149, 40.85111788589576], [-84.62097524794378, 40.853029360117475], [-84.61909260610655, 40.85481259296074], [-84.61747797053553, 40.85589648153586], [-84.61524535199067, 40.85676759708812], [-84.61284361801353, 40.857297735093354], [-84.60919435699044, 40.85717206887247], [-84.60625639090458, 40.85610376281158], [-84.60394802679525, 40.8554783929938], [-84.60239751551043, 40.85483125754617], [-84.5990515285509, 40.85469659320829], [-84.59452205258239, 40.85517201044802], [-84.59242914055162, 40.85580816847886], [-84.58991044824398, 40.857032770441485], [-84.58691380637593, 40.857809898733656], [-84.5848091771537, 40.8582157249507], [-84.58409303589734, 40.856046130523254], [-84.58214711380995, 40.85356578783041], [-84.5789427052319, 40.8501991354436], [-84.57559859820157, 40.84706690087175], [-84.57383359612095, 40.8451575985838], [-84.57160831560415, 40.84314608474252], [-84.56957499335194, 40.84193593058621], [-84.56784480923459, 40.84071713962719], [-84.56585762477772, 40.840427730266065], [-84.56283270996207, 40.84062875870089], [-84.55935891388437, 40.84095768313115], [-84.55651416425535, 40.841729769590714], [-84.55503319301496, 40.84246323399272], [-84.55384380858165, 40.842957911073526], [-84.55268304898595, 40.84402808396451], [-84.55244297191788, 40.84530276376824], [-84.55326371674617, 40.846547470359084], [-84.55424177140051, 40.847902987813626], [-84.55445636880285, 40.84916481683813], [-84.5543850570458, 40.85078051490424], [-84.5538590629178, 40.852409060500285], [-84.55155436983578, 40.85489468214774], [-84.54994439397998, 40.856092759351526], [-84.54764515681539, 40.85869339952566], [-84.54469369568052, 40.860390273321464], [-84.54278602254735, 40.861711892249545], [-84.54143892435972, 40.86209560663604], [-84.5398343116947, 40.863408641970736], [-84.5384154622467, 40.8654079942528], [-84.53695660304187, 40.86660162365442], [-84.53306647432525, 40.867748264650075], [-84.53006872446605, 40.86852396268945], [-84.52825524906298, 40.86869008340622], [-84.52489736683019, 40.86832314556641], [-84.521494095309, 40.86703530419045], [-84.51824254293763, 40.86574312771029], [-84.51562013948299, 40.86489433139497], [-84.51345822993807, 40.864147883922655], [-84.51162218499778, 40.86385334637254], [-84.51052711374516, 40.86319233656727], [-84.51048184015261, 40.86227152085276], [-84.510576830912, 40.861116271806566], [-84.51094667856235, 40.85937705368843], [-84.51300081025116, 40.85793660708256], [-84.51538066678634, 40.85694806476449], [-84.51700827316397, 40.85609576036278], [-84.51833270318136, 40.85525191011706], [-84.51965710077398, 40.854408044499245], [-84.52053812208426, 40.853807091336925], [-84.52126188815744, 40.85309527116796], [-84.52165413033934, 40.85181641939754], [-84.5216087149275, 40.85089560026659], [-84.52036219701748, 40.8502389164503], [-84.5173027006506, 40.84974817666154], [-84.51621913520276, 40.849317417872555], [-84.5152758052412, 40.84865220954155], [-84.51431550051201, 40.847641683798486], [-84.51380987252486, 40.8466184537972], [-84.51359602924575, 40.84535655013103], [-84.51339351827203, 40.844324852172036], [-84.51408894071797, 40.84303755316807], [-84.51600231355869, 40.84183147741677], [-84.5206489429764, 40.84066416655062], [-84.52955540577672, 40.839722993837775], [-84.53620006065987, 40.83907529532435], [-84.5395109297996, 40.83852110226689], [-84.54222134016032, 40.838098995153096], [-84.54371949242675, 40.83771099432868], [-84.54475733107213, 40.837220687732994], [-84.5479708059454, 40.834709514741846], [-84.55090963667281, 40.832782323123176], [-84.55372543488649, 40.83143485278854], [-84.55626676675371, 40.83067139973766], [-84.55942555930015, 40.830120937802015], [-84.56185546709214, 40.83016737269605], [-84.56353931685719, 40.83046544207738], [-84.56462288152507, 40.83089577795293], [-84.56554345010767, 40.83110019795609], [-84.56675554772897, 40.831065808776565], [-84.5693024766645, 40.830417180404865], [-84.56829368109187, 40.83148321196225], [-84.56699332640257, 40.83278803762163], [-84.56523836611461, 40.83410574136615], [-84.56473574688134, 40.836194761440964], [-84.56481046941943, 40.837691082462584], [-84.56516526042729, 40.83871840123637], [-84.56627196827698, 40.83960912548666], [-84.56734994173254, 40.83992433269472], [-84.56825913132975, 40.83989852818384], [-84.56931409517479, 40.839753313369584], [-84.57007750776535, 40.839846898588874], [-84.57140673307165, 40.83911755149863], [-84.57270136234348, 40.837697582982436], [-84.57442745163434, 40.83580426685515], [-84.57644494678665, 40.833672097490144], [-84.5786022891701, 40.83130537392341], [-84.58195420679428, 40.82855875938131], [-84.58637213540358, 40.82589688089421], [-84.58962408070771, 40.82419027935144], [-84.59169868198224, 40.823208851288214], [-84.59380799573437, 40.822917994514526], [-84.59530552633429, 40.822529342947156], [-84.59729231785009, 40.82281826721888], [-84.59971618845402, 40.82274883174607], [-84.60375996352585, 40.82171074072413], [-84.60858432900662, 40.82111115548749], [-84.614626327889, 40.82059160103987], [-84.62120408318711, 40.81867306447547], [-84.62687261003707, 40.81678042041746], [-84.63204539924422, 40.814094950834594], [-84.63517936934555, 40.81308208063389], [-84.63861617872293, 40.81206034671634], [-84.64112061200827, 40.81060447853265], [-84.64570419823266, 40.808281280831025], [-84.65213262632803, 40.80348351579017], [-84.65386746026145, 40.801819207482666], [-84.65830449638491, 40.79961502156158], [-84.66436562113724, 40.79655632285152], [-84.67032807059832, 40.79453764104193], [-84.67500445617995, 40.79405489446038], [-84.68109702617632, 40.79456786969547], [-84.68538447399195, 40.795364144490456], [-84.68696416931012, 40.79658572627621], [-84.68746605196665, 40.797493161703166], [-84.68665264119667, 40.79936145580983], [-84.68525721655827, 40.801707936919556], [-84.68461892198626, 40.804032155940554], [-84.68425376039124, 40.80577197947995], [-84.6849130714383, 40.80679006989836], [-84.68587530877673, 40.807799255229035], [-84.68740174254059, 40.80798493767093], [-84.68874696660862, 40.8075995642154], [-84.69007431090756, 40.80686888189863], [-84.6913658847274, 40.805447595818286], [-84.69280289131432, 40.80390673709049], [-84.69507096138904, 40.80084281222283], [-84.69750219331401, 40.7980045693554], [-84.7013259091458, 40.7957015414977], [-84.70354948175485, 40.79471368266444], [-84.70550602502922, 40.79442532274385], [-84.70779531353263, 40.79470346545657], [-84.7093454601206, 40.79534926165137], [-84.71076816382612, 40.79645991162205], [-84.7128385747633, 40.79835829080209], [-84.71475166956681, 40.80014602145242], [-84.71648943086124, 40.80147781974033], [-84.71902648137763, 40.80359281095976], [-84.72133888587912, 40.807212991297135], [-84.72254926341355, 40.81005892746144], [-84.72391120330008, 40.812900347503415], [-84.72384991917414, 40.814631284121425], [-84.72329815494942, 40.81568513823433], [-84.72231600082702, 40.81721286208573], [-84.72115228828753, 40.818169593743335], [-84.71866728399816, 40.81997241695214], [-84.7164491127698, 40.82107563443975], [-84.71455182804169, 40.82251512396958], [-84.71271440563399, 40.82510553744047], [-84.71066971196649, 40.82954640572602], [-84.70924454837332, 40.83131764149697], [-84.70778937788616, 40.83251338242488], [-84.7063401410575, 40.83382419994512], [-84.7039937360196, 40.83539203145083], [-84.70160926578176, 40.83915108954484], [-84.7011227030185, 40.84147086490278], [-84.7019460904337, 40.84271455509826], [-84.70397577990622, 40.84380736506694], [-84.70599356456681, 40.8446699514029], [-84.7089265989982, 40.84562072456981], [-84.71289049117686, 40.84596456908768], [-84.71806671110178, 40.846272360813195], [-84.72357612097092, 40.8471463988075], [-84.72809113988053, 40.84931773353162], [-84.7335760367719, 40.85261275674115], [-84.73678208279938, 40.8558601714259], [-84.73951561671494, 40.85877577363051], [-84.74232799447438, 40.86318749003984], [-84.7442013050464, 40.86416903344426], [-84.74683860248953, 40.865243002810324], [-84.75154955650933, 40.86821452865075], [-84.7562973269387, 40.87187639792994], [-84.75996619058056, 40.87522461548254], [-84.76491518500492, 40.8798022900979], [-84.77027091816825, 40.88344537209896], [-84.77383216852434, 40.88760330653292], [-84.77533717151297, 40.89020924812092], [-84.77376597110374, 40.8892190886379], [-84.77022979888443, 40.888403252675346], [-84.7664696296689, 40.88909255416187], [-84.76350403403877, 40.89044952372679], [-84.76084766755869, 40.891912415533085], [-84.75875519159389, 40.892551465988866], [-84.75648067462943, 40.89261958064083], [-84.75494611454943, 40.89231970312152], [-84.75371483493731, 40.89201073385303], [-84.75227127069813, 40.890555406119425], [-84.74956019222759, 40.88810051655123], [-84.74696457244247, 40.88495049962782], [-84.74448448849664, 40.881105359132206], [-84.7423744210933, 40.87851710041929], [-84.73699032074886, 40.874297304232186], [-84.73244925562607, 40.87166598057113], [-84.72992736242693, 40.86989664768317], [-84.72682335206675, 40.868605634254905], [-84.72314320713102, 40.867907986735155], [-84.72115458653778, 40.86762116134221], [-84.71932357361669, 40.86744490172139], [-84.71781375371161, 40.867604908854794], [-84.71661910303123, 40.86798610311198], [-84.71603678173445, 40.86846442448837], [-84.71596924615645, 40.87008019623781], [-84.71590170789615, 40.87169596612267], [-84.71689533531087, 40.873280312756656], [-84.71815015178309, 40.874050029851354], [-84.71958063592984, 40.875275604935176], [-84.72237559227523, 40.87646070271268], [-84.72515860452303, 40.87741555309975], [-84.7286264512256, 40.87984849609331], [-84.73334969416346, 40.88305088747736], [-84.73748500928063, 40.88661641642396], [-84.74176028722829, 40.88994709504561], [-84.74434375108163, 40.89286703700124], [-84.74658780407505, 40.895105443468985], [-84.74698801240248, 40.89693779585773], [-84.74514404261879, 40.89653175854265], [-84.74225068468472, 40.89638752404033], [-84.73981831867968, 40.896344753281845], [-84.73725243580003, 40.896651713621665], [-84.73455299550206, 40.89730839603899], [-84.73246009827807, 40.89794698239746], [-84.73069458682423, 40.8990368729332], [-84.72880147650314, 40.90059159484477], [-84.72706596474004, 40.902256871349394], [-84.72745966752116, 40.903974190429686], [-84.7279628689777, 40.90488138708589], [-84.72956392590993, 40.90644757612768], [-84.73026708972576, 40.90827095788118], [-84.73052129482338, 40.910222940878896], [-84.73195878647833, 40.911563423413064], [-84.73431246282843, 40.91299191085972], [-84.7367816679896, 40.91372531476272], [-84.73954824883185, 40.914334544873846], [-84.74364977950285, 40.91432757857973], [-84.74864928874507, 40.91406312646284], [-84.7528660495316, 40.91336079451181], [-84.75722831796426, 40.912538686649384], [-84.76051050218217, 40.91140297836896], [-84.76384736327611, 40.9113029515034], [-84.76735416855425, 40.91154353521242], [-84.77024209913512, 40.911572074770056], [-84.7739128250516, 40.9120380800276], [-84.77872479877813, 40.91396810859777], [-84.78276026364104, 40.915575553123645], [-84.78666260822759, 40.917532690430654], [-84.79012236311438, 40.919733612123444], [-84.79298168946266, 40.92206785804173], [-84.7947178943806, 40.9232833200714], [-84.79644187452287, 40.92426859014116], [-84.7989121278278, 40.92500070557442], [-84.80295853099142, 40.92563905581894], [-84.80298926578614, 40.92934757884378], [-84.80301758965, 40.932679585707284], [-84.80305918423146, 40.94219801371994], [-84.80308037611726, 40.94489874402874], [-84.80309428447866, 40.94782453372028], [-84.80311573483951, 40.9491968569306], [-84.80313699119863, 40.95156274082804], [-84.80312075327943, 40.960422440615055], [-84.803120147326, 40.96343056536967], [-84.8031337615054, 40.967701224836105], [-84.80316927275703, 40.97109908944991], [-84.80321159654216, 40.9765444499145], [-84.80322535917163, 40.97998621979835], [-84.8032599474877, 40.98761079971113], [-84.80327406734942, 40.98931246773976], [-84.80328771600135, 40.993165917083516], [-84.80329203684948, 40.994102453272376], [-84.798238715071, 40.99391585244111], [-84.79458211058297, 40.993796009379906], [-84.79190852777467, 40.992147697199584], [-84.78848816080674, 40.990752452106555], [-84.78490996113739, 40.98924659709762], [-84.78214012405414, 40.98863849438311], [-84.77851444939037, 40.98909363383746], [-84.77567239152327, 40.98998618785994], [-84.77440372197954, 40.991868838499705], [-84.77360887319715, 40.994083050989], [-84.7741500584192, 40.99568066557228], [-84.77543830184224, 40.997025234114965], [-84.77811780473729, 40.99878900126807], [-84.78000749847284, 41.00000012445789], [-84.78314895848187, 41.001865140021046], [-84.7852213748104, 41.00364706586634], [-84.7877863609875, 41.00610575243837], [-84.79219251750476, 41.00885456346766], [-84.79751649395324, 41.011690708741874], [-84.803294330662, 41.01454653763171], [-84.80329653467743, 41.01513332693892], [-84.80331799497866, 41.01698868502553], [-84.80332495819528, 41.018849530363504], [-84.80333192107828, 41.020704886005625], [-84.80330988874636, 41.02256572748296], [-84.80330959880334, 41.02442108114991], [-84.80328001672441, 41.02813178311289], [-84.80326521982681, 41.02999262249808], [-84.80325766961872, 41.0318479721572], [-84.80324285839697, 41.0337582129912], [-84.80323534721373, 41.03534459107459], [-84.803220539973, 41.03719444911211], [-84.80319122916639, 41.03904979435047], [-84.8031764139059, 41.040905140509864], [-84.8031470955458, 41.04276048468968], [-84.80314662906365, 41.045444698785424], [-84.80314644952634, 41.04647117677788], [-84.80317469548123, 41.05074725625829], [-84.8031816128106, 41.052608090183746], [-84.8031885278805, 41.05446892407983], [-84.80328902418, 41.06008436708872], [-84.80330318206607, 41.061950689962416], [-84.80333184426965, 41.063811525072325], [-84.80334600142974, 41.06566687007493], [-84.80335980351227, 41.06938853626977], [-84.80335945647843, 41.071210944883894], [-84.80335910045918, 41.07306628775754], [-84.8033732755854, 41.074789892362475], [-84.80337999574097, 41.07753997253898], [-84.80337999259672, 41.0775564399199], [-84.80337997749653, 41.077633288210535], [-84.80337253611071, 41.078593894047636], [-84.80337959277709, 41.07960390378245], [-84.80337920538418, 41.081574519222166], [-84.80337875738337, 41.08383606000674], [-84.80338564150733, 41.08569689161361], [-84.80338526957456, 41.08755223307387], [-84.80338504796364, 41.08865006825597], [-84.80339902985342, 41.091257427095236], [-84.8034130906094, 41.093464076026564], [-84.80342012440819, 41.09454544374097], [-84.80342004205356, 41.0949461534386], [-84.80343415551503, 41.096878342991964], [-84.80343415044992, 41.09690029944118], [-84.80343377777025, 41.09869525824166], [-84.80344790154423, 41.10055608820091], [-84.80346202346364, 41.10241691807895], [-84.8034761773959, 41.10411856136093], [-84.80347575313468, 41.10611112916298], [-84.80346106174409, 41.10693999206867], [-84.80346814553091, 41.10774690032611], [-84.8034825615162, 41.10820250305727], [-84.80348242779556, 41.108822778813135], [-84.80349663396365, 41.11024996387545], [-84.80350369146825, 41.1111721447191], [-84.80350349008994, 41.112094324981044], [-84.80351052208626, 41.11312628945422], [-84.8035103182025, 41.11405395849926], [-84.80351737048446, 41.11498711794717], [-84.80350990846853, 41.11590929765734], [-84.80351696020067, 41.1168369677267], [-84.8035240114814, 41.11776463815097], [-84.80352380382148, 41.11869230797786], [-84.80352359483851, 41.11961997817293], [-84.80353064452547, 41.12054764865193], [-84.8035304343156, 41.12147531905126], [-84.80353758206844, 41.12196385628986], [-84.8035372682824, 41.12333614946141], [-84.80353703920036, 41.12433517953337], [-84.80355173932047, 41.125065987267185], [-84.80355614774437, 41.12619271616785], [-84.80357060265558, 41.12662635735641], [-84.80357036178425, 41.12826211340942], [-84.80358464336126, 41.12987591457201], [-84.8035844099674, 41.13145129039612], [-84.8035986857621, 41.13309802600743], [-84.80360569103921, 41.134810630454666], [-84.80361990627807, 41.136858071634826], [-84.80361971763757, 41.138120567908366], [-84.80361221427337, 41.139734367293265], [-84.80360469160952, 41.1414634374145], [-84.80361169990869, 41.14312663918405], [-84.8035751404124, 41.14478434871466], [-84.80356762687096, 41.146420103298276], [-84.80355284565049, 41.1480833026908], [-84.80354532553288, 41.14974101395776], [-84.80354506392598, 41.15140970324697], [-84.80353755097521, 41.153001544416824], [-84.80351549062348, 41.15472512277377], [-84.80350809978712, 41.1555265317457], [-84.80351459719043, 41.15641221486678], [-84.80022810469215, 41.15892599244496], [-84.79775777339421, 41.16119068719074], [-84.79448917239752, 41.16278783331796], [-84.79073910611467, 41.163938345756954], [-84.78853579634382, 41.1655031922247], [-84.78636930516501, 41.16775846584953], [-84.78419037213348, 41.16978354043116], [-84.78167609910267, 41.171242338245776], [-84.77975226337038, 41.1723375455567], [-84.77654289698025, 41.172203442459136], [-84.77380253425841, 41.17228570574433], [-84.77107442098763, 41.17259806443332], [-84.76899813202503, 41.17369766288984], [-84.76665400388553, 41.17549681548287], [-84.76460202657519, 41.17705664944299], [-84.76283612527601, 41.17826210214542], [-84.76041834974492, 41.1786801859425], [-84.75675195147653, 41.17855920891035], [-84.75310386093784, 41.17878335698218], [-84.75038148884988, 41.17921032354396], [-84.74728752471928, 41.18126192982753], [-84.7436207901193, 41.184022045092846], [-84.74156194009026, 41.1854663890161], [-84.7399172984718, 41.18609156917255], [-84.73698760995912, 41.18548703449818], [-84.73437465600449, 41.1851035515025], [-84.73258981095576, 41.185963308292024], [-84.7304511240024, 41.18879292317295], [-84.72912904835297, 41.189754165165205], [-84.72781904918851, 41.19094554978661], [-84.72554683295765, 41.19124333060923], [-84.72371936533146, 41.19129739786314], [-84.7205998752771, 41.19288797862143], [-84.71764461739119, 41.19470413849876], [-84.71542052521266, 41.19592235986538], [-84.71190556065102, 41.19579551007864], [-84.70881738041086, 41.19507970405511], [-84.70595983050423, 41.19585537260036], [-84.70312628044927, 41.19709129166865], [-84.70078562099687, 41.19900419483903], [-84.69871340064802, 41.2002176272255], [-84.69583150490861, 41.20053273421097], [-84.69417408270937, 41.20092712150924], [-84.69136409848686, 41.20262307595574], [-84.68917524272256, 41.20453128128368], [-84.68757160225499, 41.205961292158065], [-84.68638894225481, 41.20668743188491], [-84.68333045675729, 41.20654637606467], [-84.68044822438398, 41.206861112070634], [-84.6775540181976, 41.20694561934909], [-84.6748897368006, 41.20852165457923], [-84.67164581854831, 41.210690783308856], [-84.66973102914635, 41.21201434538866], [-84.66689020173209, 41.21313431367496], [-84.66176411943279, 41.214320623689986], [-84.65343262974494, 41.21548439834174], [-84.64712880285046, 41.2175109602362], [-84.64232451039939, 41.21903286345735], [-84.63705701783346, 41.22045267663633], [-84.63327162846336, 41.2210228037099], [-84.63065200565894, 41.22052199777898], [-84.6277041362607, 41.219569576234676], [-84.62445752303222, 41.21874092017743], [-84.62363100954545, 41.21749691511129], [-84.6218610119358, 41.215703749625014], [-84.62057166100945, 41.21435776345672], [-84.61789364014743, 41.212705856083375], [-84.61491106783099, 41.211062620878465], [-84.61273724584625, 41.21031815562197], [-84.61074511915179, 41.21014470357759], [-84.60940337357093, 41.2107593620529], [-84.60764558150156, 41.212192658102], [-84.60649710051557, 41.21360850423324], [-84.60405934614087, 41.21667467760236], [-84.60281685610117, 41.21924565965828], [-84.60063669829698, 41.22138238913926], [-84.59871439701396, 41.222589725857766], [-84.59690935575544, 41.22310219325706], [-84.59509845023753, 41.22349955157336], [-84.59228581719856, 41.222196676096104], [-84.58965479379968, 41.22146481313174], [-84.58715871909128, 41.220383312111615], [-84.5840649183073, 41.2195492363478], [-84.58074203812644, 41.22021981123994], [-84.57881360899141, 41.22131174789805], [-84.57672113898163, 41.222177804190935], [-84.5737724125367, 41.22422054654244], [-84.57125165401472, 41.22567486379716], [-84.56598609317858, 41.230203107375345], [-84.5624734046669, 41.23318343768769], [-84.55727246737229, 41.23598073247967], [-84.54995471309441, 41.23918304207915], [-84.54141121186292, 41.24230400840742], [-84.53679544080293, 41.244622970045924], [-84.5335052959768, 41.24598272288714], [-84.53001675641515, 41.246425978614155], [-84.52591274752459, 41.24677106645645], [-84.5209227131942, 41.24771691929415], [-84.51702809047038, 41.24920828955251], [-84.513884070433, 41.250448175175315], [-84.50856596047305, 41.25094165599814], [-84.50291446879326, 41.25086793114337], [-84.49862926911887, 41.25064088169564], [-84.49432716910275, 41.250068404306695], [-84.491747194462, 41.25037016036638], [-84.49014976381866, 41.25202763838525], [-84.48807795664646, 41.253352454493644], [-84.48572382000856, 41.25514597560999], [-84.48332998324503, 41.256133856146754], [-84.48150065528107, 41.2561842267283], [-84.47919140334137, 41.25578681147847], [-84.47680882121098, 41.25389324513065], [-84.47400852916684, 41.25281778767929], [-84.47154699764452, 41.25242441137089], [-84.46882002764264, 41.252844945024066], [-84.46657284259919, 41.25371322924286], [-84.4637945295296, 41.25620936761889], [-84.46215621382788, 41.260172349512644], [-84.46093577918228, 41.26331719070018], [-84.45950100099385, 41.26520024628031], [-84.45804930630365, 41.26673802692458], [-84.45536094354132, 41.2679638467332], [-84.45234512299967, 41.26873758489726], [-84.44975306809955, 41.268808268851025], [-84.44742119714458, 41.26794990821028], [-84.44538873418028, 41.266968115148735], [-84.44409072358921, 41.265390115609726], [-84.44309211235596, 41.26368871801213], [-84.44273690623488, 41.26266123878839], [-84.44644215799804, 41.26037086087338], [-84.44997231991786, 41.257624177160174], [-84.45292044337799, 41.25546945763166], [-84.45392029671004, 41.25405929615033], [-84.4553493888742, 41.25206120297892], [-84.45577972344115, 41.24836178650154], [-84.45550399001864, 41.24583405292402], [-84.45424654585301, 41.24195024847376], [-84.45180358388437, 41.238790219070644], [-84.45047241239585, 41.236521737334655], [-84.44994247614738, 41.23503807035687], [-84.44984178071621, 41.23296649155953], [-84.4491594945436, 41.23148697281679], [-84.44770970659359, 41.22991313244522], [-84.44655916597151, 41.2282158797971], [-84.44535840847607, 41.225482816371205], [-84.44256705066068, 41.221410150400196], [-84.44064379538563, 41.21950338647773], [-84.43809448341138, 41.217267889574615], [-84.4357700895082, 41.21652436645297], [-84.43303318953845, 41.216713926135704], [-84.43063991830188, 41.21770078950971], [-84.42751253482356, 41.21928369837126], [-84.42535474219605, 41.221992672088916], [-84.42449046753393, 41.22305323047909], [-84.42245707997826, 41.22518257051171], [-84.42085299309367, 41.226724065241605], [-84.4153587580634, 41.229868698585285], [-84.40833452292111, 41.23293903004352], [-84.40431359787581, 41.23500628729465], [-84.4015006571411, 41.23681047141651], [-84.39919989547415, 41.239753201628005], [-84.39904382553146, 41.24286878759582], [-84.39933399995913, 41.24574191180009], [-84.3991448603508, 41.24816695291123], [-84.3990585504782, 41.249552103342886], [-84.3980521190427, 41.25084672193167], [-84.3964248820313, 41.25192751385053], [-84.394792087695, 41.252893193978565], [-84.3917872485658, 41.253895604544724], [-84.38892377690641, 41.254663680937014], [-84.38761219141853, 41.255966371338396], [-84.38694881574246, 41.25805836649674], [-84.38629638311767, 41.260380532854576], [-84.38432661781148, 41.2638902489624], [-84.38257930461003, 41.265665449238355], [-84.38110943139874, 41.266857039667016], [-84.37989066001916, 41.270116139034165], [-84.3781759508343, 41.27258179687951], [-84.37549141402995, 41.273920919745784], [-84.37293191117158, 41.27468048079597], [-84.37047564350051, 41.27440013425087], [-84.36736027972692, 41.27310014834142], [-84.36449543936739, 41.27064109215221], [-84.36194666299335, 41.26840405122362], [-84.35913123542716, 41.26698066419751], [-84.35787331617826, 41.266207360709046], [-84.35780797694903, 41.26482627982518], [-84.35353900789666, 41.26171275170429], [-84.34898722815734, 41.25906748507346], [-84.34504560976619, 41.25640594645523], [-84.34201355978146, 41.253605064307145], [-84.33886178811699, 41.251498669525645], [-84.3327869062599, 41.24889293524425], [-84.32658164039229, 41.24675128354551], [-84.32069775374246, 41.24494659901012], [-84.31668625087451, 41.24401452203653], [-84.31361624007307, 41.24363387072185], [-84.30990439912607, 41.24257850681147], [-84.30860463311927, 41.240883950629105], [-84.3085028347861, 41.23869719383098], [-84.31111226458557, 41.235748253080686], [-84.31421087747509, 41.233477851461735], [-84.31567048309351, 41.2320568794127], [-84.31556310460871, 41.22975501886825], [-84.31411641626349, 41.22817958358081], [-84.31069946114525, 41.226886077833534], [-84.30440868342693, 41.22612836130273], [-84.29816609865418, 41.22640616403222], [-84.29297420016297, 41.22631065840126], [-84.28837058146212, 41.22573874341971], [-84.28469199529312, 41.225373160773685], [-84.27888533622504, 41.22517774169566], [-84.27367236546503, 41.224621023916704], [-84.26796001364606, 41.223155097203524], [-84.26329872768984, 41.22131617268092], [-84.26141211917283, 41.22009714839638], [-84.26073929631917, 41.21873166544204], [-84.26062322768588, 41.216199546277025], [-84.25931990311072, 41.21438933240846], [-84.25570490039203, 41.21206230334874], [-84.24985203315657, 41.20748788372763], [-84.242014336283, 41.20284881836722], [-84.2376074678906, 41.199850166654414], [-84.23256554337232, 41.1962913860277], [-84.22893676205224, 41.19361827559427], [-84.2238175643086, 41.18833260535612], [-84.21965977140496, 41.184059401290824], [-84.21523949180434, 41.18071457678346], [-84.21284087621693, 41.17824024523868], [-84.21107750348028, 41.176325946188435], [-84.20914639206134, 41.17407016546157], [-84.20832278943134, 41.172708202996375], [-84.20826575858726, 41.1714420718923], [-84.20926942211422, 41.17003385892413], [-84.21299823205605, 41.16821089024906], [-84.21800732546932, 41.16773811942983], [-84.22286929696018, 41.16738411386256], [-84.22577268762593, 41.16754071940427], [-84.2294373996357, 41.16767785675886], [-84.23325961401737, 41.167926099329826], [-84.23695052291977, 41.168638517704046], [-84.23910315208407, 41.16904445067355], [-84.24110878157403, 41.169569341824676], [-84.24610728491187, 41.168865197565], [-84.25126846929884, 41.16838715604292], [-84.25491225330207, 41.168063155205814], [-84.25829889370299, 41.16878278335442], [-84.2621529484074, 41.16972075878272], [-84.26548252385467, 41.17251591563434], [-84.26972074684967, 41.175172303301096], [-84.2724999803629, 41.17924906807725], [-84.27566225147866, 41.181702560034694], [-84.27772686211888, 41.18349295152841], [-84.27932407379629, 41.185064932339245], [-84.28058491469673, 41.18595418536772], [-84.28260729851577, 41.18682369994947], [-84.28660436660356, 41.187526742389295], [-84.29044921201373, 41.18823360759287], [-84.2931342946069, 41.19023810069225], [-84.29441673013018, 41.19158759634048], [-84.29507929240052, 41.192722728669445], [-84.29443407790824, 41.1936752221691], [-84.2922971787413, 41.19521500059863], [-84.28880977344538, 41.195651265592126], [-84.285485278468, 41.196313675002145], [-84.2809421208296, 41.19700754294299], [-84.27608891801623, 41.19759401566021], [-84.27110447253226, 41.198644613580896], [-84.26778494794289, 41.19942162854678], [-84.26527455203902, 41.20121481698547], [-84.2634050574955, 41.203682853257476], [-84.26291710118822, 41.206345775981255], [-84.26347445505289, 41.20852086130587], [-84.26435768206011, 41.2111484837961], [-84.26536692172785, 41.213196688513406], [-84.26788401900357, 41.21486033842622], [-84.27069009759455, 41.21617078680915], [-84.27423694244226, 41.21700111542267], [-84.2791445989859, 41.21756569083676], [-84.28639641518765, 41.21933689069638], [-84.29179876047631, 41.22069476610921], [-84.29486229122898, 41.220960881041876], [-84.2985139980373, 41.220750679890784], [-84.29705721617894, 41.218944841459404], [-84.29531710910581, 41.217607285505125], [-84.29236879287295, 41.21653155839959], [-84.28895814966107, 41.215352523421494], [-84.28372990030653, 41.21445095370892], [-84.27926890176583, 41.21364455110362], [-84.27553800713112, 41.21212772771286], [-84.27237963479386, 41.20978938352943], [-84.2718484580538, 41.20818982505185], [-84.27161670627062, 41.20646730318479], [-84.27215726672318, 41.204955315259674], [-84.27333893711547, 41.20411817436409], [-84.27516172868185, 41.20395586220266], [-84.27775151556887, 41.20388892671236], [-84.27901268127486, 41.20477818397558], [-84.28104621715636, 41.20587790744885], [-84.28477689430848, 41.20739456744182], [-84.28757766991275, 41.20858953358102], [-84.2892535199339, 41.20854605659446], [-84.29137576426423, 41.20826049647905], [-84.29150680574814, 41.207796155630135], [-84.29160055802582, 41.20652614135274], [-84.2915366376716, 41.20514498510076], [-84.29116804131091, 41.203771740218876], [-84.2918498323313, 41.202025509068065], [-84.29361922688494, 41.200711949344786], [-84.29525755349762, 41.19986270974804], [-84.29828814396467, 41.199438156597125], [-84.30162869559206, 41.199120685049245], [-84.30574690372485, 41.19912853977654], [-84.31138839008453, 41.19909644639313], [-84.31430406979793, 41.19948114439955], [-84.31333966194349, 41.20169586193853], [-84.31190209471727, 41.20357722706794], [-84.31137313952489, 41.20531959077461], [-84.31267766327927, 41.207129260203175], [-84.3144071123944, 41.20823638696134], [-84.31749702674057, 41.20907740200878], [-84.32115878557009, 41.209096698816225], [-84.3268657158869, 41.21044502283923], [-84.33147941813405, 41.21124565799526], [-84.33610943263312, 41.21239139800589], [-84.33859036980884, 41.21324792063832], [-84.3413869088386, 41.21432654017777], [-84.34482548338958, 41.216079561241486], [-84.34832388333147, 41.21909850624703], [-84.35100643322217, 41.22098657684546], [-84.35292724016077, 41.22289475774493], [-84.353977323095, 41.22574785745568], [-84.35441793067918, 41.228617086149704], [-84.35420008383393, 41.23046662559858], [-84.35330171410834, 41.23406270671646], [-84.35299116496611, 41.23718227138101], [-84.35326852281725, 41.23982532943006], [-84.35429170537553, 41.24210293430224], [-84.35621863274612, 41.24412612242335], [-84.35872817897484, 41.24555766442501], [-84.36014358741949, 41.24644200748604], [-84.36306700033086, 41.24694060959598], [-84.3660937938094, 41.24639928376208], [-84.36875563191388, 41.244600001748466], [-84.37063883868615, 41.242475671474], [-84.37242416260551, 41.241506265104555], [-84.37217884638564, 41.239553792732316], [-84.36996313992461, 41.237884232698676], [-84.36808509839832, 41.23689706821447], [-84.36622347344962, 41.23625514567328], [-84.36430192289944, 41.23434719460284], [-84.36361601652507, 41.2327521113368], [-84.36383361652787, 41.23090255745108], [-84.3658147519346, 41.230849921706216], [-84.36875391618848, 41.231693662919824], [-84.37156806866734, 41.23311684285473], [-84.37437687019563, 41.23442486583893], [-84.3755038513398, 41.23566242950635], [-84.37798612030497, 41.23651812909162], [-84.38077326808428, 41.237365640084775], [-84.38274909520109, 41.23719763657684], [-84.38421284593839, 41.23589092219719], [-84.38488710462893, 41.234029111510786], [-84.38757541885435, 41.23280484238303], [-84.39178758817191, 41.23153969062158], [-84.39476946313847, 41.23007691004278], [-84.39808352270693, 41.22918132215124], [-84.40000947975119, 41.227977221035346], [-84.400841126005, 41.22622630309491], [-84.40243462237964, 41.224454895806254], [-84.40510569462667, 41.22288495006372], [-84.4074939907981, 41.221783510819485], [-84.41002352745826, 41.220447735796384], [-84.41041431171294, 41.21905432925676], [-84.4101845754475, 41.21744716540146], [-84.40730400818506, 41.21464377486772], [-84.40507169962339, 41.21262955216018], [-84.40193094633332, 41.21075495749553], [-84.39953005388189, 41.208399446727455], [-84.39820119737597, 41.2061303409493], [-84.39732392510669, 41.20373385356223], [-84.39740470798725, 41.202233558100076], [-84.39935745629259, 41.20160490121589], [-84.40046590508602, 41.19927029475943], [-84.39991530626168, 41.19732599549235], [-84.39861417716888, 41.195632340945615], [-84.39554037506498, 41.19513867871317], [-84.39309785374886, 41.19508897312654], [-84.39141690546181, 41.19501880502571], [-84.3900296066165, 41.1947102634398], [-84.38704239195181, 41.19283117659102], [-84.38482234914822, 41.1910467366201], [-84.38309767726172, 41.19005569788212], [-84.38123718085923, 41.18941398774806], [-84.37651580582916, 41.18954007355181], [-84.37212632232213, 41.19023333079615], [-84.3690965946887, 41.19065975093544], [-84.36617553225199, 41.19016128322754], [-84.36306953795722, 41.18897622068173], [-84.36087744843142, 41.18776681397274], [-84.35971888007641, 41.18583849493323], [-84.35887583397802, 41.18413227048509], [-84.35852231671272, 41.18310449043343], [-84.35846794690896, 41.18195352983317], [-84.35633592753224, 41.18201009231242], [-84.35642844701557, 41.18073999470272], [-84.35630348455865, 41.178092776150244], [-84.35580319150334, 41.177184118679705], [-84.35499836356657, 41.176283533663366], [-84.35235000481987, 41.17508607190545], [-84.34871172930734, 41.17552812082994], [-84.34570416524242, 41.176414347894095], [-84.34347414515601, 41.177625679286685], [-84.34018889097231, 41.17909529527539], [-84.33720806628489, 41.180556790687646], [-84.33482007671483, 41.181656873695886], [-84.33270962296156, 41.182173405298585], [-84.32997380815829, 41.18236063145524], [-84.3279724994529, 41.181952296840855], [-84.32628117374244, 41.18165102540793], [-84.32575434169816, 41.18016676011307], [-84.32611431053805, 41.178083002276956], [-84.32828002037787, 41.175490821265235], [-84.32988498666184, 41.173950500082505], [-84.33147370913193, 41.17206486123582], [-84.33234416931431, 41.17112002842487], [-84.33331832400599, 41.16913529457603], [-84.3337211593172, 41.1679722809671], [-84.333640246653, 41.166245804655354], [-84.33311337425914, 41.16476155254433], [-84.33227124751046, 41.163055116475206], [-84.33080402387606, 41.161019404025375], [-84.32898932594773, 41.15807088522094], [-84.32797899971311, 41.15602311614665], [-84.32774063417077, 41.15418552284526], [-84.32671425851406, 41.15179243736771], [-84.32428573964981, 41.148744732173434], [-84.32258623607193, 41.144986385428666], [-84.31934882384871, 41.14092263572973], [-84.31568739510571, 41.137561363179586], [-84.31250430048495, 41.13464842956854], [-84.30875555921529, 41.13267214491584], [-84.30334377075012, 41.13096965616752], [-84.30059924110026, 41.1309260256164], [-84.29747572874271, 41.12927881800947], [-84.29255825394277, 41.12836966895811], [-84.28978724586122, 41.12775027434786], [-84.2885379843578, 41.127091287940196], [-84.28697909728021, 41.12632508841344], [-84.28603953294211, 41.12577327534547], [-84.28566616133732, 41.12428482315256], [-84.28617921028106, 41.12219714474385], [-84.28611547728478, 41.12081589173817], [-84.28466113760344, 41.11900976711586], [-84.283348409435, 41.116969465200086], [-84.28026304982957, 41.11612753249185], [-84.27523693707782, 41.11614245476619], [-84.26910882154745, 41.11537893780312], [-84.26442397136626, 41.11619128741153], [-84.26140737790578, 41.1168452444941], [-84.25916200860516, 41.117709756131205], [-84.25692710638431, 41.118804435787], [-84.25577300284222, 41.1202170087277], [-84.25537964823273, 41.121610011419634], [-84.25635573879514, 41.12296780183001], [-84.25702227501039, 41.124218306226474], [-84.25996081434016, 41.125179853652675], [-84.26428478012096, 41.12645134330863], [-84.2690759874136, 41.12794110006542], [-84.27439272561107, 41.130915210842865], [-84.27804118531901, 41.134047540637425], [-84.28165814809915, 41.13648913424464], [-84.2843515730484, 41.13872410338363], [-84.28659919883417, 41.14120106761284], [-84.28837973450916, 41.14345964221671], [-84.28969843598229, 41.145614950688206], [-84.29023486406335, 41.14732961396751], [-84.29065102577795, 41.149738839071794], [-84.29119815416492, 41.15168369583399], [-84.29114172234598, 41.15375947637634], [-84.29032944272096, 41.15597013516651], [-84.2894745547349, 41.15725997644665], [-84.28830452153619, 41.15832751528268], [-84.28550230184632, 41.160359302830216], [-84.28353906631891, 41.16075593218531], [-84.28201662167938, 41.16079539166859], [-84.28078805482741, 41.160596743873114], [-84.27784241068841, 41.15952062317073], [-84.2731269615157, 41.15641588676902], [-84.26997651662296, 41.154192487831715], [-84.26590236113064, 41.15176234973982], [-84.26276291149559, 41.14976896028306], [-84.25840590754824, 41.14780681478063], [-84.25374998463016, 41.14596743232669], [-84.24987111523026, 41.144453658737916], [-84.24718910006312, 41.14244816595088], [-84.24530495355549, 41.141228839723205], [-84.24342611447717, 41.140124587300804], [-84.23941656848149, 41.13907482183347], [-84.23617858109063, 41.138235690380796], [-84.23278847753163, 41.13740035573], [-84.23013332783003, 41.13596999566927], [-84.22811833221736, 41.13521469521666], [-84.22641818119257, 41.13468181935484], [-84.22515898967421, 41.133791979254624], [-84.22182774676477, 41.130880552026554], [-84.21744195761619, 41.12822629827632], [-84.21445198762657, 41.126112669967874], [-84.21088983515695, 41.12482014117085], [-84.20778431136605, 41.12351594854032], [-84.2056229384602, 41.12287922321081], [-84.20195031926254, 41.122511137216414], [-84.1976949045875, 41.122733839439675], [-84.19436276549796, 41.123163596226696], [-84.19194873593162, 41.123685376051704], [-84.18985445528278, 41.124544772265914], [-84.18930757287619, 41.12594138718436], [-84.18925323782652, 41.12813226682139], [-84.1902950759178, 41.130986977669345], [-84.19120027086785, 41.134190826661026], [-84.19194304464183, 41.13716827962915], [-84.19218287675491, 41.13912126118653], [-84.1925800828494, 41.14118551202973], [-84.19236331828971, 41.143149986509606], [-84.19170020991166, 41.14535616784965], [-84.19085907182924, 41.14699064302126], [-84.18968769168163, 41.14805724107916], [-84.18731393433666, 41.14949976497945], [-84.18265152931794, 41.150884470167064], [-84.18010475298858, 41.151870245868025], [-84.17713199449102, 41.153558045477254], [-84.17521449429759, 41.15498888216349], [-84.17363727213582, 41.15721780822385], [-84.1732127982111, 41.161376846337085], [-84.1732948016898, 41.16321853168319], [-84.17369670657202, 41.16539791025094], [-84.17502760979772, 41.16789973382957], [-84.17724143790487, 41.16968802986283], [-84.18040498371093, 41.17225910669378], [-84.18229911158004, 41.17370962693017], [-84.18527986990883, 41.1755937651805], [-84.18655990480974, 41.176944406035], [-84.1881445648396, 41.17828737642407], [-84.18912012530265, 41.179645642100915], [-84.19106104905453, 41.18213194040802], [-84.19314925381741, 41.18449926524153], [-84.19489168365952, 41.18595340612601], [-84.19605595058532, 41.188113484042134], [-84.19676851664028, 41.19040016531447], [-84.19763344847965, 41.192682998549984], [-84.1983047571584, 41.19404885252398], [-84.19942272381057, 41.195172974257815], [-84.20238935254892, 41.19671135083805], [-84.20486285515373, 41.19745549656573], [-84.20628046450364, 41.19845675186215], [-84.2096836347259, 41.19952298975547], [-84.2123563949662, 41.20129902443424], [-84.2152024280056, 41.20353153308465], [-84.21775435894794, 41.20600189998132], [-84.21951867928293, 41.20791605276391], [-84.22084686479052, 41.210302179722014], [-84.22200714935106, 41.21234686309832], [-84.2222741543153, 41.214875153583236], [-84.22091717526497, 41.21859699105755], [-84.21999115839157, 41.22173170986318], [-84.21814551849107, 41.224774514498314], [-84.2167412925228, 41.227460400539464], [-84.21546335263399, 41.229566917194866], [-84.21415414078054, 41.230982835120614], [-84.21269246921499, 41.23240259622909], [-84.21135717385563, 41.233242996257175], [-84.21063148609149, 41.23406795801711], [-84.20976375264732, 41.23512696304891], [-84.20970479129583, 41.23720255784383], [-84.20941885777614, 41.241012302662135], [-84.20964397263376, 41.24261979311219], [-84.20928532661803, 41.24481818007663], [-84.20863735265753, 41.24736955668113], [-84.20734841609807, 41.24924576177643], [-84.20619631320673, 41.250772832853514], [-84.20432860676515, 41.25335504083457], [-84.20241410425326, 41.25490133072486], [-84.20035741581269, 41.25668162798816], [-84.19904740840688, 41.258097387161804], [-84.19711195265086, 41.25918319493336], [-84.19533407704418, 41.26038023150209], [-84.19248883531453, 41.26160407820677], [-84.18949101665291, 41.26283168633439], [-84.18710300154025, 41.26404391353359], [-84.18381547699633, 41.2656243232754], [-84.18173738237229, 41.266943894003695], [-84.17937481617558, 41.26873145244022], [-84.1774541755513, 41.27016222590231], [-84.17507082999855, 41.27148930404103], [-84.17282448361068, 41.27246723238251], [-84.17014622867578, 41.27403202175762], [-84.16655794790613, 41.27573465259245], [-84.1624658970441, 41.27641268153661], [-84.15990907715731, 41.277282856535095], [-84.15842487871535, 41.27824154851789], [-84.15649842452446, 41.27955687774831], [-84.15702749553826, 41.2811568800016], [-84.15725665938376, 41.28287955189228], [-84.15715523414144, 41.2840343128962], [-84.15591020906797, 41.28694582797655], [-84.15430384415484, 41.28859882831299], [-84.15228060240534, 41.291183925883736], [-84.15037916005201, 41.29307462488317], [-84.14854895738331, 41.296576639433674], [-84.14760845458062, 41.29948048149183], [-84.14585921492356, 41.30136731854685], [-84.14353013796799, 41.30395978725185], [-84.14050409167645, 41.30806728514167], [-84.13817458221561, 41.31065963491986], [-84.13598225832972, 41.312902886638824], [-84.1348224320676, 41.31431411361929], [-84.13409497939709, 41.3151385767055], [-84.13419137407224, 41.31732537995837], [-84.13443530509663, 41.31939332515628], [-84.13404852097568, 41.3210159258386], [-84.1320083419933, 41.3232553254577], [-84.13028846770008, 41.32583246057279], [-84.12914856775537, 41.3277039923626], [-84.12862417942536, 41.32967559754445], [-84.12870522315133, 41.33151709693736], [-84.13005296652285, 41.3343644088871], [-84.13121268842119, 41.33640980383951], [-84.13201647110179, 41.337311768943394], [-84.1325149820215, 41.338221242067476], [-84.13193989544527, 41.3390419172861], [-84.13123242522258, 41.340326714688125], [-84.13086572564643, 41.34240964541771], [-84.13027478641057, 41.346341553127026], [-84.13025391740872, 41.34933769658337], [-84.13115418611112, 41.35242639704813], [-84.13227873578164, 41.353666111258924], [-84.13277229603581, 41.354460479031026], [-84.13297064697824, 41.35549254155837], [-84.13190692381663, 41.35563392905179], [-84.13148437073653, 41.35645083341989], [-84.13201345177953, 41.35805083844015], [-84.13307676219307, 41.36136592584308], [-84.13305601216074, 41.36436203080603], [-84.1315487262412, 41.36831640981373], [-84.13058115405524, 41.37064448709588], [-84.1294557227406, 41.37286121580674], [-84.12811667762165, 41.37370060889106], [-84.12525031858688, 41.37457747023982], [-84.12283195945872, 41.375212851736734], [-84.12117215539213, 41.37571438587291], [-84.11904907814375, 41.37611202713755], [-84.11561698578146, 41.378039418808456], [-84.111776880314, 41.38112879366608], [-84.10822178996993, 41.38375022973854], [-84.1047588334282, 41.3849867642103], [-84.1020545036964, 41.386089521626474], [-84.09995107649107, 41.38694717852232], [-84.09753204314369, 41.38758204474725], [-84.094476864491, 41.38765625116136], [-84.09052514296789, 41.38821296166048], [-84.08793821297714, 41.38850606990354], [-84.08579955262415, 41.38855785246759], [-84.08320759554725, 41.388735769783615], [-84.07966912798881, 41.38824523418681], [-84.07673677003888, 41.38762476273314], [-84.07380446621379, 41.38700421946835], [-84.06937445525232, 41.38711092257442], [-84.06373227206738, 41.38747700573355], [-84.05810983019006, 41.38830318734836], [-84.05432537143014, 41.3892003201722], [-84.05102380743973, 41.390661827836674], [-84.04768756886145, 41.391317608366194], [-84.04512498204778, 41.392185250992], [-84.04275942754454, 41.39408501164636], [-84.04006849850734, 41.39553163937238], [-84.03707188819222, 41.396985476805824], [-84.03467156170329, 41.39807943760595], [-84.0325718261959, 41.3990509994802], [-84.02923990320478, 41.39982135457504], [-84.02596667057745, 41.40197270354792], [-84.02232404599319, 41.40263501741615], [-84.01971672918084, 41.4024662962802], [-84.01709477880799, 41.40195224636039], [-84.01459639344907, 41.40074398627036], [-84.01330578981269, 41.39916156140645], [-84.01158612490724, 41.39828047976526], [-84.01049225859317, 41.39773024180276], [-84.00847196517562, 41.39697141021741], [-84.00495305481465, 41.396939053912746], [-84.00234599912281, 41.39676995678848], [-83.9994236724981, 41.39637779448964], [-83.9972798064472, 41.396312910104484], [-83.99466305124548, 41.39591345681929], [-83.99250468211527, 41.395503210597944], [-83.99154925887744, 41.394603940585846], [-83.99072245555453, 41.393125622324526], [-83.99215830055094, 41.39090308382099], [-83.99440149034008, 41.38969845710315], [-83.99694044482801, 41.38825643222612], [-83.99917861274051, 41.38693662000778], [-84.00096809251228, 41.38585771819601], [-84.00301929809879, 41.383735763992036], [-84.00587788547288, 41.3826316314003], [-84.0096139339477, 41.38058508094229], [-84.0130930114564, 41.37969655483887], [-84.0164143749315, 41.37869644438726], [-84.01775977310876, 41.37797339119531], [-84.01996784188805, 41.375962614782836], [-84.02326446895694, 41.37438684441917], [-84.02654135966209, 41.372350607947745], [-84.02877838629058, 41.37103022116705], [-84.03222238827176, 41.369335479547146], [-84.03552823404237, 41.3679895513321], [-84.03987344586108, 41.36592749786314], [-84.04273069100108, 41.36482247288578], [-84.04649423398061, 41.363465307879544], [-84.0505531640902, 41.361870531562246], [-84.05525236690775, 41.3609515429922], [-84.05824700763561, 41.359497204986404], [-84.06201490335131, 41.3582546422312], [-84.06488634786021, 41.357494364793425], [-84.06896435916646, 41.356359333414716], [-84.07289949364727, 41.35545803110969], [-84.07651919319181, 41.35433378492945], [-84.07951309078027, 41.35287890903483], [-84.08186123061326, 41.35063307511958], [-84.0831355227047, 41.348297961697995], [-84.0842969949247, 41.34688727635696], [-84.08760072653949, 41.34553989177687], [-84.09058399817667, 41.343854540718056], [-84.09327182037579, 41.342406716025145], [-84.09491599232334, 41.34156026835887], [-84.09546148516169, 41.34004920826043], [-84.09733567798573, 41.33746889236298], [-84.100135608473, 41.33509643809732], [-84.10282790572536, 41.33376348277939], [-84.10503203926399, 41.33175106679402], [-84.10724610094327, 41.32996879557002], [-84.10976529835892, 41.32817902455022], [-84.11157819206028, 41.324217319462626], [-84.1131461204953, 41.32164418077449], [-84.1151465372366, 41.318484335254894], [-84.11951762222837, 41.313653281930456], [-84.12199547499068, 41.310942461581114], [-84.12343034565005, 41.30883328723678], [-84.12546025929821, 41.30636381181563], [-84.1279730460981, 41.30445852582824], [-84.13032299425672, 41.30232674552479], [-84.13144723651918, 41.30010987123853], [-84.13344110492024, 41.29683456385237], [-84.13504309478317, 41.2950667575411], [-84.13661454725506, 41.29260834419239], [-84.13729096015142, 41.29063287721584], [-84.13724550783905, 41.28614031026861], [-84.13757617369615, 41.283251572590416], [-84.13748987160086, 41.28129490404055], [-84.1378661956542, 41.27944203984302], [-84.1382628087582, 41.27804956552203], [-84.14089621471047, 41.27544960444542], [-84.1444291565086, 41.272481652609265], [-84.14829733801791, 41.270196628121255], [-84.1512350353077, 41.2675888675672], [-84.15330863653604, 41.26615472608048], [-84.154614641508, 41.26462437664986], [-84.15530557286631, 41.2629940586523], [-84.15541210247179, 41.26195437795087], [-84.15413616983425, 41.26071856802275], [-84.15272311442341, 41.25983182576867], [-84.15041567177731, 41.25942814982343], [-84.1478135031096, 41.25926218270728], [-84.14614142906365, 41.259418815842366], [-84.14401193711113, 41.25958674202984], [-84.14202982258652, 41.259635761214824], [-84.13991555024889, 41.26014891552383], [-84.13766907426655, 41.26112619700427], [-84.13541239142059, 41.26187323521989], [-84.13297784381263, 41.26204848750777], [-84.12931334576672, 41.26202352285535], [-84.12642640273613, 41.26232500215321], [-84.12252258517272, 41.26380363529304], [-84.11831867334581, 41.26540471974052], [-84.11606667609239, 41.266266492967944], [-84.11443968700267, 41.26745858825142], [-84.11159773590877, 41.26879561404874], [-84.11011304471461, 41.26975371660985], [-84.10879086395593, 41.27093827379588], [-84.10694404969034, 41.27409441982675], [-84.10469476021511, 41.27852779395901], [-84.10316765138539, 41.28202171495126], [-84.10161028856591, 41.28482501088779], [-84.10048031578648, 41.28692653543765], [-84.09932521018804, 41.28845255074453], [-84.09848014529884, 41.2900862241961], [-84.09811271709157, 41.2921691439106], [-84.09803032273958, 41.293784238099875], [-84.09794291360761, 41.295284231997826], [-84.09772298711137, 41.29724832968789], [-84.09763055587541, 41.298633220549476], [-84.09740559927135, 41.30048221402963], [-84.09603019896649, 41.30397226493418], [-84.09497984476765, 41.30791526017043], [-84.09384928676756, 41.310016679972264], [-84.09224588049841, 41.31178391372403], [-84.09030720786842, 41.31286794925508], [-84.08879127954515, 41.31313516959585], [-84.08727533959548, 41.313402371052604], [-84.08574441252163, 41.3133242619043], [-84.08372578022428, 41.31256663646374], [-84.08202732817783, 41.312146883609735], [-84.08001375341301, 41.31150429302645], [-84.07770499600718, 41.31109923963936], [-84.07618408229024, 41.31125120446386], [-84.07413235421122, 41.31325944565247], [-84.0723608563341, 41.31468479937265], [-84.0698213170139, 41.31601341893758], [-84.06666134623418, 41.31712648451836], [-84.06469237686495, 41.31751951810811], [-84.06196531203845, 41.31804595739007], [-84.05876059974844, 41.318122936244265], [-84.05586109203986, 41.31819250991934], [-84.05386240004157, 41.31789477945196], [-84.05185385545354, 41.31736681969573], [-84.05057382937427, 41.31601487533769], [-84.04975164862823, 41.314651960196784], [-84.04964809935218, 41.31223489233039], [-84.05078498655288, 41.31024899170658], [-84.05270940483703, 41.30882029420569], [-84.0540431665046, 41.307866591610924], [-84.05460904868843, 41.30681606929767], [-84.05436757859586, 41.30474794439942], [-84.05337807578093, 41.30304340093619], [-84.05241329559472, 41.30191434440173], [-84.04920932903086, 41.30199107146784], [-84.04738834018345, 41.30226507612007], [-84.04555749040419, 41.302308854427736], [-84.04382508666221, 41.301082861301936], [-84.04215680107912, 41.2977813956137], [-84.04123669907618, 41.29411639026807], [-84.040193630369, 41.29114561302448], [-84.03854540348982, 41.28830447567631], [-84.03617389404671, 41.286402300331666], [-84.03488495028033, 41.28481995146323], [-84.03221350612594, 41.2830400617504], [-84.03012782163803, 41.2806700897184], [-84.02863278301182, 41.27782516450241], [-84.02791509769845, 41.275307401175446], [-84.0276500921359, 41.27266365217902], [-84.02663727512328, 41.27038332653363], [-84.02547202907407, 41.268106609346766], [-84.0240165333135, 41.26618242963953], [-84.02273801595287, 41.26483013256311], [-84.02116921597755, 41.26383036692785], [-84.01946260683306, 41.26317950823872], [-84.01808049304776, 41.262981819191026], [-84.0165751321209, 41.26347835326817], [-84.01523684443245, 41.26431657310089], [-84.01500003448513, 41.26593525427403], [-84.0160270107408, 41.268560998342586], [-84.01770794339701, 41.27220821621421], [-84.01944758286552, 41.27723663885964], [-84.02108498780625, 41.27984785748225], [-84.02178782421439, 41.28202034334187], [-84.02279576879853, 41.2841855849334], [-84.02356220863787, 41.28785437979437], [-84.02448616516175, 41.291634640081895], [-84.02535644963051, 41.29414876744434], [-84.02558233717717, 41.29587166400608], [-84.02507475838506, 41.29830327138678], [-84.0251285310021, 41.299569380746355], [-84.02353336461628, 41.30156591412842], [-84.0223762936221, 41.30309116935792], [-84.02168666815767, 41.30483576223779], [-84.02146451918189, 41.30679970033232], [-84.02153776417776, 41.308526202260886], [-84.02282196108497, 41.309993562724], [-84.0250413240631, 41.31189958364586], [-84.02812745063156, 41.312632821345744], [-84.03062285235967, 41.31384089023402], [-84.03300006307246, 41.315858229884086], [-84.03383663729079, 41.31756655332794], [-84.03407262628471, 41.31951959689795], [-84.03448086592607, 41.32192939685154], [-84.0347021685314, 41.32353713771224], [-84.03448523910782, 41.325616166416815], [-84.03470655414793, 41.32722390223935], [-84.03539067937159, 41.328935831939454], [-84.03805417687718, 41.330485388929226], [-84.04114128236994, 41.331218283080666], [-84.0437902318658, 41.332422419635684], [-84.04830547366521, 41.33438838354229], [-84.05095467287457, 41.33559236027699], [-84.05349082922295, 41.33772070163859], [-84.05482073413036, 41.3402235468201], [-84.05595358386695, 41.34169417404843], [-84.05617051260968, 41.34318675337819], [-84.0560623447099, 41.344226270336584], [-84.05564389798155, 41.345158010563104], [-84.0532209946694, 41.34567691834577], [-84.05077337899391, 41.34562030146943], [-84.04866562322007, 41.34636200072764], [-84.04596191794666, 41.34746353887942], [-84.04310545190286, 41.348568658639024], [-84.04102211575754, 41.34988569746957], [-84.03921456437625, 41.350504850930065], [-84.03649089732014, 41.351145791982205], [-84.03420559514596, 41.351315393432735], [-84.03237832589518, 41.35147406254559], [-84.02961535722349, 41.35119408484532], [-84.02760112493684, 41.35055064006439], [-84.02530603542091, 41.350489881607494], [-84.02271536710835, 41.350666507506794], [-84.02015398798831, 41.35153365253372], [-84.01885307228652, 41.35329261169912], [-84.01819213497568, 41.355727680828664], [-84.01748723223554, 41.35712688321654], [-84.0164964170102, 41.35899368036961], [-84.01518063636595, 41.36040730300224], [-84.01322474098647, 41.36114476387033], [-84.01153525474865, 41.360954224304336], [-84.01061416305177, 41.360860746632035], [-84.00887117104155, 41.359404121846254], [-84.00620234699339, 41.3577388629708], [-84.0041152836484, 41.355368591243916], [-84.003397687692, 41.35285085082662], [-84.0030000698534, 41.35067120519957], [-84.0033707141913, 41.34858868680407], [-84.00555882059732, 41.34611773376662], [-84.00716527643117, 41.344351711340195], [-84.00848577728284, 41.34305325307176], [-84.00934824471001, 41.34176558276955], [-84.01037793775808, 41.340819594035665], [-84.00966999425916, 41.338532053687864], [-84.00802675646614, 41.33580571264831], [-84.00521108839567, 41.33425909638863], [-84.00333081136378, 41.333151248903064], [-84.00087398649634, 41.332863422330625], [-83.99796405951315, 41.33270140028651], [-83.99537393631539, 41.332877435748344], [-83.99282732938127, 41.33408930330575], [-83.99184098710991, 41.33607103118732], [-83.99037245230711, 41.33748798619455], [-83.98892317917543, 41.339365314837366], [-83.988375322613, 41.34087588802011], [-83.98784192914354, 41.342731750304424], [-83.9874515216663, 41.3443538391505], [-83.98627358787054, 41.34541829510723], [-83.9854202708258, 41.34693598867487], [-83.9848722765339, 41.34844653618332], [-83.98477748614566, 41.34983127372891], [-83.98452518063029, 41.35110448197244], [-83.98318475262363, 41.351942275971844], [-83.98232164499468, 41.35322974522666], [-83.98244698016886, 41.356222264419905], [-83.98211903257005, 41.359340571338144], [-83.98115129213926, 41.361782552164065], [-83.9811045977994, 41.36431823114243], [-83.98174109338798, 41.368566079640416], [-83.98239213323168, 41.373159193440195], [-83.9826509606518, 41.37568771541724], [-83.9825994896597, 41.3781082695425], [-83.98177943229844, 41.38043155388549], [-83.97927416943202, 41.38267892881916], [-83.97703575719487, 41.383998376387076], [-83.97493078074099, 41.3848538477664], [-83.97263934308873, 41.38490717593965], [-83.97003277173937, 41.38473737362039], [-83.96623288888095, 41.38528645326133], [-83.96137795074048, 41.38620547743548], [-83.95716741834443, 41.387915831824316], [-83.95035951186658, 41.38968599838199], [-83.9473468961377, 41.390792322479456], [-83.94582388589035, 41.390942624397105], [-83.94458738672311, 41.390625492441465], [-83.94234863871704, 41.38825773643849], [-83.94180473974022, 41.386196569495766], [-83.94185765965207, 41.38377605192317], [-83.9437531655208, 41.3815435282572], [-83.94666542400834, 41.37802027374761], [-83.95040783955262, 41.37609065646447], [-83.95352476526892, 41.37382975128801], [-83.95528120940898, 41.3719458441624], [-83.95587781618893, 41.3715864267237], [-83.95499475476186, 41.368726677880964], [-83.95445540423312, 41.36678062904545], [-83.95393995194563, 41.365410058953564], [-83.95328612024392, 41.36438830576969], [-83.95188780936353, 41.36384457709678], [-83.94960658943093, 41.36412766398744], [-83.94751140736011, 41.36521286664512], [-83.94509167835947, 41.36584468094052], [-83.94220898268182, 41.36637189651669], [-83.93959844391503, 41.3660863380819], [-83.93672992931204, 41.366958714149064], [-83.93327412906797, 41.368420526152846], [-83.9320037877272, 41.37098419448693], [-83.9299743867348, 41.37368044234778], [-83.9284172572857, 41.37671144658836], [-83.92637808921695, 41.379177426977435], [-83.92407577744017, 41.38268621863373], [-83.92265678270537, 41.385368344038795], [-83.92154794079079, 41.38815856358566], [-83.9199618001654, 41.390498846532026], [-83.91927809785274, 41.3924729031709], [-83.91844628516718, 41.39456553279048], [-83.91670709719293, 41.39690924383801], [-83.91539320616386, 41.398436817312856], [-83.91407454769788, 41.399849279758605], [-83.91181549554291, 41.40070711537084], [-83.90921317411954, 41.40065109569968], [-83.90613836792213, 41.40026014433401], [-83.90196118020576, 41.399087701347916], [-83.89932145774114, 41.39811070528725], [-83.89743173774414, 41.39677107335114], [-83.89599578396792, 41.39530594477489], [-83.89440710559592, 41.39384425231613], [-83.89259562971301, 41.39065954271737], [-83.89036334832478, 41.38840592168454], [-83.88753878832556, 41.38662642941231], [-83.88454763390112, 41.38450501869157], [-83.88114024967308, 41.38342972421787], [-83.87665435077491, 41.382148167790064], [-83.87279356863736, 41.38119803038043], [-83.87041412849041, 41.379062548653344], [-83.86865046799655, 41.3770284281656], [-83.86744235232594, 41.37359940687022], [-83.86689157241995, 41.3713076804484], [-83.86691936739416, 41.36819657058665], [-83.86915466043502, 41.362962326003895], [-83.87126470750297, 41.35842204548064], [-83.8743045811871, 41.35420643921518], [-83.87616897984138, 41.35116921303792], [-83.87715424459371, 41.34907336266493], [-83.87912459415794, 41.344881626670606], [-83.88179373501156, 41.34286302489256], [-83.88440220515997, 41.339348034540315], [-83.88764899764655, 41.336509805819375], [-83.8907615274988, 41.33413534230309], [-83.8925093444285, 41.33202207999076], [-83.89451095977952, 41.32863574841632], [-83.89568379114954, 41.323655215435025], [-83.89675524795689, 41.319944247663535], [-83.89679568774206, 41.31717830094023], [-83.89638296933242, 41.31453782537663], [-83.89294295695007, 41.31634386255396], [-83.890108571742, 41.31802089721606], [-83.88668684796204, 41.320287165602196], [-83.8812203045265, 41.32110169713343], [-83.87833900129604, 41.321627408708345], [-83.8727520606869, 41.323250717359954], [-83.8671879792975, 41.32544928457126], [-83.86416298869361, 41.32620828369614], [-83.86051814681186, 41.32675064791113], [-83.8570166714812, 41.32705928520763], [-83.85135520756272, 41.32683992626299], [-83.84642943426955, 41.32591270312571], [-83.84198919592339, 41.325665743084386], [-83.83816868891553, 41.32563529538455], [-83.83231367025135, 41.32438247901166], [-83.82863219410923, 41.32400303683539], [-83.82403951016865, 41.32375878684083], [-83.82051983860872, 41.32360594193567], [-83.8176197990172, 41.32366977677483], [-83.81504770750026, 41.32430236302], [-83.81204031794198, 41.32552047776295], [-83.80922168171867, 41.3276560168056], [-83.80700441410416, 41.32954789786394], [-83.80496679934133, 41.33212702699186], [-83.80353514906312, 41.33457765206632], [-83.80133384066417, 41.33866870227153], [-83.7993486563274, 41.33871193785358], [-83.79708062137551, 41.339337639645386], [-83.79390981033067, 41.34032872037216], [-83.78889735359881, 41.34112912471871], [-83.78521427742459, 41.340747856357], [-83.78292808842754, 41.340912605926604], [-83.77961325182308, 41.34213695462043], [-83.77629381941803, 41.34324603928004], [-83.77278130557912, 41.34332178154293], [-83.76987519079319, 41.34326910260628], [-83.76821761376308, 41.34388110753137], [-83.76551772103612, 41.34520709417916], [-83.76342862735723, 41.34651990418311], [-83.75963273185303, 41.34717767680179], [-83.75629495089576, 41.34782552075956], [-83.7523373072367, 41.34825598993983], [-83.75034294427029, 41.34806807508996], [-83.74716663088829, 41.348942736504696], [-83.74337488013838, 41.34971515383862], [-83.7399061841093, 41.35094164190761], [-83.73563397393997, 41.3511477014451], [-83.7312134032892, 41.35147201958005], [-83.7278487702579, 41.35142802974994], [-83.72476326362782, 41.35068645379324], [-83.72166905046714, 41.34971445449664], [-83.71993636362068, 41.34836785385018], [-83.71775431953597, 41.34726123507438], [-83.7149570639986, 41.346052273122964], [-83.7124434993711, 41.344260951461315]], [[-84.09311928680007, 41.35646662122867], [-84.08691896955814, 41.35799955238911], [-84.07954664389699, 41.36071261144869], [-84.0700010644739, 41.36267106949323], [-84.06577494767625, 41.36392489362299], [-84.06124820845113, 41.36530099479046], [-84.05643069728374, 41.36702952345416], [-84.05145528408504, 41.36864641805187], [-84.04713490341624, 41.37128434784813], [-84.04205053203331, 41.373940328837925], [-84.03723192440617, 41.37566807624361], [-84.03166409061542, 41.37775905321218], [-84.03002316537317, 41.37871970114983], [-84.0262780385237, 41.38053670268522], [-84.02327201096337, 41.3817600319984], [-84.0193640134746, 41.383350246900086], [-84.0165348948793, 41.38514525384364], [-84.0133952290078, 41.386832311333734], [-84.01047635573492, 41.39012697509944], [-84.0088299668173, 41.390972231372174], [-84.00799119856539, 41.392835301732454], [-84.00836488608812, 41.394439391312666], [-84.00916772768066, 41.39534212681596], [-84.01039484457904, 41.3954284096615], [-84.01223796267418, 41.39561535687262], [-84.01361299432457, 41.39558291069112], [-84.01527894979517, 41.39519795911223], [-84.01708790195843, 41.39457919111247], [-84.0194883876215, 41.393485577093436], [-84.02340674726148, 41.39212555680402], [-84.02824646825066, 41.3908587551224], [-84.0332338671319, 41.3894730359818], [-84.03656032561516, 41.38858747119749], [-84.03957625446613, 41.38759400039329], [-84.04486377418678, 41.38608542583281], [-84.05196929431352, 41.38418750233864], [-84.0574288213278, 41.38313508284765], [-84.0624249782571, 41.38197832841745], [-84.06761343877726, 41.38173841910402], [-84.07278196340886, 41.381037923162495], [-84.0791523887087, 41.3798473369496], [-84.08414793647444, 41.378689678287394], [-84.08809915829586, 41.378133171593895], [-84.0934099176935, 41.37719790788573], [-84.09947917868405, 41.37612874725899], [-84.10462683907406, 41.374966521542056], [-84.10824201690303, 41.37372625306873], [-84.11122097161983, 41.371925344134084], [-84.11342609014338, 41.36991284336394], [-84.1141089844157, 41.368052731774796], [-84.11495464074967, 41.36641906056436], [-84.11620286215167, 41.36350817421619], [-84.11705345964677, 41.36198957243683], [-84.11820436356597, 41.360348394814615], [-84.11954326895022, 41.35950910170779], [-84.11994577362148, 41.358231876605], [-84.11928954280022, 41.35721101645213], [-84.1189589093176, 41.35664303869496], [-84.11938666536277, 41.35594127003266], [-84.11966172677359, 41.35524324022815], [-84.12007430926079, 41.354196193533184], [-84.11972347673802, 41.35316784982688], [-84.11909255101646, 41.35272244301585], [-84.1172351571322, 41.35219184678894], [-84.11522511383188, 41.35166495694385], [-84.11337786020609, 41.351364485111525], [-84.11078235139276, 41.3514279106681], [-84.10818683762122, 41.35149128003889], [-84.10501579617127, 41.352375130528294], [-84.10139666925697, 41.3535002348643], [-84.09732438264307, 41.354751458928305], [-84.09311928680007, 41.35646662122867]], [[-83.81353465163382, 41.302075520798866], [-83.81217023861429, 41.302335730298154], [-83.81040250988504, 41.30398760512284], [-83.80911072764748, 41.30609006420948], [-83.809326951247, 41.30769874114721], [-83.80970944479847, 41.30964952162571], [-83.81139291031458, 41.30972812358501], [-83.81289645490648, 41.30911917328561], [-83.814538943381, 41.30816144975663], [-83.8152565390985, 41.30699338949474], [-83.81690805435237, 41.30626591696909], [-83.81795361443734, 41.305666890628146], [-83.81806977313416, 41.304742419203265], [-83.81772808098704, 41.30382794078058], [-83.81692855693912, 41.30292345130921], [-83.8155231599119, 41.30214741343061], [-83.81353465163382, 41.302075520798866]], [[-83.8329797467091, 41.24183770891755], [-83.82941791015043, 41.240532958858275], [-83.82810672599679, 41.238256780110106], [-83.82635193375546, 41.23633605217332], [-83.82294297127045, 41.23502776204132], [-83.81859206221183, 41.233048483994146], [-83.81400713572937, 41.22899969798093], [-83.80997083313808, 41.22724374173117], [-83.8078139185318, 41.226714477857506], [-83.8049265277131, 41.22700779715251], [-83.80236210547986, 41.22775502106497], [-83.79995911987864, 41.22872917999069], [-83.79681187293474, 41.23018041280505], [-83.7947452244678, 41.23195389894085], [-83.79526578933695, 41.2335560776219], [-83.79607775929243, 41.23480619852505], [-83.79735167491265, 41.23616154508955], [-83.799002906928, 41.23935263554971], [-83.80117959915506, 41.244260980968946], [-83.8020461177773, 41.24689281955491], [-83.80118547642488, 41.24829445248848], [-83.79970124828314, 41.249363871849724], [-83.80038361337253, 41.25119300420812], [-83.7992992952768, 41.25467392134255], [-83.79878874887031, 41.25722040829809], [-83.79822390872721, 41.25838511458456], [-83.79734497422346, 41.25932613234238], [-83.79814373124142, 41.26023078443131], [-83.79925659794328, 41.26135910981531], [-83.80036045171256, 41.26225712939731], [-83.80297600457712, 41.26277658062324], [-83.80479270551336, 41.262391374611376], [-83.80703973763477, 41.261305305469314], [-83.8080665466104, 41.260245751773894], [-83.81014731626128, 41.25881749947439], [-83.8119684159303, 41.258547331174555], [-83.81364153481795, 41.2583956086712], [-83.81505511190569, 41.25940199013291], [-83.8166166975311, 41.260289878017495], [-83.81865866443923, 41.26174348264811], [-83.82207344320315, 41.26316702784979], [-83.82503991323074, 41.26483079001052], [-83.82721187342136, 41.265705172884815], [-83.82811333920948, 41.26533967194835], [-83.82916274998311, 41.26485567244575], [-83.8302167222397, 41.26448680978896], [-83.83217210620923, 41.263752405750466], [-83.83502425796051, 41.26253726957644], [-83.83616190612298, 41.26043780745857], [-83.83801617098287, 41.25717008343831], [-83.83942651875, 41.254257839089924], [-83.84015230888517, 41.253319868843164], [-83.84021757339957, 41.25112871775208], [-83.83997785703338, 41.24894429679807], [-83.8386845123149, 41.24712883292307], [-83.83756206339353, 41.245770580882976], [-83.83564975129094, 41.243738210683446], [-83.8329797467091, 41.24183770891755]], [[-84.6817092064502, 41.16948122565733], [-84.68077498004418, 41.17204421130124], [-84.68130943329437, 41.173526939206745], [-84.68270960338799, 41.17406228797468], [-84.68407988403644, 41.17402220661651], [-84.68635769572708, 41.17384028719647], [-84.68954900846049, 41.17363156033645], [-84.69193707700987, 41.17263949567526], [-84.69462957092897, 41.17163844749382], [-84.69748023563884, 41.17074794949864], [-84.70013652232416, 41.16905628147437], [-84.70168493787229, 41.166590315761766], [-84.70335540360908, 41.16354443283091], [-84.7039842246043, 41.160990212649715], [-84.70528985601433, 41.15680241367363], [-84.70516351846688, 41.15438566115132], [-84.70465275866455, 41.153363350833835], [-84.70311867092458, 41.153177978513746], [-84.70160863144392, 41.15345292225863], [-84.69997040027225, 41.1541926572663], [-84.69788751177815, 41.15517595342889], [-84.69588256837721, 41.15765530208074], [-84.69418792258827, 41.16024076170068], [-84.69325428806128, 41.162803864227556], [-84.69239487701952, 41.16386640691955], [-84.69180393878125, 41.16422951510155], [-84.69047580236106, 41.16507526809725], [-84.68884915325877, 41.16604501015656], [-84.68690601019495, 41.166793479620424], [-84.68435386845178, 41.16755973724179], [-84.6817092064502, 41.16948122565733]], [[-83.97868243770358, 41.17484291423976], [-83.97444802903817, 41.17932041389907], [-83.97007990043572, 41.18426174881022], [-83.96760052260849, 41.186969669769134], [-83.96329300612446, 41.18972006100195], [-83.96003240762883, 41.191985079378966], [-83.95585755878945, 41.194271209071275], [-83.94990659060572, 41.19786574070311], [-83.94512163673701, 41.20016558880154], [-83.94184572112759, 41.20208476226722], [-83.93873145532197, 41.204230554041025], [-83.93641668566393, 41.20727961081485], [-83.93517780200031, 41.210534291566226], [-83.93493453572557, 41.21203774685589], [-83.93501967536403, 41.2141097390547], [-83.93544744581513, 41.21709559592469], [-83.9364517127948, 41.21926164025303], [-83.9380040811716, 41.21991720233373], [-83.9400041959731, 41.22033198595435], [-83.94242832939197, 41.2199304196461], [-83.94452865785355, 41.21907540407779], [-83.94661468387545, 41.217875022323184], [-83.94973407692258, 41.21584416015196], [-83.9541961553786, 41.21309078060979], [-83.95718656604313, 41.21163879892955], [-83.96121960080052, 41.209586415107175], [-83.96535695757841, 41.20637924743488], [-83.96945563131665, 41.202251047308216], [-83.97541075330894, 41.19877067304297], [-83.98393099851457, 41.194653798198175], [-83.99158930404779, 41.19182399652757], [-83.9962536119708, 41.19033164383098], [-83.999561302716, 41.18921674506393], [-84.00242637765359, 41.18845785793406], [-84.005315609354, 41.18827445180961], [-84.00790018721506, 41.188098175666326], [-84.0082484834092, 41.18912696559056], [-84.00835520778394, 41.191659381707375], [-84.0073956130128, 41.194216990036715], [-84.0058120515893, 41.19644364648708], [-84.00379558042081, 41.199256608448046], [-84.00146940336946, 41.201961604503694], [-83.99974278726441, 41.20442197577236], [-83.99782496413458, 41.20596503079632], [-83.99519835817792, 41.208792166516425], [-83.9924191605421, 41.211622818228456], [-83.99009687982475, 41.21444266973381], [-83.98927418678178, 41.21665118263029], [-83.98872730230046, 41.21816188875867], [-83.98769911858813, 41.21910777286966], [-83.98653777865815, 41.22051765100806], [-83.98615283538864, 41.22225498315813], [-83.98651543823499, 41.223629131213364], [-83.98763526514256, 41.224870303188176], [-83.9897978754293, 41.225510898031715], [-83.99272256598522, 41.226133555915915], [-83.99468937534998, 41.22574167855181], [-83.99709887486337, 41.224993691916126], [-84.00039852836598, 41.22364858585039], [-84.00306417738258, 41.221742221391956], [-84.00465810529722, 41.21974586111635], [-84.00615774904601, 41.219134360693104], [-84.0099528721912, 41.21869904454237], [-84.0145147380097, 41.21836067741558], [-84.02331405470856, 41.217230236742246], [-84.03184746093459, 41.21702726281336], [-84.03380884032858, 41.21651963272978], [-84.03593726792158, 41.21635365357442], [-84.04049884987289, 41.216014301792484], [-84.04446070052545, 41.21591957331084], [-84.04677096587517, 41.2164403912843], [-84.04865364735798, 41.21766275290544], [-84.04992685661391, 41.21889969632859], [-84.05149996048458, 41.220014210471824], [-84.05291086988053, 41.22090214925121], [-84.05507883994059, 41.22165667230564], [-84.05689272444926, 41.221267431822675], [-84.05869671320129, 41.220647954261615], [-84.06078073813117, 41.219445592963844], [-84.06324766064144, 41.21650561262452], [-84.06450034086727, 41.213710056342244], [-84.06692729255346, 41.209849142458054], [-84.06861200815807, 41.20646697576602], [-84.06869006328033, 41.20473671195705], [-84.0684535115478, 41.20278358722506], [-84.06667868428282, 41.20052188977678], [-84.06419173370173, 41.19942958456576], [-84.06142488829462, 41.19892009609856], [-84.05866301919357, 41.19852565018473], [-84.05681028125221, 41.197994067850935], [-84.0525004713022, 41.19706055058626], [-84.04972888701948, 41.19643568466182], [-84.04878043998094, 41.19565184375991], [-84.0484462604318, 41.19496850038116], [-84.04841183064482, 41.194162746231946], [-84.04991544796671, 41.19366579637356], [-84.0518612538714, 41.19281253971111], [-84.05623434844993, 41.191670486619095], [-84.05986050180834, 41.19089192628317], [-84.06364383702804, 41.19022469344498], [-84.06866545899865, 41.18998836424088], [-84.07203632466799, 41.19036786163757], [-84.07709269246187, 41.19093693000672], [-84.08122028835676, 41.19118262421122], [-84.0856376164257, 41.19107546167245], [-84.09127848782332, 41.19105360823581], [-84.09431491541271, 41.19074925320744], [-84.09906184994978, 41.191209709718], [-84.10197597815548, 41.191599511897], [-84.10460053130602, 41.192342004049216], [-84.10595138075655, 41.19184807573283], [-84.10822115347277, 41.191446881275866], [-84.11001887543766, 41.190711515295355], [-84.11362425866085, 41.18947091250611], [-84.1175391722911, 41.18833782925269], [-84.12330186043951, 41.187620103289], [-84.12801341268668, 41.18727368292821], [-84.13043015991585, 41.18675321132918], [-84.13634488808492, 41.18603110505011], [-84.14274178774713, 41.18587291994855], [-84.14628549405433, 41.1867069847119], [-84.14845340980852, 41.18745984668529], [-84.15125097965391, 41.18865796136178], [-84.15324122759344, 41.18883899776802], [-84.15459675460197, 41.18845962606797], [-84.15623139444567, 41.18749714627274], [-84.15633781488967, 41.18645742518734], [-84.15584010972594, 41.18554795606927], [-84.15488041113463, 41.1845347382864], [-84.1537786287425, 41.183755505110916], [-84.15174270878072, 41.1825385377721], [-84.1501688378302, 41.18142530087244], [-84.14708224140861, 41.180580019841365], [-84.1438586594824, 41.18008374616826], [-84.14186868921428, 41.179902552918534], [-84.13878226278624, 41.179057057382245], [-84.13291927398353, 41.17747341801585], [-84.1297976922276, 41.17582194970275], [-84.12710786083669, 41.17358361595036], [-84.12508784996298, 41.172711505387134], [-84.12246382444238, 41.1719694479781], [-84.11736821772688, 41.17048142077174], [-84.11321660838993, 41.169661425177765], [-84.10995362469168, 41.16824337810298], [-84.10792897282624, 41.1672558676467], [-84.10438172393916, 41.16630555027292], [-84.10068231009367, 41.16535884421817], [-84.09836335276414, 41.16460882122625], [-84.09557267825274, 41.16352455937502], [-84.09314650086317, 41.1638141224286], [-84.09086258949193, 41.163869714460894], [-84.08781736929954, 41.16394376970951], [-84.08475223297503, 41.163557311187], [-84.08182447401572, 41.16282175412506], [-84.07887194197306, 41.161510577190974], [-84.07472133415455, 41.16068924556332], [-84.07069335763855, 41.15917343056294], [-84.06636600820532, 41.15777993677193], [-84.06205858911845, 41.156846728425165], [-84.05710286345789, 41.155007125848265], [-84.05429352746876, 41.15346145171219], [-84.05181339701453, 41.15248395827109], [-84.04852791613926, 41.15048866422934], [-84.0433471789341, 41.14692545296185], [-84.04132901403483, 41.146051915221655], [-84.03886403231745, 41.14541948593358], [-84.03576084578016, 41.144110869055744], [-84.03206357072717, 41.143162032977536], [-84.02855766700041, 41.1431303644043], [-84.02581773551593, 41.143195597673554], [-84.02400573363636, 41.14358439244251], [-84.0209954229916, 41.144462550216744], [-84.01812753087115, 41.14510679219087], [-84.01557861529092, 41.14608908819782], [-84.0131867106396, 41.14718283729563], [-84.01064735116657, 41.14839525433098], [-84.00752804926724, 41.150312697109], [-84.00490403429679, 41.15314017723059], [-84.00147502792271, 41.15494953389102], [-83.9990970689215, 41.156388333239], [-83.995401765974, 41.159125586008614], [-83.99304761485647, 41.16113982325399], [-83.98951372131474, 41.164103530850106], [-83.98647967297882, 41.168092427375235], [-83.98280246627598, 41.171289718558896], [-83.97868243770358, 41.17484291423976]], [[-83.83998151514241, 41.14948210467656], [-83.83881024042127, 41.14685704386785], [-83.83697965561235, 41.14297867706848], [-83.83383390317952, 41.14051231852517], [-83.83139786462313, 41.14056592211142], [-83.82988903620542, 41.14094486839869], [-83.82673731683718, 41.14216667217278], [-83.82239928573203, 41.14422119124526], [-83.82028582916536, 41.144728520062905], [-83.81784963075023, 41.144781849062234], [-83.81575883624868, 41.14586488012676], [-83.81293840280756, 41.147770597225055], [-83.81023381855566, 41.148751673032145], [-83.80720649582402, 41.14927869786536], [-83.80433140097055, 41.149802332242324], [-83.80114267401471, 41.150102205141394], [-83.7964266489322, 41.15031989039357], [-83.7922124572199, 41.151679063278415], [-83.79027783110553, 41.152873502972135], [-83.7885179097512, 41.15464040016783], [-83.78665504686137, 41.157677282751095], [-83.78686127871799, 41.15905586792107], [-83.78738110764624, 41.16065817787893], [-83.78851916767812, 41.16247761916761], [-83.78976529274068, 41.16706078227103], [-83.79094854608783, 41.17003174382091], [-83.79227972337208, 41.172884232599856], [-83.7924816080771, 41.174147636155396], [-83.79146484712707, 41.17543742845795], [-83.78939070548807, 41.176980593143114], [-83.78762114880892, 41.17851713343251], [-83.78558278206782, 41.180981463239405], [-83.78297079063267, 41.1843801368691], [-83.78276935218713, 41.18703525314277], [-83.78254544967773, 41.189114594827004], [-83.78289507775418, 41.190259557085874], [-83.78400206221251, 41.19127292289834], [-83.78462501092554, 41.19160522735891], [-83.78678514178289, 41.19225007608202], [-83.78802659043586, 41.19279949853247], [-83.7897251731533, 41.19333902127906], [-83.79172402294448, 41.193756770350646], [-83.79323872871481, 41.19349347111814], [-83.79551979014298, 41.19332879227756], [-83.79868344526673, 41.19233816113718], [-83.80152871062515, 41.191008609746554], [-83.80301164987486, 41.189939117195856], [-83.80491088072144, 41.1878232845459], [-83.80727158676885, 41.18581261876177], [-83.81009827332461, 41.184022244982415], [-83.81292935338034, 41.18234695550831], [-83.81623550402347, 41.181122222897095], [-83.8201600021091, 41.18011436783008], [-83.8233135786747, 41.178892772696116], [-83.82870640313098, 41.17646940521556], [-83.83406682157396, 41.17323972044517], [-83.83900644838911, 41.17094108929632], [-83.84204915354448, 41.16695531212551], [-83.8427143353393, 41.16452027450495], [-83.84279780463748, 41.16278960546145], [-83.84194454844928, 41.160503339856405], [-83.84125281172878, 41.15844401120445], [-83.84017402886374, 41.15431861205717], [-83.8402392139078, 41.15212731052282], [-83.83998151514241, 41.14948210467656]], [[-84.06804269321078, 41.1366260197142], [-84.06493862330353, 41.13531718930297], [-84.0615351797307, 41.134130706645045], [-84.05676681530505, 41.133091991254844], [-84.0540564822497, 41.13384826692964], [-84.0508844811506, 41.13450021481684], [-84.04895981865228, 41.13581397634179], [-84.05146949673617, 41.13748317431616], [-84.05246682869982, 41.13941891084971], [-84.05437271065186, 41.141217704683235], [-84.05582196389867, 41.14302736576848], [-84.05791986200514, 41.14574363742189], [-84.05860309212979, 41.147456289066376], [-84.05915884999936, 41.149748302077796], [-84.05979263651284, 41.150309481205], [-84.06133999218004, 41.150848818988564], [-84.06428251381227, 41.15193107723815], [-84.06783914976798, 41.15311381606604], [-84.07108640439417, 41.154188608301816], [-84.0736749350123, 41.15412648714057], [-84.0755071086096, 41.15419774850675], [-84.07777615802688, 41.15379741938064], [-84.08125830865444, 41.1532525856466], [-84.08444087170469, 41.152830134742906], [-84.08807018391781, 41.15216628920143], [-84.08984229871278, 41.150855595501085], [-84.09010179594759, 41.14981194041459], [-84.08976727529775, 41.149128424420795], [-84.08924550480334, 41.14764256804246], [-84.08783026039592, 41.146639333993534], [-84.08581605888669, 41.14588105964612], [-84.08287844726463, 41.14491446870985], [-84.08025038995291, 41.14405562260968], [-84.0785358496123, 41.143174750065846], [-84.0746750644116, 41.14199963237747], [-84.07215471613083, 41.1401006330698], [-84.07087720219309, 41.13874809940029], [-84.06977183679015, 41.137852487050026], [-84.06804269321078, 41.1366260197142]], [[-84.56487683461094, 41.14137610936222], [-84.56163261526586, 41.14354239031742], [-84.5587618231362, 41.147081084093074], [-84.55899480595836, 41.14868806496436], [-84.55994843918666, 41.14946792148827], [-84.56149360328331, 41.14988530263772], [-84.56224308961471, 41.14963362190556], [-84.56358984003711, 41.14913454880134], [-84.56568603042834, 41.148383758260145], [-84.56851425484989, 41.1470359377558], [-84.57173525717333, 41.14440911421358], [-84.57376747378459, 41.14239217796723], [-84.57611553869427, 41.140596751169895], [-84.58012587179023, 41.13852355292861], [-84.5836852432434, 41.13657829151828], [-84.58767184453659, 41.13404446974067], [-84.59061046117068, 41.13188614194892], [-84.5942863857806, 41.12924567081416], [-84.59742923976616, 41.1281186492472], [-84.60014471415042, 41.127580045644095], [-84.60363260361986, 41.12724980132601], [-84.60665230094972, 41.12670234451007], [-84.60931497303524, 41.12512771407619], [-84.61284353112103, 41.122606111753655], [-84.61430636130731, 41.12141154811256], [-84.61328219474363, 41.11925101051645], [-84.61184854629931, 41.11802428206175], [-84.61001708627799, 41.11796153492243], [-84.60804519564306, 41.11813330188568], [-84.6053301572263, 41.118672088233566], [-84.60173728956916, 41.11992746925969], [-84.59720228124537, 41.120633353564585], [-84.59507231262027, 41.12069415960684], [-84.59218745806994, 41.12089171369379], [-84.58930258700347, 41.121089198629164], [-84.58705534422819, 41.1218447499802], [-84.58469658491784, 41.123410233709954], [-84.5828057865457, 41.12519287535453], [-84.58091489060794, 41.126975484803076], [-84.5779993809004, 41.12959395208807], [-84.57434598920729, 41.132694290973554], [-84.57099661897398, 41.13578588851193], [-84.5682325384695, 41.13839978855368], [-84.56487683461094, 41.14137610936222]], [[-84.39207597681464, 41.116173783219615], [-84.39083143241182, 41.11563095180676], [-84.3892935992352, 41.11532647301061], [-84.386131572076, 41.116102749332555], [-84.38281185951328, 41.116767913915396], [-84.38118753268114, 41.11784861998612], [-84.38138343784405, 41.11876535808054], [-84.38202484812282, 41.119439677585376], [-84.3830953509526, 41.119526268273056], [-84.38462777470698, 41.11971572460052], [-84.38721428171652, 41.11964641259163], [-84.38963218436953, 41.119235824732336], [-84.39131127923659, 41.11930601353925], [-84.394636524773, 41.11875571619673], [-84.39472825118833, 41.1174855199608], [-84.39423887561983, 41.11680717925026], [-84.39343425043363, 41.115906808261], [-84.39207597681464, 41.116173783219615]], [[-83.73547337654571, 41.102759085436986], [-83.73381267787695, 41.103140062072356], [-83.73123451198589, 41.10342518604469], [-83.72836515402655, 41.10406218197338], [-83.72490019414764, 41.105057456605806], [-83.72235698793233, 41.1062636985012], [-83.7190483921596, 41.10737075516878], [-83.71634406286796, 41.10834974683489], [-83.71302653348168, 41.10922630902236], [-83.7110873651379, 41.11030434876486], [-83.70872208299589, 41.11219808239769], [-83.7062088273625, 41.114210119953825], [-83.70448692699371, 41.11701230933479], [-83.70229084577353, 41.119363370774686], [-83.70081221334034, 41.12054684290698], [-83.70070782976855, 41.12181682013992], [-83.70075131379673, 41.12296845019119], [-83.70124711614852, 41.12399536562199], [-83.70233442382934, 41.12454888934991], [-83.7048091879947, 41.12553436745533], [-83.70669254874586, 41.126993206902924], [-83.70949810410717, 41.12866317826504], [-83.7119862222276, 41.12999399148593], [-83.71440448658538, 41.129482163308396], [-83.71696619528787, 41.12873675980864], [-83.7206843357751, 41.1263533747059], [-83.72495404385933, 41.122459909929276], [-83.72595370488618, 41.12070997739447], [-83.72726651947167, 41.11918392556123], [-83.72844904175683, 41.118236887785315], [-83.72994034007165, 41.11739856056198], [-83.73140960417795, 41.11598440139962], [-83.734200160024, 41.11327441377124], [-83.73756839189991, 41.10974529814426], [-83.74006732662517, 41.10738710850307], [-83.74018420169116, 41.106462571784284], [-83.74046649485646, 41.10588029039428], [-83.740440011836, 41.10518931157504], [-83.74040911545433, 41.10438316933374], [-83.73961293408692, 41.10347802748687], [-83.73882559460135, 41.10280320635864], [-83.7377471550868, 41.10248033069486], [-83.73547337654571, 41.102759085436986]], [[-84.36441195314457, 41.094901045466756], [-84.37094107543072, 41.09449649792621], [-84.37411864946195, 41.09406591498075], [-84.37454218311933, 41.09336310416223], [-84.37465607440203, 41.09255331481563], [-84.3750523063915, 41.091274981545666], [-84.3746881098749, 41.090016965007855], [-84.37325391448947, 41.088672277801955], [-84.37185248503425, 41.088018198073414], [-84.37029355652342, 41.08725305568405], [-84.36797973167822, 41.08662327418827], [-84.36525869268479, 41.08704154487668], [-84.36344464801817, 41.087320357975955], [-84.3608756316416, 41.08773448000647], [-84.35861617320964, 41.08825556607023], [-84.35511833757819, 41.08834850477014], [-84.3510284211418, 41.088802791457674], [-84.34694386095339, 41.08937204380781], [-84.3453682872728, 41.09148823395949], [-84.3451290009976, 41.092877545222585], [-84.34568262519961, 41.094937352672986], [-84.34663847759602, 41.09583402627531], [-84.34850694867528, 41.09670651493672], [-84.35050048282808, 41.09699942056303], [-84.3532220057356, 41.09658148922928], [-84.35836618864636, 41.095868630951564], [-84.36441195314457, 41.094901045466756]], [[-84.32054937868334, 41.07520129912012], [-84.31929005057974, 41.07431239296091], [-84.31756924716197, 41.07332034065451], [-84.31621687770723, 41.073701576883536], [-84.31458716716942, 41.0746663117292], [-84.31343498642802, 41.07607949683741], [-84.31183728422644, 41.07773483620456], [-84.31071708931408, 41.07983863482827], [-84.31145909958747, 41.08270038250547], [-84.31385259194424, 41.08505785402261], [-84.3167185680851, 41.08774862421088], [-84.32069767238086, 41.09144731519909], [-84.32344968739748, 41.09494764799772], [-84.32568653959969, 41.09719375806695], [-84.3265438278249, 41.09924564090227], [-84.32709156875572, 41.101190415736816], [-84.32775917920674, 41.10244055415226], [-84.3288939223685, 41.10390888211935], [-84.33015391658137, 41.104797669932964], [-84.33214222082277, 41.10497577430163], [-84.33427726266413, 41.10503472993408], [-84.33605953272559, 41.10406573927903], [-84.33724408772822, 41.10334299414489], [-84.33748356959019, 41.1019537111411], [-84.33723434764794, 41.09988584770132], [-84.33695816962697, 41.097242456075804], [-84.33582875625173, 41.09588930120494], [-84.33345029858152, 41.09387759828138], [-84.33214198916154, 41.09195288969396], [-84.32961707173402, 41.09006022102857], [-84.32690795204509, 41.08748086361648], [-84.32506849316336, 41.0839565899387], [-84.32383747996084, 41.080416284013275], [-84.32168351963081, 41.07666972404198], [-84.32054937868334, 41.07520129912012]], [[-84.32060693205061, 41.05030590159608], [-84.32158329789027, 41.05166324001427], [-84.3236290981913, 41.05310768904664], [-84.32568572777004, 41.05478231942329], [-84.32989212907142, 41.05686126844161], [-84.3335122612094, 41.059416548557365], [-84.33635098567557, 41.061531362680945], [-84.33796288666673, 41.063448035305804], [-84.33928160737474, 41.06560293694485], [-84.34121395193192, 41.067856844716594], [-84.34343969771581, 41.06987245600854], [-84.34610007631204, 41.071415515050134], [-84.34907549221076, 41.07318066507814], [-84.35198604944617, 41.073564464347974], [-84.35475001281067, 41.074067337105326], [-84.3573456877856, 41.07422887036416], [-84.36023461059345, 41.074152044844645], [-84.36296060681677, 41.07384898673918], [-84.36462225139032, 41.07357422755367], [-84.36658253284489, 41.07317623310379], [-84.36808665746094, 41.07279037280699], [-84.36941693472784, 41.071948126963896], [-84.37087197704963, 41.070526277368], [-84.37140928940437, 41.069013662683545], [-84.37102893133428, 41.067410295697606], [-84.37068672782908, 41.0666126693168], [-84.3697200747939, 41.06548595381178], [-84.36813446131974, 41.0641452396383], [-84.36549562638781, 41.0630630859092], [-84.36237364081258, 41.06141748444298], [-84.35820396801466, 41.06014542693313], [-84.35525056856692, 41.058840916815484], [-84.35273164743019, 41.057063794864646], [-84.35047356227986, 41.05435768738539], [-84.35038694989312, 41.052515955850815], [-84.35041444730803, 41.049864428675235], [-84.3503170170201, 41.04779247265703], [-84.34919356206551, 41.046554502468624], [-84.34809178341132, 41.04577695664551], [-84.34578496024567, 41.045261843430794], [-84.343630155778, 41.044742661604815], [-84.33983053951468, 41.04484321754496], [-84.33648147844698, 41.04481649761525], [-84.32857285832678, 41.044909937991044], [-84.32463196432984, 41.0452442379469], [-84.32210184176884, 41.04646331960904], [-84.32067311730933, 41.04846015136471], [-84.32060693205061, 41.05030590159608]], [[-84.48450880170596, 40.994247977991655], [-84.48636470923628, 40.99177603873317], [-84.48659517133096, 40.99027121566725], [-84.48652755402681, 40.988889912141495], [-84.48540825648914, 40.98776826374541], [-84.48369849286257, 40.9870087426669], [-84.48107205820794, 40.98615928775727], [-84.47770332041152, 40.98567608092113], [-84.47313670385378, 40.98557162881633], [-84.46890181752082, 40.9860341841488], [-84.46543171714383, 40.986590804017844], [-84.46152278756952, 40.98750517792028], [-84.45891240657834, 40.9901127092997], [-84.45671273647599, 40.99178679568431], [-84.45419248681509, 40.99312384122534], [-84.45167213854414, 40.99446083277067], [-84.4483979127727, 40.99593367176078], [-84.44482536412838, 40.99752983688209], [-84.44201760059207, 40.99922025644439], [-84.4398061177053, 41.00066380003478], [-84.43792609567103, 41.002674557661535], [-84.43550502087203, 41.006083161139046], [-84.43353940971602, 41.009479289529615], [-84.43405060932369, 41.010617961048965], [-84.43453962312262, 41.01129619443219], [-84.43563627304015, 41.01195786051193], [-84.43717755845287, 41.012376869221], [-84.43867996035509, 41.0119900981962], [-84.4401767853491, 41.011488199508705], [-84.44195514547296, 41.01051754824932], [-84.44490968777534, 41.0087078884631], [-84.44772332514792, 41.00713252723171], [-84.45010903826036, 41.00614512155112], [-84.4538282059348, 41.00442953981192], [-84.45769907291074, 41.002709670413616], [-84.46299264597857, 41.002103179073345], [-84.4674986933923, 41.000941824770955], [-84.47093583757155, 40.999694501124324], [-84.47375413757761, 40.99823362217333], [-84.47748354130053, 40.99674750994161], [-84.48121841086682, 40.99537638836773], [-84.48450880170596, 40.994247977991655]], [[-84.75441429124828, 40.984860410899394], [-84.75907878232867, 40.986795716431416], [-84.76322094189173, 40.987478454225396], [-84.76564417675968, 40.98729044366571], [-84.76746006824074, 40.98712063018636], [-84.76892342272592, 40.98603915170683], [-84.77020435396514, 40.984386741726375], [-84.77087182222347, 40.98263748346933], [-84.77095642445273, 40.98136686528372], [-84.76983259563623, 40.980247860616785], [-84.76779180812039, 40.97904112051091], [-84.76464570581457, 40.97706057700596], [-84.7623197748933, 40.97620814545583], [-84.76165159080614, 40.97507539519637], [-84.761250473449, 40.973242952508016], [-84.76041225831985, 40.97176945422764], [-84.75847497171786, 40.96963721805261], [-84.75505031806372, 40.96812589883007], [-84.75165012381393, 40.967074871434356], [-84.74874181880836, 40.96670072415], [-84.74628889895013, 40.96631290221534], [-84.74381175071466, 40.96546463638201], [-84.74147432987365, 40.9643815932265], [-84.74044244978228, 40.96210678138397], [-84.73918619219081, 40.95845529066708], [-84.73738958552788, 40.956087966439625], [-84.73491347559434, 40.952357492262244], [-84.73237049074358, 40.950242879221875], [-84.73022779949997, 40.94996079151103], [-84.72701681347792, 40.949595138149824], [-84.72429730034166, 40.94990648537074], [-84.72160186532113, 40.950678174486086], [-84.7189485175988, 40.9522555092482], [-84.71553622770848, 40.953855261659044], [-84.71225150597351, 40.95499001973946], [-84.70904474068901, 40.95762099967667], [-84.70626306234921, 40.959662934694606], [-84.70329346131479, 40.96101867617285], [-84.69998819877931, 40.96468978650314], [-84.69916131249902, 40.966328045963145], [-84.69973050546128, 40.96850153067937], [-84.7011805822272, 40.9700726500372], [-84.70303816678668, 40.970709512674475], [-84.70518139366956, 40.970992082154964], [-84.70731863437291, 40.971159514068624], [-84.70974747673093, 40.9710877328983], [-84.71307510032486, 40.970758754392335], [-84.7160990908077, 40.97043867547088], [-84.72002782664204, 40.96997641923619], [-84.72263252861416, 40.97036027308123], [-84.72567455953161, 40.97038525030172], [-84.72800589790702, 40.971353497649055], [-84.73140597189894, 40.972405195103576], [-84.7359232568662, 40.97446103680169], [-84.73894085614155, 40.97690725615465], [-84.74409019572235, 40.979405073625436], [-84.74910023536542, 40.9821373963162], [-84.75441429124828, 40.984860410899394]], [[-84.33509355127285, 40.961538775512466], [-84.33381997743457, 40.960304703348136], [-84.33196070075843, 40.95954703610577], [-84.3299389307858, 40.95856313555211], [-84.3271689259021, 40.95782939050268], [-84.32591699517697, 40.95705564005617], [-84.32481153620863, 40.95616278025826], [-84.3233810967413, 40.95481748332633], [-84.32224359714097, 40.95323398167745], [-84.32061334002046, 40.950856710804196], [-84.3187063558412, 40.94906290327696], [-84.31669576717296, 40.948308978824045], [-84.31468522239584, 40.94755502069615], [-84.31221404863327, 40.94669785787256], [-84.31069092291675, 40.9466225209091], [-84.3090320085926, 40.94689645054154], [-84.30738905919107, 40.94751566945566], [-84.30604432151738, 40.9480118219972], [-84.30517088341136, 40.9488413659698], [-84.30476342730196, 40.94988920768162], [-84.30499505024314, 40.951611797389354], [-84.30537847885195, 40.9533304159822], [-84.30578854666886, 40.955624547762746], [-84.30652355348448, 40.95837114699295], [-84.30737846686868, 40.960423146483656], [-84.30840656203448, 40.962931575590005], [-84.30877414933587, 40.964304860894224], [-84.30869161733813, 40.965805166033775], [-84.30920038867613, 40.96694426894582], [-84.31000216607467, 40.96784521544639], [-84.31157377412971, 40.96895647831377], [-84.31282576067385, 40.9697303714296], [-84.31531379331693, 40.97093281167796], [-84.31688555810462, 40.97204400260141], [-84.31892358060023, 40.97337341691297], [-84.31988274901043, 40.97438540783304], [-84.32162256530643, 40.975837849624085], [-84.3237304183295, 40.97866348861958], [-84.32627256795139, 40.9810166980176], [-84.32935794021107, 40.9819726535724], [-84.33293657460825, 40.98372221725609], [-84.33515936954984, 40.98573793794981], [-84.33751802455221, 40.987404307066804], [-84.34048427912151, 40.989054575827545], [-84.34201915184246, 40.98935972945517], [-84.34369513089602, 40.989430648673135], [-84.34505119139531, 40.98916428673515], [-84.34654292746096, 40.98854859209175], [-84.34771470889955, 40.98759562810496], [-84.34810014419334, 40.98608727523922], [-84.34833909967946, 40.984698041475305], [-84.347531227351, 40.983682263667895], [-84.34639269357214, 40.98209902597962], [-84.34478787402892, 40.98029763345498], [-84.34392620742979, 40.97813083122451], [-84.34352550962512, 40.976067068582914], [-84.34325512095485, 40.9735388835952], [-84.3423882005205, 40.97125695901481], [-84.34096248751945, 40.97002698748588], [-84.3398566244652, 40.96913427517998], [-84.33904367929415, 40.96800332770489], [-84.33824689906989, 40.96721767681995], [-84.3375858233336, 40.96608270699512], [-84.33720689613298, 40.964479309591034], [-84.3366923029663, 40.963225221679096], [-84.33509355127285, 40.961538775512466]], [[-84.47306768254776, 40.94191314650902], [-84.47258439398763, 40.94135020440167], [-84.4714996858158, 40.940919076434696], [-84.46983595400258, 40.941080135853404], [-84.46743020429955, 40.941607337373995], [-84.46338298852515, 40.94275584911399], [-84.46009445984915, 40.94388340058439], [-84.4559398168248, 40.945956602381884], [-84.45236417566358, 40.94743755032126], [-84.45003597905827, 40.94957576347119], [-84.45010276102468, 40.95095693156603], [-84.45088949700903, 40.95151165408555], [-84.45212045643372, 40.95182371294592], [-84.45377891847876, 40.951547804242466], [-84.45693286847772, 40.950769884420495], [-84.45919282066546, 40.95036215782378], [-84.46099183004566, 40.94985179092844], [-84.4642750407407, 40.94860912300692], [-84.46904226807696, 40.94663402949075], [-84.4725726890442, 40.94423180897418], [-84.47310690378407, 40.942718824923745], [-84.47306768254776, 40.94191314650902]], [[-84.759673319474, 40.94631453801639], [-84.76298790583874, 40.94863599861616], [-84.766193662823, 40.95176761322481], [-84.7689383227233, 40.954797726404536], [-84.77116682868173, 40.956690490514674], [-84.77318867566362, 40.95755190027084], [-84.77502211065082, 40.957727260702], [-84.77619954382813, 40.95700010368623], [-84.77752259673495, 40.956153262811924], [-84.77927641300586, 40.954832289013964], [-84.77994336387867, 40.95308294099839], [-84.78044627960793, 40.951107969086664], [-84.78006929418004, 40.949735947865385], [-84.77893971263093, 40.94850190379432], [-84.77720319536914, 40.94728614332274], [-84.77514491104111, 40.945734203307], [-84.77144203771131, 40.944692862106656], [-84.76769656253768, 40.942845710822716], [-84.76273134397, 40.940919788447225], [-84.75959321675055, 40.93905415663794], [-84.75886456979542, 40.93677035770232], [-84.7596896703135, 40.93513164899277], [-84.76205624726283, 40.93390779946352], [-84.76441664412376, 40.93256880159203], [-84.76726257855633, 40.93179157531507], [-84.76934380138489, 40.93092200109338], [-84.77353052998747, 40.92964314368714], [-84.77663683936092, 40.92805085321496], [-84.77777704359644, 40.926633063448286], [-84.77786756733398, 40.92547748696986], [-84.7778186283246, 40.92455668493065], [-84.77746630686906, 40.92364503059922], [-84.77637388728614, 40.92310154144368], [-84.7751420209712, 40.922792813855544], [-84.77315782495988, 40.9226220196346], [-84.77088247038989, 40.92269052557399], [-84.76861931508331, 40.9229891901538], [-84.76655051939271, 40.92408895874701], [-84.76462725935359, 40.92506903195152], [-84.76109006616942, 40.92713507868676], [-84.75784390312656, 40.928961718024624], [-84.75540445791802, 40.92880427645564], [-84.75279509186683, 40.92830602504893], [-84.75015540679418, 40.92723220891339], [-84.74676334762822, 40.92629611080853], [-84.74323179946154, 40.92559465027668], [-84.74081065537038, 40.925782215397064], [-84.73766124521705, 40.92656786166633], [-84.73451176235473, 40.92735342458429], [-84.73105275606424, 40.92803283241805], [-84.72937191625402, 40.927852281318586], [-84.7281341321345, 40.92742796856216], [-84.72598613885549, 40.92703069816487], [-84.72338908718656, 40.92676200863565], [-84.72051273515551, 40.92696267855454], [-84.71767246790486, 40.92785389727282], [-84.71546301517091, 40.929187480911025], [-84.71387234785787, 40.93073325706653], [-84.71336165542125, 40.932592874889366], [-84.71330008911853, 40.93432390878377], [-84.71380334018026, 40.935231251490315], [-84.71480716654271, 40.93608910165939], [-84.71628504368681, 40.93619525800987], [-84.71672153182301, 40.93653142637161], [-84.71679436395199, 40.937217688724516], [-84.71658716545477, 40.939068317399695], [-84.71849221002819, 40.94062577080448], [-84.72053100924771, 40.941833385624165], [-84.72365014287244, 40.94335473481278], [-84.72827477579109, 40.944600694210145], [-84.73304527756501, 40.945726855566505], [-84.73803426221825, 40.94811440645902], [-84.74040741724549, 40.949888129210024], [-84.74359404352201, 40.95267504904819], [-84.74693269435082, 40.95545734314003], [-84.75153438358977, 40.95912400640464], [-84.75803094444915, 40.96411708069911], [-84.76469853898644, 40.96945051771198], [-84.76795418406124, 40.97350281116542], [-84.77136202316521, 40.97755043767276], [-84.77348843717665, 40.98036845921263], [-84.77821438973359, 40.9834539818692], [-84.78263097532901, 40.986433377016], [-84.7857473429208, 40.98783796213176], [-84.78808009651293, 40.988805026584195], [-84.78975642382453, 40.988869650666864], [-84.79124404671556, 40.98824827815356], [-84.79254907254757, 40.98705600915543], [-84.79305802337679, 40.98519612917781], [-84.79192148094617, 40.98384714588656], [-84.79144142767616, 40.98340054262909], [-84.7910886243708, 40.98248896844842], [-84.7895932519109, 40.98011328838103], [-84.7870475818928, 40.977999881688206], [-84.78275250176058, 40.97444057091466], [-84.77598629596828, 40.97014859778277], [-84.77235443269937, 40.96760647510663], [-84.7681881235558, 40.963581658993576], [-84.7644654220858, 40.95931281929934], [-84.76096804559239, 40.956420478790704], [-84.75668174400732, 40.952975276426535], [-84.75130323987962, 40.94898620411251], [-84.74692072486505, 40.946581069692634], [-84.74192548335722, 40.944078785049065], [-84.74480855302357, 40.94399270442926], [-84.7467872420605, 40.94404886769462], [-84.74948213487292, 40.9432766080443], [-84.75160038262196, 40.94309795114188], [-84.75406464174556, 40.943715867971456], [-84.75716023973906, 40.94477594143624], [-84.759673319474, 40.94631453801639]], [[-84.53019348954456, 40.920156108517055], [-84.52891715944358, 40.91892406449552], [-84.52568576974771, 40.918092523200315], [-84.52135843170889, 40.91660000880431], [-84.519947663214, 40.91571739879758], [-84.51760970580088, 40.914514904175135], [-84.51497410803162, 40.91343592768732], [-84.51142842448276, 40.912382270261894], [-84.50998955787743, 40.91092405084475], [-84.50853943315636, 40.90923561627402], [-84.50595507851934, 40.90919232172236], [-84.50398313201006, 40.909247193189074], [-84.5018933852655, 40.90999683968223], [-84.49906772692208, 40.911227918447125], [-84.49615798442545, 40.913844333944375], [-84.49342789735792, 40.91703195778007], [-84.49333254300403, 40.918187146208915], [-84.49411361593863, 40.918626500651044], [-84.49582186129402, 40.919385884630884], [-84.49795141611304, 40.919442019935204], [-84.49981708033093, 40.92031223131411], [-84.50078383192114, 40.921437916796286], [-84.50100897378799, 40.92292996805856], [-84.50122847646759, 40.92430691950915], [-84.50068936415522, 40.925704949037744], [-84.49970634355284, 40.92734581299219], [-84.49839725510611, 40.92853471230301], [-84.49696460055583, 40.930303292081256], [-84.4973357769778, 40.93167603040048], [-84.49815653776662, 40.93292103011528], [-84.49958429047166, 40.934149165257935], [-84.50158519920548, 40.93466984696004], [-84.50311960236878, 40.93497296178703], [-84.50462574308926, 40.93470057592835], [-84.50580575406768, 40.93397623008375], [-84.50791316952382, 40.9335718177301], [-84.50937961782638, 40.932493698223446], [-84.51128989829922, 40.93117268216911], [-84.5131944359102, 40.929736538195904], [-84.51617802389035, 40.92861601046482], [-84.5181334848453, 40.928215651313096], [-84.52113397312935, 40.9274402878718], [-84.52370196376985, 40.92713796735865], [-84.52639320138366, 40.926255863979975], [-84.52833145253946, 40.92551004974149], [-84.53005527259053, 40.923502401161954], [-84.53085731318384, 40.92129005804543], [-84.53019348954456, 40.920156108517055]], [[-84.47648350516103, 40.90286339303827], [-84.48024165179915, 40.902068086355015], [-84.48094948975132, 40.901011229905386], [-84.48164607805462, 40.89972416867884], [-84.4821460606889, 40.89752049216186], [-84.48235392887233, 40.89555539830141], [-84.4818147519785, 40.893841468311216], [-84.47979277196058, 40.892860048625025], [-84.47700700104703, 40.89178442830998], [-84.47258119661434, 40.89133025140398], [-84.4675544524815, 40.89100771138451], [-84.46178067992552, 40.890936003270916], [-84.45768619049792, 40.89104844983183], [-84.45525425060623, 40.89099991618132], [-84.45090650493383, 40.89215636760098], [-84.44929393599224, 40.89335306728292], [-84.44846738301804, 40.89510450551174], [-84.44615194363845, 40.89747293038692], [-84.44580247702255, 40.899672308866904], [-84.44404352408213, 40.90098818021513], [-84.44300402572122, 40.90147759649826], [-84.44053650692611, 40.90385004443013], [-84.43879951785449, 40.90562624118611], [-84.43902325897294, 40.90711842417788], [-84.4393986984749, 40.90860646582833], [-84.44036428098306, 40.90973264254315], [-84.4416055409306, 40.910275021517414], [-84.44329634739607, 40.91068985639918], [-84.44508888353165, 40.91006461165078], [-84.44689805771256, 40.909784643037064], [-84.44988736030881, 40.90878083073365], [-84.45288214205684, 40.90789204366937], [-84.4565851098985, 40.90594647248924], [-84.45956852712852, 40.90482731432512], [-84.46178788853054, 40.903613819004505], [-84.46523731197479, 40.902712217211196], [-84.46796742728597, 40.9026370970171], [-84.47057384260823, 40.90314159522348], [-84.47345564327979, 40.9030621718043], [-84.47648350516103, 40.90286339303827]], [[-84.68844897345664, 40.9268723209923], [-84.68972829308477, 40.92810277460176], [-84.69084400284866, 40.92910746924891], [-84.69267648330491, 40.92928409411585], [-84.69404188395187, 40.929243888537215], [-84.69505004843266, 40.928176669838514], [-84.69589451385035, 40.92688370469282], [-84.6948288349155, 40.923917811387845], [-84.69239203824539, 40.920877000251025], [-84.69004500435753, 40.91956271068015], [-84.68808152290708, 40.91685372790683], [-84.68482131982157, 40.912568885580036], [-84.6815615220899, 40.90828394072061], [-84.67773714182698, 40.90482243509385], [-84.67453757702816, 40.90168834787524], [-84.67069611002067, 40.897881278131976], [-84.66672121914739, 40.89442383348879], [-84.6632489948635, 40.89187383191865], [-84.65835325730566, 40.88821244942881], [-84.65500373319688, 40.88508222671305], [-84.64967768921439, 40.88189416820445], [-84.64576370212812, 40.87958709342385], [-84.64279489961694, 40.87794413525574], [-84.64066071314507, 40.87777554402785], [-84.6392904222182, 40.8777000324394], [-84.63941393598019, 40.88011736256452], [-84.63906497907442, 40.88220255344649], [-84.64348084878057, 40.885417512544855], [-84.64905877979281, 40.89055829035177], [-84.65332992434169, 40.89389238796934], [-84.65740844650625, 40.89642498744069], [-84.66068168552924, 40.89805870999756], [-84.66382120511369, 40.9000420954733], [-84.66577139425796, 40.90252129299954], [-84.669053669186, 40.90726711330964], [-84.67402858453087, 40.91242439285491], [-84.67833204894096, 40.916333077354906], [-84.68154437999458, 40.91969724069568], [-84.68350172568564, 40.92229121969529], [-84.68542940555919, 40.92430963729496], [-84.68844897345664, 40.9268723209923]], [[-84.61546577936464, 40.831172091703884], [-84.61438189209042, 40.83074221629785], [-84.61300665922079, 40.830551246686795], [-84.61073403573063, 40.83061659559163], [-84.60847886943267, 40.83102720150781], [-84.60608961535657, 40.83178741425937], [-84.6040149608296, 40.832769086306456], [-84.60180615966152, 40.83410036578384], [-84.59976040607361, 40.835657462289696], [-84.59758624665078, 40.83767926061394], [-84.59483483439396, 40.84029385739909], [-84.59461874435827, 40.84202902454765], [-84.59496820356803, 40.842941152371594], [-84.5960695643092, 40.84371649926201], [-84.59729347440765, 40.84391199976225], [-84.59880885867048, 40.84386860937105], [-84.60030100917197, 40.84336480238854], [-84.60239928134905, 40.8428435995726], [-84.60429365728685, 40.84129081338716], [-84.6064677334747, 40.83926889838086], [-84.60809379299174, 40.83841534400107], [-84.60910207269947, 40.837348981983105], [-84.61205095744916, 40.83565049068519], [-84.6154250803458, 40.83336334494785], [-84.6165730161293, 40.83206235587027], [-84.61639816978797, 40.83160631984215], [-84.61546577936464, 40.831172091703884]]], [[[-84.0258572704889, 41.17649555345129], [-84.02727671954726, 41.17761404705411], [-84.02792496277584, 41.17852043004391], [-84.02814074492647, 41.18001323533382], [-84.027727791198, 41.18106009957964], [-84.02655330146737, 41.18212508016458], [-84.0252215892364, 41.18307856028039], [-84.02417007202193, 41.183449235949446], [-84.02107032094382, 41.18225539218795], [-84.01915988772664, 41.18034190038934], [-84.01681212780505, 41.17889965091714], [-84.01508336948216, 41.17767314196271], [-84.01398814234844, 41.177007733497376], [-84.01213147304627, 41.17636034204366], [-84.00969478758503, 41.1764179972285], [-84.00681576126004, 41.17683173217365], [-84.00515990551892, 41.17733174620171], [-84.00350402570477, 41.1778317372474], [-84.00197622102755, 41.17775255701078], [-84.0010430904635, 41.17731366099246], [-84.00069012506457, 41.1761697282433], [-84.00078920500415, 41.17489991074866], [-84.00193977381544, 41.17325961676998], [-84.00418532356895, 41.17228482049825], [-84.00629791350728, 41.171774026004826], [-84.00809620992891, 41.17104017110877], [-84.00974704064873, 41.17042500264232], [-84.01108357667415, 41.16958679568492], [-84.01148215017965, 41.168194643265004], [-84.01190498498396, 41.167378047292615], [-84.0123326659395, 41.16667656118545], [-84.01352654452225, 41.16607215368282], [-84.01505896370186, 41.1662663000587], [-84.01627712483985, 41.1662374242599], [-84.01752933897635, 41.16701431783354], [-84.01780324512715, 41.16988849313512], [-84.01836227614139, 41.17229499128689], [-84.0205624270565, 41.1738559451524], [-84.02383846008775, 41.17562174389249], [-84.0258572704889, 41.17649555345129]]], [[[-84.20706363409128, 41.297072303567255], [-84.20448065645412, 41.29736793975293], [-84.20237606014663, 41.29811236063164], [-84.19985003324838, 41.29967392978098], [-84.19704466166039, 41.30181859099814], [-84.19269793508444, 41.30365624411914], [-84.1892715611401, 41.30558586078906], [-84.18628723634248, 41.30715862068524], [-84.18267184479737, 41.308286213334696], [-84.1796460534713, 41.3089380555529], [-84.17690478458147, 41.309121819580085], [-84.17490583216377, 41.3088260938114], [-84.17305947487941, 41.30852652650047], [-84.171660593486, 41.30798532335193], [-84.17100407254621, 41.306964699585144], [-84.17290533101672, 41.30507369757432], [-84.17712069352082, 41.30370095311478], [-84.18235744875004, 41.30126547232422], [-84.18793508030971, 41.29962776527764], [-84.19063976734192, 41.29863808772409], [-84.19404506289999, 41.29624804223091], [-84.19881783234187, 41.2937082383066], [-84.20495789183028, 41.291018512311815], [-84.20809881124029, 41.289556508334606], [-84.20989281928739, 41.288704597725044], [-84.2102828191036, 41.28719680085018], [-84.21004710572717, 41.285359139244875], [-84.20785461975048, 41.284147050174646], [-84.20475747761289, 41.28318820646851], [-84.20155456443476, 41.28326898683862], [-84.19745723246349, 41.28383310456074], [-84.19576914708192, 41.28364513571901], [-84.19408107095933, 41.283457143161435], [-84.19564495777374, 41.28088283647752], [-84.19645653244135, 41.27855788945601], [-84.19667356138211, 41.27659357686995], [-84.19417141694677, 41.27527381070243], [-84.18925518825087, 41.27459076598874], [-84.18483780249747, 41.27481682686736], [-84.18330762917212, 41.274739955656756], [-84.18237201168844, 41.27430249346089], [-84.18339313876027, 41.27323987153482], [-84.1883171900655, 41.27069661002717], [-84.19249394597652, 41.26851760176735], [-84.1980686627529, 41.26687937534439], [-84.20394288421191, 41.2651180958201], [-84.20908560180321, 41.26406638300279], [-84.2149957363082, 41.26311023970996], [-84.21981233535091, 41.261605401615014], [-84.2229776797245, 41.26071845545449], [-84.22643742509783, 41.25959347946069], [-84.23141645217953, 41.25831448942384], [-84.23639529302876, 41.2570352918344], [-84.24155790212315, 41.25644257033339], [-84.24613688428776, 41.25644071510607], [-84.25040042545655, 41.25621631583087], [-84.25463233417359, 41.255301259950926], [-84.25859089327554, 41.25508445944922], [-84.26224451919488, 41.25487536690345], [-84.26609290268736, 41.25558300446583], [-84.26843268050264, 41.2566750805744], [-84.26955814844067, 41.25791363612664], [-84.26946924804311, 41.259298704877274], [-84.26877047763004, 41.26069948191032], [-84.26505401722115, 41.262869308780104], [-84.26225746753649, 41.26513060254976], [-84.26078552550861, 41.266320729532204], [-84.26022842598618, 41.26748734301057], [-84.26044957850567, 41.26897965580248], [-84.26356802370239, 41.27039751060037], [-84.2671228961378, 41.27134313259659], [-84.26915294326076, 41.272327934607404], [-84.270273380664, 41.273451372713275], [-84.27077326537486, 41.274360332716576], [-84.27052126873781, 41.27551912577792], [-84.26937544348354, 41.277161861150425], [-84.26698833229365, 41.27837561615181], [-84.26258151429771, 41.278834637456946], [-84.25752765523481, 41.27850349538648], [-84.2535466598428, 41.27825988457167], [-84.25019678085187, 41.27846090542849], [-84.24357581570779, 41.28058919027776], [-84.23832184190003, 41.282567003869296], [-84.23427201179956, 41.28416821985909], [-84.23115807260353, 41.28620638407688], [-84.2293643952467, 41.28705861363573], [-84.22713399848996, 41.28838282338652], [-84.22216313990951, 41.289891788130966], [-84.2185805364737, 41.29171103991819], [-84.21591299401369, 41.293507008943024], [-84.21356081462746, 41.29552538431109], [-84.21114087410682, 41.296047491397765], [-84.20706363409128, 41.297072303567255]], [[-84.2472147297237, 41.263326960120146], [-84.24553227112888, 41.26325478143305], [-84.24249331713352, 41.263562943749974], [-84.23870770001643, 41.264235778242174], [-84.23543708072789, 41.26616288533615], [-84.23431153195071, 41.26826570322409], [-84.23497386598481, 41.269401111948625], [-84.2360674823928, 41.26994937473309], [-84.23775534024965, 41.270136780748764], [-84.23957995354094, 41.26997498466001], [-84.24245096164819, 41.26932550916124], [-84.2443964949121, 41.26846917204677], [-84.246646944231, 41.26760499948694], [-84.24901823809647, 41.26604630822107], [-84.2500224121017, 41.264637827895164], [-84.24982782137404, 41.263720969680655], [-84.24889719193035, 41.26339911525032], [-84.2472147297237, 41.263326960120146]]], [[[-84.18538600176686, 41.33619159440492], [-84.18720740121363, 41.33591550163965], [-84.1888503495908, 41.335067732608074], [-84.19108315870417, 41.33374423509147], [-84.19441015875002, 41.33296932880692], [-84.19805269803129, 41.33241684110103], [-84.20140545359027, 41.33221721776087], [-84.2039587382738, 41.331231075042766], [-84.20678088407406, 41.32943150851171], [-84.21008152460728, 41.328080689147995], [-84.21175518232533, 41.32792317367905], [-84.21311318895717, 41.32754316322657], [-84.2143445661278, 41.327742474119304], [-84.21517011024748, 41.32910430892892], [-84.21388489412011, 41.33109567107709], [-84.21000481752137, 41.33315258210462], [-84.20533537616299, 41.334653139042395], [-84.20152977619927, 41.3349795002698], [-84.19882367481087, 41.33596942914251], [-84.19432194539681, 41.337810998449385], [-84.19053676498034, 41.33859739104801], [-84.18721460331095, 41.33948728125207], [-84.18434000809314, 41.34013542173011], [-84.18068665494835, 41.34045730012574], [-84.17753235023021, 41.341688389071656], [-84.17379296882783, 41.343510108753755], [-84.17063839878804, 41.34474101367504], [-84.16729518529358, 41.34516996879177], [-84.1647152545579, 41.345579844570516], [-84.16209949000908, 41.34518399660613], [-84.16040995956284, 41.34499553271025], [-84.15883733825966, 41.34399758472059], [-84.15846560545188, 41.342508918819405], [-84.15873005220756, 41.341580570906416], [-84.15838387481662, 41.3406673823334], [-84.15956933834143, 41.33983138505971], [-84.16717528884857, 41.335609415471936], [-84.17012163976906, 41.33657302769844], [-84.17336823368156, 41.337413854233475], [-84.17689964704866, 41.33778658411853], [-84.17946892355947, 41.337146253039506], [-84.18249093445118, 41.336379311059936], [-84.18538600176686, 41.33619159440492]]], [[[-84.16660959479236, 41.36754005035037], [-84.16582041210022, 41.36698358226186], [-84.16591677515052, 41.36571375753139], [-84.1670769589267, 41.36430223822393], [-84.16885816297969, 41.36310568288997], [-84.17173900463709, 41.362573019622864], [-84.17709386483646, 41.36266985860703], [-84.17986308950387, 41.3630615596694], [-84.18230118784905, 41.362885372809124], [-84.18456595624342, 41.3622525879976], [-84.18625598042534, 41.362440711346835], [-84.1882617374712, 41.36285134190556], [-84.18998276453645, 41.363729968850066], [-84.19094030588825, 41.3646277272339], [-84.19099195387888, 41.36577865073741], [-84.19090122205135, 41.36716358823943], [-84.18958360468595, 41.3684640709027], [-84.18775102701862, 41.36851000611676], [-84.1849763811291, 41.36800339532478], [-84.18099036857463, 41.367757457397815], [-84.1768413891561, 41.367285015446875], [-84.17316600767688, 41.367146285301686], [-84.17165427725541, 41.367529637529245], [-84.16953167149408, 41.367928187031694], [-84.16815211264823, 41.36784731959945], [-84.16660959479236, 41.36754005035037]]], [[[-84.18641212505655, 41.40345508632497], [-84.1850318277957, 41.40337441336369], [-84.18348327559637, 41.402952279493086], [-84.1821991026759, 41.40160177528456], [-84.18119994934594, 41.39978326286411], [-84.18140764537816, 41.397588928728744], [-84.18089265142112, 41.39633439874187], [-84.1803982733282, 41.39554022403247], [-84.17941469916913, 41.39406695679381], [-84.17800887450969, 41.39341075356665], [-84.17658250641496, 41.3922941730116], [-84.17561448394426, 41.39116614166127], [-84.17495202111918, 41.390030481025036], [-84.17520614772478, 41.38887195459378], [-84.17605073450403, 41.38723781779374], [-84.17934963246915, 41.385772822761965], [-84.18360612237137, 41.385205536034455], [-84.18753639755278, 41.38418538981633], [-84.19178755278136, 41.38350272277224], [-84.19559073135017, 41.3830615967576], [-84.19817707180084, 41.38276616607425], [-84.19970453321457, 41.382727757632736], [-84.20203720041859, 41.38359082938734], [-84.20577062892417, 41.38499466716803], [-84.20862925798242, 41.38734222508773], [-84.21085623888536, 41.38924477954493], [-84.21169806250367, 41.39095183249133], [-84.21178129218696, 41.39279325332814], [-84.21023602837714, 41.39582797294739], [-84.20890783102165, 41.39689845671039], [-84.20741122719133, 41.39762751126008], [-84.20636774009095, 41.398229908775704], [-84.20499790690806, 41.398379640633], [-84.20346490966637, 41.39830302654102], [-84.20208988254409, 41.39833763690221], [-84.20018690225926, 41.398569386444755], [-84.19873906013036, 41.39865235131777], [-84.19648356825918, 41.399515557515365], [-84.19439115164141, 41.4006050631949], [-84.19260424605243, 41.40168686643336], [-84.19081728378052, 41.402768642090365], [-84.18823531618156, 41.40317899714173], [-84.18641212505655, 41.40345508632497]]], [[[-84.15587822428112, 41.40133515060678], [-84.15628039551734, 41.40005779976848], [-84.15776226473447, 41.3989841112518], [-84.1594377822916, 41.39882733477459], [-84.16067540527752, 41.39914227320366], [-84.16286559302166, 41.40024006194452], [-84.1650558512522, 41.40133780997308], [-84.16775584045946, 41.40357500901503], [-84.1707975423904, 41.40661015669661], [-84.17155253179614, 41.40981741994392], [-84.17102345093619, 41.41167405846545], [-84.16890973003365, 41.412302756032915], [-84.16709134496283, 41.41269363900566], [-84.16614369568094, 41.412025906213344], [-84.16529762723395, 41.41020348027705], [-84.16522075575838, 41.40847714705024], [-84.16485365623056, 41.40710367394837], [-84.16450706439552, 41.40619055510617], [-84.16323856927048, 41.405185121613975], [-84.16075285818383, 41.40432510846175], [-84.15828766001798, 41.40392540251176], [-84.15670860148583, 41.40281238681927], [-84.15587822428112, 41.40133515060678]]], [[[-84.13860484183604, 41.4258418068061], [-84.13789648957255, 41.427126595417775], [-84.13643400622708, 41.42866036378712], [-84.13434988466462, 41.429978972830725], [-84.13284668651912, 41.430591990656694], [-84.13163903890407, 41.43096730320445], [-84.12965188479613, 41.431016105838324], [-84.12747136849576, 41.430147920453756], [-84.12449629042536, 41.42860789828708], [-84.12231591676498, 41.42773961812731], [-84.12028844802872, 41.42686755716239], [-84.11856167885367, 41.425872895342444], [-84.11641172926667, 41.425695041145445], [-84.11318682592602, 41.42542818803605], [-84.11058843304363, 41.425491603799784], [-84.10628861075047, 41.425135573099396], [-84.1021567372992, 41.425120940641776], [-84.0997011619391, 41.42495022449365], [-84.09601281293294, 41.424578966624225], [-84.09277803513446, 41.42408138815855], [-84.08880906700148, 41.42429277310965], [-84.08466227885832, 41.42393227093193], [-84.08206391660207, 41.42399507290586], [-84.07766625158266, 41.42490771196002], [-84.07477707031508, 41.425323002758475], [-84.07002883303258, 41.42520691182185], [-84.06681901416171, 41.425284093384164], [-84.06439325593563, 41.4258032057111], [-84.0619427024454, 41.42574681300165], [-84.05868833365922, 41.42478795682807], [-84.05728303862404, 41.42413036658497], [-84.0566419965432, 41.423454460038755], [-84.05660245690245, 41.42253372624968], [-84.05819471842247, 41.420421797711235], [-84.06130531482, 41.418043006060444], [-84.06474117126822, 41.416117156423056], [-84.06760026096518, 41.41501154933105], [-84.0707649038704, 41.41389851699314], [-84.07381141827364, 41.41359472719657], [-84.07626651990871, 41.413765970902034], [-84.0793379043611, 41.41403750119591], [-84.0832414778681, 41.412330232465465], [-84.08735759173274, 41.41200023631919], [-84.0917542948347, 41.41108723225848], [-84.09525903406289, 41.41077178435992], [-84.09877877893385, 41.41080150867825], [-84.10341843247737, 41.41195600870635], [-84.10802807216551, 41.41241978467993], [-84.11145550065234, 41.41383395406906], [-84.1136201773963, 41.41435716911815], [-84.11609557498448, 41.41498796430714], [-84.11889180772488, 41.415956500523464], [-84.12397546698394, 41.41675371762356], [-84.12894692996187, 41.4184751877267], [-84.13285894983619, 41.420452932021476], [-84.1359917748912, 41.42210408713217], [-84.13759633759331, 41.42379279742096], [-84.13860484183604, 41.4258418068061]]], [[[-84.18152487241737, 41.437796424826345], [-84.18116418226079, 41.43999449792201], [-84.18032421708331, 41.44174367747658], [-84.17946875486324, 41.44314759393601], [-84.17741076256402, 41.445042352706366], [-84.1747102293375, 41.4462618057222], [-84.1735076762261, 41.44675261621284], [-84.17180018139662, 41.44621907089347], [-84.16973558522034, 41.444542258561356], [-84.16915884464228, 41.44190670791922], [-84.16908697320557, 41.44029551167919], [-84.1688673651125, 41.43880320121474], [-84.16695080564656, 41.43700744213624], [-84.16536058574066, 41.43566439911049], [-84.16391304338401, 41.434087364820726], [-84.16201723099859, 41.43275186636632], [-84.16011637513566, 41.43130124983106], [-84.15884747766566, 41.430295792207914], [-84.15816957109853, 41.42881481768772], [-84.15872471021126, 41.42753370127531], [-84.15882640614419, 41.4263790383447], [-84.15692068394252, 41.424813276008386], [-84.15517810610008, 41.42347387218279], [-84.15312481763036, 41.42202691915276], [-84.15286988475435, 41.41972893792834], [-84.1524978694947, 41.41824035293528], [-84.14981309787386, 41.41634810816231], [-84.14697056087655, 41.41434448657679], [-84.14457645704695, 41.412099301280705], [-84.1412758191595, 41.41010685306439], [-84.13922322797067, 41.408659647388], [-84.13825051211154, 41.40741624332921], [-84.13806215617518, 41.40661437565968], [-84.13938149238429, 41.405314502563286], [-84.142269432169, 41.404897656538814], [-84.14470912262422, 41.404722238509684], [-84.1465223306225, 41.404216599674484], [-84.1485188842689, 41.404397697146614], [-84.15091284757403, 41.40664281947029], [-84.15262458675517, 41.410748231493876], [-84.15645557652881, 41.41434025256941], [-84.16027673581398, 41.41770196472658], [-84.16360903281458, 41.420384408250925], [-84.16551478484317, 41.421950071266764], [-84.16728317287475, 41.423864764657786], [-84.16812946386455, 41.42568715469752], [-84.16968870421225, 41.426339651554244], [-84.17173733688378, 41.42767123121383], [-84.17489200470554, 41.429781714173785], [-84.17791974953036, 41.43247135505099], [-84.18031051426294, 41.43460075490744], [-84.18129984630137, 41.436189047772345], [-84.18152487241737, 41.437796424826345]]], [[[-84.21024510223937, 41.46034889063398], [-84.20658022992012, 41.46055642773119], [-84.2027468387573, 41.460422452614075], [-84.19934110549039, 41.45958634053207], [-84.196409748798, 41.45908386899161], [-84.19406939229617, 41.458105660370784], [-84.19296275844698, 41.4573269154342], [-84.19275292214928, 41.45606483648949], [-84.19483153299471, 41.4546301672151], [-84.19659906711101, 41.45308805226667], [-84.19749576022903, 41.452604692047906], [-84.1990040469539, 41.45210596470397], [-84.20180816878097, 41.45318763463898], [-84.20508148852208, 41.454487860323894], [-84.20746347468872, 41.45638651774817], [-84.20982998247712, 41.45793987902417], [-84.21125306261118, 41.458940921693795], [-84.21024510223937, 41.46034889063398]]], [[[-83.64432634013203, 41.71779771725714], [-83.65079158602445, 41.71812617532814], [-83.6586214843368, 41.717965632267635], [-83.66275811403933, 41.71765028966401], [-83.66747005609841, 41.71628650237422], [-83.67288468909985, 41.71318059306065], [-83.68048256214969, 41.71095050170249], [-83.68368461198834, 41.71030830450765], [-83.68859254110122, 41.710091223492284], [-83.69535993364327, 41.71029585270929], [-83.70094291611682, 41.711676479195866], [-83.70480689419378, 41.712286684868246], [-83.71014479235204, 41.711253596741784], [-83.71501762246115, 41.710114874448884], [-83.72139895293063, 41.70825321140361], [-83.72792461934303, 41.70615782508216], [-83.729660752205, 41.703357205695234], [-83.7324005097671, 41.698692679985726], [-83.73343848036232, 41.69371858984931], [-83.73221414689898, 41.689828840518985], [-83.73179629626631, 41.68815759317357], [-83.73112576145171, 41.68547552497525], [-83.73295288882174, 41.681060517552055], [-83.73509105782408, 41.67675403727446], [-83.73761095543298, 41.67439726673025], [-83.74216942407918, 41.67314883421493], [-83.7493491754741, 41.6721899219821], [-83.75770265313176, 41.66982339822601], [-83.75915211879577, 41.66760417038767], [-83.76102156551079, 41.664339393412064], [-83.76388870338691, 41.65909528361201], [-83.76693112598952, 41.65442316690699], [-83.77069970264571, 41.64869878380208], [-83.77305503275583, 41.64611432955443], [-83.77633480070998, 41.64362508048306], [-83.77915876923986, 41.64126073645662], [-83.78209993713422, 41.63797239214681], [-83.78454933481207, 41.63388836679759], [-83.78750793552686, 41.631060179085985], [-83.79232868383114, 41.62876742542959], [-83.79671174789817, 41.62705985396201], [-83.80265879735101, 41.62220831319782], [-83.80936240103188, 41.617109573356764], [-83.81283818258089, 41.615766705425905], [-83.81663860414172, 41.614877340575646], [-83.82215699681939, 41.61475643482484], [-83.82769364506605, 41.61509559055776], [-83.83293292508384, 41.61567140013916], [-83.8350148454474, 41.61401303167359], [-83.83732070178347, 41.610276454766264], [-83.84126635420456, 41.605351796129625], [-83.84366510179501, 41.600115650553015], [-83.84639296231322, 41.59544804374618], [-83.85064817746934, 41.59063130231247], [-83.85475879671026, 41.58604795278017], [-83.86085599721498, 41.58130503329858], [-83.86664131939007, 41.57645354120756], [-83.86992825294932, 41.57430682912293], [-83.87353993334406, 41.5726134940911], [-83.87748570753634, 41.571603670788676], [-83.88204876900481, 41.57069504842627], [-83.88613816347129, 41.56945134033039], [-83.89056647059301, 41.56900616203067], [-83.89542150676996, 41.567744891384606], [-83.89872117383787, 41.56594262165637], [-83.90168149586455, 41.56334161773584], [-83.90611216291065, 41.559209800491324], [-83.91037503291919, 41.55473603338539], [-83.914300391474, 41.55326466374316], [-83.91831048726334, 41.55386463384791], [-83.92416788652984, 41.55465274951214], [-83.93088272275256, 41.553923531888515], [-83.94147834560617, 41.55437205590646], [-83.94551732200942, 41.55566160700009], [-83.94762743266102, 41.55849285230066], [-83.9492591518491, 41.560874305938505], [-83.95131229829292, 41.56232452090846], [-83.95427975883433, 41.5636384462505], [-83.95876946104507, 41.564686797188], [-83.96184242786534, 41.564846211607446], [-83.96581523555737, 41.564523972172864], [-83.97009914680513, 41.564309581966135], [-83.97265009781064, 41.56298334842855], [-83.9734969283612, 41.56123584954068], [-83.97445356508888, 41.558449077034176], [-83.97557289918787, 41.55588889142944], [-83.97690308014367, 41.55470608298967], [-83.97990814979849, 41.55325392922739], [-83.98208950461047, 41.550438572155194], [-83.98332294448215, 41.546954091451276], [-83.98167590309986, 41.54422782495419], [-83.97911029392516, 41.5415228991025], [-83.97677407861569, 41.5369694993513], [-83.97505055971668, 41.53240181313015], [-83.97380095501839, 41.52816866731429], [-83.97956524474878, 41.526767554764106], [-83.98454459214051, 41.52492368015998], [-83.98975729426903, 41.52134621411203], [-83.99399781633187, 41.51652408647382], [-83.9971809391004, 41.51207213069145], [-83.99883810076781, 41.50777102817071], [-84.00151770462112, 41.50229392018917], [-84.00552530622576, 41.495633467074796], [-84.00805565930327, 41.490274753915244], [-84.01016073724051, 41.48573237366357], [-84.01188941204204, 41.483157231639055], [-84.0144675537584, 41.47894919810131], [-84.01745546274896, 41.47357938312566], [-84.0198506458899, 41.46868427647044], [-84.02251714498279, 41.46297624472907], [-84.02399893479398, 41.45821779521163], [-84.02445413149053, 41.45452045472333], [-84.02327128147168, 41.451898719249016], [-84.02544138106137, 41.452538588079186], [-84.0279075559497, 41.452940990705486], [-84.02995911554298, 41.45439002906835], [-84.03239996758985, 41.457788287766384], [-84.03299117511968, 41.46088479739154], [-84.03483538524699, 41.46464277163808], [-84.03742916045422, 41.4716086162679], [-84.03872596381488, 41.47687716684472], [-84.04108397054802, 41.481890028439445], [-84.04290950031928, 41.48518746549353], [-84.04536195797056, 41.488815539966765], [-84.04737047127898, 41.49279975293586], [-84.04987774062533, 41.49769363894903], [-84.05342189761693, 41.50175625495533], [-84.05691201623034, 41.50455282153908], [-84.06080703290607, 41.506072393929664], [-84.06466254386694, 41.506671191746975], [-84.06648403160048, 41.506281895784106], [-84.06782654985845, 41.50544327158183], [-84.06975630069797, 41.50401452260752], [-84.0724361628069, 41.50222210129907], [-84.0752091557377, 41.499044944038246], [-84.07880669922653, 41.497230241146774], [-84.0818219717812, 41.49612069571143], [-84.08545915535542, 41.49522645561735], [-84.08692921385142, 41.493808484790904], [-84.08838920900415, 41.49216032772054], [-84.08949811973356, 41.48948380294566], [-84.08940306949637, 41.48729721398433], [-84.08965901336464, 41.48613897271198], [-84.09083283618416, 41.48495851328464], [-84.09211453582017, 41.48273857980612], [-84.09522679293644, 41.48035905120812], [-84.09576849745456, 41.478733033914594], [-84.09570834716158, 41.477352020139215], [-84.09527211583661, 41.4743672357775], [-84.09441714908587, 41.47231424806255], [-84.09277746543547, 41.46981944021868], [-84.09100497504333, 41.467788651530526], [-84.08790113077, 41.46682691196938], [-84.08636173070335, 41.46663372705867], [-84.08389471612168, 41.46623252154596], [-84.08038208663109, 41.46643253296733], [-84.07577893790037, 41.46619789155688], [-84.07164955284989, 41.46629729819259], [-84.06700177529497, 41.46502654223553], [-84.06254674996217, 41.46467263634033], [-84.05910293154419, 41.46291187858732], [-84.05627100973875, 41.46113638286557], [-84.05427279139931, 41.45738237977097], [-84.05164339537282, 41.45318259302953], [-84.05168277256392, 41.45053189395173], [-84.05240286686352, 41.44947782019577], [-84.05378887898766, 41.44967509650303], [-84.05563855496985, 41.44997647031278], [-84.05857342662476, 41.4505974479404], [-84.06152816291065, 41.45167870854278], [-84.06620965386401, 41.45375530654661], [-84.07055081728147, 41.45503346122798], [-84.07366880078695, 41.45634091839999], [-84.07626342559881, 41.45616321341519], [-84.07792061213202, 41.455547228897025], [-84.07940492162894, 41.454474560111734], [-84.08040552697038, 41.452837505576014], [-84.07958117719578, 41.45147490070703], [-84.07815022657185, 41.45024212825882], [-84.0758068960082, 41.44914653616124], [-84.07283712784101, 41.44772035668362], [-84.0681905950638, 41.44644962669607], [-84.06565994537097, 41.44455188614698], [-84.06284347900296, 41.443121783968344], [-84.06202455078962, 41.44187413769701], [-84.06244357991295, 41.44094241870276], [-84.06396250711988, 41.44067555355015], [-84.065945029781, 41.440512743356834], [-84.06839611720531, 41.4405690547311], [-84.07272156932981, 41.44150187723134], [-84.07612982004107, 41.44245665744045], [-84.0791975145768, 41.44261309738834], [-84.0805685111855, 41.44246480116324], [-84.08037575298161, 41.44154778092206], [-84.08026112781141, 41.438900733332815], [-84.08060512911442, 41.43624260789377], [-84.08172839274708, 41.43391128641103], [-84.08442011823132, 41.432463722150935], [-84.08777812289514, 41.43226728413612], [-84.08950460512814, 41.43326238021096], [-84.09156188333681, 41.43482548792569], [-84.09392500057622, 41.436381143844606], [-84.09626818342412, 41.43747639671705], [-84.09844352254841, 41.43823005090644], [-84.09976685793507, 41.44050210622966], [-84.1001829996712, 41.443026614173824], [-84.10047137031727, 41.44613026918268], [-84.10121344927252, 41.44910767862738], [-84.10061456219799, 41.45292413455703], [-84.09962208359454, 41.45824784273426], [-84.10089331917544, 41.46282528056366], [-84.10384707826745, 41.467361779432636], [-84.1065204799205, 41.472481058054], [-84.11077612575706, 41.475257568828134], [-84.11684244938671, 41.47741368325521], [-84.1204262957201, 41.47882378381705], [-84.12277642244179, 41.48003356607658], [-84.1240760772447, 41.481729856110206], [-84.12600795673944, 41.48387147062049], [-84.12841917551877, 41.4864621281315], [-84.13076463537205, 41.487556665041005], [-84.13261060399189, 41.48774176945836], [-84.13412522132803, 41.48735895241036], [-84.13561949903135, 41.48651578798077], [-84.1370679943826, 41.4846368657161], [-84.13731295177136, 41.48324835492781], [-84.13736934530894, 41.48105802703823], [-84.1385473391064, 41.4799921802459], [-84.14037277191406, 41.47971683639803], [-84.14194316416538, 41.48059982600069], [-84.14339118613027, 41.482177057645465], [-84.14486475485792, 41.4843296795415], [-84.14661888439151, 41.48589932346754], [-84.14853118063482, 41.487580245050175], [-84.15133596068779, 41.488663052676074], [-84.15490065936113, 41.48961179364287], [-84.15695090550939, 41.49094355020273], [-84.15887383888966, 41.49285446206349], [-84.1603583733904, 41.49523703506013], [-84.16078221832473, 41.49787629161133], [-84.16108892093808, 41.50132486704049], [-84.16276254237037, 41.50450909990176], [-84.16606832608892, 41.50650076314629], [-84.1678132038343, 41.507839889073125], [-84.16496207386972, 41.509177906292706], [-84.16110105449644, 41.511923320152114], [-84.15962187209973, 41.51311199435017], [-84.15862736023662, 41.51486466426334], [-84.15888278008786, 41.517162395845794], [-84.1599188539148, 41.51978639856805], [-84.1620264365546, 41.52238383893633], [-84.16483795971725, 41.523581356145826], [-84.16762390993297, 41.52420343281596], [-84.17023629001727, 41.5243689501778], [-84.17560900669037, 41.52458093131541], [-84.18231807452767, 41.523837718291], [-84.18888944527592, 41.5234431813438], [-84.19534394391573, 41.523857638785636], [-84.19904856601843, 41.524455975960485], [-84.20139124055666, 41.52543401350917], [-84.20405050870934, 41.52663445856944], [-84.20652040061148, 41.527033184043965], [-84.20880602929346, 41.52674527511284], [-84.21137694217671, 41.52598932090224], [-84.21546280099001, 41.5248494954273], [-84.21830837704299, 41.52339523401576], [-84.22007198852937, 41.52173782909588], [-84.22257987339286, 41.51960075765642], [-84.22548920087418, 41.516186205808395], [-84.22822426196474, 41.512315156434006], [-84.23081122621416, 41.50856298553231], [-84.23266951132072, 41.505635679717734], [-84.23225340183457, 41.50322688775975], [-84.2310521354901, 41.502393818302195], [-84.2335473273481, 41.50002751259715], [-84.23754018402862, 41.4969321579072], [-84.23999267742343, 41.49364546758467], [-84.24425905319917, 41.48985195339321], [-84.25195813497824, 41.487467862693066], [-84.26241978547093, 41.485242965356846], [-84.27293937568508, 41.48428242419519], [-84.27881778577138, 41.48228880413258], [-84.28559191134714, 41.479811154982066], [-84.29226089290896, 41.47837228494979], [-84.29825102137413, 41.478793209248614], [-84.30400536005801, 41.48071706395927], [-84.30841074263611, 41.4832514929794], [-84.31241349492764, 41.483723309838815], [-84.31704040960238, 41.48118451755863], [-84.32388884094837, 41.480315034977494], [-84.33212952596523, 41.47975423371995], [-84.33754101603361, 41.48087933771634], [-84.33975789261657, 41.48243351195878], [-84.34058231172324, 41.48367868834451], [-84.34052191517407, 41.48563805011762], [-84.33939105680433, 41.4876254794562], [-84.33825469394716, 41.48949787467998], [-84.33632643449015, 41.49081518621782], [-84.33409766639812, 41.49225549183963], [-84.33189594783629, 41.49427085496797], [-84.3306280347093, 41.49660724714523], [-84.32915284345135, 41.49779742059658], [-84.32643233156479, 41.49855944721593], [-84.32224719657737, 41.50074152731754], [-84.31998533504186, 41.501491430616966], [-84.31740670697268, 41.50201921886803], [-84.31268123804966, 41.50248761208986], [-84.30689575980402, 41.503213640512016], [-84.30234997870673, 41.50425275274925], [-84.29708754496613, 41.50634664157007], [-84.29172004605095, 41.50947941280432], [-84.2881717738268, 41.5122195600803], [-84.2857262214804, 41.515622118729276], [-84.28467878243023, 41.519449234279435], [-84.2855882024026, 41.52253500209713], [-84.28672344962816, 41.52388761412359], [-84.2892197633355, 41.52485965757443], [-84.29168934730069, 41.52525656478071], [-84.29537767781149, 41.525506781806584], [-84.29985795815678, 41.52631217293177], [-84.30235454822223, 41.527283943046534], [-84.30303115696577, 41.528648282313284], [-84.3027842943336, 41.529921382435155], [-84.30190382031712, 41.53075026754615], [-84.30043273231013, 41.532055049922775], [-84.29899920041505, 41.53416492105662], [-84.29907980062835, 41.535890151293394], [-84.30052161077167, 41.5372346997746], [-84.30211113807431, 41.53846025221221], [-84.30427521115871, 41.538864821468785], [-84.30671845711922, 41.538686343186065], [-84.30989992377732, 41.53791288511262], [-84.31568831696963, 41.537186735724944], [-84.3208319920552, 41.535786168526734], [-84.3270574949754, 41.534587457755144], [-84.33257737847224, 41.534673584298524], [-84.3353971074176, 41.53598170360532], [-84.33728786299555, 41.537083772590044], [-84.3387630963482, 41.53911794274622], [-84.33901407585067, 41.54118416825444], [-84.33858759118394, 41.54188627119965], [-84.33821549841736, 41.543738499387615], [-84.33731352208733, 41.54410758107472], [-84.33580477041232, 41.54460768919779], [-84.33473884890974, 41.54475073073606], [-84.33230088914682, 41.54504478684172], [-84.32817390351975, 41.54526773904909], [-84.32312856988139, 41.54551448668426], [-84.3173773844667, 41.54704607931871], [-84.31179518906592, 41.54891846219562], [-84.30972781667988, 41.55058427089896], [-84.30969878024321, 41.55323354291677], [-84.31164895682768, 41.555601134882316], [-84.31400991124846, 41.556921648849645], [-84.31806027103308, 41.55831333354431], [-84.32176131647742, 41.55879276136219], [-84.32469157309791, 41.559177020284004], [-84.32870430728595, 41.559763265016215], [-84.33378871430413, 41.56032136579472], [-84.34015234994189, 41.56199728382882], [-84.34512210067068, 41.563363990881676], [-84.35179795571851, 41.565146268122945], [-84.3587584521156, 41.566460069791454], [-84.36664880389296, 41.56797922811908], [-84.37471462776872, 41.569953848404715], [-84.37835175990435, 41.572275721542205], [-84.38045798491254, 41.57463810206189], [-84.38104969241982, 41.57738609070287], [-84.37871428461605, 41.5766419474764], [-84.37612225163308, 41.57694093686657], [-84.37339908338876, 41.57770395277984], [-84.37102059217484, 41.57926386016123], [-84.36743342718859, 41.581201104019144], [-84.36360013541345, 41.58441139684141], [-84.36058702700895, 41.58875144935955], [-84.35940047526474, 41.59281299589166], [-84.36011176640777, 41.594866968582934], [-84.36174210175541, 41.59689671142456], [-84.36410546054495, 41.59821619576694], [-84.36615158216814, 41.59931370783523], [-84.36538628566264, 41.60255810815022], [-84.36090604543197, 41.60509438864477], [-84.3557251073533, 41.605806538223916], [-84.35027594160908, 41.60733154866875], [-84.34594256256622, 41.609748235925714], [-84.34251718322578, 41.61191067777454], [-84.3395512067518, 41.614060991127424], [-84.33485074948986, 41.61522023203855], [-84.32981111561637, 41.61569725280674], [-84.32598625924814, 41.61591212190033], [-84.32153227546948, 41.61579780138689], [-84.3168151615773, 41.61661132408802], [-84.31260620743463, 41.61844778917097], [-84.3094857774822, 41.620601327670435], [-84.30744853642702, 41.622957016559575], [-84.30591399388193, 41.6262208079555], [-84.30461571773031, 41.62798157655721], [-84.30388723874255, 41.62880643407315], [-84.30285225431474, 41.62963921257469], [-84.300580509232, 41.63027365750096], [-84.29720910193839, 41.630360729448924], [-84.29170834062555, 41.63084802388967], [-84.28719668562205, 41.632806482821145], [-84.28192383894726, 41.6348994596295], [-84.27794625862293, 41.63845582503285], [-84.27471326699569, 41.64153239546752], [-84.27370976562085, 41.643054942608906], [-84.27172068346282, 41.64149782787537], [-84.26954230758172, 41.640862497171874], [-84.26632260309428, 41.6409449478377], [-84.2634572701282, 41.642054993403114], [-84.26044381794725, 41.64328394466232], [-84.25762594377008, 41.645429368472925], [-84.25494535510725, 41.64722564001099], [-84.25208485716351, 41.64845046726231], [-84.24844170200265, 41.64934956756899], [-84.24499396514376, 41.651165127484894], [-84.24232333134002, 41.65319123278714], [-84.23941953958035, 41.6568358584619], [-84.236335770197, 41.65990900351173], [-84.23339984043763, 41.66286312134928], [-84.23062753719285, 41.666043393498654], [-84.22922495814686, 41.66895858892236], [-84.23052030912446, 41.67042329208777], [-84.2320962313789, 41.671304937733986], [-84.23397898035105, 41.6721787955292], [-84.23755438293969, 41.67312492115391], [-84.23925225814075, 41.67331225112375], [-84.24059066798272, 41.67235678796986], [-84.24220946764301, 41.67081824393575], [-84.2446162225586, 41.66972041534102], [-84.2476469971606, 41.66883704679834], [-84.25011700111214, 41.66911977411446], [-84.25149216945147, 41.668969578926], [-84.24929706217108, 41.671329244995476], [-84.24561532389781, 41.67476335749851], [-84.24265279630986, 41.67714238336662], [-84.24000741573677, 41.67974365868278], [-84.2372189447688, 41.68257886600003], [-84.23458366506748, 41.685410117057984], [-84.23226028053527, 41.68834859475967], [-84.23007962819969, 41.69105303332042], [-84.22759716710794, 41.69388023018171], [-84.22649553777967, 41.6966725101383], [-84.2255997237248, 41.700611429014344], [-84.2265191653786, 41.703928589074074], [-84.22985222646275, 41.706263288200134], [-84.23477813797784, 41.70982462273275], [-84.09937108910754, 41.71268028273388], [-84.10125355858287, 41.70979020171907], [-84.10340463521078, 41.706282733240464], [-84.10327361187035, 41.70329123708443], [-84.107102372434, 41.69951265379759], [-84.10987673833426, 41.69622025819132], [-84.1122984609282, 41.691899720722084], [-84.1137418939736, 41.689791359659345], [-84.11444840647822, 41.68839199420804], [-84.11530326470279, 41.68687383027435], [-84.11540611335565, 41.68571950561058], [-84.11503350337824, 41.6842312011234], [-84.11392412628277, 41.68345191107655], [-84.11222129167368, 41.68314776801133], [-84.11041049518609, 41.68388286535029], [-84.10846137126217, 41.684966838494184], [-84.10684426774948, 41.68661863199982], [-84.10461838071942, 41.68840034104518], [-84.09999771487193, 41.69162216383684], [-84.09458423485759, 41.69428704284027], [-84.09143203114338, 41.695975676489134], [-84.08874004674263, 41.69765312684184], [-84.08620640240201, 41.69944187732297], [-84.0835141526284, 41.70111920597251], [-84.08178761852909, 41.70380985809617], [-84.08007094853693, 41.70673059510672], [-84.07816066757526, 41.70873452129017], [-84.07641375168151, 41.71096484533637], [-84.07368956985708, 41.71320556110001], [-84.00130210996758, 41.71465683028071], [-83.61370422995192, 41.7284799034854], [-83.61531025740776, 41.72679324207516], [-83.6192138021821, 41.72429610606465], [-83.62493410344766, 41.721071091697176], [-83.63050882255727, 41.71807905906035], [-83.6348033674378, 41.71787662607608], [-83.64432634013203, 41.71779771725714]], [[-84.14012429194919, 41.67855003047916], [-84.13801164847334, 41.68286365704431], [-84.13688106046823, 41.68507985892573], [-84.13738720032408, 41.68610410091785], [-84.13865031987592, 41.68687941154623], [-84.14067043126845, 41.687405767852766], [-84.14316108481866, 41.68815090057844], [-84.14584610677888, 41.68981267045641], [-84.14711961542727, 41.69081800460845], [-84.14675641510979, 41.69301541119614], [-84.14638296878519, 41.69498269828181], [-84.14665909803072, 41.69774028659464], [-84.147226833602, 41.70014515085401], [-84.14896094428677, 41.701139133905606], [-84.1506490345923, 41.701097587429224], [-84.15199947108081, 41.70037324163506], [-84.15317080499273, 41.69907738127181], [-84.15518593023923, 41.696032963963425], [-84.15792192129659, 41.691934059930276], [-84.16136311402258, 41.68643543586412], [-84.16499830114176, 41.68185334946547], [-84.16727805220803, 41.677880622852676], [-84.1690160044434, 41.67553385938733], [-84.17061073937435, 41.67342098584299], [-84.17331006552686, 41.671971794279685], [-84.17541118170192, 41.67088295504804], [-84.17692963199055, 41.670499675653915], [-84.17817226000147, 41.670814353356825], [-84.17926667023387, 41.671247890461636], [-84.18069372092424, 41.67224907573059], [-84.18228972197744, 41.673591598709386], [-84.1838806125789, 41.674819041368636], [-84.18605929485757, 41.67545588454803], [-84.18838106124781, 41.67585874795632], [-84.19067693265261, 41.67568628085717], [-84.19171963835002, 41.67496913167262], [-84.19260892244064, 41.67425580446894], [-84.19403912260769, 41.67191633580924], [-84.19529506831152, 41.66912044890367], [-84.19606480146746, 41.66576075924591], [-84.19667069830662, 41.66217477321047], [-84.19654086680072, 41.65929830780949], [-84.19581837380741, 41.65689741380065], [-84.19521295368729, 41.65368725935172], [-84.19526768834434, 41.651497292717764], [-84.19562391658548, 41.64918459159612], [-84.19737574502001, 41.64718253647009], [-84.19861551345498, 41.644041366562746], [-84.19990194329198, 41.641935719906996], [-84.20061659226513, 41.64076590847886], [-84.20174437898008, 41.638549016142356], [-84.20370110418699, 41.63769361598799], [-84.20546281394462, 41.63592154328401], [-84.20856252296306, 41.63319429624245], [-84.21107485816673, 41.631057689917554], [-84.21316889553904, 41.62985309129425], [-84.21588126699257, 41.62874807423866], [-84.2172139053941, 41.627677766422], [-84.21809708064643, 41.62684915763379], [-84.21866319883934, 41.62579814782274], [-84.2190394137173, 41.62394556738856], [-84.21802562246545, 41.62189763926483], [-84.2160608952527, 41.61918249478635], [-84.21415373783057, 41.61773300118375], [-84.21208296067692, 41.61605720621506], [-84.21106428054699, 41.61389414117429], [-84.21051586692867, 41.61194962821337], [-84.21015201262495, 41.61069163757738], [-84.21116223903967, 41.60928389327906], [-84.21186070916174, 41.60776878722792], [-84.21055652043984, 41.606073668184855], [-84.20686299299436, 41.60582092114628], [-84.20318509327603, 41.60591325461733], [-84.20045783548676, 41.606672818358874], [-84.19862405243526, 41.60683396615313], [-84.19584482754924, 41.60644278059001], [-84.19288647366203, 41.605480038619774], [-84.19043454149063, 41.605541323643365], [-84.18758298264056, 41.603539036096805], [-84.18613658087136, 41.602077603415324], [-84.18561482223538, 41.600708284940666], [-84.18568016214147, 41.59874834299341], [-84.18621034895257, 41.59689199393454], [-84.18794559212218, 41.59454477500866], [-84.19093233647722, 41.59274222888584], [-84.19273467075764, 41.591890797122936], [-84.19467461889568, 41.590690304448806], [-84.19648722725003, 41.59006894832838], [-84.19795186343661, 41.58853470961387], [-84.19868156131503, 41.58771004973873], [-84.19998250883864, 41.58594948868596], [-84.20068098848766, 41.584434413397595], [-84.19923007864188, 41.5831339193292], [-84.20233498296565, 41.58370174077539], [-84.20585329002141, 41.58349821265394], [-84.20626084045495, 41.58233599864072], [-84.20662154026103, 41.58013817872329], [-84.20785446257072, 41.576881644760995], [-84.20941444662989, 41.57407765336162], [-84.21070964855659, 41.57220188655003], [-84.21066275674984, 41.57116627603154], [-84.21154528160913, 41.5703376703431], [-84.21327376740022, 41.56787496051229], [-84.21436343046226, 41.56485231725723], [-84.21324964428564, 41.56395877886699], [-84.21079400928772, 41.56390541041381], [-84.2078893330731, 41.56409368365363], [-84.20544409865622, 41.564270344178624], [-84.20478469104523, 41.56325011399352], [-84.20628498084287, 41.5625212193597], [-84.2065548601978, 41.56170803782365], [-84.20709980311847, 41.560196739747056], [-84.20827289710851, 41.55901524073044], [-84.21035956946425, 41.55769553808225], [-84.2134763925751, 41.55542823964012], [-84.21693579847633, 41.55395861836725], [-84.2214407985719, 41.55188647546399], [-84.22502157870345, 41.54972233127818], [-84.22831161813137, 41.54791103993168], [-84.23026017703873, 41.54694006613386], [-84.23080972056606, 41.545543710364655], [-84.23106351450332, 41.54438525117745], [-84.23086847161287, 41.54346857166253], [-84.22957027713198, 41.54188862501462], [-84.2273797355765, 41.5409072722664], [-84.225679945707, 41.54060468291562], [-84.22380615364115, 41.53984565792202], [-84.22178453398402, 41.53920554323769], [-84.21989515402454, 41.53810124403276], [-84.21796407680127, 41.53607634333403], [-84.21572172909039, 41.533944059071224], [-84.2141074778188, 41.532141510455375], [-84.21216111154494, 41.52977128950143], [-84.2095223987888, 41.529031316293384], [-84.20660879947252, 41.528989420148555], [-84.20462923499664, 41.52926959355822], [-84.20280792327719, 41.529660962174354], [-84.20115523990128, 41.530393679191114], [-84.198599608726, 41.53149463070734], [-84.19484514014857, 41.53320157385787], [-84.19214656870167, 41.53453636583837], [-84.18916756828558, 41.53645411399462], [-84.1858822094287, 41.538379432458875], [-84.18332603448901, 41.539480053110104], [-84.18060120452166, 41.540239217750944], [-84.1775546536924, 41.54066072859203], [-84.17465087294363, 41.540848207919446], [-84.171108960346, 41.54047547359543], [-84.16998585728949, 41.53935137096988], [-84.16780138800773, 41.53848401072094], [-84.16562723732974, 41.53784675689976], [-84.1634838963427, 41.53789990516143], [-84.16124382512113, 41.539222615771315], [-84.1589017720027, 41.54169980581229], [-84.15702911633188, 41.54439573141865], [-84.15497250850828, 41.54640496804356], [-84.15097118968193, 41.54949896461719], [-84.14766882196975, 41.55107800329626], [-84.14439178772699, 41.55323231247404], [-84.14105344558895, 41.55400565757899], [-84.13798060541829, 41.553850802453354], [-84.13459135154856, 41.55347324042329], [-84.13214123197439, 41.5535333484704], [-84.12891022938159, 41.553266944834895], [-84.12494398030364, 41.553709628252925], [-84.12241155449836, 41.555384311439255], [-84.11975619979113, 41.55775311737404], [-84.11759547474558, 41.56091616116573], [-84.11725222487773, 41.5635740446316], [-84.11812413477415, 41.56597188271376], [-84.11837838475262, 41.568269589231136], [-84.11922005689198, 41.569976977438536], [-84.1207351725107, 41.57305025482725], [-84.12168323593067, 41.5771741124651], [-84.12284536622161, 41.58267504819582], [-84.12133224477923, 41.58662859886946], [-84.11832217816209, 41.591424987562505], [-84.11520561102886, 41.59380482440716], [-84.11083272833132, 41.595523990184944], [-84.10802218016931, 41.597896176286156], [-84.10543735142662, 41.598419741718985], [-84.10218421361937, 41.59769235786042], [-84.09664772742681, 41.59736576843304], [-84.09066161745137, 41.597280174449246], [-84.08130439199702, 41.597275525592735], [-84.07378597341875, 41.59722599409778], [-84.06735511555955, 41.597495502131736], [-84.06163581094583, 41.596480558008174], [-84.05712766017484, 41.595090853360844], [-84.05259496432284, 41.59312561899116], [-84.048705048499, 41.591836049367046], [-84.04494383654773, 41.589967345374546], [-84.04221591146812, 41.58715245234734], [-84.03873694301045, 41.58470089782555], [-84.036038986034, 41.58257629443558], [-84.03291107184441, 41.581152961126186], [-84.02860675639666, 41.58090928731217], [-84.02584426274032, 41.58085941399236], [-84.02200937556398, 41.58083479215212], [-84.01988413750588, 41.58134569140896], [-84.01852976583577, 41.581953573782194], [-84.01783216361413, 41.58358267178789], [-84.01700574435908, 41.58579074456559], [-84.01549804654337, 41.58640219977645], [-84.01307591676569, 41.587150339483976], [-84.00957634740382, 41.58780856007725], [-84.00640261659365, 41.588919785400506], [-84.00476585981335, 41.590110072084194], [-84.002416397591, 41.592584107816435], [-84.00132178355302, 41.59571982635807], [-84.00082059838958, 41.59838087791255], [-84.00093721763183, 41.60114263969112], [-84.0028977381794, 41.603976384158216], [-84.00455676942727, 41.606932349349975], [-84.004826819844, 41.609690491058714], [-84.00355931189611, 41.612369485124326], [-84.0016883179706, 41.61529296294166], [-83.99801656045521, 41.61918000289355], [-83.99479455113755, 41.62282602737433], [-83.99082988893724, 41.627065186752965], [-83.98627565025832, 41.631893830506336], [-83.98247775405281, 41.63647431802529], [-83.98178355421065, 41.6382181898479], [-83.9803564270593, 41.64078535523497], [-83.97905358392151, 41.6426585200382], [-83.97808630786693, 41.645214965254226], [-83.97846055140994, 41.64681881485678], [-83.98118344578756, 41.64951992466912], [-83.98624088503263, 41.65297292397896], [-83.98999917490255, 41.65472828691153], [-83.99202206696913, 41.65537221169834], [-83.99511860247438, 41.65599104238257], [-83.99741918249869, 41.6559373101214], [-84.00046229603319, 41.655290261090435], [-84.00580580374017, 41.654589222865056], [-84.0099320444509, 41.65414688977671], [-84.01329141389301, 41.653722439828094], [-84.0165267151667, 41.65399190615894], [-84.0222501649408, 41.65500892576385], [-84.02722657490149, 41.65650405095404], [-84.03114433957293, 41.65836955980337], [-84.03551260586389, 41.659993911335135], [-84.03833742617009, 41.66142434277024], [-84.04037080028809, 41.6622975778304], [-84.04330972089878, 41.6628037333298], [-84.04433368894891, 41.66519823146423], [-84.04550124358124, 41.667358942276714], [-84.0466540485115, 41.669174445761804], [-84.04871248366464, 41.67062285280658], [-84.05108276069372, 41.672178982319785], [-84.05267620967071, 41.6735232102011], [-84.05353239595104, 41.675576070981144], [-84.05362651112489, 41.67776226324467], [-84.05542312629822, 41.68025341638271], [-84.05715539389956, 41.681248730670184], [-84.0597933703571, 41.68187685853779], [-84.06180775735173, 41.68228946917915], [-84.06456940916146, 41.6822234560747], [-84.06792484174964, 41.681682441908805], [-84.07158208146792, 41.681018917269625], [-84.07523925021593, 41.68035528190107], [-84.07756052703584, 41.68076026549638], [-84.079733408097, 41.68128395447838], [-84.08284687281241, 41.68224569787055], [-84.08718282227157, 41.683062723808796], [-84.08977099562948, 41.68253959171171], [-84.09095323800318, 41.68147443142627], [-84.09229388144647, 41.6805206152672], [-84.0943915293976, 41.679318130017265], [-84.0976032230331, 41.67901012088605], [-84.10094313580349, 41.67812300853216], [-84.10351086591736, 41.677139337613795], [-84.10665685787616, 41.675335297803116], [-84.111673824915, 41.674176806325875], [-84.11481946505957, 41.672372549549], [-84.1182565444684, 41.670215551650315], [-84.12155015154742, 41.66829231479696], [-84.1266131442639, 41.66471317083363], [-84.13187473780236, 41.662165599656234], [-84.1356633219892, 41.661036129192205], [-84.13741155176722, 41.66237549787297], [-84.13930303564418, 41.66348095464486], [-84.14022840643794, 41.663573429099934], [-84.14241652678807, 41.66444118469348], [-84.14324467418572, 41.66580306781981], [-84.143505245644, 41.66821556192224], [-84.14379646536518, 41.67131840777505], [-84.14241048284188, 41.674692818741576], [-84.14012429194919, 41.67855003047916]], [[-83.8104033202327, 41.65670157745881], [-83.809645451384, 41.656948603257646], [-83.80828310608413, 41.65743931634498], [-83.80724588725899, 41.658384162121415], [-83.80636205373779, 41.65932567692871], [-83.80576671260964, 41.65979975219982], [-83.80440885959167, 41.660405618242976], [-83.80259072872043, 41.66102141902445], [-83.80062828628695, 41.661870902106635], [-83.79927034625157, 41.66247670914935], [-83.79884205270531, 41.663293029968976], [-83.79872516609214, 41.664217923510265], [-83.79860827616108, 41.66514281603708], [-83.79882564607418, 41.6667522698179], [-83.80010792834393, 41.668108137659154], [-83.80166512784314, 41.668650980963726], [-83.80242315574212, 41.668404008275786], [-83.80286516147899, 41.6679332703578], [-83.80329801097001, 41.667232136545884], [-83.80389343374252, 41.66675807698758], [-83.80556285508959, 41.66626077752098], [-83.80798106192482, 41.66528605229592], [-83.81087323718941, 41.66464688978205], [-83.81392796752127, 41.66423472126647], [-83.81589950480415, 41.663615419173006], [-83.81678786024283, 41.662789036088235], [-83.81690909765234, 41.66197932072922], [-83.81685852452135, 41.66071214969027], [-83.81684013473483, 41.66025135972513], [-83.81647814269061, 41.65887565735245], [-83.81566053229007, 41.65762514982974], [-83.81393169508654, 41.65662501970604], [-83.81269066455486, 41.656306066064325], [-83.81176563506044, 41.656210839989335], [-83.8104033202327, 41.65670157745881]], [[-83.92755970555423, 41.64937710657169], [-83.92801986201292, 41.64936668133662], [-83.92847523365532, 41.649241060069286], [-83.92924215891216, 41.64922367802457], [-83.92999472213342, 41.648860707550824], [-83.93121221662038, 41.64860248991238], [-83.93241053653855, 41.6478834813245], [-83.93405458939863, 41.646808428177955], [-83.93645587906707, 41.645485534429206], [-83.93870370261841, 41.64416608040858], [-83.94016056765916, 41.64228806448363], [-83.93982981256084, 41.64171907065621], [-83.93905817171368, 41.64162132469051], [-83.93799419941482, 41.641876135456535], [-83.93739512470157, 41.6422356708913], [-83.9358710275694, 41.642500923665644], [-83.93508499716894, 41.642057567285164], [-83.93445234502782, 41.64161072193603], [-83.93397786110013, 41.641275585625344], [-83.93303849082504, 41.64083569820008], [-83.93241544485376, 41.64061923272106], [-83.93103515377835, 41.64065055326912], [-83.92980822744997, 41.64067838026021], [-83.92889760163733, 41.64092963374434], [-83.92785273506635, 41.641645137485234], [-83.92651066871151, 41.642597969650325], [-83.92486182033961, 41.643557729337566], [-83.92488093365526, 41.644018510904004], [-83.92476100734423, 41.64482834908437], [-83.92494783273958, 41.64563124414294], [-83.92542708180089, 41.646081609475814], [-83.92606927790854, 41.64675888997217], [-83.9265533236917, 41.64732444517812], [-83.92720032519695, 41.64811691348216], [-83.92755970555423, 41.64937710657169]], [[-83.81044112789691, 41.638368281800616], [-83.81086912675238, 41.637551900003494], [-83.81084161205563, 41.63686069838918], [-83.81035401285554, 41.636179476450934], [-83.80987559168292, 41.635728652950974], [-83.80863495947823, 41.63540965151969], [-83.80708762020664, 41.63509728251731], [-83.80586532130621, 41.63523905535117], [-83.8052747630645, 41.63582834008754], [-83.80437289458817, 41.63630905885233], [-83.80363352387178, 41.637016854322475], [-83.8030566488675, 41.63795172853801], [-83.80232638983033, 41.63888991559468], [-83.80220044938216, 41.639584433945956], [-83.80206993493744, 41.640163751260836], [-83.80226444951177, 41.64119723722352], [-83.80246811332684, 41.64246112169013], [-83.80313192191694, 41.64371505347912], [-83.80394456232645, 41.64485046222747], [-83.80534787968895, 41.645396588149616], [-83.8067466405512, 41.64582749789495], [-83.80829880319466, 41.64625506767765], [-83.80921910963664, 41.646235121674266], [-83.8102790436879, 41.64586624449306], [-83.81086964558794, 41.645276941161114], [-83.8119020274625, 41.64421685275752], [-83.81217666759721, 41.64340379922082], [-83.81244212379407, 41.64236034520091], [-83.81256337652975, 41.64155061818095], [-83.81222909893793, 41.640866077456316], [-83.81096084578024, 41.63985590226927], [-83.81001311874886, 41.63918466148929], [-83.80999936511456, 41.63883906095156], [-83.81044112789691, 41.638368281800616]], [[-83.9174111054614, 41.634155923533136], [-83.91801974656516, 41.634026877324516], [-83.91877696951026, 41.63377916798634], [-83.91922748583822, 41.63353838253478], [-83.92011897016127, 41.6328264129575], [-83.92115901173891, 41.63199577300727], [-83.92159042025541, 41.63129419084723], [-83.92156656059382, 41.63071820645009], [-83.92139413038427, 41.630260885554904], [-83.92091501856412, 41.62981049764246], [-83.92028257213742, 41.62936357340814], [-83.91951586707397, 41.6293808992703], [-83.91890250257435, 41.62939475638013], [-83.91800151892721, 41.62987632490291], [-83.91725386571892, 41.630354424837876], [-83.91698529210034, 41.63128292490149], [-83.91700911321838, 41.63185891010619], [-83.91671671084663, 41.632211423453874], [-83.91629001002404, 41.63302818439986], [-83.91646717659329, 41.63360070803266], [-83.91679769773285, 41.63416976978611], [-83.9174111054614, 41.634155923533136]], [[-83.946378498125, 41.6257730054229], [-83.944883668098, 41.62672955486001], [-83.9441554761426, 41.627668608499185], [-83.94357098432747, 41.62837376888343], [-83.94283794944421, 41.62919761634716], [-83.94302494432812, 41.630000495987744], [-83.94352343840728, 41.63091158087541], [-83.94431901595847, 41.63158527934112], [-83.945301639061, 41.63306184588081], [-83.94658619295059, 41.63441620938342], [-83.9472429352013, 41.635438971782534], [-83.94775115806861, 41.63658042540344], [-83.94823531138233, 41.637145899804466], [-83.94886319404, 41.63747747967611], [-83.94963480230189, 41.63757516364896], [-83.95054048554334, 41.6372085583307], [-83.95112980295363, 41.636618565390535], [-83.95126386951279, 41.636154279908475], [-83.95153681921485, 41.635340903287506], [-83.9516467659505, 41.634300639809645], [-83.95236045388457, 41.633015960888564], [-83.95279637316527, 41.63242946347777], [-83.95325158650132, 41.632303746723075], [-83.9538360115377, 41.63159854214849], [-83.95458342247045, 41.63112021681389], [-83.95576670167715, 41.63005537723788], [-83.9560299138975, 41.62901159365916], [-83.95643679336075, 41.62773390562639], [-83.9564029806846, 41.626927533390294], [-83.95606250534743, 41.62612818312379], [-83.95509423343951, 41.624997283026055], [-83.95428414666785, 41.623978061506584], [-83.95334488362755, 41.62353832432694], [-83.95242492595052, 41.62355936610328], [-83.95180679857357, 41.623458193433], [-83.95043650261289, 41.6237201288476], [-83.94907583198349, 41.624212442178965], [-83.94788291822624, 41.62504682937131], [-83.946378498125, 41.6257730054229]], [[-83.92577935947523, 41.62497291666785], [-83.92655079317552, 41.62507074825569], [-83.9273174482871, 41.62505337801123], [-83.9280793203574, 41.62492080543985], [-83.9291526343034, 41.62489647204087], [-83.92976117089336, 41.62476736536951], [-83.93096387544011, 41.624163551494185], [-83.93230072809806, 41.62309545525307], [-83.93286133938942, 41.621814358411434], [-83.93296675807007, 41.62065890088933], [-83.93260742883247, 41.61939868947042], [-83.93181210851321, 41.618724906396054], [-83.93120362978081, 41.61885402380597], [-83.93029329964855, 41.61910529324291], [-83.92922007715798, 41.61912963727206], [-83.92846783707687, 41.619492613468786], [-83.92744241796821, 41.620668920294364], [-83.92699679538484, 41.62102493708005], [-83.92702547755073, 41.62171612360931], [-83.92705894136296, 41.62252250737465], [-83.92678575134725, 41.62333583885297], [-83.92635922585208, 41.62415264231865], [-83.92577935947523, 41.62497291666785]], [[-84.28375984055062, 41.619762165846225], [-84.28415559951304, 41.61836961228686], [-84.28469926819153, 41.616858048675844], [-84.28571871462206, 41.615679814316294], [-84.2856759945113, 41.614759335616846], [-84.2848830046693, 41.614203777374385], [-84.28363559339633, 41.61377511309864], [-84.28178583883228, 41.61359233316008], [-84.2787260250865, 41.61378623168653], [-84.27583542149078, 41.61432129779501], [-84.27295009114312, 41.614971354999724], [-84.27021265417663, 41.6155023534221], [-84.26671416555449, 41.61616797646978], [-84.26077925574648, 41.617241380885964], [-84.25725412496703, 41.61733142633626], [-84.25370255455414, 41.61684606404297], [-84.24878746855559, 41.61674091148419], [-84.24498739847043, 41.61752878355232], [-84.24178979511953, 41.618070839440385], [-84.23829085625911, 41.618735651046975], [-84.23541020241514, 41.61949988192472], [-84.23240771052428, 41.620958294529764], [-84.23143449198425, 41.62317162977519], [-84.23060925059983, 41.625266011633954], [-84.23144392997796, 41.62674240434828], [-84.2325747313298, 41.62798090435687], [-84.23430825101572, 41.6289737359618], [-84.2372892431468, 41.63039568544122], [-84.2412007035245, 41.632024325591225], [-84.24414507350849, 41.63264068405467], [-84.24535568286174, 41.632264325757546], [-84.2471847619597, 41.631987414544], [-84.2491671272613, 41.63170657262937], [-84.25283575003891, 41.63138273533176], [-84.25711222732703, 41.63092808101125], [-84.26060097154483, 41.630032625922645], [-84.26449645020028, 41.62797471178022], [-84.26845543336793, 41.62729738018896], [-84.271631951969, 41.62629439877136], [-84.27437513425356, 41.62587843264652], [-84.27739821686964, 41.624879232635], [-84.28009865645224, 41.62354266260543], [-84.2817153881495, 41.62200352342191], [-84.28375984055062, 41.619762165846225]], [[-84.22211421959936, 41.60382410335699], [-84.22428052376947, 41.60423017484404], [-84.2262412231176, 41.60348944572598], [-84.22883580207089, 41.60319343108938], [-84.23110289554549, 41.60244486722249], [-84.23412560953135, 41.60144671498992], [-84.23727518156488, 41.59986928075885], [-84.23996492768242, 41.598303437197515], [-84.24268088005746, 41.59731285008076], [-84.24542837739975, 41.597012582925394], [-84.24864607083215, 41.59693067376619], [-84.25246076792881, 41.596487869689994], [-84.2553402231773, 41.59572322577501], [-84.25956149991602, 41.594117835727], [-84.26238248772354, 41.592087325053804], [-84.26441077172254, 41.58950103917761], [-84.26538242781996, 41.58728737116229], [-84.26614247639445, 41.583811910316356], [-84.26707154774391, 41.580677701590965], [-84.26756753608919, 41.578130578632496], [-84.26684871929449, 41.5758449842223], [-84.26642567816589, 41.57332140129616], [-84.26661000982651, 41.57066704775231], [-84.26814088300293, 41.56728695903124], [-84.26946086683681, 41.56598588611548], [-84.2713987013281, 41.564784141491], [-84.27331520771621, 41.56312210012983], [-84.27627168006336, 41.560742073872895], [-84.27832511865827, 41.55873081061182], [-84.28096964186804, 41.55624347238276], [-84.28356065584562, 41.55260540374065], [-84.28423559884048, 41.55062953348739], [-84.28431405744905, 41.54901464821595], [-84.28204935591731, 41.549764238302906], [-84.27962616447746, 41.5504026600017], [-84.2765691838551, 41.55059651487617], [-84.27515392432028, 41.549826472723325], [-84.27221819837509, 41.54932587760508], [-84.2705286472716, 41.549254049786846], [-84.26760889278589, 41.549098545643375], [-84.2644200187193, 41.54975629127651], [-84.26157966852104, 41.551326659196015], [-84.25815843206276, 41.55360302269628], [-84.25449938413702, 41.5573829828866], [-84.25008477737421, 41.561412475440704], [-84.24789306265372, 41.56377236436567], [-84.24586488694507, 41.566358443542754], [-84.24426970810589, 41.56835745833611], [-84.2421991540696, 41.570022932891824], [-84.23964796177049, 41.571239777227454], [-84.23956841804355, 41.57285460025907], [-84.23961574879836, 41.57389019787708], [-84.23969463601976, 41.575616191610365], [-84.240708390173, 41.577664028888876], [-84.24079783248933, 41.57962014714731], [-84.23978865472327, 41.58102817849745], [-84.23770709480343, 41.58246342512011], [-84.23517636775533, 41.58414042231459], [-84.23172107356316, 41.58572558835777], [-84.22813337947072, 41.58777479158804], [-84.22498938949838, 41.5894670715966], [-84.22174433449199, 41.592313787548086], [-84.21897435034873, 41.59549400960875], [-84.21775729480986, 41.59909579270645], [-84.21831626171223, 41.601270425211645], [-84.21943594912396, 41.602278949651826], [-84.22211421959936, 41.60382410335699]], [[-84.05072171923291, 41.556654439657265], [-84.0514182936435, 41.558596121307346], [-84.05358214827675, 41.559005263243435], [-84.05833966908673, 41.55912199362781], [-84.06368995463822, 41.558763562874056], [-84.0677314228367, 41.56004901719605], [-84.06689199614145, 41.561912255477296], [-84.06904113454864, 41.56197589514786], [-84.07040958180298, 41.56171266045596], [-84.07298831334707, 41.561074749378136], [-84.07602146755454, 41.56031065722942], [-84.08004676473675, 41.557679472535554], [-84.08263524199106, 41.55727150338514], [-84.08534184356579, 41.55605425969657], [-84.08820648950125, 41.55494832919066], [-84.08935652238816, 41.55319260432474], [-84.08929646737889, 41.55181170467235], [-84.08815451358363, 41.550226553993745], [-84.08641011464422, 41.548886332022576], [-84.08468077345523, 41.54789131014931], [-84.08093596521474, 41.54636887513786], [-84.07736935920457, 41.54541801764555], [-84.07501781562367, 41.544207443820824], [-84.07466677227279, 41.54317912063468], [-84.07455723330482, 41.540647432459906], [-84.07319303332986, 41.53745472660808], [-84.07019962110823, 41.53556830666008], [-84.06693991511737, 41.53460977796743], [-84.06171488866974, 41.53427422677438], [-84.05617383318287, 41.533715611802], [-84.05170944713527, 41.533246251805586], [-84.0490674044111, 41.53238770266188], [-84.04728970002752, 41.53024134175007], [-84.04590726107573, 41.5265879797646], [-84.0442286852402, 41.523172038096874], [-84.04141486207372, 41.518285504238705], [-84.03775196324835, 41.51503183752763], [-84.0341483183949, 41.513159028540784], [-84.02976494874996, 41.510958994630734], [-84.02608701964249, 41.51093087530538], [-84.02348528589917, 41.51099240601009], [-84.02059700412195, 41.5115214384956], [-84.01847878987678, 41.512147428751746], [-84.01469164067846, 41.51315831323835], [-84.01231107187274, 41.51482714661928], [-84.01118893107262, 41.51727269281757], [-84.00885680173212, 41.52009226860493], [-84.00626210364652, 41.523954717079654], [-84.00515179612309, 41.53031653426531], [-84.00487238750671, 41.534585297376786], [-84.00531471700636, 41.5378003525382], [-84.00704751328469, 41.538911597211325], [-84.00832103892024, 41.540033612362905], [-84.01066638684179, 41.54113040755666], [-84.01411286885991, 41.542892394756215], [-84.01666522408208, 41.54525133216052], [-84.01797809845894, 41.547293867631005], [-84.01855960130092, 41.55015999098134], [-84.01840477696494, 41.55373462887658], [-84.01862631663236, 41.55534210431855], [-84.01987100979507, 41.555773515857275], [-84.02189611577029, 41.55653207087388], [-84.02435622921863, 41.556704350300485], [-84.02804152076519, 41.55684759866256], [-84.03016593705557, 41.55633654440217], [-84.0323050478203, 41.556170683055896], [-84.0339798065807, 41.55590060062973], [-84.03904828470876, 41.55612590445977], [-84.04087615835557, 41.55585208937522], [-84.04636462355813, 41.55514555384996], [-84.04913596813246, 41.55542511244254], [-84.05072171923291, 41.556654439657265]], [[-84.13365411256129, 41.49750866778189], [-84.13242497946152, 41.497423639867456], [-84.13153738397223, 41.49813665730765], [-84.13037418445568, 41.49954766005128], [-84.12956255996947, 41.501986840001834], [-84.12808811119241, 41.50329021753338], [-84.12666930814376, 41.50585943923761], [-84.12540343076985, 41.50842489154203], [-84.12532632707025, 41.51015481047794], [-84.12633568893456, 41.51220372849867], [-84.12764106883857, 41.51401498025794], [-84.12881881069022, 41.51640535253914], [-84.1294401800254, 41.52007656260301], [-84.13046502596593, 41.52247065744959], [-84.13205654762665, 41.5238140322735], [-84.13422993964073, 41.52445189734565], [-84.13639320876293, 41.5248595713313], [-84.1383678391793, 41.52446543791275], [-84.13892924894701, 41.52329962366719], [-84.13915908459376, 41.521565952877026], [-84.1394809274073, 41.51844759677304], [-84.1393385144341, 41.51522544798755], [-84.138277878909, 41.51202587165836], [-84.13851786162085, 41.51052233891253], [-84.13933436615413, 41.50819820409267], [-84.13967648103407, 41.50554012046213], [-84.13956459790803, 41.50300840291582], [-84.13837654451305, 41.5003879485747], [-84.13597970875446, 41.49814276983343], [-84.13365411256129, 41.49750866778189]], [[-84.11886121065547, 41.49814336396011], [-84.1192795851532, 41.4972104619116], [-84.11951944151232, 41.495705206407614], [-84.11917262403405, 41.49479093301537], [-84.11837690434388, 41.494118265916846], [-84.1174485302914, 41.49391018113896], [-84.11637221899693, 41.49382102792501], [-84.11499493380025, 41.493854523069786], [-84.11361764682496, 41.49388800275493], [-84.11287281716052, 41.494367459983835], [-84.1124442087673, 41.49506990984557], [-84.1118930410048, 41.496467370451995], [-84.11167333624932, 41.498433472405175], [-84.11247920463234, 41.49933661237579], [-84.11340763732521, 41.499544734244], [-84.11496859796536, 41.50019882718744], [-84.11542773656168, 41.500187663997906], [-84.11618788083776, 41.50005384180015], [-84.11709088433294, 41.49968585880338], [-84.11769288102715, 41.49944053268026], [-84.11843773235078, 41.49896104791987], [-84.11886121065547, 41.49814336396011]]], [[[-83.51071975241429, 40.76833073916759], [-83.51089927420222, 40.76913449412312], [-83.51019009219729, 40.770532174058374], [-83.50930136894875, 40.77112609288739], [-83.50810570053821, 40.771610657650456], [-83.50584176952779, 40.771885343773526], [-83.5022146480971, 40.77218645970355], [-83.49950825487015, 40.7728155777019], [-83.497846128629, 40.77296311812456], [-83.49664636432796, 40.77333232361131], [-83.49515162047254, 40.77393786820731], [-83.49361305842108, 40.77327571086583], [-83.49207452580357, 40.77261353343635], [-83.4906994142722, 40.77229414251306], [-83.48810466382106, 40.77176763471621], [-83.48627520012299, 40.771456959866406], [-83.48520702881517, 40.77124690882106], [-83.48381215330126, 40.77035121622369], [-83.48242523824207, 40.76968599604119], [-83.48044439694135, 40.76937814693102], [-83.47877440046135, 40.76929493316607], [-83.47662631919334, 40.76852895229647], [-83.47415958247235, 40.76730776271441], [-83.47319955204792, 40.765827002420146], [-83.47270179644528, 40.764568014962016], [-83.47218827986117, 40.762848042521156], [-83.47332090041981, 40.76051990554131], [-83.47455749757735, 40.75680589864678], [-83.47552271456327, 40.75401965208871], [-83.47637594579847, 40.75238876244218], [-83.4775438308053, 40.75109778529863], [-83.47886308888678, 40.74980388468547], [-83.4802179133491, 40.749547185146746], [-83.48203884963748, 40.749627464561875], [-83.48372818954522, 40.75028686407855], [-83.48544136051257, 40.75163771531917], [-83.48699523865507, 40.752760970641546], [-83.49023470081148, 40.75442826507522], [-83.49256972587668, 40.75622828893767], [-83.49554645335495, 40.75905374381032], [-83.49879439382472, 40.76095128912859], [-83.5027877445545, 40.76248830566369], [-83.50570915350659, 40.76370007411291], [-83.50789344934985, 40.76550273218245], [-83.50869075015446, 40.76664043142642], [-83.51023732861492, 40.767532885366094], [-83.51071975241429, 40.76833073916759]]], [[[-83.76755588756313, 40.75486099182097], [-83.76954204843176, 40.755279328260855], [-83.77141680608301, 40.75673803702039], [-83.7722094607162, 40.75764351593637], [-83.77285515860882, 40.75866750794332], [-83.7729174028039, 40.76028080788979], [-83.77324669648466, 40.764886942821995], [-83.77338455935687, 40.76845923157948], [-83.77404816985863, 40.76994414901878], [-83.77440000738964, 40.771205162112366], [-83.77503251294185, 40.77188342881712], [-83.77703702212507, 40.77276257426011], [-83.77873421351639, 40.773533032425675], [-83.78159848675999, 40.77312477680399], [-83.7840172957236, 40.772956813119265], [-83.78550949843273, 40.772347661336376], [-83.78657413783398, 40.77243979771294], [-83.7875007404042, 40.77288092855073], [-83.78797746209138, 40.77344719339], [-83.78875326848487, 40.777812869203586], [-83.78961799249487, 40.780561955753754], [-83.79091034969926, 40.782609715109324], [-83.79188190738674, 40.78420314003014], [-83.79328106566307, 40.78509523235521], [-83.79481828962406, 40.78563829865959], [-83.79728238648134, 40.78662239584327], [-83.79941663037451, 40.78692168021314], [-83.80199185786344, 40.78686527039618], [-83.80381416224493, 40.786940650672804], [-83.80606390451392, 40.78631463504178], [-83.80787718685912, 40.78615948873078], [-83.80940102334056, 40.78635667039938], [-83.81168679430797, 40.7866524064591], [-83.81288962849938, 40.786395279078995], [-83.81453786463045, 40.78589766902051], [-83.8158785978681, 40.785291479328635], [-83.81846732187354, 40.78558041066283], [-83.82240127315184, 40.78537825491992], [-83.8243705068878, 40.78533474434722], [-83.82605038807289, 40.78564359734031], [-83.82698195650673, 40.78619964975996], [-83.82762419176265, 40.78710809416171], [-83.82781652775137, 40.78814182449148], [-83.82801340918229, 40.78929078503323], [-83.8280451872984, 40.790097403718846], [-83.82671354273364, 40.79093419019435], [-83.82462439849944, 40.79178770634653], [-83.82286538171458, 40.79332588038102], [-83.82005031016774, 40.79500266162825], [-83.81752002063908, 40.7962117715973], [-83.81512307401087, 40.79695656608685], [-83.81253845298346, 40.7967827957859], [-83.80952187741035, 40.79719511524392], [-83.80756130935522, 40.79746884357149], [-83.80540869480517, 40.79670878072741], [-83.80433915640505, 40.79650158197342], [-83.80265461070144, 40.796077194598865], [-83.80156710592317, 40.795409044127524], [-83.8010496653706, 40.79380575521843], [-83.79992626630475, 40.79221573272278], [-83.79923942794848, 40.790154820558925], [-83.7987086079943, 40.788205818381115], [-83.79810714997424, 40.788334312082775], [-83.7957012955381, 40.78884825655485], [-83.79359390240268, 40.78924030181584], [-83.79087156789657, 40.789415069169564], [-83.78737835091947, 40.78926058533358], [-83.78221876292498, 40.789142253819655], [-83.77867654606135, 40.78771995210806], [-83.77635970587066, 40.78661695156793], [-83.77203365299911, 40.784519483693735], [-83.76820224662784, 40.78344913216059], [-83.76574754736119, 40.782694901893514], [-83.76447366621656, 40.78110780818478], [-83.7630705286861, 40.78010014199871], [-83.76133349808875, 40.77829235367661], [-83.75879058211305, 40.775233282177396], [-83.7577889591317, 40.77283293252078], [-83.75617276746918, 40.77021514854373], [-83.75485516929838, 40.76747558226312], [-83.75276724785135, 40.76440657839231], [-83.75146312641769, 40.762012672548195], [-83.75121467184026, 40.75948072753932], [-83.75468422734419, 40.75906008883482], [-83.75843890138187, 40.75817187479287], [-83.76129380571989, 40.75753362850725], [-83.76338269669432, 40.75668119870089], [-83.76500841771606, 40.75560807948458], [-83.76619758209051, 40.75500570721284], [-83.76755588756313, 40.75486099182097]]], [[[-83.7189995047667, 40.80929886900191], [-83.71455274859505, 40.808009219528124], [-83.71147427621099, 40.8068057957032], [-83.70744768581007, 40.80458438905282], [-83.70585436141663, 40.80254216250277], [-83.70488453917339, 40.80094806381055], [-83.70497536148326, 40.79933157875507], [-83.705048838307, 40.79725415162455], [-83.70698809285838, 40.79640592327589], [-83.70842069284085, 40.79418444745479], [-83.7106106895301, 40.79194693069257], [-83.71208219939439, 40.790762522851985], [-83.71321153815374, 40.78854739297827], [-83.71401608613714, 40.78576248877562], [-83.7152619485225, 40.78262223546248], [-83.7152053815121, 40.78112416804196], [-83.71547351575362, 40.78019585852671], [-83.71825128278607, 40.77748438963812], [-83.7222230578429, 40.77428615709957], [-83.72517361083109, 40.772147478817594], [-83.72842687871443, 40.77000227033852], [-83.73109605316313, 40.76844607618588], [-83.7351324656663, 40.76697594354182], [-83.73753359526457, 40.76634796560746], [-83.73991711534971, 40.765258993488885], [-83.73936405007639, 40.76665479576184], [-83.73943869244452, 40.76861381210881], [-83.73937945306606, 40.77103701091267], [-83.7396055554469, 40.77299278005419], [-83.73981410309814, 40.774487603404175], [-83.74030361862188, 40.77539976286278], [-83.74034754664689, 40.77655211843681], [-83.739776831591, 40.777486969928255], [-83.73922366553334, 40.778882759616536], [-83.73962761289282, 40.7815266881873], [-83.73988450441419, 40.78428908719029], [-83.74024457505004, 40.78578065636809], [-83.74061784325755, 40.78761792681006], [-83.74082645700385, 40.78911273326842], [-83.73914910827993, 40.79283913392944], [-83.7385914155005, 40.794119671444165], [-83.73928965690301, 40.79652662491492], [-83.74048642729903, 40.800076180889256], [-83.74138027692167, 40.80363220348467], [-83.74206112133348, 40.80557819240372], [-83.7425860750989, 40.80741218698633], [-83.74261686548554, 40.80821881735982], [-83.7419207707737, 40.80984829968222], [-83.74011992147139, 40.81034814642531], [-83.73667407269508, 40.811459753414894], [-83.73303712435984, 40.81153739702174], [-83.72985916542045, 40.811720477468555], [-83.72604879888011, 40.81122497198026], [-83.7225371985159, 40.81060767288096], [-83.7189995047667, 40.80929886900191]]], [[[-83.50589865709813, 40.838999764970445], [-83.5072310876698, 40.83805134702757], [-83.50857952034711, 40.83756386672277], [-83.5104108403775, 40.83787418760542], [-83.51303235466574, 40.83909161753919], [-83.51351932916734, 40.84000465841492], [-83.51326833496405, 40.84150865935257], [-83.51152121716292, 40.84361837626573], [-83.51049198244925, 40.844560937101114], [-83.50901987939432, 40.84585804853898], [-83.5069452163866, 40.84728216448335], [-83.5058998410869, 40.84776373337533], [-83.50380104194016, 40.84849636819367], [-83.50289125501358, 40.848514018048604], [-83.50153057231846, 40.848655717450896], [-83.49995831263855, 40.84707177357477], [-83.500369234976, 40.84579534484768], [-83.50104740927006, 40.84347589452209], [-83.5042669679368, 40.84006929167382], [-83.50589865709813, 40.838999764970445]]], [[[-83.60297036720465, 40.86355828047245], [-83.60125636958605, 40.8623248413277], [-83.59789096360123, 40.86158573981884], [-83.5957637392872, 40.86151328302323], [-83.59361159961844, 40.86074964640348], [-83.59036066674008, 40.858970569921205], [-83.58860556133628, 40.856585038220516], [-83.588308878718, 40.85255639326845], [-83.58850438464574, 40.849555334808976], [-83.58931047843974, 40.846657291067935], [-83.59061280304851, 40.844902021287155], [-83.59268139911356, 40.84336188512845], [-83.59431585644381, 40.8424068195237], [-83.59704059687188, 40.84223670934631], [-83.60025344342081, 40.84297890089771], [-83.60331475101566, 40.843724066657934], [-83.60547481118552, 40.844717920325934], [-83.60657782149924, 40.84584838391672], [-83.6078784217933, 40.84824287102793], [-83.60961726383634, 40.85016737207787], [-83.61117112023447, 40.85117339168125], [-83.61409384453597, 40.85226691991569], [-83.61700408587743, 40.853014805340024], [-83.61944691407619, 40.853426293495374], [-83.62203300027653, 40.853604267401344], [-83.62462750908512, 40.85401256523549], [-83.62663656657641, 40.85500911781827], [-83.62680924015046, 40.85558197615805], [-83.62927328037766, 40.85656921140086], [-83.63175004139805, 40.857901963341526], [-83.63270627110244, 40.859150461873114], [-83.6327442377335, 40.860187164359225], [-83.63234414166827, 40.86169391511753], [-83.6307224000541, 40.862995053808724], [-83.62803903188038, 40.864317817359606], [-83.62532611513821, 40.86483419674039], [-83.6221749984339, 40.865820524734296], [-83.61947037226062, 40.86656714863605], [-83.6175114032946, 40.8669527532841], [-83.61342499221057, 40.86726618291693], [-83.60995354679486, 40.86779757707359], [-83.6079777788746, 40.86772226836073], [-83.60630951121159, 40.86775598805707], [-83.60493204596793, 40.867437991340076], [-83.60379535252146, 40.86538601290969], [-83.60297036720465, 40.86355828047245]]], [[[-83.74965399413558, 40.85370684115051], [-83.75073743933831, 40.85426004392036], [-83.75152206695134, 40.854934919311226], [-83.75229787398143, 40.855379418384956], [-83.75336368974754, 40.85547185571338], [-83.75503159919865, 40.8554360896809], [-83.75622692526349, 40.854949322192375], [-83.75820250189314, 40.85502218882991], [-83.75976750496876, 40.856256650474236], [-83.76089096419251, 40.85784642596902], [-83.76077478878453, 40.8587711648664], [-83.76065861026608, 40.85969590302776], [-83.76025244484086, 40.860972713129755], [-83.75906590218683, 40.861689888038356], [-83.75803540606735, 40.86251897925111], [-83.75714767748838, 40.86311443678485], [-83.75501138019948, 40.86281443626675], [-83.75256739523407, 40.86240571186318], [-83.75042230923647, 40.861875259545435], [-83.74903105651467, 40.861213363359376], [-83.74794311107772, 40.86054496444762], [-83.74655191263493, 40.859883039902165], [-83.74527712510815, 40.85829637532917], [-83.7447605470295, 40.856693498673124], [-83.7442660153471, 40.85566654651723], [-83.74483287764618, 40.854616916757024], [-83.74663474971184, 40.854117280874526], [-83.74828938358081, 40.85373604777604], [-83.74965399413558, 40.85370684115051]]], [[[-83.46499287381747, 40.871729122038275], [-83.46647817299663, 40.87077828769193], [-83.46844213536322, 40.87051016411314], [-83.46994709637607, 40.870135470224156], [-83.47086112135564, 40.87023330774323], [-83.47149943747297, 40.871143598054495], [-83.47199398817078, 40.8722872594885], [-83.47309530134852, 40.873419306373044], [-83.47359384821281, 40.87467819566899], [-83.47271532860027, 40.87561750600949], [-83.47168904205596, 40.876674947026494], [-83.47065087787463, 40.87738666992352], [-83.46886209910097, 40.87834334759222], [-83.46781204848864, 40.87870933665539], [-83.4659956085579, 40.87885931777104], [-83.4638560750217, 40.87843887344377], [-83.46306609626478, 40.877531437867965], [-83.46226433419278, 40.87627828694], [-83.46414971326121, 40.87370550182199], [-83.46499287381747, 40.871729122038275]]], [[[-83.82740537085873, 40.87818620450666], [-83.82879772166518, 40.878847183559735], [-83.82973961572029, 40.87963336876539], [-83.83007481416563, 40.88043293769583], [-83.83029018591593, 40.8820421155489], [-83.82904327482822, 40.885066924042924], [-83.8276081944241, 40.887173617771154], [-83.8241691607617, 40.8885174680082], [-83.8214612831554, 40.889153457362035], [-83.81949826107775, 40.8894271767847], [-83.81664313114413, 40.890181570791256], [-83.81438118034626, 40.890577046796714], [-83.81273053758507, 40.89107435971705], [-83.81064282689522, 40.89204234003509], [-83.80899212225924, 40.8925396008769], [-83.80703346620923, 40.89292829547712], [-83.80460163172349, 40.892866183056704], [-83.80277212820583, 40.89267559077137], [-83.80093813342842, 40.89236978994898], [-83.79939856993397, 40.8918269828401], [-83.7986130563146, 40.89115243923878], [-83.79871978498032, 40.88999732368118], [-83.79958050728254, 40.88871048424179], [-83.79970521190435, 40.88801608968197], [-83.80102547581508, 40.88683449112032], [-83.80338050898463, 40.88493859937105], [-83.80531191050918, 40.88385887575255], [-83.8067881950087, 40.88278907499533], [-83.8084431958912, 40.882407022058466], [-83.8104060623886, 40.88213348242024], [-83.81281492224561, 40.881619572440975], [-83.81508563731028, 40.88145448527949], [-83.81840905423226, 40.881035668868684], [-83.82079514809644, 40.87994569331884], [-83.82226657345973, 40.878760517674834], [-83.82361804216794, 40.87838492869778], [-83.82573240883056, 40.878107797542356], [-83.82740537085873, 40.87818620450666]]], [[[-83.85295927125311, 40.88707314525847], [-83.8537544467383, 40.88797769225623], [-83.85258675979217, 40.88915649529244], [-83.85176370598475, 40.89136514542688], [-83.85138196443613, 40.89321812804424], [-83.8511289870772, 40.894491840547566], [-83.85087141562263, 40.89565037293023], [-83.8496989670199, 40.89671396285015], [-83.84834270106496, 40.89697466274559], [-83.84743241257844, 40.896994882903435], [-83.84649008073397, 40.89620884675511], [-83.84523977205636, 40.895314357855796], [-83.84293210167158, 40.89455858508461], [-83.84140129756852, 40.89424667644545], [-83.8399024718532, 40.894741000653106], [-83.83927280403013, 40.89417854409819], [-83.83937885792092, 40.89302339481734], [-83.84099281071411, 40.891604282679985], [-83.84256556223643, 40.88914853435544], [-83.84507580285648, 40.887363641725614], [-83.84701119843227, 40.8863984268022], [-83.8491211351265, 40.886005704926724], [-83.85155276797616, 40.88606691357332], [-83.85295927125311, 40.88707314525847]]], [[[-83.63959209306168, 40.906156526481254], [-83.64105023628342, 40.904512862460166], [-83.6428244968333, 40.903208513696896], [-83.64400871324112, 40.90237732760011], [-83.6453531187772, 40.901773386117945], [-83.64610330101398, 40.901527444934], [-83.6478020901622, 40.902299468264935], [-83.64952216354308, 40.903647391828734], [-83.65052185984769, 40.906047555151005], [-83.65104086826487, 40.90776596256869], [-83.65070041822368, 40.910885303032316], [-83.64928061507098, 40.913565734095926], [-83.6481344985661, 40.915433621423745], [-83.64742239075271, 40.91671622798036], [-83.64580388304076, 40.91813270131169], [-83.64392417162318, 40.92070721214937], [-83.64341035150964, 40.923253696216335], [-83.64198577192813, 40.92581883245643], [-83.64084772641078, 40.92791699891787], [-83.63925422260728, 40.93002446952425], [-83.63793037022411, 40.93120424420495], [-83.63629864020258, 40.93227502474635], [-83.63464150210528, 40.93265468466444], [-83.63324993729063, 40.931991478378386], [-83.63217888626001, 40.93178279486449], [-83.6311120619496, 40.93168928490391], [-83.63060602818705, 40.930316371836525], [-83.63042891679677, 40.92962836669384], [-83.63009579621908, 40.928828271833495], [-83.6311203741468, 40.927769956639374], [-83.63228826616563, 40.926478167810544], [-83.63269296205519, 40.92508667272202], [-83.63311453390908, 40.924155909794976], [-83.63321563822659, 40.92277060625699], [-83.63270540577709, 40.92128250903909], [-83.63278540257355, 40.91932128228797], [-83.63316893227886, 40.91735385669545], [-83.6336661929428, 40.91434666774253], [-83.63474930650884, 40.9107511467293], [-83.6373836013766, 40.90804606070498], [-83.63959209306168, 40.906156526481254]]], [[[-83.68748830892338, 40.915886843420196], [-83.69057538993289, 40.917205654408164], [-83.69305983779148, 40.91865226452413], [-83.6949286498132, 40.91988116486449], [-83.69618610369842, 40.92100756664985], [-83.69699692921964, 40.922373855646185], [-83.69765600704682, 40.92374331773645], [-83.69681893033048, 40.92572047915384], [-83.69471990672398, 40.92645605185064], [-83.69305458381888, 40.926606158811644], [-83.69169282717205, 40.92674989846497], [-83.69017495906148, 40.9267816114856], [-83.68635440907114, 40.926169719546046], [-83.68475897919944, 40.924128090839616], [-83.68422608155184, 40.92206430283201], [-83.68441329951969, 40.918948054570265], [-83.68494280953978, 40.91686211556092], [-83.68564991016714, 40.915464102758044], [-83.68748830892338, 40.915886843420196]]], [[[-83.4519526407953, 40.939086772493255], [-83.4497221718657, 40.940512673083106], [-83.44746421482819, 40.941131910301586], [-83.4451827579961, 40.94105971535989], [-83.44365657970633, 40.94085791908444], [-83.44165928786205, 40.94020376688967], [-83.44012143479321, 40.93965623010024], [-83.43932716756055, 40.93863344660299], [-83.43741167040488, 40.935902184228794], [-83.43613865085952, 40.934196555079154], [-83.43564425067326, 40.933052797718446], [-83.43530168349517, 40.93190618228925], [-83.43645000500845, 40.92992437839644], [-83.43828714267384, 40.925854073446686], [-83.44013966505614, 40.92224466136681], [-83.44111638688885, 40.919689491860794], [-83.44227995307652, 40.918168548637226], [-83.44194125259892, 40.91713717323806], [-83.44234585522126, 40.91563054229368], [-83.44320577166793, 40.914115313420425], [-83.44408518240334, 40.913176246750275], [-83.44692197191983, 40.91173894328165], [-83.44872757580359, 40.911243553774824], [-83.45304657115722, 40.90874026351818], [-83.45588299195202, 40.907302742885996], [-83.45812011997505, 40.90610716005067], [-83.45963770857787, 40.90607830861359], [-83.46133459825558, 40.90685318799904], [-83.4622766520529, 40.907757726416236], [-83.46307484191752, 40.9088956149249], [-83.46326205048854, 40.90992982778929], [-83.46133012620245, 40.91561671951055], [-83.4593428306497, 40.91969029545151], [-83.45810249797522, 40.923403709827326], [-83.45814573326578, 40.92467126876324], [-83.45760140857466, 40.92652652403825], [-83.45559787239927, 40.930139076140435], [-83.45477728162183, 40.93280669639114], [-83.45407313174925, 40.934434340396834], [-83.45352077364497, 40.93605910010013], [-83.45310844943694, 40.9373352827226], [-83.4519526407953, 40.939086772493255]]], [[[-83.57722604740609, 40.966779376624814], [-83.5779286365704, 40.9694164474586], [-83.57858579628346, 40.97078651302175], [-83.57862300975887, 40.971823146193366], [-83.57792555960638, 40.97356600825737], [-83.57529881190727, 40.976615191769326], [-83.57366090532878, 40.97756989932832], [-83.57214186391417, 40.977600114611974], [-83.57047916008604, 40.97786369151916], [-83.56862335258427, 40.97697844913001], [-83.56554415682751, 40.975886918477556], [-83.5639758213671, 40.97453485187312], [-83.56087628207752, 40.97286729064939], [-83.55808067429759, 40.97119364221672], [-83.55588865403162, 40.969392745759464], [-83.55491590647188, 40.96768300531882], [-83.55484219883371, 40.96560971784069], [-83.55535551388296, 40.96294851647311], [-83.5560329452723, 40.96062985679963], [-83.5578143599161, 40.959442008917755], [-83.55914422827142, 40.95837833008507], [-83.56076956718701, 40.95707825692555], [-83.56164787862913, 40.956138749597265], [-83.56268623588363, 40.95542659333279], [-83.56310072345195, 40.95426573244714], [-83.56180788918283, 40.95210131208978], [-83.5601909349052, 40.94936696624948], [-83.55905012173392, 40.94719950277407], [-83.55853721079009, 40.94559593451275], [-83.55831978660304, 40.94375598711775], [-83.55944420254583, 40.941197894521295], [-83.56092551569884, 40.94013117619574], [-83.56252986046628, 40.938255136534515], [-83.56383870658497, 40.936615463402816], [-83.5645032664853, 40.9339511541009], [-83.56510201723198, 40.929443868851365], [-83.5666319799783, 40.92549441515651], [-83.56951956089385, 40.921287408162726], [-83.57185739019314, 40.91870500921067], [-83.57361270881056, 40.91682576986927], [-83.57479386837686, 40.915880091488205], [-83.57613501609201, 40.915161747688884], [-83.5781327623539, 40.91581351215199], [-83.5798352754039, 40.9167016768863], [-83.58094728820149, 40.91806269029818], [-83.5818054386495, 40.92081198765503], [-83.58239733303697, 40.92460400994593], [-83.58234900329808, 40.9274866747314], [-83.5822882539218, 40.93002377865977], [-83.58188251123214, 40.931415097023255], [-83.58123519582762, 40.93454024674971], [-83.58009515652374, 40.93663781990396], [-83.5804815013602, 40.938935443796154], [-83.58097418873659, 40.939963006243424], [-83.58259174712454, 40.94269709154306], [-83.58418457828661, 40.94474004829447], [-83.58484577079086, 40.94622528827168], [-83.58476023418656, 40.94807125865041], [-83.58408389330567, 40.95039010363272], [-83.58248399314972, 40.95238159809379], [-83.58175372501532, 40.953203045389955], [-83.58058443234182, 40.95449431411301], [-83.57941096061414, 40.95567038733768], [-83.57765894267102, 40.95766483899381], [-83.57694508613562, 40.958946983926765], [-83.57608759719473, 40.96046251408126], [-83.57619085077721, 40.96334207307731], [-83.57722604740609, 40.966779376624814]]], [[[-83.46045026650778, 40.96974144048234], [-83.45888021081346, 40.96827281216216], [-83.45671840830879, 40.96727640426107], [-83.45501624559016, 40.96638652624242], [-83.4533023516884, 40.965151065523706], [-83.4530759028807, 40.96296539968766], [-83.45299349104383, 40.9605464872605], [-83.45472954057502, 40.95797793284526], [-83.45752847473125, 40.95538922363861], [-83.46019502468496, 40.953379257115735], [-83.46245314327797, 40.952760116611124], [-83.4669495238294, 40.950945773161905], [-83.47344735234435, 40.94989993661285], [-83.47630469257659, 40.9490385751476], [-83.47795911830093, 40.94854592323448], [-83.48070023273753, 40.94872403769952], [-83.4834135408772, 40.94809578407061], [-83.48613077844398, 40.94758265517725], [-83.48882009279113, 40.94626315913381], [-83.49060626829807, 40.94519148327683], [-83.49221662297455, 40.94343157994651], [-83.49430633019526, 40.94235400697933], [-83.49528526252818, 40.93991462490796], [-83.49718302697819, 40.93768805229017], [-83.49927648291136, 40.936725574927976], [-83.50168953617026, 40.936217946847734], [-83.50365512836852, 40.93594944720743], [-83.50564075883429, 40.936256849562774], [-83.50779829541587, 40.93713721339139], [-83.50953256706221, 40.93894785505445], [-83.51249360169165, 40.94108047284984], [-83.51390431085153, 40.94232100569785], [-83.51531104345318, 40.94344633494304], [-83.51656598823678, 40.94457459717716], [-83.5161910642923, 40.94688716096525], [-83.51684678103172, 40.948257586177135], [-83.516887083557, 40.94940944014704], [-83.51526915297562, 40.95093929545968], [-83.51319962088391, 40.952593151182526], [-83.51171327896793, 40.95354408322452], [-83.50870030217652, 40.95429403848984], [-83.50523569892805, 40.95516791131848], [-83.50175498614624, 40.95558094226045], [-83.49948511063462, 40.955855264193204], [-83.49664376505899, 40.9571779151869], [-83.4937663809639, 40.957463829407175], [-83.48860704504047, 40.95767823542078], [-83.48542985793124, 40.95808496447484], [-83.48300003488511, 40.95813151513088], [-83.48135732977919, 40.95896978993763], [-83.47930659850017, 40.96119897891461], [-83.47709196487331, 40.963085473190496], [-83.47534077198914, 40.96519360088647], [-83.47417325059664, 40.96659900323893], [-83.47345342255544, 40.96776533601854], [-83.47363698108443, 40.96868392091845], [-83.474264332646, 40.96924826051244], [-83.4761028515091, 40.96967422505567], [-83.47673816112135, 40.970468920964116], [-83.47253268430565, 40.97193226106398], [-83.46982624570836, 40.972790626008255], [-83.46755174057225, 40.97294915623117], [-83.46558102049089, 40.9731018721775], [-83.463921974319, 40.97347915870763], [-83.46235570020833, 40.97212576497297], [-83.46045026650778, 40.96974144048234]]], [[[-83.75016860931548, 41.053230634009694], [-83.74847379521401, 41.052690488512425], [-83.74687801497087, 41.05076506382587], [-83.74454414128984, 41.049431651191654], [-83.74082865641765, 41.04778180090682], [-83.73756949354592, 41.04612214461018], [-83.73446253212475, 41.04445917196896], [-83.73183821570528, 41.043477464193074], [-83.72876224351202, 41.042620524621974], [-83.7232581050619, 41.041930087900035], [-83.71654651157706, 41.04149537017542], [-83.71089490868174, 41.04092273897067], [-83.7064727511965, 41.04066983441163], [-83.70266312042737, 41.04051919605558], [-83.7001001971848, 41.04114917688307], [-83.69755457897647, 41.04223978437889], [-83.69565173409339, 41.04423899408316], [-83.69324931732312, 41.04509599040736], [-83.68992589117968, 41.04574161802322], [-83.68643739287336, 41.046044807181836], [-83.6841523235272, 41.04597709157033], [-83.68185863465582, 41.04567899124887], [-83.67940430107879, 41.04515366168068], [-83.67753667108576, 41.04403981330216], [-83.67658136372509, 41.042907022466224], [-83.67501362265172, 41.041671655896906], [-83.67253800366605, 41.04057032772202], [-83.67048852481145, 41.038653311887344], [-83.66783103842786, 41.036748826051834], [-83.66611156676151, 41.03551647884242], [-83.66485679775174, 41.03450503791821], [-83.66390611238356, 41.03348731023109], [-83.66207755205978, 41.03340976311323], [-83.660084148316, 41.032989802351366], [-83.65596673193922, 41.03272877150935], [-83.65081500887284, 41.033295654326885], [-83.64702292026425, 41.033603940583134], [-83.64444275115017, 41.03377204447777], [-83.6378802398275, 41.033214640329255], [-83.63209486161422, 41.03310209228771], [-83.62874188505084, 41.03293981708332], [-83.62523690084501, 41.032780535931046], [-83.62232317999022, 41.032148122310815], [-83.61952787912115, 41.0305911638796], [-83.61826127044998, 41.02923370918039], [-83.61804619098494, 41.02750917094501], [-83.61935541292998, 41.0258690126271], [-83.62311349958131, 41.02464020209799], [-83.62642809696604, 41.02376606475684], [-83.63019439083266, 41.022767379887625], [-83.63184104294558, 41.02204228801842], [-83.63423918828491, 41.02107133122848], [-83.63602081788065, 41.01988238335463], [-83.63729981668712, 41.017435796184074], [-83.63761175289412, 41.01351053921266], [-83.63731153076385, 41.009482507648706], [-83.63774574329113, 41.00474789247724], [-83.63885549453622, 41.00184365925687], [-83.64057294388445, 40.99892697523753], [-83.64173762374405, 40.9975199875957], [-83.64334110303251, 40.99564294708078], [-83.64481379308819, 40.994344881453536], [-83.64659879739301, 40.9932709218065], [-83.64807987991803, 40.99220316845226], [-83.64958219029724, 40.99171128261858], [-83.6513925985458, 40.99132831363385], [-83.65322855176456, 40.991636380694175], [-83.65617497053724, 40.993189483419386], [-83.65791455442903, 40.99499790489966], [-83.65920267292371, 40.996930868316035], [-83.65955782069193, 40.99830672421467], [-83.660437202872, 41.001515990993326], [-83.66134231468295, 41.00541628210487], [-83.66198207705591, 41.010359394514026], [-83.66300514579281, 41.013335118671094], [-83.66451422743671, 41.01710763315263], [-83.66495094107093, 41.02067174109534], [-83.66639601835975, 41.0227166120526], [-83.66741946134094, 41.025692270221214], [-83.67026036959709, 41.024365653098194], [-83.67280146389461, 41.02316043633931], [-83.67473018073008, 41.02185259463456], [-83.67638064316407, 41.02124206418657], [-83.67787477810481, 41.02051949218881], [-83.67937318785869, 41.01991207416409], [-83.68074112217325, 41.01988366030464], [-83.68287764186796, 41.02006977579398], [-83.68517911423749, 41.02059820811312], [-83.68902218383673, 41.0216707844093], [-83.6934820266193, 41.02296088637895], [-83.6965436762301, 41.023473226734325], [-83.69975737214025, 41.0239823068135], [-83.7032490405709, 41.02379389705691], [-83.70609788225421, 41.02269677343763], [-83.70953718650814, 41.021126117628306], [-83.71206439114313, 41.01957455062284], [-83.71376609296875, 41.0163113496872], [-83.71535058507665, 41.01397269677121], [-83.71752975198571, 41.01127568459798], [-83.71839787428539, 41.01010472898915], [-83.71972186720546, 41.00892414492812], [-83.72105456491131, 41.00797389033012], [-83.72240473512119, 41.00748431072106], [-83.72523506915445, 41.005926028105975], [-83.7283735745501, 41.00447641320083], [-83.73154269439357, 41.003832922788064], [-83.73486370846874, 41.0031861219068], [-83.73710779288547, 41.00221632197157], [-83.73951257407394, 41.00147359197091], [-83.74128306208516, 41.0000527187605], [-83.74350930166234, 40.99862209485718], [-83.74632995579914, 40.99683294418227], [-83.74930681991395, 40.995155653476935], [-83.75230125195557, 40.99393898203795], [-83.75516580769774, 40.99330135523754], [-83.75834304299752, 40.99288749438397], [-83.76198046920295, 40.99257894085555], [-83.76456325991573, 40.99252347736173], [-83.76622557533298, 40.992257213137655], [-83.7695902672991, 40.992761173551415], [-83.77174848659706, 40.99352157775221], [-83.77254828447553, 40.994541764521735], [-83.77273144379609, 40.99534469959755], [-83.77261519566026, 40.996269355630275], [-83.77175262918813, 40.99755589740741], [-83.77041637414297, 40.99839155726073], [-83.76895041807916, 40.999806333934266], [-83.7666528292493, 41.00331377059805], [-83.76459220849738, 41.00508705649978], [-83.76267010812047, 41.00651152939493], [-83.76154772828357, 41.00895621071496], [-83.75941030884663, 41.012690563551615], [-83.75753669132399, 41.01538182261496], [-83.75668247178584, 41.0168985677603], [-83.75660588663708, 41.01885971879697], [-83.75665911115794, 41.02024176200008], [-83.75776297808862, 41.02125550945464], [-83.7601948547037, 41.021203396664966], [-83.76369067099459, 41.02112839803644], [-83.76669933892288, 41.02025691068276], [-83.76987329100851, 41.019727585843505], [-83.77488905000268, 41.015700495027176], [-83.77859909224024, 41.01331510727433], [-83.78216586423746, 41.01116322734334], [-83.78601392253222, 41.008428805168556], [-83.78870436767069, 41.00721782985769], [-83.79156913977582, 41.006579345345095], [-83.79443385887762, 41.00594079209505], [-83.79703513182591, 41.00634531031243], [-83.79873369448227, 41.00699995937495], [-83.80077227706867, 41.008569321124945], [-83.8029538939275, 41.00990499487649], [-83.80481359758625, 41.010786581669535], [-83.80622195983692, 41.01179325953211], [-83.80776425304177, 41.0123359255873], [-83.81062453611676, 41.011581819543096], [-83.8133146718334, 41.01037029553201], [-83.81660802956708, 41.009030222567105], [-83.8193161178176, 41.00827923750121], [-83.82189036265181, 41.00799220289387], [-83.82387038955594, 41.00806397760328], [-83.82598417864332, 41.00767170333771], [-83.82948834858539, 41.00782512484612], [-83.8330016587795, 41.00820878061011], [-83.83607739559696, 41.00906307088809], [-83.83960909921863, 41.0099072048041], [-83.8425330285402, 41.01076468737446], [-83.8446742856058, 41.01106309078964], [-83.84831228331626, 41.010751925931864], [-83.8513286128969, 41.01010864621306], [-83.85388440338816, 41.009360255778745], [-83.8561270169589, 41.00838823641312], [-83.8588070169608, 41.00694535532458], [-83.86012393767408, 41.00564805455769], [-83.8602205996224, 41.00426265920134], [-83.85972328966224, 41.00323630554029], [-83.85907404887719, 41.00221333302582], [-83.85595233108252, 41.00020794748353], [-83.85423960037261, 40.999208592827486], [-83.85266047812858, 40.99774515773598], [-83.85137610385381, 40.99604461291111], [-83.85071328043193, 40.99467607018692], [-83.85005966325075, 40.99353786237049], [-83.84907468947644, 40.99171537191164], [-83.84871579318565, 40.99034007071185], [-83.84837984517564, 40.98954061920852], [-83.84971039541577, 40.988588914744525], [-83.85285009150058, 40.98725118481151], [-83.8564499953083, 40.98601840061771], [-83.86002674072539, 40.98420965519296], [-83.86254920641785, 40.982654864608946], [-83.86462047560818, 40.98122536336753], [-83.86635093799276, 40.97888124652711], [-83.86870269659062, 40.97686902982173], [-83.87110980353684, 40.97623881335354], [-83.87380212579747, 40.97514106047445], [-83.87546360018423, 40.974873278667275], [-83.87742882939104, 40.97459865988002], [-83.87909027665198, 40.97433082776062], [-83.88050825820235, 40.975567011234986], [-83.8810103190374, 40.97670848052731], [-83.88196342667096, 40.977724538520484], [-83.8831752708912, 40.981386082292104], [-83.88496233660747, 40.98422775188348], [-83.88685495159555, 40.98591427747712], [-83.88767962299966, 40.98750954780087], [-83.8889693872908, 40.989324884016334], [-83.89051182887334, 40.98986650046521], [-83.89221087269378, 40.99051983990609], [-83.89491009246673, 40.993340782836604], [-83.89619082188027, 40.99492569699228], [-83.89687789036418, 40.996869827912995], [-83.89756966718687, 40.99892911978879], [-83.89871263624512, 41.00086292732306], [-83.89940450789418, 41.00292218126993], [-83.90040031995677, 41.00497455603762], [-83.90064109624853, 41.00715926975692], [-83.8999748065906, 41.00947976221747], [-83.8991051046136, 41.01053686226242], [-83.89871930258579, 41.012274645986786], [-83.8977302734943, 41.01414132412155], [-83.89717376268618, 41.015421870477034], [-83.89693519157834, 41.01704104487299], [-83.89353301185913, 41.01942322519319], [-83.89084393434534, 41.02063653822107], [-83.8884540810414, 41.02172778319971], [-83.88574621838133, 41.022480320734644], [-83.88301970924707, 41.02277213672715], [-83.8780133180956, 41.02311502977664], [-83.87255553140389, 41.02358308274134], [-83.8656100618354, 41.024890976774415], [-83.86137724364781, 41.02556170871439], [-83.85865511566155, 41.025968136198514], [-83.85607575054263, 41.02614079037008], [-83.85440376664816, 41.02617795900371], [-83.85258897462334, 41.026448812083856], [-83.85060838957826, 41.02637751285866], [-83.84707112001298, 41.02541854796104], [-83.84459791624325, 41.024435924197626], [-83.84135566217819, 41.02323972485807], [-83.83781868258995, 41.022280484655596], [-83.83307501652321, 41.02157828687846], [-83.8263738074435, 41.02138003829179], [-83.81879247683918, 41.02200758915432], [-83.81334343758864, 41.02270328476405], [-83.80970465125274, 41.02301338706982], [-83.80743378351632, 41.023293520843964], [-83.80547592242678, 41.02379731625517], [-83.80427801717647, 41.024284509644], [-83.80339763269484, 41.02511056876298], [-83.80328174372733, 41.02603522535454], [-83.80164582242662, 41.026993001733516], [-83.79974190926283, 41.02887871527399], [-83.79781086229225, 41.030073389719476], [-83.7966803392109, 41.03228801924314], [-83.79502617610933, 41.03278503083994], [-83.79351051257383, 41.032933215914355], [-83.79276391991668, 41.03329522046694], [-83.79156126493199, 41.033667116029406], [-83.7909891418521, 41.03460164876512], [-83.79072554140238, 41.03564475164945], [-83.78878516790239, 41.036608939939086], [-83.78701022902834, 41.03791530624691], [-83.78537379954156, 41.038872852438054], [-83.78465848428407, 41.04004097646879], [-83.78148818812662, 41.04068585208988], [-83.77743691901452, 41.04215650182632], [-83.7750579273545, 41.04359097343021], [-83.77340333670546, 41.04408768299852], [-83.77174872219531, 41.044584369626996], [-83.77042939329226, 41.045880662491314], [-83.76986134116824, 41.046930253337734], [-83.76791144555398, 41.04766376171371], [-83.76671731382922, 41.04826573909492], [-83.76341666099574, 41.04948923658624], [-83.76074189707748, 41.05116027602438], [-83.75836224669645, 41.052594407247526], [-83.75623782061155, 41.05275514322356], [-83.7535184315058, 41.05327434555372], [-83.75154603691544, 41.053431748191926], [-83.75016860931548, 41.053230634009694]]], [[[-83.52132886387712, 41.0327712692], [-83.51933633936545, 41.03234897097608], [-83.51611552545849, 41.031604708040305], [-83.513983132561, 41.03153080294423], [-83.5121547955647, 41.03145097157735], [-83.51094261529019, 41.03158969825264], [-83.50955024341569, 41.030925108559835], [-83.50692563881404, 41.02982329831546], [-83.50310501798943, 41.02932079065157], [-83.50156074771608, 41.02865903994385], [-83.50047657014625, 41.028103659616605], [-83.50147254487096, 41.02612511247], [-83.5023485358337, 41.02507091596113], [-83.50475663869027, 41.02433290788971], [-83.5079408112931, 41.0240408728134], [-83.51066088219628, 41.023527224461], [-83.51325307710302, 41.02370753101895], [-83.51507717814117, 41.02367216773711], [-83.51706539045566, 41.023979361166646], [-83.51891372539683, 41.02463500925103], [-83.52000203702747, 41.025305402577914], [-83.5226105008632, 41.02594621898008], [-83.52658714175303, 41.026560322115394], [-83.52945918599637, 41.02604328589337], [-83.53188327178049, 41.02576544502769], [-83.5338594297802, 41.025726826798895], [-83.53520721051987, 41.02512418419264], [-83.53689966850503, 41.025667350596734], [-83.539220565839, 41.026774466520365], [-83.54091717114177, 41.027432752831025], [-83.54399012112503, 41.02829451434344], [-83.5461387814904, 41.02882859410977], [-83.54738353023805, 41.0296109262177], [-83.54771617665942, 41.030411184972465], [-83.54806926729803, 41.031787325260275], [-83.55023852327642, 41.0328972126525], [-83.55211607279251, 41.034358578842145], [-83.55383347407475, 41.035592559254454], [-83.55465101882608, 41.03719003407725], [-83.5547043026401, 41.0386873193544], [-83.55474529178878, 41.039839076052274], [-83.55309330657963, 41.040447924016846], [-83.55036060890366, 41.040617000336155], [-83.54608702715257, 41.04024001844393], [-83.5430420734812, 41.04018455071466], [-83.5393726570511, 41.03968021814631], [-83.53815224434528, 41.039588866455055], [-83.53585533607718, 41.039172798910265], [-83.5340145780754, 41.03874777202134], [-83.5316771198047, 41.037179859186395], [-83.52966006322157, 41.03606667357304], [-83.52735521794241, 41.03542008855027], [-83.52549031415802, 41.034303867625894], [-83.52394571701747, 41.0336424075221], [-83.52132886387712, 41.0327712692]]], [[[-83.59057052320338, 41.041778165281926], [-83.59002055646519, 41.04340277675401], [-83.58959351291057, 41.04421812330655], [-83.58885404195632, 41.04480920325092], [-83.58658987366769, 41.04531550034303], [-83.58369256845181, 41.04514285130379], [-83.58063079748409, 41.04462764065024], [-83.57771698542764, 41.043994149942485], [-83.57449912852054, 41.04336663520728], [-83.57219361804653, 41.04272091496998], [-83.56896350230942, 41.04174772672528], [-83.56650193463442, 41.04098973753991], [-83.56464447662876, 41.040104480321425], [-83.56367462644292, 41.03851008689657], [-83.56494830957801, 41.03583395581167], [-83.56627542603577, 41.034655090473436], [-83.56807506370497, 41.03392786754291], [-83.57264417538944, 41.034067675723875], [-83.57506423651856, 41.03367378877496], [-83.57718435237268, 41.03340108220807], [-83.57978951394506, 41.03392547623879], [-83.58130565187442, 41.033779990898786], [-83.58300283193053, 41.034437678591324], [-83.58576010721595, 41.03495890840062], [-83.58745320541877, 41.035501357620475], [-83.58901923437938, 41.03673787304654], [-83.5898168211806, 41.03775923382093], [-83.59033114703696, 41.039362547926224], [-83.59057052320338, 41.041778165281926]]], [[[-83.66048770175519, 41.090190580984675], [-83.65898335223103, 41.090682824510274], [-83.6577790007931, 41.09105356545441], [-83.65625321769784, 41.09096977039642], [-83.65533176115511, 41.09075820275081], [-83.65424105836182, 41.090088961099376], [-83.65235973505631, 41.08862897678546], [-83.6501742074164, 41.08717522556786], [-83.64923148526258, 41.08638760299505], [-83.64875373303694, 41.08582098632951], [-83.64841532998058, 41.084905632774436], [-83.65048975198916, 41.08336417571632], [-83.65239486288804, 41.08136500828818], [-83.6540127119886, 41.079832889452526], [-83.65533479795039, 41.0785374284283], [-83.65799166355313, 41.07629206529602], [-83.6597528152416, 41.074526316409326], [-83.66123108823564, 41.073342843229575], [-83.66272646516516, 41.07262016014282], [-83.66392188596576, 41.072018959500596], [-83.66558219243188, 41.07163869779245], [-83.66742036566, 41.071946472865164], [-83.66881512719671, 41.072609293653564], [-83.6694450631402, 41.07317268015407], [-83.66920533663043, 41.07490702208752], [-83.66744441774036, 41.07667290907182], [-83.66674396691326, 41.078301500233025], [-83.66618272339025, 41.07958132839654], [-83.66492521538846, 41.082604929138355], [-83.66438965618508, 41.084575951750075], [-83.6635154587894, 41.08563165839878], [-83.66279766474224, 41.08679941103262], [-83.66196629865968, 41.08900711343136], [-83.66048770175519, 41.090190580984675]]], [[[-83.47497355529772, 41.144533522148116], [-83.47345079251515, 41.14456248205102], [-83.47204857184983, 41.14366717891374], [-83.47108734549664, 41.142302507509235], [-83.4710476972857, 41.1411508167618], [-83.47441885496808, 41.13728366616668], [-83.47711183967883, 41.13584946946654], [-83.48010921913927, 41.13440940407621], [-83.48371945936893, 41.13307280089907], [-83.4867046079145, 41.13128705870953], [-83.49045081256777, 41.12948665898777], [-83.49361988299792, 41.128619180648016], [-83.49679688767186, 41.127981957161616], [-83.49966133545033, 41.12712016730473], [-83.50131185906632, 41.126396927209484], [-83.49970145508865, 41.128271861961736], [-83.49887224352247, 41.1307079844212], [-83.49935705834142, 41.1315053858337], [-83.49924091504852, 41.132544835355326], [-83.50017848679514, 41.13321827920467], [-83.50140854122537, 41.13354034804449], [-83.50071150694465, 41.13539769905399], [-83.50184155527249, 41.13721988452234], [-83.5016133352613, 41.13941394615106], [-83.50045944002828, 41.141280078256564], [-83.49943769632033, 41.142567428100186], [-83.49748623863996, 41.143411651964904], [-83.4952021455456, 41.14345551241726], [-83.4923209584281, 41.14385651131448], [-83.48883063762484, 41.1442691005907], [-83.48487945838, 41.144575149363774], [-83.48168564465097, 41.14475137483813], [-83.47924524166538, 41.14468266891409], [-83.47680881817207, 41.144729082057566], [-83.47497355529772, 41.144533522148116]]], [[[-83.60483581287447, 41.15386329375084], [-83.60296643822588, 41.152748381773044], [-83.60229031237525, 41.15091799693762], [-83.60193133990806, 41.14942698238043], [-83.60173721484118, 41.14827839980722], [-83.60183091427116, 41.14666304398271], [-83.60342640380905, 41.14444127656834], [-83.60534727254442, 41.14278918259507], [-83.60833389680124, 41.141115598929396], [-83.61042780582844, 41.140036176509504], [-83.61297002107129, 41.13871717295353], [-83.61540194743272, 41.138552834821475], [-83.61737708968528, 41.13839768052856], [-83.61951712017472, 41.13858490691003], [-83.62180098601749, 41.138538683722864], [-83.6243935850984, 41.138601409152436], [-83.62759521949482, 41.138651718885264], [-83.62971413338062, 41.13826294324247], [-83.63304683242396, 41.13773419437318], [-83.6346962078256, 41.13700912938219], [-83.63879431479923, 41.13657988554852], [-83.6412431022371, 41.13687567982486], [-83.64414867150305, 41.13716209112579], [-83.64710111950586, 41.1387152300278], [-83.64913161347343, 41.14005667728696], [-83.65010061269321, 41.14153508830819], [-83.65216539505998, 41.14379778407291], [-83.65392149622713, 41.14595152549123], [-83.65626116335001, 41.14740175912224], [-83.65891404682037, 41.14907600998933], [-83.66172362720704, 41.15086222837733], [-83.66226619132742, 41.153156059139306], [-83.66339652486016, 41.154861535711504], [-83.6635916988706, 41.156010012378424], [-83.66383834468493, 41.15854041977487], [-83.66392412467579, 41.160843636381756], [-83.6639755954258, 41.16222556425861], [-83.66312177645757, 41.16385662651279], [-83.66076189781523, 41.16597965414146], [-83.65941245689388, 41.16658363859826], [-83.65746655042916, 41.16754560246166], [-83.65473760570785, 41.167947358018004], [-83.65107335459824, 41.16779197263046], [-83.64769671244163, 41.16716960176747], [-83.6437619252206, 41.1679415100043], [-83.63997512376767, 41.168595022344746], [-83.63623068291527, 41.17040002365517], [-83.63306994331735, 41.17150155373209], [-83.63142819361913, 41.17245689760851], [-83.62951135495875, 41.17422452897919], [-83.62896971182155, 41.176079467854514], [-83.62752665905832, 41.17829842681005], [-83.62606660544546, 41.18005672351469], [-83.62460647707798, 41.18181499994915], [-83.62298547273163, 41.183346020549514], [-83.62136017681075, 41.18476185738509], [-83.61956980148612, 41.185835271029134], [-83.6177625166601, 41.186448017453976], [-83.6162515086709, 41.18682426520608], [-83.61441471356206, 41.186630841305565], [-83.61193063965281, 41.18541323087535], [-83.60974717268356, 41.18407427263693], [-83.60848212534864, 41.18283204139414], [-83.60736528184171, 41.18147157031314], [-83.60652801850519, 41.179413994851686], [-83.60658809496462, 41.17687738687093], [-83.60665236097407, 41.174455935039376], [-83.60656848362119, 41.17215270375727], [-83.60727141871641, 41.17052511912357], [-83.60842710032509, 41.1687731692213], [-83.60975603804637, 41.167593948271], [-83.61047145070994, 41.166311825245934], [-83.61103451986418, 41.16503276601194], [-83.61205030742211, 41.16362932961554], [-83.61291374298506, 41.16222895484091], [-83.61269417830717, 41.160389426720684], [-83.61094320054214, 41.1583502714923], [-83.60906101382768, 41.156889969487864], [-83.60716632595344, 41.155084146586404], [-83.60483581287447, 41.15386329375084]]], [[[-83.58097472812673, 41.18107756410088], [-83.57810903129908, 41.18194125390622], [-83.57495511236176, 41.18327156920689], [-83.57300341337725, 41.184116991104425], [-83.57103926150707, 41.18461689562636], [-83.57000992609967, 41.18567447629354], [-83.56828481204003, 41.18858970909466], [-83.56652240156185, 41.19046845869737], [-83.56414212931202, 41.19212889797012], [-83.56009376525301, 41.1940526734035], [-83.55739198810177, 41.195258338855474], [-83.55528734427654, 41.19610646608656], [-83.55286555254156, 41.196615063804565], [-83.55074440449883, 41.19700246600647], [-83.54876742715862, 41.19715651790526], [-83.54708703222192, 41.19707423856264], [-83.54492491823407, 41.196309924274324], [-83.54257367409772, 41.1945120979875], [-83.54023072061227, 41.19294454705497], [-83.53865384705348, 41.191477225420826], [-83.53704849292966, 41.18920374449803], [-83.53621324167834, 41.18714569341374], [-83.53629630445022, 41.18518495200447], [-83.53607464166797, 41.18323015634704], [-83.53735616060881, 41.180669791226705], [-83.53835328488121, 41.178691178901936], [-83.53967545278805, 41.17728241535013], [-83.54202311586998, 41.17470113114558], [-83.54407819863329, 41.17247125632733], [-83.54541649416402, 41.17152307806344], [-83.54721584265101, 41.17068108359632], [-83.54780879043336, 41.170208472892014], [-83.54777193480561, 41.16917199754156], [-83.54694888639162, 41.16745947964313], [-83.54583351114375, 41.166098420524314], [-83.54485413969628, 41.16427370608434], [-83.54331052251462, 41.163727728015985], [-83.54009961941411, 41.16344484489304], [-83.53856013782553, 41.16301397030669], [-83.53656373158158, 41.16259200160223], [-83.53425865023752, 41.16206077903952], [-83.53100313115593, 41.160510835582706], [-83.5277518197897, 41.15907596766388], [-83.52543069673754, 41.158083911661194], [-83.52433617478022, 41.15729847218058], [-83.52485615865031, 41.15475298102525], [-83.52585732406678, 41.152889596696866], [-83.5277802925571, 41.15123875420957], [-83.53032450696706, 41.14992151111849], [-83.531831106293, 41.14943116513951], [-83.53334989304093, 41.1492862991158], [-83.53532552812055, 41.149132494456644], [-83.53884847152167, 41.14963988514432], [-83.54190643823303, 41.14992578669874], [-83.54388615986545, 41.1498870074145], [-83.54692778869628, 41.149712117529205], [-83.54977204779097, 41.14827331867956], [-83.55247621340789, 41.14718294377941], [-83.55563712509672, 41.14608351042953], [-83.55897899674684, 41.14578715049056], [-83.56384771594614, 41.14557577725052], [-83.56856413011486, 41.14536722242572], [-83.5731489216692, 41.145737330604305], [-83.57635913345817, 41.14601933527747], [-83.57893953535245, 41.145737545149565], [-83.58167634124766, 41.145567832530865], [-83.58440066872909, 41.145052562706965], [-83.58607152100636, 41.14490399446027], [-83.58794040831167, 41.146019176186456], [-83.58905629134149, 41.14737986692869], [-83.59018887800393, 41.14920120345459], [-83.59286523769084, 41.1515678940069], [-83.59463219670535, 41.15406797892288], [-83.5955105373325, 41.157277314868054], [-83.59528106699709, 41.15935635440629], [-83.5948950997219, 41.161323275833105], [-83.59254571024121, 41.163790457126076], [-83.59136470049977, 41.164851284344344], [-83.59002716899991, 41.16579997901559], [-83.58962435491173, 41.16730622242661], [-83.58983082763059, 41.16880029451755], [-83.58901680943137, 41.17158244478112], [-83.58879958696784, 41.17400693400184], [-83.58738025150457, 41.17691638601975], [-83.58546215547435, 41.17868330861045], [-83.58353564953998, 41.18021987463388], [-83.58097472812673, 41.18107756410088]]], [[[-83.51481441938081, 41.176959257376964], [-83.51623809994815, 41.1784298582105], [-83.51658323406221, 41.17957560046664], [-83.51663579875513, 41.1810727320999], [-83.51563801452677, 41.18305116043408], [-83.51415479951719, 41.18423227224684], [-83.51160093377376, 41.185318808774014], [-83.5089026803559, 41.18663855734447], [-83.50514979154059, 41.18832428520507], [-83.50136858933384, 41.18920374840104], [-83.49820082402415, 41.190186550797584], [-83.49561843958622, 41.19046659552094], [-83.49289166463033, 41.19097983178901], [-83.49091874540775, 41.1912480960185], [-83.48817591864643, 41.19130057001193], [-83.48509639875533, 41.19043748903046], [-83.48232170785698, 41.189568516920396], [-83.4800161566693, 41.189036264777265], [-83.47770268392864, 41.188273639279174], [-83.47464329873061, 41.18798611149055], [-83.47007211509411, 41.188072915296615], [-83.46656753314093, 41.18813934727369], [-83.46382085672552, 41.18807610132428], [-83.45969098061185, 41.18769320208473], [-83.45692066596709, 41.186938807701765], [-83.455088272215, 41.18685811540252], [-83.4524467942664, 41.185409753256096], [-83.44873101492377, 41.18375104948466], [-83.44455833272248, 41.18210080448066], [-83.44084683935394, 41.180557019205025], [-83.43863949185264, 41.178408786008326], [-83.43736201241893, 41.176704084593425], [-83.43670179613258, 41.175218309530536], [-83.43692047902445, 41.17267893572577], [-83.43820939880237, 41.17023477644793], [-83.43966621077038, 41.168248416758594], [-83.44222056174634, 41.16716339466822], [-83.44541551859143, 41.16698822179437], [-83.44831366193702, 41.167049025383534], [-83.45107128140579, 41.16745812775539], [-83.45385649599213, 41.16867333669564], [-83.4566536359956, 41.1702339806282], [-83.45958350389671, 41.17121584709225], [-83.46205248984312, 41.172091117252926], [-83.46435733290085, 41.17262372054218], [-83.4678611252269, 41.172557351498334], [-83.47118083812123, 41.17157244269791], [-83.4732817833973, 41.17061060522779], [-83.47534293380359, 41.16849706647711], [-83.47695493586694, 41.166622520716615], [-83.47884363737613, 41.16393598022563], [-83.47984617736702, 41.16207299419317], [-83.48144993917509, 41.15996804397078], [-83.48347862646591, 41.156933008692796], [-83.48554703244311, 41.15504960579245], [-83.48763529126637, 41.153742001597536], [-83.49035662958016, 41.153113700294256], [-83.4926370452427, 41.15295476518144], [-83.4946248778042, 41.153147132584756], [-83.49678906801502, 41.15402754551419], [-83.4983922574665, 41.156301629432306], [-83.49985127490335, 41.15880894944254], [-83.50098570091218, 41.16074627481496], [-83.50152297727834, 41.16304080852999], [-83.5023408220996, 41.16463847727616], [-83.50270977098302, 41.166475266995796], [-83.50412895347124, 41.16783085809071], [-83.50601323382975, 41.16940795384355], [-83.50867942097955, 41.171546147943324], [-83.51087261924624, 41.173232448038405], [-83.5122759589728, 41.174127276638906], [-83.51354718205333, 41.175600856779184], [-83.51481441938081, 41.176959257376964]]], [[[-83.6325438556196, 41.22763621973833], [-83.63229830994979, 41.22925458783421], [-83.63190453055482, 41.23099120404222], [-83.6307611147396, 41.23308875430263], [-83.62927456479589, 41.23415608068773], [-83.62810137956217, 41.23544751651191], [-83.62754651655926, 41.23695689057534], [-83.62467484518908, 41.237706494736116], [-83.62239190633113, 41.237867923393814], [-83.6207146485927, 41.237901829925896], [-83.61933812638937, 41.23781439931851], [-83.61744936652443, 41.236239169312675], [-83.61616636391614, 41.234536451349506], [-83.6145700690993, 41.23260955363772], [-83.61160590781961, 41.23082542382808], [-83.60941259896295, 41.229256197822465], [-83.60750750746826, 41.227220175374924], [-83.60500950433479, 41.225656993361035], [-83.60329900428313, 41.22476940426659], [-83.60166978883663, 41.22192106374057], [-83.60082382898156, 41.2196332028101], [-83.6000801315734, 41.21596038434214], [-83.60117813972661, 41.21259635813998], [-83.6027332858962, 41.20922313740682], [-83.60371217664533, 41.20678339633231], [-83.60508531255921, 41.20260707674217], [-83.60723282595183, 41.19876088504559], [-83.61033641172088, 41.196047829980195], [-83.61315602372764, 41.193916629969536], [-83.6161573136466, 41.19258840063425], [-83.6184176881762, 41.19185128722437], [-83.620089605043, 41.19170225196066], [-83.622853473464, 41.192222564542504], [-83.62471156874535, 41.192991654197414], [-83.62611256613117, 41.193769980449645], [-83.62704799184725, 41.194327241553346], [-83.62753474652051, 41.19512408387454], [-83.62774635813125, 41.19673321524787], [-83.62735265010886, 41.19846986353355], [-83.62725948022013, 41.20008517066907], [-83.62748379246231, 41.202039770284266], [-83.62771234860566, 41.20410952426074], [-83.62680202461202, 41.20839198780948], [-83.62583238803104, 41.21106222805628], [-83.62577299252365, 41.21359877398161], [-83.62689918408282, 41.21518935181515], [-83.62805082267602, 41.21747085688041], [-83.62906703789905, 41.22021606399778], [-83.63052371964595, 41.22249135151101], [-83.63167560116192, 41.22477280801004], [-83.63233203631185, 41.22602713813108], [-83.6325438556196, 41.22763621973833]]], [[[-83.51107755693943, 41.23130944156831], [-83.50972148200712, 41.23179655355085], [-83.50806044680678, 41.23228952780096], [-83.5066680624436, 41.23174017130431], [-83.50406400509779, 41.23144459257668], [-83.50236271199599, 41.23078589317602], [-83.50075362096045, 41.22839684253127], [-83.49884776752631, 41.22624393918158], [-83.49817771333761, 41.22452824070644], [-83.49644456176182, 41.222948168121796], [-83.49334749032298, 41.22162467710852], [-83.4905674319177, 41.22064075568495], [-83.4884012209716, 41.21976027742892], [-83.48684882403302, 41.21898327567506], [-83.48635554684431, 41.217955557876834], [-83.48723421128601, 41.21690163535458], [-83.48794442517072, 41.21538997245552], [-83.48834575079138, 41.21376896932728], [-83.48783250338954, 41.212165443911296], [-83.4867255714412, 41.21103421013209], [-83.48607593828085, 41.209894233763265], [-83.48708294878978, 41.20814642058389], [-83.48872354854285, 41.20707791590367], [-83.49038410195794, 41.206585199720124], [-83.49174381060067, 41.206213459001155], [-83.49356474508554, 41.205948105235194], [-83.49587497950726, 41.20659525299363], [-83.49683358704053, 41.20784449332576], [-83.4971865680152, 41.20922058745988], [-83.49709433502764, 41.21095093909819], [-83.49789257242418, 41.211972767923356], [-83.49944091926963, 41.212634470281415], [-83.50054005368072, 41.21353526245672], [-83.50119800498487, 41.214905479232364], [-83.50168746517713, 41.21581797733142], [-83.50373349188024, 41.21762243754864], [-83.50499728434846, 41.21886573368087], [-83.50642565221334, 41.220451560245635], [-83.50862438974444, 41.222252993621794], [-83.51037395734066, 41.224293529861775], [-83.51150168758653, 41.226000331746334], [-83.5126213948133, 41.22747680142714], [-83.51297479549545, 41.22885282644106], [-83.51270622784654, 41.22989515066758], [-83.51107755693943, 41.23130944156831]]], [[[-83.58156217333872, 41.23119612005562], [-83.57941935982943, 41.23100823208374], [-83.576341039243, 41.23026267484429], [-83.57250461774923, 41.22964729974642], [-83.56974789567134, 41.22935616168593], [-83.5665338144871, 41.22907399953322], [-83.56274703128437, 41.22984020431438], [-83.56004801166408, 41.23116105102173], [-83.55839558657055, 41.2318850351999], [-83.5570439504936, 41.23248783757207], [-83.5557046270965, 41.23343609724684], [-83.5546825444706, 41.234723818723396], [-83.55286107142372, 41.2349900926198], [-83.55116743165684, 41.234562400150054], [-83.55023617698997, 41.23411972562626], [-83.55043853864346, 41.231234795343006], [-83.55003514576998, 41.22847698494073], [-83.55043098139767, 41.22674063374556], [-83.54993259157335, 41.22559802523127], [-83.54914161742818, 41.22480687134206], [-83.54893176149407, 41.22319763997107], [-83.54826458032238, 41.221597375827464], [-83.5464975720436, 41.21909674887025], [-83.54353167289706, 41.217195763854924], [-83.54180582739424, 41.21584665622885], [-83.54083402561325, 41.21425230367661], [-83.54107758668, 41.21251894280389], [-83.54223975150849, 41.21088285044397], [-83.5434141312285, 41.20959222556348], [-83.54492194608801, 41.209101739660355], [-83.54705578914574, 41.209059924688894], [-83.5512038756175, 41.20990045496389], [-83.55306985896809, 41.21090095937744], [-83.55493589666995, 41.21190143401461], [-83.55695030110184, 41.21278371882693], [-83.56001527302637, 41.21318430466596], [-83.56350456816074, 41.21265451205891], [-83.56559723534085, 41.21146077475341], [-83.56768156808467, 41.210036681045366], [-83.56900787077235, 41.208742791147394], [-83.57124032600473, 41.20720045690231], [-83.5745602510956, 41.20621272118839], [-83.57701539029512, 41.206624966599435], [-83.57963542242373, 41.20737961031922], [-83.58136179813066, 41.20872818485778], [-83.58186889765034, 41.21010099712485], [-83.58193537342366, 41.21194353848046], [-83.5818286526337, 41.21321331627057], [-83.5802267143281, 41.215319512877656], [-83.57799834552746, 41.21697716181529], [-83.57712106806282, 41.218031747581286], [-83.57655693266678, 41.21931059193999], [-83.57691157251162, 41.22068643836269], [-83.5778552625965, 41.22147438545298], [-83.5794461166671, 41.2232866300068], [-83.58150271862506, 41.22532007149068], [-83.58292882993968, 41.22678982383858], [-83.58403760770345, 41.22792015640444], [-83.58437580196082, 41.22883534283688], [-83.58426494019744, 41.22998994796665], [-83.5836883627218, 41.230923342504475], [-83.58156217333872, 41.23119612005562]]], [[[-83.45931791917174, 41.29445874767778], [-83.46002581631065, 41.29283167097141], [-83.46089418501664, 41.291432065333794], [-83.46223614432837, 41.29048450728933], [-83.4646740037319, 41.29032294223571], [-83.46682640212367, 41.290743065814915], [-83.46821971168801, 41.291292862932615], [-83.47018389957938, 41.29067915456412], [-83.47156930861433, 41.29099854064418], [-83.47307562024154, 41.29039351083966], [-83.4747067384764, 41.28897924530702], [-83.47650628022767, 41.28802278607424], [-83.47892414197524, 41.28728500018973], [-83.4807474497634, 41.287019594311886], [-83.48210098941972, 41.28641736970738], [-83.48392027822439, 41.28603672917581], [-83.48440199172794, 41.28671907196463], [-83.48401987141322, 41.28891638312155], [-83.48406767912273, 41.29029861447051], [-83.48380627499634, 41.29157150767436], [-83.48308302564661, 41.292737984647864], [-83.48143209164814, 41.29357643121899], [-83.47947587460082, 41.29442069269986], [-83.4771905260543, 41.29457964046596], [-83.47551962563573, 41.29484207644957], [-83.47384077813103, 41.294874117757395], [-83.47248699869252, 41.29547624460982], [-83.47024517097121, 41.296902102122374], [-83.46934920569014, 41.29749547001641], [-83.46737690194362, 41.29787878948667], [-83.46540062298985, 41.298146890868274], [-83.46355720932978, 41.297836132601425], [-83.462175646978, 41.29763184181058], [-83.46139671536132, 41.29718558100182], [-83.45999939675602, 41.296520521639344], [-83.45936128931424, 41.29572579495306], [-83.45931791917174, 41.29445874767778]]], [[[-83.82587894602601, 41.3602631043845], [-83.82412798377969, 41.36237640586061], [-83.82269155495705, 41.364713305138075], [-83.82302443227434, 41.36539760100703], [-83.82336187528223, 41.36619706281133], [-83.82387489462099, 41.36756900334778], [-83.8234667378566, 41.368845906272576], [-83.8225911231505, 41.36990253502268], [-83.82250671619785, 41.37163339093433], [-83.82287609455788, 41.3732390159263], [-83.8243469214692, 41.37562731449519], [-83.82622601867602, 41.37673868967824], [-83.82890112362541, 41.37863938911621], [-83.83173374970656, 41.380651826506494], [-83.83394159650906, 41.38233217254331], [-83.83337615736339, 41.38349729543823], [-83.83265331547801, 41.38455061596355], [-83.83162483196072, 41.38561066189421], [-83.83030898078995, 41.387138084935906], [-83.82918702081801, 41.38969861187352], [-83.82939468928849, 41.39107722456345], [-83.82944954100098, 41.39245919771698], [-83.82922616321322, 41.39453887874151], [-83.82915560621781, 41.39661519363339], [-83.82966439818702, 41.3978719092947], [-83.83109024851952, 41.39910843842837], [-83.83223334657737, 41.40092749858834], [-83.8327742684172, 41.4029903389943], [-83.83413444568502, 41.406418288812205], [-83.83624991018982, 41.40959903627757], [-83.8358371506135, 41.41076077118979], [-83.83479457801126, 41.411475332435195], [-83.8335853765901, 41.41184776519868], [-83.83252445353469, 41.41210165741192], [-83.83069917496172, 41.41237236183726], [-83.82899932223332, 41.41194870292364], [-83.82669715449816, 41.41176878152611], [-83.82420562267318, 41.410670870955535], [-83.82183967823583, 41.40887857798065], [-83.81888519577434, 41.407675448987966], [-83.81682520592494, 41.40587635505644], [-83.81534944303976, 41.403372864611065], [-83.81431413758982, 41.40039866582915], [-83.81312608522393, 41.39742779214231], [-83.81347552828191, 41.39465381694431], [-83.81477826083696, 41.39278109395282], [-83.81697510576326, 41.39031245252641], [-83.81891169167137, 41.38900211527538], [-83.81917634562889, 41.38795893062151], [-83.8189871048619, 41.387040958062904], [-83.81833943465973, 41.3861330303863], [-83.81770088323745, 41.38545542949175], [-83.81659936984605, 41.38467269858446], [-83.81517862894017, 41.38355114899424], [-83.81405899703277, 41.38230773016841], [-83.81229641389268, 41.38027150107625], [-83.81093785098234, 41.376843227965686], [-83.81026620432775, 41.3714404000278], [-83.8113341050132, 41.367497998712324], [-83.81287379040963, 41.36389105395104], [-83.8162145337427, 41.35943776455784], [-83.81887304634276, 41.35707414437088], [-83.82170233846288, 41.35516778152351], [-83.82483238780935, 41.353139467192996], [-83.82680428242894, 41.352750307456574], [-83.82774809482751, 41.35342115884293], [-83.8285209184899, 41.35363469079002], [-83.82885380017348, 41.35431897724131], [-83.82859855820641, 41.35559255072085], [-83.82833873991304, 41.35675095417896], [-83.82745422445174, 41.3575772939294], [-83.82587894602601, 41.3602631043845]]]]}}]}