atlas_relationship_id,source_phase,source_artifact,local_relationship_id,source_local_endpoint_id,target_local_endpoint_id,source_atlas_entity_id,target_atlas_entity_id,source_system_id,target_system_id,native_source_system_label,native_target_system_label,normalized_relationship_class,endpoint_role_source,endpoint_role_target,source_join_level,target_join_level,evidence_class,documented_or_inferred,source_id,evidence_strength,confidence,uncertainty_id,directionality,spatial_scale,temporal_basis,scenario_status,inference_basis,uncertainty,suitable_for_visualization,suitable_for_qualitative_reasoning,suitable_for_stress_test_propagation,suitable_for_quantitative_aggregation,Atlas_use,caveat
AR-8B-BGD-001-4f2ae608,8B,data/processed/networks/biogeochemical_dependency_edges.csv,BGD-001,BGC-002,BGC-004,ENT-BIOGEOCHEMISTRY-BGC-002,ENT-BIOGEOCHEMISTRY-BGC-004,SYS-BIOGEOCHEMISTRY,SYS-BIOGEOCHEMISTRY,,,unresolved / unclassified,ecological entity,ecological entity,exact,exact,OBSERVED_DOCUMENTED,documented,bge_ohio_h2ohio,moderate,moderate,,unspecified_or_associative,field/HUC12,2026 baseline,BASELINE_DEPENDENCY,Input presence does not quantify export.,Local uncertainty/notes retained in source artifact.,YES,YES,QUALITATIVE_ONLY,NO,VISUALIZATION_AND_QUALITATIVE_REASONING,No defensible shared class is asserted; retain the local term and source lineage for later review. Local caveat: Input presence does not quantify export.
AR-8B-BGD-002-47afdeb4,8B,data/processed/networks/biogeochemical_dependency_edges.csv,BGD-002,BGC-004,BGC-005,ENT-BIOGEOCHEMISTRY-BGC-004,ENT-BIOGEOCHEMISTRY-BGC-005,SYS-BIOGEOCHEMISTRY,SYS-BIOGEOCHEMISTRY,,,material flow,ecological entity,ecological entity,exact,exact,OBSERVED_DOCUMENTED,documented,bge_usgs_3dhp,moderate,moderate,,directed_local_record,HUC12/HUC8,2026 baseline,BASELINE_DEPENDENCY,Connectivity is physical context; event transport varies.,Local uncertainty/notes retained in source artifact.,YES,YES,QUALITATIVE_ONLY,NO,VISUALIZATION_AND_QUALITATIVE_REASONING,"Material or freight relationships do not imply shipment quantity, exact route, capacity, or continuous flow. Local caveat: Connectivity is physical context; event transport varies."
AR-8B-BGD-003-c4267b7d,8B,data/processed/networks/biogeochemical_dependency_edges.csv,BGD-003,BGC-005,BGC-007,ENT-BIOGEOCHEMISTRY-BGC-005,ENT-BIOGEOCHEMISTRY-BGC-007,SYS-BIOGEOCHEMISTRY,SYS-BIOGEOCHEMISTRY,,,material flow,ecological entity,ecological entity,exact,exact,OBSERVED_DOCUMENTED,documented,bge_usgs_3dhp,high,high,,directed_local_record,river/bay,2026 baseline,BASELINE_DEPENDENCY,"Directional connection, no load magnitude.",Local uncertainty/notes retained in source artifact.,YES,YES,QUALITATIVE_ONLY,NO,VISUALIZATION_AND_QUALITATIVE_REASONING,"Material or freight relationships do not imply shipment quantity, exact route, capacity, or continuous flow. Local caveat: Directional connection, no load magnitude."
AR-8B-BGD-004-73d6ce64,8B,data/processed/networks/biogeochemical_dependency_edges.csv,BGD-004,BGC-007,BGC-009,ENT-BIOGEOCHEMISTRY-BGC-007,ENT-BIOGEOCHEMISTRY-BGC-009,SYS-BIOGEOCHEMISTRY,SYS-BIOGEOCHEMISTRY,,,material flow,ecological entity,ecological entity,exact,exact,OBSERVED_DOCUMENTED,documented,bge_epa_lake_erie,high,high,,directed_local_record,river/bay,2026 baseline,BASELINE_DEPENDENCY,Delivery can be modified by settling and mixing.,Local uncertainty/notes retained in source artifact.,YES,YES,QUALITATIVE_ONLY,NO,VISUALIZATION_AND_QUALITATIVE_REASONING,"Material or freight relationships do not imply shipment quantity, exact route, capacity, or continuous flow. Local caveat: Delivery can be modified by settling and mixing."
AR-8B-BGD-005-ab41d182,8B,data/processed/networks/biogeochemical_dependency_edges.csv,BGD-005,BGC-009,BGC-008,ENT-BIOGEOCHEMISTRY-BGC-009,ENT-BIOGEOCHEMISTRY-BGC-008,SYS-BIOGEOCHEMISTRY,SYS-BIOGEOCHEMISTRY,,,unresolved / unclassified,ecological entity,ecological entity,exact,exact,OBSERVED_DOCUMENTED,documented,bge_epa_lake_erie,high,high,,unspecified_or_associative,bay/lake,2026 baseline,BASELINE_DEPENDENCY,No plume or bloom footprint.,Local uncertainty/notes retained in source artifact.,YES,YES,QUALITATIVE_ONLY,NO,VISUALIZATION_AND_QUALITATIVE_REASONING,No defensible shared class is asserted; retain the local term and source lineage for later review. Local caveat: No plume or bloom footprint.
AR-8B-BGD-006-e4ceff95,8B,data/processed/networks/biogeochemical_dependency_edges.csv,BGD-006,BGC-001,BGC-004,ENT-BIOGEOCHEMISTRY-BGC-001,ENT-BIOGEOCHEMISTRY-BGC-004,SYS-BIOGEOCHEMISTRY,SYS-BIOGEOCHEMISTRY,,,ecological relationship,ecological entity,ecological entity,exact,exact,OBSERVED_DOCUMENTED,documented,bge_nass,moderate,moderate,,directed_local_record,field/HUC12,2026 baseline,BASELINE_DEPENDENCY,Landscape context not management behavior.,Local uncertainty/notes retained in source artifact.,YES,YES,QUALITATIVE_ONLY,NO,VISUALIZATION_AND_QUALITATIVE_REASONING,"Ecological relationships retain native scale and do not imply abundance, establishment, contact, infection, or risk. Local caveat: Landscape context not management behavior."
AR-8B-BGD-007-7e8ead46,8B,data/processed/networks/biogeochemical_dependency_edges.csv,BGD-007,BGC-010,BGC-007,ENT-BIOGEOCHEMISTRY-BGC-010,ENT-BIOGEOCHEMISTRY-BGC-007,SYS-BIOGEOCHEMISTRY,SYS-BIOGEOCHEMISTRY,,,ecological relationship,ecological entity,ecological entity,exact,exact,OBSERVED_DOCUMENTED,documented,bge_usfws_nwi,moderate,moderate,,directed_local_record,wetland/river,2026 baseline,BASELINE_DEPENDENCY,Function varies; removal unknown.,Local uncertainty/notes retained in source artifact.,YES,YES,QUALITATIVE_ONLY,NO,VISUALIZATION_AND_QUALITATIVE_REASONING,"Ecological relationships retain native scale and do not imply abundance, establishment, contact, infection, or risk. Local caveat: Function varies; removal unknown."
AR-8B-BGD-008-d42e46ee,8B,data/processed/networks/biogeochemical_dependency_edges.csv,BGD-008,BGC-011,BGC-007,ENT-BIOGEOCHEMISTRY-BGC-011,ENT-BIOGEOCHEMISTRY-BGC-007,SYS-BIOGEOCHEMISTRY,SYS-BIOGEOCHEMISTRY,,,unresolved / unclassified,ecological entity,ecological entity,exact,exact,OBSERVED_DOCUMENTED,documented,bge_nrscs,moderate,moderate,,unspecified_or_associative,reach/floodplain,2026 baseline,BASELINE_DEPENDENCY,No efficiency estimate.,Local uncertainty/notes retained in source artifact.,YES,YES,QUALITATIVE_ONLY,NO,VISUALIZATION_AND_QUALITATIVE_REASONING,No defensible shared class is asserted; retain the local term and source lineage for later review. Local caveat: No efficiency estimate.
AR-8B-BGD-009-87ec6ef6,8B,data/processed/networks/biogeochemical_dependency_edges.csv,BGD-009,BGC-012,BGC-005,ENT-BIOGEOCHEMISTRY-BGC-012,ENT-BIOGEOCHEMISTRY-BGC-005,SYS-BIOGEOCHEMISTRY,SYS-BIOGEOCHEMISTRY,,,physical flow,ecological entity,ecological entity,exact,exact,OBSERVED_DOCUMENTED,documented,bge_ohio_epa_npdes,limited,limited,,directed_source_to_target,municipal/HUC8,2026 baseline,BASELINE_DEPENDENCY,No outfall load.,Local uncertainty/notes retained in source artifact.,YES,YES,QUALITATIVE_ONLY,NO,VISUALIZATION_AND_QUALITATIVE_REASONING,"Physical direction does not add common units, effect size, or risk meaning. Local caveat: No outfall load."
AR-8B-BGD-010-f15b01c7,8B,data/processed/networks/biogeochemical_dependency_edges.csv,BGD-010,BGC-013,BGC-009,ENT-BIOGEOCHEMISTRY-BGC-013,ENT-BIOGEOCHEMISTRY-BGC-009,SYS-BIOGEOCHEMISTRY,SYS-BIOGEOCHEMISTRY,,,operational dependency,ecological entity,ecological entity,exact,exact,OBSERVED_DOCUMENTED,documented,bge_ohio_epa_npdes,high,high,,directed_local_record,facility/receiving water,2026 baseline,BASELINE_DEPENDENCY,Permit is not actual discharge.,Local uncertainty/notes retained in source artifact.,YES,YES,QUALITATIVE_ONLY,NO,VISUALIZATION_AND_QUALITATIVE_REASONING,"Dependency is not risk, failure probability, control proof, or causal effect. Local caveat: Permit is not actual discharge."
AR-8B-BGD-011-46862ea0,8B,data/processed/networks/biogeochemical_dependency_edges.csv,BGD-011,BGC-014,BGC-005,ENT-BIOGEOCHEMISTRY-BGC-014,ENT-BIOGEOCHEMISTRY-BGC-005,SYS-BIOGEOCHEMISTRY,SYS-BIOGEOCHEMISTRY,,,unresolved / unclassified,ecological entity,ecological entity,exact,exact,OBSERVED_DOCUMENTED,documented,bge_ncwqr,moderate,moderate,,unspecified_or_associative,station/HUC8,2026 baseline,BASELINE_DEPENDENCY,Temporal/spatial coverage varies.,Local uncertainty/notes retained in source artifact.,YES,YES,QUALITATIVE_ONLY,NO,VISUALIZATION_AND_QUALITATIVE_REASONING,No defensible shared class is asserted; retain the local term and source lineage for later review. Local caveat: Temporal/spatial coverage varies.
AR-8B-BGD-012-12a2fe58,8B,data/processed/networks/biogeochemical_dependency_edges.csv,BGD-012,BGC-014,BGC-008,ENT-BIOGEOCHEMISTRY-BGC-014,ENT-BIOGEOCHEMISTRY-BGC-008,SYS-BIOGEOCHEMISTRY,SYS-BIOGEOCHEMISTRY,,,unresolved / unclassified,ecological entity,ecological entity,exact,exact,OBSERVED_DOCUMENTED,documented,bge_noaa_hab,high,high,,unspecified_or_associative,station/lake,2026 baseline,BASELINE_DEPENDENCY,Monitoring does not create basin-wide estimate.,Local uncertainty/notes retained in source artifact.,YES,YES,QUALITATIVE_ONLY,NO,VISUALIZATION_AND_QUALITATIVE_REASONING,No defensible shared class is asserted; retain the local term and source lineage for later review. Local caveat: Monitoring does not create basin-wide estimate.
AR-8B-BGD-013-260f0099,8B,data/processed/networks/biogeochemical_dependency_edges.csv,BGD-013,BGC-017,BGC-001,ENT-BIOGEOCHEMISTRY-BGC-017,ENT-BIOGEOCHEMISTRY-BGC-001,SYS-BIOGEOCHEMISTRY,SYS-BIOGEOCHEMISTRY,,,operational dependency,ecological entity,ecological entity,exact,exact,OBSERVED_DOCUMENTED,documented,bge_ohio_h2ohio,moderate,moderate,,directed_local_record,regional/watershed,2026 baseline,BASELINE_DEPENDENCY,"Documented intervention, outcome not assumed.",Local uncertainty/notes retained in source artifact.,YES,YES,QUALITATIVE_ONLY,NO,VISUALIZATION_AND_QUALITATIVE_REASONING,"Dependency is not risk, failure probability, control proof, or causal effect. Local caveat: Documented intervention, outcome not assumed."
AR-8B-BGD-014-d0f4f4b7,8B,data/processed/networks/biogeochemical_dependency_edges.csv,BGD-014,BGC-017,BGC-010,ENT-BIOGEOCHEMISTRY-BGC-017,ENT-BIOGEOCHEMISTRY-BGC-010,SYS-BIOGEOCHEMISTRY,SYS-BIOGEOCHEMISTRY,,,operational dependency,ecological entity,ecological entity,exact,exact,OBSERVED_DOCUMENTED,documented,bge_ohio_h2ohio,limited,limited,,directed_local_record,wetland/watershed,2026 baseline,BASELINE_DEPENDENCY,Site-specific performance unknown.,Local uncertainty/notes retained in source artifact.,YES,YES,QUALITATIVE_ONLY,NO,VISUALIZATION_AND_QUALITATIVE_REASONING,"Dependency is not risk, failure probability, control proof, or causal effect. Local caveat: Site-specific performance unknown."
AR-8B-BGD-015-ee3fac8a,8B,data/processed/networks/biogeochemical_dependency_edges.csv,BGD-015,BGC-017,BGC-013,ENT-BIOGEOCHEMISTRY-BGC-017,ENT-BIOGEOCHEMISTRY-BGC-013,SYS-BIOGEOCHEMISTRY,SYS-BIOGEOCHEMISTRY,,,operational dependency,ecological entity,ecological entity,exact,exact,OBSERVED_DOCUMENTED,documented,bge_ohio_epa_npdes,moderate,moderate,,directed_local_record,facility/receiving water,2026 baseline,BASELINE_DEPENDENCY,Treatment capacity and actual load distinct.,Local uncertainty/notes retained in source artifact.,YES,YES,QUALITATIVE_ONLY,NO,VISUALIZATION_AND_QUALITATIVE_REASONING,"Dependency is not risk, failure probability, control proof, or causal effect. Local caveat: Treatment capacity and actual load distinct."
AR-8B-BGD-016-e16477e0,8B,data/processed/networks/biogeochemical_dependency_edges.csv,BGD-016,BGC-006,BGC-005,ENT-BIOGEOCHEMISTRY-BGC-006,ENT-BIOGEOCHEMISTRY-BGC-005,SYS-BIOGEOCHEMISTRY,SYS-BIOGEOCHEMISTRY,,,unresolved / unclassified,ecological entity,ecological entity,exact,exact,OBSERVED_DOCUMENTED,documented,bge_ncwqr,moderate,moderate,,unspecified_or_associative,station/river,2026 baseline,BASELINE_DEPENDENCY,One station is not the basin.,Local uncertainty/notes retained in source artifact.,YES,YES,QUALITATIVE_ONLY,NO,VISUALIZATION_AND_QUALITATIVE_REASONING,No defensible shared class is asserted; retain the local term and source lineage for later review. Local caveat: One station is not the basin.
AR-8B-BGD-017-29e6740b,8B,data/processed/networks/biogeochemical_dependency_edges.csv,BGD-017,BGC-004,BGC-007,ENT-BIOGEOCHEMISTRY-BGC-004,ENT-BIOGEOCHEMISTRY-BGC-007,SYS-BIOGEOCHEMISTRY,SYS-BIOGEOCHEMISTRY,,,material flow,ecological entity,ecological entity,exact,exact,OBSERVED_DOCUMENTED,documented,bge_epa_lake_erie,moderate,moderate,,directed_local_record,HUC12/river,2026 baseline,BASELINE_DEPENDENCY,Spring/event dependence is important; no seasonal load fabricated.,Local uncertainty/notes retained in source artifact.,YES,YES,QUALITATIVE_ONLY,NO,VISUALIZATION_AND_QUALITATIVE_REASONING,"Material or freight relationships do not imply shipment quantity, exact route, capacity, or continuous flow. Local caveat: Spring/event dependence is important; no seasonal load fabricated."
AR-8B-BGD-018-c7dddb5c,8B,data/processed/networks/biogeochemical_dependency_edges.csv,BGD-018,BGC-003,BGC-015,ENT-BIOGEOCHEMISTRY-BGC-003,ENT-BIOGEOCHEMISTRY-BGC-015,SYS-BIOGEOCHEMISTRY,SYS-BIOGEOCHEMISTRY,,,unresolved / unclassified,ecological entity,ecological entity,exact,exact,OBSERVED_DOCUMENTED,documented,bge_nrscs,limited,limited,,unspecified_or_associative,field/river,2026 baseline,BASELINE_DEPENDENCY,Bounded carbon context only.,Local uncertainty/notes retained in source artifact.,YES,YES,QUALITATIVE_ONLY,NO,VISUALIZATION_AND_QUALITATIVE_REASONING,No defensible shared class is asserted; retain the local term and source lineage for later review. Local caveat: Bounded carbon context only.
AR-8B-BGD-019-e9d193eb,8B,data/processed/networks/biogeochemical_dependency_edges.csv,BGD-019,BGC-015,BGC-009,ENT-BIOGEOCHEMISTRY-BGC-015,ENT-BIOGEOCHEMISTRY-BGC-009,SYS-BIOGEOCHEMISTRY,SYS-BIOGEOCHEMISTRY,,,material flow,ecological entity,ecological entity,exact,exact,OBSERVED_DOCUMENTED,documented,bge_epa_lake_erie,limited,limited,,directed_local_record,river/bay,2026 baseline,BASELINE_DEPENDENCY,No sediment budget.,Local uncertainty/notes retained in source artifact.,YES,YES,QUALITATIVE_ONLY,NO,VISUALIZATION_AND_QUALITATIVE_REASONING,"Material or freight relationships do not imply shipment quantity, exact route, capacity, or continuous flow. Local caveat: No sediment budget."
AR-8B-BGD-020-de4a45b9,8B,data/processed/networks/biogeochemical_dependency_edges.csv,BGD-020,BGC-018,BGC-013,ENT-BIOGEOCHEMISTRY-BGC-018,ENT-BIOGEOCHEMISTRY-BGC-013,SYS-BIOGEOCHEMISTRY,SYS-BIOGEOCHEMISTRY,,,operational dependency,ecological entity,ecological entity,exact,exact,OBSERVED_DOCUMENTED,documented,bge_ohio_epa_npdes,limited,limited,,directed_local_record,facility/regional,2026 baseline,BASELINE_DEPENDENCY,Potential control only.,Local uncertainty/notes retained in source artifact.,YES,YES,QUALITATIVE_ONLY,NO,VISUALIZATION_AND_QUALITATIVE_REASONING,"Dependency is not risk, failure probability, control proof, or causal effect. Local caveat: Potential control only."
AR-8B-BGD-021-ea049a99,8B,data/processed/networks/biogeochemical_dependency_edges.csv,BGD-021,BGC-008,BGC-016,ENT-BIOGEOCHEMISTRY-BGC-008,ENT-BIOGEOCHEMISTRY-BGC-016,SYS-BIOGEOCHEMISTRY,SYS-BIOGEOCHEMISTRY,,,ecological relationship,ecological entity,ecological entity,exact,exact,OBSERVED_DOCUMENTED,documented,bge_epa_lake_erie,high,high,,directed_local_record,lake,2026 baseline,BASELINE_DEPENDENCY,No bloom magnitude or toxicity forecast.,Local uncertainty/notes retained in source artifact.,YES,YES,QUALITATIVE_ONLY,NO,VISUALIZATION_AND_QUALITATIVE_REASONING,"Ecological relationships retain native scale and do not imply abundance, establishment, contact, infection, or risk. Local caveat: No bloom magnitude or toxicity forecast."
AR-8B-BGD-022-c56dacc0,8B,data/processed/networks/biogeochemical_dependency_edges.csv,BGD-022,BGC-005,BGC-010,ENT-BIOGEOCHEMISTRY-BGC-005,ENT-BIOGEOCHEMISTRY-BGC-010,SYS-BIOGEOCHEMISTRY,SYS-BIOGEOCHEMISTRY,,,ecological relationship,ecological entity,ecological entity,exact,exact,OBSERVED_DOCUMENTED,documented,bge_usgs_3dhp,high,moderate,,directed_local_record,river/wetland,2026 baseline,BASELINE_DEPENDENCY,Physical connection does not ensure retention.,Local uncertainty/notes retained in source artifact.,YES,YES,QUALITATIVE_ONLY,NO,VISUALIZATION_AND_QUALITATIVE_REASONING,"Ecological relationships retain native scale and do not imply abundance, establishment, contact, infection, or risk. Local caveat: Physical connection does not ensure retention."
AR-9B-HZD-001-13a6b9b4,9B,data/processed/analysis/climate_hazard_dependency_register.csv,HZD-001,HZ-001,,ENT-CLIMATE-HZ-001,,SYS-CLIMATE,SYS-ENERGY,,energy,operational dependency,geographic unit,generalized external interface,exact,system-level,OBSERVED_DOCUMENTED,documented,d9_nca_energy,,moderate,,directed_local_record,system-level,2026 baseline,BASELINE_DEPENDENCY,supported_system_dependency,Local uncertainty/notes retained in source artifact.,YES,YES,QUALITATIVE_ONLY,NO,VISUALIZATION_AND_QUALITATIVE_REASONING,"Dependency is not risk, failure probability, control proof, or causal effect. Local caveat: No local demand or outage probability."
AR-9B-HZD-002-d419db93,9B,data/processed/analysis/climate_hazard_dependency_register.csv,HZD-002,HZ-001,,ENT-CLIMATE-HZ-001,,SYS-CLIMATE,,,information_sensors,operational dependency,geographic unit,generalized external interface,exact,nonjoinable,OBSERVED_DOCUMENTED,documented,b9_nws_points,,moderate,,directed_local_record,system-level,2026 baseline,BASELINE_DEPENDENCY,documented_observation_interface,Local uncertainty/notes retained in source artifact.,YES,YES,QUALITATIVE_ONLY,NO,SOURCE_LOCAL_ONLY;NO_EXACT_ATLAS_JOIN,"Dependency is not risk, failure probability, control proof, or causal effect. Local caveat: Warning capacity is not hazard absence."
AR-9B-HZD-003-0bc4653e,9B,data/processed/analysis/climate_hazard_dependency_register.csv,HZD-003,HZ-001,,ENT-CLIMATE-HZ-001,,SYS-CLIMATE,,,exposure_context,operational dependency,geographic unit,generalized external interface,exact,nonjoinable,OBSERVED_DOCUMENTED,documented,d9_nca_midwest,,limited,,directed_local_record,system-level,2026 baseline,BASELINE_DEPENDENCY,physically_plausible_system_pathway,Local uncertainty/notes retained in source artifact.,YES,YES,QUALITATIVE_ONLY,NO,SOURCE_LOCAL_ONLY;NO_EXACT_ATLAS_JOIN,"Dependency is not risk, failure probability, control proof, or causal effect. Local caveat: No individual exposure or health outcome."
AR-9B-HZD-004-7a781c1a,9B,data/processed/analysis/climate_hazard_dependency_register.csv,HZD-004,HZ-004,,ENT-CLIMATE-HZ-004,,SYS-CLIMATE,SYS-WATER,,water,physical flow,geographic unit,generalized external interface,exact,system-level,OBSERVED_DOCUMENTED,documented,b9_usgs_dv,,moderate,,directed_source_to_target,system-level,2026 baseline,BASELINE_DEPENDENCY,physically_plausible_system_pathway,Local uncertainty/notes retained in source artifact.,YES,YES,QUALITATIVE_ONLY,NO,VISUALIZATION_AND_QUALITATIVE_REASONING,"Physical direction does not add common units, effect size, or risk meaning. Local caveat: USGS supports one river observation; the precipitation-to-runoff relationship is not quantified basin-wide."
AR-9B-HZD-005-ddd4be3d,9B,data/processed/analysis/climate_hazard_dependency_register.csv,HZD-005,HZ-004,,ENT-CLIMATE-HZ-004,,SYS-CLIMATE,SYS-BIOGEOCHEMISTRY,,biogeochemical,operational dependency,geographic unit,generalized external interface,exact,system-level,OBSERVED_DOCUMENTED,documented,d9_pnas_hab,,moderate,,directed_local_record,system-level,2026 baseline,BASELINE_DEPENDENCY,documented_mechanism_plus_plausible_pathway,Local uncertainty/notes retained in source artifact.,YES,YES,QUALITATIVE_ONLY,NO,VISUALIZATION_AND_QUALITATIVE_REASONING,"Dependency is not risk, failure probability, control proof, or causal effect. Local caveat: No future load or bloom magnitude."
AR-9B-HZD-006-361fc1dc,9B,data/processed/analysis/climate_hazard_dependency_register.csv,HZD-006,HZ-008,,ENT-CLIMATE-HZ-008,,SYS-CLIMATE,SYS-WATER,,water,operational dependency,geographic unit,generalized external interface,exact,system-level,OBSERVED_DOCUMENTED,documented,d9_nca_midwest,,limited,,directed_local_record,system-level,2026 baseline,BASELINE_DEPENDENCY,physically_plausible_system_pathway,Local uncertainty/notes retained in source artifact.,YES,YES,QUALITATIVE_ONLY,NO,VISUALIZATION_AND_QUALITATIVE_REASONING,"Dependency is not risk, failure probability, control proof, or causal effect. Local caveat: No outfall inventory or overflow count."
AR-9B-HZD-007-41e5b974,9B,data/processed/analysis/climate_hazard_dependency_register.csv,HZD-007,HZ-006,,ENT-CLIMATE-HZ-006,,SYS-CLIMATE,SYS-FREIGHT,,freight,material flow,geographic unit,generalized external interface,exact,system-level,OBSERVED_DOCUMENTED,documented,d9_nca_midwest,,limited,,directed_local_record,system-level,2026 baseline,BASELINE_DEPENDENCY,physically_plausible_system_pathway,Local uncertainty/notes retained in source artifact.,YES,YES,QUALITATIVE_ONLY,NO,VISUALIZATION_AND_QUALITATIVE_REASONING,"Material or freight relationships do not imply shipment quantity, exact route, capacity, or continuous flow. Local caveat: No route-level disruption probability."
AR-9B-HZD-008-b690537b,9B,data/processed/analysis/climate_hazard_dependency_register.csv,HZD-008,HZ-006,,ENT-CLIMATE-HZ-006,,SYS-CLIMATE,SYS-WATER,,water,physical flow,geographic unit,generalized external interface,exact,system-level,OBSERVED_DOCUMENTED,documented,b9_usgs_dv,,unknown,,directed_source_to_target,system-level,2026 baseline,BASELINE_DEPENDENCY,unsupported_unknown_interface,Local uncertainty/notes retained in source artifact.,YES,YES,QUALITATIVE_ONLY,NO,VISUALIZATION_AND_QUALITATIVE_REASONING,"Physical direction does not add common units, effect size, or risk meaning. Local caveat: USGS daily flow supports one gauge observation only; no treatment or intake operating evidence is included."
AR-9B-HZD-009-f447028d,9B,data/processed/analysis/climate_hazard_dependency_register.csv,HZD-009,HZ-009,,ENT-CLIMATE-HZ-009,,SYS-CLIMATE,,,agriculture,operational dependency,geographic unit,generalized external interface,exact,nonjoinable,OBSERVED_DOCUMENTED,documented,b9_usdm_area,,moderate,,directed_local_record,system-level,2026 baseline,BASELINE_DEPENDENCY,physically_plausible_system_pathway,Local uncertainty/notes retained in source artifact.,YES,YES,QUALITATIVE_ONLY,NO,SOURCE_LOCAL_ONLY;NO_EXACT_ATLAS_JOIN,"Dependency is not risk, failure probability, control proof, or causal effect. Local caveat: No yield or farm-level stress estimate."
AR-9B-HZD-010-5424717c,9B,data/processed/analysis/climate_hazard_dependency_register.csv,HZD-010,HZ-009,,ENT-CLIMATE-HZ-009,,SYS-CLIMATE,SYS-ECOLOGY,,ecology,ecological relationship,geographic unit,generalized external interface,exact,system-level,OBSERVED_DOCUMENTED,documented,d9_nca_midwest,,limited,,directed_local_record,system-level,2026 baseline,BASELINE_DEPENDENCY,physically_plausible_system_pathway,Local uncertainty/notes retained in source artifact.,YES,YES,QUALITATIVE_ONLY,NO,VISUALIZATION_AND_QUALITATIVE_REASONING,"Ecological relationships retain native scale and do not imply abundance, establishment, contact, infection, or risk. Local caveat: No population, abundance, or biodiversity score."
AR-9B-HZD-011-6487677d,9B,data/processed/analysis/climate_hazard_dependency_register.csv,HZD-011,HZ-010,,ENT-CLIMATE-HZ-010,,SYS-CLIMATE,SYS-WATER,,water,physical flow,geographic unit,generalized external interface,exact,system-level,OBSERVED_DOCUMENTED,documented,b9_usgs_dv,,moderate,,directed_source_to_target,system-level,2026 baseline,BASELINE_DEPENDENCY,supported_system_dependency,Local uncertainty/notes retained in source artifact.,YES,YES,QUALITATIVE_ONLY,NO,VISUALIZATION_AND_QUALITATIVE_REASONING,"Physical direction does not add common units, effect size, or risk meaning. Local caveat: One gauge does not describe the entire watershed."
AR-9B-HZD-012-7e744b9c,9B,data/processed/analysis/climate_hazard_dependency_register.csv,HZD-012,HZ-012,,ENT-CLIMATE-HZ-012,,SYS-CLIMATE,SYS-FREIGHT,,freight,material flow,geographic unit,generalized external interface,exact,system-level,OBSERVED_DOCUMENTED,documented,d9_epa_great_lakes,,limited,,directed_local_record,system-level,2026 baseline,BASELINE_DEPENDENCY,physically_plausible_system_pathway,Local uncertainty/notes retained in source artifact.,YES,YES,QUALITATIVE_ONLY,NO,VISUALIZATION_AND_QUALITATIVE_REASONING,"Material or freight relationships do not imply shipment quantity, exact route, capacity, or continuous flow. Local caveat: EPA supports observed lake-level variability, not navigation operations; no cargo-loss or route probability."
AR-9B-HZD-013-a5f0c353,9B,data/processed/analysis/climate_hazard_dependency_register.csv,HZD-013,HZ-013,,ENT-CLIMATE-HZ-013,,SYS-CLIMATE,,,coastal,operational dependency,geographic unit,generalized external interface,exact,nonjoinable,OBSERVED_DOCUMENTED,documented,d9_noaa_llv,,moderate,,directed_local_record,system-level,2026 baseline,BASELINE_DEPENDENCY,documented_product_interface,Local uncertainty/notes retained in source artifact.,YES,YES,QUALITATIVE_ONLY,NO,SOURCE_LOCAL_ONLY;NO_EXACT_ATLAS_JOIN,"Dependency is not risk, failure probability, control proof, or causal effect. Local caveat: Not direct evidence of port burden, wind/wave effects, local inundation, or damage."
AR-9B-HZD-014-08221b51,9B,data/processed/analysis/climate_hazard_dependency_register.csv,HZD-014,HZ-014,,ENT-CLIMATE-HZ-014,,SYS-CLIMATE,SYS-FREIGHT,,freight,operational dependency,geographic unit,generalized external interface,exact,system-level,OBSERVED_DOCUMENTED,documented,d9_noaa_seiche,,limited,,directed_local_record,system-level,2026 baseline,BASELINE_DEPENDENCY,physically_plausible_system_pathway,Local uncertainty/notes retained in source artifact.,YES,YES,QUALITATIVE_ONLY,NO,VISUALIZATION_AND_QUALITATIVE_REASONING,"Dependency is not risk, failure probability, control proof, or causal effect. Local caveat: NOAA supports the seiche mechanism; no local shoreline effect, joint probability, or amplitude recurrence is established."
AR-9B-HZD-015-69070de5,9B,data/processed/analysis/climate_hazard_dependency_register.csv,HZD-015,HZ-015,,ENT-CLIMATE-HZ-015,,SYS-CLIMATE,SYS-ECOLOGY,,ecology,operational dependency,geographic unit,generalized external interface,exact,system-level,OBSERVED_DOCUMENTED,documented,d9_glerl_ice,,unknown,,directed_local_record,system-level,2026 baseline,BASELINE_DEPENDENCY,unsupported_unknown_interface,Local uncertainty/notes retained in source artifact.,YES,YES,QUALITATIVE_ONLY,NO,VISUALIZATION_AND_QUALITATIVE_REASONING,"Dependency is not risk, failure probability, control proof, or causal effect. Local caveat: Lake-wide ice cover is regional seasonal context; local shoreline ice, wave, and ecological effects remain unknown."
AR-9B-HZD-016-938027aa,9B,data/processed/analysis/climate_hazard_dependency_register.csv,HZD-016,HZ-016,,ENT-CLIMATE-HZ-016,,SYS-CLIMATE,SYS-ENERGY,,energy,operational dependency,geographic unit,generalized external interface,exact,system-level,OBSERVED_DOCUMENTED,documented,d9_nca_energy,,moderate,,directed_local_record,system-level,2026 baseline,BASELINE_DEPENDENCY,supported_system_dependency,Local uncertainty/notes retained in source artifact.,YES,YES,QUALITATIVE_ONLY,NO,VISUALIZATION_AND_QUALITATIVE_REASONING,"Dependency is not risk, failure probability, control proof, or causal effect. Local caveat: No outage probability or restoration estimate."
AR-9B-HZD-017-6b212dbe,9B,data/processed/analysis/climate_hazard_dependency_register.csv,HZD-017,HZ-016,,ENT-CLIMATE-HZ-016,,SYS-CLIMATE,,,information_sensors,operational dependency,geographic unit,generalized external interface,exact,nonjoinable,OBSERVED_DOCUMENTED,documented,d9_nca_midwest,,limited,,directed_local_record,system-level,2026 baseline,BASELINE_DEPENDENCY,physically_plausible_system_pathway,Local uncertainty/notes retained in source artifact.,YES,YES,QUALITATIVE_ONLY,NO,SOURCE_LOCAL_ONLY;NO_EXACT_ATLAS_JOIN,"Dependency is not risk, failure probability, control proof, or causal effect. Local caveat: No cyber or communications-failure model."
AR-9B-HZD-018-80ad3ff4,9B,data/processed/analysis/climate_hazard_dependency_register.csv,HZD-018,HZ-018,,ENT-CLIMATE-HZ-018,,SYS-CLIMATE,SYS-FREIGHT,,freight,operational dependency,geographic unit,generalized external interface,exact,system-level,OBSERVED_DOCUMENTED,documented,d9_nws_cle_winter,,limited,,directed_local_record,system-level,2026 baseline,BASELINE_DEPENDENCY,physically_plausible_system_pathway,Local uncertainty/notes retained in source artifact.,YES,YES,QUALITATIVE_ONLY,NO,VISUALIZATION_AND_QUALITATIVE_REASONING,"Dependency is not risk, failure probability, control proof, or causal effect. Local caveat: NWS products support winter hazard and forecast context, not road closures, freight delays, or their probabilities."
AR-9B-HZD-019-90c54beb,9B,data/processed/analysis/climate_hazard_dependency_register.csv,HZD-019,HZ-018,,ENT-CLIMATE-HZ-018,,SYS-CLIMATE,SYS-WATER,,water,operational dependency,geographic unit,generalized external interface,exact,system-level,OBSERVED_DOCUMENTED,documented,d9_nws_cle_winter,,limited,,directed_local_record,system-level,2026 baseline,BASELINE_DEPENDENCY,physically_plausible_system_pathway,Local uncertainty/notes retained in source artifact.,YES,YES,QUALITATIVE_ONLY,NO,VISUALIZATION_AND_QUALITATIVE_REASONING,"Dependency is not risk, failure probability, control proof, or causal effect. Local caveat: NWS products support winter hazard context, not water-infrastructure failure or operating effects; no failure rate."
AR-9B-HZD-020-18c6f1f8,9B,data/processed/analysis/climate_hazard_dependency_register.csv,HZD-020,HZ-023,,,,SYS-CLIMATE,,,information_sensors,operational dependency,monitoring/surveillance interface,generalized external interface,system-level,nonjoinable,OBSERVED_DOCUMENTED,documented,b9_noaa_atlas14,,moderate,,directed_local_record,system-level,2026 baseline,BASELINE_DEPENDENCY,documented_product_interface,Local uncertainty/notes retained in source artifact.,YES,YES,QUALITATIVE_ONLY,NO,SOURCE_LOCAL_ONLY;NO_EXACT_ATLAS_JOIN,"Dependency is not risk, failure probability, control proof, or causal effect. Local caveat: No numeric weighting or risk score."
AR-9B-HZD-021-9eba8386,9B,data/processed/analysis/climate_hazard_dependency_register.csv,HZD-021,HZ-002,,ENT-CLIMATE-HZ-002,,SYS-CLIMATE,SYS-BIOGEOCHEMISTRY,,biogeochemical,operational dependency,geographic unit,generalized external interface,exact,system-level,OBSERVED_DOCUMENTED,documented,d9_pnas_hab,,limited,,directed_local_record,system-level,2026 baseline,BASELINE_DEPENDENCY,documented_mechanism_plus_plausible_pathway,Local uncertainty/notes retained in source artifact.,YES,YES,QUALITATIVE_ONLY,NO,VISUALIZATION_AND_QUALITATIVE_REASONING,"Dependency is not risk, failure probability, control proof, or causal effect. Local caveat: No future load or bloom model."
AR-9B-HZD-022-f992d1e5,9B,data/processed/analysis/climate_hazard_dependency_register.csv,HZD-022,HZ-011,,ENT-CLIMATE-HZ-011,,SYS-CLIMATE,,,water_quality,operational dependency,geographic unit,generalized external interface,exact,nonjoinable,OBSERVED_DOCUMENTED,documented,d9_epa_great_lakes,,unknown,,directed_local_record,system-level,2026 baseline,BASELINE_DEPENDENCY,unsupported_unknown_interface,Local uncertainty/notes retained in source artifact.,YES,YES,QUALITATIVE_ONLY,NO,SOURCE_LOCAL_ONLY;NO_EXACT_ATLAS_JOIN,"Dependency is not risk, failure probability, control proof, or causal effect. Local caveat: EPA supports observed Great Lakes lake-level variability only; treatment/intake operating effects are unsupported here and the Toledo intake-coordinate discrepancy remains unresolved."
AR-9B-HZD-023-afa2b545,9B,data/processed/analysis/climate_hazard_dependency_register.csv,HZD-023,HZ-019,,,,SYS-CLIMATE,,,information_sensors,information / observation,monitoring/surveillance interface,generalized external interface,system-level,nonjoinable,OBSERVED_DOCUMENTED,documented,b9_nws_points,,moderate,,directed_local_record,system-level,2026 baseline,BASELINE_DEPENDENCY,documented_control_interface,Local uncertainty/notes retained in source artifact.,YES,YES,QUALITATIVE_ONLY,NO,SOURCE_LOCAL_ONLY;NO_EXACT_ATLAS_JOIN,"Observation, reporting, and decision support are not authority, control, or incidence. Local caveat: No emergency-management system or response outcome is modeled."
AR-9B-HZD-024-17081d1e,9B,data/processed/analysis/climate_hazard_dependency_register.csv,HZD-024,HZ-022,,,,SYS-CLIMATE,,,information_sensors,operational dependency,monitoring/surveillance interface,generalized external interface,system-level,nonjoinable,OBSERVED_DOCUMENTED,documented,b9_drought_gov,,moderate,,directed_local_record,system-level,2026 baseline,BASELINE_DEPENDENCY,documented_control_interface,Local uncertainty/notes retained in source artifact.,YES,YES,QUALITATIVE_ONLY,NO,SOURCE_LOCAL_ONLY;NO_EXACT_ATLAS_JOIN,"Dependency is not risk, failure probability, control proof, or causal effect. Local caveat: Unknown local condition is not treated as low and no management outcome is inferred."
AR-6B-ECD-001-ce0639c6,6B,data/processed/networks/ecology_dependency_edges.csv,ECD-001,ECO-001,ECO-016,ENT-ECOLOGY-ECO-001,ENT-ECOLOGY-ECO-016,SYS-ECOLOGY,SYS-ECOLOGY,,,physical flow,ecological entity,ecological entity,exact,exact,OBSERVED_DOCUMENTED,documented,usgs_nhdplus_hr,high,high,,directed_source_to_target,system-level,2026 baseline,BASELINE_DEPENDENCY,documented_hydrography,Local uncertainty/notes retained in source artifact.,YES,YES,QUALITATIVE_ONLY,NO,VISUALIZATION_AND_QUALITATIVE_REASONING,"Physical direction does not add common units, effect size, or risk meaning. Local caveat: Broad water-system dependency; no effect size or scoring."
AR-6B-ECD-002-c2d32c30,6B,data/processed/networks/ecology_dependency_edges.csv,ECD-002,ECO-016,ECO-002,ENT-ECOLOGY-ECO-016,ENT-ECOLOGY-ECO-002,SYS-ECOLOGY,SYS-ECOLOGY,,,ecological relationship,ecological entity,ecological entity,exact,exact,OBSERVED_DOCUMENTED,documented,epa_lake_erie,moderate,moderate,,directed_local_record,system-level,2026 baseline,BASELINE_DEPENDENCY,documented_water_quality_context,Local uncertainty/notes retained in source artifact.,YES,YES,QUALITATIVE_ONLY,NO,VISUALIZATION_AND_QUALITATIVE_REASONING,"Ecological relationships retain native scale and do not imply abundance, establishment, contact, infection, or risk. Local caveat: Condition relationship is not quantified causation."
AR-6B-ECD-003-4573c61a,6B,data/processed/networks/ecology_dependency_edges.csv,ECD-003,ECO-002,ECO-005,ENT-ECOLOGY-ECO-002,ENT-ECOLOGY-ECO-005,SYS-ECOLOGY,SYS-ECOLOGY,,,ecological relationship,ecological entity,ecological entity,exact,exact,OBSERVED_DOCUMENTED,documented,usfws_nwi,moderate,moderate,,directed_local_record,system-level,2026 baseline,BASELINE_DEPENDENCY,habitat_dependency,Local uncertainty/notes retained in source artifact.,YES,YES,QUALITATIVE_ONLY,NO,VISUALIZATION_AND_QUALITATIVE_REASONING,"Ecological relationships retain native scale and do not imply abundance, establishment, contact, infection, or risk. Local caveat: Generalized wetland interface; no habitat-quality score."
AR-6B-ECD-004-85ac9166,6B,data/processed/networks/ecology_dependency_edges.csv,ECD-004,ECO-005,ECO-008,ENT-ECOLOGY-ECO-005,ENT-ECOLOGY-ECO-008,SYS-ECOLOGY,SYS-ECOLOGY,,,ecological relationship,ecological entity,ecological entity,exact,exact,OBSERVED_DOCUMENTED,documented,usfws_nwi,high,high,,directed_local_record,system-level,2026 baseline,BASELINE_DEPENDENCY,documented_wetland_inventory,Local uncertainty/notes retained in source artifact.,YES,YES,QUALITATIVE_ONLY,NO,VISUALIZATION_AND_QUALITATIVE_REASONING,"Ecological relationships retain native scale and do not imply abundance, establishment, contact, infection, or risk. Local caveat: Inventory presence is not equivalent to condition or redundancy."
AR-6B-ECD-005-fe46f43c,6B,data/processed/networks/ecology_dependency_edges.csv,ECD-005,ECO-006,ECO-013,ENT-ECOLOGY-ECO-006,ENT-ECOLOGY-ECO-013,SYS-ECOLOGY,SYS-ECOLOGY,,,ecological relationship,ecological entity,ecological entity,exact,exact,OBSERVED_DOCUMENTED,documented,phase6a_usfws_ottawa_nwr,moderate,moderate,,directed_local_record,system-level,2026 baseline,BASELINE_DEPENDENCY,documented_protected_area,Local uncertainty/notes retained in source artifact.,YES,YES,QUALITATIVE_ONLY,NO,VISUALIZATION_AND_QUALITATIVE_REASONING,"Ecological function, movement, and habitat context retain native scale and do not imply abundance, disease, or risk. Local caveat: Generalized refuge function; no sensitive occurrences."
AR-6B-ECD-006-31a95db7,6B,data/processed/networks/ecology_dependency_edges.csv,ECD-006,ECO-003,ECO-004,ENT-ECOLOGY-ECO-003,ENT-ECOLOGY-ECO-004,SYS-ECOLOGY,SYS-ECOLOGY,,,ecological relationship,ecological entity,ecological entity,exact,exact,OBSERVED_DOCUMENTED,documented,usgs_3dhp_all,high,high,,directed_local_record,system-level,2026 baseline,BASELINE_DEPENDENCY,documented_hydrography,Local uncertainty/notes retained in source artifact.,YES,YES,QUALITATIVE_ONLY,NO,VISUALIZATION_AND_QUALITATIVE_REASONING,"Ecological function, movement, and habitat context retain native scale and do not imply abundance, disease, or risk. Local caveat: Physical network structure, not animal movement route."
AR-6B-ECD-007-c83dab2b,6B,data/processed/networks/ecology_dependency_edges.csv,ECD-007,ECO-011,ECO-003,ENT-ECOLOGY-ECO-011,ENT-ECOLOGY-ECO-003,SYS-ECOLOGY,SYS-ECOLOGY,,,ecological relationship,ecological entity,ecological entity,exact,exact,OBSERVED_DOCUMENTED,documented,usgs_3dhp_all,moderate,moderate,,directed_local_record,system-level,2026 baseline,BASELINE_DEPENDENCY,habitat_dependency,Local uncertainty/notes retained in source artifact.,YES,YES,QUALITATIVE_ONLY,NO,VISUALIZATION_AND_QUALITATIVE_REASONING,"Ecological function, movement, and habitat context retain native scale and do not imply abundance, disease, or risk. Local caveat: Generalized riparian relationship."
AR-6B-ECD-008-44e6d517,6B,data/processed/networks/ecology_dependency_edges.csv,ECD-008,ECO-014,ECO-003,ENT-ECOLOGY-ECO-014,ENT-ECOLOGY-ECO-003,SYS-ECOLOGY,SYS-ECOLOGY,,,ecological relationship,ecological entity,ecological entity,exact,exact,OBSERVED_DOCUMENTED,documented,phase6a_glfc_lake_erie_committee,moderate,moderate,,directed_local_record,system-level,2026 baseline,BASELINE_DEPENDENCY,documented_fishery_context,Local uncertainty/notes retained in source artifact.,YES,YES,QUALITATIVE_ONLY,NO,VISUALIZATION_AND_QUALITATIVE_REASONING,"Ecological function, movement, and habitat context retain native scale and do not imply abundance, disease, or risk. Local caveat: No passage model, stock size, or precise spawning location."
AR-6B-ECD-009-f54dca57,6B,data/processed/networks/ecology_dependency_edges.csv,ECD-009,ECO-009,ECO-008,ENT-ECOLOGY-ECO-009,ENT-ECOLOGY-ECO-008,SYS-ECOLOGY,SYS-ECOLOGY,,,ecological relationship,ecological entity,ecological entity,exact,exact,OBSERVED_DOCUMENTED,documented,h2ohio_great_black_swamp_history,moderate,moderate,,directed_local_record,system-level,2026 baseline,BASELINE_DEPENDENCY,historical_context_plus_inventory,Local uncertainty/notes retained in source artifact.,YES,YES,QUALITATIVE_ONLY,NO,VISUALIZATION_AND_QUALITATIVE_REASONING,"Ecological relationships retain native scale and do not imply abundance, establishment, contact, infection, or risk. Local caveat: Historical legacy is not a modern habitat boundary."
AR-6B-ECD-010-4f57dedf,6B,data/processed/networks/ecology_dependency_edges.csv,ECD-010,ECO-010,ECO-011,ENT-ECOLOGY-ECO-010,ENT-ECOLOGY-ECO-011,SYS-ECOLOGY,SYS-ECOLOGY,,,ecological relationship,ecological entity,ecological entity,exact,exact,OBSERVED_DOCUMENTED,documented,phase6a_mrlc_land_cover,low,low,,directed_local_record,system-level,2026 baseline,BASELINE_DEPENDENCY,generalized_land_cover,Local uncertainty/notes retained in source artifact.,YES,YES,QUALITATIVE_ONLY,NO,VISUALIZATION_AND_QUALITATIVE_REASONING,"Ecological relationships retain native scale and do not imply abundance, establishment, contact, infection, or risk. Local caveat: Broad class relationship; no habitat-quality metric."
AR-6B-ECD-011-b4dc3f16,6B,data/processed/networks/ecology_dependency_edges.csv,ECD-011,ECO-013,ECO-010,ENT-ECOLOGY-ECO-013,ENT-ECOLOGY-ECO-010,SYS-ECOLOGY,SYS-ECOLOGY,,,ecological relationship,ecological entity,ecological entity,exact,exact,OBSERVED_DOCUMENTED,documented,phase6a_usfws_ottawa_nwr,moderate,moderate,,directed_local_record,system-level,2026 baseline,BASELINE_DEPENDENCY,documented_ecological_function,Local uncertainty/notes retained in source artifact.,YES,YES,QUALITATIVE_ONLY,NO,VISUALIZATION_AND_QUALITATIVE_REASONING,"Ecological function, movement, and habitat context retain native scale and do not imply abundance, disease, or risk. Local caveat: Functional network, not flight path."
AR-6B-ECD-012-8d6be450,6B,data/processed/networks/ecology_dependency_edges.csv,ECD-012,ECO-015,ECO-010,ENT-ECOLOGY-ECO-015,ENT-ECOLOGY-ECO-010,SYS-ECOLOGY,SYS-ECOLOGY,,,ecological relationship,ecological entity,ecological entity,exact,exact,OBSERVED_DOCUMENTED,documented,phase6a_mrlc_land_cover,low,low,,directed_local_record,system-level,2026 baseline,BASELINE_DEPENDENCY,generalized_land_cover,Local uncertainty/notes retained in source artifact.,YES,YES,QUALITATIVE_ONLY,NO,VISUALIZATION_AND_QUALITATIVE_REASONING,"Ecological relationships retain native scale and do not imply abundance, establishment, contact, infection, or risk. Local caveat: No insect inventory or movement route."
AR-6B-ECD-013-2d4ff723,6B,data/processed/networks/ecology_dependency_edges.csv,ECD-013,ECO-004,ECO-003,ENT-ECOLOGY-ECO-004,ENT-ECOLOGY-ECO-003,SYS-ECOLOGY,SYS-ECOLOGY,,,physical flow,ecological entity,ecological entity,exact,exact,OBSERVED_DOCUMENTED,documented,usgs_3dhp_all,high,high,,directed_source_to_target,system-level,2026 baseline,BASELINE_DEPENDENCY,documented_hydrography,Local uncertainty/notes retained in source artifact.,YES,YES,QUALITATIVE_ONLY,NO,VISUALIZATION_AND_QUALITATIVE_REASONING,"Physical direction does not add common units, effect size, or risk meaning. Local caveat: Tributary and river structure are linked at a generalized ecological level."
AR-6B-ECD-014-d2db0ae6,6B,data/processed/networks/ecology_dependency_edges.csv,ECD-014,ECO-012,ECO-010,ENT-ECOLOGY-ECO-012,ENT-ECOLOGY-ECO-010,SYS-ECOLOGY,SYS-ECOLOGY,,,ecological relationship,ecological entity,ecological entity,exact,exact,OBSERVED_DOCUMENTED,documented,phase6a_mrlc_land_cover,moderate,moderate,,directed_local_record,system-level,2026 baseline,BASELINE_DEPENDENCY,generalized_land_cover,Local uncertainty/notes retained in source artifact.,YES,YES,QUALITATIVE_ONLY,NO,VISUALIZATION_AND_QUALITATIVE_REASONING,"Ecological relationships retain native scale and do not imply abundance, establishment, contact, infection, or risk. Local caveat: Broad fragmentation interface; no causal harm claim."
AR-6B-ECD-015-29df84d8,6B,data/processed/networks/ecology_dependency_edges.csv,ECD-015,ECO-007,ECO-005,ENT-ECOLOGY-ECO-007,ENT-ECOLOGY-ECO-005,SYS-ECOLOGY,SYS-ECOLOGY,,,ecological relationship,ecological entity,ecological entity,exact,exact,OBSERVED_DOCUMENTED,documented,usfws_nwi,low,low,,directed_local_record,system-level,2026 baseline,BASELINE_DEPENDENCY,documented_wetland_inventory,Local uncertainty/notes retained in source artifact.,YES,YES,QUALITATIVE_ONLY,NO,VISUALIZATION_AND_QUALITATIVE_REASONING,"Ecological function, movement, and habitat context retain native scale and do not imply abundance, disease, or risk. Local caveat: No project boundary or restoration performance is asserted."
AR-6B-ECD-016-fd0e79e5,6B,data/processed/networks/ecology_dependency_edges.csv,ECD-016,ECO-008,ECO-013,ENT-ECOLOGY-ECO-008,ENT-ECOLOGY-ECO-013,SYS-ECOLOGY,SYS-ECOLOGY,,,ecological relationship,ecological entity,ecological entity,exact,exact,OBSERVED_DOCUMENTED,documented,phase6a_usfws_ottawa_nwr,moderate,moderate,,directed_local_record,system-level,2026 baseline,BASELINE_DEPENDENCY,documented_ecological_function,Local uncertainty/notes retained in source artifact.,YES,YES,QUALITATIVE_ONLY,NO,VISUALIZATION_AND_QUALITATIVE_REASONING,"Ecological function, movement, and habitat context retain native scale and do not imply abundance, disease, or risk. Local caveat: No exact route is asserted."
AR-6B-ECD-017-332b80b1,6B,data/processed/networks/ecology_dependency_edges.csv,ECD-017,ECO-016,ECO-001,ENT-ECOLOGY-ECO-016,ENT-ECOLOGY-ECO-001,SYS-ECOLOGY,SYS-ECOLOGY,,,ecological relationship,ecological entity,ecological entity,exact,exact,OBSERVED_DOCUMENTED,documented,noaa_hab,low,low,,directed_local_record,system-level,2026 baseline,BASELINE_DEPENDENCY,documented_monitoring_science,Local uncertainty/notes retained in source artifact.,YES,YES,QUALITATIVE_ONLY,NO,VISUALIZATION_AND_QUALITATIVE_REASONING,"Ecological function, movement, and habitat context retain native scale and do not imply abundance, disease, or risk. Local caveat: Conceptual food-web interface; no numerical fish or productivity measure."
AR-6B-ECD-018-8550e4e5,6B,data/processed/networks/ecology_dependency_edges.csv,ECD-018,ECO-010,ECO-015,ENT-ECOLOGY-ECO-010,ENT-ECOLOGY-ECO-015,SYS-ECOLOGY,SYS-ECOLOGY,,,ecological relationship,ecological entity,ecological entity,exact,exact,OBSERVED_DOCUMENTED,documented,phase6a_mrlc_land_cover,low,low,,directed_local_record,system-level,2026 baseline,BASELINE_DEPENDENCY,generalized_land_cover,Local uncertainty/notes retained in source artifact.,YES,YES,QUALITATIVE_ONLY,NO,VISUALIZATION_AND_QUALITATIVE_REASONING,"Ecological relationships retain native scale and do not imply abundance, establishment, contact, infection, or risk. Local caveat: Generalized habitat function only."
AR-3B-DEP-001-f576ba86,3B,data/processed/networks/energy_dependency_edges.csv,DEP-001,,,,,SYS-ENERGY,,energy,water_or_materials,operational dependency,generalized external interface,generalized external interface,nonjoinable,nonjoinable,OBSERVED_DOCUMENTED,documented,SRC-TOLEDO-COLLINS-2026,,high,,directed_local_record,system-level,2026 baseline,BASELINE_DEPENDENCY,engineering_dependency,Local uncertainty/notes retained in source artifact.,YES,YES,QUALITATIVE_ONLY,NO,SOURCE_LOCAL_ONLY;NO_EXACT_ATLAS_JOIN,"Energy dependency is retained as an operational interface without numeric confidence or power-flow meaning. Local caveat: Functional electricity dependence; no feeder, demand, or outage duration modeled."
AR-3B-DEP-002-ad5631e4,3B,data/processed/networks/energy_dependency_edges.csv,DEP-002,,,,,SYS-ENERGY,,energy,water_or_materials,operational dependency,generalized external interface,generalized external interface,nonjoinable,nonjoinable,OBSERVED_DOCUMENTED,documented,SRC-TOLEDO-BAYVIEW-2026,,high,,directed_local_record,system-level,2026 baseline,BASELINE_DEPENDENCY,engineering_dependency,Local uncertainty/notes retained in source artifact.,YES,YES,QUALITATIVE_ONLY,NO,SOURCE_LOCAL_ONLY;NO_EXACT_ATLAS_JOIN,"Energy dependency is retained as an operational interface without numeric confidence or power-flow meaning. Local caveat: Functional electricity dependence; no feeder, demand, or outage duration modeled."
AR-3B-DEP-003-d0ce251d,3B,data/processed/networks/energy_dependency_edges.csv,DEP-003,,,,,SYS-ENERGY,,energy,water_or_materials,operational dependency,generalized external interface,generalized external interface,nonjoinable,nonjoinable,OBSERVED_DOCUMENTED,documented,SRC-EPA-MATERION-ELMORE,,high,,directed_local_record,system-level,2026 baseline,BASELINE_DEPENDENCY,engineering_dependency,Local uncertainty/notes retained in source artifact.,YES,YES,QUALITATIVE_ONLY,NO,SOURCE_LOCAL_ONLY;NO_EXACT_ATLAS_JOIN,"Energy dependency is retained as an operational interface without numeric confidence or power-flow meaning. Local caveat: Functional electricity dependence; no feeder, demand, or outage duration modeled."
AR-3B-DEP-004-03623fca,3B,data/processed/networks/energy_dependency_edges.csv,DEP-004,,,,,SYS-ENERGY,,energy,water_or_materials,operational dependency,generalized external interface,generalized external interface,nonjoinable,nonjoinable,OBSERVED_DOCUMENTED,documented,SRC-MM-WOODVILLE-2025,,high,,directed_local_record,system-level,2026 baseline,BASELINE_DEPENDENCY,engineering_dependency,Local uncertainty/notes retained in source artifact.,YES,YES,QUALITATIVE_ONLY,NO,SOURCE_LOCAL_ONLY;NO_EXACT_ATLAS_JOIN,"Energy dependency is retained as an operational interface without numeric confidence or power-flow meaning. Local caveat: Functional electricity dependence; no feeder, demand, or outage duration modeled."
AR-3B-DEP-005-3fbfe0ce,3B,data/processed/networks/energy_dependency_edges.csv,DEP-005,,,,,SYS-ENERGY,SYS-ENERGY,energy,compute,operational dependency,generalized external interface,generalized external interface,nonjoinable,system-level,OBSERVED_DOCUMENTED,documented,SRC-BG-DATACENTER-2025,,medium,,directed_local_record,system-level,2026 baseline,BASELINE_DEPENDENCY,documented,Local uncertainty/notes retained in source artifact.,YES,YES,QUALITATIVE_ONLY,NO,SOURCE_LOCAL_ONLY;NO_EXACT_ATLAS_JOIN,Energy dependency is retained as an operational interface without numeric confidence or power-flow meaning. Local caveat: Planned project only; operation and interconnection remain unverified.
AR-3B-DEP-006-030c24e4,3B,data/processed/networks/energy_dependency_edges.csv,DEP-006,,,,,SYS-ENERGY,SYS-ENERGY,energy,generation,operational dependency,generalized external interface,generalized external interface,nonjoinable,system-level,OBSERVED_DOCUMENTED,documented,SRC-NRC-FERMI-2026,,high,,directed_local_record,system-level,2026 baseline,BASELINE_DEPENDENCY,engineering_dependency,Local uncertainty/notes retained in source artifact.,YES,YES,QUALITATIVE_ONLY,NO,SOURCE_LOCAL_ONLY;NO_EXACT_ATLAS_JOIN,Energy dependency is retained as an operational interface without numeric confidence or power-flow meaning. Local caveat: Grid interconnection/auxiliary dependence; no bus topology or flow inferred.
AR-3B-DEP-007-7b459595,3B,data/processed/networks/energy_dependency_edges.csv,DEP-007,,,,,SYS-ENERGY,SYS-ENERGY,energy,generation,operational dependency,generalized external interface,generalized external interface,nonjoinable,system-level,OBSERVED_DOCUMENTED,documented,SRC-NRC-DAVIS-2026,,high,,directed_local_record,system-level,2026 baseline,BASELINE_DEPENDENCY,engineering_dependency,Local uncertainty/notes retained in source artifact.,YES,YES,QUALITATIVE_ONLY,NO,SOURCE_LOCAL_ONLY;NO_EXACT_ATLAS_JOIN,Energy dependency is retained as an operational interface without numeric confidence or power-flow meaning. Local caveat: Grid interconnection/auxiliary dependence; no bus topology or flow inferred.
AR-3B-DEP-008-f0f1e3d3,3B,data/processed/networks/energy_dependency_edges.csv,DEP-008,,,,,SYS-ENERGY,SYS-ENERGY,energy,generation,operational dependency,generalized external interface,generalized external interface,nonjoinable,system-level,OBSERVED_DOCUMENTED,documented,SRC-DTE-MONROE-2024,,high,,directed_local_record,system-level,2026 baseline,BASELINE_DEPENDENCY,engineering_dependency,Local uncertainty/notes retained in source artifact.,YES,YES,QUALITATIVE_ONLY,NO,SOURCE_LOCAL_ONLY;NO_EXACT_ATLAS_JOIN,Energy dependency is retained as an operational interface without numeric confidence or power-flow meaning. Local caveat: Grid interconnection/auxiliary dependence; no bus topology or flow inferred.
AR-3B-DEP-009-6cd8e6a8,3B,data/processed/networks/energy_dependency_edges.csv,DEP-009,,,,,SYS-ENERGY,SYS-ENERGY,energy,generation,operational dependency,generalized external interface,generalized external interface,nonjoinable,system-level,OBSERVED_DOCUMENTED,documented,SRC-EPA-OCEC-2025,,high,,directed_local_record,system-level,2026 baseline,BASELINE_DEPENDENCY,engineering_dependency,Local uncertainty/notes retained in source artifact.,YES,YES,QUALITATIVE_ONLY,NO,SOURCE_LOCAL_ONLY;NO_EXACT_ATLAS_JOIN,Energy dependency is retained as an operational interface without numeric confidence or power-flow meaning. Local caveat: Grid interconnection/auxiliary dependence; no bus topology or flow inferred.
AR-3B-DEP-010-805ce991,3B,data/processed/networks/energy_dependency_edges.csv,DEP-010,,,,,SYS-ENERGY,SYS-ENERGY,energy,generation,operational dependency,generalized external interface,generalized external interface,nonjoinable,system-level,OBSERVED_DOCUMENTED,documented,SRC-EIA-PLANTS-2025,,high,,directed_local_record,system-level,2026 baseline,BASELINE_DEPENDENCY,engineering_dependency,Local uncertainty/notes retained in source artifact.,YES,YES,QUALITATIVE_ONLY,NO,SOURCE_LOCAL_ONLY;NO_EXACT_ATLAS_JOIN,Energy dependency is retained as an operational interface without numeric confidence or power-flow meaning. Local caveat: Grid interconnection/auxiliary dependence; no bus topology or flow inferred.
AR-3B-DEP-011-567bf9f5,3B,data/processed/networks/energy_dependency_edges.csv,DEP-011,,,,,SYS-ENERGY,SYS-ENERGY,energy,generation,operational dependency,generalized external interface,generalized external interface,nonjoinable,system-level,OBSERVED_DOCUMENTED,documented,SRC-AMP-FREMONT-2026,,high,,directed_local_record,system-level,2026 baseline,BASELINE_DEPENDENCY,engineering_dependency,Local uncertainty/notes retained in source artifact.,YES,YES,QUALITATIVE_ONLY,NO,SOURCE_LOCAL_ONLY;NO_EXACT_ATLAS_JOIN,Energy dependency is retained as an operational interface without numeric confidence or power-flow meaning. Local caveat: Grid interconnection/auxiliary dependence; no bus topology or flow inferred.
AR-3B-DEP-012-f29e0222,3B,data/processed/networks/energy_dependency_edges.csv,DEP-012,,,,,SYS-ENERGY,SYS-ENERGY,fuel,generation,material flow,generalized external interface,generalized external interface,nonjoinable,system-level,OBSERVED_DOCUMENTED,documented,SRC-EIA-NG-CONTRACTS-2018,,high,,directed_local_record,system-level,2026 baseline,BASELINE_DEPENDENCY,engineering_dependency,Local uncertainty/notes retained in source artifact.,YES,YES,QUALITATIVE_ONLY,NO,SOURCE_LOCAL_ONLY;NO_EXACT_ATLAS_JOIN,Fuel is retained as material input and is not collapsed into electricity or grid control. Local caveat: Generalized gas supply and delivery dependence; no pipeline or contract assigned.
AR-3B-DEP-013-741cffd1,3B,data/processed/networks/energy_dependency_edges.csv,DEP-013,,,,,SYS-ENERGY,SYS-ENERGY,fuel,generation,material flow,generalized external interface,generalized external interface,nonjoinable,system-level,OBSERVED_DOCUMENTED,documented,SRC-EIA-NG-CONTRACTS-2018,,high,,directed_local_record,system-level,2026 baseline,BASELINE_DEPENDENCY,engineering_dependency,Local uncertainty/notes retained in source artifact.,YES,YES,QUALITATIVE_ONLY,NO,SOURCE_LOCAL_ONLY;NO_EXACT_ATLAS_JOIN,Fuel is retained as material input and is not collapsed into electricity or grid control. Local caveat: Generalized gas supply and delivery dependence; no pipeline or contract assigned.
AR-3B-DEP-014-b78b9e94,3B,data/processed/networks/energy_dependency_edges.csv,DEP-014,,,,,SYS-ENERGY,SYS-ENERGY,fuel,generation,material flow,generalized external interface,generalized external interface,nonjoinable,system-level,OBSERVED_DOCUMENTED,documented,SRC-EIA-NG-CONTRACTS-2018,,high,,directed_local_record,system-level,2026 baseline,BASELINE_DEPENDENCY,engineering_dependency,Local uncertainty/notes retained in source artifact.,YES,YES,QUALITATIVE_ONLY,NO,SOURCE_LOCAL_ONLY;NO_EXACT_ATLAS_JOIN,Fuel is retained as material input and is not collapsed into electricity or grid control. Local caveat: Generalized gas supply and delivery dependence; no pipeline or contract assigned.
AR-3B-DEP-015-b036ada1,3B,data/processed/networks/energy_dependency_edges.csv,DEP-015,,,,,SYS-ENERGY,SYS-ENERGY,fuel,generation,material flow,generalized external interface,generalized external interface,nonjoinable,system-level,INFERRED,inferred,SRC-DTE-MONROE-2024,,medium,,directed_local_record,system-level,2026 baseline,BASELINE_DEPENDENCY,inferred,Local uncertainty/notes retained in source artifact.,YES,YES,QUALITATIVE_ONLY,NO,SOURCE_LOCAL_ONLY;NO_EXACT_ATLAS_JOIN,"Inferred relationship retained: Coal/petcoke feed and logistics are required in general; source, route, and inventory are unresolved."
AR-3B-DEP-016-95a609bc,3B,data/processed/networks/energy_dependency_edges.csv,DEP-016,,,,,SYS-WATER,SYS-ENERGY,water,generation,operational dependency,generalized external interface,generalized external interface,nonjoinable,system-level,OBSERVED_DOCUMENTED,documented,SRC-NRC-COOLING-GENERIC-2026,,high,,directed_local_record,system-level,2026 baseline,BASELINE_DEPENDENCY,engineering_dependency,Local uncertainty/notes retained in source artifact.,YES,YES,QUALITATIVE_ONLY,NO,SOURCE_LOCAL_ONLY;NO_EXACT_ATLAS_JOIN,"Energy dependency is retained as an operational interface without numeric confidence or power-flow meaning. Local caveat: General thermal/cooling dependence; plant-specific intake, withdrawal, and permit conditions are not modeled."
AR-3B-DEP-017-084c747c,3B,data/processed/networks/energy_dependency_edges.csv,DEP-017,,,,,SYS-WATER,SYS-ENERGY,water,generation,operational dependency,generalized external interface,generalized external interface,nonjoinable,system-level,OBSERVED_DOCUMENTED,documented,SRC-NRC-COOLING-GENERIC-2026,,high,,directed_local_record,system-level,2026 baseline,BASELINE_DEPENDENCY,engineering_dependency,Local uncertainty/notes retained in source artifact.,YES,YES,QUALITATIVE_ONLY,NO,SOURCE_LOCAL_ONLY;NO_EXACT_ATLAS_JOIN,"Energy dependency is retained as an operational interface without numeric confidence or power-flow meaning. Local caveat: General thermal/cooling dependence; plant-specific intake, withdrawal, and permit conditions are not modeled."
AR-3B-DEP-018-5d98cd4b,3B,data/processed/networks/energy_dependency_edges.csv,DEP-018,,,,,SYS-WATER,SYS-ENERGY,water,generation,operational dependency,generalized external interface,generalized external interface,nonjoinable,system-level,OBSERVED_DOCUMENTED,documented,SRC-EIA-PLANTS-2025,,medium,,directed_local_record,system-level,2026 baseline,BASELINE_DEPENDENCY,engineering_dependency,Local uncertainty/notes retained in source artifact.,YES,YES,QUALITATIVE_ONLY,NO,SOURCE_LOCAL_ONLY;NO_EXACT_ATLAS_JOIN,"Energy dependency is retained as an operational interface without numeric confidence or power-flow meaning. Local caveat: General thermal/cooling dependence; plant-specific intake, withdrawal, and permit conditions are not modeled."
AR-3B-DEP-019-f529a891,3B,data/processed/networks/energy_dependency_edges.csv,DEP-019,,,,,SYS-WATER,SYS-ENERGY,water,generation,operational dependency,generalized external interface,generalized external interface,nonjoinable,system-level,OBSERVED_DOCUMENTED,documented,SRC-EIA-PLANTS-2025,,medium,,directed_local_record,system-level,2026 baseline,BASELINE_DEPENDENCY,engineering_dependency,Local uncertainty/notes retained in source artifact.,YES,YES,QUALITATIVE_ONLY,NO,SOURCE_LOCAL_ONLY;NO_EXACT_ATLAS_JOIN,"Energy dependency is retained as an operational interface without numeric confidence or power-flow meaning. Local caveat: General thermal/cooling dependence; plant-specific intake, withdrawal, and permit conditions are not modeled."
AR-3B-DEP-020-e10bc23a,3B,data/processed/networks/energy_dependency_edges.csv,DEP-020,,,,,SYS-WATER,SYS-ENERGY,water,generation,operational dependency,generalized external interface,generalized external interface,nonjoinable,system-level,OBSERVED_DOCUMENTED,documented,SRC-EIA-PLANTS-2025,,medium,,directed_local_record,system-level,2026 baseline,BASELINE_DEPENDENCY,engineering_dependency,Local uncertainty/notes retained in source artifact.,YES,YES,QUALITATIVE_ONLY,NO,SOURCE_LOCAL_ONLY;NO_EXACT_ATLAS_JOIN,"Energy dependency is retained as an operational interface without numeric confidence or power-flow meaning. Local caveat: General thermal/cooling dependence; plant-specific intake, withdrawal, and permit conditions are not modeled."
AR-3B-DEP-021-a746639b,3B,data/processed/networks/energy_dependency_edges.csv,DEP-021,,,,,SYS-WATER,SYS-ENERGY,water,generation,operational dependency,generalized external interface,generalized external interface,nonjoinable,system-level,OBSERVED_DOCUMENTED,documented,SRC-EIA-PLANTS-2025,,medium,,directed_local_record,system-level,2026 baseline,BASELINE_DEPENDENCY,engineering_dependency,Local uncertainty/notes retained in source artifact.,YES,YES,QUALITATIVE_ONLY,NO,SOURCE_LOCAL_ONLY;NO_EXACT_ATLAS_JOIN,"Energy dependency is retained as an operational interface without numeric confidence or power-flow meaning. Local caveat: General thermal/cooling dependence; plant-specific intake, withdrawal, and permit conditions are not modeled."
AR-3B-DEP-022-fc0f77cb,3B,data/processed/networks/energy_dependency_edges.csv,DEP-022,,,,,SYS-CLIMATE,SYS-ENERGY,weather,generation,ecological relationship,generalized external interface,generalized external interface,nonjoinable,system-level,OBSERVED_DOCUMENTED,documented,SRC-DOE-VRE-2026,,high,,directed_local_record,system-level,2026 baseline,BASELINE_DEPENDENCY,engineering_dependency,Local uncertainty/notes retained in source artifact.,YES,YES,QUALITATIVE_ONLY,NO,SOURCE_LOCAL_ONLY;NO_EXACT_ATLAS_JOIN,"Weather context is retained as an external physical interface, not an energy flow or risk claim. Local caveat: Weather-dependent availability is qualitative; no production forecast or capacity factor inferred."
AR-3B-DEP-023-4d913893,3B,data/processed/networks/energy_dependency_edges.csv,DEP-023,,,,,SYS-CLIMATE,SYS-ENERGY,weather,generation,ecological relationship,generalized external interface,generalized external interface,nonjoinable,system-level,OBSERVED_DOCUMENTED,documented,SRC-DOE-VRE-2026,,high,,directed_local_record,system-level,2026 baseline,BASELINE_DEPENDENCY,engineering_dependency,Local uncertainty/notes retained in source artifact.,YES,YES,QUALITATIVE_ONLY,NO,SOURCE_LOCAL_ONLY;NO_EXACT_ATLAS_JOIN,"Weather context is retained as an external physical interface, not an energy flow or risk claim. Local caveat: Weather-dependent availability is qualitative; no production forecast or capacity factor inferred."
AR-3B-DEP-024-1622c84c,3B,data/processed/networks/energy_dependency_edges.csv,DEP-024,,,,,SYS-CLIMATE,SYS-ENERGY,weather,generation,ecological relationship,generalized external interface,generalized external interface,nonjoinable,system-level,OBSERVED_DOCUMENTED,documented,SRC-DOE-VRE-2026,,high,,directed_local_record,system-level,2026 baseline,BASELINE_DEPENDENCY,engineering_dependency,Local uncertainty/notes retained in source artifact.,YES,YES,QUALITATIVE_ONLY,NO,SOURCE_LOCAL_ONLY;NO_EXACT_ATLAS_JOIN,"Weather context is retained as an external physical interface, not an energy flow or risk claim. Local caveat: Weather-dependent availability is qualitative; no production forecast or capacity factor inferred."
AR-3B-DEP-025-cd33fb8a,3B,data/processed/networks/energy_dependency_edges.csv,DEP-025,,,,,SYS-ENERGY,SYS-ENERGY,storage,energy,operational dependency,generalized external interface,generalized external interface,nonjoinable,system-level,OBSERVED_DOCUMENTED,documented,SRC-AMP-BG-2024,,medium,,directed_local_record,system-level,2026 baseline,BASELINE_DEPENDENCY,engineering_dependency,Local uncertainty/notes retained in source artifact.,YES,YES,QUALITATIVE_ONLY,NO,SOURCE_LOCAL_ONLY;NO_EXACT_ATLAS_JOIN,"Energy dependency is retained as an operational interface without numeric confidence or power-flow meaning. Local caveat: Storage can provide short-duration support; duration, dispatch, and sustained-loss replacement are unknown."
AR-3B-DEP-026-6a3ebdf3,3B,data/processed/networks/energy_dependency_edges.csv,DEP-026,,,,,SYS-ENERGY,SYS-ENERGY,storage,energy,operational dependency,generalized external interface,generalized external interface,nonjoinable,system-level,OBSERVED_DOCUMENTED,documented,SRC-EIA-PLANTS-2025,,medium,,directed_local_record,system-level,2026 baseline,BASELINE_DEPENDENCY,engineering_dependency,Local uncertainty/notes retained in source artifact.,YES,YES,QUALITATIVE_ONLY,NO,SOURCE_LOCAL_ONLY;NO_EXACT_ATLAS_JOIN,"Energy dependency is retained as an operational interface without numeric confidence or power-flow meaning. Local caveat: Storage can provide short-duration support; duration, dispatch, and sustained-loss replacement are unknown."
AR-3B-DEP-027-60a602d4,3B,data/processed/networks/energy_dependency_edges.csv,DEP-027,,,,,SYS-DATA,SYS-ENERGY,communications,energy,information / observation,generalized external interface,generalized external interface,nonjoinable,system-level,INFERRED,inferred,SRC-PJM-PLANNING-2026,,low,,directed_local_record,system-level,2026 baseline,BASELINE_DEPENDENCY,inferred,Local uncertainty/notes retained in source artifact.,YES,YES,QUALITATIVE_ONLY,NO,SOURCE_LOCAL_ONLY;NO_EXACT_ATLAS_JOIN,Inferred relationship retained: Operational communications are a generalized dependency; no communications topology or failure probability modeled.
AR-3B-DEP-028-5a097c3f,3B,data/processed/networks/energy_dependency_edges.csv,DEP-028,,,,,SYS-DATA,SYS-ENERGY,communications,energy,information / observation,generalized external interface,generalized external interface,nonjoinable,system-level,INFERRED,inferred,SRC-PJM-PLANNING-2026,,low,,directed_local_record,system-level,2026 baseline,BASELINE_DEPENDENCY,inferred,Local uncertainty/notes retained in source artifact.,YES,YES,QUALITATIVE_ONLY,NO,SOURCE_LOCAL_ONLY;NO_EXACT_ATLAS_JOIN,Inferred relationship retained: Operational communications are a generalized dependency; no communications topology or failure probability modeled.
AR-7B-DEP-001-04dee526,7B,data/processed/networks/exposure_dependency_edges.csv,DEP-001,EXP-001,EXP-002,ENT-EXPOSURE-EXP-001,ENT-EXPOSURE-EXP-002,SYS-EXPOSURE,SYS-EXPOSURE,,,ecological relationship,conceptual interface,conceptual interface,exact,exact,OBSERVED_DOCUMENTED,documented,noaa_hab,strong,high,,directed_local_record,system-level,2026 baseline,BASELINE_DEPENDENCY,Source-water condition is a prerequisite for intake-context analysis.,Toledo intake coordinate discrepancy,YES,YES,QUALITATIVE_ONLY,NO,VISUALIZATION_AND_QUALITATIVE_REASONING,"Ecological relationships retain native scale and do not imply abundance, establishment, contact, infection, or risk. Local caveat: Source water is not finished water or exposure."
AR-7B-DEP-002-47de731b,7B,data/processed/networks/exposure_dependency_edges.csv,DEP-002,EXP-004,EXP-003,ENT-EXPOSURE-EXP-004,ENT-EXPOSURE-EXP-003,SYS-EXPOSURE,SYS-EXPOSURE,,,operational dependency,conceptual interface,conceptual interface,exact,exact,OBSERVED_DOCUMENTED,documented,ohio_epa_hab,strong,high,,directed_local_record,system-level,2026 baseline,BASELINE_DEPENDENCY,Monitoring supports treatment and advisory decisions.,Coverage and timing vary,YES,YES,QUALITATIVE_ONLY,NO,VISUALIZATION_AND_QUALITATIVE_REASONING,"Dependency is not risk, failure probability, control proof, or causal effect. Local caveat: No dose inference."
AR-7B-DEP-003-f77472d4,7B,data/processed/networks/exposure_dependency_edges.csv,DEP-003,EXP-003,EXP-018,ENT-EXPOSURE-EXP-003,ENT-EXPOSURE-EXP-018,SYS-EXPOSURE,SYS-EXPOSURE,,,operational dependency,conceptual interface,conceptual interface,exact,exact,OBSERVED_DOCUMENTED,documented,toledo_water,moderate,high,,directed_local_record,system-level,2026 baseline,BASELINE_DEPENDENCY,Treatment is a control interface for finished-water protection.,Treatment performance data not modeled,YES,YES,QUALITATIVE_ONLY,NO,VISUALIZATION_AND_QUALITATIVE_REASONING,"Dependency is not risk, failure probability, control proof, or causal effect. Local caveat: Control reliance is not exposure confirmation."
AR-7B-DEP-004-4a08f920,7B,data/processed/networks/exposure_dependency_edges.csv,DEP-004,EXP-002,EXP-018,ENT-EXPOSURE-EXP-002,ENT-EXPOSURE-EXP-018,SYS-EXPOSURE,SYS-EXPOSURE,,,exposure pathway,conceptual interface,conceptual interface,exact,exact,OBSERVED_DOCUMENTED,documented,glos_intake,limited,moderate,,directed_local_record,system-level,2026 baseline,BASELINE_DEPENDENCY,A generic water-system-user context is required.,Individual contact unobserved,YES,YES,QUALITATIVE_ONLY,NO,VISUALIZATION_AND_QUALITATIVE_REASONING,"Exposure pathway is not documented exposure, dose, illness, or a risk score. Local caveat: No individual receptor is represented."
AR-7B-DEP-005-da0bbdbc,7B,data/processed/networks/exposure_dependency_edges.csv,DEP-005,EXP-005,EXP-006,ENT-EXPOSURE-EXP-005,ENT-EXPOSURE-EXP-006,SYS-EXPOSURE,SYS-EXPOSURE,,,ecological relationship,conceptual interface,conceptual interface,exact,exact,OBSERVED_DOCUMENTED,documented,epa_aqs,strong,high,,directed_local_record,system-level,2026 baseline,BASELINE_DEPENDENCY,Ambient measurements characterize regional conditions.,Spatial coverage nonuniform,YES,YES,QUALITATIVE_ONLY,NO,VISUALIZATION_AND_QUALITATIVE_REASONING,"Ecological relationships retain native scale and do not imply abundance, establishment, contact, infection, or risk. Local caveat: No facility contribution or plume."
AR-7B-DEP-006-43969f9a,7B,data/processed/networks/exposure_dependency_edges.csv,DEP-006,EXP-006,EXP-007,ENT-EXPOSURE-EXP-006,ENT-EXPOSURE-EXP-007,SYS-EXPOSURE,SYS-EXPOSURE,,,information / observation,conceptual interface,conceptual interface,exact,exact,OBSERVED_DOCUMENTED,documented,ohio_epa_air,moderate,moderate,,directed_local_record,system-level,2026 baseline,BASELINE_DEPENDENCY,State monitoring and regulatory interpretation add context.,Cross-border coverage,YES,YES,QUALITATIVE_ONLY,NO,VISUALIZATION_AND_QUALITATIVE_REASONING,"Observation, reporting, and decision support are not authority, control, or incidence. Local caveat: Measurement is not inhaled dose."
AR-7B-DEP-007-9aa827e3,7B,data/processed/networks/exposure_dependency_edges.csv,DEP-007,EXP-005,EXP-017,ENT-EXPOSURE-EXP-005,ENT-EXPOSURE-EXP-017,SYS-EXPOSURE,SYS-EXPOSURE,,,exposure pathway,conceptual interface,conceptual interface,exact,exact,OBSERVED_DOCUMENTED,documented,epa_aqs,limited,moderate,,directed_local_record,system-level,2026 baseline,BASELINE_DEPENDENCY,"Generic public context is an assumption, not measured contact.",Individual time/activity unknown,YES,YES,QUALITATIVE_ONLY,NO,VISUALIZATION_AND_QUALITATIVE_REASONING,"Exposure pathway is not documented exposure, dose, illness, or a risk score. Local caveat: No personal concentration."
AR-7B-DEP-008-babd8654,7B,data/processed/networks/exposure_dependency_edges.csv,DEP-008,EXP-006,EXP-017,ENT-EXPOSURE-EXP-006,ENT-EXPOSURE-EXP-017,SYS-EXPOSURE,SYS-EXPOSURE,,,operational dependency,conceptual interface,conceptual interface,exact,exact,OBSERVED_DOCUMENTED,documented,epa_aqs,moderate,high,,directed_local_record,system-level,2026 baseline,BASELINE_DEPENDENCY,Network placement limits spatial generalization.,Unmonitored locations,YES,YES,QUALITATIVE_ONLY,NO,VISUALIZATION_AND_QUALITATIVE_REASONING,"Dependency is not risk, failure probability, control proof, or causal effect. Local caveat: No plume or facility attribution."
AR-7B-DEP-009-3700e537,7B,data/processed/networks/exposure_dependency_edges.csv,DEP-009,EXP-008,EXP-009,ENT-EXPOSURE-EXP-008,ENT-EXPOSURE-EXP-009,SYS-EXPOSURE,SYS-EXPOSURE,,,ecological relationship,conceptual interface,conceptual interface,exact,exact,OBSERVED_DOCUMENTED,documented,usace_luckey_2026,strong,high,,directed_local_record,system-level,2026 baseline,BASELINE_DEPENDENCY,Documented legacy contamination motivates groundwater/remedy monitoring.,Medium and receptor boundaries,YES,YES,QUALITATIVE_ONLY,NO,VISUALIZATION_AND_QUALITATIVE_REASONING,"Ecological relationships retain native scale and do not imply abundance, establishment, contact, infection, or risk. Local caveat: No receptor-reaching plume."
AR-7B-DEP-010-ce72a4d2,7B,data/processed/networks/exposure_dependency_edges.csv,DEP-010,EXP-009,EXP-020,ENT-EXPOSURE-EXP-009,ENT-EXPOSURE-EXP-020,SYS-EXPOSURE,SYS-EXPOSURE,,,operational dependency,conceptual interface,conceptual interface,exact,exact,OBSERVED_DOCUMENTED,documented,usace_luckey_groundwater_2026,strong,high,,directed_local_record,system-level,2026 baseline,BASELINE_DEPENDENCY,Monitoring/remediation controls are documented at the site context.,Effectiveness not quantified,YES,YES,QUALITATIVE_ONLY,NO,VISUALIZATION_AND_QUALITATIVE_REASONING,"Dependency is not risk, failure probability, control proof, or causal effect. Local caveat: No individual exposure finding."
AR-7B-DEP-011-537ea58b,7B,data/processed/networks/exposure_dependency_edges.csv,DEP-011,EXP-008,EXP-020,ENT-EXPOSURE-EXP-008,ENT-EXPOSURE-EXP-020,SYS-EXPOSURE,SYS-EXPOSURE,,,exposure pathway,conceptual interface,conceptual interface,exact,exact,OBSERVED_DOCUMENTED,documented,usace_luckey_2026,limited,high,,directed_local_record,system-level,2026 baseline,BASELINE_DEPENDENCY,Worker/receptor contact is generic and unconfirmed.,Contact pathway unobserved,YES,YES,QUALITATIVE_ONLY,NO,VISUALIZATION_AND_QUALITATIVE_REASONING,"Exposure pathway is not documented exposure, dose, illness, or a risk score. Local caveat: No illness attribution."
AR-7B-DEP-012-8637f920,7B,data/processed/networks/exposure_dependency_edges.csv,DEP-012,EXP-009,EXP-020,ENT-EXPOSURE-EXP-009,ENT-EXPOSURE-EXP-020,SYS-EXPOSURE,SYS-EXPOSURE,,,operational dependency,conceptual interface,conceptual interface,exact,exact,OBSERVED_DOCUMENTED,documented,usace_luckey_2026,moderate,high,,directed_local_record,system-level,2026 baseline,BASELINE_DEPENDENCY,Historical production and current remediation are distinct.,Long-term conditions,YES,YES,QUALITATIVE_ONLY,NO,VISUALIZATION_AND_QUALITATIVE_REASONING,"Dependency is not risk, failure probability, control proof, or causal effect. Local caveat: No time-series exposure claim."
AR-7B-DEP-013-0178c3ec,7B,data/processed/networks/exposure_dependency_edges.csv,DEP-013,EXP-012,EXP-011,ENT-EXPOSURE-EXP-012,ENT-EXPOSURE-EXP-011,SYS-EXPOSURE,SYS-EXPOSURE,,,ecological relationship,conceptual interface,conceptual interface,exact,exact,OBSERVED_DOCUMENTED,documented,ohio_fish_advisories,moderate,high,,directed_local_record,system-level,2026 baseline,BASELINE_DEPENDENCY,Environmental condition can trigger monitoring/advisory context.,Consumption behavior unobserved,YES,YES,QUALITATIVE_ONLY,NO,VISUALIZATION_AND_QUALITATIVE_REASONING,"Ecological relationships retain native scale and do not imply abundance, establishment, contact, infection, or risk. Local caveat: Advisory is not proof of consumption."
AR-7B-DEP-014-8ddf7789,7B,data/processed/networks/exposure_dependency_edges.csv,DEP-014,EXP-011,EXP-019,ENT-EXPOSURE-EXP-011,ENT-EXPOSURE-EXP-019,SYS-EXPOSURE,SYS-EXPOSURE,,,governance / authority,conceptual interface,conceptual interface,exact,exact,OBSERVED_DOCUMENTED,documented,ohio_fish_advisories,moderate,high,,role_assignment,system-level,2026 baseline,BASELINE_DEPENDENCY,Advisory communicates protective guidance to generic consumers.,Receipt and compliance unknown,YES,YES,QUALITATIVE_ONLY,NO,VISUALIZATION_AND_QUALITATIVE_REASONING,"Governance, monitoring, funding, advice, ownership, and coordination remain distinct from operational control. Local caveat: No dose or harm inference."
AR-7B-DEP-015-f9c23ae9,7B,data/processed/networks/exposure_dependency_edges.csv,DEP-015,EXP-013,EXP-019,ENT-EXPOSURE-EXP-013,ENT-EXPOSURE-EXP-019,SYS-EXPOSURE,SYS-EXPOSURE,,,operational dependency,conceptual interface,conceptual interface,exact,exact,OBSERVED_DOCUMENTED,documented,ohio_recreational_water,strong,high,,directed_local_record,system-level,2026 baseline,BASELINE_DEPENDENCY,Recreational-water monitoring supports public advisories.,Temporal sampling limits,YES,YES,QUALITATIVE_ONLY,NO,VISUALIZATION_AND_QUALITATIVE_REASONING,"Dependency is not risk, failure probability, control proof, or causal effect. Local caveat: No individual recreation observed."
AR-7B-DEP-016-05a81b76,7B,data/processed/networks/exposure_dependency_edges.csv,DEP-016,EXP-013,EXP-019,ENT-EXPOSURE-EXP-013,ENT-EXPOSURE-EXP-019,SYS-EXPOSURE,SYS-EXPOSURE,,,exposure pathway,conceptual interface,conceptual interface,exact,exact,OBSERVED_DOCUMENTED,documented,ohio_recreational_water,limited,high,,directed_local_record,system-level,2026 baseline,BASELINE_DEPENDENCY,Recreation and consumption are generic receptor contexts.,Activity and contact unknown,YES,YES,QUALITATIVE_ONLY,NO,VISUALIZATION_AND_QUALITATIVE_REASONING,"Exposure pathway is not documented exposure, dose, illness, or a risk score. Local caveat: No documented exposure."
AR-7B-DEP-017-d3a10e50,7B,data/processed/networks/exposure_dependency_edges.csv,DEP-017,EXP-014,EXP-015,ENT-EXPOSURE-EXP-014,ENT-EXPOSURE-EXP-015,SYS-EXPOSURE,SYS-EXPOSURE,,,ecological relationship,conceptual interface,conceptual interface,exact,exact,OBSERVED_DOCUMENTED,documented,nws_heat,strong,high,,directed_local_record,system-level,2026 baseline,BASELINE_DEPENDENCY,Heat/humidity observations support warning products.,Local microconditions,YES,YES,QUALITATIVE_ONLY,NO,VISUALIZATION_AND_QUALITATIVE_REASONING,"Ecological relationships retain native scale and do not imply abundance, establishment, contact, infection, or risk. Local caveat: No personal heat dose."
AR-7B-DEP-018-76244b49,7B,data/processed/networks/exposure_dependency_edges.csv,DEP-018,EXP-015,EXP-016,ENT-EXPOSURE-EXP-015,ENT-EXPOSURE-EXP-016,SYS-EXPOSURE,SYS-EXPOSURE,,,governance / authority,conceptual interface,conceptual interface,exact,exact,OBSERVED_DOCUMENTED,documented,nws_heat,moderate,high,,role_assignment,system-level,2026 baseline,BASELINE_DEPENDENCY,Warnings and guidance are control/adaptation interfaces.,Receipt/action unknown,YES,YES,QUALITATIVE_ONLY,NO,VISUALIZATION_AND_QUALITATIVE_REASONING,"Governance, monitoring, funding, advice, ownership, and coordination remain distinct from operational control. Local caveat: No illness model."
AR-7B-DEP-019-1ab9c523,7B,data/processed/networks/exposure_dependency_edges.csv,DEP-019,EXP-014,EXP-016,ENT-EXPOSURE-EXP-014,ENT-EXPOSURE-EXP-016,SYS-EXPOSURE,SYS-EXPOSURE,,,exposure pathway,conceptual interface,conceptual interface,exact,exact,OBSERVED_DOCUMENTED,documented,nws_heat,limited,high,,directed_local_record,system-level,2026 baseline,BASELINE_DEPENDENCY,Outdoor work/general-public context is generic.,Behavior and occupation unknown,YES,YES,QUALITATIVE_ONLY,NO,VISUALIZATION_AND_QUALITATIVE_REASONING,"Exposure pathway is not documented exposure, dose, illness, or a risk score. Local caveat: No personal exposure confirmation."
AR-7B-DEP-020-deff8718,7B,data/processed/networks/exposure_dependency_edges.csv,DEP-020,EXP-014,EXP-015,ENT-EXPOSURE-EXP-014,ENT-EXPOSURE-EXP-015,SYS-EXPOSURE,SYS-EXPOSURE,,,operational dependency,conceptual interface,conceptual interface,exact,exact,OBSERVED_DOCUMENTED,documented,nws_heat,moderate,high,,directed_local_record,system-level,2026 baseline,BASELINE_DEPENDENCY,Heat opportunity is event- and time-dependent.,Duration not modeled,YES,YES,QUALITATIVE_ONLY,NO,VISUALIZATION_AND_QUALITATIVE_REASONING,"Dependency is not risk, failure probability, control proof, or causal effect. Local caveat: No cumulative heat burden."
AR-5C-FDE-001-7feb31ca,5C,data/processed/networks/freight_dependency_edges.csv,FDE-001,FRT-PORT-TOLEDO,FRT-MKT-GREAT-LAKES,ENT-FREIGHT-FRT-PORT-TOLEDO,,SYS-FREIGHT,SYS-FREIGHT,,,operational dependency,physical asset,generalized external interface,exact,system-level,OBSERVED_DOCUMENTED,documented,phase5a_toledo_port,high,,,directed_local_record,system-level,2026 baseline,BASELINE_DEPENDENCY,documented_corridor,Local uncertainty/notes retained in source artifact.,YES,YES,QUALITATIVE_ONLY,NO,VISUALIZATION_AND_QUALITATIVE_REASONING,"Dependency is not risk, failure probability, control proof, or causal effect. Local caveat: Port of Toledo is a marine gateway to Great Lakes/St. Lawrence markets; no volume or vessel schedule."
AR-5C-FDE-002-fec56d21,5C,data/processed/networks/freight_dependency_edges.csv,FDE-002,FRT-PORT-TOLEDO,FRT-RAIL-NS,ENT-FREIGHT-FRT-PORT-TOLEDO,ENT-FREIGHT-FRT-RAIL-NS,SYS-FREIGHT,SYS-FREIGHT,,,material flow,physical asset,physical asset,exact,exact,OBSERVED_DOCUMENTED,documented,phase5a_toledo_port,moderate,,,directed_local_record,system-level,2026 baseline,BASELINE_DEPENDENCY,documented_interchange,Local uncertainty/notes retained in source artifact.,YES,YES,QUALITATIVE_ONLY,NO,VISUALIZATION_AND_QUALITATIVE_REASONING,"Material or freight relationships do not imply shipment quantity, exact route, capacity, or continuous flow. Local caveat: On-dock Class I access and public NS interface are documented; carrier substitution is not evaluated."
AR-5C-FDE-003-188a2b76,5C,data/processed/networks/freight_dependency_edges.csv,FDE-003,FRT-PORT-TOLEDO,FRT-RAIL-CSXT,ENT-FREIGHT-FRT-PORT-TOLEDO,ENT-FREIGHT-FRT-RAIL-CSXT,SYS-FREIGHT,SYS-FREIGHT,,,material flow,physical asset,physical asset,exact,exact,OBSERVED_DOCUMENTED,documented,phase5a_toledo_port,moderate,,,directed_local_record,system-level,2026 baseline,BASELINE_DEPENDENCY,documented_interchange,Local uncertainty/notes retained in source artifact.,YES,YES,QUALITATIVE_ONLY,NO,VISUALIZATION_AND_QUALITATIVE_REASONING,"Material or freight relationships do not imply shipment quantity, exact route, capacity, or continuous flow. Local caveat: Public port carrier listing supports relevance; terminal assignment is not established."
AR-5C-FDE-004-4ac3be5f,5C,data/processed/networks/freight_dependency_edges.csv,FDE-004,FRT-PORT-TOLEDO,FRT-RAIL-CN,ENT-FREIGHT-FRT-PORT-TOLEDO,ENT-FREIGHT-FRT-RAIL-CN,SYS-FREIGHT,SYS-FREIGHT,,,material flow,physical asset,physical asset,exact,exact,OBSERVED_DOCUMENTED,documented,phase5a_toledo_port,moderate,,,directed_local_record,system-level,2026 baseline,BASELINE_DEPENDENCY,documented_interchange,Local uncertainty/notes retained in source artifact.,YES,YES,QUALITATIVE_ONLY,NO,VISUALIZATION_AND_QUALITATIVE_REASONING,"Material or freight relationships do not imply shipment quantity, exact route, capacity, or continuous flow. Local caveat: Public port carrier listing supports relevance; terminal assignment is not established."
AR-5C-FDE-005-2715f461,5C,data/processed/networks/freight_dependency_edges.csv,FDE-005,FRT-PORT-TOLEDO,FRT-HWY-I75,ENT-FREIGHT-FRT-PORT-TOLEDO,ENT-FREIGHT-FRT-HWY-I75,SYS-FREIGHT,SYS-FREIGHT,,,operational dependency,physical asset,physical asset,exact,exact,OBSERVED_DOCUMENTED,documented,phase5a_toledo_port,high,,,directed_local_record,system-level,2026 baseline,BASELINE_DEPENDENCY,documented_facility_access,Local uncertainty/notes retained in source artifact.,YES,YES,QUALITATIVE_ONLY,NO,VISUALIZATION_AND_QUALITATIVE_REASONING,"Dependency is not risk, failure probability, control proof, or causal effect. Local caveat: Port access to I-75 is documented; no plant-specific truck route is modeled."
AR-5C-FDE-006-3cde0065,5C,data/processed/networks/freight_dependency_edges.csv,FDE-006,FRT-PORT-TOLEDO,FRT-HWY-I80-90,ENT-FREIGHT-FRT-PORT-TOLEDO,ENT-FREIGHT-FRT-HWY-I80-90,SYS-FREIGHT,SYS-FREIGHT,,,operational dependency,physical asset,physical asset,exact,exact,OBSERVED_DOCUMENTED,documented,phase5a_toledo_port,high,,,directed_local_record,system-level,2026 baseline,BASELINE_DEPENDENCY,documented_facility_access,Local uncertainty/notes retained in source artifact.,YES,YES,QUALITATIVE_ONLY,NO,VISUALIZATION_AND_QUALITATIVE_REASONING,"Dependency is not risk, failure probability, control proof, or causal effect. Local caveat: Port access to I-80/90 is documented; no plant-specific truck route is modeled."
AR-5C-FDE-007-9d5eb34e,5C,data/processed/networks/freight_dependency_edges.csv,FDE-007,FRT-TERM-IRONVILLE,FRT-MKT-MIDWEST-INDUSTRIAL,ENT-FREIGHT-FRT-TERM-IRONVILLE,,SYS-FREIGHT,SYS-FREIGHT,,,operational dependency,physical asset,generalized external interface,exact,system-level,OBSERVED_DOCUMENTED,documented,phase5a_toledo_port,high,,,directed_local_record,system-level,2026 baseline,BASELINE_DEPENDENCY,documented_shipment_relationship,Local uncertainty/notes retained in source artifact.,YES,YES,QUALITATIVE_ONLY,NO,VISUALIZATION_AND_QUALITATIVE_REASONING,"Dependency is not risk, failure probability, control proof, or causal effect. Local caveat: Ironville finished product exits by truck and rail to generalized markets; no destination facility is named."
AR-5C-FDE-008-8bb93cb8,5C,data/processed/networks/freight_dependency_edges.csv,FDE-008,FRT-RAIL-NS,FRT-MKT-MIDWEST-INDUSTRIAL,ENT-FREIGHT-FRT-RAIL-NS,,SYS-FREIGHT,SYS-FREIGHT,,,operational dependency,physical asset,generalized external interface,exact,system-level,OBSERVED_DOCUMENTED,documented,phase5a_ntad_rail,moderate,,,directed_local_record,system-level,2026 baseline,BASELINE_DEPENDENCY,documented_corridor,Local uncertainty/notes retained in source artifact.,YES,YES,QUALITATIVE_ONLY,NO,VISUALIZATION_AND_QUALITATIVE_REASONING,"Dependency is not risk, failure probability, control proof, or causal effect. Local caveat: Public corridor supports regional connectivity; facility-specific dependence is unknown."
AR-5C-FDE-009-0d416096,5C,data/processed/networks/freight_dependency_edges.csv,FDE-009,FRT-RAIL-CSXT,FRT-MKT-MIDWEST-INDUSTRIAL,ENT-FREIGHT-FRT-RAIL-CSXT,,SYS-FREIGHT,SYS-FREIGHT,,,operational dependency,physical asset,generalized external interface,exact,system-level,OBSERVED_DOCUMENTED,documented,phase5a_ntad_rail,moderate,,,directed_local_record,system-level,2026 baseline,BASELINE_DEPENDENCY,documented_corridor,Local uncertainty/notes retained in source artifact.,YES,YES,QUALITATIVE_ONLY,NO,VISUALIZATION_AND_QUALITATIVE_REASONING,"Dependency is not risk, failure probability, control proof, or causal effect. Local caveat: Public corridor supports regional connectivity; facility-specific dependence is unknown."
AR-5C-FDE-010-18c5eb18,5C,data/processed/networks/freight_dependency_edges.csv,FDE-010,FRT-RAIL-CN,FRT-MKT-GREAT-LAKES,ENT-FREIGHT-FRT-RAIL-CN,,SYS-FREIGHT,SYS-FREIGHT,,,operational dependency,physical asset,generalized external interface,exact,system-level,OBSERVED_DOCUMENTED,documented,phase5a_ntad_rail,moderate,,,directed_local_record,system-level,2026 baseline,BASELINE_DEPENDENCY,documented_corridor,Local uncertainty/notes retained in source artifact.,YES,YES,QUALITATIVE_ONLY,NO,VISUALIZATION_AND_QUALITATIVE_REASONING,"Dependency is not risk, failure probability, control proof, or causal effect. Local caveat: Public corridor supports regional connectivity; facility-specific dependence is unknown."
AR-5C-FDE-011-1aa89160,5C,data/processed/networks/freight_dependency_edges.csv,FDE-011,FRT-HWY-I75,FRT-MKT-MICHIGAN-CANADA,ENT-FREIGHT-FRT-HWY-I75,,SYS-FREIGHT,SYS-FREIGHT,,,operational dependency,physical asset,generalized external interface,exact,system-level,OBSERVED_DOCUMENTED,documented,phase5a_fhwa_faf,moderate,,,directed_local_record,system-level,2026 baseline,BASELINE_DEPENDENCY,documented_corridor,Local uncertainty/notes retained in source artifact.,YES,YES,QUALITATIVE_ONLY,NO,VISUALIZATION_AND_QUALITATIVE_REASONING,"Dependency is not risk, failure probability, control proof, or causal effect. Local caveat: Freight-relevant corridor supports broad regional connectivity, not a specific shipper."
AR-5C-FDE-012-aa7256b4,5C,data/processed/networks/freight_dependency_edges.csv,FDE-012,FRT-HWY-I80-90,FRT-MKT-MIDWEST-INDUSTRIAL,ENT-FREIGHT-FRT-HWY-I80-90,,SYS-FREIGHT,SYS-FREIGHT,,,operational dependency,physical asset,generalized external interface,exact,system-level,OBSERVED_DOCUMENTED,documented,phase5a_fhwa_faf,moderate,,,directed_local_record,system-level,2026 baseline,BASELINE_DEPENDENCY,documented_corridor,Local uncertainty/notes retained in source artifact.,YES,YES,QUALITATIVE_ONLY,NO,VISUALIZATION_AND_QUALITATIVE_REASONING,"Dependency is not risk, failure probability, control proof, or causal effect. Local caveat: Freight-relevant corridor supports broad regional connectivity, not a specific shipper."
AR-5C-FDE-013-a496499f,5C,data/processed/networks/freight_dependency_edges.csv,FDE-013,FRT-FUEL-EXTERNAL,ENE-EIA-59764,,ENT-ENERGY-ENE-EIA-59764,SYS-FREIGHT,SYS-ENERGY,,,material flow,generalized external interface,physical asset,system-level,exact,OBSERVED_DOCUMENTED,documented,phase5a_eia_petroleum,low,,,directed_local_record,system-level,2026 baseline,BASELINE_DEPENDENCY,engineering_logistics_dependency,Local uncertainty/notes retained in source artifact.,YES,YES,QUALITATIVE_ONLY,NO,VISUALIZATION_AND_QUALITATIVE_REASONING,"Material or freight relationships do not imply shipment quantity, exact route, capacity, or continuous flow. Local caveat: Generalized fuel interface only; no pipeline or contract route is represented."
AR-5C-FDE-014-f2404357,5C,data/processed/networks/freight_dependency_edges.csv,FDE-014,CARB-EXT-AREA-WOODVILLE,FRT-MKT-MIDWEST-INDUSTRIAL,,,,SYS-FREIGHT,,,operational dependency,generalized external interface,generalized external interface,nonjoinable,system-level,OBSERVED_DOCUMENTED,documented,phase5a_area_woodville,moderate,,,directed_local_record,system-level,2026 baseline,BASELINE_DEPENDENCY,generalized_supply_chain,Local uncertainty/notes retained in source artifact.,YES,YES,QUALITATIVE_ONLY,NO,SOURCE_LOCAL_ONLY;NO_EXACT_ATLAS_JOIN,"Dependency is not risk, failure probability, control proof, or causal effect. Local caveat: Aggregate product function implies logistics, but mode and customer are unknown."
AR-5C-FDE-015-b08b5e68,5C,data/processed/networks/freight_dependency_edges.csv,FDE-015,CARB-PROC-MM-WOODVILLE,FRT-MKT-MIDWEST-INDUSTRIAL,,,,SYS-FREIGHT,,,operational dependency,generalized external interface,generalized external interface,nonjoinable,system-level,OBSERVED_DOCUMENTED,documented,phase5a_mm_woodville,moderate,,,directed_local_record,system-level,2026 baseline,BASELINE_DEPENDENCY,generalized_supply_chain,Local uncertainty/notes retained in source artifact.,YES,YES,QUALITATIVE_ONLY,NO,SOURCE_LOCAL_ONLY;NO_EXACT_ATLAS_JOIN,"Dependency is not risk, failure probability, control proof, or causal effect. Local caveat: Lime distribution is generalized; no road or rail assignment is made."
AR-5C-FDE-016-e60221fb,5C,data/processed/networks/freight_dependency_edges.csv,FDE-016,CARB-PROC-GRAYMONT-GENOA,FRT-MKT-MIDWEST-INDUSTRIAL,,,,SYS-FREIGHT,,,operational dependency,generalized external interface,generalized external interface,nonjoinable,system-level,OBSERVED_DOCUMENTED,documented,phase5a_graymont_genoa,moderate,,,directed_local_record,system-level,2026 baseline,BASELINE_DEPENDENCY,generalized_supply_chain,Local uncertainty/notes retained in source artifact.,YES,YES,QUALITATIVE_ONLY,NO,SOURCE_LOCAL_ONLY;NO_EXACT_ATLAS_JOIN,"Dependency is not risk, failure probability, control proof, or causal effect. Local caveat: Genoa product role is documented; source quarry and freight mode remain unresolved."
AR-5C-FDE-017-71297b99,5C,data/processed/networks/freight_dependency_edges.csv,FDE-017,BER-PROC-ELMORE,FRT-MKT-GREAT-LAKES,,,,SYS-FREIGHT,,,operational dependency,generalized external interface,generalized external interface,nonjoinable,system-level,OBSERVED_DOCUMENTED,documented,phase5a_materion_elmore,moderate,,,directed_local_record,system-level,2026 baseline,BASELINE_DEPENDENCY,generalized_supply_chain,Local uncertainty/notes retained in source artifact.,YES,YES,QUALITATIVE_ONLY,NO,SOURCE_LOCAL_ONLY;NO_EXACT_ATLAS_JOIN,"Dependency is not risk, failure probability, control proof, or causal effect. Local caveat: Nonlocal feed and broad strategic end-use context imply external orientation; route and mode absent."
AR-5C-FDE-018-0ff96304,5C,data/processed/networks/freight_dependency_edges.csv,FDE-018,BER-LEG-LUCKEY,FRT-MKT-LICENSED-DISPOSAL,,,,SYS-FREIGHT,,,operational dependency,generalized external interface,generalized external interface,nonjoinable,system-level,OBSERVED_DOCUMENTED,documented,phase5a_luckey_logistics,high,,,directed_local_record,system-level,2026 baseline,BASELINE_DEPENDENCY,documented_flow,Local uncertainty/notes retained in source artifact.,YES,YES,QUALITATIVE_ONLY,NO,SOURCE_LOCAL_ONLY;NO_EXACT_ATLAS_JOIN,"Dependency is not risk, failure probability, control proof, or causal effect. Local caveat: Licensed off-site disposal is documented; destination and route remain generalized."
AR-5C-FDE-019-7859c884,5C,data/processed/networks/freight_dependency_edges.csv,FDE-019,FRT-AG-MIDWEST-BULK,FRT-MKT-GREAT-LAKES,,,SYS-FREIGHT,SYS-FREIGHT,,,operational dependency,generalized external interface,generalized external interface,system-level,system-level,OBSERVED_DOCUMENTED,documented,phase5a_fhwa_faf,low,,,directed_local_record,system-level,2026 baseline,BASELINE_DEPENDENCY,generalized_supply_chain,Local uncertainty/notes retained in source artifact.,YES,YES,QUALITATIVE_ONLY,NO,VISUALIZATION_AND_QUALITATIVE_REASONING,"Dependency is not risk, failure probability, control proof, or causal effect. Local caveat: Broad agricultural/bulk context only; Toledo-specific flow remains unresolved."
AR-5C-FDE-020-61295cba,5C,data/processed/networks/freight_dependency_edges.csv,FDE-020,FRT-PORT-TOLEDO,FRT-MKT-MIDWEST-INDUSTRIAL,ENT-FREIGHT-FRT-PORT-TOLEDO,,SYS-FREIGHT,SYS-FREIGHT,,,material flow,physical asset,generalized external interface,exact,system-level,OBSERVED_DOCUMENTED,documented,phase5b_toledo_annual_report,high,,,directed_local_record,system-level,2026 baseline,BASELINE_DEPENDENCY,documented_facility_access,Local uncertainty/notes retained in source artifact.,YES,YES,QUALITATIVE_ONLY,NO,VISUALIZATION_AND_QUALITATIVE_REASONING,"Material or freight relationships do not imply shipment quantity, exact route, capacity, or continuous flow. Local caveat: General-cargo warehouse and liquid-bulk transloading strengthen interchange context; no product route or quantity."
AR-10B-GDEP-001-f50f412f,10B,data/processed/analysis/governance_dependency_register.csv,GDEP-001,GA-012,GA-002,ENT-GOVERNANCE-GA-012,,SYS-GOVERNANCE,SYS-WATER,Biogeochemical / Nutrient Flux,Water,governance / authority,institutional actor,generalized external interface,exact,system-level,INFERRED,inferred,s10_h2ohio,moderate,,,role_assignment,state / state,2026 baseline,BASELINE_DEPENDENCY,Agricultural program coordination and point-source water regulation are separate institutional tracks; no individual nutrient duty is inferred.,Local uncertainty/notes retained in source artifact.,YES,YES,QUALITATIVE_ONLY,NO,VISUALIZATION_AND_QUALITATIVE_REASONING,Inferred relationship retained: Agricultural program coordination and point-source water regulation are separate institutional tracks; no individual nutrient duty is inferred.
AR-10B-GDEP-002-5ec5f5dd,10B,data/processed/analysis/governance_dependency_register.csv,GDEP-002,GA-002,GA-004,,,SYS-WATER,SYS-WATER,Water,Water,governance / authority,generalized external interface,generalized external interface,system-level,system-level,OBSERVED_DOCUMENTED,documented,s02_ohio_pws,high,,,role_assignment,state / public utility,2026 baseline,BASELINE_DEPENDENCY,Ohio EPA public-water requirements constrain the operator; no facility-specific permit is claimed by this general program source.,Local uncertainty/notes retained in source artifact.,YES,YES,QUALITATIVE_ONLY,NO,VISUALIZATION_AND_QUALITATIVE_REASONING,"Governance, monitoring, funding, advice, ownership, and coordination remain distinct from operational control. Local caveat: Ohio EPA public-water requirements constrain the operator; no facility-specific permit is claimed by this general program source."
AR-10B-GDEP-003-116307bf,10B,data/processed/analysis/governance_dependency_register.csv,GDEP-003,GA-005,GA-002,,,SYS-WATER,SYS-WATER,Water,Water,governance / authority,generalized external interface,generalized external interface,system-level,system-level,OBSERVED_DOCUMENTED,documented,s06_usgs_data,high,,,role_assignment,federal / state,2026 baseline,BASELINE_DEPENDENCY,"USGS water observations may inform regulation, but observation does not transfer regulatory authority.",Local uncertainty/notes retained in source artifact.,YES,YES,QUALITATIVE_ONLY,NO,VISUALIZATION_AND_QUALITATIVE_REASONING,"Governance, monitoring, funding, advice, ownership, and coordination remain distinct from operational control. Local caveat: USGS water observations may inform regulation, but observation does not transfer regulatory authority."
AR-10B-GDEP-004-85e19398,10B,data/processed/analysis/governance_dependency_register.csv,GDEP-004,GA-004,GA-002,,,SYS-WATER,SYS-WATER,Water,Water,governance / authority,generalized external interface,generalized external interface,system-level,system-level,OBSERVED_DOCUMENTED,documented,s04_toledo_quality,high,,,role_assignment,public utility / state,2026 baseline,BASELINE_DEPENDENCY,Toledo water monitoring/reporting supports Ohio EPA compliance; the utility remains the operator and Ohio EPA remains the regulator.,Local uncertainty/notes retained in source artifact.,YES,YES,QUALITATIVE_ONLY,NO,VISUALIZATION_AND_QUALITATIVE_REASONING,"Governance, monitoring, funding, advice, ownership, and coordination remain distinct from operational control. Local caveat: Toledo water monitoring/reporting supports Ohio EPA compliance; the utility remains the operator and Ohio EPA remains the regulator."
AR-10B-GDEP-005-53cbe3df,10B,data/processed/analysis/governance_dependency_register.csv,GDEP-005,GA-007,GA-004,,,SYS-WATER,SYS-WATER,Water,Water,governance / authority,generalized external interface,generalized external interface,system-level,system-level,INFERRED,inferred,s07_glerl,moderate,,,role_assignment,federal / public utility,2026 baseline,BASELINE_DEPENDENCY,Great Lakes research can inform management decisions without controlling the treatment plant.,Local uncertainty/notes retained in source artifact.,YES,YES,QUALITATIVE_ONLY,NO,VISUALIZATION_AND_QUALITATIVE_REASONING,Inferred relationship retained: Great Lakes research can inform management decisions without controlling the treatment plant.
AR-10B-GDEP-006-c366a062,10B,data/processed/analysis/governance_dependency_register.csv,GDEP-006,GA-006,GA-030,ENT-GOVERNANCE-GA-006,ENT-GOVERNANCE-GA-030,SYS-GOVERNANCE,SYS-GOVERNANCE,Climate / Natural Hazards,Energy / Grid / Compute,governance / authority,institutional actor,institutional actor,exact,exact,INFERRED,inferred,s36_nws,moderate,,,role_assignment,federal / private,2026 baseline,BASELINE_DEPENDENCY,Weather warnings may inform utility operations; no formal utility protocol or outcome is asserted.,Local uncertainty/notes retained in source artifact.,YES,YES,QUALITATIVE_ONLY,NO,VISUALIZATION_AND_QUALITATIVE_REASONING,Inferred relationship retained: Weather warnings may inform utility operations; no formal utility protocol or outcome is asserted.
AR-10B-GDEP-007-ab4adc56,10B,data/processed/analysis/governance_dependency_register.csv,GDEP-007,GA-026,GA-030,ENT-GOVERNANCE-GA-026,ENT-GOVERNANCE-GA-030,SYS-GOVERNANCE,SYS-GOVERNANCE,Energy / Grid / Compute,Energy / Grid / Compute,governance / authority,institutional actor,institutional actor,exact,exact,OBSERVED_DOCUMENTED,documented,s24_pjm,high,,,role_assignment,system operator / private,2026 baseline,BASELINE_DEPENDENCY,PJM wholesale/high-voltage operation and utility asset operation are linked but not identical; PJM is not utility ownership.,Local uncertainty/notes retained in source artifact.,YES,YES,QUALITATIVE_ONLY,NO,VISUALIZATION_AND_QUALITATIVE_REASONING,"Governance, monitoring, funding, advice, ownership, and coordination remain distinct from operational control. Local caveat: PJM wholesale/high-voltage operation and utility asset operation are linked but not identical; PJM is not utility ownership."
AR-10B-GDEP-008-0c18b4ec,10B,data/processed/analysis/governance_dependency_register.csv,GDEP-008,GA-024,GA-026,ENT-GOVERNANCE-GA-024,ENT-GOVERNANCE-GA-026,SYS-GOVERNANCE,SYS-GOVERNANCE,Energy / Grid / Compute,Energy / Grid / Compute,governance / authority,institutional actor,institutional actor,exact,exact,OBSERVED_DOCUMENTED,documented,s21_ferc,high,,,role_assignment,federal / system operator,2026 baseline,BASELINE_DEPENDENCY,FERC regulatory oversight and PJM operation occupy different institutional roles.,Local uncertainty/notes retained in source artifact.,YES,YES,QUALITATIVE_ONLY,NO,VISUALIZATION_AND_QUALITATIVE_REASONING,"Governance, monitoring, funding, advice, ownership, and coordination remain distinct from operational control. Local caveat: FERC regulatory oversight and PJM operation occupy different institutional roles."
AR-10B-GDEP-009-d1da76a2,10B,data/processed/analysis/governance_dependency_register.csv,GDEP-009,GA-025,GA-030,ENT-GOVERNANCE-GA-025,ENT-GOVERNANCE-GA-030,SYS-GOVERNANCE,SYS-GOVERNANCE,Energy / Grid / Compute,Energy / Grid / Compute,governance / authority,institutional actor,institutional actor,exact,exact,OBSERVED_DOCUMENTED,documented,s23_nerc,high,,,role_assignment,interstate / private,2026 baseline,BASELINE_DEPENDENCY,Reliability standards create requirements without making NERC the owner or physical operator of utility assets.,Local uncertainty/notes retained in source artifact.,YES,YES,QUALITATIVE_ONLY,NO,VISUALIZATION_AND_QUALITATIVE_REASONING,"Control-without-direct-observation remains a governance/authority distinction, not information flow or automatic enforcement. Local caveat: Reliability standards create requirements without making NERC the owner or physical operator of utility assets."
AR-10B-GDEP-010-e6257687,10B,data/processed/analysis/governance_dependency_register.csv,GDEP-010,GA-027,GA-030,ENT-GOVERNANCE-GA-027,ENT-GOVERNANCE-GA-030,SYS-GOVERNANCE,SYS-GOVERNANCE,Energy / Grid / Compute,Energy / Grid / Compute,governance / authority,institutional actor,institutional actor,exact,exact,OBSERVED_DOCUMENTED,documented,s25_puco,high,,,role_assignment,state / private,2026 baseline,BASELINE_DEPENDENCY,PUCO economic/service regulation is distinct from utility operation.,Local uncertainty/notes retained in source artifact.,YES,YES,QUALITATIVE_ONLY,NO,VISUALIZATION_AND_QUALITATIVE_REASONING,"Governance, monitoring, funding, advice, ownership, and coordination remain distinct from operational control. Local caveat: PUCO economic/service regulation is distinct from utility operation."
AR-10B-GDEP-011-0ac7c80b,10B,data/processed/analysis/governance_dependency_register.csv,GDEP-011,GA-006,GA-038,ENT-GOVERNANCE-GA-006,ENT-GOVERNANCE-GA-038,SYS-GOVERNANCE,SYS-GOVERNANCE,Climate / Natural Hazards,Climate / Natural Hazards,governance / authority,institutional actor,institutional actor,exact,exact,INFERRED,inferred,s36_nws,moderate,,,role_assignment,federal / county,2026 baseline,BASELINE_DEPENDENCY,NWS warning provision is documented; the specific warning-to-county planning protocol is inferred and no command structure is modeled.,Local uncertainty/notes retained in source artifact.,YES,YES,QUALITATIVE_ONLY,NO,VISUALIZATION_AND_QUALITATIVE_REASONING,Inferred relationship retained: NWS warning provision is documented; the specific warning-to-county planning protocol is inferred and no command structure is modeled.
AR-10B-GDEP-012-b33a04f2,10B,data/processed/analysis/governance_dependency_register.csv,GDEP-012,GA-010,GA-038,ENT-GOVERNANCE-GA-010,ENT-GOVERNANCE-GA-038,SYS-GOVERNANCE,SYS-GOVERNANCE,Climate / Natural Hazards,Climate / Natural Hazards,governance / authority,institutional actor,institutional actor,exact,exact,OBSERVED_DOCUMENTED,documented,s35_fema_mitigation,high,,,role_assignment,federal / county,2026 baseline,BASELINE_DEPENDENCY,FEMA assistance and planning conditions can support local mitigation without making FEMA the local planner/operator.,Local uncertainty/notes retained in source artifact.,YES,YES,QUALITATIVE_ONLY,NO,VISUALIZATION_AND_QUALITATIVE_REASONING,"Governance, monitoring, funding, advice, ownership, and coordination remain distinct from operational control. Local caveat: FEMA assistance and planning conditions can support local mitigation without making FEMA the local planner/operator."
AR-10B-GDEP-013-b7a283b3,10B,data/processed/analysis/governance_dependency_register.csv,GDEP-013,GA-010,GA-038,ENT-GOVERNANCE-GA-010,ENT-GOVERNANCE-GA-038,SYS-GOVERNANCE,SYS-GOVERNANCE,Climate / Natural Hazards,Climate / Natural Hazards,governance / authority,institutional actor,institutional actor,exact,exact,OBSERVED_DOCUMENTED,documented,s34_fema_nfhl,high,,,role_assignment,federal / county,2026 baseline,BASELINE_DEPENDENCY,NFHL data inform local planning; mapped data are not local ownership or observed-event control.,Local uncertainty/notes retained in source artifact.,YES,YES,QUALITATIVE_ONLY,NO,VISUALIZATION_AND_QUALITATIVE_REASONING,"Governance, monitoring, funding, advice, ownership, and coordination remain distinct from operational control. Local caveat: NFHL data inform local planning; mapped data are not local ownership or observed-event control."
AR-10B-GDEP-014-21f30e36,10B,data/processed/analysis/governance_dependency_register.csv,GDEP-014,GA-008,GA-002,ENT-GOVERNANCE-GA-008,ENT-GOVERNANCE-GA-002,SYS-GOVERNANCE,SYS-GOVERNANCE,Ecology / Biodiversity,Ecology / Biodiversity,governance / authority,institutional actor,institutional actor,exact,exact,INFERRED,inferred,s05_ohio_npdes,moderate,,,role_assignment,federal / state,2026 baseline,BASELINE_DEPENDENCY,"Ohio EPA source documents state permitting; the overlap with USACE is a qualified project inference, not a blanket legal conclusion.",Local uncertainty/notes retained in source artifact.,YES,YES,QUALITATIVE_ONLY,NO,VISUALIZATION_AND_QUALITATIVE_REASONING,"Inferred relationship retained: Ohio EPA source documents state permitting; the overlap with USACE is a qualified project inference, not a blanket legal conclusion."
AR-10B-GDEP-015-304290bc,10B,data/processed/analysis/governance_dependency_register.csv,GDEP-015,GA-009,GA-008,ENT-GOVERNANCE-GA-009,ENT-GOVERNANCE-GA-008,SYS-GOVERNANCE,SYS-GOVERNANCE,Ecology / Biodiversity,Ecology / Biodiversity,governance / authority,institutional actor,institutional actor,exact,exact,INFERRED,inferred,s08_usfws_nwi,moderate,,,role_assignment,federal / federal,2026 baseline,BASELINE_DEPENDENCY,USFWS inventory/monitoring may inform decisions without itself being the permitter.,Local uncertainty/notes retained in source artifact.,YES,YES,QUALITATIVE_ONLY,NO,VISUALIZATION_AND_QUALITATIVE_REASONING,Inferred relationship retained: USFWS inventory/monitoring may inform decisions without itself being the permitter.
AR-10B-GDEP-016-8cfa8e22,10B,data/processed/analysis/governance_dependency_register.csv,GDEP-016,GA-002,GA-015,,,SYS-WATER,SYS-WATER,Water,Water,governance / authority,generalized external interface,generalized external interface,system-level,system-level,OBSERVED_DOCUMENTED,documented,s14_gsgp,moderate,,,role_assignment,state / state,2026 baseline,BASELINE_DEPENDENCY,Ohio and Michigan state programs are separate authorities connected through regional Great Lakes coordination; no shared regulator is created.,Local uncertainty/notes retained in source artifact.,YES,YES,QUALITATIVE_ONLY,NO,VISUALIZATION_AND_QUALITATIVE_REASONING,"Governance, monitoring, funding, advice, ownership, and coordination remain distinct from operational control. Local caveat: Ohio and Michigan state programs are separate authorities connected through regional Great Lakes coordination; no shared regulator is created."
AR-10B-GDEP-017-ddb5a8fe,10B,data/processed/analysis/governance_dependency_register.csv,GDEP-017,GA-020,GA-019,,,SYS-WATER,SYS-WATER,Water,Water,governance / authority,generalized external interface,generalized external interface,system-level,system-level,INFERRED,inferred,s15_glwqa,limited,,,role_assignment,binational / binational,2026 baseline,BASELINE_DEPENDENCY,"GLWQA implementation and IJC reference/coordination roles are binational interfaces, not domestic permits.",Local uncertainty/notes retained in source artifact.,YES,YES,QUALITATIVE_ONLY,NO,VISUALIZATION_AND_QUALITATIVE_REASONING,"Inferred relationship retained: GLWQA implementation and IJC reference/coordination roles are binational interfaces, not domestic permits."
AR-10B-GDEP-018-20c52bbc,10B,data/processed/analysis/governance_dependency_register.csv,GDEP-018,GA-021,GA-018,ENT-GOVERNANCE-GA-021,,SYS-GOVERNANCE,SYS-WATER,Ecology / Biodiversity,Water,governance / authority,institutional actor,generalized external interface,exact,system-level,INFERRED,inferred,s17_glifwc,moderate,,,role_assignment,tribal / binational,2026 baseline,BASELINE_DEPENDENCY,Intertribal treaty-rights/resource expertise may inform regional coordination; no Western Basin jurisdiction is inferred.,Local uncertainty/notes retained in source artifact.,YES,YES,QUALITATIVE_ONLY,NO,VISUALIZATION_AND_QUALITATIVE_REASONING,Inferred relationship retained: Intertribal treaty-rights/resource expertise may inform regional coordination; no Western Basin jurisdiction is inferred.
AR-10B-GDEP-019-1bdecb34,10B,data/processed/analysis/governance_dependency_register.csv,GDEP-019,GA-022,GA-001,ENT-GOVERNANCE-GA-022,,SYS-GOVERNANCE,SYS-WATER,Ecology / Biodiversity,Water,governance / authority,institutional actor,generalized external interface,exact,system-level,OBSERVED_DOCUMENTED,documented,s18_epa_tribal,limited,,,role_assignment,tribal / federal,2026 baseline,BASELINE_DEPENDENCY,EPA describes Tribal-government involvement; this does not establish a specific nation-specific project jurisdiction.,Local uncertainty/notes retained in source artifact.,YES,YES,QUALITATIVE_ONLY,NO,VISUALIZATION_AND_QUALITATIVE_REASONING,"Governance, monitoring, funding, advice, ownership, and coordination remain distinct from operational control. Local caveat: EPA describes Tribal-government involvement; this does not establish a specific nation-specific project jurisdiction."
AR-10B-GDEP-020-6bc2d4d5,10B,data/processed/analysis/governance_dependency_register.csv,GDEP-020,GA-011,GA-013,ENT-GOVERNANCE-GA-011,,SYS-GOVERNANCE,SYS-WATER,Biogeochemical / Nutrient Flux,Water,governance / authority,institutional actor,generalized external interface,exact,system-level,OBSERVED_DOCUMENTED,documented,s11_nrcs_ohio,moderate,,,role_assignment,federal / special district,2026 baseline,BASELINE_DEPENDENCY,NRCS technical/financial assistance and local conservation support are voluntary/program-based rather than general regulation.,Local uncertainty/notes retained in source artifact.,YES,YES,QUALITATIVE_ONLY,NO,VISUALIZATION_AND_QUALITATIVE_REASONING,"Governance, monitoring, funding, advice, ownership, and coordination remain distinct from operational control. Local caveat: NRCS technical/financial assistance and local conservation support are voluntary/program-based rather than general regulation."
AR-10B-GDEP-021-88f7bc4c,10B,data/processed/analysis/governance_dependency_register.csv,GDEP-021,GA-032,GA-031,ENT-GOVERNANCE-GA-032,ENT-GOVERNANCE-GA-031,SYS-GOVERNANCE,SYS-GOVERNANCE,Freight / Industry,Freight / Industry,governance / authority,institutional actor,institutional actor,exact,exact,OBSERVED_DOCUMENTED,documented,s29_fhwa,high,,,role_assignment,federal / state,2026 baseline,BASELINE_DEPENDENCY,Federal freight funding and state public-road ownership/operation are sequential support roles.,Local uncertainty/notes retained in source artifact.,YES,YES,QUALITATIVE_ONLY,NO,VISUALIZATION_AND_QUALITATIVE_REASONING,"Governance, monitoring, funding, advice, ownership, and coordination remain distinct from operational control. Local caveat: Federal freight funding and state public-road ownership/operation are sequential support roles."
AR-10B-GDEP-022-507c5c18,10B,data/processed/analysis/governance_dependency_register.csv,GDEP-022,GA-033,GA-036,ENT-GOVERNANCE-GA-033,ENT-GOVERNANCE-GA-036,SYS-GOVERNANCE,SYS-GOVERNANCE,Freight / Industry,Freight / Industry,governance / authority,institutional actor,institutional actor,exact,exact,OBSERVED_DOCUMENTED,documented,s30_fra,high,,,role_assignment,federal / private,2026 baseline,BASELINE_DEPENDENCY,FRA safety regulation/enforcement and Norfolk Southern private operation are distinct.,Local uncertainty/notes retained in source artifact.,YES,YES,QUALITATIVE_ONLY,NO,VISUALIZATION_AND_QUALITATIVE_REASONING,"Governance, monitoring, funding, advice, ownership, and coordination remain distinct from operational control. Local caveat: FRA safety regulation/enforcement and Norfolk Southern private operation are distinct."
AR-10B-GDEP-023-0282987a,10B,data/processed/analysis/governance_dependency_register.csv,GDEP-023,GA-035,GA-037,ENT-GOVERNANCE-GA-035,ENT-GOVERNANCE-GA-037,SYS-GOVERNANCE,SYS-GOVERNANCE,Freight / Industry,Freight / Industry,governance / authority,institutional actor,institutional actor,exact,exact,INFERRED,inferred,s32_port,moderate,,,role_assignment,regional authority / private,2026 baseline,BASELINE_DEPENDENCY,Port-authority facilities and private railroad operation can interface without public operation of the railroad.,Local uncertainty/notes retained in source artifact.,YES,YES,QUALITATIVE_ONLY,NO,VISUALIZATION_AND_QUALITATIVE_REASONING,Inferred relationship retained: Port-authority facilities and private railroad operation can interface without public operation of the railroad.
AR-10B-GDEP-024-ce4fa674,10B,data/processed/analysis/governance_dependency_register.csv,GDEP-024,GA-034,GA-035,ENT-GOVERNANCE-GA-034,ENT-GOVERNANCE-GA-035,SYS-GOVERNANCE,SYS-GOVERNANCE,Freight / Industry,Freight / Industry,governance / authority,institutional actor,institutional actor,exact,exact,INFERRED,inferred,s31_marad,limited,,,role_assignment,federal / regional authority,2026 baseline,BASELINE_DEPENDENCY,Federal maritime assistance may interface with port-authority facilities; no project-specific award or control is asserted.,Local uncertainty/notes retained in source artifact.,YES,YES,QUALITATIVE_ONLY,NO,VISUALIZATION_AND_QUALITATIVE_REASONING,Inferred relationship retained: Federal maritime assistance may interface with port-authority facilities; no project-specific award or control is asserted.
AR-10B-GDEP-025-b17a95bd,10B,data/processed/analysis/governance_dependency_register.csv,GDEP-025,GA-039,GA-004,ENT-GOVERNANCE-GA-039,,SYS-GOVERNANCE,SYS-WATER,Environmental Health / Exposure,Water,governance / authority,institutional actor,generalized external interface,exact,system-level,INFERRED,inferred,s40_lucas_health,limited,,,role_assignment,special district / public utility,2026 baseline,BASELINE_DEPENDENCY,Local health information can inform utility/public-health decisions without controlling treatment operations.,Local uncertainty/notes retained in source artifact.,YES,YES,QUALITATIVE_ONLY,NO,VISUALIZATION_AND_QUALITATIVE_REASONING,Inferred relationship retained: Local health information can inform utility/public-health decisions without controlling treatment operations.
AR-13B-IDB-001-f5ed42ba,13B,data/processed/analysis/infectious_disease_dependency_register.csv,IDB-001,EXT-CLIMATE,EXT-VECTOR-ECOLOGY,SYS-CLIMATE,SYS-VECTOR-ECOLOGY,SYS-CLIMATE,SYS-VECTOR-ECOLOGY,,,high-level association,geographic unit,ecological entity,system-level,system-level,INFERRED,inferred,phase9_hazard_dependency_context,moderate,limited,IDBU-001,unspecified_or_associative,station/county/regional,2026 context; seasonal,BASELINE_DEPENDENCY,accepted_layer_plus_project_inference,"Climate observations can frame seasonal context, but this package does not estimate vector suitability, abundance, or disease incidence.",YES,YES,QUALITATIVE_ONLY,NO,VISUALIZATION_AND_QUALITATIVE_REASONING,Inferred relationship retained: Accepted climate/hazard context can frame seasonality; it is not a thermal suitability model or disease forecast.
AR-13B-IDB-002-eb173fa7,13B,data/processed/analysis/infectious_disease_dependency_register.csv,IDB-002,EXT-HYDROLOGY,EXT-VECTOR-ECOLOGY,SYS-WATER,SYS-VECTOR-ECOLOGY,SYS-WATER,SYS-VECTOR-ECOLOGY,,,ecological relationship,geographic unit,ecological entity,system-level,system-level,INFERRED,inferred,phase1_water_context,moderate,limited,IDBU-002,directed_local_record,watershed/wetland/ditch generalized,2026 context; event/season dependent,BASELINE_DEPENDENCY,accepted_layer_plus_project_inference,"Standing-water and wetland context can identify a habitat interface, but vector response is not quantified.",YES,YES,QUALITATIVE_ONLY,NO,VISUALIZATION_AND_QUALITATIVE_REASONING,"Inferred relationship retained: Hydrology and wetland context can identify a habitat interface, but no vector count, abundance response, or human disease result is inferred."
AR-13B-IDB-003-225f0470,13B,data/processed/analysis/infectious_disease_dependency_register.csv,IDB-003,EXT-ECOLOGY,EXT-VECTOR-ECOLOGY,SYS-ECOLOGY,SYS-VECTOR-ECOLOGY,SYS-ECOLOGY,SYS-VECTOR-ECOLOGY,,,ecological relationship,ecological entity,ecological entity,system-level,system-level,INFERRED,inferred,phase6_ecology_context,moderate,limited,IDBU-003,directed_local_record,regional ecology/forest/wetland,2026 context,BASELINE_DEPENDENCY,accepted_layer_plus_project_inference,"Vector ecology and pathogen-in-vector context do not establish human contact, exposure, infection, or clinical disease.",YES,YES,QUALITATIVE_ONLY,NO,VISUALIZATION_AND_QUALITATIVE_REASONING,Inferred relationship retained: Accepted ecology and vector layers meet at generalized habitat and host interfaces; no abundance or contact rate is produced.
AR-13B-IDB-004-567747f1,13B,data/processed/analysis/infectious_disease_dependency_register.csv,IDB-004,EXT-VECTOR-ECOLOGY,DID-001,SYS-VECTOR-ECOLOGY,ENT-INFECTIOUS-DISEASE-DID-001,SYS-VECTOR-ECOLOGY,SYS-INFECTIOUS-DISEASE,,,high-level association,ecological entity,monitoring/surveillance interface,system-level,exact,INFERRED,inferred,phase12_vector_dependency_context,moderate,limited,IDBU-003,unspecified_or_associative,county/habitat/program,2026 context,BASELINE_DEPENDENCY,accepted_layer_plus_project_inference,"Vector ecology and pathogen-in-vector context do not establish human contact, exposure, infection, or clinical disease.",YES,YES,QUALITATIVE_ONLY,NO,VISUALIZATION_AND_QUALITATIVE_REASONING,"Inferred relationship retained: Vector ecology is a dependency context for the West Nile system; it is not human infection, disease, incidence, or local transmission."
AR-13B-IDB-005-ce4f6d50,13B,data/processed/analysis/infectious_disease_dependency_register.csv,IDB-005,HOST-001,DID-002,ENT-INFECTIOUS-DISEASE-HOST-001,ENT-INFECTIOUS-DISEASE-DID-002,SYS-INFECTIOUS-DISEASE,SYS-INFECTIOUS-DISEASE,,,exposure pathway,monitoring/surveillance interface,monitoring/surveillance interface,exact,exact,INFERRED,inferred,phase11_population,limited,limited,IDBU-007,directed_local_record,county/place/generalized employment,2026 context,BASELINE_DEPENDENCY,project_inference,"Population concentration identifies a possible contact structure, not contact events, exposure, infection, or incidence.",YES,YES,QUALITATIVE_ONLY,NO,VISUALIZATION_AND_QUALITATIVE_REASONING,"Inferred relationship retained: Population and settlement context identifies a possible interface only; no individual contact, exposure, infection, or disease is assigned."
AR-13B-IDB-006-1b416a5c,13B,data/processed/analysis/infectious_disease_dependency_register.csv,IDB-006,SUR-003,REF-4,ENT-INFECTIOUS-DISEASE-SUR-003,SYS-DATA,SYS-INFECTIOUS-DISEASE,SYS-DATA,,,information / observation,monitoring/surveillance interface,monitoring/surveillance interface,exact,system-level,INFERRED,inferred,phase4_information,moderate,moderate,IDBU-011,directed_local_record,agency/county/state/program,2026 program context,BASELINE_DEPENDENCY,accepted_layer_plus_project_inference,"Surveillance intensity, testing, reporting, and laboratory participation change detection opportunity and do not equal incidence or burden.",YES,YES,QUALITATIVE_ONLY,NO,VISUALIZATION_AND_QUALITATIVE_REASONING,"Inferred relationship retained: Vector detections can enter an observation chain; this is not a disease observation or a risk estimate; detection intensity is not incidence, abundance, or response effectiveness."
AR-13B-IDB-007-c8da7d06,13B,data/processed/analysis/infectious_disease_dependency_register.csv,IDB-007,EXT-HYDROLOGY,ENV-001,SYS-WATER,ENT-INFECTIOUS-DISEASE-ENV-001,SYS-WATER,SYS-INFECTIOUS-DISEASE,,,exposure pathway,geographic unit,monitoring/surveillance interface,system-level,exact,INFERRED,inferred,phase1_water_context,moderate,limited,IDBU-004,directed_local_record,watershed/source/recreational water,2026 context; event dependent,BASELINE_DEPENDENCY,accepted_layer_plus_project_inference,"Water-system condition or flooding identifies an exposure opportunity only; contamination, exposure, infection, illness, and outbreak require separate evidence.",YES,YES,QUALITATIVE_ONLY,NO,VISUALIZATION_AND_QUALITATIVE_REASONING,Inferred relationship retained: Water-system and hydrologic context support pathway analysis only; no contamination or exposure event is asserted.
AR-13B-IDB-008-d35015f6,13B,data/processed/analysis/infectious_disease_dependency_register.csv,IDB-008,EXT-FLOODING,ENV-001,SYS-CLIMATE,ENT-INFECTIOUS-DISEASE-ENV-001,SYS-CLIMATE,SYS-INFECTIOUS-DISEASE,,,exposure pathway,geographic unit,monitoring/surveillance interface,system-level,exact,INFERRED,inferred,phase9_hazard_dependency_context,moderate,limited,IDBU-004,directed_local_record,watershed/floodplain/source/recreational water,2026 context; event dependent,BASELINE_DEPENDENCY,accepted_layer_plus_project_inference,"Water-system condition or flooding identifies an exposure opportunity only; contamination, exposure, infection, illness, and outbreak require separate evidence.",YES,YES,QUALITATIVE_ONLY,NO,VISUALIZATION_AND_QUALITATIVE_REASONING,"Inferred relationship retained: Flooding and runoff are qualitative pathway interfaces; the record does not establish contamination, infection, illness, or outbreak."
AR-13B-IDB-009-0b36d503,13B,data/processed/analysis/infectious_disease_dependency_register.csv,IDB-009,EXT-WATER-INFRASTRUCTURE,ENV-001,SYS-WATER,ENT-INFECTIOUS-DISEASE-ENV-001,SYS-WATER,SYS-INFECTIOUS-DISEASE,,,ecological relationship,physical asset,monitoring/surveillance interface,system-level,exact,INFERRED,inferred,phase1_water_context,moderate,limited,IDBU-005,directed_local_record,water system/source/utility generalized,2026 context,BASELINE_DEPENDENCY,accepted_layer_plus_project_inference,Water and energy infrastructure are generalized dependencies; facility condition and treatment performance are not modeled.,YES,YES,QUALITATIVE_ONLY,NO,VISUALIZATION_AND_QUALITATIVE_REASONING,"Inferred relationship retained: Infrastructure condition is generalized; no treatment failure, facility condition, receptor exposure, or disease burden is inferred."
AR-13B-IDB-010-69cec636,13B,data/processed/analysis/infectious_disease_dependency_register.csv,IDB-010,ENV-001,DID-004,ENT-INFECTIOUS-DISEASE-ENV-001,ENT-INFECTIOUS-DISEASE-DID-004,SYS-INFECTIOUS-DISEASE,SYS-INFECTIOUS-DISEASE,,,exposure pathway,monitoring/surveillance interface,monitoring/surveillance interface,exact,exact,OBSERVED_DOCUMENTED,documented,s13_cdc_water_surv,strong,high,IDBU-004,directed_local_record,source/recreational-water/investigation,current surveillance/pathway context,BASELINE_DEPENDENCY,documented_source,"Water-system condition or flooding identifies an exposure opportunity only; contamination, exposure, infection, illness, and outbreak require separate evidence.",YES,YES,QUALITATIVE_ONLY,NO,VISUALIZATION_AND_QUALITATIVE_REASONING,"Exposure pathway is not documented exposure, dose, illness, or a risk score. Local caveat: CDC waterborne surveillance supports an exposure/pathway interface; contamination is not infection or illness."
AR-13B-IDB-011-82ea547f,13B,data/processed/analysis/infectious_disease_dependency_register.csv,IDB-011,SUR-004,INST-001,ENT-INFECTIOUS-DISEASE-SUR-004,ENT-INFECTIOUS-DISEASE-INST-001,SYS-INFECTIOUS-DISEASE,SYS-INFECTIOUS-DISEASE,,,information / observation,monitoring/surveillance interface,monitoring/surveillance interface,exact,exact,OBSERVED_DOCUMENTED,documented,s13_cdc_legionella_surv,strong,high,IDBU-011,directed_local_record,jurisdiction/national/investigation,current program context,BASELINE_DEPENDENCY,documented_source,"Surveillance intensity, testing, reporting, and laboratory participation change detection opportunity and do not equal incidence or burden.",YES,YES,QUALITATIVE_ONLY,NO,VISUALIZATION_AND_QUALITATIVE_REASONING,"Observation, reporting, and decision support are not authority, control, or incidence. Local caveat: Legionellosis reporting and exposure-setting information are surveillance interfaces; source attribution requires investigation."
AR-13B-IDB-012-50ef95ce,13B,data/processed/analysis/infectious_disease_dependency_register.csv,IDB-012,REF-4,REF-10,SYS-DATA,SYS-GOVERNANCE,SYS-DATA,SYS-GOVERNANCE,,,governance / authority,monitoring/surveillance interface,institutional actor,system-level,system-level,INFERRED,inferred,phase10_coordination_context,moderate,moderate,IDBU-011,role_assignment,program/agency/jurisdiction,2026 context,BASELINE_DEPENDENCY,accepted_layer_plus_project_inference,"Surveillance intensity, testing, reporting, and laboratory participation change detection opportunity and do not equal incidence or burden.",YES,YES,QUALITATIVE_ONLY,NO,VISUALIZATION_AND_QUALITATIVE_REASONING,Inferred relationship retained: Observation may inform coordination; this is not a risk model; monitoring is not control and no response effectiveness is estimated.
AR-13B-IDB-013-dab2f488,13B,data/processed/analysis/infectious_disease_dependency_register.csv,IDB-013,EXT-FOOD-PRODUCTION,EXT-FOOD-PROCESSING,SYS-FREIGHT,SYS-FREIGHT,SYS-FREIGHT,SYS-FREIGHT,,,material flow,generalized external interface,generalized external interface,system-level,system-level,INFERRED,inferred,phase5_freight_context,limited,limited,IDBU-006,directed_local_record,regional/agricultural/bulk generalized,2026 context,BASELINE_DEPENDENCY,accepted_layer_plus_project_inference,"Food/freight connectivity is an interface for distribution and investigation, not evidence of shipment, contamination, or outbreak.",YES,YES,QUALITATIVE_ONLY,NO,VISUALIZATION_AND_QUALITATIVE_REASONING,"Inferred relationship retained: Accepted freight/material context supports a generalized food-system interface; no facility, commodity, shipment, or contamination claim is made."
AR-13B-IDB-014-cec8be55,13B,data/processed/analysis/infectious_disease_dependency_register.csv,IDB-014,EXT-FOOD-PROCESSING,EXT-FREIGHT,SYS-FREIGHT,SYS-FREIGHT,SYS-FREIGHT,SYS-FREIGHT,,,unresolved / unclassified,generalized external interface,generalized external interface,system-level,system-level,INFERRED,inferred,phase5_freight_context,limited,limited,IDBU-006,unspecified_or_associative,regional freight/gateway/interchange,2026 context,BASELINE_DEPENDENCY,accepted_layer_plus_project_inference,"Food/freight connectivity is an interface for distribution and investigation, not evidence of shipment, contamination, or outbreak.",YES,YES,QUALITATIVE_ONLY,NO,VISUALIZATION_AND_QUALITATIVE_REASONING,"Inferred relationship retained: Freight connectivity is an interface for propagation opportunity and investigation, not evidence of a shipment or outbreak."
AR-13B-IDB-015-291c716f,13B,data/processed/analysis/infectious_disease_dependency_register.csv,IDB-015,EXT-FREIGHT,DID-005,SYS-FREIGHT,ENT-INFECTIOUS-DISEASE-DID-005,SYS-FREIGHT,SYS-INFECTIOUS-DISEASE,,,high-level association,generalized external interface,monitoring/surveillance interface,system-level,exact,INFERRED,inferred,phase5_freight_context,limited,limited,IDBU-006,unspecified_or_associative,regional freight/gateway/interchange,2026 context,BASELINE_DEPENDENCY,accepted_layer_plus_project_inference,"Food/freight connectivity is an interface for distribution and investigation, not evidence of shipment, contamination, or outbreak.",YES,YES,QUALITATIVE_ONLY,NO,VISUALIZATION_AND_QUALITATIVE_REASONING,"Inferred relationship retained: Food/freight connectivity is an interface, not a shipment, contaminated product, exposure, infection, incidence, or outbreak finding."
AR-13B-IDB-016-d94bb93e,13B,data/processed/analysis/infectious_disease_dependency_register.csv,IDB-016,DID-005,SUR-006,ENT-INFECTIOUS-DISEASE-DID-005,ENT-INFECTIOUS-DISEASE-SUR-006,SYS-INFECTIOUS-DISEASE,SYS-INFECTIOUS-DISEASE,,,information / observation,monitoring/surveillance interface,monitoring/surveillance interface,exact,exact,OBSERVED_DOCUMENTED,documented,s13_cdc_enteric,strong,high,IDBU-011,directed_local_record,state/territorial/national laboratory,current program context,BASELINE_DEPENDENCY,documented_source,"Surveillance intensity, testing, reporting, and laboratory participation change detection opportunity and do not equal incidence or burden.",YES,YES,QUALITATIVE_ONLY,NO,VISUALIZATION_AND_QUALITATIVE_REASONING,"Observation, reporting, and decision support are not authority, control, or incidence. Local caveat: Laboratory and case surveillance identifies reported records; it does not capture all community infections or exposure locations."
AR-13B-IDB-017-6bb9c4a2,13B,data/processed/analysis/infectious_disease_dependency_register.csv,IDB-017,SUR-006,SUR-007,ENT-INFECTIOUS-DISEASE-SUR-006,ENT-INFECTIOUS-DISEASE-SUR-007,SYS-INFECTIOUS-DISEASE,SYS-INFECTIOUS-DISEASE,,,surveillance / detection,monitoring/surveillance interface,monitoring/surveillance interface,exact,exact,OBSERVED_DOCUMENTED,documented,s13_cdc_foodnet,strong,high,IDBU-011,directed_local_record,state/territorial/FoodNet surveillance area,current program context,BASELINE_DEPENDENCY,documented_source,"Surveillance intensity, testing, reporting, and laboratory participation change detection opportunity and do not equal incidence or burden.",YES,YES,QUALITATIVE_ONLY,NO,VISUALIZATION_AND_QUALITATIVE_REASONING,"Surveillance or detection does not establish incidence, absence, transmission, or disease burden. Local caveat: FoodNet is complementary surveillance with its own coverage and denominator; it is not a Western Basin incidence estimate."
AR-13B-IDB-018-80d58860,13B,data/processed/analysis/infectious_disease_dependency_register.csv,IDB-018,SUR-005,REF-10,ENT-INFECTIOUS-DISEASE-SUR-005,SYS-GOVERNANCE,SYS-INFECTIOUS-DISEASE,SYS-GOVERNANCE,,,operational dependency,monitoring/surveillance interface,institutional actor,exact,system-level,INFERRED,inferred,s13_cdc_nors,moderate,moderate,IDBU-006,directed_local_record,state/local/territorial investigation,current program context,BASELINE_DEPENDENCY,accepted_layer_plus_project_inference,"Food/freight connectivity is an interface for distribution and investigation, not evidence of shipment, contamination, or outbreak.",YES,YES,QUALITATIVE_ONLY,NO,VISUALIZATION_AND_QUALITATIVE_REASONING,Inferred relationship retained: Outbreak reporting can support investigation and coordination; this is not outbreak evidence and connectivity is not an outbreak assertion.
AR-13B-IDB-019-b277a631,13B,data/processed/analysis/infectious_disease_dependency_register.csv,IDB-019,EXT-SETTLEMENT,EXT-CONTACT-STRUCTURE,SYS-POPULATION,SYS-POPULATION,SYS-POPULATION,SYS-POPULATION,,,exposure pathway,population/settlement entity,population/settlement entity,system-level,system-level,INFERRED,inferred,phase11_population,moderate,limited,IDBU-007,directed_local_record,county/place/generalized settlement,2026 context,BASELINE_DEPENDENCY,accepted_layer_plus_project_inference,"Population concentration identifies a possible contact structure, not contact events, exposure, infection, or incidence.",YES,YES,QUALITATIVE_ONLY,NO,VISUALIZATION_AND_QUALITATIVE_REASONING,Inferred relationship retained: Population concentration is an interface for contact structure only; no density-to-incidence relationship is estimated.
AR-13B-IDB-020-4b0f2762,13B,data/processed/analysis/infectious_disease_dependency_register.csv,IDB-020,EXT-MOBILITY,EXT-CONTACT-STRUCTURE,SYS-POPULATION,SYS-POPULATION,SYS-POPULATION,SYS-POPULATION,,,exposure pathway,population/settlement entity,population/settlement entity,system-level,system-level,INFERRED,inferred,phase11_mobility_context,limited,limited,IDBU-008,directed_local_record,county/place/generalized mobility,2026 context,BASELINE_DEPENDENCY,accepted_layer_plus_project_inference,"Aggregate mobility can indicate possible connectivity, but commuting and movement are not transmission observations.",YES,YES,QUALITATIVE_ONLY,NO,VISUALIZATION_AND_QUALITATIVE_REASONING,"Inferred relationship retained: Aggregate mobility and commuting do not identify transmission, contacts, infections, or local incidence."
AR-13B-IDB-021-9eedbe4c,13B,data/processed/analysis/infectious_disease_dependency_register.csv,IDB-021,EXT-CONTACT-STRUCTURE,DID-008,SYS-POPULATION,ENT-INFECTIOUS-DISEASE-DID-008,SYS-POPULATION,SYS-INFECTIOUS-DISEASE,,,high-level association,population/settlement entity,monitoring/surveillance interface,system-level,exact,INFERRED,inferred,s13_cdc_flu_methods,limited,limited,IDBU-009,unspecified_or_associative,community/setting/generalized,2026 context,BASELINE_DEPENDENCY,project_inference,Indoor/community setting is a qualitative interface for respiratory systems; no density-to-incidence relationship is estimated.,YES,YES,QUALITATIVE_ONLY,NO,VISUALIZATION_AND_QUALITATIVE_REASONING,"Inferred relationship retained: Respiratory contact opportunity is a systems interface, not a population-density incidence model."
AR-13B-IDB-022-6813624e,13B,data/processed/analysis/infectious_disease_dependency_register.csv,IDB-022,DID-009,SUR-009,ENT-INFECTIOUS-DISEASE-DID-009,ENT-INFECTIOUS-DISEASE-SUR-009,SYS-INFECTIOUS-DISEASE,SYS-INFECTIOUS-DISEASE,,,information / observation,monitoring/surveillance interface,monitoring/surveillance interface,exact,exact,OBSERVED_DOCUMENTED,documented,s13_cdc_wastewater,strong,high,IDBU-011,directed_local_record,sewershed/community/state/regional,current program context,BASELINE_DEPENDENCY,documented_source,"Surveillance intensity, testing, reporting, and laboratory participation change detection opportunity and do not equal incidence or burden.",YES,YES,QUALITATIVE_ONLY,NO,VISUALIZATION_AND_QUALITATIVE_REASONING,"Observation, reporting, and decision support are not authority, control, or incidence. Local caveat: Wastewater supplies a community-level signal; it does not determine the number of infections or individual exposure."
AR-13B-IDB-023-30203dcd,13B,data/processed/analysis/infectious_disease_dependency_register.csv,IDB-023,SUR-008,INST-001,ENT-INFECTIOUS-DISEASE-SUR-008,ENT-INFECTIOUS-DISEASE-INST-001,SYS-INFECTIOUS-DISEASE,SYS-INFECTIOUS-DISEASE,,,surveillance / detection,monitoring/surveillance interface,monitoring/surveillance interface,exact,exact,OBSERVED_DOCUMENTED,documented,s13_cdc_flu_methods,strong,high,IDBU-011,directed_local_record,national/HHS region/state/stream,2026 weekly program context,BASELINE_DEPENDENCY,documented_source,"Surveillance intensity, testing, reporting, and laboratory participation change detection opportunity and do not equal incidence or burden.",YES,YES,QUALITATIVE_ONLY,NO,VISUALIZATION_AND_QUALITATIVE_REASONING,"Surveillance or detection does not establish incidence, absence, transmission, or disease burden. Local caveat: Influenza laboratory, outpatient, hospital, and mortality streams have distinct denominators and are not one transmission rate."
AR-13B-IDB-024-2fcd7455,13B,data/processed/analysis/infectious_disease_dependency_register.csv,IDB-024,REF-4,REF-10,SYS-DATA,SYS-GOVERNANCE,SYS-DATA,SYS-GOVERNANCE,,,governance / authority,monitoring/surveillance interface,institutional actor,system-level,system-level,INFERRED,inferred,phase10_coordination_context,moderate,moderate,IDBU-011,role_assignment,program/agency/jurisdiction,2026 context,BASELINE_DEPENDENCY,accepted_layer_plus_project_inference,"Surveillance intensity, testing, reporting, and laboratory participation change detection opportunity and do not equal incidence or burden.",YES,YES,QUALITATIVE_ONLY,NO,VISUALIZATION_AND_QUALITATIVE_REASONING,Inferred relationship retained: Detection can inform response interfaces; surveillance intensity is not disease intensity and response effectiveness is not estimated.
AR-13B-IDB-025-51cf82a2,13B,data/processed/analysis/infectious_disease_dependency_register.csv,IDB-025,EXT-ECOLOGY,EXT-ANIMAL-HOSTS,SYS-ECOLOGY,SYS-ECOLOGY,SYS-ECOLOGY,SYS-ECOLOGY,,,ecological relationship,ecological entity,ecological entity,system-level,system-level,INFERRED,inferred,phase6_ecology_context,limited,limited,IDBU-010,directed_local_record,regional ecology/wildlife/domestic animal,2026 context,BASELINE_DEPENDENCY,accepted_layer_plus_project_inference,"Wildlife, domestic-animal, and occupational interfaces are pathway contexts; animal contact does not establish human infection or disease.",YES,YES,QUALITATIVE_ONLY,NO,VISUALIZATION_AND_QUALITATIVE_REASONING,"Inferred relationship retained: Generalized host ecology is retained without an animal abundance, contact, or infection estimate."
AR-13B-IDB-026-6a5151fc,13B,data/processed/analysis/infectious_disease_dependency_register.csv,IDB-026,EXT-ANIMAL-HOSTS,DID-010,SYS-ECOLOGY,ENT-INFECTIOUS-DISEASE-DID-010,SYS-ECOLOGY,SYS-INFECTIOUS-DISEASE,,,high-level association,ecological entity,monitoring/surveillance interface,system-level,exact,OBSERVED_DOCUMENTED,documented,s13_cdc_rabies,strong,high,IDBU-010,unspecified_or_associative,wildlife/domestic animal/exposure investigation,current public-health context,BASELINE_DEPENDENCY,documented_source,"Wildlife, domestic-animal, and occupational interfaces are pathway contexts; animal contact does not establish human infection or disease.",YES,YES,QUALITATIVE_ONLY,NO,VISUALIZATION_AND_QUALITATIVE_REASONING,"Generic association remains local and must not be upgraded to dependency, causation, or risk. Local caveat: Rabies animal contact and potential-exposure pathways are documented; human infection or disease is not inferred."
AR-13B-IDB-027-c9607fdd,13B,data/processed/analysis/infectious_disease_dependency_register.csv,IDB-027,EXT-OCCUPATIONAL-CONTACT,DID-010,EXT-OCCUPATIONAL-CONTACT,ENT-INFECTIOUS-DISEASE-DID-010,,SYS-INFECTIOUS-DISEASE,,,exposure pathway,generalized external interface,monitoring/surveillance interface,conceptual,exact,INFERRED,inferred,s13_cdc_rabies,limited,limited,IDBU-010,directed_local_record,occupational/exposure investigation,current public-health context,BASELINE_DEPENDENCY,documented_source_plus_project_inference,"Wildlife, domestic-animal, and occupational interfaces are pathway contexts; animal contact does not establish human infection or disease.",YES,YES,QUALITATIVE_ONLY,NO,VISUALIZATION_AND_QUALITATIVE_REASONING,"Inferred relationship retained: Potential contact is not documented exposure, infection, clinical disease, or disease burden."
AR-13B-IDB-028-d5c49300,13B,data/processed/analysis/infectious_disease_dependency_register.csv,IDB-028,DID-010,SUR-010,ENT-INFECTIOUS-DISEASE-DID-010,ENT-INFECTIOUS-DISEASE-SUR-010,SYS-INFECTIOUS-DISEASE,SYS-INFECTIOUS-DISEASE,,,information / observation,monitoring/surveillance interface,monitoring/surveillance interface,exact,exact,OBSERVED_DOCUMENTED,documented,s13_cdc_rabies,strong,high,IDBU-011,directed_local_record,animal-control/veterinary/public-health,current program context,BASELINE_DEPENDENCY,documented_source,"Surveillance intensity, testing, reporting, and laboratory participation change detection opportunity and do not equal incidence or burden.",YES,YES,QUALITATIVE_ONLY,NO,VISUALIZATION_AND_QUALITATIVE_REASONING,"Observation, reporting, and decision support are not authority, control, or incidence. Local caveat: Animal testing, exposure assessment, and post-exposure prophylaxis are separate response records."
AR-13B-IDB-029-40f322e0,13B,data/processed/analysis/infectious_disease_dependency_register.csv,IDB-029,SUR-010,REF-10,ENT-INFECTIOUS-DISEASE-SUR-010,SYS-GOVERNANCE,SYS-INFECTIOUS-DISEASE,SYS-GOVERNANCE,,,governance / authority,monitoring/surveillance interface,institutional actor,exact,system-level,INFERRED,inferred,phase10_coordination_context,moderate,moderate,IDBU-011,role_assignment,animal/state/exposure investigation,current program context,BASELINE_DEPENDENCY,accepted_layer_plus_project_inference,"Surveillance intensity, testing, reporting, and laboratory participation change detection opportunity and do not equal incidence or burden.",YES,YES,QUALITATIVE_ONLY,NO,VISUALIZATION_AND_QUALITATIVE_REASONING,Inferred relationship retained: Surveillance can inform coordination; a response interface is not proof of complete detection or outcome.
AR-13B-IDB-030-8521c4ba,13B,data/processed/analysis/infectious_disease_dependency_register.csv,IDB-030,SUR-010,INST-001,ENT-INFECTIOUS-DISEASE-SUR-010,ENT-INFECTIOUS-DISEASE-INST-001,SYS-INFECTIOUS-DISEASE,SYS-INFECTIOUS-DISEASE,,,information / observation,monitoring/surveillance interface,monitoring/surveillance interface,exact,exact,OBSERVED_DOCUMENTED,documented,s13_cdc_rabies,moderate,high,IDBU-011,directed_local_record,animal-control/veterinary/public-health,current program context,BASELINE_DEPENDENCY,documented_source,"Surveillance intensity, testing, reporting, and laboratory participation change detection opportunity and do not equal incidence or burden.",YES,YES,QUALITATIVE_ONLY,NO,VISUALIZATION_AND_QUALITATIVE_REASONING,"Observation, reporting, and decision support are not authority, control, or incidence. Local caveat: Animal surveillance and human case surveillance remain distinct streams."
AR-13B-IDB-031-b7e1731b,13B,data/processed/analysis/infectious_disease_dependency_register.csv,IDB-031,EXT-HEALTHCARE,DID-011,SYS-INFECTIOUS-DISEASE,ENT-INFECTIOUS-DISEASE-DID-011,SYS-INFECTIOUS-DISEASE,SYS-INFECTIOUS-DISEASE,,,surveillance / detection,monitoring/surveillance interface,monitoring/surveillance interface,system-level,exact,OBSERVED_DOCUMENTED,documented,s13_cdc_nhsn,strong,high,IDBU-012,directed_local_record,facility/state/regional/national,current program context,BASELINE_DEPENDENCY,documented_source,Healthcare facility presence creates a care and detection interface; it does not establish facility-level disease burden.,YES,YES,QUALITATIVE_ONLY,NO,VISUALIZATION_AND_QUALITATIVE_REASONING,"Surveillance or detection does not establish incidence, absence, transmission, or disease burden. Local caveat: Healthcare presence != facility-level disease burden; healthcare-associated infection surveillance is a facility reporting interface."
AR-13B-IDB-032-b14b688d,13B,data/processed/analysis/infectious_disease_dependency_register.csv,IDB-032,EXT-HEALTHCARE,DID-012,SYS-INFECTIOUS-DISEASE,ENT-INFECTIOUS-DISEASE-DID-012,SYS-INFECTIOUS-DISEASE,SYS-INFECTIOUS-DISEASE,,,surveillance / detection,monitoring/surveillance interface,monitoring/surveillance interface,system-level,exact,OBSERVED_DOCUMENTED,documented,s13_cdc_ar,moderate,moderate,IDBU-012,directed_local_record,facility/state/regional/national,current program context,BASELINE_DEPENDENCY,documented_source,Healthcare facility presence creates a care and detection interface; it does not establish facility-level disease burden.,YES,YES,QUALITATIVE_ONLY,NO,VISUALIZATION_AND_QUALITATIVE_REASONING,"Surveillance or detection does not establish incidence, absence, transmission, or disease burden. Local caveat: Generalized AR surveillance is retained without transferring national estimates to the Western Basin or ranking facilities."
AR-13B-IDB-033-e5b1cd26,13B,data/processed/analysis/infectious_disease_dependency_register.csv,IDB-033,EXT-INFRASTRUCTURE,EXT-HEALTHCARE,EXT-INFRASTRUCTURE,SYS-INFECTIOUS-DISEASE,,SYS-INFECTIOUS-DISEASE,,,operational dependency,generalized external interface,monitoring/surveillance interface,conceptual,system-level,INFERRED,inferred,phase3_energy_context,limited,limited,IDBU-013,directed_local_record,regional/generalized infrastructure,2026 context,BASELINE_DEPENDENCY,accepted_layer_plus_project_inference,"Energy and communications dependencies may affect continuity of healthcare or surveillance functions, but no outage probability or health outcome is modeled.",YES,YES,QUALITATIVE_ONLY,NO,VISUALIZATION_AND_QUALITATIVE_REASONING,"Inferred relationship retained: Energy dependency is a continuity interface only; no outage probability, facility performance, disease burden, or health outcome is modeled."
AR-13B-IDB-034-89f92660,13B,data/processed/analysis/infectious_disease_dependency_register.csv,IDB-034,DID-011,SUR-011,ENT-INFECTIOUS-DISEASE-DID-011,ENT-INFECTIOUS-DISEASE-SUR-011,SYS-INFECTIOUS-DISEASE,SYS-INFECTIOUS-DISEASE,,,information / observation,monitoring/surveillance interface,monitoring/surveillance interface,exact,exact,OBSERVED_DOCUMENTED,documented,s13_cdc_nhsn,strong,high,IDBU-011,directed_local_record,facility/state/regional/national,current program context,BASELINE_DEPENDENCY,documented_source,"Surveillance intensity, testing, reporting, and laboratory participation change detection opportunity and do not equal incidence or burden.",YES,YES,QUALITATIVE_ONLY,NO,VISUALIZATION_AND_QUALITATIVE_REASONING,"Observation, reporting, and decision support are not authority, control, or incidence. Local caveat: NHSN provides standardized facility reporting context; it is not a community-incidence denominator."
AR-13B-IDB-035-fe24437d,13B,data/processed/analysis/infectious_disease_dependency_register.csv,IDB-035,DID-012,SUR-012,ENT-INFECTIOUS-DISEASE-DID-012,ENT-INFECTIOUS-DISEASE-SUR-012,SYS-INFECTIOUS-DISEASE,SYS-INFECTIOUS-DISEASE,,,information / observation,monitoring/surveillance interface,monitoring/surveillance interface,exact,exact,OBSERVED_DOCUMENTED,documented,s13_cdc_ar,moderate,moderate,IDBU-011,directed_local_record,facility/state/regional/national,current program context,BASELINE_DEPENDENCY,documented_source,"Surveillance intensity, testing, reporting, and laboratory participation change detection opportunity and do not equal incidence or burden.",YES,YES,QUALITATIVE_ONLY,NO,VISUALIZATION_AND_QUALITATIVE_REASONING,"Observation, reporting, and decision support are not authority, control, or incidence. Local caveat: AMR observations are a generalized detection/response interface; national estimates are not regional observations."
AR-13B-IDB-036-9e40dd0f,13B,data/processed/analysis/infectious_disease_dependency_register.csv,IDB-036,SUR-011,REF-10,ENT-INFECTIOUS-DISEASE-SUR-011,SYS-GOVERNANCE,SYS-INFECTIOUS-DISEASE,SYS-GOVERNANCE,,,governance / authority,monitoring/surveillance interface,institutional actor,exact,system-level,INFERRED,inferred,phase10_coordination_context,moderate,moderate,IDBU-014,role_assignment,facility/state/regional/program,current program context,BASELINE_DEPENDENCY,accepted_layer_plus_project_inference,"County, sewershed, facility, watershed, program, and generalized regional scales remain distinct and are not downscaled to neighborhoods or individuals.",YES,YES,QUALITATIVE_ONLY,NO,VISUALIZATION_AND_QUALITATIVE_REASONING,Inferred relationship retained: Surveillance can support coordination and infection-control interfaces; it does not establish facility-level prevalence or response effectiveness.
AR-4B-IDE-A-001-1873f355,4B,data/processed/networks/information_dependency_edges.csv,IDE-A-001,OBS-SNS-GLOS-TOLEDO-CRIB,OBS-DAT-GLOS-ERDDAP-CRIB,ENT-DATA-OBS-SNS-GLOS-TOLEDO-CRIB,ENT-DATA-OBS-DAT-GLOS-ERDDAP-CRIB,SYS-DATA,SYS-DATA,,,information / observation,monitoring/surveillance interface,monitoring/surveillance interface,exact,exact,OBSERVED_DOCUMENTED,documented,phase4a_glos_crib,,high,,directed_local_record,system-level,2026 baseline,BASELINE_DEPENDENCY,documented,unknown,YES,YES,QUALITATIVE_ONLY,NO,VISUALIZATION_AND_QUALITATIVE_REASONING,"Observation, reporting, and decision support are not authority, control, or incidence. Local caveat: Public station observations are exposed through the public ERDDAP product; measurement cadence and current station operation are not inferred."
AR-4B-IDE-A-002-b59c96ac,4B,data/processed/networks/information_dependency_edges.csv,IDE-A-002,OBS-NET-NOAA-GLERL-HAB,OBS-MOD-NOAA-HAB-FORECAST,ENT-DATA-OBS-NET-NOAA-GLERL-HAB,ENT-DATA-OBS-MOD-NOAA-HAB-FORECAST,SYS-DATA,SYS-DATA,,,unresolved / unclassified,monitoring/surveillance interface,monitoring/surveillance interface,exact,exact,OBSERVED_DOCUMENTED,documented,phase4a_glerl_hab,,high,,unspecified_or_associative,system-level,2026 baseline,BASELINE_DEPENDENCY,documented,moderate,YES,YES,QUALITATIVE_ONLY,NO,VISUALIZATION_AND_QUALITATIVE_REASONING,No defensible shared class is asserted; retain the local term and source lineage for later review. Local caveat: GLERL states that collected monitoring data inform forecast models; internal ingestion and update timing are not reconstructed.
AR-4B-IDE-A-003-d733abb9,4B,data/processed/networks/information_dependency_edges.csv,IDE-A-003,OBS-DAT-GLOS-ERDDAP-CRIB,OBS-ORG-CITY-TOLEDO-WATER,ENT-DATA-OBS-DAT-GLOS-ERDDAP-CRIB,ENT-DATA-OBS-ORG-CITY-TOLEDO-WATER,SYS-DATA,SYS-DATA,,,information / observation,monitoring/surveillance interface,monitoring/surveillance interface,exact,exact,OBSERVED_DOCUMENTED,documented,phase4a_glos_crib,,medium,,directed_local_record,system-level,2026 baseline,BASELINE_DEPENDENCY,qualified_documented,unknown,YES,YES,QUALITATIVE_ONLY,NO,VISUALIZATION_AND_QUALITATIVE_REASONING,"Observation, reporting, and decision support are not authority, control, or incidence. Local caveat: Public availability makes the product an available input; a Toledo-specific operational use path is not established."
AR-4B-IDE-A-004-92930ed8,4B,data/processed/networks/information_dependency_edges.csv,IDE-A-004,OBS-MOD-NOAA-HAB-FORECAST,OBS-ORG-CITY-TOLEDO-WATER,ENT-DATA-OBS-MOD-NOAA-HAB-FORECAST,ENT-DATA-OBS-ORG-CITY-TOLEDO-WATER,SYS-DATA,SYS-DATA,,,information / observation,monitoring/surveillance interface,monitoring/surveillance interface,exact,exact,OBSERVED_DOCUMENTED,documented,phase4a_nccos_hab_forecast,,medium,,directed_local_record,system-level,2026 baseline,BASELINE_DEPENDENCY,qualified_documented,moderate,YES,YES,QUALITATIVE_ONLY,NO,VISUALIZATION_AND_QUALITATIVE_REASONING,"Observation, reporting, and decision support are not authority, control, or incidence. Local caveat: Forecast products identify drinking-water managers as stakeholders; no local threshold or direct machine feed is asserted."
AR-4B-IDE-A-005-cc1f1c49,4B,data/processed/networks/information_dependency_edges.csv,IDE-A-005,OBS-ORG-CITY-TOLEDO-WATER,OBS-RSP-TOLEDO-WATER-OPERATIONS,ENT-DATA-OBS-ORG-CITY-TOLEDO-WATER,ENT-DATA-OBS-RSP-TOLEDO-WATER-OPERATIONS,SYS-DATA,SYS-DATA,,,governance / authority,monitoring/surveillance interface,monitoring/surveillance interface,exact,exact,OBSERVED_DOCUMENTED,documented,phase4a_toledo_water_quality,,high,,role_assignment,system-level,2026 baseline,BASELINE_DEPENDENCY,documented,unknown,YES,YES,QUALITATIVE_ONLY,NO,VISUALIZATION_AND_QUALITATIVE_REASONING,"Governance, monitoring, funding, advice, ownership, and coordination remain distinct from operational control. Local caveat: The City documents continuous monitoring and treatment operations; this is not an automated trigger or setpoint."
AR-4B-IDE-B-001-32288d29,4B,data/processed/networks/information_dependency_edges.csv,IDE-B-001,OBS-SNS-USGS-04193500,OBS-DAT-USGS-NWIS-RT,ENT-DATA-OBS-SNS-USGS-04193500,ENT-DATA-OBS-DAT-USGS-NWIS-RT,SYS-DATA,SYS-DATA,,,information / observation,monitoring/surveillance interface,monitoring/surveillance interface,exact,exact,OBSERVED_DOCUMENTED,documented,phase4a_usgs_waterville,,high,,directed_local_record,system-level,2026 baseline,BASELINE_DEPENDENCY,documented,unknown,YES,YES,QUALITATIVE_ONLY,NO,VISUALIZATION_AND_QUALITATIVE_REASONING,"Observation, reporting, and decision support are not authority, control, or incidence. Local caveat: Representative real-time streamgage product; one station does not cover the full Maumee basin."
AR-4B-IDE-B-002-4e05ebaa,4B,data/processed/networks/information_dependency_edges.csv,IDE-B-002,OBS-DAT-USGS-NWIS-RT,OBS-MOD-NOAA-NWPS,ENT-DATA-OBS-DAT-USGS-NWIS-RT,ENT-DATA-OBS-MOD-NOAA-NWPS,SYS-DATA,SYS-DATA,,,unresolved / unclassified,monitoring/surveillance interface,monitoring/surveillance interface,exact,exact,OBSERVED_DOCUMENTED,documented,phase4a_noaa_nwps,,medium,,unspecified_or_associative,system-level,2026 baseline,BASELINE_DEPENDENCY,qualified_documented,unknown,YES,YES,QUALITATIVE_ONLY,NO,VISUALIZATION_AND_QUALITATIVE_REASONING,No defensible shared class is asserted; retain the local term and source lineage for later review. Local caveat: The public chain is represented at product level; station-specific forecast ingestion is not documented here.
AR-4B-IDE-B-003-6d8a3ca5,4B,data/processed/networks/information_dependency_edges.csv,IDE-B-003,OBS-MOD-NOAA-NWPS,OBS-ORG-NWS,ENT-DATA-OBS-MOD-NOAA-NWPS,ENT-DATA-OBS-ORG-NWS,SYS-DATA,SYS-DATA,,,information / observation,monitoring/surveillance interface,monitoring/surveillance interface,exact,exact,OBSERVED_DOCUMENTED,documented,phase4a_noaa_nwps,,high,,directed_local_record,system-level,2026 baseline,BASELINE_DEPENDENCY,documented,moderate,YES,YES,QUALITATIVE_ONLY,NO,VISUALIZATION_AND_QUALITATIVE_REASONING,"Observation, reporting, and decision support are not authority, control, or incidence. Local caveat: NWPS is represented as a public NOAA water-prediction interface associated with NWS warning work."
AR-4B-IDE-B-004-f4d2229f,4B,data/processed/networks/information_dependency_edges.csv,IDE-B-004,OBS-MOD-NOAA-NWPS,OBS-RSP-FLOOD-WARNING-RESPONSE,ENT-DATA-OBS-MOD-NOAA-NWPS,ENT-DATA-OBS-RSP-FLOOD-WARNING-RESPONSE,SYS-DATA,SYS-DATA,,,operational dependency,monitoring/surveillance interface,monitoring/surveillance interface,exact,exact,OBSERVED_DOCUMENTED,documented,phase4a_nws_flood,,high,,directed_local_record,system-level,2026 baseline,BASELINE_DEPENDENCY,documented,moderate,YES,YES,QUALITATIVE_ONLY,NO,VISUALIZATION_AND_QUALITATIVE_REASONING,"Dependency is not risk, failure probability, control proof, or causal effect. Local caveat: Public flood information supports response awareness; local protocols and action timing are not modeled."
AR-4B-IDE-B-005-513087e4,4B,data/processed/networks/information_dependency_edges.csv,IDE-B-005,OBS-ORG-NWS,OBS-RSP-FLOOD-WARNING-RESPONSE,ENT-DATA-OBS-ORG-NWS,ENT-DATA-OBS-RSP-FLOOD-WARNING-RESPONSE,SYS-DATA,SYS-DATA,,,information / observation,monitoring/surveillance interface,monitoring/surveillance interface,exact,exact,OBSERVED_DOCUMENTED,documented,phase4a_nws_flood,,high,,directed_local_record,system-level,2026 baseline,BASELINE_DEPENDENCY,documented,unknown,YES,YES,QUALITATIVE_ONLY,NO,VISUALIZATION_AND_QUALITATIVE_REASONING,"Observation, reporting, and decision support are not authority, control, or incidence. Local caveat: NWS warnings inform public-safety response; no county-specific decision is assigned."
AR-4B-IDE-C-001-95f16266,4B,data/processed/networks/information_dependency_edges.csv,IDE-C-001,OBS-NET-NPDES-MONITORING,OBS-DAT-EPA-ECHO,ENT-DATA-OBS-NET-NPDES-MONITORING,ENT-DATA-OBS-DAT-EPA-ECHO,SYS-DATA,SYS-DATA,,,information / observation,monitoring/surveillance interface,monitoring/surveillance interface,exact,exact,OBSERVED_DOCUMENTED,documented,phase4a_epa_echo,,medium,,directed_local_record,system-level,2026 baseline,BASELINE_DEPENDENCY,documented,unknown,YES,YES,QUALITATIVE_ONLY,NO,VISUALIZATION_AND_QUALITATIVE_REASONING,"Observation, reporting, and decision support are not authority, control, or incidence. Local caveat: ECHO exposes public facility and compliance information; raw measurement pathways are not reconstructed."
AR-4B-IDE-C-002-296d65ac,4B,data/processed/networks/information_dependency_edges.csv,IDE-C-002,OBS-DAT-EPA-ECHO,OBS-ORG-NPDES-PROGRAM,ENT-DATA-OBS-DAT-EPA-ECHO,ENT-DATA-OBS-ORG-NPDES-PROGRAM,SYS-DATA,SYS-DATA,,,governance / authority,monitoring/surveillance interface,monitoring/surveillance interface,exact,exact,OBSERVED_DOCUMENTED,documented,phase4a_epa_npdes,,high,,role_assignment,system-level,2026 baseline,BASELINE_DEPENDENCY,documented,unknown,YES,YES,QUALITATIVE_ONLY,NO,VISUALIZATION_AND_QUALITATIVE_REASONING,"Governance, monitoring, funding, advice, ownership, and coordination remain distinct from operational control. Local caveat: Public data support program oversight; no named-facility finding or enforcement outcome is inferred."
AR-4B-IDE-C-003-e67ad016,4B,data/processed/networks/information_dependency_edges.csv,IDE-C-003,OBS-NET-NPDES-MONITORING,OBS-ORG-NPDES-PROGRAM,ENT-DATA-OBS-NET-NPDES-MONITORING,ENT-DATA-OBS-ORG-NPDES-PROGRAM,SYS-DATA,SYS-DATA,,,governance / authority,monitoring/surveillance interface,monitoring/surveillance interface,exact,exact,OBSERVED_DOCUMENTED,documented,phase4a_epa_npdes,,medium,,role_assignment,system-level,2026 baseline,BASELINE_DEPENDENCY,documented,unknown,YES,YES,QUALITATIVE_ONLY,NO,VISUALIZATION_AND_QUALITATIVE_REASONING,"Governance, monitoring, funding, advice, ownership, and coordination remain distinct from operational control. Local caveat: The NPDES framework is represented at program level, including state authorization boundaries."
AR-4B-IDE-C-004-9bb292be,4B,data/processed/networks/information_dependency_edges.csv,IDE-C-004,OBS-ORG-NPDES-PROGRAM,OBS-RSP-NPDES-COMPLIANCE,ENT-DATA-OBS-ORG-NPDES-PROGRAM,ENT-DATA-OBS-RSP-NPDES-COMPLIANCE,SYS-DATA,SYS-DATA,,,governance / authority,monitoring/surveillance interface,monitoring/surveillance interface,exact,exact,OBSERVED_DOCUMENTED,documented,phase4a_epa_npdes,,medium,,role_assignment,system-level,2026 baseline,BASELINE_DEPENDENCY,documented,unknown,YES,YES,QUALITATIVE_ONLY,NO,VISUALIZATION_AND_QUALITATIVE_REASONING,"Governance, monitoring, funding, advice, ownership, and coordination remain distinct from operational control. Local caveat: Represents a possible compliance, permitting, or reporting response without assigning a case."
AR-4B-IDE-D-001-c5be92b4,4B,data/processed/networks/information_dependency_edges.csv,IDE-D-001,OBS-NET-EIA-ELECTRICITY,OBS-DAT-EIA-ELECTRICITY,ENT-DATA-OBS-NET-EIA-ELECTRICITY,ENT-DATA-OBS-DAT-EIA-ELECTRICITY,SYS-DATA,SYS-DATA,,,information / observation,monitoring/surveillance interface,monitoring/surveillance interface,exact,exact,OBSERVED_DOCUMENTED,documented,phase4a_eia_electricity,,high,,directed_local_record,system-level,2026 baseline,BASELINE_DEPENDENCY,documented,unknown,YES,YES,QUALITATIVE_ONLY,NO,VISUALIZATION_AND_QUALITATIVE_REASONING,"Observation, reporting, and decision support are not authority, control, or incidence. Local caveat: EIA statistical products provide system context and are not operational telemetry."
AR-4B-IDE-D-002-ef6f4632,4B,data/processed/networks/information_dependency_edges.csv,IDE-D-002,OBS-DAT-EIA-ELECTRICITY,OBS-RSP-GRID-OPERATIONS,ENT-DATA-OBS-DAT-EIA-ELECTRICITY,ENT-DATA-OBS-RSP-GRID-OPERATIONS,SYS-DATA,SYS-DATA,,,unresolved / unclassified,monitoring/surveillance interface,monitoring/surveillance interface,exact,exact,OBSERVED_DOCUMENTED,documented,phase4a_eia_electricity,,medium,,unspecified_or_associative,system-level,2026 baseline,BASELINE_DEPENDENCY,documented,unknown,YES,YES,QUALITATIVE_ONLY,NO,VISUALIZATION_AND_QUALITATIVE_REASONING,No defensible shared class is asserted; retain the local term and source lineage for later review. Local caveat: EIA data support public understanding and planning context; no direct operator use is asserted.
AR-4B-IDE-D-003-4f5fcf52,4B,data/processed/networks/information_dependency_edges.csv,IDE-D-003,OBS-NET-PJM-OPERATING-DATA,OBS-DAT-PJM-DATAMINER,ENT-DATA-OBS-NET-PJM-OPERATING-DATA,ENT-DATA-OBS-DAT-PJM-DATAMINER,SYS-DATA,SYS-DATA,,,information / observation,monitoring/surveillance interface,monitoring/surveillance interface,exact,exact,OBSERVED_DOCUMENTED,documented,phase4a_pjm_dataminer,,high,,directed_local_record,system-level,2026 baseline,BASELINE_DEPENDENCY,documented,unknown,YES,YES,QUALITATIVE_ONLY,NO,VISUALIZATION_AND_QUALITATIVE_REASONING,"Observation, reporting, and decision support are not authority, control, or incidence. Local caveat: PJM Data Miner is represented as a public data interface, not a control network."
AR-4B-IDE-D-004-4a322268,4B,data/processed/networks/information_dependency_edges.csv,IDE-D-004,OBS-DAT-PJM-DATAMINER,OBS-ORG-PJM,ENT-DATA-OBS-DAT-PJM-DATAMINER,ENT-DATA-OBS-ORG-PJM,SYS-DATA,SYS-DATA,,,information / observation,monitoring/surveillance interface,monitoring/surveillance interface,exact,exact,OBSERVED_DOCUMENTED,documented,phase4a_pjm_operations,,medium,,directed_local_record,system-level,2026 baseline,BASELINE_DEPENDENCY,documented,unknown,YES,YES,QUALITATIVE_ONLY,NO,VISUALIZATION_AND_QUALITATIVE_REASONING,"Observation, reporting, and decision support are not authority, control, or incidence. Local caveat: Public operator data support a high-level information interface; internal workflows remain unavailable."
AR-4B-IDE-D-005-cbcb3f24,4B,data/processed/networks/information_dependency_edges.csv,IDE-D-005,OBS-DAT-PJM-DATAMINER,OBS-RSP-GRID-OPERATIONS,ENT-DATA-OBS-DAT-PJM-DATAMINER,ENT-DATA-OBS-RSP-GRID-OPERATIONS,SYS-DATA,SYS-DATA,,,information / observation,monitoring/surveillance interface,monitoring/surveillance interface,exact,exact,OBSERVED_DOCUMENTED,documented,phase4a_pjm_dataminer,,medium,,directed_local_record,system-level,2026 baseline,BASELINE_DEPENDENCY,documented,unknown,YES,YES,QUALITATIVE_ONLY,NO,VISUALIZATION_AND_QUALITATIVE_REASONING,"Observation, reporting, and decision support are not authority, control, or incidence. Local caveat: The operational endpoint is generalized and does not imply a dispatch instruction or specific response."
AR-4B-IDE-D-006-5f555e3d,4B,data/processed/networks/information_dependency_edges.csv,IDE-D-006,OBS-ORG-PJM,OBS-RSP-GRID-OPERATIONS,ENT-DATA-OBS-ORG-PJM,ENT-DATA-OBS-RSP-GRID-OPERATIONS,SYS-DATA,SYS-DATA,,,governance / authority,monitoring/surveillance interface,monitoring/surveillance interface,exact,exact,OBSERVED_DOCUMENTED,documented,phase4a_pjm_operations,,medium,,role_assignment,system-level,2026 baseline,BASELINE_DEPENDENCY,documented,unknown,YES,YES,QUALITATIVE_ONLY,NO,VISUALIZATION_AND_QUALITATIVE_REASONING,"Governance, monitoring, funding, advice, ownership, and coordination remain distinct from operational control. Local caveat: PJM's public operational role is represented without sensitive topology or internal decision detail."
AR-12B-VDE-001-feb95688,12B,data/processed/analysis/vector_system_dependency_register.csv,VDE-001,temperature,mosquito_seasonal_development,,,SYS-CLIMATE,SYS-VECTOR-ECOLOGY,climate,vector_ecology,ecological relationship,generalized external interface,generalized external interface,system-level,system-level,OBSERVED_DOCUMENTED,documented,v12_osu_culex,moderate,moderate,,directed_local_record,station/regional,2026 baseline,BASELINE_DEPENDENCY,documented_relationship,Local uncertainty/notes retained in source artifact.,YES,YES,QUALITATIVE_ONLY,NO,VISUALIZATION_AND_QUALITATIVE_REASONING,"Ecological relationships retain native scale and do not imply abundance, establishment, contact, infection, or risk. Local caveat: Temperature affects development timing in cited species ecology; no regional thermal model."
AR-12B-VDE-002-198d45e7,12B,data/processed/analysis/vector_system_dependency_register.csv,VDE-002,temperature,Aedes_lifecycle,,,SYS-CLIMATE,SYS-VECTOR-ECOLOGY,climate,vector_ecology,ecological relationship,generalized external interface,generalized external interface,system-level,system-level,OBSERVED_DOCUMENTED,documented,v12_in_ae_albopictus,moderate,moderate,,directed_local_record,regional,2026 baseline,BASELINE_DEPENDENCY,documented_relationship,Local uncertainty/notes retained in source artifact.,YES,YES,QUALITATIVE_ONLY,NO,VISUALIZATION_AND_QUALITATIVE_REASONING,"Ecological relationships retain native scale and do not imply abundance, establishment, contact, infection, or risk. Local caveat: Indiana reports a shorter lifecycle during high temperatures; no threshold surface."
AR-12B-VDE-003-127043a5,12B,data/processed/analysis/vector_system_dependency_register.csv,VDE-003,temperature,Ixodes_activity,,,SYS-CLIMATE,SYS-VECTOR-ECOLOGY,climate,vector_ecology,ecological relationship,generalized external interface,generalized external interface,system-level,system-level,OBSERVED_DOCUMENTED,documented,v12_cdc_ixodes,moderate,moderate,,directed_local_record,regional,2026 baseline,BASELINE_DEPENDENCY,documented_relationship,Local uncertainty/notes retained in source artifact.,YES,YES,QUALITATIVE_ONLY,NO,VISUALIZATION_AND_QUALITATIVE_REASONING,"Ecological relationships retain native scale and do not imply abundance, establishment, contact, infection, or risk. Local caveat: Above-freezing winter adult questing context is not an activity probability."
AR-12B-VDE-004-30665ef9,12B,data/processed/analysis/vector_system_dependency_register.csv,VDE-004,precipitation,temporary_standing_water,,,SYS-CLIMATE,SYS-WATER,climate,hydrology,ecological relationship,generalized external interface,generalized external interface,system-level,system-level,INFERRED,documented_plus_inferred,phase1_hydrology_context,moderate,limited,,directed_local_record,station/wetland/watershed,2026 baseline,BASELINE_DEPENDENCY,physical_plausibility_plus_source_habitat,Local uncertainty/notes retained in source artifact.,YES,YES,QUALITATIVE_ONLY,NO,VISUALIZATION_AND_QUALITATIVE_REASONING,Inferred relationship retained: Precipitation can create or replenish water-holding habitat; project relationship is qualitative.
AR-12B-VDE-005-d114c1f5,12B,data/processed/analysis/vector_system_dependency_register.csv,VDE-005,standing_water,mosquito_habitat,,,SYS-WATER,SYS-VECTOR-ECOLOGY,hydrology,vector_ecology,ecological relationship,generalized external interface,generalized external interface,system-level,system-level,OBSERVED_DOCUMENTED,documented,v12_ohio_mosquitoes,strong,high,,directed_local_record,wetland/ditch/container,2026 baseline,BASELINE_DEPENDENCY,documented_relationship,Local uncertainty/notes retained in source artifact.,YES,YES,QUALITATIVE_ONLY,NO,VISUALIZATION_AND_QUALITATIVE_REASONING,"Ecological relationships retain native scale and do not imply abundance, establishment, contact, infection, or risk. Local caveat: Standing-water habitat association is distinct from abundance."
AR-12B-VDE-006-650130b0,12B,data/processed/analysis/vector_system_dependency_register.csv,VDE-006,wetlands,mosquito_habitat,,,SYS-ECOLOGY,SYS-VECTOR-ECOLOGY,ecology,vector_ecology,ecological relationship,generalized external interface,generalized external interface,system-level,system-level,INFERRED,documented_plus_inferred,phase6_ecology_context,moderate,moderate,,directed_local_record,wetland/watershed,2026 baseline,BASELINE_DEPENDENCY,accepted_context_plus_source_habitat,Local uncertainty/notes retained in source artifact.,YES,YES,QUALITATIVE_ONLY,NO,VISUALIZATION_AND_QUALITATIVE_REASONING,Inferred relationship retained: Accepted wetland context is generalized and does not mark vector detections.
AR-12B-VDE-007-fc83cdb5,12B,data/processed/analysis/vector_system_dependency_register.csv,VDE-007,urban_containers,Aedes_albopictus,,,SYS-POPULATION,SYS-VECTOR-ECOLOGY,settlement,vector_ecology,ecological relationship,generalized external interface,generalized external interface,system-level,system-level,OBSERVED_DOCUMENTED,documented,v12_ohio_mosquitoes,strong,high,,directed_local_record,urban/suburban,2026 baseline,BASELINE_DEPENDENCY,documented_relationship,Local uncertainty/notes retained in source artifact.,YES,YES,QUALITATIVE_ONLY,NO,VISUALIZATION_AND_QUALITATIVE_REASONING,"Ecological relationships retain native scale and do not imply abundance, establishment, contact, infection, or risk. Local caveat: Containers support habitat association; no parcel inventory or local abundance."
AR-12B-VDE-008-b1f2c7b5,12B,data/processed/analysis/vector_system_dependency_register.csv,VDE-008,urban_containers,Aedes_japonicus,,,SYS-POPULATION,SYS-VECTOR-ECOLOGY,settlement,vector_ecology,ecological relationship,generalized external interface,generalized external interface,system-level,system-level,OBSERVED_DOCUMENTED,documented,v12_ohio_ae_japonicus,moderate,moderate,,directed_local_record,study-area/generalized,2026 baseline,BASELINE_DEPENDENCY,documented_relationship,Local uncertainty/notes retained in source artifact.,YES,YES,QUALITATIVE_ONLY,NO,VISUALIZATION_AND_QUALITATIVE_REASONING,"Ecological relationships retain native scale and do not imply abundance, establishment, contact, infection, or risk. Local caveat: Study-area container records are not a Western Basin distribution surface."
AR-12B-VDE-009-873fc30b,12B,data/processed/analysis/vector_system_dependency_register.csv,VDE-009,forest_edge,Ixodes_host_interface,,,SYS-ECOLOGY,SYS-VECTOR-ECOLOGY,ecology,vector_ecology,ecological relationship,generalized external interface,generalized external interface,system-level,system-level,OBSERVED_DOCUMENTED,documented,v12_cdc_ticks_live,moderate,moderate,,directed_local_record,forest/edge,2026 baseline,BASELINE_DEPENDENCY,documented_relationship,Local uncertainty/notes retained in source artifact.,YES,YES,QUALITATIVE_ONLY,NO,VISUALIZATION_AND_QUALITATIVE_REASONING,"Ecological relationships retain native scale and do not imply abundance, establishment, contact, infection, or risk. Local caveat: Forest/edge habitat is a generalized host-seeking interface, not an exact route."
AR-12B-VDE-010-ee955cda,12B,data/processed/analysis/vector_system_dependency_register.csv,VDE-010,forest_edge,Aedes_triseriatus,,,SYS-ECOLOGY,SYS-VECTOR-ECOLOGY,ecology,vector_ecology,ecological relationship,generalized external interface,generalized external interface,system-level,system-level,OBSERVED_DOCUMENTED,documented,v12_ohio_mosquitoes,moderate,moderate,,directed_local_record,woodland/park,2026 baseline,BASELINE_DEPENDENCY,documented_relationship,Local uncertainty/notes retained in source artifact.,YES,YES,QUALITATIVE_ONLY,NO,VISUALIZATION_AND_QUALITATIVE_REASONING,"Ecological relationships retain native scale and do not imply abundance, establishment, contact, infection, or risk. Local caveat: Wooded habitat context is distinct from human contact."
AR-12B-VDE-011-ecc2cd4f,12B,data/processed/analysis/vector_system_dependency_register.csv,VDE-011,host_ecology,mosquito_lifecycle,,,SYS-ECOLOGY,SYS-VECTOR-ECOLOGY,ecology,vector_ecology,ecological relationship,generalized external interface,generalized external interface,system-level,system-level,OBSERVED_DOCUMENTED,documented,v12_cdc_wnv_about,moderate,moderate,,directed_local_record,regional ecology,2026 baseline,BASELINE_DEPENDENCY,documented_relationship,Local uncertainty/notes retained in source artifact.,YES,YES,QUALITATIVE_ONLY,NO,VISUALIZATION_AND_QUALITATIVE_REASONING,"Ecological relationships retain native scale and do not imply abundance, establishment, contact, infection, or risk. Local caveat: Bird–mosquito context is retained without human infection or disease modeling."
AR-12B-VDE-012-f0cd7a8d,12B,data/processed/analysis/vector_system_dependency_register.csv,VDE-012,host_ecology,tick_lifecycle,,,SYS-ECOLOGY,SYS-VECTOR-ECOLOGY,ecology,vector_ecology,ecological relationship,generalized external interface,generalized external interface,system-level,system-level,OBSERVED_DOCUMENTED,documented,v12_cdc_ticks_live,moderate,moderate,,directed_local_record,regional ecology,2026 baseline,BASELINE_DEPENDENCY,documented_relationship,Local uncertainty/notes retained in source artifact.,YES,YES,QUALITATIVE_ONLY,NO,VISUALIZATION_AND_QUALITATIVE_REASONING,"Ecological relationships retain native scale and do not imply abundance, establishment, contact, infection, or risk. Local caveat: Host ecology supports lifecycle context; host presence is not contact."
AR-12B-VDE-013-6a172b0b,12B,data/processed/analysis/vector_system_dependency_register.csv,VDE-013,population_concentration,potential_contact_interface,,,,SYS-VECTOR-ECOLOGY,population_settlement,vector_ecology,operational dependency,generalized external interface,generalized external interface,nonjoinable,system-level,INFERRED,inferred,phase11_population_context,limited,limited,,directed_local_record,county/place/generalized,2026 baseline,BASELINE_DEPENDENCY,project_system_inference,Local uncertainty/notes retained in source artifact.,YES,YES,QUALITATIVE_ONLY,NO,SOURCE_LOCAL_ONLY;NO_EXACT_ATLAS_JOIN,Inferred relationship retained: Population concentration can identify a potential interface for planning; it does not establish contact or exposure.
AR-12B-VDE-014-5663740b,12B,data/processed/analysis/vector_system_dependency_register.csv,VDE-014,workplace_settlement,potential_contact_interface,,,,SYS-VECTOR-ECOLOGY,population_mobility,vector_ecology,operational dependency,generalized external interface,generalized external interface,nonjoinable,system-level,INFERRED,inferred,phase11_population_context,limited,limited,,directed_local_record,county/place/generalized,2026 baseline,BASELINE_DEPENDENCY,project_system_inference,Local uncertainty/notes retained in source artifact.,YES,YES,QUALITATIVE_ONLY,NO,SOURCE_LOCAL_ONLY;NO_EXACT_ATLAS_JOIN,"Inferred relationship retained: Workplace/residence context is not passenger surveillance, contact, or infection."
AR-12B-VDE-015-527372f1,12B,data/processed/analysis/vector_system_dependency_register.csv,VDE-015,mosquito_surveillance,vector_detection,,,,SYS-VECTOR-ECOLOGY,surveillance,vector_ecology,surveillance / detection,generalized external interface,generalized external interface,nonjoinable,system-level,OBSERVED_DOCUMENTED,documented,v12_ohio_vector_update,strong,high,,directed_local_record,state/county/agency,2026 baseline,BASELINE_DEPENDENCY,documented_program,Local uncertainty/notes retained in source artifact.,YES,YES,QUALITATIVE_ONLY,NO,SOURCE_LOCAL_ONLY;NO_EXACT_ATLAS_JOIN,"Surveillance or detection does not establish incidence, absence, transmission, or disease burden. Local caveat: Surveillance programs produce detection records with method and effort limitations."
AR-12B-VDE-016-120570d0,12B,data/processed/analysis/vector_system_dependency_register.csv,VDE-016,tick_surveillance,Ixodes_county_status,,,,SYS-VECTOR-ECOLOGY,surveillance,vector_ecology,surveillance / detection,generalized external interface,generalized external interface,nonjoinable,system-level,OBSERVED_DOCUMENTED,documented,v12_cdc_tick_sets,strong,high,,directed_local_record,county,2026 baseline,BASELINE_DEPENDENCY,documented_program,Local uncertainty/notes retained in source artifact.,YES,YES,QUALITATIVE_ONLY,NO,SOURCE_LOCAL_ONLY;NO_EXACT_ATLAS_JOIN,"Surveillance or detection does not establish incidence, absence, transmission, or disease burden. Local caveat: CDC status definitions retain established/reported/no-record and non-absence rules."
AR-12B-VDE-017-2342978a,12B,data/processed/analysis/vector_system_dependency_register.csv,VDE-017,vector_detection,decision_interface,,,,SYS-GOVERNANCE,surveillance,governance,information / observation,generalized external interface,generalized external interface,nonjoinable,system-level,INFERRED,inferred,phase10_governance_context,moderate,limited,,directed_local_record,agency/county/state,2026 baseline,BASELINE_DEPENDENCY,project_system_inference,Local uncertainty/notes retained in source artifact.,YES,YES,QUALITATIVE_ONLY,NO,SOURCE_LOCAL_ONLY;NO_EXACT_ATLAS_JOIN,Inferred relationship retained: Detection can inform decisions; monitoring is not control and does not guarantee complete detection.
AR-12B-VDE-018-e32f4dde,12B,data/processed/analysis/vector_system_dependency_register.csv,VDE-018,data_sensors,surveillance_detection,,,,,information,surveillance,information / observation,generalized external interface,generalized external interface,nonjoinable,nonjoinable,INFERRED,documented_plus_inferred,phase4_data_context,moderate,moderate,,directed_local_record,station/program/county,2026 baseline,BASELINE_DEPENDENCY,accepted_context_plus_program_records,Local uncertainty/notes retained in source artifact.,YES,YES,QUALITATIVE_ONLY,NO,SOURCE_LOCAL_ONLY;NO_EXACT_ATLAS_JOIN,Inferred relationship retained: Observation methods and coverage shape detection; no completeness claim.
AR-12B-VDE-019-a009c927,12B,data/processed/analysis/vector_system_dependency_register.csv,VDE-019,climate_hazards,seasonal_habitat_context,,,SYS-CLIMATE,SYS-VECTOR-ECOLOGY,climate,vector_ecology,ecological relationship,generalized external interface,generalized external interface,system-level,system-level,INFERRED,documented_plus_inferred,phase9_climate_context,moderate,limited,,directed_local_record,station/county/wetland,2026 baseline,BASELINE_DEPENDENCY,accepted_context_plus_source_habitat,Local uncertainty/notes retained in source artifact.,YES,YES,QUALITATIVE_ONLY,NO,VISUALIZATION_AND_QUALITATIVE_REASONING,Inferred relationship retained: Accepted climate observations are cross-linked without future range or hazard-surface modeling.
AR-12B-VDE-020-e09ba0bf,12B,data/processed/analysis/vector_system_dependency_register.csv,VDE-020,hydrography_wetlands,standing_water_context,,,SYS-WATER,SYS-VECTOR-ECOLOGY,hydrology,vector_ecology,ecological relationship,generalized external interface,generalized external interface,system-level,system-level,INFERRED,accepted_context_plus_inferred,phase1_hydrology_context,moderate,limited,,directed_local_record,watershed/wetland,2026 baseline,BASELINE_DEPENDENCY,accepted_layer_plus_physical_plausibility,Local uncertainty/notes retained in source artifact.,YES,YES,QUALITATIVE_ONLY,NO,VISUALIZATION_AND_QUALITATIVE_REASONING,Inferred relationship retained: Hydrography is not a mosquito occurrence layer.
AR-12B-VDE-021-da508d9f,12B,data/processed/analysis/vector_system_dependency_register.csv,VDE-021,ecology_landscape,host_habitat_context,,,SYS-ECOLOGY,SYS-VECTOR-ECOLOGY,ecology,vector_ecology,ecological relationship,generalized external interface,generalized external interface,system-level,system-level,INFERRED,accepted_context_plus_inferred,phase6_ecology_context,moderate,limited,,directed_local_record,regional/forest/wetland,2026 baseline,BASELINE_DEPENDENCY,accepted_layer_plus_ecological_reasoning,Local uncertainty/notes retained in source artifact.,YES,YES,QUALITATIVE_ONLY,NO,VISUALIZATION_AND_QUALITATIVE_REASONING,Inferred relationship retained: Ecology context is not a host-density or vector-abundance model.
AR-12B-VDE-022-e55d7c20,12B,data/processed/analysis/vector_system_dependency_register.csv,VDE-022,environmental_health_pathway,potential_contact_interface,,,SYS-EXPOSURE,SYS-VECTOR-ECOLOGY,environmental_health,vector_ecology,exposure pathway,generalized external interface,generalized external interface,system-level,system-level,INFERRED,inferred,phase7_health_context,limited,high,,directed_local_record,regional/pathway,2026 baseline,BASELINE_DEPENDENCY,boundary_crosswalk,Local uncertainty/notes retained in source artifact.,YES,YES,QUALITATIVE_ONLY,NO,VISUALIZATION_AND_QUALITATIVE_REASONING,"Inferred relationship retained: Potential vector contact interface is not exposure, dose, infection, illness, or disease."
AR-12B-VDE-023-9fbbd86b,12B,data/processed/analysis/vector_system_dependency_register.csv,VDE-023,positive_vector_pool,human_case_context,,,,SYS-EXPOSURE,vector_surveillance,environmental_health,high-level association,generalized external interface,generalized external interface,nonjoinable,system-level,OBSERVED_DOCUMENTED,documented_boundary,v12_cdc_wnv_data,strong,high,,unspecified_or_associative,county/program,2026 baseline,BASELINE_DEPENDENCY,surveillance_boundary,Local uncertainty/notes retained in source artifact.,YES,YES,QUALITATIVE_ONLY,NO,SOURCE_LOCAL_ONLY;NO_EXACT_ATLAS_JOIN,"Generic association remains local and must not be upgraded to dependency, causation, or risk. Local caveat: Positive vector pool and reported human case remain separate observations."
AR-12B-VDE-024-470eef69,12B,data/processed/analysis/vector_system_dependency_register.csv,VDE-024,sampling_effort,detection_status,,,,,surveillance,data_quality,surveillance / detection,generalized external interface,generalized external interface,nonjoinable,nonjoinable,OBSERVED_DOCUMENTED,documented_boundary,v12_cdc_mosquito_traps,strong,high,,directed_local_record,program/county,2026 baseline,BASELINE_DEPENDENCY,surveillance_methodology,Local uncertainty/notes retained in source artifact.,YES,YES,QUALITATIVE_ONLY,NO,SOURCE_LOCAL_ONLY;NO_EXACT_ATLAS_JOIN,"Surveillance or detection does not establish incidence, absence, transmission, or disease burden. Local caveat: Sampling effort is not abundance and non-detection is not absence."
AR-12B-VDE-025-d342b56a,12B,data/processed/analysis/vector_system_dependency_register.csv,VDE-025,county_record,local_distribution,,,,,surveillance,spatial_scale,high-level association,generalized external interface,generalized external interface,nonjoinable,nonjoinable,OBSERVED_DOCUMENTED,documented_boundary,v12_cdc_tick_sets,strong,high,,unspecified_or_associative,county/local,2026 baseline,BASELINE_DEPENDENCY,CDC county caveat,Local uncertainty/notes retained in source artifact.,YES,YES,QUALITATIVE_ONLY,NO,SOURCE_LOCAL_ONLY;NO_EXACT_ATLAS_JOIN,"Generic association remains local and must not be upgraded to dependency, causation, or risk. Local caveat: County record is not precise local distribution."
AR-12B-VDE-026-6c86019b,12B,data/processed/analysis/vector_system_dependency_register.csv,VDE-026,reported_human_case,local_transmission,,,SYS-EXPOSURE,,environmental_health,public_health,high-level association,generalized external interface,generalized external interface,system-level,nonjoinable,OBSERVED_DOCUMENTED,documented_boundary,v12_cdc_lyme,strong,high,,unspecified_or_associative,county of residence,2026 baseline,BASELINE_DEPENDENCY,CDC case-geography caveat,Local uncertainty/notes retained in source artifact.,YES,YES,QUALITATIVE_ONLY,NO,SOURCE_LOCAL_ONLY;NO_EXACT_ATLAS_JOIN,"Generic association remains local and must not be upgraded to dependency, causation, or risk. Local caveat: Reported case is not local transmission without supporting evidence."
AR-12B-VDE-027-b74ce8a9,12B,data/processed/analysis/vector_system_dependency_register.csv,VDE-027,surveillance_program,control_or_response,,,SYS-GOVERNANCE,,governance,vector_management,operational dependency,generalized external interface,generalized external interface,system-level,nonjoinable,OBSERVED_DOCUMENTED,documented_boundary,phase10_governance_context,strong,high,,directed_local_record,agency/program,2026 baseline,BASELINE_DEPENDENCY,accepted governance distinction,Local uncertainty/notes retained in source artifact.,YES,YES,QUALITATIVE_ONLY,NO,SOURCE_LOCAL_ONLY;NO_EXACT_ATLAS_JOIN,"Dependency is not risk, failure probability, control proof, or causal effect. Local caveat: Surveillance and monitoring do not by themselves establish control effectiveness."
AR-12B-VDE-028-bae30319,12B,data/processed/analysis/vector_system_dependency_register.csv,VDE-028,Great_Black_Swamp,vector_habitat_polygon,,,,,canon,spatial_boundary,unresolved / unclassified,generalized external interface,generalized external interface,nonjoinable,nonjoinable,OBSERVED_DOCUMENTED,documented_boundary,phase6_ecology_context,strong,high,,unspecified_or_associative,historical/noncanonical,2026 baseline,BASELINE_DEPENDENCY,accepted canon status,Local uncertainty/notes retained in source artifact.,YES,YES,QUALITATIVE_ONLY,NO,SOURCE_LOCAL_ONLY;NO_EXACT_ATLAS_JOIN,No defensible shared class is asserted; retain the local term and source lineage for later review. Local caveat: Held geometry is not used as a vector habitat polygon.
AR-11B-DEP-0001-WATER-1f586075,11B,data/processed/analysis/population_system_dependency_register.csv,DEP-0001-water,POP-ZONE-39039,,ENT-POPULATION-POP-ZONE-39039,,SYS-POPULATION,SYS-WATER,,water,operational dependency,population/settlement entity,generalized external interface,exact,system-level,INFERRED,inferred,phase10_governance_context,limited,limited,,directed_local_record,county/place,2026 baseline,BASELINE_DEPENDENCY,Generalized service-responsibility context only; no state-specific operator or exact resident-to-utility assignment.,Local uncertainty/notes retained in source artifact.,YES,YES,QUALITATIVE_ONLY,NO,VISUALIZATION_AND_QUALITATIVE_REASONING;QUALITATIVE_STRESS_TEST_ONLY;NO_QUANTITATIVE_AGGREGATION,Inferred relationship retained: Generalized service-responsibility context only; no state-specific operator or exact resident-to-utility assignment.
AR-11B-DEP-0001-WASTEWATER-a150ebad,11B,data/processed/analysis/population_system_dependency_register.csv,DEP-0001-wastewater,POP-ZONE-39039,,ENT-POPULATION-POP-ZONE-39039,,SYS-POPULATION,SYS-WATER,,wastewater,operational dependency,population/settlement entity,generalized external interface,exact,system-level,INFERRED,inferred,phase10_s05_ohio_npdes,limited,limited,,directed_local_record,county/place,2026 baseline,BASELINE_DEPENDENCY,"Ohio regulatory program context only; no exact sewer territory, treatment load, or resident assignment.",Local uncertainty/notes retained in source artifact.,YES,YES,QUALITATIVE_ONLY,NO,VISUALIZATION_AND_QUALITATIVE_REASONING;QUALITATIVE_STRESS_TEST_ONLY;NO_QUANTITATIVE_AGGREGATION,"Inferred relationship retained: Ohio regulatory program context only; no exact sewer territory, treatment load, or resident assignment."
AR-11B-DEP-0001-ENERGY-b93f58d9,11B,data/processed/analysis/population_system_dependency_register.csv,DEP-0001-energy,POP-ZONE-39039,,ENT-POPULATION-POP-ZONE-39039,,SYS-POPULATION,SYS-ENERGY,,energy,operational dependency,population/settlement entity,generalized external interface,exact,system-level,INFERRED,inferred,phase10_s24_pjm,moderate,moderate,,directed_local_record,county/place,2026 baseline,BASELINE_DEPENDENCY,"Regional wholesale/high-voltage context only; no local distribution assignment, demand model, or outage probability.",Local uncertainty/notes retained in source artifact.,YES,YES,QUALITATIVE_ONLY,NO,VISUALIZATION_AND_QUALITATIVE_REASONING;QUALITATIVE_STRESS_TEST_ONLY;NO_QUANTITATIVE_AGGREGATION,"Inferred relationship retained: Regional wholesale/high-voltage context only; no local distribution assignment, demand model, or outage probability."
AR-11B-DEP-0001-TRANSPORT-07641b2d,11B,data/processed/analysis/population_system_dependency_register.csv,DEP-0001-transport,POP-ZONE-39039,,ENT-POPULATION-POP-ZONE-39039,,SYS-POPULATION,SYS-FREIGHT,,transport,operational dependency,population/settlement entity,generalized external interface,exact,system-level,INFERRED,inferred,s11b_lodes_oh_od,moderate,limited,,directed_local_record,county/county_pair,2026 baseline,BASELINE_DEPENDENCY,State-matched LODES OD supports generalized commuting context; the dependency is inferred and exposes no individual paths or passenger surveillance.,Local uncertainty/notes retained in source artifact.,YES,YES,QUALITATIVE_ONLY,NO,VISUALIZATION_AND_QUALITATIVE_REASONING;QUALITATIVE_STRESS_TEST_ONLY;NO_QUANTITATIVE_AGGREGATION,Inferred relationship retained: State-matched LODES OD supports generalized commuting context; the dependency is inferred and exposes no individual paths or passenger surveillance.
AR-11B-DEP-0001-CLIMATE-HAZARD-03c13c83,11B,data/processed/analysis/population_system_dependency_register.csv,DEP-0001-climate_hazard,POP-ZONE-39039,,ENT-POPULATION-POP-ZONE-39039,,SYS-POPULATION,,,climate_hazard,operational dependency,population/settlement entity,generalized external interface,exact,nonjoinable,INFERRED,inferred,phase9_hazard_context,limited,limited,,directed_local_record,county/regional,2026 baseline,BASELINE_DEPENDENCY,"Hazard interface is not exposure, dose, or health outcome.",Local uncertainty/notes retained in source artifact.,YES,YES,QUALITATIVE_ONLY,NO,VISUALIZATION_AND_QUALITATIVE_REASONING;QUALITATIVE_STRESS_TEST_ONLY;NO_QUANTITATIVE_AGGREGATION;SOURCE_LOCAL_ONLY;NO_EXACT_ATLAS_JOIN,"Inferred relationship retained: Hazard interface is not exposure, dose, or health outcome."
AR-11B-DEP-0001-ENVIRONMENTAL-HEALTH-bd17da2f,11B,data/processed/analysis/population_system_dependency_register.csv,DEP-0001-environmental_health,POP-ZONE-39039,,ENT-POPULATION-POP-ZONE-39039,,SYS-POPULATION,SYS-EXPOSURE,,environmental_health,exposure pathway,population/settlement entity,generalized external interface,exact,system-level,CONTEXT_REUSED,reused_context,phase7_exposure_context,limited,limited,,directed_local_record,county/regional,2026 baseline,BASELINE_DEPENDENCY,"Population presence is not exposure, dose, illness, or risk.",Local uncertainty/notes retained in source artifact.,YES,YES,QUALITATIVE_ONLY,NO,VISUALIZATION_AND_QUALITATIVE_REASONING;QUALITATIVE_STRESS_TEST_ONLY;NO_QUANTITATIVE_AGGREGATION,"Reused context retained and not counted as new evidence: Population presence is not exposure, dose, illness, or risk."
AR-11B-DEP-0001-ECOLOGY-LAND-79b138c6,11B,data/processed/analysis/population_system_dependency_register.csv,DEP-0001-ecology_land,POP-ZONE-39039,,ENT-POPULATION-POP-ZONE-39039,,SYS-POPULATION,,,ecology_land,operational dependency,population/settlement entity,generalized external interface,exact,nonjoinable,INFERRED,inferred,phase6_ecology_context,limited,limited,,directed_local_record,county/regional,2026 baseline,BASELINE_DEPENDENCY,"No habitat quality, biodiversity, or ecological-risk score.",Local uncertainty/notes retained in source artifact.,YES,YES,QUALITATIVE_ONLY,NO,VISUALIZATION_AND_QUALITATIVE_REASONING;QUALITATIVE_STRESS_TEST_ONLY;NO_QUANTITATIVE_AGGREGATION;SOURCE_LOCAL_ONLY;NO_EXACT_ATLAS_JOIN,"Inferred relationship retained: No habitat quality, biodiversity, or ecological-risk score."
AR-11B-DEP-0001-BIOGEOCHEMICAL-81787412,11B,data/processed/analysis/population_system_dependency_register.csv,DEP-0001-biogeochemical,POP-ZONE-39039,,ENT-POPULATION-POP-ZONE-39039,,SYS-POPULATION,SYS-BIOGEOCHEMISTRY,,biogeochemical,material flow,population/settlement entity,generalized external interface,exact,system-level,INFERRED,inferred,phase8_biogeochemical_context,limited,limited,,directed_local_record,county/watershed,2026 baseline,BASELINE_DEPENDENCY,"No new nutrient load, concentration, or treatment outcome.",Local uncertainty/notes retained in source artifact.,YES,YES,QUALITATIVE_ONLY,NO,VISUALIZATION_AND_QUALITATIVE_REASONING;QUALITATIVE_STRESS_TEST_ONLY;NO_QUANTITATIVE_AGGREGATION,"Inferred relationship retained: No new nutrient load, concentration, or treatment outcome."
AR-11B-DEP-0001-HOUSING-INFRASTRUCTURE-01e5a4e0,11B,data/processed/analysis/population_system_dependency_register.csv,DEP-0001-housing_infrastructure,POP-ZONE-39039,,ENT-POPULATION-POP-ZONE-39039,,SYS-POPULATION,,,housing_infrastructure,operational dependency,population/settlement entity,generalized external interface,exact,nonjoinable,INFERRED,inferred,s11a_acs_2024_5yr,limited,limited,,directed_local_record,county/place,2026 baseline,BASELINE_DEPENDENCY,"Housing context is not a condition, desirability, or vulnerability score.",Local uncertainty/notes retained in source artifact.,YES,YES,QUALITATIVE_ONLY,NO,VISUALIZATION_AND_QUALITATIVE_REASONING;QUALITATIVE_STRESS_TEST_ONLY;NO_QUANTITATIVE_AGGREGATION;SOURCE_LOCAL_ONLY;NO_EXACT_ATLAS_JOIN,"Inferred relationship retained: Housing context is not a condition, desirability, or vulnerability score."
AR-11B-DEP-0001-GOVERNANCE-f09042d4,11B,data/processed/analysis/population_system_dependency_register.csv,DEP-0001-governance,POP-ZONE-39039,,ENT-POPULATION-POP-ZONE-39039,,SYS-POPULATION,SYS-GOVERNANCE,,governance,operational dependency,population/settlement entity,generalized external interface,exact,system-level,INFERRED,inferred,phase10_governance_context,moderate,moderate,,directed_local_record,municipal/county,2026 baseline,BASELINE_DEPENDENCY,"Boundary, operator, service territory, and population served remain distinct.",Local uncertainty/notes retained in source artifact.,YES,YES,QUALITATIVE_ONLY,NO,VISUALIZATION_AND_QUALITATIVE_REASONING;QUALITATIVE_STRESS_TEST_ONLY;NO_QUANTITATIVE_AGGREGATION,"Inferred relationship retained: Boundary, operator, service territory, and population served remain distinct."
AR-11B-DEP-0002-WATER-bf40947e,11B,data/processed/analysis/population_system_dependency_register.csv,DEP-0002-water,POP-ZONE-39051,,ENT-POPULATION-POP-ZONE-39051,,SYS-POPULATION,SYS-WATER,,water,operational dependency,population/settlement entity,generalized external interface,exact,system-level,INFERRED,inferred,phase10_governance_context,limited,limited,,directed_local_record,county/place,2026 baseline,BASELINE_DEPENDENCY,Generalized service-responsibility context only; no state-specific operator or exact resident-to-utility assignment.,Local uncertainty/notes retained in source artifact.,YES,YES,QUALITATIVE_ONLY,NO,VISUALIZATION_AND_QUALITATIVE_REASONING;QUALITATIVE_STRESS_TEST_ONLY;NO_QUANTITATIVE_AGGREGATION,Inferred relationship retained: Generalized service-responsibility context only; no state-specific operator or exact resident-to-utility assignment.
AR-11B-DEP-0002-WASTEWATER-ef30ef36,11B,data/processed/analysis/population_system_dependency_register.csv,DEP-0002-wastewater,POP-ZONE-39051,,ENT-POPULATION-POP-ZONE-39051,,SYS-POPULATION,SYS-WATER,,wastewater,operational dependency,population/settlement entity,generalized external interface,exact,system-level,INFERRED,inferred,phase10_s05_ohio_npdes,limited,limited,,directed_local_record,county/place,2026 baseline,BASELINE_DEPENDENCY,"Ohio regulatory program context only; no exact sewer territory, treatment load, or resident assignment.",Local uncertainty/notes retained in source artifact.,YES,YES,QUALITATIVE_ONLY,NO,VISUALIZATION_AND_QUALITATIVE_REASONING;QUALITATIVE_STRESS_TEST_ONLY;NO_QUANTITATIVE_AGGREGATION,"Inferred relationship retained: Ohio regulatory program context only; no exact sewer territory, treatment load, or resident assignment."
AR-11B-DEP-0002-ENERGY-c7b644de,11B,data/processed/analysis/population_system_dependency_register.csv,DEP-0002-energy,POP-ZONE-39051,,ENT-POPULATION-POP-ZONE-39051,,SYS-POPULATION,SYS-ENERGY,,energy,operational dependency,population/settlement entity,generalized external interface,exact,system-level,INFERRED,inferred,phase10_s24_pjm,moderate,moderate,,directed_local_record,county/place,2026 baseline,BASELINE_DEPENDENCY,"Regional wholesale/high-voltage context only; no local distribution assignment, demand model, or outage probability.",Local uncertainty/notes retained in source artifact.,YES,YES,QUALITATIVE_ONLY,NO,VISUALIZATION_AND_QUALITATIVE_REASONING;QUALITATIVE_STRESS_TEST_ONLY;NO_QUANTITATIVE_AGGREGATION,"Inferred relationship retained: Regional wholesale/high-voltage context only; no local distribution assignment, demand model, or outage probability."
AR-11B-DEP-0002-TRANSPORT-29eeb6b1,11B,data/processed/analysis/population_system_dependency_register.csv,DEP-0002-transport,POP-ZONE-39051,,ENT-POPULATION-POP-ZONE-39051,,SYS-POPULATION,SYS-FREIGHT,,transport,operational dependency,population/settlement entity,generalized external interface,exact,system-level,INFERRED,inferred,s11b_lodes_oh_od,moderate,limited,,directed_local_record,county/county_pair,2026 baseline,BASELINE_DEPENDENCY,State-matched LODES OD supports generalized commuting context; the dependency is inferred and exposes no individual paths or passenger surveillance.,Local uncertainty/notes retained in source artifact.,YES,YES,QUALITATIVE_ONLY,NO,VISUALIZATION_AND_QUALITATIVE_REASONING;QUALITATIVE_STRESS_TEST_ONLY;NO_QUANTITATIVE_AGGREGATION,Inferred relationship retained: State-matched LODES OD supports generalized commuting context; the dependency is inferred and exposes no individual paths or passenger surveillance.
AR-11B-DEP-0002-CLIMATE-HAZARD-32c7c3a6,11B,data/processed/analysis/population_system_dependency_register.csv,DEP-0002-climate_hazard,POP-ZONE-39051,,ENT-POPULATION-POP-ZONE-39051,,SYS-POPULATION,,,climate_hazard,operational dependency,population/settlement entity,generalized external interface,exact,nonjoinable,INFERRED,inferred,phase9_hazard_context,limited,limited,,directed_local_record,county/regional,2026 baseline,BASELINE_DEPENDENCY,"Hazard interface is not exposure, dose, or health outcome.",Local uncertainty/notes retained in source artifact.,YES,YES,QUALITATIVE_ONLY,NO,VISUALIZATION_AND_QUALITATIVE_REASONING;QUALITATIVE_STRESS_TEST_ONLY;NO_QUANTITATIVE_AGGREGATION;SOURCE_LOCAL_ONLY;NO_EXACT_ATLAS_JOIN,"Inferred relationship retained: Hazard interface is not exposure, dose, or health outcome."
AR-11B-DEP-0002-ENVIRONMENTAL-HEALTH-ba0d9a1c,11B,data/processed/analysis/population_system_dependency_register.csv,DEP-0002-environmental_health,POP-ZONE-39051,,ENT-POPULATION-POP-ZONE-39051,,SYS-POPULATION,SYS-EXPOSURE,,environmental_health,exposure pathway,population/settlement entity,generalized external interface,exact,system-level,CONTEXT_REUSED,reused_context,phase7_exposure_context,limited,limited,,directed_local_record,county/regional,2026 baseline,BASELINE_DEPENDENCY,"Population presence is not exposure, dose, illness, or risk.",Local uncertainty/notes retained in source artifact.,YES,YES,QUALITATIVE_ONLY,NO,VISUALIZATION_AND_QUALITATIVE_REASONING;QUALITATIVE_STRESS_TEST_ONLY;NO_QUANTITATIVE_AGGREGATION,"Reused context retained and not counted as new evidence: Population presence is not exposure, dose, illness, or risk."
AR-11B-DEP-0002-ECOLOGY-LAND-c4951aa6,11B,data/processed/analysis/population_system_dependency_register.csv,DEP-0002-ecology_land,POP-ZONE-39051,,ENT-POPULATION-POP-ZONE-39051,,SYS-POPULATION,,,ecology_land,operational dependency,population/settlement entity,generalized external interface,exact,nonjoinable,INFERRED,inferred,phase6_ecology_context,limited,limited,,directed_local_record,county/regional,2026 baseline,BASELINE_DEPENDENCY,"No habitat quality, biodiversity, or ecological-risk score.",Local uncertainty/notes retained in source artifact.,YES,YES,QUALITATIVE_ONLY,NO,VISUALIZATION_AND_QUALITATIVE_REASONING;QUALITATIVE_STRESS_TEST_ONLY;NO_QUANTITATIVE_AGGREGATION;SOURCE_LOCAL_ONLY;NO_EXACT_ATLAS_JOIN,"Inferred relationship retained: No habitat quality, biodiversity, or ecological-risk score."
AR-11B-DEP-0002-BIOGEOCHEMICAL-3afd70f3,11B,data/processed/analysis/population_system_dependency_register.csv,DEP-0002-biogeochemical,POP-ZONE-39051,,ENT-POPULATION-POP-ZONE-39051,,SYS-POPULATION,SYS-BIOGEOCHEMISTRY,,biogeochemical,material flow,population/settlement entity,generalized external interface,exact,system-level,INFERRED,inferred,phase8_biogeochemical_context,limited,limited,,directed_local_record,county/watershed,2026 baseline,BASELINE_DEPENDENCY,"No new nutrient load, concentration, or treatment outcome.",Local uncertainty/notes retained in source artifact.,YES,YES,QUALITATIVE_ONLY,NO,VISUALIZATION_AND_QUALITATIVE_REASONING;QUALITATIVE_STRESS_TEST_ONLY;NO_QUANTITATIVE_AGGREGATION,"Inferred relationship retained: No new nutrient load, concentration, or treatment outcome."
AR-11B-DEP-0002-HOUSING-INFRASTRUCTURE-2d1b5f44,11B,data/processed/analysis/population_system_dependency_register.csv,DEP-0002-housing_infrastructure,POP-ZONE-39051,,ENT-POPULATION-POP-ZONE-39051,,SYS-POPULATION,,,housing_infrastructure,operational dependency,population/settlement entity,generalized external interface,exact,nonjoinable,INFERRED,inferred,s11a_acs_2024_5yr,limited,limited,,directed_local_record,county/place,2026 baseline,BASELINE_DEPENDENCY,"Housing context is not a condition, desirability, or vulnerability score.",Local uncertainty/notes retained in source artifact.,YES,YES,QUALITATIVE_ONLY,NO,VISUALIZATION_AND_QUALITATIVE_REASONING;QUALITATIVE_STRESS_TEST_ONLY;NO_QUANTITATIVE_AGGREGATION;SOURCE_LOCAL_ONLY;NO_EXACT_ATLAS_JOIN,"Inferred relationship retained: Housing context is not a condition, desirability, or vulnerability score."
AR-11B-DEP-0002-GOVERNANCE-595e6bf9,11B,data/processed/analysis/population_system_dependency_register.csv,DEP-0002-governance,POP-ZONE-39051,,ENT-POPULATION-POP-ZONE-39051,,SYS-POPULATION,SYS-GOVERNANCE,,governance,operational dependency,population/settlement entity,generalized external interface,exact,system-level,INFERRED,inferred,phase10_governance_context,moderate,moderate,,directed_local_record,municipal/county,2026 baseline,BASELINE_DEPENDENCY,"Boundary, operator, service territory, and population served remain distinct.",Local uncertainty/notes retained in source artifact.,YES,YES,QUALITATIVE_ONLY,NO,VISUALIZATION_AND_QUALITATIVE_REASONING;QUALITATIVE_STRESS_TEST_ONLY;NO_QUANTITATIVE_AGGREGATION,"Inferred relationship retained: Boundary, operator, service territory, and population served remain distinct."
AR-11B-DEP-0003-WATER-0211ef34,11B,data/processed/analysis/population_system_dependency_register.csv,DEP-0003-water,POP-ZONE-39063,,ENT-POPULATION-POP-ZONE-39063,,SYS-POPULATION,SYS-WATER,,water,operational dependency,population/settlement entity,generalized external interface,exact,system-level,INFERRED,inferred,phase10_governance_context,limited,limited,,directed_local_record,county/place,2026 baseline,BASELINE_DEPENDENCY,Generalized service-responsibility context only; no state-specific operator or exact resident-to-utility assignment.,Local uncertainty/notes retained in source artifact.,YES,YES,QUALITATIVE_ONLY,NO,VISUALIZATION_AND_QUALITATIVE_REASONING;QUALITATIVE_STRESS_TEST_ONLY;NO_QUANTITATIVE_AGGREGATION,Inferred relationship retained: Generalized service-responsibility context only; no state-specific operator or exact resident-to-utility assignment.
AR-11B-DEP-0003-WASTEWATER-bee8002f,11B,data/processed/analysis/population_system_dependency_register.csv,DEP-0003-wastewater,POP-ZONE-39063,,ENT-POPULATION-POP-ZONE-39063,,SYS-POPULATION,SYS-WATER,,wastewater,operational dependency,population/settlement entity,generalized external interface,exact,system-level,INFERRED,inferred,phase10_s05_ohio_npdes,limited,limited,,directed_local_record,county/place,2026 baseline,BASELINE_DEPENDENCY,"Ohio regulatory program context only; no exact sewer territory, treatment load, or resident assignment.",Local uncertainty/notes retained in source artifact.,YES,YES,QUALITATIVE_ONLY,NO,VISUALIZATION_AND_QUALITATIVE_REASONING;QUALITATIVE_STRESS_TEST_ONLY;NO_QUANTITATIVE_AGGREGATION,"Inferred relationship retained: Ohio regulatory program context only; no exact sewer territory, treatment load, or resident assignment."
AR-11B-DEP-0003-ENERGY-d8590c9d,11B,data/processed/analysis/population_system_dependency_register.csv,DEP-0003-energy,POP-ZONE-39063,,ENT-POPULATION-POP-ZONE-39063,,SYS-POPULATION,SYS-ENERGY,,energy,operational dependency,population/settlement entity,generalized external interface,exact,system-level,INFERRED,inferred,phase10_s24_pjm,moderate,moderate,,directed_local_record,county/place,2026 baseline,BASELINE_DEPENDENCY,"Regional wholesale/high-voltage context only; no local distribution assignment, demand model, or outage probability.",Local uncertainty/notes retained in source artifact.,YES,YES,QUALITATIVE_ONLY,NO,VISUALIZATION_AND_QUALITATIVE_REASONING;QUALITATIVE_STRESS_TEST_ONLY;NO_QUANTITATIVE_AGGREGATION,"Inferred relationship retained: Regional wholesale/high-voltage context only; no local distribution assignment, demand model, or outage probability."
AR-11B-DEP-0003-TRANSPORT-58f2b980,11B,data/processed/analysis/population_system_dependency_register.csv,DEP-0003-transport,POP-ZONE-39063,,ENT-POPULATION-POP-ZONE-39063,,SYS-POPULATION,SYS-FREIGHT,,transport,operational dependency,population/settlement entity,generalized external interface,exact,system-level,INFERRED,inferred,s11b_lodes_oh_od,moderate,limited,,directed_local_record,county/county_pair,2026 baseline,BASELINE_DEPENDENCY,State-matched LODES OD supports generalized commuting context; the dependency is inferred and exposes no individual paths or passenger surveillance.,Local uncertainty/notes retained in source artifact.,YES,YES,QUALITATIVE_ONLY,NO,VISUALIZATION_AND_QUALITATIVE_REASONING;QUALITATIVE_STRESS_TEST_ONLY;NO_QUANTITATIVE_AGGREGATION,Inferred relationship retained: State-matched LODES OD supports generalized commuting context; the dependency is inferred and exposes no individual paths or passenger surveillance.
AR-11B-DEP-0003-CLIMATE-HAZARD-d271f285,11B,data/processed/analysis/population_system_dependency_register.csv,DEP-0003-climate_hazard,POP-ZONE-39063,,ENT-POPULATION-POP-ZONE-39063,,SYS-POPULATION,,,climate_hazard,operational dependency,population/settlement entity,generalized external interface,exact,nonjoinable,INFERRED,inferred,phase9_hazard_context,limited,limited,,directed_local_record,county/regional,2026 baseline,BASELINE_DEPENDENCY,"Hazard interface is not exposure, dose, or health outcome.",Local uncertainty/notes retained in source artifact.,YES,YES,QUALITATIVE_ONLY,NO,VISUALIZATION_AND_QUALITATIVE_REASONING;QUALITATIVE_STRESS_TEST_ONLY;NO_QUANTITATIVE_AGGREGATION;SOURCE_LOCAL_ONLY;NO_EXACT_ATLAS_JOIN,"Inferred relationship retained: Hazard interface is not exposure, dose, or health outcome."
AR-11B-DEP-0003-ENVIRONMENTAL-HEALTH-9799d6c5,11B,data/processed/analysis/population_system_dependency_register.csv,DEP-0003-environmental_health,POP-ZONE-39063,,ENT-POPULATION-POP-ZONE-39063,,SYS-POPULATION,SYS-EXPOSURE,,environmental_health,exposure pathway,population/settlement entity,generalized external interface,exact,system-level,CONTEXT_REUSED,reused_context,phase7_exposure_context,limited,limited,,directed_local_record,county/regional,2026 baseline,BASELINE_DEPENDENCY,"Population presence is not exposure, dose, illness, or risk.",Local uncertainty/notes retained in source artifact.,YES,YES,QUALITATIVE_ONLY,NO,VISUALIZATION_AND_QUALITATIVE_REASONING;QUALITATIVE_STRESS_TEST_ONLY;NO_QUANTITATIVE_AGGREGATION,"Reused context retained and not counted as new evidence: Population presence is not exposure, dose, illness, or risk."
AR-11B-DEP-0003-ECOLOGY-LAND-628e82f4,11B,data/processed/analysis/population_system_dependency_register.csv,DEP-0003-ecology_land,POP-ZONE-39063,,ENT-POPULATION-POP-ZONE-39063,,SYS-POPULATION,,,ecology_land,operational dependency,population/settlement entity,generalized external interface,exact,nonjoinable,INFERRED,inferred,phase6_ecology_context,limited,limited,,directed_local_record,county/regional,2026 baseline,BASELINE_DEPENDENCY,"No habitat quality, biodiversity, or ecological-risk score.",Local uncertainty/notes retained in source artifact.,YES,YES,QUALITATIVE_ONLY,NO,VISUALIZATION_AND_QUALITATIVE_REASONING;QUALITATIVE_STRESS_TEST_ONLY;NO_QUANTITATIVE_AGGREGATION;SOURCE_LOCAL_ONLY;NO_EXACT_ATLAS_JOIN,"Inferred relationship retained: No habitat quality, biodiversity, or ecological-risk score."
AR-11B-DEP-0003-BIOGEOCHEMICAL-e31bb623,11B,data/processed/analysis/population_system_dependency_register.csv,DEP-0003-biogeochemical,POP-ZONE-39063,,ENT-POPULATION-POP-ZONE-39063,,SYS-POPULATION,SYS-BIOGEOCHEMISTRY,,biogeochemical,material flow,population/settlement entity,generalized external interface,exact,system-level,INFERRED,inferred,phase8_biogeochemical_context,limited,limited,,directed_local_record,county/watershed,2026 baseline,BASELINE_DEPENDENCY,"No new nutrient load, concentration, or treatment outcome.",Local uncertainty/notes retained in source artifact.,YES,YES,QUALITATIVE_ONLY,NO,VISUALIZATION_AND_QUALITATIVE_REASONING;QUALITATIVE_STRESS_TEST_ONLY;NO_QUANTITATIVE_AGGREGATION,"Inferred relationship retained: No new nutrient load, concentration, or treatment outcome."
AR-11B-DEP-0003-HOUSING-INFRASTRUCTURE-93b45645,11B,data/processed/analysis/population_system_dependency_register.csv,DEP-0003-housing_infrastructure,POP-ZONE-39063,,ENT-POPULATION-POP-ZONE-39063,,SYS-POPULATION,,,housing_infrastructure,operational dependency,population/settlement entity,generalized external interface,exact,nonjoinable,INFERRED,inferred,s11a_acs_2024_5yr,limited,limited,,directed_local_record,county/place,2026 baseline,BASELINE_DEPENDENCY,"Housing context is not a condition, desirability, or vulnerability score.",Local uncertainty/notes retained in source artifact.,YES,YES,QUALITATIVE_ONLY,NO,VISUALIZATION_AND_QUALITATIVE_REASONING;QUALITATIVE_STRESS_TEST_ONLY;NO_QUANTITATIVE_AGGREGATION;SOURCE_LOCAL_ONLY;NO_EXACT_ATLAS_JOIN,"Inferred relationship retained: Housing context is not a condition, desirability, or vulnerability score."
AR-11B-DEP-0003-GOVERNANCE-1d7b8968,11B,data/processed/analysis/population_system_dependency_register.csv,DEP-0003-governance,POP-ZONE-39063,,ENT-POPULATION-POP-ZONE-39063,,SYS-POPULATION,SYS-GOVERNANCE,,governance,operational dependency,population/settlement entity,generalized external interface,exact,system-level,INFERRED,inferred,phase10_governance_context,moderate,moderate,,directed_local_record,municipal/county,2026 baseline,BASELINE_DEPENDENCY,"Boundary, operator, service territory, and population served remain distinct.",Local uncertainty/notes retained in source artifact.,YES,YES,QUALITATIVE_ONLY,NO,VISUALIZATION_AND_QUALITATIVE_REASONING;QUALITATIVE_STRESS_TEST_ONLY;NO_QUANTITATIVE_AGGREGATION,"Inferred relationship retained: Boundary, operator, service territory, and population served remain distinct."
AR-11B-DEP-0004-WATER-693fcfe4,11B,data/processed/analysis/population_system_dependency_register.csv,DEP-0004-water,POP-ZONE-39069,,ENT-POPULATION-POP-ZONE-39069,,SYS-POPULATION,SYS-WATER,,water,operational dependency,population/settlement entity,generalized external interface,exact,system-level,INFERRED,inferred,phase10_governance_context,limited,limited,,directed_local_record,county/place,2026 baseline,BASELINE_DEPENDENCY,Generalized service-responsibility context only; no state-specific operator or exact resident-to-utility assignment.,Local uncertainty/notes retained in source artifact.,YES,YES,QUALITATIVE_ONLY,NO,VISUALIZATION_AND_QUALITATIVE_REASONING;QUALITATIVE_STRESS_TEST_ONLY;NO_QUANTITATIVE_AGGREGATION,Inferred relationship retained: Generalized service-responsibility context only; no state-specific operator or exact resident-to-utility assignment.
AR-11B-DEP-0004-WASTEWATER-53ef6852,11B,data/processed/analysis/population_system_dependency_register.csv,DEP-0004-wastewater,POP-ZONE-39069,,ENT-POPULATION-POP-ZONE-39069,,SYS-POPULATION,SYS-WATER,,wastewater,operational dependency,population/settlement entity,generalized external interface,exact,system-level,INFERRED,inferred,phase10_s05_ohio_npdes,limited,limited,,directed_local_record,county/place,2026 baseline,BASELINE_DEPENDENCY,"Ohio regulatory program context only; no exact sewer territory, treatment load, or resident assignment.",Local uncertainty/notes retained in source artifact.,YES,YES,QUALITATIVE_ONLY,NO,VISUALIZATION_AND_QUALITATIVE_REASONING;QUALITATIVE_STRESS_TEST_ONLY;NO_QUANTITATIVE_AGGREGATION,"Inferred relationship retained: Ohio regulatory program context only; no exact sewer territory, treatment load, or resident assignment."
AR-11B-DEP-0004-ENERGY-d6072cbb,11B,data/processed/analysis/population_system_dependency_register.csv,DEP-0004-energy,POP-ZONE-39069,,ENT-POPULATION-POP-ZONE-39069,,SYS-POPULATION,SYS-ENERGY,,energy,operational dependency,population/settlement entity,generalized external interface,exact,system-level,INFERRED,inferred,phase10_s24_pjm,moderate,moderate,,directed_local_record,county/place,2026 baseline,BASELINE_DEPENDENCY,"Regional wholesale/high-voltage context only; no local distribution assignment, demand model, or outage probability.",Local uncertainty/notes retained in source artifact.,YES,YES,QUALITATIVE_ONLY,NO,VISUALIZATION_AND_QUALITATIVE_REASONING;QUALITATIVE_STRESS_TEST_ONLY;NO_QUANTITATIVE_AGGREGATION,"Inferred relationship retained: Regional wholesale/high-voltage context only; no local distribution assignment, demand model, or outage probability."
AR-11B-DEP-0004-TRANSPORT-6ab2a5fb,11B,data/processed/analysis/population_system_dependency_register.csv,DEP-0004-transport,POP-ZONE-39069,,ENT-POPULATION-POP-ZONE-39069,,SYS-POPULATION,SYS-FREIGHT,,transport,operational dependency,population/settlement entity,generalized external interface,exact,system-level,INFERRED,inferred,s11b_lodes_oh_od,moderate,limited,,directed_local_record,county/county_pair,2026 baseline,BASELINE_DEPENDENCY,State-matched LODES OD supports generalized commuting context; the dependency is inferred and exposes no individual paths or passenger surveillance.,Local uncertainty/notes retained in source artifact.,YES,YES,QUALITATIVE_ONLY,NO,VISUALIZATION_AND_QUALITATIVE_REASONING;QUALITATIVE_STRESS_TEST_ONLY;NO_QUANTITATIVE_AGGREGATION,Inferred relationship retained: State-matched LODES OD supports generalized commuting context; the dependency is inferred and exposes no individual paths or passenger surveillance.
AR-11B-DEP-0004-CLIMATE-HAZARD-e42b656c,11B,data/processed/analysis/population_system_dependency_register.csv,DEP-0004-climate_hazard,POP-ZONE-39069,,ENT-POPULATION-POP-ZONE-39069,,SYS-POPULATION,,,climate_hazard,operational dependency,population/settlement entity,generalized external interface,exact,nonjoinable,INFERRED,inferred,phase9_hazard_context,limited,limited,,directed_local_record,county/regional,2026 baseline,BASELINE_DEPENDENCY,"Hazard interface is not exposure, dose, or health outcome.",Local uncertainty/notes retained in source artifact.,YES,YES,QUALITATIVE_ONLY,NO,VISUALIZATION_AND_QUALITATIVE_REASONING;QUALITATIVE_STRESS_TEST_ONLY;NO_QUANTITATIVE_AGGREGATION;SOURCE_LOCAL_ONLY;NO_EXACT_ATLAS_JOIN,"Inferred relationship retained: Hazard interface is not exposure, dose, or health outcome."
AR-11B-DEP-0004-ENVIRONMENTAL-HEALTH-b225f655,11B,data/processed/analysis/population_system_dependency_register.csv,DEP-0004-environmental_health,POP-ZONE-39069,,ENT-POPULATION-POP-ZONE-39069,,SYS-POPULATION,SYS-EXPOSURE,,environmental_health,exposure pathway,population/settlement entity,generalized external interface,exact,system-level,CONTEXT_REUSED,reused_context,phase7_exposure_context,limited,limited,,directed_local_record,county/regional,2026 baseline,BASELINE_DEPENDENCY,"Population presence is not exposure, dose, illness, or risk.",Local uncertainty/notes retained in source artifact.,YES,YES,QUALITATIVE_ONLY,NO,VISUALIZATION_AND_QUALITATIVE_REASONING;QUALITATIVE_STRESS_TEST_ONLY;NO_QUANTITATIVE_AGGREGATION,"Reused context retained and not counted as new evidence: Population presence is not exposure, dose, illness, or risk."
AR-11B-DEP-0004-ECOLOGY-LAND-56fd3820,11B,data/processed/analysis/population_system_dependency_register.csv,DEP-0004-ecology_land,POP-ZONE-39069,,ENT-POPULATION-POP-ZONE-39069,,SYS-POPULATION,,,ecology_land,operational dependency,population/settlement entity,generalized external interface,exact,nonjoinable,INFERRED,inferred,phase6_ecology_context,limited,limited,,directed_local_record,county/regional,2026 baseline,BASELINE_DEPENDENCY,"No habitat quality, biodiversity, or ecological-risk score.",Local uncertainty/notes retained in source artifact.,YES,YES,QUALITATIVE_ONLY,NO,VISUALIZATION_AND_QUALITATIVE_REASONING;QUALITATIVE_STRESS_TEST_ONLY;NO_QUANTITATIVE_AGGREGATION;SOURCE_LOCAL_ONLY;NO_EXACT_ATLAS_JOIN,"Inferred relationship retained: No habitat quality, biodiversity, or ecological-risk score."
AR-11B-DEP-0004-BIOGEOCHEMICAL-8c973bc7,11B,data/processed/analysis/population_system_dependency_register.csv,DEP-0004-biogeochemical,POP-ZONE-39069,,ENT-POPULATION-POP-ZONE-39069,,SYS-POPULATION,SYS-BIOGEOCHEMISTRY,,biogeochemical,material flow,population/settlement entity,generalized external interface,exact,system-level,INFERRED,inferred,phase8_biogeochemical_context,limited,limited,,directed_local_record,county/watershed,2026 baseline,BASELINE_DEPENDENCY,"No new nutrient load, concentration, or treatment outcome.",Local uncertainty/notes retained in source artifact.,YES,YES,QUALITATIVE_ONLY,NO,VISUALIZATION_AND_QUALITATIVE_REASONING;QUALITATIVE_STRESS_TEST_ONLY;NO_QUANTITATIVE_AGGREGATION,"Inferred relationship retained: No new nutrient load, concentration, or treatment outcome."
AR-11B-DEP-0004-HOUSING-INFRASTRUCTURE-5bfb0010,11B,data/processed/analysis/population_system_dependency_register.csv,DEP-0004-housing_infrastructure,POP-ZONE-39069,,ENT-POPULATION-POP-ZONE-39069,,SYS-POPULATION,,,housing_infrastructure,operational dependency,population/settlement entity,generalized external interface,exact,nonjoinable,INFERRED,inferred,s11a_acs_2024_5yr,limited,limited,,directed_local_record,county/place,2026 baseline,BASELINE_DEPENDENCY,"Housing context is not a condition, desirability, or vulnerability score.",Local uncertainty/notes retained in source artifact.,YES,YES,QUALITATIVE_ONLY,NO,VISUALIZATION_AND_QUALITATIVE_REASONING;QUALITATIVE_STRESS_TEST_ONLY;NO_QUANTITATIVE_AGGREGATION;SOURCE_LOCAL_ONLY;NO_EXACT_ATLAS_JOIN,"Inferred relationship retained: Housing context is not a condition, desirability, or vulnerability score."
AR-11B-DEP-0004-GOVERNANCE-e27ebc94,11B,data/processed/analysis/population_system_dependency_register.csv,DEP-0004-governance,POP-ZONE-39069,,ENT-POPULATION-POP-ZONE-39069,,SYS-POPULATION,SYS-GOVERNANCE,,governance,operational dependency,population/settlement entity,generalized external interface,exact,system-level,INFERRED,inferred,phase10_governance_context,moderate,moderate,,directed_local_record,municipal/county,2026 baseline,BASELINE_DEPENDENCY,"Boundary, operator, service territory, and population served remain distinct.",Local uncertainty/notes retained in source artifact.,YES,YES,QUALITATIVE_ONLY,NO,VISUALIZATION_AND_QUALITATIVE_REASONING;QUALITATIVE_STRESS_TEST_ONLY;NO_QUANTITATIVE_AGGREGATION,"Inferred relationship retained: Boundary, operator, service territory, and population served remain distinct."
AR-11B-DEP-0005-WATER-9735ce16,11B,data/processed/analysis/population_system_dependency_register.csv,DEP-0005-water,POP-ZONE-39095,,ENT-POPULATION-POP-ZONE-39095,,SYS-POPULATION,SYS-WATER,,water,operational dependency,population/settlement entity,generalized external interface,exact,system-level,INFERRED,inferred,phase10_s03_toledo_treatment,limited,limited,,directed_local_record,county/place,2026 baseline,BASELINE_DEPENDENCY,Toledo operator context only; no exact service territory or resident assignment.,Local uncertainty/notes retained in source artifact.,YES,YES,QUALITATIVE_ONLY,NO,VISUALIZATION_AND_QUALITATIVE_REASONING;QUALITATIVE_STRESS_TEST_ONLY;NO_QUANTITATIVE_AGGREGATION,Inferred relationship retained: Toledo operator context only; no exact service territory or resident assignment.
AR-11B-DEP-0005-WASTEWATER-3373c885,11B,data/processed/analysis/population_system_dependency_register.csv,DEP-0005-wastewater,POP-ZONE-39095,,ENT-POPULATION-POP-ZONE-39095,,SYS-POPULATION,SYS-WATER,,wastewater,operational dependency,population/settlement entity,generalized external interface,exact,system-level,INFERRED,inferred,phase10_s05_ohio_npdes,limited,limited,,directed_local_record,county/place,2026 baseline,BASELINE_DEPENDENCY,"Ohio regulatory program context only; no exact sewer territory, treatment load, or resident assignment.",Local uncertainty/notes retained in source artifact.,YES,YES,QUALITATIVE_ONLY,NO,VISUALIZATION_AND_QUALITATIVE_REASONING;QUALITATIVE_STRESS_TEST_ONLY;NO_QUANTITATIVE_AGGREGATION,"Inferred relationship retained: Ohio regulatory program context only; no exact sewer territory, treatment load, or resident assignment."
AR-11B-DEP-0005-ENERGY-604b727f,11B,data/processed/analysis/population_system_dependency_register.csv,DEP-0005-energy,POP-ZONE-39095,,ENT-POPULATION-POP-ZONE-39095,,SYS-POPULATION,SYS-ENERGY,,energy,operational dependency,population/settlement entity,generalized external interface,exact,system-level,INFERRED,inferred,phase10_s24_pjm,moderate,moderate,,directed_local_record,county/place,2026 baseline,BASELINE_DEPENDENCY,"Regional wholesale/high-voltage context only; no local distribution assignment, demand model, or outage probability.",Local uncertainty/notes retained in source artifact.,YES,YES,QUALITATIVE_ONLY,NO,VISUALIZATION_AND_QUALITATIVE_REASONING;QUALITATIVE_STRESS_TEST_ONLY;NO_QUANTITATIVE_AGGREGATION,"Inferred relationship retained: Regional wholesale/high-voltage context only; no local distribution assignment, demand model, or outage probability."
AR-11B-DEP-0005-TRANSPORT-ee1801ba,11B,data/processed/analysis/population_system_dependency_register.csv,DEP-0005-transport,POP-ZONE-39095,,ENT-POPULATION-POP-ZONE-39095,,SYS-POPULATION,SYS-FREIGHT,,transport,operational dependency,population/settlement entity,generalized external interface,exact,system-level,INFERRED,inferred,s11b_lodes_oh_od,moderate,limited,,directed_local_record,county/county_pair,2026 baseline,BASELINE_DEPENDENCY,State-matched LODES OD supports generalized commuting context; the dependency is inferred and exposes no individual paths or passenger surveillance.,Local uncertainty/notes retained in source artifact.,YES,YES,QUALITATIVE_ONLY,NO,VISUALIZATION_AND_QUALITATIVE_REASONING;QUALITATIVE_STRESS_TEST_ONLY;NO_QUANTITATIVE_AGGREGATION,Inferred relationship retained: State-matched LODES OD supports generalized commuting context; the dependency is inferred and exposes no individual paths or passenger surveillance.
AR-11B-DEP-0005-CLIMATE-HAZARD-9787e1b7,11B,data/processed/analysis/population_system_dependency_register.csv,DEP-0005-climate_hazard,POP-ZONE-39095,,ENT-POPULATION-POP-ZONE-39095,,SYS-POPULATION,,,climate_hazard,operational dependency,population/settlement entity,generalized external interface,exact,nonjoinable,INFERRED,inferred,phase9_hazard_context,limited,limited,,directed_local_record,county/regional,2026 baseline,BASELINE_DEPENDENCY,"Hazard interface is not exposure, dose, or health outcome.",Local uncertainty/notes retained in source artifact.,YES,YES,QUALITATIVE_ONLY,NO,VISUALIZATION_AND_QUALITATIVE_REASONING;QUALITATIVE_STRESS_TEST_ONLY;NO_QUANTITATIVE_AGGREGATION;SOURCE_LOCAL_ONLY;NO_EXACT_ATLAS_JOIN,"Inferred relationship retained: Hazard interface is not exposure, dose, or health outcome."
AR-11B-DEP-0005-ENVIRONMENTAL-HEALTH-4e32ad95,11B,data/processed/analysis/population_system_dependency_register.csv,DEP-0005-environmental_health,POP-ZONE-39095,,ENT-POPULATION-POP-ZONE-39095,,SYS-POPULATION,SYS-EXPOSURE,,environmental_health,exposure pathway,population/settlement entity,generalized external interface,exact,system-level,CONTEXT_REUSED,reused_context,phase7_exposure_context,limited,limited,,directed_local_record,county/regional,2026 baseline,BASELINE_DEPENDENCY,"Population presence is not exposure, dose, illness, or risk.",Local uncertainty/notes retained in source artifact.,YES,YES,QUALITATIVE_ONLY,NO,VISUALIZATION_AND_QUALITATIVE_REASONING;QUALITATIVE_STRESS_TEST_ONLY;NO_QUANTITATIVE_AGGREGATION,"Reused context retained and not counted as new evidence: Population presence is not exposure, dose, illness, or risk."
AR-11B-DEP-0005-ECOLOGY-LAND-e82ae927,11B,data/processed/analysis/population_system_dependency_register.csv,DEP-0005-ecology_land,POP-ZONE-39095,,ENT-POPULATION-POP-ZONE-39095,,SYS-POPULATION,,,ecology_land,operational dependency,population/settlement entity,generalized external interface,exact,nonjoinable,INFERRED,inferred,phase6_ecology_context,limited,limited,,directed_local_record,county/regional,2026 baseline,BASELINE_DEPENDENCY,"No habitat quality, biodiversity, or ecological-risk score.",Local uncertainty/notes retained in source artifact.,YES,YES,QUALITATIVE_ONLY,NO,VISUALIZATION_AND_QUALITATIVE_REASONING;QUALITATIVE_STRESS_TEST_ONLY;NO_QUANTITATIVE_AGGREGATION;SOURCE_LOCAL_ONLY;NO_EXACT_ATLAS_JOIN,"Inferred relationship retained: No habitat quality, biodiversity, or ecological-risk score."
AR-11B-DEP-0005-BIOGEOCHEMICAL-3a270ec0,11B,data/processed/analysis/population_system_dependency_register.csv,DEP-0005-biogeochemical,POP-ZONE-39095,,ENT-POPULATION-POP-ZONE-39095,,SYS-POPULATION,SYS-BIOGEOCHEMISTRY,,biogeochemical,material flow,population/settlement entity,generalized external interface,exact,system-level,INFERRED,inferred,phase8_biogeochemical_context,limited,limited,,directed_local_record,county/watershed,2026 baseline,BASELINE_DEPENDENCY,"No new nutrient load, concentration, or treatment outcome.",Local uncertainty/notes retained in source artifact.,YES,YES,QUALITATIVE_ONLY,NO,VISUALIZATION_AND_QUALITATIVE_REASONING;QUALITATIVE_STRESS_TEST_ONLY;NO_QUANTITATIVE_AGGREGATION,"Inferred relationship retained: No new nutrient load, concentration, or treatment outcome."
AR-11B-DEP-0005-HOUSING-INFRASTRUCTURE-1d50a95a,11B,data/processed/analysis/population_system_dependency_register.csv,DEP-0005-housing_infrastructure,POP-ZONE-39095,,ENT-POPULATION-POP-ZONE-39095,,SYS-POPULATION,,,housing_infrastructure,operational dependency,population/settlement entity,generalized external interface,exact,nonjoinable,INFERRED,inferred,s11a_acs_2024_5yr,limited,limited,,directed_local_record,county/place,2026 baseline,BASELINE_DEPENDENCY,"Housing context is not a condition, desirability, or vulnerability score.",Local uncertainty/notes retained in source artifact.,YES,YES,QUALITATIVE_ONLY,NO,VISUALIZATION_AND_QUALITATIVE_REASONING;QUALITATIVE_STRESS_TEST_ONLY;NO_QUANTITATIVE_AGGREGATION;SOURCE_LOCAL_ONLY;NO_EXACT_ATLAS_JOIN,"Inferred relationship retained: Housing context is not a condition, desirability, or vulnerability score."
AR-11B-DEP-0005-GOVERNANCE-980a974b,11B,data/processed/analysis/population_system_dependency_register.csv,DEP-0005-governance,POP-ZONE-39095,,ENT-POPULATION-POP-ZONE-39095,,SYS-POPULATION,SYS-GOVERNANCE,,governance,operational dependency,population/settlement entity,generalized external interface,exact,system-level,INFERRED,inferred,phase10_governance_context,moderate,moderate,,directed_local_record,municipal/county,2026 baseline,BASELINE_DEPENDENCY,"Boundary, operator, service territory, and population served remain distinct.",Local uncertainty/notes retained in source artifact.,YES,YES,QUALITATIVE_ONLY,NO,VISUALIZATION_AND_QUALITATIVE_REASONING;QUALITATIVE_STRESS_TEST_ONLY;NO_QUANTITATIVE_AGGREGATION,"Inferred relationship retained: Boundary, operator, service territory, and population served remain distinct."
AR-11B-DEP-0006-WATER-5c56cd0e,11B,data/processed/analysis/population_system_dependency_register.csv,DEP-0006-water,POP-ZONE-39123,,ENT-POPULATION-POP-ZONE-39123,,SYS-POPULATION,SYS-WATER,,water,operational dependency,population/settlement entity,generalized external interface,exact,system-level,INFERRED,inferred,phase10_governance_context,limited,limited,,directed_local_record,county/place,2026 baseline,BASELINE_DEPENDENCY,Generalized service-responsibility context only; no state-specific operator or exact resident-to-utility assignment.,Local uncertainty/notes retained in source artifact.,YES,YES,QUALITATIVE_ONLY,NO,VISUALIZATION_AND_QUALITATIVE_REASONING;QUALITATIVE_STRESS_TEST_ONLY;NO_QUANTITATIVE_AGGREGATION,Inferred relationship retained: Generalized service-responsibility context only; no state-specific operator or exact resident-to-utility assignment.
AR-11B-DEP-0006-WASTEWATER-147902c2,11B,data/processed/analysis/population_system_dependency_register.csv,DEP-0006-wastewater,POP-ZONE-39123,,ENT-POPULATION-POP-ZONE-39123,,SYS-POPULATION,SYS-WATER,,wastewater,operational dependency,population/settlement entity,generalized external interface,exact,system-level,INFERRED,inferred,phase10_s05_ohio_npdes,limited,limited,,directed_local_record,county/place,2026 baseline,BASELINE_DEPENDENCY,"Ohio regulatory program context only; no exact sewer territory, treatment load, or resident assignment.",Local uncertainty/notes retained in source artifact.,YES,YES,QUALITATIVE_ONLY,NO,VISUALIZATION_AND_QUALITATIVE_REASONING;QUALITATIVE_STRESS_TEST_ONLY;NO_QUANTITATIVE_AGGREGATION,"Inferred relationship retained: Ohio regulatory program context only; no exact sewer territory, treatment load, or resident assignment."
AR-11B-DEP-0006-ENERGY-d2b85012,11B,data/processed/analysis/population_system_dependency_register.csv,DEP-0006-energy,POP-ZONE-39123,,ENT-POPULATION-POP-ZONE-39123,,SYS-POPULATION,SYS-ENERGY,,energy,operational dependency,population/settlement entity,generalized external interface,exact,system-level,INFERRED,inferred,phase10_s24_pjm,moderate,moderate,,directed_local_record,county/place,2026 baseline,BASELINE_DEPENDENCY,"Regional wholesale/high-voltage context only; no local distribution assignment, demand model, or outage probability.",Local uncertainty/notes retained in source artifact.,YES,YES,QUALITATIVE_ONLY,NO,VISUALIZATION_AND_QUALITATIVE_REASONING;QUALITATIVE_STRESS_TEST_ONLY;NO_QUANTITATIVE_AGGREGATION,"Inferred relationship retained: Regional wholesale/high-voltage context only; no local distribution assignment, demand model, or outage probability."
AR-11B-DEP-0006-TRANSPORT-aaa6d763,11B,data/processed/analysis/population_system_dependency_register.csv,DEP-0006-transport,POP-ZONE-39123,,ENT-POPULATION-POP-ZONE-39123,,SYS-POPULATION,SYS-FREIGHT,,transport,operational dependency,population/settlement entity,generalized external interface,exact,system-level,INFERRED,inferred,s11b_lodes_oh_od,moderate,limited,,directed_local_record,county/county_pair,2026 baseline,BASELINE_DEPENDENCY,State-matched LODES OD supports generalized commuting context; the dependency is inferred and exposes no individual paths or passenger surveillance.,Local uncertainty/notes retained in source artifact.,YES,YES,QUALITATIVE_ONLY,NO,VISUALIZATION_AND_QUALITATIVE_REASONING;QUALITATIVE_STRESS_TEST_ONLY;NO_QUANTITATIVE_AGGREGATION,Inferred relationship retained: State-matched LODES OD supports generalized commuting context; the dependency is inferred and exposes no individual paths or passenger surveillance.
AR-11B-DEP-0006-CLIMATE-HAZARD-7105a754,11B,data/processed/analysis/population_system_dependency_register.csv,DEP-0006-climate_hazard,POP-ZONE-39123,,ENT-POPULATION-POP-ZONE-39123,,SYS-POPULATION,,,climate_hazard,operational dependency,population/settlement entity,generalized external interface,exact,nonjoinable,INFERRED,inferred,phase9_hazard_context,limited,limited,,directed_local_record,county/regional,2026 baseline,BASELINE_DEPENDENCY,"Hazard interface is not exposure, dose, or health outcome.",Local uncertainty/notes retained in source artifact.,YES,YES,QUALITATIVE_ONLY,NO,VISUALIZATION_AND_QUALITATIVE_REASONING;QUALITATIVE_STRESS_TEST_ONLY;NO_QUANTITATIVE_AGGREGATION;SOURCE_LOCAL_ONLY;NO_EXACT_ATLAS_JOIN,"Inferred relationship retained: Hazard interface is not exposure, dose, or health outcome."
AR-11B-DEP-0006-ENVIRONMENTAL-HEALTH-25b7e5a8,11B,data/processed/analysis/population_system_dependency_register.csv,DEP-0006-environmental_health,POP-ZONE-39123,,ENT-POPULATION-POP-ZONE-39123,,SYS-POPULATION,SYS-EXPOSURE,,environmental_health,exposure pathway,population/settlement entity,generalized external interface,exact,system-level,CONTEXT_REUSED,reused_context,phase7_exposure_context,limited,limited,,directed_local_record,county/regional,2026 baseline,BASELINE_DEPENDENCY,"Population presence is not exposure, dose, illness, or risk.",Local uncertainty/notes retained in source artifact.,YES,YES,QUALITATIVE_ONLY,NO,VISUALIZATION_AND_QUALITATIVE_REASONING;QUALITATIVE_STRESS_TEST_ONLY;NO_QUANTITATIVE_AGGREGATION,"Reused context retained and not counted as new evidence: Population presence is not exposure, dose, illness, or risk."
AR-11B-DEP-0006-ECOLOGY-LAND-1e77afc9,11B,data/processed/analysis/population_system_dependency_register.csv,DEP-0006-ecology_land,POP-ZONE-39123,,ENT-POPULATION-POP-ZONE-39123,,SYS-POPULATION,,,ecology_land,operational dependency,population/settlement entity,generalized external interface,exact,nonjoinable,INFERRED,inferred,phase6_ecology_context,limited,limited,,directed_local_record,county/regional,2026 baseline,BASELINE_DEPENDENCY,"No habitat quality, biodiversity, or ecological-risk score.",Local uncertainty/notes retained in source artifact.,YES,YES,QUALITATIVE_ONLY,NO,VISUALIZATION_AND_QUALITATIVE_REASONING;QUALITATIVE_STRESS_TEST_ONLY;NO_QUANTITATIVE_AGGREGATION;SOURCE_LOCAL_ONLY;NO_EXACT_ATLAS_JOIN,"Inferred relationship retained: No habitat quality, biodiversity, or ecological-risk score."
AR-11B-DEP-0006-BIOGEOCHEMICAL-8b6f93f4,11B,data/processed/analysis/population_system_dependency_register.csv,DEP-0006-biogeochemical,POP-ZONE-39123,,ENT-POPULATION-POP-ZONE-39123,,SYS-POPULATION,SYS-BIOGEOCHEMISTRY,,biogeochemical,material flow,population/settlement entity,generalized external interface,exact,system-level,INFERRED,inferred,phase8_biogeochemical_context,limited,limited,,directed_local_record,county/watershed,2026 baseline,BASELINE_DEPENDENCY,"No new nutrient load, concentration, or treatment outcome.",Local uncertainty/notes retained in source artifact.,YES,YES,QUALITATIVE_ONLY,NO,VISUALIZATION_AND_QUALITATIVE_REASONING;QUALITATIVE_STRESS_TEST_ONLY;NO_QUANTITATIVE_AGGREGATION,"Inferred relationship retained: No new nutrient load, concentration, or treatment outcome."
AR-11B-DEP-0006-HOUSING-INFRASTRUCTURE-1c4c8163,11B,data/processed/analysis/population_system_dependency_register.csv,DEP-0006-housing_infrastructure,POP-ZONE-39123,,ENT-POPULATION-POP-ZONE-39123,,SYS-POPULATION,,,housing_infrastructure,operational dependency,population/settlement entity,generalized external interface,exact,nonjoinable,INFERRED,inferred,s11a_acs_2024_5yr,limited,limited,,directed_local_record,county/place,2026 baseline,BASELINE_DEPENDENCY,"Housing context is not a condition, desirability, or vulnerability score.",Local uncertainty/notes retained in source artifact.,YES,YES,QUALITATIVE_ONLY,NO,VISUALIZATION_AND_QUALITATIVE_REASONING;QUALITATIVE_STRESS_TEST_ONLY;NO_QUANTITATIVE_AGGREGATION;SOURCE_LOCAL_ONLY;NO_EXACT_ATLAS_JOIN,"Inferred relationship retained: Housing context is not a condition, desirability, or vulnerability score."
AR-11B-DEP-0006-GOVERNANCE-89a17a78,11B,data/processed/analysis/population_system_dependency_register.csv,DEP-0006-governance,POP-ZONE-39123,,ENT-POPULATION-POP-ZONE-39123,,SYS-POPULATION,SYS-GOVERNANCE,,governance,operational dependency,population/settlement entity,generalized external interface,exact,system-level,INFERRED,inferred,phase10_governance_context,moderate,moderate,,directed_local_record,municipal/county,2026 baseline,BASELINE_DEPENDENCY,"Boundary, operator, service territory, and population served remain distinct.",Local uncertainty/notes retained in source artifact.,YES,YES,QUALITATIVE_ONLY,NO,VISUALIZATION_AND_QUALITATIVE_REASONING;QUALITATIVE_STRESS_TEST_ONLY;NO_QUANTITATIVE_AGGREGATION,"Inferred relationship retained: Boundary, operator, service territory, and population served remain distinct."
AR-11B-DEP-0007-WATER-98e1e10e,11B,data/processed/analysis/population_system_dependency_register.csv,DEP-0007-water,POP-ZONE-39125,,ENT-POPULATION-POP-ZONE-39125,,SYS-POPULATION,SYS-WATER,,water,operational dependency,population/settlement entity,generalized external interface,exact,system-level,INFERRED,inferred,phase10_governance_context,limited,limited,,directed_local_record,county/place,2026 baseline,BASELINE_DEPENDENCY,Generalized service-responsibility context only; no state-specific operator or exact resident-to-utility assignment.,Local uncertainty/notes retained in source artifact.,YES,YES,QUALITATIVE_ONLY,NO,VISUALIZATION_AND_QUALITATIVE_REASONING;QUALITATIVE_STRESS_TEST_ONLY;NO_QUANTITATIVE_AGGREGATION,Inferred relationship retained: Generalized service-responsibility context only; no state-specific operator or exact resident-to-utility assignment.
AR-11B-DEP-0007-WASTEWATER-5bfac1ec,11B,data/processed/analysis/population_system_dependency_register.csv,DEP-0007-wastewater,POP-ZONE-39125,,ENT-POPULATION-POP-ZONE-39125,,SYS-POPULATION,SYS-WATER,,wastewater,operational dependency,population/settlement entity,generalized external interface,exact,system-level,INFERRED,inferred,phase10_s05_ohio_npdes,limited,limited,,directed_local_record,county/place,2026 baseline,BASELINE_DEPENDENCY,"Ohio regulatory program context only; no exact sewer territory, treatment load, or resident assignment.",Local uncertainty/notes retained in source artifact.,YES,YES,QUALITATIVE_ONLY,NO,VISUALIZATION_AND_QUALITATIVE_REASONING;QUALITATIVE_STRESS_TEST_ONLY;NO_QUANTITATIVE_AGGREGATION,"Inferred relationship retained: Ohio regulatory program context only; no exact sewer territory, treatment load, or resident assignment."
AR-11B-DEP-0007-ENERGY-b713f0ae,11B,data/processed/analysis/population_system_dependency_register.csv,DEP-0007-energy,POP-ZONE-39125,,ENT-POPULATION-POP-ZONE-39125,,SYS-POPULATION,SYS-ENERGY,,energy,operational dependency,population/settlement entity,generalized external interface,exact,system-level,INFERRED,inferred,phase10_s24_pjm,moderate,moderate,,directed_local_record,county/place,2026 baseline,BASELINE_DEPENDENCY,"Regional wholesale/high-voltage context only; no local distribution assignment, demand model, or outage probability.",Local uncertainty/notes retained in source artifact.,YES,YES,QUALITATIVE_ONLY,NO,VISUALIZATION_AND_QUALITATIVE_REASONING;QUALITATIVE_STRESS_TEST_ONLY;NO_QUANTITATIVE_AGGREGATION,"Inferred relationship retained: Regional wholesale/high-voltage context only; no local distribution assignment, demand model, or outage probability."
AR-11B-DEP-0007-TRANSPORT-38d1dc19,11B,data/processed/analysis/population_system_dependency_register.csv,DEP-0007-transport,POP-ZONE-39125,,ENT-POPULATION-POP-ZONE-39125,,SYS-POPULATION,SYS-FREIGHT,,transport,operational dependency,population/settlement entity,generalized external interface,exact,system-level,INFERRED,inferred,s11b_lodes_oh_od,moderate,limited,,directed_local_record,county/county_pair,2026 baseline,BASELINE_DEPENDENCY,State-matched LODES OD supports generalized commuting context; the dependency is inferred and exposes no individual paths or passenger surveillance.,Local uncertainty/notes retained in source artifact.,YES,YES,QUALITATIVE_ONLY,NO,VISUALIZATION_AND_QUALITATIVE_REASONING;QUALITATIVE_STRESS_TEST_ONLY;NO_QUANTITATIVE_AGGREGATION,Inferred relationship retained: State-matched LODES OD supports generalized commuting context; the dependency is inferred and exposes no individual paths or passenger surveillance.
AR-11B-DEP-0007-CLIMATE-HAZARD-9646e496,11B,data/processed/analysis/population_system_dependency_register.csv,DEP-0007-climate_hazard,POP-ZONE-39125,,ENT-POPULATION-POP-ZONE-39125,,SYS-POPULATION,,,climate_hazard,operational dependency,population/settlement entity,generalized external interface,exact,nonjoinable,INFERRED,inferred,phase9_hazard_context,limited,limited,,directed_local_record,county/regional,2026 baseline,BASELINE_DEPENDENCY,"Hazard interface is not exposure, dose, or health outcome.",Local uncertainty/notes retained in source artifact.,YES,YES,QUALITATIVE_ONLY,NO,VISUALIZATION_AND_QUALITATIVE_REASONING;QUALITATIVE_STRESS_TEST_ONLY;NO_QUANTITATIVE_AGGREGATION;SOURCE_LOCAL_ONLY;NO_EXACT_ATLAS_JOIN,"Inferred relationship retained: Hazard interface is not exposure, dose, or health outcome."
AR-11B-DEP-0007-ENVIRONMENTAL-HEALTH-5d3c8a09,11B,data/processed/analysis/population_system_dependency_register.csv,DEP-0007-environmental_health,POP-ZONE-39125,,ENT-POPULATION-POP-ZONE-39125,,SYS-POPULATION,SYS-EXPOSURE,,environmental_health,exposure pathway,population/settlement entity,generalized external interface,exact,system-level,CONTEXT_REUSED,reused_context,phase7_exposure_context,limited,limited,,directed_local_record,county/regional,2026 baseline,BASELINE_DEPENDENCY,"Population presence is not exposure, dose, illness, or risk.",Local uncertainty/notes retained in source artifact.,YES,YES,QUALITATIVE_ONLY,NO,VISUALIZATION_AND_QUALITATIVE_REASONING;QUALITATIVE_STRESS_TEST_ONLY;NO_QUANTITATIVE_AGGREGATION,"Reused context retained and not counted as new evidence: Population presence is not exposure, dose, illness, or risk."
AR-11B-DEP-0007-ECOLOGY-LAND-0cdb477f,11B,data/processed/analysis/population_system_dependency_register.csv,DEP-0007-ecology_land,POP-ZONE-39125,,ENT-POPULATION-POP-ZONE-39125,,SYS-POPULATION,,,ecology_land,operational dependency,population/settlement entity,generalized external interface,exact,nonjoinable,INFERRED,inferred,phase6_ecology_context,limited,limited,,directed_local_record,county/regional,2026 baseline,BASELINE_DEPENDENCY,"No habitat quality, biodiversity, or ecological-risk score.",Local uncertainty/notes retained in source artifact.,YES,YES,QUALITATIVE_ONLY,NO,VISUALIZATION_AND_QUALITATIVE_REASONING;QUALITATIVE_STRESS_TEST_ONLY;NO_QUANTITATIVE_AGGREGATION;SOURCE_LOCAL_ONLY;NO_EXACT_ATLAS_JOIN,"Inferred relationship retained: No habitat quality, biodiversity, or ecological-risk score."
AR-11B-DEP-0007-BIOGEOCHEMICAL-19f48777,11B,data/processed/analysis/population_system_dependency_register.csv,DEP-0007-biogeochemical,POP-ZONE-39125,,ENT-POPULATION-POP-ZONE-39125,,SYS-POPULATION,SYS-BIOGEOCHEMISTRY,,biogeochemical,material flow,population/settlement entity,generalized external interface,exact,system-level,INFERRED,inferred,phase8_biogeochemical_context,limited,limited,,directed_local_record,county/watershed,2026 baseline,BASELINE_DEPENDENCY,"No new nutrient load, concentration, or treatment outcome.",Local uncertainty/notes retained in source artifact.,YES,YES,QUALITATIVE_ONLY,NO,VISUALIZATION_AND_QUALITATIVE_REASONING;QUALITATIVE_STRESS_TEST_ONLY;NO_QUANTITATIVE_AGGREGATION,"Inferred relationship retained: No new nutrient load, concentration, or treatment outcome."
AR-11B-DEP-0007-HOUSING-INFRASTRUCTURE-e1afa8ed,11B,data/processed/analysis/population_system_dependency_register.csv,DEP-0007-housing_infrastructure,POP-ZONE-39125,,ENT-POPULATION-POP-ZONE-39125,,SYS-POPULATION,,,housing_infrastructure,operational dependency,population/settlement entity,generalized external interface,exact,nonjoinable,INFERRED,inferred,s11a_acs_2024_5yr,limited,limited,,directed_local_record,county/place,2026 baseline,BASELINE_DEPENDENCY,"Housing context is not a condition, desirability, or vulnerability score.",Local uncertainty/notes retained in source artifact.,YES,YES,QUALITATIVE_ONLY,NO,VISUALIZATION_AND_QUALITATIVE_REASONING;QUALITATIVE_STRESS_TEST_ONLY;NO_QUANTITATIVE_AGGREGATION;SOURCE_LOCAL_ONLY;NO_EXACT_ATLAS_JOIN,"Inferred relationship retained: Housing context is not a condition, desirability, or vulnerability score."
AR-11B-DEP-0007-GOVERNANCE-97a25307,11B,data/processed/analysis/population_system_dependency_register.csv,DEP-0007-governance,POP-ZONE-39125,,ENT-POPULATION-POP-ZONE-39125,,SYS-POPULATION,SYS-GOVERNANCE,,governance,operational dependency,population/settlement entity,generalized external interface,exact,system-level,INFERRED,inferred,phase10_governance_context,moderate,moderate,,directed_local_record,municipal/county,2026 baseline,BASELINE_DEPENDENCY,"Boundary, operator, service territory, and population served remain distinct.",Local uncertainty/notes retained in source artifact.,YES,YES,QUALITATIVE_ONLY,NO,VISUALIZATION_AND_QUALITATIVE_REASONING;QUALITATIVE_STRESS_TEST_ONLY;NO_QUANTITATIVE_AGGREGATION,"Inferred relationship retained: Boundary, operator, service territory, and population served remain distinct."
AR-11B-DEP-0008-WATER-ec4bd4bc,11B,data/processed/analysis/population_system_dependency_register.csv,DEP-0008-water,POP-ZONE-39137,,ENT-POPULATION-POP-ZONE-39137,,SYS-POPULATION,SYS-WATER,,water,operational dependency,population/settlement entity,generalized external interface,exact,system-level,INFERRED,inferred,phase10_governance_context,limited,limited,,directed_local_record,county/place,2026 baseline,BASELINE_DEPENDENCY,Generalized service-responsibility context only; no state-specific operator or exact resident-to-utility assignment.,Local uncertainty/notes retained in source artifact.,YES,YES,QUALITATIVE_ONLY,NO,VISUALIZATION_AND_QUALITATIVE_REASONING;QUALITATIVE_STRESS_TEST_ONLY;NO_QUANTITATIVE_AGGREGATION,Inferred relationship retained: Generalized service-responsibility context only; no state-specific operator or exact resident-to-utility assignment.
AR-11B-DEP-0008-WASTEWATER-73a61c18,11B,data/processed/analysis/population_system_dependency_register.csv,DEP-0008-wastewater,POP-ZONE-39137,,ENT-POPULATION-POP-ZONE-39137,,SYS-POPULATION,SYS-WATER,,wastewater,operational dependency,population/settlement entity,generalized external interface,exact,system-level,INFERRED,inferred,phase10_s05_ohio_npdes,limited,limited,,directed_local_record,county/place,2026 baseline,BASELINE_DEPENDENCY,"Ohio regulatory program context only; no exact sewer territory, treatment load, or resident assignment.",Local uncertainty/notes retained in source artifact.,YES,YES,QUALITATIVE_ONLY,NO,VISUALIZATION_AND_QUALITATIVE_REASONING;QUALITATIVE_STRESS_TEST_ONLY;NO_QUANTITATIVE_AGGREGATION,"Inferred relationship retained: Ohio regulatory program context only; no exact sewer territory, treatment load, or resident assignment."
AR-11B-DEP-0008-ENERGY-41194eca,11B,data/processed/analysis/population_system_dependency_register.csv,DEP-0008-energy,POP-ZONE-39137,,ENT-POPULATION-POP-ZONE-39137,,SYS-POPULATION,SYS-ENERGY,,energy,operational dependency,population/settlement entity,generalized external interface,exact,system-level,INFERRED,inferred,phase10_s24_pjm,moderate,moderate,,directed_local_record,county/place,2026 baseline,BASELINE_DEPENDENCY,"Regional wholesale/high-voltage context only; no local distribution assignment, demand model, or outage probability.",Local uncertainty/notes retained in source artifact.,YES,YES,QUALITATIVE_ONLY,NO,VISUALIZATION_AND_QUALITATIVE_REASONING;QUALITATIVE_STRESS_TEST_ONLY;NO_QUANTITATIVE_AGGREGATION,"Inferred relationship retained: Regional wholesale/high-voltage context only; no local distribution assignment, demand model, or outage probability."
AR-11B-DEP-0008-TRANSPORT-1607a11f,11B,data/processed/analysis/population_system_dependency_register.csv,DEP-0008-transport,POP-ZONE-39137,,ENT-POPULATION-POP-ZONE-39137,,SYS-POPULATION,SYS-FREIGHT,,transport,operational dependency,population/settlement entity,generalized external interface,exact,system-level,INFERRED,inferred,s11b_lodes_oh_od,moderate,limited,,directed_local_record,county/county_pair,2026 baseline,BASELINE_DEPENDENCY,State-matched LODES OD supports generalized commuting context; the dependency is inferred and exposes no individual paths or passenger surveillance.,Local uncertainty/notes retained in source artifact.,YES,YES,QUALITATIVE_ONLY,NO,VISUALIZATION_AND_QUALITATIVE_REASONING;QUALITATIVE_STRESS_TEST_ONLY;NO_QUANTITATIVE_AGGREGATION,Inferred relationship retained: State-matched LODES OD supports generalized commuting context; the dependency is inferred and exposes no individual paths or passenger surveillance.
AR-11B-DEP-0008-CLIMATE-HAZARD-fb300876,11B,data/processed/analysis/population_system_dependency_register.csv,DEP-0008-climate_hazard,POP-ZONE-39137,,ENT-POPULATION-POP-ZONE-39137,,SYS-POPULATION,,,climate_hazard,operational dependency,population/settlement entity,generalized external interface,exact,nonjoinable,INFERRED,inferred,phase9_hazard_context,limited,limited,,directed_local_record,county/regional,2026 baseline,BASELINE_DEPENDENCY,"Hazard interface is not exposure, dose, or health outcome.",Local uncertainty/notes retained in source artifact.,YES,YES,QUALITATIVE_ONLY,NO,VISUALIZATION_AND_QUALITATIVE_REASONING;QUALITATIVE_STRESS_TEST_ONLY;NO_QUANTITATIVE_AGGREGATION;SOURCE_LOCAL_ONLY;NO_EXACT_ATLAS_JOIN,"Inferred relationship retained: Hazard interface is not exposure, dose, or health outcome."
AR-11B-DEP-0008-ENVIRONMENTAL-HEALTH-3af05317,11B,data/processed/analysis/population_system_dependency_register.csv,DEP-0008-environmental_health,POP-ZONE-39137,,ENT-POPULATION-POP-ZONE-39137,,SYS-POPULATION,SYS-EXPOSURE,,environmental_health,exposure pathway,population/settlement entity,generalized external interface,exact,system-level,CONTEXT_REUSED,reused_context,phase7_exposure_context,limited,limited,,directed_local_record,county/regional,2026 baseline,BASELINE_DEPENDENCY,"Population presence is not exposure, dose, illness, or risk.",Local uncertainty/notes retained in source artifact.,YES,YES,QUALITATIVE_ONLY,NO,VISUALIZATION_AND_QUALITATIVE_REASONING;QUALITATIVE_STRESS_TEST_ONLY;NO_QUANTITATIVE_AGGREGATION,"Reused context retained and not counted as new evidence: Population presence is not exposure, dose, illness, or risk."
AR-11B-DEP-0008-ECOLOGY-LAND-ba2d4008,11B,data/processed/analysis/population_system_dependency_register.csv,DEP-0008-ecology_land,POP-ZONE-39137,,ENT-POPULATION-POP-ZONE-39137,,SYS-POPULATION,,,ecology_land,operational dependency,population/settlement entity,generalized external interface,exact,nonjoinable,INFERRED,inferred,phase6_ecology_context,limited,limited,,directed_local_record,county/regional,2026 baseline,BASELINE_DEPENDENCY,"No habitat quality, biodiversity, or ecological-risk score.",Local uncertainty/notes retained in source artifact.,YES,YES,QUALITATIVE_ONLY,NO,VISUALIZATION_AND_QUALITATIVE_REASONING;QUALITATIVE_STRESS_TEST_ONLY;NO_QUANTITATIVE_AGGREGATION;SOURCE_LOCAL_ONLY;NO_EXACT_ATLAS_JOIN,"Inferred relationship retained: No habitat quality, biodiversity, or ecological-risk score."
AR-11B-DEP-0008-BIOGEOCHEMICAL-eb919086,11B,data/processed/analysis/population_system_dependency_register.csv,DEP-0008-biogeochemical,POP-ZONE-39137,,ENT-POPULATION-POP-ZONE-39137,,SYS-POPULATION,SYS-BIOGEOCHEMISTRY,,biogeochemical,material flow,population/settlement entity,generalized external interface,exact,system-level,INFERRED,inferred,phase8_biogeochemical_context,limited,limited,,directed_local_record,county/watershed,2026 baseline,BASELINE_DEPENDENCY,"No new nutrient load, concentration, or treatment outcome.",Local uncertainty/notes retained in source artifact.,YES,YES,QUALITATIVE_ONLY,NO,VISUALIZATION_AND_QUALITATIVE_REASONING;QUALITATIVE_STRESS_TEST_ONLY;NO_QUANTITATIVE_AGGREGATION,"Inferred relationship retained: No new nutrient load, concentration, or treatment outcome."
AR-11B-DEP-0008-HOUSING-INFRASTRUCTURE-012a184b,11B,data/processed/analysis/population_system_dependency_register.csv,DEP-0008-housing_infrastructure,POP-ZONE-39137,,ENT-POPULATION-POP-ZONE-39137,,SYS-POPULATION,,,housing_infrastructure,operational dependency,population/settlement entity,generalized external interface,exact,nonjoinable,INFERRED,inferred,s11a_acs_2024_5yr,limited,limited,,directed_local_record,county/place,2026 baseline,BASELINE_DEPENDENCY,"Housing context is not a condition, desirability, or vulnerability score.",Local uncertainty/notes retained in source artifact.,YES,YES,QUALITATIVE_ONLY,NO,VISUALIZATION_AND_QUALITATIVE_REASONING;QUALITATIVE_STRESS_TEST_ONLY;NO_QUANTITATIVE_AGGREGATION;SOURCE_LOCAL_ONLY;NO_EXACT_ATLAS_JOIN,"Inferred relationship retained: Housing context is not a condition, desirability, or vulnerability score."
AR-11B-DEP-0008-GOVERNANCE-97cf7640,11B,data/processed/analysis/population_system_dependency_register.csv,DEP-0008-governance,POP-ZONE-39137,,ENT-POPULATION-POP-ZONE-39137,,SYS-POPULATION,SYS-GOVERNANCE,,governance,operational dependency,population/settlement entity,generalized external interface,exact,system-level,INFERRED,inferred,phase10_governance_context,moderate,moderate,,directed_local_record,municipal/county,2026 baseline,BASELINE_DEPENDENCY,"Boundary, operator, service territory, and population served remain distinct.",Local uncertainty/notes retained in source artifact.,YES,YES,QUALITATIVE_ONLY,NO,VISUALIZATION_AND_QUALITATIVE_REASONING;QUALITATIVE_STRESS_TEST_ONLY;NO_QUANTITATIVE_AGGREGATION,"Inferred relationship retained: Boundary, operator, service territory, and population served remain distinct."
AR-11B-DEP-0009-WATER-740ed7c2,11B,data/processed/analysis/population_system_dependency_register.csv,DEP-0009-water,POP-ZONE-39143,,ENT-POPULATION-POP-ZONE-39143,,SYS-POPULATION,SYS-WATER,,water,operational dependency,population/settlement entity,generalized external interface,exact,system-level,INFERRED,inferred,phase10_governance_context,limited,limited,,directed_local_record,county/place,2026 baseline,BASELINE_DEPENDENCY,Generalized service-responsibility context only; no state-specific operator or exact resident-to-utility assignment.,Local uncertainty/notes retained in source artifact.,YES,YES,QUALITATIVE_ONLY,NO,VISUALIZATION_AND_QUALITATIVE_REASONING;QUALITATIVE_STRESS_TEST_ONLY;NO_QUANTITATIVE_AGGREGATION,Inferred relationship retained: Generalized service-responsibility context only; no state-specific operator or exact resident-to-utility assignment.
AR-11B-DEP-0009-WASTEWATER-031635e7,11B,data/processed/analysis/population_system_dependency_register.csv,DEP-0009-wastewater,POP-ZONE-39143,,ENT-POPULATION-POP-ZONE-39143,,SYS-POPULATION,SYS-WATER,,wastewater,operational dependency,population/settlement entity,generalized external interface,exact,system-level,INFERRED,inferred,phase10_s05_ohio_npdes,limited,limited,,directed_local_record,county/place,2026 baseline,BASELINE_DEPENDENCY,"Ohio regulatory program context only; no exact sewer territory, treatment load, or resident assignment.",Local uncertainty/notes retained in source artifact.,YES,YES,QUALITATIVE_ONLY,NO,VISUALIZATION_AND_QUALITATIVE_REASONING;QUALITATIVE_STRESS_TEST_ONLY;NO_QUANTITATIVE_AGGREGATION,"Inferred relationship retained: Ohio regulatory program context only; no exact sewer territory, treatment load, or resident assignment."
AR-11B-DEP-0009-ENERGY-a5bdb058,11B,data/processed/analysis/population_system_dependency_register.csv,DEP-0009-energy,POP-ZONE-39143,,ENT-POPULATION-POP-ZONE-39143,,SYS-POPULATION,SYS-ENERGY,,energy,operational dependency,population/settlement entity,generalized external interface,exact,system-level,INFERRED,inferred,phase10_s24_pjm,moderate,moderate,,directed_local_record,county/place,2026 baseline,BASELINE_DEPENDENCY,"Regional wholesale/high-voltage context only; no local distribution assignment, demand model, or outage probability.",Local uncertainty/notes retained in source artifact.,YES,YES,QUALITATIVE_ONLY,NO,VISUALIZATION_AND_QUALITATIVE_REASONING;QUALITATIVE_STRESS_TEST_ONLY;NO_QUANTITATIVE_AGGREGATION,"Inferred relationship retained: Regional wholesale/high-voltage context only; no local distribution assignment, demand model, or outage probability."
AR-11B-DEP-0009-TRANSPORT-f99e4b32,11B,data/processed/analysis/population_system_dependency_register.csv,DEP-0009-transport,POP-ZONE-39143,,ENT-POPULATION-POP-ZONE-39143,,SYS-POPULATION,SYS-FREIGHT,,transport,operational dependency,population/settlement entity,generalized external interface,exact,system-level,INFERRED,inferred,s11b_lodes_oh_od,moderate,limited,,directed_local_record,county/county_pair,2026 baseline,BASELINE_DEPENDENCY,State-matched LODES OD supports generalized commuting context; the dependency is inferred and exposes no individual paths or passenger surveillance.,Local uncertainty/notes retained in source artifact.,YES,YES,QUALITATIVE_ONLY,NO,VISUALIZATION_AND_QUALITATIVE_REASONING;QUALITATIVE_STRESS_TEST_ONLY;NO_QUANTITATIVE_AGGREGATION,Inferred relationship retained: State-matched LODES OD supports generalized commuting context; the dependency is inferred and exposes no individual paths or passenger surveillance.
AR-11B-DEP-0009-CLIMATE-HAZARD-9221818e,11B,data/processed/analysis/population_system_dependency_register.csv,DEP-0009-climate_hazard,POP-ZONE-39143,,ENT-POPULATION-POP-ZONE-39143,,SYS-POPULATION,,,climate_hazard,operational dependency,population/settlement entity,generalized external interface,exact,nonjoinable,INFERRED,inferred,phase9_hazard_context,limited,limited,,directed_local_record,county/regional,2026 baseline,BASELINE_DEPENDENCY,"Hazard interface is not exposure, dose, or health outcome.",Local uncertainty/notes retained in source artifact.,YES,YES,QUALITATIVE_ONLY,NO,VISUALIZATION_AND_QUALITATIVE_REASONING;QUALITATIVE_STRESS_TEST_ONLY;NO_QUANTITATIVE_AGGREGATION;SOURCE_LOCAL_ONLY;NO_EXACT_ATLAS_JOIN,"Inferred relationship retained: Hazard interface is not exposure, dose, or health outcome."
AR-11B-DEP-0009-ENVIRONMENTAL-HEALTH-7ebbbeed,11B,data/processed/analysis/population_system_dependency_register.csv,DEP-0009-environmental_health,POP-ZONE-39143,,ENT-POPULATION-POP-ZONE-39143,,SYS-POPULATION,SYS-EXPOSURE,,environmental_health,exposure pathway,population/settlement entity,generalized external interface,exact,system-level,CONTEXT_REUSED,reused_context,phase7_exposure_context,limited,limited,,directed_local_record,county/regional,2026 baseline,BASELINE_DEPENDENCY,"Population presence is not exposure, dose, illness, or risk.",Local uncertainty/notes retained in source artifact.,YES,YES,QUALITATIVE_ONLY,NO,VISUALIZATION_AND_QUALITATIVE_REASONING;QUALITATIVE_STRESS_TEST_ONLY;NO_QUANTITATIVE_AGGREGATION,"Reused context retained and not counted as new evidence: Population presence is not exposure, dose, illness, or risk."
AR-11B-DEP-0009-ECOLOGY-LAND-861a8423,11B,data/processed/analysis/population_system_dependency_register.csv,DEP-0009-ecology_land,POP-ZONE-39143,,ENT-POPULATION-POP-ZONE-39143,,SYS-POPULATION,,,ecology_land,operational dependency,population/settlement entity,generalized external interface,exact,nonjoinable,INFERRED,inferred,phase6_ecology_context,limited,limited,,directed_local_record,county/regional,2026 baseline,BASELINE_DEPENDENCY,"No habitat quality, biodiversity, or ecological-risk score.",Local uncertainty/notes retained in source artifact.,YES,YES,QUALITATIVE_ONLY,NO,VISUALIZATION_AND_QUALITATIVE_REASONING;QUALITATIVE_STRESS_TEST_ONLY;NO_QUANTITATIVE_AGGREGATION;SOURCE_LOCAL_ONLY;NO_EXACT_ATLAS_JOIN,"Inferred relationship retained: No habitat quality, biodiversity, or ecological-risk score."
AR-11B-DEP-0009-BIOGEOCHEMICAL-108c3472,11B,data/processed/analysis/population_system_dependency_register.csv,DEP-0009-biogeochemical,POP-ZONE-39143,,ENT-POPULATION-POP-ZONE-39143,,SYS-POPULATION,SYS-BIOGEOCHEMISTRY,,biogeochemical,material flow,population/settlement entity,generalized external interface,exact,system-level,INFERRED,inferred,phase8_biogeochemical_context,limited,limited,,directed_local_record,county/watershed,2026 baseline,BASELINE_DEPENDENCY,"No new nutrient load, concentration, or treatment outcome.",Local uncertainty/notes retained in source artifact.,YES,YES,QUALITATIVE_ONLY,NO,VISUALIZATION_AND_QUALITATIVE_REASONING;QUALITATIVE_STRESS_TEST_ONLY;NO_QUANTITATIVE_AGGREGATION,"Inferred relationship retained: No new nutrient load, concentration, or treatment outcome."
AR-11B-DEP-0009-HOUSING-INFRASTRUCTURE-ce81a0d6,11B,data/processed/analysis/population_system_dependency_register.csv,DEP-0009-housing_infrastructure,POP-ZONE-39143,,ENT-POPULATION-POP-ZONE-39143,,SYS-POPULATION,,,housing_infrastructure,operational dependency,population/settlement entity,generalized external interface,exact,nonjoinable,INFERRED,inferred,s11a_acs_2024_5yr,limited,limited,,directed_local_record,county/place,2026 baseline,BASELINE_DEPENDENCY,"Housing context is not a condition, desirability, or vulnerability score.",Local uncertainty/notes retained in source artifact.,YES,YES,QUALITATIVE_ONLY,NO,VISUALIZATION_AND_QUALITATIVE_REASONING;QUALITATIVE_STRESS_TEST_ONLY;NO_QUANTITATIVE_AGGREGATION;SOURCE_LOCAL_ONLY;NO_EXACT_ATLAS_JOIN,"Inferred relationship retained: Housing context is not a condition, desirability, or vulnerability score."
AR-11B-DEP-0009-GOVERNANCE-c1b3a918,11B,data/processed/analysis/population_system_dependency_register.csv,DEP-0009-governance,POP-ZONE-39143,,ENT-POPULATION-POP-ZONE-39143,,SYS-POPULATION,SYS-GOVERNANCE,,governance,operational dependency,population/settlement entity,generalized external interface,exact,system-level,INFERRED,inferred,phase10_governance_context,moderate,moderate,,directed_local_record,municipal/county,2026 baseline,BASELINE_DEPENDENCY,"Boundary, operator, service territory, and population served remain distinct.",Local uncertainty/notes retained in source artifact.,YES,YES,QUALITATIVE_ONLY,NO,VISUALIZATION_AND_QUALITATIVE_REASONING;QUALITATIVE_STRESS_TEST_ONLY;NO_QUANTITATIVE_AGGREGATION,"Inferred relationship retained: Boundary, operator, service territory, and population served remain distinct."
AR-11B-DEP-0010-WATER-c0bfce03,11B,data/processed/analysis/population_system_dependency_register.csv,DEP-0010-water,POP-ZONE-39147,,ENT-POPULATION-POP-ZONE-39147,,SYS-POPULATION,SYS-WATER,,water,operational dependency,population/settlement entity,generalized external interface,exact,system-level,INFERRED,inferred,phase10_governance_context,limited,limited,,directed_local_record,county/place,2026 baseline,BASELINE_DEPENDENCY,Generalized service-responsibility context only; no state-specific operator or exact resident-to-utility assignment.,Local uncertainty/notes retained in source artifact.,YES,YES,QUALITATIVE_ONLY,NO,VISUALIZATION_AND_QUALITATIVE_REASONING;QUALITATIVE_STRESS_TEST_ONLY;NO_QUANTITATIVE_AGGREGATION,Inferred relationship retained: Generalized service-responsibility context only; no state-specific operator or exact resident-to-utility assignment.
AR-11B-DEP-0010-WASTEWATER-bd6af80a,11B,data/processed/analysis/population_system_dependency_register.csv,DEP-0010-wastewater,POP-ZONE-39147,,ENT-POPULATION-POP-ZONE-39147,,SYS-POPULATION,SYS-WATER,,wastewater,operational dependency,population/settlement entity,generalized external interface,exact,system-level,INFERRED,inferred,phase10_s05_ohio_npdes,limited,limited,,directed_local_record,county/place,2026 baseline,BASELINE_DEPENDENCY,"Ohio regulatory program context only; no exact sewer territory, treatment load, or resident assignment.",Local uncertainty/notes retained in source artifact.,YES,YES,QUALITATIVE_ONLY,NO,VISUALIZATION_AND_QUALITATIVE_REASONING;QUALITATIVE_STRESS_TEST_ONLY;NO_QUANTITATIVE_AGGREGATION,"Inferred relationship retained: Ohio regulatory program context only; no exact sewer territory, treatment load, or resident assignment."
AR-11B-DEP-0010-ENERGY-7487702c,11B,data/processed/analysis/population_system_dependency_register.csv,DEP-0010-energy,POP-ZONE-39147,,ENT-POPULATION-POP-ZONE-39147,,SYS-POPULATION,SYS-ENERGY,,energy,operational dependency,population/settlement entity,generalized external interface,exact,system-level,INFERRED,inferred,phase10_s24_pjm,moderate,moderate,,directed_local_record,county/place,2026 baseline,BASELINE_DEPENDENCY,"Regional wholesale/high-voltage context only; no local distribution assignment, demand model, or outage probability.",Local uncertainty/notes retained in source artifact.,YES,YES,QUALITATIVE_ONLY,NO,VISUALIZATION_AND_QUALITATIVE_REASONING;QUALITATIVE_STRESS_TEST_ONLY;NO_QUANTITATIVE_AGGREGATION,"Inferred relationship retained: Regional wholesale/high-voltage context only; no local distribution assignment, demand model, or outage probability."
AR-11B-DEP-0010-TRANSPORT-d4a5da53,11B,data/processed/analysis/population_system_dependency_register.csv,DEP-0010-transport,POP-ZONE-39147,,ENT-POPULATION-POP-ZONE-39147,,SYS-POPULATION,SYS-FREIGHT,,transport,operational dependency,population/settlement entity,generalized external interface,exact,system-level,INFERRED,inferred,s11b_lodes_oh_od,moderate,limited,,directed_local_record,county/county_pair,2026 baseline,BASELINE_DEPENDENCY,State-matched LODES OD supports generalized commuting context; the dependency is inferred and exposes no individual paths or passenger surveillance.,Local uncertainty/notes retained in source artifact.,YES,YES,QUALITATIVE_ONLY,NO,VISUALIZATION_AND_QUALITATIVE_REASONING;QUALITATIVE_STRESS_TEST_ONLY;NO_QUANTITATIVE_AGGREGATION,Inferred relationship retained: State-matched LODES OD supports generalized commuting context; the dependency is inferred and exposes no individual paths or passenger surveillance.
AR-11B-DEP-0010-CLIMATE-HAZARD-c0bfa0ce,11B,data/processed/analysis/population_system_dependency_register.csv,DEP-0010-climate_hazard,POP-ZONE-39147,,ENT-POPULATION-POP-ZONE-39147,,SYS-POPULATION,,,climate_hazard,operational dependency,population/settlement entity,generalized external interface,exact,nonjoinable,INFERRED,inferred,phase9_hazard_context,limited,limited,,directed_local_record,county/regional,2026 baseline,BASELINE_DEPENDENCY,"Hazard interface is not exposure, dose, or health outcome.",Local uncertainty/notes retained in source artifact.,YES,YES,QUALITATIVE_ONLY,NO,VISUALIZATION_AND_QUALITATIVE_REASONING;QUALITATIVE_STRESS_TEST_ONLY;NO_QUANTITATIVE_AGGREGATION;SOURCE_LOCAL_ONLY;NO_EXACT_ATLAS_JOIN,"Inferred relationship retained: Hazard interface is not exposure, dose, or health outcome."
AR-11B-DEP-0010-ENVIRONMENTAL-HEALTH-988461ad,11B,data/processed/analysis/population_system_dependency_register.csv,DEP-0010-environmental_health,POP-ZONE-39147,,ENT-POPULATION-POP-ZONE-39147,,SYS-POPULATION,SYS-EXPOSURE,,environmental_health,exposure pathway,population/settlement entity,generalized external interface,exact,system-level,CONTEXT_REUSED,reused_context,phase7_exposure_context,limited,limited,,directed_local_record,county/regional,2026 baseline,BASELINE_DEPENDENCY,"Population presence is not exposure, dose, illness, or risk.",Local uncertainty/notes retained in source artifact.,YES,YES,QUALITATIVE_ONLY,NO,VISUALIZATION_AND_QUALITATIVE_REASONING;QUALITATIVE_STRESS_TEST_ONLY;NO_QUANTITATIVE_AGGREGATION,"Reused context retained and not counted as new evidence: Population presence is not exposure, dose, illness, or risk."
AR-11B-DEP-0010-ECOLOGY-LAND-f533f14f,11B,data/processed/analysis/population_system_dependency_register.csv,DEP-0010-ecology_land,POP-ZONE-39147,,ENT-POPULATION-POP-ZONE-39147,,SYS-POPULATION,,,ecology_land,operational dependency,population/settlement entity,generalized external interface,exact,nonjoinable,INFERRED,inferred,phase6_ecology_context,limited,limited,,directed_local_record,county/regional,2026 baseline,BASELINE_DEPENDENCY,"No habitat quality, biodiversity, or ecological-risk score.",Local uncertainty/notes retained in source artifact.,YES,YES,QUALITATIVE_ONLY,NO,VISUALIZATION_AND_QUALITATIVE_REASONING;QUALITATIVE_STRESS_TEST_ONLY;NO_QUANTITATIVE_AGGREGATION;SOURCE_LOCAL_ONLY;NO_EXACT_ATLAS_JOIN,"Inferred relationship retained: No habitat quality, biodiversity, or ecological-risk score."
AR-11B-DEP-0010-BIOGEOCHEMICAL-bda8178b,11B,data/processed/analysis/population_system_dependency_register.csv,DEP-0010-biogeochemical,POP-ZONE-39147,,ENT-POPULATION-POP-ZONE-39147,,SYS-POPULATION,SYS-BIOGEOCHEMISTRY,,biogeochemical,material flow,population/settlement entity,generalized external interface,exact,system-level,INFERRED,inferred,phase8_biogeochemical_context,limited,limited,,directed_local_record,county/watershed,2026 baseline,BASELINE_DEPENDENCY,"No new nutrient load, concentration, or treatment outcome.",Local uncertainty/notes retained in source artifact.,YES,YES,QUALITATIVE_ONLY,NO,VISUALIZATION_AND_QUALITATIVE_REASONING;QUALITATIVE_STRESS_TEST_ONLY;NO_QUANTITATIVE_AGGREGATION,"Inferred relationship retained: No new nutrient load, concentration, or treatment outcome."
AR-11B-DEP-0010-HOUSING-INFRASTRUCTURE-28f6bb17,11B,data/processed/analysis/population_system_dependency_register.csv,DEP-0010-housing_infrastructure,POP-ZONE-39147,,ENT-POPULATION-POP-ZONE-39147,,SYS-POPULATION,,,housing_infrastructure,operational dependency,population/settlement entity,generalized external interface,exact,nonjoinable,INFERRED,inferred,s11a_acs_2024_5yr,limited,limited,,directed_local_record,county/place,2026 baseline,BASELINE_DEPENDENCY,"Housing context is not a condition, desirability, or vulnerability score.",Local uncertainty/notes retained in source artifact.,YES,YES,QUALITATIVE_ONLY,NO,VISUALIZATION_AND_QUALITATIVE_REASONING;QUALITATIVE_STRESS_TEST_ONLY;NO_QUANTITATIVE_AGGREGATION;SOURCE_LOCAL_ONLY;NO_EXACT_ATLAS_JOIN,"Inferred relationship retained: Housing context is not a condition, desirability, or vulnerability score."
AR-11B-DEP-0010-GOVERNANCE-de9b3ff9,11B,data/processed/analysis/population_system_dependency_register.csv,DEP-0010-governance,POP-ZONE-39147,,ENT-POPULATION-POP-ZONE-39147,,SYS-POPULATION,SYS-GOVERNANCE,,governance,operational dependency,population/settlement entity,generalized external interface,exact,system-level,INFERRED,inferred,phase10_governance_context,moderate,moderate,,directed_local_record,municipal/county,2026 baseline,BASELINE_DEPENDENCY,"Boundary, operator, service territory, and population served remain distinct.",Local uncertainty/notes retained in source artifact.,YES,YES,QUALITATIVE_ONLY,NO,VISUALIZATION_AND_QUALITATIVE_REASONING;QUALITATIVE_STRESS_TEST_ONLY;NO_QUANTITATIVE_AGGREGATION,"Inferred relationship retained: Boundary, operator, service territory, and population served remain distinct."
AR-11B-DEP-0011-WATER-8f4640e2,11B,data/processed/analysis/population_system_dependency_register.csv,DEP-0011-water,POP-ZONE-39161,,ENT-POPULATION-POP-ZONE-39161,,SYS-POPULATION,SYS-WATER,,water,operational dependency,population/settlement entity,generalized external interface,exact,system-level,INFERRED,inferred,phase10_governance_context,limited,limited,,directed_local_record,county/place,2026 baseline,BASELINE_DEPENDENCY,Generalized service-responsibility context only; no state-specific operator or exact resident-to-utility assignment.,Local uncertainty/notes retained in source artifact.,YES,YES,QUALITATIVE_ONLY,NO,VISUALIZATION_AND_QUALITATIVE_REASONING;QUALITATIVE_STRESS_TEST_ONLY;NO_QUANTITATIVE_AGGREGATION,Inferred relationship retained: Generalized service-responsibility context only; no state-specific operator or exact resident-to-utility assignment.
AR-11B-DEP-0011-WASTEWATER-81c62441,11B,data/processed/analysis/population_system_dependency_register.csv,DEP-0011-wastewater,POP-ZONE-39161,,ENT-POPULATION-POP-ZONE-39161,,SYS-POPULATION,SYS-WATER,,wastewater,operational dependency,population/settlement entity,generalized external interface,exact,system-level,INFERRED,inferred,phase10_s05_ohio_npdes,limited,limited,,directed_local_record,county/place,2026 baseline,BASELINE_DEPENDENCY,"Ohio regulatory program context only; no exact sewer territory, treatment load, or resident assignment.",Local uncertainty/notes retained in source artifact.,YES,YES,QUALITATIVE_ONLY,NO,VISUALIZATION_AND_QUALITATIVE_REASONING;QUALITATIVE_STRESS_TEST_ONLY;NO_QUANTITATIVE_AGGREGATION,"Inferred relationship retained: Ohio regulatory program context only; no exact sewer territory, treatment load, or resident assignment."
AR-11B-DEP-0011-ENERGY-0618dfb7,11B,data/processed/analysis/population_system_dependency_register.csv,DEP-0011-energy,POP-ZONE-39161,,ENT-POPULATION-POP-ZONE-39161,,SYS-POPULATION,SYS-ENERGY,,energy,operational dependency,population/settlement entity,generalized external interface,exact,system-level,INFERRED,inferred,phase10_s24_pjm,moderate,moderate,,directed_local_record,county/place,2026 baseline,BASELINE_DEPENDENCY,"Regional wholesale/high-voltage context only; no local distribution assignment, demand model, or outage probability.",Local uncertainty/notes retained in source artifact.,YES,YES,QUALITATIVE_ONLY,NO,VISUALIZATION_AND_QUALITATIVE_REASONING;QUALITATIVE_STRESS_TEST_ONLY;NO_QUANTITATIVE_AGGREGATION,"Inferred relationship retained: Regional wholesale/high-voltage context only; no local distribution assignment, demand model, or outage probability."
AR-11B-DEP-0011-TRANSPORT-b2702503,11B,data/processed/analysis/population_system_dependency_register.csv,DEP-0011-transport,POP-ZONE-39161,,ENT-POPULATION-POP-ZONE-39161,,SYS-POPULATION,SYS-FREIGHT,,transport,operational dependency,population/settlement entity,generalized external interface,exact,system-level,INFERRED,inferred,s11b_lodes_oh_od,moderate,limited,,directed_local_record,county/county_pair,2026 baseline,BASELINE_DEPENDENCY,State-matched LODES OD supports generalized commuting context; the dependency is inferred and exposes no individual paths or passenger surveillance.,Local uncertainty/notes retained in source artifact.,YES,YES,QUALITATIVE_ONLY,NO,VISUALIZATION_AND_QUALITATIVE_REASONING;QUALITATIVE_STRESS_TEST_ONLY;NO_QUANTITATIVE_AGGREGATION,Inferred relationship retained: State-matched LODES OD supports generalized commuting context; the dependency is inferred and exposes no individual paths or passenger surveillance.
AR-11B-DEP-0011-CLIMATE-HAZARD-5649ff93,11B,data/processed/analysis/population_system_dependency_register.csv,DEP-0011-climate_hazard,POP-ZONE-39161,,ENT-POPULATION-POP-ZONE-39161,,SYS-POPULATION,,,climate_hazard,operational dependency,population/settlement entity,generalized external interface,exact,nonjoinable,INFERRED,inferred,phase9_hazard_context,limited,limited,,directed_local_record,county/regional,2026 baseline,BASELINE_DEPENDENCY,"Hazard interface is not exposure, dose, or health outcome.",Local uncertainty/notes retained in source artifact.,YES,YES,QUALITATIVE_ONLY,NO,VISUALIZATION_AND_QUALITATIVE_REASONING;QUALITATIVE_STRESS_TEST_ONLY;NO_QUANTITATIVE_AGGREGATION;SOURCE_LOCAL_ONLY;NO_EXACT_ATLAS_JOIN,"Inferred relationship retained: Hazard interface is not exposure, dose, or health outcome."
AR-11B-DEP-0011-ENVIRONMENTAL-HEALTH-f7be5027,11B,data/processed/analysis/population_system_dependency_register.csv,DEP-0011-environmental_health,POP-ZONE-39161,,ENT-POPULATION-POP-ZONE-39161,,SYS-POPULATION,SYS-EXPOSURE,,environmental_health,exposure pathway,population/settlement entity,generalized external interface,exact,system-level,CONTEXT_REUSED,reused_context,phase7_exposure_context,limited,limited,,directed_local_record,county/regional,2026 baseline,BASELINE_DEPENDENCY,"Population presence is not exposure, dose, illness, or risk.",Local uncertainty/notes retained in source artifact.,YES,YES,QUALITATIVE_ONLY,NO,VISUALIZATION_AND_QUALITATIVE_REASONING;QUALITATIVE_STRESS_TEST_ONLY;NO_QUANTITATIVE_AGGREGATION,"Reused context retained and not counted as new evidence: Population presence is not exposure, dose, illness, or risk."
AR-11B-DEP-0011-ECOLOGY-LAND-debbbaaa,11B,data/processed/analysis/population_system_dependency_register.csv,DEP-0011-ecology_land,POP-ZONE-39161,,ENT-POPULATION-POP-ZONE-39161,,SYS-POPULATION,,,ecology_land,operational dependency,population/settlement entity,generalized external interface,exact,nonjoinable,INFERRED,inferred,phase6_ecology_context,limited,limited,,directed_local_record,county/regional,2026 baseline,BASELINE_DEPENDENCY,"No habitat quality, biodiversity, or ecological-risk score.",Local uncertainty/notes retained in source artifact.,YES,YES,QUALITATIVE_ONLY,NO,VISUALIZATION_AND_QUALITATIVE_REASONING;QUALITATIVE_STRESS_TEST_ONLY;NO_QUANTITATIVE_AGGREGATION;SOURCE_LOCAL_ONLY;NO_EXACT_ATLAS_JOIN,"Inferred relationship retained: No habitat quality, biodiversity, or ecological-risk score."
AR-11B-DEP-0011-BIOGEOCHEMICAL-f38ab2a5,11B,data/processed/analysis/population_system_dependency_register.csv,DEP-0011-biogeochemical,POP-ZONE-39161,,ENT-POPULATION-POP-ZONE-39161,,SYS-POPULATION,SYS-BIOGEOCHEMISTRY,,biogeochemical,material flow,population/settlement entity,generalized external interface,exact,system-level,INFERRED,inferred,phase8_biogeochemical_context,limited,limited,,directed_local_record,county/watershed,2026 baseline,BASELINE_DEPENDENCY,"No new nutrient load, concentration, or treatment outcome.",Local uncertainty/notes retained in source artifact.,YES,YES,QUALITATIVE_ONLY,NO,VISUALIZATION_AND_QUALITATIVE_REASONING;QUALITATIVE_STRESS_TEST_ONLY;NO_QUANTITATIVE_AGGREGATION,"Inferred relationship retained: No new nutrient load, concentration, or treatment outcome."
AR-11B-DEP-0011-HOUSING-INFRASTRUCTURE-36a0c6ea,11B,data/processed/analysis/population_system_dependency_register.csv,DEP-0011-housing_infrastructure,POP-ZONE-39161,,ENT-POPULATION-POP-ZONE-39161,,SYS-POPULATION,,,housing_infrastructure,operational dependency,population/settlement entity,generalized external interface,exact,nonjoinable,INFERRED,inferred,s11a_acs_2024_5yr,limited,limited,,directed_local_record,county/place,2026 baseline,BASELINE_DEPENDENCY,"Housing context is not a condition, desirability, or vulnerability score.",Local uncertainty/notes retained in source artifact.,YES,YES,QUALITATIVE_ONLY,NO,VISUALIZATION_AND_QUALITATIVE_REASONING;QUALITATIVE_STRESS_TEST_ONLY;NO_QUANTITATIVE_AGGREGATION;SOURCE_LOCAL_ONLY;NO_EXACT_ATLAS_JOIN,"Inferred relationship retained: Housing context is not a condition, desirability, or vulnerability score."
AR-11B-DEP-0011-GOVERNANCE-a7135d08,11B,data/processed/analysis/population_system_dependency_register.csv,DEP-0011-governance,POP-ZONE-39161,,ENT-POPULATION-POP-ZONE-39161,,SYS-POPULATION,SYS-GOVERNANCE,,governance,operational dependency,population/settlement entity,generalized external interface,exact,system-level,INFERRED,inferred,phase10_governance_context,moderate,moderate,,directed_local_record,municipal/county,2026 baseline,BASELINE_DEPENDENCY,"Boundary, operator, service territory, and population served remain distinct.",Local uncertainty/notes retained in source artifact.,YES,YES,QUALITATIVE_ONLY,NO,VISUALIZATION_AND_QUALITATIVE_REASONING;QUALITATIVE_STRESS_TEST_ONLY;NO_QUANTITATIVE_AGGREGATION,"Inferred relationship retained: Boundary, operator, service territory, and population served remain distinct."
AR-11B-DEP-0012-WATER-cb7f9f77,11B,data/processed/analysis/population_system_dependency_register.csv,DEP-0012-water,POP-ZONE-39171,,ENT-POPULATION-POP-ZONE-39171,,SYS-POPULATION,SYS-WATER,,water,operational dependency,population/settlement entity,generalized external interface,exact,system-level,INFERRED,inferred,phase10_governance_context,limited,limited,,directed_local_record,county/place,2026 baseline,BASELINE_DEPENDENCY,Generalized service-responsibility context only; no state-specific operator or exact resident-to-utility assignment.,Local uncertainty/notes retained in source artifact.,YES,YES,QUALITATIVE_ONLY,NO,VISUALIZATION_AND_QUALITATIVE_REASONING;QUALITATIVE_STRESS_TEST_ONLY;NO_QUANTITATIVE_AGGREGATION,Inferred relationship retained: Generalized service-responsibility context only; no state-specific operator or exact resident-to-utility assignment.
AR-11B-DEP-0012-WASTEWATER-10a34c9f,11B,data/processed/analysis/population_system_dependency_register.csv,DEP-0012-wastewater,POP-ZONE-39171,,ENT-POPULATION-POP-ZONE-39171,,SYS-POPULATION,SYS-WATER,,wastewater,operational dependency,population/settlement entity,generalized external interface,exact,system-level,INFERRED,inferred,phase10_s05_ohio_npdes,limited,limited,,directed_local_record,county/place,2026 baseline,BASELINE_DEPENDENCY,"Ohio regulatory program context only; no exact sewer territory, treatment load, or resident assignment.",Local uncertainty/notes retained in source artifact.,YES,YES,QUALITATIVE_ONLY,NO,VISUALIZATION_AND_QUALITATIVE_REASONING;QUALITATIVE_STRESS_TEST_ONLY;NO_QUANTITATIVE_AGGREGATION,"Inferred relationship retained: Ohio regulatory program context only; no exact sewer territory, treatment load, or resident assignment."
AR-11B-DEP-0012-ENERGY-dd4bb131,11B,data/processed/analysis/population_system_dependency_register.csv,DEP-0012-energy,POP-ZONE-39171,,ENT-POPULATION-POP-ZONE-39171,,SYS-POPULATION,SYS-ENERGY,,energy,operational dependency,population/settlement entity,generalized external interface,exact,system-level,INFERRED,inferred,phase10_s24_pjm,moderate,moderate,,directed_local_record,county/place,2026 baseline,BASELINE_DEPENDENCY,"Regional wholesale/high-voltage context only; no local distribution assignment, demand model, or outage probability.",Local uncertainty/notes retained in source artifact.,YES,YES,QUALITATIVE_ONLY,NO,VISUALIZATION_AND_QUALITATIVE_REASONING;QUALITATIVE_STRESS_TEST_ONLY;NO_QUANTITATIVE_AGGREGATION,"Inferred relationship retained: Regional wholesale/high-voltage context only; no local distribution assignment, demand model, or outage probability."
AR-11B-DEP-0012-TRANSPORT-dc67e8eb,11B,data/processed/analysis/population_system_dependency_register.csv,DEP-0012-transport,POP-ZONE-39171,,ENT-POPULATION-POP-ZONE-39171,,SYS-POPULATION,SYS-FREIGHT,,transport,operational dependency,population/settlement entity,generalized external interface,exact,system-level,INFERRED,inferred,s11b_lodes_oh_od,moderate,limited,,directed_local_record,county/county_pair,2026 baseline,BASELINE_DEPENDENCY,State-matched LODES OD supports generalized commuting context; the dependency is inferred and exposes no individual paths or passenger surveillance.,Local uncertainty/notes retained in source artifact.,YES,YES,QUALITATIVE_ONLY,NO,VISUALIZATION_AND_QUALITATIVE_REASONING;QUALITATIVE_STRESS_TEST_ONLY;NO_QUANTITATIVE_AGGREGATION,Inferred relationship retained: State-matched LODES OD supports generalized commuting context; the dependency is inferred and exposes no individual paths or passenger surveillance.
AR-11B-DEP-0012-CLIMATE-HAZARD-91e98aaa,11B,data/processed/analysis/population_system_dependency_register.csv,DEP-0012-climate_hazard,POP-ZONE-39171,,ENT-POPULATION-POP-ZONE-39171,,SYS-POPULATION,,,climate_hazard,operational dependency,population/settlement entity,generalized external interface,exact,nonjoinable,INFERRED,inferred,phase9_hazard_context,limited,limited,,directed_local_record,county/regional,2026 baseline,BASELINE_DEPENDENCY,"Hazard interface is not exposure, dose, or health outcome.",Local uncertainty/notes retained in source artifact.,YES,YES,QUALITATIVE_ONLY,NO,VISUALIZATION_AND_QUALITATIVE_REASONING;QUALITATIVE_STRESS_TEST_ONLY;NO_QUANTITATIVE_AGGREGATION;SOURCE_LOCAL_ONLY;NO_EXACT_ATLAS_JOIN,"Inferred relationship retained: Hazard interface is not exposure, dose, or health outcome."
AR-11B-DEP-0012-ENVIRONMENTAL-HEALTH-90704233,11B,data/processed/analysis/population_system_dependency_register.csv,DEP-0012-environmental_health,POP-ZONE-39171,,ENT-POPULATION-POP-ZONE-39171,,SYS-POPULATION,SYS-EXPOSURE,,environmental_health,exposure pathway,population/settlement entity,generalized external interface,exact,system-level,CONTEXT_REUSED,reused_context,phase7_exposure_context,limited,limited,,directed_local_record,county/regional,2026 baseline,BASELINE_DEPENDENCY,"Population presence is not exposure, dose, illness, or risk.",Local uncertainty/notes retained in source artifact.,YES,YES,QUALITATIVE_ONLY,NO,VISUALIZATION_AND_QUALITATIVE_REASONING;QUALITATIVE_STRESS_TEST_ONLY;NO_QUANTITATIVE_AGGREGATION,"Reused context retained and not counted as new evidence: Population presence is not exposure, dose, illness, or risk."
AR-11B-DEP-0012-ECOLOGY-LAND-078f56b5,11B,data/processed/analysis/population_system_dependency_register.csv,DEP-0012-ecology_land,POP-ZONE-39171,,ENT-POPULATION-POP-ZONE-39171,,SYS-POPULATION,,,ecology_land,operational dependency,population/settlement entity,generalized external interface,exact,nonjoinable,INFERRED,inferred,phase6_ecology_context,limited,limited,,directed_local_record,county/regional,2026 baseline,BASELINE_DEPENDENCY,"No habitat quality, biodiversity, or ecological-risk score.",Local uncertainty/notes retained in source artifact.,YES,YES,QUALITATIVE_ONLY,NO,VISUALIZATION_AND_QUALITATIVE_REASONING;QUALITATIVE_STRESS_TEST_ONLY;NO_QUANTITATIVE_AGGREGATION;SOURCE_LOCAL_ONLY;NO_EXACT_ATLAS_JOIN,"Inferred relationship retained: No habitat quality, biodiversity, or ecological-risk score."
AR-11B-DEP-0012-BIOGEOCHEMICAL-ed67884d,11B,data/processed/analysis/population_system_dependency_register.csv,DEP-0012-biogeochemical,POP-ZONE-39171,,ENT-POPULATION-POP-ZONE-39171,,SYS-POPULATION,SYS-BIOGEOCHEMISTRY,,biogeochemical,material flow,population/settlement entity,generalized external interface,exact,system-level,INFERRED,inferred,phase8_biogeochemical_context,limited,limited,,directed_local_record,county/watershed,2026 baseline,BASELINE_DEPENDENCY,"No new nutrient load, concentration, or treatment outcome.",Local uncertainty/notes retained in source artifact.,YES,YES,QUALITATIVE_ONLY,NO,VISUALIZATION_AND_QUALITATIVE_REASONING;QUALITATIVE_STRESS_TEST_ONLY;NO_QUANTITATIVE_AGGREGATION,"Inferred relationship retained: No new nutrient load, concentration, or treatment outcome."
AR-11B-DEP-0012-HOUSING-INFRASTRUCTURE-8802cbc2,11B,data/processed/analysis/population_system_dependency_register.csv,DEP-0012-housing_infrastructure,POP-ZONE-39171,,ENT-POPULATION-POP-ZONE-39171,,SYS-POPULATION,,,housing_infrastructure,operational dependency,population/settlement entity,generalized external interface,exact,nonjoinable,INFERRED,inferred,s11a_acs_2024_5yr,limited,limited,,directed_local_record,county/place,2026 baseline,BASELINE_DEPENDENCY,"Housing context is not a condition, desirability, or vulnerability score.",Local uncertainty/notes retained in source artifact.,YES,YES,QUALITATIVE_ONLY,NO,VISUALIZATION_AND_QUALITATIVE_REASONING;QUALITATIVE_STRESS_TEST_ONLY;NO_QUANTITATIVE_AGGREGATION;SOURCE_LOCAL_ONLY;NO_EXACT_ATLAS_JOIN,"Inferred relationship retained: Housing context is not a condition, desirability, or vulnerability score."
AR-11B-DEP-0012-GOVERNANCE-788939d4,11B,data/processed/analysis/population_system_dependency_register.csv,DEP-0012-governance,POP-ZONE-39171,,ENT-POPULATION-POP-ZONE-39171,,SYS-POPULATION,SYS-GOVERNANCE,,governance,operational dependency,population/settlement entity,generalized external interface,exact,system-level,INFERRED,inferred,phase10_governance_context,moderate,moderate,,directed_local_record,municipal/county,2026 baseline,BASELINE_DEPENDENCY,"Boundary, operator, service territory, and population served remain distinct.",Local uncertainty/notes retained in source artifact.,YES,YES,QUALITATIVE_ONLY,NO,VISUALIZATION_AND_QUALITATIVE_REASONING;QUALITATIVE_STRESS_TEST_ONLY;NO_QUANTITATIVE_AGGREGATION,"Inferred relationship retained: Boundary, operator, service territory, and population served remain distinct."
AR-11B-DEP-0013-WATER-b257d2db,11B,data/processed/analysis/population_system_dependency_register.csv,DEP-0013-water,POP-ZONE-39173,,ENT-POPULATION-POP-ZONE-39173,,SYS-POPULATION,SYS-WATER,,water,operational dependency,population/settlement entity,generalized external interface,exact,system-level,INFERRED,inferred,phase10_governance_context,limited,limited,,directed_local_record,county/place,2026 baseline,BASELINE_DEPENDENCY,Generalized service-responsibility context only; no state-specific operator or exact resident-to-utility assignment.,Local uncertainty/notes retained in source artifact.,YES,YES,QUALITATIVE_ONLY,NO,VISUALIZATION_AND_QUALITATIVE_REASONING;QUALITATIVE_STRESS_TEST_ONLY;NO_QUANTITATIVE_AGGREGATION,Inferred relationship retained: Generalized service-responsibility context only; no state-specific operator or exact resident-to-utility assignment.
AR-11B-DEP-0013-WASTEWATER-f5fb04a4,11B,data/processed/analysis/population_system_dependency_register.csv,DEP-0013-wastewater,POP-ZONE-39173,,ENT-POPULATION-POP-ZONE-39173,,SYS-POPULATION,SYS-WATER,,wastewater,operational dependency,population/settlement entity,generalized external interface,exact,system-level,INFERRED,inferred,phase10_s05_ohio_npdes,limited,limited,,directed_local_record,county/place,2026 baseline,BASELINE_DEPENDENCY,"Ohio regulatory program context only; no exact sewer territory, treatment load, or resident assignment.",Local uncertainty/notes retained in source artifact.,YES,YES,QUALITATIVE_ONLY,NO,VISUALIZATION_AND_QUALITATIVE_REASONING;QUALITATIVE_STRESS_TEST_ONLY;NO_QUANTITATIVE_AGGREGATION,"Inferred relationship retained: Ohio regulatory program context only; no exact sewer territory, treatment load, or resident assignment."
AR-11B-DEP-0013-ENERGY-9d01022e,11B,data/processed/analysis/population_system_dependency_register.csv,DEP-0013-energy,POP-ZONE-39173,,ENT-POPULATION-POP-ZONE-39173,,SYS-POPULATION,SYS-ENERGY,,energy,operational dependency,population/settlement entity,generalized external interface,exact,system-level,INFERRED,inferred,phase10_s24_pjm,moderate,moderate,,directed_local_record,county/place,2026 baseline,BASELINE_DEPENDENCY,"Regional wholesale/high-voltage context only; no local distribution assignment, demand model, or outage probability.",Local uncertainty/notes retained in source artifact.,YES,YES,QUALITATIVE_ONLY,NO,VISUALIZATION_AND_QUALITATIVE_REASONING;QUALITATIVE_STRESS_TEST_ONLY;NO_QUANTITATIVE_AGGREGATION,"Inferred relationship retained: Regional wholesale/high-voltage context only; no local distribution assignment, demand model, or outage probability."
AR-11B-DEP-0013-TRANSPORT-27de4b9d,11B,data/processed/analysis/population_system_dependency_register.csv,DEP-0013-transport,POP-ZONE-39173,,ENT-POPULATION-POP-ZONE-39173,,SYS-POPULATION,SYS-FREIGHT,,transport,operational dependency,population/settlement entity,generalized external interface,exact,system-level,INFERRED,inferred,s11b_lodes_oh_od,moderate,limited,,directed_local_record,county/county_pair,2026 baseline,BASELINE_DEPENDENCY,State-matched LODES OD supports generalized commuting context; the dependency is inferred and exposes no individual paths or passenger surveillance.,Local uncertainty/notes retained in source artifact.,YES,YES,QUALITATIVE_ONLY,NO,VISUALIZATION_AND_QUALITATIVE_REASONING;QUALITATIVE_STRESS_TEST_ONLY;NO_QUANTITATIVE_AGGREGATION,Inferred relationship retained: State-matched LODES OD supports generalized commuting context; the dependency is inferred and exposes no individual paths or passenger surveillance.
AR-11B-DEP-0013-CLIMATE-HAZARD-43f0081c,11B,data/processed/analysis/population_system_dependency_register.csv,DEP-0013-climate_hazard,POP-ZONE-39173,,ENT-POPULATION-POP-ZONE-39173,,SYS-POPULATION,,,climate_hazard,operational dependency,population/settlement entity,generalized external interface,exact,nonjoinable,INFERRED,inferred,phase9_hazard_context,limited,limited,,directed_local_record,county/regional,2026 baseline,BASELINE_DEPENDENCY,"Hazard interface is not exposure, dose, or health outcome.",Local uncertainty/notes retained in source artifact.,YES,YES,QUALITATIVE_ONLY,NO,VISUALIZATION_AND_QUALITATIVE_REASONING;QUALITATIVE_STRESS_TEST_ONLY;NO_QUANTITATIVE_AGGREGATION;SOURCE_LOCAL_ONLY;NO_EXACT_ATLAS_JOIN,"Inferred relationship retained: Hazard interface is not exposure, dose, or health outcome."
AR-11B-DEP-0013-ENVIRONMENTAL-HEALTH-1eba3455,11B,data/processed/analysis/population_system_dependency_register.csv,DEP-0013-environmental_health,POP-ZONE-39173,,ENT-POPULATION-POP-ZONE-39173,,SYS-POPULATION,SYS-EXPOSURE,,environmental_health,exposure pathway,population/settlement entity,generalized external interface,exact,system-level,CONTEXT_REUSED,reused_context,phase7_exposure_context,limited,limited,,directed_local_record,county/regional,2026 baseline,BASELINE_DEPENDENCY,"Population presence is not exposure, dose, illness, or risk.",Local uncertainty/notes retained in source artifact.,YES,YES,QUALITATIVE_ONLY,NO,VISUALIZATION_AND_QUALITATIVE_REASONING;QUALITATIVE_STRESS_TEST_ONLY;NO_QUANTITATIVE_AGGREGATION,"Reused context retained and not counted as new evidence: Population presence is not exposure, dose, illness, or risk."
AR-11B-DEP-0013-ECOLOGY-LAND-d790edf7,11B,data/processed/analysis/population_system_dependency_register.csv,DEP-0013-ecology_land,POP-ZONE-39173,,ENT-POPULATION-POP-ZONE-39173,,SYS-POPULATION,,,ecology_land,operational dependency,population/settlement entity,generalized external interface,exact,nonjoinable,INFERRED,inferred,phase6_ecology_context,limited,limited,,directed_local_record,county/regional,2026 baseline,BASELINE_DEPENDENCY,"No habitat quality, biodiversity, or ecological-risk score.",Local uncertainty/notes retained in source artifact.,YES,YES,QUALITATIVE_ONLY,NO,VISUALIZATION_AND_QUALITATIVE_REASONING;QUALITATIVE_STRESS_TEST_ONLY;NO_QUANTITATIVE_AGGREGATION;SOURCE_LOCAL_ONLY;NO_EXACT_ATLAS_JOIN,"Inferred relationship retained: No habitat quality, biodiversity, or ecological-risk score."
AR-11B-DEP-0013-BIOGEOCHEMICAL-54306c7a,11B,data/processed/analysis/population_system_dependency_register.csv,DEP-0013-biogeochemical,POP-ZONE-39173,,ENT-POPULATION-POP-ZONE-39173,,SYS-POPULATION,SYS-BIOGEOCHEMISTRY,,biogeochemical,material flow,population/settlement entity,generalized external interface,exact,system-level,INFERRED,inferred,phase8_biogeochemical_context,limited,limited,,directed_local_record,county/watershed,2026 baseline,BASELINE_DEPENDENCY,"No new nutrient load, concentration, or treatment outcome.",Local uncertainty/notes retained in source artifact.,YES,YES,QUALITATIVE_ONLY,NO,VISUALIZATION_AND_QUALITATIVE_REASONING;QUALITATIVE_STRESS_TEST_ONLY;NO_QUANTITATIVE_AGGREGATION,"Inferred relationship retained: No new nutrient load, concentration, or treatment outcome."
AR-11B-DEP-0013-HOUSING-INFRASTRUCTURE-6cb341e9,11B,data/processed/analysis/population_system_dependency_register.csv,DEP-0013-housing_infrastructure,POP-ZONE-39173,,ENT-POPULATION-POP-ZONE-39173,,SYS-POPULATION,,,housing_infrastructure,operational dependency,population/settlement entity,generalized external interface,exact,nonjoinable,INFERRED,inferred,s11a_acs_2024_5yr,limited,limited,,directed_local_record,county/place,2026 baseline,BASELINE_DEPENDENCY,"Housing context is not a condition, desirability, or vulnerability score.",Local uncertainty/notes retained in source artifact.,YES,YES,QUALITATIVE_ONLY,NO,VISUALIZATION_AND_QUALITATIVE_REASONING;QUALITATIVE_STRESS_TEST_ONLY;NO_QUANTITATIVE_AGGREGATION;SOURCE_LOCAL_ONLY;NO_EXACT_ATLAS_JOIN,"Inferred relationship retained: Housing context is not a condition, desirability, or vulnerability score."
AR-11B-DEP-0013-GOVERNANCE-d7a6175c,11B,data/processed/analysis/population_system_dependency_register.csv,DEP-0013-governance,POP-ZONE-39173,,ENT-POPULATION-POP-ZONE-39173,,SYS-POPULATION,SYS-GOVERNANCE,,governance,operational dependency,population/settlement entity,generalized external interface,exact,system-level,INFERRED,inferred,phase10_governance_context,moderate,moderate,,directed_local_record,municipal/county,2026 baseline,BASELINE_DEPENDENCY,"Boundary, operator, service territory, and population served remain distinct.",Local uncertainty/notes retained in source artifact.,YES,YES,QUALITATIVE_ONLY,NO,VISUALIZATION_AND_QUALITATIVE_REASONING;QUALITATIVE_STRESS_TEST_ONLY;NO_QUANTITATIVE_AGGREGATION,"Inferred relationship retained: Boundary, operator, service territory, and population served remain distinct."
AR-11B-DEP-0014-WATER-bd8669f4,11B,data/processed/analysis/population_system_dependency_register.csv,DEP-0014-water,POP-ZONE-26091,,ENT-POPULATION-POP-ZONE-26091,,SYS-POPULATION,SYS-WATER,,water,operational dependency,population/settlement entity,generalized external interface,exact,system-level,INFERRED,inferred,phase10_governance_context,limited,limited,,directed_local_record,county/place,2026 baseline,BASELINE_DEPENDENCY,Generalized service-responsibility context only; no state-specific operator or exact resident-to-utility assignment.,Local uncertainty/notes retained in source artifact.,YES,YES,QUALITATIVE_ONLY,NO,VISUALIZATION_AND_QUALITATIVE_REASONING;QUALITATIVE_STRESS_TEST_ONLY;NO_QUANTITATIVE_AGGREGATION,Inferred relationship retained: Generalized service-responsibility context only; no state-specific operator or exact resident-to-utility assignment.
AR-11B-DEP-0014-WASTEWATER-bd01c0fc,11B,data/processed/analysis/population_system_dependency_register.csv,DEP-0014-wastewater,POP-ZONE-26091,,ENT-POPULATION-POP-ZONE-26091,,SYS-POPULATION,SYS-WATER,,wastewater,operational dependency,population/settlement entity,generalized external interface,exact,system-level,INFERRED,inferred,phase10_governance_context,limited,limited,,directed_local_record,county/place,2026 baseline,BASELINE_DEPENDENCY,"Generalized service-responsibility context only; no state-specific permit, sewer territory, or load claim.",Local uncertainty/notes retained in source artifact.,YES,YES,QUALITATIVE_ONLY,NO,VISUALIZATION_AND_QUALITATIVE_REASONING;QUALITATIVE_STRESS_TEST_ONLY;NO_QUANTITATIVE_AGGREGATION,"Inferred relationship retained: Generalized service-responsibility context only; no state-specific permit, sewer territory, or load claim."
AR-11B-DEP-0014-ENERGY-6119380c,11B,data/processed/analysis/population_system_dependency_register.csv,DEP-0014-energy,POP-ZONE-26091,,ENT-POPULATION-POP-ZONE-26091,,SYS-POPULATION,SYS-ENERGY,,energy,operational dependency,population/settlement entity,generalized external interface,exact,system-level,INFERRED,inferred,phase10_s24_pjm,moderate,moderate,,directed_local_record,county/place,2026 baseline,BASELINE_DEPENDENCY,"Regional wholesale/high-voltage context only; no local distribution assignment, demand model, or outage probability.",Local uncertainty/notes retained in source artifact.,YES,YES,QUALITATIVE_ONLY,NO,VISUALIZATION_AND_QUALITATIVE_REASONING;QUALITATIVE_STRESS_TEST_ONLY;NO_QUANTITATIVE_AGGREGATION,"Inferred relationship retained: Regional wholesale/high-voltage context only; no local distribution assignment, demand model, or outage probability."
AR-11B-DEP-0014-TRANSPORT-ad548eaf,11B,data/processed/analysis/population_system_dependency_register.csv,DEP-0014-transport,POP-ZONE-26091,,ENT-POPULATION-POP-ZONE-26091,,SYS-POPULATION,SYS-FREIGHT,,transport,operational dependency,population/settlement entity,generalized external interface,exact,system-level,INFERRED,inferred,s11b_lodes_mi_od,moderate,limited,,directed_local_record,county/county_pair,2026 baseline,BASELINE_DEPENDENCY,State-matched LODES OD supports generalized commuting context; the dependency is inferred and exposes no individual paths or passenger surveillance.,Local uncertainty/notes retained in source artifact.,YES,YES,QUALITATIVE_ONLY,NO,VISUALIZATION_AND_QUALITATIVE_REASONING;QUALITATIVE_STRESS_TEST_ONLY;NO_QUANTITATIVE_AGGREGATION,Inferred relationship retained: State-matched LODES OD supports generalized commuting context; the dependency is inferred and exposes no individual paths or passenger surveillance.
AR-11B-DEP-0014-CLIMATE-HAZARD-5f506e3e,11B,data/processed/analysis/population_system_dependency_register.csv,DEP-0014-climate_hazard,POP-ZONE-26091,,ENT-POPULATION-POP-ZONE-26091,,SYS-POPULATION,,,climate_hazard,operational dependency,population/settlement entity,generalized external interface,exact,nonjoinable,INFERRED,inferred,phase9_hazard_context,limited,limited,,directed_local_record,county/regional,2026 baseline,BASELINE_DEPENDENCY,"Hazard interface is not exposure, dose, or health outcome.",Local uncertainty/notes retained in source artifact.,YES,YES,QUALITATIVE_ONLY,NO,VISUALIZATION_AND_QUALITATIVE_REASONING;QUALITATIVE_STRESS_TEST_ONLY;NO_QUANTITATIVE_AGGREGATION;SOURCE_LOCAL_ONLY;NO_EXACT_ATLAS_JOIN,"Inferred relationship retained: Hazard interface is not exposure, dose, or health outcome."
AR-11B-DEP-0014-ENVIRONMENTAL-HEALTH-f91cb4fa,11B,data/processed/analysis/population_system_dependency_register.csv,DEP-0014-environmental_health,POP-ZONE-26091,,ENT-POPULATION-POP-ZONE-26091,,SYS-POPULATION,SYS-EXPOSURE,,environmental_health,exposure pathway,population/settlement entity,generalized external interface,exact,system-level,CONTEXT_REUSED,reused_context,phase7_exposure_context,limited,limited,,directed_local_record,county/regional,2026 baseline,BASELINE_DEPENDENCY,"Population presence is not exposure, dose, illness, or risk.",Local uncertainty/notes retained in source artifact.,YES,YES,QUALITATIVE_ONLY,NO,VISUALIZATION_AND_QUALITATIVE_REASONING;QUALITATIVE_STRESS_TEST_ONLY;NO_QUANTITATIVE_AGGREGATION,"Reused context retained and not counted as new evidence: Population presence is not exposure, dose, illness, or risk."
AR-11B-DEP-0014-ECOLOGY-LAND-c01cdabf,11B,data/processed/analysis/population_system_dependency_register.csv,DEP-0014-ecology_land,POP-ZONE-26091,,ENT-POPULATION-POP-ZONE-26091,,SYS-POPULATION,,,ecology_land,operational dependency,population/settlement entity,generalized external interface,exact,nonjoinable,INFERRED,inferred,phase6_ecology_context,limited,limited,,directed_local_record,county/regional,2026 baseline,BASELINE_DEPENDENCY,"No habitat quality, biodiversity, or ecological-risk score.",Local uncertainty/notes retained in source artifact.,YES,YES,QUALITATIVE_ONLY,NO,VISUALIZATION_AND_QUALITATIVE_REASONING;QUALITATIVE_STRESS_TEST_ONLY;NO_QUANTITATIVE_AGGREGATION;SOURCE_LOCAL_ONLY;NO_EXACT_ATLAS_JOIN,"Inferred relationship retained: No habitat quality, biodiversity, or ecological-risk score."
AR-11B-DEP-0014-BIOGEOCHEMICAL-fd0d1292,11B,data/processed/analysis/population_system_dependency_register.csv,DEP-0014-biogeochemical,POP-ZONE-26091,,ENT-POPULATION-POP-ZONE-26091,,SYS-POPULATION,SYS-BIOGEOCHEMISTRY,,biogeochemical,material flow,population/settlement entity,generalized external interface,exact,system-level,INFERRED,inferred,phase8_biogeochemical_context,limited,limited,,directed_local_record,county/watershed,2026 baseline,BASELINE_DEPENDENCY,"No new nutrient load, concentration, or treatment outcome.",Local uncertainty/notes retained in source artifact.,YES,YES,QUALITATIVE_ONLY,NO,VISUALIZATION_AND_QUALITATIVE_REASONING;QUALITATIVE_STRESS_TEST_ONLY;NO_QUANTITATIVE_AGGREGATION,"Inferred relationship retained: No new nutrient load, concentration, or treatment outcome."
AR-11B-DEP-0014-HOUSING-INFRASTRUCTURE-525bfcea,11B,data/processed/analysis/population_system_dependency_register.csv,DEP-0014-housing_infrastructure,POP-ZONE-26091,,ENT-POPULATION-POP-ZONE-26091,,SYS-POPULATION,,,housing_infrastructure,operational dependency,population/settlement entity,generalized external interface,exact,nonjoinable,INFERRED,inferred,s11a_acs_2024_5yr,limited,limited,,directed_local_record,county/place,2026 baseline,BASELINE_DEPENDENCY,"Housing context is not a condition, desirability, or vulnerability score.",Local uncertainty/notes retained in source artifact.,YES,YES,QUALITATIVE_ONLY,NO,VISUALIZATION_AND_QUALITATIVE_REASONING;QUALITATIVE_STRESS_TEST_ONLY;NO_QUANTITATIVE_AGGREGATION;SOURCE_LOCAL_ONLY;NO_EXACT_ATLAS_JOIN,"Inferred relationship retained: Housing context is not a condition, desirability, or vulnerability score."
AR-11B-DEP-0014-GOVERNANCE-5f802ef5,11B,data/processed/analysis/population_system_dependency_register.csv,DEP-0014-governance,POP-ZONE-26091,,ENT-POPULATION-POP-ZONE-26091,,SYS-POPULATION,SYS-GOVERNANCE,,governance,operational dependency,population/settlement entity,generalized external interface,exact,system-level,INFERRED,inferred,phase10_governance_context,moderate,moderate,,directed_local_record,municipal/county,2026 baseline,BASELINE_DEPENDENCY,"Boundary, operator, service territory, and population served remain distinct.",Local uncertainty/notes retained in source artifact.,YES,YES,QUALITATIVE_ONLY,NO,VISUALIZATION_AND_QUALITATIVE_REASONING;QUALITATIVE_STRESS_TEST_ONLY;NO_QUANTITATIVE_AGGREGATION,"Inferred relationship retained: Boundary, operator, service territory, and population served remain distinct."
AR-11B-DEP-0015-WATER-ef126942,11B,data/processed/analysis/population_system_dependency_register.csv,DEP-0015-water,POP-ZONE-26115,,ENT-POPULATION-POP-ZONE-26115,,SYS-POPULATION,SYS-WATER,,water,operational dependency,population/settlement entity,generalized external interface,exact,system-level,INFERRED,inferred,phase10_governance_context,limited,limited,,directed_local_record,county/place,2026 baseline,BASELINE_DEPENDENCY,Generalized service-responsibility context only; no state-specific operator or exact resident-to-utility assignment.,Local uncertainty/notes retained in source artifact.,YES,YES,QUALITATIVE_ONLY,NO,VISUALIZATION_AND_QUALITATIVE_REASONING;QUALITATIVE_STRESS_TEST_ONLY;NO_QUANTITATIVE_AGGREGATION,Inferred relationship retained: Generalized service-responsibility context only; no state-specific operator or exact resident-to-utility assignment.
AR-11B-DEP-0015-WASTEWATER-9a0d27ab,11B,data/processed/analysis/population_system_dependency_register.csv,DEP-0015-wastewater,POP-ZONE-26115,,ENT-POPULATION-POP-ZONE-26115,,SYS-POPULATION,SYS-WATER,,wastewater,operational dependency,population/settlement entity,generalized external interface,exact,system-level,INFERRED,inferred,phase10_governance_context,limited,limited,,directed_local_record,county/place,2026 baseline,BASELINE_DEPENDENCY,"Generalized service-responsibility context only; no state-specific permit, sewer territory, or load claim.",Local uncertainty/notes retained in source artifact.,YES,YES,QUALITATIVE_ONLY,NO,VISUALIZATION_AND_QUALITATIVE_REASONING;QUALITATIVE_STRESS_TEST_ONLY;NO_QUANTITATIVE_AGGREGATION,"Inferred relationship retained: Generalized service-responsibility context only; no state-specific permit, sewer territory, or load claim."
AR-11B-DEP-0015-ENERGY-4806322d,11B,data/processed/analysis/population_system_dependency_register.csv,DEP-0015-energy,POP-ZONE-26115,,ENT-POPULATION-POP-ZONE-26115,,SYS-POPULATION,SYS-ENERGY,,energy,operational dependency,population/settlement entity,generalized external interface,exact,system-level,INFERRED,inferred,phase10_s24_pjm,moderate,moderate,,directed_local_record,county/place,2026 baseline,BASELINE_DEPENDENCY,"Regional wholesale/high-voltage context only; no local distribution assignment, demand model, or outage probability.",Local uncertainty/notes retained in source artifact.,YES,YES,QUALITATIVE_ONLY,NO,VISUALIZATION_AND_QUALITATIVE_REASONING;QUALITATIVE_STRESS_TEST_ONLY;NO_QUANTITATIVE_AGGREGATION,"Inferred relationship retained: Regional wholesale/high-voltage context only; no local distribution assignment, demand model, or outage probability."
AR-11B-DEP-0015-TRANSPORT-e1d27f36,11B,data/processed/analysis/population_system_dependency_register.csv,DEP-0015-transport,POP-ZONE-26115,,ENT-POPULATION-POP-ZONE-26115,,SYS-POPULATION,SYS-FREIGHT,,transport,operational dependency,population/settlement entity,generalized external interface,exact,system-level,INFERRED,inferred,s11b_lodes_mi_od,moderate,limited,,directed_local_record,county/county_pair,2026 baseline,BASELINE_DEPENDENCY,State-matched LODES OD supports generalized commuting context; the dependency is inferred and exposes no individual paths or passenger surveillance.,Local uncertainty/notes retained in source artifact.,YES,YES,QUALITATIVE_ONLY,NO,VISUALIZATION_AND_QUALITATIVE_REASONING;QUALITATIVE_STRESS_TEST_ONLY;NO_QUANTITATIVE_AGGREGATION,Inferred relationship retained: State-matched LODES OD supports generalized commuting context; the dependency is inferred and exposes no individual paths or passenger surveillance.
AR-11B-DEP-0015-CLIMATE-HAZARD-c1491cdc,11B,data/processed/analysis/population_system_dependency_register.csv,DEP-0015-climate_hazard,POP-ZONE-26115,,ENT-POPULATION-POP-ZONE-26115,,SYS-POPULATION,,,climate_hazard,operational dependency,population/settlement entity,generalized external interface,exact,nonjoinable,INFERRED,inferred,phase9_hazard_context,limited,limited,,directed_local_record,county/regional,2026 baseline,BASELINE_DEPENDENCY,"Hazard interface is not exposure, dose, or health outcome.",Local uncertainty/notes retained in source artifact.,YES,YES,QUALITATIVE_ONLY,NO,VISUALIZATION_AND_QUALITATIVE_REASONING;QUALITATIVE_STRESS_TEST_ONLY;NO_QUANTITATIVE_AGGREGATION;SOURCE_LOCAL_ONLY;NO_EXACT_ATLAS_JOIN,"Inferred relationship retained: Hazard interface is not exposure, dose, or health outcome."
AR-11B-DEP-0015-ENVIRONMENTAL-HEALTH-9226d720,11B,data/processed/analysis/population_system_dependency_register.csv,DEP-0015-environmental_health,POP-ZONE-26115,,ENT-POPULATION-POP-ZONE-26115,,SYS-POPULATION,SYS-EXPOSURE,,environmental_health,exposure pathway,population/settlement entity,generalized external interface,exact,system-level,CONTEXT_REUSED,reused_context,phase7_exposure_context,limited,limited,,directed_local_record,county/regional,2026 baseline,BASELINE_DEPENDENCY,"Population presence is not exposure, dose, illness, or risk.",Local uncertainty/notes retained in source artifact.,YES,YES,QUALITATIVE_ONLY,NO,VISUALIZATION_AND_QUALITATIVE_REASONING;QUALITATIVE_STRESS_TEST_ONLY;NO_QUANTITATIVE_AGGREGATION,"Reused context retained and not counted as new evidence: Population presence is not exposure, dose, illness, or risk."
AR-11B-DEP-0015-ECOLOGY-LAND-0f43c2d7,11B,data/processed/analysis/population_system_dependency_register.csv,DEP-0015-ecology_land,POP-ZONE-26115,,ENT-POPULATION-POP-ZONE-26115,,SYS-POPULATION,,,ecology_land,operational dependency,population/settlement entity,generalized external interface,exact,nonjoinable,INFERRED,inferred,phase6_ecology_context,limited,limited,,directed_local_record,county/regional,2026 baseline,BASELINE_DEPENDENCY,"No habitat quality, biodiversity, or ecological-risk score.",Local uncertainty/notes retained in source artifact.,YES,YES,QUALITATIVE_ONLY,NO,VISUALIZATION_AND_QUALITATIVE_REASONING;QUALITATIVE_STRESS_TEST_ONLY;NO_QUANTITATIVE_AGGREGATION;SOURCE_LOCAL_ONLY;NO_EXACT_ATLAS_JOIN,"Inferred relationship retained: No habitat quality, biodiversity, or ecological-risk score."
AR-11B-DEP-0015-BIOGEOCHEMICAL-8a4335b9,11B,data/processed/analysis/population_system_dependency_register.csv,DEP-0015-biogeochemical,POP-ZONE-26115,,ENT-POPULATION-POP-ZONE-26115,,SYS-POPULATION,SYS-BIOGEOCHEMISTRY,,biogeochemical,material flow,population/settlement entity,generalized external interface,exact,system-level,INFERRED,inferred,phase8_biogeochemical_context,limited,limited,,directed_local_record,county/watershed,2026 baseline,BASELINE_DEPENDENCY,"No new nutrient load, concentration, or treatment outcome.",Local uncertainty/notes retained in source artifact.,YES,YES,QUALITATIVE_ONLY,NO,VISUALIZATION_AND_QUALITATIVE_REASONING;QUALITATIVE_STRESS_TEST_ONLY;NO_QUANTITATIVE_AGGREGATION,"Inferred relationship retained: No new nutrient load, concentration, or treatment outcome."
AR-11B-DEP-0015-HOUSING-INFRASTRUCTURE-3befb7e1,11B,data/processed/analysis/population_system_dependency_register.csv,DEP-0015-housing_infrastructure,POP-ZONE-26115,,ENT-POPULATION-POP-ZONE-26115,,SYS-POPULATION,,,housing_infrastructure,operational dependency,population/settlement entity,generalized external interface,exact,nonjoinable,INFERRED,inferred,s11a_acs_2024_5yr,limited,limited,,directed_local_record,county/place,2026 baseline,BASELINE_DEPENDENCY,"Housing context is not a condition, desirability, or vulnerability score.",Local uncertainty/notes retained in source artifact.,YES,YES,QUALITATIVE_ONLY,NO,VISUALIZATION_AND_QUALITATIVE_REASONING;QUALITATIVE_STRESS_TEST_ONLY;NO_QUANTITATIVE_AGGREGATION;SOURCE_LOCAL_ONLY;NO_EXACT_ATLAS_JOIN,"Inferred relationship retained: Housing context is not a condition, desirability, or vulnerability score."
AR-11B-DEP-0015-GOVERNANCE-357cf95b,11B,data/processed/analysis/population_system_dependency_register.csv,DEP-0015-governance,POP-ZONE-26115,,ENT-POPULATION-POP-ZONE-26115,,SYS-POPULATION,SYS-GOVERNANCE,,governance,operational dependency,population/settlement entity,generalized external interface,exact,system-level,INFERRED,inferred,phase10_governance_context,moderate,moderate,,directed_local_record,municipal/county,2026 baseline,BASELINE_DEPENDENCY,"Boundary, operator, service territory, and population served remain distinct.",Local uncertainty/notes retained in source artifact.,YES,YES,QUALITATIVE_ONLY,NO,VISUALIZATION_AND_QUALITATIVE_REASONING;QUALITATIVE_STRESS_TEST_ONLY;NO_QUANTITATIVE_AGGREGATION,"Inferred relationship retained: Boundary, operator, service territory, and population served remain distinct."
AR-11B-DEP-0016-WATER-0ab8ea2a,11B,data/processed/analysis/population_system_dependency_register.csv,DEP-0016-water,POP-ZONE-18003,,ENT-POPULATION-POP-ZONE-18003,,SYS-POPULATION,SYS-WATER,,water,operational dependency,population/settlement entity,generalized external interface,exact,system-level,INFERRED,inferred,phase10_governance_context,limited,limited,,directed_local_record,county/place,2026 baseline,BASELINE_DEPENDENCY,Generalized service-responsibility context only; no state-specific operator or exact resident-to-utility assignment.,Local uncertainty/notes retained in source artifact.,YES,YES,QUALITATIVE_ONLY,NO,VISUALIZATION_AND_QUALITATIVE_REASONING;QUALITATIVE_STRESS_TEST_ONLY;NO_QUANTITATIVE_AGGREGATION,Inferred relationship retained: Generalized service-responsibility context only; no state-specific operator or exact resident-to-utility assignment.
AR-11B-DEP-0016-WASTEWATER-06a72aa1,11B,data/processed/analysis/population_system_dependency_register.csv,DEP-0016-wastewater,POP-ZONE-18003,,ENT-POPULATION-POP-ZONE-18003,,SYS-POPULATION,SYS-WATER,,wastewater,operational dependency,population/settlement entity,generalized external interface,exact,system-level,INFERRED,inferred,phase10_governance_context,limited,limited,,directed_local_record,county/place,2026 baseline,BASELINE_DEPENDENCY,"Generalized service-responsibility context only; no state-specific permit, sewer territory, or load claim.",Local uncertainty/notes retained in source artifact.,YES,YES,QUALITATIVE_ONLY,NO,VISUALIZATION_AND_QUALITATIVE_REASONING;QUALITATIVE_STRESS_TEST_ONLY;NO_QUANTITATIVE_AGGREGATION,"Inferred relationship retained: Generalized service-responsibility context only; no state-specific permit, sewer territory, or load claim."
AR-11B-DEP-0016-ENERGY-71fcd6f6,11B,data/processed/analysis/population_system_dependency_register.csv,DEP-0016-energy,POP-ZONE-18003,,ENT-POPULATION-POP-ZONE-18003,,SYS-POPULATION,SYS-ENERGY,,energy,operational dependency,population/settlement entity,generalized external interface,exact,system-level,INFERRED,inferred,phase10_s24_pjm,moderate,moderate,,directed_local_record,county/place,2026 baseline,BASELINE_DEPENDENCY,"Regional wholesale/high-voltage context only; no local distribution assignment, demand model, or outage probability.",Local uncertainty/notes retained in source artifact.,YES,YES,QUALITATIVE_ONLY,NO,VISUALIZATION_AND_QUALITATIVE_REASONING;QUALITATIVE_STRESS_TEST_ONLY;NO_QUANTITATIVE_AGGREGATION,"Inferred relationship retained: Regional wholesale/high-voltage context only; no local distribution assignment, demand model, or outage probability."
AR-11B-DEP-0016-TRANSPORT-050a7a9f,11B,data/processed/analysis/population_system_dependency_register.csv,DEP-0016-transport,POP-ZONE-18003,,ENT-POPULATION-POP-ZONE-18003,,SYS-POPULATION,SYS-FREIGHT,,transport,operational dependency,population/settlement entity,generalized external interface,exact,system-level,INFERRED,inferred,s11b_lodes_in_od,moderate,limited,,directed_local_record,county/county_pair,2026 baseline,BASELINE_DEPENDENCY,State-matched LODES OD supports generalized commuting context; the dependency is inferred and exposes no individual paths or passenger surveillance.,Local uncertainty/notes retained in source artifact.,YES,YES,QUALITATIVE_ONLY,NO,VISUALIZATION_AND_QUALITATIVE_REASONING;QUALITATIVE_STRESS_TEST_ONLY;NO_QUANTITATIVE_AGGREGATION,Inferred relationship retained: State-matched LODES OD supports generalized commuting context; the dependency is inferred and exposes no individual paths or passenger surveillance.
AR-11B-DEP-0016-CLIMATE-HAZARD-84e4e9f2,11B,data/processed/analysis/population_system_dependency_register.csv,DEP-0016-climate_hazard,POP-ZONE-18003,,ENT-POPULATION-POP-ZONE-18003,,SYS-POPULATION,,,climate_hazard,operational dependency,population/settlement entity,generalized external interface,exact,nonjoinable,INFERRED,inferred,phase9_hazard_context,limited,limited,,directed_local_record,county/regional,2026 baseline,BASELINE_DEPENDENCY,"Hazard interface is not exposure, dose, or health outcome.",Local uncertainty/notes retained in source artifact.,YES,YES,QUALITATIVE_ONLY,NO,VISUALIZATION_AND_QUALITATIVE_REASONING;QUALITATIVE_STRESS_TEST_ONLY;NO_QUANTITATIVE_AGGREGATION;SOURCE_LOCAL_ONLY;NO_EXACT_ATLAS_JOIN,"Inferred relationship retained: Hazard interface is not exposure, dose, or health outcome."
AR-11B-DEP-0016-ENVIRONMENTAL-HEALTH-ca59f22b,11B,data/processed/analysis/population_system_dependency_register.csv,DEP-0016-environmental_health,POP-ZONE-18003,,ENT-POPULATION-POP-ZONE-18003,,SYS-POPULATION,SYS-EXPOSURE,,environmental_health,exposure pathway,population/settlement entity,generalized external interface,exact,system-level,CONTEXT_REUSED,reused_context,phase7_exposure_context,limited,limited,,directed_local_record,county/regional,2026 baseline,BASELINE_DEPENDENCY,"Population presence is not exposure, dose, illness, or risk.",Local uncertainty/notes retained in source artifact.,YES,YES,QUALITATIVE_ONLY,NO,VISUALIZATION_AND_QUALITATIVE_REASONING;QUALITATIVE_STRESS_TEST_ONLY;NO_QUANTITATIVE_AGGREGATION,"Reused context retained and not counted as new evidence: Population presence is not exposure, dose, illness, or risk."
AR-11B-DEP-0016-ECOLOGY-LAND-f5a507e9,11B,data/processed/analysis/population_system_dependency_register.csv,DEP-0016-ecology_land,POP-ZONE-18003,,ENT-POPULATION-POP-ZONE-18003,,SYS-POPULATION,,,ecology_land,operational dependency,population/settlement entity,generalized external interface,exact,nonjoinable,INFERRED,inferred,phase6_ecology_context,limited,limited,,directed_local_record,county/regional,2026 baseline,BASELINE_DEPENDENCY,"No habitat quality, biodiversity, or ecological-risk score.",Local uncertainty/notes retained in source artifact.,YES,YES,QUALITATIVE_ONLY,NO,VISUALIZATION_AND_QUALITATIVE_REASONING;QUALITATIVE_STRESS_TEST_ONLY;NO_QUANTITATIVE_AGGREGATION;SOURCE_LOCAL_ONLY;NO_EXACT_ATLAS_JOIN,"Inferred relationship retained: No habitat quality, biodiversity, or ecological-risk score."
AR-11B-DEP-0016-BIOGEOCHEMICAL-1a600b1f,11B,data/processed/analysis/population_system_dependency_register.csv,DEP-0016-biogeochemical,POP-ZONE-18003,,ENT-POPULATION-POP-ZONE-18003,,SYS-POPULATION,SYS-BIOGEOCHEMISTRY,,biogeochemical,material flow,population/settlement entity,generalized external interface,exact,system-level,INFERRED,inferred,phase8_biogeochemical_context,limited,limited,,directed_local_record,county/watershed,2026 baseline,BASELINE_DEPENDENCY,"No new nutrient load, concentration, or treatment outcome.",Local uncertainty/notes retained in source artifact.,YES,YES,QUALITATIVE_ONLY,NO,VISUALIZATION_AND_QUALITATIVE_REASONING;QUALITATIVE_STRESS_TEST_ONLY;NO_QUANTITATIVE_AGGREGATION,"Inferred relationship retained: No new nutrient load, concentration, or treatment outcome."
AR-11B-DEP-0016-HOUSING-INFRASTRUCTURE-c6c849f8,11B,data/processed/analysis/population_system_dependency_register.csv,DEP-0016-housing_infrastructure,POP-ZONE-18003,,ENT-POPULATION-POP-ZONE-18003,,SYS-POPULATION,,,housing_infrastructure,operational dependency,population/settlement entity,generalized external interface,exact,nonjoinable,INFERRED,inferred,s11a_acs_2024_5yr,limited,limited,,directed_local_record,county/place,2026 baseline,BASELINE_DEPENDENCY,"Housing context is not a condition, desirability, or vulnerability score.",Local uncertainty/notes retained in source artifact.,YES,YES,QUALITATIVE_ONLY,NO,VISUALIZATION_AND_QUALITATIVE_REASONING;QUALITATIVE_STRESS_TEST_ONLY;NO_QUANTITATIVE_AGGREGATION;SOURCE_LOCAL_ONLY;NO_EXACT_ATLAS_JOIN,"Inferred relationship retained: Housing context is not a condition, desirability, or vulnerability score."
AR-11B-DEP-0016-GOVERNANCE-7663b424,11B,data/processed/analysis/population_system_dependency_register.csv,DEP-0016-governance,POP-ZONE-18003,,ENT-POPULATION-POP-ZONE-18003,,SYS-POPULATION,SYS-GOVERNANCE,,governance,operational dependency,population/settlement entity,generalized external interface,exact,system-level,INFERRED,inferred,phase10_governance_context,moderate,moderate,,directed_local_record,municipal/county,2026 baseline,BASELINE_DEPENDENCY,"Boundary, operator, service territory, and population served remain distinct.",Local uncertainty/notes retained in source artifact.,YES,YES,QUALITATIVE_ONLY,NO,VISUALIZATION_AND_QUALITATIVE_REASONING;QUALITATIVE_STRESS_TEST_ONLY;NO_QUANTITATIVE_AGGREGATION,"Inferred relationship retained: Boundary, operator, service territory, and population served remain distinct."
AR-11B-DEP-0017-WATER-b1746595,11B,data/processed/analysis/population_system_dependency_register.csv,DEP-0017-water,POP-ZONE-18033,,ENT-POPULATION-POP-ZONE-18033,,SYS-POPULATION,SYS-WATER,,water,operational dependency,population/settlement entity,generalized external interface,exact,system-level,INFERRED,inferred,phase10_governance_context,limited,limited,,directed_local_record,county/place,2026 baseline,BASELINE_DEPENDENCY,Generalized service-responsibility context only; no state-specific operator or exact resident-to-utility assignment.,Local uncertainty/notes retained in source artifact.,YES,YES,QUALITATIVE_ONLY,NO,VISUALIZATION_AND_QUALITATIVE_REASONING;QUALITATIVE_STRESS_TEST_ONLY;NO_QUANTITATIVE_AGGREGATION,Inferred relationship retained: Generalized service-responsibility context only; no state-specific operator or exact resident-to-utility assignment.
AR-11B-DEP-0017-WASTEWATER-385f3fac,11B,data/processed/analysis/population_system_dependency_register.csv,DEP-0017-wastewater,POP-ZONE-18033,,ENT-POPULATION-POP-ZONE-18033,,SYS-POPULATION,SYS-WATER,,wastewater,operational dependency,population/settlement entity,generalized external interface,exact,system-level,INFERRED,inferred,phase10_governance_context,limited,limited,,directed_local_record,county/place,2026 baseline,BASELINE_DEPENDENCY,"Generalized service-responsibility context only; no state-specific permit, sewer territory, or load claim.",Local uncertainty/notes retained in source artifact.,YES,YES,QUALITATIVE_ONLY,NO,VISUALIZATION_AND_QUALITATIVE_REASONING;QUALITATIVE_STRESS_TEST_ONLY;NO_QUANTITATIVE_AGGREGATION,"Inferred relationship retained: Generalized service-responsibility context only; no state-specific permit, sewer territory, or load claim."
AR-11B-DEP-0017-ENERGY-14176616,11B,data/processed/analysis/population_system_dependency_register.csv,DEP-0017-energy,POP-ZONE-18033,,ENT-POPULATION-POP-ZONE-18033,,SYS-POPULATION,SYS-ENERGY,,energy,operational dependency,population/settlement entity,generalized external interface,exact,system-level,INFERRED,inferred,phase10_s24_pjm,moderate,moderate,,directed_local_record,county/place,2026 baseline,BASELINE_DEPENDENCY,"Regional wholesale/high-voltage context only; no local distribution assignment, demand model, or outage probability.",Local uncertainty/notes retained in source artifact.,YES,YES,QUALITATIVE_ONLY,NO,VISUALIZATION_AND_QUALITATIVE_REASONING;QUALITATIVE_STRESS_TEST_ONLY;NO_QUANTITATIVE_AGGREGATION,"Inferred relationship retained: Regional wholesale/high-voltage context only; no local distribution assignment, demand model, or outage probability."
AR-11B-DEP-0017-TRANSPORT-2a957c74,11B,data/processed/analysis/population_system_dependency_register.csv,DEP-0017-transport,POP-ZONE-18033,,ENT-POPULATION-POP-ZONE-18033,,SYS-POPULATION,SYS-FREIGHT,,transport,operational dependency,population/settlement entity,generalized external interface,exact,system-level,INFERRED,inferred,s11b_lodes_in_od,moderate,limited,,directed_local_record,county/county_pair,2026 baseline,BASELINE_DEPENDENCY,State-matched LODES OD supports generalized commuting context; the dependency is inferred and exposes no individual paths or passenger surveillance.,Local uncertainty/notes retained in source artifact.,YES,YES,QUALITATIVE_ONLY,NO,VISUALIZATION_AND_QUALITATIVE_REASONING;QUALITATIVE_STRESS_TEST_ONLY;NO_QUANTITATIVE_AGGREGATION,Inferred relationship retained: State-matched LODES OD supports generalized commuting context; the dependency is inferred and exposes no individual paths or passenger surveillance.
AR-11B-DEP-0017-CLIMATE-HAZARD-8ef76a89,11B,data/processed/analysis/population_system_dependency_register.csv,DEP-0017-climate_hazard,POP-ZONE-18033,,ENT-POPULATION-POP-ZONE-18033,,SYS-POPULATION,,,climate_hazard,operational dependency,population/settlement entity,generalized external interface,exact,nonjoinable,INFERRED,inferred,phase9_hazard_context,limited,limited,,directed_local_record,county/regional,2026 baseline,BASELINE_DEPENDENCY,"Hazard interface is not exposure, dose, or health outcome.",Local uncertainty/notes retained in source artifact.,YES,YES,QUALITATIVE_ONLY,NO,VISUALIZATION_AND_QUALITATIVE_REASONING;QUALITATIVE_STRESS_TEST_ONLY;NO_QUANTITATIVE_AGGREGATION;SOURCE_LOCAL_ONLY;NO_EXACT_ATLAS_JOIN,"Inferred relationship retained: Hazard interface is not exposure, dose, or health outcome."
AR-11B-DEP-0017-ENVIRONMENTAL-HEALTH-65e4777a,11B,data/processed/analysis/population_system_dependency_register.csv,DEP-0017-environmental_health,POP-ZONE-18033,,ENT-POPULATION-POP-ZONE-18033,,SYS-POPULATION,SYS-EXPOSURE,,environmental_health,exposure pathway,population/settlement entity,generalized external interface,exact,system-level,CONTEXT_REUSED,reused_context,phase7_exposure_context,limited,limited,,directed_local_record,county/regional,2026 baseline,BASELINE_DEPENDENCY,"Population presence is not exposure, dose, illness, or risk.",Local uncertainty/notes retained in source artifact.,YES,YES,QUALITATIVE_ONLY,NO,VISUALIZATION_AND_QUALITATIVE_REASONING;QUALITATIVE_STRESS_TEST_ONLY;NO_QUANTITATIVE_AGGREGATION,"Reused context retained and not counted as new evidence: Population presence is not exposure, dose, illness, or risk."
AR-11B-DEP-0017-ECOLOGY-LAND-12e52c5d,11B,data/processed/analysis/population_system_dependency_register.csv,DEP-0017-ecology_land,POP-ZONE-18033,,ENT-POPULATION-POP-ZONE-18033,,SYS-POPULATION,,,ecology_land,operational dependency,population/settlement entity,generalized external interface,exact,nonjoinable,INFERRED,inferred,phase6_ecology_context,limited,limited,,directed_local_record,county/regional,2026 baseline,BASELINE_DEPENDENCY,"No habitat quality, biodiversity, or ecological-risk score.",Local uncertainty/notes retained in source artifact.,YES,YES,QUALITATIVE_ONLY,NO,VISUALIZATION_AND_QUALITATIVE_REASONING;QUALITATIVE_STRESS_TEST_ONLY;NO_QUANTITATIVE_AGGREGATION;SOURCE_LOCAL_ONLY;NO_EXACT_ATLAS_JOIN,"Inferred relationship retained: No habitat quality, biodiversity, or ecological-risk score."
AR-11B-DEP-0017-BIOGEOCHEMICAL-70a9c26e,11B,data/processed/analysis/population_system_dependency_register.csv,DEP-0017-biogeochemical,POP-ZONE-18033,,ENT-POPULATION-POP-ZONE-18033,,SYS-POPULATION,SYS-BIOGEOCHEMISTRY,,biogeochemical,material flow,population/settlement entity,generalized external interface,exact,system-level,INFERRED,inferred,phase8_biogeochemical_context,limited,limited,,directed_local_record,county/watershed,2026 baseline,BASELINE_DEPENDENCY,"No new nutrient load, concentration, or treatment outcome.",Local uncertainty/notes retained in source artifact.,YES,YES,QUALITATIVE_ONLY,NO,VISUALIZATION_AND_QUALITATIVE_REASONING;QUALITATIVE_STRESS_TEST_ONLY;NO_QUANTITATIVE_AGGREGATION,"Inferred relationship retained: No new nutrient load, concentration, or treatment outcome."
AR-11B-DEP-0017-HOUSING-INFRASTRUCTURE-0be16520,11B,data/processed/analysis/population_system_dependency_register.csv,DEP-0017-housing_infrastructure,POP-ZONE-18033,,ENT-POPULATION-POP-ZONE-18033,,SYS-POPULATION,,,housing_infrastructure,operational dependency,population/settlement entity,generalized external interface,exact,nonjoinable,INFERRED,inferred,s11a_acs_2024_5yr,limited,limited,,directed_local_record,county/place,2026 baseline,BASELINE_DEPENDENCY,"Housing context is not a condition, desirability, or vulnerability score.",Local uncertainty/notes retained in source artifact.,YES,YES,QUALITATIVE_ONLY,NO,VISUALIZATION_AND_QUALITATIVE_REASONING;QUALITATIVE_STRESS_TEST_ONLY;NO_QUANTITATIVE_AGGREGATION;SOURCE_LOCAL_ONLY;NO_EXACT_ATLAS_JOIN,"Inferred relationship retained: Housing context is not a condition, desirability, or vulnerability score."
AR-11B-DEP-0017-GOVERNANCE-8b8548d0,11B,data/processed/analysis/population_system_dependency_register.csv,DEP-0017-governance,POP-ZONE-18033,,ENT-POPULATION-POP-ZONE-18033,,SYS-POPULATION,SYS-GOVERNANCE,,governance,operational dependency,population/settlement entity,generalized external interface,exact,system-level,INFERRED,inferred,phase10_governance_context,moderate,moderate,,directed_local_record,municipal/county,2026 baseline,BASELINE_DEPENDENCY,"Boundary, operator, service territory, and population served remain distinct.",Local uncertainty/notes retained in source artifact.,YES,YES,QUALITATIVE_ONLY,NO,VISUALIZATION_AND_QUALITATIVE_REASONING;QUALITATIVE_STRESS_TEST_ONLY;NO_QUANTITATIVE_AGGREGATION,"Inferred relationship retained: Boundary, operator, service territory, and population served remain distinct."
AR-11B-DEP-0018-WATER-bc0195c1,11B,data/processed/analysis/population_system_dependency_register.csv,DEP-0018-water,POP-ZONE-18151,,ENT-POPULATION-POP-ZONE-18151,,SYS-POPULATION,SYS-WATER,,water,operational dependency,population/settlement entity,generalized external interface,exact,system-level,INFERRED,inferred,phase10_governance_context,limited,limited,,directed_local_record,county/place,2026 baseline,BASELINE_DEPENDENCY,Generalized service-responsibility context only; no state-specific operator or exact resident-to-utility assignment.,Local uncertainty/notes retained in source artifact.,YES,YES,QUALITATIVE_ONLY,NO,VISUALIZATION_AND_QUALITATIVE_REASONING;QUALITATIVE_STRESS_TEST_ONLY;NO_QUANTITATIVE_AGGREGATION,Inferred relationship retained: Generalized service-responsibility context only; no state-specific operator or exact resident-to-utility assignment.
AR-11B-DEP-0018-WASTEWATER-21d7674c,11B,data/processed/analysis/population_system_dependency_register.csv,DEP-0018-wastewater,POP-ZONE-18151,,ENT-POPULATION-POP-ZONE-18151,,SYS-POPULATION,SYS-WATER,,wastewater,operational dependency,population/settlement entity,generalized external interface,exact,system-level,INFERRED,inferred,phase10_governance_context,limited,limited,,directed_local_record,county/place,2026 baseline,BASELINE_DEPENDENCY,"Generalized service-responsibility context only; no state-specific permit, sewer territory, or load claim.",Local uncertainty/notes retained in source artifact.,YES,YES,QUALITATIVE_ONLY,NO,VISUALIZATION_AND_QUALITATIVE_REASONING;QUALITATIVE_STRESS_TEST_ONLY;NO_QUANTITATIVE_AGGREGATION,"Inferred relationship retained: Generalized service-responsibility context only; no state-specific permit, sewer territory, or load claim."
AR-11B-DEP-0018-ENERGY-de56f98b,11B,data/processed/analysis/population_system_dependency_register.csv,DEP-0018-energy,POP-ZONE-18151,,ENT-POPULATION-POP-ZONE-18151,,SYS-POPULATION,SYS-ENERGY,,energy,operational dependency,population/settlement entity,generalized external interface,exact,system-level,INFERRED,inferred,phase10_s24_pjm,moderate,moderate,,directed_local_record,county/place,2026 baseline,BASELINE_DEPENDENCY,"Regional wholesale/high-voltage context only; no local distribution assignment, demand model, or outage probability.",Local uncertainty/notes retained in source artifact.,YES,YES,QUALITATIVE_ONLY,NO,VISUALIZATION_AND_QUALITATIVE_REASONING;QUALITATIVE_STRESS_TEST_ONLY;NO_QUANTITATIVE_AGGREGATION,"Inferred relationship retained: Regional wholesale/high-voltage context only; no local distribution assignment, demand model, or outage probability."
AR-11B-DEP-0018-TRANSPORT-5c09dbe9,11B,data/processed/analysis/population_system_dependency_register.csv,DEP-0018-transport,POP-ZONE-18151,,ENT-POPULATION-POP-ZONE-18151,,SYS-POPULATION,SYS-FREIGHT,,transport,operational dependency,population/settlement entity,generalized external interface,exact,system-level,INFERRED,inferred,s11b_lodes_in_od,moderate,limited,,directed_local_record,county/county_pair,2026 baseline,BASELINE_DEPENDENCY,State-matched LODES OD supports generalized commuting context; the dependency is inferred and exposes no individual paths or passenger surveillance.,Local uncertainty/notes retained in source artifact.,YES,YES,QUALITATIVE_ONLY,NO,VISUALIZATION_AND_QUALITATIVE_REASONING;QUALITATIVE_STRESS_TEST_ONLY;NO_QUANTITATIVE_AGGREGATION,Inferred relationship retained: State-matched LODES OD supports generalized commuting context; the dependency is inferred and exposes no individual paths or passenger surveillance.
AR-11B-DEP-0018-CLIMATE-HAZARD-c6fa3ec8,11B,data/processed/analysis/population_system_dependency_register.csv,DEP-0018-climate_hazard,POP-ZONE-18151,,ENT-POPULATION-POP-ZONE-18151,,SYS-POPULATION,,,climate_hazard,operational dependency,population/settlement entity,generalized external interface,exact,nonjoinable,INFERRED,inferred,phase9_hazard_context,limited,limited,,directed_local_record,county/regional,2026 baseline,BASELINE_DEPENDENCY,"Hazard interface is not exposure, dose, or health outcome.",Local uncertainty/notes retained in source artifact.,YES,YES,QUALITATIVE_ONLY,NO,VISUALIZATION_AND_QUALITATIVE_REASONING;QUALITATIVE_STRESS_TEST_ONLY;NO_QUANTITATIVE_AGGREGATION;SOURCE_LOCAL_ONLY;NO_EXACT_ATLAS_JOIN,"Inferred relationship retained: Hazard interface is not exposure, dose, or health outcome."
AR-11B-DEP-0018-ENVIRONMENTAL-HEALTH-cd906645,11B,data/processed/analysis/population_system_dependency_register.csv,DEP-0018-environmental_health,POP-ZONE-18151,,ENT-POPULATION-POP-ZONE-18151,,SYS-POPULATION,SYS-EXPOSURE,,environmental_health,exposure pathway,population/settlement entity,generalized external interface,exact,system-level,CONTEXT_REUSED,reused_context,phase7_exposure_context,limited,limited,,directed_local_record,county/regional,2026 baseline,BASELINE_DEPENDENCY,"Population presence is not exposure, dose, illness, or risk.",Local uncertainty/notes retained in source artifact.,YES,YES,QUALITATIVE_ONLY,NO,VISUALIZATION_AND_QUALITATIVE_REASONING;QUALITATIVE_STRESS_TEST_ONLY;NO_QUANTITATIVE_AGGREGATION,"Reused context retained and not counted as new evidence: Population presence is not exposure, dose, illness, or risk."
AR-11B-DEP-0018-ECOLOGY-LAND-eeda65c8,11B,data/processed/analysis/population_system_dependency_register.csv,DEP-0018-ecology_land,POP-ZONE-18151,,ENT-POPULATION-POP-ZONE-18151,,SYS-POPULATION,,,ecology_land,operational dependency,population/settlement entity,generalized external interface,exact,nonjoinable,INFERRED,inferred,phase6_ecology_context,limited,limited,,directed_local_record,county/regional,2026 baseline,BASELINE_DEPENDENCY,"No habitat quality, biodiversity, or ecological-risk score.",Local uncertainty/notes retained in source artifact.,YES,YES,QUALITATIVE_ONLY,NO,VISUALIZATION_AND_QUALITATIVE_REASONING;QUALITATIVE_STRESS_TEST_ONLY;NO_QUANTITATIVE_AGGREGATION;SOURCE_LOCAL_ONLY;NO_EXACT_ATLAS_JOIN,"Inferred relationship retained: No habitat quality, biodiversity, or ecological-risk score."
AR-11B-DEP-0018-BIOGEOCHEMICAL-72f0d3df,11B,data/processed/analysis/population_system_dependency_register.csv,DEP-0018-biogeochemical,POP-ZONE-18151,,ENT-POPULATION-POP-ZONE-18151,,SYS-POPULATION,SYS-BIOGEOCHEMISTRY,,biogeochemical,material flow,population/settlement entity,generalized external interface,exact,system-level,INFERRED,inferred,phase8_biogeochemical_context,limited,limited,,directed_local_record,county/watershed,2026 baseline,BASELINE_DEPENDENCY,"No new nutrient load, concentration, or treatment outcome.",Local uncertainty/notes retained in source artifact.,YES,YES,QUALITATIVE_ONLY,NO,VISUALIZATION_AND_QUALITATIVE_REASONING;QUALITATIVE_STRESS_TEST_ONLY;NO_QUANTITATIVE_AGGREGATION,"Inferred relationship retained: No new nutrient load, concentration, or treatment outcome."
AR-11B-DEP-0018-HOUSING-INFRASTRUCTURE-5faf207f,11B,data/processed/analysis/population_system_dependency_register.csv,DEP-0018-housing_infrastructure,POP-ZONE-18151,,ENT-POPULATION-POP-ZONE-18151,,SYS-POPULATION,,,housing_infrastructure,operational dependency,population/settlement entity,generalized external interface,exact,nonjoinable,INFERRED,inferred,s11a_acs_2024_5yr,limited,limited,,directed_local_record,county/place,2026 baseline,BASELINE_DEPENDENCY,"Housing context is not a condition, desirability, or vulnerability score.",Local uncertainty/notes retained in source artifact.,YES,YES,QUALITATIVE_ONLY,NO,VISUALIZATION_AND_QUALITATIVE_REASONING;QUALITATIVE_STRESS_TEST_ONLY;NO_QUANTITATIVE_AGGREGATION;SOURCE_LOCAL_ONLY;NO_EXACT_ATLAS_JOIN,"Inferred relationship retained: Housing context is not a condition, desirability, or vulnerability score."
AR-11B-DEP-0018-GOVERNANCE-64c15960,11B,data/processed/analysis/population_system_dependency_register.csv,DEP-0018-governance,POP-ZONE-18151,,ENT-POPULATION-POP-ZONE-18151,,SYS-POPULATION,SYS-GOVERNANCE,,governance,operational dependency,population/settlement entity,generalized external interface,exact,system-level,INFERRED,inferred,phase10_governance_context,moderate,moderate,,directed_local_record,municipal/county,2026 baseline,BASELINE_DEPENDENCY,"Boundary, operator, service territory, and population served remain distinct.",Local uncertainty/notes retained in source artifact.,YES,YES,QUALITATIVE_ONLY,NO,VISUALIZATION_AND_QUALITATIVE_REASONING;QUALITATIVE_STRESS_TEST_ONLY;NO_QUANTITATIVE_AGGREGATION,"Inferred relationship retained: Boundary, operator, service territory, and population served remain distinct."
AR-11B-DEP-0019-WATER-47fdb798,11B,data/processed/analysis/population_system_dependency_register.csv,DEP-0019-water,MUNI-1801666,,ENT-POPULATION-MUNI-1801666,,SYS-POPULATION,SYS-WATER,,water,operational dependency,population/settlement entity,generalized external interface,exact,system-level,INFERRED,inferred,phase10_governance_context,limited,limited,,directed_local_record,county/place,2026 baseline,BASELINE_DEPENDENCY,Generalized service-responsibility context only; no state-specific operator or exact resident-to-utility assignment.,Local uncertainty/notes retained in source artifact.,YES,YES,QUALITATIVE_ONLY,NO,VISUALIZATION_AND_QUALITATIVE_REASONING;QUALITATIVE_STRESS_TEST_ONLY;NO_QUANTITATIVE_AGGREGATION,Inferred relationship retained: Generalized service-responsibility context only; no state-specific operator or exact resident-to-utility assignment.
AR-11B-DEP-0019-WASTEWATER-a70bae02,11B,data/processed/analysis/population_system_dependency_register.csv,DEP-0019-wastewater,MUNI-1801666,,ENT-POPULATION-MUNI-1801666,,SYS-POPULATION,SYS-WATER,,wastewater,operational dependency,population/settlement entity,generalized external interface,exact,system-level,INFERRED,inferred,phase10_governance_context,limited,limited,,directed_local_record,county/place,2026 baseline,BASELINE_DEPENDENCY,"Generalized service-responsibility context only; no state-specific permit, sewer territory, or load claim.",Local uncertainty/notes retained in source artifact.,YES,YES,QUALITATIVE_ONLY,NO,VISUALIZATION_AND_QUALITATIVE_REASONING;QUALITATIVE_STRESS_TEST_ONLY;NO_QUANTITATIVE_AGGREGATION,"Inferred relationship retained: Generalized service-responsibility context only; no state-specific permit, sewer territory, or load claim."
AR-11B-DEP-0019-ENERGY-f68e0885,11B,data/processed/analysis/population_system_dependency_register.csv,DEP-0019-energy,MUNI-1801666,,ENT-POPULATION-MUNI-1801666,,SYS-POPULATION,SYS-ENERGY,,energy,operational dependency,population/settlement entity,generalized external interface,exact,system-level,INFERRED,inferred,phase10_s24_pjm,moderate,moderate,,directed_local_record,county/place,2026 baseline,BASELINE_DEPENDENCY,"Regional wholesale/high-voltage context only; no local distribution assignment, demand model, or outage probability.",Local uncertainty/notes retained in source artifact.,YES,YES,QUALITATIVE_ONLY,NO,VISUALIZATION_AND_QUALITATIVE_REASONING;QUALITATIVE_STRESS_TEST_ONLY;NO_QUANTITATIVE_AGGREGATION,"Inferred relationship retained: Regional wholesale/high-voltage context only; no local distribution assignment, demand model, or outage probability."
AR-11B-DEP-0019-TRANSPORT-d545af91,11B,data/processed/analysis/population_system_dependency_register.csv,DEP-0019-transport,MUNI-1801666,,ENT-POPULATION-MUNI-1801666,,SYS-POPULATION,SYS-FREIGHT,,transport,operational dependency,population/settlement entity,generalized external interface,exact,system-level,INFERRED,inferred,s11b_lodes_in_od,moderate,limited,,directed_local_record,county/county_pair,2026 baseline,BASELINE_DEPENDENCY,State-matched LODES OD supports generalized commuting context; the dependency is inferred and exposes no individual paths or passenger surveillance.,Local uncertainty/notes retained in source artifact.,YES,YES,QUALITATIVE_ONLY,NO,VISUALIZATION_AND_QUALITATIVE_REASONING;QUALITATIVE_STRESS_TEST_ONLY;NO_QUANTITATIVE_AGGREGATION,Inferred relationship retained: State-matched LODES OD supports generalized commuting context; the dependency is inferred and exposes no individual paths or passenger surveillance.
AR-11B-DEP-0019-CLIMATE-HAZARD-16adbdc4,11B,data/processed/analysis/population_system_dependency_register.csv,DEP-0019-climate_hazard,MUNI-1801666,,ENT-POPULATION-MUNI-1801666,,SYS-POPULATION,,,climate_hazard,operational dependency,population/settlement entity,generalized external interface,exact,nonjoinable,INFERRED,inferred,phase9_hazard_context,limited,limited,,directed_local_record,county/regional,2026 baseline,BASELINE_DEPENDENCY,"Hazard interface is not exposure, dose, or health outcome.",Local uncertainty/notes retained in source artifact.,YES,YES,QUALITATIVE_ONLY,NO,VISUALIZATION_AND_QUALITATIVE_REASONING;QUALITATIVE_STRESS_TEST_ONLY;NO_QUANTITATIVE_AGGREGATION;SOURCE_LOCAL_ONLY;NO_EXACT_ATLAS_JOIN,"Inferred relationship retained: Hazard interface is not exposure, dose, or health outcome."
AR-11B-DEP-0019-ENVIRONMENTAL-HEALTH-7133d83d,11B,data/processed/analysis/population_system_dependency_register.csv,DEP-0019-environmental_health,MUNI-1801666,,ENT-POPULATION-MUNI-1801666,,SYS-POPULATION,SYS-EXPOSURE,,environmental_health,exposure pathway,population/settlement entity,generalized external interface,exact,system-level,CONTEXT_REUSED,reused_context,phase7_exposure_context,limited,limited,,directed_local_record,county/regional,2026 baseline,BASELINE_DEPENDENCY,"Population presence is not exposure, dose, illness, or risk.",Local uncertainty/notes retained in source artifact.,YES,YES,QUALITATIVE_ONLY,NO,VISUALIZATION_AND_QUALITATIVE_REASONING;QUALITATIVE_STRESS_TEST_ONLY;NO_QUANTITATIVE_AGGREGATION,"Reused context retained and not counted as new evidence: Population presence is not exposure, dose, illness, or risk."
AR-11B-DEP-0019-ECOLOGY-LAND-afff247c,11B,data/processed/analysis/population_system_dependency_register.csv,DEP-0019-ecology_land,MUNI-1801666,,ENT-POPULATION-MUNI-1801666,,SYS-POPULATION,,,ecology_land,operational dependency,population/settlement entity,generalized external interface,exact,nonjoinable,INFERRED,inferred,phase6_ecology_context,limited,limited,,directed_local_record,county/regional,2026 baseline,BASELINE_DEPENDENCY,"No habitat quality, biodiversity, or ecological-risk score.",Local uncertainty/notes retained in source artifact.,YES,YES,QUALITATIVE_ONLY,NO,VISUALIZATION_AND_QUALITATIVE_REASONING;QUALITATIVE_STRESS_TEST_ONLY;NO_QUANTITATIVE_AGGREGATION;SOURCE_LOCAL_ONLY;NO_EXACT_ATLAS_JOIN,"Inferred relationship retained: No habitat quality, biodiversity, or ecological-risk score."
AR-11B-DEP-0019-BIOGEOCHEMICAL-48c2c276,11B,data/processed/analysis/population_system_dependency_register.csv,DEP-0019-biogeochemical,MUNI-1801666,,ENT-POPULATION-MUNI-1801666,,SYS-POPULATION,SYS-BIOGEOCHEMISTRY,,biogeochemical,material flow,population/settlement entity,generalized external interface,exact,system-level,INFERRED,inferred,phase8_biogeochemical_context,limited,limited,,directed_local_record,county/watershed,2026 baseline,BASELINE_DEPENDENCY,"No new nutrient load, concentration, or treatment outcome.",Local uncertainty/notes retained in source artifact.,YES,YES,QUALITATIVE_ONLY,NO,VISUALIZATION_AND_QUALITATIVE_REASONING;QUALITATIVE_STRESS_TEST_ONLY;NO_QUANTITATIVE_AGGREGATION,"Inferred relationship retained: No new nutrient load, concentration, or treatment outcome."
AR-11B-DEP-0019-HOUSING-INFRASTRUCTURE-065bbba0,11B,data/processed/analysis/population_system_dependency_register.csv,DEP-0019-housing_infrastructure,MUNI-1801666,,ENT-POPULATION-MUNI-1801666,,SYS-POPULATION,,,housing_infrastructure,operational dependency,population/settlement entity,generalized external interface,exact,nonjoinable,INFERRED,inferred,s11a_acs_2024_5yr,limited,limited,,directed_local_record,county/place,2026 baseline,BASELINE_DEPENDENCY,"Housing context is not a condition, desirability, or vulnerability score.",Local uncertainty/notes retained in source artifact.,YES,YES,QUALITATIVE_ONLY,NO,VISUALIZATION_AND_QUALITATIVE_REASONING;QUALITATIVE_STRESS_TEST_ONLY;NO_QUANTITATIVE_AGGREGATION;SOURCE_LOCAL_ONLY;NO_EXACT_ATLAS_JOIN,"Inferred relationship retained: Housing context is not a condition, desirability, or vulnerability score."
AR-11B-DEP-0019-GOVERNANCE-bb7bc92e,11B,data/processed/analysis/population_system_dependency_register.csv,DEP-0019-governance,MUNI-1801666,,ENT-POPULATION-MUNI-1801666,,SYS-POPULATION,SYS-GOVERNANCE,,governance,operational dependency,population/settlement entity,generalized external interface,exact,system-level,INFERRED,inferred,phase10_governance_context,moderate,moderate,,directed_local_record,municipal/county,2026 baseline,BASELINE_DEPENDENCY,"Boundary, operator, service territory, and population served remain distinct.",Local uncertainty/notes retained in source artifact.,YES,YES,QUALITATIVE_ONLY,NO,VISUALIZATION_AND_QUALITATIVE_REASONING;QUALITATIVE_STRESS_TEST_ONLY;NO_QUANTITATIVE_AGGREGATION,"Inferred relationship retained: Boundary, operator, service territory, and population served remain distinct."
AR-11B-DEP-0020-WATER-59fe4b7b,11B,data/processed/analysis/population_system_dependency_register.csv,DEP-0020-water,MUNI-1802674,,ENT-POPULATION-MUNI-1802674,,SYS-POPULATION,SYS-WATER,,water,operational dependency,population/settlement entity,generalized external interface,exact,system-level,INFERRED,inferred,phase10_governance_context,limited,limited,,directed_local_record,county/place,2026 baseline,BASELINE_DEPENDENCY,Generalized service-responsibility context only; no state-specific operator or exact resident-to-utility assignment.,Local uncertainty/notes retained in source artifact.,YES,YES,QUALITATIVE_ONLY,NO,VISUALIZATION_AND_QUALITATIVE_REASONING;QUALITATIVE_STRESS_TEST_ONLY;NO_QUANTITATIVE_AGGREGATION,Inferred relationship retained: Generalized service-responsibility context only; no state-specific operator or exact resident-to-utility assignment.
AR-11B-DEP-0020-WASTEWATER-e5f48034,11B,data/processed/analysis/population_system_dependency_register.csv,DEP-0020-wastewater,MUNI-1802674,,ENT-POPULATION-MUNI-1802674,,SYS-POPULATION,SYS-WATER,,wastewater,operational dependency,population/settlement entity,generalized external interface,exact,system-level,INFERRED,inferred,phase10_governance_context,limited,limited,,directed_local_record,county/place,2026 baseline,BASELINE_DEPENDENCY,"Generalized service-responsibility context only; no state-specific permit, sewer territory, or load claim.",Local uncertainty/notes retained in source artifact.,YES,YES,QUALITATIVE_ONLY,NO,VISUALIZATION_AND_QUALITATIVE_REASONING;QUALITATIVE_STRESS_TEST_ONLY;NO_QUANTITATIVE_AGGREGATION,"Inferred relationship retained: Generalized service-responsibility context only; no state-specific permit, sewer territory, or load claim."
AR-11B-DEP-0020-ENERGY-fd9dfae7,11B,data/processed/analysis/population_system_dependency_register.csv,DEP-0020-energy,MUNI-1802674,,ENT-POPULATION-MUNI-1802674,,SYS-POPULATION,SYS-ENERGY,,energy,operational dependency,population/settlement entity,generalized external interface,exact,system-level,INFERRED,inferred,phase10_s24_pjm,moderate,moderate,,directed_local_record,county/place,2026 baseline,BASELINE_DEPENDENCY,"Regional wholesale/high-voltage context only; no local distribution assignment, demand model, or outage probability.",Local uncertainty/notes retained in source artifact.,YES,YES,QUALITATIVE_ONLY,NO,VISUALIZATION_AND_QUALITATIVE_REASONING;QUALITATIVE_STRESS_TEST_ONLY;NO_QUANTITATIVE_AGGREGATION,"Inferred relationship retained: Regional wholesale/high-voltage context only; no local distribution assignment, demand model, or outage probability."
AR-11B-DEP-0020-TRANSPORT-e9e4199b,11B,data/processed/analysis/population_system_dependency_register.csv,DEP-0020-transport,MUNI-1802674,,ENT-POPULATION-MUNI-1802674,,SYS-POPULATION,SYS-FREIGHT,,transport,operational dependency,population/settlement entity,generalized external interface,exact,system-level,INFERRED,inferred,s11b_lodes_in_od,moderate,limited,,directed_local_record,county/county_pair,2026 baseline,BASELINE_DEPENDENCY,State-matched LODES OD supports generalized commuting context; the dependency is inferred and exposes no individual paths or passenger surveillance.,Local uncertainty/notes retained in source artifact.,YES,YES,QUALITATIVE_ONLY,NO,VISUALIZATION_AND_QUALITATIVE_REASONING;QUALITATIVE_STRESS_TEST_ONLY;NO_QUANTITATIVE_AGGREGATION,Inferred relationship retained: State-matched LODES OD supports generalized commuting context; the dependency is inferred and exposes no individual paths or passenger surveillance.
AR-11B-DEP-0020-CLIMATE-HAZARD-95cb5a28,11B,data/processed/analysis/population_system_dependency_register.csv,DEP-0020-climate_hazard,MUNI-1802674,,ENT-POPULATION-MUNI-1802674,,SYS-POPULATION,,,climate_hazard,operational dependency,population/settlement entity,generalized external interface,exact,nonjoinable,INFERRED,inferred,phase9_hazard_context,limited,limited,,directed_local_record,county/regional,2026 baseline,BASELINE_DEPENDENCY,"Hazard interface is not exposure, dose, or health outcome.",Local uncertainty/notes retained in source artifact.,YES,YES,QUALITATIVE_ONLY,NO,VISUALIZATION_AND_QUALITATIVE_REASONING;QUALITATIVE_STRESS_TEST_ONLY;NO_QUANTITATIVE_AGGREGATION;SOURCE_LOCAL_ONLY;NO_EXACT_ATLAS_JOIN,"Inferred relationship retained: Hazard interface is not exposure, dose, or health outcome."
AR-11B-DEP-0020-ENVIRONMENTAL-HEALTH-e0426af0,11B,data/processed/analysis/population_system_dependency_register.csv,DEP-0020-environmental_health,MUNI-1802674,,ENT-POPULATION-MUNI-1802674,,SYS-POPULATION,SYS-EXPOSURE,,environmental_health,exposure pathway,population/settlement entity,generalized external interface,exact,system-level,CONTEXT_REUSED,reused_context,phase7_exposure_context,limited,limited,,directed_local_record,county/regional,2026 baseline,BASELINE_DEPENDENCY,"Population presence is not exposure, dose, illness, or risk.",Local uncertainty/notes retained in source artifact.,YES,YES,QUALITATIVE_ONLY,NO,VISUALIZATION_AND_QUALITATIVE_REASONING;QUALITATIVE_STRESS_TEST_ONLY;NO_QUANTITATIVE_AGGREGATION,"Reused context retained and not counted as new evidence: Population presence is not exposure, dose, illness, or risk."
AR-11B-DEP-0020-ECOLOGY-LAND-9e02db88,11B,data/processed/analysis/population_system_dependency_register.csv,DEP-0020-ecology_land,MUNI-1802674,,ENT-POPULATION-MUNI-1802674,,SYS-POPULATION,,,ecology_land,operational dependency,population/settlement entity,generalized external interface,exact,nonjoinable,INFERRED,inferred,phase6_ecology_context,limited,limited,,directed_local_record,county/regional,2026 baseline,BASELINE_DEPENDENCY,"No habitat quality, biodiversity, or ecological-risk score.",Local uncertainty/notes retained in source artifact.,YES,YES,QUALITATIVE_ONLY,NO,VISUALIZATION_AND_QUALITATIVE_REASONING;QUALITATIVE_STRESS_TEST_ONLY;NO_QUANTITATIVE_AGGREGATION;SOURCE_LOCAL_ONLY;NO_EXACT_ATLAS_JOIN,"Inferred relationship retained: No habitat quality, biodiversity, or ecological-risk score."
AR-11B-DEP-0020-BIOGEOCHEMICAL-21f3e0e3,11B,data/processed/analysis/population_system_dependency_register.csv,DEP-0020-biogeochemical,MUNI-1802674,,ENT-POPULATION-MUNI-1802674,,SYS-POPULATION,SYS-BIOGEOCHEMISTRY,,biogeochemical,material flow,population/settlement entity,generalized external interface,exact,system-level,INFERRED,inferred,phase8_biogeochemical_context,limited,limited,,directed_local_record,county/watershed,2026 baseline,BASELINE_DEPENDENCY,"No new nutrient load, concentration, or treatment outcome.",Local uncertainty/notes retained in source artifact.,YES,YES,QUALITATIVE_ONLY,NO,VISUALIZATION_AND_QUALITATIVE_REASONING;QUALITATIVE_STRESS_TEST_ONLY;NO_QUANTITATIVE_AGGREGATION,"Inferred relationship retained: No new nutrient load, concentration, or treatment outcome."
AR-11B-DEP-0020-HOUSING-INFRASTRUCTURE-504f952f,11B,data/processed/analysis/population_system_dependency_register.csv,DEP-0020-housing_infrastructure,MUNI-1802674,,ENT-POPULATION-MUNI-1802674,,SYS-POPULATION,,,housing_infrastructure,operational dependency,population/settlement entity,generalized external interface,exact,nonjoinable,INFERRED,inferred,s11a_acs_2024_5yr,limited,limited,,directed_local_record,county/place,2026 baseline,BASELINE_DEPENDENCY,"Housing context is not a condition, desirability, or vulnerability score.",Local uncertainty/notes retained in source artifact.,YES,YES,QUALITATIVE_ONLY,NO,VISUALIZATION_AND_QUALITATIVE_REASONING;QUALITATIVE_STRESS_TEST_ONLY;NO_QUANTITATIVE_AGGREGATION;SOURCE_LOCAL_ONLY;NO_EXACT_ATLAS_JOIN,"Inferred relationship retained: Housing context is not a condition, desirability, or vulnerability score."
AR-11B-DEP-0020-GOVERNANCE-8127e673,11B,data/processed/analysis/population_system_dependency_register.csv,DEP-0020-governance,MUNI-1802674,,ENT-POPULATION-MUNI-1802674,,SYS-POPULATION,SYS-GOVERNANCE,,governance,operational dependency,population/settlement entity,generalized external interface,exact,system-level,INFERRED,inferred,phase10_governance_context,moderate,moderate,,directed_local_record,municipal/county,2026 baseline,BASELINE_DEPENDENCY,"Boundary, operator, service territory, and population served remain distinct.",Local uncertainty/notes retained in source artifact.,YES,YES,QUALITATIVE_ONLY,NO,VISUALIZATION_AND_QUALITATIVE_REASONING;QUALITATIVE_STRESS_TEST_ONLY;NO_QUANTITATIVE_AGGREGATION,"Inferred relationship retained: Boundary, operator, service territory, and population served remain distinct."
AR-11B-DEP-0021-WATER-c0885223,11B,data/processed/analysis/population_system_dependency_register.csv,DEP-0021-water,MUNI-1825000,,ENT-POPULATION-MUNI-1825000,,SYS-POPULATION,SYS-WATER,,water,operational dependency,population/settlement entity,generalized external interface,exact,system-level,INFERRED,inferred,phase10_governance_context,limited,limited,,directed_local_record,county/place,2026 baseline,BASELINE_DEPENDENCY,Generalized service-responsibility context only; no state-specific operator or exact resident-to-utility assignment.,Local uncertainty/notes retained in source artifact.,YES,YES,QUALITATIVE_ONLY,NO,VISUALIZATION_AND_QUALITATIVE_REASONING;QUALITATIVE_STRESS_TEST_ONLY;NO_QUANTITATIVE_AGGREGATION,Inferred relationship retained: Generalized service-responsibility context only; no state-specific operator or exact resident-to-utility assignment.
AR-11B-DEP-0021-WASTEWATER-bd6f271a,11B,data/processed/analysis/population_system_dependency_register.csv,DEP-0021-wastewater,MUNI-1825000,,ENT-POPULATION-MUNI-1825000,,SYS-POPULATION,SYS-WATER,,wastewater,operational dependency,population/settlement entity,generalized external interface,exact,system-level,INFERRED,inferred,phase10_governance_context,limited,limited,,directed_local_record,county/place,2026 baseline,BASELINE_DEPENDENCY,"Generalized service-responsibility context only; no state-specific permit, sewer territory, or load claim.",Local uncertainty/notes retained in source artifact.,YES,YES,QUALITATIVE_ONLY,NO,VISUALIZATION_AND_QUALITATIVE_REASONING;QUALITATIVE_STRESS_TEST_ONLY;NO_QUANTITATIVE_AGGREGATION,"Inferred relationship retained: Generalized service-responsibility context only; no state-specific permit, sewer territory, or load claim."
AR-11B-DEP-0021-ENERGY-dc882df7,11B,data/processed/analysis/population_system_dependency_register.csv,DEP-0021-energy,MUNI-1825000,,ENT-POPULATION-MUNI-1825000,,SYS-POPULATION,SYS-ENERGY,,energy,operational dependency,population/settlement entity,generalized external interface,exact,system-level,INFERRED,inferred,phase10_s24_pjm,moderate,moderate,,directed_local_record,county/place,2026 baseline,BASELINE_DEPENDENCY,"Regional wholesale/high-voltage context only; no local distribution assignment, demand model, or outage probability.",Local uncertainty/notes retained in source artifact.,YES,YES,QUALITATIVE_ONLY,NO,VISUALIZATION_AND_QUALITATIVE_REASONING;QUALITATIVE_STRESS_TEST_ONLY;NO_QUANTITATIVE_AGGREGATION,"Inferred relationship retained: Regional wholesale/high-voltage context only; no local distribution assignment, demand model, or outage probability."
AR-11B-DEP-0021-TRANSPORT-460ae1f0,11B,data/processed/analysis/population_system_dependency_register.csv,DEP-0021-transport,MUNI-1825000,,ENT-POPULATION-MUNI-1825000,,SYS-POPULATION,SYS-FREIGHT,,transport,operational dependency,population/settlement entity,generalized external interface,exact,system-level,INFERRED,inferred,s11b_lodes_in_od,moderate,limited,,directed_local_record,county/county_pair,2026 baseline,BASELINE_DEPENDENCY,State-matched LODES OD supports generalized commuting context; the dependency is inferred and exposes no individual paths or passenger surveillance.,Local uncertainty/notes retained in source artifact.,YES,YES,QUALITATIVE_ONLY,NO,VISUALIZATION_AND_QUALITATIVE_REASONING;QUALITATIVE_STRESS_TEST_ONLY;NO_QUANTITATIVE_AGGREGATION,Inferred relationship retained: State-matched LODES OD supports generalized commuting context; the dependency is inferred and exposes no individual paths or passenger surveillance.
AR-11B-DEP-0021-CLIMATE-HAZARD-97ca3b97,11B,data/processed/analysis/population_system_dependency_register.csv,DEP-0021-climate_hazard,MUNI-1825000,,ENT-POPULATION-MUNI-1825000,,SYS-POPULATION,,,climate_hazard,operational dependency,population/settlement entity,generalized external interface,exact,nonjoinable,INFERRED,inferred,phase9_hazard_context,limited,limited,,directed_local_record,county/regional,2026 baseline,BASELINE_DEPENDENCY,"Hazard interface is not exposure, dose, or health outcome.",Local uncertainty/notes retained in source artifact.,YES,YES,QUALITATIVE_ONLY,NO,VISUALIZATION_AND_QUALITATIVE_REASONING;QUALITATIVE_STRESS_TEST_ONLY;NO_QUANTITATIVE_AGGREGATION;SOURCE_LOCAL_ONLY;NO_EXACT_ATLAS_JOIN,"Inferred relationship retained: Hazard interface is not exposure, dose, or health outcome."
AR-11B-DEP-0021-ENVIRONMENTAL-HEALTH-efe4cee3,11B,data/processed/analysis/population_system_dependency_register.csv,DEP-0021-environmental_health,MUNI-1825000,,ENT-POPULATION-MUNI-1825000,,SYS-POPULATION,SYS-EXPOSURE,,environmental_health,exposure pathway,population/settlement entity,generalized external interface,exact,system-level,CONTEXT_REUSED,reused_context,phase7_exposure_context,limited,limited,,directed_local_record,county/regional,2026 baseline,BASELINE_DEPENDENCY,"Population presence is not exposure, dose, illness, or risk.",Local uncertainty/notes retained in source artifact.,YES,YES,QUALITATIVE_ONLY,NO,VISUALIZATION_AND_QUALITATIVE_REASONING;QUALITATIVE_STRESS_TEST_ONLY;NO_QUANTITATIVE_AGGREGATION,"Reused context retained and not counted as new evidence: Population presence is not exposure, dose, illness, or risk."
AR-11B-DEP-0021-ECOLOGY-LAND-41758f25,11B,data/processed/analysis/population_system_dependency_register.csv,DEP-0021-ecology_land,MUNI-1825000,,ENT-POPULATION-MUNI-1825000,,SYS-POPULATION,,,ecology_land,operational dependency,population/settlement entity,generalized external interface,exact,nonjoinable,INFERRED,inferred,phase6_ecology_context,limited,limited,,directed_local_record,county/regional,2026 baseline,BASELINE_DEPENDENCY,"No habitat quality, biodiversity, or ecological-risk score.",Local uncertainty/notes retained in source artifact.,YES,YES,QUALITATIVE_ONLY,NO,VISUALIZATION_AND_QUALITATIVE_REASONING;QUALITATIVE_STRESS_TEST_ONLY;NO_QUANTITATIVE_AGGREGATION;SOURCE_LOCAL_ONLY;NO_EXACT_ATLAS_JOIN,"Inferred relationship retained: No habitat quality, biodiversity, or ecological-risk score."
AR-11B-DEP-0021-BIOGEOCHEMICAL-aa44cca6,11B,data/processed/analysis/population_system_dependency_register.csv,DEP-0021-biogeochemical,MUNI-1825000,,ENT-POPULATION-MUNI-1825000,,SYS-POPULATION,SYS-BIOGEOCHEMISTRY,,biogeochemical,material flow,population/settlement entity,generalized external interface,exact,system-level,INFERRED,inferred,phase8_biogeochemical_context,limited,limited,,directed_local_record,county/watershed,2026 baseline,BASELINE_DEPENDENCY,"No new nutrient load, concentration, or treatment outcome.",Local uncertainty/notes retained in source artifact.,YES,YES,QUALITATIVE_ONLY,NO,VISUALIZATION_AND_QUALITATIVE_REASONING;QUALITATIVE_STRESS_TEST_ONLY;NO_QUANTITATIVE_AGGREGATION,"Inferred relationship retained: No new nutrient load, concentration, or treatment outcome."
AR-11B-DEP-0021-HOUSING-INFRASTRUCTURE-8ffd457d,11B,data/processed/analysis/population_system_dependency_register.csv,DEP-0021-housing_infrastructure,MUNI-1825000,,ENT-POPULATION-MUNI-1825000,,SYS-POPULATION,,,housing_infrastructure,operational dependency,population/settlement entity,generalized external interface,exact,nonjoinable,INFERRED,inferred,s11a_acs_2024_5yr,limited,limited,,directed_local_record,county/place,2026 baseline,BASELINE_DEPENDENCY,"Housing context is not a condition, desirability, or vulnerability score.",Local uncertainty/notes retained in source artifact.,YES,YES,QUALITATIVE_ONLY,NO,VISUALIZATION_AND_QUALITATIVE_REASONING;QUALITATIVE_STRESS_TEST_ONLY;NO_QUANTITATIVE_AGGREGATION;SOURCE_LOCAL_ONLY;NO_EXACT_ATLAS_JOIN,"Inferred relationship retained: Housing context is not a condition, desirability, or vulnerability score."
AR-11B-DEP-0021-GOVERNANCE-434074e9,11B,data/processed/analysis/population_system_dependency_register.csv,DEP-0021-governance,MUNI-1825000,,ENT-POPULATION-MUNI-1825000,,SYS-POPULATION,SYS-GOVERNANCE,,governance,operational dependency,population/settlement entity,generalized external interface,exact,system-level,INFERRED,inferred,phase10_governance_context,moderate,moderate,,directed_local_record,municipal/county,2026 baseline,BASELINE_DEPENDENCY,"Boundary, operator, service territory, and population served remain distinct.",Local uncertainty/notes retained in source artifact.,YES,YES,QUALITATIVE_ONLY,NO,VISUALIZATION_AND_QUALITATIVE_REASONING;QUALITATIVE_STRESS_TEST_ONLY;NO_QUANTITATIVE_AGGREGATION,"Inferred relationship retained: Boundary, operator, service territory, and population served remain distinct."
AR-11B-DEP-0022-WATER-34c0bd3e,11B,data/processed/analysis/population_system_dependency_register.csv,DEP-0022-water,MUNI-1826386,,ENT-POPULATION-MUNI-1826386,,SYS-POPULATION,SYS-WATER,,water,operational dependency,population/settlement entity,generalized external interface,exact,system-level,INFERRED,inferred,phase10_governance_context,limited,limited,,directed_local_record,county/place,2026 baseline,BASELINE_DEPENDENCY,Generalized service-responsibility context only; no state-specific operator or exact resident-to-utility assignment.,Local uncertainty/notes retained in source artifact.,YES,YES,QUALITATIVE_ONLY,NO,VISUALIZATION_AND_QUALITATIVE_REASONING;QUALITATIVE_STRESS_TEST_ONLY;NO_QUANTITATIVE_AGGREGATION,Inferred relationship retained: Generalized service-responsibility context only; no state-specific operator or exact resident-to-utility assignment.
AR-11B-DEP-0022-WASTEWATER-1fc084b6,11B,data/processed/analysis/population_system_dependency_register.csv,DEP-0022-wastewater,MUNI-1826386,,ENT-POPULATION-MUNI-1826386,,SYS-POPULATION,SYS-WATER,,wastewater,operational dependency,population/settlement entity,generalized external interface,exact,system-level,INFERRED,inferred,phase10_governance_context,limited,limited,,directed_local_record,county/place,2026 baseline,BASELINE_DEPENDENCY,"Generalized service-responsibility context only; no state-specific permit, sewer territory, or load claim.",Local uncertainty/notes retained in source artifact.,YES,YES,QUALITATIVE_ONLY,NO,VISUALIZATION_AND_QUALITATIVE_REASONING;QUALITATIVE_STRESS_TEST_ONLY;NO_QUANTITATIVE_AGGREGATION,"Inferred relationship retained: Generalized service-responsibility context only; no state-specific permit, sewer territory, or load claim."
AR-11B-DEP-0022-ENERGY-b077ae87,11B,data/processed/analysis/population_system_dependency_register.csv,DEP-0022-energy,MUNI-1826386,,ENT-POPULATION-MUNI-1826386,,SYS-POPULATION,SYS-ENERGY,,energy,operational dependency,population/settlement entity,generalized external interface,exact,system-level,INFERRED,inferred,phase10_s24_pjm,moderate,moderate,,directed_local_record,county/place,2026 baseline,BASELINE_DEPENDENCY,"Regional wholesale/high-voltage context only; no local distribution assignment, demand model, or outage probability.",Local uncertainty/notes retained in source artifact.,YES,YES,QUALITATIVE_ONLY,NO,VISUALIZATION_AND_QUALITATIVE_REASONING;QUALITATIVE_STRESS_TEST_ONLY;NO_QUANTITATIVE_AGGREGATION,"Inferred relationship retained: Regional wholesale/high-voltage context only; no local distribution assignment, demand model, or outage probability."
AR-11B-DEP-0022-TRANSPORT-c4fa52a8,11B,data/processed/analysis/population_system_dependency_register.csv,DEP-0022-transport,MUNI-1826386,,ENT-POPULATION-MUNI-1826386,,SYS-POPULATION,SYS-FREIGHT,,transport,operational dependency,population/settlement entity,generalized external interface,exact,system-level,INFERRED,inferred,s11b_lodes_in_od,moderate,limited,,directed_local_record,county/county_pair,2026 baseline,BASELINE_DEPENDENCY,State-matched LODES OD supports generalized commuting context; the dependency is inferred and exposes no individual paths or passenger surveillance.,Local uncertainty/notes retained in source artifact.,YES,YES,QUALITATIVE_ONLY,NO,VISUALIZATION_AND_QUALITATIVE_REASONING;QUALITATIVE_STRESS_TEST_ONLY;NO_QUANTITATIVE_AGGREGATION,Inferred relationship retained: State-matched LODES OD supports generalized commuting context; the dependency is inferred and exposes no individual paths or passenger surveillance.
AR-11B-DEP-0022-CLIMATE-HAZARD-334fb89f,11B,data/processed/analysis/population_system_dependency_register.csv,DEP-0022-climate_hazard,MUNI-1826386,,ENT-POPULATION-MUNI-1826386,,SYS-POPULATION,,,climate_hazard,operational dependency,population/settlement entity,generalized external interface,exact,nonjoinable,INFERRED,inferred,phase9_hazard_context,limited,limited,,directed_local_record,county/regional,2026 baseline,BASELINE_DEPENDENCY,"Hazard interface is not exposure, dose, or health outcome.",Local uncertainty/notes retained in source artifact.,YES,YES,QUALITATIVE_ONLY,NO,VISUALIZATION_AND_QUALITATIVE_REASONING;QUALITATIVE_STRESS_TEST_ONLY;NO_QUANTITATIVE_AGGREGATION;SOURCE_LOCAL_ONLY;NO_EXACT_ATLAS_JOIN,"Inferred relationship retained: Hazard interface is not exposure, dose, or health outcome."
AR-11B-DEP-0022-ENVIRONMENTAL-HEALTH-0c3f7dfd,11B,data/processed/analysis/population_system_dependency_register.csv,DEP-0022-environmental_health,MUNI-1826386,,ENT-POPULATION-MUNI-1826386,,SYS-POPULATION,SYS-EXPOSURE,,environmental_health,exposure pathway,population/settlement entity,generalized external interface,exact,system-level,CONTEXT_REUSED,reused_context,phase7_exposure_context,limited,limited,,directed_local_record,county/regional,2026 baseline,BASELINE_DEPENDENCY,"Population presence is not exposure, dose, illness, or risk.",Local uncertainty/notes retained in source artifact.,YES,YES,QUALITATIVE_ONLY,NO,VISUALIZATION_AND_QUALITATIVE_REASONING;QUALITATIVE_STRESS_TEST_ONLY;NO_QUANTITATIVE_AGGREGATION,"Reused context retained and not counted as new evidence: Population presence is not exposure, dose, illness, or risk."
AR-11B-DEP-0022-ECOLOGY-LAND-f29fb037,11B,data/processed/analysis/population_system_dependency_register.csv,DEP-0022-ecology_land,MUNI-1826386,,ENT-POPULATION-MUNI-1826386,,SYS-POPULATION,,,ecology_land,operational dependency,population/settlement entity,generalized external interface,exact,nonjoinable,INFERRED,inferred,phase6_ecology_context,limited,limited,,directed_local_record,county/regional,2026 baseline,BASELINE_DEPENDENCY,"No habitat quality, biodiversity, or ecological-risk score.",Local uncertainty/notes retained in source artifact.,YES,YES,QUALITATIVE_ONLY,NO,VISUALIZATION_AND_QUALITATIVE_REASONING;QUALITATIVE_STRESS_TEST_ONLY;NO_QUANTITATIVE_AGGREGATION;SOURCE_LOCAL_ONLY;NO_EXACT_ATLAS_JOIN,"Inferred relationship retained: No habitat quality, biodiversity, or ecological-risk score."
AR-11B-DEP-0022-BIOGEOCHEMICAL-aa219126,11B,data/processed/analysis/population_system_dependency_register.csv,DEP-0022-biogeochemical,MUNI-1826386,,ENT-POPULATION-MUNI-1826386,,SYS-POPULATION,SYS-BIOGEOCHEMISTRY,,biogeochemical,material flow,population/settlement entity,generalized external interface,exact,system-level,INFERRED,inferred,phase8_biogeochemical_context,limited,limited,,directed_local_record,county/watershed,2026 baseline,BASELINE_DEPENDENCY,"No new nutrient load, concentration, or treatment outcome.",Local uncertainty/notes retained in source artifact.,YES,YES,QUALITATIVE_ONLY,NO,VISUALIZATION_AND_QUALITATIVE_REASONING;QUALITATIVE_STRESS_TEST_ONLY;NO_QUANTITATIVE_AGGREGATION,"Inferred relationship retained: No new nutrient load, concentration, or treatment outcome."
AR-11B-DEP-0022-HOUSING-INFRASTRUCTURE-6c120d3a,11B,data/processed/analysis/population_system_dependency_register.csv,DEP-0022-housing_infrastructure,MUNI-1826386,,ENT-POPULATION-MUNI-1826386,,SYS-POPULATION,,,housing_infrastructure,operational dependency,population/settlement entity,generalized external interface,exact,nonjoinable,INFERRED,inferred,s11a_acs_2024_5yr,limited,limited,,directed_local_record,county/place,2026 baseline,BASELINE_DEPENDENCY,"Housing context is not a condition, desirability, or vulnerability score.",Local uncertainty/notes retained in source artifact.,YES,YES,QUALITATIVE_ONLY,NO,VISUALIZATION_AND_QUALITATIVE_REASONING;QUALITATIVE_STRESS_TEST_ONLY;NO_QUANTITATIVE_AGGREGATION;SOURCE_LOCAL_ONLY;NO_EXACT_ATLAS_JOIN,"Inferred relationship retained: Housing context is not a condition, desirability, or vulnerability score."
AR-11B-DEP-0022-GOVERNANCE-1128c9e5,11B,data/processed/analysis/population_system_dependency_register.csv,DEP-0022-governance,MUNI-1826386,,ENT-POPULATION-MUNI-1826386,,SYS-POPULATION,SYS-GOVERNANCE,,governance,operational dependency,population/settlement entity,generalized external interface,exact,system-level,INFERRED,inferred,phase10_governance_context,moderate,moderate,,directed_local_record,municipal/county,2026 baseline,BASELINE_DEPENDENCY,"Boundary, operator, service territory, and population served remain distinct.",Local uncertainty/notes retained in source artifact.,YES,YES,QUALITATIVE_ONLY,NO,VISUALIZATION_AND_QUALITATIVE_REASONING;QUALITATIVE_STRESS_TEST_ONLY;NO_QUANTITATIVE_AGGREGATION,"Inferred relationship retained: Boundary, operator, service territory, and population served remain distinct."
AR-11B-DEP-0023-WATER-a4778c3b,11B,data/processed/analysis/population_system_dependency_register.csv,DEP-0023-water,MUNI-1835266,,ENT-POPULATION-MUNI-1835266,,SYS-POPULATION,SYS-WATER,,water,operational dependency,population/settlement entity,generalized external interface,exact,system-level,INFERRED,inferred,phase10_governance_context,limited,limited,,directed_local_record,county/place,2026 baseline,BASELINE_DEPENDENCY,Generalized service-responsibility context only; no state-specific operator or exact resident-to-utility assignment.,Local uncertainty/notes retained in source artifact.,YES,YES,QUALITATIVE_ONLY,NO,VISUALIZATION_AND_QUALITATIVE_REASONING;QUALITATIVE_STRESS_TEST_ONLY;NO_QUANTITATIVE_AGGREGATION,Inferred relationship retained: Generalized service-responsibility context only; no state-specific operator or exact resident-to-utility assignment.
AR-11B-DEP-0023-WASTEWATER-2c0a12ac,11B,data/processed/analysis/population_system_dependency_register.csv,DEP-0023-wastewater,MUNI-1835266,,ENT-POPULATION-MUNI-1835266,,SYS-POPULATION,SYS-WATER,,wastewater,operational dependency,population/settlement entity,generalized external interface,exact,system-level,INFERRED,inferred,phase10_governance_context,limited,limited,,directed_local_record,county/place,2026 baseline,BASELINE_DEPENDENCY,"Generalized service-responsibility context only; no state-specific permit, sewer territory, or load claim.",Local uncertainty/notes retained in source artifact.,YES,YES,QUALITATIVE_ONLY,NO,VISUALIZATION_AND_QUALITATIVE_REASONING;QUALITATIVE_STRESS_TEST_ONLY;NO_QUANTITATIVE_AGGREGATION,"Inferred relationship retained: Generalized service-responsibility context only; no state-specific permit, sewer territory, or load claim."
AR-11B-DEP-0023-ENERGY-e3aedbd0,11B,data/processed/analysis/population_system_dependency_register.csv,DEP-0023-energy,MUNI-1835266,,ENT-POPULATION-MUNI-1835266,,SYS-POPULATION,SYS-ENERGY,,energy,operational dependency,population/settlement entity,generalized external interface,exact,system-level,INFERRED,inferred,phase10_s24_pjm,moderate,moderate,,directed_local_record,county/place,2026 baseline,BASELINE_DEPENDENCY,"Regional wholesale/high-voltage context only; no local distribution assignment, demand model, or outage probability.",Local uncertainty/notes retained in source artifact.,YES,YES,QUALITATIVE_ONLY,NO,VISUALIZATION_AND_QUALITATIVE_REASONING;QUALITATIVE_STRESS_TEST_ONLY;NO_QUANTITATIVE_AGGREGATION,"Inferred relationship retained: Regional wholesale/high-voltage context only; no local distribution assignment, demand model, or outage probability."
AR-11B-DEP-0023-TRANSPORT-7623613f,11B,data/processed/analysis/population_system_dependency_register.csv,DEP-0023-transport,MUNI-1835266,,ENT-POPULATION-MUNI-1835266,,SYS-POPULATION,SYS-FREIGHT,,transport,operational dependency,population/settlement entity,generalized external interface,exact,system-level,INFERRED,inferred,s11b_lodes_in_od,moderate,limited,,directed_local_record,county/county_pair,2026 baseline,BASELINE_DEPENDENCY,State-matched LODES OD supports generalized commuting context; the dependency is inferred and exposes no individual paths or passenger surveillance.,Local uncertainty/notes retained in source artifact.,YES,YES,QUALITATIVE_ONLY,NO,VISUALIZATION_AND_QUALITATIVE_REASONING;QUALITATIVE_STRESS_TEST_ONLY;NO_QUANTITATIVE_AGGREGATION,Inferred relationship retained: State-matched LODES OD supports generalized commuting context; the dependency is inferred and exposes no individual paths or passenger surveillance.
AR-11B-DEP-0023-CLIMATE-HAZARD-ddcc2af0,11B,data/processed/analysis/population_system_dependency_register.csv,DEP-0023-climate_hazard,MUNI-1835266,,ENT-POPULATION-MUNI-1835266,,SYS-POPULATION,,,climate_hazard,operational dependency,population/settlement entity,generalized external interface,exact,nonjoinable,INFERRED,inferred,phase9_hazard_context,limited,limited,,directed_local_record,county/regional,2026 baseline,BASELINE_DEPENDENCY,"Hazard interface is not exposure, dose, or health outcome.",Local uncertainty/notes retained in source artifact.,YES,YES,QUALITATIVE_ONLY,NO,VISUALIZATION_AND_QUALITATIVE_REASONING;QUALITATIVE_STRESS_TEST_ONLY;NO_QUANTITATIVE_AGGREGATION;SOURCE_LOCAL_ONLY;NO_EXACT_ATLAS_JOIN,"Inferred relationship retained: Hazard interface is not exposure, dose, or health outcome."
AR-11B-DEP-0023-ENVIRONMENTAL-HEALTH-3d9cc796,11B,data/processed/analysis/population_system_dependency_register.csv,DEP-0023-environmental_health,MUNI-1835266,,ENT-POPULATION-MUNI-1835266,,SYS-POPULATION,SYS-EXPOSURE,,environmental_health,exposure pathway,population/settlement entity,generalized external interface,exact,system-level,CONTEXT_REUSED,reused_context,phase7_exposure_context,limited,limited,,directed_local_record,county/regional,2026 baseline,BASELINE_DEPENDENCY,"Population presence is not exposure, dose, illness, or risk.",Local uncertainty/notes retained in source artifact.,YES,YES,QUALITATIVE_ONLY,NO,VISUALIZATION_AND_QUALITATIVE_REASONING;QUALITATIVE_STRESS_TEST_ONLY;NO_QUANTITATIVE_AGGREGATION,"Reused context retained and not counted as new evidence: Population presence is not exposure, dose, illness, or risk."
AR-11B-DEP-0023-ECOLOGY-LAND-b9d5a40c,11B,data/processed/analysis/population_system_dependency_register.csv,DEP-0023-ecology_land,MUNI-1835266,,ENT-POPULATION-MUNI-1835266,,SYS-POPULATION,,,ecology_land,operational dependency,population/settlement entity,generalized external interface,exact,nonjoinable,INFERRED,inferred,phase6_ecology_context,limited,limited,,directed_local_record,county/regional,2026 baseline,BASELINE_DEPENDENCY,"No habitat quality, biodiversity, or ecological-risk score.",Local uncertainty/notes retained in source artifact.,YES,YES,QUALITATIVE_ONLY,NO,VISUALIZATION_AND_QUALITATIVE_REASONING;QUALITATIVE_STRESS_TEST_ONLY;NO_QUANTITATIVE_AGGREGATION;SOURCE_LOCAL_ONLY;NO_EXACT_ATLAS_JOIN,"Inferred relationship retained: No habitat quality, biodiversity, or ecological-risk score."
AR-11B-DEP-0023-BIOGEOCHEMICAL-038381b2,11B,data/processed/analysis/population_system_dependency_register.csv,DEP-0023-biogeochemical,MUNI-1835266,,ENT-POPULATION-MUNI-1835266,,SYS-POPULATION,SYS-BIOGEOCHEMISTRY,,biogeochemical,material flow,population/settlement entity,generalized external interface,exact,system-level,INFERRED,inferred,phase8_biogeochemical_context,limited,limited,,directed_local_record,county/watershed,2026 baseline,BASELINE_DEPENDENCY,"No new nutrient load, concentration, or treatment outcome.",Local uncertainty/notes retained in source artifact.,YES,YES,QUALITATIVE_ONLY,NO,VISUALIZATION_AND_QUALITATIVE_REASONING;QUALITATIVE_STRESS_TEST_ONLY;NO_QUANTITATIVE_AGGREGATION,"Inferred relationship retained: No new nutrient load, concentration, or treatment outcome."
AR-11B-DEP-0023-HOUSING-INFRASTRUCTURE-f5ed2bd1,11B,data/processed/analysis/population_system_dependency_register.csv,DEP-0023-housing_infrastructure,MUNI-1835266,,ENT-POPULATION-MUNI-1835266,,SYS-POPULATION,,,housing_infrastructure,operational dependency,population/settlement entity,generalized external interface,exact,nonjoinable,INFERRED,inferred,s11a_acs_2024_5yr,limited,limited,,directed_local_record,county/place,2026 baseline,BASELINE_DEPENDENCY,"Housing context is not a condition, desirability, or vulnerability score.",Local uncertainty/notes retained in source artifact.,YES,YES,QUALITATIVE_ONLY,NO,VISUALIZATION_AND_QUALITATIVE_REASONING;QUALITATIVE_STRESS_TEST_ONLY;NO_QUANTITATIVE_AGGREGATION;SOURCE_LOCAL_ONLY;NO_EXACT_ATLAS_JOIN,"Inferred relationship retained: Housing context is not a condition, desirability, or vulnerability score."
AR-11B-DEP-0023-GOVERNANCE-a94cb9b6,11B,data/processed/analysis/population_system_dependency_register.csv,DEP-0023-governance,MUNI-1835266,,ENT-POPULATION-MUNI-1835266,,SYS-POPULATION,SYS-GOVERNANCE,,governance,operational dependency,population/settlement entity,generalized external interface,exact,system-level,INFERRED,inferred,phase10_governance_context,moderate,moderate,,directed_local_record,municipal/county,2026 baseline,BASELINE_DEPENDENCY,"Boundary, operator, service territory, and population served remain distinct.",Local uncertainty/notes retained in source artifact.,YES,YES,QUALITATIVE_ONLY,NO,VISUALIZATION_AND_QUALITATIVE_REASONING;QUALITATIVE_STRESS_TEST_ONLY;NO_QUANTITATIVE_AGGREGATION,"Inferred relationship retained: Boundary, operator, service territory, and population served remain distinct."
AR-11B-DEP-0024-WATER-6e1a5795,11B,data/processed/analysis/population_system_dependency_register.csv,DEP-0024-water,MUNI-1852992,,ENT-POPULATION-MUNI-1852992,,SYS-POPULATION,SYS-WATER,,water,operational dependency,population/settlement entity,generalized external interface,exact,system-level,INFERRED,inferred,phase10_governance_context,limited,limited,,directed_local_record,county/place,2026 baseline,BASELINE_DEPENDENCY,Generalized service-responsibility context only; no state-specific operator or exact resident-to-utility assignment.,Local uncertainty/notes retained in source artifact.,YES,YES,QUALITATIVE_ONLY,NO,VISUALIZATION_AND_QUALITATIVE_REASONING;QUALITATIVE_STRESS_TEST_ONLY;NO_QUANTITATIVE_AGGREGATION,Inferred relationship retained: Generalized service-responsibility context only; no state-specific operator or exact resident-to-utility assignment.
AR-11B-DEP-0024-WASTEWATER-37d7cfa3,11B,data/processed/analysis/population_system_dependency_register.csv,DEP-0024-wastewater,MUNI-1852992,,ENT-POPULATION-MUNI-1852992,,SYS-POPULATION,SYS-WATER,,wastewater,operational dependency,population/settlement entity,generalized external interface,exact,system-level,INFERRED,inferred,phase10_governance_context,limited,limited,,directed_local_record,county/place,2026 baseline,BASELINE_DEPENDENCY,"Generalized service-responsibility context only; no state-specific permit, sewer territory, or load claim.",Local uncertainty/notes retained in source artifact.,YES,YES,QUALITATIVE_ONLY,NO,VISUALIZATION_AND_QUALITATIVE_REASONING;QUALITATIVE_STRESS_TEST_ONLY;NO_QUANTITATIVE_AGGREGATION,"Inferred relationship retained: Generalized service-responsibility context only; no state-specific permit, sewer territory, or load claim."
AR-11B-DEP-0024-ENERGY-088e77b7,11B,data/processed/analysis/population_system_dependency_register.csv,DEP-0024-energy,MUNI-1852992,,ENT-POPULATION-MUNI-1852992,,SYS-POPULATION,SYS-ENERGY,,energy,operational dependency,population/settlement entity,generalized external interface,exact,system-level,INFERRED,inferred,phase10_s24_pjm,moderate,moderate,,directed_local_record,county/place,2026 baseline,BASELINE_DEPENDENCY,"Regional wholesale/high-voltage context only; no local distribution assignment, demand model, or outage probability.",Local uncertainty/notes retained in source artifact.,YES,YES,QUALITATIVE_ONLY,NO,VISUALIZATION_AND_QUALITATIVE_REASONING;QUALITATIVE_STRESS_TEST_ONLY;NO_QUANTITATIVE_AGGREGATION,"Inferred relationship retained: Regional wholesale/high-voltage context only; no local distribution assignment, demand model, or outage probability."
AR-11B-DEP-0024-TRANSPORT-2d44c167,11B,data/processed/analysis/population_system_dependency_register.csv,DEP-0024-transport,MUNI-1852992,,ENT-POPULATION-MUNI-1852992,,SYS-POPULATION,SYS-FREIGHT,,transport,operational dependency,population/settlement entity,generalized external interface,exact,system-level,INFERRED,inferred,s11b_lodes_in_od,moderate,limited,,directed_local_record,county/county_pair,2026 baseline,BASELINE_DEPENDENCY,State-matched LODES OD supports generalized commuting context; the dependency is inferred and exposes no individual paths or passenger surveillance.,Local uncertainty/notes retained in source artifact.,YES,YES,QUALITATIVE_ONLY,NO,VISUALIZATION_AND_QUALITATIVE_REASONING;QUALITATIVE_STRESS_TEST_ONLY;NO_QUANTITATIVE_AGGREGATION,Inferred relationship retained: State-matched LODES OD supports generalized commuting context; the dependency is inferred and exposes no individual paths or passenger surveillance.
AR-11B-DEP-0024-CLIMATE-HAZARD-63b822db,11B,data/processed/analysis/population_system_dependency_register.csv,DEP-0024-climate_hazard,MUNI-1852992,,ENT-POPULATION-MUNI-1852992,,SYS-POPULATION,,,climate_hazard,operational dependency,population/settlement entity,generalized external interface,exact,nonjoinable,INFERRED,inferred,phase9_hazard_context,limited,limited,,directed_local_record,county/regional,2026 baseline,BASELINE_DEPENDENCY,"Hazard interface is not exposure, dose, or health outcome.",Local uncertainty/notes retained in source artifact.,YES,YES,QUALITATIVE_ONLY,NO,VISUALIZATION_AND_QUALITATIVE_REASONING;QUALITATIVE_STRESS_TEST_ONLY;NO_QUANTITATIVE_AGGREGATION;SOURCE_LOCAL_ONLY;NO_EXACT_ATLAS_JOIN,"Inferred relationship retained: Hazard interface is not exposure, dose, or health outcome."
AR-11B-DEP-0024-ENVIRONMENTAL-HEALTH-b45b3e7c,11B,data/processed/analysis/population_system_dependency_register.csv,DEP-0024-environmental_health,MUNI-1852992,,ENT-POPULATION-MUNI-1852992,,SYS-POPULATION,SYS-EXPOSURE,,environmental_health,exposure pathway,population/settlement entity,generalized external interface,exact,system-level,CONTEXT_REUSED,reused_context,phase7_exposure_context,limited,limited,,directed_local_record,county/regional,2026 baseline,BASELINE_DEPENDENCY,"Population presence is not exposure, dose, illness, or risk.",Local uncertainty/notes retained in source artifact.,YES,YES,QUALITATIVE_ONLY,NO,VISUALIZATION_AND_QUALITATIVE_REASONING;QUALITATIVE_STRESS_TEST_ONLY;NO_QUANTITATIVE_AGGREGATION,"Reused context retained and not counted as new evidence: Population presence is not exposure, dose, illness, or risk."
AR-11B-DEP-0024-ECOLOGY-LAND-1c5ac94c,11B,data/processed/analysis/population_system_dependency_register.csv,DEP-0024-ecology_land,MUNI-1852992,,ENT-POPULATION-MUNI-1852992,,SYS-POPULATION,,,ecology_land,operational dependency,population/settlement entity,generalized external interface,exact,nonjoinable,INFERRED,inferred,phase6_ecology_context,limited,limited,,directed_local_record,county/regional,2026 baseline,BASELINE_DEPENDENCY,"No habitat quality, biodiversity, or ecological-risk score.",Local uncertainty/notes retained in source artifact.,YES,YES,QUALITATIVE_ONLY,NO,VISUALIZATION_AND_QUALITATIVE_REASONING;QUALITATIVE_STRESS_TEST_ONLY;NO_QUANTITATIVE_AGGREGATION;SOURCE_LOCAL_ONLY;NO_EXACT_ATLAS_JOIN,"Inferred relationship retained: No habitat quality, biodiversity, or ecological-risk score."
AR-11B-DEP-0024-BIOGEOCHEMICAL-9aed3815,11B,data/processed/analysis/population_system_dependency_register.csv,DEP-0024-biogeochemical,MUNI-1852992,,ENT-POPULATION-MUNI-1852992,,SYS-POPULATION,SYS-BIOGEOCHEMISTRY,,biogeochemical,material flow,population/settlement entity,generalized external interface,exact,system-level,INFERRED,inferred,phase8_biogeochemical_context,limited,limited,,directed_local_record,county/watershed,2026 baseline,BASELINE_DEPENDENCY,"No new nutrient load, concentration, or treatment outcome.",Local uncertainty/notes retained in source artifact.,YES,YES,QUALITATIVE_ONLY,NO,VISUALIZATION_AND_QUALITATIVE_REASONING;QUALITATIVE_STRESS_TEST_ONLY;NO_QUANTITATIVE_AGGREGATION,"Inferred relationship retained: No new nutrient load, concentration, or treatment outcome."
AR-11B-DEP-0024-HOUSING-INFRASTRUCTURE-d435bf15,11B,data/processed/analysis/population_system_dependency_register.csv,DEP-0024-housing_infrastructure,MUNI-1852992,,ENT-POPULATION-MUNI-1852992,,SYS-POPULATION,,,housing_infrastructure,operational dependency,population/settlement entity,generalized external interface,exact,nonjoinable,INFERRED,inferred,s11a_acs_2024_5yr,limited,limited,,directed_local_record,county/place,2026 baseline,BASELINE_DEPENDENCY,"Housing context is not a condition, desirability, or vulnerability score.",Local uncertainty/notes retained in source artifact.,YES,YES,QUALITATIVE_ONLY,NO,VISUALIZATION_AND_QUALITATIVE_REASONING;QUALITATIVE_STRESS_TEST_ONLY;NO_QUANTITATIVE_AGGREGATION;SOURCE_LOCAL_ONLY;NO_EXACT_ATLAS_JOIN,"Inferred relationship retained: Housing context is not a condition, desirability, or vulnerability score."
AR-11B-DEP-0024-GOVERNANCE-3a4e4732,11B,data/processed/analysis/population_system_dependency_register.csv,DEP-0024-governance,MUNI-1852992,,ENT-POPULATION-MUNI-1852992,,SYS-POPULATION,SYS-GOVERNANCE,,governance,operational dependency,population/settlement entity,generalized external interface,exact,system-level,INFERRED,inferred,phase10_governance_context,moderate,moderate,,directed_local_record,municipal/county,2026 baseline,BASELINE_DEPENDENCY,"Boundary, operator, service territory, and population served remain distinct.",Local uncertainty/notes retained in source artifact.,YES,YES,QUALITATIVE_ONLY,NO,VISUALIZATION_AND_QUALITATIVE_REASONING;QUALITATIVE_STRESS_TEST_ONLY;NO_QUANTITATIVE_AGGREGATION,"Inferred relationship retained: Boundary, operator, service territory, and population served remain distinct."
AR-11B-DEP-0025-WATER-c2c69bc2,11B,data/processed/analysis/population_system_dependency_register.csv,DEP-0025-water,MUNI-2600440,,ENT-POPULATION-MUNI-2600440,,SYS-POPULATION,SYS-WATER,,water,operational dependency,population/settlement entity,generalized external interface,exact,system-level,INFERRED,inferred,phase10_governance_context,limited,limited,,directed_local_record,county/place,2026 baseline,BASELINE_DEPENDENCY,Generalized service-responsibility context only; no state-specific operator or exact resident-to-utility assignment.,Local uncertainty/notes retained in source artifact.,YES,YES,QUALITATIVE_ONLY,NO,VISUALIZATION_AND_QUALITATIVE_REASONING;QUALITATIVE_STRESS_TEST_ONLY;NO_QUANTITATIVE_AGGREGATION,Inferred relationship retained: Generalized service-responsibility context only; no state-specific operator or exact resident-to-utility assignment.
AR-11B-DEP-0025-WASTEWATER-910c3f86,11B,data/processed/analysis/population_system_dependency_register.csv,DEP-0025-wastewater,MUNI-2600440,,ENT-POPULATION-MUNI-2600440,,SYS-POPULATION,SYS-WATER,,wastewater,operational dependency,population/settlement entity,generalized external interface,exact,system-level,INFERRED,inferred,phase10_governance_context,limited,limited,,directed_local_record,county/place,2026 baseline,BASELINE_DEPENDENCY,"Generalized service-responsibility context only; no state-specific permit, sewer territory, or load claim.",Local uncertainty/notes retained in source artifact.,YES,YES,QUALITATIVE_ONLY,NO,VISUALIZATION_AND_QUALITATIVE_REASONING;QUALITATIVE_STRESS_TEST_ONLY;NO_QUANTITATIVE_AGGREGATION,"Inferred relationship retained: Generalized service-responsibility context only; no state-specific permit, sewer territory, or load claim."
AR-11B-DEP-0025-ENERGY-8cc90bd7,11B,data/processed/analysis/population_system_dependency_register.csv,DEP-0025-energy,MUNI-2600440,,ENT-POPULATION-MUNI-2600440,,SYS-POPULATION,SYS-ENERGY,,energy,operational dependency,population/settlement entity,generalized external interface,exact,system-level,INFERRED,inferred,phase10_s24_pjm,moderate,moderate,,directed_local_record,county/place,2026 baseline,BASELINE_DEPENDENCY,"Regional wholesale/high-voltage context only; no local distribution assignment, demand model, or outage probability.",Local uncertainty/notes retained in source artifact.,YES,YES,QUALITATIVE_ONLY,NO,VISUALIZATION_AND_QUALITATIVE_REASONING;QUALITATIVE_STRESS_TEST_ONLY;NO_QUANTITATIVE_AGGREGATION,"Inferred relationship retained: Regional wholesale/high-voltage context only; no local distribution assignment, demand model, or outage probability."
AR-11B-DEP-0025-TRANSPORT-eb547bbd,11B,data/processed/analysis/population_system_dependency_register.csv,DEP-0025-transport,MUNI-2600440,,ENT-POPULATION-MUNI-2600440,,SYS-POPULATION,SYS-FREIGHT,,transport,operational dependency,population/settlement entity,generalized external interface,exact,system-level,INFERRED,inferred,s11b_lodes_mi_od,moderate,limited,,directed_local_record,county/county_pair,2026 baseline,BASELINE_DEPENDENCY,State-matched LODES OD supports generalized commuting context; the dependency is inferred and exposes no individual paths or passenger surveillance.,Local uncertainty/notes retained in source artifact.,YES,YES,QUALITATIVE_ONLY,NO,VISUALIZATION_AND_QUALITATIVE_REASONING;QUALITATIVE_STRESS_TEST_ONLY;NO_QUANTITATIVE_AGGREGATION,Inferred relationship retained: State-matched LODES OD supports generalized commuting context; the dependency is inferred and exposes no individual paths or passenger surveillance.
AR-11B-DEP-0025-CLIMATE-HAZARD-58c50310,11B,data/processed/analysis/population_system_dependency_register.csv,DEP-0025-climate_hazard,MUNI-2600440,,ENT-POPULATION-MUNI-2600440,,SYS-POPULATION,,,climate_hazard,operational dependency,population/settlement entity,generalized external interface,exact,nonjoinable,INFERRED,inferred,phase9_hazard_context,limited,limited,,directed_local_record,county/regional,2026 baseline,BASELINE_DEPENDENCY,"Hazard interface is not exposure, dose, or health outcome.",Local uncertainty/notes retained in source artifact.,YES,YES,QUALITATIVE_ONLY,NO,VISUALIZATION_AND_QUALITATIVE_REASONING;QUALITATIVE_STRESS_TEST_ONLY;NO_QUANTITATIVE_AGGREGATION;SOURCE_LOCAL_ONLY;NO_EXACT_ATLAS_JOIN,"Inferred relationship retained: Hazard interface is not exposure, dose, or health outcome."
AR-11B-DEP-0025-ENVIRONMENTAL-HEALTH-04e4cd94,11B,data/processed/analysis/population_system_dependency_register.csv,DEP-0025-environmental_health,MUNI-2600440,,ENT-POPULATION-MUNI-2600440,,SYS-POPULATION,SYS-EXPOSURE,,environmental_health,exposure pathway,population/settlement entity,generalized external interface,exact,system-level,CONTEXT_REUSED,reused_context,phase7_exposure_context,limited,limited,,directed_local_record,county/regional,2026 baseline,BASELINE_DEPENDENCY,"Population presence is not exposure, dose, illness, or risk.",Local uncertainty/notes retained in source artifact.,YES,YES,QUALITATIVE_ONLY,NO,VISUALIZATION_AND_QUALITATIVE_REASONING;QUALITATIVE_STRESS_TEST_ONLY;NO_QUANTITATIVE_AGGREGATION,"Reused context retained and not counted as new evidence: Population presence is not exposure, dose, illness, or risk."
AR-11B-DEP-0025-ECOLOGY-LAND-c02f1ef0,11B,data/processed/analysis/population_system_dependency_register.csv,DEP-0025-ecology_land,MUNI-2600440,,ENT-POPULATION-MUNI-2600440,,SYS-POPULATION,,,ecology_land,operational dependency,population/settlement entity,generalized external interface,exact,nonjoinable,INFERRED,inferred,phase6_ecology_context,limited,limited,,directed_local_record,county/regional,2026 baseline,BASELINE_DEPENDENCY,"No habitat quality, biodiversity, or ecological-risk score.",Local uncertainty/notes retained in source artifact.,YES,YES,QUALITATIVE_ONLY,NO,VISUALIZATION_AND_QUALITATIVE_REASONING;QUALITATIVE_STRESS_TEST_ONLY;NO_QUANTITATIVE_AGGREGATION;SOURCE_LOCAL_ONLY;NO_EXACT_ATLAS_JOIN,"Inferred relationship retained: No habitat quality, biodiversity, or ecological-risk score."
AR-11B-DEP-0025-BIOGEOCHEMICAL-979d4fa5,11B,data/processed/analysis/population_system_dependency_register.csv,DEP-0025-biogeochemical,MUNI-2600440,,ENT-POPULATION-MUNI-2600440,,SYS-POPULATION,SYS-BIOGEOCHEMISTRY,,biogeochemical,material flow,population/settlement entity,generalized external interface,exact,system-level,INFERRED,inferred,phase8_biogeochemical_context,limited,limited,,directed_local_record,county/watershed,2026 baseline,BASELINE_DEPENDENCY,"No new nutrient load, concentration, or treatment outcome.",Local uncertainty/notes retained in source artifact.,YES,YES,QUALITATIVE_ONLY,NO,VISUALIZATION_AND_QUALITATIVE_REASONING;QUALITATIVE_STRESS_TEST_ONLY;NO_QUANTITATIVE_AGGREGATION,"Inferred relationship retained: No new nutrient load, concentration, or treatment outcome."
AR-11B-DEP-0025-HOUSING-INFRASTRUCTURE-cf66e4e5,11B,data/processed/analysis/population_system_dependency_register.csv,DEP-0025-housing_infrastructure,MUNI-2600440,,ENT-POPULATION-MUNI-2600440,,SYS-POPULATION,,,housing_infrastructure,operational dependency,population/settlement entity,generalized external interface,exact,nonjoinable,INFERRED,inferred,s11a_acs_2024_5yr,limited,limited,,directed_local_record,county/place,2026 baseline,BASELINE_DEPENDENCY,"Housing context is not a condition, desirability, or vulnerability score.",Local uncertainty/notes retained in source artifact.,YES,YES,QUALITATIVE_ONLY,NO,VISUALIZATION_AND_QUALITATIVE_REASONING;QUALITATIVE_STRESS_TEST_ONLY;NO_QUANTITATIVE_AGGREGATION;SOURCE_LOCAL_ONLY;NO_EXACT_ATLAS_JOIN,"Inferred relationship retained: Housing context is not a condition, desirability, or vulnerability score."
AR-11B-DEP-0025-GOVERNANCE-e1cd6837,11B,data/processed/analysis/population_system_dependency_register.csv,DEP-0025-governance,MUNI-2600440,,ENT-POPULATION-MUNI-2600440,,SYS-POPULATION,SYS-GOVERNANCE,,governance,operational dependency,population/settlement entity,generalized external interface,exact,system-level,INFERRED,inferred,phase10_governance_context,moderate,moderate,,directed_local_record,municipal/county,2026 baseline,BASELINE_DEPENDENCY,"Boundary, operator, service territory, and population served remain distinct.",Local uncertainty/notes retained in source artifact.,YES,YES,QUALITATIVE_ONLY,NO,VISUALIZATION_AND_QUALITATIVE_REASONING;QUALITATIVE_STRESS_TEST_ONLY;NO_QUANTITATIVE_AGGREGATION,"Inferred relationship retained: Boundary, operator, service territory, and population served remain distinct."
AR-11B-DEP-0026-WATER-e64ddf09,11B,data/processed/analysis/population_system_dependency_register.csv,DEP-0026-water,MUNI-2623380,,ENT-POPULATION-MUNI-2623380,,SYS-POPULATION,SYS-WATER,,water,operational dependency,population/settlement entity,generalized external interface,exact,system-level,INFERRED,inferred,phase10_governance_context,limited,limited,,directed_local_record,county/place,2026 baseline,BASELINE_DEPENDENCY,Generalized service-responsibility context only; no state-specific operator or exact resident-to-utility assignment.,Local uncertainty/notes retained in source artifact.,YES,YES,QUALITATIVE_ONLY,NO,VISUALIZATION_AND_QUALITATIVE_REASONING;QUALITATIVE_STRESS_TEST_ONLY;NO_QUANTITATIVE_AGGREGATION,Inferred relationship retained: Generalized service-responsibility context only; no state-specific operator or exact resident-to-utility assignment.
AR-11B-DEP-0026-WASTEWATER-e4169755,11B,data/processed/analysis/population_system_dependency_register.csv,DEP-0026-wastewater,MUNI-2623380,,ENT-POPULATION-MUNI-2623380,,SYS-POPULATION,SYS-WATER,,wastewater,operational dependency,population/settlement entity,generalized external interface,exact,system-level,INFERRED,inferred,phase10_governance_context,limited,limited,,directed_local_record,county/place,2026 baseline,BASELINE_DEPENDENCY,"Generalized service-responsibility context only; no state-specific permit, sewer territory, or load claim.",Local uncertainty/notes retained in source artifact.,YES,YES,QUALITATIVE_ONLY,NO,VISUALIZATION_AND_QUALITATIVE_REASONING;QUALITATIVE_STRESS_TEST_ONLY;NO_QUANTITATIVE_AGGREGATION,"Inferred relationship retained: Generalized service-responsibility context only; no state-specific permit, sewer territory, or load claim."
AR-11B-DEP-0026-ENERGY-f5abe298,11B,data/processed/analysis/population_system_dependency_register.csv,DEP-0026-energy,MUNI-2623380,,ENT-POPULATION-MUNI-2623380,,SYS-POPULATION,SYS-ENERGY,,energy,operational dependency,population/settlement entity,generalized external interface,exact,system-level,INFERRED,inferred,phase10_s24_pjm,moderate,moderate,,directed_local_record,county/place,2026 baseline,BASELINE_DEPENDENCY,"Regional wholesale/high-voltage context only; no local distribution assignment, demand model, or outage probability.",Local uncertainty/notes retained in source artifact.,YES,YES,QUALITATIVE_ONLY,NO,VISUALIZATION_AND_QUALITATIVE_REASONING;QUALITATIVE_STRESS_TEST_ONLY;NO_QUANTITATIVE_AGGREGATION,"Inferred relationship retained: Regional wholesale/high-voltage context only; no local distribution assignment, demand model, or outage probability."
AR-11B-DEP-0026-TRANSPORT-5abe8423,11B,data/processed/analysis/population_system_dependency_register.csv,DEP-0026-transport,MUNI-2623380,,ENT-POPULATION-MUNI-2623380,,SYS-POPULATION,SYS-FREIGHT,,transport,operational dependency,population/settlement entity,generalized external interface,exact,system-level,INFERRED,inferred,s11b_lodes_mi_od,moderate,limited,,directed_local_record,county/county_pair,2026 baseline,BASELINE_DEPENDENCY,State-matched LODES OD supports generalized commuting context; the dependency is inferred and exposes no individual paths or passenger surveillance.,Local uncertainty/notes retained in source artifact.,YES,YES,QUALITATIVE_ONLY,NO,VISUALIZATION_AND_QUALITATIVE_REASONING;QUALITATIVE_STRESS_TEST_ONLY;NO_QUANTITATIVE_AGGREGATION,Inferred relationship retained: State-matched LODES OD supports generalized commuting context; the dependency is inferred and exposes no individual paths or passenger surveillance.
AR-11B-DEP-0026-CLIMATE-HAZARD-697407e5,11B,data/processed/analysis/population_system_dependency_register.csv,DEP-0026-climate_hazard,MUNI-2623380,,ENT-POPULATION-MUNI-2623380,,SYS-POPULATION,,,climate_hazard,operational dependency,population/settlement entity,generalized external interface,exact,nonjoinable,INFERRED,inferred,phase9_hazard_context,limited,limited,,directed_local_record,county/regional,2026 baseline,BASELINE_DEPENDENCY,"Hazard interface is not exposure, dose, or health outcome.",Local uncertainty/notes retained in source artifact.,YES,YES,QUALITATIVE_ONLY,NO,VISUALIZATION_AND_QUALITATIVE_REASONING;QUALITATIVE_STRESS_TEST_ONLY;NO_QUANTITATIVE_AGGREGATION;SOURCE_LOCAL_ONLY;NO_EXACT_ATLAS_JOIN,"Inferred relationship retained: Hazard interface is not exposure, dose, or health outcome."
AR-11B-DEP-0026-ENVIRONMENTAL-HEALTH-709ceaa8,11B,data/processed/analysis/population_system_dependency_register.csv,DEP-0026-environmental_health,MUNI-2623380,,ENT-POPULATION-MUNI-2623380,,SYS-POPULATION,SYS-EXPOSURE,,environmental_health,exposure pathway,population/settlement entity,generalized external interface,exact,system-level,CONTEXT_REUSED,reused_context,phase7_exposure_context,limited,limited,,directed_local_record,county/regional,2026 baseline,BASELINE_DEPENDENCY,"Population presence is not exposure, dose, illness, or risk.",Local uncertainty/notes retained in source artifact.,YES,YES,QUALITATIVE_ONLY,NO,VISUALIZATION_AND_QUALITATIVE_REASONING;QUALITATIVE_STRESS_TEST_ONLY;NO_QUANTITATIVE_AGGREGATION,"Reused context retained and not counted as new evidence: Population presence is not exposure, dose, illness, or risk."
AR-11B-DEP-0026-ECOLOGY-LAND-9b14f3ac,11B,data/processed/analysis/population_system_dependency_register.csv,DEP-0026-ecology_land,MUNI-2623380,,ENT-POPULATION-MUNI-2623380,,SYS-POPULATION,,,ecology_land,operational dependency,population/settlement entity,generalized external interface,exact,nonjoinable,INFERRED,inferred,phase6_ecology_context,limited,limited,,directed_local_record,county/regional,2026 baseline,BASELINE_DEPENDENCY,"No habitat quality, biodiversity, or ecological-risk score.",Local uncertainty/notes retained in source artifact.,YES,YES,QUALITATIVE_ONLY,NO,VISUALIZATION_AND_QUALITATIVE_REASONING;QUALITATIVE_STRESS_TEST_ONLY;NO_QUANTITATIVE_AGGREGATION;SOURCE_LOCAL_ONLY;NO_EXACT_ATLAS_JOIN,"Inferred relationship retained: No habitat quality, biodiversity, or ecological-risk score."
AR-11B-DEP-0026-BIOGEOCHEMICAL-87b47432,11B,data/processed/analysis/population_system_dependency_register.csv,DEP-0026-biogeochemical,MUNI-2623380,,ENT-POPULATION-MUNI-2623380,,SYS-POPULATION,SYS-BIOGEOCHEMISTRY,,biogeochemical,material flow,population/settlement entity,generalized external interface,exact,system-level,INFERRED,inferred,phase8_biogeochemical_context,limited,limited,,directed_local_record,county/watershed,2026 baseline,BASELINE_DEPENDENCY,"No new nutrient load, concentration, or treatment outcome.",Local uncertainty/notes retained in source artifact.,YES,YES,QUALITATIVE_ONLY,NO,VISUALIZATION_AND_QUALITATIVE_REASONING;QUALITATIVE_STRESS_TEST_ONLY;NO_QUANTITATIVE_AGGREGATION,"Inferred relationship retained: No new nutrient load, concentration, or treatment outcome."
AR-11B-DEP-0026-HOUSING-INFRASTRUCTURE-249c9538,11B,data/processed/analysis/population_system_dependency_register.csv,DEP-0026-housing_infrastructure,MUNI-2623380,,ENT-POPULATION-MUNI-2623380,,SYS-POPULATION,,,housing_infrastructure,operational dependency,population/settlement entity,generalized external interface,exact,nonjoinable,INFERRED,inferred,s11a_acs_2024_5yr,limited,limited,,directed_local_record,county/place,2026 baseline,BASELINE_DEPENDENCY,"Housing context is not a condition, desirability, or vulnerability score.",Local uncertainty/notes retained in source artifact.,YES,YES,QUALITATIVE_ONLY,NO,VISUALIZATION_AND_QUALITATIVE_REASONING;QUALITATIVE_STRESS_TEST_ONLY;NO_QUANTITATIVE_AGGREGATION;SOURCE_LOCAL_ONLY;NO_EXACT_ATLAS_JOIN,"Inferred relationship retained: Housing context is not a condition, desirability, or vulnerability score."
AR-11B-DEP-0026-GOVERNANCE-6d792b5b,11B,data/processed/analysis/population_system_dependency_register.csv,DEP-0026-governance,MUNI-2623380,,ENT-POPULATION-MUNI-2623380,,SYS-POPULATION,SYS-GOVERNANCE,,governance,operational dependency,population/settlement entity,generalized external interface,exact,system-level,INFERRED,inferred,phase10_governance_context,moderate,moderate,,directed_local_record,municipal/county,2026 baseline,BASELINE_DEPENDENCY,"Boundary, operator, service territory, and population served remain distinct.",Local uncertainty/notes retained in source artifact.,YES,YES,QUALITATIVE_ONLY,NO,VISUALIZATION_AND_QUALITATIVE_REASONING;QUALITATIVE_STRESS_TEST_ONLY;NO_QUANTITATIVE_AGGREGATION,"Inferred relationship retained: Boundary, operator, service territory, and population served remain distinct."
AR-11B-DEP-0027-WATER-9741b6af,11B,data/processed/analysis/population_system_dependency_register.csv,DEP-0027-water,MUNI-2645420,,ENT-POPULATION-MUNI-2645420,,SYS-POPULATION,SYS-WATER,,water,operational dependency,population/settlement entity,generalized external interface,exact,system-level,INFERRED,inferred,phase10_governance_context,limited,limited,,directed_local_record,county/place,2026 baseline,BASELINE_DEPENDENCY,Generalized service-responsibility context only; no state-specific operator or exact resident-to-utility assignment.,Local uncertainty/notes retained in source artifact.,YES,YES,QUALITATIVE_ONLY,NO,VISUALIZATION_AND_QUALITATIVE_REASONING;QUALITATIVE_STRESS_TEST_ONLY;NO_QUANTITATIVE_AGGREGATION,Inferred relationship retained: Generalized service-responsibility context only; no state-specific operator or exact resident-to-utility assignment.
AR-11B-DEP-0027-WASTEWATER-c4991b37,11B,data/processed/analysis/population_system_dependency_register.csv,DEP-0027-wastewater,MUNI-2645420,,ENT-POPULATION-MUNI-2645420,,SYS-POPULATION,SYS-WATER,,wastewater,operational dependency,population/settlement entity,generalized external interface,exact,system-level,INFERRED,inferred,phase10_governance_context,limited,limited,,directed_local_record,county/place,2026 baseline,BASELINE_DEPENDENCY,"Generalized service-responsibility context only; no state-specific permit, sewer territory, or load claim.",Local uncertainty/notes retained in source artifact.,YES,YES,QUALITATIVE_ONLY,NO,VISUALIZATION_AND_QUALITATIVE_REASONING;QUALITATIVE_STRESS_TEST_ONLY;NO_QUANTITATIVE_AGGREGATION,"Inferred relationship retained: Generalized service-responsibility context only; no state-specific permit, sewer territory, or load claim."
AR-11B-DEP-0027-ENERGY-08335b8d,11B,data/processed/analysis/population_system_dependency_register.csv,DEP-0027-energy,MUNI-2645420,,ENT-POPULATION-MUNI-2645420,,SYS-POPULATION,SYS-ENERGY,,energy,operational dependency,population/settlement entity,generalized external interface,exact,system-level,INFERRED,inferred,phase10_s24_pjm,moderate,moderate,,directed_local_record,county/place,2026 baseline,BASELINE_DEPENDENCY,"Regional wholesale/high-voltage context only; no local distribution assignment, demand model, or outage probability.",Local uncertainty/notes retained in source artifact.,YES,YES,QUALITATIVE_ONLY,NO,VISUALIZATION_AND_QUALITATIVE_REASONING;QUALITATIVE_STRESS_TEST_ONLY;NO_QUANTITATIVE_AGGREGATION,"Inferred relationship retained: Regional wholesale/high-voltage context only; no local distribution assignment, demand model, or outage probability."
AR-11B-DEP-0027-TRANSPORT-4a523d40,11B,data/processed/analysis/population_system_dependency_register.csv,DEP-0027-transport,MUNI-2645420,,ENT-POPULATION-MUNI-2645420,,SYS-POPULATION,SYS-FREIGHT,,transport,operational dependency,population/settlement entity,generalized external interface,exact,system-level,INFERRED,inferred,s11b_lodes_mi_od,moderate,limited,,directed_local_record,county/county_pair,2026 baseline,BASELINE_DEPENDENCY,State-matched LODES OD supports generalized commuting context; the dependency is inferred and exposes no individual paths or passenger surveillance.,Local uncertainty/notes retained in source artifact.,YES,YES,QUALITATIVE_ONLY,NO,VISUALIZATION_AND_QUALITATIVE_REASONING;QUALITATIVE_STRESS_TEST_ONLY;NO_QUANTITATIVE_AGGREGATION,Inferred relationship retained: State-matched LODES OD supports generalized commuting context; the dependency is inferred and exposes no individual paths or passenger surveillance.
AR-11B-DEP-0027-CLIMATE-HAZARD-f9f30d5c,11B,data/processed/analysis/population_system_dependency_register.csv,DEP-0027-climate_hazard,MUNI-2645420,,ENT-POPULATION-MUNI-2645420,,SYS-POPULATION,,,climate_hazard,operational dependency,population/settlement entity,generalized external interface,exact,nonjoinable,INFERRED,inferred,phase9_hazard_context,limited,limited,,directed_local_record,county/regional,2026 baseline,BASELINE_DEPENDENCY,"Hazard interface is not exposure, dose, or health outcome.",Local uncertainty/notes retained in source artifact.,YES,YES,QUALITATIVE_ONLY,NO,VISUALIZATION_AND_QUALITATIVE_REASONING;QUALITATIVE_STRESS_TEST_ONLY;NO_QUANTITATIVE_AGGREGATION;SOURCE_LOCAL_ONLY;NO_EXACT_ATLAS_JOIN,"Inferred relationship retained: Hazard interface is not exposure, dose, or health outcome."
AR-11B-DEP-0027-ENVIRONMENTAL-HEALTH-69d9c5d4,11B,data/processed/analysis/population_system_dependency_register.csv,DEP-0027-environmental_health,MUNI-2645420,,ENT-POPULATION-MUNI-2645420,,SYS-POPULATION,SYS-EXPOSURE,,environmental_health,exposure pathway,population/settlement entity,generalized external interface,exact,system-level,CONTEXT_REUSED,reused_context,phase7_exposure_context,limited,limited,,directed_local_record,county/regional,2026 baseline,BASELINE_DEPENDENCY,"Population presence is not exposure, dose, illness, or risk.",Local uncertainty/notes retained in source artifact.,YES,YES,QUALITATIVE_ONLY,NO,VISUALIZATION_AND_QUALITATIVE_REASONING;QUALITATIVE_STRESS_TEST_ONLY;NO_QUANTITATIVE_AGGREGATION,"Reused context retained and not counted as new evidence: Population presence is not exposure, dose, illness, or risk."
AR-11B-DEP-0027-ECOLOGY-LAND-05b75fed,11B,data/processed/analysis/population_system_dependency_register.csv,DEP-0027-ecology_land,MUNI-2645420,,ENT-POPULATION-MUNI-2645420,,SYS-POPULATION,,,ecology_land,operational dependency,population/settlement entity,generalized external interface,exact,nonjoinable,INFERRED,inferred,phase6_ecology_context,limited,limited,,directed_local_record,county/regional,2026 baseline,BASELINE_DEPENDENCY,"No habitat quality, biodiversity, or ecological-risk score.",Local uncertainty/notes retained in source artifact.,YES,YES,QUALITATIVE_ONLY,NO,VISUALIZATION_AND_QUALITATIVE_REASONING;QUALITATIVE_STRESS_TEST_ONLY;NO_QUANTITATIVE_AGGREGATION;SOURCE_LOCAL_ONLY;NO_EXACT_ATLAS_JOIN,"Inferred relationship retained: No habitat quality, biodiversity, or ecological-risk score."
AR-11B-DEP-0027-BIOGEOCHEMICAL-75a2566f,11B,data/processed/analysis/population_system_dependency_register.csv,DEP-0027-biogeochemical,MUNI-2645420,,ENT-POPULATION-MUNI-2645420,,SYS-POPULATION,SYS-BIOGEOCHEMISTRY,,biogeochemical,material flow,population/settlement entity,generalized external interface,exact,system-level,INFERRED,inferred,phase8_biogeochemical_context,limited,limited,,directed_local_record,county/watershed,2026 baseline,BASELINE_DEPENDENCY,"No new nutrient load, concentration, or treatment outcome.",Local uncertainty/notes retained in source artifact.,YES,YES,QUALITATIVE_ONLY,NO,VISUALIZATION_AND_QUALITATIVE_REASONING;QUALITATIVE_STRESS_TEST_ONLY;NO_QUANTITATIVE_AGGREGATION,"Inferred relationship retained: No new nutrient load, concentration, or treatment outcome."
AR-11B-DEP-0027-HOUSING-INFRASTRUCTURE-45b73311,11B,data/processed/analysis/population_system_dependency_register.csv,DEP-0027-housing_infrastructure,MUNI-2645420,,ENT-POPULATION-MUNI-2645420,,SYS-POPULATION,,,housing_infrastructure,operational dependency,population/settlement entity,generalized external interface,exact,nonjoinable,INFERRED,inferred,s11a_acs_2024_5yr,limited,limited,,directed_local_record,county/place,2026 baseline,BASELINE_DEPENDENCY,"Housing context is not a condition, desirability, or vulnerability score.",Local uncertainty/notes retained in source artifact.,YES,YES,QUALITATIVE_ONLY,NO,VISUALIZATION_AND_QUALITATIVE_REASONING;QUALITATIVE_STRESS_TEST_ONLY;NO_QUANTITATIVE_AGGREGATION;SOURCE_LOCAL_ONLY;NO_EXACT_ATLAS_JOIN,"Inferred relationship retained: Housing context is not a condition, desirability, or vulnerability score."
AR-11B-DEP-0027-GOVERNANCE-088aa7ef,11B,data/processed/analysis/population_system_dependency_register.csv,DEP-0027-governance,MUNI-2645420,,ENT-POPULATION-MUNI-2645420,,SYS-POPULATION,SYS-GOVERNANCE,,governance,operational dependency,population/settlement entity,generalized external interface,exact,system-level,INFERRED,inferred,phase10_governance_context,moderate,moderate,,directed_local_record,municipal/county,2026 baseline,BASELINE_DEPENDENCY,"Boundary, operator, service territory, and population served remain distinct.",Local uncertainty/notes retained in source artifact.,YES,YES,QUALITATIVE_ONLY,NO,VISUALIZATION_AND_QUALITATIVE_REASONING;QUALITATIVE_STRESS_TEST_ONLY;NO_QUANTITATIVE_AGGREGATION,"Inferred relationship retained: Boundary, operator, service territory, and population served remain distinct."
AR-11B-DEP-0028-WATER-b38667cd,11B,data/processed/analysis/population_system_dependency_register.csv,DEP-0028-water,MUNI-2653920,,ENT-POPULATION-MUNI-2653920,,SYS-POPULATION,SYS-WATER,,water,operational dependency,population/settlement entity,generalized external interface,exact,system-level,INFERRED,inferred,phase10_governance_context,limited,limited,,directed_local_record,county/place,2026 baseline,BASELINE_DEPENDENCY,Generalized service-responsibility context only; no state-specific operator or exact resident-to-utility assignment.,Local uncertainty/notes retained in source artifact.,YES,YES,QUALITATIVE_ONLY,NO,VISUALIZATION_AND_QUALITATIVE_REASONING;QUALITATIVE_STRESS_TEST_ONLY;NO_QUANTITATIVE_AGGREGATION,Inferred relationship retained: Generalized service-responsibility context only; no state-specific operator or exact resident-to-utility assignment.
AR-11B-DEP-0028-WASTEWATER-85dd67f4,11B,data/processed/analysis/population_system_dependency_register.csv,DEP-0028-wastewater,MUNI-2653920,,ENT-POPULATION-MUNI-2653920,,SYS-POPULATION,SYS-WATER,,wastewater,operational dependency,population/settlement entity,generalized external interface,exact,system-level,INFERRED,inferred,phase10_governance_context,limited,limited,,directed_local_record,county/place,2026 baseline,BASELINE_DEPENDENCY,"Generalized service-responsibility context only; no state-specific permit, sewer territory, or load claim.",Local uncertainty/notes retained in source artifact.,YES,YES,QUALITATIVE_ONLY,NO,VISUALIZATION_AND_QUALITATIVE_REASONING;QUALITATIVE_STRESS_TEST_ONLY;NO_QUANTITATIVE_AGGREGATION,"Inferred relationship retained: Generalized service-responsibility context only; no state-specific permit, sewer territory, or load claim."
AR-11B-DEP-0028-ENERGY-4922c336,11B,data/processed/analysis/population_system_dependency_register.csv,DEP-0028-energy,MUNI-2653920,,ENT-POPULATION-MUNI-2653920,,SYS-POPULATION,SYS-ENERGY,,energy,operational dependency,population/settlement entity,generalized external interface,exact,system-level,INFERRED,inferred,phase10_s24_pjm,moderate,moderate,,directed_local_record,county/place,2026 baseline,BASELINE_DEPENDENCY,"Regional wholesale/high-voltage context only; no local distribution assignment, demand model, or outage probability.",Local uncertainty/notes retained in source artifact.,YES,YES,QUALITATIVE_ONLY,NO,VISUALIZATION_AND_QUALITATIVE_REASONING;QUALITATIVE_STRESS_TEST_ONLY;NO_QUANTITATIVE_AGGREGATION,"Inferred relationship retained: Regional wholesale/high-voltage context only; no local distribution assignment, demand model, or outage probability."
AR-11B-DEP-0028-TRANSPORT-9b736e4b,11B,data/processed/analysis/population_system_dependency_register.csv,DEP-0028-transport,MUNI-2653920,,ENT-POPULATION-MUNI-2653920,,SYS-POPULATION,SYS-FREIGHT,,transport,operational dependency,population/settlement entity,generalized external interface,exact,system-level,INFERRED,inferred,s11b_lodes_mi_od,moderate,limited,,directed_local_record,county/county_pair,2026 baseline,BASELINE_DEPENDENCY,State-matched LODES OD supports generalized commuting context; the dependency is inferred and exposes no individual paths or passenger surveillance.,Local uncertainty/notes retained in source artifact.,YES,YES,QUALITATIVE_ONLY,NO,VISUALIZATION_AND_QUALITATIVE_REASONING;QUALITATIVE_STRESS_TEST_ONLY;NO_QUANTITATIVE_AGGREGATION,Inferred relationship retained: State-matched LODES OD supports generalized commuting context; the dependency is inferred and exposes no individual paths or passenger surveillance.
AR-11B-DEP-0028-CLIMATE-HAZARD-9132bcc0,11B,data/processed/analysis/population_system_dependency_register.csv,DEP-0028-climate_hazard,MUNI-2653920,,ENT-POPULATION-MUNI-2653920,,SYS-POPULATION,,,climate_hazard,operational dependency,population/settlement entity,generalized external interface,exact,nonjoinable,INFERRED,inferred,phase9_hazard_context,limited,limited,,directed_local_record,county/regional,2026 baseline,BASELINE_DEPENDENCY,"Hazard interface is not exposure, dose, or health outcome.",Local uncertainty/notes retained in source artifact.,YES,YES,QUALITATIVE_ONLY,NO,VISUALIZATION_AND_QUALITATIVE_REASONING;QUALITATIVE_STRESS_TEST_ONLY;NO_QUANTITATIVE_AGGREGATION;SOURCE_LOCAL_ONLY;NO_EXACT_ATLAS_JOIN,"Inferred relationship retained: Hazard interface is not exposure, dose, or health outcome."
AR-11B-DEP-0028-ENVIRONMENTAL-HEALTH-5faa44d5,11B,data/processed/analysis/population_system_dependency_register.csv,DEP-0028-environmental_health,MUNI-2653920,,ENT-POPULATION-MUNI-2653920,,SYS-POPULATION,SYS-EXPOSURE,,environmental_health,exposure pathway,population/settlement entity,generalized external interface,exact,system-level,CONTEXT_REUSED,reused_context,phase7_exposure_context,limited,limited,,directed_local_record,county/regional,2026 baseline,BASELINE_DEPENDENCY,"Population presence is not exposure, dose, illness, or risk.",Local uncertainty/notes retained in source artifact.,YES,YES,QUALITATIVE_ONLY,NO,VISUALIZATION_AND_QUALITATIVE_REASONING;QUALITATIVE_STRESS_TEST_ONLY;NO_QUANTITATIVE_AGGREGATION,"Reused context retained and not counted as new evidence: Population presence is not exposure, dose, illness, or risk."
AR-11B-DEP-0028-ECOLOGY-LAND-bd512704,11B,data/processed/analysis/population_system_dependency_register.csv,DEP-0028-ecology_land,MUNI-2653920,,ENT-POPULATION-MUNI-2653920,,SYS-POPULATION,,,ecology_land,operational dependency,population/settlement entity,generalized external interface,exact,nonjoinable,INFERRED,inferred,phase6_ecology_context,limited,limited,,directed_local_record,county/regional,2026 baseline,BASELINE_DEPENDENCY,"No habitat quality, biodiversity, or ecological-risk score.",Local uncertainty/notes retained in source artifact.,YES,YES,QUALITATIVE_ONLY,NO,VISUALIZATION_AND_QUALITATIVE_REASONING;QUALITATIVE_STRESS_TEST_ONLY;NO_QUANTITATIVE_AGGREGATION;SOURCE_LOCAL_ONLY;NO_EXACT_ATLAS_JOIN,"Inferred relationship retained: No habitat quality, biodiversity, or ecological-risk score."
AR-11B-DEP-0028-BIOGEOCHEMICAL-4ce1accf,11B,data/processed/analysis/population_system_dependency_register.csv,DEP-0028-biogeochemical,MUNI-2653920,,ENT-POPULATION-MUNI-2653920,,SYS-POPULATION,SYS-BIOGEOCHEMISTRY,,biogeochemical,material flow,population/settlement entity,generalized external interface,exact,system-level,INFERRED,inferred,phase8_biogeochemical_context,limited,limited,,directed_local_record,county/watershed,2026 baseline,BASELINE_DEPENDENCY,"No new nutrient load, concentration, or treatment outcome.",Local uncertainty/notes retained in source artifact.,YES,YES,QUALITATIVE_ONLY,NO,VISUALIZATION_AND_QUALITATIVE_REASONING;QUALITATIVE_STRESS_TEST_ONLY;NO_QUANTITATIVE_AGGREGATION,"Inferred relationship retained: No new nutrient load, concentration, or treatment outcome."
AR-11B-DEP-0028-HOUSING-INFRASTRUCTURE-56b1f67c,11B,data/processed/analysis/population_system_dependency_register.csv,DEP-0028-housing_infrastructure,MUNI-2653920,,ENT-POPULATION-MUNI-2653920,,SYS-POPULATION,,,housing_infrastructure,operational dependency,population/settlement entity,generalized external interface,exact,nonjoinable,INFERRED,inferred,s11a_acs_2024_5yr,limited,limited,,directed_local_record,county/place,2026 baseline,BASELINE_DEPENDENCY,"Housing context is not a condition, desirability, or vulnerability score.",Local uncertainty/notes retained in source artifact.,YES,YES,QUALITATIVE_ONLY,NO,VISUALIZATION_AND_QUALITATIVE_REASONING;QUALITATIVE_STRESS_TEST_ONLY;NO_QUANTITATIVE_AGGREGATION;SOURCE_LOCAL_ONLY;NO_EXACT_ATLAS_JOIN,"Inferred relationship retained: Housing context is not a condition, desirability, or vulnerability score."
AR-11B-DEP-0028-GOVERNANCE-3f196992,11B,data/processed/analysis/population_system_dependency_register.csv,DEP-0028-governance,MUNI-2653920,,ENT-POPULATION-MUNI-2653920,,SYS-POPULATION,SYS-GOVERNANCE,,governance,operational dependency,population/settlement entity,generalized external interface,exact,system-level,INFERRED,inferred,phase10_governance_context,moderate,moderate,,directed_local_record,municipal/county,2026 baseline,BASELINE_DEPENDENCY,"Boundary, operator, service territory, and population served remain distinct.",Local uncertainty/notes retained in source artifact.,YES,YES,QUALITATIVE_ONLY,NO,VISUALIZATION_AND_QUALITATIVE_REASONING;QUALITATIVE_STRESS_TEST_ONLY;NO_QUANTITATIVE_AGGREGATION,"Inferred relationship retained: Boundary, operator, service territory, and population served remain distinct."
AR-11B-DEP-0029-WATER-d5c95d9b,11B,data/processed/analysis/population_system_dependency_register.csv,DEP-0029-water,MUNI-2655020,,ENT-POPULATION-MUNI-2655020,,SYS-POPULATION,SYS-WATER,,water,operational dependency,population/settlement entity,generalized external interface,exact,system-level,INFERRED,inferred,phase10_governance_context,limited,limited,,directed_local_record,county/place,2026 baseline,BASELINE_DEPENDENCY,Generalized service-responsibility context only; no state-specific operator or exact resident-to-utility assignment.,Local uncertainty/notes retained in source artifact.,YES,YES,QUALITATIVE_ONLY,NO,VISUALIZATION_AND_QUALITATIVE_REASONING;QUALITATIVE_STRESS_TEST_ONLY;NO_QUANTITATIVE_AGGREGATION,Inferred relationship retained: Generalized service-responsibility context only; no state-specific operator or exact resident-to-utility assignment.
AR-11B-DEP-0029-WASTEWATER-fa119dc1,11B,data/processed/analysis/population_system_dependency_register.csv,DEP-0029-wastewater,MUNI-2655020,,ENT-POPULATION-MUNI-2655020,,SYS-POPULATION,SYS-WATER,,wastewater,operational dependency,population/settlement entity,generalized external interface,exact,system-level,INFERRED,inferred,phase10_governance_context,limited,limited,,directed_local_record,county/place,2026 baseline,BASELINE_DEPENDENCY,"Generalized service-responsibility context only; no state-specific permit, sewer territory, or load claim.",Local uncertainty/notes retained in source artifact.,YES,YES,QUALITATIVE_ONLY,NO,VISUALIZATION_AND_QUALITATIVE_REASONING;QUALITATIVE_STRESS_TEST_ONLY;NO_QUANTITATIVE_AGGREGATION,"Inferred relationship retained: Generalized service-responsibility context only; no state-specific permit, sewer territory, or load claim."
AR-11B-DEP-0029-ENERGY-74249e8b,11B,data/processed/analysis/population_system_dependency_register.csv,DEP-0029-energy,MUNI-2655020,,ENT-POPULATION-MUNI-2655020,,SYS-POPULATION,SYS-ENERGY,,energy,operational dependency,population/settlement entity,generalized external interface,exact,system-level,INFERRED,inferred,phase10_s24_pjm,moderate,moderate,,directed_local_record,county/place,2026 baseline,BASELINE_DEPENDENCY,"Regional wholesale/high-voltage context only; no local distribution assignment, demand model, or outage probability.",Local uncertainty/notes retained in source artifact.,YES,YES,QUALITATIVE_ONLY,NO,VISUALIZATION_AND_QUALITATIVE_REASONING;QUALITATIVE_STRESS_TEST_ONLY;NO_QUANTITATIVE_AGGREGATION,"Inferred relationship retained: Regional wholesale/high-voltage context only; no local distribution assignment, demand model, or outage probability."
AR-11B-DEP-0029-TRANSPORT-4e9d1098,11B,data/processed/analysis/population_system_dependency_register.csv,DEP-0029-transport,MUNI-2655020,,ENT-POPULATION-MUNI-2655020,,SYS-POPULATION,SYS-FREIGHT,,transport,operational dependency,population/settlement entity,generalized external interface,exact,system-level,INFERRED,inferred,s11b_lodes_mi_od,moderate,limited,,directed_local_record,county/county_pair,2026 baseline,BASELINE_DEPENDENCY,State-matched LODES OD supports generalized commuting context; the dependency is inferred and exposes no individual paths or passenger surveillance.,Local uncertainty/notes retained in source artifact.,YES,YES,QUALITATIVE_ONLY,NO,VISUALIZATION_AND_QUALITATIVE_REASONING;QUALITATIVE_STRESS_TEST_ONLY;NO_QUANTITATIVE_AGGREGATION,Inferred relationship retained: State-matched LODES OD supports generalized commuting context; the dependency is inferred and exposes no individual paths or passenger surveillance.
AR-11B-DEP-0029-CLIMATE-HAZARD-2d859e17,11B,data/processed/analysis/population_system_dependency_register.csv,DEP-0029-climate_hazard,MUNI-2655020,,ENT-POPULATION-MUNI-2655020,,SYS-POPULATION,,,climate_hazard,operational dependency,population/settlement entity,generalized external interface,exact,nonjoinable,INFERRED,inferred,phase9_hazard_context,limited,limited,,directed_local_record,county/regional,2026 baseline,BASELINE_DEPENDENCY,"Hazard interface is not exposure, dose, or health outcome.",Local uncertainty/notes retained in source artifact.,YES,YES,QUALITATIVE_ONLY,NO,VISUALIZATION_AND_QUALITATIVE_REASONING;QUALITATIVE_STRESS_TEST_ONLY;NO_QUANTITATIVE_AGGREGATION;SOURCE_LOCAL_ONLY;NO_EXACT_ATLAS_JOIN,"Inferred relationship retained: Hazard interface is not exposure, dose, or health outcome."
AR-11B-DEP-0029-ENVIRONMENTAL-HEALTH-3374a028,11B,data/processed/analysis/population_system_dependency_register.csv,DEP-0029-environmental_health,MUNI-2655020,,ENT-POPULATION-MUNI-2655020,,SYS-POPULATION,SYS-EXPOSURE,,environmental_health,exposure pathway,population/settlement entity,generalized external interface,exact,system-level,CONTEXT_REUSED,reused_context,phase7_exposure_context,limited,limited,,directed_local_record,county/regional,2026 baseline,BASELINE_DEPENDENCY,"Population presence is not exposure, dose, illness, or risk.",Local uncertainty/notes retained in source artifact.,YES,YES,QUALITATIVE_ONLY,NO,VISUALIZATION_AND_QUALITATIVE_REASONING;QUALITATIVE_STRESS_TEST_ONLY;NO_QUANTITATIVE_AGGREGATION,"Reused context retained and not counted as new evidence: Population presence is not exposure, dose, illness, or risk."
AR-11B-DEP-0029-ECOLOGY-LAND-9c083bfa,11B,data/processed/analysis/population_system_dependency_register.csv,DEP-0029-ecology_land,MUNI-2655020,,ENT-POPULATION-MUNI-2655020,,SYS-POPULATION,,,ecology_land,operational dependency,population/settlement entity,generalized external interface,exact,nonjoinable,INFERRED,inferred,phase6_ecology_context,limited,limited,,directed_local_record,county/regional,2026 baseline,BASELINE_DEPENDENCY,"No habitat quality, biodiversity, or ecological-risk score.",Local uncertainty/notes retained in source artifact.,YES,YES,QUALITATIVE_ONLY,NO,VISUALIZATION_AND_QUALITATIVE_REASONING;QUALITATIVE_STRESS_TEST_ONLY;NO_QUANTITATIVE_AGGREGATION;SOURCE_LOCAL_ONLY;NO_EXACT_ATLAS_JOIN,"Inferred relationship retained: No habitat quality, biodiversity, or ecological-risk score."
AR-11B-DEP-0029-BIOGEOCHEMICAL-40190bc7,11B,data/processed/analysis/population_system_dependency_register.csv,DEP-0029-biogeochemical,MUNI-2655020,,ENT-POPULATION-MUNI-2655020,,SYS-POPULATION,SYS-BIOGEOCHEMISTRY,,biogeochemical,material flow,population/settlement entity,generalized external interface,exact,system-level,INFERRED,inferred,phase8_biogeochemical_context,limited,limited,,directed_local_record,county/watershed,2026 baseline,BASELINE_DEPENDENCY,"No new nutrient load, concentration, or treatment outcome.",Local uncertainty/notes retained in source artifact.,YES,YES,QUALITATIVE_ONLY,NO,VISUALIZATION_AND_QUALITATIVE_REASONING;QUALITATIVE_STRESS_TEST_ONLY;NO_QUANTITATIVE_AGGREGATION,"Inferred relationship retained: No new nutrient load, concentration, or treatment outcome."
AR-11B-DEP-0029-HOUSING-INFRASTRUCTURE-017a7733,11B,data/processed/analysis/population_system_dependency_register.csv,DEP-0029-housing_infrastructure,MUNI-2655020,,ENT-POPULATION-MUNI-2655020,,SYS-POPULATION,,,housing_infrastructure,operational dependency,population/settlement entity,generalized external interface,exact,nonjoinable,INFERRED,inferred,s11a_acs_2024_5yr,limited,limited,,directed_local_record,county/place,2026 baseline,BASELINE_DEPENDENCY,"Housing context is not a condition, desirability, or vulnerability score.",Local uncertainty/notes retained in source artifact.,YES,YES,QUALITATIVE_ONLY,NO,VISUALIZATION_AND_QUALITATIVE_REASONING;QUALITATIVE_STRESS_TEST_ONLY;NO_QUANTITATIVE_AGGREGATION;SOURCE_LOCAL_ONLY;NO_EXACT_ATLAS_JOIN,"Inferred relationship retained: Housing context is not a condition, desirability, or vulnerability score."
AR-11B-DEP-0029-GOVERNANCE-94149535,11B,data/processed/analysis/population_system_dependency_register.csv,DEP-0029-governance,MUNI-2655020,,ENT-POPULATION-MUNI-2655020,,SYS-POPULATION,SYS-GOVERNANCE,,governance,operational dependency,population/settlement entity,generalized external interface,exact,system-level,INFERRED,inferred,phase10_governance_context,moderate,moderate,,directed_local_record,municipal/county,2026 baseline,BASELINE_DEPENDENCY,"Boundary, operator, service territory, and population served remain distinct.",Local uncertainty/notes retained in source artifact.,YES,YES,QUALITATIVE_ONLY,NO,VISUALIZATION_AND_QUALITATIVE_REASONING;QUALITATIVE_STRESS_TEST_ONLY;NO_QUANTITATIVE_AGGREGATION,"Inferred relationship retained: Boundary, operator, service territory, and population served remain distinct."
AR-11B-DEP-0030-WATER-6698d390,11B,data/processed/analysis/population_system_dependency_register.csv,DEP-0030-water,MUNI-2675140,,ENT-POPULATION-MUNI-2675140,,SYS-POPULATION,SYS-WATER,,water,operational dependency,population/settlement entity,generalized external interface,exact,system-level,INFERRED,inferred,phase10_governance_context,limited,limited,,directed_local_record,county/place,2026 baseline,BASELINE_DEPENDENCY,Generalized service-responsibility context only; no state-specific operator or exact resident-to-utility assignment.,Local uncertainty/notes retained in source artifact.,YES,YES,QUALITATIVE_ONLY,NO,VISUALIZATION_AND_QUALITATIVE_REASONING;QUALITATIVE_STRESS_TEST_ONLY;NO_QUANTITATIVE_AGGREGATION,Inferred relationship retained: Generalized service-responsibility context only; no state-specific operator or exact resident-to-utility assignment.
AR-11B-DEP-0030-WASTEWATER-8aa0497d,11B,data/processed/analysis/population_system_dependency_register.csv,DEP-0030-wastewater,MUNI-2675140,,ENT-POPULATION-MUNI-2675140,,SYS-POPULATION,SYS-WATER,,wastewater,operational dependency,population/settlement entity,generalized external interface,exact,system-level,INFERRED,inferred,phase10_governance_context,limited,limited,,directed_local_record,county/place,2026 baseline,BASELINE_DEPENDENCY,"Generalized service-responsibility context only; no state-specific permit, sewer territory, or load claim.",Local uncertainty/notes retained in source artifact.,YES,YES,QUALITATIVE_ONLY,NO,VISUALIZATION_AND_QUALITATIVE_REASONING;QUALITATIVE_STRESS_TEST_ONLY;NO_QUANTITATIVE_AGGREGATION,"Inferred relationship retained: Generalized service-responsibility context only; no state-specific permit, sewer territory, or load claim."
AR-11B-DEP-0030-ENERGY-8bcd6743,11B,data/processed/analysis/population_system_dependency_register.csv,DEP-0030-energy,MUNI-2675140,,ENT-POPULATION-MUNI-2675140,,SYS-POPULATION,SYS-ENERGY,,energy,operational dependency,population/settlement entity,generalized external interface,exact,system-level,INFERRED,inferred,phase10_s24_pjm,moderate,moderate,,directed_local_record,county/place,2026 baseline,BASELINE_DEPENDENCY,"Regional wholesale/high-voltage context only; no local distribution assignment, demand model, or outage probability.",Local uncertainty/notes retained in source artifact.,YES,YES,QUALITATIVE_ONLY,NO,VISUALIZATION_AND_QUALITATIVE_REASONING;QUALITATIVE_STRESS_TEST_ONLY;NO_QUANTITATIVE_AGGREGATION,"Inferred relationship retained: Regional wholesale/high-voltage context only; no local distribution assignment, demand model, or outage probability."
AR-11B-DEP-0030-TRANSPORT-cab37036,11B,data/processed/analysis/population_system_dependency_register.csv,DEP-0030-transport,MUNI-2675140,,ENT-POPULATION-MUNI-2675140,,SYS-POPULATION,SYS-FREIGHT,,transport,operational dependency,population/settlement entity,generalized external interface,exact,system-level,INFERRED,inferred,s11b_lodes_mi_od,moderate,limited,,directed_local_record,county/county_pair,2026 baseline,BASELINE_DEPENDENCY,State-matched LODES OD supports generalized commuting context; the dependency is inferred and exposes no individual paths or passenger surveillance.,Local uncertainty/notes retained in source artifact.,YES,YES,QUALITATIVE_ONLY,NO,VISUALIZATION_AND_QUALITATIVE_REASONING;QUALITATIVE_STRESS_TEST_ONLY;NO_QUANTITATIVE_AGGREGATION,Inferred relationship retained: State-matched LODES OD supports generalized commuting context; the dependency is inferred and exposes no individual paths or passenger surveillance.
AR-11B-DEP-0030-CLIMATE-HAZARD-929fc531,11B,data/processed/analysis/population_system_dependency_register.csv,DEP-0030-climate_hazard,MUNI-2675140,,ENT-POPULATION-MUNI-2675140,,SYS-POPULATION,,,climate_hazard,operational dependency,population/settlement entity,generalized external interface,exact,nonjoinable,INFERRED,inferred,phase9_hazard_context,limited,limited,,directed_local_record,county/regional,2026 baseline,BASELINE_DEPENDENCY,"Hazard interface is not exposure, dose, or health outcome.",Local uncertainty/notes retained in source artifact.,YES,YES,QUALITATIVE_ONLY,NO,VISUALIZATION_AND_QUALITATIVE_REASONING;QUALITATIVE_STRESS_TEST_ONLY;NO_QUANTITATIVE_AGGREGATION;SOURCE_LOCAL_ONLY;NO_EXACT_ATLAS_JOIN,"Inferred relationship retained: Hazard interface is not exposure, dose, or health outcome."
AR-11B-DEP-0030-ENVIRONMENTAL-HEALTH-829ea233,11B,data/processed/analysis/population_system_dependency_register.csv,DEP-0030-environmental_health,MUNI-2675140,,ENT-POPULATION-MUNI-2675140,,SYS-POPULATION,SYS-EXPOSURE,,environmental_health,exposure pathway,population/settlement entity,generalized external interface,exact,system-level,CONTEXT_REUSED,reused_context,phase7_exposure_context,limited,limited,,directed_local_record,county/regional,2026 baseline,BASELINE_DEPENDENCY,"Population presence is not exposure, dose, illness, or risk.",Local uncertainty/notes retained in source artifact.,YES,YES,QUALITATIVE_ONLY,NO,VISUALIZATION_AND_QUALITATIVE_REASONING;QUALITATIVE_STRESS_TEST_ONLY;NO_QUANTITATIVE_AGGREGATION,"Reused context retained and not counted as new evidence: Population presence is not exposure, dose, illness, or risk."
AR-11B-DEP-0030-ECOLOGY-LAND-5b916795,11B,data/processed/analysis/population_system_dependency_register.csv,DEP-0030-ecology_land,MUNI-2675140,,ENT-POPULATION-MUNI-2675140,,SYS-POPULATION,,,ecology_land,operational dependency,population/settlement entity,generalized external interface,exact,nonjoinable,INFERRED,inferred,phase6_ecology_context,limited,limited,,directed_local_record,county/regional,2026 baseline,BASELINE_DEPENDENCY,"No habitat quality, biodiversity, or ecological-risk score.",Local uncertainty/notes retained in source artifact.,YES,YES,QUALITATIVE_ONLY,NO,VISUALIZATION_AND_QUALITATIVE_REASONING;QUALITATIVE_STRESS_TEST_ONLY;NO_QUANTITATIVE_AGGREGATION;SOURCE_LOCAL_ONLY;NO_EXACT_ATLAS_JOIN,"Inferred relationship retained: No habitat quality, biodiversity, or ecological-risk score."
AR-11B-DEP-0030-BIOGEOCHEMICAL-27d5aa4d,11B,data/processed/analysis/population_system_dependency_register.csv,DEP-0030-biogeochemical,MUNI-2675140,,ENT-POPULATION-MUNI-2675140,,SYS-POPULATION,SYS-BIOGEOCHEMISTRY,,biogeochemical,material flow,population/settlement entity,generalized external interface,exact,system-level,INFERRED,inferred,phase8_biogeochemical_context,limited,limited,,directed_local_record,county/watershed,2026 baseline,BASELINE_DEPENDENCY,"No new nutrient load, concentration, or treatment outcome.",Local uncertainty/notes retained in source artifact.,YES,YES,QUALITATIVE_ONLY,NO,VISUALIZATION_AND_QUALITATIVE_REASONING;QUALITATIVE_STRESS_TEST_ONLY;NO_QUANTITATIVE_AGGREGATION,"Inferred relationship retained: No new nutrient load, concentration, or treatment outcome."
AR-11B-DEP-0030-HOUSING-INFRASTRUCTURE-ba0d9534,11B,data/processed/analysis/population_system_dependency_register.csv,DEP-0030-housing_infrastructure,MUNI-2675140,,ENT-POPULATION-MUNI-2675140,,SYS-POPULATION,,,housing_infrastructure,operational dependency,population/settlement entity,generalized external interface,exact,nonjoinable,INFERRED,inferred,s11a_acs_2024_5yr,limited,limited,,directed_local_record,county/place,2026 baseline,BASELINE_DEPENDENCY,"Housing context is not a condition, desirability, or vulnerability score.",Local uncertainty/notes retained in source artifact.,YES,YES,QUALITATIVE_ONLY,NO,VISUALIZATION_AND_QUALITATIVE_REASONING;QUALITATIVE_STRESS_TEST_ONLY;NO_QUANTITATIVE_AGGREGATION;SOURCE_LOCAL_ONLY;NO_EXACT_ATLAS_JOIN,"Inferred relationship retained: Housing context is not a condition, desirability, or vulnerability score."
AR-11B-DEP-0030-GOVERNANCE-9bb0aae1,11B,data/processed/analysis/population_system_dependency_register.csv,DEP-0030-governance,MUNI-2675140,,ENT-POPULATION-MUNI-2675140,,SYS-POPULATION,SYS-GOVERNANCE,,governance,operational dependency,population/settlement entity,generalized external interface,exact,system-level,INFERRED,inferred,phase10_governance_context,moderate,moderate,,directed_local_record,municipal/county,2026 baseline,BASELINE_DEPENDENCY,"Boundary, operator, service territory, and population served remain distinct.",Local uncertainty/notes retained in source artifact.,YES,YES,QUALITATIVE_ONLY,NO,VISUALIZATION_AND_QUALITATIVE_REASONING;QUALITATIVE_STRESS_TEST_ONLY;NO_QUANTITATIVE_AGGREGATION,"Inferred relationship retained: Boundary, operator, service territory, and population served remain distinct."
AR-11B-DEP-0031-WATER-1d2d3466,11B,data/processed/analysis/population_system_dependency_register.csv,DEP-0031-water,MUNI-2679120,,ENT-POPULATION-MUNI-2679120,,SYS-POPULATION,SYS-WATER,,water,operational dependency,population/settlement entity,generalized external interface,exact,system-level,INFERRED,inferred,phase10_governance_context,limited,limited,,directed_local_record,county/place,2026 baseline,BASELINE_DEPENDENCY,Generalized service-responsibility context only; no state-specific operator or exact resident-to-utility assignment.,Local uncertainty/notes retained in source artifact.,YES,YES,QUALITATIVE_ONLY,NO,VISUALIZATION_AND_QUALITATIVE_REASONING;QUALITATIVE_STRESS_TEST_ONLY;NO_QUANTITATIVE_AGGREGATION,Inferred relationship retained: Generalized service-responsibility context only; no state-specific operator or exact resident-to-utility assignment.
AR-11B-DEP-0031-WASTEWATER-828864f0,11B,data/processed/analysis/population_system_dependency_register.csv,DEP-0031-wastewater,MUNI-2679120,,ENT-POPULATION-MUNI-2679120,,SYS-POPULATION,SYS-WATER,,wastewater,operational dependency,population/settlement entity,generalized external interface,exact,system-level,INFERRED,inferred,phase10_governance_context,limited,limited,,directed_local_record,county/place,2026 baseline,BASELINE_DEPENDENCY,"Generalized service-responsibility context only; no state-specific permit, sewer territory, or load claim.",Local uncertainty/notes retained in source artifact.,YES,YES,QUALITATIVE_ONLY,NO,VISUALIZATION_AND_QUALITATIVE_REASONING;QUALITATIVE_STRESS_TEST_ONLY;NO_QUANTITATIVE_AGGREGATION,"Inferred relationship retained: Generalized service-responsibility context only; no state-specific permit, sewer territory, or load claim."
AR-11B-DEP-0031-ENERGY-243fbe4d,11B,data/processed/analysis/population_system_dependency_register.csv,DEP-0031-energy,MUNI-2679120,,ENT-POPULATION-MUNI-2679120,,SYS-POPULATION,SYS-ENERGY,,energy,operational dependency,population/settlement entity,generalized external interface,exact,system-level,INFERRED,inferred,phase10_s24_pjm,moderate,moderate,,directed_local_record,county/place,2026 baseline,BASELINE_DEPENDENCY,"Regional wholesale/high-voltage context only; no local distribution assignment, demand model, or outage probability.",Local uncertainty/notes retained in source artifact.,YES,YES,QUALITATIVE_ONLY,NO,VISUALIZATION_AND_QUALITATIVE_REASONING;QUALITATIVE_STRESS_TEST_ONLY;NO_QUANTITATIVE_AGGREGATION,"Inferred relationship retained: Regional wholesale/high-voltage context only; no local distribution assignment, demand model, or outage probability."
AR-11B-DEP-0031-TRANSPORT-6903ecd3,11B,data/processed/analysis/population_system_dependency_register.csv,DEP-0031-transport,MUNI-2679120,,ENT-POPULATION-MUNI-2679120,,SYS-POPULATION,SYS-FREIGHT,,transport,operational dependency,population/settlement entity,generalized external interface,exact,system-level,INFERRED,inferred,s11b_lodes_mi_od,moderate,limited,,directed_local_record,county/county_pair,2026 baseline,BASELINE_DEPENDENCY,State-matched LODES OD supports generalized commuting context; the dependency is inferred and exposes no individual paths or passenger surveillance.,Local uncertainty/notes retained in source artifact.,YES,YES,QUALITATIVE_ONLY,NO,VISUALIZATION_AND_QUALITATIVE_REASONING;QUALITATIVE_STRESS_TEST_ONLY;NO_QUANTITATIVE_AGGREGATION,Inferred relationship retained: State-matched LODES OD supports generalized commuting context; the dependency is inferred and exposes no individual paths or passenger surveillance.
AR-11B-DEP-0031-CLIMATE-HAZARD-ae203c81,11B,data/processed/analysis/population_system_dependency_register.csv,DEP-0031-climate_hazard,MUNI-2679120,,ENT-POPULATION-MUNI-2679120,,SYS-POPULATION,,,climate_hazard,operational dependency,population/settlement entity,generalized external interface,exact,nonjoinable,INFERRED,inferred,phase9_hazard_context,limited,limited,,directed_local_record,county/regional,2026 baseline,BASELINE_DEPENDENCY,"Hazard interface is not exposure, dose, or health outcome.",Local uncertainty/notes retained in source artifact.,YES,YES,QUALITATIVE_ONLY,NO,VISUALIZATION_AND_QUALITATIVE_REASONING;QUALITATIVE_STRESS_TEST_ONLY;NO_QUANTITATIVE_AGGREGATION;SOURCE_LOCAL_ONLY;NO_EXACT_ATLAS_JOIN,"Inferred relationship retained: Hazard interface is not exposure, dose, or health outcome."
AR-11B-DEP-0031-ENVIRONMENTAL-HEALTH-7c4b02a3,11B,data/processed/analysis/population_system_dependency_register.csv,DEP-0031-environmental_health,MUNI-2679120,,ENT-POPULATION-MUNI-2679120,,SYS-POPULATION,SYS-EXPOSURE,,environmental_health,exposure pathway,population/settlement entity,generalized external interface,exact,system-level,CONTEXT_REUSED,reused_context,phase7_exposure_context,limited,limited,,directed_local_record,county/regional,2026 baseline,BASELINE_DEPENDENCY,"Population presence is not exposure, dose, illness, or risk.",Local uncertainty/notes retained in source artifact.,YES,YES,QUALITATIVE_ONLY,NO,VISUALIZATION_AND_QUALITATIVE_REASONING;QUALITATIVE_STRESS_TEST_ONLY;NO_QUANTITATIVE_AGGREGATION,"Reused context retained and not counted as new evidence: Population presence is not exposure, dose, illness, or risk."
AR-11B-DEP-0031-ECOLOGY-LAND-075c2eea,11B,data/processed/analysis/population_system_dependency_register.csv,DEP-0031-ecology_land,MUNI-2679120,,ENT-POPULATION-MUNI-2679120,,SYS-POPULATION,,,ecology_land,operational dependency,population/settlement entity,generalized external interface,exact,nonjoinable,INFERRED,inferred,phase6_ecology_context,limited,limited,,directed_local_record,county/regional,2026 baseline,BASELINE_DEPENDENCY,"No habitat quality, biodiversity, or ecological-risk score.",Local uncertainty/notes retained in source artifact.,YES,YES,QUALITATIVE_ONLY,NO,VISUALIZATION_AND_QUALITATIVE_REASONING;QUALITATIVE_STRESS_TEST_ONLY;NO_QUANTITATIVE_AGGREGATION;SOURCE_LOCAL_ONLY;NO_EXACT_ATLAS_JOIN,"Inferred relationship retained: No habitat quality, biodiversity, or ecological-risk score."
AR-11B-DEP-0031-BIOGEOCHEMICAL-aa8239c5,11B,data/processed/analysis/population_system_dependency_register.csv,DEP-0031-biogeochemical,MUNI-2679120,,ENT-POPULATION-MUNI-2679120,,SYS-POPULATION,SYS-BIOGEOCHEMISTRY,,biogeochemical,material flow,population/settlement entity,generalized external interface,exact,system-level,INFERRED,inferred,phase8_biogeochemical_context,limited,limited,,directed_local_record,county/watershed,2026 baseline,BASELINE_DEPENDENCY,"No new nutrient load, concentration, or treatment outcome.",Local uncertainty/notes retained in source artifact.,YES,YES,QUALITATIVE_ONLY,NO,VISUALIZATION_AND_QUALITATIVE_REASONING;QUALITATIVE_STRESS_TEST_ONLY;NO_QUANTITATIVE_AGGREGATION,"Inferred relationship retained: No new nutrient load, concentration, or treatment outcome."
AR-11B-DEP-0031-HOUSING-INFRASTRUCTURE-e9efbf24,11B,data/processed/analysis/population_system_dependency_register.csv,DEP-0031-housing_infrastructure,MUNI-2679120,,ENT-POPULATION-MUNI-2679120,,SYS-POPULATION,,,housing_infrastructure,operational dependency,population/settlement entity,generalized external interface,exact,nonjoinable,INFERRED,inferred,s11a_acs_2024_5yr,limited,limited,,directed_local_record,county/place,2026 baseline,BASELINE_DEPENDENCY,"Housing context is not a condition, desirability, or vulnerability score.",Local uncertainty/notes retained in source artifact.,YES,YES,QUALITATIVE_ONLY,NO,VISUALIZATION_AND_QUALITATIVE_REASONING;QUALITATIVE_STRESS_TEST_ONLY;NO_QUANTITATIVE_AGGREGATION;SOURCE_LOCAL_ONLY;NO_EXACT_ATLAS_JOIN,"Inferred relationship retained: Housing context is not a condition, desirability, or vulnerability score."
AR-11B-DEP-0031-GOVERNANCE-794e0d29,11B,data/processed/analysis/population_system_dependency_register.csv,DEP-0031-governance,MUNI-2679120,,ENT-POPULATION-MUNI-2679120,,SYS-POPULATION,SYS-GOVERNANCE,,governance,operational dependency,population/settlement entity,generalized external interface,exact,system-level,INFERRED,inferred,phase10_governance_context,moderate,moderate,,directed_local_record,municipal/county,2026 baseline,BASELINE_DEPENDENCY,"Boundary, operator, service territory, and population served remain distinct.",Local uncertainty/notes retained in source artifact.,YES,YES,QUALITATIVE_ONLY,NO,VISUALIZATION_AND_QUALITATIVE_REASONING;QUALITATIVE_STRESS_TEST_ONLY;NO_QUANTITATIVE_AGGREGATION,"Inferred relationship retained: Boundary, operator, service territory, and population served remain distinct."
AR-11B-DEP-0032-WATER-caab3c5a,11B,data/processed/analysis/population_system_dependency_register.csv,DEP-0032-water,MUNI-2679240,,ENT-POPULATION-MUNI-2679240,,SYS-POPULATION,SYS-WATER,,water,operational dependency,population/settlement entity,generalized external interface,exact,system-level,INFERRED,inferred,phase10_governance_context,limited,limited,,directed_local_record,county/place,2026 baseline,BASELINE_DEPENDENCY,Generalized service-responsibility context only; no state-specific operator or exact resident-to-utility assignment.,Local uncertainty/notes retained in source artifact.,YES,YES,QUALITATIVE_ONLY,NO,VISUALIZATION_AND_QUALITATIVE_REASONING;QUALITATIVE_STRESS_TEST_ONLY;NO_QUANTITATIVE_AGGREGATION,Inferred relationship retained: Generalized service-responsibility context only; no state-specific operator or exact resident-to-utility assignment.
AR-11B-DEP-0032-WASTEWATER-75118589,11B,data/processed/analysis/population_system_dependency_register.csv,DEP-0032-wastewater,MUNI-2679240,,ENT-POPULATION-MUNI-2679240,,SYS-POPULATION,SYS-WATER,,wastewater,operational dependency,population/settlement entity,generalized external interface,exact,system-level,INFERRED,inferred,phase10_governance_context,limited,limited,,directed_local_record,county/place,2026 baseline,BASELINE_DEPENDENCY,"Generalized service-responsibility context only; no state-specific permit, sewer territory, or load claim.",Local uncertainty/notes retained in source artifact.,YES,YES,QUALITATIVE_ONLY,NO,VISUALIZATION_AND_QUALITATIVE_REASONING;QUALITATIVE_STRESS_TEST_ONLY;NO_QUANTITATIVE_AGGREGATION,"Inferred relationship retained: Generalized service-responsibility context only; no state-specific permit, sewer territory, or load claim."
AR-11B-DEP-0032-ENERGY-a7074fe3,11B,data/processed/analysis/population_system_dependency_register.csv,DEP-0032-energy,MUNI-2679240,,ENT-POPULATION-MUNI-2679240,,SYS-POPULATION,SYS-ENERGY,,energy,operational dependency,population/settlement entity,generalized external interface,exact,system-level,INFERRED,inferred,phase10_s24_pjm,moderate,moderate,,directed_local_record,county/place,2026 baseline,BASELINE_DEPENDENCY,"Regional wholesale/high-voltage context only; no local distribution assignment, demand model, or outage probability.",Local uncertainty/notes retained in source artifact.,YES,YES,QUALITATIVE_ONLY,NO,VISUALIZATION_AND_QUALITATIVE_REASONING;QUALITATIVE_STRESS_TEST_ONLY;NO_QUANTITATIVE_AGGREGATION,"Inferred relationship retained: Regional wholesale/high-voltage context only; no local distribution assignment, demand model, or outage probability."
AR-11B-DEP-0032-TRANSPORT-abea3d45,11B,data/processed/analysis/population_system_dependency_register.csv,DEP-0032-transport,MUNI-2679240,,ENT-POPULATION-MUNI-2679240,,SYS-POPULATION,SYS-FREIGHT,,transport,operational dependency,population/settlement entity,generalized external interface,exact,system-level,INFERRED,inferred,s11b_lodes_mi_od,moderate,limited,,directed_local_record,county/county_pair,2026 baseline,BASELINE_DEPENDENCY,State-matched LODES OD supports generalized commuting context; the dependency is inferred and exposes no individual paths or passenger surveillance.,Local uncertainty/notes retained in source artifact.,YES,YES,QUALITATIVE_ONLY,NO,VISUALIZATION_AND_QUALITATIVE_REASONING;QUALITATIVE_STRESS_TEST_ONLY;NO_QUANTITATIVE_AGGREGATION,Inferred relationship retained: State-matched LODES OD supports generalized commuting context; the dependency is inferred and exposes no individual paths or passenger surveillance.
AR-11B-DEP-0032-CLIMATE-HAZARD-2fa0b753,11B,data/processed/analysis/population_system_dependency_register.csv,DEP-0032-climate_hazard,MUNI-2679240,,ENT-POPULATION-MUNI-2679240,,SYS-POPULATION,,,climate_hazard,operational dependency,population/settlement entity,generalized external interface,exact,nonjoinable,INFERRED,inferred,phase9_hazard_context,limited,limited,,directed_local_record,county/regional,2026 baseline,BASELINE_DEPENDENCY,"Hazard interface is not exposure, dose, or health outcome.",Local uncertainty/notes retained in source artifact.,YES,YES,QUALITATIVE_ONLY,NO,VISUALIZATION_AND_QUALITATIVE_REASONING;QUALITATIVE_STRESS_TEST_ONLY;NO_QUANTITATIVE_AGGREGATION;SOURCE_LOCAL_ONLY;NO_EXACT_ATLAS_JOIN,"Inferred relationship retained: Hazard interface is not exposure, dose, or health outcome."
AR-11B-DEP-0032-ENVIRONMENTAL-HEALTH-4457783d,11B,data/processed/analysis/population_system_dependency_register.csv,DEP-0032-environmental_health,MUNI-2679240,,ENT-POPULATION-MUNI-2679240,,SYS-POPULATION,SYS-EXPOSURE,,environmental_health,exposure pathway,population/settlement entity,generalized external interface,exact,system-level,CONTEXT_REUSED,reused_context,phase7_exposure_context,limited,limited,,directed_local_record,county/regional,2026 baseline,BASELINE_DEPENDENCY,"Population presence is not exposure, dose, illness, or risk.",Local uncertainty/notes retained in source artifact.,YES,YES,QUALITATIVE_ONLY,NO,VISUALIZATION_AND_QUALITATIVE_REASONING;QUALITATIVE_STRESS_TEST_ONLY;NO_QUANTITATIVE_AGGREGATION,"Reused context retained and not counted as new evidence: Population presence is not exposure, dose, illness, or risk."
AR-11B-DEP-0032-ECOLOGY-LAND-84039ca5,11B,data/processed/analysis/population_system_dependency_register.csv,DEP-0032-ecology_land,MUNI-2679240,,ENT-POPULATION-MUNI-2679240,,SYS-POPULATION,,,ecology_land,operational dependency,population/settlement entity,generalized external interface,exact,nonjoinable,INFERRED,inferred,phase6_ecology_context,limited,limited,,directed_local_record,county/regional,2026 baseline,BASELINE_DEPENDENCY,"No habitat quality, biodiversity, or ecological-risk score.",Local uncertainty/notes retained in source artifact.,YES,YES,QUALITATIVE_ONLY,NO,VISUALIZATION_AND_QUALITATIVE_REASONING;QUALITATIVE_STRESS_TEST_ONLY;NO_QUANTITATIVE_AGGREGATION;SOURCE_LOCAL_ONLY;NO_EXACT_ATLAS_JOIN,"Inferred relationship retained: No habitat quality, biodiversity, or ecological-risk score."
AR-11B-DEP-0032-BIOGEOCHEMICAL-c338d53a,11B,data/processed/analysis/population_system_dependency_register.csv,DEP-0032-biogeochemical,MUNI-2679240,,ENT-POPULATION-MUNI-2679240,,SYS-POPULATION,SYS-BIOGEOCHEMISTRY,,biogeochemical,material flow,population/settlement entity,generalized external interface,exact,system-level,INFERRED,inferred,phase8_biogeochemical_context,limited,limited,,directed_local_record,county/watershed,2026 baseline,BASELINE_DEPENDENCY,"No new nutrient load, concentration, or treatment outcome.",Local uncertainty/notes retained in source artifact.,YES,YES,QUALITATIVE_ONLY,NO,VISUALIZATION_AND_QUALITATIVE_REASONING;QUALITATIVE_STRESS_TEST_ONLY;NO_QUANTITATIVE_AGGREGATION,"Inferred relationship retained: No new nutrient load, concentration, or treatment outcome."
AR-11B-DEP-0032-HOUSING-INFRASTRUCTURE-cd09534a,11B,data/processed/analysis/population_system_dependency_register.csv,DEP-0032-housing_infrastructure,MUNI-2679240,,ENT-POPULATION-MUNI-2679240,,SYS-POPULATION,,,housing_infrastructure,operational dependency,population/settlement entity,generalized external interface,exact,nonjoinable,INFERRED,inferred,s11a_acs_2024_5yr,limited,limited,,directed_local_record,county/place,2026 baseline,BASELINE_DEPENDENCY,"Housing context is not a condition, desirability, or vulnerability score.",Local uncertainty/notes retained in source artifact.,YES,YES,QUALITATIVE_ONLY,NO,VISUALIZATION_AND_QUALITATIVE_REASONING;QUALITATIVE_STRESS_TEST_ONLY;NO_QUANTITATIVE_AGGREGATION;SOURCE_LOCAL_ONLY;NO_EXACT_ATLAS_JOIN,"Inferred relationship retained: Housing context is not a condition, desirability, or vulnerability score."
AR-11B-DEP-0032-GOVERNANCE-1e596356,11B,data/processed/analysis/population_system_dependency_register.csv,DEP-0032-governance,MUNI-2679240,,ENT-POPULATION-MUNI-2679240,,SYS-POPULATION,SYS-GOVERNANCE,,governance,operational dependency,population/settlement entity,generalized external interface,exact,system-level,INFERRED,inferred,phase10_governance_context,moderate,moderate,,directed_local_record,municipal/county,2026 baseline,BASELINE_DEPENDENCY,"Boundary, operator, service territory, and population served remain distinct.",Local uncertainty/notes retained in source artifact.,YES,YES,QUALITATIVE_ONLY,NO,VISUALIZATION_AND_QUALITATIVE_REASONING;QUALITATIVE_STRESS_TEST_ONLY;NO_QUANTITATIVE_AGGREGATION,"Inferred relationship retained: Boundary, operator, service territory, and population served remain distinct."
AR-11B-DEP-0033-WATER-9769b746,11B,data/processed/analysis/population_system_dependency_register.csv,DEP-0033-water,MUNI-3907972,,ENT-POPULATION-MUNI-3907972,,SYS-POPULATION,SYS-WATER,,water,operational dependency,population/settlement entity,generalized external interface,exact,system-level,INFERRED,inferred,phase10_governance_context,limited,limited,,directed_local_record,county/place,2026 baseline,BASELINE_DEPENDENCY,Generalized service-responsibility context only; no state-specific operator or exact resident-to-utility assignment.,Local uncertainty/notes retained in source artifact.,YES,YES,QUALITATIVE_ONLY,NO,VISUALIZATION_AND_QUALITATIVE_REASONING;QUALITATIVE_STRESS_TEST_ONLY;NO_QUANTITATIVE_AGGREGATION,Inferred relationship retained: Generalized service-responsibility context only; no state-specific operator or exact resident-to-utility assignment.
AR-11B-DEP-0033-WASTEWATER-1098ee63,11B,data/processed/analysis/population_system_dependency_register.csv,DEP-0033-wastewater,MUNI-3907972,,ENT-POPULATION-MUNI-3907972,,SYS-POPULATION,SYS-WATER,,wastewater,operational dependency,population/settlement entity,generalized external interface,exact,system-level,INFERRED,inferred,phase10_s05_ohio_npdes,limited,limited,,directed_local_record,county/place,2026 baseline,BASELINE_DEPENDENCY,"Ohio regulatory program context only; no exact sewer territory, treatment load, or resident assignment.",Local uncertainty/notes retained in source artifact.,YES,YES,QUALITATIVE_ONLY,NO,VISUALIZATION_AND_QUALITATIVE_REASONING;QUALITATIVE_STRESS_TEST_ONLY;NO_QUANTITATIVE_AGGREGATION,"Inferred relationship retained: Ohio regulatory program context only; no exact sewer territory, treatment load, or resident assignment."
AR-11B-DEP-0033-ENERGY-ba0e2d6c,11B,data/processed/analysis/population_system_dependency_register.csv,DEP-0033-energy,MUNI-3907972,,ENT-POPULATION-MUNI-3907972,,SYS-POPULATION,SYS-ENERGY,,energy,operational dependency,population/settlement entity,generalized external interface,exact,system-level,INFERRED,inferred,phase10_s24_pjm,moderate,moderate,,directed_local_record,county/place,2026 baseline,BASELINE_DEPENDENCY,"Regional wholesale/high-voltage context only; no local distribution assignment, demand model, or outage probability.",Local uncertainty/notes retained in source artifact.,YES,YES,QUALITATIVE_ONLY,NO,VISUALIZATION_AND_QUALITATIVE_REASONING;QUALITATIVE_STRESS_TEST_ONLY;NO_QUANTITATIVE_AGGREGATION,"Inferred relationship retained: Regional wholesale/high-voltage context only; no local distribution assignment, demand model, or outage probability."
AR-11B-DEP-0033-TRANSPORT-be8f2448,11B,data/processed/analysis/population_system_dependency_register.csv,DEP-0033-transport,MUNI-3907972,,ENT-POPULATION-MUNI-3907972,,SYS-POPULATION,SYS-FREIGHT,,transport,operational dependency,population/settlement entity,generalized external interface,exact,system-level,INFERRED,inferred,s11b_lodes_oh_od,moderate,limited,,directed_local_record,county/county_pair,2026 baseline,BASELINE_DEPENDENCY,State-matched LODES OD supports generalized commuting context; the dependency is inferred and exposes no individual paths or passenger surveillance.,Local uncertainty/notes retained in source artifact.,YES,YES,QUALITATIVE_ONLY,NO,VISUALIZATION_AND_QUALITATIVE_REASONING;QUALITATIVE_STRESS_TEST_ONLY;NO_QUANTITATIVE_AGGREGATION,Inferred relationship retained: State-matched LODES OD supports generalized commuting context; the dependency is inferred and exposes no individual paths or passenger surveillance.
AR-11B-DEP-0033-CLIMATE-HAZARD-8552fd7d,11B,data/processed/analysis/population_system_dependency_register.csv,DEP-0033-climate_hazard,MUNI-3907972,,ENT-POPULATION-MUNI-3907972,,SYS-POPULATION,,,climate_hazard,operational dependency,population/settlement entity,generalized external interface,exact,nonjoinable,INFERRED,inferred,phase9_hazard_context,limited,limited,,directed_local_record,county/regional,2026 baseline,BASELINE_DEPENDENCY,"Hazard interface is not exposure, dose, or health outcome.",Local uncertainty/notes retained in source artifact.,YES,YES,QUALITATIVE_ONLY,NO,VISUALIZATION_AND_QUALITATIVE_REASONING;QUALITATIVE_STRESS_TEST_ONLY;NO_QUANTITATIVE_AGGREGATION;SOURCE_LOCAL_ONLY;NO_EXACT_ATLAS_JOIN,"Inferred relationship retained: Hazard interface is not exposure, dose, or health outcome."
AR-11B-DEP-0033-ENVIRONMENTAL-HEALTH-16c95394,11B,data/processed/analysis/population_system_dependency_register.csv,DEP-0033-environmental_health,MUNI-3907972,,ENT-POPULATION-MUNI-3907972,,SYS-POPULATION,SYS-EXPOSURE,,environmental_health,exposure pathway,population/settlement entity,generalized external interface,exact,system-level,CONTEXT_REUSED,reused_context,phase7_exposure_context,limited,limited,,directed_local_record,county/regional,2026 baseline,BASELINE_DEPENDENCY,"Population presence is not exposure, dose, illness, or risk.",Local uncertainty/notes retained in source artifact.,YES,YES,QUALITATIVE_ONLY,NO,VISUALIZATION_AND_QUALITATIVE_REASONING;QUALITATIVE_STRESS_TEST_ONLY;NO_QUANTITATIVE_AGGREGATION,"Reused context retained and not counted as new evidence: Population presence is not exposure, dose, illness, or risk."
AR-11B-DEP-0033-ECOLOGY-LAND-9bf3c809,11B,data/processed/analysis/population_system_dependency_register.csv,DEP-0033-ecology_land,MUNI-3907972,,ENT-POPULATION-MUNI-3907972,,SYS-POPULATION,,,ecology_land,operational dependency,population/settlement entity,generalized external interface,exact,nonjoinable,INFERRED,inferred,phase6_ecology_context,limited,limited,,directed_local_record,county/regional,2026 baseline,BASELINE_DEPENDENCY,"No habitat quality, biodiversity, or ecological-risk score.",Local uncertainty/notes retained in source artifact.,YES,YES,QUALITATIVE_ONLY,NO,VISUALIZATION_AND_QUALITATIVE_REASONING;QUALITATIVE_STRESS_TEST_ONLY;NO_QUANTITATIVE_AGGREGATION;SOURCE_LOCAL_ONLY;NO_EXACT_ATLAS_JOIN,"Inferred relationship retained: No habitat quality, biodiversity, or ecological-risk score."
AR-11B-DEP-0033-BIOGEOCHEMICAL-3600b3ac,11B,data/processed/analysis/population_system_dependency_register.csv,DEP-0033-biogeochemical,MUNI-3907972,,ENT-POPULATION-MUNI-3907972,,SYS-POPULATION,SYS-BIOGEOCHEMISTRY,,biogeochemical,material flow,population/settlement entity,generalized external interface,exact,system-level,INFERRED,inferred,phase8_biogeochemical_context,limited,limited,,directed_local_record,county/watershed,2026 baseline,BASELINE_DEPENDENCY,"No new nutrient load, concentration, or treatment outcome.",Local uncertainty/notes retained in source artifact.,YES,YES,QUALITATIVE_ONLY,NO,VISUALIZATION_AND_QUALITATIVE_REASONING;QUALITATIVE_STRESS_TEST_ONLY;NO_QUANTITATIVE_AGGREGATION,"Inferred relationship retained: No new nutrient load, concentration, or treatment outcome."
AR-11B-DEP-0033-HOUSING-INFRASTRUCTURE-d0704be7,11B,data/processed/analysis/population_system_dependency_register.csv,DEP-0033-housing_infrastructure,MUNI-3907972,,ENT-POPULATION-MUNI-3907972,,SYS-POPULATION,,,housing_infrastructure,operational dependency,population/settlement entity,generalized external interface,exact,nonjoinable,INFERRED,inferred,s11a_acs_2024_5yr,limited,limited,,directed_local_record,county/place,2026 baseline,BASELINE_DEPENDENCY,"Housing context is not a condition, desirability, or vulnerability score.",Local uncertainty/notes retained in source artifact.,YES,YES,QUALITATIVE_ONLY,NO,VISUALIZATION_AND_QUALITATIVE_REASONING;QUALITATIVE_STRESS_TEST_ONLY;NO_QUANTITATIVE_AGGREGATION;SOURCE_LOCAL_ONLY;NO_EXACT_ATLAS_JOIN,"Inferred relationship retained: Housing context is not a condition, desirability, or vulnerability score."
AR-11B-DEP-0033-GOVERNANCE-342a5865,11B,data/processed/analysis/population_system_dependency_register.csv,DEP-0033-governance,MUNI-3907972,,ENT-POPULATION-MUNI-3907972,,SYS-POPULATION,SYS-GOVERNANCE,,governance,operational dependency,population/settlement entity,generalized external interface,exact,system-level,INFERRED,inferred,phase10_governance_context,moderate,moderate,,directed_local_record,municipal/county,2026 baseline,BASELINE_DEPENDENCY,"Boundary, operator, service territory, and population served remain distinct.",Local uncertainty/notes retained in source artifact.,YES,YES,QUALITATIVE_ONLY,NO,VISUALIZATION_AND_QUALITATIVE_REASONING;QUALITATIVE_STRESS_TEST_ONLY;NO_QUANTITATIVE_AGGREGATION,"Inferred relationship retained: Boundary, operator, service territory, and population served remain distinct."
AR-11B-DEP-0034-WATER-10183d5d,11B,data/processed/analysis/population_system_dependency_register.csv,DEP-0034-water,MUNI-3909792,,ENT-POPULATION-MUNI-3909792,,SYS-POPULATION,SYS-WATER,,water,operational dependency,population/settlement entity,generalized external interface,exact,system-level,INFERRED,inferred,phase10_governance_context,limited,limited,,directed_local_record,county/place,2026 baseline,BASELINE_DEPENDENCY,Generalized service-responsibility context only; no state-specific operator or exact resident-to-utility assignment.,Local uncertainty/notes retained in source artifact.,YES,YES,QUALITATIVE_ONLY,NO,VISUALIZATION_AND_QUALITATIVE_REASONING;QUALITATIVE_STRESS_TEST_ONLY;NO_QUANTITATIVE_AGGREGATION,Inferred relationship retained: Generalized service-responsibility context only; no state-specific operator or exact resident-to-utility assignment.
AR-11B-DEP-0034-WASTEWATER-9d75b101,11B,data/processed/analysis/population_system_dependency_register.csv,DEP-0034-wastewater,MUNI-3909792,,ENT-POPULATION-MUNI-3909792,,SYS-POPULATION,SYS-WATER,,wastewater,operational dependency,population/settlement entity,generalized external interface,exact,system-level,INFERRED,inferred,phase10_s05_ohio_npdes,limited,limited,,directed_local_record,county/place,2026 baseline,BASELINE_DEPENDENCY,"Ohio regulatory program context only; no exact sewer territory, treatment load, or resident assignment.",Local uncertainty/notes retained in source artifact.,YES,YES,QUALITATIVE_ONLY,NO,VISUALIZATION_AND_QUALITATIVE_REASONING;QUALITATIVE_STRESS_TEST_ONLY;NO_QUANTITATIVE_AGGREGATION,"Inferred relationship retained: Ohio regulatory program context only; no exact sewer territory, treatment load, or resident assignment."
AR-11B-DEP-0034-ENERGY-a59f4f68,11B,data/processed/analysis/population_system_dependency_register.csv,DEP-0034-energy,MUNI-3909792,,ENT-POPULATION-MUNI-3909792,,SYS-POPULATION,SYS-ENERGY,,energy,operational dependency,population/settlement entity,generalized external interface,exact,system-level,INFERRED,inferred,phase10_s24_pjm,moderate,moderate,,directed_local_record,county/place,2026 baseline,BASELINE_DEPENDENCY,"Regional wholesale/high-voltage context only; no local distribution assignment, demand model, or outage probability.",Local uncertainty/notes retained in source artifact.,YES,YES,QUALITATIVE_ONLY,NO,VISUALIZATION_AND_QUALITATIVE_REASONING;QUALITATIVE_STRESS_TEST_ONLY;NO_QUANTITATIVE_AGGREGATION,"Inferred relationship retained: Regional wholesale/high-voltage context only; no local distribution assignment, demand model, or outage probability."
AR-11B-DEP-0034-TRANSPORT-d8159e65,11B,data/processed/analysis/population_system_dependency_register.csv,DEP-0034-transport,MUNI-3909792,,ENT-POPULATION-MUNI-3909792,,SYS-POPULATION,SYS-FREIGHT,,transport,operational dependency,population/settlement entity,generalized external interface,exact,system-level,INFERRED,inferred,s11b_lodes_oh_od,moderate,limited,,directed_local_record,county/county_pair,2026 baseline,BASELINE_DEPENDENCY,State-matched LODES OD supports generalized commuting context; the dependency is inferred and exposes no individual paths or passenger surveillance.,Local uncertainty/notes retained in source artifact.,YES,YES,QUALITATIVE_ONLY,NO,VISUALIZATION_AND_QUALITATIVE_REASONING;QUALITATIVE_STRESS_TEST_ONLY;NO_QUANTITATIVE_AGGREGATION,Inferred relationship retained: State-matched LODES OD supports generalized commuting context; the dependency is inferred and exposes no individual paths or passenger surveillance.
AR-11B-DEP-0034-CLIMATE-HAZARD-fc450014,11B,data/processed/analysis/population_system_dependency_register.csv,DEP-0034-climate_hazard,MUNI-3909792,,ENT-POPULATION-MUNI-3909792,,SYS-POPULATION,,,climate_hazard,operational dependency,population/settlement entity,generalized external interface,exact,nonjoinable,INFERRED,inferred,phase9_hazard_context,limited,limited,,directed_local_record,county/regional,2026 baseline,BASELINE_DEPENDENCY,"Hazard interface is not exposure, dose, or health outcome.",Local uncertainty/notes retained in source artifact.,YES,YES,QUALITATIVE_ONLY,NO,VISUALIZATION_AND_QUALITATIVE_REASONING;QUALITATIVE_STRESS_TEST_ONLY;NO_QUANTITATIVE_AGGREGATION;SOURCE_LOCAL_ONLY;NO_EXACT_ATLAS_JOIN,"Inferred relationship retained: Hazard interface is not exposure, dose, or health outcome."
AR-11B-DEP-0034-ENVIRONMENTAL-HEALTH-52cfd8a9,11B,data/processed/analysis/population_system_dependency_register.csv,DEP-0034-environmental_health,MUNI-3909792,,ENT-POPULATION-MUNI-3909792,,SYS-POPULATION,SYS-EXPOSURE,,environmental_health,exposure pathway,population/settlement entity,generalized external interface,exact,system-level,CONTEXT_REUSED,reused_context,phase7_exposure_context,limited,limited,,directed_local_record,county/regional,2026 baseline,BASELINE_DEPENDENCY,"Population presence is not exposure, dose, illness, or risk.",Local uncertainty/notes retained in source artifact.,YES,YES,QUALITATIVE_ONLY,NO,VISUALIZATION_AND_QUALITATIVE_REASONING;QUALITATIVE_STRESS_TEST_ONLY;NO_QUANTITATIVE_AGGREGATION,"Reused context retained and not counted as new evidence: Population presence is not exposure, dose, illness, or risk."
AR-11B-DEP-0034-ECOLOGY-LAND-b54c0bda,11B,data/processed/analysis/population_system_dependency_register.csv,DEP-0034-ecology_land,MUNI-3909792,,ENT-POPULATION-MUNI-3909792,,SYS-POPULATION,,,ecology_land,operational dependency,population/settlement entity,generalized external interface,exact,nonjoinable,INFERRED,inferred,phase6_ecology_context,limited,limited,,directed_local_record,county/regional,2026 baseline,BASELINE_DEPENDENCY,"No habitat quality, biodiversity, or ecological-risk score.",Local uncertainty/notes retained in source artifact.,YES,YES,QUALITATIVE_ONLY,NO,VISUALIZATION_AND_QUALITATIVE_REASONING;QUALITATIVE_STRESS_TEST_ONLY;NO_QUANTITATIVE_AGGREGATION;SOURCE_LOCAL_ONLY;NO_EXACT_ATLAS_JOIN,"Inferred relationship retained: No habitat quality, biodiversity, or ecological-risk score."
AR-11B-DEP-0034-BIOGEOCHEMICAL-e0e06916,11B,data/processed/analysis/population_system_dependency_register.csv,DEP-0034-biogeochemical,MUNI-3909792,,ENT-POPULATION-MUNI-3909792,,SYS-POPULATION,SYS-BIOGEOCHEMISTRY,,biogeochemical,material flow,population/settlement entity,generalized external interface,exact,system-level,INFERRED,inferred,phase8_biogeochemical_context,limited,limited,,directed_local_record,county/watershed,2026 baseline,BASELINE_DEPENDENCY,"No new nutrient load, concentration, or treatment outcome.",Local uncertainty/notes retained in source artifact.,YES,YES,QUALITATIVE_ONLY,NO,VISUALIZATION_AND_QUALITATIVE_REASONING;QUALITATIVE_STRESS_TEST_ONLY;NO_QUANTITATIVE_AGGREGATION,"Inferred relationship retained: No new nutrient load, concentration, or treatment outcome."
AR-11B-DEP-0034-HOUSING-INFRASTRUCTURE-7a323273,11B,data/processed/analysis/population_system_dependency_register.csv,DEP-0034-housing_infrastructure,MUNI-3909792,,ENT-POPULATION-MUNI-3909792,,SYS-POPULATION,,,housing_infrastructure,operational dependency,population/settlement entity,generalized external interface,exact,nonjoinable,INFERRED,inferred,s11a_acs_2024_5yr,limited,limited,,directed_local_record,county/place,2026 baseline,BASELINE_DEPENDENCY,"Housing context is not a condition, desirability, or vulnerability score.",Local uncertainty/notes retained in source artifact.,YES,YES,QUALITATIVE_ONLY,NO,VISUALIZATION_AND_QUALITATIVE_REASONING;QUALITATIVE_STRESS_TEST_ONLY;NO_QUANTITATIVE_AGGREGATION;SOURCE_LOCAL_ONLY;NO_EXACT_ATLAS_JOIN,"Inferred relationship retained: Housing context is not a condition, desirability, or vulnerability score."
AR-11B-DEP-0034-GOVERNANCE-59c6717b,11B,data/processed/analysis/population_system_dependency_register.csv,DEP-0034-governance,MUNI-3909792,,ENT-POPULATION-MUNI-3909792,,SYS-POPULATION,SYS-GOVERNANCE,,governance,operational dependency,population/settlement entity,generalized external interface,exact,system-level,INFERRED,inferred,phase10_governance_context,moderate,moderate,,directed_local_record,municipal/county,2026 baseline,BASELINE_DEPENDENCY,"Boundary, operator, service territory, and population served remain distinct.",Local uncertainty/notes retained in source artifact.,YES,YES,QUALITATIVE_ONLY,NO,VISUALIZATION_AND_QUALITATIVE_REASONING;QUALITATIVE_STRESS_TEST_ONLY;NO_QUANTITATIVE_AGGREGATION,"Inferred relationship retained: Boundary, operator, service territory, and population served remain distinct."
AR-11B-DEP-0035-WATER-fcb45ade,11B,data/processed/analysis/population_system_dependency_register.csv,DEP-0035-water,MUNI-3916308,,ENT-POPULATION-MUNI-3916308,,SYS-POPULATION,SYS-WATER,,water,operational dependency,population/settlement entity,generalized external interface,exact,system-level,INFERRED,inferred,phase10_governance_context,limited,limited,,directed_local_record,county/place,2026 baseline,BASELINE_DEPENDENCY,Generalized service-responsibility context only; no state-specific operator or exact resident-to-utility assignment.,Local uncertainty/notes retained in source artifact.,YES,YES,QUALITATIVE_ONLY,NO,VISUALIZATION_AND_QUALITATIVE_REASONING;QUALITATIVE_STRESS_TEST_ONLY;NO_QUANTITATIVE_AGGREGATION,Inferred relationship retained: Generalized service-responsibility context only; no state-specific operator or exact resident-to-utility assignment.
AR-11B-DEP-0035-WASTEWATER-92d66e5c,11B,data/processed/analysis/population_system_dependency_register.csv,DEP-0035-wastewater,MUNI-3916308,,ENT-POPULATION-MUNI-3916308,,SYS-POPULATION,SYS-WATER,,wastewater,operational dependency,population/settlement entity,generalized external interface,exact,system-level,INFERRED,inferred,phase10_s05_ohio_npdes,limited,limited,,directed_local_record,county/place,2026 baseline,BASELINE_DEPENDENCY,"Ohio regulatory program context only; no exact sewer territory, treatment load, or resident assignment.",Local uncertainty/notes retained in source artifact.,YES,YES,QUALITATIVE_ONLY,NO,VISUALIZATION_AND_QUALITATIVE_REASONING;QUALITATIVE_STRESS_TEST_ONLY;NO_QUANTITATIVE_AGGREGATION,"Inferred relationship retained: Ohio regulatory program context only; no exact sewer territory, treatment load, or resident assignment."
AR-11B-DEP-0035-ENERGY-bfdd0422,11B,data/processed/analysis/population_system_dependency_register.csv,DEP-0035-energy,MUNI-3916308,,ENT-POPULATION-MUNI-3916308,,SYS-POPULATION,SYS-ENERGY,,energy,operational dependency,population/settlement entity,generalized external interface,exact,system-level,INFERRED,inferred,phase10_s24_pjm,moderate,moderate,,directed_local_record,county/place,2026 baseline,BASELINE_DEPENDENCY,"Regional wholesale/high-voltage context only; no local distribution assignment, demand model, or outage probability.",Local uncertainty/notes retained in source artifact.,YES,YES,QUALITATIVE_ONLY,NO,VISUALIZATION_AND_QUALITATIVE_REASONING;QUALITATIVE_STRESS_TEST_ONLY;NO_QUANTITATIVE_AGGREGATION,"Inferred relationship retained: Regional wholesale/high-voltage context only; no local distribution assignment, demand model, or outage probability."
AR-11B-DEP-0035-TRANSPORT-94b78d09,11B,data/processed/analysis/population_system_dependency_register.csv,DEP-0035-transport,MUNI-3916308,,ENT-POPULATION-MUNI-3916308,,SYS-POPULATION,SYS-FREIGHT,,transport,operational dependency,population/settlement entity,generalized external interface,exact,system-level,INFERRED,inferred,s11b_lodes_oh_od,moderate,limited,,directed_local_record,county/county_pair,2026 baseline,BASELINE_DEPENDENCY,State-matched LODES OD supports generalized commuting context; the dependency is inferred and exposes no individual paths or passenger surveillance.,Local uncertainty/notes retained in source artifact.,YES,YES,QUALITATIVE_ONLY,NO,VISUALIZATION_AND_QUALITATIVE_REASONING;QUALITATIVE_STRESS_TEST_ONLY;NO_QUANTITATIVE_AGGREGATION,Inferred relationship retained: State-matched LODES OD supports generalized commuting context; the dependency is inferred and exposes no individual paths or passenger surveillance.
AR-11B-DEP-0035-CLIMATE-HAZARD-ae41a4d3,11B,data/processed/analysis/population_system_dependency_register.csv,DEP-0035-climate_hazard,MUNI-3916308,,ENT-POPULATION-MUNI-3916308,,SYS-POPULATION,,,climate_hazard,operational dependency,population/settlement entity,generalized external interface,exact,nonjoinable,INFERRED,inferred,phase9_hazard_context,limited,limited,,directed_local_record,county/regional,2026 baseline,BASELINE_DEPENDENCY,"Hazard interface is not exposure, dose, or health outcome.",Local uncertainty/notes retained in source artifact.,YES,YES,QUALITATIVE_ONLY,NO,VISUALIZATION_AND_QUALITATIVE_REASONING;QUALITATIVE_STRESS_TEST_ONLY;NO_QUANTITATIVE_AGGREGATION;SOURCE_LOCAL_ONLY;NO_EXACT_ATLAS_JOIN,"Inferred relationship retained: Hazard interface is not exposure, dose, or health outcome."
AR-11B-DEP-0035-ENVIRONMENTAL-HEALTH-9d5fef63,11B,data/processed/analysis/population_system_dependency_register.csv,DEP-0035-environmental_health,MUNI-3916308,,ENT-POPULATION-MUNI-3916308,,SYS-POPULATION,SYS-EXPOSURE,,environmental_health,exposure pathway,population/settlement entity,generalized external interface,exact,system-level,CONTEXT_REUSED,reused_context,phase7_exposure_context,limited,limited,,directed_local_record,county/regional,2026 baseline,BASELINE_DEPENDENCY,"Population presence is not exposure, dose, illness, or risk.",Local uncertainty/notes retained in source artifact.,YES,YES,QUALITATIVE_ONLY,NO,VISUALIZATION_AND_QUALITATIVE_REASONING;QUALITATIVE_STRESS_TEST_ONLY;NO_QUANTITATIVE_AGGREGATION,"Reused context retained and not counted as new evidence: Population presence is not exposure, dose, illness, or risk."
AR-11B-DEP-0035-ECOLOGY-LAND-c9d80e05,11B,data/processed/analysis/population_system_dependency_register.csv,DEP-0035-ecology_land,MUNI-3916308,,ENT-POPULATION-MUNI-3916308,,SYS-POPULATION,,,ecology_land,operational dependency,population/settlement entity,generalized external interface,exact,nonjoinable,INFERRED,inferred,phase6_ecology_context,limited,limited,,directed_local_record,county/regional,2026 baseline,BASELINE_DEPENDENCY,"No habitat quality, biodiversity, or ecological-risk score.",Local uncertainty/notes retained in source artifact.,YES,YES,QUALITATIVE_ONLY,NO,VISUALIZATION_AND_QUALITATIVE_REASONING;QUALITATIVE_STRESS_TEST_ONLY;NO_QUANTITATIVE_AGGREGATION;SOURCE_LOCAL_ONLY;NO_EXACT_ATLAS_JOIN,"Inferred relationship retained: No habitat quality, biodiversity, or ecological-risk score."
AR-11B-DEP-0035-BIOGEOCHEMICAL-eea6558f,11B,data/processed/analysis/population_system_dependency_register.csv,DEP-0035-biogeochemical,MUNI-3916308,,ENT-POPULATION-MUNI-3916308,,SYS-POPULATION,SYS-BIOGEOCHEMISTRY,,biogeochemical,material flow,population/settlement entity,generalized external interface,exact,system-level,INFERRED,inferred,phase8_biogeochemical_context,limited,limited,,directed_local_record,county/watershed,2026 baseline,BASELINE_DEPENDENCY,"No new nutrient load, concentration, or treatment outcome.",Local uncertainty/notes retained in source artifact.,YES,YES,QUALITATIVE_ONLY,NO,VISUALIZATION_AND_QUALITATIVE_REASONING;QUALITATIVE_STRESS_TEST_ONLY;NO_QUANTITATIVE_AGGREGATION,"Inferred relationship retained: No new nutrient load, concentration, or treatment outcome."
AR-11B-DEP-0035-HOUSING-INFRASTRUCTURE-dfcbdfa5,11B,data/processed/analysis/population_system_dependency_register.csv,DEP-0035-housing_infrastructure,MUNI-3916308,,ENT-POPULATION-MUNI-3916308,,SYS-POPULATION,,,housing_infrastructure,operational dependency,population/settlement entity,generalized external interface,exact,nonjoinable,INFERRED,inferred,s11a_acs_2024_5yr,limited,limited,,directed_local_record,county/place,2026 baseline,BASELINE_DEPENDENCY,"Housing context is not a condition, desirability, or vulnerability score.",Local uncertainty/notes retained in source artifact.,YES,YES,QUALITATIVE_ONLY,NO,VISUALIZATION_AND_QUALITATIVE_REASONING;QUALITATIVE_STRESS_TEST_ONLY;NO_QUANTITATIVE_AGGREGATION;SOURCE_LOCAL_ONLY;NO_EXACT_ATLAS_JOIN,"Inferred relationship retained: Housing context is not a condition, desirability, or vulnerability score."
AR-11B-DEP-0035-GOVERNANCE-32ed83b5,11B,data/processed/analysis/population_system_dependency_register.csv,DEP-0035-governance,MUNI-3916308,,ENT-POPULATION-MUNI-3916308,,SYS-POPULATION,SYS-GOVERNANCE,,governance,operational dependency,population/settlement entity,generalized external interface,exact,system-level,INFERRED,inferred,phase10_governance_context,moderate,moderate,,directed_local_record,municipal/county,2026 baseline,BASELINE_DEPENDENCY,"Boundary, operator, service territory, and population served remain distinct.",Local uncertainty/notes retained in source artifact.,YES,YES,QUALITATIVE_ONLY,NO,VISUALIZATION_AND_QUALITATIVE_REASONING;QUALITATIVE_STRESS_TEST_ONLY;NO_QUANTITATIVE_AGGREGATION,"Inferred relationship retained: Boundary, operator, service territory, and population served remain distinct."
AR-11B-DEP-0036-WATER-28a66577,11B,data/processed/analysis/population_system_dependency_register.csv,DEP-0036-water,MUNI-3921308,,ENT-POPULATION-MUNI-3921308,,SYS-POPULATION,SYS-WATER,,water,operational dependency,population/settlement entity,generalized external interface,exact,system-level,INFERRED,inferred,phase10_governance_context,limited,limited,,directed_local_record,county/place,2026 baseline,BASELINE_DEPENDENCY,Generalized service-responsibility context only; no state-specific operator or exact resident-to-utility assignment.,Local uncertainty/notes retained in source artifact.,YES,YES,QUALITATIVE_ONLY,NO,VISUALIZATION_AND_QUALITATIVE_REASONING;QUALITATIVE_STRESS_TEST_ONLY;NO_QUANTITATIVE_AGGREGATION,Inferred relationship retained: Generalized service-responsibility context only; no state-specific operator or exact resident-to-utility assignment.
AR-11B-DEP-0036-WASTEWATER-3ccf95c1,11B,data/processed/analysis/population_system_dependency_register.csv,DEP-0036-wastewater,MUNI-3921308,,ENT-POPULATION-MUNI-3921308,,SYS-POPULATION,SYS-WATER,,wastewater,operational dependency,population/settlement entity,generalized external interface,exact,system-level,INFERRED,inferred,phase10_s05_ohio_npdes,limited,limited,,directed_local_record,county/place,2026 baseline,BASELINE_DEPENDENCY,"Ohio regulatory program context only; no exact sewer territory, treatment load, or resident assignment.",Local uncertainty/notes retained in source artifact.,YES,YES,QUALITATIVE_ONLY,NO,VISUALIZATION_AND_QUALITATIVE_REASONING;QUALITATIVE_STRESS_TEST_ONLY;NO_QUANTITATIVE_AGGREGATION,"Inferred relationship retained: Ohio regulatory program context only; no exact sewer territory, treatment load, or resident assignment."
AR-11B-DEP-0036-ENERGY-8960092b,11B,data/processed/analysis/population_system_dependency_register.csv,DEP-0036-energy,MUNI-3921308,,ENT-POPULATION-MUNI-3921308,,SYS-POPULATION,SYS-ENERGY,,energy,operational dependency,population/settlement entity,generalized external interface,exact,system-level,INFERRED,inferred,phase10_s24_pjm,moderate,moderate,,directed_local_record,county/place,2026 baseline,BASELINE_DEPENDENCY,"Regional wholesale/high-voltage context only; no local distribution assignment, demand model, or outage probability.",Local uncertainty/notes retained in source artifact.,YES,YES,QUALITATIVE_ONLY,NO,VISUALIZATION_AND_QUALITATIVE_REASONING;QUALITATIVE_STRESS_TEST_ONLY;NO_QUANTITATIVE_AGGREGATION,"Inferred relationship retained: Regional wholesale/high-voltage context only; no local distribution assignment, demand model, or outage probability."
AR-11B-DEP-0036-TRANSPORT-d14c625a,11B,data/processed/analysis/population_system_dependency_register.csv,DEP-0036-transport,MUNI-3921308,,ENT-POPULATION-MUNI-3921308,,SYS-POPULATION,SYS-FREIGHT,,transport,operational dependency,population/settlement entity,generalized external interface,exact,system-level,INFERRED,inferred,s11b_lodes_oh_od,moderate,limited,,directed_local_record,county/county_pair,2026 baseline,BASELINE_DEPENDENCY,State-matched LODES OD supports generalized commuting context; the dependency is inferred and exposes no individual paths or passenger surveillance.,Local uncertainty/notes retained in source artifact.,YES,YES,QUALITATIVE_ONLY,NO,VISUALIZATION_AND_QUALITATIVE_REASONING;QUALITATIVE_STRESS_TEST_ONLY;NO_QUANTITATIVE_AGGREGATION,Inferred relationship retained: State-matched LODES OD supports generalized commuting context; the dependency is inferred and exposes no individual paths or passenger surveillance.
AR-11B-DEP-0036-CLIMATE-HAZARD-591c540b,11B,data/processed/analysis/population_system_dependency_register.csv,DEP-0036-climate_hazard,MUNI-3921308,,ENT-POPULATION-MUNI-3921308,,SYS-POPULATION,,,climate_hazard,operational dependency,population/settlement entity,generalized external interface,exact,nonjoinable,INFERRED,inferred,phase9_hazard_context,limited,limited,,directed_local_record,county/regional,2026 baseline,BASELINE_DEPENDENCY,"Hazard interface is not exposure, dose, or health outcome.",Local uncertainty/notes retained in source artifact.,YES,YES,QUALITATIVE_ONLY,NO,VISUALIZATION_AND_QUALITATIVE_REASONING;QUALITATIVE_STRESS_TEST_ONLY;NO_QUANTITATIVE_AGGREGATION;SOURCE_LOCAL_ONLY;NO_EXACT_ATLAS_JOIN,"Inferred relationship retained: Hazard interface is not exposure, dose, or health outcome."
AR-11B-DEP-0036-ENVIRONMENTAL-HEALTH-b05610e7,11B,data/processed/analysis/population_system_dependency_register.csv,DEP-0036-environmental_health,MUNI-3921308,,ENT-POPULATION-MUNI-3921308,,SYS-POPULATION,SYS-EXPOSURE,,environmental_health,exposure pathway,population/settlement entity,generalized external interface,exact,system-level,CONTEXT_REUSED,reused_context,phase7_exposure_context,limited,limited,,directed_local_record,county/regional,2026 baseline,BASELINE_DEPENDENCY,"Population presence is not exposure, dose, illness, or risk.",Local uncertainty/notes retained in source artifact.,YES,YES,QUALITATIVE_ONLY,NO,VISUALIZATION_AND_QUALITATIVE_REASONING;QUALITATIVE_STRESS_TEST_ONLY;NO_QUANTITATIVE_AGGREGATION,"Reused context retained and not counted as new evidence: Population presence is not exposure, dose, illness, or risk."
AR-11B-DEP-0036-ECOLOGY-LAND-b254eaaa,11B,data/processed/analysis/population_system_dependency_register.csv,DEP-0036-ecology_land,MUNI-3921308,,ENT-POPULATION-MUNI-3921308,,SYS-POPULATION,,,ecology_land,operational dependency,population/settlement entity,generalized external interface,exact,nonjoinable,INFERRED,inferred,phase6_ecology_context,limited,limited,,directed_local_record,county/regional,2026 baseline,BASELINE_DEPENDENCY,"No habitat quality, biodiversity, or ecological-risk score.",Local uncertainty/notes retained in source artifact.,YES,YES,QUALITATIVE_ONLY,NO,VISUALIZATION_AND_QUALITATIVE_REASONING;QUALITATIVE_STRESS_TEST_ONLY;NO_QUANTITATIVE_AGGREGATION;SOURCE_LOCAL_ONLY;NO_EXACT_ATLAS_JOIN,"Inferred relationship retained: No habitat quality, biodiversity, or ecological-risk score."
AR-11B-DEP-0036-BIOGEOCHEMICAL-f5e9dcc0,11B,data/processed/analysis/population_system_dependency_register.csv,DEP-0036-biogeochemical,MUNI-3921308,,ENT-POPULATION-MUNI-3921308,,SYS-POPULATION,SYS-BIOGEOCHEMISTRY,,biogeochemical,material flow,population/settlement entity,generalized external interface,exact,system-level,INFERRED,inferred,phase8_biogeochemical_context,limited,limited,,directed_local_record,county/watershed,2026 baseline,BASELINE_DEPENDENCY,"No new nutrient load, concentration, or treatment outcome.",Local uncertainty/notes retained in source artifact.,YES,YES,QUALITATIVE_ONLY,NO,VISUALIZATION_AND_QUALITATIVE_REASONING;QUALITATIVE_STRESS_TEST_ONLY;NO_QUANTITATIVE_AGGREGATION,"Inferred relationship retained: No new nutrient load, concentration, or treatment outcome."
AR-11B-DEP-0036-HOUSING-INFRASTRUCTURE-1aceccba,11B,data/processed/analysis/population_system_dependency_register.csv,DEP-0036-housing_infrastructure,MUNI-3921308,,ENT-POPULATION-MUNI-3921308,,SYS-POPULATION,,,housing_infrastructure,operational dependency,population/settlement entity,generalized external interface,exact,nonjoinable,INFERRED,inferred,s11a_acs_2024_5yr,limited,limited,,directed_local_record,county/place,2026 baseline,BASELINE_DEPENDENCY,"Housing context is not a condition, desirability, or vulnerability score.",Local uncertainty/notes retained in source artifact.,YES,YES,QUALITATIVE_ONLY,NO,VISUALIZATION_AND_QUALITATIVE_REASONING;QUALITATIVE_STRESS_TEST_ONLY;NO_QUANTITATIVE_AGGREGATION;SOURCE_LOCAL_ONLY;NO_EXACT_ATLAS_JOIN,"Inferred relationship retained: Housing context is not a condition, desirability, or vulnerability score."
AR-11B-DEP-0036-GOVERNANCE-3fb902e2,11B,data/processed/analysis/population_system_dependency_register.csv,DEP-0036-governance,MUNI-3921308,,ENT-POPULATION-MUNI-3921308,,SYS-POPULATION,SYS-GOVERNANCE,,governance,operational dependency,population/settlement entity,generalized external interface,exact,system-level,INFERRED,inferred,phase10_governance_context,moderate,moderate,,directed_local_record,municipal/county,2026 baseline,BASELINE_DEPENDENCY,"Boundary, operator, service territory, and population served remain distinct.",Local uncertainty/notes retained in source artifact.,YES,YES,QUALITATIVE_ONLY,NO,VISUALIZATION_AND_QUALITATIVE_REASONING;QUALITATIVE_STRESS_TEST_ONLY;NO_QUANTITATIVE_AGGREGATION,"Inferred relationship retained: Boundary, operator, service territory, and population served remain distinct."
AR-11B-DEP-0037-WATER-b8627a64,11B,data/processed/analysis/population_system_dependency_register.csv,DEP-0037-water,MUNI-3927048,,ENT-POPULATION-MUNI-3927048,,SYS-POPULATION,SYS-WATER,,water,operational dependency,population/settlement entity,generalized external interface,exact,system-level,INFERRED,inferred,phase10_governance_context,limited,limited,,directed_local_record,county/place,2026 baseline,BASELINE_DEPENDENCY,Generalized service-responsibility context only; no state-specific operator or exact resident-to-utility assignment.,Local uncertainty/notes retained in source artifact.,YES,YES,QUALITATIVE_ONLY,NO,VISUALIZATION_AND_QUALITATIVE_REASONING;QUALITATIVE_STRESS_TEST_ONLY;NO_QUANTITATIVE_AGGREGATION,Inferred relationship retained: Generalized service-responsibility context only; no state-specific operator or exact resident-to-utility assignment.
AR-11B-DEP-0037-WASTEWATER-46177fd6,11B,data/processed/analysis/population_system_dependency_register.csv,DEP-0037-wastewater,MUNI-3927048,,ENT-POPULATION-MUNI-3927048,,SYS-POPULATION,SYS-WATER,,wastewater,operational dependency,population/settlement entity,generalized external interface,exact,system-level,INFERRED,inferred,phase10_s05_ohio_npdes,limited,limited,,directed_local_record,county/place,2026 baseline,BASELINE_DEPENDENCY,"Ohio regulatory program context only; no exact sewer territory, treatment load, or resident assignment.",Local uncertainty/notes retained in source artifact.,YES,YES,QUALITATIVE_ONLY,NO,VISUALIZATION_AND_QUALITATIVE_REASONING;QUALITATIVE_STRESS_TEST_ONLY;NO_QUANTITATIVE_AGGREGATION,"Inferred relationship retained: Ohio regulatory program context only; no exact sewer territory, treatment load, or resident assignment."
AR-11B-DEP-0037-ENERGY-4d198b77,11B,data/processed/analysis/population_system_dependency_register.csv,DEP-0037-energy,MUNI-3927048,,ENT-POPULATION-MUNI-3927048,,SYS-POPULATION,SYS-ENERGY,,energy,operational dependency,population/settlement entity,generalized external interface,exact,system-level,INFERRED,inferred,phase10_s24_pjm,moderate,moderate,,directed_local_record,county/place,2026 baseline,BASELINE_DEPENDENCY,"Regional wholesale/high-voltage context only; no local distribution assignment, demand model, or outage probability.",Local uncertainty/notes retained in source artifact.,YES,YES,QUALITATIVE_ONLY,NO,VISUALIZATION_AND_QUALITATIVE_REASONING;QUALITATIVE_STRESS_TEST_ONLY;NO_QUANTITATIVE_AGGREGATION,"Inferred relationship retained: Regional wholesale/high-voltage context only; no local distribution assignment, demand model, or outage probability."
AR-11B-DEP-0037-TRANSPORT-2dc2615d,11B,data/processed/analysis/population_system_dependency_register.csv,DEP-0037-transport,MUNI-3927048,,ENT-POPULATION-MUNI-3927048,,SYS-POPULATION,SYS-FREIGHT,,transport,operational dependency,population/settlement entity,generalized external interface,exact,system-level,INFERRED,inferred,s11b_lodes_oh_od,moderate,limited,,directed_local_record,county/county_pair,2026 baseline,BASELINE_DEPENDENCY,State-matched LODES OD supports generalized commuting context; the dependency is inferred and exposes no individual paths or passenger surveillance.,Local uncertainty/notes retained in source artifact.,YES,YES,QUALITATIVE_ONLY,NO,VISUALIZATION_AND_QUALITATIVE_REASONING;QUALITATIVE_STRESS_TEST_ONLY;NO_QUANTITATIVE_AGGREGATION,Inferred relationship retained: State-matched LODES OD supports generalized commuting context; the dependency is inferred and exposes no individual paths or passenger surveillance.
AR-11B-DEP-0037-CLIMATE-HAZARD-145d8806,11B,data/processed/analysis/population_system_dependency_register.csv,DEP-0037-climate_hazard,MUNI-3927048,,ENT-POPULATION-MUNI-3927048,,SYS-POPULATION,,,climate_hazard,operational dependency,population/settlement entity,generalized external interface,exact,nonjoinable,INFERRED,inferred,phase9_hazard_context,limited,limited,,directed_local_record,county/regional,2026 baseline,BASELINE_DEPENDENCY,"Hazard interface is not exposure, dose, or health outcome.",Local uncertainty/notes retained in source artifact.,YES,YES,QUALITATIVE_ONLY,NO,VISUALIZATION_AND_QUALITATIVE_REASONING;QUALITATIVE_STRESS_TEST_ONLY;NO_QUANTITATIVE_AGGREGATION;SOURCE_LOCAL_ONLY;NO_EXACT_ATLAS_JOIN,"Inferred relationship retained: Hazard interface is not exposure, dose, or health outcome."
AR-11B-DEP-0037-ENVIRONMENTAL-HEALTH-ff3064b2,11B,data/processed/analysis/population_system_dependency_register.csv,DEP-0037-environmental_health,MUNI-3927048,,ENT-POPULATION-MUNI-3927048,,SYS-POPULATION,SYS-EXPOSURE,,environmental_health,exposure pathway,population/settlement entity,generalized external interface,exact,system-level,CONTEXT_REUSED,reused_context,phase7_exposure_context,limited,limited,,directed_local_record,county/regional,2026 baseline,BASELINE_DEPENDENCY,"Population presence is not exposure, dose, illness, or risk.",Local uncertainty/notes retained in source artifact.,YES,YES,QUALITATIVE_ONLY,NO,VISUALIZATION_AND_QUALITATIVE_REASONING;QUALITATIVE_STRESS_TEST_ONLY;NO_QUANTITATIVE_AGGREGATION,"Reused context retained and not counted as new evidence: Population presence is not exposure, dose, illness, or risk."
AR-11B-DEP-0037-ECOLOGY-LAND-39c80a1a,11B,data/processed/analysis/population_system_dependency_register.csv,DEP-0037-ecology_land,MUNI-3927048,,ENT-POPULATION-MUNI-3927048,,SYS-POPULATION,,,ecology_land,operational dependency,population/settlement entity,generalized external interface,exact,nonjoinable,INFERRED,inferred,phase6_ecology_context,limited,limited,,directed_local_record,county/regional,2026 baseline,BASELINE_DEPENDENCY,"No habitat quality, biodiversity, or ecological-risk score.",Local uncertainty/notes retained in source artifact.,YES,YES,QUALITATIVE_ONLY,NO,VISUALIZATION_AND_QUALITATIVE_REASONING;QUALITATIVE_STRESS_TEST_ONLY;NO_QUANTITATIVE_AGGREGATION;SOURCE_LOCAL_ONLY;NO_EXACT_ATLAS_JOIN,"Inferred relationship retained: No habitat quality, biodiversity, or ecological-risk score."
AR-11B-DEP-0037-BIOGEOCHEMICAL-7a9c1da2,11B,data/processed/analysis/population_system_dependency_register.csv,DEP-0037-biogeochemical,MUNI-3927048,,ENT-POPULATION-MUNI-3927048,,SYS-POPULATION,SYS-BIOGEOCHEMISTRY,,biogeochemical,material flow,population/settlement entity,generalized external interface,exact,system-level,INFERRED,inferred,phase8_biogeochemical_context,limited,limited,,directed_local_record,county/watershed,2026 baseline,BASELINE_DEPENDENCY,"No new nutrient load, concentration, or treatment outcome.",Local uncertainty/notes retained in source artifact.,YES,YES,QUALITATIVE_ONLY,NO,VISUALIZATION_AND_QUALITATIVE_REASONING;QUALITATIVE_STRESS_TEST_ONLY;NO_QUANTITATIVE_AGGREGATION,"Inferred relationship retained: No new nutrient load, concentration, or treatment outcome."
AR-11B-DEP-0037-HOUSING-INFRASTRUCTURE-c4044e36,11B,data/processed/analysis/population_system_dependency_register.csv,DEP-0037-housing_infrastructure,MUNI-3927048,,ENT-POPULATION-MUNI-3927048,,SYS-POPULATION,,,housing_infrastructure,operational dependency,population/settlement entity,generalized external interface,exact,nonjoinable,INFERRED,inferred,s11a_acs_2024_5yr,limited,limited,,directed_local_record,county/place,2026 baseline,BASELINE_DEPENDENCY,"Housing context is not a condition, desirability, or vulnerability score.",Local uncertainty/notes retained in source artifact.,YES,YES,QUALITATIVE_ONLY,NO,VISUALIZATION_AND_QUALITATIVE_REASONING;QUALITATIVE_STRESS_TEST_ONLY;NO_QUANTITATIVE_AGGREGATION;SOURCE_LOCAL_ONLY;NO_EXACT_ATLAS_JOIN,"Inferred relationship retained: Housing context is not a condition, desirability, or vulnerability score."
AR-11B-DEP-0037-GOVERNANCE-7b3039dc,11B,data/processed/analysis/population_system_dependency_register.csv,DEP-0037-governance,MUNI-3927048,,ENT-POPULATION-MUNI-3927048,,SYS-POPULATION,SYS-GOVERNANCE,,governance,operational dependency,population/settlement entity,generalized external interface,exact,system-level,INFERRED,inferred,phase10_governance_context,moderate,moderate,,directed_local_record,municipal/county,2026 baseline,BASELINE_DEPENDENCY,"Boundary, operator, service territory, and population served remain distinct.",Local uncertainty/notes retained in source artifact.,YES,YES,QUALITATIVE_ONLY,NO,VISUALIZATION_AND_QUALITATIVE_REASONING;QUALITATIVE_STRESS_TEST_ONLY;NO_QUANTITATIVE_AGGREGATION,"Inferred relationship retained: Boundary, operator, service territory, and population served remain distinct."
AR-11B-DEP-0038-WATER-1e96001a,11B,data/processed/analysis/population_system_dependency_register.csv,DEP-0038-water,MUNI-3928014,,ENT-POPULATION-MUNI-3928014,,SYS-POPULATION,SYS-WATER,,water,operational dependency,population/settlement entity,generalized external interface,exact,system-level,INFERRED,inferred,phase10_governance_context,limited,limited,,directed_local_record,county/place,2026 baseline,BASELINE_DEPENDENCY,Generalized service-responsibility context only; no state-specific operator or exact resident-to-utility assignment.,Local uncertainty/notes retained in source artifact.,YES,YES,QUALITATIVE_ONLY,NO,VISUALIZATION_AND_QUALITATIVE_REASONING;QUALITATIVE_STRESS_TEST_ONLY;NO_QUANTITATIVE_AGGREGATION,Inferred relationship retained: Generalized service-responsibility context only; no state-specific operator or exact resident-to-utility assignment.
AR-11B-DEP-0038-WASTEWATER-a0d95fd9,11B,data/processed/analysis/population_system_dependency_register.csv,DEP-0038-wastewater,MUNI-3928014,,ENT-POPULATION-MUNI-3928014,,SYS-POPULATION,SYS-WATER,,wastewater,operational dependency,population/settlement entity,generalized external interface,exact,system-level,INFERRED,inferred,phase10_s05_ohio_npdes,limited,limited,,directed_local_record,county/place,2026 baseline,BASELINE_DEPENDENCY,"Ohio regulatory program context only; no exact sewer territory, treatment load, or resident assignment.",Local uncertainty/notes retained in source artifact.,YES,YES,QUALITATIVE_ONLY,NO,VISUALIZATION_AND_QUALITATIVE_REASONING;QUALITATIVE_STRESS_TEST_ONLY;NO_QUANTITATIVE_AGGREGATION,"Inferred relationship retained: Ohio regulatory program context only; no exact sewer territory, treatment load, or resident assignment."
AR-11B-DEP-0038-ENERGY-be0d29a7,11B,data/processed/analysis/population_system_dependency_register.csv,DEP-0038-energy,MUNI-3928014,,ENT-POPULATION-MUNI-3928014,,SYS-POPULATION,SYS-ENERGY,,energy,operational dependency,population/settlement entity,generalized external interface,exact,system-level,INFERRED,inferred,phase10_s24_pjm,moderate,moderate,,directed_local_record,county/place,2026 baseline,BASELINE_DEPENDENCY,"Regional wholesale/high-voltage context only; no local distribution assignment, demand model, or outage probability.",Local uncertainty/notes retained in source artifact.,YES,YES,QUALITATIVE_ONLY,NO,VISUALIZATION_AND_QUALITATIVE_REASONING;QUALITATIVE_STRESS_TEST_ONLY;NO_QUANTITATIVE_AGGREGATION,"Inferred relationship retained: Regional wholesale/high-voltage context only; no local distribution assignment, demand model, or outage probability."
AR-11B-DEP-0038-TRANSPORT-5cc3ef29,11B,data/processed/analysis/population_system_dependency_register.csv,DEP-0038-transport,MUNI-3928014,,ENT-POPULATION-MUNI-3928014,,SYS-POPULATION,SYS-FREIGHT,,transport,operational dependency,population/settlement entity,generalized external interface,exact,system-level,INFERRED,inferred,s11b_lodes_oh_od,moderate,limited,,directed_local_record,county/county_pair,2026 baseline,BASELINE_DEPENDENCY,State-matched LODES OD supports generalized commuting context; the dependency is inferred and exposes no individual paths or passenger surveillance.,Local uncertainty/notes retained in source artifact.,YES,YES,QUALITATIVE_ONLY,NO,VISUALIZATION_AND_QUALITATIVE_REASONING;QUALITATIVE_STRESS_TEST_ONLY;NO_QUANTITATIVE_AGGREGATION,Inferred relationship retained: State-matched LODES OD supports generalized commuting context; the dependency is inferred and exposes no individual paths or passenger surveillance.
AR-11B-DEP-0038-CLIMATE-HAZARD-2c2923d7,11B,data/processed/analysis/population_system_dependency_register.csv,DEP-0038-climate_hazard,MUNI-3928014,,ENT-POPULATION-MUNI-3928014,,SYS-POPULATION,,,climate_hazard,operational dependency,population/settlement entity,generalized external interface,exact,nonjoinable,INFERRED,inferred,phase9_hazard_context,limited,limited,,directed_local_record,county/regional,2026 baseline,BASELINE_DEPENDENCY,"Hazard interface is not exposure, dose, or health outcome.",Local uncertainty/notes retained in source artifact.,YES,YES,QUALITATIVE_ONLY,NO,VISUALIZATION_AND_QUALITATIVE_REASONING;QUALITATIVE_STRESS_TEST_ONLY;NO_QUANTITATIVE_AGGREGATION;SOURCE_LOCAL_ONLY;NO_EXACT_ATLAS_JOIN,"Inferred relationship retained: Hazard interface is not exposure, dose, or health outcome."
AR-11B-DEP-0038-ENVIRONMENTAL-HEALTH-0daed786,11B,data/processed/analysis/population_system_dependency_register.csv,DEP-0038-environmental_health,MUNI-3928014,,ENT-POPULATION-MUNI-3928014,,SYS-POPULATION,SYS-EXPOSURE,,environmental_health,exposure pathway,population/settlement entity,generalized external interface,exact,system-level,CONTEXT_REUSED,reused_context,phase7_exposure_context,limited,limited,,directed_local_record,county/regional,2026 baseline,BASELINE_DEPENDENCY,"Population presence is not exposure, dose, illness, or risk.",Local uncertainty/notes retained in source artifact.,YES,YES,QUALITATIVE_ONLY,NO,VISUALIZATION_AND_QUALITATIVE_REASONING;QUALITATIVE_STRESS_TEST_ONLY;NO_QUANTITATIVE_AGGREGATION,"Reused context retained and not counted as new evidence: Population presence is not exposure, dose, illness, or risk."
AR-11B-DEP-0038-ECOLOGY-LAND-8eb4a787,11B,data/processed/analysis/population_system_dependency_register.csv,DEP-0038-ecology_land,MUNI-3928014,,ENT-POPULATION-MUNI-3928014,,SYS-POPULATION,,,ecology_land,operational dependency,population/settlement entity,generalized external interface,exact,nonjoinable,INFERRED,inferred,phase6_ecology_context,limited,limited,,directed_local_record,county/regional,2026 baseline,BASELINE_DEPENDENCY,"No habitat quality, biodiversity, or ecological-risk score.",Local uncertainty/notes retained in source artifact.,YES,YES,QUALITATIVE_ONLY,NO,VISUALIZATION_AND_QUALITATIVE_REASONING;QUALITATIVE_STRESS_TEST_ONLY;NO_QUANTITATIVE_AGGREGATION;SOURCE_LOCAL_ONLY;NO_EXACT_ATLAS_JOIN,"Inferred relationship retained: No habitat quality, biodiversity, or ecological-risk score."
AR-11B-DEP-0038-BIOGEOCHEMICAL-077c9d88,11B,data/processed/analysis/population_system_dependency_register.csv,DEP-0038-biogeochemical,MUNI-3928014,,ENT-POPULATION-MUNI-3928014,,SYS-POPULATION,SYS-BIOGEOCHEMISTRY,,biogeochemical,material flow,population/settlement entity,generalized external interface,exact,system-level,INFERRED,inferred,phase8_biogeochemical_context,limited,limited,,directed_local_record,county/watershed,2026 baseline,BASELINE_DEPENDENCY,"No new nutrient load, concentration, or treatment outcome.",Local uncertainty/notes retained in source artifact.,YES,YES,QUALITATIVE_ONLY,NO,VISUALIZATION_AND_QUALITATIVE_REASONING;QUALITATIVE_STRESS_TEST_ONLY;NO_QUANTITATIVE_AGGREGATION,"Inferred relationship retained: No new nutrient load, concentration, or treatment outcome."
AR-11B-DEP-0038-HOUSING-INFRASTRUCTURE-fa2b5c18,11B,data/processed/analysis/population_system_dependency_register.csv,DEP-0038-housing_infrastructure,MUNI-3928014,,ENT-POPULATION-MUNI-3928014,,SYS-POPULATION,,,housing_infrastructure,operational dependency,population/settlement entity,generalized external interface,exact,nonjoinable,INFERRED,inferred,s11a_acs_2024_5yr,limited,limited,,directed_local_record,county/place,2026 baseline,BASELINE_DEPENDENCY,"Housing context is not a condition, desirability, or vulnerability score.",Local uncertainty/notes retained in source artifact.,YES,YES,QUALITATIVE_ONLY,NO,VISUALIZATION_AND_QUALITATIVE_REASONING;QUALITATIVE_STRESS_TEST_ONLY;NO_QUANTITATIVE_AGGREGATION;SOURCE_LOCAL_ONLY;NO_EXACT_ATLAS_JOIN,"Inferred relationship retained: Housing context is not a condition, desirability, or vulnerability score."
AR-11B-DEP-0038-GOVERNANCE-1f44b3d0,11B,data/processed/analysis/population_system_dependency_register.csv,DEP-0038-governance,MUNI-3928014,,ENT-POPULATION-MUNI-3928014,,SYS-POPULATION,SYS-GOVERNANCE,,governance,operational dependency,population/settlement entity,generalized external interface,exact,system-level,INFERRED,inferred,phase10_governance_context,moderate,moderate,,directed_local_record,municipal/county,2026 baseline,BASELINE_DEPENDENCY,"Boundary, operator, service territory, and population served remain distinct.",Local uncertainty/notes retained in source artifact.,YES,YES,QUALITATIVE_ONLY,NO,VISUALIZATION_AND_QUALITATIVE_REASONING;QUALITATIVE_STRESS_TEST_ONLY;NO_QUANTITATIVE_AGGREGATION,"Inferred relationship retained: Boundary, operator, service territory, and population served remain distinct."
AR-11B-DEP-0039-WATER-cce17efb,11B,data/processed/analysis/population_system_dependency_register.csv,DEP-0039-water,MUNI-3928826,,ENT-POPULATION-MUNI-3928826,,SYS-POPULATION,SYS-WATER,,water,operational dependency,population/settlement entity,generalized external interface,exact,system-level,INFERRED,inferred,phase10_governance_context,limited,limited,,directed_local_record,county/place,2026 baseline,BASELINE_DEPENDENCY,Generalized service-responsibility context only; no state-specific operator or exact resident-to-utility assignment.,Local uncertainty/notes retained in source artifact.,YES,YES,QUALITATIVE_ONLY,NO,VISUALIZATION_AND_QUALITATIVE_REASONING;QUALITATIVE_STRESS_TEST_ONLY;NO_QUANTITATIVE_AGGREGATION,Inferred relationship retained: Generalized service-responsibility context only; no state-specific operator or exact resident-to-utility assignment.
AR-11B-DEP-0039-WASTEWATER-c0c8d05a,11B,data/processed/analysis/population_system_dependency_register.csv,DEP-0039-wastewater,MUNI-3928826,,ENT-POPULATION-MUNI-3928826,,SYS-POPULATION,SYS-WATER,,wastewater,operational dependency,population/settlement entity,generalized external interface,exact,system-level,INFERRED,inferred,phase10_s05_ohio_npdes,limited,limited,,directed_local_record,county/place,2026 baseline,BASELINE_DEPENDENCY,"Ohio regulatory program context only; no exact sewer territory, treatment load, or resident assignment.",Local uncertainty/notes retained in source artifact.,YES,YES,QUALITATIVE_ONLY,NO,VISUALIZATION_AND_QUALITATIVE_REASONING;QUALITATIVE_STRESS_TEST_ONLY;NO_QUANTITATIVE_AGGREGATION,"Inferred relationship retained: Ohio regulatory program context only; no exact sewer territory, treatment load, or resident assignment."
AR-11B-DEP-0039-ENERGY-0288b074,11B,data/processed/analysis/population_system_dependency_register.csv,DEP-0039-energy,MUNI-3928826,,ENT-POPULATION-MUNI-3928826,,SYS-POPULATION,SYS-ENERGY,,energy,operational dependency,population/settlement entity,generalized external interface,exact,system-level,INFERRED,inferred,phase10_s24_pjm,moderate,moderate,,directed_local_record,county/place,2026 baseline,BASELINE_DEPENDENCY,"Regional wholesale/high-voltage context only; no local distribution assignment, demand model, or outage probability.",Local uncertainty/notes retained in source artifact.,YES,YES,QUALITATIVE_ONLY,NO,VISUALIZATION_AND_QUALITATIVE_REASONING;QUALITATIVE_STRESS_TEST_ONLY;NO_QUANTITATIVE_AGGREGATION,"Inferred relationship retained: Regional wholesale/high-voltage context only; no local distribution assignment, demand model, or outage probability."
AR-11B-DEP-0039-TRANSPORT-b0ee2b74,11B,data/processed/analysis/population_system_dependency_register.csv,DEP-0039-transport,MUNI-3928826,,ENT-POPULATION-MUNI-3928826,,SYS-POPULATION,SYS-FREIGHT,,transport,operational dependency,population/settlement entity,generalized external interface,exact,system-level,INFERRED,inferred,s11b_lodes_oh_od,moderate,limited,,directed_local_record,county/county_pair,2026 baseline,BASELINE_DEPENDENCY,State-matched LODES OD supports generalized commuting context; the dependency is inferred and exposes no individual paths or passenger surveillance.,Local uncertainty/notes retained in source artifact.,YES,YES,QUALITATIVE_ONLY,NO,VISUALIZATION_AND_QUALITATIVE_REASONING;QUALITATIVE_STRESS_TEST_ONLY;NO_QUANTITATIVE_AGGREGATION,Inferred relationship retained: State-matched LODES OD supports generalized commuting context; the dependency is inferred and exposes no individual paths or passenger surveillance.
AR-11B-DEP-0039-CLIMATE-HAZARD-65aea8f4,11B,data/processed/analysis/population_system_dependency_register.csv,DEP-0039-climate_hazard,MUNI-3928826,,ENT-POPULATION-MUNI-3928826,,SYS-POPULATION,,,climate_hazard,operational dependency,population/settlement entity,generalized external interface,exact,nonjoinable,INFERRED,inferred,phase9_hazard_context,limited,limited,,directed_local_record,county/regional,2026 baseline,BASELINE_DEPENDENCY,"Hazard interface is not exposure, dose, or health outcome.",Local uncertainty/notes retained in source artifact.,YES,YES,QUALITATIVE_ONLY,NO,VISUALIZATION_AND_QUALITATIVE_REASONING;QUALITATIVE_STRESS_TEST_ONLY;NO_QUANTITATIVE_AGGREGATION;SOURCE_LOCAL_ONLY;NO_EXACT_ATLAS_JOIN,"Inferred relationship retained: Hazard interface is not exposure, dose, or health outcome."
AR-11B-DEP-0039-ENVIRONMENTAL-HEALTH-785b664b,11B,data/processed/analysis/population_system_dependency_register.csv,DEP-0039-environmental_health,MUNI-3928826,,ENT-POPULATION-MUNI-3928826,,SYS-POPULATION,SYS-EXPOSURE,,environmental_health,exposure pathway,population/settlement entity,generalized external interface,exact,system-level,CONTEXT_REUSED,reused_context,phase7_exposure_context,limited,limited,,directed_local_record,county/regional,2026 baseline,BASELINE_DEPENDENCY,"Population presence is not exposure, dose, illness, or risk.",Local uncertainty/notes retained in source artifact.,YES,YES,QUALITATIVE_ONLY,NO,VISUALIZATION_AND_QUALITATIVE_REASONING;QUALITATIVE_STRESS_TEST_ONLY;NO_QUANTITATIVE_AGGREGATION,"Reused context retained and not counted as new evidence: Population presence is not exposure, dose, illness, or risk."
AR-11B-DEP-0039-ECOLOGY-LAND-41e46917,11B,data/processed/analysis/population_system_dependency_register.csv,DEP-0039-ecology_land,MUNI-3928826,,ENT-POPULATION-MUNI-3928826,,SYS-POPULATION,,,ecology_land,operational dependency,population/settlement entity,generalized external interface,exact,nonjoinable,INFERRED,inferred,phase6_ecology_context,limited,limited,,directed_local_record,county/regional,2026 baseline,BASELINE_DEPENDENCY,"No habitat quality, biodiversity, or ecological-risk score.",Local uncertainty/notes retained in source artifact.,YES,YES,QUALITATIVE_ONLY,NO,VISUALIZATION_AND_QUALITATIVE_REASONING;QUALITATIVE_STRESS_TEST_ONLY;NO_QUANTITATIVE_AGGREGATION;SOURCE_LOCAL_ONLY;NO_EXACT_ATLAS_JOIN,"Inferred relationship retained: No habitat quality, biodiversity, or ecological-risk score."
AR-11B-DEP-0039-BIOGEOCHEMICAL-e0b67e86,11B,data/processed/analysis/population_system_dependency_register.csv,DEP-0039-biogeochemical,MUNI-3928826,,ENT-POPULATION-MUNI-3928826,,SYS-POPULATION,SYS-BIOGEOCHEMISTRY,,biogeochemical,material flow,population/settlement entity,generalized external interface,exact,system-level,INFERRED,inferred,phase8_biogeochemical_context,limited,limited,,directed_local_record,county/watershed,2026 baseline,BASELINE_DEPENDENCY,"No new nutrient load, concentration, or treatment outcome.",Local uncertainty/notes retained in source artifact.,YES,YES,QUALITATIVE_ONLY,NO,VISUALIZATION_AND_QUALITATIVE_REASONING;QUALITATIVE_STRESS_TEST_ONLY;NO_QUANTITATIVE_AGGREGATION,"Inferred relationship retained: No new nutrient load, concentration, or treatment outcome."
AR-11B-DEP-0039-HOUSING-INFRASTRUCTURE-9346819a,11B,data/processed/analysis/population_system_dependency_register.csv,DEP-0039-housing_infrastructure,MUNI-3928826,,ENT-POPULATION-MUNI-3928826,,SYS-POPULATION,,,housing_infrastructure,operational dependency,population/settlement entity,generalized external interface,exact,nonjoinable,INFERRED,inferred,s11a_acs_2024_5yr,limited,limited,,directed_local_record,county/place,2026 baseline,BASELINE_DEPENDENCY,"Housing context is not a condition, desirability, or vulnerability score.",Local uncertainty/notes retained in source artifact.,YES,YES,QUALITATIVE_ONLY,NO,VISUALIZATION_AND_QUALITATIVE_REASONING;QUALITATIVE_STRESS_TEST_ONLY;NO_QUANTITATIVE_AGGREGATION;SOURCE_LOCAL_ONLY;NO_EXACT_ATLAS_JOIN,"Inferred relationship retained: Housing context is not a condition, desirability, or vulnerability score."
AR-11B-DEP-0039-GOVERNANCE-725829bf,11B,data/processed/analysis/population_system_dependency_register.csv,DEP-0039-governance,MUNI-3928826,,ENT-POPULATION-MUNI-3928826,,SYS-POPULATION,SYS-GOVERNANCE,,governance,operational dependency,population/settlement entity,generalized external interface,exact,system-level,INFERRED,inferred,phase10_governance_context,moderate,moderate,,directed_local_record,municipal/county,2026 baseline,BASELINE_DEPENDENCY,"Boundary, operator, service territory, and population served remain distinct.",Local uncertainty/notes retained in source artifact.,YES,YES,QUALITATIVE_ONLY,NO,VISUALIZATION_AND_QUALITATIVE_REASONING;QUALITATIVE_STRESS_TEST_ONLY;NO_QUANTITATIVE_AGGREGATION,"Inferred relationship retained: Boundary, operator, service territory, and population served remain distinct."
AR-11B-DEP-0040-WATER-eb95f225,11B,data/processed/analysis/population_system_dependency_register.csv,DEP-0040-water,MUNI-3948342,,ENT-POPULATION-MUNI-3948342,,SYS-POPULATION,SYS-WATER,,water,operational dependency,population/settlement entity,generalized external interface,exact,system-level,INFERRED,inferred,phase10_governance_context,limited,limited,,directed_local_record,county/place,2026 baseline,BASELINE_DEPENDENCY,Generalized service-responsibility context only; no state-specific operator or exact resident-to-utility assignment.,Local uncertainty/notes retained in source artifact.,YES,YES,QUALITATIVE_ONLY,NO,VISUALIZATION_AND_QUALITATIVE_REASONING;QUALITATIVE_STRESS_TEST_ONLY;NO_QUANTITATIVE_AGGREGATION,Inferred relationship retained: Generalized service-responsibility context only; no state-specific operator or exact resident-to-utility assignment.
AR-11B-DEP-0040-WASTEWATER-debb7204,11B,data/processed/analysis/population_system_dependency_register.csv,DEP-0040-wastewater,MUNI-3948342,,ENT-POPULATION-MUNI-3948342,,SYS-POPULATION,SYS-WATER,,wastewater,operational dependency,population/settlement entity,generalized external interface,exact,system-level,INFERRED,inferred,phase10_s05_ohio_npdes,limited,limited,,directed_local_record,county/place,2026 baseline,BASELINE_DEPENDENCY,"Ohio regulatory program context only; no exact sewer territory, treatment load, or resident assignment.",Local uncertainty/notes retained in source artifact.,YES,YES,QUALITATIVE_ONLY,NO,VISUALIZATION_AND_QUALITATIVE_REASONING;QUALITATIVE_STRESS_TEST_ONLY;NO_QUANTITATIVE_AGGREGATION,"Inferred relationship retained: Ohio regulatory program context only; no exact sewer territory, treatment load, or resident assignment."
AR-11B-DEP-0040-ENERGY-770a1466,11B,data/processed/analysis/population_system_dependency_register.csv,DEP-0040-energy,MUNI-3948342,,ENT-POPULATION-MUNI-3948342,,SYS-POPULATION,SYS-ENERGY,,energy,operational dependency,population/settlement entity,generalized external interface,exact,system-level,INFERRED,inferred,phase10_s24_pjm,moderate,moderate,,directed_local_record,county/place,2026 baseline,BASELINE_DEPENDENCY,"Regional wholesale/high-voltage context only; no local distribution assignment, demand model, or outage probability.",Local uncertainty/notes retained in source artifact.,YES,YES,QUALITATIVE_ONLY,NO,VISUALIZATION_AND_QUALITATIVE_REASONING;QUALITATIVE_STRESS_TEST_ONLY;NO_QUANTITATIVE_AGGREGATION,"Inferred relationship retained: Regional wholesale/high-voltage context only; no local distribution assignment, demand model, or outage probability."
AR-11B-DEP-0040-TRANSPORT-3e147768,11B,data/processed/analysis/population_system_dependency_register.csv,DEP-0040-transport,MUNI-3948342,,ENT-POPULATION-MUNI-3948342,,SYS-POPULATION,SYS-FREIGHT,,transport,operational dependency,population/settlement entity,generalized external interface,exact,system-level,INFERRED,inferred,s11b_lodes_oh_od,moderate,limited,,directed_local_record,county/county_pair,2026 baseline,BASELINE_DEPENDENCY,State-matched LODES OD supports generalized commuting context; the dependency is inferred and exposes no individual paths or passenger surveillance.,Local uncertainty/notes retained in source artifact.,YES,YES,QUALITATIVE_ONLY,NO,VISUALIZATION_AND_QUALITATIVE_REASONING;QUALITATIVE_STRESS_TEST_ONLY;NO_QUANTITATIVE_AGGREGATION,Inferred relationship retained: State-matched LODES OD supports generalized commuting context; the dependency is inferred and exposes no individual paths or passenger surveillance.
AR-11B-DEP-0040-CLIMATE-HAZARD-3247d2af,11B,data/processed/analysis/population_system_dependency_register.csv,DEP-0040-climate_hazard,MUNI-3948342,,ENT-POPULATION-MUNI-3948342,,SYS-POPULATION,,,climate_hazard,operational dependency,population/settlement entity,generalized external interface,exact,nonjoinable,INFERRED,inferred,phase9_hazard_context,limited,limited,,directed_local_record,county/regional,2026 baseline,BASELINE_DEPENDENCY,"Hazard interface is not exposure, dose, or health outcome.",Local uncertainty/notes retained in source artifact.,YES,YES,QUALITATIVE_ONLY,NO,VISUALIZATION_AND_QUALITATIVE_REASONING;QUALITATIVE_STRESS_TEST_ONLY;NO_QUANTITATIVE_AGGREGATION;SOURCE_LOCAL_ONLY;NO_EXACT_ATLAS_JOIN,"Inferred relationship retained: Hazard interface is not exposure, dose, or health outcome."
AR-11B-DEP-0040-ENVIRONMENTAL-HEALTH-a39aac6a,11B,data/processed/analysis/population_system_dependency_register.csv,DEP-0040-environmental_health,MUNI-3948342,,ENT-POPULATION-MUNI-3948342,,SYS-POPULATION,SYS-EXPOSURE,,environmental_health,exposure pathway,population/settlement entity,generalized external interface,exact,system-level,CONTEXT_REUSED,reused_context,phase7_exposure_context,limited,limited,,directed_local_record,county/regional,2026 baseline,BASELINE_DEPENDENCY,"Population presence is not exposure, dose, illness, or risk.",Local uncertainty/notes retained in source artifact.,YES,YES,QUALITATIVE_ONLY,NO,VISUALIZATION_AND_QUALITATIVE_REASONING;QUALITATIVE_STRESS_TEST_ONLY;NO_QUANTITATIVE_AGGREGATION,"Reused context retained and not counted as new evidence: Population presence is not exposure, dose, illness, or risk."
AR-11B-DEP-0040-ECOLOGY-LAND-06620f80,11B,data/processed/analysis/population_system_dependency_register.csv,DEP-0040-ecology_land,MUNI-3948342,,ENT-POPULATION-MUNI-3948342,,SYS-POPULATION,,,ecology_land,operational dependency,population/settlement entity,generalized external interface,exact,nonjoinable,INFERRED,inferred,phase6_ecology_context,limited,limited,,directed_local_record,county/regional,2026 baseline,BASELINE_DEPENDENCY,"No habitat quality, biodiversity, or ecological-risk score.",Local uncertainty/notes retained in source artifact.,YES,YES,QUALITATIVE_ONLY,NO,VISUALIZATION_AND_QUALITATIVE_REASONING;QUALITATIVE_STRESS_TEST_ONLY;NO_QUANTITATIVE_AGGREGATION;SOURCE_LOCAL_ONLY;NO_EXACT_ATLAS_JOIN,"Inferred relationship retained: No habitat quality, biodiversity, or ecological-risk score."
AR-11B-DEP-0040-BIOGEOCHEMICAL-ccdc84a6,11B,data/processed/analysis/population_system_dependency_register.csv,DEP-0040-biogeochemical,MUNI-3948342,,ENT-POPULATION-MUNI-3948342,,SYS-POPULATION,SYS-BIOGEOCHEMISTRY,,biogeochemical,material flow,population/settlement entity,generalized external interface,exact,system-level,INFERRED,inferred,phase8_biogeochemical_context,limited,limited,,directed_local_record,county/watershed,2026 baseline,BASELINE_DEPENDENCY,"No new nutrient load, concentration, or treatment outcome.",Local uncertainty/notes retained in source artifact.,YES,YES,QUALITATIVE_ONLY,NO,VISUALIZATION_AND_QUALITATIVE_REASONING;QUALITATIVE_STRESS_TEST_ONLY;NO_QUANTITATIVE_AGGREGATION,"Inferred relationship retained: No new nutrient load, concentration, or treatment outcome."
AR-11B-DEP-0040-HOUSING-INFRASTRUCTURE-da15500b,11B,data/processed/analysis/population_system_dependency_register.csv,DEP-0040-housing_infrastructure,MUNI-3948342,,ENT-POPULATION-MUNI-3948342,,SYS-POPULATION,,,housing_infrastructure,operational dependency,population/settlement entity,generalized external interface,exact,nonjoinable,INFERRED,inferred,s11a_acs_2024_5yr,limited,limited,,directed_local_record,county/place,2026 baseline,BASELINE_DEPENDENCY,"Housing context is not a condition, desirability, or vulnerability score.",Local uncertainty/notes retained in source artifact.,YES,YES,QUALITATIVE_ONLY,NO,VISUALIZATION_AND_QUALITATIVE_REASONING;QUALITATIVE_STRESS_TEST_ONLY;NO_QUANTITATIVE_AGGREGATION;SOURCE_LOCAL_ONLY;NO_EXACT_ATLAS_JOIN,"Inferred relationship retained: Housing context is not a condition, desirability, or vulnerability score."
AR-11B-DEP-0040-GOVERNANCE-8c0d431e,11B,data/processed/analysis/population_system_dependency_register.csv,DEP-0040-governance,MUNI-3948342,,ENT-POPULATION-MUNI-3948342,,SYS-POPULATION,SYS-GOVERNANCE,,governance,operational dependency,population/settlement entity,generalized external interface,exact,system-level,INFERRED,inferred,phase10_governance_context,moderate,moderate,,directed_local_record,municipal/county,2026 baseline,BASELINE_DEPENDENCY,"Boundary, operator, service territory, and population served remain distinct.",Local uncertainty/notes retained in source artifact.,YES,YES,QUALITATIVE_ONLY,NO,VISUALIZATION_AND_QUALITATIVE_REASONING;QUALITATIVE_STRESS_TEST_ONLY;NO_QUANTITATIVE_AGGREGATION,"Inferred relationship retained: Boundary, operator, service territory, and population served remain distinct."
AR-11B-DEP-0041-WATER-1e1a8755,11B,data/processed/analysis/population_system_dependency_register.csv,DEP-0041-water,MUNI-3953550,,ENT-POPULATION-MUNI-3953550,,SYS-POPULATION,SYS-WATER,,water,operational dependency,population/settlement entity,generalized external interface,exact,system-level,INFERRED,inferred,phase10_governance_context,limited,limited,,directed_local_record,county/place,2026 baseline,BASELINE_DEPENDENCY,Generalized service-responsibility context only; no state-specific operator or exact resident-to-utility assignment.,Local uncertainty/notes retained in source artifact.,YES,YES,QUALITATIVE_ONLY,NO,VISUALIZATION_AND_QUALITATIVE_REASONING;QUALITATIVE_STRESS_TEST_ONLY;NO_QUANTITATIVE_AGGREGATION,Inferred relationship retained: Generalized service-responsibility context only; no state-specific operator or exact resident-to-utility assignment.
AR-11B-DEP-0041-WASTEWATER-871776fb,11B,data/processed/analysis/population_system_dependency_register.csv,DEP-0041-wastewater,MUNI-3953550,,ENT-POPULATION-MUNI-3953550,,SYS-POPULATION,SYS-WATER,,wastewater,operational dependency,population/settlement entity,generalized external interface,exact,system-level,INFERRED,inferred,phase10_s05_ohio_npdes,limited,limited,,directed_local_record,county/place,2026 baseline,BASELINE_DEPENDENCY,"Ohio regulatory program context only; no exact sewer territory, treatment load, or resident assignment.",Local uncertainty/notes retained in source artifact.,YES,YES,QUALITATIVE_ONLY,NO,VISUALIZATION_AND_QUALITATIVE_REASONING;QUALITATIVE_STRESS_TEST_ONLY;NO_QUANTITATIVE_AGGREGATION,"Inferred relationship retained: Ohio regulatory program context only; no exact sewer territory, treatment load, or resident assignment."
AR-11B-DEP-0041-ENERGY-5f4bed66,11B,data/processed/analysis/population_system_dependency_register.csv,DEP-0041-energy,MUNI-3953550,,ENT-POPULATION-MUNI-3953550,,SYS-POPULATION,SYS-ENERGY,,energy,operational dependency,population/settlement entity,generalized external interface,exact,system-level,INFERRED,inferred,phase10_s24_pjm,moderate,moderate,,directed_local_record,county/place,2026 baseline,BASELINE_DEPENDENCY,"Regional wholesale/high-voltage context only; no local distribution assignment, demand model, or outage probability.",Local uncertainty/notes retained in source artifact.,YES,YES,QUALITATIVE_ONLY,NO,VISUALIZATION_AND_QUALITATIVE_REASONING;QUALITATIVE_STRESS_TEST_ONLY;NO_QUANTITATIVE_AGGREGATION,"Inferred relationship retained: Regional wholesale/high-voltage context only; no local distribution assignment, demand model, or outage probability."
AR-11B-DEP-0041-TRANSPORT-baad8c3b,11B,data/processed/analysis/population_system_dependency_register.csv,DEP-0041-transport,MUNI-3953550,,ENT-POPULATION-MUNI-3953550,,SYS-POPULATION,SYS-FREIGHT,,transport,operational dependency,population/settlement entity,generalized external interface,exact,system-level,INFERRED,inferred,s11b_lodes_oh_od,moderate,limited,,directed_local_record,county/county_pair,2026 baseline,BASELINE_DEPENDENCY,State-matched LODES OD supports generalized commuting context; the dependency is inferred and exposes no individual paths or passenger surveillance.,Local uncertainty/notes retained in source artifact.,YES,YES,QUALITATIVE_ONLY,NO,VISUALIZATION_AND_QUALITATIVE_REASONING;QUALITATIVE_STRESS_TEST_ONLY;NO_QUANTITATIVE_AGGREGATION,Inferred relationship retained: State-matched LODES OD supports generalized commuting context; the dependency is inferred and exposes no individual paths or passenger surveillance.
AR-11B-DEP-0041-CLIMATE-HAZARD-6341af4a,11B,data/processed/analysis/population_system_dependency_register.csv,DEP-0041-climate_hazard,MUNI-3953550,,ENT-POPULATION-MUNI-3953550,,SYS-POPULATION,,,climate_hazard,operational dependency,population/settlement entity,generalized external interface,exact,nonjoinable,INFERRED,inferred,phase9_hazard_context,limited,limited,,directed_local_record,county/regional,2026 baseline,BASELINE_DEPENDENCY,"Hazard interface is not exposure, dose, or health outcome.",Local uncertainty/notes retained in source artifact.,YES,YES,QUALITATIVE_ONLY,NO,VISUALIZATION_AND_QUALITATIVE_REASONING;QUALITATIVE_STRESS_TEST_ONLY;NO_QUANTITATIVE_AGGREGATION;SOURCE_LOCAL_ONLY;NO_EXACT_ATLAS_JOIN,"Inferred relationship retained: Hazard interface is not exposure, dose, or health outcome."
AR-11B-DEP-0041-ENVIRONMENTAL-HEALTH-742adbfa,11B,data/processed/analysis/population_system_dependency_register.csv,DEP-0041-environmental_health,MUNI-3953550,,ENT-POPULATION-MUNI-3953550,,SYS-POPULATION,SYS-EXPOSURE,,environmental_health,exposure pathway,population/settlement entity,generalized external interface,exact,system-level,CONTEXT_REUSED,reused_context,phase7_exposure_context,limited,limited,,directed_local_record,county/regional,2026 baseline,BASELINE_DEPENDENCY,"Population presence is not exposure, dose, illness, or risk.",Local uncertainty/notes retained in source artifact.,YES,YES,QUALITATIVE_ONLY,NO,VISUALIZATION_AND_QUALITATIVE_REASONING;QUALITATIVE_STRESS_TEST_ONLY;NO_QUANTITATIVE_AGGREGATION,"Reused context retained and not counted as new evidence: Population presence is not exposure, dose, illness, or risk."
AR-11B-DEP-0041-ECOLOGY-LAND-84650ee8,11B,data/processed/analysis/population_system_dependency_register.csv,DEP-0041-ecology_land,MUNI-3953550,,ENT-POPULATION-MUNI-3953550,,SYS-POPULATION,,,ecology_land,operational dependency,population/settlement entity,generalized external interface,exact,nonjoinable,INFERRED,inferred,phase6_ecology_context,limited,limited,,directed_local_record,county/regional,2026 baseline,BASELINE_DEPENDENCY,"No habitat quality, biodiversity, or ecological-risk score.",Local uncertainty/notes retained in source artifact.,YES,YES,QUALITATIVE_ONLY,NO,VISUALIZATION_AND_QUALITATIVE_REASONING;QUALITATIVE_STRESS_TEST_ONLY;NO_QUANTITATIVE_AGGREGATION;SOURCE_LOCAL_ONLY;NO_EXACT_ATLAS_JOIN,"Inferred relationship retained: No habitat quality, biodiversity, or ecological-risk score."
AR-11B-DEP-0041-BIOGEOCHEMICAL-57e0c46d,11B,data/processed/analysis/population_system_dependency_register.csv,DEP-0041-biogeochemical,MUNI-3953550,,ENT-POPULATION-MUNI-3953550,,SYS-POPULATION,SYS-BIOGEOCHEMISTRY,,biogeochemical,material flow,population/settlement entity,generalized external interface,exact,system-level,INFERRED,inferred,phase8_biogeochemical_context,limited,limited,,directed_local_record,county/watershed,2026 baseline,BASELINE_DEPENDENCY,"No new nutrient load, concentration, or treatment outcome.",Local uncertainty/notes retained in source artifact.,YES,YES,QUALITATIVE_ONLY,NO,VISUALIZATION_AND_QUALITATIVE_REASONING;QUALITATIVE_STRESS_TEST_ONLY;NO_QUANTITATIVE_AGGREGATION,"Inferred relationship retained: No new nutrient load, concentration, or treatment outcome."
AR-11B-DEP-0041-HOUSING-INFRASTRUCTURE-013d5636,11B,data/processed/analysis/population_system_dependency_register.csv,DEP-0041-housing_infrastructure,MUNI-3953550,,ENT-POPULATION-MUNI-3953550,,SYS-POPULATION,,,housing_infrastructure,operational dependency,population/settlement entity,generalized external interface,exact,nonjoinable,INFERRED,inferred,s11a_acs_2024_5yr,limited,limited,,directed_local_record,county/place,2026 baseline,BASELINE_DEPENDENCY,"Housing context is not a condition, desirability, or vulnerability score.",Local uncertainty/notes retained in source artifact.,YES,YES,QUALITATIVE_ONLY,NO,VISUALIZATION_AND_QUALITATIVE_REASONING;QUALITATIVE_STRESS_TEST_ONLY;NO_QUANTITATIVE_AGGREGATION;SOURCE_LOCAL_ONLY;NO_EXACT_ATLAS_JOIN,"Inferred relationship retained: Housing context is not a condition, desirability, or vulnerability score."
AR-11B-DEP-0041-GOVERNANCE-f57bb351,11B,data/processed/analysis/population_system_dependency_register.csv,DEP-0041-governance,MUNI-3953550,,ENT-POPULATION-MUNI-3953550,,SYS-POPULATION,SYS-GOVERNANCE,,governance,operational dependency,population/settlement entity,generalized external interface,exact,system-level,INFERRED,inferred,phase10_governance_context,moderate,moderate,,directed_local_record,municipal/county,2026 baseline,BASELINE_DEPENDENCY,"Boundary, operator, service territory, and population served remain distinct.",Local uncertainty/notes retained in source artifact.,YES,YES,QUALITATIVE_ONLY,NO,VISUALIZATION_AND_QUALITATIVE_REASONING;QUALITATIVE_STRESS_TEST_ONLY;NO_QUANTITATIVE_AGGREGATION,"Inferred relationship retained: Boundary, operator, service territory, and population served remain distinct."
AR-11B-DEP-0042-WATER-0fbe37c0,11B,data/processed/analysis/population_system_dependency_register.csv,DEP-0042-water,MUNI-3957190,,ENT-POPULATION-MUNI-3957190,,SYS-POPULATION,SYS-WATER,,water,operational dependency,population/settlement entity,generalized external interface,exact,system-level,INFERRED,inferred,phase10_governance_context,limited,limited,,directed_local_record,county/place,2026 baseline,BASELINE_DEPENDENCY,Generalized service-responsibility context only; no state-specific operator or exact resident-to-utility assignment.,Local uncertainty/notes retained in source artifact.,YES,YES,QUALITATIVE_ONLY,NO,VISUALIZATION_AND_QUALITATIVE_REASONING;QUALITATIVE_STRESS_TEST_ONLY;NO_QUANTITATIVE_AGGREGATION,Inferred relationship retained: Generalized service-responsibility context only; no state-specific operator or exact resident-to-utility assignment.
AR-11B-DEP-0042-WASTEWATER-7c3e9ca2,11B,data/processed/analysis/population_system_dependency_register.csv,DEP-0042-wastewater,MUNI-3957190,,ENT-POPULATION-MUNI-3957190,,SYS-POPULATION,SYS-WATER,,wastewater,operational dependency,population/settlement entity,generalized external interface,exact,system-level,INFERRED,inferred,phase10_s05_ohio_npdes,limited,limited,,directed_local_record,county/place,2026 baseline,BASELINE_DEPENDENCY,"Ohio regulatory program context only; no exact sewer territory, treatment load, or resident assignment.",Local uncertainty/notes retained in source artifact.,YES,YES,QUALITATIVE_ONLY,NO,VISUALIZATION_AND_QUALITATIVE_REASONING;QUALITATIVE_STRESS_TEST_ONLY;NO_QUANTITATIVE_AGGREGATION,"Inferred relationship retained: Ohio regulatory program context only; no exact sewer territory, treatment load, or resident assignment."
AR-11B-DEP-0042-ENERGY-62c292f5,11B,data/processed/analysis/population_system_dependency_register.csv,DEP-0042-energy,MUNI-3957190,,ENT-POPULATION-MUNI-3957190,,SYS-POPULATION,SYS-ENERGY,,energy,operational dependency,population/settlement entity,generalized external interface,exact,system-level,INFERRED,inferred,phase10_s24_pjm,moderate,moderate,,directed_local_record,county/place,2026 baseline,BASELINE_DEPENDENCY,"Regional wholesale/high-voltage context only; no local distribution assignment, demand model, or outage probability.",Local uncertainty/notes retained in source artifact.,YES,YES,QUALITATIVE_ONLY,NO,VISUALIZATION_AND_QUALITATIVE_REASONING;QUALITATIVE_STRESS_TEST_ONLY;NO_QUANTITATIVE_AGGREGATION,"Inferred relationship retained: Regional wholesale/high-voltage context only; no local distribution assignment, demand model, or outage probability."
AR-11B-DEP-0042-TRANSPORT-c3ca7d80,11B,data/processed/analysis/population_system_dependency_register.csv,DEP-0042-transport,MUNI-3957190,,ENT-POPULATION-MUNI-3957190,,SYS-POPULATION,SYS-FREIGHT,,transport,operational dependency,population/settlement entity,generalized external interface,exact,system-level,INFERRED,inferred,s11b_lodes_oh_od,moderate,limited,,directed_local_record,county/county_pair,2026 baseline,BASELINE_DEPENDENCY,State-matched LODES OD supports generalized commuting context; the dependency is inferred and exposes no individual paths or passenger surveillance.,Local uncertainty/notes retained in source artifact.,YES,YES,QUALITATIVE_ONLY,NO,VISUALIZATION_AND_QUALITATIVE_REASONING;QUALITATIVE_STRESS_TEST_ONLY;NO_QUANTITATIVE_AGGREGATION,Inferred relationship retained: State-matched LODES OD supports generalized commuting context; the dependency is inferred and exposes no individual paths or passenger surveillance.
AR-11B-DEP-0042-CLIMATE-HAZARD-52f7222c,11B,data/processed/analysis/population_system_dependency_register.csv,DEP-0042-climate_hazard,MUNI-3957190,,ENT-POPULATION-MUNI-3957190,,SYS-POPULATION,,,climate_hazard,operational dependency,population/settlement entity,generalized external interface,exact,nonjoinable,INFERRED,inferred,phase9_hazard_context,limited,limited,,directed_local_record,county/regional,2026 baseline,BASELINE_DEPENDENCY,"Hazard interface is not exposure, dose, or health outcome.",Local uncertainty/notes retained in source artifact.,YES,YES,QUALITATIVE_ONLY,NO,VISUALIZATION_AND_QUALITATIVE_REASONING;QUALITATIVE_STRESS_TEST_ONLY;NO_QUANTITATIVE_AGGREGATION;SOURCE_LOCAL_ONLY;NO_EXACT_ATLAS_JOIN,"Inferred relationship retained: Hazard interface is not exposure, dose, or health outcome."
AR-11B-DEP-0042-ENVIRONMENTAL-HEALTH-2b4ac2ac,11B,data/processed/analysis/population_system_dependency_register.csv,DEP-0042-environmental_health,MUNI-3957190,,ENT-POPULATION-MUNI-3957190,,SYS-POPULATION,SYS-EXPOSURE,,environmental_health,exposure pathway,population/settlement entity,generalized external interface,exact,system-level,CONTEXT_REUSED,reused_context,phase7_exposure_context,limited,limited,,directed_local_record,county/regional,2026 baseline,BASELINE_DEPENDENCY,"Population presence is not exposure, dose, illness, or risk.",Local uncertainty/notes retained in source artifact.,YES,YES,QUALITATIVE_ONLY,NO,VISUALIZATION_AND_QUALITATIVE_REASONING;QUALITATIVE_STRESS_TEST_ONLY;NO_QUANTITATIVE_AGGREGATION,"Reused context retained and not counted as new evidence: Population presence is not exposure, dose, illness, or risk."
AR-11B-DEP-0042-ECOLOGY-LAND-eb2cd9b8,11B,data/processed/analysis/population_system_dependency_register.csv,DEP-0042-ecology_land,MUNI-3957190,,ENT-POPULATION-MUNI-3957190,,SYS-POPULATION,,,ecology_land,operational dependency,population/settlement entity,generalized external interface,exact,nonjoinable,INFERRED,inferred,phase6_ecology_context,limited,limited,,directed_local_record,county/regional,2026 baseline,BASELINE_DEPENDENCY,"No habitat quality, biodiversity, or ecological-risk score.",Local uncertainty/notes retained in source artifact.,YES,YES,QUALITATIVE_ONLY,NO,VISUALIZATION_AND_QUALITATIVE_REASONING;QUALITATIVE_STRESS_TEST_ONLY;NO_QUANTITATIVE_AGGREGATION;SOURCE_LOCAL_ONLY;NO_EXACT_ATLAS_JOIN,"Inferred relationship retained: No habitat quality, biodiversity, or ecological-risk score."
AR-11B-DEP-0042-BIOGEOCHEMICAL-3d7e8607,11B,data/processed/analysis/population_system_dependency_register.csv,DEP-0042-biogeochemical,MUNI-3957190,,ENT-POPULATION-MUNI-3957190,,SYS-POPULATION,SYS-BIOGEOCHEMISTRY,,biogeochemical,material flow,population/settlement entity,generalized external interface,exact,system-level,INFERRED,inferred,phase8_biogeochemical_context,limited,limited,,directed_local_record,county/watershed,2026 baseline,BASELINE_DEPENDENCY,"No new nutrient load, concentration, or treatment outcome.",Local uncertainty/notes retained in source artifact.,YES,YES,QUALITATIVE_ONLY,NO,VISUALIZATION_AND_QUALITATIVE_REASONING;QUALITATIVE_STRESS_TEST_ONLY;NO_QUANTITATIVE_AGGREGATION,"Inferred relationship retained: No new nutrient load, concentration, or treatment outcome."
AR-11B-DEP-0042-HOUSING-INFRASTRUCTURE-e89d80f1,11B,data/processed/analysis/population_system_dependency_register.csv,DEP-0042-housing_infrastructure,MUNI-3957190,,ENT-POPULATION-MUNI-3957190,,SYS-POPULATION,,,housing_infrastructure,operational dependency,population/settlement entity,generalized external interface,exact,nonjoinable,INFERRED,inferred,s11a_acs_2024_5yr,limited,limited,,directed_local_record,county/place,2026 baseline,BASELINE_DEPENDENCY,"Housing context is not a condition, desirability, or vulnerability score.",Local uncertainty/notes retained in source artifact.,YES,YES,QUALITATIVE_ONLY,NO,VISUALIZATION_AND_QUALITATIVE_REASONING;QUALITATIVE_STRESS_TEST_ONLY;NO_QUANTITATIVE_AGGREGATION;SOURCE_LOCAL_ONLY;NO_EXACT_ATLAS_JOIN,"Inferred relationship retained: Housing context is not a condition, desirability, or vulnerability score."
AR-11B-DEP-0042-GOVERNANCE-764f45c9,11B,data/processed/analysis/population_system_dependency_register.csv,DEP-0042-governance,MUNI-3957190,,ENT-POPULATION-MUNI-3957190,,SYS-POPULATION,SYS-GOVERNANCE,,governance,operational dependency,population/settlement entity,generalized external interface,exact,system-level,INFERRED,inferred,phase10_governance_context,moderate,moderate,,directed_local_record,municipal/county,2026 baseline,BASELINE_DEPENDENCY,"Boundary, operator, service territory, and population served remain distinct.",Local uncertainty/notes retained in source artifact.,YES,YES,QUALITATIVE_ONLY,NO,VISUALIZATION_AND_QUALITATIVE_REASONING;QUALITATIVE_STRESS_TEST_ONLY;NO_QUANTITATIVE_AGGREGATION,"Inferred relationship retained: Boundary, operator, service territory, and population served remain distinct."
AR-11B-DEP-0043-WATER-93a6786e,11B,data/processed/analysis/population_system_dependency_register.csv,DEP-0043-water,MUNI-3958730,,ENT-POPULATION-MUNI-3958730,,SYS-POPULATION,SYS-WATER,,water,operational dependency,population/settlement entity,generalized external interface,exact,system-level,INFERRED,inferred,phase10_governance_context,limited,limited,,directed_local_record,county/place,2026 baseline,BASELINE_DEPENDENCY,Generalized service-responsibility context only; no state-specific operator or exact resident-to-utility assignment.,Local uncertainty/notes retained in source artifact.,YES,YES,QUALITATIVE_ONLY,NO,VISUALIZATION_AND_QUALITATIVE_REASONING;QUALITATIVE_STRESS_TEST_ONLY;NO_QUANTITATIVE_AGGREGATION,Inferred relationship retained: Generalized service-responsibility context only; no state-specific operator or exact resident-to-utility assignment.
AR-11B-DEP-0043-WASTEWATER-53e14f99,11B,data/processed/analysis/population_system_dependency_register.csv,DEP-0043-wastewater,MUNI-3958730,,ENT-POPULATION-MUNI-3958730,,SYS-POPULATION,SYS-WATER,,wastewater,operational dependency,population/settlement entity,generalized external interface,exact,system-level,INFERRED,inferred,phase10_s05_ohio_npdes,limited,limited,,directed_local_record,county/place,2026 baseline,BASELINE_DEPENDENCY,"Ohio regulatory program context only; no exact sewer territory, treatment load, or resident assignment.",Local uncertainty/notes retained in source artifact.,YES,YES,QUALITATIVE_ONLY,NO,VISUALIZATION_AND_QUALITATIVE_REASONING;QUALITATIVE_STRESS_TEST_ONLY;NO_QUANTITATIVE_AGGREGATION,"Inferred relationship retained: Ohio regulatory program context only; no exact sewer territory, treatment load, or resident assignment."
AR-11B-DEP-0043-ENERGY-842c5e49,11B,data/processed/analysis/population_system_dependency_register.csv,DEP-0043-energy,MUNI-3958730,,ENT-POPULATION-MUNI-3958730,,SYS-POPULATION,SYS-ENERGY,,energy,operational dependency,population/settlement entity,generalized external interface,exact,system-level,INFERRED,inferred,phase10_s24_pjm,moderate,moderate,,directed_local_record,county/place,2026 baseline,BASELINE_DEPENDENCY,"Regional wholesale/high-voltage context only; no local distribution assignment, demand model, or outage probability.",Local uncertainty/notes retained in source artifact.,YES,YES,QUALITATIVE_ONLY,NO,VISUALIZATION_AND_QUALITATIVE_REASONING;QUALITATIVE_STRESS_TEST_ONLY;NO_QUANTITATIVE_AGGREGATION,"Inferred relationship retained: Regional wholesale/high-voltage context only; no local distribution assignment, demand model, or outage probability."
AR-11B-DEP-0043-TRANSPORT-85c85b10,11B,data/processed/analysis/population_system_dependency_register.csv,DEP-0043-transport,MUNI-3958730,,ENT-POPULATION-MUNI-3958730,,SYS-POPULATION,SYS-FREIGHT,,transport,operational dependency,population/settlement entity,generalized external interface,exact,system-level,INFERRED,inferred,s11b_lodes_oh_od,moderate,limited,,directed_local_record,county/county_pair,2026 baseline,BASELINE_DEPENDENCY,State-matched LODES OD supports generalized commuting context; the dependency is inferred and exposes no individual paths or passenger surveillance.,Local uncertainty/notes retained in source artifact.,YES,YES,QUALITATIVE_ONLY,NO,VISUALIZATION_AND_QUALITATIVE_REASONING;QUALITATIVE_STRESS_TEST_ONLY;NO_QUANTITATIVE_AGGREGATION,Inferred relationship retained: State-matched LODES OD supports generalized commuting context; the dependency is inferred and exposes no individual paths or passenger surveillance.
AR-11B-DEP-0043-CLIMATE-HAZARD-7a7d741a,11B,data/processed/analysis/population_system_dependency_register.csv,DEP-0043-climate_hazard,MUNI-3958730,,ENT-POPULATION-MUNI-3958730,,SYS-POPULATION,,,climate_hazard,operational dependency,population/settlement entity,generalized external interface,exact,nonjoinable,INFERRED,inferred,phase9_hazard_context,limited,limited,,directed_local_record,county/regional,2026 baseline,BASELINE_DEPENDENCY,"Hazard interface is not exposure, dose, or health outcome.",Local uncertainty/notes retained in source artifact.,YES,YES,QUALITATIVE_ONLY,NO,VISUALIZATION_AND_QUALITATIVE_REASONING;QUALITATIVE_STRESS_TEST_ONLY;NO_QUANTITATIVE_AGGREGATION;SOURCE_LOCAL_ONLY;NO_EXACT_ATLAS_JOIN,"Inferred relationship retained: Hazard interface is not exposure, dose, or health outcome."
AR-11B-DEP-0043-ENVIRONMENTAL-HEALTH-a7362460,11B,data/processed/analysis/population_system_dependency_register.csv,DEP-0043-environmental_health,MUNI-3958730,,ENT-POPULATION-MUNI-3958730,,SYS-POPULATION,SYS-EXPOSURE,,environmental_health,exposure pathway,population/settlement entity,generalized external interface,exact,system-level,CONTEXT_REUSED,reused_context,phase7_exposure_context,limited,limited,,directed_local_record,county/regional,2026 baseline,BASELINE_DEPENDENCY,"Population presence is not exposure, dose, illness, or risk.",Local uncertainty/notes retained in source artifact.,YES,YES,QUALITATIVE_ONLY,NO,VISUALIZATION_AND_QUALITATIVE_REASONING;QUALITATIVE_STRESS_TEST_ONLY;NO_QUANTITATIVE_AGGREGATION,"Reused context retained and not counted as new evidence: Population presence is not exposure, dose, illness, or risk."
AR-11B-DEP-0043-ECOLOGY-LAND-2d9b8a8a,11B,data/processed/analysis/population_system_dependency_register.csv,DEP-0043-ecology_land,MUNI-3958730,,ENT-POPULATION-MUNI-3958730,,SYS-POPULATION,,,ecology_land,operational dependency,population/settlement entity,generalized external interface,exact,nonjoinable,INFERRED,inferred,phase6_ecology_context,limited,limited,,directed_local_record,county/regional,2026 baseline,BASELINE_DEPENDENCY,"No habitat quality, biodiversity, or ecological-risk score.",Local uncertainty/notes retained in source artifact.,YES,YES,QUALITATIVE_ONLY,NO,VISUALIZATION_AND_QUALITATIVE_REASONING;QUALITATIVE_STRESS_TEST_ONLY;NO_QUANTITATIVE_AGGREGATION;SOURCE_LOCAL_ONLY;NO_EXACT_ATLAS_JOIN,"Inferred relationship retained: No habitat quality, biodiversity, or ecological-risk score."
AR-11B-DEP-0043-BIOGEOCHEMICAL-62221000,11B,data/processed/analysis/population_system_dependency_register.csv,DEP-0043-biogeochemical,MUNI-3958730,,ENT-POPULATION-MUNI-3958730,,SYS-POPULATION,SYS-BIOGEOCHEMISTRY,,biogeochemical,material flow,population/settlement entity,generalized external interface,exact,system-level,INFERRED,inferred,phase8_biogeochemical_context,limited,limited,,directed_local_record,county/watershed,2026 baseline,BASELINE_DEPENDENCY,"No new nutrient load, concentration, or treatment outcome.",Local uncertainty/notes retained in source artifact.,YES,YES,QUALITATIVE_ONLY,NO,VISUALIZATION_AND_QUALITATIVE_REASONING;QUALITATIVE_STRESS_TEST_ONLY;NO_QUANTITATIVE_AGGREGATION,"Inferred relationship retained: No new nutrient load, concentration, or treatment outcome."
AR-11B-DEP-0043-HOUSING-INFRASTRUCTURE-c7c29ec1,11B,data/processed/analysis/population_system_dependency_register.csv,DEP-0043-housing_infrastructure,MUNI-3958730,,ENT-POPULATION-MUNI-3958730,,SYS-POPULATION,,,housing_infrastructure,operational dependency,population/settlement entity,generalized external interface,exact,nonjoinable,INFERRED,inferred,s11a_acs_2024_5yr,limited,limited,,directed_local_record,county/place,2026 baseline,BASELINE_DEPENDENCY,"Housing context is not a condition, desirability, or vulnerability score.",Local uncertainty/notes retained in source artifact.,YES,YES,QUALITATIVE_ONLY,NO,VISUALIZATION_AND_QUALITATIVE_REASONING;QUALITATIVE_STRESS_TEST_ONLY;NO_QUANTITATIVE_AGGREGATION;SOURCE_LOCAL_ONLY;NO_EXACT_ATLAS_JOIN,"Inferred relationship retained: Housing context is not a condition, desirability, or vulnerability score."
AR-11B-DEP-0043-GOVERNANCE-5dc01764,11B,data/processed/analysis/population_system_dependency_register.csv,DEP-0043-governance,MUNI-3958730,,ENT-POPULATION-MUNI-3958730,,SYS-POPULATION,SYS-GOVERNANCE,,governance,operational dependency,population/settlement entity,generalized external interface,exact,system-level,INFERRED,inferred,phase10_governance_context,moderate,moderate,,directed_local_record,municipal/county,2026 baseline,BASELINE_DEPENDENCY,"Boundary, operator, service territory, and population served remain distinct.",Local uncertainty/notes retained in source artifact.,YES,YES,QUALITATIVE_ONLY,NO,VISUALIZATION_AND_QUALITATIVE_REASONING;QUALITATIVE_STRESS_TEST_ONLY;NO_QUANTITATIVE_AGGREGATION,"Inferred relationship retained: Boundary, operator, service territory, and population served remain distinct."
AR-11B-DEP-0044-WATER-61492b4c,11B,data/processed/analysis/population_system_dependency_register.csv,DEP-0044-water,MUNI-3962148,,ENT-POPULATION-MUNI-3962148,,SYS-POPULATION,SYS-WATER,,water,operational dependency,population/settlement entity,generalized external interface,exact,system-level,INFERRED,inferred,phase10_governance_context,limited,limited,,directed_local_record,county/place,2026 baseline,BASELINE_DEPENDENCY,Generalized service-responsibility context only; no state-specific operator or exact resident-to-utility assignment.,Local uncertainty/notes retained in source artifact.,YES,YES,QUALITATIVE_ONLY,NO,VISUALIZATION_AND_QUALITATIVE_REASONING;QUALITATIVE_STRESS_TEST_ONLY;NO_QUANTITATIVE_AGGREGATION,Inferred relationship retained: Generalized service-responsibility context only; no state-specific operator or exact resident-to-utility assignment.
AR-11B-DEP-0044-WASTEWATER-59e3ad7b,11B,data/processed/analysis/population_system_dependency_register.csv,DEP-0044-wastewater,MUNI-3962148,,ENT-POPULATION-MUNI-3962148,,SYS-POPULATION,SYS-WATER,,wastewater,operational dependency,population/settlement entity,generalized external interface,exact,system-level,INFERRED,inferred,phase10_s05_ohio_npdes,limited,limited,,directed_local_record,county/place,2026 baseline,BASELINE_DEPENDENCY,"Ohio regulatory program context only; no exact sewer territory, treatment load, or resident assignment.",Local uncertainty/notes retained in source artifact.,YES,YES,QUALITATIVE_ONLY,NO,VISUALIZATION_AND_QUALITATIVE_REASONING;QUALITATIVE_STRESS_TEST_ONLY;NO_QUANTITATIVE_AGGREGATION,"Inferred relationship retained: Ohio regulatory program context only; no exact sewer territory, treatment load, or resident assignment."
AR-11B-DEP-0044-ENERGY-0a642e14,11B,data/processed/analysis/population_system_dependency_register.csv,DEP-0044-energy,MUNI-3962148,,ENT-POPULATION-MUNI-3962148,,SYS-POPULATION,SYS-ENERGY,,energy,operational dependency,population/settlement entity,generalized external interface,exact,system-level,INFERRED,inferred,phase10_s24_pjm,moderate,moderate,,directed_local_record,county/place,2026 baseline,BASELINE_DEPENDENCY,"Regional wholesale/high-voltage context only; no local distribution assignment, demand model, or outage probability.",Local uncertainty/notes retained in source artifact.,YES,YES,QUALITATIVE_ONLY,NO,VISUALIZATION_AND_QUALITATIVE_REASONING;QUALITATIVE_STRESS_TEST_ONLY;NO_QUANTITATIVE_AGGREGATION,"Inferred relationship retained: Regional wholesale/high-voltage context only; no local distribution assignment, demand model, or outage probability."
AR-11B-DEP-0044-TRANSPORT-403f8e8c,11B,data/processed/analysis/population_system_dependency_register.csv,DEP-0044-transport,MUNI-3962148,,ENT-POPULATION-MUNI-3962148,,SYS-POPULATION,SYS-FREIGHT,,transport,operational dependency,population/settlement entity,generalized external interface,exact,system-level,INFERRED,inferred,s11b_lodes_oh_od,moderate,limited,,directed_local_record,county/county_pair,2026 baseline,BASELINE_DEPENDENCY,State-matched LODES OD supports generalized commuting context; the dependency is inferred and exposes no individual paths or passenger surveillance.,Local uncertainty/notes retained in source artifact.,YES,YES,QUALITATIVE_ONLY,NO,VISUALIZATION_AND_QUALITATIVE_REASONING;QUALITATIVE_STRESS_TEST_ONLY;NO_QUANTITATIVE_AGGREGATION,Inferred relationship retained: State-matched LODES OD supports generalized commuting context; the dependency is inferred and exposes no individual paths or passenger surveillance.
AR-11B-DEP-0044-CLIMATE-HAZARD-5ab6575f,11B,data/processed/analysis/population_system_dependency_register.csv,DEP-0044-climate_hazard,MUNI-3962148,,ENT-POPULATION-MUNI-3962148,,SYS-POPULATION,,,climate_hazard,operational dependency,population/settlement entity,generalized external interface,exact,nonjoinable,INFERRED,inferred,phase9_hazard_context,limited,limited,,directed_local_record,county/regional,2026 baseline,BASELINE_DEPENDENCY,"Hazard interface is not exposure, dose, or health outcome.",Local uncertainty/notes retained in source artifact.,YES,YES,QUALITATIVE_ONLY,NO,VISUALIZATION_AND_QUALITATIVE_REASONING;QUALITATIVE_STRESS_TEST_ONLY;NO_QUANTITATIVE_AGGREGATION;SOURCE_LOCAL_ONLY;NO_EXACT_ATLAS_JOIN,"Inferred relationship retained: Hazard interface is not exposure, dose, or health outcome."
AR-11B-DEP-0044-ENVIRONMENTAL-HEALTH-b7adb76b,11B,data/processed/analysis/population_system_dependency_register.csv,DEP-0044-environmental_health,MUNI-3962148,,ENT-POPULATION-MUNI-3962148,,SYS-POPULATION,SYS-EXPOSURE,,environmental_health,exposure pathway,population/settlement entity,generalized external interface,exact,system-level,CONTEXT_REUSED,reused_context,phase7_exposure_context,limited,limited,,directed_local_record,county/regional,2026 baseline,BASELINE_DEPENDENCY,"Population presence is not exposure, dose, illness, or risk.",Local uncertainty/notes retained in source artifact.,YES,YES,QUALITATIVE_ONLY,NO,VISUALIZATION_AND_QUALITATIVE_REASONING;QUALITATIVE_STRESS_TEST_ONLY;NO_QUANTITATIVE_AGGREGATION,"Reused context retained and not counted as new evidence: Population presence is not exposure, dose, illness, or risk."
AR-11B-DEP-0044-ECOLOGY-LAND-ec67386d,11B,data/processed/analysis/population_system_dependency_register.csv,DEP-0044-ecology_land,MUNI-3962148,,ENT-POPULATION-MUNI-3962148,,SYS-POPULATION,,,ecology_land,operational dependency,population/settlement entity,generalized external interface,exact,nonjoinable,INFERRED,inferred,phase6_ecology_context,limited,limited,,directed_local_record,county/regional,2026 baseline,BASELINE_DEPENDENCY,"No habitat quality, biodiversity, or ecological-risk score.",Local uncertainty/notes retained in source artifact.,YES,YES,QUALITATIVE_ONLY,NO,VISUALIZATION_AND_QUALITATIVE_REASONING;QUALITATIVE_STRESS_TEST_ONLY;NO_QUANTITATIVE_AGGREGATION;SOURCE_LOCAL_ONLY;NO_EXACT_ATLAS_JOIN,"Inferred relationship retained: No habitat quality, biodiversity, or ecological-risk score."
AR-11B-DEP-0044-BIOGEOCHEMICAL-c529b5ba,11B,data/processed/analysis/population_system_dependency_register.csv,DEP-0044-biogeochemical,MUNI-3962148,,ENT-POPULATION-MUNI-3962148,,SYS-POPULATION,SYS-BIOGEOCHEMISTRY,,biogeochemical,material flow,population/settlement entity,generalized external interface,exact,system-level,INFERRED,inferred,phase8_biogeochemical_context,limited,limited,,directed_local_record,county/watershed,2026 baseline,BASELINE_DEPENDENCY,"No new nutrient load, concentration, or treatment outcome.",Local uncertainty/notes retained in source artifact.,YES,YES,QUALITATIVE_ONLY,NO,VISUALIZATION_AND_QUALITATIVE_REASONING;QUALITATIVE_STRESS_TEST_ONLY;NO_QUANTITATIVE_AGGREGATION,"Inferred relationship retained: No new nutrient load, concentration, or treatment outcome."
AR-11B-DEP-0044-HOUSING-INFRASTRUCTURE-9fd126e1,11B,data/processed/analysis/population_system_dependency_register.csv,DEP-0044-housing_infrastructure,MUNI-3962148,,ENT-POPULATION-MUNI-3962148,,SYS-POPULATION,,,housing_infrastructure,operational dependency,population/settlement entity,generalized external interface,exact,nonjoinable,INFERRED,inferred,s11a_acs_2024_5yr,limited,limited,,directed_local_record,county/place,2026 baseline,BASELINE_DEPENDENCY,"Housing context is not a condition, desirability, or vulnerability score.",Local uncertainty/notes retained in source artifact.,YES,YES,QUALITATIVE_ONLY,NO,VISUALIZATION_AND_QUALITATIVE_REASONING;QUALITATIVE_STRESS_TEST_ONLY;NO_QUANTITATIVE_AGGREGATION;SOURCE_LOCAL_ONLY;NO_EXACT_ATLAS_JOIN,"Inferred relationship retained: Housing context is not a condition, desirability, or vulnerability score."
AR-11B-DEP-0044-GOVERNANCE-6f1f77c9,11B,data/processed/analysis/population_system_dependency_register.csv,DEP-0044-governance,MUNI-3962148,,ENT-POPULATION-MUNI-3962148,,SYS-POPULATION,SYS-GOVERNANCE,,governance,operational dependency,population/settlement entity,generalized external interface,exact,system-level,INFERRED,inferred,phase10_governance_context,moderate,moderate,,directed_local_record,municipal/county,2026 baseline,BASELINE_DEPENDENCY,"Boundary, operator, service territory, and population served remain distinct.",Local uncertainty/notes retained in source artifact.,YES,YES,QUALITATIVE_ONLY,NO,VISUALIZATION_AND_QUALITATIVE_REASONING;QUALITATIVE_STRESS_TEST_ONLY;NO_QUANTITATIVE_AGGREGATION,"Inferred relationship retained: Boundary, operator, service territory, and population served remain distinct."
AR-11B-DEP-0045-WATER-f7ddf0ff,11B,data/processed/analysis/population_system_dependency_register.csv,DEP-0045-water,MUNI-3964150,,ENT-POPULATION-MUNI-3964150,,SYS-POPULATION,SYS-WATER,,water,operational dependency,population/settlement entity,generalized external interface,exact,system-level,INFERRED,inferred,phase10_governance_context,limited,limited,,directed_local_record,county/place,2026 baseline,BASELINE_DEPENDENCY,Generalized service-responsibility context only; no state-specific operator or exact resident-to-utility assignment.,Local uncertainty/notes retained in source artifact.,YES,YES,QUALITATIVE_ONLY,NO,VISUALIZATION_AND_QUALITATIVE_REASONING;QUALITATIVE_STRESS_TEST_ONLY;NO_QUANTITATIVE_AGGREGATION,Inferred relationship retained: Generalized service-responsibility context only; no state-specific operator or exact resident-to-utility assignment.
AR-11B-DEP-0045-WASTEWATER-f952db7c,11B,data/processed/analysis/population_system_dependency_register.csv,DEP-0045-wastewater,MUNI-3964150,,ENT-POPULATION-MUNI-3964150,,SYS-POPULATION,SYS-WATER,,wastewater,operational dependency,population/settlement entity,generalized external interface,exact,system-level,INFERRED,inferred,phase10_s05_ohio_npdes,limited,limited,,directed_local_record,county/place,2026 baseline,BASELINE_DEPENDENCY,"Ohio regulatory program context only; no exact sewer territory, treatment load, or resident assignment.",Local uncertainty/notes retained in source artifact.,YES,YES,QUALITATIVE_ONLY,NO,VISUALIZATION_AND_QUALITATIVE_REASONING;QUALITATIVE_STRESS_TEST_ONLY;NO_QUANTITATIVE_AGGREGATION,"Inferred relationship retained: Ohio regulatory program context only; no exact sewer territory, treatment load, or resident assignment."
AR-11B-DEP-0045-ENERGY-559d2e8a,11B,data/processed/analysis/population_system_dependency_register.csv,DEP-0045-energy,MUNI-3964150,,ENT-POPULATION-MUNI-3964150,,SYS-POPULATION,SYS-ENERGY,,energy,operational dependency,population/settlement entity,generalized external interface,exact,system-level,INFERRED,inferred,phase10_s24_pjm,moderate,moderate,,directed_local_record,county/place,2026 baseline,BASELINE_DEPENDENCY,"Regional wholesale/high-voltage context only; no local distribution assignment, demand model, or outage probability.",Local uncertainty/notes retained in source artifact.,YES,YES,QUALITATIVE_ONLY,NO,VISUALIZATION_AND_QUALITATIVE_REASONING;QUALITATIVE_STRESS_TEST_ONLY;NO_QUANTITATIVE_AGGREGATION,"Inferred relationship retained: Regional wholesale/high-voltage context only; no local distribution assignment, demand model, or outage probability."
AR-11B-DEP-0045-TRANSPORT-62b5d72c,11B,data/processed/analysis/population_system_dependency_register.csv,DEP-0045-transport,MUNI-3964150,,ENT-POPULATION-MUNI-3964150,,SYS-POPULATION,SYS-FREIGHT,,transport,operational dependency,population/settlement entity,generalized external interface,exact,system-level,INFERRED,inferred,s11b_lodes_oh_od,moderate,limited,,directed_local_record,county/county_pair,2026 baseline,BASELINE_DEPENDENCY,State-matched LODES OD supports generalized commuting context; the dependency is inferred and exposes no individual paths or passenger surveillance.,Local uncertainty/notes retained in source artifact.,YES,YES,QUALITATIVE_ONLY,NO,VISUALIZATION_AND_QUALITATIVE_REASONING;QUALITATIVE_STRESS_TEST_ONLY;NO_QUANTITATIVE_AGGREGATION,Inferred relationship retained: State-matched LODES OD supports generalized commuting context; the dependency is inferred and exposes no individual paths or passenger surveillance.
AR-11B-DEP-0045-CLIMATE-HAZARD-4b0830cd,11B,data/processed/analysis/population_system_dependency_register.csv,DEP-0045-climate_hazard,MUNI-3964150,,ENT-POPULATION-MUNI-3964150,,SYS-POPULATION,,,climate_hazard,operational dependency,population/settlement entity,generalized external interface,exact,nonjoinable,INFERRED,inferred,phase9_hazard_context,limited,limited,,directed_local_record,county/regional,2026 baseline,BASELINE_DEPENDENCY,"Hazard interface is not exposure, dose, or health outcome.",Local uncertainty/notes retained in source artifact.,YES,YES,QUALITATIVE_ONLY,NO,VISUALIZATION_AND_QUALITATIVE_REASONING;QUALITATIVE_STRESS_TEST_ONLY;NO_QUANTITATIVE_AGGREGATION;SOURCE_LOCAL_ONLY;NO_EXACT_ATLAS_JOIN,"Inferred relationship retained: Hazard interface is not exposure, dose, or health outcome."
AR-11B-DEP-0045-ENVIRONMENTAL-HEALTH-a2d54dc8,11B,data/processed/analysis/population_system_dependency_register.csv,DEP-0045-environmental_health,MUNI-3964150,,ENT-POPULATION-MUNI-3964150,,SYS-POPULATION,SYS-EXPOSURE,,environmental_health,exposure pathway,population/settlement entity,generalized external interface,exact,system-level,CONTEXT_REUSED,reused_context,phase7_exposure_context,limited,limited,,directed_local_record,county/regional,2026 baseline,BASELINE_DEPENDENCY,"Population presence is not exposure, dose, illness, or risk.",Local uncertainty/notes retained in source artifact.,YES,YES,QUALITATIVE_ONLY,NO,VISUALIZATION_AND_QUALITATIVE_REASONING;QUALITATIVE_STRESS_TEST_ONLY;NO_QUANTITATIVE_AGGREGATION,"Reused context retained and not counted as new evidence: Population presence is not exposure, dose, illness, or risk."
AR-11B-DEP-0045-ECOLOGY-LAND-708eccaa,11B,data/processed/analysis/population_system_dependency_register.csv,DEP-0045-ecology_land,MUNI-3964150,,ENT-POPULATION-MUNI-3964150,,SYS-POPULATION,,,ecology_land,operational dependency,population/settlement entity,generalized external interface,exact,nonjoinable,INFERRED,inferred,phase6_ecology_context,limited,limited,,directed_local_record,county/regional,2026 baseline,BASELINE_DEPENDENCY,"No habitat quality, biodiversity, or ecological-risk score.",Local uncertainty/notes retained in source artifact.,YES,YES,QUALITATIVE_ONLY,NO,VISUALIZATION_AND_QUALITATIVE_REASONING;QUALITATIVE_STRESS_TEST_ONLY;NO_QUANTITATIVE_AGGREGATION;SOURCE_LOCAL_ONLY;NO_EXACT_ATLAS_JOIN,"Inferred relationship retained: No habitat quality, biodiversity, or ecological-risk score."
AR-11B-DEP-0045-BIOGEOCHEMICAL-2da24e02,11B,data/processed/analysis/population_system_dependency_register.csv,DEP-0045-biogeochemical,MUNI-3964150,,ENT-POPULATION-MUNI-3964150,,SYS-POPULATION,SYS-BIOGEOCHEMISTRY,,biogeochemical,material flow,population/settlement entity,generalized external interface,exact,system-level,INFERRED,inferred,phase8_biogeochemical_context,limited,limited,,directed_local_record,county/watershed,2026 baseline,BASELINE_DEPENDENCY,"No new nutrient load, concentration, or treatment outcome.",Local uncertainty/notes retained in source artifact.,YES,YES,QUALITATIVE_ONLY,NO,VISUALIZATION_AND_QUALITATIVE_REASONING;QUALITATIVE_STRESS_TEST_ONLY;NO_QUANTITATIVE_AGGREGATION,"Inferred relationship retained: No new nutrient load, concentration, or treatment outcome."
AR-11B-DEP-0045-HOUSING-INFRASTRUCTURE-39f66cb1,11B,data/processed/analysis/population_system_dependency_register.csv,DEP-0045-housing_infrastructure,MUNI-3964150,,ENT-POPULATION-MUNI-3964150,,SYS-POPULATION,,,housing_infrastructure,operational dependency,population/settlement entity,generalized external interface,exact,nonjoinable,INFERRED,inferred,s11a_acs_2024_5yr,limited,limited,,directed_local_record,county/place,2026 baseline,BASELINE_DEPENDENCY,"Housing context is not a condition, desirability, or vulnerability score.",Local uncertainty/notes retained in source artifact.,YES,YES,QUALITATIVE_ONLY,NO,VISUALIZATION_AND_QUALITATIVE_REASONING;QUALITATIVE_STRESS_TEST_ONLY;NO_QUANTITATIVE_AGGREGATION;SOURCE_LOCAL_ONLY;NO_EXACT_ATLAS_JOIN,"Inferred relationship retained: Housing context is not a condition, desirability, or vulnerability score."
AR-11B-DEP-0045-GOVERNANCE-dec3dc75,11B,data/processed/analysis/population_system_dependency_register.csv,DEP-0045-governance,MUNI-3964150,,ENT-POPULATION-MUNI-3964150,,SYS-POPULATION,SYS-GOVERNANCE,,governance,operational dependency,population/settlement entity,generalized external interface,exact,system-level,INFERRED,inferred,phase10_governance_context,moderate,moderate,,directed_local_record,municipal/county,2026 baseline,BASELINE_DEPENDENCY,"Boundary, operator, service territory, and population served remain distinct.",Local uncertainty/notes retained in source artifact.,YES,YES,QUALITATIVE_ONLY,NO,VISUALIZATION_AND_QUALITATIVE_REASONING;QUALITATIVE_STRESS_TEST_ONLY;NO_QUANTITATIVE_AGGREGATION,"Inferred relationship retained: Boundary, operator, service territory, and population served remain distinct."
AR-11B-DEP-0046-WATER-8810712f,11B,data/processed/analysis/population_system_dependency_register.csv,DEP-0046-water,MUNI-3968686,,ENT-POPULATION-MUNI-3968686,,SYS-POPULATION,SYS-WATER,,water,operational dependency,population/settlement entity,generalized external interface,exact,system-level,INFERRED,inferred,phase10_governance_context,limited,limited,,directed_local_record,county/place,2026 baseline,BASELINE_DEPENDENCY,Generalized service-responsibility context only; no state-specific operator or exact resident-to-utility assignment.,Local uncertainty/notes retained in source artifact.,YES,YES,QUALITATIVE_ONLY,NO,VISUALIZATION_AND_QUALITATIVE_REASONING;QUALITATIVE_STRESS_TEST_ONLY;NO_QUANTITATIVE_AGGREGATION,Inferred relationship retained: Generalized service-responsibility context only; no state-specific operator or exact resident-to-utility assignment.
AR-11B-DEP-0046-WASTEWATER-fcba7f7e,11B,data/processed/analysis/population_system_dependency_register.csv,DEP-0046-wastewater,MUNI-3968686,,ENT-POPULATION-MUNI-3968686,,SYS-POPULATION,SYS-WATER,,wastewater,operational dependency,population/settlement entity,generalized external interface,exact,system-level,INFERRED,inferred,phase10_s05_ohio_npdes,limited,limited,,directed_local_record,county/place,2026 baseline,BASELINE_DEPENDENCY,"Ohio regulatory program context only; no exact sewer territory, treatment load, or resident assignment.",Local uncertainty/notes retained in source artifact.,YES,YES,QUALITATIVE_ONLY,NO,VISUALIZATION_AND_QUALITATIVE_REASONING;QUALITATIVE_STRESS_TEST_ONLY;NO_QUANTITATIVE_AGGREGATION,"Inferred relationship retained: Ohio regulatory program context only; no exact sewer territory, treatment load, or resident assignment."
AR-11B-DEP-0046-ENERGY-1e76fade,11B,data/processed/analysis/population_system_dependency_register.csv,DEP-0046-energy,MUNI-3968686,,ENT-POPULATION-MUNI-3968686,,SYS-POPULATION,SYS-ENERGY,,energy,operational dependency,population/settlement entity,generalized external interface,exact,system-level,INFERRED,inferred,phase10_s24_pjm,moderate,moderate,,directed_local_record,county/place,2026 baseline,BASELINE_DEPENDENCY,"Regional wholesale/high-voltage context only; no local distribution assignment, demand model, or outage probability.",Local uncertainty/notes retained in source artifact.,YES,YES,QUALITATIVE_ONLY,NO,VISUALIZATION_AND_QUALITATIVE_REASONING;QUALITATIVE_STRESS_TEST_ONLY;NO_QUANTITATIVE_AGGREGATION,"Inferred relationship retained: Regional wholesale/high-voltage context only; no local distribution assignment, demand model, or outage probability."
AR-11B-DEP-0046-TRANSPORT-37cf00c9,11B,data/processed/analysis/population_system_dependency_register.csv,DEP-0046-transport,MUNI-3968686,,ENT-POPULATION-MUNI-3968686,,SYS-POPULATION,SYS-FREIGHT,,transport,operational dependency,population/settlement entity,generalized external interface,exact,system-level,INFERRED,inferred,s11b_lodes_oh_od,moderate,limited,,directed_local_record,county/county_pair,2026 baseline,BASELINE_DEPENDENCY,State-matched LODES OD supports generalized commuting context; the dependency is inferred and exposes no individual paths or passenger surveillance.,Local uncertainty/notes retained in source artifact.,YES,YES,QUALITATIVE_ONLY,NO,VISUALIZATION_AND_QUALITATIVE_REASONING;QUALITATIVE_STRESS_TEST_ONLY;NO_QUANTITATIVE_AGGREGATION,Inferred relationship retained: State-matched LODES OD supports generalized commuting context; the dependency is inferred and exposes no individual paths or passenger surveillance.
AR-11B-DEP-0046-CLIMATE-HAZARD-20c7613a,11B,data/processed/analysis/population_system_dependency_register.csv,DEP-0046-climate_hazard,MUNI-3968686,,ENT-POPULATION-MUNI-3968686,,SYS-POPULATION,,,climate_hazard,operational dependency,population/settlement entity,generalized external interface,exact,nonjoinable,INFERRED,inferred,phase9_hazard_context,limited,limited,,directed_local_record,county/regional,2026 baseline,BASELINE_DEPENDENCY,"Hazard interface is not exposure, dose, or health outcome.",Local uncertainty/notes retained in source artifact.,YES,YES,QUALITATIVE_ONLY,NO,VISUALIZATION_AND_QUALITATIVE_REASONING;QUALITATIVE_STRESS_TEST_ONLY;NO_QUANTITATIVE_AGGREGATION;SOURCE_LOCAL_ONLY;NO_EXACT_ATLAS_JOIN,"Inferred relationship retained: Hazard interface is not exposure, dose, or health outcome."
AR-11B-DEP-0046-ENVIRONMENTAL-HEALTH-2a68fcdc,11B,data/processed/analysis/population_system_dependency_register.csv,DEP-0046-environmental_health,MUNI-3968686,,ENT-POPULATION-MUNI-3968686,,SYS-POPULATION,SYS-EXPOSURE,,environmental_health,exposure pathway,population/settlement entity,generalized external interface,exact,system-level,CONTEXT_REUSED,reused_context,phase7_exposure_context,limited,limited,,directed_local_record,county/regional,2026 baseline,BASELINE_DEPENDENCY,"Population presence is not exposure, dose, illness, or risk.",Local uncertainty/notes retained in source artifact.,YES,YES,QUALITATIVE_ONLY,NO,VISUALIZATION_AND_QUALITATIVE_REASONING;QUALITATIVE_STRESS_TEST_ONLY;NO_QUANTITATIVE_AGGREGATION,"Reused context retained and not counted as new evidence: Population presence is not exposure, dose, illness, or risk."
AR-11B-DEP-0046-ECOLOGY-LAND-74f68d42,11B,data/processed/analysis/population_system_dependency_register.csv,DEP-0046-ecology_land,MUNI-3968686,,ENT-POPULATION-MUNI-3968686,,SYS-POPULATION,,,ecology_land,operational dependency,population/settlement entity,generalized external interface,exact,nonjoinable,INFERRED,inferred,phase6_ecology_context,limited,limited,,directed_local_record,county/regional,2026 baseline,BASELINE_DEPENDENCY,"No habitat quality, biodiversity, or ecological-risk score.",Local uncertainty/notes retained in source artifact.,YES,YES,QUALITATIVE_ONLY,NO,VISUALIZATION_AND_QUALITATIVE_REASONING;QUALITATIVE_STRESS_TEST_ONLY;NO_QUANTITATIVE_AGGREGATION;SOURCE_LOCAL_ONLY;NO_EXACT_ATLAS_JOIN,"Inferred relationship retained: No habitat quality, biodiversity, or ecological-risk score."
AR-11B-DEP-0046-BIOGEOCHEMICAL-ad73e1aa,11B,data/processed/analysis/population_system_dependency_register.csv,DEP-0046-biogeochemical,MUNI-3968686,,ENT-POPULATION-MUNI-3968686,,SYS-POPULATION,SYS-BIOGEOCHEMISTRY,,biogeochemical,material flow,population/settlement entity,generalized external interface,exact,system-level,INFERRED,inferred,phase8_biogeochemical_context,limited,limited,,directed_local_record,county/watershed,2026 baseline,BASELINE_DEPENDENCY,"No new nutrient load, concentration, or treatment outcome.",Local uncertainty/notes retained in source artifact.,YES,YES,QUALITATIVE_ONLY,NO,VISUALIZATION_AND_QUALITATIVE_REASONING;QUALITATIVE_STRESS_TEST_ONLY;NO_QUANTITATIVE_AGGREGATION,"Inferred relationship retained: No new nutrient load, concentration, or treatment outcome."
AR-11B-DEP-0046-HOUSING-INFRASTRUCTURE-8786e4f6,11B,data/processed/analysis/population_system_dependency_register.csv,DEP-0046-housing_infrastructure,MUNI-3968686,,ENT-POPULATION-MUNI-3968686,,SYS-POPULATION,,,housing_infrastructure,operational dependency,population/settlement entity,generalized external interface,exact,nonjoinable,INFERRED,inferred,s11a_acs_2024_5yr,limited,limited,,directed_local_record,county/place,2026 baseline,BASELINE_DEPENDENCY,"Housing context is not a condition, desirability, or vulnerability score.",Local uncertainty/notes retained in source artifact.,YES,YES,QUALITATIVE_ONLY,NO,VISUALIZATION_AND_QUALITATIVE_REASONING;QUALITATIVE_STRESS_TEST_ONLY;NO_QUANTITATIVE_AGGREGATION;SOURCE_LOCAL_ONLY;NO_EXACT_ATLAS_JOIN,"Inferred relationship retained: Housing context is not a condition, desirability, or vulnerability score."
AR-11B-DEP-0046-GOVERNANCE-c9a21427,11B,data/processed/analysis/population_system_dependency_register.csv,DEP-0046-governance,MUNI-3968686,,ENT-POPULATION-MUNI-3968686,,SYS-POPULATION,SYS-GOVERNANCE,,governance,operational dependency,population/settlement entity,generalized external interface,exact,system-level,INFERRED,inferred,phase10_governance_context,moderate,moderate,,directed_local_record,municipal/county,2026 baseline,BASELINE_DEPENDENCY,"Boundary, operator, service territory, and population served remain distinct.",Local uncertainty/notes retained in source artifact.,YES,YES,QUALITATIVE_ONLY,NO,VISUALIZATION_AND_QUALITATIVE_REASONING;QUALITATIVE_STRESS_TEST_ONLY;NO_QUANTITATIVE_AGGREGATION,"Inferred relationship retained: Boundary, operator, service territory, and population served remain distinct."
AR-11B-DEP-0047-WATER-d99ee8a7,11B,data/processed/analysis/population_system_dependency_register.csv,DEP-0047-water,MUNI-3976022,,ENT-POPULATION-MUNI-3976022,,SYS-POPULATION,SYS-WATER,,water,operational dependency,population/settlement entity,generalized external interface,exact,system-level,INFERRED,inferred,phase10_governance_context,limited,limited,,directed_local_record,county/place,2026 baseline,BASELINE_DEPENDENCY,Generalized service-responsibility context only; no state-specific operator or exact resident-to-utility assignment.,Local uncertainty/notes retained in source artifact.,YES,YES,QUALITATIVE_ONLY,NO,VISUALIZATION_AND_QUALITATIVE_REASONING;QUALITATIVE_STRESS_TEST_ONLY;NO_QUANTITATIVE_AGGREGATION,Inferred relationship retained: Generalized service-responsibility context only; no state-specific operator or exact resident-to-utility assignment.
AR-11B-DEP-0047-WASTEWATER-aec04e15,11B,data/processed/analysis/population_system_dependency_register.csv,DEP-0047-wastewater,MUNI-3976022,,ENT-POPULATION-MUNI-3976022,,SYS-POPULATION,SYS-WATER,,wastewater,operational dependency,population/settlement entity,generalized external interface,exact,system-level,INFERRED,inferred,phase10_s05_ohio_npdes,limited,limited,,directed_local_record,county/place,2026 baseline,BASELINE_DEPENDENCY,"Ohio regulatory program context only; no exact sewer territory, treatment load, or resident assignment.",Local uncertainty/notes retained in source artifact.,YES,YES,QUALITATIVE_ONLY,NO,VISUALIZATION_AND_QUALITATIVE_REASONING;QUALITATIVE_STRESS_TEST_ONLY;NO_QUANTITATIVE_AGGREGATION,"Inferred relationship retained: Ohio regulatory program context only; no exact sewer territory, treatment load, or resident assignment."
AR-11B-DEP-0047-ENERGY-a034e178,11B,data/processed/analysis/population_system_dependency_register.csv,DEP-0047-energy,MUNI-3976022,,ENT-POPULATION-MUNI-3976022,,SYS-POPULATION,SYS-ENERGY,,energy,operational dependency,population/settlement entity,generalized external interface,exact,system-level,INFERRED,inferred,phase10_s24_pjm,moderate,moderate,,directed_local_record,county/place,2026 baseline,BASELINE_DEPENDENCY,"Regional wholesale/high-voltage context only; no local distribution assignment, demand model, or outage probability.",Local uncertainty/notes retained in source artifact.,YES,YES,QUALITATIVE_ONLY,NO,VISUALIZATION_AND_QUALITATIVE_REASONING;QUALITATIVE_STRESS_TEST_ONLY;NO_QUANTITATIVE_AGGREGATION,"Inferred relationship retained: Regional wholesale/high-voltage context only; no local distribution assignment, demand model, or outage probability."
AR-11B-DEP-0047-TRANSPORT-7139e4cc,11B,data/processed/analysis/population_system_dependency_register.csv,DEP-0047-transport,MUNI-3976022,,ENT-POPULATION-MUNI-3976022,,SYS-POPULATION,SYS-FREIGHT,,transport,operational dependency,population/settlement entity,generalized external interface,exact,system-level,INFERRED,inferred,s11b_lodes_oh_od,moderate,limited,,directed_local_record,county/county_pair,2026 baseline,BASELINE_DEPENDENCY,State-matched LODES OD supports generalized commuting context; the dependency is inferred and exposes no individual paths or passenger surveillance.,Local uncertainty/notes retained in source artifact.,YES,YES,QUALITATIVE_ONLY,NO,VISUALIZATION_AND_QUALITATIVE_REASONING;QUALITATIVE_STRESS_TEST_ONLY;NO_QUANTITATIVE_AGGREGATION,Inferred relationship retained: State-matched LODES OD supports generalized commuting context; the dependency is inferred and exposes no individual paths or passenger surveillance.
AR-11B-DEP-0047-CLIMATE-HAZARD-977b959c,11B,data/processed/analysis/population_system_dependency_register.csv,DEP-0047-climate_hazard,MUNI-3976022,,ENT-POPULATION-MUNI-3976022,,SYS-POPULATION,,,climate_hazard,operational dependency,population/settlement entity,generalized external interface,exact,nonjoinable,INFERRED,inferred,phase9_hazard_context,limited,limited,,directed_local_record,county/regional,2026 baseline,BASELINE_DEPENDENCY,"Hazard interface is not exposure, dose, or health outcome.",Local uncertainty/notes retained in source artifact.,YES,YES,QUALITATIVE_ONLY,NO,VISUALIZATION_AND_QUALITATIVE_REASONING;QUALITATIVE_STRESS_TEST_ONLY;NO_QUANTITATIVE_AGGREGATION;SOURCE_LOCAL_ONLY;NO_EXACT_ATLAS_JOIN,"Inferred relationship retained: Hazard interface is not exposure, dose, or health outcome."
AR-11B-DEP-0047-ENVIRONMENTAL-HEALTH-005e5dd3,11B,data/processed/analysis/population_system_dependency_register.csv,DEP-0047-environmental_health,MUNI-3976022,,ENT-POPULATION-MUNI-3976022,,SYS-POPULATION,SYS-EXPOSURE,,environmental_health,exposure pathway,population/settlement entity,generalized external interface,exact,system-level,CONTEXT_REUSED,reused_context,phase7_exposure_context,limited,limited,,directed_local_record,county/regional,2026 baseline,BASELINE_DEPENDENCY,"Population presence is not exposure, dose, illness, or risk.",Local uncertainty/notes retained in source artifact.,YES,YES,QUALITATIVE_ONLY,NO,VISUALIZATION_AND_QUALITATIVE_REASONING;QUALITATIVE_STRESS_TEST_ONLY;NO_QUANTITATIVE_AGGREGATION,"Reused context retained and not counted as new evidence: Population presence is not exposure, dose, illness, or risk."
AR-11B-DEP-0047-ECOLOGY-LAND-265a4912,11B,data/processed/analysis/population_system_dependency_register.csv,DEP-0047-ecology_land,MUNI-3976022,,ENT-POPULATION-MUNI-3976022,,SYS-POPULATION,,,ecology_land,operational dependency,population/settlement entity,generalized external interface,exact,nonjoinable,INFERRED,inferred,phase6_ecology_context,limited,limited,,directed_local_record,county/regional,2026 baseline,BASELINE_DEPENDENCY,"No habitat quality, biodiversity, or ecological-risk score.",Local uncertainty/notes retained in source artifact.,YES,YES,QUALITATIVE_ONLY,NO,VISUALIZATION_AND_QUALITATIVE_REASONING;QUALITATIVE_STRESS_TEST_ONLY;NO_QUANTITATIVE_AGGREGATION;SOURCE_LOCAL_ONLY;NO_EXACT_ATLAS_JOIN,"Inferred relationship retained: No habitat quality, biodiversity, or ecological-risk score."
AR-11B-DEP-0047-BIOGEOCHEMICAL-047e5dbd,11B,data/processed/analysis/population_system_dependency_register.csv,DEP-0047-biogeochemical,MUNI-3976022,,ENT-POPULATION-MUNI-3976022,,SYS-POPULATION,SYS-BIOGEOCHEMISTRY,,biogeochemical,material flow,population/settlement entity,generalized external interface,exact,system-level,INFERRED,inferred,phase8_biogeochemical_context,limited,limited,,directed_local_record,county/watershed,2026 baseline,BASELINE_DEPENDENCY,"No new nutrient load, concentration, or treatment outcome.",Local uncertainty/notes retained in source artifact.,YES,YES,QUALITATIVE_ONLY,NO,VISUALIZATION_AND_QUALITATIVE_REASONING;QUALITATIVE_STRESS_TEST_ONLY;NO_QUANTITATIVE_AGGREGATION,"Inferred relationship retained: No new nutrient load, concentration, or treatment outcome."
AR-11B-DEP-0047-HOUSING-INFRASTRUCTURE-0131bec5,11B,data/processed/analysis/population_system_dependency_register.csv,DEP-0047-housing_infrastructure,MUNI-3976022,,ENT-POPULATION-MUNI-3976022,,SYS-POPULATION,,,housing_infrastructure,operational dependency,population/settlement entity,generalized external interface,exact,nonjoinable,INFERRED,inferred,s11a_acs_2024_5yr,limited,limited,,directed_local_record,county/place,2026 baseline,BASELINE_DEPENDENCY,"Housing context is not a condition, desirability, or vulnerability score.",Local uncertainty/notes retained in source artifact.,YES,YES,QUALITATIVE_ONLY,NO,VISUALIZATION_AND_QUALITATIVE_REASONING;QUALITATIVE_STRESS_TEST_ONLY;NO_QUANTITATIVE_AGGREGATION;SOURCE_LOCAL_ONLY;NO_EXACT_ATLAS_JOIN,"Inferred relationship retained: Housing context is not a condition, desirability, or vulnerability score."
AR-11B-DEP-0047-GOVERNANCE-b27e760b,11B,data/processed/analysis/population_system_dependency_register.csv,DEP-0047-governance,MUNI-3976022,,ENT-POPULATION-MUNI-3976022,,SYS-POPULATION,SYS-GOVERNANCE,,governance,operational dependency,population/settlement entity,generalized external interface,exact,system-level,INFERRED,inferred,phase10_governance_context,moderate,moderate,,directed_local_record,municipal/county,2026 baseline,BASELINE_DEPENDENCY,"Boundary, operator, service territory, and population served remain distinct.",Local uncertainty/notes retained in source artifact.,YES,YES,QUALITATIVE_ONLY,NO,VISUALIZATION_AND_QUALITATIVE_REASONING;QUALITATIVE_STRESS_TEST_ONLY;NO_QUANTITATIVE_AGGREGATION,"Inferred relationship retained: Boundary, operator, service territory, and population served remain distinct."
AR-11B-DEP-0048-WATER-b06fea31,11B,data/processed/analysis/population_system_dependency_register.csv,DEP-0048-water,MUNI-3976778,,ENT-POPULATION-MUNI-3976778,,SYS-POPULATION,SYS-WATER,,water,operational dependency,population/settlement entity,generalized external interface,exact,system-level,INFERRED,inferred,phase10_governance_context,limited,limited,,directed_local_record,county/place,2026 baseline,BASELINE_DEPENDENCY,Generalized service-responsibility context only; no state-specific operator or exact resident-to-utility assignment.,Local uncertainty/notes retained in source artifact.,YES,YES,QUALITATIVE_ONLY,NO,VISUALIZATION_AND_QUALITATIVE_REASONING;QUALITATIVE_STRESS_TEST_ONLY;NO_QUANTITATIVE_AGGREGATION,Inferred relationship retained: Generalized service-responsibility context only; no state-specific operator or exact resident-to-utility assignment.
AR-11B-DEP-0048-WASTEWATER-ad838845,11B,data/processed/analysis/population_system_dependency_register.csv,DEP-0048-wastewater,MUNI-3976778,,ENT-POPULATION-MUNI-3976778,,SYS-POPULATION,SYS-WATER,,wastewater,operational dependency,population/settlement entity,generalized external interface,exact,system-level,INFERRED,inferred,phase10_s05_ohio_npdes,limited,limited,,directed_local_record,county/place,2026 baseline,BASELINE_DEPENDENCY,"Ohio regulatory program context only; no exact sewer territory, treatment load, or resident assignment.",Local uncertainty/notes retained in source artifact.,YES,YES,QUALITATIVE_ONLY,NO,VISUALIZATION_AND_QUALITATIVE_REASONING;QUALITATIVE_STRESS_TEST_ONLY;NO_QUANTITATIVE_AGGREGATION,"Inferred relationship retained: Ohio regulatory program context only; no exact sewer territory, treatment load, or resident assignment."
AR-11B-DEP-0048-ENERGY-f048d4c4,11B,data/processed/analysis/population_system_dependency_register.csv,DEP-0048-energy,MUNI-3976778,,ENT-POPULATION-MUNI-3976778,,SYS-POPULATION,SYS-ENERGY,,energy,operational dependency,population/settlement entity,generalized external interface,exact,system-level,INFERRED,inferred,phase10_s24_pjm,moderate,moderate,,directed_local_record,county/place,2026 baseline,BASELINE_DEPENDENCY,"Regional wholesale/high-voltage context only; no local distribution assignment, demand model, or outage probability.",Local uncertainty/notes retained in source artifact.,YES,YES,QUALITATIVE_ONLY,NO,VISUALIZATION_AND_QUALITATIVE_REASONING;QUALITATIVE_STRESS_TEST_ONLY;NO_QUANTITATIVE_AGGREGATION,"Inferred relationship retained: Regional wholesale/high-voltage context only; no local distribution assignment, demand model, or outage probability."
AR-11B-DEP-0048-TRANSPORT-7d36f973,11B,data/processed/analysis/population_system_dependency_register.csv,DEP-0048-transport,MUNI-3976778,,ENT-POPULATION-MUNI-3976778,,SYS-POPULATION,SYS-FREIGHT,,transport,operational dependency,population/settlement entity,generalized external interface,exact,system-level,INFERRED,inferred,s11b_lodes_oh_od,moderate,limited,,directed_local_record,county/county_pair,2026 baseline,BASELINE_DEPENDENCY,State-matched LODES OD supports generalized commuting context; the dependency is inferred and exposes no individual paths or passenger surveillance.,Local uncertainty/notes retained in source artifact.,YES,YES,QUALITATIVE_ONLY,NO,VISUALIZATION_AND_QUALITATIVE_REASONING;QUALITATIVE_STRESS_TEST_ONLY;NO_QUANTITATIVE_AGGREGATION,Inferred relationship retained: State-matched LODES OD supports generalized commuting context; the dependency is inferred and exposes no individual paths or passenger surveillance.
AR-11B-DEP-0048-CLIMATE-HAZARD-83c7286f,11B,data/processed/analysis/population_system_dependency_register.csv,DEP-0048-climate_hazard,MUNI-3976778,,ENT-POPULATION-MUNI-3976778,,SYS-POPULATION,,,climate_hazard,operational dependency,population/settlement entity,generalized external interface,exact,nonjoinable,INFERRED,inferred,phase9_hazard_context,limited,limited,,directed_local_record,county/regional,2026 baseline,BASELINE_DEPENDENCY,"Hazard interface is not exposure, dose, or health outcome.",Local uncertainty/notes retained in source artifact.,YES,YES,QUALITATIVE_ONLY,NO,VISUALIZATION_AND_QUALITATIVE_REASONING;QUALITATIVE_STRESS_TEST_ONLY;NO_QUANTITATIVE_AGGREGATION;SOURCE_LOCAL_ONLY;NO_EXACT_ATLAS_JOIN,"Inferred relationship retained: Hazard interface is not exposure, dose, or health outcome."
AR-11B-DEP-0048-ENVIRONMENTAL-HEALTH-eddd1b5a,11B,data/processed/analysis/population_system_dependency_register.csv,DEP-0048-environmental_health,MUNI-3976778,,ENT-POPULATION-MUNI-3976778,,SYS-POPULATION,SYS-EXPOSURE,,environmental_health,exposure pathway,population/settlement entity,generalized external interface,exact,system-level,CONTEXT_REUSED,reused_context,phase7_exposure_context,limited,limited,,directed_local_record,county/regional,2026 baseline,BASELINE_DEPENDENCY,"Population presence is not exposure, dose, illness, or risk.",Local uncertainty/notes retained in source artifact.,YES,YES,QUALITATIVE_ONLY,NO,VISUALIZATION_AND_QUALITATIVE_REASONING;QUALITATIVE_STRESS_TEST_ONLY;NO_QUANTITATIVE_AGGREGATION,"Reused context retained and not counted as new evidence: Population presence is not exposure, dose, illness, or risk."
AR-11B-DEP-0048-ECOLOGY-LAND-e73a5405,11B,data/processed/analysis/population_system_dependency_register.csv,DEP-0048-ecology_land,MUNI-3976778,,ENT-POPULATION-MUNI-3976778,,SYS-POPULATION,,,ecology_land,operational dependency,population/settlement entity,generalized external interface,exact,nonjoinable,INFERRED,inferred,phase6_ecology_context,limited,limited,,directed_local_record,county/regional,2026 baseline,BASELINE_DEPENDENCY,"No habitat quality, biodiversity, or ecological-risk score.",Local uncertainty/notes retained in source artifact.,YES,YES,QUALITATIVE_ONLY,NO,VISUALIZATION_AND_QUALITATIVE_REASONING;QUALITATIVE_STRESS_TEST_ONLY;NO_QUANTITATIVE_AGGREGATION;SOURCE_LOCAL_ONLY;NO_EXACT_ATLAS_JOIN,"Inferred relationship retained: No habitat quality, biodiversity, or ecological-risk score."
AR-11B-DEP-0048-BIOGEOCHEMICAL-2f0d8478,11B,data/processed/analysis/population_system_dependency_register.csv,DEP-0048-biogeochemical,MUNI-3976778,,ENT-POPULATION-MUNI-3976778,,SYS-POPULATION,SYS-BIOGEOCHEMISTRY,,biogeochemical,material flow,population/settlement entity,generalized external interface,exact,system-level,INFERRED,inferred,phase8_biogeochemical_context,limited,limited,,directed_local_record,county/watershed,2026 baseline,BASELINE_DEPENDENCY,"No new nutrient load, concentration, or treatment outcome.",Local uncertainty/notes retained in source artifact.,YES,YES,QUALITATIVE_ONLY,NO,VISUALIZATION_AND_QUALITATIVE_REASONING;QUALITATIVE_STRESS_TEST_ONLY;NO_QUANTITATIVE_AGGREGATION,"Inferred relationship retained: No new nutrient load, concentration, or treatment outcome."
AR-11B-DEP-0048-HOUSING-INFRASTRUCTURE-e5892497,11B,data/processed/analysis/population_system_dependency_register.csv,DEP-0048-housing_infrastructure,MUNI-3976778,,ENT-POPULATION-MUNI-3976778,,SYS-POPULATION,,,housing_infrastructure,operational dependency,population/settlement entity,generalized external interface,exact,nonjoinable,INFERRED,inferred,s11a_acs_2024_5yr,limited,limited,,directed_local_record,county/place,2026 baseline,BASELINE_DEPENDENCY,"Housing context is not a condition, desirability, or vulnerability score.",Local uncertainty/notes retained in source artifact.,YES,YES,QUALITATIVE_ONLY,NO,VISUALIZATION_AND_QUALITATIVE_REASONING;QUALITATIVE_STRESS_TEST_ONLY;NO_QUANTITATIVE_AGGREGATION;SOURCE_LOCAL_ONLY;NO_EXACT_ATLAS_JOIN,"Inferred relationship retained: Housing context is not a condition, desirability, or vulnerability score."
AR-11B-DEP-0048-GOVERNANCE-e1349c0d,11B,data/processed/analysis/population_system_dependency_register.csv,DEP-0048-governance,MUNI-3976778,,ENT-POPULATION-MUNI-3976778,,SYS-POPULATION,SYS-GOVERNANCE,,governance,operational dependency,population/settlement entity,generalized external interface,exact,system-level,INFERRED,inferred,phase10_governance_context,moderate,moderate,,directed_local_record,municipal/county,2026 baseline,BASELINE_DEPENDENCY,"Boundary, operator, service territory, and population served remain distinct.",Local uncertainty/notes retained in source artifact.,YES,YES,QUALITATIVE_ONLY,NO,VISUALIZATION_AND_QUALITATIVE_REASONING;QUALITATIVE_STRESS_TEST_ONLY;NO_QUANTITATIVE_AGGREGATION,"Inferred relationship retained: Boundary, operator, service territory, and population served remain distinct."
AR-11B-DEP-0049-WATER-e9c88adc,11B,data/processed/analysis/population_system_dependency_register.csv,DEP-0049-water,MUNI-3977000,,ENT-POPULATION-MUNI-3977000,,SYS-POPULATION,SYS-WATER,,water,operational dependency,population/settlement entity,generalized external interface,exact,system-level,INFERRED,inferred,phase10_s03_toledo_treatment,limited,limited,,directed_local_record,county/place,2026 baseline,BASELINE_DEPENDENCY,Toledo operator context only; no exact service territory or resident assignment.,Local uncertainty/notes retained in source artifact.,YES,YES,QUALITATIVE_ONLY,NO,VISUALIZATION_AND_QUALITATIVE_REASONING;QUALITATIVE_STRESS_TEST_ONLY;NO_QUANTITATIVE_AGGREGATION,Inferred relationship retained: Toledo operator context only; no exact service territory or resident assignment.
AR-11B-DEP-0049-WASTEWATER-0d8e7634,11B,data/processed/analysis/population_system_dependency_register.csv,DEP-0049-wastewater,MUNI-3977000,,ENT-POPULATION-MUNI-3977000,,SYS-POPULATION,SYS-WATER,,wastewater,operational dependency,population/settlement entity,generalized external interface,exact,system-level,INFERRED,inferred,phase10_s05_ohio_npdes,limited,limited,,directed_local_record,county/place,2026 baseline,BASELINE_DEPENDENCY,"Ohio regulatory program context only; no exact sewer territory, treatment load, or resident assignment.",Local uncertainty/notes retained in source artifact.,YES,YES,QUALITATIVE_ONLY,NO,VISUALIZATION_AND_QUALITATIVE_REASONING;QUALITATIVE_STRESS_TEST_ONLY;NO_QUANTITATIVE_AGGREGATION,"Inferred relationship retained: Ohio regulatory program context only; no exact sewer territory, treatment load, or resident assignment."
AR-11B-DEP-0049-ENERGY-4250ab22,11B,data/processed/analysis/population_system_dependency_register.csv,DEP-0049-energy,MUNI-3977000,,ENT-POPULATION-MUNI-3977000,,SYS-POPULATION,SYS-ENERGY,,energy,operational dependency,population/settlement entity,generalized external interface,exact,system-level,INFERRED,inferred,phase10_s24_pjm,moderate,moderate,,directed_local_record,county/place,2026 baseline,BASELINE_DEPENDENCY,"Regional wholesale/high-voltage context only; no local distribution assignment, demand model, or outage probability.",Local uncertainty/notes retained in source artifact.,YES,YES,QUALITATIVE_ONLY,NO,VISUALIZATION_AND_QUALITATIVE_REASONING;QUALITATIVE_STRESS_TEST_ONLY;NO_QUANTITATIVE_AGGREGATION,"Inferred relationship retained: Regional wholesale/high-voltage context only; no local distribution assignment, demand model, or outage probability."
AR-11B-DEP-0049-TRANSPORT-5a8dd546,11B,data/processed/analysis/population_system_dependency_register.csv,DEP-0049-transport,MUNI-3977000,,ENT-POPULATION-MUNI-3977000,,SYS-POPULATION,SYS-FREIGHT,,transport,operational dependency,population/settlement entity,generalized external interface,exact,system-level,INFERRED,inferred,s11b_lodes_oh_od,moderate,limited,,directed_local_record,county/county_pair,2026 baseline,BASELINE_DEPENDENCY,State-matched LODES OD supports generalized commuting context; the dependency is inferred and exposes no individual paths or passenger surveillance.,Local uncertainty/notes retained in source artifact.,YES,YES,QUALITATIVE_ONLY,NO,VISUALIZATION_AND_QUALITATIVE_REASONING;QUALITATIVE_STRESS_TEST_ONLY;NO_QUANTITATIVE_AGGREGATION,Inferred relationship retained: State-matched LODES OD supports generalized commuting context; the dependency is inferred and exposes no individual paths or passenger surveillance.
AR-11B-DEP-0049-CLIMATE-HAZARD-dd62e8a7,11B,data/processed/analysis/population_system_dependency_register.csv,DEP-0049-climate_hazard,MUNI-3977000,,ENT-POPULATION-MUNI-3977000,,SYS-POPULATION,,,climate_hazard,operational dependency,population/settlement entity,generalized external interface,exact,nonjoinable,INFERRED,inferred,phase9_hazard_context,limited,limited,,directed_local_record,county/regional,2026 baseline,BASELINE_DEPENDENCY,"Hazard interface is not exposure, dose, or health outcome.",Local uncertainty/notes retained in source artifact.,YES,YES,QUALITATIVE_ONLY,NO,VISUALIZATION_AND_QUALITATIVE_REASONING;QUALITATIVE_STRESS_TEST_ONLY;NO_QUANTITATIVE_AGGREGATION;SOURCE_LOCAL_ONLY;NO_EXACT_ATLAS_JOIN,"Inferred relationship retained: Hazard interface is not exposure, dose, or health outcome."
AR-11B-DEP-0049-ENVIRONMENTAL-HEALTH-b65cf552,11B,data/processed/analysis/population_system_dependency_register.csv,DEP-0049-environmental_health,MUNI-3977000,,ENT-POPULATION-MUNI-3977000,,SYS-POPULATION,SYS-EXPOSURE,,environmental_health,exposure pathway,population/settlement entity,generalized external interface,exact,system-level,CONTEXT_REUSED,reused_context,phase7_exposure_context,limited,limited,,directed_local_record,county/regional,2026 baseline,BASELINE_DEPENDENCY,"Population presence is not exposure, dose, illness, or risk.",Local uncertainty/notes retained in source artifact.,YES,YES,QUALITATIVE_ONLY,NO,VISUALIZATION_AND_QUALITATIVE_REASONING;QUALITATIVE_STRESS_TEST_ONLY;NO_QUANTITATIVE_AGGREGATION,"Reused context retained and not counted as new evidence: Population presence is not exposure, dose, illness, or risk."
AR-11B-DEP-0049-ECOLOGY-LAND-3addfec1,11B,data/processed/analysis/population_system_dependency_register.csv,DEP-0049-ecology_land,MUNI-3977000,,ENT-POPULATION-MUNI-3977000,,SYS-POPULATION,,,ecology_land,operational dependency,population/settlement entity,generalized external interface,exact,nonjoinable,INFERRED,inferred,phase6_ecology_context,limited,limited,,directed_local_record,county/regional,2026 baseline,BASELINE_DEPENDENCY,"No habitat quality, biodiversity, or ecological-risk score.",Local uncertainty/notes retained in source artifact.,YES,YES,QUALITATIVE_ONLY,NO,VISUALIZATION_AND_QUALITATIVE_REASONING;QUALITATIVE_STRESS_TEST_ONLY;NO_QUANTITATIVE_AGGREGATION;SOURCE_LOCAL_ONLY;NO_EXACT_ATLAS_JOIN,"Inferred relationship retained: No habitat quality, biodiversity, or ecological-risk score."
AR-11B-DEP-0049-BIOGEOCHEMICAL-3f508f94,11B,data/processed/analysis/population_system_dependency_register.csv,DEP-0049-biogeochemical,MUNI-3977000,,ENT-POPULATION-MUNI-3977000,,SYS-POPULATION,SYS-BIOGEOCHEMISTRY,,biogeochemical,material flow,population/settlement entity,generalized external interface,exact,system-level,INFERRED,inferred,phase8_biogeochemical_context,limited,limited,,directed_local_record,county/watershed,2026 baseline,BASELINE_DEPENDENCY,"No new nutrient load, concentration, or treatment outcome.",Local uncertainty/notes retained in source artifact.,YES,YES,QUALITATIVE_ONLY,NO,VISUALIZATION_AND_QUALITATIVE_REASONING;QUALITATIVE_STRESS_TEST_ONLY;NO_QUANTITATIVE_AGGREGATION,"Inferred relationship retained: No new nutrient load, concentration, or treatment outcome."
AR-11B-DEP-0049-HOUSING-INFRASTRUCTURE-3d09d261,11B,data/processed/analysis/population_system_dependency_register.csv,DEP-0049-housing_infrastructure,MUNI-3977000,,ENT-POPULATION-MUNI-3977000,,SYS-POPULATION,,,housing_infrastructure,operational dependency,population/settlement entity,generalized external interface,exact,nonjoinable,INFERRED,inferred,s11a_acs_2024_5yr,limited,limited,,directed_local_record,county/place,2026 baseline,BASELINE_DEPENDENCY,"Housing context is not a condition, desirability, or vulnerability score.",Local uncertainty/notes retained in source artifact.,YES,YES,QUALITATIVE_ONLY,NO,VISUALIZATION_AND_QUALITATIVE_REASONING;QUALITATIVE_STRESS_TEST_ONLY;NO_QUANTITATIVE_AGGREGATION;SOURCE_LOCAL_ONLY;NO_EXACT_ATLAS_JOIN,"Inferred relationship retained: Housing context is not a condition, desirability, or vulnerability score."
AR-11B-DEP-0049-GOVERNANCE-f9b9af95,11B,data/processed/analysis/population_system_dependency_register.csv,DEP-0049-governance,MUNI-3977000,,ENT-POPULATION-MUNI-3977000,,SYS-POPULATION,SYS-GOVERNANCE,,governance,operational dependency,population/settlement entity,generalized external interface,exact,system-level,INFERRED,inferred,phase10_governance_context,moderate,moderate,,directed_local_record,municipal/county,2026 baseline,BASELINE_DEPENDENCY,"Boundary, operator, service territory, and population served remain distinct.",Local uncertainty/notes retained in source artifact.,YES,YES,QUALITATIVE_ONLY,NO,VISUALIZATION_AND_QUALITATIVE_REASONING;QUALITATIVE_STRESS_TEST_ONLY;NO_QUANTITATIVE_AGGREGATION,"Inferred relationship retained: Boundary, operator, service territory, and population served remain distinct."
AR-11B-DEP-0050-WATER-80e97a49,11B,data/processed/analysis/population_system_dependency_register.csv,DEP-0050-water,MUNI-3979562,,ENT-POPULATION-MUNI-3979562,,SYS-POPULATION,SYS-WATER,,water,operational dependency,population/settlement entity,generalized external interface,exact,system-level,INFERRED,inferred,phase10_governance_context,limited,limited,,directed_local_record,county/place,2026 baseline,BASELINE_DEPENDENCY,Generalized service-responsibility context only; no state-specific operator or exact resident-to-utility assignment.,Local uncertainty/notes retained in source artifact.,YES,YES,QUALITATIVE_ONLY,NO,VISUALIZATION_AND_QUALITATIVE_REASONING;QUALITATIVE_STRESS_TEST_ONLY;NO_QUANTITATIVE_AGGREGATION,Inferred relationship retained: Generalized service-responsibility context only; no state-specific operator or exact resident-to-utility assignment.
AR-11B-DEP-0050-WASTEWATER-40784b7e,11B,data/processed/analysis/population_system_dependency_register.csv,DEP-0050-wastewater,MUNI-3979562,,ENT-POPULATION-MUNI-3979562,,SYS-POPULATION,SYS-WATER,,wastewater,operational dependency,population/settlement entity,generalized external interface,exact,system-level,INFERRED,inferred,phase10_s05_ohio_npdes,limited,limited,,directed_local_record,county/place,2026 baseline,BASELINE_DEPENDENCY,"Ohio regulatory program context only; no exact sewer territory, treatment load, or resident assignment.",Local uncertainty/notes retained in source artifact.,YES,YES,QUALITATIVE_ONLY,NO,VISUALIZATION_AND_QUALITATIVE_REASONING;QUALITATIVE_STRESS_TEST_ONLY;NO_QUANTITATIVE_AGGREGATION,"Inferred relationship retained: Ohio regulatory program context only; no exact sewer territory, treatment load, or resident assignment."
AR-11B-DEP-0050-ENERGY-ca60c983,11B,data/processed/analysis/population_system_dependency_register.csv,DEP-0050-energy,MUNI-3979562,,ENT-POPULATION-MUNI-3979562,,SYS-POPULATION,SYS-ENERGY,,energy,operational dependency,population/settlement entity,generalized external interface,exact,system-level,INFERRED,inferred,phase10_s24_pjm,moderate,moderate,,directed_local_record,county/place,2026 baseline,BASELINE_DEPENDENCY,"Regional wholesale/high-voltage context only; no local distribution assignment, demand model, or outage probability.",Local uncertainty/notes retained in source artifact.,YES,YES,QUALITATIVE_ONLY,NO,VISUALIZATION_AND_QUALITATIVE_REASONING;QUALITATIVE_STRESS_TEST_ONLY;NO_QUANTITATIVE_AGGREGATION,"Inferred relationship retained: Regional wholesale/high-voltage context only; no local distribution assignment, demand model, or outage probability."
AR-11B-DEP-0050-TRANSPORT-f88ef442,11B,data/processed/analysis/population_system_dependency_register.csv,DEP-0050-transport,MUNI-3979562,,ENT-POPULATION-MUNI-3979562,,SYS-POPULATION,SYS-FREIGHT,,transport,operational dependency,population/settlement entity,generalized external interface,exact,system-level,INFERRED,inferred,s11b_lodes_oh_od,moderate,limited,,directed_local_record,county/county_pair,2026 baseline,BASELINE_DEPENDENCY,State-matched LODES OD supports generalized commuting context; the dependency is inferred and exposes no individual paths or passenger surveillance.,Local uncertainty/notes retained in source artifact.,YES,YES,QUALITATIVE_ONLY,NO,VISUALIZATION_AND_QUALITATIVE_REASONING;QUALITATIVE_STRESS_TEST_ONLY;NO_QUANTITATIVE_AGGREGATION,Inferred relationship retained: State-matched LODES OD supports generalized commuting context; the dependency is inferred and exposes no individual paths or passenger surveillance.
AR-11B-DEP-0050-CLIMATE-HAZARD-867f03f5,11B,data/processed/analysis/population_system_dependency_register.csv,DEP-0050-climate_hazard,MUNI-3979562,,ENT-POPULATION-MUNI-3979562,,SYS-POPULATION,,,climate_hazard,operational dependency,population/settlement entity,generalized external interface,exact,nonjoinable,INFERRED,inferred,phase9_hazard_context,limited,limited,,directed_local_record,county/regional,2026 baseline,BASELINE_DEPENDENCY,"Hazard interface is not exposure, dose, or health outcome.",Local uncertainty/notes retained in source artifact.,YES,YES,QUALITATIVE_ONLY,NO,VISUALIZATION_AND_QUALITATIVE_REASONING;QUALITATIVE_STRESS_TEST_ONLY;NO_QUANTITATIVE_AGGREGATION;SOURCE_LOCAL_ONLY;NO_EXACT_ATLAS_JOIN,"Inferred relationship retained: Hazard interface is not exposure, dose, or health outcome."
AR-11B-DEP-0050-ENVIRONMENTAL-HEALTH-891785d1,11B,data/processed/analysis/population_system_dependency_register.csv,DEP-0050-environmental_health,MUNI-3979562,,ENT-POPULATION-MUNI-3979562,,SYS-POPULATION,SYS-EXPOSURE,,environmental_health,exposure pathway,population/settlement entity,generalized external interface,exact,system-level,CONTEXT_REUSED,reused_context,phase7_exposure_context,limited,limited,,directed_local_record,county/regional,2026 baseline,BASELINE_DEPENDENCY,"Population presence is not exposure, dose, illness, or risk.",Local uncertainty/notes retained in source artifact.,YES,YES,QUALITATIVE_ONLY,NO,VISUALIZATION_AND_QUALITATIVE_REASONING;QUALITATIVE_STRESS_TEST_ONLY;NO_QUANTITATIVE_AGGREGATION,"Reused context retained and not counted as new evidence: Population presence is not exposure, dose, illness, or risk."
AR-11B-DEP-0050-ECOLOGY-LAND-bb18f1f4,11B,data/processed/analysis/population_system_dependency_register.csv,DEP-0050-ecology_land,MUNI-3979562,,ENT-POPULATION-MUNI-3979562,,SYS-POPULATION,,,ecology_land,operational dependency,population/settlement entity,generalized external interface,exact,nonjoinable,INFERRED,inferred,phase6_ecology_context,limited,limited,,directed_local_record,county/regional,2026 baseline,BASELINE_DEPENDENCY,"No habitat quality, biodiversity, or ecological-risk score.",Local uncertainty/notes retained in source artifact.,YES,YES,QUALITATIVE_ONLY,NO,VISUALIZATION_AND_QUALITATIVE_REASONING;QUALITATIVE_STRESS_TEST_ONLY;NO_QUANTITATIVE_AGGREGATION;SOURCE_LOCAL_ONLY;NO_EXACT_ATLAS_JOIN,"Inferred relationship retained: No habitat quality, biodiversity, or ecological-risk score."
AR-11B-DEP-0050-BIOGEOCHEMICAL-6930c78b,11B,data/processed/analysis/population_system_dependency_register.csv,DEP-0050-biogeochemical,MUNI-3979562,,ENT-POPULATION-MUNI-3979562,,SYS-POPULATION,SYS-BIOGEOCHEMISTRY,,biogeochemical,material flow,population/settlement entity,generalized external interface,exact,system-level,INFERRED,inferred,phase8_biogeochemical_context,limited,limited,,directed_local_record,county/watershed,2026 baseline,BASELINE_DEPENDENCY,"No new nutrient load, concentration, or treatment outcome.",Local uncertainty/notes retained in source artifact.,YES,YES,QUALITATIVE_ONLY,NO,VISUALIZATION_AND_QUALITATIVE_REASONING;QUALITATIVE_STRESS_TEST_ONLY;NO_QUANTITATIVE_AGGREGATION,"Inferred relationship retained: No new nutrient load, concentration, or treatment outcome."
AR-11B-DEP-0050-HOUSING-INFRASTRUCTURE-927a65ba,11B,data/processed/analysis/population_system_dependency_register.csv,DEP-0050-housing_infrastructure,MUNI-3979562,,ENT-POPULATION-MUNI-3979562,,SYS-POPULATION,,,housing_infrastructure,operational dependency,population/settlement entity,generalized external interface,exact,nonjoinable,INFERRED,inferred,s11a_acs_2024_5yr,limited,limited,,directed_local_record,county/place,2026 baseline,BASELINE_DEPENDENCY,"Housing context is not a condition, desirability, or vulnerability score.",Local uncertainty/notes retained in source artifact.,YES,YES,QUALITATIVE_ONLY,NO,VISUALIZATION_AND_QUALITATIVE_REASONING;QUALITATIVE_STRESS_TEST_ONLY;NO_QUANTITATIVE_AGGREGATION;SOURCE_LOCAL_ONLY;NO_EXACT_ATLAS_JOIN,"Inferred relationship retained: Housing context is not a condition, desirability, or vulnerability score."
AR-11B-DEP-0050-GOVERNANCE-2051d7f0,11B,data/processed/analysis/population_system_dependency_register.csv,DEP-0050-governance,MUNI-3979562,,ENT-POPULATION-MUNI-3979562,,SYS-POPULATION,SYS-GOVERNANCE,,governance,operational dependency,population/settlement entity,generalized external interface,exact,system-level,INFERRED,inferred,phase10_governance_context,moderate,moderate,,directed_local_record,municipal/county,2026 baseline,BASELINE_DEPENDENCY,"Boundary, operator, service territory, and population served remain distinct.",Local uncertainty/notes retained in source artifact.,YES,YES,QUALITATIVE_ONLY,NO,VISUALIZATION_AND_QUALITATIVE_REASONING;QUALITATIVE_STRESS_TEST_ONLY;NO_QUANTITATIVE_AGGREGATION,"Inferred relationship retained: Boundary, operator, service territory, and population served remain distinct."
AR-11B-DEP-0051-WATER-5823768f,11B,data/processed/analysis/population_system_dependency_register.csv,DEP-0051-water,MUNI-3981858,,ENT-POPULATION-MUNI-3981858,,SYS-POPULATION,SYS-WATER,,water,operational dependency,population/settlement entity,generalized external interface,exact,system-level,INFERRED,inferred,phase10_governance_context,limited,limited,,directed_local_record,county/place,2026 baseline,BASELINE_DEPENDENCY,Generalized service-responsibility context only; no state-specific operator or exact resident-to-utility assignment.,Local uncertainty/notes retained in source artifact.,YES,YES,QUALITATIVE_ONLY,NO,VISUALIZATION_AND_QUALITATIVE_REASONING;QUALITATIVE_STRESS_TEST_ONLY;NO_QUANTITATIVE_AGGREGATION,Inferred relationship retained: Generalized service-responsibility context only; no state-specific operator or exact resident-to-utility assignment.
AR-11B-DEP-0051-WASTEWATER-c317d3be,11B,data/processed/analysis/population_system_dependency_register.csv,DEP-0051-wastewater,MUNI-3981858,,ENT-POPULATION-MUNI-3981858,,SYS-POPULATION,SYS-WATER,,wastewater,operational dependency,population/settlement entity,generalized external interface,exact,system-level,INFERRED,inferred,phase10_s05_ohio_npdes,limited,limited,,directed_local_record,county/place,2026 baseline,BASELINE_DEPENDENCY,"Ohio regulatory program context only; no exact sewer territory, treatment load, or resident assignment.",Local uncertainty/notes retained in source artifact.,YES,YES,QUALITATIVE_ONLY,NO,VISUALIZATION_AND_QUALITATIVE_REASONING;QUALITATIVE_STRESS_TEST_ONLY;NO_QUANTITATIVE_AGGREGATION,"Inferred relationship retained: Ohio regulatory program context only; no exact sewer territory, treatment load, or resident assignment."
AR-11B-DEP-0051-ENERGY-a64a1c83,11B,data/processed/analysis/population_system_dependency_register.csv,DEP-0051-energy,MUNI-3981858,,ENT-POPULATION-MUNI-3981858,,SYS-POPULATION,SYS-ENERGY,,energy,operational dependency,population/settlement entity,generalized external interface,exact,system-level,INFERRED,inferred,phase10_s24_pjm,moderate,moderate,,directed_local_record,county/place,2026 baseline,BASELINE_DEPENDENCY,"Regional wholesale/high-voltage context only; no local distribution assignment, demand model, or outage probability.",Local uncertainty/notes retained in source artifact.,YES,YES,QUALITATIVE_ONLY,NO,VISUALIZATION_AND_QUALITATIVE_REASONING;QUALITATIVE_STRESS_TEST_ONLY;NO_QUANTITATIVE_AGGREGATION,"Inferred relationship retained: Regional wholesale/high-voltage context only; no local distribution assignment, demand model, or outage probability."
AR-11B-DEP-0051-TRANSPORT-7ff90c32,11B,data/processed/analysis/population_system_dependency_register.csv,DEP-0051-transport,MUNI-3981858,,ENT-POPULATION-MUNI-3981858,,SYS-POPULATION,SYS-FREIGHT,,transport,operational dependency,population/settlement entity,generalized external interface,exact,system-level,INFERRED,inferred,s11b_lodes_oh_od,moderate,limited,,directed_local_record,county/county_pair,2026 baseline,BASELINE_DEPENDENCY,State-matched LODES OD supports generalized commuting context; the dependency is inferred and exposes no individual paths or passenger surveillance.,Local uncertainty/notes retained in source artifact.,YES,YES,QUALITATIVE_ONLY,NO,VISUALIZATION_AND_QUALITATIVE_REASONING;QUALITATIVE_STRESS_TEST_ONLY;NO_QUANTITATIVE_AGGREGATION,Inferred relationship retained: State-matched LODES OD supports generalized commuting context; the dependency is inferred and exposes no individual paths or passenger surveillance.
AR-11B-DEP-0051-CLIMATE-HAZARD-8f8f3631,11B,data/processed/analysis/population_system_dependency_register.csv,DEP-0051-climate_hazard,MUNI-3981858,,ENT-POPULATION-MUNI-3981858,,SYS-POPULATION,,,climate_hazard,operational dependency,population/settlement entity,generalized external interface,exact,nonjoinable,INFERRED,inferred,phase9_hazard_context,limited,limited,,directed_local_record,county/regional,2026 baseline,BASELINE_DEPENDENCY,"Hazard interface is not exposure, dose, or health outcome.",Local uncertainty/notes retained in source artifact.,YES,YES,QUALITATIVE_ONLY,NO,VISUALIZATION_AND_QUALITATIVE_REASONING;QUALITATIVE_STRESS_TEST_ONLY;NO_QUANTITATIVE_AGGREGATION;SOURCE_LOCAL_ONLY;NO_EXACT_ATLAS_JOIN,"Inferred relationship retained: Hazard interface is not exposure, dose, or health outcome."
AR-11B-DEP-0051-ENVIRONMENTAL-HEALTH-e04f2c22,11B,data/processed/analysis/population_system_dependency_register.csv,DEP-0051-environmental_health,MUNI-3981858,,ENT-POPULATION-MUNI-3981858,,SYS-POPULATION,SYS-EXPOSURE,,environmental_health,exposure pathway,population/settlement entity,generalized external interface,exact,system-level,CONTEXT_REUSED,reused_context,phase7_exposure_context,limited,limited,,directed_local_record,county/regional,2026 baseline,BASELINE_DEPENDENCY,"Population presence is not exposure, dose, illness, or risk.",Local uncertainty/notes retained in source artifact.,YES,YES,QUALITATIVE_ONLY,NO,VISUALIZATION_AND_QUALITATIVE_REASONING;QUALITATIVE_STRESS_TEST_ONLY;NO_QUANTITATIVE_AGGREGATION,"Reused context retained and not counted as new evidence: Population presence is not exposure, dose, illness, or risk."
AR-11B-DEP-0051-ECOLOGY-LAND-4a9d57f2,11B,data/processed/analysis/population_system_dependency_register.csv,DEP-0051-ecology_land,MUNI-3981858,,ENT-POPULATION-MUNI-3981858,,SYS-POPULATION,,,ecology_land,operational dependency,population/settlement entity,generalized external interface,exact,nonjoinable,INFERRED,inferred,phase6_ecology_context,limited,limited,,directed_local_record,county/regional,2026 baseline,BASELINE_DEPENDENCY,"No habitat quality, biodiversity, or ecological-risk score.",Local uncertainty/notes retained in source artifact.,YES,YES,QUALITATIVE_ONLY,NO,VISUALIZATION_AND_QUALITATIVE_REASONING;QUALITATIVE_STRESS_TEST_ONLY;NO_QUANTITATIVE_AGGREGATION;SOURCE_LOCAL_ONLY;NO_EXACT_ATLAS_JOIN,"Inferred relationship retained: No habitat quality, biodiversity, or ecological-risk score."
AR-11B-DEP-0051-BIOGEOCHEMICAL-1fbf70ad,11B,data/processed/analysis/population_system_dependency_register.csv,DEP-0051-biogeochemical,MUNI-3981858,,ENT-POPULATION-MUNI-3981858,,SYS-POPULATION,SYS-BIOGEOCHEMISTRY,,biogeochemical,material flow,population/settlement entity,generalized external interface,exact,system-level,INFERRED,inferred,phase8_biogeochemical_context,limited,limited,,directed_local_record,county/watershed,2026 baseline,BASELINE_DEPENDENCY,"No new nutrient load, concentration, or treatment outcome.",Local uncertainty/notes retained in source artifact.,YES,YES,QUALITATIVE_ONLY,NO,VISUALIZATION_AND_QUALITATIVE_REASONING;QUALITATIVE_STRESS_TEST_ONLY;NO_QUANTITATIVE_AGGREGATION,"Inferred relationship retained: No new nutrient load, concentration, or treatment outcome."
AR-11B-DEP-0051-HOUSING-INFRASTRUCTURE-d9b45e1e,11B,data/processed/analysis/population_system_dependency_register.csv,DEP-0051-housing_infrastructure,MUNI-3981858,,ENT-POPULATION-MUNI-3981858,,SYS-POPULATION,,,housing_infrastructure,operational dependency,population/settlement entity,generalized external interface,exact,nonjoinable,INFERRED,inferred,s11a_acs_2024_5yr,limited,limited,,directed_local_record,county/place,2026 baseline,BASELINE_DEPENDENCY,"Housing context is not a condition, desirability, or vulnerability score.",Local uncertainty/notes retained in source artifact.,YES,YES,QUALITATIVE_ONLY,NO,VISUALIZATION_AND_QUALITATIVE_REASONING;QUALITATIVE_STRESS_TEST_ONLY;NO_QUANTITATIVE_AGGREGATION;SOURCE_LOCAL_ONLY;NO_EXACT_ATLAS_JOIN,"Inferred relationship retained: Housing context is not a condition, desirability, or vulnerability score."
AR-11B-DEP-0051-GOVERNANCE-e6f7f59d,11B,data/processed/analysis/population_system_dependency_register.csv,DEP-0051-governance,MUNI-3981858,,ENT-POPULATION-MUNI-3981858,,SYS-POPULATION,SYS-GOVERNANCE,,governance,operational dependency,population/settlement entity,generalized external interface,exact,system-level,INFERRED,inferred,phase10_governance_context,moderate,moderate,,directed_local_record,municipal/county,2026 baseline,BASELINE_DEPENDENCY,"Boundary, operator, service territory, and population served remain distinct.",Local uncertainty/notes retained in source artifact.,YES,YES,QUALITATIVE_ONLY,NO,VISUALIZATION_AND_QUALITATIVE_REASONING;QUALITATIVE_STRESS_TEST_ONLY;NO_QUANTITATIVE_AGGREGATION,"Inferred relationship retained: Boundary, operator, service territory, and population served remain distinct."
AR-11B-DEP-0052-WATER-12c057f4,11B,data/processed/analysis/population_system_dependency_register.csv,DEP-0052-water,MUNI-3981928,,ENT-POPULATION-MUNI-3981928,,SYS-POPULATION,SYS-WATER,,water,operational dependency,population/settlement entity,generalized external interface,exact,system-level,INFERRED,inferred,phase10_governance_context,limited,limited,,directed_local_record,county/place,2026 baseline,BASELINE_DEPENDENCY,Generalized service-responsibility context only; no state-specific operator or exact resident-to-utility assignment.,Local uncertainty/notes retained in source artifact.,YES,YES,QUALITATIVE_ONLY,NO,VISUALIZATION_AND_QUALITATIVE_REASONING;QUALITATIVE_STRESS_TEST_ONLY;NO_QUANTITATIVE_AGGREGATION,Inferred relationship retained: Generalized service-responsibility context only; no state-specific operator or exact resident-to-utility assignment.
AR-11B-DEP-0052-WASTEWATER-a0fb9ee3,11B,data/processed/analysis/population_system_dependency_register.csv,DEP-0052-wastewater,MUNI-3981928,,ENT-POPULATION-MUNI-3981928,,SYS-POPULATION,SYS-WATER,,wastewater,operational dependency,population/settlement entity,generalized external interface,exact,system-level,INFERRED,inferred,phase10_s05_ohio_npdes,limited,limited,,directed_local_record,county/place,2026 baseline,BASELINE_DEPENDENCY,"Ohio regulatory program context only; no exact sewer territory, treatment load, or resident assignment.",Local uncertainty/notes retained in source artifact.,YES,YES,QUALITATIVE_ONLY,NO,VISUALIZATION_AND_QUALITATIVE_REASONING;QUALITATIVE_STRESS_TEST_ONLY;NO_QUANTITATIVE_AGGREGATION,"Inferred relationship retained: Ohio regulatory program context only; no exact sewer territory, treatment load, or resident assignment."
AR-11B-DEP-0052-ENERGY-2dc62624,11B,data/processed/analysis/population_system_dependency_register.csv,DEP-0052-energy,MUNI-3981928,,ENT-POPULATION-MUNI-3981928,,SYS-POPULATION,SYS-ENERGY,,energy,operational dependency,population/settlement entity,generalized external interface,exact,system-level,INFERRED,inferred,phase10_s24_pjm,moderate,moderate,,directed_local_record,county/place,2026 baseline,BASELINE_DEPENDENCY,"Regional wholesale/high-voltage context only; no local distribution assignment, demand model, or outage probability.",Local uncertainty/notes retained in source artifact.,YES,YES,QUALITATIVE_ONLY,NO,VISUALIZATION_AND_QUALITATIVE_REASONING;QUALITATIVE_STRESS_TEST_ONLY;NO_QUANTITATIVE_AGGREGATION,"Inferred relationship retained: Regional wholesale/high-voltage context only; no local distribution assignment, demand model, or outage probability."
AR-11B-DEP-0052-TRANSPORT-f5d3dc0d,11B,data/processed/analysis/population_system_dependency_register.csv,DEP-0052-transport,MUNI-3981928,,ENT-POPULATION-MUNI-3981928,,SYS-POPULATION,SYS-FREIGHT,,transport,operational dependency,population/settlement entity,generalized external interface,exact,system-level,INFERRED,inferred,s11b_lodes_oh_od,moderate,limited,,directed_local_record,county/county_pair,2026 baseline,BASELINE_DEPENDENCY,State-matched LODES OD supports generalized commuting context; the dependency is inferred and exposes no individual paths or passenger surveillance.,Local uncertainty/notes retained in source artifact.,YES,YES,QUALITATIVE_ONLY,NO,VISUALIZATION_AND_QUALITATIVE_REASONING;QUALITATIVE_STRESS_TEST_ONLY;NO_QUANTITATIVE_AGGREGATION,Inferred relationship retained: State-matched LODES OD supports generalized commuting context; the dependency is inferred and exposes no individual paths or passenger surveillance.
AR-11B-DEP-0052-CLIMATE-HAZARD-e9b2a704,11B,data/processed/analysis/population_system_dependency_register.csv,DEP-0052-climate_hazard,MUNI-3981928,,ENT-POPULATION-MUNI-3981928,,SYS-POPULATION,,,climate_hazard,operational dependency,population/settlement entity,generalized external interface,exact,nonjoinable,INFERRED,inferred,phase9_hazard_context,limited,limited,,directed_local_record,county/regional,2026 baseline,BASELINE_DEPENDENCY,"Hazard interface is not exposure, dose, or health outcome.",Local uncertainty/notes retained in source artifact.,YES,YES,QUALITATIVE_ONLY,NO,VISUALIZATION_AND_QUALITATIVE_REASONING;QUALITATIVE_STRESS_TEST_ONLY;NO_QUANTITATIVE_AGGREGATION;SOURCE_LOCAL_ONLY;NO_EXACT_ATLAS_JOIN,"Inferred relationship retained: Hazard interface is not exposure, dose, or health outcome."
AR-11B-DEP-0052-ENVIRONMENTAL-HEALTH-9e5b184c,11B,data/processed/analysis/population_system_dependency_register.csv,DEP-0052-environmental_health,MUNI-3981928,,ENT-POPULATION-MUNI-3981928,,SYS-POPULATION,SYS-EXPOSURE,,environmental_health,exposure pathway,population/settlement entity,generalized external interface,exact,system-level,CONTEXT_REUSED,reused_context,phase7_exposure_context,limited,limited,,directed_local_record,county/regional,2026 baseline,BASELINE_DEPENDENCY,"Population presence is not exposure, dose, illness, or risk.",Local uncertainty/notes retained in source artifact.,YES,YES,QUALITATIVE_ONLY,NO,VISUALIZATION_AND_QUALITATIVE_REASONING;QUALITATIVE_STRESS_TEST_ONLY;NO_QUANTITATIVE_AGGREGATION,"Reused context retained and not counted as new evidence: Population presence is not exposure, dose, illness, or risk."
AR-11B-DEP-0052-ECOLOGY-LAND-afdddf53,11B,data/processed/analysis/population_system_dependency_register.csv,DEP-0052-ecology_land,MUNI-3981928,,ENT-POPULATION-MUNI-3981928,,SYS-POPULATION,,,ecology_land,operational dependency,population/settlement entity,generalized external interface,exact,nonjoinable,INFERRED,inferred,phase6_ecology_context,limited,limited,,directed_local_record,county/regional,2026 baseline,BASELINE_DEPENDENCY,"No habitat quality, biodiversity, or ecological-risk score.",Local uncertainty/notes retained in source artifact.,YES,YES,QUALITATIVE_ONLY,NO,VISUALIZATION_AND_QUALITATIVE_REASONING;QUALITATIVE_STRESS_TEST_ONLY;NO_QUANTITATIVE_AGGREGATION;SOURCE_LOCAL_ONLY;NO_EXACT_ATLAS_JOIN,"Inferred relationship retained: No habitat quality, biodiversity, or ecological-risk score."
AR-11B-DEP-0052-BIOGEOCHEMICAL-4a43fe00,11B,data/processed/analysis/population_system_dependency_register.csv,DEP-0052-biogeochemical,MUNI-3981928,,ENT-POPULATION-MUNI-3981928,,SYS-POPULATION,SYS-BIOGEOCHEMISTRY,,biogeochemical,material flow,population/settlement entity,generalized external interface,exact,system-level,INFERRED,inferred,phase8_biogeochemical_context,limited,limited,,directed_local_record,county/watershed,2026 baseline,BASELINE_DEPENDENCY,"No new nutrient load, concentration, or treatment outcome.",Local uncertainty/notes retained in source artifact.,YES,YES,QUALITATIVE_ONLY,NO,VISUALIZATION_AND_QUALITATIVE_REASONING;QUALITATIVE_STRESS_TEST_ONLY;NO_QUANTITATIVE_AGGREGATION,"Inferred relationship retained: No new nutrient load, concentration, or treatment outcome."
AR-11B-DEP-0052-HOUSING-INFRASTRUCTURE-5ccb58fc,11B,data/processed/analysis/population_system_dependency_register.csv,DEP-0052-housing_infrastructure,MUNI-3981928,,ENT-POPULATION-MUNI-3981928,,SYS-POPULATION,,,housing_infrastructure,operational dependency,population/settlement entity,generalized external interface,exact,nonjoinable,INFERRED,inferred,s11a_acs_2024_5yr,limited,limited,,directed_local_record,county/place,2026 baseline,BASELINE_DEPENDENCY,"Housing context is not a condition, desirability, or vulnerability score.",Local uncertainty/notes retained in source artifact.,YES,YES,QUALITATIVE_ONLY,NO,VISUALIZATION_AND_QUALITATIVE_REASONING;QUALITATIVE_STRESS_TEST_ONLY;NO_QUANTITATIVE_AGGREGATION;SOURCE_LOCAL_ONLY;NO_EXACT_ATLAS_JOIN,"Inferred relationship retained: Housing context is not a condition, desirability, or vulnerability score."
AR-11B-DEP-0052-GOVERNANCE-07310d1b,11B,data/processed/analysis/population_system_dependency_register.csv,DEP-0052-governance,MUNI-3981928,,ENT-POPULATION-MUNI-3981928,,SYS-POPULATION,SYS-GOVERNANCE,,governance,operational dependency,population/settlement entity,generalized external interface,exact,system-level,INFERRED,inferred,phase10_governance_context,moderate,moderate,,directed_local_record,municipal/county,2026 baseline,BASELINE_DEPENDENCY,"Boundary, operator, service territory, and population served remain distinct.",Local uncertainty/notes retained in source artifact.,YES,YES,QUALITATIVE_ONLY,NO,VISUALIZATION_AND_QUALITATIVE_REASONING;QUALITATIVE_STRESS_TEST_ONLY;NO_QUANTITATIVE_AGGREGATION,"Inferred relationship retained: Boundary, operator, service territory, and population served remain distinct."
