atlas_normalization_id,local_taxonomy_id,local_term,local_field,local_term_count,source_phase,source_artifact,normalized_relationship_class,directionality,causal_semantics,flow_semantics,Atlas_join_role,mapping_status,information_loss_or_caveat
RN-RT-0001,RT-0001,advisory_relationship,dependency_type,2,10,data/processed/analysis/governance_dependency_register.csv,governance / authority,role_assignment,"role, mandate, or coordination relation; not automatic operational control",governance role/interface; no physical flow,governance role join,normalized_shared_class,"Governance, monitoring, funding, advice, ownership, and coordination remain distinct from operational control."
RN-RT-0002,RT-0002,binational_dependency,dependency_type,1,10,data/processed/analysis/governance_dependency_register.csv,governance / authority,role_assignment,"role, mandate, or coordination relation; not automatic operational control",governance role/interface; no physical flow,governance role join,normalized_shared_class,"Governance, monitoring, funding, advice, ownership, and coordination remain distinct from operational control."
RN-RT-0003,RT-0003,control-without-direct-observation,dependency_type,1,10,data/processed/analysis/governance_dependency_register.csv,governance / authority,role_assignment,control or authority relation; not an observation edge or automatic enforcement,governance/control interface; no physical flow,governance role join,normalized_shared_class,"Control-without-direct-observation remains a governance/authority distinction, not information flow or automatic enforcement."
RN-RT-0004,RT-0004,emergency_coordination,dependency_type,1,10,data/processed/analysis/governance_dependency_register.csv,governance / authority,role_assignment,"role, mandate, or coordination relation; not automatic operational control",governance role/interface; no physical flow,governance role join,normalized_shared_class,"Governance, monitoring, funding, advice, ownership, and coordination remain distinct from operational control."
RN-RT-0005,RT-0005,funding_dependency,dependency_type,3,10,data/processed/analysis/governance_dependency_register.csv,governance / authority,role_assignment,"role, mandate, or coordination relation; not automatic operational control",governance role/interface; no physical flow,governance role join,normalized_shared_class,"Governance, monitoring, funding, advice, ownership, and coordination remain distinct from operational control."
RN-RT-0006,RT-0006,information_dependency,dependency_type,3,10,data/processed/analysis/governance_dependency_register.csv,governance / authority,role_assignment,"role, mandate, or coordination relation; not automatic operational control",governance role/interface; no physical flow,governance role join,normalized_shared_class,"Governance, monitoring, funding, advice, ownership, and coordination remain distinct from operational control."
RN-RT-0007,RT-0007,interstate_dependency,dependency_type,1,10,data/processed/analysis/governance_dependency_register.csv,governance / authority,role_assignment,"role, mandate, or coordination relation; not automatic operational control",governance role/interface; no physical flow,governance role join,normalized_shared_class,"Governance, monitoring, funding, advice, ownership, and coordination remain distinct from operational control."
RN-RT-0008,RT-0008,mandatory_coordination,dependency_type,2,10,data/processed/analysis/governance_dependency_register.csv,governance / authority,role_assignment,"role, mandate, or coordination relation; not automatic operational control",governance role/interface; no physical flow,governance role join,normalized_shared_class,"Governance, monitoring, funding, advice, ownership, and coordination remain distinct from operational control."
RN-RT-0009,RT-0009,monitoring-without-control,dependency_type,3,10,data/processed/analysis/governance_dependency_register.csv,governance / authority,role_assignment,"role, mandate, or coordination relation; not automatic operational control",governance role/interface; no physical flow,governance role join,normalized_shared_class,"Governance, monitoring, funding, advice, ownership, and coordination remain distinct from operational control."
RN-RT-0010,RT-0010,overlapping_authority,dependency_type,1,10,data/processed/analysis/governance_dependency_register.csv,governance / authority,role_assignment,"role, mandate, or coordination relation; not automatic operational control",governance role/interface; no physical flow,governance role join,normalized_shared_class,"Governance, monitoring, funding, advice, ownership, and coordination remain distinct from operational control."
RN-RT-0011,RT-0011,public_private_dependency,dependency_type,3,10,data/processed/analysis/governance_dependency_register.csv,governance / authority,role_assignment,"role, mandate, or coordination relation; not automatic operational control",governance role/interface; no physical flow,governance role join,normalized_shared_class,"Governance, monitoring, funding, advice, ownership, and coordination remain distinct from operational control."
RN-RT-0012,RT-0012,sequential_authority,dependency_type,2,10,data/processed/analysis/governance_dependency_register.csv,governance / authority,role_assignment,"role, mandate, or coordination relation; not automatic operational control",governance role/interface; no physical flow,governance role join,normalized_shared_class,"Governance, monitoring, funding, advice, ownership, and coordination remain distinct from operational control."
RN-RT-0013,RT-0013,split_responsibility,dependency_type,1,10,data/processed/analysis/governance_dependency_register.csv,governance / authority,role_assignment,"role, mandate, or coordination relation; not automatic operational control",governance role/interface; no physical flow,governance role join,normalized_shared_class,"Governance, monitoring, funding, advice, ownership, and coordination remain distinct from operational control."
RN-RT-0014,RT-0014,voluntary_coordination,dependency_type,1,10,data/processed/analysis/governance_dependency_register.csv,governance / authority,role_assignment,"role, mandate, or coordination relation; not automatic operational control",governance role/interface; no physical flow,governance role join,normalized_shared_class,"Governance, monitoring, funding, advice, ownership, and coordination remain distinct from operational control."
RN-RT-0015,RT-0015,advisory_relationship,dependency_type,2,10,data/processed/networks/governance_dependency_edges.csv,governance / authority,role_assignment,"role, mandate, or coordination relation; not automatic operational control",governance role/interface; no physical flow,governance role join,normalized_shared_class,"Governance, monitoring, funding, advice, ownership, and coordination remain distinct from operational control."
RN-RT-0016,RT-0016,binational_dependency,dependency_type,1,10,data/processed/networks/governance_dependency_edges.csv,governance / authority,role_assignment,"role, mandate, or coordination relation; not automatic operational control",governance role/interface; no physical flow,governance role join,normalized_shared_class,"Governance, monitoring, funding, advice, ownership, and coordination remain distinct from operational control."
RN-RT-0017,RT-0017,control-without-direct-observation,dependency_type,1,10,data/processed/networks/governance_dependency_edges.csv,governance / authority,role_assignment,control or authority relation; not an observation edge or automatic enforcement,governance/control interface; no physical flow,governance role join,normalized_shared_class,"Control-without-direct-observation remains a governance/authority distinction, not information flow or automatic enforcement."
RN-RT-0018,RT-0018,emergency_coordination,dependency_type,1,10,data/processed/networks/governance_dependency_edges.csv,governance / authority,role_assignment,"role, mandate, or coordination relation; not automatic operational control",governance role/interface; no physical flow,governance role join,normalized_shared_class,"Governance, monitoring, funding, advice, ownership, and coordination remain distinct from operational control."
RN-RT-0019,RT-0019,funding_dependency,dependency_type,3,10,data/processed/networks/governance_dependency_edges.csv,governance / authority,role_assignment,"role, mandate, or coordination relation; not automatic operational control",governance role/interface; no physical flow,governance role join,normalized_shared_class,"Governance, monitoring, funding, advice, ownership, and coordination remain distinct from operational control."
RN-RT-0020,RT-0020,information_dependency,dependency_type,3,10,data/processed/networks/governance_dependency_edges.csv,governance / authority,role_assignment,"role, mandate, or coordination relation; not automatic operational control",governance role/interface; no physical flow,governance role join,normalized_shared_class,"Governance, monitoring, funding, advice, ownership, and coordination remain distinct from operational control."
RN-RT-0021,RT-0021,interstate_dependency,dependency_type,1,10,data/processed/networks/governance_dependency_edges.csv,governance / authority,role_assignment,"role, mandate, or coordination relation; not automatic operational control",governance role/interface; no physical flow,governance role join,normalized_shared_class,"Governance, monitoring, funding, advice, ownership, and coordination remain distinct from operational control."
RN-RT-0022,RT-0022,mandatory_coordination,dependency_type,2,10,data/processed/networks/governance_dependency_edges.csv,governance / authority,role_assignment,"role, mandate, or coordination relation; not automatic operational control",governance role/interface; no physical flow,governance role join,normalized_shared_class,"Governance, monitoring, funding, advice, ownership, and coordination remain distinct from operational control."
RN-RT-0023,RT-0023,monitoring-without-control,dependency_type,3,10,data/processed/networks/governance_dependency_edges.csv,governance / authority,role_assignment,"role, mandate, or coordination relation; not automatic operational control",governance role/interface; no physical flow,governance role join,normalized_shared_class,"Governance, monitoring, funding, advice, ownership, and coordination remain distinct from operational control."
RN-RT-0024,RT-0024,overlapping_authority,dependency_type,1,10,data/processed/networks/governance_dependency_edges.csv,governance / authority,role_assignment,"role, mandate, or coordination relation; not automatic operational control",governance role/interface; no physical flow,governance role join,normalized_shared_class,"Governance, monitoring, funding, advice, ownership, and coordination remain distinct from operational control."
RN-RT-0025,RT-0025,public_private_dependency,dependency_type,3,10,data/processed/networks/governance_dependency_edges.csv,governance / authority,role_assignment,"role, mandate, or coordination relation; not automatic operational control",governance role/interface; no physical flow,governance role join,normalized_shared_class,"Governance, monitoring, funding, advice, ownership, and coordination remain distinct from operational control."
RN-RT-0026,RT-0026,sequential_authority,dependency_type,2,10,data/processed/networks/governance_dependency_edges.csv,governance / authority,role_assignment,"role, mandate, or coordination relation; not automatic operational control",governance role/interface; no physical flow,governance role join,normalized_shared_class,"Governance, monitoring, funding, advice, ownership, and coordination remain distinct from operational control."
RN-RT-0027,RT-0027,split_responsibility,dependency_type,1,10,data/processed/networks/governance_dependency_edges.csv,governance / authority,role_assignment,"role, mandate, or coordination relation; not automatic operational control",governance role/interface; no physical flow,governance role join,normalized_shared_class,"Governance, monitoring, funding, advice, ownership, and coordination remain distinct from operational control."
RN-RT-0028,RT-0028,voluntary_coordination,dependency_type,1,10,data/processed/networks/governance_dependency_edges.csv,governance / authority,role_assignment,"role, mandate, or coordination relation; not automatic operational control",governance role/interface; no physical flow,governance role join,normalized_shared_class,"Governance, monitoring, funding, advice, ownership, and coordination remain distinct from operational control."
RN-RT-0029,RT-0029,actor_system_role,relationship_type,100,10,data/processed/networks/governance_relationships.csv,governance / authority,role_assignment,"role, mandate, or coordination relation; not automatic operational control",governance role/interface; no physical flow,governance role join,normalized_shared_class,"Governance, monitoring, funding, advice, ownership, and coordination remain distinct from operational control."
RN-RT-0030,RT-0030,advisory_relationship,dependency_type,12,10,data/processed/scenarios/governance_dependency_states_scenario.csv,scenario influence,scenario_delta,scenario assumption/state; not observed causation,no flow semantics,scenario-only join,normalized_shared_class,Scenario term remains separate from baseline fact and forecast language.
RN-RT-0031,RT-0031,binational_dependency,dependency_type,6,10,data/processed/scenarios/governance_dependency_states_scenario.csv,scenario influence,scenario_delta,scenario assumption/state; not observed causation,no flow semantics,scenario-only join,normalized_shared_class,Scenario term remains separate from baseline fact and forecast language.
RN-RT-0032,RT-0032,control-without-direct-observation,dependency_type,6,10,data/processed/scenarios/governance_dependency_states_scenario.csv,scenario influence,scenario_delta,scenario assumption/state; not observed causation,no flow semantics,scenario-only join,normalized_shared_class,Scenario term remains separate from baseline fact and forecast language.
RN-RT-0033,RT-0033,emergency_coordination,dependency_type,6,10,data/processed/scenarios/governance_dependency_states_scenario.csv,scenario influence,scenario_delta,scenario assumption/state; not observed causation,no flow semantics,scenario-only join,normalized_shared_class,Scenario term remains separate from baseline fact and forecast language.
RN-RT-0034,RT-0034,funding_dependency,dependency_type,18,10,data/processed/scenarios/governance_dependency_states_scenario.csv,scenario influence,scenario_delta,scenario assumption/state; not observed causation,no flow semantics,scenario-only join,normalized_shared_class,Scenario term remains separate from baseline fact and forecast language.
RN-RT-0035,RT-0035,information_dependency,dependency_type,18,10,data/processed/scenarios/governance_dependency_states_scenario.csv,scenario influence,scenario_delta,scenario assumption/state; not observed causation,no flow semantics,scenario-only join,normalized_shared_class,Scenario term remains separate from baseline fact and forecast language.
RN-RT-0036,RT-0036,interstate_dependency,dependency_type,6,10,data/processed/scenarios/governance_dependency_states_scenario.csv,scenario influence,scenario_delta,scenario assumption/state; not observed causation,no flow semantics,scenario-only join,normalized_shared_class,Scenario term remains separate from baseline fact and forecast language.
RN-RT-0037,RT-0037,mandatory_coordination,dependency_type,12,10,data/processed/scenarios/governance_dependency_states_scenario.csv,scenario influence,scenario_delta,scenario assumption/state; not observed causation,no flow semantics,scenario-only join,normalized_shared_class,Scenario term remains separate from baseline fact and forecast language.
RN-RT-0038,RT-0038,monitoring-without-control,dependency_type,18,10,data/processed/scenarios/governance_dependency_states_scenario.csv,scenario influence,scenario_delta,scenario assumption/state; not observed causation,no flow semantics,scenario-only join,normalized_shared_class,Scenario term remains separate from baseline fact and forecast language.
RN-RT-0039,RT-0039,overlapping_authority,dependency_type,6,10,data/processed/scenarios/governance_dependency_states_scenario.csv,scenario influence,scenario_delta,scenario assumption/state; not observed causation,no flow semantics,scenario-only join,normalized_shared_class,Scenario term remains separate from baseline fact and forecast language.
RN-RT-0040,RT-0040,public_private_dependency,dependency_type,18,10,data/processed/scenarios/governance_dependency_states_scenario.csv,scenario influence,scenario_delta,scenario assumption/state; not observed causation,no flow semantics,scenario-only join,normalized_shared_class,Scenario term remains separate from baseline fact and forecast language.
RN-RT-0041,RT-0041,sequential_authority,dependency_type,12,10,data/processed/scenarios/governance_dependency_states_scenario.csv,scenario influence,scenario_delta,scenario assumption/state; not observed causation,no flow semantics,scenario-only join,normalized_shared_class,Scenario term remains separate from baseline fact and forecast language.
RN-RT-0042,RT-0042,split_responsibility,dependency_type,6,10,data/processed/scenarios/governance_dependency_states_scenario.csv,scenario influence,scenario_delta,scenario assumption/state; not observed causation,no flow semantics,scenario-only join,normalized_shared_class,Scenario term remains separate from baseline fact and forecast language.
RN-RT-0043,RT-0043,voluntary_coordination,dependency_type,6,10,data/processed/scenarios/governance_dependency_states_scenario.csv,scenario influence,scenario_delta,scenario assumption/state; not observed causation,no flow semantics,scenario-only join,normalized_shared_class,Scenario term remains separate from baseline fact and forecast language.
RN-RT-0044,RT-0044,contextual_interface,relationship_type,52,11,data/processed/analysis/population_system_dependency_register.csv,operational dependency,directed_local_record,functional dependency/interface; direction is not automatically causation or risk,operational interface; no common flow unit,dependency join,normalized_shared_class,"Dependency is not risk, failure probability, control proof, or causal effect."
RN-RT-0045,RT-0045,functional_service_dependence,relationship_type,208,11,data/processed/analysis/population_system_dependency_register.csv,operational dependency,directed_local_record,functional dependency/interface; direction is not automatically causation or risk,operational interface; no common flow unit,dependency join,normalized_shared_class,"Dependency is not risk, failure probability, control proof, or causal effect."
RN-RT-0046,RT-0046,institutional_interface,relationship_type,52,11,data/processed/analysis/population_system_dependency_register.csv,operational dependency,directed_local_record,functional dependency/interface; direction is not automatically causation or risk,operational interface; no common flow unit,dependency join,normalized_shared_class,"Dependency is not risk, failure probability, control proof, or causal effect."
RN-RT-0047,RT-0047,land_cover_interface,relationship_type,52,11,data/processed/analysis/population_system_dependency_register.csv,operational dependency,directed_local_record,functional dependency/interface; direction is not automatically causation or risk,operational interface; no common flow unit,dependency join,normalized_shared_class,"Dependency is not risk, failure probability, control proof, or causal effect."
RN-RT-0048,RT-0048,material_flow_interface,relationship_type,52,11,data/processed/analysis/population_system_dependency_register.csv,material flow,directed_local_record,documented or inferred material/logistics relation; not causal quantity,material/logistics interface; route and quantity remain local,material-flow join,normalized_shared_class,"Material or freight relationships do not imply shipment quantity, exact route, capacity, or continuous flow."
RN-RT-0049,RT-0049,pathway_interface,relationship_type,52,11,data/processed/analysis/population_system_dependency_register.csv,exposure pathway,directed_local_record,"potential pathway or contact interface; not dose, illness, or risk",exposure/context interface; not confirmed exposure,exposure-interface join,normalized_shared_class,"Exposure pathway is not documented exposure, dose, illness, or a risk score."
RN-RT-0050,RT-0050,physical_hazard_interface,relationship_type,52,11,data/processed/analysis/population_system_dependency_register.csv,operational dependency,directed_local_record,functional dependency/interface; direction is not automatically causation or risk,operational interface; no common flow unit,dependency join,normalized_shared_class,"Dependency is not risk, failure probability, control proof, or causal effect."
RN-RT-0051,RT-0051,commuting_interface_with,relationship_type,142,11,data/processed/networks/population_mobility_relationships.csv,population / mobility interface,directed_local_record,aggregate population or mobility relation; not individual movement or transmission,population/mobility interface; not transmission,population-interface join,normalized_shared_class,"Mobility is not migration, individual movement, transmission, or disease risk."
RN-RT-0052,RT-0052,connected_reconcentration_interface,relationship_type,36,11,data/processed/networks/population_settlement_future_relationships.csv,scenario influence,scenario_delta,scenario assumption/state; not observed causation,no flow semantics,scenario-only join,normalized_shared_class,Scenario term remains separate from baseline fact and forecast language.
RN-RT-0053,RT-0053,polycentric_adaptive_interface,relationship_type,36,11,data/processed/networks/population_settlement_future_relationships.csv,scenario influence,scenario_delta,scenario assumption/state; not observed causation,no flow semantics,scenario-only join,normalized_shared_class,Scenario term remains separate from baseline fact and forecast language.
RN-RT-0054,RT-0054,uneven_change_infrastructure_strain_interface,relationship_type,36,11,data/processed/networks/population_settlement_future_relationships.csv,scenario influence,scenario_delta,scenario assumption/state; not observed causation,no flow semantics,scenario-only join,normalized_shared_class,Scenario term remains separate from baseline fact and forecast language.
RN-RT-0055,RT-0055,contains_settlement,relationship_type,34,11,data/processed/networks/population_settlement_relationships.csv,population / mobility interface,directed_local_record,aggregate population or mobility relation; not individual movement or transmission,population/mobility interface; not transmission,population-interface join,normalized_shared_class,"Mobility is not migration, individual movement, transmission, or disease risk."
RN-RT-0056,RT-0056,employment_concentration,relationship_type,10,11,data/processed/networks/population_settlement_relationships.csv,unresolved / unclassified,unspecified_or_associative,not interpreted as causal,no flow semantics,source-local only,unresolved_term,No defensible shared class is asserted; retain the local term and source lineage for later review.
RN-RT-0057,RT-0057,case_transmission_boundary,relationship_type,1,12,data/processed/analysis/vector_system_dependency_register.csv,high-level association,unspecified_or_associative,association or context only; causation is not asserted,no flow semantics,context-only join,retained_local_semantics,"Generic association remains local and must not be upgraded to dependency, causation, or risk."
RN-RT-0058,RT-0058,container_habitat,relationship_type,2,12,data/processed/analysis/vector_system_dependency_register.csv,ecological relationship,directed_local_record,ecological function/interface; not deterministic causation or disease,ecological process/interface; not abundance or disease flow,ecological join,normalized_shared_class,"Ecological relationships retain native scale and do not imply abundance, establishment, contact, infection, or risk."
RN-RT-0059,RT-0059,detection_interface,relationship_type,2,12,data/processed/analysis/vector_system_dependency_register.csv,surveillance / detection,directed_local_record,observation/detection is not incidence or authority,information/detection interface,surveillance join,normalized_shared_class,"Surveillance or detection does not establish incidence, absence, transmission, or disease burden."
RN-RT-0060,RT-0060,effort_detection_boundary,relationship_type,1,12,data/processed/analysis/vector_system_dependency_register.csv,surveillance / detection,directed_local_record,observation/detection is not incidence or authority,information/detection interface,surveillance join,normalized_shared_class,"Surveillance or detection does not establish incidence, absence, transmission, or disease burden."
RN-RT-0061,RT-0061,environmental_driver,relationship_type,2,12,data/processed/analysis/vector_system_dependency_register.csv,ecological relationship,directed_local_record,ecological function/interface; not deterministic causation or disease,ecological process/interface; not abundance or disease flow,ecological join,normalized_shared_class,"Ecological function, movement, and habitat context retain native scale and do not imply abundance, disease, or risk."
RN-RT-0062,RT-0062,habitat_association,relationship_type,1,12,data/processed/analysis/vector_system_dependency_register.csv,ecological relationship,directed_local_record,ecological function/interface; not deterministic causation or disease,ecological process/interface; not abundance or disease flow,ecological join,normalized_shared_class,"Ecological relationships retain native scale and do not imply abundance, establishment, contact, infection, or risk."
RN-RT-0063,RT-0063,habitat_interface,relationship_type,2,12,data/processed/analysis/vector_system_dependency_register.csv,ecological relationship,directed_local_record,ecological function/interface; not deterministic causation or disease,ecological process/interface; not abundance or disease flow,ecological join,normalized_shared_class,"Ecological relationships retain native scale and do not imply abundance, establishment, contact, infection, or risk."
RN-RT-0064,RT-0064,habitat_opportunity,relationship_type,1,12,data/processed/analysis/vector_system_dependency_register.csv,ecological relationship,directed_local_record,ecological function/interface; not deterministic causation or disease,ecological process/interface; not abundance or disease flow,ecological join,normalized_shared_class,"Ecological relationships retain native scale and do not imply abundance, establishment, contact, infection, or risk."
RN-RT-0065,RT-0065,health_boundary,relationship_type,1,12,data/processed/analysis/vector_system_dependency_register.csv,exposure pathway,directed_local_record,"potential pathway or contact interface; not dose, illness, or risk",exposure/context interface; not confirmed exposure,exposure-interface join,normalized_shared_class,"Exposure pathway is not documented exposure, dose, illness, or a risk score."
RN-RT-0066,RT-0066,hold_preservation,relationship_type,1,12,data/processed/analysis/vector_system_dependency_register.csv,unresolved / unclassified,unspecified_or_associative,not interpreted as causal,no flow semantics,source-local only,unresolved_term,No defensible shared class is asserted; retain the local term and source lineage for later review.
RN-RT-0067,RT-0067,host_association,relationship_type,2,12,data/processed/analysis/vector_system_dependency_register.csv,ecological relationship,directed_local_record,ecological function/interface; not deterministic causation or disease,ecological process/interface; not abundance or disease flow,ecological join,normalized_shared_class,"Ecological relationships retain native scale and do not imply abundance, establishment, contact, infection, or risk."
RN-RT-0068,RT-0068,information_to_decision,relationship_type,1,12,data/processed/analysis/vector_system_dependency_register.csv,information / observation,directed_local_record,documented observation or information relation; not causal by itself,information signal or observation; not physical flow,information join,normalized_shared_class,"Observation, reporting, and decision support are not authority, control, or incidence."
RN-RT-0069,RT-0069,monitoring_control_boundary,relationship_type,1,12,data/processed/analysis/vector_system_dependency_register.csv,operational dependency,directed_local_record,functional dependency/interface; direction is not automatically causation or risk,operational interface; no common flow unit,dependency join,normalized_shared_class,"Dependency is not risk, failure probability, control proof, or causal effect."
RN-RT-0070,RT-0070,observation_interface,relationship_type,1,12,data/processed/analysis/vector_system_dependency_register.csv,information / observation,directed_local_record,documented observation or information relation; not causal by itself,information signal or observation; not physical flow,information join,normalized_shared_class,"Observation, reporting, and decision support are not authority, control, or incidence."
RN-RT-0071,RT-0071,potential_interface,relationship_type,2,12,data/processed/analysis/vector_system_dependency_register.csv,operational dependency,directed_local_record,functional dependency/interface; direction is not automatically causation or risk,operational interface; no common flow unit,dependency join,normalized_shared_class,"Dependency is not risk, failure probability, control proof, or causal effect."
RN-RT-0072,RT-0072,questing_habitat,relationship_type,1,12,data/processed/analysis/vector_system_dependency_register.csv,ecological relationship,directed_local_record,ecological function/interface; not deterministic causation or disease,ecological process/interface; not abundance or disease flow,ecological join,normalized_shared_class,"Ecological relationships retain native scale and do not imply abundance, establishment, contact, infection, or risk."
RN-RT-0073,RT-0073,scale_boundary,relationship_type,1,12,data/processed/analysis/vector_system_dependency_register.csv,high-level association,unspecified_or_associative,association or context only; causation is not asserted,no flow semantics,context-only join,retained_local_semantics,"Generic association remains local and must not be upgraded to dependency, causation, or risk."
RN-RT-0074,RT-0074,seasonal_development,relationship_type,3,12,data/processed/analysis/vector_system_dependency_register.csv,ecological relationship,directed_local_record,ecological function/interface; not deterministic causation or disease,ecological process/interface; not abundance or disease flow,ecological join,normalized_shared_class,"Ecological relationships retain native scale and do not imply abundance, establishment, contact, infection, or risk."
RN-RT-0075,RT-0075,separation_rule,relationship_type,1,12,data/processed/analysis/vector_system_dependency_register.csv,high-level association,unspecified_or_associative,association or context only; causation is not asserted,no flow semantics,context-only join,retained_local_semantics,"Generic association remains local and must not be upgraded to dependency, causation, or risk."
RN-RT-0076,RT-0076,woodland_habitat,relationship_type,1,12,data/processed/analysis/vector_system_dependency_register.csv,ecological relationship,directed_local_record,ecological function/interface; not deterministic causation or disease,ecological process/interface; not abundance or disease flow,ecological join,normalized_shared_class,"Ecological relationships retain native scale and do not imply abundance, establishment, contact, infection, or risk."
RN-RT-0077,RT-0077,case_transmission_boundary,relationship_type,1,12,data/processed/networks/vector_system_dependency_edges.csv,high-level association,unspecified_or_associative,association or context only; causation is not asserted,no flow semantics,context-only join,retained_local_semantics,"Generic association remains local and must not be upgraded to dependency, causation, or risk."
RN-RT-0078,RT-0078,container_habitat,relationship_type,2,12,data/processed/networks/vector_system_dependency_edges.csv,ecological relationship,directed_local_record,ecological function/interface; not deterministic causation or disease,ecological process/interface; not abundance or disease flow,ecological join,normalized_shared_class,"Ecological relationships retain native scale and do not imply abundance, establishment, contact, infection, or risk."
RN-RT-0079,RT-0079,detection_interface,relationship_type,2,12,data/processed/networks/vector_system_dependency_edges.csv,surveillance / detection,directed_local_record,observation/detection is not incidence or authority,information/detection interface,surveillance join,normalized_shared_class,"Surveillance or detection does not establish incidence, absence, transmission, or disease burden."
RN-RT-0080,RT-0080,effort_detection_boundary,relationship_type,1,12,data/processed/networks/vector_system_dependency_edges.csv,surveillance / detection,directed_local_record,observation/detection is not incidence or authority,information/detection interface,surveillance join,normalized_shared_class,"Surveillance or detection does not establish incidence, absence, transmission, or disease burden."
RN-RT-0081,RT-0081,environmental_driver,relationship_type,2,12,data/processed/networks/vector_system_dependency_edges.csv,ecological relationship,directed_local_record,ecological function/interface; not deterministic causation or disease,ecological process/interface; not abundance or disease flow,ecological join,normalized_shared_class,"Ecological function, movement, and habitat context retain native scale and do not imply abundance, disease, or risk."
RN-RT-0082,RT-0082,habitat_association,relationship_type,1,12,data/processed/networks/vector_system_dependency_edges.csv,ecological relationship,directed_local_record,ecological function/interface; not deterministic causation or disease,ecological process/interface; not abundance or disease flow,ecological join,normalized_shared_class,"Ecological relationships retain native scale and do not imply abundance, establishment, contact, infection, or risk."
RN-RT-0083,RT-0083,habitat_interface,relationship_type,2,12,data/processed/networks/vector_system_dependency_edges.csv,ecological relationship,directed_local_record,ecological function/interface; not deterministic causation or disease,ecological process/interface; not abundance or disease flow,ecological join,normalized_shared_class,"Ecological relationships retain native scale and do not imply abundance, establishment, contact, infection, or risk."
RN-RT-0084,RT-0084,habitat_opportunity,relationship_type,1,12,data/processed/networks/vector_system_dependency_edges.csv,ecological relationship,directed_local_record,ecological function/interface; not deterministic causation or disease,ecological process/interface; not abundance or disease flow,ecological join,normalized_shared_class,"Ecological relationships retain native scale and do not imply abundance, establishment, contact, infection, or risk."
RN-RT-0085,RT-0085,health_boundary,relationship_type,1,12,data/processed/networks/vector_system_dependency_edges.csv,exposure pathway,directed_local_record,"potential pathway or contact interface; not dose, illness, or risk",exposure/context interface; not confirmed exposure,exposure-interface join,normalized_shared_class,"Exposure pathway is not documented exposure, dose, illness, or a risk score."
RN-RT-0086,RT-0086,hold_preservation,relationship_type,1,12,data/processed/networks/vector_system_dependency_edges.csv,unresolved / unclassified,unspecified_or_associative,not interpreted as causal,no flow semantics,source-local only,unresolved_term,No defensible shared class is asserted; retain the local term and source lineage for later review.
RN-RT-0087,RT-0087,host_association,relationship_type,2,12,data/processed/networks/vector_system_dependency_edges.csv,ecological relationship,directed_local_record,ecological function/interface; not deterministic causation or disease,ecological process/interface; not abundance or disease flow,ecological join,normalized_shared_class,"Ecological relationships retain native scale and do not imply abundance, establishment, contact, infection, or risk."
RN-RT-0088,RT-0088,information_to_decision,relationship_type,1,12,data/processed/networks/vector_system_dependency_edges.csv,information / observation,directed_local_record,documented observation or information relation; not causal by itself,information signal or observation; not physical flow,information join,normalized_shared_class,"Observation, reporting, and decision support are not authority, control, or incidence."
RN-RT-0089,RT-0089,monitoring_control_boundary,relationship_type,1,12,data/processed/networks/vector_system_dependency_edges.csv,operational dependency,directed_local_record,functional dependency/interface; direction is not automatically causation or risk,operational interface; no common flow unit,dependency join,normalized_shared_class,"Dependency is not risk, failure probability, control proof, or causal effect."
RN-RT-0090,RT-0090,observation_interface,relationship_type,1,12,data/processed/networks/vector_system_dependency_edges.csv,information / observation,directed_local_record,documented observation or information relation; not causal by itself,information signal or observation; not physical flow,information join,normalized_shared_class,"Observation, reporting, and decision support are not authority, control, or incidence."
RN-RT-0091,RT-0091,potential_interface,relationship_type,2,12,data/processed/networks/vector_system_dependency_edges.csv,operational dependency,directed_local_record,functional dependency/interface; direction is not automatically causation or risk,operational interface; no common flow unit,dependency join,normalized_shared_class,"Dependency is not risk, failure probability, control proof, or causal effect."
RN-RT-0092,RT-0092,questing_habitat,relationship_type,1,12,data/processed/networks/vector_system_dependency_edges.csv,ecological relationship,directed_local_record,ecological function/interface; not deterministic causation or disease,ecological process/interface; not abundance or disease flow,ecological join,normalized_shared_class,"Ecological relationships retain native scale and do not imply abundance, establishment, contact, infection, or risk."
RN-RT-0093,RT-0093,scale_boundary,relationship_type,1,12,data/processed/networks/vector_system_dependency_edges.csv,high-level association,unspecified_or_associative,association or context only; causation is not asserted,no flow semantics,context-only join,retained_local_semantics,"Generic association remains local and must not be upgraded to dependency, causation, or risk."
RN-RT-0094,RT-0094,seasonal_development,relationship_type,3,12,data/processed/networks/vector_system_dependency_edges.csv,ecological relationship,directed_local_record,ecological function/interface; not deterministic causation or disease,ecological process/interface; not abundance or disease flow,ecological join,normalized_shared_class,"Ecological relationships retain native scale and do not imply abundance, establishment, contact, infection, or risk."
RN-RT-0095,RT-0095,separation_rule,relationship_type,1,12,data/processed/networks/vector_system_dependency_edges.csv,high-level association,unspecified_or_associative,association or context only; causation is not asserted,no flow semantics,context-only join,retained_local_semantics,"Generic association remains local and must not be upgraded to dependency, causation, or risk."
RN-RT-0096,RT-0096,woodland_habitat,relationship_type,1,12,data/processed/networks/vector_system_dependency_edges.csv,ecological relationship,directed_local_record,ecological function/interface; not deterministic causation or disease,ecological process/interface; not abundance or disease flow,ecological join,normalized_shared_class,"Ecological relationships retain native scale and do not imply abundance, establishment, contact, infection, or risk."
RN-RT-0097,RT-0097,ecological mediator,dependency_type,4,13,data/processed/analysis/infectious_disease_dependency_register.csv,ecological relationship,directed_local_record,ecological function/interface; not deterministic causation or disease,ecological process/interface; not abundance or disease flow,ecological join,normalized_shared_class,"Ecological relationships retain native scale and do not imply abundance, establishment, contact, infection, or risk."
RN-RT-0098,RT-0098,environmental driver,dependency_type,3,13,data/processed/analysis/infectious_disease_dependency_register.csv,ecological relationship,directed_local_record,environmental context is not deterministic causation,environmental/ecological context; not physical flow,context join,normalized_shared_class,"Environmental driver terminology is retained as contextual relationship semantics, not a mapped physical flow."
RN-RT-0099,RT-0099,food/freight interface,dependency_type,3,13,data/processed/analysis/infectious_disease_dependency_register.csv,material flow,directed_local_record,documented or inferred material/logistics relation; not causal quantity,material/logistics interface; route and quantity remain local,material-flow join,normalized_shared_class,"Material or freight relationships do not imply shipment quantity, exact route, capacity, or continuous flow."
RN-RT-0100,RT-0100,healthcare interface,dependency_type,2,13,data/processed/analysis/infectious_disease_dependency_register.csv,operational dependency,directed_local_record,functional dependency/interface; direction is not automatically causation or risk,operational interface; no common flow unit,dependency join,normalized_shared_class,"Dependency is not risk, failure probability, control proof, or causal effect."
RN-RT-0101,RT-0101,infrastructure dependency,dependency_type,2,13,data/processed/analysis/infectious_disease_dependency_register.csv,operational dependency,directed_local_record,functional dependency/interface; direction is not automatically causation or risk,operational interface; no common flow unit,dependency join,normalized_shared_class,"Dependency is not risk, failure probability, control proof, or causal effect."
RN-RT-0102,RT-0102,institutional response dependency,dependency_type,5,13,data/processed/analysis/infectious_disease_dependency_register.csv,operational dependency,directed_local_record,functional dependency/interface; direction is not automatically causation or risk,operational interface; no common flow unit,dependency join,normalized_shared_class,"Dependency is not risk, failure probability, control proof, or causal effect."
RN-RT-0103,RT-0103,mobility interface,dependency_type,1,13,data/processed/analysis/infectious_disease_dependency_register.csv,population / mobility interface,directed_local_record,aggregate population or mobility relation; not individual movement or transmission,population/mobility interface; not transmission,population-interface join,normalized_shared_class,"Mobility is not migration, individual movement, transmission, or disease risk."
RN-RT-0104,RT-0104,population/contact interface,dependency_type,6,13,data/processed/analysis/infectious_disease_dependency_register.csv,population / mobility interface,directed_local_record,aggregate population or mobility relation; not individual movement or transmission,population/mobility interface; not transmission,population-interface join,normalized_shared_class,"Mobility is not migration, individual movement, transmission, or disease risk."
RN-RT-0105,RT-0105,surveillance dependency,dependency_type,10,13,data/processed/analysis/infectious_disease_dependency_register.csv,surveillance / detection,directed_local_record,observation/detection is not incidence or authority,information/detection interface,surveillance join,normalized_shared_class,"Surveillance or detection does not establish incidence, absence, transmission, or disease burden."
RN-RT-0106,RT-0106,complements_detection,relationship_type,1,13,data/processed/analysis/infectious_disease_dependency_register.csv,surveillance / detection,directed_local_record,observation/detection is not incidence or authority,information/detection interface,surveillance join,normalized_shared_class,"Surveillance or detection does not establish incidence, absence, transmission, or disease burden."
RN-RT-0107,RT-0107,conditions_exposure_opportunity,relationship_type,1,13,data/processed/analysis/infectious_disease_dependency_register.csv,exposure pathway,directed_local_record,"potential pathway or contact interface; not dose, illness, or risk",exposure/context interface; not confirmed exposure,exposure-interface join,normalized_shared_class,"Exposure pathway is not documented exposure, dose, illness, or a risk score."
RN-RT-0108,RT-0108,connects_contact_opportunity,relationship_type,1,13,data/processed/analysis/infectious_disease_dependency_register.csv,exposure pathway,directed_local_record,"potential pathway or contact interface; not dose, illness, or risk",exposure/context interface; not confirmed exposure,exposure-interface join,normalized_shared_class,"Exposure pathway is not documented exposure, dose, illness, or a risk score."
RN-RT-0109,RT-0109,connects_distribution,relationship_type,1,13,data/processed/analysis/infectious_disease_dependency_register.csv,unresolved / unclassified,unspecified_or_associative,not interpreted as causal,no flow semantics,source-local only,unresolved_term,No defensible shared class is asserted; retain the local term and source lineage for later review.
RN-RT-0110,RT-0110,connects_food_system,relationship_type,1,13,data/processed/analysis/infectious_disease_dependency_register.csv,material flow,directed_local_record,documented or inferred material/logistics relation; not causal quantity,material/logistics interface; route and quantity remain local,material-flow join,normalized_shared_class,"Material or freight relationships do not imply shipment quantity, exact route, capacity, or continuous flow."
RN-RT-0111,RT-0111,creates_habitat_opportunity,relationship_type,1,13,data/processed/analysis/infectious_disease_dependency_register.csv,ecological relationship,directed_local_record,ecological function/interface; not deterministic causation or disease,ecological process/interface; not abundance or disease flow,ecological join,normalized_shared_class,"Ecological relationships retain native scale and do not imply abundance, establishment, contact, infection, or risk."
RN-RT-0112,RT-0112,creates_propagation_opportunity,relationship_type,1,13,data/processed/analysis/infectious_disease_dependency_register.csv,high-level association,unspecified_or_associative,association or context only; causation is not asserted,no flow semantics,context-only join,retained_local_semantics,"Generic association remains local and must not be upgraded to dependency, causation, or risk."
RN-RT-0113,RT-0113,depends_on_system_condition,relationship_type,1,13,data/processed/analysis/infectious_disease_dependency_register.csv,ecological relationship,directed_local_record,ecological function/interface; not deterministic causation or disease,ecological process/interface; not abundance or disease flow,ecological join,normalized_shared_class,"Ecological relationships retain native scale and do not imply abundance, establishment, contact, infection, or risk."
RN-RT-0114,RT-0114,disrupts_or_connects_pathway,relationship_type,1,13,data/processed/analysis/infectious_disease_dependency_register.csv,exposure pathway,directed_local_record,"potential pathway or contact interface; not dose, illness, or risk",exposure/context interface; not confirmed exposure,exposure-interface join,normalized_shared_class,"Exposure pathway is not documented exposure, dose, illness, or a risk score."
RN-RT-0115,RT-0115,feeds_observation,relationship_type,1,13,data/processed/analysis/infectious_disease_dependency_register.csv,information / observation,directed_local_record,documented observation or information relation; not causal by itself,information signal or observation; not physical flow,information join,normalized_shared_class,"Observation, reporting, and decision support are not authority, control, or incidence."
RN-RT-0116,RT-0116,frames_animal_human_opportunity,relationship_type,1,13,data/processed/analysis/infectious_disease_dependency_register.csv,high-level association,unspecified_or_associative,association or context only; causation is not asserted,no flow semantics,context-only join,retained_local_semantics,"Generic association remains local and must not be upgraded to dependency, causation, or risk."
RN-RT-0117,RT-0117,frames_care_detection_interface,relationship_type,1,13,data/processed/analysis/infectious_disease_dependency_register.csv,surveillance / detection,directed_local_record,observation/detection is not incidence or authority,information/detection interface,surveillance join,normalized_shared_class,"Surveillance or detection does not establish incidence, absence, transmission, or disease burden."
RN-RT-0118,RT-0118,frames_contact_opportunity,relationship_type,2,13,data/processed/analysis/infectious_disease_dependency_register.csv,exposure pathway,directed_local_record,"potential pathway or contact interface; not dose, illness, or risk",exposure/context interface; not confirmed exposure,exposure-interface join,normalized_shared_class,"Exposure pathway is not documented exposure, dose, illness, or a risk score."
RN-RT-0119,RT-0119,frames_exposure_opportunity,relationship_type,1,13,data/processed/analysis/infectious_disease_dependency_register.csv,exposure pathway,directed_local_record,"potential pathway or contact interface; not dose, illness, or risk",exposure/context interface; not confirmed exposure,exposure-interface join,normalized_shared_class,"Exposure pathway is not documented exposure, dose, illness, or a risk score."
RN-RT-0120,RT-0120,frames_resistance_detection_interface,relationship_type,1,13,data/processed/analysis/infectious_disease_dependency_register.csv,surveillance / detection,directed_local_record,observation/detection is not incidence or authority,information/detection interface,surveillance join,normalized_shared_class,"Surveillance or detection does not establish incidence, absence, transmission, or disease burden."
RN-RT-0121,RT-0121,frames_seasonality,relationship_type,1,13,data/processed/analysis/infectious_disease_dependency_register.csv,high-level association,unspecified_or_associative,association or context only; causation is not asserted,no flow semantics,context-only join,retained_local_semantics,"Generic association remains local and must not be upgraded to dependency, causation, or risk."
RN-RT-0122,RT-0122,frames_transmission_opportunity,relationship_type,2,13,data/processed/analysis/infectious_disease_dependency_register.csv,high-level association,unspecified_or_associative,association or context only; causation is not asserted,no flow semantics,context-only join,retained_local_semantics,"Generic association remains local and must not be upgraded to dependency, causation, or risk."
RN-RT-0123,RT-0123,is_observed_by,relationship_type,5,13,data/processed/analysis/infectious_disease_dependency_register.csv,information / observation,directed_local_record,documented observation or information relation; not causal by itself,information signal or observation; not physical flow,information join,normalized_shared_class,"Observation, reporting, and decision support are not authority, control, or incidence."
RN-RT-0124,RT-0124,mediates_host_habitat,relationship_type,1,13,data/processed/analysis/infectious_disease_dependency_register.csv,ecological relationship,directed_local_record,ecological function/interface; not deterministic causation or disease,ecological process/interface; not abundance or disease flow,ecological join,normalized_shared_class,"Ecological relationships retain native scale and do not imply abundance, establishment, contact, infection, or risk."
RN-RT-0125,RT-0125,mediates_host_interface,relationship_type,1,13,data/processed/analysis/infectious_disease_dependency_register.csv,ecological relationship,directed_local_record,ecological function/interface; not deterministic causation or disease,ecological process/interface; not abundance or disease flow,ecological join,normalized_shared_class,"Ecological relationships retain native scale and do not imply abundance, establishment, contact, infection, or risk."
RN-RT-0126,RT-0126,structures_contact_opportunity,relationship_type,1,13,data/processed/analysis/infectious_disease_dependency_register.csv,exposure pathway,directed_local_record,"potential pathway or contact interface; not dose, illness, or risk",exposure/context interface; not confirmed exposure,exposure-interface join,normalized_shared_class,"Exposure pathway is not documented exposure, dose, illness, or a risk score."
RN-RT-0127,RT-0127,supplies_animal_observations,relationship_type,1,13,data/processed/analysis/infectious_disease_dependency_register.csv,information / observation,directed_local_record,documented observation or information relation; not causal by itself,information signal or observation; not physical flow,information join,normalized_shared_class,"Observation, reporting, and decision support are not authority, control, or incidence."
RN-RT-0128,RT-0128,supplies_case_observation,relationship_type,1,13,data/processed/analysis/infectious_disease_dependency_register.csv,information / observation,directed_local_record,documented observation or information relation; not causal by itself,information signal or observation; not physical flow,information join,normalized_shared_class,"Observation, reporting, and decision support are not authority, control, or incidence."
RN-RT-0129,RT-0129,supplies_surveillance_data,relationship_type,1,13,data/processed/analysis/infectious_disease_dependency_register.csv,surveillance / detection,directed_local_record,observation/detection is not incidence or authority,information/detection interface,surveillance join,normalized_shared_class,"Surveillance or detection does not establish incidence, absence, transmission, or disease burden."
RN-RT-0130,RT-0130,supports_infection_control_coordination,relationship_type,1,13,data/processed/analysis/infectious_disease_dependency_register.csv,governance / authority,role_assignment,"role, mandate, or coordination relation; not automatic operational control",governance role/interface; no physical flow,governance role join,normalized_shared_class,"Governance, monitoring, funding, advice, ownership, and coordination remain distinct from operational control."
RN-RT-0131,RT-0131,supports_investigation_response,relationship_type,1,13,data/processed/analysis/infectious_disease_dependency_register.csv,operational dependency,directed_local_record,functional dependency/interface; direction is not automatically causation or risk,operational interface; no common flow unit,dependency join,normalized_shared_class,"Dependency is not risk, failure probability, control proof, or causal effect."
RN-RT-0132,RT-0132,supports_response_coordination,relationship_type,3,13,data/processed/analysis/infectious_disease_dependency_register.csv,governance / authority,role_assignment,"role, mandate, or coordination relation; not automatic operational control",governance role/interface; no physical flow,governance role join,normalized_shared_class,"Governance, monitoring, funding, advice, ownership, and coordination remain distinct from operational control."
RN-RT-0133,RT-0133,supports_service_continuity,relationship_type,1,13,data/processed/analysis/infectious_disease_dependency_register.csv,operational dependency,directed_local_record,functional dependency/interface; direction is not automatically causation or risk,operational interface; no common flow unit,dependency join,normalized_shared_class,"Dependency is not risk, failure probability, control proof, or causal effect."
RN-RT-0134,RT-0134,ecological mediator,dependency_type,4,13,data/processed/networks/infectious_disease_dependency_edges.csv,ecological relationship,directed_local_record,ecological function/interface; not deterministic causation or disease,ecological process/interface; not abundance or disease flow,ecological join,normalized_shared_class,"Ecological relationships retain native scale and do not imply abundance, establishment, contact, infection, or risk."
RN-RT-0135,RT-0135,environmental driver,dependency_type,3,13,data/processed/networks/infectious_disease_dependency_edges.csv,ecological relationship,directed_local_record,environmental context is not deterministic causation,environmental/ecological context; not physical flow,context join,normalized_shared_class,"Environmental driver terminology is retained as contextual relationship semantics, not a mapped physical flow."
RN-RT-0136,RT-0136,food/freight interface,dependency_type,3,13,data/processed/networks/infectious_disease_dependency_edges.csv,material flow,directed_local_record,documented or inferred material/logistics relation; not causal quantity,material/logistics interface; route and quantity remain local,material-flow join,normalized_shared_class,"Material or freight relationships do not imply shipment quantity, exact route, capacity, or continuous flow."
RN-RT-0137,RT-0137,healthcare interface,dependency_type,2,13,data/processed/networks/infectious_disease_dependency_edges.csv,operational dependency,directed_local_record,functional dependency/interface; direction is not automatically causation or risk,operational interface; no common flow unit,dependency join,normalized_shared_class,"Dependency is not risk, failure probability, control proof, or causal effect."
RN-RT-0138,RT-0138,infrastructure dependency,dependency_type,2,13,data/processed/networks/infectious_disease_dependency_edges.csv,operational dependency,directed_local_record,functional dependency/interface; direction is not automatically causation or risk,operational interface; no common flow unit,dependency join,normalized_shared_class,"Dependency is not risk, failure probability, control proof, or causal effect."
RN-RT-0139,RT-0139,institutional response dependency,dependency_type,5,13,data/processed/networks/infectious_disease_dependency_edges.csv,operational dependency,directed_local_record,functional dependency/interface; direction is not automatically causation or risk,operational interface; no common flow unit,dependency join,normalized_shared_class,"Dependency is not risk, failure probability, control proof, or causal effect."
RN-RT-0140,RT-0140,mobility interface,dependency_type,1,13,data/processed/networks/infectious_disease_dependency_edges.csv,population / mobility interface,directed_local_record,aggregate population or mobility relation; not individual movement or transmission,population/mobility interface; not transmission,population-interface join,normalized_shared_class,"Mobility is not migration, individual movement, transmission, or disease risk."
RN-RT-0141,RT-0141,population/contact interface,dependency_type,6,13,data/processed/networks/infectious_disease_dependency_edges.csv,population / mobility interface,directed_local_record,aggregate population or mobility relation; not individual movement or transmission,population/mobility interface; not transmission,population-interface join,normalized_shared_class,"Mobility is not migration, individual movement, transmission, or disease risk."
RN-RT-0142,RT-0142,surveillance dependency,dependency_type,10,13,data/processed/networks/infectious_disease_dependency_edges.csv,surveillance / detection,directed_local_record,observation/detection is not incidence or authority,information/detection interface,surveillance join,normalized_shared_class,"Surveillance or detection does not establish incidence, absence, transmission, or disease burden."
RN-RT-0143,RT-0143,complements_detection,relationship_type,1,13,data/processed/networks/infectious_disease_dependency_edges.csv,surveillance / detection,directed_local_record,observation/detection is not incidence or authority,information/detection interface,surveillance join,normalized_shared_class,"Surveillance or detection does not establish incidence, absence, transmission, or disease burden."
RN-RT-0144,RT-0144,conditions_exposure_opportunity,relationship_type,1,13,data/processed/networks/infectious_disease_dependency_edges.csv,exposure pathway,directed_local_record,"potential pathway or contact interface; not dose, illness, or risk",exposure/context interface; not confirmed exposure,exposure-interface join,normalized_shared_class,"Exposure pathway is not documented exposure, dose, illness, or a risk score."
RN-RT-0145,RT-0145,connects_contact_opportunity,relationship_type,1,13,data/processed/networks/infectious_disease_dependency_edges.csv,exposure pathway,directed_local_record,"potential pathway or contact interface; not dose, illness, or risk",exposure/context interface; not confirmed exposure,exposure-interface join,normalized_shared_class,"Exposure pathway is not documented exposure, dose, illness, or a risk score."
RN-RT-0146,RT-0146,connects_distribution,relationship_type,1,13,data/processed/networks/infectious_disease_dependency_edges.csv,unresolved / unclassified,unspecified_or_associative,not interpreted as causal,no flow semantics,source-local only,unresolved_term,No defensible shared class is asserted; retain the local term and source lineage for later review.
RN-RT-0147,RT-0147,connects_food_system,relationship_type,1,13,data/processed/networks/infectious_disease_dependency_edges.csv,material flow,directed_local_record,documented or inferred material/logistics relation; not causal quantity,material/logistics interface; route and quantity remain local,material-flow join,normalized_shared_class,"Material or freight relationships do not imply shipment quantity, exact route, capacity, or continuous flow."
RN-RT-0148,RT-0148,creates_habitat_opportunity,relationship_type,1,13,data/processed/networks/infectious_disease_dependency_edges.csv,ecological relationship,directed_local_record,ecological function/interface; not deterministic causation or disease,ecological process/interface; not abundance or disease flow,ecological join,normalized_shared_class,"Ecological relationships retain native scale and do not imply abundance, establishment, contact, infection, or risk."
RN-RT-0149,RT-0149,creates_propagation_opportunity,relationship_type,1,13,data/processed/networks/infectious_disease_dependency_edges.csv,high-level association,unspecified_or_associative,association or context only; causation is not asserted,no flow semantics,context-only join,retained_local_semantics,"Generic association remains local and must not be upgraded to dependency, causation, or risk."
RN-RT-0150,RT-0150,depends_on_system_condition,relationship_type,1,13,data/processed/networks/infectious_disease_dependency_edges.csv,ecological relationship,directed_local_record,ecological function/interface; not deterministic causation or disease,ecological process/interface; not abundance or disease flow,ecological join,normalized_shared_class,"Ecological relationships retain native scale and do not imply abundance, establishment, contact, infection, or risk."
RN-RT-0151,RT-0151,disrupts_or_connects_pathway,relationship_type,1,13,data/processed/networks/infectious_disease_dependency_edges.csv,exposure pathway,directed_local_record,"potential pathway or contact interface; not dose, illness, or risk",exposure/context interface; not confirmed exposure,exposure-interface join,normalized_shared_class,"Exposure pathway is not documented exposure, dose, illness, or a risk score."
RN-RT-0152,RT-0152,feeds_observation,relationship_type,1,13,data/processed/networks/infectious_disease_dependency_edges.csv,information / observation,directed_local_record,documented observation or information relation; not causal by itself,information signal or observation; not physical flow,information join,normalized_shared_class,"Observation, reporting, and decision support are not authority, control, or incidence."
RN-RT-0153,RT-0153,frames_animal_human_opportunity,relationship_type,1,13,data/processed/networks/infectious_disease_dependency_edges.csv,high-level association,unspecified_or_associative,association or context only; causation is not asserted,no flow semantics,context-only join,retained_local_semantics,"Generic association remains local and must not be upgraded to dependency, causation, or risk."
RN-RT-0154,RT-0154,frames_care_detection_interface,relationship_type,1,13,data/processed/networks/infectious_disease_dependency_edges.csv,surveillance / detection,directed_local_record,observation/detection is not incidence or authority,information/detection interface,surveillance join,normalized_shared_class,"Surveillance or detection does not establish incidence, absence, transmission, or disease burden."
RN-RT-0155,RT-0155,frames_contact_opportunity,relationship_type,2,13,data/processed/networks/infectious_disease_dependency_edges.csv,exposure pathway,directed_local_record,"potential pathway or contact interface; not dose, illness, or risk",exposure/context interface; not confirmed exposure,exposure-interface join,normalized_shared_class,"Exposure pathway is not documented exposure, dose, illness, or a risk score."
RN-RT-0156,RT-0156,frames_exposure_opportunity,relationship_type,1,13,data/processed/networks/infectious_disease_dependency_edges.csv,exposure pathway,directed_local_record,"potential pathway or contact interface; not dose, illness, or risk",exposure/context interface; not confirmed exposure,exposure-interface join,normalized_shared_class,"Exposure pathway is not documented exposure, dose, illness, or a risk score."
RN-RT-0157,RT-0157,frames_resistance_detection_interface,relationship_type,1,13,data/processed/networks/infectious_disease_dependency_edges.csv,surveillance / detection,directed_local_record,observation/detection is not incidence or authority,information/detection interface,surveillance join,normalized_shared_class,"Surveillance or detection does not establish incidence, absence, transmission, or disease burden."
RN-RT-0158,RT-0158,frames_seasonality,relationship_type,1,13,data/processed/networks/infectious_disease_dependency_edges.csv,high-level association,unspecified_or_associative,association or context only; causation is not asserted,no flow semantics,context-only join,retained_local_semantics,"Generic association remains local and must not be upgraded to dependency, causation, or risk."
RN-RT-0159,RT-0159,frames_transmission_opportunity,relationship_type,2,13,data/processed/networks/infectious_disease_dependency_edges.csv,high-level association,unspecified_or_associative,association or context only; causation is not asserted,no flow semantics,context-only join,retained_local_semantics,"Generic association remains local and must not be upgraded to dependency, causation, or risk."
RN-RT-0160,RT-0160,is_observed_by,relationship_type,5,13,data/processed/networks/infectious_disease_dependency_edges.csv,information / observation,directed_local_record,documented observation or information relation; not causal by itself,information signal or observation; not physical flow,information join,normalized_shared_class,"Observation, reporting, and decision support are not authority, control, or incidence."
RN-RT-0161,RT-0161,mediates_host_habitat,relationship_type,1,13,data/processed/networks/infectious_disease_dependency_edges.csv,ecological relationship,directed_local_record,ecological function/interface; not deterministic causation or disease,ecological process/interface; not abundance or disease flow,ecological join,normalized_shared_class,"Ecological relationships retain native scale and do not imply abundance, establishment, contact, infection, or risk."
RN-RT-0162,RT-0162,mediates_host_interface,relationship_type,1,13,data/processed/networks/infectious_disease_dependency_edges.csv,ecological relationship,directed_local_record,ecological function/interface; not deterministic causation or disease,ecological process/interface; not abundance or disease flow,ecological join,normalized_shared_class,"Ecological relationships retain native scale and do not imply abundance, establishment, contact, infection, or risk."
RN-RT-0163,RT-0163,structures_contact_opportunity,relationship_type,1,13,data/processed/networks/infectious_disease_dependency_edges.csv,exposure pathway,directed_local_record,"potential pathway or contact interface; not dose, illness, or risk",exposure/context interface; not confirmed exposure,exposure-interface join,normalized_shared_class,"Exposure pathway is not documented exposure, dose, illness, or a risk score."
RN-RT-0164,RT-0164,supplies_animal_observations,relationship_type,1,13,data/processed/networks/infectious_disease_dependency_edges.csv,information / observation,directed_local_record,documented observation or information relation; not causal by itself,information signal or observation; not physical flow,information join,normalized_shared_class,"Observation, reporting, and decision support are not authority, control, or incidence."
RN-RT-0165,RT-0165,supplies_case_observation,relationship_type,1,13,data/processed/networks/infectious_disease_dependency_edges.csv,information / observation,directed_local_record,documented observation or information relation; not causal by itself,information signal or observation; not physical flow,information join,normalized_shared_class,"Observation, reporting, and decision support are not authority, control, or incidence."
RN-RT-0166,RT-0166,supplies_surveillance_data,relationship_type,1,13,data/processed/networks/infectious_disease_dependency_edges.csv,surveillance / detection,directed_local_record,observation/detection is not incidence or authority,information/detection interface,surveillance join,normalized_shared_class,"Surveillance or detection does not establish incidence, absence, transmission, or disease burden."
RN-RT-0167,RT-0167,supports_infection_control_coordination,relationship_type,1,13,data/processed/networks/infectious_disease_dependency_edges.csv,governance / authority,role_assignment,"role, mandate, or coordination relation; not automatic operational control",governance role/interface; no physical flow,governance role join,normalized_shared_class,"Governance, monitoring, funding, advice, ownership, and coordination remain distinct from operational control."
RN-RT-0168,RT-0168,supports_investigation_response,relationship_type,1,13,data/processed/networks/infectious_disease_dependency_edges.csv,operational dependency,directed_local_record,functional dependency/interface; direction is not automatically causation or risk,operational interface; no common flow unit,dependency join,normalized_shared_class,"Dependency is not risk, failure probability, control proof, or causal effect."
RN-RT-0169,RT-0169,supports_response_coordination,relationship_type,3,13,data/processed/networks/infectious_disease_dependency_edges.csv,governance / authority,role_assignment,"role, mandate, or coordination relation; not automatic operational control",governance role/interface; no physical flow,governance role join,normalized_shared_class,"Governance, monitoring, funding, advice, ownership, and coordination remain distinct from operational control."
RN-RT-0170,RT-0170,supports_service_continuity,relationship_type,1,13,data/processed/networks/infectious_disease_dependency_edges.csv,operational dependency,directed_local_record,functional dependency/interface; direction is not automatically causation or risk,operational interface; no common flow unit,dependency join,normalized_shared_class,"Dependency is not risk, failure probability, control proof, or causal effect."
RN-RT-0171,RT-0171,active_surveillance_context,relationship_type,3,13,data/processed/networks/infectious_disease_transmission_relationships.csv,surveillance / detection,directed_local_record,observation/detection is not incidence or authority,information/detection interface,surveillance join,normalized_shared_class,"Surveillance or detection does not establish incidence, absence, transmission, or disease burden."
RN-RT-0172,RT-0172,animal_human_interface,relationship_type,1,13,data/processed/networks/infectious_disease_transmission_relationships.csv,operational dependency,directed_local_record,functional dependency/interface; direction is not automatically causation or risk,operational interface; no common flow unit,dependency join,normalized_shared_class,"Dependency is not risk, failure probability, control proof, or causal effect."
RN-RT-0173,RT-0173,animal_response_observed_by,relationship_type,1,13,data/processed/networks/infectious_disease_transmission_relationships.csv,information / observation,directed_local_record,documented observation or information relation; not causal by itself,information signal or observation; not physical flow,information join,normalized_shared_class,"Observation, reporting, and decision support are not authority, control, or incidence."
RN-RT-0174,RT-0174,community_interface,relationship_type,2,13,data/processed/networks/infectious_disease_transmission_relationships.csv,operational dependency,directed_local_record,functional dependency/interface; direction is not automatically causation or risk,operational interface; no common flow unit,dependency join,normalized_shared_class,"Dependency is not risk, failure probability, control proof, or causal effect."
RN-RT-0175,RT-0175,environmental_context,relationship_type,1,13,data/processed/networks/infectious_disease_transmission_relationships.csv,unresolved / unclassified,unspecified_or_associative,not interpreted as causal,no flow semantics,source-local only,unresolved_term,No defensible shared class is asserted; retain the local term and source lineage for later review.
RN-RT-0176,RT-0176,environmental_interface,relationship_type,2,13,data/processed/networks/infectious_disease_transmission_relationships.csv,operational dependency,directed_local_record,functional dependency/interface; direction is not automatically causation or risk,operational interface; no common flow unit,dependency join,normalized_shared_class,"Dependency is not risk, failure probability, control proof, or causal effect."
RN-RT-0177,RT-0177,exposure_boundary_context,relationship_type,1,13,data/processed/networks/infectious_disease_transmission_relationships.csv,exposure pathway,directed_local_record,"potential pathway or contact interface; not dose, illness, or risk",exposure/context interface; not confirmed exposure,exposure-interface join,normalized_shared_class,"Exposure pathway is not documented exposure, dose, illness, or a risk score."
RN-RT-0178,RT-0178,exposure_context,relationship_type,1,13,data/processed/networks/infectious_disease_transmission_relationships.csv,exposure pathway,directed_local_record,"potential pathway or contact interface; not dose, illness, or risk",exposure/context interface; not confirmed exposure,exposure-interface join,normalized_shared_class,"Exposure pathway is not documented exposure, dose, illness, or a risk score."
RN-RT-0179,RT-0179,governance_context,relationship_type,1,13,data/processed/networks/infectious_disease_transmission_relationships.csv,unresolved / unclassified,unspecified_or_associative,not interpreted as causal,no flow semantics,source-local only,unresolved_term,No defensible shared class is asserted; retain the local term and source lineage for later review.
RN-RT-0180,RT-0180,informs_response,relationship_type,2,13,data/processed/networks/infectious_disease_transmission_relationships.csv,unresolved / unclassified,unspecified_or_associative,not interpreted as causal,no flow semantics,source-local only,unresolved_term,No defensible shared class is asserted; retain the local term and source lineage for later review.
RN-RT-0181,RT-0181,institutional_context,relationship_type,1,13,data/processed/networks/infectious_disease_transmission_relationships.csv,unresolved / unclassified,unspecified_or_associative,not interpreted as causal,no flow semantics,source-local only,unresolved_term,No defensible shared class is asserted; retain the local term and source lineage for later review.
RN-RT-0182,RT-0182,laboratory_context,relationship_type,1,13,data/processed/networks/infectious_disease_transmission_relationships.csv,surveillance / detection,directed_local_record,observation/detection is not incidence or authority,information/detection interface,surveillance join,normalized_shared_class,"Surveillance or detection does not establish incidence, absence, transmission, or disease burden."
RN-RT-0183,RT-0183,laboratory_surveillance,relationship_type,3,13,data/processed/networks/infectious_disease_transmission_relationships.csv,surveillance / detection,directed_local_record,observation/detection is not incidence or authority,information/detection interface,surveillance join,normalized_shared_class,"Surveillance or detection does not establish incidence, absence, transmission, or disease burden."
RN-RT-0184,RT-0184,noninfectious_boundary,relationship_type,1,13,data/processed/networks/infectious_disease_transmission_relationships.csv,high-level association,unspecified_or_associative,association or context only; causation is not asserted,no flow semantics,context-only join,retained_local_semantics,"Generic association remains local and must not be upgraded to dependency, causation, or risk."
RN-RT-0185,RT-0185,observation_context,relationship_type,1,13,data/processed/networks/infectious_disease_transmission_relationships.csv,information / observation,directed_local_record,documented observation or information relation; not causal by itself,information signal or observation; not physical flow,information join,normalized_shared_class,"Observation, reporting, and decision support are not authority, control, or incidence."
RN-RT-0186,RT-0186,observed_by,relationship_type,6,13,data/processed/networks/infectious_disease_transmission_relationships.csv,information / observation,directed_local_record,documented observation or information relation; not causal by itself,information signal or observation; not physical flow,information join,normalized_shared_class,"Observation, reporting, and decision support are not authority, control, or incidence."
RN-RT-0187,RT-0187,outbreak_observed_by,relationship_type,1,13,data/processed/networks/infectious_disease_transmission_relationships.csv,information / observation,directed_local_record,documented observation or information relation; not causal by itself,information signal or observation; not physical flow,information join,normalized_shared_class,"Observation, reporting, and decision support are not authority, control, or incidence."
RN-RT-0188,RT-0188,population_context,relationship_type,1,13,data/processed/networks/infectious_disease_transmission_relationships.csv,population / mobility interface,directed_local_record,aggregate population or mobility relation; not individual movement or transmission,population/mobility interface; not transmission,population-interface join,normalized_shared_class,"Mobility is not migration, individual movement, transmission, or disease risk."
RN-RT-0189,RT-0189,receives_environmental_observations,relationship_type,1,13,data/processed/networks/infectious_disease_transmission_relationships.csv,information / observation,directed_local_record,documented observation or information relation; not causal by itself,information signal or observation; not physical flow,information join,normalized_shared_class,"Observation, reporting, and decision support are not authority, control, or incidence."
RN-RT-0190,RT-0190,receives_laboratory_data,relationship_type,1,13,data/processed/networks/infectious_disease_transmission_relationships.csv,surveillance / detection,directed_local_record,observation/detection is not incidence or authority,information/detection interface,surveillance join,normalized_shared_class,"Surveillance or detection does not establish incidence, absence, transmission, or disease burden."
RN-RT-0191,RT-0191,receives_reports,relationship_type,1,13,data/processed/networks/infectious_disease_transmission_relationships.csv,information / observation,directed_local_record,documented observation or information relation; not causal by itself,information signal or observation; not physical flow,information join,normalized_shared_class,"Observation, reporting, and decision support are not authority, control, or incidence."
RN-RT-0192,RT-0192,receives_surveillance_data,relationship_type,1,13,data/processed/networks/infectious_disease_transmission_relationships.csv,surveillance / detection,directed_local_record,observation/detection is not incidence or authority,information/detection interface,surveillance join,normalized_shared_class,"Surveillance or detection does not establish incidence, absence, transmission, or disease burden."
RN-RT-0193,RT-0193,reported_through,relationship_type,3,13,data/processed/networks/infectious_disease_transmission_relationships.csv,information / observation,directed_local_record,documented observation or information relation; not causal by itself,information signal or observation; not physical flow,information join,normalized_shared_class,"Observation, reporting, and decision support are not authority, control, or incidence."
RN-RT-0194,RT-0194,seasonal_environment_context,relationship_type,1,13,data/processed/networks/infectious_disease_transmission_relationships.csv,unresolved / unclassified,unspecified_or_associative,not interpreted as causal,no flow semantics,source-local only,unresolved_term,No defensible shared class is asserted; retain the local term and source lineage for later review.
RN-RT-0195,RT-0195,vector_ecology_context,relationship_type,2,13,data/processed/networks/infectious_disease_transmission_relationships.csv,ecological relationship,directed_local_record,ecological function/interface; not deterministic causation or disease,ecological process/interface; not abundance or disease flow,ecological join,normalized_shared_class,"Ecological relationships retain native scale and do not imply abundance, establishment, contact, infection, or risk."
RN-RT-0196,RT-0196,connects_contact_opportunity,relationship_type,6,13,data/processed/scenarios/infectious_disease_dependency_states_scenario.csv,scenario influence,scenario_delta,scenario assumption/state; not observed causation,no flow semantics,scenario-only join,normalized_shared_class,Scenario term remains separate from baseline fact and forecast language.
RN-RT-0197,RT-0197,connects_food_system,relationship_type,6,13,data/processed/scenarios/infectious_disease_dependency_states_scenario.csv,scenario influence,scenario_delta,scenario assumption/state; not observed causation,no flow semantics,scenario-only join,normalized_shared_class,Scenario term remains separate from baseline fact and forecast language.
RN-RT-0198,RT-0198,frames_animal_human_opportunity,relationship_type,6,13,data/processed/scenarios/infectious_disease_dependency_states_scenario.csv,scenario influence,scenario_delta,scenario assumption/state; not observed causation,no flow semantics,scenario-only join,normalized_shared_class,Scenario term remains separate from baseline fact and forecast language.
RN-RT-0199,RT-0199,frames_exposure_opportunity,relationship_type,6,13,data/processed/scenarios/infectious_disease_dependency_states_scenario.csv,scenario influence,scenario_delta,scenario assumption/state; not observed causation,no flow semantics,scenario-only join,normalized_shared_class,Scenario term remains separate from baseline fact and forecast language.
RN-RT-0200,RT-0200,frames_transmission_opportunity,relationship_type,6,13,data/processed/scenarios/infectious_disease_dependency_states_scenario.csv,scenario influence,scenario_delta,scenario assumption/state; not observed causation,no flow semantics,scenario-only join,normalized_shared_class,Scenario term remains separate from baseline fact and forecast language.
RN-RT-0201,RT-0201,supports_service_continuity,relationship_type,6,13,data/processed/scenarios/infectious_disease_dependency_states_scenario.csv,scenario influence,scenario_delta,scenario assumption/state; not observed causation,no flow semantics,scenario-only join,normalized_shared_class,Scenario term remains separate from baseline fact and forecast language.
RN-RT-0202,RT-0202,communications,dependency_type,2,3,data/processed/networks/energy_dependency_edges.csv,information / observation,directed_local_record,information/control interface is not an energy flow,information/control interface,information join,normalized_shared_class,Energy control or communications terminology is not normalized as energy flow.
RN-RT-0203,RT-0203,cooling_water,dependency_type,6,3,data/processed/networks/energy_dependency_edges.csv,operational dependency,directed_local_record,functional energy dependency; not causal effect or risk,energy service dependency; not measured energy quantity,energy-dependency join,normalized_shared_class,Energy dependency is retained as an operational interface without numeric confidence or power-flow meaning.
RN-RT-0204,RT-0204,electricity,dependency_type,11,3,data/processed/networks/energy_dependency_edges.csv,operational dependency,directed_local_record,functional energy dependency; not causal effect or risk,energy service dependency; not measured energy quantity,energy-dependency join,normalized_shared_class,Energy dependency is retained as an operational interface without numeric confidence or power-flow meaning.
RN-RT-0205,RT-0205,fuel,dependency_type,4,3,data/processed/networks/energy_dependency_edges.csv,material flow,directed_local_record,fuel input relation is not a causal or capacity estimate,fuel/material input; not electricity flow,material-input join,normalized_shared_class,Fuel is retained as material input and is not collapsed into electricity or grid control.
RN-RT-0206,RT-0206,storage_support,dependency_type,2,3,data/processed/networks/energy_dependency_edges.csv,operational dependency,directed_local_record,functional energy dependency; not causal effect or risk,energy service dependency; not measured energy quantity,energy-dependency join,normalized_shared_class,Energy dependency is retained as an operational interface without numeric confidence or power-flow meaning.
RN-RT-0207,RT-0207,weather,dependency_type,3,3,data/processed/networks/energy_dependency_edges.csv,ecological relationship,directed_local_record,external physical context is not a causal estimate,physical context; not energy transfer,context join,normalized_shared_class,"Weather context is retained as an external physical interface, not an energy flow or risk claim."
RN-RT-0208,RT-0208,bidirectional_storage_interface,relationship_type,2,3,data/processed/networks/energy_system_edges.csv,energy flow,directed_local_record,energy-system interface is not a power-flow solution or causal risk estimate,energy generation/transmission/storage interface; not measured quantity,energy-system join,normalized_shared_class,"Energy interface classification does not add capacity, transfer, dispatch, outage, or feeder semantics."
RN-RT-0209,RT-0209,generation_grid_interface,relationship_type,9,3,data/processed/networks/energy_system_edges.csv,energy flow,directed_local_record,energy-system interface is not a power-flow solution or causal risk estimate,energy generation/transmission/storage interface; not measured quantity,energy-system join,normalized_shared_class,"Energy interface classification does not add capacity, transfer, dispatch, outage, or feeder semantics."
RN-RT-0210,RT-0210,grid_serves_load,relationship_type,4,3,data/processed/networks/energy_system_edges.csv,operational dependency,directed_local_record,functional energy dependency; not causal effect or risk,energy service dependency; not measured energy quantity,energy-dependency join,normalized_shared_class,Energy dependency is retained as an operational interface without numeric confidence or power-flow meaning.
RN-RT-0211,RT-0211,grid_serves_planned_compute,relationship_type,1,3,data/processed/networks/energy_system_edges.csv,operational dependency,directed_local_record,functional energy dependency; not causal effect or risk,energy service dependency; not measured energy quantity,energy-dependency join,normalized_shared_class,Energy dependency is retained as an operational interface without numeric confidence or power-flow meaning.
RN-RT-0212,RT-0212,regional_grid_interface,relationship_type,1,3,data/processed/networks/energy_system_edges.csv,energy flow,directed_local_record,energy-system interface is not a power-flow solution or causal risk estimate,energy generation/transmission/storage interface; not measured quantity,energy-system join,normalized_shared_class,"Energy interface classification does not add capacity, transfer, dispatch, outage, or feeder semantics."
RN-RT-0213,RT-0213,feeds,relationship_type,2,4,data/processed/networks/observation_system_edges.csv,information / observation,directed_local_record,documented observation or information relation; not causal by itself,information signal or observation; not physical flow,information join,normalized_shared_class,"Observation, reporting, and decision support are not authority, control, or incidence."
RN-RT-0214,RT-0214,observes,relationship_type,6,4,data/processed/networks/observation_system_edges.csv,information / observation,directed_local_record,documented observation or information relation; not causal by itself,information signal or observation; not physical flow,information join,normalized_shared_class,"Observation, reporting, and decision support are not authority, control, or incidence."
RN-RT-0215,RT-0215,operates,relationship_type,1,4,data/processed/networks/observation_system_edges.csv,unresolved / unclassified,unspecified_or_associative,not interpreted as causal,no flow semantics,source-local only,unresolved_term,No defensible shared class is asserted; retain the local term and source lineage for later review.
RN-RT-0216,RT-0216,publishes,relationship_type,4,4,data/processed/networks/observation_system_edges.csv,information / observation,directed_local_record,documented observation or information relation; not causal by itself,information signal or observation; not physical flow,information join,normalized_shared_class,"Observation, reporting, and decision support are not authority, control, or incidence."
RN-RT-0217,RT-0217,reports_to,relationship_type,1,4,data/processed/networks/observation_system_edges.csv,information / observation,directed_local_record,documented observation or information relation; not causal by itself,information signal or observation; not physical flow,information join,normalized_shared_class,"Observation, reporting, and decision support are not authority, control, or incidence."
RN-RT-0218,RT-0218,supports_decision,relationship_type,4,4,data/processed/networks/observation_system_edges.csv,information / observation,directed_local_record,documented observation or information relation; not causal by itself,information signal or observation; not physical flow,information join,normalized_shared_class,"Observation, reporting, and decision support are not authority, control, or incidence."
RN-RT-0219,RT-0219,used_by,relationship_type,3,4,data/processed/networks/observation_system_edges.csv,unresolved / unclassified,unspecified_or_associative,not interpreted as causal,no flow semantics,source-local only,unresolved_term,No defensible shared class is asserted; retain the local term and source lineage for later review.
RN-RT-0220,RT-0220,feeds,relationship_type,6,4,data/processed/scenarios/information_edges_scenario.csv,scenario influence,scenario_delta,scenario assumption/state; not observed causation,no flow semantics,scenario-only join,normalized_shared_class,Scenario term remains separate from baseline fact and forecast language.
RN-RT-0221,RT-0221,supports_decision,relationship_type,30,4,data/processed/scenarios/information_edges_scenario.csv,scenario influence,scenario_delta,scenario assumption/state; not observed causation,no flow semantics,scenario-only join,normalized_shared_class,Scenario term remains separate from baseline fact and forecast language.
RN-RT-0222,RT-0222,used_by,relationship_type,12,4,data/processed/scenarios/information_edges_scenario.csv,scenario influence,scenario_delta,scenario assumption/state; not observed causation,no flow semantics,scenario-only join,normalized_shared_class,Scenario term remains separate from baseline fact and forecast language.
RN-RT-0223,RT-0223,external_market_dependency,dependency_type,8,5,data/processed/networks/freight_dependency_edges.csv,operational dependency,directed_local_record,functional dependency/interface; direction is not automatically causation or risk,operational interface; no common flow unit,dependency join,normalized_shared_class,"Dependency is not risk, failure probability, control proof, or causal effect."
RN-RT-0224,RT-0224,fuel_logistics_dependency,dependency_type,1,5,data/processed/networks/freight_dependency_edges.csv,material flow,directed_local_record,documented or inferred material/logistics relation; not causal quantity,material/logistics interface; route and quantity remain local,material-flow join,normalized_shared_class,"Material or freight relationships do not imply shipment quantity, exact route, capacity, or continuous flow."
RN-RT-0225,RT-0225,highway_dependency,dependency_type,3,5,data/processed/networks/freight_dependency_edges.csv,operational dependency,directed_local_record,functional dependency/interface; direction is not automatically causation or risk,operational interface; no common flow unit,dependency join,normalized_shared_class,"Dependency is not risk, failure probability, control proof, or causal effect."
RN-RT-0226,RT-0226,interchange_dependency,dependency_type,4,5,data/processed/networks/freight_dependency_edges.csv,material flow,directed_local_record,documented or inferred material/logistics relation; not causal quantity,material/logistics interface; route and quantity remain local,material-flow join,normalized_shared_class,"Material or freight relationships do not imply shipment quantity, exact route, capacity, or continuous flow."
RN-RT-0227,RT-0227,marine_gateway_dependency,dependency_type,1,5,data/processed/networks/freight_dependency_edges.csv,operational dependency,directed_local_record,functional dependency/interface; direction is not automatically causation or risk,operational interface; no common flow unit,dependency join,normalized_shared_class,"Dependency is not risk, failure probability, control proof, or causal effect."
RN-RT-0228,RT-0228,rail_dependency,dependency_type,3,5,data/processed/networks/freight_dependency_edges.csv,operational dependency,directed_local_record,functional dependency/interface; direction is not automatically causation or risk,operational interface; no common flow unit,dependency join,normalized_shared_class,"Dependency is not risk, failure probability, control proof, or causal effect."
RN-RT-0229,RT-0229,connectivity_dependency,dependency_type,2,6,data/processed/networks/ecology_dependency_edges.csv,ecological relationship,directed_local_record,ecological function/interface; not deterministic causation or disease,ecological process/interface; not abundance or disease flow,ecological join,normalized_shared_class,"Ecological function, movement, and habitat context retain native scale and do not imply abundance, disease, or risk."
RN-RT-0230,RT-0230,food_web_dependency,dependency_type,1,6,data/processed/networks/ecology_dependency_edges.csv,ecological relationship,directed_local_record,ecological function/interface; not deterministic causation or disease,ecological process/interface; not abundance or disease flow,ecological join,normalized_shared_class,"Ecological function, movement, and habitat context retain native scale and do not imply abundance, disease, or risk."
RN-RT-0231,RT-0231,habitat_dependency,dependency_type,3,6,data/processed/networks/ecology_dependency_edges.csv,ecological relationship,directed_local_record,ecological function/interface; not deterministic causation or disease,ecological process/interface; not abundance or disease flow,ecological join,normalized_shared_class,"Ecological relationships retain native scale and do not imply abundance, establishment, contact, infection, or risk."
RN-RT-0232,RT-0232,hydrologic_dependency,dependency_type,2,6,data/processed/networks/ecology_dependency_edges.csv,physical flow,directed_source_to_target,physical relationship retained without effect-size or causal estimate,physical/hydrologic direction; geometry and quantity remain local,physical-flow join,normalized_shared_class,"Physical direction does not add common units, effect size, or risk meaning."
RN-RT-0233,RT-0233,landscape_dependency,dependency_type,3,6,data/processed/networks/ecology_dependency_edges.csv,ecological relationship,directed_local_record,ecological function/interface; not deterministic causation or disease,ecological process/interface; not abundance or disease flow,ecological join,normalized_shared_class,"Ecological relationships retain native scale and do not imply abundance, establishment, contact, infection, or risk."
RN-RT-0234,RT-0234,migration_dependency,dependency_type,2,6,data/processed/networks/ecology_dependency_edges.csv,ecological relationship,directed_local_record,ecological function/interface; not deterministic causation or disease,ecological process/interface; not abundance or disease flow,ecological join,normalized_shared_class,"Ecological function, movement, and habitat context retain native scale and do not imply abundance, disease, or risk."
RN-RT-0235,RT-0235,nutrient_condition_dependency,dependency_type,1,6,data/processed/networks/ecology_dependency_edges.csv,ecological relationship,directed_local_record,ecological function/interface; not deterministic causation or disease,ecological process/interface; not abundance or disease flow,ecological join,normalized_shared_class,"Ecological relationships retain native scale and do not imply abundance, establishment, contact, infection, or risk."
RN-RT-0236,RT-0236,protected_area_dependency,dependency_type,1,6,data/processed/networks/ecology_dependency_edges.csv,ecological relationship,directed_local_record,ecological function/interface; not deterministic causation or disease,ecological process/interface; not abundance or disease flow,ecological join,normalized_shared_class,"Ecological function, movement, and habitat context retain native scale and do not imply abundance, disease, or risk."
RN-RT-0237,RT-0237,restoration_dependency,dependency_type,1,6,data/processed/networks/ecology_dependency_edges.csv,ecological relationship,directed_local_record,ecological function/interface; not deterministic causation or disease,ecological process/interface; not abundance or disease flow,ecological join,normalized_shared_class,"Ecological function, movement, and habitat context retain native scale and do not imply abundance, disease, or risk."
RN-RT-0238,RT-0238,riparian_dependency,dependency_type,1,6,data/processed/networks/ecology_dependency_edges.csv,ecological relationship,directed_local_record,ecological function/interface; not deterministic causation or disease,ecological process/interface; not abundance or disease flow,ecological join,normalized_shared_class,"Ecological function, movement, and habitat context retain native scale and do not imply abundance, disease, or risk."
RN-RT-0239,RT-0239,wetland_dependency,dependency_type,1,6,data/processed/networks/ecology_dependency_edges.csv,ecological relationship,directed_local_record,ecological function/interface; not deterministic causation or disease,ecological process/interface; not abundance or disease flow,ecological join,normalized_shared_class,"Ecological relationships retain native scale and do not imply abundance, establishment, contact, infection, or risk."
RN-RT-0240,RT-0240,ecological_condition_interface,relationship_type,2,6,data/processed/networks/ecology_system_edges.csv,ecological relationship,directed_local_record,ecological function/interface; not deterministic causation or disease,ecological process/interface; not abundance or disease flow,ecological join,normalized_shared_class,"Ecological function, movement, and habitat context retain native scale and do not imply abundance, disease, or risk."
RN-RT-0241,RT-0241,fragmented_by,relationship_type,1,6,data/processed/networks/ecology_system_edges.csv,unresolved / unclassified,unspecified_or_associative,not interpreted as causal,no flow semantics,source-local only,unresolved_term,No defensible shared class is asserted; retain the local term and source lineage for later review.
RN-RT-0242,RT-0242,habitat_connected,relationship_type,4,6,data/processed/networks/ecology_system_edges.csv,ecological relationship,directed_local_record,ecological function/interface; not deterministic causation or disease,ecological process/interface; not abundance or disease flow,ecological join,normalized_shared_class,"Ecological relationships retain native scale and do not imply abundance, establishment, contact, infection, or risk."
RN-RT-0243,RT-0243,hydrologically_connected,relationship_type,2,6,data/processed/networks/ecology_system_edges.csv,physical flow,directed_source_to_target,physical relationship retained without effect-size or causal estimate,physical/hydrologic direction; geometry and quantity remain local,physical-flow join,normalized_shared_class,"Physical direction does not add common units, effect size, or risk meaning."
RN-RT-0244,RT-0244,migration_link,relationship_type,4,6,data/processed/networks/ecology_system_edges.csv,ecological relationship,directed_local_record,ecological function/interface; not deterministic causation or disease,ecological process/interface; not abundance or disease flow,ecological join,normalized_shared_class,"Ecological function, movement, and habitat context retain native scale and do not imply abundance, disease, or risk."
RN-RT-0245,RT-0245,nutrient_condition_interface,relationship_type,1,6,data/processed/networks/ecology_system_edges.csv,ecological relationship,directed_local_record,ecological function/interface; not deterministic causation or disease,ecological process/interface; not abundance or disease flow,ecological join,normalized_shared_class,"Ecological relationships retain native scale and do not imply abundance, establishment, contact, infection, or risk."
RN-RT-0246,RT-0246,riparian_connection,relationship_type,1,6,data/processed/networks/ecology_system_edges.csv,ecological relationship,directed_local_record,ecological function/interface; not deterministic causation or disease,ecological process/interface; not abundance or disease flow,ecological join,normalized_shared_class,"Ecological function, movement, and habitat context retain native scale and do not imply abundance, disease, or risk."
RN-RT-0247,RT-0247,spawning_connection,relationship_type,1,6,data/processed/networks/ecology_system_edges.csv,unresolved / unclassified,unspecified_or_associative,not interpreted as causal,no flow semantics,source-local only,unresolved_term,No defensible shared class is asserted; retain the local term and source lineage for later review.
RN-RT-0248,RT-0248,terrestrial_interface,relationship_type,1,6,data/processed/networks/ecology_system_edges.csv,ecological relationship,directed_local_record,ecological function/interface; not deterministic causation or disease,ecological process/interface; not abundance or disease flow,ecological join,normalized_shared_class,"Ecological function, movement, and habitat context retain native scale and do not imply abundance, disease, or risk."
RN-RT-0249,RT-0249,wetland_interface,relationship_type,3,6,data/processed/networks/ecology_system_edges.csv,ecological relationship,directed_local_record,ecological function/interface; not deterministic causation or disease,ecological process/interface; not abundance or disease flow,ecological join,normalized_shared_class,"Ecological relationships retain native scale and do not imply abundance, establishment, contact, infection, or risk."
RN-RT-0250,RT-0250,classifies_county_status,relationship_type,1,6,data/processed/networks/vector_ecology_edges.csv,unresolved / unclassified,unspecified_or_associative,not interpreted as causal,no flow semantics,source-local only,unresolved_term,No defensible shared class is asserted; retain the local term and source lineage for later review.
RN-RT-0251,RT-0251,generalized_habitat_interface,relationship_type,1,6,data/processed/networks/vector_ecology_edges.csv,ecological relationship,directed_local_record,ecological function/interface; not deterministic causation or disease,ecological process/interface; not abundance or disease flow,ecological join,normalized_shared_class,"Ecological relationships retain native scale and do not imply abundance, establishment, contact, infection, or risk."
RN-RT-0252,RT-0252,habitat_opportunity,relationship_type,1,6,data/processed/networks/vector_ecology_edges.csv,ecological relationship,directed_local_record,ecological function/interface; not deterministic causation or disease,ecological process/interface; not abundance or disease flow,ecological join,normalized_shared_class,"Ecological relationships retain native scale and do not imply abundance, establishment, contact, infection, or risk."
RN-RT-0253,RT-0253,host_association,relationship_type,2,6,data/processed/networks/vector_ecology_edges.csv,ecological relationship,directed_local_record,ecological function/interface; not deterministic causation or disease,ecological process/interface; not abundance or disease flow,ecological join,normalized_shared_class,"Ecological relationships retain native scale and do not imply abundance, establishment, contact, infection, or risk."
RN-RT-0254,RT-0254,host_seeking_interface,relationship_type,1,6,data/processed/networks/vector_ecology_edges.csv,ecological relationship,directed_local_record,ecological function/interface; not deterministic causation or disease,ecological process/interface; not abundance or disease flow,ecological join,normalized_shared_class,"Ecological relationships retain native scale and do not imply abundance, establishment, contact, infection, or risk."
RN-RT-0255,RT-0255,hydrologic_context,relationship_type,1,6,data/processed/networks/vector_ecology_edges.csv,physical flow,directed_source_to_target,physical relationship retained without effect-size or causal estimate,physical/hydrologic direction; geometry and quantity remain local,physical-flow join,normalized_shared_class,"Physical direction does not add common units, effect size, or risk meaning."
RN-RT-0256,RT-0256,keeps_pathogen_streams_separate,relationship_type,1,6,data/processed/networks/vector_ecology_edges.csv,unresolved / unclassified,unspecified_or_associative,not interpreted as causal,no flow semantics,source-local only,unresolved_term,No defensible shared class is asserted; retain the local term and source lineage for later review.
RN-RT-0257,RT-0257,lifecycle_context,relationship_type,1,6,data/processed/networks/vector_ecology_edges.csv,unresolved / unclassified,unspecified_or_associative,not interpreted as causal,no flow semantics,source-local only,unresolved_term,No defensible shared class is asserted; retain the local term and source lineage for later review.
RN-RT-0258,RT-0258,pathogen_context,relationship_type,1,6,data/processed/networks/vector_ecology_edges.csv,unresolved / unclassified,unspecified_or_associative,not interpreted as causal,no flow semantics,source-local only,unresolved_term,No defensible shared class is asserted; retain the local term and source lineage for later review.
RN-RT-0259,RT-0259,seasonal_activity,relationship_type,2,6,data/processed/networks/vector_ecology_edges.csv,unresolved / unclassified,unspecified_or_associative,not interpreted as causal,no flow semantics,source-local only,unresolved_term,No defensible shared class is asserted; retain the local term and source lineage for later review.
RN-RT-0260,RT-0260,seasonal_development,relationship_type,2,6,data/processed/networks/vector_ecology_edges.csv,ecological relationship,directed_local_record,ecological function/interface; not deterministic causation or disease,ecological process/interface; not abundance or disease flow,ecological join,normalized_shared_class,"Ecological relationships retain native scale and do not imply abundance, establishment, contact, infection, or risk."
RN-RT-0261,RT-0261,seasonal_program_timing,relationship_type,1,6,data/processed/networks/vector_ecology_edges.csv,unresolved / unclassified,unspecified_or_associative,not interpreted as causal,no flow semantics,source-local only,unresolved_term,No defensible shared class is asserted; retain the local term and source lineage for later review.
RN-RT-0262,RT-0262,surveillance_target_context,relationship_type,1,6,data/processed/networks/vector_ecology_edges.csv,surveillance / detection,directed_local_record,observation/detection is not incidence or authority,information/detection interface,surveillance join,normalized_shared_class,"Surveillance or detection does not establish incidence, absence, transmission, or disease burden."
RN-RT-0263,RT-0263,tests_pathogens_in_ticks,relationship_type,1,6,data/processed/networks/vector_ecology_edges.csv,unresolved / unclassified,unspecified_or_associative,not interpreted as causal,no flow semantics,source-local only,unresolved_term,No defensible shared class is asserted; retain the local term and source lineage for later review.
RN-RT-0264,RT-0264,tests_vector_pools,relationship_type,3,6,data/processed/networks/vector_ecology_edges.csv,ecological relationship,directed_local_record,ecological function/interface; not deterministic causation or disease,ecological process/interface; not abundance or disease flow,ecological join,normalized_shared_class,"Ecological relationships retain native scale and do not imply abundance, establishment, contact, infection, or risk."
RN-RT-0265,RT-0265,uses_habitat,relationship_type,6,6,data/processed/networks/vector_ecology_edges.csv,ecological relationship,directed_local_record,ecological function/interface; not deterministic causation or disease,ecological process/interface; not abundance or disease flow,ecological join,normalized_shared_class,"Ecological relationships retain native scale and do not imply abundance, establishment, contact, infection, or risk."
RN-RT-0266,RT-0266,qualitative_interface,relationship_type,30,6,data/processed/scenarios/ecology_edges_scenario.csv,scenario influence,scenario_delta,scenario assumption/state; not observed causation,no flow semantics,scenario-only join,normalized_shared_class,Scenario term remains separate from baseline fact and forecast language.
RN-RT-0267,RT-0267,case_transmission_boundary,relationship_type,6,6,data/processed/scenarios/vector_ecology_dependency_states_scenario.csv,scenario influence,scenario_delta,scenario assumption/state; not observed causation,no flow semantics,scenario-only join,normalized_shared_class,Scenario term remains separate from baseline fact and forecast language.
RN-RT-0268,RT-0268,container_habitat,relationship_type,12,6,data/processed/scenarios/vector_ecology_dependency_states_scenario.csv,scenario influence,scenario_delta,scenario assumption/state; not observed causation,no flow semantics,scenario-only join,normalized_shared_class,Scenario term remains separate from baseline fact and forecast language.
RN-RT-0269,RT-0269,detection_interface,relationship_type,12,6,data/processed/scenarios/vector_ecology_dependency_states_scenario.csv,scenario influence,scenario_delta,scenario assumption/state; not observed causation,no flow semantics,scenario-only join,normalized_shared_class,Scenario term remains separate from baseline fact and forecast language.
RN-RT-0270,RT-0270,effort_detection_boundary,relationship_type,6,6,data/processed/scenarios/vector_ecology_dependency_states_scenario.csv,scenario influence,scenario_delta,scenario assumption/state; not observed causation,no flow semantics,scenario-only join,normalized_shared_class,Scenario term remains separate from baseline fact and forecast language.
RN-RT-0271,RT-0271,environmental_driver,relationship_type,12,6,data/processed/scenarios/vector_ecology_dependency_states_scenario.csv,scenario influence,scenario_delta,scenario assumption/state; not observed causation,no flow semantics,scenario-only join,normalized_shared_class,Scenario term remains separate from baseline fact and forecast language.
RN-RT-0272,RT-0272,habitat_association,relationship_type,6,6,data/processed/scenarios/vector_ecology_dependency_states_scenario.csv,scenario influence,scenario_delta,scenario assumption/state; not observed causation,no flow semantics,scenario-only join,normalized_shared_class,Scenario term remains separate from baseline fact and forecast language.
RN-RT-0273,RT-0273,habitat_interface,relationship_type,12,6,data/processed/scenarios/vector_ecology_dependency_states_scenario.csv,scenario influence,scenario_delta,scenario assumption/state; not observed causation,no flow semantics,scenario-only join,normalized_shared_class,Scenario term remains separate from baseline fact and forecast language.
RN-RT-0274,RT-0274,habitat_opportunity,relationship_type,6,6,data/processed/scenarios/vector_ecology_dependency_states_scenario.csv,scenario influence,scenario_delta,scenario assumption/state; not observed causation,no flow semantics,scenario-only join,normalized_shared_class,Scenario term remains separate from baseline fact and forecast language.
RN-RT-0275,RT-0275,health_boundary,relationship_type,6,6,data/processed/scenarios/vector_ecology_dependency_states_scenario.csv,scenario influence,scenario_delta,scenario assumption/state; not observed causation,no flow semantics,scenario-only join,normalized_shared_class,Scenario term remains separate from baseline fact and forecast language.
RN-RT-0276,RT-0276,hold_preservation,relationship_type,6,6,data/processed/scenarios/vector_ecology_dependency_states_scenario.csv,scenario influence,scenario_delta,scenario assumption/state; not observed causation,no flow semantics,scenario-only join,normalized_shared_class,Scenario term remains separate from baseline fact and forecast language.
RN-RT-0277,RT-0277,host_association,relationship_type,12,6,data/processed/scenarios/vector_ecology_dependency_states_scenario.csv,scenario influence,scenario_delta,scenario assumption/state; not observed causation,no flow semantics,scenario-only join,normalized_shared_class,Scenario term remains separate from baseline fact and forecast language.
RN-RT-0278,RT-0278,information_to_decision,relationship_type,6,6,data/processed/scenarios/vector_ecology_dependency_states_scenario.csv,scenario influence,scenario_delta,scenario assumption/state; not observed causation,no flow semantics,scenario-only join,normalized_shared_class,Scenario term remains separate from baseline fact and forecast language.
RN-RT-0279,RT-0279,monitoring_control_boundary,relationship_type,6,6,data/processed/scenarios/vector_ecology_dependency_states_scenario.csv,scenario influence,scenario_delta,scenario assumption/state; not observed causation,no flow semantics,scenario-only join,normalized_shared_class,Scenario term remains separate from baseline fact and forecast language.
RN-RT-0280,RT-0280,observation_interface,relationship_type,6,6,data/processed/scenarios/vector_ecology_dependency_states_scenario.csv,scenario influence,scenario_delta,scenario assumption/state; not observed causation,no flow semantics,scenario-only join,normalized_shared_class,Scenario term remains separate from baseline fact and forecast language.
RN-RT-0281,RT-0281,potential_interface,relationship_type,12,6,data/processed/scenarios/vector_ecology_dependency_states_scenario.csv,scenario influence,scenario_delta,scenario assumption/state; not observed causation,no flow semantics,scenario-only join,normalized_shared_class,Scenario term remains separate from baseline fact and forecast language.
RN-RT-0282,RT-0282,questing_habitat,relationship_type,6,6,data/processed/scenarios/vector_ecology_dependency_states_scenario.csv,scenario influence,scenario_delta,scenario assumption/state; not observed causation,no flow semantics,scenario-only join,normalized_shared_class,Scenario term remains separate from baseline fact and forecast language.
RN-RT-0283,RT-0283,scale_boundary,relationship_type,6,6,data/processed/scenarios/vector_ecology_dependency_states_scenario.csv,scenario influence,scenario_delta,scenario assumption/state; not observed causation,no flow semantics,scenario-only join,normalized_shared_class,Scenario term remains separate from baseline fact and forecast language.
RN-RT-0284,RT-0284,seasonal_development,relationship_type,18,6,data/processed/scenarios/vector_ecology_dependency_states_scenario.csv,scenario influence,scenario_delta,scenario assumption/state; not observed causation,no flow semantics,scenario-only join,normalized_shared_class,Scenario term remains separate from baseline fact and forecast language.
RN-RT-0285,RT-0285,separation_rule,relationship_type,6,6,data/processed/scenarios/vector_ecology_dependency_states_scenario.csv,scenario influence,scenario_delta,scenario assumption/state; not observed causation,no flow semantics,scenario-only join,normalized_shared_class,Scenario term remains separate from baseline fact and forecast language.
RN-RT-0286,RT-0286,woodland_habitat,relationship_type,6,6,data/processed/scenarios/vector_ecology_dependency_states_scenario.csv,scenario influence,scenario_delta,scenario assumption/state; not observed causation,no flow semantics,scenario-only join,normalized_shared_class,Scenario term remains separate from baseline fact and forecast language.
RN-RT-0287,RT-0287,advisory_dependency,dependency_type,2,7,data/processed/networks/exposure_dependency_edges.csv,governance / authority,role_assignment,"role, mandate, or coordination relation; not automatic operational control",governance role/interface; no physical flow,governance role join,normalized_shared_class,"Governance, monitoring, funding, advice, ownership, and coordination remain distinct from operational control."
RN-RT-0288,RT-0288,environmental_condition_dependency,dependency_type,5,7,data/processed/networks/exposure_dependency_edges.csv,ecological relationship,directed_local_record,ecological function/interface; not deterministic causation or disease,ecological process/interface; not abundance or disease flow,ecological join,normalized_shared_class,"Ecological relationships retain native scale and do not imply abundance, establishment, contact, infection, or risk."
RN-RT-0289,RT-0289,information_dependency,dependency_type,1,7,data/processed/networks/exposure_dependency_edges.csv,information / observation,directed_local_record,documented observation or information relation; not causal by itself,information signal or observation; not physical flow,information join,normalized_shared_class,"Observation, reporting, and decision support are not authority, control, or incidence."
RN-RT-0290,RT-0290,monitoring_dependency,dependency_type,2,7,data/processed/networks/exposure_dependency_edges.csv,operational dependency,directed_local_record,functional dependency/interface; direction is not automatically causation or risk,operational interface; no common flow unit,dependency join,normalized_shared_class,"Dependency is not risk, failure probability, control proof, or causal effect."
RN-RT-0291,RT-0291,receptor_assumption,dependency_type,5,7,data/processed/networks/exposure_dependency_edges.csv,exposure pathway,directed_local_record,"potential pathway or contact interface; not dose, illness, or risk",exposure/context interface; not confirmed exposure,exposure-interface join,normalized_shared_class,"Exposure pathway is not documented exposure, dose, illness, or a risk score."
RN-RT-0292,RT-0292,remediation_dependency,dependency_type,1,7,data/processed/networks/exposure_dependency_edges.csv,operational dependency,directed_local_record,functional dependency/interface; direction is not automatically causation or risk,operational interface; no common flow unit,dependency join,normalized_shared_class,"Dependency is not risk, failure probability, control proof, or causal effect."
RN-RT-0293,RT-0293,spatial_dependency,dependency_type,1,7,data/processed/networks/exposure_dependency_edges.csv,operational dependency,directed_local_record,functional dependency/interface; direction is not automatically causation or risk,operational interface; no common flow unit,dependency join,normalized_shared_class,"Dependency is not risk, failure probability, control proof, or causal effect."
RN-RT-0294,RT-0294,temporal_dependency,dependency_type,2,7,data/processed/networks/exposure_dependency_edges.csv,operational dependency,directed_local_record,functional dependency/interface; direction is not automatically causation or risk,operational interface; no common flow unit,dependency join,normalized_shared_class,"Dependency is not risk, failure probability, control proof, or causal effect."
RN-RT-0295,RT-0295,treatment_dependency,dependency_type,1,7,data/processed/networks/exposure_dependency_edges.csv,operational dependency,directed_local_record,functional dependency/interface; direction is not automatically causation or risk,operational interface; no common flow unit,dependency join,normalized_shared_class,"Dependency is not risk, failure probability, control proof, or causal effect."
RN-RT-0296,RT-0296,advisory_for,relationship_type,3,7,data/processed/networks/exposure_pathway_edges.csv,governance / authority,role_assignment,"role, mandate, or coordination relation; not automatic operational control",governance role/interface; no physical flow,governance role join,normalized_shared_class,"Governance, monitoring, funding, advice, ownership, and coordination remain distinct from operational control."
RN-RT-0297,RT-0297,control_reduces_pathway,relationship_type,1,7,data/processed/networks/exposure_pathway_edges.csv,exposure pathway,directed_local_record,"potential pathway or contact interface; not dose, illness, or risk",exposure/context interface; not confirmed exposure,exposure-interface join,normalized_shared_class,"Exposure pathway is not documented exposure, dose, illness, or a risk score."
RN-RT-0298,RT-0298,information_supports_control,relationship_type,2,7,data/processed/networks/exposure_pathway_edges.csv,information / observation,directed_local_record,documented observation or information relation; not causal by itself,information signal or observation; not physical flow,information join,normalized_shared_class,"Observation, reporting, and decision support are not authority, control, or incidence."
RN-RT-0299,RT-0299,monitored_by,relationship_type,5,7,data/processed/networks/exposure_pathway_edges.csv,unresolved / unclassified,unspecified_or_associative,not interpreted as causal,no flow semantics,source-local only,unresolved_term,No defensible shared class is asserted; retain the local term and source lineage for later review.
RN-RT-0300,RT-0300,potential_exposure_pathway,relationship_type,3,7,data/processed/networks/exposure_pathway_edges.csv,exposure pathway,directed_local_record,"potential pathway or contact interface; not dose, illness, or risk",exposure/context interface; not confirmed exposure,exposure-interface join,normalized_shared_class,"Exposure pathway is not documented exposure, dose, illness, or a risk score."
RN-RT-0301,RT-0301,present_in,relationship_type,1,7,data/processed/networks/exposure_pathway_edges.csv,unresolved / unclassified,unspecified_or_associative,not interpreted as causal,no flow semantics,source-local only,unresolved_term,No defensible shared class is asserted; retain the local term and source lineage for later review.
RN-RT-0302,RT-0302,receptor_context,relationship_type,3,7,data/processed/networks/exposure_pathway_edges.csv,exposure pathway,directed_local_record,"potential pathway or contact interface; not dose, illness, or risk",exposure/context interface; not confirmed exposure,exposure-interface join,normalized_shared_class,"Exposure pathway is not documented exposure, dose, illness, or a risk score."
RN-RT-0303,RT-0303,regulated_by,relationship_type,1,7,data/processed/networks/exposure_pathway_edges.csv,governance / authority,role_assignment,"role, mandate, or coordination relation; not automatic operational control",governance role/interface; no physical flow,governance role join,normalized_shared_class,"Governance, monitoring, funding, advice, ownership, and coordination remain distinct from operational control."
RN-RT-0304,RT-0304,treated_by,relationship_type,1,7,data/processed/networks/exposure_pathway_edges.csv,unresolved / unclassified,unspecified_or_associative,not interpreted as causal,no flow semantics,source-local only,unresolved_term,No defensible shared class is asserted; retain the local term and source lineage for later review.
RN-RT-0305,RT-0305,agricultural_control,dependency_type,1,8,data/processed/networks/biogeochemical_dependency_edges.csv,operational dependency,directed_local_record,functional dependency/interface; direction is not automatically causation or risk,operational interface; no common flow unit,dependency join,normalized_shared_class,"Dependency is not risk, failure probability, control proof, or causal effect."
RN-RT-0306,RT-0306,ecological_response_interface,dependency_type,1,8,data/processed/networks/biogeochemical_dependency_edges.csv,ecological relationship,directed_local_record,ecological function/interface; not deterministic causation or disease,ecological process/interface; not abundance or disease flow,ecological join,normalized_shared_class,"Ecological relationships retain native scale and do not imply abundance, establishment, contact, infection, or risk."
RN-RT-0307,RT-0307,hydrologic_transport,dependency_type,1,8,data/processed/networks/biogeochemical_dependency_edges.csv,material flow,directed_local_record,documented or inferred material/logistics relation; not causal quantity,material/logistics interface; route and quantity remain local,material-flow join,normalized_shared_class,"Material or freight relationships do not imply shipment quantity, exact route, capacity, or continuous flow."
RN-RT-0308,RT-0308,lake_exchange,dependency_type,1,8,data/processed/networks/biogeochemical_dependency_edges.csv,unresolved / unclassified,unspecified_or_associative,not interpreted as causal,no flow semantics,source-local only,unresolved_term,No defensible shared class is asserted; retain the local term and source lineage for later review.
RN-RT-0309,RT-0309,landscape_mobilization,dependency_type,1,8,data/processed/networks/biogeochemical_dependency_edges.csv,ecological relationship,directed_local_record,ecological function/interface; not deterministic causation or disease,ecological process/interface; not abundance or disease flow,ecological join,normalized_shared_class,"Ecological relationships retain native scale and do not imply abundance, establishment, contact, infection, or risk."
RN-RT-0310,RT-0310,monitoring_coverage,dependency_type,2,8,data/processed/networks/biogeochemical_dependency_edges.csv,unresolved / unclassified,unspecified_or_associative,not interpreted as causal,no flow semantics,source-local only,unresolved_term,No defensible shared class is asserted; retain the local term and source lineage for later review.
RN-RT-0311,RT-0311,particulate_delivery,dependency_type,1,8,data/processed/networks/biogeochemical_dependency_edges.csv,material flow,directed_local_record,documented or inferred material/logistics relation; not causal quantity,material/logistics interface; route and quantity remain local,material-flow join,normalized_shared_class,"Material or freight relationships do not imply shipment quantity, exact route, capacity, or continuous flow."
RN-RT-0312,RT-0312,point_source_control,dependency_type,1,8,data/processed/networks/biogeochemical_dependency_edges.csv,operational dependency,directed_local_record,functional dependency/interface; direction is not automatically causation or risk,operational interface; no common flow unit,dependency join,normalized_shared_class,"Dependency is not risk, failure probability, control proof, or causal effect."
RN-RT-0313,RT-0313,receiving_delivery,dependency_type,1,8,data/processed/networks/biogeochemical_dependency_edges.csv,material flow,directed_local_record,documented or inferred material/logistics relation; not causal quantity,material/logistics interface; route and quantity remain local,material-flow join,normalized_shared_class,"Material or freight relationships do not imply shipment quantity, exact route, capacity, or continuous flow."
RN-RT-0314,RT-0314,recovery_interface,dependency_type,1,8,data/processed/networks/biogeochemical_dependency_edges.csv,operational dependency,directed_local_record,functional dependency/interface; direction is not automatically causation or risk,operational interface; no common flow unit,dependency join,normalized_shared_class,"Dependency is not risk, failure probability, control proof, or causal effect."
RN-RT-0315,RT-0315,restoration_control,dependency_type,1,8,data/processed/networks/biogeochemical_dependency_edges.csv,operational dependency,directed_local_record,functional dependency/interface; direction is not automatically causation or risk,operational interface; no common flow unit,dependency join,normalized_shared_class,"Dependency is not risk, failure probability, control proof, or causal effect."
RN-RT-0316,RT-0316,riparian_transformation,dependency_type,1,8,data/processed/networks/biogeochemical_dependency_edges.csv,unresolved / unclassified,unspecified_or_associative,not interpreted as causal,no flow semantics,source-local only,unresolved_term,No defensible shared class is asserted; retain the local term and source lineage for later review.
RN-RT-0317,RT-0317,river_delivery,dependency_type,1,8,data/processed/networks/biogeochemical_dependency_edges.csv,material flow,directed_local_record,documented or inferred material/logistics relation; not causal quantity,material/logistics interface; route and quantity remain local,material-flow join,normalized_shared_class,"Material or freight relationships do not imply shipment quantity, exact route, capacity, or continuous flow."
RN-RT-0318,RT-0318,seasonal_event_transport,dependency_type,1,8,data/processed/networks/biogeochemical_dependency_edges.csv,material flow,directed_local_record,documented or inferred material/logistics relation; not causal quantity,material/logistics interface; route and quantity remain local,material-flow join,normalized_shared_class,"Material or freight relationships do not imply shipment quantity, exact route, capacity, or continuous flow."
RN-RT-0319,RT-0319,soil_carbon_partitioning,dependency_type,1,8,data/processed/networks/biogeochemical_dependency_edges.csv,unresolved / unclassified,unspecified_or_associative,not interpreted as causal,no flow semantics,source-local only,unresolved_term,No defensible shared class is asserted; retain the local term and source lineage for later review.
RN-RT-0320,RT-0320,source-to-mobilization,dependency_type,1,8,data/processed/networks/biogeochemical_dependency_edges.csv,unresolved / unclassified,unspecified_or_associative,not interpreted as causal,no flow semantics,source-local only,unresolved_term,No defensible shared class is asserted; retain the local term and source lineage for later review.
RN-RT-0321,RT-0321,station_representativeness,dependency_type,1,8,data/processed/networks/biogeochemical_dependency_edges.csv,unresolved / unclassified,unspecified_or_associative,not interpreted as causal,no flow semantics,source-local only,unresolved_term,No defensible shared class is asserted; retain the local term and source lineage for later review.
RN-RT-0322,RT-0322,urban_runoff,dependency_type,1,8,data/processed/networks/biogeochemical_dependency_edges.csv,physical flow,directed_source_to_target,physical relationship retained without effect-size or causal estimate,physical/hydrologic direction; geometry and quantity remain local,physical-flow join,normalized_shared_class,"Physical direction does not add common units, effect size, or risk meaning."
RN-RT-0323,RT-0323,wastewater_control,dependency_type,1,8,data/processed/networks/biogeochemical_dependency_edges.csv,operational dependency,directed_local_record,functional dependency/interface; direction is not automatically causation or risk,operational interface; no common flow unit,dependency join,normalized_shared_class,"Dependency is not risk, failure probability, control proof, or causal effect."
RN-RT-0324,RT-0324,wetland_connectivity,dependency_type,1,8,data/processed/networks/biogeochemical_dependency_edges.csv,ecological relationship,directed_local_record,ecological function/interface; not deterministic causation or disease,ecological process/interface; not abundance or disease flow,ecological join,normalized_shared_class,"Ecological relationships retain native scale and do not imply abundance, establishment, contact, infection, or risk."
RN-RT-0325,RT-0325,wetland_retention,dependency_type,1,8,data/processed/networks/biogeochemical_dependency_edges.csv,ecological relationship,directed_local_record,ecological function/interface; not deterministic causation or disease,ecological process/interface; not abundance or disease flow,ecological join,normalized_shared_class,"Ecological relationships retain native scale and do not imply abundance, establishment, contact, infection, or risk."
RN-RT-0326,RT-0326,delivered_to,relationship_type,3,8,data/processed/networks/biogeochemical_flux_edges.csv,unresolved / unclassified,unspecified_or_associative,not interpreted as causal,no flow semantics,source-local only,unresolved_term,No defensible shared class is asserted; retain the local term and source lineage for later review.
RN-RT-0327,RT-0327,discharged_to,relationship_type,1,8,data/processed/networks/biogeochemical_flux_edges.csv,unresolved / unclassified,unspecified_or_associative,not interpreted as causal,no flow semantics,source-local only,unresolved_term,No defensible shared class is asserted; retain the local term and source lineage for later review.
RN-RT-0328,RT-0328,ecological_interface,relationship_type,2,8,data/processed/networks/biogeochemical_flux_edges.csv,ecological relationship,directed_local_record,ecological function/interface; not deterministic causation or disease,ecological process/interface; not abundance or disease flow,ecological join,normalized_shared_class,"Ecological relationships retain native scale and do not imply abundance, establishment, contact, infection, or risk."
RN-RT-0329,RT-0329,managed_by,relationship_type,3,8,data/processed/networks/biogeochemical_flux_edges.csv,unresolved / unclassified,unspecified_or_associative,not interpreted as causal,no flow semantics,source-local only,unresolved_term,No defensible shared class is asserted; retain the local term and source lineage for later review.
RN-RT-0330,RT-0330,mobilized_by,relationship_type,2,8,data/processed/networks/biogeochemical_flux_edges.csv,physical flow,directed_source_to_target,physical relationship retained without effect-size or causal estimate,physical/hydrologic direction; geometry and quantity remain local,physical-flow join,normalized_shared_class,"Physical direction does not add common units, effect size, or risk meaning."
RN-RT-0331,RT-0331,mobilized_from,relationship_type,1,8,data/processed/networks/biogeochemical_flux_edges.csv,physical flow,directed_source_to_target,physical relationship retained without effect-size or causal estimate,physical/hydrologic direction; geometry and quantity remain local,physical-flow join,normalized_shared_class,"Physical direction does not add common units, effect size, or risk meaning."
RN-RT-0332,RT-0332,monitored_by,relationship_type,4,8,data/processed/networks/biogeochemical_flux_edges.csv,unresolved / unclassified,unspecified_or_associative,not interpreted as causal,no flow semantics,source-local only,unresolved_term,No defensible shared class is asserted; retain the local term and source lineage for later review.
RN-RT-0333,RT-0333,retained_or_transformed_by,relationship_type,2,8,data/processed/networks/biogeochemical_flux_edges.csv,unresolved / unclassified,unspecified_or_associative,not interpreted as causal,no flow semantics,source-local only,unresolved_term,No defensible shared class is asserted; retain the local term and source lineage for later review.
RN-RT-0334,RT-0334,transformed_by,relationship_type,1,8,data/processed/networks/biogeochemical_flux_edges.csv,unresolved / unclassified,unspecified_or_associative,not interpreted as causal,no flow semantics,source-local only,unresolved_term,No defensible shared class is asserted; retain the local term and source lineage for later review.
RN-RT-0335,RT-0335,transported_by,relationship_type,5,8,data/processed/networks/biogeochemical_flux_edges.csv,material flow,directed_local_record,documented or inferred material/logistics relation; not causal quantity,material/logistics interface; route and quantity remain local,material-flow join,normalized_shared_class,"Material or freight relationships do not imply shipment quantity, exact route, capacity, or continuous flow."
RN-RT-0336,RT-0336,agricultural_dependency,dependency_type,1,9,data/processed/analysis/climate_hazard_dependency_register.csv,operational dependency,directed_local_record,functional dependency/interface; direction is not automatically causation or risk,operational interface; no common flow unit,dependency join,normalized_shared_class,"Dependency is not risk, failure probability, control proof, or causal effect."
RN-RT-0337,RT-0337,coastal_dependency,dependency_type,2,9,data/processed/analysis/climate_hazard_dependency_register.csv,operational dependency,directed_local_record,functional dependency/interface; direction is not automatically causation or risk,operational interface; no common flow unit,dependency join,normalized_shared_class,"Dependency is not risk, failure probability, control proof, or causal effect."
RN-RT-0338,RT-0338,ecological_dependency,dependency_type,1,9,data/processed/analysis/climate_hazard_dependency_register.csv,ecological relationship,directed_local_record,ecological function/interface; not deterministic causation or disease,ecological process/interface; not abundance or disease flow,ecological join,normalized_shared_class,"Ecological relationships retain native scale and do not imply abundance, establishment, contact, infection, or risk."
RN-RT-0339,RT-0339,energy_dependency,dependency_type,1,9,data/processed/analysis/climate_hazard_dependency_register.csv,operational dependency,directed_local_record,functional dependency/interface; direction is not automatically causation or risk,operational interface; no common flow unit,dependency join,normalized_shared_class,"Dependency is not risk, failure probability, control proof, or causal effect."
RN-RT-0340,RT-0340,hydrologic_dependency,dependency_type,3,9,data/processed/analysis/climate_hazard_dependency_register.csv,physical flow,directed_source_to_target,physical relationship retained without effect-size or causal estimate,physical/hydrologic direction; geometry and quantity remain local,physical-flow join,normalized_shared_class,"Physical direction does not add common units, effect size, or risk meaning."
RN-RT-0341,RT-0341,infrastructure_dependency,dependency_type,2,9,data/processed/analysis/climate_hazard_dependency_register.csv,operational dependency,directed_local_record,functional dependency/interface; direction is not automatically causation or risk,operational interface; no common flow unit,dependency join,normalized_shared_class,"Dependency is not risk, failure probability, control proof, or causal effect."
RN-RT-0342,RT-0342,monitoring_dependency,dependency_type,4,9,data/processed/analysis/climate_hazard_dependency_register.csv,operational dependency,directed_local_record,functional dependency/interface; direction is not automatically causation or risk,operational interface; no common flow unit,dependency join,normalized_shared_class,"Dependency is not risk, failure probability, control proof, or causal effect."
RN-RT-0343,RT-0343,seasonal_dependency,dependency_type,3,9,data/processed/analysis/climate_hazard_dependency_register.csv,operational dependency,directed_local_record,functional dependency/interface; direction is not automatically causation or risk,operational interface; no common flow unit,dependency join,normalized_shared_class,"Dependency is not risk, failure probability, control proof, or causal effect."
RN-RT-0344,RT-0344,thermal_dependency,dependency_type,2,9,data/processed/analysis/climate_hazard_dependency_register.csv,operational dependency,directed_local_record,functional dependency/interface; direction is not automatically causation or risk,operational interface; no common flow unit,dependency join,normalized_shared_class,"Dependency is not risk, failure probability, control proof, or causal effect."
RN-RT-0345,RT-0345,transport_dependency,dependency_type,2,9,data/processed/analysis/climate_hazard_dependency_register.csv,material flow,directed_local_record,documented or inferred material/logistics relation; not causal quantity,material/logistics interface; route and quantity remain local,material-flow join,normalized_shared_class,"Material or freight relationships do not imply shipment quantity, exact route, capacity, or continuous flow."
RN-RT-0346,RT-0346,warning_capacity,dependency_type,1,9,data/processed/analysis/climate_hazard_dependency_register.csv,information / observation,directed_local_record,documented observation or information relation; not causal by itself,information signal or observation; not physical flow,information join,normalized_shared_class,"Observation, reporting, and decision support are not authority, control, or incidence."
RN-RT-0347,RT-0347,water_quality_dependency,dependency_type,2,9,data/processed/analysis/climate_hazard_dependency_register.csv,operational dependency,directed_local_record,functional dependency/interface; direction is not automatically causation or risk,operational interface; no common flow unit,dependency join,normalized_shared_class,"Dependency is not risk, failure probability, control proof, or causal effect."
RN-RT-0348,RT-0348,agricultural_dependency,dependency_type,1,9,data/processed/networks/climate_hazard_dependency_edges.csv,operational dependency,directed_local_record,functional dependency/interface; direction is not automatically causation or risk,operational interface; no common flow unit,dependency join,normalized_shared_class,"Dependency is not risk, failure probability, control proof, or causal effect."
RN-RT-0349,RT-0349,coastal_dependency,dependency_type,2,9,data/processed/networks/climate_hazard_dependency_edges.csv,operational dependency,directed_local_record,functional dependency/interface; direction is not automatically causation or risk,operational interface; no common flow unit,dependency join,normalized_shared_class,"Dependency is not risk, failure probability, control proof, or causal effect."
RN-RT-0350,RT-0350,ecological_dependency,dependency_type,1,9,data/processed/networks/climate_hazard_dependency_edges.csv,ecological relationship,directed_local_record,ecological function/interface; not deterministic causation or disease,ecological process/interface; not abundance or disease flow,ecological join,normalized_shared_class,"Ecological relationships retain native scale and do not imply abundance, establishment, contact, infection, or risk."
RN-RT-0351,RT-0351,energy_dependency,dependency_type,1,9,data/processed/networks/climate_hazard_dependency_edges.csv,operational dependency,directed_local_record,functional dependency/interface; direction is not automatically causation or risk,operational interface; no common flow unit,dependency join,normalized_shared_class,"Dependency is not risk, failure probability, control proof, or causal effect."
RN-RT-0352,RT-0352,hydrologic_dependency,dependency_type,3,9,data/processed/networks/climate_hazard_dependency_edges.csv,physical flow,directed_source_to_target,physical relationship retained without effect-size or causal estimate,physical/hydrologic direction; geometry and quantity remain local,physical-flow join,normalized_shared_class,"Physical direction does not add common units, effect size, or risk meaning."
RN-RT-0353,RT-0353,infrastructure_dependency,dependency_type,2,9,data/processed/networks/climate_hazard_dependency_edges.csv,operational dependency,directed_local_record,functional dependency/interface; direction is not automatically causation or risk,operational interface; no common flow unit,dependency join,normalized_shared_class,"Dependency is not risk, failure probability, control proof, or causal effect."
RN-RT-0354,RT-0354,monitoring_dependency,dependency_type,4,9,data/processed/networks/climate_hazard_dependency_edges.csv,operational dependency,directed_local_record,functional dependency/interface; direction is not automatically causation or risk,operational interface; no common flow unit,dependency join,normalized_shared_class,"Dependency is not risk, failure probability, control proof, or causal effect."
RN-RT-0355,RT-0355,seasonal_dependency,dependency_type,3,9,data/processed/networks/climate_hazard_dependency_edges.csv,operational dependency,directed_local_record,functional dependency/interface; direction is not automatically causation or risk,operational interface; no common flow unit,dependency join,normalized_shared_class,"Dependency is not risk, failure probability, control proof, or causal effect."
RN-RT-0356,RT-0356,thermal_dependency,dependency_type,2,9,data/processed/networks/climate_hazard_dependency_edges.csv,operational dependency,directed_local_record,functional dependency/interface; direction is not automatically causation or risk,operational interface; no common flow unit,dependency join,normalized_shared_class,"Dependency is not risk, failure probability, control proof, or causal effect."
RN-RT-0357,RT-0357,transport_dependency,dependency_type,2,9,data/processed/networks/climate_hazard_dependency_edges.csv,material flow,directed_local_record,documented or inferred material/logistics relation; not causal quantity,material/logistics interface; route and quantity remain local,material-flow join,normalized_shared_class,"Material or freight relationships do not imply shipment quantity, exact route, capacity, or continuous flow."
RN-RT-0358,RT-0358,warning_capacity,dependency_type,1,9,data/processed/networks/climate_hazard_dependency_edges.csv,information / observation,directed_local_record,documented observation or information relation; not causal by itself,information signal or observation; not physical flow,information join,normalized_shared_class,"Observation, reporting, and decision support are not authority, control, or incidence."
RN-RT-0359,RT-0359,water_quality_dependency,dependency_type,2,9,data/processed/networks/climate_hazard_dependency_edges.csv,operational dependency,directed_local_record,functional dependency/interface; direction is not automatically causation or risk,operational interface; no common flow unit,dependency join,normalized_shared_class,"Dependency is not risk, failure probability, control proof, or causal effect."
RN-RT-0360,RT-0360,affects,relationship_type,10,9,data/processed/networks/climate_hazard_edges.csv,high-level association,unspecified_or_associative,association or context only; causation is not asserted,no flow semantics,context-only join,retained_local_semantics,"Generic association remains local and must not be upgraded to dependency, causation, or risk."
RN-RT-0361,RT-0361,coastal_interface_with,relationship_type,2,9,data/processed/networks/climate_hazard_edges.csv,operational dependency,directed_local_record,functional dependency/interface; direction is not automatically causation or risk,operational interface; no common flow unit,dependency join,normalized_shared_class,"Dependency is not risk, failure probability, control proof, or causal effect."
RN-RT-0362,RT-0362,forecast_by,relationship_type,2,9,data/processed/networks/climate_hazard_edges.csv,unresolved / unclassified,unspecified_or_associative,not interpreted as causal,no flow semantics,source-local only,unresolved_term,No defensible shared class is asserted; retain the local term and source lineage for later review.
RN-RT-0363,RT-0363,historically_occurs_in,relationship_type,1,9,data/processed/networks/climate_hazard_edges.csv,unresolved / unclassified,unspecified_or_associative,not interpreted as causal,no flow semantics,source-local only,unresolved_term,No defensible shared class is asserted; retain the local term and source lineage for later review.
RN-RT-0364,RT-0364,hydrologically_amplified_by,relationship_type,1,9,data/processed/networks/climate_hazard_edges.csv,physical flow,directed_source_to_target,physical relationship retained without effect-size or causal estimate,physical/hydrologic direction; geometry and quantity remain local,physical-flow join,normalized_shared_class,"Physical direction does not add common units, effect size, or risk meaning."
RN-RT-0365,RT-0365,monitored_by,relationship_type,4,9,data/processed/networks/climate_hazard_edges.csv,unresolved / unclassified,unspecified_or_associative,not interpreted as causal,no flow semantics,source-local only,unresolved_term,No defensible shared class is asserted; retain the local term and source lineage for later review.
RN-RT-0366,RT-0366,observed_by,relationship_type,6,9,data/processed/networks/climate_hazard_edges.csv,information / observation,directed_local_record,documented observation or information relation; not causal by itself,information signal or observation; not physical flow,information join,normalized_shared_class,"Observation, reporting, and decision support are not authority, control, or incidence."
RN-RT-0367,RT-0367,warning_for,relationship_type,3,9,data/processed/networks/climate_hazard_edges.csv,information / observation,directed_local_record,documented observation or information relation; not causal by itself,information signal or observation; not physical flow,information join,normalized_shared_class,"Observation, reporting, and decision support are not authority, control, or incidence."
