atlas_entity_id,local_id,local_namespace,source_phase,source_artifact,entity_type,canonical_name,system_id,mapping_type,mapping_status,evidence_basis,reality_status,canon_status,temporal_basis,notes
ENT-BIOGEOCHEMISTRY-BGC-001,BGC-001,phase8A.biogeochemical_system_nodes,8A,data/processed/networks/biogeochemical_system_nodes.csv,biogeochemical_node,Agricultural soil and crop landscape,SYS-BIOGEOCHEMISTRY,exact identity,resolved,bge_nass,real,verified,factual_2026,Atlas identity is additive; local identifier remains authoritative.
ENT-BIOGEOCHEMISTRY-BGC-002,BGC-002,phase8A.biogeochemical_system_nodes,8A,data/processed/networks/biogeochemical_system_nodes.csv,biogeochemical_node,Fertilizer and manure nutrient inputs,SYS-BIOGEOCHEMISTRY,exact identity,resolved,bge_ohio_h2ohio,real,verified,factual_2026,Atlas identity is additive; local identifier remains authoritative.
ENT-BIOGEOCHEMISTRY-BGC-003,BGC-003,phase8A.biogeochemical_system_nodes,8A,data/processed/networks/biogeochemical_system_nodes.csv,biogeochemical_node,Soil organic matter and nutrient stocks,SYS-BIOGEOCHEMISTRY,exact identity,resolved,bge_nrscs,real,verified,factual_2026,Atlas identity is additive; local identifier remains authoritative.
ENT-BIOGEOCHEMISTRY-BGC-004,BGC-004,phase8A.biogeochemical_system_nodes,8A,data/processed/networks/biogeochemical_system_nodes.csv,biogeochemical_node,Runoff and tile-drainage mobilization,SYS-BIOGEOCHEMISTRY,exact identity,resolved,bge_usgs_wbd,real,verified,factual_2026,Atlas identity is additive; local identifier remains authoritative.
ENT-BIOGEOCHEMISTRY-BGC-005,BGC-005,phase8A.biogeochemical_system_nodes,8A,data/processed/networks/biogeochemical_system_nodes.csv,biogeochemical_node,Tributary network,SYS-BIOGEOCHEMISTRY,exact identity,resolved,bge_usgs_3dhp,real,verified,factual_2026,Atlas identity is additive; local identifier remains authoritative.
ENT-BIOGEOCHEMISTRY-BGC-006,BGC-006,phase8A.biogeochemical_system_nodes,8A,data/processed/networks/biogeochemical_system_nodes.csv,biogeochemical_node,Maumee River at representative monitoring reach,SYS-BIOGEOCHEMISTRY,exact identity,resolved,bge_ncwqr,real,verified,factual_2026,Atlas identity is additive; local identifier remains authoritative.
ENT-BIOGEOCHEMISTRY-BGC-007,BGC-007,phase8A.biogeochemical_system_nodes,8A,data/processed/networks/biogeochemical_system_nodes.csv,biogeochemical_node,Lower Maumee River to bay,SYS-BIOGEOCHEMISTRY,exact identity,resolved,bge_usgs_3dhp,real,verified,factual_2026,Atlas identity is additive; local identifier remains authoritative.
ENT-BIOGEOCHEMISTRY-BGC-008,BGC-008,phase8A.biogeochemical_system_nodes,8A,data/processed/networks/biogeochemical_system_nodes.csv,biogeochemical_node,Western Lake Erie receiving system,SYS-BIOGEOCHEMISTRY,exact identity,resolved,bge_epa_lake_erie,real,verified,factual_2026,Atlas identity is additive; local identifier remains authoritative.
ENT-BIOGEOCHEMISTRY-BGC-009,BGC-009,phase8A.biogeochemical_system_nodes,8A,data/processed/networks/biogeochemical_system_nodes.csv,biogeochemical_node,Maumee Bay and nearshore interface,SYS-BIOGEOCHEMISTRY,exact identity,resolved,bge_epa_lake_erie,real,verified,factual_2026,Atlas identity is additive; local identifier remains authoritative.
ENT-BIOGEOCHEMISTRY-BGC-010,BGC-010,phase8A.biogeochemical_system_nodes,8A,data/processed/networks/biogeochemical_system_nodes.csv,biogeochemical_node,Coastal and floodplain wetlands,SYS-BIOGEOCHEMISTRY,exact identity,resolved,bge_usfws_nwi,real,verified,factual_2026,Atlas identity is additive; local identifier remains authoritative.
ENT-BIOGEOCHEMISTRY-BGC-011,BGC-011,phase8A.biogeochemical_system_nodes,8A,data/processed/networks/biogeochemical_system_nodes.csv,biogeochemical_node,Riparian buffer and floodplain interface,SYS-BIOGEOCHEMISTRY,exact identity,resolved,bge_usgs_3dhp,real,verified,factual_2026,Atlas identity is additive; local identifier remains authoritative.
ENT-BIOGEOCHEMISTRY-BGC-012,BGC-012,phase8A.biogeochemical_system_nodes,8A,data/processed/networks/biogeochemical_system_nodes.csv,biogeochemical_node,Urban stormwater landscape,SYS-BIOGEOCHEMISTRY,exact identity,resolved,bge_ohio_epa_npdes,real,verified,factual_2026,Atlas identity is additive; local identifier remains authoritative.
ENT-BIOGEOCHEMISTRY-BGC-013,BGC-013,phase8A.biogeochemical_system_nodes,8A,data/processed/networks/biogeochemical_system_nodes.csv,biogeochemical_node,Wastewater treatment and permitted discharge,SYS-BIOGEOCHEMISTRY,exact identity,resolved,bge_ohio_epa_npdes,real,verified,factual_2026,Atlas identity is additive; local identifier remains authoritative.
ENT-BIOGEOCHEMISTRY-BGC-014,BGC-014,phase8A.biogeochemical_system_nodes,8A,data/processed/networks/biogeochemical_system_nodes.csv,biogeochemical_node,Nutrient and water-quality monitoring network,SYS-BIOGEOCHEMISTRY,exact identity,resolved,bge_ncwqr,real,verified,factual_2026,Atlas identity is additive; local identifier remains authoritative.
ENT-BIOGEOCHEMISTRY-BGC-015,BGC-015,phase8A.biogeochemical_system_nodes,8A,data/processed/networks/biogeochemical_system_nodes.csv,biogeochemical_node,Sediment and particulate organic matter,SYS-BIOGEOCHEMISTRY,exact identity,resolved,bge_epa_lake_erie,real,verified,factual_2026,Atlas identity is additive; local identifier remains authoritative.
ENT-BIOGEOCHEMISTRY-BGC-016,BGC-016,phase8A.biogeochemical_system_nodes,8A,data/processed/networks/biogeochemical_system_nodes.csv,biogeochemical_node,HAB and aquatic ecological interface,SYS-BIOGEOCHEMISTRY,exact identity,resolved,bge_noaa_hab,real,verified,factual_2026,Atlas identity is additive; local identifier remains authoritative.
ENT-BIOGEOCHEMISTRY-BGC-017,BGC-017,phase8A.biogeochemical_system_nodes,8A,data/processed/networks/biogeochemical_system_nodes.csv,biogeochemical_node,Nutrient-management and restoration programs,SYS-BIOGEOCHEMISTRY,exact identity,resolved,bge_ohio_h2ohio,real,verified,factual_2026,Atlas identity is additive; local identifier remains authoritative.
ENT-BIOGEOCHEMISTRY-BGC-018,BGC-018,phase8A.biogeochemical_system_nodes,8A,data/processed/networks/biogeochemical_system_nodes.csv,biogeochemical_node,Phosphorus recovery / circular nutrient interface,SYS-BIOGEOCHEMISTRY,exact identity,resolved,bge_ohio_epa_npdes,real,verified,factual_2026,Atlas identity is additive; local identifier remains authoritative.
ENT-CLIMATE-HZ-001,HZ-001,phase9A.climate_hazard_nodes,9A,data/processed/networks/climate_hazard_nodes.csv,climate_hazard_node,Toledo Executive Airport climate observation station,SYS-CLIMATE,exact identity,resolved,b9_acis,real,verified,,Atlas identity is additive; local identifier remains authoritative.
ENT-CLIMATE-HZ-002,HZ-002,phase9A.climate_hazard_nodes,9A,data/processed/networks/climate_hazard_nodes.csv,climate_hazard_node,Lucas County climate variability context,SYS-CLIMATE,exact identity,resolved,b9_ncei_cag,real,verified,,Atlas identity is additive; local identifier remains authoritative.
ENT-CLIMATE-HZ-003,HZ-003,phase9A.climate_hazard_nodes,9A,data/processed/networks/climate_hazard_nodes.csv,climate_hazard_node,Toledo-area NWS forecast and warning service area,SYS-CLIMATE,exact identity,resolved,b9_nws_points,real,verified,,Atlas identity is additive; local identifier remains authoritative.
ENT-CLIMATE-HZ-004,HZ-004,phase9A.climate_hazard_nodes,9A,data/processed/networks/climate_hazard_nodes.csv,climate_hazard_node,Maumee watershed runoff-connectivity interface,SYS-CLIMATE,exact identity,resolved,b9_usgs_dv,real,inferred,,Atlas identity is additive; local identifier remains authoritative.
ENT-CLIMATE-HZ-005,HZ-005,phase9A.climate_hazard_nodes,9A,data/processed/networks/climate_hazard_nodes.csv,climate_hazard_node,Maumee River at Waterville USGS gauge,SYS-CLIMATE,exact identity,resolved,b9_usgs_dv,real,verified,,Atlas identity is additive; local identifier remains authoritative.
ENT-CLIMATE-HZ-006,HZ-006,phase9A.climate_hazard_nodes,9A,data/processed/networks/climate_hazard_nodes.csv,climate_hazard_node,Lower Maumee and tributary flood interface,SYS-CLIMATE,exact identity,resolved,b9_usgs_dv,real,inferred,,Atlas identity is additive; local identifier remains authoritative.
ENT-CLIMATE-HZ-007,HZ-007,phase9A.climate_hazard_nodes,9A,data/processed/networks/climate_hazard_nodes.csv,climate_hazard_node,Regulatory flood-hazard mapping context,SYS-CLIMATE,exact identity,resolved,b9_fema_nfhl,real,verified,,Atlas identity is additive; local identifier remains authoritative.
ENT-CLIMATE-HZ-008,HZ-008,phase9A.climate_hazard_nodes,9A,data/processed/networks/climate_hazard_nodes.csv,climate_hazard_node,Urban stormwater pathway context,SYS-CLIMATE,exact identity,resolved,b9_noaa_atlas14,real,inferred,,Atlas identity is additive; local identifier remains authoritative.
ENT-CLIMATE-HZ-009,HZ-009,phase9A.climate_hazard_nodes,9A,data/processed/networks/climate_hazard_nodes.csv,climate_hazard_node,Lucas County drought-status context,SYS-CLIMATE,exact identity,resolved,b9_usdm_area,real,verified,,Atlas identity is additive; local identifier remains authoritative.
ENT-CLIMATE-HZ-010,HZ-010,phase9A.climate_hazard_nodes,9A,data/processed/networks/climate_hazard_nodes.csv,climate_hazard_node,Maumee low-flow observation context,SYS-CLIMATE,exact identity,resolved,b9_usgs_dv,real,verified,,Atlas identity is additive; local identifier remains authoritative.
ENT-CLIMATE-HZ-011,HZ-011,phase9A.climate_hazard_nodes,9A,data/processed/networks/climate_hazard_nodes.csv,climate_hazard_node,NOAA Toledo Great Lakes water-level station,SYS-CLIMATE,exact identity,resolved,b9_coops_station,real,verified,,Atlas identity is additive; local identifier remains authoritative.
ENT-CLIMATE-HZ-012,HZ-012,phase9A.climate_hazard_nodes,9A,data/processed/networks/climate_hazard_nodes.csv,climate_hazard_node,Western Lake Erie water-level variability context,SYS-CLIMATE,exact identity,resolved,b9_glerl_levels,real,verified,,Atlas identity is additive; local identifier remains authoritative.
ENT-CLIMATE-HZ-013,HZ-013,phase9A.climate_hazard_nodes,9A,data/processed/networks/climate_hazard_nodes.csv,climate_hazard_node,Western Lake Erie shoreline and coastal-flood interface,SYS-CLIMATE,exact identity,resolved,b9_glerl_levels,real,inferred,,Atlas identity is additive; local identifier remains authoritative.
ENT-CLIMATE-HZ-014,HZ-014,phase9A.climate_hazard_nodes,9A,data/processed/networks/climate_hazard_nodes.csv,climate_hazard_node,Lake Erie wind setup and seiche interface,SYS-CLIMATE,exact identity,resolved,b9_glerl_levels,real,inferred,,Atlas identity is additive; local identifier remains authoritative.
ENT-CLIMATE-HZ-015,HZ-015,phase9A.climate_hazard_nodes,9A,data/processed/networks/climate_hazard_nodes.csv,climate_hazard_node,"Lake wave, storm, and ice-condition context",SYS-CLIMATE,exact identity,resolved,b9_glerl_levels,real,verified,,Atlas identity is additive; local identifier remains authoritative.
ENT-CLIMATE-HZ-016,HZ-016,phase9A.climate_hazard_nodes,9A,data/processed/networks/climate_hazard_nodes.csv,climate_hazard_node,Regional severe convective hazard context,SYS-CLIMATE,exact identity,resolved,b9_storm_events_2025,real,verified,,Atlas identity is additive; local identifier remains authoritative.
ENT-CLIMATE-HZ-017,HZ-017,phase9A.climate_hazard_nodes,9A,data/processed/networks/climate_hazard_nodes.csv,climate_hazard_node,Selected western-basin county Storm Events records,SYS-CLIMATE,exact identity,resolved,b9_storm_events_2025,real,verified,,Atlas identity is additive; local identifier remains authoritative.
ENT-CLIMATE-HZ-018,HZ-018,phase9A.climate_hazard_nodes,9A,data/processed/networks/climate_hazard_nodes.csv,climate_hazard_node,Regional winter hazard context,SYS-CLIMATE,exact identity,resolved,b9_nws_winter,real,verified,,Atlas identity is additive; local identifier remains authoritative.
ENT-CLIMATE-HZ-019,HZ-019,phase9A.climate_hazard_nodes,9A,data/processed/networks/climate_hazard_nodes.csv,climate_hazard_node,NWS public warning system,SYS-CLIMATE,exact identity,resolved,b9_nws_points,real,verified,,Atlas identity is additive; local identifier remains authoritative.
ENT-CLIMATE-HZ-020,HZ-020,phase9A.climate_hazard_nodes,9A,data/processed/networks/climate_hazard_nodes.csv,climate_hazard_node,USGS streamflow monitoring network,SYS-CLIMATE,exact identity,resolved,b9_usgs_dv,real,verified,,Atlas identity is additive; local identifier remains authoritative.
ENT-CLIMATE-HZ-021,HZ-021,phase9A.climate_hazard_nodes,9A,data/processed/networks/climate_hazard_nodes.csv,climate_hazard_node,NOAA CO-OPS Toledo water-level monitoring,SYS-CLIMATE,exact identity,resolved,b9_coops_daily,real,verified,,Atlas identity is additive; local identifier remains authoritative.
ENT-CLIMATE-HZ-022,HZ-022,phase9A.climate_hazard_nodes,9A,data/processed/networks/climate_hazard_nodes.csv,climate_hazard_node,U.S. Drought Monitor and drought-information system,SYS-CLIMATE,exact identity,resolved,b9_drought_gov,real,verified,,Atlas identity is additive; local identifier remains authoritative.
ENT-CLIMATE-HZ-023,HZ-023,phase9A.climate_hazard_nodes,9A,data/processed/networks/climate_hazard_nodes.csv,climate_hazard_node,NOAA/NWS precipitation-frequency information,SYS-CLIMATE,exact identity,resolved,b9_noaa_atlas14,real,verified,,Atlas identity is additive; local identifier remains authoritative.
ENT-CLIMATE-HZ-024,HZ-024,phase9A.climate_hazard_nodes,9A,data/processed/networks/climate_hazard_nodes.csv,climate_hazard_node,NOAA NCEI Lucas County climate-series context,SYS-CLIMATE,exact identity,resolved,b9_ncei_cag,real,verified,,Atlas identity is additive; local identifier remains authoritative.
ENT-CLIMATE-HZ-025,HZ-025,phase9A.climate_hazard_nodes,9A,data/processed/networks/climate_hazard_nodes.csv,climate_hazard_node,NOAA GLERL Great Lakes water-level and ice resources,SYS-CLIMATE,exact identity,resolved,b9_glerl_levels,real,verified,,Atlas identity is additive; local identifier remains authoritative.
ENT-CLIMATE-HZ-026,HZ-026,phase9A.climate_hazard_nodes,9A,data/processed/networks/climate_hazard_nodes.csv,climate_hazard_node,Generalized developed-system receptor context,SYS-CLIMATE,exact identity,resolved,b9_nws_points,real,inferred,,Atlas identity is additive; local identifier remains authoritative.
ENT-CLIMATE-HZ-027,HZ-027,phase9A.climate_hazard_nodes,9A,data/processed/networks/climate_hazard_nodes.csv,climate_hazard_node,Applied Climate Information System station-data service,SYS-CLIMATE,exact identity,resolved,b9_acis,real,verified,,Atlas identity is additive; local identifier remains authoritative.
ENT-CLIMATE-HZ-028,HZ-028,phase9A.climate_hazard_nodes,9A,data/processed/networks/climate_hazard_nodes.csv,climate_hazard_node,NOAA NCEI Storm Events 2025 details snapshot,SYS-CLIMATE,exact identity,resolved,b9_storm_events_2025,real,verified,,Atlas identity is additive; local identifier remains authoritative.
ENT-DATA-OBS-DAT-EIA-ELECTRICITY,OBS-DAT-EIA-ELECTRICITY,phase4A.observation_system_nodes,4A,data/processed/networks/observation_system_nodes.csv,observation_node,EIA electricity data products,SYS-DATA,exact identity,resolved,phase4a_eia_electricity,public data product,,public data product,Atlas identity is additive; local identifier remains authoritative.
ENT-DATA-OBS-DAT-EPA-ECHO,OBS-DAT-EPA-ECHO,phase4A.observation_system_nodes,4A,data/processed/networks/observation_system_nodes.csv,observation_node,EPA ECHO facility compliance and environmental data,SYS-DATA,exact identity,resolved,phase4a_epa_echo,public data product,,public data product,Atlas identity is additive; local identifier remains authoritative.
ENT-DATA-OBS-DAT-GLOS-ERDDAP-CRIB,OBS-DAT-GLOS-ERDDAP-CRIB,phase4A.observation_system_nodes,4A,data/processed/networks/observation_system_nodes.csv,observation_node,GLOS ERDDAP Toledo crib time-series data,SYS-DATA,exact identity,resolved,phase4a_glos_crib,public data product,,public data product,Atlas identity is additive; local identifier remains authoritative.
ENT-DATA-OBS-DAT-PJM-DATAMINER,OBS-DAT-PJM-DATAMINER,phase4A.observation_system_nodes,4A,data/processed/networks/observation_system_nodes.csv,observation_node,PJM Data Miner 2 public data products,SYS-DATA,exact identity,resolved,phase4a_pjm_dataminer,public data product,,public data product,Atlas identity is additive; local identifier remains authoritative.
ENT-DATA-OBS-DAT-USGS-NWIS-RT,OBS-DAT-USGS-NWIS-RT,phase4A.observation_system_nodes,4A,data/processed/networks/observation_system_nodes.csv,observation_node,USGS National Water Information System real-time data,SYS-DATA,exact identity,resolved,phase4a_usgs_nwis,public real-time data product,,public real-time data product,Atlas identity is additive; local identifier remains authoritative.
ENT-DATA-OBS-MOD-NOAA-HAB-FORECAST,OBS-MOD-NOAA-HAB-FORECAST,phase4A.observation_system_nodes,4A,data/processed/networks/observation_system_nodes.csv,observation_node,NOAA Lake Erie HAB Forecast,SYS-DATA,exact identity,resolved,phase4a_nccos_hab_forecast,public seasonal forecast service,,public seasonal forecast service,Atlas identity is additive; local identifier remains authoritative.
ENT-DATA-OBS-MOD-NOAA-NWPS,OBS-MOD-NOAA-NWPS,phase4A.observation_system_nodes,4A,data/processed/networks/observation_system_nodes.csv,observation_node,NOAA National Water Prediction Service,SYS-DATA,exact identity,resolved,phase4a_noaa_nwps,public forecast and warning service,,public forecast and warning service,Atlas identity is additive; local identifier remains authoritative.
ENT-DATA-OBS-NET-EIA-ELECTRICITY,OBS-NET-EIA-ELECTRICITY,phase4A.observation_system_nodes,4A,data/processed/networks/observation_system_nodes.csv,observation_node,EIA public electricity statistics network,SYS-DATA,exact identity,resolved,phase4a_eia_electricity,public statistical information network,,public statistical information network,Atlas identity is additive; local identifier remains authoritative.
ENT-DATA-OBS-NET-NOAA-GLERL-HAB,OBS-NET-NOAA-GLERL-HAB,phase4A.observation_system_nodes,4A,data/processed/networks/observation_system_nodes.csv,observation_node,NOAA GLERL Great Lakes HABs and Hypoxia observation program,SYS-DATA,exact identity,resolved,phase4a_glerl_hab,public research and monitoring program,,public research and monitoring program,Atlas identity is additive; local identifier remains authoritative.
ENT-DATA-OBS-NET-NPDES-MONITORING,OBS-NET-NPDES-MONITORING,phase4A.observation_system_nodes,4A,data/processed/networks/observation_system_nodes.csv,observation_node,NPDES monitoring and discharge-reporting network,SYS-DATA,exact identity,resolved,phase4a_epa_npdes,public regulatory reporting framework,,public regulatory reporting framework,Atlas identity is additive; local identifier remains authoritative.
ENT-DATA-OBS-NET-PJM-OPERATING-DATA,OBS-NET-PJM-OPERATING-DATA,phase4A.observation_system_nodes,4A,data/processed/networks/observation_system_nodes.csv,observation_node,PJM public operating-information network,SYS-DATA,exact identity,resolved,phase4a_pjm_dataminer,public operating-information interface,,public operating-information interface,Atlas identity is additive; local identifier remains authoritative.
ENT-DATA-OBS-ORG-CITY-TOLEDO-WATER,OBS-ORG-CITY-TOLEDO-WATER,phase4A.observation_system_nodes,4A,data/processed/networks/observation_system_nodes.csv,observation_node,City of Toledo drinking-water decision organization,SYS-DATA,exact identity,resolved,phase4a_toledo_water_quality,public organizational role,,public organizational role,Atlas identity is additive; local identifier remains authoritative.
ENT-DATA-OBS-ORG-NPDES-PROGRAM,OBS-ORG-NPDES-PROGRAM,phase4A.observation_system_nodes,4A,data/processed/networks/observation_system_nodes.csv,observation_node,US EPA / state-authorized NPDES program authorities,SYS-DATA,exact identity,resolved,phase4a_epa_npdes,public regulatory role,,public regulatory role,Atlas identity is additive; local identifier remains authoritative.
ENT-DATA-OBS-ORG-NWS,OBS-ORG-NWS,phase4A.observation_system_nodes,4A,data/processed/networks/observation_system_nodes.csv,observation_node,National Weather Service public warning organization,SYS-DATA,exact identity,resolved,phase4a_nws_flood,public organizational role,,public organizational role,Atlas identity is additive; local identifier remains authoritative.
ENT-DATA-OBS-ORG-PJM,OBS-ORG-PJM,phase4A.observation_system_nodes,4A,data/processed/networks/observation_system_nodes.csv,observation_node,PJM Interconnection operational organization,SYS-DATA,exact identity,resolved,phase4a_pjm_operations,public organizational role,,public organizational role,Atlas identity is additive; local identifier remains authoritative.
ENT-DATA-OBS-PHY-LAKE-ERIE-WESTERN,OBS-PHY-LAKE-ERIE-WESTERN,phase4A.observation_system_nodes,4A,data/processed/networks/observation_system_nodes.csv,observation_node,Western Lake Erie / Toledo water source,SYS-DATA,exact identity,resolved,phase4a_glerl_hab,factual_2026,,factual_2026,Atlas identity is additive; local identifier remains authoritative.
ENT-DATA-OBS-PHY-MAUMEE-LOWER,OBS-PHY-MAUMEE-LOWER,phase4A.observation_system_nodes,4A,data/processed/networks/observation_system_nodes.csv,observation_node,Lower Maumee River hydrologic system,SYS-DATA,exact identity,resolved,phase4a_usgs_nwis,factual_2026,,factual_2026,Atlas identity is additive; local identifier remains authoritative.
ENT-DATA-OBS-PHY-REGIONAL-GRID,OBS-PHY-REGIONAL-GRID,phase4A.observation_system_nodes,4A,data/processed/networks/observation_system_nodes.csv,observation_node,Western Basin regional electric system,SYS-DATA,exact identity,resolved,phase4a_pjm_operations,factual 2026 system context,,factual 2026 system context,Atlas identity is additive; local identifier remains authoritative.
ENT-DATA-OBS-PHY-REGULATED-FACILITY,OBS-PHY-REGULATED-FACILITY,phase4A.observation_system_nodes,4A,data/processed/networks/observation_system_nodes.csv,observation_node,Regulated wastewater / industrial facility context,SYS-DATA,exact identity,resolved,phase4a_epa_npdes,factual 2026 program context,,factual 2026 program context,Atlas identity is additive; local identifier remains authoritative.
ENT-DATA-OBS-RSP-FLOOD-WARNING-RESPONSE,OBS-RSP-FLOOD-WARNING-RESPONSE,phase4A.observation_system_nodes,4A,data/processed/networks/observation_system_nodes.csv,observation_node,Flood warning and public-safety response,SYS-DATA,exact identity,resolved,phase4a_nws_flood,documented public-response interface; local action not modeled,,documented public-response interface; local action not modeled,Atlas identity is additive; local identifier remains authoritative.
ENT-DATA-OBS-RSP-GRID-OPERATIONS,OBS-RSP-GRID-OPERATIONS,phase4A.observation_system_nodes,4A,data/processed/networks/observation_system_nodes.csv,observation_node,High-level grid operations and planning coordination,SYS-DATA,exact identity,resolved,phase4a_pjm_operations,documented public interface; internal action not modeled,,documented public interface; internal action not modeled,Atlas identity is additive; local identifier remains authoritative.
ENT-DATA-OBS-RSP-NPDES-COMPLIANCE,OBS-RSP-NPDES-COMPLIANCE,phase4A.observation_system_nodes,4A,data/processed/networks/observation_system_nodes.csv,observation_node,"NPDES compliance, permitting, or reporting response",SYS-DATA,exact identity,resolved,phase4a_epa_npdes,documented program response; case not modeled,,documented program response; case not modeled,Atlas identity is additive; local identifier remains authoritative.
ENT-DATA-OBS-RSP-TOLEDO-WATER-OPERATIONS,OBS-RSP-TOLEDO-WATER-OPERATIONS,phase4A.observation_system_nodes,4A,data/processed/networks/observation_system_nodes.csv,observation_node,Toledo drinking-water monitoring and treatment operations,SYS-DATA,exact identity,resolved,phase4a_toledo_water_quality,documented operational role; local thresholds not modeled,,documented operational role; local thresholds not modeled,Atlas identity is additive; local identifier remains authoritative.
ENT-DATA-OBS-SNS-GLOS-TOLEDO-CRIB,OBS-SNS-GLOS-TOLEDO-CRIB,phase4A.observation_system_nodes,4A,data/processed/networks/observation_system_nodes.csv,observation_node,GLOS / IOOS City of Toledo Water Intake Crib station,SYS-DATA,exact identity,resolved,phase4a_glos_crib,public station; operating status not assessed,,public station; operating status not assessed,Atlas identity is additive; local identifier remains authoritative.
ENT-DATA-OBS-SNS-USGS-04193500,OBS-SNS-USGS-04193500,phase4A.observation_system_nodes,4A,data/processed/networks/observation_system_nodes.csv,observation_node,"USGS 04193500 Maumee River at Waterville, OH",SYS-DATA,exact identity,resolved,phase4a_usgs_waterville,public streamgage; status represented from NWIS station record,,public streamgage; status represented from NWIS station record,Atlas identity is additive; local identifier remains authoritative.
ENT-ECOLOGY-ECO-001,ECO-001,phase6A.ecology_system_nodes,6A,data/processed/networks/ecology_system_nodes.csv,ecology_node,Western Lake Erie aquatic system,SYS-ECOLOGY,exact identity,resolved,usgs_nhdplus_hr,real_2026,,real_2026,Atlas identity is additive; local identifier remains authoritative.
ENT-ECOLOGY-ECO-002,ECO-002,phase6A.ecology_system_nodes,6A,data/processed/networks/ecology_system_nodes.csv,ecology_node,Maumee Bay receiving-water interface,SYS-ECOLOGY,exact identity,resolved,usgs_nhdplus_hr,real_2026,,real_2026,Atlas identity is additive; local identifier remains authoritative.
ENT-ECOLOGY-ECO-003,ECO-003,phase6A.ecology_system_nodes,6A,data/processed/networks/ecology_system_nodes.csv,ecology_node,Maumee River corridor,SYS-ECOLOGY,exact identity,resolved,usgs_3dhp_all,real_2026,,real_2026,Atlas identity is additive; local identifier remains authoritative.
ENT-ECOLOGY-ECO-004,ECO-004,phase6A.ecology_system_nodes,6A,data/processed/networks/ecology_system_nodes.csv,ecology_node,Maumee tributary and floodplain network,SYS-ECOLOGY,exact identity,resolved,usgs_3dhp_all,real_2026,,real_2026,Atlas identity is additive; local identifier remains authoritative.
ENT-ECOLOGY-ECO-005,ECO-005,phase6A.ecology_system_nodes,6A,data/processed/networks/ecology_system_nodes.csv,ecology_node,Western Lake Erie coastal wetland complex,SYS-ECOLOGY,exact identity,resolved,usfws_nwi,real_2026,,real_2026,Atlas identity is additive; local identifier remains authoritative.
ENT-ECOLOGY-ECO-006,ECO-006,phase6A.ecology_system_nodes,6A,data/processed/networks/ecology_system_nodes.csv,ecology_node,Ottawa National Wildlife Refuge,SYS-ECOLOGY,exact identity,resolved,phase6a_usfws_ottawa_nwr,real_2026,,real_2026,Atlas identity is additive; local identifier remains authoritative.
ENT-ECOLOGY-ECO-007,ECO-007,phase6A.ecology_system_nodes,6A,data/processed/networks/ecology_system_nodes.csv,ecology_node,Maumee Bay coastal wetland context,SYS-ECOLOGY,exact identity,resolved,usfws_nwi,real_2026,,real_2026,Atlas identity is additive; local identifier remains authoritative.
ENT-ECOLOGY-ECO-008,ECO-008,phase6A.ecology_system_nodes,6A,data/processed/networks/ecology_system_nodes.csv,ecology_node,Contemporary NWI wetland network,SYS-ECOLOGY,exact identity,resolved,usfws_nwi,real_2026,,real_2026,Atlas identity is additive; local identifier remains authoritative.
ENT-ECOLOGY-ECO-009,ECO-009,phase6A.ecology_system_nodes,6A,data/processed/networks/ecology_system_nodes.csv,ecology_node,Black Swamp legacy agricultural matrix,SYS-ECOLOGY,exact identity,resolved,h2ohio_great_black_swamp_history,real_2026,,real_2026,Atlas identity is additive; local identifier remains authoritative.
ENT-ECOLOGY-ECO-010,ECO-010,phase6A.ecology_system_nodes,6A,data/processed/networks/ecology_system_nodes.csv,ecology_node,Contemporary terrestrial habitat mosaic,SYS-ECOLOGY,exact identity,resolved,phase6a_mrlc_land_cover,real_2026,,real_2026,Atlas identity is additive; local identifier remains authoritative.
ENT-ECOLOGY-ECO-011,ECO-011,phase6A.ecology_system_nodes,6A,data/processed/networks/ecology_system_nodes.csv,ecology_node,Riparian and floodplain habitat interface,SYS-ECOLOGY,exact identity,resolved,usgs_3dhp_all,real_2026,,real_2026,Atlas identity is additive; local identifier remains authoritative.
ENT-ECOLOGY-ECO-012,ECO-012,phase6A.ecology_system_nodes,6A,data/processed/networks/ecology_system_nodes.csv,ecology_node,Urban / industrial ecological interface,SYS-ECOLOGY,exact identity,resolved,census_tigerweb_context,real_2026,,real_2026,Atlas identity is additive; local identifier remains authoritative.
ENT-ECOLOGY-ECO-013,ECO-013,phase6A.ecology_system_nodes,6A,data/processed/networks/ecology_system_nodes.csv,ecology_node,Western Lake Erie migratory-bird stopover function,SYS-ECOLOGY,exact identity,resolved,phase6a_usfws_ottawa_nwr,real_2026,,real_2026,Atlas identity is additive; local identifier remains authoritative.
ENT-ECOLOGY-ECO-014,ECO-014,phase6A.ecology_system_nodes,6A,data/processed/networks/ecology_system_nodes.csv,ecology_node,Lake Erie–tributary fish movement function,SYS-ECOLOGY,exact identity,resolved,phase6a_glfc_lake_erie_committee,real_2026,,real_2026,Atlas identity is additive; local identifier remains authoritative.
ENT-ECOLOGY-ECO-015,ECO-015,phase6A.ecology_system_nodes,6A,data/processed/networks/ecology_system_nodes.csv,ecology_node,Terrestrial pollinator habitat function,SYS-ECOLOGY,exact identity,resolved,phase6a_mrlc_land_cover,real_2026,,real_2026,Atlas identity is additive; local identifier remains authoritative.
ENT-ECOLOGY-ECO-016,ECO-016,phase6A.ecology_system_nodes,6A,data/processed/networks/ecology_system_nodes.csv,ecology_node,Nutrient and HAB ecological condition,SYS-ECOLOGY,exact identity,resolved,noaa_hab,real_2026,,real_2026,Atlas identity is additive; local identifier remains authoritative.
ENT-ENERGY-ENE-COMPUTE-BG-5MW,ENE-COMPUTE-BG-5MW,phase3A.energy_system_nodes,3A,data/processed/networks/energy_system_nodes.csv,energy_node,Oppidan Bowling Green data-center project,SYS-ENERGY,exact identity,resolved,SRC-BG-DATACENTER-2025,real,qualified,,Atlas identity is additive; local identifier remains authoritative.
ENT-ENERGY-ENE-EIA-1729,ENE-EIA-1729,phase3A.energy_system_nodes,3A,data/processed/networks/energy_system_nodes.csv,energy_node,Fermi,SYS-ENERGY,exact identity,resolved,SRC-EIA-PLANTS-2025,real,verified,,Atlas identity is additive; local identifier remains authoritative.
ENT-ENERGY-ENE-EIA-1733,ENE-EIA-1733,phase3A.energy_system_nodes,3A,data/processed/networks/energy_system_nodes.csv,energy_node,Monroe (MI),SYS-ENERGY,exact identity,resolved,SRC-EIA-PLANTS-2025,real,verified,,Atlas identity is additive; local identifier remains authoritative.
ENT-ENERGY-ENE-EIA-55348,ENE-EIA-55348,phase3A.energy_system_nodes,3A,data/processed/networks/energy_system_nodes.csv,energy_node,Troy Energy LLC,SYS-ENERGY,exact identity,resolved,SRC-EIA-PLANTS-2025,real,verified,,Atlas identity is additive; local identifier remains authoritative.
ENT-ENERGY-ENE-EIA-55701,ENE-EIA-55701,phase3A.energy_system_nodes,3A,data/processed/networks/energy_system_nodes.csv,energy_node,Fremont Energy Center,SYS-ENERGY,exact identity,resolved,SRC-EIA-PLANTS-2025,real,verified,,Atlas identity is additive; local identifier remains authoritative.
ENT-ENERGY-ENE-EIA-56226,ENE-EIA-56226,phase3A.energy_system_nodes,3A,data/processed/networks/energy_system_nodes.csv,energy_node,Bowling Green Wind,SYS-ENERGY,exact identity,resolved,SRC-EIA-PLANTS-2025,real,verified,,Atlas identity is additive; local identifier remains authoritative.
ENT-ENERGY-ENE-EIA-59764,ENE-EIA-59764,phase3A.energy_system_nodes,3A,data/processed/networks/energy_system_nodes.csv,energy_node,Oregon Clean Energy Center,SYS-ENERGY,exact identity,resolved,SRC-EIA-PLANTS-2025,real,verified,,Atlas identity is additive; local identifier remains authoritative.
ENT-ENERGY-ENE-EIA-60622,ENE-EIA-60622,phase3A.energy_system_nodes,3A,data/processed/networks/energy_system_nodes.csv,energy_node,DG AMP Solar Bowling Green,SYS-ENERGY,exact identity,resolved,SRC-EIA-PLANTS-2025,real,verified,,Atlas identity is additive; local identifier remains authoritative.
ENT-ENERGY-ENE-EIA-6149,ENE-EIA-6149,phase3A.energy_system_nodes,3A,data/processed/networks/energy_system_nodes.csv,energy_node,Davis Besse,SYS-ENERGY,exact identity,resolved,SRC-EIA-PLANTS-2025,real,verified,,Atlas identity is additive; local identifier remains authoritative.
ENT-ENERGY-ENE-EIA-63322,ENE-EIA-63322,phase3A.energy_system_nodes,3A,data/processed/networks/energy_system_nodes.csv,energy_node,"Temperance Solar, LLC",SYS-ENERGY,exact identity,resolved,SRC-EIA-PLANTS-2025,real,verified,,Atlas identity is additive; local identifier remains authoritative.
ENT-ENERGY-ENE-EIA-65951,ENE-EIA-65951,phase3A.energy_system_nodes,3A,data/processed/networks/energy_system_nodes.csv,energy_node,Bowling Green Energy Storage Project,SYS-ENERGY,exact identity,resolved,SRC-EIA-PLANTS-2025,real,verified,,Atlas identity is additive; local identifier remains authoritative.
ENT-ENERGY-ENE-EIA-67758,ENE-EIA-67758,phase3A.energy_system_nodes,3A,data/processed/networks/energy_system_nodes.csv,energy_node,Slocum Energy Storage,SYS-ENERGY,exact identity,resolved,SRC-EIA-PLANTS-2025,real,verified,,Atlas identity is additive; local identifier remains authoritative.
ENT-ENERGY-ENE-GRID-ATSI,ENE-GRID-ATSI,phase3A.energy_system_nodes,3A,data/processed/networks/energy_system_nodes.csv,energy_node,PJM / ATSI–Toledo Edison regional interface,SYS-ENERGY,exact identity,resolved,SRC-PJM-ATSI-2026,real,verified,,Atlas identity is additive; local identifier remains authoritative.
ENT-ENERGY-ENE-GRID-DTE,ENE-GRID-DTE,phase3A.energy_system_nodes,3A,data/processed/networks/energy_system_nodes.csv,energy_node,DTE Southeast Michigan regional interface,SYS-ENERGY,exact identity,resolved,SRC-EIA-TRANSMISSION-2025,real,verified,,Atlas identity is additive; local identifier remains authoritative.
ENT-ENERGY-ENE-LOAD-BAYVIEW,ENE-LOAD-BAYVIEW,phase3A.energy_system_nodes,3A,data/processed/networks/energy_system_nodes.csv,energy_node,Bay View Water Reclamation Plant,SYS-ENERGY,exact identity,resolved,SRC-TOLEDO-BAYVIEW-2026,real,verified,,Atlas identity is additive; local identifier remains authoritative.
ENT-ENERGY-ENE-LOAD-COLLINS,ENE-LOAD-COLLINS,phase3A.energy_system_nodes,3A,data/processed/networks/energy_system_nodes.csv,energy_node,Collins Park Water Treatment Plant,SYS-ENERGY,exact identity,resolved,SRC-TOLEDO-COLLINS-2026,real,verified,,Atlas identity is additive; local identifier remains authoritative.
ENT-ENERGY-ENE-LOAD-ELMORE,ENE-LOAD-ELMORE,phase3A.energy_system_nodes,3A,data/processed/networks/energy_system_nodes.csv,energy_node,Materion Elmore advanced processing,SYS-ENERGY,exact identity,resolved,SRC-EPA-MATERION-ELMORE,real,verified,,Atlas identity is additive; local identifier remains authoritative.
ENT-ENERGY-ENE-LOAD-WOODVILLE,ENE-LOAD-WOODVILLE,phase3A.energy_system_nodes,3A,data/processed/networks/energy_system_nodes.csv,energy_node,Martin Marietta Woodville lime processing,SYS-ENERGY,exact identity,resolved,SRC-MM-WOODVILLE-2025,real,verified,,Atlas identity is additive; local identifier remains authoritative.
ENT-ENERGY-DEP-COMMUNICATIONS-NETWORK,DEP-COMMUNICATIONS-NETWORK,phase3B.energy_dependency_nodes,3B,data/processed/networks/energy_dependency_nodes.csv,energy_dependency_interface,Operational communications network,SYS-ENERGY,exact identity,resolved,SRC-PJM-PLANNING-2026,regional,qualified,,Atlas identity is additive; local identifier remains authoritative.
ENT-ENERGY-DEP-COOLING-WATER,DEP-COOLING-WATER,phase3B.energy_dependency_nodes,3B,data/processed/networks/energy_dependency_nodes.csv,energy_dependency_interface,Cooling and auxiliary water,SYS-ENERGY,exact identity,resolved,SRC-NRC-COOLING-GENERIC-2026,regional,qualified,,Atlas identity is additive; local identifier remains authoritative.
ENT-ENERGY-DEP-FUEL-LOGISTICS,DEP-FUEL-LOGISTICS,phase3B.energy_dependency_nodes,3B,data/processed/networks/energy_dependency_nodes.csv,energy_dependency_interface,External coal/petcoke fuel logistics,SYS-ENERGY,exact identity,resolved,SRC-DTE-MONROE-2024,external,qualified,,Atlas identity is additive; local identifier remains authoritative.
ENT-ENERGY-DEP-NATURAL-GAS-SUPPLY,DEP-NATURAL-GAS-SUPPLY,phase3B.energy_dependency_nodes,3B,data/processed/networks/energy_dependency_nodes.csv,energy_dependency_interface,Regional/external natural-gas supply,SYS-ENERGY,exact identity,resolved,SRC-EIA-NG-CONTRACTS-2018,external,qualified,,Atlas identity is additive; local identifier remains authoritative.
ENT-ENERGY-DEP-WEATHER-RESOURCE,DEP-WEATHER-RESOURCE,phase3B.energy_dependency_nodes,3B,data/processed/networks/energy_dependency_nodes.csv,energy_dependency_interface,Weather-dependent renewable resource,SYS-ENERGY,exact identity,resolved,SRC-DOE-VRE-2026,external,qualified,,Atlas identity is additive; local identifier remains authoritative.
ENT-EXPOSURE-EXP-001,EXP-001,phase7A.exposure_context_nodes,7A,data/processed/networks/exposure_context_nodes.csv,exposure_context_node,Lake Erie source-water / HAB condition,SYS-EXPOSURE,exact identity,resolved,noaa_hab,environmental_presence,,environmental_presence,Atlas identity is additive; local identifier remains authoritative.
ENT-EXPOSURE-EXP-002,EXP-002,phase7A.exposure_context_nodes,7A,data/processed/networks/exposure_context_nodes.csv,exposure_context_node,Toledo water intake context,SYS-EXPOSURE,exact identity,resolved,glos_intake,potential_pathway,,potential_pathway,Atlas identity is additive; local identifier remains authoritative.
ENT-EXPOSURE-EXP-003,EXP-003,phase7A.exposure_context_nodes,7A,data/processed/networks/exposure_context_nodes.csv,exposure_context_node,Collins Park treatment / control,SYS-EXPOSURE,exact identity,resolved,toledo_water,controlled_pathway,,controlled_pathway,Atlas identity is additive; local identifier remains authoritative.
ENT-EXPOSURE-EXP-004,EXP-004,phase7A.exposure_context_nodes,7A,data/processed/networks/exposure_context_nodes.csv,exposure_context_node,HAB and drinking-water monitoring,SYS-EXPOSURE,exact identity,resolved,ohio_epa_hab,monitoring_control,,monitoring_control,Atlas identity is additive; local identifier remains authoritative.
ENT-EXPOSURE-EXP-005,EXP-005,phase7A.exposure_context_nodes,7A,data/processed/networks/exposure_context_nodes.csv,exposure_context_node,Ambient PM2.5 / ozone context,SYS-EXPOSURE,exact identity,resolved,epa_aqs,environmental_presence,,environmental_presence,Atlas identity is additive; local identifier remains authoritative.
ENT-EXPOSURE-EXP-006,EXP-006,phase7A.exposure_context_nodes,7A,data/processed/networks/exposure_context_nodes.csv,exposure_context_node,EPA AQS / AirData network,SYS-EXPOSURE,exact identity,resolved,epa_aqs,monitoring_control,,monitoring_control,Atlas identity is additive; local identifier remains authoritative.
ENT-EXPOSURE-EXP-007,EXP-007,phase7A.exposure_context_nodes,7A,data/processed/networks/exposure_context_nodes.csv,exposure_context_node,Ohio / Michigan air monitoring context,SYS-EXPOSURE,exact identity,resolved,ohio_epa_air,monitoring_control,,monitoring_control,Atlas identity is additive; local identifier remains authoritative.
ENT-EXPOSURE-EXP-008,EXP-008,phase7A.exposure_context_nodes,7A,data/processed/networks/exposure_context_nodes.csv,exposure_context_node,Luckey documented legacy contamination,SYS-EXPOSURE,exact identity,resolved,usace_luckey_2026,environmental_presence,,environmental_presence,Atlas identity is additive; local identifier remains authoritative.
ENT-EXPOSURE-EXP-009,EXP-009,phase7A.exposure_context_nodes,7A,data/processed/networks/exposure_context_nodes.csv,exposure_context_node,Luckey groundwater monitoring / remedy,SYS-EXPOSURE,exact identity,resolved,usace_luckey_groundwater_2026,controlled_pathway,,controlled_pathway,Atlas identity is additive; local identifier remains authoritative.
ENT-EXPOSURE-EXP-010,EXP-010,phase7A.exposure_context_nodes,7A,data/processed/networks/exposure_context_nodes.csv,exposure_context_node,Luckey remediation controls,SYS-EXPOSURE,exact identity,resolved,usace_luckey_2026,monitoring_control,,monitoring_control,Atlas identity is additive; local identifier remains authoritative.
ENT-EXPOSURE-EXP-011,EXP-011,phase7A.exposure_context_nodes,7A,data/processed/networks/exposure_context_nodes.csv,exposure_context_node,Fish-consumption advisory system,SYS-EXPOSURE,exact identity,resolved,ohio_fish_advisories,advisory_context,,advisory_context,Atlas identity is additive; local identifier remains authoritative.
ENT-EXPOSURE-EXP-012,EXP-012,phase7A.exposure_context_nodes,7A,data/processed/networks/exposure_context_nodes.csv,exposure_context_node,Western Lake Erie fish context,SYS-EXPOSURE,exact identity,resolved,epa_lake_erie,environmental_presence,,environmental_presence,Atlas identity is additive; local identifier remains authoritative.
ENT-EXPOSURE-EXP-013,EXP-013,phase7A.exposure_context_nodes,7A,data/processed/networks/exposure_context_nodes.csv,exposure_context_node,Recreational-water monitoring / advisory,SYS-EXPOSURE,exact identity,resolved,ohio_recreational_water,advisory_context,,advisory_context,Atlas identity is additive; local identifier remains authoritative.
ENT-EXPOSURE-EXP-014,EXP-014,phase7A.exposure_context_nodes,7A,data/processed/networks/exposure_context_nodes.csv,exposure_context_node,Heat and humidity conditions,SYS-EXPOSURE,exact identity,resolved,nws_heat,environmental_presence,,environmental_presence,Atlas identity is additive; local identifier remains authoritative.
ENT-EXPOSURE-EXP-015,EXP-015,phase7A.exposure_context_nodes,7A,data/processed/networks/exposure_context_nodes.csv,exposure_context_node,NWS heat warning / observation system,SYS-EXPOSURE,exact identity,resolved,nws_heat,monitoring_control,,monitoring_control,Atlas identity is additive; local identifier remains authoritative.
ENT-EXPOSURE-EXP-016,EXP-016,phase7A.exposure_context_nodes,7A,data/processed/networks/exposure_context_nodes.csv,exposure_context_node,Outdoor-work context,SYS-EXPOSURE,exact identity,resolved,nws_heat,potential_pathway,,potential_pathway,Atlas identity is additive; local identifier remains authoritative.
ENT-EXPOSURE-EXP-017,EXP-017,phase7A.exposure_context_nodes,7A,data/processed/networks/exposure_context_nodes.csv,exposure_context_node,Residential population context,SYS-EXPOSURE,exact identity,resolved,epa_aqs,potential_pathway,,potential_pathway,Atlas identity is additive; local identifier remains authoritative.
ENT-EXPOSURE-EXP-018,EXP-018,phase7A.exposure_context_nodes,7A,data/processed/networks/exposure_context_nodes.csv,exposure_context_node,Water-system users context,SYS-EXPOSURE,exact identity,resolved,toledo_water,potential_pathway,,potential_pathway,Atlas identity is additive; local identifier remains authoritative.
ENT-EXPOSURE-EXP-019,EXP-019,phase7A.exposure_context_nodes,7A,data/processed/networks/exposure_context_nodes.csv,exposure_context_node,Recreational users context,SYS-EXPOSURE,exact identity,resolved,ohio_recreational_water,potential_pathway,,potential_pathway,Atlas identity is additive; local identifier remains authoritative.
ENT-EXPOSURE-EXP-020,EXP-020,phase7A.exposure_context_nodes,7A,data/processed/networks/exposure_context_nodes.csv,exposure_context_node,Workers context,SYS-EXPOSURE,exact identity,resolved,usace_luckey_2026,potential_pathway,,potential_pathway,Atlas identity is additive; local identifier remains authoritative.
ENT-FREIGHT-BER-LEG-LUCKEY,BER-LEG-LUCKEY,phase5A.freight_system_nodes,5A,data/processed/networks/freight_system_nodes.csv,freight_node,Luckey FUSRAP remediation site,SYS-FREIGHT,exact identity,resolved,phase5a_luckey_usace,active remediation 2026,,active remediation 2026,Atlas identity is additive; local identifier remains authoritative.
ENT-FREIGHT-BER-PROC-ELMORE,BER-PROC-ELMORE,phase5A.freight_system_nodes,5A,data/processed/networks/freight_system_nodes.csv,freight_node,Materion Elmore advanced processing,SYS-FREIGHT,exact identity,resolved,phase5a_materion_elmore,operating 2026 facility context,,operating 2026 facility context,Atlas identity is additive; local identifier remains authoritative.
ENT-FREIGHT-CARB-EXT-AREA-WOODVILLE,CARB-EXT-AREA-WOODVILLE,phase5A.freight_system_nodes,5A,data/processed/networks/freight_system_nodes.csv,freight_node,Area Aggregates Woodville extraction,SYS-FREIGHT,exact identity,resolved,phase5a_area_woodville,operating 2026 permit context,,operating 2026 permit context,Atlas identity is additive; local identifier remains authoritative.
ENT-FREIGHT-CARB-PROC-GRAYMONT-GENOA,CARB-PROC-GRAYMONT-GENOA,phase5A.freight_system_nodes,5A,data/processed/networks/freight_system_nodes.csv,freight_node,Graymont Genoa lime processing,SYS-FREIGHT,exact identity,resolved,phase5a_graymont_genoa,operating 2026 facility context,,operating 2026 facility context,Atlas identity is additive; local identifier remains authoritative.
ENT-FREIGHT-CARB-PROC-MM-WOODVILLE,CARB-PROC-MM-WOODVILLE,phase5A.freight_system_nodes,5A,data/processed/networks/freight_system_nodes.csv,freight_node,Martin Marietta Woodville lime processing,SYS-FREIGHT,exact identity,resolved,phase5a_mm_woodville,operating 2026 facility context,,operating 2026 facility context,Atlas identity is additive; local identifier remains authoritative.
ENT-FREIGHT-FRT-AG-MIDWEST-BULK,FRT-AG-MIDWEST-BULK,phase5A.freight_system_nodes,5A,data/processed/networks/freight_system_nodes.csv,freight_node,Midwest agricultural bulk market context,SYS-FREIGHT,exact identity,resolved,phase5a_fhwa_faf,generalized external context,,generalized external context,Atlas identity is additive; local identifier remains authoritative.
ENT-FREIGHT-FRT-FUEL-EXTERNAL,FRT-FUEL-EXTERNAL,phase5A.freight_system_nodes,5A,data/processed/networks/freight_system_nodes.csv,freight_node,External fuel and petroleum logistics interface,SYS-FREIGHT,exact identity,resolved,phase5a_eia_petroleum,generalized external interface,,generalized external interface,Atlas identity is additive; local identifier remains authoritative.
ENT-FREIGHT-FRT-HWY-I280,FRT-HWY-I280,phase5A.freight_system_nodes,5A,data/processed/networks/freight_system_nodes.csv,freight_node,I-280 freight connector context,SYS-FREIGHT,exact identity,resolved,census_tigerweb_context,public primary-road corridor,,public primary-road corridor,Atlas identity is additive; local identifier remains authoritative.
ENT-FREIGHT-FRT-HWY-I75,FRT-HWY-I75,phase5A.freight_system_nodes,5A,data/processed/networks/freight_system_nodes.csv,freight_node,I-75 freight corridor,SYS-FREIGHT,exact identity,resolved,census_tigerweb_context,public primary-road corridor,,public primary-road corridor,Atlas identity is additive; local identifier remains authoritative.
ENT-FREIGHT-FRT-HWY-I80-90,FRT-HWY-I80-90,phase5A.freight_system_nodes,5A,data/processed/networks/freight_system_nodes.csv,freight_node,I-80 / I-90 Ohio Turnpike freight corridor,SYS-FREIGHT,exact identity,resolved,census_tigerweb_context,public primary-road corridor,,public primary-road corridor,Atlas identity is additive; local identifier remains authoritative.
ENT-FREIGHT-FRT-HWY-US23,FRT-HWY-US23,phase5A.freight_system_nodes,5A,data/processed/networks/freight_system_nodes.csv,freight_node,US-23 freight corridor,SYS-FREIGHT,exact identity,resolved,census_tigerweb_context,public primary-road corridor,,public primary-road corridor,Atlas identity is additive; local identifier remains authoritative.
ENT-FREIGHT-FRT-IND-IRONVILLE,FRT-IND-IRONVILLE,phase5A.freight_system_nodes,5A,data/processed/networks/freight_system_nodes.csv,freight_node,Cleveland-Cliffs Ironville direct-reduction plant,SYS-FREIGHT,exact identity,resolved,phase5a_toledo_port,documented industrial role; exact terminal point generalized,,documented industrial role; exact terminal point generalized,Atlas identity is additive; local identifier remains authoritative.
ENT-FREIGHT-FRT-MKT-GREAT-LAKES,FRT-MKT-GREAT-LAKES,phase5A.freight_system_nodes,5A,data/processed/networks/freight_system_nodes.csv,freight_node,Great Lakes / St. Lawrence external markets,SYS-FREIGHT,exact identity,resolved,phase5a_great_lakes_seaway,generalized market interface,,generalized market interface,Atlas identity is additive; local identifier remains authoritative.
ENT-FREIGHT-FRT-MKT-LICENSED-DISPOSAL,FRT-MKT-LICENSED-DISPOSAL,phase5A.freight_system_nodes,5A,data/processed/networks/freight_system_nodes.csv,freight_node,External licensed remediation-disposal destination,SYS-FREIGHT,exact identity,resolved,phase5a_luckey_logistics,documented program-level destination,,documented program-level destination,Atlas identity is additive; local identifier remains authoritative.
ENT-FREIGHT-FRT-MKT-MICHIGAN-CANADA,FRT-MKT-MICHIGAN-CANADA,phase5A.freight_system_nodes,5A,data/processed/networks/freight_system_nodes.csv,freight_node,Michigan / Canada freight interface,SYS-FREIGHT,exact identity,resolved,phase5a_toledo_port,generalized market interface,,generalized market interface,Atlas identity is additive; local identifier remains authoritative.
ENT-FREIGHT-FRT-MKT-MIDWEST-INDUSTRIAL,FRT-MKT-MIDWEST-INDUSTRIAL,phase5A.freight_system_nodes,5A,data/processed/networks/freight_system_nodes.csv,freight_node,Midwest industrial markets,SYS-FREIGHT,exact identity,resolved,phase5a_fhwa_faf,generalized market interface,,generalized market interface,Atlas identity is additive; local identifier remains authoritative.
ENT-FREIGHT-FRT-PORT-TOLEDO,FRT-PORT-TOLEDO,phase5A.freight_system_nodes,5A,data/processed/networks/freight_system_nodes.csv,freight_node,Port of Toledo,SYS-FREIGHT,exact identity,resolved,phase5a_port_geocode,operating public port,,operating public port,Atlas identity is additive; local identifier remains authoritative.
ENT-FREIGHT-FRT-RAIL-CN,FRT-RAIL-CN,phase5A.freight_system_nodes,5A,data/processed/networks/freight_system_nodes.csv,freight_node,Canadian National Class I freight corridor context,SYS-FREIGHT,exact identity,resolved,phase5a_ntad_rail,public corridor,,public corridor,Atlas identity is additive; local identifier remains authoritative.
ENT-FREIGHT-FRT-RAIL-CSXT,FRT-RAIL-CSXT,phase5A.freight_system_nodes,5A,data/processed/networks/freight_system_nodes.csv,freight_node,CSX Class I freight corridor context,SYS-FREIGHT,exact identity,resolved,phase5a_ntad_rail,public corridor,,public corridor,Atlas identity is additive; local identifier remains authoritative.
ENT-FREIGHT-FRT-RAIL-NS,FRT-RAIL-NS,phase5A.freight_system_nodes,5A,data/processed/networks/freight_system_nodes.csv,freight_node,Norfolk Southern Class I freight corridor context,SYS-FREIGHT,exact identity,resolved,phase5a_ntad_rail,public corridor,,public corridor,Atlas identity is additive; local identifier remains authoritative.
ENT-FREIGHT-FRT-RAIL-WLE,FRT-RAIL-WLE,phase5A.freight_system_nodes,5A,data/processed/networks/freight_system_nodes.csv,freight_node,Wheeling & Lake Erie Railway public port interface,SYS-FREIGHT,exact identity,resolved,phase5a_toledo_port,publicly listed regional interface; geometry not modeled,,publicly listed regional interface; geometry not modeled,Atlas identity is additive; local identifier remains authoritative.
ENT-FREIGHT-FRT-TERM-IRONVILLE,FRT-TERM-IRONVILLE,phase5A.freight_system_nodes,5A,data/processed/networks/freight_system_nodes.csv,freight_node,Ironville Terminal / Cleveland-Cliffs HBI interface,SYS-FREIGHT,exact identity,resolved,phase5a_toledo_port,documented terminal role; point not separately geocoded,,documented terminal role; point not separately geocoded,Atlas identity is additive; local identifier remains authoritative.
ENT-GOVERNANCE-GA-001,GA-001,phase10A.governance_actors,10A,data/processed/analysis/governance_actors.csv,governance_actor,U.S. Environmental Protection Agency,SYS-GOVERNANCE,exact identity,resolved,s01_epa_sdwa,real,verified,,Atlas identity is additive; local identifier remains authoritative.
ENT-GOVERNANCE-GA-002,GA-002,phase10A.governance_actors,10A,data/processed/analysis/governance_actors.csv,governance_actor,Ohio Environmental Protection Agency,SYS-GOVERNANCE,exact identity,resolved,s02_ohio_pws,real,verified,,Atlas identity is additive; local identifier remains authoritative.
ENT-GOVERNANCE-GA-003,GA-003,phase10A.governance_actors,10A,data/processed/analysis/governance_actors.csv,governance_actor,City of Toledo,SYS-GOVERNANCE,exact identity,resolved,s03_toledo_treatment,real,verified,,Atlas identity is additive; local identifier remains authoritative.
ENT-GOVERNANCE-GA-004,GA-004,phase10A.governance_actors,10A,data/processed/analysis/governance_actors.csv,governance_actor,City of Toledo Public Utilities — Water Treatment Division,SYS-GOVERNANCE,exact identity,resolved,s03_toledo_treatment,real,verified,,Atlas identity is additive; local identifier remains authoritative.
ENT-GOVERNANCE-GA-005,GA-005,phase10A.governance_actors,10A,data/processed/analysis/governance_actors.csv,governance_actor,U.S. Geological Survey,SYS-GOVERNANCE,exact identity,resolved,s06_usgs_data,real,verified,,Atlas identity is additive; local identifier remains authoritative.
ENT-GOVERNANCE-GA-006,GA-006,phase10A.governance_actors,10A,data/processed/analysis/governance_actors.csv,governance_actor,National Oceanic and Atmospheric Administration / National Weather Service,SYS-GOVERNANCE,exact identity,resolved,s36_nws,real,verified,,Atlas identity is additive; local identifier remains authoritative.
ENT-GOVERNANCE-GA-007,GA-007,phase10A.governance_actors,10A,data/processed/analysis/governance_actors.csv,governance_actor,NOAA Great Lakes Environmental Research Laboratory,SYS-GOVERNANCE,exact identity,resolved,s07_glerl,real,verified,,Atlas identity is additive; local identifier remains authoritative.
ENT-GOVERNANCE-GA-008,GA-008,phase10A.governance_actors,10A,data/processed/analysis/governance_actors.csv,governance_actor,U.S. Army Corps of Engineers,SYS-GOVERNANCE,exact identity,resolved,s07_usace_regulatory,real,verified,,Atlas identity is additive; local identifier remains authoritative.
ENT-GOVERNANCE-GA-009,GA-009,phase10A.governance_actors,10A,data/processed/analysis/governance_actors.csv,governance_actor,U.S. Fish and Wildlife Service,SYS-GOVERNANCE,exact identity,resolved,s08_usfws_nwi,real,verified,,Atlas identity is additive; local identifier remains authoritative.
ENT-GOVERNANCE-GA-010,GA-010,phase10A.governance_actors,10A,data/processed/analysis/governance_actors.csv,governance_actor,Federal Emergency Management Agency,SYS-GOVERNANCE,exact identity,resolved,s34_fema_nfhl,real,verified,,Atlas identity is additive; local identifier remains authoritative.
ENT-GOVERNANCE-GA-011,GA-011,phase10A.governance_actors,10A,data/processed/analysis/governance_actors.csv,governance_actor,USDA Natural Resources Conservation Service,SYS-GOVERNANCE,exact identity,resolved,s11_nrcs_ohio,real,verified,,Atlas identity is additive; local identifier remains authoritative.
ENT-GOVERNANCE-GA-012,GA-012,phase10A.governance_actors,10A,data/processed/analysis/governance_actors.csv,governance_actor,Ohio Department of Agriculture,SYS-GOVERNANCE,exact identity,resolved,s44_ohio_oda,real,verified,,Atlas identity is additive; local identifier remains authoritative.
ENT-GOVERNANCE-GA-013,GA-013,phase10A.governance_actors,10A,data/processed/analysis/governance_actors.csv,governance_actor,Lucas Soil and Water Conservation District,SYS-GOVERNANCE,exact identity,resolved,s10_h2ohio,real,verified,,Atlas identity is additive; local identifier remains authoritative.
ENT-GOVERNANCE-GA-014,GA-014,phase10A.governance_actors,10A,data/processed/analysis/governance_actors.csv,governance_actor,Ohio Department of Natural Resources,SYS-GOVERNANCE,exact identity,resolved,s45_odnr,real,inferred,,Atlas identity is additive; local identifier remains authoritative.
ENT-GOVERNANCE-GA-015,GA-015,phase10A.governance_actors,10A,data/processed/analysis/governance_actors.csv,governance_actor,"Michigan Department of Environment, Great Lakes, and Energy",SYS-GOVERNANCE,exact identity,resolved,s37_michigan_egle,real,verified,,Atlas identity is additive; local identifier remains authoritative.
ENT-GOVERNANCE-GA-016,GA-016,phase10A.governance_actors,10A,data/processed/analysis/governance_actors.csv,governance_actor,Indiana Department of Environmental Management,SYS-GOVERNANCE,exact identity,resolved,s46_indiana_idem,real,inferred,,Atlas identity is additive; local identifier remains authoritative.
ENT-GOVERNANCE-GA-017,GA-017,phase10A.governance_actors,10A,data/processed/analysis/governance_actors.csv,governance_actor,Great Lakes Commission,SYS-GOVERNANCE,exact identity,resolved,s13_glc,real,verified,,Atlas identity is additive; local identifier remains authoritative.
ENT-GOVERNANCE-GA-018,GA-018,phase10A.governance_actors,10A,data/processed/analysis/governance_actors.csv,governance_actor,Great Lakes–St. Lawrence Governors & Premiers,SYS-GOVERNANCE,exact identity,resolved,s14_gsgp,real,verified,,Atlas identity is additive; local identifier remains authoritative.
ENT-GOVERNANCE-GA-019,GA-019,phase10A.governance_actors,10A,data/processed/analysis/governance_actors.csv,governance_actor,International Joint Commission,SYS-GOVERNANCE,exact identity,resolved,s16_ijc,real,inferred,,Atlas identity is additive; local identifier remains authoritative.
ENT-GOVERNANCE-GA-020,GA-020,phase10A.governance_actors,10A,data/processed/analysis/governance_actors.csv,governance_actor,U.S.–Canada Great Lakes Water Quality Agreement parties,SYS-GOVERNANCE,exact identity,resolved,s15_glwqa,real,verified,,Atlas identity is additive; local identifier remains authoritative.
ENT-GOVERNANCE-GA-021,GA-021,phase10A.governance_actors,10A,data/processed/analysis/governance_actors.csv,governance_actor,Great Lakes Indian Fish & Wildlife Commission,SYS-GOVERNANCE,exact identity,resolved,s17_glifwc,real,verified,,Atlas identity is additive; local identifier remains authoritative.
ENT-GOVERNANCE-GA-022,GA-022,phase10A.governance_actors,10A,data/processed/analysis/governance_actors.csv,governance_actor,Pokagon Band of Potawatomi Indians,SYS-GOVERNANCE,exact identity,resolved,s19_pokagon,real,verified,,Atlas identity is additive; local identifier remains authoritative.
ENT-GOVERNANCE-GA-023,GA-023,phase10A.governance_actors,10A,data/processed/analysis/governance_actors.csv,governance_actor,Little Traverse Bay Bands of Odawa Indians,SYS-GOVERNANCE,exact identity,resolved,s20_ltbb,real,verified,,Atlas identity is additive; local identifier remains authoritative.
ENT-GOVERNANCE-GA-024,GA-024,phase10A.governance_actors,10A,data/processed/analysis/governance_actors.csv,governance_actor,Federal Energy Regulatory Commission,SYS-GOVERNANCE,exact identity,resolved,s21_ferc,real,verified,,Atlas identity is additive; local identifier remains authoritative.
ENT-GOVERNANCE-GA-025,GA-025,phase10A.governance_actors,10A,data/processed/analysis/governance_actors.csv,governance_actor,North American Electric Reliability Corporation,SYS-GOVERNANCE,exact identity,resolved,s23_nerc,real,verified,,Atlas identity is additive; local identifier remains authoritative.
ENT-GOVERNANCE-GA-026,GA-026,phase10A.governance_actors,10A,data/processed/analysis/governance_actors.csv,governance_actor,PJM Interconnection,SYS-GOVERNANCE,exact identity,resolved,s24_pjm,real,verified,,Atlas identity is additive; local identifier remains authoritative.
ENT-GOVERNANCE-GA-027,GA-027,phase10A.governance_actors,10A,data/processed/analysis/governance_actors.csv,governance_actor,Public Utilities Commission of Ohio,SYS-GOVERNANCE,exact identity,resolved,s25_puco,real,verified,,Atlas identity is additive; local identifier remains authoritative.
ENT-GOVERNANCE-GA-028,GA-028,phase10A.governance_actors,10A,data/processed/analysis/governance_actors.csv,governance_actor,U.S. Nuclear Regulatory Commission,SYS-GOVERNANCE,exact identity,resolved,s26_nrc,real,verified,,Atlas identity is additive; local identifier remains authoritative.
ENT-GOVERNANCE-GA-029,GA-029,phase10A.governance_actors,10A,data/processed/analysis/governance_actors.csv,governance_actor,U.S. Department of Energy,SYS-GOVERNANCE,exact identity,resolved,s27_doe,real,verified,,Atlas identity is additive; local identifier remains authoritative.
ENT-GOVERNANCE-GA-030,GA-030,phase10A.governance_actors,10A,data/processed/analysis/governance_actors.csv,governance_actor,FirstEnergy / Toledo Edison,SYS-GOVERNANCE,exact identity,resolved,s28_firstenergy,real,verified,,Atlas identity is additive; local identifier remains authoritative.
ENT-GOVERNANCE-GA-031,GA-031,phase10A.governance_actors,10A,data/processed/analysis/governance_actors.csv,governance_actor,Ohio Department of Transportation,SYS-GOVERNANCE,exact identity,resolved,s39_odot,real,verified,,Atlas identity is additive; local identifier remains authoritative.
ENT-GOVERNANCE-GA-032,GA-032,phase10A.governance_actors,10A,data/processed/analysis/governance_actors.csv,governance_actor,Federal Highway Administration,SYS-GOVERNANCE,exact identity,resolved,s29_fhwa,real,verified,,Atlas identity is additive; local identifier remains authoritative.
ENT-GOVERNANCE-GA-033,GA-033,phase10A.governance_actors,10A,data/processed/analysis/governance_actors.csv,governance_actor,Federal Railroad Administration,SYS-GOVERNANCE,exact identity,resolved,s30_fra,real,verified,,Atlas identity is additive; local identifier remains authoritative.
ENT-GOVERNANCE-GA-034,GA-034,phase10A.governance_actors,10A,data/processed/analysis/governance_actors.csv,governance_actor,Maritime Administration,SYS-GOVERNANCE,exact identity,resolved,s31_marad,real,verified,,Atlas identity is additive; local identifier remains authoritative.
ENT-GOVERNANCE-GA-035,GA-035,phase10A.governance_actors,10A,data/processed/analysis/governance_actors.csv,governance_actor,Toledo-Lucas County Port Authority,SYS-GOVERNANCE,exact identity,resolved,s32_port,real,verified,,Atlas identity is additive; local identifier remains authoritative.
ENT-GOVERNANCE-GA-036,GA-036,phase10A.governance_actors,10A,data/processed/analysis/governance_actors.csv,governance_actor,Norfolk Southern Railway,SYS-GOVERNANCE,exact identity,resolved,s41_norfolk_southern,real,verified,,Atlas identity is additive; local identifier remains authoritative.
ENT-GOVERNANCE-GA-037,GA-037,phase10A.governance_actors,10A,data/processed/analysis/governance_actors.csv,governance_actor,CSX Transportation,SYS-GOVERNANCE,exact identity,resolved,s42_csx,real,verified,,Atlas identity is additive; local identifier remains authoritative.
ENT-GOVERNANCE-GA-038,GA-038,phase10A.governance_actors,10A,data/processed/analysis/governance_actors.csv,governance_actor,Lucas County,SYS-GOVERNANCE,exact identity,resolved,s35_fema_mitigation,real,inferred,,Atlas identity is additive; local identifier remains authoritative.
ENT-GOVERNANCE-GA-039,GA-039,phase10A.governance_actors,10A,data/processed/analysis/governance_actors.csv,governance_actor,Toledo-Lucas County Health Department,SYS-GOVERNANCE,exact identity,resolved,s40_lucas_health,real,verified,,Atlas identity is additive; local identifier remains authoritative.
ENT-GOVERNANCE-GA-040,GA-040,phase10A.governance_actors,10A,data/processed/analysis/governance_actors.csv,governance_actor,Ohio Department of Health,SYS-GOVERNANCE,exact identity,resolved,s38_odh,real,verified,,Atlas identity is additive; local identifier remains authoritative.
ENT-GOVERNANCE-AUTH-001,AUTH-001,phase10A.governance_authorities,10A,data/processed/analysis/governance_authorities.csv,governance_authority_role,regulate,SYS-GOVERNANCE,exact identity,resolved,s01_epa_sdwa,real,verified,,Atlas identity is additive; local identifier remains authoritative.
ENT-GOVERNANCE-AUTH-002,AUTH-002,phase10A.governance_authorities,10A,data/processed/analysis/governance_authorities.csv,governance_authority_role,set_standard,SYS-GOVERNANCE,exact identity,resolved,s01_epa_sdwa,real,verified,,Atlas identity is additive; local identifier remains authoritative.
ENT-GOVERNANCE-AUTH-003,AUTH-003,phase10A.governance_authorities,10A,data/processed/analysis/governance_authorities.csv,governance_authority_role,coordinate,SYS-GOVERNANCE,exact identity,resolved,s15_glwqa,real,verified,,Atlas identity is additive; local identifier remains authoritative.
ENT-GOVERNANCE-AUTH-004,AUTH-004,phase10A.governance_authorities,10A,data/processed/analysis/governance_authorities.csv,governance_authority_role,monitor,SYS-GOVERNANCE,exact identity,resolved,s47_epa_great_lakes_monitoring,real,verified,,Atlas identity is additive; local identifier remains authoritative.
ENT-GOVERNANCE-AUTH-005,AUTH-005,phase10A.governance_authorities,10A,data/processed/analysis/governance_authorities.csv,governance_authority_role,regulate,SYS-GOVERNANCE,exact identity,resolved,s02_ohio_pws,real,verified,,Atlas identity is additive; local identifier remains authoritative.
ENT-GOVERNANCE-AUTH-006,AUTH-006,phase10A.governance_authorities,10A,data/processed/analysis/governance_authorities.csv,governance_authority_role,permit,SYS-GOVERNANCE,exact identity,resolved,s05_ohio_npdes,real,verified,,Atlas identity is additive; local identifier remains authoritative.
ENT-GOVERNANCE-AUTH-007,AUTH-007,phase10A.governance_authorities,10A,data/processed/analysis/governance_authorities.csv,governance_authority_role,enforce,SYS-GOVERNANCE,exact identity,resolved,s05_ohio_npdes,real,verified,,Atlas identity is additive; local identifier remains authoritative.
ENT-GOVERNANCE-AUTH-008,AUTH-008,phase10A.governance_authorities,10A,data/processed/analysis/governance_authorities.csv,governance_authority_role,monitor,SYS-GOVERNANCE,exact identity,resolved,s02_ohio_pws,real,verified,,Atlas identity is additive; local identifier remains authoritative.
ENT-GOVERNANCE-AUTH-009,AUTH-009,phase10A.governance_authorities,10A,data/processed/analysis/governance_authorities.csv,governance_authority_role,regulate,SYS-GOVERNANCE,exact identity,resolved,s05_ohio_npdes,real,verified,,Atlas identity is additive; local identifier remains authoritative.
ENT-GOVERNANCE-AUTH-010,AUTH-010,phase10A.governance_authorities,10A,data/processed/analysis/governance_authorities.csv,governance_authority_role,permit,SYS-GOVERNANCE,exact identity,resolved,s05_ohio_npdes,real,verified,,Atlas identity is additive; local identifier remains authoritative.
ENT-GOVERNANCE-AUTH-011,AUTH-011,phase10A.governance_authorities,10A,data/processed/analysis/governance_authorities.csv,governance_authority_role,monitor,SYS-GOVERNANCE,exact identity,resolved,s09_ohio_air,real,verified,,Atlas identity is additive; local identifier remains authoritative.
ENT-GOVERNANCE-AUTH-012,AUTH-012,phase10A.governance_authorities,10A,data/processed/analysis/governance_authorities.csv,governance_authority_role,own,SYS-GOVERNANCE,exact identity,resolved,s03_toledo_treatment,real,verified,,Atlas identity is additive; local identifier remains authoritative.
ENT-GOVERNANCE-AUTH-013,AUTH-013,phase10A.governance_authorities,10A,data/processed/analysis/governance_authorities.csv,governance_authority_role,operate,SYS-GOVERNANCE,exact identity,resolved,s03_toledo_treatment,real,verified,,Atlas identity is additive; local identifier remains authoritative.
ENT-GOVERNANCE-AUTH-014,AUTH-014,phase10A.governance_authorities,10A,data/processed/analysis/governance_authorities.csv,governance_authority_role,operate,SYS-GOVERNANCE,exact identity,resolved,s03_toledo_treatment,real,verified,,Atlas identity is additive; local identifier remains authoritative.
ENT-GOVERNANCE-AUTH-015,AUTH-015,phase10A.governance_authorities,10A,data/processed/analysis/governance_authorities.csv,governance_authority_role,monitor,SYS-GOVERNANCE,exact identity,resolved,s04_toledo_quality,real,verified,,Atlas identity is additive; local identifier remains authoritative.
ENT-GOVERNANCE-AUTH-016,AUTH-016,phase10A.governance_authorities,10A,data/processed/analysis/governance_authorities.csv,governance_authority_role,provide_data,SYS-GOVERNANCE,exact identity,resolved,s04_toledo_quality,real,verified,,Atlas identity is additive; local identifier remains authoritative.
ENT-GOVERNANCE-AUTH-017,AUTH-017,phase10A.governance_authorities,10A,data/processed/analysis/governance_authorities.csv,governance_authority_role,monitor,SYS-GOVERNANCE,exact identity,resolved,s06_usgs_data,real,verified,,Atlas identity is additive; local identifier remains authoritative.
ENT-GOVERNANCE-AUTH-018,AUTH-018,phase10A.governance_authorities,10A,data/processed/analysis/governance_authorities.csv,governance_authority_role,provide_data,SYS-GOVERNANCE,exact identity,resolved,s06_usgs_data,real,verified,,Atlas identity is additive; local identifier remains authoritative.
ENT-GOVERNANCE-AUTH-019,AUTH-019,phase10A.governance_authorities,10A,data/processed/analysis/governance_authorities.csv,governance_authority_role,research,SYS-GOVERNANCE,exact identity,resolved,s06_usgs_data,real,verified,,Atlas identity is additive; local identifier remains authoritative.
ENT-GOVERNANCE-AUTH-020,AUTH-020,phase10A.governance_authorities,10A,data/processed/analysis/governance_authorities.csv,governance_authority_role,warn,SYS-GOVERNANCE,exact identity,resolved,s36_nws,real,verified,,Atlas identity is additive; local identifier remains authoritative.
ENT-GOVERNANCE-AUTH-021,AUTH-021,phase10A.governance_authorities,10A,data/processed/analysis/governance_authorities.csv,governance_authority_role,monitor,SYS-GOVERNANCE,exact identity,resolved,s36_nws,real,verified,,Atlas identity is additive; local identifier remains authoritative.
ENT-GOVERNANCE-AUTH-022,AUTH-022,phase10A.governance_authorities,10A,data/processed/analysis/governance_authorities.csv,governance_authority_role,provide_data,SYS-GOVERNANCE,exact identity,resolved,s36_nws,real,verified,,Atlas identity is additive; local identifier remains authoritative.
ENT-GOVERNANCE-AUTH-023,AUTH-023,phase10A.governance_authorities,10A,data/processed/analysis/governance_authorities.csv,governance_authority_role,research,SYS-GOVERNANCE,exact identity,resolved,s07_glerl,real,verified,,Atlas identity is additive; local identifier remains authoritative.
ENT-GOVERNANCE-AUTH-024,AUTH-024,phase10A.governance_authorities,10A,data/processed/analysis/governance_authorities.csv,governance_authority_role,monitor,SYS-GOVERNANCE,exact identity,resolved,s07_glerl,real,verified,,Atlas identity is additive; local identifier remains authoritative.
ENT-GOVERNANCE-AUTH-025,AUTH-025,phase10A.governance_authorities,10A,data/processed/analysis/governance_authorities.csv,governance_authority_role,provide_data,SYS-GOVERNANCE,exact identity,resolved,s07_glerl,real,verified,,Atlas identity is additive; local identifier remains authoritative.
ENT-GOVERNANCE-AUTH-026,AUTH-026,phase10A.governance_authorities,10A,data/processed/analysis/governance_authorities.csv,governance_authority_role,permit,SYS-GOVERNANCE,exact identity,resolved,s07_usace_regulatory,real,verified,,Atlas identity is additive; local identifier remains authoritative.
ENT-GOVERNANCE-AUTH-027,AUTH-027,phase10A.governance_authorities,10A,data/processed/analysis/governance_authorities.csv,governance_authority_role,enforce,SYS-GOVERNANCE,exact identity,resolved,s07_usace_regulatory,real,verified,,Atlas identity is additive; local identifier remains authoritative.
ENT-GOVERNANCE-AUTH-028,AUTH-028,phase10A.governance_authorities,10A,data/processed/analysis/governance_authorities.csv,governance_authority_role,monitor,SYS-GOVERNANCE,exact identity,resolved,s08_usfws_nwi,real,verified,,Atlas identity is additive; local identifier remains authoritative.
ENT-GOVERNANCE-AUTH-029,AUTH-029,phase10A.governance_authorities,10A,data/processed/analysis/governance_authorities.csv,governance_authority_role,research,SYS-GOVERNANCE,exact identity,resolved,s08_usfws_nwi,real,verified,,Atlas identity is additive; local identifier remains authoritative.
ENT-GOVERNANCE-AUTH-030,AUTH-030,phase10A.governance_authorities,10A,data/processed/analysis/governance_authorities.csv,governance_authority_role,provide_data,SYS-GOVERNANCE,exact identity,resolved,s08_usfws_nwi,real,verified,,Atlas identity is additive; local identifier remains authoritative.
ENT-GOVERNANCE-AUTH-031,AUTH-031,phase10A.governance_authorities,10A,data/processed/analysis/governance_authorities.csv,governance_authority_role,fund,SYS-GOVERNANCE,exact identity,resolved,s35_fema_mitigation,real,verified,,Atlas identity is additive; local identifier remains authoritative.
ENT-GOVERNANCE-AUTH-032,AUTH-032,phase10A.governance_authorities,10A,data/processed/analysis/governance_authorities.csv,governance_authority_role,plan,SYS-GOVERNANCE,exact identity,resolved,s35_fema_mitigation,real,verified,,Atlas identity is additive; local identifier remains authoritative.
ENT-GOVERNANCE-AUTH-033,AUTH-033,phase10A.governance_authorities,10A,data/processed/analysis/governance_authorities.csv,governance_authority_role,provide_data,SYS-GOVERNANCE,exact identity,resolved,s34_fema_nfhl,real,verified,,Atlas identity is additive; local identifier remains authoritative.
ENT-GOVERNANCE-AUTH-034,AUTH-034,phase10A.governance_authorities,10A,data/processed/analysis/governance_authorities.csv,governance_authority_role,fund,SYS-GOVERNANCE,exact identity,resolved,s12_nrcs_eqip,real,verified,,Atlas identity is additive; local identifier remains authoritative.
ENT-GOVERNANCE-AUTH-035,AUTH-035,phase10A.governance_authorities,10A,data/processed/analysis/governance_authorities.csv,governance_authority_role,advise,SYS-GOVERNANCE,exact identity,resolved,s11_nrcs_ohio,real,verified,,Atlas identity is additive; local identifier remains authoritative.
ENT-GOVERNANCE-AUTH-036,AUTH-036,phase10A.governance_authorities,10A,data/processed/analysis/governance_authorities.csv,governance_authority_role,plan,SYS-GOVERNANCE,exact identity,resolved,s12_nrcs_eqip,real,verified,,Atlas identity is additive; local identifier remains authoritative.
ENT-GOVERNANCE-AUTH-037,AUTH-037,phase10A.governance_authorities,10A,data/processed/analysis/governance_authorities.csv,governance_authority_role,coordinate,SYS-GOVERNANCE,exact identity,resolved,s44_ohio_oda,real,verified,,Atlas identity is additive; local identifier remains authoritative.
ENT-GOVERNANCE-AUTH-038,AUTH-038,phase10A.governance_authorities,10A,data/processed/analysis/governance_authorities.csv,governance_authority_role,advise,SYS-GOVERNANCE,exact identity,resolved,s10_h2ohio,real,verified,,Atlas identity is additive; local identifier remains authoritative.
ENT-GOVERNANCE-AUTH-039,AUTH-039,phase10A.governance_authorities,10A,data/processed/analysis/governance_authorities.csv,governance_authority_role,advise,SYS-GOVERNANCE,exact identity,resolved,s10_h2ohio,real,verified,,Atlas identity is additive; local identifier remains authoritative.
ENT-GOVERNANCE-AUTH-040,AUTH-040,phase10A.governance_authorities,10A,data/processed/analysis/governance_authorities.csv,governance_authority_role,plan,SYS-GOVERNANCE,exact identity,resolved,s11_nrcs_ohio,real,verified,,Atlas identity is additive; local identifier remains authoritative.
ENT-GOVERNANCE-AUTH-041,AUTH-041,phase10A.governance_authorities,10A,data/processed/analysis/governance_authorities.csv,governance_authority_role,monitor,SYS-GOVERNANCE,exact identity,resolved,s45_odnr,real,inferred,,Atlas identity is additive; local identifier remains authoritative.
ENT-GOVERNANCE-AUTH-042,AUTH-042,phase10A.governance_authorities,10A,data/processed/analysis/governance_authorities.csv,governance_authority_role,restore,SYS-GOVERNANCE,exact identity,resolved,s45_odnr,real,inferred,,Atlas identity is additive; local identifier remains authoritative.
ENT-GOVERNANCE-AUTH-043,AUTH-043,phase10A.governance_authorities,10A,data/processed/analysis/governance_authorities.csv,governance_authority_role,regulate,SYS-GOVERNANCE,exact identity,resolved,s37_michigan_egle,real,verified,,Atlas identity is additive; local identifier remains authoritative.
ENT-GOVERNANCE-AUTH-044,AUTH-044,phase10A.governance_authorities,10A,data/processed/analysis/governance_authorities.csv,governance_authority_role,permit,SYS-GOVERNANCE,exact identity,resolved,s37_michigan_egle,real,verified,,Atlas identity is additive; local identifier remains authoritative.
ENT-GOVERNANCE-AUTH-045,AUTH-045,phase10A.governance_authorities,10A,data/processed/analysis/governance_authorities.csv,governance_authority_role,monitor,SYS-GOVERNANCE,exact identity,resolved,s37_michigan_egle,real,verified,,Atlas identity is additive; local identifier remains authoritative.
ENT-GOVERNANCE-AUTH-046,AUTH-046,phase10A.governance_authorities,10A,data/processed/analysis/governance_authorities.csv,governance_authority_role,regulate,SYS-GOVERNANCE,exact identity,resolved,s46_indiana_idem,real,inferred,,Atlas identity is additive; local identifier remains authoritative.
ENT-GOVERNANCE-AUTH-047,AUTH-047,phase10A.governance_authorities,10A,data/processed/analysis/governance_authorities.csv,governance_authority_role,advise,SYS-GOVERNANCE,exact identity,resolved,s13_glc,real,verified,,Atlas identity is additive; local identifier remains authoritative.
ENT-GOVERNANCE-AUTH-048,AUTH-048,phase10A.governance_authorities,10A,data/processed/analysis/governance_authorities.csv,governance_authority_role,coordinate,SYS-GOVERNANCE,exact identity,resolved,s13_glc,real,verified,,Atlas identity is additive; local identifier remains authoritative.
ENT-GOVERNANCE-AUTH-049,AUTH-049,phase10A.governance_authorities,10A,data/processed/analysis/governance_authorities.csv,governance_authority_role,coordinate,SYS-GOVERNANCE,exact identity,resolved,s14_gsgp,real,verified,,Atlas identity is additive; local identifier remains authoritative.
ENT-GOVERNANCE-AUTH-050,AUTH-050,phase10A.governance_authorities,10A,data/processed/analysis/governance_authorities.csv,governance_authority_role,plan,SYS-GOVERNANCE,exact identity,resolved,s14_gsgp,real,verified,,Atlas identity is additive; local identifier remains authoritative.
ENT-GOVERNANCE-AUTH-051,AUTH-051,phase10A.governance_authorities,10A,data/processed/analysis/governance_authorities.csv,governance_authority_role,advise,SYS-GOVERNANCE,exact identity,resolved,s16_ijc,real,inferred,,Atlas identity is additive; local identifier remains authoritative.
ENT-GOVERNANCE-AUTH-052,AUTH-052,phase10A.governance_authorities,10A,data/processed/analysis/governance_authorities.csv,governance_authority_role,coordinate,SYS-GOVERNANCE,exact identity,resolved,s16_ijc,real,inferred,,Atlas identity is additive; local identifier remains authoritative.
ENT-GOVERNANCE-AUTH-053,AUTH-053,phase10A.governance_authorities,10A,data/processed/analysis/governance_authorities.csv,governance_authority_role,coordinate,SYS-GOVERNANCE,exact identity,resolved,s15_glwqa,real,verified,,Atlas identity is additive; local identifier remains authoritative.
ENT-GOVERNANCE-AUTH-054,AUTH-054,phase10A.governance_authorities,10A,data/processed/analysis/governance_authorities.csv,governance_authority_role,provide_data,SYS-GOVERNANCE,exact identity,resolved,s15_glwqa,real,inferred,,Atlas identity is additive; local identifier remains authoritative.
ENT-GOVERNANCE-AUTH-055,AUTH-055,phase10A.governance_authorities,10A,data/processed/analysis/governance_authorities.csv,governance_authority_role,advise,SYS-GOVERNANCE,exact identity,resolved,s17_glifwc,real,verified,,Atlas identity is additive; local identifier remains authoritative.
ENT-GOVERNANCE-AUTH-056,AUTH-056,phase10A.governance_authorities,10A,data/processed/analysis/governance_authorities.csv,governance_authority_role,monitor,SYS-GOVERNANCE,exact identity,resolved,s17_glifwc,real,verified,,Atlas identity is additive; local identifier remains authoritative.
ENT-GOVERNANCE-AUTH-057,AUTH-057,phase10A.governance_authorities,10A,data/processed/analysis/governance_authorities.csv,governance_authority_role,advise,SYS-GOVERNANCE,exact identity,resolved,s18_epa_tribal,real,inferred,,Atlas identity is additive; local identifier remains authoritative.
ENT-GOVERNANCE-AUTH-058,AUTH-058,phase10A.governance_authorities,10A,data/processed/analysis/governance_authorities.csv,governance_authority_role,advise,SYS-GOVERNANCE,exact identity,resolved,s18_epa_tribal,real,inferred,,Atlas identity is additive; local identifier remains authoritative.
ENT-GOVERNANCE-AUTH-059,AUTH-059,phase10A.governance_authorities,10A,data/processed/analysis/governance_authorities.csv,governance_authority_role,regulate,SYS-GOVERNANCE,exact identity,resolved,s21_ferc,real,verified,,Atlas identity is additive; local identifier remains authoritative.
ENT-GOVERNANCE-AUTH-060,AUTH-060,phase10A.governance_authorities,10A,data/processed/analysis/governance_authorities.csv,governance_authority_role,enforce,SYS-GOVERNANCE,exact identity,resolved,s21_ferc,real,verified,,Atlas identity is additive; local identifier remains authoritative.
ENT-GOVERNANCE-AUTH-061,AUTH-061,phase10A.governance_authorities,10A,data/processed/analysis/governance_authorities.csv,governance_authority_role,set_standard,SYS-GOVERNANCE,exact identity,resolved,s21_ferc,real,verified,,Atlas identity is additive; local identifier remains authoritative.
ENT-GOVERNANCE-AUTH-062,AUTH-062,phase10A.governance_authorities,10A,data/processed/analysis/governance_authorities.csv,governance_authority_role,set_standard,SYS-GOVERNANCE,exact identity,resolved,s23_nerc,real,verified,,Atlas identity is additive; local identifier remains authoritative.
ENT-GOVERNANCE-AUTH-063,AUTH-063,phase10A.governance_authorities,10A,data/processed/analysis/governance_authorities.csv,governance_authority_role,monitor,SYS-GOVERNANCE,exact identity,resolved,s23_nerc,real,verified,,Atlas identity is additive; local identifier remains authoritative.
ENT-GOVERNANCE-AUTH-064,AUTH-064,phase10A.governance_authorities,10A,data/processed/analysis/governance_authorities.csv,governance_authority_role,coordinate,SYS-GOVERNANCE,exact identity,resolved,s23_nerc,real,verified,,Atlas identity is additive; local identifier remains authoritative.
ENT-GOVERNANCE-AUTH-065,AUTH-065,phase10A.governance_authorities,10A,data/processed/analysis/governance_authorities.csv,governance_authority_role,operate,SYS-GOVERNANCE,exact identity,resolved,s24_pjm,real,verified,,Atlas identity is additive; local identifier remains authoritative.
ENT-GOVERNANCE-AUTH-066,AUTH-066,phase10A.governance_authorities,10A,data/processed/analysis/governance_authorities.csv,governance_authority_role,coordinate,SYS-GOVERNANCE,exact identity,resolved,s24_pjm,real,verified,,Atlas identity is additive; local identifier remains authoritative.
ENT-GOVERNANCE-AUTH-067,AUTH-067,phase10A.governance_authorities,10A,data/processed/analysis/governance_authorities.csv,governance_authority_role,plan,SYS-GOVERNANCE,exact identity,resolved,s24_pjm,real,verified,,Atlas identity is additive; local identifier remains authoritative.
ENT-GOVERNANCE-AUTH-068,AUTH-068,phase10A.governance_authorities,10A,data/processed/analysis/governance_authorities.csv,governance_authority_role,provide_data,SYS-GOVERNANCE,exact identity,resolved,s24_pjm,real,verified,,Atlas identity is additive; local identifier remains authoritative.
ENT-GOVERNANCE-AUTH-069,AUTH-069,phase10A.governance_authorities,10A,data/processed/analysis/governance_authorities.csv,governance_authority_role,regulate,SYS-GOVERNANCE,exact identity,resolved,s25_puco,real,verified,,Atlas identity is additive; local identifier remains authoritative.
ENT-GOVERNANCE-AUTH-070,AUTH-070,phase10A.governance_authorities,10A,data/processed/analysis/governance_authorities.csv,governance_authority_role,regulate,SYS-GOVERNANCE,exact identity,resolved,s25_puco,real,verified,,Atlas identity is additive; local identifier remains authoritative.
ENT-GOVERNANCE-AUTH-071,AUTH-071,phase10A.governance_authorities,10A,data/processed/analysis/governance_authorities.csv,governance_authority_role,regulate,SYS-GOVERNANCE,exact identity,resolved,s26_nrc,real,verified,,Atlas identity is additive; local identifier remains authoritative.
ENT-GOVERNANCE-AUTH-072,AUTH-072,phase10A.governance_authorities,10A,data/processed/analysis/governance_authorities.csv,governance_authority_role,enforce,SYS-GOVERNANCE,exact identity,resolved,s26_nrc,real,verified,,Atlas identity is additive; local identifier remains authoritative.
ENT-GOVERNANCE-AUTH-073,AUTH-073,phase10A.governance_authorities,10A,data/processed/analysis/governance_authorities.csv,governance_authority_role,fund,SYS-GOVERNANCE,exact identity,resolved,s27_doe,real,verified,,Atlas identity is additive; local identifier remains authoritative.
ENT-GOVERNANCE-AUTH-074,AUTH-074,phase10A.governance_authorities,10A,data/processed/analysis/governance_authorities.csv,governance_authority_role,research,SYS-GOVERNANCE,exact identity,resolved,s27_doe,real,verified,,Atlas identity is additive; local identifier remains authoritative.
ENT-GOVERNANCE-AUTH-075,AUTH-075,phase10A.governance_authorities,10A,data/processed/analysis/governance_authorities.csv,governance_authority_role,own,SYS-GOVERNANCE,exact identity,resolved,s28_firstenergy,real,verified,,Atlas identity is additive; local identifier remains authoritative.
ENT-GOVERNANCE-AUTH-076,AUTH-076,phase10A.governance_authorities,10A,data/processed/analysis/governance_authorities.csv,governance_authority_role,operate,SYS-GOVERNANCE,exact identity,resolved,s28_firstenergy,real,verified,,Atlas identity is additive; local identifier remains authoritative.
ENT-GOVERNANCE-AUTH-077,AUTH-077,phase10A.governance_authorities,10A,data/processed/analysis/governance_authorities.csv,governance_authority_role,own,SYS-GOVERNANCE,exact identity,resolved,s39_odot,real,verified,,Atlas identity is additive; local identifier remains authoritative.
ENT-GOVERNANCE-AUTH-078,AUTH-078,phase10A.governance_authorities,10A,data/processed/analysis/governance_authorities.csv,governance_authority_role,operate,SYS-GOVERNANCE,exact identity,resolved,s39_odot,real,verified,,Atlas identity is additive; local identifier remains authoritative.
ENT-GOVERNANCE-AUTH-079,AUTH-079,phase10A.governance_authorities,10A,data/processed/analysis/governance_authorities.csv,governance_authority_role,plan,SYS-GOVERNANCE,exact identity,resolved,s39_odot,real,verified,,Atlas identity is additive; local identifier remains authoritative.
ENT-GOVERNANCE-AUTH-080,AUTH-080,phase10A.governance_authorities,10A,data/processed/analysis/governance_authorities.csv,governance_authority_role,fund,SYS-GOVERNANCE,exact identity,resolved,s29_fhwa,real,verified,,Atlas identity is additive; local identifier remains authoritative.
ENT-GOVERNANCE-AUTH-081,AUTH-081,phase10A.governance_authorities,10A,data/processed/analysis/governance_authorities.csv,governance_authority_role,plan,SYS-GOVERNANCE,exact identity,resolved,s29_fhwa,real,verified,,Atlas identity is additive; local identifier remains authoritative.
ENT-GOVERNANCE-AUTH-082,AUTH-082,phase10A.governance_authorities,10A,data/processed/analysis/governance_authorities.csv,governance_authority_role,regulate,SYS-GOVERNANCE,exact identity,resolved,s30_fra,real,verified,,Atlas identity is additive; local identifier remains authoritative.
ENT-GOVERNANCE-AUTH-083,AUTH-083,phase10A.governance_authorities,10A,data/processed/analysis/governance_authorities.csv,governance_authority_role,enforce,SYS-GOVERNANCE,exact identity,resolved,s30_fra,real,verified,,Atlas identity is additive; local identifier remains authoritative.
ENT-GOVERNANCE-AUTH-084,AUTH-084,phase10A.governance_authorities,10A,data/processed/analysis/governance_authorities.csv,governance_authority_role,fund,SYS-GOVERNANCE,exact identity,resolved,s30_fra,real,verified,,Atlas identity is additive; local identifier remains authoritative.
ENT-GOVERNANCE-AUTH-085,AUTH-085,phase10A.governance_authorities,10A,data/processed/analysis/governance_authorities.csv,governance_authority_role,fund,SYS-GOVERNANCE,exact identity,resolved,s31_marad,real,verified,,Atlas identity is additive; local identifier remains authoritative.
ENT-GOVERNANCE-AUTH-086,AUTH-086,phase10A.governance_authorities,10A,data/processed/analysis/governance_authorities.csv,governance_authority_role,plan,SYS-GOVERNANCE,exact identity,resolved,s31_marad,real,verified,,Atlas identity is additive; local identifier remains authoritative.
ENT-GOVERNANCE-AUTH-087,AUTH-087,phase10A.governance_authorities,10A,data/processed/analysis/governance_authorities.csv,governance_authority_role,own,SYS-GOVERNANCE,exact identity,resolved,s33_ohio_port_statute,real,verified,,Atlas identity is additive; local identifier remains authoritative.
ENT-GOVERNANCE-AUTH-088,AUTH-088,phase10A.governance_authorities,10A,data/processed/analysis/governance_authorities.csv,governance_authority_role,operate,SYS-GOVERNANCE,exact identity,resolved,s32_port,real,verified,,Atlas identity is additive; local identifier remains authoritative.
ENT-GOVERNANCE-AUTH-089,AUTH-089,phase10A.governance_authorities,10A,data/processed/analysis/governance_authorities.csv,governance_authority_role,fund,SYS-GOVERNANCE,exact identity,resolved,s32_port,real,verified,,Atlas identity is additive; local identifier remains authoritative.
ENT-GOVERNANCE-AUTH-090,AUTH-090,phase10A.governance_authorities,10A,data/processed/analysis/governance_authorities.csv,governance_authority_role,own,SYS-GOVERNANCE,exact identity,resolved,s41_norfolk_southern,real,verified,,Atlas identity is additive; local identifier remains authoritative.
ENT-GOVERNANCE-AUTH-091,AUTH-091,phase10A.governance_authorities,10A,data/processed/analysis/governance_authorities.csv,governance_authority_role,operate,SYS-GOVERNANCE,exact identity,resolved,s41_norfolk_southern,real,verified,,Atlas identity is additive; local identifier remains authoritative.
ENT-GOVERNANCE-AUTH-092,AUTH-092,phase10A.governance_authorities,10A,data/processed/analysis/governance_authorities.csv,governance_authority_role,own,SYS-GOVERNANCE,exact identity,resolved,s42_csx,real,verified,,Atlas identity is additive; local identifier remains authoritative.
ENT-GOVERNANCE-AUTH-093,AUTH-093,phase10A.governance_authorities,10A,data/processed/analysis/governance_authorities.csv,governance_authority_role,operate,SYS-GOVERNANCE,exact identity,resolved,s42_csx,real,verified,,Atlas identity is additive; local identifier remains authoritative.
ENT-GOVERNANCE-AUTH-094,AUTH-094,phase10A.governance_authorities,10A,data/processed/analysis/governance_authorities.csv,governance_authority_role,plan,SYS-GOVERNANCE,exact identity,resolved,s35_fema_mitigation,real,inferred,,Atlas identity is additive; local identifier remains authoritative.
ENT-GOVERNANCE-AUTH-095,AUTH-095,phase10A.governance_authorities,10A,data/processed/analysis/governance_authorities.csv,governance_authority_role,coordinate,SYS-GOVERNANCE,exact identity,resolved,s35_fema_mitigation,real,inferred,,Atlas identity is additive; local identifier remains authoritative.
ENT-GOVERNANCE-AUTH-096,AUTH-096,phase10A.governance_authorities,10A,data/processed/analysis/governance_authorities.csv,governance_authority_role,monitor,SYS-GOVERNANCE,exact identity,resolved,s40_lucas_health,real,verified,,Atlas identity is additive; local identifier remains authoritative.
ENT-GOVERNANCE-AUTH-097,AUTH-097,phase10A.governance_authorities,10A,data/processed/analysis/governance_authorities.csv,governance_authority_role,warn,SYS-GOVERNANCE,exact identity,resolved,s40_lucas_health,real,verified,,Atlas identity is additive; local identifier remains authoritative.
ENT-GOVERNANCE-AUTH-098,AUTH-098,phase10A.governance_authorities,10A,data/processed/analysis/governance_authorities.csv,governance_authority_role,respond,SYS-GOVERNANCE,exact identity,resolved,s40_lucas_health,real,verified,,Atlas identity is additive; local identifier remains authoritative.
ENT-GOVERNANCE-AUTH-099,AUTH-099,phase10A.governance_authorities,10A,data/processed/analysis/governance_authorities.csv,governance_authority_role,regulate,SYS-GOVERNANCE,exact identity,resolved,s38_odh,real,verified,,Atlas identity is additive; local identifier remains authoritative.
ENT-GOVERNANCE-AUTH-100,AUTH-100,phase10A.governance_authorities,10A,data/processed/analysis/governance_authorities.csv,governance_authority_role,monitor,SYS-GOVERNANCE,exact identity,resolved,s38_odh,real,verified,,Atlas identity is additive; local identifier remains authoritative.
ENT-INFECTIOUS-DISEASE-DID-001,DID-001,phase13A.infectious_disease_nodes,13A,data/processed/networks/infectious_disease_nodes.csv,infectious_disease_node,West Nile virus system,SYS-INFECTIOUS-DISEASE,exact identity,resolved,s13_cdc_wnv,real,verified,,Atlas identity is additive; local identifier remains authoritative.
ENT-INFECTIOUS-DISEASE-DID-002,DID-002,phase13A.infectious_disease_nodes,13A,data/processed/networks/infectious_disease_nodes.csv,infectious_disease_node,Lyme disease system,SYS-INFECTIOUS-DISEASE,exact identity,resolved,s13_cdc_lyme,real,verified,,Atlas identity is additive; local identifier remains authoritative.
ENT-INFECTIOUS-DISEASE-DID-003,DID-003,phase13A.infectious_disease_nodes,13A,data/processed/networks/infectious_disease_nodes.csv,infectious_disease_node,Legionellosis system,SYS-INFECTIOUS-DISEASE,exact identity,resolved,s13_cdc_legionella_about,real,verified,,Atlas identity is additive; local identifier remains authoritative.
ENT-INFECTIOUS-DISEASE-DID-004,DID-004,phase13A.infectious_disease_nodes,13A,data/processed/networks/infectious_disease_nodes.csv,infectious_disease_node,Waterborne enteric disease system,SYS-INFECTIOUS-DISEASE,exact identity,resolved,s13_cdc_water_surv,real,verified,,Atlas identity is additive; local identifier remains authoritative.
ENT-INFECTIOUS-DISEASE-DID-005,DID-005,phase13A.infectious_disease_nodes,13A,data/processed/networks/infectious_disease_nodes.csv,infectious_disease_node,Salmonella infection system,SYS-INFECTIOUS-DISEASE,exact identity,resolved,s13_cdc_enteric,real,verified,,Atlas identity is additive; local identifier remains authoritative.
ENT-INFECTIOUS-DISEASE-DID-006,DID-006,phase13A.infectious_disease_nodes,13A,data/processed/networks/infectious_disease_nodes.csv,infectious_disease_node,Campylobacter infection system,SYS-INFECTIOUS-DISEASE,exact identity,resolved,s13_cdc_enteric,real,verified,,Atlas identity is additive; local identifier remains authoritative.
ENT-INFECTIOUS-DISEASE-DID-007,DID-007,phase13A.infectious_disease_nodes,13A,data/processed/networks/infectious_disease_nodes.csv,infectious_disease_node,Shiga toxin-producing E. coli system,SYS-INFECTIOUS-DISEASE,exact identity,resolved,s13_cdc_enteric,real,verified,,Atlas identity is additive; local identifier remains authoritative.
ENT-INFECTIOUS-DISEASE-DID-008,DID-008,phase13A.infectious_disease_nodes,13A,data/processed/networks/infectious_disease_nodes.csv,infectious_disease_node,Seasonal influenza system,SYS-INFECTIOUS-DISEASE,exact identity,resolved,s13_cdc_flu_methods,real,verified,,Atlas identity is additive; local identifier remains authoritative.
ENT-INFECTIOUS-DISEASE-DID-009,DID-009,phase13A.infectious_disease_nodes,13A,data/processed/networks/infectious_disease_nodes.csv,infectious_disease_node,SARS-CoV-2 community surveillance system,SYS-INFECTIOUS-DISEASE,exact identity,resolved,s13_cdc_wastewater,real,verified,,Atlas identity is additive; local identifier remains authoritative.
ENT-INFECTIOUS-DISEASE-DID-010,DID-010,phase13A.infectious_disease_nodes,13A,data/processed/networks/infectious_disease_nodes.csv,infectious_disease_node,Rabies system,SYS-INFECTIOUS-DISEASE,exact identity,resolved,s13_cdc_rabies,real,verified,,Atlas identity is additive; local identifier remains authoritative.
ENT-INFECTIOUS-DISEASE-DID-011,DID-011,phase13A.infectious_disease_nodes,13A,data/processed/networks/infectious_disease_nodes.csv,infectious_disease_node,Healthcare-associated infection system,SYS-INFECTIOUS-DISEASE,exact identity,resolved,s13_cdc_nhsn,real,verified,,Atlas identity is additive; local identifier remains authoritative.
ENT-INFECTIOUS-DISEASE-DID-012,DID-012,phase13A.infectious_disease_nodes,13A,data/processed/networks/infectious_disease_nodes.csv,infectious_disease_node,Antimicrobial-resistance surveillance system,SYS-INFECTIOUS-DISEASE,exact identity,resolved,s13_cdc_ar,real,verified,,Atlas identity is additive; local identifier remains authoritative.
ENT-INFECTIOUS-DISEASE-DID-013,DID-013,phase13A.infectious_disease_nodes,13A,data/processed/networks/infectious_disease_nodes.csv,infectious_disease_node,HAB toxic/noninfectious boundary,SYS-INFECTIOUS-DISEASE,exact identity,resolved,phase7_exposure,real,verified,,Atlas identity is additive; local identifier remains authoritative.
ENT-INFECTIOUS-DISEASE-ENV-001,ENV-001,phase13A.infectious_disease_nodes,13A,data/processed/networks/infectious_disease_nodes.csv,infectious_disease_node,Drinking and recreational water interface,SYS-INFECTIOUS-DISEASE,exact identity,resolved,phase7_exposure,real,verified,,Atlas identity is additive; local identifier remains authoritative.
ENT-INFECTIOUS-DISEASE-ENV-002,ENV-002,phase13A.infectious_disease_nodes,13A,data/processed/networks/infectious_disease_nodes.csv,infectious_disease_node,Building water and aerosol interface,SYS-INFECTIOUS-DISEASE,exact identity,resolved,s13_cdc_legionella_about,real,verified,,Atlas identity is additive; local identifier remains authoritative.
ENT-INFECTIOUS-DISEASE-ENV-003,ENV-003,phase13A.infectious_disease_nodes,13A,data/processed/networks/infectious_disease_nodes.csv,infectious_disease_node,"Food, animal, and environmental interface",SYS-INFECTIOUS-DISEASE,exact identity,resolved,s13_cdc_nors,real,verified,,Atlas identity is additive; local identifier remains authoritative.
ENT-INFECTIOUS-DISEASE-ENV-004,ENV-004,phase13A.infectious_disease_nodes,13A,data/processed/networks/infectious_disease_nodes.csv,infectious_disease_node,Respiratory community and wastewater interface,SYS-INFECTIOUS-DISEASE,exact identity,resolved,s13_cdc_wastewater,real,verified,,Atlas identity is additive; local identifier remains authoritative.
ENT-INFECTIOUS-DISEASE-HOST-001,HOST-001,phase13A.infectious_disease_nodes,13A,data/processed/networks/infectious_disease_nodes.csv,infectious_disease_node,Population and settlement interface,SYS-INFECTIOUS-DISEASE,exact identity,resolved,phase11_population,real,verified,,Atlas identity is additive; local identifier remains authoritative.
ENT-INFECTIOUS-DISEASE-INST-001,INST-001,phase13A.infectious_disease_nodes,13A,data/processed/networks/infectious_disease_nodes.csv,infectious_disease_node,Public-health laboratory and reporting interface,SYS-INFECTIOUS-DISEASE,exact identity,resolved,phase4_information,real,verified,,Atlas identity is additive; local identifier remains authoritative.
ENT-INFECTIOUS-DISEASE-INST-002,INST-002,phase13A.infectious_disease_nodes,13A,data/processed/networks/infectious_disease_nodes.csv,infectious_disease_node,Public-health response and decision interface,SYS-INFECTIOUS-DISEASE,exact identity,resolved,phase10_governance,real,verified,,Atlas identity is additive; local identifier remains authoritative.
ENT-INFECTIOUS-DISEASE-REF-10,REF-10,phase13A.infectious_disease_nodes,13A,data/processed/networks/infectious_disease_nodes.csv,infectious_disease_node,Accepted Phase 10 governance context reference,SYS-INFECTIOUS-DISEASE,exact identity,resolved,phase10_governance,real,verified,,Atlas identity is additive; local identifier remains authoritative.
ENT-INFECTIOUS-DISEASE-REF-11,REF-11,phase13A.infectious_disease_nodes,13A,data/processed/networks/infectious_disease_nodes.csv,infectious_disease_node,Accepted Phase 11 population context reference,SYS-INFECTIOUS-DISEASE,exact identity,resolved,phase11_population,real,verified,,Atlas identity is additive; local identifier remains authoritative.
ENT-INFECTIOUS-DISEASE-REF-12,REF-12,phase13A.infectious_disease_nodes,13A,data/processed/networks/infectious_disease_nodes.csv,infectious_disease_node,Accepted Phase 12 vector ecology context reference,SYS-INFECTIOUS-DISEASE,exact identity,resolved,phase12_vector,real,verified,,Atlas identity is additive; local identifier remains authoritative.
ENT-INFECTIOUS-DISEASE-REF-4,REF-4,phase13A.infectious_disease_nodes,13A,data/processed/networks/infectious_disease_nodes.csv,infectious_disease_node,Accepted Phase 4 observation context reference,SYS-INFECTIOUS-DISEASE,exact identity,resolved,phase4_information,real,verified,,Atlas identity is additive; local identifier remains authoritative.
ENT-INFECTIOUS-DISEASE-REF-7A,REF-7A,phase13A.infectious_disease_nodes,13A,data/processed/networks/infectious_disease_nodes.csv,infectious_disease_node,Accepted Phase 7A exposure context reference,SYS-INFECTIOUS-DISEASE,exact identity,resolved,phase7_exposure,real,verified,,Atlas identity is additive; local identifier remains authoritative.
ENT-INFECTIOUS-DISEASE-REF-9,REF-9,phase13A.infectious_disease_nodes,13A,data/processed/networks/infectious_disease_nodes.csv,infectious_disease_node,Accepted Phase 9 climate context reference,SYS-INFECTIOUS-DISEASE,exact identity,resolved,phase9_climate,real,verified,,Atlas identity is additive; local identifier remains authoritative.
ENT-INFECTIOUS-DISEASE-SUR-001,SUR-001,phase13A.infectious_disease_nodes,13A,data/processed/networks/infectious_disease_nodes.csv,infectious_disease_node,NNDSS case-surveillance interface,SYS-INFECTIOUS-DISEASE,exact identity,resolved,s13_nndss_about,real,verified,,Atlas identity is additive; local identifier remains authoritative.
ENT-INFECTIOUS-DISEASE-SUR-002,SUR-002,phase13A.infectious_disease_nodes,13A,data/processed/networks/infectious_disease_nodes.csv,infectious_disease_node,State and local reportable-disease systems,SYS-INFECTIOUS-DISEASE,exact identity,resolved,s13_ind_reportable,real,verified,,Atlas identity is additive; local identifier remains authoritative.
ENT-INFECTIOUS-DISEASE-SUR-003,SUR-003,phase13A.infectious_disease_nodes,13A,data/processed/networks/infectious_disease_nodes.csv,infectious_disease_node,ArboNET and mosquito surveillance interface,SYS-INFECTIOUS-DISEASE,exact identity,resolved,s13_cdc_wnv,real,verified,,Atlas identity is additive; local identifier remains authoritative.
ENT-INFECTIOUS-DISEASE-SUR-004,SUR-004,phase13A.infectious_disease_nodes,13A,data/processed/networks/infectious_disease_nodes.csv,infectious_disease_node,Legionellosis surveillance interface,SYS-INFECTIOUS-DISEASE,exact identity,resolved,s13_cdc_legionella_surv,real,verified,,Atlas identity is additive; local identifier remains authoritative.
ENT-INFECTIOUS-DISEASE-SUR-005,SUR-005,phase13A.infectious_disease_nodes,13A,data/processed/networks/infectious_disease_nodes.csv,infectious_disease_node,Waterborne and foodborne outbreak reporting,SYS-INFECTIOUS-DISEASE,exact identity,resolved,s13_cdc_nors,real,verified,,Atlas identity is additive; local identifier remains authoritative.
ENT-INFECTIOUS-DISEASE-SUR-006,SUR-006,phase13A.infectious_disease_nodes,13A,data/processed/networks/infectious_disease_nodes.csv,infectious_disease_node,National enteric laboratory and case surveillance,SYS-INFECTIOUS-DISEASE,exact identity,resolved,s13_cdc_enteric,real,verified,,Atlas identity is additive; local identifier remains authoritative.
ENT-INFECTIOUS-DISEASE-SUR-007,SUR-007,phase13A.infectious_disease_nodes,13A,data/processed/networks/infectious_disease_nodes.csv,infectious_disease_node,FoodNet active surveillance interface,SYS-INFECTIOUS-DISEASE,exact identity,resolved,s13_cdc_foodnet,real,verified,,Atlas identity is additive; local identifier remains authoritative.
ENT-INFECTIOUS-DISEASE-SUR-008,SUR-008,phase13A.infectious_disease_nodes,13A,data/processed/networks/infectious_disease_nodes.csv,infectious_disease_node,FluView and influenza surveillance components,SYS-INFECTIOUS-DISEASE,exact identity,resolved,s13_cdc_flu_methods,real,verified,,Atlas identity is additive; local identifier remains authoritative.
ENT-INFECTIOUS-DISEASE-SUR-009,SUR-009,phase13A.infectious_disease_nodes,13A,data/processed/networks/infectious_disease_nodes.csv,infectious_disease_node,CDC wastewater monitoring,SYS-INFECTIOUS-DISEASE,exact identity,resolved,s13_cdc_wastewater,real,verified,,Atlas identity is additive; local identifier remains authoritative.
ENT-INFECTIOUS-DISEASE-SUR-010,SUR-010,phase13A.infectious_disease_nodes,13A,data/processed/networks/infectious_disease_nodes.csv,infectious_disease_node,Animal rabies and human PEP interface,SYS-INFECTIOUS-DISEASE,exact identity,resolved,s13_cdc_rabies,real,verified,,Atlas identity is additive; local identifier remains authoritative.
ENT-INFECTIOUS-DISEASE-SUR-011,SUR-011,phase13A.infectious_disease_nodes,13A,data/processed/networks/infectious_disease_nodes.csv,infectious_disease_node,NHSN healthcare-associated infection surveillance,SYS-INFECTIOUS-DISEASE,exact identity,resolved,s13_cdc_nhsn,real,verified,,Atlas identity is additive; local identifier remains authoritative.
ENT-INFECTIOUS-DISEASE-SUR-012,SUR-012,phase13A.infectious_disease_nodes,13A,data/processed/networks/infectious_disease_nodes.csv,infectious_disease_node,Antimicrobial-resistance observation/response interface,SYS-INFECTIOUS-DISEASE,exact identity,resolved,s13_cdc_ar,real,verified,,Atlas identity is additive; local identifier remains authoritative.
ENT-MATERIALS-BER-END-AERO-DEF,BER-END-AERO-DEF,phase2A-2C.materials_system_nodes,2A-2C,data/processed/networks/materials_system_nodes.csv,materials_node,Aerospace and defense systems,SYS-MATERIALS,exact identity,resolved,SRC-USGS-BE-2026,real,inferred,2026,Atlas identity is additive; local identifier remains authoritative.
ENT-MATERIALS-BER-END-CFS,BER-END-CFS,phase2A-2C.materials_system_nodes,2A-2C,data/processed/networks/materials_system_nodes.csv,materials_node,Commonwealth Fusion Systems ARC,SYS-MATERIALS,exact identity,resolved,SRC-MATERION-CFS-2025,real,verified,2026,Atlas identity is additive; local identifier remains authoritative.
ENT-MATERIALS-BER-END-ELEC-TELECOM,BER-END-ELEC-TELECOM,phase2A-2C.materials_system_nodes,2A-2C,data/processed/networks/materials_system_nodes.csv,materials_node,Electronics and telecommunications,SYS-MATERIALS,exact identity,resolved,SRC-USGS-BE-FLOW-2018,real,inferred,2026,Atlas identity is additive; local identifier remains authoritative.
ENT-MATERIALS-BER-END-KAIROS,BER-END-KAIROS,phase2A-2C.materials_system_nodes,2A-2C,data/processed/networks/materials_system_nodes.csv,materials_node,Kairos Power FLiBe system,SYS-MATERIALS,exact identity,resolved,SRC-MATERION-KAIROS-2022,real,verified,2026,Atlas identity is additive; local identifier remains authoritative.
ENT-MATERIALS-BER-END-OPTICS,BER-END-OPTICS,phase2A-2C.materials_system_nodes,2A-2C,data/processed/networks/materials_system_nodes.csv,materials_node,Precision instruments and optics,SYS-MATERIALS,exact identity,resolved,SRC-MATERION-ENDUSES-2024,real,inferred,2026,Atlas identity is additive; local identifier remains authoritative.
ENT-MATERIALS-BER-LEG-LUCKEY,BER-LEG-LUCKEY,phase2A-2C.materials_system_nodes,2A-2C,data/processed/networks/materials_system_nodes.csv,materials_node,Luckey FUSRAP remediation,SYS-MATERIALS,exact identity,resolved,SRC-USACE-LUCKEY-2026,real,verified,2026,Atlas identity is additive; local identifier remains authoritative.
ENT-MATERIALS-BER-MAT-ADVANCED,BER-MAT-ADVANCED,phase2A-2C.materials_system_nodes,2A-2C,data/processed/networks/materials_system_nodes.csv,materials_node,Advanced beryllium materials,SYS-MATERIALS,exact identity,resolved,SRC-USGS-BE-2026,real,verified,2026,Atlas identity is additive; local identifier remains authoritative.
ENT-MATERIALS-BER-PROC-ELMORE,BER-PROC-ELMORE,phase2A-2C.materials_system_nodes,2A-2C,data/processed/networks/materials_system_nodes.csv,materials_node,Materion Elmore advanced processing,SYS-MATERIALS,exact identity,resolved,SRC-EPA-MATERION-ELMORE,real,verified,2026,Atlas identity is additive; local identifier remains authoritative.
ENT-MATERIALS-BER-UP-DOMESTIC,BER-UP-DOMESTIC,phase2A-2C.materials_system_nodes,2A-2C,data/processed/networks/materials_system_nodes.csv,materials_node,External domestic beryllium resource,SYS-MATERIALS,exact identity,resolved,SRC-USGS-BE-2026,real,verified,2026,Atlas identity is additive; local identifier remains authoritative.
ENT-MATERIALS-BER-UP-HYDROXIDE,BER-UP-HYDROXIDE,phase2A-2C.materials_system_nodes,2A-2C,data/processed/networks/materials_system_nodes.csv,materials_node,External beryllium hydroxide intermediate,SYS-MATERIALS,exact identity,resolved,SRC-USGS-BE-2026,real,verified,2026,Atlas identity is additive; local identifier remains authoritative.
ENT-MATERIALS-BER-UP-IMPORT,BER-UP-IMPORT,phase2A-2C.materials_system_nodes,2A-2C,data/processed/networks/materials_system_nodes.csv,materials_node,Imported beryl supply,SYS-MATERIALS,exact identity,resolved,SRC-USGS-BE-2026,real,verified,2026,Atlas identity is additive; local identifier remains authoritative.
ENT-MATERIALS-CARB-END-AGRICULTURE,CARB-END-AGRICULTURE,phase2A-2C.materials_system_nodes,2A-2C,data/processed/networks/materials_system_nodes.csv,materials_node,Agriculture and soil amendment,SYS-MATERIALS,exact identity,resolved,SRC-KOKOSING-SPECIALTY-2026,real,verified,2026,Atlas identity is additive; local identifier remains authoritative.
ENT-MATERIALS-CARB-END-CONSTRUCTION,CARB-END-CONSTRUCTION,phase2A-2C.materials_system_nodes,2A-2C,data/processed/networks/materials_system_nodes.csv,materials_node,Construction and infrastructure,SYS-MATERIALS,exact identity,resolved,SRC-EPA-CAO-2022,real,verified,2026,Atlas identity is additive; local identifier remains authoritative.
ENT-MATERIALS-CARB-END-ENVIRONMENT,CARB-END-ENVIRONMENT,phase2A-2C.materials_system_nodes,2A-2C,data/processed/networks/materials_system_nodes.csv,materials_node,Environmental treatment,SYS-MATERIALS,exact identity,resolved,SRC-EPA-CAO-2022,real,verified,2026,Atlas identity is additive; local identifier remains authoritative.
ENT-MATERIALS-CARB-END-METALLURGY,CARB-END-METALLURGY,phase2A-2C.materials_system_nodes,2A-2C,data/processed/networks/materials_system_nodes.csv,materials_node,Steel and metallurgical processing,SYS-MATERIALS,exact identity,resolved,SRC-EPA-CAO-2022,real,verified,2026,Atlas identity is additive; local identifier remains authoritative.
ENT-MATERIALS-CARB-END-WATER,CARB-END-WATER,phase2A-2C.materials_system_nodes,2A-2C,data/processed/networks/materials_system_nodes.csv,materials_node,Drinking-water and wastewater treatment,SYS-MATERIALS,exact identity,resolved,SRC-EPA-CAO-2022,real,verified,2026,Atlas identity is additive; local identifier remains authoritative.
ENT-MATERIALS-CARB-EXT-AREA-WOODVILLE,CARB-EXT-AREA-WOODVILLE,phase2A-2C.materials_system_nodes,2A-2C,data/processed/networks/materials_system_nodes.csv,materials_node,Area Aggregates Woodville extraction,SYS-MATERIALS,exact identity,resolved,SRC-OHEPA-AREA-2022,real,verified,2026,Atlas identity is additive; local identifier remains authoritative.
ENT-MATERIALS-CARB-EXT-MM-WOODVILLE,CARB-EXT-MM-WOODVILLE,phase2A-2C.materials_system_nodes,2A-2C,data/processed/networks/materials_system_nodes.csv,materials_node,Martin Marietta Woodville quarry,SYS-MATERIALS,exact identity,resolved,SRC-ODNR-MINERALS-2021,real,verified,2026,Atlas identity is additive; local identifier remains authoritative.
ENT-MATERIALS-CARB-GEO-REGIONAL,CARB-GEO-REGIONAL,phase2A-2C.materials_system_nodes,2A-2C,data/processed/networks/materials_system_nodes.csv,materials_node,Regional carbonate bedrock,SYS-MATERIALS,exact identity,resolved,SRC-ODNR-BEDROCK-2006,real,verified,2026,Atlas identity is additive; local identifier remains authoritative.
ENT-MATERIALS-CARB-MAT-AGGREGATE,CARB-MAT-AGGREGATE,phase2A-2C.materials_system_nodes,2A-2C,data/processed/networks/materials_system_nodes.csv,materials_node,Limestone and aggregate products,SYS-MATERIALS,exact identity,resolved,SRC-KOKOSING-SPECIALTY-2026,real,verified,2026,Atlas identity is additive; local identifier remains authoritative.
ENT-MATERIALS-CARB-MAT-LIME,CARB-MAT-LIME,phase2A-2C.materials_system_nodes,2A-2C,data/processed/networks/materials_system_nodes.csv,materials_node,Lime and dolime products,SYS-MATERIALS,exact identity,resolved,SRC-EPA-CAO-2022,real,verified,2026,Atlas identity is additive; local identifier remains authoritative.
ENT-MATERIALS-CARB-PROC-GRAYMONT-GENOA,CARB-PROC-GRAYMONT-GENOA,phase2A-2C.materials_system_nodes,2A-2C,data/processed/networks/materials_system_nodes.csv,materials_node,Graymont Genoa lime processing,SYS-MATERIALS,exact identity,resolved,SRC-GRAYMONT-GENOA-2026,real,verified,2026,Atlas identity is additive; local identifier remains authoritative.
ENT-MATERIALS-CARB-PROC-MM-WOODVILLE,CARB-PROC-MM-WOODVILLE,phase2A-2C.materials_system_nodes,2A-2C,data/processed/networks/materials_system_nodes.csv,materials_node,Martin Marietta Woodville lime processing,SYS-MATERIALS,exact identity,resolved,SRC-MM-WOODVILLE-2025,real,verified,2026,Atlas identity is additive; local identifier remains authoritative.
ENT-MATERIALS-EXP-CTRL-MODERN,EXP-CTRL-MODERN,phase2A-2C.materials_system_nodes,2A-2C,data/processed/networks/materials_system_nodes.csv,materials_node,Modern beryllium industrial-hygiene controls,SYS-MATERIALS,exact identity,resolved,PH2C-OSHA-BE-2018,real,verified,2026,Atlas identity is additive; local identifier remains authoritative.
ENT-MATERIALS-EXP-IF-WASTE-LOGISTICS,EXP-IF-WASTE-LOGISTICS,phase2A-2C.materials_system_nodes,2A-2C,data/processed/networks/materials_system_nodes.csv,materials_node,Licensed remediation waste logistics,SYS-MATERIALS,exact identity,resolved,PH2C-USACE-MILESTONE-2022,real,verified,2026,Atlas identity is additive; local identifier remains authoritative.
ENT-MATERIALS-EXP-LEG-ENV-CONTAM,EXP-LEG-ENV-CONTAM,phase2A-2C.materials_system_nodes,2A-2C,data/processed/networks/materials_system_nodes.csv,materials_node,Luckey environmental contamination legacy,SYS-MATERIALS,exact identity,resolved,PH2C-USACE-LUCKEY-2026,historical,verified,historical,Atlas identity is additive; local identifier remains authoritative.
ENT-MATERIALS-EXP-PATH-HIST-OCC,EXP-PATH-HIST-OCC,phase2A-2C.materials_system_nodes,2A-2C,data/processed/networks/materials_system_nodes.csv,materials_node,Historical occupational exposure potential,SYS-MATERIALS,exact identity,resolved,PH2C-NIOSH-BE-2011,historical,inferred,historical,Atlas identity is additive; local identifier remains authoritative.
ENT-MATERIALS-EXP-REM-FUSRAP,EXP-REM-FUSRAP,phase2A-2C.materials_system_nodes,2A-2C,data/processed/networks/materials_system_nodes.csv,materials_node,Luckey FUSRAP remediation system,SYS-MATERIALS,exact identity,resolved,PH2C-USACE-LUCKEY-2026,real,verified,2026,Atlas identity is additive; local identifier remains authoritative.
ENT-MATERIALS-SYS-IF-ENERGY,SYS-IF-ENERGY,phase2A-2C.materials_system_nodes,2A-2C,data/processed/networks/materials_system_nodes.csv,materials_node,Industrial energy demand,SYS-MATERIALS,exact identity,resolved,SRC-MM-WOODVILLE-2025,real,verified,2026,Atlas identity is additive; local identifier remains authoritative.
ENT-MATERIALS-SYS-IF-FREIGHT,SYS-IF-FREIGHT,phase2A-2C.materials_system_nodes,2A-2C,data/processed/networks/materials_system_nodes.csv,materials_node,Freight and logistics dependency,SYS-MATERIALS,exact identity,resolved,SRC-EPA-CAO-2022,real,verified,2026,Atlas identity is additive; local identifier remains authoritative.
ENT-POPULATION-EMP-18003,EMP-18003,phase11A.population_settlement_nodes,11A,data/processed/analysis/population_settlement_nodes.csv,population_settlement_node,Allen County employment concentration,SYS-POPULATION,exact identity,resolved,s11b_lodes_in_wac,real,verified,,Atlas identity is additive; local identifier remains authoritative.
ENT-POPULATION-EMP-18033,EMP-18033,phase11A.population_settlement_nodes,11A,data/processed/analysis/population_settlement_nodes.csv,population_settlement_node,DeKalb County employment concentration,SYS-POPULATION,exact identity,resolved,s11b_lodes_in_wac,real,verified,,Atlas identity is additive; local identifier remains authoritative.
ENT-POPULATION-EMP-26091,EMP-26091,phase11A.population_settlement_nodes,11A,data/processed/analysis/population_settlement_nodes.csv,population_settlement_node,Lenawee County employment concentration,SYS-POPULATION,exact identity,resolved,s11b_lodes_mi_wac,real,verified,,Atlas identity is additive; local identifier remains authoritative.
ENT-POPULATION-EMP-26115,EMP-26115,phase11A.population_settlement_nodes,11A,data/processed/analysis/population_settlement_nodes.csv,population_settlement_node,Monroe County employment concentration,SYS-POPULATION,exact identity,resolved,s11b_lodes_mi_wac,real,verified,,Atlas identity is additive; local identifier remains authoritative.
ENT-POPULATION-EMP-39051,EMP-39051,phase11A.population_settlement_nodes,11A,data/processed/analysis/population_settlement_nodes.csv,population_settlement_node,Fulton County employment concentration,SYS-POPULATION,exact identity,resolved,s11b_lodes_oh_wac,real,verified,,Atlas identity is additive; local identifier remains authoritative.
ENT-POPULATION-EMP-39063,EMP-39063,phase11A.population_settlement_nodes,11A,data/processed/analysis/population_settlement_nodes.csv,population_settlement_node,Hancock County employment concentration,SYS-POPULATION,exact identity,resolved,s11b_lodes_oh_wac,real,verified,,Atlas identity is additive; local identifier remains authoritative.
ENT-POPULATION-EMP-39095,EMP-39095,phase11A.population_settlement_nodes,11A,data/processed/analysis/population_settlement_nodes.csv,population_settlement_node,Lucas County employment concentration,SYS-POPULATION,exact identity,resolved,s11b_lodes_oh_wac,real,verified,,Atlas identity is additive; local identifier remains authoritative.
ENT-POPULATION-EMP-39143,EMP-39143,phase11A.population_settlement_nodes,11A,data/processed/analysis/population_settlement_nodes.csv,population_settlement_node,Sandusky County employment concentration,SYS-POPULATION,exact identity,resolved,s11b_lodes_oh_wac,real,verified,,Atlas identity is additive; local identifier remains authoritative.
ENT-POPULATION-EMP-39147,EMP-39147,phase11A.population_settlement_nodes,11A,data/processed/analysis/population_settlement_nodes.csv,population_settlement_node,Seneca County employment concentration,SYS-POPULATION,exact identity,resolved,s11b_lodes_oh_wac,real,verified,,Atlas identity is additive; local identifier remains authoritative.
ENT-POPULATION-EMP-39173,EMP-39173,phase11A.population_settlement_nodes,11A,data/processed/analysis/population_settlement_nodes.csv,population_settlement_node,Wood County employment concentration,SYS-POPULATION,exact identity,resolved,s11b_lodes_oh_wac,real,verified,,Atlas identity is additive; local identifier remains authoritative.
ENT-POPULATION-MUNI-1801666,MUNI-1801666,phase11A.population_settlement_nodes,11A,data/processed/analysis/population_settlement_nodes.csv,population_settlement_node,Angola city,SYS-POPULATION,exact identity,resolved,s11a_decennial_in_pl,real,verified,,Atlas identity is additive; local identifier remains authoritative.
ENT-POPULATION-MUNI-1802674,MUNI-1802674,phase11A.population_settlement_nodes,11A,data/processed/analysis/population_settlement_nodes.csv,population_settlement_node,Auburn city,SYS-POPULATION,exact identity,resolved,s11a_decennial_in_pl,real,verified,,Atlas identity is additive; local identifier remains authoritative.
ENT-POPULATION-MUNI-1825000,MUNI-1825000,phase11A.population_settlement_nodes,11A,data/processed/analysis/population_settlement_nodes.csv,population_settlement_node,Fort Wayne city,SYS-POPULATION,exact identity,resolved,s11a_decennial_in_pl,real,verified,,Atlas identity is additive; local identifier remains authoritative.
ENT-POPULATION-MUNI-1826386,MUNI-1826386,phase11A.population_settlement_nodes,11A,data/processed/analysis/population_settlement_nodes.csv,population_settlement_node,Garrett city,SYS-POPULATION,exact identity,resolved,s11a_decennial_in_pl,real,verified,,Atlas identity is additive; local identifier remains authoritative.
ENT-POPULATION-MUNI-1835266,MUNI-1835266,phase11A.population_settlement_nodes,11A,data/processed/analysis/population_settlement_nodes.csv,population_settlement_node,Huntertown town,SYS-POPULATION,exact identity,resolved,s11a_decennial_in_pl,real,verified,,Atlas identity is additive; local identifier remains authoritative.
ENT-POPULATION-MUNI-1852992,MUNI-1852992,phase11A.population_settlement_nodes,11A,data/processed/analysis/population_settlement_nodes.csv,population_settlement_node,New Haven city,SYS-POPULATION,exact identity,resolved,s11a_decennial_in_pl,real,verified,,Atlas identity is additive; local identifier remains authoritative.
ENT-POPULATION-MUNI-2600440,MUNI-2600440,phase11A.population_settlement_nodes,11A,data/processed/analysis/population_settlement_nodes.csv,population_settlement_node,Adrian city,SYS-POPULATION,exact identity,resolved,s11a_decennial_mi_pl,real,verified,,Atlas identity is additive; local identifier remains authoritative.
ENT-POPULATION-MUNI-2623380,MUNI-2623380,phase11A.population_settlement_nodes,11A,data/processed/analysis/population_settlement_nodes.csv,population_settlement_node,Dundee village,SYS-POPULATION,exact identity,resolved,s11a_decennial_mi_pl,real,verified,,Atlas identity is additive; local identifier remains authoritative.
ENT-POPULATION-MUNI-2645420,MUNI-2645420,phase11A.population_settlement_nodes,11A,data/processed/analysis/population_settlement_nodes.csv,population_settlement_node,Lambertville CDP,SYS-POPULATION,exact identity,resolved,s11a_decennial_mi_pl,real,verified,,Atlas identity is additive; local identifier remains authoritative.
ENT-POPULATION-MUNI-2653920,MUNI-2653920,phase11A.population_settlement_nodes,11A,data/processed/analysis/population_settlement_nodes.csv,population_settlement_node,Milan city,SYS-POPULATION,exact identity,resolved,s11a_decennial_mi_pl,real,verified,,Atlas identity is additive; local identifier remains authoritative.
ENT-POPULATION-MUNI-2655020,MUNI-2655020,phase11A.population_settlement_nodes,11A,data/processed/analysis/population_settlement_nodes.csv,population_settlement_node,Monroe city,SYS-POPULATION,exact identity,resolved,s11a_decennial_mi_pl,real,verified,,Atlas identity is additive; local identifier remains authoritative.
ENT-POPULATION-MUNI-2675140,MUNI-2675140,phase11A.population_settlement_nodes,11A,data/processed/analysis/population_settlement_nodes.csv,population_settlement_node,South Monroe CDP,SYS-POPULATION,exact identity,resolved,s11a_decennial_mi_pl,real,verified,,Atlas identity is additive; local identifier remains authoritative.
ENT-POPULATION-MUNI-2679120,MUNI-2679120,phase11A.population_settlement_nodes,11A,data/processed/analysis/population_settlement_nodes.csv,population_settlement_node,Tecumseh city,SYS-POPULATION,exact identity,resolved,s11a_decennial_mi_pl,real,verified,,Atlas identity is additive; local identifier remains authoritative.
ENT-POPULATION-MUNI-2679240,MUNI-2679240,phase11A.population_settlement_nodes,11A,data/processed/analysis/population_settlement_nodes.csv,population_settlement_node,Temperance CDP,SYS-POPULATION,exact identity,resolved,s11a_decennial_mi_pl,real,verified,,Atlas identity is additive; local identifier remains authoritative.
ENT-POPULATION-MUNI-3907972,MUNI-3907972,phase11A.population_settlement_nodes,11A,data/processed/analysis/population_settlement_nodes.csv,population_settlement_node,Bowling Green city,SYS-POPULATION,exact identity,resolved,s11a_decennial_oh_pl,real,verified,,Atlas identity is additive; local identifier remains authoritative.
ENT-POPULATION-MUNI-3909792,MUNI-3909792,phase11A.population_settlement_nodes,11A,data/processed/analysis/population_settlement_nodes.csv,population_settlement_node,Bryan city,SYS-POPULATION,exact identity,resolved,s11a_decennial_oh_pl,real,verified,,Atlas identity is additive; local identifier remains authoritative.
ENT-POPULATION-MUNI-3916308,MUNI-3916308,phase11A.population_settlement_nodes,11A,data/processed/analysis/population_settlement_nodes.csv,population_settlement_node,Clyde city,SYS-POPULATION,exact identity,resolved,s11a_decennial_oh_pl,real,verified,,Atlas identity is additive; local identifier remains authoritative.
ENT-POPULATION-MUNI-3921308,MUNI-3921308,phase11A.population_settlement_nodes,11A,data/processed/analysis/population_settlement_nodes.csv,population_settlement_node,Defiance city,SYS-POPULATION,exact identity,resolved,s11a_decennial_oh_pl,real,verified,,Atlas identity is additive; local identifier remains authoritative.
ENT-POPULATION-MUNI-3927048,MUNI-3927048,phase11A.population_settlement_nodes,11A,data/processed/analysis/population_settlement_nodes.csv,population_settlement_node,Findlay city,SYS-POPULATION,exact identity,resolved,s11a_decennial_oh_pl,real,verified,,Atlas identity is additive; local identifier remains authoritative.
ENT-POPULATION-MUNI-3928014,MUNI-3928014,phase11A.population_settlement_nodes,11A,data/processed/analysis/population_settlement_nodes.csv,population_settlement_node,Fostoria city,SYS-POPULATION,exact identity,resolved,s11a_decennial_oh_pl,real,verified,,Atlas identity is additive; local identifier remains authoritative.
ENT-POPULATION-MUNI-3928826,MUNI-3928826,phase11A.population_settlement_nodes,11A,data/processed/analysis/population_settlement_nodes.csv,population_settlement_node,Fremont city,SYS-POPULATION,exact identity,resolved,s11a_decennial_oh_pl,real,verified,,Atlas identity is additive; local identifier remains authoritative.
ENT-POPULATION-MUNI-3948342,MUNI-3948342,phase11A.population_settlement_nodes,11A,data/processed/analysis/population_settlement_nodes.csv,population_settlement_node,Maumee city,SYS-POPULATION,exact identity,resolved,s11a_decennial_oh_pl,real,verified,,Atlas identity is additive; local identifier remains authoritative.
ENT-POPULATION-MUNI-3953550,MUNI-3953550,phase11A.population_settlement_nodes,11A,data/processed/analysis/population_settlement_nodes.csv,population_settlement_node,Napoleon city,SYS-POPULATION,exact identity,resolved,s11a_decennial_oh_pl,real,verified,,Atlas identity is additive; local identifier remains authoritative.
ENT-POPULATION-MUNI-3957190,MUNI-3957190,phase11A.population_settlement_nodes,11A,data/processed/analysis/population_settlement_nodes.csv,population_settlement_node,Northwood city,SYS-POPULATION,exact identity,resolved,s11a_decennial_oh_pl,real,verified,,Atlas identity is additive; local identifier remains authoritative.
ENT-POPULATION-MUNI-3958730,MUNI-3958730,phase11A.population_settlement_nodes,11A,data/processed/analysis/population_settlement_nodes.csv,population_settlement_node,Oregon city,SYS-POPULATION,exact identity,resolved,s11a_decennial_oh_pl,real,verified,,Atlas identity is additive; local identifier remains authoritative.
ENT-POPULATION-MUNI-3962148,MUNI-3962148,phase11A.population_settlement_nodes,11A,data/processed/analysis/population_settlement_nodes.csv,population_settlement_node,Perrysburg city,SYS-POPULATION,exact identity,resolved,s11a_decennial_oh_pl,real,verified,,Atlas identity is additive; local identifier remains authoritative.
ENT-POPULATION-MUNI-3964150,MUNI-3964150,phase11A.population_settlement_nodes,11A,data/processed/analysis/population_settlement_nodes.csv,population_settlement_node,Port Clinton city,SYS-POPULATION,exact identity,resolved,s11a_decennial_oh_pl,real,verified,,Atlas identity is additive; local identifier remains authoritative.
ENT-POPULATION-MUNI-3968686,MUNI-3968686,phase11A.population_settlement_nodes,11A,data/processed/analysis/population_settlement_nodes.csv,population_settlement_node,Rossford city,SYS-POPULATION,exact identity,resolved,s11a_decennial_oh_pl,real,verified,,Atlas identity is additive; local identifier remains authoritative.
ENT-POPULATION-MUNI-3976022,MUNI-3976022,phase11A.population_settlement_nodes,11A,data/processed/analysis/population_settlement_nodes.csv,population_settlement_node,Sylvania city,SYS-POPULATION,exact identity,resolved,s11a_decennial_oh_pl,real,verified,,Atlas identity is additive; local identifier remains authoritative.
ENT-POPULATION-MUNI-3976778,MUNI-3976778,phase11A.population_settlement_nodes,11A,data/processed/analysis/population_settlement_nodes.csv,population_settlement_node,Tiffin city,SYS-POPULATION,exact identity,resolved,s11a_decennial_oh_pl,real,verified,,Atlas identity is additive; local identifier remains authoritative.
ENT-POPULATION-MUNI-3977000,MUNI-3977000,phase11A.population_settlement_nodes,11A,data/processed/analysis/population_settlement_nodes.csv,population_settlement_node,Toledo city,SYS-POPULATION,exact identity,resolved,s11a_decennial_oh_pl,real,verified,,Atlas identity is additive; local identifier remains authoritative.
ENT-POPULATION-MUNI-3979562,MUNI-3979562,phase11A.population_settlement_nodes,11A,data/processed/analysis/population_settlement_nodes.csv,population_settlement_node,Van Wert city,SYS-POPULATION,exact identity,resolved,s11a_decennial_oh_pl,real,verified,,Atlas identity is additive; local identifier remains authoritative.
ENT-POPULATION-MUNI-3981858,MUNI-3981858,phase11A.population_settlement_nodes,11A,data/processed/analysis/population_settlement_nodes.csv,population_settlement_node,Waterville city,SYS-POPULATION,exact identity,resolved,s11a_decennial_oh_pl,real,verified,,Atlas identity is additive; local identifier remains authoritative.
ENT-POPULATION-MUNI-3981928,MUNI-3981928,phase11A.population_settlement_nodes,11A,data/processed/analysis/population_settlement_nodes.csv,population_settlement_node,Wauseon city,SYS-POPULATION,exact identity,resolved,s11a_decennial_oh_pl,real,verified,,Atlas identity is additive; local identifier remains authoritative.
ENT-POPULATION-POP-ZONE-18003,POP-ZONE-18003,phase11A.population_settlement_nodes,11A,data/processed/analysis/population_settlement_nodes.csv,population_settlement_node,"Allen County, IN",SYS-POPULATION,exact identity,resolved,s11a_decennial_in_pl,real,verified,,Atlas identity is additive; local identifier remains authoritative.
ENT-POPULATION-POP-ZONE-18033,POP-ZONE-18033,phase11A.population_settlement_nodes,11A,data/processed/analysis/population_settlement_nodes.csv,population_settlement_node,"DeKalb County, IN",SYS-POPULATION,exact identity,resolved,s11a_decennial_in_pl,real,verified,,Atlas identity is additive; local identifier remains authoritative.
ENT-POPULATION-POP-ZONE-18151,POP-ZONE-18151,phase11A.population_settlement_nodes,11A,data/processed/analysis/population_settlement_nodes.csv,population_settlement_node,"Steuben County, IN",SYS-POPULATION,exact identity,resolved,s11a_decennial_in_pl,real,verified,,Atlas identity is additive; local identifier remains authoritative.
ENT-POPULATION-POP-ZONE-26091,POP-ZONE-26091,phase11A.population_settlement_nodes,11A,data/processed/analysis/population_settlement_nodes.csv,population_settlement_node,"Lenawee County, MI",SYS-POPULATION,exact identity,resolved,s11a_decennial_mi_pl,real,verified,,Atlas identity is additive; local identifier remains authoritative.
ENT-POPULATION-POP-ZONE-26115,POP-ZONE-26115,phase11A.population_settlement_nodes,11A,data/processed/analysis/population_settlement_nodes.csv,population_settlement_node,"Monroe County, MI",SYS-POPULATION,exact identity,resolved,s11a_decennial_mi_pl,real,verified,,Atlas identity is additive; local identifier remains authoritative.
ENT-POPULATION-POP-ZONE-39039,POP-ZONE-39039,phase11A.population_settlement_nodes,11A,data/processed/analysis/population_settlement_nodes.csv,population_settlement_node,"Defiance County, OH",SYS-POPULATION,exact identity,resolved,s11a_decennial_oh_pl,real,verified,,Atlas identity is additive; local identifier remains authoritative.
ENT-POPULATION-POP-ZONE-39051,POP-ZONE-39051,phase11A.population_settlement_nodes,11A,data/processed/analysis/population_settlement_nodes.csv,population_settlement_node,"Fulton County, OH",SYS-POPULATION,exact identity,resolved,s11a_decennial_oh_pl,real,verified,,Atlas identity is additive; local identifier remains authoritative.
ENT-POPULATION-POP-ZONE-39063,POP-ZONE-39063,phase11A.population_settlement_nodes,11A,data/processed/analysis/population_settlement_nodes.csv,population_settlement_node,"Hancock County, OH",SYS-POPULATION,exact identity,resolved,s11a_decennial_oh_pl,real,verified,,Atlas identity is additive; local identifier remains authoritative.
ENT-POPULATION-POP-ZONE-39069,POP-ZONE-39069,phase11A.population_settlement_nodes,11A,data/processed/analysis/population_settlement_nodes.csv,population_settlement_node,"Henry County, OH",SYS-POPULATION,exact identity,resolved,s11a_decennial_oh_pl,real,verified,,Atlas identity is additive; local identifier remains authoritative.
ENT-POPULATION-POP-ZONE-39095,POP-ZONE-39095,phase11A.population_settlement_nodes,11A,data/processed/analysis/population_settlement_nodes.csv,population_settlement_node,"Lucas County, OH",SYS-POPULATION,exact identity,resolved,s11a_decennial_oh_pl,real,verified,,Atlas identity is additive; local identifier remains authoritative.
ENT-POPULATION-POP-ZONE-39123,POP-ZONE-39123,phase11A.population_settlement_nodes,11A,data/processed/analysis/population_settlement_nodes.csv,population_settlement_node,"Ottawa County, OH",SYS-POPULATION,exact identity,resolved,s11a_decennial_oh_pl,real,verified,,Atlas identity is additive; local identifier remains authoritative.
ENT-POPULATION-POP-ZONE-39125,POP-ZONE-39125,phase11A.population_settlement_nodes,11A,data/processed/analysis/population_settlement_nodes.csv,population_settlement_node,"Paulding County, OH",SYS-POPULATION,exact identity,resolved,s11a_decennial_oh_pl,real,verified,,Atlas identity is additive; local identifier remains authoritative.
ENT-POPULATION-POP-ZONE-39137,POP-ZONE-39137,phase11A.population_settlement_nodes,11A,data/processed/analysis/population_settlement_nodes.csv,population_settlement_node,"Putnam County, OH",SYS-POPULATION,exact identity,resolved,s11a_decennial_oh_pl,real,verified,,Atlas identity is additive; local identifier remains authoritative.
ENT-POPULATION-POP-ZONE-39143,POP-ZONE-39143,phase11A.population_settlement_nodes,11A,data/processed/analysis/population_settlement_nodes.csv,population_settlement_node,"Sandusky County, OH",SYS-POPULATION,exact identity,resolved,s11a_decennial_oh_pl,real,verified,,Atlas identity is additive; local identifier remains authoritative.
ENT-POPULATION-POP-ZONE-39147,POP-ZONE-39147,phase11A.population_settlement_nodes,11A,data/processed/analysis/population_settlement_nodes.csv,population_settlement_node,"Seneca County, OH",SYS-POPULATION,exact identity,resolved,s11a_decennial_oh_pl,real,verified,,Atlas identity is additive; local identifier remains authoritative.
ENT-POPULATION-POP-ZONE-39161,POP-ZONE-39161,phase11A.population_settlement_nodes,11A,data/processed/analysis/population_settlement_nodes.csv,population_settlement_node,"Van Wert County, OH",SYS-POPULATION,exact identity,resolved,s11a_decennial_oh_pl,real,verified,,Atlas identity is additive; local identifier remains authoritative.
ENT-POPULATION-POP-ZONE-39171,POP-ZONE-39171,phase11A.population_settlement_nodes,11A,data/processed/analysis/population_settlement_nodes.csv,population_settlement_node,"Williams County, OH",SYS-POPULATION,exact identity,resolved,s11a_decennial_oh_pl,real,verified,,Atlas identity is additive; local identifier remains authoritative.
ENT-POPULATION-POP-ZONE-39173,POP-ZONE-39173,phase11A.population_settlement_nodes,11A,data/processed/analysis/population_settlement_nodes.csv,population_settlement_node,"Wood County, OH",SYS-POPULATION,exact identity,resolved,s11a_decennial_oh_pl,real,verified,,Atlas identity is additive; local identifier remains authoritative.
ENT-VECTOR-ECOLOGY-VEC-001,VEC-001,phase12A.vector_ecology_nodes,12A,data/processed/networks/vector_ecology_nodes.csv,vector_ecology_node,Northern house mosquito,SYS-VECTOR-ECOLOGY,exact identity,resolved,v12_ohio_mosquitoes,real,verified,,Atlas identity is additive; local identifier remains authoritative.
ENT-VECTOR-ECOLOGY-VEC-002,VEC-002,phase12A.vector_ecology_nodes,12A,data/processed/networks/vector_ecology_nodes.csv,vector_ecology_node,Culex pipiens/restuans complex context,SYS-VECTOR-ECOLOGY,exact identity,resolved,v12_osu_culex,real,verified,,Atlas identity is additive; local identifier remains authoritative.
ENT-VECTOR-ECOLOGY-VEC-003,VEC-003,phase12A.vector_ecology_nodes,12A,data/processed/networks/vector_ecology_nodes.csv,vector_ecology_node,Asian tiger mosquito,SYS-VECTOR-ECOLOGY,exact identity,resolved,v12_ohio_mosquitoes,real,verified,,Atlas identity is additive; local identifier remains authoritative.
ENT-VECTOR-ECOLOGY-VEC-004,VEC-004,phase12A.vector_ecology_nodes,12A,data/processed/networks/vector_ecology_nodes.csv,vector_ecology_node,Asian bush mosquito,SYS-VECTOR-ECOLOGY,exact identity,resolved,v12_ohio_ae_japonicus,real,verified,,Atlas identity is additive; local identifier remains authoritative.
ENT-VECTOR-ECOLOGY-VEC-005,VEC-005,phase12A.vector_ecology_nodes,12A,data/processed/networks/vector_ecology_nodes.csv,vector_ecology_node,Eastern treehole mosquito,SYS-VECTOR-ECOLOGY,exact identity,resolved,v12_ohio_mosquitoes,real,verified,,Atlas identity is additive; local identifier remains authoritative.
ENT-VECTOR-ECOLOGY-VEC-006,VEC-006,phase12A.vector_ecology_nodes,12A,data/processed/networks/vector_ecology_nodes.csv,vector_ecology_node,Blacklegged tick,SYS-VECTOR-ECOLOGY,exact identity,resolved,v12_cdc_ixodes,real,verified,,Atlas identity is additive; local identifier remains authoritative.
ENT-VECTOR-ECOLOGY-VEC-007,VEC-007,phase12A.vector_ecology_nodes,12A,data/processed/networks/vector_ecology_nodes.csv,vector_ecology_node,American dog tick,SYS-VECTOR-ECOLOGY,exact identity,resolved,v12_cdc_dvariabilis,real,verified,,Atlas identity is additive; local identifier remains authoritative.
ENT-VECTOR-ECOLOGY-VEC-008,VEC-008,phase12A.vector_ecology_nodes,12A,data/processed/networks/vector_ecology_nodes.csv,vector_ecology_node,Western Basin wetland and standing-water interface,SYS-VECTOR-ECOLOGY,exact identity,resolved,phase1_hydrology_context,real,verified,,Atlas identity is additive; local identifier remains authoritative.
ENT-VECTOR-ECOLOGY-VEC-009,VEC-009,phase12A.vector_ecology_nodes,12A,data/processed/networks/vector_ecology_nodes.csv,vector_ecology_node,Urban and container habitat interface,SYS-VECTOR-ECOLOGY,exact identity,resolved,v12_ohio_mosquitoes,real,inferred,,Atlas identity is additive; local identifier remains authoritative.
ENT-VECTOR-ECOLOGY-VEC-010,VEC-010,phase12A.vector_ecology_nodes,12A,data/processed/networks/vector_ecology_nodes.csv,vector_ecology_node,Forest and edge host interface,SYS-VECTOR-ECOLOGY,exact identity,resolved,v12_cdc_ticks_live,real,inferred,,Atlas identity is additive; local identifier remains authoritative.
ENT-VECTOR-ECOLOGY-VEC-011,VEC-011,phase12A.vector_ecology_nodes,12A,data/processed/networks/vector_ecology_nodes.csv,vector_ecology_node,"Agricultural, ditch, and floodplain water interface",SYS-VECTOR-ECOLOGY,exact identity,resolved,phase1_hydrology_context,real,inferred,,Atlas identity is additive; local identifier remains authoritative.
ENT-VECTOR-ECOLOGY-VEC-012,VEC-012,phase12A.vector_ecology_nodes,12A,data/processed/networks/vector_ecology_nodes.csv,vector_ecology_node,Vertebrate host ecology context,SYS-VECTOR-ECOLOGY,exact identity,resolved,v12_cdc_wnv_about,real,verified,,Atlas identity is additive; local identifier remains authoritative.
ENT-VECTOR-ECOLOGY-VEC-013,VEC-013,phase12A.vector_ecology_nodes,12A,data/processed/networks/vector_ecology_nodes.csv,vector_ecology_node,Temperature and seasonal development interface,SYS-VECTOR-ECOLOGY,exact identity,resolved,phase9_climate_context,real,inferred,,Atlas identity is additive; local identifier remains authoritative.
ENT-VECTOR-ECOLOGY-VEC-014,VEC-014,phase12A.vector_ecology_nodes,12A,data/processed/networks/vector_ecology_nodes.csv,vector_ecology_node,Precipitation and hydrology interface,SYS-VECTOR-ECOLOGY,exact identity,resolved,phase1_hydrology_context,real,inferred,,Atlas identity is additive; local identifier remains authoritative.
ENT-VECTOR-ECOLOGY-VEC-015,VEC-015,phase12A.vector_ecology_nodes,12A,data/processed/networks/vector_ecology_nodes.csv,vector_ecology_node,Ohio vector surveillance program,SYS-VECTOR-ECOLOGY,exact identity,resolved,v12_ohio_vector_update,real,verified,,Atlas identity is additive; local identifier remains authoritative.
ENT-VECTOR-ECOLOGY-VEC-016,VEC-016,phase12A.vector_ecology_nodes,12A,data/processed/networks/vector_ecology_nodes.csv,vector_ecology_node,Michigan arbovirus surveillance program,SYS-VECTOR-ECOLOGY,exact identity,resolved,v12_mi_annual_2023,real,verified,,Atlas identity is additive; local identifier remains authoritative.
ENT-VECTOR-ECOLOGY-VEC-017,VEC-017,phase12A.vector_ecology_nodes,12A,data/processed/networks/vector_ecology_nodes.csv,vector_ecology_node,Indiana mosquito-borne activity surveillance,SYS-VECTOR-ECOLOGY,exact identity,resolved,v12_in_wnv_2026,real,verified,,Atlas identity is additive; local identifier remains authoritative.
ENT-VECTOR-ECOLOGY-VEC-018,VEC-018,phase12A.vector_ecology_nodes,12A,data/processed/networks/vector_ecology_nodes.csv,vector_ecology_node,CDC ArboNET and tick surveillance interface,SYS-VECTOR-ECOLOGY,exact identity,resolved,v12_cdc_tick_sets,real,verified,,Atlas identity is additive; local identifier remains authoritative.
ENT-VECTOR-ECOLOGY-VEC-019,VEC-019,phase12A.vector_ecology_nodes,12A,data/processed/networks/vector_ecology_nodes.csv,vector_ecology_node,West Nile virus pathogen-in-vector context,SYS-VECTOR-ECOLOGY,exact identity,resolved,v12_cdc_wnv_data,real,verified,,Atlas identity is additive; local identifier remains authoritative.
ENT-VECTOR-ECOLOGY-VEC-020,VEC-020,phase12A.vector_ecology_nodes,12A,data/processed/networks/vector_ecology_nodes.csv,vector_ecology_node,Tickborne pathogen surveillance context,SYS-VECTOR-ECOLOGY,exact identity,resolved,v12_cdc_tick_sets,real,verified,,Atlas identity is additive; local identifier remains authoritative.
ENT-WATER-WTR-N-2050-CELLS,WTR-N-2050-CELLS,phase1.water_system_nodes,1,data/processed/networks/water_system_nodes.csv,water_feature,Restored wetland treatment cells,SYS-WATER,exact identity,resolved,Glasspunk scenario assumption,fictional,scenario,2050,Atlas identity is additive; local identifier remains authoritative.
ENT-WATER-WTR-N-2050-HEALTH,WTR-N-2050-HEALTH,phase1.water_system_nodes,1,data/processed/networks/water_system_nodes.csv,water_feature,Neighborhood public-health warning integration,SYS-WATER,exact identity,resolved,Glasspunk scenario assumption,fictional,scenario,2050,Atlas identity is additive; local identifier remains authoritative.
ENT-WATER-WTR-N-2050-OPS,WTR-N-2050-OPS,phase1.water_system_nodes,1,data/processed/networks/water_system_nodes.csv,water_feature,Intake-linked watershed operations,SYS-WATER,exact identity,resolved,Glasspunk scenario assumption,fictional,scenario,2050,Atlas identity is additive; local identifier remains authoritative.
ENT-WATER-WTR-N-2050-SAMPLERS,WTR-N-2050-SAMPLERS,phase1.water_system_nodes,1,data/processed/networks/water_system_nodes.csv,water_feature,Autonomous sampling fleets,SYS-WATER,exact identity,resolved,Glasspunk scenario assumption,fictional,scenario,2050,Atlas identity is additive; local identifier remains authoritative.
ENT-WATER-WTR-N-BAY,WTR-N-BAY,phase1.water_system_nodes,1,data/processed/networks/water_system_nodes.csv,water_feature,Maumee Bay,SYS-WATER,exact identity,resolved,USGS NHDPlus HR,real,verified,2026,Atlas identity is additive; local identifier remains authoritative.
ENT-WATER-WTR-N-COLLINS,WTR-N-COLLINS,phase1.water_system_nodes,1,data/processed/networks/water_system_nodes.csv,water_feature,Collins Park Water Treatment Plant,SYS-WATER,exact identity,resolved,City of Toledo / Ohio EPA monitor-site description,real,verified,2026,Atlas identity is additive; local identifier remains authoritative.
ENT-WATER-WTR-N-CONSUMERS,WTR-N-CONSUMERS,phase1.water_system_nodes,1,data/processed/networks/water_system_nodes.csv,water_feature,Toledo regional consumers,SYS-WATER,exact identity,resolved,City of Toledo Water Treatment,real,verified,2026,Atlas identity is additive; local identifier remains authoritative.
ENT-WATER-WTR-N-DRAINAGE,WTR-N-DRAINAGE,phase1.water_system_nodes,1,data/processed/networks/water_system_nodes.csv,water_feature,Drainage and tributaries,SYS-WATER,exact identity,resolved,USGS NHDPlus HR,real,verified,2026,Atlas identity is additive; local identifier remains authoritative.
ENT-WATER-WTR-N-HAB,WTR-N-HAB,phase1.water_system_nodes,1,data/processed/networks/water_system_nodes.csv,water_feature,HAB ecological response,SYS-WATER,exact identity,resolved,US EPA Lake Erie Water Quality Data,real,inferred,2026,Atlas identity is additive; local identifier remains authoritative.
ENT-WATER-WTR-N-INTAKE,WTR-N-INTAKE,phase1.water_system_nodes,1,data/processed/networks/water_system_nodes.csv,water_feature,City of Toledo Water Intake Crib monitoring location,SYS-WATER,exact identity,resolved,GLOS / IOOS ERDDAP,real,verified,2026,Atlas identity is additive; local identifier remains authoritative.
ENT-WATER-WTR-N-LAND,WTR-N-LAND,phase1.water_system_nodes,1,data/processed/networks/water_system_nodes.csv,water_feature,Agricultural and urban land,SYS-WATER,exact identity,resolved,US EPA Maumee Watershed Nutrient TMDL,real,inferred,2026,Atlas identity is additive; local identifier remains authoritative.
ENT-WATER-WTR-N-MAUMEE,WTR-N-MAUMEE,phase1.water_system_nodes,1,data/processed/networks/water_system_nodes.csv,water_feature,Maumee River,SYS-WATER,exact identity,resolved,USGS NHDPlus HR,real,verified,2026,Atlas identity is additive; local identifier remains authoritative.
ENT-WATER-WTR-N-WETLAND,WTR-N-WETLAND,phase1.water_system_nodes,1,data/processed/networks/water_system_nodes.csv,water_feature,Current wetlands,SYS-WATER,exact identity,resolved,USFWS National Wetlands Inventory,real,inferred,2026,Atlas identity is additive; local identifier remains authoritative.
ENT-WATER-WTR-N-WLE,WTR-N-WLE,phase1.water_system_nodes,1,data/processed/networks/water_system_nodes.csv,water_feature,Western Lake Erie,SYS-WATER,exact identity,resolved,USGS NHDPlus HR,real,verified,2026,Atlas identity is additive; local identifier remains authoritative.
