run_id,period,unresolved_policy,focus_huc12,traced_huc12,hops,policy_reachable,first_unresolved_link_from_huc12
v01b_unit_pulse_strict,unit_pulse_no_time,strict,041000030101,041000030101,0,True,
v01b_unit_pulse_strict,unit_pulse_no_time,strict,041000030101,041000030102,1,True,
v01b_unit_pulse_strict,unit_pulse_no_time,strict,041000030101,041000030104,2,True,
v01b_unit_pulse_strict,unit_pulse_no_time,strict,041000030101,041000030106,3,True,
v01b_unit_pulse_strict,unit_pulse_no_time,strict,041000030101,041000030302,4,True,
v01b_unit_pulse_strict,unit_pulse_no_time,strict,041000030101,041000030304,5,True,
v01b_unit_pulse_strict,unit_pulse_no_time,strict,041000030101,041000030306,6,True,
v01b_unit_pulse_strict,unit_pulse_no_time,strict,041000030101,041000030501,7,True,
v01b_unit_pulse_strict,unit_pulse_no_time,strict,041000030101,041000030503,8,True,
v01b_unit_pulse_strict,unit_pulse_no_time,strict,041000030101,041000030505,9,True,
v01b_unit_pulse_strict,unit_pulse_no_time,strict,041000030101,041000030506,10,True,
v01b_unit_pulse_strict,unit_pulse_no_time,strict,041000030101,041000030802,11,True,
v01b_unit_pulse_strict,unit_pulse_no_time,strict,041000030101,041000030803,12,True,
v01b_unit_pulse_strict,unit_pulse_no_time,strict,041000030101,041000030804,13,True,
v01b_unit_pulse_strict,unit_pulse_no_time,strict,041000030101,041000030805,14,True,
v01b_unit_pulse_strict,unit_pulse_no_time,strict,041000030101,041000030806,15,True,
v01b_unit_pulse_strict,unit_pulse_no_time,strict,041000030101,041000050102,16,True,
v01b_unit_pulse_strict,unit_pulse_no_time,strict,041000030101,041000050103,17,True,
v01b_unit_pulse_strict,unit_pulse_no_time,strict,041000030101,041000050105,18,True,
v01b_unit_pulse_strict,unit_pulse_no_time,strict,041000030101,041000050106,19,True,
v01b_unit_pulse_strict,unit_pulse_no_time,strict,041000030101,041000050202,20,True,
v01b_unit_pulse_strict,unit_pulse_no_time,strict,041000030101,041000050205,21,True,
v01b_unit_pulse_strict,unit_pulse_no_time,strict,041000030101,041000050207,22,True,
v01b_unit_pulse_strict,unit_pulse_no_time,strict,041000030101,041000050208,23,True,
v01b_unit_pulse_strict,unit_pulse_no_time,strict,041000030101,041000090201,24,True,
v01b_unit_pulse_strict,unit_pulse_no_time,strict,041000030101,041000090203,25,True,
v01b_unit_pulse_strict,unit_pulse_no_time,strict,041000030101,041000090206,26,True,
v01b_unit_pulse_strict,unit_pulse_no_time,strict,041000030101,041000090207,27,True,
v01b_unit_pulse_strict,unit_pulse_no_time,strict,041000030101,041000090403,28,True,
v01b_unit_pulse_strict,unit_pulse_no_time,strict,041000030101,041000090510,29,True,
v01b_unit_pulse_strict,unit_pulse_no_time,strict,041000030101,041000090602,30,True,
v01b_unit_pulse_strict,unit_pulse_no_time,strict,041000030101,041000090603,31,True,
v01b_unit_pulse_strict,unit_pulse_no_time,strict,041000030101,041000090903,32,True,
v01b_unit_pulse_strict,unit_pulse_no_time,strict,041000030101,041000090904,33,True,
v01b_unit_pulse_strict,unit_pulse_no_time,strict,041000030102,041000030102,0,True,
v01b_unit_pulse_strict,unit_pulse_no_time,strict,041000030102,041000030104,1,True,
v01b_unit_pulse_strict,unit_pulse_no_time,strict,041000030102,041000030106,2,True,
v01b_unit_pulse_strict,unit_pulse_no_time,strict,041000030102,041000030302,3,True,
v01b_unit_pulse_strict,unit_pulse_no_time,strict,041000030102,041000030304,4,True,
v01b_unit_pulse_strict,unit_pulse_no_time,strict,041000030102,041000030306,5,True,
v01b_unit_pulse_strict,unit_pulse_no_time,strict,041000030102,041000030501,6,True,
v01b_unit_pulse_strict,unit_pulse_no_time,strict,041000030102,041000030503,7,True,
v01b_unit_pulse_strict,unit_pulse_no_time,strict,041000030102,041000030505,8,True,
v01b_unit_pulse_strict,unit_pulse_no_time,strict,041000030102,041000030506,9,True,
v01b_unit_pulse_strict,unit_pulse_no_time,strict,041000030102,041000030802,10,True,
v01b_unit_pulse_strict,unit_pulse_no_time,strict,041000030102,041000030803,11,True,
v01b_unit_pulse_strict,unit_pulse_no_time,strict,041000030102,041000030804,12,True,
v01b_unit_pulse_strict,unit_pulse_no_time,strict,041000030102,041000030805,13,True,
v01b_unit_pulse_strict,unit_pulse_no_time,strict,041000030102,041000030806,14,True,
v01b_unit_pulse_strict,unit_pulse_no_time,strict,041000030102,041000050102,15,True,
v01b_unit_pulse_strict,unit_pulse_no_time,strict,041000030102,041000050103,16,True,
v01b_unit_pulse_strict,unit_pulse_no_time,strict,041000030102,041000050105,17,True,
v01b_unit_pulse_strict,unit_pulse_no_time,strict,041000030102,041000050106,18,True,
v01b_unit_pulse_strict,unit_pulse_no_time,strict,041000030102,041000050202,19,True,
v01b_unit_pulse_strict,unit_pulse_no_time,strict,041000030102,041000050205,20,True,
v01b_unit_pulse_strict,unit_pulse_no_time,strict,041000030102,041000050207,21,True,
v01b_unit_pulse_strict,unit_pulse_no_time,strict,041000030102,041000050208,22,True,
v01b_unit_pulse_strict,unit_pulse_no_time,strict,041000030102,041000090201,23,True,
v01b_unit_pulse_strict,unit_pulse_no_time,strict,041000030102,041000090203,24,True,
v01b_unit_pulse_strict,unit_pulse_no_time,strict,041000030102,041000090206,25,True,
v01b_unit_pulse_strict,unit_pulse_no_time,strict,041000030102,041000090207,26,True,
v01b_unit_pulse_strict,unit_pulse_no_time,strict,041000030102,041000090403,27,True,
v01b_unit_pulse_strict,unit_pulse_no_time,strict,041000030102,041000090510,28,True,
v01b_unit_pulse_strict,unit_pulse_no_time,strict,041000030102,041000090602,29,True,
v01b_unit_pulse_strict,unit_pulse_no_time,strict,041000030102,041000090603,30,True,
v01b_unit_pulse_strict,unit_pulse_no_time,strict,041000030102,041000090903,31,True,
v01b_unit_pulse_strict,unit_pulse_no_time,strict,041000030102,041000090904,32,True,
v01b_unit_pulse_strict,unit_pulse_no_time,strict,041000030103,041000030103,0,True,
v01b_unit_pulse_strict,unit_pulse_no_time,strict,041000030103,041000030104,1,False,041000030103
v01b_unit_pulse_strict,unit_pulse_no_time,strict,041000030103,041000030106,2,False,041000030103
v01b_unit_pulse_strict,unit_pulse_no_time,strict,041000030103,041000030302,3,False,041000030103
v01b_unit_pulse_strict,unit_pulse_no_time,strict,041000030103,041000030304,4,False,041000030103
v01b_unit_pulse_strict,unit_pulse_no_time,strict,041000030103,041000030306,5,False,041000030103
v01b_unit_pulse_strict,unit_pulse_no_time,strict,041000030103,041000030501,6,False,041000030103
v01b_unit_pulse_strict,unit_pulse_no_time,strict,041000030103,041000030503,7,False,041000030103
v01b_unit_pulse_strict,unit_pulse_no_time,strict,041000030103,041000030505,8,False,041000030103
v01b_unit_pulse_strict,unit_pulse_no_time,strict,041000030103,041000030506,9,False,041000030103
v01b_unit_pulse_strict,unit_pulse_no_time,strict,041000030103,041000030802,10,False,041000030103
v01b_unit_pulse_strict,unit_pulse_no_time,strict,041000030103,041000030803,11,False,041000030103
v01b_unit_pulse_strict,unit_pulse_no_time,strict,041000030103,041000030804,12,False,041000030103
v01b_unit_pulse_strict,unit_pulse_no_time,strict,041000030103,041000030805,13,False,041000030103
v01b_unit_pulse_strict,unit_pulse_no_time,strict,041000030103,041000030806,14,False,041000030103
v01b_unit_pulse_strict,unit_pulse_no_time,strict,041000030103,041000050102,15,False,041000030103
v01b_unit_pulse_strict,unit_pulse_no_time,strict,041000030103,041000050103,16,False,041000030103
v01b_unit_pulse_strict,unit_pulse_no_time,strict,041000030103,041000050105,17,False,041000030103
v01b_unit_pulse_strict,unit_pulse_no_time,strict,041000030103,041000050106,18,False,041000030103
v01b_unit_pulse_strict,unit_pulse_no_time,strict,041000030103,041000050202,19,False,041000030103
v01b_unit_pulse_strict,unit_pulse_no_time,strict,041000030103,041000050205,20,False,041000030103
v01b_unit_pulse_strict,unit_pulse_no_time,strict,041000030103,041000050207,21,False,041000030103
v01b_unit_pulse_strict,unit_pulse_no_time,strict,041000030103,041000050208,22,False,041000030103
v01b_unit_pulse_strict,unit_pulse_no_time,strict,041000030103,041000090201,23,False,041000030103
v01b_unit_pulse_strict,unit_pulse_no_time,strict,041000030103,041000090203,24,False,041000030103
v01b_unit_pulse_strict,unit_pulse_no_time,strict,041000030103,041000090206,25,False,041000030103
v01b_unit_pulse_strict,unit_pulse_no_time,strict,041000030103,041000090207,26,False,041000030103
v01b_unit_pulse_strict,unit_pulse_no_time,strict,041000030103,041000090403,27,False,041000030103
v01b_unit_pulse_strict,unit_pulse_no_time,strict,041000030103,041000090510,28,False,041000030103
v01b_unit_pulse_strict,unit_pulse_no_time,strict,041000030103,041000090602,29,False,041000030103
v01b_unit_pulse_strict,unit_pulse_no_time,strict,041000030103,041000090603,30,False,041000030103
v01b_unit_pulse_strict,unit_pulse_no_time,strict,041000030103,041000090903,31,False,041000030103
v01b_unit_pulse_strict,unit_pulse_no_time,strict,041000030103,041000090904,32,False,041000030103
v01b_unit_pulse_strict,unit_pulse_no_time,strict,041000030104,041000030104,0,True,
v01b_unit_pulse_strict,unit_pulse_no_time,strict,041000030104,041000030106,1,True,
v01b_unit_pulse_strict,unit_pulse_no_time,strict,041000030104,041000030302,2,True,
v01b_unit_pulse_strict,unit_pulse_no_time,strict,041000030104,041000030304,3,True,
v01b_unit_pulse_strict,unit_pulse_no_time,strict,041000030104,041000030306,4,True,
v01b_unit_pulse_strict,unit_pulse_no_time,strict,041000030104,041000030501,5,True,
v01b_unit_pulse_strict,unit_pulse_no_time,strict,041000030104,041000030503,6,True,
v01b_unit_pulse_strict,unit_pulse_no_time,strict,041000030104,041000030505,7,True,
v01b_unit_pulse_strict,unit_pulse_no_time,strict,041000030104,041000030506,8,True,
v01b_unit_pulse_strict,unit_pulse_no_time,strict,041000030104,041000030802,9,True,
v01b_unit_pulse_strict,unit_pulse_no_time,strict,041000030104,041000030803,10,True,
v01b_unit_pulse_strict,unit_pulse_no_time,strict,041000030104,041000030804,11,True,
v01b_unit_pulse_strict,unit_pulse_no_time,strict,041000030104,041000030805,12,True,
v01b_unit_pulse_strict,unit_pulse_no_time,strict,041000030104,041000030806,13,True,
v01b_unit_pulse_strict,unit_pulse_no_time,strict,041000030104,041000050102,14,True,
v01b_unit_pulse_strict,unit_pulse_no_time,strict,041000030104,041000050103,15,True,
v01b_unit_pulse_strict,unit_pulse_no_time,strict,041000030104,041000050105,16,True,
v01b_unit_pulse_strict,unit_pulse_no_time,strict,041000030104,041000050106,17,True,
v01b_unit_pulse_strict,unit_pulse_no_time,strict,041000030104,041000050202,18,True,
v01b_unit_pulse_strict,unit_pulse_no_time,strict,041000030104,041000050205,19,True,
v01b_unit_pulse_strict,unit_pulse_no_time,strict,041000030104,041000050207,20,True,
v01b_unit_pulse_strict,unit_pulse_no_time,strict,041000030104,041000050208,21,True,
v01b_unit_pulse_strict,unit_pulse_no_time,strict,041000030104,041000090201,22,True,
v01b_unit_pulse_strict,unit_pulse_no_time,strict,041000030104,041000090203,23,True,
v01b_unit_pulse_strict,unit_pulse_no_time,strict,041000030104,041000090206,24,True,
v01b_unit_pulse_strict,unit_pulse_no_time,strict,041000030104,041000090207,25,True,
v01b_unit_pulse_strict,unit_pulse_no_time,strict,041000030104,041000090403,26,True,
v01b_unit_pulse_strict,unit_pulse_no_time,strict,041000030104,041000090510,27,True,
v01b_unit_pulse_strict,unit_pulse_no_time,strict,041000030104,041000090602,28,True,
v01b_unit_pulse_strict,unit_pulse_no_time,strict,041000030104,041000090603,29,True,
v01b_unit_pulse_strict,unit_pulse_no_time,strict,041000030104,041000090903,30,True,
v01b_unit_pulse_strict,unit_pulse_no_time,strict,041000030104,041000090904,31,True,
v01b_unit_pulse_strict,unit_pulse_no_time,strict,041000030105,041000030105,0,True,
v01b_unit_pulse_strict,unit_pulse_no_time,strict,041000030105,041000030106,1,True,
v01b_unit_pulse_strict,unit_pulse_no_time,strict,041000030105,041000030302,2,True,
v01b_unit_pulse_strict,unit_pulse_no_time,strict,041000030105,041000030304,3,True,
v01b_unit_pulse_strict,unit_pulse_no_time,strict,041000030105,041000030306,4,True,
v01b_unit_pulse_strict,unit_pulse_no_time,strict,041000030105,041000030501,5,True,
v01b_unit_pulse_strict,unit_pulse_no_time,strict,041000030105,041000030503,6,True,
v01b_unit_pulse_strict,unit_pulse_no_time,strict,041000030105,041000030505,7,True,
v01b_unit_pulse_strict,unit_pulse_no_time,strict,041000030105,041000030506,8,True,
v01b_unit_pulse_strict,unit_pulse_no_time,strict,041000030105,041000030802,9,True,
v01b_unit_pulse_strict,unit_pulse_no_time,strict,041000030105,041000030803,10,True,
v01b_unit_pulse_strict,unit_pulse_no_time,strict,041000030105,041000030804,11,True,
v01b_unit_pulse_strict,unit_pulse_no_time,strict,041000030105,041000030805,12,True,
v01b_unit_pulse_strict,unit_pulse_no_time,strict,041000030105,041000030806,13,True,
v01b_unit_pulse_strict,unit_pulse_no_time,strict,041000030105,041000050102,14,True,
v01b_unit_pulse_strict,unit_pulse_no_time,strict,041000030105,041000050103,15,True,
v01b_unit_pulse_strict,unit_pulse_no_time,strict,041000030105,041000050105,16,True,
v01b_unit_pulse_strict,unit_pulse_no_time,strict,041000030105,041000050106,17,True,
v01b_unit_pulse_strict,unit_pulse_no_time,strict,041000030105,041000050202,18,True,
v01b_unit_pulse_strict,unit_pulse_no_time,strict,041000030105,041000050205,19,True,
v01b_unit_pulse_strict,unit_pulse_no_time,strict,041000030105,041000050207,20,True,
v01b_unit_pulse_strict,unit_pulse_no_time,strict,041000030105,041000050208,21,True,
v01b_unit_pulse_strict,unit_pulse_no_time,strict,041000030105,041000090201,22,True,
v01b_unit_pulse_strict,unit_pulse_no_time,strict,041000030105,041000090203,23,True,
v01b_unit_pulse_strict,unit_pulse_no_time,strict,041000030105,041000090206,24,True,
v01b_unit_pulse_strict,unit_pulse_no_time,strict,041000030105,041000090207,25,True,
v01b_unit_pulse_strict,unit_pulse_no_time,strict,041000030105,041000090403,26,True,
v01b_unit_pulse_strict,unit_pulse_no_time,strict,041000030105,041000090510,27,True,
v01b_unit_pulse_strict,unit_pulse_no_time,strict,041000030105,041000090602,28,True,
v01b_unit_pulse_strict,unit_pulse_no_time,strict,041000030105,041000090603,29,True,
v01b_unit_pulse_strict,unit_pulse_no_time,strict,041000030105,041000090903,30,True,
v01b_unit_pulse_strict,unit_pulse_no_time,strict,041000030105,041000090904,31,True,
v01b_unit_pulse_strict,unit_pulse_no_time,strict,041000030106,041000030106,0,True,
v01b_unit_pulse_strict,unit_pulse_no_time,strict,041000030106,041000030302,1,True,
v01b_unit_pulse_strict,unit_pulse_no_time,strict,041000030106,041000030304,2,True,
v01b_unit_pulse_strict,unit_pulse_no_time,strict,041000030106,041000030306,3,True,
v01b_unit_pulse_strict,unit_pulse_no_time,strict,041000030106,041000030501,4,True,
v01b_unit_pulse_strict,unit_pulse_no_time,strict,041000030106,041000030503,5,True,
v01b_unit_pulse_strict,unit_pulse_no_time,strict,041000030106,041000030505,6,True,
v01b_unit_pulse_strict,unit_pulse_no_time,strict,041000030106,041000030506,7,True,
v01b_unit_pulse_strict,unit_pulse_no_time,strict,041000030106,041000030802,8,True,
v01b_unit_pulse_strict,unit_pulse_no_time,strict,041000030106,041000030803,9,True,
v01b_unit_pulse_strict,unit_pulse_no_time,strict,041000030106,041000030804,10,True,
v01b_unit_pulse_strict,unit_pulse_no_time,strict,041000030106,041000030805,11,True,
v01b_unit_pulse_strict,unit_pulse_no_time,strict,041000030106,041000030806,12,True,
v01b_unit_pulse_strict,unit_pulse_no_time,strict,041000030106,041000050102,13,True,
v01b_unit_pulse_strict,unit_pulse_no_time,strict,041000030106,041000050103,14,True,
v01b_unit_pulse_strict,unit_pulse_no_time,strict,041000030106,041000050105,15,True,
v01b_unit_pulse_strict,unit_pulse_no_time,strict,041000030106,041000050106,16,True,
v01b_unit_pulse_strict,unit_pulse_no_time,strict,041000030106,041000050202,17,True,
v01b_unit_pulse_strict,unit_pulse_no_time,strict,041000030106,041000050205,18,True,
v01b_unit_pulse_strict,unit_pulse_no_time,strict,041000030106,041000050207,19,True,
v01b_unit_pulse_strict,unit_pulse_no_time,strict,041000030106,041000050208,20,True,
v01b_unit_pulse_strict,unit_pulse_no_time,strict,041000030106,041000090201,21,True,
v01b_unit_pulse_strict,unit_pulse_no_time,strict,041000030106,041000090203,22,True,
v01b_unit_pulse_strict,unit_pulse_no_time,strict,041000030106,041000090206,23,True,
v01b_unit_pulse_strict,unit_pulse_no_time,strict,041000030106,041000090207,24,True,
v01b_unit_pulse_strict,unit_pulse_no_time,strict,041000030106,041000090403,25,True,
v01b_unit_pulse_strict,unit_pulse_no_time,strict,041000030106,041000090510,26,True,
v01b_unit_pulse_strict,unit_pulse_no_time,strict,041000030106,041000090602,27,True,
v01b_unit_pulse_strict,unit_pulse_no_time,strict,041000030106,041000090603,28,True,
v01b_unit_pulse_strict,unit_pulse_no_time,strict,041000030106,041000090903,29,True,
v01b_unit_pulse_strict,unit_pulse_no_time,strict,041000030106,041000090904,30,True,
v01b_unit_pulse_strict,unit_pulse_no_time,strict,041000030201,041000030201,0,True,
v01b_unit_pulse_strict,unit_pulse_no_time,strict,041000030201,041000030202,1,True,
v01b_unit_pulse_strict,unit_pulse_no_time,strict,041000030201,041000030204,2,True,
v01b_unit_pulse_strict,unit_pulse_no_time,strict,041000030201,041000030302,3,False,041000030204
v01b_unit_pulse_strict,unit_pulse_no_time,strict,041000030201,041000030304,4,False,041000030204
v01b_unit_pulse_strict,unit_pulse_no_time,strict,041000030201,041000030306,5,False,041000030204
v01b_unit_pulse_strict,unit_pulse_no_time,strict,041000030201,041000030501,6,False,041000030204
v01b_unit_pulse_strict,unit_pulse_no_time,strict,041000030201,041000030503,7,False,041000030204
v01b_unit_pulse_strict,unit_pulse_no_time,strict,041000030201,041000030505,8,False,041000030204
v01b_unit_pulse_strict,unit_pulse_no_time,strict,041000030201,041000030506,9,False,041000030204
v01b_unit_pulse_strict,unit_pulse_no_time,strict,041000030201,041000030802,10,False,041000030204
v01b_unit_pulse_strict,unit_pulse_no_time,strict,041000030201,041000030803,11,False,041000030204
v01b_unit_pulse_strict,unit_pulse_no_time,strict,041000030201,041000030804,12,False,041000030204
v01b_unit_pulse_strict,unit_pulse_no_time,strict,041000030201,041000030805,13,False,041000030204
v01b_unit_pulse_strict,unit_pulse_no_time,strict,041000030201,041000030806,14,False,041000030204
v01b_unit_pulse_strict,unit_pulse_no_time,strict,041000030201,041000050102,15,False,041000030204
v01b_unit_pulse_strict,unit_pulse_no_time,strict,041000030201,041000050103,16,False,041000030204
v01b_unit_pulse_strict,unit_pulse_no_time,strict,041000030201,041000050105,17,False,041000030204
v01b_unit_pulse_strict,unit_pulse_no_time,strict,041000030201,041000050106,18,False,041000030204
v01b_unit_pulse_strict,unit_pulse_no_time,strict,041000030201,041000050202,19,False,041000030204
v01b_unit_pulse_strict,unit_pulse_no_time,strict,041000030201,041000050205,20,False,041000030204
v01b_unit_pulse_strict,unit_pulse_no_time,strict,041000030201,041000050207,21,False,041000030204
v01b_unit_pulse_strict,unit_pulse_no_time,strict,041000030201,041000050208,22,False,041000030204
v01b_unit_pulse_strict,unit_pulse_no_time,strict,041000030201,041000090201,23,False,041000030204
v01b_unit_pulse_strict,unit_pulse_no_time,strict,041000030201,041000090203,24,False,041000030204
v01b_unit_pulse_strict,unit_pulse_no_time,strict,041000030201,041000090206,25,False,041000030204
v01b_unit_pulse_strict,unit_pulse_no_time,strict,041000030201,041000090207,26,False,041000030204
v01b_unit_pulse_strict,unit_pulse_no_time,strict,041000030201,041000090403,27,False,041000030204
v01b_unit_pulse_strict,unit_pulse_no_time,strict,041000030201,041000090510,28,False,041000030204
v01b_unit_pulse_strict,unit_pulse_no_time,strict,041000030201,041000090602,29,False,041000030204
v01b_unit_pulse_strict,unit_pulse_no_time,strict,041000030201,041000090603,30,False,041000030204
v01b_unit_pulse_strict,unit_pulse_no_time,strict,041000030201,041000090903,31,False,041000030204
v01b_unit_pulse_strict,unit_pulse_no_time,strict,041000030201,041000090904,32,False,041000030204
v01b_unit_pulse_strict,unit_pulse_no_time,strict,041000030202,041000030202,0,True,
v01b_unit_pulse_strict,unit_pulse_no_time,strict,041000030202,041000030204,1,True,
v01b_unit_pulse_strict,unit_pulse_no_time,strict,041000030202,041000030302,2,False,041000030204
v01b_unit_pulse_strict,unit_pulse_no_time,strict,041000030202,041000030304,3,False,041000030204
v01b_unit_pulse_strict,unit_pulse_no_time,strict,041000030202,041000030306,4,False,041000030204
v01b_unit_pulse_strict,unit_pulse_no_time,strict,041000030202,041000030501,5,False,041000030204
v01b_unit_pulse_strict,unit_pulse_no_time,strict,041000030202,041000030503,6,False,041000030204
v01b_unit_pulse_strict,unit_pulse_no_time,strict,041000030202,041000030505,7,False,041000030204
v01b_unit_pulse_strict,unit_pulse_no_time,strict,041000030202,041000030506,8,False,041000030204
v01b_unit_pulse_strict,unit_pulse_no_time,strict,041000030202,041000030802,9,False,041000030204
v01b_unit_pulse_strict,unit_pulse_no_time,strict,041000030202,041000030803,10,False,041000030204
v01b_unit_pulse_strict,unit_pulse_no_time,strict,041000030202,041000030804,11,False,041000030204
v01b_unit_pulse_strict,unit_pulse_no_time,strict,041000030202,041000030805,12,False,041000030204
v01b_unit_pulse_strict,unit_pulse_no_time,strict,041000030202,041000030806,13,False,041000030204
v01b_unit_pulse_strict,unit_pulse_no_time,strict,041000030202,041000050102,14,False,041000030204
v01b_unit_pulse_strict,unit_pulse_no_time,strict,041000030202,041000050103,15,False,041000030204
v01b_unit_pulse_strict,unit_pulse_no_time,strict,041000030202,041000050105,16,False,041000030204
v01b_unit_pulse_strict,unit_pulse_no_time,strict,041000030202,041000050106,17,False,041000030204
v01b_unit_pulse_strict,unit_pulse_no_time,strict,041000030202,041000050202,18,False,041000030204
v01b_unit_pulse_strict,unit_pulse_no_time,strict,041000030202,041000050205,19,False,041000030204
v01b_unit_pulse_strict,unit_pulse_no_time,strict,041000030202,041000050207,20,False,041000030204
v01b_unit_pulse_strict,unit_pulse_no_time,strict,041000030202,041000050208,21,False,041000030204
v01b_unit_pulse_strict,unit_pulse_no_time,strict,041000030202,041000090201,22,False,041000030204
v01b_unit_pulse_strict,unit_pulse_no_time,strict,041000030202,041000090203,23,False,041000030204
v01b_unit_pulse_strict,unit_pulse_no_time,strict,041000030202,041000090206,24,False,041000030204
v01b_unit_pulse_strict,unit_pulse_no_time,strict,041000030202,041000090207,25,False,041000030204
v01b_unit_pulse_strict,unit_pulse_no_time,strict,041000030202,041000090403,26,False,041000030204
v01b_unit_pulse_strict,unit_pulse_no_time,strict,041000030202,041000090510,27,False,041000030204
v01b_unit_pulse_strict,unit_pulse_no_time,strict,041000030202,041000090602,28,False,041000030204
v01b_unit_pulse_strict,unit_pulse_no_time,strict,041000030202,041000090603,29,False,041000030204
v01b_unit_pulse_strict,unit_pulse_no_time,strict,041000030202,041000090903,30,False,041000030204
v01b_unit_pulse_strict,unit_pulse_no_time,strict,041000030202,041000090904,31,False,041000030204
v01b_unit_pulse_strict,unit_pulse_no_time,strict,041000030203,041000030203,0,True,
v01b_unit_pulse_strict,unit_pulse_no_time,strict,041000030203,041000030204,1,True,
v01b_unit_pulse_strict,unit_pulse_no_time,strict,041000030203,041000030302,2,False,041000030204
v01b_unit_pulse_strict,unit_pulse_no_time,strict,041000030203,041000030304,3,False,041000030204
v01b_unit_pulse_strict,unit_pulse_no_time,strict,041000030203,041000030306,4,False,041000030204
v01b_unit_pulse_strict,unit_pulse_no_time,strict,041000030203,041000030501,5,False,041000030204
v01b_unit_pulse_strict,unit_pulse_no_time,strict,041000030203,041000030503,6,False,041000030204
v01b_unit_pulse_strict,unit_pulse_no_time,strict,041000030203,041000030505,7,False,041000030204
v01b_unit_pulse_strict,unit_pulse_no_time,strict,041000030203,041000030506,8,False,041000030204
v01b_unit_pulse_strict,unit_pulse_no_time,strict,041000030203,041000030802,9,False,041000030204
v01b_unit_pulse_strict,unit_pulse_no_time,strict,041000030203,041000030803,10,False,041000030204
v01b_unit_pulse_strict,unit_pulse_no_time,strict,041000030203,041000030804,11,False,041000030204
v01b_unit_pulse_strict,unit_pulse_no_time,strict,041000030203,041000030805,12,False,041000030204
v01b_unit_pulse_strict,unit_pulse_no_time,strict,041000030203,041000030806,13,False,041000030204
v01b_unit_pulse_strict,unit_pulse_no_time,strict,041000030203,041000050102,14,False,041000030204
v01b_unit_pulse_strict,unit_pulse_no_time,strict,041000030203,041000050103,15,False,041000030204
v01b_unit_pulse_strict,unit_pulse_no_time,strict,041000030203,041000050105,16,False,041000030204
v01b_unit_pulse_strict,unit_pulse_no_time,strict,041000030203,041000050106,17,False,041000030204
v01b_unit_pulse_strict,unit_pulse_no_time,strict,041000030203,041000050202,18,False,041000030204
v01b_unit_pulse_strict,unit_pulse_no_time,strict,041000030203,041000050205,19,False,041000030204
v01b_unit_pulse_strict,unit_pulse_no_time,strict,041000030203,041000050207,20,False,041000030204
v01b_unit_pulse_strict,unit_pulse_no_time,strict,041000030203,041000050208,21,False,041000030204
v01b_unit_pulse_strict,unit_pulse_no_time,strict,041000030203,041000090201,22,False,041000030204
v01b_unit_pulse_strict,unit_pulse_no_time,strict,041000030203,041000090203,23,False,041000030204
v01b_unit_pulse_strict,unit_pulse_no_time,strict,041000030203,041000090206,24,False,041000030204
v01b_unit_pulse_strict,unit_pulse_no_time,strict,041000030203,041000090207,25,False,041000030204
v01b_unit_pulse_strict,unit_pulse_no_time,strict,041000030203,041000090403,26,False,041000030204
v01b_unit_pulse_strict,unit_pulse_no_time,strict,041000030203,041000090510,27,False,041000030204
v01b_unit_pulse_strict,unit_pulse_no_time,strict,041000030203,041000090602,28,False,041000030204
v01b_unit_pulse_strict,unit_pulse_no_time,strict,041000030203,041000090603,29,False,041000030204
v01b_unit_pulse_strict,unit_pulse_no_time,strict,041000030203,041000090903,30,False,041000030204
v01b_unit_pulse_strict,unit_pulse_no_time,strict,041000030203,041000090904,31,False,041000030204
v01b_unit_pulse_strict,unit_pulse_no_time,strict,041000030204,041000030204,0,True,
v01b_unit_pulse_strict,unit_pulse_no_time,strict,041000030204,041000030302,1,False,041000030204
v01b_unit_pulse_strict,unit_pulse_no_time,strict,041000030204,041000030304,2,False,041000030204
v01b_unit_pulse_strict,unit_pulse_no_time,strict,041000030204,041000030306,3,False,041000030204
v01b_unit_pulse_strict,unit_pulse_no_time,strict,041000030204,041000030501,4,False,041000030204
v01b_unit_pulse_strict,unit_pulse_no_time,strict,041000030204,041000030503,5,False,041000030204
v01b_unit_pulse_strict,unit_pulse_no_time,strict,041000030204,041000030505,6,False,041000030204
v01b_unit_pulse_strict,unit_pulse_no_time,strict,041000030204,041000030506,7,False,041000030204
v01b_unit_pulse_strict,unit_pulse_no_time,strict,041000030204,041000030802,8,False,041000030204
v01b_unit_pulse_strict,unit_pulse_no_time,strict,041000030204,041000030803,9,False,041000030204
v01b_unit_pulse_strict,unit_pulse_no_time,strict,041000030204,041000030804,10,False,041000030204
v01b_unit_pulse_strict,unit_pulse_no_time,strict,041000030204,041000030805,11,False,041000030204
v01b_unit_pulse_strict,unit_pulse_no_time,strict,041000030204,041000030806,12,False,041000030204
v01b_unit_pulse_strict,unit_pulse_no_time,strict,041000030204,041000050102,13,False,041000030204
v01b_unit_pulse_strict,unit_pulse_no_time,strict,041000030204,041000050103,14,False,041000030204
v01b_unit_pulse_strict,unit_pulse_no_time,strict,041000030204,041000050105,15,False,041000030204
v01b_unit_pulse_strict,unit_pulse_no_time,strict,041000030204,041000050106,16,False,041000030204
v01b_unit_pulse_strict,unit_pulse_no_time,strict,041000030204,041000050202,17,False,041000030204
v01b_unit_pulse_strict,unit_pulse_no_time,strict,041000030204,041000050205,18,False,041000030204
v01b_unit_pulse_strict,unit_pulse_no_time,strict,041000030204,041000050207,19,False,041000030204
v01b_unit_pulse_strict,unit_pulse_no_time,strict,041000030204,041000050208,20,False,041000030204
v01b_unit_pulse_strict,unit_pulse_no_time,strict,041000030204,041000090201,21,False,041000030204
v01b_unit_pulse_strict,unit_pulse_no_time,strict,041000030204,041000090203,22,False,041000030204
v01b_unit_pulse_strict,unit_pulse_no_time,strict,041000030204,041000090206,23,False,041000030204
v01b_unit_pulse_strict,unit_pulse_no_time,strict,041000030204,041000090207,24,False,041000030204
v01b_unit_pulse_strict,unit_pulse_no_time,strict,041000030204,041000090403,25,False,041000030204
v01b_unit_pulse_strict,unit_pulse_no_time,strict,041000030204,041000090510,26,False,041000030204
v01b_unit_pulse_strict,unit_pulse_no_time,strict,041000030204,041000090602,27,False,041000030204
v01b_unit_pulse_strict,unit_pulse_no_time,strict,041000030204,041000090603,28,False,041000030204
v01b_unit_pulse_strict,unit_pulse_no_time,strict,041000030204,041000090903,29,False,041000030204
v01b_unit_pulse_strict,unit_pulse_no_time,strict,041000030204,041000090904,30,False,041000030204
v01b_unit_pulse_strict,unit_pulse_no_time,strict,041000030301,041000030301,0,True,
v01b_unit_pulse_strict,unit_pulse_no_time,strict,041000030301,041000030304,1,True,
v01b_unit_pulse_strict,unit_pulse_no_time,strict,041000030301,041000030306,2,True,
v01b_unit_pulse_strict,unit_pulse_no_time,strict,041000030301,041000030501,3,True,
v01b_unit_pulse_strict,unit_pulse_no_time,strict,041000030301,041000030503,4,True,
v01b_unit_pulse_strict,unit_pulse_no_time,strict,041000030301,041000030505,5,True,
v01b_unit_pulse_strict,unit_pulse_no_time,strict,041000030301,041000030506,6,True,
v01b_unit_pulse_strict,unit_pulse_no_time,strict,041000030301,041000030802,7,True,
v01b_unit_pulse_strict,unit_pulse_no_time,strict,041000030301,041000030803,8,True,
v01b_unit_pulse_strict,unit_pulse_no_time,strict,041000030301,041000030804,9,True,
v01b_unit_pulse_strict,unit_pulse_no_time,strict,041000030301,041000030805,10,True,
v01b_unit_pulse_strict,unit_pulse_no_time,strict,041000030301,041000030806,11,True,
v01b_unit_pulse_strict,unit_pulse_no_time,strict,041000030301,041000050102,12,True,
v01b_unit_pulse_strict,unit_pulse_no_time,strict,041000030301,041000050103,13,True,
v01b_unit_pulse_strict,unit_pulse_no_time,strict,041000030301,041000050105,14,True,
v01b_unit_pulse_strict,unit_pulse_no_time,strict,041000030301,041000050106,15,True,
v01b_unit_pulse_strict,unit_pulse_no_time,strict,041000030301,041000050202,16,True,
v01b_unit_pulse_strict,unit_pulse_no_time,strict,041000030301,041000050205,17,True,
v01b_unit_pulse_strict,unit_pulse_no_time,strict,041000030301,041000050207,18,True,
v01b_unit_pulse_strict,unit_pulse_no_time,strict,041000030301,041000050208,19,True,
v01b_unit_pulse_strict,unit_pulse_no_time,strict,041000030301,041000090201,20,True,
v01b_unit_pulse_strict,unit_pulse_no_time,strict,041000030301,041000090203,21,True,
v01b_unit_pulse_strict,unit_pulse_no_time,strict,041000030301,041000090206,22,True,
v01b_unit_pulse_strict,unit_pulse_no_time,strict,041000030301,041000090207,23,True,
v01b_unit_pulse_strict,unit_pulse_no_time,strict,041000030301,041000090403,24,True,
v01b_unit_pulse_strict,unit_pulse_no_time,strict,041000030301,041000090510,25,True,
v01b_unit_pulse_strict,unit_pulse_no_time,strict,041000030301,041000090602,26,True,
v01b_unit_pulse_strict,unit_pulse_no_time,strict,041000030301,041000090603,27,True,
v01b_unit_pulse_strict,unit_pulse_no_time,strict,041000030301,041000090903,28,True,
v01b_unit_pulse_strict,unit_pulse_no_time,strict,041000030301,041000090904,29,True,
v01b_unit_pulse_strict,unit_pulse_no_time,strict,041000030302,041000030302,0,True,
v01b_unit_pulse_strict,unit_pulse_no_time,strict,041000030302,041000030304,1,True,
v01b_unit_pulse_strict,unit_pulse_no_time,strict,041000030302,041000030306,2,True,
v01b_unit_pulse_strict,unit_pulse_no_time,strict,041000030302,041000030501,3,True,
v01b_unit_pulse_strict,unit_pulse_no_time,strict,041000030302,041000030503,4,True,
v01b_unit_pulse_strict,unit_pulse_no_time,strict,041000030302,041000030505,5,True,
v01b_unit_pulse_strict,unit_pulse_no_time,strict,041000030302,041000030506,6,True,
v01b_unit_pulse_strict,unit_pulse_no_time,strict,041000030302,041000030802,7,True,
v01b_unit_pulse_strict,unit_pulse_no_time,strict,041000030302,041000030803,8,True,
v01b_unit_pulse_strict,unit_pulse_no_time,strict,041000030302,041000030804,9,True,
v01b_unit_pulse_strict,unit_pulse_no_time,strict,041000030302,041000030805,10,True,
v01b_unit_pulse_strict,unit_pulse_no_time,strict,041000030302,041000030806,11,True,
v01b_unit_pulse_strict,unit_pulse_no_time,strict,041000030302,041000050102,12,True,
v01b_unit_pulse_strict,unit_pulse_no_time,strict,041000030302,041000050103,13,True,
v01b_unit_pulse_strict,unit_pulse_no_time,strict,041000030302,041000050105,14,True,
v01b_unit_pulse_strict,unit_pulse_no_time,strict,041000030302,041000050106,15,True,
v01b_unit_pulse_strict,unit_pulse_no_time,strict,041000030302,041000050202,16,True,
v01b_unit_pulse_strict,unit_pulse_no_time,strict,041000030302,041000050205,17,True,
v01b_unit_pulse_strict,unit_pulse_no_time,strict,041000030302,041000050207,18,True,
v01b_unit_pulse_strict,unit_pulse_no_time,strict,041000030302,041000050208,19,True,
v01b_unit_pulse_strict,unit_pulse_no_time,strict,041000030302,041000090201,20,True,
v01b_unit_pulse_strict,unit_pulse_no_time,strict,041000030302,041000090203,21,True,
v01b_unit_pulse_strict,unit_pulse_no_time,strict,041000030302,041000090206,22,True,
v01b_unit_pulse_strict,unit_pulse_no_time,strict,041000030302,041000090207,23,True,
v01b_unit_pulse_strict,unit_pulse_no_time,strict,041000030302,041000090403,24,True,
v01b_unit_pulse_strict,unit_pulse_no_time,strict,041000030302,041000090510,25,True,
v01b_unit_pulse_strict,unit_pulse_no_time,strict,041000030302,041000090602,26,True,
v01b_unit_pulse_strict,unit_pulse_no_time,strict,041000030302,041000090603,27,True,
v01b_unit_pulse_strict,unit_pulse_no_time,strict,041000030302,041000090903,28,True,
v01b_unit_pulse_strict,unit_pulse_no_time,strict,041000030302,041000090904,29,True,
v01b_unit_pulse_strict,unit_pulse_no_time,strict,041000030303,041000030303,0,True,
v01b_unit_pulse_strict,unit_pulse_no_time,strict,041000030303,041000030304,1,False,041000030303
v01b_unit_pulse_strict,unit_pulse_no_time,strict,041000030303,041000030306,2,False,041000030303
v01b_unit_pulse_strict,unit_pulse_no_time,strict,041000030303,041000030501,3,False,041000030303
v01b_unit_pulse_strict,unit_pulse_no_time,strict,041000030303,041000030503,4,False,041000030303
v01b_unit_pulse_strict,unit_pulse_no_time,strict,041000030303,041000030505,5,False,041000030303
v01b_unit_pulse_strict,unit_pulse_no_time,strict,041000030303,041000030506,6,False,041000030303
v01b_unit_pulse_strict,unit_pulse_no_time,strict,041000030303,041000030802,7,False,041000030303
v01b_unit_pulse_strict,unit_pulse_no_time,strict,041000030303,041000030803,8,False,041000030303
v01b_unit_pulse_strict,unit_pulse_no_time,strict,041000030303,041000030804,9,False,041000030303
v01b_unit_pulse_strict,unit_pulse_no_time,strict,041000030303,041000030805,10,False,041000030303
v01b_unit_pulse_strict,unit_pulse_no_time,strict,041000030303,041000030806,11,False,041000030303
v01b_unit_pulse_strict,unit_pulse_no_time,strict,041000030303,041000050102,12,False,041000030303
v01b_unit_pulse_strict,unit_pulse_no_time,strict,041000030303,041000050103,13,False,041000030303
v01b_unit_pulse_strict,unit_pulse_no_time,strict,041000030303,041000050105,14,False,041000030303
v01b_unit_pulse_strict,unit_pulse_no_time,strict,041000030303,041000050106,15,False,041000030303
v01b_unit_pulse_strict,unit_pulse_no_time,strict,041000030303,041000050202,16,False,041000030303
v01b_unit_pulse_strict,unit_pulse_no_time,strict,041000030303,041000050205,17,False,041000030303
v01b_unit_pulse_strict,unit_pulse_no_time,strict,041000030303,041000050207,18,False,041000030303
v01b_unit_pulse_strict,unit_pulse_no_time,strict,041000030303,041000050208,19,False,041000030303
v01b_unit_pulse_strict,unit_pulse_no_time,strict,041000030303,041000090201,20,False,041000030303
v01b_unit_pulse_strict,unit_pulse_no_time,strict,041000030303,041000090203,21,False,041000030303
v01b_unit_pulse_strict,unit_pulse_no_time,strict,041000030303,041000090206,22,False,041000030303
v01b_unit_pulse_strict,unit_pulse_no_time,strict,041000030303,041000090207,23,False,041000030303
v01b_unit_pulse_strict,unit_pulse_no_time,strict,041000030303,041000090403,24,False,041000030303
v01b_unit_pulse_strict,unit_pulse_no_time,strict,041000030303,041000090510,25,False,041000030303
v01b_unit_pulse_strict,unit_pulse_no_time,strict,041000030303,041000090602,26,False,041000030303
v01b_unit_pulse_strict,unit_pulse_no_time,strict,041000030303,041000090603,27,False,041000030303
v01b_unit_pulse_strict,unit_pulse_no_time,strict,041000030303,041000090903,28,False,041000030303
v01b_unit_pulse_strict,unit_pulse_no_time,strict,041000030303,041000090904,29,False,041000030303
v01b_unit_pulse_strict,unit_pulse_no_time,strict,041000030304,041000030304,0,True,
v01b_unit_pulse_strict,unit_pulse_no_time,strict,041000030304,041000030306,1,True,
v01b_unit_pulse_strict,unit_pulse_no_time,strict,041000030304,041000030501,2,True,
v01b_unit_pulse_strict,unit_pulse_no_time,strict,041000030304,041000030503,3,True,
v01b_unit_pulse_strict,unit_pulse_no_time,strict,041000030304,041000030505,4,True,
v01b_unit_pulse_strict,unit_pulse_no_time,strict,041000030304,041000030506,5,True,
v01b_unit_pulse_strict,unit_pulse_no_time,strict,041000030304,041000030802,6,True,
v01b_unit_pulse_strict,unit_pulse_no_time,strict,041000030304,041000030803,7,True,
v01b_unit_pulse_strict,unit_pulse_no_time,strict,041000030304,041000030804,8,True,
v01b_unit_pulse_strict,unit_pulse_no_time,strict,041000030304,041000030805,9,True,
v01b_unit_pulse_strict,unit_pulse_no_time,strict,041000030304,041000030806,10,True,
v01b_unit_pulse_strict,unit_pulse_no_time,strict,041000030304,041000050102,11,True,
v01b_unit_pulse_strict,unit_pulse_no_time,strict,041000030304,041000050103,12,True,
v01b_unit_pulse_strict,unit_pulse_no_time,strict,041000030304,041000050105,13,True,
v01b_unit_pulse_strict,unit_pulse_no_time,strict,041000030304,041000050106,14,True,
v01b_unit_pulse_strict,unit_pulse_no_time,strict,041000030304,041000050202,15,True,
v01b_unit_pulse_strict,unit_pulse_no_time,strict,041000030304,041000050205,16,True,
v01b_unit_pulse_strict,unit_pulse_no_time,strict,041000030304,041000050207,17,True,
v01b_unit_pulse_strict,unit_pulse_no_time,strict,041000030304,041000050208,18,True,
v01b_unit_pulse_strict,unit_pulse_no_time,strict,041000030304,041000090201,19,True,
v01b_unit_pulse_strict,unit_pulse_no_time,strict,041000030304,041000090203,20,True,
v01b_unit_pulse_strict,unit_pulse_no_time,strict,041000030304,041000090206,21,True,
v01b_unit_pulse_strict,unit_pulse_no_time,strict,041000030304,041000090207,22,True,
v01b_unit_pulse_strict,unit_pulse_no_time,strict,041000030304,041000090403,23,True,
v01b_unit_pulse_strict,unit_pulse_no_time,strict,041000030304,041000090510,24,True,
v01b_unit_pulse_strict,unit_pulse_no_time,strict,041000030304,041000090602,25,True,
v01b_unit_pulse_strict,unit_pulse_no_time,strict,041000030304,041000090603,26,True,
v01b_unit_pulse_strict,unit_pulse_no_time,strict,041000030304,041000090903,27,True,
v01b_unit_pulse_strict,unit_pulse_no_time,strict,041000030304,041000090904,28,True,
v01b_unit_pulse_strict,unit_pulse_no_time,strict,041000030305,041000030305,0,True,
v01b_unit_pulse_strict,unit_pulse_no_time,strict,041000030305,041000030306,1,True,
v01b_unit_pulse_strict,unit_pulse_no_time,strict,041000030305,041000030501,2,True,
v01b_unit_pulse_strict,unit_pulse_no_time,strict,041000030305,041000030503,3,True,
v01b_unit_pulse_strict,unit_pulse_no_time,strict,041000030305,041000030505,4,True,
v01b_unit_pulse_strict,unit_pulse_no_time,strict,041000030305,041000030506,5,True,
v01b_unit_pulse_strict,unit_pulse_no_time,strict,041000030305,041000030802,6,True,
v01b_unit_pulse_strict,unit_pulse_no_time,strict,041000030305,041000030803,7,True,
v01b_unit_pulse_strict,unit_pulse_no_time,strict,041000030305,041000030804,8,True,
v01b_unit_pulse_strict,unit_pulse_no_time,strict,041000030305,041000030805,9,True,
v01b_unit_pulse_strict,unit_pulse_no_time,strict,041000030305,041000030806,10,True,
v01b_unit_pulse_strict,unit_pulse_no_time,strict,041000030305,041000050102,11,True,
v01b_unit_pulse_strict,unit_pulse_no_time,strict,041000030305,041000050103,12,True,
v01b_unit_pulse_strict,unit_pulse_no_time,strict,041000030305,041000050105,13,True,
v01b_unit_pulse_strict,unit_pulse_no_time,strict,041000030305,041000050106,14,True,
v01b_unit_pulse_strict,unit_pulse_no_time,strict,041000030305,041000050202,15,True,
v01b_unit_pulse_strict,unit_pulse_no_time,strict,041000030305,041000050205,16,True,
v01b_unit_pulse_strict,unit_pulse_no_time,strict,041000030305,041000050207,17,True,
v01b_unit_pulse_strict,unit_pulse_no_time,strict,041000030305,041000050208,18,True,
v01b_unit_pulse_strict,unit_pulse_no_time,strict,041000030305,041000090201,19,True,
v01b_unit_pulse_strict,unit_pulse_no_time,strict,041000030305,041000090203,20,True,
v01b_unit_pulse_strict,unit_pulse_no_time,strict,041000030305,041000090206,21,True,
v01b_unit_pulse_strict,unit_pulse_no_time,strict,041000030305,041000090207,22,True,
v01b_unit_pulse_strict,unit_pulse_no_time,strict,041000030305,041000090403,23,True,
v01b_unit_pulse_strict,unit_pulse_no_time,strict,041000030305,041000090510,24,True,
v01b_unit_pulse_strict,unit_pulse_no_time,strict,041000030305,041000090602,25,True,
v01b_unit_pulse_strict,unit_pulse_no_time,strict,041000030305,041000090603,26,True,
v01b_unit_pulse_strict,unit_pulse_no_time,strict,041000030305,041000090903,27,True,
v01b_unit_pulse_strict,unit_pulse_no_time,strict,041000030305,041000090904,28,True,
v01b_unit_pulse_strict,unit_pulse_no_time,strict,041000030306,041000030306,0,True,
v01b_unit_pulse_strict,unit_pulse_no_time,strict,041000030306,041000030501,1,True,
v01b_unit_pulse_strict,unit_pulse_no_time,strict,041000030306,041000030503,2,True,
v01b_unit_pulse_strict,unit_pulse_no_time,strict,041000030306,041000030505,3,True,
v01b_unit_pulse_strict,unit_pulse_no_time,strict,041000030306,041000030506,4,True,
v01b_unit_pulse_strict,unit_pulse_no_time,strict,041000030306,041000030802,5,True,
v01b_unit_pulse_strict,unit_pulse_no_time,strict,041000030306,041000030803,6,True,
v01b_unit_pulse_strict,unit_pulse_no_time,strict,041000030306,041000030804,7,True,
v01b_unit_pulse_strict,unit_pulse_no_time,strict,041000030306,041000030805,8,True,
v01b_unit_pulse_strict,unit_pulse_no_time,strict,041000030306,041000030806,9,True,
v01b_unit_pulse_strict,unit_pulse_no_time,strict,041000030306,041000050102,10,True,
v01b_unit_pulse_strict,unit_pulse_no_time,strict,041000030306,041000050103,11,True,
v01b_unit_pulse_strict,unit_pulse_no_time,strict,041000030306,041000050105,12,True,
v01b_unit_pulse_strict,unit_pulse_no_time,strict,041000030306,041000050106,13,True,
v01b_unit_pulse_strict,unit_pulse_no_time,strict,041000030306,041000050202,14,True,
v01b_unit_pulse_strict,unit_pulse_no_time,strict,041000030306,041000050205,15,True,
v01b_unit_pulse_strict,unit_pulse_no_time,strict,041000030306,041000050207,16,True,
v01b_unit_pulse_strict,unit_pulse_no_time,strict,041000030306,041000050208,17,True,
v01b_unit_pulse_strict,unit_pulse_no_time,strict,041000030306,041000090201,18,True,
v01b_unit_pulse_strict,unit_pulse_no_time,strict,041000030306,041000090203,19,True,
v01b_unit_pulse_strict,unit_pulse_no_time,strict,041000030306,041000090206,20,True,
v01b_unit_pulse_strict,unit_pulse_no_time,strict,041000030306,041000090207,21,True,
v01b_unit_pulse_strict,unit_pulse_no_time,strict,041000030306,041000090403,22,True,
v01b_unit_pulse_strict,unit_pulse_no_time,strict,041000030306,041000090510,23,True,
v01b_unit_pulse_strict,unit_pulse_no_time,strict,041000030306,041000090602,24,True,
v01b_unit_pulse_strict,unit_pulse_no_time,strict,041000030306,041000090603,25,True,
v01b_unit_pulse_strict,unit_pulse_no_time,strict,041000030306,041000090903,26,True,
v01b_unit_pulse_strict,unit_pulse_no_time,strict,041000030306,041000090904,27,True,
v01b_unit_pulse_strict,unit_pulse_no_time,strict,041000030401,041000030401,0,True,
v01b_unit_pulse_strict,unit_pulse_no_time,strict,041000030401,041000030405,1,True,
v01b_unit_pulse_strict,unit_pulse_no_time,strict,041000030401,041000030406,2,True,
v01b_unit_pulse_strict,unit_pulse_no_time,strict,041000030401,041000030503,3,True,
v01b_unit_pulse_strict,unit_pulse_no_time,strict,041000030401,041000030505,4,True,
v01b_unit_pulse_strict,unit_pulse_no_time,strict,041000030401,041000030506,5,True,
v01b_unit_pulse_strict,unit_pulse_no_time,strict,041000030401,041000030802,6,True,
v01b_unit_pulse_strict,unit_pulse_no_time,strict,041000030401,041000030803,7,True,
v01b_unit_pulse_strict,unit_pulse_no_time,strict,041000030401,041000030804,8,True,
v01b_unit_pulse_strict,unit_pulse_no_time,strict,041000030401,041000030805,9,True,
v01b_unit_pulse_strict,unit_pulse_no_time,strict,041000030401,041000030806,10,True,
v01b_unit_pulse_strict,unit_pulse_no_time,strict,041000030401,041000050102,11,True,
v01b_unit_pulse_strict,unit_pulse_no_time,strict,041000030401,041000050103,12,True,
v01b_unit_pulse_strict,unit_pulse_no_time,strict,041000030401,041000050105,13,True,
v01b_unit_pulse_strict,unit_pulse_no_time,strict,041000030401,041000050106,14,True,
v01b_unit_pulse_strict,unit_pulse_no_time,strict,041000030401,041000050202,15,True,
v01b_unit_pulse_strict,unit_pulse_no_time,strict,041000030401,041000050205,16,True,
v01b_unit_pulse_strict,unit_pulse_no_time,strict,041000030401,041000050207,17,True,
v01b_unit_pulse_strict,unit_pulse_no_time,strict,041000030401,041000050208,18,True,
v01b_unit_pulse_strict,unit_pulse_no_time,strict,041000030401,041000090201,19,True,
v01b_unit_pulse_strict,unit_pulse_no_time,strict,041000030401,041000090203,20,True,
v01b_unit_pulse_strict,unit_pulse_no_time,strict,041000030401,041000090206,21,True,
v01b_unit_pulse_strict,unit_pulse_no_time,strict,041000030401,041000090207,22,True,
v01b_unit_pulse_strict,unit_pulse_no_time,strict,041000030401,041000090403,23,True,
v01b_unit_pulse_strict,unit_pulse_no_time,strict,041000030401,041000090510,24,True,
v01b_unit_pulse_strict,unit_pulse_no_time,strict,041000030401,041000090602,25,True,
v01b_unit_pulse_strict,unit_pulse_no_time,strict,041000030401,041000090603,26,True,
v01b_unit_pulse_strict,unit_pulse_no_time,strict,041000030401,041000090903,27,True,
v01b_unit_pulse_strict,unit_pulse_no_time,strict,041000030401,041000090904,28,True,
v01b_unit_pulse_strict,unit_pulse_no_time,strict,041000030402,041000030402,0,True,
v01b_unit_pulse_strict,unit_pulse_no_time,strict,041000030402,041000030405,1,True,
v01b_unit_pulse_strict,unit_pulse_no_time,strict,041000030402,041000030406,2,True,
v01b_unit_pulse_strict,unit_pulse_no_time,strict,041000030402,041000030503,3,True,
v01b_unit_pulse_strict,unit_pulse_no_time,strict,041000030402,041000030505,4,True,
v01b_unit_pulse_strict,unit_pulse_no_time,strict,041000030402,041000030506,5,True,
v01b_unit_pulse_strict,unit_pulse_no_time,strict,041000030402,041000030802,6,True,
v01b_unit_pulse_strict,unit_pulse_no_time,strict,041000030402,041000030803,7,True,
v01b_unit_pulse_strict,unit_pulse_no_time,strict,041000030402,041000030804,8,True,
v01b_unit_pulse_strict,unit_pulse_no_time,strict,041000030402,041000030805,9,True,
v01b_unit_pulse_strict,unit_pulse_no_time,strict,041000030402,041000030806,10,True,
v01b_unit_pulse_strict,unit_pulse_no_time,strict,041000030402,041000050102,11,True,
v01b_unit_pulse_strict,unit_pulse_no_time,strict,041000030402,041000050103,12,True,
v01b_unit_pulse_strict,unit_pulse_no_time,strict,041000030402,041000050105,13,True,
v01b_unit_pulse_strict,unit_pulse_no_time,strict,041000030402,041000050106,14,True,
v01b_unit_pulse_strict,unit_pulse_no_time,strict,041000030402,041000050202,15,True,
v01b_unit_pulse_strict,unit_pulse_no_time,strict,041000030402,041000050205,16,True,
v01b_unit_pulse_strict,unit_pulse_no_time,strict,041000030402,041000050207,17,True,
v01b_unit_pulse_strict,unit_pulse_no_time,strict,041000030402,041000050208,18,True,
v01b_unit_pulse_strict,unit_pulse_no_time,strict,041000030402,041000090201,19,True,
v01b_unit_pulse_strict,unit_pulse_no_time,strict,041000030402,041000090203,20,True,
v01b_unit_pulse_strict,unit_pulse_no_time,strict,041000030402,041000090206,21,True,
v01b_unit_pulse_strict,unit_pulse_no_time,strict,041000030402,041000090207,22,True,
v01b_unit_pulse_strict,unit_pulse_no_time,strict,041000030402,041000090403,23,True,
v01b_unit_pulse_strict,unit_pulse_no_time,strict,041000030402,041000090510,24,True,
v01b_unit_pulse_strict,unit_pulse_no_time,strict,041000030402,041000090602,25,True,
v01b_unit_pulse_strict,unit_pulse_no_time,strict,041000030402,041000090603,26,True,
v01b_unit_pulse_strict,unit_pulse_no_time,strict,041000030402,041000090903,27,True,
v01b_unit_pulse_strict,unit_pulse_no_time,strict,041000030402,041000090904,28,True,
v01b_unit_pulse_strict,unit_pulse_no_time,strict,041000030403,041000030403,0,True,
v01b_unit_pulse_strict,unit_pulse_no_time,strict,041000030403,041000030404,1,True,
v01b_unit_pulse_strict,unit_pulse_no_time,strict,041000030403,041000030406,2,True,
v01b_unit_pulse_strict,unit_pulse_no_time,strict,041000030403,041000030503,3,True,
v01b_unit_pulse_strict,unit_pulse_no_time,strict,041000030403,041000030505,4,True,
v01b_unit_pulse_strict,unit_pulse_no_time,strict,041000030403,041000030506,5,True,
v01b_unit_pulse_strict,unit_pulse_no_time,strict,041000030403,041000030802,6,True,
v01b_unit_pulse_strict,unit_pulse_no_time,strict,041000030403,041000030803,7,True,
v01b_unit_pulse_strict,unit_pulse_no_time,strict,041000030403,041000030804,8,True,
v01b_unit_pulse_strict,unit_pulse_no_time,strict,041000030403,041000030805,9,True,
v01b_unit_pulse_strict,unit_pulse_no_time,strict,041000030403,041000030806,10,True,
v01b_unit_pulse_strict,unit_pulse_no_time,strict,041000030403,041000050102,11,True,
v01b_unit_pulse_strict,unit_pulse_no_time,strict,041000030403,041000050103,12,True,
v01b_unit_pulse_strict,unit_pulse_no_time,strict,041000030403,041000050105,13,True,
v01b_unit_pulse_strict,unit_pulse_no_time,strict,041000030403,041000050106,14,True,
v01b_unit_pulse_strict,unit_pulse_no_time,strict,041000030403,041000050202,15,True,
v01b_unit_pulse_strict,unit_pulse_no_time,strict,041000030403,041000050205,16,True,
v01b_unit_pulse_strict,unit_pulse_no_time,strict,041000030403,041000050207,17,True,
v01b_unit_pulse_strict,unit_pulse_no_time,strict,041000030403,041000050208,18,True,
v01b_unit_pulse_strict,unit_pulse_no_time,strict,041000030403,041000090201,19,True,
v01b_unit_pulse_strict,unit_pulse_no_time,strict,041000030403,041000090203,20,True,
v01b_unit_pulse_strict,unit_pulse_no_time,strict,041000030403,041000090206,21,True,
v01b_unit_pulse_strict,unit_pulse_no_time,strict,041000030403,041000090207,22,True,
v01b_unit_pulse_strict,unit_pulse_no_time,strict,041000030403,041000090403,23,True,
v01b_unit_pulse_strict,unit_pulse_no_time,strict,041000030403,041000090510,24,True,
v01b_unit_pulse_strict,unit_pulse_no_time,strict,041000030403,041000090602,25,True,
v01b_unit_pulse_strict,unit_pulse_no_time,strict,041000030403,041000090603,26,True,
v01b_unit_pulse_strict,unit_pulse_no_time,strict,041000030403,041000090903,27,True,
v01b_unit_pulse_strict,unit_pulse_no_time,strict,041000030403,041000090904,28,True,
v01b_unit_pulse_strict,unit_pulse_no_time,strict,041000030404,041000030404,0,True,
v01b_unit_pulse_strict,unit_pulse_no_time,strict,041000030404,041000030406,1,True,
v01b_unit_pulse_strict,unit_pulse_no_time,strict,041000030404,041000030503,2,True,
v01b_unit_pulse_strict,unit_pulse_no_time,strict,041000030404,041000030505,3,True,
v01b_unit_pulse_strict,unit_pulse_no_time,strict,041000030404,041000030506,4,True,
v01b_unit_pulse_strict,unit_pulse_no_time,strict,041000030404,041000030802,5,True,
v01b_unit_pulse_strict,unit_pulse_no_time,strict,041000030404,041000030803,6,True,
v01b_unit_pulse_strict,unit_pulse_no_time,strict,041000030404,041000030804,7,True,
v01b_unit_pulse_strict,unit_pulse_no_time,strict,041000030404,041000030805,8,True,
v01b_unit_pulse_strict,unit_pulse_no_time,strict,041000030404,041000030806,9,True,
v01b_unit_pulse_strict,unit_pulse_no_time,strict,041000030404,041000050102,10,True,
v01b_unit_pulse_strict,unit_pulse_no_time,strict,041000030404,041000050103,11,True,
v01b_unit_pulse_strict,unit_pulse_no_time,strict,041000030404,041000050105,12,True,
v01b_unit_pulse_strict,unit_pulse_no_time,strict,041000030404,041000050106,13,True,
v01b_unit_pulse_strict,unit_pulse_no_time,strict,041000030404,041000050202,14,True,
v01b_unit_pulse_strict,unit_pulse_no_time,strict,041000030404,041000050205,15,True,
v01b_unit_pulse_strict,unit_pulse_no_time,strict,041000030404,041000050207,16,True,
v01b_unit_pulse_strict,unit_pulse_no_time,strict,041000030404,041000050208,17,True,
v01b_unit_pulse_strict,unit_pulse_no_time,strict,041000030404,041000090201,18,True,
v01b_unit_pulse_strict,unit_pulse_no_time,strict,041000030404,041000090203,19,True,
v01b_unit_pulse_strict,unit_pulse_no_time,strict,041000030404,041000090206,20,True,
v01b_unit_pulse_strict,unit_pulse_no_time,strict,041000030404,041000090207,21,True,
v01b_unit_pulse_strict,unit_pulse_no_time,strict,041000030404,041000090403,22,True,
v01b_unit_pulse_strict,unit_pulse_no_time,strict,041000030404,041000090510,23,True,
v01b_unit_pulse_strict,unit_pulse_no_time,strict,041000030404,041000090602,24,True,
v01b_unit_pulse_strict,unit_pulse_no_time,strict,041000030404,041000090603,25,True,
v01b_unit_pulse_strict,unit_pulse_no_time,strict,041000030404,041000090903,26,True,
v01b_unit_pulse_strict,unit_pulse_no_time,strict,041000030404,041000090904,27,True,
v01b_unit_pulse_strict,unit_pulse_no_time,strict,041000030405,041000030405,0,True,
v01b_unit_pulse_strict,unit_pulse_no_time,strict,041000030405,041000030406,1,True,
v01b_unit_pulse_strict,unit_pulse_no_time,strict,041000030405,041000030503,2,True,
v01b_unit_pulse_strict,unit_pulse_no_time,strict,041000030405,041000030505,3,True,
v01b_unit_pulse_strict,unit_pulse_no_time,strict,041000030405,041000030506,4,True,
v01b_unit_pulse_strict,unit_pulse_no_time,strict,041000030405,041000030802,5,True,
v01b_unit_pulse_strict,unit_pulse_no_time,strict,041000030405,041000030803,6,True,
v01b_unit_pulse_strict,unit_pulse_no_time,strict,041000030405,041000030804,7,True,
v01b_unit_pulse_strict,unit_pulse_no_time,strict,041000030405,041000030805,8,True,
v01b_unit_pulse_strict,unit_pulse_no_time,strict,041000030405,041000030806,9,True,
v01b_unit_pulse_strict,unit_pulse_no_time,strict,041000030405,041000050102,10,True,
v01b_unit_pulse_strict,unit_pulse_no_time,strict,041000030405,041000050103,11,True,
v01b_unit_pulse_strict,unit_pulse_no_time,strict,041000030405,041000050105,12,True,
v01b_unit_pulse_strict,unit_pulse_no_time,strict,041000030405,041000050106,13,True,
v01b_unit_pulse_strict,unit_pulse_no_time,strict,041000030405,041000050202,14,True,
v01b_unit_pulse_strict,unit_pulse_no_time,strict,041000030405,041000050205,15,True,
v01b_unit_pulse_strict,unit_pulse_no_time,strict,041000030405,041000050207,16,True,
v01b_unit_pulse_strict,unit_pulse_no_time,strict,041000030405,041000050208,17,True,
v01b_unit_pulse_strict,unit_pulse_no_time,strict,041000030405,041000090201,18,True,
v01b_unit_pulse_strict,unit_pulse_no_time,strict,041000030405,041000090203,19,True,
v01b_unit_pulse_strict,unit_pulse_no_time,strict,041000030405,041000090206,20,True,
v01b_unit_pulse_strict,unit_pulse_no_time,strict,041000030405,041000090207,21,True,
v01b_unit_pulse_strict,unit_pulse_no_time,strict,041000030405,041000090403,22,True,
v01b_unit_pulse_strict,unit_pulse_no_time,strict,041000030405,041000090510,23,True,
v01b_unit_pulse_strict,unit_pulse_no_time,strict,041000030405,041000090602,24,True,
v01b_unit_pulse_strict,unit_pulse_no_time,strict,041000030405,041000090603,25,True,
v01b_unit_pulse_strict,unit_pulse_no_time,strict,041000030405,041000090903,26,True,
v01b_unit_pulse_strict,unit_pulse_no_time,strict,041000030405,041000090904,27,True,
v01b_unit_pulse_strict,unit_pulse_no_time,strict,041000030406,041000030406,0,True,
v01b_unit_pulse_strict,unit_pulse_no_time,strict,041000030406,041000030503,1,True,
v01b_unit_pulse_strict,unit_pulse_no_time,strict,041000030406,041000030505,2,True,
v01b_unit_pulse_strict,unit_pulse_no_time,strict,041000030406,041000030506,3,True,
v01b_unit_pulse_strict,unit_pulse_no_time,strict,041000030406,041000030802,4,True,
v01b_unit_pulse_strict,unit_pulse_no_time,strict,041000030406,041000030803,5,True,
v01b_unit_pulse_strict,unit_pulse_no_time,strict,041000030406,041000030804,6,True,
v01b_unit_pulse_strict,unit_pulse_no_time,strict,041000030406,041000030805,7,True,
v01b_unit_pulse_strict,unit_pulse_no_time,strict,041000030406,041000030806,8,True,
v01b_unit_pulse_strict,unit_pulse_no_time,strict,041000030406,041000050102,9,True,
v01b_unit_pulse_strict,unit_pulse_no_time,strict,041000030406,041000050103,10,True,
v01b_unit_pulse_strict,unit_pulse_no_time,strict,041000030406,041000050105,11,True,
v01b_unit_pulse_strict,unit_pulse_no_time,strict,041000030406,041000050106,12,True,
v01b_unit_pulse_strict,unit_pulse_no_time,strict,041000030406,041000050202,13,True,
v01b_unit_pulse_strict,unit_pulse_no_time,strict,041000030406,041000050205,14,True,
v01b_unit_pulse_strict,unit_pulse_no_time,strict,041000030406,041000050207,15,True,
v01b_unit_pulse_strict,unit_pulse_no_time,strict,041000030406,041000050208,16,True,
v01b_unit_pulse_strict,unit_pulse_no_time,strict,041000030406,041000090201,17,True,
v01b_unit_pulse_strict,unit_pulse_no_time,strict,041000030406,041000090203,18,True,
v01b_unit_pulse_strict,unit_pulse_no_time,strict,041000030406,041000090206,19,True,
v01b_unit_pulse_strict,unit_pulse_no_time,strict,041000030406,041000090207,20,True,
v01b_unit_pulse_strict,unit_pulse_no_time,strict,041000030406,041000090403,21,True,
v01b_unit_pulse_strict,unit_pulse_no_time,strict,041000030406,041000090510,22,True,
v01b_unit_pulse_strict,unit_pulse_no_time,strict,041000030406,041000090602,23,True,
v01b_unit_pulse_strict,unit_pulse_no_time,strict,041000030406,041000090603,24,True,
v01b_unit_pulse_strict,unit_pulse_no_time,strict,041000030406,041000090903,25,True,
v01b_unit_pulse_strict,unit_pulse_no_time,strict,041000030406,041000090904,26,True,
v01b_unit_pulse_strict,unit_pulse_no_time,strict,041000030501,041000030501,0,True,
v01b_unit_pulse_strict,unit_pulse_no_time,strict,041000030501,041000030503,1,True,
v01b_unit_pulse_strict,unit_pulse_no_time,strict,041000030501,041000030505,2,True,
v01b_unit_pulse_strict,unit_pulse_no_time,strict,041000030501,041000030506,3,True,
v01b_unit_pulse_strict,unit_pulse_no_time,strict,041000030501,041000030802,4,True,
v01b_unit_pulse_strict,unit_pulse_no_time,strict,041000030501,041000030803,5,True,
v01b_unit_pulse_strict,unit_pulse_no_time,strict,041000030501,041000030804,6,True,
v01b_unit_pulse_strict,unit_pulse_no_time,strict,041000030501,041000030805,7,True,
v01b_unit_pulse_strict,unit_pulse_no_time,strict,041000030501,041000030806,8,True,
v01b_unit_pulse_strict,unit_pulse_no_time,strict,041000030501,041000050102,9,True,
v01b_unit_pulse_strict,unit_pulse_no_time,strict,041000030501,041000050103,10,True,
v01b_unit_pulse_strict,unit_pulse_no_time,strict,041000030501,041000050105,11,True,
v01b_unit_pulse_strict,unit_pulse_no_time,strict,041000030501,041000050106,12,True,
v01b_unit_pulse_strict,unit_pulse_no_time,strict,041000030501,041000050202,13,True,
v01b_unit_pulse_strict,unit_pulse_no_time,strict,041000030501,041000050205,14,True,
v01b_unit_pulse_strict,unit_pulse_no_time,strict,041000030501,041000050207,15,True,
v01b_unit_pulse_strict,unit_pulse_no_time,strict,041000030501,041000050208,16,True,
v01b_unit_pulse_strict,unit_pulse_no_time,strict,041000030501,041000090201,17,True,
v01b_unit_pulse_strict,unit_pulse_no_time,strict,041000030501,041000090203,18,True,
v01b_unit_pulse_strict,unit_pulse_no_time,strict,041000030501,041000090206,19,True,
v01b_unit_pulse_strict,unit_pulse_no_time,strict,041000030501,041000090207,20,True,
v01b_unit_pulse_strict,unit_pulse_no_time,strict,041000030501,041000090403,21,True,
v01b_unit_pulse_strict,unit_pulse_no_time,strict,041000030501,041000090510,22,True,
v01b_unit_pulse_strict,unit_pulse_no_time,strict,041000030501,041000090602,23,True,
v01b_unit_pulse_strict,unit_pulse_no_time,strict,041000030501,041000090603,24,True,
v01b_unit_pulse_strict,unit_pulse_no_time,strict,041000030501,041000090903,25,True,
v01b_unit_pulse_strict,unit_pulse_no_time,strict,041000030501,041000090904,26,True,
v01b_unit_pulse_strict,unit_pulse_no_time,strict,041000030502,041000030502,0,True,
v01b_unit_pulse_strict,unit_pulse_no_time,strict,041000030502,041000030503,1,True,
v01b_unit_pulse_strict,unit_pulse_no_time,strict,041000030502,041000030505,2,True,
v01b_unit_pulse_strict,unit_pulse_no_time,strict,041000030502,041000030506,3,True,
v01b_unit_pulse_strict,unit_pulse_no_time,strict,041000030502,041000030802,4,True,
v01b_unit_pulse_strict,unit_pulse_no_time,strict,041000030502,041000030803,5,True,
v01b_unit_pulse_strict,unit_pulse_no_time,strict,041000030502,041000030804,6,True,
v01b_unit_pulse_strict,unit_pulse_no_time,strict,041000030502,041000030805,7,True,
v01b_unit_pulse_strict,unit_pulse_no_time,strict,041000030502,041000030806,8,True,
v01b_unit_pulse_strict,unit_pulse_no_time,strict,041000030502,041000050102,9,True,
v01b_unit_pulse_strict,unit_pulse_no_time,strict,041000030502,041000050103,10,True,
v01b_unit_pulse_strict,unit_pulse_no_time,strict,041000030502,041000050105,11,True,
v01b_unit_pulse_strict,unit_pulse_no_time,strict,041000030502,041000050106,12,True,
v01b_unit_pulse_strict,unit_pulse_no_time,strict,041000030502,041000050202,13,True,
v01b_unit_pulse_strict,unit_pulse_no_time,strict,041000030502,041000050205,14,True,
v01b_unit_pulse_strict,unit_pulse_no_time,strict,041000030502,041000050207,15,True,
v01b_unit_pulse_strict,unit_pulse_no_time,strict,041000030502,041000050208,16,True,
v01b_unit_pulse_strict,unit_pulse_no_time,strict,041000030502,041000090201,17,True,
v01b_unit_pulse_strict,unit_pulse_no_time,strict,041000030502,041000090203,18,True,
v01b_unit_pulse_strict,unit_pulse_no_time,strict,041000030502,041000090206,19,True,
v01b_unit_pulse_strict,unit_pulse_no_time,strict,041000030502,041000090207,20,True,
v01b_unit_pulse_strict,unit_pulse_no_time,strict,041000030502,041000090403,21,True,
v01b_unit_pulse_strict,unit_pulse_no_time,strict,041000030502,041000090510,22,True,
v01b_unit_pulse_strict,unit_pulse_no_time,strict,041000030502,041000090602,23,True,
v01b_unit_pulse_strict,unit_pulse_no_time,strict,041000030502,041000090603,24,True,
v01b_unit_pulse_strict,unit_pulse_no_time,strict,041000030502,041000090903,25,True,
v01b_unit_pulse_strict,unit_pulse_no_time,strict,041000030502,041000090904,26,True,
v01b_unit_pulse_strict,unit_pulse_no_time,strict,041000030503,041000030503,0,True,
v01b_unit_pulse_strict,unit_pulse_no_time,strict,041000030503,041000030505,1,True,
v01b_unit_pulse_strict,unit_pulse_no_time,strict,041000030503,041000030506,2,True,
v01b_unit_pulse_strict,unit_pulse_no_time,strict,041000030503,041000030802,3,True,
v01b_unit_pulse_strict,unit_pulse_no_time,strict,041000030503,041000030803,4,True,
v01b_unit_pulse_strict,unit_pulse_no_time,strict,041000030503,041000030804,5,True,
v01b_unit_pulse_strict,unit_pulse_no_time,strict,041000030503,041000030805,6,True,
v01b_unit_pulse_strict,unit_pulse_no_time,strict,041000030503,041000030806,7,True,
v01b_unit_pulse_strict,unit_pulse_no_time,strict,041000030503,041000050102,8,True,
v01b_unit_pulse_strict,unit_pulse_no_time,strict,041000030503,041000050103,9,True,
v01b_unit_pulse_strict,unit_pulse_no_time,strict,041000030503,041000050105,10,True,
v01b_unit_pulse_strict,unit_pulse_no_time,strict,041000030503,041000050106,11,True,
v01b_unit_pulse_strict,unit_pulse_no_time,strict,041000030503,041000050202,12,True,
v01b_unit_pulse_strict,unit_pulse_no_time,strict,041000030503,041000050205,13,True,
v01b_unit_pulse_strict,unit_pulse_no_time,strict,041000030503,041000050207,14,True,
v01b_unit_pulse_strict,unit_pulse_no_time,strict,041000030503,041000050208,15,True,
v01b_unit_pulse_strict,unit_pulse_no_time,strict,041000030503,041000090201,16,True,
v01b_unit_pulse_strict,unit_pulse_no_time,strict,041000030503,041000090203,17,True,
v01b_unit_pulse_strict,unit_pulse_no_time,strict,041000030503,041000090206,18,True,
v01b_unit_pulse_strict,unit_pulse_no_time,strict,041000030503,041000090207,19,True,
v01b_unit_pulse_strict,unit_pulse_no_time,strict,041000030503,041000090403,20,True,
v01b_unit_pulse_strict,unit_pulse_no_time,strict,041000030503,041000090510,21,True,
v01b_unit_pulse_strict,unit_pulse_no_time,strict,041000030503,041000090602,22,True,
v01b_unit_pulse_strict,unit_pulse_no_time,strict,041000030503,041000090603,23,True,
v01b_unit_pulse_strict,unit_pulse_no_time,strict,041000030503,041000090903,24,True,
v01b_unit_pulse_strict,unit_pulse_no_time,strict,041000030503,041000090904,25,True,
v01b_unit_pulse_strict,unit_pulse_no_time,strict,041000030504,041000030504,0,True,
v01b_unit_pulse_strict,unit_pulse_no_time,strict,041000030504,041000030505,1,True,
v01b_unit_pulse_strict,unit_pulse_no_time,strict,041000030504,041000030506,2,True,
v01b_unit_pulse_strict,unit_pulse_no_time,strict,041000030504,041000030802,3,True,
v01b_unit_pulse_strict,unit_pulse_no_time,strict,041000030504,041000030803,4,True,
v01b_unit_pulse_strict,unit_pulse_no_time,strict,041000030504,041000030804,5,True,
v01b_unit_pulse_strict,unit_pulse_no_time,strict,041000030504,041000030805,6,True,
v01b_unit_pulse_strict,unit_pulse_no_time,strict,041000030504,041000030806,7,True,
v01b_unit_pulse_strict,unit_pulse_no_time,strict,041000030504,041000050102,8,True,
v01b_unit_pulse_strict,unit_pulse_no_time,strict,041000030504,041000050103,9,True,
v01b_unit_pulse_strict,unit_pulse_no_time,strict,041000030504,041000050105,10,True,
v01b_unit_pulse_strict,unit_pulse_no_time,strict,041000030504,041000050106,11,True,
v01b_unit_pulse_strict,unit_pulse_no_time,strict,041000030504,041000050202,12,True,
v01b_unit_pulse_strict,unit_pulse_no_time,strict,041000030504,041000050205,13,True,
v01b_unit_pulse_strict,unit_pulse_no_time,strict,041000030504,041000050207,14,True,
v01b_unit_pulse_strict,unit_pulse_no_time,strict,041000030504,041000050208,15,True,
v01b_unit_pulse_strict,unit_pulse_no_time,strict,041000030504,041000090201,16,True,
v01b_unit_pulse_strict,unit_pulse_no_time,strict,041000030504,041000090203,17,True,
v01b_unit_pulse_strict,unit_pulse_no_time,strict,041000030504,041000090206,18,True,
v01b_unit_pulse_strict,unit_pulse_no_time,strict,041000030504,041000090207,19,True,
v01b_unit_pulse_strict,unit_pulse_no_time,strict,041000030504,041000090403,20,True,
v01b_unit_pulse_strict,unit_pulse_no_time,strict,041000030504,041000090510,21,True,
v01b_unit_pulse_strict,unit_pulse_no_time,strict,041000030504,041000090602,22,True,
v01b_unit_pulse_strict,unit_pulse_no_time,strict,041000030504,041000090603,23,True,
v01b_unit_pulse_strict,unit_pulse_no_time,strict,041000030504,041000090903,24,True,
v01b_unit_pulse_strict,unit_pulse_no_time,strict,041000030504,041000090904,25,True,
v01b_unit_pulse_strict,unit_pulse_no_time,strict,041000030505,041000030505,0,True,
v01b_unit_pulse_strict,unit_pulse_no_time,strict,041000030505,041000030506,1,True,
v01b_unit_pulse_strict,unit_pulse_no_time,strict,041000030505,041000030802,2,True,
v01b_unit_pulse_strict,unit_pulse_no_time,strict,041000030505,041000030803,3,True,
v01b_unit_pulse_strict,unit_pulse_no_time,strict,041000030505,041000030804,4,True,
v01b_unit_pulse_strict,unit_pulse_no_time,strict,041000030505,041000030805,5,True,
v01b_unit_pulse_strict,unit_pulse_no_time,strict,041000030505,041000030806,6,True,
v01b_unit_pulse_strict,unit_pulse_no_time,strict,041000030505,041000050102,7,True,
v01b_unit_pulse_strict,unit_pulse_no_time,strict,041000030505,041000050103,8,True,
v01b_unit_pulse_strict,unit_pulse_no_time,strict,041000030505,041000050105,9,True,
v01b_unit_pulse_strict,unit_pulse_no_time,strict,041000030505,041000050106,10,True,
v01b_unit_pulse_strict,unit_pulse_no_time,strict,041000030505,041000050202,11,True,
v01b_unit_pulse_strict,unit_pulse_no_time,strict,041000030505,041000050205,12,True,
v01b_unit_pulse_strict,unit_pulse_no_time,strict,041000030505,041000050207,13,True,
v01b_unit_pulse_strict,unit_pulse_no_time,strict,041000030505,041000050208,14,True,
v01b_unit_pulse_strict,unit_pulse_no_time,strict,041000030505,041000090201,15,True,
v01b_unit_pulse_strict,unit_pulse_no_time,strict,041000030505,041000090203,16,True,
v01b_unit_pulse_strict,unit_pulse_no_time,strict,041000030505,041000090206,17,True,
v01b_unit_pulse_strict,unit_pulse_no_time,strict,041000030505,041000090207,18,True,
v01b_unit_pulse_strict,unit_pulse_no_time,strict,041000030505,041000090403,19,True,
v01b_unit_pulse_strict,unit_pulse_no_time,strict,041000030505,041000090510,20,True,
v01b_unit_pulse_strict,unit_pulse_no_time,strict,041000030505,041000090602,21,True,
v01b_unit_pulse_strict,unit_pulse_no_time,strict,041000030505,041000090603,22,True,
v01b_unit_pulse_strict,unit_pulse_no_time,strict,041000030505,041000090903,23,True,
v01b_unit_pulse_strict,unit_pulse_no_time,strict,041000030505,041000090904,24,True,
v01b_unit_pulse_strict,unit_pulse_no_time,strict,041000030506,041000030506,0,True,
v01b_unit_pulse_strict,unit_pulse_no_time,strict,041000030506,041000030802,1,True,
v01b_unit_pulse_strict,unit_pulse_no_time,strict,041000030506,041000030803,2,True,
v01b_unit_pulse_strict,unit_pulse_no_time,strict,041000030506,041000030804,3,True,
v01b_unit_pulse_strict,unit_pulse_no_time,strict,041000030506,041000030805,4,True,
v01b_unit_pulse_strict,unit_pulse_no_time,strict,041000030506,041000030806,5,True,
v01b_unit_pulse_strict,unit_pulse_no_time,strict,041000030506,041000050102,6,True,
v01b_unit_pulse_strict,unit_pulse_no_time,strict,041000030506,041000050103,7,True,
v01b_unit_pulse_strict,unit_pulse_no_time,strict,041000030506,041000050105,8,True,
v01b_unit_pulse_strict,unit_pulse_no_time,strict,041000030506,041000050106,9,True,
v01b_unit_pulse_strict,unit_pulse_no_time,strict,041000030506,041000050202,10,True,
v01b_unit_pulse_strict,unit_pulse_no_time,strict,041000030506,041000050205,11,True,
v01b_unit_pulse_strict,unit_pulse_no_time,strict,041000030506,041000050207,12,True,
v01b_unit_pulse_strict,unit_pulse_no_time,strict,041000030506,041000050208,13,True,
v01b_unit_pulse_strict,unit_pulse_no_time,strict,041000030506,041000090201,14,True,
v01b_unit_pulse_strict,unit_pulse_no_time,strict,041000030506,041000090203,15,True,
v01b_unit_pulse_strict,unit_pulse_no_time,strict,041000030506,041000090206,16,True,
v01b_unit_pulse_strict,unit_pulse_no_time,strict,041000030506,041000090207,17,True,
v01b_unit_pulse_strict,unit_pulse_no_time,strict,041000030506,041000090403,18,True,
v01b_unit_pulse_strict,unit_pulse_no_time,strict,041000030506,041000090510,19,True,
v01b_unit_pulse_strict,unit_pulse_no_time,strict,041000030506,041000090602,20,True,
v01b_unit_pulse_strict,unit_pulse_no_time,strict,041000030506,041000090603,21,True,
v01b_unit_pulse_strict,unit_pulse_no_time,strict,041000030506,041000090903,22,True,
v01b_unit_pulse_strict,unit_pulse_no_time,strict,041000030506,041000090904,23,True,
v01b_unit_pulse_strict,unit_pulse_no_time,strict,041000030601,041000030601,0,True,
v01b_unit_pulse_strict,unit_pulse_no_time,strict,041000030601,041000030602,1,True,
v01b_unit_pulse_strict,unit_pulse_no_time,strict,041000030601,041000030604,2,True,
v01b_unit_pulse_strict,unit_pulse_no_time,strict,041000030601,041000030707,3,True,
v01b_unit_pulse_strict,unit_pulse_no_time,strict,041000030601,041000030805,4,True,
v01b_unit_pulse_strict,unit_pulse_no_time,strict,041000030601,041000030806,5,True,
v01b_unit_pulse_strict,unit_pulse_no_time,strict,041000030601,041000050102,6,True,
v01b_unit_pulse_strict,unit_pulse_no_time,strict,041000030601,041000050103,7,True,
v01b_unit_pulse_strict,unit_pulse_no_time,strict,041000030601,041000050105,8,True,
v01b_unit_pulse_strict,unit_pulse_no_time,strict,041000030601,041000050106,9,True,
v01b_unit_pulse_strict,unit_pulse_no_time,strict,041000030601,041000050202,10,True,
v01b_unit_pulse_strict,unit_pulse_no_time,strict,041000030601,041000050205,11,True,
v01b_unit_pulse_strict,unit_pulse_no_time,strict,041000030601,041000050207,12,True,
v01b_unit_pulse_strict,unit_pulse_no_time,strict,041000030601,041000050208,13,True,
v01b_unit_pulse_strict,unit_pulse_no_time,strict,041000030601,041000090201,14,True,
v01b_unit_pulse_strict,unit_pulse_no_time,strict,041000030601,041000090203,15,True,
v01b_unit_pulse_strict,unit_pulse_no_time,strict,041000030601,041000090206,16,True,
v01b_unit_pulse_strict,unit_pulse_no_time,strict,041000030601,041000090207,17,True,
v01b_unit_pulse_strict,unit_pulse_no_time,strict,041000030601,041000090403,18,True,
v01b_unit_pulse_strict,unit_pulse_no_time,strict,041000030601,041000090510,19,True,
v01b_unit_pulse_strict,unit_pulse_no_time,strict,041000030601,041000090602,20,True,
v01b_unit_pulse_strict,unit_pulse_no_time,strict,041000030601,041000090603,21,True,
v01b_unit_pulse_strict,unit_pulse_no_time,strict,041000030601,041000090903,22,True,
v01b_unit_pulse_strict,unit_pulse_no_time,strict,041000030601,041000090904,23,True,
v01b_unit_pulse_strict,unit_pulse_no_time,strict,041000030602,041000030602,0,True,
v01b_unit_pulse_strict,unit_pulse_no_time,strict,041000030602,041000030604,1,True,
v01b_unit_pulse_strict,unit_pulse_no_time,strict,041000030602,041000030707,2,True,
v01b_unit_pulse_strict,unit_pulse_no_time,strict,041000030602,041000030805,3,True,
v01b_unit_pulse_strict,unit_pulse_no_time,strict,041000030602,041000030806,4,True,
v01b_unit_pulse_strict,unit_pulse_no_time,strict,041000030602,041000050102,5,True,
v01b_unit_pulse_strict,unit_pulse_no_time,strict,041000030602,041000050103,6,True,
v01b_unit_pulse_strict,unit_pulse_no_time,strict,041000030602,041000050105,7,True,
v01b_unit_pulse_strict,unit_pulse_no_time,strict,041000030602,041000050106,8,True,
v01b_unit_pulse_strict,unit_pulse_no_time,strict,041000030602,041000050202,9,True,
v01b_unit_pulse_strict,unit_pulse_no_time,strict,041000030602,041000050205,10,True,
v01b_unit_pulse_strict,unit_pulse_no_time,strict,041000030602,041000050207,11,True,
v01b_unit_pulse_strict,unit_pulse_no_time,strict,041000030602,041000050208,12,True,
v01b_unit_pulse_strict,unit_pulse_no_time,strict,041000030602,041000090201,13,True,
v01b_unit_pulse_strict,unit_pulse_no_time,strict,041000030602,041000090203,14,True,
v01b_unit_pulse_strict,unit_pulse_no_time,strict,041000030602,041000090206,15,True,
v01b_unit_pulse_strict,unit_pulse_no_time,strict,041000030602,041000090207,16,True,
v01b_unit_pulse_strict,unit_pulse_no_time,strict,041000030602,041000090403,17,True,
v01b_unit_pulse_strict,unit_pulse_no_time,strict,041000030602,041000090510,18,True,
v01b_unit_pulse_strict,unit_pulse_no_time,strict,041000030602,041000090602,19,True,
v01b_unit_pulse_strict,unit_pulse_no_time,strict,041000030602,041000090603,20,True,
v01b_unit_pulse_strict,unit_pulse_no_time,strict,041000030602,041000090903,21,True,
v01b_unit_pulse_strict,unit_pulse_no_time,strict,041000030602,041000090904,22,True,
v01b_unit_pulse_strict,unit_pulse_no_time,strict,041000030603,041000030603,0,True,
v01b_unit_pulse_strict,unit_pulse_no_time,strict,041000030603,041000030604,1,True,
v01b_unit_pulse_strict,unit_pulse_no_time,strict,041000030603,041000030707,2,True,
v01b_unit_pulse_strict,unit_pulse_no_time,strict,041000030603,041000030805,3,True,
v01b_unit_pulse_strict,unit_pulse_no_time,strict,041000030603,041000030806,4,True,
v01b_unit_pulse_strict,unit_pulse_no_time,strict,041000030603,041000050102,5,True,
v01b_unit_pulse_strict,unit_pulse_no_time,strict,041000030603,041000050103,6,True,
v01b_unit_pulse_strict,unit_pulse_no_time,strict,041000030603,041000050105,7,True,
v01b_unit_pulse_strict,unit_pulse_no_time,strict,041000030603,041000050106,8,True,
v01b_unit_pulse_strict,unit_pulse_no_time,strict,041000030603,041000050202,9,True,
v01b_unit_pulse_strict,unit_pulse_no_time,strict,041000030603,041000050205,10,True,
v01b_unit_pulse_strict,unit_pulse_no_time,strict,041000030603,041000050207,11,True,
v01b_unit_pulse_strict,unit_pulse_no_time,strict,041000030603,041000050208,12,True,
v01b_unit_pulse_strict,unit_pulse_no_time,strict,041000030603,041000090201,13,True,
v01b_unit_pulse_strict,unit_pulse_no_time,strict,041000030603,041000090203,14,True,
v01b_unit_pulse_strict,unit_pulse_no_time,strict,041000030603,041000090206,15,True,
v01b_unit_pulse_strict,unit_pulse_no_time,strict,041000030603,041000090207,16,True,
v01b_unit_pulse_strict,unit_pulse_no_time,strict,041000030603,041000090403,17,True,
v01b_unit_pulse_strict,unit_pulse_no_time,strict,041000030603,041000090510,18,True,
v01b_unit_pulse_strict,unit_pulse_no_time,strict,041000030603,041000090602,19,True,
v01b_unit_pulse_strict,unit_pulse_no_time,strict,041000030603,041000090603,20,True,
v01b_unit_pulse_strict,unit_pulse_no_time,strict,041000030603,041000090903,21,True,
v01b_unit_pulse_strict,unit_pulse_no_time,strict,041000030603,041000090904,22,True,
v01b_unit_pulse_strict,unit_pulse_no_time,strict,041000030604,041000030604,0,True,
v01b_unit_pulse_strict,unit_pulse_no_time,strict,041000030604,041000030707,1,True,
v01b_unit_pulse_strict,unit_pulse_no_time,strict,041000030604,041000030805,2,True,
v01b_unit_pulse_strict,unit_pulse_no_time,strict,041000030604,041000030806,3,True,
v01b_unit_pulse_strict,unit_pulse_no_time,strict,041000030604,041000050102,4,True,
v01b_unit_pulse_strict,unit_pulse_no_time,strict,041000030604,041000050103,5,True,
v01b_unit_pulse_strict,unit_pulse_no_time,strict,041000030604,041000050105,6,True,
v01b_unit_pulse_strict,unit_pulse_no_time,strict,041000030604,041000050106,7,True,
v01b_unit_pulse_strict,unit_pulse_no_time,strict,041000030604,041000050202,8,True,
v01b_unit_pulse_strict,unit_pulse_no_time,strict,041000030604,041000050205,9,True,
v01b_unit_pulse_strict,unit_pulse_no_time,strict,041000030604,041000050207,10,True,
v01b_unit_pulse_strict,unit_pulse_no_time,strict,041000030604,041000050208,11,True,
v01b_unit_pulse_strict,unit_pulse_no_time,strict,041000030604,041000090201,12,True,
v01b_unit_pulse_strict,unit_pulse_no_time,strict,041000030604,041000090203,13,True,
v01b_unit_pulse_strict,unit_pulse_no_time,strict,041000030604,041000090206,14,True,
v01b_unit_pulse_strict,unit_pulse_no_time,strict,041000030604,041000090207,15,True,
v01b_unit_pulse_strict,unit_pulse_no_time,strict,041000030604,041000090403,16,True,
v01b_unit_pulse_strict,unit_pulse_no_time,strict,041000030604,041000090510,17,True,
v01b_unit_pulse_strict,unit_pulse_no_time,strict,041000030604,041000090602,18,True,
v01b_unit_pulse_strict,unit_pulse_no_time,strict,041000030604,041000090603,19,True,
v01b_unit_pulse_strict,unit_pulse_no_time,strict,041000030604,041000090903,20,True,
v01b_unit_pulse_strict,unit_pulse_no_time,strict,041000030604,041000090904,21,True,
v01b_unit_pulse_strict,unit_pulse_no_time,strict,041000030701,041000030701,0,True,
v01b_unit_pulse_strict,unit_pulse_no_time,strict,041000030701,041000030702,1,True,
v01b_unit_pulse_strict,unit_pulse_no_time,strict,041000030701,041000030707,2,True,
v01b_unit_pulse_strict,unit_pulse_no_time,strict,041000030701,041000030805,3,True,
v01b_unit_pulse_strict,unit_pulse_no_time,strict,041000030701,041000030806,4,True,
v01b_unit_pulse_strict,unit_pulse_no_time,strict,041000030701,041000050102,5,True,
v01b_unit_pulse_strict,unit_pulse_no_time,strict,041000030701,041000050103,6,True,
v01b_unit_pulse_strict,unit_pulse_no_time,strict,041000030701,041000050105,7,True,
v01b_unit_pulse_strict,unit_pulse_no_time,strict,041000030701,041000050106,8,True,
v01b_unit_pulse_strict,unit_pulse_no_time,strict,041000030701,041000050202,9,True,
v01b_unit_pulse_strict,unit_pulse_no_time,strict,041000030701,041000050205,10,True,
v01b_unit_pulse_strict,unit_pulse_no_time,strict,041000030701,041000050207,11,True,
v01b_unit_pulse_strict,unit_pulse_no_time,strict,041000030701,041000050208,12,True,
v01b_unit_pulse_strict,unit_pulse_no_time,strict,041000030701,041000090201,13,True,
v01b_unit_pulse_strict,unit_pulse_no_time,strict,041000030701,041000090203,14,True,
v01b_unit_pulse_strict,unit_pulse_no_time,strict,041000030701,041000090206,15,True,
v01b_unit_pulse_strict,unit_pulse_no_time,strict,041000030701,041000090207,16,True,
v01b_unit_pulse_strict,unit_pulse_no_time,strict,041000030701,041000090403,17,True,
v01b_unit_pulse_strict,unit_pulse_no_time,strict,041000030701,041000090510,18,True,
v01b_unit_pulse_strict,unit_pulse_no_time,strict,041000030701,041000090602,19,True,
v01b_unit_pulse_strict,unit_pulse_no_time,strict,041000030701,041000090603,20,True,
v01b_unit_pulse_strict,unit_pulse_no_time,strict,041000030701,041000090903,21,True,
v01b_unit_pulse_strict,unit_pulse_no_time,strict,041000030701,041000090904,22,True,
v01b_unit_pulse_strict,unit_pulse_no_time,strict,041000030702,041000030702,0,True,
v01b_unit_pulse_strict,unit_pulse_no_time,strict,041000030702,041000030707,1,True,
v01b_unit_pulse_strict,unit_pulse_no_time,strict,041000030702,041000030805,2,True,
v01b_unit_pulse_strict,unit_pulse_no_time,strict,041000030702,041000030806,3,True,
v01b_unit_pulse_strict,unit_pulse_no_time,strict,041000030702,041000050102,4,True,
v01b_unit_pulse_strict,unit_pulse_no_time,strict,041000030702,041000050103,5,True,
v01b_unit_pulse_strict,unit_pulse_no_time,strict,041000030702,041000050105,6,True,
v01b_unit_pulse_strict,unit_pulse_no_time,strict,041000030702,041000050106,7,True,
v01b_unit_pulse_strict,unit_pulse_no_time,strict,041000030702,041000050202,8,True,
v01b_unit_pulse_strict,unit_pulse_no_time,strict,041000030702,041000050205,9,True,
v01b_unit_pulse_strict,unit_pulse_no_time,strict,041000030702,041000050207,10,True,
v01b_unit_pulse_strict,unit_pulse_no_time,strict,041000030702,041000050208,11,True,
v01b_unit_pulse_strict,unit_pulse_no_time,strict,041000030702,041000090201,12,True,
v01b_unit_pulse_strict,unit_pulse_no_time,strict,041000030702,041000090203,13,True,
v01b_unit_pulse_strict,unit_pulse_no_time,strict,041000030702,041000090206,14,True,
v01b_unit_pulse_strict,unit_pulse_no_time,strict,041000030702,041000090207,15,True,
v01b_unit_pulse_strict,unit_pulse_no_time,strict,041000030702,041000090403,16,True,
v01b_unit_pulse_strict,unit_pulse_no_time,strict,041000030702,041000090510,17,True,
v01b_unit_pulse_strict,unit_pulse_no_time,strict,041000030702,041000090602,18,True,
v01b_unit_pulse_strict,unit_pulse_no_time,strict,041000030702,041000090603,19,True,
v01b_unit_pulse_strict,unit_pulse_no_time,strict,041000030702,041000090903,20,True,
v01b_unit_pulse_strict,unit_pulse_no_time,strict,041000030702,041000090904,21,True,
v01b_unit_pulse_strict,unit_pulse_no_time,strict,041000030703,041000030703,0,True,
v01b_unit_pulse_strict,unit_pulse_no_time,strict,041000030703,041000030705,1,True,
v01b_unit_pulse_strict,unit_pulse_no_time,strict,041000030703,041000030707,2,True,
v01b_unit_pulse_strict,unit_pulse_no_time,strict,041000030703,041000030805,3,True,
v01b_unit_pulse_strict,unit_pulse_no_time,strict,041000030703,041000030806,4,True,
v01b_unit_pulse_strict,unit_pulse_no_time,strict,041000030703,041000050102,5,True,
v01b_unit_pulse_strict,unit_pulse_no_time,strict,041000030703,041000050103,6,True,
v01b_unit_pulse_strict,unit_pulse_no_time,strict,041000030703,041000050105,7,True,
v01b_unit_pulse_strict,unit_pulse_no_time,strict,041000030703,041000050106,8,True,
v01b_unit_pulse_strict,unit_pulse_no_time,strict,041000030703,041000050202,9,True,
v01b_unit_pulse_strict,unit_pulse_no_time,strict,041000030703,041000050205,10,True,
v01b_unit_pulse_strict,unit_pulse_no_time,strict,041000030703,041000050207,11,True,
v01b_unit_pulse_strict,unit_pulse_no_time,strict,041000030703,041000050208,12,True,
v01b_unit_pulse_strict,unit_pulse_no_time,strict,041000030703,041000090201,13,True,
v01b_unit_pulse_strict,unit_pulse_no_time,strict,041000030703,041000090203,14,True,
v01b_unit_pulse_strict,unit_pulse_no_time,strict,041000030703,041000090206,15,True,
v01b_unit_pulse_strict,unit_pulse_no_time,strict,041000030703,041000090207,16,True,
v01b_unit_pulse_strict,unit_pulse_no_time,strict,041000030703,041000090403,17,True,
v01b_unit_pulse_strict,unit_pulse_no_time,strict,041000030703,041000090510,18,True,
v01b_unit_pulse_strict,unit_pulse_no_time,strict,041000030703,041000090602,19,True,
v01b_unit_pulse_strict,unit_pulse_no_time,strict,041000030703,041000090603,20,True,
v01b_unit_pulse_strict,unit_pulse_no_time,strict,041000030703,041000090903,21,True,
v01b_unit_pulse_strict,unit_pulse_no_time,strict,041000030703,041000090904,22,True,
v01b_unit_pulse_strict,unit_pulse_no_time,strict,041000030704,041000030704,0,True,
v01b_unit_pulse_strict,unit_pulse_no_time,strict,041000030704,041000030705,1,True,
v01b_unit_pulse_strict,unit_pulse_no_time,strict,041000030704,041000030707,2,True,
v01b_unit_pulse_strict,unit_pulse_no_time,strict,041000030704,041000030805,3,True,
v01b_unit_pulse_strict,unit_pulse_no_time,strict,041000030704,041000030806,4,True,
v01b_unit_pulse_strict,unit_pulse_no_time,strict,041000030704,041000050102,5,True,
v01b_unit_pulse_strict,unit_pulse_no_time,strict,041000030704,041000050103,6,True,
v01b_unit_pulse_strict,unit_pulse_no_time,strict,041000030704,041000050105,7,True,
v01b_unit_pulse_strict,unit_pulse_no_time,strict,041000030704,041000050106,8,True,
v01b_unit_pulse_strict,unit_pulse_no_time,strict,041000030704,041000050202,9,True,
v01b_unit_pulse_strict,unit_pulse_no_time,strict,041000030704,041000050205,10,True,
v01b_unit_pulse_strict,unit_pulse_no_time,strict,041000030704,041000050207,11,True,
v01b_unit_pulse_strict,unit_pulse_no_time,strict,041000030704,041000050208,12,True,
v01b_unit_pulse_strict,unit_pulse_no_time,strict,041000030704,041000090201,13,True,
v01b_unit_pulse_strict,unit_pulse_no_time,strict,041000030704,041000090203,14,True,
v01b_unit_pulse_strict,unit_pulse_no_time,strict,041000030704,041000090206,15,True,
v01b_unit_pulse_strict,unit_pulse_no_time,strict,041000030704,041000090207,16,True,
v01b_unit_pulse_strict,unit_pulse_no_time,strict,041000030704,041000090403,17,True,
v01b_unit_pulse_strict,unit_pulse_no_time,strict,041000030704,041000090510,18,True,
v01b_unit_pulse_strict,unit_pulse_no_time,strict,041000030704,041000090602,19,True,
v01b_unit_pulse_strict,unit_pulse_no_time,strict,041000030704,041000090603,20,True,
v01b_unit_pulse_strict,unit_pulse_no_time,strict,041000030704,041000090903,21,True,
v01b_unit_pulse_strict,unit_pulse_no_time,strict,041000030704,041000090904,22,True,
v01b_unit_pulse_strict,unit_pulse_no_time,strict,041000030705,041000030705,0,True,
v01b_unit_pulse_strict,unit_pulse_no_time,strict,041000030705,041000030707,1,True,
v01b_unit_pulse_strict,unit_pulse_no_time,strict,041000030705,041000030805,2,True,
v01b_unit_pulse_strict,unit_pulse_no_time,strict,041000030705,041000030806,3,True,
v01b_unit_pulse_strict,unit_pulse_no_time,strict,041000030705,041000050102,4,True,
v01b_unit_pulse_strict,unit_pulse_no_time,strict,041000030705,041000050103,5,True,
v01b_unit_pulse_strict,unit_pulse_no_time,strict,041000030705,041000050105,6,True,
v01b_unit_pulse_strict,unit_pulse_no_time,strict,041000030705,041000050106,7,True,
v01b_unit_pulse_strict,unit_pulse_no_time,strict,041000030705,041000050202,8,True,
v01b_unit_pulse_strict,unit_pulse_no_time,strict,041000030705,041000050205,9,True,
v01b_unit_pulse_strict,unit_pulse_no_time,strict,041000030705,041000050207,10,True,
v01b_unit_pulse_strict,unit_pulse_no_time,strict,041000030705,041000050208,11,True,
v01b_unit_pulse_strict,unit_pulse_no_time,strict,041000030705,041000090201,12,True,
v01b_unit_pulse_strict,unit_pulse_no_time,strict,041000030705,041000090203,13,True,
v01b_unit_pulse_strict,unit_pulse_no_time,strict,041000030705,041000090206,14,True,
v01b_unit_pulse_strict,unit_pulse_no_time,strict,041000030705,041000090207,15,True,
v01b_unit_pulse_strict,unit_pulse_no_time,strict,041000030705,041000090403,16,True,
v01b_unit_pulse_strict,unit_pulse_no_time,strict,041000030705,041000090510,17,True,
v01b_unit_pulse_strict,unit_pulse_no_time,strict,041000030705,041000090602,18,True,
v01b_unit_pulse_strict,unit_pulse_no_time,strict,041000030705,041000090603,19,True,
v01b_unit_pulse_strict,unit_pulse_no_time,strict,041000030705,041000090903,20,True,
v01b_unit_pulse_strict,unit_pulse_no_time,strict,041000030705,041000090904,21,True,
v01b_unit_pulse_strict,unit_pulse_no_time,strict,041000030706,041000030706,0,True,
v01b_unit_pulse_strict,unit_pulse_no_time,strict,041000030706,041000030707,1,True,
v01b_unit_pulse_strict,unit_pulse_no_time,strict,041000030706,041000030805,2,True,
v01b_unit_pulse_strict,unit_pulse_no_time,strict,041000030706,041000030806,3,True,
v01b_unit_pulse_strict,unit_pulse_no_time,strict,041000030706,041000050102,4,True,
v01b_unit_pulse_strict,unit_pulse_no_time,strict,041000030706,041000050103,5,True,
v01b_unit_pulse_strict,unit_pulse_no_time,strict,041000030706,041000050105,6,True,
v01b_unit_pulse_strict,unit_pulse_no_time,strict,041000030706,041000050106,7,True,
v01b_unit_pulse_strict,unit_pulse_no_time,strict,041000030706,041000050202,8,True,
v01b_unit_pulse_strict,unit_pulse_no_time,strict,041000030706,041000050205,9,True,
v01b_unit_pulse_strict,unit_pulse_no_time,strict,041000030706,041000050207,10,True,
v01b_unit_pulse_strict,unit_pulse_no_time,strict,041000030706,041000050208,11,True,
v01b_unit_pulse_strict,unit_pulse_no_time,strict,041000030706,041000090201,12,True,
v01b_unit_pulse_strict,unit_pulse_no_time,strict,041000030706,041000090203,13,True,
v01b_unit_pulse_strict,unit_pulse_no_time,strict,041000030706,041000090206,14,True,
v01b_unit_pulse_strict,unit_pulse_no_time,strict,041000030706,041000090207,15,True,
v01b_unit_pulse_strict,unit_pulse_no_time,strict,041000030706,041000090403,16,True,
v01b_unit_pulse_strict,unit_pulse_no_time,strict,041000030706,041000090510,17,True,
v01b_unit_pulse_strict,unit_pulse_no_time,strict,041000030706,041000090602,18,True,
v01b_unit_pulse_strict,unit_pulse_no_time,strict,041000030706,041000090603,19,True,
v01b_unit_pulse_strict,unit_pulse_no_time,strict,041000030706,041000090903,20,True,
v01b_unit_pulse_strict,unit_pulse_no_time,strict,041000030706,041000090904,21,True,
v01b_unit_pulse_strict,unit_pulse_no_time,strict,041000030707,041000030707,0,True,
v01b_unit_pulse_strict,unit_pulse_no_time,strict,041000030707,041000030805,1,True,
v01b_unit_pulse_strict,unit_pulse_no_time,strict,041000030707,041000030806,2,True,
v01b_unit_pulse_strict,unit_pulse_no_time,strict,041000030707,041000050102,3,True,
v01b_unit_pulse_strict,unit_pulse_no_time,strict,041000030707,041000050103,4,True,
v01b_unit_pulse_strict,unit_pulse_no_time,strict,041000030707,041000050105,5,True,
v01b_unit_pulse_strict,unit_pulse_no_time,strict,041000030707,041000050106,6,True,
v01b_unit_pulse_strict,unit_pulse_no_time,strict,041000030707,041000050202,7,True,
v01b_unit_pulse_strict,unit_pulse_no_time,strict,041000030707,041000050205,8,True,
v01b_unit_pulse_strict,unit_pulse_no_time,strict,041000030707,041000050207,9,True,
v01b_unit_pulse_strict,unit_pulse_no_time,strict,041000030707,041000050208,10,True,
v01b_unit_pulse_strict,unit_pulse_no_time,strict,041000030707,041000090201,11,True,
v01b_unit_pulse_strict,unit_pulse_no_time,strict,041000030707,041000090203,12,True,
v01b_unit_pulse_strict,unit_pulse_no_time,strict,041000030707,041000090206,13,True,
v01b_unit_pulse_strict,unit_pulse_no_time,strict,041000030707,041000090207,14,True,
v01b_unit_pulse_strict,unit_pulse_no_time,strict,041000030707,041000090403,15,True,
v01b_unit_pulse_strict,unit_pulse_no_time,strict,041000030707,041000090510,16,True,
v01b_unit_pulse_strict,unit_pulse_no_time,strict,041000030707,041000090602,17,True,
v01b_unit_pulse_strict,unit_pulse_no_time,strict,041000030707,041000090603,18,True,
v01b_unit_pulse_strict,unit_pulse_no_time,strict,041000030707,041000090903,19,True,
v01b_unit_pulse_strict,unit_pulse_no_time,strict,041000030707,041000090904,20,True,
v01b_unit_pulse_strict,unit_pulse_no_time,strict,041000030801,041000030801,0,True,
v01b_unit_pulse_strict,unit_pulse_no_time,strict,041000030801,041000030802,1,True,
v01b_unit_pulse_strict,unit_pulse_no_time,strict,041000030801,041000030803,2,True,
v01b_unit_pulse_strict,unit_pulse_no_time,strict,041000030801,041000030804,3,True,
v01b_unit_pulse_strict,unit_pulse_no_time,strict,041000030801,041000030805,4,True,
v01b_unit_pulse_strict,unit_pulse_no_time,strict,041000030801,041000030806,5,True,
v01b_unit_pulse_strict,unit_pulse_no_time,strict,041000030801,041000050102,6,True,
v01b_unit_pulse_strict,unit_pulse_no_time,strict,041000030801,041000050103,7,True,
v01b_unit_pulse_strict,unit_pulse_no_time,strict,041000030801,041000050105,8,True,
v01b_unit_pulse_strict,unit_pulse_no_time,strict,041000030801,041000050106,9,True,
v01b_unit_pulse_strict,unit_pulse_no_time,strict,041000030801,041000050202,10,True,
v01b_unit_pulse_strict,unit_pulse_no_time,strict,041000030801,041000050205,11,True,
v01b_unit_pulse_strict,unit_pulse_no_time,strict,041000030801,041000050207,12,True,
v01b_unit_pulse_strict,unit_pulse_no_time,strict,041000030801,041000050208,13,True,
v01b_unit_pulse_strict,unit_pulse_no_time,strict,041000030801,041000090201,14,True,
v01b_unit_pulse_strict,unit_pulse_no_time,strict,041000030801,041000090203,15,True,
v01b_unit_pulse_strict,unit_pulse_no_time,strict,041000030801,041000090206,16,True,
v01b_unit_pulse_strict,unit_pulse_no_time,strict,041000030801,041000090207,17,True,
v01b_unit_pulse_strict,unit_pulse_no_time,strict,041000030801,041000090403,18,True,
v01b_unit_pulse_strict,unit_pulse_no_time,strict,041000030801,041000090510,19,True,
v01b_unit_pulse_strict,unit_pulse_no_time,strict,041000030801,041000090602,20,True,
v01b_unit_pulse_strict,unit_pulse_no_time,strict,041000030801,041000090603,21,True,
v01b_unit_pulse_strict,unit_pulse_no_time,strict,041000030801,041000090903,22,True,
v01b_unit_pulse_strict,unit_pulse_no_time,strict,041000030801,041000090904,23,True,
v01b_unit_pulse_strict,unit_pulse_no_time,strict,041000030802,041000030802,0,True,
v01b_unit_pulse_strict,unit_pulse_no_time,strict,041000030802,041000030803,1,True,
v01b_unit_pulse_strict,unit_pulse_no_time,strict,041000030802,041000030804,2,True,
v01b_unit_pulse_strict,unit_pulse_no_time,strict,041000030802,041000030805,3,True,
v01b_unit_pulse_strict,unit_pulse_no_time,strict,041000030802,041000030806,4,True,
v01b_unit_pulse_strict,unit_pulse_no_time,strict,041000030802,041000050102,5,True,
v01b_unit_pulse_strict,unit_pulse_no_time,strict,041000030802,041000050103,6,True,
v01b_unit_pulse_strict,unit_pulse_no_time,strict,041000030802,041000050105,7,True,
v01b_unit_pulse_strict,unit_pulse_no_time,strict,041000030802,041000050106,8,True,
v01b_unit_pulse_strict,unit_pulse_no_time,strict,041000030802,041000050202,9,True,
v01b_unit_pulse_strict,unit_pulse_no_time,strict,041000030802,041000050205,10,True,
v01b_unit_pulse_strict,unit_pulse_no_time,strict,041000030802,041000050207,11,True,
v01b_unit_pulse_strict,unit_pulse_no_time,strict,041000030802,041000050208,12,True,
v01b_unit_pulse_strict,unit_pulse_no_time,strict,041000030802,041000090201,13,True,
v01b_unit_pulse_strict,unit_pulse_no_time,strict,041000030802,041000090203,14,True,
v01b_unit_pulse_strict,unit_pulse_no_time,strict,041000030802,041000090206,15,True,
v01b_unit_pulse_strict,unit_pulse_no_time,strict,041000030802,041000090207,16,True,
v01b_unit_pulse_strict,unit_pulse_no_time,strict,041000030802,041000090403,17,True,
v01b_unit_pulse_strict,unit_pulse_no_time,strict,041000030802,041000090510,18,True,
v01b_unit_pulse_strict,unit_pulse_no_time,strict,041000030802,041000090602,19,True,
v01b_unit_pulse_strict,unit_pulse_no_time,strict,041000030802,041000090603,20,True,
v01b_unit_pulse_strict,unit_pulse_no_time,strict,041000030802,041000090903,21,True,
v01b_unit_pulse_strict,unit_pulse_no_time,strict,041000030802,041000090904,22,True,
v01b_unit_pulse_strict,unit_pulse_no_time,strict,041000030803,041000030803,0,True,
v01b_unit_pulse_strict,unit_pulse_no_time,strict,041000030803,041000030804,1,True,
v01b_unit_pulse_strict,unit_pulse_no_time,strict,041000030803,041000030805,2,True,
v01b_unit_pulse_strict,unit_pulse_no_time,strict,041000030803,041000030806,3,True,
v01b_unit_pulse_strict,unit_pulse_no_time,strict,041000030803,041000050102,4,True,
v01b_unit_pulse_strict,unit_pulse_no_time,strict,041000030803,041000050103,5,True,
v01b_unit_pulse_strict,unit_pulse_no_time,strict,041000030803,041000050105,6,True,
v01b_unit_pulse_strict,unit_pulse_no_time,strict,041000030803,041000050106,7,True,
v01b_unit_pulse_strict,unit_pulse_no_time,strict,041000030803,041000050202,8,True,
v01b_unit_pulse_strict,unit_pulse_no_time,strict,041000030803,041000050205,9,True,
v01b_unit_pulse_strict,unit_pulse_no_time,strict,041000030803,041000050207,10,True,
v01b_unit_pulse_strict,unit_pulse_no_time,strict,041000030803,041000050208,11,True,
v01b_unit_pulse_strict,unit_pulse_no_time,strict,041000030803,041000090201,12,True,
v01b_unit_pulse_strict,unit_pulse_no_time,strict,041000030803,041000090203,13,True,
v01b_unit_pulse_strict,unit_pulse_no_time,strict,041000030803,041000090206,14,True,
v01b_unit_pulse_strict,unit_pulse_no_time,strict,041000030803,041000090207,15,True,
v01b_unit_pulse_strict,unit_pulse_no_time,strict,041000030803,041000090403,16,True,
v01b_unit_pulse_strict,unit_pulse_no_time,strict,041000030803,041000090510,17,True,
v01b_unit_pulse_strict,unit_pulse_no_time,strict,041000030803,041000090602,18,True,
v01b_unit_pulse_strict,unit_pulse_no_time,strict,041000030803,041000090603,19,True,
v01b_unit_pulse_strict,unit_pulse_no_time,strict,041000030803,041000090903,20,True,
v01b_unit_pulse_strict,unit_pulse_no_time,strict,041000030803,041000090904,21,True,
v01b_unit_pulse_strict,unit_pulse_no_time,strict,041000030804,041000030804,0,True,
v01b_unit_pulse_strict,unit_pulse_no_time,strict,041000030804,041000030805,1,True,
v01b_unit_pulse_strict,unit_pulse_no_time,strict,041000030804,041000030806,2,True,
v01b_unit_pulse_strict,unit_pulse_no_time,strict,041000030804,041000050102,3,True,
v01b_unit_pulse_strict,unit_pulse_no_time,strict,041000030804,041000050103,4,True,
v01b_unit_pulse_strict,unit_pulse_no_time,strict,041000030804,041000050105,5,True,
v01b_unit_pulse_strict,unit_pulse_no_time,strict,041000030804,041000050106,6,True,
v01b_unit_pulse_strict,unit_pulse_no_time,strict,041000030804,041000050202,7,True,
v01b_unit_pulse_strict,unit_pulse_no_time,strict,041000030804,041000050205,8,True,
v01b_unit_pulse_strict,unit_pulse_no_time,strict,041000030804,041000050207,9,True,
v01b_unit_pulse_strict,unit_pulse_no_time,strict,041000030804,041000050208,10,True,
v01b_unit_pulse_strict,unit_pulse_no_time,strict,041000030804,041000090201,11,True,
v01b_unit_pulse_strict,unit_pulse_no_time,strict,041000030804,041000090203,12,True,
v01b_unit_pulse_strict,unit_pulse_no_time,strict,041000030804,041000090206,13,True,
v01b_unit_pulse_strict,unit_pulse_no_time,strict,041000030804,041000090207,14,True,
v01b_unit_pulse_strict,unit_pulse_no_time,strict,041000030804,041000090403,15,True,
v01b_unit_pulse_strict,unit_pulse_no_time,strict,041000030804,041000090510,16,True,
v01b_unit_pulse_strict,unit_pulse_no_time,strict,041000030804,041000090602,17,True,
v01b_unit_pulse_strict,unit_pulse_no_time,strict,041000030804,041000090603,18,True,
v01b_unit_pulse_strict,unit_pulse_no_time,strict,041000030804,041000090903,19,True,
v01b_unit_pulse_strict,unit_pulse_no_time,strict,041000030804,041000090904,20,True,
v01b_unit_pulse_strict,unit_pulse_no_time,strict,041000030805,041000030805,0,True,
v01b_unit_pulse_strict,unit_pulse_no_time,strict,041000030805,041000030806,1,True,
v01b_unit_pulse_strict,unit_pulse_no_time,strict,041000030805,041000050102,2,True,
v01b_unit_pulse_strict,unit_pulse_no_time,strict,041000030805,041000050103,3,True,
v01b_unit_pulse_strict,unit_pulse_no_time,strict,041000030805,041000050105,4,True,
v01b_unit_pulse_strict,unit_pulse_no_time,strict,041000030805,041000050106,5,True,
v01b_unit_pulse_strict,unit_pulse_no_time,strict,041000030805,041000050202,6,True,
v01b_unit_pulse_strict,unit_pulse_no_time,strict,041000030805,041000050205,7,True,
v01b_unit_pulse_strict,unit_pulse_no_time,strict,041000030805,041000050207,8,True,
v01b_unit_pulse_strict,unit_pulse_no_time,strict,041000030805,041000050208,9,True,
v01b_unit_pulse_strict,unit_pulse_no_time,strict,041000030805,041000090201,10,True,
v01b_unit_pulse_strict,unit_pulse_no_time,strict,041000030805,041000090203,11,True,
v01b_unit_pulse_strict,unit_pulse_no_time,strict,041000030805,041000090206,12,True,
v01b_unit_pulse_strict,unit_pulse_no_time,strict,041000030805,041000090207,13,True,
v01b_unit_pulse_strict,unit_pulse_no_time,strict,041000030805,041000090403,14,True,
v01b_unit_pulse_strict,unit_pulse_no_time,strict,041000030805,041000090510,15,True,
v01b_unit_pulse_strict,unit_pulse_no_time,strict,041000030805,041000090602,16,True,
v01b_unit_pulse_strict,unit_pulse_no_time,strict,041000030805,041000090603,17,True,
v01b_unit_pulse_strict,unit_pulse_no_time,strict,041000030805,041000090903,18,True,
v01b_unit_pulse_strict,unit_pulse_no_time,strict,041000030805,041000090904,19,True,
v01b_unit_pulse_strict,unit_pulse_no_time,strict,041000030806,041000030806,0,True,
v01b_unit_pulse_strict,unit_pulse_no_time,strict,041000030806,041000050102,1,True,
v01b_unit_pulse_strict,unit_pulse_no_time,strict,041000030806,041000050103,2,True,
v01b_unit_pulse_strict,unit_pulse_no_time,strict,041000030806,041000050105,3,True,
v01b_unit_pulse_strict,unit_pulse_no_time,strict,041000030806,041000050106,4,True,
v01b_unit_pulse_strict,unit_pulse_no_time,strict,041000030806,041000050202,5,True,
v01b_unit_pulse_strict,unit_pulse_no_time,strict,041000030806,041000050205,6,True,
v01b_unit_pulse_strict,unit_pulse_no_time,strict,041000030806,041000050207,7,True,
v01b_unit_pulse_strict,unit_pulse_no_time,strict,041000030806,041000050208,8,True,
v01b_unit_pulse_strict,unit_pulse_no_time,strict,041000030806,041000090201,9,True,
v01b_unit_pulse_strict,unit_pulse_no_time,strict,041000030806,041000090203,10,True,
v01b_unit_pulse_strict,unit_pulse_no_time,strict,041000030806,041000090206,11,True,
v01b_unit_pulse_strict,unit_pulse_no_time,strict,041000030806,041000090207,12,True,
v01b_unit_pulse_strict,unit_pulse_no_time,strict,041000030806,041000090403,13,True,
v01b_unit_pulse_strict,unit_pulse_no_time,strict,041000030806,041000090510,14,True,
v01b_unit_pulse_strict,unit_pulse_no_time,strict,041000030806,041000090602,15,True,
v01b_unit_pulse_strict,unit_pulse_no_time,strict,041000030806,041000090603,16,True,
v01b_unit_pulse_strict,unit_pulse_no_time,strict,041000030806,041000090903,17,True,
v01b_unit_pulse_strict,unit_pulse_no_time,strict,041000030806,041000090904,18,True,
v01b_unit_pulse_strict,unit_pulse_no_time,strict,041000040101,041000040101,0,True,
v01b_unit_pulse_strict,unit_pulse_no_time,strict,041000040101,041000040103,1,True,
v01b_unit_pulse_strict,unit_pulse_no_time,strict,041000040101,041000040106,2,True,
v01b_unit_pulse_strict,unit_pulse_no_time,strict,041000040101,041000040205,3,True,
v01b_unit_pulse_strict,unit_pulse_no_time,strict,041000040101,041000040303,4,True,
v01b_unit_pulse_strict,unit_pulse_no_time,strict,041000040101,041000040305,5,True,
v01b_unit_pulse_strict,unit_pulse_no_time,strict,041000040101,041000040408,6,True,
v01b_unit_pulse_strict,unit_pulse_no_time,strict,041000040101,041000040502,7,True,
v01b_unit_pulse_strict,unit_pulse_no_time,strict,041000040101,041000040504,8,True,
v01b_unit_pulse_strict,unit_pulse_no_time,strict,041000040101,041000040602,9,True,
v01b_unit_pulse_strict,unit_pulse_no_time,strict,041000040101,041000040604,10,True,
v01b_unit_pulse_strict,unit_pulse_no_time,strict,041000040101,041000040606,11,True,
v01b_unit_pulse_strict,unit_pulse_no_time,strict,041000040101,041000050102,12,True,
v01b_unit_pulse_strict,unit_pulse_no_time,strict,041000040101,041000050103,13,True,
v01b_unit_pulse_strict,unit_pulse_no_time,strict,041000040101,041000050105,14,True,
v01b_unit_pulse_strict,unit_pulse_no_time,strict,041000040101,041000050106,15,True,
v01b_unit_pulse_strict,unit_pulse_no_time,strict,041000040101,041000050202,16,True,
v01b_unit_pulse_strict,unit_pulse_no_time,strict,041000040101,041000050205,17,True,
v01b_unit_pulse_strict,unit_pulse_no_time,strict,041000040101,041000050207,18,True,
v01b_unit_pulse_strict,unit_pulse_no_time,strict,041000040101,041000050208,19,True,
v01b_unit_pulse_strict,unit_pulse_no_time,strict,041000040101,041000090201,20,True,
v01b_unit_pulse_strict,unit_pulse_no_time,strict,041000040101,041000090203,21,True,
v01b_unit_pulse_strict,unit_pulse_no_time,strict,041000040101,041000090206,22,True,
v01b_unit_pulse_strict,unit_pulse_no_time,strict,041000040101,041000090207,23,True,
v01b_unit_pulse_strict,unit_pulse_no_time,strict,041000040101,041000090403,24,True,
v01b_unit_pulse_strict,unit_pulse_no_time,strict,041000040101,041000090510,25,True,
v01b_unit_pulse_strict,unit_pulse_no_time,strict,041000040101,041000090602,26,True,
v01b_unit_pulse_strict,unit_pulse_no_time,strict,041000040101,041000090603,27,True,
v01b_unit_pulse_strict,unit_pulse_no_time,strict,041000040101,041000090903,28,True,
v01b_unit_pulse_strict,unit_pulse_no_time,strict,041000040101,041000090904,29,True,
v01b_unit_pulse_strict,unit_pulse_no_time,strict,041000040102,041000040102,0,True,
v01b_unit_pulse_strict,unit_pulse_no_time,strict,041000040102,041000040103,1,False,041000040102
v01b_unit_pulse_strict,unit_pulse_no_time,strict,041000040102,041000040106,2,False,041000040102
v01b_unit_pulse_strict,unit_pulse_no_time,strict,041000040102,041000040205,3,False,041000040102
v01b_unit_pulse_strict,unit_pulse_no_time,strict,041000040102,041000040303,4,False,041000040102
v01b_unit_pulse_strict,unit_pulse_no_time,strict,041000040102,041000040305,5,False,041000040102
v01b_unit_pulse_strict,unit_pulse_no_time,strict,041000040102,041000040408,6,False,041000040102
v01b_unit_pulse_strict,unit_pulse_no_time,strict,041000040102,041000040502,7,False,041000040102
v01b_unit_pulse_strict,unit_pulse_no_time,strict,041000040102,041000040504,8,False,041000040102
v01b_unit_pulse_strict,unit_pulse_no_time,strict,041000040102,041000040602,9,False,041000040102
v01b_unit_pulse_strict,unit_pulse_no_time,strict,041000040102,041000040604,10,False,041000040102
v01b_unit_pulse_strict,unit_pulse_no_time,strict,041000040102,041000040606,11,False,041000040102
v01b_unit_pulse_strict,unit_pulse_no_time,strict,041000040102,041000050102,12,False,041000040102
v01b_unit_pulse_strict,unit_pulse_no_time,strict,041000040102,041000050103,13,False,041000040102
v01b_unit_pulse_strict,unit_pulse_no_time,strict,041000040102,041000050105,14,False,041000040102
v01b_unit_pulse_strict,unit_pulse_no_time,strict,041000040102,041000050106,15,False,041000040102
v01b_unit_pulse_strict,unit_pulse_no_time,strict,041000040102,041000050202,16,False,041000040102
v01b_unit_pulse_strict,unit_pulse_no_time,strict,041000040102,041000050205,17,False,041000040102
v01b_unit_pulse_strict,unit_pulse_no_time,strict,041000040102,041000050207,18,False,041000040102
v01b_unit_pulse_strict,unit_pulse_no_time,strict,041000040102,041000050208,19,False,041000040102
v01b_unit_pulse_strict,unit_pulse_no_time,strict,041000040102,041000090201,20,False,041000040102
v01b_unit_pulse_strict,unit_pulse_no_time,strict,041000040102,041000090203,21,False,041000040102
v01b_unit_pulse_strict,unit_pulse_no_time,strict,041000040102,041000090206,22,False,041000040102
v01b_unit_pulse_strict,unit_pulse_no_time,strict,041000040102,041000090207,23,False,041000040102
v01b_unit_pulse_strict,unit_pulse_no_time,strict,041000040102,041000090403,24,False,041000040102
v01b_unit_pulse_strict,unit_pulse_no_time,strict,041000040102,041000090510,25,False,041000040102
v01b_unit_pulse_strict,unit_pulse_no_time,strict,041000040102,041000090602,26,False,041000040102
v01b_unit_pulse_strict,unit_pulse_no_time,strict,041000040102,041000090603,27,False,041000040102
v01b_unit_pulse_strict,unit_pulse_no_time,strict,041000040102,041000090903,28,False,041000040102
v01b_unit_pulse_strict,unit_pulse_no_time,strict,041000040102,041000090904,29,False,041000040102
v01b_unit_pulse_strict,unit_pulse_no_time,strict,041000040103,041000040103,0,True,
v01b_unit_pulse_strict,unit_pulse_no_time,strict,041000040103,041000040106,1,True,
v01b_unit_pulse_strict,unit_pulse_no_time,strict,041000040103,041000040205,2,True,
v01b_unit_pulse_strict,unit_pulse_no_time,strict,041000040103,041000040303,3,True,
v01b_unit_pulse_strict,unit_pulse_no_time,strict,041000040103,041000040305,4,True,
v01b_unit_pulse_strict,unit_pulse_no_time,strict,041000040103,041000040408,5,True,
v01b_unit_pulse_strict,unit_pulse_no_time,strict,041000040103,041000040502,6,True,
v01b_unit_pulse_strict,unit_pulse_no_time,strict,041000040103,041000040504,7,True,
v01b_unit_pulse_strict,unit_pulse_no_time,strict,041000040103,041000040602,8,True,
v01b_unit_pulse_strict,unit_pulse_no_time,strict,041000040103,041000040604,9,True,
v01b_unit_pulse_strict,unit_pulse_no_time,strict,041000040103,041000040606,10,True,
v01b_unit_pulse_strict,unit_pulse_no_time,strict,041000040103,041000050102,11,True,
v01b_unit_pulse_strict,unit_pulse_no_time,strict,041000040103,041000050103,12,True,
v01b_unit_pulse_strict,unit_pulse_no_time,strict,041000040103,041000050105,13,True,
v01b_unit_pulse_strict,unit_pulse_no_time,strict,041000040103,041000050106,14,True,
v01b_unit_pulse_strict,unit_pulse_no_time,strict,041000040103,041000050202,15,True,
v01b_unit_pulse_strict,unit_pulse_no_time,strict,041000040103,041000050205,16,True,
v01b_unit_pulse_strict,unit_pulse_no_time,strict,041000040103,041000050207,17,True,
v01b_unit_pulse_strict,unit_pulse_no_time,strict,041000040103,041000050208,18,True,
v01b_unit_pulse_strict,unit_pulse_no_time,strict,041000040103,041000090201,19,True,
v01b_unit_pulse_strict,unit_pulse_no_time,strict,041000040103,041000090203,20,True,
v01b_unit_pulse_strict,unit_pulse_no_time,strict,041000040103,041000090206,21,True,
v01b_unit_pulse_strict,unit_pulse_no_time,strict,041000040103,041000090207,22,True,
v01b_unit_pulse_strict,unit_pulse_no_time,strict,041000040103,041000090403,23,True,
v01b_unit_pulse_strict,unit_pulse_no_time,strict,041000040103,041000090510,24,True,
v01b_unit_pulse_strict,unit_pulse_no_time,strict,041000040103,041000090602,25,True,
v01b_unit_pulse_strict,unit_pulse_no_time,strict,041000040103,041000090603,26,True,
v01b_unit_pulse_strict,unit_pulse_no_time,strict,041000040103,041000090903,27,True,
v01b_unit_pulse_strict,unit_pulse_no_time,strict,041000040103,041000090904,28,True,
v01b_unit_pulse_strict,unit_pulse_no_time,strict,041000040104,041000040104,0,True,
v01b_unit_pulse_strict,unit_pulse_no_time,strict,041000040104,041000040106,1,True,
v01b_unit_pulse_strict,unit_pulse_no_time,strict,041000040104,041000040205,2,True,
v01b_unit_pulse_strict,unit_pulse_no_time,strict,041000040104,041000040303,3,True,
v01b_unit_pulse_strict,unit_pulse_no_time,strict,041000040104,041000040305,4,True,
v01b_unit_pulse_strict,unit_pulse_no_time,strict,041000040104,041000040408,5,True,
v01b_unit_pulse_strict,unit_pulse_no_time,strict,041000040104,041000040502,6,True,
v01b_unit_pulse_strict,unit_pulse_no_time,strict,041000040104,041000040504,7,True,
v01b_unit_pulse_strict,unit_pulse_no_time,strict,041000040104,041000040602,8,True,
v01b_unit_pulse_strict,unit_pulse_no_time,strict,041000040104,041000040604,9,True,
v01b_unit_pulse_strict,unit_pulse_no_time,strict,041000040104,041000040606,10,True,
v01b_unit_pulse_strict,unit_pulse_no_time,strict,041000040104,041000050102,11,True,
v01b_unit_pulse_strict,unit_pulse_no_time,strict,041000040104,041000050103,12,True,
v01b_unit_pulse_strict,unit_pulse_no_time,strict,041000040104,041000050105,13,True,
v01b_unit_pulse_strict,unit_pulse_no_time,strict,041000040104,041000050106,14,True,
v01b_unit_pulse_strict,unit_pulse_no_time,strict,041000040104,041000050202,15,True,
v01b_unit_pulse_strict,unit_pulse_no_time,strict,041000040104,041000050205,16,True,
v01b_unit_pulse_strict,unit_pulse_no_time,strict,041000040104,041000050207,17,True,
v01b_unit_pulse_strict,unit_pulse_no_time,strict,041000040104,041000050208,18,True,
v01b_unit_pulse_strict,unit_pulse_no_time,strict,041000040104,041000090201,19,True,
v01b_unit_pulse_strict,unit_pulse_no_time,strict,041000040104,041000090203,20,True,
v01b_unit_pulse_strict,unit_pulse_no_time,strict,041000040104,041000090206,21,True,
v01b_unit_pulse_strict,unit_pulse_no_time,strict,041000040104,041000090207,22,True,
v01b_unit_pulse_strict,unit_pulse_no_time,strict,041000040104,041000090403,23,True,
v01b_unit_pulse_strict,unit_pulse_no_time,strict,041000040104,041000090510,24,True,
v01b_unit_pulse_strict,unit_pulse_no_time,strict,041000040104,041000090602,25,True,
v01b_unit_pulse_strict,unit_pulse_no_time,strict,041000040104,041000090603,26,True,
v01b_unit_pulse_strict,unit_pulse_no_time,strict,041000040104,041000090903,27,True,
v01b_unit_pulse_strict,unit_pulse_no_time,strict,041000040104,041000090904,28,True,
v01b_unit_pulse_strict,unit_pulse_no_time,strict,041000040105,041000040105,0,True,
v01b_unit_pulse_strict,unit_pulse_no_time,strict,041000040105,041000040106,1,True,
v01b_unit_pulse_strict,unit_pulse_no_time,strict,041000040105,041000040205,2,True,
v01b_unit_pulse_strict,unit_pulse_no_time,strict,041000040105,041000040303,3,True,
v01b_unit_pulse_strict,unit_pulse_no_time,strict,041000040105,041000040305,4,True,
v01b_unit_pulse_strict,unit_pulse_no_time,strict,041000040105,041000040408,5,True,
v01b_unit_pulse_strict,unit_pulse_no_time,strict,041000040105,041000040502,6,True,
v01b_unit_pulse_strict,unit_pulse_no_time,strict,041000040105,041000040504,7,True,
v01b_unit_pulse_strict,unit_pulse_no_time,strict,041000040105,041000040602,8,True,
v01b_unit_pulse_strict,unit_pulse_no_time,strict,041000040105,041000040604,9,True,
v01b_unit_pulse_strict,unit_pulse_no_time,strict,041000040105,041000040606,10,True,
v01b_unit_pulse_strict,unit_pulse_no_time,strict,041000040105,041000050102,11,True,
v01b_unit_pulse_strict,unit_pulse_no_time,strict,041000040105,041000050103,12,True,
v01b_unit_pulse_strict,unit_pulse_no_time,strict,041000040105,041000050105,13,True,
v01b_unit_pulse_strict,unit_pulse_no_time,strict,041000040105,041000050106,14,True,
v01b_unit_pulse_strict,unit_pulse_no_time,strict,041000040105,041000050202,15,True,
v01b_unit_pulse_strict,unit_pulse_no_time,strict,041000040105,041000050205,16,True,
v01b_unit_pulse_strict,unit_pulse_no_time,strict,041000040105,041000050207,17,True,
v01b_unit_pulse_strict,unit_pulse_no_time,strict,041000040105,041000050208,18,True,
v01b_unit_pulse_strict,unit_pulse_no_time,strict,041000040105,041000090201,19,True,
v01b_unit_pulse_strict,unit_pulse_no_time,strict,041000040105,041000090203,20,True,
v01b_unit_pulse_strict,unit_pulse_no_time,strict,041000040105,041000090206,21,True,
v01b_unit_pulse_strict,unit_pulse_no_time,strict,041000040105,041000090207,22,True,
v01b_unit_pulse_strict,unit_pulse_no_time,strict,041000040105,041000090403,23,True,
v01b_unit_pulse_strict,unit_pulse_no_time,strict,041000040105,041000090510,24,True,
v01b_unit_pulse_strict,unit_pulse_no_time,strict,041000040105,041000090602,25,True,
v01b_unit_pulse_strict,unit_pulse_no_time,strict,041000040105,041000090603,26,True,
v01b_unit_pulse_strict,unit_pulse_no_time,strict,041000040105,041000090903,27,True,
v01b_unit_pulse_strict,unit_pulse_no_time,strict,041000040105,041000090904,28,True,
v01b_unit_pulse_strict,unit_pulse_no_time,strict,041000040106,041000040106,0,True,
v01b_unit_pulse_strict,unit_pulse_no_time,strict,041000040106,041000040205,1,True,
v01b_unit_pulse_strict,unit_pulse_no_time,strict,041000040106,041000040303,2,True,
v01b_unit_pulse_strict,unit_pulse_no_time,strict,041000040106,041000040305,3,True,
v01b_unit_pulse_strict,unit_pulse_no_time,strict,041000040106,041000040408,4,True,
v01b_unit_pulse_strict,unit_pulse_no_time,strict,041000040106,041000040502,5,True,
v01b_unit_pulse_strict,unit_pulse_no_time,strict,041000040106,041000040504,6,True,
v01b_unit_pulse_strict,unit_pulse_no_time,strict,041000040106,041000040602,7,True,
v01b_unit_pulse_strict,unit_pulse_no_time,strict,041000040106,041000040604,8,True,
v01b_unit_pulse_strict,unit_pulse_no_time,strict,041000040106,041000040606,9,True,
v01b_unit_pulse_strict,unit_pulse_no_time,strict,041000040106,041000050102,10,True,
v01b_unit_pulse_strict,unit_pulse_no_time,strict,041000040106,041000050103,11,True,
v01b_unit_pulse_strict,unit_pulse_no_time,strict,041000040106,041000050105,12,True,
v01b_unit_pulse_strict,unit_pulse_no_time,strict,041000040106,041000050106,13,True,
v01b_unit_pulse_strict,unit_pulse_no_time,strict,041000040106,041000050202,14,True,
v01b_unit_pulse_strict,unit_pulse_no_time,strict,041000040106,041000050205,15,True,
v01b_unit_pulse_strict,unit_pulse_no_time,strict,041000040106,041000050207,16,True,
v01b_unit_pulse_strict,unit_pulse_no_time,strict,041000040106,041000050208,17,True,
v01b_unit_pulse_strict,unit_pulse_no_time,strict,041000040106,041000090201,18,True,
v01b_unit_pulse_strict,unit_pulse_no_time,strict,041000040106,041000090203,19,True,
v01b_unit_pulse_strict,unit_pulse_no_time,strict,041000040106,041000090206,20,True,
v01b_unit_pulse_strict,unit_pulse_no_time,strict,041000040106,041000090207,21,True,
v01b_unit_pulse_strict,unit_pulse_no_time,strict,041000040106,041000090403,22,True,
v01b_unit_pulse_strict,unit_pulse_no_time,strict,041000040106,041000090510,23,True,
v01b_unit_pulse_strict,unit_pulse_no_time,strict,041000040106,041000090602,24,True,
v01b_unit_pulse_strict,unit_pulse_no_time,strict,041000040106,041000090603,25,True,
v01b_unit_pulse_strict,unit_pulse_no_time,strict,041000040106,041000090903,26,True,
v01b_unit_pulse_strict,unit_pulse_no_time,strict,041000040106,041000090904,27,True,
v01b_unit_pulse_strict,unit_pulse_no_time,strict,041000040201,041000040201,0,True,
v01b_unit_pulse_strict,unit_pulse_no_time,strict,041000040201,041000040205,1,True,
v01b_unit_pulse_strict,unit_pulse_no_time,strict,041000040201,041000040303,2,True,
v01b_unit_pulse_strict,unit_pulse_no_time,strict,041000040201,041000040305,3,True,
v01b_unit_pulse_strict,unit_pulse_no_time,strict,041000040201,041000040408,4,True,
v01b_unit_pulse_strict,unit_pulse_no_time,strict,041000040201,041000040502,5,True,
v01b_unit_pulse_strict,unit_pulse_no_time,strict,041000040201,041000040504,6,True,
v01b_unit_pulse_strict,unit_pulse_no_time,strict,041000040201,041000040602,7,True,
v01b_unit_pulse_strict,unit_pulse_no_time,strict,041000040201,041000040604,8,True,
v01b_unit_pulse_strict,unit_pulse_no_time,strict,041000040201,041000040606,9,True,
v01b_unit_pulse_strict,unit_pulse_no_time,strict,041000040201,041000050102,10,True,
v01b_unit_pulse_strict,unit_pulse_no_time,strict,041000040201,041000050103,11,True,
v01b_unit_pulse_strict,unit_pulse_no_time,strict,041000040201,041000050105,12,True,
v01b_unit_pulse_strict,unit_pulse_no_time,strict,041000040201,041000050106,13,True,
v01b_unit_pulse_strict,unit_pulse_no_time,strict,041000040201,041000050202,14,True,
v01b_unit_pulse_strict,unit_pulse_no_time,strict,041000040201,041000050205,15,True,
v01b_unit_pulse_strict,unit_pulse_no_time,strict,041000040201,041000050207,16,True,
v01b_unit_pulse_strict,unit_pulse_no_time,strict,041000040201,041000050208,17,True,
v01b_unit_pulse_strict,unit_pulse_no_time,strict,041000040201,041000090201,18,True,
v01b_unit_pulse_strict,unit_pulse_no_time,strict,041000040201,041000090203,19,True,
v01b_unit_pulse_strict,unit_pulse_no_time,strict,041000040201,041000090206,20,True,
v01b_unit_pulse_strict,unit_pulse_no_time,strict,041000040201,041000090207,21,True,
v01b_unit_pulse_strict,unit_pulse_no_time,strict,041000040201,041000090403,22,True,
v01b_unit_pulse_strict,unit_pulse_no_time,strict,041000040201,041000090510,23,True,
v01b_unit_pulse_strict,unit_pulse_no_time,strict,041000040201,041000090602,24,True,
v01b_unit_pulse_strict,unit_pulse_no_time,strict,041000040201,041000090603,25,True,
v01b_unit_pulse_strict,unit_pulse_no_time,strict,041000040201,041000090903,26,True,
v01b_unit_pulse_strict,unit_pulse_no_time,strict,041000040201,041000090904,27,True,
v01b_unit_pulse_strict,unit_pulse_no_time,strict,041000040202,041000040202,0,True,
v01b_unit_pulse_strict,unit_pulse_no_time,strict,041000040202,041000040205,1,True,
v01b_unit_pulse_strict,unit_pulse_no_time,strict,041000040202,041000040303,2,True,
v01b_unit_pulse_strict,unit_pulse_no_time,strict,041000040202,041000040305,3,True,
v01b_unit_pulse_strict,unit_pulse_no_time,strict,041000040202,041000040408,4,True,
v01b_unit_pulse_strict,unit_pulse_no_time,strict,041000040202,041000040502,5,True,
v01b_unit_pulse_strict,unit_pulse_no_time,strict,041000040202,041000040504,6,True,
v01b_unit_pulse_strict,unit_pulse_no_time,strict,041000040202,041000040602,7,True,
v01b_unit_pulse_strict,unit_pulse_no_time,strict,041000040202,041000040604,8,True,
v01b_unit_pulse_strict,unit_pulse_no_time,strict,041000040202,041000040606,9,True,
v01b_unit_pulse_strict,unit_pulse_no_time,strict,041000040202,041000050102,10,True,
v01b_unit_pulse_strict,unit_pulse_no_time,strict,041000040202,041000050103,11,True,
v01b_unit_pulse_strict,unit_pulse_no_time,strict,041000040202,041000050105,12,True,
v01b_unit_pulse_strict,unit_pulse_no_time,strict,041000040202,041000050106,13,True,
v01b_unit_pulse_strict,unit_pulse_no_time,strict,041000040202,041000050202,14,True,
v01b_unit_pulse_strict,unit_pulse_no_time,strict,041000040202,041000050205,15,True,
v01b_unit_pulse_strict,unit_pulse_no_time,strict,041000040202,041000050207,16,True,
v01b_unit_pulse_strict,unit_pulse_no_time,strict,041000040202,041000050208,17,True,
v01b_unit_pulse_strict,unit_pulse_no_time,strict,041000040202,041000090201,18,True,
v01b_unit_pulse_strict,unit_pulse_no_time,strict,041000040202,041000090203,19,True,
v01b_unit_pulse_strict,unit_pulse_no_time,strict,041000040202,041000090206,20,True,
v01b_unit_pulse_strict,unit_pulse_no_time,strict,041000040202,041000090207,21,True,
v01b_unit_pulse_strict,unit_pulse_no_time,strict,041000040202,041000090403,22,True,
v01b_unit_pulse_strict,unit_pulse_no_time,strict,041000040202,041000090510,23,True,
v01b_unit_pulse_strict,unit_pulse_no_time,strict,041000040202,041000090602,24,True,
v01b_unit_pulse_strict,unit_pulse_no_time,strict,041000040202,041000090603,25,True,
v01b_unit_pulse_strict,unit_pulse_no_time,strict,041000040202,041000090903,26,True,
v01b_unit_pulse_strict,unit_pulse_no_time,strict,041000040202,041000090904,27,True,
v01b_unit_pulse_strict,unit_pulse_no_time,strict,041000040203,041000040203,0,True,
v01b_unit_pulse_strict,unit_pulse_no_time,strict,041000040203,041000040204,1,True,
v01b_unit_pulse_strict,unit_pulse_no_time,strict,041000040203,041000040205,2,True,
v01b_unit_pulse_strict,unit_pulse_no_time,strict,041000040203,041000040303,3,True,
v01b_unit_pulse_strict,unit_pulse_no_time,strict,041000040203,041000040305,4,True,
v01b_unit_pulse_strict,unit_pulse_no_time,strict,041000040203,041000040408,5,True,
v01b_unit_pulse_strict,unit_pulse_no_time,strict,041000040203,041000040502,6,True,
v01b_unit_pulse_strict,unit_pulse_no_time,strict,041000040203,041000040504,7,True,
v01b_unit_pulse_strict,unit_pulse_no_time,strict,041000040203,041000040602,8,True,
v01b_unit_pulse_strict,unit_pulse_no_time,strict,041000040203,041000040604,9,True,
v01b_unit_pulse_strict,unit_pulse_no_time,strict,041000040203,041000040606,10,True,
v01b_unit_pulse_strict,unit_pulse_no_time,strict,041000040203,041000050102,11,True,
v01b_unit_pulse_strict,unit_pulse_no_time,strict,041000040203,041000050103,12,True,
v01b_unit_pulse_strict,unit_pulse_no_time,strict,041000040203,041000050105,13,True,
v01b_unit_pulse_strict,unit_pulse_no_time,strict,041000040203,041000050106,14,True,
v01b_unit_pulse_strict,unit_pulse_no_time,strict,041000040203,041000050202,15,True,
v01b_unit_pulse_strict,unit_pulse_no_time,strict,041000040203,041000050205,16,True,
v01b_unit_pulse_strict,unit_pulse_no_time,strict,041000040203,041000050207,17,True,
v01b_unit_pulse_strict,unit_pulse_no_time,strict,041000040203,041000050208,18,True,
v01b_unit_pulse_strict,unit_pulse_no_time,strict,041000040203,041000090201,19,True,
v01b_unit_pulse_strict,unit_pulse_no_time,strict,041000040203,041000090203,20,True,
v01b_unit_pulse_strict,unit_pulse_no_time,strict,041000040203,041000090206,21,True,
v01b_unit_pulse_strict,unit_pulse_no_time,strict,041000040203,041000090207,22,True,
v01b_unit_pulse_strict,unit_pulse_no_time,strict,041000040203,041000090403,23,True,
v01b_unit_pulse_strict,unit_pulse_no_time,strict,041000040203,041000090510,24,True,
v01b_unit_pulse_strict,unit_pulse_no_time,strict,041000040203,041000090602,25,True,
v01b_unit_pulse_strict,unit_pulse_no_time,strict,041000040203,041000090603,26,True,
v01b_unit_pulse_strict,unit_pulse_no_time,strict,041000040203,041000090903,27,True,
v01b_unit_pulse_strict,unit_pulse_no_time,strict,041000040203,041000090904,28,True,
v01b_unit_pulse_strict,unit_pulse_no_time,strict,041000040204,041000040204,0,True,
v01b_unit_pulse_strict,unit_pulse_no_time,strict,041000040204,041000040205,1,True,
v01b_unit_pulse_strict,unit_pulse_no_time,strict,041000040204,041000040303,2,True,
v01b_unit_pulse_strict,unit_pulse_no_time,strict,041000040204,041000040305,3,True,
v01b_unit_pulse_strict,unit_pulse_no_time,strict,041000040204,041000040408,4,True,
v01b_unit_pulse_strict,unit_pulse_no_time,strict,041000040204,041000040502,5,True,
v01b_unit_pulse_strict,unit_pulse_no_time,strict,041000040204,041000040504,6,True,
v01b_unit_pulse_strict,unit_pulse_no_time,strict,041000040204,041000040602,7,True,
v01b_unit_pulse_strict,unit_pulse_no_time,strict,041000040204,041000040604,8,True,
v01b_unit_pulse_strict,unit_pulse_no_time,strict,041000040204,041000040606,9,True,
v01b_unit_pulse_strict,unit_pulse_no_time,strict,041000040204,041000050102,10,True,
v01b_unit_pulse_strict,unit_pulse_no_time,strict,041000040204,041000050103,11,True,
v01b_unit_pulse_strict,unit_pulse_no_time,strict,041000040204,041000050105,12,True,
v01b_unit_pulse_strict,unit_pulse_no_time,strict,041000040204,041000050106,13,True,
v01b_unit_pulse_strict,unit_pulse_no_time,strict,041000040204,041000050202,14,True,
v01b_unit_pulse_strict,unit_pulse_no_time,strict,041000040204,041000050205,15,True,
v01b_unit_pulse_strict,unit_pulse_no_time,strict,041000040204,041000050207,16,True,
v01b_unit_pulse_strict,unit_pulse_no_time,strict,041000040204,041000050208,17,True,
v01b_unit_pulse_strict,unit_pulse_no_time,strict,041000040204,041000090201,18,True,
v01b_unit_pulse_strict,unit_pulse_no_time,strict,041000040204,041000090203,19,True,
v01b_unit_pulse_strict,unit_pulse_no_time,strict,041000040204,041000090206,20,True,
v01b_unit_pulse_strict,unit_pulse_no_time,strict,041000040204,041000090207,21,True,
v01b_unit_pulse_strict,unit_pulse_no_time,strict,041000040204,041000090403,22,True,
v01b_unit_pulse_strict,unit_pulse_no_time,strict,041000040204,041000090510,23,True,
v01b_unit_pulse_strict,unit_pulse_no_time,strict,041000040204,041000090602,24,True,
v01b_unit_pulse_strict,unit_pulse_no_time,strict,041000040204,041000090603,25,True,
v01b_unit_pulse_strict,unit_pulse_no_time,strict,041000040204,041000090903,26,True,
v01b_unit_pulse_strict,unit_pulse_no_time,strict,041000040204,041000090904,27,True,
v01b_unit_pulse_strict,unit_pulse_no_time,strict,041000040205,041000040205,0,True,
v01b_unit_pulse_strict,unit_pulse_no_time,strict,041000040205,041000040303,1,True,
v01b_unit_pulse_strict,unit_pulse_no_time,strict,041000040205,041000040305,2,True,
v01b_unit_pulse_strict,unit_pulse_no_time,strict,041000040205,041000040408,3,True,
v01b_unit_pulse_strict,unit_pulse_no_time,strict,041000040205,041000040502,4,True,
v01b_unit_pulse_strict,unit_pulse_no_time,strict,041000040205,041000040504,5,True,
v01b_unit_pulse_strict,unit_pulse_no_time,strict,041000040205,041000040602,6,True,
v01b_unit_pulse_strict,unit_pulse_no_time,strict,041000040205,041000040604,7,True,
v01b_unit_pulse_strict,unit_pulse_no_time,strict,041000040205,041000040606,8,True,
v01b_unit_pulse_strict,unit_pulse_no_time,strict,041000040205,041000050102,9,True,
v01b_unit_pulse_strict,unit_pulse_no_time,strict,041000040205,041000050103,10,True,
v01b_unit_pulse_strict,unit_pulse_no_time,strict,041000040205,041000050105,11,True,
v01b_unit_pulse_strict,unit_pulse_no_time,strict,041000040205,041000050106,12,True,
v01b_unit_pulse_strict,unit_pulse_no_time,strict,041000040205,041000050202,13,True,
v01b_unit_pulse_strict,unit_pulse_no_time,strict,041000040205,041000050205,14,True,
v01b_unit_pulse_strict,unit_pulse_no_time,strict,041000040205,041000050207,15,True,
v01b_unit_pulse_strict,unit_pulse_no_time,strict,041000040205,041000050208,16,True,
v01b_unit_pulse_strict,unit_pulse_no_time,strict,041000040205,041000090201,17,True,
v01b_unit_pulse_strict,unit_pulse_no_time,strict,041000040205,041000090203,18,True,
v01b_unit_pulse_strict,unit_pulse_no_time,strict,041000040205,041000090206,19,True,
v01b_unit_pulse_strict,unit_pulse_no_time,strict,041000040205,041000090207,20,True,
v01b_unit_pulse_strict,unit_pulse_no_time,strict,041000040205,041000090403,21,True,
v01b_unit_pulse_strict,unit_pulse_no_time,strict,041000040205,041000090510,22,True,
v01b_unit_pulse_strict,unit_pulse_no_time,strict,041000040205,041000090602,23,True,
v01b_unit_pulse_strict,unit_pulse_no_time,strict,041000040205,041000090603,24,True,
v01b_unit_pulse_strict,unit_pulse_no_time,strict,041000040205,041000090903,25,True,
v01b_unit_pulse_strict,unit_pulse_no_time,strict,041000040205,041000090904,26,True,
v01b_unit_pulse_strict,unit_pulse_no_time,strict,041000040301,041000040301,0,True,
v01b_unit_pulse_strict,unit_pulse_no_time,strict,041000040301,041000040302,1,True,
v01b_unit_pulse_strict,unit_pulse_no_time,strict,041000040301,041000040303,2,True,
v01b_unit_pulse_strict,unit_pulse_no_time,strict,041000040301,041000040305,3,True,
v01b_unit_pulse_strict,unit_pulse_no_time,strict,041000040301,041000040408,4,True,
v01b_unit_pulse_strict,unit_pulse_no_time,strict,041000040301,041000040502,5,True,
v01b_unit_pulse_strict,unit_pulse_no_time,strict,041000040301,041000040504,6,True,
v01b_unit_pulse_strict,unit_pulse_no_time,strict,041000040301,041000040602,7,True,
v01b_unit_pulse_strict,unit_pulse_no_time,strict,041000040301,041000040604,8,True,
v01b_unit_pulse_strict,unit_pulse_no_time,strict,041000040301,041000040606,9,True,
v01b_unit_pulse_strict,unit_pulse_no_time,strict,041000040301,041000050102,10,True,
v01b_unit_pulse_strict,unit_pulse_no_time,strict,041000040301,041000050103,11,True,
v01b_unit_pulse_strict,unit_pulse_no_time,strict,041000040301,041000050105,12,True,
v01b_unit_pulse_strict,unit_pulse_no_time,strict,041000040301,041000050106,13,True,
v01b_unit_pulse_strict,unit_pulse_no_time,strict,041000040301,041000050202,14,True,
v01b_unit_pulse_strict,unit_pulse_no_time,strict,041000040301,041000050205,15,True,
v01b_unit_pulse_strict,unit_pulse_no_time,strict,041000040301,041000050207,16,True,
v01b_unit_pulse_strict,unit_pulse_no_time,strict,041000040301,041000050208,17,True,
v01b_unit_pulse_strict,unit_pulse_no_time,strict,041000040301,041000090201,18,True,
v01b_unit_pulse_strict,unit_pulse_no_time,strict,041000040301,041000090203,19,True,
v01b_unit_pulse_strict,unit_pulse_no_time,strict,041000040301,041000090206,20,True,
v01b_unit_pulse_strict,unit_pulse_no_time,strict,041000040301,041000090207,21,True,
v01b_unit_pulse_strict,unit_pulse_no_time,strict,041000040301,041000090403,22,True,
v01b_unit_pulse_strict,unit_pulse_no_time,strict,041000040301,041000090510,23,True,
v01b_unit_pulse_strict,unit_pulse_no_time,strict,041000040301,041000090602,24,True,
v01b_unit_pulse_strict,unit_pulse_no_time,strict,041000040301,041000090603,25,True,
v01b_unit_pulse_strict,unit_pulse_no_time,strict,041000040301,041000090903,26,True,
v01b_unit_pulse_strict,unit_pulse_no_time,strict,041000040301,041000090904,27,True,
v01b_unit_pulse_strict,unit_pulse_no_time,strict,041000040302,041000040302,0,True,
v01b_unit_pulse_strict,unit_pulse_no_time,strict,041000040302,041000040303,1,True,
v01b_unit_pulse_strict,unit_pulse_no_time,strict,041000040302,041000040305,2,True,
v01b_unit_pulse_strict,unit_pulse_no_time,strict,041000040302,041000040408,3,True,
v01b_unit_pulse_strict,unit_pulse_no_time,strict,041000040302,041000040502,4,True,
v01b_unit_pulse_strict,unit_pulse_no_time,strict,041000040302,041000040504,5,True,
v01b_unit_pulse_strict,unit_pulse_no_time,strict,041000040302,041000040602,6,True,
v01b_unit_pulse_strict,unit_pulse_no_time,strict,041000040302,041000040604,7,True,
v01b_unit_pulse_strict,unit_pulse_no_time,strict,041000040302,041000040606,8,True,
v01b_unit_pulse_strict,unit_pulse_no_time,strict,041000040302,041000050102,9,True,
v01b_unit_pulse_strict,unit_pulse_no_time,strict,041000040302,041000050103,10,True,
v01b_unit_pulse_strict,unit_pulse_no_time,strict,041000040302,041000050105,11,True,
v01b_unit_pulse_strict,unit_pulse_no_time,strict,041000040302,041000050106,12,True,
v01b_unit_pulse_strict,unit_pulse_no_time,strict,041000040302,041000050202,13,True,
v01b_unit_pulse_strict,unit_pulse_no_time,strict,041000040302,041000050205,14,True,
v01b_unit_pulse_strict,unit_pulse_no_time,strict,041000040302,041000050207,15,True,
v01b_unit_pulse_strict,unit_pulse_no_time,strict,041000040302,041000050208,16,True,
v01b_unit_pulse_strict,unit_pulse_no_time,strict,041000040302,041000090201,17,True,
v01b_unit_pulse_strict,unit_pulse_no_time,strict,041000040302,041000090203,18,True,
v01b_unit_pulse_strict,unit_pulse_no_time,strict,041000040302,041000090206,19,True,
v01b_unit_pulse_strict,unit_pulse_no_time,strict,041000040302,041000090207,20,True,
v01b_unit_pulse_strict,unit_pulse_no_time,strict,041000040302,041000090403,21,True,
v01b_unit_pulse_strict,unit_pulse_no_time,strict,041000040302,041000090510,22,True,
v01b_unit_pulse_strict,unit_pulse_no_time,strict,041000040302,041000090602,23,True,
v01b_unit_pulse_strict,unit_pulse_no_time,strict,041000040302,041000090603,24,True,
v01b_unit_pulse_strict,unit_pulse_no_time,strict,041000040302,041000090903,25,True,
v01b_unit_pulse_strict,unit_pulse_no_time,strict,041000040302,041000090904,26,True,
v01b_unit_pulse_strict,unit_pulse_no_time,strict,041000040303,041000040303,0,True,
v01b_unit_pulse_strict,unit_pulse_no_time,strict,041000040303,041000040305,1,True,
v01b_unit_pulse_strict,unit_pulse_no_time,strict,041000040303,041000040408,2,True,
v01b_unit_pulse_strict,unit_pulse_no_time,strict,041000040303,041000040502,3,True,
v01b_unit_pulse_strict,unit_pulse_no_time,strict,041000040303,041000040504,4,True,
v01b_unit_pulse_strict,unit_pulse_no_time,strict,041000040303,041000040602,5,True,
v01b_unit_pulse_strict,unit_pulse_no_time,strict,041000040303,041000040604,6,True,
v01b_unit_pulse_strict,unit_pulse_no_time,strict,041000040303,041000040606,7,True,
v01b_unit_pulse_strict,unit_pulse_no_time,strict,041000040303,041000050102,8,True,
v01b_unit_pulse_strict,unit_pulse_no_time,strict,041000040303,041000050103,9,True,
v01b_unit_pulse_strict,unit_pulse_no_time,strict,041000040303,041000050105,10,True,
v01b_unit_pulse_strict,unit_pulse_no_time,strict,041000040303,041000050106,11,True,
v01b_unit_pulse_strict,unit_pulse_no_time,strict,041000040303,041000050202,12,True,
v01b_unit_pulse_strict,unit_pulse_no_time,strict,041000040303,041000050205,13,True,
v01b_unit_pulse_strict,unit_pulse_no_time,strict,041000040303,041000050207,14,True,
v01b_unit_pulse_strict,unit_pulse_no_time,strict,041000040303,041000050208,15,True,
v01b_unit_pulse_strict,unit_pulse_no_time,strict,041000040303,041000090201,16,True,
v01b_unit_pulse_strict,unit_pulse_no_time,strict,041000040303,041000090203,17,True,
v01b_unit_pulse_strict,unit_pulse_no_time,strict,041000040303,041000090206,18,True,
v01b_unit_pulse_strict,unit_pulse_no_time,strict,041000040303,041000090207,19,True,
v01b_unit_pulse_strict,unit_pulse_no_time,strict,041000040303,041000090403,20,True,
v01b_unit_pulse_strict,unit_pulse_no_time,strict,041000040303,041000090510,21,True,
v01b_unit_pulse_strict,unit_pulse_no_time,strict,041000040303,041000090602,22,True,
v01b_unit_pulse_strict,unit_pulse_no_time,strict,041000040303,041000090603,23,True,
v01b_unit_pulse_strict,unit_pulse_no_time,strict,041000040303,041000090903,24,True,
v01b_unit_pulse_strict,unit_pulse_no_time,strict,041000040303,041000090904,25,True,
v01b_unit_pulse_strict,unit_pulse_no_time,strict,041000040304,041000040304,0,True,
v01b_unit_pulse_strict,unit_pulse_no_time,strict,041000040304,041000040305,1,True,
v01b_unit_pulse_strict,unit_pulse_no_time,strict,041000040304,041000040408,2,True,
v01b_unit_pulse_strict,unit_pulse_no_time,strict,041000040304,041000040502,3,True,
v01b_unit_pulse_strict,unit_pulse_no_time,strict,041000040304,041000040504,4,True,
v01b_unit_pulse_strict,unit_pulse_no_time,strict,041000040304,041000040602,5,True,
v01b_unit_pulse_strict,unit_pulse_no_time,strict,041000040304,041000040604,6,True,
v01b_unit_pulse_strict,unit_pulse_no_time,strict,041000040304,041000040606,7,True,
v01b_unit_pulse_strict,unit_pulse_no_time,strict,041000040304,041000050102,8,True,
v01b_unit_pulse_strict,unit_pulse_no_time,strict,041000040304,041000050103,9,True,
v01b_unit_pulse_strict,unit_pulse_no_time,strict,041000040304,041000050105,10,True,
v01b_unit_pulse_strict,unit_pulse_no_time,strict,041000040304,041000050106,11,True,
v01b_unit_pulse_strict,unit_pulse_no_time,strict,041000040304,041000050202,12,True,
v01b_unit_pulse_strict,unit_pulse_no_time,strict,041000040304,041000050205,13,True,
v01b_unit_pulse_strict,unit_pulse_no_time,strict,041000040304,041000050207,14,True,
v01b_unit_pulse_strict,unit_pulse_no_time,strict,041000040304,041000050208,15,True,
v01b_unit_pulse_strict,unit_pulse_no_time,strict,041000040304,041000090201,16,True,
v01b_unit_pulse_strict,unit_pulse_no_time,strict,041000040304,041000090203,17,True,
v01b_unit_pulse_strict,unit_pulse_no_time,strict,041000040304,041000090206,18,True,
v01b_unit_pulse_strict,unit_pulse_no_time,strict,041000040304,041000090207,19,True,
v01b_unit_pulse_strict,unit_pulse_no_time,strict,041000040304,041000090403,20,True,
v01b_unit_pulse_strict,unit_pulse_no_time,strict,041000040304,041000090510,21,True,
v01b_unit_pulse_strict,unit_pulse_no_time,strict,041000040304,041000090602,22,True,
v01b_unit_pulse_strict,unit_pulse_no_time,strict,041000040304,041000090603,23,True,
v01b_unit_pulse_strict,unit_pulse_no_time,strict,041000040304,041000090903,24,True,
v01b_unit_pulse_strict,unit_pulse_no_time,strict,041000040304,041000090904,25,True,
v01b_unit_pulse_strict,unit_pulse_no_time,strict,041000040305,041000040305,0,True,
v01b_unit_pulse_strict,unit_pulse_no_time,strict,041000040305,041000040408,1,True,
v01b_unit_pulse_strict,unit_pulse_no_time,strict,041000040305,041000040502,2,True,
v01b_unit_pulse_strict,unit_pulse_no_time,strict,041000040305,041000040504,3,True,
v01b_unit_pulse_strict,unit_pulse_no_time,strict,041000040305,041000040602,4,True,
v01b_unit_pulse_strict,unit_pulse_no_time,strict,041000040305,041000040604,5,True,
v01b_unit_pulse_strict,unit_pulse_no_time,strict,041000040305,041000040606,6,True,
v01b_unit_pulse_strict,unit_pulse_no_time,strict,041000040305,041000050102,7,True,
v01b_unit_pulse_strict,unit_pulse_no_time,strict,041000040305,041000050103,8,True,
v01b_unit_pulse_strict,unit_pulse_no_time,strict,041000040305,041000050105,9,True,
v01b_unit_pulse_strict,unit_pulse_no_time,strict,041000040305,041000050106,10,True,
v01b_unit_pulse_strict,unit_pulse_no_time,strict,041000040305,041000050202,11,True,
v01b_unit_pulse_strict,unit_pulse_no_time,strict,041000040305,041000050205,12,True,
v01b_unit_pulse_strict,unit_pulse_no_time,strict,041000040305,041000050207,13,True,
v01b_unit_pulse_strict,unit_pulse_no_time,strict,041000040305,041000050208,14,True,
v01b_unit_pulse_strict,unit_pulse_no_time,strict,041000040305,041000090201,15,True,
v01b_unit_pulse_strict,unit_pulse_no_time,strict,041000040305,041000090203,16,True,
v01b_unit_pulse_strict,unit_pulse_no_time,strict,041000040305,041000090206,17,True,
v01b_unit_pulse_strict,unit_pulse_no_time,strict,041000040305,041000090207,18,True,
v01b_unit_pulse_strict,unit_pulse_no_time,strict,041000040305,041000090403,19,True,
v01b_unit_pulse_strict,unit_pulse_no_time,strict,041000040305,041000090510,20,True,
v01b_unit_pulse_strict,unit_pulse_no_time,strict,041000040305,041000090602,21,True,
v01b_unit_pulse_strict,unit_pulse_no_time,strict,041000040305,041000090603,22,True,
v01b_unit_pulse_strict,unit_pulse_no_time,strict,041000040305,041000090903,23,True,
v01b_unit_pulse_strict,unit_pulse_no_time,strict,041000040305,041000090904,24,True,
v01b_unit_pulse_strict,unit_pulse_no_time,strict,041000040401,041000040401,0,True,
v01b_unit_pulse_strict,unit_pulse_no_time,strict,041000040401,041000040408,1,True,
v01b_unit_pulse_strict,unit_pulse_no_time,strict,041000040401,041000040502,2,True,
v01b_unit_pulse_strict,unit_pulse_no_time,strict,041000040401,041000040504,3,True,
v01b_unit_pulse_strict,unit_pulse_no_time,strict,041000040401,041000040602,4,True,
v01b_unit_pulse_strict,unit_pulse_no_time,strict,041000040401,041000040604,5,True,
v01b_unit_pulse_strict,unit_pulse_no_time,strict,041000040401,041000040606,6,True,
v01b_unit_pulse_strict,unit_pulse_no_time,strict,041000040401,041000050102,7,True,
v01b_unit_pulse_strict,unit_pulse_no_time,strict,041000040401,041000050103,8,True,
v01b_unit_pulse_strict,unit_pulse_no_time,strict,041000040401,041000050105,9,True,
v01b_unit_pulse_strict,unit_pulse_no_time,strict,041000040401,041000050106,10,True,
v01b_unit_pulse_strict,unit_pulse_no_time,strict,041000040401,041000050202,11,True,
v01b_unit_pulse_strict,unit_pulse_no_time,strict,041000040401,041000050205,12,True,
v01b_unit_pulse_strict,unit_pulse_no_time,strict,041000040401,041000050207,13,True,
v01b_unit_pulse_strict,unit_pulse_no_time,strict,041000040401,041000050208,14,True,
v01b_unit_pulse_strict,unit_pulse_no_time,strict,041000040401,041000090201,15,True,
v01b_unit_pulse_strict,unit_pulse_no_time,strict,041000040401,041000090203,16,True,
v01b_unit_pulse_strict,unit_pulse_no_time,strict,041000040401,041000090206,17,True,
v01b_unit_pulse_strict,unit_pulse_no_time,strict,041000040401,041000090207,18,True,
v01b_unit_pulse_strict,unit_pulse_no_time,strict,041000040401,041000090403,19,True,
v01b_unit_pulse_strict,unit_pulse_no_time,strict,041000040401,041000090510,20,True,
v01b_unit_pulse_strict,unit_pulse_no_time,strict,041000040401,041000090602,21,True,
v01b_unit_pulse_strict,unit_pulse_no_time,strict,041000040401,041000090603,22,True,
v01b_unit_pulse_strict,unit_pulse_no_time,strict,041000040401,041000090903,23,True,
v01b_unit_pulse_strict,unit_pulse_no_time,strict,041000040401,041000090904,24,True,
v01b_unit_pulse_strict,unit_pulse_no_time,strict,041000040402,041000040402,0,True,
v01b_unit_pulse_strict,unit_pulse_no_time,strict,041000040402,041000040405,1,True,
v01b_unit_pulse_strict,unit_pulse_no_time,strict,041000040402,041000040408,2,True,
v01b_unit_pulse_strict,unit_pulse_no_time,strict,041000040402,041000040502,3,True,
v01b_unit_pulse_strict,unit_pulse_no_time,strict,041000040402,041000040504,4,True,
v01b_unit_pulse_strict,unit_pulse_no_time,strict,041000040402,041000040602,5,True,
v01b_unit_pulse_strict,unit_pulse_no_time,strict,041000040402,041000040604,6,True,
v01b_unit_pulse_strict,unit_pulse_no_time,strict,041000040402,041000040606,7,True,
v01b_unit_pulse_strict,unit_pulse_no_time,strict,041000040402,041000050102,8,True,
v01b_unit_pulse_strict,unit_pulse_no_time,strict,041000040402,041000050103,9,True,
v01b_unit_pulse_strict,unit_pulse_no_time,strict,041000040402,041000050105,10,True,
v01b_unit_pulse_strict,unit_pulse_no_time,strict,041000040402,041000050106,11,True,
v01b_unit_pulse_strict,unit_pulse_no_time,strict,041000040402,041000050202,12,True,
v01b_unit_pulse_strict,unit_pulse_no_time,strict,041000040402,041000050205,13,True,
v01b_unit_pulse_strict,unit_pulse_no_time,strict,041000040402,041000050207,14,True,
v01b_unit_pulse_strict,unit_pulse_no_time,strict,041000040402,041000050208,15,True,
v01b_unit_pulse_strict,unit_pulse_no_time,strict,041000040402,041000090201,16,True,
v01b_unit_pulse_strict,unit_pulse_no_time,strict,041000040402,041000090203,17,True,
v01b_unit_pulse_strict,unit_pulse_no_time,strict,041000040402,041000090206,18,True,
v01b_unit_pulse_strict,unit_pulse_no_time,strict,041000040402,041000090207,19,True,
v01b_unit_pulse_strict,unit_pulse_no_time,strict,041000040402,041000090403,20,True,
v01b_unit_pulse_strict,unit_pulse_no_time,strict,041000040402,041000090510,21,True,
v01b_unit_pulse_strict,unit_pulse_no_time,strict,041000040402,041000090602,22,True,
v01b_unit_pulse_strict,unit_pulse_no_time,strict,041000040402,041000090603,23,True,
v01b_unit_pulse_strict,unit_pulse_no_time,strict,041000040402,041000090903,24,True,
v01b_unit_pulse_strict,unit_pulse_no_time,strict,041000040402,041000090904,25,True,
v01b_unit_pulse_strict,unit_pulse_no_time,strict,041000040403,041000040403,0,True,
v01b_unit_pulse_strict,unit_pulse_no_time,strict,041000040403,041000040405,1,True,
v01b_unit_pulse_strict,unit_pulse_no_time,strict,041000040403,041000040408,2,True,
v01b_unit_pulse_strict,unit_pulse_no_time,strict,041000040403,041000040502,3,True,
v01b_unit_pulse_strict,unit_pulse_no_time,strict,041000040403,041000040504,4,True,
v01b_unit_pulse_strict,unit_pulse_no_time,strict,041000040403,041000040602,5,True,
v01b_unit_pulse_strict,unit_pulse_no_time,strict,041000040403,041000040604,6,True,
v01b_unit_pulse_strict,unit_pulse_no_time,strict,041000040403,041000040606,7,True,
v01b_unit_pulse_strict,unit_pulse_no_time,strict,041000040403,041000050102,8,True,
v01b_unit_pulse_strict,unit_pulse_no_time,strict,041000040403,041000050103,9,True,
v01b_unit_pulse_strict,unit_pulse_no_time,strict,041000040403,041000050105,10,True,
v01b_unit_pulse_strict,unit_pulse_no_time,strict,041000040403,041000050106,11,True,
v01b_unit_pulse_strict,unit_pulse_no_time,strict,041000040403,041000050202,12,True,
v01b_unit_pulse_strict,unit_pulse_no_time,strict,041000040403,041000050205,13,True,
v01b_unit_pulse_strict,unit_pulse_no_time,strict,041000040403,041000050207,14,True,
v01b_unit_pulse_strict,unit_pulse_no_time,strict,041000040403,041000050208,15,True,
v01b_unit_pulse_strict,unit_pulse_no_time,strict,041000040403,041000090201,16,True,
v01b_unit_pulse_strict,unit_pulse_no_time,strict,041000040403,041000090203,17,True,
v01b_unit_pulse_strict,unit_pulse_no_time,strict,041000040403,041000090206,18,True,
v01b_unit_pulse_strict,unit_pulse_no_time,strict,041000040403,041000090207,19,True,
v01b_unit_pulse_strict,unit_pulse_no_time,strict,041000040403,041000090403,20,True,
v01b_unit_pulse_strict,unit_pulse_no_time,strict,041000040403,041000090510,21,True,
v01b_unit_pulse_strict,unit_pulse_no_time,strict,041000040403,041000090602,22,True,
v01b_unit_pulse_strict,unit_pulse_no_time,strict,041000040403,041000090603,23,True,
v01b_unit_pulse_strict,unit_pulse_no_time,strict,041000040403,041000090903,24,True,
v01b_unit_pulse_strict,unit_pulse_no_time,strict,041000040403,041000090904,25,True,
v01b_unit_pulse_strict,unit_pulse_no_time,strict,041000040404,041000040404,0,True,
v01b_unit_pulse_strict,unit_pulse_no_time,strict,041000040404,041000040405,1,True,
v01b_unit_pulse_strict,unit_pulse_no_time,strict,041000040404,041000040408,2,True,
v01b_unit_pulse_strict,unit_pulse_no_time,strict,041000040404,041000040502,3,True,
v01b_unit_pulse_strict,unit_pulse_no_time,strict,041000040404,041000040504,4,True,
v01b_unit_pulse_strict,unit_pulse_no_time,strict,041000040404,041000040602,5,True,
v01b_unit_pulse_strict,unit_pulse_no_time,strict,041000040404,041000040604,6,True,
v01b_unit_pulse_strict,unit_pulse_no_time,strict,041000040404,041000040606,7,True,
v01b_unit_pulse_strict,unit_pulse_no_time,strict,041000040404,041000050102,8,True,
v01b_unit_pulse_strict,unit_pulse_no_time,strict,041000040404,041000050103,9,True,
v01b_unit_pulse_strict,unit_pulse_no_time,strict,041000040404,041000050105,10,True,
v01b_unit_pulse_strict,unit_pulse_no_time,strict,041000040404,041000050106,11,True,
v01b_unit_pulse_strict,unit_pulse_no_time,strict,041000040404,041000050202,12,True,
v01b_unit_pulse_strict,unit_pulse_no_time,strict,041000040404,041000050205,13,True,
v01b_unit_pulse_strict,unit_pulse_no_time,strict,041000040404,041000050207,14,True,
v01b_unit_pulse_strict,unit_pulse_no_time,strict,041000040404,041000050208,15,True,
v01b_unit_pulse_strict,unit_pulse_no_time,strict,041000040404,041000090201,16,True,
v01b_unit_pulse_strict,unit_pulse_no_time,strict,041000040404,041000090203,17,True,
v01b_unit_pulse_strict,unit_pulse_no_time,strict,041000040404,041000090206,18,True,
v01b_unit_pulse_strict,unit_pulse_no_time,strict,041000040404,041000090207,19,True,
v01b_unit_pulse_strict,unit_pulse_no_time,strict,041000040404,041000090403,20,True,
v01b_unit_pulse_strict,unit_pulse_no_time,strict,041000040404,041000090510,21,True,
v01b_unit_pulse_strict,unit_pulse_no_time,strict,041000040404,041000090602,22,True,
v01b_unit_pulse_strict,unit_pulse_no_time,strict,041000040404,041000090603,23,True,
v01b_unit_pulse_strict,unit_pulse_no_time,strict,041000040404,041000090903,24,True,
v01b_unit_pulse_strict,unit_pulse_no_time,strict,041000040404,041000090904,25,True,
v01b_unit_pulse_strict,unit_pulse_no_time,strict,041000040405,041000040405,0,True,
v01b_unit_pulse_strict,unit_pulse_no_time,strict,041000040405,041000040408,1,True,
v01b_unit_pulse_strict,unit_pulse_no_time,strict,041000040405,041000040502,2,True,
v01b_unit_pulse_strict,unit_pulse_no_time,strict,041000040405,041000040504,3,True,
v01b_unit_pulse_strict,unit_pulse_no_time,strict,041000040405,041000040602,4,True,
v01b_unit_pulse_strict,unit_pulse_no_time,strict,041000040405,041000040604,5,True,
v01b_unit_pulse_strict,unit_pulse_no_time,strict,041000040405,041000040606,6,True,
v01b_unit_pulse_strict,unit_pulse_no_time,strict,041000040405,041000050102,7,True,
v01b_unit_pulse_strict,unit_pulse_no_time,strict,041000040405,041000050103,8,True,
v01b_unit_pulse_strict,unit_pulse_no_time,strict,041000040405,041000050105,9,True,
v01b_unit_pulse_strict,unit_pulse_no_time,strict,041000040405,041000050106,10,True,
v01b_unit_pulse_strict,unit_pulse_no_time,strict,041000040405,041000050202,11,True,
v01b_unit_pulse_strict,unit_pulse_no_time,strict,041000040405,041000050205,12,True,
v01b_unit_pulse_strict,unit_pulse_no_time,strict,041000040405,041000050207,13,True,
v01b_unit_pulse_strict,unit_pulse_no_time,strict,041000040405,041000050208,14,True,
v01b_unit_pulse_strict,unit_pulse_no_time,strict,041000040405,041000090201,15,True,
v01b_unit_pulse_strict,unit_pulse_no_time,strict,041000040405,041000090203,16,True,
v01b_unit_pulse_strict,unit_pulse_no_time,strict,041000040405,041000090206,17,True,
v01b_unit_pulse_strict,unit_pulse_no_time,strict,041000040405,041000090207,18,True,
v01b_unit_pulse_strict,unit_pulse_no_time,strict,041000040405,041000090403,19,True,
v01b_unit_pulse_strict,unit_pulse_no_time,strict,041000040405,041000090510,20,True,
v01b_unit_pulse_strict,unit_pulse_no_time,strict,041000040405,041000090602,21,True,
v01b_unit_pulse_strict,unit_pulse_no_time,strict,041000040405,041000090603,22,True,
v01b_unit_pulse_strict,unit_pulse_no_time,strict,041000040405,041000090903,23,True,
v01b_unit_pulse_strict,unit_pulse_no_time,strict,041000040405,041000090904,24,True,
v01b_unit_pulse_strict,unit_pulse_no_time,strict,041000040406,041000040406,0,True,
v01b_unit_pulse_strict,unit_pulse_no_time,strict,041000040406,041000040408,1,True,
v01b_unit_pulse_strict,unit_pulse_no_time,strict,041000040406,041000040502,2,True,
v01b_unit_pulse_strict,unit_pulse_no_time,strict,041000040406,041000040504,3,True,
v01b_unit_pulse_strict,unit_pulse_no_time,strict,041000040406,041000040602,4,True,
v01b_unit_pulse_strict,unit_pulse_no_time,strict,041000040406,041000040604,5,True,
v01b_unit_pulse_strict,unit_pulse_no_time,strict,041000040406,041000040606,6,True,
v01b_unit_pulse_strict,unit_pulse_no_time,strict,041000040406,041000050102,7,True,
v01b_unit_pulse_strict,unit_pulse_no_time,strict,041000040406,041000050103,8,True,
v01b_unit_pulse_strict,unit_pulse_no_time,strict,041000040406,041000050105,9,True,
v01b_unit_pulse_strict,unit_pulse_no_time,strict,041000040406,041000050106,10,True,
v01b_unit_pulse_strict,unit_pulse_no_time,strict,041000040406,041000050202,11,True,
v01b_unit_pulse_strict,unit_pulse_no_time,strict,041000040406,041000050205,12,True,
v01b_unit_pulse_strict,unit_pulse_no_time,strict,041000040406,041000050207,13,True,
v01b_unit_pulse_strict,unit_pulse_no_time,strict,041000040406,041000050208,14,True,
v01b_unit_pulse_strict,unit_pulse_no_time,strict,041000040406,041000090201,15,True,
v01b_unit_pulse_strict,unit_pulse_no_time,strict,041000040406,041000090203,16,True,
v01b_unit_pulse_strict,unit_pulse_no_time,strict,041000040406,041000090206,17,True,
v01b_unit_pulse_strict,unit_pulse_no_time,strict,041000040406,041000090207,18,True,
v01b_unit_pulse_strict,unit_pulse_no_time,strict,041000040406,041000090403,19,True,
v01b_unit_pulse_strict,unit_pulse_no_time,strict,041000040406,041000090510,20,True,
v01b_unit_pulse_strict,unit_pulse_no_time,strict,041000040406,041000090602,21,True,
v01b_unit_pulse_strict,unit_pulse_no_time,strict,041000040406,041000090603,22,True,
v01b_unit_pulse_strict,unit_pulse_no_time,strict,041000040406,041000090903,23,True,
v01b_unit_pulse_strict,unit_pulse_no_time,strict,041000040406,041000090904,24,True,
v01b_unit_pulse_strict,unit_pulse_no_time,strict,041000040407,041000040407,0,True,
v01b_unit_pulse_strict,unit_pulse_no_time,strict,041000040407,041000040408,1,True,
v01b_unit_pulse_strict,unit_pulse_no_time,strict,041000040407,041000040502,2,True,
v01b_unit_pulse_strict,unit_pulse_no_time,strict,041000040407,041000040504,3,True,
v01b_unit_pulse_strict,unit_pulse_no_time,strict,041000040407,041000040602,4,True,
v01b_unit_pulse_strict,unit_pulse_no_time,strict,041000040407,041000040604,5,True,
v01b_unit_pulse_strict,unit_pulse_no_time,strict,041000040407,041000040606,6,True,
v01b_unit_pulse_strict,unit_pulse_no_time,strict,041000040407,041000050102,7,True,
v01b_unit_pulse_strict,unit_pulse_no_time,strict,041000040407,041000050103,8,True,
v01b_unit_pulse_strict,unit_pulse_no_time,strict,041000040407,041000050105,9,True,
v01b_unit_pulse_strict,unit_pulse_no_time,strict,041000040407,041000050106,10,True,
v01b_unit_pulse_strict,unit_pulse_no_time,strict,041000040407,041000050202,11,True,
v01b_unit_pulse_strict,unit_pulse_no_time,strict,041000040407,041000050205,12,True,
v01b_unit_pulse_strict,unit_pulse_no_time,strict,041000040407,041000050207,13,True,
v01b_unit_pulse_strict,unit_pulse_no_time,strict,041000040407,041000050208,14,True,
v01b_unit_pulse_strict,unit_pulse_no_time,strict,041000040407,041000090201,15,True,
v01b_unit_pulse_strict,unit_pulse_no_time,strict,041000040407,041000090203,16,True,
v01b_unit_pulse_strict,unit_pulse_no_time,strict,041000040407,041000090206,17,True,
v01b_unit_pulse_strict,unit_pulse_no_time,strict,041000040407,041000090207,18,True,
v01b_unit_pulse_strict,unit_pulse_no_time,strict,041000040407,041000090403,19,True,
v01b_unit_pulse_strict,unit_pulse_no_time,strict,041000040407,041000090510,20,True,
v01b_unit_pulse_strict,unit_pulse_no_time,strict,041000040407,041000090602,21,True,
v01b_unit_pulse_strict,unit_pulse_no_time,strict,041000040407,041000090603,22,True,
v01b_unit_pulse_strict,unit_pulse_no_time,strict,041000040407,041000090903,23,True,
v01b_unit_pulse_strict,unit_pulse_no_time,strict,041000040407,041000090904,24,True,
v01b_unit_pulse_strict,unit_pulse_no_time,strict,041000040408,041000040408,0,True,
v01b_unit_pulse_strict,unit_pulse_no_time,strict,041000040408,041000040502,1,True,
v01b_unit_pulse_strict,unit_pulse_no_time,strict,041000040408,041000040504,2,True,
v01b_unit_pulse_strict,unit_pulse_no_time,strict,041000040408,041000040602,3,True,
v01b_unit_pulse_strict,unit_pulse_no_time,strict,041000040408,041000040604,4,True,
v01b_unit_pulse_strict,unit_pulse_no_time,strict,041000040408,041000040606,5,True,
v01b_unit_pulse_strict,unit_pulse_no_time,strict,041000040408,041000050102,6,True,
v01b_unit_pulse_strict,unit_pulse_no_time,strict,041000040408,041000050103,7,True,
v01b_unit_pulse_strict,unit_pulse_no_time,strict,041000040408,041000050105,8,True,
v01b_unit_pulse_strict,unit_pulse_no_time,strict,041000040408,041000050106,9,True,
v01b_unit_pulse_strict,unit_pulse_no_time,strict,041000040408,041000050202,10,True,
v01b_unit_pulse_strict,unit_pulse_no_time,strict,041000040408,041000050205,11,True,
v01b_unit_pulse_strict,unit_pulse_no_time,strict,041000040408,041000050207,12,True,
v01b_unit_pulse_strict,unit_pulse_no_time,strict,041000040408,041000050208,13,True,
v01b_unit_pulse_strict,unit_pulse_no_time,strict,041000040408,041000090201,14,True,
v01b_unit_pulse_strict,unit_pulse_no_time,strict,041000040408,041000090203,15,True,
v01b_unit_pulse_strict,unit_pulse_no_time,strict,041000040408,041000090206,16,True,
v01b_unit_pulse_strict,unit_pulse_no_time,strict,041000040408,041000090207,17,True,
v01b_unit_pulse_strict,unit_pulse_no_time,strict,041000040408,041000090403,18,True,
v01b_unit_pulse_strict,unit_pulse_no_time,strict,041000040408,041000090510,19,True,
v01b_unit_pulse_strict,unit_pulse_no_time,strict,041000040408,041000090602,20,True,
v01b_unit_pulse_strict,unit_pulse_no_time,strict,041000040408,041000090603,21,True,
v01b_unit_pulse_strict,unit_pulse_no_time,strict,041000040408,041000090903,22,True,
v01b_unit_pulse_strict,unit_pulse_no_time,strict,041000040408,041000090904,23,True,
v01b_unit_pulse_strict,unit_pulse_no_time,strict,041000040501,041000040501,0,True,
v01b_unit_pulse_strict,unit_pulse_no_time,strict,041000040501,041000040502,1,True,
v01b_unit_pulse_strict,unit_pulse_no_time,strict,041000040501,041000040504,2,True,
v01b_unit_pulse_strict,unit_pulse_no_time,strict,041000040501,041000040602,3,True,
v01b_unit_pulse_strict,unit_pulse_no_time,strict,041000040501,041000040604,4,True,
v01b_unit_pulse_strict,unit_pulse_no_time,strict,041000040501,041000040606,5,True,
v01b_unit_pulse_strict,unit_pulse_no_time,strict,041000040501,041000050102,6,True,
v01b_unit_pulse_strict,unit_pulse_no_time,strict,041000040501,041000050103,7,True,
v01b_unit_pulse_strict,unit_pulse_no_time,strict,041000040501,041000050105,8,True,
v01b_unit_pulse_strict,unit_pulse_no_time,strict,041000040501,041000050106,9,True,
v01b_unit_pulse_strict,unit_pulse_no_time,strict,041000040501,041000050202,10,True,
v01b_unit_pulse_strict,unit_pulse_no_time,strict,041000040501,041000050205,11,True,
v01b_unit_pulse_strict,unit_pulse_no_time,strict,041000040501,041000050207,12,True,
v01b_unit_pulse_strict,unit_pulse_no_time,strict,041000040501,041000050208,13,True,
v01b_unit_pulse_strict,unit_pulse_no_time,strict,041000040501,041000090201,14,True,
v01b_unit_pulse_strict,unit_pulse_no_time,strict,041000040501,041000090203,15,True,
v01b_unit_pulse_strict,unit_pulse_no_time,strict,041000040501,041000090206,16,True,
v01b_unit_pulse_strict,unit_pulse_no_time,strict,041000040501,041000090207,17,True,
v01b_unit_pulse_strict,unit_pulse_no_time,strict,041000040501,041000090403,18,True,
v01b_unit_pulse_strict,unit_pulse_no_time,strict,041000040501,041000090510,19,True,
v01b_unit_pulse_strict,unit_pulse_no_time,strict,041000040501,041000090602,20,True,
v01b_unit_pulse_strict,unit_pulse_no_time,strict,041000040501,041000090603,21,True,
v01b_unit_pulse_strict,unit_pulse_no_time,strict,041000040501,041000090903,22,True,
v01b_unit_pulse_strict,unit_pulse_no_time,strict,041000040501,041000090904,23,True,
v01b_unit_pulse_strict,unit_pulse_no_time,strict,041000040502,041000040502,0,True,
v01b_unit_pulse_strict,unit_pulse_no_time,strict,041000040502,041000040504,1,True,
v01b_unit_pulse_strict,unit_pulse_no_time,strict,041000040502,041000040602,2,True,
v01b_unit_pulse_strict,unit_pulse_no_time,strict,041000040502,041000040604,3,True,
v01b_unit_pulse_strict,unit_pulse_no_time,strict,041000040502,041000040606,4,True,
v01b_unit_pulse_strict,unit_pulse_no_time,strict,041000040502,041000050102,5,True,
v01b_unit_pulse_strict,unit_pulse_no_time,strict,041000040502,041000050103,6,True,
v01b_unit_pulse_strict,unit_pulse_no_time,strict,041000040502,041000050105,7,True,
v01b_unit_pulse_strict,unit_pulse_no_time,strict,041000040502,041000050106,8,True,
v01b_unit_pulse_strict,unit_pulse_no_time,strict,041000040502,041000050202,9,True,
v01b_unit_pulse_strict,unit_pulse_no_time,strict,041000040502,041000050205,10,True,
v01b_unit_pulse_strict,unit_pulse_no_time,strict,041000040502,041000050207,11,True,
v01b_unit_pulse_strict,unit_pulse_no_time,strict,041000040502,041000050208,12,True,
v01b_unit_pulse_strict,unit_pulse_no_time,strict,041000040502,041000090201,13,True,
v01b_unit_pulse_strict,unit_pulse_no_time,strict,041000040502,041000090203,14,True,
v01b_unit_pulse_strict,unit_pulse_no_time,strict,041000040502,041000090206,15,True,
v01b_unit_pulse_strict,unit_pulse_no_time,strict,041000040502,041000090207,16,True,
v01b_unit_pulse_strict,unit_pulse_no_time,strict,041000040502,041000090403,17,True,
v01b_unit_pulse_strict,unit_pulse_no_time,strict,041000040502,041000090510,18,True,
v01b_unit_pulse_strict,unit_pulse_no_time,strict,041000040502,041000090602,19,True,
v01b_unit_pulse_strict,unit_pulse_no_time,strict,041000040502,041000090603,20,True,
v01b_unit_pulse_strict,unit_pulse_no_time,strict,041000040502,041000090903,21,True,
v01b_unit_pulse_strict,unit_pulse_no_time,strict,041000040502,041000090904,22,True,
v01b_unit_pulse_strict,unit_pulse_no_time,strict,041000040503,041000040503,0,True,
v01b_unit_pulse_strict,unit_pulse_no_time,strict,041000040503,041000040504,1,True,
v01b_unit_pulse_strict,unit_pulse_no_time,strict,041000040503,041000040602,2,True,
v01b_unit_pulse_strict,unit_pulse_no_time,strict,041000040503,041000040604,3,True,
v01b_unit_pulse_strict,unit_pulse_no_time,strict,041000040503,041000040606,4,True,
v01b_unit_pulse_strict,unit_pulse_no_time,strict,041000040503,041000050102,5,True,
v01b_unit_pulse_strict,unit_pulse_no_time,strict,041000040503,041000050103,6,True,
v01b_unit_pulse_strict,unit_pulse_no_time,strict,041000040503,041000050105,7,True,
v01b_unit_pulse_strict,unit_pulse_no_time,strict,041000040503,041000050106,8,True,
v01b_unit_pulse_strict,unit_pulse_no_time,strict,041000040503,041000050202,9,True,
v01b_unit_pulse_strict,unit_pulse_no_time,strict,041000040503,041000050205,10,True,
v01b_unit_pulse_strict,unit_pulse_no_time,strict,041000040503,041000050207,11,True,
v01b_unit_pulse_strict,unit_pulse_no_time,strict,041000040503,041000050208,12,True,
v01b_unit_pulse_strict,unit_pulse_no_time,strict,041000040503,041000090201,13,True,
v01b_unit_pulse_strict,unit_pulse_no_time,strict,041000040503,041000090203,14,True,
v01b_unit_pulse_strict,unit_pulse_no_time,strict,041000040503,041000090206,15,True,
v01b_unit_pulse_strict,unit_pulse_no_time,strict,041000040503,041000090207,16,True,
v01b_unit_pulse_strict,unit_pulse_no_time,strict,041000040503,041000090403,17,True,
v01b_unit_pulse_strict,unit_pulse_no_time,strict,041000040503,041000090510,18,True,
v01b_unit_pulse_strict,unit_pulse_no_time,strict,041000040503,041000090602,19,True,
v01b_unit_pulse_strict,unit_pulse_no_time,strict,041000040503,041000090603,20,True,
v01b_unit_pulse_strict,unit_pulse_no_time,strict,041000040503,041000090903,21,True,
v01b_unit_pulse_strict,unit_pulse_no_time,strict,041000040503,041000090904,22,True,
v01b_unit_pulse_strict,unit_pulse_no_time,strict,041000040504,041000040504,0,True,
v01b_unit_pulse_strict,unit_pulse_no_time,strict,041000040504,041000040602,1,True,
v01b_unit_pulse_strict,unit_pulse_no_time,strict,041000040504,041000040604,2,True,
v01b_unit_pulse_strict,unit_pulse_no_time,strict,041000040504,041000040606,3,True,
v01b_unit_pulse_strict,unit_pulse_no_time,strict,041000040504,041000050102,4,True,
v01b_unit_pulse_strict,unit_pulse_no_time,strict,041000040504,041000050103,5,True,
v01b_unit_pulse_strict,unit_pulse_no_time,strict,041000040504,041000050105,6,True,
v01b_unit_pulse_strict,unit_pulse_no_time,strict,041000040504,041000050106,7,True,
v01b_unit_pulse_strict,unit_pulse_no_time,strict,041000040504,041000050202,8,True,
v01b_unit_pulse_strict,unit_pulse_no_time,strict,041000040504,041000050205,9,True,
v01b_unit_pulse_strict,unit_pulse_no_time,strict,041000040504,041000050207,10,True,
v01b_unit_pulse_strict,unit_pulse_no_time,strict,041000040504,041000050208,11,True,
v01b_unit_pulse_strict,unit_pulse_no_time,strict,041000040504,041000090201,12,True,
v01b_unit_pulse_strict,unit_pulse_no_time,strict,041000040504,041000090203,13,True,
v01b_unit_pulse_strict,unit_pulse_no_time,strict,041000040504,041000090206,14,True,
v01b_unit_pulse_strict,unit_pulse_no_time,strict,041000040504,041000090207,15,True,
v01b_unit_pulse_strict,unit_pulse_no_time,strict,041000040504,041000090403,16,True,
v01b_unit_pulse_strict,unit_pulse_no_time,strict,041000040504,041000090510,17,True,
v01b_unit_pulse_strict,unit_pulse_no_time,strict,041000040504,041000090602,18,True,
v01b_unit_pulse_strict,unit_pulse_no_time,strict,041000040504,041000090603,19,True,
v01b_unit_pulse_strict,unit_pulse_no_time,strict,041000040504,041000090903,20,True,
v01b_unit_pulse_strict,unit_pulse_no_time,strict,041000040504,041000090904,21,True,
v01b_unit_pulse_strict,unit_pulse_no_time,strict,041000040601,041000040601,0,True,
v01b_unit_pulse_strict,unit_pulse_no_time,strict,041000040601,041000040604,1,True,
v01b_unit_pulse_strict,unit_pulse_no_time,strict,041000040601,041000040606,2,True,
v01b_unit_pulse_strict,unit_pulse_no_time,strict,041000040601,041000050102,3,True,
v01b_unit_pulse_strict,unit_pulse_no_time,strict,041000040601,041000050103,4,True,
v01b_unit_pulse_strict,unit_pulse_no_time,strict,041000040601,041000050105,5,True,
v01b_unit_pulse_strict,unit_pulse_no_time,strict,041000040601,041000050106,6,True,
v01b_unit_pulse_strict,unit_pulse_no_time,strict,041000040601,041000050202,7,True,
v01b_unit_pulse_strict,unit_pulse_no_time,strict,041000040601,041000050205,8,True,
v01b_unit_pulse_strict,unit_pulse_no_time,strict,041000040601,041000050207,9,True,
v01b_unit_pulse_strict,unit_pulse_no_time,strict,041000040601,041000050208,10,True,
v01b_unit_pulse_strict,unit_pulse_no_time,strict,041000040601,041000090201,11,True,
v01b_unit_pulse_strict,unit_pulse_no_time,strict,041000040601,041000090203,12,True,
v01b_unit_pulse_strict,unit_pulse_no_time,strict,041000040601,041000090206,13,True,
v01b_unit_pulse_strict,unit_pulse_no_time,strict,041000040601,041000090207,14,True,
v01b_unit_pulse_strict,unit_pulse_no_time,strict,041000040601,041000090403,15,True,
v01b_unit_pulse_strict,unit_pulse_no_time,strict,041000040601,041000090510,16,True,
v01b_unit_pulse_strict,unit_pulse_no_time,strict,041000040601,041000090602,17,True,
v01b_unit_pulse_strict,unit_pulse_no_time,strict,041000040601,041000090603,18,True,
v01b_unit_pulse_strict,unit_pulse_no_time,strict,041000040601,041000090903,19,True,
v01b_unit_pulse_strict,unit_pulse_no_time,strict,041000040601,041000090904,20,True,
v01b_unit_pulse_strict,unit_pulse_no_time,strict,041000040602,041000040602,0,True,
v01b_unit_pulse_strict,unit_pulse_no_time,strict,041000040602,041000040604,1,True,
v01b_unit_pulse_strict,unit_pulse_no_time,strict,041000040602,041000040606,2,True,
v01b_unit_pulse_strict,unit_pulse_no_time,strict,041000040602,041000050102,3,True,
v01b_unit_pulse_strict,unit_pulse_no_time,strict,041000040602,041000050103,4,True,
v01b_unit_pulse_strict,unit_pulse_no_time,strict,041000040602,041000050105,5,True,
v01b_unit_pulse_strict,unit_pulse_no_time,strict,041000040602,041000050106,6,True,
v01b_unit_pulse_strict,unit_pulse_no_time,strict,041000040602,041000050202,7,True,
v01b_unit_pulse_strict,unit_pulse_no_time,strict,041000040602,041000050205,8,True,
v01b_unit_pulse_strict,unit_pulse_no_time,strict,041000040602,041000050207,9,True,
v01b_unit_pulse_strict,unit_pulse_no_time,strict,041000040602,041000050208,10,True,
v01b_unit_pulse_strict,unit_pulse_no_time,strict,041000040602,041000090201,11,True,
v01b_unit_pulse_strict,unit_pulse_no_time,strict,041000040602,041000090203,12,True,
v01b_unit_pulse_strict,unit_pulse_no_time,strict,041000040602,041000090206,13,True,
v01b_unit_pulse_strict,unit_pulse_no_time,strict,041000040602,041000090207,14,True,
v01b_unit_pulse_strict,unit_pulse_no_time,strict,041000040602,041000090403,15,True,
v01b_unit_pulse_strict,unit_pulse_no_time,strict,041000040602,041000090510,16,True,
v01b_unit_pulse_strict,unit_pulse_no_time,strict,041000040602,041000090602,17,True,
v01b_unit_pulse_strict,unit_pulse_no_time,strict,041000040602,041000090603,18,True,
v01b_unit_pulse_strict,unit_pulse_no_time,strict,041000040602,041000090903,19,True,
v01b_unit_pulse_strict,unit_pulse_no_time,strict,041000040602,041000090904,20,True,
v01b_unit_pulse_strict,unit_pulse_no_time,strict,041000040603,041000040603,0,True,
v01b_unit_pulse_strict,unit_pulse_no_time,strict,041000040603,041000040604,1,True,
v01b_unit_pulse_strict,unit_pulse_no_time,strict,041000040603,041000040606,2,True,
v01b_unit_pulse_strict,unit_pulse_no_time,strict,041000040603,041000050102,3,True,
v01b_unit_pulse_strict,unit_pulse_no_time,strict,041000040603,041000050103,4,True,
v01b_unit_pulse_strict,unit_pulse_no_time,strict,041000040603,041000050105,5,True,
v01b_unit_pulse_strict,unit_pulse_no_time,strict,041000040603,041000050106,6,True,
v01b_unit_pulse_strict,unit_pulse_no_time,strict,041000040603,041000050202,7,True,
v01b_unit_pulse_strict,unit_pulse_no_time,strict,041000040603,041000050205,8,True,
v01b_unit_pulse_strict,unit_pulse_no_time,strict,041000040603,041000050207,9,True,
v01b_unit_pulse_strict,unit_pulse_no_time,strict,041000040603,041000050208,10,True,
v01b_unit_pulse_strict,unit_pulse_no_time,strict,041000040603,041000090201,11,True,
v01b_unit_pulse_strict,unit_pulse_no_time,strict,041000040603,041000090203,12,True,
v01b_unit_pulse_strict,unit_pulse_no_time,strict,041000040603,041000090206,13,True,
v01b_unit_pulse_strict,unit_pulse_no_time,strict,041000040603,041000090207,14,True,
v01b_unit_pulse_strict,unit_pulse_no_time,strict,041000040603,041000090403,15,True,
v01b_unit_pulse_strict,unit_pulse_no_time,strict,041000040603,041000090510,16,True,
v01b_unit_pulse_strict,unit_pulse_no_time,strict,041000040603,041000090602,17,True,
v01b_unit_pulse_strict,unit_pulse_no_time,strict,041000040603,041000090603,18,True,
v01b_unit_pulse_strict,unit_pulse_no_time,strict,041000040603,041000090903,19,True,
v01b_unit_pulse_strict,unit_pulse_no_time,strict,041000040603,041000090904,20,True,
v01b_unit_pulse_strict,unit_pulse_no_time,strict,041000040604,041000040604,0,True,
v01b_unit_pulse_strict,unit_pulse_no_time,strict,041000040604,041000040606,1,True,
v01b_unit_pulse_strict,unit_pulse_no_time,strict,041000040604,041000050102,2,True,
v01b_unit_pulse_strict,unit_pulse_no_time,strict,041000040604,041000050103,3,True,
v01b_unit_pulse_strict,unit_pulse_no_time,strict,041000040604,041000050105,4,True,
v01b_unit_pulse_strict,unit_pulse_no_time,strict,041000040604,041000050106,5,True,
v01b_unit_pulse_strict,unit_pulse_no_time,strict,041000040604,041000050202,6,True,
v01b_unit_pulse_strict,unit_pulse_no_time,strict,041000040604,041000050205,7,True,
v01b_unit_pulse_strict,unit_pulse_no_time,strict,041000040604,041000050207,8,True,
v01b_unit_pulse_strict,unit_pulse_no_time,strict,041000040604,041000050208,9,True,
v01b_unit_pulse_strict,unit_pulse_no_time,strict,041000040604,041000090201,10,True,
v01b_unit_pulse_strict,unit_pulse_no_time,strict,041000040604,041000090203,11,True,
v01b_unit_pulse_strict,unit_pulse_no_time,strict,041000040604,041000090206,12,True,
v01b_unit_pulse_strict,unit_pulse_no_time,strict,041000040604,041000090207,13,True,
v01b_unit_pulse_strict,unit_pulse_no_time,strict,041000040604,041000090403,14,True,
v01b_unit_pulse_strict,unit_pulse_no_time,strict,041000040604,041000090510,15,True,
v01b_unit_pulse_strict,unit_pulse_no_time,strict,041000040604,041000090602,16,True,
v01b_unit_pulse_strict,unit_pulse_no_time,strict,041000040604,041000090603,17,True,
v01b_unit_pulse_strict,unit_pulse_no_time,strict,041000040604,041000090903,18,True,
v01b_unit_pulse_strict,unit_pulse_no_time,strict,041000040604,041000090904,19,True,
v01b_unit_pulse_strict,unit_pulse_no_time,strict,041000040605,041000040605,0,True,
v01b_unit_pulse_strict,unit_pulse_no_time,strict,041000040605,041000040606,1,True,
v01b_unit_pulse_strict,unit_pulse_no_time,strict,041000040605,041000050102,2,True,
v01b_unit_pulse_strict,unit_pulse_no_time,strict,041000040605,041000050103,3,True,
v01b_unit_pulse_strict,unit_pulse_no_time,strict,041000040605,041000050105,4,True,
v01b_unit_pulse_strict,unit_pulse_no_time,strict,041000040605,041000050106,5,True,
v01b_unit_pulse_strict,unit_pulse_no_time,strict,041000040605,041000050202,6,True,
v01b_unit_pulse_strict,unit_pulse_no_time,strict,041000040605,041000050205,7,True,
v01b_unit_pulse_strict,unit_pulse_no_time,strict,041000040605,041000050207,8,True,
v01b_unit_pulse_strict,unit_pulse_no_time,strict,041000040605,041000050208,9,True,
v01b_unit_pulse_strict,unit_pulse_no_time,strict,041000040605,041000090201,10,True,
v01b_unit_pulse_strict,unit_pulse_no_time,strict,041000040605,041000090203,11,True,
v01b_unit_pulse_strict,unit_pulse_no_time,strict,041000040605,041000090206,12,True,
v01b_unit_pulse_strict,unit_pulse_no_time,strict,041000040605,041000090207,13,True,
v01b_unit_pulse_strict,unit_pulse_no_time,strict,041000040605,041000090403,14,True,
v01b_unit_pulse_strict,unit_pulse_no_time,strict,041000040605,041000090510,15,True,
v01b_unit_pulse_strict,unit_pulse_no_time,strict,041000040605,041000090602,16,True,
v01b_unit_pulse_strict,unit_pulse_no_time,strict,041000040605,041000090603,17,True,
v01b_unit_pulse_strict,unit_pulse_no_time,strict,041000040605,041000090903,18,True,
v01b_unit_pulse_strict,unit_pulse_no_time,strict,041000040605,041000090904,19,True,
v01b_unit_pulse_strict,unit_pulse_no_time,strict,041000040606,041000040606,0,True,
v01b_unit_pulse_strict,unit_pulse_no_time,strict,041000040606,041000050102,1,True,
v01b_unit_pulse_strict,unit_pulse_no_time,strict,041000040606,041000050103,2,True,
v01b_unit_pulse_strict,unit_pulse_no_time,strict,041000040606,041000050105,3,True,
v01b_unit_pulse_strict,unit_pulse_no_time,strict,041000040606,041000050106,4,True,
v01b_unit_pulse_strict,unit_pulse_no_time,strict,041000040606,041000050202,5,True,
v01b_unit_pulse_strict,unit_pulse_no_time,strict,041000040606,041000050205,6,True,
v01b_unit_pulse_strict,unit_pulse_no_time,strict,041000040606,041000050207,7,True,
v01b_unit_pulse_strict,unit_pulse_no_time,strict,041000040606,041000050208,8,True,
v01b_unit_pulse_strict,unit_pulse_no_time,strict,041000040606,041000090201,9,True,
v01b_unit_pulse_strict,unit_pulse_no_time,strict,041000040606,041000090203,10,True,
v01b_unit_pulse_strict,unit_pulse_no_time,strict,041000040606,041000090206,11,True,
v01b_unit_pulse_strict,unit_pulse_no_time,strict,041000040606,041000090207,12,True,
v01b_unit_pulse_strict,unit_pulse_no_time,strict,041000040606,041000090403,13,True,
v01b_unit_pulse_strict,unit_pulse_no_time,strict,041000040606,041000090510,14,True,
v01b_unit_pulse_strict,unit_pulse_no_time,strict,041000040606,041000090602,15,True,
v01b_unit_pulse_strict,unit_pulse_no_time,strict,041000040606,041000090603,16,True,
v01b_unit_pulse_strict,unit_pulse_no_time,strict,041000040606,041000090903,17,True,
v01b_unit_pulse_strict,unit_pulse_no_time,strict,041000040606,041000090904,18,True,
v01b_unit_pulse_strict,unit_pulse_no_time,strict,041000050101,041000050101,0,True,
v01b_unit_pulse_strict,unit_pulse_no_time,strict,041000050101,041000050102,1,True,
v01b_unit_pulse_strict,unit_pulse_no_time,strict,041000050101,041000050103,2,True,
v01b_unit_pulse_strict,unit_pulse_no_time,strict,041000050101,041000050105,3,True,
v01b_unit_pulse_strict,unit_pulse_no_time,strict,041000050101,041000050106,4,True,
v01b_unit_pulse_strict,unit_pulse_no_time,strict,041000050101,041000050202,5,True,
v01b_unit_pulse_strict,unit_pulse_no_time,strict,041000050101,041000050205,6,True,
v01b_unit_pulse_strict,unit_pulse_no_time,strict,041000050101,041000050207,7,True,
v01b_unit_pulse_strict,unit_pulse_no_time,strict,041000050101,041000050208,8,True,
v01b_unit_pulse_strict,unit_pulse_no_time,strict,041000050101,041000090201,9,True,
v01b_unit_pulse_strict,unit_pulse_no_time,strict,041000050101,041000090203,10,True,
v01b_unit_pulse_strict,unit_pulse_no_time,strict,041000050101,041000090206,11,True,
v01b_unit_pulse_strict,unit_pulse_no_time,strict,041000050101,041000090207,12,True,
v01b_unit_pulse_strict,unit_pulse_no_time,strict,041000050101,041000090403,13,True,
v01b_unit_pulse_strict,unit_pulse_no_time,strict,041000050101,041000090510,14,True,
v01b_unit_pulse_strict,unit_pulse_no_time,strict,041000050101,041000090602,15,True,
v01b_unit_pulse_strict,unit_pulse_no_time,strict,041000050101,041000090603,16,True,
v01b_unit_pulse_strict,unit_pulse_no_time,strict,041000050101,041000090903,17,True,
v01b_unit_pulse_strict,unit_pulse_no_time,strict,041000050101,041000090904,18,True,
v01b_unit_pulse_strict,unit_pulse_no_time,strict,041000050102,041000050102,0,True,
v01b_unit_pulse_strict,unit_pulse_no_time,strict,041000050102,041000050103,1,True,
v01b_unit_pulse_strict,unit_pulse_no_time,strict,041000050102,041000050105,2,True,
v01b_unit_pulse_strict,unit_pulse_no_time,strict,041000050102,041000050106,3,True,
v01b_unit_pulse_strict,unit_pulse_no_time,strict,041000050102,041000050202,4,True,
v01b_unit_pulse_strict,unit_pulse_no_time,strict,041000050102,041000050205,5,True,
v01b_unit_pulse_strict,unit_pulse_no_time,strict,041000050102,041000050207,6,True,
v01b_unit_pulse_strict,unit_pulse_no_time,strict,041000050102,041000050208,7,True,
v01b_unit_pulse_strict,unit_pulse_no_time,strict,041000050102,041000090201,8,True,
v01b_unit_pulse_strict,unit_pulse_no_time,strict,041000050102,041000090203,9,True,
v01b_unit_pulse_strict,unit_pulse_no_time,strict,041000050102,041000090206,10,True,
v01b_unit_pulse_strict,unit_pulse_no_time,strict,041000050102,041000090207,11,True,
v01b_unit_pulse_strict,unit_pulse_no_time,strict,041000050102,041000090403,12,True,
v01b_unit_pulse_strict,unit_pulse_no_time,strict,041000050102,041000090510,13,True,
v01b_unit_pulse_strict,unit_pulse_no_time,strict,041000050102,041000090602,14,True,
v01b_unit_pulse_strict,unit_pulse_no_time,strict,041000050102,041000090603,15,True,
v01b_unit_pulse_strict,unit_pulse_no_time,strict,041000050102,041000090903,16,True,
v01b_unit_pulse_strict,unit_pulse_no_time,strict,041000050102,041000090904,17,True,
v01b_unit_pulse_strict,unit_pulse_no_time,strict,041000050103,041000050103,0,True,
v01b_unit_pulse_strict,unit_pulse_no_time,strict,041000050103,041000050105,1,True,
v01b_unit_pulse_strict,unit_pulse_no_time,strict,041000050103,041000050106,2,True,
v01b_unit_pulse_strict,unit_pulse_no_time,strict,041000050103,041000050202,3,True,
v01b_unit_pulse_strict,unit_pulse_no_time,strict,041000050103,041000050205,4,True,
v01b_unit_pulse_strict,unit_pulse_no_time,strict,041000050103,041000050207,5,True,
v01b_unit_pulse_strict,unit_pulse_no_time,strict,041000050103,041000050208,6,True,
v01b_unit_pulse_strict,unit_pulse_no_time,strict,041000050103,041000090201,7,True,
v01b_unit_pulse_strict,unit_pulse_no_time,strict,041000050103,041000090203,8,True,
v01b_unit_pulse_strict,unit_pulse_no_time,strict,041000050103,041000090206,9,True,
v01b_unit_pulse_strict,unit_pulse_no_time,strict,041000050103,041000090207,10,True,
v01b_unit_pulse_strict,unit_pulse_no_time,strict,041000050103,041000090403,11,True,
v01b_unit_pulse_strict,unit_pulse_no_time,strict,041000050103,041000090510,12,True,
v01b_unit_pulse_strict,unit_pulse_no_time,strict,041000050103,041000090602,13,True,
v01b_unit_pulse_strict,unit_pulse_no_time,strict,041000050103,041000090603,14,True,
v01b_unit_pulse_strict,unit_pulse_no_time,strict,041000050103,041000090903,15,True,
v01b_unit_pulse_strict,unit_pulse_no_time,strict,041000050103,041000090904,16,True,
v01b_unit_pulse_strict,unit_pulse_no_time,strict,041000050104,041000050104,0,True,
v01b_unit_pulse_strict,unit_pulse_no_time,strict,041000050104,041000050106,1,True,
v01b_unit_pulse_strict,unit_pulse_no_time,strict,041000050104,041000050202,2,True,
v01b_unit_pulse_strict,unit_pulse_no_time,strict,041000050104,041000050205,3,True,
v01b_unit_pulse_strict,unit_pulse_no_time,strict,041000050104,041000050207,4,True,
v01b_unit_pulse_strict,unit_pulse_no_time,strict,041000050104,041000050208,5,True,
v01b_unit_pulse_strict,unit_pulse_no_time,strict,041000050104,041000090201,6,True,
v01b_unit_pulse_strict,unit_pulse_no_time,strict,041000050104,041000090203,7,True,
v01b_unit_pulse_strict,unit_pulse_no_time,strict,041000050104,041000090206,8,True,
v01b_unit_pulse_strict,unit_pulse_no_time,strict,041000050104,041000090207,9,True,
v01b_unit_pulse_strict,unit_pulse_no_time,strict,041000050104,041000090403,10,True,
v01b_unit_pulse_strict,unit_pulse_no_time,strict,041000050104,041000090510,11,True,
v01b_unit_pulse_strict,unit_pulse_no_time,strict,041000050104,041000090602,12,True,
v01b_unit_pulse_strict,unit_pulse_no_time,strict,041000050104,041000090603,13,True,
v01b_unit_pulse_strict,unit_pulse_no_time,strict,041000050104,041000090903,14,True,
v01b_unit_pulse_strict,unit_pulse_no_time,strict,041000050104,041000090904,15,True,
v01b_unit_pulse_strict,unit_pulse_no_time,strict,041000050105,041000050105,0,True,
v01b_unit_pulse_strict,unit_pulse_no_time,strict,041000050105,041000050106,1,True,
v01b_unit_pulse_strict,unit_pulse_no_time,strict,041000050105,041000050202,2,True,
v01b_unit_pulse_strict,unit_pulse_no_time,strict,041000050105,041000050205,3,True,
v01b_unit_pulse_strict,unit_pulse_no_time,strict,041000050105,041000050207,4,True,
v01b_unit_pulse_strict,unit_pulse_no_time,strict,041000050105,041000050208,5,True,
v01b_unit_pulse_strict,unit_pulse_no_time,strict,041000050105,041000090201,6,True,
v01b_unit_pulse_strict,unit_pulse_no_time,strict,041000050105,041000090203,7,True,
v01b_unit_pulse_strict,unit_pulse_no_time,strict,041000050105,041000090206,8,True,
v01b_unit_pulse_strict,unit_pulse_no_time,strict,041000050105,041000090207,9,True,
v01b_unit_pulse_strict,unit_pulse_no_time,strict,041000050105,041000090403,10,True,
v01b_unit_pulse_strict,unit_pulse_no_time,strict,041000050105,041000090510,11,True,
v01b_unit_pulse_strict,unit_pulse_no_time,strict,041000050105,041000090602,12,True,
v01b_unit_pulse_strict,unit_pulse_no_time,strict,041000050105,041000090603,13,True,
v01b_unit_pulse_strict,unit_pulse_no_time,strict,041000050105,041000090903,14,True,
v01b_unit_pulse_strict,unit_pulse_no_time,strict,041000050105,041000090904,15,True,
v01b_unit_pulse_strict,unit_pulse_no_time,strict,041000050106,041000050106,0,True,
v01b_unit_pulse_strict,unit_pulse_no_time,strict,041000050106,041000050202,1,True,
v01b_unit_pulse_strict,unit_pulse_no_time,strict,041000050106,041000050205,2,True,
v01b_unit_pulse_strict,unit_pulse_no_time,strict,041000050106,041000050207,3,True,
v01b_unit_pulse_strict,unit_pulse_no_time,strict,041000050106,041000050208,4,True,
v01b_unit_pulse_strict,unit_pulse_no_time,strict,041000050106,041000090201,5,True,
v01b_unit_pulse_strict,unit_pulse_no_time,strict,041000050106,041000090203,6,True,
v01b_unit_pulse_strict,unit_pulse_no_time,strict,041000050106,041000090206,7,True,
v01b_unit_pulse_strict,unit_pulse_no_time,strict,041000050106,041000090207,8,True,
v01b_unit_pulse_strict,unit_pulse_no_time,strict,041000050106,041000090403,9,True,
v01b_unit_pulse_strict,unit_pulse_no_time,strict,041000050106,041000090510,10,True,
v01b_unit_pulse_strict,unit_pulse_no_time,strict,041000050106,041000090602,11,True,
v01b_unit_pulse_strict,unit_pulse_no_time,strict,041000050106,041000090603,12,True,
v01b_unit_pulse_strict,unit_pulse_no_time,strict,041000050106,041000090903,13,True,
v01b_unit_pulse_strict,unit_pulse_no_time,strict,041000050106,041000090904,14,True,
v01b_unit_pulse_strict,unit_pulse_no_time,strict,041000050201,041000050201,0,True,
v01b_unit_pulse_strict,unit_pulse_no_time,strict,041000050201,041000050202,1,True,
v01b_unit_pulse_strict,unit_pulse_no_time,strict,041000050201,041000050205,2,True,
v01b_unit_pulse_strict,unit_pulse_no_time,strict,041000050201,041000050207,3,True,
v01b_unit_pulse_strict,unit_pulse_no_time,strict,041000050201,041000050208,4,True,
v01b_unit_pulse_strict,unit_pulse_no_time,strict,041000050201,041000090201,5,True,
v01b_unit_pulse_strict,unit_pulse_no_time,strict,041000050201,041000090203,6,True,
v01b_unit_pulse_strict,unit_pulse_no_time,strict,041000050201,041000090206,7,True,
v01b_unit_pulse_strict,unit_pulse_no_time,strict,041000050201,041000090207,8,True,
v01b_unit_pulse_strict,unit_pulse_no_time,strict,041000050201,041000090403,9,True,
v01b_unit_pulse_strict,unit_pulse_no_time,strict,041000050201,041000090510,10,True,
v01b_unit_pulse_strict,unit_pulse_no_time,strict,041000050201,041000090602,11,True,
v01b_unit_pulse_strict,unit_pulse_no_time,strict,041000050201,041000090603,12,True,
v01b_unit_pulse_strict,unit_pulse_no_time,strict,041000050201,041000090903,13,True,
v01b_unit_pulse_strict,unit_pulse_no_time,strict,041000050201,041000090904,14,True,
v01b_unit_pulse_strict,unit_pulse_no_time,strict,041000050202,041000050202,0,True,
v01b_unit_pulse_strict,unit_pulse_no_time,strict,041000050202,041000050205,1,True,
v01b_unit_pulse_strict,unit_pulse_no_time,strict,041000050202,041000050207,2,True,
v01b_unit_pulse_strict,unit_pulse_no_time,strict,041000050202,041000050208,3,True,
v01b_unit_pulse_strict,unit_pulse_no_time,strict,041000050202,041000090201,4,True,
v01b_unit_pulse_strict,unit_pulse_no_time,strict,041000050202,041000090203,5,True,
v01b_unit_pulse_strict,unit_pulse_no_time,strict,041000050202,041000090206,6,True,
v01b_unit_pulse_strict,unit_pulse_no_time,strict,041000050202,041000090207,7,True,
v01b_unit_pulse_strict,unit_pulse_no_time,strict,041000050202,041000090403,8,True,
v01b_unit_pulse_strict,unit_pulse_no_time,strict,041000050202,041000090510,9,True,
v01b_unit_pulse_strict,unit_pulse_no_time,strict,041000050202,041000090602,10,True,
v01b_unit_pulse_strict,unit_pulse_no_time,strict,041000050202,041000090603,11,True,
v01b_unit_pulse_strict,unit_pulse_no_time,strict,041000050202,041000090903,12,True,
v01b_unit_pulse_strict,unit_pulse_no_time,strict,041000050202,041000090904,13,True,
v01b_unit_pulse_strict,unit_pulse_no_time,strict,041000050203,041000050203,0,True,
v01b_unit_pulse_strict,unit_pulse_no_time,strict,041000050203,041000050205,1,True,
v01b_unit_pulse_strict,unit_pulse_no_time,strict,041000050203,041000050207,2,True,
v01b_unit_pulse_strict,unit_pulse_no_time,strict,041000050203,041000050208,3,True,
v01b_unit_pulse_strict,unit_pulse_no_time,strict,041000050203,041000090201,4,True,
v01b_unit_pulse_strict,unit_pulse_no_time,strict,041000050203,041000090203,5,True,
v01b_unit_pulse_strict,unit_pulse_no_time,strict,041000050203,041000090206,6,True,
v01b_unit_pulse_strict,unit_pulse_no_time,strict,041000050203,041000090207,7,True,
v01b_unit_pulse_strict,unit_pulse_no_time,strict,041000050203,041000090403,8,True,
v01b_unit_pulse_strict,unit_pulse_no_time,strict,041000050203,041000090510,9,True,
v01b_unit_pulse_strict,unit_pulse_no_time,strict,041000050203,041000090602,10,True,
v01b_unit_pulse_strict,unit_pulse_no_time,strict,041000050203,041000090603,11,True,
v01b_unit_pulse_strict,unit_pulse_no_time,strict,041000050203,041000090903,12,True,
v01b_unit_pulse_strict,unit_pulse_no_time,strict,041000050203,041000090904,13,True,
v01b_unit_pulse_strict,unit_pulse_no_time,strict,041000050204,041000050204,0,True,
v01b_unit_pulse_strict,unit_pulse_no_time,strict,041000050204,041000050205,1,True,
v01b_unit_pulse_strict,unit_pulse_no_time,strict,041000050204,041000050207,2,True,
v01b_unit_pulse_strict,unit_pulse_no_time,strict,041000050204,041000050208,3,True,
v01b_unit_pulse_strict,unit_pulse_no_time,strict,041000050204,041000090201,4,True,
v01b_unit_pulse_strict,unit_pulse_no_time,strict,041000050204,041000090203,5,True,
v01b_unit_pulse_strict,unit_pulse_no_time,strict,041000050204,041000090206,6,True,
v01b_unit_pulse_strict,unit_pulse_no_time,strict,041000050204,041000090207,7,True,
v01b_unit_pulse_strict,unit_pulse_no_time,strict,041000050204,041000090403,8,True,
v01b_unit_pulse_strict,unit_pulse_no_time,strict,041000050204,041000090510,9,True,
v01b_unit_pulse_strict,unit_pulse_no_time,strict,041000050204,041000090602,10,True,
v01b_unit_pulse_strict,unit_pulse_no_time,strict,041000050204,041000090603,11,True,
v01b_unit_pulse_strict,unit_pulse_no_time,strict,041000050204,041000090903,12,True,
v01b_unit_pulse_strict,unit_pulse_no_time,strict,041000050204,041000090904,13,True,
v01b_unit_pulse_strict,unit_pulse_no_time,strict,041000050205,041000050205,0,True,
v01b_unit_pulse_strict,unit_pulse_no_time,strict,041000050205,041000050207,1,True,
v01b_unit_pulse_strict,unit_pulse_no_time,strict,041000050205,041000050208,2,True,
v01b_unit_pulse_strict,unit_pulse_no_time,strict,041000050205,041000090201,3,True,
v01b_unit_pulse_strict,unit_pulse_no_time,strict,041000050205,041000090203,4,True,
v01b_unit_pulse_strict,unit_pulse_no_time,strict,041000050205,041000090206,5,True,
v01b_unit_pulse_strict,unit_pulse_no_time,strict,041000050205,041000090207,6,True,
v01b_unit_pulse_strict,unit_pulse_no_time,strict,041000050205,041000090403,7,True,
v01b_unit_pulse_strict,unit_pulse_no_time,strict,041000050205,041000090510,8,True,
v01b_unit_pulse_strict,unit_pulse_no_time,strict,041000050205,041000090602,9,True,
v01b_unit_pulse_strict,unit_pulse_no_time,strict,041000050205,041000090603,10,True,
v01b_unit_pulse_strict,unit_pulse_no_time,strict,041000050205,041000090903,11,True,
v01b_unit_pulse_strict,unit_pulse_no_time,strict,041000050205,041000090904,12,True,
v01b_unit_pulse_strict,unit_pulse_no_time,strict,041000050206,041000050206,0,True,
v01b_unit_pulse_strict,unit_pulse_no_time,strict,041000050206,041000050207,1,True,
v01b_unit_pulse_strict,unit_pulse_no_time,strict,041000050206,041000050208,2,True,
v01b_unit_pulse_strict,unit_pulse_no_time,strict,041000050206,041000090201,3,True,
v01b_unit_pulse_strict,unit_pulse_no_time,strict,041000050206,041000090203,4,True,
v01b_unit_pulse_strict,unit_pulse_no_time,strict,041000050206,041000090206,5,True,
v01b_unit_pulse_strict,unit_pulse_no_time,strict,041000050206,041000090207,6,True,
v01b_unit_pulse_strict,unit_pulse_no_time,strict,041000050206,041000090403,7,True,
v01b_unit_pulse_strict,unit_pulse_no_time,strict,041000050206,041000090510,8,True,
v01b_unit_pulse_strict,unit_pulse_no_time,strict,041000050206,041000090602,9,True,
v01b_unit_pulse_strict,unit_pulse_no_time,strict,041000050206,041000090603,10,True,
v01b_unit_pulse_strict,unit_pulse_no_time,strict,041000050206,041000090903,11,True,
v01b_unit_pulse_strict,unit_pulse_no_time,strict,041000050206,041000090904,12,True,
v01b_unit_pulse_strict,unit_pulse_no_time,strict,041000050207,041000050207,0,True,
v01b_unit_pulse_strict,unit_pulse_no_time,strict,041000050207,041000050208,1,True,
v01b_unit_pulse_strict,unit_pulse_no_time,strict,041000050207,041000090201,2,True,
v01b_unit_pulse_strict,unit_pulse_no_time,strict,041000050207,041000090203,3,True,
v01b_unit_pulse_strict,unit_pulse_no_time,strict,041000050207,041000090206,4,True,
v01b_unit_pulse_strict,unit_pulse_no_time,strict,041000050207,041000090207,5,True,
v01b_unit_pulse_strict,unit_pulse_no_time,strict,041000050207,041000090403,6,True,
v01b_unit_pulse_strict,unit_pulse_no_time,strict,041000050207,041000090510,7,True,
v01b_unit_pulse_strict,unit_pulse_no_time,strict,041000050207,041000090602,8,True,
v01b_unit_pulse_strict,unit_pulse_no_time,strict,041000050207,041000090603,9,True,
v01b_unit_pulse_strict,unit_pulse_no_time,strict,041000050207,041000090903,10,True,
v01b_unit_pulse_strict,unit_pulse_no_time,strict,041000050207,041000090904,11,True,
v01b_unit_pulse_strict,unit_pulse_no_time,strict,041000050208,041000050208,0,True,
v01b_unit_pulse_strict,unit_pulse_no_time,strict,041000050208,041000090201,1,True,
v01b_unit_pulse_strict,unit_pulse_no_time,strict,041000050208,041000090203,2,True,
v01b_unit_pulse_strict,unit_pulse_no_time,strict,041000050208,041000090206,3,True,
v01b_unit_pulse_strict,unit_pulse_no_time,strict,041000050208,041000090207,4,True,
v01b_unit_pulse_strict,unit_pulse_no_time,strict,041000050208,041000090403,5,True,
v01b_unit_pulse_strict,unit_pulse_no_time,strict,041000050208,041000090510,6,True,
v01b_unit_pulse_strict,unit_pulse_no_time,strict,041000050208,041000090602,7,True,
v01b_unit_pulse_strict,unit_pulse_no_time,strict,041000050208,041000090603,8,True,
v01b_unit_pulse_strict,unit_pulse_no_time,strict,041000050208,041000090903,9,True,
v01b_unit_pulse_strict,unit_pulse_no_time,strict,041000050208,041000090904,10,True,
v01b_unit_pulse_strict,unit_pulse_no_time,strict,041000060101,041000060101,0,True,
v01b_unit_pulse_strict,unit_pulse_no_time,strict,041000060101,041000060102,1,True,
v01b_unit_pulse_strict,unit_pulse_no_time,strict,041000060101,041000060103,2,True,
v01b_unit_pulse_strict,unit_pulse_no_time,strict,041000060101,041000060104,3,True,
v01b_unit_pulse_strict,unit_pulse_no_time,strict,041000060101,041000060106,4,True,
v01b_unit_pulse_strict,unit_pulse_no_time,strict,041000060101,041000060201,5,True,
v01b_unit_pulse_strict,unit_pulse_no_time,strict,041000060101,041000060202,6,True,
v01b_unit_pulse_strict,unit_pulse_no_time,strict,041000060101,041000060205,7,True,
v01b_unit_pulse_strict,unit_pulse_no_time,strict,041000060101,041000060301,8,True,
v01b_unit_pulse_strict,unit_pulse_no_time,strict,041000060101,041000060303,9,True,
v01b_unit_pulse_strict,unit_pulse_no_time,strict,041000060101,041000060503,10,True,
v01b_unit_pulse_strict,unit_pulse_no_time,strict,041000060101,041000060504,11,True,
v01b_unit_pulse_strict,unit_pulse_no_time,strict,041000060101,041000060604,12,True,
v01b_unit_pulse_strict,unit_pulse_no_time,strict,041000060101,041000090201,13,True,
v01b_unit_pulse_strict,unit_pulse_no_time,strict,041000060101,041000090203,14,True,
v01b_unit_pulse_strict,unit_pulse_no_time,strict,041000060101,041000090206,15,True,
v01b_unit_pulse_strict,unit_pulse_no_time,strict,041000060101,041000090207,16,True,
v01b_unit_pulse_strict,unit_pulse_no_time,strict,041000060101,041000090403,17,True,
v01b_unit_pulse_strict,unit_pulse_no_time,strict,041000060101,041000090510,18,True,
v01b_unit_pulse_strict,unit_pulse_no_time,strict,041000060101,041000090602,19,True,
v01b_unit_pulse_strict,unit_pulse_no_time,strict,041000060101,041000090603,20,True,
v01b_unit_pulse_strict,unit_pulse_no_time,strict,041000060101,041000090903,21,True,
v01b_unit_pulse_strict,unit_pulse_no_time,strict,041000060101,041000090904,22,True,
v01b_unit_pulse_strict,unit_pulse_no_time,strict,041000060102,041000060102,0,True,
v01b_unit_pulse_strict,unit_pulse_no_time,strict,041000060102,041000060103,1,True,
v01b_unit_pulse_strict,unit_pulse_no_time,strict,041000060102,041000060104,2,True,
v01b_unit_pulse_strict,unit_pulse_no_time,strict,041000060102,041000060106,3,True,
v01b_unit_pulse_strict,unit_pulse_no_time,strict,041000060102,041000060201,4,True,
v01b_unit_pulse_strict,unit_pulse_no_time,strict,041000060102,041000060202,5,True,
v01b_unit_pulse_strict,unit_pulse_no_time,strict,041000060102,041000060205,6,True,
v01b_unit_pulse_strict,unit_pulse_no_time,strict,041000060102,041000060301,7,True,
v01b_unit_pulse_strict,unit_pulse_no_time,strict,041000060102,041000060303,8,True,
v01b_unit_pulse_strict,unit_pulse_no_time,strict,041000060102,041000060503,9,True,
v01b_unit_pulse_strict,unit_pulse_no_time,strict,041000060102,041000060504,10,True,
v01b_unit_pulse_strict,unit_pulse_no_time,strict,041000060102,041000060604,11,True,
v01b_unit_pulse_strict,unit_pulse_no_time,strict,041000060102,041000090201,12,True,
v01b_unit_pulse_strict,unit_pulse_no_time,strict,041000060102,041000090203,13,True,
v01b_unit_pulse_strict,unit_pulse_no_time,strict,041000060102,041000090206,14,True,
v01b_unit_pulse_strict,unit_pulse_no_time,strict,041000060102,041000090207,15,True,
v01b_unit_pulse_strict,unit_pulse_no_time,strict,041000060102,041000090403,16,True,
v01b_unit_pulse_strict,unit_pulse_no_time,strict,041000060102,041000090510,17,True,
v01b_unit_pulse_strict,unit_pulse_no_time,strict,041000060102,041000090602,18,True,
v01b_unit_pulse_strict,unit_pulse_no_time,strict,041000060102,041000090603,19,True,
v01b_unit_pulse_strict,unit_pulse_no_time,strict,041000060102,041000090903,20,True,
v01b_unit_pulse_strict,unit_pulse_no_time,strict,041000060102,041000090904,21,True,
v01b_unit_pulse_strict,unit_pulse_no_time,strict,041000060103,041000060103,0,True,
v01b_unit_pulse_strict,unit_pulse_no_time,strict,041000060103,041000060104,1,True,
v01b_unit_pulse_strict,unit_pulse_no_time,strict,041000060103,041000060106,2,True,
v01b_unit_pulse_strict,unit_pulse_no_time,strict,041000060103,041000060201,3,True,
v01b_unit_pulse_strict,unit_pulse_no_time,strict,041000060103,041000060202,4,True,
v01b_unit_pulse_strict,unit_pulse_no_time,strict,041000060103,041000060205,5,True,
v01b_unit_pulse_strict,unit_pulse_no_time,strict,041000060103,041000060301,6,True,
v01b_unit_pulse_strict,unit_pulse_no_time,strict,041000060103,041000060303,7,True,
v01b_unit_pulse_strict,unit_pulse_no_time,strict,041000060103,041000060503,8,True,
v01b_unit_pulse_strict,unit_pulse_no_time,strict,041000060103,041000060504,9,True,
v01b_unit_pulse_strict,unit_pulse_no_time,strict,041000060103,041000060604,10,True,
v01b_unit_pulse_strict,unit_pulse_no_time,strict,041000060103,041000090201,11,True,
v01b_unit_pulse_strict,unit_pulse_no_time,strict,041000060103,041000090203,12,True,
v01b_unit_pulse_strict,unit_pulse_no_time,strict,041000060103,041000090206,13,True,
v01b_unit_pulse_strict,unit_pulse_no_time,strict,041000060103,041000090207,14,True,
v01b_unit_pulse_strict,unit_pulse_no_time,strict,041000060103,041000090403,15,True,
v01b_unit_pulse_strict,unit_pulse_no_time,strict,041000060103,041000090510,16,True,
v01b_unit_pulse_strict,unit_pulse_no_time,strict,041000060103,041000090602,17,True,
v01b_unit_pulse_strict,unit_pulse_no_time,strict,041000060103,041000090603,18,True,
v01b_unit_pulse_strict,unit_pulse_no_time,strict,041000060103,041000090903,19,True,
v01b_unit_pulse_strict,unit_pulse_no_time,strict,041000060103,041000090904,20,True,
v01b_unit_pulse_strict,unit_pulse_no_time,strict,041000060104,041000060104,0,True,
v01b_unit_pulse_strict,unit_pulse_no_time,strict,041000060104,041000060106,1,True,
v01b_unit_pulse_strict,unit_pulse_no_time,strict,041000060104,041000060201,2,True,
v01b_unit_pulse_strict,unit_pulse_no_time,strict,041000060104,041000060202,3,True,
v01b_unit_pulse_strict,unit_pulse_no_time,strict,041000060104,041000060205,4,True,
v01b_unit_pulse_strict,unit_pulse_no_time,strict,041000060104,041000060301,5,True,
v01b_unit_pulse_strict,unit_pulse_no_time,strict,041000060104,041000060303,6,True,
v01b_unit_pulse_strict,unit_pulse_no_time,strict,041000060104,041000060503,7,True,
v01b_unit_pulse_strict,unit_pulse_no_time,strict,041000060104,041000060504,8,True,
v01b_unit_pulse_strict,unit_pulse_no_time,strict,041000060104,041000060604,9,True,
v01b_unit_pulse_strict,unit_pulse_no_time,strict,041000060104,041000090201,10,True,
v01b_unit_pulse_strict,unit_pulse_no_time,strict,041000060104,041000090203,11,True,
v01b_unit_pulse_strict,unit_pulse_no_time,strict,041000060104,041000090206,12,True,
v01b_unit_pulse_strict,unit_pulse_no_time,strict,041000060104,041000090207,13,True,
v01b_unit_pulse_strict,unit_pulse_no_time,strict,041000060104,041000090403,14,True,
v01b_unit_pulse_strict,unit_pulse_no_time,strict,041000060104,041000090510,15,True,
v01b_unit_pulse_strict,unit_pulse_no_time,strict,041000060104,041000090602,16,True,
v01b_unit_pulse_strict,unit_pulse_no_time,strict,041000060104,041000090603,17,True,
v01b_unit_pulse_strict,unit_pulse_no_time,strict,041000060104,041000090903,18,True,
v01b_unit_pulse_strict,unit_pulse_no_time,strict,041000060104,041000090904,19,True,
v01b_unit_pulse_strict,unit_pulse_no_time,strict,041000060105,041000060105,0,True,
v01b_unit_pulse_strict,unit_pulse_no_time,strict,041000060105,041000060106,1,True,
v01b_unit_pulse_strict,unit_pulse_no_time,strict,041000060105,041000060201,2,True,
v01b_unit_pulse_strict,unit_pulse_no_time,strict,041000060105,041000060202,3,True,
v01b_unit_pulse_strict,unit_pulse_no_time,strict,041000060105,041000060205,4,True,
v01b_unit_pulse_strict,unit_pulse_no_time,strict,041000060105,041000060301,5,True,
v01b_unit_pulse_strict,unit_pulse_no_time,strict,041000060105,041000060303,6,True,
v01b_unit_pulse_strict,unit_pulse_no_time,strict,041000060105,041000060503,7,True,
v01b_unit_pulse_strict,unit_pulse_no_time,strict,041000060105,041000060504,8,True,
v01b_unit_pulse_strict,unit_pulse_no_time,strict,041000060105,041000060604,9,True,
v01b_unit_pulse_strict,unit_pulse_no_time,strict,041000060105,041000090201,10,True,
v01b_unit_pulse_strict,unit_pulse_no_time,strict,041000060105,041000090203,11,True,
v01b_unit_pulse_strict,unit_pulse_no_time,strict,041000060105,041000090206,12,True,
v01b_unit_pulse_strict,unit_pulse_no_time,strict,041000060105,041000090207,13,True,
v01b_unit_pulse_strict,unit_pulse_no_time,strict,041000060105,041000090403,14,True,
v01b_unit_pulse_strict,unit_pulse_no_time,strict,041000060105,041000090510,15,True,
v01b_unit_pulse_strict,unit_pulse_no_time,strict,041000060105,041000090602,16,True,
v01b_unit_pulse_strict,unit_pulse_no_time,strict,041000060105,041000090603,17,True,
v01b_unit_pulse_strict,unit_pulse_no_time,strict,041000060105,041000090903,18,True,
v01b_unit_pulse_strict,unit_pulse_no_time,strict,041000060105,041000090904,19,True,
v01b_unit_pulse_strict,unit_pulse_no_time,strict,041000060106,041000060106,0,True,
v01b_unit_pulse_strict,unit_pulse_no_time,strict,041000060106,041000060201,1,True,
v01b_unit_pulse_strict,unit_pulse_no_time,strict,041000060106,041000060202,2,True,
v01b_unit_pulse_strict,unit_pulse_no_time,strict,041000060106,041000060205,3,True,
v01b_unit_pulse_strict,unit_pulse_no_time,strict,041000060106,041000060301,4,True,
v01b_unit_pulse_strict,unit_pulse_no_time,strict,041000060106,041000060303,5,True,
v01b_unit_pulse_strict,unit_pulse_no_time,strict,041000060106,041000060503,6,True,
v01b_unit_pulse_strict,unit_pulse_no_time,strict,041000060106,041000060504,7,True,
v01b_unit_pulse_strict,unit_pulse_no_time,strict,041000060106,041000060604,8,True,
v01b_unit_pulse_strict,unit_pulse_no_time,strict,041000060106,041000090201,9,True,
v01b_unit_pulse_strict,unit_pulse_no_time,strict,041000060106,041000090203,10,True,
v01b_unit_pulse_strict,unit_pulse_no_time,strict,041000060106,041000090206,11,True,
v01b_unit_pulse_strict,unit_pulse_no_time,strict,041000060106,041000090207,12,True,
v01b_unit_pulse_strict,unit_pulse_no_time,strict,041000060106,041000090403,13,True,
v01b_unit_pulse_strict,unit_pulse_no_time,strict,041000060106,041000090510,14,True,
v01b_unit_pulse_strict,unit_pulse_no_time,strict,041000060106,041000090602,15,True,
v01b_unit_pulse_strict,unit_pulse_no_time,strict,041000060106,041000090603,16,True,
v01b_unit_pulse_strict,unit_pulse_no_time,strict,041000060106,041000090903,17,True,
v01b_unit_pulse_strict,unit_pulse_no_time,strict,041000060106,041000090904,18,True,
v01b_unit_pulse_strict,unit_pulse_no_time,strict,041000060201,041000060201,0,True,
v01b_unit_pulse_strict,unit_pulse_no_time,strict,041000060201,041000060202,1,True,
v01b_unit_pulse_strict,unit_pulse_no_time,strict,041000060201,041000060205,2,True,
v01b_unit_pulse_strict,unit_pulse_no_time,strict,041000060201,041000060301,3,True,
v01b_unit_pulse_strict,unit_pulse_no_time,strict,041000060201,041000060303,4,True,
v01b_unit_pulse_strict,unit_pulse_no_time,strict,041000060201,041000060503,5,True,
v01b_unit_pulse_strict,unit_pulse_no_time,strict,041000060201,041000060504,6,True,
v01b_unit_pulse_strict,unit_pulse_no_time,strict,041000060201,041000060604,7,True,
v01b_unit_pulse_strict,unit_pulse_no_time,strict,041000060201,041000090201,8,True,
v01b_unit_pulse_strict,unit_pulse_no_time,strict,041000060201,041000090203,9,True,
v01b_unit_pulse_strict,unit_pulse_no_time,strict,041000060201,041000090206,10,True,
v01b_unit_pulse_strict,unit_pulse_no_time,strict,041000060201,041000090207,11,True,
v01b_unit_pulse_strict,unit_pulse_no_time,strict,041000060201,041000090403,12,True,
v01b_unit_pulse_strict,unit_pulse_no_time,strict,041000060201,041000090510,13,True,
v01b_unit_pulse_strict,unit_pulse_no_time,strict,041000060201,041000090602,14,True,
v01b_unit_pulse_strict,unit_pulse_no_time,strict,041000060201,041000090603,15,True,
v01b_unit_pulse_strict,unit_pulse_no_time,strict,041000060201,041000090903,16,True,
v01b_unit_pulse_strict,unit_pulse_no_time,strict,041000060201,041000090904,17,True,
v01b_unit_pulse_strict,unit_pulse_no_time,strict,041000060202,041000060202,0,True,
v01b_unit_pulse_strict,unit_pulse_no_time,strict,041000060202,041000060205,1,True,
v01b_unit_pulse_strict,unit_pulse_no_time,strict,041000060202,041000060301,2,True,
v01b_unit_pulse_strict,unit_pulse_no_time,strict,041000060202,041000060303,3,True,
v01b_unit_pulse_strict,unit_pulse_no_time,strict,041000060202,041000060503,4,True,
v01b_unit_pulse_strict,unit_pulse_no_time,strict,041000060202,041000060504,5,True,
v01b_unit_pulse_strict,unit_pulse_no_time,strict,041000060202,041000060604,6,True,
v01b_unit_pulse_strict,unit_pulse_no_time,strict,041000060202,041000090201,7,True,
v01b_unit_pulse_strict,unit_pulse_no_time,strict,041000060202,041000090203,8,True,
v01b_unit_pulse_strict,unit_pulse_no_time,strict,041000060202,041000090206,9,True,
v01b_unit_pulse_strict,unit_pulse_no_time,strict,041000060202,041000090207,10,True,
v01b_unit_pulse_strict,unit_pulse_no_time,strict,041000060202,041000090403,11,True,
v01b_unit_pulse_strict,unit_pulse_no_time,strict,041000060202,041000090510,12,True,
v01b_unit_pulse_strict,unit_pulse_no_time,strict,041000060202,041000090602,13,True,
v01b_unit_pulse_strict,unit_pulse_no_time,strict,041000060202,041000090603,14,True,
v01b_unit_pulse_strict,unit_pulse_no_time,strict,041000060202,041000090903,15,True,
v01b_unit_pulse_strict,unit_pulse_no_time,strict,041000060202,041000090904,16,True,
v01b_unit_pulse_strict,unit_pulse_no_time,strict,041000060203,041000060203,0,True,
v01b_unit_pulse_strict,unit_pulse_no_time,strict,041000060203,041000060205,1,True,
v01b_unit_pulse_strict,unit_pulse_no_time,strict,041000060203,041000060301,2,True,
v01b_unit_pulse_strict,unit_pulse_no_time,strict,041000060203,041000060303,3,True,
v01b_unit_pulse_strict,unit_pulse_no_time,strict,041000060203,041000060503,4,True,
v01b_unit_pulse_strict,unit_pulse_no_time,strict,041000060203,041000060504,5,True,
v01b_unit_pulse_strict,unit_pulse_no_time,strict,041000060203,041000060604,6,True,
v01b_unit_pulse_strict,unit_pulse_no_time,strict,041000060203,041000090201,7,True,
v01b_unit_pulse_strict,unit_pulse_no_time,strict,041000060203,041000090203,8,True,
v01b_unit_pulse_strict,unit_pulse_no_time,strict,041000060203,041000090206,9,True,
v01b_unit_pulse_strict,unit_pulse_no_time,strict,041000060203,041000090207,10,True,
v01b_unit_pulse_strict,unit_pulse_no_time,strict,041000060203,041000090403,11,True,
v01b_unit_pulse_strict,unit_pulse_no_time,strict,041000060203,041000090510,12,True,
v01b_unit_pulse_strict,unit_pulse_no_time,strict,041000060203,041000090602,13,True,
v01b_unit_pulse_strict,unit_pulse_no_time,strict,041000060203,041000090603,14,True,
v01b_unit_pulse_strict,unit_pulse_no_time,strict,041000060203,041000090903,15,True,
v01b_unit_pulse_strict,unit_pulse_no_time,strict,041000060203,041000090904,16,True,
v01b_unit_pulse_strict,unit_pulse_no_time,strict,041000060204,041000060204,0,True,
v01b_unit_pulse_strict,unit_pulse_no_time,strict,041000060204,041000060205,1,False,041000060204
v01b_unit_pulse_strict,unit_pulse_no_time,strict,041000060204,041000060301,2,False,041000060204
v01b_unit_pulse_strict,unit_pulse_no_time,strict,041000060204,041000060303,3,False,041000060204
v01b_unit_pulse_strict,unit_pulse_no_time,strict,041000060204,041000060503,4,False,041000060204
v01b_unit_pulse_strict,unit_pulse_no_time,strict,041000060204,041000060504,5,False,041000060204
v01b_unit_pulse_strict,unit_pulse_no_time,strict,041000060204,041000060604,6,False,041000060204
v01b_unit_pulse_strict,unit_pulse_no_time,strict,041000060204,041000090201,7,False,041000060204
v01b_unit_pulse_strict,unit_pulse_no_time,strict,041000060204,041000090203,8,False,041000060204
v01b_unit_pulse_strict,unit_pulse_no_time,strict,041000060204,041000090206,9,False,041000060204
v01b_unit_pulse_strict,unit_pulse_no_time,strict,041000060204,041000090207,10,False,041000060204
v01b_unit_pulse_strict,unit_pulse_no_time,strict,041000060204,041000090403,11,False,041000060204
v01b_unit_pulse_strict,unit_pulse_no_time,strict,041000060204,041000090510,12,False,041000060204
v01b_unit_pulse_strict,unit_pulse_no_time,strict,041000060204,041000090602,13,False,041000060204
v01b_unit_pulse_strict,unit_pulse_no_time,strict,041000060204,041000090603,14,False,041000060204
v01b_unit_pulse_strict,unit_pulse_no_time,strict,041000060204,041000090903,15,False,041000060204
v01b_unit_pulse_strict,unit_pulse_no_time,strict,041000060204,041000090904,16,False,041000060204
v01b_unit_pulse_strict,unit_pulse_no_time,strict,041000060205,041000060205,0,True,
v01b_unit_pulse_strict,unit_pulse_no_time,strict,041000060205,041000060301,1,True,
v01b_unit_pulse_strict,unit_pulse_no_time,strict,041000060205,041000060303,2,True,
v01b_unit_pulse_strict,unit_pulse_no_time,strict,041000060205,041000060503,3,True,
v01b_unit_pulse_strict,unit_pulse_no_time,strict,041000060205,041000060504,4,True,
v01b_unit_pulse_strict,unit_pulse_no_time,strict,041000060205,041000060604,5,True,
v01b_unit_pulse_strict,unit_pulse_no_time,strict,041000060205,041000090201,6,True,
v01b_unit_pulse_strict,unit_pulse_no_time,strict,041000060205,041000090203,7,True,
v01b_unit_pulse_strict,unit_pulse_no_time,strict,041000060205,041000090206,8,True,
v01b_unit_pulse_strict,unit_pulse_no_time,strict,041000060205,041000090207,9,True,
v01b_unit_pulse_strict,unit_pulse_no_time,strict,041000060205,041000090403,10,True,
v01b_unit_pulse_strict,unit_pulse_no_time,strict,041000060205,041000090510,11,True,
v01b_unit_pulse_strict,unit_pulse_no_time,strict,041000060205,041000090602,12,True,
v01b_unit_pulse_strict,unit_pulse_no_time,strict,041000060205,041000090603,13,True,
v01b_unit_pulse_strict,unit_pulse_no_time,strict,041000060205,041000090903,14,True,
v01b_unit_pulse_strict,unit_pulse_no_time,strict,041000060205,041000090904,15,True,
v01b_unit_pulse_strict,unit_pulse_no_time,strict,041000060301,041000060301,0,True,
v01b_unit_pulse_strict,unit_pulse_no_time,strict,041000060301,041000060303,1,True,
v01b_unit_pulse_strict,unit_pulse_no_time,strict,041000060301,041000060503,2,True,
v01b_unit_pulse_strict,unit_pulse_no_time,strict,041000060301,041000060504,3,True,
v01b_unit_pulse_strict,unit_pulse_no_time,strict,041000060301,041000060604,4,True,
v01b_unit_pulse_strict,unit_pulse_no_time,strict,041000060301,041000090201,5,True,
v01b_unit_pulse_strict,unit_pulse_no_time,strict,041000060301,041000090203,6,True,
v01b_unit_pulse_strict,unit_pulse_no_time,strict,041000060301,041000090206,7,True,
v01b_unit_pulse_strict,unit_pulse_no_time,strict,041000060301,041000090207,8,True,
v01b_unit_pulse_strict,unit_pulse_no_time,strict,041000060301,041000090403,9,True,
v01b_unit_pulse_strict,unit_pulse_no_time,strict,041000060301,041000090510,10,True,
v01b_unit_pulse_strict,unit_pulse_no_time,strict,041000060301,041000090602,11,True,
v01b_unit_pulse_strict,unit_pulse_no_time,strict,041000060301,041000090603,12,True,
v01b_unit_pulse_strict,unit_pulse_no_time,strict,041000060301,041000090903,13,True,
v01b_unit_pulse_strict,unit_pulse_no_time,strict,041000060301,041000090904,14,True,
v01b_unit_pulse_strict,unit_pulse_no_time,strict,041000060302,041000060302,0,True,
v01b_unit_pulse_strict,unit_pulse_no_time,strict,041000060302,041000060303,1,True,
v01b_unit_pulse_strict,unit_pulse_no_time,strict,041000060302,041000060503,2,True,
v01b_unit_pulse_strict,unit_pulse_no_time,strict,041000060302,041000060504,3,True,
v01b_unit_pulse_strict,unit_pulse_no_time,strict,041000060302,041000060604,4,True,
v01b_unit_pulse_strict,unit_pulse_no_time,strict,041000060302,041000090201,5,True,
v01b_unit_pulse_strict,unit_pulse_no_time,strict,041000060302,041000090203,6,True,
v01b_unit_pulse_strict,unit_pulse_no_time,strict,041000060302,041000090206,7,True,
v01b_unit_pulse_strict,unit_pulse_no_time,strict,041000060302,041000090207,8,True,
v01b_unit_pulse_strict,unit_pulse_no_time,strict,041000060302,041000090403,9,True,
v01b_unit_pulse_strict,unit_pulse_no_time,strict,041000060302,041000090510,10,True,
v01b_unit_pulse_strict,unit_pulse_no_time,strict,041000060302,041000090602,11,True,
v01b_unit_pulse_strict,unit_pulse_no_time,strict,041000060302,041000090603,12,True,
v01b_unit_pulse_strict,unit_pulse_no_time,strict,041000060302,041000090903,13,True,
v01b_unit_pulse_strict,unit_pulse_no_time,strict,041000060302,041000090904,14,True,
v01b_unit_pulse_strict,unit_pulse_no_time,strict,041000060303,041000060303,0,True,
v01b_unit_pulse_strict,unit_pulse_no_time,strict,041000060303,041000060503,1,True,
v01b_unit_pulse_strict,unit_pulse_no_time,strict,041000060303,041000060504,2,True,
v01b_unit_pulse_strict,unit_pulse_no_time,strict,041000060303,041000060604,3,True,
v01b_unit_pulse_strict,unit_pulse_no_time,strict,041000060303,041000090201,4,True,
v01b_unit_pulse_strict,unit_pulse_no_time,strict,041000060303,041000090203,5,True,
v01b_unit_pulse_strict,unit_pulse_no_time,strict,041000060303,041000090206,6,True,
v01b_unit_pulse_strict,unit_pulse_no_time,strict,041000060303,041000090207,7,True,
v01b_unit_pulse_strict,unit_pulse_no_time,strict,041000060303,041000090403,8,True,
v01b_unit_pulse_strict,unit_pulse_no_time,strict,041000060303,041000090510,9,True,
v01b_unit_pulse_strict,unit_pulse_no_time,strict,041000060303,041000090602,10,True,
v01b_unit_pulse_strict,unit_pulse_no_time,strict,041000060303,041000090603,11,True,
v01b_unit_pulse_strict,unit_pulse_no_time,strict,041000060303,041000090903,12,True,
v01b_unit_pulse_strict,unit_pulse_no_time,strict,041000060303,041000090904,13,True,
v01b_unit_pulse_strict,unit_pulse_no_time,strict,041000060401,041000060401,0,True,
v01b_unit_pulse_strict,unit_pulse_no_time,strict,041000060401,041000060402,1,True,
v01b_unit_pulse_strict,unit_pulse_no_time,strict,041000060401,041000060404,2,True,
v01b_unit_pulse_strict,unit_pulse_no_time,strict,041000060401,041000060504,3,True,
v01b_unit_pulse_strict,unit_pulse_no_time,strict,041000060401,041000060604,4,True,
v01b_unit_pulse_strict,unit_pulse_no_time,strict,041000060401,041000090201,5,True,
v01b_unit_pulse_strict,unit_pulse_no_time,strict,041000060401,041000090203,6,True,
v01b_unit_pulse_strict,unit_pulse_no_time,strict,041000060401,041000090206,7,True,
v01b_unit_pulse_strict,unit_pulse_no_time,strict,041000060401,041000090207,8,True,
v01b_unit_pulse_strict,unit_pulse_no_time,strict,041000060401,041000090403,9,True,
v01b_unit_pulse_strict,unit_pulse_no_time,strict,041000060401,041000090510,10,True,
v01b_unit_pulse_strict,unit_pulse_no_time,strict,041000060401,041000090602,11,True,
v01b_unit_pulse_strict,unit_pulse_no_time,strict,041000060401,041000090603,12,True,
v01b_unit_pulse_strict,unit_pulse_no_time,strict,041000060401,041000090903,13,True,
v01b_unit_pulse_strict,unit_pulse_no_time,strict,041000060401,041000090904,14,True,
v01b_unit_pulse_strict,unit_pulse_no_time,strict,041000060402,041000060402,0,True,
v01b_unit_pulse_strict,unit_pulse_no_time,strict,041000060402,041000060404,1,True,
v01b_unit_pulse_strict,unit_pulse_no_time,strict,041000060402,041000060504,2,True,
v01b_unit_pulse_strict,unit_pulse_no_time,strict,041000060402,041000060604,3,True,
v01b_unit_pulse_strict,unit_pulse_no_time,strict,041000060402,041000090201,4,True,
v01b_unit_pulse_strict,unit_pulse_no_time,strict,041000060402,041000090203,5,True,
v01b_unit_pulse_strict,unit_pulse_no_time,strict,041000060402,041000090206,6,True,
v01b_unit_pulse_strict,unit_pulse_no_time,strict,041000060402,041000090207,7,True,
v01b_unit_pulse_strict,unit_pulse_no_time,strict,041000060402,041000090403,8,True,
v01b_unit_pulse_strict,unit_pulse_no_time,strict,041000060402,041000090510,9,True,
v01b_unit_pulse_strict,unit_pulse_no_time,strict,041000060402,041000090602,10,True,
v01b_unit_pulse_strict,unit_pulse_no_time,strict,041000060402,041000090603,11,True,
v01b_unit_pulse_strict,unit_pulse_no_time,strict,041000060402,041000090903,12,True,
v01b_unit_pulse_strict,unit_pulse_no_time,strict,041000060402,041000090904,13,True,
v01b_unit_pulse_strict,unit_pulse_no_time,strict,041000060403,041000060403,0,True,
v01b_unit_pulse_strict,unit_pulse_no_time,strict,041000060403,041000060404,1,True,
v01b_unit_pulse_strict,unit_pulse_no_time,strict,041000060403,041000060504,2,True,
v01b_unit_pulse_strict,unit_pulse_no_time,strict,041000060403,041000060604,3,True,
v01b_unit_pulse_strict,unit_pulse_no_time,strict,041000060403,041000090201,4,True,
v01b_unit_pulse_strict,unit_pulse_no_time,strict,041000060403,041000090203,5,True,
v01b_unit_pulse_strict,unit_pulse_no_time,strict,041000060403,041000090206,6,True,
v01b_unit_pulse_strict,unit_pulse_no_time,strict,041000060403,041000090207,7,True,
v01b_unit_pulse_strict,unit_pulse_no_time,strict,041000060403,041000090403,8,True,
v01b_unit_pulse_strict,unit_pulse_no_time,strict,041000060403,041000090510,9,True,
v01b_unit_pulse_strict,unit_pulse_no_time,strict,041000060403,041000090602,10,True,
v01b_unit_pulse_strict,unit_pulse_no_time,strict,041000060403,041000090603,11,True,
v01b_unit_pulse_strict,unit_pulse_no_time,strict,041000060403,041000090903,12,True,
v01b_unit_pulse_strict,unit_pulse_no_time,strict,041000060403,041000090904,13,True,
v01b_unit_pulse_strict,unit_pulse_no_time,strict,041000060404,041000060404,0,True,
v01b_unit_pulse_strict,unit_pulse_no_time,strict,041000060404,041000060504,1,True,
v01b_unit_pulse_strict,unit_pulse_no_time,strict,041000060404,041000060604,2,True,
v01b_unit_pulse_strict,unit_pulse_no_time,strict,041000060404,041000090201,3,True,
v01b_unit_pulse_strict,unit_pulse_no_time,strict,041000060404,041000090203,4,True,
v01b_unit_pulse_strict,unit_pulse_no_time,strict,041000060404,041000090206,5,True,
v01b_unit_pulse_strict,unit_pulse_no_time,strict,041000060404,041000090207,6,True,
v01b_unit_pulse_strict,unit_pulse_no_time,strict,041000060404,041000090403,7,True,
v01b_unit_pulse_strict,unit_pulse_no_time,strict,041000060404,041000090510,8,True,
v01b_unit_pulse_strict,unit_pulse_no_time,strict,041000060404,041000090602,9,True,
v01b_unit_pulse_strict,unit_pulse_no_time,strict,041000060404,041000090603,10,True,
v01b_unit_pulse_strict,unit_pulse_no_time,strict,041000060404,041000090903,11,True,
v01b_unit_pulse_strict,unit_pulse_no_time,strict,041000060404,041000090904,12,True,
v01b_unit_pulse_strict,unit_pulse_no_time,strict,041000060501,041000060501,0,True,
v01b_unit_pulse_strict,unit_pulse_no_time,strict,041000060501,041000060503,1,True,
v01b_unit_pulse_strict,unit_pulse_no_time,strict,041000060501,041000060504,2,True,
v01b_unit_pulse_strict,unit_pulse_no_time,strict,041000060501,041000060604,3,True,
v01b_unit_pulse_strict,unit_pulse_no_time,strict,041000060501,041000090201,4,True,
v01b_unit_pulse_strict,unit_pulse_no_time,strict,041000060501,041000090203,5,True,
v01b_unit_pulse_strict,unit_pulse_no_time,strict,041000060501,041000090206,6,True,
v01b_unit_pulse_strict,unit_pulse_no_time,strict,041000060501,041000090207,7,True,
v01b_unit_pulse_strict,unit_pulse_no_time,strict,041000060501,041000090403,8,True,
v01b_unit_pulse_strict,unit_pulse_no_time,strict,041000060501,041000090510,9,True,
v01b_unit_pulse_strict,unit_pulse_no_time,strict,041000060501,041000090602,10,True,
v01b_unit_pulse_strict,unit_pulse_no_time,strict,041000060501,041000090603,11,True,
v01b_unit_pulse_strict,unit_pulse_no_time,strict,041000060501,041000090903,12,True,
v01b_unit_pulse_strict,unit_pulse_no_time,strict,041000060501,041000090904,13,True,
v01b_unit_pulse_strict,unit_pulse_no_time,strict,041000060502,041000060502,0,True,
v01b_unit_pulse_strict,unit_pulse_no_time,strict,041000060502,041000060503,1,True,
v01b_unit_pulse_strict,unit_pulse_no_time,strict,041000060502,041000060504,2,True,
v01b_unit_pulse_strict,unit_pulse_no_time,strict,041000060502,041000060604,3,True,
v01b_unit_pulse_strict,unit_pulse_no_time,strict,041000060502,041000090201,4,True,
v01b_unit_pulse_strict,unit_pulse_no_time,strict,041000060502,041000090203,5,True,
v01b_unit_pulse_strict,unit_pulse_no_time,strict,041000060502,041000090206,6,True,
v01b_unit_pulse_strict,unit_pulse_no_time,strict,041000060502,041000090207,7,True,
v01b_unit_pulse_strict,unit_pulse_no_time,strict,041000060502,041000090403,8,True,
v01b_unit_pulse_strict,unit_pulse_no_time,strict,041000060502,041000090510,9,True,
v01b_unit_pulse_strict,unit_pulse_no_time,strict,041000060502,041000090602,10,True,
v01b_unit_pulse_strict,unit_pulse_no_time,strict,041000060502,041000090603,11,True,
v01b_unit_pulse_strict,unit_pulse_no_time,strict,041000060502,041000090903,12,True,
v01b_unit_pulse_strict,unit_pulse_no_time,strict,041000060502,041000090904,13,True,
v01b_unit_pulse_strict,unit_pulse_no_time,strict,041000060503,041000060503,0,True,
v01b_unit_pulse_strict,unit_pulse_no_time,strict,041000060503,041000060504,1,True,
v01b_unit_pulse_strict,unit_pulse_no_time,strict,041000060503,041000060604,2,True,
v01b_unit_pulse_strict,unit_pulse_no_time,strict,041000060503,041000090201,3,True,
v01b_unit_pulse_strict,unit_pulse_no_time,strict,041000060503,041000090203,4,True,
v01b_unit_pulse_strict,unit_pulse_no_time,strict,041000060503,041000090206,5,True,
v01b_unit_pulse_strict,unit_pulse_no_time,strict,041000060503,041000090207,6,True,
v01b_unit_pulse_strict,unit_pulse_no_time,strict,041000060503,041000090403,7,True,
v01b_unit_pulse_strict,unit_pulse_no_time,strict,041000060503,041000090510,8,True,
v01b_unit_pulse_strict,unit_pulse_no_time,strict,041000060503,041000090602,9,True,
v01b_unit_pulse_strict,unit_pulse_no_time,strict,041000060503,041000090603,10,True,
v01b_unit_pulse_strict,unit_pulse_no_time,strict,041000060503,041000090903,11,True,
v01b_unit_pulse_strict,unit_pulse_no_time,strict,041000060503,041000090904,12,True,
v01b_unit_pulse_strict,unit_pulse_no_time,strict,041000060504,041000060504,0,True,
v01b_unit_pulse_strict,unit_pulse_no_time,strict,041000060504,041000060604,1,True,
v01b_unit_pulse_strict,unit_pulse_no_time,strict,041000060504,041000090201,2,True,
v01b_unit_pulse_strict,unit_pulse_no_time,strict,041000060504,041000090203,3,True,
v01b_unit_pulse_strict,unit_pulse_no_time,strict,041000060504,041000090206,4,True,
v01b_unit_pulse_strict,unit_pulse_no_time,strict,041000060504,041000090207,5,True,
v01b_unit_pulse_strict,unit_pulse_no_time,strict,041000060504,041000090403,6,True,
v01b_unit_pulse_strict,unit_pulse_no_time,strict,041000060504,041000090510,7,True,
v01b_unit_pulse_strict,unit_pulse_no_time,strict,041000060504,041000090602,8,True,
v01b_unit_pulse_strict,unit_pulse_no_time,strict,041000060504,041000090603,9,True,
v01b_unit_pulse_strict,unit_pulse_no_time,strict,041000060504,041000090903,10,True,
v01b_unit_pulse_strict,unit_pulse_no_time,strict,041000060504,041000090904,11,True,
v01b_unit_pulse_strict,unit_pulse_no_time,strict,041000060601,041000060601,0,True,
v01b_unit_pulse_strict,unit_pulse_no_time,strict,041000060601,041000060602,1,True,
v01b_unit_pulse_strict,unit_pulse_no_time,strict,041000060601,041000060604,2,True,
v01b_unit_pulse_strict,unit_pulse_no_time,strict,041000060601,041000090201,3,True,
v01b_unit_pulse_strict,unit_pulse_no_time,strict,041000060601,041000090203,4,True,
v01b_unit_pulse_strict,unit_pulse_no_time,strict,041000060601,041000090206,5,True,
v01b_unit_pulse_strict,unit_pulse_no_time,strict,041000060601,041000090207,6,True,
v01b_unit_pulse_strict,unit_pulse_no_time,strict,041000060601,041000090403,7,True,
v01b_unit_pulse_strict,unit_pulse_no_time,strict,041000060601,041000090510,8,True,
v01b_unit_pulse_strict,unit_pulse_no_time,strict,041000060601,041000090602,9,True,
v01b_unit_pulse_strict,unit_pulse_no_time,strict,041000060601,041000090603,10,True,
v01b_unit_pulse_strict,unit_pulse_no_time,strict,041000060601,041000090903,11,True,
v01b_unit_pulse_strict,unit_pulse_no_time,strict,041000060601,041000090904,12,True,
v01b_unit_pulse_strict,unit_pulse_no_time,strict,041000060602,041000060602,0,True,
v01b_unit_pulse_strict,unit_pulse_no_time,strict,041000060602,041000060604,1,True,
v01b_unit_pulse_strict,unit_pulse_no_time,strict,041000060602,041000090201,2,True,
v01b_unit_pulse_strict,unit_pulse_no_time,strict,041000060602,041000090203,3,True,
v01b_unit_pulse_strict,unit_pulse_no_time,strict,041000060602,041000090206,4,True,
v01b_unit_pulse_strict,unit_pulse_no_time,strict,041000060602,041000090207,5,True,
v01b_unit_pulse_strict,unit_pulse_no_time,strict,041000060602,041000090403,6,True,
v01b_unit_pulse_strict,unit_pulse_no_time,strict,041000060602,041000090510,7,True,
v01b_unit_pulse_strict,unit_pulse_no_time,strict,041000060602,041000090602,8,True,
v01b_unit_pulse_strict,unit_pulse_no_time,strict,041000060602,041000090603,9,True,
v01b_unit_pulse_strict,unit_pulse_no_time,strict,041000060602,041000090903,10,True,
v01b_unit_pulse_strict,unit_pulse_no_time,strict,041000060602,041000090904,11,True,
v01b_unit_pulse_strict,unit_pulse_no_time,strict,041000060603,041000060603,0,True,
v01b_unit_pulse_strict,unit_pulse_no_time,strict,041000060603,041000060604,1,True,
v01b_unit_pulse_strict,unit_pulse_no_time,strict,041000060603,041000090201,2,True,
v01b_unit_pulse_strict,unit_pulse_no_time,strict,041000060603,041000090203,3,True,
v01b_unit_pulse_strict,unit_pulse_no_time,strict,041000060603,041000090206,4,True,
v01b_unit_pulse_strict,unit_pulse_no_time,strict,041000060603,041000090207,5,True,
v01b_unit_pulse_strict,unit_pulse_no_time,strict,041000060603,041000090403,6,True,
v01b_unit_pulse_strict,unit_pulse_no_time,strict,041000060603,041000090510,7,True,
v01b_unit_pulse_strict,unit_pulse_no_time,strict,041000060603,041000090602,8,True,
v01b_unit_pulse_strict,unit_pulse_no_time,strict,041000060603,041000090603,9,True,
v01b_unit_pulse_strict,unit_pulse_no_time,strict,041000060603,041000090903,10,True,
v01b_unit_pulse_strict,unit_pulse_no_time,strict,041000060603,041000090904,11,True,
v01b_unit_pulse_strict,unit_pulse_no_time,strict,041000060604,041000060604,0,True,
v01b_unit_pulse_strict,unit_pulse_no_time,strict,041000060604,041000090201,1,True,
v01b_unit_pulse_strict,unit_pulse_no_time,strict,041000060604,041000090203,2,True,
v01b_unit_pulse_strict,unit_pulse_no_time,strict,041000060604,041000090206,3,True,
v01b_unit_pulse_strict,unit_pulse_no_time,strict,041000060604,041000090207,4,True,
v01b_unit_pulse_strict,unit_pulse_no_time,strict,041000060604,041000090403,5,True,
v01b_unit_pulse_strict,unit_pulse_no_time,strict,041000060604,041000090510,6,True,
v01b_unit_pulse_strict,unit_pulse_no_time,strict,041000060604,041000090602,7,True,
v01b_unit_pulse_strict,unit_pulse_no_time,strict,041000060604,041000090603,8,True,
v01b_unit_pulse_strict,unit_pulse_no_time,strict,041000060604,041000090903,9,True,
v01b_unit_pulse_strict,unit_pulse_no_time,strict,041000060604,041000090904,10,True,
v01b_unit_pulse_strict,unit_pulse_no_time,strict,041000070101,041000070101,0,True,
v01b_unit_pulse_strict,unit_pulse_no_time,strict,041000070101,041000070103,1,True,
v01b_unit_pulse_strict,unit_pulse_no_time,strict,041000070101,041000070105,2,True,
v01b_unit_pulse_strict,unit_pulse_no_time,strict,041000070101,041000070202,3,True,
v01b_unit_pulse_strict,unit_pulse_no_time,strict,041000070101,041000070203,4,True,
v01b_unit_pulse_strict,unit_pulse_no_time,strict,041000070101,041000070204,5,True,
v01b_unit_pulse_strict,unit_pulse_no_time,strict,041000070101,041000070904,6,True,
v01b_unit_pulse_strict,unit_pulse_no_time,strict,041000070101,041000070905,7,True,
v01b_unit_pulse_strict,unit_pulse_no_time,strict,041000070101,041000070907,8,True,
v01b_unit_pulse_strict,unit_pulse_no_time,strict,041000070101,041000071005,9,True,
v01b_unit_pulse_strict,unit_pulse_no_time,strict,041000070101,041000071209,10,True,
v01b_unit_pulse_strict,unit_pulse_no_time,strict,041000070101,041000090201,11,True,
v01b_unit_pulse_strict,unit_pulse_no_time,strict,041000070101,041000090203,12,True,
v01b_unit_pulse_strict,unit_pulse_no_time,strict,041000070101,041000090206,13,True,
v01b_unit_pulse_strict,unit_pulse_no_time,strict,041000070101,041000090207,14,True,
v01b_unit_pulse_strict,unit_pulse_no_time,strict,041000070101,041000090403,15,True,
v01b_unit_pulse_strict,unit_pulse_no_time,strict,041000070101,041000090510,16,True,
v01b_unit_pulse_strict,unit_pulse_no_time,strict,041000070101,041000090602,17,True,
v01b_unit_pulse_strict,unit_pulse_no_time,strict,041000070101,041000090603,18,True,
v01b_unit_pulse_strict,unit_pulse_no_time,strict,041000070101,041000090903,19,True,
v01b_unit_pulse_strict,unit_pulse_no_time,strict,041000070101,041000090904,20,True,
v01b_unit_pulse_strict,unit_pulse_no_time,strict,041000070102,041000070102,0,True,
v01b_unit_pulse_strict,unit_pulse_no_time,strict,041000070102,041000070103,1,False,041000070102
v01b_unit_pulse_strict,unit_pulse_no_time,strict,041000070102,041000070105,2,False,041000070102
v01b_unit_pulse_strict,unit_pulse_no_time,strict,041000070102,041000070202,3,False,041000070102
v01b_unit_pulse_strict,unit_pulse_no_time,strict,041000070102,041000070203,4,False,041000070102
v01b_unit_pulse_strict,unit_pulse_no_time,strict,041000070102,041000070204,5,False,041000070102
v01b_unit_pulse_strict,unit_pulse_no_time,strict,041000070102,041000070904,6,False,041000070102
v01b_unit_pulse_strict,unit_pulse_no_time,strict,041000070102,041000070905,7,False,041000070102
v01b_unit_pulse_strict,unit_pulse_no_time,strict,041000070102,041000070907,8,False,041000070102
v01b_unit_pulse_strict,unit_pulse_no_time,strict,041000070102,041000071005,9,False,041000070102
v01b_unit_pulse_strict,unit_pulse_no_time,strict,041000070102,041000071209,10,False,041000070102
v01b_unit_pulse_strict,unit_pulse_no_time,strict,041000070102,041000090201,11,False,041000070102
v01b_unit_pulse_strict,unit_pulse_no_time,strict,041000070102,041000090203,12,False,041000070102
v01b_unit_pulse_strict,unit_pulse_no_time,strict,041000070102,041000090206,13,False,041000070102
v01b_unit_pulse_strict,unit_pulse_no_time,strict,041000070102,041000090207,14,False,041000070102
v01b_unit_pulse_strict,unit_pulse_no_time,strict,041000070102,041000090403,15,False,041000070102
v01b_unit_pulse_strict,unit_pulse_no_time,strict,041000070102,041000090510,16,False,041000070102
v01b_unit_pulse_strict,unit_pulse_no_time,strict,041000070102,041000090602,17,False,041000070102
v01b_unit_pulse_strict,unit_pulse_no_time,strict,041000070102,041000090603,18,False,041000070102
v01b_unit_pulse_strict,unit_pulse_no_time,strict,041000070102,041000090903,19,False,041000070102
v01b_unit_pulse_strict,unit_pulse_no_time,strict,041000070102,041000090904,20,False,041000070102
v01b_unit_pulse_strict,unit_pulse_no_time,strict,041000070103,041000070103,0,True,
v01b_unit_pulse_strict,unit_pulse_no_time,strict,041000070103,041000070105,1,True,
v01b_unit_pulse_strict,unit_pulse_no_time,strict,041000070103,041000070202,2,True,
v01b_unit_pulse_strict,unit_pulse_no_time,strict,041000070103,041000070203,3,True,
v01b_unit_pulse_strict,unit_pulse_no_time,strict,041000070103,041000070204,4,True,
v01b_unit_pulse_strict,unit_pulse_no_time,strict,041000070103,041000070904,5,True,
v01b_unit_pulse_strict,unit_pulse_no_time,strict,041000070103,041000070905,6,True,
v01b_unit_pulse_strict,unit_pulse_no_time,strict,041000070103,041000070907,7,True,
v01b_unit_pulse_strict,unit_pulse_no_time,strict,041000070103,041000071005,8,True,
v01b_unit_pulse_strict,unit_pulse_no_time,strict,041000070103,041000071209,9,True,
v01b_unit_pulse_strict,unit_pulse_no_time,strict,041000070103,041000090201,10,True,
v01b_unit_pulse_strict,unit_pulse_no_time,strict,041000070103,041000090203,11,True,
v01b_unit_pulse_strict,unit_pulse_no_time,strict,041000070103,041000090206,12,True,
v01b_unit_pulse_strict,unit_pulse_no_time,strict,041000070103,041000090207,13,True,
v01b_unit_pulse_strict,unit_pulse_no_time,strict,041000070103,041000090403,14,True,
v01b_unit_pulse_strict,unit_pulse_no_time,strict,041000070103,041000090510,15,True,
v01b_unit_pulse_strict,unit_pulse_no_time,strict,041000070103,041000090602,16,True,
v01b_unit_pulse_strict,unit_pulse_no_time,strict,041000070103,041000090603,17,True,
v01b_unit_pulse_strict,unit_pulse_no_time,strict,041000070103,041000090903,18,True,
v01b_unit_pulse_strict,unit_pulse_no_time,strict,041000070103,041000090904,19,True,
v01b_unit_pulse_strict,unit_pulse_no_time,strict,041000070104,041000070104,0,True,
v01b_unit_pulse_strict,unit_pulse_no_time,strict,041000070104,041000070105,1,True,
v01b_unit_pulse_strict,unit_pulse_no_time,strict,041000070104,041000070202,2,True,
v01b_unit_pulse_strict,unit_pulse_no_time,strict,041000070104,041000070203,3,True,
v01b_unit_pulse_strict,unit_pulse_no_time,strict,041000070104,041000070204,4,True,
v01b_unit_pulse_strict,unit_pulse_no_time,strict,041000070104,041000070904,5,True,
v01b_unit_pulse_strict,unit_pulse_no_time,strict,041000070104,041000070905,6,True,
v01b_unit_pulse_strict,unit_pulse_no_time,strict,041000070104,041000070907,7,True,
v01b_unit_pulse_strict,unit_pulse_no_time,strict,041000070104,041000071005,8,True,
v01b_unit_pulse_strict,unit_pulse_no_time,strict,041000070104,041000071209,9,True,
v01b_unit_pulse_strict,unit_pulse_no_time,strict,041000070104,041000090201,10,True,
v01b_unit_pulse_strict,unit_pulse_no_time,strict,041000070104,041000090203,11,True,
v01b_unit_pulse_strict,unit_pulse_no_time,strict,041000070104,041000090206,12,True,
v01b_unit_pulse_strict,unit_pulse_no_time,strict,041000070104,041000090207,13,True,
v01b_unit_pulse_strict,unit_pulse_no_time,strict,041000070104,041000090403,14,True,
v01b_unit_pulse_strict,unit_pulse_no_time,strict,041000070104,041000090510,15,True,
v01b_unit_pulse_strict,unit_pulse_no_time,strict,041000070104,041000090602,16,True,
v01b_unit_pulse_strict,unit_pulse_no_time,strict,041000070104,041000090603,17,True,
v01b_unit_pulse_strict,unit_pulse_no_time,strict,041000070104,041000090903,18,True,
v01b_unit_pulse_strict,unit_pulse_no_time,strict,041000070104,041000090904,19,True,
v01b_unit_pulse_strict,unit_pulse_no_time,strict,041000070105,041000070105,0,True,
v01b_unit_pulse_strict,unit_pulse_no_time,strict,041000070105,041000070202,1,True,
v01b_unit_pulse_strict,unit_pulse_no_time,strict,041000070105,041000070203,2,True,
v01b_unit_pulse_strict,unit_pulse_no_time,strict,041000070105,041000070204,3,True,
v01b_unit_pulse_strict,unit_pulse_no_time,strict,041000070105,041000070904,4,True,
v01b_unit_pulse_strict,unit_pulse_no_time,strict,041000070105,041000070905,5,True,
v01b_unit_pulse_strict,unit_pulse_no_time,strict,041000070105,041000070907,6,True,
v01b_unit_pulse_strict,unit_pulse_no_time,strict,041000070105,041000071005,7,True,
v01b_unit_pulse_strict,unit_pulse_no_time,strict,041000070105,041000071209,8,True,
v01b_unit_pulse_strict,unit_pulse_no_time,strict,041000070105,041000090201,9,True,
v01b_unit_pulse_strict,unit_pulse_no_time,strict,041000070105,041000090203,10,True,
v01b_unit_pulse_strict,unit_pulse_no_time,strict,041000070105,041000090206,11,True,
v01b_unit_pulse_strict,unit_pulse_no_time,strict,041000070105,041000090207,12,True,
v01b_unit_pulse_strict,unit_pulse_no_time,strict,041000070105,041000090403,13,True,
v01b_unit_pulse_strict,unit_pulse_no_time,strict,041000070105,041000090510,14,True,
v01b_unit_pulse_strict,unit_pulse_no_time,strict,041000070105,041000090602,15,True,
v01b_unit_pulse_strict,unit_pulse_no_time,strict,041000070105,041000090603,16,True,
v01b_unit_pulse_strict,unit_pulse_no_time,strict,041000070105,041000090903,17,True,
v01b_unit_pulse_strict,unit_pulse_no_time,strict,041000070105,041000090904,18,True,
v01b_unit_pulse_strict,unit_pulse_no_time,strict,041000070201,041000070201,0,True,
v01b_unit_pulse_strict,unit_pulse_no_time,strict,041000070201,041000070202,1,True,
v01b_unit_pulse_strict,unit_pulse_no_time,strict,041000070201,041000070203,2,True,
v01b_unit_pulse_strict,unit_pulse_no_time,strict,041000070201,041000070204,3,True,
v01b_unit_pulse_strict,unit_pulse_no_time,strict,041000070201,041000070904,4,True,
v01b_unit_pulse_strict,unit_pulse_no_time,strict,041000070201,041000070905,5,True,
v01b_unit_pulse_strict,unit_pulse_no_time,strict,041000070201,041000070907,6,True,
v01b_unit_pulse_strict,unit_pulse_no_time,strict,041000070201,041000071005,7,True,
v01b_unit_pulse_strict,unit_pulse_no_time,strict,041000070201,041000071209,8,True,
v01b_unit_pulse_strict,unit_pulse_no_time,strict,041000070201,041000090201,9,True,
v01b_unit_pulse_strict,unit_pulse_no_time,strict,041000070201,041000090203,10,True,
v01b_unit_pulse_strict,unit_pulse_no_time,strict,041000070201,041000090206,11,True,
v01b_unit_pulse_strict,unit_pulse_no_time,strict,041000070201,041000090207,12,True,
v01b_unit_pulse_strict,unit_pulse_no_time,strict,041000070201,041000090403,13,True,
v01b_unit_pulse_strict,unit_pulse_no_time,strict,041000070201,041000090510,14,True,
v01b_unit_pulse_strict,unit_pulse_no_time,strict,041000070201,041000090602,15,True,
v01b_unit_pulse_strict,unit_pulse_no_time,strict,041000070201,041000090603,16,True,
v01b_unit_pulse_strict,unit_pulse_no_time,strict,041000070201,041000090903,17,True,
v01b_unit_pulse_strict,unit_pulse_no_time,strict,041000070201,041000090904,18,True,
v01b_unit_pulse_strict,unit_pulse_no_time,strict,041000070202,041000070202,0,True,
v01b_unit_pulse_strict,unit_pulse_no_time,strict,041000070202,041000070203,1,True,
v01b_unit_pulse_strict,unit_pulse_no_time,strict,041000070202,041000070204,2,True,
v01b_unit_pulse_strict,unit_pulse_no_time,strict,041000070202,041000070904,3,True,
v01b_unit_pulse_strict,unit_pulse_no_time,strict,041000070202,041000070905,4,True,
v01b_unit_pulse_strict,unit_pulse_no_time,strict,041000070202,041000070907,5,True,
v01b_unit_pulse_strict,unit_pulse_no_time,strict,041000070202,041000071005,6,True,
v01b_unit_pulse_strict,unit_pulse_no_time,strict,041000070202,041000071209,7,True,
v01b_unit_pulse_strict,unit_pulse_no_time,strict,041000070202,041000090201,8,True,
v01b_unit_pulse_strict,unit_pulse_no_time,strict,041000070202,041000090203,9,True,
v01b_unit_pulse_strict,unit_pulse_no_time,strict,041000070202,041000090206,10,True,
v01b_unit_pulse_strict,unit_pulse_no_time,strict,041000070202,041000090207,11,True,
v01b_unit_pulse_strict,unit_pulse_no_time,strict,041000070202,041000090403,12,True,
v01b_unit_pulse_strict,unit_pulse_no_time,strict,041000070202,041000090510,13,True,
v01b_unit_pulse_strict,unit_pulse_no_time,strict,041000070202,041000090602,14,True,
v01b_unit_pulse_strict,unit_pulse_no_time,strict,041000070202,041000090603,15,True,
v01b_unit_pulse_strict,unit_pulse_no_time,strict,041000070202,041000090903,16,True,
v01b_unit_pulse_strict,unit_pulse_no_time,strict,041000070202,041000090904,17,True,
v01b_unit_pulse_strict,unit_pulse_no_time,strict,041000070203,041000070203,0,True,
v01b_unit_pulse_strict,unit_pulse_no_time,strict,041000070203,041000070204,1,True,
v01b_unit_pulse_strict,unit_pulse_no_time,strict,041000070203,041000070904,2,True,
v01b_unit_pulse_strict,unit_pulse_no_time,strict,041000070203,041000070905,3,True,
v01b_unit_pulse_strict,unit_pulse_no_time,strict,041000070203,041000070907,4,True,
v01b_unit_pulse_strict,unit_pulse_no_time,strict,041000070203,041000071005,5,True,
v01b_unit_pulse_strict,unit_pulse_no_time,strict,041000070203,041000071209,6,True,
v01b_unit_pulse_strict,unit_pulse_no_time,strict,041000070203,041000090201,7,True,
v01b_unit_pulse_strict,unit_pulse_no_time,strict,041000070203,041000090203,8,True,
v01b_unit_pulse_strict,unit_pulse_no_time,strict,041000070203,041000090206,9,True,
v01b_unit_pulse_strict,unit_pulse_no_time,strict,041000070203,041000090207,10,True,
v01b_unit_pulse_strict,unit_pulse_no_time,strict,041000070203,041000090403,11,True,
v01b_unit_pulse_strict,unit_pulse_no_time,strict,041000070203,041000090510,12,True,
v01b_unit_pulse_strict,unit_pulse_no_time,strict,041000070203,041000090602,13,True,
v01b_unit_pulse_strict,unit_pulse_no_time,strict,041000070203,041000090603,14,True,
v01b_unit_pulse_strict,unit_pulse_no_time,strict,041000070203,041000090903,15,True,
v01b_unit_pulse_strict,unit_pulse_no_time,strict,041000070203,041000090904,16,True,
v01b_unit_pulse_strict,unit_pulse_no_time,strict,041000070204,041000070204,0,True,
v01b_unit_pulse_strict,unit_pulse_no_time,strict,041000070204,041000070904,1,True,
v01b_unit_pulse_strict,unit_pulse_no_time,strict,041000070204,041000070905,2,True,
v01b_unit_pulse_strict,unit_pulse_no_time,strict,041000070204,041000070907,3,True,
v01b_unit_pulse_strict,unit_pulse_no_time,strict,041000070204,041000071005,4,True,
v01b_unit_pulse_strict,unit_pulse_no_time,strict,041000070204,041000071209,5,True,
v01b_unit_pulse_strict,unit_pulse_no_time,strict,041000070204,041000090201,6,True,
v01b_unit_pulse_strict,unit_pulse_no_time,strict,041000070204,041000090203,7,True,
v01b_unit_pulse_strict,unit_pulse_no_time,strict,041000070204,041000090206,8,True,
v01b_unit_pulse_strict,unit_pulse_no_time,strict,041000070204,041000090207,9,True,
v01b_unit_pulse_strict,unit_pulse_no_time,strict,041000070204,041000090403,10,True,
v01b_unit_pulse_strict,unit_pulse_no_time,strict,041000070204,041000090510,11,True,
v01b_unit_pulse_strict,unit_pulse_no_time,strict,041000070204,041000090602,12,True,
v01b_unit_pulse_strict,unit_pulse_no_time,strict,041000070204,041000090603,13,True,
v01b_unit_pulse_strict,unit_pulse_no_time,strict,041000070204,041000090903,14,True,
v01b_unit_pulse_strict,unit_pulse_no_time,strict,041000070204,041000090904,15,True,
v01b_unit_pulse_strict,unit_pulse_no_time,strict,041000070301,041000070301,0,True,
v01b_unit_pulse_strict,unit_pulse_no_time,strict,041000070301,041000070302,1,True,
v01b_unit_pulse_strict,unit_pulse_no_time,strict,041000070301,041000070304,2,True,
v01b_unit_pulse_strict,unit_pulse_no_time,strict,041000070301,041000070306,3,True,
v01b_unit_pulse_strict,unit_pulse_no_time,strict,041000070301,041000070402,4,True,
v01b_unit_pulse_strict,unit_pulse_no_time,strict,041000070301,041000070406,5,True,
v01b_unit_pulse_strict,unit_pulse_no_time,strict,041000070301,041000070503,6,True,
v01b_unit_pulse_strict,unit_pulse_no_time,strict,041000070301,041000070904,7,True,
v01b_unit_pulse_strict,unit_pulse_no_time,strict,041000070301,041000070905,8,True,
v01b_unit_pulse_strict,unit_pulse_no_time,strict,041000070301,041000070907,9,True,
v01b_unit_pulse_strict,unit_pulse_no_time,strict,041000070301,041000071005,10,True,
v01b_unit_pulse_strict,unit_pulse_no_time,strict,041000070301,041000071209,11,True,
v01b_unit_pulse_strict,unit_pulse_no_time,strict,041000070301,041000090201,12,True,
v01b_unit_pulse_strict,unit_pulse_no_time,strict,041000070301,041000090203,13,True,
v01b_unit_pulse_strict,unit_pulse_no_time,strict,041000070301,041000090206,14,True,
v01b_unit_pulse_strict,unit_pulse_no_time,strict,041000070301,041000090207,15,True,
v01b_unit_pulse_strict,unit_pulse_no_time,strict,041000070301,041000090403,16,True,
v01b_unit_pulse_strict,unit_pulse_no_time,strict,041000070301,041000090510,17,True,
v01b_unit_pulse_strict,unit_pulse_no_time,strict,041000070301,041000090602,18,True,
v01b_unit_pulse_strict,unit_pulse_no_time,strict,041000070301,041000090603,19,True,
v01b_unit_pulse_strict,unit_pulse_no_time,strict,041000070301,041000090903,20,True,
v01b_unit_pulse_strict,unit_pulse_no_time,strict,041000070301,041000090904,21,True,
v01b_unit_pulse_strict,unit_pulse_no_time,strict,041000070302,041000070302,0,True,
v01b_unit_pulse_strict,unit_pulse_no_time,strict,041000070302,041000070304,1,True,
v01b_unit_pulse_strict,unit_pulse_no_time,strict,041000070302,041000070306,2,True,
v01b_unit_pulse_strict,unit_pulse_no_time,strict,041000070302,041000070402,3,True,
v01b_unit_pulse_strict,unit_pulse_no_time,strict,041000070302,041000070406,4,True,
v01b_unit_pulse_strict,unit_pulse_no_time,strict,041000070302,041000070503,5,True,
v01b_unit_pulse_strict,unit_pulse_no_time,strict,041000070302,041000070904,6,True,
v01b_unit_pulse_strict,unit_pulse_no_time,strict,041000070302,041000070905,7,True,
v01b_unit_pulse_strict,unit_pulse_no_time,strict,041000070302,041000070907,8,True,
v01b_unit_pulse_strict,unit_pulse_no_time,strict,041000070302,041000071005,9,True,
v01b_unit_pulse_strict,unit_pulse_no_time,strict,041000070302,041000071209,10,True,
v01b_unit_pulse_strict,unit_pulse_no_time,strict,041000070302,041000090201,11,True,
v01b_unit_pulse_strict,unit_pulse_no_time,strict,041000070302,041000090203,12,True,
v01b_unit_pulse_strict,unit_pulse_no_time,strict,041000070302,041000090206,13,True,
v01b_unit_pulse_strict,unit_pulse_no_time,strict,041000070302,041000090207,14,True,
v01b_unit_pulse_strict,unit_pulse_no_time,strict,041000070302,041000090403,15,True,
v01b_unit_pulse_strict,unit_pulse_no_time,strict,041000070302,041000090510,16,True,
v01b_unit_pulse_strict,unit_pulse_no_time,strict,041000070302,041000090602,17,True,
v01b_unit_pulse_strict,unit_pulse_no_time,strict,041000070302,041000090603,18,True,
v01b_unit_pulse_strict,unit_pulse_no_time,strict,041000070302,041000090903,19,True,
v01b_unit_pulse_strict,unit_pulse_no_time,strict,041000070302,041000090904,20,True,
v01b_unit_pulse_strict,unit_pulse_no_time,strict,041000070303,041000070303,0,True,
v01b_unit_pulse_strict,unit_pulse_no_time,strict,041000070303,041000070304,1,True,
v01b_unit_pulse_strict,unit_pulse_no_time,strict,041000070303,041000070306,2,True,
v01b_unit_pulse_strict,unit_pulse_no_time,strict,041000070303,041000070402,3,True,
v01b_unit_pulse_strict,unit_pulse_no_time,strict,041000070303,041000070406,4,True,
v01b_unit_pulse_strict,unit_pulse_no_time,strict,041000070303,041000070503,5,True,
v01b_unit_pulse_strict,unit_pulse_no_time,strict,041000070303,041000070904,6,True,
v01b_unit_pulse_strict,unit_pulse_no_time,strict,041000070303,041000070905,7,True,
v01b_unit_pulse_strict,unit_pulse_no_time,strict,041000070303,041000070907,8,True,
v01b_unit_pulse_strict,unit_pulse_no_time,strict,041000070303,041000071005,9,True,
v01b_unit_pulse_strict,unit_pulse_no_time,strict,041000070303,041000071209,10,True,
v01b_unit_pulse_strict,unit_pulse_no_time,strict,041000070303,041000090201,11,True,
v01b_unit_pulse_strict,unit_pulse_no_time,strict,041000070303,041000090203,12,True,
v01b_unit_pulse_strict,unit_pulse_no_time,strict,041000070303,041000090206,13,True,
v01b_unit_pulse_strict,unit_pulse_no_time,strict,041000070303,041000090207,14,True,
v01b_unit_pulse_strict,unit_pulse_no_time,strict,041000070303,041000090403,15,True,
v01b_unit_pulse_strict,unit_pulse_no_time,strict,041000070303,041000090510,16,True,
v01b_unit_pulse_strict,unit_pulse_no_time,strict,041000070303,041000090602,17,True,
v01b_unit_pulse_strict,unit_pulse_no_time,strict,041000070303,041000090603,18,True,
v01b_unit_pulse_strict,unit_pulse_no_time,strict,041000070303,041000090903,19,True,
v01b_unit_pulse_strict,unit_pulse_no_time,strict,041000070303,041000090904,20,True,
v01b_unit_pulse_strict,unit_pulse_no_time,strict,041000070304,041000070304,0,True,
v01b_unit_pulse_strict,unit_pulse_no_time,strict,041000070304,041000070306,1,True,
v01b_unit_pulse_strict,unit_pulse_no_time,strict,041000070304,041000070402,2,True,
v01b_unit_pulse_strict,unit_pulse_no_time,strict,041000070304,041000070406,3,True,
v01b_unit_pulse_strict,unit_pulse_no_time,strict,041000070304,041000070503,4,True,
v01b_unit_pulse_strict,unit_pulse_no_time,strict,041000070304,041000070904,5,True,
v01b_unit_pulse_strict,unit_pulse_no_time,strict,041000070304,041000070905,6,True,
v01b_unit_pulse_strict,unit_pulse_no_time,strict,041000070304,041000070907,7,True,
v01b_unit_pulse_strict,unit_pulse_no_time,strict,041000070304,041000071005,8,True,
v01b_unit_pulse_strict,unit_pulse_no_time,strict,041000070304,041000071209,9,True,
v01b_unit_pulse_strict,unit_pulse_no_time,strict,041000070304,041000090201,10,True,
v01b_unit_pulse_strict,unit_pulse_no_time,strict,041000070304,041000090203,11,True,
v01b_unit_pulse_strict,unit_pulse_no_time,strict,041000070304,041000090206,12,True,
v01b_unit_pulse_strict,unit_pulse_no_time,strict,041000070304,041000090207,13,True,
v01b_unit_pulse_strict,unit_pulse_no_time,strict,041000070304,041000090403,14,True,
v01b_unit_pulse_strict,unit_pulse_no_time,strict,041000070304,041000090510,15,True,
v01b_unit_pulse_strict,unit_pulse_no_time,strict,041000070304,041000090602,16,True,
v01b_unit_pulse_strict,unit_pulse_no_time,strict,041000070304,041000090603,17,True,
v01b_unit_pulse_strict,unit_pulse_no_time,strict,041000070304,041000090903,18,True,
v01b_unit_pulse_strict,unit_pulse_no_time,strict,041000070304,041000090904,19,True,
v01b_unit_pulse_strict,unit_pulse_no_time,strict,041000070305,041000070305,0,True,
v01b_unit_pulse_strict,unit_pulse_no_time,strict,041000070305,041000070306,1,True,
v01b_unit_pulse_strict,unit_pulse_no_time,strict,041000070305,041000070402,2,True,
v01b_unit_pulse_strict,unit_pulse_no_time,strict,041000070305,041000070406,3,True,
v01b_unit_pulse_strict,unit_pulse_no_time,strict,041000070305,041000070503,4,True,
v01b_unit_pulse_strict,unit_pulse_no_time,strict,041000070305,041000070904,5,True,
v01b_unit_pulse_strict,unit_pulse_no_time,strict,041000070305,041000070905,6,True,
v01b_unit_pulse_strict,unit_pulse_no_time,strict,041000070305,041000070907,7,True,
v01b_unit_pulse_strict,unit_pulse_no_time,strict,041000070305,041000071005,8,True,
v01b_unit_pulse_strict,unit_pulse_no_time,strict,041000070305,041000071209,9,True,
v01b_unit_pulse_strict,unit_pulse_no_time,strict,041000070305,041000090201,10,True,
v01b_unit_pulse_strict,unit_pulse_no_time,strict,041000070305,041000090203,11,True,
v01b_unit_pulse_strict,unit_pulse_no_time,strict,041000070305,041000090206,12,True,
v01b_unit_pulse_strict,unit_pulse_no_time,strict,041000070305,041000090207,13,True,
v01b_unit_pulse_strict,unit_pulse_no_time,strict,041000070305,041000090403,14,True,
v01b_unit_pulse_strict,unit_pulse_no_time,strict,041000070305,041000090510,15,True,
v01b_unit_pulse_strict,unit_pulse_no_time,strict,041000070305,041000090602,16,True,
v01b_unit_pulse_strict,unit_pulse_no_time,strict,041000070305,041000090603,17,True,
v01b_unit_pulse_strict,unit_pulse_no_time,strict,041000070305,041000090903,18,True,
v01b_unit_pulse_strict,unit_pulse_no_time,strict,041000070305,041000090904,19,True,
v01b_unit_pulse_strict,unit_pulse_no_time,strict,041000070306,041000070306,0,True,
v01b_unit_pulse_strict,unit_pulse_no_time,strict,041000070306,041000070402,1,True,
v01b_unit_pulse_strict,unit_pulse_no_time,strict,041000070306,041000070406,2,True,
v01b_unit_pulse_strict,unit_pulse_no_time,strict,041000070306,041000070503,3,True,
v01b_unit_pulse_strict,unit_pulse_no_time,strict,041000070306,041000070904,4,True,
v01b_unit_pulse_strict,unit_pulse_no_time,strict,041000070306,041000070905,5,True,
v01b_unit_pulse_strict,unit_pulse_no_time,strict,041000070306,041000070907,6,True,
v01b_unit_pulse_strict,unit_pulse_no_time,strict,041000070306,041000071005,7,True,
v01b_unit_pulse_strict,unit_pulse_no_time,strict,041000070306,041000071209,8,True,
v01b_unit_pulse_strict,unit_pulse_no_time,strict,041000070306,041000090201,9,True,
v01b_unit_pulse_strict,unit_pulse_no_time,strict,041000070306,041000090203,10,True,
v01b_unit_pulse_strict,unit_pulse_no_time,strict,041000070306,041000090206,11,True,
v01b_unit_pulse_strict,unit_pulse_no_time,strict,041000070306,041000090207,12,True,
v01b_unit_pulse_strict,unit_pulse_no_time,strict,041000070306,041000090403,13,True,
v01b_unit_pulse_strict,unit_pulse_no_time,strict,041000070306,041000090510,14,True,
v01b_unit_pulse_strict,unit_pulse_no_time,strict,041000070306,041000090602,15,True,
v01b_unit_pulse_strict,unit_pulse_no_time,strict,041000070306,041000090603,16,True,
v01b_unit_pulse_strict,unit_pulse_no_time,strict,041000070306,041000090903,17,True,
v01b_unit_pulse_strict,unit_pulse_no_time,strict,041000070306,041000090904,18,True,
v01b_unit_pulse_strict,unit_pulse_no_time,strict,041000070401,041000070401,0,True,
v01b_unit_pulse_strict,unit_pulse_no_time,strict,041000070401,041000070402,1,False,041000070401
v01b_unit_pulse_strict,unit_pulse_no_time,strict,041000070401,041000070406,2,False,041000070401
v01b_unit_pulse_strict,unit_pulse_no_time,strict,041000070401,041000070503,3,False,041000070401
v01b_unit_pulse_strict,unit_pulse_no_time,strict,041000070401,041000070904,4,False,041000070401
v01b_unit_pulse_strict,unit_pulse_no_time,strict,041000070401,041000070905,5,False,041000070401
v01b_unit_pulse_strict,unit_pulse_no_time,strict,041000070401,041000070907,6,False,041000070401
v01b_unit_pulse_strict,unit_pulse_no_time,strict,041000070401,041000071005,7,False,041000070401
v01b_unit_pulse_strict,unit_pulse_no_time,strict,041000070401,041000071209,8,False,041000070401
v01b_unit_pulse_strict,unit_pulse_no_time,strict,041000070401,041000090201,9,False,041000070401
v01b_unit_pulse_strict,unit_pulse_no_time,strict,041000070401,041000090203,10,False,041000070401
v01b_unit_pulse_strict,unit_pulse_no_time,strict,041000070401,041000090206,11,False,041000070401
v01b_unit_pulse_strict,unit_pulse_no_time,strict,041000070401,041000090207,12,False,041000070401
v01b_unit_pulse_strict,unit_pulse_no_time,strict,041000070401,041000090403,13,False,041000070401
v01b_unit_pulse_strict,unit_pulse_no_time,strict,041000070401,041000090510,14,False,041000070401
v01b_unit_pulse_strict,unit_pulse_no_time,strict,041000070401,041000090602,15,False,041000070401
v01b_unit_pulse_strict,unit_pulse_no_time,strict,041000070401,041000090603,16,False,041000070401
v01b_unit_pulse_strict,unit_pulse_no_time,strict,041000070401,041000090903,17,False,041000070401
v01b_unit_pulse_strict,unit_pulse_no_time,strict,041000070401,041000090904,18,False,041000070401
v01b_unit_pulse_strict,unit_pulse_no_time,strict,041000070402,041000070402,0,True,
v01b_unit_pulse_strict,unit_pulse_no_time,strict,041000070402,041000070406,1,True,
v01b_unit_pulse_strict,unit_pulse_no_time,strict,041000070402,041000070503,2,True,
v01b_unit_pulse_strict,unit_pulse_no_time,strict,041000070402,041000070904,3,True,
v01b_unit_pulse_strict,unit_pulse_no_time,strict,041000070402,041000070905,4,True,
v01b_unit_pulse_strict,unit_pulse_no_time,strict,041000070402,041000070907,5,True,
v01b_unit_pulse_strict,unit_pulse_no_time,strict,041000070402,041000071005,6,True,
v01b_unit_pulse_strict,unit_pulse_no_time,strict,041000070402,041000071209,7,True,
v01b_unit_pulse_strict,unit_pulse_no_time,strict,041000070402,041000090201,8,True,
v01b_unit_pulse_strict,unit_pulse_no_time,strict,041000070402,041000090203,9,True,
v01b_unit_pulse_strict,unit_pulse_no_time,strict,041000070402,041000090206,10,True,
v01b_unit_pulse_strict,unit_pulse_no_time,strict,041000070402,041000090207,11,True,
v01b_unit_pulse_strict,unit_pulse_no_time,strict,041000070402,041000090403,12,True,
v01b_unit_pulse_strict,unit_pulse_no_time,strict,041000070402,041000090510,13,True,
v01b_unit_pulse_strict,unit_pulse_no_time,strict,041000070402,041000090602,14,True,
v01b_unit_pulse_strict,unit_pulse_no_time,strict,041000070402,041000090603,15,True,
v01b_unit_pulse_strict,unit_pulse_no_time,strict,041000070402,041000090903,16,True,
v01b_unit_pulse_strict,unit_pulse_no_time,strict,041000070402,041000090904,17,True,
v01b_unit_pulse_strict,unit_pulse_no_time,strict,041000070403,041000070403,0,True,
v01b_unit_pulse_strict,unit_pulse_no_time,strict,041000070403,041000070406,1,True,
v01b_unit_pulse_strict,unit_pulse_no_time,strict,041000070403,041000070503,2,True,
v01b_unit_pulse_strict,unit_pulse_no_time,strict,041000070403,041000070904,3,True,
v01b_unit_pulse_strict,unit_pulse_no_time,strict,041000070403,041000070905,4,True,
v01b_unit_pulse_strict,unit_pulse_no_time,strict,041000070403,041000070907,5,True,
v01b_unit_pulse_strict,unit_pulse_no_time,strict,041000070403,041000071005,6,True,
v01b_unit_pulse_strict,unit_pulse_no_time,strict,041000070403,041000071209,7,True,
v01b_unit_pulse_strict,unit_pulse_no_time,strict,041000070403,041000090201,8,True,
v01b_unit_pulse_strict,unit_pulse_no_time,strict,041000070403,041000090203,9,True,
v01b_unit_pulse_strict,unit_pulse_no_time,strict,041000070403,041000090206,10,True,
v01b_unit_pulse_strict,unit_pulse_no_time,strict,041000070403,041000090207,11,True,
v01b_unit_pulse_strict,unit_pulse_no_time,strict,041000070403,041000090403,12,True,
v01b_unit_pulse_strict,unit_pulse_no_time,strict,041000070403,041000090510,13,True,
v01b_unit_pulse_strict,unit_pulse_no_time,strict,041000070403,041000090602,14,True,
v01b_unit_pulse_strict,unit_pulse_no_time,strict,041000070403,041000090603,15,True,
v01b_unit_pulse_strict,unit_pulse_no_time,strict,041000070403,041000090903,16,True,
v01b_unit_pulse_strict,unit_pulse_no_time,strict,041000070403,041000090904,17,True,
v01b_unit_pulse_strict,unit_pulse_no_time,strict,041000070404,041000070404,0,True,
v01b_unit_pulse_strict,unit_pulse_no_time,strict,041000070404,041000070406,1,True,
v01b_unit_pulse_strict,unit_pulse_no_time,strict,041000070404,041000070503,2,True,
v01b_unit_pulse_strict,unit_pulse_no_time,strict,041000070404,041000070904,3,True,
v01b_unit_pulse_strict,unit_pulse_no_time,strict,041000070404,041000070905,4,True,
v01b_unit_pulse_strict,unit_pulse_no_time,strict,041000070404,041000070907,5,True,
v01b_unit_pulse_strict,unit_pulse_no_time,strict,041000070404,041000071005,6,True,
v01b_unit_pulse_strict,unit_pulse_no_time,strict,041000070404,041000071209,7,True,
v01b_unit_pulse_strict,unit_pulse_no_time,strict,041000070404,041000090201,8,True,
v01b_unit_pulse_strict,unit_pulse_no_time,strict,041000070404,041000090203,9,True,
v01b_unit_pulse_strict,unit_pulse_no_time,strict,041000070404,041000090206,10,True,
v01b_unit_pulse_strict,unit_pulse_no_time,strict,041000070404,041000090207,11,True,
v01b_unit_pulse_strict,unit_pulse_no_time,strict,041000070404,041000090403,12,True,
v01b_unit_pulse_strict,unit_pulse_no_time,strict,041000070404,041000090510,13,True,
v01b_unit_pulse_strict,unit_pulse_no_time,strict,041000070404,041000090602,14,True,
v01b_unit_pulse_strict,unit_pulse_no_time,strict,041000070404,041000090603,15,True,
v01b_unit_pulse_strict,unit_pulse_no_time,strict,041000070404,041000090903,16,True,
v01b_unit_pulse_strict,unit_pulse_no_time,strict,041000070404,041000090904,17,True,
v01b_unit_pulse_strict,unit_pulse_no_time,strict,041000070405,041000070405,0,True,
v01b_unit_pulse_strict,unit_pulse_no_time,strict,041000070405,041000070406,1,True,
v01b_unit_pulse_strict,unit_pulse_no_time,strict,041000070405,041000070503,2,True,
v01b_unit_pulse_strict,unit_pulse_no_time,strict,041000070405,041000070904,3,True,
v01b_unit_pulse_strict,unit_pulse_no_time,strict,041000070405,041000070905,4,True,
v01b_unit_pulse_strict,unit_pulse_no_time,strict,041000070405,041000070907,5,True,
v01b_unit_pulse_strict,unit_pulse_no_time,strict,041000070405,041000071005,6,True,
v01b_unit_pulse_strict,unit_pulse_no_time,strict,041000070405,041000071209,7,True,
v01b_unit_pulse_strict,unit_pulse_no_time,strict,041000070405,041000090201,8,True,
v01b_unit_pulse_strict,unit_pulse_no_time,strict,041000070405,041000090203,9,True,
v01b_unit_pulse_strict,unit_pulse_no_time,strict,041000070405,041000090206,10,True,
v01b_unit_pulse_strict,unit_pulse_no_time,strict,041000070405,041000090207,11,True,
v01b_unit_pulse_strict,unit_pulse_no_time,strict,041000070405,041000090403,12,True,
v01b_unit_pulse_strict,unit_pulse_no_time,strict,041000070405,041000090510,13,True,
v01b_unit_pulse_strict,unit_pulse_no_time,strict,041000070405,041000090602,14,True,
v01b_unit_pulse_strict,unit_pulse_no_time,strict,041000070405,041000090603,15,True,
v01b_unit_pulse_strict,unit_pulse_no_time,strict,041000070405,041000090903,16,True,
v01b_unit_pulse_strict,unit_pulse_no_time,strict,041000070405,041000090904,17,True,
v01b_unit_pulse_strict,unit_pulse_no_time,strict,041000070406,041000070406,0,True,
v01b_unit_pulse_strict,unit_pulse_no_time,strict,041000070406,041000070503,1,True,
v01b_unit_pulse_strict,unit_pulse_no_time,strict,041000070406,041000070904,2,True,
v01b_unit_pulse_strict,unit_pulse_no_time,strict,041000070406,041000070905,3,True,
v01b_unit_pulse_strict,unit_pulse_no_time,strict,041000070406,041000070907,4,True,
v01b_unit_pulse_strict,unit_pulse_no_time,strict,041000070406,041000071005,5,True,
v01b_unit_pulse_strict,unit_pulse_no_time,strict,041000070406,041000071209,6,True,
v01b_unit_pulse_strict,unit_pulse_no_time,strict,041000070406,041000090201,7,True,
v01b_unit_pulse_strict,unit_pulse_no_time,strict,041000070406,041000090203,8,True,
v01b_unit_pulse_strict,unit_pulse_no_time,strict,041000070406,041000090206,9,True,
v01b_unit_pulse_strict,unit_pulse_no_time,strict,041000070406,041000090207,10,True,
v01b_unit_pulse_strict,unit_pulse_no_time,strict,041000070406,041000090403,11,True,
v01b_unit_pulse_strict,unit_pulse_no_time,strict,041000070406,041000090510,12,True,
v01b_unit_pulse_strict,unit_pulse_no_time,strict,041000070406,041000090602,13,True,
v01b_unit_pulse_strict,unit_pulse_no_time,strict,041000070406,041000090603,14,True,
v01b_unit_pulse_strict,unit_pulse_no_time,strict,041000070406,041000090903,15,True,
v01b_unit_pulse_strict,unit_pulse_no_time,strict,041000070406,041000090904,16,True,
v01b_unit_pulse_strict,unit_pulse_no_time,strict,041000070501,041000070501,0,True,
v01b_unit_pulse_strict,unit_pulse_no_time,strict,041000070501,041000070503,1,True,
v01b_unit_pulse_strict,unit_pulse_no_time,strict,041000070501,041000070904,2,True,
v01b_unit_pulse_strict,unit_pulse_no_time,strict,041000070501,041000070905,3,True,
v01b_unit_pulse_strict,unit_pulse_no_time,strict,041000070501,041000070907,4,True,
v01b_unit_pulse_strict,unit_pulse_no_time,strict,041000070501,041000071005,5,True,
v01b_unit_pulse_strict,unit_pulse_no_time,strict,041000070501,041000071209,6,True,
v01b_unit_pulse_strict,unit_pulse_no_time,strict,041000070501,041000090201,7,True,
v01b_unit_pulse_strict,unit_pulse_no_time,strict,041000070501,041000090203,8,True,
v01b_unit_pulse_strict,unit_pulse_no_time,strict,041000070501,041000090206,9,True,
v01b_unit_pulse_strict,unit_pulse_no_time,strict,041000070501,041000090207,10,True,
v01b_unit_pulse_strict,unit_pulse_no_time,strict,041000070501,041000090403,11,True,
v01b_unit_pulse_strict,unit_pulse_no_time,strict,041000070501,041000090510,12,True,
v01b_unit_pulse_strict,unit_pulse_no_time,strict,041000070501,041000090602,13,True,
v01b_unit_pulse_strict,unit_pulse_no_time,strict,041000070501,041000090603,14,True,
v01b_unit_pulse_strict,unit_pulse_no_time,strict,041000070501,041000090903,15,True,
v01b_unit_pulse_strict,unit_pulse_no_time,strict,041000070501,041000090904,16,True,
v01b_unit_pulse_strict,unit_pulse_no_time,strict,041000070502,041000070502,0,True,
v01b_unit_pulse_strict,unit_pulse_no_time,strict,041000070502,041000070503,1,True,
v01b_unit_pulse_strict,unit_pulse_no_time,strict,041000070502,041000070904,2,True,
v01b_unit_pulse_strict,unit_pulse_no_time,strict,041000070502,041000070905,3,True,
v01b_unit_pulse_strict,unit_pulse_no_time,strict,041000070502,041000070907,4,True,
v01b_unit_pulse_strict,unit_pulse_no_time,strict,041000070502,041000071005,5,True,
v01b_unit_pulse_strict,unit_pulse_no_time,strict,041000070502,041000071209,6,True,
v01b_unit_pulse_strict,unit_pulse_no_time,strict,041000070502,041000090201,7,True,
v01b_unit_pulse_strict,unit_pulse_no_time,strict,041000070502,041000090203,8,True,
v01b_unit_pulse_strict,unit_pulse_no_time,strict,041000070502,041000090206,9,True,
v01b_unit_pulse_strict,unit_pulse_no_time,strict,041000070502,041000090207,10,True,
v01b_unit_pulse_strict,unit_pulse_no_time,strict,041000070502,041000090403,11,True,
v01b_unit_pulse_strict,unit_pulse_no_time,strict,041000070502,041000090510,12,True,
v01b_unit_pulse_strict,unit_pulse_no_time,strict,041000070502,041000090602,13,True,
v01b_unit_pulse_strict,unit_pulse_no_time,strict,041000070502,041000090603,14,True,
v01b_unit_pulse_strict,unit_pulse_no_time,strict,041000070502,041000090903,15,True,
v01b_unit_pulse_strict,unit_pulse_no_time,strict,041000070502,041000090904,16,True,
v01b_unit_pulse_strict,unit_pulse_no_time,strict,041000070503,041000070503,0,True,
v01b_unit_pulse_strict,unit_pulse_no_time,strict,041000070503,041000070904,1,True,
v01b_unit_pulse_strict,unit_pulse_no_time,strict,041000070503,041000070905,2,True,
v01b_unit_pulse_strict,unit_pulse_no_time,strict,041000070503,041000070907,3,True,
v01b_unit_pulse_strict,unit_pulse_no_time,strict,041000070503,041000071005,4,True,
v01b_unit_pulse_strict,unit_pulse_no_time,strict,041000070503,041000071209,5,True,
v01b_unit_pulse_strict,unit_pulse_no_time,strict,041000070503,041000090201,6,True,
v01b_unit_pulse_strict,unit_pulse_no_time,strict,041000070503,041000090203,7,True,
v01b_unit_pulse_strict,unit_pulse_no_time,strict,041000070503,041000090206,8,True,
v01b_unit_pulse_strict,unit_pulse_no_time,strict,041000070503,041000090207,9,True,
v01b_unit_pulse_strict,unit_pulse_no_time,strict,041000070503,041000090403,10,True,
v01b_unit_pulse_strict,unit_pulse_no_time,strict,041000070503,041000090510,11,True,
v01b_unit_pulse_strict,unit_pulse_no_time,strict,041000070503,041000090602,12,True,
v01b_unit_pulse_strict,unit_pulse_no_time,strict,041000070503,041000090603,13,True,
v01b_unit_pulse_strict,unit_pulse_no_time,strict,041000070503,041000090903,14,True,
v01b_unit_pulse_strict,unit_pulse_no_time,strict,041000070503,041000090904,15,True,
v01b_unit_pulse_strict,unit_pulse_no_time,strict,041000070601,041000070601,0,True,
v01b_unit_pulse_strict,unit_pulse_no_time,strict,041000070601,041000070602,1,True,
v01b_unit_pulse_strict,unit_pulse_no_time,strict,041000070601,041000070603,2,True,
v01b_unit_pulse_strict,unit_pulse_no_time,strict,041000070601,041000070604,3,True,
v01b_unit_pulse_strict,unit_pulse_no_time,strict,041000070601,041000070806,4,True,
v01b_unit_pulse_strict,unit_pulse_no_time,strict,041000070601,041000071005,5,True,
v01b_unit_pulse_strict,unit_pulse_no_time,strict,041000070601,041000071209,6,True,
v01b_unit_pulse_strict,unit_pulse_no_time,strict,041000070601,041000090201,7,True,
v01b_unit_pulse_strict,unit_pulse_no_time,strict,041000070601,041000090203,8,True,
v01b_unit_pulse_strict,unit_pulse_no_time,strict,041000070601,041000090206,9,True,
v01b_unit_pulse_strict,unit_pulse_no_time,strict,041000070601,041000090207,10,True,
v01b_unit_pulse_strict,unit_pulse_no_time,strict,041000070601,041000090403,11,True,
v01b_unit_pulse_strict,unit_pulse_no_time,strict,041000070601,041000090510,12,True,
v01b_unit_pulse_strict,unit_pulse_no_time,strict,041000070601,041000090602,13,True,
v01b_unit_pulse_strict,unit_pulse_no_time,strict,041000070601,041000090603,14,True,
v01b_unit_pulse_strict,unit_pulse_no_time,strict,041000070601,041000090903,15,True,
v01b_unit_pulse_strict,unit_pulse_no_time,strict,041000070601,041000090904,16,True,
v01b_unit_pulse_strict,unit_pulse_no_time,strict,041000070602,041000070602,0,True,
v01b_unit_pulse_strict,unit_pulse_no_time,strict,041000070602,041000070603,1,True,
v01b_unit_pulse_strict,unit_pulse_no_time,strict,041000070602,041000070604,2,True,
v01b_unit_pulse_strict,unit_pulse_no_time,strict,041000070602,041000070806,3,True,
v01b_unit_pulse_strict,unit_pulse_no_time,strict,041000070602,041000071005,4,True,
v01b_unit_pulse_strict,unit_pulse_no_time,strict,041000070602,041000071209,5,True,
v01b_unit_pulse_strict,unit_pulse_no_time,strict,041000070602,041000090201,6,True,
v01b_unit_pulse_strict,unit_pulse_no_time,strict,041000070602,041000090203,7,True,
v01b_unit_pulse_strict,unit_pulse_no_time,strict,041000070602,041000090206,8,True,
v01b_unit_pulse_strict,unit_pulse_no_time,strict,041000070602,041000090207,9,True,
v01b_unit_pulse_strict,unit_pulse_no_time,strict,041000070602,041000090403,10,True,
v01b_unit_pulse_strict,unit_pulse_no_time,strict,041000070602,041000090510,11,True,
v01b_unit_pulse_strict,unit_pulse_no_time,strict,041000070602,041000090602,12,True,
v01b_unit_pulse_strict,unit_pulse_no_time,strict,041000070602,041000090603,13,True,
v01b_unit_pulse_strict,unit_pulse_no_time,strict,041000070602,041000090903,14,True,
v01b_unit_pulse_strict,unit_pulse_no_time,strict,041000070602,041000090904,15,True,
v01b_unit_pulse_strict,unit_pulse_no_time,strict,041000070603,041000070603,0,True,
v01b_unit_pulse_strict,unit_pulse_no_time,strict,041000070603,041000070604,1,True,
v01b_unit_pulse_strict,unit_pulse_no_time,strict,041000070603,041000070806,2,True,
v01b_unit_pulse_strict,unit_pulse_no_time,strict,041000070603,041000071005,3,True,
v01b_unit_pulse_strict,unit_pulse_no_time,strict,041000070603,041000071209,4,True,
v01b_unit_pulse_strict,unit_pulse_no_time,strict,041000070603,041000090201,5,True,
v01b_unit_pulse_strict,unit_pulse_no_time,strict,041000070603,041000090203,6,True,
v01b_unit_pulse_strict,unit_pulse_no_time,strict,041000070603,041000090206,7,True,
v01b_unit_pulse_strict,unit_pulse_no_time,strict,041000070603,041000090207,8,True,
v01b_unit_pulse_strict,unit_pulse_no_time,strict,041000070603,041000090403,9,True,
v01b_unit_pulse_strict,unit_pulse_no_time,strict,041000070603,041000090510,10,True,
v01b_unit_pulse_strict,unit_pulse_no_time,strict,041000070603,041000090602,11,True,
v01b_unit_pulse_strict,unit_pulse_no_time,strict,041000070603,041000090603,12,True,
v01b_unit_pulse_strict,unit_pulse_no_time,strict,041000070603,041000090903,13,True,
v01b_unit_pulse_strict,unit_pulse_no_time,strict,041000070603,041000090904,14,True,
v01b_unit_pulse_strict,unit_pulse_no_time,strict,041000070604,041000070604,0,True,
v01b_unit_pulse_strict,unit_pulse_no_time,strict,041000070604,041000070806,1,True,
v01b_unit_pulse_strict,unit_pulse_no_time,strict,041000070604,041000071005,2,True,
v01b_unit_pulse_strict,unit_pulse_no_time,strict,041000070604,041000071209,3,True,
v01b_unit_pulse_strict,unit_pulse_no_time,strict,041000070604,041000090201,4,True,
v01b_unit_pulse_strict,unit_pulse_no_time,strict,041000070604,041000090203,5,True,
v01b_unit_pulse_strict,unit_pulse_no_time,strict,041000070604,041000090206,6,True,
v01b_unit_pulse_strict,unit_pulse_no_time,strict,041000070604,041000090207,7,True,
v01b_unit_pulse_strict,unit_pulse_no_time,strict,041000070604,041000090403,8,True,
v01b_unit_pulse_strict,unit_pulse_no_time,strict,041000070604,041000090510,9,True,
v01b_unit_pulse_strict,unit_pulse_no_time,strict,041000070604,041000090602,10,True,
v01b_unit_pulse_strict,unit_pulse_no_time,strict,041000070604,041000090603,11,True,
v01b_unit_pulse_strict,unit_pulse_no_time,strict,041000070604,041000090903,12,True,
v01b_unit_pulse_strict,unit_pulse_no_time,strict,041000070604,041000090904,13,True,
v01b_unit_pulse_strict,unit_pulse_no_time,strict,041000070701,041000070701,0,True,
v01b_unit_pulse_strict,unit_pulse_no_time,strict,041000070701,041000070703,1,True,
v01b_unit_pulse_strict,unit_pulse_no_time,strict,041000070701,041000070806,2,True,
v01b_unit_pulse_strict,unit_pulse_no_time,strict,041000070701,041000071005,3,True,
v01b_unit_pulse_strict,unit_pulse_no_time,strict,041000070701,041000071209,4,True,
v01b_unit_pulse_strict,unit_pulse_no_time,strict,041000070701,041000090201,5,True,
v01b_unit_pulse_strict,unit_pulse_no_time,strict,041000070701,041000090203,6,True,
v01b_unit_pulse_strict,unit_pulse_no_time,strict,041000070701,041000090206,7,True,
v01b_unit_pulse_strict,unit_pulse_no_time,strict,041000070701,041000090207,8,True,
v01b_unit_pulse_strict,unit_pulse_no_time,strict,041000070701,041000090403,9,True,
v01b_unit_pulse_strict,unit_pulse_no_time,strict,041000070701,041000090510,10,True,
v01b_unit_pulse_strict,unit_pulse_no_time,strict,041000070701,041000090602,11,True,
v01b_unit_pulse_strict,unit_pulse_no_time,strict,041000070701,041000090603,12,True,
v01b_unit_pulse_strict,unit_pulse_no_time,strict,041000070701,041000090903,13,True,
v01b_unit_pulse_strict,unit_pulse_no_time,strict,041000070701,041000090904,14,True,
v01b_unit_pulse_strict,unit_pulse_no_time,strict,041000070702,041000070702,0,True,
v01b_unit_pulse_strict,unit_pulse_no_time,strict,041000070702,041000070703,1,True,
v01b_unit_pulse_strict,unit_pulse_no_time,strict,041000070702,041000070806,2,True,
v01b_unit_pulse_strict,unit_pulse_no_time,strict,041000070702,041000071005,3,True,
v01b_unit_pulse_strict,unit_pulse_no_time,strict,041000070702,041000071209,4,True,
v01b_unit_pulse_strict,unit_pulse_no_time,strict,041000070702,041000090201,5,True,
v01b_unit_pulse_strict,unit_pulse_no_time,strict,041000070702,041000090203,6,True,
v01b_unit_pulse_strict,unit_pulse_no_time,strict,041000070702,041000090206,7,True,
v01b_unit_pulse_strict,unit_pulse_no_time,strict,041000070702,041000090207,8,True,
v01b_unit_pulse_strict,unit_pulse_no_time,strict,041000070702,041000090403,9,True,
v01b_unit_pulse_strict,unit_pulse_no_time,strict,041000070702,041000090510,10,True,
v01b_unit_pulse_strict,unit_pulse_no_time,strict,041000070702,041000090602,11,True,
v01b_unit_pulse_strict,unit_pulse_no_time,strict,041000070702,041000090603,12,True,
v01b_unit_pulse_strict,unit_pulse_no_time,strict,041000070702,041000090903,13,True,
v01b_unit_pulse_strict,unit_pulse_no_time,strict,041000070702,041000090904,14,True,
v01b_unit_pulse_strict,unit_pulse_no_time,strict,041000070703,041000070703,0,True,
v01b_unit_pulse_strict,unit_pulse_no_time,strict,041000070703,041000070806,1,True,
v01b_unit_pulse_strict,unit_pulse_no_time,strict,041000070703,041000071005,2,True,
v01b_unit_pulse_strict,unit_pulse_no_time,strict,041000070703,041000071209,3,True,
v01b_unit_pulse_strict,unit_pulse_no_time,strict,041000070703,041000090201,4,True,
v01b_unit_pulse_strict,unit_pulse_no_time,strict,041000070703,041000090203,5,True,
v01b_unit_pulse_strict,unit_pulse_no_time,strict,041000070703,041000090206,6,True,
v01b_unit_pulse_strict,unit_pulse_no_time,strict,041000070703,041000090207,7,True,
v01b_unit_pulse_strict,unit_pulse_no_time,strict,041000070703,041000090403,8,True,
v01b_unit_pulse_strict,unit_pulse_no_time,strict,041000070703,041000090510,9,True,
v01b_unit_pulse_strict,unit_pulse_no_time,strict,041000070703,041000090602,10,True,
v01b_unit_pulse_strict,unit_pulse_no_time,strict,041000070703,041000090603,11,True,
v01b_unit_pulse_strict,unit_pulse_no_time,strict,041000070703,041000090903,12,True,
v01b_unit_pulse_strict,unit_pulse_no_time,strict,041000070703,041000090904,13,True,
v01b_unit_pulse_strict,unit_pulse_no_time,strict,041000070801,041000070801,0,True,
v01b_unit_pulse_strict,unit_pulse_no_time,strict,041000070801,041000070806,1,True,
v01b_unit_pulse_strict,unit_pulse_no_time,strict,041000070801,041000071005,2,True,
v01b_unit_pulse_strict,unit_pulse_no_time,strict,041000070801,041000071209,3,True,
v01b_unit_pulse_strict,unit_pulse_no_time,strict,041000070801,041000090201,4,True,
v01b_unit_pulse_strict,unit_pulse_no_time,strict,041000070801,041000090203,5,True,
v01b_unit_pulse_strict,unit_pulse_no_time,strict,041000070801,041000090206,6,True,
v01b_unit_pulse_strict,unit_pulse_no_time,strict,041000070801,041000090207,7,True,
v01b_unit_pulse_strict,unit_pulse_no_time,strict,041000070801,041000090403,8,True,
v01b_unit_pulse_strict,unit_pulse_no_time,strict,041000070801,041000090510,9,True,
v01b_unit_pulse_strict,unit_pulse_no_time,strict,041000070801,041000090602,10,True,
v01b_unit_pulse_strict,unit_pulse_no_time,strict,041000070801,041000090603,11,True,
v01b_unit_pulse_strict,unit_pulse_no_time,strict,041000070801,041000090903,12,True,
v01b_unit_pulse_strict,unit_pulse_no_time,strict,041000070801,041000090904,13,True,
v01b_unit_pulse_strict,unit_pulse_no_time,strict,041000070802,041000070802,0,True,
v01b_unit_pulse_strict,unit_pulse_no_time,strict,041000070802,041000070804,1,True,
v01b_unit_pulse_strict,unit_pulse_no_time,strict,041000070802,041000070805,2,True,
v01b_unit_pulse_strict,unit_pulse_no_time,strict,041000070802,041000070806,3,True,
v01b_unit_pulse_strict,unit_pulse_no_time,strict,041000070802,041000071005,4,True,
v01b_unit_pulse_strict,unit_pulse_no_time,strict,041000070802,041000071209,5,True,
v01b_unit_pulse_strict,unit_pulse_no_time,strict,041000070802,041000090201,6,True,
v01b_unit_pulse_strict,unit_pulse_no_time,strict,041000070802,041000090203,7,True,
v01b_unit_pulse_strict,unit_pulse_no_time,strict,041000070802,041000090206,8,True,
v01b_unit_pulse_strict,unit_pulse_no_time,strict,041000070802,041000090207,9,True,
v01b_unit_pulse_strict,unit_pulse_no_time,strict,041000070802,041000090403,10,True,
v01b_unit_pulse_strict,unit_pulse_no_time,strict,041000070802,041000090510,11,True,
v01b_unit_pulse_strict,unit_pulse_no_time,strict,041000070802,041000090602,12,True,
v01b_unit_pulse_strict,unit_pulse_no_time,strict,041000070802,041000090603,13,True,
v01b_unit_pulse_strict,unit_pulse_no_time,strict,041000070802,041000090903,14,True,
v01b_unit_pulse_strict,unit_pulse_no_time,strict,041000070802,041000090904,15,True,
v01b_unit_pulse_strict,unit_pulse_no_time,strict,041000070803,041000070803,0,True,
v01b_unit_pulse_strict,unit_pulse_no_time,strict,041000070803,041000070805,1,True,
v01b_unit_pulse_strict,unit_pulse_no_time,strict,041000070803,041000070806,2,True,
v01b_unit_pulse_strict,unit_pulse_no_time,strict,041000070803,041000071005,3,True,
v01b_unit_pulse_strict,unit_pulse_no_time,strict,041000070803,041000071209,4,True,
v01b_unit_pulse_strict,unit_pulse_no_time,strict,041000070803,041000090201,5,True,
v01b_unit_pulse_strict,unit_pulse_no_time,strict,041000070803,041000090203,6,True,
v01b_unit_pulse_strict,unit_pulse_no_time,strict,041000070803,041000090206,7,True,
v01b_unit_pulse_strict,unit_pulse_no_time,strict,041000070803,041000090207,8,True,
v01b_unit_pulse_strict,unit_pulse_no_time,strict,041000070803,041000090403,9,True,
v01b_unit_pulse_strict,unit_pulse_no_time,strict,041000070803,041000090510,10,True,
v01b_unit_pulse_strict,unit_pulse_no_time,strict,041000070803,041000090602,11,True,
v01b_unit_pulse_strict,unit_pulse_no_time,strict,041000070803,041000090603,12,True,
v01b_unit_pulse_strict,unit_pulse_no_time,strict,041000070803,041000090903,13,True,
v01b_unit_pulse_strict,unit_pulse_no_time,strict,041000070803,041000090904,14,True,
v01b_unit_pulse_strict,unit_pulse_no_time,strict,041000070804,041000070804,0,True,
v01b_unit_pulse_strict,unit_pulse_no_time,strict,041000070804,041000070805,1,True,
v01b_unit_pulse_strict,unit_pulse_no_time,strict,041000070804,041000070806,2,True,
v01b_unit_pulse_strict,unit_pulse_no_time,strict,041000070804,041000071005,3,True,
v01b_unit_pulse_strict,unit_pulse_no_time,strict,041000070804,041000071209,4,True,
v01b_unit_pulse_strict,unit_pulse_no_time,strict,041000070804,041000090201,5,True,
v01b_unit_pulse_strict,unit_pulse_no_time,strict,041000070804,041000090203,6,True,
v01b_unit_pulse_strict,unit_pulse_no_time,strict,041000070804,041000090206,7,True,
v01b_unit_pulse_strict,unit_pulse_no_time,strict,041000070804,041000090207,8,True,
v01b_unit_pulse_strict,unit_pulse_no_time,strict,041000070804,041000090403,9,True,
v01b_unit_pulse_strict,unit_pulse_no_time,strict,041000070804,041000090510,10,True,
v01b_unit_pulse_strict,unit_pulse_no_time,strict,041000070804,041000090602,11,True,
v01b_unit_pulse_strict,unit_pulse_no_time,strict,041000070804,041000090603,12,True,
v01b_unit_pulse_strict,unit_pulse_no_time,strict,041000070804,041000090903,13,True,
v01b_unit_pulse_strict,unit_pulse_no_time,strict,041000070804,041000090904,14,True,
v01b_unit_pulse_strict,unit_pulse_no_time,strict,041000070805,041000070805,0,True,
v01b_unit_pulse_strict,unit_pulse_no_time,strict,041000070805,041000070806,1,True,
v01b_unit_pulse_strict,unit_pulse_no_time,strict,041000070805,041000071005,2,True,
v01b_unit_pulse_strict,unit_pulse_no_time,strict,041000070805,041000071209,3,True,
v01b_unit_pulse_strict,unit_pulse_no_time,strict,041000070805,041000090201,4,True,
v01b_unit_pulse_strict,unit_pulse_no_time,strict,041000070805,041000090203,5,True,
v01b_unit_pulse_strict,unit_pulse_no_time,strict,041000070805,041000090206,6,True,
v01b_unit_pulse_strict,unit_pulse_no_time,strict,041000070805,041000090207,7,True,
v01b_unit_pulse_strict,unit_pulse_no_time,strict,041000070805,041000090403,8,True,
v01b_unit_pulse_strict,unit_pulse_no_time,strict,041000070805,041000090510,9,True,
v01b_unit_pulse_strict,unit_pulse_no_time,strict,041000070805,041000090602,10,True,
v01b_unit_pulse_strict,unit_pulse_no_time,strict,041000070805,041000090603,11,True,
v01b_unit_pulse_strict,unit_pulse_no_time,strict,041000070805,041000090903,12,True,
v01b_unit_pulse_strict,unit_pulse_no_time,strict,041000070805,041000090904,13,True,
v01b_unit_pulse_strict,unit_pulse_no_time,strict,041000070806,041000070806,0,True,
v01b_unit_pulse_strict,unit_pulse_no_time,strict,041000070806,041000071005,1,True,
v01b_unit_pulse_strict,unit_pulse_no_time,strict,041000070806,041000071209,2,True,
v01b_unit_pulse_strict,unit_pulse_no_time,strict,041000070806,041000090201,3,True,
v01b_unit_pulse_strict,unit_pulse_no_time,strict,041000070806,041000090203,4,True,
v01b_unit_pulse_strict,unit_pulse_no_time,strict,041000070806,041000090206,5,True,
v01b_unit_pulse_strict,unit_pulse_no_time,strict,041000070806,041000090207,6,True,
v01b_unit_pulse_strict,unit_pulse_no_time,strict,041000070806,041000090403,7,True,
v01b_unit_pulse_strict,unit_pulse_no_time,strict,041000070806,041000090510,8,True,
v01b_unit_pulse_strict,unit_pulse_no_time,strict,041000070806,041000090602,9,True,
v01b_unit_pulse_strict,unit_pulse_no_time,strict,041000070806,041000090603,10,True,
v01b_unit_pulse_strict,unit_pulse_no_time,strict,041000070806,041000090903,11,True,
v01b_unit_pulse_strict,unit_pulse_no_time,strict,041000070806,041000090904,12,True,
v01b_unit_pulse_strict,unit_pulse_no_time,strict,041000070901,041000070901,0,True,
v01b_unit_pulse_strict,unit_pulse_no_time,strict,041000070901,041000070903,1,True,
v01b_unit_pulse_strict,unit_pulse_no_time,strict,041000070901,041000070904,2,True,
v01b_unit_pulse_strict,unit_pulse_no_time,strict,041000070901,041000070905,3,True,
v01b_unit_pulse_strict,unit_pulse_no_time,strict,041000070901,041000070907,4,True,
v01b_unit_pulse_strict,unit_pulse_no_time,strict,041000070901,041000071005,5,True,
v01b_unit_pulse_strict,unit_pulse_no_time,strict,041000070901,041000071209,6,True,
v01b_unit_pulse_strict,unit_pulse_no_time,strict,041000070901,041000090201,7,True,
v01b_unit_pulse_strict,unit_pulse_no_time,strict,041000070901,041000090203,8,True,
v01b_unit_pulse_strict,unit_pulse_no_time,strict,041000070901,041000090206,9,True,
v01b_unit_pulse_strict,unit_pulse_no_time,strict,041000070901,041000090207,10,True,
v01b_unit_pulse_strict,unit_pulse_no_time,strict,041000070901,041000090403,11,True,
v01b_unit_pulse_strict,unit_pulse_no_time,strict,041000070901,041000090510,12,True,
v01b_unit_pulse_strict,unit_pulse_no_time,strict,041000070901,041000090602,13,True,
v01b_unit_pulse_strict,unit_pulse_no_time,strict,041000070901,041000090603,14,True,
v01b_unit_pulse_strict,unit_pulse_no_time,strict,041000070901,041000090903,15,True,
v01b_unit_pulse_strict,unit_pulse_no_time,strict,041000070901,041000090904,16,True,
v01b_unit_pulse_strict,unit_pulse_no_time,strict,041000070902,041000070902,0,True,
v01b_unit_pulse_strict,unit_pulse_no_time,strict,041000070902,041000070903,1,True,
v01b_unit_pulse_strict,unit_pulse_no_time,strict,041000070902,041000070904,2,True,
v01b_unit_pulse_strict,unit_pulse_no_time,strict,041000070902,041000070905,3,True,
v01b_unit_pulse_strict,unit_pulse_no_time,strict,041000070902,041000070907,4,True,
v01b_unit_pulse_strict,unit_pulse_no_time,strict,041000070902,041000071005,5,True,
v01b_unit_pulse_strict,unit_pulse_no_time,strict,041000070902,041000071209,6,True,
v01b_unit_pulse_strict,unit_pulse_no_time,strict,041000070902,041000090201,7,True,
v01b_unit_pulse_strict,unit_pulse_no_time,strict,041000070902,041000090203,8,True,
v01b_unit_pulse_strict,unit_pulse_no_time,strict,041000070902,041000090206,9,True,
v01b_unit_pulse_strict,unit_pulse_no_time,strict,041000070902,041000090207,10,True,
v01b_unit_pulse_strict,unit_pulse_no_time,strict,041000070902,041000090403,11,True,
v01b_unit_pulse_strict,unit_pulse_no_time,strict,041000070902,041000090510,12,True,
v01b_unit_pulse_strict,unit_pulse_no_time,strict,041000070902,041000090602,13,True,
v01b_unit_pulse_strict,unit_pulse_no_time,strict,041000070902,041000090603,14,True,
v01b_unit_pulse_strict,unit_pulse_no_time,strict,041000070902,041000090903,15,True,
v01b_unit_pulse_strict,unit_pulse_no_time,strict,041000070902,041000090904,16,True,
v01b_unit_pulse_strict,unit_pulse_no_time,strict,041000070903,041000070903,0,True,
v01b_unit_pulse_strict,unit_pulse_no_time,strict,041000070903,041000070904,1,True,
v01b_unit_pulse_strict,unit_pulse_no_time,strict,041000070903,041000070905,2,True,
v01b_unit_pulse_strict,unit_pulse_no_time,strict,041000070903,041000070907,3,True,
v01b_unit_pulse_strict,unit_pulse_no_time,strict,041000070903,041000071005,4,True,
v01b_unit_pulse_strict,unit_pulse_no_time,strict,041000070903,041000071209,5,True,
v01b_unit_pulse_strict,unit_pulse_no_time,strict,041000070903,041000090201,6,True,
v01b_unit_pulse_strict,unit_pulse_no_time,strict,041000070903,041000090203,7,True,
v01b_unit_pulse_strict,unit_pulse_no_time,strict,041000070903,041000090206,8,True,
v01b_unit_pulse_strict,unit_pulse_no_time,strict,041000070903,041000090207,9,True,
v01b_unit_pulse_strict,unit_pulse_no_time,strict,041000070903,041000090403,10,True,
v01b_unit_pulse_strict,unit_pulse_no_time,strict,041000070903,041000090510,11,True,
v01b_unit_pulse_strict,unit_pulse_no_time,strict,041000070903,041000090602,12,True,
v01b_unit_pulse_strict,unit_pulse_no_time,strict,041000070903,041000090603,13,True,
v01b_unit_pulse_strict,unit_pulse_no_time,strict,041000070903,041000090903,14,True,
v01b_unit_pulse_strict,unit_pulse_no_time,strict,041000070903,041000090904,15,True,
v01b_unit_pulse_strict,unit_pulse_no_time,strict,041000070904,041000070904,0,True,
v01b_unit_pulse_strict,unit_pulse_no_time,strict,041000070904,041000070905,1,True,
v01b_unit_pulse_strict,unit_pulse_no_time,strict,041000070904,041000070907,2,True,
v01b_unit_pulse_strict,unit_pulse_no_time,strict,041000070904,041000071005,3,True,
v01b_unit_pulse_strict,unit_pulse_no_time,strict,041000070904,041000071209,4,True,
v01b_unit_pulse_strict,unit_pulse_no_time,strict,041000070904,041000090201,5,True,
v01b_unit_pulse_strict,unit_pulse_no_time,strict,041000070904,041000090203,6,True,
v01b_unit_pulse_strict,unit_pulse_no_time,strict,041000070904,041000090206,7,True,
v01b_unit_pulse_strict,unit_pulse_no_time,strict,041000070904,041000090207,8,True,
v01b_unit_pulse_strict,unit_pulse_no_time,strict,041000070904,041000090403,9,True,
v01b_unit_pulse_strict,unit_pulse_no_time,strict,041000070904,041000090510,10,True,
v01b_unit_pulse_strict,unit_pulse_no_time,strict,041000070904,041000090602,11,True,
v01b_unit_pulse_strict,unit_pulse_no_time,strict,041000070904,041000090603,12,True,
v01b_unit_pulse_strict,unit_pulse_no_time,strict,041000070904,041000090903,13,True,
v01b_unit_pulse_strict,unit_pulse_no_time,strict,041000070904,041000090904,14,True,
v01b_unit_pulse_strict,unit_pulse_no_time,strict,041000070905,041000070905,0,True,
v01b_unit_pulse_strict,unit_pulse_no_time,strict,041000070905,041000070907,1,True,
v01b_unit_pulse_strict,unit_pulse_no_time,strict,041000070905,041000071005,2,True,
v01b_unit_pulse_strict,unit_pulse_no_time,strict,041000070905,041000071209,3,True,
v01b_unit_pulse_strict,unit_pulse_no_time,strict,041000070905,041000090201,4,True,
v01b_unit_pulse_strict,unit_pulse_no_time,strict,041000070905,041000090203,5,True,
v01b_unit_pulse_strict,unit_pulse_no_time,strict,041000070905,041000090206,6,True,
v01b_unit_pulse_strict,unit_pulse_no_time,strict,041000070905,041000090207,7,True,
v01b_unit_pulse_strict,unit_pulse_no_time,strict,041000070905,041000090403,8,True,
v01b_unit_pulse_strict,unit_pulse_no_time,strict,041000070905,041000090510,9,True,
v01b_unit_pulse_strict,unit_pulse_no_time,strict,041000070905,041000090602,10,True,
v01b_unit_pulse_strict,unit_pulse_no_time,strict,041000070905,041000090603,11,True,
v01b_unit_pulse_strict,unit_pulse_no_time,strict,041000070905,041000090903,12,True,
v01b_unit_pulse_strict,unit_pulse_no_time,strict,041000070905,041000090904,13,True,
v01b_unit_pulse_strict,unit_pulse_no_time,strict,041000070906,041000070906,0,True,
v01b_unit_pulse_strict,unit_pulse_no_time,strict,041000070906,041000070907,1,True,
v01b_unit_pulse_strict,unit_pulse_no_time,strict,041000070906,041000071005,2,True,
v01b_unit_pulse_strict,unit_pulse_no_time,strict,041000070906,041000071209,3,True,
v01b_unit_pulse_strict,unit_pulse_no_time,strict,041000070906,041000090201,4,True,
v01b_unit_pulse_strict,unit_pulse_no_time,strict,041000070906,041000090203,5,True,
v01b_unit_pulse_strict,unit_pulse_no_time,strict,041000070906,041000090206,6,True,
v01b_unit_pulse_strict,unit_pulse_no_time,strict,041000070906,041000090207,7,True,
v01b_unit_pulse_strict,unit_pulse_no_time,strict,041000070906,041000090403,8,True,
v01b_unit_pulse_strict,unit_pulse_no_time,strict,041000070906,041000090510,9,True,
v01b_unit_pulse_strict,unit_pulse_no_time,strict,041000070906,041000090602,10,True,
v01b_unit_pulse_strict,unit_pulse_no_time,strict,041000070906,041000090603,11,True,
v01b_unit_pulse_strict,unit_pulse_no_time,strict,041000070906,041000090903,12,True,
v01b_unit_pulse_strict,unit_pulse_no_time,strict,041000070906,041000090904,13,True,
v01b_unit_pulse_strict,unit_pulse_no_time,strict,041000070907,041000070907,0,True,
v01b_unit_pulse_strict,unit_pulse_no_time,strict,041000070907,041000071005,1,True,
v01b_unit_pulse_strict,unit_pulse_no_time,strict,041000070907,041000071209,2,True,
v01b_unit_pulse_strict,unit_pulse_no_time,strict,041000070907,041000090201,3,True,
v01b_unit_pulse_strict,unit_pulse_no_time,strict,041000070907,041000090203,4,True,
v01b_unit_pulse_strict,unit_pulse_no_time,strict,041000070907,041000090206,5,True,
v01b_unit_pulse_strict,unit_pulse_no_time,strict,041000070907,041000090207,6,True,
v01b_unit_pulse_strict,unit_pulse_no_time,strict,041000070907,041000090403,7,True,
v01b_unit_pulse_strict,unit_pulse_no_time,strict,041000070907,041000090510,8,True,
v01b_unit_pulse_strict,unit_pulse_no_time,strict,041000070907,041000090602,9,True,
v01b_unit_pulse_strict,unit_pulse_no_time,strict,041000070907,041000090603,10,True,
v01b_unit_pulse_strict,unit_pulse_no_time,strict,041000070907,041000090903,11,True,
v01b_unit_pulse_strict,unit_pulse_no_time,strict,041000070907,041000090904,12,True,
v01b_unit_pulse_strict,unit_pulse_no_time,strict,041000071001,041000071001,0,True,
v01b_unit_pulse_strict,unit_pulse_no_time,strict,041000071001,041000071002,1,False,041000071001
v01b_unit_pulse_strict,unit_pulse_no_time,strict,041000071001,041000071003,2,False,041000071001
v01b_unit_pulse_strict,unit_pulse_no_time,strict,041000071001,041000071004,3,False,041000071001
v01b_unit_pulse_strict,unit_pulse_no_time,strict,041000071001,041000071005,4,False,041000071001
v01b_unit_pulse_strict,unit_pulse_no_time,strict,041000071001,041000071209,5,False,041000071001
v01b_unit_pulse_strict,unit_pulse_no_time,strict,041000071001,041000090201,6,False,041000071001
v01b_unit_pulse_strict,unit_pulse_no_time,strict,041000071001,041000090203,7,False,041000071001
v01b_unit_pulse_strict,unit_pulse_no_time,strict,041000071001,041000090206,8,False,041000071001
v01b_unit_pulse_strict,unit_pulse_no_time,strict,041000071001,041000090207,9,False,041000071001
v01b_unit_pulse_strict,unit_pulse_no_time,strict,041000071001,041000090403,10,False,041000071001
v01b_unit_pulse_strict,unit_pulse_no_time,strict,041000071001,041000090510,11,False,041000071001
v01b_unit_pulse_strict,unit_pulse_no_time,strict,041000071001,041000090602,12,False,041000071001
v01b_unit_pulse_strict,unit_pulse_no_time,strict,041000071001,041000090603,13,False,041000071001
v01b_unit_pulse_strict,unit_pulse_no_time,strict,041000071001,041000090903,14,False,041000071001
v01b_unit_pulse_strict,unit_pulse_no_time,strict,041000071001,041000090904,15,False,041000071001
v01b_unit_pulse_strict,unit_pulse_no_time,strict,041000071002,041000071002,0,True,
v01b_unit_pulse_strict,unit_pulse_no_time,strict,041000071002,041000071003,1,True,
v01b_unit_pulse_strict,unit_pulse_no_time,strict,041000071002,041000071004,2,True,
v01b_unit_pulse_strict,unit_pulse_no_time,strict,041000071002,041000071005,3,True,
v01b_unit_pulse_strict,unit_pulse_no_time,strict,041000071002,041000071209,4,True,
v01b_unit_pulse_strict,unit_pulse_no_time,strict,041000071002,041000090201,5,True,
v01b_unit_pulse_strict,unit_pulse_no_time,strict,041000071002,041000090203,6,True,
v01b_unit_pulse_strict,unit_pulse_no_time,strict,041000071002,041000090206,7,True,
v01b_unit_pulse_strict,unit_pulse_no_time,strict,041000071002,041000090207,8,True,
v01b_unit_pulse_strict,unit_pulse_no_time,strict,041000071002,041000090403,9,True,
v01b_unit_pulse_strict,unit_pulse_no_time,strict,041000071002,041000090510,10,True,
v01b_unit_pulse_strict,unit_pulse_no_time,strict,041000071002,041000090602,11,True,
v01b_unit_pulse_strict,unit_pulse_no_time,strict,041000071002,041000090603,12,True,
v01b_unit_pulse_strict,unit_pulse_no_time,strict,041000071002,041000090903,13,True,
v01b_unit_pulse_strict,unit_pulse_no_time,strict,041000071002,041000090904,14,True,
v01b_unit_pulse_strict,unit_pulse_no_time,strict,041000071003,041000071003,0,True,
v01b_unit_pulse_strict,unit_pulse_no_time,strict,041000071003,041000071004,1,True,
v01b_unit_pulse_strict,unit_pulse_no_time,strict,041000071003,041000071005,2,True,
v01b_unit_pulse_strict,unit_pulse_no_time,strict,041000071003,041000071209,3,True,
v01b_unit_pulse_strict,unit_pulse_no_time,strict,041000071003,041000090201,4,True,
v01b_unit_pulse_strict,unit_pulse_no_time,strict,041000071003,041000090203,5,True,
v01b_unit_pulse_strict,unit_pulse_no_time,strict,041000071003,041000090206,6,True,
v01b_unit_pulse_strict,unit_pulse_no_time,strict,041000071003,041000090207,7,True,
v01b_unit_pulse_strict,unit_pulse_no_time,strict,041000071003,041000090403,8,True,
v01b_unit_pulse_strict,unit_pulse_no_time,strict,041000071003,041000090510,9,True,
v01b_unit_pulse_strict,unit_pulse_no_time,strict,041000071003,041000090602,10,True,
v01b_unit_pulse_strict,unit_pulse_no_time,strict,041000071003,041000090603,11,True,
v01b_unit_pulse_strict,unit_pulse_no_time,strict,041000071003,041000090903,12,True,
v01b_unit_pulse_strict,unit_pulse_no_time,strict,041000071003,041000090904,13,True,
v01b_unit_pulse_strict,unit_pulse_no_time,strict,041000071004,041000071004,0,True,
v01b_unit_pulse_strict,unit_pulse_no_time,strict,041000071004,041000071005,1,True,
v01b_unit_pulse_strict,unit_pulse_no_time,strict,041000071004,041000071209,2,True,
v01b_unit_pulse_strict,unit_pulse_no_time,strict,041000071004,041000090201,3,True,
v01b_unit_pulse_strict,unit_pulse_no_time,strict,041000071004,041000090203,4,True,
v01b_unit_pulse_strict,unit_pulse_no_time,strict,041000071004,041000090206,5,True,
v01b_unit_pulse_strict,unit_pulse_no_time,strict,041000071004,041000090207,6,True,
v01b_unit_pulse_strict,unit_pulse_no_time,strict,041000071004,041000090403,7,True,
v01b_unit_pulse_strict,unit_pulse_no_time,strict,041000071004,041000090510,8,True,
v01b_unit_pulse_strict,unit_pulse_no_time,strict,041000071004,041000090602,9,True,
v01b_unit_pulse_strict,unit_pulse_no_time,strict,041000071004,041000090603,10,True,
v01b_unit_pulse_strict,unit_pulse_no_time,strict,041000071004,041000090903,11,True,
v01b_unit_pulse_strict,unit_pulse_no_time,strict,041000071004,041000090904,12,True,
v01b_unit_pulse_strict,unit_pulse_no_time,strict,041000071005,041000071005,0,True,
v01b_unit_pulse_strict,unit_pulse_no_time,strict,041000071005,041000071209,1,True,
v01b_unit_pulse_strict,unit_pulse_no_time,strict,041000071005,041000090201,2,True,
v01b_unit_pulse_strict,unit_pulse_no_time,strict,041000071005,041000090203,3,True,
v01b_unit_pulse_strict,unit_pulse_no_time,strict,041000071005,041000090206,4,True,
v01b_unit_pulse_strict,unit_pulse_no_time,strict,041000071005,041000090207,5,True,
v01b_unit_pulse_strict,unit_pulse_no_time,strict,041000071005,041000090403,6,True,
v01b_unit_pulse_strict,unit_pulse_no_time,strict,041000071005,041000090510,7,True,
v01b_unit_pulse_strict,unit_pulse_no_time,strict,041000071005,041000090602,8,True,
v01b_unit_pulse_strict,unit_pulse_no_time,strict,041000071005,041000090603,9,True,
v01b_unit_pulse_strict,unit_pulse_no_time,strict,041000071005,041000090903,10,True,
v01b_unit_pulse_strict,unit_pulse_no_time,strict,041000071005,041000090904,11,True,
v01b_unit_pulse_strict,unit_pulse_no_time,strict,041000071101,041000071101,0,True,
v01b_unit_pulse_strict,unit_pulse_no_time,strict,041000071101,041000071102,1,True,
v01b_unit_pulse_strict,unit_pulse_no_time,strict,041000071101,041000071103,2,True,
v01b_unit_pulse_strict,unit_pulse_no_time,strict,041000071101,041000071209,3,True,
v01b_unit_pulse_strict,unit_pulse_no_time,strict,041000071101,041000090201,4,True,
v01b_unit_pulse_strict,unit_pulse_no_time,strict,041000071101,041000090203,5,True,
v01b_unit_pulse_strict,unit_pulse_no_time,strict,041000071101,041000090206,6,True,
v01b_unit_pulse_strict,unit_pulse_no_time,strict,041000071101,041000090207,7,True,
v01b_unit_pulse_strict,unit_pulse_no_time,strict,041000071101,041000090403,8,True,
v01b_unit_pulse_strict,unit_pulse_no_time,strict,041000071101,041000090510,9,True,
v01b_unit_pulse_strict,unit_pulse_no_time,strict,041000071101,041000090602,10,True,
v01b_unit_pulse_strict,unit_pulse_no_time,strict,041000071101,041000090603,11,True,
v01b_unit_pulse_strict,unit_pulse_no_time,strict,041000071101,041000090903,12,True,
v01b_unit_pulse_strict,unit_pulse_no_time,strict,041000071101,041000090904,13,True,
v01b_unit_pulse_strict,unit_pulse_no_time,strict,041000071102,041000071102,0,True,
v01b_unit_pulse_strict,unit_pulse_no_time,strict,041000071102,041000071103,1,True,
v01b_unit_pulse_strict,unit_pulse_no_time,strict,041000071102,041000071209,2,True,
v01b_unit_pulse_strict,unit_pulse_no_time,strict,041000071102,041000090201,3,True,
v01b_unit_pulse_strict,unit_pulse_no_time,strict,041000071102,041000090203,4,True,
v01b_unit_pulse_strict,unit_pulse_no_time,strict,041000071102,041000090206,5,True,
v01b_unit_pulse_strict,unit_pulse_no_time,strict,041000071102,041000090207,6,True,
v01b_unit_pulse_strict,unit_pulse_no_time,strict,041000071102,041000090403,7,True,
v01b_unit_pulse_strict,unit_pulse_no_time,strict,041000071102,041000090510,8,True,
v01b_unit_pulse_strict,unit_pulse_no_time,strict,041000071102,041000090602,9,True,
v01b_unit_pulse_strict,unit_pulse_no_time,strict,041000071102,041000090603,10,True,
v01b_unit_pulse_strict,unit_pulse_no_time,strict,041000071102,041000090903,11,True,
v01b_unit_pulse_strict,unit_pulse_no_time,strict,041000071102,041000090904,12,True,
v01b_unit_pulse_strict,unit_pulse_no_time,strict,041000071103,041000071103,0,True,
v01b_unit_pulse_strict,unit_pulse_no_time,strict,041000071103,041000071209,1,True,
v01b_unit_pulse_strict,unit_pulse_no_time,strict,041000071103,041000090201,2,True,
v01b_unit_pulse_strict,unit_pulse_no_time,strict,041000071103,041000090203,3,True,
v01b_unit_pulse_strict,unit_pulse_no_time,strict,041000071103,041000090206,4,True,
v01b_unit_pulse_strict,unit_pulse_no_time,strict,041000071103,041000090207,5,True,
v01b_unit_pulse_strict,unit_pulse_no_time,strict,041000071103,041000090403,6,True,
v01b_unit_pulse_strict,unit_pulse_no_time,strict,041000071103,041000090510,7,True,
v01b_unit_pulse_strict,unit_pulse_no_time,strict,041000071103,041000090602,8,True,
v01b_unit_pulse_strict,unit_pulse_no_time,strict,041000071103,041000090603,9,True,
v01b_unit_pulse_strict,unit_pulse_no_time,strict,041000071103,041000090903,10,True,
v01b_unit_pulse_strict,unit_pulse_no_time,strict,041000071103,041000090904,11,True,
v01b_unit_pulse_strict,unit_pulse_no_time,strict,041000071201,041000071201,0,True,
v01b_unit_pulse_strict,unit_pulse_no_time,strict,041000071201,041000071204,1,True,
v01b_unit_pulse_strict,unit_pulse_no_time,strict,041000071201,041000071205,2,True,
v01b_unit_pulse_strict,unit_pulse_no_time,strict,041000071201,041000071206,3,True,
v01b_unit_pulse_strict,unit_pulse_no_time,strict,041000071201,041000071209,4,True,
v01b_unit_pulse_strict,unit_pulse_no_time,strict,041000071201,041000090201,5,True,
v01b_unit_pulse_strict,unit_pulse_no_time,strict,041000071201,041000090203,6,True,
v01b_unit_pulse_strict,unit_pulse_no_time,strict,041000071201,041000090206,7,True,
v01b_unit_pulse_strict,unit_pulse_no_time,strict,041000071201,041000090207,8,True,
v01b_unit_pulse_strict,unit_pulse_no_time,strict,041000071201,041000090403,9,True,
v01b_unit_pulse_strict,unit_pulse_no_time,strict,041000071201,041000090510,10,True,
v01b_unit_pulse_strict,unit_pulse_no_time,strict,041000071201,041000090602,11,True,
v01b_unit_pulse_strict,unit_pulse_no_time,strict,041000071201,041000090603,12,True,
v01b_unit_pulse_strict,unit_pulse_no_time,strict,041000071201,041000090903,13,True,
v01b_unit_pulse_strict,unit_pulse_no_time,strict,041000071201,041000090904,14,True,
v01b_unit_pulse_strict,unit_pulse_no_time,strict,041000071202,041000071202,0,True,
v01b_unit_pulse_strict,unit_pulse_no_time,strict,041000071202,041000071203,1,True,
v01b_unit_pulse_strict,unit_pulse_no_time,strict,041000071202,041000071205,2,True,
v01b_unit_pulse_strict,unit_pulse_no_time,strict,041000071202,041000071206,3,True,
v01b_unit_pulse_strict,unit_pulse_no_time,strict,041000071202,041000071209,4,True,
v01b_unit_pulse_strict,unit_pulse_no_time,strict,041000071202,041000090201,5,True,
v01b_unit_pulse_strict,unit_pulse_no_time,strict,041000071202,041000090203,6,True,
v01b_unit_pulse_strict,unit_pulse_no_time,strict,041000071202,041000090206,7,True,
v01b_unit_pulse_strict,unit_pulse_no_time,strict,041000071202,041000090207,8,True,
v01b_unit_pulse_strict,unit_pulse_no_time,strict,041000071202,041000090403,9,True,
v01b_unit_pulse_strict,unit_pulse_no_time,strict,041000071202,041000090510,10,True,
v01b_unit_pulse_strict,unit_pulse_no_time,strict,041000071202,041000090602,11,True,
v01b_unit_pulse_strict,unit_pulse_no_time,strict,041000071202,041000090603,12,True,
v01b_unit_pulse_strict,unit_pulse_no_time,strict,041000071202,041000090903,13,True,
v01b_unit_pulse_strict,unit_pulse_no_time,strict,041000071202,041000090904,14,True,
v01b_unit_pulse_strict,unit_pulse_no_time,strict,041000071203,041000071203,0,True,
v01b_unit_pulse_strict,unit_pulse_no_time,strict,041000071203,041000071205,1,True,
v01b_unit_pulse_strict,unit_pulse_no_time,strict,041000071203,041000071206,2,True,
v01b_unit_pulse_strict,unit_pulse_no_time,strict,041000071203,041000071209,3,True,
v01b_unit_pulse_strict,unit_pulse_no_time,strict,041000071203,041000090201,4,True,
v01b_unit_pulse_strict,unit_pulse_no_time,strict,041000071203,041000090203,5,True,
v01b_unit_pulse_strict,unit_pulse_no_time,strict,041000071203,041000090206,6,True,
v01b_unit_pulse_strict,unit_pulse_no_time,strict,041000071203,041000090207,7,True,
v01b_unit_pulse_strict,unit_pulse_no_time,strict,041000071203,041000090403,8,True,
v01b_unit_pulse_strict,unit_pulse_no_time,strict,041000071203,041000090510,9,True,
v01b_unit_pulse_strict,unit_pulse_no_time,strict,041000071203,041000090602,10,True,
v01b_unit_pulse_strict,unit_pulse_no_time,strict,041000071203,041000090603,11,True,
v01b_unit_pulse_strict,unit_pulse_no_time,strict,041000071203,041000090903,12,True,
v01b_unit_pulse_strict,unit_pulse_no_time,strict,041000071203,041000090904,13,True,
v01b_unit_pulse_strict,unit_pulse_no_time,strict,041000071204,041000071204,0,True,
v01b_unit_pulse_strict,unit_pulse_no_time,strict,041000071204,041000071205,1,True,
v01b_unit_pulse_strict,unit_pulse_no_time,strict,041000071204,041000071206,2,True,
v01b_unit_pulse_strict,unit_pulse_no_time,strict,041000071204,041000071209,3,True,
v01b_unit_pulse_strict,unit_pulse_no_time,strict,041000071204,041000090201,4,True,
v01b_unit_pulse_strict,unit_pulse_no_time,strict,041000071204,041000090203,5,True,
v01b_unit_pulse_strict,unit_pulse_no_time,strict,041000071204,041000090206,6,True,
v01b_unit_pulse_strict,unit_pulse_no_time,strict,041000071204,041000090207,7,True,
v01b_unit_pulse_strict,unit_pulse_no_time,strict,041000071204,041000090403,8,True,
v01b_unit_pulse_strict,unit_pulse_no_time,strict,041000071204,041000090510,9,True,
v01b_unit_pulse_strict,unit_pulse_no_time,strict,041000071204,041000090602,10,True,
v01b_unit_pulse_strict,unit_pulse_no_time,strict,041000071204,041000090603,11,True,
v01b_unit_pulse_strict,unit_pulse_no_time,strict,041000071204,041000090903,12,True,
v01b_unit_pulse_strict,unit_pulse_no_time,strict,041000071204,041000090904,13,True,
v01b_unit_pulse_strict,unit_pulse_no_time,strict,041000071205,041000071205,0,True,
v01b_unit_pulse_strict,unit_pulse_no_time,strict,041000071205,041000071206,1,True,
v01b_unit_pulse_strict,unit_pulse_no_time,strict,041000071205,041000071209,2,True,
v01b_unit_pulse_strict,unit_pulse_no_time,strict,041000071205,041000090201,3,True,
v01b_unit_pulse_strict,unit_pulse_no_time,strict,041000071205,041000090203,4,True,
v01b_unit_pulse_strict,unit_pulse_no_time,strict,041000071205,041000090206,5,True,
v01b_unit_pulse_strict,unit_pulse_no_time,strict,041000071205,041000090207,6,True,
v01b_unit_pulse_strict,unit_pulse_no_time,strict,041000071205,041000090403,7,True,
v01b_unit_pulse_strict,unit_pulse_no_time,strict,041000071205,041000090510,8,True,
v01b_unit_pulse_strict,unit_pulse_no_time,strict,041000071205,041000090602,9,True,
v01b_unit_pulse_strict,unit_pulse_no_time,strict,041000071205,041000090603,10,True,
v01b_unit_pulse_strict,unit_pulse_no_time,strict,041000071205,041000090903,11,True,
v01b_unit_pulse_strict,unit_pulse_no_time,strict,041000071205,041000090904,12,True,
v01b_unit_pulse_strict,unit_pulse_no_time,strict,041000071206,041000071206,0,True,
v01b_unit_pulse_strict,unit_pulse_no_time,strict,041000071206,041000071209,1,True,
v01b_unit_pulse_strict,unit_pulse_no_time,strict,041000071206,041000090201,2,True,
v01b_unit_pulse_strict,unit_pulse_no_time,strict,041000071206,041000090203,3,True,
v01b_unit_pulse_strict,unit_pulse_no_time,strict,041000071206,041000090206,4,True,
v01b_unit_pulse_strict,unit_pulse_no_time,strict,041000071206,041000090207,5,True,
v01b_unit_pulse_strict,unit_pulse_no_time,strict,041000071206,041000090403,6,True,
v01b_unit_pulse_strict,unit_pulse_no_time,strict,041000071206,041000090510,7,True,
v01b_unit_pulse_strict,unit_pulse_no_time,strict,041000071206,041000090602,8,True,
v01b_unit_pulse_strict,unit_pulse_no_time,strict,041000071206,041000090603,9,True,
v01b_unit_pulse_strict,unit_pulse_no_time,strict,041000071206,041000090903,10,True,
v01b_unit_pulse_strict,unit_pulse_no_time,strict,041000071206,041000090904,11,True,
v01b_unit_pulse_strict,unit_pulse_no_time,strict,041000071207,041000071207,0,True,
v01b_unit_pulse_strict,unit_pulse_no_time,strict,041000071207,041000071209,1,True,
v01b_unit_pulse_strict,unit_pulse_no_time,strict,041000071207,041000090201,2,True,
v01b_unit_pulse_strict,unit_pulse_no_time,strict,041000071207,041000090203,3,True,
v01b_unit_pulse_strict,unit_pulse_no_time,strict,041000071207,041000090206,4,True,
v01b_unit_pulse_strict,unit_pulse_no_time,strict,041000071207,041000090207,5,True,
v01b_unit_pulse_strict,unit_pulse_no_time,strict,041000071207,041000090403,6,True,
v01b_unit_pulse_strict,unit_pulse_no_time,strict,041000071207,041000090510,7,True,
v01b_unit_pulse_strict,unit_pulse_no_time,strict,041000071207,041000090602,8,True,
v01b_unit_pulse_strict,unit_pulse_no_time,strict,041000071207,041000090603,9,True,
v01b_unit_pulse_strict,unit_pulse_no_time,strict,041000071207,041000090903,10,True,
v01b_unit_pulse_strict,unit_pulse_no_time,strict,041000071207,041000090904,11,True,
v01b_unit_pulse_strict,unit_pulse_no_time,strict,041000071208,041000071208,0,True,
v01b_unit_pulse_strict,unit_pulse_no_time,strict,041000071208,041000071209,1,True,
v01b_unit_pulse_strict,unit_pulse_no_time,strict,041000071208,041000090201,2,True,
v01b_unit_pulse_strict,unit_pulse_no_time,strict,041000071208,041000090203,3,True,
v01b_unit_pulse_strict,unit_pulse_no_time,strict,041000071208,041000090206,4,True,
v01b_unit_pulse_strict,unit_pulse_no_time,strict,041000071208,041000090207,5,True,
v01b_unit_pulse_strict,unit_pulse_no_time,strict,041000071208,041000090403,6,True,
v01b_unit_pulse_strict,unit_pulse_no_time,strict,041000071208,041000090510,7,True,
v01b_unit_pulse_strict,unit_pulse_no_time,strict,041000071208,041000090602,8,True,
v01b_unit_pulse_strict,unit_pulse_no_time,strict,041000071208,041000090603,9,True,
v01b_unit_pulse_strict,unit_pulse_no_time,strict,041000071208,041000090903,10,True,
v01b_unit_pulse_strict,unit_pulse_no_time,strict,041000071208,041000090904,11,True,
v01b_unit_pulse_strict,unit_pulse_no_time,strict,041000071209,041000071209,0,True,
v01b_unit_pulse_strict,unit_pulse_no_time,strict,041000071209,041000090201,1,True,
v01b_unit_pulse_strict,unit_pulse_no_time,strict,041000071209,041000090203,2,True,
v01b_unit_pulse_strict,unit_pulse_no_time,strict,041000071209,041000090206,3,True,
v01b_unit_pulse_strict,unit_pulse_no_time,strict,041000071209,041000090207,4,True,
v01b_unit_pulse_strict,unit_pulse_no_time,strict,041000071209,041000090403,5,True,
v01b_unit_pulse_strict,unit_pulse_no_time,strict,041000071209,041000090510,6,True,
v01b_unit_pulse_strict,unit_pulse_no_time,strict,041000071209,041000090602,7,True,
v01b_unit_pulse_strict,unit_pulse_no_time,strict,041000071209,041000090603,8,True,
v01b_unit_pulse_strict,unit_pulse_no_time,strict,041000071209,041000090903,9,True,
v01b_unit_pulse_strict,unit_pulse_no_time,strict,041000071209,041000090904,10,True,
v01b_unit_pulse_strict,unit_pulse_no_time,strict,041000080101,041000080101,0,True,
v01b_unit_pulse_strict,unit_pulse_no_time,strict,041000080101,041000080102,1,True,
v01b_unit_pulse_strict,unit_pulse_no_time,strict,041000080101,041000080103,2,True,
v01b_unit_pulse_strict,unit_pulse_no_time,strict,041000080101,041000080105,3,True,
v01b_unit_pulse_strict,unit_pulse_no_time,strict,041000080101,041000080203,4,True,
v01b_unit_pulse_strict,unit_pulse_no_time,strict,041000080101,041000080205,5,True,
v01b_unit_pulse_strict,unit_pulse_no_time,strict,041000080101,041000080304,6,True,
v01b_unit_pulse_strict,unit_pulse_no_time,strict,041000080101,041000080506,7,True,
v01b_unit_pulse_strict,unit_pulse_no_time,strict,041000080101,041000080602,8,True,
v01b_unit_pulse_strict,unit_pulse_no_time,strict,041000080101,041000080605,9,True,
v01b_unit_pulse_strict,unit_pulse_no_time,strict,041000080101,041000070905,10,True,
v01b_unit_pulse_strict,unit_pulse_no_time,strict,041000080101,041000070907,11,True,
v01b_unit_pulse_strict,unit_pulse_no_time,strict,041000080101,041000071005,12,True,
v01b_unit_pulse_strict,unit_pulse_no_time,strict,041000080101,041000071209,13,True,
v01b_unit_pulse_strict,unit_pulse_no_time,strict,041000080101,041000090201,14,True,
v01b_unit_pulse_strict,unit_pulse_no_time,strict,041000080101,041000090203,15,True,
v01b_unit_pulse_strict,unit_pulse_no_time,strict,041000080101,041000090206,16,True,
v01b_unit_pulse_strict,unit_pulse_no_time,strict,041000080101,041000090207,17,True,
v01b_unit_pulse_strict,unit_pulse_no_time,strict,041000080101,041000090403,18,True,
v01b_unit_pulse_strict,unit_pulse_no_time,strict,041000080101,041000090510,19,True,
v01b_unit_pulse_strict,unit_pulse_no_time,strict,041000080101,041000090602,20,True,
v01b_unit_pulse_strict,unit_pulse_no_time,strict,041000080101,041000090603,21,True,
v01b_unit_pulse_strict,unit_pulse_no_time,strict,041000080101,041000090903,22,True,
v01b_unit_pulse_strict,unit_pulse_no_time,strict,041000080101,041000090904,23,True,
v01b_unit_pulse_strict,unit_pulse_no_time,strict,041000080102,041000080102,0,True,
v01b_unit_pulse_strict,unit_pulse_no_time,strict,041000080102,041000080103,1,True,
v01b_unit_pulse_strict,unit_pulse_no_time,strict,041000080102,041000080105,2,True,
v01b_unit_pulse_strict,unit_pulse_no_time,strict,041000080102,041000080203,3,True,
v01b_unit_pulse_strict,unit_pulse_no_time,strict,041000080102,041000080205,4,True,
v01b_unit_pulse_strict,unit_pulse_no_time,strict,041000080102,041000080304,5,True,
v01b_unit_pulse_strict,unit_pulse_no_time,strict,041000080102,041000080506,6,True,
v01b_unit_pulse_strict,unit_pulse_no_time,strict,041000080102,041000080602,7,True,
v01b_unit_pulse_strict,unit_pulse_no_time,strict,041000080102,041000080605,8,True,
v01b_unit_pulse_strict,unit_pulse_no_time,strict,041000080102,041000070905,9,True,
v01b_unit_pulse_strict,unit_pulse_no_time,strict,041000080102,041000070907,10,True,
v01b_unit_pulse_strict,unit_pulse_no_time,strict,041000080102,041000071005,11,True,
v01b_unit_pulse_strict,unit_pulse_no_time,strict,041000080102,041000071209,12,True,
v01b_unit_pulse_strict,unit_pulse_no_time,strict,041000080102,041000090201,13,True,
v01b_unit_pulse_strict,unit_pulse_no_time,strict,041000080102,041000090203,14,True,
v01b_unit_pulse_strict,unit_pulse_no_time,strict,041000080102,041000090206,15,True,
v01b_unit_pulse_strict,unit_pulse_no_time,strict,041000080102,041000090207,16,True,
v01b_unit_pulse_strict,unit_pulse_no_time,strict,041000080102,041000090403,17,True,
v01b_unit_pulse_strict,unit_pulse_no_time,strict,041000080102,041000090510,18,True,
v01b_unit_pulse_strict,unit_pulse_no_time,strict,041000080102,041000090602,19,True,
v01b_unit_pulse_strict,unit_pulse_no_time,strict,041000080102,041000090603,20,True,
v01b_unit_pulse_strict,unit_pulse_no_time,strict,041000080102,041000090903,21,True,
v01b_unit_pulse_strict,unit_pulse_no_time,strict,041000080102,041000090904,22,True,
v01b_unit_pulse_strict,unit_pulse_no_time,strict,041000080103,041000080103,0,True,
v01b_unit_pulse_strict,unit_pulse_no_time,strict,041000080103,041000080105,1,True,
v01b_unit_pulse_strict,unit_pulse_no_time,strict,041000080103,041000080203,2,True,
v01b_unit_pulse_strict,unit_pulse_no_time,strict,041000080103,041000080205,3,True,
v01b_unit_pulse_strict,unit_pulse_no_time,strict,041000080103,041000080304,4,True,
v01b_unit_pulse_strict,unit_pulse_no_time,strict,041000080103,041000080506,5,True,
v01b_unit_pulse_strict,unit_pulse_no_time,strict,041000080103,041000080602,6,True,
v01b_unit_pulse_strict,unit_pulse_no_time,strict,041000080103,041000080605,7,True,
v01b_unit_pulse_strict,unit_pulse_no_time,strict,041000080103,041000070905,8,True,
v01b_unit_pulse_strict,unit_pulse_no_time,strict,041000080103,041000070907,9,True,
v01b_unit_pulse_strict,unit_pulse_no_time,strict,041000080103,041000071005,10,True,
v01b_unit_pulse_strict,unit_pulse_no_time,strict,041000080103,041000071209,11,True,
v01b_unit_pulse_strict,unit_pulse_no_time,strict,041000080103,041000090201,12,True,
v01b_unit_pulse_strict,unit_pulse_no_time,strict,041000080103,041000090203,13,True,
v01b_unit_pulse_strict,unit_pulse_no_time,strict,041000080103,041000090206,14,True,
v01b_unit_pulse_strict,unit_pulse_no_time,strict,041000080103,041000090207,15,True,
v01b_unit_pulse_strict,unit_pulse_no_time,strict,041000080103,041000090403,16,True,
v01b_unit_pulse_strict,unit_pulse_no_time,strict,041000080103,041000090510,17,True,
v01b_unit_pulse_strict,unit_pulse_no_time,strict,041000080103,041000090602,18,True,
v01b_unit_pulse_strict,unit_pulse_no_time,strict,041000080103,041000090603,19,True,
v01b_unit_pulse_strict,unit_pulse_no_time,strict,041000080103,041000090903,20,True,
v01b_unit_pulse_strict,unit_pulse_no_time,strict,041000080103,041000090904,21,True,
v01b_unit_pulse_strict,unit_pulse_no_time,strict,041000080104,041000080104,0,True,
v01b_unit_pulse_strict,unit_pulse_no_time,strict,041000080104,041000080105,1,False,041000080104
v01b_unit_pulse_strict,unit_pulse_no_time,strict,041000080104,041000080203,2,False,041000080104
v01b_unit_pulse_strict,unit_pulse_no_time,strict,041000080104,041000080205,3,False,041000080104
v01b_unit_pulse_strict,unit_pulse_no_time,strict,041000080104,041000080304,4,False,041000080104
v01b_unit_pulse_strict,unit_pulse_no_time,strict,041000080104,041000080506,5,False,041000080104
v01b_unit_pulse_strict,unit_pulse_no_time,strict,041000080104,041000080602,6,False,041000080104
v01b_unit_pulse_strict,unit_pulse_no_time,strict,041000080104,041000080605,7,False,041000080104
v01b_unit_pulse_strict,unit_pulse_no_time,strict,041000080104,041000070905,8,False,041000080104
v01b_unit_pulse_strict,unit_pulse_no_time,strict,041000080104,041000070907,9,False,041000080104
v01b_unit_pulse_strict,unit_pulse_no_time,strict,041000080104,041000071005,10,False,041000080104
v01b_unit_pulse_strict,unit_pulse_no_time,strict,041000080104,041000071209,11,False,041000080104
v01b_unit_pulse_strict,unit_pulse_no_time,strict,041000080104,041000090201,12,False,041000080104
v01b_unit_pulse_strict,unit_pulse_no_time,strict,041000080104,041000090203,13,False,041000080104
v01b_unit_pulse_strict,unit_pulse_no_time,strict,041000080104,041000090206,14,False,041000080104
v01b_unit_pulse_strict,unit_pulse_no_time,strict,041000080104,041000090207,15,False,041000080104
v01b_unit_pulse_strict,unit_pulse_no_time,strict,041000080104,041000090403,16,False,041000080104
v01b_unit_pulse_strict,unit_pulse_no_time,strict,041000080104,041000090510,17,False,041000080104
v01b_unit_pulse_strict,unit_pulse_no_time,strict,041000080104,041000090602,18,False,041000080104
v01b_unit_pulse_strict,unit_pulse_no_time,strict,041000080104,041000090603,19,False,041000080104
v01b_unit_pulse_strict,unit_pulse_no_time,strict,041000080104,041000090903,20,False,041000080104
v01b_unit_pulse_strict,unit_pulse_no_time,strict,041000080104,041000090904,21,False,041000080104
v01b_unit_pulse_strict,unit_pulse_no_time,strict,041000080105,041000080105,0,True,
v01b_unit_pulse_strict,unit_pulse_no_time,strict,041000080105,041000080203,1,True,
v01b_unit_pulse_strict,unit_pulse_no_time,strict,041000080105,041000080205,2,True,
v01b_unit_pulse_strict,unit_pulse_no_time,strict,041000080105,041000080304,3,True,
v01b_unit_pulse_strict,unit_pulse_no_time,strict,041000080105,041000080506,4,True,
v01b_unit_pulse_strict,unit_pulse_no_time,strict,041000080105,041000080602,5,True,
v01b_unit_pulse_strict,unit_pulse_no_time,strict,041000080105,041000080605,6,True,
v01b_unit_pulse_strict,unit_pulse_no_time,strict,041000080105,041000070905,7,True,
v01b_unit_pulse_strict,unit_pulse_no_time,strict,041000080105,041000070907,8,True,
v01b_unit_pulse_strict,unit_pulse_no_time,strict,041000080105,041000071005,9,True,
v01b_unit_pulse_strict,unit_pulse_no_time,strict,041000080105,041000071209,10,True,
v01b_unit_pulse_strict,unit_pulse_no_time,strict,041000080105,041000090201,11,True,
v01b_unit_pulse_strict,unit_pulse_no_time,strict,041000080105,041000090203,12,True,
v01b_unit_pulse_strict,unit_pulse_no_time,strict,041000080105,041000090206,13,True,
v01b_unit_pulse_strict,unit_pulse_no_time,strict,041000080105,041000090207,14,True,
v01b_unit_pulse_strict,unit_pulse_no_time,strict,041000080105,041000090403,15,True,
v01b_unit_pulse_strict,unit_pulse_no_time,strict,041000080105,041000090510,16,True,
v01b_unit_pulse_strict,unit_pulse_no_time,strict,041000080105,041000090602,17,True,
v01b_unit_pulse_strict,unit_pulse_no_time,strict,041000080105,041000090603,18,True,
v01b_unit_pulse_strict,unit_pulse_no_time,strict,041000080105,041000090903,19,True,
v01b_unit_pulse_strict,unit_pulse_no_time,strict,041000080105,041000090904,20,True,
v01b_unit_pulse_strict,unit_pulse_no_time,strict,041000080201,041000080201,0,True,
v01b_unit_pulse_strict,unit_pulse_no_time,strict,041000080201,041000080203,1,True,
v01b_unit_pulse_strict,unit_pulse_no_time,strict,041000080201,041000080205,2,True,
v01b_unit_pulse_strict,unit_pulse_no_time,strict,041000080201,041000080304,3,True,
v01b_unit_pulse_strict,unit_pulse_no_time,strict,041000080201,041000080506,4,True,
v01b_unit_pulse_strict,unit_pulse_no_time,strict,041000080201,041000080602,5,True,
v01b_unit_pulse_strict,unit_pulse_no_time,strict,041000080201,041000080605,6,True,
v01b_unit_pulse_strict,unit_pulse_no_time,strict,041000080201,041000070905,7,True,
v01b_unit_pulse_strict,unit_pulse_no_time,strict,041000080201,041000070907,8,True,
v01b_unit_pulse_strict,unit_pulse_no_time,strict,041000080201,041000071005,9,True,
v01b_unit_pulse_strict,unit_pulse_no_time,strict,041000080201,041000071209,10,True,
v01b_unit_pulse_strict,unit_pulse_no_time,strict,041000080201,041000090201,11,True,
v01b_unit_pulse_strict,unit_pulse_no_time,strict,041000080201,041000090203,12,True,
v01b_unit_pulse_strict,unit_pulse_no_time,strict,041000080201,041000090206,13,True,
v01b_unit_pulse_strict,unit_pulse_no_time,strict,041000080201,041000090207,14,True,
v01b_unit_pulse_strict,unit_pulse_no_time,strict,041000080201,041000090403,15,True,
v01b_unit_pulse_strict,unit_pulse_no_time,strict,041000080201,041000090510,16,True,
v01b_unit_pulse_strict,unit_pulse_no_time,strict,041000080201,041000090602,17,True,
v01b_unit_pulse_strict,unit_pulse_no_time,strict,041000080201,041000090603,18,True,
v01b_unit_pulse_strict,unit_pulse_no_time,strict,041000080201,041000090903,19,True,
v01b_unit_pulse_strict,unit_pulse_no_time,strict,041000080201,041000090904,20,True,
v01b_unit_pulse_strict,unit_pulse_no_time,strict,041000080202,041000080202,0,True,
v01b_unit_pulse_strict,unit_pulse_no_time,strict,041000080202,041000080203,1,True,
v01b_unit_pulse_strict,unit_pulse_no_time,strict,041000080202,041000080205,2,True,
v01b_unit_pulse_strict,unit_pulse_no_time,strict,041000080202,041000080304,3,True,
v01b_unit_pulse_strict,unit_pulse_no_time,strict,041000080202,041000080506,4,True,
v01b_unit_pulse_strict,unit_pulse_no_time,strict,041000080202,041000080602,5,True,
v01b_unit_pulse_strict,unit_pulse_no_time,strict,041000080202,041000080605,6,True,
v01b_unit_pulse_strict,unit_pulse_no_time,strict,041000080202,041000070905,7,True,
v01b_unit_pulse_strict,unit_pulse_no_time,strict,041000080202,041000070907,8,True,
v01b_unit_pulse_strict,unit_pulse_no_time,strict,041000080202,041000071005,9,True,
v01b_unit_pulse_strict,unit_pulse_no_time,strict,041000080202,041000071209,10,True,
v01b_unit_pulse_strict,unit_pulse_no_time,strict,041000080202,041000090201,11,True,
v01b_unit_pulse_strict,unit_pulse_no_time,strict,041000080202,041000090203,12,True,
v01b_unit_pulse_strict,unit_pulse_no_time,strict,041000080202,041000090206,13,True,
v01b_unit_pulse_strict,unit_pulse_no_time,strict,041000080202,041000090207,14,True,
v01b_unit_pulse_strict,unit_pulse_no_time,strict,041000080202,041000090403,15,True,
v01b_unit_pulse_strict,unit_pulse_no_time,strict,041000080202,041000090510,16,True,
v01b_unit_pulse_strict,unit_pulse_no_time,strict,041000080202,041000090602,17,True,
v01b_unit_pulse_strict,unit_pulse_no_time,strict,041000080202,041000090603,18,True,
v01b_unit_pulse_strict,unit_pulse_no_time,strict,041000080202,041000090903,19,True,
v01b_unit_pulse_strict,unit_pulse_no_time,strict,041000080202,041000090904,20,True,
v01b_unit_pulse_strict,unit_pulse_no_time,strict,041000080203,041000080203,0,True,
v01b_unit_pulse_strict,unit_pulse_no_time,strict,041000080203,041000080205,1,True,
v01b_unit_pulse_strict,unit_pulse_no_time,strict,041000080203,041000080304,2,True,
v01b_unit_pulse_strict,unit_pulse_no_time,strict,041000080203,041000080506,3,True,
v01b_unit_pulse_strict,unit_pulse_no_time,strict,041000080203,041000080602,4,True,
v01b_unit_pulse_strict,unit_pulse_no_time,strict,041000080203,041000080605,5,True,
v01b_unit_pulse_strict,unit_pulse_no_time,strict,041000080203,041000070905,6,True,
v01b_unit_pulse_strict,unit_pulse_no_time,strict,041000080203,041000070907,7,True,
v01b_unit_pulse_strict,unit_pulse_no_time,strict,041000080203,041000071005,8,True,
v01b_unit_pulse_strict,unit_pulse_no_time,strict,041000080203,041000071209,9,True,
v01b_unit_pulse_strict,unit_pulse_no_time,strict,041000080203,041000090201,10,True,
v01b_unit_pulse_strict,unit_pulse_no_time,strict,041000080203,041000090203,11,True,
v01b_unit_pulse_strict,unit_pulse_no_time,strict,041000080203,041000090206,12,True,
v01b_unit_pulse_strict,unit_pulse_no_time,strict,041000080203,041000090207,13,True,
v01b_unit_pulse_strict,unit_pulse_no_time,strict,041000080203,041000090403,14,True,
v01b_unit_pulse_strict,unit_pulse_no_time,strict,041000080203,041000090510,15,True,
v01b_unit_pulse_strict,unit_pulse_no_time,strict,041000080203,041000090602,16,True,
v01b_unit_pulse_strict,unit_pulse_no_time,strict,041000080203,041000090603,17,True,
v01b_unit_pulse_strict,unit_pulse_no_time,strict,041000080203,041000090903,18,True,
v01b_unit_pulse_strict,unit_pulse_no_time,strict,041000080203,041000090904,19,True,
v01b_unit_pulse_strict,unit_pulse_no_time,strict,041000080204,041000080204,0,True,
v01b_unit_pulse_strict,unit_pulse_no_time,strict,041000080204,041000080205,1,True,
v01b_unit_pulse_strict,unit_pulse_no_time,strict,041000080204,041000080304,2,True,
v01b_unit_pulse_strict,unit_pulse_no_time,strict,041000080204,041000080506,3,True,
v01b_unit_pulse_strict,unit_pulse_no_time,strict,041000080204,041000080602,4,True,
v01b_unit_pulse_strict,unit_pulse_no_time,strict,041000080204,041000080605,5,True,
v01b_unit_pulse_strict,unit_pulse_no_time,strict,041000080204,041000070905,6,True,
v01b_unit_pulse_strict,unit_pulse_no_time,strict,041000080204,041000070907,7,True,
v01b_unit_pulse_strict,unit_pulse_no_time,strict,041000080204,041000071005,8,True,
v01b_unit_pulse_strict,unit_pulse_no_time,strict,041000080204,041000071209,9,True,
v01b_unit_pulse_strict,unit_pulse_no_time,strict,041000080204,041000090201,10,True,
v01b_unit_pulse_strict,unit_pulse_no_time,strict,041000080204,041000090203,11,True,
v01b_unit_pulse_strict,unit_pulse_no_time,strict,041000080204,041000090206,12,True,
v01b_unit_pulse_strict,unit_pulse_no_time,strict,041000080204,041000090207,13,True,
v01b_unit_pulse_strict,unit_pulse_no_time,strict,041000080204,041000090403,14,True,
v01b_unit_pulse_strict,unit_pulse_no_time,strict,041000080204,041000090510,15,True,
v01b_unit_pulse_strict,unit_pulse_no_time,strict,041000080204,041000090602,16,True,
v01b_unit_pulse_strict,unit_pulse_no_time,strict,041000080204,041000090603,17,True,
v01b_unit_pulse_strict,unit_pulse_no_time,strict,041000080204,041000090903,18,True,
v01b_unit_pulse_strict,unit_pulse_no_time,strict,041000080204,041000090904,19,True,
v01b_unit_pulse_strict,unit_pulse_no_time,strict,041000080205,041000080205,0,True,
v01b_unit_pulse_strict,unit_pulse_no_time,strict,041000080205,041000080304,1,True,
v01b_unit_pulse_strict,unit_pulse_no_time,strict,041000080205,041000080506,2,True,
v01b_unit_pulse_strict,unit_pulse_no_time,strict,041000080205,041000080602,3,True,
v01b_unit_pulse_strict,unit_pulse_no_time,strict,041000080205,041000080605,4,True,
v01b_unit_pulse_strict,unit_pulse_no_time,strict,041000080205,041000070905,5,True,
v01b_unit_pulse_strict,unit_pulse_no_time,strict,041000080205,041000070907,6,True,
v01b_unit_pulse_strict,unit_pulse_no_time,strict,041000080205,041000071005,7,True,
v01b_unit_pulse_strict,unit_pulse_no_time,strict,041000080205,041000071209,8,True,
v01b_unit_pulse_strict,unit_pulse_no_time,strict,041000080205,041000090201,9,True,
v01b_unit_pulse_strict,unit_pulse_no_time,strict,041000080205,041000090203,10,True,
v01b_unit_pulse_strict,unit_pulse_no_time,strict,041000080205,041000090206,11,True,
v01b_unit_pulse_strict,unit_pulse_no_time,strict,041000080205,041000090207,12,True,
v01b_unit_pulse_strict,unit_pulse_no_time,strict,041000080205,041000090403,13,True,
v01b_unit_pulse_strict,unit_pulse_no_time,strict,041000080205,041000090510,14,True,
v01b_unit_pulse_strict,unit_pulse_no_time,strict,041000080205,041000090602,15,True,
v01b_unit_pulse_strict,unit_pulse_no_time,strict,041000080205,041000090603,16,True,
v01b_unit_pulse_strict,unit_pulse_no_time,strict,041000080205,041000090903,17,True,
v01b_unit_pulse_strict,unit_pulse_no_time,strict,041000080205,041000090904,18,True,
v01b_unit_pulse_strict,unit_pulse_no_time,strict,041000080301,041000080301,0,True,
v01b_unit_pulse_strict,unit_pulse_no_time,strict,041000080301,041000080302,1,True,
v01b_unit_pulse_strict,unit_pulse_no_time,strict,041000080301,041000080304,2,True,
v01b_unit_pulse_strict,unit_pulse_no_time,strict,041000080301,041000080506,3,True,
v01b_unit_pulse_strict,unit_pulse_no_time,strict,041000080301,041000080602,4,True,
v01b_unit_pulse_strict,unit_pulse_no_time,strict,041000080301,041000080605,5,True,
v01b_unit_pulse_strict,unit_pulse_no_time,strict,041000080301,041000070905,6,True,
v01b_unit_pulse_strict,unit_pulse_no_time,strict,041000080301,041000070907,7,True,
v01b_unit_pulse_strict,unit_pulse_no_time,strict,041000080301,041000071005,8,True,
v01b_unit_pulse_strict,unit_pulse_no_time,strict,041000080301,041000071209,9,True,
v01b_unit_pulse_strict,unit_pulse_no_time,strict,041000080301,041000090201,10,True,
v01b_unit_pulse_strict,unit_pulse_no_time,strict,041000080301,041000090203,11,True,
v01b_unit_pulse_strict,unit_pulse_no_time,strict,041000080301,041000090206,12,True,
v01b_unit_pulse_strict,unit_pulse_no_time,strict,041000080301,041000090207,13,True,
v01b_unit_pulse_strict,unit_pulse_no_time,strict,041000080301,041000090403,14,True,
v01b_unit_pulse_strict,unit_pulse_no_time,strict,041000080301,041000090510,15,True,
v01b_unit_pulse_strict,unit_pulse_no_time,strict,041000080301,041000090602,16,True,
v01b_unit_pulse_strict,unit_pulse_no_time,strict,041000080301,041000090603,17,True,
v01b_unit_pulse_strict,unit_pulse_no_time,strict,041000080301,041000090903,18,True,
v01b_unit_pulse_strict,unit_pulse_no_time,strict,041000080301,041000090904,19,True,
v01b_unit_pulse_strict,unit_pulse_no_time,strict,041000080302,041000080302,0,True,
v01b_unit_pulse_strict,unit_pulse_no_time,strict,041000080302,041000080304,1,True,
v01b_unit_pulse_strict,unit_pulse_no_time,strict,041000080302,041000080506,2,True,
v01b_unit_pulse_strict,unit_pulse_no_time,strict,041000080302,041000080602,3,True,
v01b_unit_pulse_strict,unit_pulse_no_time,strict,041000080302,041000080605,4,True,
v01b_unit_pulse_strict,unit_pulse_no_time,strict,041000080302,041000070905,5,True,
v01b_unit_pulse_strict,unit_pulse_no_time,strict,041000080302,041000070907,6,True,
v01b_unit_pulse_strict,unit_pulse_no_time,strict,041000080302,041000071005,7,True,
v01b_unit_pulse_strict,unit_pulse_no_time,strict,041000080302,041000071209,8,True,
v01b_unit_pulse_strict,unit_pulse_no_time,strict,041000080302,041000090201,9,True,
v01b_unit_pulse_strict,unit_pulse_no_time,strict,041000080302,041000090203,10,True,
v01b_unit_pulse_strict,unit_pulse_no_time,strict,041000080302,041000090206,11,True,
v01b_unit_pulse_strict,unit_pulse_no_time,strict,041000080302,041000090207,12,True,
v01b_unit_pulse_strict,unit_pulse_no_time,strict,041000080302,041000090403,13,True,
v01b_unit_pulse_strict,unit_pulse_no_time,strict,041000080302,041000090510,14,True,
v01b_unit_pulse_strict,unit_pulse_no_time,strict,041000080302,041000090602,15,True,
v01b_unit_pulse_strict,unit_pulse_no_time,strict,041000080302,041000090603,16,True,
v01b_unit_pulse_strict,unit_pulse_no_time,strict,041000080302,041000090903,17,True,
v01b_unit_pulse_strict,unit_pulse_no_time,strict,041000080302,041000090904,18,True,
v01b_unit_pulse_strict,unit_pulse_no_time,strict,041000080303,041000080303,0,True,
v01b_unit_pulse_strict,unit_pulse_no_time,strict,041000080303,041000080304,1,True,
v01b_unit_pulse_strict,unit_pulse_no_time,strict,041000080303,041000080506,2,True,
v01b_unit_pulse_strict,unit_pulse_no_time,strict,041000080303,041000080602,3,True,
v01b_unit_pulse_strict,unit_pulse_no_time,strict,041000080303,041000080605,4,True,
v01b_unit_pulse_strict,unit_pulse_no_time,strict,041000080303,041000070905,5,True,
v01b_unit_pulse_strict,unit_pulse_no_time,strict,041000080303,041000070907,6,True,
v01b_unit_pulse_strict,unit_pulse_no_time,strict,041000080303,041000071005,7,True,
v01b_unit_pulse_strict,unit_pulse_no_time,strict,041000080303,041000071209,8,True,
v01b_unit_pulse_strict,unit_pulse_no_time,strict,041000080303,041000090201,9,True,
v01b_unit_pulse_strict,unit_pulse_no_time,strict,041000080303,041000090203,10,True,
v01b_unit_pulse_strict,unit_pulse_no_time,strict,041000080303,041000090206,11,True,
v01b_unit_pulse_strict,unit_pulse_no_time,strict,041000080303,041000090207,12,True,
v01b_unit_pulse_strict,unit_pulse_no_time,strict,041000080303,041000090403,13,True,
v01b_unit_pulse_strict,unit_pulse_no_time,strict,041000080303,041000090510,14,True,
v01b_unit_pulse_strict,unit_pulse_no_time,strict,041000080303,041000090602,15,True,
v01b_unit_pulse_strict,unit_pulse_no_time,strict,041000080303,041000090603,16,True,
v01b_unit_pulse_strict,unit_pulse_no_time,strict,041000080303,041000090903,17,True,
v01b_unit_pulse_strict,unit_pulse_no_time,strict,041000080303,041000090904,18,True,
v01b_unit_pulse_strict,unit_pulse_no_time,strict,041000080304,041000080304,0,True,
v01b_unit_pulse_strict,unit_pulse_no_time,strict,041000080304,041000080506,1,True,
v01b_unit_pulse_strict,unit_pulse_no_time,strict,041000080304,041000080602,2,True,
v01b_unit_pulse_strict,unit_pulse_no_time,strict,041000080304,041000080605,3,True,
v01b_unit_pulse_strict,unit_pulse_no_time,strict,041000080304,041000070905,4,True,
v01b_unit_pulse_strict,unit_pulse_no_time,strict,041000080304,041000070907,5,True,
v01b_unit_pulse_strict,unit_pulse_no_time,strict,041000080304,041000071005,6,True,
v01b_unit_pulse_strict,unit_pulse_no_time,strict,041000080304,041000071209,7,True,
v01b_unit_pulse_strict,unit_pulse_no_time,strict,041000080304,041000090201,8,True,
v01b_unit_pulse_strict,unit_pulse_no_time,strict,041000080304,041000090203,9,True,
v01b_unit_pulse_strict,unit_pulse_no_time,strict,041000080304,041000090206,10,True,
v01b_unit_pulse_strict,unit_pulse_no_time,strict,041000080304,041000090207,11,True,
v01b_unit_pulse_strict,unit_pulse_no_time,strict,041000080304,041000090403,12,True,
v01b_unit_pulse_strict,unit_pulse_no_time,strict,041000080304,041000090510,13,True,
v01b_unit_pulse_strict,unit_pulse_no_time,strict,041000080304,041000090602,14,True,
v01b_unit_pulse_strict,unit_pulse_no_time,strict,041000080304,041000090603,15,True,
v01b_unit_pulse_strict,unit_pulse_no_time,strict,041000080304,041000090903,16,True,
v01b_unit_pulse_strict,unit_pulse_no_time,strict,041000080304,041000090904,17,True,
v01b_unit_pulse_strict,unit_pulse_no_time,strict,041000080401,041000080401,0,True,
v01b_unit_pulse_strict,unit_pulse_no_time,strict,041000080401,041000080402,1,False,041000080401
v01b_unit_pulse_strict,unit_pulse_no_time,strict,041000080401,041000080404,2,False,041000080401
v01b_unit_pulse_strict,unit_pulse_no_time,strict,041000080401,041000080405,3,False,041000080401
v01b_unit_pulse_strict,unit_pulse_no_time,strict,041000080401,041000080506,4,False,041000080401
v01b_unit_pulse_strict,unit_pulse_no_time,strict,041000080401,041000080602,5,False,041000080401
v01b_unit_pulse_strict,unit_pulse_no_time,strict,041000080401,041000080605,6,False,041000080401
v01b_unit_pulse_strict,unit_pulse_no_time,strict,041000080401,041000070905,7,False,041000080401
v01b_unit_pulse_strict,unit_pulse_no_time,strict,041000080401,041000070907,8,False,041000080401
v01b_unit_pulse_strict,unit_pulse_no_time,strict,041000080401,041000071005,9,False,041000080401
v01b_unit_pulse_strict,unit_pulse_no_time,strict,041000080401,041000071209,10,False,041000080401
v01b_unit_pulse_strict,unit_pulse_no_time,strict,041000080401,041000090201,11,False,041000080401
v01b_unit_pulse_strict,unit_pulse_no_time,strict,041000080401,041000090203,12,False,041000080401
v01b_unit_pulse_strict,unit_pulse_no_time,strict,041000080401,041000090206,13,False,041000080401
v01b_unit_pulse_strict,unit_pulse_no_time,strict,041000080401,041000090207,14,False,041000080401
v01b_unit_pulse_strict,unit_pulse_no_time,strict,041000080401,041000090403,15,False,041000080401
v01b_unit_pulse_strict,unit_pulse_no_time,strict,041000080401,041000090510,16,False,041000080401
v01b_unit_pulse_strict,unit_pulse_no_time,strict,041000080401,041000090602,17,False,041000080401
v01b_unit_pulse_strict,unit_pulse_no_time,strict,041000080401,041000090603,18,False,041000080401
v01b_unit_pulse_strict,unit_pulse_no_time,strict,041000080401,041000090903,19,False,041000080401
v01b_unit_pulse_strict,unit_pulse_no_time,strict,041000080401,041000090904,20,False,041000080401
v01b_unit_pulse_strict,unit_pulse_no_time,strict,041000080402,041000080402,0,True,
v01b_unit_pulse_strict,unit_pulse_no_time,strict,041000080402,041000080404,1,True,
v01b_unit_pulse_strict,unit_pulse_no_time,strict,041000080402,041000080405,2,True,
v01b_unit_pulse_strict,unit_pulse_no_time,strict,041000080402,041000080506,3,False,041000080405
v01b_unit_pulse_strict,unit_pulse_no_time,strict,041000080402,041000080602,4,False,041000080405
v01b_unit_pulse_strict,unit_pulse_no_time,strict,041000080402,041000080605,5,False,041000080405
v01b_unit_pulse_strict,unit_pulse_no_time,strict,041000080402,041000070905,6,False,041000080405
v01b_unit_pulse_strict,unit_pulse_no_time,strict,041000080402,041000070907,7,False,041000080405
v01b_unit_pulse_strict,unit_pulse_no_time,strict,041000080402,041000071005,8,False,041000080405
v01b_unit_pulse_strict,unit_pulse_no_time,strict,041000080402,041000071209,9,False,041000080405
v01b_unit_pulse_strict,unit_pulse_no_time,strict,041000080402,041000090201,10,False,041000080405
v01b_unit_pulse_strict,unit_pulse_no_time,strict,041000080402,041000090203,11,False,041000080405
v01b_unit_pulse_strict,unit_pulse_no_time,strict,041000080402,041000090206,12,False,041000080405
v01b_unit_pulse_strict,unit_pulse_no_time,strict,041000080402,041000090207,13,False,041000080405
v01b_unit_pulse_strict,unit_pulse_no_time,strict,041000080402,041000090403,14,False,041000080405
v01b_unit_pulse_strict,unit_pulse_no_time,strict,041000080402,041000090510,15,False,041000080405
v01b_unit_pulse_strict,unit_pulse_no_time,strict,041000080402,041000090602,16,False,041000080405
v01b_unit_pulse_strict,unit_pulse_no_time,strict,041000080402,041000090603,17,False,041000080405
v01b_unit_pulse_strict,unit_pulse_no_time,strict,041000080402,041000090903,18,False,041000080405
v01b_unit_pulse_strict,unit_pulse_no_time,strict,041000080402,041000090904,19,False,041000080405
v01b_unit_pulse_strict,unit_pulse_no_time,strict,041000080403,041000080403,0,True,
v01b_unit_pulse_strict,unit_pulse_no_time,strict,041000080403,041000080404,1,True,
v01b_unit_pulse_strict,unit_pulse_no_time,strict,041000080403,041000080405,2,True,
v01b_unit_pulse_strict,unit_pulse_no_time,strict,041000080403,041000080506,3,False,041000080405
v01b_unit_pulse_strict,unit_pulse_no_time,strict,041000080403,041000080602,4,False,041000080405
v01b_unit_pulse_strict,unit_pulse_no_time,strict,041000080403,041000080605,5,False,041000080405
v01b_unit_pulse_strict,unit_pulse_no_time,strict,041000080403,041000070905,6,False,041000080405
v01b_unit_pulse_strict,unit_pulse_no_time,strict,041000080403,041000070907,7,False,041000080405
v01b_unit_pulse_strict,unit_pulse_no_time,strict,041000080403,041000071005,8,False,041000080405
v01b_unit_pulse_strict,unit_pulse_no_time,strict,041000080403,041000071209,9,False,041000080405
v01b_unit_pulse_strict,unit_pulse_no_time,strict,041000080403,041000090201,10,False,041000080405
v01b_unit_pulse_strict,unit_pulse_no_time,strict,041000080403,041000090203,11,False,041000080405
v01b_unit_pulse_strict,unit_pulse_no_time,strict,041000080403,041000090206,12,False,041000080405
v01b_unit_pulse_strict,unit_pulse_no_time,strict,041000080403,041000090207,13,False,041000080405
v01b_unit_pulse_strict,unit_pulse_no_time,strict,041000080403,041000090403,14,False,041000080405
v01b_unit_pulse_strict,unit_pulse_no_time,strict,041000080403,041000090510,15,False,041000080405
v01b_unit_pulse_strict,unit_pulse_no_time,strict,041000080403,041000090602,16,False,041000080405
v01b_unit_pulse_strict,unit_pulse_no_time,strict,041000080403,041000090603,17,False,041000080405
v01b_unit_pulse_strict,unit_pulse_no_time,strict,041000080403,041000090903,18,False,041000080405
v01b_unit_pulse_strict,unit_pulse_no_time,strict,041000080403,041000090904,19,False,041000080405
v01b_unit_pulse_strict,unit_pulse_no_time,strict,041000080404,041000080404,0,True,
v01b_unit_pulse_strict,unit_pulse_no_time,strict,041000080404,041000080405,1,True,
v01b_unit_pulse_strict,unit_pulse_no_time,strict,041000080404,041000080506,2,False,041000080405
v01b_unit_pulse_strict,unit_pulse_no_time,strict,041000080404,041000080602,3,False,041000080405
v01b_unit_pulse_strict,unit_pulse_no_time,strict,041000080404,041000080605,4,False,041000080405
v01b_unit_pulse_strict,unit_pulse_no_time,strict,041000080404,041000070905,5,False,041000080405
v01b_unit_pulse_strict,unit_pulse_no_time,strict,041000080404,041000070907,6,False,041000080405
v01b_unit_pulse_strict,unit_pulse_no_time,strict,041000080404,041000071005,7,False,041000080405
v01b_unit_pulse_strict,unit_pulse_no_time,strict,041000080404,041000071209,8,False,041000080405
v01b_unit_pulse_strict,unit_pulse_no_time,strict,041000080404,041000090201,9,False,041000080405
v01b_unit_pulse_strict,unit_pulse_no_time,strict,041000080404,041000090203,10,False,041000080405
v01b_unit_pulse_strict,unit_pulse_no_time,strict,041000080404,041000090206,11,False,041000080405
v01b_unit_pulse_strict,unit_pulse_no_time,strict,041000080404,041000090207,12,False,041000080405
v01b_unit_pulse_strict,unit_pulse_no_time,strict,041000080404,041000090403,13,False,041000080405
v01b_unit_pulse_strict,unit_pulse_no_time,strict,041000080404,041000090510,14,False,041000080405
v01b_unit_pulse_strict,unit_pulse_no_time,strict,041000080404,041000090602,15,False,041000080405
v01b_unit_pulse_strict,unit_pulse_no_time,strict,041000080404,041000090603,16,False,041000080405
v01b_unit_pulse_strict,unit_pulse_no_time,strict,041000080404,041000090903,17,False,041000080405
v01b_unit_pulse_strict,unit_pulse_no_time,strict,041000080404,041000090904,18,False,041000080405
v01b_unit_pulse_strict,unit_pulse_no_time,strict,041000080405,041000080405,0,True,
v01b_unit_pulse_strict,unit_pulse_no_time,strict,041000080405,041000080506,1,False,041000080405
v01b_unit_pulse_strict,unit_pulse_no_time,strict,041000080405,041000080602,2,False,041000080405
v01b_unit_pulse_strict,unit_pulse_no_time,strict,041000080405,041000080605,3,False,041000080405
v01b_unit_pulse_strict,unit_pulse_no_time,strict,041000080405,041000070905,4,False,041000080405
v01b_unit_pulse_strict,unit_pulse_no_time,strict,041000080405,041000070907,5,False,041000080405
v01b_unit_pulse_strict,unit_pulse_no_time,strict,041000080405,041000071005,6,False,041000080405
v01b_unit_pulse_strict,unit_pulse_no_time,strict,041000080405,041000071209,7,False,041000080405
v01b_unit_pulse_strict,unit_pulse_no_time,strict,041000080405,041000090201,8,False,041000080405
v01b_unit_pulse_strict,unit_pulse_no_time,strict,041000080405,041000090203,9,False,041000080405
v01b_unit_pulse_strict,unit_pulse_no_time,strict,041000080405,041000090206,10,False,041000080405
v01b_unit_pulse_strict,unit_pulse_no_time,strict,041000080405,041000090207,11,False,041000080405
v01b_unit_pulse_strict,unit_pulse_no_time,strict,041000080405,041000090403,12,False,041000080405
v01b_unit_pulse_strict,unit_pulse_no_time,strict,041000080405,041000090510,13,False,041000080405
v01b_unit_pulse_strict,unit_pulse_no_time,strict,041000080405,041000090602,14,False,041000080405
v01b_unit_pulse_strict,unit_pulse_no_time,strict,041000080405,041000090603,15,False,041000080405
v01b_unit_pulse_strict,unit_pulse_no_time,strict,041000080405,041000090903,16,False,041000080405
v01b_unit_pulse_strict,unit_pulse_no_time,strict,041000080405,041000090904,17,False,041000080405
v01b_unit_pulse_strict,unit_pulse_no_time,strict,041000080501,041000080501,0,True,
v01b_unit_pulse_strict,unit_pulse_no_time,strict,041000080501,041000080502,1,True,
v01b_unit_pulse_strict,unit_pulse_no_time,strict,041000080501,041000080506,2,True,
v01b_unit_pulse_strict,unit_pulse_no_time,strict,041000080501,041000080602,3,True,
v01b_unit_pulse_strict,unit_pulse_no_time,strict,041000080501,041000080605,4,True,
v01b_unit_pulse_strict,unit_pulse_no_time,strict,041000080501,041000070905,5,True,
v01b_unit_pulse_strict,unit_pulse_no_time,strict,041000080501,041000070907,6,True,
v01b_unit_pulse_strict,unit_pulse_no_time,strict,041000080501,041000071005,7,True,
v01b_unit_pulse_strict,unit_pulse_no_time,strict,041000080501,041000071209,8,True,
v01b_unit_pulse_strict,unit_pulse_no_time,strict,041000080501,041000090201,9,True,
v01b_unit_pulse_strict,unit_pulse_no_time,strict,041000080501,041000090203,10,True,
v01b_unit_pulse_strict,unit_pulse_no_time,strict,041000080501,041000090206,11,True,
v01b_unit_pulse_strict,unit_pulse_no_time,strict,041000080501,041000090207,12,True,
v01b_unit_pulse_strict,unit_pulse_no_time,strict,041000080501,041000090403,13,True,
v01b_unit_pulse_strict,unit_pulse_no_time,strict,041000080501,041000090510,14,True,
v01b_unit_pulse_strict,unit_pulse_no_time,strict,041000080501,041000090602,15,True,
v01b_unit_pulse_strict,unit_pulse_no_time,strict,041000080501,041000090603,16,True,
v01b_unit_pulse_strict,unit_pulse_no_time,strict,041000080501,041000090903,17,True,
v01b_unit_pulse_strict,unit_pulse_no_time,strict,041000080501,041000090904,18,True,
v01b_unit_pulse_strict,unit_pulse_no_time,strict,041000080502,041000080502,0,True,
v01b_unit_pulse_strict,unit_pulse_no_time,strict,041000080502,041000080506,1,True,
v01b_unit_pulse_strict,unit_pulse_no_time,strict,041000080502,041000080602,2,True,
v01b_unit_pulse_strict,unit_pulse_no_time,strict,041000080502,041000080605,3,True,
v01b_unit_pulse_strict,unit_pulse_no_time,strict,041000080502,041000070905,4,True,
v01b_unit_pulse_strict,unit_pulse_no_time,strict,041000080502,041000070907,5,True,
v01b_unit_pulse_strict,unit_pulse_no_time,strict,041000080502,041000071005,6,True,
v01b_unit_pulse_strict,unit_pulse_no_time,strict,041000080502,041000071209,7,True,
v01b_unit_pulse_strict,unit_pulse_no_time,strict,041000080502,041000090201,8,True,
v01b_unit_pulse_strict,unit_pulse_no_time,strict,041000080502,041000090203,9,True,
v01b_unit_pulse_strict,unit_pulse_no_time,strict,041000080502,041000090206,10,True,
v01b_unit_pulse_strict,unit_pulse_no_time,strict,041000080502,041000090207,11,True,
v01b_unit_pulse_strict,unit_pulse_no_time,strict,041000080502,041000090403,12,True,
v01b_unit_pulse_strict,unit_pulse_no_time,strict,041000080502,041000090510,13,True,
v01b_unit_pulse_strict,unit_pulse_no_time,strict,041000080502,041000090602,14,True,
v01b_unit_pulse_strict,unit_pulse_no_time,strict,041000080502,041000090603,15,True,
v01b_unit_pulse_strict,unit_pulse_no_time,strict,041000080502,041000090903,16,True,
v01b_unit_pulse_strict,unit_pulse_no_time,strict,041000080502,041000090904,17,True,
v01b_unit_pulse_strict,unit_pulse_no_time,strict,041000080503,041000080503,0,True,
v01b_unit_pulse_strict,unit_pulse_no_time,strict,041000080503,041000080506,1,True,
v01b_unit_pulse_strict,unit_pulse_no_time,strict,041000080503,041000080602,2,True,
v01b_unit_pulse_strict,unit_pulse_no_time,strict,041000080503,041000080605,3,True,
v01b_unit_pulse_strict,unit_pulse_no_time,strict,041000080503,041000070905,4,True,
v01b_unit_pulse_strict,unit_pulse_no_time,strict,041000080503,041000070907,5,True,
v01b_unit_pulse_strict,unit_pulse_no_time,strict,041000080503,041000071005,6,True,
v01b_unit_pulse_strict,unit_pulse_no_time,strict,041000080503,041000071209,7,True,
v01b_unit_pulse_strict,unit_pulse_no_time,strict,041000080503,041000090201,8,True,
v01b_unit_pulse_strict,unit_pulse_no_time,strict,041000080503,041000090203,9,True,
v01b_unit_pulse_strict,unit_pulse_no_time,strict,041000080503,041000090206,10,True,
v01b_unit_pulse_strict,unit_pulse_no_time,strict,041000080503,041000090207,11,True,
v01b_unit_pulse_strict,unit_pulse_no_time,strict,041000080503,041000090403,12,True,
v01b_unit_pulse_strict,unit_pulse_no_time,strict,041000080503,041000090510,13,True,
v01b_unit_pulse_strict,unit_pulse_no_time,strict,041000080503,041000090602,14,True,
v01b_unit_pulse_strict,unit_pulse_no_time,strict,041000080503,041000090603,15,True,
v01b_unit_pulse_strict,unit_pulse_no_time,strict,041000080503,041000090903,16,True,
v01b_unit_pulse_strict,unit_pulse_no_time,strict,041000080503,041000090904,17,True,
v01b_unit_pulse_strict,unit_pulse_no_time,strict,041000080504,041000080504,0,True,
v01b_unit_pulse_strict,unit_pulse_no_time,strict,041000080504,041000080506,1,True,
v01b_unit_pulse_strict,unit_pulse_no_time,strict,041000080504,041000080602,2,True,
v01b_unit_pulse_strict,unit_pulse_no_time,strict,041000080504,041000080605,3,True,
v01b_unit_pulse_strict,unit_pulse_no_time,strict,041000080504,041000070905,4,True,
v01b_unit_pulse_strict,unit_pulse_no_time,strict,041000080504,041000070907,5,True,
v01b_unit_pulse_strict,unit_pulse_no_time,strict,041000080504,041000071005,6,True,
v01b_unit_pulse_strict,unit_pulse_no_time,strict,041000080504,041000071209,7,True,
v01b_unit_pulse_strict,unit_pulse_no_time,strict,041000080504,041000090201,8,True,
v01b_unit_pulse_strict,unit_pulse_no_time,strict,041000080504,041000090203,9,True,
v01b_unit_pulse_strict,unit_pulse_no_time,strict,041000080504,041000090206,10,True,
v01b_unit_pulse_strict,unit_pulse_no_time,strict,041000080504,041000090207,11,True,
v01b_unit_pulse_strict,unit_pulse_no_time,strict,041000080504,041000090403,12,True,
v01b_unit_pulse_strict,unit_pulse_no_time,strict,041000080504,041000090510,13,True,
v01b_unit_pulse_strict,unit_pulse_no_time,strict,041000080504,041000090602,14,True,
v01b_unit_pulse_strict,unit_pulse_no_time,strict,041000080504,041000090603,15,True,
v01b_unit_pulse_strict,unit_pulse_no_time,strict,041000080504,041000090903,16,True,
v01b_unit_pulse_strict,unit_pulse_no_time,strict,041000080504,041000090904,17,True,
v01b_unit_pulse_strict,unit_pulse_no_time,strict,041000080505,041000080505,0,True,
v01b_unit_pulse_strict,unit_pulse_no_time,strict,041000080505,041000080506,1,True,
v01b_unit_pulse_strict,unit_pulse_no_time,strict,041000080505,041000080602,2,True,
v01b_unit_pulse_strict,unit_pulse_no_time,strict,041000080505,041000080605,3,True,
v01b_unit_pulse_strict,unit_pulse_no_time,strict,041000080505,041000070905,4,True,
v01b_unit_pulse_strict,unit_pulse_no_time,strict,041000080505,041000070907,5,True,
v01b_unit_pulse_strict,unit_pulse_no_time,strict,041000080505,041000071005,6,True,
v01b_unit_pulse_strict,unit_pulse_no_time,strict,041000080505,041000071209,7,True,
v01b_unit_pulse_strict,unit_pulse_no_time,strict,041000080505,041000090201,8,True,
v01b_unit_pulse_strict,unit_pulse_no_time,strict,041000080505,041000090203,9,True,
v01b_unit_pulse_strict,unit_pulse_no_time,strict,041000080505,041000090206,10,True,
v01b_unit_pulse_strict,unit_pulse_no_time,strict,041000080505,041000090207,11,True,
v01b_unit_pulse_strict,unit_pulse_no_time,strict,041000080505,041000090403,12,True,
v01b_unit_pulse_strict,unit_pulse_no_time,strict,041000080505,041000090510,13,True,
v01b_unit_pulse_strict,unit_pulse_no_time,strict,041000080505,041000090602,14,True,
v01b_unit_pulse_strict,unit_pulse_no_time,strict,041000080505,041000090603,15,True,
v01b_unit_pulse_strict,unit_pulse_no_time,strict,041000080505,041000090903,16,True,
v01b_unit_pulse_strict,unit_pulse_no_time,strict,041000080505,041000090904,17,True,
v01b_unit_pulse_strict,unit_pulse_no_time,strict,041000080506,041000080506,0,True,
v01b_unit_pulse_strict,unit_pulse_no_time,strict,041000080506,041000080602,1,True,
v01b_unit_pulse_strict,unit_pulse_no_time,strict,041000080506,041000080605,2,True,
v01b_unit_pulse_strict,unit_pulse_no_time,strict,041000080506,041000070905,3,True,
v01b_unit_pulse_strict,unit_pulse_no_time,strict,041000080506,041000070907,4,True,
v01b_unit_pulse_strict,unit_pulse_no_time,strict,041000080506,041000071005,5,True,
v01b_unit_pulse_strict,unit_pulse_no_time,strict,041000080506,041000071209,6,True,
v01b_unit_pulse_strict,unit_pulse_no_time,strict,041000080506,041000090201,7,True,
v01b_unit_pulse_strict,unit_pulse_no_time,strict,041000080506,041000090203,8,True,
v01b_unit_pulse_strict,unit_pulse_no_time,strict,041000080506,041000090206,9,True,
v01b_unit_pulse_strict,unit_pulse_no_time,strict,041000080506,041000090207,10,True,
v01b_unit_pulse_strict,unit_pulse_no_time,strict,041000080506,041000090403,11,True,
v01b_unit_pulse_strict,unit_pulse_no_time,strict,041000080506,041000090510,12,True,
v01b_unit_pulse_strict,unit_pulse_no_time,strict,041000080506,041000090602,13,True,
v01b_unit_pulse_strict,unit_pulse_no_time,strict,041000080506,041000090603,14,True,
v01b_unit_pulse_strict,unit_pulse_no_time,strict,041000080506,041000090903,15,True,
v01b_unit_pulse_strict,unit_pulse_no_time,strict,041000080506,041000090904,16,True,
v01b_unit_pulse_strict,unit_pulse_no_time,strict,041000080601,041000080601,0,True,
v01b_unit_pulse_strict,unit_pulse_no_time,strict,041000080601,041000080602,1,True,
v01b_unit_pulse_strict,unit_pulse_no_time,strict,041000080601,041000080605,2,True,
v01b_unit_pulse_strict,unit_pulse_no_time,strict,041000080601,041000070905,3,True,
v01b_unit_pulse_strict,unit_pulse_no_time,strict,041000080601,041000070907,4,True,
v01b_unit_pulse_strict,unit_pulse_no_time,strict,041000080601,041000071005,5,True,
v01b_unit_pulse_strict,unit_pulse_no_time,strict,041000080601,041000071209,6,True,
v01b_unit_pulse_strict,unit_pulse_no_time,strict,041000080601,041000090201,7,True,
v01b_unit_pulse_strict,unit_pulse_no_time,strict,041000080601,041000090203,8,True,
v01b_unit_pulse_strict,unit_pulse_no_time,strict,041000080601,041000090206,9,True,
v01b_unit_pulse_strict,unit_pulse_no_time,strict,041000080601,041000090207,10,True,
v01b_unit_pulse_strict,unit_pulse_no_time,strict,041000080601,041000090403,11,True,
v01b_unit_pulse_strict,unit_pulse_no_time,strict,041000080601,041000090510,12,True,
v01b_unit_pulse_strict,unit_pulse_no_time,strict,041000080601,041000090602,13,True,
v01b_unit_pulse_strict,unit_pulse_no_time,strict,041000080601,041000090603,14,True,
v01b_unit_pulse_strict,unit_pulse_no_time,strict,041000080601,041000090903,15,True,
v01b_unit_pulse_strict,unit_pulse_no_time,strict,041000080601,041000090904,16,True,
v01b_unit_pulse_strict,unit_pulse_no_time,strict,041000080602,041000080602,0,True,
v01b_unit_pulse_strict,unit_pulse_no_time,strict,041000080602,041000080605,1,True,
v01b_unit_pulse_strict,unit_pulse_no_time,strict,041000080602,041000070905,2,True,
v01b_unit_pulse_strict,unit_pulse_no_time,strict,041000080602,041000070907,3,True,
v01b_unit_pulse_strict,unit_pulse_no_time,strict,041000080602,041000071005,4,True,
v01b_unit_pulse_strict,unit_pulse_no_time,strict,041000080602,041000071209,5,True,
v01b_unit_pulse_strict,unit_pulse_no_time,strict,041000080602,041000090201,6,True,
v01b_unit_pulse_strict,unit_pulse_no_time,strict,041000080602,041000090203,7,True,
v01b_unit_pulse_strict,unit_pulse_no_time,strict,041000080602,041000090206,8,True,
v01b_unit_pulse_strict,unit_pulse_no_time,strict,041000080602,041000090207,9,True,
v01b_unit_pulse_strict,unit_pulse_no_time,strict,041000080602,041000090403,10,True,
v01b_unit_pulse_strict,unit_pulse_no_time,strict,041000080602,041000090510,11,True,
v01b_unit_pulse_strict,unit_pulse_no_time,strict,041000080602,041000090602,12,True,
v01b_unit_pulse_strict,unit_pulse_no_time,strict,041000080602,041000090603,13,True,
v01b_unit_pulse_strict,unit_pulse_no_time,strict,041000080602,041000090903,14,True,
v01b_unit_pulse_strict,unit_pulse_no_time,strict,041000080602,041000090904,15,True,
v01b_unit_pulse_strict,unit_pulse_no_time,strict,041000080603,041000080603,0,True,
v01b_unit_pulse_strict,unit_pulse_no_time,strict,041000080603,041000080605,1,True,
v01b_unit_pulse_strict,unit_pulse_no_time,strict,041000080603,041000070905,2,True,
v01b_unit_pulse_strict,unit_pulse_no_time,strict,041000080603,041000070907,3,True,
v01b_unit_pulse_strict,unit_pulse_no_time,strict,041000080603,041000071005,4,True,
v01b_unit_pulse_strict,unit_pulse_no_time,strict,041000080603,041000071209,5,True,
v01b_unit_pulse_strict,unit_pulse_no_time,strict,041000080603,041000090201,6,True,
v01b_unit_pulse_strict,unit_pulse_no_time,strict,041000080603,041000090203,7,True,
v01b_unit_pulse_strict,unit_pulse_no_time,strict,041000080603,041000090206,8,True,
v01b_unit_pulse_strict,unit_pulse_no_time,strict,041000080603,041000090207,9,True,
v01b_unit_pulse_strict,unit_pulse_no_time,strict,041000080603,041000090403,10,True,
v01b_unit_pulse_strict,unit_pulse_no_time,strict,041000080603,041000090510,11,True,
v01b_unit_pulse_strict,unit_pulse_no_time,strict,041000080603,041000090602,12,True,
v01b_unit_pulse_strict,unit_pulse_no_time,strict,041000080603,041000090603,13,True,
v01b_unit_pulse_strict,unit_pulse_no_time,strict,041000080603,041000090903,14,True,
v01b_unit_pulse_strict,unit_pulse_no_time,strict,041000080603,041000090904,15,True,
v01b_unit_pulse_strict,unit_pulse_no_time,strict,041000080604,041000080604,0,True,
v01b_unit_pulse_strict,unit_pulse_no_time,strict,041000080604,041000080605,1,True,
v01b_unit_pulse_strict,unit_pulse_no_time,strict,041000080604,041000070905,2,True,
v01b_unit_pulse_strict,unit_pulse_no_time,strict,041000080604,041000070907,3,True,
v01b_unit_pulse_strict,unit_pulse_no_time,strict,041000080604,041000071005,4,True,
v01b_unit_pulse_strict,unit_pulse_no_time,strict,041000080604,041000071209,5,True,
v01b_unit_pulse_strict,unit_pulse_no_time,strict,041000080604,041000090201,6,True,
v01b_unit_pulse_strict,unit_pulse_no_time,strict,041000080604,041000090203,7,True,
v01b_unit_pulse_strict,unit_pulse_no_time,strict,041000080604,041000090206,8,True,
v01b_unit_pulse_strict,unit_pulse_no_time,strict,041000080604,041000090207,9,True,
v01b_unit_pulse_strict,unit_pulse_no_time,strict,041000080604,041000090403,10,True,
v01b_unit_pulse_strict,unit_pulse_no_time,strict,041000080604,041000090510,11,True,
v01b_unit_pulse_strict,unit_pulse_no_time,strict,041000080604,041000090602,12,True,
v01b_unit_pulse_strict,unit_pulse_no_time,strict,041000080604,041000090603,13,True,
v01b_unit_pulse_strict,unit_pulse_no_time,strict,041000080604,041000090903,14,True,
v01b_unit_pulse_strict,unit_pulse_no_time,strict,041000080604,041000090904,15,True,
v01b_unit_pulse_strict,unit_pulse_no_time,strict,041000080605,041000080605,0,True,
v01b_unit_pulse_strict,unit_pulse_no_time,strict,041000080605,041000070905,1,True,
v01b_unit_pulse_strict,unit_pulse_no_time,strict,041000080605,041000070907,2,True,
v01b_unit_pulse_strict,unit_pulse_no_time,strict,041000080605,041000071005,3,True,
v01b_unit_pulse_strict,unit_pulse_no_time,strict,041000080605,041000071209,4,True,
v01b_unit_pulse_strict,unit_pulse_no_time,strict,041000080605,041000090201,5,True,
v01b_unit_pulse_strict,unit_pulse_no_time,strict,041000080605,041000090203,6,True,
v01b_unit_pulse_strict,unit_pulse_no_time,strict,041000080605,041000090206,7,True,
v01b_unit_pulse_strict,unit_pulse_no_time,strict,041000080605,041000090207,8,True,
v01b_unit_pulse_strict,unit_pulse_no_time,strict,041000080605,041000090403,9,True,
v01b_unit_pulse_strict,unit_pulse_no_time,strict,041000080605,041000090510,10,True,
v01b_unit_pulse_strict,unit_pulse_no_time,strict,041000080605,041000090602,11,True,
v01b_unit_pulse_strict,unit_pulse_no_time,strict,041000080605,041000090603,12,True,
v01b_unit_pulse_strict,unit_pulse_no_time,strict,041000080605,041000090903,13,True,
v01b_unit_pulse_strict,unit_pulse_no_time,strict,041000080605,041000090904,14,True,
v01b_unit_pulse_strict,unit_pulse_no_time,strict,041000090101,041000090101,0,True,
v01b_unit_pulse_strict,unit_pulse_no_time,strict,041000090101,041000090102,1,True,
v01b_unit_pulse_strict,unit_pulse_no_time,strict,041000090101,041000090104,2,True,
v01b_unit_pulse_strict,unit_pulse_no_time,strict,041000090101,041000090106,3,True,
v01b_unit_pulse_strict,unit_pulse_no_time,strict,041000090101,041000090207,4,True,
v01b_unit_pulse_strict,unit_pulse_no_time,strict,041000090101,041000090403,5,True,
v01b_unit_pulse_strict,unit_pulse_no_time,strict,041000090101,041000090510,6,True,
v01b_unit_pulse_strict,unit_pulse_no_time,strict,041000090101,041000090602,7,True,
v01b_unit_pulse_strict,unit_pulse_no_time,strict,041000090101,041000090603,8,True,
v01b_unit_pulse_strict,unit_pulse_no_time,strict,041000090101,041000090903,9,True,
v01b_unit_pulse_strict,unit_pulse_no_time,strict,041000090101,041000090904,10,True,
v01b_unit_pulse_strict,unit_pulse_no_time,strict,041000090102,041000090102,0,True,
v01b_unit_pulse_strict,unit_pulse_no_time,strict,041000090102,041000090104,1,True,
v01b_unit_pulse_strict,unit_pulse_no_time,strict,041000090102,041000090106,2,True,
v01b_unit_pulse_strict,unit_pulse_no_time,strict,041000090102,041000090207,3,True,
v01b_unit_pulse_strict,unit_pulse_no_time,strict,041000090102,041000090403,4,True,
v01b_unit_pulse_strict,unit_pulse_no_time,strict,041000090102,041000090510,5,True,
v01b_unit_pulse_strict,unit_pulse_no_time,strict,041000090102,041000090602,6,True,
v01b_unit_pulse_strict,unit_pulse_no_time,strict,041000090102,041000090603,7,True,
v01b_unit_pulse_strict,unit_pulse_no_time,strict,041000090102,041000090903,8,True,
v01b_unit_pulse_strict,unit_pulse_no_time,strict,041000090102,041000090904,9,True,
v01b_unit_pulse_strict,unit_pulse_no_time,strict,041000090103,041000090103,0,True,
v01b_unit_pulse_strict,unit_pulse_no_time,strict,041000090103,041000090104,1,True,
v01b_unit_pulse_strict,unit_pulse_no_time,strict,041000090103,041000090106,2,True,
v01b_unit_pulse_strict,unit_pulse_no_time,strict,041000090103,041000090207,3,True,
v01b_unit_pulse_strict,unit_pulse_no_time,strict,041000090103,041000090403,4,True,
v01b_unit_pulse_strict,unit_pulse_no_time,strict,041000090103,041000090510,5,True,
v01b_unit_pulse_strict,unit_pulse_no_time,strict,041000090103,041000090602,6,True,
v01b_unit_pulse_strict,unit_pulse_no_time,strict,041000090103,041000090603,7,True,
v01b_unit_pulse_strict,unit_pulse_no_time,strict,041000090103,041000090903,8,True,
v01b_unit_pulse_strict,unit_pulse_no_time,strict,041000090103,041000090904,9,True,
v01b_unit_pulse_strict,unit_pulse_no_time,strict,041000090104,041000090104,0,True,
v01b_unit_pulse_strict,unit_pulse_no_time,strict,041000090104,041000090106,1,True,
v01b_unit_pulse_strict,unit_pulse_no_time,strict,041000090104,041000090207,2,True,
v01b_unit_pulse_strict,unit_pulse_no_time,strict,041000090104,041000090403,3,True,
v01b_unit_pulse_strict,unit_pulse_no_time,strict,041000090104,041000090510,4,True,
v01b_unit_pulse_strict,unit_pulse_no_time,strict,041000090104,041000090602,5,True,
v01b_unit_pulse_strict,unit_pulse_no_time,strict,041000090104,041000090603,6,True,
v01b_unit_pulse_strict,unit_pulse_no_time,strict,041000090104,041000090903,7,True,
v01b_unit_pulse_strict,unit_pulse_no_time,strict,041000090104,041000090904,8,True,
v01b_unit_pulse_strict,unit_pulse_no_time,strict,041000090105,041000090105,0,True,
v01b_unit_pulse_strict,unit_pulse_no_time,strict,041000090105,041000090106,1,True,
v01b_unit_pulse_strict,unit_pulse_no_time,strict,041000090105,041000090207,2,True,
v01b_unit_pulse_strict,unit_pulse_no_time,strict,041000090105,041000090403,3,True,
v01b_unit_pulse_strict,unit_pulse_no_time,strict,041000090105,041000090510,4,True,
v01b_unit_pulse_strict,unit_pulse_no_time,strict,041000090105,041000090602,5,True,
v01b_unit_pulse_strict,unit_pulse_no_time,strict,041000090105,041000090603,6,True,
v01b_unit_pulse_strict,unit_pulse_no_time,strict,041000090105,041000090903,7,True,
v01b_unit_pulse_strict,unit_pulse_no_time,strict,041000090105,041000090904,8,True,
v01b_unit_pulse_strict,unit_pulse_no_time,strict,041000090106,041000090106,0,True,
v01b_unit_pulse_strict,unit_pulse_no_time,strict,041000090106,041000090207,1,True,
v01b_unit_pulse_strict,unit_pulse_no_time,strict,041000090106,041000090403,2,True,
v01b_unit_pulse_strict,unit_pulse_no_time,strict,041000090106,041000090510,3,True,
v01b_unit_pulse_strict,unit_pulse_no_time,strict,041000090106,041000090602,4,True,
v01b_unit_pulse_strict,unit_pulse_no_time,strict,041000090106,041000090603,5,True,
v01b_unit_pulse_strict,unit_pulse_no_time,strict,041000090106,041000090903,6,True,
v01b_unit_pulse_strict,unit_pulse_no_time,strict,041000090106,041000090904,7,True,
v01b_unit_pulse_strict,unit_pulse_no_time,strict,041000090201,041000090201,0,True,
v01b_unit_pulse_strict,unit_pulse_no_time,strict,041000090201,041000090203,1,True,
v01b_unit_pulse_strict,unit_pulse_no_time,strict,041000090201,041000090206,2,True,
v01b_unit_pulse_strict,unit_pulse_no_time,strict,041000090201,041000090207,3,True,
v01b_unit_pulse_strict,unit_pulse_no_time,strict,041000090201,041000090403,4,True,
v01b_unit_pulse_strict,unit_pulse_no_time,strict,041000090201,041000090510,5,True,
v01b_unit_pulse_strict,unit_pulse_no_time,strict,041000090201,041000090602,6,True,
v01b_unit_pulse_strict,unit_pulse_no_time,strict,041000090201,041000090603,7,True,
v01b_unit_pulse_strict,unit_pulse_no_time,strict,041000090201,041000090903,8,True,
v01b_unit_pulse_strict,unit_pulse_no_time,strict,041000090201,041000090904,9,True,
v01b_unit_pulse_strict,unit_pulse_no_time,strict,041000090202,041000090202,0,True,
v01b_unit_pulse_strict,unit_pulse_no_time,strict,041000090202,041000090203,1,True,
v01b_unit_pulse_strict,unit_pulse_no_time,strict,041000090202,041000090206,2,True,
v01b_unit_pulse_strict,unit_pulse_no_time,strict,041000090202,041000090207,3,True,
v01b_unit_pulse_strict,unit_pulse_no_time,strict,041000090202,041000090403,4,True,
v01b_unit_pulse_strict,unit_pulse_no_time,strict,041000090202,041000090510,5,True,
v01b_unit_pulse_strict,unit_pulse_no_time,strict,041000090202,041000090602,6,True,
v01b_unit_pulse_strict,unit_pulse_no_time,strict,041000090202,041000090603,7,True,
v01b_unit_pulse_strict,unit_pulse_no_time,strict,041000090202,041000090903,8,True,
v01b_unit_pulse_strict,unit_pulse_no_time,strict,041000090202,041000090904,9,True,
v01b_unit_pulse_strict,unit_pulse_no_time,strict,041000090203,041000090203,0,True,
v01b_unit_pulse_strict,unit_pulse_no_time,strict,041000090203,041000090206,1,True,
v01b_unit_pulse_strict,unit_pulse_no_time,strict,041000090203,041000090207,2,True,
v01b_unit_pulse_strict,unit_pulse_no_time,strict,041000090203,041000090403,3,True,
v01b_unit_pulse_strict,unit_pulse_no_time,strict,041000090203,041000090510,4,True,
v01b_unit_pulse_strict,unit_pulse_no_time,strict,041000090203,041000090602,5,True,
v01b_unit_pulse_strict,unit_pulse_no_time,strict,041000090203,041000090603,6,True,
v01b_unit_pulse_strict,unit_pulse_no_time,strict,041000090203,041000090903,7,True,
v01b_unit_pulse_strict,unit_pulse_no_time,strict,041000090203,041000090904,8,True,
v01b_unit_pulse_strict,unit_pulse_no_time,strict,041000090204,041000090204,0,True,
v01b_unit_pulse_strict,unit_pulse_no_time,strict,041000090204,041000090206,1,True,
v01b_unit_pulse_strict,unit_pulse_no_time,strict,041000090204,041000090207,2,True,
v01b_unit_pulse_strict,unit_pulse_no_time,strict,041000090204,041000090403,3,True,
v01b_unit_pulse_strict,unit_pulse_no_time,strict,041000090204,041000090510,4,True,
v01b_unit_pulse_strict,unit_pulse_no_time,strict,041000090204,041000090602,5,True,
v01b_unit_pulse_strict,unit_pulse_no_time,strict,041000090204,041000090603,6,True,
v01b_unit_pulse_strict,unit_pulse_no_time,strict,041000090204,041000090903,7,True,
v01b_unit_pulse_strict,unit_pulse_no_time,strict,041000090204,041000090904,8,True,
v01b_unit_pulse_strict,unit_pulse_no_time,strict,041000090205,041000090205,0,True,
v01b_unit_pulse_strict,unit_pulse_no_time,strict,041000090205,041000090206,1,True,
v01b_unit_pulse_strict,unit_pulse_no_time,strict,041000090205,041000090207,2,True,
v01b_unit_pulse_strict,unit_pulse_no_time,strict,041000090205,041000090403,3,True,
v01b_unit_pulse_strict,unit_pulse_no_time,strict,041000090205,041000090510,4,True,
v01b_unit_pulse_strict,unit_pulse_no_time,strict,041000090205,041000090602,5,True,
v01b_unit_pulse_strict,unit_pulse_no_time,strict,041000090205,041000090603,6,True,
v01b_unit_pulse_strict,unit_pulse_no_time,strict,041000090205,041000090903,7,True,
v01b_unit_pulse_strict,unit_pulse_no_time,strict,041000090205,041000090904,8,True,
v01b_unit_pulse_strict,unit_pulse_no_time,strict,041000090206,041000090206,0,True,
v01b_unit_pulse_strict,unit_pulse_no_time,strict,041000090206,041000090207,1,True,
v01b_unit_pulse_strict,unit_pulse_no_time,strict,041000090206,041000090403,2,True,
v01b_unit_pulse_strict,unit_pulse_no_time,strict,041000090206,041000090510,3,True,
v01b_unit_pulse_strict,unit_pulse_no_time,strict,041000090206,041000090602,4,True,
v01b_unit_pulse_strict,unit_pulse_no_time,strict,041000090206,041000090603,5,True,
v01b_unit_pulse_strict,unit_pulse_no_time,strict,041000090206,041000090903,6,True,
v01b_unit_pulse_strict,unit_pulse_no_time,strict,041000090206,041000090904,7,True,
v01b_unit_pulse_strict,unit_pulse_no_time,strict,041000090207,041000090207,0,True,
v01b_unit_pulse_strict,unit_pulse_no_time,strict,041000090207,041000090403,1,True,
v01b_unit_pulse_strict,unit_pulse_no_time,strict,041000090207,041000090510,2,True,
v01b_unit_pulse_strict,unit_pulse_no_time,strict,041000090207,041000090602,3,True,
v01b_unit_pulse_strict,unit_pulse_no_time,strict,041000090207,041000090603,4,True,
v01b_unit_pulse_strict,unit_pulse_no_time,strict,041000090207,041000090903,5,True,
v01b_unit_pulse_strict,unit_pulse_no_time,strict,041000090207,041000090904,6,True,
v01b_unit_pulse_strict,unit_pulse_no_time,strict,041000090301,041000090301,0,True,
v01b_unit_pulse_strict,unit_pulse_no_time,strict,041000090301,041000090302,1,True,
v01b_unit_pulse_strict,unit_pulse_no_time,strict,041000090301,041000090403,2,True,
v01b_unit_pulse_strict,unit_pulse_no_time,strict,041000090301,041000090510,3,True,
v01b_unit_pulse_strict,unit_pulse_no_time,strict,041000090301,041000090602,4,True,
v01b_unit_pulse_strict,unit_pulse_no_time,strict,041000090301,041000090603,5,True,
v01b_unit_pulse_strict,unit_pulse_no_time,strict,041000090301,041000090903,6,True,
v01b_unit_pulse_strict,unit_pulse_no_time,strict,041000090301,041000090904,7,True,
v01b_unit_pulse_strict,unit_pulse_no_time,strict,041000090302,041000090302,0,True,
v01b_unit_pulse_strict,unit_pulse_no_time,strict,041000090302,041000090403,1,True,
v01b_unit_pulse_strict,unit_pulse_no_time,strict,041000090302,041000090510,2,True,
v01b_unit_pulse_strict,unit_pulse_no_time,strict,041000090302,041000090602,3,True,
v01b_unit_pulse_strict,unit_pulse_no_time,strict,041000090302,041000090603,4,True,
v01b_unit_pulse_strict,unit_pulse_no_time,strict,041000090302,041000090903,5,True,
v01b_unit_pulse_strict,unit_pulse_no_time,strict,041000090302,041000090904,6,True,
v01b_unit_pulse_strict,unit_pulse_no_time,strict,041000090401,041000090401,0,True,
v01b_unit_pulse_strict,unit_pulse_no_time,strict,041000090401,041000090402,1,True,
v01b_unit_pulse_strict,unit_pulse_no_time,strict,041000090401,041000090403,2,False,041000090402
v01b_unit_pulse_strict,unit_pulse_no_time,strict,041000090401,041000090510,3,False,041000090402
v01b_unit_pulse_strict,unit_pulse_no_time,strict,041000090401,041000090602,4,False,041000090402
v01b_unit_pulse_strict,unit_pulse_no_time,strict,041000090401,041000090603,5,False,041000090402
v01b_unit_pulse_strict,unit_pulse_no_time,strict,041000090401,041000090903,6,False,041000090402
v01b_unit_pulse_strict,unit_pulse_no_time,strict,041000090401,041000090904,7,False,041000090402
v01b_unit_pulse_strict,unit_pulse_no_time,strict,041000090402,041000090402,0,True,
v01b_unit_pulse_strict,unit_pulse_no_time,strict,041000090402,041000090403,1,False,041000090402
v01b_unit_pulse_strict,unit_pulse_no_time,strict,041000090402,041000090510,2,False,041000090402
v01b_unit_pulse_strict,unit_pulse_no_time,strict,041000090402,041000090602,3,False,041000090402
v01b_unit_pulse_strict,unit_pulse_no_time,strict,041000090402,041000090603,4,False,041000090402
v01b_unit_pulse_strict,unit_pulse_no_time,strict,041000090402,041000090903,5,False,041000090402
v01b_unit_pulse_strict,unit_pulse_no_time,strict,041000090402,041000090904,6,False,041000090402
v01b_unit_pulse_strict,unit_pulse_no_time,strict,041000090403,041000090403,0,True,
v01b_unit_pulse_strict,unit_pulse_no_time,strict,041000090403,041000090510,1,True,
v01b_unit_pulse_strict,unit_pulse_no_time,strict,041000090403,041000090602,2,True,
v01b_unit_pulse_strict,unit_pulse_no_time,strict,041000090403,041000090603,3,True,
v01b_unit_pulse_strict,unit_pulse_no_time,strict,041000090403,041000090903,4,True,
v01b_unit_pulse_strict,unit_pulse_no_time,strict,041000090403,041000090904,5,True,
v01b_unit_pulse_strict,unit_pulse_no_time,strict,041000090501,041000090501,0,True,
v01b_unit_pulse_strict,unit_pulse_no_time,strict,041000090501,041000090510,1,True,
v01b_unit_pulse_strict,unit_pulse_no_time,strict,041000090501,041000090602,2,True,
v01b_unit_pulse_strict,unit_pulse_no_time,strict,041000090501,041000090603,3,True,
v01b_unit_pulse_strict,unit_pulse_no_time,strict,041000090501,041000090903,4,True,
v01b_unit_pulse_strict,unit_pulse_no_time,strict,041000090501,041000090904,5,True,
v01b_unit_pulse_strict,unit_pulse_no_time,strict,041000090502,041000090502,0,True,
v01b_unit_pulse_strict,unit_pulse_no_time,strict,041000090502,041000090503,1,True,
v01b_unit_pulse_strict,unit_pulse_no_time,strict,041000090502,041000090508,2,True,
v01b_unit_pulse_strict,unit_pulse_no_time,strict,041000090502,041000090509,3,True,
v01b_unit_pulse_strict,unit_pulse_no_time,strict,041000090502,041000090510,4,True,
v01b_unit_pulse_strict,unit_pulse_no_time,strict,041000090502,041000090602,5,True,
v01b_unit_pulse_strict,unit_pulse_no_time,strict,041000090502,041000090603,6,True,
v01b_unit_pulse_strict,unit_pulse_no_time,strict,041000090502,041000090903,7,True,
v01b_unit_pulse_strict,unit_pulse_no_time,strict,041000090502,041000090904,8,True,
v01b_unit_pulse_strict,unit_pulse_no_time,strict,041000090503,041000090503,0,True,
v01b_unit_pulse_strict,unit_pulse_no_time,strict,041000090503,041000090508,1,True,
v01b_unit_pulse_strict,unit_pulse_no_time,strict,041000090503,041000090509,2,True,
v01b_unit_pulse_strict,unit_pulse_no_time,strict,041000090503,041000090510,3,True,
v01b_unit_pulse_strict,unit_pulse_no_time,strict,041000090503,041000090602,4,True,
v01b_unit_pulse_strict,unit_pulse_no_time,strict,041000090503,041000090603,5,True,
v01b_unit_pulse_strict,unit_pulse_no_time,strict,041000090503,041000090903,6,True,
v01b_unit_pulse_strict,unit_pulse_no_time,strict,041000090503,041000090904,7,True,
v01b_unit_pulse_strict,unit_pulse_no_time,strict,041000090504,041000090504,0,True,
v01b_unit_pulse_strict,unit_pulse_no_time,strict,041000090504,041000090506,1,True,
v01b_unit_pulse_strict,unit_pulse_no_time,strict,041000090504,041000090507,2,True,
v01b_unit_pulse_strict,unit_pulse_no_time,strict,041000090504,041000090508,3,True,
v01b_unit_pulse_strict,unit_pulse_no_time,strict,041000090504,041000090509,4,True,
v01b_unit_pulse_strict,unit_pulse_no_time,strict,041000090504,041000090510,5,True,
v01b_unit_pulse_strict,unit_pulse_no_time,strict,041000090504,041000090602,6,True,
v01b_unit_pulse_strict,unit_pulse_no_time,strict,041000090504,041000090603,7,True,
v01b_unit_pulse_strict,unit_pulse_no_time,strict,041000090504,041000090903,8,True,
v01b_unit_pulse_strict,unit_pulse_no_time,strict,041000090504,041000090904,9,True,
v01b_unit_pulse_strict,unit_pulse_no_time,strict,041000090505,041000090505,0,True,
v01b_unit_pulse_strict,unit_pulse_no_time,strict,041000090505,041000090506,1,True,
v01b_unit_pulse_strict,unit_pulse_no_time,strict,041000090505,041000090507,2,True,
v01b_unit_pulse_strict,unit_pulse_no_time,strict,041000090505,041000090508,3,True,
v01b_unit_pulse_strict,unit_pulse_no_time,strict,041000090505,041000090509,4,True,
v01b_unit_pulse_strict,unit_pulse_no_time,strict,041000090505,041000090510,5,True,
v01b_unit_pulse_strict,unit_pulse_no_time,strict,041000090505,041000090602,6,True,
v01b_unit_pulse_strict,unit_pulse_no_time,strict,041000090505,041000090603,7,True,
v01b_unit_pulse_strict,unit_pulse_no_time,strict,041000090505,041000090903,8,True,
v01b_unit_pulse_strict,unit_pulse_no_time,strict,041000090505,041000090904,9,True,
v01b_unit_pulse_strict,unit_pulse_no_time,strict,041000090506,041000090506,0,True,
v01b_unit_pulse_strict,unit_pulse_no_time,strict,041000090506,041000090507,1,True,
v01b_unit_pulse_strict,unit_pulse_no_time,strict,041000090506,041000090508,2,True,
v01b_unit_pulse_strict,unit_pulse_no_time,strict,041000090506,041000090509,3,True,
v01b_unit_pulse_strict,unit_pulse_no_time,strict,041000090506,041000090510,4,True,
v01b_unit_pulse_strict,unit_pulse_no_time,strict,041000090506,041000090602,5,True,
v01b_unit_pulse_strict,unit_pulse_no_time,strict,041000090506,041000090603,6,True,
v01b_unit_pulse_strict,unit_pulse_no_time,strict,041000090506,041000090903,7,True,
v01b_unit_pulse_strict,unit_pulse_no_time,strict,041000090506,041000090904,8,True,
v01b_unit_pulse_strict,unit_pulse_no_time,strict,041000090507,041000090507,0,True,
v01b_unit_pulse_strict,unit_pulse_no_time,strict,041000090507,041000090508,1,True,
v01b_unit_pulse_strict,unit_pulse_no_time,strict,041000090507,041000090509,2,True,
v01b_unit_pulse_strict,unit_pulse_no_time,strict,041000090507,041000090510,3,True,
v01b_unit_pulse_strict,unit_pulse_no_time,strict,041000090507,041000090602,4,True,
v01b_unit_pulse_strict,unit_pulse_no_time,strict,041000090507,041000090603,5,True,
v01b_unit_pulse_strict,unit_pulse_no_time,strict,041000090507,041000090903,6,True,
v01b_unit_pulse_strict,unit_pulse_no_time,strict,041000090507,041000090904,7,True,
v01b_unit_pulse_strict,unit_pulse_no_time,strict,041000090508,041000090508,0,True,
v01b_unit_pulse_strict,unit_pulse_no_time,strict,041000090508,041000090509,1,True,
v01b_unit_pulse_strict,unit_pulse_no_time,strict,041000090508,041000090510,2,True,
v01b_unit_pulse_strict,unit_pulse_no_time,strict,041000090508,041000090602,3,True,
v01b_unit_pulse_strict,unit_pulse_no_time,strict,041000090508,041000090603,4,True,
v01b_unit_pulse_strict,unit_pulse_no_time,strict,041000090508,041000090903,5,True,
v01b_unit_pulse_strict,unit_pulse_no_time,strict,041000090508,041000090904,6,True,
v01b_unit_pulse_strict,unit_pulse_no_time,strict,041000090509,041000090509,0,True,
v01b_unit_pulse_strict,unit_pulse_no_time,strict,041000090509,041000090510,1,True,
v01b_unit_pulse_strict,unit_pulse_no_time,strict,041000090509,041000090602,2,True,
v01b_unit_pulse_strict,unit_pulse_no_time,strict,041000090509,041000090603,3,True,
v01b_unit_pulse_strict,unit_pulse_no_time,strict,041000090509,041000090903,4,True,
v01b_unit_pulse_strict,unit_pulse_no_time,strict,041000090509,041000090904,5,True,
v01b_unit_pulse_strict,unit_pulse_no_time,strict,041000090510,041000090510,0,True,
v01b_unit_pulse_strict,unit_pulse_no_time,strict,041000090510,041000090602,1,True,
v01b_unit_pulse_strict,unit_pulse_no_time,strict,041000090510,041000090603,2,True,
v01b_unit_pulse_strict,unit_pulse_no_time,strict,041000090510,041000090903,3,True,
v01b_unit_pulse_strict,unit_pulse_no_time,strict,041000090510,041000090904,4,True,
v01b_unit_pulse_strict,unit_pulse_no_time,strict,041000090601,041000090601,0,True,
v01b_unit_pulse_strict,unit_pulse_no_time,strict,041000090601,041000090602,1,True,
v01b_unit_pulse_strict,unit_pulse_no_time,strict,041000090601,041000090603,2,True,
v01b_unit_pulse_strict,unit_pulse_no_time,strict,041000090601,041000090903,3,True,
v01b_unit_pulse_strict,unit_pulse_no_time,strict,041000090601,041000090904,4,True,
v01b_unit_pulse_strict,unit_pulse_no_time,strict,041000090602,041000090602,0,True,
v01b_unit_pulse_strict,unit_pulse_no_time,strict,041000090602,041000090603,1,True,
v01b_unit_pulse_strict,unit_pulse_no_time,strict,041000090602,041000090903,2,True,
v01b_unit_pulse_strict,unit_pulse_no_time,strict,041000090602,041000090904,3,True,
v01b_unit_pulse_strict,unit_pulse_no_time,strict,041000090603,041000090603,0,True,
v01b_unit_pulse_strict,unit_pulse_no_time,strict,041000090603,041000090903,1,True,
v01b_unit_pulse_strict,unit_pulse_no_time,strict,041000090603,041000090904,2,True,
v01b_unit_pulse_strict,unit_pulse_no_time,strict,041000090701,041000090701,0,True,
v01b_unit_pulse_strict,unit_pulse_no_time,strict,041000090701,041000090702,1,True,
v01b_unit_pulse_strict,unit_pulse_no_time,strict,041000090701,041000090703,2,True,
v01b_unit_pulse_strict,unit_pulse_no_time,strict,041000090701,041000090804,3,True,
v01b_unit_pulse_strict,unit_pulse_no_time,strict,041000090701,041000090904,4,True,
v01b_unit_pulse_strict,unit_pulse_no_time,strict,041000090702,041000090702,0,True,
v01b_unit_pulse_strict,unit_pulse_no_time,strict,041000090702,041000090703,1,True,
v01b_unit_pulse_strict,unit_pulse_no_time,strict,041000090702,041000090804,2,True,
v01b_unit_pulse_strict,unit_pulse_no_time,strict,041000090702,041000090904,3,True,
v01b_unit_pulse_strict,unit_pulse_no_time,strict,041000090703,041000090703,0,True,
v01b_unit_pulse_strict,unit_pulse_no_time,strict,041000090703,041000090804,1,True,
v01b_unit_pulse_strict,unit_pulse_no_time,strict,041000090703,041000090904,2,True,
v01b_unit_pulse_strict,unit_pulse_no_time,strict,041000090801,041000090801,0,True,
v01b_unit_pulse_strict,unit_pulse_no_time,strict,041000090801,041000090802,1,True,
v01b_unit_pulse_strict,unit_pulse_no_time,strict,041000090801,041000090804,2,True,
v01b_unit_pulse_strict,unit_pulse_no_time,strict,041000090801,041000090904,3,True,
v01b_unit_pulse_strict,unit_pulse_no_time,strict,041000090802,041000090802,0,True,
v01b_unit_pulse_strict,unit_pulse_no_time,strict,041000090802,041000090804,1,True,
v01b_unit_pulse_strict,unit_pulse_no_time,strict,041000090802,041000090904,2,True,
v01b_unit_pulse_strict,unit_pulse_no_time,strict,041000090803,041000090803,0,True,
v01b_unit_pulse_strict,unit_pulse_no_time,strict,041000090803,041000090804,1,True,
v01b_unit_pulse_strict,unit_pulse_no_time,strict,041000090803,041000090904,2,True,
v01b_unit_pulse_strict,unit_pulse_no_time,strict,041000090804,041000090804,0,True,
v01b_unit_pulse_strict,unit_pulse_no_time,strict,041000090804,041000090904,1,True,
v01b_unit_pulse_strict,unit_pulse_no_time,strict,041000090901,041000090901,0,True,
v01b_unit_pulse_strict,unit_pulse_no_time,strict,041000090901,041000090903,1,True,
v01b_unit_pulse_strict,unit_pulse_no_time,strict,041000090901,041000090904,2,True,
v01b_unit_pulse_strict,unit_pulse_no_time,strict,041000090902,041000090902,0,True,
v01b_unit_pulse_strict,unit_pulse_no_time,strict,041000090902,041000090903,1,True,
v01b_unit_pulse_strict,unit_pulse_no_time,strict,041000090902,041000090904,2,True,
v01b_unit_pulse_strict,unit_pulse_no_time,strict,041000090903,041000090903,0,True,
v01b_unit_pulse_strict,unit_pulse_no_time,strict,041000090903,041000090904,1,True,
v01b_unit_pulse_strict,unit_pulse_no_time,strict,041000090904,041000090904,0,True,
